2026-04-02 10:32:23,866 | INFO | Starting training pipeline
2026-04-02 10:32:23,866 | INFO | Output directory: runs/l_mnist_pipeline_20260402_103223
2026-04-02 10:32:23,867 | INFO | Config: {'batch_size': 512, 'lr': 0.001, 'epochs_stage1': 100, 'epochs_stage2': 200, 'epochs_lstm': 200, 'n_runs': 5, 'gfr_hidden_dim': 90, 'num_classes': 10, 'bio_units': False, 'base_seed': 1234, 'output_root': 'runs'}
2026-04-02 10:32:23,867 | INFO | CUDA device: cuda
2026-04-02 10:32:23,867 | INFO | Run seeds: [1234, 1235, 1236, 1237, 1238]
2026-04-02 10:32:24,396 | INFO | Stage-1 model trainable params: 12430
2026-04-02 10:32:43,871 | INFO | stage1 | Epoch 001 | train_loss=219.3844 | test_loss=28.2005 | test_acc=0.2705
2026-04-02 10:33:00,902 | INFO | stage1 | Epoch 002 | train_loss=135.4277 | test_loss=19.3741 | test_acc=0.4137
2026-04-02 10:33:16,014 | INFO | stage1 | Epoch 003 | train_loss=103.4659 | test_loss=15.4557 | test_acc=0.4841
2026-04-02 10:33:32,122 | INFO | stage1 | Epoch 004 | train_loss=82.7907 | test_loss=11.8462 | test_acc=0.5130
2026-04-02 10:33:47,736 | INFO | stage1 | Epoch 005 | train_loss=66.3758 | test_loss=9.6811 | test_acc=0.5883
2026-04-02 10:34:02,990 | INFO | stage1 | Epoch 006 | train_loss=53.5772 | test_loss=8.2254 | test_acc=0.6108
2026-04-02 10:34:18,620 | INFO | stage1 | Epoch 007 | train_loss=46.0419 | test_loss=6.8958 | test_acc=0.7147
2026-04-02 10:34:33,947 | INFO | stage1 | Epoch 008 | train_loss=41.4949 | test_loss=6.4344 | test_acc=0.7151
2026-04-02 10:34:49,007 | INFO | stage1 | Epoch 009 | train_loss=38.6879 | test_loss=6.9419 | test_acc=0.7970
2026-04-02 10:35:03,928 | INFO | stage1 | Epoch 010 | train_loss=35.2726 | test_loss=5.4692 | test_acc=0.7395
2026-04-02 10:35:18,858 | INFO | stage1 | Epoch 011 | train_loss=33.7809 | test_loss=7.7888 | test_acc=0.7603
2026-04-02 10:35:33,799 | INFO | stage1 | Epoch 012 | train_loss=33.4301 | test_loss=5.7996 | test_acc=0.7732
2026-04-02 10:35:48,970 | INFO | stage1 | Epoch 013 | train_loss=29.2465 | test_loss=6.1364 | test_acc=0.7520
2026-04-02 10:36:04,013 | INFO | stage1 | Epoch 014 | train_loss=27.6132 | test_loss=4.7809 | test_acc=0.8084
2026-04-02 10:36:19,292 | INFO | stage1 | Epoch 015 | train_loss=27.5771 | test_loss=5.0540 | test_acc=0.7951
2026-04-02 10:36:34,007 | INFO | stage1 | Epoch 016 | train_loss=26.2205 | test_loss=4.1936 | test_acc=0.8428
2026-04-02 10:36:49,118 | INFO | stage1 | Epoch 017 | train_loss=23.8441 | test_loss=4.0160 | test_acc=0.8517
2026-04-02 10:37:03,953 | INFO | stage1 | Epoch 018 | train_loss=23.3095 | test_loss=4.4591 | test_acc=0.8134
2026-04-02 10:37:20,065 | INFO | stage1 | Epoch 019 | train_loss=22.8163 | test_loss=4.6332 | test_acc=0.7854
2026-04-02 10:37:35,973 | INFO | stage1 | Epoch 020 | train_loss=21.8098 | test_loss=3.6261 | test_acc=0.8452
2026-04-02 10:37:52,694 | INFO | stage1 | Epoch 021 | train_loss=20.8202 | test_loss=3.4509 | test_acc=0.8477
2026-04-02 10:38:07,969 | INFO | stage1 | Epoch 022 | train_loss=19.1684 | test_loss=4.1103 | test_acc=0.8829
2026-04-02 10:38:24,140 | INFO | stage1 | Epoch 023 | train_loss=19.8981 | test_loss=3.5075 | test_acc=0.8684
2026-04-02 10:38:39,123 | INFO | stage1 | Epoch 024 | train_loss=18.1955 | test_loss=3.3090 | test_acc=0.8566
2026-04-02 10:38:54,246 | INFO | stage1 | Epoch 025 | train_loss=18.5580 | test_loss=3.2140 | test_acc=0.8748
2026-04-02 10:39:09,066 | INFO | stage1 | Epoch 026 | train_loss=16.6133 | test_loss=2.9945 | test_acc=0.9007
2026-04-02 10:39:24,704 | INFO | stage1 | Epoch 027 | train_loss=16.7631 | test_loss=2.9994 | test_acc=0.8750
2026-04-02 10:39:40,904 | INFO | stage1 | Epoch 028 | train_loss=16.1626 | test_loss=3.4362 | test_acc=0.8899
2026-04-02 10:39:56,522 | INFO | stage1 | Epoch 029 | train_loss=16.2637 | test_loss=3.2276 | test_acc=0.8860
2026-04-02 10:40:12,813 | INFO | stage1 | Epoch 030 | train_loss=15.9694 | test_loss=3.2103 | test_acc=0.8427
2026-04-02 10:40:28,621 | INFO | stage1 | Epoch 031 | train_loss=15.5311 | test_loss=3.2271 | test_acc=0.8719
2026-04-02 10:40:43,680 | INFO | stage1 | Epoch 032 | train_loss=15.2576 | test_loss=3.6226 | test_acc=0.8784
2026-04-02 10:40:58,605 | INFO | stage1 | Epoch 033 | train_loss=14.6534 | test_loss=2.6886 | test_acc=0.8458
2026-04-02 10:41:13,483 | INFO | stage1 | Epoch 034 | train_loss=13.7054 | test_loss=2.8810 | test_acc=0.8710
2026-04-02 10:41:28,507 | INFO | stage1 | Epoch 035 | train_loss=13.3287 | test_loss=2.7451 | test_acc=0.8977
2026-04-02 10:41:43,525 | INFO | stage1 | Epoch 036 | train_loss=13.5292 | test_loss=3.1636 | test_acc=0.8664
2026-04-02 10:41:58,529 | INFO | stage1 | Epoch 037 | train_loss=13.3166 | test_loss=2.4857 | test_acc=0.8956
2026-04-02 10:42:13,472 | INFO | stage1 | Epoch 038 | train_loss=13.1303 | test_loss=2.5576 | test_acc=0.8839
2026-04-02 10:42:29,504 | INFO | stage1 | Epoch 039 | train_loss=12.7833 | test_loss=3.0975 | test_acc=0.8979
2026-04-02 10:42:45,127 | INFO | stage1 | Epoch 040 | train_loss=13.2450 | test_loss=2.5788 | test_acc=0.8815
2026-04-02 10:43:03,238 | INFO | stage1 | Epoch 041 | train_loss=11.9903 | test_loss=2.6882 | test_acc=0.8813
2026-04-02 10:43:20,252 | INFO | stage1 | Epoch 042 | train_loss=12.3436 | test_loss=2.3617 | test_acc=0.9132
2026-04-02 10:43:35,849 | INFO | stage1 | Epoch 043 | train_loss=11.7480 | test_loss=2.3321 | test_acc=0.8793
2026-04-02 10:43:50,905 | INFO | stage1 | Epoch 044 | train_loss=11.5518 | test_loss=2.3683 | test_acc=0.8909
2026-04-02 10:44:07,722 | INFO | stage1 | Epoch 045 | train_loss=11.2345 | test_loss=2.3113 | test_acc=0.8989
2026-04-02 10:44:22,885 | INFO | stage1 | Epoch 046 | train_loss=11.2915 | test_loss=2.4772 | test_acc=0.9004
2026-04-02 10:44:37,795 | INFO | stage1 | Epoch 047 | train_loss=10.5009 | test_loss=2.2289 | test_acc=0.9251
2026-04-02 10:44:53,078 | INFO | stage1 | Epoch 048 | train_loss=10.7969 | test_loss=2.4641 | test_acc=0.8826
2026-04-02 10:45:08,222 | INFO | stage1 | Epoch 049 | train_loss=10.5560 | test_loss=2.3147 | test_acc=0.8935
2026-04-02 10:45:24,148 | INFO | stage1 | Epoch 050 | train_loss=10.3365 | test_loss=2.2465 | test_acc=0.8784
2026-04-02 10:45:39,197 | INFO | stage1 | Epoch 051 | train_loss=10.7907 | test_loss=2.5521 | test_acc=0.8835
2026-04-02 10:45:54,886 | INFO | stage1 | Epoch 052 | train_loss=10.4768 | test_loss=2.5703 | test_acc=0.8987
2026-04-02 10:46:10,664 | INFO | stage1 | Epoch 053 | train_loss=9.7736 | test_loss=2.2825 | test_acc=0.8805
2026-04-02 10:46:25,430 | INFO | stage1 | Epoch 054 | train_loss=10.7622 | test_loss=2.0846 | test_acc=0.9367
2026-04-02 10:46:42,527 | INFO | stage1 | Epoch 055 | train_loss=10.0870 | test_loss=1.9655 | test_acc=0.9276
2026-04-02 10:46:57,787 | INFO | stage1 | Epoch 056 | train_loss=9.9444 | test_loss=2.1002 | test_acc=0.9321
2026-04-02 10:47:14,300 | INFO | stage1 | Epoch 057 | train_loss=9.3889 | test_loss=2.0455 | test_acc=0.9206
2026-04-02 10:47:29,161 | INFO | stage1 | Epoch 058 | train_loss=8.6595 | test_loss=2.0777 | test_acc=0.9260
2026-04-02 10:47:44,032 | INFO | stage1 | Epoch 059 | train_loss=9.7683 | test_loss=2.6337 | test_acc=0.8773
2026-04-02 10:47:58,842 | INFO | stage1 | Epoch 060 | train_loss=9.0471 | test_loss=2.9367 | test_acc=0.8842
2026-04-02 10:48:13,834 | INFO | stage1 | Epoch 061 | train_loss=9.2539 | test_loss=1.9845 | test_acc=0.9062
2026-04-02 10:48:28,791 | INFO | stage1 | Epoch 062 | train_loss=9.0226 | test_loss=2.3012 | test_acc=0.9062
2026-04-02 10:48:43,763 | INFO | stage1 | Epoch 063 | train_loss=9.0172 | test_loss=2.0336 | test_acc=0.9274
2026-04-02 10:48:58,910 | INFO | stage1 | Epoch 064 | train_loss=9.5398 | test_loss=2.0742 | test_acc=0.9207
2026-04-02 10:49:15,415 | INFO | stage1 | Epoch 065 | train_loss=8.0736 | test_loss=2.7638 | test_acc=0.9008
2026-04-02 10:49:31,619 | INFO | stage1 | Epoch 066 | train_loss=7.9869 | test_loss=2.2999 | test_acc=0.9109
2026-04-02 10:49:46,937 | INFO | stage1 | Epoch 067 | train_loss=9.0087 | test_loss=1.9548 | test_acc=0.9318
2026-04-02 10:50:01,969 | INFO | stage1 | Epoch 068 | train_loss=8.1931 | test_loss=1.8639 | test_acc=0.9111
2026-04-02 10:50:17,384 | INFO | stage1 | Epoch 069 | train_loss=8.6916 | test_loss=1.9286 | test_acc=0.9021
2026-04-02 10:50:32,430 | INFO | stage1 | Epoch 070 | train_loss=7.9727 | test_loss=2.3636 | test_acc=0.9135
2026-04-02 10:50:47,222 | INFO | stage1 | Epoch 071 | train_loss=8.4489 | test_loss=2.6340 | test_acc=0.8839
2026-04-02 10:51:01,905 | INFO | stage1 | Epoch 072 | train_loss=7.6615 | test_loss=1.8195 | test_acc=0.9134
2026-04-02 10:51:17,835 | INFO | stage1 | Epoch 073 | train_loss=7.6435 | test_loss=2.3412 | test_acc=0.9241
2026-04-02 10:51:38,244 | INFO | stage1 | Epoch 074 | train_loss=7.6679 | test_loss=2.0287 | test_acc=0.8953
2026-04-02 10:51:55,704 | INFO | stage1 | Epoch 075 | train_loss=7.8211 | test_loss=1.8939 | test_acc=0.9123
2026-04-02 10:52:12,186 | INFO | stage1 | Epoch 076 | train_loss=7.5462 | test_loss=2.0745 | test_acc=0.9314
2026-04-02 10:52:29,187 | INFO | stage1 | Epoch 077 | train_loss=7.4228 | test_loss=2.1843 | test_acc=0.9261
2026-04-02 10:52:46,839 | INFO | stage1 | Epoch 078 | train_loss=7.4864 | test_loss=2.8573 | test_acc=0.8903
2026-04-02 10:53:05,060 | INFO | stage1 | Epoch 079 | train_loss=7.2244 | test_loss=1.9820 | test_acc=0.9384
2026-04-02 10:53:22,302 | INFO | stage1 | Epoch 080 | train_loss=7.2778 | test_loss=2.0467 | test_acc=0.9084
2026-04-02 10:53:42,446 | INFO | stage1 | Epoch 081 | train_loss=7.3993 | test_loss=2.1278 | test_acc=0.9028
2026-04-02 10:53:59,461 | INFO | stage1 | Epoch 082 | train_loss=7.1429 | test_loss=1.9447 | test_acc=0.9346
2026-04-02 10:54:14,679 | INFO | stage1 | Epoch 083 | train_loss=7.3669 | test_loss=2.0504 | test_acc=0.9345
2026-04-02 10:54:29,559 | INFO | stage1 | Epoch 084 | train_loss=7.4138 | test_loss=2.0142 | test_acc=0.9160
2026-04-02 10:54:44,841 | INFO | stage1 | Epoch 085 | train_loss=6.5404 | test_loss=1.8080 | test_acc=0.9156
2026-04-02 10:55:00,518 | INFO | stage1 | Epoch 086 | train_loss=6.7975 | test_loss=1.8356 | test_acc=0.9202
2026-04-02 10:55:15,869 | INFO | stage1 | Epoch 087 | train_loss=7.2381 | test_loss=3.4105 | test_acc=0.8961
2026-04-02 10:55:32,124 | INFO | stage1 | Epoch 088 | train_loss=7.1191 | test_loss=1.9143 | test_acc=0.9114
2026-04-02 10:55:47,525 | INFO | stage1 | Epoch 089 | train_loss=6.7620 | test_loss=1.8355 | test_acc=0.9399
2026-04-02 10:56:02,750 | INFO | stage1 | Epoch 090 | train_loss=6.5601 | test_loss=2.7042 | test_acc=0.9023
2026-04-02 10:56:17,706 | INFO | stage1 | Epoch 091 | train_loss=6.0777 | test_loss=2.2375 | test_acc=0.8812
2026-04-02 10:56:32,561 | INFO | stage1 | Epoch 092 | train_loss=6.4643 | test_loss=1.9408 | test_acc=0.9110
2026-04-02 10:56:47,461 | INFO | stage1 | Epoch 093 | train_loss=6.3079 | test_loss=1.8895 | test_acc=0.9017
2026-04-02 10:57:02,323 | INFO | stage1 | Epoch 094 | train_loss=7.5486 | test_loss=1.9667 | test_acc=0.9222
2026-04-02 10:57:17,289 | INFO | stage1 | Epoch 095 | train_loss=6.2017 | test_loss=2.0634 | test_acc=0.9353
2026-04-02 10:57:32,365 | INFO | stage1 | Epoch 096 | train_loss=6.5605 | test_loss=1.9737 | test_acc=0.9026
2026-04-02 10:57:47,491 | INFO | stage1 | Epoch 097 | train_loss=6.9680 | test_loss=2.0910 | test_acc=0.9256
2026-04-02 10:58:02,500 | INFO | stage1 | Epoch 098 | train_loss=6.7764 | test_loss=1.9206 | test_acc=0.9191
2026-04-02 10:58:17,684 | INFO | stage1 | Epoch 099 | train_loss=6.1469 | test_loss=2.1242 | test_acc=0.9209
2026-04-02 10:58:32,420 | INFO | stage1 | Epoch 100 | train_loss=5.7877 | test_loss=1.9321 | test_acc=0.9393
2026-04-02 10:58:32,426 | INFO | Saved stage-1 checkpoint: runs/l_mnist_pipeline_20260402_103223/gfr_lmnist_stage1_shared.pt
2026-04-02 10:58:32,462 | INFO | Stage-2 trainable params (recurrent-only): 8190
2026-04-02 10:58:46,461 | INFO | stage2_run1 | Epoch 001 | train_loss=235.8914 | test_loss=34.4870 | test_acc=0.4615
2026-04-02 10:59:03,438 | INFO | stage2_run1 | Epoch 002 | train_loss=190.9042 | test_loss=31.0776 | test_acc=0.5482
2026-04-02 10:59:18,384 | INFO | stage2_run1 | Epoch 003 | train_loss=175.0646 | test_loss=28.5188 | test_acc=0.5827
2026-04-02 10:59:32,751 | INFO | stage2_run1 | Epoch 004 | train_loss=163.0526 | test_loss=26.6524 | test_acc=0.6648
2026-04-02 10:59:48,312 | INFO | stage2_run1 | Epoch 005 | train_loss=154.3288 | test_loss=25.3085 | test_acc=0.7251
2026-04-02 11:00:02,769 | INFO | stage2_run1 | Epoch 006 | train_loss=147.5191 | test_loss=24.3722 | test_acc=0.7390
2026-04-02 11:00:17,526 | INFO | stage2_run1 | Epoch 007 | train_loss=142.4712 | test_loss=24.1052 | test_acc=0.7383
2026-04-02 11:00:31,989 | INFO | stage2_run1 | Epoch 008 | train_loss=138.4243 | test_loss=23.3952 | test_acc=0.7792
2026-04-02 11:00:48,170 | INFO | stage2_run1 | Epoch 009 | train_loss=134.7992 | test_loss=22.4225 | test_acc=0.7905
2026-04-02 11:01:05,328 | INFO | stage2_run1 | Epoch 010 | train_loss=132.0169 | test_loss=21.9814 | test_acc=0.7919
2026-04-02 11:01:19,831 | INFO | stage2_run1 | Epoch 011 | train_loss=129.5997 | test_loss=21.6520 | test_acc=0.8060
2026-04-02 11:01:34,208 | INFO | stage2_run1 | Epoch 012 | train_loss=128.8181 | test_loss=21.4515 | test_acc=0.8219
2026-04-02 11:01:48,438 | INFO | stage2_run1 | Epoch 013 | train_loss=126.1700 | test_loss=20.9664 | test_acc=0.8327
2026-04-02 11:02:05,194 | INFO | stage2_run1 | Epoch 014 | train_loss=123.0319 | test_loss=20.5696 | test_acc=0.8592
2026-04-02 11:02:21,031 | INFO | stage2_run1 | Epoch 015 | train_loss=123.3299 | test_loss=20.5906 | test_acc=0.8533
2026-04-02 11:02:37,208 | INFO | stage2_run1 | Epoch 016 | train_loss=121.0805 | test_loss=20.5204 | test_acc=0.8478
2026-04-02 11:02:51,324 | INFO | stage2_run1 | Epoch 017 | train_loss=120.3064 | test_loss=20.0324 | test_acc=0.8578
2026-04-02 11:03:06,878 | INFO | stage2_run1 | Epoch 018 | train_loss=118.9749 | test_loss=20.0939 | test_acc=0.8661
2026-04-02 11:03:21,390 | INFO | stage2_run1 | Epoch 019 | train_loss=118.4096 | test_loss=19.7004 | test_acc=0.8670
2026-04-02 11:03:35,748 | INFO | stage2_run1 | Epoch 020 | train_loss=117.1234 | test_loss=19.8775 | test_acc=0.8662
2026-04-02 11:03:52,895 | INFO | stage2_run1 | Epoch 021 | train_loss=117.8905 | test_loss=20.0089 | test_acc=0.8380
2026-04-02 11:04:10,015 | INFO | stage2_run1 | Epoch 022 | train_loss=115.8071 | test_loss=19.7073 | test_acc=0.8507
2026-04-02 11:04:28,650 | INFO | stage2_run1 | Epoch 023 | train_loss=115.3393 | test_loss=19.3124 | test_acc=0.8760
2026-04-02 11:04:44,385 | INFO | stage2_run1 | Epoch 024 | train_loss=115.1471 | test_loss=19.4337 | test_acc=0.8586
2026-04-02 11:04:58,556 | INFO | stage2_run1 | Epoch 025 | train_loss=114.7162 | test_loss=19.1456 | test_acc=0.8965
2026-04-02 11:05:13,961 | INFO | stage2_run1 | Epoch 026 | train_loss=113.6672 | test_loss=19.0675 | test_acc=0.8877
2026-04-02 11:05:28,565 | INFO | stage2_run1 | Epoch 027 | train_loss=112.7439 | test_loss=18.9222 | test_acc=0.9076
2026-04-02 11:05:45,171 | INFO | stage2_run1 | Epoch 028 | train_loss=112.2707 | test_loss=19.0643 | test_acc=0.8941
2026-04-02 11:06:01,137 | INFO | stage2_run1 | Epoch 029 | train_loss=112.2708 | test_loss=18.9289 | test_acc=0.8833
2026-04-02 11:06:17,763 | INFO | stage2_run1 | Epoch 030 | train_loss=112.1840 | test_loss=18.9825 | test_acc=0.8951
2026-04-02 11:06:33,020 | INFO | stage2_run1 | Epoch 031 | train_loss=111.3572 | test_loss=18.6513 | test_acc=0.9160
2026-04-02 11:06:47,829 | INFO | stage2_run1 | Epoch 032 | train_loss=111.1464 | test_loss=18.6310 | test_acc=0.8965
2026-04-02 11:07:02,477 | INFO | stage2_run1 | Epoch 033 | train_loss=110.4040 | test_loss=18.9851 | test_acc=0.9038
2026-04-02 11:07:16,611 | INFO | stage2_run1 | Epoch 034 | train_loss=110.8861 | test_loss=18.6867 | test_acc=0.9221
2026-04-02 11:07:30,728 | INFO | stage2_run1 | Epoch 035 | train_loss=110.8944 | test_loss=18.5208 | test_acc=0.9173
2026-04-02 11:07:44,885 | INFO | stage2_run1 | Epoch 036 | train_loss=110.0435 | test_loss=18.5159 | test_acc=0.9192
2026-04-02 11:07:59,093 | INFO | stage2_run1 | Epoch 037 | train_loss=108.6519 | test_loss=18.3798 | test_acc=0.9194
2026-04-02 11:08:13,308 | INFO | stage2_run1 | Epoch 038 | train_loss=109.6008 | test_loss=18.7096 | test_acc=0.8859
2026-04-02 11:08:27,604 | INFO | stage2_run1 | Epoch 039 | train_loss=109.7692 | test_loss=18.2480 | test_acc=0.9271
2026-04-02 11:08:41,847 | INFO | stage2_run1 | Epoch 040 | train_loss=109.5039 | test_loss=18.5986 | test_acc=0.9095
2026-04-02 11:08:56,019 | INFO | stage2_run1 | Epoch 041 | train_loss=109.0525 | test_loss=18.6979 | test_acc=0.8977
2026-04-02 11:09:10,323 | INFO | stage2_run1 | Epoch 042 | train_loss=108.3692 | test_loss=18.3248 | test_acc=0.9180
2026-04-02 11:09:24,573 | INFO | stage2_run1 | Epoch 043 | train_loss=108.2427 | test_loss=18.4142 | test_acc=0.8875
2026-04-02 11:09:38,702 | INFO | stage2_run1 | Epoch 044 | train_loss=108.7840 | test_loss=18.3820 | test_acc=0.9136
2026-04-02 11:09:52,885 | INFO | stage2_run1 | Epoch 045 | train_loss=107.8848 | test_loss=18.2236 | test_acc=0.9218
2026-04-02 11:10:06,984 | INFO | stage2_run1 | Epoch 046 | train_loss=107.7670 | test_loss=18.6579 | test_acc=0.9045
2026-04-02 11:10:21,181 | INFO | stage2_run1 | Epoch 047 | train_loss=107.9841 | test_loss=18.5147 | test_acc=0.8785
2026-04-02 11:10:35,371 | INFO | stage2_run1 | Epoch 048 | train_loss=107.7337 | test_loss=18.0685 | test_acc=0.9267
2026-04-02 11:10:49,907 | INFO | stage2_run1 | Epoch 049 | train_loss=106.3775 | test_loss=18.0278 | test_acc=0.9226
2026-04-02 11:11:03,974 | INFO | stage2_run1 | Epoch 050 | train_loss=106.9506 | test_loss=17.8417 | test_acc=0.9330
2026-04-02 11:11:18,243 | INFO | stage2_run1 | Epoch 051 | train_loss=106.1860 | test_loss=17.9398 | test_acc=0.9259
2026-04-02 11:11:32,309 | INFO | stage2_run1 | Epoch 052 | train_loss=106.1806 | test_loss=17.9625 | test_acc=0.9222
2026-04-02 11:11:46,411 | INFO | stage2_run1 | Epoch 053 | train_loss=106.7715 | test_loss=17.8521 | test_acc=0.9284
2026-04-02 11:12:00,474 | INFO | stage2_run1 | Epoch 054 | train_loss=107.2641 | test_loss=18.5156 | test_acc=0.9007
2026-04-02 11:12:14,630 | INFO | stage2_run1 | Epoch 055 | train_loss=106.8275 | test_loss=18.6093 | test_acc=0.9063
2026-04-02 11:12:28,905 | INFO | stage2_run1 | Epoch 056 | train_loss=105.1720 | test_loss=17.6092 | test_acc=0.9347
2026-04-02 11:12:43,607 | INFO | stage2_run1 | Epoch 057 | train_loss=105.0332 | test_loss=17.7946 | test_acc=0.9322
2026-04-02 11:12:58,286 | INFO | stage2_run1 | Epoch 058 | train_loss=105.3211 | test_loss=17.7833 | test_acc=0.9169
2026-04-02 11:13:12,350 | INFO | stage2_run1 | Epoch 059 | train_loss=104.7750 | test_loss=18.3731 | test_acc=0.9229
2026-04-02 11:13:26,830 | INFO | stage2_run1 | Epoch 060 | train_loss=105.0360 | test_loss=17.6508 | test_acc=0.9273
2026-04-02 11:13:40,929 | INFO | stage2_run1 | Epoch 061 | train_loss=105.4146 | test_loss=18.3549 | test_acc=0.9121
2026-04-02 11:13:55,138 | INFO | stage2_run1 | Epoch 062 | train_loss=105.0908 | test_loss=17.4338 | test_acc=0.9418
2026-04-02 11:14:09,386 | INFO | stage2_run1 | Epoch 063 | train_loss=104.9085 | test_loss=17.6117 | test_acc=0.9341
2026-04-02 11:14:23,941 | INFO | stage2_run1 | Epoch 064 | train_loss=104.6808 | test_loss=17.9597 | test_acc=0.9298
2026-04-02 11:14:38,069 | INFO | stage2_run1 | Epoch 065 | train_loss=104.4691 | test_loss=17.6846 | test_acc=0.9315
2026-04-02 11:14:52,118 | INFO | stage2_run1 | Epoch 066 | train_loss=104.1083 | test_loss=17.7092 | test_acc=0.9245
2026-04-02 11:15:06,498 | INFO | stage2_run1 | Epoch 067 | train_loss=104.3744 | test_loss=17.7305 | test_acc=0.9283
2026-04-02 11:15:20,683 | INFO | stage2_run1 | Epoch 068 | train_loss=104.6471 | test_loss=18.0785 | test_acc=0.9139
2026-04-02 11:15:34,897 | INFO | stage2_run1 | Epoch 069 | train_loss=104.4219 | test_loss=17.5057 | test_acc=0.9374
2026-04-02 11:15:48,925 | INFO | stage2_run1 | Epoch 070 | train_loss=103.3692 | test_loss=17.6886 | test_acc=0.9282
2026-04-02 11:16:02,916 | INFO | stage2_run1 | Epoch 071 | train_loss=103.3753 | test_loss=17.8824 | test_acc=0.8959
2026-04-02 11:16:16,972 | INFO | stage2_run1 | Epoch 072 | train_loss=104.2814 | test_loss=17.3798 | test_acc=0.9397
2026-04-02 11:16:30,998 | INFO | stage2_run1 | Epoch 073 | train_loss=103.1443 | test_loss=17.6347 | test_acc=0.9316
2026-04-02 11:16:44,978 | INFO | stage2_run1 | Epoch 074 | train_loss=103.3820 | test_loss=18.1424 | test_acc=0.9022
2026-04-02 11:16:59,071 | INFO | stage2_run1 | Epoch 075 | train_loss=103.5310 | test_loss=17.8313 | test_acc=0.9222
2026-04-02 11:17:13,361 | INFO | stage2_run1 | Epoch 076 | train_loss=104.7750 | test_loss=17.3435 | test_acc=0.9352
2026-04-02 11:17:27,355 | INFO | stage2_run1 | Epoch 077 | train_loss=103.7882 | test_loss=18.0126 | test_acc=0.9211
2026-04-02 11:17:41,600 | INFO | stage2_run1 | Epoch 078 | train_loss=104.0950 | test_loss=17.7502 | test_acc=0.9250
2026-04-02 11:17:56,094 | INFO | stage2_run1 | Epoch 079 | train_loss=103.4790 | test_loss=17.3854 | test_acc=0.9314
2026-04-02 11:18:10,266 | INFO | stage2_run1 | Epoch 080 | train_loss=103.2108 | test_loss=17.7719 | test_acc=0.9169
2026-04-02 11:18:24,344 | INFO | stage2_run1 | Epoch 081 | train_loss=102.9239 | test_loss=17.1828 | test_acc=0.9418
2026-04-02 11:18:38,303 | INFO | stage2_run1 | Epoch 082 | train_loss=103.7308 | test_loss=17.9593 | test_acc=0.9279
2026-04-02 11:18:52,861 | INFO | stage2_run1 | Epoch 083 | train_loss=103.4838 | test_loss=17.8489 | test_acc=0.9249
2026-04-02 11:19:06,964 | INFO | stage2_run1 | Epoch 084 | train_loss=103.6500 | test_loss=18.7209 | test_acc=0.9003
2026-04-02 11:19:20,920 | INFO | stage2_run1 | Epoch 085 | train_loss=102.2725 | test_loss=17.0979 | test_acc=0.9237
2026-04-02 11:19:35,255 | INFO | stage2_run1 | Epoch 086 | train_loss=103.0796 | test_loss=17.3224 | test_acc=0.9390
2026-04-02 11:19:49,884 | INFO | stage2_run1 | Epoch 087 | train_loss=102.8026 | test_loss=17.4283 | test_acc=0.9256
2026-04-02 11:20:03,875 | INFO | stage2_run1 | Epoch 088 | train_loss=103.0959 | test_loss=17.8851 | test_acc=0.9138
2026-04-02 11:20:17,942 | INFO | stage2_run1 | Epoch 089 | train_loss=102.9134 | test_loss=17.4162 | test_acc=0.9319
2026-04-02 11:20:32,136 | INFO | stage2_run1 | Epoch 090 | train_loss=101.8389 | test_loss=17.4020 | test_acc=0.9292
2026-04-02 11:20:46,168 | INFO | stage2_run1 | Epoch 091 | train_loss=101.7683 | test_loss=17.1087 | test_acc=0.9404
2026-04-02 11:21:00,111 | INFO | stage2_run1 | Epoch 092 | train_loss=102.8453 | test_loss=17.1694 | test_acc=0.9382
2026-04-02 11:21:14,269 | INFO | stage2_run1 | Epoch 093 | train_loss=102.5702 | test_loss=17.3344 | test_acc=0.9368
2026-04-02 11:21:28,276 | INFO | stage2_run1 | Epoch 094 | train_loss=102.7115 | test_loss=17.3667 | test_acc=0.9265
2026-04-02 11:21:42,333 | INFO | stage2_run1 | Epoch 095 | train_loss=102.5803 | test_loss=17.3954 | test_acc=0.9359
2026-04-02 11:21:56,629 | INFO | stage2_run1 | Epoch 096 | train_loss=101.8969 | test_loss=17.2245 | test_acc=0.9361
2026-04-02 11:22:10,842 | INFO | stage2_run1 | Epoch 097 | train_loss=100.9143 | test_loss=17.2702 | test_acc=0.9298
2026-04-02 11:22:25,797 | INFO | stage2_run1 | Epoch 098 | train_loss=102.3257 | test_loss=17.2761 | test_acc=0.9400
2026-04-02 11:22:40,847 | INFO | stage2_run1 | Epoch 099 | train_loss=102.9454 | test_loss=17.6365 | test_acc=0.9199
2026-04-02 11:22:55,712 | INFO | stage2_run1 | Epoch 100 | train_loss=102.5003 | test_loss=17.6381 | test_acc=0.9328
2026-04-02 11:23:09,820 | INFO | stage2_run1 | Epoch 101 | train_loss=102.5050 | test_loss=17.3910 | test_acc=0.9227
2026-04-02 11:23:24,036 | INFO | stage2_run1 | Epoch 102 | train_loss=102.8015 | test_loss=17.3753 | test_acc=0.9349
2026-04-02 11:23:38,533 | INFO | stage2_run1 | Epoch 103 | train_loss=101.3765 | test_loss=17.0857 | test_acc=0.9383
2026-04-02 11:23:53,748 | INFO | stage2_run1 | Epoch 104 | train_loss=102.4112 | test_loss=17.5712 | test_acc=0.9266
2026-04-02 11:24:09,070 | INFO | stage2_run1 | Epoch 105 | train_loss=101.8494 | test_loss=17.3453 | test_acc=0.9289
2026-04-02 11:24:23,543 | INFO | stage2_run1 | Epoch 106 | train_loss=102.0323 | test_loss=17.1232 | test_acc=0.9392
2026-04-02 11:24:38,423 | INFO | stage2_run1 | Epoch 107 | train_loss=102.2642 | test_loss=17.0531 | test_acc=0.9413
2026-04-02 11:24:52,640 | INFO | stage2_run1 | Epoch 108 | train_loss=102.4853 | test_loss=17.3941 | test_acc=0.9341
2026-04-02 11:25:09,977 | INFO | stage2_run1 | Epoch 109 | train_loss=101.4691 | test_loss=17.4838 | test_acc=0.9283
2026-04-02 11:25:26,747 | INFO | stage2_run1 | Epoch 110 | train_loss=103.3555 | test_loss=17.1771 | test_acc=0.9434
2026-04-02 11:25:41,537 | INFO | stage2_run1 | Epoch 111 | train_loss=103.6115 | test_loss=17.4706 | test_acc=0.9241
2026-04-02 11:25:56,591 | INFO | stage2_run1 | Epoch 112 | train_loss=101.0634 | test_loss=18.7352 | test_acc=0.9031
2026-04-02 11:26:11,421 | INFO | stage2_run1 | Epoch 113 | train_loss=102.7961 | test_loss=16.9936 | test_acc=0.9446
2026-04-02 11:26:25,851 | INFO | stage2_run1 | Epoch 114 | train_loss=101.9207 | test_loss=17.7469 | test_acc=0.9272
2026-04-02 11:26:40,320 | INFO | stage2_run1 | Epoch 115 | train_loss=101.7122 | test_loss=17.1735 | test_acc=0.9361
2026-04-02 11:26:54,848 | INFO | stage2_run1 | Epoch 116 | train_loss=101.3323 | test_loss=17.2237 | test_acc=0.9321
2026-04-02 11:27:09,797 | INFO | stage2_run1 | Epoch 117 | train_loss=101.9277 | test_loss=16.9645 | test_acc=0.9381
2026-04-02 11:27:23,941 | INFO | stage2_run1 | Epoch 118 | train_loss=102.7145 | test_loss=17.4015 | test_acc=0.9306
2026-04-02 11:27:39,624 | INFO | stage2_run1 | Epoch 119 | train_loss=101.3405 | test_loss=17.2696 | test_acc=0.9342
2026-04-02 11:27:54,447 | INFO | stage2_run1 | Epoch 120 | train_loss=101.6456 | test_loss=17.2495 | test_acc=0.9376
2026-04-02 11:28:08,817 | INFO | stage2_run1 | Epoch 121 | train_loss=102.1616 | test_loss=17.3110 | test_acc=0.9335
2026-04-02 11:28:23,361 | INFO | stage2_run1 | Epoch 122 | train_loss=101.1886 | test_loss=17.4213 | test_acc=0.9276
2026-04-02 11:28:39,266 | INFO | stage2_run1 | Epoch 123 | train_loss=101.6028 | test_loss=16.9530 | test_acc=0.9456
2026-04-02 11:28:55,136 | INFO | stage2_run1 | Epoch 124 | train_loss=102.2315 | test_loss=17.1154 | test_acc=0.9401
2026-04-02 11:29:09,915 | INFO | stage2_run1 | Epoch 125 | train_loss=102.7298 | test_loss=17.3834 | test_acc=0.9362
2026-04-02 11:29:25,355 | INFO | stage2_run1 | Epoch 126 | train_loss=102.2097 | test_loss=17.0416 | test_acc=0.9389
2026-04-02 11:29:41,301 | INFO | stage2_run1 | Epoch 127 | train_loss=101.8955 | test_loss=17.6855 | test_acc=0.9289
2026-04-02 11:29:56,365 | INFO | stage2_run1 | Epoch 128 | train_loss=101.0847 | test_loss=16.9811 | test_acc=0.9439
2026-04-02 11:30:11,715 | INFO | stage2_run1 | Epoch 129 | train_loss=101.8963 | test_loss=17.4592 | test_acc=0.9278
2026-04-02 11:30:26,820 | INFO | stage2_run1 | Epoch 130 | train_loss=101.6238 | test_loss=17.3114 | test_acc=0.9334
2026-04-02 11:30:41,559 | INFO | stage2_run1 | Epoch 131 | train_loss=102.4832 | test_loss=17.1136 | test_acc=0.9364
2026-04-02 11:30:56,310 | INFO | stage2_run1 | Epoch 132 | train_loss=101.5491 | test_loss=17.4407 | test_acc=0.9302
2026-04-02 11:31:11,748 | INFO | stage2_run1 | Epoch 133 | train_loss=101.7966 | test_loss=16.9190 | test_acc=0.9437
2026-04-02 11:31:29,327 | INFO | stage2_run1 | Epoch 134 | train_loss=100.5434 | test_loss=17.1375 | test_acc=0.9385
2026-04-02 11:31:48,971 | INFO | stage2_run1 | Epoch 135 | train_loss=99.9853 | test_loss=17.6284 | test_acc=0.9255
2026-04-02 11:32:04,511 | INFO | stage2_run1 | Epoch 136 | train_loss=101.5092 | test_loss=17.1016 | test_acc=0.9435
2026-04-02 11:32:19,420 | INFO | stage2_run1 | Epoch 137 | train_loss=100.5713 | test_loss=17.0546 | test_acc=0.9413
2026-04-02 11:32:33,776 | INFO | stage2_run1 | Epoch 138 | train_loss=101.2684 | test_loss=17.2488 | test_acc=0.9407
2026-04-02 11:32:47,993 | INFO | stage2_run1 | Epoch 139 | train_loss=100.6836 | test_loss=16.9937 | test_acc=0.9379
2026-04-02 11:33:02,205 | INFO | stage2_run1 | Epoch 140 | train_loss=100.6732 | test_loss=16.7589 | test_acc=0.9508
2026-04-02 11:33:16,978 | INFO | stage2_run1 | Epoch 141 | train_loss=102.2672 | test_loss=16.9647 | test_acc=0.9411
2026-04-02 11:33:31,347 | INFO | stage2_run1 | Epoch 142 | train_loss=100.4853 | test_loss=17.0264 | test_acc=0.9454
2026-04-02 11:33:45,694 | INFO | stage2_run1 | Epoch 143 | train_loss=100.8908 | test_loss=17.1973 | test_acc=0.9428
2026-04-02 11:34:00,653 | INFO | stage2_run1 | Epoch 144 | train_loss=101.1521 | test_loss=17.6922 | test_acc=0.9156
2026-04-02 11:34:15,517 | INFO | stage2_run1 | Epoch 145 | train_loss=101.6604 | test_loss=17.4551 | test_acc=0.9294
2026-04-02 11:34:30,567 | INFO | stage2_run1 | Epoch 146 | train_loss=102.3419 | test_loss=16.8885 | test_acc=0.9445
2026-04-02 11:34:45,170 | INFO | stage2_run1 | Epoch 147 | train_loss=101.4453 | test_loss=17.4017 | test_acc=0.9348
2026-04-02 11:34:59,409 | INFO | stage2_run1 | Epoch 148 | train_loss=102.1057 | test_loss=17.0202 | test_acc=0.9411
2026-04-02 11:35:13,617 | INFO | stage2_run1 | Epoch 149 | train_loss=101.6944 | test_loss=17.0079 | test_acc=0.9441
2026-04-02 11:35:27,930 | INFO | stage2_run1 | Epoch 150 | train_loss=101.2762 | test_loss=17.3209 | test_acc=0.9336
2026-04-02 11:35:42,131 | INFO | stage2_run1 | Epoch 151 | train_loss=101.2477 | test_loss=17.1055 | test_acc=0.9250
2026-04-02 11:35:56,178 | INFO | stage2_run1 | Epoch 152 | train_loss=100.4677 | test_loss=17.7359 | test_acc=0.9221
2026-04-02 11:36:10,461 | INFO | stage2_run1 | Epoch 153 | train_loss=101.6366 | test_loss=17.1390 | test_acc=0.9358
2026-04-02 11:36:25,019 | INFO | stage2_run1 | Epoch 154 | train_loss=101.2604 | test_loss=16.7004 | test_acc=0.9487
2026-04-02 11:36:39,240 | INFO | stage2_run1 | Epoch 155 | train_loss=102.2801 | test_loss=16.7963 | test_acc=0.9479
2026-04-02 11:36:53,541 | INFO | stage2_run1 | Epoch 156 | train_loss=99.4965 | test_loss=16.9281 | test_acc=0.9392
2026-04-02 11:37:07,859 | INFO | stage2_run1 | Epoch 157 | train_loss=99.7809 | test_loss=17.7876 | test_acc=0.9241
2026-04-02 11:37:22,334 | INFO | stage2_run1 | Epoch 158 | train_loss=101.1188 | test_loss=17.0642 | test_acc=0.9378
2026-04-02 11:37:36,778 | INFO | stage2_run1 | Epoch 159 | train_loss=101.0151 | test_loss=16.8793 | test_acc=0.9426
2026-04-02 11:37:50,903 | INFO | stage2_run1 | Epoch 160 | train_loss=99.2129 | test_loss=16.8112 | test_acc=0.9434
2026-04-02 11:38:05,567 | INFO | stage2_run1 | Epoch 161 | train_loss=99.9579 | test_loss=17.0921 | test_acc=0.9372
2026-04-02 11:38:20,067 | INFO | stage2_run1 | Epoch 162 | train_loss=99.9687 | test_loss=16.7154 | test_acc=0.9470
2026-04-02 11:38:34,441 | INFO | stage2_run1 | Epoch 163 | train_loss=100.0037 | test_loss=17.1438 | test_acc=0.9324
2026-04-02 11:38:48,814 | INFO | stage2_run1 | Epoch 164 | train_loss=101.5200 | test_loss=16.9901 | test_acc=0.9460
2026-04-02 11:39:03,481 | INFO | stage2_run1 | Epoch 165 | train_loss=100.2359 | test_loss=17.3879 | test_acc=0.9344
2026-04-02 11:39:17,942 | INFO | stage2_run1 | Epoch 166 | train_loss=101.1416 | test_loss=17.5553 | test_acc=0.9297
2026-04-02 11:39:32,212 | INFO | stage2_run1 | Epoch 167 | train_loss=101.5719 | test_loss=16.9217 | test_acc=0.9430
2026-04-02 11:39:47,904 | INFO | stage2_run1 | Epoch 168 | train_loss=101.1802 | test_loss=17.7950 | test_acc=0.9291
2026-04-02 11:40:05,080 | INFO | stage2_run1 | Epoch 169 | train_loss=100.6832 | test_loss=16.8598 | test_acc=0.9454
2026-04-02 11:40:20,779 | INFO | stage2_run1 | Epoch 170 | train_loss=111.8242 | test_loss=17.2557 | test_acc=0.9366
2026-04-02 11:40:35,682 | INFO | stage2_run1 | Epoch 171 | train_loss=100.4474 | test_loss=16.6860 | test_acc=0.9529
2026-04-02 11:40:50,202 | INFO | stage2_run1 | Epoch 172 | train_loss=100.1046 | test_loss=16.9256 | test_acc=0.9487
2026-04-02 11:41:04,429 | INFO | stage2_run1 | Epoch 173 | train_loss=100.6926 | test_loss=16.8034 | test_acc=0.9455
2026-04-02 11:41:18,682 | INFO | stage2_run1 | Epoch 174 | train_loss=100.5567 | test_loss=17.4950 | test_acc=0.9311
2026-04-02 11:41:32,954 | INFO | stage2_run1 | Epoch 175 | train_loss=100.6135 | test_loss=17.2787 | test_acc=0.9341
2026-04-02 11:41:47,420 | INFO | stage2_run1 | Epoch 176 | train_loss=99.9390 | test_loss=17.3766 | test_acc=0.9321
2026-04-02 11:42:01,858 | INFO | stage2_run1 | Epoch 177 | train_loss=100.0174 | test_loss=17.1616 | test_acc=0.9410
2026-04-02 11:42:16,605 | INFO | stage2_run1 | Epoch 178 | train_loss=100.7983 | test_loss=17.1371 | test_acc=0.9410
2026-04-02 11:42:31,646 | INFO | stage2_run1 | Epoch 179 | train_loss=101.6107 | test_loss=17.3399 | test_acc=0.9260
2026-04-02 11:42:46,107 | INFO | stage2_run1 | Epoch 180 | train_loss=100.5656 | test_loss=17.2531 | test_acc=0.9269
2026-04-02 11:43:00,663 | INFO | stage2_run1 | Epoch 181 | train_loss=102.0415 | test_loss=17.1503 | test_acc=0.9334
2026-04-02 11:43:16,546 | INFO | stage2_run1 | Epoch 182 | train_loss=100.4341 | test_loss=18.6180 | test_acc=0.8746
2026-04-02 11:43:32,113 | INFO | stage2_run1 | Epoch 183 | train_loss=100.7896 | test_loss=16.8616 | test_acc=0.9481
2026-04-02 11:43:47,090 | INFO | stage2_run1 | Epoch 184 | train_loss=100.7341 | test_loss=16.6963 | test_acc=0.9516
2026-04-02 11:44:02,181 | INFO | stage2_run1 | Epoch 185 | train_loss=99.6331 | test_loss=16.8346 | test_acc=0.9450
2026-04-02 11:44:16,864 | INFO | stage2_run1 | Epoch 186 | train_loss=100.4914 | test_loss=16.6718 | test_acc=0.9523
2026-04-02 11:44:30,927 | INFO | stage2_run1 | Epoch 187 | train_loss=100.0786 | test_loss=17.5091 | test_acc=0.9323
2026-04-02 11:44:47,346 | INFO | stage2_run1 | Epoch 188 | train_loss=100.3479 | test_loss=16.8662 | test_acc=0.9439
2026-04-02 11:45:01,635 | INFO | stage2_run1 | Epoch 189 | train_loss=99.0136 | test_loss=16.7678 | test_acc=0.9513
2026-04-02 11:45:17,061 | INFO | stage2_run1 | Epoch 190 | train_loss=100.8715 | test_loss=17.3276 | test_acc=0.9317
2026-04-02 11:45:33,980 | INFO | stage2_run1 | Epoch 191 | train_loss=101.2258 | test_loss=16.8924 | test_acc=0.9392
2026-04-02 11:45:48,969 | INFO | stage2_run1 | Epoch 192 | train_loss=100.4484 | test_loss=17.1345 | test_acc=0.9389
2026-04-02 11:46:04,843 | INFO | stage2_run1 | Epoch 193 | train_loss=100.0437 | test_loss=17.0529 | test_acc=0.9379
2026-04-02 11:46:20,317 | INFO | stage2_run1 | Epoch 194 | train_loss=99.3382 | test_loss=16.8456 | test_acc=0.9453
2026-04-02 11:46:36,548 | INFO | stage2_run1 | Epoch 195 | train_loss=100.1115 | test_loss=17.1673 | test_acc=0.9367
2026-04-02 11:46:51,914 | INFO | stage2_run1 | Epoch 196 | train_loss=101.0417 | test_loss=17.2201 | test_acc=0.9410
2026-04-02 11:47:08,767 | INFO | stage2_run1 | Epoch 197 | train_loss=100.0765 | test_loss=16.8793 | test_acc=0.9445
2026-04-02 11:47:23,811 | INFO | stage2_run1 | Epoch 198 | train_loss=101.3832 | test_loss=17.0705 | test_acc=0.9397
2026-04-02 11:47:38,470 | INFO | stage2_run1 | Epoch 199 | train_loss=100.5917 | test_loss=17.0223 | test_acc=0.9385
2026-04-02 11:47:53,089 | INFO | stage2_run1 | Epoch 200 | train_loss=100.0380 | test_loss=17.4373 | test_acc=0.9206
2026-04-02 11:48:08,294 | INFO | stage2_run2 | Epoch 001 | train_loss=243.4834 | test_loss=36.3554 | test_acc=0.3342
2026-04-02 11:48:23,068 | INFO | stage2_run2 | Epoch 002 | train_loss=201.5726 | test_loss=32.1660 | test_acc=0.4585
2026-04-02 11:48:38,619 | INFO | stage2_run2 | Epoch 003 | train_loss=184.3096 | test_loss=30.2454 | test_acc=0.5195
2026-04-02 11:48:53,218 | INFO | stage2_run2 | Epoch 004 | train_loss=174.4567 | test_loss=28.4375 | test_acc=0.5710
2026-04-02 11:49:08,419 | INFO | stage2_run2 | Epoch 005 | train_loss=166.3322 | test_loss=27.3919 | test_acc=0.5994
2026-04-02 11:49:22,862 | INFO | stage2_run2 | Epoch 006 | train_loss=160.3453 | test_loss=26.3698 | test_acc=0.6961
2026-04-02 11:49:37,514 | INFO | stage2_run2 | Epoch 007 | train_loss=154.8136 | test_loss=25.9372 | test_acc=0.7466
2026-04-02 11:49:52,952 | INFO | stage2_run2 | Epoch 008 | train_loss=151.0517 | test_loss=24.9682 | test_acc=0.7262
2026-04-02 11:50:07,882 | INFO | stage2_run2 | Epoch 009 | train_loss=148.2176 | test_loss=24.5081 | test_acc=0.8014
2026-04-02 11:50:22,564 | INFO | stage2_run2 | Epoch 010 | train_loss=145.9124 | test_loss=24.5883 | test_acc=0.7313
2026-04-02 11:50:37,013 | INFO | stage2_run2 | Epoch 011 | train_loss=143.6569 | test_loss=24.1229 | test_acc=0.8137
2026-04-02 11:50:51,605 | INFO | stage2_run2 | Epoch 012 | train_loss=141.9125 | test_loss=23.5433 | test_acc=0.7787
2026-04-02 11:51:06,204 | INFO | stage2_run2 | Epoch 013 | train_loss=140.1428 | test_loss=23.8606 | test_acc=0.7773
2026-04-02 11:51:20,625 | INFO | stage2_run2 | Epoch 014 | train_loss=138.5089 | test_loss=23.1571 | test_acc=0.8121
2026-04-02 11:51:34,982 | INFO | stage2_run2 | Epoch 015 | train_loss=138.2179 | test_loss=23.1050 | test_acc=0.8605
2026-04-02 11:51:49,286 | INFO | stage2_run2 | Epoch 016 | train_loss=136.2075 | test_loss=23.0478 | test_acc=0.8267
2026-04-02 11:52:03,839 | INFO | stage2_run2 | Epoch 017 | train_loss=135.8013 | test_loss=22.9017 | test_acc=0.8365
2026-04-02 11:52:18,534 | INFO | stage2_run2 | Epoch 018 | train_loss=134.6752 | test_loss=22.9710 | test_acc=0.7912
2026-04-02 11:52:33,448 | INFO | stage2_run2 | Epoch 019 | train_loss=134.6202 | test_loss=22.4299 | test_acc=0.8158
2026-04-02 11:52:47,583 | INFO | stage2_run2 | Epoch 020 | train_loss=132.5915 | test_loss=22.6175 | test_acc=0.8216
2026-04-02 11:53:01,946 | INFO | stage2_run2 | Epoch 021 | train_loss=131.8342 | test_loss=22.0295 | test_acc=0.8359
2026-04-02 11:53:16,797 | INFO | stage2_run2 | Epoch 022 | train_loss=131.2046 | test_loss=22.0276 | test_acc=0.8334
2026-04-02 11:53:32,634 | INFO | stage2_run2 | Epoch 023 | train_loss=130.5859 | test_loss=22.1115 | test_acc=0.7980
2026-04-02 11:53:47,348 | INFO | stage2_run2 | Epoch 024 | train_loss=129.0796 | test_loss=21.7613 | test_acc=0.8433
2026-04-02 11:54:01,825 | INFO | stage2_run2 | Epoch 025 | train_loss=128.8203 | test_loss=21.6739 | test_acc=0.8573
2026-04-02 11:54:16,551 | INFO | stage2_run2 | Epoch 026 | train_loss=127.7029 | test_loss=21.5283 | test_acc=0.8732
2026-04-02 11:54:31,491 | INFO | stage2_run2 | Epoch 027 | train_loss=126.6958 | test_loss=21.9746 | test_acc=0.8700
2026-04-02 11:54:46,261 | INFO | stage2_run2 | Epoch 028 | train_loss=127.4422 | test_loss=21.4137 | test_acc=0.8859
2026-04-02 11:55:00,719 | INFO | stage2_run2 | Epoch 029 | train_loss=125.3115 | test_loss=21.4839 | test_acc=0.8695
2026-04-02 11:55:14,739 | INFO | stage2_run2 | Epoch 030 | train_loss=125.3743 | test_loss=21.1577 | test_acc=0.8620
2026-04-02 11:55:28,866 | INFO | stage2_run2 | Epoch 031 | train_loss=125.3957 | test_loss=21.4278 | test_acc=0.8788
2026-04-02 11:55:42,888 | INFO | stage2_run2 | Epoch 032 | train_loss=125.7328 | test_loss=21.0785 | test_acc=0.8968
2026-04-02 11:55:57,202 | INFO | stage2_run2 | Epoch 033 | train_loss=124.2544 | test_loss=20.7184 | test_acc=0.9042
2026-04-02 11:56:11,655 | INFO | stage2_run2 | Epoch 034 | train_loss=124.0550 | test_loss=21.6169 | test_acc=0.8583
2026-04-02 11:56:26,316 | INFO | stage2_run2 | Epoch 035 | train_loss=123.5697 | test_loss=20.9441 | test_acc=0.8890
2026-04-02 11:56:40,929 | INFO | stage2_run2 | Epoch 036 | train_loss=123.7624 | test_loss=20.7559 | test_acc=0.9054
2026-04-02 11:56:55,504 | INFO | stage2_run2 | Epoch 037 | train_loss=122.0027 | test_loss=20.5257 | test_acc=0.9066
2026-04-02 11:57:09,724 | INFO | stage2_run2 | Epoch 038 | train_loss=122.1929 | test_loss=20.7506 | test_acc=0.9048
2026-04-02 11:57:23,953 | INFO | stage2_run2 | Epoch 039 | train_loss=121.0819 | test_loss=20.6268 | test_acc=0.9167
2026-04-02 11:57:38,262 | INFO | stage2_run2 | Epoch 040 | train_loss=120.5773 | test_loss=20.0932 | test_acc=0.9292
2026-04-02 11:57:52,554 | INFO | stage2_run2 | Epoch 041 | train_loss=121.1785 | test_loss=20.1229 | test_acc=0.9229
2026-04-02 11:58:06,843 | INFO | stage2_run2 | Epoch 042 | train_loss=121.0420 | test_loss=21.1789 | test_acc=0.8812
2026-04-02 11:58:21,272 | INFO | stage2_run2 | Epoch 043 | train_loss=121.3313 | test_loss=20.1945 | test_acc=0.9224
2026-04-02 11:58:35,542 | INFO | stage2_run2 | Epoch 044 | train_loss=120.0224 | test_loss=20.4915 | test_acc=0.9029
2026-04-02 11:58:49,788 | INFO | stage2_run2 | Epoch 045 | train_loss=120.3615 | test_loss=20.3889 | test_acc=0.8939
2026-04-02 11:59:05,041 | INFO | stage2_run2 | Epoch 046 | train_loss=121.7605 | test_loss=20.2894 | test_acc=0.9216
2026-04-02 11:59:19,806 | INFO | stage2_run2 | Epoch 047 | train_loss=119.9511 | test_loss=20.2885 | test_acc=0.9148
2026-04-02 11:59:35,596 | INFO | stage2_run2 | Epoch 048 | train_loss=118.6214 | test_loss=20.0563 | test_acc=0.9280
2026-04-02 11:59:49,877 | INFO | stage2_run2 | Epoch 049 | train_loss=117.9653 | test_loss=19.9217 | test_acc=0.9217
2026-04-02 12:00:03,993 | INFO | stage2_run2 | Epoch 050 | train_loss=118.8375 | test_loss=20.0245 | test_acc=0.9186
2026-04-02 12:00:18,271 | INFO | stage2_run2 | Epoch 051 | train_loss=118.2279 | test_loss=20.3746 | test_acc=0.9180
2026-04-02 12:00:33,352 | INFO | stage2_run2 | Epoch 052 | train_loss=118.8367 | test_loss=20.9881 | test_acc=0.8942
2026-04-02 12:00:47,769 | INFO | stage2_run2 | Epoch 053 | train_loss=118.9371 | test_loss=20.6116 | test_acc=0.9086
2026-04-02 12:01:03,140 | INFO | stage2_run2 | Epoch 054 | train_loss=119.2194 | test_loss=20.4336 | test_acc=0.9192
2026-04-02 12:01:17,939 | INFO | stage2_run2 | Epoch 055 | train_loss=117.4218 | test_loss=20.2123 | test_acc=0.9010
2026-04-02 12:01:32,295 | INFO | stage2_run2 | Epoch 056 | train_loss=118.5858 | test_loss=19.9237 | test_acc=0.9259
2026-04-02 12:01:46,622 | INFO | stage2_run2 | Epoch 057 | train_loss=118.0921 | test_loss=19.8982 | test_acc=0.9226
2026-04-02 12:02:00,877 | INFO | stage2_run2 | Epoch 058 | train_loss=117.3178 | test_loss=19.9432 | test_acc=0.9271
2026-04-02 12:02:15,033 | INFO | stage2_run2 | Epoch 059 | train_loss=117.4311 | test_loss=20.1297 | test_acc=0.9219
2026-04-02 12:02:29,597 | INFO | stage2_run2 | Epoch 060 | train_loss=117.2716 | test_loss=19.6606 | test_acc=0.9328
2026-04-02 12:02:43,867 | INFO | stage2_run2 | Epoch 061 | train_loss=118.0057 | test_loss=20.2859 | test_acc=0.9095
2026-04-02 12:02:57,938 | INFO | stage2_run2 | Epoch 062 | train_loss=117.7125 | test_loss=20.1224 | test_acc=0.9177
2026-04-02 12:03:12,921 | INFO | stage2_run2 | Epoch 063 | train_loss=117.0535 | test_loss=20.1951 | test_acc=0.9228
2026-04-02 12:03:27,556 | INFO | stage2_run2 | Epoch 064 | train_loss=116.6948 | test_loss=19.7565 | test_acc=0.9171
2026-04-02 12:03:41,777 | INFO | stage2_run2 | Epoch 065 | train_loss=117.1761 | test_loss=19.6468 | test_acc=0.9353
2026-04-02 12:03:56,751 | INFO | stage2_run2 | Epoch 066 | train_loss=117.5378 | test_loss=20.5173 | test_acc=0.9046
2026-04-02 12:04:11,496 | INFO | stage2_run2 | Epoch 067 | train_loss=117.3935 | test_loss=19.6135 | test_acc=0.9330
2026-04-02 12:04:25,866 | INFO | stage2_run2 | Epoch 068 | train_loss=116.1030 | test_loss=19.3876 | test_acc=0.9371
2026-04-02 12:04:40,066 | INFO | stage2_run2 | Epoch 069 | train_loss=115.7414 | test_loss=19.4060 | test_acc=0.9359
2026-04-02 12:04:54,642 | INFO | stage2_run2 | Epoch 070 | train_loss=115.5140 | test_loss=19.3051 | test_acc=0.9388
2026-04-02 12:05:09,846 | INFO | stage2_run2 | Epoch 071 | train_loss=115.6264 | test_loss=19.6879 | test_acc=0.9313
2026-04-02 12:05:24,509 | INFO | stage2_run2 | Epoch 072 | train_loss=115.5304 | test_loss=19.2024 | test_acc=0.9389
2026-04-02 12:05:39,014 | INFO | stage2_run2 | Epoch 073 | train_loss=114.5068 | test_loss=19.2854 | test_acc=0.9286
2026-04-02 12:05:53,678 | INFO | stage2_run2 | Epoch 074 | train_loss=116.3174 | test_loss=19.7698 | test_acc=0.9203
2026-04-02 12:06:08,148 | INFO | stage2_run2 | Epoch 075 | train_loss=114.8651 | test_loss=19.5035 | test_acc=0.9285
2026-04-02 12:06:25,967 | INFO | stage2_run2 | Epoch 076 | train_loss=114.9976 | test_loss=19.2264 | test_acc=0.9326
2026-04-02 12:06:42,697 | INFO | stage2_run2 | Epoch 077 | train_loss=115.7489 | test_loss=19.3079 | test_acc=0.9343
2026-04-02 12:06:58,499 | INFO | stage2_run2 | Epoch 078 | train_loss=114.5531 | test_loss=19.2129 | test_acc=0.9346
2026-04-02 12:07:12,833 | INFO | stage2_run2 | Epoch 079 | train_loss=113.4786 | test_loss=19.3381 | test_acc=0.9318
2026-04-02 12:07:27,213 | INFO | stage2_run2 | Epoch 080 | train_loss=113.2024 | test_loss=19.6835 | test_acc=0.9177
2026-04-02 12:07:41,312 | INFO | stage2_run2 | Epoch 081 | train_loss=114.4590 | test_loss=19.2291 | test_acc=0.9320
2026-04-02 12:07:55,308 | INFO | stage2_run2 | Epoch 082 | train_loss=113.9882 | test_loss=19.6194 | test_acc=0.9204
2026-04-02 12:08:09,249 | INFO | stage2_run2 | Epoch 083 | train_loss=113.8063 | test_loss=19.0853 | test_acc=0.9358
2026-04-02 12:08:23,587 | INFO | stage2_run2 | Epoch 084 | train_loss=114.5527 | test_loss=19.6339 | test_acc=0.9154
2026-04-02 12:08:38,191 | INFO | stage2_run2 | Epoch 085 | train_loss=113.9595 | test_loss=19.3175 | test_acc=0.9326
2026-04-02 12:08:53,065 | INFO | stage2_run2 | Epoch 086 | train_loss=112.5299 | test_loss=19.0247 | test_acc=0.9387
2026-04-02 12:09:07,844 | INFO | stage2_run2 | Epoch 087 | train_loss=113.2424 | test_loss=18.9604 | test_acc=0.9398
2026-04-02 12:09:22,321 | INFO | stage2_run2 | Epoch 088 | train_loss=112.9343 | test_loss=19.0941 | test_acc=0.9325
2026-04-02 12:09:36,602 | INFO | stage2_run2 | Epoch 089 | train_loss=113.2702 | test_loss=19.3626 | test_acc=0.9277
2026-04-02 12:09:51,032 | INFO | stage2_run2 | Epoch 090 | train_loss=113.3530 | test_loss=19.2983 | test_acc=0.9282
2026-04-02 12:10:05,473 | INFO | stage2_run2 | Epoch 091 | train_loss=112.9559 | test_loss=19.7786 | test_acc=0.9219
2026-04-02 12:10:19,692 | INFO | stage2_run2 | Epoch 092 | train_loss=114.1340 | test_loss=19.5040 | test_acc=0.9269
2026-04-02 12:10:33,913 | INFO | stage2_run2 | Epoch 093 | train_loss=114.5773 | test_loss=21.0177 | test_acc=0.8854
2026-04-02 12:10:48,044 | INFO | stage2_run2 | Epoch 094 | train_loss=112.7601 | test_loss=18.9608 | test_acc=0.9389
2026-04-02 12:11:02,138 | INFO | stage2_run2 | Epoch 095 | train_loss=112.3820 | test_loss=18.9089 | test_acc=0.9416
2026-04-02 12:11:16,403 | INFO | stage2_run2 | Epoch 096 | train_loss=113.1957 | test_loss=19.5837 | test_acc=0.9167
2026-04-02 12:11:30,576 | INFO | stage2_run2 | Epoch 097 | train_loss=113.2895 | test_loss=19.7196 | test_acc=0.9183
2026-04-02 12:11:47,968 | INFO | stage2_run2 | Epoch 098 | train_loss=112.6829 | test_loss=19.9264 | test_acc=0.9001
2026-04-02 12:12:02,877 | INFO | stage2_run2 | Epoch 099 | train_loss=112.8905 | test_loss=19.1527 | test_acc=0.9325
2026-04-02 12:12:17,747 | INFO | stage2_run2 | Epoch 100 | train_loss=111.6826 | test_loss=19.0626 | test_acc=0.9272
2026-04-02 12:12:32,657 | INFO | stage2_run2 | Epoch 101 | train_loss=113.0321 | test_loss=19.4158 | test_acc=0.9120
2026-04-02 12:12:47,782 | INFO | stage2_run2 | Epoch 102 | train_loss=112.9125 | test_loss=19.1615 | test_acc=0.9323
2026-04-02 12:13:03,327 | INFO | stage2_run2 | Epoch 103 | train_loss=114.8656 | test_loss=18.9961 | test_acc=0.9332
2026-04-02 12:13:18,532 | INFO | stage2_run2 | Epoch 104 | train_loss=112.2542 | test_loss=20.3289 | test_acc=0.9043
2026-04-02 12:13:34,035 | INFO | stage2_run2 | Epoch 105 | train_loss=112.4074 | test_loss=21.1463 | test_acc=0.8844
2026-04-02 12:13:48,606 | INFO | stage2_run2 | Epoch 106 | train_loss=113.3575 | test_loss=19.1947 | test_acc=0.9303
2026-04-02 12:14:02,863 | INFO | stage2_run2 | Epoch 107 | train_loss=112.1565 | test_loss=18.8208 | test_acc=0.9355
2026-04-02 12:14:17,086 | INFO | stage2_run2 | Epoch 108 | train_loss=112.7636 | test_loss=19.3631 | test_acc=0.9290
2026-04-02 12:14:31,346 | INFO | stage2_run2 | Epoch 109 | train_loss=115.5629 | test_loss=18.8540 | test_acc=0.9387
2026-04-02 12:14:45,691 | INFO | stage2_run2 | Epoch 110 | train_loss=112.6581 | test_loss=18.9945 | test_acc=0.9365
2026-04-02 12:14:59,912 | INFO | stage2_run2 | Epoch 111 | train_loss=112.7791 | test_loss=18.7743 | test_acc=0.9419
2026-04-02 12:15:14,435 | INFO | stage2_run2 | Epoch 112 | train_loss=112.8450 | test_loss=20.3391 | test_acc=0.8969
2026-04-02 12:15:28,778 | INFO | stage2_run2 | Epoch 113 | train_loss=113.2103 | test_loss=18.7871 | test_acc=0.9347
2026-04-02 12:15:43,471 | INFO | stage2_run2 | Epoch 114 | train_loss=114.2502 | test_loss=19.2727 | test_acc=0.9260
2026-04-02 12:15:58,596 | INFO | stage2_run2 | Epoch 115 | train_loss=112.9189 | test_loss=19.6589 | test_acc=0.9171
2026-04-02 12:16:13,198 | INFO | stage2_run2 | Epoch 116 | train_loss=112.9269 | test_loss=19.3752 | test_acc=0.9195
2026-04-02 12:16:27,633 | INFO | stage2_run2 | Epoch 117 | train_loss=112.5358 | test_loss=19.3217 | test_acc=0.9190
2026-04-02 12:16:42,038 | INFO | stage2_run2 | Epoch 118 | train_loss=111.3541 | test_loss=18.6897 | test_acc=0.9410
2026-04-02 12:16:56,025 | INFO | stage2_run2 | Epoch 119 | train_loss=110.9100 | test_loss=18.7703 | test_acc=0.9435
2026-04-02 12:17:10,431 | INFO | stage2_run2 | Epoch 120 | train_loss=111.2148 | test_loss=18.7124 | test_acc=0.9439
2026-04-02 12:17:24,594 | INFO | stage2_run2 | Epoch 121 | train_loss=109.7229 | test_loss=19.0294 | test_acc=0.9322
2026-04-02 12:17:40,775 | INFO | stage2_run2 | Epoch 122 | train_loss=111.7209 | test_loss=18.6695 | test_acc=0.9436
2026-04-02 12:17:55,347 | INFO | stage2_run2 | Epoch 123 | train_loss=110.7796 | test_loss=18.7552 | test_acc=0.9415
2026-04-02 12:18:10,797 | INFO | stage2_run2 | Epoch 124 | train_loss=111.8735 | test_loss=18.5527 | test_acc=0.9454
2026-04-02 12:18:26,017 | INFO | stage2_run2 | Epoch 125 | train_loss=111.2434 | test_loss=18.9518 | test_acc=0.9342
2026-04-02 12:18:41,420 | INFO | stage2_run2 | Epoch 126 | train_loss=110.3862 | test_loss=18.4865 | test_acc=0.9501
2026-04-02 12:18:56,482 | INFO | stage2_run2 | Epoch 127 | train_loss=110.2168 | test_loss=18.6382 | test_acc=0.9414
2026-04-02 12:19:11,972 | INFO | stage2_run2 | Epoch 128 | train_loss=110.3765 | test_loss=18.7176 | test_acc=0.9443
2026-04-02 12:19:26,581 | INFO | stage2_run2 | Epoch 129 | train_loss=112.1842 | test_loss=18.7190 | test_acc=0.9333
2026-04-02 12:19:42,123 | INFO | stage2_run2 | Epoch 130 | train_loss=110.4032 | test_loss=18.8395 | test_acc=0.9350
2026-04-02 12:19:57,535 | INFO | stage2_run2 | Epoch 131 | train_loss=109.1184 | test_loss=18.7878 | test_acc=0.9333
2026-04-02 12:20:13,280 | INFO | stage2_run2 | Epoch 132 | train_loss=109.6831 | test_loss=19.3367 | test_acc=0.9230
2026-04-02 12:20:29,859 | INFO | stage2_run2 | Epoch 133 | train_loss=111.6546 | test_loss=18.7354 | test_acc=0.9372
2026-04-02 12:20:46,037 | INFO | stage2_run2 | Epoch 134 | train_loss=111.0644 | test_loss=18.7652 | test_acc=0.9332
2026-04-02 12:21:04,568 | INFO | stage2_run2 | Epoch 135 | train_loss=111.2860 | test_loss=20.5334 | test_acc=0.8840
2026-04-02 12:21:22,777 | INFO | stage2_run2 | Epoch 136 | train_loss=111.3058 | test_loss=18.6816 | test_acc=0.9374
2026-04-02 12:21:37,096 | INFO | stage2_run2 | Epoch 137 | train_loss=111.5843 | test_loss=18.7553 | test_acc=0.9394
2026-04-02 12:21:51,939 | INFO | stage2_run2 | Epoch 138 | train_loss=110.2261 | test_loss=18.5079 | test_acc=0.9442
2026-04-02 12:22:06,867 | INFO | stage2_run2 | Epoch 139 | train_loss=111.5834 | test_loss=18.7888 | test_acc=0.9369
2026-04-02 12:22:22,061 | INFO | stage2_run2 | Epoch 140 | train_loss=109.5304 | test_loss=18.6734 | test_acc=0.9395
2026-04-02 12:22:36,446 | INFO | stage2_run2 | Epoch 141 | train_loss=111.0282 | test_loss=18.5266 | test_acc=0.9400
2026-04-02 12:22:51,016 | INFO | stage2_run2 | Epoch 142 | train_loss=110.4596 | test_loss=18.7837 | test_acc=0.9345
2026-04-02 12:23:05,555 | INFO | stage2_run2 | Epoch 143 | train_loss=110.9129 | test_loss=18.9573 | test_acc=0.9332
2026-04-02 12:23:19,844 | INFO | stage2_run2 | Epoch 144 | train_loss=110.2970 | test_loss=18.9121 | test_acc=0.9205
2026-04-02 12:23:34,209 | INFO | stage2_run2 | Epoch 145 | train_loss=110.7892 | test_loss=19.0001 | test_acc=0.9275
2026-04-02 12:23:48,952 | INFO | stage2_run2 | Epoch 146 | train_loss=110.2323 | test_loss=18.7881 | test_acc=0.9327
2026-04-02 12:24:05,651 | INFO | stage2_run2 | Epoch 147 | train_loss=110.6023 | test_loss=18.8304 | test_acc=0.9350
2026-04-02 12:24:20,200 | INFO | stage2_run2 | Epoch 148 | train_loss=109.8197 | test_loss=18.5803 | test_acc=0.9387
2026-04-02 12:24:34,140 | INFO | stage2_run2 | Epoch 149 | train_loss=110.7307 | test_loss=19.2296 | test_acc=0.9258
2026-04-02 12:24:48,697 | INFO | stage2_run2 | Epoch 150 | train_loss=111.6414 | test_loss=18.9020 | test_acc=0.9310
2026-04-02 12:25:04,088 | INFO | stage2_run2 | Epoch 151 | train_loss=110.6260 | test_loss=19.3735 | test_acc=0.9230
2026-04-02 12:25:20,033 | INFO | stage2_run2 | Epoch 152 | train_loss=110.8692 | test_loss=18.7805 | test_acc=0.9377
2026-04-02 12:25:35,585 | INFO | stage2_run2 | Epoch 153 | train_loss=109.8154 | test_loss=19.7996 | test_acc=0.9010
2026-04-02 12:25:50,406 | INFO | stage2_run2 | Epoch 154 | train_loss=116.1864 | test_loss=21.5371 | test_acc=0.8227
2026-04-02 12:26:05,209 | INFO | stage2_run2 | Epoch 155 | train_loss=111.6263 | test_loss=18.2979 | test_acc=0.9494
2026-04-02 12:26:19,777 | INFO | stage2_run2 | Epoch 156 | train_loss=110.0267 | test_loss=18.6083 | test_acc=0.9401
2026-04-02 12:26:34,155 | INFO | stage2_run2 | Epoch 157 | train_loss=110.3405 | test_loss=18.7598 | test_acc=0.9385
2026-04-02 12:26:49,408 | INFO | stage2_run2 | Epoch 158 | train_loss=109.4523 | test_loss=18.3356 | test_acc=0.9474
2026-04-02 12:27:05,987 | INFO | stage2_run2 | Epoch 159 | train_loss=110.1072 | test_loss=18.3651 | test_acc=0.9466
2026-04-02 12:27:20,830 | INFO | stage2_run2 | Epoch 160 | train_loss=110.7625 | test_loss=19.0934 | test_acc=0.9235
2026-04-02 12:27:35,220 | INFO | stage2_run2 | Epoch 161 | train_loss=112.4999 | test_loss=19.2127 | test_acc=0.9256
2026-04-02 12:27:50,043 | INFO | stage2_run2 | Epoch 162 | train_loss=111.3212 | test_loss=18.8112 | test_acc=0.9334
2026-04-02 12:28:04,186 | INFO | stage2_run2 | Epoch 163 | train_loss=112.2719 | test_loss=18.5170 | test_acc=0.9424
2026-04-02 12:28:18,540 | INFO | stage2_run2 | Epoch 164 | train_loss=109.9437 | test_loss=18.5155 | test_acc=0.9401
2026-04-02 12:28:32,777 | INFO | stage2_run2 | Epoch 165 | train_loss=109.9752 | test_loss=19.2694 | test_acc=0.9173
2026-04-02 12:28:46,992 | INFO | stage2_run2 | Epoch 166 | train_loss=109.2147 | test_loss=18.3380 | test_acc=0.9497
2026-04-02 12:29:01,215 | INFO | stage2_run2 | Epoch 167 | train_loss=110.8521 | test_loss=19.1760 | test_acc=0.9243
2026-04-02 12:29:15,771 | INFO | stage2_run2 | Epoch 168 | train_loss=110.7510 | test_loss=19.0145 | test_acc=0.9303
2026-04-02 12:29:30,311 | INFO | stage2_run2 | Epoch 169 | train_loss=110.5618 | test_loss=19.3173 | test_acc=0.9161
2026-04-02 12:29:44,855 | INFO | stage2_run2 | Epoch 170 | train_loss=110.4500 | test_loss=19.3192 | test_acc=0.9203
2026-04-02 12:29:59,042 | INFO | stage2_run2 | Epoch 171 | train_loss=111.5757 | test_loss=18.3117 | test_acc=0.9489
2026-04-02 12:30:15,857 | INFO | stage2_run2 | Epoch 172 | train_loss=110.3248 | test_loss=18.2496 | test_acc=0.9472
2026-04-02 12:30:30,941 | INFO | stage2_run2 | Epoch 173 | train_loss=108.8894 | test_loss=18.4236 | test_acc=0.9469
2026-04-02 12:30:45,794 | INFO | stage2_run2 | Epoch 174 | train_loss=108.5276 | test_loss=18.6153 | test_acc=0.9408
2026-04-02 12:31:00,609 | INFO | stage2_run2 | Epoch 175 | train_loss=111.0272 | test_loss=18.9130 | test_acc=0.9303
2026-04-02 12:31:16,565 | INFO | stage2_run2 | Epoch 176 | train_loss=110.0076 | test_loss=18.6905 | test_acc=0.9370
2026-04-02 12:31:31,029 | INFO | stage2_run2 | Epoch 177 | train_loss=109.0294 | test_loss=18.5299 | test_acc=0.9413
2026-04-02 12:31:45,323 | INFO | stage2_run2 | Epoch 178 | train_loss=108.9430 | test_loss=18.9022 | test_acc=0.9202
2026-04-02 12:32:00,563 | INFO | stage2_run2 | Epoch 179 | train_loss=108.5130 | test_loss=18.6234 | test_acc=0.9357
2026-04-02 12:32:16,602 | INFO | stage2_run2 | Epoch 180 | train_loss=107.5738 | test_loss=18.1094 | test_acc=0.9463
2026-04-02 12:32:31,534 | INFO | stage2_run2 | Epoch 181 | train_loss=107.7794 | test_loss=18.3073 | test_acc=0.9384
2026-04-02 12:32:47,490 | INFO | stage2_run2 | Epoch 182 | train_loss=109.2804 | test_loss=18.9034 | test_acc=0.9319
2026-04-02 12:33:02,722 | INFO | stage2_run2 | Epoch 183 | train_loss=108.2992 | test_loss=21.1453 | test_acc=0.8641
2026-04-02 12:33:18,511 | INFO | stage2_run2 | Epoch 184 | train_loss=110.1379 | test_loss=18.6785 | test_acc=0.9332
2026-04-02 12:33:34,526 | INFO | stage2_run2 | Epoch 185 | train_loss=108.8043 | test_loss=18.1686 | test_acc=0.9460
2026-04-02 12:33:48,682 | INFO | stage2_run2 | Epoch 186 | train_loss=109.3393 | test_loss=18.1283 | test_acc=0.9487
2026-04-02 12:34:02,757 | INFO | stage2_run2 | Epoch 187 | train_loss=107.9643 | test_loss=18.5990 | test_acc=0.9331
2026-04-02 12:34:16,960 | INFO | stage2_run2 | Epoch 188 | train_loss=108.4757 | test_loss=18.7570 | test_acc=0.9280
2026-04-02 12:34:31,100 | INFO | stage2_run2 | Epoch 189 | train_loss=108.4572 | test_loss=18.5429 | test_acc=0.9337
2026-04-02 12:34:46,570 | INFO | stage2_run2 | Epoch 190 | train_loss=108.7656 | test_loss=18.2823 | test_acc=0.9419
2026-04-02 12:35:01,685 | INFO | stage2_run2 | Epoch 191 | train_loss=107.4539 | test_loss=19.0352 | test_acc=0.9202
2026-04-02 12:35:15,898 | INFO | stage2_run2 | Epoch 192 | train_loss=109.7370 | test_loss=18.7675 | test_acc=0.9308
2026-04-02 12:35:30,032 | INFO | stage2_run2 | Epoch 193 | train_loss=108.3643 | test_loss=19.5825 | test_acc=0.9091
2026-04-02 12:35:44,239 | INFO | stage2_run2 | Epoch 194 | train_loss=108.7206 | test_loss=18.3510 | test_acc=0.9413
2026-04-02 12:35:58,633 | INFO | stage2_run2 | Epoch 195 | train_loss=107.3039 | test_loss=18.2326 | test_acc=0.9429
2026-04-02 12:36:12,801 | INFO | stage2_run2 | Epoch 196 | train_loss=107.8595 | test_loss=18.2128 | test_acc=0.9442
2026-04-02 12:36:27,405 | INFO | stage2_run2 | Epoch 197 | train_loss=107.7330 | test_loss=18.0014 | test_acc=0.9494
2026-04-02 12:36:42,108 | INFO | stage2_run2 | Epoch 198 | train_loss=107.1214 | test_loss=18.7303 | test_acc=0.9238
2026-04-02 12:36:56,328 | INFO | stage2_run2 | Epoch 199 | train_loss=110.9246 | test_loss=18.8265 | test_acc=0.9246
2026-04-02 12:37:10,445 | INFO | stage2_run2 | Epoch 200 | train_loss=109.3501 | test_loss=18.1383 | test_acc=0.9414
2026-04-02 12:37:25,053 | INFO | stage2_run3 | Epoch 001 | train_loss=235.1131 | test_loss=35.5151 | test_acc=0.3581
2026-04-02 12:37:42,133 | INFO | stage2_run3 | Epoch 002 | train_loss=196.9670 | test_loss=31.7479 | test_acc=0.3535
2026-04-02 12:37:56,746 | INFO | stage2_run3 | Epoch 003 | train_loss=182.2412 | test_loss=30.1235 | test_acc=0.4927
2026-04-02 12:38:10,969 | INFO | stage2_run3 | Epoch 004 | train_loss=173.8826 | test_loss=28.8780 | test_acc=0.4721
2026-04-02 12:38:25,216 | INFO | stage2_run3 | Epoch 005 | train_loss=167.8882 | test_loss=28.0214 | test_acc=0.5487
2026-04-02 12:38:39,958 | INFO | stage2_run3 | Epoch 006 | train_loss=162.6611 | test_loss=27.4149 | test_acc=0.5449
2026-04-02 12:38:56,181 | INFO | stage2_run3 | Epoch 007 | train_loss=157.5451 | test_loss=26.3454 | test_acc=0.5581
2026-04-02 12:39:12,477 | INFO | stage2_run3 | Epoch 008 | train_loss=153.0823 | test_loss=25.6047 | test_acc=0.6581
2026-04-02 12:39:27,286 | INFO | stage2_run3 | Epoch 009 | train_loss=148.9006 | test_loss=24.9798 | test_acc=0.7064
2026-04-02 12:39:43,746 | INFO | stage2_run3 | Epoch 010 | train_loss=145.8948 | test_loss=25.0833 | test_acc=0.6551
2026-04-02 12:39:59,261 | INFO | stage2_run3 | Epoch 011 | train_loss=142.7644 | test_loss=24.2112 | test_acc=0.6948
2026-04-02 12:40:16,245 | INFO | stage2_run3 | Epoch 012 | train_loss=138.7191 | test_loss=23.0758 | test_acc=0.7264
2026-04-02 12:40:31,758 | INFO | stage2_run3 | Epoch 013 | train_loss=135.3029 | test_loss=22.7141 | test_acc=0.7409
2026-04-02 12:40:45,770 | INFO | stage2_run3 | Epoch 014 | train_loss=134.0247 | test_loss=22.2592 | test_acc=0.7811
2026-04-02 12:40:59,647 | INFO | stage2_run3 | Epoch 015 | train_loss=132.4339 | test_loss=22.2626 | test_acc=0.7569
2026-04-02 12:41:14,983 | INFO | stage2_run3 | Epoch 016 | train_loss=130.1628 | test_loss=21.7846 | test_acc=0.7998
2026-04-02 12:41:29,778 | INFO | stage2_run3 | Epoch 017 | train_loss=128.5363 | test_loss=21.3363 | test_acc=0.8181
2026-04-02 12:41:44,490 | INFO | stage2_run3 | Epoch 018 | train_loss=126.1457 | test_loss=21.2646 | test_acc=0.8501
2026-04-02 12:42:00,964 | INFO | stage2_run3 | Epoch 019 | train_loss=124.4403 | test_loss=20.8270 | test_acc=0.8500
2026-04-02 12:42:15,501 | INFO | stage2_run3 | Epoch 020 | train_loss=123.5489 | test_loss=21.0037 | test_acc=0.8369
2026-04-02 12:42:29,899 | INFO | stage2_run3 | Epoch 021 | train_loss=123.8857 | test_loss=20.9603 | test_acc=0.8402
2026-04-02 12:42:46,101 | INFO | stage2_run3 | Epoch 022 | train_loss=122.3303 | test_loss=20.8787 | test_acc=0.8643
2026-04-02 12:43:00,331 | INFO | stage2_run3 | Epoch 023 | train_loss=121.5184 | test_loss=20.5874 | test_acc=0.8867
2026-04-02 12:43:14,662 | INFO | stage2_run3 | Epoch 024 | train_loss=120.1252 | test_loss=20.2098 | test_acc=0.8816
2026-04-02 12:43:29,194 | INFO | stage2_run3 | Epoch 025 | train_loss=118.7581 | test_loss=20.2117 | test_acc=0.9013
2026-04-02 12:43:43,239 | INFO | stage2_run3 | Epoch 026 | train_loss=119.1175 | test_loss=21.2611 | test_acc=0.8446
2026-04-02 12:43:57,198 | INFO | stage2_run3 | Epoch 027 | train_loss=120.2050 | test_loss=19.9080 | test_acc=0.8961
2026-04-02 12:44:11,587 | INFO | stage2_run3 | Epoch 028 | train_loss=119.6023 | test_loss=20.2433 | test_acc=0.9081
2026-04-02 12:44:25,818 | INFO | stage2_run3 | Epoch 029 | train_loss=118.2508 | test_loss=20.5053 | test_acc=0.8985
2026-04-02 12:44:40,576 | INFO | stage2_run3 | Epoch 030 | train_loss=116.5609 | test_loss=20.0062 | test_acc=0.8893
2026-04-02 12:44:54,931 | INFO | stage2_run3 | Epoch 031 | train_loss=116.1983 | test_loss=19.5480 | test_acc=0.9027
2026-04-02 12:45:09,267 | INFO | stage2_run3 | Epoch 032 | train_loss=115.9067 | test_loss=19.6720 | test_acc=0.9120
2026-04-02 12:45:23,774 | INFO | stage2_run3 | Epoch 033 | train_loss=114.2954 | test_loss=19.5580 | test_acc=0.9049
2026-04-02 12:45:38,874 | INFO | stage2_run3 | Epoch 034 | train_loss=114.5372 | test_loss=19.5422 | test_acc=0.9098
2026-04-02 12:45:53,950 | INFO | stage2_run3 | Epoch 035 | train_loss=116.4472 | test_loss=19.4064 | test_acc=0.8972
2026-04-02 12:46:09,188 | INFO | stage2_run3 | Epoch 036 | train_loss=114.7406 | test_loss=19.2765 | test_acc=0.9159
2026-04-02 12:46:23,195 | INFO | stage2_run3 | Epoch 037 | train_loss=112.8708 | test_loss=19.2615 | test_acc=0.9158
2026-04-02 12:46:37,281 | INFO | stage2_run3 | Epoch 038 | train_loss=113.6878 | test_loss=18.9211 | test_acc=0.9270
2026-04-02 12:46:51,231 | INFO | stage2_run3 | Epoch 039 | train_loss=112.1003 | test_loss=18.9844 | test_acc=0.9307
2026-04-02 12:47:05,170 | INFO | stage2_run3 | Epoch 040 | train_loss=112.3955 | test_loss=19.1163 | test_acc=0.9230
2026-04-02 12:47:19,339 | INFO | stage2_run3 | Epoch 041 | train_loss=111.5596 | test_loss=19.3237 | test_acc=0.9212
2026-04-02 12:47:33,499 | INFO | stage2_run3 | Epoch 042 | train_loss=112.9568 | test_loss=19.1494 | test_acc=0.9188
2026-04-02 12:47:47,526 | INFO | stage2_run3 | Epoch 043 | train_loss=111.4243 | test_loss=18.7813 | test_acc=0.9292
2026-04-02 12:48:01,553 | INFO | stage2_run3 | Epoch 044 | train_loss=110.8016 | test_loss=18.8697 | test_acc=0.9214
2026-04-02 12:48:15,590 | INFO | stage2_run3 | Epoch 045 | train_loss=109.9197 | test_loss=18.5985 | test_acc=0.9319
2026-04-02 12:48:29,638 | INFO | stage2_run3 | Epoch 046 | train_loss=111.1175 | test_loss=18.7207 | test_acc=0.9332
2026-04-02 12:48:43,712 | INFO | stage2_run3 | Epoch 047 | train_loss=109.6318 | test_loss=18.4855 | test_acc=0.9337
2026-04-02 12:48:57,907 | INFO | stage2_run3 | Epoch 048 | train_loss=109.3019 | test_loss=18.4065 | test_acc=0.9360
2026-04-02 12:49:11,918 | INFO | stage2_run3 | Epoch 049 | train_loss=108.4006 | test_loss=18.4317 | test_acc=0.9355
2026-04-02 12:49:25,860 | INFO | stage2_run3 | Epoch 050 | train_loss=108.9554 | test_loss=18.7963 | test_acc=0.9211
2026-04-02 12:49:39,896 | INFO | stage2_run3 | Epoch 051 | train_loss=109.0920 | test_loss=18.5259 | test_acc=0.9310
2026-04-02 12:49:54,238 | INFO | stage2_run3 | Epoch 052 | train_loss=108.3113 | test_loss=18.3767 | test_acc=0.9382
2026-04-02 12:50:09,130 | INFO | stage2_run3 | Epoch 053 | train_loss=108.8022 | test_loss=18.1952 | test_acc=0.9420
2026-04-02 12:50:26,047 | INFO | stage2_run3 | Epoch 054 | train_loss=108.2897 | test_loss=18.1638 | test_acc=0.9414
2026-04-02 12:50:43,965 | INFO | stage2_run3 | Epoch 055 | train_loss=108.5804 | test_loss=18.7634 | test_acc=0.9224
2026-04-02 12:50:58,963 | INFO | stage2_run3 | Epoch 056 | train_loss=107.8385 | test_loss=18.4088 | test_acc=0.9315
2026-04-02 12:51:13,404 | INFO | stage2_run3 | Epoch 057 | train_loss=107.8885 | test_loss=18.1986 | test_acc=0.9420
2026-04-02 12:51:27,587 | INFO | stage2_run3 | Epoch 058 | train_loss=107.4596 | test_loss=17.9560 | test_acc=0.9413
2026-04-02 12:51:41,661 | INFO | stage2_run3 | Epoch 059 | train_loss=106.8380 | test_loss=18.3133 | test_acc=0.9337
2026-04-02 12:51:56,682 | INFO | stage2_run3 | Epoch 060 | train_loss=107.6780 | test_loss=18.1652 | test_acc=0.9400
2026-04-02 12:52:11,656 | INFO | stage2_run3 | Epoch 061 | train_loss=107.0517 | test_loss=18.0866 | test_acc=0.9367
2026-04-02 12:52:26,256 | INFO | stage2_run3 | Epoch 062 | train_loss=107.3583 | test_loss=18.0020 | test_acc=0.9452
2026-04-02 12:52:40,363 | INFO | stage2_run3 | Epoch 063 | train_loss=106.6765 | test_loss=18.0908 | test_acc=0.9404
2026-04-02 12:52:54,524 | INFO | stage2_run3 | Epoch 064 | train_loss=106.3218 | test_loss=18.1555 | test_acc=0.9318
2026-04-02 12:53:08,726 | INFO | stage2_run3 | Epoch 065 | train_loss=106.6592 | test_loss=18.7910 | test_acc=0.9116
2026-04-02 12:53:22,995 | INFO | stage2_run3 | Epoch 066 | train_loss=105.4136 | test_loss=17.7163 | test_acc=0.9429
2026-04-02 12:53:38,393 | INFO | stage2_run3 | Epoch 067 | train_loss=105.8934 | test_loss=17.9612 | test_acc=0.9382
2026-04-02 12:53:53,134 | INFO | stage2_run3 | Epoch 068 | train_loss=104.8224 | test_loss=18.5539 | test_acc=0.9190
2026-04-02 12:54:07,142 | INFO | stage2_run3 | Epoch 069 | train_loss=104.1669 | test_loss=17.8962 | test_acc=0.9310
2026-04-02 12:54:21,431 | INFO | stage2_run3 | Epoch 070 | train_loss=103.5684 | test_loss=17.6824 | test_acc=0.9440
2026-04-02 12:54:35,851 | INFO | stage2_run3 | Epoch 071 | train_loss=104.3130 | test_loss=17.5231 | test_acc=0.9469
2026-04-02 12:54:50,197 | INFO | stage2_run3 | Epoch 072 | train_loss=104.0783 | test_loss=17.9837 | test_acc=0.9287
2026-04-02 12:55:04,336 | INFO | stage2_run3 | Epoch 073 | train_loss=104.1252 | test_loss=17.9831 | test_acc=0.9323
2026-04-02 12:55:18,406 | INFO | stage2_run3 | Epoch 074 | train_loss=105.0194 | test_loss=17.7987 | test_acc=0.9358
2026-04-02 12:55:32,680 | INFO | stage2_run3 | Epoch 075 | train_loss=103.2081 | test_loss=17.3322 | test_acc=0.9493
2026-04-02 12:55:46,731 | INFO | stage2_run3 | Epoch 076 | train_loss=103.3738 | test_loss=17.6217 | test_acc=0.9393
2026-04-02 12:56:02,341 | INFO | stage2_run3 | Epoch 077 | train_loss=104.0322 | test_loss=17.2175 | test_acc=0.9490
2026-04-02 12:56:18,962 | INFO | stage2_run3 | Epoch 078 | train_loss=103.4433 | test_loss=17.5176 | test_acc=0.9438
2026-04-02 12:56:34,160 | INFO | stage2_run3 | Epoch 079 | train_loss=103.3656 | test_loss=17.8008 | test_acc=0.9308
2026-04-02 12:56:49,130 | INFO | stage2_run3 | Epoch 080 | train_loss=104.1371 | test_loss=18.0255 | test_acc=0.9296
2026-04-02 12:57:04,222 | INFO | stage2_run3 | Epoch 081 | train_loss=104.0897 | test_loss=17.3393 | test_acc=0.9459
2026-04-02 12:57:18,843 | INFO | stage2_run3 | Epoch 082 | train_loss=102.6482 | test_loss=17.4591 | test_acc=0.9472
2026-04-02 12:57:34,135 | INFO | stage2_run3 | Epoch 083 | train_loss=102.9635 | test_loss=17.3871 | test_acc=0.9459
2026-04-02 12:57:51,113 | INFO | stage2_run3 | Epoch 084 | train_loss=103.1916 | test_loss=17.2604 | test_acc=0.9481
2026-04-02 12:58:08,090 | INFO | stage2_run3 | Epoch 085 | train_loss=102.1856 | test_loss=17.4373 | test_acc=0.9385
2026-04-02 12:58:23,651 | INFO | stage2_run3 | Epoch 086 | train_loss=102.7799 | test_loss=17.3515 | test_acc=0.9439
2026-04-02 12:58:39,661 | INFO | stage2_run3 | Epoch 087 | train_loss=101.1464 | test_loss=17.1332 | test_acc=0.9469
2026-04-02 12:58:57,438 | INFO | stage2_run3 | Epoch 088 | train_loss=101.0996 | test_loss=17.6194 | test_acc=0.9349
2026-04-02 12:59:12,462 | INFO | stage2_run3 | Epoch 089 | train_loss=102.6472 | test_loss=17.7534 | test_acc=0.9279
2026-04-02 12:59:29,224 | INFO | stage2_run3 | Epoch 090 | train_loss=101.2798 | test_loss=16.9729 | test_acc=0.9486
2026-04-02 12:59:44,216 | INFO | stage2_run3 | Epoch 091 | train_loss=100.8106 | test_loss=17.3053 | test_acc=0.9411
2026-04-02 12:59:59,141 | INFO | stage2_run3 | Epoch 092 | train_loss=100.9290 | test_loss=17.1715 | test_acc=0.9446
2026-04-02 13:00:14,124 | INFO | stage2_run3 | Epoch 093 | train_loss=102.0195 | test_loss=16.9102 | test_acc=0.9508
2026-04-02 13:00:29,060 | INFO | stage2_run3 | Epoch 094 | train_loss=100.8375 | test_loss=17.1077 | test_acc=0.9469
2026-04-02 13:00:44,119 | INFO | stage2_run3 | Epoch 095 | train_loss=102.3885 | test_loss=17.1948 | test_acc=0.9418
2026-04-02 13:00:58,265 | INFO | stage2_run3 | Epoch 096 | train_loss=101.3979 | test_loss=17.3031 | test_acc=0.9421
2026-04-02 13:01:12,149 | INFO | stage2_run3 | Epoch 097 | train_loss=101.4117 | test_loss=17.3843 | test_acc=0.9354
2026-04-02 13:01:26,081 | INFO | stage2_run3 | Epoch 098 | train_loss=102.1054 | test_loss=17.4314 | test_acc=0.9352
2026-04-02 13:01:40,189 | INFO | stage2_run3 | Epoch 099 | train_loss=101.1283 | test_loss=16.9866 | test_acc=0.9457
2026-04-02 13:01:54,467 | INFO | stage2_run3 | Epoch 100 | train_loss=101.1664 | test_loss=17.2470 | test_acc=0.9384
2026-04-02 13:02:08,877 | INFO | stage2_run3 | Epoch 101 | train_loss=101.1146 | test_loss=18.1870 | test_acc=0.9146
2026-04-02 13:02:25,213 | INFO | stage2_run3 | Epoch 102 | train_loss=100.9460 | test_loss=17.0905 | test_acc=0.9416
2026-04-02 13:02:39,969 | INFO | stage2_run3 | Epoch 103 | train_loss=101.0873 | test_loss=17.4765 | test_acc=0.9343
2026-04-02 13:02:53,975 | INFO | stage2_run3 | Epoch 104 | train_loss=100.7796 | test_loss=17.2022 | test_acc=0.9406
2026-04-02 13:03:08,089 | INFO | stage2_run3 | Epoch 105 | train_loss=101.0993 | test_loss=17.1053 | test_acc=0.9417
2026-04-02 13:03:22,186 | INFO | stage2_run3 | Epoch 106 | train_loss=100.1072 | test_loss=17.1265 | test_acc=0.9426
2026-04-02 13:03:36,149 | INFO | stage2_run3 | Epoch 107 | train_loss=99.2570 | test_loss=16.7620 | test_acc=0.9529
2026-04-02 13:03:50,294 | INFO | stage2_run3 | Epoch 108 | train_loss=99.6562 | test_loss=16.6504 | test_acc=0.9512
2026-04-02 13:04:04,292 | INFO | stage2_run3 | Epoch 109 | train_loss=99.9497 | test_loss=16.7673 | test_acc=0.9486
2026-04-02 13:04:18,278 | INFO | stage2_run3 | Epoch 110 | train_loss=102.7652 | test_loss=17.4276 | test_acc=0.9325
2026-04-02 13:04:32,202 | INFO | stage2_run3 | Epoch 111 | train_loss=100.6215 | test_loss=17.0929 | test_acc=0.9433
2026-04-02 13:04:47,089 | INFO | stage2_run3 | Epoch 112 | train_loss=100.6015 | test_loss=16.8058 | test_acc=0.9476
2026-04-02 13:05:01,755 | INFO | stage2_run3 | Epoch 113 | train_loss=99.5744 | test_loss=16.7960 | test_acc=0.9456
2026-04-02 13:05:19,350 | INFO | stage2_run3 | Epoch 114 | train_loss=97.4914 | test_loss=17.0882 | test_acc=0.9380
2026-04-02 13:05:35,926 | INFO | stage2_run3 | Epoch 115 | train_loss=98.5846 | test_loss=16.9122 | test_acc=0.9421
2026-04-02 13:05:51,439 | INFO | stage2_run3 | Epoch 116 | train_loss=98.7611 | test_loss=16.6239 | test_acc=0.9510
2026-04-02 13:06:07,421 | INFO | stage2_run3 | Epoch 117 | train_loss=98.7082 | test_loss=16.6743 | test_acc=0.9490
2026-04-02 13:06:21,845 | INFO | stage2_run3 | Epoch 118 | train_loss=98.1977 | test_loss=16.6604 | test_acc=0.9467
2026-04-02 13:06:36,046 | INFO | stage2_run3 | Epoch 119 | train_loss=98.3699 | test_loss=16.8752 | test_acc=0.9430
2026-04-02 13:06:50,383 | INFO | stage2_run3 | Epoch 120 | train_loss=99.4610 | test_loss=16.7201 | test_acc=0.9460
2026-04-02 13:07:04,534 | INFO | stage2_run3 | Epoch 121 | train_loss=98.3587 | test_loss=16.6902 | test_acc=0.9457
2026-04-02 13:07:18,630 | INFO | stage2_run3 | Epoch 122 | train_loss=99.0126 | test_loss=17.0714 | test_acc=0.9390
2026-04-02 13:07:32,641 | INFO | stage2_run3 | Epoch 123 | train_loss=98.5509 | test_loss=17.2198 | test_acc=0.9365
2026-04-02 13:07:46,643 | INFO | stage2_run3 | Epoch 124 | train_loss=99.0901 | test_loss=16.5819 | test_acc=0.9511
2026-04-02 13:08:00,626 | INFO | stage2_run3 | Epoch 125 | train_loss=99.8740 | test_loss=16.6877 | test_acc=0.9489
2026-04-02 13:08:15,019 | INFO | stage2_run3 | Epoch 126 | train_loss=98.1488 | test_loss=16.6184 | test_acc=0.9508
2026-04-02 13:08:29,963 | INFO | stage2_run3 | Epoch 127 | train_loss=98.1019 | test_loss=17.0318 | test_acc=0.9388
2026-04-02 13:08:44,734 | INFO | stage2_run3 | Epoch 128 | train_loss=98.7985 | test_loss=16.9385 | test_acc=0.9413
2026-04-02 13:08:59,340 | INFO | stage2_run3 | Epoch 129 | train_loss=98.0202 | test_loss=16.5078 | test_acc=0.9498
2026-04-02 13:09:13,464 | INFO | stage2_run3 | Epoch 130 | train_loss=99.3790 | test_loss=16.5733 | test_acc=0.9524
2026-04-02 13:09:27,843 | INFO | stage2_run3 | Epoch 131 | train_loss=97.7697 | test_loss=16.5539 | test_acc=0.9522
2026-04-02 13:09:42,376 | INFO | stage2_run3 | Epoch 132 | train_loss=97.7798 | test_loss=16.5183 | test_acc=0.9514
2026-04-02 13:09:56,640 | INFO | stage2_run3 | Epoch 133 | train_loss=99.6772 | test_loss=17.6845 | test_acc=0.9245
2026-04-02 13:10:11,062 | INFO | stage2_run3 | Epoch 134 | train_loss=98.8183 | test_loss=16.7603 | test_acc=0.9457
2026-04-02 13:10:25,406 | INFO | stage2_run3 | Epoch 135 | train_loss=98.1546 | test_loss=16.9063 | test_acc=0.9436
2026-04-02 13:10:40,214 | INFO | stage2_run3 | Epoch 136 | train_loss=100.1815 | test_loss=16.6480 | test_acc=0.9449
2026-04-02 13:10:54,942 | INFO | stage2_run3 | Epoch 137 | train_loss=98.3761 | test_loss=16.8157 | test_acc=0.9426
2026-04-02 13:11:09,575 | INFO | stage2_run3 | Epoch 138 | train_loss=98.2013 | test_loss=16.4691 | test_acc=0.9544
2026-04-02 13:11:24,507 | INFO | stage2_run3 | Epoch 139 | train_loss=98.1864 | test_loss=16.9342 | test_acc=0.9396
2026-04-02 13:11:39,431 | INFO | stage2_run3 | Epoch 140 | train_loss=97.9623 | test_loss=17.0234 | test_acc=0.9377
2026-04-02 13:11:53,383 | INFO | stage2_run3 | Epoch 141 | train_loss=99.3995 | test_loss=16.6585 | test_acc=0.9457
2026-04-02 13:12:07,382 | INFO | stage2_run3 | Epoch 142 | train_loss=98.6971 | test_loss=16.4029 | test_acc=0.9542
2026-04-02 13:12:22,360 | INFO | stage2_run3 | Epoch 143 | train_loss=100.3666 | test_loss=16.8756 | test_acc=0.9385
2026-04-02 13:12:37,209 | INFO | stage2_run3 | Epoch 144 | train_loss=98.4897 | test_loss=16.7856 | test_acc=0.9449
2026-04-02 13:12:51,483 | INFO | stage2_run3 | Epoch 145 | train_loss=98.7125 | test_loss=16.5569 | test_acc=0.9510
2026-04-02 13:13:05,490 | INFO | stage2_run3 | Epoch 146 | train_loss=98.9114 | test_loss=16.3651 | test_acc=0.9553
2026-04-02 13:13:19,509 | INFO | stage2_run3 | Epoch 147 | train_loss=98.0329 | test_loss=16.7231 | test_acc=0.9454
2026-04-02 13:13:33,972 | INFO | stage2_run3 | Epoch 148 | train_loss=98.5761 | test_loss=16.5923 | test_acc=0.9488
2026-04-02 13:13:48,862 | INFO | stage2_run3 | Epoch 149 | train_loss=98.9271 | test_loss=16.7404 | test_acc=0.9475
2026-04-02 13:14:04,055 | INFO | stage2_run3 | Epoch 150 | train_loss=98.1355 | test_loss=16.6924 | test_acc=0.9469
2026-04-02 13:14:18,314 | INFO | stage2_run3 | Epoch 151 | train_loss=98.8706 | test_loss=16.7269 | test_acc=0.9477
2026-04-02 13:14:32,742 | INFO | stage2_run3 | Epoch 152 | train_loss=98.0830 | test_loss=16.6966 | test_acc=0.9497
2026-04-02 13:14:47,297 | INFO | stage2_run3 | Epoch 153 | train_loss=97.9483 | test_loss=16.3420 | test_acc=0.9563
2026-04-02 13:15:01,685 | INFO | stage2_run3 | Epoch 154 | train_loss=98.3602 | test_loss=17.0266 | test_acc=0.9387
2026-04-02 13:15:16,376 | INFO | stage2_run3 | Epoch 155 | train_loss=98.5717 | test_loss=17.4822 | test_acc=0.9265
2026-04-02 13:15:31,628 | INFO | stage2_run3 | Epoch 156 | train_loss=100.1474 | test_loss=16.8346 | test_acc=0.9432
2026-04-02 13:15:46,494 | INFO | stage2_run3 | Epoch 157 | train_loss=97.9348 | test_loss=16.8966 | test_acc=0.9437
2026-04-02 13:16:03,245 | INFO | stage2_run3 | Epoch 158 | train_loss=97.6740 | test_loss=16.5436 | test_acc=0.9488
2026-04-02 13:16:19,083 | INFO | stage2_run3 | Epoch 159 | train_loss=96.8829 | test_loss=16.4992 | test_acc=0.9505
2026-04-02 13:16:34,322 | INFO | stage2_run3 | Epoch 160 | train_loss=96.7729 | test_loss=16.3363 | test_acc=0.9566
2026-04-02 13:16:49,301 | INFO | stage2_run3 | Epoch 161 | train_loss=97.4442 | test_loss=16.3458 | test_acc=0.9560
2026-04-02 13:17:04,689 | INFO | stage2_run3 | Epoch 162 | train_loss=97.3016 | test_loss=16.5617 | test_acc=0.9489
2026-04-02 13:17:21,979 | INFO | stage2_run3 | Epoch 163 | train_loss=96.8008 | test_loss=16.6282 | test_acc=0.9485
2026-04-02 13:17:37,419 | INFO | stage2_run3 | Epoch 164 | train_loss=98.6328 | test_loss=16.5142 | test_acc=0.9496
2026-04-02 13:17:51,643 | INFO | stage2_run3 | Epoch 165 | train_loss=98.7047 | test_loss=16.6650 | test_acc=0.9436
2026-04-02 13:18:06,265 | INFO | stage2_run3 | Epoch 166 | train_loss=98.6002 | test_loss=16.8980 | test_acc=0.9418
2026-04-02 13:18:20,543 | INFO | stage2_run3 | Epoch 167 | train_loss=96.4629 | test_loss=16.3045 | test_acc=0.9552
2026-04-02 13:18:34,846 | INFO | stage2_run3 | Epoch 168 | train_loss=97.9198 | test_loss=16.7563 | test_acc=0.9441
2026-04-02 13:18:52,599 | INFO | stage2_run3 | Epoch 169 | train_loss=98.2234 | test_loss=16.4618 | test_acc=0.9518
2026-04-02 13:19:06,753 | INFO | stage2_run3 | Epoch 170 | train_loss=98.1655 | test_loss=16.5917 | test_acc=0.9461
2026-04-02 13:19:21,122 | INFO | stage2_run3 | Epoch 171 | train_loss=99.4474 | test_loss=16.7782 | test_acc=0.9417
2026-04-02 13:19:35,143 | INFO | stage2_run3 | Epoch 172 | train_loss=97.7453 | test_loss=16.4551 | test_acc=0.9516
2026-04-02 13:19:49,357 | INFO | stage2_run3 | Epoch 173 | train_loss=97.0731 | test_loss=16.9912 | test_acc=0.9378
2026-04-02 13:20:05,903 | INFO | stage2_run3 | Epoch 174 | train_loss=98.2836 | test_loss=16.3552 | test_acc=0.9549
2026-04-02 13:20:21,470 | INFO | stage2_run3 | Epoch 175 | train_loss=96.3703 | test_loss=16.3377 | test_acc=0.9527
2026-04-02 13:20:35,638 | INFO | stage2_run3 | Epoch 176 | train_loss=97.5669 | test_loss=16.8532 | test_acc=0.9401
2026-04-02 13:20:50,540 | INFO | stage2_run3 | Epoch 177 | train_loss=97.1250 | test_loss=16.3254 | test_acc=0.9522
2026-04-02 13:21:05,024 | INFO | stage2_run3 | Epoch 178 | train_loss=97.9616 | test_loss=16.7916 | test_acc=0.9417
2026-04-02 13:21:19,968 | INFO | stage2_run3 | Epoch 179 | train_loss=99.0778 | test_loss=16.5111 | test_acc=0.9495
2026-04-02 13:21:34,790 | INFO | stage2_run3 | Epoch 180 | train_loss=98.0156 | test_loss=16.4298 | test_acc=0.9488
2026-04-02 13:21:49,176 | INFO | stage2_run3 | Epoch 181 | train_loss=96.8014 | test_loss=16.2353 | test_acc=0.9572
2026-04-02 13:22:03,387 | INFO | stage2_run3 | Epoch 182 | train_loss=96.6472 | test_loss=16.3509 | test_acc=0.9514
2026-04-02 13:22:17,812 | INFO | stage2_run3 | Epoch 183 | train_loss=98.3918 | test_loss=19.2159 | test_acc=0.8861
2026-04-02 13:22:31,997 | INFO | stage2_run3 | Epoch 184 | train_loss=101.3893 | test_loss=16.8706 | test_acc=0.9377
2026-04-02 13:22:46,112 | INFO | stage2_run3 | Epoch 185 | train_loss=97.6157 | test_loss=16.6980 | test_acc=0.9470
2026-04-02 13:23:00,348 | INFO | stage2_run3 | Epoch 186 | train_loss=98.6673 | test_loss=16.4338 | test_acc=0.9534
2026-04-02 13:23:14,435 | INFO | stage2_run3 | Epoch 187 | train_loss=100.2771 | test_loss=16.5818 | test_acc=0.9496
2026-04-02 13:23:28,609 | INFO | stage2_run3 | Epoch 188 | train_loss=96.6203 | test_loss=16.2996 | test_acc=0.9542
2026-04-02 13:23:42,722 | INFO | stage2_run3 | Epoch 189 | train_loss=96.8545 | test_loss=16.4630 | test_acc=0.9534
2026-04-02 13:23:56,829 | INFO | stage2_run3 | Epoch 190 | train_loss=97.5498 | test_loss=16.2651 | test_acc=0.9563
2026-04-02 13:24:10,962 | INFO | stage2_run3 | Epoch 191 | train_loss=97.3275 | test_loss=16.5412 | test_acc=0.9492
2026-04-02 13:24:25,287 | INFO | stage2_run3 | Epoch 192 | train_loss=97.4870 | test_loss=16.4611 | test_acc=0.9514
2026-04-02 13:24:39,395 | INFO | stage2_run3 | Epoch 193 | train_loss=97.3415 | test_loss=16.8423 | test_acc=0.9409
2026-04-02 13:24:53,551 | INFO | stage2_run3 | Epoch 194 | train_loss=99.4587 | test_loss=16.3606 | test_acc=0.9549
2026-04-02 13:25:07,877 | INFO | stage2_run3 | Epoch 195 | train_loss=97.2895 | test_loss=16.5989 | test_acc=0.9464
2026-04-02 13:25:22,062 | INFO | stage2_run3 | Epoch 196 | train_loss=96.9274 | test_loss=16.4992 | test_acc=0.9491
2026-04-02 13:25:36,546 | INFO | stage2_run3 | Epoch 197 | train_loss=97.3964 | test_loss=16.6741 | test_acc=0.9466
2026-04-02 13:25:51,129 | INFO | stage2_run3 | Epoch 198 | train_loss=98.3712 | test_loss=17.1673 | test_acc=0.9283
2026-04-02 13:26:05,772 | INFO | stage2_run3 | Epoch 199 | train_loss=97.5953 | test_loss=16.3526 | test_acc=0.9539
2026-04-02 13:26:19,973 | INFO | stage2_run3 | Epoch 200 | train_loss=96.8857 | test_loss=16.4217 | test_acc=0.9533
2026-04-02 13:26:34,460 | INFO | stage2_run4 | Epoch 001 | train_loss=238.5983 | test_loss=36.3110 | test_acc=0.4658
2026-04-02 13:26:48,717 | INFO | stage2_run4 | Epoch 002 | train_loss=201.3018 | test_loss=31.7691 | test_acc=0.5543
2026-04-02 13:27:02,854 | INFO | stage2_run4 | Epoch 003 | train_loss=180.0036 | test_loss=29.0785 | test_acc=0.6453
2026-04-02 13:27:18,514 | INFO | stage2_run4 | Epoch 004 | train_loss=166.4135 | test_loss=27.7255 | test_acc=0.6540
2026-04-02 13:27:33,932 | INFO | stage2_run4 | Epoch 005 | train_loss=157.1800 | test_loss=26.0651 | test_acc=0.7667
2026-04-02 13:27:48,919 | INFO | stage2_run4 | Epoch 006 | train_loss=150.4054 | test_loss=24.9094 | test_acc=0.7759
2026-04-02 13:28:03,350 | INFO | stage2_run4 | Epoch 007 | train_loss=144.3198 | test_loss=24.0178 | test_acc=0.8108
2026-04-02 13:28:17,693 | INFO | stage2_run4 | Epoch 008 | train_loss=140.5122 | test_loss=23.5373 | test_acc=0.8423
2026-04-02 13:28:32,545 | INFO | stage2_run4 | Epoch 009 | train_loss=137.4042 | test_loss=22.8709 | test_acc=0.8499
2026-04-02 13:28:51,748 | INFO | stage2_run4 | Epoch 010 | train_loss=134.3658 | test_loss=22.2330 | test_acc=0.8636
2026-04-02 13:29:07,058 | INFO | stage2_run4 | Epoch 011 | train_loss=130.6443 | test_loss=21.7989 | test_acc=0.8697
2026-04-02 13:29:22,763 | INFO | stage2_run4 | Epoch 012 | train_loss=128.6495 | test_loss=23.0644 | test_acc=0.8341
2026-04-02 13:29:37,363 | INFO | stage2_run4 | Epoch 013 | train_loss=126.7252 | test_loss=21.4414 | test_acc=0.8620
2026-04-02 13:29:51,707 | INFO | stage2_run4 | Epoch 014 | train_loss=125.4941 | test_loss=21.3859 | test_acc=0.8574
2026-04-02 13:30:07,579 | INFO | stage2_run4 | Epoch 015 | train_loss=123.3606 | test_loss=20.6921 | test_acc=0.8898
2026-04-02 13:30:23,316 | INFO | stage2_run4 | Epoch 016 | train_loss=121.6464 | test_loss=20.2777 | test_acc=0.9073
2026-04-02 13:30:38,804 | INFO | stage2_run4 | Epoch 017 | train_loss=120.2376 | test_loss=20.2842 | test_acc=0.9046
2026-04-02 13:30:53,902 | INFO | stage2_run4 | Epoch 018 | train_loss=119.3426 | test_loss=20.2123 | test_acc=0.8893
2026-04-02 13:31:09,689 | INFO | stage2_run4 | Epoch 019 | train_loss=118.5823 | test_loss=19.8549 | test_acc=0.9025
2026-04-02 13:31:25,169 | INFO | stage2_run4 | Epoch 020 | train_loss=116.7563 | test_loss=19.7958 | test_acc=0.9164
2026-04-02 13:31:40,092 | INFO | stage2_run4 | Epoch 021 | train_loss=116.5997 | test_loss=19.8395 | test_acc=0.9068
2026-04-02 13:31:56,541 | INFO | stage2_run4 | Epoch 022 | train_loss=116.2348 | test_loss=19.5859 | test_acc=0.9147
2026-04-02 13:32:10,685 | INFO | stage2_run4 | Epoch 023 | train_loss=115.1158 | test_loss=19.5659 | test_acc=0.9161
2026-04-02 13:32:24,706 | INFO | stage2_run4 | Epoch 024 | train_loss=114.7621 | test_loss=19.5880 | test_acc=0.9100
2026-04-02 13:32:38,769 | INFO | stage2_run4 | Epoch 025 | train_loss=114.6225 | test_loss=19.3604 | test_acc=0.9135
2026-04-02 13:32:52,717 | INFO | stage2_run4 | Epoch 026 | train_loss=113.6257 | test_loss=19.0243 | test_acc=0.9227
2026-04-02 13:33:06,731 | INFO | stage2_run4 | Epoch 027 | train_loss=112.5516 | test_loss=19.6038 | test_acc=0.8912
2026-04-02 13:33:21,108 | INFO | stage2_run4 | Epoch 028 | train_loss=112.6267 | test_loss=18.9167 | test_acc=0.9243
2026-04-02 13:33:35,583 | INFO | stage2_run4 | Epoch 029 | train_loss=111.4252 | test_loss=19.1562 | test_acc=0.9120
2026-04-02 13:33:49,524 | INFO | stage2_run4 | Epoch 030 | train_loss=111.4983 | test_loss=18.6363 | test_acc=0.9216
2026-04-02 13:34:03,827 | INFO | stage2_run4 | Epoch 031 | train_loss=110.2682 | test_loss=18.8884 | test_acc=0.9127
2026-04-02 13:34:17,702 | INFO | stage2_run4 | Epoch 032 | train_loss=110.6811 | test_loss=18.7928 | test_acc=0.9098
2026-04-02 13:34:31,831 | INFO | stage2_run4 | Epoch 033 | train_loss=109.9080 | test_loss=18.8719 | test_acc=0.9039
2026-04-02 13:34:46,511 | INFO | stage2_run4 | Epoch 034 | train_loss=109.4562 | test_loss=18.6349 | test_acc=0.9186
2026-04-02 13:35:01,227 | INFO | stage2_run4 | Epoch 035 | train_loss=108.5861 | test_loss=18.4497 | test_acc=0.9222
2026-04-02 13:35:15,407 | INFO | stage2_run4 | Epoch 036 | train_loss=108.3348 | test_loss=19.0998 | test_acc=0.8797
2026-04-02 13:35:29,674 | INFO | stage2_run4 | Epoch 037 | train_loss=108.4595 | test_loss=18.3414 | test_acc=0.9252
2026-04-02 13:35:43,871 | INFO | stage2_run4 | Epoch 038 | train_loss=107.3078 | test_loss=18.4444 | test_acc=0.9071
2026-04-02 13:35:58,031 | INFO | stage2_run4 | Epoch 039 | train_loss=107.2293 | test_loss=18.0078 | test_acc=0.9312
2026-04-02 13:36:12,129 | INFO | stage2_run4 | Epoch 040 | train_loss=106.3719 | test_loss=18.2924 | test_acc=0.9120
2026-04-02 13:36:26,385 | INFO | stage2_run4 | Epoch 041 | train_loss=107.1395 | test_loss=18.3574 | test_acc=0.9247
2026-04-02 13:36:40,462 | INFO | stage2_run4 | Epoch 042 | train_loss=106.4747 | test_loss=17.8630 | test_acc=0.9377
2026-04-02 13:36:54,529 | INFO | stage2_run4 | Epoch 043 | train_loss=106.7467 | test_loss=18.2782 | test_acc=0.9155
2026-04-02 13:37:08,553 | INFO | stage2_run4 | Epoch 044 | train_loss=107.1995 | test_loss=17.9612 | test_acc=0.9115
2026-04-02 13:37:22,565 | INFO | stage2_run4 | Epoch 045 | train_loss=105.1802 | test_loss=17.7778 | test_acc=0.9349
2026-04-02 13:37:36,649 | INFO | stage2_run4 | Epoch 046 | train_loss=105.5380 | test_loss=18.1903 | test_acc=0.9211
2026-04-02 13:37:52,709 | INFO | stage2_run4 | Epoch 047 | train_loss=104.4693 | test_loss=18.1841 | test_acc=0.8762
2026-04-02 13:38:07,795 | INFO | stage2_run4 | Epoch 048 | train_loss=105.6818 | test_loss=17.8713 | test_acc=0.9195
2026-04-02 13:38:21,702 | INFO | stage2_run4 | Epoch 049 | train_loss=104.7475 | test_loss=17.6121 | test_acc=0.9328
2026-04-02 13:38:35,624 | INFO | stage2_run4 | Epoch 050 | train_loss=103.4386 | test_loss=17.8200 | test_acc=0.9082
2026-04-02 13:38:50,111 | INFO | stage2_run4 | Epoch 051 | train_loss=105.0115 | test_loss=18.3998 | test_acc=0.9124
2026-04-02 13:39:04,489 | INFO | stage2_run4 | Epoch 052 | train_loss=104.2664 | test_loss=17.5039 | test_acc=0.9331
2026-04-02 13:39:18,416 | INFO | stage2_run4 | Epoch 053 | train_loss=102.7594 | test_loss=17.6662 | test_acc=0.9363
2026-04-02 13:39:32,342 | INFO | stage2_run4 | Epoch 054 | train_loss=104.2350 | test_loss=18.0182 | test_acc=0.9132
2026-04-02 13:39:46,223 | INFO | stage2_run4 | Epoch 055 | train_loss=105.0038 | test_loss=17.8367 | test_acc=0.9282
2026-04-02 13:40:00,546 | INFO | stage2_run4 | Epoch 056 | train_loss=104.1928 | test_loss=17.5969 | test_acc=0.9010
2026-04-02 13:40:15,417 | INFO | stage2_run4 | Epoch 057 | train_loss=103.7965 | test_loss=17.4281 | test_acc=0.9226
2026-04-02 13:40:29,662 | INFO | stage2_run4 | Epoch 058 | train_loss=102.8906 | test_loss=17.4122 | test_acc=0.9247
2026-04-02 13:40:44,174 | INFO | stage2_run4 | Epoch 059 | train_loss=102.8057 | test_loss=17.6542 | test_acc=0.9364
2026-04-02 13:40:58,255 | INFO | stage2_run4 | Epoch 060 | train_loss=103.3594 | test_loss=17.4128 | test_acc=0.9206
2026-04-02 13:41:12,386 | INFO | stage2_run4 | Epoch 061 | train_loss=102.7687 | test_loss=17.5882 | test_acc=0.9017
2026-04-02 13:41:26,677 | INFO | stage2_run4 | Epoch 062 | train_loss=102.6333 | test_loss=17.1292 | test_acc=0.9384
2026-04-02 13:41:40,904 | INFO | stage2_run4 | Epoch 063 | train_loss=101.9004 | test_loss=17.2518 | test_acc=0.9323
2026-04-02 13:41:54,998 | INFO | stage2_run4 | Epoch 064 | train_loss=102.1825 | test_loss=17.2331 | test_acc=0.9230
2026-04-02 13:42:08,927 | INFO | stage2_run4 | Epoch 065 | train_loss=101.6138 | test_loss=17.3079 | test_acc=0.9299
2026-04-02 13:42:22,925 | INFO | stage2_run4 | Epoch 066 | train_loss=101.5776 | test_loss=17.2873 | test_acc=0.9389
2026-04-02 13:42:36,853 | INFO | stage2_run4 | Epoch 067 | train_loss=102.6024 | test_loss=17.2141 | test_acc=0.9247
2026-04-02 13:42:51,378 | INFO | stage2_run4 | Epoch 068 | train_loss=101.8044 | test_loss=17.2046 | test_acc=0.9266
2026-04-02 13:43:05,373 | INFO | stage2_run4 | Epoch 069 | train_loss=102.2902 | test_loss=17.3378 | test_acc=0.8915
2026-04-02 13:43:19,488 | INFO | stage2_run4 | Epoch 070 | train_loss=101.9338 | test_loss=17.3049 | test_acc=0.9383
2026-04-02 13:43:33,444 | INFO | stage2_run4 | Epoch 071 | train_loss=102.5216 | test_loss=17.3574 | test_acc=0.9105
2026-04-02 13:43:47,797 | INFO | stage2_run4 | Epoch 072 | train_loss=102.4575 | test_loss=17.4201 | test_acc=0.9168
2026-04-02 13:44:02,227 | INFO | stage2_run4 | Epoch 073 | train_loss=101.3692 | test_loss=17.5660 | test_acc=0.9313
2026-04-02 13:44:18,438 | INFO | stage2_run4 | Epoch 074 | train_loss=100.9496 | test_loss=17.0732 | test_acc=0.9428
2026-04-02 13:44:32,574 | INFO | stage2_run4 | Epoch 075 | train_loss=101.4747 | test_loss=16.8450 | test_acc=0.9442
2026-04-02 13:44:48,462 | INFO | stage2_run4 | Epoch 076 | train_loss=100.8959 | test_loss=17.0708 | test_acc=0.9368
2026-04-02 13:45:02,832 | INFO | stage2_run4 | Epoch 077 | train_loss=102.0821 | test_loss=17.2430 | test_acc=0.9226
2026-04-02 13:45:16,943 | INFO | stage2_run4 | Epoch 078 | train_loss=101.5749 | test_loss=17.0409 | test_acc=0.9157
2026-04-02 13:45:31,018 | INFO | stage2_run4 | Epoch 079 | train_loss=101.4846 | test_loss=16.9439 | test_acc=0.9363
2026-04-02 13:45:45,166 | INFO | stage2_run4 | Epoch 080 | train_loss=101.0013 | test_loss=17.1449 | test_acc=0.9268
2026-04-02 13:45:59,498 | INFO | stage2_run4 | Epoch 081 | train_loss=100.3364 | test_loss=17.1502 | test_acc=0.9406
2026-04-02 13:46:13,793 | INFO | stage2_run4 | Epoch 082 | train_loss=100.2231 | test_loss=16.9414 | test_acc=0.9474
2026-04-02 13:46:27,901 | INFO | stage2_run4 | Epoch 083 | train_loss=101.2127 | test_loss=17.5812 | test_acc=0.9063
2026-04-02 13:46:42,049 | INFO | stage2_run4 | Epoch 084 | train_loss=99.7463 | test_loss=17.0199 | test_acc=0.9259
2026-04-02 13:46:56,085 | INFO | stage2_run4 | Epoch 085 | train_loss=100.9299 | test_loss=17.5133 | test_acc=0.9028
2026-04-02 13:47:11,397 | INFO | stage2_run4 | Epoch 086 | train_loss=101.0195 | test_loss=16.8431 | test_acc=0.9350
2026-04-02 13:47:25,439 | INFO | stage2_run4 | Epoch 087 | train_loss=100.8402 | test_loss=17.1155 | test_acc=0.9219
2026-04-02 13:47:39,608 | INFO | stage2_run4 | Epoch 088 | train_loss=100.0209 | test_loss=17.0072 | test_acc=0.9203
2026-04-02 13:47:54,439 | INFO | stage2_run4 | Epoch 089 | train_loss=100.1786 | test_loss=16.8721 | test_acc=0.9356
2026-04-02 13:48:08,464 | INFO | stage2_run4 | Epoch 090 | train_loss=100.4972 | test_loss=16.9360 | test_acc=0.9216
2026-04-02 13:48:22,612 | INFO | stage2_run4 | Epoch 091 | train_loss=100.5798 | test_loss=17.2019 | test_acc=0.9360
2026-04-02 13:48:37,150 | INFO | stage2_run4 | Epoch 092 | train_loss=100.5462 | test_loss=17.0922 | test_acc=0.9300
2026-04-02 13:48:51,054 | INFO | stage2_run4 | Epoch 093 | train_loss=100.8739 | test_loss=16.8772 | test_acc=0.9498
2026-04-02 13:49:05,926 | INFO | stage2_run4 | Epoch 094 | train_loss=100.4487 | test_loss=16.7835 | test_acc=0.9322
2026-04-02 13:49:20,475 | INFO | stage2_run4 | Epoch 095 | train_loss=99.1890 | test_loss=16.9814 | test_acc=0.9300
2026-04-02 13:49:35,446 | INFO | stage2_run4 | Epoch 096 | train_loss=99.7189 | test_loss=16.9996 | test_acc=0.9395
2026-04-02 13:49:50,413 | INFO | stage2_run4 | Epoch 097 | train_loss=100.3151 | test_loss=17.0622 | test_acc=0.9017
2026-04-02 13:50:05,773 | INFO | stage2_run4 | Epoch 098 | train_loss=100.3664 | test_loss=17.0537 | test_acc=0.9260
2026-04-02 13:50:20,278 | INFO | stage2_run4 | Epoch 099 | train_loss=99.9163 | test_loss=16.8646 | test_acc=0.9188
2026-04-02 13:50:34,832 | INFO | stage2_run4 | Epoch 100 | train_loss=100.5018 | test_loss=17.0988 | test_acc=0.9269
2026-04-02 13:50:48,940 | INFO | stage2_run4 | Epoch 101 | train_loss=99.5522 | test_loss=16.8747 | test_acc=0.9257
2026-04-02 13:51:03,011 | INFO | stage2_run4 | Epoch 102 | train_loss=99.4183 | test_loss=17.1716 | test_acc=0.9204
2026-04-02 13:51:17,126 | INFO | stage2_run4 | Epoch 103 | train_loss=99.9090 | test_loss=16.7865 | test_acc=0.9303
2026-04-02 13:51:31,175 | INFO | stage2_run4 | Epoch 104 | train_loss=99.7380 | test_loss=17.0315 | test_acc=0.9411
2026-04-02 13:51:45,249 | INFO | stage2_run4 | Epoch 105 | train_loss=100.1316 | test_loss=16.8223 | test_acc=0.9395
2026-04-02 13:51:59,647 | INFO | stage2_run4 | Epoch 106 | train_loss=98.8157 | test_loss=16.8172 | test_acc=0.9453
2026-04-02 13:52:13,909 | INFO | stage2_run4 | Epoch 107 | train_loss=100.8256 | test_loss=16.8731 | test_acc=0.9052
2026-04-02 13:52:28,254 | INFO | stage2_run4 | Epoch 108 | train_loss=99.1492 | test_loss=17.0195 | test_acc=0.9131
2026-04-02 13:52:43,351 | INFO | stage2_run4 | Epoch 109 | train_loss=99.0721 | test_loss=16.9327 | test_acc=0.9231
2026-04-02 13:52:57,930 | INFO | stage2_run4 | Epoch 110 | train_loss=99.4938 | test_loss=16.9144 | test_acc=0.9324
2026-04-02 13:53:13,289 | INFO | stage2_run4 | Epoch 111 | train_loss=99.5360 | test_loss=16.8584 | test_acc=0.9336
2026-04-02 13:53:27,690 | INFO | stage2_run4 | Epoch 112 | train_loss=99.3214 | test_loss=17.1710 | test_acc=0.9232
2026-04-02 13:53:42,827 | INFO | stage2_run4 | Epoch 113 | train_loss=98.6238 | test_loss=16.7211 | test_acc=0.9082
2026-04-02 13:53:57,450 | INFO | stage2_run4 | Epoch 114 | train_loss=98.4777 | test_loss=16.9902 | test_acc=0.9310
2026-04-02 13:54:11,829 | INFO | stage2_run4 | Epoch 115 | train_loss=98.5715 | test_loss=16.8868 | test_acc=0.9204
2026-04-02 13:54:25,779 | INFO | stage2_run4 | Epoch 116 | train_loss=98.6960 | test_loss=17.0065 | test_acc=0.9057
2026-04-02 13:54:39,765 | INFO | stage2_run4 | Epoch 117 | train_loss=99.1342 | test_loss=17.3499 | test_acc=0.9103
2026-04-02 13:54:53,837 | INFO | stage2_run4 | Epoch 118 | train_loss=98.4631 | test_loss=16.6552 | test_acc=0.9222
2026-04-02 13:55:07,800 | INFO | stage2_run4 | Epoch 119 | train_loss=98.0639 | test_loss=16.5396 | test_acc=0.9135
2026-04-02 13:55:21,753 | INFO | stage2_run4 | Epoch 120 | train_loss=96.9655 | test_loss=16.7188 | test_acc=0.9301
2026-04-02 13:55:35,907 | INFO | stage2_run4 | Epoch 121 | train_loss=97.6545 | test_loss=16.8515 | test_acc=0.9331
2026-04-02 13:55:50,240 | INFO | stage2_run4 | Epoch 122 | train_loss=98.0826 | test_loss=17.0019 | test_acc=0.8810
2026-04-02 13:56:06,129 | INFO | stage2_run4 | Epoch 123 | train_loss=98.9032 | test_loss=17.3921 | test_acc=0.9170
2026-04-02 13:56:20,527 | INFO | stage2_run4 | Epoch 124 | train_loss=98.7426 | test_loss=16.5710 | test_acc=0.9257
2026-04-02 13:56:34,630 | INFO | stage2_run4 | Epoch 125 | train_loss=97.4319 | test_loss=16.6997 | test_acc=0.9286
2026-04-02 13:56:48,605 | INFO | stage2_run4 | Epoch 126 | train_loss=98.9076 | test_loss=16.9845 | test_acc=0.9085
2026-04-02 13:57:02,871 | INFO | stage2_run4 | Epoch 127 | train_loss=98.2069 | test_loss=16.7826 | test_acc=0.9221
2026-04-02 13:57:16,773 | INFO | stage2_run4 | Epoch 128 | train_loss=97.3920 | test_loss=16.4762 | test_acc=0.9339
2026-04-02 13:57:31,967 | INFO | stage2_run4 | Epoch 129 | train_loss=98.3396 | test_loss=16.7309 | test_acc=0.9325
2026-04-02 13:57:46,359 | INFO | stage2_run4 | Epoch 130 | train_loss=98.9967 | test_loss=16.5957 | test_acc=0.9491
2026-04-02 13:58:01,010 | INFO | stage2_run4 | Epoch 131 | train_loss=98.6307 | test_loss=16.5431 | test_acc=0.9428
2026-04-02 13:58:15,317 | INFO | stage2_run4 | Epoch 132 | train_loss=97.4236 | test_loss=16.6950 | test_acc=0.9329
2026-04-02 13:58:29,435 | INFO | stage2_run4 | Epoch 133 | train_loss=97.6349 | test_loss=16.6754 | test_acc=0.9115
2026-04-02 13:58:43,418 | INFO | stage2_run4 | Epoch 134 | train_loss=98.1089 | test_loss=16.8766 | test_acc=0.8931
2026-04-02 13:58:57,408 | INFO | stage2_run4 | Epoch 135 | train_loss=96.9497 | test_loss=16.6364 | test_acc=0.9178
2026-04-02 13:59:11,460 | INFO | stage2_run4 | Epoch 136 | train_loss=97.7358 | test_loss=16.7754 | test_acc=0.9355
2026-04-02 13:59:25,373 | INFO | stage2_run4 | Epoch 137 | train_loss=97.6618 | test_loss=16.4397 | test_acc=0.9215
2026-04-02 13:59:39,293 | INFO | stage2_run4 | Epoch 138 | train_loss=97.8573 | test_loss=16.7027 | test_acc=0.9243
2026-04-02 13:59:53,216 | INFO | stage2_run4 | Epoch 139 | train_loss=98.1073 | test_loss=16.9968 | test_acc=0.9067
2026-04-02 14:00:07,138 | INFO | stage2_run4 | Epoch 140 | train_loss=98.5241 | test_loss=16.5521 | test_acc=0.9365
2026-04-02 14:00:21,032 | INFO | stage2_run4 | Epoch 141 | train_loss=97.7492 | test_loss=16.8259 | test_acc=0.9248
2026-04-02 14:00:37,296 | INFO | stage2_run4 | Epoch 142 | train_loss=96.9506 | test_loss=16.5397 | test_acc=0.9091
2026-04-02 14:00:53,906 | INFO | stage2_run4 | Epoch 143 | train_loss=98.0813 | test_loss=16.5191 | test_acc=0.9275
2026-04-02 14:01:09,568 | INFO | stage2_run4 | Epoch 144 | train_loss=97.6036 | test_loss=17.6126 | test_acc=0.9135
2026-04-02 14:01:25,581 | INFO | stage2_run4 | Epoch 145 | train_loss=98.5652 | test_loss=16.5076 | test_acc=0.9241
2026-04-02 14:01:40,939 | INFO | stage2_run4 | Epoch 146 | train_loss=97.4062 | test_loss=16.7044 | test_acc=0.9427
2026-04-02 14:01:55,470 | INFO | stage2_run4 | Epoch 147 | train_loss=97.4072 | test_loss=16.6671 | test_acc=0.9109
2026-04-02 14:02:12,573 | INFO | stage2_run4 | Epoch 148 | train_loss=98.1653 | test_loss=16.8272 | test_acc=0.9184
2026-04-02 14:02:29,602 | INFO | stage2_run4 | Epoch 149 | train_loss=98.2839 | test_loss=16.7929 | test_acc=0.9188
2026-04-02 14:02:45,409 | INFO | stage2_run4 | Epoch 150 | train_loss=97.6283 | test_loss=16.5360 | test_acc=0.9264
2026-04-02 14:02:59,527 | INFO | stage2_run4 | Epoch 151 | train_loss=98.0379 | test_loss=16.9981 | test_acc=0.9205
2026-04-02 14:03:13,661 | INFO | stage2_run4 | Epoch 152 | train_loss=98.1921 | test_loss=16.6193 | test_acc=0.9057
2026-04-02 14:03:27,716 | INFO | stage2_run4 | Epoch 153 | train_loss=97.0507 | test_loss=16.4787 | test_acc=0.9442
2026-04-02 14:03:41,920 | INFO | stage2_run4 | Epoch 154 | train_loss=96.8195 | test_loss=16.1318 | test_acc=0.9332
2026-04-02 14:03:56,013 | INFO | stage2_run4 | Epoch 155 | train_loss=96.5418 | test_loss=16.5014 | test_acc=0.9478
2026-04-02 14:04:10,128 | INFO | stage2_run4 | Epoch 156 | train_loss=97.5258 | test_loss=16.5089 | test_acc=0.9432
2026-04-02 14:04:25,074 | INFO | stage2_run4 | Epoch 157 | train_loss=96.9215 | test_loss=16.3540 | test_acc=0.9490
2026-04-02 14:04:42,889 | INFO | stage2_run4 | Epoch 158 | train_loss=97.0865 | test_loss=16.5661 | test_acc=0.9397
2026-04-02 14:04:57,813 | INFO | stage2_run4 | Epoch 159 | train_loss=97.4189 | test_loss=16.9899 | test_acc=0.8787
2026-04-02 14:05:13,307 | INFO | stage2_run4 | Epoch 160 | train_loss=97.3170 | test_loss=16.4920 | test_acc=0.9446
2026-04-02 14:05:28,422 | INFO | stage2_run4 | Epoch 161 | train_loss=97.5621 | test_loss=16.3101 | test_acc=0.9525
2026-04-02 14:05:43,098 | INFO | stage2_run4 | Epoch 162 | train_loss=96.2998 | test_loss=16.4556 | test_acc=0.9514
2026-04-02 14:05:59,099 | INFO | stage2_run4 | Epoch 163 | train_loss=96.9875 | test_loss=16.7104 | test_acc=0.8883
2026-04-02 14:06:15,396 | INFO | stage2_run4 | Epoch 164 | train_loss=96.1749 | test_loss=16.5302 | test_acc=0.9368
2026-04-02 14:06:29,634 | INFO | stage2_run4 | Epoch 165 | train_loss=97.6882 | test_loss=16.4576 | test_acc=0.9423
2026-04-02 14:06:44,212 | INFO | stage2_run4 | Epoch 166 | train_loss=97.0818 | test_loss=16.7180 | test_acc=0.9252
2026-04-02 14:06:58,309 | INFO | stage2_run4 | Epoch 167 | train_loss=98.3967 | test_loss=16.5460 | test_acc=0.9214
2026-04-02 14:07:12,435 | INFO | stage2_run4 | Epoch 168 | train_loss=97.0805 | test_loss=16.5832 | test_acc=0.9226
2026-04-02 14:07:26,545 | INFO | stage2_run4 | Epoch 169 | train_loss=97.2205 | test_loss=17.4495 | test_acc=0.9123
2026-04-02 14:07:40,623 | INFO | stage2_run4 | Epoch 170 | train_loss=98.9253 | test_loss=16.5348 | test_acc=0.9370
2026-04-02 14:07:54,702 | INFO | stage2_run4 | Epoch 171 | train_loss=96.8850 | test_loss=16.5368 | test_acc=0.9423
2026-04-02 14:08:08,943 | INFO | stage2_run4 | Epoch 172 | train_loss=98.0886 | test_loss=16.8111 | test_acc=0.9123
2026-04-02 14:08:28,302 | INFO | stage2_run4 | Epoch 173 | train_loss=99.3669 | test_loss=16.6386 | test_acc=0.9158
2026-04-02 14:08:44,001 | INFO | stage2_run4 | Epoch 174 | train_loss=97.3296 | test_loss=16.6678 | test_acc=0.9453
2026-04-02 14:08:59,903 | INFO | stage2_run4 | Epoch 175 | train_loss=97.2513 | test_loss=16.6087 | test_acc=0.8996
2026-04-02 14:09:16,360 | INFO | stage2_run4 | Epoch 176 | train_loss=96.8196 | test_loss=16.4963 | test_acc=0.9298
2026-04-02 14:09:31,144 | INFO | stage2_run4 | Epoch 177 | train_loss=96.9803 | test_loss=16.4497 | test_acc=0.9485
2026-04-02 14:09:46,115 | INFO | stage2_run4 | Epoch 178 | train_loss=96.5652 | test_loss=16.3473 | test_acc=0.9296
2026-04-02 14:10:01,358 | INFO | stage2_run4 | Epoch 179 | train_loss=96.4950 | test_loss=16.4241 | test_acc=0.9052
2026-04-02 14:10:16,760 | INFO | stage2_run4 | Epoch 180 | train_loss=97.7115 | test_loss=16.4534 | test_acc=0.9261
2026-04-02 14:10:30,786 | INFO | stage2_run4 | Epoch 181 | train_loss=98.1798 | test_loss=16.5862 | test_acc=0.9032
2026-04-02 14:10:44,911 | INFO | stage2_run4 | Epoch 182 | train_loss=97.9726 | test_loss=16.6082 | test_acc=0.9267
2026-04-02 14:10:59,991 | INFO | stage2_run4 | Epoch 183 | train_loss=96.1640 | test_loss=16.5207 | test_acc=0.9424
2026-04-02 14:11:14,169 | INFO | stage2_run4 | Epoch 184 | train_loss=98.3098 | test_loss=17.4234 | test_acc=0.9014
2026-04-02 14:11:28,199 | INFO | stage2_run4 | Epoch 185 | train_loss=98.2014 | test_loss=16.6693 | test_acc=0.9323
2026-04-02 14:11:42,967 | INFO | stage2_run4 | Epoch 186 | train_loss=96.8172 | test_loss=16.5201 | test_acc=0.9136
2026-04-02 14:11:56,901 | INFO | stage2_run4 | Epoch 187 | train_loss=96.7098 | test_loss=16.5123 | test_acc=0.9456
2026-04-02 14:12:10,852 | INFO | stage2_run4 | Epoch 188 | train_loss=97.0091 | test_loss=16.8647 | test_acc=0.9150
2026-04-02 14:12:25,990 | INFO | stage2_run4 | Epoch 189 | train_loss=96.5640 | test_loss=16.3409 | test_acc=0.9362
2026-04-02 14:12:40,784 | INFO | stage2_run4 | Epoch 190 | train_loss=96.9509 | test_loss=16.7051 | test_acc=0.9111
2026-04-02 14:12:55,525 | INFO | stage2_run4 | Epoch 191 | train_loss=96.5117 | test_loss=16.5569 | test_acc=0.9327
2026-04-02 14:13:09,871 | INFO | stage2_run4 | Epoch 192 | train_loss=96.2008 | test_loss=16.6769 | test_acc=0.9306
2026-04-02 14:13:24,439 | INFO | stage2_run4 | Epoch 193 | train_loss=97.4424 | test_loss=16.4260 | test_acc=0.9374
2026-04-02 14:13:38,580 | INFO | stage2_run4 | Epoch 194 | train_loss=96.7614 | test_loss=16.5511 | test_acc=0.9122
2026-04-02 14:13:53,251 | INFO | stage2_run4 | Epoch 195 | train_loss=96.6409 | test_loss=16.7895 | test_acc=0.9310
2026-04-02 14:14:08,610 | INFO | stage2_run4 | Epoch 196 | train_loss=97.3184 | test_loss=16.4112 | test_acc=0.9311
2026-04-02 14:14:24,138 | INFO | stage2_run4 | Epoch 197 | train_loss=96.3018 | test_loss=16.2773 | test_acc=0.9402
2026-04-02 14:14:38,352 | INFO | stage2_run4 | Epoch 198 | train_loss=97.1947 | test_loss=16.6456 | test_acc=0.9321
2026-04-02 14:14:52,478 | INFO | stage2_run4 | Epoch 199 | train_loss=97.1284 | test_loss=16.4939 | test_acc=0.9376
2026-04-02 14:15:06,661 | INFO | stage2_run4 | Epoch 200 | train_loss=97.2960 | test_loss=16.2169 | test_acc=0.9299
2026-04-02 14:15:20,871 | INFO | stage2_run5 | Epoch 001 | train_loss=239.6055 | test_loss=35.7601 | test_acc=0.4354
2026-04-02 14:15:36,995 | INFO | stage2_run5 | Epoch 002 | train_loss=195.3245 | test_loss=31.1429 | test_acc=0.5780
2026-04-02 14:15:51,601 | INFO | stage2_run5 | Epoch 003 | train_loss=176.7859 | test_loss=28.8739 | test_acc=0.5846
2026-04-02 14:16:05,765 | INFO | stage2_run5 | Epoch 004 | train_loss=165.8142 | test_loss=27.4088 | test_acc=0.6818
2026-04-02 14:16:19,855 | INFO | stage2_run5 | Epoch 005 | train_loss=157.5364 | test_loss=25.9509 | test_acc=0.6973
2026-04-02 14:16:33,974 | INFO | stage2_run5 | Epoch 006 | train_loss=151.4240 | test_loss=25.4263 | test_acc=0.7283
2026-04-02 14:16:48,646 | INFO | stage2_run5 | Epoch 007 | train_loss=146.0816 | test_loss=24.1370 | test_acc=0.7023
2026-04-02 14:17:02,880 | INFO | stage2_run5 | Epoch 008 | train_loss=141.5929 | test_loss=24.8652 | test_acc=0.6412
2026-04-02 14:17:17,024 | INFO | stage2_run5 | Epoch 009 | train_loss=138.9109 | test_loss=23.2414 | test_acc=0.7615
2026-04-02 14:17:31,115 | INFO | stage2_run5 | Epoch 010 | train_loss=135.5976 | test_loss=22.7020 | test_acc=0.7454
2026-04-02 14:17:45,476 | INFO | stage2_run5 | Epoch 011 | train_loss=134.3105 | test_loss=22.9086 | test_acc=0.7642
2026-04-02 14:17:59,801 | INFO | stage2_run5 | Epoch 012 | train_loss=131.6857 | test_loss=22.6623 | test_acc=0.7350
2026-04-02 14:18:14,878 | INFO | stage2_run5 | Epoch 013 | train_loss=129.9096 | test_loss=21.8412 | test_acc=0.7223
2026-04-02 14:18:30,516 | INFO | stage2_run5 | Epoch 014 | train_loss=129.6808 | test_loss=21.5372 | test_acc=0.7603
2026-04-02 14:18:44,579 | INFO | stage2_run5 | Epoch 015 | train_loss=127.3662 | test_loss=21.3256 | test_acc=0.7570
2026-04-02 14:18:58,707 | INFO | stage2_run5 | Epoch 016 | train_loss=125.5423 | test_loss=21.1221 | test_acc=0.7699
2026-04-02 14:19:14,154 | INFO | stage2_run5 | Epoch 017 | train_loss=124.7541 | test_loss=20.9589 | test_acc=0.7363
2026-04-02 14:19:28,276 | INFO | stage2_run5 | Epoch 018 | train_loss=123.6088 | test_loss=20.7059 | test_acc=0.7871
2026-04-02 14:19:42,394 | INFO | stage2_run5 | Epoch 019 | train_loss=122.7926 | test_loss=20.5199 | test_acc=0.7783
2026-04-02 14:19:56,686 | INFO | stage2_run5 | Epoch 020 | train_loss=121.6106 | test_loss=20.6651 | test_acc=0.7412
2026-04-02 14:20:10,750 | INFO | stage2_run5 | Epoch 021 | train_loss=121.2386 | test_loss=20.2701 | test_acc=0.7716
2026-04-02 14:20:24,919 | INFO | stage2_run5 | Epoch 022 | train_loss=120.2828 | test_loss=20.1164 | test_acc=0.7944
2026-04-02 14:20:38,980 | INFO | stage2_run5 | Epoch 023 | train_loss=120.1221 | test_loss=20.5914 | test_acc=0.7887
2026-04-02 14:20:53,158 | INFO | stage2_run5 | Epoch 024 | train_loss=119.8329 | test_loss=20.3774 | test_acc=0.8031
2026-04-02 14:21:07,302 | INFO | stage2_run5 | Epoch 025 | train_loss=118.7398 | test_loss=19.8384 | test_acc=0.7795
2026-04-02 14:21:21,771 | INFO | stage2_run5 | Epoch 026 | train_loss=117.9756 | test_loss=19.8649 | test_acc=0.7843
2026-04-02 14:21:36,113 | INFO | stage2_run5 | Epoch 027 | train_loss=117.0801 | test_loss=21.3804 | test_acc=0.7360
2026-04-02 14:21:50,528 | INFO | stage2_run5 | Epoch 028 | train_loss=117.8678 | test_loss=19.5655 | test_acc=0.7933
2026-04-02 14:22:04,829 | INFO | stage2_run5 | Epoch 029 | train_loss=116.3250 | test_loss=19.6470 | test_acc=0.7923
2026-04-02 14:22:20,260 | INFO | stage2_run5 | Epoch 030 | train_loss=116.2905 | test_loss=19.7454 | test_acc=0.8111
2026-04-02 14:22:35,398 | INFO | stage2_run5 | Epoch 031 | train_loss=116.5938 | test_loss=19.5385 | test_acc=0.7928
2026-04-02 14:22:49,835 | INFO | stage2_run5 | Epoch 032 | train_loss=115.4030 | test_loss=19.5104 | test_acc=0.7924
2026-04-02 14:23:04,291 | INFO | stage2_run5 | Epoch 033 | train_loss=116.3649 | test_loss=20.6225 | test_acc=0.7741
2026-04-02 14:23:19,026 | INFO | stage2_run5 | Epoch 034 | train_loss=115.5210 | test_loss=19.3351 | test_acc=0.7909
2026-04-02 14:23:33,503 | INFO | stage2_run5 | Epoch 035 | train_loss=113.8678 | test_loss=19.0835 | test_acc=0.8339
2026-04-02 14:23:48,696 | INFO | stage2_run5 | Epoch 036 | train_loss=114.1330 | test_loss=19.2871 | test_acc=0.8395
2026-04-02 14:24:02,690 | INFO | stage2_run5 | Epoch 037 | train_loss=115.0751 | test_loss=19.1107 | test_acc=0.8346
2026-04-02 14:24:18,036 | INFO | stage2_run5 | Epoch 038 | train_loss=113.3430 | test_loss=19.1659 | test_acc=0.8139
2026-04-02 14:24:32,526 | INFO | stage2_run5 | Epoch 039 | train_loss=113.6288 | test_loss=19.1275 | test_acc=0.8389
2026-04-02 14:24:47,807 | INFO | stage2_run5 | Epoch 040 | train_loss=112.6383 | test_loss=18.8089 | test_acc=0.8308
2026-04-02 14:25:03,026 | INFO | stage2_run5 | Epoch 041 | train_loss=112.1372 | test_loss=19.1545 | test_acc=0.8358
2026-04-02 14:25:17,559 | INFO | stage2_run5 | Epoch 042 | train_loss=112.5163 | test_loss=18.7542 | test_acc=0.8501
2026-04-02 14:25:32,090 | INFO | stage2_run5 | Epoch 043 | train_loss=111.4432 | test_loss=19.1010 | test_acc=0.8760
2026-04-02 14:25:46,695 | INFO | stage2_run5 | Epoch 044 | train_loss=112.1170 | test_loss=18.9081 | test_acc=0.8702
2026-04-02 14:26:01,078 | INFO | stage2_run5 | Epoch 045 | train_loss=112.2526 | test_loss=18.5944 | test_acc=0.8310
2026-04-02 14:26:16,077 | INFO | stage2_run5 | Epoch 046 | train_loss=111.2386 | test_loss=18.6479 | test_acc=0.8335
2026-04-02 14:26:31,440 | INFO | stage2_run5 | Epoch 047 | train_loss=111.1496 | test_loss=19.2797 | test_acc=0.8165
2026-04-02 14:26:48,022 | INFO | stage2_run5 | Epoch 048 | train_loss=111.1551 | test_loss=18.7637 | test_acc=0.8458
2026-04-02 14:27:03,063 | INFO | stage2_run5 | Epoch 049 | train_loss=110.1578 | test_loss=19.4951 | test_acc=0.8027
2026-04-02 14:27:18,859 | INFO | stage2_run5 | Epoch 050 | train_loss=110.7755 | test_loss=19.0234 | test_acc=0.8328
2026-04-02 14:27:33,219 | INFO | stage2_run5 | Epoch 051 | train_loss=111.2281 | test_loss=19.4920 | test_acc=0.8412
2026-04-02 14:27:47,399 | INFO | stage2_run5 | Epoch 052 | train_loss=110.3253 | test_loss=18.4182 | test_acc=0.8555
2026-04-02 14:28:01,755 | INFO | stage2_run5 | Epoch 053 | train_loss=109.6705 | test_loss=18.5848 | test_acc=0.8564
2026-04-02 14:28:15,898 | INFO | stage2_run5 | Epoch 054 | train_loss=109.5810 | test_loss=19.3902 | test_acc=0.8672
2026-04-02 14:28:30,316 | INFO | stage2_run5 | Epoch 055 | train_loss=110.0926 | test_loss=19.0978 | test_acc=0.8015
2026-04-02 14:28:45,882 | INFO | stage2_run5 | Epoch 056 | train_loss=109.6366 | test_loss=18.2399 | test_acc=0.8698
2026-04-02 14:29:00,268 | INFO | stage2_run5 | Epoch 057 | train_loss=108.6426 | test_loss=19.1232 | test_acc=0.8034
2026-04-02 14:29:14,744 | INFO | stage2_run5 | Epoch 058 | train_loss=110.8734 | test_loss=19.0647 | test_acc=0.8434
2026-04-02 14:29:28,778 | INFO | stage2_run5 | Epoch 059 | train_loss=109.0299 | test_loss=18.9120 | test_acc=0.8172
2026-04-02 14:29:42,951 | INFO | stage2_run5 | Epoch 060 | train_loss=108.2699 | test_loss=18.6050 | test_acc=0.8467
2026-04-02 14:29:57,402 | INFO | stage2_run5 | Epoch 061 | train_loss=107.9975 | test_loss=18.4556 | test_acc=0.8298
2026-04-02 14:30:11,508 | INFO | stage2_run5 | Epoch 062 | train_loss=108.6340 | test_loss=18.5423 | test_acc=0.8362
2026-04-02 14:30:26,089 | INFO | stage2_run5 | Epoch 063 | train_loss=108.5910 | test_loss=18.1793 | test_acc=0.8405
2026-04-02 14:30:40,089 | INFO | stage2_run5 | Epoch 064 | train_loss=108.5782 | test_loss=18.2782 | test_acc=0.8573
2026-04-02 14:30:54,091 | INFO | stage2_run5 | Epoch 065 | train_loss=108.8313 | test_loss=18.4690 | test_acc=0.8246
2026-04-02 14:31:08,054 | INFO | stage2_run5 | Epoch 066 | train_loss=107.5294 | test_loss=18.0830 | test_acc=0.8580
2026-04-02 14:31:22,004 | INFO | stage2_run5 | Epoch 067 | train_loss=108.1522 | test_loss=18.5736 | test_acc=0.8502
2026-04-02 14:31:36,894 | INFO | stage2_run5 | Epoch 068 | train_loss=108.0094 | test_loss=18.1002 | test_acc=0.8635
2026-04-02 14:31:51,453 | INFO | stage2_run5 | Epoch 069 | train_loss=108.5631 | test_loss=19.8638 | test_acc=0.8082
2026-04-02 14:32:09,157 | INFO | stage2_run5 | Epoch 070 | train_loss=110.8973 | test_loss=18.3066 | test_acc=0.8511
2026-04-02 14:32:23,886 | INFO | stage2_run5 | Epoch 071 | train_loss=107.4024 | test_loss=18.5593 | test_acc=0.8598
2026-04-02 14:32:38,943 | INFO | stage2_run5 | Epoch 072 | train_loss=107.8958 | test_loss=18.3117 | test_acc=0.8352
2026-04-02 14:32:55,915 | INFO | stage2_run5 | Epoch 073 | train_loss=107.5688 | test_loss=18.0539 | test_acc=0.8641
2026-04-02 14:33:10,319 | INFO | stage2_run5 | Epoch 074 | train_loss=106.9909 | test_loss=18.0859 | test_acc=0.8614
2026-04-02 14:33:25,369 | INFO | stage2_run5 | Epoch 075 | train_loss=108.0388 | test_loss=18.1615 | test_acc=0.8402
2026-04-02 14:33:40,382 | INFO | stage2_run5 | Epoch 076 | train_loss=107.0557 | test_loss=18.0295 | test_acc=0.8627
2026-04-02 14:33:54,539 | INFO | stage2_run5 | Epoch 077 | train_loss=107.9220 | test_loss=18.5861 | test_acc=0.7983
2026-04-02 14:34:08,821 | INFO | stage2_run5 | Epoch 078 | train_loss=107.9772 | test_loss=18.1954 | test_acc=0.8723
2026-04-02 14:34:24,809 | INFO | stage2_run5 | Epoch 079 | train_loss=106.8594 | test_loss=18.1142 | test_acc=0.8156
2026-04-02 14:34:39,084 | INFO | stage2_run5 | Epoch 080 | train_loss=106.5680 | test_loss=19.1636 | test_acc=0.8236
2026-04-02 14:34:54,280 | INFO | stage2_run5 | Epoch 081 | train_loss=107.6000 | test_loss=18.0513 | test_acc=0.8447
2026-04-02 14:35:08,582 | INFO | stage2_run5 | Epoch 082 | train_loss=107.6242 | test_loss=18.2707 | test_acc=0.8399
2026-04-02 14:35:25,601 | INFO | stage2_run5 | Epoch 083 | train_loss=107.5227 | test_loss=18.2159 | test_acc=0.8611
2026-04-02 14:35:40,051 | INFO | stage2_run5 | Epoch 084 | train_loss=107.5061 | test_loss=18.0077 | test_acc=0.8577
2026-04-02 14:35:54,206 | INFO | stage2_run5 | Epoch 085 | train_loss=106.7486 | test_loss=18.0220 | test_acc=0.8462
2026-04-02 14:36:08,939 | INFO | stage2_run5 | Epoch 086 | train_loss=106.2221 | test_loss=17.7998 | test_acc=0.8270
2026-04-02 14:36:23,122 | INFO | stage2_run5 | Epoch 087 | train_loss=106.6341 | test_loss=18.7146 | test_acc=0.8214
2026-04-02 14:36:40,025 | INFO | stage2_run5 | Epoch 088 | train_loss=106.9298 | test_loss=18.4462 | test_acc=0.8326
2026-04-02 14:36:57,005 | INFO | stage2_run5 | Epoch 089 | train_loss=105.8759 | test_loss=17.7529 | test_acc=0.8571
2026-04-02 14:37:13,111 | INFO | stage2_run5 | Epoch 090 | train_loss=106.9965 | test_loss=18.4766 | test_acc=0.8378
2026-04-02 14:37:29,078 | INFO | stage2_run5 | Epoch 091 | train_loss=106.4670 | test_loss=18.3487 | test_acc=0.8606
2026-04-02 14:37:44,915 | INFO | stage2_run5 | Epoch 092 | train_loss=107.2167 | test_loss=17.9067 | test_acc=0.8292
2026-04-02 14:38:00,646 | INFO | stage2_run5 | Epoch 093 | train_loss=106.2652 | test_loss=17.8142 | test_acc=0.8455
2026-04-02 14:38:16,034 | INFO | stage2_run5 | Epoch 094 | train_loss=107.1685 | test_loss=19.6907 | test_acc=0.8145
2026-04-02 14:38:32,660 | INFO | stage2_run5 | Epoch 095 | train_loss=107.4092 | test_loss=18.1501 | test_acc=0.8338
2026-04-02 14:38:53,103 | INFO | stage2_run5 | Epoch 096 | train_loss=106.6016 | test_loss=18.0439 | test_acc=0.8614
2026-04-02 14:39:13,586 | INFO | stage2_run5 | Epoch 097 | train_loss=106.1702 | test_loss=18.0274 | test_acc=0.8587
2026-04-02 14:39:31,252 | INFO | stage2_run5 | Epoch 098 | train_loss=105.3587 | test_loss=17.7602 | test_acc=0.8339
2026-04-02 14:39:47,900 | INFO | stage2_run5 | Epoch 099 | train_loss=105.5764 | test_loss=18.2517 | test_acc=0.8619
2026-04-02 14:40:04,779 | INFO | stage2_run5 | Epoch 100 | train_loss=106.2239 | test_loss=18.0547 | test_acc=0.8343
2026-04-02 14:40:22,988 | INFO | stage2_run5 | Epoch 101 | train_loss=105.6838 | test_loss=17.9623 | test_acc=0.8062
2026-04-02 14:40:40,676 | INFO | stage2_run5 | Epoch 102 | train_loss=105.8773 | test_loss=17.7129 | test_acc=0.8482
2026-04-02 14:40:57,140 | INFO | stage2_run5 | Epoch 103 | train_loss=106.2337 | test_loss=17.8120 | test_acc=0.8387
2026-04-02 14:41:12,652 | INFO | stage2_run5 | Epoch 104 | train_loss=105.7997 | test_loss=18.0879 | test_acc=0.8293
2026-04-02 14:41:27,592 | INFO | stage2_run5 | Epoch 105 | train_loss=105.5847 | test_loss=18.0039 | test_acc=0.8092
2026-04-02 14:41:46,060 | INFO | stage2_run5 | Epoch 106 | train_loss=106.0775 | test_loss=18.0602 | test_acc=0.8537
2026-04-02 14:42:03,035 | INFO | stage2_run5 | Epoch 107 | train_loss=105.0699 | test_loss=17.9676 | test_acc=0.8204
2026-04-02 14:42:18,255 | INFO | stage2_run5 | Epoch 108 | train_loss=106.0296 | test_loss=17.9552 | test_acc=0.8387
2026-04-02 14:42:34,162 | INFO | stage2_run5 | Epoch 109 | train_loss=106.8421 | test_loss=18.0321 | test_acc=0.7941
2026-04-02 14:42:52,740 | INFO | stage2_run5 | Epoch 110 | train_loss=106.2005 | test_loss=17.7734 | test_acc=0.8084
2026-04-02 14:43:08,329 | INFO | stage2_run5 | Epoch 111 | train_loss=105.5680 | test_loss=17.8778 | test_acc=0.8358
2026-04-02 14:43:23,507 | INFO | stage2_run5 | Epoch 112 | train_loss=105.3226 | test_loss=17.8845 | test_acc=0.8533
2026-04-02 14:43:39,290 | INFO | stage2_run5 | Epoch 113 | train_loss=104.8988 | test_loss=17.7340 | test_acc=0.8440
2026-04-02 14:43:54,948 | INFO | stage2_run5 | Epoch 114 | train_loss=105.9466 | test_loss=17.8295 | test_acc=0.8507
2026-04-02 14:44:12,908 | INFO | stage2_run5 | Epoch 115 | train_loss=105.0862 | test_loss=17.5702 | test_acc=0.8589
2026-04-02 14:44:28,838 | INFO | stage2_run5 | Epoch 116 | train_loss=105.9554 | test_loss=18.0858 | test_acc=0.8528
2026-04-02 14:44:44,387 | INFO | stage2_run5 | Epoch 117 | train_loss=105.8299 | test_loss=17.7305 | test_acc=0.8402
2026-04-02 14:45:02,834 | INFO | stage2_run5 | Epoch 118 | train_loss=105.3295 | test_loss=17.9963 | test_acc=0.8424
2026-04-02 14:45:18,466 | INFO | stage2_run5 | Epoch 119 | train_loss=105.3662 | test_loss=17.7418 | test_acc=0.8663
2026-04-02 14:45:32,827 | INFO | stage2_run5 | Epoch 120 | train_loss=104.2827 | test_loss=18.0315 | test_acc=0.8435
2026-04-02 14:45:49,902 | INFO | stage2_run5 | Epoch 121 | train_loss=104.4724 | test_loss=18.0436 | test_acc=0.8589
2026-04-02 14:46:04,942 | INFO | stage2_run5 | Epoch 122 | train_loss=106.4488 | test_loss=18.0178 | test_acc=0.8446
2026-04-02 14:46:19,177 | INFO | stage2_run5 | Epoch 123 | train_loss=104.7070 | test_loss=17.8969 | test_acc=0.8600
2026-04-02 14:46:33,518 | INFO | stage2_run5 | Epoch 124 | train_loss=104.4283 | test_loss=17.6129 | test_acc=0.8651
2026-04-02 14:46:49,278 | INFO | stage2_run5 | Epoch 125 | train_loss=104.2520 | test_loss=17.6789 | test_acc=0.8389
2026-04-02 14:47:03,796 | INFO | stage2_run5 | Epoch 126 | train_loss=106.1305 | test_loss=17.5754 | test_acc=0.8553
2026-04-02 14:47:18,141 | INFO | stage2_run5 | Epoch 127 | train_loss=104.7118 | test_loss=18.1332 | test_acc=0.8367
2026-04-02 14:47:32,954 | INFO | stage2_run5 | Epoch 128 | train_loss=104.8465 | test_loss=17.9550 | test_acc=0.8532
2026-04-02 14:47:47,535 | INFO | stage2_run5 | Epoch 129 | train_loss=104.5080 | test_loss=17.6593 | test_acc=0.8435
2026-04-02 14:48:01,747 | INFO | stage2_run5 | Epoch 130 | train_loss=104.3709 | test_loss=17.6250 | test_acc=0.8352
2026-04-02 14:48:16,229 | INFO | stage2_run5 | Epoch 131 | train_loss=104.6997 | test_loss=18.2035 | test_acc=0.8043
2026-04-02 14:48:30,778 | INFO | stage2_run5 | Epoch 132 | train_loss=104.8723 | test_loss=17.7759 | test_acc=0.8605
2026-04-02 14:48:45,406 | INFO | stage2_run5 | Epoch 133 | train_loss=104.5342 | test_loss=17.6906 | test_acc=0.8368
2026-04-02 14:48:59,631 | INFO | stage2_run5 | Epoch 134 | train_loss=104.3169 | test_loss=17.8664 | test_acc=0.8330
2026-04-02 14:49:13,822 | INFO | stage2_run5 | Epoch 135 | train_loss=105.0766 | test_loss=17.5628 | test_acc=0.8474
2026-04-02 14:49:28,265 | INFO | stage2_run5 | Epoch 136 | train_loss=105.3146 | test_loss=17.6879 | test_acc=0.8569
2026-04-02 14:49:42,447 | INFO | stage2_run5 | Epoch 137 | train_loss=103.6862 | test_loss=17.5695 | test_acc=0.8647
2026-04-02 14:49:56,778 | INFO | stage2_run5 | Epoch 138 | train_loss=104.1250 | test_loss=17.9215 | test_acc=0.8497
2026-04-02 14:50:10,888 | INFO | stage2_run5 | Epoch 139 | train_loss=104.7657 | test_loss=18.8038 | test_acc=0.8117
2026-04-02 14:50:24,988 | INFO | stage2_run5 | Epoch 140 | train_loss=104.7957 | test_loss=18.0976 | test_acc=0.8562
2026-04-02 14:50:39,146 | INFO | stage2_run5 | Epoch 141 | train_loss=105.2009 | test_loss=17.5334 | test_acc=0.8833
2026-04-02 14:50:53,190 | INFO | stage2_run5 | Epoch 142 | train_loss=104.5454 | test_loss=17.9291 | test_acc=0.8517
2026-04-02 14:51:07,799 | INFO | stage2_run5 | Epoch 143 | train_loss=104.5359 | test_loss=17.9729 | test_acc=0.8295
2026-04-02 14:51:21,879 | INFO | stage2_run5 | Epoch 144 | train_loss=104.2851 | test_loss=17.5748 | test_acc=0.8655
2026-04-02 14:51:36,599 | INFO | stage2_run5 | Epoch 145 | train_loss=105.4166 | test_loss=17.7369 | test_acc=0.8672
2026-04-02 14:51:51,418 | INFO | stage2_run5 | Epoch 146 | train_loss=103.9989 | test_loss=17.7186 | test_acc=0.8550
2026-04-02 14:52:05,631 | INFO | stage2_run5 | Epoch 147 | train_loss=105.6349 | test_loss=18.0138 | test_acc=0.8905
2026-04-02 14:52:20,169 | INFO | stage2_run5 | Epoch 148 | train_loss=104.5079 | test_loss=18.0825 | test_acc=0.8320
2026-04-02 14:52:34,589 | INFO | stage2_run5 | Epoch 149 | train_loss=104.7125 | test_loss=17.5671 | test_acc=0.8252
2026-04-02 14:52:48,819 | INFO | stage2_run5 | Epoch 150 | train_loss=104.0903 | test_loss=17.7786 | test_acc=0.8565
2026-04-02 14:53:03,049 | INFO | stage2_run5 | Epoch 151 | train_loss=103.8252 | test_loss=17.4780 | test_acc=0.8548
2026-04-02 14:53:17,340 | INFO | stage2_run5 | Epoch 152 | train_loss=103.1772 | test_loss=17.4860 | test_acc=0.8794
2026-04-02 14:53:31,588 | INFO | stage2_run5 | Epoch 153 | train_loss=104.4950 | test_loss=17.6145 | test_acc=0.8490
2026-04-02 14:53:45,731 | INFO | stage2_run5 | Epoch 154 | train_loss=105.4897 | test_loss=17.6407 | test_acc=0.8372
2026-04-02 14:53:59,774 | INFO | stage2_run5 | Epoch 155 | train_loss=104.1303 | test_loss=17.6154 | test_acc=0.8711
2026-04-02 14:54:14,880 | INFO | stage2_run5 | Epoch 156 | train_loss=104.6551 | test_loss=17.9989 | test_acc=0.8471
2026-04-02 14:54:26,393 | INFO | stage2_run5 | Epoch 157 | train_loss=104.8025 | test_loss=17.7856 | test_acc=0.8600
2026-04-02 14:54:37,567 | INFO | stage2_run5 | Epoch 158 | train_loss=105.3820 | test_loss=18.1491 | test_acc=0.8598
2026-04-02 14:54:48,370 | INFO | stage2_run5 | Epoch 159 | train_loss=104.3014 | test_loss=17.6728 | test_acc=0.8622
2026-04-02 14:54:59,923 | INFO | stage2_run5 | Epoch 160 | train_loss=103.3848 | test_loss=17.5035 | test_acc=0.8860
2026-04-02 14:55:11,086 | INFO | stage2_run5 | Epoch 161 | train_loss=103.6275 | test_loss=17.8084 | test_acc=0.8790
2026-04-02 14:55:22,727 | INFO | stage2_run5 | Epoch 162 | train_loss=103.6350 | test_loss=17.7205 | test_acc=0.8268
2026-04-02 14:55:34,285 | INFO | stage2_run5 | Epoch 163 | train_loss=104.5525 | test_loss=17.6243 | test_acc=0.9019
2026-04-02 14:55:45,318 | INFO | stage2_run5 | Epoch 164 | train_loss=104.5965 | test_loss=18.1989 | test_acc=0.8556
2026-04-02 14:55:56,271 | INFO | stage2_run5 | Epoch 165 | train_loss=104.2945 | test_loss=18.0062 | test_acc=0.8485
2026-04-02 14:56:07,266 | INFO | stage2_run5 | Epoch 166 | train_loss=105.8505 | test_loss=17.5610 | test_acc=0.8560
2026-04-02 14:56:18,241 | INFO | stage2_run5 | Epoch 167 | train_loss=103.7371 | test_loss=18.1460 | test_acc=0.8571
2026-04-02 14:56:29,244 | INFO | stage2_run5 | Epoch 168 | train_loss=104.5817 | test_loss=17.6049 | test_acc=0.9063
2026-04-02 14:56:40,426 | INFO | stage2_run5 | Epoch 169 | train_loss=104.3851 | test_loss=18.6140 | test_acc=0.8306
2026-04-02 14:56:51,528 | INFO | stage2_run5 | Epoch 170 | train_loss=104.6176 | test_loss=17.9240 | test_acc=0.8735
2026-04-02 14:57:02,424 | INFO | stage2_run5 | Epoch 171 | train_loss=104.3240 | test_loss=17.4452 | test_acc=0.8621
2026-04-02 14:57:13,458 | INFO | stage2_run5 | Epoch 172 | train_loss=103.6815 | test_loss=17.3983 | test_acc=0.8685
2026-04-02 14:57:24,515 | INFO | stage2_run5 | Epoch 173 | train_loss=105.5136 | test_loss=17.7781 | test_acc=0.8700
2026-04-02 14:57:35,468 | INFO | stage2_run5 | Epoch 174 | train_loss=104.6574 | test_loss=17.5170 | test_acc=0.8654
2026-04-02 14:57:46,583 | INFO | stage2_run5 | Epoch 175 | train_loss=103.5263 | test_loss=17.8834 | test_acc=0.8843
2026-04-02 14:57:57,615 | INFO | stage2_run5 | Epoch 176 | train_loss=103.7642 | test_loss=17.8661 | test_acc=0.8583
2026-04-02 14:58:09,120 | INFO | stage2_run5 | Epoch 177 | train_loss=104.1438 | test_loss=18.4336 | test_acc=0.8391
2026-04-02 14:58:20,195 | INFO | stage2_run5 | Epoch 178 | train_loss=104.2712 | test_loss=17.4826 | test_acc=0.8868
2026-04-02 14:58:31,141 | INFO | stage2_run5 | Epoch 179 | train_loss=103.0686 | test_loss=17.4496 | test_acc=0.8733
2026-04-02 14:58:42,099 | INFO | stage2_run5 | Epoch 180 | train_loss=103.2521 | test_loss=17.3894 | test_acc=0.8897
2026-04-02 14:58:54,295 | INFO | stage2_run5 | Epoch 181 | train_loss=103.4839 | test_loss=17.7889 | test_acc=0.8220
2026-04-02 14:59:06,865 | INFO | stage2_run5 | Epoch 182 | train_loss=102.8334 | test_loss=17.6474 | test_acc=0.8596
2026-04-02 14:59:18,926 | INFO | stage2_run5 | Epoch 183 | train_loss=103.9426 | test_loss=17.7964 | test_acc=0.8791
2026-04-02 14:59:31,330 | INFO | stage2_run5 | Epoch 184 | train_loss=104.9967 | test_loss=17.8386 | test_acc=0.8609
2026-04-02 14:59:42,878 | INFO | stage2_run5 | Epoch 185 | train_loss=103.5378 | test_loss=17.8980 | test_acc=0.8605
2026-04-02 14:59:54,177 | INFO | stage2_run5 | Epoch 186 | train_loss=103.0640 | test_loss=17.7409 | test_acc=0.8757
2026-04-02 15:00:05,376 | INFO | stage2_run5 | Epoch 187 | train_loss=103.4463 | test_loss=17.4659 | test_acc=0.9095
2026-04-02 15:00:16,374 | INFO | stage2_run5 | Epoch 188 | train_loss=103.3308 | test_loss=17.6548 | test_acc=0.8074
2026-04-02 15:00:28,241 | INFO | stage2_run5 | Epoch 189 | train_loss=103.9584 | test_loss=17.4291 | test_acc=0.8878
2026-04-02 15:00:40,489 | INFO | stage2_run5 | Epoch 190 | train_loss=103.0700 | test_loss=17.6375 | test_acc=0.8743
2026-04-02 15:00:52,059 | INFO | stage2_run5 | Epoch 191 | train_loss=103.2815 | test_loss=17.3168 | test_acc=0.8793
2026-04-02 15:01:04,965 | INFO | stage2_run5 | Epoch 192 | train_loss=103.0790 | test_loss=17.5804 | test_acc=0.8797
2026-04-02 15:01:17,451 | INFO | stage2_run5 | Epoch 193 | train_loss=103.1252 | test_loss=17.7524 | test_acc=0.8533
2026-04-02 15:01:29,278 | INFO | stage2_run5 | Epoch 194 | train_loss=103.5691 | test_loss=17.4786 | test_acc=0.8704
2026-04-02 15:01:40,406 | INFO | stage2_run5 | Epoch 195 | train_loss=103.1626 | test_loss=17.3931 | test_acc=0.8546
2026-04-02 15:01:51,276 | INFO | stage2_run5 | Epoch 196 | train_loss=103.1192 | test_loss=17.6684 | test_acc=0.8687
2026-04-02 15:02:04,184 | INFO | stage2_run5 | Epoch 197 | train_loss=103.0192 | test_loss=18.0294 | test_acc=0.8689
2026-04-02 15:02:17,218 | INFO | stage2_run5 | Epoch 198 | train_loss=103.0825 | test_loss=17.7250 | test_acc=0.8737
2026-04-02 15:02:29,994 | INFO | stage2_run5 | Epoch 199 | train_loss=103.5598 | test_loss=17.5760 | test_acc=0.8537
2026-04-02 15:02:42,698 | INFO | stage2_run5 | Epoch 200 | train_loss=103.2482 | test_loss=17.7070 | test_acc=0.8332
2026-04-02 15:02:42,940 | INFO | LSTM match | hidden_size=32 | trainable_params=8266 | target_params=8190
2026-04-02 15:02:53,765 | INFO | lstm_run1 | Epoch 001 | train_loss=241.5770 | test_loss=31.2899 | test_acc=0.4114
2026-04-02 15:03:04,838 | INFO | lstm_run1 | Epoch 002 | train_loss=138.6323 | test_loss=17.5442 | test_acc=0.5820
2026-04-02 15:03:15,882 | INFO | lstm_run1 | Epoch 003 | train_loss=84.4504 | test_loss=11.3781 | test_acc=0.7084
2026-04-02 15:03:26,141 | INFO | lstm_run1 | Epoch 004 | train_loss=54.8622 | test_loss=7.8665 | test_acc=0.8050
2026-04-02 15:03:36,777 | INFO | lstm_run1 | Epoch 005 | train_loss=39.8701 | test_loss=5.8355 | test_acc=0.8704
2026-04-02 15:03:47,428 | INFO | lstm_run1 | Epoch 006 | train_loss=32.1753 | test_loss=4.8125 | test_acc=0.8823
2026-04-02 15:03:58,195 | INFO | lstm_run1 | Epoch 007 | train_loss=27.0715 | test_loss=4.1742 | test_acc=0.8897
2026-04-02 15:04:09,172 | INFO | lstm_run1 | Epoch 008 | train_loss=23.6099 | test_loss=3.9259 | test_acc=0.9042
2026-04-02 15:04:20,137 | INFO | lstm_run1 | Epoch 009 | train_loss=21.1724 | test_loss=3.4774 | test_acc=0.8907
2026-04-02 15:04:31,049 | INFO | lstm_run1 | Epoch 010 | train_loss=18.9016 | test_loss=3.4582 | test_acc=0.8951
2026-04-02 15:04:41,743 | INFO | lstm_run1 | Epoch 011 | train_loss=17.4513 | test_loss=2.9036 | test_acc=0.9330
2026-04-02 15:04:52,507 | INFO | lstm_run1 | Epoch 012 | train_loss=16.1267 | test_loss=2.9197 | test_acc=0.9249
2026-04-02 15:05:03,377 | INFO | lstm_run1 | Epoch 013 | train_loss=15.6666 | test_loss=2.5614 | test_acc=0.9276
2026-04-02 15:05:13,908 | INFO | lstm_run1 | Epoch 014 | train_loss=14.2389 | test_loss=2.5597 | test_acc=0.9333
2026-04-02 15:05:24,373 | INFO | lstm_run1 | Epoch 015 | train_loss=13.5410 | test_loss=2.3181 | test_acc=0.9348
2026-04-02 15:05:34,941 | INFO | lstm_run1 | Epoch 016 | train_loss=12.9519 | test_loss=2.2510 | test_acc=0.9345
2026-04-02 15:05:45,442 | INFO | lstm_run1 | Epoch 017 | train_loss=12.4773 | test_loss=2.2668 | test_acc=0.9389
2026-04-02 15:05:55,267 | INFO | lstm_run1 | Epoch 018 | train_loss=11.9905 | test_loss=2.0520 | test_acc=0.9299
2026-04-02 15:06:05,557 | INFO | lstm_run1 | Epoch 019 | train_loss=11.5096 | test_loss=2.0186 | test_acc=0.9374
2026-04-02 15:06:15,827 | INFO | lstm_run1 | Epoch 020 | train_loss=10.8432 | test_loss=2.0247 | test_acc=0.9404
2026-04-02 15:06:25,887 | INFO | lstm_run1 | Epoch 021 | train_loss=10.7985 | test_loss=2.2103 | test_acc=0.9327
2026-04-02 15:06:36,246 | INFO | lstm_run1 | Epoch 022 | train_loss=10.5699 | test_loss=1.9141 | test_acc=0.9467
2026-04-02 15:06:46,614 | INFO | lstm_run1 | Epoch 023 | train_loss=9.7748 | test_loss=1.9957 | test_acc=0.9337
2026-04-02 15:06:57,085 | INFO | lstm_run1 | Epoch 024 | train_loss=9.5263 | test_loss=1.8061 | test_acc=0.9563
2026-04-02 15:07:07,539 | INFO | lstm_run1 | Epoch 025 | train_loss=9.1828 | test_loss=1.7794 | test_acc=0.9537
2026-04-02 15:07:18,108 | INFO | lstm_run1 | Epoch 026 | train_loss=8.9863 | test_loss=1.6208 | test_acc=0.9505
2026-04-02 15:07:28,670 | INFO | lstm_run1 | Epoch 027 | train_loss=8.8441 | test_loss=1.6533 | test_acc=0.9523
2026-04-02 15:07:39,165 | INFO | lstm_run1 | Epoch 028 | train_loss=8.3019 | test_loss=1.5987 | test_acc=0.9566
2026-04-02 15:07:49,731 | INFO | lstm_run1 | Epoch 029 | train_loss=8.5312 | test_loss=1.6588 | test_acc=0.9564
2026-04-02 15:07:59,860 | INFO | lstm_run1 | Epoch 030 | train_loss=8.2484 | test_loss=1.5935 | test_acc=0.9529
2026-04-02 15:08:10,354 | INFO | lstm_run1 | Epoch 031 | train_loss=8.0223 | test_loss=1.8853 | test_acc=0.9367
2026-04-02 15:08:20,433 | INFO | lstm_run1 | Epoch 032 | train_loss=7.9316 | test_loss=1.5106 | test_acc=0.9611
2026-04-02 15:08:31,299 | INFO | lstm_run1 | Epoch 033 | train_loss=7.3663 | test_loss=1.4834 | test_acc=0.9591
2026-04-02 15:08:41,987 | INFO | lstm_run1 | Epoch 034 | train_loss=7.5740 | test_loss=1.5413 | test_acc=0.9542
2026-04-02 15:08:52,606 | INFO | lstm_run1 | Epoch 035 | train_loss=7.3935 | test_loss=1.5747 | test_acc=0.9592
2026-04-02 15:09:03,119 | INFO | lstm_run1 | Epoch 036 | train_loss=7.1618 | test_loss=1.4596 | test_acc=0.9600
2026-04-02 15:09:13,811 | INFO | lstm_run1 | Epoch 037 | train_loss=6.9787 | test_loss=1.4181 | test_acc=0.9625
2026-04-02 15:09:24,543 | INFO | lstm_run1 | Epoch 038 | train_loss=6.6776 | test_loss=1.3960 | test_acc=0.9660
2026-04-02 15:09:35,291 | INFO | lstm_run1 | Epoch 039 | train_loss=6.5121 | test_loss=1.6859 | test_acc=0.9542
2026-04-02 15:09:45,555 | INFO | lstm_run1 | Epoch 040 | train_loss=6.7194 | test_loss=1.3301 | test_acc=0.9675
2026-04-02 15:09:56,086 | INFO | lstm_run1 | Epoch 041 | train_loss=6.5795 | test_loss=1.4616 | test_acc=0.9597
2026-04-02 15:10:06,997 | INFO | lstm_run1 | Epoch 042 | train_loss=6.4370 | test_loss=1.4244 | test_acc=0.9602
2026-04-02 15:10:18,263 | INFO | lstm_run1 | Epoch 043 | train_loss=6.2852 | test_loss=1.3142 | test_acc=0.9667
2026-04-02 15:10:29,400 | INFO | lstm_run1 | Epoch 044 | train_loss=6.0386 | test_loss=1.4547 | test_acc=0.9503
2026-04-02 15:10:39,789 | INFO | lstm_run1 | Epoch 045 | train_loss=6.2393 | test_loss=1.4467 | test_acc=0.9616
2026-04-02 15:10:50,178 | INFO | lstm_run1 | Epoch 046 | train_loss=5.7207 | test_loss=1.3788 | test_acc=0.9644
2026-04-02 15:11:00,792 | INFO | lstm_run1 | Epoch 047 | train_loss=5.7981 | test_loss=1.4619 | test_acc=0.9613
2026-04-02 15:11:11,423 | INFO | lstm_run1 | Epoch 048 | train_loss=5.9494 | test_loss=1.3194 | test_acc=0.9577
2026-04-02 15:11:22,175 | INFO | lstm_run1 | Epoch 049 | train_loss=5.6444 | test_loss=1.3501 | test_acc=0.9654
2026-04-02 15:11:32,835 | INFO | lstm_run1 | Epoch 050 | train_loss=5.7696 | test_loss=1.3240 | test_acc=0.9686
2026-04-02 15:11:43,675 | INFO | lstm_run1 | Epoch 051 | train_loss=5.5780 | test_loss=1.3406 | test_acc=0.9594
2026-04-02 15:11:54,156 | INFO | lstm_run1 | Epoch 052 | train_loss=5.3447 | test_loss=1.4053 | test_acc=0.9535
2026-04-02 15:12:04,870 | INFO | lstm_run1 | Epoch 053 | train_loss=5.2485 | test_loss=1.4113 | test_acc=0.9629
2026-04-02 15:12:15,724 | INFO | lstm_run1 | Epoch 054 | train_loss=5.0480 | test_loss=1.2954 | test_acc=0.9619
2026-04-02 15:12:26,037 | INFO | lstm_run1 | Epoch 055 | train_loss=4.9485 | test_loss=1.2279 | test_acc=0.9671
2026-04-02 15:12:36,335 | INFO | lstm_run1 | Epoch 056 | train_loss=4.9455 | test_loss=1.3720 | test_acc=0.9641
2026-04-02 15:12:46,698 | INFO | lstm_run1 | Epoch 057 | train_loss=5.2259 | test_loss=1.2347 | test_acc=0.9666
2026-04-02 15:12:56,119 | INFO | lstm_run1 | Epoch 058 | train_loss=4.6629 | test_loss=1.2117 | test_acc=0.9703
2026-04-02 15:13:06,647 | INFO | lstm_run1 | Epoch 059 | train_loss=4.8845 | test_loss=1.4405 | test_acc=0.9635
2026-04-02 15:13:17,170 | INFO | lstm_run1 | Epoch 060 | train_loss=4.9777 | test_loss=1.4426 | test_acc=0.9580
2026-04-02 15:13:27,587 | INFO | lstm_run1 | Epoch 061 | train_loss=4.8945 | test_loss=1.3687 | test_acc=0.9623
2026-04-02 15:13:37,987 | INFO | lstm_run1 | Epoch 062 | train_loss=4.7202 | test_loss=1.2947 | test_acc=0.9698
2026-04-02 15:13:48,409 | INFO | lstm_run1 | Epoch 063 | train_loss=4.3421 | test_loss=1.2309 | test_acc=0.9720
2026-04-02 15:13:58,761 | INFO | lstm_run1 | Epoch 064 | train_loss=4.7391 | test_loss=1.1918 | test_acc=0.9705
2026-04-02 15:14:09,202 | INFO | lstm_run1 | Epoch 065 | train_loss=4.3004 | test_loss=1.1741 | test_acc=0.9728
2026-04-02 15:14:19,743 | INFO | lstm_run1 | Epoch 066 | train_loss=4.2244 | test_loss=1.5371 | test_acc=0.9653
2026-04-02 15:14:30,149 | INFO | lstm_run1 | Epoch 067 | train_loss=4.5439 | test_loss=1.2249 | test_acc=0.9664
2026-04-02 15:14:40,918 | INFO | lstm_run1 | Epoch 068 | train_loss=4.2215 | test_loss=1.1787 | test_acc=0.9710
2026-04-02 15:14:51,587 | INFO | lstm_run1 | Epoch 069 | train_loss=4.0841 | test_loss=1.1672 | test_acc=0.9718
2026-04-02 15:15:02,101 | INFO | lstm_run1 | Epoch 070 | train_loss=4.0722 | test_loss=1.3216 | test_acc=0.9750
2026-04-02 15:15:12,757 | INFO | lstm_run1 | Epoch 071 | train_loss=4.3042 | test_loss=1.3209 | test_acc=0.9650
2026-04-02 15:15:23,541 | INFO | lstm_run1 | Epoch 072 | train_loss=4.3372 | test_loss=1.2106 | test_acc=0.9701
2026-04-02 15:15:34,228 | INFO | lstm_run1 | Epoch 073 | train_loss=4.0251 | test_loss=1.1651 | test_acc=0.9743
2026-04-02 15:15:44,551 | INFO | lstm_run1 | Epoch 074 | train_loss=3.7895 | test_loss=1.2198 | test_acc=0.9670
2026-04-02 15:15:55,078 | INFO | lstm_run1 | Epoch 075 | train_loss=3.7405 | test_loss=1.2747 | test_acc=0.9725
2026-04-02 15:16:05,892 | INFO | lstm_run1 | Epoch 076 | train_loss=3.6589 | test_loss=1.1586 | test_acc=0.9665
2026-04-02 15:16:16,298 | INFO | lstm_run1 | Epoch 077 | train_loss=3.6291 | test_loss=1.2260 | test_acc=0.9712
2026-04-02 15:16:26,701 | INFO | lstm_run1 | Epoch 078 | train_loss=3.4086 | test_loss=1.2075 | test_acc=0.9672
2026-04-02 15:16:36,696 | INFO | lstm_run1 | Epoch 079 | train_loss=3.3835 | test_loss=1.3820 | test_acc=0.9760
2026-04-02 15:16:46,729 | INFO | lstm_run1 | Epoch 080 | train_loss=3.7244 | test_loss=1.1440 | test_acc=0.9688
2026-04-02 15:16:56,054 | INFO | lstm_run1 | Epoch 081 | train_loss=3.6571 | test_loss=1.2213 | test_acc=0.9721
2026-04-02 15:17:06,510 | INFO | lstm_run1 | Epoch 082 | train_loss=3.4990 | test_loss=1.1040 | test_acc=0.9758
2026-04-02 15:17:16,695 | INFO | lstm_run1 | Epoch 083 | train_loss=3.2870 | test_loss=1.2014 | test_acc=0.9706
2026-04-02 15:17:27,127 | INFO | lstm_run1 | Epoch 084 | train_loss=3.3179 | test_loss=1.3786 | test_acc=0.9672
2026-04-02 15:17:37,391 | INFO | lstm_run1 | Epoch 085 | train_loss=3.2157 | test_loss=1.2420 | test_acc=0.9701
2026-04-02 15:17:47,928 | INFO | lstm_run1 | Epoch 086 | train_loss=3.6811 | test_loss=1.1806 | test_acc=0.9692
2026-04-02 15:17:58,808 | INFO | lstm_run1 | Epoch 087 | train_loss=3.1538 | test_loss=1.2270 | test_acc=0.9674
2026-04-02 15:18:09,683 | INFO | lstm_run1 | Epoch 088 | train_loss=3.0847 | test_loss=1.0737 | test_acc=0.9739
2026-04-02 15:18:20,557 | INFO | lstm_run1 | Epoch 089 | train_loss=3.0512 | test_loss=1.1235 | test_acc=0.9738
2026-04-02 15:18:31,402 | INFO | lstm_run1 | Epoch 090 | train_loss=3.0008 | test_loss=1.0846 | test_acc=0.9724
2026-04-02 15:18:42,096 | INFO | lstm_run1 | Epoch 091 | train_loss=3.0050 | test_loss=1.2176 | test_acc=0.9688
2026-04-02 15:18:52,744 | INFO | lstm_run1 | Epoch 092 | train_loss=3.1898 | test_loss=1.1977 | test_acc=0.9746
2026-04-02 15:19:02,690 | INFO | lstm_run1 | Epoch 093 | train_loss=2.8668 | test_loss=1.0872 | test_acc=0.9730
2026-04-02 15:19:13,302 | INFO | lstm_run1 | Epoch 094 | train_loss=3.0441 | test_loss=1.1487 | test_acc=0.9664
2026-04-02 15:19:23,912 | INFO | lstm_run1 | Epoch 095 | train_loss=2.7987 | test_loss=1.1053 | test_acc=0.9715
2026-04-02 15:19:34,558 | INFO | lstm_run1 | Epoch 096 | train_loss=2.6993 | test_loss=1.1814 | test_acc=0.9744
2026-04-02 15:19:45,040 | INFO | lstm_run1 | Epoch 097 | train_loss=2.9874 | test_loss=1.2609 | test_acc=0.9687
2026-04-02 15:19:55,687 | INFO | lstm_run1 | Epoch 098 | train_loss=2.8810 | test_loss=1.1567 | test_acc=0.9747
2026-04-02 15:20:06,256 | INFO | lstm_run1 | Epoch 099 | train_loss=2.6942 | test_loss=1.2713 | test_acc=0.9666
2026-04-02 15:20:16,881 | INFO | lstm_run1 | Epoch 100 | train_loss=2.8816 | test_loss=1.1152 | test_acc=0.9743
2026-04-02 15:20:27,493 | INFO | lstm_run1 | Epoch 101 | train_loss=2.8393 | test_loss=1.1306 | test_acc=0.9706
2026-04-02 15:20:37,184 | INFO | lstm_run1 | Epoch 102 | train_loss=2.8982 | test_loss=1.2373 | test_acc=0.9738
2026-04-02 15:20:46,999 | INFO | lstm_run1 | Epoch 103 | train_loss=2.6374 | test_loss=1.1723 | test_acc=0.9696
2026-04-02 15:20:57,187 | INFO | lstm_run1 | Epoch 104 | train_loss=2.6636 | test_loss=1.1380 | test_acc=0.9746
2026-04-02 15:21:06,672 | INFO | lstm_run1 | Epoch 105 | train_loss=2.4050 | test_loss=1.1338 | test_acc=0.9749
2026-04-02 15:21:16,040 | INFO | lstm_run1 | Epoch 106 | train_loss=2.3970 | test_loss=1.1395 | test_acc=0.9729
2026-04-02 15:21:25,899 | INFO | lstm_run1 | Epoch 107 | train_loss=2.4175 | test_loss=1.2248 | test_acc=0.9733
2026-04-02 15:21:35,927 | INFO | lstm_run1 | Epoch 108 | train_loss=2.3883 | test_loss=1.1399 | test_acc=0.9738
2026-04-02 15:21:45,843 | INFO | lstm_run1 | Epoch 109 | train_loss=2.1574 | test_loss=1.1360 | test_acc=0.9743
2026-04-02 15:21:55,819 | INFO | lstm_run1 | Epoch 110 | train_loss=2.3191 | test_loss=1.1926 | test_acc=0.9736
2026-04-02 15:22:05,924 | INFO | lstm_run1 | Epoch 111 | train_loss=2.5492 | test_loss=1.3379 | test_acc=0.9689
2026-04-02 15:22:16,680 | INFO | lstm_run1 | Epoch 112 | train_loss=2.4358 | test_loss=1.1708 | test_acc=0.9692
2026-04-02 15:22:27,323 | INFO | lstm_run1 | Epoch 113 | train_loss=2.1194 | test_loss=1.2701 | test_acc=0.9672
2026-04-02 15:22:37,883 | INFO | lstm_run1 | Epoch 114 | train_loss=2.3996 | test_loss=1.1618 | test_acc=0.9714
2026-04-02 15:22:48,238 | INFO | lstm_run1 | Epoch 115 | train_loss=2.0756 | test_loss=1.1417 | test_acc=0.9732
2026-04-02 15:22:58,706 | INFO | lstm_run1 | Epoch 116 | train_loss=2.2532 | test_loss=1.1363 | test_acc=0.9781
2026-04-02 15:23:09,298 | INFO | lstm_run1 | Epoch 117 | train_loss=1.9917 | test_loss=1.1837 | test_acc=0.9754
2026-04-02 15:23:20,020 | INFO | lstm_run1 | Epoch 118 | train_loss=2.2654 | test_loss=1.2178 | test_acc=0.9729
2026-04-02 15:23:30,589 | INFO | lstm_run1 | Epoch 119 | train_loss=2.3369 | test_loss=1.1808 | test_acc=0.9696
2026-04-02 15:23:40,662 | INFO | lstm_run1 | Epoch 120 | train_loss=2.1954 | test_loss=1.1762 | test_acc=0.9709
2026-04-02 15:23:50,546 | INFO | lstm_run1 | Epoch 121 | train_loss=2.1349 | test_loss=1.1687 | test_acc=0.9761
2026-04-02 15:24:00,829 | INFO | lstm_run1 | Epoch 122 | train_loss=1.8512 | test_loss=1.2957 | test_acc=0.9750
2026-04-02 15:24:11,709 | INFO | lstm_run1 | Epoch 123 | train_loss=1.9715 | test_loss=1.2126 | test_acc=0.9720
2026-04-02 15:24:22,468 | INFO | lstm_run1 | Epoch 124 | train_loss=1.8316 | test_loss=1.2270 | test_acc=0.9700
2026-04-02 15:24:33,260 | INFO | lstm_run1 | Epoch 125 | train_loss=1.6987 | test_loss=1.1955 | test_acc=0.9742
2026-04-02 15:24:44,129 | INFO | lstm_run1 | Epoch 126 | train_loss=2.0525 | test_loss=1.3527 | test_acc=0.9637
2026-04-02 15:24:54,849 | INFO | lstm_run1 | Epoch 127 | train_loss=2.2151 | test_loss=1.1778 | test_acc=0.9705
2026-04-02 15:25:05,626 | INFO | lstm_run1 | Epoch 128 | train_loss=1.7315 | test_loss=1.1431 | test_acc=0.9733
2026-04-02 15:25:16,416 | INFO | lstm_run1 | Epoch 129 | train_loss=1.9678 | test_loss=1.3053 | test_acc=0.9682
2026-04-02 15:25:27,181 | INFO | lstm_run1 | Epoch 130 | train_loss=1.7874 | test_loss=1.2807 | test_acc=0.9689
2026-04-02 15:25:37,948 | INFO | lstm_run1 | Epoch 131 | train_loss=1.6784 | test_loss=1.2990 | test_acc=0.9659
2026-04-02 15:25:48,764 | INFO | lstm_run1 | Epoch 132 | train_loss=1.8261 | test_loss=1.2381 | test_acc=0.9728
2026-04-02 15:25:59,524 | INFO | lstm_run1 | Epoch 133 | train_loss=1.7053 | test_loss=1.2368 | test_acc=0.9742
2026-04-02 15:26:10,295 | INFO | lstm_run1 | Epoch 134 | train_loss=1.4994 | test_loss=1.3631 | test_acc=0.9732
2026-04-02 15:26:21,062 | INFO | lstm_run1 | Epoch 135 | train_loss=1.7702 | test_loss=1.2434 | test_acc=0.9730
2026-04-02 15:26:31,782 | INFO | lstm_run1 | Epoch 136 | train_loss=1.7425 | test_loss=1.2487 | test_acc=0.9741
2026-04-02 15:26:42,576 | INFO | lstm_run1 | Epoch 137 | train_loss=1.6804 | test_loss=1.2077 | test_acc=0.9739
2026-04-02 15:26:53,259 | INFO | lstm_run1 | Epoch 138 | train_loss=1.9645 | test_loss=1.2366 | test_acc=0.9710
2026-04-02 15:27:03,893 | INFO | lstm_run1 | Epoch 139 | train_loss=1.6802 | test_loss=1.2143 | test_acc=0.9677
2026-04-02 15:27:14,582 | INFO | lstm_run1 | Epoch 140 | train_loss=1.5159 | test_loss=1.3268 | test_acc=0.9672
2026-04-02 15:27:25,411 | INFO | lstm_run1 | Epoch 141 | train_loss=1.6225 | test_loss=1.3658 | test_acc=0.9722
2026-04-02 15:27:36,039 | INFO | lstm_run1 | Epoch 142 | train_loss=2.0544 | test_loss=1.2365 | test_acc=0.9748
2026-04-02 15:27:46,685 | INFO | lstm_run1 | Epoch 143 | train_loss=1.6798 | test_loss=1.3168 | test_acc=0.9746
2026-04-02 15:27:57,422 | INFO | lstm_run1 | Epoch 144 | train_loss=2.2103 | test_loss=1.5161 | test_acc=0.9644
2026-04-02 15:28:08,112 | INFO | lstm_run1 | Epoch 145 | train_loss=1.6397 | test_loss=1.2103 | test_acc=0.9739
2026-04-02 15:28:18,043 | INFO | lstm_run1 | Epoch 146 | train_loss=1.4444 | test_loss=1.3081 | test_acc=0.9772
2026-04-02 15:28:28,335 | INFO | lstm_run1 | Epoch 147 | train_loss=1.8174 | test_loss=1.3282 | test_acc=0.9696
2026-04-02 15:28:39,131 | INFO | lstm_run1 | Epoch 148 | train_loss=1.7544 | test_loss=1.3102 | test_acc=0.9744
2026-04-02 15:28:49,231 | INFO | lstm_run1 | Epoch 149 | train_loss=1.2261 | test_loss=1.3007 | test_acc=0.9748
2026-04-02 15:28:58,515 | INFO | lstm_run1 | Epoch 150 | train_loss=1.2492 | test_loss=1.2881 | test_acc=0.9759
2026-04-02 15:29:08,495 | INFO | lstm_run1 | Epoch 151 | train_loss=1.4046 | test_loss=1.2958 | test_acc=0.9726
2026-04-02 15:29:19,356 | INFO | lstm_run1 | Epoch 152 | train_loss=1.2632 | test_loss=1.2912 | test_acc=0.9755
2026-04-02 15:29:29,976 | INFO | lstm_run1 | Epoch 153 | train_loss=1.1710 | test_loss=1.2558 | test_acc=0.9749
2026-04-02 15:29:40,423 | INFO | lstm_run1 | Epoch 154 | train_loss=1.6746 | test_loss=1.3569 | test_acc=0.9720
2026-04-02 15:29:50,689 | INFO | lstm_run1 | Epoch 155 | train_loss=1.4341 | test_loss=1.4088 | test_acc=0.9734
2026-04-02 15:30:00,690 | INFO | lstm_run1 | Epoch 156 | train_loss=1.4560 | test_loss=1.3015 | test_acc=0.9720
2026-04-02 15:30:11,496 | INFO | lstm_run1 | Epoch 157 | train_loss=1.3180 | test_loss=1.3274 | test_acc=0.9723
2026-04-02 15:30:22,357 | INFO | lstm_run1 | Epoch 158 | train_loss=1.3033 | test_loss=1.2877 | test_acc=0.9754
2026-04-02 15:30:33,158 | INFO | lstm_run1 | Epoch 159 | train_loss=1.1878 | test_loss=1.2730 | test_acc=0.9718
2026-04-02 15:30:43,931 | INFO | lstm_run1 | Epoch 160 | train_loss=1.0069 | test_loss=1.3020 | test_acc=0.9734
2026-04-02 15:30:54,539 | INFO | lstm_run1 | Epoch 161 | train_loss=1.0878 | test_loss=1.5755 | test_acc=0.9696
2026-04-02 15:31:04,839 | INFO | lstm_run1 | Epoch 162 | train_loss=1.4341 | test_loss=1.6471 | test_acc=0.9740
2026-04-02 15:31:14,968 | INFO | lstm_run1 | Epoch 163 | train_loss=2.1374 | test_loss=1.3591 | test_acc=0.9715
2026-04-02 15:31:24,815 | INFO | lstm_run1 | Epoch 164 | train_loss=1.3148 | test_loss=1.3949 | test_acc=0.9720
2026-04-02 15:31:34,872 | INFO | lstm_run1 | Epoch 165 | train_loss=1.4868 | test_loss=1.6695 | test_acc=0.9734
2026-04-02 15:31:44,952 | INFO | lstm_run1 | Epoch 166 | train_loss=2.0051 | test_loss=1.4005 | test_acc=0.9693
2026-04-02 15:31:54,774 | INFO | lstm_run1 | Epoch 167 | train_loss=1.4333 | test_loss=1.3385 | test_acc=0.9711
2026-04-02 15:32:05,535 | INFO | lstm_run1 | Epoch 168 | train_loss=0.9653 | test_loss=1.4010 | test_acc=0.9731
2026-04-02 15:32:16,541 | INFO | lstm_run1 | Epoch 169 | train_loss=0.9008 | test_loss=1.3622 | test_acc=0.9743
2026-04-02 15:32:26,702 | INFO | lstm_run1 | Epoch 170 | train_loss=1.0545 | test_loss=1.3619 | test_acc=0.9739
2026-04-02 15:32:36,769 | INFO | lstm_run1 | Epoch 171 | train_loss=1.1658 | test_loss=1.3435 | test_acc=0.9711
2026-04-02 15:32:46,843 | INFO | lstm_run1 | Epoch 172 | train_loss=1.0060 | test_loss=1.3996 | test_acc=0.9770
2026-04-02 15:32:56,855 | INFO | lstm_run1 | Epoch 173 | train_loss=1.1953 | test_loss=1.3315 | test_acc=0.9688
2026-04-02 15:33:07,031 | INFO | lstm_run1 | Epoch 174 | train_loss=1.0314 | test_loss=1.5419 | test_acc=0.9710
2026-04-02 15:33:16,855 | INFO | lstm_run1 | Epoch 175 | train_loss=1.0318 | test_loss=1.4682 | test_acc=0.9724
2026-04-02 15:33:26,716 | INFO | lstm_run1 | Epoch 176 | train_loss=2.1978 | test_loss=1.5044 | test_acc=0.9704
2026-04-02 15:33:36,063 | INFO | lstm_run1 | Epoch 177 | train_loss=1.4019 | test_loss=1.3340 | test_acc=0.9763
2026-04-02 15:33:45,302 | INFO | lstm_run1 | Epoch 178 | train_loss=0.8167 | test_loss=1.3485 | test_acc=0.9763
2026-04-02 15:33:56,095 | INFO | lstm_run1 | Epoch 179 | train_loss=0.9956 | test_loss=1.4171 | test_acc=0.9748
2026-04-02 15:34:06,774 | INFO | lstm_run1 | Epoch 180 | train_loss=1.0824 | test_loss=1.5397 | test_acc=0.9725
2026-04-02 15:34:16,809 | INFO | lstm_run1 | Epoch 181 | train_loss=1.6358 | test_loss=1.3706 | test_acc=0.9775
2026-04-02 15:34:26,753 | INFO | lstm_run1 | Epoch 182 | train_loss=1.0860 | test_loss=1.3876 | test_acc=0.9748
2026-04-02 15:34:36,705 | INFO | lstm_run1 | Epoch 183 | train_loss=0.8932 | test_loss=1.5245 | test_acc=0.9733
2026-04-02 15:34:47,031 | INFO | lstm_run1 | Epoch 184 | train_loss=1.1212 | test_loss=1.5422 | test_acc=0.9736
2026-04-02 15:34:57,596 | INFO | lstm_run1 | Epoch 185 | train_loss=1.1721 | test_loss=1.4775 | test_acc=0.9739
2026-04-02 15:35:08,342 | INFO | lstm_run1 | Epoch 186 | train_loss=1.1344 | test_loss=1.5183 | test_acc=0.9736
2026-04-02 15:35:19,016 | INFO | lstm_run1 | Epoch 187 | train_loss=1.1158 | test_loss=1.5572 | test_acc=0.9741
2026-04-02 15:35:29,584 | INFO | lstm_run1 | Epoch 188 | train_loss=0.9177 | test_loss=1.5261 | test_acc=0.9709
2026-04-02 15:35:40,385 | INFO | lstm_run1 | Epoch 189 | train_loss=0.9894 | test_loss=1.4987 | test_acc=0.9733
2026-04-02 15:35:51,200 | INFO | lstm_run1 | Epoch 190 | train_loss=1.2757 | test_loss=1.5143 | test_acc=0.9743
2026-04-02 15:36:01,673 | INFO | lstm_run1 | Epoch 191 | train_loss=0.8200 | test_loss=1.4682 | test_acc=0.9744
2026-04-02 15:36:12,333 | INFO | lstm_run1 | Epoch 192 | train_loss=0.6933 | test_loss=1.5201 | test_acc=0.9732
2026-04-02 15:36:23,079 | INFO | lstm_run1 | Epoch 193 | train_loss=0.7654 | test_loss=1.6417 | test_acc=0.9753
2026-04-02 15:36:33,596 | INFO | lstm_run1 | Epoch 194 | train_loss=1.4998 | test_loss=1.3267 | test_acc=0.9764
2026-04-02 15:36:44,225 | INFO | lstm_run1 | Epoch 195 | train_loss=0.8912 | test_loss=1.5386 | test_acc=0.9715
2026-04-02 15:36:54,887 | INFO | lstm_run1 | Epoch 196 | train_loss=0.6990 | test_loss=1.5131 | test_acc=0.9758
2026-04-02 15:37:05,547 | INFO | lstm_run1 | Epoch 197 | train_loss=0.8694 | test_loss=1.5468 | test_acc=0.9729
2026-04-02 15:37:16,334 | INFO | lstm_run1 | Epoch 198 | train_loss=0.6813 | test_loss=1.5081 | test_acc=0.9775
2026-04-02 15:37:26,112 | INFO | lstm_run1 | Epoch 199 | train_loss=1.4548 | test_loss=1.8225 | test_acc=0.9726
2026-04-02 15:37:36,413 | INFO | lstm_run1 | Epoch 200 | train_loss=2.0161 | test_loss=1.5222 | test_acc=0.9621
2026-04-02 15:37:46,478 | INFO | lstm_run2 | Epoch 001 | train_loss=247.0122 | test_loss=29.2408 | test_acc=0.5519
2026-04-02 15:37:56,235 | INFO | lstm_run2 | Epoch 002 | train_loss=111.2399 | test_loss=12.4110 | test_acc=0.7794
2026-04-02 15:38:06,747 | INFO | lstm_run2 | Epoch 003 | train_loss=59.9027 | test_loss=8.1270 | test_acc=0.8564
2026-04-02 15:38:17,437 | INFO | lstm_run2 | Epoch 004 | train_loss=42.7028 | test_loss=6.3326 | test_acc=0.8920
2026-04-02 15:38:28,194 | INFO | lstm_run2 | Epoch 005 | train_loss=33.8642 | test_loss=5.1540 | test_acc=0.8974
2026-04-02 15:38:38,907 | INFO | lstm_run2 | Epoch 006 | train_loss=28.4723 | test_loss=4.6113 | test_acc=0.9210
2026-04-02 15:38:49,638 | INFO | lstm_run2 | Epoch 007 | train_loss=24.3065 | test_loss=4.1151 | test_acc=0.9140
2026-04-02 15:38:59,825 | INFO | lstm_run2 | Epoch 008 | train_loss=22.0439 | test_loss=3.7557 | test_acc=0.9240
2026-04-02 15:39:09,950 | INFO | lstm_run2 | Epoch 009 | train_loss=20.1318 | test_loss=3.4422 | test_acc=0.9300
2026-04-02 15:39:20,176 | INFO | lstm_run2 | Epoch 010 | train_loss=18.9509 | test_loss=3.5160 | test_acc=0.9210
2026-04-02 15:39:30,576 | INFO | lstm_run2 | Epoch 011 | train_loss=17.3793 | test_loss=3.0871 | test_acc=0.9442
2026-04-02 15:39:40,892 | INFO | lstm_run2 | Epoch 012 | train_loss=16.3337 | test_loss=2.9071 | test_acc=0.9401
2026-04-02 15:39:51,486 | INFO | lstm_run2 | Epoch 013 | train_loss=15.3633 | test_loss=2.8358 | test_acc=0.9370
2026-04-02 15:40:02,202 | INFO | lstm_run2 | Epoch 014 | train_loss=14.9329 | test_loss=2.6985 | test_acc=0.9414
2026-04-02 15:40:12,894 | INFO | lstm_run2 | Epoch 015 | train_loss=14.0011 | test_loss=2.6821 | test_acc=0.9474
2026-04-02 15:40:23,572 | INFO | lstm_run2 | Epoch 016 | train_loss=13.5415 | test_loss=2.4520 | test_acc=0.9526
2026-04-02 15:40:34,299 | INFO | lstm_run2 | Epoch 017 | train_loss=12.9178 | test_loss=2.3416 | test_acc=0.9490
2026-04-02 15:40:44,475 | INFO | lstm_run2 | Epoch 018 | train_loss=12.6660 | test_loss=2.4236 | test_acc=0.9520
2026-04-02 15:40:54,408 | INFO | lstm_run2 | Epoch 019 | train_loss=11.9691 | test_loss=2.4165 | test_acc=0.9549
2026-04-02 15:41:04,793 | INFO | lstm_run2 | Epoch 020 | train_loss=11.3852 | test_loss=2.1660 | test_acc=0.9547
2026-04-02 15:41:15,274 | INFO | lstm_run2 | Epoch 021 | train_loss=11.2891 | test_loss=2.1279 | test_acc=0.9562
2026-04-02 15:41:25,597 | INFO | lstm_run2 | Epoch 022 | train_loss=10.6871 | test_loss=2.0603 | test_acc=0.9576
2026-04-02 15:41:35,969 | INFO | lstm_run2 | Epoch 023 | train_loss=10.2001 | test_loss=2.0106 | test_acc=0.9580
2026-04-02 15:41:46,277 | INFO | lstm_run2 | Epoch 024 | train_loss=10.0158 | test_loss=2.0433 | test_acc=0.9580
2026-04-02 15:41:56,529 | INFO | lstm_run2 | Epoch 025 | train_loss=10.0070 | test_loss=2.1718 | test_acc=0.9679
2026-04-02 15:42:06,771 | INFO | lstm_run2 | Epoch 026 | train_loss=9.8594 | test_loss=1.8769 | test_acc=0.9647
2026-04-02 15:42:16,980 | INFO | lstm_run2 | Epoch 027 | train_loss=9.1070 | test_loss=1.9697 | test_acc=0.9621
2026-04-02 15:42:27,246 | INFO | lstm_run2 | Epoch 028 | train_loss=8.9412 | test_loss=1.8690 | test_acc=0.9594
2026-04-02 15:42:37,388 | INFO | lstm_run2 | Epoch 029 | train_loss=8.4556 | test_loss=1.7494 | test_acc=0.9630
2026-04-02 15:42:47,692 | INFO | lstm_run2 | Epoch 030 | train_loss=8.4109 | test_loss=1.9771 | test_acc=0.9690
2026-04-02 15:42:57,539 | INFO | lstm_run2 | Epoch 031 | train_loss=8.2136 | test_loss=1.7776 | test_acc=0.9655
2026-04-02 15:43:07,828 | INFO | lstm_run2 | Epoch 032 | train_loss=7.6846 | test_loss=1.7333 | test_acc=0.9684
2026-04-02 15:43:17,931 | INFO | lstm_run2 | Epoch 033 | train_loss=7.6792 | test_loss=1.7572 | test_acc=0.9626
2026-04-02 15:43:28,002 | INFO | lstm_run2 | Epoch 034 | train_loss=7.4747 | test_loss=1.8254 | test_acc=0.9668
2026-04-02 15:43:38,400 | INFO | lstm_run2 | Epoch 035 | train_loss=7.6190 | test_loss=1.7337 | test_acc=0.9686
2026-04-02 15:43:48,726 | INFO | lstm_run2 | Epoch 036 | train_loss=7.2497 | test_loss=1.6263 | test_acc=0.9725
2026-04-02 15:43:59,006 | INFO | lstm_run2 | Epoch 037 | train_loss=6.9865 | test_loss=1.5883 | test_acc=0.9697
2026-04-02 15:44:09,255 | INFO | lstm_run2 | Epoch 038 | train_loss=6.9118 | test_loss=1.6048 | test_acc=0.9692
2026-04-02 15:44:19,495 | INFO | lstm_run2 | Epoch 039 | train_loss=6.6678 | test_loss=1.7474 | test_acc=0.9691
2026-04-02 15:44:28,933 | INFO | lstm_run2 | Epoch 040 | train_loss=6.5596 | test_loss=1.5808 | test_acc=0.9699
2026-04-02 15:44:39,134 | INFO | lstm_run2 | Epoch 041 | train_loss=6.2730 | test_loss=1.7057 | test_acc=0.9728
2026-04-02 15:44:48,516 | INFO | lstm_run2 | Epoch 042 | train_loss=6.3356 | test_loss=1.7124 | test_acc=0.9667
2026-04-02 15:44:59,068 | INFO | lstm_run2 | Epoch 043 | train_loss=6.1305 | test_loss=1.6356 | test_acc=0.9666
2026-04-02 15:45:09,144 | INFO | lstm_run2 | Epoch 044 | train_loss=6.0633 | test_loss=1.5545 | test_acc=0.9671
2026-04-02 15:45:19,657 | INFO | lstm_run2 | Epoch 045 | train_loss=6.2547 | test_loss=1.5557 | test_acc=0.9735
2026-04-02 15:45:30,252 | INFO | lstm_run2 | Epoch 046 | train_loss=5.7929 | test_loss=1.6545 | test_acc=0.9709
2026-04-02 15:45:40,815 | INFO | lstm_run2 | Epoch 047 | train_loss=5.6723 | test_loss=1.6418 | test_acc=0.9729
2026-04-02 15:45:51,572 | INFO | lstm_run2 | Epoch 048 | train_loss=5.7384 | test_loss=1.5457 | test_acc=0.9734
2026-04-02 15:46:02,396 | INFO | lstm_run2 | Epoch 049 | train_loss=5.3925 | test_loss=1.6257 | test_acc=0.9723
2026-04-02 15:46:13,180 | INFO | lstm_run2 | Epoch 050 | train_loss=5.5611 | test_loss=1.7637 | test_acc=0.9716
2026-04-02 15:46:24,037 | INFO | lstm_run2 | Epoch 051 | train_loss=5.2197 | test_loss=1.5825 | test_acc=0.9712
2026-04-02 15:46:34,759 | INFO | lstm_run2 | Epoch 052 | train_loss=5.3682 | test_loss=1.5666 | test_acc=0.9658
2026-04-02 15:46:45,661 | INFO | lstm_run2 | Epoch 053 | train_loss=5.1742 | test_loss=1.5933 | test_acc=0.9674
2026-04-02 15:46:55,835 | INFO | lstm_run2 | Epoch 054 | train_loss=5.0519 | test_loss=1.6236 | test_acc=0.9710
2026-04-02 15:47:06,846 | INFO | lstm_run2 | Epoch 055 | train_loss=4.8945 | test_loss=1.5919 | test_acc=0.9700
2026-04-02 15:47:17,834 | INFO | lstm_run2 | Epoch 056 | train_loss=4.7426 | test_loss=1.6013 | test_acc=0.9722
2026-04-02 15:47:28,594 | INFO | lstm_run2 | Epoch 057 | train_loss=5.0506 | test_loss=1.5134 | test_acc=0.9697
2026-04-02 15:47:39,128 | INFO | lstm_run2 | Epoch 058 | train_loss=4.9368 | test_loss=1.5447 | test_acc=0.9681
2026-04-02 15:47:50,097 | INFO | lstm_run2 | Epoch 059 | train_loss=4.7233 | test_loss=1.5432 | test_acc=0.9712
2026-04-02 15:48:00,840 | INFO | lstm_run2 | Epoch 060 | train_loss=4.3419 | test_loss=1.4466 | test_acc=0.9756
2026-04-02 15:48:11,653 | INFO | lstm_run2 | Epoch 061 | train_loss=4.3687 | test_loss=1.7934 | test_acc=0.9636
2026-04-02 15:48:22,468 | INFO | lstm_run2 | Epoch 062 | train_loss=4.7073 | test_loss=1.6490 | test_acc=0.9725
2026-04-02 15:48:33,273 | INFO | lstm_run2 | Epoch 063 | train_loss=4.5494 | test_loss=1.4761 | test_acc=0.9683
2026-04-02 15:48:44,088 | INFO | lstm_run2 | Epoch 064 | train_loss=4.1826 | test_loss=1.4820 | test_acc=0.9727
2026-04-02 15:48:55,000 | INFO | lstm_run2 | Epoch 065 | train_loss=4.4279 | test_loss=1.6586 | test_acc=0.9642
2026-04-02 15:49:05,779 | INFO | lstm_run2 | Epoch 066 | train_loss=4.3792 | test_loss=1.5732 | test_acc=0.9763
2026-04-02 15:49:16,537 | INFO | lstm_run2 | Epoch 067 | train_loss=4.1137 | test_loss=1.5394 | test_acc=0.9707
2026-04-02 15:49:27,333 | INFO | lstm_run2 | Epoch 068 | train_loss=4.2595 | test_loss=1.5677 | test_acc=0.9719
2026-04-02 15:49:37,902 | INFO | lstm_run2 | Epoch 069 | train_loss=3.9810 | test_loss=1.6466 | test_acc=0.9709
2026-04-02 15:49:48,209 | INFO | lstm_run2 | Epoch 070 | train_loss=4.0270 | test_loss=1.6282 | test_acc=0.9741
2026-04-02 15:49:58,817 | INFO | lstm_run2 | Epoch 071 | train_loss=4.0296 | test_loss=1.5605 | test_acc=0.9696
2026-04-02 15:50:09,411 | INFO | lstm_run2 | Epoch 072 | train_loss=3.9341 | test_loss=1.5000 | test_acc=0.9702
2026-04-02 15:50:19,646 | INFO | lstm_run2 | Epoch 073 | train_loss=3.7049 | test_loss=1.5224 | test_acc=0.9697
2026-04-02 15:50:30,095 | INFO | lstm_run2 | Epoch 074 | train_loss=3.6869 | test_loss=1.4949 | test_acc=0.9738
2026-04-02 15:50:40,505 | INFO | lstm_run2 | Epoch 075 | train_loss=3.6682 | test_loss=1.5396 | test_acc=0.9751
2026-04-02 15:50:50,880 | INFO | lstm_run2 | Epoch 076 | train_loss=3.5455 | test_loss=1.4368 | test_acc=0.9745
2026-04-02 15:51:01,301 | INFO | lstm_run2 | Epoch 077 | train_loss=3.5087 | test_loss=1.5854 | test_acc=0.9674
2026-04-02 15:51:11,443 | INFO | lstm_run2 | Epoch 078 | train_loss=3.7566 | test_loss=1.5104 | test_acc=0.9745
2026-04-02 15:51:21,758 | INFO | lstm_run2 | Epoch 079 | train_loss=3.3049 | test_loss=1.5466 | test_acc=0.9748
2026-04-02 15:51:31,902 | INFO | lstm_run2 | Epoch 080 | train_loss=3.2811 | test_loss=1.4301 | test_acc=0.9743
2026-04-02 15:51:42,131 | INFO | lstm_run2 | Epoch 081 | train_loss=3.1810 | test_loss=1.5612 | test_acc=0.9760
2026-04-02 15:51:52,438 | INFO | lstm_run2 | Epoch 082 | train_loss=3.3302 | test_loss=1.4493 | test_acc=0.9733
2026-04-02 15:52:02,407 | INFO | lstm_run2 | Epoch 083 | train_loss=3.5229 | test_loss=1.5675 | test_acc=0.9641
2026-04-02 15:52:12,458 | INFO | lstm_run2 | Epoch 084 | train_loss=3.1852 | test_loss=1.4651 | test_acc=0.9713
2026-04-02 15:52:22,944 | INFO | lstm_run2 | Epoch 085 | train_loss=2.9856 | test_loss=1.4718 | test_acc=0.9731
2026-04-02 15:52:33,276 | INFO | lstm_run2 | Epoch 086 | train_loss=3.0909 | test_loss=1.5143 | test_acc=0.9705
2026-04-02 15:52:43,235 | INFO | lstm_run2 | Epoch 087 | train_loss=3.1702 | test_loss=1.6077 | test_acc=0.9726
2026-04-02 15:52:53,676 | INFO | lstm_run2 | Epoch 088 | train_loss=2.9922 | test_loss=1.5041 | test_acc=0.9767
2026-04-02 15:53:04,045 | INFO | lstm_run2 | Epoch 089 | train_loss=2.9685 | test_loss=1.4451 | test_acc=0.9720
2026-04-02 15:53:14,336 | INFO | lstm_run2 | Epoch 090 | train_loss=2.8522 | test_loss=1.5792 | test_acc=0.9725
2026-04-02 15:53:24,603 | INFO | lstm_run2 | Epoch 091 | train_loss=2.8609 | test_loss=1.6816 | test_acc=0.9750
2026-04-02 15:53:35,339 | INFO | lstm_run2 | Epoch 092 | train_loss=2.9751 | test_loss=1.4807 | test_acc=0.9731
2026-04-02 15:53:46,159 | INFO | lstm_run2 | Epoch 093 | train_loss=2.8428 | test_loss=1.5833 | test_acc=0.9757
2026-04-02 15:53:56,888 | INFO | lstm_run2 | Epoch 094 | train_loss=2.7454 | test_loss=1.4936 | test_acc=0.9747
2026-04-02 15:54:07,660 | INFO | lstm_run2 | Epoch 095 | train_loss=2.6685 | test_loss=1.4892 | test_acc=0.9750
2026-04-02 15:54:18,372 | INFO | lstm_run2 | Epoch 096 | train_loss=2.6515 | test_loss=1.5992 | test_acc=0.9709
2026-04-02 15:54:28,074 | INFO | lstm_run2 | Epoch 097 | train_loss=2.6601 | test_loss=1.5086 | test_acc=0.9754
2026-04-02 15:54:38,732 | INFO | lstm_run2 | Epoch 098 | train_loss=2.6276 | test_loss=1.5455 | test_acc=0.9747
2026-04-02 15:54:49,457 | INFO | lstm_run2 | Epoch 099 | train_loss=2.4529 | test_loss=1.5189 | test_acc=0.9689
2026-04-02 15:55:00,167 | INFO | lstm_run2 | Epoch 100 | train_loss=2.6505 | test_loss=1.4234 | test_acc=0.9749
2026-04-02 15:55:11,011 | INFO | lstm_run2 | Epoch 101 | train_loss=2.4629 | test_loss=1.4952 | test_acc=0.9737
2026-04-02 15:55:21,715 | INFO | lstm_run2 | Epoch 102 | train_loss=2.6641 | test_loss=1.6017 | test_acc=0.9686
2026-04-02 15:55:32,561 | INFO | lstm_run2 | Epoch 103 | train_loss=2.8061 | test_loss=1.5021 | test_acc=0.9701
2026-04-02 15:55:43,302 | INFO | lstm_run2 | Epoch 104 | train_loss=2.2615 | test_loss=1.5786 | test_acc=0.9771
2026-04-02 15:55:54,098 | INFO | lstm_run2 | Epoch 105 | train_loss=2.4226 | test_loss=1.5253 | test_acc=0.9772
2026-04-02 15:56:04,085 | INFO | lstm_run2 | Epoch 106 | train_loss=2.2623 | test_loss=1.4959 | test_acc=0.9707
2026-04-02 15:56:14,136 | INFO | lstm_run2 | Epoch 107 | train_loss=2.6302 | test_loss=1.5083 | test_acc=0.9763
2026-04-02 15:56:24,073 | INFO | lstm_run2 | Epoch 108 | train_loss=2.4428 | test_loss=1.5400 | test_acc=0.9786
2026-04-02 15:56:34,007 | INFO | lstm_run2 | Epoch 109 | train_loss=2.4089 | test_loss=1.6095 | test_acc=0.9744
2026-04-02 15:56:43,964 | INFO | lstm_run2 | Epoch 110 | train_loss=2.5242 | test_loss=1.5000 | test_acc=0.9730
2026-04-02 15:56:53,915 | INFO | lstm_run2 | Epoch 111 | train_loss=2.0758 | test_loss=1.4861 | test_acc=0.9751
2026-04-02 15:57:04,550 | INFO | lstm_run2 | Epoch 112 | train_loss=2.0010 | test_loss=1.6045 | test_acc=0.9767
2026-04-02 15:57:15,231 | INFO | lstm_run2 | Epoch 113 | train_loss=1.9822 | test_loss=1.4964 | test_acc=0.9762
2026-04-02 15:57:25,794 | INFO | lstm_run2 | Epoch 114 | train_loss=2.3261 | test_loss=1.5952 | test_acc=0.9701
2026-04-02 15:57:36,205 | INFO | lstm_run2 | Epoch 115 | train_loss=2.0324 | test_loss=1.5986 | test_acc=0.9757
2026-04-02 15:57:46,066 | INFO | lstm_run2 | Epoch 116 | train_loss=2.0729 | test_loss=1.5541 | test_acc=0.9751
2026-04-02 15:57:55,873 | INFO | lstm_run2 | Epoch 117 | train_loss=1.8570 | test_loss=1.7672 | test_acc=0.9728
2026-04-02 15:58:05,665 | INFO | lstm_run2 | Epoch 118 | train_loss=2.0462 | test_loss=1.7205 | test_acc=0.9737
2026-04-02 15:58:16,168 | INFO | lstm_run2 | Epoch 119 | train_loss=2.0478 | test_loss=1.5471 | test_acc=0.9750
2026-04-02 15:58:26,657 | INFO | lstm_run2 | Epoch 120 | train_loss=2.0581 | test_loss=1.5222 | test_acc=0.9774
2026-04-02 15:58:36,924 | INFO | lstm_run2 | Epoch 121 | train_loss=1.7734 | test_loss=1.5980 | test_acc=0.9764
2026-04-02 15:58:47,010 | INFO | lstm_run2 | Epoch 122 | train_loss=1.7781 | test_loss=1.4782 | test_acc=0.9746
2026-04-02 15:58:57,699 | INFO | lstm_run2 | Epoch 123 | train_loss=2.1369 | test_loss=1.5194 | test_acc=0.9760
2026-04-02 15:59:08,256 | INFO | lstm_run2 | Epoch 124 | train_loss=1.9824 | test_loss=1.6417 | test_acc=0.9776
2026-04-02 15:59:18,882 | INFO | lstm_run2 | Epoch 125 | train_loss=1.5528 | test_loss=1.5403 | test_acc=0.9730
2026-04-02 15:59:29,459 | INFO | lstm_run2 | Epoch 126 | train_loss=1.9979 | test_loss=1.6292 | test_acc=0.9753
2026-04-02 15:59:40,008 | INFO | lstm_run2 | Epoch 127 | train_loss=2.1178 | test_loss=1.6014 | test_acc=0.9744
2026-04-02 15:59:50,602 | INFO | lstm_run2 | Epoch 128 | train_loss=1.9538 | test_loss=1.6619 | test_acc=0.9756
2026-04-02 16:00:01,082 | INFO | lstm_run2 | Epoch 129 | train_loss=1.6603 | test_loss=1.6100 | test_acc=0.9772
2026-04-02 16:00:11,571 | INFO | lstm_run2 | Epoch 130 | train_loss=1.4707 | test_loss=1.6454 | test_acc=0.9764
2026-04-02 16:00:21,602 | INFO | lstm_run2 | Epoch 131 | train_loss=1.7117 | test_loss=1.6619 | test_acc=0.9772
2026-04-02 16:00:32,214 | INFO | lstm_run2 | Epoch 132 | train_loss=1.5184 | test_loss=1.6202 | test_acc=0.9731
2026-04-02 16:00:42,149 | INFO | lstm_run2 | Epoch 133 | train_loss=1.8217 | test_loss=1.6465 | test_acc=0.9773
2026-04-02 16:00:52,449 | INFO | lstm_run2 | Epoch 134 | train_loss=1.6960 | test_loss=1.6026 | test_acc=0.9739
2026-04-02 16:01:03,244 | INFO | lstm_run2 | Epoch 135 | train_loss=1.6107 | test_loss=1.5709 | test_acc=0.9776
2026-04-02 16:01:13,750 | INFO | lstm_run2 | Epoch 136 | train_loss=1.7811 | test_loss=1.5700 | test_acc=0.9771
2026-04-02 16:01:24,301 | INFO | lstm_run2 | Epoch 137 | train_loss=1.3926 | test_loss=1.6151 | test_acc=0.9735
2026-04-02 16:01:34,070 | INFO | lstm_run2 | Epoch 138 | train_loss=1.2873 | test_loss=1.5884 | test_acc=0.9750
2026-04-02 16:01:44,749 | INFO | lstm_run2 | Epoch 139 | train_loss=1.6277 | test_loss=1.6986 | test_acc=0.9774
2026-04-02 16:01:55,197 | INFO | lstm_run2 | Epoch 140 | train_loss=1.3506 | test_loss=1.5960 | test_acc=0.9741
2026-04-02 16:02:05,894 | INFO | lstm_run2 | Epoch 141 | train_loss=1.5125 | test_loss=1.6333 | test_acc=0.9761
2026-04-02 16:02:16,564 | INFO | lstm_run2 | Epoch 142 | train_loss=1.4846 | test_loss=1.6673 | test_acc=0.9763
2026-04-02 16:02:27,214 | INFO | lstm_run2 | Epoch 143 | train_loss=1.7360 | test_loss=1.6008 | test_acc=0.9749
2026-04-02 16:02:37,870 | INFO | lstm_run2 | Epoch 144 | train_loss=1.5472 | test_loss=1.6009 | test_acc=0.9767
2026-04-02 16:02:48,166 | INFO | lstm_run2 | Epoch 145 | train_loss=1.4353 | test_loss=1.6258 | test_acc=0.9765
2026-04-02 16:02:58,720 | INFO | lstm_run2 | Epoch 146 | train_loss=1.3179 | test_loss=1.6115 | test_acc=0.9744
2026-04-02 16:03:09,262 | INFO | lstm_run2 | Epoch 147 | train_loss=1.3060 | test_loss=1.6412 | test_acc=0.9774
2026-04-02 16:03:19,811 | INFO | lstm_run2 | Epoch 148 | train_loss=1.3259 | test_loss=1.6648 | test_acc=0.9767
2026-04-02 16:03:30,385 | INFO | lstm_run2 | Epoch 149 | train_loss=1.2381 | test_loss=1.6748 | test_acc=0.9757
2026-04-02 16:03:40,722 | INFO | lstm_run2 | Epoch 150 | train_loss=1.1397 | test_loss=1.8416 | test_acc=0.9682
2026-04-02 16:03:50,845 | INFO | lstm_run2 | Epoch 151 | train_loss=1.2147 | test_loss=1.6942 | test_acc=0.9734
2026-04-02 16:04:01,327 | INFO | lstm_run2 | Epoch 152 | train_loss=1.3441 | test_loss=1.8405 | test_acc=0.9719
2026-04-02 16:04:10,908 | INFO | lstm_run2 | Epoch 153 | train_loss=1.1801 | test_loss=1.7522 | test_acc=0.9745
2026-04-02 16:04:21,315 | INFO | lstm_run2 | Epoch 154 | train_loss=1.4451 | test_loss=1.7592 | test_acc=0.9783
2026-04-02 16:04:31,791 | INFO | lstm_run2 | Epoch 155 | train_loss=1.3351 | test_loss=1.7220 | test_acc=0.9772
2026-04-02 16:04:42,094 | INFO | lstm_run2 | Epoch 156 | train_loss=1.4271 | test_loss=1.7417 | test_acc=0.9782
2026-04-02 16:04:52,422 | INFO | lstm_run2 | Epoch 157 | train_loss=1.1311 | test_loss=1.8169 | test_acc=0.9702
2026-04-02 16:05:02,807 | INFO | lstm_run2 | Epoch 158 | train_loss=1.3403 | test_loss=1.7829 | test_acc=0.9763
2026-04-02 16:05:13,338 | INFO | lstm_run2 | Epoch 159 | train_loss=1.4528 | test_loss=1.7025 | test_acc=0.9779
2026-04-02 16:05:24,112 | INFO | lstm_run2 | Epoch 160 | train_loss=1.1268 | test_loss=1.7657 | test_acc=0.9776
2026-04-02 16:05:34,974 | INFO | lstm_run2 | Epoch 161 | train_loss=1.1234 | test_loss=1.6401 | test_acc=0.9786
2026-04-02 16:05:45,938 | INFO | lstm_run2 | Epoch 162 | train_loss=1.2387 | test_loss=1.7623 | test_acc=0.9750
2026-04-02 16:05:56,920 | INFO | lstm_run2 | Epoch 163 | train_loss=1.0467 | test_loss=1.7283 | test_acc=0.9746
2026-04-02 16:06:07,682 | INFO | lstm_run2 | Epoch 164 | train_loss=1.4485 | test_loss=1.7353 | test_acc=0.9768
2026-04-02 16:06:18,466 | INFO | lstm_run2 | Epoch 165 | train_loss=1.4439 | test_loss=1.7935 | test_acc=0.9784
2026-04-02 16:06:29,204 | INFO | lstm_run2 | Epoch 166 | train_loss=1.2582 | test_loss=1.7109 | test_acc=0.9775
2026-04-02 16:06:40,111 | INFO | lstm_run2 | Epoch 167 | train_loss=0.9758 | test_loss=1.6622 | test_acc=0.9785
2026-04-02 16:06:50,720 | INFO | lstm_run2 | Epoch 168 | train_loss=0.7973 | test_loss=1.7147 | test_acc=0.9774
2026-04-02 16:07:01,385 | INFO | lstm_run2 | Epoch 169 | train_loss=0.9233 | test_loss=1.8011 | test_acc=0.9780
2026-04-02 16:07:12,078 | INFO | lstm_run2 | Epoch 170 | train_loss=0.8951 | test_loss=1.8243 | test_acc=0.9758
2026-04-02 16:07:22,763 | INFO | lstm_run2 | Epoch 171 | train_loss=1.3270 | test_loss=1.9806 | test_acc=0.9729
2026-04-02 16:07:33,400 | INFO | lstm_run2 | Epoch 172 | train_loss=1.5177 | test_loss=2.0109 | test_acc=0.9667
2026-04-02 16:07:44,039 | INFO | lstm_run2 | Epoch 173 | train_loss=1.2997 | test_loss=1.7318 | test_acc=0.9769
2026-04-02 16:07:54,812 | INFO | lstm_run2 | Epoch 174 | train_loss=0.7722 | test_loss=1.7178 | test_acc=0.9761
2026-04-02 16:08:05,418 | INFO | lstm_run2 | Epoch 175 | train_loss=0.7266 | test_loss=1.7608 | test_acc=0.9794
2026-04-02 16:08:16,189 | INFO | lstm_run2 | Epoch 176 | train_loss=0.6459 | test_loss=1.8106 | test_acc=0.9789
2026-04-02 16:08:26,926 | INFO | lstm_run2 | Epoch 177 | train_loss=0.7849 | test_loss=1.7664 | test_acc=0.9773
2026-04-02 16:08:37,742 | INFO | lstm_run2 | Epoch 178 | train_loss=1.3460 | test_loss=1.8940 | test_acc=0.9748
2026-04-02 16:08:48,548 | INFO | lstm_run2 | Epoch 179 | train_loss=1.8567 | test_loss=1.7218 | test_acc=0.9737
2026-04-02 16:08:59,236 | INFO | lstm_run2 | Epoch 180 | train_loss=1.0349 | test_loss=1.7710 | test_acc=0.9802
2026-04-02 16:09:09,891 | INFO | lstm_run2 | Epoch 181 | train_loss=0.8808 | test_loss=1.7525 | test_acc=0.9778
2026-04-02 16:09:20,652 | INFO | lstm_run2 | Epoch 182 | train_loss=0.7418 | test_loss=1.7960 | test_acc=0.9781
2026-04-02 16:09:30,486 | INFO | lstm_run2 | Epoch 183 | train_loss=1.0563 | test_loss=1.8632 | test_acc=0.9765
2026-04-02 16:09:40,426 | INFO | lstm_run2 | Epoch 184 | train_loss=1.2462 | test_loss=1.7998 | test_acc=0.9742
2026-04-02 16:09:51,266 | INFO | lstm_run2 | Epoch 185 | train_loss=0.9823 | test_loss=1.7471 | test_acc=0.9790
2026-04-02 16:10:01,991 | INFO | lstm_run2 | Epoch 186 | train_loss=1.0168 | test_loss=1.8277 | test_acc=0.9776
2026-04-02 16:10:12,752 | INFO | lstm_run2 | Epoch 187 | train_loss=0.9660 | test_loss=1.7973 | test_acc=0.9779
2026-04-02 16:10:23,409 | INFO | lstm_run2 | Epoch 188 | train_loss=0.9515 | test_loss=1.7336 | test_acc=0.9810
2026-04-02 16:10:33,970 | INFO | lstm_run2 | Epoch 189 | train_loss=0.7810 | test_loss=1.7690 | test_acc=0.9742
2026-04-02 16:10:44,153 | INFO | lstm_run2 | Epoch 190 | train_loss=0.8943 | test_loss=1.7828 | test_acc=0.9777
2026-04-02 16:10:54,989 | INFO | lstm_run2 | Epoch 191 | train_loss=0.9332 | test_loss=1.7799 | test_acc=0.9782
2026-04-02 16:11:05,529 | INFO | lstm_run2 | Epoch 192 | train_loss=0.6377 | test_loss=1.9941 | test_acc=0.9759
2026-04-02 16:11:16,199 | INFO | lstm_run2 | Epoch 193 | train_loss=1.0145 | test_loss=1.7531 | test_acc=0.9757
2026-04-02 16:11:26,780 | INFO | lstm_run2 | Epoch 194 | train_loss=0.8888 | test_loss=1.9298 | test_acc=0.9760
2026-04-02 16:11:37,434 | INFO | lstm_run2 | Epoch 195 | train_loss=0.7908 | test_loss=1.8272 | test_acc=0.9769
2026-04-02 16:11:47,966 | INFO | lstm_run2 | Epoch 196 | train_loss=0.7702 | test_loss=1.8104 | test_acc=0.9801
2026-04-02 16:11:58,669 | INFO | lstm_run2 | Epoch 197 | train_loss=0.6412 | test_loss=1.9261 | test_acc=0.9784
2026-04-02 16:12:08,751 | INFO | lstm_run2 | Epoch 198 | train_loss=1.0001 | test_loss=1.9327 | test_acc=0.9779
2026-04-02 16:12:19,485 | INFO | lstm_run2 | Epoch 199 | train_loss=1.3229 | test_loss=2.0069 | test_acc=0.9725
2026-04-02 16:12:30,179 | INFO | lstm_run2 | Epoch 200 | train_loss=1.4929 | test_loss=1.8621 | test_acc=0.9697
2026-04-02 16:12:40,729 | INFO | lstm_run3 | Epoch 001 | train_loss=238.9613 | test_loss=28.7855 | test_acc=0.4733
2026-04-02 16:12:51,089 | INFO | lstm_run3 | Epoch 002 | train_loss=113.6207 | test_loss=13.4580 | test_acc=0.6745
2026-04-02 16:13:01,471 | INFO | lstm_run3 | Epoch 003 | train_loss=67.4831 | test_loss=9.5985 | test_acc=0.7416
2026-04-02 16:13:11,602 | INFO | lstm_run3 | Epoch 004 | train_loss=48.7168 | test_loss=7.1499 | test_acc=0.8112
2026-04-02 16:13:21,860 | INFO | lstm_run3 | Epoch 005 | train_loss=38.9127 | test_loss=5.8570 | test_acc=0.8687
2026-04-02 16:13:32,124 | INFO | lstm_run3 | Epoch 006 | train_loss=32.8701 | test_loss=5.2846 | test_acc=0.8827
2026-04-02 16:13:42,238 | INFO | lstm_run3 | Epoch 007 | train_loss=28.6659 | test_loss=4.5870 | test_acc=0.8760
2026-04-02 16:13:52,496 | INFO | lstm_run3 | Epoch 008 | train_loss=25.8508 | test_loss=4.2603 | test_acc=0.9023
2026-04-02 16:14:02,852 | INFO | lstm_run3 | Epoch 009 | train_loss=23.4143 | test_loss=3.9690 | test_acc=0.9059
2026-04-02 16:14:12,966 | INFO | lstm_run3 | Epoch 010 | train_loss=21.4968 | test_loss=3.5765 | test_acc=0.9110
2026-04-02 16:14:23,111 | INFO | lstm_run3 | Epoch 011 | train_loss=20.1835 | test_loss=3.5344 | test_acc=0.9040
2026-04-02 16:14:32,990 | INFO | lstm_run3 | Epoch 012 | train_loss=19.1730 | test_loss=3.3340 | test_acc=0.9177
2026-04-02 16:14:42,875 | INFO | lstm_run3 | Epoch 013 | train_loss=17.7046 | test_loss=3.0246 | test_acc=0.9197
2026-04-02 16:14:52,778 | INFO | lstm_run3 | Epoch 014 | train_loss=16.9576 | test_loss=3.0334 | test_acc=0.9352
2026-04-02 16:15:02,095 | INFO | lstm_run3 | Epoch 015 | train_loss=16.6324 | test_loss=2.7899 | test_acc=0.9298
2026-04-02 16:15:11,892 | INFO | lstm_run3 | Epoch 016 | train_loss=15.3940 | test_loss=2.6932 | test_acc=0.9350
2026-04-02 16:15:21,744 | INFO | lstm_run3 | Epoch 017 | train_loss=14.6240 | test_loss=2.7784 | test_acc=0.9429
2026-04-02 16:15:31,625 | INFO | lstm_run3 | Epoch 018 | train_loss=14.4001 | test_loss=2.8400 | test_acc=0.9388
2026-04-02 16:15:42,082 | INFO | lstm_run3 | Epoch 019 | train_loss=14.0967 | test_loss=2.5943 | test_acc=0.9498
2026-04-02 16:15:52,675 | INFO | lstm_run3 | Epoch 020 | train_loss=13.0115 | test_loss=2.4302 | test_acc=0.9476
2026-04-02 16:16:03,266 | INFO | lstm_run3 | Epoch 021 | train_loss=12.8410 | test_loss=2.4806 | test_acc=0.9478
2026-04-02 16:16:13,663 | INFO | lstm_run3 | Epoch 022 | train_loss=12.4666 | test_loss=2.3081 | test_acc=0.9461
2026-04-02 16:16:23,583 | INFO | lstm_run3 | Epoch 023 | train_loss=12.1828 | test_loss=2.6226 | test_acc=0.9338
2026-04-02 16:16:33,301 | INFO | lstm_run3 | Epoch 024 | train_loss=11.6342 | test_loss=2.3851 | test_acc=0.9468
2026-04-02 16:16:43,191 | INFO | lstm_run3 | Epoch 025 | train_loss=11.3543 | test_loss=2.2106 | test_acc=0.9525
2026-04-02 16:16:53,039 | INFO | lstm_run3 | Epoch 026 | train_loss=10.8115 | test_loss=2.1822 | test_acc=0.9514
2026-04-02 16:17:03,012 | INFO | lstm_run3 | Epoch 027 | train_loss=10.7908 | test_loss=2.3563 | test_acc=0.9477
2026-04-02 16:17:12,775 | INFO | lstm_run3 | Epoch 028 | train_loss=10.7790 | test_loss=2.1589 | test_acc=0.9486
2026-04-02 16:17:22,842 | INFO | lstm_run3 | Epoch 029 | train_loss=10.1023 | test_loss=2.0912 | test_acc=0.9483
2026-04-02 16:17:32,789 | INFO | lstm_run3 | Epoch 030 | train_loss=10.0334 | test_loss=2.0003 | test_acc=0.9479
2026-04-02 16:17:43,038 | INFO | lstm_run3 | Epoch 031 | train_loss=9.6480 | test_loss=2.0948 | test_acc=0.9477
2026-04-02 16:17:52,848 | INFO | lstm_run3 | Epoch 032 | train_loss=9.4832 | test_loss=2.0599 | test_acc=0.9498
2026-04-02 16:18:02,693 | INFO | lstm_run3 | Epoch 033 | train_loss=9.1919 | test_loss=2.1438 | test_acc=0.9452
2026-04-02 16:18:12,671 | INFO | lstm_run3 | Epoch 034 | train_loss=9.0969 | test_loss=1.9143 | test_acc=0.9491
2026-04-02 16:18:22,556 | INFO | lstm_run3 | Epoch 035 | train_loss=8.8615 | test_loss=2.2713 | test_acc=0.9410
2026-04-02 16:18:32,499 | INFO | lstm_run3 | Epoch 036 | train_loss=9.1694 | test_loss=1.9830 | test_acc=0.9387
2026-04-02 16:18:42,469 | INFO | lstm_run3 | Epoch 037 | train_loss=8.5251 | test_loss=2.0578 | test_acc=0.9558
2026-04-02 16:18:52,498 | INFO | lstm_run3 | Epoch 038 | train_loss=8.2589 | test_loss=1.9432 | test_acc=0.9560
2026-04-02 16:19:02,686 | INFO | lstm_run3 | Epoch 039 | train_loss=8.1624 | test_loss=1.8098 | test_acc=0.9552
2026-04-02 16:19:12,646 | INFO | lstm_run3 | Epoch 040 | train_loss=8.0351 | test_loss=1.7873 | test_acc=0.9516
2026-04-02 16:19:23,201 | INFO | lstm_run3 | Epoch 041 | train_loss=7.5860 | test_loss=1.8424 | test_acc=0.9550
2026-04-02 16:19:33,937 | INFO | lstm_run3 | Epoch 042 | train_loss=7.3166 | test_loss=1.7930 | test_acc=0.9573
2026-04-02 16:19:44,342 | INFO | lstm_run3 | Epoch 043 | train_loss=7.2479 | test_loss=1.8225 | test_acc=0.9561
2026-04-02 16:19:54,721 | INFO | lstm_run3 | Epoch 044 | train_loss=7.2031 | test_loss=1.7622 | test_acc=0.9636
2026-04-02 16:20:05,608 | INFO | lstm_run3 | Epoch 045 | train_loss=7.4822 | test_loss=1.8132 | test_acc=0.9560
2026-04-02 16:20:16,047 | INFO | lstm_run3 | Epoch 046 | train_loss=7.1758 | test_loss=1.8159 | test_acc=0.9575
2026-04-02 16:20:26,380 | INFO | lstm_run3 | Epoch 047 | train_loss=6.7815 | test_loss=1.6395 | test_acc=0.9560
2026-04-02 16:20:36,767 | INFO | lstm_run3 | Epoch 048 | train_loss=6.6074 | test_loss=1.8026 | test_acc=0.9624
2026-04-02 16:20:47,507 | INFO | lstm_run3 | Epoch 049 | train_loss=6.8755 | test_loss=1.7542 | test_acc=0.9530
2026-04-02 16:20:57,859 | INFO | lstm_run3 | Epoch 050 | train_loss=6.4316 | test_loss=1.7455 | test_acc=0.9582
2026-04-02 16:21:08,529 | INFO | lstm_run3 | Epoch 051 | train_loss=6.0886 | test_loss=1.6635 | test_acc=0.9651
2026-04-02 16:21:19,105 | INFO | lstm_run3 | Epoch 052 | train_loss=6.0908 | test_loss=1.6606 | test_acc=0.9598
2026-04-02 16:21:29,642 | INFO | lstm_run3 | Epoch 053 | train_loss=5.7955 | test_loss=1.7621 | test_acc=0.9625
2026-04-02 16:21:40,311 | INFO | lstm_run3 | Epoch 054 | train_loss=5.8762 | test_loss=1.5912 | test_acc=0.9641
2026-04-02 16:21:50,841 | INFO | lstm_run3 | Epoch 055 | train_loss=5.6266 | test_loss=2.1237 | test_acc=0.9665
2026-04-02 16:22:01,369 | INFO | lstm_run3 | Epoch 056 | train_loss=5.6443 | test_loss=1.7634 | test_acc=0.9469
2026-04-02 16:22:12,120 | INFO | lstm_run3 | Epoch 057 | train_loss=5.7378 | test_loss=1.5739 | test_acc=0.9671
2026-04-02 16:22:23,480 | INFO | lstm_run3 | Epoch 058 | train_loss=5.4434 | test_loss=1.5985 | test_acc=0.9643
2026-04-02 16:22:34,259 | INFO | lstm_run3 | Epoch 059 | train_loss=5.0855 | test_loss=1.7219 | test_acc=0.9531
2026-04-02 16:22:44,219 | INFO | lstm_run3 | Epoch 060 | train_loss=5.3154 | test_loss=1.6035 | test_acc=0.9621
2026-04-02 16:22:54,069 | INFO | lstm_run3 | Epoch 061 | train_loss=5.1089 | test_loss=1.7585 | test_acc=0.9583
2026-04-02 16:23:03,998 | INFO | lstm_run3 | Epoch 062 | train_loss=5.2185 | test_loss=1.5277 | test_acc=0.9666
2026-04-02 16:23:14,160 | INFO | lstm_run3 | Epoch 063 | train_loss=4.8684 | test_loss=1.7905 | test_acc=0.9593
2026-04-02 16:23:25,134 | INFO | lstm_run3 | Epoch 064 | train_loss=4.9753 | test_loss=2.2510 | test_acc=0.9541
2026-04-02 16:23:35,901 | INFO | lstm_run3 | Epoch 065 | train_loss=5.3089 | test_loss=1.6010 | test_acc=0.9639
2026-04-02 16:23:46,063 | INFO | lstm_run3 | Epoch 066 | train_loss=4.5980 | test_loss=1.6703 | test_acc=0.9644
2026-04-02 16:23:56,488 | INFO | lstm_run3 | Epoch 067 | train_loss=4.9211 | test_loss=1.6689 | test_acc=0.9643
2026-04-02 16:24:06,490 | INFO | lstm_run3 | Epoch 068 | train_loss=4.5133 | test_loss=1.8473 | test_acc=0.9703
2026-04-02 16:24:16,704 | INFO | lstm_run3 | Epoch 069 | train_loss=4.7640 | test_loss=1.5252 | test_acc=0.9635
2026-04-02 16:24:26,680 | INFO | lstm_run3 | Epoch 070 | train_loss=4.5837 | test_loss=1.5766 | test_acc=0.9654
2026-04-02 16:24:36,674 | INFO | lstm_run3 | Epoch 071 | train_loss=4.5228 | test_loss=1.6940 | test_acc=0.9732
2026-04-02 16:24:46,609 | INFO | lstm_run3 | Epoch 072 | train_loss=4.5112 | test_loss=1.7193 | test_acc=0.9524
2026-04-02 16:24:56,608 | INFO | lstm_run3 | Epoch 073 | train_loss=4.1818 | test_loss=1.6010 | test_acc=0.9608
2026-04-02 16:25:06,936 | INFO | lstm_run3 | Epoch 074 | train_loss=4.2528 | test_loss=1.5746 | test_acc=0.9697
2026-04-02 16:25:17,539 | INFO | lstm_run3 | Epoch 075 | train_loss=4.4235 | test_loss=1.5137 | test_acc=0.9673
2026-04-02 16:25:28,137 | INFO | lstm_run3 | Epoch 076 | train_loss=4.1712 | test_loss=1.7339 | test_acc=0.9585
2026-04-02 16:25:38,793 | INFO | lstm_run3 | Epoch 077 | train_loss=4.1148 | test_loss=1.5335 | test_acc=0.9676
2026-04-02 16:25:49,441 | INFO | lstm_run3 | Epoch 078 | train_loss=4.1107 | test_loss=1.6414 | test_acc=0.9629
2026-04-02 16:26:00,028 | INFO | lstm_run3 | Epoch 079 | train_loss=3.8247 | test_loss=1.6001 | test_acc=0.9604
2026-04-02 16:26:10,637 | INFO | lstm_run3 | Epoch 080 | train_loss=3.9980 | test_loss=1.5679 | test_acc=0.9681
2026-04-02 16:26:21,494 | INFO | lstm_run3 | Epoch 081 | train_loss=3.7234 | test_loss=1.7831 | test_acc=0.9532
2026-04-02 16:26:32,242 | INFO | lstm_run3 | Epoch 082 | train_loss=3.8640 | test_loss=1.7423 | test_acc=0.9615
2026-04-02 16:26:42,979 | INFO | lstm_run3 | Epoch 083 | train_loss=3.6832 | test_loss=1.5166 | test_acc=0.9699
2026-04-02 16:26:53,308 | INFO | lstm_run3 | Epoch 084 | train_loss=3.6073 | test_loss=1.6395 | test_acc=0.9628
2026-04-02 16:27:04,114 | INFO | lstm_run3 | Epoch 085 | train_loss=3.4824 | test_loss=1.5816 | test_acc=0.9671
2026-04-02 16:27:14,714 | INFO | lstm_run3 | Epoch 086 | train_loss=3.6807 | test_loss=1.7370 | test_acc=0.9706
2026-04-02 16:27:25,750 | INFO | lstm_run3 | Epoch 087 | train_loss=3.5499 | test_loss=1.6246 | test_acc=0.9657
2026-04-02 16:27:36,651 | INFO | lstm_run3 | Epoch 088 | train_loss=3.2967 | test_loss=1.5884 | test_acc=0.9654
2026-04-02 16:27:47,551 | INFO | lstm_run3 | Epoch 089 | train_loss=3.5203 | test_loss=1.5685 | test_acc=0.9641
2026-04-02 16:27:58,331 | INFO | lstm_run3 | Epoch 090 | train_loss=3.3316 | test_loss=1.4895 | test_acc=0.9679
2026-04-02 16:28:08,620 | INFO | lstm_run3 | Epoch 091 | train_loss=3.3367 | test_loss=1.6235 | test_acc=0.9705
2026-04-02 16:28:19,463 | INFO | lstm_run3 | Epoch 092 | train_loss=3.7318 | test_loss=1.5581 | test_acc=0.9669
2026-04-02 16:28:30,076 | INFO | lstm_run3 | Epoch 093 | train_loss=3.2437 | test_loss=1.5344 | test_acc=0.9648
2026-04-02 16:28:40,514 | INFO | lstm_run3 | Epoch 094 | train_loss=3.2193 | test_loss=1.5654 | test_acc=0.9709
2026-04-02 16:28:51,243 | INFO | lstm_run3 | Epoch 095 | train_loss=3.1349 | test_loss=1.5626 | test_acc=0.9698
2026-04-02 16:29:01,842 | INFO | lstm_run3 | Epoch 096 | train_loss=3.1549 | test_loss=1.5709 | test_acc=0.9723
2026-04-02 16:29:12,120 | INFO | lstm_run3 | Epoch 097 | train_loss=2.8763 | test_loss=1.5596 | test_acc=0.9726
2026-04-02 16:29:22,421 | INFO | lstm_run3 | Epoch 098 | train_loss=3.0143 | test_loss=1.5360 | test_acc=0.9660
2026-04-02 16:29:32,793 | INFO | lstm_run3 | Epoch 099 | train_loss=3.0434 | test_loss=1.6160 | test_acc=0.9607
2026-04-02 16:29:42,712 | INFO | lstm_run3 | Epoch 100 | train_loss=3.0785 | test_loss=1.5772 | test_acc=0.9666
2026-04-02 16:29:53,064 | INFO | lstm_run3 | Epoch 101 | train_loss=2.9502 | test_loss=1.7519 | test_acc=0.9659
2026-04-02 16:30:03,730 | INFO | lstm_run3 | Epoch 102 | train_loss=2.9334 | test_loss=1.6008 | test_acc=0.9731
2026-04-02 16:30:14,403 | INFO | lstm_run3 | Epoch 103 | train_loss=2.9299 | test_loss=1.6903 | test_acc=0.9546
2026-04-02 16:30:25,127 | INFO | lstm_run3 | Epoch 104 | train_loss=2.8241 | test_loss=1.5882 | test_acc=0.9656
2026-04-02 16:30:36,046 | INFO | lstm_run3 | Epoch 105 | train_loss=2.8853 | test_loss=1.6737 | test_acc=0.9702
2026-04-02 16:30:46,918 | INFO | lstm_run3 | Epoch 106 | train_loss=2.8842 | test_loss=1.5950 | test_acc=0.9644
2026-04-02 16:30:57,699 | INFO | lstm_run3 | Epoch 107 | train_loss=2.8198 | test_loss=1.6473 | test_acc=0.9655
2026-04-02 16:31:07,685 | INFO | lstm_run3 | Epoch 108 | train_loss=2.6687 | test_loss=1.6634 | test_acc=0.9652
2026-04-02 16:31:18,356 | INFO | lstm_run3 | Epoch 109 | train_loss=2.6507 | test_loss=1.7359 | test_acc=0.9627
2026-04-02 16:31:29,056 | INFO | lstm_run3 | Epoch 110 | train_loss=2.6312 | test_loss=1.6154 | test_acc=0.9686
2026-04-02 16:31:39,736 | INFO | lstm_run3 | Epoch 111 | train_loss=2.6285 | test_loss=1.5044 | test_acc=0.9674
2026-04-02 16:31:50,405 | INFO | lstm_run3 | Epoch 112 | train_loss=2.7258 | test_loss=1.6093 | test_acc=0.9705
2026-04-02 16:32:01,157 | INFO | lstm_run3 | Epoch 113 | train_loss=2.4541 | test_loss=1.6417 | test_acc=0.9694
2026-04-02 16:32:11,734 | INFO | lstm_run3 | Epoch 114 | train_loss=2.5039 | test_loss=1.6685 | test_acc=0.9713
2026-04-02 16:32:22,280 | INFO | lstm_run3 | Epoch 115 | train_loss=2.6864 | test_loss=1.5899 | test_acc=0.9721
2026-04-02 16:32:32,696 | INFO | lstm_run3 | Epoch 116 | train_loss=2.4349 | test_loss=1.5412 | test_acc=0.9735
2026-04-02 16:32:43,169 | INFO | lstm_run3 | Epoch 117 | train_loss=2.2467 | test_loss=1.7200 | test_acc=0.9716
2026-04-02 16:32:53,626 | INFO | lstm_run3 | Epoch 118 | train_loss=2.5158 | test_loss=1.6301 | test_acc=0.9719
2026-04-02 16:33:04,250 | INFO | lstm_run3 | Epoch 119 | train_loss=2.8389 | test_loss=1.4946 | test_acc=0.9669
2026-04-02 16:33:13,907 | INFO | lstm_run3 | Epoch 120 | train_loss=2.3332 | test_loss=1.6066 | test_acc=0.9732
2026-04-02 16:33:23,609 | INFO | lstm_run3 | Epoch 121 | train_loss=2.1215 | test_loss=1.5635 | test_acc=0.9696
2026-04-02 16:33:33,623 | INFO | lstm_run3 | Epoch 122 | train_loss=2.5925 | test_loss=1.7016 | test_acc=0.9748
2026-04-02 16:33:44,249 | INFO | lstm_run3 | Epoch 123 | train_loss=2.0657 | test_loss=1.5204 | test_acc=0.9709
2026-04-02 16:33:55,035 | INFO | lstm_run3 | Epoch 124 | train_loss=2.2383 | test_loss=1.5480 | test_acc=0.9699
2026-04-02 16:34:04,945 | INFO | lstm_run3 | Epoch 125 | train_loss=2.1094 | test_loss=1.5608 | test_acc=0.9718
2026-04-02 16:34:14,837 | INFO | lstm_run3 | Epoch 126 | train_loss=2.2889 | test_loss=1.6505 | test_acc=0.9676
2026-04-02 16:34:24,822 | INFO | lstm_run3 | Epoch 127 | train_loss=2.1524 | test_loss=1.5850 | test_acc=0.9725
2026-04-02 16:34:34,507 | INFO | lstm_run3 | Epoch 128 | train_loss=2.0264 | test_loss=1.6446 | test_acc=0.9679
2026-04-02 16:34:44,298 | INFO | lstm_run3 | Epoch 129 | train_loss=2.0734 | test_loss=1.6384 | test_acc=0.9673
2026-04-02 16:34:53,983 | INFO | lstm_run3 | Epoch 130 | train_loss=2.1941 | test_loss=1.5710 | test_acc=0.9668
2026-04-02 16:35:04,095 | INFO | lstm_run3 | Epoch 131 | train_loss=1.9930 | test_loss=1.9732 | test_acc=0.9696
2026-04-02 16:35:13,983 | INFO | lstm_run3 | Epoch 132 | train_loss=2.0194 | test_loss=1.6098 | test_acc=0.9739
2026-04-02 16:35:23,994 | INFO | lstm_run3 | Epoch 133 | train_loss=1.9150 | test_loss=1.7826 | test_acc=0.9722
2026-04-02 16:35:33,958 | INFO | lstm_run3 | Epoch 134 | train_loss=2.2075 | test_loss=1.5899 | test_acc=0.9731
2026-04-02 16:35:44,082 | INFO | lstm_run3 | Epoch 135 | train_loss=2.0197 | test_loss=1.6380 | test_acc=0.9690
2026-04-02 16:35:54,622 | INFO | lstm_run3 | Epoch 136 | train_loss=2.1403 | test_loss=1.6802 | test_acc=0.9750
2026-04-02 16:36:05,326 | INFO | lstm_run3 | Epoch 137 | train_loss=1.9122 | test_loss=1.8421 | test_acc=0.9699
2026-04-02 16:36:16,081 | INFO | lstm_run3 | Epoch 138 | train_loss=2.1539 | test_loss=1.6132 | test_acc=0.9696
2026-04-02 16:36:26,749 | INFO | lstm_run3 | Epoch 139 | train_loss=1.6657 | test_loss=1.7639 | test_acc=0.9718
2026-04-02 16:36:37,227 | INFO | lstm_run3 | Epoch 140 | train_loss=2.1030 | test_loss=1.6534 | test_acc=0.9700
2026-04-02 16:36:47,865 | INFO | lstm_run3 | Epoch 141 | train_loss=1.8249 | test_loss=1.7322 | test_acc=0.9637
2026-04-02 16:36:58,237 | INFO | lstm_run3 | Epoch 142 | train_loss=1.9270 | test_loss=2.1119 | test_acc=0.9731
2026-04-02 16:37:08,531 | INFO | lstm_run3 | Epoch 143 | train_loss=1.8387 | test_loss=1.7163 | test_acc=0.9723
2026-04-02 16:37:19,127 | INFO | lstm_run3 | Epoch 144 | train_loss=1.7249 | test_loss=1.7651 | test_acc=0.9707
2026-04-02 16:37:29,840 | INFO | lstm_run3 | Epoch 145 | train_loss=1.5488 | test_loss=1.7147 | test_acc=0.9726
2026-04-02 16:37:40,469 | INFO | lstm_run3 | Epoch 146 | train_loss=1.5869 | test_loss=1.7112 | test_acc=0.9686
2026-04-02 16:37:51,423 | INFO | lstm_run3 | Epoch 147 | train_loss=1.8395 | test_loss=1.6749 | test_acc=0.9744
2026-04-02 16:38:02,036 | INFO | lstm_run3 | Epoch 148 | train_loss=1.7565 | test_loss=1.7603 | test_acc=0.9684
2026-04-02 16:38:12,737 | INFO | lstm_run3 | Epoch 149 | train_loss=1.8040 | test_loss=1.6502 | test_acc=0.9728
2026-04-02 16:38:23,428 | INFO | lstm_run3 | Epoch 150 | train_loss=1.5869 | test_loss=1.7376 | test_acc=0.9716
2026-04-02 16:38:34,218 | INFO | lstm_run3 | Epoch 151 | train_loss=1.5311 | test_loss=1.6814 | test_acc=0.9678
2026-04-02 16:38:44,153 | INFO | lstm_run3 | Epoch 152 | train_loss=1.5203 | test_loss=1.6811 | test_acc=0.9736
2026-04-02 16:38:54,221 | INFO | lstm_run3 | Epoch 153 | train_loss=2.2070 | test_loss=1.7443 | test_acc=0.9701
2026-04-02 16:39:05,522 | INFO | lstm_run3 | Epoch 154 | train_loss=1.9716 | test_loss=1.7661 | test_acc=0.9723
2026-04-02 16:39:16,536 | INFO | lstm_run3 | Epoch 155 | train_loss=1.4916 | test_loss=1.7508 | test_acc=0.9723
2026-04-02 16:39:26,933 | INFO | lstm_run3 | Epoch 156 | train_loss=1.4813 | test_loss=1.7306 | test_acc=0.9701
2026-04-02 16:39:37,168 | INFO | lstm_run3 | Epoch 157 | train_loss=1.4094 | test_loss=1.6794 | test_acc=0.9732
2026-04-02 16:39:47,459 | INFO | lstm_run3 | Epoch 158 | train_loss=1.2587 | test_loss=1.7624 | test_acc=0.9722
2026-04-02 16:39:57,773 | INFO | lstm_run3 | Epoch 159 | train_loss=1.3030 | test_loss=1.8142 | test_acc=0.9699
2026-04-02 16:40:07,887 | INFO | lstm_run3 | Epoch 160 | train_loss=1.7363 | test_loss=1.8270 | test_acc=0.9669
2026-04-02 16:40:18,255 | INFO | lstm_run3 | Epoch 161 | train_loss=1.5151 | test_loss=1.9917 | test_acc=0.9758
2026-04-02 16:40:28,599 | INFO | lstm_run3 | Epoch 162 | train_loss=1.8966 | test_loss=1.8472 | test_acc=0.9705
2026-04-02 16:40:39,034 | INFO | lstm_run3 | Epoch 163 | train_loss=1.7735 | test_loss=1.8178 | test_acc=0.9725
2026-04-02 16:40:49,551 | INFO | lstm_run3 | Epoch 164 | train_loss=1.3464 | test_loss=1.7545 | test_acc=0.9718
2026-04-02 16:41:00,027 | INFO | lstm_run3 | Epoch 165 | train_loss=1.3537 | test_loss=1.7879 | test_acc=0.9697
2026-04-02 16:41:10,936 | INFO | lstm_run3 | Epoch 166 | train_loss=2.0180 | test_loss=1.8852 | test_acc=0.9694
2026-04-02 16:41:21,510 | INFO | lstm_run3 | Epoch 167 | train_loss=1.4134 | test_loss=1.8598 | test_acc=0.9707
2026-04-02 16:41:32,269 | INFO | lstm_run3 | Epoch 168 | train_loss=1.6448 | test_loss=1.7703 | test_acc=0.9721
2026-04-02 16:41:42,743 | INFO | lstm_run3 | Epoch 169 | train_loss=1.1514 | test_loss=1.8877 | test_acc=0.9640
2026-04-02 16:41:53,026 | INFO | lstm_run3 | Epoch 170 | train_loss=1.2320 | test_loss=1.9571 | test_acc=0.9702
2026-04-02 16:42:03,762 | INFO | lstm_run3 | Epoch 171 | train_loss=1.2171 | test_loss=1.8585 | test_acc=0.9723
2026-04-02 16:42:14,392 | INFO | lstm_run3 | Epoch 172 | train_loss=1.6335 | test_loss=1.8398 | test_acc=0.9690
2026-04-02 16:42:24,503 | INFO | lstm_run3 | Epoch 173 | train_loss=1.6948 | test_loss=1.9649 | test_acc=0.9725
2026-04-02 16:42:34,985 | INFO | lstm_run3 | Epoch 174 | train_loss=1.2296 | test_loss=1.7496 | test_acc=0.9687
2026-04-02 16:42:45,254 | INFO | lstm_run3 | Epoch 175 | train_loss=1.2633 | test_loss=1.8898 | test_acc=0.9744
2026-04-02 16:42:54,873 | INFO | lstm_run3 | Epoch 176 | train_loss=1.2342 | test_loss=1.9549 | test_acc=0.9703
2026-04-02 16:43:04,360 | INFO | lstm_run3 | Epoch 177 | train_loss=1.8145 | test_loss=1.8908 | test_acc=0.9728
2026-04-02 16:43:13,732 | INFO | lstm_run3 | Epoch 178 | train_loss=1.0606 | test_loss=1.8350 | test_acc=0.9722
2026-04-02 16:43:23,093 | INFO | lstm_run3 | Epoch 179 | train_loss=1.0796 | test_loss=1.9016 | test_acc=0.9682
2026-04-02 16:43:32,361 | INFO | lstm_run3 | Epoch 180 | train_loss=1.2966 | test_loss=2.2688 | test_acc=0.9706
2026-04-02 16:43:41,669 | INFO | lstm_run3 | Epoch 181 | train_loss=1.9292 | test_loss=2.0158 | test_acc=0.9669
2026-04-02 16:43:51,356 | INFO | lstm_run3 | Epoch 182 | train_loss=1.6435 | test_loss=1.8102 | test_acc=0.9652
2026-04-02 16:44:00,668 | INFO | lstm_run3 | Epoch 183 | train_loss=1.0800 | test_loss=2.0467 | test_acc=0.9758
2026-04-02 16:44:11,237 | INFO | lstm_run3 | Epoch 184 | train_loss=0.9632 | test_loss=1.9793 | test_acc=0.9719
2026-04-02 16:44:21,953 | INFO | lstm_run3 | Epoch 185 | train_loss=0.8710 | test_loss=1.8536 | test_acc=0.9733
2026-04-02 16:44:32,652 | INFO | lstm_run3 | Epoch 186 | train_loss=1.1747 | test_loss=2.1028 | test_acc=0.9676
2026-04-02 16:44:43,375 | INFO | lstm_run3 | Epoch 187 | train_loss=1.3618 | test_loss=1.8488 | test_acc=0.9716
2026-04-02 16:44:53,872 | INFO | lstm_run3 | Epoch 188 | train_loss=1.0327 | test_loss=2.0259 | test_acc=0.9724
2026-04-02 16:45:04,706 | INFO | lstm_run3 | Epoch 189 | train_loss=1.1946 | test_loss=1.9453 | test_acc=0.9697
2026-04-02 16:45:15,473 | INFO | lstm_run3 | Epoch 190 | train_loss=0.8171 | test_loss=1.9393 | test_acc=0.9729
2026-04-02 16:45:26,234 | INFO | lstm_run3 | Epoch 191 | train_loss=0.8828 | test_loss=1.9769 | test_acc=0.9739
2026-04-02 16:45:36,959 | INFO | lstm_run3 | Epoch 192 | train_loss=0.9040 | test_loss=2.3081 | test_acc=0.9732
2026-04-02 16:45:47,751 | INFO | lstm_run3 | Epoch 193 | train_loss=1.1110 | test_loss=2.0152 | test_acc=0.9626
2026-04-02 16:45:58,647 | INFO | lstm_run3 | Epoch 194 | train_loss=1.3373 | test_loss=1.9293 | test_acc=0.9597
2026-04-02 16:46:09,432 | INFO | lstm_run3 | Epoch 195 | train_loss=1.2692 | test_loss=1.9846 | test_acc=0.9698
2026-04-02 16:46:19,561 | INFO | lstm_run3 | Epoch 196 | train_loss=0.9298 | test_loss=2.1187 | test_acc=0.9709
2026-04-02 16:46:29,899 | INFO | lstm_run3 | Epoch 197 | train_loss=1.2244 | test_loss=2.0687 | test_acc=0.9714
2026-04-02 16:46:40,010 | INFO | lstm_run3 | Epoch 198 | train_loss=1.7265 | test_loss=2.0642 | test_acc=0.9712
2026-04-02 16:46:49,934 | INFO | lstm_run3 | Epoch 199 | train_loss=1.3423 | test_loss=2.0935 | test_acc=0.9710
2026-04-02 16:47:00,265 | INFO | lstm_run3 | Epoch 200 | train_loss=1.3004 | test_loss=2.2287 | test_acc=0.9705
2026-04-02 16:47:10,847 | INFO | lstm_run4 | Epoch 001 | train_loss=240.6444 | test_loss=29.4555 | test_acc=0.4577
2026-04-02 16:47:21,336 | INFO | lstm_run4 | Epoch 002 | train_loss=122.8746 | test_loss=14.2315 | test_acc=0.7088
2026-04-02 16:47:31,719 | INFO | lstm_run4 | Epoch 003 | train_loss=70.7494 | test_loss=10.1364 | test_acc=0.7747
2026-04-02 16:47:41,931 | INFO | lstm_run4 | Epoch 004 | train_loss=51.6675 | test_loss=7.7037 | test_acc=0.8361
2026-04-02 16:47:51,850 | INFO | lstm_run4 | Epoch 005 | train_loss=41.6966 | test_loss=6.6956 | test_acc=0.8664
2026-04-02 16:48:02,031 | INFO | lstm_run4 | Epoch 006 | train_loss=36.1048 | test_loss=5.6568 | test_acc=0.8811
2026-04-02 16:48:12,365 | INFO | lstm_run4 | Epoch 007 | train_loss=31.3054 | test_loss=5.3611 | test_acc=0.8811
2026-04-02 16:48:22,700 | INFO | lstm_run4 | Epoch 008 | train_loss=28.6584 | test_loss=4.9900 | test_acc=0.8841
2026-04-02 16:48:32,987 | INFO | lstm_run4 | Epoch 009 | train_loss=25.8802 | test_loss=4.3245 | test_acc=0.9023
2026-04-02 16:48:43,399 | INFO | lstm_run4 | Epoch 010 | train_loss=23.5943 | test_loss=3.8539 | test_acc=0.9138
2026-04-02 16:48:53,728 | INFO | lstm_run4 | Epoch 011 | train_loss=22.0556 | test_loss=4.2115 | test_acc=0.9271
2026-04-02 16:49:03,324 | INFO | lstm_run4 | Epoch 012 | train_loss=20.6261 | test_loss=3.6575 | test_acc=0.9112
2026-04-02 16:49:12,794 | INFO | lstm_run4 | Epoch 013 | train_loss=19.1642 | test_loss=3.3145 | test_acc=0.9333
2026-04-02 16:49:23,267 | INFO | lstm_run4 | Epoch 014 | train_loss=18.0179 | test_loss=3.1882 | test_acc=0.9288
2026-04-02 16:49:33,806 | INFO | lstm_run4 | Epoch 015 | train_loss=17.1572 | test_loss=3.1506 | test_acc=0.9306
2026-04-02 16:49:44,285 | INFO | lstm_run4 | Epoch 016 | train_loss=16.3886 | test_loss=2.8422 | test_acc=0.9341
2026-04-02 16:49:54,744 | INFO | lstm_run4 | Epoch 017 | train_loss=15.7927 | test_loss=2.9648 | test_acc=0.9486
2026-04-02 16:50:05,154 | INFO | lstm_run4 | Epoch 018 | train_loss=14.8267 | test_loss=2.7218 | test_acc=0.9436
2026-04-02 16:50:15,595 | INFO | lstm_run4 | Epoch 019 | train_loss=14.1355 | test_loss=2.7202 | test_acc=0.9546
2026-04-02 16:50:25,962 | INFO | lstm_run4 | Epoch 020 | train_loss=13.7391 | test_loss=2.6491 | test_acc=0.9435
2026-04-02 16:50:36,408 | INFO | lstm_run4 | Epoch 021 | train_loss=13.5380 | test_loss=2.4698 | test_acc=0.9537
2026-04-02 16:50:46,901 | INFO | lstm_run4 | Epoch 022 | train_loss=12.7871 | test_loss=2.3435 | test_acc=0.9430
2026-04-02 16:50:57,265 | INFO | lstm_run4 | Epoch 023 | train_loss=11.9390 | test_loss=2.3272 | test_acc=0.9496
2026-04-02 16:51:07,553 | INFO | lstm_run4 | Epoch 024 | train_loss=11.6322 | test_loss=2.2725 | test_acc=0.9584
2026-04-02 16:51:17,964 | INFO | lstm_run4 | Epoch 025 | train_loss=11.3018 | test_loss=2.3619 | test_acc=0.9538
2026-04-02 16:51:28,144 | INFO | lstm_run4 | Epoch 026 | train_loss=11.0009 | test_loss=2.0730 | test_acc=0.9582
2026-04-02 16:51:38,456 | INFO | lstm_run4 | Epoch 027 | train_loss=10.5270 | test_loss=2.0053 | test_acc=0.9589
2026-04-02 16:51:49,234 | INFO | lstm_run4 | Epoch 028 | train_loss=10.3667 | test_loss=2.0012 | test_acc=0.9553
2026-04-02 16:52:00,033 | INFO | lstm_run4 | Epoch 029 | train_loss=9.9040 | test_loss=1.9493 | test_acc=0.9556
2026-04-02 16:52:10,920 | INFO | lstm_run4 | Epoch 030 | train_loss=9.5618 | test_loss=2.0797 | test_acc=0.9642
2026-04-02 16:52:21,654 | INFO | lstm_run4 | Epoch 031 | train_loss=9.8814 | test_loss=2.0646 | test_acc=0.9571
2026-04-02 16:52:32,419 | INFO | lstm_run4 | Epoch 032 | train_loss=9.1605 | test_loss=1.8869 | test_acc=0.9623
2026-04-02 16:52:43,223 | INFO | lstm_run4 | Epoch 033 | train_loss=9.0830 | test_loss=1.8490 | test_acc=0.9603
2026-04-02 16:52:52,479 | INFO | lstm_run4 | Epoch 034 | train_loss=8.8249 | test_loss=1.7963 | test_acc=0.9652
2026-04-02 16:53:01,664 | INFO | lstm_run4 | Epoch 035 | train_loss=8.3984 | test_loss=1.7366 | test_acc=0.9642
2026-04-02 16:53:11,946 | INFO | lstm_run4 | Epoch 036 | train_loss=8.6395 | test_loss=1.8347 | test_acc=0.9666
2026-04-02 16:53:22,525 | INFO | lstm_run4 | Epoch 037 | train_loss=8.1236 | test_loss=1.8317 | test_acc=0.9661
2026-04-02 16:53:33,071 | INFO | lstm_run4 | Epoch 038 | train_loss=7.8772 | test_loss=1.7315 | test_acc=0.9642
2026-04-02 16:53:43,442 | INFO | lstm_run4 | Epoch 039 | train_loss=7.8025 | test_loss=1.7830 | test_acc=0.9706
2026-04-02 16:53:54,424 | INFO | lstm_run4 | Epoch 040 | train_loss=7.3857 | test_loss=1.6962 | test_acc=0.9647
2026-04-02 16:54:04,839 | INFO | lstm_run4 | Epoch 041 | train_loss=7.2635 | test_loss=1.7881 | test_acc=0.9617
2026-04-02 16:54:15,196 | INFO | lstm_run4 | Epoch 042 | train_loss=7.1273 | test_loss=1.8713 | test_acc=0.9710
2026-04-02 16:54:25,740 | INFO | lstm_run4 | Epoch 043 | train_loss=7.2191 | test_loss=1.5773 | test_acc=0.9602
2026-04-02 16:54:35,139 | INFO | lstm_run4 | Epoch 044 | train_loss=6.8671 | test_loss=1.6158 | test_acc=0.9684
2026-04-02 16:54:44,857 | INFO | lstm_run4 | Epoch 045 | train_loss=6.7192 | test_loss=1.5864 | test_acc=0.9664
2026-04-02 16:54:54,379 | INFO | lstm_run4 | Epoch 046 | train_loss=6.5549 | test_loss=1.6135 | test_acc=0.9618
2026-04-02 16:55:03,793 | INFO | lstm_run4 | Epoch 047 | train_loss=6.5251 | test_loss=1.4681 | test_acc=0.9693
2026-04-02 16:55:13,953 | INFO | lstm_run4 | Epoch 048 | train_loss=6.2053 | test_loss=1.5650 | test_acc=0.9665
2026-04-02 16:55:24,136 | INFO | lstm_run4 | Epoch 049 | train_loss=6.4357 | test_loss=1.5794 | test_acc=0.9682
2026-04-02 16:55:34,029 | INFO | lstm_run4 | Epoch 050 | train_loss=5.8805 | test_loss=1.6016 | test_acc=0.9686
2026-04-02 16:55:44,080 | INFO | lstm_run4 | Epoch 051 | train_loss=6.1036 | test_loss=1.5239 | test_acc=0.9735
2026-04-02 16:55:54,068 | INFO | lstm_run4 | Epoch 052 | train_loss=5.7762 | test_loss=1.4831 | test_acc=0.9694
2026-04-02 16:56:04,014 | INFO | lstm_run4 | Epoch 053 | train_loss=5.7110 | test_loss=1.4341 | test_acc=0.9694
2026-04-02 16:56:13,810 | INFO | lstm_run4 | Epoch 054 | train_loss=5.5055 | test_loss=1.4675 | test_acc=0.9738
2026-04-02 16:56:23,656 | INFO | lstm_run4 | Epoch 055 | train_loss=5.5314 | test_loss=1.4315 | test_acc=0.9703
2026-04-02 16:56:33,388 | INFO | lstm_run4 | Epoch 056 | train_loss=5.6745 | test_loss=1.4393 | test_acc=0.9689
2026-04-02 16:56:42,852 | INFO | lstm_run4 | Epoch 057 | train_loss=5.5432 | test_loss=1.3899 | test_acc=0.9735
2026-04-02 16:56:52,487 | INFO | lstm_run4 | Epoch 058 | train_loss=5.3092 | test_loss=1.3714 | test_acc=0.9706
2026-04-02 16:57:02,584 | INFO | lstm_run4 | Epoch 059 | train_loss=5.1243 | test_loss=1.4302 | test_acc=0.9687
2026-04-02 16:57:12,658 | INFO | lstm_run4 | Epoch 060 | train_loss=5.0710 | test_loss=1.3221 | test_acc=0.9701
2026-04-02 16:57:22,777 | INFO | lstm_run4 | Epoch 061 | train_loss=5.2250 | test_loss=1.4487 | test_acc=0.9701
2026-04-02 16:57:33,235 | INFO | lstm_run4 | Epoch 062 | train_loss=5.1126 | test_loss=1.3965 | test_acc=0.9687
2026-04-02 16:57:43,444 | INFO | lstm_run4 | Epoch 063 | train_loss=5.0179 | test_loss=1.3154 | test_acc=0.9715
2026-04-02 16:57:53,998 | INFO | lstm_run4 | Epoch 064 | train_loss=4.8106 | test_loss=1.3013 | test_acc=0.9731
2026-04-02 16:58:04,262 | INFO | lstm_run4 | Epoch 065 | train_loss=4.5073 | test_loss=1.5041 | test_acc=0.9755
2026-04-02 16:58:14,582 | INFO | lstm_run4 | Epoch 066 | train_loss=4.6520 | test_loss=1.3980 | test_acc=0.9765
2026-04-02 16:58:25,074 | INFO | lstm_run4 | Epoch 067 | train_loss=4.6706 | test_loss=1.3759 | test_acc=0.9689
2026-04-02 16:58:35,546 | INFO | lstm_run4 | Epoch 068 | train_loss=4.6800 | test_loss=1.4934 | test_acc=0.9694
2026-04-02 16:58:45,912 | INFO | lstm_run4 | Epoch 069 | train_loss=4.5220 | test_loss=1.3804 | test_acc=0.9678
2026-04-02 16:58:56,277 | INFO | lstm_run4 | Epoch 070 | train_loss=4.5492 | test_loss=1.3470 | test_acc=0.9730
2026-04-02 16:59:06,739 | INFO | lstm_run4 | Epoch 071 | train_loss=4.1705 | test_loss=1.1846 | test_acc=0.9765
2026-04-02 16:59:17,208 | INFO | lstm_run4 | Epoch 072 | train_loss=4.2484 | test_loss=1.2669 | test_acc=0.9774
2026-04-02 16:59:27,787 | INFO | lstm_run4 | Epoch 073 | train_loss=4.0834 | test_loss=1.2539 | test_acc=0.9741
2026-04-02 16:59:38,215 | INFO | lstm_run4 | Epoch 074 | train_loss=3.9740 | test_loss=1.3484 | test_acc=0.9721
2026-04-02 16:59:48,666 | INFO | lstm_run4 | Epoch 075 | train_loss=4.1090 | test_loss=1.4560 | test_acc=0.9731
2026-04-02 16:59:59,126 | INFO | lstm_run4 | Epoch 076 | train_loss=4.1245 | test_loss=1.2949 | test_acc=0.9734
2026-04-02 17:00:09,460 | INFO | lstm_run4 | Epoch 077 | train_loss=3.9606 | test_loss=1.2417 | test_acc=0.9758
2026-04-02 17:00:19,858 | INFO | lstm_run4 | Epoch 078 | train_loss=3.6837 | test_loss=1.3575 | test_acc=0.9744
2026-04-02 17:00:30,386 | INFO | lstm_run4 | Epoch 079 | train_loss=3.6942 | test_loss=1.1991 | test_acc=0.9753
2026-04-02 17:00:40,807 | INFO | lstm_run4 | Epoch 080 | train_loss=3.9501 | test_loss=1.2165 | test_acc=0.9748
2026-04-02 17:00:51,325 | INFO | lstm_run4 | Epoch 081 | train_loss=3.7940 | test_loss=1.2895 | test_acc=0.9751
2026-04-02 17:01:01,942 | INFO | lstm_run4 | Epoch 082 | train_loss=3.5484 | test_loss=1.4220 | test_acc=0.9723
2026-04-02 17:01:11,903 | INFO | lstm_run4 | Epoch 083 | train_loss=3.5737 | test_loss=1.1777 | test_acc=0.9752
2026-04-02 17:01:21,527 | INFO | lstm_run4 | Epoch 084 | train_loss=3.6187 | test_loss=1.3553 | test_acc=0.9731
2026-04-02 17:01:31,269 | INFO | lstm_run4 | Epoch 085 | train_loss=3.6308 | test_loss=1.2872 | test_acc=0.9703
2026-04-02 17:01:41,235 | INFO | lstm_run4 | Epoch 086 | train_loss=3.5816 | test_loss=1.3722 | test_acc=0.9737
2026-04-02 17:01:51,818 | INFO | lstm_run4 | Epoch 087 | train_loss=3.5282 | test_loss=1.2125 | test_acc=0.9732
2026-04-02 17:02:02,313 | INFO | lstm_run4 | Epoch 088 | train_loss=3.3477 | test_loss=1.2662 | test_acc=0.9755
2026-04-02 17:02:12,764 | INFO | lstm_run4 | Epoch 089 | train_loss=3.1930 | test_loss=1.2983 | test_acc=0.9760
2026-04-02 17:02:23,262 | INFO | lstm_run4 | Epoch 090 | train_loss=3.4663 | test_loss=1.3351 | test_acc=0.9721
2026-04-02 17:02:33,675 | INFO | lstm_run4 | Epoch 091 | train_loss=3.3374 | test_loss=1.2134 | test_acc=0.9725
2026-04-02 17:02:44,151 | INFO | lstm_run4 | Epoch 092 | train_loss=3.2603 | test_loss=1.3133 | test_acc=0.9746
2026-04-02 17:02:54,176 | INFO | lstm_run4 | Epoch 093 | train_loss=3.1218 | test_loss=1.1703 | test_acc=0.9724
2026-04-02 17:03:03,935 | INFO | lstm_run4 | Epoch 094 | train_loss=3.2213 | test_loss=1.3564 | test_acc=0.9751
2026-04-02 17:03:13,979 | INFO | lstm_run4 | Epoch 095 | train_loss=3.0926 | test_loss=1.2093 | test_acc=0.9762
2026-04-02 17:03:24,428 | INFO | lstm_run4 | Epoch 096 | train_loss=3.1947 | test_loss=1.2230 | test_acc=0.9758
2026-04-02 17:03:34,233 | INFO | lstm_run4 | Epoch 097 | train_loss=3.0800 | test_loss=1.2548 | test_acc=0.9722
2026-04-02 17:03:43,963 | INFO | lstm_run4 | Epoch 098 | train_loss=2.8398 | test_loss=1.3190 | test_acc=0.9707
2026-04-02 17:03:53,966 | INFO | lstm_run4 | Epoch 099 | train_loss=2.8171 | test_loss=1.2709 | test_acc=0.9725
2026-04-02 17:04:03,757 | INFO | lstm_run4 | Epoch 100 | train_loss=2.8693 | test_loss=1.2283 | test_acc=0.9770
2026-04-02 17:04:13,607 | INFO | lstm_run4 | Epoch 101 | train_loss=2.4964 | test_loss=1.4168 | test_acc=0.9779
2026-04-02 17:04:24,410 | INFO | lstm_run4 | Epoch 102 | train_loss=2.7735 | test_loss=1.3016 | test_acc=0.9788
2026-04-02 17:04:34,985 | INFO | lstm_run4 | Epoch 103 | train_loss=2.7097 | test_loss=1.3414 | test_acc=0.9727
2026-04-02 17:04:45,659 | INFO | lstm_run4 | Epoch 104 | train_loss=2.5264 | test_loss=1.2346 | test_acc=0.9760
2026-04-02 17:04:56,360 | INFO | lstm_run4 | Epoch 105 | train_loss=2.5422 | test_loss=1.2880 | test_acc=0.9736
2026-04-02 17:05:06,608 | INFO | lstm_run4 | Epoch 106 | train_loss=2.7108 | test_loss=1.2692 | test_acc=0.9744
2026-04-02 17:05:16,969 | INFO | lstm_run4 | Epoch 107 | train_loss=2.9643 | test_loss=1.2808 | test_acc=0.9743
2026-04-02 17:05:27,615 | INFO | lstm_run4 | Epoch 108 | train_loss=2.6761 | test_loss=1.3343 | test_acc=0.9750
2026-04-02 17:05:37,608 | INFO | lstm_run4 | Epoch 109 | train_loss=2.7582 | test_loss=1.3241 | test_acc=0.9749
2026-04-02 17:05:48,039 | INFO | lstm_run4 | Epoch 110 | train_loss=2.3346 | test_loss=1.2607 | test_acc=0.9770
2026-04-02 17:05:58,537 | INFO | lstm_run4 | Epoch 111 | train_loss=2.2340 | test_loss=1.2253 | test_acc=0.9769
2026-04-02 17:06:09,236 | INFO | lstm_run4 | Epoch 112 | train_loss=2.3114 | test_loss=1.2021 | test_acc=0.9782
2026-04-02 17:06:19,443 | INFO | lstm_run4 | Epoch 113 | train_loss=2.2105 | test_loss=1.2414 | test_acc=0.9738
2026-04-02 17:06:30,457 | INFO | lstm_run4 | Epoch 114 | train_loss=2.8781 | test_loss=1.2259 | test_acc=0.9758
2026-04-02 17:06:41,373 | INFO | lstm_run4 | Epoch 115 | train_loss=2.2689 | test_loss=1.2445 | test_acc=0.9753
2026-04-02 17:06:52,320 | INFO | lstm_run4 | Epoch 116 | train_loss=2.3019 | test_loss=1.2639 | test_acc=0.9765
2026-04-02 17:07:03,146 | INFO | lstm_run4 | Epoch 117 | train_loss=2.1347 | test_loss=1.2575 | test_acc=0.9785
2026-04-02 17:07:13,961 | INFO | lstm_run4 | Epoch 118 | train_loss=2.2765 | test_loss=1.4032 | test_acc=0.9751
2026-04-02 17:07:24,826 | INFO | lstm_run4 | Epoch 119 | train_loss=2.1950 | test_loss=1.3898 | test_acc=0.9686
2026-04-02 17:07:35,431 | INFO | lstm_run4 | Epoch 120 | train_loss=2.1024 | test_loss=1.2440 | test_acc=0.9753
2026-04-02 17:07:45,463 | INFO | lstm_run4 | Epoch 121 | train_loss=1.9411 | test_loss=1.2759 | test_acc=0.9776
2026-04-02 17:07:55,425 | INFO | lstm_run4 | Epoch 122 | train_loss=2.4247 | test_loss=1.3318 | test_acc=0.9678
2026-04-02 17:08:05,463 | INFO | lstm_run4 | Epoch 123 | train_loss=2.1385 | test_loss=1.2355 | test_acc=0.9722
2026-04-02 17:08:16,082 | INFO | lstm_run4 | Epoch 124 | train_loss=2.2307 | test_loss=1.3443 | test_acc=0.9731
2026-04-02 17:08:26,697 | INFO | lstm_run4 | Epoch 125 | train_loss=2.1960 | test_loss=1.3277 | test_acc=0.9702
2026-04-02 17:08:36,694 | INFO | lstm_run4 | Epoch 126 | train_loss=2.3730 | test_loss=1.4036 | test_acc=0.9700
2026-04-02 17:08:47,433 | INFO | lstm_run4 | Epoch 127 | train_loss=2.2993 | test_loss=1.2890 | test_acc=0.9776
2026-04-02 17:08:58,322 | INFO | lstm_run4 | Epoch 128 | train_loss=1.9394 | test_loss=1.2360 | test_acc=0.9774
2026-04-02 17:09:08,510 | INFO | lstm_run4 | Epoch 129 | train_loss=1.7041 | test_loss=1.2786 | test_acc=0.9758
2026-04-02 17:09:18,462 | INFO | lstm_run4 | Epoch 130 | train_loss=1.9110 | test_loss=1.3669 | test_acc=0.9748
2026-04-02 17:09:28,532 | INFO | lstm_run4 | Epoch 131 | train_loss=2.1637 | test_loss=1.4473 | test_acc=0.9744
2026-04-02 17:09:38,197 | INFO | lstm_run4 | Epoch 132 | train_loss=2.1246 | test_loss=1.4071 | test_acc=0.9752
2026-04-02 17:09:49,004 | INFO | lstm_run4 | Epoch 133 | train_loss=1.8951 | test_loss=1.2845 | test_acc=0.9754
2026-04-02 17:09:59,637 | INFO | lstm_run4 | Epoch 134 | train_loss=1.7924 | test_loss=1.3933 | test_acc=0.9781
2026-04-02 17:10:10,488 | INFO | lstm_run4 | Epoch 135 | train_loss=1.9393 | test_loss=1.3696 | test_acc=0.9711
2026-04-02 17:10:21,278 | INFO | lstm_run4 | Epoch 136 | train_loss=2.2064 | test_loss=1.3020 | test_acc=0.9761
2026-04-02 17:10:31,208 | INFO | lstm_run4 | Epoch 137 | train_loss=1.7171 | test_loss=1.2156 | test_acc=0.9788
2026-04-02 17:10:41,170 | INFO | lstm_run4 | Epoch 138 | train_loss=1.5810 | test_loss=1.3652 | test_acc=0.9760
2026-04-02 17:10:51,800 | INFO | lstm_run4 | Epoch 139 | train_loss=1.5416 | test_loss=1.3229 | test_acc=0.9779
2026-04-02 17:11:02,521 | INFO | lstm_run4 | Epoch 140 | train_loss=1.7947 | test_loss=1.3072 | test_acc=0.9738
2026-04-02 17:11:13,184 | INFO | lstm_run4 | Epoch 141 | train_loss=2.0317 | test_loss=1.3231 | test_acc=0.9766
2026-04-02 17:11:23,779 | INFO | lstm_run4 | Epoch 142 | train_loss=1.6197 | test_loss=1.4052 | test_acc=0.9768
2026-04-02 17:11:34,466 | INFO | lstm_run4 | Epoch 143 | train_loss=1.6404 | test_loss=1.4031 | test_acc=0.9742
2026-04-02 17:11:45,212 | INFO | lstm_run4 | Epoch 144 | train_loss=1.8112 | test_loss=1.3439 | test_acc=0.9795
2026-04-02 17:11:55,893 | INFO | lstm_run4 | Epoch 145 | train_loss=1.6016 | test_loss=1.3634 | test_acc=0.9790
2026-04-02 17:12:06,689 | INFO | lstm_run4 | Epoch 146 | train_loss=1.4378 | test_loss=1.2847 | test_acc=0.9780
2026-04-02 17:12:17,129 | INFO | lstm_run4 | Epoch 147 | train_loss=1.4281 | test_loss=1.3575 | test_acc=0.9749
2026-04-02 17:12:27,877 | INFO | lstm_run4 | Epoch 148 | train_loss=1.4753 | test_loss=1.3706 | test_acc=0.9765
2026-04-02 17:12:38,650 | INFO | lstm_run4 | Epoch 149 | train_loss=1.3503 | test_loss=1.3509 | test_acc=0.9769
2026-04-02 17:12:49,490 | INFO | lstm_run4 | Epoch 150 | train_loss=1.4265 | test_loss=1.3420 | test_acc=0.9784
2026-04-02 17:13:00,478 | INFO | lstm_run4 | Epoch 151 | train_loss=1.7085 | test_loss=1.4660 | test_acc=0.9784
2026-04-02 17:13:11,253 | INFO | lstm_run4 | Epoch 152 | train_loss=1.9138 | test_loss=1.3876 | test_acc=0.9753
2026-04-02 17:13:21,658 | INFO | lstm_run4 | Epoch 153 | train_loss=1.6312 | test_loss=1.4164 | test_acc=0.9740
2026-04-02 17:13:32,420 | INFO | lstm_run4 | Epoch 154 | train_loss=1.5173 | test_loss=1.3595 | test_acc=0.9791
2026-04-02 17:13:42,995 | INFO | lstm_run4 | Epoch 155 | train_loss=1.5684 | test_loss=1.3660 | test_acc=0.9760
2026-04-02 17:13:53,574 | INFO | lstm_run4 | Epoch 156 | train_loss=1.3762 | test_loss=1.4106 | test_acc=0.9756
2026-04-02 17:14:03,661 | INFO | lstm_run4 | Epoch 157 | train_loss=1.4012 | test_loss=1.6015 | test_acc=0.9778
2026-04-02 17:14:13,585 | INFO | lstm_run4 | Epoch 158 | train_loss=1.2943 | test_loss=1.4715 | test_acc=0.9764
2026-04-02 17:14:23,593 | INFO | lstm_run4 | Epoch 159 | train_loss=1.1172 | test_loss=1.5053 | test_acc=0.9747
2026-04-02 17:14:33,831 | INFO | lstm_run4 | Epoch 160 | train_loss=1.5146 | test_loss=1.3182 | test_acc=0.9788
2026-04-02 17:14:43,749 | INFO | lstm_run4 | Epoch 161 | train_loss=1.3854 | test_loss=1.4268 | test_acc=0.9768
2026-04-02 17:14:53,453 | INFO | lstm_run4 | Epoch 162 | train_loss=1.3873 | test_loss=1.4037 | test_acc=0.9781
2026-04-02 17:15:03,566 | INFO | lstm_run4 | Epoch 163 | train_loss=1.1617 | test_loss=1.6106 | test_acc=0.9785
2026-04-02 17:15:12,949 | INFO | lstm_run4 | Epoch 164 | train_loss=1.7262 | test_loss=1.4296 | test_acc=0.9746
2026-04-02 17:15:22,953 | INFO | lstm_run4 | Epoch 165 | train_loss=1.5368 | test_loss=1.5203 | test_acc=0.9777
2026-04-02 17:15:33,357 | INFO | lstm_run4 | Epoch 166 | train_loss=1.2844 | test_loss=1.4170 | test_acc=0.9793
2026-04-02 17:15:43,754 | INFO | lstm_run4 | Epoch 167 | train_loss=1.0969 | test_loss=1.4680 | test_acc=0.9762
2026-04-02 17:15:53,601 | INFO | lstm_run4 | Epoch 168 | train_loss=1.2968 | test_loss=1.4476 | test_acc=0.9777
2026-04-02 17:16:04,064 | INFO | lstm_run4 | Epoch 169 | train_loss=0.9957 | test_loss=1.4407 | test_acc=0.9763
2026-04-02 17:16:13,286 | INFO | lstm_run4 | Epoch 170 | train_loss=1.1408 | test_loss=1.4964 | test_acc=0.9788
2026-04-02 17:16:22,506 | INFO | lstm_run4 | Epoch 171 | train_loss=1.4170 | test_loss=1.5098 | test_acc=0.9773
2026-04-02 17:16:31,738 | INFO | lstm_run4 | Epoch 172 | train_loss=1.4269 | test_loss=1.4268 | test_acc=0.9789
2026-04-02 17:16:40,982 | INFO | lstm_run4 | Epoch 173 | train_loss=1.0537 | test_loss=1.6422 | test_acc=0.9763
2026-04-02 17:16:50,228 | INFO | lstm_run4 | Epoch 174 | train_loss=1.8475 | test_loss=1.5311 | test_acc=0.9735
2026-04-02 17:16:59,546 | INFO | lstm_run4 | Epoch 175 | train_loss=1.0234 | test_loss=1.4561 | test_acc=0.9797
2026-04-02 17:17:08,780 | INFO | lstm_run4 | Epoch 176 | train_loss=1.2701 | test_loss=1.4539 | test_acc=0.9787
2026-04-02 17:17:18,003 | INFO | lstm_run4 | Epoch 177 | train_loss=0.9502 | test_loss=1.3887 | test_acc=0.9760
2026-04-02 17:17:27,226 | INFO | lstm_run4 | Epoch 178 | train_loss=1.0915 | test_loss=1.5234 | test_acc=0.9766
2026-04-02 17:17:37,232 | INFO | lstm_run4 | Epoch 179 | train_loss=1.0778 | test_loss=1.4685 | test_acc=0.9755
2026-04-02 17:17:47,323 | INFO | lstm_run4 | Epoch 180 | train_loss=0.8632 | test_loss=1.4834 | test_acc=0.9784
2026-04-02 17:17:57,552 | INFO | lstm_run4 | Epoch 181 | train_loss=1.0724 | test_loss=1.6016 | test_acc=0.9711
2026-04-02 17:18:08,030 | INFO | lstm_run4 | Epoch 182 | train_loss=1.4989 | test_loss=1.5694 | test_acc=0.9773
2026-04-02 17:18:18,288 | INFO | lstm_run4 | Epoch 183 | train_loss=1.0926 | test_loss=1.6663 | test_acc=0.9712
2026-04-02 17:18:28,715 | INFO | lstm_run4 | Epoch 184 | train_loss=1.8091 | test_loss=1.4559 | test_acc=0.9755
2026-04-02 17:18:39,049 | INFO | lstm_run4 | Epoch 185 | train_loss=1.5076 | test_loss=1.4622 | test_acc=0.9753
2026-04-02 17:18:49,440 | INFO | lstm_run4 | Epoch 186 | train_loss=1.2086 | test_loss=1.5055 | test_acc=0.9761
2026-04-02 17:18:59,610 | INFO | lstm_run4 | Epoch 187 | train_loss=0.8663 | test_loss=1.6267 | test_acc=0.9779
2026-04-02 17:19:09,811 | INFO | lstm_run4 | Epoch 188 | train_loss=0.9486 | test_loss=1.5519 | test_acc=0.9784
2026-04-02 17:19:20,185 | INFO | lstm_run4 | Epoch 189 | train_loss=0.8763 | test_loss=1.5700 | test_acc=0.9789
2026-04-02 17:19:30,485 | INFO | lstm_run4 | Epoch 190 | train_loss=1.1461 | test_loss=1.4794 | test_acc=0.9781
2026-04-02 17:19:41,167 | INFO | lstm_run4 | Epoch 191 | train_loss=0.7638 | test_loss=1.5207 | test_acc=0.9774
2026-04-02 17:19:51,252 | INFO | lstm_run4 | Epoch 192 | train_loss=1.1725 | test_loss=1.5313 | test_acc=0.9778
2026-04-02 17:20:01,409 | INFO | lstm_run4 | Epoch 193 | train_loss=0.9147 | test_loss=1.5876 | test_acc=0.9771
2026-04-02 17:20:11,520 | INFO | lstm_run4 | Epoch 194 | train_loss=0.8117 | test_loss=1.5040 | test_acc=0.9780
2026-04-02 17:20:21,641 | INFO | lstm_run4 | Epoch 195 | train_loss=0.7058 | test_loss=1.5743 | test_acc=0.9757
2026-04-02 17:20:32,121 | INFO | lstm_run4 | Epoch 196 | train_loss=0.7540 | test_loss=1.5754 | test_acc=0.9769
2026-04-02 17:20:42,045 | INFO | lstm_run4 | Epoch 197 | train_loss=0.7851 | test_loss=1.7214 | test_acc=0.9732
2026-04-02 17:20:52,195 | INFO | lstm_run4 | Epoch 198 | train_loss=1.0139 | test_loss=1.6024 | test_acc=0.9743
2026-04-02 17:21:02,439 | INFO | lstm_run4 | Epoch 199 | train_loss=1.0680 | test_loss=1.5965 | test_acc=0.9743
2026-04-02 17:21:12,589 | INFO | lstm_run4 | Epoch 200 | train_loss=1.5225 | test_loss=1.8070 | test_acc=0.9698
2026-04-02 17:21:22,800 | INFO | lstm_run5 | Epoch 001 | train_loss=230.5856 | test_loss=25.7177 | test_acc=0.4397
2026-04-02 17:21:33,003 | INFO | lstm_run5 | Epoch 002 | train_loss=108.2317 | test_loss=13.3246 | test_acc=0.6639
2026-04-02 17:21:43,471 | INFO | lstm_run5 | Epoch 003 | train_loss=67.5864 | test_loss=9.1925 | test_acc=0.7612
2026-04-02 17:21:53,731 | INFO | lstm_run5 | Epoch 004 | train_loss=50.4840 | test_loss=7.2102 | test_acc=0.7992
2026-04-02 17:22:04,267 | INFO | lstm_run5 | Epoch 005 | train_loss=40.9602 | test_loss=6.1784 | test_acc=0.8328
2026-04-02 17:22:14,678 | INFO | lstm_run5 | Epoch 006 | train_loss=35.3594 | test_loss=5.3345 | test_acc=0.8530
2026-04-02 17:22:25,432 | INFO | lstm_run5 | Epoch 007 | train_loss=30.7185 | test_loss=4.8385 | test_acc=0.8588
2026-04-02 17:22:36,027 | INFO | lstm_run5 | Epoch 008 | train_loss=28.0873 | test_loss=4.5336 | test_acc=0.8816
2026-04-02 17:22:46,638 | INFO | lstm_run5 | Epoch 009 | train_loss=25.4386 | test_loss=4.7731 | test_acc=0.8888
2026-04-02 17:22:57,236 | INFO | lstm_run5 | Epoch 010 | train_loss=23.4048 | test_loss=3.7811 | test_acc=0.8848
2026-04-02 17:23:07,919 | INFO | lstm_run5 | Epoch 011 | train_loss=22.0018 | test_loss=3.6866 | test_acc=0.9083
2026-04-02 17:23:18,515 | INFO | lstm_run5 | Epoch 012 | train_loss=20.4825 | test_loss=4.1313 | test_acc=0.8990
2026-04-02 17:23:28,437 | INFO | lstm_run5 | Epoch 013 | train_loss=19.4024 | test_loss=3.2724 | test_acc=0.9237
2026-04-02 17:23:38,444 | INFO | lstm_run5 | Epoch 014 | train_loss=18.6495 | test_loss=3.4020 | test_acc=0.9211
2026-04-02 17:23:48,586 | INFO | lstm_run5 | Epoch 015 | train_loss=17.2082 | test_loss=3.0626 | test_acc=0.9262
2026-04-02 17:23:59,226 | INFO | lstm_run5 | Epoch 016 | train_loss=16.5558 | test_loss=2.9549 | test_acc=0.9322
2026-04-02 17:24:09,956 | INFO | lstm_run5 | Epoch 017 | train_loss=15.7787 | test_loss=2.9740 | test_acc=0.9312
2026-04-02 17:24:20,593 | INFO | lstm_run5 | Epoch 018 | train_loss=14.6938 | test_loss=3.0205 | test_acc=0.9361
2026-04-02 17:24:31,095 | INFO | lstm_run5 | Epoch 019 | train_loss=14.3743 | test_loss=2.7509 | test_acc=0.9261
2026-04-02 17:24:41,392 | INFO | lstm_run5 | Epoch 020 | train_loss=13.6358 | test_loss=2.5368 | test_acc=0.9352
2026-04-02 17:24:51,850 | INFO | lstm_run5 | Epoch 021 | train_loss=13.2548 | test_loss=2.6208 | test_acc=0.9340
2026-04-02 17:25:02,524 | INFO | lstm_run5 | Epoch 022 | train_loss=12.5515 | test_loss=2.5537 | test_acc=0.9353
2026-04-02 17:25:13,161 | INFO | lstm_run5 | Epoch 023 | train_loss=12.2802 | test_loss=2.3647 | test_acc=0.9453
2026-04-02 17:25:23,810 | INFO | lstm_run5 | Epoch 024 | train_loss=11.8850 | test_loss=2.4446 | test_acc=0.9366
2026-04-02 17:25:34,075 | INFO | lstm_run5 | Epoch 025 | train_loss=11.4874 | test_loss=2.2014 | test_acc=0.9479
2026-04-02 17:25:43,646 | INFO | lstm_run5 | Epoch 026 | train_loss=10.9717 | test_loss=2.2218 | test_acc=0.9487
2026-04-02 17:25:53,363 | INFO | lstm_run5 | Epoch 027 | train_loss=10.5654 | test_loss=2.1752 | test_acc=0.9467
2026-04-02 17:26:03,034 | INFO | lstm_run5 | Epoch 028 | train_loss=10.5232 | test_loss=2.2807 | test_acc=0.9390
2026-04-02 17:26:12,997 | INFO | lstm_run5 | Epoch 029 | train_loss=10.2028 | test_loss=2.0821 | test_acc=0.9504
2026-04-02 17:26:22,402 | INFO | lstm_run5 | Epoch 030 | train_loss=10.0721 | test_loss=2.2100 | test_acc=0.9507
2026-04-02 17:26:31,840 | INFO | lstm_run5 | Epoch 031 | train_loss=9.8578 | test_loss=2.2309 | test_acc=0.9469
2026-04-02 17:26:41,712 | INFO | lstm_run5 | Epoch 032 | train_loss=9.6907 | test_loss=2.0387 | test_acc=0.9485
2026-04-02 17:26:52,115 | INFO | lstm_run5 | Epoch 033 | train_loss=9.1253 | test_loss=1.9840 | test_acc=0.9481
2026-04-02 17:27:02,889 | INFO | lstm_run5 | Epoch 034 | train_loss=8.9793 | test_loss=1.9155 | test_acc=0.9574
2026-04-02 17:27:13,630 | INFO | lstm_run5 | Epoch 035 | train_loss=9.0162 | test_loss=2.5098 | test_acc=0.9395
2026-04-02 17:27:24,430 | INFO | lstm_run5 | Epoch 036 | train_loss=9.1072 | test_loss=1.9691 | test_acc=0.9500
2026-04-02 17:27:35,170 | INFO | lstm_run5 | Epoch 037 | train_loss=8.3849 | test_loss=2.0634 | test_acc=0.9483
2026-04-02 17:27:45,977 | INFO | lstm_run5 | Epoch 038 | train_loss=8.1959 | test_loss=1.8822 | test_acc=0.9546
2026-04-02 17:27:56,781 | INFO | lstm_run5 | Epoch 039 | train_loss=8.3629 | test_loss=1.9102 | test_acc=0.9538
2026-04-02 17:28:06,542 | INFO | lstm_run5 | Epoch 040 | train_loss=8.0183 | test_loss=1.7739 | test_acc=0.9538
2026-04-02 17:28:16,361 | INFO | lstm_run5 | Epoch 041 | train_loss=7.9274 | test_loss=1.8346 | test_acc=0.9582
2026-04-02 17:28:27,000 | INFO | lstm_run5 | Epoch 042 | train_loss=7.6932 | test_loss=1.8445 | test_acc=0.9541
2026-04-02 17:28:36,478 | INFO | lstm_run5 | Epoch 043 | train_loss=7.5791 | test_loss=2.1747 | test_acc=0.9458
2026-04-02 17:28:47,225 | INFO | lstm_run5 | Epoch 044 | train_loss=7.4057 | test_loss=1.7882 | test_acc=0.9524
2026-04-02 17:28:58,016 | INFO | lstm_run5 | Epoch 045 | train_loss=7.3622 | test_loss=1.7371 | test_acc=0.9603
2026-04-02 17:29:08,824 | INFO | lstm_run5 | Epoch 046 | train_loss=7.1551 | test_loss=1.7700 | test_acc=0.9578
2026-04-02 17:29:19,775 | INFO | lstm_run5 | Epoch 047 | train_loss=7.0874 | test_loss=1.7882 | test_acc=0.9608
2026-04-02 17:29:30,705 | INFO | lstm_run5 | Epoch 048 | train_loss=7.1193 | test_loss=1.7088 | test_acc=0.9566
2026-04-02 17:29:41,622 | INFO | lstm_run5 | Epoch 049 | train_loss=6.9810 | test_loss=1.8525 | test_acc=0.9518
2026-04-02 17:29:52,407 | INFO | lstm_run5 | Epoch 050 | train_loss=6.6238 | test_loss=1.6919 | test_acc=0.9588
2026-04-02 17:30:03,219 | INFO | lstm_run5 | Epoch 051 | train_loss=6.8933 | test_loss=1.7057 | test_acc=0.9580
2026-04-02 17:30:13,962 | INFO | lstm_run5 | Epoch 052 | train_loss=6.7198 | test_loss=1.6518 | test_acc=0.9594
2026-04-02 17:30:24,884 | INFO | lstm_run5 | Epoch 053 | train_loss=6.0902 | test_loss=1.7347 | test_acc=0.9616
2026-04-02 17:30:35,614 | INFO | lstm_run5 | Epoch 054 | train_loss=6.2095 | test_loss=1.9701 | test_acc=0.9488
2026-04-02 17:30:46,215 | INFO | lstm_run5 | Epoch 055 | train_loss=6.3348 | test_loss=1.6057 | test_acc=0.9621
2026-04-02 17:30:56,439 | INFO | lstm_run5 | Epoch 056 | train_loss=5.8191 | test_loss=1.7123 | test_acc=0.9599
2026-04-02 17:31:06,775 | INFO | lstm_run5 | Epoch 057 | train_loss=5.9871 | test_loss=1.7064 | test_acc=0.9593
2026-04-02 17:31:17,041 | INFO | lstm_run5 | Epoch 058 | train_loss=5.7466 | test_loss=1.6537 | test_acc=0.9640
2026-04-02 17:31:27,254 | INFO | lstm_run5 | Epoch 059 | train_loss=6.0375 | test_loss=1.5594 | test_acc=0.9662
2026-04-02 17:31:37,135 | INFO | lstm_run5 | Epoch 060 | train_loss=5.8062 | test_loss=1.5468 | test_acc=0.9596
2026-04-02 17:31:47,522 | INFO | lstm_run5 | Epoch 061 | train_loss=5.5757 | test_loss=1.6420 | test_acc=0.9592
2026-04-02 17:31:58,193 | INFO | lstm_run5 | Epoch 062 | train_loss=5.4886 | test_loss=1.5985 | test_acc=0.9664
2026-04-02 17:32:08,307 | INFO | lstm_run5 | Epoch 063 | train_loss=5.4243 | test_loss=1.5260 | test_acc=0.9668
2026-04-02 17:32:18,410 | INFO | lstm_run5 | Epoch 064 | train_loss=5.2075 | test_loss=1.5483 | test_acc=0.9643
2026-04-02 17:32:27,785 | INFO | lstm_run5 | Epoch 065 | train_loss=5.4543 | test_loss=1.6088 | test_acc=0.9657
2026-04-02 17:32:37,745 | INFO | lstm_run5 | Epoch 066 | train_loss=5.1108 | test_loss=1.5904 | test_acc=0.9628
2026-04-02 17:32:48,343 | INFO | lstm_run5 | Epoch 067 | train_loss=5.2385 | test_loss=1.6125 | test_acc=0.9585
2026-04-02 17:32:59,197 | INFO | lstm_run5 | Epoch 068 | train_loss=4.9331 | test_loss=1.4958 | test_acc=0.9642
2026-04-02 17:33:10,014 | INFO | lstm_run5 | Epoch 069 | train_loss=4.9977 | test_loss=1.5536 | test_acc=0.9651
2026-04-02 17:33:20,338 | INFO | lstm_run5 | Epoch 070 | train_loss=5.0864 | test_loss=1.5979 | test_acc=0.9664
2026-04-02 17:33:30,681 | INFO | lstm_run5 | Epoch 071 | train_loss=4.9932 | test_loss=1.5616 | test_acc=0.9647
2026-04-02 17:33:40,847 | INFO | lstm_run5 | Epoch 072 | train_loss=4.9419 | test_loss=1.7151 | test_acc=0.9592
2026-04-02 17:33:51,089 | INFO | lstm_run5 | Epoch 073 | train_loss=4.7087 | test_loss=1.6770 | test_acc=0.9591
2026-04-02 17:34:01,076 | INFO | lstm_run5 | Epoch 074 | train_loss=4.8015 | test_loss=1.5072 | test_acc=0.9690
2026-04-02 17:34:11,584 | INFO | lstm_run5 | Epoch 075 | train_loss=4.5380 | test_loss=1.6471 | test_acc=0.9599
2026-04-02 17:34:22,002 | INFO | lstm_run5 | Epoch 076 | train_loss=4.5605 | test_loss=1.6538 | test_acc=0.9634
2026-04-02 17:34:32,375 | INFO | lstm_run5 | Epoch 077 | train_loss=4.4123 | test_loss=1.5489 | test_acc=0.9621
2026-04-02 17:34:42,715 | INFO | lstm_run5 | Epoch 078 | train_loss=4.4500 | test_loss=1.7115 | test_acc=0.9527
2026-04-02 17:34:52,932 | INFO | lstm_run5 | Epoch 079 | train_loss=4.3658 | test_loss=1.5985 | test_acc=0.9644
2026-04-02 17:35:03,181 | INFO | lstm_run5 | Epoch 080 | train_loss=3.9666 | test_loss=1.5369 | test_acc=0.9629
2026-04-02 17:35:13,511 | INFO | lstm_run5 | Epoch 081 | train_loss=4.2904 | test_loss=1.5509 | test_acc=0.9686
2026-04-02 17:35:23,246 | INFO | lstm_run5 | Epoch 082 | train_loss=4.3543 | test_loss=1.5204 | test_acc=0.9707
2026-04-02 17:35:33,149 | INFO | lstm_run5 | Epoch 083 | train_loss=4.1051 | test_loss=1.5144 | test_acc=0.9648
2026-04-02 17:35:42,928 | INFO | lstm_run5 | Epoch 084 | train_loss=3.9749 | test_loss=1.5825 | test_acc=0.9627
2026-04-02 17:35:53,386 | INFO | lstm_run5 | Epoch 085 | train_loss=4.3442 | test_loss=1.4882 | test_acc=0.9663
2026-04-02 17:36:03,815 | INFO | lstm_run5 | Epoch 086 | train_loss=4.0201 | test_loss=1.4812 | test_acc=0.9710
2026-04-02 17:36:14,269 | INFO | lstm_run5 | Epoch 087 | train_loss=3.9897 | test_loss=1.6583 | test_acc=0.9623
2026-04-02 17:36:24,529 | INFO | lstm_run5 | Epoch 088 | train_loss=3.8432 | test_loss=1.5262 | test_acc=0.9660
2026-04-02 17:36:34,973 | INFO | lstm_run5 | Epoch 089 | train_loss=3.8327 | test_loss=1.5611 | test_acc=0.9629
2026-04-02 17:36:45,227 | INFO | lstm_run5 | Epoch 090 | train_loss=3.7980 | test_loss=1.6462 | test_acc=0.9634
2026-04-02 17:36:55,126 | INFO | lstm_run5 | Epoch 091 | train_loss=3.7713 | test_loss=1.5276 | test_acc=0.9646
2026-04-02 17:37:04,718 | INFO | lstm_run5 | Epoch 092 | train_loss=3.5675 | test_loss=1.5354 | test_acc=0.9651
2026-04-02 17:37:14,207 | INFO | lstm_run5 | Epoch 093 | train_loss=3.5006 | test_loss=1.4796 | test_acc=0.9693
2026-04-02 17:37:23,496 | INFO | lstm_run5 | Epoch 094 | train_loss=3.3239 | test_loss=1.5365 | test_acc=0.9694
2026-04-02 17:37:32,973 | INFO | lstm_run5 | Epoch 095 | train_loss=3.3500 | test_loss=1.6104 | test_acc=0.9664
2026-04-02 17:37:42,276 | INFO | lstm_run5 | Epoch 096 | train_loss=3.4747 | test_loss=1.5553 | test_acc=0.9676
2026-04-02 17:37:51,551 | INFO | lstm_run5 | Epoch 097 | train_loss=3.5504 | test_loss=1.5780 | test_acc=0.9701
2026-04-02 17:38:00,857 | INFO | lstm_run5 | Epoch 098 | train_loss=3.2596 | test_loss=1.7054 | test_acc=0.9568
2026-04-02 17:38:10,131 | INFO | lstm_run5 | Epoch 099 | train_loss=3.4534 | test_loss=1.6799 | test_acc=0.9582
2026-04-02 17:38:19,414 | INFO | lstm_run5 | Epoch 100 | train_loss=3.8452 | test_loss=1.6489 | test_acc=0.9602
2026-04-02 17:38:28,897 | INFO | lstm_run5 | Epoch 101 | train_loss=3.2063 | test_loss=1.5095 | test_acc=0.9629
2026-04-02 17:38:38,947 | INFO | lstm_run5 | Epoch 102 | train_loss=3.2699 | test_loss=1.5149 | test_acc=0.9725
2026-04-02 17:38:48,848 | INFO | lstm_run5 | Epoch 103 | train_loss=3.1819 | test_loss=1.5614 | test_acc=0.9714
2026-04-02 17:38:58,738 | INFO | lstm_run5 | Epoch 104 | train_loss=3.0500 | test_loss=1.5015 | test_acc=0.9701
2026-04-02 17:39:09,029 | INFO | lstm_run5 | Epoch 105 | train_loss=2.8062 | test_loss=1.7091 | test_acc=0.9636
2026-04-02 17:39:18,330 | INFO | lstm_run5 | Epoch 106 | train_loss=2.9605 | test_loss=1.6204 | test_acc=0.9693
2026-04-02 17:39:27,703 | INFO | lstm_run5 | Epoch 107 | train_loss=2.8904 | test_loss=1.6304 | test_acc=0.9681
2026-04-02 17:39:37,030 | INFO | lstm_run5 | Epoch 108 | train_loss=2.9606 | test_loss=1.7079 | test_acc=0.9571
2026-04-02 17:39:46,304 | INFO | lstm_run5 | Epoch 109 | train_loss=2.9138 | test_loss=1.7366 | test_acc=0.9613
2026-04-02 17:39:56,001 | INFO | lstm_run5 | Epoch 110 | train_loss=3.3749 | test_loss=1.5890 | test_acc=0.9680
2026-04-02 17:40:06,295 | INFO | lstm_run5 | Epoch 111 | train_loss=2.7782 | test_loss=1.6294 | test_acc=0.9670
2026-04-02 17:40:16,589 | INFO | lstm_run5 | Epoch 112 | train_loss=2.8277 | test_loss=1.7569 | test_acc=0.9608
2026-04-02 17:40:27,300 | INFO | lstm_run5 | Epoch 113 | train_loss=2.6772 | test_loss=1.6474 | test_acc=0.9699
2026-04-02 17:40:37,849 | INFO | lstm_run5 | Epoch 114 | train_loss=2.7941 | test_loss=1.6349 | test_acc=0.9591
2026-04-02 17:40:48,675 | INFO | lstm_run5 | Epoch 115 | train_loss=2.6423 | test_loss=1.5967 | test_acc=0.9605
2026-04-02 17:40:59,360 | INFO | lstm_run5 | Epoch 116 | train_loss=2.6839 | test_loss=1.5539 | test_acc=0.9649
2026-04-02 17:41:10,067 | INFO | lstm_run5 | Epoch 117 | train_loss=2.5801 | test_loss=1.5361 | test_acc=0.9689
2026-04-02 17:41:20,452 | INFO | lstm_run5 | Epoch 118 | train_loss=2.5016 | test_loss=1.5851 | test_acc=0.9714
2026-04-02 17:41:31,191 | INFO | lstm_run5 | Epoch 119 | train_loss=2.5395 | test_loss=1.5946 | test_acc=0.9680
2026-04-02 17:41:41,874 | INFO | lstm_run5 | Epoch 120 | train_loss=2.5560 | test_loss=1.5340 | test_acc=0.9672
2026-04-02 17:41:52,544 | INFO | lstm_run5 | Epoch 121 | train_loss=2.4001 | test_loss=1.5580 | test_acc=0.9731
2026-04-02 17:42:02,681 | INFO | lstm_run5 | Epoch 122 | train_loss=2.8088 | test_loss=1.5428 | test_acc=0.9690
2026-04-02 17:42:13,422 | INFO | lstm_run5 | Epoch 123 | train_loss=2.6472 | test_loss=1.7918 | test_acc=0.9742
2026-04-02 17:42:23,470 | INFO | lstm_run5 | Epoch 124 | train_loss=2.3420 | test_loss=1.6230 | test_acc=0.9690
2026-04-02 17:42:33,535 | INFO | lstm_run5 | Epoch 125 | train_loss=2.5301 | test_loss=1.5390 | test_acc=0.9718
2026-04-02 17:42:43,578 | INFO | lstm_run5 | Epoch 126 | train_loss=2.2104 | test_loss=1.6357 | test_acc=0.9689
2026-04-02 17:42:53,545 | INFO | lstm_run5 | Epoch 127 | train_loss=2.3763 | test_loss=1.6745 | test_acc=0.9649
2026-04-02 17:43:03,508 | INFO | lstm_run5 | Epoch 128 | train_loss=2.2140 | test_loss=1.6885 | test_acc=0.9637
2026-04-02 17:43:13,447 | INFO | lstm_run5 | Epoch 129 | train_loss=2.0811 | test_loss=1.5713 | test_acc=0.9717
2026-04-02 17:43:23,404 | INFO | lstm_run5 | Epoch 130 | train_loss=1.9827 | test_loss=1.7022 | test_acc=0.9696
2026-04-02 17:43:33,450 | INFO | lstm_run5 | Epoch 131 | train_loss=2.1915 | test_loss=1.5760 | test_acc=0.9716
2026-04-02 17:43:43,399 | INFO | lstm_run5 | Epoch 132 | train_loss=1.8880 | test_loss=1.7517 | test_acc=0.9695
2026-04-02 17:43:53,397 | INFO | lstm_run5 | Epoch 133 | train_loss=2.3941 | test_loss=1.7727 | test_acc=0.9660
2026-04-02 17:44:03,437 | INFO | lstm_run5 | Epoch 134 | train_loss=2.1628 | test_loss=1.6732 | test_acc=0.9711
2026-04-02 17:44:13,630 | INFO | lstm_run5 | Epoch 135 | train_loss=2.4196 | test_loss=1.5884 | test_acc=0.9743
2026-04-02 17:44:23,897 | INFO | lstm_run5 | Epoch 136 | train_loss=2.5327 | test_loss=1.5790 | test_acc=0.9701
2026-04-02 17:44:34,001 | INFO | lstm_run5 | Epoch 137 | train_loss=1.7921 | test_loss=1.5417 | test_acc=0.9664
2026-04-02 17:44:43,855 | INFO | lstm_run5 | Epoch 138 | train_loss=1.8171 | test_loss=1.6825 | test_acc=0.9697
2026-04-02 17:44:53,706 | INFO | lstm_run5 | Epoch 139 | train_loss=2.0164 | test_loss=1.6029 | test_acc=0.9698
2026-04-02 17:45:04,095 | INFO | lstm_run5 | Epoch 140 | train_loss=2.1253 | test_loss=1.6852 | test_acc=0.9701
2026-04-02 17:45:14,021 | INFO | lstm_run5 | Epoch 141 | train_loss=2.0217 | test_loss=1.6091 | test_acc=0.9722
2026-04-02 17:45:24,090 | INFO | lstm_run5 | Epoch 142 | train_loss=2.2351 | test_loss=1.5991 | test_acc=0.9729
2026-04-02 17:45:34,006 | INFO | lstm_run5 | Epoch 143 | train_loss=2.0044 | test_loss=1.6086 | test_acc=0.9702
2026-04-02 17:45:44,057 | INFO | lstm_run5 | Epoch 144 | train_loss=1.6344 | test_loss=1.5909 | test_acc=0.9713
2026-04-02 17:45:53,967 | INFO | lstm_run5 | Epoch 145 | train_loss=1.6876 | test_loss=1.6119 | test_acc=0.9710
2026-04-02 17:46:03,819 | INFO | lstm_run5 | Epoch 146 | train_loss=1.9247 | test_loss=1.7334 | test_acc=0.9657
2026-04-02 17:46:13,534 | INFO | lstm_run5 | Epoch 147 | train_loss=1.9717 | test_loss=1.6290 | test_acc=0.9737
2026-04-02 17:46:23,453 | INFO | lstm_run5 | Epoch 148 | train_loss=2.1486 | test_loss=1.6307 | test_acc=0.9696
2026-04-02 17:46:33,277 | INFO | lstm_run5 | Epoch 149 | train_loss=1.7296 | test_loss=1.6356 | test_acc=0.9684
2026-04-02 17:46:43,458 | INFO | lstm_run5 | Epoch 150 | train_loss=1.6820 | test_loss=1.6210 | test_acc=0.9720
2026-04-02 17:46:53,577 | INFO | lstm_run5 | Epoch 151 | train_loss=1.5396 | test_loss=1.7021 | test_acc=0.9706
2026-04-02 17:47:02,807 | INFO | lstm_run5 | Epoch 152 | train_loss=1.6205 | test_loss=1.7508 | test_acc=0.9661
2026-04-02 17:47:12,364 | INFO | lstm_run5 | Epoch 153 | train_loss=2.1249 | test_loss=1.7019 | test_acc=0.9737
2026-04-02 17:47:23,050 | INFO | lstm_run5 | Epoch 154 | train_loss=1.5200 | test_loss=1.7408 | test_acc=0.9676
2026-04-02 17:47:33,599 | INFO | lstm_run5 | Epoch 155 | train_loss=1.8913 | test_loss=1.6795 | test_acc=0.9694
2026-04-02 17:47:43,886 | INFO | lstm_run5 | Epoch 156 | train_loss=1.4274 | test_loss=1.7369 | test_acc=0.9708
2026-04-02 17:47:54,625 | INFO | lstm_run5 | Epoch 157 | train_loss=1.4725 | test_loss=1.6718 | test_acc=0.9686
2026-04-02 17:48:05,317 | INFO | lstm_run5 | Epoch 158 | train_loss=1.6206 | test_loss=1.6633 | test_acc=0.9699
2026-04-02 17:48:16,027 | INFO | lstm_run5 | Epoch 159 | train_loss=1.7334 | test_loss=1.6005 | test_acc=0.9727
2026-04-02 17:48:26,678 | INFO | lstm_run5 | Epoch 160 | train_loss=1.4778 | test_loss=1.6863 | test_acc=0.9710
2026-04-02 17:48:37,425 | INFO | lstm_run5 | Epoch 161 | train_loss=1.6562 | test_loss=1.7786 | test_acc=0.9689
2026-04-02 17:48:48,155 | INFO | lstm_run5 | Epoch 162 | train_loss=2.0697 | test_loss=1.6990 | test_acc=0.9687
2026-04-02 17:48:59,133 | INFO | lstm_run5 | Epoch 163 | train_loss=1.6008 | test_loss=1.7102 | test_acc=0.9701
2026-04-02 17:49:10,156 | INFO | lstm_run5 | Epoch 164 | train_loss=1.4333 | test_loss=1.6672 | test_acc=0.9753
2026-04-02 17:49:20,925 | INFO | lstm_run5 | Epoch 165 | train_loss=1.2880 | test_loss=1.7388 | test_acc=0.9732
2026-04-02 17:49:30,795 | INFO | lstm_run5 | Epoch 166 | train_loss=1.3021 | test_loss=1.6838 | test_acc=0.9728
2026-04-02 17:49:40,737 | INFO | lstm_run5 | Epoch 167 | train_loss=1.2688 | test_loss=1.6508 | test_acc=0.9742
2026-04-02 17:49:50,585 | INFO | lstm_run5 | Epoch 168 | train_loss=1.3603 | test_loss=1.7207 | test_acc=0.9716
2026-04-02 17:50:00,392 | INFO | lstm_run5 | Epoch 169 | train_loss=2.1412 | test_loss=1.6301 | test_acc=0.9745
2026-04-02 17:50:10,224 | INFO | lstm_run5 | Epoch 170 | train_loss=1.4084 | test_loss=1.7107 | test_acc=0.9720
2026-04-02 17:50:20,037 | INFO | lstm_run5 | Epoch 171 | train_loss=1.3273 | test_loss=1.6732 | test_acc=0.9728
2026-04-02 17:50:29,874 | INFO | lstm_run5 | Epoch 172 | train_loss=1.5032 | test_loss=1.7059 | test_acc=0.9750
2026-04-02 17:50:39,843 | INFO | lstm_run5 | Epoch 173 | train_loss=1.2322 | test_loss=1.7006 | test_acc=0.9738
2026-04-02 17:50:49,764 | INFO | lstm_run5 | Epoch 174 | train_loss=1.3778 | test_loss=1.7675 | test_acc=0.9749
2026-04-02 17:50:59,668 | INFO | lstm_run5 | Epoch 175 | train_loss=1.4005 | test_loss=1.6448 | test_acc=0.9754
2026-04-02 17:51:09,579 | INFO | lstm_run5 | Epoch 176 | train_loss=1.1847 | test_loss=1.7044 | test_acc=0.9745
2026-04-02 17:51:19,627 | INFO | lstm_run5 | Epoch 177 | train_loss=1.5055 | test_loss=1.8122 | test_acc=0.9718
2026-04-02 17:51:29,463 | INFO | lstm_run5 | Epoch 178 | train_loss=1.6157 | test_loss=1.8885 | test_acc=0.9678
2026-04-02 17:51:39,632 | INFO | lstm_run5 | Epoch 179 | train_loss=1.5919 | test_loss=1.6925 | test_acc=0.9714
2026-04-02 17:51:49,716 | INFO | lstm_run5 | Epoch 180 | train_loss=1.2488 | test_loss=1.7055 | test_acc=0.9756
2026-04-02 17:51:59,874 | INFO | lstm_run5 | Epoch 181 | train_loss=1.0651 | test_loss=1.6661 | test_acc=0.9752
2026-04-02 17:52:09,997 | INFO | lstm_run5 | Epoch 182 | train_loss=1.0818 | test_loss=1.7680 | test_acc=0.9747
2026-04-02 17:52:20,685 | INFO | lstm_run5 | Epoch 183 | train_loss=1.5569 | test_loss=1.7872 | test_acc=0.9716
2026-04-02 17:52:31,428 | INFO | lstm_run5 | Epoch 184 | train_loss=1.1269 | test_loss=1.7443 | test_acc=0.9730
2026-04-02 17:52:42,237 | INFO | lstm_run5 | Epoch 185 | train_loss=1.1215 | test_loss=1.7390 | test_acc=0.9699
2026-04-02 17:52:52,736 | INFO | lstm_run5 | Epoch 186 | train_loss=1.1180 | test_loss=1.7193 | test_acc=0.9710
2026-04-02 17:53:03,260 | INFO | lstm_run5 | Epoch 187 | train_loss=1.2892 | test_loss=1.7207 | test_acc=0.9728
2026-04-02 17:53:12,951 | INFO | lstm_run5 | Epoch 188 | train_loss=1.4295 | test_loss=1.8508 | test_acc=0.9755
2026-04-02 17:53:23,787 | INFO | lstm_run5 | Epoch 189 | train_loss=1.1828 | test_loss=1.9805 | test_acc=0.9708
2026-04-02 17:53:33,782 | INFO | lstm_run5 | Epoch 190 | train_loss=1.4491 | test_loss=1.6784 | test_acc=0.9718
2026-04-02 17:53:44,592 | INFO | lstm_run5 | Epoch 191 | train_loss=1.5564 | test_loss=1.8452 | test_acc=0.9656
2026-04-02 17:53:54,685 | INFO | lstm_run5 | Epoch 192 | train_loss=1.3517 | test_loss=1.7390 | test_acc=0.9720
2026-04-02 17:54:05,332 | INFO | lstm_run5 | Epoch 193 | train_loss=1.2824 | test_loss=1.6148 | test_acc=0.9718
2026-04-02 17:54:15,685 | INFO | lstm_run5 | Epoch 194 | train_loss=1.0275 | test_loss=1.6590 | test_acc=0.9723
2026-04-02 17:54:26,573 | INFO | lstm_run5 | Epoch 195 | train_loss=1.1632 | test_loss=1.8187 | test_acc=0.9700
2026-04-02 17:54:36,364 | INFO | lstm_run5 | Epoch 196 | train_loss=1.3264 | test_loss=2.0325 | test_acc=0.9678
2026-04-02 17:54:46,199 | INFO | lstm_run5 | Epoch 197 | train_loss=1.3581 | test_loss=1.6974 | test_acc=0.9758
2026-04-02 17:54:56,388 | INFO | lstm_run5 | Epoch 198 | train_loss=0.7888 | test_loss=1.7125 | test_acc=0.9732
2026-04-02 17:55:07,086 | INFO | lstm_run5 | Epoch 199 | train_loss=1.0390 | test_loss=1.6851 | test_acc=0.9733
2026-04-02 17:55:17,706 | INFO | lstm_run5 | Epoch 200 | train_loss=0.7794 | test_loss=1.7377 | test_acc=0.9751
2026-04-02 17:55:18,781 | INFO | Saved results to runs/l_mnist_pipeline_20260402_103223
2026-04-02 17:55:18,781 | INFO | Final | Stage-2 acc mean/std: 0.9157 / 0.0427 | LSTM acc mean/std: 0.9694 / 0.0042
2026-04-02 17:55:18,788 | INFO | Training pipeline complete
