target,split,group,I_A,I_B,diff,abs_diff,stratified,n_A,n_B
inhibitory_vs_excitatory,0,input_history_kernel,0.041421741247177124,0.04647453874349594,-0.005052797496318817,0.005052797496318817,True,388,388
inhibitory_vs_excitatory,0,firing_rate_history_kernel,0.057714834809303284,0.05658896639943123,0.001125868409872055,0.001125868409872055,True,388,388
inhibitory_vs_excitatory,0,activation,0.06896913051605225,0.05849732086062431,0.010471809655427933,0.010471809655427933,True,388,388
inhibitory_vs_excitatory,1,input_history_kernel,0.06623367965221405,0.03575444221496582,0.03047923743724823,0.03047923743724823,True,388,388
inhibitory_vs_excitatory,1,firing_rate_history_kernel,0.03584367781877518,0.0607631616294384,-0.024919483810663223,0.024919483810663223,True,388,388
inhibitory_vs_excitatory,1,activation,0.061127062886953354,0.07595308125019073,-0.014826018363237381,0.014826018363237381,True,388,388
inhibitory_vs_excitatory,2,input_history_kernel,0.04451240599155426,0.03595629706978798,0.008556108921766281,0.008556108921766281,True,388,388
inhibitory_vs_excitatory,2,firing_rate_history_kernel,0.05348215997219086,0.06250908970832825,-0.00902692973613739,0.00902692973613739,True,388,388
inhibitory_vs_excitatory,2,activation,0.07201448827981949,0.07075896859169006,0.001255519688129425,0.001255519688129425,True,388,388
inhibitory_vs_excitatory,3,input_history_kernel,0.03609050437808037,0.03806505724787712,-0.001974552869796753,0.001974552869796753,True,388,388
inhibitory_vs_excitatory,3,firing_rate_history_kernel,0.055631548166275024,0.06299453228712082,-0.007362984120845795,0.007362984120845795,True,388,388
inhibitory_vs_excitatory,3,activation,0.08874119073152542,0.06384109705686569,0.02490009367465973,0.02490009367465973,True,388,388
inhibitory_vs_excitatory,4,input_history_kernel,0.04593490809202194,0.05359230935573578,-0.007657401263713837,0.007657401263713837,True,388,388
inhibitory_vs_excitatory,4,firing_rate_history_kernel,0.0580163449048996,0.045744653791189194,0.012271691113710403,0.012271691113710403,True,388,388
inhibitory_vs_excitatory,4,activation,0.056129973381757736,0.06843474507331848,-0.012304771691560745,0.012304771691560745,True,388,388
inhibitory_vs_excitatory,5,input_history_kernel,0.048828572034835815,0.032896094024181366,0.01593247801065445,0.01593247801065445,True,388,388
inhibitory_vs_excitatory,5,firing_rate_history_kernel,0.050684746354818344,0.06135266274213791,-0.010667916387319565,0.010667916387319565,True,388,388
inhibitory_vs_excitatory,5,activation,0.06796450912952423,0.08200331032276154,-0.014038801193237305,0.014038801193237305,True,388,388
inhibitory_vs_excitatory,6,input_history_kernel,0.041299425065517426,0.041144490242004395,0.000154934823513031,0.000154934823513031,True,388,388
inhibitory_vs_excitatory,6,firing_rate_history_kernel,0.05694399029016495,0.06151903048157692,-0.004575040191411972,0.004575040191411972,True,388,388
inhibitory_vs_excitatory,6,activation,0.07135087996721268,0.059563979506492615,0.011786900460720062,0.011786900460720062,True,388,388
inhibitory_vs_excitatory,7,input_history_kernel,0.05381177365779877,0.05319203436374664,0.000619739294052124,0.000619739294052124,True,388,388
inhibitory_vs_excitatory,7,firing_rate_history_kernel,0.04031427204608917,0.051105473190546036,-0.010791201144456863,0.010791201144456863,True,388,388
inhibitory_vs_excitatory,7,activation,0.08233054727315903,0.05520664155483246,0.02712390571832657,0.02712390571832657,True,388,388
inhibitory_vs_excitatory,8,input_history_kernel,0.045317329466342926,0.04185839369893074,0.0034589357674121857,0.0034589357674121857,True,388,388
inhibitory_vs_excitatory,8,firing_rate_history_kernel,0.047732241451740265,0.04614078998565674,0.0015914514660835266,0.0015914514660835266,True,388,388
inhibitory_vs_excitatory,8,activation,0.08520116657018661,0.09866887331008911,-0.013467706739902496,0.013467706739902496,True,388,388
inhibitory_vs_excitatory,9,input_history_kernel,0.05057308077812195,0.05274335294961929,-0.002170272171497345,0.002170272171497345,True,388,388
inhibitory_vs_excitatory,9,firing_rate_history_kernel,0.048864539712667465,0.04712417721748352,0.0017403624951839447,0.0017403624951839447,True,388,388
inhibitory_vs_excitatory,9,activation,0.0681663453578949,0.06701991707086563,0.0011464282870292664,0.0011464282870292664,True,388,388
inhibitory_vs_excitatory,10,input_history_kernel,0.03137928247451782,0.04090109467506409,-0.009521812200546265,0.009521812200546265,True,388,388
inhibitory_vs_excitatory,10,firing_rate_history_kernel,0.06501170992851257,0.05458136275410652,0.010430347174406052,0.010430347174406052,True,388,388
inhibitory_vs_excitatory,10,activation,0.07629069685935974,0.07871345430612564,-0.0024227574467658997,0.0024227574467658997,True,388,388
inhibitory_vs_excitatory,11,input_history_kernel,0.051574673503637314,0.04452326148748398,0.007051412016153336,0.007051412016153336,True,388,388
inhibitory_vs_excitatory,11,firing_rate_history_kernel,0.04283653944730759,0.056397926062345505,-0.013561386615037918,0.013561386615037918,True,388,388
inhibitory_vs_excitatory,11,activation,0.0815700963139534,0.06421014666557312,0.01735994964838028,0.01735994964838028,True,388,388
inhibitory_vs_excitatory,12,input_history_kernel,0.039237141609191895,0.04045422375202179,-0.001217082142829895,0.001217082142829895,True,388,388
inhibitory_vs_excitatory,12,firing_rate_history_kernel,0.058775290846824646,0.06197615712881088,-0.0032008662819862366,0.0032008662819862366,True,388,388
inhibitory_vs_excitatory,12,activation,0.07196685671806335,0.060185641050338745,0.01178121566772461,0.01178121566772461,True,388,388
inhibitory_vs_excitatory,13,input_history_kernel,0.05166009068489075,0.04621807858347893,0.0054420121014118195,0.0054420121014118195,True,388,388
inhibitory_vs_excitatory,13,firing_rate_history_kernel,0.04657673090696335,0.053086571395397186,-0.006509840488433838,0.006509840488433838,True,388,388
inhibitory_vs_excitatory,13,activation,0.07136846333742142,0.0685209184885025,0.002847544848918915,0.002847544848918915,True,388,388
inhibitory_vs_excitatory,14,input_history_kernel,0.0339517816901207,0.04252270609140396,-0.008570924401283264,0.008570924401283264,True,388,388
inhibitory_vs_excitatory,14,firing_rate_history_kernel,0.0644230768084526,0.05115317180752754,0.013269905000925064,0.013269905000925064,True,388,388
inhibitory_vs_excitatory,14,activation,0.07100037485361099,0.08353099972009659,-0.012530624866485596,0.012530624866485596,True,388,388
inhibitory_vs_excitatory,15,input_history_kernel,0.0512026846408844,0.05394268035888672,-0.0027399957180023193,0.0027399957180023193,True,388,388
inhibitory_vs_excitatory,15,firing_rate_history_kernel,0.0543590746819973,0.03327731043100357,0.02108176425099373,0.02108176425099373,True,388,388
inhibitory_vs_excitatory,15,activation,0.051835328340530396,0.10074669122695923,-0.04891136288642883,0.04891136288642883,True,388,388
inhibitory_vs_excitatory,16,input_history_kernel,0.045793723315000534,0.05334392189979553,-0.007550198584794998,0.007550198584794998,True,388,388
inhibitory_vs_excitatory,16,firing_rate_history_kernel,0.04799380898475647,0.04841811954975128,-0.000424310564994812,0.000424310564994812,True,388,388
inhibitory_vs_excitatory,16,activation,0.08323321491479874,0.06196792051196098,0.021265294402837753,0.021265294402837753,True,388,388
inhibitory_vs_excitatory,17,input_history_kernel,0.04791983589529991,0.04801465570926666,-9.48198139667511e-05,9.48198139667511e-05,True,388,388
inhibitory_vs_excitatory,17,firing_rate_history_kernel,0.04728402569890022,0.04998523369431496,-0.002701207995414734,0.002701207995414734,True,388,388
inhibitory_vs_excitatory,17,activation,0.07945636659860611,0.07200027257204056,0.007456094026565552,0.007456094026565552,True,388,388
inhibitory_vs_excitatory,18,input_history_kernel,0.054318927228450775,0.04193577915430069,0.012383148074150085,0.012383148074150085,True,388,388
inhibitory_vs_excitatory,18,firing_rate_history_kernel,0.047248080372810364,0.05424870550632477,-0.007000625133514404,0.007000625133514404,True,388,388
inhibitory_vs_excitatory,18,activation,0.062488000839948654,0.07684135437011719,-0.014353353530168533,0.014353353530168533,True,388,388
inhibitory_vs_excitatory,19,input_history_kernel,0.03374313563108444,0.05331561714410782,-0.019572481513023376,0.019572481513023376,True,388,388
inhibitory_vs_excitatory,19,firing_rate_history_kernel,0.06559619307518005,0.04351676255464554,0.022079430520534515,0.022079430520534515,True,388,388
inhibitory_vs_excitatory,19,activation,0.06842846423387527,0.07511361688375473,-0.006685152649879456,0.006685152649879456,True,388,388
inhibitory_vs_excitatory,20,input_history_kernel,0.048947326838970184,0.05336857587099075,-0.004421249032020569,0.004421249032020569,True,388,388
inhibitory_vs_excitatory,20,firing_rate_history_kernel,0.04835260659456253,0.0532589852809906,-0.00490637868642807,0.00490637868642807,True,388,388
inhibitory_vs_excitatory,20,activation,0.0738668441772461,0.048993200063705444,0.02487364411354065,0.02487364411354065,True,388,388
inhibitory_vs_excitatory,21,input_history_kernel,0.042162809520959854,0.041928790509700775,0.00023401901125907898,0.00023401901125907898,True,388,388
inhibitory_vs_excitatory,21,firing_rate_history_kernel,0.0573478564620018,0.06329869478940964,-0.005950838327407837,0.005950838327407837,True,388,388
inhibitory_vs_excitatory,21,activation,0.06797157973051071,0.05272671580314636,0.01524486392736435,0.01524486392736435,True,388,388
inhibitory_vs_excitatory,22,input_history_kernel,0.04627222567796707,0.04662343114614487,-0.0003512054681777954,0.0003512054681777954,True,388,388
inhibitory_vs_excitatory,22,firing_rate_history_kernel,0.0545630156993866,0.05347215384244919,0.0010908618569374084,0.0010908618569374084,True,388,388
inhibitory_vs_excitatory,22,activation,0.06443938612937927,0.06641178578138351,-0.001972399652004242,0.001972399652004242,True,388,388
inhibitory_vs_excitatory,23,input_history_kernel,0.05090833455324173,0.0397101566195488,0.011198177933692932,0.011198177933692932,True,388,388
inhibitory_vs_excitatory,23,firing_rate_history_kernel,0.0523989275097847,0.0483860969543457,0.004012830555438995,0.004012830555438995,True,388,388
inhibitory_vs_excitatory,23,activation,0.0578472726047039,0.09841000288724899,-0.04056273028254509,0.04056273028254509,True,388,388
inhibitory_vs_excitatory,24,input_history_kernel,0.04484322667121887,0.03958719223737717,0.005256034433841705,0.005256034433841705,True,388,388
inhibitory_vs_excitatory,24,firing_rate_history_kernel,0.06164877116680145,0.05531855300068855,0.0063302181661129,0.0063302181661129,True,388,388
inhibitory_vs_excitatory,24,activation,0.04935465380549431,0.08025134354829788,-0.030896689742803574,0.030896689742803574,True,388,388
inhibitory_vs_excitatory,25,input_history_kernel,0.0320405438542366,0.05909498780965805,-0.027054443955421448,0.027054443955421448,True,388,388
inhibitory_vs_excitatory,25,firing_rate_history_kernel,0.06134581193327904,0.04244904965162277,0.018896762281656265,0.018896762281656265,True,388,388
inhibitory_vs_excitatory,25,activation,0.08430302888154984,0.06254921108484268,0.021753817796707153,0.021753817796707153,True,388,388
inhibitory_vs_excitatory,26,input_history_kernel,0.039181094616651535,0.0406184047460556,-0.001437310129404068,0.001437310129404068,True,388,388
inhibitory_vs_excitatory,26,firing_rate_history_kernel,0.048880644142627716,0.06302332878112793,-0.014142684638500214,0.014142684638500214,True,388,388
inhibitory_vs_excitatory,26,activation,0.09850200265645981,0.05695539712905884,0.04154660552740097,0.04154660552740097,True,388,388
inhibitory_vs_excitatory,27,input_history_kernel,0.05391128733754158,0.04457945376634598,0.009331833571195602,0.009331833571195602,True,388,388
inhibitory_vs_excitatory,27,firing_rate_history_kernel,0.04661834239959717,0.05904874950647354,-0.012430407106876373,0.012430407106876373,True,388,388
inhibitory_vs_excitatory,27,activation,0.0652543306350708,0.05699147656559944,0.00826285406947136,0.00826285406947136,True,388,388
inhibitory_vs_excitatory,28,input_history_kernel,0.04342268779873848,0.05588044226169586,-0.012457754462957382,0.012457754462957382,True,388,388
inhibitory_vs_excitatory,28,firing_rate_history_kernel,0.05246342718601227,0.037700530141592026,0.014762897044420242,0.014762897044420242,True,388,388
inhibitory_vs_excitatory,28,activation,0.07763702422380447,0.08378410339355469,-0.006147079169750214,0.006147079169750214,True,388,388
inhibitory_vs_excitatory,29,input_history_kernel,0.034054528921842575,0.046108536422252655,-0.01205400750041008,0.01205400750041008,True,388,388
inhibitory_vs_excitatory,29,firing_rate_history_kernel,0.05577660724520683,0.05909441411495209,-0.0033178068697452545,0.0033178068697452545,True,388,388
inhibitory_vs_excitatory,29,activation,0.09378359466791153,0.052792150527238846,0.040991444140672684,0.040991444140672684,True,388,388
inhibitory_vs_excitatory,30,input_history_kernel,0.053300876170396805,0.043322574347257614,0.00997830182313919,0.00997830182313919,True,388,388
inhibitory_vs_excitatory,30,firing_rate_history_kernel,0.044270455837249756,0.05417732149362564,-0.009906865656375885,0.009906865656375885,True,388,388
inhibitory_vs_excitatory,30,activation,0.07314308732748032,0.07333362102508545,-0.00019053369760513306,0.00019053369760513306,True,388,388
inhibitory_vs_excitatory,31,input_history_kernel,0.04360726475715637,0.031108275055885315,0.012498989701271057,0.012498989701271057,True,388,388
inhibitory_vs_excitatory,31,firing_rate_history_kernel,0.04593348875641823,0.06686855852603912,-0.020935069769620895,0.020935069769620895,True,388,388
inhibitory_vs_excitatory,31,activation,0.0945580005645752,0.07206178456544876,0.022496215999126434,0.022496215999126434,True,388,388
inhibitory_vs_excitatory,32,input_history_kernel,0.040570810437202454,0.04493929445743561,-0.004368484020233154,0.004368484020233154,True,388,388
inhibitory_vs_excitatory,32,firing_rate_history_kernel,0.04826711490750313,0.05075312405824661,-0.0024860091507434845,0.0024860091507434845,True,388,388
inhibitory_vs_excitatory,32,activation,0.09643220901489258,0.07815352827310562,0.018278680741786957,0.018278680741786957,True,388,388
inhibitory_vs_excitatory,33,input_history_kernel,0.0477282889187336,0.05537024885416031,-0.007641959935426712,0.007641959935426712,True,388,388
inhibitory_vs_excitatory,33,firing_rate_history_kernel,0.04764910042285919,0.042122356593608856,0.005526743829250336,0.005526743829250336,True,388,388
inhibitory_vs_excitatory,33,activation,0.07899359613656998,0.07335302978754044,0.005640566349029541,0.005640566349029541,True,388,388
inhibitory_vs_excitatory,34,input_history_kernel,0.04496938735246658,0.05237650126218796,-0.0074071139097213745,0.0074071139097213745,True,388,388
inhibitory_vs_excitatory,34,firing_rate_history_kernel,0.05991164222359657,0.03651043027639389,0.023401211947202682,0.023401211947202682,True,388,388
inhibitory_vs_excitatory,34,activation,0.053650617599487305,0.09630152583122253,-0.04265090823173523,0.04265090823173523,True,388,388
inhibitory_vs_excitatory,35,input_history_kernel,0.02739058807492256,0.03614730015397072,-0.008756712079048157,0.008756712079048157,True,388,388
inhibitory_vs_excitatory,35,firing_rate_history_kernel,0.07535393536090851,0.05121932178735733,0.024134613573551178,0.024134613573551178,True,388,388
inhibitory_vs_excitatory,35,activation,0.059347908943891525,0.10035567730665207,-0.041007768362760544,0.041007768362760544,True,388,388
inhibitory_vs_excitatory,36,input_history_kernel,0.04440506175160408,0.05887874588370323,-0.014473684132099152,0.014473684132099152,True,388,388
inhibitory_vs_excitatory,36,firing_rate_history_kernel,0.050231024622917175,0.04646845906972885,0.003762565553188324,0.003762565553188324,True,388,388
inhibitory_vs_excitatory,36,activation,0.08097047358751297,0.05240747705101967,0.0285629965364933,0.0285629965364933,True,388,388
inhibitory_vs_excitatory,37,input_history_kernel,0.03757341206073761,0.06313888728618622,-0.02556547522544861,0.02556547522544861,True,388,388
inhibitory_vs_excitatory,37,firing_rate_history_kernel,0.05004299432039261,0.03871258720755577,0.011330407112836838,0.011330407112836838,True,388,388
inhibitory_vs_excitatory,37,activation,0.09968958050012589,0.06172940135002136,0.03796017915010452,0.03796017915010452,True,388,388
inhibitory_vs_excitatory,38,input_history_kernel,0.041510917246341705,0.05182613432407379,-0.010315217077732086,0.010315217077732086,True,388,388
inhibitory_vs_excitatory,38,firing_rate_history_kernel,0.0561261847615242,0.05008428543806076,0.00604189932346344,0.00604189932346344,True,388,388
inhibitory_vs_excitatory,38,activation,0.07296773046255112,0.06157222017645836,0.011395510286092758,0.011395510286092758,True,388,388
inhibitory_vs_excitatory,39,input_history_kernel,0.039944395422935486,0.03830631449818611,0.0016380809247493744,0.0016380809247493744,True,388,388
inhibitory_vs_excitatory,39,firing_rate_history_kernel,0.05067974328994751,0.0643714964389801,-0.013691753149032593,0.013691753149032593,True,388,388
inhibitory_vs_excitatory,39,activation,0.091669000685215,0.059525858610868454,0.03214314207434654,0.03214314207434654,True,388,388
inhibitory_vs_excitatory,40,input_history_kernel,0.04180365055799484,0.04963887482881546,-0.007835224270820618,0.007835224270820618,True,388,388
inhibitory_vs_excitatory,40,firing_rate_history_kernel,0.05331570655107498,0.04343177750706673,0.009883929044008255,0.009883929044008255,True,388,388
inhibitory_vs_excitatory,40,activation,0.07968173176050186,0.08514494448900223,-0.005463212728500366,0.005463212728500366,True,388,388
inhibitory_vs_excitatory,41,input_history_kernel,0.03295862302184105,0.06300559639930725,-0.030046973377466202,0.030046973377466202,True,388,388
inhibitory_vs_excitatory,41,firing_rate_history_kernel,0.060357172042131424,0.034543752670288086,0.025813419371843338,0.025813419371843338,True,388,388
inhibitory_vs_excitatory,41,activation,0.08449121564626694,0.0732017531991005,0.011289462447166443,0.011289462447166443,True,388,388
inhibitory_vs_excitatory,42,input_history_kernel,0.04472306743264198,0.03760327771306038,0.007119789719581604,0.007119789719581604,True,388,388
inhibitory_vs_excitatory,42,firing_rate_history_kernel,0.050196174532175064,0.0600646547973156,-0.009868480265140533,0.009868480265140533,True,388,388
inhibitory_vs_excitatory,42,activation,0.08021533489227295,0.07288548350334167,0.007329851388931274,0.007329851388931274,True,388,388
inhibitory_vs_excitatory,43,input_history_kernel,0.05352899804711342,0.037052057683467865,0.016476940363645554,0.016476940363645554,True,388,388
inhibitory_vs_excitatory,43,firing_rate_history_kernel,0.048168763518333435,0.05191558599472046,-0.003746822476387024,0.003746822476387024,True,388,388
inhibitory_vs_excitatory,43,activation,0.06213931366801262,0.09608626365661621,-0.03394694998860359,0.03394694998860359,True,388,388
inhibitory_vs_excitatory,44,input_history_kernel,0.05654507875442505,0.04734573885798454,0.009199339896440506,0.009199339896440506,True,388,388
inhibitory_vs_excitatory,44,firing_rate_history_kernel,0.03886255621910095,0.05634628236293793,-0.017483726143836975,0.017483726143836975,True,388,388
inhibitory_vs_excitatory,44,activation,0.07891298085451126,0.05682125315070152,0.022091727703809738,0.022091727703809738,True,388,388
inhibitory_vs_excitatory,45,input_history_kernel,0.048734791576862335,0.04670415073633194,0.0020306408405303955,0.0020306408405303955,True,388,388
inhibitory_vs_excitatory,45,firing_rate_history_kernel,0.04565274715423584,0.051672156900167465,-0.006019409745931625,0.006019409745931625,True,388,388
inhibitory_vs_excitatory,45,activation,0.08163325488567352,0.07099650055170059,0.010636754333972931,0.010636754333972931,True,388,388
inhibitory_vs_excitatory,46,input_history_kernel,0.031191959977149963,0.04800108075141907,-0.016809120774269104,0.016809120774269104,True,388,388
inhibitory_vs_excitatory,46,firing_rate_history_kernel,0.06537061929702759,0.041766457259655,0.02360416203737259,0.02360416203737259,True,388,388
inhibitory_vs_excitatory,46,activation,0.07583312690258026,0.09395324438810349,-0.018120117485523224,0.018120117485523224,True,388,388
inhibitory_vs_excitatory,47,input_history_kernel,0.04770847409963608,0.03996924310922623,0.007739230990409851,0.007739230990409851,True,388,388
inhibitory_vs_excitatory,47,firing_rate_history_kernel,0.048421453684568405,0.053796976804733276,-0.005375523120164871,0.005375523120164871,True,388,388
inhibitory_vs_excitatory,47,activation,0.0769868865609169,0.08329009264707565,-0.0063032060861587524,0.0063032060861587524,True,388,388
inhibitory_vs_excitatory,48,input_history_kernel,0.04610709473490715,0.05847780406475067,-0.012370709329843521,0.012370709329843521,True,388,388
inhibitory_vs_excitatory,48,firing_rate_history_kernel,0.048621766269207,0.03367038071155548,0.01495138555765152,0.01495138555765152,True,388,388
inhibitory_vs_excitatory,48,activation,0.08072303235530853,0.08760484308004379,-0.00688181072473526,0.00688181072473526,True,388,388
inhibitory_vs_excitatory,49,input_history_kernel,0.039908695966005325,0.0533035583794117,-0.013394862413406372,0.013394862413406372,True,388,388
inhibitory_vs_excitatory,49,firing_rate_history_kernel,0.056401025503873825,0.04635242372751236,0.010048601776361465,0.010048601776361465,True,388,388
inhibitory_vs_excitatory,49,activation,0.07650741189718246,0.06758406013250351,0.008923351764678955,0.008923351764678955,True,388,388
inhibitory_vs_excitatory,50,input_history_kernel,0.05098515748977661,0.05402117222547531,-0.0030360147356987,0.0030360147356987,True,388,388
inhibitory_vs_excitatory,50,firing_rate_history_kernel,0.0485113188624382,0.04398046433925629,0.004530854523181915,0.004530854523181915,True,388,388
inhibitory_vs_excitatory,50,activation,0.0680094063282013,0.07199566066265106,-0.003986254334449768,0.003986254334449768,True,388,388
inhibitory_vs_excitatory,51,input_history_kernel,0.03858040273189545,0.0464482419192791,-0.007867839187383652,0.007867839187383652,True,388,388
inhibitory_vs_excitatory,51,firing_rate_history_kernel,0.06100485473871231,0.04718589782714844,0.013818956911563873,0.013818956911563873,True,388,388
inhibitory_vs_excitatory,51,activation,0.06777264922857285,0.08364229649305344,-0.01586964726448059,0.01586964726448059,True,388,388
inhibitory_vs_excitatory,52,input_history_kernel,0.054996561259031296,0.04095715656876564,0.014039404690265656,0.014039404690265656,True,388,388
inhibitory_vs_excitatory,52,firing_rate_history_kernel,0.047857776284217834,0.05346117913722992,-0.005603402853012085,0.005603402853012085,True,388,388
inhibitory_vs_excitatory,52,activation,0.05905510112643242,0.08155113458633423,-0.02249603345990181,0.02249603345990181,True,388,388
inhibitory_vs_excitatory,53,input_history_kernel,0.042809080332517624,0.027670565992593765,0.015138514339923859,0.015138514339923859,True,388,388
inhibitory_vs_excitatory,53,firing_rate_history_kernel,0.04728858172893524,0.07399477809667587,-0.02670619636774063,0.02670619636774063,True,388,388
inhibitory_vs_excitatory,53,activation,0.09307291358709335,0.062225744128227234,0.03084716945886612,0.03084716945886612,True,388,388
inhibitory_vs_excitatory,54,input_history_kernel,0.03725618124008179,0.04040458798408508,-0.003148406744003296,0.003148406744003296,True,388,388
inhibitory_vs_excitatory,54,firing_rate_history_kernel,0.05632912367582321,0.05850668251514435,-0.0021775588393211365,0.0021775588393211365,True,388,388
inhibitory_vs_excitatory,54,activation,0.08377251774072647,0.06956993043422699,0.014202587306499481,0.014202587306499481,True,388,388
inhibitory_vs_excitatory,55,input_history_kernel,0.043296221643686295,0.04313502460718155,0.00016119703650474548,0.00016119703650474548,True,388,388
inhibitory_vs_excitatory,55,firing_rate_history_kernel,0.05122607946395874,0.051295433193445206,-6.935372948646545e-05,6.935372948646545e-05,True,388,388
inhibitory_vs_excitatory,55,activation,0.08127385377883911,0.08151879906654358,-0.0002449452877044678,0.0002449452877044678,True,388,388
inhibitory_vs_excitatory,56,input_history_kernel,0.04590611159801483,0.04065404832363129,0.005252063274383545,0.005252063274383545,True,388,388
inhibitory_vs_excitatory,56,firing_rate_history_kernel,0.04026564210653305,0.06278635561466217,-0.02252071350812912,0.02252071350812912,True,388,388
inhibitory_vs_excitatory,56,activation,0.10354199260473251,0.05749225616455078,0.04604973644018173,0.04604973644018173,True,388,388
inhibitory_vs_excitatory,57,input_history_kernel,0.03374459594488144,0.048235222697257996,-0.014490626752376556,0.014490626752376556,True,388,388
inhibitory_vs_excitatory,57,firing_rate_history_kernel,0.06012702360749245,0.06121422350406647,-0.0010871998965740204,0.0010871998965740204,True,388,388
inhibitory_vs_excitatory,57,activation,0.08300899714231491,0.04146813973784447,0.041540857404470444,0.041540857404470444,True,388,388
inhibitory_vs_excitatory,58,input_history_kernel,0.043168339878320694,0.044291529804468155,-0.001123189926147461,0.001123189926147461,True,388,388
inhibitory_vs_excitatory,58,firing_rate_history_kernel,0.05531536787748337,0.05805114656686783,-0.0027357786893844604,0.0027357786893844604,True,388,388
inhibitory_vs_excitatory,58,activation,0.07071012258529663,0.06041952967643738,0.010290592908859253,0.010290592908859253,True,388,388
inhibitory_vs_excitatory,59,input_history_kernel,0.040191441774368286,0.03823555260896683,0.0019558891654014587,0.0019558891654014587,True,388,388
inhibitory_vs_excitatory,59,firing_rate_history_kernel,0.06096458435058594,0.05659974366426468,0.0043648406863212585,0.0043648406863212585,True,388,388
inhibitory_vs_excitatory,59,activation,0.06358390301465988,0.08043918758630753,-0.016855284571647644,0.016855284571647644,True,388,388
inhibitory_vs_excitatory,60,input_history_kernel,0.05043473839759827,0.04517390578985214,0.005260832607746124,0.005260832607746124,True,388,388
inhibitory_vs_excitatory,60,firing_rate_history_kernel,0.0578434057533741,0.042955804616212845,0.014887601137161255,0.014887601137161255,True,388,388
inhibitory_vs_excitatory,60,activation,0.044591620564460754,0.09832080453634262,-0.053729183971881866,0.053729183971881866,True,388,388
inhibitory_vs_excitatory,61,input_history_kernel,0.03457433730363846,0.05259893834590912,-0.01802460104227066,0.01802460104227066,True,388,388
inhibitory_vs_excitatory,61,firing_rate_history_kernel,0.06659193336963654,0.04273490980267525,0.02385702356696129,0.02385702356696129,True,388,388
inhibitory_vs_excitatory,61,activation,0.06355661153793335,0.07910975068807602,-0.01555313915014267,0.01555313915014267,True,388,388
inhibitory_vs_excitatory,62,input_history_kernel,0.052207913249731064,0.034932561218738556,0.017275352030992508,0.017275352030992508,True,388,388
inhibitory_vs_excitatory,62,firing_rate_history_kernel,0.0444231852889061,0.061991963535547256,-0.01756877824664116,0.01756877824664116,True,388,388
inhibitory_vs_excitatory,62,activation,0.0756504014134407,0.07486793398857117,0.0007824674248695374,0.0007824674248695374,True,388,388
inhibitory_vs_excitatory,63,input_history_kernel,0.041970156133174896,0.04531142860651016,-0.003341272473335266,0.003341272473335266,True,388,388
inhibitory_vs_excitatory,63,firing_rate_history_kernel,0.056616365909576416,0.04836723953485489,0.008249126374721527,0.008249126374721527,True,388,388
inhibitory_vs_excitatory,63,activation,0.07043594121932983,0.08352351188659668,-0.013087570667266846,0.013087570667266846,True,388,388
inhibitory_vs_excitatory,64,input_history_kernel,0.032689206302165985,0.030621124431490898,0.002068081870675087,0.002068081870675087,True,388,388
inhibitory_vs_excitatory,64,firing_rate_history_kernel,0.06637437641620636,0.06366760283708572,0.002706773579120636,0.002706773579120636,True,388,388
inhibitory_vs_excitatory,64,activation,0.06916382163763046,0.08189672976732254,-0.012732908129692078,0.012732908129692078,True,388,388
inhibitory_vs_excitatory,65,input_history_kernel,0.02796461433172226,0.05629682168364525,-0.02833220735192299,0.02833220735192299,True,388,388
inhibitory_vs_excitatory,65,firing_rate_history_kernel,0.06944353133440018,0.04178357869386673,0.027659952640533447,0.027659952640533447,True,388,388
inhibitory_vs_excitatory,65,activation,0.07357826828956604,0.071785569190979,0.0017926990985870361,0.0017926990985870361,True,388,388
inhibitory_vs_excitatory,66,input_history_kernel,0.046243783086538315,0.02817104384303093,0.018072739243507385,0.018072739243507385,True,388,388
inhibitory_vs_excitatory,66,firing_rate_history_kernel,0.04642700031399727,0.06739751994609833,-0.02097051963210106,0.02097051963210106,True,388,388
inhibitory_vs_excitatory,66,activation,0.08621127158403397,0.07848381251096725,0.007727459073066711,0.007727459073066711,True,388,388
inhibitory_vs_excitatory,67,input_history_kernel,0.03708840534090996,0.04427593946456909,-0.007187534123659134,0.007187534123659134,True,388,388
inhibitory_vs_excitatory,67,firing_rate_history_kernel,0.06190402805805206,0.052906766533851624,0.00899726152420044,0.00899726152420044,True,388,388
inhibitory_vs_excitatory,67,activation,0.06935348361730576,0.07417946308851242,-0.004825979471206665,0.004825979471206665,True,388,388
inhibitory_vs_excitatory,68,input_history_kernel,0.05678237974643707,0.04053524136543274,0.016247138381004333,0.016247138381004333,True,388,388
inhibitory_vs_excitatory,68,firing_rate_history_kernel,0.043518438935279846,0.045636244118213654,-0.0021178051829338074,0.0021178051829338074,True,388,388
inhibitory_vs_excitatory,68,activation,0.06586448103189468,0.10354270786046982,-0.037678226828575134,0.037678226828575134,True,388,388
inhibitory_vs_excitatory,69,input_history_kernel,0.03263671696186066,0.05670423060655594,-0.024067513644695282,0.024067513644695282,True,388,388
inhibitory_vs_excitatory,69,firing_rate_history_kernel,0.06251706182956696,0.04320795461535454,0.019309107214212418,0.019309107214212418,True,388,388
inhibitory_vs_excitatory,69,activation,0.07958992570638657,0.0669008195400238,0.012689106166362762,0.012689106166362762,True,388,388
inhibitory_vs_excitatory,70,input_history_kernel,0.043113891035318375,0.05488686263561249,-0.011772971600294113,0.011772971600294113,True,388,388
inhibitory_vs_excitatory,70,firing_rate_history_kernel,0.043270014226436615,0.048222556710243225,-0.00495254248380661,0.00495254248380661,True,388,388
inhibitory_vs_excitatory,70,activation,0.10297626256942749,0.05837489292025566,0.04460136964917183,0.04460136964917183,True,388,388
inhibitory_vs_excitatory,71,input_history_kernel,0.04686650633811951,0.045319002121686935,0.0015475042164325714,0.0015475042164325714,True,388,388
inhibitory_vs_excitatory,71,firing_rate_history_kernel,0.04876311868429184,0.05109553411602974,-0.0023324154317378998,0.0023324154317378998,True,388,388
inhibitory_vs_excitatory,71,activation,0.07832099497318268,0.07622789591550827,0.002093099057674408,0.002093099057674408,True,388,388
inhibitory_vs_excitatory,72,input_history_kernel,0.04709446057677269,0.049860164523124695,-0.002765703946352005,0.002765703946352005,True,388,388
inhibitory_vs_excitatory,72,firing_rate_history_kernel,0.04569101333618164,0.0518081858754158,-0.006117172539234161,0.006117172539234161,True,388,388
inhibitory_vs_excitatory,72,activation,0.08590539544820786,0.06221776083111763,0.023687634617090225,0.023687634617090225,True,388,388
inhibitory_vs_excitatory,73,input_history_kernel,0.04472535103559494,0.039125993847846985,0.005599357187747955,0.005599357187747955,True,388,388
inhibitory_vs_excitatory,73,firing_rate_history_kernel,0.05320939049124718,0.05212259292602539,0.0010867975652217865,0.0010867975652217865,True,388,388
inhibitory_vs_excitatory,73,activation,0.07217404991388321,0.09000376611948013,-0.017829716205596924,0.017829716205596924,True,388,388
inhibitory_vs_excitatory,74,input_history_kernel,0.0374206006526947,0.05191606655716896,-0.014495465904474258,0.014495465904474258,True,388,388
inhibitory_vs_excitatory,74,firing_rate_history_kernel,0.061686962842941284,0.03791293874382973,0.023774024099111557,0.023774024099111557,True,388,388
inhibitory_vs_excitatory,74,activation,0.0690464898943901,0.09378931671380997,-0.02474282681941986,0.02474282681941986,True,388,388
inhibitory_vs_excitatory,75,input_history_kernel,0.04834872484207153,0.03422931581735611,0.014119409024715424,0.014119409024715424,True,388,388
inhibitory_vs_excitatory,75,firing_rate_history_kernel,0.04525401443243027,0.052685100585222244,-0.007431086152791977,0.007431086152791977,True,388,388
inhibitory_vs_excitatory,75,activation,0.08372602611780167,0.1015615463256836,-0.017835520207881927,0.017835520207881927,True,388,388
inhibitory_vs_excitatory,76,input_history_kernel,0.05393055081367493,0.04421457275748253,0.009715978056192398,0.009715978056192398,True,388,388
inhibitory_vs_excitatory,76,firing_rate_history_kernel,0.04490829259157181,0.05617235600948334,-0.01126406341791153,0.01126406341791153,True,388,388
inhibitory_vs_excitatory,76,activation,0.06976307928562164,0.06563487648963928,0.004128202795982361,0.004128202795982361,True,388,388
inhibitory_vs_excitatory,77,input_history_kernel,0.034659773111343384,0.05198952928185463,-0.017329756170511246,0.017329756170511246,True,388,388
inhibitory_vs_excitatory,77,firing_rate_history_kernel,0.06808273494243622,0.046520400792360306,0.021562334150075912,0.021562334150075912,True,388,388
inhibitory_vs_excitatory,77,activation,0.059353332966566086,0.0706401839852333,-0.011286851018667221,0.011286851018667221,True,388,388
inhibitory_vs_excitatory,78,input_history_kernel,0.05089176446199417,0.04587472975254059,0.005017034709453583,0.005017034709453583,True,388,388
inhibitory_vs_excitatory,78,firing_rate_history_kernel,0.04060171917080879,0.055819254368543625,-0.015217535197734833,0.015217535197734833,True,388,388
inhibitory_vs_excitatory,78,activation,0.08935070782899857,0.062149401754140854,0.027201306074857712,0.027201306074857712,True,388,388
inhibitory_vs_excitatory,79,input_history_kernel,0.054332196712493896,0.04537343978881836,0.008958756923675537,0.008958756923675537,True,388,388
inhibitory_vs_excitatory,79,firing_rate_history_kernel,0.04685121774673462,0.05565236881375313,-0.008801151067018509,0.008801151067018509,True,388,388
inhibitory_vs_excitatory,79,activation,0.06351085752248764,0.0639311745762825,-0.00042031705379486084,0.00042031705379486084,True,388,388
inhibitory_vs_excitatory,80,input_history_kernel,0.03343480825424194,0.03833595663309097,-0.0049011483788490295,0.0049011483788490295,True,388,388
inhibitory_vs_excitatory,80,firing_rate_history_kernel,0.0663522481918335,0.060865797102451324,0.005486451089382172,0.005486451089382172,True,388,388
inhibitory_vs_excitatory,80,activation,0.06723450869321823,0.06879529356956482,-0.0015607848763465881,0.0015607848763465881,True,388,388
inhibitory_vs_excitatory,81,input_history_kernel,0.0443933866918087,0.026381541043519974,0.018011845648288727,0.018011845648288727,True,388,388
inhibitory_vs_excitatory,81,firing_rate_history_kernel,0.05613160878419876,0.07467684149742126,-0.018545232713222504,0.018545232713222504,True,388,388
inhibitory_vs_excitatory,81,activation,0.0652666985988617,0.06384425610303879,0.0014224424958229065,0.0014224424958229065,True,388,388
inhibitory_vs_excitatory,82,input_history_kernel,0.031007494777441025,0.04900332912802696,-0.017995834350585938,0.017995834350585938,True,388,388
inhibitory_vs_excitatory,82,firing_rate_history_kernel,0.06888270378112793,0.04673866555094719,0.02214403823018074,0.02214403823018074,True,388,388
inhibitory_vs_excitatory,82,activation,0.06695947051048279,0.07802131772041321,-0.01106184720993042,0.01106184720993042,True,388,388
inhibitory_vs_excitatory,83,input_history_kernel,0.04549124091863632,0.035165004432201385,0.010326236486434937,0.010326236486434937,True,388,388
inhibitory_vs_excitatory,83,firing_rate_history_kernel,0.055484529584646225,0.06823918223381042,-0.0127546526491642,0.0127546526491642,True,388,388
inhibitory_vs_excitatory,83,activation,0.06406461447477341,0.05758882686495781,0.0064757876098155975,0.0064757876098155975,True,388,388
inhibitory_vs_excitatory,84,input_history_kernel,0.04645457863807678,0.025861740112304688,0.020592838525772095,0.020592838525772095,True,388,388
inhibitory_vs_excitatory,84,firing_rate_history_kernel,0.04356132447719574,0.0750548392534256,-0.03149351477622986,0.03149351477622986,True,388,388
inhibitory_vs_excitatory,84,activation,0.09329090267419815,0.06422241777181625,0.029068484902381897,0.029068484902381897,True,388,388
inhibitory_vs_excitatory,85,input_history_kernel,0.0535244420170784,0.04826115816831589,0.005263283848762512,0.005263283848762512,True,388,388
inhibitory_vs_excitatory,85,firing_rate_history_kernel,0.04354936629533768,0.056282464414834976,-0.0127330981194973,0.0127330981194973,True,388,388
inhibitory_vs_excitatory,85,activation,0.07446984201669693,0.05455033853650093,0.019919503480196,0.019919503480196,True,388,388
inhibitory_vs_excitatory,86,input_history_kernel,0.04624240845441818,0.04158901050686836,0.00465339794754982,0.00465339794754982,True,388,388
inhibitory_vs_excitatory,86,firing_rate_history_kernel,0.051605645567178726,0.0554119348526001,-0.0038062892854213715,0.0038062892854213715,True,388,388
inhibitory_vs_excitatory,86,activation,0.07240516692399979,0.07466413825750351,-0.002258971333503723,0.002258971333503723,True,388,388
inhibitory_vs_excitatory,87,input_history_kernel,0.05138768255710602,0.03478553146123886,0.016602151095867157,0.016602151095867157,True,388,388
inhibitory_vs_excitatory,87,firing_rate_history_kernel,0.03355476260185242,0.06864418089389801,-0.03508941829204559,0.03508941829204559,True,388,388
inhibitory_vs_excitatory,87,activation,0.10682016611099243,0.05752076208591461,0.04929940402507782,0.04929940402507782,True,388,388
inhibitory_vs_excitatory,88,input_history_kernel,0.0571681410074234,0.03908805921673775,0.018080081790685654,0.018080081790685654,True,388,388
inhibitory_vs_excitatory,88,firing_rate_history_kernel,0.0476364903151989,0.05062854662537575,-0.0029920563101768494,0.0029920563101768494,True,388,388
inhibitory_vs_excitatory,88,activation,0.05385429784655571,0.09408905357122421,-0.0402347557246685,0.0402347557246685,True,388,388
inhibitory_vs_excitatory,89,input_history_kernel,0.03385161980986595,0.04336538910865784,-0.009513769298791885,0.009513769298791885,True,388,388
inhibitory_vs_excitatory,89,firing_rate_history_kernel,0.06656541675329208,0.05154118686914444,0.015024229884147644,0.015024229884147644,True,388,388
inhibitory_vs_excitatory,89,activation,0.06555458903312683,0.08024913817644119,-0.014694549143314362,0.014694549143314362,True,388,388
inhibitory_vs_excitatory,90,input_history_kernel,0.0454149954020977,0.05547357350587845,-0.010058578103780746,0.010058578103780746,True,388,388
inhibitory_vs_excitatory,90,firing_rate_history_kernel,0.04437065124511719,0.05192239582538605,-0.00755174458026886,0.00755174458026886,True,388,388
inhibitory_vs_excitatory,90,activation,0.09390494227409363,0.04694408178329468,0.04696086049079895,0.04696086049079895,True,388,388
inhibitory_vs_excitatory,91,input_history_kernel,0.03106539696455002,0.0565747395157814,-0.025509342551231384,0.025509342551231384,True,388,388
inhibitory_vs_excitatory,91,firing_rate_history_kernel,0.05972910672426224,0.04140421748161316,0.01832488924264908,0.01832488924264908,True,388,388
inhibitory_vs_excitatory,91,activation,0.0912146344780922,0.0720561295747757,0.019158504903316498,0.019158504903316498,True,388,388
inhibitory_vs_excitatory,92,input_history_kernel,0.0429975688457489,0.04130856320261955,0.0016890056431293488,0.0016890056431293488,True,388,388
inhibitory_vs_excitatory,92,firing_rate_history_kernel,0.04312407970428467,0.05634605139493942,-0.013221971690654755,0.013221971690654755,True,388,388
inhibitory_vs_excitatory,92,activation,0.10367562621831894,0.07292100042104721,0.03075462579727173,0.03075462579727173,True,388,388
inhibitory_vs_excitatory,93,input_history_kernel,0.03738608956336975,0.037829428911209106,-0.00044333934783935547,0.00044333934783935547,True,388,388
inhibitory_vs_excitatory,93,firing_rate_history_kernel,0.061063218861818314,0.04745614528656006,0.013607073575258255,0.013607073575258255,True,388,388
inhibitory_vs_excitatory,93,activation,0.07080183923244476,0.10590515285730362,-0.035103313624858856,0.035103313624858856,True,388,388
inhibitory_vs_excitatory,94,input_history_kernel,0.050076693296432495,0.04909665137529373,0.0009800419211387634,0.0009800419211387634,True,388,388
inhibitory_vs_excitatory,94,firing_rate_history_kernel,0.0462445430457592,0.04128473997116089,0.004959803074598312,0.004959803074598312,True,388,388
inhibitory_vs_excitatory,94,activation,0.07647667825222015,0.09231632947921753,-0.015839651226997375,0.015839651226997375,True,388,388
inhibitory_vs_excitatory,95,input_history_kernel,0.05167580023407936,0.05180172622203827,-0.00012592598795890808,0.00012592598795890808,True,388,388
inhibitory_vs_excitatory,95,firing_rate_history_kernel,0.042430244386196136,0.04314039275050163,-0.0007101483643054962,0.0007101483643054962,True,388,388
inhibitory_vs_excitatory,95,activation,0.08238387852907181,0.08015437424182892,0.0022295042872428894,0.0022295042872428894,True,388,388
inhibitory_vs_excitatory,96,input_history_kernel,0.041451241821050644,0.03691405430436134,0.0045371875166893005,0.0045371875166893005,True,388,388
inhibitory_vs_excitatory,96,firing_rate_history_kernel,0.06506860256195068,0.05268516391515732,0.012383438646793365,0.012383438646793365,True,388,388
inhibitory_vs_excitatory,96,activation,0.04928043857216835,0.09440211206674576,-0.04512167349457741,0.04512167349457741,True,388,388
inhibitory_vs_excitatory,97,input_history_kernel,0.042347051203250885,0.04385857284069061,-0.0015115216374397278,0.0015115216374397278,True,388,388
inhibitory_vs_excitatory,97,firing_rate_history_kernel,0.05317290127277374,0.06130082905292511,-0.008127927780151367,0.008127927780151367,True,388,388
inhibitory_vs_excitatory,97,activation,0.07861348241567612,0.0529082752764225,0.025705207139253616,0.025705207139253616,True,388,388
inhibitory_vs_excitatory,98,input_history_kernel,0.03763844445347786,0.035062920302152634,0.002575524151325226,0.002575524151325226,True,388,388
inhibitory_vs_excitatory,98,firing_rate_history_kernel,0.06514079868793488,0.067142553627491,-0.002001754939556122,0.002001754939556122,True,388,388
inhibitory_vs_excitatory,98,activation,0.059255313128232956,0.06078540161252022,-0.001530088484287262,0.001530088484287262,True,388,388
inhibitory_vs_excitatory,99,input_history_kernel,0.0503118671476841,0.045403920114040375,0.0049079470336437225,0.0049079470336437225,True,388,388
inhibitory_vs_excitatory,99,firing_rate_history_kernel,0.041959770023822784,0.05286245048046112,-0.010902680456638336,0.010902680456638336,True,388,388
inhibitory_vs_excitatory,99,activation,0.08727563172578812,0.07128966599702835,0.015985965728759766,0.015985965728759766,True,388,388
inhibitory_vs_excitatory,100,input_history_kernel,0.04771450161933899,0.04093261808156967,0.006781883537769318,0.006781883537769318,True,388,388
inhibitory_vs_excitatory,100,firing_rate_history_kernel,0.05354742705821991,0.05777700990438461,-0.004229582846164703,0.004229582846164703,True,388,388
inhibitory_vs_excitatory,100,activation,0.06330154091119766,0.07010763138532639,-0.006806090474128723,0.006806090474128723,True,388,388
inhibitory_vs_excitatory,101,input_history_kernel,0.06941957771778107,0.03966791182756424,0.029751665890216827,0.029751665890216827,True,388,388
inhibitory_vs_excitatory,101,firing_rate_history_kernel,0.034473467618227005,0.05079033970832825,-0.016316872090101242,0.016316872090101242,True,388,388
inhibitory_vs_excitatory,101,activation,0.05628519132733345,0.09211131185293198,-0.035826120525598526,0.035826120525598526,True,388,388
inhibitory_vs_excitatory,102,input_history_kernel,0.04644668474793434,0.04802975058555603,-0.0015830658376216888,0.0015830658376216888,True,388,388
inhibitory_vs_excitatory,102,firing_rate_history_kernel,0.05394652485847473,0.0529518686234951,0.0009946562349796295,0.0009946562349796295,True,388,388
inhibitory_vs_excitatory,102,activation,0.06561809033155441,0.06404902786016464,0.0015690624713897705,0.0015690624713897705,True,388,388
inhibitory_vs_excitatory,103,input_history_kernel,0.053149446845054626,0.037351127713918686,0.01579831913113594,0.01579831913113594,True,388,388
inhibitory_vs_excitatory,103,firing_rate_history_kernel,0.04626300930976868,0.060258518904447556,-0.013995509594678879,0.013995509594678879,True,388,388
inhibitory_vs_excitatory,103,activation,0.0682334378361702,0.07304095476865768,-0.004807516932487488,0.004807516932487488,True,388,388
inhibitory_vs_excitatory,104,input_history_kernel,0.04060133546590805,0.046542391180992126,-0.005941055715084076,0.005941055715084076,True,388,388
inhibitory_vs_excitatory,104,firing_rate_history_kernel,0.05709679797291756,0.060104697942733765,-0.003007899969816208,0.003007899969816208,True,388,388
inhibitory_vs_excitatory,104,activation,0.07280496507883072,0.04894112050533295,0.023863844573497772,0.023863844573497772,True,388,388
inhibitory_vs_excitatory,105,input_history_kernel,0.055457163602113724,0.04885919392108917,0.006597969681024551,0.006597969681024551,True,388,388
inhibitory_vs_excitatory,105,firing_rate_history_kernel,0.037795327603816986,0.051216479390859604,-0.013421151787042618,0.013421151787042618,True,388,388
inhibitory_vs_excitatory,105,activation,0.08465999364852905,0.0664648711681366,0.018195122480392456,0.018195122480392456,True,388,388
inhibitory_vs_excitatory,106,input_history_kernel,0.055936530232429504,0.03722604364156723,0.018710486590862274,0.018710486590862274,True,388,388
inhibitory_vs_excitatory,106,firing_rate_history_kernel,0.04515008628368378,0.053529951721429825,-0.008379865437746048,0.008379865437746048,True,388,388
inhibitory_vs_excitatory,106,activation,0.06376901268959045,0.09131733328104019,-0.027548320591449738,0.027548320591449738,True,388,388
inhibitory_vs_excitatory,107,input_history_kernel,0.06275913864374161,0.04484914243221283,0.017909996211528778,0.017909996211528778,True,388,388
inhibitory_vs_excitatory,107,firing_rate_history_kernel,0.03225775808095932,0.061195336282253265,-0.028937578201293945,0.028937578201293945,True,388,388
inhibitory_vs_excitatory,107,activation,0.07995489984750748,0.05054806172847748,0.02940683811903,0.02940683811903,True,388,388
inhibitory_vs_excitatory,108,input_history_kernel,0.04010806232690811,0.03767099231481552,0.0024370700120925903,0.0024370700120925903,True,388,388
inhibitory_vs_excitatory,108,firing_rate_history_kernel,0.05874742195010185,0.06623730063438416,-0.007489878684282303,0.007489878684282303,True,388,388
inhibitory_vs_excitatory,108,activation,0.06971874088048935,0.05624450743198395,0.013474233448505402,0.013474233448505402,True,388,388
inhibitory_vs_excitatory,109,input_history_kernel,0.04883509874343872,0.03434893861413002,0.0144861601293087,0.0144861601293087,True,388,388
inhibitory_vs_excitatory,109,firing_rate_history_kernel,0.047097835689783096,0.06747673451900482,-0.020378898829221725,0.020378898829221725,True,388,388
inhibitory_vs_excitatory,109,activation,0.07751217484474182,0.06179817393422127,0.015714000910520554,0.015714000910520554,True,388,388
inhibitory_vs_excitatory,110,input_history_kernel,0.03834151476621628,0.05568920075893402,-0.017347685992717743,0.017347685992717743,True,388,388
inhibitory_vs_excitatory,110,firing_rate_history_kernel,0.05389104038476944,0.04914354532957077,0.004747495055198669,0.004747495055198669,True,388,388
inhibitory_vs_excitatory,110,activation,0.08737985044717789,0.05377933755517006,0.03360051289200783,0.03360051289200783,True,388,388
inhibitory_vs_excitatory,111,input_history_kernel,0.056948162615299225,0.04512270539999008,0.011825457215309143,0.011825457215309143,True,388,388
inhibitory_vs_excitatory,111,firing_rate_history_kernel,0.047328777611255646,0.042722515761852264,0.004606261849403381,0.004606261849403381,True,388,388
inhibitory_vs_excitatory,111,activation,0.055261533707380295,0.099079430103302,-0.04381789639592171,0.04381789639592171,True,388,388
inhibitory_vs_excitatory,112,input_history_kernel,0.05264595150947571,0.03840748965740204,0.01423846185207367,0.01423846185207367,True,388,388
inhibitory_vs_excitatory,112,firing_rate_history_kernel,0.04419848695397377,0.06265953183174133,-0.018461044877767563,0.018461044877767563,True,388,388
inhibitory_vs_excitatory,112,activation,0.0750814899802208,0.06382125616073608,0.01126023381948471,0.01126023381948471,True,388,388
inhibitory_vs_excitatory,113,input_history_kernel,0.05486592650413513,0.046749189496040344,0.008116737008094788,0.008116737008094788,True,388,388
inhibitory_vs_excitatory,113,firing_rate_history_kernel,0.030056321993470192,0.0567137748003006,-0.026657452806830406,0.026657452806830406,True,388,388
inhibitory_vs_excitatory,113,activation,0.106874018907547,0.05743211880326271,0.049441900104284286,0.049441900104284286,True,388,388
inhibitory_vs_excitatory,114,input_history_kernel,0.034820087254047394,0.046508483588695526,-0.011688396334648132,0.011688396334648132,True,388,388
inhibitory_vs_excitatory,114,firing_rate_history_kernel,0.06162925809621811,0.054281722754240036,0.007347535341978073,0.007347535341978073,True,388,388
inhibitory_vs_excitatory,114,activation,0.07613509148359299,0.0645594596862793,0.01157563179731369,0.01157563179731369,True,388,388
inhibitory_vs_excitatory,115,input_history_kernel,0.06457007676362991,0.062161967158317566,0.0024081096053123474,0.0024081096053123474,True,388,388
inhibitory_vs_excitatory,115,firing_rate_history_kernel,0.03543715551495552,0.036708004772663116,-0.0012708492577075958,0.0012708492577075958,True,388,388
inhibitory_vs_excitatory,115,activation,0.06664738804101944,0.06968007236719131,-0.003032684326171875,0.003032684326171875,True,388,388
inhibitory_vs_excitatory,116,input_history_kernel,0.050847377628088,0.03329319879412651,0.017554178833961487,0.017554178833961487,True,388,388
inhibitory_vs_excitatory,116,firing_rate_history_kernel,0.04543907195329666,0.0540052130818367,-0.008566141128540039,0.008566141128540039,True,388,388
inhibitory_vs_excitatory,116,activation,0.07656944543123245,0.10053753852844238,-0.02396809309720993,0.02396809309720993,True,388,388
inhibitory_vs_excitatory,117,input_history_kernel,0.03430788218975067,0.048901092261075974,-0.014593210071325302,0.014593210071325302,True,388,388
inhibitory_vs_excitatory,117,firing_rate_history_kernel,0.06222313269972801,0.04509048908948898,0.01713264361023903,0.01713264361023903,True,388,388
inhibitory_vs_excitatory,117,activation,0.0759173035621643,0.08268911391496658,-0.006771810352802277,0.006771810352802277,True,388,388
inhibitory_vs_excitatory,118,input_history_kernel,0.04323933646082878,0.03416883200407028,0.0090705044567585,0.0090705044567585,True,388,388
inhibitory_vs_excitatory,118,firing_rate_history_kernel,0.06064196676015854,0.06482747197151184,-0.004185505211353302,0.004185505211353302,True,388,388
inhibitory_vs_excitatory,118,activation,0.05631652846932411,0.069343201816082,-0.013026673346757889,0.013026673346757889,True,388,388
inhibitory_vs_excitatory,119,input_history_kernel,0.05490512400865555,0.05301470309495926,0.001890420913696289,0.001890420913696289,True,388,388
inhibitory_vs_excitatory,119,firing_rate_history_kernel,0.04862494021654129,0.053220268338918686,-0.004595328122377396,0.004595328122377396,True,388,388
inhibitory_vs_excitatory,119,activation,0.057253140956163406,0.050040047615766525,0.007213093340396881,0.007213093340396881,True,388,388
inhibitory_vs_excitatory,120,input_history_kernel,0.04457880184054375,0.04040669649839401,0.0041721053421497345,0.0041721053421497345,True,388,388
inhibitory_vs_excitatory,120,firing_rate_history_kernel,0.05591493472456932,0.05734457075595856,-0.0014296360313892365,0.0014296360313892365,True,388,388
inhibitory_vs_excitatory,120,activation,0.06535003334283829,0.07266329228878021,-0.007313258945941925,0.007313258945941925,True,388,388
inhibitory_vs_excitatory,121,input_history_kernel,0.04265382140874863,0.041224632412195206,0.001429188996553421,0.001429188996553421,True,388,388
inhibitory_vs_excitatory,121,firing_rate_history_kernel,0.04890734702348709,0.057778771966695786,-0.008871424943208694,0.008871424943208694,True,388,388
inhibitory_vs_excitatory,121,activation,0.08917021751403809,0.06932425498962402,0.019845962524414062,0.019845962524414062,True,388,388
inhibitory_vs_excitatory,122,input_history_kernel,0.05486130714416504,0.0462779700756073,0.00858333706855774,0.00858333706855774,True,388,388
inhibitory_vs_excitatory,122,firing_rate_history_kernel,0.04825714975595474,0.052098486572504044,-0.003841336816549301,0.003841336816549301,True,388,388
inhibitory_vs_excitatory,122,activation,0.05835079774260521,0.07099613547325134,-0.012645337730646133,0.012645337730646133,True,388,388
inhibitory_vs_excitatory,123,input_history_kernel,0.04643770307302475,0.04719571769237518,-0.0007580146193504333,0.0007580146193504333,True,388,388
inhibitory_vs_excitatory,123,firing_rate_history_kernel,0.04965681582689285,0.050098538398742676,-0.000441722571849823,0.000441722571849823,True,388,388
inhibitory_vs_excitatory,123,activation,0.07708130031824112,0.07388195395469666,0.003199346363544464,0.003199346363544464,True,388,388
inhibitory_vs_excitatory,124,input_history_kernel,0.04329603165388107,0.06303214281797409,-0.019736111164093018,0.019736111164093018,True,388,388
inhibitory_vs_excitatory,124,firing_rate_history_kernel,0.05677586793899536,0.04552723839879036,0.011248629540205002,0.011248629540205002,True,388,388
inhibitory_vs_excitatory,124,activation,0.06647494435310364,0.0438416562974453,0.02263328805565834,0.02263328805565834,True,388,388
inhibitory_vs_excitatory,125,input_history_kernel,0.03541546314954758,0.051839616149663925,-0.01642415300011635,0.01642415300011635,True,388,388
inhibitory_vs_excitatory,125,firing_rate_history_kernel,0.05774099379777908,0.053427018225193024,0.00431397557258606,0.00431397557258606,True,388,388
inhibitory_vs_excitatory,125,activation,0.0849161148071289,0.052622321993112564,0.03229379281401634,0.03229379281401634,True,388,388
inhibitory_vs_excitatory,126,input_history_kernel,0.03892979770898819,0.040590282529592514,-0.0016604848206043243,0.0016604848206043243,True,388,388
inhibitory_vs_excitatory,126,firing_rate_history_kernel,0.04851580411195755,0.060102492570877075,-0.011586688458919525,0.011586688458919525,True,388,388
inhibitory_vs_excitatory,126,activation,0.10014507174491882,0.06481924653053284,0.035325825214385986,0.035325825214385986,True,388,388
inhibitory_vs_excitatory,127,input_history_kernel,0.04898352921009064,0.05476915091276169,-0.005785621702671051,0.005785621702671051,True,388,388
inhibitory_vs_excitatory,127,firing_rate_history_kernel,0.04542228952050209,0.057102177292108536,-0.011679887771606445,0.011679887771606445,True,388,388
inhibitory_vs_excitatory,127,activation,0.08158451318740845,0.03500976040959358,0.046574752777814865,0.046574752777814865,True,388,388
inhibitory_vs_excitatory,128,input_history_kernel,0.030905205756425858,0.0388578325510025,-0.007952626794576645,0.007952626794576645,True,388,388
inhibitory_vs_excitatory,128,firing_rate_history_kernel,0.05601654201745987,0.06368515640497208,-0.007668614387512207,0.007668614387512207,True,388,388
inhibitory_vs_excitatory,128,activation,0.10154201835393906,0.05988539382815361,0.041656624525785446,0.041656624525785446,True,388,388
inhibitory_vs_excitatory,129,input_history_kernel,0.05046100169420242,0.04722696542739868,0.0032340362668037415,0.0032340362668037415,True,388,388
inhibitory_vs_excitatory,129,firing_rate_history_kernel,0.05255749076604843,0.05950021371245384,-0.006942722946405411,0.006942722946405411,True,388,388
inhibitory_vs_excitatory,129,activation,0.05861736461520195,0.048727523535490036,0.009889841079711914,0.009889841079711914,True,388,388
inhibitory_vs_excitatory,130,input_history_kernel,0.03661394119262695,0.04668966308236122,-0.010075721889734268,0.010075721889734268,True,388,388
inhibitory_vs_excitatory,130,firing_rate_history_kernel,0.05835112929344177,0.04396316781640053,0.014387961477041245,0.014387961477041245,True,388,388
inhibitory_vs_excitatory,130,activation,0.08009316027164459,0.09159243851900101,-0.011499278247356415,0.011499278247356415,True,388,388
inhibitory_vs_excitatory,131,input_history_kernel,0.057419925928115845,0.044058121740818024,0.013361804187297821,0.013361804187297821,True,388,388
inhibitory_vs_excitatory,131,firing_rate_history_kernel,0.040576137602329254,0.053601253777742386,-0.013025116175413132,0.013025116175413132,True,388,388
inhibitory_vs_excitatory,131,activation,0.07201049476861954,0.07290833443403244,-0.0008978396654129028,0.0008978396654129028,True,388,388
inhibitory_vs_excitatory,132,input_history_kernel,0.05211995542049408,0.034132298082113266,0.017987657338380814,0.017987657338380814,True,388,388
inhibitory_vs_excitatory,132,firing_rate_history_kernel,0.04901859909296036,0.061069242656230927,-0.012050643563270569,0.012050643563270569,True,388,388
inhibitory_vs_excitatory,132,activation,0.06363049149513245,0.07946252077817917,-0.015832029283046722,0.015832029283046722,True,388,388
inhibitory_vs_excitatory,133,input_history_kernel,0.041499149054288864,0.053649142384529114,-0.01214999333024025,0.01214999333024025,True,388,388
inhibitory_vs_excitatory,133,firing_rate_history_kernel,0.059472084045410156,0.05347846448421478,0.0059936195611953735,0.0059936195611953735,True,388,388
inhibitory_vs_excitatory,133,activation,0.06407671421766281,0.047659724950790405,0.016416989266872406,0.016416989266872406,True,388,388
inhibitory_vs_excitatory,134,input_history_kernel,0.03304006904363632,0.03967246413230896,-0.006632395088672638,0.006632395088672638,True,388,388
inhibitory_vs_excitatory,134,firing_rate_history_kernel,0.06347082555294037,0.052469607442617416,0.011001218110322952,0.011001218110322952,True,388,388
inhibitory_vs_excitatory,134,activation,0.07597094029188156,0.08762117475271225,-0.011650234460830688,0.011650234460830688,True,388,388
inhibitory_vs_excitatory,135,input_history_kernel,0.043493397533893585,0.0325344018638134,0.010958995670080185,0.010958995670080185,True,388,388
inhibitory_vs_excitatory,135,firing_rate_history_kernel,0.04894964396953583,0.062986820936203,-0.014037176966667175,0.014037176966667175,True,388,388
inhibitory_vs_excitatory,135,activation,0.08681857585906982,0.07861009985208511,0.00820847600698471,0.00820847600698471,True,388,388
inhibitory_vs_excitatory,136,input_history_kernel,0.049515459686517715,0.03693608194589615,0.012579377740621567,0.012579377740621567,True,388,388
inhibitory_vs_excitatory,136,firing_rate_history_kernel,0.048906076699495316,0.04501517489552498,0.003890901803970337,0.003890901803970337,True,388,388
inhibitory_vs_excitatory,136,activation,0.07087590545415878,0.11479664593935013,-0.043920740485191345,0.043920740485191345,True,388,388
inhibitory_vs_excitatory,137,input_history_kernel,0.049479562789201736,0.05014865845441818,-0.0006690956652164459,0.0006690956652164459,True,388,388
inhibitory_vs_excitatory,137,firing_rate_history_kernel,0.05709994584321976,0.04518025368452072,0.011919692158699036,0.011919692158699036,True,388,388
inhibitory_vs_excitatory,137,activation,0.049121301621198654,0.07912290096282959,-0.030001599341630936,0.030001599341630936,True,388,388
inhibitory_vs_excitatory,138,input_history_kernel,0.03395239636301994,0.047205667942762375,-0.013253271579742432,0.013253271579742432,True,388,388
inhibitory_vs_excitatory,138,firing_rate_history_kernel,0.05472820997238159,0.05162215232849121,0.003106057643890381,0.003106057643890381,True,388,388
inhibitory_vs_excitatory,138,activation,0.09685170650482178,0.0697924792766571,0.027059227228164673,0.027059227228164673,True,388,388
inhibitory_vs_excitatory,139,input_history_kernel,0.041465505957603455,0.05756331607699394,-0.016097810119390488,0.016097810119390488,True,388,388
inhibitory_vs_excitatory,139,firing_rate_history_kernel,0.05953918397426605,0.044048011302948,0.015491172671318054,0.015491172671318054,True,388,388
inhibitory_vs_excitatory,139,activation,0.06398750096559525,0.062369782477617264,0.0016177184879779816,0.0016177184879779816,True,388,388
inhibitory_vs_excitatory,140,input_history_kernel,0.02884690836071968,0.037790875881910324,-0.008943967521190643,0.008943967521190643,True,388,388
inhibitory_vs_excitatory,140,firing_rate_history_kernel,0.050691720098257065,0.05835855007171631,-0.007666829973459244,0.007666829973459244,True,388,388
inhibitory_vs_excitatory,140,activation,0.12123030424118042,0.07693487405776978,0.044295430183410645,0.044295430183410645,True,388,388
inhibitory_vs_excitatory,141,input_history_kernel,0.04710780084133148,0.044069599360227585,0.003038201481103897,0.003038201481103897,True,388,388
inhibitory_vs_excitatory,141,firing_rate_history_kernel,0.04124563932418823,0.0492556169629097,-0.008009977638721466,0.008009977638721466,True,388,388
inhibitory_vs_excitatory,141,activation,0.09772416204214096,0.08446606993675232,0.013258092105388641,0.013258092105388641,True,388,388
inhibitory_vs_excitatory,142,input_history_kernel,0.05024220794439316,0.04552070051431656,0.004721507430076599,0.004721507430076599,True,388,388
inhibitory_vs_excitatory,142,firing_rate_history_kernel,0.052024975419044495,0.05706487596035004,-0.005039900541305542,0.005039900541305542,True,388,388
inhibitory_vs_excitatory,142,activation,0.060620855540037155,0.05977177619934082,0.0008490793406963348,0.0008490793406963348,True,388,388
inhibitory_vs_excitatory,143,input_history_kernel,0.04975798353552818,0.04252924025058746,0.00722874328494072,0.00722874328494072,True,388,388
inhibitory_vs_excitatory,143,firing_rate_history_kernel,0.03925992548465729,0.06155993416905403,-0.022300008684396744,0.022300008684396744,True,388,388
inhibitory_vs_excitatory,143,activation,0.09595222026109695,0.055762216448783875,0.04019000381231308,0.04019000381231308,True,388,388
inhibitory_vs_excitatory,144,input_history_kernel,0.04172326624393463,0.040603458881378174,0.0011198073625564575,0.0011198073625564575,True,388,388
inhibitory_vs_excitatory,144,firing_rate_history_kernel,0.059173114597797394,0.041629523038864136,0.017543591558933258,0.017543591558933258,True,388,388
inhibitory_vs_excitatory,144,activation,0.0642763078212738,0.11404535919427872,-0.04976905137300491,0.04976905137300491,True,388,388
inhibitory_vs_excitatory,145,input_history_kernel,0.03859720379114151,0.06152809411287308,-0.022930890321731567,0.022930890321731567,True,388,388
inhibitory_vs_excitatory,145,firing_rate_history_kernel,0.05913226306438446,0.03771555796265602,0.02141670510172844,0.02141670510172844,True,388,388
inhibitory_vs_excitatory,145,activation,0.07272142171859741,0.06868357211351395,0.004037849605083466,0.004037849605083466,True,388,388
inhibitory_vs_excitatory,146,input_history_kernel,0.03293900936841965,0.047727443277835846,-0.014788433909416199,0.014788433909416199,True,388,388
inhibitory_vs_excitatory,146,firing_rate_history_kernel,0.06405961513519287,0.05324088782072067,0.010818727314472198,0.010818727314472198,True,388,388
inhibitory_vs_excitatory,146,activation,0.07467030733823776,0.06408446282148361,0.01058584451675415,0.01058584451675415,True,388,388
inhibitory_vs_excitatory,147,input_history_kernel,0.03205689415335655,0.04333946853876114,-0.011282574385404587,0.011282574385404587,True,388,388
inhibitory_vs_excitatory,147,firing_rate_history_kernel,0.06283681094646454,0.04717690497636795,0.015659905970096588,0.015659905970096588,True,388,388
inhibitory_vs_excitatory,147,activation,0.08028344810009003,0.09195633977651596,-0.011672891676425934,0.011672891676425934,True,388,388
inhibitory_vs_excitatory,148,input_history_kernel,0.04342273250222206,0.05088596045970917,-0.007463227957487106,0.007463227957487106,True,388,388
inhibitory_vs_excitatory,148,firing_rate_history_kernel,0.05105288326740265,0.039490848779678345,0.011562034487724304,0.011562034487724304,True,388,388
inhibitory_vs_excitatory,148,activation,0.0813983604311943,0.0923284962773323,-0.010930135846138,0.010930135846138,True,388,388
inhibitory_vs_excitatory,149,input_history_kernel,0.044080931693315506,0.030878299847245216,0.01320263184607029,0.01320263184607029,True,388,388
inhibitory_vs_excitatory,149,firing_rate_history_kernel,0.04063427820801735,0.07040046155452728,-0.029766183346509933,0.029766183346509933,True,388,388
inhibitory_vs_excitatory,149,activation,0.10742610692977905,0.06325669586658478,0.044169411063194275,0.044169411063194275,True,388,388
inhibitory_vs_excitatory,150,input_history_kernel,0.0496385395526886,0.04536167159676552,0.0042768679559230804,0.0042768679559230804,True,388,388
inhibitory_vs_excitatory,150,firing_rate_history_kernel,0.04807627201080322,0.046429894864559174,0.001646377146244049,0.001646377146244049,True,388,388
inhibitory_vs_excitatory,150,activation,0.07276048511266708,0.08855584263801575,-0.015795357525348663,0.015795357525348663,True,388,388
inhibitory_vs_excitatory,151,input_history_kernel,0.03696506842970848,0.050936415791511536,-0.013971347361803055,0.013971347361803055,True,388,388
inhibitory_vs_excitatory,151,firing_rate_history_kernel,0.052204493433237076,0.053302787244319916,-0.00109829381108284,0.00109829381108284,True,388,388
inhibitory_vs_excitatory,151,activation,0.09554782509803772,0.05536213517189026,0.04018568992614746,0.04018568992614746,True,388,388
inhibitory_vs_excitatory,152,input_history_kernel,0.03645923733711243,0.052175335586071014,-0.015716098248958588,0.015716098248958588,True,388,388
inhibitory_vs_excitatory,152,firing_rate_history_kernel,0.05411913990974426,0.04524501413106918,0.00887412577867508,0.00887412577867508,True,388,388
inhibitory_vs_excitatory,152,activation,0.09179099649190903,0.07354570925235748,0.018245287239551544,0.018245287239551544,True,388,388
inhibitory_vs_excitatory,153,input_history_kernel,0.043313898146152496,0.05925223231315613,-0.01593833416700363,0.01593833416700363,True,388,388
inhibitory_vs_excitatory,153,firing_rate_history_kernel,0.047257669270038605,0.04137902334332466,0.0058786459267139435,0.0058786459267139435,True,388,388
inhibitory_vs_excitatory,153,activation,0.09180915355682373,0.06498333811759949,0.026825815439224243,0.026825815439224243,True,388,388
inhibitory_vs_excitatory,154,input_history_kernel,0.05360955744981766,0.04425963759422302,0.009349919855594635,0.009349919855594635,True,388,388
inhibitory_vs_excitatory,154,firing_rate_history_kernel,0.05122416466474533,0.05569549649953842,-0.004471331834793091,0.004471331834793091,True,388,388
inhibitory_vs_excitatory,154,activation,0.053776759654283524,0.06678632646799088,-0.013009566813707352,0.013009566813707352,True,388,388
inhibitory_vs_excitatory,155,input_history_kernel,0.04187866300344467,0.049601294100284576,-0.007722631096839905,0.007722631096839905,True,388,388
inhibitory_vs_excitatory,155,firing_rate_history_kernel,0.06283271312713623,0.04580245167016983,0.0170302614569664,0.0170302614569664,True,388,388
inhibitory_vs_excitatory,155,activation,0.05410297214984894,0.07892337441444397,-0.024820402264595032,0.024820402264595032,True,388,388
inhibitory_vs_excitatory,156,input_history_kernel,0.04448710009455681,0.04931352660059929,-0.0048264265060424805,0.0048264265060424805,True,388,388
inhibitory_vs_excitatory,156,firing_rate_history_kernel,0.04860961437225342,0.05521990358829498,-0.006610289216041565,0.006610289216041565,True,388,388
inhibitory_vs_excitatory,156,activation,0.08507543802261353,0.054577525705099106,0.03049791231751442,0.03049791231751442,True,388,388
inhibitory_vs_excitatory,157,input_history_kernel,0.04883863776922226,0.05178528651595116,-0.002946648746728897,0.002946648746728897,True,388,388
inhibitory_vs_excitatory,157,firing_rate_history_kernel,0.04811772704124451,0.05126839131116867,-0.003150664269924164,0.003150664269924164,True,388,388
inhibitory_vs_excitatory,157,activation,0.07478302717208862,0.058523502200841904,0.01625952497124672,0.01625952497124672,True,388,388
inhibitory_vs_excitatory,158,input_history_kernel,0.054237306118011475,0.04208819195628166,0.012149114161729813,0.012149114161729813,True,388,388
inhibitory_vs_excitatory,158,firing_rate_history_kernel,0.02935873717069626,0.05396925285458565,-0.02461051568388939,0.02461051568388939,True,388,388
inhibitory_vs_excitatory,158,activation,0.11041054129600525,0.0771801769733429,0.033230364322662354,0.033230364322662354,True,388,388
inhibitory_vs_excitatory,159,input_history_kernel,0.039569973945617676,0.05598076060414314,-0.016410786658525467,0.016410786658525467,True,388,388
inhibitory_vs_excitatory,159,firing_rate_history_kernel,0.06201029568910599,0.04457317292690277,0.017437122762203217,0.017437122762203217,True,388,388
inhibitory_vs_excitatory,159,activation,0.06245263293385506,0.06518951058387756,-0.0027368776500225067,0.0027368776500225067,True,388,388
inhibitory_vs_excitatory,160,input_history_kernel,0.05839521065354347,0.03975004702806473,0.018645163625478745,0.018645163625478745,True,388,388
inhibitory_vs_excitatory,160,firing_rate_history_kernel,0.043132245540618896,0.054439742118120193,-0.011307496577501297,0.011307496577501297,True,388,388
inhibitory_vs_excitatory,160,activation,0.06259345263242722,0.0821605920791626,-0.019567139446735382,0.019567139446735382,True,388,388
inhibitory_vs_excitatory,161,input_history_kernel,0.04851846769452095,0.042806562036275864,0.005711905658245087,0.005711905658245087,True,388,388
inhibitory_vs_excitatory,161,firing_rate_history_kernel,0.03303429111838341,0.058172475546598434,-0.025138184428215027,0.025138184428215027,True,388,388
inhibitory_vs_excitatory,161,activation,0.11585933715105057,0.0640559121966362,0.05180342495441437,0.05180342495441437,True,388,388
inhibitory_vs_excitatory,162,input_history_kernel,0.049199894070625305,0.04242320731282234,0.006776686757802963,0.006776686757802963,True,388,388
inhibitory_vs_excitatory,162,firing_rate_history_kernel,0.04169752076268196,0.06168770045042038,-0.01999017968773842,0.01999017968773842,True,388,388
inhibitory_vs_excitatory,162,activation,0.09094023704528809,0.05570422112941742,0.035236015915870667,0.035236015915870667,True,388,388
inhibitory_vs_excitatory,163,input_history_kernel,0.0381297841668129,0.030216902494430542,0.007912881672382355,0.007912881672382355,True,388,388
inhibitory_vs_excitatory,163,firing_rate_history_kernel,0.060586970299482346,0.07125373184680939,-0.010666761547327042,0.010666761547327042,True,388,388
inhibitory_vs_excitatory,163,activation,0.07008865475654602,0.06274493038654327,0.007343724370002747,0.007343724370002747,True,388,388
inhibitory_vs_excitatory,164,input_history_kernel,0.04917915165424347,0.04491221532225609,0.004266936331987381,0.004266936331987381,True,388,388
inhibitory_vs_excitatory,164,firing_rate_history_kernel,0.04890225827693939,0.05398964136838913,-0.0050873830914497375,0.0050873830914497375,True,388,388
inhibitory_vs_excitatory,164,activation,0.07178287208080292,0.06959506124258041,0.0021878108382225037,0.0021878108382225037,True,388,388
inhibitory_vs_excitatory,165,input_history_kernel,0.035301171243190765,0.0442415252327919,-0.008940353989601135,0.008940353989601135,True,388,388
inhibitory_vs_excitatory,165,firing_rate_history_kernel,0.053079307079315186,0.05770513415336609,-0.004625827074050903,0.004625827074050903,True,388,388
inhibitory_vs_excitatory,165,activation,0.09765207767486572,0.06147557497024536,0.03617650270462036,0.03617650270462036,True,388,388
inhibitory_vs_excitatory,166,input_history_kernel,0.06224140524864197,0.05152127891778946,0.010720126330852509,0.010720126330852509,True,388,388
inhibitory_vs_excitatory,166,firing_rate_history_kernel,0.033442579209804535,0.04891672730445862,-0.015474148094654083,0.015474148094654083,True,388,388
inhibitory_vs_excitatory,166,activation,0.07817604392766953,0.06549864262342453,0.012677401304244995,0.012677401304244995,True,388,388
inhibitory_vs_excitatory,167,input_history_kernel,0.042175449430942535,0.0395641028881073,0.0026113465428352356,0.0026113465428352356,True,388,388
inhibitory_vs_excitatory,167,firing_rate_history_kernel,0.04968251287937164,0.07020745426416397,-0.020524941384792328,0.020524941384792328,True,388,388
inhibitory_vs_excitatory,167,activation,0.08837876468896866,0.040609195828437805,0.04776956886053085,0.04776956886053085,True,388,388
inhibitory_vs_excitatory,168,input_history_kernel,0.04531903564929962,0.04042452946305275,0.004894506186246872,0.004894506186246872,True,388,388
inhibitory_vs_excitatory,168,firing_rate_history_kernel,0.04801112413406372,0.06187066435813904,-0.013859540224075317,0.013859540224075317,True,388,388
inhibitory_vs_excitatory,168,activation,0.08445291966199875,0.06054617092013359,0.023906748741865158,0.023906748741865158,True,388,388
inhibitory_vs_excitatory,169,input_history_kernel,0.044775206595659256,0.03838564455509186,0.006389562040567398,0.006389562040567398,True,388,388
inhibitory_vs_excitatory,169,firing_rate_history_kernel,0.05479007586836815,0.06213603913784027,-0.007345963269472122,0.007345963269472122,True,388,388
inhibitory_vs_excitatory,169,activation,0.06782590597867966,0.06527549773454666,0.0025504082441329956,0.0025504082441329956,True,388,388
inhibitory_vs_excitatory,170,input_history_kernel,0.048143692314624786,0.050327759236097336,-0.0021840669214725494,0.0021840669214725494,True,388,388
inhibitory_vs_excitatory,170,firing_rate_history_kernel,0.05259650573134422,0.03874457627534866,0.01385192945599556,0.01385192945599556,True,388,388
inhibitory_vs_excitatory,170,activation,0.06469281762838364,0.09580707550048828,-0.031114257872104645,0.031114257872104645,True,388,388
inhibitory_vs_excitatory,171,input_history_kernel,0.03713543713092804,0.039305515587329865,-0.002170078456401825,0.002170078456401825,True,388,388
inhibitory_vs_excitatory,171,firing_rate_history_kernel,0.059793949127197266,0.06619802117347717,-0.006404072046279907,0.006404072046279907,True,388,388
inhibitory_vs_excitatory,171,activation,0.07485497742891312,0.051990535110235214,0.022864442318677902,0.022864442318677902,True,388,388
inhibitory_vs_excitatory,172,input_history_kernel,0.05078442394733429,0.04165434092283249,0.0091300830245018,0.0091300830245018,True,388,388
inhibitory_vs_excitatory,172,firing_rate_history_kernel,0.025025799870491028,0.06059439852833748,-0.03556859865784645,0.03556859865784645,True,388,388
inhibitory_vs_excitatory,172,activation,0.13117273151874542,0.06067002937197685,0.07050270214676857,0.07050270214676857,True,388,388
inhibitory_vs_excitatory,173,input_history_kernel,0.04089377075433731,0.036754507571458817,0.004139263182878494,0.004139263182878494,True,388,388
inhibitory_vs_excitatory,173,firing_rate_history_kernel,0.054868005216121674,0.05709892511367798,-0.002230919897556305,0.002230919897556305,True,388,388
inhibitory_vs_excitatory,173,activation,0.07796858996152878,0.08305748552083969,-0.005088895559310913,0.005088895559310913,True,388,388
inhibitory_vs_excitatory,174,input_history_kernel,0.03564821183681488,0.036829378455877304,-0.0011811666190624237,0.0011811666190624237,True,388,388
inhibitory_vs_excitatory,174,firing_rate_history_kernel,0.05666084587574005,0.0627298504114151,-0.006069004535675049,0.006069004535675049,True,388,388
inhibitory_vs_excitatory,174,activation,0.08717582374811172,0.06784207373857498,0.019333750009536743,0.019333750009536743,True,388,388
inhibitory_vs_excitatory,175,input_history_kernel,0.038411982357501984,0.032965030521154404,0.00544695183634758,0.00544695183634758,True,388,388
inhibitory_vs_excitatory,175,firing_rate_history_kernel,0.05597585439682007,0.06744800508022308,-0.011472150683403015,0.011472150683403015,True,388,388
inhibitory_vs_excitatory,175,activation,0.08163243532180786,0.06556523591279984,0.016067199409008026,0.016067199409008026,True,388,388
inhibitory_vs_excitatory,176,input_history_kernel,0.04450976476073265,0.05230087786912918,-0.00779111310839653,0.00779111310839653,True,388,388
inhibitory_vs_excitatory,176,firing_rate_history_kernel,0.039288610219955444,0.05741611123085022,-0.018127501010894775,0.018127501010894775,True,388,388
inhibitory_vs_excitatory,176,activation,0.10987100750207901,0.04075472429394722,0.06911628320813179,0.06911628320813179,True,388,388
inhibitory_vs_excitatory,177,input_history_kernel,0.06252843141555786,0.033511850982904434,0.029016580432653427,0.029016580432653427,True,388,388
inhibitory_vs_excitatory,177,firing_rate_history_kernel,0.03759931027889252,0.06853066384792328,-0.03093135356903076,0.03093135356903076,True,388,388
inhibitory_vs_excitatory,177,activation,0.06632604449987411,0.0612199492752552,0.005106095224618912,0.005106095224618912,True,388,388
inhibitory_vs_excitatory,178,input_history_kernel,0.06145023927092552,0.02873489074409008,0.03271534852683544,0.03271534852683544,True,388,388
inhibitory_vs_excitatory,178,firing_rate_history_kernel,0.04388062283396721,0.07085414975881577,-0.026973526924848557,0.026973526924848557,True,388,388
inhibitory_vs_excitatory,178,activation,0.05245102569460869,0.06776254624128342,-0.015311520546674728,0.015311520546674728,True,388,388
inhibitory_vs_excitatory,179,input_history_kernel,0.03981449827551842,0.05158356577157974,-0.011769067496061325,0.011769067496061325,True,388,388
inhibitory_vs_excitatory,179,firing_rate_history_kernel,0.05505616217851639,0.04562259092926979,0.009433571249246597,0.009433571249246597,True,388,388
inhibitory_vs_excitatory,179,activation,0.08034488558769226,0.07411692291498184,0.006227962672710419,0.006227962672710419,True,388,388
inhibitory_vs_excitatory,180,input_history_kernel,0.04602779448032379,0.04175639897584915,0.00427139550447464,0.00427139550447464,True,388,388
inhibitory_vs_excitatory,180,firing_rate_history_kernel,0.05202677100896835,0.05123943090438843,0.0007873401045799255,0.0007873401045799255,True,388,388
inhibitory_vs_excitatory,180,activation,0.07185449451208115,0.08534447103738785,-0.013489976525306702,0.013489976525306702,True,388,388
inhibitory_vs_excitatory,181,input_history_kernel,0.04360904544591904,0.0402350015938282,0.0033740438520908356,0.0033740438520908356,True,388,388
inhibitory_vs_excitatory,181,firing_rate_history_kernel,0.05171374976634979,0.052935220301151276,-0.0012214705348014832,0.0012214705348014832,True,388,388
inhibitory_vs_excitatory,181,activation,0.07913918048143387,0.08487940579652786,-0.005740225315093994,0.005740225315093994,True,388,388
inhibitory_vs_excitatory,182,input_history_kernel,0.055819492787122726,0.040163055062294006,0.01565643772482872,0.01565643772482872,True,388,388
inhibitory_vs_excitatory,182,firing_rate_history_kernel,0.04152875393629074,0.06443938612937927,-0.02291063219308853,0.02291063219308853,True,388,388
inhibitory_vs_excitatory,182,activation,0.0737379938364029,0.05439348891377449,0.019344504922628403,0.019344504922628403,True,388,388
inhibitory_vs_excitatory,183,input_history_kernel,0.041818007826805115,0.04387949779629707,-0.0020614899694919586,0.0020614899694919586,True,388,388
inhibitory_vs_excitatory,183,firing_rate_history_kernel,0.05385866388678551,0.055168021470308304,-0.0013093575835227966,0.0013093575835227966,True,388,388
inhibitory_vs_excitatory,183,activation,0.07819556444883347,0.069206602871418,0.008988961577415466,0.008988961577415466,True,388,388
inhibitory_vs_excitatory,184,input_history_kernel,0.04478791356086731,0.032116372138261795,0.012671541422605515,0.012671541422605515,True,388,388
inhibitory_vs_excitatory,184,firing_rate_history_kernel,0.05586034059524536,0.05738753452897072,-0.001527193933725357,0.001527193933725357,True,388,388
inhibitory_vs_excitatory,184,activation,0.06493798643350601,0.09465626627206802,-0.02971827983856201,0.02971827983856201,True,388,388
inhibitory_vs_excitatory,185,input_history_kernel,0.0401734821498394,0.04677361249923706,-0.006600130349397659,0.006600130349397659,True,388,388
inhibitory_vs_excitatory,185,firing_rate_history_kernel,0.059129394590854645,0.04645850509405136,0.012670889496803284,0.012670889496803284,True,388,388
inhibitory_vs_excitatory,185,activation,0.06852566450834274,0.08471432328224182,-0.01618865877389908,0.01618865877389908,True,388,388
inhibitory_vs_excitatory,186,input_history_kernel,0.054354794323444366,0.043123237788677216,0.011231556534767151,0.011231556534767151,True,388,388
inhibitory_vs_excitatory,186,firing_rate_history_kernel,0.05202563479542732,0.05146285146474838,0.0005627833306789398,0.0005627833306789398,True,388,388
inhibitory_vs_excitatory,186,activation,0.04965217784047127,0.08110376447439194,-0.03145158663392067,0.03145158663392067,True,388,388
inhibitory_vs_excitatory,187,input_history_kernel,0.04755530506372452,0.04166786000132561,0.0058874450623989105,0.0058874450623989105,True,388,388
inhibitory_vs_excitatory,187,firing_rate_history_kernel,0.0566096268594265,0.05803150683641434,-0.0014218799769878387,0.0014218799769878387,True,388,388
inhibitory_vs_excitatory,187,activation,0.055560190230607986,0.0674683228135109,-0.011908132582902908,0.011908132582902908,True,388,388
inhibitory_vs_excitatory,188,input_history_kernel,0.0480540469288826,0.046396106481552124,0.0016579404473304749,0.0016579404473304749,True,388,388
inhibitory_vs_excitatory,188,firing_rate_history_kernel,0.05628740414977074,0.04499262943863869,0.01129477471113205,0.01129477471113205,True,388,388
inhibitory_vs_excitatory,188,activation,0.055089425295591354,0.08963004499673843,-0.03454061970114708,0.03454061970114708,True,388,388
inhibitory_vs_excitatory,189,input_history_kernel,0.0671459287405014,0.03401350602507591,0.03313242271542549,0.03313242271542549,True,388,388
inhibitory_vs_excitatory,189,firing_rate_history_kernel,0.0372902974486351,0.06173304468393326,-0.024442747235298157,0.024442747235298157,True,388,388
inhibitory_vs_excitatory,189,activation,0.05483672022819519,0.07800920307636261,-0.02317248284816742,0.02317248284816742,True,388,388
inhibitory_vs_excitatory,190,input_history_kernel,0.045359812676906586,0.045326001942157745,3.381073474884033e-05,3.381073474884033e-05,True,388,388
inhibitory_vs_excitatory,190,firing_rate_history_kernel,0.0573735386133194,0.041747622191905975,0.01562591642141342,0.01562591642141342,True,388,388
inhibitory_vs_excitatory,190,activation,0.059377703815698624,0.10113698244094849,-0.04175927862524986,0.04175927862524986,True,388,388
inhibitory_vs_excitatory,191,input_history_kernel,0.05600164830684662,0.0385720431804657,0.01742960512638092,0.01742960512638092,True,388,388
inhibitory_vs_excitatory,191,firing_rate_history_kernel,0.04148707166314125,0.04752897843718529,-0.006041906774044037,0.006041906774044037,True,388,388
inhibitory_vs_excitatory,191,activation,0.07336338609457016,0.10373061150312424,-0.030367225408554077,0.030367225408554077,True,388,388
inhibitory_vs_excitatory,192,input_history_kernel,0.04849288612604141,0.05269990861415863,-0.004207022488117218,0.004207022488117218,True,388,388
inhibitory_vs_excitatory,192,firing_rate_history_kernel,0.049648500978946686,0.03911645710468292,0.010532043874263763,0.010532043874263763,True,388,388
inhibitory_vs_excitatory,192,activation,0.07162296026945114,0.08848968148231506,-0.016866721212863922,0.016866721212863922,True,388,388
inhibitory_vs_excitatory,193,input_history_kernel,0.05825846269726753,0.042689353227615356,0.015569109469652176,0.015569109469652176,True,388,388
inhibitory_vs_excitatory,193,firing_rate_history_kernel,0.042757682502269745,0.04916110634803772,-0.006403423845767975,0.006403423845767975,True,388,388
inhibitory_vs_excitatory,193,activation,0.06395696103572845,0.08839879184961319,-0.024441830813884735,0.024441830813884735,True,388,388
inhibitory_vs_excitatory,194,input_history_kernel,0.05051857605576515,0.036811280995607376,0.013707295060157776,0.013707295060157776,True,388,388
inhibitory_vs_excitatory,194,firing_rate_history_kernel,0.05595634877681732,0.05455809831619263,0.0013982504606246948,0.0013982504606246948,True,388,388
inhibitory_vs_excitatory,194,activation,0.04940018057823181,0.08968164771795273,-0.04028146713972092,0.04028146713972092,True,388,388
inhibitory_vs_excitatory,195,input_history_kernel,0.03935011476278305,0.04561803117394447,-0.006267916411161423,0.006267916411161423,True,388,388
inhibitory_vs_excitatory,195,firing_rate_history_kernel,0.053352370858192444,0.054632723331451416,-0.0012803524732589722,0.0012803524732589722,True,388,388
inhibitory_vs_excitatory,195,activation,0.08612672239542007,0.06599798053503036,0.02012874186038971,0.02012874186038971,True,388,388
inhibitory_vs_excitatory,196,input_history_kernel,0.03368346393108368,0.03781049698591232,-0.004127033054828644,0.004127033054828644,True,388,388
inhibitory_vs_excitatory,196,firing_rate_history_kernel,0.05943538621068001,0.06397396326065063,-0.004538577049970627,0.004538577049970627,True,388,388
inhibitory_vs_excitatory,196,activation,0.08501636981964111,0.06190812215209007,0.02310824766755104,0.02310824766755104,True,388,388
inhibitory_vs_excitatory,197,input_history_kernel,0.05165385082364082,0.05467385798692703,-0.003020007163286209,0.003020007163286209,True,388,388
inhibitory_vs_excitatory,197,firing_rate_history_kernel,0.04615931585431099,0.04679954797029495,-0.000640232115983963,0.000640232115983963,True,388,388
inhibitory_vs_excitatory,197,activation,0.07249820977449417,0.06273758411407471,0.009760625660419464,0.009760625660419464,True,388,388
inhibitory_vs_excitatory,198,input_history_kernel,0.048360906541347504,0.0410102903842926,0.007350616157054901,0.007350616157054901,True,388,388
inhibitory_vs_excitatory,198,firing_rate_history_kernel,0.052040182054042816,0.06504461914300919,-0.01300443708896637,0.01300443708896637,True,388,388
inhibitory_vs_excitatory,198,activation,0.0655970647931099,0.05052022635936737,0.015076838433742523,0.015076838433742523,True,388,388
inhibitory_vs_excitatory,199,input_history_kernel,0.046366043388843536,0.033460360020399094,0.012905683368444443,0.012905683368444443,True,388,388
inhibitory_vs_excitatory,199,firing_rate_history_kernel,0.05083835870027542,0.06617951393127441,-0.015341155230998993,0.015341155230998993,True,388,388
inhibitory_vs_excitatory,199,activation,0.0741216167807579,0.06762699037790298,0.006494626402854919,0.006494626402854919,True,388,388
cre_line,0,input_history_kernel,0.04636174812912941,0.0451279878616333,0.001233760267496109,0.001233760267496109,True,388,388
cre_line,0,firing_rate_history_kernel,0.05114024505019188,0.051101986318826675,3.825873136520386e-05,3.825873136520386e-05,True,388,388
cre_line,0,activation,0.07332801073789597,0.07672006636857986,-0.003392055630683899,0.003392055630683899,True,388,388
cre_line,1,input_history_kernel,0.046366769820451736,0.04693932831287384,-0.0005725584924221039,0.0005725584924221039,True,388,388
cre_line,1,firing_rate_history_kernel,0.051130663603544235,0.05306607112288475,-0.0019354075193405151,0.0019354075193405151,True,388,388
cre_line,1,activation,0.07334019988775253,0.06665225327014923,0.006687946617603302,0.006687946617603302,True,388,388
cre_line,2,input_history_kernel,0.05254421755671501,0.04593592509627342,0.006608292460441589,0.006608292460441589,True,388,388
cre_line,2,firing_rate_history_kernel,0.04930462688207626,0.051551707088947296,-0.0022470802068710327,0.0022470802068710327,True,388,388
cre_line,2,activation,0.061736445873975754,0.07336632162332535,-0.011629875749349594,0.011629875749349594,True,388,388
cre_line,3,input_history_kernel,0.04986237734556198,0.051891252398490906,-0.0020288750529289246,0.0020288750529289246,True,388,388
cre_line,3,firing_rate_history_kernel,0.04910770058631897,0.046220678836107254,0.0028870217502117157,0.0028870217502117157,True,388,388
cre_line,3,activation,0.06941314786672592,0.07170149683952332,-0.002288348972797394,0.002288348972797394,True,388,388
cre_line,4,input_history_kernel,0.04747679457068443,0.042852435261011124,0.004624359309673309,0.004624359309673309,True,388,388
cre_line,4,firing_rate_history_kernel,0.05122915655374527,0.054044127464294434,-0.002814970910549164,0.002814970910549164,True,388,388
cre_line,4,activation,0.07011746615171432,0.07494249194860458,-0.004825025796890259,0.004825025796890259,True,388,388
cre_line,5,input_history_kernel,0.04860531538724899,0.04459837079048157,0.0040069445967674255,0.0040069445967674255,True,388,388
cre_line,5,firing_rate_history_kernel,0.04604218155145645,0.05514715611934662,-0.009104974567890167,0.009104974567890167,True,388,388
cre_line,5,activation,0.08093997836112976,0.0673452615737915,0.013594716787338257,0.013594716787338257,True,388,388
cre_line,6,input_history_kernel,0.0481545552611351,0.039312828332185745,0.008841726928949356,0.008841726928949356,True,388,388
cre_line,6,firing_rate_history_kernel,0.051084499806165695,0.05913896858692169,-0.008054468780755997,0.008054468780755997,True,388,388
cre_line,6,activation,0.06869583576917648,0.07079523056745529,-0.0020993947982788086,0.0020993947982788086,True,388,388
cre_line,7,input_history_kernel,0.04553009569644928,0.0467972606420517,-0.001267164945602417,0.001267164945602417,True,388,388
cre_line,7,firing_rate_history_kernel,0.05421178787946701,0.050364747643470764,0.0038470402359962463,0.0038470402359962463,True,388,388
cre_line,7,activation,0.06735499203205109,0.07423467189073563,-0.00687967985868454,0.00687967985868454,True,388,388
cre_line,8,input_history_kernel,0.04397251829504967,0.04658079147338867,-0.0026082731783390045,0.0026082731783390045,True,388,388
cre_line,8,firing_rate_history_kernel,0.05546801537275314,0.05060015618801117,0.004867859184741974,0.004867859184741974,True,388,388
cre_line,8,activation,0.06815854460000992,0.07418414205312729,-0.006025597453117371,0.006025597453117371,True,388,388
cre_line,9,input_history_kernel,0.04556886479258537,0.04973755031824112,-0.0041686855256557465,0.0041686855256557465,True,388,388
cre_line,9,firing_rate_history_kernel,0.05157683417201042,0.05141313001513481,0.00016370415687561035,0.00016370415687561035,True,388,388
cre_line,9,activation,0.07427813857793808,0.06359819322824478,0.010679945349693298,0.010679945349693298,True,388,388
cre_line,10,input_history_kernel,0.056464068591594696,0.049494270235300064,0.006969798356294632,0.006969798356294632,True,388,388
cre_line,10,firing_rate_history_kernel,0.04241194203495979,0.05106095224618912,-0.008649010211229324,0.008649010211229324,True,388,388
cre_line,10,activation,0.06966397166252136,0.06518609076738358,0.004477880895137787,0.004477880895137787,True,388,388
cre_line,11,input_history_kernel,0.04545215889811516,0.049654655158519745,-0.004202496260404587,0.004202496260404587,True,388,388
cre_line,11,firing_rate_history_kernel,0.05061989277601242,0.049783848226070404,0.0008360445499420166,0.0008360445499420166,True,388,388
cre_line,11,activation,0.0771411880850792,0.06816398352384567,0.00897720456123352,0.00897720456123352,True,388,388
cre_line,12,input_history_kernel,0.051350437104701996,0.05784842371940613,-0.006497986614704132,0.006497986614704132,True,388,388
cre_line,12,firing_rate_history_kernel,0.046317655593156815,0.04451611638069153,0.0018015392124652863,0.0018015392124652863,True,388,388
cre_line,12,activation,0.07288510352373123,0.060361236333847046,0.012523867189884186,0.012523867189884186,True,388,388
cre_line,13,input_history_kernel,0.04525667056441307,0.049502383917570114,-0.0042457133531570435,0.0042457133531570435,True,388,388
cre_line,13,firing_rate_history_kernel,0.05360203981399536,0.04795816168189049,0.005643878132104874,0.005643878132104874,True,388,388
cre_line,13,activation,0.06971008330583572,0.07343854010105133,-0.0037284567952156067,0.0037284567952156067,True,388,388
cre_line,14,input_history_kernel,0.04447368159890175,0.044016800820827484,0.0004568807780742645,0.0004568807780742645,True,388,388
cre_line,14,firing_rate_history_kernel,0.051732271909713745,0.05904226750135422,-0.007309995591640472,0.007309995591640472,True,388,388
cre_line,14,activation,0.07678412646055222,0.05850916728377342,0.018274959176778793,0.018274959176778793,True,388,388
cre_line,15,input_history_kernel,0.049464017152786255,0.04495128244161606,0.0045127347111701965,0.0045127347111701965,True,388,388
cre_line,15,firing_rate_history_kernel,0.04810472950339317,0.05441558361053467,-0.006310854107141495,0.006310854107141495,True,388,388
cre_line,15,activation,0.07314997166395187,0.06835506111383438,0.004794910550117493,0.004794910550117493,True,388,388
cre_line,16,input_history_kernel,0.04104335606098175,0.04586901143193245,-0.004825655370950699,0.004825655370950699,True,388,388
cre_line,16,firing_rate_history_kernel,0.056256480515003204,0.048169903457164764,0.00808657705783844,0.00808657705783844,True,388,388
cre_line,16,activation,0.07386709004640579,0.0825628861784935,-0.008695796132087708,0.008695796132087708,True,388,388
cre_line,17,input_history_kernel,0.04583371803164482,0.0502173975110054,-0.0043836794793605804,0.0043836794793605804,True,388,388
cre_line,17,firing_rate_history_kernel,0.053438130766153336,0.0465887188911438,0.006849411875009537,0.006849411875009537,True,388,388
cre_line,17,activation,0.0686083659529686,0.0751836970448494,-0.006575331091880798,0.006575331091880798,True,388,388
cre_line,18,input_history_kernel,0.05161137506365776,0.04777036979794502,0.003841005265712738,0.003841005265712738,True,388,388
cre_line,18,firing_rate_history_kernel,0.04364927113056183,0.052193064242601395,-0.008543793112039566,0.008543793112039566,True,388,388
cre_line,18,activation,0.07930493354797363,0.06676418334245682,0.012540750205516815,0.012540750205516815,True,388,388
cre_line,19,input_history_kernel,0.04679117351770401,0.048175148665905,-0.0013839751482009888,0.0013839751482009888,True,388,388
cre_line,19,firing_rate_history_kernel,0.04857959970831871,0.053857095539569855,-0.005277495831251144,0.005277495831251144,True,388,388
cre_line,19,activation,0.07901126891374588,0.06124734878540039,0.01776392012834549,0.01776392012834549,True,388,388
cre_line,20,input_history_kernel,0.046239253133535385,0.050039343535900116,-0.003800090402364731,0.003800090402364731,True,388,388
cre_line,20,firing_rate_history_kernel,0.05379229784011841,0.048839204013347626,0.0049530938267707825,0.0049530938267707825,True,388,388
cre_line,20,activation,0.06658252328634262,0.06965720653533936,-0.0030746832489967346,0.0030746832489967346,True,388,388
cre_line,21,input_history_kernel,0.04261001944541931,0.04824983701109886,-0.00563981756567955,0.00563981756567955,True,388,388
cre_line,21,firing_rate_history_kernel,0.05122881382703781,0.05091070383787155,0.00031810998916625977,0.00031810998916625977,True,388,388
cre_line,21,activation,0.0830964669585228,0.06890522688627243,0.014191240072250366,0.014191240072250366,True,388,388
cre_line,22,input_history_kernel,0.048090338706970215,0.0463811419904232,0.0017091967165470123,0.0017091967165470123,True,388,388
cre_line,22,firing_rate_history_kernel,0.04934049770236015,0.05107838287949562,-0.0017378851771354675,0.0017378851771354675,True,388,388
cre_line,22,activation,0.07351777702569962,0.0734412744641304,7.650256156921387e-05,7.650256156921387e-05,True,388,388
cre_line,23,input_history_kernel,0.04639893025159836,0.047675199806690216,-0.001276269555091858,0.001276269555091858,True,388,388
cre_line,23,firing_rate_history_kernel,0.0546109639108181,0.050584934651851654,0.004026029258966446,0.004026029258966446,True,388,388
cre_line,23,activation,0.06397360563278198,0.07130634039640427,-0.007332734763622284,0.007332734763622284,True,388,388
cre_line,24,input_history_kernel,0.04237038642168045,0.043374620378017426,-0.001004233956336975,0.001004233956336975,True,388,388
cre_line,24,firing_rate_history_kernel,0.056393444538116455,0.052454542368650436,0.003938902169466019,0.003938902169466019,True,388,388
cre_line,24,activation,0.06996311992406845,0.07778889685869217,-0.007825776934623718,0.007825776934623718,True,388,388
cre_line,25,input_history_kernel,0.042915672063827515,0.05052381381392479,-0.007608141750097275,0.007608141750097275,True,388,388
cre_line,25,firing_rate_history_kernel,0.05386953800916672,0.04561848193407059,0.00825105607509613,0.00825105607509613,True,388,388
cre_line,25,activation,0.07523944228887558,0.07695388793945312,-0.0017144456505775452,0.0017144456505775452,True,388,388
cre_line,26,input_history_kernel,0.05133819580078125,0.04915277659893036,0.002185419201850891,0.002185419201850891,True,388,388
cre_line,26,firing_rate_history_kernel,0.04645241051912308,0.050695449113845825,-0.004243038594722748,0.004243038594722748,True,388,388
cre_line,26,activation,0.07255838066339493,0.06707140058279037,0.005486980080604553,0.005486980080604553,True,388,388
cre_line,27,input_history_kernel,0.044729236513376236,0.04628171771764755,-0.0015524812042713165,0.0015524812042713165,True,388,388
cre_line,27,firing_rate_history_kernel,0.05183795094490051,0.05528445169329643,-0.00344650074839592,0.00344650074839592,True,388,388
cre_line,27,activation,0.07582081109285355,0.062490206211805344,0.013330604881048203,0.013330604881048203,True,388,388
cre_line,28,input_history_kernel,0.04142776131629944,0.04667546972632408,-0.005247708410024643,0.005247708410024643,True,388,388
cre_line,28,firing_rate_history_kernel,0.05027076229453087,0.05115663260221481,-0.0008858703076839447,0.0008858703076839447,True,388,388
cre_line,28,activation,0.08880394697189331,0.07244772464036942,0.016356222331523895,0.016356222331523895,True,388,388
cre_line,29,input_history_kernel,0.044389478862285614,0.04541134834289551,-0.0010218694806098938,0.0010218694806098938,True,388,388
cre_line,29,firing_rate_history_kernel,0.04919200763106346,0.052168093621730804,-0.002976085990667343,0.002976085990667343,True,388,388
cre_line,29,activation,0.08378270268440247,0.07312150299549103,0.010661199688911438,0.010661199688911438,True,388,388
cre_line,30,input_history_kernel,0.04552305117249489,0.04581495746970177,-0.00029190629720687866,0.00029190629720687866,True,388,388
cre_line,30,firing_rate_history_kernel,0.050410859286785126,0.05493062734603882,-0.004519768059253693,0.004519768059253693,True,388,388
cre_line,30,activation,0.0775095745921135,0.06467843800783157,0.012831136584281921,0.012831136584281921,True,388,388
cre_line,31,input_history_kernel,0.05176912248134613,0.04599534720182419,0.005773775279521942,0.005773775279521942,True,388,388
cre_line,31,firing_rate_history_kernel,0.048366256058216095,0.05329940468072891,-0.004933148622512817,0.004933148622512817,True,388,388
cre_line,31,activation,0.06630565971136093,0.06854734569787979,-0.00224168598651886,0.00224168598651886,True,388,388
cre_line,32,input_history_kernel,0.04229925572872162,0.045593492686748505,-0.003294236958026886,0.003294236958026886,True,388,388
cre_line,32,firing_rate_history_kernel,0.05673108249902725,0.0495787188410759,0.007152363657951355,0.007152363657951355,True,388,388
cre_line,32,activation,0.06925245374441147,0.07954074442386627,-0.010288290679454803,0.010288290679454803,True,388,388
cre_line,33,input_history_kernel,0.050586678087711334,0.04018758237361908,0.010399095714092255,0.010399095714092255,True,388,388
cre_line,33,firing_rate_history_kernel,0.05037922412157059,0.05611177906394005,-0.005732554942369461,0.005732554942369461,True,388,388
cre_line,33,activation,0.06409092992544174,0.07653502374887466,-0.012444093823432922,0.012444093823432922,True,388,388
cre_line,34,input_history_kernel,0.04897088184952736,0.04739176481962204,0.0015791170299053192,0.0015791170299053192,True,388,388
cre_line,34,firing_rate_history_kernel,0.051154762506484985,0.05107507109642029,7.969141006469727e-05,7.969141006469727e-05,True,388,388
cre_line,34,activation,0.0663316622376442,0.07075513154268265,-0.004423469305038452,0.004423469305038452,True,388,388
cre_line,35,input_history_kernel,0.05351480469107628,0.04512692615389824,0.00838787853717804,0.00838787853717804,True,388,388
cre_line,35,firing_rate_history_kernel,0.04746456444263458,0.04994039982557297,-0.002475835382938385,0.002475835382938385,True,388,388
cre_line,35,activation,0.06405501812696457,0.0798204317688942,-0.015765413641929626,0.015765413641929626,True,388,388
cre_line,36,input_history_kernel,0.050463300198316574,0.04700366407632828,0.0034596361219882965,0.0034596361219882965,True,388,388
cre_line,36,firing_rate_history_kernel,0.043983228504657745,0.049973100423812866,-0.005989871919155121,0.005989871919155121,True,388,388
cre_line,36,activation,0.08147593587636948,0.07472863048315048,0.006747305393218994,0.006747305393218994,True,388,388
cre_line,37,input_history_kernel,0.045418109744787216,0.04876378923654556,-0.0033456794917583466,0.0033456794917583466,True,388,388
cre_line,37,firing_rate_history_kernel,0.056705232709646225,0.04590216279029846,0.010803069919347763,0.010803069919347763,True,388,388
cre_line,37,activation,0.06100441515445709,0.08089077472686768,-0.019886359572410583,0.019886359572410583,True,388,388
cre_line,38,input_history_kernel,0.04586249589920044,0.05080825462937355,-0.004945758730173111,0.004945758730173111,True,388,388
cre_line,38,firing_rate_history_kernel,0.051215216517448425,0.04726206511259079,0.0039531514048576355,0.0039531514048576355,True,388,388
cre_line,38,activation,0.07445942610502243,0.07181248068809509,0.0026469454169273376,0.0026469454169273376,True,388,388
cre_line,39,input_history_kernel,0.04570544511079788,0.05091288685798645,-0.005207441747188568,0.005207441747188568,True,388,388
cre_line,39,firing_rate_history_kernel,0.05447959899902344,0.05058588087558746,0.003893718123435974,0.003893718123435974,True,388,388
cre_line,39,activation,0.06617320328950882,0.06266995519399643,0.00350324809551239,0.00350324809551239,True,388,388
cre_line,40,input_history_kernel,0.04714440181851387,0.04389078915119171,0.003253612667322159,0.003253612667322159,True,388,388
cre_line,40,firing_rate_history_kernel,0.05291838198900223,0.05216526612639427,0.0007531158626079559,0.0007531158626079559,True,388,388
cre_line,40,activation,0.0664992481470108,0.07718385010957718,-0.010684601962566376,0.010684601962566376,True,388,388
cre_line,41,input_history_kernel,0.04155321791768074,0.052638813853263855,-0.011085595935583115,0.011085595935583115,True,388,388
cre_line,41,firing_rate_history_kernel,0.056087005883455276,0.049315083771944046,0.0067719221115112305,0.0067719221115112305,True,388,388
cre_line,41,activation,0.07295940816402435,0.06145624443888664,0.01150316372513771,0.01150316372513771,True,388,388
cre_line,42,input_history_kernel,0.047372959554195404,0.04479528218507767,0.002577677369117737,0.002577677369117737,True,388,388
cre_line,42,firing_rate_history_kernel,0.05106036365032196,0.04996313899755478,0.0010972246527671814,0.0010972246527671814,True,388,388
cre_line,42,activation,0.07084446400403976,0.0806441679596901,-0.00979970395565033,0.00979970395565033,True,388,388
cre_line,43,input_history_kernel,0.0478244349360466,0.04495445638895035,0.0028699785470962524,0.0028699785470962524,True,388,388
cre_line,43,firing_rate_history_kernel,0.052547357976436615,0.052619174122810364,-7.181614637374878e-05,7.181614637374878e-05,True,388,388
cre_line,43,activation,0.06567523628473282,0.07313699275255203,-0.007461756467819214,0.007461756467819214,True,388,388
cre_line,44,input_history_kernel,0.04483282193541527,0.046911031007766724,-0.0020782090723514557,0.0020782090723514557,True,388,388
cre_line,44,firing_rate_history_kernel,0.052766263484954834,0.05245901644229889,0.0003072470426559448,0.0003072470426559448,True,388,388
cre_line,44,activation,0.07306910306215286,0.0683465525507927,0.0047225505113601685,0.0047225505113601685,True,388,388
cre_line,45,input_history_kernel,0.046873241662979126,0.04345808923244476,0.003415152430534363,0.003415152430534363,True,388,388
cre_line,45,firing_rate_history_kernel,0.05056844651699066,0.05253535136580467,-0.0019669048488140106,0.0019669048488140106,True,388,388
cre_line,45,activation,0.07348883897066116,0.07735083252191544,-0.0038619935512542725,0.0038619935512542725,True,388,388
cre_line,46,input_history_kernel,0.04260434955358505,0.04885682463645935,-0.006252475082874298,0.006252475082874298,True,388,388
cre_line,46,firing_rate_history_kernel,0.05306428298354149,0.04990767687559128,0.0031566061079502106,0.0031566061079502106,True,388,388
cre_line,46,activation,0.07821697741746902,0.069961316883564,0.00825566053390503,0.00825566053390503,True,388,388
cre_line,47,input_history_kernel,0.04054255038499832,0.044804446399211884,-0.004261896014213562,0.004261896014213562,True,388,388
cre_line,47,firing_rate_history_kernel,0.05608920007944107,0.051785025745630264,0.004304174333810806,0.004304174333810806,True,388,388
cre_line,47,activation,0.07564865052700043,0.07576142251491547,-0.00011277198791503906,0.00011277198791503906,True,388,388
cre_line,48,input_history_kernel,0.04061226174235344,0.04573474079370499,-0.005122479051351547,0.005122479051351547,True,388,388
cre_line,48,firing_rate_history_kernel,0.053254593163728714,0.05454638600349426,-0.0012917928397655487,0.0012917928397655487,True,388,388
cre_line,48,activation,0.08302173018455505,0.0659170001745224,0.017104730010032654,0.017104730010032654,True,388,388
cre_line,49,input_history_kernel,0.04643113166093826,0.0465644896030426,-0.0001333579421043396,0.0001333579421043396,True,388,388
cre_line,49,firing_rate_history_kernel,0.0504513643682003,0.04918058589100838,0.001270778477191925,0.001270778477191925,True,388,388
cre_line,49,activation,0.07498002052307129,0.07801313698291779,-0.0030331164598464966,0.0030331164598464966,True,388,388
cre_line,50,input_history_kernel,0.04643882066011429,0.046895310282707214,-0.000456489622592926,0.000456489622592926,True,388,388
cre_line,50,firing_rate_history_kernel,0.05265694484114647,0.05220510810613632,0.0004518367350101471,0.0004518367350101471,True,388,388
cre_line,50,activation,0.06907796114683151,0.06906556338071823,1.239776611328125e-05,1.239776611328125e-05,True,388,388
cre_line,51,input_history_kernel,0.04435379058122635,0.04709942266345024,-0.002745632082223892,0.002745632082223892,True,388,388
cre_line,51,firing_rate_history_kernel,0.051514074206352234,0.05370458960533142,-0.002190515398979187,0.002190515398979187,True,388,388
cre_line,51,activation,0.07768571376800537,0.0645226314663887,0.013163082301616669,0.013163082301616669,True,388,388
cre_line,52,input_history_kernel,0.04233464226126671,0.051324695348739624,-0.008990053087472916,0.008990053087472916,True,388,388
cre_line,52,firing_rate_history_kernel,0.05271877348423004,0.04887307807803154,0.0038456954061985016,0.0038456954061985016,True,388,388
cre_line,52,activation,0.07985753566026688,0.06613924354314804,0.013718292117118835,0.013718292117118835,True,388,388
cre_line,53,input_history_kernel,0.05126992613077164,0.04473850131034851,0.006531424820423126,0.006531424820423126,True,388,388
cre_line,53,firing_rate_history_kernel,0.04711475223302841,0.05134321376681328,-0.004228461533784866,0.004228461533784866,True,388,388
cre_line,53,activation,0.07097417116165161,0.07711542397737503,-0.006141252815723419,0.006141252815723419,True,388,388
cre_line,54,input_history_kernel,0.048969391733407974,0.04807209223508835,0.0008972994983196259,0.0008972994983196259,True,388,388
cre_line,54,firing_rate_history_kernel,0.051143016666173935,0.04983261227607727,0.0013104043900966644,0.0013104043900966644,True,388,388
cre_line,54,activation,0.06636691838502884,0.07225414365530014,-0.005887225270271301,0.005887225270271301,True,388,388
cre_line,55,input_history_kernel,0.04799503833055496,0.045417264103889465,0.002577774226665497,0.002577774226665497,True,388,388
cre_line,55,firing_rate_history_kernel,0.05071592703461647,0.05497325584292412,-0.004257328808307648,0.004257328808307648,True,388,388
cre_line,55,activation,0.07010409981012344,0.06562529504299164,0.004478804767131805,0.004478804767131805,True,388,388
cre_line,56,input_history_kernel,0.0460386797785759,0.04914121702313423,-0.0031025372445583344,0.0031025372445583344,True,388,388
cre_line,56,firing_rate_history_kernel,0.0534588024020195,0.047397367656230927,0.006061434745788574,0.006061434745788574,True,388,388
cre_line,56,activation,0.06800670921802521,0.07589711248874664,-0.007890403270721436,0.007890403270721436,True,388,388
cre_line,57,input_history_kernel,0.047018952667713165,0.04612903296947479,0.0008899196982383728,0.0008899196982383728,True,388,388
cre_line,57,firing_rate_history_kernel,0.05089987441897392,0.05242903530597687,-0.001529160887002945,0.001529160887002945,True,388,388
cre_line,57,activation,0.07221648842096329,0.07051180303096771,0.001704685389995575,0.001704685389995575,True,388,388
cre_line,58,input_history_kernel,0.043729983270168304,0.043675314635038376,5.466863512992859e-05,5.466863512992859e-05,True,388,388
cre_line,58,firing_rate_history_kernel,0.05703432857990265,0.050334058701992035,0.006700269877910614,0.006700269877910614,True,388,388
cre_line,58,activation,0.0646284744143486,0.08264168351888657,-0.018013209104537964,0.018013209104537964,True,388,388
cre_line,59,input_history_kernel,0.04981108009815216,0.04403235390782356,0.005778726190328598,0.005778726190328598,True,388,388
cre_line,59,firing_rate_history_kernel,0.05032837390899658,0.05674251168966293,-0.006414137780666351,0.006414137780666351,True,388,388
cre_line,59,activation,0.06629478186368942,0.0646003857254982,0.0016943961381912231,0.0016943961381912231,True,388,388
cre_line,60,input_history_kernel,0.04334968328475952,0.04240979254245758,0.0009398907423019409,0.0009398907423019409,True,388,388
cre_line,60,firing_rate_history_kernel,0.049599532037973404,0.05331862345337868,-0.0037190914154052734,0.0037190914154052734,True,388,388
cre_line,60,activation,0.08546876162290573,0.07805755734443665,0.007411204278469086,0.007411204278469086,True,388,388
cre_line,61,input_history_kernel,0.046579889953136444,0.048319995403289795,-0.0017401054501533508,0.0017401054501533508,True,388,388
cre_line,61,firing_rate_history_kernel,0.052200138568878174,0.050824664533138275,0.0013754740357398987,0.0013754740357398987,True,388,388
cre_line,61,activation,0.06991991400718689,0.06894759088754654,0.0009723231196403503,0.0009723231196403503,True,388,388
cre_line,62,input_history_kernel,0.04913196712732315,0.04885287582874298,0.0002790912985801697,0.0002790912985801697,True,388,388
cre_line,62,firing_rate_history_kernel,0.047615405172109604,0.047605838626623154,9.566545486450195e-06,9.566545486450195e-06,True,388,388
cre_line,62,activation,0.07534033060073853,0.0761101022362709,-0.0007697716355323792,0.0007697716355323792,True,388,388
cre_line,63,input_history_kernel,0.04372673109173775,0.0467328280210495,-0.0030060969293117523,0.0030060969293117523,True,388,388
cre_line,63,firing_rate_history_kernel,0.05652985721826553,0.048164982348680496,0.008364874869585037,0.008364874869585037,True,388,388
cre_line,63,activation,0.06598243862390518,0.08027248829603195,-0.01429004967212677,0.01429004967212677,True,388,388
cre_line,64,input_history_kernel,0.04721447825431824,0.04633171483874321,0.0008827634155750275,0.0008827634155750275,True,388,388
cre_line,64,firing_rate_history_kernel,0.048810094594955444,0.05114040523767471,-0.002330310642719269,0.002330310642719269,True,388,388
cre_line,64,activation,0.07726778835058212,0.07340768724679947,0.003860101103782654,0.003860101103782654,True,388,388
cre_line,65,input_history_kernel,0.04284906014800072,0.04416347295045853,-0.0013144128024578094,0.0013144128024578094,True,388,388
cre_line,65,firing_rate_history_kernel,0.05498924106359482,0.05178022384643555,0.0032090172171592712,0.0032090172171592712,True,388,388
cre_line,65,activation,0.07243118435144424,0.07748345285654068,-0.0050522685050964355,0.0050522685050964355,True,388,388
cre_line,66,input_history_kernel,0.04870128631591797,0.046784453094005585,0.001916833221912384,0.001916833221912384,True,388,388
cre_line,66,firing_rate_history_kernel,0.049364540725946426,0.05016832798719406,-0.0008037872612476349,0.0008037872612476349,True,388,388
cre_line,66,activation,0.07182446122169495,0.07479261606931686,-0.0029681548476219177,0.0029681548476219177,True,388,388
cre_line,67,input_history_kernel,0.044221602380275726,0.0446547269821167,-0.0004331246018409729,0.0004331246018409729,True,388,388
cre_line,67,firing_rate_history_kernel,0.05433563143014908,0.05584680289030075,-0.0015111714601516724,0.0015111714601516724,True,388,388
cre_line,67,activation,0.07051406055688858,0.06532927602529526,0.005184784531593323,0.005184784531593323,True,388,388
cre_line,68,input_history_kernel,0.048316240310668945,0.04653817042708397,0.0017780698835849762,0.0017780698835849762,True,388,388
cre_line,68,firing_rate_history_kernel,0.051738858222961426,0.04948832839727402,0.0022505298256874084,0.0022505298256874084,True,388,388
cre_line,68,activation,0.06651972979307175,0.07726269215345383,-0.01074296236038208,0.01074296236038208,True,388,388
cre_line,69,input_history_kernel,0.05238214135169983,0.048141755163669586,0.004240386188030243,0.004240386188030243,True,388,388
cre_line,69,firing_rate_history_kernel,0.04902289807796478,0.048580899834632874,0.0004419982433319092,0.0004419982433319092,True,388,388
cre_line,69,activation,0.06291988492012024,0.07540625333786011,-0.012486368417739868,0.012486368417739868,True,388,388
cre_line,70,input_history_kernel,0.049422722309827805,0.047016967087984085,0.0024057552218437195,0.0024057552218437195,True,388,388
cre_line,70,firing_rate_history_kernel,0.0505615696310997,0.052573733031749725,-0.0020121634006500244,0.0020121634006500244,True,388,388
cre_line,70,activation,0.06670857965946198,0.06775811314582825,-0.001049533486366272,0.001049533486366272,True,388,388
cre_line,71,input_history_kernel,0.044563401490449905,0.04586433619260788,-0.0013009347021579742,0.0013009347021579742,True,388,388
cre_line,71,firing_rate_history_kernel,0.053480252623558044,0.054138846695423126,-0.0006585940718650818,0.0006585940718650818,True,388,388
cre_line,71,activation,0.07188358157873154,0.06665819138288498,0.005225390195846558,0.005225390195846558,True,388,388
cre_line,72,input_history_kernel,0.04303794726729393,0.04513971507549286,-0.002101767808198929,0.002101767808198929,True,388,388
cre_line,72,firing_rate_history_kernel,0.05250142514705658,0.0521228201687336,0.0003786049783229828,0.0003786049783229828,True,388,388
cre_line,72,activation,0.07856165617704391,0.07396657019853592,0.004595085978507996,0.004595085978507996,True,388,388
cre_line,73,input_history_kernel,0.05001818761229515,0.04365694895386696,0.006361238658428192,0.006361238658428192,True,388,388
cre_line,73,firing_rate_history_kernel,0.048311054706573486,0.05781535059213638,-0.009504295885562897,0.009504295885562897,True,388,388
cre_line,73,activation,0.07112204283475876,0.06274054199457169,0.008381500840187073,0.008381500840187073,True,388,388
cre_line,74,input_history_kernel,0.04697499796748161,0.05008013918995857,-0.0031051412224769592,0.0031051412224769592,True,388,388
cre_line,74,firing_rate_history_kernel,0.05154840648174286,0.05004994571208954,0.0014984607696533203,0.0014984607696533203,True,388,388
cre_line,74,activation,0.07060424983501434,0.06631975620985031,0.004284493625164032,0.004284493625164032,True,388,388
cre_line,75,input_history_kernel,0.05082032456994057,0.05039292201399803,0.0004274025559425354,0.0004274025559425354,True,388,388
cre_line,75,firing_rate_history_kernel,0.04877849295735359,0.04722749441862106,0.0015509985387325287,0.0015509985387325287,True,388,388
cre_line,75,activation,0.06773648411035538,0.07301222532987595,-0.005275741219520569,0.005275741219520569,True,388,388
cre_line,76,input_history_kernel,0.047757431864738464,0.04470878839492798,0.003048643469810486,0.003048643469810486,True,388,388
cre_line,76,firing_rate_history_kernel,0.05234941095113754,0.05348041281104088,-0.0011310018599033356,0.0011310018599033356,True,388,388
cre_line,76,activation,0.06638172268867493,0.0714954361319542,-0.005113713443279266,0.005113713443279266,True,388,388
cre_line,77,input_history_kernel,0.04810258001089096,0.042315009981393814,0.005787570029497147,0.005787570029497147,True,388,388
cre_line,77,firing_rate_history_kernel,0.04753363877534866,0.056156691163778305,-0.008623052388429642,0.008623052388429642,True,388,388
cre_line,77,activation,0.07830342650413513,0.070742167532444,0.007561258971691132,0.007561258971691132,True,388,388
cre_line,78,input_history_kernel,0.047410666942596436,0.046119943261146545,0.0012907236814498901,0.0012907236814498901,True,388,388
cre_line,78,firing_rate_history_kernel,0.052422843873500824,0.04695521667599678,0.005467627197504044,0.005467627197504044,True,388,388
cre_line,78,activation,0.06711063534021378,0.08513292670249939,-0.018022291362285614,0.018022291362285614,True,388,388
cre_line,79,input_history_kernel,0.04321978986263275,0.04785460978746414,-0.00463481992483139,0.00463481992483139,True,388,388
cre_line,79,firing_rate_history_kernel,0.054918594658374786,0.05251379311084747,0.0024048015475273132,0.0024048015475273132,True,388,388
cre_line,79,activation,0.07163097709417343,0.06568426638841629,0.005946710705757141,0.005946710705757141,True,388,388
cre_line,80,input_history_kernel,0.04786287248134613,0.04884026572108269,-0.000977393239736557,0.000977393239736557,True,388,388
cre_line,80,firing_rate_history_kernel,0.048871949315071106,0.050936147570610046,-0.0020641982555389404,0.0020641982555389404,True,388,388
cre_line,80,activation,0.0753738060593605,0.0672629177570343,0.008110888302326202,0.008110888302326202,True,388,388
cre_line,81,input_history_kernel,0.04485723748803139,0.04863467067480087,-0.0037774331867694855,0.0037774331867694855,True,388,388
cre_line,81,firing_rate_history_kernel,0.05499803274869919,0.04703373461961746,0.007964298129081726,0.007964298129081726,True,388,388
cre_line,81,activation,0.06705260276794434,0.07821757346391678,-0.011164970695972443,0.011164970695972443,True,388,388
cre_line,82,input_history_kernel,0.05181044340133667,0.047705769538879395,0.004104673862457275,0.004104673862457275,True,388,388
cre_line,82,firing_rate_history_kernel,0.04946087300777435,0.05359281599521637,-0.004131942987442017,0.004131942987442017,True,388,388
cre_line,82,activation,0.06327647715806961,0.06320378184318542,7.269531488418579e-05,7.269531488418579e-05,True,388,388
cre_line,83,input_history_kernel,0.04636424034833908,0.048537448048591614,-0.002173207700252533,0.002173207700252533,True,388,388
cre_line,83,firing_rate_history_kernel,0.0520123690366745,0.05013137310743332,0.0018809959292411804,0.0018809959292411804,True,388,388
cre_line,83,activation,0.07099568843841553,0.07021647691726685,0.0007792115211486816,0.0007792115211486816,True,388,388
cre_line,84,input_history_kernel,0.0451611690223217,0.04787851497530937,-0.002717345952987671,0.002717345952987671,True,388,388
cre_line,84,firing_rate_history_kernel,0.05347089096903801,0.04923112690448761,0.0042397640645504,0.0042397640645504,True,388,388
cre_line,84,activation,0.07031451165676117,0.07437428086996078,-0.0040597692131996155,0.0040597692131996155,True,388,388
cre_line,85,input_history_kernel,0.04413825273513794,0.044381968677043915,-0.00024371594190597534,0.00024371594190597534,True,388,388
cre_line,85,firing_rate_history_kernel,0.053947463631629944,0.052649036049842834,0.0012984275817871094,0.0012984275817871094,True,388,388
cre_line,85,activation,0.07177145034074783,0.0745840072631836,-0.0028125569224357605,0.0028125569224357605,True,388,388
cre_line,86,input_history_kernel,0.04250384867191315,0.04950027912855148,-0.006996430456638336,0.006996430456638336,True,388,388
cre_line,86,firing_rate_history_kernel,0.056186847388744354,0.050145313143730164,0.006041534245014191,0.006041534245014191,True,388,388
cre_line,86,activation,0.07015815377235413,0.06761174649000168,0.0025464072823524475,0.0025464072823524475,True,388,388
cre_line,87,input_history_kernel,0.043655671179294586,0.04488031938672066,-0.0012246482074260712,0.0012246482074260712,True,388,388
cre_line,87,firing_rate_history_kernel,0.0537717267870903,0.05281868577003479,0.0009530410170555115,0.0009530410170555115,True,388,388
cre_line,87,activation,0.07352694869041443,0.07280265539884567,0.0007242932915687561,0.0007242932915687561,True,388,388
cre_line,88,input_history_kernel,0.049018315970897675,0.04695400595664978,0.0020643100142478943,0.0020643100142478943,True,388,388
cre_line,88,firing_rate_history_kernel,0.04985298961400986,0.050544463098049164,-0.0006914734840393066,0.0006914734840393066,True,388,388
cre_line,88,activation,0.06967649608850479,0.07333739846944809,-0.0036609023809432983,0.0036609023809432983,True,388,388
cre_line,89,input_history_kernel,0.039686016738414764,0.046932220458984375,-0.007246203720569611,0.007246203720569611,True,388,388
cre_line,89,firing_rate_history_kernel,0.0563715435564518,0.05387582629919052,0.0024957172572612762,0.0024957172572612762,True,388,388
cre_line,89,activation,0.07717984914779663,0.06451188772916794,0.012667961418628693,0.012667961418628693,True,388,388
cre_line,90,input_history_kernel,0.051413070410490036,0.04489828646183014,0.006514783948659897,0.006514783948659897,True,388,388
cre_line,90,firing_rate_history_kernel,0.04941300302743912,0.052084408700466156,-0.0026714056730270386,0.0026714056730270386,True,388,388
cre_line,90,activation,0.06446380913257599,0.07471279054880142,-0.010248981416225433,0.010248981416225433,True,388,388
cre_line,91,input_history_kernel,0.0487956702709198,0.04455183818936348,0.00424383208155632,0.00424383208155632,True,388,388
cre_line,91,firing_rate_history_kernel,0.04963366687297821,0.052574753761291504,-0.0029410868883132935,0.0029410868883132935,True,388,388
cre_line,91,activation,0.07085508853197098,0.07432911545038223,-0.003474026918411255,0.003474026918411255,True,388,388
cre_line,92,input_history_kernel,0.044936127960681915,0.0404217503964901,0.004514377564191818,0.004514377564191818,True,388,388
cre_line,92,firing_rate_history_kernel,0.05368980020284653,0.057457469403743744,-0.003767669200897217,0.003767669200897217,True,388,388
cre_line,92,activation,0.07033088058233261,0.0723220631480217,-0.001991182565689087,0.001991182565689087,True,388,388
cre_line,93,input_history_kernel,0.04603344947099686,0.050633810460567474,-0.004600360989570618,0.004600360989570618,True,388,388
cre_line,93,firing_rate_history_kernel,0.054361481219530106,0.045562006533145905,0.008799474686384201,0.008799474686384201,True,388,388
cre_line,93,activation,0.0656135305762291,0.07681113481521606,-0.011197604238986969,0.011197604238986969,True,388,388
cre_line,94,input_history_kernel,0.05360831320285797,0.04728339985013008,0.00632491335272789,0.00632491335272789,True,388,388
cre_line,94,firing_rate_history_kernel,0.04554169997572899,0.05158581584692001,-0.006044115871191025,0.006044115871191025,True,388,388
cre_line,94,activation,0.06893328577280045,0.0696820616722107,-0.0007487758994102478,0.0007487758994102478,True,388,388
cre_line,95,input_history_kernel,0.04287605732679367,0.04898820072412491,-0.006112143397331238,0.006112143397331238,True,388,388
cre_line,95,firing_rate_history_kernel,0.053518734872341156,0.048842139542102814,0.004676595330238342,0.004676595330238342,True,388,388
cre_line,95,activation,0.07628054916858673,0.07245243340730667,0.00382811576128006,0.00382811576128006,True,388,388
cre_line,96,input_history_kernel,0.05253472179174423,0.04946867376565933,0.0030660480260849,0.0030660480260849,True,388,388
cre_line,96,firing_rate_history_kernel,0.04570186138153076,0.050713393837213516,-0.0050115324556827545,0.0050115324556827545,True,388,388
cre_line,96,activation,0.07136910408735275,0.06618114560842514,0.005187958478927612,0.005187958478927612,True,388,388
cre_line,97,input_history_kernel,0.044866934418678284,0.04598142206668854,-0.001114487648010254,0.001114487648010254,True,388,388
cre_line,97,firing_rate_history_kernel,0.05504446104168892,0.05162961035966873,0.0034148506820201874,0.0034148506820201874,True,388,388
cre_line,97,activation,0.06690292805433273,0.07303722947835922,-0.006134301424026489,0.006134301424026489,True,388,388
cre_line,98,input_history_kernel,0.040065184235572815,0.049090638756752014,-0.0090254545211792,0.0090254545211792,True,388,388
cre_line,98,firing_rate_history_kernel,0.058594558387994766,0.04981602728366852,0.008778531104326248,0.008778531104326248,True,388,388
cre_line,98,activation,0.07024067640304565,0.06958219408988953,0.0006584823131561279,0.0006584823131561279,True,388,388
cre_line,99,input_history_kernel,0.04859580844640732,0.05118691921234131,-0.0025911107659339905,0.0025911107659339905,True,388,388
cre_line,99,firing_rate_history_kernel,0.050030045211315155,0.04492589086294174,0.005104154348373413,0.005104154348373413,True,388,388
cre_line,99,activation,0.07033103704452515,0.07703252881765366,-0.0067014917731285095,0.0067014917731285095,True,388,388
cre_line,100,input_history_kernel,0.04433467984199524,0.045203596353530884,-0.0008689165115356445,0.0008689165115356445,True,388,388
cre_line,100,firing_rate_history_kernel,0.05438414588570595,0.05093242600560188,0.003451719880104065,0.003451719880104065,True,388,388
cre_line,100,activation,0.07008316367864609,0.07697061449289322,-0.006887450814247131,0.006887450814247131,True,388,388
cre_line,101,input_history_kernel,0.04783983528614044,0.04239850491285324,0.005441330373287201,0.005441330373287201,True,388,388
cre_line,101,firing_rate_history_kernel,0.05183098465204239,0.050442203879356384,0.0013887807726860046,0.0013887807726860046,True,388,388
cre_line,101,activation,0.06754449009895325,0.08575811982154846,-0.018213629722595215,0.018213629722595215,True,388,388
cre_line,102,input_history_kernel,0.04913559556007385,0.04110867902636528,0.008026916533708572,0.008026916533708572,True,388,388
cre_line,102,firing_rate_history_kernel,0.04940948635339737,0.05552458018064499,-0.00611509382724762,0.00611509382724762,True,388,388
cre_line,102,activation,0.07054642587900162,0.07564461976289749,-0.005098193883895874,0.005098193883895874,True,388,388
cre_line,103,input_history_kernel,0.0460360050201416,0.048096656799316406,-0.0020606517791748047,0.0020606517791748047,True,388,388
cre_line,103,firing_rate_history_kernel,0.05129033699631691,0.05066873878240585,0.0006215982139110565,0.0006215982139110565,True,388,388
cre_line,103,activation,0.07379642874002457,0.06995895504951477,0.003837473690509796,0.003837473690509796,True,388,388
cre_line,104,input_history_kernel,0.04535984247922897,0.04405393451452255,0.001305907964706421,0.001305907964706421,True,388,388
cre_line,104,firing_rate_history_kernel,0.05346598103642464,0.05552779883146286,-0.0020618177950382233,0.0020618177950382233,True,388,388
cre_line,104,activation,0.0697978064417839,0.06778203696012497,0.0020157694816589355,0.0020157694816589355,True,388,388
cre_line,105,input_history_kernel,0.046558987349271774,0.04582842439413071,0.0007305629551410675,0.0007305629551410675,True,388,388
cre_line,105,firing_rate_history_kernel,0.048276107758283615,0.054289329797029495,-0.00601322203874588,0.00601322203874588,True,388,388
cre_line,105,activation,0.08043975383043289,0.06635266542434692,0.014087088406085968,0.014087088406085968,True,388,388
cre_line,106,input_history_kernel,0.049598462879657745,0.044770535081624985,0.004827927798032761,0.004827927798032761,True,388,388
cre_line,106,firing_rate_history_kernel,0.04969054087996483,0.05341184884309769,-0.0037213079631328583,0.0037213079631328583,True,388,388
cre_line,106,activation,0.06856264919042587,0.07151364535093307,-0.002950996160507202,0.002950996160507202,True,388,388
cre_line,107,input_history_kernel,0.04505886137485504,0.04952253773808479,-0.004463676363229752,0.004463676363229752,True,388,388
cre_line,107,firing_rate_history_kernel,0.05409661680459976,0.04930615425109863,0.004790462553501129,0.004790462553501129,True,388,388
cre_line,107,activation,0.06891869753599167,0.06979016214609146,-0.0008714646100997925,0.0008714646100997925,True,388,388
cre_line,108,input_history_kernel,0.04603106901049614,0.052370376884937286,-0.006339307874441147,0.006339307874441147,True,388,388
cre_line,108,firing_rate_history_kernel,0.05173549801111221,0.04976809397339821,0.0019674040377140045,0.0019674040377140045,True,388,388
cre_line,108,activation,0.07262249290943146,0.06096408888697624,0.011658404022455215,0.011658404022455215,True,388,388
cre_line,109,input_history_kernel,0.04983118921518326,0.04441189020872116,0.005419299006462097,0.005419299006462097,True,388,388
cre_line,109,firing_rate_history_kernel,0.05517687648534775,0.05432281643152237,0.0008540600538253784,0.0008540600538253784,True,388,388
cre_line,109,activation,0.05331181362271309,0.07004079222679138,-0.016728978604078293,0.016728978604078293,True,388,388
cre_line,110,input_history_kernel,0.04679925739765167,0.04577193036675453,0.0010273270308971405,0.0010273270308971405,True,388,388
cre_line,110,firing_rate_history_kernel,0.05599881708621979,0.04662545025348663,0.009373366832733154,0.009373366832733154,True,388,388
cre_line,110,activation,0.059205155819654465,0.08694028109312057,-0.02773512527346611,0.02773512527346611,True,388,388
cre_line,111,input_history_kernel,0.04839672893285751,0.04333418235182762,0.005062546581029892,0.005062546581029892,True,388,388
cre_line,111,firing_rate_history_kernel,0.04925556480884552,0.055491410195827484,-0.006235845386981964,0.006235845386981964,True,388,388
cre_line,111,activation,0.07292722165584564,0.06979840993881226,0.0031288117170333862,0.0031288117170333862,True,388,388
cre_line,112,input_history_kernel,0.046293407678604126,0.047722406685352325,-0.0014289990067481995,0.0014289990067481995,True,388,388
cre_line,112,firing_rate_history_kernel,0.053306568413972855,0.050518184900283813,0.002788383513689041,0.002788383513689041,True,388,388
cre_line,112,activation,0.06773336976766586,0.07135844975709915,-0.0036250799894332886,0.0036250799894332886,True,388,388
cre_line,113,input_history_kernel,0.0458419993519783,0.04781292378902435,-0.001970924437046051,0.001970924437046051,True,388,388
cre_line,113,firing_rate_history_kernel,0.055757056921720505,0.05078206956386566,0.004974987357854843,0.004974987357854843,True,388,388
cre_line,113,activation,0.062402501702308655,0.07041337341070175,-0.008010871708393097,0.008010871708393097,True,388,388
cre_line,114,input_history_kernel,0.04603036493062973,0.051028043031692505,-0.004997678101062775,0.004997678101062775,True,388,388
cre_line,114,firing_rate_history_kernel,0.0481727309525013,0.04983790963888168,-0.0016651786863803864,0.0016651786863803864,True,388,388
cre_line,114,activation,0.08212510496377945,0.0643574669957161,0.017767637968063354,0.017767637968063354,True,388,388
cre_line,115,input_history_kernel,0.04452436789870262,0.0414997860789299,0.0030245818197727203,0.0030245818197727203,True,388,388
cre_line,115,firing_rate_history_kernel,0.05461110919713974,0.05473754554986954,-0.00012643635272979736,0.00012643635272979736,True,388,388
cre_line,115,activation,0.06897205114364624,0.07670044153928757,-0.007728390395641327,0.007728390395641327,True,388,388
cre_line,116,input_history_kernel,0.04546207934617996,0.04549793899059296,-3.5859644412994385e-05,3.5859644412994385e-05,True,388,388
cre_line,116,firing_rate_history_kernel,0.05343060940504074,0.052711181342601776,0.0007194280624389648,0.0007194280624389648,True,388,388
cre_line,116,activation,0.06961951404809952,0.0714423656463623,-0.0018228515982627869,0.0018228515982627869,True,388,388
cre_line,117,input_history_kernel,0.04628979414701462,0.050617434084415436,-0.004327639937400818,0.004327639937400818,True,388,388
cre_line,117,firing_rate_history_kernel,0.05259133130311966,0.04642665386199951,0.006164677441120148,0.006164677441120148,True,388,388
cre_line,117,activation,0.06965035945177078,0.074549101293087,-0.004898741841316223,0.004898741841316223,True,388,388
cre_line,118,input_history_kernel,0.045966871082782745,0.04384015500545502,0.0021267160773277283,0.0021267160773277283,True,388,388
cre_line,118,firing_rate_history_kernel,0.053745564073324203,0.05151696130633354,0.0022286027669906616,0.0022286027669906616,True,388,388
cre_line,118,activation,0.06743350625038147,0.07904767990112305,-0.011614173650741577,0.011614173650741577,True,388,388
cre_line,119,input_history_kernel,0.04265594854950905,0.04887786880135536,-0.0062219202518463135,0.0062219202518463135,True,388,388
cre_line,119,firing_rate_history_kernel,0.05348458141088486,0.049836017191410065,0.0036485642194747925,0.0036485642194747925,True,388,388
cre_line,119,activation,0.07695858925580978,0.07009626179933548,0.006862327456474304,0.006862327456474304,True,388,388
cre_line,120,input_history_kernel,0.045718684792518616,0.051150813698768616,-0.00543212890625,0.00543212890625,True,388,388
cre_line,120,firing_rate_history_kernel,0.052782926708459854,0.0510408878326416,0.0017420388758182526,0.0017420388758182526,True,388,388
cre_line,120,activation,0.07066235691308975,0.060822099447250366,0.009840257465839386,0.009840257465839386,True,388,388
cre_line,121,input_history_kernel,0.043240293860435486,0.04133432358503342,0.001905970275402069,0.001905970275402069,True,388,388
cre_line,121,firing_rate_history_kernel,0.05215535685420036,0.055821020156145096,-0.0036656633019447327,0.0036656633019447327,True,388,388
cre_line,121,activation,0.07894493639469147,0.0742524191737175,0.0046925172209739685,0.0046925172209739685,True,388,388
cre_line,122,input_history_kernel,0.04741349816322327,0.0431922972202301,0.004221200942993164,0.004221200942993164,True,388,388
cre_line,122,firing_rate_history_kernel,0.05218987166881561,0.05593986436724663,-0.003749992698431015,0.003749992698431015,True,388,388
cre_line,122,activation,0.06772436946630478,0.06898090243339539,-0.0012565329670906067,0.0012565329670906067,True,388,388
cre_line,123,input_history_kernel,0.04506803676486015,0.05105622112751007,-0.005988184362649918,0.005988184362649918,True,388,388
cre_line,123,firing_rate_history_kernel,0.053222645074129105,0.04956759512424469,0.0036550499498844147,0.0036550499498844147,True,388,388
cre_line,123,activation,0.0712248682975769,0.0650031715631485,0.006221696734428406,0.006221696734428406,True,388,388
cre_line,124,input_history_kernel,0.04557408392429352,0.04661554843187332,-0.0010414645075798035,0.0010414645075798035,True,388,388
cre_line,124,firing_rate_history_kernel,0.05477602034807205,0.053447891026735306,0.0013281293213367462,0.0013281293213367462,True,388,388
cre_line,124,activation,0.06573306024074554,0.06649750471115112,-0.0007644444704055786,0.0007644444704055786,True,388,388
cre_line,125,input_history_kernel,0.04874177649617195,0.042722806334495544,0.006018970161676407,0.006018970161676407,True,388,388
cre_line,125,firing_rate_history_kernel,0.05288328975439072,0.05477841943502426,-0.001895129680633545,0.001895129680633545,True,388,388
cre_line,125,activation,0.06233315169811249,0.07333006709814072,-0.010996915400028229,0.010996915400028229,True,388,388
cre_line,126,input_history_kernel,0.04557163268327713,0.04186224192380905,0.0037093907594680786,0.0037093907594680786,True,388,388
cre_line,126,firing_rate_history_kernel,0.05254752188920975,0.05251675844192505,3.0763447284698486e-05,3.0763447284698486e-05,True,388,388
cre_line,126,activation,0.07168225198984146,0.08165598660707474,-0.009973734617233276,0.009973734617233276,True,388,388
cre_line,127,input_history_kernel,0.04518339782953262,0.050540462136268616,-0.005357064306735992,0.005357064306735992,True,388,388
cre_line,127,firing_rate_history_kernel,0.05489612743258476,0.046786338090896606,0.008109789341688156,0.008109789341688156,True,388,388
cre_line,127,activation,0.06645459681749344,0.07379519194364548,-0.007340595126152039,0.007340595126152039,True,388,388
cre_line,128,input_history_kernel,0.048990339040756226,0.04609648883342743,0.0028938502073287964,0.0028938502073287964,True,388,388
cre_line,128,firing_rate_history_kernel,0.051831722259521484,0.05125923454761505,0.0005724877119064331,0.0005724877119064331,True,388,388
cre_line,128,activation,0.06447453051805496,0.07371807843446732,-0.009243547916412354,0.009243547916412354,True,388,388
cre_line,129,input_history_kernel,0.045353710651397705,0.04395603761076927,0.0013976730406284332,0.0013976730406284332,True,388,388
cre_line,129,firing_rate_history_kernel,0.05334849655628204,0.05120798200368881,0.002140514552593231,0.002140514552593231,True,388,388
cre_line,129,activation,0.0701274499297142,0.07956260442733765,-0.009435154497623444,0.009435154497623444,True,388,388
cre_line,130,input_history_kernel,0.047328535467386246,0.05268627032637596,-0.005357734858989716,0.005357734858989716,True,388,388
cre_line,130,firing_rate_history_kernel,0.052783992141485214,0.04759904742240906,0.005184944719076157,0.005184944719076157,True,388,388
cre_line,130,activation,0.06636660546064377,0.06590581685304642,0.0004607886075973511,0.0004607886075973511,True,388,388
cre_line,131,input_history_kernel,0.04521414637565613,0.04732579365372658,-0.00211164727807045,0.00211164727807045,True,388,388
cre_line,131,firing_rate_history_kernel,0.05206136405467987,0.04978862777352333,0.00227273628115654,0.00227273628115654,True,388,388
cre_line,131,activation,0.07393195480108261,0.07436155527830124,-0.00042960047721862793,0.00042960047721862793,True,388,388
cre_line,132,input_history_kernel,0.05115104466676712,0.04910503700375557,0.002046007663011551,0.002046007663011551,True,388,388
cre_line,132,firing_rate_history_kernel,0.049874283373355865,0.050518378615379333,-0.000644095242023468,0.000644095242023468,True,388,388
cre_line,132,activation,0.06393245607614517,0.06767088919878006,-0.0037384331226348877,0.0037384331226348877,True,388,388
cre_line,133,input_history_kernel,0.04636666551232338,0.04774927347898483,-0.0013826079666614532,0.0013826079666614532,True,388,388
cre_line,133,firing_rate_history_kernel,0.04998406395316124,0.05010579526424408,-0.00012173131108283997,0.00012173131108283997,True,388,388
cre_line,133,activation,0.07639805227518082,0.0723864808678627,0.004011571407318115,0.004011571407318115,True,388,388
cre_line,134,input_history_kernel,0.04477531462907791,0.04971093684434891,-0.004935622215270996,0.004935622215270996,True,388,388
cre_line,134,firing_rate_history_kernel,0.05235929787158966,0.04524954408407211,0.007109753787517548,0.007109753787517548,True,388,388
cre_line,134,activation,0.07430768758058548,0.08010538667440414,-0.0057976990938186646,0.0057976990938186646,True,388,388
cre_line,135,input_history_kernel,0.044263891875743866,0.04898488149046898,-0.004720989614725113,0.004720989614725113,True,388,388
cre_line,135,firing_rate_history_kernel,0.05388790741562843,0.04831438139081001,0.00557352602481842,0.00557352602481842,True,388,388
cre_line,135,activation,0.07159516960382462,0.07386863976716995,-0.002273470163345337,0.002273470163345337,True,388,388
cre_line,136,input_history_kernel,0.044974155724048615,0.046875543892383575,-0.001901388168334961,0.001901388168334961,True,388,388
cre_line,136,firing_rate_history_kernel,0.05381307750940323,0.05076327547430992,0.0030498020350933075,0.0030498020350933075,True,388,388
cre_line,136,activation,0.06990068405866623,0.07296309620141983,-0.003062412142753601,0.003062412142753601,True,388,388
cre_line,137,input_history_kernel,0.05084356665611267,0.044198326766490936,0.006645239889621735,0.006645239889621735,True,388,388
cre_line,137,firing_rate_history_kernel,0.04966825246810913,0.0526532344520092,-0.00298498198390007,0.00298498198390007,True,388,388
cre_line,137,activation,0.06530183553695679,0.07506250590085983,-0.009760670363903046,0.009760670363903046,True,388,388
cre_line,138,input_history_kernel,0.04815099388360977,0.043852798640728,0.004298195242881775,0.004298195242881775,True,388,388
cre_line,138,firing_rate_history_kernel,0.053071219474077225,0.049188096076250076,0.0038831233978271484,0.0038831233978271484,True,388,388
cre_line,138,activation,0.06340744346380234,0.08522426337003708,-0.02181681990623474,0.02181681990623474,True,388,388
cre_line,139,input_history_kernel,0.04723084717988968,0.047281138598918915,-5.029141902923584e-05,5.029141902923584e-05,True,388,388
cre_line,139,firing_rate_history_kernel,0.047201476991176605,0.04865240305662155,-0.0014509260654449463,0.0014509260654449463,True,388,388
cre_line,139,activation,0.08151382207870483,0.07751055806875229,0.004003264009952545,0.004003264009952545,True,388,388
cre_line,140,input_history_kernel,0.04048839956521988,0.047465309500694275,-0.006976909935474396,0.006976909935474396,True,388,388
cre_line,140,firing_rate_history_kernel,0.05511763319373131,0.051057517528533936,0.0040601156651973724,0.0040601156651973724,True,388,388
cre_line,140,activation,0.0783839002251625,0.0706057921051979,0.0077781081199646,0.0077781081199646,True,388,388
cre_line,141,input_history_kernel,0.04930664598941803,0.04472464323043823,0.004582002758979797,0.004582002758979797,True,388,388
cre_line,141,firing_rate_history_kernel,0.04891715198755264,0.05249996483325958,-0.0035828128457069397,0.0035828128457069397,True,388,388
cre_line,141,activation,0.07140320539474487,0.07406771183013916,-0.002664506435394287,0.002664506435394287,True,388,388
cre_line,142,input_history_kernel,0.046682991087436676,0.04479508101940155,0.0018879100680351257,0.0018879100680351257,True,388,388
cre_line,142,firing_rate_history_kernel,0.05163336545228958,0.05090312659740448,0.0007302388548851013,0.0007302388548851013,True,388,388
cre_line,142,activation,0.07115639001131058,0.07813811302185059,-0.0069817230105400085,0.0069817230105400085,True,388,388
cre_line,143,input_history_kernel,0.0463668629527092,0.046900488436222076,-0.0005336254835128784,0.0005336254835128784,True,388,388
cre_line,143,firing_rate_history_kernel,0.04998136684298515,0.050122976303100586,-0.00014160946011543274,0.00014160946011543274,True,388,388
cre_line,143,activation,0.07640471309423447,0.0746040940284729,0.0018006190657615662,0.0018006190657615662,True,388,388
cre_line,144,input_history_kernel,0.054525069892406464,0.04437267407774925,0.010152395814657211,0.010152395814657211,True,388,388
cre_line,144,firing_rate_history_kernel,0.046474285423755646,0.0539856031537056,-0.007511317729949951,0.007511317729949951,True,388,388
cre_line,144,activation,0.06400171667337418,0.07104457914829254,-0.0070428624749183655,0.0070428624749183655,True,388,388
cre_line,145,input_history_kernel,0.0480307936668396,0.045530758798122406,0.0025000348687171936,0.0025000348687171936,True,388,388
cre_line,145,firing_rate_history_kernel,0.05126319080591202,0.05555054545402527,-0.004287354648113251,0.004287354648113251,True,388,388
cre_line,145,activation,0.06854938715696335,0.0637831762433052,0.004766210913658142,0.004766210913658142,True,388,388
cre_line,146,input_history_kernel,0.04720577225089073,0.044377200305461884,0.0028285719454288483,0.0028285719454288483,True,388,388
cre_line,146,firing_rate_history_kernel,0.05006783455610275,0.05170062929391861,-0.001632794737815857,0.001632794737815857,True,388,388
cre_line,146,activation,0.07393705099821091,0.07712578773498535,-0.0031887367367744446,0.0031887367367744446,True,388,388
cre_line,147,input_history_kernel,0.046033620834350586,0.04708545655012131,-0.0010518357157707214,0.0010518357157707214,True,388,388
cre_line,147,firing_rate_history_kernel,0.050841767340898514,0.05299900099635124,-0.0021572336554527283,0.0021572336554527283,True,388,388
cre_line,147,activation,0.07499897480010986,0.06644144654273987,0.008557528257369995,0.008557528257369995,True,388,388
cre_line,148,input_history_kernel,0.04400422051548958,0.044570162892341614,-0.0005659423768520355,0.0005659423768520355,True,388,388
cre_line,148,firing_rate_history_kernel,0.05196677893400192,0.05366097390651703,-0.0016941949725151062,0.0016941949725151062,True,388,388
cre_line,148,activation,0.07741069048643112,0.07138361781835556,0.0060270726680755615,0.0060270726680755615,True,388,388
cre_line,149,input_history_kernel,0.04972074180841446,0.04662139713764191,0.0030993446707725525,0.0030993446707725525,True,388,388
cre_line,149,firing_rate_history_kernel,0.04683341085910797,0.05188652500510216,-0.005053114145994186,0.005053114145994186,True,388,388
cre_line,149,activation,0.07585562020540237,0.0706455335021019,0.005210086703300476,0.005210086703300476,True,388,388
cre_line,150,input_history_kernel,0.045230068266391754,0.0446714349091053,0.0005586333572864532,0.0005586333572864532,True,388,388
cre_line,150,firing_rate_history_kernel,0.05422724038362503,0.04959035664796829,0.004636883735656738,0.004636883735656738,True,388,388
cre_line,150,activation,0.06811385601758957,0.08196854591369629,-0.01385468989610672,0.01385468989610672,True,388,388
cre_line,151,input_history_kernel,0.05269431322813034,0.0407705083489418,0.011923804879188538,0.011923804879188538,True,388,388
cre_line,151,firing_rate_history_kernel,0.04719100520014763,0.05563458800315857,-0.00844358280301094,0.00844358280301094,True,388,388
cre_line,151,activation,0.06697249412536621,0.07625309377908707,-0.009280599653720856,0.009280599653720856,True,388,388
cre_line,152,input_history_kernel,0.050190817564725876,0.04632848501205444,0.0038623325526714325,0.0038623325526714325,True,388,388
cre_line,152,firing_rate_history_kernel,0.048754118382930756,0.05157998576760292,-0.002825867384672165,0.002825867384672165,True,388,388
cre_line,152,activation,0.06948014348745346,0.0722440853714943,-0.0027639418840408325,0.0027639418840408325,True,388,388
cre_line,153,input_history_kernel,0.04732044041156769,0.047126732766628265,0.0001937076449394226,0.0001937076449394226,True,388,388
cre_line,153,firing_rate_history_kernel,0.04923486337065697,0.05448112636804581,-0.00524626299738884,0.00524626299738884,True,388,388
cre_line,153,activation,0.07585253566503525,0.062379032373428345,0.013473503291606903,0.013473503291606903,True,388,388
cre_line,154,input_history_kernel,0.04954151809215546,0.0445571094751358,0.004984408617019653,0.004984408617019653,True,388,388
cre_line,154,firing_rate_history_kernel,0.052326347678899765,0.05429549515247345,-0.0019691474735736847,0.0019691474735736847,True,388,388
cre_line,154,activation,0.06168569251894951,0.06972636282444,-0.008040670305490494,0.008040670305490494,True,388,388
cre_line,155,input_history_kernel,0.04257670044898987,0.0459737591445446,-0.0033970586955547333,0.0033970586955547333,True,388,388
cre_line,155,firing_rate_history_kernel,0.05217874050140381,0.05460340157151222,-0.0024246610701084137,0.0024246610701084137,True,388,388
cre_line,155,activation,0.0806521624326706,0.06512758135795593,0.01552458107471466,0.01552458107471466,True,388,388
cre_line,156,input_history_kernel,0.04609506577253342,0.045853257179260254,0.00024180859327316284,0.00024180859327316284,True,388,388
cre_line,156,firing_rate_history_kernel,0.05080103501677513,0.05258086696267128,-0.0017798319458961487,0.0017798319458961487,True,388,388
cre_line,156,activation,0.07494372874498367,0.07084232568740845,0.004101403057575226,0.004101403057575226,True,388,388
cre_line,157,input_history_kernel,0.04746892303228378,0.04923435300588608,-0.001765429973602295,0.001765429973602295,True,388,388
cre_line,157,firing_rate_history_kernel,0.04862315207719803,0.05191819369792938,-0.0032950416207313538,0.0032950416207313538,True,388,388
cre_line,157,activation,0.07708777487277985,0.06359321624040604,0.01349455863237381,0.01349455863237381,True,388,388
cre_line,158,input_history_kernel,0.04457343369722366,0.04927338287234306,-0.0046999491751194,0.0046999491751194,True,388,388
cre_line,158,firing_rate_history_kernel,0.052520304918289185,0.05023235082626343,0.002287954092025757,0.002287954092025757,True,388,388
cre_line,158,activation,0.07441667467355728,0.06798470765352249,0.00643196702003479,0.00643196702003479,True,388,388
cre_line,159,input_history_kernel,0.04845595359802246,0.04547201097011566,0.0029839426279067993,0.0029839426279067993,True,388,388
cre_line,159,firing_rate_history_kernel,0.04905878007411957,0.050366610288619995,-0.0013078302145004272,0.0013078302145004272,True,388,388
cre_line,159,activation,0.07329406589269638,0.07776368409395218,-0.004469618201255798,0.004469618201255798,True,388,388
cre_line,160,input_history_kernel,0.04500111937522888,0.04140359163284302,0.0035975277423858643,0.0035975277423858643,True,388,388
cre_line,160,firing_rate_history_kernel,0.04943113774061203,0.05585421249270439,-0.0064230747520923615,0.0064230747520923615,True,388,388
cre_line,160,activation,0.08151397854089737,0.07397919148206711,0.007534787058830261,0.007534787058830261,True,388,388
cre_line,161,input_history_kernel,0.050327837467193604,0.0471617728471756,0.0031660646200180054,0.0031660646200180054,True,388,388
cre_line,161,firing_rate_history_kernel,0.04863150417804718,0.04912208393216133,-0.000490579754114151,0.000490579754114151,True,388,388
cre_line,161,activation,0.0694417729973793,0.07657637447118759,-0.007134601473808289,0.007134601473808289,True,388,388
cre_line,162,input_history_kernel,0.04824395477771759,0.04340611398220062,0.004837840795516968,0.004837840795516968,True,388,388
cre_line,162,firing_rate_history_kernel,0.04708583280444145,0.048784151673316956,-0.0016983188688755035,0.0016983188688755035,True,388,388
cre_line,162,activation,0.07912055402994156,0.08749260753393173,-0.008372053503990173,0.008372053503990173,True,388,388
cre_line,163,input_history_kernel,0.04899291694164276,0.04415183886885643,0.004841078072786331,0.004841078072786331,True,388,388
cre_line,163,firing_rate_history_kernel,0.048107489943504333,0.050341274589300156,-0.002233784645795822,0.002233784645795822,True,388,388
cre_line,163,activation,0.07439891993999481,0.08135170489549637,-0.006952784955501556,0.006952784955501556,True,388,388
cre_line,164,input_history_kernel,0.04570837691426277,0.04569278284907341,1.5594065189361572e-05,1.5594065189361572e-05,True,388,388
cre_line,164,firing_rate_history_kernel,0.05485420674085617,0.05202455446124077,0.0028296522796154022,0.0028296522796154022,True,388,388
cre_line,164,activation,0.06516645103693008,0.07275374978780746,-0.00758729875087738,0.00758729875087738,True,388,388
cre_line,165,input_history_kernel,0.049208205193281174,0.049251340329647064,-4.31351363658905e-05,4.31351363658905e-05,True,388,388
cre_line,165,firing_rate_history_kernel,0.051532864570617676,0.05040062963962555,0.0011322349309921265,0.0011322349309921265,True,388,388
cre_line,165,activation,0.0646904855966568,0.0675947368144989,-0.002904251217842102,0.002904251217842102,True,388,388
cre_line,166,input_history_kernel,0.04943224787712097,0.05048321187496185,-0.0010509639978408813,0.0010509639978408813,True,388,388
cre_line,166,firing_rate_history_kernel,0.0484946072101593,0.0476585254073143,0.0008360818028450012,0.0008360818028450012,True,388,388
cre_line,166,activation,0.07219507545232773,0.07162203639745712,0.0005730390548706055,0.0005730390548706055,True,388,388
cre_line,167,input_history_kernel,0.0467313788831234,0.04851023852825165,-0.0017788596451282501,0.0017788596451282501,True,388,388
cre_line,167,firing_rate_history_kernel,0.05020533502101898,0.04965890944004059,0.0005464255809783936,0.0005464255809783936,True,388,388
cre_line,167,activation,0.0748353973031044,0.07154896855354309,0.00328642874956131,0.00328642874956131,True,388,388
cre_line,168,input_history_kernel,0.05017984285950661,0.04707787185907364,0.003101971000432968,0.003101971000432968,True,388,388
cre_line,168,firing_rate_history_kernel,0.050594739615917206,0.04883696883916855,0.0017577707767486572,0.0017577707767486572,True,388,388
cre_line,168,activation,0.0646011158823967,0.07756040245294571,-0.012959286570549011,0.012959286570549011,True,388,388
cre_line,169,input_history_kernel,0.048580050468444824,0.049555398523807526,-0.0009753480553627014,0.0009753480553627014,True,388,388
cre_line,169,firing_rate_history_kernel,0.050956618040800095,0.04997239261865616,0.0009842254221439362,0.0009842254221439362,True,388,388
cre_line,169,activation,0.06790221482515335,0.06792589277029037,-2.3677945137023926e-05,2.3677945137023926e-05,True,388,388
cre_line,170,input_history_kernel,0.05054999887943268,0.05167601257562637,-0.001126013696193695,0.001126013696193695,True,388,388
cre_line,170,firing_rate_history_kernel,0.048068851232528687,0.04798392206430435,8.492916822433472e-05,8.492916822433472e-05,True,388,388
cre_line,170,activation,0.07034972310066223,0.06757352501153946,0.002776198089122772,0.002776198089122772,True,388,388
cre_line,171,input_history_kernel,0.050557829439640045,0.05010766535997391,0.0004501640796661377,0.0004501640796661377,True,388,388
cre_line,171,firing_rate_history_kernel,0.04735793173313141,0.050473570823669434,-0.003115639090538025,0.003115639090538025,True,388,388
cre_line,171,activation,0.07222461700439453,0.06511670351028442,0.007107913494110107,0.007107913494110107,True,388,388
cre_line,172,input_history_kernel,0.04350247606635094,0.04756082221865654,-0.004058346152305603,0.004058346152305603,True,388,388
cre_line,172,firing_rate_history_kernel,0.05366892367601395,0.04772299528121948,0.005945928394794464,0.005945928394794464,True,388,388
cre_line,172,activation,0.07420957088470459,0.07924317568540573,-0.005033604800701141,0.005033604800701141,True,388,388
cre_line,173,input_history_kernel,0.05091535300016403,0.04796331375837326,0.0029520392417907715,0.0029520392417907715,True,388,388
cre_line,173,firing_rate_history_kernel,0.04614551365375519,0.050686806440353394,-0.004541292786598206,0.004541292786598206,True,388,388
cre_line,173,activation,0.07450434565544128,0.07026634365320206,0.004238002002239227,0.004238002002239227,True,388,388
cre_line,174,input_history_kernel,0.049097299575805664,0.04406921565532684,0.005028083920478821,0.005028083920478821,True,388,388
cre_line,174,firing_rate_history_kernel,0.05069519579410553,0.051900435239076614,-0.0012052394449710846,0.0012052394449710846,True,388,388
cre_line,174,activation,0.06721998751163483,0.07741428166627884,-0.010194294154644012,0.010194294154644012,True,388,388
cre_line,175,input_history_kernel,0.045501332730054855,0.052588291466236115,-0.007086958736181259,0.007086958736181259,True,388,388
cre_line,175,firing_rate_history_kernel,0.05544283986091614,0.04531475156545639,0.010128088295459747,0.010128088295459747,True,388,388
cre_line,175,activation,0.06414885073900223,0.07225856184959412,-0.008109711110591888,0.008109711110591888,True,388,388
cre_line,176,input_history_kernel,0.05126704275608063,0.04424941912293434,0.007017623633146286,0.007017623633146286,True,388,388
cre_line,176,firing_rate_history_kernel,0.05022110417485237,0.053365662693977356,-0.0031445585191249847,0.0031445585191249847,True,388,388
cre_line,176,activation,0.06269828230142593,0.07302645593881607,-0.010328173637390137,0.010328173637390137,True,388,388
cre_line,177,input_history_kernel,0.0461370125412941,0.05216917395591736,-0.0060321614146232605,0.0060321614146232605,True,388,388
cre_line,177,firing_rate_history_kernel,0.05063744634389877,0.046759285032749176,0.003878161311149597,0.003878161311149597,True,388,388
cre_line,177,activation,0.07526809722185135,0.0695241317152977,0.00574396550655365,0.00574396550655365,True,388,388
cre_line,178,input_history_kernel,0.05057621747255325,0.05241979658603668,-0.001843579113483429,0.001843579113483429,True,388,388
cre_line,178,firing_rate_history_kernel,0.04737349599599838,0.04631790518760681,0.001055590808391571,0.001055590808391571,True,388,388
cre_line,178,activation,0.0721341073513031,0.07003278285264969,0.002101324498653412,0.002101324498653412,True,388,388
cre_line,179,input_history_kernel,0.04079028218984604,0.04666168987751007,-0.005871407687664032,0.005871407687664032,True,388,388
cre_line,179,firing_rate_history_kernel,0.05481085181236267,0.050599828362464905,0.004211023449897766,0.004211023449897766,True,388,388
cre_line,179,activation,0.07839695364236832,0.07396930456161499,0.004427649080753326,0.004427649080753326,True,388,388
cre_line,180,input_history_kernel,0.045521169900894165,0.0488416887819767,-0.003320518881082535,0.003320518881082535,True,388,388
cre_line,180,firing_rate_history_kernel,0.051372550427913666,0.05120040476322174,0.00017214566469192505,0.00017214566469192505,True,388,388
cre_line,180,activation,0.07495010644197464,0.06655442714691162,0.008395679295063019,0.008395679295063019,True,388,388
cre_line,181,input_history_kernel,0.04825463145971298,0.04882282763719559,-0.000568196177482605,0.000568196177482605,True,388,388
cre_line,181,firing_rate_history_kernel,0.04843573272228241,0.05050773546099663,-0.002072002738714218,0.002072002738714218,True,388,388
cre_line,181,activation,0.07549238204956055,0.06845182925462723,0.007040552794933319,0.007040552794933319,True,388,388
cre_line,182,input_history_kernel,0.04431468993425369,0.05133604258298874,-0.007021352648735046,0.007021352648735046,True,388,388
cre_line,182,firing_rate_history_kernel,0.05400026962161064,0.047945186495780945,0.006055083125829697,0.006055083125829697,True,388,388
cre_line,182,activation,0.07116008549928665,0.06858336925506592,0.0025767162442207336,0.0025767162442207336,True,388,388
cre_line,183,input_history_kernel,0.04722031578421593,0.048124030232429504,-0.0009037144482135773,0.0009037144482135773,True,388,388
cre_line,183,firing_rate_history_kernel,0.05098516121506691,0.05180533230304718,-0.0008201710879802704,0.0008201710879802704,True,388,388
cre_line,183,activation,0.0714520737528801,0.0668550506234169,0.004597023129463196,0.004597023129463196,True,388,388
cre_line,184,input_history_kernel,0.048929303884506226,0.04445226490497589,0.0044770389795303345,0.0044770389795303345,True,388,388
cre_line,184,firing_rate_history_kernel,0.04907340928912163,0.05538352578878403,-0.006310116499662399,0.006310116499662399,True,388,388
cre_line,184,activation,0.07199277728796005,0.06710455566644669,0.004888221621513367,0.004888221621513367,True,388,388
cre_line,185,input_history_kernel,0.040328145027160645,0.0462973415851593,-0.005969196557998657,0.005969196557998657,True,388,388
cre_line,185,firing_rate_history_kernel,0.05344786494970322,0.05229494720697403,0.001152917742729187,0.001152917742729187,True,388,388
cre_line,185,activation,0.08326397091150284,0.07042055577039719,0.012843415141105652,0.012843415141105652,True,388,388
cre_line,186,input_history_kernel,0.042190879583358765,0.04643760249018669,-0.004246722906827927,0.004246722906827927,True,388,388
cre_line,186,firing_rate_history_kernel,0.052557602524757385,0.05339686945080757,-0.0008392669260501862,0.0008392669260501862,True,388,388
cre_line,186,activation,0.08067072927951813,0.06710806488990784,0.01356266438961029,0.01356266438961029,True,388,388
cre_line,187,input_history_kernel,0.04911063611507416,0.04877658188343048,0.00033405423164367676,0.00033405423164367676,True,388,388
cre_line,187,firing_rate_history_kernel,0.0499316081404686,0.0499844066798687,-5.279853940010071e-05,5.279853940010071e-05,True,388,388
cre_line,187,activation,0.06922066956758499,0.06997070461511612,-0.0007500350475311279,0.0007500350475311279,True,388,388
cre_line,188,input_history_kernel,0.04996458441019058,0.047743722796440125,0.0022208616137504578,0.0022208616137504578,True,388,388
cre_line,188,firing_rate_history_kernel,0.05192297697067261,0.04607154428958893,0.005851432681083679,0.005851432681083679,True,388,388
cre_line,188,activation,0.0616331547498703,0.08315932005643845,-0.021526165306568146,0.021526165306568146,True,388,388
cre_line,189,input_history_kernel,0.0438215434551239,0.04885765165090561,-0.005036108195781708,0.005036108195781708,True,388,388
cre_line,189,firing_rate_history_kernel,0.0541456937789917,0.04942544922232628,0.0047202445566654205,0.0047202445566654205,True,388,388
cre_line,189,activation,0.0720873773097992,0.07124509662389755,0.0008422806859016418,0.0008422806859016418,True,388,388
cre_line,190,input_history_kernel,0.04866520315408707,0.04779960960149765,0.0008655935525894165,0.0008655935525894165,True,388,388
cre_line,190,firing_rate_history_kernel,0.05048101395368576,0.05281129479408264,-0.002330280840396881,0.002330280840396881,True,388,388
cre_line,190,activation,0.06894341856241226,0.06503757834434509,0.003905840218067169,0.003905840218067169,True,388,388
cre_line,191,input_history_kernel,0.041580930352211,0.04417591542005539,-0.002594985067844391,0.002594985067844391,True,388,388
cre_line,191,firing_rate_history_kernel,0.04976062476634979,0.053118228912353516,-0.003357604146003723,0.003357604146003723,True,388,388
cre_line,191,activation,0.08975585550069809,0.07388227432966232,0.015873581171035767,0.015873581171035767,True,388,388
cre_line,192,input_history_kernel,0.05308621749281883,0.04200401157140732,0.011082205921411514,0.011082205921411514,True,388,388
cre_line,192,firing_rate_history_kernel,0.04808282107114792,0.05504518747329712,-0.0069623664021492004,0.0069623664021492004,True,388,388
cre_line,192,activation,0.06354924291372299,0.07453548163175583,-0.010986238718032837,0.010986238718032837,True,388,388
cre_line,193,input_history_kernel,0.05226875841617584,0.04554319381713867,0.00672556459903717,0.00672556459903717,True,388,388
cre_line,193,firing_rate_history_kernel,0.045126378536224365,0.05467444658279419,-0.009548068046569824,0.009548068046569824,True,388,388
cre_line,193,activation,0.07361295819282532,0.0660862922668457,0.007526665925979614,0.007526665925979614,True,388,388
cre_line,194,input_history_kernel,0.04530463367700577,0.04528890922665596,1.572445034980774e-05,1.572445034980774e-05,True,388,388
cre_line,194,firing_rate_history_kernel,0.051772791892290115,0.05602847784757614,-0.004255685955286026,0.004255685955286026,True,388,388
cre_line,194,activation,0.07446018606424332,0.06315364688634872,0.011306539177894592,0.011306539177894592,True,388,388
cre_line,195,input_history_kernel,0.04618094488978386,0.044605277478694916,0.0015756674110889435,0.0015756674110889435,True,388,388
cre_line,195,firing_rate_history_kernel,0.04980941861867905,0.051795296370983124,-0.001985877752304077,0.001985877752304077,True,388,388
cre_line,195,activation,0.07735905796289444,0.0762651339173317,0.0010939240455627441,0.0010939240455627441,True,388,388
cre_line,196,input_history_kernel,0.04854043200612068,0.044063858687877655,0.004476573318243027,0.004476573318243027,True,388,388
cre_line,196,firing_rate_history_kernel,0.051027148962020874,0.05742861330509186,-0.006401464343070984,0.006401464343070984,True,388,388
cre_line,196,activation,0.0678197517991066,0.0626867488026619,0.005133002996444702,0.005133002996444702,True,388,388
cre_line,197,input_history_kernel,0.04899147152900696,0.04706110060214996,0.0019303709268569946,0.0019303709268569946,True,388,388
cre_line,197,firing_rate_history_kernel,0.04950916767120361,0.05171641707420349,-0.002207249402999878,0.002207249402999878,True,388,388
cre_line,197,activation,0.07066494226455688,0.06992661952972412,0.0007383227348327637,0.0007383227348327637,True,388,388
cre_line,198,input_history_kernel,0.05023682117462158,0.043487366288900375,0.006749454885721207,0.006749454885721207,True,388,388
cre_line,198,firing_rate_history_kernel,0.046369221061468124,0.051289960741996765,-0.004920739680528641,0.004920739680528641,True,388,388
cre_line,198,activation,0.0757172703742981,0.0805937796831131,-0.0048765093088150024,0.0048765093088150024,True,388,388
cre_line,199,input_history_kernel,0.04647160321474075,0.05202125757932663,-0.0055496543645858765,0.0055496543645858765,True,388,388
cre_line,199,firing_rate_history_kernel,0.0520593523979187,0.04647546634078026,0.005583886057138443,0.005583886057138443,True,388,388
cre_line,199,activation,0.07058408856391907,0.07067539542913437,-9.130686521530151e-05,9.130686521530151e-05,True,388,388
