model,run_idx,epoch,train_loss,train_acc,test_loss,test_acc
stage2,1,1,236.5164166688919,0.39153333333333334,34.75976574420929,0.5065
stage2,1,2,192.8753446340561,0.6897166666666666,30.92763912677765,0.6568
stage2,1,3,174.2425675392151,0.77905,28.23495638370514,0.7099
stage2,1,4,161.97551131248474,0.81755,26.710200309753418,0.7185
stage2,1,5,153.7255036830902,0.8399333333333333,25.83013892173767,0.7326
stage2,1,6,147.17967581748962,0.8587166666666667,24.514324188232422,0.7848
stage2,1,7,142.38028824329376,0.8679,23.499938011169434,0.8189
stage2,1,8,138.486132979393,0.875,23.1101975440979,0.8146
stage2,1,9,134.72188818454742,0.88285,23.041696190834045,0.8343
stage2,1,10,132.68686735630035,0.8836666666666667,22.318599104881287,0.8433
stage2,1,11,130.3160047531128,0.8888333333333334,21.82905352115631,0.8571
stage2,1,12,128.95277607440948,0.8898,21.930605232715607,0.8449
stage2,1,13,126.7669380903244,0.8948,21.16026198863983,0.8653
stage2,1,14,124.53006315231323,0.8995333333333333,20.79231745004654,0.8897
stage2,1,15,123.05606949329376,0.9032666666666667,20.501572132110596,0.9002
stage2,1,16,122.1693172454834,0.9031666666666667,20.79262286424637,0.8833
stage2,1,17,120.79875421524048,0.90645,20.239159882068634,0.9021
stage2,1,18,119.75772941112518,0.90925,20.522257387638092,0.8914
stage2,1,19,119.44090282917023,0.9081833333333333,20.679113686084747,0.894
stage2,1,20,119.09994661808014,0.9082833333333333,20.077742874622345,0.9028
stage2,1,21,118.19405543804169,0.9099833333333334,20.316738843917847,0.881
stage2,1,22,117.5719376206398,0.9122166666666667,19.752292454242706,0.9089
stage2,1,23,116.37904757261276,0.9148,20.36936628818512,0.8921
stage2,1,24,116.47488743066788,0.9134833333333333,20.029095768928528,0.8944
stage2,1,25,115.46002388000488,0.9167333333333333,19.257640540599823,0.9224
stage2,1,26,115.15328073501587,0.9161833333333333,19.478003084659576,0.91
stage2,1,27,114.55202585458755,0.91845,19.46020418405533,0.92
stage2,1,28,113.87795460224152,0.9207,19.605596840381622,0.9087
stage2,1,29,113.82136303186417,0.9193666666666667,19.535589337348938,0.9042
stage2,1,30,112.93577998876572,0.9224,19.58755922317505,0.9049
stage2,1,31,112.86557692289352,0.9215166666666667,18.96868634223938,0.9201
stage2,1,32,110.77073162794113,0.9293833333333333,18.90821933746338,0.921
stage2,1,33,111.12344968318939,0.9257166666666666,18.594661056995392,0.9279
stage2,1,34,110.97507607936859,0.9252,19.037762343883514,0.9133
stage2,1,35,111.17520505189896,0.9224666666666667,18.658698081970215,0.927
stage2,1,36,110.08539187908173,0.9267166666666666,19.08599317073822,0.9114
stage2,1,37,109.62077683210373,0.9280833333333334,18.348983228206635,0.9319
stage2,1,38,109.24365085363388,0.9283666666666667,18.621080696582794,0.921
stage2,1,39,109.57656699419022,0.9265833333333333,18.586524784564972,0.9238
stage2,1,40,108.73344242572784,0.9298666666666666,18.417091965675354,0.9272
stage2,1,41,108.70666885375977,0.9295333333333333,18.187182426452637,0.9315
stage2,1,42,108.25206238031387,0.93135,18.30173820257187,0.9269
stage2,1,43,108.5141264796257,0.9288333333333333,18.659458577632904,0.9198
stage2,1,44,108.16573894023895,0.92875,18.057346880435944,0.933
stage2,1,45,107.69345504045486,0.93105,18.179292380809784,0.9284
stage2,1,46,107.11818569898605,0.9329333333333333,18.266735434532166,0.9219
stage2,1,47,107.5738942027092,0.93095,18.246732890605927,0.9274
stage2,1,48,106.62315797805786,0.9337,18.14991855621338,0.9277
stage2,1,49,106.31593638658524,0.9343333333333333,18.023810148239136,0.9305
stage2,1,50,106.3924788236618,0.9337833333333333,18.5072158575058,0.9207
stage2,1,51,105.3854888677597,0.9372666666666667,18.219089150428772,0.9243
stage2,1,52,106.35139173269272,0.93265,18.102295458316803,0.9298
stage2,1,53,105.6127257347107,0.93505,18.125959753990173,0.9276
stage2,1,54,105.11418133974075,0.93685,18.08998715877533,0.925
stage2,1,55,104.40975344181061,0.9391833333333334,18.173782408237457,0.9231
stage2,1,56,105.26335781812668,0.9351833333333334,17.991726279258728,0.9278
stage2,1,57,104.77016776800156,0.9371666666666667,17.933159112930298,0.9292
stage2,1,58,104.8321545124054,0.9366333333333333,17.829016149044037,0.931
stage2,1,59,104.13858890533447,0.9385333333333333,17.99489027261734,0.9245
stage2,1,60,105.1899146437645,0.9332166666666667,17.77365553379059,0.9322
stage2,1,61,104.50114911794662,0.9368,17.54571884870529,0.9364
stage2,1,62,103.67778265476227,0.9389,17.903446555137634,0.9231
stage2,1,63,104.40398281812668,0.9365166666666667,17.567159831523895,0.9362
stage2,1,64,103.47184354066849,0.9393,17.602093398571014,0.9328
stage2,1,65,103.28382396697998,0.9394166666666667,17.53277885913849,0.9342
stage2,1,66,103.3738979101181,0.9372833333333334,17.57786101102829,0.9309
stage2,1,67,102.81816214323044,0.9394833333333333,18.23651683330536,0.917
stage2,1,68,102.8437215089798,0.9381333333333334,18.017557680606842,0.9217
stage2,1,69,103.74091202020645,0.9347,17.358362913131714,0.9365
stage2,1,70,102.4839471578598,0.93995,17.399757385253906,0.9347
stage2,1,71,102.2171379327774,0.9394166666666667,17.3116295337677,0.9373
stage2,1,72,102.15784418582916,0.9387333333333333,17.32370352745056,0.9347
stage2,1,73,101.22348237037659,0.9433666666666667,17.43550181388855,0.9338
stage2,1,74,102.00199449062347,0.9395,17.072930693626404,0.9416
stage2,1,75,101.72115015983582,0.9402666666666667,17.137344181537628,0.941
stage2,1,76,102.88929116725922,0.9347,17.377403259277344,0.934
stage2,1,77,101.3632920384407,0.94115,17.139597415924072,0.9412
stage2,1,78,101.24343729019165,0.9420833333333334,17.357348322868347,0.9328
stage2,1,79,101.4918931722641,0.94095,17.438010275363922,0.9292
stage2,1,80,101.52606225013733,0.9397666666666666,17.78815668821335,0.9214
stage2,1,81,100.6367506980896,0.9440333333333333,17.29881113767624,0.9355
stage2,1,82,100.94579887390137,0.9420166666666666,16.9812970161438,0.9406
stage2,1,83,101.05412137508392,0.9412,17.54597771167755,0.9259
stage2,1,84,101.17723649740219,0.9404333333333333,17.076758205890656,0.9401
stage2,1,85,101.5038058757782,0.9391666666666667,17.17037582397461,0.9383
stage2,1,86,101.28837448358536,0.93975,17.283562779426575,0.9352
stage2,1,87,101.0305215716362,0.9399833333333333,17.091877281665802,0.9373
stage2,1,88,101.30393475294113,0.93935,18.753344297409058,0.8931
stage2,1,89,102.18061697483063,0.9355666666666667,17.651749312877655,0.9197
stage2,1,90,101.2375328540802,0.9390166666666667,16.892948746681213,0.944
stage2,1,91,101.1027050614357,0.939,17.627989053726196,0.9242
stage2,1,92,100.62294834852219,0.9402833333333334,16.983779728412628,0.94
stage2,1,93,99.72051739692688,0.944,17.15263444185257,0.9339
stage2,1,94,100.09101015329361,0.9425666666666667,17.378481030464172,0.9303
stage2,1,95,101.15761309862137,0.93815,17.150822341442108,0.9328
stage2,1,96,100.4377653002739,0.9407333333333333,17.52903014421463,0.9226
stage2,1,97,99.17874109745026,0.9460666666666666,16.80925351381302,0.9415
stage2,1,98,99.91558104753494,0.9430833333333334,17.19610959291458,0.936
stage2,1,99,99.54216891527176,0.9440666666666667,16.944016873836517,0.9373
stage2,1,100,99.69883930683136,0.9434666666666667,17.32529240846634,0.9279
stage2,1,101,99.51623260974884,0.9438166666666666,16.9184929728508,0.9384
stage2,1,102,99.1613587141037,0.9458,16.907627165317535,0.9395
stage2,1,103,99.42899227142334,0.9448,17.80670988559723,0.913
stage2,1,104,99.20052522420883,0.9449166666666666,16.777543425559998,0.9425
stage2,1,105,98.87648075819016,0.9461833333333334,16.70601326227188,0.9451
stage2,1,106,98.92612540721893,0.9455666666666667,16.893616318702698,0.9395
stage2,1,107,99.72550064325333,0.9418833333333333,17.10650008916855,0.9355
stage2,1,108,100.26741987466812,0.9397833333333333,17.440465927124023,0.9243
stage2,1,109,99.65328484773636,0.9418666666666666,16.84802532196045,0.9427
stage2,1,110,98.85787588357925,0.94555,16.6710467338562,0.9468
stage2,1,111,98.29906159639359,0.9478166666666666,16.75134575366974,0.9442
stage2,1,112,98.63151359558105,0.9461166666666667,16.548292815685272,0.9495
stage2,1,113,98.48062193393707,0.94715,16.748676776885986,0.9415
stage2,1,114,98.7464509010315,0.9450833333333334,16.799966990947723,0.9395
stage2,1,115,99.06068277359009,0.9439,16.879193663597107,0.9386
stage2,1,116,99.17017084360123,0.9435333333333333,16.690408647060394,0.9453
stage2,1,117,98.78631383180618,0.9450333333333333,17.067138671875,0.9385
stage2,1,118,98.16470992565155,0.9475,16.708949744701385,0.9429
stage2,1,119,98.59187334775925,0.9455666666666667,16.99028569459915,0.9347
stage2,1,120,97.59556049108505,0.9494833333333333,16.954807817935944,0.9369
stage2,1,121,98.93709963560104,0.9446,17.66806846857071,0.9198
stage2,1,122,98.74907737970352,0.9448333333333333,17.03072041273117,0.938
stage2,1,123,97.93820303678513,0.9483333333333334,16.74592113494873,0.9412
stage2,1,124,98.37944620847702,0.9464166666666667,16.9500412940979,0.9364
stage2,1,125,98.79814511537552,0.9444,16.657900273799896,0.9458
stage2,1,126,98.55222743749619,0.9449,17.3286349773407,0.9269
stage2,1,127,99.44355005025864,0.94105,16.753886699676514,0.9404
stage2,1,128,98.89163213968277,0.9436833333333333,17.14859813451767,0.9319
stage2,1,129,98.57758235931396,0.9445666666666667,16.834505915641785,0.9417
stage2,1,130,97.4834395647049,0.9487666666666666,16.79524177312851,0.9405
stage2,1,131,97.9073116183281,0.9464833333333333,16.47408151626587,0.9456
stage2,1,132,97.52152621746063,0.9486166666666667,16.819996535778046,0.9395
stage2,1,133,97.43265038728714,0.9488833333333333,16.613630771636963,0.943
stage2,1,134,97.87934809923172,0.94675,17.084394872188568,0.9343
stage2,1,135,98.12160032987595,0.9457,16.56557273864746,0.9438
stage2,1,136,97.6747254729271,0.9471333333333334,16.584035277366638,0.9439
stage2,1,137,98.70268267393112,0.9428,16.74576586484909,0.9424
stage2,1,138,98.74146604537964,0.9421666666666667,16.625709414482117,0.9427
stage2,1,139,98.30175542831421,0.9449166666666666,16.832824766635895,0.9383
stage2,1,140,97.5659008026123,0.9471166666666667,17.050282180309296,0.9361
stage2,1,141,99.20779722929001,0.9405,16.702922523021698,0.9406
stage2,1,142,98.17084884643555,0.9443166666666667,16.71118950843811,0.9399
stage2,1,143,97.25883334875107,0.9480666666666666,17.215203285217285,0.9276
stage2,1,144,97.18775629997253,0.94875,16.8338041305542,0.9368
stage2,1,145,96.80780559778214,0.9492833333333334,16.401138365268707,0.9475
stage2,1,146,96.91877698898315,0.9489833333333333,17.03302550315857,0.9335
stage2,1,147,97.26581567525864,0.9480333333333333,16.42188584804535,0.9478
stage2,1,148,97.85499465465546,0.94505,16.676608622074127,0.942
stage2,1,149,97.41158705949783,0.9474333333333333,17.341135263442993,0.926
stage2,1,150,97.91149216890335,0.9449,16.719342589378357,0.9396
stage2,1,151,97.60484117269516,0.9465833333333333,16.82854723930359,0.9367
stage2,1,152,96.48671835660934,0.9512166666666667,17.867187321186066,0.9131
stage2,1,153,97.27755188941956,0.9468166666666666,16.94046574831009,0.9345
stage2,1,154,98.12114208936691,0.9437,16.717690408229828,0.9398
stage2,1,155,97.3949134349823,0.9469333333333333,16.679158568382263,0.9387
stage2,1,156,97.3407951593399,0.9466166666666667,16.579966187477112,0.9447
stage2,1,157,97.49447059631348,0.9458,16.34356653690338,0.9496
stage2,1,158,95.94270986318588,0.95245,16.35879695415497,0.9494
stage2,1,159,96.81813877820969,0.9489,16.710458874702454,0.9376
stage2,1,160,96.79843366146088,0.9485333333333333,17.00095295906067,0.9337
stage2,1,161,97.01664221286774,0.9477833333333333,16.483764469623566,0.9454
stage2,1,162,97.2841973900795,0.9461166666666667,16.557042062282562,0.9425
stage2,1,163,97.15258991718292,0.9459166666666666,16.51549381017685,0.9451
stage2,1,164,96.52357918024063,0.9486833333333333,16.55431419610977,0.9419
stage2,1,165,96.82140254974365,0.9475666666666667,17.409058570861816,0.9191
stage2,1,166,96.23772501945496,0.9491333333333334,16.713346540927887,0.9351
stage2,1,167,95.96368670463562,0.9499333333333333,16.296582400798798,0.9466
stage2,1,168,96.56444174051285,0.9473,16.30821418762207,0.9459
stage2,1,169,96.26817083358765,0.9486333333333333,16.42484724521637,0.9431
stage2,1,170,96.24798285961151,0.9482666666666667,17.298301577568054,0.9232
stage2,1,171,97.26818352937698,0.94485,16.647798538208008,0.9384
stage2,1,172,96.32425540685654,0.94815,16.33381164073944,0.9438
stage2,1,173,95.43426805734634,0.9518,16.530509412288666,0.9431
stage2,1,174,96.59594357013702,0.9467666666666666,16.454551696777344,0.9396
stage2,1,175,95.0550531744957,0.9529,16.748491048812866,0.9368
stage2,1,176,95.39507204294205,0.9515666666666667,16.60520350933075,0.9402
stage2,1,177,97.08926743268967,0.9444166666666667,16.84274470806122,0.9318
stage2,1,178,95.78004294633865,0.9498166666666666,16.240407049655914,0.948
stage2,1,179,95.85191744565964,0.94895,16.341482877731323,0.9451
stage2,1,180,96.32467180490494,0.94735,16.51796019077301,0.9424
stage2,1,181,96.04368591308594,0.94885,17.004720747470856,0.9279
stage2,1,182,96.10535424947739,0.9489333333333333,16.42887634038925,0.9445
stage2,1,183,95.39154833555222,0.9510333333333333,16.279401242733,0.9471
stage2,1,184,95.4066464304924,0.9511333333333334,16.363846242427826,0.946
stage2,1,185,95.36315876245499,0.9506333333333333,16.49557602405548,0.9437
stage2,1,186,96.64921051263809,0.9465666666666667,16.658470451831818,0.9387
stage2,1,187,96.44024699926376,0.9470833333333334,17.061274230480194,0.9261
stage2,1,188,96.68987035751343,0.945,16.139265656471252,0.9504
stage2,1,189,97.40030258893967,0.9427833333333333,17.06652921438217,0.924
stage2,1,190,96.4136683344841,0.9467666666666666,16.32415062189102,0.9445
stage2,1,191,96.65259754657745,0.9458666666666666,16.59346979856491,0.9383
stage2,1,192,95.79991090297699,0.9481833333333334,16.21422702074051,0.9483
stage2,1,193,96.27450811862946,0.9468,16.85247105360031,0.9333
stage2,1,194,96.16429096460342,0.9476,16.390257596969604,0.9421
stage2,1,195,95.87611484527588,0.9489166666666666,16.645581603050232,0.9356
stage2,1,196,97.39876508712769,0.9425833333333333,16.442956924438477,0.9439
stage2,1,197,95.75247818231583,0.9495,16.190414905548096,0.9494
stage2,1,198,95.68372946977615,0.9488,16.16991126537323,0.9474
stage2,1,199,94.82749688625336,0.9521,15.976703941822052,0.9553
stage2,1,200,94.52687281370163,0.9541,16.392461717128754,0.9423
stage2,1,201,94.86841630935669,0.9528166666666666,16.191905677318573,0.9478
stage2,1,202,95.5942531824112,0.9493833333333334,16.947109282016754,0.9287
stage2,1,203,95.64455717802048,0.9489833333333333,16.133269667625427,0.9482
stage2,1,204,94.47946459054947,0.9535,16.164869904518127,0.9503
stage2,1,205,97.20556688308716,0.9427333333333333,16.227169811725616,0.9439
stage2,1,206,96.79521971940994,0.9439166666666666,16.073683619499207,0.9508
stage2,1,207,95.48194909095764,0.9493833333333334,16.381886780261993,0.943
stage2,1,208,96.16693043708801,0.9455333333333333,16.55893850326538,0.9416
stage2,1,209,95.60303997993469,0.9481,16.05295020341873,0.9512
stage2,1,210,94.5991080403328,0.9516333333333333,16.525024950504303,0.9375
stage2,1,211,94.9913769364357,0.95035,16.596589744091034,0.9359
stage2,1,212,95.11522674560547,0.9492166666666667,16.18381977081299,0.9482
stage2,1,213,95.53515672683716,0.9473666666666667,16.12088644504547,0.9475
stage2,1,214,96.94494557380676,0.9417,16.227170407772064,0.9451
stage2,1,215,95.53498446941376,0.9484666666666667,16.117054283618927,0.9494
stage2,1,216,94.76339948177338,0.9513166666666667,15.888829708099365,0.9561
stage2,1,217,95.28257089853287,0.9489833333333333,16.536500811576843,0.9399
stage2,1,218,94.91599076986313,0.95,15.977462947368622,0.9548
stage2,1,219,94.54021060466766,0.9521333333333334,16.60503315925598,0.9368
stage2,1,220,94.55314487218857,0.9516666666666667,16.044423818588257,0.9515
stage2,1,221,94.99955463409424,0.9495833333333333,16.069710910320282,0.9489
stage2,1,222,95.24112141132355,0.9491666666666667,17.006255984306335,0.9255
stage2,1,223,94.48943489789963,0.95205,16.314739167690277,0.9454
stage2,1,224,94.59758973121643,0.95235,15.944127857685089,0.953
stage2,1,225,94.77758705615997,0.95085,16.27022922039032,0.9454
stage2,1,226,94.67564940452576,0.9508666666666666,15.88651591539383,0.953
stage2,1,227,93.4112901687622,0.9566,15.81755417585373,0.955
stage2,1,228,94.30413168668747,0.9525333333333333,16.35102641582489,0.942
stage2,1,229,94.13846170902252,0.9534833333333333,16.04859846830368,0.949
stage2,1,230,95.07085210084915,0.9489333333333333,16.062163174152374,0.9488
stage2,1,231,94.6054202914238,0.9509666666666666,16.602288722991943,0.936
stage2,1,232,94.99996775388718,0.94955,16.001116156578064,0.9506
stage2,1,233,94.3976137638092,0.9516333333333333,15.971001327037811,0.9499
stage2,1,234,94.65401738882065,0.9504666666666667,16.406013131141663,0.9433
stage2,1,235,95.43885219097137,0.9470166666666666,15.992017209529877,0.9516
stage2,1,236,95.15924274921417,0.9492,16.359995484352112,0.9414
stage2,1,237,95.59640002250671,0.9475666666666667,16.20371049642563,0.9461
stage2,1,238,94.57690435647964,0.9509666666666666,16.406813383102417,0.9381
stage2,1,239,94.93004357814789,0.9496333333333333,16.080393373966217,0.9493
stage2,1,240,94.24988031387329,0.9523666666666667,15.863130450248718,0.9541
stage2,1,241,94.6559745669365,0.9509166666666666,16.530090987682343,0.9371
stage2,1,242,95.36559909582138,0.9488,16.514163553714752,0.9376
stage2,1,243,95.56283271312714,0.94735,15.764544308185577,0.9562
stage2,1,244,95.54524278640747,0.94705,15.826099395751953,0.9556
stage2,1,245,94.21199780702591,0.9527666666666667,15.858315169811249,0.9546
stage2,1,246,94.46876108646393,0.9517666666666666,16.322650849819183,0.9434
stage2,1,247,94.13538640737534,0.9527166666666667,16.014433681964874,0.949
stage2,1,248,94.89906930923462,0.9499333333333333,16.060720562934875,0.9506
stage2,1,249,96.4562793970108,0.9428833333333333,16.591896414756775,0.9377
stage2,1,250,94.76071780920029,0.9499833333333333,16.187225222587585,0.9456
stage2,1,251,94.71309226751328,0.95025,16.107635617256165,0.9478
stage2,1,252,94.68885618448257,0.9504,16.009122371673584,0.9496
stage2,1,253,94.027070581913,0.9531833333333334,16.059618592262268,0.9481
stage2,1,254,94.60343605279922,0.95055,16.38123768568039,0.9417
stage2,1,255,94.42577332258224,0.9513666666666667,16.554976165294647,0.9371
stage2,1,256,94.06354254484177,0.9523,16.289002001285553,0.9431
stage2,1,257,93.61049181222916,0.95425,16.366095662117004,0.9417
stage2,1,258,94.88977801799774,0.9500833333333333,16.31767511367798,0.9396
stage2,1,259,95.4647666811943,0.9461833333333334,16.108750820159912,0.9477
stage2,1,260,94.4311518073082,0.9513333333333334,15.878965079784393,0.952
stage2,1,261,94.7128718495369,0.9500166666666666,16.29035484790802,0.9414
stage2,1,262,96.28051006793976,0.9440833333333334,15.946373641490936,0.9521
stage2,1,263,93.7985759973526,0.9538166666666666,15.996583759784698,0.9474
stage2,1,264,93.2444885969162,0.95565,15.708941340446472,0.958
stage2,1,265,94.3279499411583,0.9513166666666667,16.662264943122864,0.9311
stage2,1,266,93.61174029111862,0.9537333333333333,15.894159197807312,0.952
stage2,1,267,94.74709045886993,0.9498666666666666,16.796624779701233,0.9342
stage2,1,268,95.19450217485428,0.948,16.29248034954071,0.9417
stage2,1,269,94.86617666482925,0.9490166666666666,16.068511843681335,0.9449
stage2,1,270,93.21934044361115,0.95515,15.877816677093506,0.9527
stage2,1,271,93.01931482553482,0.9565166666666667,16.107054591178894,0.9483
stage2,1,272,93.97488641738892,0.9529,15.838050901889801,0.9534
stage2,1,273,94.99571698904037,0.9492333333333334,16.25608777999878,0.9459
stage2,1,274,94.85407322645187,0.9492,16.314517378807068,0.9414
stage2,1,275,94.3878231048584,0.9510166666666666,16.289884090423584,0.9425
stage2,1,276,94.54286640882492,0.9507833333333333,16.514150738716125,0.9374
stage2,1,277,94.72899305820465,0.9492166666666667,16.461668491363525,0.9355
stage2,1,278,95.78894072771072,0.9455333333333333,16.144474387168884,0.9436
stage2,1,279,93.75631082057953,0.9536666666666667,16.459322810173035,0.9382
stage2,1,280,94.06944507360458,0.9518166666666666,15.989143550395966,0.95
stage2,1,281,93.5274401307106,0.9540666666666666,16.041765451431274,0.9488
stage2,1,282,94.09607994556427,0.9516333333333333,16.548814237117767,0.9336
stage2,1,283,93.80115813016891,0.9527,15.744235455989838,0.9545
stage2,1,284,94.78618603944778,0.9487333333333333,15.701411068439484,0.9565
stage2,1,285,93.59055149555206,0.9535833333333333,16.05231410264969,0.9478
stage2,1,286,93.80059975385666,0.9524333333333334,16.3945871591568,0.9404
stage2,1,287,93.2159606218338,0.9543,15.925179362297058,0.9514
stage2,1,288,94.04607319831848,0.9515,15.99647343158722,0.9497
stage2,1,289,93.85899072885513,0.9515166666666667,16.218038082122803,0.942
stage2,1,290,92.98154753446579,0.9553666666666667,16.182611167430878,0.9451
stage2,1,291,95.49420982599258,0.9453166666666667,16.2942755818367,0.9406
stage2,1,292,93.9708069562912,0.9512833333333334,15.91628110408783,0.9496
stage2,1,293,93.64280098676682,0.9523,15.95047265291214,0.9486
stage2,1,294,93.02029955387115,0.9548833333333333,15.87171083688736,0.9531
stage2,1,295,92.97856110334396,0.9554166666666667,15.952583909034729,0.95
stage2,1,296,93.26007616519928,0.9534833333333333,16.084821939468384,0.9471
stage2,1,297,93.97896194458008,0.95105,15.83912843465805,0.9515
stage2,1,298,93.34043192863464,0.9535833333333333,16.033993005752563,0.9474
stage2,1,299,92.91686201095581,0.9554833333333334,16.409434378147125,0.9356
stage2,1,300,93.26811450719833,0.954,16.362605214118958,0.9377
stage2,2,1,241.3993135690689,0.3277833333333333,36.97464716434479,0.3868
stage2,2,2,203.34851264953613,0.5370666666666667,32.482197999954224,0.5368
stage2,2,3,183.66442716121674,0.6058,29.557793378829956,0.6331
stage2,2,4,170.6123650074005,0.6671,28.57320213317871,0.6783
stage2,2,5,161.75496351718903,0.7225166666666667,26.456215500831604,0.718
stage2,2,6,153.96108102798462,0.7659666666666667,25.42838454246521,0.7268
stage2,2,7,148.27773904800415,0.7969666666666667,25.036412715911865,0.742
stage2,2,8,144.50386428833008,0.8178,24.10943627357483,0.7448
stage2,2,9,141.68743181228638,0.8334166666666667,23.592564582824707,0.7701
stage2,2,10,138.55778217315674,0.8534666666666667,23.157354474067688,0.8007
stage2,2,11,135.18435406684875,0.87315,22.636425971984863,0.7974
stage2,2,12,133.28395867347717,0.8807833333333334,22.429646730422974,0.7993
stage2,2,13,132.39065539836884,0.8805166666666666,22.2389395236969,0.8022
stage2,2,14,128.96936643123627,0.8954833333333333,21.846413373947144,0.8157
stage2,2,15,127.50063920021057,0.8986666666666666,21.516819775104523,0.8475
stage2,2,16,126.8689626455307,0.8988833333333334,21.033961296081543,0.8556
stage2,2,17,124.40932810306549,0.90645,20.61705195903778,0.8575
stage2,2,18,122.19822007417679,0.9108666666666667,20.519245386123657,0.867
stage2,2,19,122.11856949329376,0.907,20.886179983615875,0.8238
stage2,2,20,121.35712397098541,0.9082,20.152100265026093,0.8764
stage2,2,21,119.3782474398613,0.91535,20.14818811416626,0.8723
stage2,2,22,119.39049595594406,0.91265,19.959241807460785,0.8541
stage2,2,23,118.76189583539963,0.9141833333333333,20.086679577827454,0.8707
stage2,2,24,117.92581683397293,0.9171333333333334,19.667197227478027,0.8907
stage2,2,25,116.87837487459183,0.92055,19.682982742786407,0.872
stage2,2,26,116.65619784593582,0.9205833333333333,19.591199040412903,0.9083
stage2,2,27,115.7603572010994,0.9232666666666667,19.351840257644653,0.9034
stage2,2,28,114.66377729177475,0.9279,19.398348689079285,0.8951
stage2,2,29,114.62942463159561,0.9267833333333333,19.50327080488205,0.9137
stage2,2,30,114.07824456691742,0.9286666666666666,19.34104061126709,0.8984
stage2,2,31,114.59357553720474,0.9244833333333333,19.2742320895195,0.9017
stage2,2,32,113.77113848924637,0.9281333333333334,19.25722575187683,0.9184
stage2,2,33,114.15023362636566,0.92565,19.1316077709198,0.9261
stage2,2,34,112.9010688662529,0.9312666666666667,19.59795045852661,0.9166
stage2,2,35,113.43083292245865,0.92835,18.989780008792877,0.9163
stage2,2,36,112.53462713956833,0.9317333333333333,18.83887767791748,0.9305
stage2,2,37,111.82845026254654,0.93445,19.08163160085678,0.8958
stage2,2,38,111.65126311779022,0.9336333333333333,18.79045969247818,0.9284
stage2,2,39,112.55149400234222,0.9294666666666667,18.979605972766876,0.8956
stage2,2,40,110.90311074256897,0.9371166666666667,18.935603320598602,0.9287
stage2,2,41,111.12899482250214,0.93455,18.67044711112976,0.9118
stage2,2,42,110.03646874427795,0.9385166666666667,18.60362833738327,0.9335
stage2,2,43,109.74518698453903,0.9393833333333333,18.64720869064331,0.9244
stage2,2,44,110.30446130037308,0.9361166666666667,19.137173116207123,0.8745
stage2,2,45,110.98875254392624,0.9333333333333333,18.626171231269836,0.8981
stage2,2,46,109.87614494562149,0.93815,18.85001891851425,0.8939
stage2,2,47,109.28001284599304,0.9402833333333334,18.62530916929245,0.9165
stage2,2,48,109.36912274360657,0.9374166666666667,18.890532970428467,0.9175
stage2,2,49,109.5235726237297,0.9362,18.390450298786163,0.8914
stage2,2,50,109.22835266590118,0.9372,18.42597860097885,0.9337
stage2,2,51,108.75055378675461,0.9393833333333333,18.43398952484131,0.9328
stage2,2,52,108.028644323349,0.94165,18.775018274784088,0.9105
stage2,2,53,108.66841161251068,0.9377833333333333,18.4332337975502,0.9215
stage2,2,54,108.03536283969879,0.9401,18.316337287425995,0.9333
stage2,2,55,107.25527828931808,0.9438166666666666,18.622729182243347,0.9246
stage2,2,56,107.25555968284607,0.9430833333333334,18.70643013715744,0.889
stage2,2,57,107.77663993835449,0.9395666666666667,18.32101035118103,0.9399
stage2,2,58,107.27995091676712,0.9421666666666667,18.57962393760681,0.9207
stage2,2,59,106.81314140558243,0.9431333333333334,18.08857136964798,0.9108
stage2,2,60,106.75447988510132,0.9431833333333334,17.98533296585083,0.9396
stage2,2,61,106.21551859378815,0.9448666666666666,17.95793741941452,0.9412
stage2,2,62,105.6192158460617,0.9453666666666667,17.763990938663483,0.9382
stage2,2,63,106.77430015802383,0.9396166666666667,18.05120837688446,0.936
stage2,2,64,105.40291273593903,0.9455666666666667,17.92229413986206,0.936
stage2,2,65,106.00821107625961,0.9430666666666667,17.941551566123962,0.9421
stage2,2,66,105.96560961008072,0.9426333333333333,17.899100065231323,0.9372
stage2,2,67,105.10913038253784,0.9456166666666667,17.597202718257904,0.9418
stage2,2,68,105.07512599229813,0.94505,18.037014305591583,0.9204
stage2,2,69,104.21370393037796,0.9483666666666667,17.940775334835052,0.9296
stage2,2,70,104.83482640981674,0.9460333333333333,18.502051413059235,0.9139
stage2,2,71,105.27319085597992,0.94305,17.705437004566193,0.9451
stage2,2,72,104.06345278024673,0.9483666666666667,17.567358016967773,0.9406
stage2,2,73,104.7802123427391,0.9451666666666667,18.223959267139435,0.9259
stage2,2,74,105.0183562040329,0.9441833333333334,17.627640068531036,0.9429
stage2,2,75,104.85125917196274,0.9441333333333334,17.93513375520706,0.9392
stage2,2,76,104.70406490564346,0.9454833333333333,17.78545570373535,0.9395
stage2,2,77,104.96582907438278,0.9441833333333334,17.673243761062622,0.9348
stage2,2,78,104.58318650722504,0.9456333333333333,17.688932716846466,0.9186
stage2,2,79,104.3447635769844,0.9466166666666667,17.493253648281097,0.9472
stage2,2,80,104.04935443401337,0.9479333333333333,18.078019082546234,0.9343
stage2,2,81,105.02117329835892,0.9433166666666667,18.650795698165894,0.907
stage2,2,82,104.0014255642891,0.9475666666666667,17.58221185207367,0.9433
stage2,2,83,104.04113608598709,0.94685,17.78354150056839,0.9417
stage2,2,84,104.1666334271431,0.9461666666666667,17.580023407936096,0.9442
stage2,2,85,104.54010111093521,0.9445166666666667,17.903729796409607,0.9356
stage2,2,86,104.36526781320572,0.9455666666666667,17.83215641975403,0.9376
stage2,2,87,104.13639223575592,0.9461166666666667,18.690682113170624,0.916
stage2,2,88,104.3820189833641,0.9446166666666667,17.636483788490295,0.9447
stage2,2,89,103.00562942028046,0.9509166666666666,17.549943566322327,0.9442
stage2,2,90,103.48001003265381,0.9486,17.519505262374878,0.9404
stage2,2,91,103.59492355585098,0.9477666666666666,17.40104866027832,0.949
stage2,2,92,102.80584043264389,0.9513333333333334,18.012446761131287,0.9275
stage2,2,93,104.37755393981934,0.94475,17.500958263874054,0.9465
stage2,2,94,102.86664456129074,0.9507,17.958247184753418,0.9302
stage2,2,95,102.53628200292587,0.9522666666666667,17.417795062065125,0.95
stage2,2,96,103.24231564998627,0.9489166666666666,17.707761824131012,0.9402
stage2,2,97,103.07490760087967,0.9493666666666667,17.58232843875885,0.945
stage2,2,98,102.92795038223267,0.9495666666666667,17.438203990459442,0.9487
stage2,2,99,103.16475522518158,0.9488166666666666,17.548080325126648,0.9433
stage2,2,100,103.74217146635056,0.9458166666666666,17.60553401708603,0.9432
stage2,2,101,102.48902297019958,0.9521333333333334,17.300210773944855,0.9392
stage2,2,102,102.24644321203232,0.9526,17.594444036483765,0.9412
stage2,2,103,103.05602103471756,0.9488166666666666,17.36666476726532,0.9498
stage2,2,104,102.58417785167694,0.95065,17.96239745616913,0.9337
stage2,2,105,102.13835245370865,0.9519333333333333,17.304105758666992,0.9491
stage2,2,106,102.42205083370209,0.9505666666666667,17.207469582557678,0.9432
stage2,2,107,103.44297522306442,0.9466166666666667,17.976133048534393,0.9326
stage2,2,108,103.47366666793823,0.9459833333333333,17.47462773323059,0.9424
stage2,2,109,102.79295748472214,0.9486833333333333,18.370355665683746,0.9122
stage2,2,110,102.35374248027802,0.9505166666666667,17.374664187431335,0.9485
stage2,2,111,102.07143515348434,0.9515333333333333,17.142106533050537,0.9536
stage2,2,112,101.13377791643143,0.9555,17.205452382564545,0.9442
stage2,2,113,102.81296169757843,0.94865,17.623334884643555,0.9171
stage2,2,114,101.8210963010788,0.9528333333333333,17.228256344795227,0.9258
stage2,2,115,102.21213519573212,0.9504166666666667,17.213495790958405,0.9478
stage2,2,116,102.99647796154022,0.9476166666666667,17.337739944458008,0.9484
stage2,2,117,102.26047641038895,0.9498666666666666,17.519542813301086,0.9409
stage2,2,118,103.24555969238281,0.9451833333333334,17.49107390642166,0.937
stage2,2,119,102.40933120250702,0.9499833333333333,17.318805873394012,0.9463
stage2,2,120,101.12073332071304,0.9554666666666667,17.525149881839752,0.9393
stage2,2,121,101.7062218785286,0.9521166666666666,17.207541346549988,0.9485
stage2,2,122,101.73772346973419,0.9528666666666666,17.32540625333786,0.9495
stage2,2,123,101.56486976146698,0.95355,18.280434548854828,0.9232
stage2,2,124,102.05553942918777,0.9514333333333334,17.351600408554077,0.9434
stage2,2,125,101.30664724111557,0.9545666666666667,17.657526671886444,0.9367
stage2,2,126,101.90443694591522,0.9511333333333334,17.3509384393692,0.9443
stage2,2,127,100.94908487796783,0.9555666666666667,17.267544090747833,0.9498
stage2,2,128,101.38389074802399,0.9539833333333333,17.410195529460907,0.945
stage2,2,129,102.29061150550842,0.9495833333333333,17.558988094329834,0.9413
stage2,2,130,104.17609232664108,0.9417333333333333,17.335985243320465,0.9449
stage2,2,131,101.9483984708786,0.9513666666666667,17.359919369220734,0.9466
stage2,2,132,101.63877761363983,0.95255,17.45006561279297,0.9455
stage2,2,133,101.07887798547745,0.95475,17.283899784088135,0.9498
stage2,2,134,100.96932780742645,0.9548833333333333,16.9839528799057,0.9558
stage2,2,135,100.96754908561707,0.95485,17.436441957950592,0.933
stage2,2,136,101.76390665769577,0.9516,17.13874179124832,0.9513
stage2,2,137,101.94125151634216,0.9508833333333333,17.184004485607147,0.951
stage2,2,138,100.38884115219116,0.9578166666666666,17.078793704509735,0.9492
stage2,2,139,100.55836671590805,0.95645,17.24541276693344,0.9497
stage2,2,140,101.08779740333557,0.95405,17.063022434711456,0.9465
stage2,2,141,101.21856337785721,0.9536333333333333,18.315118432044983,0.9237
stage2,2,142,101.78290635347366,0.9515166666666667,17.219484627246857,0.947
stage2,2,143,101.17392861843109,0.9534666666666667,17.067633986473083,0.9526
stage2,2,144,101.03723120689392,0.9541,17.257770001888275,0.9507
stage2,2,145,100.38352710008621,0.9576666666666667,17.049277305603027,0.955
stage2,2,146,101.43620735406876,0.9520666666666666,17.120980978012085,0.9425
stage2,2,147,101.08536994457245,0.9546,17.383838176727295,0.9397
stage2,2,148,100.85469579696655,0.9549666666666666,17.084125220775604,0.946
stage2,2,149,100.49681180715561,0.9564333333333334,16.9853658080101,0.956
stage2,2,150,100.30865293741226,0.9572,17.349106311798096,0.947
stage2,2,151,100.66645914316177,0.9561333333333333,16.8828684091568,0.9581
stage2,2,152,100.32652986049652,0.9574333333333334,16.918719947338104,0.9574
stage2,2,153,100.22444868087769,0.9573833333333334,17.232609570026398,0.9473
stage2,2,154,100.67969965934753,0.9552666666666667,17.049302995204926,0.9444
stage2,2,155,101.2098503112793,0.9525166666666667,17.34419596195221,0.9454
stage2,2,156,101.42348742485046,0.9524666666666667,17.409382104873657,0.9436
stage2,2,157,100.93640047311783,0.9542666666666667,17.196013927459717,0.9509
stage2,2,158,100.71213185787201,0.9551666666666667,17.045463263988495,0.9552
stage2,2,159,100.77242827415466,0.9552166666666667,17.014735281467438,0.9448
stage2,2,160,101.43229126930237,0.95135,17.11102044582367,0.9515
stage2,2,161,100.4560735821724,0.9565333333333333,17.25195622444153,0.9496
stage2,2,162,100.37437033653259,0.9567166666666667,17.249828934669495,0.9453
stage2,2,163,100.59609442949295,0.9549,17.64472323656082,0.9383
stage2,2,164,100.0648530125618,0.9571833333333334,16.915262162685394,0.9568
stage2,2,165,99.9288637638092,0.9579666666666666,17.03765082359314,0.9502
stage2,2,166,100.63388168811798,0.9550666666666666,16.99254071712494,0.9564
stage2,2,167,100.64842891693115,0.9547,16.785114228725433,0.9582
stage2,2,168,101.00882929563522,0.9537,17.096781492233276,0.9526
stage2,2,169,100.74374681711197,0.9546333333333333,16.87241905927658,0.9497
stage2,2,170,100.29699939489365,0.9569166666666666,16.947209000587463,0.9561
stage2,2,171,100.56279766559601,0.9557833333333333,17.068097591400146,0.9522
stage2,2,172,100.5573091506958,0.955,17.3642338514328,0.9449
stage2,2,173,99.95367217063904,0.95815,17.00151538848877,0.9552
stage2,2,174,100.77767717838287,0.9543166666666667,16.96779501438141,0.9558
stage2,2,175,100.69006264209747,0.9542833333333334,16.954921662807465,0.9563
stage2,2,176,100.31538963317871,0.9565333333333333,17.066570281982422,0.9492
stage2,2,177,100.01142603158951,0.9573,17.1511412858963,0.9506
stage2,2,178,100.79775083065033,0.9534833333333333,17.21081656217575,0.9423
stage2,2,179,99.89285147190094,0.9567166666666667,16.91488665342331,0.9558
stage2,2,180,99.98515218496323,0.9560833333333333,17.196649134159088,0.9497
stage2,2,181,99.44541275501251,0.9584666666666667,16.781418085098267,0.9575
stage2,2,182,100.44678884744644,0.9535833333333333,17.33335244655609,0.9403
stage2,2,183,99.40195918083191,0.9585333333333333,17.269187450408936,0.9432
stage2,2,184,99.36673313379288,0.9589333333333333,17.114681780338287,0.9492
stage2,2,185,99.44203639030457,0.9579833333333333,16.72399389743805,0.9601
stage2,2,186,100.23911899328232,0.9546,17.033882439136505,0.9496
stage2,2,187,99.43955969810486,0.9580333333333333,16.955198407173157,0.9518
stage2,2,188,99.08386927843094,0.9593333333333334,16.948356986045837,0.9558
stage2,2,189,98.95264464616776,0.9601166666666666,17.01685631275177,0.9531
stage2,2,190,99.38654327392578,0.95815,16.967808425426483,0.9514
stage2,2,191,99.38220262527466,0.9586,16.73356705904007,0.9567
stage2,2,192,99.9603870511055,0.9559666666666666,17.025257468223572,0.9522
stage2,2,193,99.35368770360947,0.9587,16.98170304298401,0.9528
stage2,2,194,100.42439597845078,0.9542166666666667,17.16979479789734,0.9482
stage2,2,195,100.03759264945984,0.9550833333333333,17.328397154808044,0.9418
stage2,2,196,100.72347915172577,0.95275,16.860888481140137,0.956
stage2,2,197,99.10770672559738,0.9594166666666667,17.719210624694824,0.9313
stage2,2,198,100.58001524209976,0.9530666666666666,16.84042340517044,0.9563
stage2,2,199,100.2841482758522,0.9542333333333334,17.058469593524933,0.9474
stage2,2,200,101.86995840072632,0.94785,17.026544153690338,0.9513
stage2,2,201,100.19633764028549,0.955,17.20840948820114,0.9433
stage2,2,202,100.8265705704689,0.9521166666666666,17.348417460918427,0.9438
stage2,2,203,100.65230005979538,0.9528666666666666,17.670493125915527,0.9304
stage2,2,204,100.47005838155746,0.9533333333333334,16.94624149799347,0.9531
stage2,2,205,99.2686910033226,0.9567833333333333,17.285085678100586,0.9393
stage2,2,206,99.18603360652924,0.9568333333333333,16.859906375408173,0.9528
stage2,2,207,98.98477268218994,0.95805,16.794474720954895,0.9561
stage2,2,208,98.91152811050415,0.9575166666666667,16.5412437915802,0.9621
stage2,2,209,97.99228495359421,0.96165,16.762018620967865,0.9559
stage2,2,210,98.88318657875061,0.9573833333333334,17.20701664686203,0.9448
stage2,2,211,99.04518532752991,0.95665,16.734686732292175,0.9549
stage2,2,212,98.8875361084938,0.9563333333333334,16.920272827148438,0.9498
stage2,2,213,99.33977407217026,0.9554166666666667,16.736407041549683,0.9556
stage2,2,214,99.39088386297226,0.9552666666666667,16.904409050941467,0.9535
stage2,2,215,99.80686229467392,0.9527,16.85538077354431,0.9527
stage2,2,216,99.4380310177803,0.9539166666666666,16.625127255916595,0.9589
stage2,2,217,99.44666177034378,0.95445,17.714860022068024,0.9322
stage2,2,218,98.58315283060074,0.9574166666666667,16.824946522712708,0.953
stage2,2,219,99.30396902561188,0.9544833333333334,16.86146205663681,0.9522
stage2,2,220,98.34139680862427,0.9578833333333333,16.597590029239655,0.9583
stage2,2,221,98.98785936832428,0.9563,17.239965617656708,0.9437
stage2,2,222,98.84784018993378,0.9564833333333334,16.86430186033249,0.9512
stage2,2,223,98.17877453565598,0.9588166666666667,16.597625613212585,0.9592
stage2,2,224,98.25632119178772,0.9587,16.9834486246109,0.9499
stage2,2,225,98.77085626125336,0.9569166666666666,16.81327760219574,0.954
stage2,2,226,98.94390112161636,0.9559333333333333,16.82527244091034,0.9526
stage2,2,227,98.21468162536621,0.95895,16.778086602687836,0.9544
stage2,2,228,98.55650871992111,0.9576666666666667,17.14642423391342,0.9458
stage2,2,229,98.53171771764755,0.9562333333333334,16.834801018238068,0.9512
stage2,2,230,99.3469706773758,0.9520666666666666,16.764737844467163,0.9531
stage2,2,231,98.63226091861725,0.9550666666666666,16.675898849964142,0.9563
stage2,2,232,97.72388702630997,0.9585166666666667,16.56560719013214,0.9568
stage2,2,233,98.43352407217026,0.95525,16.801390647888184,0.9512
stage2,2,234,98.83104664087296,0.9534166666666667,16.84066414833069,0.9509
stage2,2,235,98.51218569278717,0.9547,16.77344101667404,0.9525
stage2,2,236,99.04337269067764,0.9526333333333333,16.64894038438797,0.9543
stage2,2,237,98.0767811536789,0.9565166666666667,17.072293996810913,0.9411
stage2,2,238,98.25448834896088,0.9558166666666666,16.876123011112213,0.9473
stage2,2,239,97.45922470092773,0.9588666666666666,16.412433981895447,0.9604
stage2,2,240,98.16537910699844,0.9559666666666666,16.59463459253311,0.9552
stage2,2,241,100.55116581916809,0.9473166666666667,16.66757172346115,0.9525
stage2,2,242,98.83786237239838,0.9533333333333334,16.906521022319794,0.9476
stage2,2,243,98.2852628827095,0.9555833333333333,17.030121684074402,0.9408
stage2,2,244,98.96765911579132,0.9524,16.95515125989914,0.945
stage2,2,245,98.10755729675293,0.9557166666666667,16.54678201675415,0.9569
stage2,2,246,97.86412405967712,0.9573166666666667,16.655998587608337,0.9545
stage2,2,247,97.484838783741,0.9583833333333334,16.828217566013336,0.951
stage2,2,248,97.89902079105377,0.9572333333333334,16.491208791732788,0.9578
stage2,2,249,97.27181404829025,0.9594,16.607877373695374,0.9555
stage2,2,250,96.873550593853,0.9609666666666666,17.10120803117752,0.9411
stage2,2,251,97.11008900403976,0.96015,16.533509850502014,0.9569
stage2,2,252,97.30383712053299,0.9588166666666667,16.81431418657303,0.9487
stage2,2,253,98.45002293586731,0.9540666666666666,16.55215412378311,0.9561
stage2,2,254,98.76775342226028,0.9522333333333334,16.739156663417816,0.9521
stage2,2,255,96.76995861530304,0.9606833333333333,16.367731988430023,0.9605
stage2,2,256,96.35855501890182,0.9626,16.816330134868622,0.9479
stage2,2,257,99.18681329488754,0.951,16.855724930763245,0.9472
stage2,2,258,98.23141360282898,0.9552,16.73685258626938,0.9521
stage2,2,259,97.94720101356506,0.9563166666666667,16.354460418224335,0.9613
stage2,2,260,97.31893312931061,0.9587166666666667,16.440646171569824,0.9574
stage2,2,261,97.2847547531128,0.9592166666666667,16.852006137371063,0.9487
stage2,2,262,98.84406018257141,0.9515333333333333,16.686823785305023,0.9541
stage2,2,263,97.16039711236954,0.95915,16.58387804031372,0.9525
stage2,2,264,96.72128474712372,0.9607833333333333,16.60158383846283,0.9537
stage2,2,265,97.74753683805466,0.9565166666666667,16.632669031620026,0.9545
stage2,2,266,96.92001533508301,0.9602,16.783157229423523,0.9522
stage2,2,267,97.91400879621506,0.9563666666666667,16.58938044309616,0.9554
stage2,2,268,97.84255766868591,0.9563,16.652656257152557,0.9531
stage2,2,269,98.10038876533508,0.9551,16.660392224788666,0.9527
stage2,2,270,98.44909816980362,0.9537333333333333,16.81037563085556,0.9488
stage2,2,271,97.64869648218155,0.9578333333333333,17.694203317165375,0.9275
stage2,2,272,97.64529252052307,0.95745,16.343284845352173,0.9613
stage2,2,273,96.69547665119171,0.9612166666666667,16.34135413169861,0.9617
stage2,2,274,96.55528002977371,0.96165,16.316701591014862,0.9607
stage2,2,275,96.905133664608,0.9602166666666667,16.685580551624298,0.9526
stage2,2,276,96.73575872182846,0.9605333333333334,17.353865802288055,0.9358
stage2,2,277,98.41575914621353,0.9536666666666667,17.120953917503357,0.9402
stage2,2,278,97.63398623466492,0.9571,16.6946804523468,0.9518
stage2,2,279,97.37461787462234,0.9579333333333333,17.144019544124603,0.9416
stage2,2,280,98.80108118057251,0.9518666666666666,16.497013330459595,0.9558
stage2,2,281,97.66238135099411,0.9574333333333334,17.38929271697998,0.9343
stage2,2,282,102.36566871404648,0.9361833333333334,16.746581494808197,0.9489
stage2,2,283,98.96228832006454,0.9512666666666667,16.386546850204468,0.9605
stage2,2,284,96.77158635854721,0.9609166666666666,16.512923657894135,0.9566
stage2,2,285,96.51247978210449,0.96165,17.033256769180298,0.9434
stage2,2,286,97.84033912420273,0.9560666666666666,16.407087922096252,0.9571
stage2,2,287,96.61908841133118,0.9614833333333334,16.262035965919495,0.9619
stage2,2,288,96.78556138277054,0.9607666666666667,17.038595736026764,0.9437
stage2,2,289,98.45083463191986,0.9538166666666666,17.3373943567276,0.9372
stage2,2,290,98.07195973396301,0.9553166666666667,16.77708262205124,0.9515
stage2,2,291,97.66506683826447,0.9572833333333334,16.984465718269348,0.9421
stage2,2,292,96.66457396745682,0.96095,16.4784979224205,0.9564
stage2,2,293,96.6392160654068,0.95995,16.444300711154938,0.9582
stage2,2,294,96.541224360466,0.9599666666666666,16.367510437965393,0.9601
stage2,2,295,97.15942811965942,0.9575833333333333,16.39882403612137,0.958
stage2,2,296,96.46921396255493,0.9598,16.580303072929382,0.9538
stage2,2,297,96.38538068532944,0.9602333333333334,16.25798809528351,0.9613
stage2,2,298,96.3794082403183,0.9598166666666667,16.42848426103592,0.9574
stage2,2,299,96.01944023370743,0.9617,16.616692781448364,0.9522
stage2,2,300,96.51048320531845,0.9592833333333334,16.39029049873352,0.9568
stage2,3,1,243.4929233789444,0.3101333333333333,36.1174259185791,0.3835
stage2,3,2,197.8609540462494,0.6529666666666667,31.47681427001953,0.5976
stage2,3,3,180.51133620738983,0.7209,29.33530855178833,0.6735
stage2,3,4,168.57420873641968,0.7620166666666667,27.71659779548645,0.7124
stage2,3,5,160.73847258090973,0.7915333333333333,26.558319926261902,0.7298
stage2,3,6,154.78330326080322,0.81485,25.517582297325134,0.7457
stage2,3,7,149.70778620243073,0.8337333333333333,25.077532172203064,0.7486
stage2,3,8,146.17943036556244,0.85185,24.37678337097168,0.7633
stage2,3,9,143.4065421819687,0.8669666666666667,24.287731647491455,0.7569
stage2,3,10,140.62712490558624,0.8825666666666667,23.369737029075623,0.8145
stage2,3,11,137.96784555912018,0.8925333333333333,23.37071442604065,0.8337
stage2,3,12,135.4995437860489,0.89755,22.762381076812744,0.8386
stage2,3,13,133.19722759723663,0.9051666666666667,22.5047550201416,0.858
stage2,3,14,131.94723999500275,0.9075833333333333,23.041706323623657,0.8398
stage2,3,15,131.29960024356842,0.9062166666666667,21.810125708580017,0.8828
stage2,3,16,128.78937423229218,0.9150166666666667,21.605813920497894,0.8798
stage2,3,17,127.34685170650482,0.9181166666666667,21.34787279367447,0.8754
stage2,3,18,126.85279297828674,0.9172,21.189510703086853,0.9
stage2,3,19,125.88581943511963,0.92045,21.166354596614838,0.8877
stage2,3,20,124.90605610609055,0.9228333333333333,21.101056575775146,0.906
stage2,3,21,124.83285808563232,0.9206833333333333,21.0597842335701,0.8932
stage2,3,22,122.94962012767792,0.9276166666666666,20.823340356349945,0.8973
stage2,3,23,123.01909905672073,0.9253166666666667,20.609300076961517,0.9148
stage2,3,24,121.4039426445961,0.9296666666666666,21.288318276405334,0.9003
stage2,3,25,121.93098509311676,0.92555,20.56163364648819,0.9133
stage2,3,26,120.53220283985138,0.9309333333333333,20.253153026103973,0.9222
stage2,3,27,119.76397949457169,0.9324666666666667,20.276651084423065,0.9127
stage2,3,28,120.17386102676392,0.9291333333333334,20.25344318151474,0.9129
stage2,3,29,119.73795372247696,0.9300166666666667,20.017443478107452,0.9198
stage2,3,30,118.58988952636719,0.9344333333333333,20.328439474105835,0.9152
stage2,3,31,118.93375086784363,0.9309666666666667,20.159535229206085,0.911
stage2,3,32,117.97454464435577,0.9345333333333333,19.976654052734375,0.9281
stage2,3,33,117.49071264266968,0.9352166666666667,20.005515813827515,0.9167
stage2,3,34,117.56190085411072,0.9337666666666666,19.741096019744873,0.9296
stage2,3,35,116.32699066400528,0.9388,19.751719176769257,0.9325
stage2,3,36,116.13688284158707,0.9399166666666666,19.972159028053284,0.9222
stage2,3,37,117.02971881628036,0.93495,19.879669189453125,0.9287
stage2,3,38,115.75014466047287,0.9394166666666667,20.175015807151794,0.9164
stage2,3,39,115.47127515077591,0.9398166666666666,19.705797910690308,0.9289
stage2,3,40,115.55116218328476,0.9397166666666666,19.3714320063591,0.9395
stage2,3,41,114.28100043535233,0.9437333333333333,19.474502623081207,0.9359
stage2,3,42,115.02076137065887,0.9405333333333333,19.477943122386932,0.9327
stage2,3,43,115.20048522949219,0.9389666666666666,19.935065627098083,0.9202
stage2,3,44,114.94755983352661,0.9397833333333333,20.10966259241104,0.9132
stage2,3,45,115.43812769651413,0.93775,19.48872745037079,0.936
stage2,3,46,114.32342314720154,0.9420666666666667,19.469462275505066,0.932
stage2,3,47,113.39502650499344,0.9460333333333333,19.22824776172638,0.9426
stage2,3,48,114.02807569503784,0.9425833333333333,19.93354958295822,0.9199
stage2,3,49,114.02240109443665,0.9427166666666666,19.564287185668945,0.9369
stage2,3,50,113.71927338838577,0.9432,19.678830206394196,0.9261
stage2,3,51,113.42281448841095,0.9436833333333333,19.237481355667114,0.9415
stage2,3,52,113.17053520679474,0.94425,19.36250799894333,0.932
stage2,3,53,112.9066675901413,0.94435,19.49953579902649,0.9289
stage2,3,54,113.32495230436325,0.9424,19.473811149597168,0.9313
stage2,3,55,113.1127895116806,0.9436166666666667,19.065874218940735,0.9429
stage2,3,56,112.98876750469208,0.9430333333333333,19.379173576831818,0.9367
stage2,3,57,113.16940873861313,0.9430333333333333,19.00013679265976,0.9451
stage2,3,58,112.18993556499481,0.9468833333333333,19.06956595182419,0.9418
stage2,3,59,112.55609333515167,0.9454666666666667,19.222893357276917,0.9358
stage2,3,60,112.44147354364395,0.9456333333333333,19.042084217071533,0.9419
stage2,3,61,111.75137197971344,0.9471833333333334,19.174955427646637,0.9387
stage2,3,62,112.90172183513641,0.942,19.15880560874939,0.9417
stage2,3,63,111.60573273897171,0.9478,19.494389057159424,0.9312
stage2,3,64,111.97477346658707,0.94545,18.907961130142212,0.9445
stage2,3,65,111.78696525096893,0.9465166666666667,19.07695758342743,0.9419
stage2,3,66,111.70889282226562,0.9470833333333334,19.013323962688446,0.9433
stage2,3,67,111.57300359010696,0.9472833333333334,19.07657951116562,0.9394
stage2,3,68,110.60296821594238,0.9506166666666667,19.045867919921875,0.9409
stage2,3,69,110.9393647313118,0.95,18.953891158103943,0.9433
stage2,3,70,110.92746889591217,0.9492,19.026928663253784,0.938
stage2,3,71,109.88856518268585,0.95235,18.959985375404358,0.9407
stage2,3,72,109.91315692663193,0.9502,18.61263930797577,0.9491
stage2,3,73,109.52312970161438,0.9507166666666667,18.821950018405914,0.9425
stage2,3,74,109.77986598014832,0.9499166666666666,19.15698951482773,0.9323
stage2,3,75,110.40227961540222,0.9462666666666667,18.931925117969513,0.9352
stage2,3,76,109.98263281583786,0.9475833333333333,18.88240534067154,0.9395
stage2,3,77,109.44157421588898,0.9481833333333334,18.964839577674866,0.9323
stage2,3,78,109.57577234506607,0.9481666666666667,19.030915915966034,0.9381
stage2,3,79,109.15735107660294,0.9493666666666667,19.03159499168396,0.9346
stage2,3,80,110.96099889278412,0.941,19.13324326276779,0.93
stage2,3,81,109.95777559280396,0.9463833333333334,18.840570151805878,0.9405
stage2,3,82,109.10865634679794,0.9489166666666666,18.833034813404083,0.9391
stage2,3,83,109.14531952142715,0.9496166666666667,18.61168944835663,0.946
stage2,3,84,109.29701519012451,0.9481,18.633535265922546,0.9444
stage2,3,85,108.71950459480286,0.9503666666666667,18.514737725257874,0.9478
stage2,3,86,109.14989113807678,0.9486166666666667,18.86771994829178,0.9372
stage2,3,87,109.1575979590416,0.9485833333333333,18.54252463579178,0.9443
stage2,3,88,108.53253847360611,0.9512333333333334,18.447726488113403,0.9469
stage2,3,89,108.21439814567566,0.9520333333333333,18.451895594596863,0.9482
stage2,3,90,109.36662870645523,0.9467166666666667,18.7729189991951,0.9388
stage2,3,91,108.23851722478867,0.952,18.335964739322662,0.9505
stage2,3,92,107.47703868150711,0.9549333333333333,18.395760536193848,0.9487
stage2,3,93,108.58340179920197,0.9504666666666667,18.53495979309082,0.9441
stage2,3,94,108.49378800392151,0.9495833333333333,18.58871763944626,0.9429
stage2,3,95,107.72543954849243,0.9533666666666667,18.4891597032547,0.9469
stage2,3,96,107.05339288711548,0.9559666666666666,18.390381157398224,0.9487
stage2,3,97,108.47292286157608,0.9488666666666666,18.312614619731903,0.9507
stage2,3,98,107.66594672203064,0.9527666666666667,18.656346917152405,0.941
stage2,3,99,109.09630662202835,0.9462,18.45975011587143,0.9434
stage2,3,100,108.12738984823227,0.95105,18.67426162958145,0.939
stage2,3,101,108.27144742012024,0.94955,18.45079219341278,0.9483
stage2,3,102,106.95545190572739,0.95565,18.43023020029068,0.9446
stage2,3,103,107.27272933721542,0.9533166666666667,18.472635805606842,0.945
stage2,3,104,106.81006652116776,0.9546333333333333,18.19903028011322,0.9518
stage2,3,105,106.98897904157639,0.9546,18.506038427352905,0.942
stage2,3,106,108.1411526799202,0.9489166666666666,18.4246563911438,0.9478
stage2,3,107,106.86412107944489,0.9544333333333334,18.579620897769928,0.9385
stage2,3,108,107.32422012090683,0.9525166666666667,18.34522181749344,0.9478
stage2,3,109,106.78253453969955,0.95475,18.2571040391922,0.9493
stage2,3,110,108.02471148967743,0.9492833333333334,18.223676025867462,0.9513
stage2,3,111,108.07160538434982,0.9490166666666666,18.277811348438263,0.9495
stage2,3,112,106.89483070373535,0.95405,18.252218186855316,0.95
stage2,3,113,105.96409779787064,0.95715,18.092655956745148,0.9523
stage2,3,114,105.91055727005005,0.9573333333333334,18.039440035820007,0.9547
stage2,3,115,107.32033234834671,0.9517833333333333,18.24537616968155,0.9484
stage2,3,116,106.88943350315094,0.9531333333333334,18.460193932056427,0.9434
stage2,3,117,107.43835347890854,0.9504333333333334,18.30930995941162,0.9461
stage2,3,118,107.41028445959091,0.95155,18.70500409603119,0.9377
stage2,3,119,106.82559263706207,0.9538333333333333,18.31160396337509,0.9477
stage2,3,120,106.66148096323013,0.9537,18.39537423849106,0.9448
stage2,3,121,106.35563385486603,0.9556166666666667,18.268240749835968,0.9475
stage2,3,122,106.90264636278152,0.9530333333333333,18.167320489883423,0.9498
stage2,3,123,106.77967774868011,0.9532833333333334,18.246994256973267,0.9503
stage2,3,124,106.41728615760803,0.9556166666666667,18.00248008966446,0.9549
stage2,3,125,106.22412246465683,0.9554333333333334,18.03004479408264,0.9535
stage2,3,126,106.29134160280228,0.9554833333333334,18.62618613243103,0.9374
stage2,3,127,106.43968963623047,0.9546666666666667,18.517811715602875,0.9402
stage2,3,128,106.05131179094315,0.9562333333333334,18.58166766166687,0.9387
stage2,3,129,107.05740255117416,0.9518,18.128676891326904,0.9511
stage2,3,130,106.71896094083786,0.9538,18.036616504192352,0.9527
stage2,3,131,106.70776772499084,0.9525333333333333,18.07155478000641,0.9545
stage2,3,132,105.95801621675491,0.9561666666666667,18.167375326156616,0.9489
stage2,3,133,106.63059455156326,0.95265,18.43782240152359,0.9437
stage2,3,134,106.56305575370789,0.9532333333333334,18.21411955356598,0.9481
stage2,3,135,106.61504423618317,0.9536166666666667,18.170836806297302,0.9489
stage2,3,136,106.26653867959976,0.9548166666666666,18.622343599796295,0.9382
stage2,3,137,106.61365914344788,0.9531166666666666,18.123572826385498,0.9502
stage2,3,138,105.36084312200546,0.9585333333333333,18.119892179965973,0.9494
stage2,3,139,105.98436260223389,0.9553833333333334,18.20848250389099,0.9485
stage2,3,140,106.00527948141098,0.9553,18.352149665355682,0.9442
stage2,3,141,105.94206410646439,0.9550333333333333,18.158282041549683,0.9495
stage2,3,142,105.31350386142731,0.9583333333333334,18.430177569389343,0.9416
stage2,3,143,105.8233847618103,0.9559166666666666,17.98211497068405,0.9535
stage2,3,144,105.52780938148499,0.9564833333333334,18.59327507019043,0.9354
stage2,3,145,106.1942703127861,0.9537833333333333,18.056115329265594,0.9515
stage2,3,146,105.76639938354492,0.9558666666666666,18.089038729667664,0.9519
stage2,3,147,105.67275613546371,0.9557,18.14849293231964,0.9487
stage2,3,148,105.94209694862366,0.9548,18.237807273864746,0.9459
stage2,3,149,105.28927391767502,0.9570166666666666,18.055799901485443,0.9516
stage2,3,150,106.09601193666458,0.9539333333333333,18.226096510887146,0.9465
stage2,3,151,105.47713428735733,0.9561833333333334,18.05479109287262,0.9497
stage2,3,152,105.38823401927948,0.9568166666666666,18.154246270656586,0.9477
stage2,3,153,105.30392342805862,0.9577,18.40338283777237,0.9412
stage2,3,154,106.08918333053589,0.9539,17.963008224964142,0.9526
stage2,3,155,105.21092242002487,0.958,17.89658534526825,0.9547
stage2,3,156,104.70000445842743,0.95925,17.915567100048065,0.9551
stage2,3,157,105.78062921762466,0.9549666666666666,17.999771177768707,0.9532
stage2,3,158,105.56860095262527,0.9553833333333334,17.75161623954773,0.9579
stage2,3,159,104.72318756580353,0.9595166666666667,17.777844786643982,0.959
stage2,3,160,104.85155487060547,0.9587833333333333,18.070675671100616,0.9492
stage2,3,161,106.30301171541214,0.9521833333333334,18.256701290607452,0.9468
stage2,3,162,105.73994606733322,0.9542166666666667,18.27314990758896,0.9438
stage2,3,163,105.06596344709396,0.9573333333333334,17.724707305431366,0.9592
stage2,3,164,104.52585762739182,0.9604,17.914092242717743,0.953
stage2,3,165,105.58924108743668,0.9556166666666667,18.033461809158325,0.9513
stage2,3,166,104.42026484012604,0.96015,17.929147720336914,0.9545
stage2,3,167,105.31433367729187,0.9562666666666667,18.118920624256134,0.9471
stage2,3,168,105.28297686576843,0.9565166666666667,18.294778048992157,0.9441
stage2,3,169,105.9537034034729,0.9537666666666667,17.904259622097015,0.9541
stage2,3,170,104.97854614257812,0.9574166666666667,18.25533801317215,0.9448
stage2,3,171,105.90435838699341,0.9536833333333333,17.782670497894287,0.9582
stage2,3,172,105.42743647098541,0.9560833333333333,18.122290790081024,0.9497
stage2,3,173,105.37361574172974,0.95535,18.31878262758255,0.9456
stage2,3,174,105.37784320116043,0.9557,17.90303510427475,0.9547
stage2,3,175,105.50339782238007,0.9550166666666666,18.181142330169678,0.9475
stage2,3,176,105.42621713876724,0.9560833333333333,18.083277702331543,0.9498
stage2,3,177,104.64206445217133,0.9588666666666666,18.26679092645645,0.9476
stage2,3,178,104.6058834195137,0.9587,18.275595784187317,0.9457
stage2,3,179,104.87979906797409,0.9575166666666667,17.84111899137497,0.9555
stage2,3,180,105.73314243555069,0.9538833333333333,17.84371328353882,0.9554
stage2,3,181,104.32160091400146,0.96015,17.911127030849457,0.9548
stage2,3,182,104.5153951048851,0.9596166666666667,17.95584338903427,0.9512
stage2,3,183,104.78413569927216,0.9576833333333333,18.305098354816437,0.9443
stage2,3,184,106.4394194483757,0.95005,18.967002630233765,0.9259
stage2,3,185,105.18509739637375,0.95665,17.87774556875229,0.9545
stage2,3,186,105.01397013664246,0.95655,17.66555893421173,0.9601
stage2,3,187,104.46504378318787,0.9584166666666667,18.08758968114853,0.9486
stage2,3,188,104.44566756486893,0.95875,18.002629160881042,0.9496
stage2,3,189,104.79005461931229,0.95745,17.81344372034073,0.9571
stage2,3,190,103.72842919826508,0.96165,17.921977937221527,0.9524
stage2,3,191,104.79056060314178,0.9567666666666667,17.937911689281464,0.9529
stage2,3,192,105.15536594390869,0.95595,18.422698974609375,0.9391
stage2,3,193,104.5889949798584,0.9574166666666667,17.947971642017365,0.9527
stage2,3,194,105.87405490875244,0.95285,18.072006404399872,0.9498
stage2,3,195,105.28140687942505,0.95515,18.471330761909485,0.941
stage2,3,196,106.20283132791519,0.9508333333333333,17.983697652816772,0.9506
stage2,3,197,104.58338069915771,0.9567833333333333,17.891165673732758,0.951
stage2,3,198,104.20075315237045,0.9574,18.129211485385895,0.947
stage2,3,199,103.77001667022705,0.9596,17.847758412361145,0.9532
stage2,3,200,103.88394910097122,0.9594,17.638329684734344,0.9576
stage2,3,201,104.9040020108223,0.9554833333333334,17.926844477653503,0.9506
stage2,3,202,104.4245423078537,0.95765,17.917554259300232,0.9521
stage2,3,203,104.16351175308228,0.9578,18.180217683315277,0.9443
stage2,3,204,104.54429024457932,0.9559833333333333,17.735861778259277,0.9567
stage2,3,205,103.01195865869522,0.9627666666666667,17.832816898822784,0.9525
stage2,3,206,103.46269983053207,0.9602,18.067066311836243,0.9472
stage2,3,207,105.58995741605759,0.9519833333333333,17.858174085617065,0.9522
stage2,3,208,104.12607711553574,0.9584833333333334,17.94819289445877,0.9513
stage2,3,209,104.62978708744049,0.95565,17.703102231025696,0.9549
stage2,3,210,104.87455195188522,0.9547333333333333,17.877381145954132,0.9512
stage2,3,211,105.17905330657959,0.95305,17.935133039951324,0.9505
stage2,3,212,103.24432891607285,0.9599333333333333,17.725638389587402,0.952
stage2,3,213,103.17261779308319,0.95955,18.006200671195984,0.945
stage2,3,214,103.63864451646805,0.9572,17.931339740753174,0.944
stage2,3,215,103.1267706155777,0.9595333333333333,17.622196674346924,0.9559
stage2,3,216,103.25556772947311,0.9584666666666667,17.54787266254425,0.9575
stage2,3,217,102.5495291352272,0.9619833333333333,17.581536889076233,0.9559
stage2,3,218,103.10468190908432,0.9593,17.616862416267395,0.956
stage2,3,219,103.9294336438179,0.9562,18.111340820789337,0.9432
stage2,3,220,104.07568621635437,0.9551,17.730943858623505,0.9534
stage2,3,221,103.2338262796402,0.9589,17.650531828403473,0.9538
stage2,3,222,104.57243168354034,0.9526,17.93767637014389,0.9475
stage2,3,223,103.73745548725128,0.9569666666666666,17.691943764686584,0.954
stage2,3,224,103.2044278383255,0.9582833333333334,17.613411784172058,0.9556
stage2,3,225,103.15540391206741,0.95965,17.550014674663544,0.9565
stage2,3,226,103.46046823263168,0.9586333333333333,17.782964050769806,0.95
stage2,3,227,103.72713953256607,0.95665,17.663479328155518,0.9538
stage2,3,228,103.09942072629929,0.95855,17.803058981895447,0.9508
stage2,3,229,103.0575578212738,0.9591,17.857132136821747,0.9505
stage2,3,230,102.63668519258499,0.9610666666666666,17.50239408016205,0.9575
stage2,3,231,104.40380883216858,0.9541666666666667,17.776637375354767,0.951
stage2,3,232,102.92356532812119,0.9598666666666666,17.69774091243744,0.9524
stage2,3,233,102.96728593111038,0.9599833333333333,17.467233538627625,0.9593
stage2,3,234,102.40034431219101,0.9618333333333333,17.519575536251068,0.9581
stage2,3,235,102.507109105587,0.9619666666666666,17.56729543209076,0.9566
stage2,3,236,103.51432013511658,0.9574166666666667,17.703182995319366,0.9504
stage2,3,237,103.59985476732254,0.9564833333333334,17.88513708114624,0.9504
stage2,3,238,104.50602620840073,0.95305,17.734465420246124,0.9508
stage2,3,239,103.93451792001724,0.9556833333333333,17.672930479049683,0.9536
stage2,3,240,103.14397752285004,0.9587,17.529380798339844,0.9557
stage2,3,241,103.74553459882736,0.95575,18.161685466766357,0.9393
stage2,3,242,103.64788335561752,0.9564833333333334,17.578784227371216,0.9567
stage2,3,243,103.98638290166855,0.9545,17.747016072273254,0.9515
stage2,3,244,102.91080689430237,0.9597166666666667,17.935440242290497,0.9476
stage2,3,245,103.04222238063812,0.95945,17.800112903118134,0.9508
stage2,3,246,103.16505563259125,0.9584166666666667,17.572936177253723,0.9555
stage2,3,247,103.77479946613312,0.9556,17.559868097305298,0.9577
stage2,3,248,102.81698536872864,0.9594833333333334,17.562431752681732,0.9568
stage2,3,249,102.6430693268776,0.9609,17.411051213741302,0.9598
stage2,3,250,104.00306111574173,0.9547833333333333,17.506138563156128,0.9559
stage2,3,251,103.07186979055405,0.9588333333333333,17.788479268550873,0.9501
stage2,3,252,101.92297577857971,0.9636166666666667,17.54510724544525,0.9574
stage2,3,253,103.17845475673676,0.95825,17.46373176574707,0.9588
stage2,3,254,103.13770735263824,0.95865,17.789863288402557,0.9471
stage2,3,255,103.41690576076508,0.9571166666666666,17.703463554382324,0.9507
stage2,3,256,103.30858510732651,0.9573333333333334,17.59436148405075,0.9538
stage2,3,257,103.07918387651443,0.9581666666666667,17.472997784614563,0.957
stage2,3,258,102.68311953544617,0.9591333333333333,17.74648755788803,0.9498
stage2,3,259,102.06120163202286,0.9615333333333334,17.450726807117462,0.9591
stage2,3,260,102.26671934127808,0.96085,17.807674169540405,0.9469
stage2,3,261,103.25757932662964,0.9565333333333333,17.71579933166504,0.9513
stage2,3,262,104.1923856139183,0.9532,17.686698377132416,0.9515
stage2,3,263,103.05959385633469,0.9577666666666667,17.815810203552246,0.9499
stage2,3,264,103.70800828933716,0.9548666666666666,17.53819990158081,0.956
stage2,3,265,103.30053323507309,0.95655,17.312339544296265,0.9611
stage2,3,266,103.43607091903687,0.9565,17.607807338237762,0.9523
stage2,3,267,102.76685816049576,0.9587833333333333,17.455695033073425,0.9577
stage2,3,268,102.74811232089996,0.9585333333333333,17.53710389137268,0.9562
stage2,3,269,102.28844159841537,0.961,17.522551953792572,0.9566
stage2,3,270,102.7401984333992,0.9587833333333333,17.226275742053986,0.963
stage2,3,271,103.02995657920837,0.9574833333333334,17.5069682598114,0.956
stage2,3,272,103.40279287099838,0.9559333333333333,17.424577474594116,0.958
stage2,3,273,103.2841647863388,0.9557166666666667,17.33590269088745,0.9601
stage2,3,274,102.54830574989319,0.95895,17.571518421173096,0.9562
stage2,3,275,103.26336282491684,0.95655,17.58761900663376,0.9548
stage2,3,276,102.30686908960342,0.9602833333333334,17.492208182811737,0.9572
stage2,3,277,102.33115583658218,0.9602333333333334,17.465649783611298,0.9581
stage2,3,278,101.94366431236267,0.96225,17.29181432723999,0.9616
stage2,3,279,102.22999632358551,0.9601166666666666,18.108775317668915,0.9397
stage2,3,280,101.91934782266617,0.9614833333333334,17.448598265647888,0.9568
stage2,3,281,102.81867110729218,0.95765,17.629316926002502,0.9514
stage2,3,282,101.62123030424118,0.96245,17.275291919708252,0.9618
stage2,3,283,104.9419322013855,0.9495166666666667,18.151308000087738,0.9407
stage2,3,284,103.6393735408783,0.9547666666666667,17.37114769220352,0.96
stage2,3,285,101.99976354837418,0.9612166666666667,17.84622424840927,0.9459
stage2,3,286,102.53688049316406,0.9593666666666667,17.89245253801346,0.9447
stage2,3,287,102.92156845331192,0.9574,17.46475237607956,0.9564
stage2,3,288,102.23972111940384,0.96055,17.557811379432678,0.9528
stage2,3,289,102.26210594177246,0.9603166666666667,17.838325917720795,0.9476
stage2,3,290,102.3089108467102,0.9605,18.0559179186821,0.9447
stage2,3,291,103.68400090932846,0.9549166666666666,17.502295434474945,0.9572
stage2,3,292,103.32419812679291,0.9557166666666667,17.56446659564972,0.954
stage2,3,293,102.73640769720078,0.9583666666666667,17.54104518890381,0.9555
stage2,3,294,102.85278552770615,0.95765,17.493992507457733,0.9574
stage2,3,295,101.97526746988297,0.9618,17.70803141593933,0.9513
stage2,3,296,102.83142536878586,0.9574333333333334,17.54312890768051,0.9547
stage2,3,297,101.78534895181656,0.9624166666666667,17.571599066257477,0.9532
stage2,3,298,102.52109491825104,0.9587666666666667,17.490936398506165,0.955
stage2,3,299,102.39946591854095,0.9598166666666667,17.57622092962265,0.9549
stage2,3,300,103.16281485557556,0.95715,17.757543444633484,0.9479
stage2,4,1,238.66878616809845,0.38931666666666664,34.65516376495361,0.4211
stage2,4,2,190.81031787395477,0.677,31.040792107582092,0.5434
stage2,4,3,170.62286019325256,0.76475,28.016104817390442,0.6571
stage2,4,4,159.73642230033875,0.8083666666666667,26.476256251335144,0.6753
stage2,4,5,152.24563920497894,0.8325,25.503143548965454,0.6918
stage2,4,6,147.3787670135498,0.8505,24.51533329486847,0.7608
stage2,4,7,143.23378658294678,0.8647,23.897088408470154,0.7479
stage2,4,8,140.19198954105377,0.87605,23.398206114768982,0.7655
stage2,4,9,137.4980298280716,0.8838166666666667,23.0142183303833,0.7832
stage2,4,10,134.75509202480316,0.89085,22.82347559928894,0.794
stage2,4,11,133.59180426597595,0.8903,22.699270963668823,0.83
stage2,4,12,131.38413894176483,0.89775,22.07311236858368,0.8373
stage2,4,13,131.02384543418884,0.895,21.774260818958282,0.8268
stage2,4,14,128.71447718143463,0.9044833333333333,22.03491735458374,0.8419
stage2,4,15,127.49819302558899,0.9069333333333334,21.337760984897614,0.8502
stage2,4,16,127.57832527160645,0.90415,21.461747348308563,0.8395
stage2,4,17,125.81574833393097,0.9117,21.680458426475525,0.8259
stage2,4,18,124.91560596227646,0.9134166666666667,22.270355105400085,0.8226
stage2,4,19,124.2661749124527,0.9117166666666666,20.656738579273224,0.8733
stage2,4,20,122.86088359355927,0.9157333333333333,20.655486226081848,0.8872
stage2,4,21,122.12583976984024,0.9171833333333334,20.635903120040894,0.8981
stage2,4,22,121.34431356191635,0.9196166666666666,21.910186767578125,0.8374
stage2,4,23,121.12661451101303,0.9176,20.17927873134613,0.8925
stage2,4,24,120.56430441141129,0.9194,20.42981046438217,0.8886
stage2,4,25,120.17077207565308,0.9192666666666667,20.366121351718903,0.9001
stage2,4,26,118.85696810483932,0.9242,19.969544410705566,0.911
stage2,4,27,118.12199199199677,0.9249666666666667,20.248202562332153,0.9013
stage2,4,28,118.17091476917267,0.9247,20.027481019496918,0.8887
stage2,4,29,116.93319886922836,0.9298166666666666,20.356627464294434,0.883
stage2,4,30,117.67921417951584,0.92455,19.616312265396118,0.8978
stage2,4,31,116.60357862710953,0.9289833333333334,20.13687038421631,0.8869
stage2,4,32,117.62529289722443,0.9234166666666667,20.009823620319366,0.8966
stage2,4,33,116.46351212263107,0.9281,20.936553597450256,0.8655
stage2,4,34,117.03901344537735,0.92455,20.49947226047516,0.8664
stage2,4,35,115.85066270828247,0.9293,19.95222109556198,0.9047
stage2,4,36,114.65144616365433,0.9345833333333333,19.640267610549927,0.9052
stage2,4,37,115.22674202919006,0.9307166666666666,19.322853207588196,0.9265
stage2,4,38,114.55732172727585,0.9335166666666667,19.285251796245575,0.921
stage2,4,39,114.38864785432816,0.9322666666666667,19.844708800315857,0.8937
stage2,4,40,114.54859828948975,0.93035,19.44552981853485,0.9133
stage2,4,41,114.39081585407257,0.9305333333333333,19.358529031276703,0.9121
stage2,4,42,113.66810709238052,0.9323,19.251784324645996,0.9151
stage2,4,43,113.22441667318344,0.9339833333333334,19.203719794750214,0.9169
stage2,4,44,113.30192577838898,0.9336666666666666,19.383233070373535,0.9119
stage2,4,45,114.20013761520386,0.9282833333333333,19.296173095703125,0.9159
stage2,4,46,113.04240202903748,0.9324166666666667,19.164247691631317,0.924
stage2,4,47,113.43803536891937,0.9299833333333334,19.307208001613617,0.9052
stage2,4,48,112.25061452388763,0.9343,18.741535484790802,0.9292
stage2,4,49,111.9004715681076,0.9357833333333333,18.823372304439545,0.9226
stage2,4,50,112.93934679031372,0.9311666666666667,18.919783651828766,0.9275
stage2,4,51,111.90637302398682,0.9361833333333334,18.96144324541092,0.9185
stage2,4,52,110.92569929361343,0.9394333333333333,18.853077709674835,0.924
stage2,4,53,111.73726516962051,0.9350833333333334,18.932121694087982,0.9159
stage2,4,54,111.45602881908417,0.9357166666666666,19.285728216171265,0.9112
stage2,4,55,110.91317015886307,0.9374166666666667,18.839402437210083,0.924
stage2,4,56,110.58522135019302,0.9387333333333333,18.734829902648926,0.9313
stage2,4,57,110.57565099000931,0.9374333333333333,19.09061634540558,0.9223
stage2,4,58,110.40142565965652,0.9387,18.709849298000336,0.9336
stage2,4,59,110.3306245803833,0.9384666666666667,18.763139724731445,0.9246
stage2,4,60,110.5770063996315,0.93685,18.50077646970749,0.9335
stage2,4,61,110.386274933815,0.9376833333333333,18.734206795692444,0.9163
stage2,4,62,113.09087318181992,0.9253,18.647618174552917,0.9329
stage2,4,63,109.98026776313782,0.9386833333333333,18.532428562641144,0.9325
stage2,4,64,109.84088563919067,0.93915,18.739668786525726,0.9271
stage2,4,65,109.5684106349945,0.9407833333333333,18.76476263999939,0.9267
stage2,4,66,109.26502346992493,0.9414333333333333,18.67248946428299,0.9274
stage2,4,67,109.3523679971695,0.9405,18.583313703536987,0.926
stage2,4,68,109.45492762327194,0.93895,18.84580260515213,0.9238
stage2,4,69,109.26245737075806,0.93925,19.09296363592148,0.9124
stage2,4,70,111.26311886310577,0.93115,18.87582677602768,0.9191
stage2,4,71,109.95604628324509,0.9352666666666667,18.400833189487457,0.9321
stage2,4,72,110.79293251037598,0.9311666666666667,18.430498003959656,0.9326
stage2,4,73,108.45124584436417,0.9416,18.32653033733368,0.9354
stage2,4,74,108.60244876146317,0.9410166666666666,18.575345814228058,0.9223
stage2,4,75,108.60315537452698,0.9401166666666667,18.603954672813416,0.9253
stage2,4,76,110.31168675422668,0.9318,18.342185735702515,0.9342
stage2,4,77,108.71118080615997,0.9394,18.274029552936554,0.9351
stage2,4,78,107.77373880147934,0.9424166666666667,18.22629153728485,0.9369
stage2,4,79,107.76578414440155,0.94155,18.36763620376587,0.9286
stage2,4,80,107.50191295146942,0.9419666666666666,17.935013115406036,0.9418
stage2,4,81,107.30743283033371,0.9426,18.520033955574036,0.9213
stage2,4,82,107.12180560827255,0.9434833333333333,18.16948366165161,0.9371
stage2,4,83,107.61189275979996,0.9400833333333334,18.30413854122162,0.9337
stage2,4,84,107.24045556783676,0.9429166666666666,18.44427841901779,0.9264
stage2,4,85,106.8305429816246,0.9441166666666667,18.353284776210785,0.9308
stage2,4,86,106.84627097845078,0.9434333333333333,18.10078912973404,0.9369
stage2,4,87,107.0169170498848,0.9424166666666667,18.141448080539703,0.9368
stage2,4,88,107.7522120475769,0.9393666666666667,18.169809341430664,0.9329
stage2,4,89,106.75721377134323,0.9433333333333334,18.23846822977066,0.9336
stage2,4,90,106.70099139213562,0.9437166666666666,18.622060239315033,0.9165
stage2,4,91,107.38265407085419,0.9399,18.520512461662292,0.9206
stage2,4,92,108.24140083789825,0.93565,18.371761322021484,0.9276
stage2,4,93,107.77284950017929,0.9382,18.198697328567505,0.9359
stage2,4,94,105.99178284406662,0.9461166666666667,17.901031136512756,0.9404
stage2,4,95,106.79337501525879,0.9427666666666666,19.024672150611877,0.9117
stage2,4,96,107.44818663597107,0.9395166666666667,18.43962264060974,0.9266
stage2,4,97,107.08774721622467,0.9412666666666667,18.500504851341248,0.9221
stage2,4,98,106.27573949098587,0.9439666666666666,18.567553162574768,0.9203
stage2,4,99,105.85906946659088,0.94615,18.381276667118073,0.9294
stage2,4,100,105.94549316167831,0.9459166666666666,18.086439847946167,0.9379
stage2,4,101,106.09317302703857,0.9448166666666666,18.162914752960205,0.9335
stage2,4,102,106.22106719017029,0.9440666666666667,18.029429078102112,0.9374
stage2,4,103,106.11479502916336,0.9443666666666667,17.899191737174988,0.9418
stage2,4,104,107.09931111335754,0.93985,17.96886271238327,0.9354
stage2,4,105,106.12233525514603,0.9440666666666667,18.017437398433685,0.9387
stage2,4,106,105.55267506837845,0.9466333333333333,18.101145803928375,0.9348
stage2,4,107,106.56885296106339,0.9420166666666666,18.377134919166565,0.9266
stage2,4,108,107.29409581422806,0.9383,18.118268430233,0.9345
stage2,4,109,105.33632481098175,0.9468166666666666,17.937538266181946,0.9379
stage2,4,110,106.07034480571747,0.94385,17.697998046875,0.946
stage2,4,111,106.89325976371765,0.9401,17.718950271606445,0.9449
stage2,4,112,106.10054463148117,0.9434666666666667,17.936227440834045,0.9382
stage2,4,113,106.66964846849442,0.9401333333333334,18.089206159114838,0.9292
stage2,4,114,105.97068732976913,0.9431166666666667,18.714170515537262,0.917
stage2,4,115,105.16752469539642,0.9462833333333334,17.939512073993683,0.9361
stage2,4,116,105.87737208604813,0.9422833333333334,18.530184149742126,0.9207
stage2,4,117,105.65608328580856,0.94245,18.077858090400696,0.9307
stage2,4,118,105.71441358327866,0.9426833333333333,18.728435397148132,0.9182
stage2,4,119,106.84379345178604,0.9386666666666666,18.267874360084534,0.9253
stage2,4,120,106.04858821630478,0.9420666666666667,18.231108725070953,0.9289
stage2,4,121,105.08634167909622,0.9455,17.75438803434372,0.9451
stage2,4,122,105.6227798461914,0.9431666666666667,17.978800237178802,0.9341
stage2,4,123,104.51213389635086,0.94785,17.52298593521118,0.949
stage2,4,124,103.88305497169495,0.95065,18.245154857635498,0.9268
stage2,4,125,105.5209088921547,0.9437,18.143459141254425,0.9315
stage2,4,126,104.83073836565018,0.94585,17.57390534877777,0.9488
stage2,4,127,103.72644567489624,0.95095,17.7226984500885,0.94
stage2,4,128,104.51929783821106,0.9473,17.942869424819946,0.9355
stage2,4,129,104.96737736463547,0.9451166666666667,17.548866271972656,0.9451
stage2,4,130,104.9465360045433,0.945,17.99814623594284,0.9335
stage2,4,131,105.02344006299973,0.9447666666666666,18.099164307117462,0.9271
stage2,4,132,104.69597464799881,0.94605,17.607064366340637,0.943
stage2,4,133,103.95257794857025,0.9495333333333333,17.813816249370575,0.9372
stage2,4,134,104.69649940729141,0.9457666666666666,17.520426332950592,0.9486
stage2,4,135,104.68019956350327,0.94675,17.865987539291382,0.935
stage2,4,136,105.32848697900772,0.9433166666666667,18.067805230617523,0.9371
stage2,4,137,105.394062936306,0.9425166666666667,17.653839826583862,0.9449
stage2,4,138,105.80125784873962,0.9416333333333333,17.73196405172348,0.9417
stage2,4,139,105.06992995738983,0.9443,17.927211225032806,0.9351
stage2,4,140,104.72901463508606,0.9464333333333333,17.948863804340363,0.9353
stage2,4,141,104.34698575735092,0.9473666666666667,17.87765669822693,0.9385
stage2,4,142,104.81364923715591,0.94505,18.267490923404694,0.925
stage2,4,143,104.90303748846054,0.9449166666666666,17.99703872203827,0.9311
stage2,4,144,105.02281552553177,0.9442,17.877256453037262,0.936
stage2,4,145,105.33517456054688,0.94305,17.813227236270905,0.9396
stage2,4,146,104.34522920846939,0.9482,17.565889596939087,0.9465
stage2,4,147,103.70301353931427,0.9506333333333333,17.80932241678238,0.9394
stage2,4,148,104.6137644648552,0.94625,17.744128108024597,0.9428
stage2,4,149,105.59495115280151,0.9419833333333333,17.65322631597519,0.9453
stage2,4,150,103.27595561742783,0.9521,17.506460666656494,0.9482
stage2,4,151,104.92728769779205,0.9449166666666666,17.5447940826416,0.9472
stage2,4,152,104.92737281322479,0.9448,17.874052047729492,0.9373
stage2,4,153,103.6710312962532,0.9500333333333333,17.556291937828064,0.9458
stage2,4,154,103.79864412546158,0.9490666666666666,17.528707265853882,0.9489
stage2,4,155,103.37392270565033,0.951,17.54592090845108,0.9476
stage2,4,156,105.33406966924667,0.94295,17.86573076248169,0.9369
stage2,4,157,104.29900634288788,0.94605,17.85838544368744,0.9351
stage2,4,158,104.32516545057297,0.9463166666666667,17.566979229450226,0.9447
stage2,4,159,104.26156258583069,0.9461833333333334,18.19000208377838,0.9295
stage2,4,160,104.38393414020538,0.94665,17.661308109760284,0.9412
stage2,4,161,105.62887620925903,0.9408166666666666,17.840997576713562,0.9364
stage2,4,162,103.5324701666832,0.9501833333333334,17.559618055820465,0.9443
stage2,4,163,104.31205725669861,0.94645,17.50223970413208,0.9472
stage2,4,164,104.12324410676956,0.9477666666666666,18.03281742334366,0.927
stage2,4,165,104.54995310306549,0.9458666666666666,17.97903084754944,0.9323
stage2,4,166,105.3408054113388,0.9430166666666666,18.205156445503235,0.9197
stage2,4,167,102.69577139616013,0.9535166666666667,17.28586119413376,0.9524
stage2,4,168,104.00609940290451,0.94765,17.988346099853516,0.9314
stage2,4,169,103.70425361394882,0.9487,17.640445590019226,0.9437
stage2,4,170,103.59847921133041,0.9494166666666667,18.204680025577545,0.9315
stage2,4,171,103.78152924776077,0.9486833333333333,17.742556631565094,0.9373
stage2,4,172,104.42251688241959,0.9465666666666667,17.92238014936447,0.9341
stage2,4,173,104.13817065954208,0.9466333333333333,17.57745999097824,0.9464
stage2,4,174,105.33729672431946,0.9418833333333333,17.78421574831009,0.9406
stage2,4,175,103.26729553937912,0.9507166666666667,17.737934231758118,0.9379
stage2,4,176,103.44752156734467,0.94915,17.862674713134766,0.937
stage2,4,177,104.32110148668289,0.9465833333333333,18.592509031295776,0.9176
stage2,4,178,103.95889472961426,0.94795,18.38672375679016,0.9247
stage2,4,179,104.96319252252579,0.9433833333333334,17.717432737350464,0.9393
stage2,4,180,104.17813730239868,0.9464,17.458817958831787,0.9499
stage2,4,181,103.44316017627716,0.9499666666666666,17.68967992067337,0.9398
stage2,4,182,104.31369334459305,0.9453,17.759677469730377,0.9394
stage2,4,183,104.16164618730545,0.9473166666666667,17.78270524740219,0.9374
stage2,4,184,103.54815977811813,0.9498,17.4474738240242,0.9478
stage2,4,185,104.19329106807709,0.9467,17.737765848636627,0.9403
stage2,4,186,103.93490707874298,0.9476666666666667,17.888817965984344,0.9379
stage2,4,187,105.32969212532043,0.9401,17.854060649871826,0.935
stage2,4,188,104.36648738384247,0.9444833333333333,17.588607370853424,0.9441
stage2,4,189,102.85930889844894,0.9513,17.426038444042206,0.9475
stage2,4,190,103.11240112781525,0.9501666666666667,17.31811535358429,0.9506
stage2,4,191,103.47180026769638,0.9478166666666666,17.61524611711502,0.9418
stage2,4,192,103.62878495454788,0.94805,17.452229261398315,0.9443
stage2,4,193,103.53008878231049,0.9479166666666666,17.982091546058655,0.9317
stage2,4,194,103.95203596353531,0.9461333333333334,18.149915516376495,0.9267
stage2,4,195,103.00185173749924,0.9499166666666666,17.669133007526398,0.9407
stage2,4,196,103.4074695110321,0.9480833333333333,17.52391803264618,0.9433
stage2,4,197,102.99530279636383,0.95035,17.57498735189438,0.9405
stage2,4,198,102.90787225961685,0.9503166666666667,17.507300555706024,0.9421
stage2,4,199,103.06164401769638,0.9500166666666666,18.114246904850006,0.9267
stage2,4,200,104.39461266994476,0.9443333333333334,17.58914279937744,0.9438
stage2,4,201,102.91371548175812,0.9498666666666666,17.362502992153168,0.9465
stage2,4,202,102.57182449102402,0.9521,17.558281123638153,0.9413
stage2,4,203,104.04200202226639,0.9443166666666667,17.604036271572113,0.9422
stage2,4,204,103.12836068868637,0.9491833333333334,17.35385572910309,0.9497
stage2,4,205,102.83864158391953,0.9504833333333333,17.471214592456818,0.9444
stage2,4,206,103.64722245931625,0.9465333333333333,17.586329996585846,0.9448
stage2,4,207,103.40398013591766,0.94765,17.223343014717102,0.9531
stage2,4,208,103.33167666196823,0.9474,17.663798570632935,0.9396
stage2,4,209,103.78171807527542,0.94575,17.808349907398224,0.9343
stage2,4,210,104.40687835216522,0.9432333333333334,17.557710111141205,0.9444
stage2,4,211,103.67933040857315,0.9462333333333334,17.469958186149597,0.9419
stage2,4,212,103.2678033709526,0.9489,17.475289583206177,0.9451
stage2,4,213,103.56916189193726,0.9463666666666667,17.389739990234375,0.9452
stage2,4,214,101.96931385993958,0.9536333333333333,17.674490690231323,0.9373
stage2,4,215,102.69931769371033,0.9502,17.735388696193695,0.9356
stage2,4,216,104.63267028331757,0.9424666666666667,17.351460456848145,0.9471
stage2,4,217,103.74147391319275,0.9462333333333334,17.53888976573944,0.9424
stage2,4,218,103.06032526493073,0.9491833333333334,17.62978833913803,0.9458
stage2,4,219,103.94849419593811,0.94505,17.545592963695526,0.9438
stage2,4,220,103.74569487571716,0.9463166666666667,18.224032819271088,0.9234
stage2,4,221,103.87262147665024,0.9455333333333333,17.834960520267487,0.9386
stage2,4,222,102.37306141853333,0.9516666666666667,17.23151969909668,0.9515
stage2,4,223,102.87473553419113,0.9495,17.42980980873108,0.9462
stage2,4,224,103.27090018987656,0.9480333333333333,17.74079132080078,0.9355
stage2,4,225,103.40568661689758,0.9471666666666667,17.50124752521515,0.9408
stage2,4,226,104.79957515001297,0.9411833333333334,17.71694564819336,0.9316
stage2,4,227,102.86884647607803,0.9488166666666666,17.230779826641083,0.9499
stage2,4,228,101.84587013721466,0.9533333333333334,17.645804226398468,0.9344
stage2,4,229,102.66613018512726,0.94855,17.32728523015976,0.9434
stage2,4,230,101.84512543678284,0.95335,17.280216813087463,0.95
stage2,4,231,103.26369625329971,0.9464666666666667,17.503514766693115,0.941
stage2,4,232,104.25414621829987,0.94285,17.254476130008698,0.9508
stage2,4,233,101.9367858171463,0.9525666666666667,17.17613708972931,0.9515
stage2,4,234,102.0193299651146,0.9519,17.127879440784454,0.9522
stage2,4,235,102.11691564321518,0.9511333333333334,17.126569867134094,0.9551
stage2,4,236,102.44808238744736,0.9503833333333334,17.78469055891037,0.9308
stage2,4,237,102.28749787807465,0.951,17.14742410182953,0.9546
stage2,4,238,101.95615839958191,0.9529333333333333,17.44994705915451,0.9406
stage2,4,239,102.30763745307922,0.9515,17.26451587677002,0.9476
stage2,4,240,101.58907234668732,0.9539833333333333,17.272993326187134,0.95
stage2,4,241,103.11193937063217,0.9473666666666667,17.903658509254456,0.934
stage2,4,242,102.81890094280243,0.9490833333333333,17.58145970106125,0.9418
stage2,4,243,102.36053216457367,0.95115,17.435465216636658,0.9422
stage2,4,244,101.67516094446182,0.9529333333333333,17.260815858840942,0.9478
stage2,4,245,100.7943606376648,0.9573,17.059247255325317,0.9556
stage2,4,246,102.41778433322906,0.9507833333333333,17.07621878385544,0.9536
stage2,4,247,103.48364621400833,0.94645,18.16537231206894,0.9238
stage2,4,248,102.78856945037842,0.9478166666666666,17.46462106704712,0.946
stage2,4,249,102.80492347478867,0.9486833333333333,17.215385258197784,0.9499
stage2,4,250,102.36334562301636,0.9500166666666666,17.12137860059738,0.9522
stage2,4,251,102.13813072443008,0.9510666666666666,17.25911670923233,0.9491
stage2,4,252,102.47733783721924,0.9497,17.456920504570007,0.9388
stage2,4,253,101.71216297149658,0.9530666666666666,17.271583020687103,0.9479
stage2,4,254,102.5742814540863,0.9499833333333333,17.311236917972565,0.9449
stage2,4,255,103.70591843128204,0.9442166666666667,17.337747156620026,0.9439
stage2,4,256,102.52035331726074,0.9493333333333334,17.279981076717377,0.9474
stage2,4,257,102.11952012777328,0.9513833333333334,17.526729345321655,0.9427
stage2,4,258,102.8352580666542,0.9484,17.15110605955124,0.9519
stage2,4,259,102.10384202003479,0.9514333333333334,17.182123124599457,0.951
stage2,4,260,102.26833665370941,0.9505,17.232053637504578,0.9501
stage2,4,261,101.10759085416794,0.9556666666666667,17.315273761749268,0.947
stage2,4,262,102.74216848611832,0.9485,17.2468643784523,0.9501
stage2,4,263,103.85843980312347,0.9435333333333333,18.038797974586487,0.9281
stage2,4,264,102.87441319227219,0.9473833333333334,17.186630368232727,0.951
stage2,4,265,101.48126643896103,0.95435,17.497676968574524,0.9407
stage2,4,266,102.51312464475632,0.9496333333333333,17.31161069869995,0.9435
stage2,4,267,102.6652620434761,0.949,17.252888023853302,0.947
stage2,4,268,102.7571165561676,0.9480833333333333,17.5149205327034,0.94
stage2,4,269,101.77163589000702,0.9520666666666666,17.281594574451447,0.9444
stage2,4,270,102.18810141086578,0.9512666666666667,17.91358107328415,0.9285
stage2,4,271,103.32399559020996,0.9456333333333333,17.530357658863068,0.9404
stage2,4,272,102.79814076423645,0.9482,17.236217260360718,0.9495
stage2,4,273,101.36091381311417,0.9545666666666667,17.48479413986206,0.9435
stage2,4,274,102.34579926729202,0.9497333333333333,17.197024762630463,0.9478
stage2,4,275,102.6864515542984,0.9482166666666667,17.498917937278748,0.9425
stage2,4,276,102.24174743890762,0.9499666666666666,17.292895078659058,0.9465
stage2,4,277,102.53134042024612,0.9492666666666667,17.41850596666336,0.944
stage2,4,278,101.9687979221344,0.9518,18.173238337039948,0.9219
stage2,4,279,102.14808964729309,0.9507166666666667,17.29094088077545,0.9442
stage2,4,280,102.21905088424683,0.95075,17.204348027706146,0.9488
stage2,4,281,103.86656999588013,0.9434,17.608021020889282,0.9363
stage2,4,282,101.48492097854614,0.9535,17.81839746236801,0.9305
stage2,4,283,102.17948561906815,0.9504166666666667,17.306783258914948,0.9465
stage2,4,284,101.21831828355789,0.9545333333333333,17.33284205198288,0.9416
stage2,4,285,102.79123383760452,0.9478,17.456932246685028,0.9456
stage2,4,286,103.87986069917679,0.9415666666666667,17.536690294742584,0.9371
stage2,4,287,101.88479137420654,0.9514,17.287068963050842,0.9461
stage2,4,288,102.49063664674759,0.9489666666666666,17.300828218460083,0.9457
stage2,4,289,102.47902715206146,0.9490166666666666,17.276143789291382,0.9482
stage2,4,290,101.25240457057953,0.9546166666666667,17.08456951379776,0.955
stage2,4,291,101.42307496070862,0.9539,17.283903300762177,0.9475
stage2,4,292,103.4134213924408,0.9446166666666667,17.95391321182251,0.9281
stage2,4,293,102.05616861581802,0.9508666666666666,17.549230873584747,0.9344
stage2,4,294,101.88024520874023,0.95145,16.939530551433563,0.9567
stage2,4,295,101.89589303731918,0.9516666666666667,17.417498290538788,0.945
stage2,4,296,101.24739837646484,0.9544166666666667,17.046467542648315,0.9528
stage2,4,297,101.33476263284683,0.9533833333333334,17.45706695318222,0.9421
stage2,4,298,102.43457740545273,0.9486,17.502983510494232,0.941
stage2,4,299,101.2848573923111,0.9538166666666666,17.33280122280121,0.9455
stage2,4,300,101.04282146692276,0.95505,16.875884473323822,0.9577
stage2,5,1,239.92087924480438,0.4154333333333333,35.01591181755066,0.5113
stage2,5,2,189.74984467029572,0.7133666666666667,30.763325452804565,0.6129
stage2,5,3,172.79521083831787,0.7578333333333334,28.149906039237976,0.6744
stage2,5,4,162.4280856847763,0.8013,26.646522045135498,0.6949
stage2,5,5,154.3751380443573,0.8393166666666667,25.34418511390686,0.7594
stage2,5,6,148.10520374774933,0.8603666666666666,24.66716980934143,0.7782
stage2,5,7,141.43376290798187,0.8772666666666666,23.594208121299744,0.8475
stage2,5,8,136.8731107711792,0.8838833333333334,22.60438847541809,0.8519
stage2,5,9,133.18811166286469,0.89065,22.178521871566772,0.8671
stage2,5,10,130.26608514785767,0.8939833333333334,21.991384088993073,0.8751
stage2,5,11,127.77152812480927,0.89895,21.58909571170807,0.872
stage2,5,12,125.76593518257141,0.9015333333333333,21.16637247800827,0.89
stage2,5,13,124.40119707584381,0.9029333333333334,21.11531311273575,0.8839
stage2,5,14,122.43305265903473,0.90815,20.452615678310394,0.9015
stage2,5,15,121.65704160928726,0.9082,20.769577264785767,0.8913
stage2,5,16,120.72744029760361,0.90945,20.194780826568604,0.9042
stage2,5,17,119.35602444410324,0.9134666666666666,20.275221586227417,0.9039
stage2,5,18,119.10105621814728,0.912,20.648428082466125,0.8925
stage2,5,19,118.02690875530243,0.9159166666666667,20.510774970054626,0.8929
stage2,5,20,117.66638678312302,0.9151333333333334,20.0690638422966,0.9027
stage2,5,21,115.98192673921585,0.9193833333333333,19.618793308734894,0.9147
stage2,5,22,115.28843158483505,0.9209333333333334,19.37019157409668,0.9202
stage2,5,23,115.02511429786682,0.9208833333333334,19.568015575408936,0.9116
stage2,5,24,113.88921767473221,0.9253,19.21862244606018,0.9254
stage2,5,25,114.45403760671616,0.9209333333333334,19.230659127235413,0.9165
stage2,5,26,113.52355462312698,0.92395,19.316975474357605,0.916
stage2,5,27,112.74826085567474,0.9254833333333333,19.794581532478333,0.9101
stage2,5,28,112.73109257221222,0.9253833333333333,19.094054102897644,0.9217
stage2,5,29,113.42232823371887,0.9210333333333334,19.301275968551636,0.9102
stage2,5,30,112.4199630022049,0.9249666666666667,19.045963406562805,0.9214
stage2,5,31,112.05608308315277,0.9253833333333333,19.34470635652542,0.9123
stage2,5,32,111.60662019252777,0.9272166666666667,18.821566462516785,0.9296
stage2,5,33,110.76730781793594,0.9303666666666667,18.603291451931,0.9301
stage2,5,34,111.02534955739975,0.9294833333333333,19.063698649406433,0.9213
stage2,5,35,110.14462488889694,0.9312833333333334,18.988864362239838,0.9174
stage2,5,36,110.25831019878387,0.93055,19.226122617721558,0.9112
stage2,5,37,109.76224094629288,0.9326333333333333,18.585718750953674,0.9304
stage2,5,38,110.74176001548767,0.9270166666666667,18.99770587682724,0.9181
stage2,5,39,109.66874063014984,0.9314833333333333,18.643599033355713,0.925
stage2,5,40,110.24764519929886,0.9290166666666667,18.32724004983902,0.9355
stage2,5,41,109.41839349269867,0.9319166666666666,18.2927006483078,0.9367
stage2,5,42,108.18525296449661,0.9365666666666667,18.281924724578857,0.9347
stage2,5,43,108.46154469251633,0.9348333333333333,18.402556002140045,0.9331
stage2,5,44,108.61736708879471,0.9341333333333334,18.400719702243805,0.9317
stage2,5,45,107.69756489992142,0.93785,18.414149463176727,0.93
stage2,5,46,108.1952456831932,0.93585,18.490593910217285,0.9289
stage2,5,47,109.45978236198425,0.9289833333333334,18.639470160007477,0.9231
stage2,5,48,108.46246832609177,0.9337833333333333,18.513510584831238,0.9281
stage2,5,49,107.88104921579361,0.9361,18.306356251239777,0.932
stage2,5,50,108.22224843502045,0.9341333333333334,18.46330440044403,0.9282
stage2,5,51,107.6569834947586,0.93765,18.636668384075165,0.9224
stage2,5,52,107.60712313652039,0.9361666666666667,18.191044449806213,0.933
stage2,5,53,107.29041546583176,0.93735,18.36651611328125,0.9246
stage2,5,54,107.12086683511734,0.9374833333333333,18.238922774791718,0.9335
stage2,5,55,107.84210908412933,0.9353333333333333,18.28667461872101,0.9277
stage2,5,56,108.19818633794785,0.9328333333333333,18.45125561952591,0.9242
stage2,5,57,106.67055296897888,0.9374333333333333,18.17169064283371,0.9367
stage2,5,58,105.80796158313751,0.9404833333333333,18.16710513830185,0.9295
stage2,5,59,105.6922744512558,0.9405666666666667,17.799303114414215,0.9392
stage2,5,60,106.44978314638138,0.9357666666666666,18.18317002058029,0.932
stage2,5,61,105.96715396642685,0.9381166666666667,17.974422812461853,0.9351
stage2,5,62,105.58565163612366,0.94045,17.87696945667267,0.9374
stage2,5,63,104.96769708395004,0.9424333333333333,17.99857074022293,0.9314
stage2,5,64,105.67467892169952,0.939,18.039284229278564,0.9369
stage2,5,65,106.2361227273941,0.93695,18.033029913902283,0.9343
stage2,5,66,106.11389392614365,0.93705,18.057591795921326,0.9299
stage2,5,67,105.44373297691345,0.9393333333333334,17.856319785118103,0.9348
stage2,5,68,104.65820080041885,0.9421666666666667,17.67538833618164,0.9429
stage2,5,69,104.36172300577164,0.9431833333333334,17.49747061729431,0.9459
stage2,5,70,104.24464160203934,0.9436666666666667,17.72791439294815,0.9348
stage2,5,71,104.6313071846962,0.9419666666666666,17.658715188503265,0.9423
stage2,5,72,105.21656405925751,0.9385333333333333,18.10570788383484,0.9326
stage2,5,73,104.76755720376968,0.9410833333333334,17.956556797027588,0.9305
stage2,5,74,104.74722146987915,0.9412,17.57739818096161,0.9429
stage2,5,75,104.39996200799942,0.9424,17.512325763702393,0.9436
stage2,5,76,103.58087462186813,0.9450333333333333,17.68503975868225,0.9373
stage2,5,77,103.52033281326294,0.9436166666666667,17.69809055328369,0.9381
stage2,5,78,104.21741664409637,0.9411666666666667,17.54216641187668,0.9424
stage2,5,79,103.69418603181839,0.9426333333333333,17.749441921710968,0.9367
stage2,5,80,104.42060142755508,0.9393,17.470394015312195,0.9424
stage2,5,81,103.36754482984543,0.9433333333333334,17.781246423721313,0.9354
stage2,5,82,104.13426786661148,0.93985,17.494530975818634,0.9385
stage2,5,83,103.1098301410675,0.9445833333333333,17.333776235580444,0.9452
stage2,5,84,103.07765102386475,0.9440166666666666,17.69508570432663,0.9381
stage2,5,85,103.67854261398315,0.9425666666666667,17.777609884738922,0.9321
stage2,5,86,103.75333666801453,0.94195,17.563361406326294,0.9413
stage2,5,87,102.64197063446045,0.9462333333333334,17.404793560504913,0.943
stage2,5,88,102.85642492771149,0.94525,17.32540661096573,0.945
stage2,5,89,102.70070773363113,0.9453333333333334,17.50873464345932,0.9402
stage2,5,90,103.26722425222397,0.9424166666666667,17.60985493659973,0.9375
stage2,5,91,103.27671468257904,0.94255,17.56389331817627,0.9374
stage2,5,92,103.53343373537064,0.941,17.79496729373932,0.9275
stage2,5,93,103.56668281555176,0.9409166666666666,17.6268247961998,0.9389
stage2,5,94,104.25377267599106,0.9391833333333334,17.645819067955017,0.9377
stage2,5,95,102.29878264665604,0.9456166666666667,17.175431430339813,0.9483
stage2,5,96,102.80729937553406,0.9443,17.384257078170776,0.9415
stage2,5,97,102.63640135526657,0.9448833333333333,17.89944887161255,0.9214
stage2,5,98,103.0611263513565,0.94215,17.226270377635956,0.947
stage2,5,99,101.85579270124435,0.948,17.482759535312653,0.9399
stage2,5,100,102.27116477489471,0.9453833333333334,17.137651205062866,0.9496
stage2,5,101,101.7769410610199,0.9478166666666666,17.39355343580246,0.9435
stage2,5,102,103.49028789997101,0.9407666666666666,17.38190257549286,0.9446
stage2,5,103,101.62624877691269,0.9485666666666667,17.64927577972412,0.9353
stage2,5,104,102.03005105257034,0.94665,17.33748584985733,0.9442
stage2,5,105,101.95322012901306,0.9473666666666667,17.20610547065735,0.9469
stage2,5,106,101.65097618103027,0.9485,17.417211651802063,0.9424
stage2,5,107,101.24662852287292,0.9503166666666667,17.254656553268433,0.9475
stage2,5,108,101.52432548999786,0.94885,17.481327176094055,0.9403
stage2,5,109,101.5393658876419,0.9477,17.696542501449585,0.9345
stage2,5,110,102.59357076883316,0.944,17.72531372308731,0.9347
stage2,5,111,102.28470814228058,0.9451166666666667,17.61786597967148,0.9329
stage2,5,112,102.05568945407867,0.9454333333333333,17.667478263378143,0.9294
stage2,5,113,102.29224753379822,0.9449333333333333,17.260849118232727,0.9442
stage2,5,114,101.97587102651596,0.9452333333333334,17.248598217964172,0.944
stage2,5,115,101.51547688245773,0.9478166666666666,17.046852707862854,0.9497
stage2,5,116,101.32274568080902,0.9491666666666667,17.41792231798172,0.9403
stage2,5,117,101.49928957223892,0.9475666666666667,17.13782173395157,0.9488
stage2,5,118,100.94867181777954,0.9497833333333333,17.103066444396973,0.95
stage2,5,119,101.39286684989929,0.94875,17.237699389457703,0.9443
stage2,5,120,101.32030367851257,0.9479666666666666,17.08440989255905,0.9483
stage2,5,121,101.59011846780777,0.9470333333333333,17.545337915420532,0.9377
stage2,5,122,101.66525059938431,0.94775,17.69153517484665,0.9313
stage2,5,123,102.8962949514389,0.9409666666666666,17.489324271678925,0.9374
stage2,5,124,102.027095079422,0.9458166666666666,17.42760145664215,0.9385
stage2,5,125,101.99493426084518,0.9446666666666667,16.955812752246857,0.9515
stage2,5,126,101.22231948375702,0.9459666666666666,17.235423386096954,0.9439
stage2,5,127,100.72715693712234,0.94805,17.356430232524872,0.9368
stage2,5,128,100.63555175065994,0.9488666666666666,17.168757379055023,0.9414
stage2,5,129,100.62060505151749,0.9487333333333333,17.259741842746735,0.9413
stage2,5,130,100.16248834133148,0.9505666666666667,17.09761893749237,0.9463
stage2,5,131,100.57169264554977,0.9489666666666666,17.349967300891876,0.9411
stage2,5,132,100.22370237112045,0.9505666666666667,17.126911163330078,0.9451
stage2,5,133,100.26497930288315,0.9496166666666667,16.93301248550415,0.9492
stage2,5,134,100.38775730133057,0.9493833333333334,17.449132800102234,0.9347
stage2,5,135,101.47955018281937,0.9446,17.166288197040558,0.9452
stage2,5,136,100.25984913110733,0.94965,17.51043790578842,0.9328
stage2,5,137,101.14457267522812,0.9468,16.806731402873993,0.9529
stage2,5,138,100.72741055488586,0.9476333333333333,17.57401031255722,0.9329
stage2,5,139,101.23685389757156,0.9463666666666667,16.965982913970947,0.9482
stage2,5,140,99.49932152032852,0.9530833333333333,17.013738989830017,0.945
stage2,5,141,100.74269413948059,0.9478333333333333,17.086969673633575,0.9428
stage2,5,142,101.37265020608902,0.9456,17.46950751543045,0.9371
stage2,5,143,100.51540112495422,0.9487333333333333,17.34474617242813,0.9393
stage2,5,144,100.64223223924637,0.9480166666666666,16.83602797985077,0.952
stage2,5,145,100.49347674846649,0.9489833333333333,16.994823813438416,0.9473
stage2,5,146,100.87763541936874,0.9473166666666667,17.273958921432495,0.9401
stage2,5,147,100.09462732076645,0.9499666666666666,16.954218089580536,0.9483
stage2,5,148,99.30396980047226,0.9535166666666667,16.875364899635315,0.9506
stage2,5,149,99.26996606588364,0.9533666666666667,17.291035652160645,0.9414
stage2,5,150,100.51250666379929,0.94875,17.95733290910721,0.9221
stage2,5,151,101.2354873418808,0.9453,17.711763322353363,0.9305
stage2,5,152,101.03299230337143,0.9459,17.006084382534027,0.9443
stage2,5,153,101.09492492675781,0.9461,17.17384934425354,0.945
stage2,5,154,100.27308869361877,0.94945,16.929977476596832,0.949
stage2,5,155,99.50620722770691,0.95285,16.9205362200737,0.947
stage2,5,156,100.29232168197632,0.94965,17.26078176498413,0.9408
stage2,5,157,100.02042937278748,0.9503333333333334,16.99089825153351,0.9438
stage2,5,158,99.40421879291534,0.95235,16.657421469688416,0.9557
stage2,5,159,100.80423206090927,0.9461666666666667,17.141094505786896,0.9415
stage2,5,160,99.88967752456665,0.9507,16.86745196580887,0.9475
stage2,5,161,99.32674020528793,0.9530666666666666,17.04873478412628,0.9448
stage2,5,162,99.55930590629578,0.9521,17.246431529521942,0.9412
stage2,5,163,100.84845632314682,0.9471166666666667,17.250553727149963,0.9394
stage2,5,164,100.07110464572906,0.9501666666666667,16.97555035352707,0.946
stage2,5,165,99.88098359107971,0.95035,17.030208587646484,0.9473
stage2,5,166,98.85769993066788,0.9548333333333333,16.92549467086792,0.9479
stage2,5,167,100.88092559576035,0.9463833333333334,17.099284946918488,0.9455
stage2,5,168,100.06871289014816,0.94935,16.91262251138687,0.9462
stage2,5,169,100.55064755678177,0.9471666666666667,17.16403204202652,0.9436
stage2,5,170,100.6920205950737,0.9468,17.08918422460556,0.9442
stage2,5,171,99.96550714969635,0.95025,16.865947902202606,0.9486
stage2,5,172,100.22380876541138,0.9486833333333333,16.899470686912537,0.9481
stage2,5,173,99.91423290967941,0.9501333333333334,17.740833699703217,0.9282
stage2,5,174,99.77673864364624,0.9513833333333334,16.728987991809845,0.9544
stage2,5,175,100.51836305856705,0.9475666666666667,17.217159748077393,0.9396
stage2,5,176,100.62730646133423,0.9476833333333333,17.03128343820572,0.9459
stage2,5,177,99.9188061952591,0.9503166666666667,16.81456434726715,0.9494
stage2,5,178,100.20629447698593,0.9496166666666667,16.866008937358856,0.9494
stage2,5,179,99.98595720529556,0.9490833333333333,16.85000854730606,0.951
stage2,5,180,100.46511715650558,0.9471833333333334,17.114138782024384,0.9431
stage2,5,181,99.4760559797287,0.9521166666666666,16.940631985664368,0.9452
stage2,5,182,100.04774683713913,0.9493,16.98033219575882,0.9458
stage2,5,183,99.57962226867676,0.9516333333333333,16.9271103143692,0.9486
stage2,5,184,99.42622208595276,0.95175,17.13905906677246,0.9461
stage2,5,185,98.85934722423553,0.9549166666666666,16.82579129934311,0.9512
stage2,5,186,99.42757695913315,0.9515166666666667,17.17888593673706,0.9386
stage2,5,187,99.79079121351242,0.9507333333333333,16.92181968688965,0.9476
stage2,5,188,99.43112426996231,0.9519166666666666,16.845594584941864,0.95
stage2,5,189,99.98877912759781,0.9503333333333334,16.99763298034668,0.9444
stage2,5,190,98.39215981960297,0.9566333333333333,16.780690789222717,0.9517
stage2,5,191,99.55275017023087,0.9519166666666666,16.87848550081253,0.949
stage2,5,192,101.10389751195908,0.9453333333333334,17.383302867412567,0.9343
stage2,5,193,99.78271263837814,0.9505333333333333,16.859975934028625,0.9482
stage2,5,194,99.69778388738632,0.95035,16.91740208864212,0.948
stage2,5,195,99.99999642372131,0.9493166666666667,17.377956926822662,0.9351
stage2,5,196,100.3476197719574,0.9482666666666667,17.09236615896225,0.9434
stage2,5,197,99.24470096826553,0.9526666666666667,16.758975446224213,0.9522
stage2,5,198,98.31603759527206,0.9554333333333334,16.749654591083527,0.9507
stage2,5,199,100.10281032323837,0.9474,16.902857780456543,0.9476
stage2,5,200,98.56873041391373,0.9535,17.11082625389099,0.9389
stage2,5,201,98.54005473852158,0.9534166666666667,16.666227161884308,0.953
stage2,5,202,98.32724273204803,0.9539333333333333,16.89962112903595,0.9464
stage2,5,203,100.08958894014359,0.9471166666666667,17.080300748348236,0.9403
stage2,5,204,98.42615008354187,0.9535,16.64095163345337,0.9535
stage2,5,205,99.01141083240509,0.95115,16.756328523159027,0.9516
stage2,5,206,98.2189239859581,0.9538,16.593491077423096,0.9541
stage2,5,207,98.79799032211304,0.9524,16.576387345790863,0.9553
stage2,5,208,98.70289224386215,0.9524666666666667,16.852357387542725,0.9468
stage2,5,209,98.56773203611374,0.9529666666666666,17.215929210186005,0.938
stage2,5,210,98.98922854661942,0.9511833333333334,16.683695912361145,0.9532
stage2,5,211,98.76960563659668,0.9523666666666667,16.76037758588791,0.9499
stage2,5,212,99.35679000616074,0.9500166666666666,17.012750923633575,0.9439
stage2,5,213,99.76973694562912,0.9477333333333333,16.927810490131378,0.9442
stage2,5,214,99.08847081661224,0.95055,17.019196391105652,0.9431
stage2,5,215,98.22455495595932,0.95485,16.764564752578735,0.9467
stage2,5,216,98.13785636425018,0.9551166666666666,17.16498154401779,0.9358
stage2,5,217,98.08463555574417,0.9541166666666666,16.441503286361694,0.9575
stage2,5,218,99.6461980342865,0.9483833333333334,17.010737717151642,0.9452
stage2,5,219,99.11564075946808,0.9501833333333334,17.131654739379883,0.9376
stage2,5,220,98.39562493562698,0.9536,16.738032519817352,0.9506
stage2,5,221,99.05219256877899,0.9505333333333333,16.77807265520096,0.9488
stage2,5,222,98.48302519321442,0.95355,16.858257591724396,0.9486
stage2,5,223,99.08698189258575,0.9505666666666667,17.184301495552063,0.939
stage2,5,224,98.83280724287033,0.9520333333333333,16.82365071773529,0.9477
stage2,5,225,99.39829671382904,0.9496166666666667,16.69904726743698,0.9522
stage2,5,226,97.86738616228104,0.95595,16.521660089492798,0.9539
stage2,5,227,98.54078698158264,0.9525,16.43788355588913,0.9569
stage2,5,228,98.16082102060318,0.9540833333333333,16.6811625957489,0.9506
stage2,5,229,98.67357456684113,0.9520333333333333,16.65993058681488,0.9532
stage2,5,230,98.73099207878113,0.9519666666666666,16.716038048267365,0.9511
stage2,5,231,99.3388831615448,0.9497166666666667,16.674154698848724,0.9501
stage2,5,232,97.60900843143463,0.9562333333333334,16.446971118450165,0.9556
stage2,5,233,99.352952003479,0.9484333333333334,16.832098066806793,0.9461
stage2,5,234,98.40360754728317,0.9527666666666667,16.648155212402344,0.954
stage2,5,235,98.78038209676743,0.9515,16.817849278450012,0.9488
stage2,5,236,99.43475896120071,0.94865,16.62838500738144,0.9521
stage2,5,237,97.34403622150421,0.9572666666666667,16.65586018562317,0.9531
stage2,5,238,98.82643800973892,0.9524333333333334,16.747687339782715,0.9498
stage2,5,239,97.90653985738754,0.9557666666666667,16.44428288936615,0.9561
stage2,5,240,97.99071168899536,0.9550666666666666,16.80241149663925,0.9465
stage2,5,241,99.0301621556282,0.9507333333333333,16.591235041618347,0.9532
stage2,5,242,98.44897669553757,0.9526,17.018954157829285,0.9422
stage2,5,243,98.50866234302521,0.9528833333333333,16.670075297355652,0.9503
stage2,5,244,98.76740634441376,0.9516,16.613006055355072,0.9519
stage2,5,245,97.9057970046997,0.955,16.519351541996002,0.954
stage2,5,246,97.67273247241974,0.9561666666666667,16.51063174009323,0.9542
stage2,5,247,98.25939399003983,0.9540333333333333,16.77985453605652,0.9492
stage2,5,248,99.0145850777626,0.9506166666666667,17.24700391292572,0.933
stage2,5,249,98.15492457151413,0.9542333333333334,16.689274430274963,0.9511
stage2,5,250,99.05047810077667,0.9501,16.78789258003235,0.9516
stage2,5,251,98.36133760213852,0.95335,16.813483357429504,0.9465
stage2,5,252,98.4889377951622,0.95255,16.616362690925598,0.9538
stage2,5,253,98.53008437156677,0.9530333333333333,16.465273082256317,0.9578
stage2,5,254,97.4556177854538,0.95745,16.56304943561554,0.952
stage2,5,255,97.99963855743408,0.9546333333333333,16.87644475698471,0.9489
stage2,5,256,98.77768170833588,0.9517,16.609078586101532,0.9519
stage2,5,257,98.03808379173279,0.9545666666666667,16.988942086696625,0.9445
stage2,5,258,99.96599501371384,0.9475166666666667,16.819262146949768,0.9454
stage2,5,259,100.19385331869125,0.9457333333333333,16.674064815044403,0.9518
stage2,5,260,98.40631413459778,0.95295,16.44577193260193,0.958
stage2,5,261,98.33377814292908,0.9534833333333333,16.745126605033875,0.9502
stage2,5,262,98.23422741889954,0.9538666666666666,16.96995121240616,0.9418
stage2,5,263,98.8797487616539,0.9512,16.355588257312775,0.9588
stage2,5,264,98.06396996974945,0.95425,16.712461173534393,0.9509
stage2,5,265,98.09224992990494,0.9543833333333334,16.59535175561905,0.954
stage2,5,266,97.98736119270325,0.9542833333333334,16.77242398262024,0.9455
stage2,5,267,97.79716324806213,0.9555833333333333,16.53099638223648,0.9548
stage2,5,268,97.79028731584549,0.95455,16.809920251369476,0.948
stage2,5,269,98.70907151699066,0.9515833333333333,16.444695234298706,0.9545
stage2,5,270,99.99074536561966,0.9459833333333333,17.111402451992035,0.9414
stage2,5,271,97.7976108789444,0.95605,16.57084882259369,0.9549
stage2,5,272,97.761155128479,0.9551166666666666,16.52402275800705,0.9545
stage2,5,273,98.17881786823273,0.9542166666666667,17.42349272966385,0.9335
stage2,5,274,98.93267649412155,0.9509666666666666,17.017482459545135,0.9435
stage2,5,275,98.30225944519043,0.9539833333333333,16.523259222507477,0.9575
stage2,5,276,99.19981473684311,0.9501666666666667,16.64885538816452,0.9518
stage2,5,277,98.30558401346207,0.9530833333333333,16.619410514831543,0.9512
stage2,5,278,98.61588537693024,0.9522833333333334,16.737955629825592,0.95
stage2,5,279,97.8765075802803,0.9551333333333333,16.645358443260193,0.9525
stage2,5,280,97.94767332077026,0.9548833333333333,16.54230111837387,0.9548
stage2,5,281,97.72520714998245,0.95535,16.58875608444214,0.9546
stage2,5,282,98.15556794404984,0.9542166666666667,16.76289129257202,0.9489
stage2,5,283,97.75798112154007,0.955,17.12315034866333,0.9376
stage2,5,284,98.01198625564575,0.9542333333333334,16.5310155749321,0.955
stage2,5,285,97.17552250623703,0.9580333333333333,16.51580846309662,0.9555
stage2,5,286,97.41589796543121,0.9566333333333333,16.646348774433136,0.9528
stage2,5,287,97.6565774679184,0.95535,16.87713646888733,0.9438
stage2,5,288,98.01665699481964,0.9545333333333333,16.761451303958893,0.9486
stage2,5,289,98.60382181406021,0.9524833333333333,17.20744001865387,0.9366
stage2,5,290,99.69775515794754,0.94655,16.82915496826172,0.9469
stage2,5,291,97.87526392936707,0.9554333333333334,16.525604784488678,0.9556
stage2,5,292,97.3581228852272,0.95655,16.430420458316803,0.9583
stage2,5,293,99.57385468482971,0.9477,16.54970908164978,0.9545
stage2,5,294,97.87287938594818,0.9548166666666666,16.891447603702545,0.9456
stage2,5,295,98.37048345804214,0.9529,16.97611576318741,0.9438
stage2,5,296,97.51091086864471,0.9559333333333333,16.82764172554016,0.9486
stage2,5,297,98.38590568304062,0.9529166666666666,16.343936324119568,0.9598
stage2,5,298,98.31284880638123,0.9530333333333333,16.832570612430573,0.9457
stage2,5,299,99.01281768083572,0.9504666666666667,16.912585258483887,0.9449
stage2,5,300,99.0576531291008,0.9504833333333333,16.439906418323517,0.9579
rnn,1,1,241.91396379470825,0.23488333333333333,34.16691470146179,0.116
rnn,1,2,178.68078184127808,0.4318666666666667,27.671286702156067,0.2251
rnn,1,3,144.22572028636932,0.5469666666666667,21.65850579738617,0.3438
rnn,1,4,118.41348564624786,0.61265,19.248281598091125,0.3692
rnn,1,5,108.25549787282944,0.65375,17.125784158706665,0.4137
rnn,1,6,94.51655858755112,0.7174,15.115816295146942,0.4863
rnn,1,7,85.51814472675323,0.7495166666666667,14.804036796092987,0.4984
rnn,1,8,78.48633396625519,0.7723,12.546202659606934,0.5351
rnn,1,9,71.19756364822388,0.7965166666666667,11.851665288209915,0.5263
rnn,1,10,66.73569765686989,0.8104,10.897976100444794,0.5572
rnn,1,11,62.23082587122917,0.827,10.734197318553925,0.5344
rnn,1,12,58.54429394006729,0.8415,9.866231799125671,0.5711
rnn,1,13,55.66471138596535,0.8518333333333333,9.467493295669556,0.6186
rnn,1,14,52.27900293469429,0.8638666666666667,8.93908828496933,0.606
rnn,1,15,49.62373659014702,0.874,8.792343974113464,0.6294
rnn,1,16,47.48017582297325,0.8796,8.216364786028862,0.6852
rnn,1,17,46.38486996293068,0.88265,8.393207341432571,0.6059
rnn,1,18,44.659991413354874,0.8868666666666667,7.542571917176247,0.6859
rnn,1,19,42.691227078437805,0.89305,8.799514383077621,0.5854
rnn,1,20,41.08348152041435,0.89795,7.710222274065018,0.6359
rnn,1,21,39.74193352460861,0.90225,7.0264095813035965,0.6696
rnn,1,22,38.242854565382004,0.905,6.907960802316666,0.7291
rnn,1,23,36.982611641287804,0.9080666666666667,8.168270736932755,0.6881
rnn,1,24,36.55886459350586,0.90935,6.277636058628559,0.6655
rnn,1,25,34.68080109357834,0.9139166666666667,6.372159525752068,0.7127
rnn,1,26,34.26883567869663,0.9163333333333333,6.640886649489403,0.6667
rnn,1,27,33.024687692523,0.9187,6.5398959666490555,0.6864
rnn,1,28,32.48436826467514,0.9205666666666666,5.690913960337639,0.6947
rnn,1,29,31.326889619231224,0.9242833333333333,5.239096812903881,0.7293
rnn,1,30,30.64403836429119,0.9256,5.177871063351631,0.7256
rnn,1,31,29.849884048104286,0.9284666666666667,6.122079789638519,0.6865
rnn,1,32,28.68398356437683,0.9312166666666667,5.171671703457832,0.7102
rnn,1,33,28.43326935917139,0.9311333333333334,5.094124116003513,0.7176
rnn,1,34,28.077711075544357,0.9327166666666666,4.86691527813673,0.7266
rnn,1,35,27.33062583208084,0.9342833333333334,4.768573343753815,0.7407
rnn,1,36,27.406060427427292,0.9335833333333333,5.210003048181534,0.6524
rnn,1,37,26.496659085154533,0.9369166666666666,4.577704392373562,0.7442
rnn,1,38,25.973519667983055,0.93735,4.999697431921959,0.7381
rnn,1,39,25.37966950237751,0.9394833333333333,4.666293576359749,0.7528
rnn,1,40,25.632638059556484,0.9375166666666667,4.767446748912334,0.7183
rnn,1,41,24.697187185287476,0.9407666666666666,4.4595159739255905,0.7145
rnn,1,42,24.558690831065178,0.94115,4.547476656734943,0.7853
rnn,1,43,24.43881258368492,0.94065,4.566081255674362,0.7756
rnn,1,44,23.93251484632492,0.94285,4.3420325964689255,0.7472
rnn,1,45,22.9544920027256,0.9451833333333334,4.226964958012104,0.8297
rnn,1,46,22.601063437759876,0.9449166666666666,4.018203251063824,0.759
rnn,1,47,22.359842211008072,0.9468,4.191040240228176,0.7392
rnn,1,48,22.46192144602537,0.9459833333333333,4.465217910706997,0.7161
rnn,1,49,21.80095997452736,0.9481166666666667,5.353755176067352,0.7712
rnn,1,50,22.126232534646988,0.94665,4.728211440145969,0.7684
rnn,1,51,21.204727344214916,0.94955,3.896420642733574,0.7384
rnn,1,52,20.622004717588425,0.95085,3.92081131786108,0.7763
rnn,1,53,20.772663921117783,0.9495833333333333,4.0992957800626755,0.799
rnn,1,54,20.487386908382177,0.95115,3.8125771805644035,0.7589
rnn,1,55,19.93888185918331,0.9519833333333333,4.209520511329174,0.7906
rnn,1,56,20.019751459360123,0.9526333333333333,3.974847823381424,0.7847
rnn,1,57,19.112843304872513,0.9536666666666667,3.7029710188508034,0.7294
rnn,1,58,20.016867704689503,0.95155,4.177877701818943,0.7621
rnn,1,59,20.120264805853367,0.9515666666666667,3.992738675326109,0.7724
rnn,1,60,18.381171695888042,0.9559,3.6662329882383347,0.7837
rnn,1,61,18.489743947982788,0.956,4.010901257395744,0.7822
rnn,1,62,18.905162923038006,0.9544333333333334,3.774881958961487,0.8214
rnn,1,63,19.03802866488695,0.95415,3.856739968061447,0.7828
rnn,1,64,17.80254916846752,0.9579333333333333,3.7678088545799255,0.733
rnn,1,65,17.988898973912,0.9572,3.5811450630426407,0.7982
rnn,1,66,17.934650018811226,0.95765,3.2937944009900093,0.8097
rnn,1,67,17.02396634966135,0.9593333333333334,3.647906720638275,0.8724
rnn,1,68,17.237594448029995,0.95885,3.341002207249403,0.8139
rnn,1,69,17.13330002129078,0.9588666666666666,3.3537099361419678,0.8806
rnn,1,70,17.218355052173138,0.9587666666666667,3.3960407860577106,0.7868
rnn,1,71,16.604331113398075,0.9600333333333333,3.6918173134326935,0.7135
rnn,1,72,17.49396727234125,0.9583,3.8814248219132423,0.7842
rnn,1,73,16.520016439259052,0.9600833333333333,3.283673692494631,0.8112
rnn,1,74,16.001440942287445,0.9615166666666667,3.4560218825936317,0.8069
rnn,1,75,15.707930624485016,0.9621833333333333,3.43734672293067,0.8253
rnn,1,76,16.792149886488914,0.9591666666666666,3.5245945155620575,0.8813
rnn,1,77,15.95592699944973,0.9614333333333334,3.601131245493889,0.8235
rnn,1,78,15.403942912817001,0.9633,3.481025815010071,0.8773
rnn,1,79,15.727255508303642,0.9622833333333334,3.2751800939440727,0.848
rnn,1,80,15.089489787817001,0.9637166666666667,3.261449709534645,0.7992
rnn,1,81,15.332198284566402,0.9633333333333334,3.3333637565374374,0.886
rnn,1,82,15.33099826797843,0.9626166666666667,3.0600548051297665,0.8717
rnn,1,83,15.559666477143764,0.96225,3.677254341542721,0.7882
rnn,1,84,15.037684209644794,0.9635166666666667,3.04214995354414,0.8573
rnn,1,85,14.284244328737259,0.9656833333333333,3.695795476436615,0.8365
rnn,1,86,14.180919598788023,0.9654333333333334,3.8053904622793198,0.8394
rnn,1,87,14.314906045794487,0.9655166666666667,3.0084436275064945,0.8155
rnn,1,88,14.377089027315378,0.9655833333333333,3.337101198732853,0.7819
rnn,1,89,13.991945326328278,0.9663333333333334,3.20965725928545,0.8826
rnn,1,90,14.405159913003445,0.9652666666666667,3.267817933112383,0.8559
rnn,1,91,13.87202725932002,0.9668166666666667,2.748361922800541,0.8184
rnn,1,92,13.632325448095798,0.9674666666666667,3.5016484186053276,0.8087
rnn,1,93,14.193754933774471,0.9657,3.6381779834628105,0.7164
rnn,1,94,13.459516189992428,0.9670333333333333,2.883191369473934,0.8232
rnn,1,95,13.241614278405905,0.9679333333333333,3.030402772128582,0.8628
rnn,1,96,13.595637142658234,0.9673333333333334,3.687362715601921,0.8704
rnn,1,97,13.94938237965107,0.9663166666666667,3.17777506634593,0.8064
rnn,1,98,13.303145557641983,0.9674,2.832045577466488,0.8476
rnn,1,99,13.748348034918308,0.9667333333333333,2.9441980570554733,0.8271
rnn,1,100,13.670064747333527,0.9667666666666667,2.783988766372204,0.8577
rnn,1,101,13.391837734729052,0.9672666666666667,2.844800617545843,0.8475
rnn,1,102,12.915294602513313,0.9685833333333334,2.8877373971045017,0.8407
rnn,1,103,12.523109581321478,0.9691,3.048757866024971,0.8666
rnn,1,104,13.034464966505766,0.9683666666666667,2.628069683909416,0.8239
rnn,1,105,13.197780814021826,0.9683833333333334,3.1462058052420616,0.7952
rnn,1,106,12.888469360768795,0.96835,2.5844151489436626,0.8742
rnn,1,107,12.557312242686749,0.96905,3.2382105588912964,0.822
rnn,1,108,12.49228736385703,0.96895,2.9808031246066093,0.8429
rnn,1,109,12.723366640508175,0.96865,2.6883223615586758,0.8291
rnn,1,110,12.303806964308023,0.9704666666666667,2.8262178413569927,0.8871
rnn,1,111,12.161810576915741,0.96995,2.8892940394580364,0.8921
rnn,1,112,11.71706285327673,0.97055,2.4660159964114428,0.8659
rnn,1,113,11.71495384722948,0.9713833333333334,3.0988065004348755,0.8318
rnn,1,114,11.903534971177578,0.9708166666666667,3.2006913535296917,0.8196
rnn,1,115,11.994988735765219,0.9700666666666666,2.7425465062260628,0.8709
rnn,1,116,11.545753110200167,0.9719333333333333,2.651300873607397,0.8515
rnn,1,117,11.569714974611998,0.9718166666666667,2.567953357473016,0.84
rnn,1,118,12.347687479108572,0.9690333333333333,2.9082733169198036,0.8782
rnn,1,119,11.826304443180561,0.9703166666666667,2.62256695702672,0.8775
rnn,1,120,10.83421853929758,0.9731166666666666,2.7283781729638577,0.7566
rnn,1,121,11.677265126258135,0.9711333333333333,2.792025115340948,0.8368
rnn,1,122,11.526651546359062,0.9721,2.902897421270609,0.8718
rnn,1,123,11.00886869803071,0.9738166666666667,3.0661221146583557,0.8129
rnn,1,124,11.664032131433487,0.9708166666666667,2.574031736701727,0.8381
rnn,1,125,10.733797524124384,0.9736666666666667,2.634829320013523,0.8775
rnn,1,126,11.231561813503504,0.9725833333333334,2.4728869646787643,0.8561
rnn,1,127,11.034538306295872,0.9730333333333333,2.518699713051319,0.8579
rnn,1,128,10.872861996293068,0.9734666666666667,2.7602298855781555,0.8568
rnn,1,129,10.949519097805023,0.9728333333333333,2.671394031494856,0.8151
rnn,1,130,10.647072359919548,0.97305,2.6265387162566185,0.8921
rnn,1,131,11.0605638474226,0.9727,2.584222238510847,0.8431
rnn,1,132,10.673588383942842,0.97405,2.9092402420938015,0.8173
rnn,1,133,10.65810576453805,0.97355,2.5389216504991055,0.8215
rnn,1,134,10.990494906902313,0.9724,2.4590056650340557,0.8183
rnn,1,135,10.868140479549766,0.9720833333333333,2.4413351602852345,0.8176
rnn,1,136,11.07898011431098,0.9727166666666667,2.2464278377592564,0.8639
rnn,1,137,10.429591748863459,0.97385,2.7604952789843082,0.8034
rnn,1,138,10.587707411497831,0.97295,2.437632678076625,0.8636
rnn,1,139,10.304841686040163,0.9745166666666667,2.426168356090784,0.872
rnn,1,140,10.235046397894621,0.9748833333333333,3.0736724622547626,0.8371
rnn,1,141,10.792906012386084,0.9726,2.3478785380721092,0.8596
rnn,1,142,10.307395372539759,0.9742666666666666,2.6623093150556087,0.7948
rnn,1,143,10.396495696157217,0.9740833333333333,2.4123053811490536,0.8684
rnn,1,144,10.55205419100821,0.9741666666666666,2.5094246231019497,0.8794
rnn,1,145,9.730207033455372,0.9756833333333333,2.4851638451218605,0.8366
rnn,1,146,9.559212720021605,0.9761166666666666,2.5781722366809845,0.8174
rnn,1,147,9.988762326538563,0.9755166666666667,2.3821997214108706,0.8885
rnn,1,148,9.865469180047512,0.9754666666666667,2.6831246837973595,0.8485
rnn,1,149,9.83256122469902,0.9755166666666667,2.5861576311290264,0.832
rnn,1,150,10.209902364760637,0.9741333333333333,2.5571536794304848,0.8839
rnn,1,151,8.650785833597183,0.9785666666666667,2.3961819112300873,0.8412
rnn,1,152,9.573875416070223,0.9758166666666667,2.3511707447469234,0.8566
rnn,1,153,9.864052809774876,0.9750333333333333,2.414794210344553,0.8414
rnn,1,154,9.446334645152092,0.9759,2.706034518778324,0.8557
rnn,1,155,9.589445699006319,0.9756,2.2661742977797985,0.8506
rnn,1,156,9.64022309705615,0.97655,2.9814574979245663,0.7788
rnn,1,157,9.746498227119446,0.9762,2.6618129834532738,0.859
rnn,1,158,9.478122666478157,0.9767,2.3358669728040695,0.8727
rnn,1,159,9.529944952577353,0.9759666666666666,3.1843951269984245,0.9052
rnn,1,160,10.354790398851037,0.97425,2.6265065744519234,0.8114
rnn,1,161,9.223766811192036,0.9770333333333333,2.398306120187044,0.8774
rnn,1,162,9.121250551193953,0.9773333333333334,2.5305956825613976,0.8987
rnn,1,163,8.865267280489206,0.9780166666666666,2.238563474267721,0.8833
rnn,1,164,9.0848478525877,0.9773333333333334,2.6867799665778875,0.8182
rnn,1,165,9.423404902219772,0.9763166666666667,2.7241724133491516,0.9141
rnn,1,166,8.780926503241062,0.9773333333333334,2.3247990254312754,0.8757
rnn,1,167,10.174486566334963,0.9751333333333333,3.076104935258627,0.8979
rnn,1,168,9.283493671566248,0.9768,2.501684680581093,0.7828
rnn,1,169,9.988918486982584,0.9747,2.4349112771451473,0.8446
rnn,1,170,8.930399162694812,0.9773166666666666,2.4362516701221466,0.8953
rnn,1,171,9.024864718317986,0.97745,2.686284963041544,0.8976
rnn,1,172,8.601309895515442,0.9782166666666666,2.292565144598484,0.8576
rnn,1,173,9.36735387519002,0.9767,3.115102268755436,0.884
rnn,1,174,9.090616822242737,0.9772166666666666,2.5198463425040245,0.8184
rnn,1,175,8.696774501353502,0.97785,2.512554332613945,0.8978
rnn,1,176,8.967876879498363,0.9774333333333334,2.1730788592249155,0.8828
rnn,1,177,8.522322479635477,0.9783166666666666,2.572394896298647,0.8877
rnn,1,178,9.865449752658606,0.9750166666666666,2.506296131759882,0.867
rnn,1,179,8.85294034332037,0.9776666666666667,2.5241736136376858,0.8747
rnn,1,180,8.473452346399426,0.9782166666666666,2.1746563613414764,0.8774
rnn,1,181,8.683642234653234,0.9778833333333333,2.2065537236630917,0.8605
rnn,1,182,8.417984628584236,0.9778333333333333,2.7004422061145306,0.8669
rnn,1,183,8.576817281544209,0.9782666666666666,2.367604488506913,0.8849
rnn,1,184,8.416677566245198,0.9789833333333333,2.852008879184723,0.861
rnn,1,185,8.412792634218931,0.9787333333333333,2.291183592751622,0.9149
rnn,1,186,8.278071623295546,0.9788333333333333,3.0758297964930534,0.89
rnn,1,187,9.224557168781757,0.97685,2.7064831368625164,0.8891
rnn,1,188,8.965799178928137,0.9776,2.367866510525346,0.8574
rnn,1,189,9.463999290019274,0.9758833333333333,2.206494551151991,0.8709
rnn,1,190,7.985334292054176,0.9799166666666667,2.6384865194559097,0.8871
rnn,1,191,8.890586888417602,0.9775,2.204578911885619,0.882
rnn,1,192,7.512523703277111,0.9813333333333333,2.310166921466589,0.8556
rnn,1,193,8.362608328461647,0.9791666666666666,3.1421503871679306,0.8143
rnn,1,194,9.29486221075058,0.9769833333333333,2.2274370193481445,0.9017
rnn,1,195,8.047362588346004,0.9799,2.2492432948201895,0.8804
rnn,1,196,8.265966270118952,0.9796166666666667,2.1456459648907185,0.8575
rnn,1,197,8.288594614714384,0.9789166666666667,2.7257797755301,0.8805
rnn,1,198,7.946532120928168,0.9798,2.4402811862528324,0.8954
rnn,1,199,8.280337486416101,0.9795833333333334,2.287807896733284,0.8638
rnn,1,200,8.406858070753515,0.9784833333333334,2.5917886160314083,0.8066
rnn,1,201,8.378562603145838,0.9798666666666667,2.4759012684226036,0.8933
rnn,1,202,7.622255198657513,0.9808,2.4034491516649723,0.8896
rnn,1,203,7.932758694514632,0.9800833333333333,2.329710328951478,0.8862
rnn,1,204,8.015354124829173,0.98,2.2277338318526745,0.8855
rnn,1,205,8.334312409162521,0.9791,2.3848030418157578,0.8304
rnn,1,206,8.276515712961555,0.9795166666666667,2.386239007115364,0.8731
rnn,1,207,7.975083438213915,0.9800666666666666,2.574278838932514,0.9107
rnn,1,208,8.291152976453304,0.9794666666666667,2.355323215946555,0.8922
rnn,1,209,8.228111224249005,0.9795166666666667,2.5193148143589497,0.8839
rnn,1,210,7.981004096567631,0.9797333333333333,2.338035386055708,0.8896
rnn,1,211,7.839638656005263,0.9797333333333333,2.3014203645288944,0.8709
rnn,1,212,7.545531176030636,0.98165,2.111490087583661,0.8778
rnn,1,213,7.802410354837775,0.9806333333333334,2.3617830500006676,0.8457
rnn,1,214,7.652825154364109,0.9804,2.6753176040947437,0.8696
rnn,1,215,8.000249568372965,0.9802833333333333,2.245343502610922,0.8887
rnn,1,216,7.290921505540609,0.98175,2.37663546577096,0.8882
rnn,1,217,7.327129793353379,0.9817,2.3698343709111214,0.8843
rnn,1,218,7.699213894084096,0.98065,2.3288889974355698,0.8996
rnn,1,219,8.309055088087916,0.9796666666666667,2.4926089607179165,0.9145
rnn,1,220,8.047028716653585,0.9793333333333333,2.2254544030874968,0.8631
rnn,1,221,7.928297778591514,0.9804833333333334,2.5627741776406765,0.8366
rnn,1,222,7.800183147192001,0.98045,2.5432421900331974,0.8208
rnn,1,223,8.06346688233316,0.9802666666666666,2.1218060217797756,0.8886
rnn,1,224,7.469784880056977,0.98125,2.4009529165923595,0.8391
rnn,1,225,7.626896625384688,0.9805333333333334,2.41842782497406,0.843
rnn,1,226,7.222653094679117,0.9817833333333333,2.5617338605225086,0.8422
rnn,1,227,8.35971968062222,0.9795166666666667,2.3543554432690144,0.8813
rnn,1,228,7.2417857348918915,0.9821,2.258621610701084,0.8648
rnn,1,229,7.662339951843023,0.9809,2.6372199691832066,0.8532
rnn,1,230,6.8182340785861015,0.983,2.2006648555397987,0.9062
rnn,1,231,7.136120544746518,0.9818,2.4712512381374836,0.8928
rnn,1,232,8.276790058240294,0.97855,2.3702572118490934,0.8984
rnn,1,233,8.190114753320813,0.9796833333333334,2.5412268564105034,0.8716
rnn,1,234,7.8686544466763735,0.9804333333333334,2.307567974552512,0.8692
rnn,1,235,7.120562674477696,0.9818,2.1210224740207195,0.883
rnn,1,236,7.260800961405039,0.98195,2.288466840982437,0.841
rnn,1,237,7.244163200259209,0.9820166666666666,2.3944921735674143,0.8206
rnn,1,238,8.208871871232986,0.9794,2.6551224719733,0.8848
rnn,1,239,7.7113279439508915,0.9808333333333333,2.853974759578705,0.8371
rnn,1,240,7.225777015089989,0.9817666666666667,2.1839317083358765,0.8999
rnn,1,241,7.445728898048401,0.98185,2.391313599422574,0.8667
rnn,1,242,7.221160003449768,0.9818166666666667,2.6121053155511618,0.8794
rnn,1,243,6.957179399207234,0.9825833333333334,2.8128571771085262,0.857
rnn,1,244,7.2724589835852385,0.98205,2.505922745913267,0.849
rnn,1,245,7.329827819019556,0.9812333333333333,2.279065642505884,0.8286
rnn,1,246,8.02828873693943,0.98015,2.972109440714121,0.8556
rnn,1,247,7.105168720707297,0.9822666666666666,2.272267546504736,0.8756
rnn,1,248,7.0345160048455,0.9822666666666666,2.287991665303707,0.8547
rnn,1,249,7.324162013828754,0.9818833333333333,2.2546814884990454,0.8423
rnn,1,250,6.457305880263448,0.9836,2.254751881584525,0.881
rnn,1,251,6.91943540610373,0.9830833333333333,2.6424820199608803,0.8509
rnn,1,252,7.413462392985821,0.9814333333333334,2.203872662037611,0.877
rnn,1,253,6.496743528172374,0.9839,2.2788102459162474,0.8785
rnn,1,254,7.30002698674798,0.9816333333333334,2.476483568549156,0.8477
rnn,1,255,6.6855574902147055,0.9833666666666666,2.3853747956454754,0.848
rnn,1,256,7.397026404738426,0.98105,3.1180390175431967,0.8645
rnn,1,257,7.211054975166917,0.98195,2.172091670334339,0.8798
rnn,1,258,6.541509361937642,0.9831666666666666,2.216360902413726,0.88
rnn,1,259,6.395279863849282,0.9841333333333333,2.3173494413495064,0.8816
rnn,1,260,7.6329705733805895,0.9807833333333333,2.764896996319294,0.7996
rnn,1,261,6.951042050495744,0.9827,1.9926520772278309,0.9067
rnn,1,262,6.5235727317631245,0.98385,2.466117452830076,0.8601
rnn,1,263,6.494282068684697,0.9839,2.9947471264749765,0.8862
rnn,1,264,7.104629026725888,0.9823333333333333,2.3106522783637047,0.8643
rnn,1,265,7.230675138533115,0.9826333333333334,2.7647683024406433,0.8679
rnn,1,266,7.656751416623592,0.98055,2.970602173358202,0.8345
rnn,1,267,7.80976290255785,0.9807166666666667,2.328619047999382,0.8658
rnn,1,268,7.227566549554467,0.9815,2.451036725193262,0.8929
rnn,1,269,6.880564643070102,0.9831166666666666,2.963933549821377,0.8736
rnn,1,270,6.990628178231418,0.98235,2.33138170838356,0.9033
rnn,1,271,7.980899395421147,0.9799833333333333,2.3077218793332577,0.9018
rnn,1,272,6.982972085475922,0.9824833333333334,2.361836187541485,0.9101
rnn,1,273,7.490936094895005,0.9812166666666666,2.573163826018572,0.8714
rnn,1,274,6.687348993495107,0.9830833333333333,2.8580789789557457,0.8141
rnn,1,275,6.630315963178873,0.9834166666666667,2.3597837686538696,0.8927
rnn,1,276,6.683319300413132,0.9832666666666666,2.2504729628562927,0.9069
rnn,1,277,7.031082812696695,0.9829,2.231130838394165,0.8979
rnn,1,278,6.539346124976873,0.9837833333333333,2.6968959234654903,0.8597
rnn,1,279,6.377063981257379,0.9841833333333333,2.832470916211605,0.8806
rnn,1,280,7.016575088724494,0.98235,2.4311164245009422,0.8691
rnn,1,281,6.491201634518802,0.9837666666666667,2.4843707773834467,0.889
rnn,1,282,5.927241552621126,0.98525,2.4372403398156166,0.876
rnn,1,283,6.025360927917063,0.9851166666666666,2.3074777387082577,0.8882
rnn,1,284,6.874316658824682,0.9824833333333334,2.452613040804863,0.8418
rnn,1,285,7.929329628124833,0.9804,2.21923173032701,0.8935
rnn,1,286,7.307102518156171,0.9812666666666666,2.4190877936780453,0.8269
rnn,1,287,6.137336775660515,0.984,2.745472500100732,0.8635
rnn,1,288,6.8293830268085,0.9825166666666667,2.4823025725781918,0.8591
rnn,1,289,6.8225680738687515,0.9829333333333333,2.3842285107821226,0.9051
rnn,1,290,6.235507747158408,0.9842,2.4905868247151375,0.8889
rnn,1,291,6.763653423637152,0.9829666666666667,2.5020294412970543,0.8248
rnn,1,292,6.777138477191329,0.9828333333333333,2.7881576027721167,0.884
rnn,1,293,7.807948712259531,0.9802333333333333,2.403367342427373,0.8923
rnn,1,294,5.4158145766705275,0.9862,2.5081093199551105,0.8981
rnn,1,295,6.824429590255022,0.9831333333333333,2.5301265623420477,0.8917
rnn,1,296,6.3710300121456385,0.9836833333333334,2.845266781747341,0.803
rnn,1,297,6.731823483482003,0.9831666666666666,2.8381174467504025,0.8319
rnn,1,298,6.806322885677218,0.98275,2.428104192018509,0.8547
rnn,1,299,6.452511932700872,0.9839,2.513495733961463,0.861
rnn,1,300,6.190254971385002,0.9843666666666666,2.375427719205618,0.8089
rnn,2,1,227.80218935012817,0.3131,29.342836618423462,0.2023
rnn,2,2,151.6759054660797,0.5332833333333333,23.839728236198425,0.2547
rnn,2,3,131.69703942537308,0.58875,21.85505473613739,0.1633
rnn,2,4,119.56003111600876,0.63175,19.19791728258133,0.2201
rnn,2,5,107.84799617528915,0.6726,17.576205551624298,0.2348
rnn,2,6,100.0398377776146,0.6971333333333334,16.650826573371887,0.2728
rnn,2,7,92.55717146396637,0.7235666666666667,16.101403415203094,0.3047
rnn,2,8,86.72676825523376,0.7512833333333333,13.670243740081787,0.3415
rnn,2,9,79.94774580001831,0.7758,12.793312907218933,0.3385
rnn,2,10,76.21128749847412,0.7906166666666666,13.15485593676567,0.3652
rnn,2,11,70.08375069499016,0.8109,11.38987249135971,0.3824
rnn,2,12,66.1267901957035,0.8244,10.721119672060013,0.4385
rnn,2,13,63.09683910012245,0.8313666666666667,10.309878200292587,0.4445
rnn,2,14,59.99486270546913,0.8406833333333333,10.19314631819725,0.436
rnn,2,15,57.04552519321442,0.8496166666666667,9.145469754934311,0.4745
rnn,2,16,55.3720323741436,0.8518,8.794441640377045,0.4291
rnn,2,17,52.69871014356613,0.8611,8.933578580617905,0.4579
rnn,2,18,50.77999633550644,0.8655333333333334,8.182538732886314,0.4665
rnn,2,19,48.52367842197418,0.8714666666666666,7.968313962221146,0.4638
rnn,2,20,47.8443717956543,0.8732166666666666,7.772639840841293,0.4938
rnn,2,21,45.454636454582214,0.8804166666666666,8.602288335561752,0.5509
rnn,2,22,43.83107444643974,0.8851,7.266748860478401,0.4091
rnn,2,23,43.563306629657745,0.8875833333333333,7.4036857187747955,0.4874
rnn,2,24,41.863404750823975,0.8921666666666667,7.4985020607709885,0.3978
rnn,2,25,39.58553820848465,0.9006166666666666,6.861704707145691,0.4309
rnn,2,26,37.84444934129715,0.9067833333333334,6.9984055906534195,0.4169
rnn,2,27,36.18087229132652,0.9116333333333333,5.594280928373337,0.4624
rnn,2,28,34.29832395911217,0.9152166666666667,5.849377691745758,0.517
rnn,2,29,33.21111810207367,0.9182666666666667,6.236051842570305,0.4364
rnn,2,30,32.950763151049614,0.9186166666666666,5.385377377271652,0.4831
rnn,2,31,31.58232305943966,0.9229,5.433953657746315,0.5041
rnn,2,32,30.237899988889694,0.9259166666666667,5.124507538974285,0.5557
rnn,2,33,29.6967084556818,0.92755,4.882079944014549,0.5494
rnn,2,34,29.186976686120033,0.9287833333333333,4.738634005188942,0.4954
rnn,2,35,28.893939033150673,0.9286666666666666,4.512488581240177,0.5181
rnn,2,36,27.299135640263557,0.9336666666666666,4.686438411474228,0.5964
rnn,2,37,26.601210847496986,0.93455,5.139455810189247,0.49
rnn,2,38,28.484156981110573,0.9292,4.85670705139637,0.559
rnn,2,39,27.057470373809338,0.9332,4.720712319016457,0.5001
rnn,2,40,25.794470191001892,0.9367333333333333,4.330812320113182,0.599
rnn,2,41,25.04396902024746,0.9375166666666667,4.704596072435379,0.5765
rnn,2,42,25.011570751667023,0.9376,4.070936121046543,0.6144
rnn,2,43,24.356107100844383,0.9400666666666667,4.026502192020416,0.6002
rnn,2,44,23.562076300382614,0.9425666666666667,4.137407287955284,0.5174
rnn,2,45,24.05728329718113,0.94155,4.516983091831207,0.6364
rnn,2,46,22.754203766584396,0.9438666666666666,4.22286943346262,0.5054
rnn,2,47,23.09433688223362,0.9446166666666667,4.352085277438164,0.5695
rnn,2,48,23.133032634854317,0.9430166666666666,4.289448976516724,0.5135
rnn,2,49,22.888015016913414,0.9437666666666666,4.07601135969162,0.6789
rnn,2,50,22.934372290968895,0.94395,4.160060815513134,0.5732
rnn,2,51,21.974219895899296,0.94585,4.654874175786972,0.4805
rnn,2,52,21.97107020765543,0.9466,3.8457937091588974,0.5451
rnn,2,53,21.2667695581913,0.9471666666666667,3.820229932665825,0.5372
rnn,2,54,21.682064071297646,0.9463666666666667,4.267000570893288,0.6571
rnn,2,55,21.21375946700573,0.9489666666666666,3.936681143939495,0.577
rnn,2,56,20.813976518809795,0.9489333333333333,3.916047528386116,0.6185
rnn,2,57,20.37453555315733,0.9499,3.687585648149252,0.6257
rnn,2,58,19.827837072312832,0.95205,3.5993363186717033,0.6075
rnn,2,59,20.435240671038628,0.95,3.319436140358448,0.6196
rnn,2,60,19.347232349216938,0.9518666666666666,3.3602220192551613,0.5647
rnn,2,61,19.972737655043602,0.95095,3.544676885008812,0.5866
rnn,2,62,19.492247000336647,0.95265,4.163231827318668,0.5141
rnn,2,63,19.912537172436714,0.9491666666666667,3.784392334520817,0.6408
rnn,2,64,18.875277034938335,0.9528666666666666,3.9484258368611336,0.6223
rnn,2,65,18.775109075009823,0.9534666666666667,3.766487777233124,0.5794
rnn,2,66,18.93247988820076,0.95315,3.6055558174848557,0.569
rnn,2,67,18.319042056798935,0.9539833333333333,3.2574474811553955,0.5889
rnn,2,68,18.924857549369335,0.9530166666666666,3.2548867240548134,0.5772
rnn,2,69,18.38877558708191,0.95375,3.368221253156662,0.6152
rnn,2,70,18.124334767460823,0.9549166666666666,3.2150911912322044,0.6114
rnn,2,71,18.367820978164673,0.95365,4.119014143943787,0.6113
rnn,2,72,18.498645663261414,0.9543333333333334,3.5110351853072643,0.5818
rnn,2,73,17.70370254665613,0.9558833333333333,3.002800118178129,0.6047
rnn,2,74,17.72204416245222,0.9558166666666666,3.3106750957667828,0.6574
rnn,2,75,17.032453931868076,0.9580333333333333,3.534944921731949,0.5738
rnn,2,76,16.85727247595787,0.9579,5.422639802098274,0.5364
rnn,2,77,17.904958426952362,0.95515,3.3529351986944675,0.6232
rnn,2,78,17.394674234092236,0.9570666666666666,3.272980198264122,0.7017
rnn,2,79,17.77023971825838,0.9557333333333333,3.5917834639549255,0.674
rnn,2,80,16.90272592380643,0.9572,3.1393218599259853,0.5869
rnn,2,81,16.40739681571722,0.9587666666666667,3.558039616793394,0.5656
rnn,2,82,16.900603212416172,0.9578333333333333,3.0051844231784344,0.644
rnn,2,83,15.45444417744875,0.9614,3.036890059709549,0.6457
rnn,2,84,16.171840831637383,0.9598666666666666,2.956296104937792,0.6344
rnn,2,85,16.421535097062588,0.9587166666666667,3.913764499127865,0.6102
rnn,2,86,16.640608325600624,0.9580666666666666,3.302152141928673,0.6549
rnn,2,87,16.495391838252544,0.9586333333333333,3.936548590660095,0.5537
rnn,2,88,16.28947988897562,0.9589666666666666,2.9422255344688892,0.5966
rnn,2,89,16.51154026389122,0.9584666666666667,3.318407282233238,0.6707
rnn,2,90,15.37583413720131,0.9619,3.5515637919306755,0.5791
rnn,2,91,15.049756586551666,0.9619166666666666,3.0390110313892365,0.629
rnn,2,92,15.654354192316532,0.9607166666666667,3.2819444462656975,0.6046
rnn,2,93,15.200155466794968,0.96115,3.3407942317426205,0.6947
rnn,2,94,15.3662553653121,0.9614666666666667,2.861358966678381,0.6052
rnn,2,95,15.74426518380642,0.9603666666666667,3.6415595784783363,0.6287
rnn,2,96,15.100012011826038,0.9619,3.003248628228903,0.6913
rnn,2,97,14.974225021898746,0.9618833333333333,3.047385212033987,0.6334
rnn,2,98,14.78861989825964,0.963,4.003652475774288,0.6324
rnn,2,99,14.421668149530888,0.96405,3.0161558724939823,0.6245
rnn,2,100,15.158882938325405,0.96175,3.0927686616778374,0.6122
rnn,2,101,14.369923658668995,0.9644333333333334,2.9654577299952507,0.6116
rnn,2,102,14.467317782342434,0.964,2.9969453997910023,0.6289
rnn,2,103,13.847378343343735,0.96545,2.75081954151392,0.6371
rnn,2,104,14.805192526429892,0.96295,3.832995928823948,0.6612
rnn,2,105,14.64271466806531,0.9635333333333334,2.7842864245176315,0.6053
rnn,2,106,14.208123445510864,0.9644,2.9878316074609756,0.6591
rnn,2,107,13.769805133342743,0.9651833333333333,2.747262626886368,0.6535
rnn,2,108,14.710823439061642,0.9627666666666667,3.0111840926110744,0.6376
rnn,2,109,14.163315005600452,0.9643666666666667,2.9754360243678093,0.6399
rnn,2,110,14.280194617807865,0.96385,2.7599884755909443,0.6648
rnn,2,111,13.300735678523779,0.9670333333333333,2.7066643089056015,0.6523
rnn,2,112,14.175033684819937,0.9637833333333333,2.898500144481659,0.634
rnn,2,113,13.656267184764147,0.9657166666666667,3.100807838141918,0.6574
rnn,2,114,13.323450900614262,0.9656666666666667,3.14134144410491,0.6111
rnn,2,115,13.782417125999928,0.9650833333333333,2.708506230264902,0.6511
rnn,2,116,13.178801394999027,0.9668333333333333,2.845223408192396,0.6399
rnn,2,117,13.092119347304106,0.9664666666666667,2.7436431907117367,0.6556
rnn,2,118,12.839424058794975,0.9676,2.653405763208866,0.6457
rnn,2,119,12.947982836514711,0.9678,2.8830622397363186,0.6862
rnn,2,120,12.850596375763416,0.9676333333333333,3.106990806758404,0.6824
rnn,2,121,13.579634722322226,0.9658833333333333,2.8418236635625362,0.6908
rnn,2,122,12.880224548280239,0.9674666666666667,3.0278155021369457,0.6519
rnn,2,123,13.156006716191769,0.9664166666666667,3.3555605821311474,0.6532
rnn,2,124,13.268161751329899,0.9667,3.106507670134306,0.6575
rnn,2,125,12.486072089523077,0.9688333333333333,2.64179003238678,0.643
rnn,2,126,12.733880832791328,0.9679,2.9914248548448086,0.5849
rnn,2,127,13.012056022882462,0.9673833333333334,2.9090948067605495,0.6247
rnn,2,128,12.301851324737072,0.96875,3.516778774559498,0.5726
rnn,2,129,12.389906831085682,0.9688666666666667,2.609554037451744,0.6511
rnn,2,130,11.958532497286797,0.97035,2.6309022456407547,0.6527
rnn,2,131,13.173147767782211,0.9665,2.602605313062668,0.6606
rnn,2,132,11.793703923001885,0.9700666666666666,2.9001954086124897,0.6145
rnn,2,133,12.47270579263568,0.96795,2.6898247599601746,0.6681
rnn,2,134,12.56980999186635,0.9684166666666667,2.7152253426611423,0.6531
rnn,2,135,12.81103578582406,0.9672666666666667,2.7093830201774836,0.6404
rnn,2,136,12.32124812155962,0.9684,3.033598992973566,0.6339
rnn,2,137,12.558449611067772,0.9683666666666667,2.549138994887471,0.652
rnn,2,138,11.750881142914295,0.9704666666666667,2.9292171262204647,0.6088
rnn,2,139,13.054634589701891,0.9665666666666667,2.7554546892642975,0.6985
rnn,2,140,11.6841491907835,0.97075,2.488002959638834,0.674
rnn,2,141,11.327987544238567,0.9714166666666667,2.8259809724986553,0.6201
rnn,2,142,12.149671040475368,0.9693,2.7878999933600426,0.6853
rnn,2,143,12.323551181703806,0.9683,2.6944367066025734,0.6537
rnn,2,144,12.544520191848278,0.9681666666666666,2.888091716915369,0.6701
rnn,2,145,11.060451928526163,0.9720666666666666,2.6886493489146233,0.6329
rnn,2,146,11.853317152708769,0.9691833333333333,2.592749474570155,0.6588
rnn,2,147,11.001891952008009,0.9721833333333333,2.7491137385368347,0.6473
rnn,2,148,11.557319533079863,0.97035,3.0859780572354794,0.5627
rnn,2,149,11.420924946665764,0.9708666666666667,2.6348518431186676,0.6367
rnn,2,150,10.971676647663116,0.9719833333333333,3.1060802452266216,0.7198
rnn,2,151,11.571220062673092,0.9706833333333333,2.456662466749549,0.7079
rnn,2,152,11.680973505601287,0.9699666666666666,2.664716862142086,0.6672
rnn,2,153,10.918207429349422,0.9722166666666666,2.699139293283224,0.7277
rnn,2,154,11.322299636900425,0.97095,2.4776446111500263,0.6628
rnn,2,155,10.723465953022242,0.9731833333333333,2.492860710248351,0.6851
rnn,2,156,10.827056914567947,0.9723166666666667,2.534501686692238,0.6827
rnn,2,157,10.938296802341938,0.97165,2.6603414732962847,0.6177
rnn,2,158,10.866710424423218,0.9724833333333334,2.53694979660213,0.6714
rnn,2,159,10.456236317753792,0.9735833333333334,2.3429483752697706,0.6672
rnn,2,160,11.152973238378763,0.9719,3.143171340227127,0.6031
rnn,2,161,10.66785528883338,0.9728166666666667,2.413086947053671,0.6515
rnn,2,162,10.57486042380333,0.9731,2.4325627870857716,0.6324
rnn,2,163,10.18648299202323,0.9744,2.7891169041395187,0.6117
rnn,2,164,10.762938477098942,0.9728,2.430284133180976,0.6312
rnn,2,165,11.317859660834074,0.97125,2.771956592798233,0.7316
rnn,2,166,11.632392041385174,0.9704333333333334,3.313251417130232,0.7016
rnn,2,167,10.749035831540823,0.9724333333333334,2.308427019044757,0.6731
rnn,2,168,10.45883408561349,0.9729,2.5805337093770504,0.6753
rnn,2,169,10.496875062584877,0.9731,2.4684923868626356,0.702
rnn,2,170,10.983384922146797,0.9718833333333333,2.3972035218030214,0.637
rnn,2,171,10.001594603061676,0.9740833333333333,2.6449678987264633,0.6222
rnn,2,172,10.605546720325947,0.9731166666666666,2.996045218780637,0.6238
rnn,2,173,10.196083024144173,0.9736833333333333,2.494878478348255,0.6524
rnn,2,174,10.345437824726105,0.9735833333333334,2.686189815402031,0.6552
rnn,2,175,10.797204941511154,0.9716833333333333,2.5090487878769636,0.6782
rnn,2,176,9.94902478158474,0.9744833333333334,2.422003772109747,0.6729
rnn,2,177,10.434913843870163,0.97355,2.6268445178866386,0.7156
rnn,2,178,9.966825436800718,0.9750166666666666,2.2888466119766235,0.6827
rnn,2,179,9.765140950679779,0.9755166666666667,2.6313174180686474,0.6261
rnn,2,180,9.711816877126694,0.9748666666666667,2.8277579192072153,0.6993
rnn,2,181,10.223628673702478,0.9736333333333334,2.696749445050955,0.624
rnn,2,182,9.95275642350316,0.9747166666666667,2.8318360410630703,0.748
rnn,2,183,9.548926301300526,0.9753,2.3286564983427525,0.6536
rnn,2,184,9.631793070584536,0.9754166666666667,2.3063906729221344,0.6675
rnn,2,185,9.414940692484379,0.97575,2.5932272374629974,0.6694
rnn,2,186,9.806759618222713,0.9747166666666667,2.4423907957971096,0.6894
rnn,2,187,9.135414935648441,0.9765333333333334,2.407664567232132,0.6781
rnn,2,188,9.811802089214325,0.9750833333333333,2.350894082337618,0.6973
rnn,2,189,10.213840380311012,0.9731833333333333,2.486856749281287,0.6642
rnn,2,190,9.404904587194324,0.9759333333333333,3.6905877888202667,0.6946
rnn,2,191,9.577156595885754,0.9753666666666667,2.5847039967775345,0.6311
rnn,2,192,9.29212841950357,0.9760166666666666,2.8540887013077736,0.6341
rnn,2,193,9.57383836619556,0.97515,2.4824624117463827,0.6849
rnn,2,194,9.394514359533787,0.97585,2.802332032471895,0.6144
rnn,2,195,9.27371983975172,0.9764333333333334,2.3198526054620743,0.6525
rnn,2,196,9.18349372036755,0.9764833333333334,2.4488107468932867,0.6518
rnn,2,197,9.498708298429847,0.9753333333333334,2.273162167519331,0.7101
rnn,2,198,9.611913654953241,0.9752333333333333,2.198018804192543,0.697
rnn,2,199,8.93415081128478,0.9772833333333333,2.772557906806469,0.6236
rnn,2,200,9.901595901697874,0.97485,2.310631660744548,0.6993
rnn,2,201,8.932327710092068,0.9767166666666667,2.3232004269957542,0.6533
rnn,2,202,8.985047360882163,0.9760833333333333,2.53114297054708,0.6483
rnn,2,203,9.464479982852936,0.97535,2.33204585313797,0.6867
rnn,2,204,9.008461952209473,0.97665,2.6503356341272593,0.6611
rnn,2,205,9.107736840844154,0.9765833333333334,2.6709036100655794,0.7025
rnn,2,206,9.079057209193707,0.9776,2.7205664608627558,0.7224
rnn,2,207,9.027086462825537,0.9767666666666667,2.5964580234140158,0.663
rnn,2,208,9.130761064589024,0.9765833333333334,2.345388114452362,0.6559
rnn,2,209,8.57297051511705,0.9779,2.3073206711560488,0.7178
rnn,2,210,8.618755580857396,0.9778833333333333,2.4091442674398422,0.7403
rnn,2,211,9.119880517944694,0.9761333333333333,2.2775039579719305,0.7027
rnn,2,212,8.481709256768227,0.97855,2.71688250079751,0.7171
rnn,2,213,8.810563506558537,0.9770666666666666,2.572619980201125,0.6822
rnn,2,214,8.985217597335577,0.9770333333333333,2.7321576569229364,0.7479
rnn,2,215,8.951823100447655,0.9766333333333334,2.6008630730211735,0.6881
rnn,2,216,8.674695782363415,0.9776,2.2657472528517246,0.6806
rnn,2,217,8.919816065579653,0.9764833333333334,2.9235794208943844,0.6893
rnn,2,218,9.051551960408688,0.9770166666666666,2.262859981507063,0.7001
rnn,2,219,8.3948345631361,0.9781166666666666,2.4930184464901686,0.6911
rnn,2,220,8.69566685333848,0.97785,2.6396789960563183,0.7067
rnn,2,221,9.415842292830348,0.9753,2.605673063546419,0.6906
rnn,2,222,8.885188922286034,0.9769666666666666,2.954512445256114,0.7606
rnn,2,223,7.808502048254013,0.9797333333333333,2.4917812943458557,0.6776
rnn,2,224,8.882054639980197,0.9772,2.645504893735051,0.7143
rnn,2,225,8.969385512173176,0.9771666666666666,2.36065835878253,0.662
rnn,2,226,9.198272800073028,0.9760333333333333,2.3108808547258377,0.6831
rnn,2,227,8.761710437014699,0.977,2.722306501120329,0.648
rnn,2,228,8.640447007492185,0.9776333333333334,2.2951285261660814,0.6657
rnn,2,229,8.314840283244848,0.97865,2.7652461137622595,0.7196
rnn,2,230,8.301993358880281,0.9789,3.069245718419552,0.6921
rnn,2,231,8.456707982346416,0.9782166666666666,2.706783102825284,0.7175
rnn,2,232,8.46180154569447,0.9779833333333333,2.32040243037045,0.6828
rnn,2,233,8.650267343968153,0.9778833333333333,2.619080469943583,0.7043
rnn,2,234,8.63071932271123,0.9778833333333333,2.363070324063301,0.7093
rnn,2,235,8.013940330594778,0.9795,2.294580841436982,0.7088
rnn,2,236,8.700425878167152,0.9769666666666666,3.0256382524967194,0.6675
rnn,2,237,8.300099113956094,0.9790333333333333,2.6266765017062426,0.7214
rnn,2,238,8.356087941676378,0.9785,3.054481767117977,0.7202
rnn,2,239,8.259068734943867,0.9786166666666667,2.3302128724753857,0.6976
rnn,2,240,8.353969406336546,0.9788,2.232410417869687,0.7223
rnn,2,241,8.15303248167038,0.9786166666666667,2.4538406170904636,0.6689
rnn,2,242,8.239376267418265,0.9781,2.6265089958906174,0.6719
rnn,2,243,8.267612010240555,0.97845,2.268260158598423,0.6747
rnn,2,244,7.833309596404433,0.9799666666666667,2.6759099140763283,0.7017
rnn,2,245,8.25358964316547,0.9793166666666666,2.535299312323332,0.6884
rnn,2,246,8.139007536694407,0.9794,2.508199082687497,0.7192
rnn,2,247,8.404389403760433,0.9781833333333333,2.4503714740276337,0.6915
rnn,2,248,7.748455502092838,0.9799,2.1720677819103003,0.717
rnn,2,249,7.733574124053121,0.9801833333333333,2.4376948364079,0.758
rnn,2,250,8.107619201764464,0.9789333333333333,2.968373667448759,0.7745
rnn,2,251,8.372404035180807,0.9785,2.7657574340701103,0.6562
rnn,2,252,7.742340765893459,0.9802666666666666,2.819426853209734,0.7195
rnn,2,253,7.679025741294026,0.9800833333333333,2.84185042232275,0.7082
rnn,2,254,8.313557848334312,0.9779666666666667,2.208828730508685,0.7036
rnn,2,255,8.358268864452839,0.97825,2.745262833312154,0.7386
rnn,2,256,8.014717625454068,0.9789833333333333,2.3774669524282217,0.7242
rnn,2,257,7.286981463432312,0.9810833333333333,2.622625570744276,0.6537
rnn,2,258,7.505705639719963,0.9805666666666667,2.2975085359066725,0.6624
rnn,2,259,7.151682453230023,0.9817333333333333,2.3704792829230428,0.7068
rnn,2,260,8.501423783134669,0.9776333333333334,2.492338355630636,0.6941
rnn,2,261,7.645074129104614,0.9805,2.3604923989623785,0.7026
rnn,2,262,7.928837716579437,0.9792,2.4335998594760895,0.6969
rnn,2,263,7.804810116067529,0.9803666666666667,2.6669909693300724,0.6721
rnn,2,264,7.8762842658907175,0.97955,2.523217448964715,0.7186
rnn,2,265,7.712187059223652,0.9798166666666667,2.335848217830062,0.6949
rnn,2,266,7.4794119913131,0.9802833333333333,2.3199137579649687,0.7327
rnn,2,267,7.401011368259788,0.98125,2.177624356932938,0.7145
rnn,2,268,7.9543100986629725,0.9790333333333333,2.5884234122931957,0.6943
rnn,2,269,6.954290015622973,0.98195,3.0242035277187824,0.6885
rnn,2,270,8.358269097283483,0.979,2.6370119024068117,0.8009
rnn,2,271,7.105044363066554,0.9814333333333334,2.2196744848042727,0.7323
rnn,2,272,7.29415200278163,0.9809666666666667,3.697599194943905,0.6968
rnn,2,273,7.972020348533988,0.9796166666666667,2.2504448294639587,0.6924
rnn,2,274,7.783137701451778,0.9802166666666666,2.8493337519466877,0.7673
rnn,2,275,7.682436579838395,0.9800666666666666,2.2043515164405107,0.7029
rnn,2,276,7.154286704957485,0.9813166666666666,3.446235451847315,0.6665
rnn,2,277,7.484139433130622,0.9806833333333334,3.243594102561474,0.6478
rnn,2,278,8.068621426820755,0.9785,2.607441235333681,0.7257
rnn,2,279,7.758471570909023,0.9797166666666667,2.5197161212563515,0.6764
rnn,2,280,7.154358830302954,0.98105,2.230088459327817,0.7319
rnn,2,281,7.2509277649223804,0.9809,2.34087697789073,0.7227
rnn,2,282,7.527603220194578,0.9804833333333334,2.307280447334051,0.6811
rnn,2,283,6.890678074210882,0.9819666666666667,2.123057186603546,0.7011
rnn,2,284,6.871014637872577,0.9824833333333334,2.45233959145844,0.7667
rnn,2,285,7.502745835110545,0.9811666666666666,2.2590166442096233,0.6956
rnn,2,286,6.713648945093155,0.9825833333333334,2.1482775509357452,0.717
rnn,2,287,7.103799195960164,0.9816,2.463622839190066,0.7402
rnn,2,288,7.570031890645623,0.9799833333333333,2.530002661049366,0.6576
rnn,2,289,7.177541356533766,0.9813166666666666,2.373118033632636,0.7569
rnn,2,290,7.3122578877955675,0.9807333333333333,3.107173804193735,0.6528
rnn,2,291,7.24595302157104,0.9811833333333333,2.19394476339221,0.7391
rnn,2,292,6.971846047788858,0.9816166666666667,2.395352814346552,0.7345
rnn,2,293,7.5681916093453765,0.9804666666666667,3.3167383521795273,0.7162
rnn,2,294,7.381812321022153,0.9809,2.5341284200549126,0.6296
rnn,2,295,7.59815539419651,0.9800833333333333,2.6200711764395237,0.6831
rnn,2,296,6.623581983149052,0.9826333333333334,2.511694675311446,0.6758
rnn,2,297,7.066369891166687,0.9814333333333334,2.6157390251755714,0.6474
rnn,2,298,7.302114533260465,0.98095,2.492303652688861,0.7103
rnn,2,299,7.049542095512152,0.9817333333333333,2.742601916193962,0.6928
rnn,2,300,6.588534144684672,0.98285,2.5438445899635553,0.6736
rnn,3,1,232.19987213611603,0.28595,32.765132546424866,0.1696
rnn,3,2,158.790873169899,0.5335333333333333,22.511530876159668,0.2767
rnn,3,3,119.05203014612198,0.6609666666666667,18.41319727897644,0.2921
rnn,3,4,99.87463212013245,0.7082333333333334,17.0518661737442,0.3895
rnn,3,5,86.79436349868774,0.74685,14.644138216972351,0.3539
rnn,3,6,76.55449873209,0.7754166666666666,12.266347914934158,0.3966
rnn,3,7,68.87400084733963,0.7965333333333333,11.581880539655685,0.4203
rnn,3,8,63.63550281524658,0.81315,10.64594492316246,0.4404
rnn,3,9,58.88015499711037,0.8271666666666667,9.747257113456726,0.5093
rnn,3,10,56.027540534734726,0.8378833333333333,9.7248794734478,0.4993
rnn,3,11,52.04656112194061,0.8512833333333333,9.674888879060745,0.6447
rnn,3,12,49.5435394346714,0.86635,9.064763262867928,0.518
rnn,3,13,45.07715404033661,0.8844,8.087319254875183,0.6852
rnn,3,14,42.02718588709831,0.8968166666666667,6.881880134344101,0.7165
rnn,3,15,39.64949929714203,0.9051333333333333,7.335857450962067,0.5835
rnn,3,16,38.386588498950005,0.9083833333333333,6.322803303599358,0.709
rnn,3,17,35.03904367983341,0.9160833333333334,6.416933283209801,0.708
rnn,3,18,34.141700103878975,0.9174,5.822027504444122,0.6442
rnn,3,19,32.24501045048237,0.9237166666666666,6.420009657740593,0.7304
rnn,3,20,31.95499388873577,0.9238666666666666,5.598236069083214,0.6577
rnn,3,21,31.263951137661934,0.9254666666666667,5.221168398857117,0.6544
rnn,3,22,29.774082213640213,0.9297833333333333,5.735012345016003,0.6605
rnn,3,23,29.171143233776093,0.9305666666666667,5.493734024465084,0.6665
rnn,3,24,27.967290997505188,0.9329166666666666,5.030888713896275,0.6348
rnn,3,25,27.258469343185425,0.9350666666666667,5.177033975720406,0.6472
rnn,3,26,26.772485367953777,0.9364,4.764657482504845,0.6848
rnn,3,27,26.604657143354416,0.937,5.470478877425194,0.6905
rnn,3,28,26.809754863381386,0.9366166666666667,4.560643248260021,0.6671
rnn,3,29,26.22586028277874,0.9375166666666667,5.01505696028471,0.7187
rnn,3,30,25.955711007118225,0.93915,4.2071658074855804,0.6921
rnn,3,31,25.284767404198647,0.94005,4.089951857924461,0.747
rnn,3,32,24.359152629971504,0.9429,4.159814924001694,0.7418
rnn,3,33,23.569136664271355,0.9441666666666667,4.0383662432432175,0.7482
rnn,3,34,24.01618357002735,0.9433666666666667,4.161320336163044,0.7801
rnn,3,35,24.415381774306297,0.9426666666666667,4.399279199540615,0.6981
rnn,3,36,23.33778714388609,0.9441833333333334,4.279783301055431,0.7494
rnn,3,37,22.821046605706215,0.9455666666666667,4.124671101570129,0.6971
rnn,3,38,22.442630290985107,0.9466833333333333,4.012158535420895,0.7527
rnn,3,39,22.329778589308262,0.9472,3.8842921406030655,0.7661
rnn,3,40,21.706968441605568,0.9484,3.7780142724514008,0.7894
rnn,3,41,21.94793538749218,0.9479166666666666,4.0496454909443855,0.7572
rnn,3,42,21.091525115072727,0.9503666666666667,4.341144762933254,0.8241
rnn,3,43,21.04748483747244,0.9502666666666667,3.943691037595272,0.7735
rnn,3,44,21.804506219923496,0.9481166666666667,3.973022475838661,0.7975
rnn,3,45,20.470839373767376,0.9518,3.8921173810958862,0.8369
rnn,3,46,20.439581632614136,0.9517,3.6812956407666206,0.8059
rnn,3,47,20.900966838002205,0.9506833333333333,3.7901243194937706,0.8435
rnn,3,48,20.524395436048508,0.9518666666666666,3.833372935652733,0.7864
rnn,3,49,19.649929724633694,0.9532,3.5489086285233498,0.7712
rnn,3,50,19.520626194775105,0.9536,3.5315266475081444,0.8288
rnn,3,51,19.411445386707783,0.9541833333333334,3.5393123365938663,0.8387
rnn,3,52,19.262435033917427,0.9541,3.8838195726275444,0.8693
rnn,3,53,18.33880341798067,0.9560333333333333,4.0245829075574875,0.7882
rnn,3,54,19.377564281225204,0.9536333333333333,3.737374998629093,0.8145
rnn,3,55,18.963706344366074,0.9550666666666666,3.6075060069561005,0.7872
rnn,3,56,18.30781201273203,0.9563666666666667,3.391922790557146,0.8269
rnn,3,57,18.488559000194073,0.95625,4.5515178963541985,0.8478
rnn,3,58,18.689862713217735,0.9557,3.3730225041508675,0.8511
rnn,3,59,18.031596943736076,0.95695,3.407492235302925,0.7949
rnn,3,60,17.769432682543993,0.9574,3.961956486105919,0.8171
rnn,3,61,18.052804086357355,0.9567,3.1719932220876217,0.8422
rnn,3,62,17.17611487209797,0.9590333333333333,4.327252179384232,0.7848
rnn,3,63,18.73049484193325,0.9552833333333334,3.657938316464424,0.7948
rnn,3,64,17.70634127408266,0.95835,3.4130177423357964,0.8618
rnn,3,65,16.859497912228107,0.96025,3.1333460584282875,0.8409
rnn,3,66,16.971826151013374,0.95945,3.311171233654022,0.8565
rnn,3,67,16.109433062374592,0.9613333333333334,3.270334977656603,0.7985
rnn,3,68,16.88904259353876,0.96015,3.4909124448895454,0.771
rnn,3,69,16.86632926762104,0.9602166666666667,3.0823790207505226,0.7951
rnn,3,70,16.58199781924486,0.9604333333333334,3.154168389737606,0.8564
rnn,3,71,16.28592936694622,0.9616666666666667,3.073203831911087,0.8568
rnn,3,72,15.814991161227226,0.9625333333333334,2.8669673167169094,0.8651
rnn,3,73,15.304849445819855,0.9633833333333334,3.1253285631537437,0.859
rnn,3,74,15.4349919334054,0.9627666666666667,2.879884820431471,0.8309
rnn,3,75,15.635319381952286,0.96275,3.523599084466696,0.8961
rnn,3,76,16.99591863155365,0.9599333333333333,3.3433494716882706,0.8389
rnn,3,77,16.132554426789284,0.9609,3.240838848054409,0.7707
rnn,3,78,15.909376200288534,0.96185,2.79913392290473,0.8342
rnn,3,79,15.459699057042599,0.9635166666666667,3.2143776789307594,0.8428
rnn,3,80,15.191294722259045,0.9640833333333333,3.141524601727724,0.8904
rnn,3,81,15.524240896105766,0.9629833333333333,2.794614717364311,0.8621
rnn,3,82,15.231530837714672,0.9639333333333333,3.111387923359871,0.843
rnn,3,83,15.075323835015297,0.9638666666666666,3.8441735357046127,0.7643
rnn,3,84,14.265895463526249,0.966,2.8083394169807434,0.8728
rnn,3,85,14.726951457560062,0.96505,2.9280663058161736,0.8316
rnn,3,86,14.587990410625935,0.9657,3.037473324686289,0.8912
rnn,3,87,14.497432712465525,0.9650166666666666,2.8045708313584328,0.8533
rnn,3,88,13.740237288177013,0.9676166666666667,3.448109421879053,0.8766
rnn,3,89,14.818685974925756,0.9645166666666667,2.625998005270958,0.8459
rnn,3,90,14.082760643213987,0.9666833333333333,2.8923425637185574,0.8411
rnn,3,91,13.894148606806993,0.96725,2.8326019532978535,0.8597
rnn,3,92,14.287553079426289,0.96595,2.9018705524504185,0.876
rnn,3,93,13.41405737400055,0.9669166666666666,3.38062734156847,0.7831
rnn,3,94,13.938627932220697,0.9669833333333333,3.2878241278231144,0.8029
rnn,3,95,14.127364195883274,0.9664833333333334,2.7476840540766716,0.8745
rnn,3,96,13.322043869644403,0.9677333333333333,2.88266234472394,0.8185
rnn,3,97,14.439636699855328,0.9658833333333333,2.9666600190103054,0.8521
rnn,3,98,13.702368810772896,0.9681333333333333,2.6526453532278538,0.8577
rnn,3,99,13.141022928059101,0.9686666666666667,2.998662758618593,0.8088
rnn,3,100,13.502141073346138,0.9681833333333333,2.7203373350203037,0.8657
rnn,3,101,13.160791855305433,0.9686333333333333,3.1010238379240036,0.8093
rnn,3,102,12.86347796022892,0.9692,2.7767060436308384,0.8978
rnn,3,103,13.447047878056765,0.968,3.5168366730213165,0.9198
rnn,3,104,13.86303335800767,0.9666166666666667,2.7247260473668575,0.8451
rnn,3,105,13.180094290524721,0.9678666666666667,3.1270162537693977,0.8805
rnn,3,106,13.468217018991709,0.9684,2.654101725667715,0.8506
rnn,3,107,13.16773347556591,0.96795,2.897524520754814,0.9019
rnn,3,108,13.16340272501111,0.9686,2.776656184345484,0.8536
rnn,3,109,13.265965104103088,0.9691166666666666,3.2790040895342827,0.8732
rnn,3,110,14.026197250932455,0.9667333333333333,3.0214794501662254,0.8561
rnn,3,111,12.949251219630241,0.9691,2.8922055438160896,0.8286
rnn,3,112,12.188757615163922,0.9707833333333333,2.872542768716812,0.8064
rnn,3,113,13.415919173508883,0.9684666666666667,2.6127172894775867,0.8854
rnn,3,114,12.306174412369728,0.9713333333333334,2.7015691995620728,0.8595
rnn,3,115,12.620292395353317,0.9696666666666667,3.221581108868122,0.8932
rnn,3,116,13.506646901369095,0.9676,2.859746780246496,0.9055
rnn,3,117,12.06822980567813,0.9709666666666666,2.787872552871704,0.8346
rnn,3,118,13.244460865855217,0.9685833333333334,2.989131037145853,0.8281
rnn,3,119,12.135731615126133,0.97175,2.650071281939745,0.8513
rnn,3,120,12.506399620324373,0.9701833333333333,2.810880981385708,0.8559
rnn,3,121,12.159262351691723,0.97085,2.3797761611640453,0.851
rnn,3,122,11.405394487082958,0.9731166666666666,2.6462884955108166,0.8872
rnn,3,123,12.223665963858366,0.9711166666666666,2.661910306662321,0.8187
rnn,3,124,13.171867579221725,0.96815,2.7273786514997482,0.8354
rnn,3,125,11.642028771340847,0.97235,2.6587186567485332,0.8853
rnn,3,126,12.31500830873847,0.9702,2.720448322594166,0.9069
rnn,3,127,11.79602388292551,0.9724833333333334,2.860455948859453,0.8797
rnn,3,128,12.157901231199503,0.9708666666666667,2.519070763140917,0.8823
rnn,3,129,11.956321708858013,0.9714833333333334,2.529672659933567,0.8861
rnn,3,130,11.605589173734188,0.9728166666666667,2.548360325396061,0.8535
rnn,3,131,11.705266334116459,0.9722333333333333,2.827540412545204,0.8328
rnn,3,132,11.742482021450996,0.97185,2.5296942070126534,0.847
rnn,3,133,11.407109010964632,0.9725,2.411340557038784,0.8613
rnn,3,134,11.682323917746544,0.97165,2.53369265422225,0.8611
rnn,3,135,10.844909939914942,0.9739833333333333,2.5694994181394577,0.8303
rnn,3,136,11.429188497364521,0.9726166666666667,2.8176670745015144,0.8895
rnn,3,137,12.00459536910057,0.9714833333333334,2.5478226728737354,0.8732
rnn,3,138,11.398833323270082,0.97255,2.792391736060381,0.8444
rnn,3,139,11.992650240659714,0.9713,3.1112693175673485,0.8716
rnn,3,140,11.04194238781929,0.9737666666666667,2.467933502048254,0.8168
rnn,3,141,10.922233954071999,0.9735833333333334,3.041151113808155,0.7914
rnn,3,142,11.530556876212358,0.9723833333333334,3.3603102192282677,0.9249
rnn,3,143,11.529643129557371,0.97235,2.6194371953606606,0.8966
rnn,3,144,11.16797248646617,0.9735333333333334,3.33172969520092,0.8959
rnn,3,145,11.38744717463851,0.9728833333333333,2.806692097336054,0.8418
rnn,3,146,11.381647951900959,0.9734666666666667,2.414913136512041,0.8901
rnn,3,147,10.331975823268294,0.9755833333333334,3.123942367732525,0.855
rnn,3,148,10.003956004977226,0.9761333333333333,2.6952412985265255,0.8055
rnn,3,149,11.126763358712196,0.9739333333333333,2.9234096482396126,0.8576
rnn,3,150,11.063709422945976,0.9738166666666667,3.3498326130211353,0.883
rnn,3,151,10.607119254767895,0.9743666666666667,2.72381891310215,0.8469
rnn,3,152,10.977078005671501,0.9737666666666667,2.5783247984945774,0.8464
rnn,3,153,11.277579307556152,0.9723333333333334,3.445324908941984,0.9165
rnn,3,154,10.15033445134759,0.9759833333333333,3.186526071280241,0.7909
rnn,3,155,11.52426229417324,0.9721666666666666,3.0094924457371235,0.7627
rnn,3,156,10.829706434160471,0.9742833333333333,2.5379820726811886,0.8854
rnn,3,157,10.590280406177044,0.9749666666666666,2.4292740039527416,0.8972
rnn,3,158,10.033614825457335,0.9760333333333333,2.5013623982667923,0.8799
rnn,3,159,10.28179183229804,0.97525,3.0900074280798435,0.8236
rnn,3,160,10.997297246009111,0.9737166666666667,2.452024197205901,0.8688
rnn,3,161,11.117763999849558,0.9729166666666667,2.721071884036064,0.9162
rnn,3,162,9.676328223198652,0.9775166666666667,2.5295173823833466,0.8716
rnn,3,163,9.812562644481659,0.97685,2.3292925003916025,0.8908
rnn,3,164,10.935477744787931,0.9749,2.6879105642437935,0.879
rnn,3,165,10.238946124911308,0.9754666666666667,2.353811865672469,0.8288
rnn,3,166,10.980659153312445,0.97365,2.525319080799818,0.8849
rnn,3,167,10.359377905726433,0.9752333333333333,2.8893350251019,0.8308
rnn,3,168,10.551785819232464,0.9746333333333334,2.660489298403263,0.825
rnn,3,169,9.715562541037798,0.9764333333333334,2.429171562194824,0.8494
rnn,3,170,10.789890479296446,0.9742333333333333,2.5011206194758415,0.8664
rnn,3,171,10.269362665712833,0.9753833333333334,3.53622505068779,0.7391
rnn,3,172,10.006860055029392,0.9761833333333333,2.4054441452026367,0.8618
rnn,3,173,9.370485845953226,0.9775166666666667,2.744864337146282,0.842
rnn,3,174,10.335381796583533,0.9752333333333333,2.518451564013958,0.8728
rnn,3,175,10.117256011813879,0.9756166666666667,2.409255450591445,0.8192
rnn,3,176,10.089357554912567,0.9761166666666666,2.542059399187565,0.9075
rnn,3,177,10.452863771468401,0.9747833333333333,2.4113892391324043,0.8607
rnn,3,178,9.563688978552818,0.97705,2.9730458930134773,0.8509
rnn,3,179,9.872663881629705,0.9767666666666667,3.147261504083872,0.7931
rnn,3,180,10.244537096470594,0.9749833333333333,2.3866321183741093,0.8623
rnn,3,181,9.887481160461903,0.97605,2.524760063737631,0.8753
rnn,3,182,8.781609695404768,0.9789666666666667,2.5002283975481987,0.8833
rnn,3,183,9.714834526181221,0.9767833333333333,2.498700577765703,0.8959
rnn,3,184,9.774078700691462,0.97595,2.6752899810671806,0.8414
rnn,3,185,9.622546527534723,0.9768,2.462669510394335,0.8963
rnn,3,186,9.92900924384594,0.9756666666666667,2.5436314158141613,0.8355
rnn,3,187,9.394414315000176,0.9772833333333333,2.3804861046373844,0.8365
rnn,3,188,8.731665778905153,0.9791,3.4909485429525375,0.8938
rnn,3,189,10.639160577207804,0.97465,2.553440183401108,0.8427
rnn,3,190,9.542627092450857,0.9773,2.276088174432516,0.8982
rnn,3,191,9.13227828592062,0.97785,2.4086536280810833,0.8979
rnn,3,192,9.185402236878872,0.9777833333333333,2.377341179177165,0.8756
rnn,3,193,8.949853826314211,0.9785,2.3244387321174145,0.8374
rnn,3,194,8.865273151546717,0.9788333333333333,2.634844798594713,0.8772
rnn,3,195,8.460751831531525,0.97945,2.577153403311968,0.8822
rnn,3,196,9.11280725337565,0.9783,2.589887522161007,0.8546
rnn,3,197,9.507078340277076,0.97735,2.4773241952061653,0.8162
rnn,3,198,9.053971335291862,0.9781666666666666,2.8600643016397953,0.7816
rnn,3,199,9.49990240111947,0.9770666666666666,2.6202550269663334,0.8013
rnn,3,200,9.544523227959871,0.9766666666666667,2.4085669331252575,0.8501
rnn,3,201,8.556608062237501,0.979,2.446681644767523,0.8713
rnn,3,202,9.143669191747904,0.9779166666666667,2.6996955201029778,0.7962
rnn,3,203,9.53639106079936,0.9765833333333334,3.0302141718566418,0.7616
rnn,3,204,9.081419046968222,0.9783333333333334,2.803513504564762,0.9199
rnn,3,205,8.415336152538657,0.9794833333333334,3.2099278271198273,0.7821
rnn,3,206,9.089131694287062,0.9778166666666667,2.563909839838743,0.8816
rnn,3,207,9.086067909374833,0.9785833333333334,2.623167756944895,0.8587
rnn,3,208,8.70838625729084,0.9796333333333334,2.5507518760859966,0.8621
rnn,3,209,9.261604193598032,0.9778833333333333,2.259801257401705,0.8585
rnn,3,210,8.600248889997602,0.9792166666666666,2.864161491394043,0.7406
rnn,3,211,9.171601217240095,0.9778833333333333,2.2495210990309715,0.8708
rnn,3,212,9.354494512081146,0.9767333333333333,3.0225475877523422,0.8502
rnn,3,213,9.409096762537956,0.9776666666666667,2.3435974568128586,0.8596
rnn,3,214,8.314330181106925,0.97985,2.5972930043935776,0.8489
rnn,3,215,9.229550633579493,0.9782,3.1945235170423985,0.9207
rnn,3,216,10.163646720349789,0.9755333333333334,2.3182309828698635,0.8312
rnn,3,217,9.294322114437819,0.97835,2.713494747877121,0.7647
rnn,3,218,9.064768172800541,0.9785666666666667,2.680999606847763,0.8177
rnn,3,219,9.201281785964966,0.9779833333333333,2.4020273983478546,0.8461
rnn,3,220,8.776177003979683,0.9787833333333333,2.643077574670315,0.8146
rnn,3,221,9.515007833018899,0.97665,2.891851231455803,0.8763
rnn,3,222,8.545652320608497,0.9786,2.4438901618123055,0.8098
rnn,3,223,8.632626555860043,0.9791,2.4597356785088778,0.8385
rnn,3,224,8.851024810224771,0.9788166666666667,2.5087319165468216,0.8995
rnn,3,225,8.717344872653484,0.9784166666666667,2.5658374093472958,0.8053
rnn,3,226,8.234457852318883,0.9806,2.524348333477974,0.8874
rnn,3,227,8.58406624570489,0.9788833333333333,3.0918293483555317,0.9152
rnn,3,228,8.984399624168873,0.9777,2.428080400452018,0.7907
rnn,3,229,8.74235006980598,0.9786833333333333,3.3714059740304947,0.8014
rnn,3,230,9.920471839606762,0.9756666666666667,2.615888526663184,0.8784
rnn,3,231,8.127456810325384,0.9801833333333333,2.9304230976849794,0.826
rnn,3,232,8.116856511682272,0.9803166666666666,3.158994734287262,0.7555
rnn,3,233,8.336963631212711,0.9794333333333334,2.750143714249134,0.8503
rnn,3,234,8.311871754005551,0.9794666666666667,2.525499166920781,0.8344
rnn,3,235,7.8629101645201445,0.98015,2.654676016420126,0.872
rnn,3,236,7.975755428895354,0.9808666666666667,2.305307850241661,0.8291
rnn,3,237,7.9521483816206455,0.9806666666666667,2.5500098951160908,0.9015
rnn,3,238,7.963685896247625,0.9809333333333333,2.2872987501323223,0.8574
rnn,3,239,8.06610980257392,0.98005,3.2212636061012745,0.8663
rnn,3,240,9.158269107341766,0.97805,2.4761641174554825,0.8114
rnn,3,241,8.68397667631507,0.9791666666666666,2.505924765020609,0.8545
rnn,3,242,8.588328823447227,0.9792166666666666,2.7966061383485794,0.8785
rnn,3,243,7.985441522672772,0.9807,2.2849026173353195,0.8485
rnn,3,244,7.507824396714568,0.9819333333333333,2.485211441293359,0.8399
rnn,3,245,8.125504158437252,0.9806166666666667,2.600778389722109,0.8768
rnn,3,246,8.896445965394378,0.9784166666666667,2.7723633646965027,0.8061
rnn,3,247,8.280942743644118,0.9798,2.3452366460114717,0.8848
rnn,3,248,8.089473195374012,0.9801833333333333,2.789906606078148,0.8732
rnn,3,249,7.94001480191946,0.9808833333333333,2.580878723412752,0.8644
rnn,3,250,7.929960422217846,0.9807333333333333,2.6423578560352325,0.84
rnn,3,251,8.446144489571452,0.97995,2.3812790103256702,0.8803
rnn,3,252,7.37491274997592,0.9820333333333333,2.4117911010980606,0.8297
rnn,3,253,8.487865768373013,0.9793333333333333,2.4680467173457146,0.9077
rnn,3,254,8.169988106936216,0.9806666666666667,2.467197047546506,0.8685
rnn,3,255,7.715497067198157,0.9811666666666666,2.8202556893229485,0.8303
rnn,3,256,7.382191471755505,0.9825666666666667,2.5049112867563963,0.8141
rnn,3,257,7.396397231146693,0.9821833333333333,2.4192001167684793,0.8961
rnn,3,258,7.948543408885598,0.9804166666666667,2.883710853755474,0.8686
rnn,3,259,8.471096688881516,0.9791,2.6748225577175617,0.9034
rnn,3,260,8.477005306631327,0.97985,2.7878015898168087,0.7944
rnn,3,261,7.274902431294322,0.98245,2.5640455391258,0.7876
rnn,3,262,7.690253585577011,0.9813166666666666,2.941433798521757,0.8835
rnn,3,263,8.28189516440034,0.9795,2.5657090544700623,0.8546
rnn,3,264,7.532181253656745,0.98205,2.525975363329053,0.8986
rnn,3,265,7.644942536950111,0.9814833333333334,2.418118914589286,0.8128
rnn,3,266,7.759498042985797,0.98115,2.435721069574356,0.8369
rnn,3,267,8.433724768459797,0.9801,2.2807351276278496,0.8162
rnn,3,268,7.941243939101696,0.98035,2.5475519709289074,0.9117
rnn,3,269,7.624946337193251,0.9812333333333333,2.3837670031934977,0.8795
rnn,3,270,8.02680896408856,0.9808333333333333,2.305316362529993,0.8733
rnn,3,271,8.621324680745602,0.9792833333333333,2.6564248260110617,0.824
rnn,3,272,7.566587306559086,0.9816,2.4726816341280937,0.8329
rnn,3,273,7.820404162630439,0.9812833333333333,2.367906454950571,0.8852
rnn,3,274,7.1032891273498535,0.9827166666666667,2.422515206038952,0.8395
rnn,3,275,8.138621374964714,0.9799,2.2639281414449215,0.8567
rnn,3,276,7.2068812251091,0.9823333333333333,2.430157843977213,0.8654
rnn,3,277,7.93600488640368,0.9807166666666667,2.440818954259157,0.888
rnn,3,278,7.655418796464801,0.98125,2.7792518381029367,0.8285
rnn,3,279,7.89721536077559,0.9807333333333333,2.5293769910931587,0.8269
rnn,3,280,7.951697088778019,0.9806333333333334,2.6566321030259132,0.7491
rnn,3,281,7.226470405235887,0.98295,2.4373642057180405,0.8956
rnn,3,282,7.4149273708462715,0.9823166666666666,2.3783676084131002,0.8881
rnn,3,283,7.289783827960491,0.9827,3.528371572494507,0.8503
rnn,3,284,8.483686776831746,0.97935,2.8415878750383854,0.8354
rnn,3,285,8.107129132375121,0.9798333333333333,2.2111583277583122,0.891
rnn,3,286,6.814168335869908,0.9836833333333334,2.5426072366535664,0.8659
rnn,3,287,7.588975241407752,0.9817166666666667,2.6371372640132904,0.7969
rnn,3,288,7.343851597979665,0.9826166666666667,2.485852614045143,0.7944
rnn,3,289,7.386122053489089,0.9818166666666667,2.465158712118864,0.8807
rnn,3,290,8.047515770420432,0.9810333333333333,2.823583822697401,0.7882
rnn,3,291,7.215272007510066,0.9821666666666666,3.270351491868496,0.7059
rnn,3,292,6.673289895057678,0.9838666666666667,2.24395115301013,0.8542
rnn,3,293,7.737666010856628,0.9810166666666666,2.5874011889100075,0.844
rnn,3,294,7.9669942036271095,0.9808333333333333,2.6667957082390785,0.8388
rnn,3,295,8.148858025670052,0.9801833333333333,2.9044125974178314,0.8762
rnn,3,296,7.582110702991486,0.98155,3.0049255713820457,0.73
rnn,3,297,7.470151379704475,0.9820833333333333,2.6718598902225494,0.8917
rnn,3,298,7.311152538284659,0.9825833333333334,2.33828769531101,0.8038
rnn,3,299,6.755098616704345,0.9833166666666666,2.835255991667509,0.8326
rnn,3,300,7.372243734076619,0.9819333333333333,2.3136141672730446,0.8972
rnn,4,1,232.41944456100464,0.27105,32.65155589580536,0.154
rnn,4,2,166.08001232147217,0.46805,24.46558928489685,0.3006
rnn,4,3,129.36037915945053,0.5808833333333333,19.902445554733276,0.3546
rnn,4,4,108.6341056227684,0.6553,17.016278743743896,0.3934
rnn,4,5,91.96076148748398,0.7304,13.982011675834656,0.4424
rnn,4,6,78.38388895988464,0.7752333333333333,12.58021131157875,0.4757
rnn,4,7,70.33787620067596,0.7978666666666666,11.93868899345398,0.5063
rnn,4,8,64.74491646885872,0.8134833333333333,10.755373120307922,0.4958
rnn,4,9,60.13091465830803,0.8291,9.8591648042202,0.4825
rnn,4,10,57.592210948467255,0.8364666666666667,9.0974682867527,0.5151
rnn,4,11,54.13489744067192,0.8499333333333333,8.698806524276733,0.5399
rnn,4,12,50.124018132686615,0.86605,8.628854840993881,0.5673
rnn,4,13,47.471823781728745,0.8776666666666667,8.28134985268116,0.5562
rnn,4,14,44.37032237648964,0.8879,7.406733050942421,0.6157
rnn,4,15,42.23858165740967,0.8966333333333333,7.859420821070671,0.5859
rnn,4,16,39.00255261361599,0.9042666666666667,6.955555975437164,0.619
rnn,4,17,37.11892028152943,0.9105666666666666,6.381629109382629,0.6142
rnn,4,18,34.7043369859457,0.9162666666666667,6.020803853869438,0.591
rnn,4,19,34.37741294503212,0.9179833333333334,6.675592377781868,0.5608
rnn,4,20,32.91708888113499,0.92125,5.750940404832363,0.5984
rnn,4,21,30.899598941206932,0.9264333333333333,5.5478213876485825,0.6354
rnn,4,22,29.951057270169258,0.9290333333333334,5.57778961956501,0.6255
rnn,4,23,29.337228819727898,0.9304666666666667,5.496800899505615,0.6162
rnn,4,24,28.59466454386711,0.9318333333333333,5.865685075521469,0.5296
rnn,4,25,27.1536563038826,0.9358333333333333,5.5504345670342445,0.7201
rnn,4,26,26.34267123043537,0.9378333333333333,4.592048317193985,0.6442
rnn,4,27,25.708081230521202,0.94015,5.686931639909744,0.5403
rnn,4,28,26.249303251504898,0.9372833333333334,4.3411557003855705,0.6254
rnn,4,29,24.567591935396194,0.94175,4.293176211416721,0.6686
rnn,4,30,23.38446345925331,0.9449833333333333,4.395430698990822,0.6392
rnn,4,31,24.11691837757826,0.94275,4.229377068579197,0.724
rnn,4,32,22.188931196928024,0.9478,4.045075125992298,0.7303
rnn,4,33,21.80744782835245,0.9484833333333333,3.8414938151836395,0.7164
rnn,4,34,21.15439745783806,0.9502333333333334,4.197090744972229,0.703
rnn,4,35,23.325754538178444,0.9438833333333333,4.558668822050095,0.7249
rnn,4,36,20.886775247752666,0.95055,4.04961721599102,0.7593
rnn,4,37,20.24262385815382,0.9520166666666666,3.8427170738577843,0.6653
rnn,4,38,19.571574419736862,0.9523333333333334,4.83450024574995,0.7153
rnn,4,39,20.382397778332233,0.95095,4.149759076535702,0.6639
rnn,4,40,18.89000742137432,0.9543,3.5104519054293633,0.7119
rnn,4,41,18.681820265948772,0.95535,3.5147379748523235,0.7352
rnn,4,42,18.627531327307224,0.9555,3.523710384964943,0.7487
rnn,4,43,19.27178195863962,0.9539833333333333,3.9421521201729774,0.68
rnn,4,44,18.998077660799026,0.9547333333333333,4.186241842806339,0.7135
rnn,4,45,18.835313141345978,0.9543,3.6481467932462692,0.7762
rnn,4,46,17.174137443304062,0.9588666666666666,3.6798809841275215,0.7033
rnn,4,47,17.79136685281992,0.9567166666666667,3.638189669698477,0.7423
rnn,4,48,17.140003457665443,0.9588333333333333,3.6598947644233704,0.755
rnn,4,49,17.206624537706375,0.95885,3.444155991077423,0.7461
rnn,4,50,16.828847266733646,0.959,3.7784708589315414,0.69
rnn,4,51,16.459286335855722,0.9595333333333333,3.7618320398032665,0.7469
rnn,4,52,15.942627988755703,0.9616333333333333,3.310694344341755,0.8067
rnn,4,53,15.609232746064663,0.9624666666666667,3.40758453309536,0.7481
rnn,4,54,15.614766731858253,0.9616333333333333,3.055033627897501,0.7626
rnn,4,55,15.02129366248846,0.9635333333333334,3.715110968798399,0.7283
rnn,4,56,14.93651495873928,0.96415,3.2511306032538414,0.7529
rnn,4,57,15.441695626825094,0.9622333333333334,3.2248251736164093,0.8005
rnn,4,58,14.448374465107918,0.9644333333333334,3.1156283766031265,0.7852
rnn,4,59,15.314945101737976,0.9622833333333334,3.389029271900654,0.7333
rnn,4,60,15.018444806337357,0.9641166666666666,3.9415436536073685,0.7513
rnn,4,61,14.34798652306199,0.9648333333333333,3.130515620112419,0.7297
rnn,4,62,14.273787084966898,0.9650333333333333,2.9291484132409096,0.7867
rnn,4,63,13.853901244699955,0.96675,2.9439477436244488,0.7975
rnn,4,64,13.36332194507122,0.9674666666666667,3.2119125835597515,0.73
rnn,4,65,13.63024426996708,0.9668,3.4965157881379128,0.8495
rnn,4,66,14.310148641467094,0.9659166666666666,2.985525980591774,0.8114
rnn,4,67,14.023592371493578,0.9661333333333333,3.0270371921360493,0.8449
rnn,4,68,13.75117239356041,0.9665333333333334,3.1470962315797806,0.73
rnn,4,69,12.935955919325352,0.9683,3.370370425283909,0.7893
rnn,4,70,14.28680668771267,0.96555,2.9212523698806763,0.7603
rnn,4,71,13.37433672696352,0.96705,2.772360522300005,0.767
rnn,4,72,13.603025581687689,0.9665166666666667,2.7040719389915466,0.77
rnn,4,73,13.269531961530447,0.9674166666666667,2.5991188772022724,0.8141
rnn,4,74,12.554259214550257,0.9693333333333334,3.0810880176723003,0.7914
rnn,4,75,12.582398960366845,0.9693833333333334,2.9542668536305428,0.753
rnn,4,76,13.59608955681324,0.9668,2.9289151541888714,0.7723
rnn,4,77,13.359185922890902,0.9674666666666667,3.7108089737594128,0.8149
rnn,4,78,12.50878906995058,0.9690333333333333,3.1329569593071938,0.7148
rnn,4,79,12.797092068940401,0.9685,2.695467073470354,0.8198
rnn,4,80,11.827701196074486,0.9712333333333333,2.840260535478592,0.7941
rnn,4,81,12.642078034579754,0.9692666666666667,3.0621405355632305,0.7331
rnn,4,82,11.684112329035997,0.97105,2.9991206619888544,0.8587
rnn,4,83,11.680817063897848,0.971,3.1373898796737194,0.7774
rnn,4,84,12.097450662404299,0.9704166666666667,3.8443601727485657,0.7176
rnn,4,85,13.086962185800076,0.96745,3.142351157963276,0.7157
rnn,4,86,12.325757071375847,0.9696333333333333,3.4614474028348923,0.728
rnn,4,87,11.495087426155806,0.9718666666666667,2.483443569391966,0.8145
rnn,4,88,11.618146248161793,0.9718666666666667,3.0371860340237617,0.7647
rnn,4,89,11.268483463674784,0.97205,3.164508083835244,0.8527
rnn,4,90,11.389703679829836,0.9721,3.394981049001217,0.8223
rnn,4,91,11.271890968084335,0.97265,2.8711490388959646,0.8258
rnn,4,92,11.044273521751165,0.9729166666666667,2.662857089191675,0.838
rnn,4,93,11.027779079973698,0.9730333333333333,2.597693268209696,0.7799
rnn,4,94,11.054048296064138,0.9724666666666667,2.605012074112892,0.8334
rnn,4,95,12.083571925759315,0.9701666666666666,2.5692615397274494,0.7991
rnn,4,96,10.536714691668749,0.9746666666666667,2.7611653059720993,0.8184
rnn,4,97,11.117149252444506,0.9727166666666667,2.4827297907322645,0.8422
rnn,4,98,10.580637102946639,0.9742166666666666,2.638885736465454,0.7857
rnn,4,99,11.27416305989027,0.9720666666666666,2.367238376289606,0.8002
rnn,4,100,11.104664906859398,0.9724666666666667,2.438350271433592,0.8401
rnn,4,101,10.680416744202375,0.9736166666666667,2.5646717343479395,0.8675
rnn,4,102,10.733656078577042,0.9734833333333334,2.720532987266779,0.799
rnn,4,103,10.680781234055758,0.9740166666666666,3.1329622082412243,0.7256
rnn,4,104,11.511719956994057,0.9712833333333334,2.521315574645996,0.8538
rnn,4,105,10.918206725269556,0.9730833333333333,2.9390669837594032,0.8204
rnn,4,106,10.714181236922741,0.9731666666666666,3.0547654926776886,0.7193
rnn,4,107,10.516905263066292,0.9738166666666667,2.4184791669249535,0.8245
rnn,4,108,10.327170226722956,0.97445,2.499410355463624,0.8083
rnn,4,109,10.851507239043713,0.9731166666666666,4.149259936064482,0.7907
rnn,4,110,10.846056763082743,0.9729833333333333,2.5209248773753643,0.8045
rnn,4,111,10.168615005910397,0.9747333333333333,2.3873452842235565,0.8289
rnn,4,112,10.131710259243846,0.9755833333333334,2.650121921673417,0.8211
rnn,4,113,10.3443054407835,0.9746,2.950165741145611,0.8209
rnn,4,114,10.432627003639936,0.97385,2.4374443031847477,0.7662
rnn,4,115,10.252621110528708,0.97435,2.3163795191794634,0.8574
rnn,4,116,10.026993807405233,0.9748166666666667,2.9133707247674465,0.846
rnn,4,117,9.67222484946251,0.9759,2.3468478694558144,0.8733
rnn,4,118,10.187786232680082,0.9750666666666666,2.792627274990082,0.8574
rnn,4,119,10.203794002532959,0.9750833333333333,2.403591675683856,0.8095
rnn,4,120,10.704264990985394,0.9735,2.2976041957736015,0.823
rnn,4,121,9.218154735863209,0.9769666666666666,2.7808129712939262,0.867
rnn,4,122,9.65620226599276,0.9760166666666666,2.9919101782143116,0.8669
rnn,4,123,10.16387988626957,0.9750666666666666,2.508843332529068,0.822
rnn,4,124,9.045508854091167,0.9772666666666666,3.3905039988458157,0.8404
rnn,4,125,10.24153857305646,0.9739666666666666,2.400639297440648,0.8102
rnn,4,126,9.298940621316433,0.9775166666666667,2.6604358851909637,0.8147
rnn,4,127,10.35180052742362,0.9743833333333334,2.57171393558383,0.8329
rnn,4,128,9.450245723128319,0.9765333333333334,2.5236017741262913,0.8534
rnn,4,129,9.28194935619831,0.9765666666666667,2.64433410204947,0.8513
rnn,4,130,9.433224368840456,0.9766,2.6192529648542404,0.8457
rnn,4,131,8.94212243705988,0.97755,2.4750580489635468,0.8743
rnn,4,132,9.8215378113091,0.9754,2.5437151473015547,0.7669
rnn,4,133,9.894713280722499,0.9753166666666667,2.6161851547658443,0.7861
rnn,4,134,9.675539128482342,0.9755666666666667,3.1526664346456528,0.8082
rnn,4,135,9.612417312338948,0.9763333333333334,2.651209143921733,0.8155
rnn,4,136,9.43422731757164,0.97625,2.34439218044281,0.8326
rnn,4,137,9.345562655478716,0.9770666666666666,2.466174490749836,0.8547
rnn,4,138,9.297447051852942,0.9767333333333333,2.6150906272232533,0.8323
rnn,4,139,8.615940228104591,0.9783833333333334,2.3944940008223057,0.8447
rnn,4,140,8.788422647863626,0.9782833333333333,2.5361518934369087,0.7942
rnn,4,141,9.723056081682444,0.9762333333333333,3.5352257564663887,0.7618
rnn,4,142,9.54792182892561,0.9768,3.3232947029173374,0.7902
rnn,4,143,9.65828638151288,0.9755166666666667,2.322145102545619,0.7899
rnn,4,144,8.96760355308652,0.9776333333333334,2.464963849633932,0.8077
rnn,4,145,8.484197780489922,0.9787833333333333,2.6735082529485226,0.7689
rnn,4,146,8.885361403226852,0.97725,2.3712962940335274,0.8053
rnn,4,147,8.426223337650299,0.9793333333333333,2.4990040361881256,0.8472
rnn,4,148,8.97636479139328,0.97685,2.7177794575691223,0.8802
rnn,4,149,9.091915715485811,0.9773333333333334,2.5475187059491873,0.8231
rnn,4,150,8.609137950465083,0.9785333333333334,2.3816426657140255,0.79
rnn,4,151,8.98510605469346,0.9775666666666667,3.1008173935115337,0.7923
rnn,4,152,8.619038492441177,0.9782833333333333,2.577283028513193,0.8039
rnn,4,153,8.41976860165596,0.9790333333333333,2.5759692676365376,0.8327
rnn,4,154,8.739583879709244,0.9778,2.4267180636525154,0.8553
rnn,4,155,8.628970229998231,0.9777833333333333,2.496026210486889,0.8111
rnn,4,156,8.792301584035158,0.9782166666666666,2.4785889238119125,0.8547
rnn,4,157,9.247442428022623,0.9765833333333334,2.4559607207775116,0.8514
rnn,4,158,9.204340206459165,0.9769833333333333,3.1745776161551476,0.6837
rnn,4,159,9.276305180042982,0.9765,2.7035525888204575,0.7798
rnn,4,160,8.3846824914217,0.9786666666666667,2.5133065581321716,0.8262
rnn,4,161,8.391905827447772,0.9788333333333333,2.6511188223958015,0.8356
rnn,4,162,8.280212404206395,0.9786,2.631220769137144,0.8764
rnn,4,163,9.357997173443437,0.9764,2.505775060504675,0.8053
rnn,4,164,7.747041700407863,0.98015,2.486963387578726,0.8256
rnn,4,165,8.370430858805776,0.9786333333333334,2.373070452362299,0.8442
rnn,4,166,9.285444779321551,0.9765333333333334,3.3443925827741623,0.7524
rnn,4,167,8.698589444160461,0.9782166666666666,2.303472563624382,0.8505
rnn,4,168,7.8468713611364365,0.9802166666666666,2.875783585011959,0.7932
rnn,4,169,8.790242109447718,0.9771666666666666,2.627045413479209,0.7737
rnn,4,170,8.571628035977483,0.9789666666666667,2.5639235079288483,0.8756
rnn,4,171,8.260618863627315,0.979,2.537950374186039,0.7786
rnn,4,172,8.168263318017125,0.9786833333333333,2.5028630420565605,0.8636
rnn,4,173,8.287304852157831,0.9792833333333333,2.445757742971182,0.8724
rnn,4,174,7.984146727249026,0.9796166666666667,2.6746113914996386,0.8328
rnn,4,175,8.9280160125345,0.9769166666666667,2.3316289745271206,0.8516
rnn,4,176,7.834645627066493,0.9802166666666666,2.7271750140935183,0.849
rnn,4,177,8.134730307385325,0.9794166666666667,2.3406027108430862,0.863
rnn,4,178,7.769741782918572,0.9812,2.3647195547819138,0.8206
rnn,4,179,7.472008630633354,0.9807666666666667,2.351742310449481,0.8537
rnn,4,180,7.658754978328943,0.9805666666666667,2.4035136364400387,0.8096
rnn,4,181,8.013254582881927,0.9797666666666667,2.438053373247385,0.8113
rnn,4,182,8.879321970045567,0.97745,2.9788474291563034,0.8404
rnn,4,183,8.196698054671288,0.9794333333333334,2.43894624337554,0.8337
rnn,4,184,7.8877566903829575,0.9798666666666667,2.4725098218768835,0.8323
rnn,4,185,7.818207507953048,0.9802833333333333,2.807272430509329,0.8494
rnn,4,186,8.47088091634214,0.9790333333333333,2.446111362427473,0.8166
rnn,4,187,7.117137271910906,0.9824,2.663271861150861,0.8448
rnn,4,188,7.3661007061600685,0.9815333333333334,2.718050830066204,0.8833
rnn,4,189,7.793437672778964,0.9805166666666667,2.829550549387932,0.7336
rnn,4,190,8.332309436053038,0.9790333333333333,2.814626593142748,0.8734
rnn,4,191,7.647230247035623,0.98095,2.861901445314288,0.8577
rnn,4,192,9.584729047492146,0.9755833333333334,2.6276245191693306,0.8827
rnn,4,193,8.23977778851986,0.9787,2.555399425327778,0.8051
rnn,4,194,7.568842846900225,0.9810666666666666,2.490216087549925,0.7785
rnn,4,195,7.384845482185483,0.98165,2.5521580670028925,0.8573
rnn,4,196,7.580706298351288,0.9805,2.3684975877404213,0.817
rnn,4,197,6.853577457368374,0.9828,2.7235436625778675,0.7887
rnn,4,198,8.020235927775502,0.97945,2.5622019805014133,0.8762
rnn,4,199,7.29444489069283,0.9817166666666667,2.3056103866547346,0.8365
rnn,4,200,7.279359921813011,0.9820833333333333,2.394384652376175,0.8441
rnn,4,201,8.247451515868306,0.9784333333333334,2.645675677806139,0.7933
rnn,4,202,7.943876225501299,0.9795333333333334,2.6575065832585096,0.8491
rnn,4,203,8.523321405053139,0.9784666666666667,2.3488835245370865,0.8214
rnn,4,204,7.227326050400734,0.9811833333333333,2.5802395679056644,0.8282
rnn,4,205,7.565150517970324,0.9808166666666667,2.5597781725227833,0.816
rnn,4,206,6.75657556578517,0.9828333333333333,2.239974159747362,0.8423
rnn,4,207,7.542696760967374,0.98115,2.6055591329932213,0.856
rnn,4,208,7.885935973376036,0.9798666666666667,2.477421425282955,0.8058
rnn,4,209,7.774869518354535,0.9798333333333333,2.5135253500193357,0.8839
rnn,4,210,7.051819347776473,0.98195,2.546932994388044,0.8417
rnn,4,211,7.051906431093812,0.9830166666666666,2.440812636166811,0.8608
rnn,4,212,7.943629341199994,0.9802,2.4600300323218107,0.7778
rnn,4,213,6.881133718416095,0.9820666666666666,2.5593651235103607,0.8674
rnn,4,214,7.286936553195119,0.98145,2.5350378900766373,0.8661
rnn,4,215,6.894025009125471,0.9822,2.455815628170967,0.8637
rnn,4,216,6.843877924606204,0.9825666666666667,3.158090118318796,0.8251
rnn,4,217,7.570094490423799,0.9802,2.823379721492529,0.8127
rnn,4,218,7.113859778270125,0.9821666666666666,2.5404414236545563,0.8538
rnn,4,219,7.753330994397402,0.98035,2.4265561029314995,0.7984
rnn,4,220,7.229249004274607,0.9810666666666666,2.729220412671566,0.8217
rnn,4,221,6.847351098433137,0.9824833333333334,2.394071117043495,0.8236
rnn,4,222,6.647246591746807,0.9830166666666666,2.3497625291347504,0.843
rnn,4,223,6.90322828758508,0.9822833333333333,2.4088337272405624,0.8304
rnn,4,224,7.670782741159201,0.9803333333333333,2.639576517045498,0.8517
rnn,4,225,6.920462053269148,0.9821833333333333,2.488565105944872,0.758
rnn,4,226,7.53360206540674,0.9806,2.484454410150647,0.8196
rnn,4,227,6.40214535407722,0.9835333333333334,2.3791530560702085,0.8617
rnn,4,228,6.638779601082206,0.9827166666666667,2.6945644207298756,0.8228
rnn,4,229,8.800584331154823,0.9776666666666667,2.95835979655385,0.8546
rnn,4,230,7.200371418148279,0.9817666666666667,2.512113416567445,0.853
rnn,4,231,7.1893560122698545,0.9817333333333333,2.3543030824512243,0.8082
rnn,4,232,7.3082458302378654,0.9816166666666667,2.602025628089905,0.8591
rnn,4,233,6.984778756275773,0.9822,2.5883830189704895,0.8568
rnn,4,234,6.8519517835229635,0.9824666666666667,3.1934432312846184,0.8321
rnn,4,235,6.676230199635029,0.9826333333333334,2.533820189535618,0.825
rnn,4,236,7.118873982690275,0.9817833333333333,2.7889613062143326,0.8534
rnn,4,237,7.256501387804747,0.982,2.615467596799135,0.831
rnn,4,238,6.523823298513889,0.98275,2.8926023095846176,0.8376
rnn,4,239,6.9724071230739355,0.9825666666666667,2.403448451310396,0.8737
rnn,4,240,6.324672643095255,0.9840833333333333,2.540823068469763,0.8315
rnn,4,241,7.60787009075284,0.9802666666666666,2.567697025835514,0.8051
rnn,4,242,6.419884150847793,0.98325,2.5149294193834066,0.8483
rnn,4,243,6.598244611173868,0.98285,2.448562279343605,0.8214
rnn,4,244,7.031695066019893,0.9820833333333333,2.6065637059509754,0.896
rnn,4,245,6.953801898285747,0.9824666666666667,2.3859005365520716,0.8468
rnn,4,246,7.025465035811067,0.98245,2.4156508166342974,0.8388
rnn,4,247,6.285113152116537,0.9838666666666667,2.516212048009038,0.8814
rnn,4,248,6.618277447298169,0.98275,2.39159476198256,0.8334
rnn,4,249,7.259649766609073,0.98155,2.5598342046141624,0.8205
rnn,4,250,6.200441459193826,0.98415,2.9130384400486946,0.8437
rnn,4,251,6.874995557591319,0.9825666666666667,2.744885988533497,0.8043
rnn,4,252,6.8322121091187,0.9821833333333333,2.4854860864579678,0.8663
rnn,4,253,7.108662402257323,0.9819,2.726468672975898,0.8831
rnn,4,254,6.4102023765444756,0.9836833333333334,2.7331372164189816,0.8824
rnn,4,255,6.351461976300925,0.9835833333333334,3.112928494811058,0.7741
rnn,4,256,6.914240850135684,0.98225,2.3782555535435677,0.8116
rnn,4,257,6.277505317702889,0.98435,2.7477495968341827,0.8332
rnn,4,258,6.32638358976692,0.9841,2.3319379556924105,0.8494
rnn,4,259,6.272303370758891,0.9836,2.4736297503113747,0.8891
rnn,4,260,6.922800295054913,0.9825666666666667,2.886376801878214,0.8967
rnn,4,261,7.655871920287609,0.9806666666666667,2.369655281305313,0.8252
rnn,4,262,6.3052493603900075,0.9841333333333333,2.4161250200122595,0.8327
rnn,4,263,5.635416405275464,0.9856,2.542919484898448,0.8633
rnn,4,264,5.848708377219737,0.9846833333333334,2.614810638129711,0.8769
rnn,4,265,6.0400060042738914,0.9847,2.5154559053480625,0.8282
rnn,4,266,6.053741993382573,0.9844166666666667,2.3962644953280687,0.8316
rnn,4,267,7.151185331866145,0.9814166666666667,2.4870876632630825,0.8362
rnn,4,268,7.235338889062405,0.9812333333333333,2.556624110788107,0.8749
rnn,4,269,7.0513853039592505,0.9824666666666667,2.492586076259613,0.8722
rnn,4,270,5.917329205200076,0.9847,2.616843421012163,0.8863
rnn,4,271,6.130675375461578,0.9844,2.5730435214936733,0.8461
rnn,4,272,6.011136505752802,0.9848833333333333,3.2018091566860676,0.8407
rnn,4,273,6.9486347092315555,0.98205,2.5554392617195845,0.8374
rnn,4,274,7.03934426791966,0.9820333333333333,2.8511543422937393,0.8164
rnn,4,275,6.107575711794198,0.98485,2.891358532011509,0.8117
rnn,4,276,6.777016604319215,0.9824333333333334,2.681374281644821,0.8933
rnn,4,277,6.093079665675759,0.9841333333333333,2.7896731197834015,0.7695
rnn,4,278,7.1818702183663845,0.9816666666666667,2.4398454539477825,0.8389
rnn,4,279,6.552751375362277,0.98315,2.5489730313420296,0.8554
rnn,4,280,6.204693000763655,0.9841833333333333,2.633446741849184,0.7855
rnn,4,281,5.218132706359029,0.9862,2.4308876153081656,0.8553
rnn,4,282,5.968262612819672,0.98495,2.7379253804683685,0.8714
rnn,4,283,6.667824827134609,0.9829666666666667,2.902249615639448,0.8206
rnn,4,284,6.810420043766499,0.98215,2.8125764057040215,0.8458
rnn,4,285,6.576610825955868,0.98235,2.76856804266572,0.8251
rnn,4,286,6.4143170434981585,0.9839833333333333,2.3429699148982763,0.8619
rnn,4,287,5.718990199267864,0.9852333333333333,2.6390067227184772,0.8133
rnn,4,288,6.774051060900092,0.9829833333333333,2.464965518563986,0.8168
rnn,4,289,6.634525410830975,0.9833333333333333,2.939692284911871,0.8381
rnn,4,290,6.256288453936577,0.9840166666666667,2.687738187611103,0.8516
rnn,4,291,7.192586969584227,0.9809833333333333,2.7523946911096573,0.8509
rnn,4,292,6.793606478720903,0.9817166666666667,2.511621955782175,0.8867
rnn,4,293,5.82872614171356,0.9846166666666667,2.470826368778944,0.8308
rnn,4,294,5.684607665985823,0.9855,2.436286674812436,0.811
rnn,4,295,5.4408202432096004,0.98635,2.5195396691560745,0.8189
rnn,4,296,6.7158651212230325,0.9831166666666666,2.5238769110292196,0.8718
rnn,4,297,5.935569477267563,0.98505,2.644991720095277,0.8485
rnn,4,298,5.74526228196919,0.9854,2.7407619021832943,0.7965
rnn,4,299,5.836680643260479,0.98475,2.5413665398955345,0.8191
rnn,4,300,5.525987096130848,0.9854333333333334,2.6867603063583374,0.8209
rnn,5,1,231.82514536380768,0.2849,32.67560350894928,0.2145
rnn,5,2,165.7916361093521,0.5103166666666666,24.30476999282837,0.2772
rnn,5,3,130.76085954904556,0.5882,20.42082929611206,0.3307
rnn,5,4,112.5677620768547,0.6453833333333333,18.21718728542328,0.3959
rnn,5,5,97.01141440868378,0.71525,15.69534569978714,0.4458
rnn,5,6,83.51532059907913,0.7648833333333334,13.304642260074615,0.4063
rnn,5,7,74.19104978442192,0.7933166666666667,12.912468373775482,0.4899
rnn,5,8,66.59324878454208,0.8178166666666666,12.77015420794487,0.537
rnn,5,9,60.8114709854126,0.8381666666666666,10.233875721693039,0.5411
rnn,5,10,55.4412479698658,0.8542,9.183379143476486,0.4933
rnn,5,11,51.31886777281761,0.8660833333333333,8.73480224609375,0.5963
rnn,5,12,49.129541486501694,0.87405,8.862683027982712,0.5799
rnn,5,13,46.452234119176865,0.88035,8.762785941362381,0.4802
rnn,5,14,44.78741416335106,0.8853666666666666,7.048816159367561,0.5171
rnn,5,15,42.525337636470795,0.8926833333333334,6.733428284525871,0.5511
rnn,5,16,40.71300581097603,0.8949,7.051629513502121,0.565
rnn,5,17,39.34663015604019,0.8994333333333333,6.74565577507019,0.5193
rnn,5,18,37.95225718617439,0.9027333333333334,5.806324854493141,0.5732
rnn,5,19,36.34219618141651,0.9088,8.789128080010414,0.5633
rnn,5,20,35.70421901345253,0.9104,6.761968865990639,0.6097
rnn,5,21,34.58266608417034,0.9123666666666667,6.610709100961685,0.5571
rnn,5,22,33.29354341328144,0.9167333333333333,6.031225889921188,0.5607
rnn,5,23,32.50381521880627,0.9183166666666667,5.4057431519031525,0.634
rnn,5,24,31.10586628317833,0.9229833333333334,5.315832674503326,0.5861
rnn,5,25,30.431603744626045,0.9233833333333333,4.756959415972233,0.6129
rnn,5,26,29.88411834836006,0.9247833333333333,4.623273901641369,0.6077
rnn,5,27,29.34061436355114,0.9262833333333333,5.373172253370285,0.592
rnn,5,28,28.524391621351242,0.9284166666666667,4.663909278810024,0.615
rnn,5,29,27.521024122834206,0.9318,4.812283396720886,0.6782
rnn,5,30,26.509828329086304,0.9337666666666666,4.427182771265507,0.6538
rnn,5,31,26.891260370612144,0.9326666666666666,4.685073040425777,0.5796
rnn,5,32,26.13312892615795,0.9351166666666667,4.36538415402174,0.6313
rnn,5,33,25.62035009264946,0.9360666666666667,5.048744820058346,0.6696
rnn,5,34,25.933050960302353,0.9360833333333334,4.455040134489536,0.7262
rnn,5,35,24.864712692797184,0.9377833333333333,4.196462661027908,0.6185
rnn,5,36,24.06874257326126,0.9406666666666667,3.927859753370285,0.6407
rnn,5,37,24.43047757446766,0.9394666666666667,4.232953600585461,0.6355
rnn,5,38,23.573516234755516,0.9412,3.9758236408233643,0.6708
rnn,5,39,23.647105641663074,0.9412833333333334,4.23042318969965,0.6193
rnn,5,40,23.195622622966766,0.9433166666666667,3.9885811135172844,0.6623
rnn,5,41,22.9060487896204,0.9432,3.974013239145279,0.7178
rnn,5,42,22.50267416983843,0.9452333333333334,4.0596641674637794,0.7378
rnn,5,43,22.011194355785847,0.9455666666666667,4.110635660588741,0.637
rnn,5,44,22.462828420102596,0.9443666666666667,4.057598613202572,0.6905
rnn,5,45,21.90507745742798,0.9462,3.854548916220665,0.6427
rnn,5,46,22.234037026762962,0.9443833333333334,3.500270076096058,0.6523
rnn,5,47,21.149884693324566,0.94745,3.8365592174232006,0.7519
rnn,5,48,20.823891043663025,0.9485333333333333,3.694583371281624,0.6719
rnn,5,49,20.308909982442856,0.94945,4.210487522184849,0.6779
rnn,5,50,21.104182727634907,0.9483,3.800141606479883,0.6159
rnn,5,51,20.4385524392128,0.94845,3.816088356077671,0.6774
rnn,5,52,20.18452573567629,0.9498666666666666,3.5371262580156326,0.7354
rnn,5,53,20.541803620755672,0.9485,3.6819367855787277,0.7674
rnn,5,54,20.131909243762493,0.9493333333333334,3.724144734442234,0.6463
rnn,5,55,19.720908738672733,0.95125,3.6151807755231857,0.7079
rnn,5,56,19.011936478316784,0.95235,3.5963266417384148,0.6753
rnn,5,57,19.480026453733444,0.9514333333333334,3.5089985877275467,0.7553
rnn,5,58,19.066005505621433,0.9525666666666667,5.098761729896069,0.7942
rnn,5,59,19.472691036760807,0.9511833333333334,3.473249264061451,0.6859
rnn,5,60,18.733865551650524,0.9539166666666666,4.276383176445961,0.6694
rnn,5,61,19.277758702635765,0.95215,3.1782807633280754,0.7321
rnn,5,62,17.93926027417183,0.9553,3.746836297214031,0.7447
rnn,5,63,18.229098103940487,0.9549833333333333,3.435225360095501,0.6564
rnn,5,64,19.20785215497017,0.9532166666666667,3.446367159485817,0.6947
rnn,5,65,18.332502521574497,0.9542333333333334,3.4251580238342285,0.7014
rnn,5,66,17.89735657721758,0.9558333333333333,3.114908456802368,0.6826
rnn,5,67,17.795531295239925,0.9555166666666667,3.674067445099354,0.7083
rnn,5,68,17.18968925625086,0.95725,3.1635464504361153,0.6845
rnn,5,69,17.868649035692215,0.9553166666666667,3.608506090939045,0.7782
rnn,5,70,17.394920840859413,0.9570833333333333,4.3418300822377205,0.6512
rnn,5,71,17.43087290227413,0.9564666666666667,3.009854342788458,0.7132
rnn,5,72,16.67150303721428,0.9585333333333333,3.3040938526391983,0.7082
rnn,5,73,16.554183177649975,0.9588,3.166349120438099,0.6989
rnn,5,74,16.96777606010437,0.9581833333333334,3.2105364985764027,0.7216
rnn,5,75,17.552097968757153,0.9556333333333333,3.025805965065956,0.6756
rnn,5,76,15.821880586445332,0.9598666666666666,3.166576199233532,0.6897
rnn,5,77,16.543547675013542,0.9587,3.200279150158167,0.7472
rnn,5,78,16.04784482717514,0.9599333333333333,3.081517558544874,0.6711
rnn,5,79,16.441154316067696,0.9589333333333333,3.100499514490366,0.6628
rnn,5,80,16.087592646479607,0.9606333333333333,2.8716227635741234,0.7355
rnn,5,81,16.322614930570126,0.9591666666666666,3.3065785206854343,0.7683
rnn,5,82,16.199796698987484,0.9598666666666666,3.2949246987700462,0.7849
rnn,5,83,15.897516690194607,0.9602666666666667,3.1135667376220226,0.7215
rnn,5,84,15.879416309297085,0.9612166666666667,3.289966754615307,0.717
rnn,5,85,15.615980610251427,0.9605666666666667,3.0833245366811752,0.6954
rnn,5,86,15.545526005327702,0.9612666666666667,3.143673148006201,0.7622
rnn,5,87,15.630531504750252,0.96055,3.592524290084839,0.6823
rnn,5,88,15.882299579679966,0.9603666666666667,3.5642333440482616,0.7128
rnn,5,89,16.131552077829838,0.9590333333333333,2.949107863008976,0.7626
rnn,5,90,14.820761047303677,0.9627666666666667,2.883499536663294,0.7002
rnn,5,91,15.152706377208233,0.9610833333333333,3.08016649633646,0.7397
rnn,5,92,14.808329537510872,0.96325,2.9080362394452095,0.7404
rnn,5,93,14.736549273133278,0.9630833333333333,2.997111927717924,0.6646
rnn,5,94,14.779998928308487,0.96305,3.171177364885807,0.7469
rnn,5,95,14.92876797169447,0.9621333333333333,3.2122900411486626,0.7141
rnn,5,96,14.790471587330103,0.9627,3.231710683554411,0.7042
rnn,5,97,15.282213427126408,0.9619666666666666,2.891533460468054,0.6911
rnn,5,98,14.79028008133173,0.9623666666666667,3.835526116192341,0.6401
rnn,5,99,15.14257501065731,0.96305,3.151894010603428,0.7006
rnn,5,100,14.533665210008621,0.9639333333333333,3.3503055535256863,0.666
rnn,5,101,13.710341900587082,0.9652833333333334,3.174559000879526,0.766
rnn,5,102,14.036858513951302,0.9642666666666667,2.6583890337496996,0.7383
rnn,5,103,13.47990257292986,0.9662166666666666,3.1291229613125324,0.7435
rnn,5,104,14.487407937645912,0.9642,2.9610477834939957,0.7415
rnn,5,105,14.162610933184624,0.9650166666666666,2.9966486655175686,0.767
rnn,5,106,13.926214650273323,0.9652166666666666,2.6971102729439735,0.7172
rnn,5,107,13.850891564041376,0.9643833333333334,2.97548683360219,0.7151
rnn,5,108,13.209737751632929,0.9671,2.9200387969613075,0.7165
rnn,5,109,13.76998596638441,0.9649833333333333,2.7011503912508488,0.724
rnn,5,110,12.972509387880564,0.9677166666666667,2.75473764911294,0.7497
rnn,5,111,13.556581243872643,0.9652833333333334,3.0978061482310295,0.7358
rnn,5,112,13.265716150403023,0.9673,2.606416193768382,0.7639
rnn,5,113,12.457212500274181,0.96925,2.6789013408124447,0.7532
rnn,5,114,12.594432920217514,0.9686333333333333,2.9132398813962936,0.7654
rnn,5,115,14.049925021827221,0.96445,3.321977559477091,0.7153
rnn,5,116,12.65666763484478,0.9686166666666667,2.868610806763172,0.7468
rnn,5,117,13.122576162219048,0.9677666666666667,2.87119197845459,0.7087
rnn,5,118,12.840082056820393,0.96795,3.8700194656848907,0.7467
rnn,5,119,13.748024266213179,0.9650666666666666,2.9101592637598515,0.7512
rnn,5,120,13.006714254617691,0.9672,3.0754607766866684,0.7399
rnn,5,121,12.702471535652876,0.96865,4.393373787403107,0.7132
rnn,5,122,13.166395206004381,0.96765,2.9827565141022205,0.7247
rnn,5,123,12.54396703839302,0.9683833333333334,2.8090419098734856,0.7342
rnn,5,124,12.718222137540579,0.9677833333333333,2.821103051304817,0.7682
rnn,5,125,12.049526862800121,0.97,2.9312633760273457,0.7299
rnn,5,126,12.362425968050957,0.9681666666666666,3.1382700614631176,0.82
rnn,5,127,12.560690198093653,0.9692166666666666,2.9087324254214764,0.7425
rnn,5,128,12.584192141890526,0.9684666666666667,2.5586833879351616,0.7609
rnn,5,129,12.267455868422985,0.9692333333333333,2.8319228775799274,0.7487
rnn,5,130,12.802972227334976,0.9684166666666667,2.7468338571488857,0.7611
rnn,5,131,12.282012566924095,0.9693,2.7120010927319527,0.7389
rnn,5,132,12.229855220764875,0.9688333333333333,2.5448100566864014,0.7469
rnn,5,133,11.815526127815247,0.9707166666666667,3.510779481381178,0.8234
rnn,5,134,12.588778264820576,0.9684,2.7003083899617195,0.7238
rnn,5,135,11.502054199576378,0.9706,2.7747367583215237,0.7129
rnn,5,136,11.713400483131409,0.9704333333333334,2.4964633155614138,0.7369
rnn,5,137,11.305745586752892,0.9721666666666666,2.7391356080770493,0.7617
rnn,5,138,11.851709876209497,0.9703666666666667,2.917197197675705,0.7664
rnn,5,139,11.577586945146322,0.9714666666666667,2.915022298693657,0.7676
rnn,5,140,12.124459497630596,0.9693666666666667,2.621874187141657,0.7374
rnn,5,141,11.096630308777094,0.9721,2.5683408863842487,0.7406
rnn,5,142,11.376680210232735,0.9717166666666667,2.8052174896001816,0.761
rnn,5,143,12.222232695668936,0.9698666666666667,2.557598240673542,0.7805
rnn,5,144,10.931035734713078,0.9727166666666667,2.5087150409817696,0.7589
rnn,5,145,11.28443467617035,0.9718833333333333,2.6338159181177616,0.7204
rnn,5,146,11.832968726754189,0.9702,2.9521342143416405,0.7413
rnn,5,147,11.555140178650618,0.9715833333333334,2.6488231904804707,0.7589
rnn,5,148,12.141245022416115,0.9692666666666667,2.889302834868431,0.806
rnn,5,149,11.213182881474495,0.97205,2.6823386028409004,0.757
rnn,5,150,11.249183159321547,0.9721833333333333,3.4614376202225685,0.696
rnn,5,151,11.435046140104532,0.9715833333333334,2.596792610362172,0.7348
rnn,5,152,11.148167811334133,0.9727333333333333,2.6499230340123177,0.7876
rnn,5,153,10.673910047858953,0.97255,2.5999759063124657,0.711
rnn,5,154,10.819018416106701,0.9729666666666666,3.8042135164141655,0.7322
rnn,5,155,11.742550149559975,0.9711833333333333,3.2087118551135063,0.7758
rnn,5,156,10.633168440312147,0.9737333333333333,2.76289189979434,0.8196
rnn,5,157,11.78890222683549,0.9701,2.5440469346940517,0.824
rnn,5,158,12.021289270371199,0.9703833333333334,2.656094778329134,0.7388
rnn,5,159,10.586066495627165,0.974,2.695872064679861,0.7411
rnn,5,160,10.64940993860364,0.9734666666666667,2.4739270247519016,0.7651
rnn,5,161,10.9143720343709,0.9731833333333333,2.839584358036518,0.7626
rnn,5,162,11.053782939910889,0.9720166666666666,2.4769462011754513,0.7709
rnn,5,163,10.796960547566414,0.9731,3.0434434972703457,0.7488
rnn,5,164,10.70951964892447,0.9727833333333333,2.7302274331450462,0.7617
rnn,5,165,11.493545427918434,0.9712166666666666,3.740398734807968,0.7885
rnn,5,166,10.973745869472623,0.9719166666666667,2.4919801242649555,0.7689
rnn,5,167,10.44034106656909,0.97425,2.512896778061986,0.7842
rnn,5,168,10.739126216620207,0.9727666666666667,2.880853570997715,0.795
rnn,5,169,10.510983049869537,0.9741333333333333,2.5193016473203897,0.7839
rnn,5,170,11.189839024096727,0.9721666666666666,2.582739533856511,0.8083
rnn,5,171,10.03716891631484,0.9742666666666666,2.6948542408645153,0.7766
rnn,5,172,10.079054903239012,0.9745333333333334,2.604447592049837,0.7651
rnn,5,173,10.61427685059607,0.97395,2.936815645545721,0.7572
rnn,5,174,10.265306308865547,0.9740333333333333,2.512097140774131,0.8472
rnn,5,175,10.488585643470287,0.9735833333333334,2.7500831820070744,0.7166
rnn,5,176,10.004531905055046,0.97515,2.672443002462387,0.7414
rnn,5,177,9.134230744093657,0.9772666666666666,2.85514622554183,0.7827
rnn,5,178,9.926311276853085,0.9752,2.660945739597082,0.8391
rnn,5,179,10.67466676980257,0.97355,2.4794776551425457,0.7996
rnn,5,180,9.843891080468893,0.97535,2.7873748503625393,0.8139
rnn,5,181,10.253622349351645,0.97405,2.666390735656023,0.7551
rnn,5,182,9.833865482360125,0.97535,2.5671419370919466,0.7776
rnn,5,183,9.294548084959388,0.9773666666666667,2.6327402628958225,0.7905
rnn,5,184,10.03306407853961,0.9748666666666667,3.5456178449094296,0.839
rnn,5,185,10.193167126737535,0.9744,2.668758263811469,0.8125
rnn,5,186,9.762301299721003,0.9755666666666667,3.3522377349436283,0.7557
rnn,5,187,9.710728188976645,0.97625,2.9420327246189117,0.7858
rnn,5,188,9.966853257268667,0.9757166666666667,2.4730182606726885,0.7647
rnn,5,189,9.188171286135912,0.9774,2.4480775836855173,0.793
rnn,5,190,9.161997307091951,0.97715,2.63903496786952,0.7835
rnn,5,191,9.674302749335766,0.9755833333333334,2.4235726930201054,0.7693
rnn,5,192,9.918688986450434,0.9754,2.805148519575596,0.7581
rnn,5,193,10.0171864554286,0.9755333333333334,2.596975803375244,0.7861
rnn,5,194,9.269438736140728,0.9769666666666666,2.6783705316483974,0.7766
rnn,5,195,9.446574449539185,0.9770833333333333,2.5547808408737183,0.7352
rnn,5,196,11.439285799860954,0.9713166666666667,3.1274795904755592,0.7863
rnn,5,197,10.69361799582839,0.9737666666666667,2.738785542547703,0.7788
rnn,5,198,9.279029376804829,0.9769166666666667,2.525448014959693,0.7955
rnn,5,199,9.062539760023355,0.97725,2.5657765083014965,0.828
rnn,5,200,8.727700341492891,0.97835,2.6930216066539288,0.7863
rnn,5,201,9.43852024525404,0.97675,2.6828000247478485,0.7711
rnn,5,202,9.301710151135921,0.9769,3.0161174796521664,0.7275
rnn,5,203,9.532876905053854,0.9767166666666667,2.605617390945554,0.7599
rnn,5,204,8.842131070792675,0.9778,2.395180579274893,0.7738
rnn,5,205,8.892727887257934,0.97825,2.535308610647917,0.8177
rnn,5,206,9.270402187481523,0.9769833333333333,2.483451060950756,0.7632
rnn,5,207,9.300319164991379,0.9769,2.5528735294938087,0.7747
rnn,5,208,9.556503714993596,0.9761666666666666,2.6596535071730614,0.8162
rnn,5,209,9.269231794402003,0.9772,2.651350222527981,0.8091
rnn,5,210,9.40170782059431,0.97645,2.431381221860647,0.7844
rnn,5,211,9.186978675425053,0.97745,2.5945011656731367,0.7892
rnn,5,212,9.223410714417696,0.9775333333333334,2.655485615134239,0.7852
rnn,5,213,9.075729303061962,0.97735,2.4738863855600357,0.816
rnn,5,214,8.931729912757874,0.97735,2.3875334598124027,0.7845
rnn,5,215,9.22895585373044,0.97745,2.8327834010124207,0.8037
rnn,5,216,9.901140667498112,0.97545,2.4142323788255453,0.768
rnn,5,217,8.48316746391356,0.97875,2.796972043812275,0.768
rnn,5,218,8.682810794562101,0.9786,2.555994588881731,0.7829
rnn,5,219,8.93414318934083,0.9781666666666666,2.729462169110775,0.8082
rnn,5,220,8.731846671551466,0.9784333333333334,2.90606140345335,0.8416
rnn,5,221,9.738375194370747,0.9756333333333334,3.065617933869362,0.7671
rnn,5,222,8.877371652051806,0.9783166666666666,2.55559541285038,0.824
rnn,5,223,8.810792975127697,0.9783333333333334,2.65135052241385,0.791
rnn,5,224,9.226441852748394,0.97685,2.6498161889612675,0.7894
rnn,5,225,8.695848971605301,0.9784666666666667,2.651308212429285,0.7523
rnn,5,226,9.078584991395473,0.9775666666666667,2.4522919729351997,0.8064
rnn,5,227,8.603720787912607,0.97895,2.8287333473563194,0.7632
rnn,5,228,9.149826787412167,0.9771666666666666,2.453181652352214,0.8122
rnn,5,229,9.860109090805054,0.9754,2.9976189956068993,0.7813
rnn,5,230,9.700933275744319,0.9758666666666667,2.6935620233416557,0.7752
rnn,5,231,8.228728506714106,0.9793166666666666,2.917707659304142,0.811
rnn,5,232,8.483765682205558,0.9793833333333334,2.5042808540165424,0.7916
rnn,5,233,8.903100756928325,0.9780833333333333,2.4658367708325386,0.8245
rnn,5,234,8.487528884783387,0.9790166666666666,2.5460145324468613,0.8115
rnn,5,235,8.733386363834143,0.97875,2.509623136371374,0.7602
rnn,5,236,8.614255111664534,0.9787666666666667,2.6855762526392937,0.7664
rnn,5,237,8.559111006557941,0.97925,2.5262640193104744,0.814
rnn,5,238,7.922850962728262,0.98075,2.4829987939447165,0.8178
rnn,5,239,8.197351338341832,0.9797,2.6443084366619587,0.8276
rnn,5,240,8.350559987127781,0.9797666666666667,2.6829015985131264,0.748
rnn,5,241,8.380974989384413,0.9799,3.212970022112131,0.8108
rnn,5,242,8.46189370751381,0.9792333333333333,2.495816197246313,0.7738
rnn,5,243,8.422281246632338,0.97905,2.507000006735325,0.7664
rnn,5,244,8.280968809500337,0.9800166666666666,2.5556746423244476,0.787
rnn,5,245,8.51084309630096,0.9788666666666667,2.987162448465824,0.7614
rnn,5,246,8.330066420137882,0.9788166666666667,2.8263462483882904,0.8389
rnn,5,247,8.652633983641863,0.9786333333333334,2.708953022956848,0.8203
rnn,5,248,8.24723656103015,0.9792166666666666,2.8021741919219494,0.7978
rnn,5,249,8.489968286827207,0.9784166666666667,2.5364311300218105,0.8111
rnn,5,250,8.064014349132776,0.9803166666666666,2.594999622553587,0.7884
rnn,5,251,8.53318228200078,0.9788666666666667,2.5429181568324566,0.8155
rnn,5,252,7.448212045244873,0.9817,2.6849120557308197,0.807
rnn,5,253,8.516279425472021,0.9794333333333334,2.5558388102799654,0.7707
rnn,5,254,9.128735698759556,0.97715,2.5929400250315666,0.8119
rnn,5,255,8.455808330327272,0.9795833333333334,2.992152262479067,0.8357
rnn,5,256,7.970218161121011,0.98035,2.4779259487986565,0.849
rnn,5,257,8.38382077589631,0.9796333333333334,5.40845512598753,0.8573
rnn,5,258,8.46161550283432,0.9799,2.524775732308626,0.7836
rnn,5,259,8.656506948173046,0.9782,3.064611427485943,0.7882
rnn,5,260,9.088524542748928,0.9773833333333334,2.7916641868650913,0.8033
rnn,5,261,7.747112385928631,0.98105,2.5241064466536045,0.7481
rnn,5,262,7.2620175667107105,0.9819333333333333,2.5658276714384556,0.8018
rnn,5,263,7.984456514939666,0.9797,3.3771453872323036,0.7558
rnn,5,264,8.678035870194435,0.9783,3.0150782242417336,0.764
rnn,5,265,8.795202724635601,0.9780333333333333,2.7394404895603657,0.8005
rnn,5,266,7.883256832137704,0.98085,2.6675928737968206,0.7917
rnn,5,267,8.132416892796755,0.98035,2.5612377747893333,0.8018
rnn,5,268,7.47161740064621,0.9817,2.638664547353983,0.8181
rnn,5,269,8.094968173652887,0.9794,2.814748052507639,0.7749
rnn,5,270,8.753228235989809,0.9785166666666667,2.7099639773368835,0.8582
rnn,5,271,7.600599711760879,0.9811,2.6339549403637648,0.8595
rnn,5,272,7.665172604843974,0.98085,2.7171834595501423,0.8488
rnn,5,273,8.490756943821907,0.9789333333333333,2.5304400846362114,0.7935
rnn,5,274,8.105033177882433,0.9799,2.410426402464509,0.8176
rnn,5,275,8.099555427208543,0.9803166666666666,2.9418881461024284,0.819
rnn,5,276,8.404118629172444,0.9788,2.435610067099333,0.8313
rnn,5,277,7.184624930843711,0.9822666666666666,2.583618577569723,0.777
rnn,5,278,6.989542683586478,0.9827666666666667,2.4590804241597652,0.8366
rnn,5,279,7.636782310903072,0.9811833333333333,2.569440059363842,0.7856
rnn,5,280,7.811166889965534,0.98055,2.7589722089469433,0.7776
rnn,5,281,7.734411157667637,0.9804666666666667,3.8122170120477676,0.7528
rnn,5,282,7.60819294070825,0.9806166666666667,2.5260504949837923,0.8117
rnn,5,283,7.72553538903594,0.9803833333333334,2.4707168489694595,0.8189
rnn,5,284,7.4536530040204525,0.9818333333333333,2.7092149183154106,0.7815
rnn,5,285,7.6900918278843164,0.9808833333333333,2.5741788055747747,0.8605
rnn,5,286,6.961161278188229,0.9818333333333333,2.8936446458101273,0.7995
rnn,5,287,6.92599256709218,0.9825,2.4048912432044744,0.8062
rnn,5,288,7.523315016180277,0.9808833333333333,2.629318568855524,0.8019
rnn,5,289,8.349487790837884,0.9782333333333333,3.1003299579024315,0.7448
rnn,5,290,7.868952130898833,0.9801666666666666,2.6550701670348644,0.8512
rnn,5,291,7.6779779102653265,0.98095,2.859196960926056,0.7814
rnn,5,292,8.81872034072876,0.9785833333333334,2.77919246442616,0.7615
rnn,5,293,7.526596132665873,0.9814333333333334,2.6435846127569675,0.7612
rnn,5,294,7.832241326570511,0.9813,2.8377700075507164,0.7434
rnn,5,295,7.756737608462572,0.9806333333333334,2.6914332322776318,0.8248
rnn,5,296,7.073435852304101,0.98215,3.3819391913712025,0.8587
rnn,5,297,7.3189816772937775,0.9814833333333334,3.0380944311618805,0.8084
rnn,5,298,7.510014256462455,0.9816333333333334,2.6991133205592632,0.7974
rnn,5,299,7.311401357874274,0.9815833333333334,2.838285803794861,0.8246
rnn,5,300,8.110030135139823,0.9797833333333333,2.618058457970619,0.8308
lstm,1,1,250.4968295097351,0.2985333333333333,33.424917101860046,0.4646
lstm,1,2,160.50868368148804,0.6209833333333333,22.738150596618652,0.5373
lstm,1,3,118.45400601625443,0.7194666666666667,17.734099864959717,0.6457
lstm,1,4,95.37551862001419,0.77025,14.861947774887085,0.7057
lstm,1,5,79.85890287160873,0.80495,12.399199962615967,0.7441
lstm,1,6,68.65739154815674,0.8287166666666667,10.82001194357872,0.7955
lstm,1,7,59.99377143383026,0.8507333333333333,9.62739109992981,0.8117
lstm,1,8,53.26910597085953,0.8721,8.483376383781433,0.8428
lstm,1,9,47.42880913615227,0.8950666666666667,7.694506496191025,0.8671
lstm,1,10,41.24389562010765,0.917,6.753226220607758,0.8669
lstm,1,11,36.14021275937557,0.92985,6.080896288156509,0.8997
lstm,1,12,32.04400424659252,0.9360666666666667,5.325109913945198,0.8838
lstm,1,13,28.85561642050743,0.9412833333333334,4.833250418305397,0.8936
lstm,1,14,26.37362715601921,0.9449666666666666,4.367355026304722,0.9095
lstm,1,15,24.257376432418823,0.9492,4.102522052824497,0.9089
lstm,1,16,22.683681026101112,0.9514666666666667,4.030148416757584,0.9173
lstm,1,17,21.545788660645485,0.9528333333333333,3.9637928903102875,0.9152
lstm,1,18,20.26281113922596,0.9566166666666667,3.493446573615074,0.9247
lstm,1,19,18.89624784886837,0.95905,3.3288573920726776,0.9378
lstm,1,20,18.528634756803513,0.9586,3.2784493677318096,0.9365
lstm,1,21,17.565553456544876,0.9611666666666666,3.082400221377611,0.9386
lstm,1,22,17.36203822493553,0.9609666666666666,3.032056078314781,0.939
lstm,1,23,16.156776547431946,0.9636333333333333,2.951834060251713,0.94
lstm,1,24,15.440652526915073,0.9654333333333334,2.7941084019839764,0.941
lstm,1,25,14.828028075397015,0.9674166666666667,2.783752977848053,0.9417
lstm,1,26,14.595351748168468,0.9670166666666666,2.8373322673141956,0.9282
lstm,1,27,14.105816796422005,0.9686666666666667,2.6930501461029053,0.9516
lstm,1,28,13.849957194179296,0.9684166666666667,2.613521568477154,0.9438
lstm,1,29,13.138409968465567,0.9704833333333334,2.71898889914155,0.9345
lstm,1,30,12.83933786302805,0.9711166666666666,2.510058209300041,0.9471
lstm,1,31,12.638384144753218,0.97115,2.4183074682950974,0.9492
lstm,1,32,12.052463605999947,0.9722333333333333,2.692672148346901,0.9373
lstm,1,33,11.910663180053234,0.9723,2.363351333886385,0.948
lstm,1,34,11.378556702286005,0.9738,2.3471331410109997,0.9578
lstm,1,35,11.12138543650508,0.9745166666666667,2.498537791892886,0.9554
lstm,1,36,10.873478308320045,0.97495,2.384184019640088,0.962
lstm,1,37,10.804090730845928,0.9751666666666666,2.3334967233240604,0.9458
lstm,1,38,10.441061563789845,0.97565,2.133257983252406,0.9521
lstm,1,39,10.006776086986065,0.9763333333333334,2.3212791197001934,0.9549
lstm,1,40,10.088145282119513,0.9767833333333333,2.125054009258747,0.957
lstm,1,41,9.609196051955223,0.9779,2.169986631721258,0.96
lstm,1,42,9.769545005634427,0.9772,2.3561516292393208,0.9568
lstm,1,43,9.391624473035336,0.97795,2.257410068064928,0.9578
lstm,1,44,9.532012179493904,0.9773833333333334,2.10183915309608,0.9586
lstm,1,45,9.020576357841492,0.9786333333333334,2.0973841957747936,0.9534
lstm,1,46,8.943038489669561,0.9788166666666667,2.1808641105890274,0.9549
lstm,1,47,8.589718237519264,0.9795833333333334,1.9661308750510216,0.9533
lstm,1,48,8.383504960685968,0.9798666666666667,1.9494659304618835,0.9598
lstm,1,49,8.163198806345463,0.9815833333333334,2.1139991767704487,0.9509
lstm,1,50,8.309860583394766,0.98085,2.031651183962822,0.9587
lstm,1,51,8.031642625108361,0.9811166666666666,2.035056548193097,0.9564
lstm,1,52,7.713527601212263,0.98175,1.987349035218358,0.9607
lstm,1,53,7.8042424488812685,0.9819666666666667,1.9715269431471825,0.9591
lstm,1,54,7.5622428469359875,0.9823166666666666,1.8796239402145147,0.9584
lstm,1,55,7.479098217561841,0.9827666666666667,1.9578967429697514,0.9639
lstm,1,56,7.419138185679913,0.9822166666666666,1.9657561294734478,0.9557
lstm,1,57,7.199135171249509,0.9832333333333333,1.8720647506415844,0.9582
lstm,1,58,7.007758384570479,0.98335,1.9281844589859247,0.9539
lstm,1,59,7.076514856889844,0.9833,2.0411945283412933,0.9558
lstm,1,60,6.984495552256703,0.9835833333333334,1.8791615329682827,0.9586
lstm,1,61,6.790695877745748,0.9839,1.8050729744136333,0.9602
lstm,1,62,6.695131009444594,0.9839333333333333,1.810205364599824,0.9573
lstm,1,63,6.849394714459777,0.98375,1.872923269867897,0.954
lstm,1,64,6.765651266556233,0.9840333333333333,1.7882212959229946,0.9581
lstm,1,65,6.359447188675404,0.98535,1.9151129368692636,0.9651
lstm,1,66,6.291043778881431,0.9847833333333333,1.8189537953585386,0.9584
lstm,1,67,6.508071515709162,0.9848,1.7560665011405945,0.9582
lstm,1,68,6.844177367165685,0.9834333333333334,1.8109060702845454,0.9565
lstm,1,69,6.364781104028225,0.9851333333333333,1.7281494634225965,0.9629
lstm,1,70,5.7394966296851635,0.9865,1.6976338606327772,0.9638
lstm,1,71,5.982844954356551,0.98605,1.7918529510498047,0.9573
lstm,1,72,5.857056947425008,0.9858833333333333,1.7848605327308178,0.9627
lstm,1,73,5.849234459921718,0.9861333333333333,1.6883204579353333,0.9584
lstm,1,74,5.43906569480896,0.9872,1.7520775217562914,0.9584
lstm,1,75,5.632400656118989,0.9864166666666667,1.8177322428673506,0.9601
lstm,1,76,5.556541280820966,0.9871333333333333,1.7647764962166548,0.9614
lstm,1,77,5.481212245300412,0.98735,1.6884558275341988,0.9625
lstm,1,78,5.463860809803009,0.9870666666666666,1.7548659248277545,0.9582
lstm,1,79,5.219449199736118,0.98825,1.6779268682003021,0.9654
lstm,1,80,5.487885331735015,0.9869833333333333,1.8864443954080343,0.9599
lstm,1,81,5.342737428843975,0.9871833333333333,1.7642306061461568,0.9613
lstm,1,82,4.928534874226898,0.9883,1.789862321689725,0.9634
lstm,1,83,5.022872150875628,0.9882333333333333,1.8037270158529282,0.957
lstm,1,84,4.925030597485602,0.9887166666666667,1.7543003922328353,0.9618
lstm,1,85,5.1168504655361176,0.9881,1.6651680786162615,0.9653
lstm,1,86,4.842304234858602,0.9883166666666666,1.70481663569808,0.9603
lstm,1,87,4.906951691955328,0.9882166666666666,1.6491511166095734,0.9677
lstm,1,88,4.7112497221678495,0.9893833333333333,1.692137522622943,0.9649
lstm,1,89,4.588461087085307,0.9890666666666666,1.726345743983984,0.9635
lstm,1,90,4.61823012214154,0.9889166666666667,1.687401220202446,0.9648
lstm,1,91,4.641272297129035,0.9893166666666666,1.71896100230515,0.9562
lstm,1,92,4.644248147495091,0.9885333333333334,1.7286110129207373,0.9644
lstm,1,93,4.505553999915719,0.9894666666666667,1.6970941154286265,0.9633
lstm,1,94,4.471630854532123,0.98985,1.6816846579313278,0.9626
lstm,1,95,4.193314052186906,0.9902333333333333,1.618889776058495,0.9642
lstm,1,96,4.144120748154819,0.9904166666666666,1.6661436837166548,0.9658
lstm,1,97,4.533717329613864,0.9888166666666667,1.5864094216376543,0.9651
lstm,1,98,4.102435450069606,0.9907666666666667,1.7029658937826753,0.9647
lstm,1,99,4.004272724501789,0.9908,1.7541929753497243,0.9634
lstm,1,100,4.052909987978637,0.9905666666666667,1.7707352470606565,0.9647
lstm,1,101,4.2424842761829495,0.9903666666666666,1.634641437791288,0.9619
lstm,1,102,4.041269641369581,0.9903,1.664414850063622,0.9603
lstm,1,103,4.063161835074425,0.9905166666666667,1.8846762143075466,0.9624
lstm,1,104,3.994462864007801,0.9903833333333333,1.6662458218634129,0.964
lstm,1,105,3.780045235529542,0.9916666666666667,1.6381371542811394,0.9665
lstm,1,106,4.228633176535368,0.9901166666666666,1.600272231735289,0.9659
lstm,1,107,3.7138035716488957,0.9915166666666667,1.6391172255389392,0.9687
lstm,1,108,3.7488683238625526,0.99115,1.731607156805694,0.9609
lstm,1,109,3.7272457433864474,0.9912,1.6707599312067032,0.9662
lstm,1,110,3.8418806893751025,0.99115,1.6208909237757325,0.9703
lstm,1,111,4.236805511638522,0.9897333333333334,1.644434841349721,0.9681
lstm,1,112,3.535616829060018,0.99165,1.5825782380998135,0.9688
lstm,1,113,3.7718309462070465,0.9910166666666667,1.6777354748919606,0.9655
lstm,1,114,3.447664363309741,0.9919833333333333,1.692872067913413,0.9612
lstm,1,115,3.480890196748078,0.9920666666666667,1.6525803981348872,0.964
lstm,1,116,3.499732236843556,0.992,1.623318606056273,0.9654
lstm,1,117,3.2715034312568605,0.9924,1.6514135831966996,0.9658
lstm,1,118,3.4443543553352356,0.9922,1.8101166998967528,0.9681
lstm,1,119,3.7877902314066887,0.99095,1.5540814818814397,0.9699
lstm,1,120,3.4603301770985126,0.9921833333333333,1.807994656264782,0.9626
lstm,1,121,3.659101339057088,0.9914666666666667,1.6106579527258873,0.9692
lstm,1,122,3.3187081003561616,0.99235,1.6900459844619036,0.962
lstm,1,123,3.538815283216536,0.9916,1.7538652047514915,0.9649
lstm,1,124,3.017839692533016,0.9931666666666666,1.6345191299915314,0.9651
lstm,1,125,3.1779855424538255,0.9927666666666667,1.767012869939208,0.9642
lstm,1,126,2.987004636786878,0.9931,1.7131672911345959,0.9653
lstm,1,127,3.109078695997596,0.9924166666666666,1.7126482035964727,0.9658
lstm,1,128,3.525203235913068,0.9915833333333334,1.9183218972757459,0.9626
lstm,1,129,3.0570095484144986,0.9930166666666667,1.7281784880906343,0.9653
lstm,1,130,3.428615694399923,0.9919166666666667,1.6251310836523771,0.9668
lstm,1,131,2.8100239909254014,0.9936666666666667,1.6110697612166405,0.965
lstm,1,132,2.8638335121795535,0.9935166666666667,1.7106408923864365,0.9612
lstm,1,133,2.960538871586323,0.9932333333333333,1.8060552878305316,0.9644
lstm,1,134,3.1156408018432558,0.99275,1.6890317238867283,0.9666
lstm,1,135,3.0894577582366765,0.9928166666666667,1.6431871792301536,0.9696
lstm,1,136,2.9574577510356903,0.9932,1.7479197131469846,0.9665
lstm,1,137,2.9668456413783133,0.9929666666666667,1.7558027943596244,0.9681
lstm,1,138,2.8838308113627136,0.9934166666666666,1.6973516251891851,0.9646
lstm,1,139,3.3074104730039835,0.9926,1.615771516226232,0.9676
lstm,1,140,2.824499625712633,0.99365,1.7155934209004045,0.9669
lstm,1,141,2.729979027993977,0.9936833333333334,1.6966846026480198,0.9678
lstm,1,142,2.6155590361449867,0.99375,1.8329030750319362,0.9587
lstm,1,143,2.9181449245661497,0.9932166666666666,1.6888517178595066,0.9652
lstm,1,144,2.5160537203773856,0.9945,1.8600790947675705,0.9631
lstm,1,145,2.435229833703488,0.9945666666666667,1.764966081827879,0.9628
lstm,1,146,2.7681421036832035,0.99375,1.830509139224887,0.9673
lstm,1,147,2.7244521758984774,0.9937333333333334,1.8873164970427752,0.9613
lstm,1,148,2.569102475885302,0.9944333333333333,1.847853290848434,0.9659
lstm,1,149,2.5881865904666483,0.9939833333333333,1.6752478927373886,0.9657
lstm,1,150,2.7428348769899458,0.9935666666666667,1.781003705225885,0.9677
lstm,1,151,2.5326552893966436,0.9938833333333333,1.7525403490290046,0.9683
lstm,1,152,2.8441607328131795,0.9933666666666666,1.827096167486161,0.965
lstm,1,153,2.9171283645555377,0.9929166666666667,1.719733078032732,0.9628
lstm,1,154,2.7308470900170505,0.99385,1.8241923246532679,0.9654
lstm,1,155,2.5524664539843798,0.9943666666666666,1.616231513209641,0.9682
lstm,1,156,2.3520712181925774,0.99465,1.688004876486957,0.9693
lstm,1,157,2.360948134213686,0.9946666666666667,2.029626715928316,0.968
lstm,1,158,2.823013019282371,0.9930833333333333,1.70085318852216,0.9703
lstm,1,159,2.348913049325347,0.9946166666666667,1.7975400350987911,0.9662
lstm,1,160,2.256642684340477,0.9950166666666667,1.764929624274373,0.9693
lstm,1,161,2.5322611210867763,0.9943333333333333,1.7467439733445644,0.9673
lstm,1,162,2.5418734326958656,0.9939666666666667,1.6804928099736571,0.9693
lstm,1,163,2.4427713421173394,0.9943,1.7726721335202456,0.9607
lstm,1,164,2.438883326947689,0.9944333333333333,1.8727041129022837,0.9633
lstm,1,165,2.551726250909269,0.994,1.7934057535603642,0.9669
lstm,1,166,2.338566702324897,0.99445,1.8846764834597707,0.9658
lstm,1,167,2.54611246380955,0.9939333333333333,1.8261860283091664,0.9663
lstm,1,168,2.1445160056464374,0.9951666666666666,1.9336504777893424,0.9612
lstm,1,169,2.2910128058865666,0.9948,1.8245507758110762,0.9673
lstm,1,170,2.0889342832379043,0.99545,1.8060486996546388,0.969
lstm,1,171,2.0730726034380496,0.9954166666666666,1.7349879555404186,0.968
lstm,1,172,2.3780282330699265,0.9941833333333333,1.7758521819487214,0.9672
lstm,1,173,1.9746323823928833,0.9956833333333334,2.204373293556273,0.9536
lstm,1,174,2.079735982231796,0.99535,1.8449707785621285,0.9702
lstm,1,175,1.9414202694315463,0.9958,1.722077109850943,0.9697
lstm,1,176,1.9623962785117328,0.9957333333333334,1.8750988710671663,0.966
lstm,1,177,2.3185183629393578,0.9949333333333333,2.010531300678849,0.962
lstm,1,178,2.956087850034237,0.9929166666666667,2.0551377926021814,0.9615
lstm,1,179,2.3351917238906026,0.9942166666666666,1.7216738099232316,0.9682
lstm,1,180,1.8607638175599277,0.9961,1.7891001412644982,0.9664
lstm,1,181,2.064042854704894,0.9951666666666666,1.8268450303003192,0.9672
lstm,1,182,2.034425728023052,0.9952166666666666,1.9977542292326689,0.9633
lstm,1,183,2.052904559066519,0.9952333333333333,1.8837476707994938,0.9691
lstm,1,184,1.9859499570447952,0.9952833333333333,1.7715631583705544,0.9702
lstm,1,185,2.395687018055469,0.9942,1.8446897296234965,0.968
lstm,1,186,1.9169508339837193,0.9958166666666667,1.8639566008932889,0.9682
lstm,1,187,1.9585343881044537,0.9957,1.8667984884232283,0.9669
lstm,1,188,2.20855701318942,0.9948833333333333,1.7254433589987457,0.9689
lstm,1,189,1.7199861196568236,0.9963166666666666,1.9318581488914788,0.9673
lstm,1,190,1.7241917304927483,0.9962166666666666,1.8809309378266335,0.966
lstm,1,191,1.7778251664713025,0.9961666666666666,1.9400328849442303,0.9669
lstm,1,192,2.4178412302862853,0.9942666666666666,1.931295576505363,0.9684
lstm,1,193,2.3962997416965663,0.9942833333333333,1.9256691401824355,0.962
lstm,1,194,2.0329560104291886,0.9950833333333333,1.9008982134982944,0.9651
lstm,1,195,1.5856390235712752,0.9965666666666667,1.8138816650025547,0.9692
lstm,1,196,1.5919344975845888,0.9966833333333334,1.8258778862655163,0.9674
lstm,1,197,1.802697004051879,0.9959333333333333,1.8846109015867114,0.9643
lstm,1,198,1.8686871533282101,0.9959,1.8715782472863793,0.9689
lstm,1,199,1.7874726178124547,0.99605,1.9681721031665802,0.9654
lstm,1,200,1.855754473945126,0.9959,1.827764468966052,0.9701
lstm,1,201,1.8219969810452312,0.9958833333333333,1.9107159464620054,0.969
lstm,1,202,1.7144396710209548,0.99605,1.8764017187058926,0.9692
lstm,1,203,1.8807377042248845,0.99565,1.9319322193041444,0.9681
lstm,1,204,1.8001961382105947,0.99595,1.928249416872859,0.9691
lstm,1,205,1.541261408245191,0.9967333333333334,1.9044249383732677,0.9687
lstm,1,206,1.5421333690173924,0.9965166666666667,1.871020664460957,0.9698
lstm,1,207,1.4528513161931187,0.9971,1.8771786247380078,0.9718
lstm,1,208,1.870644372946117,0.9958666666666667,2.1353397388011217,0.9607
lstm,1,209,2.049334734911099,0.9950166666666667,1.9914877363480628,0.9669
lstm,1,210,1.8425876853289083,0.9958833333333333,1.8857306712307036,0.9703
lstm,1,211,1.701977168326266,0.9962166666666666,1.9451917798724025,0.9677
lstm,1,212,1.5503477873280644,0.9966333333333334,1.9904246525838971,0.9644
lstm,1,213,1.4474198744865134,0.9967666666666667,1.9002851503901184,0.9687
lstm,1,214,1.3217850413639098,0.9975166666666667,1.9770846804603934,0.9657
lstm,1,215,1.9766122824512422,0.9951833333333333,2.0444036424160004,0.9645
lstm,1,216,2.13848955265712,0.99485,1.9665140267461538,0.9667
lstm,1,217,1.6429681624285877,0.99635,1.9095428814180195,0.9696
lstm,1,218,1.7705094907432795,0.9959166666666667,1.8842323990538716,0.9714
lstm,1,219,1.408123221481219,0.9967166666666667,1.911315500503406,0.9706
lstm,1,220,1.3218330930685624,0.99735,1.9036253518424928,0.9701
lstm,1,221,1.5895945248194039,0.9964333333333333,2.0011080484837294,0.9665
lstm,1,222,1.2391498098149896,0.99765,2.017298750579357,0.966
lstm,1,223,1.2395755934994668,0.9975166666666667,2.0115010626614094,0.9662
lstm,1,224,1.5097094492521137,0.9965666666666667,2.0390071254223585,0.9677
lstm,1,225,1.7921864979434758,0.9958833333333333,2.157137013040483,0.9619
lstm,1,226,1.7184262196533382,0.9960333333333333,2.349408599548042,0.9657
lstm,1,227,2.914158310042694,0.99285,2.0884851042646915,0.9672
lstm,1,228,1.6161429781932384,0.9962833333333333,1.867229226976633,0.9675
lstm,1,229,1.2451398676494136,0.9974333333333333,1.9743080735206604,0.9681
lstm,1,230,1.3795549621572718,0.9969166666666667,1.9188844396267086,0.9702
lstm,1,231,1.1464385620784014,0.9976833333333334,1.9555135876871645,0.9693
lstm,1,232,1.4275964515982196,0.9968333333333333,2.0122880614362657,0.9668
lstm,1,233,2.5256667805369943,0.99385,1.9646497005596757,0.9661
lstm,1,234,1.6435666258912534,0.9961,1.9800378994550556,0.9696
lstm,1,235,1.4245208671782166,0.997,1.9097650633193552,0.9678
lstm,1,236,1.446831091423519,0.9968166666666667,1.8900523805059493,0.9684
lstm,1,237,1.4083751246798784,0.9967666666666667,2.0624227644875646,0.968
lstm,1,238,1.2737960350932553,0.9974,1.9543549232184887,0.9688
lstm,1,239,1.2615484248381108,0.9974,2.099144390784204,0.9654
lstm,1,240,1.1251057023182511,0.9977666666666667,2.048062063753605,0.9691
lstm,1,241,1.132757528219372,0.99785,1.9020711109042168,0.9709
lstm,1,242,1.2095413986826316,0.9974,1.9853449729271233,0.966
lstm,1,243,2.6333993214648217,0.99355,1.9743775534443557,0.9699
lstm,1,244,1.6556049954378977,0.9958833333333333,2.0304038557223976,0.9707
lstm,1,245,1.1786503253970295,0.9975833333333334,1.9461657283827662,0.9674
lstm,1,246,1.2354423983488232,0.9972833333333333,2.0655795766506344,0.9704
lstm,1,247,1.7143156972015277,0.9957166666666667,2.112774332985282,0.9651
lstm,1,248,1.1061518591595814,0.9978333333333333,2.0447347625158727,0.9669
lstm,1,249,1.1161181480856612,0.9976666666666667,2.0184459183365107,0.9692
lstm,1,250,1.3992213427554816,0.9969666666666667,2.0398419715929776,0.9692
lstm,1,251,1.3812872883863747,0.9970333333333333,2.02098350180313,0.9665
lstm,1,252,1.8355012801475823,0.9958333333333333,2.166026407852769,0.9649
lstm,1,253,1.2150434711948037,0.9974333333333333,2.093313101446256,0.9714
lstm,1,254,1.325708678457886,0.997,2.074968144064769,0.9727
lstm,1,255,1.2304232731403317,0.9972333333333333,2.063405686058104,0.9658
lstm,1,256,1.0501013490720652,0.9979333333333333,2.075718205422163,0.9667
lstm,1,257,1.6381295452592894,0.9961333333333333,2.16312867263332,0.9679
lstm,1,258,1.7095024758018553,0.99595,1.9809745755046606,0.9698
lstm,1,259,1.6586914067156613,0.99615,2.0516764344647527,0.9696
lstm,1,260,0.9513380613643676,0.9981,1.9521581158041954,0.9698
lstm,1,261,0.9046769349370152,0.9982666666666666,2.030468663200736,0.9707
lstm,1,262,0.9111071965890005,0.99815,2.0759783145040274,0.9691
lstm,1,263,1.185243502841331,0.99735,2.1995196132920682,0.9674
lstm,1,264,1.1726874701562338,0.99745,2.054634219966829,0.9696
lstm,1,265,1.1367432214319706,0.9977,2.086920218542218,0.9641
lstm,1,266,2.073916577268392,0.9950166666666667,2.470896410755813,0.9646
lstm,1,267,1.7104477394605055,0.99595,1.977258112281561,0.9717
lstm,1,268,1.054507470689714,0.9979833333333333,2.125818462111056,0.9708
lstm,1,269,1.5435985641088337,0.9962666666666666,2.1869819778949022,0.9675
lstm,1,270,1.254122529644519,0.9969833333333333,1.9792610732838511,0.9694
lstm,1,271,1.0041593728819862,0.99795,2.106671237386763,0.9704
lstm,1,272,1.2008650206262246,0.9972833333333333,2.087143298238516,0.9714
lstm,1,273,1.555572940967977,0.9961333333333333,2.2260761759243906,0.971
lstm,1,274,1.6867662883014418,0.9958833333333333,2.045337620191276,0.9677
lstm,1,275,0.9631272738333791,0.9979666666666667,1.9372604521922767,0.9734
lstm,1,276,0.9833072902401909,0.9980166666666667,2.0380524625070393,0.9712
lstm,1,277,0.7806014171801507,0.9985666666666667,2.0008218102157116,0.9697
lstm,1,278,0.7403009881963953,0.99875,2.0224843653850257,0.9704
lstm,1,279,0.765226547664497,0.9985166666666667,2.06997789721936,0.9707
lstm,1,280,1.4008402714971453,0.99685,2.1080796900205314,0.9713
lstm,1,281,1.8124961868161336,0.9955,2.2708955416455865,0.9613
lstm,1,282,1.8483171308180317,0.9956166666666667,2.022144189104438,0.9674
lstm,1,283,1.3175461766077206,0.99695,2.0256312284618616,0.9678
lstm,1,284,1.272147148149088,0.9973166666666666,2.188621338456869,0.9696
lstm,1,285,0.9007885279715993,0.9982,2.054046954959631,0.9696
lstm,1,286,1.0094084951560944,0.9979333333333333,2.134240996558219,0.9722
lstm,1,287,0.8598489462165162,0.9981833333333333,2.037386026000604,0.9683
lstm,1,288,1.352905256091617,0.9969833333333333,2.3441825760528445,0.9663
lstm,1,289,1.877131929853931,0.9955666666666667,2.1276676496490836,0.9659
lstm,1,290,1.0297615460585803,0.99755,2.0631845148745924,0.9699
lstm,1,291,1.0288435246911831,0.9978,2.1087210061959922,0.9691
lstm,1,292,0.987037532730028,0.9978833333333333,2.0820051757618785,0.9702
lstm,1,293,0.8174256577622145,0.9984666666666666,2.1110395572613925,0.9719
lstm,1,294,1.8007198853301816,0.99545,2.5004669316112995,0.9613
lstm,1,295,1.2587019285419956,0.9969833333333333,2.172993065789342,0.9669
lstm,1,296,1.2700224091531709,0.9968333333333333,2.1448142416775227,0.9687
lstm,1,297,0.9181932746432722,0.9979833333333333,2.2217860631644726,0.971
lstm,1,298,1.7075414792634547,0.99595,2.067659971304238,0.9704
lstm,1,299,1.4275313186226413,0.9965166666666667,2.168576209805906,0.9698
lstm,1,300,1.197904435073724,0.9972166666666666,2.1441635289229453,0.9676
lstm,2,1,251.00007903575897,0.2619,34.34570789337158,0.4581
lstm,2,2,164.14130401611328,0.6443,22.637974500656128,0.649
lstm,2,3,112.2763237953186,0.7746666666666666,15.993765354156494,0.7141
lstm,2,4,83.35755336284637,0.8305333333333333,12.670380502939224,0.754
lstm,2,5,66.59655392169952,0.86285,10.20942497253418,0.796
lstm,2,6,56.23156815767288,0.8821166666666667,8.635320156812668,0.8369
lstm,2,7,48.3064586520195,0.8978,7.4761048555374146,0.859
lstm,2,8,42.32400161027908,0.9093666666666667,6.658858895301819,0.8649
lstm,2,9,36.88313628733158,0.9213,5.971686542034149,0.8942
lstm,2,10,33.348514184355736,0.9288,5.706417202949524,0.8872
lstm,2,11,29.987671241164207,0.9350666666666667,4.810841411352158,0.9099
lstm,2,12,27.24088141322136,0.9415833333333333,4.535135447978973,0.9095
lstm,2,13,25.403777211904526,0.9448666666666666,4.2526344284415245,0.911
lstm,2,14,23.63846980035305,0.9485666666666667,3.8756193295121193,0.9201
lstm,2,15,21.742670841515064,0.9531333333333334,3.7129775062203407,0.9422
lstm,2,16,20.556141048669815,0.9553,3.7488236501812935,0.9272
lstm,2,17,19.745780631899834,0.9566666666666667,3.324336923658848,0.9313
lstm,2,18,18.47659318894148,0.9591833333333334,3.200875759124756,0.946
lstm,2,19,18.049448683857918,0.9598,3.213902600109577,0.9196
lstm,2,20,17.085731364786625,0.9618333333333333,2.9255687408149242,0.9226
lstm,2,21,16.123600497841835,0.9633666666666667,3.095017910003662,0.9496
lstm,2,22,15.592467159032822,0.9646666666666667,2.901882264763117,0.921
lstm,2,23,14.785888716578484,0.9661,2.5304108634591103,0.9381
lstm,2,24,14.105670683085918,0.9677333333333333,2.480797529220581,0.9392
lstm,2,25,13.688782133162022,0.9689666666666666,2.416799422353506,0.9531
lstm,2,26,13.393949449062347,0.9691333333333333,2.367809846997261,0.9484
lstm,2,27,12.983219839632511,0.97,2.3844580315053463,0.9442
lstm,2,28,12.149829130619764,0.9711333333333333,2.561839886009693,0.9535
lstm,2,29,12.044404450803995,0.9725,2.188651265576482,0.9578
lstm,2,30,11.84105509892106,0.9728333333333333,2.023657750338316,0.9552
lstm,2,31,11.655436052009463,0.9720666666666666,2.0114974174648523,0.9601
lstm,2,32,11.137375935912132,0.9741666666666666,2.1972594298422337,0.9505
lstm,2,33,10.878554351627827,0.9744,2.1113906614482403,0.9569
lstm,2,34,10.674930278211832,0.97515,2.4204526729881763,0.9476
lstm,2,35,10.437438789755106,0.9754,1.9284942150115967,0.9473
lstm,2,36,10.20949274674058,0.9756833333333333,1.96594706363976,0.9546
lstm,2,37,10.003603406250477,0.9764833333333334,2.0507002286612988,0.9513
lstm,2,38,10.388152573257685,0.9754333333333334,1.9026383198797703,0.9524
lstm,2,39,9.478833083063364,0.9775166666666667,1.974143449217081,0.9617
lstm,2,40,9.38980583101511,0.97775,1.8031619433313608,0.9576
lstm,2,41,9.37794453650713,0.9778666666666667,1.7981681171804667,0.9532
lstm,2,42,8.999985940754414,0.9790833333333333,2.0512495320290327,0.9571
lstm,2,43,9.026117447763681,0.9782,1.7596485707908869,0.9525
lstm,2,44,8.77862236648798,0.9794166666666667,1.702400667592883,0.9625
lstm,2,45,8.528284717351198,0.9793833333333334,1.6933357920497656,0.959
lstm,2,46,8.86965200304985,0.9787333333333333,1.6737405247986317,0.9609
lstm,2,47,8.141629956662655,0.9802166666666666,1.718004448339343,0.9458
lstm,2,48,8.109710587188601,0.9801166666666666,1.6643481152132154,0.9503
lstm,2,49,7.955737702548504,0.9808833333333333,1.6207765582948923,0.9518
lstm,2,50,7.742405271157622,0.9814666666666667,1.6604607664048672,0.9453
lstm,2,51,7.7120709381997585,0.9807333333333333,1.7300849640741944,0.9654
lstm,2,52,7.556192260235548,0.9816,1.557226282544434,0.9604
lstm,2,53,7.234857201576233,0.9824166666666667,1.5687996875494719,0.9699
lstm,2,54,7.078424159437418,0.9826833333333334,1.8186711706221104,0.9574
lstm,2,55,7.1903477646410465,0.9826,1.672015655785799,0.9594
lstm,2,56,7.106970621272922,0.9827166666666667,1.5956289414316416,0.9599
lstm,2,57,7.060175035148859,0.98245,1.5841060653328896,0.9489
lstm,2,58,6.998789483681321,0.9830166666666666,1.4928439119830728,0.9638
lstm,2,59,6.538738843053579,0.9840333333333333,1.6306380368769169,0.9662
lstm,2,60,6.67583987955004,0.9834333333333334,1.4918604558333755,0.9622
lstm,2,61,6.365562567487359,0.9845166666666667,1.6278663910925388,0.9667
lstm,2,62,6.431097317487001,0.9843333333333333,1.4164545545354486,0.9665
lstm,2,63,6.2693845722824335,0.9845166666666667,1.4666533917188644,0.9683
lstm,2,64,6.438411191105843,0.9845,1.6808867081999779,0.9598
lstm,2,65,6.341017469763756,0.9843,1.558442648500204,0.9581
lstm,2,66,5.959322860464454,0.98555,1.5444689113646746,0.9667
lstm,2,67,5.899840034544468,0.9854,1.3599621262401342,0.9585
lstm,2,68,6.093975845724344,0.9854666666666667,1.5081183183938265,0.9654
lstm,2,69,5.611460277810693,0.9863,1.466841820627451,0.9638
lstm,2,70,5.610235812142491,0.9863166666666666,1.4013038277626038,0.9624
lstm,2,71,5.276374444365501,0.987,1.3665310149081051,0.966
lstm,2,72,5.385388556867838,0.9868166666666667,1.322999019175768,0.9676
lstm,2,73,5.292282405309379,0.9872333333333333,1.380082443356514,0.9696
lstm,2,74,5.346437815576792,0.98665,1.4456611955538392,0.9682
lstm,2,75,5.2966149430722,0.9867333333333334,1.3490838650614023,0.966
lstm,2,76,5.018714863806963,0.9879666666666667,1.4255190659314394,0.962
lstm,2,77,5.080831604078412,0.9874833333333334,1.3893369873985648,0.966
lstm,2,78,5.3024436784908175,0.9870666666666666,1.4929883107542992,0.9616
lstm,2,79,4.933531379327178,0.9880166666666667,1.3343983236700296,0.9591
lstm,2,80,5.078172347508371,0.9874333333333334,1.4363998174667358,0.9712
lstm,2,81,5.004519751295447,0.9877833333333333,1.3420123867690563,0.9663
lstm,2,82,4.795777854509652,0.9882833333333333,1.4302906189113855,0.9716
lstm,2,83,4.878826852887869,0.9879666666666667,1.4851753795519471,0.9578
lstm,2,84,4.812918328680098,0.9880833333333333,1.3868876043707132,0.9608
lstm,2,85,4.568013542331755,0.9887333333333334,1.3170294715091586,0.9716
lstm,2,86,4.689241635613143,0.9886333333333334,1.270283025689423,0.965
lstm,2,87,4.61549729667604,0.9885166666666667,1.3419830678030849,0.9716
lstm,2,88,4.724950781092048,0.9879833333333333,1.4027142329141498,0.9638
lstm,2,89,4.307647617533803,0.98945,1.2981675514020026,0.9692
lstm,2,90,4.272506710141897,0.9892,1.517053447663784,0.9599
lstm,2,91,4.284092640504241,0.9892166666666666,1.5218473989516497,0.9641
lstm,2,92,4.445295020006597,0.98865,1.2693707016296685,0.9708
lstm,2,93,4.143584211356938,0.9902833333333333,1.2664760882034898,0.9698
lstm,2,94,4.030851284042001,0.9904833333333334,1.2929608719423413,0.9719
lstm,2,95,3.86369507573545,0.9904666666666667,1.4090159609913826,0.9621
lstm,2,96,4.124636743217707,0.9898666666666667,1.2505117394030094,0.9709
lstm,2,97,3.9093451192602515,0.9905,1.2537276586517692,0.9699
lstm,2,98,3.914409904740751,0.9901,1.361005574464798,0.9634
lstm,2,99,4.138783206231892,0.9898333333333333,1.3241852596402168,0.9746
lstm,2,100,4.077410840429366,0.9900333333333333,1.291944906115532,0.9648
lstm,2,101,3.906256831251085,0.9896833333333334,1.3423278611153364,0.9665
lstm,2,102,3.664315619505942,0.9909166666666667,1.4120411230251193,0.9639
lstm,2,103,3.64796076528728,0.9909,1.3476248322986066,0.9642
lstm,2,104,3.827397712506354,0.9903166666666666,1.3985587619245052,0.9581
lstm,2,105,3.743701420724392,0.9908333333333333,1.2908474281430244,0.9688
lstm,2,106,3.6651847139000893,0.9912,1.2585286013782024,0.9749
lstm,2,107,3.287997791543603,0.9919166666666667,1.242863668128848,0.9741
lstm,2,108,3.4034214662387967,0.9915,1.6542400857433677,0.9635
lstm,2,109,3.718531367368996,0.9908833333333333,1.4269482418894768,0.9677
lstm,2,110,3.392782831331715,0.99165,1.320831005461514,0.9732
lstm,2,111,3.3077199165709317,0.9918833333333333,1.3894031941890717,0.9614
lstm,2,112,3.2932871296070516,0.99175,1.2631295816972852,0.9706
lstm,2,113,3.2423148145899177,0.992,1.2925936225801706,0.9702
lstm,2,114,2.8643143251538277,0.9934166666666666,1.388809446245432,0.9707
lstm,2,115,3.202694159001112,0.99205,1.2687478342559189,0.9706
lstm,2,116,3.218088589143008,0.99185,1.4340569665655494,0.9626
lstm,2,117,3.2103844294324517,0.9920666666666667,1.3590733772143722,0.9686
lstm,2,118,3.2498964215628803,0.9918833333333333,1.2424677601084113,0.9669
lstm,2,119,2.980313981883228,0.9928,1.3117670211941004,0.964
lstm,2,120,3.2367273084819317,0.9921,1.4186796490103006,0.9611
lstm,2,121,3.1884226370602846,0.9920666666666667,1.410028139129281,0.9751
lstm,2,122,2.8758240416646004,0.9929666666666667,1.3765808418393135,0.9648
lstm,2,123,2.9979508188553154,0.9924833333333334,1.299598596058786,0.9711
lstm,2,124,2.816541448235512,0.9932666666666666,1.580626729875803,0.9619
lstm,2,125,2.95047373091802,0.9926333333333334,1.2404911443591118,0.9746
lstm,2,126,3.0117257270030677,0.9926,1.2249279506504536,0.9724
lstm,2,127,2.996671410975978,0.99245,1.349280457943678,0.9599
lstm,2,128,2.666863502934575,0.9937,1.272985759191215,0.9688
lstm,2,129,2.9379871720448136,0.9925333333333334,1.2083993628621101,0.9694
lstm,2,130,2.710149979684502,0.9935,1.380542742088437,0.9682
lstm,2,131,2.603647837648168,0.9938833333333333,1.389095526188612,0.9685
lstm,2,132,2.9742241855710745,0.9925,1.2466695290058851,0.9707
lstm,2,133,2.9989970731548965,0.9926666666666667,1.3143118768930435,0.9736
lstm,2,134,2.74986937828362,0.9933333333333333,1.2175331213511527,0.9716
lstm,2,135,2.4819845906458795,0.9939333333333333,1.3473279159516096,0.9676
lstm,2,136,2.4401222271844745,0.9944666666666667,1.2315958263352513,0.9699
lstm,2,137,2.565729130525142,0.9937833333333334,1.3074347209185362,0.9719
lstm,2,138,2.2491457846481353,0.9948166666666667,1.296737230848521,0.9692
lstm,2,139,2.4559597386978567,0.99445,1.2528288629837334,0.9704
lstm,2,140,2.282445399556309,0.9945833333333334,1.2916724034585059,0.9664
lstm,2,141,2.561371797695756,0.9934666666666667,1.269748409744352,0.9725
lstm,2,142,2.4777823232579976,0.9937666666666667,1.2414382551796734,0.974
lstm,2,143,2.490558377467096,0.9938,1.3021244022529572,0.9706
lstm,2,144,2.647114494116977,0.9940166666666667,1.3726256405934691,0.9645
lstm,2,145,2.5749638746492565,0.99335,1.272512354888022,0.9705
lstm,2,146,2.290748987812549,0.9945666666666667,1.2541334670968354,0.9716
lstm,2,147,2.2636866710381582,0.9945666666666667,1.3725076951086521,0.9723
lstm,2,148,2.301132883410901,0.9948166666666667,1.3605320174247026,0.971
lstm,2,149,2.1903221630491316,0.9948833333333333,1.2611486855894327,0.9719
lstm,2,150,2.279790313448757,0.99455,1.2719661784358323,0.9687
lstm,2,151,2.2204700822476298,0.9945833333333334,1.2580473886337131,0.9733
lstm,2,152,2.3558267175685614,0.9946666666666667,1.2292934055440128,0.971
lstm,2,153,2.276894005946815,0.9943833333333333,1.30516470503062,0.9739
lstm,2,154,2.3483164452482015,0.9941166666666666,1.2849348825402558,0.9676
lstm,2,155,2.2148806196055375,0.9946833333333334,1.260143413557671,0.9687
lstm,2,156,1.8909212502185255,0.9957666666666667,1.277452818583697,0.9693
lstm,2,157,2.364972814451903,0.9940333333333333,1.400377024896443,0.973
lstm,2,158,2.7488701390102506,0.9932333333333333,1.5605856927577406,0.968
lstm,2,159,2.0828825319185853,0.9950166666666667,1.29234523861669,0.9699
lstm,2,160,2.045687010511756,0.9954333333333333,1.3107761226128787,0.9694
lstm,2,161,1.9920813525095582,0.99535,1.2490349451545626,0.967
lstm,2,162,1.93828393984586,0.9953833333333333,1.2801380817545578,0.9734
lstm,2,163,1.7847630979958922,0.9960333333333333,1.3040652805939317,0.9721
lstm,2,164,2.2602013903670013,0.99395,1.338146680034697,0.9711
lstm,2,165,1.7397865862585604,0.9959,1.3305752421729267,0.9737
lstm,2,166,1.8797691725194454,0.99535,1.259557282552123,0.9682
lstm,2,167,2.0896604997105896,0.9948833333333333,1.5700835771858692,0.967
lstm,2,168,2.0998460720293224,0.9948333333333333,1.3514914331026375,0.9685
lstm,2,169,1.6867647771723568,0.99615,1.2929907874204218,0.9706
lstm,2,170,1.8910516211763024,0.9955166666666667,1.3333409228362143,0.9719
lstm,2,171,1.9860979203367606,0.9954666666666667,1.4399087680503726,0.9645
lstm,2,172,1.7649199613370001,0.9959833333333333,1.2999273793539032,0.9688
lstm,2,173,1.942844661185518,0.9953166666666666,1.3132353452965617,0.9658
lstm,2,174,1.7113835199270397,0.9961833333333333,1.3476185551844537,0.9718
lstm,2,175,1.7887956546619534,0.9956833333333334,1.4284362201578915,0.9618
lstm,2,176,1.8928955134470016,0.9954666666666667,1.3288068177644163,0.9735
lstm,2,177,1.8383857174776495,0.9955166666666667,1.4277084604837,0.9652
lstm,2,178,2.064922947436571,0.99475,1.5947920666076243,0.9736
lstm,2,179,2.080331252887845,0.9948166666666667,1.3232672275044024,0.9733
lstm,2,180,1.6089005598332733,0.99635,1.3453449602238834,0.9754
lstm,2,181,1.3922876727301627,0.9970666666666667,1.3980774790979922,0.9738
lstm,2,182,1.3769050835398957,0.9970666666666667,1.5144232040038332,0.9683
lstm,2,183,1.586914470186457,0.9963666666666666,1.3072638908633962,0.9751
lstm,2,184,1.6347881136462092,0.9961666666666666,1.3091426105238497,0.9701
lstm,2,185,1.5193399767158553,0.9965166666666667,1.389970900840126,0.972
lstm,2,186,1.4084222929086536,0.997,1.3843309713993222,0.9753
lstm,2,187,1.3922239718958735,0.9969833333333333,1.3848376250825822,0.9744
lstm,2,188,1.758970205206424,0.9958,1.3458276420133188,0.9711
lstm,2,189,2.1913195056840777,0.99425,1.475028971210122,0.9704
lstm,2,190,1.863368119345978,0.9954,1.4456193963997066,0.9752
lstm,2,191,1.3694595997221768,0.9971,1.3524425076320767,0.9732
lstm,2,192,1.2949846785049886,0.9975,1.4384692306630313,0.9687
lstm,2,193,1.7627393786096945,0.9955666666666667,1.5980998494196683,0.9753
lstm,2,194,1.5675187536980957,0.9963333333333333,1.517225133255124,0.9711
lstm,2,195,1.3772981085348874,0.9972,1.3319609030149877,0.9711
lstm,2,196,1.3398400039877743,0.9970833333333333,1.4496802377980202,0.9763
lstm,2,197,1.5208665584214032,0.9966333333333334,1.385073084034957,0.9675
lstm,2,198,1.6155898105353117,0.9960166666666667,1.5099473372101784,0.9678
lstm,2,199,1.482686934294179,0.9964166666666666,1.4237419383134693,0.9703
lstm,2,200,1.7335932912537828,0.9954833333333334,1.5321596497669816,0.974
lstm,2,201,1.8445902154780924,0.9954333333333333,1.3226925237104297,0.9723
lstm,2,202,1.8189748750883155,0.9958666666666667,1.4464883874170482,0.9711
lstm,2,203,1.6123183714225888,0.99655,1.4747881343355402,0.9747
lstm,2,204,1.2976152978371829,0.99705,1.4887712302152067,0.9723
lstm,2,205,1.255750548094511,0.9973666666666666,1.5208531003445387,0.9674
lstm,2,206,1.8528572751674801,0.9953166666666666,1.362745965947397,0.9663
lstm,2,207,1.6020223274827003,0.9963833333333333,1.4587689526961185,0.9667
lstm,2,208,1.5242799387779087,0.9962333333333333,1.4491132884286344,0.9712
lstm,2,209,1.3259693760192022,0.9971666666666666,1.4309688148787245,0.9663
lstm,2,210,1.2056773675139993,0.9975666666666667,1.3927976503036916,0.9692
lstm,2,211,1.0692753844195977,0.9978166666666667,1.439205111702904,0.9706
lstm,2,212,1.0319971725111827,0.99795,1.4367405029479414,0.9673
lstm,2,213,1.306252249283716,0.9971666666666666,1.7293824623338878,0.9678
lstm,2,214,1.4724673697492108,0.9965666666666667,1.474732760572806,0.9684
lstm,2,215,1.6244475956773385,0.9958166666666667,1.4719476741738617,0.9724
lstm,2,216,1.711645853589289,0.99565,1.4531195666640997,0.9679
lstm,2,217,1.4269961313111708,0.9966666666666667,1.407441052608192,0.977
lstm,2,218,1.0391093150246888,0.9979333333333333,1.4370801141485572,0.9672
lstm,2,219,0.9875840650638565,0.9981833333333333,1.506784297991544,0.971
lstm,2,220,1.0574299670988694,0.9975833333333334,1.6611803192645311,0.9653
lstm,2,221,2.0637380960397422,0.9943166666666666,1.517650275141932,0.9629
lstm,2,222,1.496095462469384,0.9964833333333334,1.480625454802066,0.9747
lstm,2,223,1.105870480183512,0.99765,1.4829762536101043,0.965
lstm,2,224,1.157710305065848,0.9975,1.600874794414267,0.9743
lstm,2,225,0.9417254293803126,0.9981666666666666,1.3926840270869434,0.9701
lstm,2,226,1.224078313796781,0.9972166666666666,1.644994085188955,0.9703
lstm,2,227,2.0294858142733574,0.9946,1.558031882159412,0.9632
lstm,2,228,1.2515431649517268,0.9972833333333333,1.556283270008862,0.9643
lstm,2,229,1.2349082191940397,0.9972666666666666,1.622809911845252,0.9696
lstm,2,230,1.1811577079351991,0.9972833333333333,1.5013374062255025,0.9714
lstm,2,231,0.8427671155077405,0.9985333333333334,1.4645908465608954,0.9709
lstm,2,232,1.3734661955968477,0.9967833333333334,1.5408010710962117,0.9653
lstm,2,233,1.459668041090481,0.9967833333333334,1.586694955592975,0.9735
lstm,2,234,2.159888328751549,0.9943333333333333,1.7584541705437005,0.9711
lstm,2,235,1.0899763220222667,0.99775,1.534462438779883,0.9683
lstm,2,236,1.4010551678948104,0.9965166666666667,1.5039868124295026,0.9726
lstm,2,237,1.059657204488758,0.9979166666666667,1.695646436419338,0.9716
lstm,2,238,1.3049737536348403,0.9969,1.7085111113265157,0.9726
lstm,2,239,1.2120829508057795,0.99705,1.4768923714291304,0.9707
lstm,2,240,0.8163473232416436,0.9984666666666666,1.5137491719797254,0.9736
lstm,2,241,0.7357265400933102,0.9989,1.5210720393806696,0.9714
lstm,2,242,0.7038337987032719,0.9989166666666667,1.4878853387199342,0.9712
lstm,2,243,0.6781818096060306,0.9988666666666667,1.5067523457109928,0.9721
lstm,2,244,0.7607969163218513,0.9985666666666667,1.545700641348958,0.9674
lstm,2,245,0.8620916362269782,0.9982833333333333,1.545341586926952,0.9742
lstm,2,246,0.8026225877692923,0.99845,1.5767066308762878,0.9699
lstm,2,247,2.756752034649253,0.9927333333333334,1.504734085756354,0.9735
lstm,2,248,1.8393999913241714,0.9952833333333333,1.4367866737302393,0.9691
lstm,2,249,0.9946346705546603,0.99785,1.4557774368440732,0.9713
lstm,2,250,1.090744772052858,0.9976833333333334,1.5691302767954767,0.9694
lstm,2,251,1.1333449257072061,0.9974,1.4984278199262917,0.9716
lstm,2,252,0.921581388451159,0.9981833333333333,1.4977606902830303,0.9724
lstm,2,253,0.7677564441692084,0.9985333333333334,1.497767151799053,0.9722
lstm,2,254,0.6756397227291018,0.9989,1.6121778787346557,0.9667
lstm,2,255,0.8619479215703905,0.99795,1.5971645549871027,0.9706
lstm,2,256,0.7940492102061398,0.9983833333333333,1.7173971869051456,0.9606
lstm,2,257,1.4668824600521475,0.9961,1.8977541127242148,0.9658
lstm,2,258,1.7323722732253373,0.99535,1.5808622920885682,0.9668
lstm,2,259,1.1988880183780566,0.9970833333333333,1.57204075390473,0.968
lstm,2,260,1.1609794422984123,0.9974,1.483100262528751,0.9675
lstm,2,261,0.9259121950017288,0.9981666666666666,1.5878089708276093,0.9685
lstm,2,262,0.723292036447674,0.9988,1.5724206329323351,0.9696
lstm,2,263,0.7660967427073047,0.9986833333333334,1.6075220631901175,0.9685
lstm,2,264,0.8648099099518731,0.9981666666666666,1.572070354828611,0.9721
lstm,2,265,0.8093538220273331,0.9981833333333333,1.7031128257513046,0.9734
lstm,2,266,1.0799904173472896,0.9975,1.829740590415895,0.9612
lstm,2,267,1.83026313316077,0.99555,1.582729539833963,0.9716
lstm,2,268,1.0421689650975168,0.9978666666666667,1.7479208959266543,0.9734
lstm,2,269,1.5707743091043085,0.99595,1.7604392608627677,0.9593
lstm,2,270,1.659922458406072,0.9961166666666667,1.6932114991359413,0.9713
lstm,2,271,0.8267884543165565,0.9982,1.4977017911151052,0.9728
lstm,2,272,0.59245063358685,0.9989833333333333,1.5959848607890308,0.9684
lstm,2,273,0.5978112326120026,0.9991166666666667,1.5952958075795323,0.9725
lstm,2,274,0.5907859206199646,0.9991333333333333,1.6579384815413505,0.968
lstm,2,275,0.6270025027333759,0.9987666666666667,1.5978336739353836,0.9714
lstm,2,276,0.5650032649282366,0.9990333333333333,1.666633226443082,0.9702
lstm,2,277,0.6927636356267612,0.9986,1.5695459183771163,0.9721
lstm,2,278,1.2230752293253317,0.9971833333333333,1.9211217379197478,0.9671
lstm,2,279,1.627809542347677,0.9955333333333334,1.5720499260351062,0.9692
lstm,2,280,1.1836290495702997,0.9971833333333333,1.6795927481725812,0.9732
lstm,2,281,1.2877714891219512,0.9969666666666667,1.6315138898789883,0.9723
lstm,2,282,0.9274318983079866,0.9978166666666667,1.5748532596044242,0.9707
lstm,2,283,0.80343649815768,0.9984333333333333,1.5714985454687849,0.9721
lstm,2,284,0.5862130537861958,0.9990333333333333,1.8455246100202203,0.9687
lstm,2,285,0.8277720130281523,0.9981333333333333,1.6752472333610058,0.9721
lstm,2,286,1.3730512871406972,0.99675,1.9051583311520517,0.9658
lstm,2,287,1.3360322158550844,0.9966666666666667,1.7273643715307117,0.9687
lstm,2,288,0.725252753472887,0.9986333333333334,1.6651202077046037,0.9682
lstm,2,289,0.6461298555950634,0.9988666666666667,1.652312300633639,0.9693
lstm,2,290,0.48514700029045343,0.9993,1.596536675002426,0.9705
lstm,2,291,0.45766719669336453,0.9993,1.6538190483115613,0.9714
lstm,2,292,0.4644567416398786,0.9993333333333333,1.6110433991998434,0.9722
lstm,2,293,1.4879265616764314,0.9966333333333334,1.7811402324587107,0.9717
lstm,2,294,1.8705230409977958,0.9951666666666666,1.7679616138339043,0.9706
lstm,2,295,1.6084178858436644,0.9958333333333333,1.6243394133634865,0.9713
lstm,2,296,1.4951173717854545,0.9962,1.697662896476686,0.9706
lstm,2,297,0.8503484181128442,0.9981,1.76832234300673,0.9701
lstm,2,298,0.6403363515564706,0.99865,1.8378654615953565,0.9658
lstm,2,299,0.5605650211800821,0.9989166666666667,1.6462183622643352,0.9681
lstm,2,300,0.541302094119601,0.9990333333333333,1.7284245111513883,0.97
lstm,3,1,248.8048610687256,0.2694166666666667,34.6855354309082,0.4386
lstm,3,2,171.39938044548035,0.5882833333333334,24.695939779281616,0.5434
lstm,3,3,128.9426844716072,0.6977666666666666,19.218623340129852,0.675
lstm,3,4,101.38484197854996,0.77565,15.123795986175537,0.7661
lstm,3,5,80.49721908569336,0.83545,12.037636518478394,0.8256
lstm,3,6,65.70235112309456,0.87005,9.790751338005066,0.8541
lstm,3,7,54.230497628450394,0.89515,8.175416499376297,0.8812
lstm,3,8,45.502513974905014,0.9133833333333333,6.862956628203392,0.8837
lstm,3,9,38.57173630595207,0.9241,5.947609111666679,0.908
lstm,3,10,33.950529381632805,0.9326666666666666,5.513914868235588,0.8997
lstm,3,11,29.779209166765213,0.93995,5.024200990796089,0.9183
lstm,3,12,27.924254909157753,0.9418833333333333,4.468927770853043,0.9079
lstm,3,13,25.25686837732792,0.94795,4.3396309316158295,0.9181
lstm,3,14,23.519472613930702,0.9507333333333333,3.954397276043892,0.9269
lstm,3,15,21.62997440993786,0.9553666666666667,3.6514706313610077,0.9365
lstm,3,16,20.717055812478065,0.9554666666666667,3.526488982141018,0.9295
lstm,3,17,19.799759075045586,0.9577166666666667,3.4433520510792732,0.9429
lstm,3,18,18.439574286341667,0.96045,3.2738967835903168,0.9434
lstm,3,19,18.295128017663956,0.9605333333333334,3.2314597368240356,0.9275
lstm,3,20,17.702883705496788,0.9612333333333334,3.2160585299134254,0.9402
lstm,3,21,16.358702480793,0.96475,3.0730979070067406,0.9493
lstm,3,22,15.77989049255848,0.9655833333333333,3.0070268251001835,0.946
lstm,3,23,15.424301713705063,0.9667,2.859500177204609,0.9525
lstm,3,24,14.929485827684402,0.9670666666666666,2.784631285816431,0.9462
lstm,3,25,14.619657199829817,0.9674,2.867544736713171,0.9541
lstm,3,26,13.733567744493484,0.9697666666666667,2.5909895934164524,0.955
lstm,3,27,13.750850474461913,0.9693166666666667,2.615478441119194,0.9532
lstm,3,28,13.515904366970062,0.9702,2.7510406896471977,0.9464
lstm,3,29,12.749952647835016,0.9717333333333333,2.4183802120387554,0.957
lstm,3,30,12.682409726083279,0.9710833333333333,2.36985632032156,0.9579
lstm,3,31,12.361243028193712,0.9725333333333334,2.3426814526319504,0.9526
lstm,3,32,11.96248671039939,0.9732,2.420938005670905,0.9525
lstm,3,33,11.704167950898409,0.9740833333333333,2.239756051450968,0.9554
lstm,3,34,11.444379655644298,0.9739666666666666,2.2855737451463938,0.955
lstm,3,35,11.422260038554668,0.9744,2.186690829694271,0.9545
lstm,3,36,10.920565571635962,0.97495,2.7037798166275024,0.9375
lstm,3,37,10.606793936342001,0.9757333333333333,2.1895261481404305,0.9526
lstm,3,38,10.344922885298729,0.976,2.1744317077100277,0.9517
lstm,3,39,10.375411380082369,0.97625,2.259801523759961,0.9427
lstm,3,40,10.082216043025255,0.9766833333333333,1.9817448388785124,0.9609
lstm,3,41,10.005026489496231,0.97735,1.9855026099830866,0.9635
lstm,3,42,9.718269472941756,0.9778833333333333,1.966548666357994,0.9606
lstm,3,43,9.610879879444838,0.9779166666666667,2.347321256995201,0.9526
lstm,3,44,9.515286846086383,0.97805,1.9938605949282646,0.9606
lstm,3,45,9.3229775801301,0.9783333333333334,1.8996241800487041,0.9645
lstm,3,46,8.91008715890348,0.9797333333333333,1.9606149196624756,0.9647
lstm,3,47,9.159538477659225,0.9788166666666667,1.9996576625853777,0.9539
lstm,3,48,8.98439871147275,0.9792,1.7834093309938908,0.964
lstm,3,49,8.383037390187383,0.9803333333333333,1.7879582904279232,0.9653
lstm,3,50,8.327681809663773,0.9807333333333333,1.8325875848531723,0.958
lstm,3,51,8.33353672362864,0.9803333333333333,1.7324503595009446,0.9618
lstm,3,52,8.167058316990733,0.98075,1.746075002476573,0.9646
lstm,3,53,7.945356421172619,0.9821333333333333,1.7912923879921436,0.9631
lstm,3,54,7.7533036563545465,0.9814,1.9026902932673693,0.964
lstm,3,55,8.059432402253151,0.98095,1.7763548707589507,0.9651
lstm,3,56,8.086194574832916,0.9815,1.8791655581444502,0.9635
lstm,3,57,7.595832694321871,0.9821166666666666,2.020249326713383,0.9621
lstm,3,58,7.448792070150375,0.98245,1.6220865435898304,0.9674
lstm,3,59,7.19439984112978,0.9836333333333334,1.7049686070531607,0.9639
lstm,3,60,7.343012273311615,0.983,1.714524183422327,0.9617
lstm,3,61,7.043701104819775,0.9835166666666667,1.6066050035879016,0.9664
lstm,3,62,6.868484114296734,0.9838833333333333,1.712590686045587,0.9643
lstm,3,63,6.679520796984434,0.9842833333333333,1.586322458460927,0.9659
lstm,3,64,6.5736030749976635,0.9846166666666667,1.669231390580535,0.9589
lstm,3,65,6.989597814157605,0.9836833333333334,1.6424750071018934,0.964
lstm,3,66,6.988801594823599,0.9835333333333334,1.6992259435355663,0.9631
lstm,3,67,6.744495812803507,0.9836,1.568725984543562,0.964
lstm,3,68,6.673901503905654,0.984,1.5863113347440958,0.965
lstm,3,69,6.1838219771161675,0.9849,1.5478124879300594,0.9643
lstm,3,70,6.207981199026108,0.9851666666666666,1.5536120105534792,0.9705
lstm,3,71,6.062745172530413,0.9854833333333334,1.5064962385222316,0.9639
lstm,3,72,6.319856312125921,0.9846666666666667,1.5477269319817424,0.9626
lstm,3,73,5.930161589756608,0.9858166666666667,1.5318562760949135,0.9631
lstm,3,74,5.874754732474685,0.9856833333333334,1.602237875573337,0.9624
lstm,3,75,5.983796181157231,0.9857,1.7263878742232919,0.9682
lstm,3,76,5.595012420788407,0.9863833333333333,1.536717712879181,0.9738
lstm,3,77,5.597417022101581,0.9865,1.514952801167965,0.965
lstm,3,78,5.510742276906967,0.9865833333333334,1.5441287131980062,0.962
lstm,3,79,5.491670615971088,0.9871166666666666,1.5617441162467003,0.9629
lstm,3,80,5.2875716127455235,0.9875,1.5240723574534059,0.9669
lstm,3,81,5.6481998488307,0.9864166666666667,1.5381394578143954,0.961
lstm,3,82,5.3789721839129925,0.9871333333333333,1.6057400899007916,0.9595
lstm,3,83,5.235399771481752,0.9874166666666667,1.5888303108513355,0.9554
lstm,3,84,4.981531749479473,0.98825,1.4580083843320608,0.967
lstm,3,85,5.604237405583262,0.98595,1.4502041023224592,0.9671
lstm,3,86,4.98262077011168,0.98765,1.524562330916524,0.963
lstm,3,87,5.424812790006399,0.98665,1.47163091506809,0.9611
lstm,3,88,5.13933015614748,0.9878666666666667,1.5655549680814147,0.9688
lstm,3,89,4.959100684151053,0.98775,1.7340785870328546,0.9573
lstm,3,90,4.923196357674897,0.9881,1.4432566361501813,0.9703
lstm,3,91,4.737407507374883,0.9886666666666667,1.4167140596546233,0.9647
lstm,3,92,4.674630290828645,0.9890166666666667,1.4841062193736434,0.9668
lstm,3,93,5.0208490928635,0.9879833333333333,1.4972362350672483,0.9584
lstm,3,94,4.811239758506417,0.9881333333333333,1.4686743775382638,0.9625
lstm,3,95,4.797042879275978,0.9882166666666666,1.4215516205877066,0.9677
lstm,3,96,4.568301606923342,0.9890833333333333,1.3296152111142874,0.9705
lstm,3,97,4.632710595615208,0.9885333333333334,1.3829098572023213,0.9691
lstm,3,98,4.61643563490361,0.9890166666666667,1.375284485053271,0.9665
lstm,3,99,4.432167359627783,0.9891333333333333,1.4895904390141368,0.9626
lstm,3,100,4.1544632613658905,0.99025,1.3954809233546257,0.9684
lstm,3,101,4.32936029182747,0.9895166666666667,1.587207659613341,0.9598
lstm,3,102,4.464125843718648,0.9888666666666667,1.3223400618880987,0.9719
lstm,3,103,4.235298258252442,0.9897,1.7690167985856533,0.9513
lstm,3,104,4.244489384815097,0.98945,1.3074773116968572,0.9716
lstm,3,105,4.198938888497651,0.98995,1.3655873257666826,0.976
lstm,3,106,4.090549671091139,0.99,1.2747762128710747,0.9697
lstm,3,107,4.310965918004513,0.9897,1.3127211229875684,0.9657
lstm,3,108,3.945135968737304,0.99065,1.2980745267122984,0.9724
lstm,3,109,3.9266502782702446,0.9907166666666667,1.3961524236947298,0.9685
lstm,3,110,3.9572734916582704,0.9903333333333333,1.2969251992180943,0.9716
lstm,3,111,3.993800981901586,0.9905833333333334,1.3796451869420707,0.9667
lstm,3,112,4.152238695882261,0.9897333333333334,1.3635969422757626,0.9665
lstm,3,113,3.9066214305348694,0.9905166666666667,1.4005235312506557,0.9687
lstm,3,114,3.8995044995099306,0.9906666666666667,1.308392814360559,0.9692
lstm,3,115,3.8124988032504916,0.9909333333333333,1.3872338123619556,0.9706
lstm,3,116,3.8288584388792515,0.9907166666666667,1.2735818666405976,0.965
lstm,3,117,3.710138970054686,0.9909166666666667,1.3052491387352347,0.975
lstm,3,118,3.560730724129826,0.9911833333333333,1.3597125029191375,0.9676
lstm,3,119,3.4922109777107835,0.9914833333333334,1.3742936733178794,0.9708
lstm,3,120,3.418865470215678,0.9921833333333333,1.322685413993895,0.9741
lstm,3,121,3.7324099228717387,0.9909833333333333,1.39129938185215,0.9717
lstm,3,122,3.65203986922279,0.991,1.440911297686398,0.9762
lstm,3,123,3.3255955232307315,0.99215,1.4064128398895264,0.9694
lstm,3,124,3.2491820477880538,0.99205,1.39725446049124,0.9661
lstm,3,125,3.439800562337041,0.9917833333333334,1.2528083277866244,0.9736
lstm,3,126,3.2615415696054697,0.9921,1.4396801218390465,0.9659
lstm,3,127,3.2486661141738296,0.99245,1.4683624217286706,0.9671
lstm,3,128,3.1538656130433083,0.99235,1.2700945413671434,0.972
lstm,3,129,3.762840858194977,0.9904333333333334,1.5861404077149928,0.9714
lstm,3,130,3.4486989630386233,0.9912333333333333,1.8115442618727684,0.9543
lstm,3,131,3.7209238526411355,0.99075,1.2704987293109298,0.9722
lstm,3,132,3.23947696457617,0.9917166666666667,1.2670696573331952,0.9753
lstm,3,133,3.1700165125075728,0.9924666666666667,1.4457246800884604,0.9659
lstm,3,134,3.2990947999060154,0.9920666666666667,1.3765385039150715,0.9708
lstm,3,135,2.99737336486578,0.9927666666666667,1.406060686800629,0.9724
lstm,3,136,2.9320634128525853,0.9930333333333333,1.362344534136355,0.9721
lstm,3,137,2.782002524007112,0.9934333333333333,1.4625626532360911,0.9639
lstm,3,138,3.1578501826152205,0.992,1.5519084981642663,0.9659
lstm,3,139,3.054699675180018,0.9927166666666667,1.324616827070713,0.9696
lstm,3,140,2.9444644008763134,0.9931333333333333,1.3914480255916715,0.9728
lstm,3,141,3.2858449583873153,0.99175,1.5246866950765252,0.9691
lstm,3,142,2.768172230455093,0.9933,1.483307192567736,0.9701
lstm,3,143,2.846215460682288,0.9930833333333333,1.3364959149621427,0.9705
lstm,3,144,2.7267023231834173,0.9933,1.3566954610869288,0.9716
lstm,3,145,2.708685972727835,0.9936166666666667,1.4439994185231626,0.9716
lstm,3,146,2.7088184342719615,0.9936,1.4189660497941077,0.9706
lstm,3,147,2.6126387352123857,0.9939666666666667,1.4546769147273153,0.9751
lstm,3,148,3.160518859513104,0.9921166666666666,1.4307270804420114,0.9694
lstm,3,149,3.025630785152316,0.9926166666666667,1.4572429824620485,0.9666
lstm,3,150,2.643693830817938,0.9935,1.52504547778517,0.9746
lstm,3,151,2.6832393617369235,0.99325,1.4683540714904666,0.9693
lstm,3,152,2.565493366215378,0.9939166666666667,1.3396704578772187,0.9685
lstm,3,153,2.983973934315145,0.9921333333333333,1.5488477633334696,0.968
lstm,3,154,2.684888254851103,0.9934833333333334,1.4133403720334172,0.9693
lstm,3,155,2.550098908599466,0.9939833333333333,1.4381198906339705,0.9672
lstm,3,156,2.4807051746174693,0.9937833333333334,1.469642587006092,0.971
lstm,3,157,2.490610487293452,0.9941,1.4587342333979905,0.9678
lstm,3,158,2.5648743133060634,0.9936666666666667,1.7130207009613514,0.9661
lstm,3,159,2.619640978053212,0.9933166666666666,1.45891358749941,0.9718
lstm,3,160,2.5960476745385677,0.9933833333333333,1.4693049555644393,0.9698
lstm,3,161,2.5970559457782656,0.9935,1.5673312423750758,0.9666
lstm,3,162,2.438842860981822,0.9941,1.5092304120771587,0.9668
lstm,3,163,2.5380046372301877,0.9938833333333333,1.575069515267387,0.9719
lstm,3,164,2.3180046912748367,0.99475,1.4428261388093233,0.967
lstm,3,165,2.55339067382738,0.9936333333333334,1.5115415528416634,0.9692
lstm,3,166,2.905435344669968,0.9927166666666667,1.8590984363108873,0.9613
lstm,3,167,2.5836403938010335,0.9935166666666667,1.4915634780190885,0.9744
lstm,3,168,2.5019382634200156,0.9937666666666667,1.5297086341306567,0.9728
lstm,3,169,2.2171739699551836,0.9946666666666667,1.4348791190423071,0.9714
lstm,3,170,2.1778597845695913,0.9947666666666667,1.4541636961512268,0.9725
lstm,3,171,2.351706000044942,0.9944333333333333,1.4924947181716561,0.9693
lstm,3,172,2.3362270607613027,0.9944333333333333,1.3866248421836644,0.9718
lstm,3,173,2.123530814424157,0.9950166666666667,1.4142011813819408,0.9715
lstm,3,174,1.970968205947429,0.9951833333333333,1.6115852380171418,0.9714
lstm,3,175,1.9357224008999765,0.9956166666666667,1.5832847147248685,0.9699
lstm,3,176,2.160068562021479,0.9945666666666667,1.6150886435061693,0.9617
lstm,3,177,2.494103939505294,0.9934666666666667,1.5351416133344173,0.9724
lstm,3,178,2.0272428207099438,0.9951,1.4030595901422203,0.969
lstm,3,179,1.8619970045983791,0.9956833333333334,1.4729157956317067,0.9721
lstm,3,180,1.7508867607684806,0.9962666666666666,1.5588883042801172,0.9694
lstm,3,181,2.3732337579131126,0.9937666666666667,1.6712931143119931,0.9733
lstm,3,182,2.165427615167573,0.9947333333333334,1.4624035973101854,0.9737
lstm,3,183,1.931372092338279,0.9954333333333333,1.507798955310136,0.9688
lstm,3,184,1.934100836282596,0.9953,1.5748405791819096,0.9684
lstm,3,185,2.0157256149686873,0.9950333333333333,1.5614619741681963,0.9687
lstm,3,186,1.8684280354063958,0.9958166666666667,1.6753408201038837,0.9674
lstm,3,187,2.1210796129889786,0.9948333333333333,1.488066732417792,0.9701
lstm,3,188,1.885424540610984,0.9955333333333334,1.6086875246837735,0.9717
lstm,3,189,2.567477772012353,0.9936833333333334,1.6057706773281097,0.9697
lstm,3,190,2.5263826593291014,0.9936,1.527446181513369,0.9733
lstm,3,191,1.8903414383530617,0.9955833333333334,1.531647128984332,0.9659
lstm,3,192,2.040266586234793,0.9949333333333333,1.496307343710214,0.9703
lstm,3,193,1.8376989501994103,0.99555,1.5361546431668103,0.9726
lstm,3,194,2.046191841829568,0.99475,1.5528901340439916,0.9727
lstm,3,195,1.7411997618619353,0.99595,1.5286901192739606,0.9715
lstm,3,196,2.2973599426914006,0.9944,1.5575681058689952,0.9708
lstm,3,197,1.714782543713227,0.9960166666666667,1.5527255702763796,0.9717
lstm,3,198,1.7413066737353802,0.9958333333333333,1.6305561168119311,0.9687
lstm,3,199,1.4831950779771432,0.9967166666666667,1.57567501347512,0.9712
lstm,3,200,1.7789756522979587,0.9957833333333334,1.5740963951684535,0.974
lstm,3,201,1.7327315350994468,0.99595,1.7071858425624669,0.9675
lstm,3,202,1.7273777781520039,0.996,1.698858079034835,0.9712
lstm,3,203,1.4512691902928054,0.9967666666666667,1.5010695103555918,0.9711
lstm,3,204,1.9965420766966417,0.9949333333333333,1.7133286464959383,0.9669
lstm,3,205,1.7469972253311425,0.9960333333333333,1.5752946990542114,0.9716
lstm,3,206,1.639454921009019,0.9961833333333333,1.5708881272003055,0.9697
lstm,3,207,1.6044265162199736,0.9962333333333333,1.6919945566914976,0.9662
lstm,3,208,1.8093834700994194,0.99545,1.729604747146368,0.9727
lstm,3,209,1.6938831806182861,0.9958833333333333,1.616954704746604,0.9708
lstm,3,210,1.505768209695816,0.9967166666666667,1.6038079280406237,0.9708
lstm,3,211,1.6267175080720335,0.9960333333333333,1.6687871161848307,0.97
lstm,3,212,1.594262077473104,0.99635,1.662571119144559,0.9647
lstm,3,213,2.0541883036494255,0.99465,1.6540426015853882,0.9689
lstm,3,214,1.5302580771967769,0.9964,1.6583767076954246,0.9667
lstm,3,215,1.8348648545797914,0.9957,1.7464726599864662,0.968
lstm,3,216,1.481670600362122,0.9965833333333334,1.6582268327474594,0.9678
lstm,3,217,1.5809840154834092,0.9963166666666666,1.7113425508141518,0.974
lstm,3,218,1.5708897020667791,0.9964666666666666,1.6753138452768326,0.9711
lstm,3,219,1.6203523584408686,0.9960166666666667,2.090119630098343,0.9615
lstm,3,220,1.5998259334592149,0.9960333333333333,1.8486941754817963,0.9663
lstm,3,221,2.1174609144218266,0.99495,1.681545164436102,0.9699
lstm,3,222,1.709782624617219,0.9961166666666667,1.759527275338769,0.9683
lstm,3,223,1.4421857262495905,0.9968333333333333,1.72363406047225,0.9719
lstm,3,224,1.249654162209481,0.9974666666666666,1.6328400634229183,0.9718
lstm,3,225,1.1791959388647228,0.9976666666666667,1.6893138978630304,0.9709
lstm,3,226,1.9813735482748598,0.9951666666666666,1.685727703385055,0.9677
lstm,3,227,1.3482127834577113,0.99705,1.7685538977384567,0.971
lstm,3,228,1.8337760631693527,0.9956,1.666153259575367,0.9728
lstm,3,229,1.2882537175901234,0.9972,1.6397007647901773,0.9703
lstm,3,230,1.1420268963556737,0.9977666666666667,1.7403531717136502,0.9705
lstm,3,231,2.065729599678889,0.99525,1.8217591997236013,0.9684
lstm,3,232,1.2765703103505075,0.9971333333333333,1.7646184135228395,0.9732
lstm,3,233,1.2228838009759784,0.9974666666666666,1.705495085567236,0.9724
lstm,3,234,1.3359509381698444,0.9971333333333333,1.793816407211125,0.9715
lstm,3,235,1.245261046802625,0.99725,1.7832511067390442,0.9687
lstm,3,236,1.2480192501097918,0.9971166666666667,1.8189413323998451,0.9715
lstm,3,237,1.2258985292864963,0.9974666666666666,1.7844817023724318,0.9724
lstm,3,238,2.3333282467210665,0.9940833333333333,1.7638970203697681,0.9662
lstm,3,239,1.9901875756913796,0.9949333333333333,2.006276546046138,0.9661
lstm,3,240,1.2652180014410987,0.9973333333333333,1.7835584981366992,0.9694
lstm,3,241,1.2120558918686584,0.9976166666666667,1.7375511545687914,0.9709
lstm,3,242,1.2272640804294497,0.9975333333333334,1.759178419597447,0.9716
lstm,3,243,1.4890995597233996,0.99645,1.783964890986681,0.9704
lstm,3,244,1.2417976733995602,0.9973666666666666,1.7785428911447525,0.9731
lstm,3,245,1.1043501675594598,0.9979,1.8085020948201418,0.9727
lstm,3,246,2.2381159872747958,0.99445,1.7986738183535635,0.9694
lstm,3,247,1.7440350765245967,0.9959,1.7835067249834538,0.9713
lstm,3,248,1.3227581979008391,0.9970166666666667,1.8197308694943786,0.9663
lstm,3,249,1.048450006870553,0.9979666666666667,1.8290626360103488,0.9693
lstm,3,250,1.1035333772888407,0.9977166666666667,1.7889833748340607,0.9684
lstm,3,251,1.1108209971571341,0.9978166666666667,1.9047120567411184,0.9708
lstm,3,252,1.0122482837177813,0.9981833333333333,1.7734594503417611,0.9702
lstm,3,253,0.9074066399480216,0.99845,1.8118254905566573,0.9711
lstm,3,254,1.0863763559609652,0.99775,1.9977637454867363,0.9727
lstm,3,255,1.9084914550185204,0.9951,1.8108574440702796,0.9708
lstm,3,256,1.2239238338079304,0.9974333333333333,2.012094635516405,0.9685
lstm,3,257,1.5104316512588412,0.99655,1.7918275278061628,0.9709
lstm,3,258,1.226650504861027,0.9972,1.8265687618404627,0.9712
lstm,3,259,1.003485488705337,0.9980833333333333,1.9305192306637764,0.9726
lstm,3,260,1.0299021542305127,0.9979166666666667,1.935903855599463,0.9696
lstm,3,261,1.2624227318447083,0.99735,2.166983775794506,0.9621
lstm,3,262,1.4420809943694621,0.9967166666666667,1.8881902862340212,0.972
lstm,3,263,1.1144832633435726,0.9976333333333334,1.8803030252456665,0.9711
lstm,3,264,1.5404276764020324,0.99625,1.9086401592940092,0.9673
lstm,3,265,1.8344784381333739,0.9954,1.783446080982685,0.9735
lstm,3,266,1.2392827164148912,0.9971333333333333,1.9047585185617208,0.9728
lstm,3,267,1.3415085527813062,0.99695,1.8576404992491007,0.9747
lstm,3,268,1.0708351921639405,0.9977,1.9035319220274687,0.9689
lstm,3,269,0.881764208257664,0.99825,1.8866123985499144,0.9726
lstm,3,270,1.1381094462703913,0.9975333333333334,1.9487480837851763,0.9715
lstm,3,271,1.0369710584636778,0.9977833333333334,2.04448654782027,0.971
lstm,3,272,1.3928778183180839,0.99665,1.9049223838374019,0.9709
lstm,3,273,1.138034957810305,0.9976166666666667,1.9501305874437094,0.9731
lstm,3,274,0.9725273392396048,0.9981,1.8912183362990618,0.9701
lstm,3,275,0.9862488114158623,0.9979833333333333,1.9697257913649082,0.9705
lstm,3,276,1.0760796394315548,0.9974833333333334,1.9340673750266433,0.9733
lstm,3,277,1.4448507837951183,0.9966,2.0761120095849037,0.9663
lstm,3,278,1.005143143585883,0.99785,1.825721638277173,0.9716
lstm,3,279,0.9502534097991884,0.9980666666666667,2.0673799999058247,0.9726
lstm,3,280,1.907827286166139,0.9949833333333333,1.9542532968334854,0.9661
lstm,3,281,1.2354268712806515,0.9971666666666666,1.9611662048846483,0.9715
lstm,3,282,1.1009795364225283,0.9975333333333334,1.921014055609703,0.9726
lstm,3,283,1.060952463070862,0.9975,1.8682793658226728,0.9688
lstm,3,284,0.7572519539971836,0.99855,2.0376890329644084,0.9746
lstm,3,285,1.736997907370096,0.9957166666666667,1.9176762662827969,0.9729
lstm,3,286,1.726101259002462,0.9957333333333334,1.980915231630206,0.9706
lstm,3,287,1.6339367730543017,0.9957666666666667,1.8779610637575388,0.9684
lstm,3,288,1.0918347279075533,0.9974333333333333,1.9046981204301119,0.9698
lstm,3,289,0.8196427786606364,0.9984166666666666,1.9798898492008448,0.9708
lstm,3,290,0.7473202326218598,0.9986166666666667,1.8369108848273754,0.97
lstm,3,291,0.7988222590647638,0.99845,1.9620232852175832,0.9709
lstm,3,292,0.6769860094645992,0.9986333333333334,2.028134247288108,0.9692
lstm,3,293,0.971577555523254,0.99805,1.907420590519905,0.974
lstm,3,294,1.2144129895605147,0.9968666666666667,2.004448803141713,0.9693
lstm,3,295,1.168664732715115,0.9974666666666666,1.8303015790879726,0.9665
lstm,3,296,1.3481526378309354,0.9967,2.0350275840610266,0.9704
lstm,3,297,0.8685986608034,0.99825,2.0032029282301664,0.9743
lstm,3,298,1.3096954165957868,0.9969666666666667,1.9108983892947435,0.9701
lstm,3,299,1.5866174943512306,0.9960333333333333,1.9786600172519684,0.9698
lstm,3,300,1.3204907901817933,0.9964833333333334,1.9905783124268055,0.9694
lstm,4,1,251.71462953090668,0.29488333333333333,34.68839371204376,0.4557
lstm,4,2,158.822247505188,0.6844333333333333,20.806564152240753,0.6701
lstm,4,3,103.39288586378098,0.8033666666666667,14.45198929309845,0.8034
lstm,4,4,74.7856964468956,0.8582333333333333,11.12962132692337,0.8426
lstm,4,5,58.221150517463684,0.8863833333333333,8.817898482084274,0.8734
lstm,4,6,48.88762471079826,0.9011333333333333,7.63175305724144,0.8888
lstm,4,7,42.00006893277168,0.9123,6.814170107245445,0.8787
lstm,4,8,37.568394780159,0.9203166666666667,5.942949950695038,0.8839
lstm,4,9,33.77706368267536,0.9274166666666667,5.556004837155342,0.8994
lstm,4,10,31.296906381845474,0.9322166666666667,5.141440346837044,0.9158
lstm,4,11,28.840161845088005,0.9369166666666666,4.961930334568024,0.9303
lstm,4,12,27.067518547177315,0.9399666666666666,4.497369356453419,0.9222
lstm,4,13,25.497734248638153,0.9434,4.283410668373108,0.9258
lstm,4,14,23.682160198688507,0.94685,3.8997645005583763,0.9236
lstm,4,15,22.713591024279594,0.9491333333333334,4.0552763640880585,0.9045
lstm,4,16,21.790739864110947,0.95155,3.7471173629164696,0.9315
lstm,4,17,20.14783611893654,0.95475,3.644103839993477,0.9409
lstm,4,18,19.656174406409264,0.9561333333333333,3.6349049508571625,0.9328
lstm,4,19,18.755990646779537,0.9571833333333334,3.277783118188381,0.9341
lstm,4,20,18.13926673680544,0.9583666666666667,3.3837718069553375,0.9319
lstm,4,21,17.311342552304268,0.9602333333333334,3.1137888431549072,0.9329
lstm,4,22,16.413912266492844,0.96315,3.0603826828300953,0.9495
lstm,4,23,16.011583626270294,0.9636833333333333,3.063418373465538,0.9462
lstm,4,24,15.508088022470474,0.9644833333333334,3.0097699612379074,0.9328
lstm,4,25,14.976459823548794,0.9656166666666667,2.8625589795410633,0.9444
lstm,4,26,14.58645611256361,0.9663666666666667,2.9835978001356125,0.9448
lstm,4,27,14.512421138584614,0.9660166666666666,2.716472540050745,0.9507
lstm,4,28,13.849746204912663,0.9673166666666667,2.649581890553236,0.9448
lstm,4,29,13.780046384781599,0.9680833333333333,2.7003397457301617,0.9557
lstm,4,30,12.92506293207407,0.9705333333333334,2.552009180188179,0.9551
lstm,4,31,12.507004734128714,0.9705333333333334,2.7007349245250225,0.9526
lstm,4,32,12.240098670125008,0.97105,2.5893966145813465,0.9576
lstm,4,33,12.404043838381767,0.9709833333333333,2.747387643903494,0.9393
lstm,4,34,11.8921775855124,0.9720333333333333,2.432556614279747,0.9496
lstm,4,35,11.901749979704618,0.9721166666666666,2.508517447859049,0.956
lstm,4,36,11.74205955862999,0.9722,2.435070723295212,0.9573
lstm,4,37,11.303577400743961,0.9732833333333333,2.3008254133164883,0.9548
lstm,4,38,10.781005334109068,0.9749166666666667,2.2586190812289715,0.9595
lstm,4,39,10.52570129930973,0.97545,2.491959735751152,0.9557
lstm,4,40,10.533077221363783,0.9754166666666667,2.196612998843193,0.9597
lstm,4,41,10.169171188026667,0.9763,2.365448445081711,0.9471
lstm,4,42,10.009585205465555,0.9763833333333334,2.2301739417016506,0.9549
lstm,4,43,9.79390523955226,0.9763666666666667,2.1826338842511177,0.9522
lstm,4,44,10.090461749583483,0.9756166666666667,2.2639157827943563,0.9558
lstm,4,45,9.657100945711136,0.9769833333333333,2.133791470900178,0.9611
lstm,4,46,9.200576815754175,0.97795,2.1596847977489233,0.9626
lstm,4,47,9.285261342301965,0.9775,2.1206238958984613,0.9617
lstm,4,48,8.997488509863615,0.9783833333333334,2.0692834220826626,0.9596
lstm,4,49,9.04766264744103,0.9783,1.9952526409178972,0.9573
lstm,4,50,8.79018009826541,0.9784166666666667,2.1003409512341022,0.9581
lstm,4,51,8.728071063756943,0.9791333333333333,2.17203076928854,0.9577
lstm,4,52,8.438494719564915,0.97925,2.0475074481219053,0.9625
lstm,4,53,8.405210334807634,0.9798666666666667,2.0366771649569273,0.9589
lstm,4,54,8.335357874631882,0.97945,2.1241388618946075,0.9542
lstm,4,55,8.265670124441385,0.9796166666666667,1.9179548099637032,0.9609
lstm,4,56,7.887837275862694,0.9806166666666667,1.905431529507041,0.964
lstm,4,57,8.161934098228812,0.9799,2.140477143228054,0.9531
lstm,4,58,8.08769336156547,0.9807666666666667,1.8324647825211287,0.9649
lstm,4,59,7.61311411857605,0.9815,1.8720019403845072,0.9628
lstm,4,60,7.615541443228722,0.9811666666666666,1.9314385894685984,0.9614
lstm,4,61,7.764865059405565,0.9809166666666667,1.8528483621776104,0.9628
lstm,4,62,7.291511485353112,0.98215,1.8686425685882568,0.9651
lstm,4,63,7.228999197483063,0.9820333333333333,1.8826529309153557,0.9663
lstm,4,64,7.37611254490912,0.9820166666666666,2.0000347308814526,0.9534
lstm,4,65,7.311588674783707,0.982,1.8411834873259068,0.9669
lstm,4,66,7.289270829409361,0.9821,1.8063987158238888,0.965
lstm,4,67,6.920442994683981,0.9832333333333333,1.8482574876397848,0.9642
lstm,4,68,7.250621953979135,0.98235,2.001844896003604,0.9579
lstm,4,69,6.67701062746346,0.9835833333333334,1.9091738127171993,0.9646
lstm,4,70,6.649162037298083,0.98355,1.8748690858483315,0.9669
lstm,4,71,6.643567714840174,0.9831333333333333,1.8533435389399529,0.9647
lstm,4,72,6.821385296061635,0.9833166666666666,1.8487577177584171,0.9699
lstm,4,73,6.485384436324239,0.9841333333333333,1.7615445060655475,0.9681
lstm,4,74,6.272957740351558,0.9842666666666666,1.7424883469939232,0.9697
lstm,4,75,6.3822487480938435,0.98395,1.771883014589548,0.9643
lstm,4,76,6.54160007275641,0.9844333333333334,1.7605934888124466,0.9657
lstm,4,77,6.052935928106308,0.9844666666666667,1.8071762528270483,0.9672
lstm,4,78,6.172387510538101,0.9844666666666667,1.7239391896873713,0.9704
lstm,4,79,6.131270173937082,0.98455,1.6966251349076629,0.9689
lstm,4,80,6.017663491889834,0.9849833333333333,1.7608383065089583,0.9684
lstm,4,81,6.020082531496882,0.9850666666666666,1.7729837289080024,0.9714
lstm,4,82,5.851218088530004,0.9856,1.6442443523555994,0.9709
lstm,4,83,5.831756416708231,0.9855,1.7963761053979397,0.963
lstm,4,84,5.877909265458584,0.98535,1.8563494868576527,0.9689
lstm,4,85,5.863886941224337,0.9852166666666666,1.6756461588665843,0.9695
lstm,4,86,5.603108083829284,0.98625,1.6785808261483908,0.9705
lstm,4,87,5.588314248248935,0.9862833333333333,1.7915777722373605,0.9652
lstm,4,88,5.446370165795088,0.98655,1.7233773386105895,0.9721
lstm,4,89,5.297313531860709,0.9869,1.7657799292355776,0.9705
lstm,4,90,5.219445761293173,0.9868833333333333,1.7954775709658861,0.97
lstm,4,91,5.337099064141512,0.9861833333333333,1.6700930744409561,0.9702
lstm,4,92,5.296199136413634,0.9874333333333334,1.846347858197987,0.9669
lstm,4,93,5.165068619884551,0.9875333333333334,1.7017086083069444,0.9696
lstm,4,94,5.304007774218917,0.9865,1.7321027033030987,0.9673
lstm,4,95,5.203521452844143,0.9872,1.6141451131552458,0.9712
lstm,4,96,4.950063074938953,0.9879333333333333,1.7808666061609983,0.9655
lstm,4,97,5.083842195570469,0.9871666666666666,1.7230633674189448,0.9694
lstm,4,98,5.021638968959451,0.98715,1.8088370822370052,0.9708
lstm,4,99,4.832849535159767,0.98825,1.6399705205112696,0.9705
lstm,4,100,4.649818919599056,0.9885666666666667,1.639382690191269,0.974
lstm,4,101,4.552005114965141,0.9891333333333333,1.684524429962039,0.9714
lstm,4,102,5.055232263635844,0.9874,1.6221801452338696,0.9747
lstm,4,103,4.647325533442199,0.9888833333333333,1.647698492743075,0.9714
lstm,4,104,4.833271808922291,0.9879333333333333,1.831904019229114,0.9684
lstm,4,105,4.608656429219991,0.9888166666666667,1.6695874081924558,0.9726
lstm,4,106,4.456922602839768,0.98915,1.7125611873343587,0.9723
lstm,4,107,4.789607122540474,0.9884333333333334,1.623308315873146,0.9699
lstm,4,108,4.971843101084232,0.98745,1.5740074515342712,0.9724
lstm,4,109,4.610952869057655,0.9885166666666667,1.606118943542242,0.973
lstm,4,110,4.649841229431331,0.9886666666666667,1.619853038340807,0.9703
lstm,4,111,4.342618990689516,0.9890333333333333,1.6680183308199048,0.974
lstm,4,112,4.144452901557088,0.9898666666666667,1.6179416039958596,0.9735
lstm,4,113,4.4096335880458355,0.9890833333333333,1.9131165435537696,0.9711
lstm,4,114,4.447266899049282,0.9887166666666667,1.5684852031990886,0.9741
lstm,4,115,4.036448882892728,0.9902333333333333,1.639932781457901,0.9703
lstm,4,116,4.171506536193192,0.9898166666666667,1.702930529601872,0.9726
lstm,4,117,4.553886361420155,0.9888666666666667,1.675957321189344,0.9705
lstm,4,118,4.255434492602944,0.98955,1.592620455659926,0.9728
lstm,4,119,3.924675451591611,0.99115,1.8720361990854144,0.9671
lstm,4,120,4.121498781256378,0.9900666666666667,1.6104785688221455,0.9709
lstm,4,121,4.059943603351712,0.99015,1.7233803533017635,0.9671
lstm,4,122,3.853838969953358,0.9905166666666667,1.6211784351617098,0.9707
lstm,4,123,3.7252023881301284,0.9908833333333333,1.843083281069994,0.9712
lstm,4,124,4.047045439481735,0.9900333333333333,1.6925640581175685,0.9692
lstm,4,125,4.484607856720686,0.9887333333333334,1.649729697033763,0.9736
lstm,4,126,3.675158180296421,0.9911666666666666,1.6698106033727527,0.9714
lstm,4,127,3.6252053109928966,0.9911333333333333,1.676039147656411,0.9743
lstm,4,128,4.214307330548763,0.9894333333333334,1.791097680106759,0.9705
lstm,4,129,3.779055039398372,0.99065,1.7021933658979833,0.9725
lstm,4,130,3.4382489444687963,0.9918833333333333,1.6074113687500358,0.9749
lstm,4,131,3.553507882170379,0.9912833333333333,1.634827553294599,0.974
lstm,4,132,3.426341335987672,0.9917666666666667,1.624757499434054,0.9744
lstm,4,133,3.583353799302131,0.9912833333333333,1.600011141039431,0.9746
lstm,4,134,3.691330956760794,0.9906,1.8229887019842863,0.9717
lstm,4,135,3.399059589020908,0.99195,1.7303612045943737,0.9728
lstm,4,136,3.538729600608349,0.99155,1.7593288337811828,0.9715
lstm,4,137,3.384420274756849,0.99185,1.6655720127746463,0.9746
lstm,4,138,3.4463977040722966,0.9919666666666667,1.6389766680076718,0.9737
lstm,4,139,3.5053257467225194,0.99155,1.7377130733802915,0.9748
lstm,4,140,3.485828193835914,0.99155,1.818582289852202,0.9722
lstm,4,141,3.6496079536154866,0.99115,1.7405290473252535,0.9723
lstm,4,142,3.437961891759187,0.9916666666666667,1.6617020941339433,0.9752
lstm,4,143,3.3573037246242166,0.99205,1.7653396190144122,0.9713
lstm,4,144,2.996603357605636,0.9931166666666666,1.6933874292299151,0.9734
lstm,4,145,3.44784575374797,0.99185,1.7218798343092203,0.9706
lstm,4,146,3.7371820118278265,0.9905666666666667,1.8474388848990202,0.9679
lstm,4,147,2.974773123860359,0.99305,1.789601655676961,0.9732
lstm,4,148,2.81192238163203,0.9932333333333333,1.8209259128198028,0.971
lstm,4,149,2.9709881017915905,0.9930333333333333,1.759942357428372,0.9717
lstm,4,150,3.0664778454229236,0.9927833333333334,1.6813344676047564,0.9739
lstm,4,151,2.8719158773310483,0.9934333333333333,1.7034601191990077,0.9744
lstm,4,152,3.231025192886591,0.9920333333333333,1.6924198758788407,0.9753
lstm,4,153,3.0922089405357838,0.9923333333333333,1.7210189439356327,0.9733
lstm,4,154,2.6378866932354867,0.9941833333333333,1.7025364693254232,0.9742
lstm,4,155,3.2992370799183846,0.99165,1.7679626811295748,0.973
lstm,4,156,2.770213959738612,0.9935166666666667,1.7476964676752687,0.9757
lstm,4,157,3.238207671791315,0.99195,1.9933650917373598,0.9705
lstm,4,158,3.5261300089769065,0.9909833333333333,1.602432845160365,0.9737
lstm,4,159,2.7802158310078084,0.99365,1.6086087618023157,0.9741
lstm,4,160,2.8584980003070086,0.9928166666666667,1.7607691986486316,0.9726
lstm,4,161,2.592903997283429,0.9939666666666667,1.7192809525877237,0.9726
lstm,4,162,2.846392852254212,0.9933833333333333,1.8976328959688544,0.9722
lstm,4,163,3.226558909751475,0.9920666666666667,2.2258390886709094,0.9592
lstm,4,164,3.325747520662844,0.99185,1.8432481847703457,0.9719
lstm,4,165,2.6575817354023457,0.9936166666666667,1.6672015860676765,0.9744
lstm,4,166,2.60335930949077,0.9939666666666667,1.6706247106194496,0.9728
lstm,4,167,2.492474119178951,0.9941166666666666,1.7495587449520826,0.9695
lstm,4,168,2.682489197002724,0.9936,1.7245002910494804,0.9696
lstm,4,169,2.554179908707738,0.99425,1.8209709133952856,0.9721
lstm,4,170,2.7981179932830855,0.9927833333333334,1.8710231157019734,0.9703
lstm,4,171,2.680434597656131,0.9935166666666667,1.8468310805037618,0.9721
lstm,4,172,2.7697312026284635,0.9934833333333334,1.8319701589643955,0.9669
lstm,4,173,2.7596615510992706,0.9934166666666666,1.8571918606758118,0.9702
lstm,4,174,2.295892105437815,0.9944166666666666,1.786905312910676,0.973
lstm,4,175,2.334934243001044,0.9947333333333334,1.797021753154695,0.9733
lstm,4,176,2.2510071475990117,0.9950166666666667,1.9463088363409042,0.9688
lstm,4,177,2.6573970424942672,0.9935166666666667,1.8291736217215657,0.9737
lstm,4,178,2.238825679058209,0.9948666666666667,1.923532566986978,0.9694
lstm,4,179,2.6870191683992743,0.99345,1.7987629328854382,0.9697
lstm,4,180,2.5717959590256214,0.9935833333333334,2.0868458626791835,0.9658
lstm,4,181,2.486146484967321,0.9942333333333333,1.7474437719210982,0.9747
lstm,4,182,3.001712000928819,0.9924166666666666,1.706055035814643,0.9751
lstm,4,183,2.204696379019879,0.9946166666666667,1.7302556289359927,0.9751
lstm,4,184,2.536417942494154,0.9939833333333333,1.807851180434227,0.9719
lstm,4,185,2.3136588986963034,0.9944166666666666,1.7831197697669268,0.972
lstm,4,186,2.240167431998998,0.9947166666666667,1.9579556416720152,0.9666
lstm,4,187,2.312611245783046,0.99435,1.7885444052517414,0.9716
lstm,4,188,2.5223013595677912,0.9941833333333333,1.728403577581048,0.9738
lstm,4,189,2.1506256198044866,0.9949833333333333,1.9283513240516186,0.9695
lstm,4,190,2.3261370845139027,0.9945166666666667,1.8573741801083088,0.9705
lstm,4,191,2.1072239393834025,0.99475,1.7129803318530321,0.9744
lstm,4,192,2.0707347611896694,0.9949666666666667,1.8521876949816942,0.9744
lstm,4,193,2.4305163826793432,0.9939833333333333,1.8534126924350858,0.969
lstm,4,194,2.2703186662402004,0.99465,1.8938179155811667,0.9694
lstm,4,195,2.417234590742737,0.9942333333333333,2.006542932242155,0.9643
lstm,4,196,2.4460099602583796,0.9938333333333333,1.9048477783799171,0.9726
lstm,4,197,2.7519843466579914,0.9933166666666666,1.8364702900871634,0.9714
lstm,4,198,2.407759444322437,0.9940333333333333,2.013108255341649,0.9703
lstm,4,199,2.1307944688014686,0.9950833333333333,1.7767972499132156,0.9743
lstm,4,200,1.7777334982529283,0.9960333333333333,1.8392856186255813,0.9714
lstm,4,201,1.7205410462338477,0.9964,1.97620646096766,0.9698
lstm,4,202,1.8728737188503146,0.99565,1.8465667758136988,0.9733
lstm,4,203,2.109198975376785,0.99475,2.0085332356393337,0.9697
lstm,4,204,2.277321560308337,0.9942666666666666,1.7401032159104943,0.9729
lstm,4,205,2.2815276097971946,0.9945833333333334,1.8458465076982975,0.9733
lstm,4,206,2.6987137817777693,0.9929833333333333,1.9995535630732775,0.9645
lstm,4,207,2.5473315361887217,0.9935666666666667,1.9161571273580194,0.97
lstm,4,208,2.5517675625160336,0.9933333333333333,1.929669348988682,0.9713
lstm,4,209,2.1102273636497557,0.99515,1.7259754184633493,0.9753
lstm,4,210,1.5340211379807442,0.9969166666666667,1.7172433836385608,0.9741
lstm,4,211,1.6344703724607825,0.9965333333333334,1.8362294500693679,0.9727
lstm,4,212,1.9306682345923036,0.9957166666666667,1.8715749513357878,0.9719
lstm,4,213,2.040698163677007,0.9951333333333333,1.7387465359643102,0.9742
lstm,4,214,1.9688832269748673,0.9952,1.9111433909274638,0.9728
lstm,4,215,1.855594024527818,0.9957333333333334,1.992173914797604,0.9742
lstm,4,216,1.87893861962948,0.99565,1.9316444732248783,0.9716
lstm,4,217,1.7646340508945286,0.996,1.9728605709969997,0.9704
lstm,4,218,2.1155145103111863,0.9948666666666667,1.8031341433525085,0.9734
lstm,4,219,1.8473159598652273,0.9958666666666667,1.9125876035541296,0.9717
lstm,4,220,1.905012957751751,0.9957333333333334,1.9998329374939203,0.9698
lstm,4,221,1.9084217441268265,0.9956,1.9973033415153623,0.9709
lstm,4,222,1.4737887317314744,0.9969,1.809734832495451,0.9743
lstm,4,223,1.54065562505275,0.9968666666666667,1.9981630416586995,0.9749
lstm,4,224,1.6889242453034967,0.9963333333333333,2.162720251828432,0.969
lstm,4,225,2.438711726805195,0.9937333333333334,2.031308117788285,0.97
lstm,4,226,2.0256550206104293,0.9950833333333333,1.856427639722824,0.973
lstm,4,227,1.529275197768584,0.9968666666666667,1.953015150502324,0.9728
lstm,4,228,2.112841703230515,0.9948666666666667,1.9956088103353977,0.9728
lstm,4,229,2.8368033613078296,0.9928833333333333,2.0316070783883333,0.9703
lstm,4,230,2.369209575932473,0.9940333333333333,1.8946422068402171,0.9731
lstm,4,231,1.443520491477102,0.9969,1.9234004588797688,0.9724
lstm,4,232,1.4582785319071263,0.9968666666666667,2.0082691181451082,0.9705
lstm,4,233,1.5106826853007078,0.9965166666666667,2.0089579671621323,0.9708
lstm,4,234,1.34874273580499,0.9970666666666667,1.901178271509707,0.9733
lstm,4,235,1.5080416502896696,0.9966666666666667,2.0938635002821684,0.9683
lstm,4,236,1.6194817328359932,0.9962333333333333,2.0037141516804695,0.9708
lstm,4,237,1.711949057644233,0.9960166666666667,1.88497734349221,0.9748
lstm,4,238,1.8435749760828912,0.9955,2.0363454185426235,0.9722
lstm,4,239,1.4320289848838001,0.9968333333333333,1.9374799123033881,0.9733
lstm,4,240,1.4235917285550386,0.9967666666666667,1.9463103469461203,0.9726
lstm,4,241,1.9637053946498781,0.99545,2.181535543873906,0.9688
lstm,4,242,2.008126549422741,0.9950166666666667,1.984373283572495,0.9739
lstm,4,243,1.977855592733249,0.9948166666666667,1.9209434888325632,0.9729
lstm,4,244,1.4579596237745136,0.9969333333333333,1.982120480388403,0.9695
lstm,4,245,1.623820824548602,0.99645,2.115212560631335,0.9656
lstm,4,246,2.4448774098418653,0.9936166666666667,2.0010800529271364,0.9733
lstm,4,247,1.5709053999744356,0.9961833333333333,2.008991447277367,0.972
lstm,4,248,1.5089436259586364,0.9965166666666667,1.8952505681663752,0.975
lstm,4,249,1.263203302398324,0.9973666666666666,1.9665327742695808,0.9735
lstm,4,250,1.4832652397453785,0.9966833333333334,1.9374592825770378,0.9718
lstm,4,251,1.369804407702759,0.9969333333333333,2.0669355136342347,0.9719
lstm,4,252,1.7789589408785105,0.9955166666666667,2.0806544087827206,0.969
lstm,4,253,1.4402707838453352,0.99695,2.031450478360057,0.971
lstm,4,254,1.7341702359262854,0.99585,1.952994274906814,0.9724
lstm,4,255,1.1393708980176598,0.9978,1.9789329376071692,0.9733
lstm,4,256,1.4077121375594288,0.9968166666666667,1.992317060008645,0.9705
lstm,4,257,1.3878675455925986,0.9967666666666667,2.1615573782473803,0.9684
lstm,4,258,1.7031169151887298,0.9957,1.9559096675366163,0.972
lstm,4,259,1.3100778273073956,0.9971833333333333,2.047212385572493,0.9739
lstm,4,260,1.5362869009841233,0.9964,2.119655603542924,0.9685
lstm,4,261,1.4250593961915001,0.9969333333333333,1.97611678019166,0.9738
lstm,4,262,1.3198306984268129,0.9971,2.036864807829261,0.972
lstm,4,263,1.8510907149175182,0.9956,2.192642690613866,0.9709
lstm,4,264,1.8002247964031994,0.9956,2.1162069886922836,0.9672
lstm,4,265,1.4830342072527856,0.9965333333333334,2.073264299193397,0.9705
lstm,4,266,1.333571674535051,0.9970333333333333,2.096384722273797,0.9713
lstm,4,267,1.373308110050857,0.9967666666666667,2.0707553839311004,0.9739
lstm,4,268,1.4381421797443181,0.9967666666666667,2.0518638105131686,0.973
lstm,4,269,1.4092204172629863,0.9967333333333334,1.9926141230389476,0.9722
lstm,4,270,1.275082990527153,0.9971666666666666,2.020588092505932,0.9737
lstm,4,271,1.7413072887575254,0.99565,2.0469297487288713,0.9701
lstm,4,272,1.4386997539550066,0.9966666666666667,2.201531056314707,0.9719
lstm,4,273,1.9665507660247386,0.9951833333333333,2.1377514423802495,0.9702
lstm,4,274,1.3571518524549901,0.9969833333333333,2.0563036259263754,0.9678
lstm,4,275,0.985279647517018,0.9980833333333333,2.206562123261392,0.97
lstm,4,276,0.96258529368788,0.9982,2.071888248436153,0.9724
lstm,4,277,1.160699978005141,0.9974666666666666,2.072957814671099,0.974
lstm,4,278,1.2189720927271992,0.9972,2.300504807382822,0.97
lstm,4,279,1.3000852658879012,0.9971166666666667,2.119746989570558,0.9726
lstm,4,280,1.8503309078514576,0.99535,2.5527308080345392,0.9607
lstm,4,281,1.8726796116679907,0.99545,1.988977332599461,0.9726
lstm,4,282,1.000335761695169,0.9978666666666667,2.0784746278077364,0.9712
lstm,4,283,1.042408378329128,0.99775,2.0322847524657845,0.9715
lstm,4,284,1.098012036178261,0.9977333333333334,2.13976779486984,0.9694
lstm,4,285,1.0826243199408054,0.9976666666666667,2.1927824690937996,0.9695
lstm,4,286,0.9996907339664176,0.9981166666666667,2.133707574568689,0.9712
lstm,4,287,0.9740414936095476,0.9979166666666667,2.1609171256422997,0.971
lstm,4,288,1.3921749620931223,0.9966666666666667,2.2675331830978394,0.9659
lstm,4,289,1.7999357354128733,0.9954666666666667,2.7014694157987833,0.9598
lstm,4,290,1.7612623220775276,0.99555,2.2411339692771435,0.9718
lstm,4,291,1.5673285115044564,0.9963833333333333,2.3148654233664274,0.9681
lstm,4,292,1.6894872102420777,0.9956833333333334,2.2363925985991955,0.9734
lstm,4,293,1.1685618977062404,0.99755,2.1061621997505426,0.9689
lstm,4,294,1.184803891577758,0.9972833333333333,1.9897598633542657,0.9729
lstm,4,295,1.0845556439599022,0.9977333333333334,2.093934223521501,0.9713
lstm,4,296,0.9802400883636437,0.9980666666666667,2.095554744824767,0.9744
lstm,4,297,0.8532426848541945,0.9985,2.1498097041621804,0.9721
lstm,4,298,1.2170386154321022,0.9972333333333333,2.1539392597042024,0.9703
lstm,4,299,1.78621020342689,0.9953166666666666,2.188681073486805,0.9701
lstm,4,300,1.9557233424857259,0.9951333333333333,2.270546411164105,0.9661
lstm,5,1,252.48809492588043,0.2759666666666667,36.04864168167114,0.4312
lstm,5,2,175.09303426742554,0.6192833333333333,24.30787992477417,0.5823
lstm,5,3,121.20460021495819,0.7559,17.301128268241882,0.7206
lstm,5,4,90.51499992609024,0.8296166666666667,13.2865669131279,0.7517
lstm,5,5,70.64429375529289,0.8672666666666666,10.457900792360306,0.7995
lstm,5,6,57.66458794474602,0.8889333333333334,8.875908762216568,0.8122
lstm,5,7,48.64580616354942,0.9025166666666666,7.56307615339756,0.8699
lstm,5,8,41.78677508234978,0.9157,6.595533400774002,0.8864
lstm,5,9,37.43750846385956,0.92285,6.38501700758934,0.9
lstm,5,10,33.7168737500906,0.9304666666666667,5.471143513917923,0.9116
lstm,5,11,30.657786175608635,0.93485,5.0107603669166565,0.9105
lstm,5,12,28.436459496617317,0.9391833333333334,4.643047094345093,0.9243
lstm,5,13,26.394957929849625,0.9429166666666666,4.25137635320425,0.9144
lstm,5,14,24.4773950278759,0.9470666666666666,4.286217473447323,0.9031
lstm,5,15,23.400118246674538,0.94955,3.9679538756608963,0.928
lstm,5,16,21.956333376467228,0.9522666666666667,3.722969926893711,0.9182
lstm,5,17,21.14186868071556,0.9539666666666666,3.611466273665428,0.9221
lstm,5,18,20.233617454767227,0.95605,3.38499017059803,0.9349
lstm,5,19,19.004827208817005,0.9588333333333333,3.4121957048773766,0.9342
lstm,5,20,18.6244924813509,0.95945,3.2431799955666065,0.9317
lstm,5,21,17.51958169788122,0.9623166666666667,3.097099181264639,0.9429
lstm,5,22,17.462478324770927,0.9621833333333333,3.15980626270175,0.9443
lstm,5,23,16.9771546497941,0.96325,3.01095949113369,0.9414
lstm,5,24,15.999730825424194,0.9652,2.977774918079376,0.9551
lstm,5,25,15.753026343882084,0.9649,2.8535460382699966,0.9485
lstm,5,26,14.943146623671055,0.9672166666666666,2.6728003956377506,0.9502
lstm,5,27,14.871250301599503,0.9675,2.6741415448486805,0.9468
lstm,5,28,14.253797374665737,0.96885,2.7147090062499046,0.9487
lstm,5,29,13.87591951340437,0.96935,2.5717908814549446,0.9546
lstm,5,30,13.655212715268135,0.9701333333333333,2.700296577066183,0.9475
lstm,5,31,13.727286528795958,0.96965,2.530320681631565,0.9542
lstm,5,32,12.82151996344328,0.9713333333333334,2.394526867195964,0.9554
lstm,5,33,13.16791844367981,0.97025,2.548955027014017,0.9451
lstm,5,34,12.282601483166218,0.9725,2.471853669732809,0.947
lstm,5,35,12.140698581933975,0.9729,2.341034807264805,0.9551
lstm,5,36,12.035740178078413,0.9732166666666666,2.3288345150649548,0.952
lstm,5,37,11.731613025069237,0.9739333333333333,2.526673460379243,0.9391
lstm,5,38,11.399200659245253,0.9751166666666666,2.326296228915453,0.9587
lstm,5,39,11.134300332516432,0.97495,2.166436294093728,0.9593
lstm,5,40,10.475443296134472,0.9767166666666667,2.255107684060931,0.9583
lstm,5,41,10.716960325837135,0.9759,2.235419750213623,0.9584
lstm,5,42,10.427295349538326,0.9764,2.170092809945345,0.9523
lstm,5,43,10.594094824045897,0.9763333333333334,2.133929779753089,0.9646
lstm,5,44,10.356426507234573,0.9765333333333334,2.2551791816949844,0.9595
lstm,5,45,10.45937965810299,0.9765666666666667,2.1474889740347862,0.9604
lstm,5,46,9.74261674657464,0.97825,2.0784717090427876,0.9643
lstm,5,47,9.852976646274328,0.9770666666666666,2.0240780115127563,0.9596
lstm,5,48,9.318925868719816,0.9794,1.9282864481210709,0.9651
lstm,5,49,9.03041866980493,0.9793333333333333,2.038395095616579,0.9643
lstm,5,50,8.99885542690754,0.9797666666666667,1.9408745095133781,0.9665
lstm,5,51,9.699735127389431,0.9780833333333333,2.070687098428607,0.9546
lstm,5,52,8.965648405253887,0.9796666666666667,1.9914725050330162,0.9572
lstm,5,53,8.743832401931286,0.9801833333333333,2.0399282835423946,0.9577
lstm,5,54,8.624595809727907,0.9801833333333333,2.057368792593479,0.9627
lstm,5,55,8.527051897719502,0.9805333333333334,2.273991223424673,0.9592
lstm,5,56,8.323032438755035,0.9812333333333333,2.012737261131406,0.9634
lstm,5,57,8.341313006356359,0.9805,1.8397651426494122,0.9657
lstm,5,58,7.9412116296589375,0.9820333333333333,1.904305573552847,0.9641
lstm,5,59,7.759052785113454,0.9821166666666666,1.9312838595360518,0.964
lstm,5,60,8.052325282245874,0.9816666666666667,1.9266315326094627,0.9688
lstm,5,61,7.603833686560392,0.9826333333333334,1.8519725482910872,0.97
lstm,5,62,7.423814598470926,0.9828,1.8096803408116102,0.9635
lstm,5,63,7.476875087246299,0.9826833333333334,1.930795880034566,0.9653
lstm,5,64,7.381477352231741,0.9829833333333333,1.786172615364194,0.9707
lstm,5,65,7.048744240775704,0.9836166666666667,1.7675925865769386,0.9682
lstm,5,66,7.0226941760629416,0.9836833333333334,1.7812122516334057,0.972
lstm,5,67,7.347690610215068,0.9827333333333333,1.7479385118931532,0.966
lstm,5,68,6.6857147552073,0.9846166666666667,1.7606436666101217,0.9688
lstm,5,69,6.760156260803342,0.9843,1.8806369844824076,0.968
lstm,5,70,6.647350313141942,0.9849166666666667,2.099229445680976,0.9631
lstm,5,71,6.444836504757404,0.9849833333333333,1.7926297336816788,0.965
lstm,5,72,6.628290427848697,0.9842833333333333,1.7023703325539827,0.9721
lstm,5,73,6.675067462027073,0.9845666666666667,1.799217812716961,0.9659
lstm,5,74,6.049099022522569,0.9864166666666667,1.7512683924287558,0.9685
lstm,5,75,6.323891039937735,0.9851666666666666,1.7164616957306862,0.9687
lstm,5,76,6.295284785330296,0.9854166666666667,1.728734564036131,0.9674
lstm,5,77,6.283977694809437,0.9851333333333333,1.6670980714261532,0.9704
lstm,5,78,5.888453895226121,0.9861833333333333,1.8362019024789333,0.9686
lstm,5,79,6.222834223881364,0.9856666666666667,1.918857641518116,0.9703
lstm,5,80,5.903005735948682,0.9862166666666666,1.786671968176961,0.9667
lstm,5,81,5.827807284891605,0.9860166666666667,1.6935577560216188,0.9698
lstm,5,82,5.906018636189401,0.9860833333333333,1.6959187174215913,0.9696
lstm,5,83,5.621832108125091,0.9868833333333333,1.842619325965643,0.9699
lstm,5,84,5.689960781484842,0.9866333333333334,1.6679607015103102,0.9689
lstm,5,85,5.6437846049666405,0.9864333333333334,1.7428044695407152,0.9709
lstm,5,86,5.60272765904665,0.9865666666666667,1.7625520499423146,0.9704
lstm,5,87,5.518281820230186,0.9863666666666666,1.6469839755445719,0.9682
lstm,5,88,5.204163396731019,0.988,2.103720786049962,0.9628
lstm,5,89,5.680599100887775,0.9864333333333334,1.6445011533796787,0.9686
lstm,5,90,5.081642570905387,0.9879666666666667,1.7674533994868398,0.966
lstm,5,91,5.407476684078574,0.9871833333333333,1.94791479408741,0.9685
lstm,5,92,5.3975404389202595,0.9870166666666667,1.8832928147166967,0.967
lstm,5,93,5.188874827697873,0.98795,1.599478779360652,0.9719
lstm,5,94,5.220121402293444,0.9874833333333334,1.7625395935028791,0.9733
lstm,5,95,5.233186410740018,0.9880666666666666,1.8115140488371253,0.9692
lstm,5,96,5.042138064280152,0.9881666666666666,1.6806571278721094,0.9711
lstm,5,97,4.728822468779981,0.9891666666666666,1.7660251408815384,0.968
lstm,5,98,5.241710030473769,0.9871166666666666,1.6322377221658826,0.9687
lstm,5,99,4.910320343449712,0.9887833333333333,1.8751210495829582,0.9724
lstm,5,100,4.685933815315366,0.9891,1.6456000357866287,0.9674
lstm,5,101,4.622976426035166,0.989,1.623814052902162,0.9716
lstm,5,102,4.533479023724794,0.9891166666666666,1.6564632672816515,0.9711
lstm,5,103,4.688974883407354,0.9887166666666667,1.7338787764310837,0.9708
lstm,5,104,4.548643580637872,0.9893,1.9116690419614315,0.9632
lstm,5,105,4.725947462953627,0.9890666666666666,1.7311194250360131,0.9704
lstm,5,106,4.409735789522529,0.9893666666666666,1.799386352300644,0.9723
lstm,5,107,4.4668001951649785,0.98945,1.6530898455530405,0.9751
lstm,5,108,4.2779025617055595,0.9900166666666667,1.7317925468087196,0.9703
lstm,5,109,4.17139188805595,0.9900166666666667,1.5875717550516129,0.9741
lstm,5,110,4.520394370891154,0.9895666666666667,1.6610495941713452,0.9708
lstm,5,111,4.223987164907157,0.99005,1.8630507430061698,0.9705
lstm,5,112,4.116336817853153,0.9904666666666667,1.7132551693357527,0.9698
lstm,5,113,3.9905324522405863,0.9905,1.7528813630342484,0.9716
lstm,5,114,4.587438156828284,0.989,1.6141142472624779,0.9717
lstm,5,115,4.0990427285432816,0.99005,1.6832110341638327,0.9689
lstm,5,116,3.9670714819803834,0.9908333333333333,1.5871553122997284,0.9722
lstm,5,117,3.798580809496343,0.9910166666666667,1.655368460342288,0.9716
lstm,5,118,3.7845428874716163,0.9912333333333333,1.5837885849177837,0.9735
lstm,5,119,3.9465475091710687,0.9904666666666667,1.629981392994523,0.9723
lstm,5,120,3.858404985629022,0.99145,1.7736871428787708,0.972
lstm,5,121,4.145813236013055,0.9901333333333333,1.598707471974194,0.9732
lstm,5,122,3.7258384749293327,0.9915666666666667,1.6150043727830052,0.9732
lstm,5,123,3.4432886512950063,0.9919833333333333,1.614016804844141,0.9741
lstm,5,124,3.65575188677758,0.9911666666666666,1.682680169120431,0.969
lstm,5,125,3.7916440796107054,0.9909166666666667,1.7170843556523323,0.9713
lstm,5,126,3.8383955135941505,0.9905166666666667,1.7177824638783932,0.9714
lstm,5,127,3.594562418293208,0.9918166666666667,1.6282955333590508,0.9723
lstm,5,128,3.686592829413712,0.9911833333333333,1.6340704392641783,0.9709
lstm,5,129,3.809630997478962,0.9908,1.758390718139708,0.9698
lstm,5,130,3.919807156547904,0.9908333333333333,1.7128196312114596,0.9676
lstm,5,131,3.519798139575869,0.9916166666666667,1.68380175717175,0.9705
lstm,5,132,3.791415090672672,0.9910333333333333,1.6773405969142914,0.9707
lstm,5,133,3.5009348108433187,0.9917166666666667,1.9234229177236557,0.9705
lstm,5,134,3.458603970706463,0.9920833333333333,1.8046425953507423,0.9708
lstm,5,135,3.477662760298699,0.9920833333333333,1.637705753557384,0.9703
lstm,5,136,3.103499779943377,0.9934833333333334,1.832426579669118,0.9707
lstm,5,137,3.4145059594884515,0.9920166666666667,1.7272516703233123,0.9726
lstm,5,138,3.4213883941993117,0.992,2.0519346073269844,0.9718
lstm,5,139,3.8536747531034052,0.9906,1.730973169207573,0.9706
lstm,5,140,3.3570027481764555,0.9920166666666667,1.714735183864832,0.9701
lstm,5,141,3.2687600855715573,0.9921333333333333,1.638018830679357,0.9721
lstm,5,142,2.9870354565791786,0.9929666666666667,1.7522638300433755,0.9706
lstm,5,143,2.9768643295392394,0.9931,1.5988716799765825,0.9728
lstm,5,144,3.1137988828122616,0.9928166666666667,1.7182409446686506,0.9731
lstm,5,145,3.3332982496358454,0.99225,1.5794137828052044,0.9744
lstm,5,146,2.921497591305524,0.9930833333333333,1.7012128420174122,0.9715
lstm,5,147,2.8956543332897127,0.9934333333333333,1.5348829962313175,0.9724
lstm,5,148,2.726804460864514,0.9939,1.6371142119169235,0.9721
lstm,5,149,2.821420345455408,0.9934,1.6591219706460834,0.9726
lstm,5,150,3.5686417617835104,0.9910166666666667,2.0907823368906975,0.9694
lstm,5,151,3.7799735879525542,0.99065,1.5445544756948948,0.9718
lstm,5,152,3.6663272688165307,0.99105,1.6694517629221082,0.9723
lstm,5,153,2.9489564797841012,0.9931,1.5488020777702332,0.9723
lstm,5,154,2.707264747004956,0.99375,1.7674108501523733,0.9702
lstm,5,155,2.7969434545375407,0.9935,1.6834490709006786,0.9721
lstm,5,156,2.949000011663884,0.9929833333333333,1.671841636300087,0.9711
lstm,5,157,2.5569048458710313,0.9940833333333333,1.6751752281561494,0.9703
lstm,5,158,2.9096107399091125,0.9926833333333334,1.7660459652543068,0.9675
lstm,5,159,2.6855619992129505,0.99405,2.056008605286479,0.9699
lstm,5,160,3.034854250960052,0.9928,1.7498633414506912,0.972
lstm,5,161,3.234507055953145,0.9921666666666666,1.6485971957445145,0.9743
lstm,5,162,2.859951029997319,0.9929333333333333,1.6469822525978088,0.97
lstm,5,163,2.8600578187033534,0.9934166666666666,1.6922925598919392,0.9736
lstm,5,164,2.6066963118501008,0.9939666666666667,1.5954818679019809,0.9707
lstm,5,165,2.597691412549466,0.9941666666666666,1.6539196288213134,0.9723
lstm,5,166,2.6469897790811956,0.99395,1.641864619217813,0.9726
lstm,5,167,2.3181978354696184,0.9949166666666667,1.7264225389808416,0.9739
lstm,5,168,2.7699946681968868,0.9935833333333334,1.623485142365098,0.9718
lstm,5,169,2.642078708158806,0.9938666666666667,1.6211265809834003,0.9717
lstm,5,170,2.5918595212278888,0.9940666666666667,1.59573236387223,0.9729
lstm,5,171,2.3491593366488814,0.9947333333333334,1.6101064812391996,0.9729
lstm,5,172,2.6874999147839844,0.9936833333333334,1.857134034857154,0.9718
lstm,5,173,2.6840172596275806,0.9936166666666667,1.625662423670292,0.9704
lstm,5,174,2.5142357107251883,0.9939666666666667,1.6876122560352087,0.9725
lstm,5,175,2.5830605861265212,0.994,1.7581531032919884,0.9707
lstm,5,176,2.2276159536559135,0.99475,1.6306115332990885,0.9742
lstm,5,177,2.5676928712055087,0.9939166666666667,1.772655501961708,0.9728
lstm,5,178,2.5958364789839834,0.9939833333333333,1.7920294106006622,0.9702
lstm,5,179,2.685987797915004,0.9932833333333333,1.6986149083822966,0.973
lstm,5,180,2.1634622905403376,0.9950833333333333,1.7113525159657001,0.9723
lstm,5,181,2.3891072012484074,0.9947,1.65680518373847,0.9725
lstm,5,182,2.167465401114896,0.9953166666666666,1.8132765274494886,0.9696
lstm,5,183,2.2144703732337803,0.9948333333333333,1.7863665651530027,0.9739
lstm,5,184,2.208526052767411,0.9952666666666666,1.6807207465171814,0.9727
lstm,5,185,2.395073801279068,0.9944166666666666,1.755863269791007,0.9709
lstm,5,186,2.2618313007988036,0.9945333333333334,1.6756604509428144,0.9722
lstm,5,187,2.3068405096419156,0.9944666666666667,1.7031761929392815,0.9734
lstm,5,188,2.506240510614589,0.9939166666666667,1.840521989390254,0.9691
lstm,5,189,2.562885984312743,0.9937333333333334,1.8123135305941105,0.9733
lstm,5,190,2.3532883594743907,0.99475,1.7114267461001873,0.9731
lstm,5,191,2.033089756965637,0.9955666666666667,1.6827043034136295,0.9736
lstm,5,192,2.5356597183272243,0.9938666666666667,1.7198874335736036,0.9745
lstm,5,193,2.6524471938610077,0.9935666666666667,1.6354249082505703,0.9735
lstm,5,194,2.4637297592125833,0.9937333333333334,1.7969498056918383,0.9747
lstm,5,195,2.390139954863116,0.9942166666666666,1.6360904444009066,0.9745
lstm,5,196,1.931681228801608,0.99575,1.6774363173171878,0.9744
lstm,5,197,1.903104716911912,0.9959833333333333,1.8287200722843409,0.9729
lstm,5,198,2.0454090647399426,0.9952666666666666,1.7448784159496427,0.9705
lstm,5,199,2.208071186207235,0.9946333333333334,1.788281423971057,0.972
lstm,5,200,2.550784848164767,0.9938,1.752380272373557,0.9718
lstm,5,201,1.9576567010954022,0.9954666666666667,1.7631549313664436,0.9745
lstm,5,202,2.005582686921116,0.9955333333333334,1.68992028106004,0.9741
lstm,5,203,2.1462675970979035,0.99515,1.7165821809321642,0.9725
lstm,5,204,1.8411391123663634,0.99595,1.694851511158049,0.9737
lstm,5,205,1.6707120798528194,0.99615,1.7847587261348963,0.9711
lstm,5,206,2.1584127261303365,0.9945,1.8148245569318533,0.9661
lstm,5,207,2.9152024895884097,0.99275,1.914911286905408,0.9714
lstm,5,208,1.7253103642724454,0.99625,1.8001397904008627,0.971
lstm,5,209,1.577282166806981,0.9965833333333334,1.745392275042832,0.9737
lstm,5,210,1.8268220648169518,0.99625,1.9034673124551773,0.9714
lstm,5,211,2.118255372159183,0.99495,1.7525873091071844,0.9726
lstm,5,212,1.761470298282802,0.9959166666666667,1.777334677055478,0.9736
lstm,5,213,1.80989055079408,0.99585,1.8926852513104677,0.9711
lstm,5,214,2.110477994894609,0.9946166666666667,1.8245432320982218,0.9722
lstm,5,215,1.887435097945854,0.9957,1.772536450996995,0.973
lstm,5,216,1.828131363959983,0.9955833333333334,1.7624133229255676,0.974
lstm,5,217,1.7076842315727845,0.996,1.774361914023757,0.9736
lstm,5,218,1.587227291893214,0.9964333333333333,1.781430657953024,0.9745
lstm,5,219,2.5361207285895944,0.9936833333333334,1.9484402928501368,0.9692
lstm,5,220,2.0783349365228787,0.9948333333333333,1.8691369676962495,0.9732
lstm,5,221,1.5362315273378044,0.9966,1.848801363259554,0.9709
lstm,5,222,1.8688784901751205,0.9952833333333333,1.737393882125616,0.9727
lstm,5,223,2.124166735680774,0.9948166666666667,1.8218832882121205,0.9701
lstm,5,224,1.7466927913483232,0.9958666666666667,1.77030256902799,0.9744
lstm,5,225,1.4751068291952834,0.9969,1.8783515794202685,0.9729
lstm,5,226,2.1344173746183515,0.995,1.9087748173624277,0.9706
lstm,5,227,1.918212684802711,0.9954333333333333,1.7383379684761167,0.9754
lstm,5,228,1.6990425866097212,0.9960166666666667,1.981822719797492,0.9731
lstm,5,229,2.183278597192839,0.9944833333333334,1.779843820258975,0.9763
lstm,5,230,1.4675463875755668,0.99675,1.7775749829597771,0.9734
lstm,5,231,1.4906907943077385,0.9967,1.7917761597782373,0.9734
lstm,5,232,1.3911757341120392,0.9970166666666667,1.8671653745695949,0.973
lstm,5,233,1.4859036562265828,0.9967833333333334,1.9737143628299236,0.9735
lstm,5,234,2.1264563815202564,0.9946166666666667,1.938380865380168,0.9747
lstm,5,235,1.9075950582046062,0.9955,1.8786056991666555,0.9728
lstm,5,236,1.4991574333398603,0.9966,1.8524177055805922,0.9751
lstm,5,237,1.6827074778848328,0.9957666666666667,1.8108230847865343,0.9751
lstm,5,238,1.468542001210153,0.9965666666666667,1.8030034406110644,0.9748
lstm,5,239,1.4812825552653521,0.99645,1.882078635506332,0.9717
lstm,5,240,1.6076253317296505,0.9964,1.9816761165857315,0.9672
lstm,5,241,1.9213813582900912,0.9952166666666666,2.0634769573807716,0.9729
lstm,5,242,1.8041390804573894,0.99575,1.859658076427877,0.9748
lstm,5,243,1.5747353750048205,0.9962666666666666,1.8690763330087066,0.9728
lstm,5,244,1.5363584593869746,0.9964166666666666,1.915929839015007,0.9744
lstm,5,245,1.7202440288383514,0.9957333333333334,1.9180879900231957,0.9726
lstm,5,246,2.2236353679327294,0.9944,1.8325624587014318,0.9756
lstm,5,247,1.6137290080077946,0.9963166666666666,1.8398673180490732,0.9728
lstm,5,248,1.4180699735879898,0.9965166666666667,1.7646333719603717,0.9737
lstm,5,249,1.3897119942121208,0.9968166666666667,1.8189760781824589,0.9757
lstm,5,250,2.300463829888031,0.9941833333333333,2.0824745586141944,0.9719
lstm,5,251,2.4658756690332666,0.9937833333333334,1.7736849999055266,0.9742
lstm,5,252,1.18375521665439,0.9976333333333334,1.85256542917341,0.9732
lstm,5,253,1.3276781571330503,0.997,1.8567253816872835,0.9746
lstm,5,254,1.3033918186556548,0.9971,1.758680329658091,0.9736
lstm,5,255,1.150822320021689,0.9975666666666667,1.9509525587782264,0.9739
lstm,5,256,1.2797464706236497,0.9970333333333333,1.89879659563303,0.9724
lstm,5,257,1.2304742224514484,0.9974333333333333,1.8805641885846853,0.9744
lstm,5,258,1.0810576542280614,0.9977333333333334,1.8674222435802221,0.9748
lstm,5,259,1.1701800529262982,0.9974333333333333,1.8264211229979992,0.9741
lstm,5,260,2.426546905771829,0.99335,1.8895086720585823,0.9747
lstm,5,261,1.6518199656857178,0.9959666666666667,1.8937554489821196,0.9707
lstm,5,262,1.8915938914287835,0.9955,1.7870853445492685,0.9727
lstm,5,263,1.3349835898261517,0.9970833333333333,1.8598822155036032,0.973
lstm,5,264,1.242519564460963,0.9972,1.985675253905356,0.9734
lstm,5,265,1.1676174176391214,0.9977833333333334,1.8352912357077003,0.9731
lstm,5,266,1.3651085554156452,0.9969333333333333,1.9008081452921033,0.9739
lstm,5,267,1.6022569460328668,0.9961166666666667,1.9000142589211464,0.972
lstm,5,268,1.8974013575352728,0.99505,1.9092009589076042,0.975
lstm,5,269,1.3084171008085832,0.9969333333333333,1.9171360023319721,0.9713
lstm,5,270,1.1420232134405524,0.9975,1.7771052122116089,0.9744
lstm,5,271,1.383605529787019,0.99695,1.9335858169943094,0.9724
lstm,5,272,1.5243007643148303,0.99625,1.810652303043753,0.9746
lstm,5,273,1.3016484681284055,0.9971333333333333,1.9576086085289717,0.972
lstm,5,274,2.1005569975823164,0.9948833333333333,1.9997557811439037,0.968
lstm,5,275,1.2407465104479343,0.99705,1.8492825096473098,0.9738
lstm,5,276,1.3186668030684814,0.9970166666666667,2.0660770051181316,0.9702
lstm,5,277,1.5318365972489119,0.99625,2.0876621482893825,0.9721
lstm,5,278,1.4677023165859282,0.99655,1.8498527659103274,0.9746
lstm,5,279,1.0082873044302687,0.99785,1.8584859874099493,0.9741
lstm,5,280,1.0555664685089141,0.9978,1.9740514867007732,0.9728
lstm,5,281,1.3079658063361421,0.9969333333333333,1.8958651227876544,0.9719
lstm,5,282,0.9707233984954655,0.9979833333333333,1.94426210783422,0.9732
lstm,5,283,2.005916292197071,0.9954666666666667,1.9177516251802444,0.9721
lstm,5,284,1.316577659221366,0.9968666666666667,2.125435257330537,0.9729
lstm,5,285,1.6059343793895096,0.9961,1.8673160299658775,0.9728
lstm,5,286,1.4089397876523435,0.9965333333333334,1.90626335516572,0.9724
lstm,5,287,1.3690775758586824,0.9970166666666667,1.9010433331131935,0.9707
lstm,5,288,1.3284572227858007,0.9969333333333333,2.088417075574398,0.9687
lstm,5,289,1.663619065657258,0.9956833333333334,1.896330812945962,0.9716
lstm,5,290,1.241044383845292,0.9971166666666667,1.8835244672372937,0.9743
lstm,5,291,1.6060385191813111,0.9957833333333334,1.915675850585103,0.971
lstm,5,292,1.0598851694958284,0.9975333333333334,1.8283020129892975,0.9743
lstm,5,293,0.8023881457629614,0.9984166666666666,1.7814775384031236,0.9741
lstm,5,294,0.7605537434574217,0.9985,1.894647111184895,0.9743
lstm,5,295,0.8465299815288745,0.9983333333333333,1.8150823442265391,0.9728
lstm,5,296,0.8366895555518568,0.9985,1.8946051532402635,0.9742
lstm,5,297,0.7163388890039641,0.9986833333333334,1.9053723411634564,0.9718
lstm,5,298,1.2064711569109932,0.9971166666666667,2.125683548860252,0.9718
lstm,5,299,1.5429592832224444,0.9965166666666667,1.8197773434221745,0.9731
lstm,5,300,1.784259914420545,0.9956166666666667,1.8360786326229572,0.9691
