model,epoch,train_loss_mean,train_loss_std,test_loss_mean,test_loss_std
stage1,1,224.03544085025788,3.7851474590555845,29.060916447639464,1.2537580880390535
stage1,2,142.800567984581,9.954946159778444,20.5289577960968,1.8222387264551922
stage1,3,105.45425095558167,10.80012053090471,15.879865455627442,2.0159673070655835
stage1,4,84.82993764281272,10.494708536186423,13.272198712825775,2.0498796040505947
stage1,5,71.28405735492706,8.71640613240272,11.230138528347016,1.6536370981688837
stage1,6,59.97919867038727,7.370928321464489,9.451142820715905,1.2246402730981327
stage1,7,52.37202653288841,6.350968894112189,8.819973528385162,1.3576579955345192
stage1,8,46.634031093120576,6.237238046952678,7.888529884815216,1.232922529646121
stage1,9,42.228474548459054,5.412184709243428,7.1893030345439914,1.1813787669349376
stage1,10,38.33637512922287,5.005755056830045,6.27935044169426,0.6260392693259912
stage1,11,35.292132127285,4.900945518451097,5.764287833869457,0.6373123176446317
stage1,12,32.74189770817757,4.236351249571249,5.4872995734214784,0.7335776136902394
stage1,13,30.761863523721694,4.032706131391947,5.492546509206295,0.6068175100988549
stage1,14,28.388451543450355,3.87822959265897,4.741539111733436,0.6253082858544647
stage1,15,26.58362604677677,3.0513560529217516,4.560957768559456,0.5455861818589962
stage1,16,25.49949326068163,3.455864013467906,4.214851308614016,0.4525515476196255
stage1,17,24.240068942308426,3.141055768724151,4.434591542184353,0.5990069807498865
stage1,18,22.775937999784947,2.8331816550449713,4.084041903913021,0.6645105220766734
stage1,19,22.423110646009444,2.723259423856578,4.047095708549023,0.2767933526395465
stage1,20,21.9990371465683,2.78789465904145,3.792987157404423,0.41689663547822514
stage1,21,20.668533079326153,2.4182438093568313,3.918105059117079,0.48546406277529586
stage1,22,19.703617151081563,2.3309308534612088,4.108314441889524,0.6630940618177756
stage1,23,19.247012363374232,2.1149517223267327,3.7185185067355633,0.2939996223060889
stage1,24,18.69782506674528,1.7895912559475313,3.7834737688302993,0.24352196768216725
stage1,25,18.152187509834768,1.840277033574212,3.4345940977334974,0.5393683868523567
stage1,26,17.303152894973756,2.0656773523924548,3.546538095921278,0.3693330348202489
stage1,27,17.034280459582806,2.0163722262805277,3.3306067913770674,0.2791364540976047
stage1,28,16.98441866785288,2.061759513695709,3.355151078104973,0.33444306013239905
stage1,29,16.660848024487496,1.7731605009081346,3.209027103334665,0.31275843532904724
stage1,30,15.995358495414257,1.8558928002267203,3.3232359483838083,0.43745334362752564
stage1,31,15.408069076389074,1.3213647352071236,2.906532911211252,0.41050257230229514
stage1,32,15.156103407591582,1.5418192151266117,3.0406808875501157,0.19015220889449774
stage1,33,14.913852351903916,1.477858754237392,2.9441078223288057,0.3937458871379941
stage1,34,14.376185344159603,1.2735208863484415,2.9423324175179006,0.11139536536079658
stage1,35,14.288562113046646,1.4889217015824945,2.734008336812258,0.21119399115472923
stage1,36,13.955907846242189,1.2597429197707004,2.8106679394841194,0.1687994676578496
stage1,37,13.721549224108458,1.3288579699796215,2.7874113239347933,0.27928555941816724
stage1,38,13.74154690504074,1.2668280057935613,2.819106625393033,0.3022414718191151
stage1,39,12.959102961048483,1.380089265974308,2.5965431250631807,0.23605063851091185
stage1,40,12.559784093499184,1.2424427117325856,2.863843051344156,0.3947076964401341
stage1,41,12.585070941597223,1.0815662119810237,2.58622723929584,0.20779054965395533
stage1,42,12.339830306731164,1.40858723926753,2.7672215521335604,0.3829193327195639
stage1,43,12.024665584415198,0.8892086515783841,2.7451308622956274,0.29537762648785565
stage1,44,12.091435173153878,1.1794577783119287,2.62243759483099,0.2624074172114791
stage1,45,11.76580385118723,0.8232580171625096,2.4486405421048403,0.1766330469692724
stage1,46,11.593089491873979,0.6499210165348508,2.470520668849349,0.14013193628481202
stage1,47,11.223168762587012,0.8785939639039442,2.482896288856864,0.2248599191488821
stage1,48,11.366920357197523,1.0600893190594043,2.6222114760428665,0.22631524651547566
stage1,49,11.103717463091016,0.8162255511654146,2.475150269642472,0.17378100039775535
stage1,50,11.341390226781368,0.9283071029046124,2.548035794496536,0.26380623405790044
stage1,51,10.965294907987118,1.1613067364880396,2.4906029788777233,0.402457351833375
stage1,52,10.694665849208832,1.0840250944521286,2.401687331497669,0.30284473262726525
stage1,53,10.858477610349656,0.9547737863953455,2.480244030058384,0.3263283396932303
stage1,54,10.48122108951211,1.2806920385197782,2.4338556338101625,0.2691557987380189
stage1,55,10.366808201000094,0.9979529288796475,2.1902769062668086,0.2006678927062518
stage1,56,10.227539887279272,1.1593164493909194,2.4249380391091107,0.3454791877681278
stage1,57,9.93839941881597,0.846672071849158,2.687014554813504,0.621540756868315
stage1,58,9.852321236580611,1.0419296013781956,3.0670155361294746,0.9625319544540172
stage1,59,10.211303479969501,0.7782168519052564,2.431559658795595,0.4795519522923915
stage1,60,9.932732035964728,0.8808991453772865,2.167434960976243,0.16729710047290083
stage1,61,9.364217013865709,0.584777041561793,2.348412523046136,0.3356703061424403
stage1,62,9.286018727347255,0.8878584685838624,2.404521807655692,0.4683480768557758
stage1,63,9.278044774010777,0.9243526053810756,2.1034252697601916,0.20948626569192494
stage1,64,9.094774762168527,0.9695405219065286,2.2310735784471034,0.17381153363210836
stage1,65,9.208979685418308,0.9027414427977024,2.3253082901239397,0.17072510068974034
stage1,66,9.241761176288128,0.7843718089687424,2.318024742230773,0.19278506579286994
stage1,67,8.90487520955503,0.9153029564347576,2.194916160032153,0.29352124583892764
stage1,68,8.689011911675333,0.6789065867649098,2.2751482885330914,0.08906118567155352
stage1,69,8.963593324273825,0.9715696435777821,2.15246106646955,0.21311631367539585
stage1,70,8.54667257629335,0.5774701345352425,2.0592475201934577,0.15733000304150663
stage1,71,8.438134279288352,0.9135831022663903,2.1575970623642204,0.19908472771008176
stage1,72,8.753999779745936,0.6224343697054048,2.3533038405701516,0.38688502429035093
stage1,73,8.492618947848678,1.0936499199033347,2.219696289673448,0.24408686098107935
stage1,74,8.27272663526237,0.8568333094289793,2.1034167382866142,0.2060208764524885
stage1,75,8.099331344664098,0.7843681957838772,2.1584515567868947,0.333273203824246
stage1,76,7.832800832949578,0.8980801878985478,2.136895726621151,0.10664463245645038
stage1,77,8.278806729987263,0.9798436135914858,2.050196585431695,0.08703886886069372
stage1,78,7.756523814238608,0.802943433956727,2.1909934930503367,0.1166538976529768
stage1,79,7.789631389081478,0.7072661662923948,2.235503108613193,0.2569725211164346
stage1,80,7.823913196846843,0.732993496350439,2.069141102582216,0.10565111446265364
stage1,81,7.850775563344359,0.9417966306155771,2.2792187821120025,0.29467132455210043
stage1,82,8.151635889336466,0.7204215094733545,2.215971580892801,0.18543549673638282
stage1,83,7.683665119111538,0.893932943114917,2.1761667858809233,0.2925300834898658
stage1,84,7.796351304277778,0.9536524134759451,2.114234288409352,0.1968481920808892
stage1,85,7.588431036006659,0.6024596017331336,2.125191593170166,0.3206394680147197
stage1,86,7.507339195907116,0.6501760352021551,2.1030347760766746,0.2250540245078856
stage1,87,7.1615548398345705,0.6648738648228549,1.846272226050496,0.13105319526707443
stage1,88,7.224869591742754,0.7428909031507049,2.4758182533085344,0.7196035802768735
stage1,89,7.5923823464661835,0.6379360804186809,2.0923049872741104,0.20324258835326706
stage1,90,7.135975356586277,0.8728104735394385,2.015703443810344,0.04398002326177489
stage1,91,7.20492770280689,0.8057239977756485,2.31242138389498,0.3868098635617516
stage1,92,7.1955014109611515,0.6135695425388019,1.9606511756777762,0.2920525035690447
stage1,93,6.805623112618923,0.7715435067428694,2.0983029624447225,0.15822005665125471
stage1,94,7.130857279524207,0.6323499442536857,2.0504211809486153,0.23613127373160592
stage1,95,6.798567369580269,0.7118249960931071,2.149532481096685,0.35319459298166284
stage1,96,6.9400935715064405,0.7629948275295663,1.9764677878469228,0.17861703093795583
stage1,97,7.072378276847303,0.9208973961975967,1.9722277726978064,0.2754401929979284
stage1,98,6.5925126563757654,0.829038175158939,2.014107146859169,0.30410311917996713
stage1,99,6.67055297177285,1.0201605142592294,1.9625792514532805,0.1438198664466729
stage1,100,6.847604926303029,0.25273943909866126,1.9007318463176488,0.10611666890609672
stage1,101,6.956407695822418,0.5826434372177448,1.8715618535876275,0.1739230163771661
stage1,102,6.638500211760402,0.9216944305188636,2.069437052309513,0.28599493583691166
stage1,103,6.360276130586863,0.7092100357310013,1.9345697097480297,0.26022626309754326
stage1,104,6.33200931912288,0.9856465147363798,1.9499867521226406,0.21585944272646637
stage1,105,6.046246441267431,0.9462070429585303,1.914869034383446,0.1619125578460086
stage1,106,6.349029112979769,0.7611310556706179,2.279220777750015,0.25973491818373484
stage1,107,6.607582186535001,0.8641639326223731,2.042067499831319,0.2413700033783544
stage1,108,6.231403030827641,0.8412265343846189,2.0786137409508227,0.15386377735202697
stage1,109,6.041213050670922,0.7275582111694514,1.8381901007145642,0.15843751470837897
stage1,110,6.236521493457258,0.8480906621824543,2.1774132980033754,0.585330861399658
stage1,111,6.006376460753382,1.0363521458828193,1.835178454220295,0.1439846533437543
stage1,112,6.056095476448536,0.5460485612492727,2.0247129051014783,0.12807156488454277
stage1,113,6.5585570661351085,0.7443333850371417,1.948230449296534,0.2359632362851472
stage1,114,6.01824518032372,0.6484784983668916,2.0987760350108147,0.35175961112408155
stage1,115,5.952139919623733,0.8646853637756051,1.833111355639994,0.22167672305535685
stage1,116,6.005145617946982,0.8528505944133575,2.0162610858678818,0.19558418919757664
stage1,117,6.178048207610845,0.9679636157330914,1.991323703713715,0.32090598290947536
stage1,118,5.787891702260822,0.6211489885274311,2.035573800653219,0.31536368041381113
stage1,119,6.044835847057402,0.6165701979066379,1.8833818156272173,0.2016477468839573
stage1,120,5.657772501837462,0.6976844823706351,2.0279721513390543,0.2862324228252271
stage1,121,6.09609892424196,1.5727385704883903,2.0596328493207694,0.3234643407488752
stage1,122,5.880500891432166,0.6408104680235794,1.8933041070587933,0.18951486069074885
stage1,123,5.725979492254555,0.3797969184044326,1.8400833640247583,0.18555687300859094
stage1,124,5.726544530689717,0.7145441715565721,1.9019895412027836,0.16524634621888268
stage1,125,5.690874830633402,0.5219466472910651,2.128563851490617,0.3663886783067552
stage1,126,5.33742689602077,0.5319638801048883,1.917724784091115,0.21860579915918266
stage1,127,5.601827694103122,0.6840428922999927,1.9429437784478067,0.27655486185935185
stage1,128,5.73124196883291,0.7946569517012328,1.9073816891759634,0.22909384648214395
stage1,129,5.204824910871684,0.7661632583014025,1.7936107957735659,0.18306677477898398
stage1,130,5.544343655090779,0.4637660308615933,1.985260989703238,0.11049262634565149
stage1,131,5.4478560135699805,0.6803333889948381,1.9681887494400143,0.3141916968318597
stage1,132,5.166283936053515,0.8995854624639801,1.9512298930436374,0.14193674114698207
stage1,133,5.138478947430849,0.8895648030645052,1.9216685645282268,0.14273727570151964
stage1,134,5.3055344868451355,0.6175920466049757,2.168698843754828,0.38485546369510093
stage1,135,5.393381911516189,0.7814351668201068,1.881709892861545,0.19091830436134555
stage1,136,4.804512241017074,0.7676630031766298,1.8724603458307683,0.13289336153552428
stage1,137,5.345879989303649,1.0378776330547206,1.8764902515336872,0.27248825200756016
stage1,138,4.99091236833483,0.3876220578068955,1.9040859442204237,0.1444073261944284
stage1,139,5.269857897795736,0.3840555819465361,2.0249375419691207,0.2916232704316858
stage1,140,5.03718778155744,0.6605605260900073,1.9113174576312304,0.12838113688913427
stage1,141,5.6328015929088,0.7517416006970207,1.992409873381257,0.2836153017780848
stage1,142,5.1851751291193064,0.7791714370177174,1.9009225653484463,0.4135961975471848
stage1,143,4.789217943884433,0.4154577950680832,1.980009395070374,0.2526645202740661
stage1,144,5.3502343442291025,0.5943927533760903,2.2838942537084224,0.3879029917456282
stage1,145,5.155592373292893,0.49896789862073776,2.1570838250219824,0.12042700165742998
stage1,146,4.559598329477012,0.654455637004268,1.8434520104900003,0.18790021056355105
stage1,147,4.806108491122723,0.6909576254245396,1.8763420592062174,0.20788395832786521
stage1,148,4.605548532865941,0.6989070992476096,1.8479074359871448,0.2087299564848222
stage1,149,5.4501712445169685,1.0141691467685263,1.9428997583687306,0.3356878334187764
stage1,150,4.919290241412819,0.78949099773987,1.9514514995738863,0.16238915147879826
stage1,151,4.972040093084797,0.3543248638163951,1.9561910470947623,0.10348179080252493
stage1,152,4.478761241957545,0.4741570210488106,1.9140080582350492,0.24492103643560745
stage1,153,4.701036972925067,0.7568706572169932,1.9920459674671291,0.2889324774151012
stage1,154,4.747513690404594,0.7324734372261038,1.969983271509409,0.3434478422214144
stage1,155,4.5428875352256,0.830503944724903,1.7794351475313306,0.09138231003053346
stage1,156,5.106771935056895,0.5214486918298472,1.759162301942706,0.17739827234014524
stage1,157,4.590166908688843,0.6604194420426401,1.883919390104711,0.16421110384155238
stage1,158,4.695420530345291,0.8016639518335935,1.990489150211215,0.17777426447112335
stage1,159,4.419502736441791,0.4236461749063864,1.8762530537322164,0.09699414563871644
stage1,160,4.599697361607104,0.7972247430245629,2.0474992020055653,0.4210445812780126
stage1,161,4.7873205835931,0.46208207021031533,1.8632436100393535,0.2834942990349081
stage1,162,4.482339116185903,0.5148908384937043,1.8743824956938624,0.16888834642856904
stage1,163,4.227805386297405,0.638893351542768,1.874438214302063,0.1787121935071703
stage1,164,4.703171849716455,0.49736058683511203,1.8955381220206617,0.11420607641722205
stage1,165,4.389124704990536,0.2560353491021436,2.047647764068097,0.23924644831590108
stage1,166,4.342481511738152,0.4390147828151719,1.981221066042781,0.2849280669564417
stage1,167,4.530015902779996,0.9097442705610598,1.8355881452560425,0.137168059722919
stage1,168,4.546618709154427,0.9133505987881005,1.8470567338168622,0.2420043135629732
stage1,169,4.280329759977758,0.6583113363273013,1.8200750440359115,0.06904359229954608
stage1,170,4.768722182139754,0.5936955881196709,1.9472678177058698,0.15307880846283914
stage1,171,4.390343591896817,0.4966006884594465,1.8457339784130453,0.13287231317475454
stage1,172,4.101751041132957,0.5600955549488962,1.8000514545477926,0.15430089060264782
stage1,173,4.258166901767254,0.6664230344696943,1.8814745455980302,0.18312765657320712
stage1,174,4.452172209043056,0.6767467019058774,1.8510293414816261,0.1798025022353937
stage1,175,4.145327118923888,0.8923561233780336,1.8309365583583712,0.31574235344857093
stage1,176,4.0345861640293155,0.8846294558281331,1.9471241232939065,0.2665894959311571
stage1,177,4.367283202521503,0.8225837207225202,1.9742842857725917,0.18877453939538316
stage1,178,4.328975437302143,0.7323369472242548,1.89495768584311,0.2981485322423061
stage1,179,4.0319214625749735,0.594917164902671,1.8610511566512287,0.26974173647281513
stage1,180,4.234216459281742,0.68138353607984,1.9033892575651408,0.18204135061544552
stage1,181,3.9399519144557416,0.6770141993388636,1.8234599027782679,0.1838708989052818
stage1,182,3.7924447225406768,0.7428823751549213,1.825749786896631,0.17498430051935432
stage1,183,3.618813419342041,0.4295116084685642,1.903225551918149,0.202320379163518
stage1,184,4.570199560560286,0.8473776269504729,1.8711328281089663,0.20725058885700806
stage1,185,4.360964578576386,0.6273580175239967,2.0250994501635433,0.04100287077653166
stage1,186,4.453437213972211,0.7544950362498902,1.973295086622238,0.13186094179679866
stage1,187,4.13455266430974,0.6538603812578975,1.9182815251871943,0.3771659863176896
stage1,188,4.2835469908081,0.6081216188008064,1.9520853139460086,0.15929166988942176
stage1,189,4.290565574914217,0.5202731857186448,1.8893225545063614,0.3300431161810638
stage1,190,4.384875429049134,0.8036116355410186,1.9265473900362848,0.1428518492969977
stage1,191,3.9556780153885485,0.5874826832739627,1.8992582970298826,0.16199960120550136
stage1,192,4.088641439098865,0.8306634492883487,1.8377898400649428,0.16462122741570598
stage1,193,3.7331209116149693,0.7528544622619252,1.770174191147089,0.18280048863986936
stage1,194,3.8194912072271108,0.6116506026020311,1.847085240110755,0.11677638583261178
stage1,195,3.7168703826377167,0.8225102494300901,1.799949094466865,0.27643451678707137
stage1,196,3.8685514696873726,0.7594820419754998,1.9453827070072294,0.16385159488645257
stage1,197,3.9555224276147785,0.6371663207419022,1.937842341605574,0.28892934376742885
stage1,198,3.781073024217039,0.47657246478816,2.0390761137008666,0.4803007542576896
stage1,199,3.887946033012122,0.3530904374193507,1.8289313534274698,0.16891916423090664
stage1,200,4.218015899788588,0.5249675554697254,1.83315601143986,0.15008557086183036
stage1,201,3.645326271560043,0.5490063081244003,1.8813303644768893,0.14473754829823407
stage1,202,3.3561897884123026,0.5474081749378575,2.0096665672957896,0.07225243417185619
stage1,203,4.068223063740879,0.8473520881288307,1.9762482135090977,0.23958734550653393
stage1,204,3.585722920903936,0.5880521283465809,1.9793090471997856,0.49608451709323464
stage1,205,3.713927885890007,0.6820042053252586,1.8939588641747833,0.2755091004969488
stage1,206,4.198600773210638,1.0680645788950773,1.9182955832220614,0.1925052768049907
stage1,207,3.6389238405041398,0.5995958305001868,1.8153374379500746,0.08951833677671515
stage1,208,3.919748884974979,0.4855841070163336,1.9708325328305363,0.1649914346021564
stage1,209,3.779178665857762,0.39528875393464336,1.852468007709831,0.23362970819772338
stage1,210,3.8878343096002936,1.2527266585197174,1.998588643129915,0.22843517480103998
stage1,211,3.6265883705811577,0.3613933727687591,1.8955231884494423,0.09239459476716287
stage1,212,3.5062728942837564,0.5139365766816599,1.948892004461959,0.14610025408677468
stage1,213,4.649907748028636,0.7955934086406049,1.9256408484652638,0.298300469046344
stage1,214,3.79666790375486,0.598601392122318,1.8113223338499664,0.2109169848780078
stage1,215,3.434070810396224,0.5258199311809353,1.79444000152871,0.1409065660448986
stage1,216,3.0336114118341357,0.4478902053822032,1.9114657321944832,0.19629676318222442
stage1,217,3.7677922721020876,0.3898309434504898,2.253754155896604,0.5889716814536489
stage1,218,3.630600663460791,0.5850135903678508,1.8137714114040135,0.2883617287448562
stage1,219,3.886842867266387,0.45577122117948576,2.0088350974954663,0.278538634264
stage1,220,3.417541149444878,0.28736705058728257,1.7682581231929362,0.2012428983879879
stage1,221,3.7189640374854207,0.5338008762396212,1.8185082729440183,0.20145192389597052
stage1,222,3.4908401147462427,0.8322542978464389,1.876643663085997,0.26715339337163596
stage1,223,3.4446964730042966,1.0692351422503052,1.8509221414104104,0.1489828118683689
stage1,224,3.788822344876826,0.4930895064605603,2.006077163666487,0.19124546690150657
stage1,225,4.399418683536351,0.9611281790107047,1.8809549776837229,0.10433505922003371
stage1,226,3.2962421406526117,0.6101346248153768,1.7878041870892047,0.2072052211476175
stage1,227,3.3428390392102303,0.4950831969064443,1.9847124518826604,0.328566693688917
stage1,228,3.1234466547146438,0.7439771538756417,1.948501206189394,0.34513084410813333
stage1,229,3.5438354306388646,1.160893229978638,1.820345290750265,0.17719361590790328
stage1,230,4.208926579449326,0.887405907741077,2.0066654490306974,0.44393064141341293
stage1,231,3.4894369973335415,0.9547110565265532,1.8268258303403855,0.22265256207880232
stage1,232,3.274664393160492,0.4071770021832506,1.9062124751508236,0.21965233475013016
stage1,233,3.4618681736290453,1.3262050081402261,1.9009773164987565,0.21191599743031184
stage1,234,3.275528062554076,0.7016758681403307,2.015882766805589,0.2712796509881825
stage1,235,3.5785352378617974,0.9513872323174919,1.9301256163045764,0.1725791491585381
stage1,236,3.398561103339307,0.7965487143515405,1.913186273071915,0.1832412373781723
stage1,237,3.128384671662934,0.7516238826195154,1.8160871168598534,0.10385420330016666
stage1,238,3.153684749174863,0.4686605204774654,1.8002255780622363,0.16257247154567736
stage1,239,3.3746834893710913,0.707175495614091,1.958940687030554,0.3646204361063741
stage1,240,3.827325814543292,0.9841716598040474,2.1221193373203278,0.32321734131933016
stage1,241,3.8898829913232476,1.0475910202376313,1.7517836159095168,0.2003343835994169
stage1,242,3.0248634214978667,0.6030275807894807,1.7179206909611822,0.16875933542016475
stage1,243,3.010023947246373,0.39639188442923934,2.023438679240644,0.18908326631580744
stage1,244,3.735087372479029,0.8506930797045705,1.962075886130333,0.22097604950930305
stage1,245,2.9986850182525813,0.6326541635565579,1.9853384224697948,0.3026362139289263
stage1,246,3.4565407710149882,0.7228025448085625,1.9434697274118662,0.17323697396309629
stage1,247,3.165847047045827,0.5810810109463995,1.9729275492951275,0.20823554776630676
stage1,248,3.2039490482769906,0.22248274059064116,1.8617701314389705,0.29972105935333043
stage1,249,3.0450737952720375,0.7174510761685857,2.0073241841048004,0.39336344359203695
stage1,250,3.384850323572755,0.7560271153407427,2.4845189275220037,0.9522633392637336
stage1,251,3.741532809706405,0.767783011872201,1.8775451961904763,0.22558306813737766
stage1,252,3.2523733396083117,0.5502909942757201,1.8630541536025702,0.18410141029052934
stage1,253,3.4489901836030183,0.9733763296958517,2.041691893711686,0.3347997856090505
stage1,254,3.3224899199791254,0.3100271056817273,1.8430778244510293,0.21660657238078515
stage1,255,3.209870423655957,0.546468537218713,1.7975624145939946,0.1564644028803505
stage1,256,2.718831551773474,0.4100456121123261,1.9580863121896983,0.2774336962955948
stage1,257,3.0222680592909454,0.6351660568205323,1.736311197653413,0.2004709430428261
stage1,258,2.8052058309549466,0.8767716816648728,1.8187287226319313,0.0699927109559832
stage1,259,2.9967640179675072,0.3090626965270315,2.0560589717701077,0.5099665337387167
stage1,260,3.729610235709697,0.8997670605627328,1.8982095871120692,0.27696692577397436
stage1,261,3.3737798191607,0.3646690666486145,1.8527751801535488,0.23969934388903918
stage1,262,2.949788157409057,0.33828064192972396,1.8598968074657023,0.14517793950093424
stage1,263,2.703000570158474,0.2824576158895041,1.8912643909454345,0.21032195412613755
stage1,264,2.7358040792751126,0.9883278345366073,1.9453101010993123,0.23203278985693196
stage1,265,3.734051196044311,0.926951157291507,1.8314395483583212,0.17359636354208813
stage1,266,3.2722961361752825,0.9794858313138873,1.9562565870583057,0.2459028855748977
stage1,267,3.47776666902937,0.7191745056544463,2.001548642851412,0.3382112432729056
stage1,268,3.1670356711838394,0.545312394745464,1.8406257297843696,0.12912671995608285
stage1,269,2.784194787358865,0.5825273493116444,1.9994464134797454,0.30892350694274373
stage1,270,3.3591861600521953,0.7015533215056986,1.8953022515401243,0.18544673327477212
stage1,271,3.0485457244329153,0.6797260694989985,1.9015665180981158,0.12980247992610497
stage1,272,2.9015990446321664,0.7046971812252951,1.859647268615663,0.20390710086261346
stage1,273,3.0861052058404312,0.8305262744452256,1.816294474247843,0.22751037219040773
stage1,274,2.802437873301096,0.7617742208342039,1.8613905478268862,0.3008403454862451
stage1,275,3.0086447643116117,0.5939197082501936,1.9832555195316672,0.32825968899404323
stage1,276,3.319628708669916,0.35037127124070033,2.1990110668353737,0.421168539558368
stage1,277,3.3602788087911906,0.8087078913346081,1.899428010545671,0.3653355440657365
stage1,278,2.9550184634281322,0.970454891302568,1.7983888037502767,0.1454152094835611
stage1,279,2.532564071007073,0.4897988266266754,1.8340779749676586,0.23502083964291812
stage1,280,2.9036011318676174,1.0651205899945697,1.9168359803035855,0.2594214259764837
stage1,281,2.9671490906737743,0.800926128530586,2.01965007558465,0.30332186983008064
stage1,282,3.0621911029797046,0.285428862846484,1.9579614939168095,0.12108746409968818
stage1,283,2.7504734290763735,0.4771818138396494,1.9597812004387378,0.19906068925334827
stage1,284,3.2773556277155875,0.6101149587927989,2.0583428472746164,0.37536983427492243
stage1,285,3.1266934083774687,0.28541091082742037,2.180226587317884,0.4688238201377857
stage1,286,2.9878900374285875,0.5704310625578983,1.9142804089933634,0.34115490244248237
stage1,287,2.3934143795864657,0.4290675622389749,1.804480296932161,0.2648787685308062
stage1,288,2.8626535842195153,0.9844252510953841,1.8811792093329132,0.2114982481585745
stage1,289,2.7915117195807397,0.7430938066113643,1.8471565595362336,0.1568356257381564
stage1,290,2.616370408423245,0.22591848263352016,1.9543404756113887,0.185062639123029
stage1,291,2.8896918775979428,0.8423433463282605,1.8764999437145888,0.36132893677942807
stage1,292,2.2141134788515044,0.5641726908062978,1.7526778461411596,0.1949389290238072
stage1,293,2.8367270244285465,0.6345222537001399,2.0452152179554104,0.29693703803990884
stage1,294,3.2524100423790516,0.6219922988491051,1.9975260222330689,0.21847745813170152
stage1,295,2.9973852708237247,1.079950449362833,1.8585938036441803,0.11126317559343779
stage1,296,2.8819604013348,0.9166159065747216,1.899990613386035,0.2712392464409208
stage1,297,3.17160404114984,0.9201912319772568,1.9768877428025007,0.28211037586382426
stage1,298,2.5231241744710133,0.6470828438962675,1.8486114440485835,0.3396590067897877
stage1,299,2.8415401770267636,0.5694717021421302,1.907488115131855,0.0951102245636874
stage1,300,2.637383430497721,0.4302202534642105,1.8787486398592592,0.27079170144349163
stage2,1,236.9932809352875,2.127317142621405,35.07232258319855,0.6868025175909543
stage2,2,194.56101396083832,3.7007347553661534,31.439578771591187,0.9337715790528209
stage2,3,177.36644132137297,3.7896082094255648,28.994107174873353,0.6196517807906603
stage2,4,165.78037979602814,4.111132583188136,27.292122411727906,0.6420515747105787
stage2,5,157.85427904129028,4.4390219305142224,26.321397638320924,0.5863538689704673
stage2,6,151.61884825229646,4.97088238946318,25.123788475990295,0.864745081061183
stage2,7,146.7556315422058,5.277542633415106,24.48522310256958,0.9516158506426129
stage2,8,142.7574324607849,5.226013423636359,24.126085567474366,1.0431664592380525
stage2,9,139.24661569595338,5.5307747473871,23.30299825668335,0.852461421507134
stage2,10,136.2883049249649,5.055703214720497,22.95595602989197,0.867516204095034
stage2,11,134.07582676410675,5.013213040705496,22.603363716602324,1.004281775140021
stage2,12,132.21815211772918,5.103584683749967,22.147961330413818,0.7606307472864448
stage2,13,130.12575504779815,4.788825479691384,21.786533808708192,0.846077766490535
stage2,14,128.4643243074417,5.233237722919817,21.57629144191742,0.8649976064388539
stage2,15,127.32465530633927,4.988226193074771,21.34288223981857,0.9136986401451003
stage2,16,125.64321796894073,4.824730969725771,21.19317477941513,0.7345915806759751
stage2,17,124.87760174274445,4.751224119759358,21.076540875434876,0.9969166872054016
stage2,18,123.37006920576096,4.358988856649138,20.811377131938933,0.6687572835094237
stage2,19,122.74242973327637,4.150987023449761,20.8845077753067,0.6691499682610361
stage2,20,122.01066168546677,4.034878735868634,20.688947522640227,0.8653069899119181
stage2,21,121.34284992218018,4.042705465366145,20.490121448040007,0.569501126573936
stage2,22,120.2622855424881,4.193207630888583,20.333518743515015,0.6548548476875975
stage2,23,119.61576623916626,4.156725745654044,20.357371819019317,0.7827654331024264
stage2,24,118.9155485033989,3.916177355602494,20.17769968509674,0.7676722381801011
stage2,25,117.87697360515594,3.8388842943973147,19.92011288404465,0.7446568426131351
stage2,26,117.77553279399872,4.015371066850234,19.956927716732025,0.7085991337027777
stage2,27,117.20268360376357,3.96871359217967,19.953986287117004,0.8607954302425178
stage2,28,116.89046057462693,3.888440840197285,19.945861184597014,0.6833031195071436
stage2,29,116.20045133829117,3.800139373251501,19.817119336128236,0.5369317781224865
stage2,30,116.10294532775879,3.819128328389925,19.751303839683533,0.5565388750889045
stage2,31,115.5156344294548,3.7418811126113276,19.500474894046782,0.6560183218633968
stage2,32,114.77394959926605,4.173518185286463,19.492766284942626,0.7593378073953075
stage2,33,114.39300178289413,3.9888444881602765,19.315736281871796,0.6923184867797015
stage2,34,114.39134812355042,4.167186162845129,19.483720076084136,0.5676799536651009
stage2,35,113.94963753223419,3.801986149057455,19.506350779533385,0.9399599348058718
stage2,36,113.67010955810547,4.111347458212974,19.37740581035614,0.7183651727347136
stage2,37,113.1146247625351,4.580546177268641,19.135876405239106,0.790044193416039
stage2,38,112.5415469288826,4.335637199796648,19.02857551574707,0.6495717875960277
stage2,39,112.38206434249878,3.7565658044428383,19.15595828294754,0.6104046109954017
stage2,40,111.95640134811401,3.7792551501482836,19.00569442510605,0.6103656956593259
stage2,41,111.77502373456954,4.212807507415627,18.949697422981263,0.7464427319737231
stage2,42,111.5412173986435,3.8238443915729285,18.90834000110626,0.7641840995444991
stage2,43,111.5302754998207,4.044273378668037,19.09769368171692,0.6613494066200803
stage2,44,111.63668941259384,4.092398845638275,18.79757832288742,0.7378836600736006
stage2,45,110.71333453655242,4.0986142341808405,18.728239047527314,0.6502749233455766
stage2,46,110.58971227407456,3.898237994467041,18.851203393936157,0.7685782901422974
stage2,47,110.54236969947814,4.018454643198178,18.952668833732606,0.6689231056494442
stage2,48,110.40299257040024,4.164621450188012,18.89231562614441,0.7653616000096541
stage2,49,110.6077247262001,4.263213417236978,18.638257479667665,0.7845352810479669
stage2,50,109.96614907979965,4.216687641322011,18.86524599790573,0.6449580581884259
stage2,51,109.39138844013215,4.241456966096415,18.56592298746109,0.656696522589479
stage2,52,109.80181483030319,4.318669595595656,18.750066649913787,0.7141612750731199
stage2,53,109.72676471471786,4.480930241173806,18.6977832198143,0.9353310792547275
stage2,54,109.18938295841217,4.390730640920131,18.5858713388443,0.8019230566251859
stage2,55,108.84092903137207,4.484143951067279,18.648978292942047,0.7100009003580332
stage2,56,109.30847994089126,5.025011787052273,18.408043849468232,0.7839802540800643
stage2,57,108.60457321405411,4.543302110961549,18.422911190986632,0.7602084382441887
stage2,58,108.30146979093551,4.680146291748058,18.46860554218292,0.7819187824982495
stage2,59,108.18985327482224,4.793955603910948,18.412468051910402,0.6473769679516923
stage2,60,108.44883741140366,4.356286228229442,18.35520910024643,0.766688150030817
stage2,61,107.95346285104752,4.540656641593953,18.329076731204985,0.8227599630414547
stage2,62,107.88147900104522,4.322293206394247,18.306880390644075,0.7156233191552033
stage2,63,108.08279322385788,4.623783863070299,18.40840494632721,0.8837470198987686
stage2,64,107.41053594350815,4.685494831150767,18.37488842010498,0.840116066314061
stage2,65,107.35872381925583,4.922041577869169,18.15885157585144,0.7263215383705204
stage2,66,107.29753534793853,4.994182561003037,18.195815765857695,0.7455154648379813
stage2,67,107.51650522947311,5.2273628805374415,18.430487418174742,0.5640644967572384
stage2,68,107.05415575504303,4.342091484387504,18.16195592880249,0.6129696894717405
stage2,69,106.86053475141526,4.178381658481783,18.272158432006837,0.8857614982669686
stage2,70,106.88176931142807,4.567108202071194,18.245584225654603,0.7156150455195603
stage2,71,106.88719176054,4.9295729936684305,18.175376081466673,0.9062960241929888
stage2,72,107.2228777050972,5.298374244848928,18.108543491363527,0.8013582850076914
stage2,73,106.31116608381271,5.201327378741771,18.258815693855286,0.8085170518887705
stage2,74,106.24615803956985,4.3652404033115575,18.015898203849794,0.7955844312012618
stage2,75,106.4018711090088,4.640473424112234,18.11467949151993,0.8110822959054007
stage2,76,106.87759817838669,4.958992673176391,18.07142690420151,0.7890475535974919
stage2,77,105.78186157941818,4.566877406605438,18.13592138290405,0.7799095733762714
stage2,78,106.06957122087479,5.053841981492675,18.072834038734435,0.7373987901719304
stage2,79,105.9707704782486,4.86885459724861,17.996312701702116,0.8107652122617407
stage2,80,105.49673382043838,4.67706261711216,18.03170962333679,0.7924822045765656
stage2,81,105.80431368350983,4.923234454144962,17.86550679206848,0.8755020841247952
stage2,82,105.7322744846344,5.2657654059536965,17.902957713603975,0.8669901522421837
stage2,83,105.48165402412414,4.858819871581828,17.976614570617677,0.8408303522138532
stage2,84,105.30985813140869,4.557516181730027,17.902619504928587,0.7767681852630436
stage2,85,105.22444796562195,4.842383617821457,17.734876000881194,0.7487202264311995
stage2,86,105.04959888458252,4.472332710847582,17.89448653459549,0.6767917818418728
stage2,87,105.20659775733948,4.81743040948021,17.899303925037383,0.787660120463256
stage2,88,105.12199478149414,4.73501719809032,18.246087658405305,0.6812224007876482
stage2,89,105.65938057899476,4.554237058275323,17.984886205196382,0.6250295781318169
stage2,90,105.05442630052566,4.655695920293394,17.696447122097016,0.9569890074049474
stage2,91,105.00423610210419,4.983766586253544,18.053845977783205,0.6079461063393825
stage2,92,104.64713894128799,4.69214759411863,17.868083512783052,0.7844938097399189
stage2,93,104.45388553142547,4.7811944581349595,17.885442125797272,0.8670032363332556
stage2,94,104.29370766878128,4.952290314147092,17.78706955909729,0.7249437661047483
stage2,95,104.40296971797943,4.228131703655041,17.969210839271547,0.746112515588924
stage2,96,104.51582056283951,4.434390727256457,17.82331473827362,0.7506513217867854
stage2,97,103.82558304071426,4.910006276125131,17.765258812904356,1.038007610670448
stage2,98,104.05505460500717,4.8484603599029,17.748767054080965,0.7118173767276933
stage2,99,103.90346434116364,4.598194895476513,17.653262329101562,0.8721143176621972
stage2,100,103.77773003578186,4.88821061231965,17.74866271018982,0.7313907746351521
stage2,101,104.49843113422394,5.384577678717305,17.692225182056426,0.9991352830686566
stage2,102,103.86575603485107,5.224627743214417,17.639722073078154,0.7086881079126253
stage2,103,104.1940104842186,4.667609535552862,17.775929951667784,0.7531219501967941
stage2,104,103.79933978319168,5.145495863070565,17.617908215522768,0.9760688095641257
stage2,105,103.64307448863983,5.392265676615955,17.53257883787155,0.8885053799648958
stage2,106,103.36387659311295,5.03442230677511,17.597148382663725,0.8231237603952158
stage2,107,103.75845149755477,5.117722916311323,17.586265778541566,0.8127661846921913
stage2,108,103.57026495933533,5.0208000121064975,17.759842371940614,0.8274656955877774
stage2,109,103.78858669996262,5.331202008568738,17.81772462129593,1.0164901044720078
stage2,110,103.66678460836411,4.865110447510834,17.657198238372803,0.7806870982246294
stage2,111,103.43248068094253,5.159138724759842,17.539158701896667,1.0152983052975493
stage2,112,103.2652325630188,5.088198526137478,17.63886992931366,0.7989376110788959
stage2,113,103.41982718706132,4.955313787037513,17.777873086929322,0.9307908151051151
stage2,114,103.04175633192062,5.093139041563754,17.50160253047943,0.7320583842513955
stage2,115,102.91113276481629,4.7129928487752295,17.606784188747405,0.710280856849067
stage2,116,103.21836726665497,5.125284146337209,17.5524614572525,1.004141201789686
stage2,117,103.3284500002861,5.018679661411484,17.687202167510986,0.8561297526542472
stage2,118,102.92290199995041,5.236216743533196,17.568363070487976,0.8772851446580378
stage2,119,102.60222352743149,5.152961601062031,17.564430201053618,0.7574734233701896
stage2,120,103.19622042179108,4.896535767778354,17.61694219112396,0.7855698257620923
stage2,121,102.78081970214843,4.964553497084229,17.652807474136353,0.7706053516447714
stage2,122,102.79042801856994,5.055970899243116,17.491630256175995,0.8175732001821108
stage2,123,102.48610339164733,4.7342524499222804,17.51096453666687,0.7682239770054788
stage2,124,102.78133381605149,4.624432011622274,17.64794805049896,0.7741905319658671
stage2,125,103.06780047416687,4.831521095112523,17.441946196556092,0.8681833154265791
stage2,126,102.66951777935029,4.775761537997604,17.66365066766739,0.6804612938783076
stage2,127,102.83582180738449,4.619391733439912,17.66891005039215,0.7904087286669897
stage2,128,102.87086020708084,5.310873704552565,17.490346360206605,0.6692038811056545
stage2,129,102.41022230386734,4.801458188900184,17.492136466503144,0.9457369278304552
stage2,130,102.35160802602768,5.370507442981576,17.514817321300505,0.752342852262545
stage2,131,102.26400431394578,5.298488885813447,17.351614439487456,0.9201889137907829
stage2,132,102.5451953649521,5.457447667080481,17.484767925739288,0.7874230901963077
stage2,133,102.43405294418335,5.055677560518711,17.41044486761093,0.9043528864611268
stage2,134,101.95767006874084,5.130908725989274,17.545808017253876,0.8619966813300931
stage2,135,102.64004559516907,5.3494670104251245,17.33105640411377,0.705139115859159
stage2,136,102.49681864976883,4.696467521631886,17.422668588161468,0.8676483985818026
stage2,137,102.33135957717896,5.192722592182258,17.393258380889893,0.8778356171686766
stage2,138,102.25316706895828,5.3870010321859265,17.30048097372055,0.8755059751976308
stage2,139,102.12419375181199,4.932515945914484,17.440353524684905,1.02079246070806
stage2,140,101.95462832450866,5.055734012935166,17.521089172363283,0.9702542024510333
stage2,141,102.26697595119477,5.059967757783385,17.312097239494324,0.6870642980972641
stage2,142,102.10042295455932,4.773779468097233,17.29501450061798,0.7165721098268895
stage2,143,101.64712953567505,4.865664359056032,17.469385862350464,0.7853309131801626
stage2,144,101.6629874587059,5.218108451938471,17.538216912746428,0.9553618363331359
stage2,145,101.8005018234253,5.441297876209708,17.876870024204255,1.7584305795640531
stage2,146,101.76024395227432,4.919764760032016,17.36835765838623,0.7165818656847267
stage2,147,102.02419638633728,4.483397747717784,17.264381396770478,0.8079248701076182
stage2,148,101.64437372684479,4.334258676249134,17.265480995178223,0.6685454932216286
stage2,149,101.59859240055084,4.586383007675675,17.579493355751037,0.7014538082106748
stage2,150,101.76804881095886,4.815112476312248,17.33470253944397,0.7287351638625674
stage2,151,102.00102483034134,4.6889589131038925,17.597653353214262,0.9468461175571717
stage2,152,101.07633469104766,5.041271378030503,17.4698348402977,0.6886229953371343
stage2,153,102.81776728630066,5.12307003846267,17.52250771522522,1.1807978426865369
stage2,154,102.0096182346344,4.749976133845395,17.347562432289124,0.8260287144924626
stage2,155,101.86721972227096,5.118348896586842,17.47442469596863,0.7144491822964176
stage2,156,102.03351876735687,4.914643118086588,17.26639152765274,0.8135769079340933
stage2,157,101.53332662582397,5.285664060858991,17.205924475193022,0.7630231712395517
stage2,158,101.06330873966218,4.816608160808106,17.379747796058655,0.7081519352243776
stage2,159,101.16123063564301,5.1148553916102495,17.375337779521942,1.018648735740983
stage2,160,101.519806432724,5.2364201130515955,17.544364047050475,1.2277529736238186
stage2,161,101.39217690229415,4.940502938505956,17.251281714439394,1.0742207067075449
stage2,162,101.00178864002228,5.002713122804873,17.137679517269135,0.7105449476439444
stage2,163,101.4156341433525,5.074366880352464,17.143139803409575,0.6831272558179137
stage2,164,101.17940711975098,5.369883169020468,17.29095504283905,0.9018988553064881
stage2,165,101.19647989273071,4.978225717281736,17.420856750011446,0.9269038551605308
stage2,166,100.93681720495223,5.208587755517688,17.23365001678467,0.833658477308421
stage2,167,102.38481967449188,6.417655836468958,17.22411721944809,0.907278102913923
stage2,168,100.7520435810089,4.888777471346465,17.086107206344604,0.8428831533041073
stage2,169,100.37527407407761,4.8835216173482525,17.063190710544585,0.8078641409179046
stage2,170,100.95341775417327,5.002606916926408,17.328263223171234,0.9107792379025963
stage2,171,101.25677791833877,4.510740547560791,17.30771186351776,0.7668695962675971
stage2,172,100.894133746624,4.986578578683536,17.18820152282715,0.8266918701932865
stage2,173,100.4645883321762,5.070820930071501,17.169771540164948,0.6949078390408469
stage2,174,100.85851203203201,5.143698390214632,17.173264718055727,0.8885362327023791
stage2,175,101.60552781820297,6.5546207122292595,17.224996316432954,0.7187219814005533
stage2,176,100.9639103770256,5.217531250439252,17.13602135181427,0.7214092877771515
stage2,177,101.48705403804779,4.89442699260108,17.270016968250275,0.7217336044624639
stage2,178,100.77238963842392,5.019220242045163,17.123431301116945,0.7887602915566038
stage2,179,100.45855209827423,5.25398475257538,17.109727346897124,0.8491924609729027
stage2,180,100.81969718933105,4.860722934088797,17.047237360477446,0.7727871706294398
stage2,181,100.1090245962143,4.6662248969769164,17.119602775573732,0.7746230950733628
stage2,182,100.42344183921814,4.937511284112235,17.15434000492096,0.6376015950198272
stage2,183,100.70681693553925,4.431602735277711,17.166754925251006,0.7927982613690661
stage2,184,100.25129956007004,4.456896922534111,17.000719237327576,0.6136943177257055
stage2,185,99.80731714963913,4.785601933087096,17.178161430358887,0.937047683438247
stage2,186,100.48301845788956,4.774587050682803,17.17531725168228,0.7573149338118651
stage2,187,100.12516243457794,5.0378468377143895,17.32533313035965,0.8050417128822303
stage2,188,100.29407985210419,4.358762512978522,16.961416923999785,0.8033750351311131
stage2,189,100.00165890455246,4.013158034333689,17.129572010040285,0.6073550899877288
stage2,190,100.18208096027374,4.282053446758876,16.857675063610078,0.6905655370339969
stage2,191,100.09628486633301,4.814796727726188,17.17315149307251,1.0158534841360036
stage2,192,100.01576957702636,4.8601385129618775,17.12206999063492,0.772025671259745
stage2,193,100.21845420598984,4.220660037104206,17.052591240406038,0.6874816043604504
stage2,194,105.94781750440598,13.970048175596178,17.079220044612885,0.8396268850605347
stage2,195,100.07378908395768,4.491911536209444,17.088398814201355,0.5778982962852426
stage2,196,100.0482815027237,3.8605218033975515,17.040272724628448,0.8164393838981273
stage2,197,99.82776515483856,4.447141072716458,16.923449075222017,0.7032601588429849
stage2,198,99.53116307258605,4.238303977310295,17.244083440303804,0.6983686132408493
stage2,199,99.7950021982193,4.382274558829365,16.922610104084015,0.890252144003366
stage2,200,99.57191241979599,4.847585205316795,16.980409300327302,0.8224486763503351
stage2,201,99.72589725255966,4.542070038119155,17.16825053691864,0.8463552337145723
stage2,202,100.08488034009933,4.725985798369504,17.085119009017944,0.7685886395010221
stage2,203,99.97296217679977,4.5655518650490645,16.946779358386994,0.9828364640627796
stage2,204,99.68057490587235,5.001577294095883,16.948842453956605,0.8315214613897631
stage2,205,100.87596120834351,5.089991528625251,17.04995232820511,0.94122609201314
stage2,206,100.08826084136963,4.063909671580477,16.996420645713805,0.8394672748397309
stage2,207,100.22602393627167,4.741300273430322,17.009787130355836,0.6996440321508197
stage2,208,100.06352541446685,3.4668411094091205,17.110553324222565,0.545438815364533
stage2,209,100.00077664852142,4.642749079468929,16.985332632064818,0.7927055302945333
stage2,210,99.36007816791535,4.400407001670826,17.07709492444992,0.6032160302943923
stage2,211,100.10019981861115,4.652714848792755,17.094210660457613,0.6163892467919067
stage2,212,99.38281253576278,4.493010572421026,17.012806129455566,0.9067572847457994
stage2,213,99.6961421251297,4.434720048969416,16.8878843665123,0.6875870165754261
stage2,214,100.61474386453628,5.12313285907451,17.258218598365783,1.3169002019027767
stage2,215,100.00524958372117,5.064273875903751,17.04539668560028,0.6429358571576232
stage2,216,99.46722499132156,4.218547300826054,16.831147301197053,0.788379612993745
stage2,217,99.83019336462021,5.262534726007433,17.022128021717073,0.8559171535976247
stage2,218,99.76980164051056,4.250246507804738,17.066225922107698,0.8854765981255993
stage2,219,99.30245382785797,4.716474283932214,16.977316439151764,0.746728050311817
stage2,220,99.42670429944992,4.502879781190511,16.828456306457518,0.7966119998580873
stage2,221,99.96036217212676,4.67833722609031,16.952333796024323,0.6283453627434081
stage2,222,99.6959956407547,5.220308518141254,17.28662940263748,1.0979774841347179
stage2,223,99.03414704799653,4.370762133426388,16.8501025557518,0.6625226414363817
stage2,224,99.60753480195999,5.778031754037259,16.758325660228728,0.8458109142286788
stage2,225,98.91509991884232,4.792720955225083,16.939840340614317,0.5883797882819519
stage2,226,99.37943854331971,4.277710684493877,16.839965629577637,0.8261453586657206
stage2,227,98.63386504650116,4.529380008952152,16.870829033851624,0.9690805636337224
stage2,228,99.66500964164734,5.199260128413463,17.125098085403444,0.872509984004891
stage2,229,99.66670410633087,4.704777000857053,16.933370184898376,0.9832670152829455
stage2,230,98.84831272363662,4.3979161106835205,16.799972462654114,0.6770869138203464
stage2,231,99.0316712141037,4.932285929458675,16.887855541706084,0.6384367675541377
stage2,232,99.33070193529129,4.487521542393082,16.822268211841582,0.8834656005771658
stage2,233,99.16272573471069,4.668166236338667,16.86307966709137,0.7858701556353277
stage2,234,99.3340474486351,4.35654757161104,16.971529245376587,0.671623905813808
stage2,235,98.93065234422684,3.771028281210638,16.894111132621767,0.8562946495516005
stage2,236,98.90860159397126,4.505920682611266,16.92598658800125,0.8004159526595677
stage2,237,99.20760594606399,4.077167709726649,16.9707389831543,0.6536245650153883
stage2,238,99.33333755731583,4.240658491634054,16.858303165435792,0.668491389920578
stage2,239,99.55861177444459,4.5222455799768255,16.856708824634552,0.7998550318049825
stage2,240,99.33183934688569,4.821835587038022,16.846475577354433,0.8126395031548447
stage2,241,99.30357245206832,4.351549437331001,16.9073814868927,0.7258053387819599
stage2,242,99.20670322179794,4.6326698052277555,16.93357597589493,0.5988498314055627
stage2,243,99.7153470158577,3.8306285544425616,16.77241586446762,0.8621331858584531
stage2,244,99.0264923453331,4.505124894504953,16.736839413642883,0.8097915495002049
stage2,245,98.56599500179291,4.2848408794573825,16.703842949867248,0.7225240020300927
stage2,246,98.91807382106781,4.32248047150029,16.8073854804039,0.684414679409967
stage2,247,98.4702130317688,4.710669245996735,16.799465942382813,0.7358710268940871
stage2,248,98.82343695163726,4.121333552794615,16.80795042514801,0.7073151060408825
stage2,249,99.4675745844841,4.72676528027072,17.202353096008302,1.3503798167090462
stage2,250,99.34150066375733,4.993568594491758,17.109222328662874,1.0654344655899488
stage2,251,99.13584638834,4.6896745379755,16.95845707654953,0.7332457161798563
stage2,252,99.0481115102768,4.744093637367644,16.8185045838356,0.7957516548332718
stage2,253,98.59047664403916,4.934069446702321,16.862873089313506,0.9563720002598983
stage2,254,99.69727742671967,5.442511482274867,16.919473588466644,0.8255723293650559
stage2,255,99.1923464179039,4.895526241556457,16.911174988746644,0.702856991912204
stage2,256,98.43005657196045,5.226532353246947,16.842277157306672,0.7207363469754978
stage2,257,98.79069236516952,5.023922536485525,16.89639140367508,0.8259464051987431
stage2,258,99.44671251773835,4.718615916940343,16.999584233760835,0.7950069518424216
stage2,259,99.20489851236343,4.935476654104533,16.772576332092285,0.7534574508702192
stage2,260,98.71315503120422,4.726345235466893,16.802582573890685,0.9744187739505942
stage2,261,99.33004167079926,5.3063127549130575,16.850801277160645,0.8794158370755871
stage2,262,99.3707259774208,4.943309687238181,16.743886268138887,0.8730302854349581
stage2,263,98.80819309949875,4.817615741268343,16.806753051280975,0.7686495614673251
stage2,264,98.91703341007232,4.7025040773235665,16.799450755119324,0.839289951229175
stage2,265,99.30443139076233,5.020287195960758,16.93776116371155,0.5934584724810127
stage2,266,98.72863451242446,4.566263459709276,16.71368806362152,0.8441907968347987
stage2,267,98.50084974765778,4.076873035509677,16.809533512592317,0.6295559366142615
stage2,268,99.56807812452317,4.365069062530319,16.942749655246736,0.7644933997051232
stage2,269,99.26554560661316,4.717735279218606,16.68635437488556,0.7196158280863951
stage2,270,98.28243468999862,5.215026330937748,16.813848447799682,0.9196270905840563
stage2,271,98.64624338150024,4.864529172548583,16.877928531169893,0.7435208498651255
stage2,272,98.73724378347397,4.577560624309891,16.84521347284317,0.7504685095575764
stage2,273,99.23494240045548,4.496764324495825,16.893884348869324,0.5590926936914896
stage2,274,98.85903321504593,4.376418054978886,16.8590017080307,0.901883747861272
stage2,275,99.01507325172425,5.350668058965509,16.827949821949005,0.5762900006414439
stage2,276,99.56394461393356,5.64819097408213,16.908869194984437,0.6571891321868623
stage2,277,99.2387344121933,4.827351516177454,16.956854248046874,0.7265088577376283
stage2,278,99.25838644504547,4.52112441665402,17.054266929626465,0.8873864995595911
stage2,279,98.9862547159195,5.199818502633903,16.938601005077363,0.604115433387584
stage2,280,98.89368488788605,4.6317685933556625,16.973150265216827,0.6723731034562248
stage2,281,98.36717685461045,4.501416700471641,16.784197974205018,0.7669811264851459
stage2,282,98.29284847974778,4.457054467809281,16.823647010326386,0.7076406085473481
stage2,283,97.98530527353287,4.738186004780198,16.671295619010927,0.8919428762600992
stage2,284,98.89402351379394,4.861176989812156,16.72261438369751,0.8872925549815872
stage2,285,98.23655556440353,4.465530574461861,16.713305938243867,0.7869707396959914
stage2,286,98.53812856674195,4.546368216367524,16.744967913627626,0.7025899157137172
stage2,287,98.17832136154175,4.7274321198717155,16.712925612926483,0.7904417051017149
stage2,288,98.39361222982407,4.782733713717369,16.739472234249114,0.7888361833009481
stage2,289,98.2418587565422,4.822641913833328,16.921310710906983,0.9165171515978823
stage2,290,98.03226397037506,5.3401786968685565,16.719912600517272,0.8019018422167485
stage2,291,98.342822432518,4.4030058996080585,16.68753023147583,0.8170908371964724
stage2,292,98.4525063276291,5.426965249915264,16.78848079442978,0.832510894986395
stage2,293,98.72353535890579,4.788960572393552,17.236449229717255,1.094072460310498
stage2,294,99.03383250236512,4.439899451778629,16.991428995132445,0.9924264563118979
stage2,295,98.59931015968323,5.132594017847507,16.678779804706572,0.810088411317368
stage2,296,98.49819012880326,4.730289872484829,16.711062693595885,0.6738077034390783
stage2,297,98.29949033260345,4.590177980816566,16.726593804359435,0.8349850190382769
stage2,298,98.61729199886322,4.406308271291837,16.946446812152864,0.5896367395770388
stage2,299,98.12067637443542,4.199313975053109,16.800243747234344,0.6178532154517803
stage2,300,98.44960639476776,4.683914267623906,16.751484525203704,0.7156642433586807
rnn,1,233.23212304115296,4.659701990183777,32.320408654212955,1.59430994675387
rnn,2,164.2038417816162,8.965180619825016,24.558581018447875,1.70112714282114
rnn,3,131.0192057132721,8.011282357299846,20.450006532669068,1.2556987854187291
rnn,4,111.81000331640243,7.16634523125247,18.146306216716766,0.9797980198224717
rnn,5,98.37400668859482,8.5378551516702,15.804697060585022,1.3830798976216983
rnn,6,86.6020209312439,9.178594034943071,13.983568871021271,1.659846346798921
rnn,7,78.29564860463142,9.214084914649957,13.467695623636246,1.7276956656576337
rnn,8,72.03735405802726,9.063964517145267,12.077583730220795,1.1860568321497889
rnn,9,66.19357001781464,8.166102166501888,10.897055166959763,1.2121165658976334
rnn,10,62.401596921682355,8.021187303683718,10.41171178817749,1.5145341525994562
rnn,11,57.9629805803299,7.196249666738672,9.846513491868972,1.072616218657124
rnn,12,54.693636637926105,6.691914991611221,9.428730520606042,0.7686820043357075
rnn,13,51.552552485466,6.8523978792607725,8.981765308976174,0.8171148080523778
rnn,14,48.691757613420485,6.617608787096398,8.093932789564132,1.277072366055348
rnn,15,46.216536074876785,6.347457128261529,7.973304057121277,0.8945835128575078
rnn,16,44.19087102413177,6.4582007586724375,7.46815904378891,0.9018798019251919
rnn,17,42.11763484477997,6.525956131977777,7.3742008179426195,1.0739331359305295
rnn,18,40.44765640497208,6.379323392718063,6.674853372573852,0.9935275677439046
rnn,19,38.8359050154686,5.970813817947321,7.730511692166329,1.014914348260605
rnn,20,37.90083101987839,5.899475172766051,6.718801490962505,0.9260427426275959
rnn,21,36.388557228446004,5.533360978789813,6.601679360866546,1.1999450579033166
rnn,22,35.01852238178253,5.370592140516776,6.303747503459453,0.6659110877016456
rnn,23,34.31162110865116,5.425221266760918,6.39364690631628,1.1627207683448344
rnn,24,33.21801823377609,5.278459702272983,5.9977089166641235,0.8657789642789898
rnn,25,31.822013738751412,4.753897682408098,5.743658438324928,0.7716235847732122
rnn,26,31.022511993348598,4.4347947556369816,5.523854388296604,1.0656218869532559
rnn,27,30.171782544255258,3.939240560361038,5.732951933145523,0.41733432907426266
rnn,28,29.673228392004965,3.1792007275751946,5.021199975907803,0.6223543216265581
rnn,29,28.570496812462807,3.2172978754303485,5.119133044779301,0.6401706233461807
rnn,30,27.888960862159728,3.4392514549870294,4.718605543673038,0.47041456438139084
rnn,31,27.5450306519866,2.789273685278369,4.912087082862854,0.7655013702903753
rnn,32,26.320619261264802,2.8942677609600724,4.5732906892895695,0.4806451644800564
rnn,33,25.82538248002529,2.934781801439716,4.580961787700653,0.5317991146770243
rnn,34,25.673663949966432,2.8761467772666576,4.483800099790097,0.2823969358592715
rnn,35,25.76608277410269,2.040751962924749,4.487094521522522,0.18824264938584848
rnn,36,24.599700206518172,2.482851654281436,4.4307403460145,0.46766732188349014
rnn,37,24.118403594195843,2.392597957216359,4.383500395715236,0.44526111961888654
rnn,38,24.009079518914223,3.0404037052780746,4.535777381062507,0.44613403893806874
rnn,39,23.759284377098083,2.322202092414087,4.330296060442924,0.31837301237453236
rnn,40,23.043941347301008,2.5819539271253014,4.075061272084713,0.4380195707548759
rnn,41,22.655392129719257,2.2902761305454846,4.140501750260592,0.41171010821060766
rnn,42,22.358398438990115,2.342040257629278,4.1085864186286924,0.3442670274458324
rnn,43,22.225076167285444,1.9797138789855646,4.1178124532103535,0.23259785441487907
rnn,44,22.15200068950653,1.7506079313500253,4.139260563254356,0.12460413195840216
rnn,45,21.644601054489613,1.837090793565961,4.027752228081226,0.3070925055824403
rnn,46,21.040604661405087,2.1026902637547282,3.8205038771033286,0.2617962955464114
rnn,47,21.059279495477675,1.8190902772459618,3.9615997448563576,0.2663662605473263
rnn,48,20.816648803651333,2.082101899633077,3.9885035917162894,0.32749444098163094
rnn,49,20.370887847244738,1.9451076905862974,4.126663735508918,0.6804356367412387
rnn,50,20.502852202951907,2.1620514444469254,3.9996822737157345,0.41578760954847294
rnn,51,19.897646280378105,1.9168676938112659,3.93370551019907,0.3795773085219013
rnn,52,19.596532736718654,2.024766551158836,3.699649040400982,0.2374401872047421
rnn,53,19.305854652822017,2.1035440646357086,3.806725987792015,0.2482447676034855
rnn,54,19.458738247305156,2.0609299455524974,3.719226222485304,0.3873697227943202
rnn,55,18.971710014343262,2.1037756185442964,3.816799881309271,0.22951942617583876
rnn,56,18.617998285591604,2.0293819093698433,3.6260550774633886,0.283556721035182
rnn,57,18.57953198775649,1.6835463852516859,3.735179664939642,0.44301925057242947
rnn,58,18.409789492189883,2.0393836717398344,3.872925326228142,0.7062468812566726
rnn,59,18.67494771182537,1.8722972503114739,3.5163891173899176,0.24316228516119953
rnn,60,17.85002941712737,1.5052748781881564,3.841267664730549,0.30854128575966344
rnn,61,18.0282061830163,1.9544934410657544,3.4072735495865345,0.3369378478038272
rnn,62,17.55731443092227,1.8239192508627882,3.7882701352238657,0.48395951356383143
rnn,63,17.95281200557947,2.1213397632162954,3.5356487445533276,0.3286708436744143
rnn,64,17.391068315505983,2.0973809094912306,3.557506435364485,0.2644651649860791
rnn,65,17.1172505505383,1.855303341102965,3.480530542135239,0.20772748095612056
rnn,66,17.209292255342007,1.576729263930699,3.2621911779046058,0.20953897805616228
rnn,67,16.654313027113677,1.5118155178812487,3.375358763337135,0.24890570446558744
rnn,68,16.798471248149873,1.6829517458523315,3.2794888116419316,0.12653816785928276
rnn,69,16.63860196620226,1.927812082873061,3.356637345254421,0.16672543162092998
rnn,70,16.72128303349018,1.3126688923357932,3.4056765638291835,0.4920817419509514
rnn,71,16.412658217549325,1.6818810151387074,3.333250030875206,0.4965484014687052
rnn,72,16.416426543146372,1.6636552523665074,3.2535186231136324,0.42765696517333474
rnn,73,15.870456714183092,1.5056507660511451,3.035454074293375,0.23591464591399444
rnn,74,15.736102462559938,1.7746088470846595,3.1876412630081177,0.19685390258927896
rnn,75,15.702040173485875,1.7279677239094073,3.2951927095651627,0.2524511898197678
rnn,76,16.012662227451802,1.2778091990357754,3.677215028554201,0.8946475939870306
rnn,77,15.979234690219164,1.4775362458007244,3.421198683232069,0.20111929837862655
rnn,78,15.452925448864699,1.6126377774677414,3.1535228908061983,0.22482325486921403
rnn,79,15.639088133722543,1.631074050810761,3.1754615649580957,0.2901021176768929
rnn,80,15.019760855287313,1.726809372401485,3.050835894048214,0.16545193555997012
rnn,81,15.245705792307854,1.369174903510852,3.2109474293887614,0.2607989524841438
rnn,82,15.069408269226551,1.7992217528382357,3.0941345024853946,0.10836563636353402
rnn,83,14.733553648740052,1.548739037938147,3.361854910850525,0.331584613160963
rnn,84,14.690457495301962,1.458260840589348,3.1882224805653094,0.36340245933840143
rnn,85,14.827134735882282,1.1399436400740341,3.352660395205021,0.38200298954610196
rnn,86,14.656160282343626,1.4415467658047627,3.3500272959470747,0.2691966207687602
rnn,87,14.486669905483723,1.6924873738728057,3.1651061818003656,0.5285834733452025
rnn,88,14.381450406461955,1.6697393750437988,3.265771106630564,0.2384734044271768
rnn,89,14.544441421329974,1.870869351017043,3.0535356987267734,0.24516909261788428
rnn,90,14.014843884110451,1.3820359853235462,3.198040974885225,0.26870818142086556
rnn,91,13.84810595959425,1.3989654974536783,2.914258088544011,0.12580663648476662
rnn,92,13.88536715582013,1.5670846405890622,3.0512713491916656,0.299917360107648
rnn,93,13.714459225535393,1.4690253394403276,3.190880950540304,0.3599917724406031
rnn,94,13.71968934237957,1.4870576618971378,2.9617127805948256,0.24236167883555607
rnn,95,14.025116711109877,1.2779658708782846,3.0402395971119405,0.37381624221207915
rnn,96,13.468975860625505,1.6150800311769722,3.1132299356162547,0.32645763647893056
rnn,97,13.952521356195211,1.4892001586046044,2.913216709718108,0.23521804739405758
rnn,98,13.433010290190577,1.5430690429214022,3.192551051825285,0.5998850048439388
rnn,99,13.545555436611176,1.317728327316027,2.8956298150122164,0.27289926441558093
rnn,100,13.593883775174618,1.3815094906771863,2.8771501176059244,0.31501809923714286
rnn,101,13.062662378698587,1.2586898656505305,2.9301025841385124,0.2149600579192557
rnn,102,13.003320987522603,1.2953895128044244,2.8080621723085644,0.12088972538330947
rnn,103,12.795643921941519,1.1441679478193592,3.115699850022793,0.24454357012704386
rnn,104,13.54036374911666,1.1808581134931793,2.933631003648043,0.4725721029274115
rnn,105,13.220281486213207,1.2816372684487205,2.9986448265612125,0.13248131512875552
rnn,106,13.041041142493487,1.2462461746448794,2.795644849538803,0.18891308198998108
rnn,107,12.772529535740613,1.220472759090841,2.8553927414119245,0.2703082508646614
rnn,108,12.780684301257134,1.4254053075447626,2.8376185107976197,0.18736120728371586
rnn,109,12.954827991127967,1.1575199553201931,3.1586345605552197,0.5403470165476614
rnn,110,12.88575299680233,1.245120806440051,2.7766696587204933,0.1603443322924624
rnn,111,12.42739874497056,1.2233349153438442,2.794663064926863,0.23833457198740093
rnn,112,12.295656112581492,1.3785452941888718,2.6987194050103427,0.16441373434098797
rnn,113,12.31773162931204,1.2062255348769215,2.8882797420024873,0.20644300166442045
rnn,114,12.112044041603804,0.9593549738209346,2.878857236355543,0.28281928864050365
rnn,115,12.540048877894879,1.3681418205336684,2.862198184803128,0.3678067199778636
rnn,116,12.18297256976366,1.2666861381881398,2.8276505187153815,0.09106467229515912
rnn,117,11.904973027855158,1.2661823677874506,2.663501789793372,0.18677534821276545
rnn,118,12.291888138651847,1.0897766150441153,3.042691371589899,0.4288319100595887
rnn,119,12.172367432713509,1.1900131795434452,2.6938902836292984,0.18646109746853617
rnn,120,11.98043875619769,1.002944741926001,2.8038629867136478,0.2924711977489236
rnn,121,11.867357694357633,1.467578112206213,3.0375623397529123,0.697915429612305
rnn,122,11.72697361074388,1.2516835285588015,2.9103336222469807,0.13818605420861033
rnn,123,11.819277660548687,1.083757688787697,2.8802956491708755,0.30038452307078206
rnn,124,11.973558490723372,1.570716235512904,2.9239050216972826,0.2907440481060431
rnn,125,11.430592764168978,0.829601673790274,2.653448136523366,0.1682878287474978
rnn,126,11.588363508880139,1.2496527440183982,2.796693217754364,0.2382540597295672
rnn,127,11.751021787524223,0.9714900081833766,2.7537393659353255,0.17200202689291821
rnn,128,11.473410483449697,1.1698317688307969,2.775672917068005,0.38103683850437703
rnn,129,11.369030572474003,1.15984180881558,2.6573755417019127,0.09942664828614572
rnn,130,11.289478125423193,1.1572888593843527,2.6343776218593122,0.06379288687115564
rnn,131,11.43262259066105,1.4259203735357593,2.6402854211628437,0.12005875633673145
rnn,132,11.25223347209394,0.879886172712986,2.68553101234138,0.17906750645238212
rnn,133,11.249631995335221,0.8974021058810513,2.7534103207290173,0.3897432560306733
rnn,134,11.501389241963626,1.0910010816906204,2.712179697304964,0.24088731175860625
rnn,135,11.12771154344082,1.0408826466201355,2.6292327001690863,0.11571691258647065
rnn,136,11.195408906787634,0.9701338424735788,2.5877098802477123,0.29519494682904773
rnn,137,11.128788994252682,1.141144415434144,2.61255340911448,0.11623088560482303
rnn,138,10.97731576114893,0.9501998810865565,2.738305873051286,0.18812807348754582
rnn,139,11.109130737930537,1.5262976750500448,2.7204817324876784,0.2773706693146618
rnn,140,10.774804024398327,1.179566929146281,2.6375270009040834,0.2244389361139967
rnn,141,10.772562780231237,0.5545802104660035,2.8637154534459115,0.4091863267051873
rnn,142,10.982445065677165,0.9307860535353547,2.9878063440322875,0.2934488475554043
rnn,143,11.226041816920041,1.042602580223837,2.52118452526629,0.1359906055644241
rnn,144,10.832637231424451,1.149761082383355,2.7405849851667883,0.3329793082073472
rnn,145,10.389347718656063,1.1235503349500011,2.6575658924877645,0.10367785907462242
rnn,146,10.702501590922475,1.2387639069765994,2.5818530712276697,0.20466729260914804
rnn,147,10.260798723623157,1.0648263523251673,2.680616610869765,0.25466690871546077
rnn,148,10.5088709063828,1.1645917404061739,2.8142852663993834,0.15500486703630573
rnn,149,10.537069625407458,0.9133312622565437,2.674855286255479,0.13230073700496853
rnn,150,10.420721909031272,0.972585567390802,2.971229364722967,0.4291620817717234
rnn,151,10.249855469167233,1.2194206418429456,2.6548546589910984,0.2502805489512794
rnn,152,10.399826646223664,1.1303072847611342,2.5642836935818196,0.11243147448411392
rnn,153,10.230703639239072,1.0177387275784582,2.747040717303753,0.3608813100244422
rnn,154,10.09551420584321,0.9264391233955172,2.9202273562550545,0.5172341861774044
rnn,155,10.441738865152,1.1794804695050076,2.694653103873134,0.3541601646386621
rnn,156,10.144491294026375,0.8070841832421236,2.659084416180849,0.18839620714895175
rnn,157,10.462284018099307,0.8934289569319406,2.550287223234773,0.09811275417274605
rnn,158,10.320815478637815,1.0226186808821163,2.6409703124314547,0.28578460046634757
rnn,159,10.026068955659866,0.5238931454940556,2.8033551167696715,0.3035946493812903
rnn,160,10.30783066265285,1.0007008194222862,2.641787138953805,0.25780374884277457
rnn,161,10.06313279233873,1.0677152567312098,2.60463362634182,0.1733099868866699
rnn,162,9.741286908462644,0.9940718344424329,2.520168564468622,0.06644044290846211
rnn,163,9.80385412760079,0.6652029375572155,2.581238287314773,0.2978068438061168
rnn,164,9.84796508476138,1.2456615381714118,2.604433096945286,0.12140898130175336
rnn,165,10.168837394937873,1.1721735745690163,2.792682011798024,0.5043750511509063
rnn,166,10.330633669346572,1.0976988118276463,2.7999484460800885,0.43724869480153644
rnn,167,10.084366162866354,0.7173052572596347,2.6180472642183306,0.3128234142189849
rnn,168,9.77602223083377,1.0917708478704475,2.699868968874216,0.15412336170003507
rnn,169,9.900516249984502,0.6329368126807142,2.495784457400441,0.07303447926664733
rnn,170,10.093028324842454,1.108847225753559,2.496247770637274,0.07140570072857894
rnn,171,9.51872195340693,0.7605436320510294,2.8200565055012703,0.36241073585223493
rnn,172,9.492206978425383,0.9375828587686432,2.560273028537631,0.2411572908441186
rnn,173,9.567100889608264,0.801078056305425,2.747483694553375,0.2552821223314965
rnn,174,9.60417789593339,0.9390912808311107,2.5822392508387564,0.08027451880707871
rnn,175,9.805567422136665,0.8422026899878094,2.5025141455233095,0.1409488280049154
rnn,176,9.369087349623442,0.8688368797313217,2.5073520094156265,0.19789120891298106
rnn,177,9.335812229290605,0.959252517134986,2.5612755179405213,0.17996961492557867
rnn,178,9.41840344555676,0.8363947166519387,2.5587707862257956,0.24303584708049597
rnn,179,9.327484115213156,1.0928537554024442,2.6267945002764463,0.2752429345872383
rnn,180,9.18649047575891,0.9664372880507613,2.515986977145076,0.25169108811623997
rnn,181,9.412325800210237,0.9033432196434845,2.506501468271017,0.17705707441948346
rnn,182,9.173107639979571,0.6089736570198819,2.71569920219481,0.17404853305591755
rnn,183,9.066364849731325,0.5833392187402916,2.4533296141773464,0.10709413573978768
rnn,184,9.148674021288752,0.8405250891853694,2.77036343999207,0.42911812804483407
rnn,185,9.092330897785724,0.8581618449696493,2.5646222069859506,0.1764679716959413
rnn,186,9.249404540285468,0.7190489538980538,2.772040221095085,0.3730914654714109
rnn,187,8.916450376063585,0.9208398006014461,2.619987678900361,0.20761026177718878
rnn,188,8.96844420209527,0.9307683776343015,2.6801556453108786,0.4260668362041896
rnn,189,9.459721841290593,0.9808191916435172,2.504883923381567,0.20017706418304138
rnn,190,8.88543454296887,0.6155267633562286,2.811764808744192,0.47310642357391103
rnn,191,8.984310953319072,0.7274638109837444,2.496682135015726,0.21888412197691398
rnn,192,9.098694478720427,0.833005792103596,2.5948739681392907,0.21948069626500233
rnn,193,9.028652952983975,0.6850656011742841,2.62028535194695,0.276989898308271
rnn,194,8.878586260974407,0.6793876914078029,2.566640093922615,0.19676667243298468
rnn,195,8.522650838270783,0.7670816019607143,2.4506376422941685,0.1377119089134808
rnn,196,9.11645186841488,1.302451962652595,2.5360642824321986,0.3288729989004313
rnn,197,8.968315341323613,1.3024890089093355,2.5877190686762335,0.18518273719080733
rnn,198,8.78233648315072,0.676469333509445,2.5172028575092553,0.2132802273832679
rnn,199,8.614275069907308,0.7669502596322487,2.5104015450924635,0.18726851464218747
rnn,200,8.772007492743432,0.9204395178214828,2.4796786937862634,0.1407072766570753
rnn,201,8.710694027319551,0.4306970826060267,2.5148518085479736,0.13282775007443542
rnn,202,8.59931162558496,0.6815740210869751,2.661582341045141,0.2053346359297628
rnn,203,8.997965609654784,0.6562957586043876,2.529294253885746,0.27130598645236603
rnn,204,8.434938449040056,0.7137297687312714,2.531400623545051,0.20067168214922682
rnn,205,8.463052761554717,0.5339134139317517,2.672144252434373,0.28394640779292607
rnn,206,8.494336473941804,0.934367865665594,2.478828105702996,0.16206273737658636
rnn,207,8.586250747274608,0.6952089514409265,2.590467456355691,0.024528880638980982
rnn,208,8.71454799734056,0.5912735314299395,2.477707627788186,0.11910184298964734
rnn,209,8.621357449144124,0.5836407742401821,2.450262463092804,0.14554348754081695
rnn,210,8.330707147158682,0.7823699023850359,2.5179310722276567,0.18569034333691062
rnn,211,8.474001099541784,0.8760036674397355,2.3727518446743487,0.12895827957509723
rnn,212,8.50975500009954,0.7034062453472234,2.5932871647179128,0.3010962809428434
rnn,213,8.395786729082465,0.9281625037866313,2.4622503992170097,0.09583352154552094
rnn,214,8.23420787975192,0.6770968919001631,2.5854679230600595,0.11954239057270649
rnn,215,8.460920833051205,0.9043268365498214,2.6658658243715765,0.32635131350055807
rnn,216,8.574856520071625,1.3370136751737358,2.506587239727378,0.32965280629024224
rnn,217,8.318905985541642,0.7594537579986144,2.725452060997486,0.19003489374901406
rnn,218,8.32244092002511,0.7825087102346162,2.4738369196653367,0.15467617147882276
rnn,219,8.518529124185443,0.5066742824310906,2.508734615519643,0.11607534256147632
rnn,220,8.295993649959565,0.5966925936395627,2.6286985579878093,0.22359247121314402
rnn,221,8.688974839448928,1.1209028058265418,2.7039975047111513,0.24154686793595817
rnn,222,8.151128526777029,0.8493228242694542,2.5694005478173496,0.20648473610814835
rnn,223,8.043723349831998,0.6770008347000263,2.4267014488577843,0.172669817742339
rnn,224,8.420017784833908,0.7090642584071692,2.5689164865761995,0.09923439844568231
rnn,225,8.185987607017159,0.7836005469088189,2.4969593822956084,0.10332800429281552
rnn,226,8.253514160774648,0.7943074804646942,2.4667418863624335,0.08620576846584042
rnn,227,8.142272501066326,0.8794481626920795,2.6752755392342804,0.27926923180779617
rnn,228,8.131047751009465,1.0043165747452594,2.4259153220802547,0.15363127962014897
rnn,229,8.676044745370746,0.71832874792608,2.945970169827342,0.24972168443738382
rnn,230,8.38840079419315,1.2612919377641931,2.618294908106327,0.28096865753382355
rnn,231,7.827673971280456,0.5535511243962491,2.6760936360806227,0.23216900009583494
rnn,232,8.129491925612092,0.4317965078456489,2.5911921717226507,0.3007357748898972
rnn,233,8.213045048341154,0.662096656777806,2.5929341660812497,0.09407080092486632
rnn,234,8.030145238339902,0.642413878001883,2.5871190458536146,0.3166898291837427
rnn,235,7.681405946612358,0.7176502148090182,2.422744531556964,0.19033656449027128
rnn,236,7.934022272564471,0.6587148892642873,2.6187901005148886,0.2850714384712461
rnn,237,7.862404618039728,0.5356064565943343,2.5425820372998715,0.08323009341632764
rnn,238,7.795063994079828,0.6552557653742291,2.6745008185505865,0.2752917612995494
rnn,239,7.841252988576889,0.4740696730737053,2.690641625225544,0.32334902773352253
rnn,240,7.882649631798268,0.9926793448833882,2.423246182128787,0.18853926573832633
rnn,241,8.05431662723422,0.46532049534487024,2.6263492058962585,0.2990207537031792
rnn,242,7.786128590535372,0.835635152082437,2.6091932132840157,0.10693169011504414
rnn,243,7.646151757985353,0.7316419441504218,2.4643164478242396,0.19706755750836244
rnn,244,7.585251370444894,0.43722173646311757,2.5658564899116754,0.06923609053758331
rnn,245,7.834713323041797,0.5912837664328946,2.557641265913844,0.24246553432617537
rnn,246,8.083854738995432,0.6078228144182702,2.6989337906241415,0.20633940230030712
rnn,247,7.745649600774049,0.9040442492706364,2.4586081475019457,0.15075445316161637
rnn,248,7.547591742128134,0.6245568673577916,2.488747001439333,0.2603692385440128
rnn,249,7.749473798647523,0.44848822889184226,2.473904076591134,0.12008900580804836
rnn,250,7.351868262514472,0.8412523539482492,2.67470429353416,0.2556575918949068
rnn,251,7.829232354089617,0.7628184462119526,2.615464521944523,0.1415440917816433
rnn,252,7.3622280126437545,0.2951547666310414,2.5210977517068387,0.21432837940466157
rnn,253,7.657715373113751,0.7843533428367341,2.574202973768115,0.19681628836000667
rnn,254,7.864502203464508,0.9302557924465833,2.4957173176109793,0.17280559453053912
rnn,255,7.51331874569878,0.8576949624051879,2.8111948151141406,0.2488134344710236
rnn,256,7.535678902640939,0.41164805959236245,2.571319751814008,0.27816798330359854
rnn,257,7.311151952669024,0.6688668246008858,3.0740244161337613,1.1833900840737868
rnn,258,7.356751500628889,0.8147892043997418,2.450858796015382,0.2389444906261518
rnn,259,7.389373864978552,1.0068085317114626,2.5801784919574855,0.2713073057135942
rnn,260,8.124544900190084,0.7591255754532129,2.7446155861020087,0.13283823294795383
rnn,261,7.454800583422184,0.29940470911967965,2.3621903486549853,0.20178180443890828
rnn,262,7.141986192204058,0.635091130576161,2.5646207604557274,0.19540209073970266
rnn,263,7.240172053873539,1.008915764668265,2.8295024044811727,0.31791361171389876
rnn,264,7.407967758737504,0.9350001664301028,2.5979467906057834,0.23133764064296347
rnn,265,7.484602692723274,0.8884272337368521,2.554726365953684,0.17108379883171676
rnn,266,7.366532055288554,0.6695989347044103,2.558018874004483,0.23666293271642885
rnn,267,7.785620252788067,0.46718773597700575,2.367060794122517,0.13923160662176745
rnn,268,7.56601537540555,0.3238440337884646,2.556460153311491,0.06159982811053891
rnn,269,7.321230894699693,0.4674529802570263,2.7358476419001816,0.25476834126025094
rnn,270,7.609252736158669,1.02852906961463,2.520103474333882,0.16782289282384402
rnn,271,7.487708705291152,0.8401235710366324,2.478163930401206,0.17939744075761774
rnn,272,7.104004101082682,0.5956606191191381,2.8902219265699385,0.49647121800726307
rnn,273,7.744550451822579,0.512273868043095,2.4554788913577794,0.12583234730520151
rnn,274,7.343630653619766,0.520376809674631,2.6783017363399266,0.21383815108271043
rnn,275,7.3317010113969445,0.8190433506210817,2.5322620209306477,0.318126070618861
rnn,276,7.245124492794275,0.6144479683130692,2.648770121484995,0.42163565969309263
rnn,277,7.145786345750094,0.6102105938432653,2.657767118513584,0.34501463042057917
rnn,278,7.286959850043059,0.5301290219003583,2.5965029750019313,0.13192579201035767
rnn,279,7.244456919841468,0.6442128415924789,2.5999954238533975,0.11748489167109544
rnn,280,7.227698179706931,0.6262749191926347,2.54205118753016,0.18876648458528056
rnn,281,6.784228733740747,0.8780380365692021,2.7011433176696302,0.5574736744815403
rnn,282,6.8892455394379795,0.7712831521589122,2.4773728542029856,0.14872875709471484
rnn,283,6.9198366092517976,0.5745360513260773,2.6663745924830438,0.5021869229432028
rnn,284,7.298618224263191,0.6371243781537915,2.653666366264224,0.17006319158575456
rnn,285,7.561181449890137,0.5334798727771907,2.406430710107088,0.22547218867479327
rnn,286,6.842079624161125,0.2934897057890565,2.469317428395152,0.24778147498289654
rnn,287,6.695018795877695,0.6757587560748332,2.578026113845408,0.1251517859931577
rnn,288,7.208126518502832,0.34076640680877324,2.5184883870184422,0.059422406555712355
rnn,289,7.274048937112093,0.5985429199595576,2.652505499869585,0.3059907556642805
rnn,290,7.144104398041963,0.7724761438764772,2.7528305612504482,0.20646115710231697
rnn,291,7.219088666513562,0.28963397552210574,2.7155834697186947,0.3598498915576168
rnn,292,7.206920247897505,0.8115985971527828,2.5436551980674267,0.2135890774372258
rnn,293,7.293825721368194,0.7399043364518978,2.684383573010564,0.3272673237742631
rnn,294,6.856294018775225,1.0872099582563215,2.5966180261224507,0.14179144498934274
rnn,295,7.153800172358752,0.9585312164441601,2.653116647526622,0.14048429696047124
rnn,296,6.873204734362662,0.4199730697008498,2.853540626168251,0.3248777373240229
rnn,297,6.904579181782902,0.5452709256380216,2.761760502681136,0.15825938426337885
rnn,298,6.934973299130798,0.638582624507593,2.5397141525521874,0.1556312621920364
rnn,299,6.681046929210424,0.5106469847601354,2.694201197102666,0.1407212531330127
rnn,300,6.7574100162833926,0.9026835547089099,2.507541048154235,0.14192473663589822
lstm,1,250.90089881420135,1.2448158197788248,34.63863916397095,0.8428181118340026
lstm,2,165.99292998313905,6.276396545872018,23.037301790714263,1.3849615810618203
lstm,3,116.85410007238389,8.599776123942663,16.939921224117278,1.6148492065490254
lstm,4,89.08372206687928,9.275509214208828,13.414462500810624,1.4702074053448009
lstm,5,71.16362403035164,8.38283155894302,10.784412145614624,1.302498132400835
lstm,6,59.42870469689369,7.056563720658218,9.150749051570893,1.0811655275921705
lstm,7,50.63532056212425,6.073800077333496,7.931231743097305,0.9515343902632883
lstm,8,44.09015828371048,5.238437018912063,6.908735051751137,0.84556078643221
lstm,9,38.81965077519417,4.588401891382983,6.310964798927307,0.7398341696108559
lstm,10,34.71134386360645,3.398756536897717,5.717228430509567,0.5489689265900972
lstm,11,31.081008237600326,2.5956165537438767,5.1777258783578874,0.45789433084438746
lstm,12,28.54262372255325,1.8178990469603007,4.6939179167151455,0.32107785740839545
lstm,13,26.28179083764553,1.3471082831879986,4.392060559988022,0.22290529296438186
lstm,14,24.338224959373473,1.0726289261467472,4.076670721173286,0.20740080761814605
lstm,15,22.748746190965175,0.9965264224220471,3.89804008603096,0.18246573063664362
lstm,16,21.540790225565434,0.7986767429799266,3.755109667778015,0.16065496272428884
lstm,17,20.4762066334486,0.7329450609538307,3.5974103957414627,0.21675657889997846
lstm,18,19.41375409513712,0.8098318669778695,3.397622847557068,0.1547010816126407
lstm,19,18.60032848119736,0.3666153506497526,3.29283971041441,0.07178913053794887
lstm,20,18.016201809048653,0.5677488046763196,3.2094056881964206,0.15291759211740671
lstm,21,16.97575613707304,0.6104342403460594,3.092280812561512,0.013848564597388294
lstm,22,16.52215729355812,0.7767373245334327,3.0322308227419854,0.08329950624975062
lstm,23,15.871141050755977,0.7351211950705117,2.883224593102932,0.18896223822427338
lstm,24,15.196725577116013,0.6423522746109268,2.8094164192676545,0.18832160738018636
lstm,25,14.773190715163945,0.6639153317790831,2.756840430945158,0.1727055309048884
lstm,26,14.250494335591792,0.585225834358128,2.6905059807002543,0.21062315487526684
lstm,27,14.04471171014011,0.6509641159365264,2.6167201407253744,0.12084805148685053
lstm,28,13.523846854269504,0.7257236238101331,2.658138608187437,0.06807106318950629
lstm,29,13.11774659305811,0.6784143139450999,2.5196302007883786,0.1974432488719411
lstm,30,12.788615667074918,0.5798847770802807,2.4311756074428557,0.2293818529445163
lstm,31,12.577870897576213,0.6674809117281051,2.4007083889096976,0.2289005468407572
lstm,32,12.04278897717595,0.5425251868231503,2.45895861312747,0.17071588547956149
lstm,33,12.01306955292821,0.7588898285363633,2.402168143540621,0.22501505240817998
lstm,34,11.53452914096415,0.5401646369823168,2.3915139686316254,0.0665873918351713
lstm,35,11.40470656529069,0.6008198299664292,2.2926550183445213,0.21687157898454085
lstm,36,11.156267272680997,0.6555199595458682,2.3635632276535032,0.2368926186149615
lstm,37,10.889935699850321,0.5920546812803323,2.280244394764304,0.15805505222166577
lstm,38,10.670868603140116,0.3953676575860553,2.159048664197326,0.14459189311739692
lstm,39,10.304204436391592,0.5500712644377319,2.2427240245044233,0.17119364880485302
lstm,40,10.113737534731627,0.4080202225615349,2.0723362948745487,0.16265969426535976
lstm,41,9.975659718364478,0.4646277529803256,2.110905110836029,0.19865399314347768
lstm,42,9.784936194866896,0.46560083838039534,2.1548433158546687,0.13610204581466143
lstm,43,9.683324372768402,0.5223004731780797,2.1361887119710445,0.20160173782211382
lstm,44,9.654561929777264,0.5448501898253242,2.0634390760213135,0.2066976736170066
lstm,45,9.397663851827383,0.6477871804445451,1.9943249225616455,0.17498231103923237
lstm,46,9.133194242790342,0.3259836476606809,2.010675212368369,0.18536207765758722
lstm,47,9.005824932083488,0.5898061249443771,1.965698978677392,0.13410130540555854
lstm,48,8.75880572758615,0.44356992782688665,1.8789586493745447,0.14058120865743204
lstm,49,8.516011043265461,0.44795832790919016,1.911276352405548,0.1810553562944739
lstm,50,8.433796637877823,0.4361062095958992,1.9131829991936684,0.15504436611288236
lstm,51,8.501011295616626,0.6869172485600169,1.9480619478970767,0.18263041559732054
lstm,52,8.168184260651469,0.5079891653212871,1.8659260546788574,0.18608443130696548
lstm,53,8.026699761673807,0.517816205373569,1.881644893437624,0.18066716234167257
lstm,54,7.870784869417548,0.5515241645994212,1.9564986117184162,0.1149604285321011
lstm,55,7.904320081323386,0.4965880996011067,1.9196426605805754,0.20439161032900469
lstm,56,7.764634619280696,0.44323301869417064,1.8717438839375973,0.14570300951615306
lstm,57,7.671678001061082,0.5082808662554749,1.8913324857130647,0.18767584933965692
lstm,58,7.4968489859253165,0.45522249211446236,1.7559770541265607,0.17010163542108794
lstm,59,7.236364088952541,0.4310772127398201,1.836017394438386,0.14954779061107162
lstm,60,7.334242886118591,0.4797219662708577,1.7887232588604092,0.16804669922351534
lstm,61,7.113731659203768,0.5163696518051205,1.7488730559125543,0.10907026370580111
lstm,62,6.942007705010473,0.36923543176248974,1.7235147029161453,0.16149746390565556
lstm,63,6.900834873691201,0.4218695638990608,1.747869586199522,0.185713233403985
lstm,64,6.90705108596012,0.3989746283640336,1.7849093481898308,0.11873802645073257
lstm,65,6.810079077631235,0.3908421175405641,1.7449613332748413,0.12962647228440063
lstm,66,6.710226647928357,0.5000205789791611,1.7300519235432148,0.10172615212107924
lstm,67,6.684108193591237,0.4787291266819604,1.6561901222914457,0.17359949995027887
lstm,68,6.709678285196423,0.37192842824059846,1.7335648572072386,0.17389585740682667
lstm,69,6.319446049444378,0.4107970123685856,1.7065229138359428,0.17577646588456147
lstm,70,6.170845198258758,0.43762259470542586,1.7253296460956336,0.24388925273840678
lstm,71,6.082073758170009,0.4703708340624191,1.6621706954203546,0.19079908878843788
lstm,72,6.20239550806582,0.5225114277413848,1.6413429068401455,0.1883875478797759
lstm,73,6.0464260706678035,0.4917334795558081,1.632204299233854,0.1558246334926377
lstm,74,5.796463001146913,0.3541912740894586,1.6587466664612294,0.12073296877323389
lstm,75,5.923790313675999,0.41282497729653156,1.6763097384944559,0.16752990624879532
lstm,76,5.801430684700608,0.5489928909940316,1.6432682655751705,0.1375512126585768
lstm,77,5.69927489887923,0.42599341309323896,1.613403988070786,0.14557622111856414
lstm,78,5.6675776341930035,0.31718764584543047,1.670424808189273,0.13031542535665924
lstm,79,5.599751118570566,0.5041636138815071,1.637910416908562,0.19073592928342475
lstm,80,5.5548597039654855,0.3573660117449669,1.6788853690028192,0.16981242334908855
lstm,81,5.568669369071722,0.3596001759424045,1.622184787131846,0.1634451758440863
lstm,82,5.37210432747379,0.4568517737362524,1.6332112200558186,0.11876444016468214
lstm,83,5.3181374600157145,0.3586239839678202,1.7033456275239587,0.14059891241879363
lstm,84,5.25747014451772,0.43732761657819635,1.6247013138607145,0.17701416043005141
lstm,85,5.3593545919284225,0.4648547782524208,1.5701704561710357,0.1602650672310062
lstm,86,5.144000476691872,0.3860259209778767,1.5881589736789465,0.177362745716944
lstm,87,5.210771569423377,0.38198760465080184,1.5802653694525362,0.15647967924923015
lstm,88,5.045212844386697,0.2860593292207416,1.6975009696558119,0.23238840752323428
lstm,89,4.9666244043037295,0.48916861567416026,1.6337745930068195,0.17251252909620754
lstm,90,4.823004304431379,0.34031693939253527,1.6421284548938275,0.13889972940219406
lstm,91,4.881469638645649,0.4288565083263002,1.6551060658879577,0.18145392560624754
lstm,92,4.891582606732845,0.3813458053293044,1.6423457213677466,0.23292238170313126
lstm,93,4.804786150343716,0.4124896723628494,1.5523987652733922,0.16139478511480468
lstm,94,4.76757021471858,0.47430153898075156,1.5875924408435822,0.17960642230705195
lstm,95,4.658151974156499,0.54673928196457,1.575023303925991,0.14865708947658063
lstm,96,4.565852047502995,0.38652314738128146,1.5415588736534118,0.21060220345902195
lstm,97,4.577687541767955,0.38227655158638546,1.5424270891584455,0.19664847204812058
lstm,98,4.579325997829438,0.5109419735521438,1.5760661515407264,0.1788884711290769
lstm,99,4.4636786337941885,0.36149128895793237,1.6166120488196611,0.19388086517635653
lstm,100,4.324107364937663,0.2829108380332819,1.5486287605017424,0.17681168314419435
lstm,101,4.330616588052362,0.25390440743793036,1.5745030882768334,0.1201828857875804
lstm,102,4.351684478390962,0.4710637160046977,1.5354878894984723,0.14102755118244817
lstm,103,4.25654425509274,0.3867630470018251,1.676579022873193,0.18120562338763443
lstm,104,4.2896530701778826,0.36481624130860846,1.6231709913350643,0.236122508939055
lstm,105,4.21145788738504,0.40682574122627635,1.5390557482838632,0.17631945949224098
lstm,106,4.170205190777779,0.2843892738893467,1.5291049171239137,0.2234581286949151
lstm,107,4.113834919780492,0.5407670899701011,1.4942200356163085,0.17833702645181812
lstm,108,4.069434284325689,0.5328388828452915,1.5979443535208702,0.16090070329353137
lstm,109,4.030954429227859,0.33372065006255236,1.537510259076953,0.10693435122024718
lstm,110,4.072434522537515,0.46095771721079415,1.5039099521934987,0.1601129618234535
lstm,111,4.020986513141542,0.3743588776122112,1.5889104592613876,0.18335158059640116
lstm,112,3.8483864747919143,0.36269519489003144,1.5081003070808947,0.16768569942520858
lstm,113,3.864186646323651,0.37696962484153373,1.6073701070621609,0.2286811908047971
lstm,114,3.849237648770213,0.6381913173287291,1.5145347557961941,0.14347980782628497
lstm,115,3.726314954087138,0.3396906687165518,1.5263411720748992,0.16682489908000891
lstm,116,3.7370514566078783,0.3393322325157257,1.524208656232804,0.15275319079857186
lstm,117,3.7088988003320993,0.4820538696171108,1.5294123761355878,0.1621660766924766
lstm,118,3.6589917762205006,0.34484502648776805,1.5177412007004023,0.1980914580356062
lstm,119,3.626307630352676,0.3613705226750756,1.5484319536946713,0.19886496263638376
lstm,120,3.6191653445363046,0.3228566211203196,1.5867050861939789,0.19101595570520977
lstm,121,3.7571381476707755,0.339534829212509,1.5468146597966552,0.12715331536466015
lstm,122,3.4852498912252488,0.3523338492241115,1.548744186386466,0.1190558523780772
lstm,123,3.4061705329455436,0.2424414883097471,1.5833953453227878,0.20459661426903142
lstm,124,3.3572721029631793,0.4436586298852388,1.5975289095193148,0.10774621246385646
lstm,125,3.5689023544080554,0.5366689169400565,1.525425278954208,0.23067588399057887
lstm,126,3.3547651254571975,0.3458798922178487,1.5530736861750483,0.19335158432973729
lstm,127,3.3148367900867015,0.2539760642043427,1.5669251528568566,0.13710668851099841
lstm,128,3.4493665023706854,0.5189978286525382,1.5773140634410083,0.2654093499478789
lstm,129,3.4693047231063248,0.3873541906871104,1.5966604685410857,0.20270580326613985
lstm,130,3.3891041476279495,0.3873376721294088,1.6274898175150156,0.1432122769774253
lstm,131,3.241580340592191,0.4466929367384045,1.5178586654365063,0.1597961343881421
lstm,132,3.2590582177974285,0.3313921848963049,1.5052956350147724,0.20478103420103932
lstm,133,3.2427682134788482,0.2557417109270519,1.6179051807150244,0.2239985562506703
lstm,134,3.2629079815000295,0.31876288439635597,1.5821469292975963,0.24254957997537271
lstm,135,3.0891076126135886,0.3532871322554555,1.55292854802683,0.14876688561085905
lstm,136,2.994374554324895,0.35232709295136344,1.5867230974137783,0.24191254976346108
lstm,137,3.0227007060311735,0.332935677551487,1.583724770322442,0.17200362699309
lstm,138,3.0317225753795354,0.4413618681479652,1.6473817259073258,0.24425288896068614
lstm,139,3.2354140773415567,0.46914578003622426,1.5323806897737087,0.20487529723642484
lstm,140,2.978848073631525,0.42661743165249566,1.586406264733523,0.20588351242155264
lstm,141,3.0991127646528183,0.3980249092271695,1.5739335170947015,0.1684533502944919
lstm,142,2.857302187639289,0.3359808450136658,1.5943228893913328,0.21130918245548577
lstm,143,2.917817363375798,0.2772406848721446,1.5383366668131202,0.18675413342397923
lstm,144,2.8000545556191354,0.22203361062766838,1.600205714069307,0.20061867054153615
lstm,145,2.900004736892879,0.4113740852845215,1.5565542944706976,0.18146018129643912
lstm,146,2.885277825780213,0.47442087792127924,1.6104520766064525,0.23514047911756075
lstm,147,2.6942410078598185,0.2498856851842038,1.6077971517574041,0.19763974878981025
lstm,148,2.71389621226117,0.2830499367740949,1.6194305026903748,0.19785221316237062
lstm,149,2.719309597183019,0.30483513352485164,1.562540777772665,0.18051206228889785
lstm,150,2.860287725692615,0.434042656546066,1.6700264331884682,0.27164344309955024
lstm,151,2.81765083973296,0.5262933653934403,1.5453912808094175,0.17686064478408525
lstm,152,2.932566655660048,0.46961037021579793,1.5515863339416682,0.22733811140516055
lstm,153,2.8438323450274767,0.2895420759581919,1.5687133136205376,0.1524814354338056
lstm,154,2.6218406460713597,0.14016251059422602,1.5984829797409474,0.21113912802894388
lstm,155,2.682725303329062,0.35960209488787503,1.553181313886307,0.18231093988953265
lstm,156,2.488582322886214,0.36529355755812315,1.5709276772104204,0.1740827763770261
lstm,157,2.6023287907242776,0.3266462142086623,1.7114556588232517,0.26178619327590363
lstm,158,2.914499644096941,0.3262380762673824,1.6685876785311848,0.07557031848231398
lstm,159,2.5034428779035807,0.25456752068178423,1.6426832456607372,0.26551367386082186
lstm,160,2.5583459241315722,0.36671975211797553,1.6111286485102028,0.18741395311486875
lstm,161,2.5897618945222347,0.39402735144360235,1.5861976618412883,0.1796744954363838
lstm,162,2.525068823155016,0.33687654559816577,1.6028952904744074,0.2038531905956377
lstm,163,2.5704311611596493,0.47937668645015863,1.7139877155888825,0.30107840769718663
lstm,164,2.589906648220494,0.38657158643048234,1.6184813968837262,0.2121888780167864
lstm,165,2.4200353317894043,0.34230234533974635,1.5913287526927888,0.1580302562214079
lstm,166,2.474824061617255,0.3476333730551819,1.6631643064320087,0.22399365698796603
lstm,167,2.4060170623939485,0.18245288893097397,1.6727628734894098,0.12303811508423795
lstm,168,2.439756841259077,0.27369655831925876,1.632567195687443,0.19430326218301555
lstm,169,2.27824203397613,0.33533761571475357,1.5989036353304982,0.21033833686120357
lstm,170,2.3095646406989543,0.3345300731370662,1.6120617596432567,0.20375262909614045
lstm,171,2.288094091624953,0.24459862614916872,1.6248658007010817,0.1505619602371637
lstm,172,2.3872812745161354,0.35395619365610437,1.6303017194615677,0.23741677322840432
lstm,173,2.296937333745882,0.35306557286622076,1.6829328209161758,0.3207613428741228
lstm,174,2.1144431048538537,0.274592253168438,1.6557384281419218,0.1737336670421641
lstm,175,2.1167866308242083,0.2953355646046523,1.6577945802360774,0.13545867254540314
lstm,176,2.0987966910470277,0.14458010592916745,1.679182940395549,0.2186183816455676
lstm,177,2.3752195867244152,0.29058878267028543,1.715042099636048,0.20908561956964106
lstm,178,2.376583155244589,0.35271676681523667,1.7537102853879332,0.23211092827636434
lstm,179,2.330105389538221,0.3272852530501515,1.603046934865415,0.17704300210872867
lstm,180,1.9911618775455282,0.34283607444484454,1.6983063568826764,0.2463314036157802
lstm,181,2.1409635943127796,0.40027698967139713,1.6600929158739746,0.14437782548187703
lstm,182,2.149187165754847,0.5171046785272674,1.698782518762164,0.19616788862410336
lstm,183,1.9980715747689828,0.2306633440670246,1.6430865422124044,0.20838664918646332
lstm,184,2.0599565804470332,0.3003908092594383,1.6288236550055444,0.1790133355175877
lstm,185,2.1278970619430764,0.33482129267040395,1.6670211288379506,0.16783177059663734
lstm,186,1.9391599790193141,0.3104516110690394,1.7114488970022648,0.19678156328945642
lstm,187,2.0182579456828535,0.33940580326034764,1.646284688822925,0.1819276201354015
lstm,188,2.1762987258378415,0.3125350817928701,1.649776818533428,0.16873929285488756
lstm,189,2.238459000294097,0.3137697189784437,1.7506645304150878,0.18175451212726304
lstm,190,2.158673590631224,0.3089040943070599,1.684559488389641,0.17373858070241294
lstm,191,1.8355879801791162,0.2593851179476279,1.6439614313654602,0.19571443983382
lstm,192,2.071897394908592,0.4334392364663415,1.6876294558867813,0.19296535334459608
lstm,193,2.2159403294092046,0.35144509833067356,1.709752246690914,0.15191140021196337
lstm,194,2.076143006281927,0.29979609642117033,1.732356240414083,0.16561284643242624
lstm,195,1.9023022879147902,0.4254409244633019,1.663433212786913,0.2320069984878574
lstm,196,1.9213651266647502,0.41555426426384384,1.6830820651259273,0.1672320062348456
lstm,197,1.9386870339512825,0.42565692262540805,1.6975199836539105,0.19499340999854609
lstm,198,1.9357504293322563,0.2755453521505785,1.7540136745199562,0.17654746052725165
lstm,199,1.818444057018496,0.3083686212946206,1.7065335457678885,0.18823893707152217
lstm,200,1.9393683527829126,0.30822603137127524,1.705137280980125,0.12834179258261344
lstm,201,1.815503295790404,0.08598232457154978,1.7359911410138011,0.228304849431421
lstm,202,1.827849746006541,0.10644377030469677,1.7116470484063029,0.1525071538543225
lstm,203,1.8399583676829934,0.272351995646286,1.7265810561133548,0.2172653870249992
lstm,204,1.842562837083824,0.31984044095392494,1.7130608041305095,0.13976758862200694
lstm,205,1.6992497742641717,0.33579564745516455,1.7262355943210423,0.15129328642472295
lstm,206,1.9783144146203995,0.417667285001608,1.723806575522758,0.22792168729155834
lstm,207,2.024366837134585,0.5913433832858145,1.7718021096778103,0.17707728287165075
lstm,208,1.896277141722385,0.34799045927887823,1.8087733827531338,0.22669760245081458
lstm,209,1.7513393644010649,0.29398591291261333,1.7021557898959145,0.18273004346320998
lstm,210,1.582975293067284,0.23561451990839433,1.7006093891337515,0.18963992477536798
lstm,211,1.6301391610875726,0.3340708840574149,1.7284001533873379,0.17111298687017654
lstm,212,1.5737491140374913,0.30235544365540357,1.7477291806135327,0.18925179287374158
lstm,213,1.7316898283781483,0.30574934544954546,1.7830284003168344,0.09721098379769967
lstm,214,1.6807743420358747,0.3041618705696774,1.769176154350862,0.18188985365171265
lstm,215,1.8357907710364088,0.1162383744897287,1.8055068684741855,0.20383820892344437
lstm,216,1.8077751980395989,0.2146791326162262,1.7543836444616319,0.1878783400227269
lstm,217,1.6246533183380962,0.11644702069945127,1.755109793972224,0.19719267167657167
lstm,218,1.6166500620078295,0.34901331950537584,1.7162382319569587,0.15467840971937555
lstm,219,1.6798992666881531,0.5133910658367966,1.8738494649995119,0.19492447765068416
lstm,220,1.5924873775802553,0.3723745741669286,1.856493950355798,0.11057624618831512
lstm,221,1.8430893613491208,0.23943905109102734,1.8092816385673358,0.18712391611842466
lstm,222,1.5575390237616376,0.2155325922198695,1.760916039068252,0.17160035053209202
lstm,223,1.4904908321332186,0.3513648566810424,1.8076315413229167,0.19520490735098417
lstm,224,1.4705381906358526,0.23329777533170237,1.8411489608231932,0.2230244074119909
lstm,225,1.565385284437798,0.5216094114011367,1.829758927039802,0.26867043296182486
lstm,226,1.8167900953907519,0.32636852377341435,1.8890665690414608,0.2507136101093179
lstm,227,1.9478689580690116,0.5433349209116521,1.8212848006282,0.1831456860028978
lstm,228,1.702669299230911,0.28158307152940015,1.8134194573387503,0.17450184084920262
lstm,229,1.757676752586849,0.6483810841618132,1.8096539297606795,0.1679628501698139
lstm,230,1.5078991059912368,0.44734297843100757,1.7665584414731712,0.14883476647034619
lstm,231,1.3978293126099743,0.40696267253420115,1.7914080505259335,0.17440380486651533
lstm,232,1.3854174447129481,0.06182474514318582,1.838628407754004,0.17545860259380083
lstm,233,1.6409609928261488,0.45417512449460895,1.8479024143423886,0.1696506116172916
lstm,234,1.7229210020275787,0.36050896504080987,1.8743735228199512,0.08474330658050395
lstm,235,1.4350789888994768,0.27706792000180647,1.8399895616574213,0.18296331790908227
lstm,236,1.4429089351207949,0.12172999376458578,1.8138224765192716,0.16696333710794958
lstm,237,1.4177174787968396,0.25372460291306465,1.8476702663116158,0.1232657354942764
lstm,238,1.6448430025484413,0.3994434453676778,1.853222382813692,0.12264106291975116
lstm,239,1.4754260982968845,0.2764019749150988,1.8803743712138385,0.2143704040116065
lstm,240,1.2475776174571365,0.2690299030414705,1.8546712394803762,0.19142249284191992
lstm,241,1.393125342624262,0.4769416618834501,1.8811413612216712,0.23417474372674285
lstm,242,1.3905809815390966,0.46550236593931243,1.8152880182489752,0.18429253835701617
lstm,243,1.6706543317064644,0.6400648121386172,1.8110229223966599,0.16459051357500612
lstm,244,1.3305035336641595,0.3151972795843529,1.8505395415239037,0.17438513625089774
lstm,245,1.2978313965140842,0.32441016984763393,1.8666619921568781,0.18834661605388153
lstm,246,1.7889387502335012,0.6480979322250285,1.8549205075018107,0.1713513289513029
lstm,247,1.8799474432715215,0.4429608510921752,1.849974781810306,0.20883544029109216
lstm,248,1.4390647295862435,0.24081127479286868,1.7922272491734474,0.20111177111869946
lstm,249,1.1624236244242638,0.1449854214817871,1.8177589687285944,0.1967581157833046
lstm,250,1.475445712346118,0.44109858132415575,1.8835778928827493,0.18692617590774327
lstm,251,1.4922266575973482,0.49991069676105687,1.8529487784020602,0.2042906188195291
lstm,252,1.3464090219698845,0.3859815661223061,1.8740932772867382,0.23668936823519096
lstm,253,1.1316310992580838,0.2542958514661991,1.8582163207698614,0.20849868348714062
lstm,254,1.2250573623459786,0.3454142604988189,1.8793168745702133,0.16950153914904198
lstm,255,1.2582111735537183,0.34822881951272755,1.8802626363001764,0.16323962418862206
lstm,256,1.1511066002538428,0.2123153353298302,1.9392647366970777,0.12458023309478235
lstm,257,1.446757084922865,0.13515114068238268,1.9789663759991527,0.15398350320782547
lstm,258,1.4905399646610022,0.27890135037226116,1.842347508110106,0.14238402807800804
lstm,259,1.2682645588065498,0.21850542492589548,1.8855739855207503,0.17750448977401634
lstm,260,1.421010692929849,0.5413993351806203,1.8760653019067832,0.21133350432927603
lstm,261,1.2339782447321341,0.28818634342691,1.9310267277993263,0.19327965064387284
lstm,262,1.2575809634523467,0.4111925126746213,1.8721078772097826,0.18221301858667494
lstm,263,1.2503795627271757,0.35362468522919105,1.9479739215690643,0.22422533680684575
lstm,264,1.3241338834748604,0.3206309367668335,1.9274453953374178,0.19070590393829198
lstm,265,1.286245421296917,0.34731379917814414,1.896406932035461,0.1558407741164218
lstm,266,1.4183739881962538,0.342444696109536,2.040517677459866,0.23269003579684044
lstm,267,1.571556896297261,0.18941325083692048,1.8776795588433743,0.1643715784366549
lstm,268,1.3006110330461524,0.33323556552660044,1.9476672098971903,0.13108849399596215
lstm,269,1.3427549199084752,0.24917471607382716,1.9487567525357008,0.14071247079818047
lstm,270,1.2938521276577375,0.19143981326735746,1.8837827921845018,0.1262931552171827
lstm,271,1.198566340841353,0.3258628973594062,1.9258750284090638,0.22126996381110775
lstm,272,1.229838798160199,0.33586176399941264,1.9200467804446817,0.2118332696487309
lstm,273,1.3119236731086859,0.4534756971053086,1.9733725243713707,0.21661498408417246
lstm,274,1.3415576796396635,0.5282676883237746,1.9301107690203936,0.14808286023243364
lstm,275,0.9604809491895139,0.1954700080702265,1.912132910080254,0.19665760986931285
lstm,276,0.9811284582712687,0.24349810422607682,1.9553436635062098,0.15263790851151157
lstm,277,1.1221504823712167,0.3389669862881412,1.9614199402276427,0.19831783564015726
lstm,278,1.1310387540841476,0.2441602119796785,1.9839370629750193,0.1724282550604652
lstm,279,1.1303324140259066,0.3022996110184625,1.9375281600281595,0.20368119187412592
lstm,280,1.4796387967187912,0.3447974307585718,2.053741605952382,0.28571967300498846
lstm,281,1.5032679930445738,0.2787140375513649,1.9496836183592676,0.20444136177408195
lstm,282,1.1695575451478362,0.3441550165688123,1.9081496479921043,0.1758189064941984
lstm,283,1.2460519616724923,0.41331494179008427,1.8830891034798696,0.16798041174641362
lstm,284,1.006040370266419,0.2876997268437785,2.067407606728375,0.12117031953129237
lstm,285,1.2308234295400324,0.37155276432696255,1.941413790732622,0.17479761246970343
lstm,286,1.3034383125836029,0.2732532227791999,2.012057097814977,0.1032639547313255
lstm,287,1.2345874009188265,0.2814859349616225,1.9409343840088695,0.14755636963169078
lstm,288,1.178124984470196,0.2496015160737368,2.0539902325719597,0.2467814524803081
lstm,289,1.3612918730359524,0.5205269611163135,2.0715340056456624,0.35065973679614887
lstm,290,1.0529070969787426,0.4366768460133012,1.9242581022437661,0.21744008945866125
lstm,291,1.0917400022270158,0.44328151068167143,1.9910209227353335,0.2186098887193753
lstm,292,0.9755705327144824,0.41648709403005063,1.9571754867676645,0.2167927982089316
lstm,293,1.0495759636862203,0.2558860030557438,1.9374480236787348,0.14714554587514242
lstm,294,1.3662027101847343,0.416149130275391,2.0314568646252154,0.24923289271697446
lstm,295,1.1933740345179102,0.24870943732557263,1.9073301251977681,0.1999623367083679
lstm,296,1.1860444125370122,0.24218245630506496,1.973532924056053,0.1614571601642843
lstm,297,0.841344385483535,0.06707840721111984,2.009698675945401,0.16358537405019438
lstm,298,1.2162166039517615,0.3411369625394322,2.0192093261517585,0.12365535683277958
lstm,299,1.3807766641606576,0.4261415588876502,1.9603826012462378,0.20701103477407634
lstm,300,1.3599361152562779,0.4965853333078555,1.9939582792576402,0.19723498712981896
