model,run_idx,epoch,train_loss,train_acc,test_loss,test_acc
stage1,1,1,221.95512235164642,0.3241833333333333,29.05595350265503,0.2167
stage1,1,2,147.58639419078827,0.5376166666666666,21.424340665340424,0.3347
stage1,1,3,110.46531701087952,0.6644833333333333,16.896793603897095,0.4359
stage1,1,4,90.0216349363327,0.72835,14.53151148557663,0.4769
stage1,1,5,74.698206782341,0.7838333333333334,11.68707263469696,0.5892
stage1,1,6,60.4409174323082,0.8263833333333334,10.03640404343605,0.5761
stage1,1,7,54.939290791749954,0.8419666666666666,9.813796073198318,0.6499
stage1,1,8,48.58340057730675,0.8641666666666666,7.9932291358709335,0.6499
stage1,1,9,43.638836711645126,0.8876666666666667,8.084917098283768,0.7019
stage1,1,10,38.80349127948284,0.9041,6.174111515283585,0.7637
stage1,1,11,33.87502600252628,0.9185333333333333,5.770895481109619,0.7359
stage1,1,12,32.07835182547569,0.9228333333333333,5.086089387536049,0.7528
stage1,1,13,29.478861078619957,0.9298,5.422004982829094,0.7289
stage1,1,14,27.44888298213482,0.9348333333333333,4.456298410892487,0.8029
stage1,1,15,24.911401093006134,0.9408833333333333,4.26849988847971,0.7779
stage1,1,16,23.876604706048965,0.94405,4.006334599107504,0.7901
stage1,1,17,22.397762969136238,0.9467333333333333,4.1096766367554665,0.8004
stage1,1,18,21.734779678285122,0.9488,3.6151718497276306,0.8085
stage1,1,19,21.3508655205369,0.9490833333333333,3.788648307323456,0.7664
stage1,1,20,20.642343744635582,0.95095,3.4553552865982056,0.8173
stage1,1,21,19.695832528173923,0.9531666666666667,3.8103380873799324,0.8134
stage1,1,22,18.725265309214592,0.95555,4.0774121806025505,0.8131
stage1,1,23,18.35098597407341,0.9565833333333333,3.2118376307189465,0.8231
stage1,1,24,17.889867417514324,0.9573833333333334,4.206280834972858,0.8439
stage1,1,25,17.665700934827328,0.9585833333333333,2.955614723265171,0.8623
stage1,1,26,16.132711581885815,0.9615666666666667,3.7162595093250275,0.8483
stage1,1,27,16.440111376345158,0.9609,3.163672801107168,0.863
stage1,1,28,16.040429562330246,0.9619166666666666,3.0554316267371178,0.8533
stage1,1,29,16.906740434467793,0.9595833333333333,2.9097149707376957,0.8396
stage1,1,30,15.09673123434186,0.9637833333333333,3.0171792842447758,0.8541
stage1,1,31,15.419162005186081,0.9629333333333333,2.892316550016403,0.8806
stage1,1,32,14.610127918422222,0.96495,3.253622855991125,0.8253
stage1,1,33,14.288715794682503,0.9658333333333333,2.603784929960966,0.872
stage1,1,34,13.979185625910759,0.9662333333333334,3.162189792841673,0.8677
stage1,1,35,13.924650892615318,0.9670833333333333,2.654868546873331,0.8611
stage1,1,36,13.376777485013008,0.9682166666666666,2.938446868211031,0.8612
stage1,1,37,14.359608180820942,0.9654833333333334,2.594645284116268,0.8773
stage1,1,38,13.621605724096298,0.9682166666666666,2.7339827716350555,0.8701
stage1,1,39,12.846358191221952,0.9687,2.5386756397783756,0.8846
stage1,1,40,12.580751683562994,0.96995,2.4195923134684563,0.8933
stage1,1,41,12.55231124162674,0.9705666666666667,2.6154826395213604,0.9038
stage1,1,42,11.955974537879229,0.9717333333333333,2.509200431406498,0.8959
stage1,1,43,11.716489426791668,0.97145,2.2410818934440613,0.8958
stage1,1,44,11.513591952621937,0.9721,2.2197284065186977,0.8619
stage1,1,45,11.621657259762287,0.9718666666666667,2.4401408545672894,0.843
stage1,1,46,11.829263683408499,0.97135,2.271577436476946,0.8686
stage1,1,47,11.327766235917807,0.9729833333333333,2.6821208111941814,0.8588
stage1,1,48,11.046873390674591,0.9745166666666667,2.370383530855179,0.9126
stage1,1,49,10.698133612051606,0.9747,2.6211836095899343,0.9069
stage1,1,50,11.143318809568882,0.97295,2.490119807422161,0.8654
stage1,1,51,10.315208341926336,0.97505,2.2602978870272636,0.8962
stage1,1,52,10.901477370411158,0.9743666666666667,2.91399210318923,0.8573
stage1,1,53,11.425369910895824,0.9725,2.6858334951102734,0.8515
stage1,1,54,10.918510500341654,0.9737166666666667,2.629813142120838,0.8763
stage1,1,55,10.13910316862166,0.9760833333333333,2.019019255414605,0.9003
stage1,1,56,9.960512414574623,0.9761666666666666,2.0543273836374283,0.9026
stage1,1,57,10.38421943038702,0.9752666666666666,2.5280417017638683,0.8904
stage1,1,58,10.056109946221113,0.9757833333333333,4.653109386563301,0.7988
stage1,1,59,10.760816927999258,0.9738666666666667,2.3308165036141872,0.8955
stage1,1,60,10.147815059870481,0.9758333333333333,2.2200930770486593,0.8987
stage1,1,61,9.409025900065899,0.9772166666666666,2.130911335349083,0.8889
stage1,1,62,9.350129960104823,0.9771,2.5723093636333942,0.8597
stage1,1,63,9.387442279607058,0.9778666666666667,2.1005239132791758,0.8807
stage1,1,64,9.746437890455127,0.9761166666666666,2.5274324119091034,0.893
stage1,1,65,9.28080229461193,0.9777833333333333,2.480547908693552,0.8339
stage1,1,66,9.40409554168582,0.97745,1.9767829086631536,0.871
stage1,1,67,8.280075326561928,0.9801,2.0950566958636045,0.8704
stage1,1,68,8.484955970197916,0.9800833333333333,2.3811793252825737,0.8989
stage1,1,69,9.669716980308294,0.9759166666666667,2.113787777721882,0.9119
stage1,1,70,8.850750444456935,0.9782166666666666,2.0380051136016846,0.8827
stage1,1,71,9.186084976419806,0.9782333333333333,2.093714637681842,0.8843
stage1,1,72,8.959088634699583,0.9780833333333333,2.478270346298814,0.8993
stage1,1,73,8.71864446811378,0.9785666666666667,1.9713580887764692,0.9113
stage1,1,74,8.867186710238457,0.9784833333333334,2.064046323299408,0.8713
stage1,1,75,8.136030772700906,0.98045,1.9994154125452042,0.8929
stage1,1,76,8.076601348817348,0.9806333333333334,2.0610971096903086,0.9135
stage1,1,77,8.481864627450705,0.9797833333333333,1.8892401084303856,0.9111
stage1,1,78,7.8833889830857515,0.9810333333333333,2.1859267242252827,0.8958
stage1,1,79,7.928228821605444,0.9803333333333333,2.6107315458357334,0.8834
stage1,1,80,7.704999882727861,0.9813166666666666,2.1396841406822205,0.9097
stage1,1,81,9.06407043710351,0.97805,2.071931516751647,0.905
stage1,1,82,8.375211814418435,0.9792833333333333,2.1295216772705317,0.8924
stage1,1,83,8.036957439035177,0.9799666666666667,2.3776632733643055,0.9105
stage1,1,84,8.535915661603212,0.9784166666666667,2.4465917591005564,0.9258
stage1,1,85,8.064705803990364,0.9800666666666666,1.8909681048244238,0.9317
stage1,1,86,7.693086849525571,0.9814333333333334,1.8770603071898222,0.9071
stage1,1,87,7.365008752793074,0.9821666666666666,1.8478891476988792,0.8918
stage1,1,88,7.307656779885292,0.9824166666666667,2.0042139664292336,0.9093
stage1,1,89,7.887902008369565,0.9808,2.161784339696169,0.9097
stage1,1,90,7.286438412964344,0.9827,1.9480611011385918,0.8826
stage1,1,91,7.1881753876805305,0.9827833333333333,1.890318394638598,0.9085
stage1,1,92,7.69584939442575,0.9809833333333333,2.1066101528704166,0.9144
stage1,1,93,7.160750292241573,0.98235,1.993405856192112,0.9151
stage1,1,94,7.536402273923159,0.9814333333333334,1.8310869056731462,0.9235
stage1,1,95,7.014209322631359,0.98285,1.9076250735670328,0.907
stage1,1,96,7.229013081640005,0.9827333333333333,2.0299263931810856,0.9102
stage1,1,97,7.970711726695299,0.98065,1.9047305192798376,0.9232
stage1,1,98,6.80628414824605,0.9837333333333333,1.8788976278156042,0.921
stage1,1,99,8.179329585283995,0.9798,1.9800736997276545,0.8927
stage1,1,100,6.785960694774985,0.984,1.9257502034306526,0.9128
stage1,1,101,6.8765501622110605,0.9831666666666666,2.0363832879811525,0.9104
stage1,1,102,6.996629389002919,0.9829166666666667,1.8676056619733572,0.9039
stage1,1,103,6.60680633969605,0.9833,1.9265571888536215,0.931
stage1,1,104,7.274358332157135,0.9818666666666667,1.9291648929938674,0.9045
stage1,1,105,6.839876549318433,0.9831833333333333,2.0020467545837164,0.922
stage1,1,106,6.829626865684986,0.9834833333333334,2.172375438734889,0.908
stage1,1,107,7.253151822835207,0.982,2.0611592773348093,0.9046
stage1,1,108,7.501676544547081,0.9819666666666667,2.1932901237159967,0.8853
stage1,1,109,6.760759437456727,0.9835333333333334,1.9665818344801664,0.9219
stage1,1,110,6.789928225800395,0.9832833333333333,1.7984245773404837,0.9059
stage1,1,111,6.686313074082136,0.98385,1.9502927772700787,0.9099
stage1,1,112,6.199736062437296,0.9846666666666667,2.0825369246304035,0.8936
stage1,1,113,6.803145304322243,0.9832666666666666,2.190776750445366,0.876
stage1,1,114,6.572288706898689,0.9838166666666667,1.750616380944848,0.9132
stage1,1,115,6.653899164870381,0.9841,1.7957046702504158,0.9085
stage1,1,116,6.732140511274338,0.9826166666666667,2.035592647269368,0.9038
stage1,1,117,5.632530966773629,0.9864,2.304956156760454,0.8654
stage1,1,118,6.076761908363551,0.9846833333333334,1.8649983890354633,0.9251
stage1,1,119,6.703595672734082,0.9832666666666666,2.2236140705645084,0.8969
stage1,1,120,6.349350659176707,0.9840333333333333,2.2787996884435415,0.8979
stage1,1,121,6.021656151860952,0.9852666666666666,2.178273394703865,0.9033
stage1,1,122,6.667725637555122,0.9834166666666667,2.0341862868517637,0.9311
stage1,1,123,6.382505616173148,0.9843333333333333,1.886420525610447,0.9029
stage1,1,124,6.244534831494093,0.9842333333333333,1.8020760845392942,0.8901
stage1,1,125,5.406890797428787,0.9867666666666667,1.8995509687811136,0.9228
stage1,1,126,5.518221797421575,0.9863166666666666,2.0790659487247467,0.8999
stage1,1,127,6.638513484038413,0.9834333333333334,1.841380293481052,0.9115
stage1,1,128,6.051523574627936,0.98525,1.9370212070643902,0.9212
stage1,1,129,5.1648584408685565,0.9868833333333333,1.9200523514300585,0.9083
stage1,1,130,6.324683572631329,0.9841166666666666,2.1048624999821186,0.9138
stage1,1,131,5.33469196036458,0.98655,2.015434730798006,0.9056
stage1,1,132,6.103651354089379,0.9855166666666667,2.0442610923200846,0.9137
stage1,1,133,6.676720376126468,0.9833,2.0449523739516735,0.9297
stage1,1,134,5.722995245829225,0.9856666666666667,2.0920592304319143,0.911
stage1,1,135,5.392670133151114,0.9865666666666667,2.0300505040213466,0.9311
stage1,1,136,5.126377185806632,0.9875333333333334,1.8453051410615444,0.9058
stage1,1,137,5.658055122941732,0.9861333333333333,1.9616122674196959,0.9129
stage1,1,138,5.372898573987186,0.98645,1.7293352577835321,0.9102
stage1,1,139,5.622591035440564,0.9862666666666666,2.0723091568797827,0.8867
stage1,1,140,6.209239740855992,0.98455,2.017430992797017,0.8689
stage1,1,141,5.665527863427997,0.9864833333333334,2.102599885314703,0.898
stage1,1,142,5.242924062535167,0.9866333333333334,1.8141414187848568,0.8918
stage1,1,143,4.540352477692068,0.9887166666666667,1.9602903090417385,0.9125
stage1,1,144,5.849125389009714,0.98545,1.9666254725307226,0.8928
stage1,1,145,6.010101097635925,0.9855166666666667,2.1570099219679832,0.9246
stage1,1,146,5.166813798248768,0.9866833333333334,1.9586338270455599,0.9092
stage1,1,147,4.843733253888786,0.98785,1.843482301570475,0.9235
stage1,1,148,5.218449806794524,0.98725,1.9584893137216568,0.9174
stage1,1,149,6.143122209236026,0.98485,1.9787756204605103,0.8864
stage1,1,150,5.543056895956397,0.9862166666666666,2.167864862829447,0.8935
stage1,1,151,5.291344877099618,0.98645,2.0253505557775497,0.878
stage1,1,152,4.417662726715207,0.9889666666666667,1.8623021077364683,0.914
stage1,1,153,4.878759599290788,0.9877,2.2134867422282696,0.9162
stage1,1,154,5.808728255331516,0.9855166666666667,2.295554183423519,0.9005
stage1,1,155,5.688459288328886,0.9855,1.8206408005207777,0.9059
stage1,1,156,5.913597846403718,0.98495,1.744983784854412,0.9247
stage1,1,157,5.238707222044468,0.9870166666666667,1.9677938111126423,0.9143
stage1,1,158,4.267193694598973,0.9895833333333334,1.9780873078852892,0.9046
stage1,1,159,4.23732980620116,0.9892833333333333,1.9273615377023816,0.9253
stage1,1,160,4.774805422872305,0.9881333333333333,2.430589282885194,0.9283
stage1,1,161,5.387287352699786,0.9863,2.1697323322296143,0.9052
stage1,1,162,4.773094762116671,0.98835,1.9300951957702637,0.924
stage1,1,163,4.4999918369576335,0.98865,1.9432644117623568,0.9196
stage1,1,164,5.3311321791261435,0.9866666666666667,1.9856958091259003,0.9143
stage1,1,165,4.40416753012687,0.9885166666666667,2.22147598862648,0.886
stage1,1,166,4.259738982655108,0.9891333333333333,2.0002935118973255,0.9211
stage1,1,167,5.128520913422108,0.9871166666666666,1.6281874384731054,0.9258
stage1,1,168,5.583589582704008,0.9861,2.046840174123645,0.8993
stage1,1,169,5.117610417306423,0.98685,1.8781852517277002,0.9193
stage1,1,170,5.6245022071525455,0.98565,2.0423818388953805,0.9257
stage1,1,171,3.951372014125809,0.99025,2.055413728579879,0.921
stage1,1,172,4.335657930932939,0.9889,1.7263891622424126,0.9123
stage1,1,173,4.522100044414401,0.9885166666666667,1.839757826179266,0.9081
stage1,1,174,4.64901505317539,0.9883833333333333,1.9577715452760458,0.923
stage1,1,175,4.063263017684221,0.9894333333333334,1.832201151177287,0.9129
stage1,1,176,4.360297637060285,0.9887666666666667,2.3081994708627462,0.9347
stage1,1,177,4.389694047160447,0.9893333333333333,2.270744739100337,0.9045
stage1,1,178,4.781966191716492,0.9879,1.9672706481069326,0.9225
stage1,1,179,4.756467882543802,0.9877833333333333,2.1635245848447084,0.9234
stage1,1,180,4.869377851020545,0.98745,2.009551040828228,0.9044
stage1,1,181,4.478517902549356,0.98875,2.037390857934952,0.9137
stage1,1,182,4.794938702136278,0.98805,1.8947433717548847,0.9209
stage1,1,183,3.7801428944803774,0.9905333333333334,1.8279189430177212,0.9396
stage1,1,184,5.097551402635872,0.9875166666666667,1.9634547289460897,0.9142
stage1,1,185,4.49678198248148,0.98865,1.9848926328122616,0.9211
stage1,1,186,3.918290813919157,0.9902,1.9022522196173668,0.9131
stage1,1,187,4.137203135062009,0.9895833333333334,1.8166284076869488,0.919
stage1,1,188,3.8674804912880063,0.9903333333333333,2.2418102137744427,0.8723
stage1,1,189,5.171995093114674,0.9872666666666666,2.0407269448041916,0.9235
stage1,1,190,4.421205593273044,0.9892166666666666,2.0569997169077396,0.9009
stage1,1,191,4.5691572008654475,0.98875,2.081269832327962,0.8765
stage1,1,192,5.44247711636126,0.9864333333333334,2.045615090057254,0.9155
stage1,1,193,4.446183569729328,0.98905,1.8440532628446817,0.9128
stage1,1,194,3.434082184918225,0.99135,1.833402132615447,0.9298
stage1,1,195,4.790319334715605,0.9881666666666666,1.8290559593588114,0.9186
stage1,1,196,4.629527033306658,0.98845,1.9968840572983027,0.8957
stage1,1,197,4.319250958040357,0.9893666666666666,2.2163922023028135,0.8856
stage1,1,198,3.9164001159369946,0.9901833333333333,2.0384751334786415,0.8981
stage1,1,199,4.3950932044535875,0.9888333333333333,1.8534308187663555,0.9197
stage1,1,200,3.5798292998224497,0.9909833333333333,1.820081477984786,0.9118
stage1,1,201,3.9946499411016703,0.99005,1.968978287652135,0.9297
stage1,1,202,3.9659335426986217,0.9896833333333334,1.9809565991163254,0.9261
stage1,1,203,3.8028526213020086,0.9904166666666666,1.8403016431257129,0.9403
stage1,1,204,3.370517953298986,0.9915166666666667,2.005182148888707,0.9271
stage1,1,205,4.594388760626316,0.9883833333333333,2.2652529682964087,0.8958
stage1,1,206,5.6977850971743464,0.9858,2.165344998240471,0.9098
stage1,1,207,4.460712323896587,0.9885666666666667,1.7600534223020077,0.9209
stage1,1,208,4.0234752502292395,0.98985,2.047372557222843,0.9107
stage1,1,209,4.423425463959575,0.9888166666666667,2.194114549551159,0.9364
stage1,1,210,3.4689797735773027,0.9910666666666667,2.2488780822604895,0.9154
stage1,1,211,3.5023983670398593,0.9914166666666666,1.9838806260377169,0.9262
stage1,1,212,3.993279319256544,0.9899833333333333,1.9987966287881136,0.9349
stage1,1,213,5.367682281881571,0.9866333333333334,1.9110829010605812,0.9151
stage1,1,214,4.40231912676245,0.9889666666666667,1.8156046941876411,0.9034
stage1,1,215,4.210348665714264,0.9892,1.7289711013436317,0.9197
stage1,1,216,3.5031072413548827,0.99115,2.0212647756561637,0.9363
stage1,1,217,3.575548236258328,0.9909,1.9092208100482821,0.9318
stage1,1,218,4.0533980736508965,0.9901666666666666,2.136910419911146,0.9458
stage1,1,219,4.598919085226953,0.98815,2.4379515573382378,0.9177
stage1,1,220,3.6532945572398603,0.9904166666666666,1.6623084861785173,0.9272
stage1,1,221,3.761843206360936,0.9908,1.868849603459239,0.9202
stage1,1,222,3.1677992115728557,0.99195,1.9606240466237068,0.9225
stage1,1,223,4.22318811994046,0.9893833333333333,1.8358434699475765,0.9315
stage1,1,224,4.090800567064434,0.9895333333333334,2.0592968985438347,0.9219
stage1,1,225,3.9677887628786266,0.9897,1.7834952026605606,0.9164
stage1,1,226,2.9266336346045136,0.9928166666666667,1.9467799132689834,0.913
stage1,1,227,3.6468328130431473,0.9907166666666667,2.5977351162582636,0.9131
stage1,1,228,4.026167734526098,0.99005,2.1498245503753424,0.8691
stage1,1,229,5.507678582333028,0.98605,1.831574366427958,0.9201
stage1,1,230,4.079809760674834,0.9894,2.1377314757555723,0.9102
stage1,1,231,4.2349425428546965,0.9896833333333334,1.8566889856010675,0.9326
stage1,1,232,2.83235906297341,0.99275,1.884092003107071,0.935
stage1,1,233,2.620090273208916,0.9933666666666666,1.9651524852961302,0.9369
stage1,1,234,3.4687097845599055,0.9911666666666666,1.8728900663554668,0.9247
stage1,1,235,4.364639137405902,0.9886333333333334,2.0457615312188864,0.9256
stage1,1,236,4.123219453729689,0.9896333333333334,1.9334800876677036,0.923
stage1,1,237,3.7379750357940793,0.9904666666666667,1.9308210834860802,0.8997
stage1,1,238,2.9338917075656354,0.99255,1.8481606543064117,0.9051
stage1,1,239,3.930338265374303,0.98995,2.111518546938896,0.875
stage1,1,240,4.794756600167602,0.98795,2.3341889921575785,0.8694
stage1,1,241,5.0624768156558275,0.9872,1.9142946228384972,0.9214
stage1,1,242,3.7281605759635568,0.9904,1.8287300001829863,0.9368
stage1,1,243,3.5993407825008035,0.99105,2.21737789362669,0.9187
stage1,1,244,4.661936885444447,0.9884666666666667,1.8255761349573731,0.9114
stage1,1,245,2.707990664988756,0.9930666666666667,1.9405282232910395,0.9177
stage1,1,246,2.5058311512693763,0.9941166666666666,1.9113274132832885,0.9324
stage1,1,247,3.4853534440044314,0.99085,1.9320089221000671,0.9285
stage1,1,248,3.3652151357382536,0.9912833333333333,1.805178927257657,0.9005
stage1,1,249,3.423277167370543,0.99085,2.2493050703778863,0.925
stage1,1,250,3.3767893640324473,0.99145,1.979341184720397,0.908
stage1,1,251,3.43368559400551,0.9912333333333333,1.9951727762818336,0.9312
stage1,1,252,3.5287332204170525,0.9909833333333333,1.8138874024152756,0.9149
stage1,1,253,4.308101563714445,0.9892,2.2624437864869833,0.8996
stage1,1,254,3.81851324159652,0.99035,1.8784735975787044,0.9138
stage1,1,255,3.3019647146575153,0.9918333333333333,1.8503020033240318,0.9138
stage1,1,256,2.4765166426077485,0.9939333333333333,1.8137070070952177,0.9348
stage1,1,257,3.118741791229695,0.9921666666666666,1.8004527892917395,0.9267
stage1,1,258,2.8774533323012292,0.9927333333333334,1.8278729505836964,0.9176
stage1,1,259,2.899970290251076,0.9923833333333333,1.9870570227503777,0.9099
stage1,1,260,4.769409752450883,0.9882666666666666,2.082036066800356,0.8858
stage1,1,261,3.6141586010344326,0.9912833333333333,2.043371869251132,0.8969
stage1,1,262,3.1318855145946145,0.9922,2.0402899123728275,0.9328
stage1,1,263,2.9013804951682687,0.99225,2.057246955111623,0.9278
stage1,1,264,4.133403204847127,0.9893166666666666,2.1531409937888384,0.8988
stage1,1,265,4.835684028454125,0.9879166666666667,1.9736634129658341,0.9169
stage1,1,266,3.15538173308596,0.9924,2.3944460321217775,0.9091
stage1,1,267,4.091441275086254,0.9892333333333333,2.429509526118636,0.8669
stage1,1,268,3.520021100062877,0.9914666666666667,1.8907532673329115,0.9119
stage1,1,269,2.380275887437165,0.9941666666666666,1.978469181805849,0.9203
stage1,1,270,3.2193811694160104,0.9919333333333333,1.9060613624751568,0.9257
stage1,1,271,3.194872995140031,0.9915666666666667,1.936943631619215,0.891
stage1,1,272,3.416710334364325,0.99155,1.8440847806632519,0.9023
stage1,1,273,4.195898812264204,0.9893,1.9142995029687881,0.9286
stage1,1,274,3.8005876489914954,0.9899833333333333,2.095490114763379,0.906
stage1,1,275,3.622150589711964,0.9909666666666667,1.9732191655784845,0.9289
stage1,1,276,3.335975975729525,0.99155,2.0097025129944086,0.928
stage1,1,277,2.561200264841318,0.9935166666666667,1.7426692759618163,0.9123
stage1,1,278,1.9950882124248892,0.99505,1.821627888828516,0.9279
stage1,1,279,2.0072347418172285,0.9948833333333333,1.8228539191186428,0.9238
stage1,1,280,4.94837272586301,0.9873333333333333,2.2873300667852163,0.893
stage1,1,281,4.441443862393498,0.9887166666666667,1.9454768355935812,0.9074
stage1,1,282,3.0925849061459303,0.9924166666666666,2.074123427271843,0.9189
stage1,1,283,3.188504940830171,0.9917666666666667,2.0583495730534196,0.9201
stage1,1,284,2.9033048665151,0.99255,2.237876269966364,0.8812
stage1,1,285,3.2103582248091698,0.9919666666666667,1.9275632975623012,0.9113
stage1,1,286,3.5656943663489074,0.9907333333333334,1.9490246716886759,0.9197
stage1,1,287,2.7488686479628086,0.9927,2.0223282175138593,0.9277
stage1,1,288,2.6741866669617593,0.9929833333333333,2.1066619716584682,0.9118
stage1,1,289,2.9116563857533038,0.9926833333333334,2.028200065717101,0.921
stage1,1,290,2.6033315607346594,0.9934666666666667,2.225971732288599,0.9314
stage1,1,291,4.4388074073940516,0.9885166666666667,1.9434940963983536,0.9118
stage1,1,292,2.292384042404592,0.9943,1.889177544042468,0.9192
stage1,1,293,2.5708386334590614,0.9932666666666666,1.844857569783926,0.9249
stage1,1,294,2.6130319824442267,0.9931166666666666,2.172122998163104,0.9107
stage1,1,295,2.7087488807737827,0.9929666666666667,1.8912148475646973,0.9265
stage1,1,296,3.3949282336980104,0.9911,2.136392042040825,0.9004
stage1,1,297,3.984809640329331,0.9896333333333334,1.9022817742079496,0.9237
stage1,1,298,2.2124725381145254,0.9943,1.867055842652917,0.93
stage1,1,299,2.574511954560876,0.99335,1.9553778748959303,0.9095
stage1,1,300,3.2099839434958994,0.9923333333333333,2.2560511752963066,0.9155
stage1,2,1,226.67305612564087,0.30461666666666665,29.81286120414734,0.2133
stage1,2,2,137.63576990365982,0.5872166666666667,19.0256450176239,0.4116
stage1,2,3,100.20564788579941,0.6970833333333334,15.398631393909454,0.4375
stage1,2,4,84.31354475021362,0.7490833333333333,13.822916090488434,0.4278
stage1,2,5,73.46146184206009,0.7847833333333334,11.32772171497345,0.4805
stage1,2,6,63.55539923906326,0.8138666666666666,10.030163258314133,0.5892
stage1,2,7,58.52792116999626,0.8308,10.475323677062988,0.5027
stage1,2,8,55.42904186248779,0.8406833333333333,9.964811027050018,0.6632
stage1,2,9,49.458290725946426,0.8619833333333333,8.177326783537865,0.5897
stage1,2,10,45.79130682349205,0.8780833333333333,7.247536718845367,0.685
stage1,2,11,43.24155551195145,0.8872,6.708615779876709,0.6801
stage1,2,12,39.144749134778976,0.9009833333333334,6.919512048363686,0.5986
stage1,2,13,37.81597326695919,0.9035333333333333,5.97558631002903,0.7607
stage1,2,14,34.69407853484154,0.9137666666666666,5.825475573539734,0.6787
stage1,2,15,31.162125885486603,0.924,5.324368581175804,0.8352
stage1,2,16,30.892333760857582,0.9248666666666666,4.931593216955662,0.7424
stage1,2,17,28.75595971941948,0.9301,5.586272522807121,0.7313
stage1,2,18,26.930307120084763,0.9356166666666667,5.331107623875141,0.7804
stage1,2,19,26.50508150458336,0.9357666666666666,4.238409645855427,0.8509
stage1,2,20,25.758719116449356,0.9390166666666667,4.288145460188389,0.8395
stage1,2,21,23.810216814279556,0.9428666666666666,4.34080046415329,0.8358
stage1,2,22,22.465476848185062,0.94615,4.015099763870239,0.8428
stage1,2,23,21.95189168304205,0.94775,3.8621603921055794,0.808
stage1,2,24,20.878137946128845,0.9503,3.7355788201093674,0.8165
stage1,2,25,20.29118199646473,0.9512166666666667,4.039934881031513,0.866
stage1,2,26,19.764418728649616,0.9523166666666667,3.751430317759514,0.8646
stage1,2,27,19.685338363051414,0.953,3.692185640335083,0.8372
stage1,2,28,18.825958609580994,0.9542833333333334,3.7993956208229065,0.8893
stage1,2,29,18.901858806610107,0.9549166666666666,3.73006983846426,0.8904
stage1,2,30,17.470972143113613,0.958,3.6755314841866493,0.8122
stage1,2,31,17.11013049632311,0.9590666666666666,3.582923300564289,0.8193
stage1,2,32,17.516526207327843,0.9573166666666667,2.9150078631937504,0.847
stage1,2,33,16.721900299191475,0.9593666666666667,3.0982281528413296,0.865
stage1,2,34,16.01533918082714,0.96125,2.897236403077841,0.9105
stage1,2,35,16.188677683472633,0.9605333333333334,2.977219332009554,0.908
stage1,2,36,15.817965861409903,0.9622833333333334,2.8965403102338314,0.8709
stage1,2,37,14.756937876343727,0.9642,3.142619051039219,0.8287
stage1,2,38,15.18231238052249,0.9629,2.737678602337837,0.9042
stage1,2,39,13.66189905628562,0.9666666666666667,2.494366466999054,0.9081
stage1,2,40,13.475713524967432,0.9674833333333334,2.4692705273628235,0.9196
stage1,2,41,13.616177316755056,0.9669333333333333,2.5868370197713375,0.8791
stage1,2,42,13.764227699488401,0.9666,2.5427841022610664,0.9158
stage1,2,43,12.867558993399143,0.9683166666666667,3.1133504398167133,0.9124
stage1,2,44,13.413580987602472,0.9674833333333334,3.0151683390140533,0.8745
stage1,2,45,12.338659103959799,0.9706166666666667,2.345220047980547,0.9118
stage1,2,46,11.954552318900824,0.9713833333333334,2.635692946612835,0.9197
stage1,2,47,11.976305890828371,0.9713333333333334,2.423907872289419,0.9143
stage1,2,48,11.752340972423553,0.9721,2.409047033637762,0.8913
stage1,2,49,12.05118179321289,0.96985,2.3406597916036844,0.8541
stage1,2,50,12.229550309479237,0.9707833333333333,2.810689330101013,0.9115
stage1,2,51,12.075320471078157,0.9704833333333334,2.4029369316995144,0.9163
stage1,2,52,11.247950185090303,0.9728166666666667,2.2030290719121695,0.897
stage1,2,53,10.9535175524652,0.9740166666666666,2.1415867879986763,0.9266
stage1,2,54,10.172026999294758,0.9758666666666667,2.083591654896736,0.9042
stage1,2,55,11.235782271251082,0.9723666666666667,2.099261784926057,0.9069
stage1,2,56,10.99296660348773,0.97345,2.956448335200548,0.8528
stage1,2,57,10.575240403413773,0.9743666666666667,2.7418776396661997,0.902
stage1,2,58,10.220916919410229,0.9740166666666666,2.2033859863877296,0.9351
stage1,2,59,9.891650337725878,0.9762666666666666,2.078254260122776,0.926
stage1,2,60,10.697344608604908,0.97395,2.2023833245038986,0.932
stage1,2,61,9.261325892060995,0.9773833333333334,2.2113353237509727,0.9345
stage1,2,62,9.637478291988373,0.9762333333333333,1.9055091626942158,0.9289
stage1,2,63,9.405251815915108,0.97685,1.8373659756034613,0.9071
stage1,2,64,9.261876471340656,0.9775,2.215664315968752,0.8842
stage1,2,65,8.884653823450208,0.9782333333333333,2.3540137726813555,0.9363
stage1,2,66,9.761948559433222,0.9766833333333333,2.3815437499433756,0.878
stage1,2,67,9.351109376177192,0.97705,1.8538621235638857,0.9274
stage1,2,68,8.929060842841864,0.9778833333333333,2.2458122223615646,0.9166
stage1,2,69,8.580262321978807,0.9788333333333333,1.9875413160771132,0.9239
stage1,2,70,8.83284530416131,0.9781166666666666,1.7768552731722593,0.929
stage1,2,71,8.247994611039758,0.9801,2.3253404051065445,0.8725
stage1,2,72,8.723041661083698,0.9783666666666667,2.155271451920271,0.9403
stage1,2,73,8.41899349913001,0.9795,2.1147939041256905,0.9068
stage1,2,74,8.087784841656685,0.98025,1.861933872103691,0.9397
stage1,2,75,8.077477797865868,0.9800333333333333,2.019787395372987,0.9402
stage1,2,76,8.600959243252873,0.9790166666666666,2.2585798911750317,0.9428
stage1,2,77,8.491848638281226,0.97885,2.143003026023507,0.9122
stage1,2,78,7.691767418757081,0.98135,2.1657397598028183,0.9029
stage1,2,79,7.841567390598357,0.98065,1.8123081987723708,0.9337
stage1,2,80,7.54371215030551,0.98165,1.892679387703538,0.9449
stage1,2,81,7.59923455491662,0.9807833333333333,2.382062489166856,0.9076
stage1,2,82,8.691642504185438,0.97845,2.183536607772112,0.9199
stage1,2,83,8.073658432811499,0.9803,1.972934415563941,0.9348
stage1,2,84,7.866366412490606,0.9802166666666666,1.906639689579606,0.932
stage1,2,85,7.64244969189167,0.9816666666666667,1.7107338104397058,0.9383
stage1,2,86,6.857689158059657,0.9829333333333333,2.13050339743495,0.9363
stage1,2,87,7.144533157348633,0.9827166666666667,1.7650712206959724,0.9499
stage1,2,88,6.97735433280468,0.9830166666666666,2.0390336140990257,0.9101
stage1,2,89,8.136155718937516,0.9795666666666667,1.7282507168129086,0.9451
stage1,2,90,7.235087294131517,0.9821,1.9891858231276274,0.9097
stage1,2,91,6.681144783273339,0.98295,2.65919316932559,0.8469
stage1,2,92,6.996964437887073,0.9829333333333333,1.6629097573459148,0.9511
stage1,2,93,7.064493430778384,0.9824333333333334,2.1237099934369326,0.8819
stage1,2,94,6.8792841248214245,0.98255,1.8990425430238247,0.9337
stage1,2,95,6.224707091227174,0.9847166666666667,1.8287325641140342,0.9199
stage1,2,96,7.185890037566423,0.98215,1.6961979866027832,0.9324
stage1,2,97,7.452059160917997,0.9815,1.9638033080846071,0.9319
stage1,2,98,6.433042407035828,0.984,1.801616271957755,0.939
stage1,2,99,6.810810694471002,0.98295,1.7310858350247145,0.9532
stage1,2,100,6.781091833487153,0.9827833333333333,1.7322825230658054,0.9389
stage1,2,101,6.721181135624647,0.9831,1.7263208478689194,0.9312
stage1,2,102,5.97463171929121,0.9855833333333334,2.2153583262115717,0.9358
stage1,2,103,5.92842366732657,0.9854666666666667,1.6558908019214869,0.9331
stage1,2,104,5.822969704866409,0.9859,1.7080764397978783,0.9468
stage1,2,105,5.136129155755043,0.9873333333333333,1.6683512446470559,0.9468
stage1,2,106,6.225927436724305,0.9843666666666666,2.0279231648892164,0.8992
stage1,2,107,6.060041228309274,0.9849333333333333,2.4647606909275055,0.9355
stage1,2,108,5.599912571720779,0.9858333333333333,1.8499808516353369,0.907
stage1,2,109,5.512392700649798,0.9860833333333333,1.5914060939103365,0.9345
stage1,2,110,6.81997418962419,0.9831166666666666,1.8969038547948003,0.9376
stage1,2,111,5.813665213994682,0.9852666666666666,1.69163016974926,0.9461
stage1,2,112,6.588548231869936,0.98285,1.8185560246929526,0.9117
stage1,2,113,5.666005169972777,0.9853166666666666,1.5543640749529004,0.9498
stage1,2,114,6.337388708256185,0.9838833333333333,2.6760583966970444,0.9013
stage1,2,115,5.894492045044899,0.9852333333333333,1.6437343815341592,0.9491
stage1,2,116,6.832760151475668,0.98325,1.7460330305621028,0.9431
stage1,2,117,6.042525257915258,0.985,1.5667830798774958,0.9521
stage1,2,118,5.347589822486043,0.98685,1.9425623454153538,0.934
stage1,2,119,6.231551006436348,0.9845166666666667,1.7253072978928685,0.9271
stage1,2,120,4.8367344732396305,0.9878166666666667,1.5060091465711594,0.9395
stage1,2,121,4.5649370066821575,0.9888,1.7847490403801203,0.9452
stage1,2,122,5.278176810592413,0.9867166666666667,1.5436303042806685,0.9325
stage1,2,123,5.42221369408071,0.9866333333333334,1.776662215590477,0.9399
stage1,2,124,6.001315881498158,0.98475,1.7971532866358757,0.9376
stage1,2,125,6.392363387160003,0.9841333333333333,1.6507362741976976,0.9452
stage1,2,126,5.250487013719976,0.98705,1.8044617548584938,0.9055
stage1,2,127,5.583225319162011,0.9858166666666667,1.4558256976306438,0.9412
stage1,2,128,5.677537405863404,0.9862166666666666,1.9274109564721584,0.927
stage1,2,129,4.383609617128968,0.9891333333333333,1.5582275427877903,0.9533
stage1,2,130,4.876525983214378,0.9881166666666666,2.048732727766037,0.9428
stage1,2,131,5.999178983736783,0.985,1.7091566994786263,0.9522
stage1,2,132,5.1392033929005265,0.9870666666666666,1.7811671188101172,0.9472
stage1,2,133,4.432167919352651,0.98885,1.762774714268744,0.9412
stage1,2,134,5.336367351934314,0.9868833333333333,1.7431399710476398,0.9286
stage1,2,135,5.179407990537584,0.9868,1.6663743238896132,0.9493
stage1,2,136,4.795533003285527,0.9884333333333334,1.9104470293968916,0.9338
stage1,2,137,4.4710035948082805,0.9887,1.569194640032947,0.9322
stage1,2,138,4.512011607177556,0.9886666666666667,2.1060408875346184,0.8914
stage1,2,139,5.59708359465003,0.9860833333333333,1.6125657390803099,0.9511
stage1,2,140,4.601223513484001,0.9882833333333333,1.9330099858343601,0.9391
stage1,2,141,5.913233491592109,0.9851333333333333,1.5374283473938704,0.9563
stage1,2,142,4.25076608825475,0.9889,1.6089422991499305,0.9456
stage1,2,143,5.022340958938003,0.98755,1.9870010148733854,0.9242
stage1,2,144,5.653126507997513,0.9862666666666666,3.0216085575520992,0.9367
stage1,2,145,5.095501013100147,0.9874166666666667,1.9245020039379597,0.9444
stage1,2,146,3.789170531090349,0.9903666666666666,1.5401804205030203,0.9398
stage1,2,147,4.155920528806746,0.9898833333333333,1.8210127758793533,0.9452
stage1,2,148,4.338863687589765,0.9893666666666666,1.6100363843142986,0.934
stage1,2,149,4.676067063584924,0.98825,1.6614570682868361,0.9541
stage1,2,150,4.125820592977107,0.9898333333333333,2.1016625743359327,0.9396
stage1,2,151,5.2934809061698616,0.9869166666666667,1.847581240348518,0.9536
stage1,2,152,4.203694628551602,0.9891,1.7210095301270485,0.9474
stage1,2,153,4.053893403150141,0.9898833333333333,1.5932905599474907,0.9451
stage1,2,154,4.089693848975003,0.9895666666666667,1.6015869611874223,0.9511
stage1,2,155,4.533950548619032,0.98825,1.655388611368835,0.9451
stage1,2,156,4.991065599024296,0.9877333333333334,1.640410140156746,0.9372
stage1,2,157,4.357942837290466,0.9888,1.7611756958067417,0.9065
stage1,2,158,4.649189863353968,0.98855,1.725919971242547,0.938
stage1,2,159,4.268714980222285,0.9888,1.6980384681373835,0.9429
stage1,2,160,3.8239218671806157,0.9906,1.7256787866353989,0.9509
stage1,2,161,4.311579259112477,0.9890666666666666,1.538401429541409,0.9416
stage1,2,162,3.812407343648374,0.9900833333333333,1.579772268421948,0.9286
stage1,2,163,4.144472365267575,0.9896,1.723151508718729,0.9493
stage1,2,164,4.364952081814408,0.9888833333333333,1.6796570178121328,0.958
stage1,2,165,4.653399182483554,0.9878833333333333,2.405989922583103,0.9162
stage1,2,166,4.549784843809903,0.9881666666666666,1.6828023586422205,0.9523
stage1,2,167,4.096481264568865,0.98945,1.721854924224317,0.9315
stage1,2,168,3.4165445724502206,0.99125,1.5675760693848133,0.9499
stage1,2,169,3.4344700314104557,0.9914666666666667,1.7991493549197912,0.9347
stage1,2,170,4.553316127508879,0.9886666666666667,1.683756965212524,0.9538
stage1,2,171,4.461866348981857,0.98885,1.7465071771293879,0.9332
stage1,2,172,4.651499002240598,0.9881666666666666,1.8387361741624773,0.9264
stage1,2,173,4.2839601915329695,0.9894833333333334,1.595527084544301,0.936
stage1,2,174,4.365616515278816,0.9888166666666667,1.7622180981561542,0.9569
stage1,2,175,2.9116008155979216,0.9930333333333333,1.658090479671955,0.9412
stage1,2,176,3.4764805547893047,0.9911,1.7790089617483318,0.9589
stage1,2,177,4.123166980687529,0.98975,1.7129367981106043,0.9529
stage1,2,178,3.172892421949655,0.992,1.5597450016066432,0.9532
stage1,2,179,3.1204632953740656,0.9919833333333333,1.780187082476914,0.9536
stage1,2,180,4.6209221123717725,0.9883166666666666,1.6035939157009125,0.9525
stage1,2,181,3.169142925180495,0.9919333333333333,1.5521479472517967,0.9547
stage1,2,182,3.1723573319613934,0.9920333333333333,1.662591952830553,0.9473
stage1,2,183,3.015750784892589,0.99245,1.617521371692419,0.9519
stage1,2,184,5.073567803949118,0.9868333333333333,1.6257507652044296,0.9474
stage1,2,185,3.6914121815934777,0.99065,2.0221722405403852,0.9599
stage1,2,186,4.710079777054489,0.988,2.010782189667225,0.9439
stage1,2,187,3.9155709696933627,0.9895333333333334,1.6123297549784184,0.9509
stage1,2,188,3.4283851361833513,0.9917166666666667,1.8407277576625347,0.9565
stage1,2,189,4.064757450483739,0.98985,1.7614924758672714,0.9405
stage1,2,190,4.386008571367711,0.9889833333333333,1.6791406441479921,0.9537
stage1,2,191,4.086783455684781,0.9895166666666667,1.7300315890461206,0.9382
stage1,2,192,3.6932192277163267,0.9905833333333334,1.6539889518171549,0.9511
stage1,2,193,2.7674442348070443,0.9929,1.5646313047036529,0.9606
stage1,2,194,4.405826245434582,0.9887166666666667,1.7561318213120103,0.9526
stage1,2,195,3.3929901104420424,0.99155,1.6555405678227544,0.9569
stage1,2,196,2.725605850107968,0.9933833333333333,1.714907804504037,0.9553
stage1,2,197,3.5850803297944367,0.991,1.7612014124169946,0.9475
stage1,2,198,3.805104627273977,0.9904166666666666,1.6399524006992579,0.9558
stage1,2,199,3.5655726776458323,0.99095,1.6107149329036474,0.9484
stage1,2,200,5.028385448735207,0.9876666666666667,1.966466311365366,0.953
stage1,2,201,2.9760200469754636,0.9921333333333333,1.711715118959546,0.9564
stage1,2,202,2.525484000798315,0.99375,1.9068194162100554,0.9588
stage1,2,203,4.998056314885616,0.9873666666666666,1.6957603534683585,0.9574
stage1,2,204,4.241228493396193,0.9885666666666667,1.6288132797926664,0.9514
stage1,2,205,2.6799316168762743,0.99295,1.5385193023830652,0.9589
stage1,2,206,2.510150738991797,0.9937333333333334,1.8486422784626484,0.9415
stage1,2,207,3.281168611254543,0.9914666666666667,1.7073890333995223,0.9557
stage1,2,208,4.070018133497797,0.9893,1.818856311030686,0.9287
stage1,2,209,3.2543160463683307,0.9915333333333334,1.6854177042841911,0.9365
stage1,2,210,5.476690687704831,0.9864833333333334,2.0523390024900436,0.9353
stage1,2,211,3.658216618001461,0.9908166666666667,1.980332612991333,0.9374
stage1,2,212,2.8945820732042193,0.9927833333333334,1.7797863420564681,0.9367
stage1,2,213,3.471514998935163,0.9911166666666666,1.7127551389858127,0.9429
stage1,2,214,2.9714205199852586,0.9925666666666667,1.5760157080367208,0.9455
stage1,2,215,3.4629358793608844,0.9911333333333333,1.6416872208938003,0.939
stage1,2,216,2.3725538614671677,0.994,1.720623486675322,0.9404
stage1,2,217,3.7052887030877173,0.9898166666666667,3.1530626378953457,0.9115
stage1,2,218,3.8689698921516538,0.9899833333333333,1.378377452492714,0.9518
stage1,2,219,3.2028597705066204,0.99185,1.5580712198279798,0.9604
stage1,2,220,3.350590023212135,0.9914166666666666,1.8751380033791065,0.9455
stage1,2,221,4.21358534693718,0.9891666666666666,1.759392275242135,0.949
stage1,2,222,2.8662353507243097,0.9927,1.650628556497395,0.9558
stage1,2,223,2.532558985054493,0.9935666666666667,1.689620646648109,0.9602
stage1,2,224,3.7250027246773243,0.9908166666666667,1.648067880421877,0.9529
stage1,2,225,3.753817773424089,0.99035,1.8610522886738181,0.945
stage1,2,226,3.7284936900250614,0.9904666666666667,1.6545705404132605,0.9565
stage1,2,227,2.8334986630361527,0.99325,1.6440890096127987,0.9474
stage1,2,228,2.0559479845687747,0.9950666666666667,1.5715533215552568,0.9605
stage1,2,229,2.47865065257065,0.9941833333333333,1.7647424330934882,0.9444
stage1,2,230,5.1667162142694,0.9870833333333333,1.7672285214066505,0.9506
stage1,2,231,3.9265616005286574,0.99045,1.862098889425397,0.9601
stage1,2,232,3.5997974234633148,0.9906333333333334,1.6578158773481846,0.946
stage1,2,233,3.338021888397634,0.9916666666666667,1.863325884565711,0.9555
stage1,2,234,1.971086750505492,0.9950833333333333,1.6017530309036374,0.9536
stage1,2,235,1.9199883088003844,0.9952666666666666,1.6708240201696754,0.9558
stage1,2,236,3.111763745546341,0.9921,2.1175060719251633,0.9232
stage1,2,237,4.019237405620515,0.9897833333333333,1.640589814633131,0.9562
stage1,2,238,3.502471103798598,0.9914333333333334,1.535642216913402,0.9391
stage1,2,239,2.6710860216990113,0.9930166666666667,1.8854990676045418,0.9352
stage1,2,240,2.827803924214095,0.99255,2.0298129972070456,0.9432
stage1,2,241,4.919381828047335,0.9876,1.5769882230088115,0.9419
stage1,2,242,2.2129537486471236,0.99425,1.5004757829010487,0.9528
stage1,2,243,2.964236296247691,0.99245,1.6999416938051581,0.9383
stage1,2,244,3.120661105844192,0.9922333333333333,1.8543625622987747,0.945
stage1,2,245,3.662558586569503,0.9904166666666666,2.2622619085013866,0.9087
stage1,2,246,2.6764822169207036,0.9931166666666666,1.6270840149372816,0.95
stage1,2,247,2.3850207081995904,0.9939,1.73980981297791,0.9445
stage1,2,248,2.9157158876769245,0.99265,1.741062205284834,0.9658
stage1,2,249,2.0130466697737575,0.9951,1.5186406429857016,0.9512
stage1,2,250,3.994100961368531,0.9896166666666667,1.7878238297998905,0.9488
stage1,2,251,3.887616766616702,0.9898166666666667,1.6611534636467695,0.9478
stage1,2,252,3.2888053744100034,0.9912833333333333,1.6302553280256689,0.949
stage1,2,253,2.1440660688094795,0.9948,1.7579868156462908,0.9624
stage1,2,254,3.3359457328915596,0.99165,1.622281825169921,0.9414
stage1,2,255,3.336613363586366,0.9915,1.9583925250917673,0.9459
stage1,2,256,2.8209887286648154,0.9927,2.2012767791748047,0.8975
stage1,2,257,3.5958189591765404,0.9911666666666666,1.6002972889691591,0.9584
stage1,2,258,4.040857917163521,0.9899833333333333,1.87681576423347,0.9442
stage1,2,259,2.882786263246089,0.9925666666666667,1.5931990342214704,0.9501
stage1,2,260,2.4183186660520732,0.9941333333333333,1.7117607137188315,0.946
stage1,2,261,2.925518227275461,0.9927,1.7913225945085287,0.929
stage1,2,262,2.346639062743634,0.9939166666666667,1.7894233036786318,0.9585
stage1,2,263,2.47620062623173,0.9935333333333334,1.6263532554730773,0.9443
stage1,2,264,2.0242022222373635,0.9949166666666667,1.6752694668248296,0.9675
stage1,2,265,2.038821195717901,0.9950166666666667,1.7883554827421904,0.965
stage1,2,266,2.4524398812791333,0.99385,1.7892590472474694,0.9559
stage1,2,267,2.1119414039421827,0.9947,2.1210491228848696,0.9419
stage1,2,268,4.029829198494554,0.9901333333333333,1.7301614647731185,0.9626
stage1,2,269,3.3859998011030257,0.9911666666666666,2.101529812440276,0.9581
stage1,2,270,4.408678784966469,0.9888333333333333,1.9347699228674173,0.955
stage1,2,271,2.9405592740513384,0.9927833333333334,1.7959481216967106,0.9556
stage1,2,272,2.390936342533678,0.9938833333333333,1.76101578399539,0.9534
stage1,2,273,1.7958363626385108,0.9958,1.6613838635385036,0.9526
stage1,2,274,2.1377629302442074,0.9944,1.5051983818411827,0.9548
stage1,2,275,1.9090730645693839,0.9953333333333333,1.7412994923070073,0.9573
stage1,2,276,3.680401430465281,0.9909,2.791223047301173,0.8998
stage1,2,277,3.102079838514328,0.9919333333333333,1.738956592977047,0.9419
stage1,2,278,2.969595158006996,0.9922333333333333,1.7045043129473925,0.957
stage1,2,279,2.943238071864471,0.9921333333333333,1.5752230128273368,0.9546
stage1,2,280,2.594330593943596,0.99365,1.575967201963067,0.9485
stage1,2,281,2.331243016058579,0.9939333333333333,1.8464378360658884,0.9468
stage1,2,282,3.0791196555364877,0.9924833333333334,2.080452767200768,0.9477
stage1,2,283,3.203000537585467,0.9913,1.6910333121195436,0.9472
stage1,2,284,2.9723525615409017,0.9921333333333333,1.9136012326925993,0.9397
stage1,2,285,3.587415117304772,0.9911,1.6663663666695356,0.9433
stage1,2,286,2.3796048522926867,0.99395,1.5471978820860386,0.9557
stage1,2,287,1.8266831431537867,0.99535,1.535500854253769,0.9668
stage1,2,288,2.848765981849283,0.9927666666666667,1.7305165762081742,0.9538
stage1,2,289,3.242803621571511,0.99165,1.5787636518944055,0.9564
stage1,2,290,2.236746140755713,0.9942333333333333,1.666725693270564,0.9532
stage1,2,291,1.8648320874199271,0.99505,1.549562989268452,0.9667
stage1,2,292,1.4185560921905562,0.9964,1.5430597802624106,0.9624
stage1,2,293,2.615154756233096,0.9932833333333333,1.6973143685609102,0.9607
stage1,2,294,3.4083343548700213,0.9916666666666667,2.1330499183386564,0.9308
stage1,2,295,4.538877683924511,0.9883833333333333,1.6776528004556894,0.9531
stage1,2,296,3.181647698394954,0.9919,1.8317746836692095,0.9536
stage1,2,297,2.518731107003987,0.9937666666666667,1.6413859892636538,0.9494
stage1,2,298,2.127098602242768,0.9946166666666667,1.472411178983748,0.9567
stage1,2,299,2.4732981335837394,0.9936833333333334,1.9307849742472172,0.9168
stage1,2,300,2.901117594446987,0.9921166666666666,1.5980790173634887,0.9534
stage1,3,1,227.76127207279205,0.28465,29.856385350227356,0.2411
stage1,3,2,145.4214313030243,0.5408833333333334,20.65085244178772,0.3602
stage1,3,3,104.07930415868759,0.6904,14.933479905128479,0.4671
stage1,3,4,79.20466816425323,0.7763833333333333,11.458522826433182,0.5604
stage1,3,5,65.29957097768784,0.8199666666666666,10.174786388874054,0.5599
stage1,3,6,55.698900789022446,0.8518166666666667,8.453987091779709,0.5993
stage1,3,7,47.681268870830536,0.8774,8.279410660266876,0.6809
stage1,3,8,42.66659152507782,0.8927666666666667,7.60790790617466,0.7032
stage1,3,9,38.72724376618862,0.9045,6.06632873415947,0.6791
stage1,3,10,34.605797454714775,0.9152333333333333,6.285743296146393,0.713
stage1,3,11,31.7503921687603,0.9227666666666666,5.554034009575844,0.6672
stage1,3,12,29.235594555735588,0.92925,5.229610867798328,0.6566
stage1,3,13,27.483905717730522,0.93305,5.551374703645706,0.7803
stage1,3,14,25.427609279751778,0.9379,4.207157224416733,0.7929
stage1,3,15,24.607554987072945,0.9399,4.110096447169781,0.7651
stage1,3,16,22.92237450927496,0.94495,3.810352697968483,0.8398
stage1,3,17,21.873428389430046,0.94705,4.183926284313202,0.7398
stage1,3,18,20.09641446173191,0.9515,3.6566340178251266,0.8016
stage1,3,19,20.03285375982523,0.95115,3.660712130367756,0.8764
stage1,3,20,19.04134065657854,0.9543333333333334,3.581166222691536,0.7888
stage1,3,21,18.12285976111889,0.9557166666666667,3.6503193564713,0.8547
stage1,3,22,17.40065263211727,0.95785,3.227482434362173,0.8982
stage1,3,23,17.728369407355785,0.9577666666666667,3.6625856161117554,0.878
stage1,3,24,17.052726611495018,0.9589666666666666,3.4459016621112823,0.8784
stage1,3,25,16.36366093158722,0.9598333333333333,3.20394566655159,0.8254
stage1,3,26,15.737117365002632,0.96175,3.476059477776289,0.79
stage1,3,27,15.10604977607727,0.96345,3.012484971433878,0.8637
stage1,3,28,14.341784201562405,0.9653,2.9003441482782364,0.8433
stage1,3,29,14.527543507516384,0.9657,3.1195668168365955,0.8301
stage1,3,30,14.517575141042471,0.9647333333333333,3.0550353676080704,0.9179
stage1,3,31,13.987000968307257,0.9660166666666666,2.6833481453359127,0.88
stage1,3,32,13.847999945282936,0.9676,2.8811219856142998,0.9027
stage1,3,33,13.441173039376736,0.9681166666666666,3.2811620011925697,0.7949
stage1,3,34,12.865553468465805,0.9686333333333333,2.8547663278877735,0.8414
stage1,3,35,12.468827344477177,0.9703666666666667,2.708149131387472,0.88
stage1,3,36,12.411932662129402,0.9708333333333333,2.892865102738142,0.8498
stage1,3,37,12.917008362710476,0.9679833333333333,2.8801339641213417,0.9265
stage1,3,38,12.608346216380596,0.9693,3.0458739418536425,0.8982
stage1,3,39,11.574596405029297,0.9722166666666666,2.7154332138597965,0.871
stage1,3,40,10.92678740248084,0.9740833333333333,2.8567688949406147,0.8643
stage1,3,41,11.397864673286676,0.9725333333333334,2.4273288547992706,0.8904
stage1,3,42,10.690175033174455,0.9744333333333334,2.438432089984417,0.8989
stage1,3,43,10.735708463937044,0.9739833333333333,2.641247719526291,0.9172
stage1,3,44,11.210663922131062,0.9723666666666667,2.520615354180336,0.8711
stage1,3,45,10.855759013444185,0.9730166666666666,2.3661433961242437,0.9077
stage1,3,46,11.02545689791441,0.9739333333333333,2.5330087020993233,0.9145
stage1,3,47,10.069778039120138,0.9754,2.263092854991555,0.8757
stage1,3,48,10.733205657452345,0.9747333333333333,2.9978419318795204,0.8957
stage1,3,49,10.47742585837841,0.9750166666666666,2.680323366075754,0.8569
stage1,3,50,9.985978242009878,0.9761333333333333,2.4190974943339825,0.8878
stage1,3,51,9.760734293609858,0.9764833333333334,2.4664137586951256,0.9272
stage1,3,52,9.630074568092823,0.9765166666666667,2.24524680711329,0.8735
stage1,3,53,10.057653281837702,0.9761,2.364813156425953,0.8681
stage1,3,54,8.984314050525427,0.97865,2.3539141938090324,0.9179
stage1,3,55,9.31328747048974,0.9767666666666667,2.1043358501046896,0.9088
stage1,3,56,9.276338037103415,0.9768833333333333,2.2729126159101725,0.8856
stage1,3,57,8.8349684253335,0.97905,2.2712202072143555,0.8908
stage1,3,58,8.557535838335752,0.9790333333333333,2.3240755274891853,0.9139
stage1,3,59,9.409642212092876,0.9771333333333333,2.2508788947016,0.9091
stage1,3,60,8.866757482290268,0.9779666666666667,2.1331546679139137,0.8845
stage1,3,61,8.675373774021864,0.9789,1.9523579869419336,0.8969
stage1,3,62,8.294415390118957,0.9801,3.234551765024662,0.8379
stage1,3,63,8.715297685936093,0.9784166666666667,2.2301533352583647,0.8846
stage1,3,64,8.40629787184298,0.9796666666666667,2.087163170799613,0.8984
stage1,3,65,9.183677895925939,0.9769333333333333,2.1650150325149298,0.9051
stage1,3,66,8.43259920924902,0.9791666666666666,2.4268537666648626,0.9418
stage1,3,67,8.114016685634851,0.9802166666666666,1.9834335315972567,0.889
stage1,3,68,7.952014561742544,0.9804833333333334,2.1784208677709103,0.8897
stage1,3,69,7.6956014186143875,0.98045,2.4991878047585487,0.8446
stage1,3,70,7.6304863672703505,0.9806,2.0685992930084467,0.9187
stage1,3,71,7.091888935305178,0.9824833333333334,2.0030089654028416,0.8766
stage1,3,72,7.8074994925409555,0.9802666666666666,2.500520007684827,0.9119
stage1,3,73,7.4329871609807014,0.98095,2.6020489055663347,0.9148
stage1,3,74,7.502582643181086,0.9813333333333333,2.2148366384208202,0.8661
stage1,3,75,7.6262924708426,0.9808333333333333,1.9504250027239323,0.8993
stage1,3,76,6.655318752862513,0.9830666666666666,2.2472004890441895,0.8809
stage1,3,77,7.113499457016587,0.9823166666666666,2.057502070441842,0.9323
stage1,3,78,6.7668432192876935,0.9834166666666667,2.253851465880871,0.8907
stage1,3,79,6.926620723679662,0.9829166666666667,2.2855436243116856,0.895
stage1,3,80,7.043744394555688,0.9821,2.2002223674207926,0.9032
stage1,3,81,6.367668099701405,0.9840166666666667,2.025024212896824,0.8691
stage1,3,82,6.782160371541977,0.9833666666666666,2.0816000439226627,0.8978
stage1,3,83,6.7993653900921345,0.9833666666666666,2.054947327822447,0.903
stage1,3,84,6.654484802857041,0.9831,1.9745886772871017,0.9021
stage1,3,85,6.797428726684302,0.9825333333333334,2.565238555893302,0.9214
stage1,3,86,6.825418629683554,0.9826166666666667,2.3049242068082094,0.8972
stage1,3,87,6.163040606305003,0.9851833333333333,1.8053208272904158,0.9253
stage1,3,88,6.232224648818374,0.9842166666666666,1.9438290502876043,0.9111
stage1,3,89,6.607047080993652,0.9834666666666667,2.0502799544483423,0.9023
stage1,3,90,6.343926292844117,0.9839,2.047055456787348,0.9121
stage1,3,91,6.841756876558065,0.9827833333333333,2.0224871914833784,0.9054
stage1,3,92,7.270128160715103,0.98255,1.8091897573322058,0.9263
stage1,3,93,5.634792311117053,0.98575,1.9719731537625194,0.889
stage1,3,94,6.202869743108749,0.9840333333333333,2.3645559567958117,0.8527
stage1,3,95,6.021550623700023,0.9846,1.8597724810242653,0.9215
stage1,3,96,5.866822775453329,0.9850333333333333,1.9076852053403854,0.898
stage1,3,97,5.5581529615446925,0.9861833333333333,1.7005754206329584,0.9184
stage1,3,98,6.057920772582293,0.9848333333333333,2.5463830269873142,0.8621
stage1,3,99,5.882145380601287,0.9847,2.0541755771264434,0.8935
stage1,3,100,6.447737164795399,0.9838,1.8722094427794218,0.9144
stage1,3,101,6.3472661869600415,0.9840666666666666,1.8484326750040054,0.9273
stage1,3,102,6.023618867620826,0.9850666666666666,1.8928890824317932,0.9022
stage1,3,103,5.662306863814592,0.98575,2.114059656858444,0.8402
stage1,3,104,5.657703198026866,0.9853666666666666,1.8200287064537406,0.9125
stage1,3,105,5.034400184638798,0.98695,1.8932289984077215,0.9122
stage1,3,106,5.014902479946613,0.9874833333333334,2.0850643143057823,0.8874
stage1,3,107,5.835984014905989,0.9852333333333333,1.9961861670017242,0.9202
stage1,3,108,5.636975555680692,0.9855333333333334,1.937738025560975,0.9206
stage1,3,109,4.933888596482575,0.9868833333333333,1.9711679611355066,0.9371
stage1,3,110,4.7458009365946054,0.9881333333333333,2.0749803353101015,0.911
stage1,3,111,4.897234674543142,0.9872333333333333,2.0011099614202976,0.9094
stage1,3,112,5.216385832056403,0.98645,1.9721319675445557,0.9043
stage1,3,113,6.050589048303664,0.9843833333333334,1.838204586878419,0.9058
stage1,3,114,5.005320658907294,0.98715,1.9413682390004396,0.8983
stage1,3,115,5.14930148050189,0.9866166666666667,1.8371843956410885,0.9055
stage1,3,116,4.697736261412501,0.98845,1.9703797306865454,0.9032
stage1,3,117,5.165902901440859,0.9871,1.8745452342554927,0.9103
stage1,3,118,4.891611349768937,0.9874666666666667,2.0963183790445328,0.8953
stage1,3,119,5.843749541789293,0.9849833333333333,1.8094522459432483,0.8963
stage1,3,120,4.856960702687502,0.9878833333333333,1.9900233149528503,0.8808
stage1,3,121,5.35933046694845,0.9858666666666667,1.8866789601743221,0.9171
stage1,3,122,5.0976812886074185,0.9868166666666667,1.878176124766469,0.9207
stage1,3,123,5.358106882311404,0.98635,1.7065260224044323,0.907
stage1,3,124,5.341989427804947,0.9865166666666667,1.9450106006115675,0.9226
stage1,3,125,5.030977424234152,0.9870166666666667,1.9778331983834505,0.8771
stage1,3,126,4.62188433855772,0.9882166666666666,1.7983054909855127,0.8881
stage1,3,127,4.926980308257043,0.9879333333333333,2.248111981898546,0.9262
stage1,3,128,4.473765363916755,0.9885333333333334,1.742285318672657,0.9356
stage1,3,129,4.3416467271745205,0.9888166666666667,1.8672352163121104,0.9363
stage1,3,130,5.412709066644311,0.9862666666666666,1.9858811777085066,0.8989
stage1,3,131,4.510805952362716,0.9883666666666666,1.8775009838864207,0.9102
stage1,3,132,3.8481464702636003,0.9905666666666667,1.777413739822805,0.9251
stage1,3,133,4.402105586603284,0.9884666666666667,2.1277331933379173,0.925
stage1,3,134,4.722987497225404,0.9882333333333333,1.7882984885945916,0.9232
stage1,3,135,4.155042489059269,0.9894,1.9187868889421225,0.8851
stage1,3,136,3.7176711838692427,0.9903666666666666,1.9319279547780752,0.9094
stage1,3,137,5.014180020429194,0.98685,2.1022926876321435,0.9185
stage1,3,138,4.978130841627717,0.9875166666666667,1.8938036244362593,0.9136
stage1,3,139,4.57455438002944,0.9883333333333333,2.090930628590286,0.94
stage1,3,140,4.641350929625332,0.9880166666666667,1.8916773237287998,0.9407
stage1,3,141,4.418281608261168,0.98855,1.9668839555233717,0.93
stage1,3,142,4.543998228851706,0.9887666666666667,1.8662201762199402,0.9076
stage1,3,143,4.471441768109798,0.9886,2.21538719907403,0.9033
stage1,3,144,4.791001622565091,0.9875333333333334,2.3197816107422113,0.8846
stage1,3,145,4.500927418004721,0.9886333333333334,2.218801248818636,0.9092
stage1,3,146,3.802443034481257,0.99005,1.8625998124480247,0.9151
stage1,3,147,4.017540494911373,0.9895333333333334,2.0452099200338125,0.9024
stage1,3,148,4.148298377171159,0.9889333333333333,2.0901000360026956,0.933
stage1,3,149,4.457768767140806,0.9885,2.2259229719638824,0.9069
stage1,3,150,4.024658607318997,0.98945,1.8458318281918764,0.9338
stage1,3,151,4.376474202144891,0.9887666666666667,1.817222498357296,0.9287
stage1,3,152,3.77164463698864,0.99035,2.221611473709345,0.9292
stage1,3,153,4.655096187256277,0.9879333333333333,1.95803776755929,0.9186
stage1,3,154,4.566211181692779,0.9887166666666667,1.843102597631514,0.9298
stage1,3,155,3.25971515243873,0.9916333333333334,1.8359133480116725,0.9319
stage1,3,156,4.453430926892906,0.9879833333333333,1.965220931917429,0.9262
stage1,3,157,4.020011228509247,0.9897,1.8945764480158687,0.9187
stage1,3,158,3.466580196749419,0.9910333333333333,1.904248608276248,0.8996
stage1,3,159,4.205152481794357,0.98905,1.9797605220228434,0.933
stage1,3,160,4.503000147640705,0.9883333333333333,2.017537984997034,0.8987
stage1,3,161,4.341437136754394,0.9888333333333333,2.018484376370907,0.9122
stage1,3,162,3.9044901970773935,0.9895,2.025270546786487,0.9165
stage1,3,163,3.185262723825872,0.9916166666666667,1.7465500561520457,0.9169
stage1,3,164,4.102048312779516,0.9894666666666667,1.8984758192673326,0.9114
stage1,3,165,4.1745396656915545,0.9890666666666666,1.969630933366716,0.9154
stage1,3,166,3.5416159625165164,0.991,2.0690623335540295,0.9358
stage1,3,167,3.320417403243482,0.9916,1.896422409452498,0.9041
stage1,3,168,4.0789171839132905,0.9896,1.884330177679658,0.8976
stage1,3,169,4.2860623970627785,0.9890166666666667,1.8037861566990614,0.9065
stage1,3,170,3.8739466732367873,0.9900666666666667,1.9832485169172287,0.9179
stage1,3,171,3.8907735208049417,0.9896833333333334,1.7917037717998028,0.9197
stage1,3,172,3.349875242449343,0.99145,1.8803008450195193,0.895
stage1,3,173,4.114913534373045,0.9895,2.0607709158211946,0.8829
stage1,3,174,3.198502437211573,0.9921,1.820582265034318,0.8896
stage1,3,175,3.468293159501627,0.991,1.7788673350587487,0.9036
stage1,3,176,3.667724786326289,0.9905833333333334,1.869733183644712,0.9
stage1,3,177,3.6222466891631484,0.9905,1.8753060926683247,0.8852
stage1,3,178,4.706395084969699,0.9877666666666667,2.279506843537092,0.9225
stage1,3,179,4.0502971147652715,0.9895666666666667,1.7554701752960682,0.9277
stage1,3,180,3.4036024641245604,0.99145,2.1325123086571693,0.9274
stage1,3,181,3.169043733738363,0.9914,1.9278055466711521,0.8851
stage1,3,182,2.909199492074549,0.99225,1.9254377267789096,0.9433
stage1,3,183,3.2273923880420625,0.9917666666666667,2.1826514452695847,0.9378
stage1,3,184,3.1701313285157084,0.9917666666666667,1.9705483363941312,0.9251
stage1,3,185,3.9096035212278366,0.9898333333333333,2.0255470611155033,0.942
stage1,3,186,3.5012893402017653,0.99065,1.9702720697969198,0.9287
stage1,3,187,3.363560287281871,0.99135,2.6241273060441017,0.8589
stage1,3,188,4.431576716713607,0.9886,1.8127626962959766,0.9239
stage1,3,189,3.7577704014256597,0.9903666666666666,1.7420927304774523,0.9256
stage1,3,190,3.6625260072760284,0.9904166666666666,1.8548426572233438,0.9094
stage1,3,191,2.9724911767989397,0.99235,1.9420003737322986,0.9252
stage1,3,192,2.974134469870478,0.99215,1.8926184717565775,0.9268
stage1,3,193,3.688638186082244,0.9906333333333334,1.9105032058432698,0.8875
stage1,3,194,3.29104622034356,0.9917166666666667,1.9501372510567307,0.9104
stage1,3,195,2.6416014360729605,0.9929166666666667,1.8019893039017916,0.925
stage1,3,196,3.2433345490135252,0.9918,2.015738906338811,0.9311
stage1,3,197,2.939703445881605,0.9921333333333333,2.1709966026246548,0.9177
stage1,3,198,3.952479643281549,0.9897833333333333,2.9231741093099117,0.8716
stage1,3,199,3.7190708965063095,0.99015,2.1092897206544876,0.9247
stage1,3,200,4.159225800074637,0.9892166666666666,1.8587911650538445,0.9028
stage1,3,201,3.1623152317479253,0.9919166666666667,2.074294111225754,0.9041
stage1,3,202,2.9294793945737183,0.9923833333333333,2.0976699348539114,0.916
stage1,3,203,2.5537577716168016,0.9932166666666666,1.9021134481299669,0.9228
stage1,3,204,2.833072029752657,0.9925166666666667,2.859420388005674,0.9198
stage1,3,205,3.730765128042549,0.9897166666666667,2.05038174521178,0.9263
stage1,3,206,3.6336014637490734,0.9904,1.973727460950613,0.9113
stage1,3,207,2.949407560750842,0.9924,1.9234736934304237,0.9386
stage1,3,208,3.275471954140812,0.9913166666666666,1.9031285475939512,0.9252
stage1,3,209,3.5393505366519094,0.9909666666666667,1.9478358272463083,0.9029
stage1,3,210,2.6795163694769144,0.9929833333333333,1.9662231137044728,0.9193
stage1,3,211,3.027742929989472,0.9921,1.9204787462949753,0.9054
stage1,3,212,2.926948464475572,0.9925,2.104913762770593,0.8956
stage1,3,213,4.72600740659982,0.9880833333333333,2.332096304744482,0.9445
stage1,3,214,3.4509585737250745,0.9909833333333333,2.124682219699025,0.8977
stage1,3,215,2.8150557912886143,0.9927333333333334,2.018247375730425,0.9274
stage1,3,216,2.6591901453211904,0.9931166666666666,2.1948288530111313,0.9407
stage1,3,217,3.692784709855914,0.9898666666666667,1.876348190009594,0.9232
stage1,3,218,2.523131176829338,0.9933,1.970429552718997,0.9205
stage1,3,219,3.814924433361739,0.9899,2.028709107078612,0.9261
stage1,3,220,2.8829854279756546,0.9928166666666667,1.835755879059434,0.9133
stage1,3,221,3.640318819321692,0.9904833333333334,1.814448520541191,0.9211
stage1,3,222,3.427845735102892,0.9910333333333333,1.9661855958402157,0.9409
stage1,3,223,2.833809003001079,0.99285,1.902480999007821,0.9016
stage1,3,224,2.856717362534255,0.9925833333333334,2.1864201817661524,0.9016
stage1,3,225,3.286462375894189,0.99135,1.9571572868153453,0.9073
stage1,3,226,2.4515707169193774,0.9937166666666667,1.979632392525673,0.9348
stage1,3,227,2.7077207930851728,0.9926166666666667,1.8794612493366003,0.9094
stage1,3,228,2.6402163775637746,0.9932333333333333,2.18434782512486,0.8975
stage1,3,229,2.8043912104330957,0.9925666666666667,2.013014620169997,0.9126
stage1,3,230,3.87457280093804,0.9899333333333333,2.671102039515972,0.9373
stage1,3,231,2.899279198143631,0.9927166666666667,1.802843775600195,0.9253
stage1,3,232,3.1305838050320745,0.9916333333333334,2.1393978130072355,0.9177
stage1,3,233,2.3707879139110446,0.9937833333333334,1.9591919304803014,0.9184
stage1,3,234,4.095646045170724,0.9894,2.1508316844701767,0.9254
stage1,3,235,3.0941847735084593,0.9922666666666666,1.965463226661086,0.9107
stage1,3,236,2.030214015976526,0.9948833333333333,1.9033553716726601,0.9409
stage1,3,237,1.885162909165956,0.9952833333333333,1.9113898985087872,0.8803
stage1,3,238,2.4104973869398236,0.9936,2.0329858381301165,0.9406
stage1,3,239,3.2359818192198873,0.9916166666666667,1.9142008945345879,0.9
stage1,3,240,5.076560083311051,0.9872333333333333,2.0833969805389643,0.9407
stage1,3,241,2.867863653227687,0.9924833333333334,1.7250735592097044,0.9164
stage1,3,242,3.377290187869221,0.9911833333333333,1.8897689506411552,0.9321
stage1,3,243,2.4354910380207,0.9934333333333333,2.1125260181725025,0.8967
stage1,3,244,2.3795177545398474,0.9937166666666667,2.1913459710776806,0.8973
stage1,3,245,2.2919607220683247,0.9941,2.0170690482482314,0.9025
stage1,3,246,3.7736632209271193,0.99015,2.0603751000016928,0.9219
stage1,3,247,2.578260732581839,0.9928666666666667,2.2630013711750507,0.9212
stage1,3,248,3.5237317462451756,0.9911333333333333,1.9432514887303114,0.9368
stage1,3,249,2.806614872533828,0.9924333333333333,2.100656262598932,0.9311
stage1,3,250,2.4189463229849935,0.9933833333333333,1.9456765968352556,0.9269
stage1,3,251,2.431859932374209,0.9934,2.0318890046328306,0.9126
stage1,3,252,2.392080678604543,0.9936166666666667,2.1538753202185035,0.9289
stage1,3,253,3.122914140112698,0.9913,2.5916281547397375,0.9432
stage1,3,254,3.4664496849291027,0.9906,1.943957956507802,0.9338
stage1,3,255,2.1922413329593837,0.9940833333333333,1.900653725489974,0.9159
stage1,3,256,2.2205002701375633,0.994,2.216640517115593,0.8928
stage1,3,257,2.235769959166646,0.9941333333333333,1.8941825442016125,0.915
stage1,3,258,1.5430235458770767,0.9960833333333333,1.7388179991394281,0.9191
stage1,3,259,2.542996019590646,0.9934666666666667,3.0323198046535254,0.9225
stage1,3,260,4.530063004698604,0.9882833333333333,1.8775270828045905,0.923
stage1,3,261,2.948942688293755,0.9921,2.100390089675784,0.897
stage1,3,262,2.9619037981610745,0.9922833333333333,1.8495890437625349,0.9089
stage1,3,263,2.356759042828344,0.9934166666666666,1.9543419536203146,0.9397
stage1,3,264,1.8519242252223194,0.99515,2.1454076692461967,0.8609
stage1,3,265,3.9058821350336075,0.9899666666666667,1.9809546545147896,0.8924
stage1,3,266,3.6636724474374205,0.9907666666666667,2.0164026897400618,0.926
stage1,3,267,3.4821688518859446,0.9909166666666667,1.790061241015792,0.8909
stage1,3,268,2.472986652282998,0.9932333333333333,1.9305732436478138,0.9096
stage1,3,269,1.9400103052612394,0.99485,2.077742598950863,0.9298
stage1,3,270,2.595361918909475,0.9933166666666666,1.934928365983069,0.9128
stage1,3,271,1.8716722710523754,0.9953333333333333,1.8409328255802393,0.9273
stage1,3,272,1.7899343739263713,0.9953,2.036553648300469,0.9217
stage1,3,273,3.574860834982246,0.9905,2.0846792166121304,0.9322
stage1,3,274,2.2573893641820177,0.9943333333333333,2.0449884198606014,0.9201
stage1,3,275,3.4226999366655946,0.9909666666666667,2.2199375238269567,0.8865
stage1,3,276,2.8917588556651026,0.9923333333333333,1.9811695385724306,0.9398
stage1,3,277,2.50568553712219,0.9935333333333334,1.8517466951161623,0.9324
stage1,3,278,3.2855652142316103,0.9914833333333334,1.9312160797417164,0.8969
stage1,3,279,3.0142111303284764,0.9919,1.9373319428414106,0.9281
stage1,3,280,2.0232230867259204,0.9949166666666667,1.993861717171967,0.9242
stage1,3,281,2.7636429278645664,0.9931666666666666,2.3338945023715496,0.8943
stage1,3,282,3.022406278178096,0.9922666666666666,1.8516175746917725,0.9315
stage1,3,283,2.363907979801297,0.9942166666666666,2.2453352585434914,0.9199
stage1,3,284,3.645112370606512,0.9906,2.5313057899475098,0.9225
stage1,3,285,2.9972021635621786,0.9916833333333334,2.0918281376361847,0.8917
stage1,3,286,2.390141099691391,0.9937666666666667,2.0834142062813044,0.9218
stage1,3,287,2.4331494186772034,0.9933833333333333,1.8137030452489853,0.9288
stage1,3,288,1.48974399571307,0.9962666666666666,1.8748788144439459,0.915
stage1,3,289,1.6970080544706434,0.9956166666666667,1.9186910092830658,0.9114
stage1,3,290,2.8896150635555387,0.9924333333333333,1.9835100080817938,0.9141
stage1,3,291,2.6675752855371684,0.9931166666666666,2.027118247002363,0.911
stage1,3,292,2.3471970413811505,0.99365,1.8690876495093107,0.9061
stage1,3,293,2.2565322215668857,0.9944666666666667,1.9267311776056886,0.9081
stage1,3,294,2.481545321410522,0.99335,1.87963611446321,0.9091
stage1,3,295,1.2862043506465852,0.9970166666666667,1.8265999928116798,0.9181
stage1,3,296,1.0752642235020176,0.9973833333333333,1.7732786014676094,0.9308
stage1,3,297,2.048411540221423,0.9947166666666667,2.2695477344095707,0.9332
stage1,3,298,2.94563856581226,0.99225,2.25367056299001,0.881
stage1,3,299,3.1428303711581975,0.99175,2.014457270503044,0.8849
stage1,3,300,2.504415082046762,0.9935666666666667,1.8659851774573326,0.9184
stage1,4,1,217.57545375823975,0.33475,26.635642528533936,0.3126
stage1,4,2,126.90559893846512,0.6192833333333333,18.18275386095047,0.3941
stage1,4,3,90.02220678329468,0.7419166666666667,13.078974962234497,0.5142
stage1,4,4,69.630430072546,0.8048,10.460532039403915,0.618
stage1,4,5,58.68228352069855,0.8456333333333333,9.009212076663971,0.6113
stage1,4,6,49.13908776640892,0.8804666666666666,7.662786826491356,0.6675
stage1,4,7,42.3854179084301,0.8989,6.546451061964035,0.6985
stage1,4,8,37.13575726747513,0.9113,6.103439077734947,0.7104
stage1,4,9,33.8824816942215,0.9188,5.458121970295906,0.7445
stage1,4,10,31.403683692216873,0.9262333333333334,5.281986430287361,0.7824
stage1,4,11,29.444883301854134,0.9302666666666667,4.7534297332167625,0.7734
stage1,4,12,27.532155230641365,0.9344833333333333,4.862874016165733,0.7236
stage1,4,13,26.682081267237663,0.9351,4.394242323935032,0.7606
stage1,4,14,23.802022859454155,0.94295,4.174481704831123,0.8404
stage1,4,15,23.080648615956306,0.9437166666666666,3.9957021102309227,0.8242
stage1,4,16,21.690171599388123,0.9472166666666667,3.77710098028183,0.7699
stage1,4,17,20.93257549405098,0.9485833333333333,3.8883465453982353,0.8506
stage1,4,18,19.864849641919136,0.9514166666666667,3.6015197038650513,0.8168
stage1,4,19,19.528485998511314,0.9528833333333333,4.156496666371822,0.7848
stage1,4,20,19.63213897496462,0.95075,3.3387328386306763,0.7855
stage1,4,21,18.420508697628975,0.9549166666666666,3.2180459797382355,0.8037
stage1,4,22,17.399891883134842,0.95675,3.9369942396879196,0.8281
stage1,4,23,16.662903361022472,0.95915,3.749226398766041,0.8747
stage1,4,24,16.85138539969921,0.95785,3.784840442240238,0.7562
stage1,4,25,16.109148129820824,0.9599166666666666,2.8542441353201866,0.8517
stage1,4,26,15.051510147750378,0.9632666666666667,2.8653052151203156,0.8457
stage1,4,27,14.822710156440735,0.9632333333333334,3.145206842571497,0.8892
stage1,4,28,15.799571201205254,0.9611166666666666,3.602728694677353,0.7662
stage1,4,29,14.748480446636677,0.96245,2.9070264659821987,0.8707
stage1,4,30,14.032547228038311,0.9650833333333333,2.867436747997999,0.874
stage1,4,31,13.888928011059761,0.9655833333333333,2.3415758945047855,0.8856
stage1,4,32,13.45776354894042,0.96725,2.862840633839369,0.8534
stage1,4,33,13.469753570854664,0.9664333333333334,2.3633985556662083,0.8512
stage1,4,34,13.296588495373726,0.9669,2.908844020217657,0.7946
stage1,4,35,13.017893388867378,0.9675333333333334,2.393443465232849,0.8766
stage1,4,36,13.16064091771841,0.9679,2.47802060097456,0.8991
stage1,4,37,11.50870006158948,0.9726666666666667,2.3552647680044174,0.8372
stage1,4,38,12.125839930027723,0.9704666666666667,2.347616657614708,0.8508
stage1,4,39,11.514570519328117,0.9715833333333334,2.2636876106262207,0.8924
stage1,4,40,11.498934086412191,0.9721333333333333,3.4713227450847626,0.8907
stage1,4,41,11.38385782763362,0.9725833333333334,2.34953392110765,0.818
stage1,4,42,11.089159715920687,0.9728166666666667,3.472031809389591,0.7594
stage1,4,43,11.626489143818617,0.9712666666666666,2.8055483624339104,0.8086
stage1,4,44,10.72988611459732,0.9736666666666667,2.603309042751789,0.9069
stage1,4,45,10.98280119895935,0.9728333333333333,2.3013872504234314,0.8733
stage1,4,46,10.68285096436739,0.9732833333333333,2.339956670999527,0.8986
stage1,4,47,10.394404746592045,0.9747833333333333,2.2414675392210484,0.925
stage1,4,48,10.101112235337496,0.97545,2.6996456384658813,0.8581
stage1,4,49,10.17816013097763,0.97505,2.215123485773802,0.9065
stage1,4,50,10.830772407352924,0.9734333333333334,2.1522747054696083,0.8743
stage1,4,51,10.041418917477131,0.9757333333333333,2.074311106465757,0.8609
stage1,4,52,9.372643548995256,0.9765666666666667,2.078316204249859,0.894
stage1,4,53,9.590650245547295,0.97605,2.1974951401352882,0.8854
stage1,4,54,9.62671758979559,0.9766833333333333,2.2617449574172497,0.8841
stage1,4,55,9.352749006822705,0.97655,2.1456227861344814,0.8627
stage1,4,56,8.86403689160943,0.9789166666666667,2.143216971307993,0.8779
stage1,4,57,9.01012302748859,0.9771666666666666,2.0538688711822033,0.887
stage1,4,58,8.926413930952549,0.9776666666666667,2.4374801367521286,0.8325
stage1,4,59,9.543834876269102,0.9766,2.124108226969838,0.9448
stage1,4,60,8.9489830955863,0.9780833333333333,1.8825564980506897,0.8931
stage1,4,61,9.050739914178848,0.9778833333333333,2.552422594279051,0.9205
stage1,4,62,8.419772179797292,0.9791166666666666,2.0993052031844854,0.8655
stage1,4,63,8.049332927912474,0.9805166666666667,1.9271032316610217,0.8858
stage1,4,64,7.657594272866845,0.9815333333333334,2.034323401749134,0.9132
stage1,4,65,7.946965219452977,0.9808166666666667,2.095722956582904,0.8813
stage1,4,66,8.27637181431055,0.9797,2.262394092977047,0.8676
stage1,4,67,8.270648367702961,0.9795,2.6743274480104446,0.837
stage1,4,68,8.197956072166562,0.9793333333333333,2.190297646448016,0.8738
stage1,4,69,8.431284919381142,0.9789666666666667,1.8965906500816345,0.9037
stage1,4,70,8.161695851013064,0.9799666666666667,2.196945294737816,0.8484
stage1,4,71,7.979592319577932,0.9802833333333333,1.917658232152462,0.9265
stage1,4,72,8.548592329025269,0.9783,1.7378063080832362,0.9101
stage1,4,73,7.4647679179906845,0.9815666666666667,2.006900107488036,0.9103
stage1,4,74,7.307377425953746,0.9821,1.9375433512032032,0.918
stage1,4,75,7.156760925427079,0.9825833333333334,1.9991984851658344,0.8972
stage1,4,76,6.919803634285927,0.9829666666666667,1.9815086741000414,0.9282
stage1,4,77,7.413400137796998,0.9817333333333333,2.0536522082984447,0.9272
stage1,4,78,7.273303862661123,0.9822333333333333,1.9973878357559443,0.8805
stage1,4,79,7.257446049712598,0.98165,2.172104772180319,0.8963
stage1,4,80,7.610520975664258,0.9812333333333333,2.0234172604978085,0.8884
stage1,4,81,7.580399351194501,0.9806833333333334,2.103794574737549,0.883
stage1,4,82,8.142792325466871,0.9796666666666667,2.104607257992029,0.914
stage1,4,83,6.544473487883806,0.9843666666666666,1.8353312369436026,0.8987
stage1,4,84,6.814378837123513,0.98335,2.0202424209564924,0.9335
stage1,4,85,7.038578534498811,0.9822,2.039762891829014,0.8897
stage1,4,86,7.562744030728936,0.9811833333333333,1.8179152887314558,0.9135
stage1,4,87,6.91881475970149,0.98225,1.7190072182565928,0.9203
stage1,4,88,7.083758620545268,0.9830833333333333,3.8500707894563675,0.8696
stage1,4,89,7.086507482454181,0.9826666666666667,2.333950001746416,0.8406
stage1,4,90,6.1820496413856745,0.9848333333333333,2.0203009508550167,0.9218
stage1,4,91,6.554262877441943,0.9827166666666667,2.881652392446995,0.9516
stage1,4,92,6.1366072073578835,0.9849333333333333,1.7604206018149853,0.8926
stage1,4,93,6.29113645106554,0.98395,2.3966340888291597,0.8402
stage1,4,94,6.965205445885658,0.9827833333333333,1.846885234117508,0.9538
stage1,4,95,6.691824950277805,0.9835833333333334,2.6623374857008457,0.8467
stage1,4,96,6.352054149843752,0.98445,2.0024197958409786,0.8749
stage1,4,97,6.494666481390595,0.9844666666666667,1.7992362175136805,0.9027
stage1,4,98,5.615229450166225,0.9865833333333334,1.6997744962573051,0.8994
stage1,4,99,5.261558714322746,0.9873166666666666,1.8940801061689854,0.9165
stage1,4,100,7.188632549718022,0.9819,1.910206452012062,0.9023
stage1,4,101,6.771408353000879,0.98305,1.647013707086444,0.9221
stage1,4,102,5.899482611566782,0.9850833333333333,1.80569963529706,0.9218
stage1,4,103,5.968148052692413,0.9853333333333333,1.6543294060975313,0.9476
stage1,4,104,5.18234552256763,0.9872833333333333,1.9462938029319048,0.9406
stage1,4,105,5.786405997350812,0.9856833333333334,1.853928878903389,0.9195
stage1,4,106,6.393679708242416,0.9843833333333334,2.745805077254772,0.8414
stage1,4,107,5.896721099503338,0.9857,1.7180434372276068,0.9239
stage1,4,108,5.443847008049488,0.98695,2.1882683597505093,0.9382
stage1,4,109,6.180872171185911,0.98475,1.7077389415353537,0.9082
stage1,4,110,5.8369296519085765,0.9858333333333333,1.7870225701481104,0.8996
stage1,4,111,5.004495779052377,0.9881666666666666,1.6383390258997679,0.8989
stage1,4,112,5.654060075059533,0.9856333333333334,2.206469926983118,0.8655
stage1,4,113,6.433825202286243,0.9839666666666667,2.1742377653717995,0.9076
stage1,4,114,5.514517528004944,0.9864666666666667,1.801331765949726,0.9387
stage1,4,115,4.894518872722983,0.98755,1.6414622515439987,0.898
stage1,4,116,5.29698158800602,0.9866833333333334,1.9752756198868155,0.8726
stage1,4,117,6.047160625457764,0.9848166666666667,1.791522815823555,0.9066
stage1,4,118,5.9246754525229335,0.9845,1.6704856995493174,0.929
stage1,4,119,4.953254446387291,0.9878666666666667,1.66920324601233,0.9167
stage1,4,120,5.800858523696661,0.9854833333333334,2.070535510778427,0.9421
stage1,4,121,5.4327077846974134,0.9867,1.8062536865472794,0.906
stage1,4,122,5.805887661874294,0.9856333333333334,1.927286334335804,0.9348
stage1,4,123,5.5567817986011505,0.9857,1.653866820037365,0.9237
stage1,4,124,4.527992992661893,0.9887166666666667,1.7585443202406168,0.941
stage1,4,125,5.409227229654789,0.9867166666666667,2.556048046797514,0.9397
stage1,4,126,5.069723493419588,0.98745,1.6506766453385353,0.907
stage1,4,127,4.817761544138193,0.98775,2.057348620146513,0.923
stage1,4,128,5.526782654225826,0.9857333333333334,1.6280333921313286,0.9125
stage1,4,129,5.950270948931575,0.98495,1.598983934149146,0.9389
stage1,4,130,5.592458362691104,0.9863833333333333,1.7797527220100164,0.9067
stage1,4,131,4.991966390050948,0.9876,1.6891450341790915,0.946
stage1,4,132,4.54977594409138,0.9889,2.0494536217302084,0.9546
stage1,4,133,4.568802720867097,0.9886666666666667,1.7893589939922094,0.9403
stage1,4,134,4.540945307351649,0.9882166666666666,2.511510021984577,0.9441
stage1,4,135,5.6625686986371875,0.9854833333333334,1.6599703263491392,0.9537
stage1,4,136,4.366223947610706,0.9896,1.6371665326878428,0.9211
stage1,4,137,4.376555589027703,0.9892166666666666,1.5440857810899615,0.9064
stage1,4,138,4.615751737728715,0.9878833333333333,1.7677678763866425,0.9118
stage1,4,139,5.171626000665128,0.9869333333333333,1.8551697544753551,0.9114
stage1,4,140,4.417975357733667,0.9889166666666667,1.6777320355176926,0.9505
stage1,4,141,5.425995330326259,0.98655,1.9390113670378923,0.9519
stage1,4,142,5.398171002045274,0.9864166666666667,1.5263433549553156,0.9027
stage1,4,143,4.412770804017782,0.9891,1.5233077816665173,0.9186
stage1,4,144,4.492847294546664,0.9886,2.0236807353794575,0.9276
stage1,4,145,4.895063190720975,0.9873666666666666,2.242472294718027,0.8459
stage1,4,146,4.717731762677431,0.9883666666666666,1.7596158301457763,0.9087
stage1,4,147,5.0826880084350705,0.9872166666666666,1.5358637506142259,0.9214
stage1,4,148,3.7175758788362145,0.9907666666666667,1.585795845836401,0.9117
stage1,4,149,4.868433696217835,0.9876666666666667,1.4757683360949159,0.9228
stage1,4,150,4.846878613345325,0.9875333333333334,1.7281164368614554,0.9041
stage1,4,151,4.766787339001894,0.9878666666666667,2.0748485382646322,0.8496
stage1,4,152,5.0161731550469995,0.9870333333333333,1.596716295927763,0.9246
stage1,4,153,3.8912497078999877,0.99035,1.7928444938734174,0.9491
stage1,4,154,3.906347624026239,0.9901166666666666,1.6563572864979506,0.8914
stage1,4,155,4.126768205314875,0.9895666666666667,1.689828110858798,0.9231
stage1,4,156,4.722082432359457,0.9881,1.5013364665210247,0.9299
stage1,4,157,3.839643018320203,0.99025,1.6611563749611378,0.9106
stage1,4,158,5.363835123367608,0.9861166666666666,2.087038954719901,0.9258
stage1,4,159,4.124943538568914,0.9899833333333333,1.8591165617108345,0.9231
stage1,4,160,3.8776703579351306,0.9902666666666666,1.4685162445530295,0.931
stage1,4,161,4.608469380065799,0.9887,1.5041811801493168,0.926
stage1,4,162,4.947479841299355,0.9875,1.8042004592716694,0.957
stage1,4,163,4.150365429930389,0.9893833333333333,1.76329464931041,0.9008
stage1,4,164,4.459938661195338,0.9891666666666666,1.995240792632103,0.9375
stage1,4,165,4.0330601474270225,0.9898666666666667,1.7247727350331843,0.9097
stage1,4,166,4.532699410803616,0.9886,1.695890000090003,0.9263
stage1,4,167,4.162594003602862,0.9894166666666667,1.949210437014699,0.9446
stage1,4,168,3.9777052868157625,0.9898833333333333,1.5745694786310196,0.952
stage1,4,169,3.6692521264776587,0.9906,1.7107920981943607,0.9332
stage1,4,170,4.621487390249968,0.9884833333333334,1.893852861598134,0.8929
stage1,4,171,4.371183990500867,0.9887833333333333,1.6951447576284409,0.9271
stage1,4,172,3.5176284075714648,0.9911333333333333,1.5486619118601084,0.9132
stage1,4,173,3.1556044733151793,0.9923666666666666,1.812447477132082,0.9585
stage1,4,174,5.119628056418151,0.9871333333333333,1.5914321634918451,0.9376
stage1,4,175,5.076040399260819,0.9867166666666667,1.4732580371201038,0.9298
stage1,4,176,3.073036756599322,0.9922833333333333,1.5859880540519953,0.9589
stage1,4,177,3.7780986563302577,0.9904666666666667,1.934971697628498,0.9572
stage1,4,178,3.804650356993079,0.9903666666666666,1.5412262585014105,0.9497
stage1,4,179,3.6693289121612906,0.9902333333333333,1.4509750343859196,0.9215
stage1,4,180,3.410497259348631,0.9912666666666666,1.9612109418958426,0.9509
stage1,4,181,4.047772671096027,0.9901,1.6627277098596096,0.948
stage1,4,182,3.5610306924209,0.9912833333333333,1.5865942100062966,0.9434
stage1,4,183,3.908099525142461,0.99025,1.8099231868982315,0.9456
stage1,4,184,4.037111633457243,0.9900166666666667,1.6384305655956268,0.934
stage1,4,185,4.216249034740031,0.9894166666666667,2.1006171675398946,0.8664
stage1,4,186,4.424469140358269,0.9887666666666667,1.791827091947198,0.9289
stage1,4,187,3.9183293362148106,0.9902333333333333,1.5893848529085517,0.9194
stage1,4,188,4.463082169182599,0.9885833333333334,1.860607685521245,0.9467
stage1,4,189,3.887026905082166,0.99,1.4632689161226153,0.9507
stage1,4,190,3.6157173989340663,0.99105,2.00004861690104,0.9394
stage1,4,191,3.664484115317464,0.9910333333333333,1.6897189216688275,0.9542
stage1,4,192,3.845385616645217,0.9905666666666667,1.6364813409745693,0.95
stage1,4,193,3.0610452962573618,0.9927166666666667,1.542632807046175,0.9548
stage1,4,194,3.2602828633971512,0.99165,1.6911884788423777,0.9466
stage1,4,195,3.202896746690385,0.9922833333333333,1.4358893539756536,0.9453
stage1,4,196,4.1479270262643695,0.9894,1.8158207815140486,0.8977
stage1,4,197,4.146083074621856,0.9898833333333333,1.4555773623287678,0.9181
stage1,4,198,2.897138853557408,0.9928666666666667,1.57870839163661,0.9444
stage1,4,199,3.538239282555878,0.9912833333333333,1.7078430159017444,0.9268
stage1,4,200,3.771390966139734,0.9906166666666667,1.5560276405885816,0.955
stage1,4,201,3.6101637268438935,0.9909333333333333,1.7142566423863173,0.9134
stage1,4,202,3.5306984228082,0.99055,2.0862486213445663,0.9629
stage1,4,203,4.502146963961422,0.9887333333333334,2.042604697868228,0.8713
stage1,4,204,3.177202978171408,0.9918166666666667,1.4031499531120062,0.9471
stage1,4,205,3.29665243672207,0.9911333333333333,1.6128562386147678,0.9116
stage1,4,206,4.54648872371763,0.9884666666666667,1.590659806970507,0.9341
stage1,4,207,3.2549779834225774,0.99125,1.764952089637518,0.9185
stage1,4,208,3.5428899358958006,0.9911833333333333,1.8275453057140112,0.94
stage1,4,209,3.7254699943587184,0.9899,1.5140766352415085,0.9502
stage1,4,210,2.549430134240538,0.9936666666666667,1.5821911236271262,0.9427
stage1,4,211,3.832713086507283,0.9903166666666666,1.7354902476072311,0.914
stage1,4,212,3.6073967607226223,0.9908333333333333,1.7713927496224642,0.9595
stage1,4,213,4.07362418808043,0.9896333333333334,1.505866164341569,0.9383
stage1,4,214,3.5974122579209507,0.9906,1.589242486283183,0.8985
stage1,4,215,2.9059832338243723,0.9925166666666667,1.6878483779728413,0.9352
stage1,4,216,3.166194950696081,0.9920166666666667,1.6629555597901344,0.9508
stage1,4,217,3.3586572306230664,0.9914333333333334,1.5955021642148495,0.9066
stage1,4,218,3.580306310672313,0.9909,1.572197848930955,0.9423
stage1,4,219,3.739021874498576,0.9904333333333334,2.0195527635514736,0.9412
stage1,4,220,3.6104022939689457,0.9905333333333334,1.4399797227233648,0.9403
stage1,4,221,2.759204678237438,0.9930833333333333,1.511248423717916,0.9323
stage1,4,222,2.8884407239966094,0.99245,1.522545713931322,0.9411
stage1,4,223,2.4701286028139293,0.99385,1.7206084365025163,0.9285
stage1,4,224,4.062235937453806,0.9900333333333333,1.992129297927022,0.9096
stage1,4,225,5.059425844345242,0.9875,1.7639112435281277,0.9129
stage1,4,226,3.1780336662195623,0.9917166666666667,1.4432447273284197,0.9526
stage1,4,227,3.5210680970922112,0.9906333333333334,1.7941052727401257,0.9399
stage1,4,228,3.8773242151364684,0.9898166666666667,1.496774984523654,0.9485
stage1,4,229,2.693639425560832,0.9933833333333333,1.5163575047627091,0.9501
stage1,4,230,2.785024526529014,0.9928666666666667,1.331906490959227,0.9569
stage1,4,231,1.9112664249259979,0.9953833333333333,1.456739917397499,0.9416
stage1,4,232,2.9191147829405963,0.9924166666666666,1.6759071331471205,0.9428
stage1,4,233,2.9467344130389392,0.9926166666666667,1.5330112800002098,0.9319
stage1,4,234,3.358315181452781,0.9909666666666667,2.4122887700796127,0.956
stage1,4,235,4.226017526350915,0.9894666666666667,1.8093716725707054,0.9081
stage1,4,236,3.503394047729671,0.99075,1.5793375447392464,0.9336
stage1,4,237,2.7987870136275887,0.9932166666666666,1.786855272948742,0.9579
stage1,4,238,3.1547524495981634,0.9924333333333333,1.739539848640561,0.9337
stage1,4,239,2.613471637479961,0.9933833333333333,1.3789487928152084,0.9526
stage1,4,240,2.667982979444787,0.9934333333333333,1.5998987387865782,0.9108
stage1,4,241,2.490037542069331,0.9939,1.5046046674251556,0.9511
stage1,4,242,2.3977534708101302,0.99375,1.5253465427085757,0.928
stage1,4,243,2.795663775410503,0.9929833333333333,1.9258939996361732,0.9253
stage1,4,244,4.2472330164164305,0.9893166666666666,1.685609613545239,0.9277
stage1,4,245,2.486878256080672,0.9936666666666667,1.4390282537788153,0.9583
stage1,4,246,4.155823726207018,0.9893666666666666,1.994354922324419,0.9091
stage1,4,247,3.4888780401088297,0.9909333333333333,1.7693064408376813,0.9379
stage1,4,248,3.013845352921635,0.9924166666666666,1.4513336978852749,0.9577
stage1,4,249,2.8164501334540546,0.9925,1.6066021528095007,0.9343
stage1,4,250,2.70489812316373,0.9931333333333333,4.351882785558701,0.891
stage1,4,251,4.606746319681406,0.9880833333333333,1.5595740340650082,0.9282
stage1,4,252,3.0034302938729525,0.9922,1.739803334698081,0.9206
stage1,4,253,2.862263930030167,0.9930166666666667,1.7266868483275175,0.9079
stage1,4,254,3.0043793376535177,0.9923166666666666,1.5930711459368467,0.9383
stage1,4,255,3.3705290546640754,0.9918333333333333,1.5107935154810548,0.9366
stage1,4,256,2.6384723554365337,0.9931166666666666,1.4843146484345198,0.9398
stage1,4,257,2.354712300002575,0.9942,1.4197172848507762,0.9525
stage1,4,258,2.1834156424738467,0.9945666666666667,1.7397131081670523,0.9374
stage1,4,259,3.4484637388959527,0.99135,1.7124133966863155,0.9204
stage1,4,260,2.982112877070904,0.9925,1.5134413582272828,0.9563
stage1,4,261,3.577127892524004,0.9908333333333333,1.4247203320264816,0.9482
stage1,4,262,2.9404110149480402,0.99235,1.6328798923641443,0.9415
stage1,4,263,2.6473808521404862,0.9934333333333333,1.6654409728944302,0.9562
stage1,4,264,1.9337801483343355,0.9950666666666667,1.6488415841013193,0.9477
stage1,4,265,3.73242155672051,0.9905666666666667,1.5130435191094875,0.9398
stage1,4,266,2.1649160836823285,0.99475,1.681196115911007,0.9595
stage1,4,267,3.6721953721717,0.9903833333333333,1.4638745170086622,0.9476
stage1,4,268,2.9037674572318792,0.99235,1.6524356910958886,0.9497
stage1,4,269,2.7538806912489235,0.99325,1.4467374393716455,0.9477
stage1,4,270,2.675582876894623,0.9932333333333333,1.5634333016350865,0.935
stage1,4,271,3.9670293806120753,0.9897833333333333,1.7943829484283924,0.9582
stage1,4,272,3.6877070674672723,0.9901,1.54136086627841,0.9528
stage1,4,273,2.56725042196922,0.9933333333333333,1.4548104153946042,0.9476
stage1,4,274,2.1519362495746464,0.9947833333333334,1.487673282623291,0.9339
stage1,4,275,3.090592047199607,0.9916833333333334,1.5304798800498247,0.9421
stage1,4,276,2.9583412795327604,0.99225,1.6396915945224464,0.9451
stage1,4,277,4.2575012180022895,0.9890166666666667,1.5583514031022787,0.941
stage1,4,278,1.9416304264450446,0.9951,1.5713422801345587,0.9414
stage1,4,279,1.8718025254784152,0.9951666666666666,1.613792110234499,0.9566
stage1,4,280,2.1189772826619446,0.99485,1.674539822153747,0.9384
stage1,4,281,2.2100835335440934,0.9941333333333333,1.5840191505849361,0.929
stage1,4,282,2.6086854254826903,0.9930333333333333,1.7805610410869122,0.9133
stage1,4,283,2.016075235325843,0.9946666666666667,1.7837979532778263,0.9146
stage1,4,284,4.282875487580895,0.98935,1.4179885715711862,0.9552
stage1,4,285,3.1256381324492395,0.9919666666666667,3.0536851808428764,0.8832
stage1,4,286,2.8727910325396806,0.9924833333333334,1.5464093387126923,0.9243
stage1,4,287,2.0013408905360848,0.99485,1.4862939156591892,0.9566
stage1,4,288,2.7326409665402025,0.9933166666666666,1.5751394056715071,0.9512
stage1,4,289,2.2758371110539883,0.9942666666666666,1.7746484596282244,0.9458
stage1,4,290,2.5554185803048313,0.9931666666666666,1.8646893529221416,0.9045
stage1,4,291,2.7023232774809003,0.9932666666666666,1.4248247472569346,0.9528
stage1,4,292,1.8881300303619355,0.9952333333333333,1.4933919459581375,0.9645
stage1,4,293,2.668154782615602,0.9930833333333333,2.231330653652549,0.93
stage1,4,294,3.6342474713455886,0.9907833333333333,1.620842575095594,0.9536
stage1,4,295,3.6381203392520547,0.9903166666666666,1.8752198778092861,0.9403
stage1,4,296,3.5908361189067364,0.9909666666666667,1.4982035867869854,0.9429
stage1,4,297,2.810092034516856,0.9926333333333334,1.7296238727867603,0.9505
stage1,4,298,1.7648313061799854,0.9956833333333334,1.4576842533424497,0.9608
stage1,4,299,2.2122775211464614,0.9941166666666666,1.7315728478133678,0.9381
stage1,4,300,1.9230864234268665,0.9950666666666667,1.5705169569700956,0.9399
stage1,5,1,226.21229994297028,0.28196666666666664,29.943739652633667,0.1591
stage1,5,2,156.45364558696747,0.50765,23.361196994781494,0.2305
stage1,5,3,122.49877893924713,0.6216666666666667,19.091447412967682,0.416
stage1,5,4,100.97941029071808,0.6920666666666667,16.087511122226715,0.426
stage1,5,5,84.27876365184784,0.75685,13.951899826526642,0.5706
stage1,5,6,71.06168812513351,0.8100333333333334,11.072372883558273,0.5973
stage1,5,7,58.32623392343521,0.8498833333333333,8.984886169433594,0.6068
stage1,5,8,49.355364233255386,0.8745,7.7732622772455215,0.6739
stage1,5,9,45.435519844293594,0.8837666666666667,8.159820586442947,0.6688
stage1,5,10,41.07759639620781,0.8974666666666666,6.407374247908592,0.6571
stage1,5,11,38.148803651332855,0.90435,6.034464165568352,0.721
stage1,5,12,35.71863779425621,0.91145,5.338411547243595,0.7164
stage1,5,13,32.34849628806114,0.9212333333333333,6.119524225592613,0.6316
stage1,5,14,30.56966406106949,0.9243,5.044282644987106,0.7742
stage1,5,15,29.15639965236187,0.9288166666666666,5.106121815741062,0.8274
stage1,5,16,28.115981727838516,0.9305666666666667,4.548875048756599,0.7512
stage1,5,17,27.240618139505386,0.93335,4.404735721647739,0.7903
stage1,5,18,25.2533390969038,0.9385666666666667,4.215776324272156,0.7804
stage1,5,19,24.698266446590424,0.9394333333333333,4.3912117928266525,0.8002
stage1,5,20,24.920643240213394,0.9397166666666666,4.301535978913307,0.7903
stage1,5,21,23.29324759542942,0.9437166666666666,4.571021407842636,0.7748
stage1,5,22,22.526799082756042,0.9456,5.28458359092474,0.6466
stage1,5,23,21.54091139137745,0.9479666666666666,4.106782495975494,0.7477
stage1,5,24,20.817007958889008,0.9488333333333333,3.7447670847177505,0.8187
stage1,5,25,20.331245556473732,0.95045,4.119231082499027,0.7579
stage1,5,26,19.830006651580334,0.9519,3.923635959625244,0.7841
stage1,5,27,19.11719262599945,0.9537,3.6394837014377117,0.8081
stage1,5,28,19.914349764585495,0.9511166666666667,3.4178553000092506,0.7845
stage1,5,29,18.219616927206516,0.95565,3.3787574246525764,0.8463
stage1,5,30,18.85896673053503,0.9533333333333334,4.000996857881546,0.7168
stage1,5,31,16.635123901069164,0.9592,3.0325006656348705,0.8077
stage1,5,32,16.348099417984486,0.96035,3.290811099112034,0.8014
stage1,5,33,16.6477190554142,0.9593833333333334,3.373965471982956,0.8101
stage1,5,34,15.724259950220585,0.9617166666666667,2.888625543564558,0.86
stage1,5,35,15.842761255800724,0.9614833333333334,2.9363612085580826,0.8267
stage1,5,36,15.012222304940224,0.9631333333333333,2.847466815263033,0.8031
stage1,5,37,15.065491639077663,0.9626333333333333,2.964393552392721,0.7945
stage1,5,38,15.169630274176598,0.9628333333333333,3.230381153523922,0.8376
stage1,5,39,15.198090633377433,0.9624,2.970552694052458,0.8225
stage1,5,40,14.31673377007246,0.9655833333333333,3.1022607758641243,0.8563
stage1,5,41,13.975143648684025,0.96545,2.951953761279583,0.821
stage1,5,42,14.19961454719305,0.9653333333333334,2.8736593276262283,0.8411
stage1,5,43,13.177081894129515,0.96715,2.924425896257162,0.8465
stage1,5,44,13.589452888816595,0.9664,2.753366831690073,0.817
stage1,5,45,13.030142679810524,0.9672333333333333,2.79031116142869,0.8335
stage1,5,46,12.473323594778776,0.9693666666666667,2.572367588058114,0.7999
stage1,5,47,12.347588900476694,0.9698833333333333,2.8038923665881157,0.8533
stage1,5,48,13.20106953009963,0.96715,2.634139245375991,0.8413
stage1,5,49,12.113685920834541,0.9700666666666666,2.5184610951691866,0.859
stage1,5,50,12.51733136549592,0.9690666666666666,2.867997635155916,0.784
stage1,5,51,12.633792515844107,0.9688666666666667,3.2490552105009556,0.8587
stage1,5,52,12.321183573454618,0.9698833333333333,2.567852471023798,0.8609
stage1,5,53,12.265197061002254,0.96975,3.011491570621729,0.8484
stage1,5,54,12.70453630760312,0.9694833333333334,2.8402142208069563,0.8597
stage1,5,55,11.793119087815285,0.9709333333333333,2.5831448547542095,0.8694
stage1,5,56,12.043845489621162,0.9705,2.6977848894894123,0.848
stage1,5,57,10.88744580745697,0.9728,3.8400643542408943,0.7493
stage1,5,58,11.500629547983408,0.97225,3.7170266434550285,0.8486
stage1,5,59,11.450573045760393,0.9718833333333333,3.3737404085695744,0.8587
stage1,5,60,11.00275993347168,0.9725833333333334,2.3989872373640537,0.8706
stage1,5,61,10.42461958900094,0.9740666666666666,2.8950353749096394,0.7905
stage1,5,62,10.72829781472683,0.9733333333333334,2.210933543741703,0.8917
stage1,5,63,10.832899160683155,0.9728166666666667,2.421979892998934,0.8308
stage1,5,64,10.401667304337025,0.9736,2.290784591808915,0.8717
stage1,5,65,10.748799193650484,0.9732333333333333,2.5312417801469564,0.885
stage1,5,66,10.333790756762028,0.9747666666666667,2.542549192905426,0.8734
stage1,5,67,10.508526291698217,0.9731833333333333,2.367901001125574,0.8557
stage1,5,68,9.881072111427784,0.9748,2.380031380802393,0.8482
stage1,5,69,10.441100981086493,0.9741,2.2651977837085724,0.8285
stage1,5,70,9.257584914565086,0.97685,2.2158326264470816,0.887
stage1,5,71,9.685110554099083,0.9759,2.448263071477413,0.8515
stage1,5,72,9.731776781380177,0.976,2.894651088863611,0.7886
stage1,5,73,10.427701693028212,0.9741333333333333,2.4033804424107075,0.8566
stage1,5,74,9.598701555281878,0.9761666666666666,2.4387235064059496,0.872
stage1,5,75,9.500094756484032,0.9762166666666666,2.8234314881265163,0.8753
stage1,5,76,8.911321185529232,0.97775,2.1360924690961838,0.9025
stage1,5,77,9.893420789390802,0.9750666666666666,2.1075855139642954,0.902
stage1,5,78,9.16731558740139,0.97665,2.352061679586768,0.8783
stage1,5,79,8.99429395981133,0.9772166666666666,2.2968274019658566,0.8083
stage1,5,80,9.216588580980897,0.97715,2.089702356606722,0.8596
stage1,5,81,8.642505373805761,0.9778,2.8132811170071363,0.8308
stage1,5,82,8.766372431069613,0.9786666666666667,2.580592317506671,0.9117
stage1,5,83,8.963870845735073,0.977,2.6399576757103205,0.8509
stage1,5,84,9.110610807314515,0.97665,2.223108895123005,0.886
stage1,5,85,8.39899242296815,0.9794,2.4192546028643847,0.8548
stage1,5,86,8.597757311537862,0.9783166666666666,2.384770680218935,0.8978
stage1,5,87,8.216376923024654,0.9793333333333333,2.0940727163106203,0.8804
stage1,5,88,8.523353576660156,0.9782833333333333,2.541943846270442,0.8569
stage1,5,89,8.244299441576004,0.9793,2.1872599236667156,0.8795
stage1,5,90,8.632375141605735,0.9786333333333334,2.073913887143135,0.853
stage1,5,91,8.759298589080572,0.9778833333333333,2.1084557715803385,0.8773
stage1,5,92,7.877957854419947,0.9798333333333333,2.464125609025359,0.8821
stage1,5,93,7.876943077892065,0.9801833333333333,2.0057917200028896,0.8586
stage1,5,94,8.070524809882045,0.9794833333333334,2.310535265132785,0.8317
stage1,5,95,8.040544860064983,0.9792333333333333,2.4891948010772467,0.8744
stage1,5,96,8.066687813028693,0.97995,2.2461095582693815,0.8756
stage1,5,97,7.88630105368793,0.9797,2.492793397977948,0.8052
stage1,5,98,8.050086503848433,0.9797333333333333,2.1438643112778664,0.8698
stage1,5,99,7.218920484185219,0.9815833333333334,2.1534810392186046,0.8687
stage1,5,100,7.034602388739586,0.98265,2.0632106103003025,0.8801
stage1,5,101,8.06563264131546,0.9802166666666666,2.099658749997616,0.8738
stage1,5,102,8.298138471320271,0.97925,2.5656325556337833,0.8956
stage1,5,103,7.635695729404688,0.9808833333333333,2.3220114950090647,0.8261
stage1,5,104,7.722669837996364,0.9806166666666667,2.346369918435812,0.8862
stage1,5,105,7.434420319274068,0.9812166666666666,2.156789295375347,0.8031
stage1,5,106,7.281009074300528,0.9811833333333333,2.3649358935654163,0.8804
stage1,5,107,7.992012767121196,0.98015,1.9701879266649485,0.9058
stage1,5,108,6.974603474140167,0.9823666666666667,2.223791344091296,0.8586
stage1,5,109,6.818152347579598,0.98255,1.9540556725114584,0.8902
stage1,5,110,6.9899744633585215,0.9819833333333333,3.329735152423382,0.7947
stage1,5,111,7.630173562094569,0.9806666666666667,1.8945203367620707,0.8763
stage1,5,112,6.621747180819511,0.9828333333333333,2.0438696816563606,0.8666
stage1,5,113,7.839220605790615,0.9801,1.9835690688341856,0.8764
stage1,5,114,6.661710299551487,0.98325,2.324505392462015,0.9136
stage1,5,115,7.168488034978509,0.9814333333333334,2.2474710792303085,0.8752
stage1,5,116,6.466109577566385,0.9839833333333333,2.354024400934577,0.8385
stage1,5,117,8.002121286466718,0.9801166666666666,2.4188112318515778,0.8249
stage1,5,118,6.698819978162646,0.9837833333333333,2.603504190221429,0.8727
stage1,5,119,6.492028567939997,0.9841166666666666,1.9893322177231312,0.8685
stage1,5,120,6.44495815038681,0.9834833333333334,2.294493095949292,0.8665
stage1,5,121,9.101863211020827,0.9777,2.6422091647982597,0.8323
stage1,5,122,6.553033058531582,0.9828666666666667,2.0832414850592613,0.8655
stage1,5,123,5.910289470106363,0.9849,2.1769412364810705,0.8354
stage1,5,124,6.5168895199894905,0.9832166666666666,2.2071634139865637,0.8353
stage1,5,125,6.214915314689279,0.9845166666666667,2.5586507692933083,0.8673
stage1,5,126,6.226817836984992,0.98395,2.2561140805482864,0.88
stage1,5,127,6.042657814919949,0.9848166666666667,2.112052299082279,0.8536
stage1,5,128,6.926600845530629,0.9831833333333333,2.302157571539283,0.8656
stage1,5,129,6.183738820254803,0.9848333333333333,2.0235549341887236,0.8132
stage1,5,130,5.515341290272772,0.9865833333333334,2.0070758210495114,0.8227
stage1,5,131,6.402636781334877,0.9841666666666666,2.5497062988579273,0.8695
stage1,5,132,6.190642518922687,0.9845666666666667,2.1038538925349712,0.8611
stage1,5,133,5.612598134204745,0.9853166666666666,1.88352354709059,0.8425
stage1,5,134,6.2043770318850875,0.9842666666666666,2.708486506715417,0.8641
stage1,5,135,6.577220246195793,0.9829333333333333,2.133367421105504,0.8905
stage1,5,136,6.016755884513259,0.9846333333333334,2.0374550712294877,0.8873
stage1,5,137,7.209605619311333,0.9817166666666667,2.2052658814936876,0.9073
stage1,5,138,5.475769081152976,0.98605,2.0234820749610662,0.8628
stage1,5,139,5.3834344781935215,0.9861,2.493712430819869,0.8198
stage1,5,140,5.3161493660882115,0.98625,2.036736950278282,0.8755
stage1,5,141,6.740969670936465,0.9832,2.416125811636448,0.8818
stage1,5,142,6.490016263909638,0.9834833333333334,2.688965577632189,0.9059
stage1,5,143,5.499183710664511,0.98635,2.214060670696199,0.8718
stage1,5,144,5.965070907026529,0.98535,2.0877748923376203,0.849
stage1,5,145,5.276369147002697,0.9873833333333333,2.242633655667305,0.8299
stage1,5,146,5.321832520887256,0.9860666666666666,2.09623016230762,0.868
stage1,5,147,5.930660169571638,0.9849666666666667,2.136141547933221,0.8439
stage1,5,148,5.6045549139380455,0.9855666666666667,1.9951156000606716,0.8577
stage1,5,149,7.105464486405253,0.9818,2.372574795037508,0.8759
stage1,5,150,6.056036497466266,0.9849,1.9137817956507206,0.8752
stage1,5,151,5.132113141007721,0.9868833333333333,2.0159524027258158,0.8812
stage1,5,152,4.984631062485278,0.9874166666666667,2.1684008836746216,0.8967
stage1,5,153,6.026185967028141,0.9848333333333333,2.4025702737271786,0.9057
stage1,5,154,5.366587541997433,0.9866,2.4533153288066387,0.8335
stage1,5,155,5.105544481426477,0.98695,1.8954048668965697,0.8904
stage1,5,156,5.453682870604098,0.9866333333333334,1.9438601862639189,0.9069
stage1,5,157,5.494530237279832,0.9861833333333333,2.134894620627165,0.8572
stage1,5,158,5.7303037736564875,0.9852,2.25715090893209,0.8995
stage1,5,159,5.261372875422239,0.9863833333333333,1.9169881790876389,0.8654
stage1,5,160,6.019089012406766,0.9849833333333333,2.5951737109571695,0.8583
stage1,5,161,5.2878297893330455,0.9865666666666667,2.08541873190552,0.8954
stage1,5,162,4.9742234367877245,0.9875833333333334,2.032574008218944,0.8581
stage1,5,163,5.158934575505555,0.9869333333333333,2.1959304455667734,0.8628
stage1,5,164,5.257788013666868,0.9867833333333333,1.9186211712658405,0.9154
stage1,5,165,4.680456999223679,0.9882333333333333,1.916369240731001,0.8804
stage1,5,166,4.828568358905613,0.9878666666666667,2.458057126030326,0.8922
stage1,5,167,5.9420659290626645,0.9856666666666667,1.982265517115593,0.8981
stage1,5,168,5.676336919888854,0.9856833333333334,2.161967769265175,0.8631
stage1,5,169,4.8942538276314735,0.9873833333333333,1.9084623586386442,0.8398
stage1,5,170,5.170358512550592,0.9865333333333334,2.133098905906081,0.8949
stage1,5,171,5.27652208507061,0.9867166666666667,1.9399004569277167,0.8921
stage1,5,172,4.6540946224704385,0.9880166666666667,2.006169179454446,0.8932
stage1,5,173,5.2142562652006745,0.9865333333333334,2.098869424313307,0.8745
stage1,5,174,4.928098983131349,0.9871333333333333,2.123142635449767,0.8576
stage1,5,175,5.207438202574849,0.9869333333333333,2.4122657887637615,0.8295
stage1,5,176,5.595391085371375,0.9859666666666667,2.192690946161747,0.8641
stage1,5,177,5.923209639266133,0.9850833333333333,2.077462101355195,0.8871
stage1,5,178,5.178973130881786,0.9864666666666667,2.127039677463472,0.9133
stage1,5,179,4.563050108030438,0.9887833333333333,2.155098906252533,0.8675
stage1,5,180,4.866682609543204,0.9877666666666667,1.8100780807435513,0.8875
stage1,5,181,4.8352823397144675,0.98755,1.937227452173829,0.8933
stage1,5,182,4.524697394110262,0.98875,2.0593816731125116,0.841
stage1,5,183,4.162681504152715,0.98945,2.0781128127127886,0.868
stage1,5,184,5.472635634243488,0.986,2.1574797444045544,0.8862
stage1,5,185,5.490776172839105,0.9866333333333334,1.9922681488096714,0.8718
stage1,5,186,5.7130569983273745,0.98555,2.1913418620824814,0.8489
stage1,5,187,5.338099593296647,0.9869666666666667,1.9489373043179512,0.8702
stage1,5,188,5.227210440672934,0.98685,2.0045182164758444,0.8574
stage1,5,189,4.571278024464846,0.9881666666666666,2.439031705260277,0.8368
stage1,5,190,5.838919574394822,0.9849666666666667,2.041705315001309,0.8843
stage1,5,191,4.48547412827611,0.9891,2.0532707683742046,0.8647
stage1,5,192,4.487990764901042,0.9889166666666667,1.9602453457191586,0.8795
stage1,5,193,4.702293271198869,0.9886333333333334,1.9890503752976656,0.9033
stage1,5,194,4.706218522042036,0.98785,2.004566516727209,0.9186
stage1,5,195,4.5565442852675915,0.9884833333333334,2.2772702872753143,0.8878
stage1,5,196,4.596362889744341,0.9878333333333333,2.1835619853809476,0.869
stage1,5,197,4.787494329735637,0.9877833333333333,2.085044128354639,0.8972
stage1,5,198,4.334241881035268,0.9895,2.0150705333799124,0.8952
stage1,5,199,4.221754103899002,0.9889666666666667,1.8633782789111137,0.9063
stage1,5,200,4.551247984170914,0.9885666666666667,1.9644134622067213,0.8677
stage1,5,201,4.483482411131263,0.9883833333333333,1.9374076621606946,0.8845
stage1,5,202,3.8293535811826587,0.9900166666666667,1.9766382649540901,0.8813
stage1,5,203,4.4843016469385475,0.9884,2.4004609249532223,0.8378
stage1,5,204,4.306593149900436,0.9891333333333333,1.9999794661998749,0.8982
stage1,5,205,4.267901487182826,0.9890833333333333,2.0027840663678944,0.9032
stage1,5,206,4.60497784242034,0.98805,2.0131033714860678,0.8548
stage1,5,207,4.248352723196149,0.9891333333333333,1.9208189509809017,0.9122
stage1,5,208,4.686889151111245,0.9877833333333333,2.2572599425911903,0.8411
stage1,5,209,3.9533312879502773,0.9900333333333333,1.920895322225988,0.9063
stage1,5,210,5.264554583001882,0.9866833333333334,2.143311893567443,0.9034
stage1,5,211,4.111870851367712,0.9896,1.8574337093159556,0.8727
stage1,5,212,4.109157853759825,0.9893666666666666,2.089570539072156,0.8916
stage1,5,213,5.610709864646196,0.9852833333333333,2.1664037331938744,0.9028
stage1,5,214,4.561229040380567,0.9879833333333333,1.9510665610432625,0.8798
stage1,5,215,3.7760304817929864,0.9907333333333334,1.8954459317028522,0.8838
stage1,5,216,3.4670108603313565,0.9911166666666666,1.957655985839665,0.9119
stage1,5,217,4.506682480685413,0.9881166666666666,2.734636977314949,0.8066
stage1,5,218,4.127197863999754,0.9892833333333333,2.010941782966256,0.9027
stage1,5,219,4.0784891727380455,0.9894166666666667,1.9998908396810293,0.8885
stage1,5,220,3.590433444827795,0.9904,2.0281085246242583,0.8908
stage1,5,221,4.219868136569858,0.9884833333333334,2.13860254175961,0.8329
stage1,5,222,5.103879552334547,0.9872333333333333,2.283234402537346,0.9024
stage1,5,223,5.163797654211521,0.9867,2.106057154946029,0.8554
stage1,5,224,4.209355132654309,0.9895,2.1444715596735477,0.9082
stage1,5,225,5.929598661139607,0.985,2.039158866740763,0.871
stage1,5,226,4.1964789954945445,0.989,1.9147933619096875,0.9082
stage1,5,227,4.0050748297944665,0.9896666666666667,2.0081716114655137,0.8992
stage1,5,228,3.0175769617781043,0.9923333333333333,2.340005349367857,0.8957
stage1,5,229,4.234817282296717,0.98895,1.976037529297173,0.8571
stage1,5,230,5.138509594835341,0.9868166666666667,2.1253587175160646,0.9001
stage1,5,231,4.4751352202147245,0.98845,2.1557575836777687,0.8667
stage1,5,232,3.8914668913930655,0.9901833333333333,2.1738495491445065,0.862
stage1,5,233,6.033706379588693,0.9848833333333333,2.1842050021514297,0.8954
stage1,5,234,3.4838825510814786,0.9912666666666666,2.0416502822190523,0.8941
stage1,5,235,4.287846443243325,0.98985,2.1592076309025288,0.869
stage1,5,236,4.224214253714308,0.9891166666666666,2.032252289354801,0.8855
stage1,5,237,3.200760994106531,0.9919333333333333,1.810779514722526,0.8767
stage1,5,238,3.766811097972095,0.9903333333333333,1.8447993323206902,0.8699
stage1,5,239,4.422539703082293,0.9883833333333333,2.504536133259535,0.8925
stage1,5,240,3.7695254855789244,0.9907166666666667,2.5632989779114723,0.8647
stage1,5,241,4.109655117616057,0.9892166666666666,2.0379570070654154,0.8834
stage1,5,242,3.408159124199301,0.9914666666666667,1.8452821783721447,0.8825
stage1,5,243,3.2553878440521657,0.9918333333333333,2.161453790962696,0.8688
stage1,5,244,4.2660881001502275,0.98915,2.2534851487725973,0.9044
stage1,5,245,3.844036861555651,0.9900333333333333,2.267804678529501,0.8797
stage1,5,246,4.170903539750725,0.9893833333333333,2.124207186512649,0.8864
stage1,5,247,3.891722310334444,0.9899666666666667,2.1605111993849277,0.8788
stage1,5,248,3.2012371188029647,0.9917666666666667,2.3680243380367756,0.831
stage1,5,249,4.165980133228004,0.9889666666666667,2.561416791751981,0.8681
stage1,5,250,4.429516846314073,0.9887333333333334,2.3578702406957746,0.9271
stage1,5,251,4.3477554358541965,0.9888166666666667,2.13993670232594,0.9024
stage1,5,252,4.048817130737007,0.9892666666666666,1.9774493826553226,0.8673
stage1,5,253,4.807605215348303,0.9875666666666667,1.8697138633579016,0.8995
stage1,5,254,2.9871616028249264,0.9922166666666666,2.1776045970618725,0.859
stage1,5,255,3.8480036524124444,0.9904166666666666,1.7676703035831451,0.8818
stage1,5,256,3.437679762020707,0.99075,2.074492609128356,0.8967
stage1,5,257,3.8062972868792713,0.99065,1.9669060809537768,0.8847
stage1,5,258,3.3812787169590592,0.9912333333333333,1.9104237910360098,0.8832
stage1,5,259,3.209603777853772,0.9916833333333334,1.9553056005388498,0.8816
stage1,5,260,3.9481468782760203,0.98995,2.306282714009285,0.8921
stage1,5,261,3.8031516866758466,0.9904,1.9040710153058171,0.8924
stage1,5,262,3.368101396597922,0.9911333333333333,1.987301885150373,0.9168
stage1,5,263,3.133281834423542,0.9920166666666667,2.152938817627728,0.8754
stage1,5,264,3.7357105957344174,0.9905,2.1038907915353775,0.8973
stage1,5,265,4.157447064295411,0.9891666666666666,1.9011806724593043,0.8636
stage1,5,266,4.925070535391569,0.9874833333333334,1.899979050271213,0.8781
stage1,5,267,4.031086442060769,0.9898166666666667,2.2032488072291017,0.8407
stage1,5,268,2.9085739478468895,0.9927333333333334,1.999204982072115,0.8859
stage1,5,269,3.4608072517439723,0.9912333333333333,2.3927530348300934,0.8261
stage1,5,270,3.8969260500743985,0.9898333333333333,2.1373183047398925,0.9077
stage1,5,271,3.268594701308757,0.9921833333333333,2.1396250631660223,0.8614
stage1,5,272,3.222707104869187,0.99155,2.1152212638407946,0.9018
stage1,5,273,3.2966795973479748,0.9915166666666667,1.9662993727251887,0.8731
stage1,5,274,3.6645131735131145,0.9903833333333333,2.1736025400459766,0.8532
stage1,5,275,2.998708183411509,0.99225,2.451341535896063,0.9128
stage1,5,276,3.73166600195691,0.9901666666666666,2.5732686407864094,0.8523
stage1,5,277,4.374927185475826,0.9885,2.6054160855710506,0.8928
stage1,5,278,4.583213306032121,0.9882,1.9632534570991993,0.8795
stage1,5,279,2.8263338855467737,0.99275,2.2211888898164034,0.9045
stage1,5,280,2.833101970143616,0.9926166666666667,2.05248109344393,0.903
stage1,5,281,3.089332113508135,0.9921333333333333,2.388422053307295,0.8524
stage1,5,282,3.5081592495553195,0.9912333333333333,2.0030526593327522,0.8844
stage1,5,283,2.9808784518390894,0.9922333333333333,2.0203899051994085,0.9119
stage1,5,284,2.583132852334529,0.9933166666666666,2.1909423721954226,0.8678
stage1,5,285,2.712853403761983,0.9931666666666666,2.161689953878522,0.8914
stage1,5,286,3.7312188362702727,0.9902333333333333,2.445355946198106,0.8472
stage1,5,287,2.957029797602445,0.99245,2.1645754519850016,0.851
stage1,5,288,4.567930310033262,0.9884,2.1186992786824703,0.8878
stage1,5,289,3.830253425054252,0.9902,1.935479611158371,0.8811
stage1,5,290,2.7967406967654824,0.99275,2.030805591493845,0.8809
stage1,5,291,2.7749213301576674,0.9929,2.437499638646841,0.8786
stage1,5,292,3.124300187919289,0.99195,1.9686723109334707,0.9032
stage1,5,293,4.072954728268087,0.9896166666666667,2.525842320173979,0.8651
stage1,5,294,4.124891081824899,0.9895666666666667,2.18197850510478,0.872
stage1,5,295,2.814975099521689,0.9926833333333334,2.022281499579549,0.92
stage1,5,296,3.1671257321722806,0.9920333333333333,2.2603041529655457,0.9203
stage1,5,297,4.495975883677602,0.9885,2.341599343344569,0.9373
stage1,5,298,3.5655798600055277,0.9907666666666667,2.192235382273793,0.8698
stage1,5,299,3.8047829046845436,0.9902666666666666,1.9052476081997156,0.9059
stage1,5,300,2.648314109072089,0.9932,2.103110872209072,0.869
stage2,1,1,236.5164166688919,0.39153333333333334,34.75976574420929,0.5065
stage2,1,2,192.8753446340561,0.6897166666666666,30.92763912677765,0.6568
stage2,1,3,174.2425675392151,0.77905,28.23495638370514,0.7099
stage2,1,4,161.97551131248474,0.81755,26.710200309753418,0.7185
stage2,1,5,153.7255036830902,0.8399333333333333,25.83013892173767,0.7326
stage2,1,6,147.17967581748962,0.8587166666666667,24.514324188232422,0.7848
stage2,1,7,142.38028824329376,0.8679,23.499938011169434,0.8189
stage2,1,8,138.486132979393,0.875,23.1101975440979,0.8146
stage2,1,9,134.72188818454742,0.88285,23.041696190834045,0.8343
stage2,1,10,132.68686735630035,0.8836666666666667,22.318599104881287,0.8433
stage2,1,11,130.3160047531128,0.8888333333333334,21.82905352115631,0.8571
stage2,1,12,128.95277607440948,0.8898,21.930605232715607,0.8449
stage2,1,13,126.7669380903244,0.8948,21.16026198863983,0.8653
stage2,1,14,124.53006315231323,0.8995333333333333,20.79231745004654,0.8897
stage2,1,15,123.05606949329376,0.9032666666666667,20.501572132110596,0.9002
stage2,1,16,122.1693172454834,0.9031666666666667,20.79262286424637,0.8833
stage2,1,17,120.79875421524048,0.90645,20.239159882068634,0.9021
stage2,1,18,119.75772941112518,0.90925,20.522257387638092,0.8914
stage2,1,19,119.44090282917023,0.9081833333333333,20.679113686084747,0.894
stage2,1,20,119.09994661808014,0.9082833333333333,20.077742874622345,0.9028
stage2,1,21,118.19405543804169,0.9099833333333334,20.316738843917847,0.881
stage2,1,22,117.5719376206398,0.9122166666666667,19.752292454242706,0.9089
stage2,1,23,116.37904757261276,0.9148,20.36936628818512,0.8921
stage2,1,24,116.47488743066788,0.9134833333333333,20.029095768928528,0.8944
stage2,1,25,115.46002388000488,0.9167333333333333,19.257640540599823,0.9224
stage2,1,26,115.15328073501587,0.9161833333333333,19.478003084659576,0.91
stage2,1,27,114.55202585458755,0.91845,19.46020418405533,0.92
stage2,1,28,113.87795460224152,0.9207,19.605596840381622,0.9087
stage2,1,29,113.82136303186417,0.9193666666666667,19.535589337348938,0.9042
stage2,1,30,112.93577998876572,0.9224,19.58755922317505,0.9049
stage2,1,31,112.86557692289352,0.9215166666666667,18.96868634223938,0.9201
stage2,1,32,110.77073162794113,0.9293833333333333,18.90821933746338,0.921
stage2,1,33,111.12344968318939,0.9257166666666666,18.594661056995392,0.9279
stage2,1,34,110.97507607936859,0.9252,19.037762343883514,0.9133
stage2,1,35,111.17520505189896,0.9224666666666667,18.658698081970215,0.927
stage2,1,36,110.08539187908173,0.9267166666666666,19.08599317073822,0.9114
stage2,1,37,109.62077683210373,0.9280833333333334,18.348983228206635,0.9319
stage2,1,38,109.24365085363388,0.9283666666666667,18.621080696582794,0.921
stage2,1,39,109.57656699419022,0.9265833333333333,18.586524784564972,0.9238
stage2,1,40,108.73344242572784,0.9298666666666666,18.417091965675354,0.9272
stage2,1,41,108.70666885375977,0.9295333333333333,18.187182426452637,0.9315
stage2,1,42,108.25206238031387,0.93135,18.30173820257187,0.9269
stage2,1,43,108.5141264796257,0.9288333333333333,18.659458577632904,0.9198
stage2,1,44,108.16573894023895,0.92875,18.057346880435944,0.933
stage2,1,45,107.69345504045486,0.93105,18.179292380809784,0.9284
stage2,1,46,107.11818569898605,0.9329333333333333,18.266735434532166,0.9219
stage2,1,47,107.5738942027092,0.93095,18.246732890605927,0.9274
stage2,1,48,106.62315797805786,0.9337,18.14991855621338,0.9277
stage2,1,49,106.31593638658524,0.9343333333333333,18.023810148239136,0.9305
stage2,1,50,106.3924788236618,0.9337833333333333,18.5072158575058,0.9207
stage2,1,51,105.3854888677597,0.9372666666666667,18.219089150428772,0.9243
stage2,1,52,106.35139173269272,0.93265,18.102295458316803,0.9298
stage2,1,53,105.6127257347107,0.93505,18.125959753990173,0.9276
stage2,1,54,105.11418133974075,0.93685,18.08998715877533,0.925
stage2,1,55,104.40975344181061,0.9391833333333334,18.173782408237457,0.9231
stage2,1,56,105.26335781812668,0.9351833333333334,17.991726279258728,0.9278
stage2,1,57,104.77016776800156,0.9371666666666667,17.933159112930298,0.9292
stage2,1,58,104.8321545124054,0.9366333333333333,17.829016149044037,0.931
stage2,1,59,104.13858890533447,0.9385333333333333,17.99489027261734,0.9245
stage2,1,60,105.1899146437645,0.9332166666666667,17.77365553379059,0.9322
stage2,1,61,104.50114911794662,0.9368,17.54571884870529,0.9364
stage2,1,62,103.67778265476227,0.9389,17.903446555137634,0.9231
stage2,1,63,104.40398281812668,0.9365166666666667,17.567159831523895,0.9362
stage2,1,64,103.47184354066849,0.9393,17.602093398571014,0.9328
stage2,1,65,103.28382396697998,0.9394166666666667,17.53277885913849,0.9342
stage2,1,66,103.3738979101181,0.9372833333333334,17.57786101102829,0.9309
stage2,1,67,102.81816214323044,0.9394833333333333,18.23651683330536,0.917
stage2,1,68,102.8437215089798,0.9381333333333334,18.017557680606842,0.9217
stage2,1,69,103.74091202020645,0.9347,17.358362913131714,0.9365
stage2,1,70,102.4839471578598,0.93995,17.399757385253906,0.9347
stage2,1,71,102.2171379327774,0.9394166666666667,17.3116295337677,0.9373
stage2,1,72,102.15784418582916,0.9387333333333333,17.32370352745056,0.9347
stage2,1,73,101.22348237037659,0.9433666666666667,17.43550181388855,0.9338
stage2,1,74,102.00199449062347,0.9395,17.072930693626404,0.9416
stage2,1,75,101.72115015983582,0.9402666666666667,17.137344181537628,0.941
stage2,1,76,102.88929116725922,0.9347,17.377403259277344,0.934
stage2,1,77,101.3632920384407,0.94115,17.139597415924072,0.9412
stage2,1,78,101.24343729019165,0.9420833333333334,17.357348322868347,0.9328
stage2,1,79,101.4918931722641,0.94095,17.438010275363922,0.9292
stage2,1,80,101.52606225013733,0.9397666666666666,17.78815668821335,0.9214
stage2,1,81,100.6367506980896,0.9440333333333333,17.29881113767624,0.9355
stage2,1,82,100.94579887390137,0.9420166666666666,16.9812970161438,0.9406
stage2,1,83,101.05412137508392,0.9412,17.54597771167755,0.9259
stage2,1,84,101.17723649740219,0.9404333333333333,17.076758205890656,0.9401
stage2,1,85,101.5038058757782,0.9391666666666667,17.17037582397461,0.9383
stage2,1,86,101.28837448358536,0.93975,17.283562779426575,0.9352
stage2,1,87,101.0305215716362,0.9399833333333333,17.091877281665802,0.9373
stage2,1,88,101.30393475294113,0.93935,18.753344297409058,0.8931
stage2,1,89,102.18061697483063,0.9355666666666667,17.651749312877655,0.9197
stage2,1,90,101.2375328540802,0.9390166666666667,16.892948746681213,0.944
stage2,1,91,101.1027050614357,0.939,17.627989053726196,0.9242
stage2,1,92,100.62294834852219,0.9402833333333334,16.983779728412628,0.94
stage2,1,93,99.72051739692688,0.944,17.15263444185257,0.9339
stage2,1,94,100.09101015329361,0.9425666666666667,17.378481030464172,0.9303
stage2,1,95,101.15761309862137,0.93815,17.150822341442108,0.9328
stage2,1,96,100.4377653002739,0.9407333333333333,17.52903014421463,0.9226
stage2,1,97,99.17874109745026,0.9460666666666666,16.80925351381302,0.9415
stage2,1,98,99.91558104753494,0.9430833333333334,17.19610959291458,0.936
stage2,1,99,99.54216891527176,0.9440666666666667,16.944016873836517,0.9373
stage2,1,100,99.69883930683136,0.9434666666666667,17.32529240846634,0.9279
stage2,1,101,99.51623260974884,0.9438166666666666,16.9184929728508,0.9384
stage2,1,102,99.1613587141037,0.9458,16.907627165317535,0.9395
stage2,1,103,99.42899227142334,0.9448,17.80670988559723,0.913
stage2,1,104,99.20052522420883,0.9449166666666666,16.777543425559998,0.9425
stage2,1,105,98.87648075819016,0.9461833333333334,16.70601326227188,0.9451
stage2,1,106,98.92612540721893,0.9455666666666667,16.893616318702698,0.9395
stage2,1,107,99.72550064325333,0.9418833333333333,17.10650008916855,0.9355
stage2,1,108,100.26741987466812,0.9397833333333333,17.440465927124023,0.9243
stage2,1,109,99.65328484773636,0.9418666666666666,16.84802532196045,0.9427
stage2,1,110,98.85787588357925,0.94555,16.6710467338562,0.9468
stage2,1,111,98.29906159639359,0.9478166666666666,16.75134575366974,0.9442
stage2,1,112,98.63151359558105,0.9461166666666667,16.548292815685272,0.9495
stage2,1,113,98.48062193393707,0.94715,16.748676776885986,0.9415
stage2,1,114,98.7464509010315,0.9450833333333334,16.799966990947723,0.9395
stage2,1,115,99.06068277359009,0.9439,16.879193663597107,0.9386
stage2,1,116,99.17017084360123,0.9435333333333333,16.690408647060394,0.9453
stage2,1,117,98.78631383180618,0.9450333333333333,17.067138671875,0.9385
stage2,1,118,98.16470992565155,0.9475,16.708949744701385,0.9429
stage2,1,119,98.59187334775925,0.9455666666666667,16.99028569459915,0.9347
stage2,1,120,97.59556049108505,0.9494833333333333,16.954807817935944,0.9369
stage2,1,121,98.93709963560104,0.9446,17.66806846857071,0.9198
stage2,1,122,98.74907737970352,0.9448333333333333,17.03072041273117,0.938
stage2,1,123,97.93820303678513,0.9483333333333334,16.74592113494873,0.9412
stage2,1,124,98.37944620847702,0.9464166666666667,16.9500412940979,0.9364
stage2,1,125,98.79814511537552,0.9444,16.657900273799896,0.9458
stage2,1,126,98.55222743749619,0.9449,17.3286349773407,0.9269
stage2,1,127,99.44355005025864,0.94105,16.753886699676514,0.9404
stage2,1,128,98.89163213968277,0.9436833333333333,17.14859813451767,0.9319
stage2,1,129,98.57758235931396,0.9445666666666667,16.834505915641785,0.9417
stage2,1,130,97.4834395647049,0.9487666666666666,16.79524177312851,0.9405
stage2,1,131,97.9073116183281,0.9464833333333333,16.47408151626587,0.9456
stage2,1,132,97.52152621746063,0.9486166666666667,16.819996535778046,0.9395
stage2,1,133,97.43265038728714,0.9488833333333333,16.613630771636963,0.943
stage2,1,134,97.87934809923172,0.94675,17.084394872188568,0.9343
stage2,1,135,98.12160032987595,0.9457,16.56557273864746,0.9438
stage2,1,136,97.6747254729271,0.9471333333333334,16.584035277366638,0.9439
stage2,1,137,98.70268267393112,0.9428,16.74576586484909,0.9424
stage2,1,138,98.74146604537964,0.9421666666666667,16.625709414482117,0.9427
stage2,1,139,98.30175542831421,0.9449166666666666,16.832824766635895,0.9383
stage2,1,140,97.5659008026123,0.9471166666666667,17.050282180309296,0.9361
stage2,1,141,99.20779722929001,0.9405,16.702922523021698,0.9406
stage2,1,142,98.17084884643555,0.9443166666666667,16.71118950843811,0.9399
stage2,1,143,97.25883334875107,0.9480666666666666,17.215203285217285,0.9276
stage2,1,144,97.18775629997253,0.94875,16.8338041305542,0.9368
stage2,1,145,96.80780559778214,0.9492833333333334,16.401138365268707,0.9475
stage2,1,146,96.91877698898315,0.9489833333333333,17.03302550315857,0.9335
stage2,1,147,97.26581567525864,0.9480333333333333,16.42188584804535,0.9478
stage2,1,148,97.85499465465546,0.94505,16.676608622074127,0.942
stage2,1,149,97.41158705949783,0.9474333333333333,17.341135263442993,0.926
stage2,1,150,97.91149216890335,0.9449,16.719342589378357,0.9396
stage2,1,151,97.60484117269516,0.9465833333333333,16.82854723930359,0.9367
stage2,1,152,96.48671835660934,0.9512166666666667,17.867187321186066,0.9131
stage2,1,153,97.27755188941956,0.9468166666666666,16.94046574831009,0.9345
stage2,1,154,98.12114208936691,0.9437,16.717690408229828,0.9398
stage2,1,155,97.3949134349823,0.9469333333333333,16.679158568382263,0.9387
stage2,1,156,97.3407951593399,0.9466166666666667,16.579966187477112,0.9447
stage2,1,157,97.49447059631348,0.9458,16.34356653690338,0.9496
stage2,1,158,95.94270986318588,0.95245,16.35879695415497,0.9494
stage2,1,159,96.81813877820969,0.9489,16.710458874702454,0.9376
stage2,1,160,96.79843366146088,0.9485333333333333,17.00095295906067,0.9337
stage2,1,161,97.01664221286774,0.9477833333333333,16.483764469623566,0.9454
stage2,1,162,97.2841973900795,0.9461166666666667,16.557042062282562,0.9425
stage2,1,163,97.15258991718292,0.9459166666666666,16.51549381017685,0.9451
stage2,1,164,96.52357918024063,0.9486833333333333,16.55431419610977,0.9419
stage2,1,165,96.82140254974365,0.9475666666666667,17.409058570861816,0.9191
stage2,1,166,96.23772501945496,0.9491333333333334,16.713346540927887,0.9351
stage2,1,167,95.96368670463562,0.9499333333333333,16.296582400798798,0.9466
stage2,1,168,96.56444174051285,0.9473,16.30821418762207,0.9459
stage2,1,169,96.26817083358765,0.9486333333333333,16.42484724521637,0.9431
stage2,1,170,96.24798285961151,0.9482666666666667,17.298301577568054,0.9232
stage2,1,171,97.26818352937698,0.94485,16.647798538208008,0.9384
stage2,1,172,96.32425540685654,0.94815,16.33381164073944,0.9438
stage2,1,173,95.43426805734634,0.9518,16.530509412288666,0.9431
stage2,1,174,96.59594357013702,0.9467666666666666,16.454551696777344,0.9396
stage2,1,175,95.0550531744957,0.9529,16.748491048812866,0.9368
stage2,1,176,95.39507204294205,0.9515666666666667,16.60520350933075,0.9402
stage2,1,177,97.08926743268967,0.9444166666666667,16.84274470806122,0.9318
stage2,1,178,95.78004294633865,0.9498166666666666,16.240407049655914,0.948
stage2,1,179,95.85191744565964,0.94895,16.341482877731323,0.9451
stage2,1,180,96.32467180490494,0.94735,16.51796019077301,0.9424
stage2,1,181,96.04368591308594,0.94885,17.004720747470856,0.9279
stage2,1,182,96.10535424947739,0.9489333333333333,16.42887634038925,0.9445
stage2,1,183,95.39154833555222,0.9510333333333333,16.279401242733,0.9471
stage2,1,184,95.4066464304924,0.9511333333333334,16.363846242427826,0.946
stage2,1,185,95.36315876245499,0.9506333333333333,16.49557602405548,0.9437
stage2,1,186,96.64921051263809,0.9465666666666667,16.658470451831818,0.9387
stage2,1,187,96.44024699926376,0.9470833333333334,17.061274230480194,0.9261
stage2,1,188,96.68987035751343,0.945,16.139265656471252,0.9504
stage2,1,189,97.40030258893967,0.9427833333333333,17.06652921438217,0.924
stage2,1,190,96.4136683344841,0.9467666666666666,16.32415062189102,0.9445
stage2,1,191,96.65259754657745,0.9458666666666666,16.59346979856491,0.9383
stage2,1,192,95.79991090297699,0.9481833333333334,16.21422702074051,0.9483
stage2,1,193,96.27450811862946,0.9468,16.85247105360031,0.9333
stage2,1,194,96.16429096460342,0.9476,16.390257596969604,0.9421
stage2,1,195,95.87611484527588,0.9489166666666666,16.645581603050232,0.9356
stage2,1,196,97.39876508712769,0.9425833333333333,16.442956924438477,0.9439
stage2,1,197,95.75247818231583,0.9495,16.190414905548096,0.9494
stage2,1,198,95.68372946977615,0.9488,16.16991126537323,0.9474
stage2,1,199,94.82749688625336,0.9521,15.976703941822052,0.9553
stage2,1,200,94.52687281370163,0.9541,16.392461717128754,0.9423
stage2,1,201,94.86841630935669,0.9528166666666666,16.191905677318573,0.9478
stage2,1,202,95.5942531824112,0.9493833333333334,16.947109282016754,0.9287
stage2,1,203,95.64455717802048,0.9489833333333333,16.133269667625427,0.9482
stage2,1,204,94.47946459054947,0.9535,16.164869904518127,0.9503
stage2,1,205,97.20556688308716,0.9427333333333333,16.227169811725616,0.9439
stage2,1,206,96.79521971940994,0.9439166666666666,16.073683619499207,0.9508
stage2,1,207,95.48194909095764,0.9493833333333334,16.381886780261993,0.943
stage2,1,208,96.16693043708801,0.9455333333333333,16.55893850326538,0.9416
stage2,1,209,95.60303997993469,0.9481,16.05295020341873,0.9512
stage2,1,210,94.5991080403328,0.9516333333333333,16.525024950504303,0.9375
stage2,1,211,94.9913769364357,0.95035,16.596589744091034,0.9359
stage2,1,212,95.11522674560547,0.9492166666666667,16.18381977081299,0.9482
stage2,1,213,95.53515672683716,0.9473666666666667,16.12088644504547,0.9475
stage2,1,214,96.94494557380676,0.9417,16.227170407772064,0.9451
stage2,1,215,95.53498446941376,0.9484666666666667,16.117054283618927,0.9494
stage2,1,216,94.76339948177338,0.9513166666666667,15.888829708099365,0.9561
stage2,1,217,95.28257089853287,0.9489833333333333,16.536500811576843,0.9399
stage2,1,218,94.91599076986313,0.95,15.977462947368622,0.9548
stage2,1,219,94.54021060466766,0.9521333333333334,16.60503315925598,0.9368
stage2,1,220,94.55314487218857,0.9516666666666667,16.044423818588257,0.9515
stage2,1,221,94.99955463409424,0.9495833333333333,16.069710910320282,0.9489
stage2,1,222,95.24112141132355,0.9491666666666667,17.006255984306335,0.9255
stage2,1,223,94.48943489789963,0.95205,16.314739167690277,0.9454
stage2,1,224,94.59758973121643,0.95235,15.944127857685089,0.953
stage2,1,225,94.77758705615997,0.95085,16.27022922039032,0.9454
stage2,1,226,94.67564940452576,0.9508666666666666,15.88651591539383,0.953
stage2,1,227,93.4112901687622,0.9566,15.81755417585373,0.955
stage2,1,228,94.30413168668747,0.9525333333333333,16.35102641582489,0.942
stage2,1,229,94.13846170902252,0.9534833333333333,16.04859846830368,0.949
stage2,1,230,95.07085210084915,0.9489333333333333,16.062163174152374,0.9488
stage2,1,231,94.6054202914238,0.9509666666666666,16.602288722991943,0.936
stage2,1,232,94.99996775388718,0.94955,16.001116156578064,0.9506
stage2,1,233,94.3976137638092,0.9516333333333333,15.971001327037811,0.9499
stage2,1,234,94.65401738882065,0.9504666666666667,16.406013131141663,0.9433
stage2,1,235,95.43885219097137,0.9470166666666666,15.992017209529877,0.9516
stage2,1,236,95.15924274921417,0.9492,16.359995484352112,0.9414
stage2,1,237,95.59640002250671,0.9475666666666667,16.20371049642563,0.9461
stage2,1,238,94.57690435647964,0.9509666666666666,16.406813383102417,0.9381
stage2,1,239,94.93004357814789,0.9496333333333333,16.080393373966217,0.9493
stage2,1,240,94.24988031387329,0.9523666666666667,15.863130450248718,0.9541
stage2,1,241,94.6559745669365,0.9509166666666666,16.530090987682343,0.9371
stage2,1,242,95.36559909582138,0.9488,16.514163553714752,0.9376
stage2,1,243,95.56283271312714,0.94735,15.764544308185577,0.9562
stage2,1,244,95.54524278640747,0.94705,15.826099395751953,0.9556
stage2,1,245,94.21199780702591,0.9527666666666667,15.858315169811249,0.9546
stage2,1,246,94.46876108646393,0.9517666666666666,16.322650849819183,0.9434
stage2,1,247,94.13538640737534,0.9527166666666667,16.014433681964874,0.949
stage2,1,248,94.89906930923462,0.9499333333333333,16.060720562934875,0.9506
stage2,1,249,96.4562793970108,0.9428833333333333,16.591896414756775,0.9377
stage2,1,250,94.76071780920029,0.9499833333333333,16.187225222587585,0.9456
stage2,1,251,94.71309226751328,0.95025,16.107635617256165,0.9478
stage2,1,252,94.68885618448257,0.9504,16.009122371673584,0.9496
stage2,1,253,94.027070581913,0.9531833333333334,16.059618592262268,0.9481
stage2,1,254,94.60343605279922,0.95055,16.38123768568039,0.9417
stage2,1,255,94.42577332258224,0.9513666666666667,16.554976165294647,0.9371
stage2,1,256,94.06354254484177,0.9523,16.289002001285553,0.9431
stage2,1,257,93.61049181222916,0.95425,16.366095662117004,0.9417
stage2,1,258,94.88977801799774,0.9500833333333333,16.31767511367798,0.9396
stage2,1,259,95.4647666811943,0.9461833333333334,16.108750820159912,0.9477
stage2,1,260,94.4311518073082,0.9513333333333334,15.878965079784393,0.952
stage2,1,261,94.7128718495369,0.9500166666666666,16.29035484790802,0.9414
stage2,1,262,96.28051006793976,0.9440833333333334,15.946373641490936,0.9521
stage2,1,263,93.7985759973526,0.9538166666666666,15.996583759784698,0.9474
stage2,1,264,93.2444885969162,0.95565,15.708941340446472,0.958
stage2,1,265,94.3279499411583,0.9513166666666667,16.662264943122864,0.9311
stage2,1,266,93.61174029111862,0.9537333333333333,15.894159197807312,0.952
stage2,1,267,94.74709045886993,0.9498666666666666,16.796624779701233,0.9342
stage2,1,268,95.19450217485428,0.948,16.29248034954071,0.9417
stage2,1,269,94.86617666482925,0.9490166666666666,16.068511843681335,0.9449
stage2,1,270,93.21934044361115,0.95515,15.877816677093506,0.9527
stage2,1,271,93.01931482553482,0.9565166666666667,16.107054591178894,0.9483
stage2,1,272,93.97488641738892,0.9529,15.838050901889801,0.9534
stage2,1,273,94.99571698904037,0.9492333333333334,16.25608777999878,0.9459
stage2,1,274,94.85407322645187,0.9492,16.314517378807068,0.9414
stage2,1,275,94.3878231048584,0.9510166666666666,16.289884090423584,0.9425
stage2,1,276,94.54286640882492,0.9507833333333333,16.514150738716125,0.9374
stage2,1,277,94.72899305820465,0.9492166666666667,16.461668491363525,0.9355
stage2,1,278,95.78894072771072,0.9455333333333333,16.144474387168884,0.9436
stage2,1,279,93.75631082057953,0.9536666666666667,16.459322810173035,0.9382
stage2,1,280,94.06944507360458,0.9518166666666666,15.989143550395966,0.95
stage2,1,281,93.5274401307106,0.9540666666666666,16.041765451431274,0.9488
stage2,1,282,94.09607994556427,0.9516333333333333,16.548814237117767,0.9336
stage2,1,283,93.80115813016891,0.9527,15.744235455989838,0.9545
stage2,1,284,94.78618603944778,0.9487333333333333,15.701411068439484,0.9565
stage2,1,285,93.59055149555206,0.9535833333333333,16.05231410264969,0.9478
stage2,1,286,93.80059975385666,0.9524333333333334,16.3945871591568,0.9404
stage2,1,287,93.2159606218338,0.9543,15.925179362297058,0.9514
stage2,1,288,94.04607319831848,0.9515,15.99647343158722,0.9497
stage2,1,289,93.85899072885513,0.9515166666666667,16.218038082122803,0.942
stage2,1,290,92.98154753446579,0.9553666666666667,16.182611167430878,0.9451
stage2,1,291,95.49420982599258,0.9453166666666667,16.2942755818367,0.9406
stage2,1,292,93.9708069562912,0.9512833333333334,15.91628110408783,0.9496
stage2,1,293,93.64280098676682,0.9523,15.95047265291214,0.9486
stage2,1,294,93.02029955387115,0.9548833333333333,15.87171083688736,0.9531
stage2,1,295,92.97856110334396,0.9554166666666667,15.952583909034729,0.95
stage2,1,296,93.26007616519928,0.9534833333333333,16.084821939468384,0.9471
stage2,1,297,93.97896194458008,0.95105,15.83912843465805,0.9515
stage2,1,298,93.34043192863464,0.9535833333333333,16.033993005752563,0.9474
stage2,1,299,92.91686201095581,0.9554833333333334,16.409434378147125,0.9356
stage2,1,300,93.26811450719833,0.954,16.362605214118958,0.9377
stage2,2,1,236.26482379436493,0.40625,35.62328803539276,0.5182
stage2,2,2,197.54787981510162,0.6031833333333333,31.70263111591339,0.6102
stage2,2,3,179.5038675069809,0.6894333333333333,29.556469917297363,0.6035
stage2,2,4,168.5984001159668,0.7252333333333333,27.80618965625763,0.6444
stage2,2,5,161.89878726005554,0.7523666666666666,26.690069675445557,0.6824
stage2,2,6,156.34132754802704,0.7951333333333334,25.82373535633087,0.7508
stage2,2,7,151.0940865278244,0.8241666666666667,25.09247589111328,0.7817
stage2,2,8,145.68391799926758,0.8531833333333333,23.921133160591125,0.8272
stage2,2,9,140.63031005859375,0.8723166666666666,23.422424793243408,0.8382
stage2,2,10,136.59513080120087,0.8831833333333333,22.760104656219482,0.8732
stage2,2,11,133.66477358341217,0.8917166666666667,22.654399752616882,0.8776
stage2,2,12,132.2007714509964,0.8936166666666666,21.994203209877014,0.8924
stage2,2,13,129.57318949699402,0.9008333333333334,21.59870445728302,0.8989
stage2,2,14,128.16197955608368,0.9006833333333333,21.637315332889557,0.8935
stage2,2,15,126.16962420940399,0.9074833333333333,21.27507758140564,0.9068
stage2,2,16,124.55887055397034,0.9119833333333334,20.970330476760864,0.9095
stage2,2,17,123.87848007678986,0.9109166666666667,20.80350613594055,0.9084
stage2,2,18,122.68694067001343,0.9146166666666666,20.675601840019226,0.9156
stage2,2,19,121.697110414505,0.9177666666666666,20.667729437351227,0.9156
stage2,2,20,120.70562982559204,0.9194,20.500224828720093,0.9166
stage2,2,21,120.21573102474213,0.9183833333333333,20.142259418964386,0.9203
stage2,2,22,119.02879106998444,0.9227,20.357567131519318,0.9172
stage2,2,23,118.6722794175148,0.9226,19.73542082309723,0.93
stage2,2,24,117.18236809968948,0.9269166666666667,19.783812820911407,0.9249
stage2,2,25,116.58678323030472,0.9273333333333333,19.56514674425125,0.9305
stage2,2,26,116.07299834489822,0.92735,19.409517288208008,0.9311
stage2,2,27,115.6565752029419,0.9291166666666667,19.525568544864655,0.9271
stage2,2,28,116.02325809001923,0.9269666666666667,20.246786236763,0.9064
stage2,2,29,115.23884242773056,0.9284666666666667,19.53232777118683,0.93
stage2,2,30,115.64287877082825,0.9241333333333334,19.834022343158722,0.9113
stage2,2,31,114.51116353273392,0.9293833333333333,19.279364585876465,0.9296
stage2,2,32,113.26542693376541,0.9327333333333333,19.12503844499588,0.9298
stage2,2,33,113.19245010614395,0.9325666666666667,19.022632718086243,0.933
stage2,2,34,112.70289748907089,0.93375,19.176092326641083,0.9267
stage2,2,35,111.90630221366882,0.9349166666666666,19.054733753204346,0.9294
stage2,2,36,112.56200188398361,0.9314,19.391293704509735,0.92
stage2,2,37,111.73733168840408,0.93425,18.76427948474884,0.9378
stage2,2,38,111.38595306873322,0.9339,18.610737085342407,0.9377
stage2,2,39,110.83196520805359,0.93625,19.284264087677002,0.9163
stage2,2,40,110.09323906898499,0.9381833333333334,18.691053986549377,0.9323
stage2,2,41,109.87166851758957,0.9391833333333334,18.38848727941513,0.9426
stage2,2,42,110.45786875486374,0.9354333333333333,18.851145327091217,0.9302
stage2,2,43,110.40003764629364,0.93355,18.425590336322784,0.9419
stage2,2,44,109.44274640083313,0.93825,18.34918975830078,0.9401
stage2,2,45,108.52889543771744,0.9417,18.475060760974884,0.9375
stage2,2,46,108.67983150482178,0.9404666666666667,19.30453383922577,0.9121
stage2,2,47,109.15291851758957,0.9372166666666667,18.355883419513702,0.9392
stage2,2,48,109.47843617200851,0.9359833333333333,18.334894835948944,0.9389
stage2,2,49,109.26590240001678,0.9358,18.373165249824524,0.9383
stage2,2,50,107.7252676486969,0.94285,18.384729743003845,0.9384
stage2,2,51,108.12687087059021,0.9402833333333334,18.50142002105713,0.9352
stage2,2,52,107.63503581285477,0.9422,18.440364062786102,0.9332
stage2,2,53,107.72202199697495,0.9408833333333333,18.335074543952942,0.939
stage2,2,54,108.29878622293472,0.9387166666666666,18.123799860477448,0.9424
stage2,2,55,107.48812484741211,0.9421333333333334,18.314287066459656,0.9369
stage2,2,56,106.99470454454422,0.9437833333333333,17.99846452474594,0.9443
stage2,2,57,107.19597518444061,0.9427666666666666,18.041594207286835,0.943
stage2,2,58,106.69417840242386,0.9437166666666666,18.631423771381378,0.9253
stage2,2,59,107.11677885055542,0.9412166666666667,18.038617253303528,0.9419
stage2,2,60,106.86388617753983,0.9425833333333333,18.076753556728363,0.9414
stage2,2,61,106.92523068189621,0.9412833333333334,17.80246776342392,0.9474
stage2,2,62,106.73289346694946,0.9423333333333334,17.955824196338654,0.9459
stage2,2,63,106.86201983690262,0.9414166666666667,18.078105032444,0.9397
stage2,2,64,105.09187811613083,0.9488,18.04122531414032,0.9402
stage2,2,65,105.90432721376419,0.9456666666666667,18.12789213657379,0.9399
stage2,2,66,105.87479621171951,0.9456666666666667,17.865610539913177,0.9453
stage2,2,67,105.85765904188156,0.9447166666666666,17.903007984161377,0.9418
stage2,2,68,105.74132001399994,0.9451833333333334,17.74782294034958,0.9463
stage2,2,69,105.74811267852783,0.9432666666666667,18.518617749214172,0.9233
stage2,2,70,105.92745584249496,0.9420333333333333,18.255447804927826,0.9287
stage2,2,71,105.00193244218826,0.9456666666666667,17.875565826892853,0.9424
stage2,2,72,104.92391300201416,0.9454166666666667,17.954657316207886,0.9356
stage2,2,73,105.18136268854141,0.9443666666666667,17.826055228710175,0.9361
stage2,2,74,104.29424333572388,0.9473833333333334,17.746740579605103,0.9443
stage2,2,75,104.35772788524628,0.9474333333333333,18.2646541595459,0.933
stage2,2,76,104.82563239336014,0.9451333333333334,17.77854359149933,0.9426
stage2,2,77,104.05567675828934,0.9484333333333334,17.719929695129395,0.9448
stage2,2,78,104.86236214637756,0.9454833333333333,17.85446661710739,0.9374
stage2,2,79,103.5873007774353,0.9493666666666667,17.71177887916565,0.943
stage2,2,80,103.13126331567764,0.9503666666666667,17.596777260303497,0.9457
stage2,2,81,104.66802930831909,0.9433,17.367258965969086,0.9492
stage2,2,82,103.60188734531403,0.9481666666666667,17.733066618442535,0.9415
stage2,2,83,104.0749722123146,0.9455333333333333,17.463330507278442,0.9483
stage2,2,84,103.28213745355606,0.9490166666666666,17.857182443141937,0.9364
stage2,2,85,102.63257873058319,0.9513666666666667,17.451790273189545,0.9499
stage2,2,86,103.79002982378006,0.9462333333333334,17.406641125679016,0.9479
stage2,2,87,103.29855573177338,0.9484666666666667,17.907221794128418,0.9366
stage2,2,88,102.94738453626633,0.9491666666666667,17.485825836658478,0.945
stage2,2,89,102.68709987401962,0.9511333333333334,17.69186794757843,0.9426
stage2,2,90,102.69004875421524,0.95025,17.36682826280594,0.9521
stage2,2,91,102.88285809755325,0.94925,17.451035380363464,0.9495
stage2,2,92,102.7028214931488,0.9497666666666666,18.04508012533188,0.9299
stage2,2,93,102.11100316047668,0.9504833333333333,17.309292793273926,0.9478
stage2,2,94,102.04107511043549,0.9498333333333333,17.32820773124695,0.9483
stage2,2,95,101.65938931703568,0.9514666666666667,17.68545436859131,0.928
stage2,2,96,102.64158087968826,0.9468833333333333,17.175444424152374,0.9507
stage2,2,97,100.7747415304184,0.9535666666666667,17.120059430599213,0.9514
stage2,2,98,100.9008002281189,0.9522333333333334,17.2025249004364,0.9498
stage2,2,99,101.34209775924683,0.95025,17.01868039369583,0.9537
stage2,2,100,101.54166686534882,0.9493833333333334,17.184125065803528,0.9482
stage2,2,101,101.94287520647049,0.948,17.19003415107727,0.9497
stage2,2,102,101.00983250141144,0.9515833333333333,17.242583751678467,0.946
stage2,2,103,101.68501913547516,0.9489833333333333,17.129900634288788,0.9495
stage2,2,104,100.89263206720352,0.9516833333333333,17.026514410972595,0.9527
stage2,2,105,102.07133430242538,0.9464333333333333,17.067956864833832,0.9509
stage2,2,106,100.69540566205978,0.9523833333333334,17.136463165283203,0.9497
stage2,2,107,100.80898946523666,0.9521166666666666,17.158758997917175,0.9476
stage2,2,108,100.96265190839767,0.95045,17.3752561211586,0.9436
stage2,2,109,101.34154236316681,0.9494833333333333,17.184232234954834,0.946
stage2,2,110,101.66173481941223,0.949,17.553737938404083,0.9359
stage2,2,111,101.5406962633133,0.9489833333333333,16.992463886737823,0.9515
stage2,2,112,100.9407451748848,0.9504333333333334,17.568954825401306,0.9381
stage2,2,113,101.55070573091507,0.9486166666666667,17.189126670360565,0.9491
stage2,2,114,100.66778063774109,0.9513833333333334,17.26439279317856,0.9462
stage2,2,115,99.58248442411423,0.9558333333333333,17.112741231918335,0.9484
stage2,2,116,100.3363127708435,0.9526,16.99471926689148,0.949
stage2,2,117,101.15303057432175,0.9493833333333334,17.25851660966873,0.9473
stage2,2,118,100.01042032241821,0.95425,17.225138068199158,0.9461
stage2,2,119,100.25017416477203,0.9527166666666667,16.863273203372955,0.9542
stage2,2,120,101.36911106109619,0.9479833333333333,17.070348918437958,0.9479
stage2,2,121,100.33807158470154,0.95175,17.025327265262604,0.9511
stage2,2,122,100.43680316209793,0.9518333333333333,16.886282444000244,0.9548
stage2,2,123,100.4739203453064,0.9513166666666667,17.173192381858826,0.9468
stage2,2,124,100.93756318092346,0.9497833333333333,16.938073813915253,0.9501
stage2,2,125,100.66234576702118,0.9508,17.156039834022522,0.9442
stage2,2,126,100.00000429153442,0.9527333333333333,17.5674849152565,0.9379
stage2,2,127,100.2164985537529,0.95255,17.48390293121338,0.9395
stage2,2,128,99.68105864524841,0.9547,16.81031584739685,0.954
stage2,2,129,100.18138635158539,0.95235,17.067344188690186,0.9473
stage2,2,130,100.37283498048782,0.9514666666666667,17.479309558868408,0.9387
stage2,2,131,99.47127276659012,0.9552666666666667,16.71983426809311,0.9562
stage2,2,132,99.68106907606125,0.9547666666666667,17.04933214187622,0.9432
stage2,2,133,100.0641456246376,0.95195,16.779430508613586,0.9538
stage2,2,134,98.503757417202,0.9578166666666666,16.85217595100403,0.9549
stage2,2,135,100.0601117014885,0.9522,17.10700809955597,0.9466
stage2,2,136,100.31344199180603,0.9512666666666667,16.878550350666046,0.9527
stage2,2,137,99.36802846193314,0.9552833333333334,16.924232959747314,0.9514
stage2,2,138,99.82023012638092,0.9529666666666666,16.66671121120453,0.959
stage2,2,139,99.55394053459167,0.9538666666666666,16.65436291694641,0.9574
stage2,2,140,98.68761903047562,0.9573333333333334,16.79979693889618,0.9527
stage2,2,141,98.85920298099518,0.9562666666666667,17.127206444740295,0.9456
stage2,2,142,99.24126935005188,0.9551833333333334,17.121307253837585,0.9473
stage2,2,143,99.1759307384491,0.95505,17.025259613990784,0.9488
stage2,2,144,98.71564167737961,0.9569,16.91031724214554,0.9507
stage2,2,145,98.80779123306274,0.9564833333333334,17.559275686740875,0.934
stage2,2,146,99.65298110246658,0.9531666666666667,16.949740290641785,0.9506
stage2,2,147,99.5292592048645,0.9532833333333334,16.8305783867836,0.9509
stage2,2,148,98.75416797399521,0.9555166666666667,16.759702503681183,0.9532
stage2,2,149,99.34536123275757,0.95385,18.00788527727127,0.923
stage2,2,150,100.49648773670197,0.94925,16.98662942647934,0.9477
stage2,2,151,99.87319678068161,0.95215,16.73596566915512,0.9557
stage2,2,152,98.70487558841705,0.9566833333333333,16.99309253692627,0.9467
stage2,2,153,101.10336917638779,0.9465333333333333,16.846723079681396,0.9531
stage2,2,154,99.90905201435089,0.9509,16.94981151819229,0.9485
stage2,2,155,99.02912729978561,0.95465,17.10314130783081,0.9453
stage2,2,156,99.24530273675919,0.9540166666666666,17.009115874767303,0.9477
stage2,2,157,99.14801102876663,0.9539,16.789709389209747,0.9534
stage2,2,158,98.74539244174957,0.95585,17.210622370243073,0.9442
stage2,2,159,98.86543953418732,0.955,16.913970053195953,0.9491
stage2,2,160,99.72047126293182,0.9518333333333333,16.929446518421173,0.9499
stage2,2,161,99.7328320145607,0.9521,16.73401629924774,0.9539
stage2,2,162,98.92675352096558,0.95445,16.666460633277893,0.9532
stage2,2,163,98.01533716917038,0.9579833333333333,16.590177595615387,0.9555
stage2,2,164,98.10542011260986,0.9573833333333334,16.663480758666992,0.9557
stage2,2,165,98.63684242963791,0.9552,16.616942763328552,0.9556
stage2,2,166,98.6571027636528,0.9556666666666667,16.86386203765869,0.9511
stage2,2,167,99.6096026301384,0.9516166666666667,16.970679759979248,0.9476
stage2,2,168,98.01102632284164,0.9579,16.623995065689087,0.9557
stage2,2,169,98.50328749418259,0.9559333333333333,16.86664170026779,0.949
stage2,2,170,99.55985337495804,0.9517666666666666,16.63467311859131,0.9557
stage2,2,171,100.73055583238602,0.9464833333333333,17.011138021945953,0.9457
stage2,2,172,99.2975931763649,0.9533333333333334,17.04226404428482,0.9483
stage2,2,173,98.87886554002762,0.9546166666666667,17.02856433391571,0.9461
stage2,2,174,99.38326579332352,0.95235,16.894469380378723,0.9501
stage2,2,175,98.68263149261475,0.9551166666666666,16.706589460372925,0.9515
stage2,2,176,98.09988403320312,0.9574666666666667,16.614100635051727,0.9552
stage2,2,177,99.36582070589066,0.9514666666666667,16.825626134872437,0.9519
stage2,2,178,99.5777730345726,0.9507666666666666,17.18112325668335,0.9413
stage2,2,179,98.57462108135223,0.9554833333333334,16.719118654727936,0.9537
stage2,2,180,98.42871934175491,0.9562666666666667,16.776465475559235,0.9535
stage2,2,181,97.74878740310669,0.9583833333333334,16.661292850971222,0.955
stage2,2,182,98.94532459974289,0.95365,16.715659737586975,0.9541
stage2,2,183,98.9396984577179,0.9529833333333333,17.09092080593109,0.9454
stage2,2,184,99.54736393690109,0.9509333333333333,16.791197180747986,0.952
stage2,2,185,98.36353212594986,0.95605,16.87097078561783,0.9513
stage2,2,186,98.60507714748383,0.9548833333333333,16.929919123649597,0.9493
stage2,2,187,98.63242357969284,0.9550833333333333,17.00621199607849,0.9443
stage2,2,188,98.98458278179169,0.9537833333333333,16.680068790912628,0.9541
stage2,2,189,98.13464659452438,0.9570333333333333,17.091342270374298,0.9449
stage2,2,190,98.44417923688889,0.9560166666666666,16.587936341762543,0.9572
stage2,2,191,97.30546712875366,0.9606166666666667,16.71269315481186,0.9525
stage2,2,192,97.80088013410568,0.9580833333333333,16.77349704504013,0.9519
stage2,2,193,98.95542055368423,0.9530666666666666,16.677829802036285,0.9546
stage2,2,194,98.26363176107407,0.9561666666666667,16.580556333065033,0.9554
stage2,2,195,97.86130994558334,0.9577166666666667,16.98103493452072,0.9472
stage2,2,196,98.4670974612236,0.9557,16.676455199718475,0.9537
stage2,2,197,98.26790314912796,0.95605,16.64760982990265,0.956
stage2,2,198,97.20424365997314,0.9605333333333334,16.949073135852814,0.9469
stage2,2,199,98.39980340003967,0.9558333333333333,16.60659170150757,0.9572
stage2,2,200,98.40356510877609,0.9553,16.74659663438797,0.951
stage2,2,201,97.92777198553085,0.9576833333333333,17.058070361614227,0.9434
stage2,2,202,98.07896971702576,0.9565833333333333,16.730545461177826,0.9519
stage2,2,203,98.05200308561325,0.95625,16.443000197410583,0.9605
stage2,2,204,98.18603706359863,0.9555,16.640317380428314,0.9536
stage2,2,205,99.06041818857193,0.9530666666666666,16.518429577350616,0.9586
stage2,2,206,98.91768634319305,0.9529666666666666,16.966561257839203,0.9468
stage2,2,207,98.95818257331848,0.9536,17.07509434223175,0.9455
stage2,2,208,98.80116009712219,0.9537,17.092131435871124,0.9434
stage2,2,209,99.28909295797348,0.9522833333333334,16.775469839572906,0.9489
stage2,2,210,98.0841253399849,0.9567,16.65342378616333,0.9542
stage2,2,211,98.23641568422318,0.9556,16.956990242004395,0.9437
stage2,2,212,97.71303141117096,0.9573,16.961217164993286,0.9485
stage2,2,213,98.78568023443222,0.9538,16.735595762729645,0.9513
stage2,2,214,100.03400820493698,0.9473166666666667,16.768003702163696,0.9504
stage2,2,215,98.9786080121994,0.9525333333333333,17.004874110221863,0.947
stage2,2,216,98.04202556610107,0.9560333333333333,16.697918713092804,0.9528
stage2,2,217,98.78354609012604,0.95315,16.800500094890594,0.9501
stage2,2,218,98.95898711681366,0.95225,17.584527730941772,0.9299
stage2,2,219,98.45149147510529,0.9538333333333333,16.549645125865936,0.9563
stage2,2,220,97.96804267168045,0.9561,16.5952610373497,0.9559
stage2,2,221,98.71938747167587,0.9533666666666667,16.953602254390717,0.9483
stage2,2,222,98.41393059492111,0.9543666666666667,16.789482474327087,0.952
stage2,2,223,98.43187475204468,0.9547666666666667,16.745048224925995,0.9518
stage2,2,224,97.56555551290512,0.95805,16.615355014801025,0.9562
stage2,2,225,97.87327820062637,0.9562833333333334,16.976998925209045,0.9458
stage2,2,226,98.35040158033371,0.95495,17.195948362350464,0.9409
stage2,2,227,97.14663124084473,0.9592166666666667,16.66078758239746,0.9521
stage2,2,228,98.00012916326523,0.9560166666666666,16.58251643180847,0.956
stage2,2,229,97.83249992132187,0.95695,16.65018457174301,0.9559
stage2,2,230,97.20656633377075,0.9593833333333334,16.413067519664764,0.961
stage2,2,231,98.38793557882309,0.9545833333333333,16.852162778377533,0.9467
stage2,2,232,99.08321315050125,0.95175,16.645615994930267,0.9523
stage2,2,233,99.05885100364685,0.9520666666666666,16.979684591293335,0.9465
stage2,2,234,98.5817518234253,0.9537,16.792188346385956,0.9502
stage2,2,235,98.12118518352509,0.9554,16.958724677562714,0.9452
stage2,2,236,97.81334620714188,0.9569333333333333,16.802130579948425,0.9512
stage2,2,237,97.79788362979889,0.95645,16.62134289741516,0.9538
stage2,2,238,98.44006681442261,0.9539,16.60212755203247,0.9559
stage2,2,239,99.8810606598854,0.9478,16.885039031505585,0.9451
stage2,2,240,98.72027176618576,0.9531833333333334,16.489826500415802,0.957
stage2,2,241,98.86693221330643,0.9522833333333334,16.63673335313797,0.9529
stage2,2,242,97.87999314069748,0.9567166666666667,16.524929106235504,0.9554
stage2,2,243,99.05187368392944,0.95165,16.70089542865753,0.9524
stage2,2,244,97.64605927467346,0.95675,16.567642271518707,0.9545
stage2,2,245,97.67563009262085,0.957,16.694911658763885,0.9531
stage2,2,246,98.47784477472305,0.9536,16.81412625312805,0.9482
stage2,2,247,97.35746586322784,0.9585,16.73987352848053,0.9521
stage2,2,248,98.31983262300491,0.9548,16.82270222902298,0.9494
stage2,2,249,98.86428236961365,0.9520666666666666,16.60691511631012,0.9556
stage2,2,250,97.5845696926117,0.95735,16.822450637817383,0.948
stage2,2,251,97.75885879993439,0.9569333333333333,17.25641131401062,0.9383
stage2,2,252,97.83692198991776,0.95655,16.902551412582397,0.9496
stage2,2,253,97.87486118078232,0.9562166666666667,16.823314130306244,0.9507
stage2,2,254,98.59552377462387,0.9537166666666667,16.662051618099213,0.9542
stage2,2,255,99.3510292172432,0.95065,16.67442238330841,0.9529
stage2,2,256,97.1283917427063,0.9597666666666667,16.574108004570007,0.9565
stage2,2,257,98.18635356426239,0.9541333333333334,16.818369805812836,0.9471
stage2,2,258,99.48985552787781,0.95005,17.64721965789795,0.928
stage2,2,259,99.15392965078354,0.95115,16.461823225021362,0.9594
stage2,2,260,97.44811832904816,0.9582166666666667,16.478755176067352,0.9571
stage2,2,261,98.49729859828949,0.9528333333333333,16.755686700344086,0.947
stage2,2,262,98.33599328994751,0.9546,16.53227162361145,0.9548
stage2,2,263,97.63531869649887,0.95705,16.725012063980103,0.9474
stage2,2,264,97.6656323671341,0.9567,16.5623060464859,0.9537
stage2,2,265,98.73715698719025,0.9527333333333333,16.640822649002075,0.9496
stage2,2,266,97.58128625154495,0.957,16.660180389881134,0.9534
stage2,2,267,97.61179739236832,0.9561,16.492806255817413,0.9581
stage2,2,268,99.0194039940834,0.9517166666666667,16.87378203868866,0.9494
stage2,2,269,98.29530304670334,0.9550833333333333,16.509483695030212,0.9584
stage2,2,270,96.91428285837173,0.9600833333333333,16.7939493060112,0.952
stage2,2,271,97.76702231168747,0.9567,17.18017864227295,0.9393
stage2,2,272,98.28362220525742,0.9540833333333333,16.699162364006042,0.9496
stage2,2,273,97.93547517061234,0.9557333333333333,16.809905111789703,0.9495
stage2,2,274,97.65630316734314,0.9565333333333333,16.529327988624573,0.9566
stage2,2,275,98.3423091173172,0.95425,16.7368004322052,0.9512
stage2,2,276,97.68359500169754,0.9571166666666666,16.6353742480278,0.9527
stage2,2,277,98.41106641292572,0.9531666666666667,16.818805694580078,0.9503
stage2,2,278,97.5108854174614,0.9576333333333333,17.020966827869415,0.9467
stage2,2,279,97.39781248569489,0.9584833333333334,16.517513751983643,0.9572
stage2,2,280,98.0848069190979,0.95435,16.6162046790123,0.9535
stage2,2,281,97.72657161951065,0.9563,16.789697289466858,0.9507
stage2,2,282,98.25684350728989,0.9537333333333333,16.359083235263824,0.9598
stage2,2,283,96.92434567213058,0.9595833333333333,16.629002332687378,0.955
stage2,2,284,98.70162397623062,0.9529666666666666,16.681756019592285,0.9521
stage2,2,285,97.17460215091705,0.9590333333333333,16.477559030056,0.956
stage2,2,286,97.66254794597626,0.9569166666666666,16.509768307209015,0.9576
stage2,2,287,97.48670476675034,0.95715,16.805752456188202,0.9502
stage2,2,288,98.18697142601013,0.9541,16.56343513727188,0.9553
stage2,2,289,97.8310222029686,0.95565,16.891025841236115,0.9466
stage2,2,290,97.34787690639496,0.9575833333333333,16.379103541374207,0.961
stage2,2,291,98.13648271560669,0.95465,16.54177761077881,0.9561
stage2,2,292,97.91237473487854,0.95575,16.698444604873657,0.951
stage2,2,293,100.38896250724792,0.94645,18.97453260421753,0.9053
stage2,2,294,99.74710005521774,0.9490666666666666,17.114239752292633,0.9392
stage2,2,295,98.46880632638931,0.9533166666666667,16.539155423641205,0.9553
stage2,2,296,99.55071693658829,0.9486333333333333,16.99942272901535,0.9439
stage2,2,297,98.6088308095932,0.9527,16.465769052505493,0.9587
stage2,2,298,99.25760114192963,0.95005,17.41524237394333,0.936
stage2,2,299,99.10783106088638,0.9512166666666667,16.623790860176086,0.9565
stage2,2,300,99.54866790771484,0.94925,16.848235964775085,0.9491
stage2,3,1,240.33193802833557,0.36038333333333333,36.12873685359955,0.4221
stage2,3,2,200.2352989912033,0.5608,33.148532032966614,0.4213
stage2,3,3,183.86778509616852,0.6636666666666666,29.880540370941162,0.5285
stage2,3,4,172.47122406959534,0.7490833333333333,28.28986370563507,0.6006
stage2,3,5,164.41360640525818,0.7888333333333334,27.267934679985046,0.6237
stage2,3,6,158.76978361606598,0.8167333333333333,26.4343603849411,0.6675
stage2,3,7,154.78006041049957,0.8367333333333333,25.943908214569092,0.6721
stage2,3,8,151.38037776947021,0.8552333333333333,25.710644006729126,0.7267
stage2,3,9,149.13175344467163,0.8619666666666667,24.832815766334534,0.7597
stage2,3,10,145.54960238933563,0.8763333333333333,24.2483971118927,0.7818
stage2,3,11,142.84898936748505,0.88465,24.350183367729187,0.7929
stage2,3,12,141.53544890880585,0.8849166666666667,23.49573040008545,0.8352
stage2,3,13,138.65545678138733,0.8953833333333333,23.18431532382965,0.8646
stage2,3,14,138.26099574565887,0.8920166666666667,23.167277693748474,0.8455
stage2,3,15,136.32566916942596,0.8967333333333334,23.02686595916748,0.8745
stage2,3,16,134.94582891464233,0.89995,22.577022790908813,0.8922
stage2,3,17,133.78902328014374,0.9022166666666667,23.03136718273163,0.8653
stage2,3,18,131.80119967460632,0.9087333333333333,22.063342571258545,0.9009
stage2,3,19,130.49588692188263,0.91205,22.11137580871582,0.8998
stage2,3,20,129.4107050895691,0.9138833333333334,22.257235169410706,0.8824
stage2,3,21,129.14251041412354,0.9133833333333333,21.621310472488403,0.9087
stage2,3,22,128.40019643306732,0.91365,21.489548325538635,0.9031
stage2,3,23,127.55543303489685,0.9148666666666667,21.86162281036377,0.8971
stage2,3,24,126.62915849685669,0.9170833333333334,21.67149043083191,0.8899
stage2,3,25,125.35096764564514,0.9229333333333334,21.297422885894775,0.8987
stage2,3,26,125.61638641357422,0.9188666666666667,21.055666148662567,0.9142
stage2,3,27,124.88855266571045,0.9205666666666666,21.61256331205368,0.8943
stage2,3,28,124.50263237953186,0.9214333333333333,21.116920590400696,0.9104
stage2,3,29,123.69697678089142,0.9243333333333333,20.85852962732315,0.9178
stage2,3,30,123.37040495872498,0.9253833333333333,20.76282972097397,0.9217
stage2,3,31,122.92640966176987,0.9254,20.774944722652435,0.9192
stage2,3,32,122.8274359703064,0.9252166666666667,20.986427903175354,0.9071
stage2,3,33,122.23334389925003,0.9280666666666667,20.620202481746674,0.9175
stage2,3,34,122.57485628128052,0.9229833333333334,20.5308039188385,0.9236
stage2,3,35,121.35840541124344,0.9285333333333333,21.304525017738342,0.9037
stage2,3,36,121.7132870554924,0.9258166666666666,20.752070903778076,0.9151
stage2,3,37,122.16885954141617,0.9234166666666667,20.645600080490112,0.9204
stage2,3,38,121.099436044693,0.9267833333333333,20.30267083644867,0.9206
stage2,3,39,119.78894793987274,0.9322833333333334,20.272081911563873,0.9254
stage2,3,40,119.34142810106277,0.9341333333333334,20.18058955669403,0.927
stage2,3,41,120.13748890161514,0.9293333333333333,20.298067688941956,0.9253
stage2,3,42,119.03804820775986,0.9339166666666666,20.38727331161499,0.9193
stage2,3,43,119.5248613357544,0.9306333333333333,20.2146857380867,0.9245
stage2,3,44,119.64493978023529,0.93025,20.168099641799927,0.9249
stage2,3,45,118.82889288663864,0.93365,19.995321571826935,0.9317
stage2,3,46,118.19300937652588,0.9356833333333333,20.158010005950928,0.9272
stage2,3,47,118.47879791259766,0.9335833333333333,20.02303546667099,0.9342
stage2,3,48,118.5133466720581,0.9335333333333333,20.224464178085327,0.9217
stage2,3,49,118.803626537323,0.93165,20.188839077949524,0.9259
stage2,3,50,118.20968008041382,0.93395,20.102705240249634,0.9279
stage2,3,51,117.54682403802872,0.936,19.839533865451813,0.9318
stage2,3,52,118.31284421682358,0.9318166666666666,20.121921181678772,0.9245
stage2,3,53,118.41547095775604,0.93155,20.56371706724167,0.9134
stage2,3,54,117.69380187988281,0.9349833333333334,20.180802047252655,0.9249
stage2,3,55,117.49666380882263,0.93475,20.063164472579956,0.9198
stage2,3,56,119.1897441148758,0.9269166666666667,19.951520919799805,0.9312
stage2,3,57,117.52470886707306,0.9344666666666667,19.932876646518707,0.931
stage2,3,58,117.55612993240356,0.9343166666666667,19.90539115667343,0.9323
stage2,3,59,117.48582983016968,0.9343833333333333,19.699524402618408,0.9373
stage2,3,60,117.02856320142746,0.9361,19.869313418865204,0.9287
stage2,3,61,116.7095799446106,0.9378833333333333,19.897374212741852,0.9314
stage2,3,62,116.1788923740387,0.9397333333333333,19.73702585697174,0.9358
stage2,3,63,117.06516045331955,0.93535,20.106189131736755,0.9234
stage2,3,64,116.52309894561768,0.9379666666666666,20.009049654006958,0.9251
stage2,3,65,116.8556524515152,0.9360833333333334,19.53074073791504,0.9384
stage2,3,66,116.97010052204132,0.9347833333333333,19.618943214416504,0.9408
stage2,3,67,117.58610320091248,0.9321166666666667,19.478593289852142,0.9403
stage2,3,68,115.37182527780533,0.9424833333333333,19.33940351009369,0.945
stage2,3,69,115.08146166801453,0.9430666666666667,19.878706991672516,0.9298
stage2,3,70,115.5944841504097,0.941,19.560236275196075,0.9379
stage2,3,71,116.15267819166183,0.93825,19.79485446214676,0.9319
stage2,3,72,117.44679164886475,0.9328166666666666,19.59771490097046,0.9371
stage2,3,73,116.05261147022247,0.9379666666666666,19.793543875217438,0.9337
stage2,3,74,114.55418932437897,0.9443833333333334,19.488566637039185,0.9404
stage2,3,75,115.20198637247086,0.9421333333333334,19.28811466693878,0.9463
stage2,3,76,116.34295511245728,0.9361833333333334,19.613566160202026,0.9379
stage2,3,77,114.40864074230194,0.9452833333333334,19.473421096801758,0.9375
stage2,3,78,115.53183972835541,0.9388666666666666,19.500204265117645,0.9375
stage2,3,79,115.33159750699997,0.9388666666666666,19.57577258348465,0.9333
stage2,3,80,114.44407957792282,0.9425833333333333,19.55221289396286,0.9317
stage2,3,81,115.13371950387955,0.9393833333333333,19.570664167404175,0.9348
stage2,3,82,115.83570456504822,0.9361666666666667,19.512295722961426,0.9352
stage2,3,83,114.67390269041061,0.9414166666666667,19.597374320030212,0.9356
stage2,3,84,113.99771249294281,0.94375,19.310109078884125,0.9415
stage2,3,85,114.43277674913406,0.9419,19.163431465625763,0.9446
stage2,3,86,113.7302154302597,0.9446333333333333,19.099613904953003,0.9494
stage2,3,87,114.41265428066254,0.9413166666666667,19.380992889404297,0.9354
stage2,3,88,114.17786914110184,0.9425,19.30795258283615,0.941
stage2,3,89,114.34055036306381,0.9418666666666666,19.227046191692352,0.9424
stage2,3,90,114.02893322706223,0.9434833333333333,19.55380952358246,0.933
stage2,3,91,114.70644104480743,0.9400333333333334,19.17838156223297,0.9458
stage2,3,92,113.57267814874649,0.94455,19.2214697599411,0.945
stage2,3,93,113.28792732954025,0.9458333333333333,19.526810467243195,0.935
stage2,3,94,113.59533619880676,0.9439333333333333,18.988464176654816,0.9469
stage2,3,95,112.39803504943848,0.9485833333333333,19.32378339767456,0.9392
stage2,3,96,112.90010267496109,0.94585,18.94829088449478,0.9482
stage2,3,97,112.66385418176651,0.9475333333333333,19.740953385829926,0.9254
stage2,3,98,113.33790236711502,0.9432666666666667,19.12300604581833,0.9458
stage2,3,99,112.5358475446701,0.94795,19.2691251039505,0.9407
stage2,3,100,112.78960061073303,0.9461333333333334,19.160273134708405,0.9424
stage2,3,101,114.50519746541977,0.93825,19.577608704566956,0.9296
stage2,3,102,113.51591420173645,0.9421,18.94482946395874,0.9485
stage2,3,103,112.53369373083115,0.94725,19.105478525161743,0.9437
stage2,3,104,113.34041994810104,0.94355,19.442584097385406,0.9337
stage2,3,105,113.82884746789932,0.9401166666666667,19.169373214244843,0.9382
stage2,3,106,112.75205248594284,0.9456666666666667,19.137428998947144,0.9423
stage2,3,107,113.32000374794006,0.94235,19.111883759498596,0.9413
stage2,3,108,113.15132540464401,0.9427666666666666,19.328018486499786,0.9375
stage2,3,109,114.02518826723099,0.9388666666666666,19.753013014793396,0.9227
stage2,3,110,112.71407586336136,0.9443666666666667,18.931893050670624,0.9467
stage2,3,111,112.86058002710342,0.9435333333333333,19.466869175434113,0.9363
stage2,3,112,112.55901551246643,0.9453666666666667,18.88845121860504,0.9494
stage2,3,113,112.33321088552475,0.9465833333333333,19.486954987049103,0.9309
stage2,3,114,112.66005712747574,0.9445166666666667,18.885247945785522,0.9482
stage2,3,115,111.30241352319717,0.95045,18.89616960287094,0.9473
stage2,3,116,112.69610446691513,0.9429,19.40377986431122,0.9325
stage2,3,117,112.5292940735817,0.9449333333333333,19.16741305589676,0.9411
stage2,3,118,112.7156857252121,0.9441833333333334,19.20887780189514,0.9391
stage2,3,119,112.00591814517975,0.9467833333333333,18.791918754577637,0.9491
stage2,3,120,111.74781620502472,0.9477666666666666,19.053880751132965,0.9418
stage2,3,121,111.8947041630745,0.9468666666666666,19.070618987083435,0.9405
stage2,3,122,112.08517599105835,0.9466666666666667,18.982897758483887,0.9436
stage2,3,123,111.105987906456,0.9497833333333333,18.882499754428864,0.9473
stage2,3,124,111.43823367357254,0.94915,19.054653346538544,0.9435
stage2,3,125,111.86110365390778,0.9475666666666667,18.943218410015106,0.9478
stage2,3,126,111.1142503619194,0.9503,18.920337319374084,0.9469
stage2,3,127,111.25987285375595,0.9501166666666667,19.137610495090485,0.9434
stage2,3,128,112.72130793333054,0.9432833333333334,18.682394683361053,0.9537
stage2,3,129,111.36206167936325,0.9496,19.206636369228363,0.9391
stage2,3,130,112.0498383641243,0.94625,18.887181758880615,0.9462
stage2,3,131,111.97342187166214,0.9466333333333333,19.040897369384766,0.9448
stage2,3,132,112.22897428274155,0.9455333333333333,18.89987152814865,0.9468
stage2,3,133,111.12909722328186,0.9498666666666666,18.94794738292694,0.9445
stage2,3,134,111.30328631401062,0.9495166666666667,18.84029632806778,0.947
stage2,3,135,111.9373487830162,0.9468666666666666,18.5421604514122,0.9558
stage2,3,136,110.76398855447769,0.9508,18.931230545043945,0.9449
stage2,3,137,111.94833493232727,0.9466833333333333,18.939890682697296,0.9428
stage2,3,138,112.25196081399918,0.94505,18.908926129341125,0.9457
stage2,3,139,111.08316761255264,0.9481833333333334,19.391457080841064,0.9305
stage2,3,140,110.96668416261673,0.9474333333333333,19.260040938854218,0.9339
stage2,3,141,111.1688386797905,0.9460666666666666,18.604067385196686,0.9513
stage2,3,142,110.96224278211594,0.9471166666666667,18.53269535303116,0.9526
stage2,3,143,110.44645631313324,0.94905,18.915582060813904,0.9436
stage2,3,144,111.2319906949997,0.94535,19.31454437971115,0.9323
stage2,3,145,111.38271266222,0.9452,21.222661912441254,0.8914
stage2,3,146,110.51091820001602,0.9490333333333333,18.676976442337036,0.947
stage2,3,147,110.21549052000046,0.9490166666666666,18.727963089942932,0.9465
stage2,3,148,109.50054168701172,0.9524666666666667,18.49378514289856,0.9541
stage2,3,149,110.13529860973358,0.9503333333333334,18.67898690700531,0.9488
stage2,3,150,110.65735930204391,0.9470666666666666,18.670723795890808,0.9483
stage2,3,151,110.03158378601074,0.9494833333333333,18.72085666656494,0.9474
stage2,3,152,110.12306982278824,0.94935,18.553619623184204,0.9518
stage2,3,153,112.47942370176315,0.9399666666666666,19.84140193462372,0.9161
stage2,3,154,110.80275195837021,0.9461166666666667,18.672259151935577,0.9472
stage2,3,155,111.0010536313057,0.9460833333333334,18.66941922903061,0.9485
stage2,3,156,110.37024426460266,0.9481333333333334,18.71373051404953,0.9472
stage2,3,157,111.32145005464554,0.9438166666666666,18.530463755130768,0.9521
stage2,3,158,109.49990004301071,0.9523833333333334,18.56498670578003,0.951
stage2,3,159,110.08633607625961,0.9489166666666666,19.06634932756424,0.9365
stage2,3,160,110.89903599023819,0.9459166666666666,19.92626792192459,0.9196
stage2,3,161,110.24732911586761,0.94905,19.226132452487946,0.9341
stage2,3,162,109.86705040931702,0.9496333333333333,18.402061700820923,0.9523
stage2,3,163,110.74929076433182,0.9456666666666667,18.365664541721344,0.9557
stage2,3,164,111.11679846048355,0.9445,18.94650661945343,0.9392
stage2,3,165,110.24191725254059,0.94855,19.037449598312378,0.9356
stage2,3,166,110.22138017416,0.9486166666666667,18.69297069311142,0.9481
stage2,3,167,109.88369137048721,0.9497166666666667,18.73569828271866,0.9448
stage2,3,168,109.49908149242401,0.9513333333333334,18.577219307422638,0.952
stage2,3,169,109.06403923034668,0.95365,18.537513256072998,0.9489
stage2,3,170,109.74998760223389,0.9503833333333334,18.927874326705933,0.9408
stage2,3,171,109.21053755283356,0.9528166666666666,18.758033096790314,0.9455
stage2,3,172,109.66541922092438,0.9498666666666666,18.575062215328217,0.951
stage2,3,173,109.19334030151367,0.9517666666666666,18.32829922437668,0.9553
stage2,3,174,109.81043112277985,0.9491666666666667,18.802746891975403,0.9438
stage2,3,175,113.42287188768387,0.9334,18.539405524730682,0.9505
stage2,3,176,110.12805151939392,0.9487333333333333,18.440807282924652,0.9527
stage2,3,177,110.11621570587158,0.9478666666666666,18.58697783946991,0.9488
stage2,3,178,109.27536731958389,0.9513333333333334,18.434368908405304,0.9516
stage2,3,179,109.16596305370331,0.9518333333333333,18.58640205860138,0.9495
stage2,3,180,109.46239930391312,0.9509166666666666,18.396371006965637,0.952
stage2,3,181,108.07950329780579,0.95605,18.277063608169556,0.9544
stage2,3,182,108.81730371713638,0.9502833333333334,18.21978235244751,0.951
stage2,3,183,107.8014577627182,0.9517,18.50476634502411,0.9465
stage2,3,184,107.08536350727081,0.9550833333333333,18.036874175071716,0.9564
stage2,3,185,107.75323814153671,0.95165,18.88577687740326,0.935
stage2,3,186,108.9793289899826,0.9464166666666667,18.536506474018097,0.9406
stage2,3,187,108.78606379032135,0.9466666666666667,18.361293971538544,0.9453
stage2,3,188,106.88291543722153,0.9536666666666667,18.18123024702072,0.9507
stage2,3,189,106.73131257295609,0.95475,18.12893658876419,0.9524
stage2,3,190,107.43821901082993,0.9506166666666667,18.057503283023834,0.9518
stage2,3,191,108.4259022474289,0.9460333333333333,19.03573441505432,0.9258
stage2,3,192,108.18941456079483,0.9482,18.47174632549286,0.9426
stage2,3,193,107.62539350986481,0.9498666666666666,18.131231367588043,0.9528
stage2,3,194,107.72964829206467,0.9488,18.293147385120392,0.947
stage2,3,195,106.61169230937958,0.95445,17.973699867725372,0.9558
stage2,3,196,106.23909604549408,0.9557666666666667,18.457233011722565,0.9443
stage2,3,197,107.39346373081207,0.9507333333333333,18.01444697380066,0.9545
stage2,3,198,106.7687811255455,0.9532,18.314601361751556,0.9476
stage2,3,199,107.06058686971664,0.95205,18.477533400058746,0.9401
stage2,3,200,107.45509833097458,0.9503,18.296755731105804,0.944
stage2,3,201,107.40547311306,0.951,18.46269816160202,0.9464
stage2,3,202,107.15298873186111,0.9514666666666667,18.25875222682953,0.9478
stage2,3,203,107.8822929263115,0.9482333333333334,18.622946083545685,0.9354
stage2,3,204,108.23655277490616,0.9472833333333334,18.40514248609543,0.9439
stage2,3,205,109.63794207572937,0.9400666666666667,18.60198485851288,0.9407
stage2,3,206,106.6394471526146,0.95325,18.375568985939026,0.945
stage2,3,207,108.34016764163971,0.9457333333333333,18.050745129585266,0.9542
stage2,3,208,105.63713473081589,0.9581666666666667,17.930589973926544,0.9556
stage2,3,209,107.58191156387329,0.9490166666666666,18.31124120950699,0.9453
stage2,3,210,106.29018813371658,0.9546166666666667,17.896668434143066,0.9553
stage2,3,211,107.16238963603973,0.9512333333333334,18.180098295211792,0.9487
stage2,3,212,106.96547508239746,0.95145,18.48204392194748,0.9371
stage2,3,213,107.08877515792847,0.9515,17.78512144088745,0.9595
stage2,3,214,109.1679140329361,0.9424166666666667,19.395500004291534,0.9129
stage2,3,215,107.75028002262115,0.94815,17.97662514448166,0.9549
stage2,3,216,106.27994877099991,0.9545833333333333,17.936185121536255,0.9544
stage2,3,217,108.43855094909668,0.9448666666666666,18.54836654663086,0.9403
stage2,3,218,106.42537301778793,0.9541,18.065881848335266,0.9523
stage2,3,219,106.37250459194183,0.95395,17.96367758512497,0.9554
stage2,3,220,106.78082519769669,0.95195,18.147180140018463,0.9481
stage2,3,221,107.24830693006516,0.9492,17.95729899406433,0.9538
stage2,3,222,108.43498259782791,0.9447333333333333,19.203723788261414,0.9255
stage2,3,223,105.67076498270035,0.9568,17.882592976093292,0.9555
stage2,3,224,110.03793573379517,0.9387666666666666,18.141313552856445,0.9516
stage2,3,225,106.81956946849823,0.9519333333333333,17.867040693759918,0.9569
stage2,3,226,105.80597251653671,0.9556333333333333,17.872128903865814,0.9544
stage2,3,227,105.70848608016968,0.956,18.494710326194763,0.939
stage2,3,228,108.37149167060852,0.9446166666666667,18.461183190345764,0.942
stage2,3,229,106.43811213970184,0.9523166666666667,18.64766937494278,0.9371
stage2,3,230,106.01923900842667,0.95475,17.873426020145416,0.9556
stage2,3,231,106.49503999948502,0.9523,17.847666025161743,0.9561
stage2,3,232,106.18217247724533,0.9536333333333333,18.318548917770386,0.9457
stage2,3,233,106.51707363128662,0.9526333333333333,18.04339236021042,0.9526
stage2,3,234,106.42704248428345,0.9524833333333333,17.98273539543152,0.9537
stage2,3,235,104.88146847486496,0.9592,18.229790806770325,0.9486
stage2,3,236,105.84649068117142,0.9553833333333334,17.969384491443634,0.9538
stage2,3,237,105.63019871711731,0.9560833333333333,17.958611011505127,0.9556
stage2,3,238,106.34693533182144,0.9534833333333333,17.927993714809418,0.9549
stage2,3,239,106.38093799352646,0.95315,18.10926079750061,0.9502
stage2,3,240,107.2091833949089,0.9486166666666667,18.21522206068039,0.9464
stage2,3,241,106.6040740609169,0.9520666666666666,18.036774039268494,0.9522
stage2,3,242,106.78719973564148,0.9500833333333333,17.928789258003235,0.9556
stage2,3,243,106.07161086797714,0.9539,18.026378989219666,0.9511
stage2,3,244,106.5210308432579,0.9525333333333333,17.786443293094635,0.958
stage2,3,245,105.06853079795837,0.9578666666666666,17.7171648144722,0.9597
stage2,3,246,105.4931235909462,0.95635,17.82584708929062,0.9567
stage2,3,247,105.91612070798874,0.9545666666666667,17.912355959415436,0.9551
stage2,3,248,105.24202501773834,0.9578166666666666,17.85071575641632,0.9552
stage2,3,249,107.2452210187912,0.9491666666666667,19.76447206735611,0.9164
stage2,3,250,107.75675284862518,0.9467333333333333,18.935290575027466,0.9279
stage2,3,251,106.3273333311081,0.9524333333333334,17.96485185623169,0.953
stage2,3,252,106.62792128324509,0.9515166666666667,17.951811134815216,0.9529
stage2,3,253,106.28453576564789,0.9520833333333333,18.360621333122253,0.9446
stage2,3,254,108.84039640426636,0.9419,18.32045215368271,0.9451
stage2,3,255,106.48519098758698,0.9523,17.994383096694946,0.9513
stage2,3,256,106.20531368255615,0.9532666666666667,17.905345618724823,0.9551
stage2,3,257,106.57942759990692,0.95155,18.22568529844284,0.9461
stage2,3,258,106.85504817962646,0.94985,17.964173197746277,0.9536
stage2,3,259,106.20269340276718,0.9529833333333333,17.838392555713654,0.9552
stage2,3,260,105.90678745508194,0.9546166666666667,18.43834102153778,0.9385
stage2,3,261,107.27342569828033,0.9483,17.90266627073288,0.9532
stage2,3,262,106.99724894762039,0.9496,18.142663061618805,0.9484
stage2,3,263,106.54268342256546,0.9516166666666667,17.931816041469574,0.9523
stage2,3,264,105.7990238070488,0.9546833333333333,18.0877183675766,0.9497
stage2,3,265,107.43793588876724,0.9472166666666667,17.882641851902008,0.9531
stage2,3,266,106.04494857788086,0.9540833333333333,18.073476910591125,0.9486
stage2,3,267,104.60931599140167,0.9595166666666667,17.70664471387863,0.9571
stage2,3,268,106.26785147190094,0.9514833333333333,18.02680194377899,0.9518
stage2,3,269,106.7097983956337,0.9503833333333334,17.703714549541473,0.9607
stage2,3,270,106.72227072715759,0.9506166666666667,18.297909259796143,0.9434
stage2,3,271,106.21079450845718,0.9525833333333333,17.694038331508636,0.9604
stage2,3,272,104.82794606685638,0.9585666666666667,17.82244384288788,0.9549
stage2,3,273,106.44677251577377,0.9514333333333334,17.73012661933899,0.9592
stage2,3,274,105.6851669549942,0.9546833333333333,18.308766841888428,0.9456
stage2,3,275,107.78840720653534,0.9450333333333333,17.670584619045258,0.9588
stage2,3,276,105.34298127889633,0.9556166666666667,17.682994604110718,0.9594
stage2,3,277,106.97087347507477,0.9497666666666666,17.821658074855804,0.9541
stage2,3,278,106.76266837120056,0.9501,18.55924564599991,0.9359
stage2,3,279,106.88656240701675,0.9493,17.883590400218964,0.9525
stage2,3,280,105.16069674491882,0.9570666666666666,17.865781366825104,0.9565
stage2,3,281,105.23883324861526,0.9562,18.040031373500824,0.9487
stage2,3,282,105.10803389549255,0.9557166666666667,17.90325838327408,0.9509
stage2,3,283,104.95528721809387,0.9557166666666667,18.08317768573761,0.9488
stage2,3,284,106.34545469284058,0.9505,17.780170798301697,0.9564
stage2,3,285,104.77526080608368,0.9570333333333333,17.917304039001465,0.9518
stage2,3,286,105.63870567083359,0.9532166666666667,17.65627896785736,0.9597
stage2,3,287,104.93808233737946,0.95645,17.65400230884552,0.96
stage2,3,288,105.37059587240219,0.95475,17.809411883354187,0.9558
stage2,3,289,105.42351412773132,0.9544,18.260600686073303,0.9453
stage2,3,290,106.39808022975922,0.9500333333333333,18.045145392417908,0.9477
stage2,3,291,104.8068305850029,0.9564666666666667,17.9133802652359,0.952
stage2,3,292,106.64164018630981,0.9487333333333333,18.03417295217514,0.9497
stage2,3,293,104.84314978122711,0.95655,17.66715657711029,0.9582
stage2,3,294,104.85342562198639,0.95695,18.503669321537018,0.9391
stage2,3,295,105.2692499756813,0.9535833333333333,17.61611980199814,0.9596
stage2,3,296,104.75986170768738,0.9562,17.56511163711548,0.9616
stage2,3,297,105.00921034812927,0.95495,17.734206199645996,0.9562
stage2,3,298,104.44485741853714,0.9581666666666667,17.548706889152527,0.9608
stage2,3,299,103.76215171813965,0.9606166666666667,17.834284126758575,0.9513
stage2,3,300,105.24446594715118,0.9541333333333334,17.626295924186707,0.959
stage2,4,1,237.98174691200256,0.42835,34.38657367229462,0.5432
stage2,4,2,190.7665503025055,0.6269666666666667,30.564717411994934,0.5873
stage2,4,3,174.65350723266602,0.7008,28.606209993362427,0.619
stage2,4,4,162.2025684118271,0.7744666666666666,26.70384919643402,0.6978
stage2,4,5,153.8644963502884,0.81285,25.678748846054077,0.755
stage2,4,6,146.72477328777313,0.8438166666666667,24.124536991119385,0.8278
stage2,4,7,141.17999529838562,0.868,23.456709504127502,0.8648
stage2,4,8,137.0080373287201,0.8825666666666667,22.998188376426697,0.8505
stage2,4,9,133.62710309028625,0.8918333333333334,22.257332921028137,0.8468
stage2,4,10,130.94234907627106,0.898,21.848134398460388,0.8941
stage2,4,11,128.32523441314697,0.9057166666666666,21.4337357878685,0.9016
stage2,4,12,126.50365722179413,0.9094,21.14558058977127,0.9136
stage2,4,13,124.68155002593994,0.9137333333333333,20.77789270877838,0.9131
stage2,4,14,123.45582497119904,0.91535,20.814565777778625,0.9072
stage2,4,15,122.58299678564072,0.9173833333333333,20.551830530166626,0.9158
stage2,4,16,121.63499110937119,0.9195333333333333,20.436223685741425,0.9184
stage2,4,17,120.90244174003601,0.9212166666666667,20.566020786762238,0.9094
stage2,4,18,120.33983379602432,0.92165,20.062643349170685,0.9272
stage2,4,19,119.00908774137497,0.9259,20.081750094890594,0.9249
stage2,4,20,118.0315334200859,0.9289666666666667,19.7663072347641,0.9301
stage2,4,21,118.26019382476807,0.92515,20.23506647348404,0.9125
stage2,4,22,116.73210507631302,0.9310666666666667,19.65326750278473,0.9324
stage2,4,23,116.16755765676498,0.9318166666666666,19.826590359210968,0.9234
stage2,4,24,116.15654218196869,0.9300166666666667,19.495317101478577,0.9334
stage2,4,25,114.72395128011703,0.93625,19.389490723609924,0.9321
stage2,4,26,114.75637966394424,0.9336333333333333,19.29956203699112,0.9353
stage2,4,27,114.01288175582886,0.93625,19.2283918261528,0.9357
stage2,4,28,114.3677886724472,0.9346,19.138749480247498,0.9393
stage2,4,29,113.49516350030899,0.9372166666666667,19.374973833560944,0.9323
stage2,4,30,113.00915372371674,0.93905,19.114409804344177,0.9355
stage2,4,31,113.6034517288208,0.9356833333333333,19.0667445063591,0.9341
stage2,4,32,112.91104757785797,0.93855,19.102750301361084,0.9364
stage2,4,33,112.33849883079529,0.9387833333333333,19.323726177215576,0.9261
stage2,4,34,112.30598992109299,0.9369833333333333,19.038362205028534,0.9337
stage2,4,35,111.61579352617264,0.9396833333333333,18.994918644428253,0.9347
stage2,4,36,111.73739498853683,0.9382166666666667,18.871060132980347,0.9371
stage2,4,37,110.82968366146088,0.9415833333333333,18.85392075777054,0.9348
stage2,4,38,110.24776762723923,0.9444666666666667,18.654087901115417,0.9414
stage2,4,39,110.23665899038315,0.9431166666666667,18.662398874759674,0.9406
stage2,4,40,111.23932921886444,0.9383666666666667,18.871267080307007,0.9376
stage2,4,41,109.97538912296295,0.9433166666666667,18.74883872270584,0.9376
stage2,4,42,110.10859608650208,0.94255,18.62156468629837,0.9431
stage2,4,43,109.81644129753113,0.9445666666666667,19.478716254234314,0.9163
stage2,4,44,110.46845668554306,0.9404166666666667,18.508519291877747,0.9438
stage2,4,45,109.28772354125977,0.9447166666666666,18.36299204826355,0.9465
stage2,4,46,109.4361521601677,0.9431166666666667,18.325050354003906,0.9487
stage2,4,47,109.30436199903488,0.9435333333333333,19.392970502376556,0.9138
stage2,4,48,108.71160900592804,0.9461,18.494130551815033,0.9429
stage2,4,49,109.01071965694427,0.9430333333333333,18.31290066242218,0.9438
stage2,4,50,109.07090151309967,0.9424833333333333,18.90020579099655,0.9279
stage2,4,51,108.85186159610748,0.9431,18.27254354953766,0.9473
stage2,4,52,108.23356455564499,0.9459666666666666,18.36016356945038,0.944
stage2,4,53,109.01342153549194,0.94185,18.242517590522766,0.9465
stage2,4,54,107.87067675590515,0.9466833333333333,18.199122548103333,0.9477
stage2,4,55,107.28863489627838,0.9487166666666667,18.337723433971405,0.9414
stage2,4,56,108.13646239042282,0.94485,18.264041483402252,0.9468
stage2,4,57,107.07559251785278,0.9494166666666667,18.204047858715057,0.9438
stage2,4,58,106.72357547283173,0.9506,18.207953929901123,0.9449
stage2,4,59,107.15981823205948,0.9487333333333333,18.132939994335175,0.9486
stage2,4,60,107.34364068508148,0.9481166666666667,18.1200293302536,0.9482
stage2,4,61,107.28234714269638,0.9480333333333333,18.180177450180054,0.9442
stage2,4,62,107.19530141353607,0.9477333333333333,17.9465451836586,0.9531
stage2,4,63,107.23628038167953,0.9479166666666666,18.328748762607574,0.9423
stage2,4,64,106.92232102155685,0.9484833333333333,18.184226989746094,0.9455
stage2,4,65,106.84964197874069,0.9487833333333333,18.032938957214355,0.9474
stage2,4,66,106.61324274539948,0.9490666666666666,18.2321697473526,0.9428
stage2,4,67,106.98555982112885,0.9480333333333333,18.515258967876434,0.9329
stage2,4,68,106.58688539266586,0.9489666666666666,18.08529669046402,0.9462
stage2,4,69,105.49283444881439,0.9540666666666666,17.85277432203293,0.9522
stage2,4,70,106.31563556194305,0.9503333333333334,18.038817763328552,0.9486
stage2,4,71,107.3511825799942,0.94565,18.469083607196808,0.9374
stage2,4,72,106.42777007818222,0.9494666666666667,18.151199996471405,0.9468
stage2,4,73,106.42043679952621,0.9492333333333334,18.051823496818542,0.948
stage2,4,74,106.2390301823616,0.9497833333333333,17.870698988437653,0.9509
stage2,4,75,106.36097413301468,0.94925,18.60299003124237,0.9301
stage2,4,76,107.08629304170609,0.94525,17.875038266181946,0.9518
stage2,4,77,106.00318175554276,0.9501166666666667,18.3781219124794,0.9382
stage2,4,78,106.29732125997543,0.9482166666666667,17.82329910993576,0.9527
stage2,4,79,105.73177099227905,0.9505166666666667,17.881021976470947,0.9498
stage2,4,80,105.69922709465027,0.95115,17.946281254291534,0.9484
stage2,4,81,105.18078219890594,0.9524333333333334,17.819832026958466,0.9514
stage2,4,82,105.55957579612732,0.9507,17.923365592956543,0.949
stage2,4,83,105.58072876930237,0.9510666666666666,17.97742384672165,0.9485
stage2,4,84,105.45882713794708,0.9518,17.956979513168335,0.9489
stage2,4,85,105.73820096254349,0.9501333333333334,17.756303369998932,0.9531
stage2,4,86,104.27449065446854,0.9564666666666667,18.173742830753326,0.9401
stage2,4,87,105.27860379219055,0.9525833333333333,17.66298681497574,0.9541
stage2,4,88,105.33609563112259,0.95225,17.964800596237183,0.9482
stage2,4,89,106.11270689964294,0.9478833333333333,17.78591948747635,0.9502
stage2,4,90,105.03180027008057,0.9526,17.571833431720734,0.9572
stage2,4,91,104.499891102314,0.9553333333333334,17.875370800495148,0.9494
stage2,4,92,104.9106764793396,0.9532,17.87931054830551,0.9491
stage2,4,93,105.42161124944687,0.9503,17.983980894088745,0.9449
stage2,4,94,105.02901577949524,0.9527166666666667,18.232922911643982,0.9395
stage2,4,95,105.04194247722626,0.9528,18.131454408168793,0.9383
stage2,4,96,104.868636906147,0.9537166666666667,18.449108600616455,0.9334
stage2,4,97,105.58708328008652,0.9501666666666667,17.782440185546875,0.9518
stage2,4,98,104.1337411403656,0.9560166666666666,17.650912165641785,0.9546
stage2,4,99,104.49010848999023,0.9544666666666667,17.870217323303223,0.9491
stage2,4,100,104.97732937335968,0.9524666666666667,17.753964960575104,0.9523
stage2,4,101,105.54776334762573,0.9501666666666667,17.83476859331131,0.9507
stage2,4,102,105.15394252538681,0.9519166666666666,17.7739799618721,0.9522
stage2,4,103,105.87638366222382,0.94925,17.86310625076294,0.9474
stage2,4,104,104.98140567541122,0.9525,17.80936574935913,0.9494
stage2,4,105,103.84544265270233,0.9581166666666666,17.753035485744476,0.9515
stage2,4,106,104.36429691314697,0.95525,17.75357222557068,0.9486
stage2,4,107,104.83976340293884,0.9524,17.707976639270782,0.952
stage2,4,108,103.94859796762466,0.9569,17.740640461444855,0.9518
stage2,4,109,103.9050412774086,0.957,17.761553585529327,0.9506
stage2,4,110,104.4012400507927,0.9541666666666667,18.02410650253296,0.9455
stage2,4,111,104.61606007814407,0.9529666666666666,17.656451284885406,0.9549
stage2,4,112,104.6928601861,0.9529,18.058996319770813,0.9449
stage2,4,113,104.9385113120079,0.9518833333333333,17.71137261390686,0.952
stage2,4,114,103.65947598218918,0.9575,17.521677494049072,0.9561
stage2,4,115,104.95148795843124,0.95145,17.778113186359406,0.9496
stage2,4,116,104.55002331733704,0.9538666666666666,17.819814801216125,0.95
stage2,4,117,104.61992484331131,0.9525666666666667,18.108823895454407,0.9413
stage2,4,118,103.83878898620605,0.9566666666666667,17.669264674186707,0.9544
stage2,4,119,104.08954966068268,0.95575,18.107805490493774,0.9415
stage2,4,120,105.0231676697731,0.9510666666666666,17.861710727214813,0.9457
stage2,4,121,104.14494556188583,0.9557,17.59679639339447,0.9544
stage2,4,122,104.11051142215729,0.9548,17.752966225147247,0.9511
stage2,4,123,103.79175990819931,0.9564333333333334,17.78541088104248,0.9506
stage2,4,124,103.35078966617584,0.9581166666666666,17.53221195936203,0.9568
stage2,4,125,104.57154017686844,0.9526333333333333,17.82853376865387,0.9474
stage2,4,126,104.779365837574,0.9526166666666667,17.620805978775024,0.9553
stage2,4,127,104.31761628389359,0.9541666666666667,17.601182639598846,0.9545
stage2,4,128,104.21263933181763,0.9538333333333333,17.740219593048096,0.9495
stage2,4,129,103.34208035469055,0.9583166666666667,17.77605402469635,0.9476
stage2,4,130,103.96541655063629,0.9554,17.550521731376648,0.9566
stage2,4,131,103.81598836183548,0.9562166666666667,17.573604345321655,0.9542
stage2,4,132,104.81657671928406,0.9515,17.783692479133606,0.9498
stage2,4,133,104.98846918344498,0.94995,17.941376864910126,0.945
stage2,4,134,103.70467287302017,0.9557666666666667,18.29332011938095,0.9373
stage2,4,135,105.22528845071793,0.94865,17.64372217655182,0.9535
stage2,4,136,104.42744064331055,0.9528,17.850184082984924,0.9465
stage2,4,137,103.63061767816544,0.9558666666666666,17.782011926174164,0.9501
stage2,4,138,103.28007906675339,0.9575,17.56495988368988,0.9529
stage2,4,139,103.74580872058868,0.95435,17.522780656814575,0.9554
stage2,4,140,104.08101886510849,0.9526166666666667,17.87677627801895,0.9448
stage2,4,141,104.57353246212006,0.9506833333333333,17.347633004188538,0.9595
stage2,4,142,103.2602186203003,0.9563833333333334,17.578975915908813,0.9532
stage2,4,143,103.29445034265518,0.9565,17.570160567760468,0.954
stage2,4,144,103.19355446100235,0.9573166666666667,17.774036824703217,0.9479
stage2,4,145,104.24722111225128,0.9518833333333333,17.726073682308197,0.9493
stage2,4,146,103.59260904788971,0.9551833333333334,17.545691907405853,0.953
stage2,4,147,102.98702162504196,0.95805,17.491769671440125,0.9562
stage2,4,148,103.15426701307297,0.9568,17.437945127487183,0.9571
stage2,4,149,102.48601448535919,0.9602333333333334,17.23433482646942,0.9629
stage2,4,150,102.47042721509933,0.95965,17.53640854358673,0.9546
stage2,4,151,104.4456314444542,0.95135,18.789038121700287,0.9213
stage2,4,152,102.89403665065765,0.9571833333333334,17.35932719707489,0.9597
stage2,4,153,102.43630212545395,0.9593666666666667,17.33530855178833,0.9602
stage2,4,154,103.05992615222931,0.9569666666666666,17.92625480890274,0.9401
stage2,4,155,103.94229012727737,0.95295,17.880602061748505,0.9457
stage2,4,156,104.85413354635239,0.9484833333333333,17.539239406585693,0.9537
stage2,4,157,102.69948065280914,0.9589333333333333,17.52838659286499,0.9543
stage2,4,158,103.08727991580963,0.9566666666666667,17.507961571216583,0.9554
stage2,4,159,103.51130640506744,0.9554333333333334,17.963099658489227,0.9436
stage2,4,160,103.214324593544,0.9558833333333333,17.402381360530853,0.9569
stage2,4,161,102.96142202615738,0.9576166666666667,17.528731405735016,0.9543
stage2,4,162,102.90756529569626,0.9577833333333333,17.446107804775238,0.9559
stage2,4,163,102.87157964706421,0.9574333333333334,17.385014474391937,0.9581
stage2,4,164,102.51115304231644,0.9595,17.562025368213654,0.952
stage2,4,165,102.80317598581314,0.9575833333333333,17.618437945842743,0.9507
stage2,4,166,102.90699851512909,0.9567833333333333,17.571869909763336,0.9529
stage2,4,167,110.28071999549866,0.9241166666666667,17.711380064487457,0.9492
stage2,4,168,102.69656378030777,0.9583333333333334,17.449763417243958,0.9564
stage2,4,169,102.15934354066849,0.9605333333333334,17.21200853586197,0.9631
stage2,4,170,102.76921427249908,0.95745,17.491537749767303,0.9569
stage2,4,171,102.39848172664642,0.9597166666666667,17.370339274406433,0.9583
stage2,4,172,102.7986449599266,0.9576,17.572745740413666,0.9543
stage2,4,173,102.74923712015152,0.9578333333333333,17.515643537044525,0.9532
stage2,4,174,102.90113347768784,0.9574666666666667,17.356427252292633,0.9594
stage2,4,175,103.6713257431984,0.9541,17.457862555980682,0.9554
stage2,4,176,103.11319649219513,0.9559,17.406077027320862,0.9577
stage2,4,177,103.53425168991089,0.9552333333333334,17.489477336406708,0.9538
stage2,4,178,103.1236298084259,0.9557666666666667,17.376204133033752,0.9582
stage2,4,179,103.53195279836655,0.9551833333333334,17.512862384319305,0.9561
stage2,4,180,102.76728242635727,0.9584333333333334,17.347864508628845,0.9587
stage2,4,181,102.6568655371666,0.9586666666666667,17.62325668334961,0.9504
stage2,4,182,102.8147047162056,0.95745,17.498565912246704,0.9557
stage2,4,183,103.57181549072266,0.9537833333333333,17.47380095720291,0.9553
stage2,4,184,103.33836144208908,0.9553333333333334,17.319345891475677,0.9591
stage2,4,185,102.48100131750107,0.95825,17.392131626605988,0.9577
stage2,4,186,102.228768825531,0.95915,17.379866659641266,0.9571
stage2,4,187,102.25748491287231,0.9602833333333334,18.07187008857727,0.9412
stage2,4,188,103.66799736022949,0.9540666666666666,17.602280259132385,0.9526
stage2,4,189,102.21985602378845,0.9601833333333334,17.147939562797546,0.964
stage2,4,190,102.49120676517487,0.9590833333333333,17.163761854171753,0.9629
stage2,4,191,102.56201905012131,0.9587333333333333,17.396089911460876,0.9574
stage2,4,192,102.82523238658905,0.9570333333333333,17.3982874751091,0.9561
stage2,4,193,101.82376831769943,0.9616333333333333,17.46866023540497,0.9539
stage2,4,194,132.43008184432983,0.8199333333333333,17.88079833984375,0.943
stage2,4,195,104.23001337051392,0.95025,17.478650391101837,0.9539
stage2,4,196,102.58609700202942,0.9576,17.417359828948975,0.9554
stage2,4,197,102.0828070640564,0.9600833333333333,17.459361374378204,0.9539
stage2,4,198,101.88487476110458,0.9610666666666666,17.453030228614807,0.9558
stage2,4,199,102.18984419107437,0.95995,17.279810905456543,0.9582
stage2,4,200,102.42070788145065,0.9583666666666667,17.48367691040039,0.955
stage2,4,201,102.1142126917839,0.9597666666666667,17.742148518562317,0.9468
stage2,4,202,104.12135118246078,0.9510333333333333,17.519043505191803,0.9533
stage2,4,203,102.13136368989944,0.9596333333333333,17.48855972290039,0.9545
stage2,4,204,101.97984611988068,0.9604,17.296258330345154,0.9602
stage2,4,205,103.1516038775444,0.95505,17.6727854013443,0.9508
stage2,4,206,102.59872835874557,0.9580833333333333,17.365453839302063,0.9575
stage2,4,207,102.35586643218994,0.95825,17.422898709774017,0.9552
stage2,4,208,102.32265889644623,0.9584166666666667,17.475037336349487,0.9546
stage2,4,209,102.46631914377213,0.9584166666666667,17.36975258588791,0.9567
stage2,4,210,102.38463008403778,0.95885,17.72578126192093,0.9477
stage2,4,211,103.8492506146431,0.9516666666666667,17.28841906785965,0.9593
stage2,4,212,101.80708575248718,0.9610833333333333,17.456459522247314,0.9561
stage2,4,213,101.91534173488617,0.9606833333333333,17.587067663669586,0.9521
stage2,4,214,102.64760541915894,0.9575166666666667,18.092586040496826,0.935
stage2,4,215,103.60794979333878,0.9530333333333333,17.47377336025238,0.9537
stage2,4,216,102.14005726575851,0.9596833333333333,17.516564428806305,0.9533
stage2,4,217,102.68484836816788,0.9573,17.20981603860855,0.9618
stage2,4,218,102.53917622566223,0.95835,17.680750489234924,0.949
stage2,4,219,102.86213886737823,0.9561833333333334,17.743250608444214,0.9468
stage2,4,220,102.14802312850952,0.95955,17.277451515197754,0.9594
stage2,4,221,103.26309376955032,0.9548833333333333,17.188412487506866,0.9624
stage2,4,222,102.31155240535736,0.9587,17.546734869480133,0.954
stage2,4,223,102.1198959350586,0.9592833333333334,17.268123984336853,0.9596
stage2,4,224,101.32114166021347,0.96275,17.21261352300644,0.9622
stage2,4,225,101.4546245932579,0.9623833333333334,17.22723960876465,0.9607
stage2,4,226,102.69103646278381,0.9574666666666667,17.402665317058563,0.9562
stage2,4,227,101.84059274196625,0.9603833333333334,17.338653922080994,0.958
stage2,4,228,102.46026641130447,0.9584666666666667,17.866206526756287,0.9441
stage2,4,229,103.88154947757721,0.9520833333333333,17.32464963197708,0.9592
stage2,4,230,101.63218986988068,0.9615166666666667,17.297068119049072,0.9582
stage2,4,231,102.47529888153076,0.9578333333333333,17.212814271450043,0.9623
stage2,4,232,102.21566134691238,0.9593166666666667,17.218771934509277,0.9616
stage2,4,233,101.73231840133667,0.9611333333333333,17.29448711872101,0.9605
stage2,4,234,101.7239156961441,0.9612166666666667,17.488513469696045,0.9544
stage2,4,235,101.38327383995056,0.9626833333333333,17.33061808347702,0.9578
stage2,4,236,102.10072135925293,0.9599166666666666,17.675619304180145,0.9502
stage2,4,237,102.10234928131104,0.9601666666666666,17.504888117313385,0.9536
stage2,4,238,101.51265573501587,0.9629333333333333,17.291768312454224,0.9588
stage2,4,239,102.23853605985641,0.9592166666666667,17.274944603443146,0.9594
stage2,4,240,101.81855404376984,0.96035,17.24067521095276,0.9598
stage2,4,241,101.12254303693771,0.9639333333333333,17.38322341442108,0.9568
stage2,4,242,101.90032756328583,0.9602833333333334,17.322114884853363,0.9592
stage2,4,243,101.60008066892624,0.96225,17.42937046289444,0.956
stage2,4,244,101.43980872631073,0.9624,17.563981533050537,0.9529
stage2,4,245,101.74313944578171,0.9614833333333334,17.278539896011353,0.9595
stage2,4,246,101.86855417490005,0.9599666666666666,17.216779232025146,0.9608
stage2,4,247,101.56279909610748,0.96225,17.30298388004303,0.9585
stage2,4,248,101.4401313662529,0.9628166666666667,17.288182497024536,0.9596
stage2,4,249,101.45558899641037,0.96225,17.197404623031616,0.9622
stage2,4,250,102.01983428001404,0.96055,17.581079423427582,0.9526
stage2,4,251,102.67213785648346,0.9567666666666667,17.348093509674072,0.9569
stage2,4,252,102.08011984825134,0.9597833333333333,17.368288218975067,0.9556
stage2,4,253,101.7575250864029,0.9613833333333334,17.39235806465149,0.9558
stage2,4,254,102.28571939468384,0.95815,17.289842545986176,0.9583
stage2,4,255,102.33848905563354,0.95785,17.37088519334793,0.9561
stage2,4,256,102.53151082992554,0.9581,17.44946599006653,0.9563
stage2,4,257,102.05043017864227,0.9596333333333333,17.27641326189041,0.9581
stage2,4,258,101.96721923351288,0.9602666666666667,17.209916591644287,0.9616
stage2,4,259,102.78290683031082,0.9566,17.488906502723694,0.954
stage2,4,260,102.28598469495773,0.9585333333333333,17.32899045944214,0.9577
stage2,4,261,103.21005010604858,0.95455,17.73864322900772,0.9493
stage2,4,262,102.4813728928566,0.9575166666666667,17.28987604379654,0.9591
stage2,4,263,101.81032276153564,0.9605333333333334,17.396614253520966,0.9548
stage2,4,264,102.77606284618378,0.9570666666666666,17.374202847480774,0.957
stage2,4,265,101.97326463460922,0.9599,17.31489270925522,0.9586
stage2,4,266,101.56956446170807,0.9618833333333333,17.149027705192566,0.9626
stage2,4,267,101.6303995847702,0.962,17.202330470085144,0.9617
stage2,4,268,102.51162469387054,0.9582,17.551837265491486,0.9517
stage2,4,269,102.31603276729584,0.9583666666666667,17.322163581848145,0.957
stage2,4,270,101.47502464056015,0.9619666666666666,17.26045972108841,0.9588
stage2,4,271,101.86539727449417,0.9601,17.52640998363495,0.9525
stage2,4,272,103.01184886693954,0.9555,17.569539666175842,0.952
stage2,4,273,102.14234292507172,0.9589833333333333,17.307413160800934,0.9571
stage2,4,274,101.94680565595627,0.96025,17.406166076660156,0.9556
stage2,4,275,101.65338909626007,0.9611333333333333,17.282453179359436,0.9598
stage2,4,276,107.07985872030258,0.939,17.669549107551575,0.9484
stage2,4,277,102.09355860948563,0.9592333333333334,17.7355278134346,0.9481
stage2,4,278,101.86850482225418,0.9605166666666667,17.358825266361237,0.9567
stage2,4,279,103.04502010345459,0.955,17.428028523921967,0.9559
stage2,4,280,103.25981801748276,0.95465,17.563003599643707,0.9511
stage2,4,281,101.49858087301254,0.96215,17.107121348381042,0.9644
stage2,4,282,100.99734848737717,0.96385,17.356742918491364,0.9567
stage2,4,283,101.78929376602173,0.96075,17.166011214256287,0.9609
stage2,4,284,101.83257216215134,0.9603666666666667,17.66653549671173,0.9473
stage2,4,285,101.93773245811462,0.9598666666666666,17.30375701189041,0.9569
stage2,4,286,101.57672363519669,0.9618833333333333,17.42071431875229,0.9559
stage2,4,287,102.1161960363388,0.9589166666666666,17.478359043598175,0.9495
stage2,4,288,101.862788438797,0.9605333333333334,17.492307603359222,0.9525
stage2,4,289,101.6567730307579,0.9608666666666666,17.547787070274353,0.95
stage2,4,290,101.36245459318161,0.9620333333333333,17.18707138299942,0.9608
stage2,4,291,101.17596477270126,0.9631166666666666,17.18782365322113,0.9604
stage2,4,292,102.10357409715652,0.9588166666666667,17.389925062656403,0.9557
stage2,4,293,102.11357998847961,0.9588333333333333,17.401306927204132,0.9563
stage2,4,294,102.50844848155975,0.95695,17.51990669965744,0.9542
stage2,4,295,103.393425822258,0.9534833333333333,17.60561978816986,0.9493
stage2,4,296,102.04103028774261,0.9593833333333334,17.1356720328331,0.963
stage2,4,297,101.30479842424393,0.9617666666666667,17.692811489105225,0.948
stage2,4,298,102.1541411280632,0.9585833333333333,17.261304318904877,0.9592
stage2,4,299,101.10121703147888,0.9626833333333333,17.089666783809662,0.9635
stage2,4,300,101.08029019832611,0.9628666666666666,17.31607311964035,0.9567
stage2,5,1,233.8714792728424,0.40708333333333335,34.46324861049652,0.5493
stage2,5,2,191.37999606132507,0.6768,30.854374170303345,0.6137
stage2,5,3,174.5644792318344,0.752,28.69235920906067,0.6058
stage2,5,4,163.65419507026672,0.7937,26.950509190559387,0.653
stage2,5,5,155.3690015077591,0.81915,26.140096068382263,0.6452
stage2,5,6,149.07868099212646,0.8353666666666667,24.721985459327698,0.7234
stage2,5,7,144.3437272310257,0.8475666666666667,24.43308389186859,0.7226
stage2,5,8,141.22869622707367,0.8543,24.890264749526978,0.6963
stage2,5,9,138.12202370166779,0.8651333333333333,22.960721611976624,0.7485
stage2,5,10,135.6675750017166,0.8726833333333334,23.60454487800598,0.7419
stage2,5,11,135.22413170337677,0.86845,22.749446153640747,0.7666
stage2,5,12,131.89810693264008,0.8787166666666667,22.17368721961975,0.7583
stage2,5,13,130.9516408443451,0.8797,22.21149456501007,0.7895
stage2,5,14,127.91275811195374,0.8893,21.4699809551239,0.797
stage2,5,15,128.48891687393188,0.8837333333333334,21.359064996242523,0.799
stage2,5,16,124.90708202123642,0.8977666666666667,21.189674079418182,0.7872
stage2,5,17,125.01930940151215,0.8922666666666667,20.742650389671326,0.8149
stage2,5,18,122.26464247703552,0.9030166666666667,20.733040511608124,0.828
stage2,5,19,123.069160759449,0.8943333333333333,20.88256984949112,0.8182
stage2,5,20,122.80549347400665,0.8929,20.8432275056839,0.8298
stage2,5,21,120.90175890922546,0.8990833333333333,20.135232031345367,0.8157
stage2,5,22,119.57839751243591,0.9040166666666667,20.414918303489685,0.7805
stage2,5,23,119.3045135140419,0.9037333333333334,19.993858814239502,0.8161
stage2,5,24,118.13478630781174,0.9071,19.908782303333282,0.8482
stage2,5,25,117.26314198970795,0.9094833333333333,20.090863525867462,0.8582
stage2,5,26,117.27861881256104,0.9082833333333333,20.541890025138855,0.8475
stage2,5,27,116.90338253974915,0.9089333333333334,19.943203568458557,0.8054
stage2,5,28,115.6806691288948,0.9126666666666666,19.62125277519226,0.8456
stage2,5,29,114.7499109506607,0.9167333333333333,19.784176111221313,0.8458
stage2,5,30,115.55650919675827,0.9110666666666667,19.457698106765747,0.8266
stage2,5,31,113.67157030105591,0.9193166666666667,19.412634313106537,0.8484
stage2,5,32,114.09510588645935,0.9164166666666667,19.341395437717438,0.8584
stage2,5,33,113.07726639509201,0.9200833333333334,19.017458975315094,0.838
stage2,5,34,113.39792084693909,0.9174666666666667,19.635579586029053,0.856
stage2,5,35,113.6924814581871,0.9153333333333333,19.518878400325775,0.8192
stage2,5,36,112.25247198343277,0.9209333333333334,18.786611139774323,0.8502
stage2,5,37,111.21647208929062,0.9243833333333333,19.0665984749794,0.874
stage2,5,38,110.73092705011368,0.9261833333333334,18.954301059246063,0.8733
stage2,5,39,111.4761825799942,0.9215833333333333,18.97452175617218,0.8776
stage2,5,40,110.37456792593002,0.9260833333333334,18.868469536304474,0.8588
stage2,5,41,110.18390327692032,0.9260166666666667,19.125910997390747,0.8464
stage2,5,42,109.84951156377792,0.9264,18.379978477954865,0.8971
stage2,5,43,109.39591073989868,0.92895,18.710017502307892,0.8866
stage2,5,44,110.46156525611877,0.9231666666666667,18.904736042022705,0.8729
stage2,5,45,109.22770577669144,0.9286,18.628528475761414,0.9071
stage2,5,46,109.52138262987137,0.9262333333333334,18.201687335968018,0.879
stage2,5,47,108.20187586545944,0.9322166666666667,18.74472188949585,0.8676
stage2,5,48,108.68841302394867,0.9292666666666667,19.258170008659363,0.8529
stage2,5,49,109.64243865013123,0.9250666666666667,18.292572259902954,0.9066
stage2,5,50,108.43241733312607,0.9300666666666667,18.431373357772827,0.9156
stage2,5,51,107.04589682817459,0.9355,17.997028350830078,0.9212
stage2,5,52,108.47623783349991,0.9272666666666667,18.725588977336884,0.883
stage2,5,53,107.8701833486557,0.92855,18.221647143363953,0.8866
stage2,5,54,106.96946859359741,0.9328666666666666,18.335645079612732,0.8988
stage2,5,55,107.52146816253662,0.92955,18.35593408346176,0.9102
stage2,5,56,106.95813083648682,0.9311666666666667,17.83446604013443,0.9187
stage2,5,57,106.45642173290253,0.9331666666666667,18.00287812948227,0.9103
stage2,5,58,105.70131063461304,0.9356,17.769242703914642,0.9095
stage2,5,59,105.04825055599213,0.9361166666666667,18.19636833667755,0.9046
stage2,5,60,105.81818234920502,0.9316333333333333,17.93629366159439,0.8966
stage2,5,61,104.34900736808777,0.93765,18.219645380973816,0.9116
stage2,5,62,105.62252509593964,0.93195,17.99156016111374,0.9092
stage2,5,63,104.84652262926102,0.9350666666666667,17.961821973323822,0.9185
stage2,5,64,105.0435380935669,0.9344833333333333,18.037846744060516,0.9196
stage2,5,65,103.90017348527908,0.93885,17.569907188415527,0.9239
stage2,5,66,103.65563935041428,0.9388666666666666,17.68449431657791,0.9219
stage2,5,67,104.33504194021225,0.9358833333333333,18.019060015678406,0.9204
stage2,5,68,104.72702658176422,0.9349,17.61969882249832,0.9219
stage2,5,69,104.23935294151306,0.9365333333333333,17.75233018398285,0.9267
stage2,5,70,104.08732384443283,0.9365833333333333,17.97366189956665,0.93
stage2,5,71,103.71302765607834,0.9387666666666666,17.425746977329254,0.9288
stage2,5,72,105.1580696105957,0.93175,17.515441715717316,0.9347
stage2,5,73,102.67793709039688,0.94255,18.187154054641724,0.8998
stage2,5,74,104.14133286476135,0.9360666666666667,17.90055412054062,0.9262
stage2,5,75,104.36751699447632,0.9351666666666667,17.28029441833496,0.9212
stage2,5,76,103.24381917715073,0.9398666666666666,17.712583243846893,0.9181
stage2,5,77,103.07851660251617,0.94025,17.96853679418564,0.8986
stage2,5,78,102.41289567947388,0.9423333333333334,17.828851878643036,0.9097
stage2,5,79,103.71128994226456,0.9366666666666666,17.37497979402542,0.9325
stage2,5,80,102.68303686380386,0.9408833333333333,17.27512001991272,0.9264
stage2,5,81,103.40228670835495,0.9372333333333334,17.270967662334442,0.9198
stage2,5,82,102.71840584278107,0.9392166666666667,17.364763617515564,0.9325
stage2,5,83,102.02454507350922,0.9415833333333333,17.298966467380524,0.9314
stage2,5,84,102.63337707519531,0.9380166666666667,17.312068283557892,0.9257
stage2,5,85,101.8148775100708,0.9413166666666667,17.132479071617126,0.9211
stage2,5,86,102.16488403081894,0.9396666666666667,17.508872032165527,0.9212
stage2,5,87,102.01265341043472,0.941,17.453440845012665,0.9131
stage2,5,88,101.84468984603882,0.9409666666666666,17.71851497888565,0.9251
stage2,5,89,102.97592878341675,0.9364666666666667,17.567848086357117,0.9229
stage2,5,90,102.2838163971901,0.93885,17.096815645694733,0.9377
stage2,5,91,101.82928520441055,0.9403333333333334,18.136453092098236,0.892
stage2,5,92,101.42657023668289,0.94195,17.210777401924133,0.9324
stage2,5,93,101.7283685207367,0.9418166666666666,17.454492032527924,0.9111
stage2,5,94,100.7121011018753,0.9447166666666666,17.007271945476532,0.9358
stage2,5,95,101.75786864757538,0.9395166666666667,17.554539680480957,0.9051
stage2,5,96,101.73101705312729,0.9399833333333333,17.014699637889862,0.9214
stage2,5,97,100.92349511384964,0.9434,17.373587548732758,0.9313
stage2,5,98,101.9872482419014,0.9392333333333334,17.57128256559372,0.9053
stage2,5,99,101.60709899663925,0.9404166666666667,17.16427195072174,0.911
stage2,5,100,99.88121402263641,0.9468,17.31965798139572,0.93
stage2,5,101,100.98008704185486,0.9416166666666667,16.9402214884758,0.942
stage2,5,102,100.48773223161697,0.9435333333333333,17.329590022563934,0.9284
stage2,5,103,101.44596362113953,0.9394333333333333,16.97445446252823,0.9405
stage2,5,104,100.58171600103378,0.9419,17.0335333943367,0.9342
stage2,5,105,99.59326726198196,0.9465333333333333,16.966515362262726,0.9277
stage2,5,106,100.0815024971962,0.9442333333333334,17.06466120481491,0.9365
stage2,5,107,100.098000228405,0.9440333333333333,16.846209406852722,0.9383
stage2,5,108,99.52132964134216,0.9466,16.9148308634758,0.9394
stage2,5,109,100.01787674427032,0.9444166666666667,17.541798949241638,0.9296
stage2,5,110,100.69899642467499,0.9412333333333334,17.105206966400146,0.9291
stage2,5,111,99.8460054397583,0.9426333333333333,16.828663408756256,0.9386
stage2,5,112,99.5020283460617,0.9439666666666666,17.129654467105865,0.9253
stage2,5,113,99.79608607292175,0.9420166666666666,17.753234386444092,0.9241
stage2,5,114,99.47501701116562,0.9440333333333333,17.03672742843628,0.9351
stage2,5,115,99.65859514474869,0.9436,17.36770325899124,0.922
stage2,5,116,99.33922493457794,0.9435166666666667,16.853584706783295,0.9401
stage2,5,117,99.55368667840958,0.94315,16.834118604660034,0.9375
stage2,5,118,99.88490504026413,0.94225,17.02958506345749,0.9326
stage2,5,119,98.07360231876373,0.9494,17.06886786222458,0.9223
stage2,5,120,100.24544668197632,0.9404833333333333,17.143962740898132,0.933
stage2,5,121,98.58927756547928,0.94735,16.903226256370544,0.9315
stage2,5,122,98.57057213783264,0.9473,16.805284440517426,0.9402
stage2,5,123,99.12064576148987,0.9451166666666667,16.96779853105545,0.934
stage2,5,124,99.80063635110855,0.9424333333333333,17.764759838581085,0.9108
stage2,5,125,99.44586765766144,0.94275,16.624038696289062,0.942
stage2,5,126,98.90174096822739,0.9459166666666666,16.880990147590637,0.9318
stage2,5,127,98.94157129526138,0.94525,17.36796748638153,0.9192
stage2,5,128,98.84766298532486,0.9456166666666667,17.07020354270935,0.9265
stage2,5,129,98.58800077438354,0.9464666666666667,16.576141834259033,0.9336
stage2,5,130,97.88651067018509,0.9493666666666667,16.861831784248352,0.9374
stage2,5,131,98.15202695131302,0.9482,16.949654698371887,0.9284
stage2,5,132,98.47783052921295,0.9466333333333333,16.870946943759918,0.9359
stage2,5,133,98.55590230226517,0.9467666666666666,16.76983880996704,0.9377
stage2,5,134,98.39728564023972,0.947,16.65885281562805,0.9352
stage2,5,135,97.85587871074677,0.9491166666666667,16.796818554401398,0.9387
stage2,5,136,99.30449658632278,0.94295,16.86934268474579,0.9403
stage2,5,137,98.00713413953781,0.9484666666666667,16.574390470981598,0.9402
stage2,5,138,97.17209929227829,0.9511333333333334,16.7360982298851,0.9238
stage2,5,139,97.9362964630127,0.9479666666666666,16.800342202186584,0.9334
stage2,5,140,98.4719187617302,0.94605,16.618549525737762,0.9445
stage2,5,141,97.52550840377808,0.9500333333333333,16.778656840324402,0.93
stage2,5,142,98.86753517389297,0.9438833333333333,16.530904471874237,0.9476
stage2,5,143,98.05997693538666,0.9478833333333333,16.62072378396988,0.9424
stage2,5,144,97.98599416017532,0.9478333333333333,16.858381986618042,0.9368
stage2,5,145,97.7569785118103,0.9491666666666667,16.475200474262238,0.9502
stage2,5,146,98.12593442201614,0.9470166666666666,16.63635414838791,0.9336
stage2,5,147,100.12339490652084,0.9374333333333333,16.84970998764038,0.9395
stage2,5,148,98.95789730548859,0.94275,16.95936357975006,0.9355
stage2,5,149,98.61470061540604,0.9434333333333333,16.635124504566193,0.9362
stage2,5,150,97.30447763204575,0.948,16.760408341884613,0.9341
stage2,5,151,98.04987096786499,0.94615,16.91385906934738,0.9342
stage2,5,152,97.17297303676605,0.9492166666666667,16.575947523117065,0.9441
stage2,5,153,100.79218953847885,0.9336666666666666,16.648639261722565,0.9421
stage2,5,154,98.15521895885468,0.9452666666666667,16.47179627418518,0.9455
stage2,5,155,97.96871411800385,0.9459666666666666,17.039802312850952,0.9365
stage2,5,156,98.35711812973022,0.9438,16.489905655384064,0.9476
stage2,5,157,97.00322079658508,0.9493666666666667,16.83749610185623,0.9304
stage2,5,158,98.04126143455505,0.9452666666666667,17.25637137889862,0.9274
stage2,5,159,96.52493238449097,0.9512833333333334,16.222810983657837,0.9489
stage2,5,160,96.9667666554451,0.9491,16.462771475315094,0.9398
stage2,5,161,97.00265914201736,0.94795,16.28376394510269,0.9506
stage2,5,162,96.02337658405304,0.9517333333333333,16.616725385189056,0.9411
stage2,5,163,98.28937321901321,0.94275,16.859348595142365,0.9364
stage2,5,164,97.6400848031044,0.9441666666666667,16.728448271751404,0.9371
stage2,5,165,97.47906124591827,0.9459166666666666,16.42239487171173,0.9408
stage2,5,166,96.66087955236435,0.9486166666666667,16.326200902462006,0.9432
stage2,5,167,96.18639767169952,0.9515,16.406245589256287,0.9414
stage2,5,168,96.98910456895828,0.9472833333333334,16.47134405374527,0.9382
stage2,5,169,95.88152927160263,0.95185,16.274942815303802,0.9495
stage2,5,170,96.44005066156387,0.9497333333333333,16.288929343223572,0.9467
stage2,5,171,96.6761309504509,0.9488666666666666,16.751250386238098,0.9314
stage2,5,172,96.38475596904755,0.9494,16.4171239733696,0.9357
stage2,5,173,96.06723064184189,0.9513666666666667,16.445841193199158,0.9457
stage2,5,174,95.60178619623184,0.9531333333333334,16.358128368854523,0.9446
stage2,5,175,97.19575679302216,0.9465166666666667,16.67263299226761,0.9389
stage2,5,176,98.0833477973938,0.9437166666666666,16.61391830444336,0.9403
stage2,5,177,97.32971465587616,0.9456,16.6052588224411,0.9267
stage2,5,178,96.10513508319855,0.9501,16.385053157806396,0.9382
stage2,5,179,95.16830611228943,0.9522166666666667,16.388770759105682,0.9448
stage2,5,180,97.11541306972504,0.9439333333333333,16.19752562046051,0.9434
stage2,5,181,96.01628082990646,0.9484333333333334,16.03167998790741,0.9482
stage2,5,182,95.43452191352844,0.9500166666666666,16.908815681934357,0.9239
stage2,5,183,97.82956463098526,0.9412333333333334,16.484885275363922,0.9354
stage2,5,184,95.8787624835968,0.9488166666666666,16.492332696914673,0.9383
stage2,5,185,95.07565540075302,0.952,16.246351838111877,0.9481
stage2,5,186,95.95270681381226,0.9478833333333333,16.37182354927063,0.9473
stage2,5,187,94.50959289073944,0.9545333333333333,16.12601536512375,0.9411
stage2,5,188,95.2450333237648,0.9508666666666666,16.204239666461945,0.9447
stage2,5,189,95.52217674255371,0.9493666666666667,16.21311241388321,0.934
stage2,5,190,96.12313145399094,0.9474833333333333,16.155023217201233,0.947
stage2,5,191,95.53543835878372,0.95025,16.12777018547058,0.9432
stage2,5,192,95.46340990066528,0.9496833333333333,16.752592086791992,0.906
stage2,5,193,96.41318053007126,0.9455833333333333,16.132763743400574,0.9448
stage2,5,194,95.15143465995789,0.951,16.251340568065643,0.9424
stage2,5,195,95.78981494903564,0.9484166666666667,16.363027274608612,0.9297
stage2,5,196,95.55035191774368,0.94925,16.20735865831375,0.9358
stage2,5,197,95.64217364788055,0.9497666666666666,16.30541229248047,0.9407
stage2,5,198,96.11418634653091,0.94745,17.333801209926605,0.9144
stage2,5,199,96.49727964401245,0.9457333333333333,16.272410571575165,0.9369
stage2,5,200,95.053317964077,0.9516833333333333,15.982555508613586,0.9122
stage2,5,201,96.31361216306686,0.9460333333333333,16.386429965496063,0.9397
stage2,5,202,95.47683888673782,0.9495666666666667,15.97014456987381,0.9127
stage2,5,203,96.1545940041542,0.9464666666666667,16.04612112045288,0.9312
stage2,5,204,95.52097398042679,0.9492166666666667,16.237624168395996,0.9301
stage2,5,205,95.32427501678467,0.94985,16.229391992092133,0.9156
stage2,5,206,95.49022263288498,0.9484333333333334,16.200835525989532,0.9392
stage2,5,207,95.99395394325256,0.9469333333333333,16.118310689926147,0.9117
stage2,5,208,97.38974291086197,0.9407166666666666,16.496069371700287,0.9249
stage2,5,209,95.06351959705353,0.9503666666666667,16.41724932193756,0.9323
stage2,5,210,95.44233924150467,0.94945,16.584576189517975,0.9147
stage2,5,211,96.26156622171402,0.9450333333333333,16.448955953121185,0.9087
stage2,5,212,95.31324368715286,0.9487,15.980490267276764,0.9197
stage2,5,213,95.15575677156448,0.9493,16.21075052022934,0.9179
stage2,5,214,94.27924609184265,0.9534666666666667,15.807832837104797,0.9353
stage2,5,215,94.15442562103271,0.9541333333333334,16.654656529426575,0.8986
stage2,5,216,96.11069387197495,0.9454666666666667,16.11623853445053,0.8978
stage2,5,217,93.96145051717758,0.9543833333333334,16.01545661687851,0.9216
stage2,5,218,96.00948107242584,0.9464,16.022506594657898,0.9392
stage2,5,219,94.28592360019684,0.9518333333333333,16.02497571706772,0.9269
stage2,5,220,95.68348562717438,0.9469833333333333,16.077965021133423,0.9142
stage2,5,221,95.57146805524826,0.94715,16.592644333839417,0.9258
stage2,5,222,94.07839119434357,0.95345,15.886949896812439,0.9303
stage2,5,223,94.45876467227936,0.95145,16.040008425712585,0.951
stage2,5,224,94.51545137166977,0.95175,15.878218352794647,0.9261
stage2,5,225,93.6504402756691,0.9545666666666667,16.357693254947662,0.924
stage2,5,226,95.37413275241852,0.9481333333333334,15.842569649219513,0.9401
stage2,5,227,95.06232500076294,0.9492,16.04243916273117,0.9289
stage2,5,228,95.189029276371,0.9486666666666667,16.3645578622818,0.9281
stage2,5,229,96.04289728403091,0.9455833333333333,15.99574887752533,0.9167
stage2,5,230,94.31271630525589,0.9519166666666666,16.35413748025894,0.9279
stage2,5,231,93.19466131925583,0.9558666666666666,15.924345910549164,0.9463
stage2,5,232,94.17249494791031,0.9513833333333334,15.927288055419922,0.9261
stage2,5,233,94.10777187347412,0.9517833333333333,16.026832938194275,0.9114
stage2,5,234,95.28350985050201,0.9473666666666667,16.188195884227753,0.9133
stage2,5,235,94.8284820318222,0.9500166666666666,15.95940488576889,0.9346
stage2,5,236,93.62320697307587,0.9538333333333333,15.82280308008194,0.923
stage2,5,237,94.91119807958603,0.94815,16.565142393112183,0.9252
stage2,5,238,95.79012554883957,0.9451,16.062812864780426,0.9273
stage2,5,239,94.36248058080673,0.9508,15.933906316757202,0.9156
stage2,5,240,94.66130721569061,0.9489333333333333,16.423523664474487,0.9262
stage2,5,241,95.26833838224411,0.9468166666666666,15.950085639953613,0.9289
stage2,5,242,94.10039657354355,0.9515,16.377883076667786,0.9292
stage2,5,243,96.29033714532852,0.94215,15.94089013338089,0.9352
stage2,5,244,93.98032009601593,0.9503666666666667,15.940030574798584,0.9224
stage2,5,245,94.1306768655777,0.9494833333333333,15.970283210277557,0.937
stage2,5,246,94.28208547830582,0.94985,15.8575239777565,0.9466
stage2,5,247,93.37929308414459,0.9536833333333333,16.027682662010193,0.9425
stage2,5,248,94.21612644195557,0.9501666666666667,16.01743108034134,0.9325
stage2,5,249,93.31650114059448,0.9533666666666667,15.851077258586884,0.9404
stage2,5,250,94.58562868833542,0.9483,16.020065784454346,0.9409
stage2,5,251,94.20780968666077,0.9494166666666667,16.115293085575104,0.9193
stage2,5,252,94.00673824548721,0.9501666666666667,15.860749781131744,0.9365
stage2,5,253,93.00839060544968,0.95355,15.67845332622528,0.9396
stage2,5,254,94.16131150722504,0.9496166666666667,15.943783938884735,0.9183
stage2,5,255,93.36124950647354,0.9523333333333334,15.96120810508728,0.9385
stage2,5,256,92.22152405977249,0.9570333333333333,15.993464171886444,0.9369
stage2,5,257,93.52675867080688,0.9517,15.795392990112305,0.9347
stage2,5,258,94.03166162967682,0.9497166666666667,15.858936607837677,0.9126
stage2,5,259,92.42019599676132,0.9555666666666667,15.965008556842804,0.9329
stage2,5,260,93.49373286962509,0.9518333333333333,15.887861132621765,0.9443
stage2,5,261,92.95656210184097,0.9536333333333333,15.566655337810516,0.9311
stage2,5,262,92.75850468873978,0.9544,15.808246970176697,0.9106
stage2,5,263,94.25406461954117,0.94895,15.983739137649536,0.926
stage2,5,264,95.09995943307877,0.94465,16.264085173606873,0.9316
stage2,5,265,94.04584950208664,0.9497,16.188183665275574,0.9334
stage2,5,266,94.83563297986984,0.9466833333333333,15.791596114635468,0.9283
stage2,5,267,93.90564531087875,0.9494833333333333,15.849261343479156,0.9465
stage2,5,268,94.84700828790665,0.9468166666666666,15.968846678733826,0.9295
stage2,5,269,94.14041715860367,0.9495833333333333,15.82789820432663,0.9124
stage2,5,270,93.08125478029251,0.9527166666666667,15.839107275009155,0.9286
stage2,5,271,94.36868798732758,0.9477833333333333,15.881961107254028,0.9212
stage2,5,272,93.58791536092758,0.9512333333333334,16.296870589256287,0.9143
stage2,5,273,94.65440440177917,0.9466166666666667,16.365889072418213,0.9131
stage2,5,274,94.15281707048416,0.9493666666666667,15.736230254173279,0.948
stage2,5,275,92.90343773365021,0.9534333333333334,16.160026788711548,0.9327
stage2,5,276,93.17042165994644,0.9525833333333333,16.04227727651596,0.9183
stage2,5,277,93.98918050527573,0.949,15.946611166000366,0.9421
stage2,5,278,94.3609328866005,0.9480666666666666,16.18782252073288,0.9279
stage2,5,279,93.84556776285172,0.9497666666666666,16.404549539089203,0.9188
stage2,5,280,93.89365768432617,0.9501333333333334,16.83161813020706,0.9149
stage2,5,281,93.84445840120316,0.9493,15.942374408245087,0.9113
stage2,5,282,93.00593656301498,0.95275,15.950336277484894,0.9441
stage2,5,283,92.45644158124924,0.9541,15.734051406383514,0.9373
stage2,5,284,92.80428069829941,0.9534833333333333,15.783198535442352,0.9391
stage2,5,285,93.70463091135025,0.9496666666666667,15.815595507621765,0.9309
stage2,5,286,94.01206582784653,0.94845,15.743490815162659,0.9368
stage2,5,287,93.13466304540634,0.9514,15.70133489370346,0.9313
stage2,5,288,92.50163221359253,0.9542333333333334,15.835733115673065,0.9377
stage2,5,289,92.43899369239807,0.9541,15.689101874828339,0.9485
stage2,5,290,92.07136058807373,0.9546333333333333,15.805631518363953,0.9314
stage2,5,291,92.10062426328659,0.9546166666666667,15.50039404630661,0.9424
stage2,5,292,91.63413566350937,0.9566666666666667,15.903580248355865,0.9413
stage2,5,293,92.6291835308075,0.9522333333333334,16.18877738714218,0.93
stage2,5,294,95.03988879919052,0.9435166666666667,15.94761836528778,0.9231
stage2,5,295,92.88650757074356,0.9516666666666667,15.680420100688934,0.9479
stage2,5,296,92.8792655467987,0.95125,15.77028512954712,0.9321
stage2,5,297,92.5956501364708,0.9532333333333334,15.901053845882416,0.945
stage2,5,298,93.88942837715149,0.94805,16.472987473011017,0.8941
stage2,5,299,93.7153200507164,0.94855,16.044042587280273,0.9309
stage2,5,300,93.10649341344833,0.9501833333333334,15.604212403297424,0.9376
rnn,1,1,241.91396379470825,0.23488333333333333,34.16691470146179,0.116
rnn,1,2,178.68078184127808,0.4318666666666667,27.671286702156067,0.2251
rnn,1,3,144.22572028636932,0.5469666666666667,21.65850579738617,0.3438
rnn,1,4,118.41348564624786,0.61265,19.248281598091125,0.3692
rnn,1,5,108.25549787282944,0.65375,17.125784158706665,0.4137
rnn,1,6,94.51655858755112,0.7174,15.115816295146942,0.4863
rnn,1,7,85.51814472675323,0.7495166666666667,14.804036796092987,0.4984
rnn,1,8,78.48633396625519,0.7723,12.546202659606934,0.5351
rnn,1,9,71.19756364822388,0.7965166666666667,11.851665288209915,0.5263
rnn,1,10,66.73569765686989,0.8104,10.897976100444794,0.5572
rnn,1,11,62.23082587122917,0.827,10.734197318553925,0.5344
rnn,1,12,58.54429394006729,0.8415,9.866231799125671,0.5711
rnn,1,13,55.66471138596535,0.8518333333333333,9.467493295669556,0.6186
rnn,1,14,52.27900293469429,0.8638666666666667,8.93908828496933,0.606
rnn,1,15,49.62373659014702,0.874,8.792343974113464,0.6294
rnn,1,16,47.48017582297325,0.8796,8.216364786028862,0.6852
rnn,1,17,46.38486996293068,0.88265,8.393207341432571,0.6059
rnn,1,18,44.659991413354874,0.8868666666666667,7.542571917176247,0.6859
rnn,1,19,42.691227078437805,0.89305,8.799514383077621,0.5854
rnn,1,20,41.08348152041435,0.89795,7.710222274065018,0.6359
rnn,1,21,39.74193352460861,0.90225,7.0264095813035965,0.6696
rnn,1,22,38.242854565382004,0.905,6.907960802316666,0.7291
rnn,1,23,36.982611641287804,0.9080666666666667,8.168270736932755,0.6881
rnn,1,24,36.55886459350586,0.90935,6.277636058628559,0.6655
rnn,1,25,34.68080109357834,0.9139166666666667,6.372159525752068,0.7127
rnn,1,26,34.26883567869663,0.9163333333333333,6.640886649489403,0.6667
rnn,1,27,33.024687692523,0.9187,6.5398959666490555,0.6864
rnn,1,28,32.48436826467514,0.9205666666666666,5.690913960337639,0.6947
rnn,1,29,31.326889619231224,0.9242833333333333,5.239096812903881,0.7293
rnn,1,30,30.64403836429119,0.9256,5.177871063351631,0.7256
rnn,1,31,29.849884048104286,0.9284666666666667,6.122079789638519,0.6865
rnn,1,32,28.68398356437683,0.9312166666666667,5.171671703457832,0.7102
rnn,1,33,28.43326935917139,0.9311333333333334,5.094124116003513,0.7176
rnn,1,34,28.077711075544357,0.9327166666666666,4.86691527813673,0.7266
rnn,1,35,27.33062583208084,0.9342833333333334,4.768573343753815,0.7407
rnn,1,36,27.406060427427292,0.9335833333333333,5.210003048181534,0.6524
rnn,1,37,26.496659085154533,0.9369166666666666,4.577704392373562,0.7442
rnn,1,38,25.973519667983055,0.93735,4.999697431921959,0.7381
rnn,1,39,25.37966950237751,0.9394833333333333,4.666293576359749,0.7528
rnn,1,40,25.632638059556484,0.9375166666666667,4.767446748912334,0.7183
rnn,1,41,24.697187185287476,0.9407666666666666,4.4595159739255905,0.7145
rnn,1,42,24.558690831065178,0.94115,4.547476656734943,0.7853
rnn,1,43,24.43881258368492,0.94065,4.566081255674362,0.7756
rnn,1,44,23.93251484632492,0.94285,4.3420325964689255,0.7472
rnn,1,45,22.9544920027256,0.9451833333333334,4.226964958012104,0.8297
rnn,1,46,22.601063437759876,0.9449166666666666,4.018203251063824,0.759
rnn,1,47,22.359842211008072,0.9468,4.191040240228176,0.7392
rnn,1,48,22.46192144602537,0.9459833333333333,4.465217910706997,0.7161
rnn,1,49,21.80095997452736,0.9481166666666667,5.353755176067352,0.7712
rnn,1,50,22.126232534646988,0.94665,4.728211440145969,0.7684
rnn,1,51,21.204727344214916,0.94955,3.896420642733574,0.7384
rnn,1,52,20.622004717588425,0.95085,3.92081131786108,0.7763
rnn,1,53,20.772663921117783,0.9495833333333333,4.0992957800626755,0.799
rnn,1,54,20.487386908382177,0.95115,3.8125771805644035,0.7589
rnn,1,55,19.93888185918331,0.9519833333333333,4.209520511329174,0.7906
rnn,1,56,20.019751459360123,0.9526333333333333,3.974847823381424,0.7847
rnn,1,57,19.112843304872513,0.9536666666666667,3.7029710188508034,0.7294
rnn,1,58,20.016867704689503,0.95155,4.177877701818943,0.7621
rnn,1,59,20.120264805853367,0.9515666666666667,3.992738675326109,0.7724
rnn,1,60,18.381171695888042,0.9559,3.6662329882383347,0.7837
rnn,1,61,18.489743947982788,0.956,4.010901257395744,0.7822
rnn,1,62,18.905162923038006,0.9544333333333334,3.774881958961487,0.8214
rnn,1,63,19.03802866488695,0.95415,3.856739968061447,0.7828
rnn,1,64,17.80254916846752,0.9579333333333333,3.7678088545799255,0.733
rnn,1,65,17.988898973912,0.9572,3.5811450630426407,0.7982
rnn,1,66,17.934650018811226,0.95765,3.2937944009900093,0.8097
rnn,1,67,17.02396634966135,0.9593333333333334,3.647906720638275,0.8724
rnn,1,68,17.237594448029995,0.95885,3.341002207249403,0.8139
rnn,1,69,17.13330002129078,0.9588666666666666,3.3537099361419678,0.8806
rnn,1,70,17.218355052173138,0.9587666666666667,3.3960407860577106,0.7868
rnn,1,71,16.604331113398075,0.9600333333333333,3.6918173134326935,0.7135
rnn,1,72,17.49396727234125,0.9583,3.8814248219132423,0.7842
rnn,1,73,16.520016439259052,0.9600833333333333,3.283673692494631,0.8112
rnn,1,74,16.001440942287445,0.9615166666666667,3.4560218825936317,0.8069
rnn,1,75,15.707930624485016,0.9621833333333333,3.43734672293067,0.8253
rnn,1,76,16.792149886488914,0.9591666666666666,3.5245945155620575,0.8813
rnn,1,77,15.95592699944973,0.9614333333333334,3.601131245493889,0.8235
rnn,1,78,15.403942912817001,0.9633,3.481025815010071,0.8773
rnn,1,79,15.727255508303642,0.9622833333333334,3.2751800939440727,0.848
rnn,1,80,15.089489787817001,0.9637166666666667,3.261449709534645,0.7992
rnn,1,81,15.332198284566402,0.9633333333333334,3.3333637565374374,0.886
rnn,1,82,15.33099826797843,0.9626166666666667,3.0600548051297665,0.8717
rnn,1,83,15.559666477143764,0.96225,3.677254341542721,0.7882
rnn,1,84,15.037684209644794,0.9635166666666667,3.04214995354414,0.8573
rnn,1,85,14.284244328737259,0.9656833333333333,3.695795476436615,0.8365
rnn,1,86,14.180919598788023,0.9654333333333334,3.8053904622793198,0.8394
rnn,1,87,14.314906045794487,0.9655166666666667,3.0084436275064945,0.8155
rnn,1,88,14.377089027315378,0.9655833333333333,3.337101198732853,0.7819
rnn,1,89,13.991945326328278,0.9663333333333334,3.20965725928545,0.8826
rnn,1,90,14.405159913003445,0.9652666666666667,3.267817933112383,0.8559
rnn,1,91,13.87202725932002,0.9668166666666667,2.748361922800541,0.8184
rnn,1,92,13.632325448095798,0.9674666666666667,3.5016484186053276,0.8087
rnn,1,93,14.193754933774471,0.9657,3.6381779834628105,0.7164
rnn,1,94,13.459516189992428,0.9670333333333333,2.883191369473934,0.8232
rnn,1,95,13.241614278405905,0.9679333333333333,3.030402772128582,0.8628
rnn,1,96,13.595637142658234,0.9673333333333334,3.687362715601921,0.8704
rnn,1,97,13.94938237965107,0.9663166666666667,3.17777506634593,0.8064
rnn,1,98,13.303145557641983,0.9674,2.832045577466488,0.8476
rnn,1,99,13.748348034918308,0.9667333333333333,2.9441980570554733,0.8271
rnn,1,100,13.670064747333527,0.9667666666666667,2.783988766372204,0.8577
rnn,1,101,13.391837734729052,0.9672666666666667,2.844800617545843,0.8475
rnn,1,102,12.915294602513313,0.9685833333333334,2.8877373971045017,0.8407
rnn,1,103,12.523109581321478,0.9691,3.048757866024971,0.8666
rnn,1,104,13.034464966505766,0.9683666666666667,2.628069683909416,0.8239
rnn,1,105,13.197780814021826,0.9683833333333334,3.1462058052420616,0.7952
rnn,1,106,12.888469360768795,0.96835,2.5844151489436626,0.8742
rnn,1,107,12.557312242686749,0.96905,3.2382105588912964,0.822
rnn,1,108,12.49228736385703,0.96895,2.9808031246066093,0.8429
rnn,1,109,12.723366640508175,0.96865,2.6883223615586758,0.8291
rnn,1,110,12.303806964308023,0.9704666666666667,2.8262178413569927,0.8871
rnn,1,111,12.161810576915741,0.96995,2.8892940394580364,0.8921
rnn,1,112,11.71706285327673,0.97055,2.4660159964114428,0.8659
rnn,1,113,11.71495384722948,0.9713833333333334,3.0988065004348755,0.8318
rnn,1,114,11.903534971177578,0.9708166666666667,3.2006913535296917,0.8196
rnn,1,115,11.994988735765219,0.9700666666666666,2.7425465062260628,0.8709
rnn,1,116,11.545753110200167,0.9719333333333333,2.651300873607397,0.8515
rnn,1,117,11.569714974611998,0.9718166666666667,2.567953357473016,0.84
rnn,1,118,12.347687479108572,0.9690333333333333,2.9082733169198036,0.8782
rnn,1,119,11.826304443180561,0.9703166666666667,2.62256695702672,0.8775
rnn,1,120,10.83421853929758,0.9731166666666666,2.7283781729638577,0.7566
rnn,1,121,11.677265126258135,0.9711333333333333,2.792025115340948,0.8368
rnn,1,122,11.526651546359062,0.9721,2.902897421270609,0.8718
rnn,1,123,11.00886869803071,0.9738166666666667,3.0661221146583557,0.8129
rnn,1,124,11.664032131433487,0.9708166666666667,2.574031736701727,0.8381
rnn,1,125,10.733797524124384,0.9736666666666667,2.634829320013523,0.8775
rnn,1,126,11.231561813503504,0.9725833333333334,2.4728869646787643,0.8561
rnn,1,127,11.034538306295872,0.9730333333333333,2.518699713051319,0.8579
rnn,1,128,10.872861996293068,0.9734666666666667,2.7602298855781555,0.8568
rnn,1,129,10.949519097805023,0.9728333333333333,2.671394031494856,0.8151
rnn,1,130,10.647072359919548,0.97305,2.6265387162566185,0.8921
rnn,1,131,11.0605638474226,0.9727,2.584222238510847,0.8431
rnn,1,132,10.673588383942842,0.97405,2.9092402420938015,0.8173
rnn,1,133,10.65810576453805,0.97355,2.5389216504991055,0.8215
rnn,1,134,10.990494906902313,0.9724,2.4590056650340557,0.8183
rnn,1,135,10.868140479549766,0.9720833333333333,2.4413351602852345,0.8176
rnn,1,136,11.07898011431098,0.9727166666666667,2.2464278377592564,0.8639
rnn,1,137,10.429591748863459,0.97385,2.7604952789843082,0.8034
rnn,1,138,10.587707411497831,0.97295,2.437632678076625,0.8636
rnn,1,139,10.304841686040163,0.9745166666666667,2.426168356090784,0.872
rnn,1,140,10.235046397894621,0.9748833333333333,3.0736724622547626,0.8371
rnn,1,141,10.792906012386084,0.9726,2.3478785380721092,0.8596
rnn,1,142,10.307395372539759,0.9742666666666666,2.6623093150556087,0.7948
rnn,1,143,10.396495696157217,0.9740833333333333,2.4123053811490536,0.8684
rnn,1,144,10.55205419100821,0.9741666666666666,2.5094246231019497,0.8794
rnn,1,145,9.730207033455372,0.9756833333333333,2.4851638451218605,0.8366
rnn,1,146,9.559212720021605,0.9761166666666666,2.5781722366809845,0.8174
rnn,1,147,9.988762326538563,0.9755166666666667,2.3821997214108706,0.8885
rnn,1,148,9.865469180047512,0.9754666666666667,2.6831246837973595,0.8485
rnn,1,149,9.83256122469902,0.9755166666666667,2.5861576311290264,0.832
rnn,1,150,10.209902364760637,0.9741333333333333,2.5571536794304848,0.8839
rnn,1,151,8.650785833597183,0.9785666666666667,2.3961819112300873,0.8412
rnn,1,152,9.573875416070223,0.9758166666666667,2.3511707447469234,0.8566
rnn,1,153,9.864052809774876,0.9750333333333333,2.414794210344553,0.8414
rnn,1,154,9.446334645152092,0.9759,2.706034518778324,0.8557
rnn,1,155,9.589445699006319,0.9756,2.2661742977797985,0.8506
rnn,1,156,9.64022309705615,0.97655,2.9814574979245663,0.7788
rnn,1,157,9.746498227119446,0.9762,2.6618129834532738,0.859
rnn,1,158,9.478122666478157,0.9767,2.3358669728040695,0.8727
rnn,1,159,9.529944952577353,0.9759666666666666,3.1843951269984245,0.9052
rnn,1,160,10.354790398851037,0.97425,2.6265065744519234,0.8114
rnn,1,161,9.223766811192036,0.9770333333333333,2.398306120187044,0.8774
rnn,1,162,9.121250551193953,0.9773333333333334,2.5305956825613976,0.8987
rnn,1,163,8.865267280489206,0.9780166666666666,2.238563474267721,0.8833
rnn,1,164,9.0848478525877,0.9773333333333334,2.6867799665778875,0.8182
rnn,1,165,9.423404902219772,0.9763166666666667,2.7241724133491516,0.9141
rnn,1,166,8.780926503241062,0.9773333333333334,2.3247990254312754,0.8757
rnn,1,167,10.174486566334963,0.9751333333333333,3.076104935258627,0.8979
rnn,1,168,9.283493671566248,0.9768,2.501684680581093,0.7828
rnn,1,169,9.988918486982584,0.9747,2.4349112771451473,0.8446
rnn,1,170,8.930399162694812,0.9773166666666666,2.4362516701221466,0.8953
rnn,1,171,9.024864718317986,0.97745,2.686284963041544,0.8976
rnn,1,172,8.601309895515442,0.9782166666666666,2.292565144598484,0.8576
rnn,1,173,9.36735387519002,0.9767,3.115102268755436,0.884
rnn,1,174,9.090616822242737,0.9772166666666666,2.5198463425040245,0.8184
rnn,1,175,8.696774501353502,0.97785,2.512554332613945,0.8978
rnn,1,176,8.967876879498363,0.9774333333333334,2.1730788592249155,0.8828
rnn,1,177,8.522322479635477,0.9783166666666666,2.572394896298647,0.8877
rnn,1,178,9.865449752658606,0.9750166666666666,2.506296131759882,0.867
rnn,1,179,8.85294034332037,0.9776666666666667,2.5241736136376858,0.8747
rnn,1,180,8.473452346399426,0.9782166666666666,2.1746563613414764,0.8774
rnn,1,181,8.683642234653234,0.9778833333333333,2.2065537236630917,0.8605
rnn,1,182,8.417984628584236,0.9778333333333333,2.7004422061145306,0.8669
rnn,1,183,8.576817281544209,0.9782666666666666,2.367604488506913,0.8849
rnn,1,184,8.416677566245198,0.9789833333333333,2.852008879184723,0.861
rnn,1,185,8.412792634218931,0.9787333333333333,2.291183592751622,0.9149
rnn,1,186,8.278071623295546,0.9788333333333333,3.0758297964930534,0.89
rnn,1,187,9.224557168781757,0.97685,2.7064831368625164,0.8891
rnn,1,188,8.965799178928137,0.9776,2.367866510525346,0.8574
rnn,1,189,9.463999290019274,0.9758833333333333,2.206494551151991,0.8709
rnn,1,190,7.985334292054176,0.9799166666666667,2.6384865194559097,0.8871
rnn,1,191,8.890586888417602,0.9775,2.204578911885619,0.882
rnn,1,192,7.512523703277111,0.9813333333333333,2.310166921466589,0.8556
rnn,1,193,8.362608328461647,0.9791666666666666,3.1421503871679306,0.8143
rnn,1,194,9.29486221075058,0.9769833333333333,2.2274370193481445,0.9017
rnn,1,195,8.047362588346004,0.9799,2.2492432948201895,0.8804
rnn,1,196,8.265966270118952,0.9796166666666667,2.1456459648907185,0.8575
rnn,1,197,8.288594614714384,0.9789166666666667,2.7257797755301,0.8805
rnn,1,198,7.946532120928168,0.9798,2.4402811862528324,0.8954
rnn,1,199,8.280337486416101,0.9795833333333334,2.287807896733284,0.8638
rnn,1,200,8.406858070753515,0.9784833333333334,2.5917886160314083,0.8066
rnn,1,201,8.378562603145838,0.9798666666666667,2.4759012684226036,0.8933
rnn,1,202,7.622255198657513,0.9808,2.4034491516649723,0.8896
rnn,1,203,7.932758694514632,0.9800833333333333,2.329710328951478,0.8862
rnn,1,204,8.015354124829173,0.98,2.2277338318526745,0.8855
rnn,1,205,8.334312409162521,0.9791,2.3848030418157578,0.8304
rnn,1,206,8.276515712961555,0.9795166666666667,2.386239007115364,0.8731
rnn,1,207,7.975083438213915,0.9800666666666666,2.574278838932514,0.9107
rnn,1,208,8.291152976453304,0.9794666666666667,2.355323215946555,0.8922
rnn,1,209,8.228111224249005,0.9795166666666667,2.5193148143589497,0.8839
rnn,1,210,7.981004096567631,0.9797333333333333,2.338035386055708,0.8896
rnn,1,211,7.839638656005263,0.9797333333333333,2.3014203645288944,0.8709
rnn,1,212,7.545531176030636,0.98165,2.111490087583661,0.8778
rnn,1,213,7.802410354837775,0.9806333333333334,2.3617830500006676,0.8457
rnn,1,214,7.652825154364109,0.9804,2.6753176040947437,0.8696
rnn,1,215,8.000249568372965,0.9802833333333333,2.245343502610922,0.8887
rnn,1,216,7.290921505540609,0.98175,2.37663546577096,0.8882
rnn,1,217,7.327129793353379,0.9817,2.3698343709111214,0.8843
rnn,1,218,7.699213894084096,0.98065,2.3288889974355698,0.8996
rnn,1,219,8.309055088087916,0.9796666666666667,2.4926089607179165,0.9145
rnn,1,220,8.047028716653585,0.9793333333333333,2.2254544030874968,0.8631
rnn,1,221,7.928297778591514,0.9804833333333334,2.5627741776406765,0.8366
rnn,1,222,7.800183147192001,0.98045,2.5432421900331974,0.8208
rnn,1,223,8.06346688233316,0.9802666666666666,2.1218060217797756,0.8886
rnn,1,224,7.469784880056977,0.98125,2.4009529165923595,0.8391
rnn,1,225,7.626896625384688,0.9805333333333334,2.41842782497406,0.843
rnn,1,226,7.222653094679117,0.9817833333333333,2.5617338605225086,0.8422
rnn,1,227,8.35971968062222,0.9795166666666667,2.3543554432690144,0.8813
rnn,1,228,7.2417857348918915,0.9821,2.258621610701084,0.8648
rnn,1,229,7.662339951843023,0.9809,2.6372199691832066,0.8532
rnn,1,230,6.8182340785861015,0.983,2.2006648555397987,0.9062
rnn,1,231,7.136120544746518,0.9818,2.4712512381374836,0.8928
rnn,1,232,8.276790058240294,0.97855,2.3702572118490934,0.8984
rnn,1,233,8.190114753320813,0.9796833333333334,2.5412268564105034,0.8716
rnn,1,234,7.8686544466763735,0.9804333333333334,2.307567974552512,0.8692
rnn,1,235,7.120562674477696,0.9818,2.1210224740207195,0.883
rnn,1,236,7.260800961405039,0.98195,2.288466840982437,0.841
rnn,1,237,7.244163200259209,0.9820166666666666,2.3944921735674143,0.8206
rnn,1,238,8.208871871232986,0.9794,2.6551224719733,0.8848
rnn,1,239,7.7113279439508915,0.9808333333333333,2.853974759578705,0.8371
rnn,1,240,7.225777015089989,0.9817666666666667,2.1839317083358765,0.8999
rnn,1,241,7.445728898048401,0.98185,2.391313599422574,0.8667
rnn,1,242,7.221160003449768,0.9818166666666667,2.6121053155511618,0.8794
rnn,1,243,6.957179399207234,0.9825833333333334,2.8128571771085262,0.857
rnn,1,244,7.2724589835852385,0.98205,2.505922745913267,0.849
rnn,1,245,7.329827819019556,0.9812333333333333,2.279065642505884,0.8286
rnn,1,246,8.02828873693943,0.98015,2.972109440714121,0.8556
rnn,1,247,7.105168720707297,0.9822666666666666,2.272267546504736,0.8756
rnn,1,248,7.0345160048455,0.9822666666666666,2.287991665303707,0.8547
rnn,1,249,7.324162013828754,0.9818833333333333,2.2546814884990454,0.8423
rnn,1,250,6.457305880263448,0.9836,2.254751881584525,0.881
rnn,1,251,6.91943540610373,0.9830833333333333,2.6424820199608803,0.8509
rnn,1,252,7.413462392985821,0.9814333333333334,2.203872662037611,0.877
rnn,1,253,6.496743528172374,0.9839,2.2788102459162474,0.8785
rnn,1,254,7.30002698674798,0.9816333333333334,2.476483568549156,0.8477
rnn,1,255,6.6855574902147055,0.9833666666666666,2.3853747956454754,0.848
rnn,1,256,7.397026404738426,0.98105,3.1180390175431967,0.8645
rnn,1,257,7.211054975166917,0.98195,2.172091670334339,0.8798
rnn,1,258,6.541509361937642,0.9831666666666666,2.216360902413726,0.88
rnn,1,259,6.395279863849282,0.9841333333333333,2.3173494413495064,0.8816
rnn,1,260,7.6329705733805895,0.9807833333333333,2.764896996319294,0.7996
rnn,1,261,6.951042050495744,0.9827,1.9926520772278309,0.9067
rnn,1,262,6.5235727317631245,0.98385,2.466117452830076,0.8601
rnn,1,263,6.494282068684697,0.9839,2.9947471264749765,0.8862
rnn,1,264,7.104629026725888,0.9823333333333333,2.3106522783637047,0.8643
rnn,1,265,7.230675138533115,0.9826333333333334,2.7647683024406433,0.8679
rnn,1,266,7.656751416623592,0.98055,2.970602173358202,0.8345
rnn,1,267,7.80976290255785,0.9807166666666667,2.328619047999382,0.8658
rnn,1,268,7.227566549554467,0.9815,2.451036725193262,0.8929
rnn,1,269,6.880564643070102,0.9831166666666666,2.963933549821377,0.8736
rnn,1,270,6.990628178231418,0.98235,2.33138170838356,0.9033
rnn,1,271,7.980899395421147,0.9799833333333333,2.3077218793332577,0.9018
rnn,1,272,6.982972085475922,0.9824833333333334,2.361836187541485,0.9101
rnn,1,273,7.490936094895005,0.9812166666666666,2.573163826018572,0.8714
rnn,1,274,6.687348993495107,0.9830833333333333,2.8580789789557457,0.8141
rnn,1,275,6.630315963178873,0.9834166666666667,2.3597837686538696,0.8927
rnn,1,276,6.683319300413132,0.9832666666666666,2.2504729628562927,0.9069
rnn,1,277,7.031082812696695,0.9829,2.231130838394165,0.8979
rnn,1,278,6.539346124976873,0.9837833333333333,2.6968959234654903,0.8597
rnn,1,279,6.377063981257379,0.9841833333333333,2.832470916211605,0.8806
rnn,1,280,7.016575088724494,0.98235,2.4311164245009422,0.8691
rnn,1,281,6.491201634518802,0.9837666666666667,2.4843707773834467,0.889
rnn,1,282,5.927241552621126,0.98525,2.4372403398156166,0.876
rnn,1,283,6.025360927917063,0.9851166666666666,2.3074777387082577,0.8882
rnn,1,284,6.874316658824682,0.9824833333333334,2.452613040804863,0.8418
rnn,1,285,7.929329628124833,0.9804,2.21923173032701,0.8935
rnn,1,286,7.307102518156171,0.9812666666666666,2.4190877936780453,0.8269
rnn,1,287,6.137336775660515,0.984,2.745472500100732,0.8635
rnn,1,288,6.8293830268085,0.9825166666666667,2.4823025725781918,0.8591
rnn,1,289,6.8225680738687515,0.9829333333333333,2.3842285107821226,0.9051
rnn,1,290,6.235507747158408,0.9842,2.4905868247151375,0.8889
rnn,1,291,6.763653423637152,0.9829666666666667,2.5020294412970543,0.8248
rnn,1,292,6.777138477191329,0.9828333333333333,2.7881576027721167,0.884
rnn,1,293,7.807948712259531,0.9802333333333333,2.403367342427373,0.8923
rnn,1,294,5.4158145766705275,0.9862,2.5081093199551105,0.8981
rnn,1,295,6.824429590255022,0.9831333333333333,2.5301265623420477,0.8917
rnn,1,296,6.3710300121456385,0.9836833333333334,2.845266781747341,0.803
rnn,1,297,6.731823483482003,0.9831666666666666,2.8381174467504025,0.8319
rnn,1,298,6.806322885677218,0.98275,2.428104192018509,0.8547
rnn,1,299,6.452511932700872,0.9839,2.513495733961463,0.861
rnn,1,300,6.190254971385002,0.9843666666666666,2.375427719205618,0.8089
rnn,2,1,227.80218935012817,0.3131,29.342836618423462,0.2023
rnn,2,2,151.6759054660797,0.5332833333333333,23.839728236198425,0.2547
rnn,2,3,131.69703942537308,0.58875,21.85505473613739,0.1633
rnn,2,4,119.56003111600876,0.63175,19.19791728258133,0.2201
rnn,2,5,107.84799617528915,0.6726,17.576205551624298,0.2348
rnn,2,6,100.0398377776146,0.6971333333333334,16.650826573371887,0.2728
rnn,2,7,92.55717146396637,0.7235666666666667,16.101403415203094,0.3047
rnn,2,8,86.72676825523376,0.7512833333333333,13.670243740081787,0.3415
rnn,2,9,79.94774580001831,0.7758,12.793312907218933,0.3385
rnn,2,10,76.21128749847412,0.7906166666666666,13.15485593676567,0.3652
rnn,2,11,70.08375069499016,0.8109,11.38987249135971,0.3824
rnn,2,12,66.1267901957035,0.8244,10.721119672060013,0.4385
rnn,2,13,63.09683910012245,0.8313666666666667,10.309878200292587,0.4445
rnn,2,14,59.99486270546913,0.8406833333333333,10.19314631819725,0.436
rnn,2,15,57.04552519321442,0.8496166666666667,9.145469754934311,0.4745
rnn,2,16,55.3720323741436,0.8518,8.794441640377045,0.4291
rnn,2,17,52.69871014356613,0.8611,8.933578580617905,0.4579
rnn,2,18,50.77999633550644,0.8655333333333334,8.182538732886314,0.4665
rnn,2,19,48.52367842197418,0.8714666666666666,7.968313962221146,0.4638
rnn,2,20,47.8443717956543,0.8732166666666666,7.772639840841293,0.4938
rnn,2,21,45.454636454582214,0.8804166666666666,8.602288335561752,0.5509
rnn,2,22,43.83107444643974,0.8851,7.266748860478401,0.4091
rnn,2,23,43.563306629657745,0.8875833333333333,7.4036857187747955,0.4874
rnn,2,24,41.863404750823975,0.8921666666666667,7.4985020607709885,0.3978
rnn,2,25,39.58553820848465,0.9006166666666666,6.861704707145691,0.4309
rnn,2,26,37.84444934129715,0.9067833333333334,6.9984055906534195,0.4169
rnn,2,27,36.18087229132652,0.9116333333333333,5.594280928373337,0.4624
rnn,2,28,34.29832395911217,0.9152166666666667,5.849377691745758,0.517
rnn,2,29,33.21111810207367,0.9182666666666667,6.236051842570305,0.4364
rnn,2,30,32.950763151049614,0.9186166666666666,5.385377377271652,0.4831
rnn,2,31,31.58232305943966,0.9229,5.433953657746315,0.5041
rnn,2,32,30.237899988889694,0.9259166666666667,5.124507538974285,0.5557
rnn,2,33,29.6967084556818,0.92755,4.882079944014549,0.5494
rnn,2,34,29.186976686120033,0.9287833333333333,4.738634005188942,0.4954
rnn,2,35,28.893939033150673,0.9286666666666666,4.512488581240177,0.5181
rnn,2,36,27.299135640263557,0.9336666666666666,4.686438411474228,0.5964
rnn,2,37,26.601210847496986,0.93455,5.139455810189247,0.49
rnn,2,38,28.484156981110573,0.9292,4.85670705139637,0.559
rnn,2,39,27.057470373809338,0.9332,4.720712319016457,0.5001
rnn,2,40,25.794470191001892,0.9367333333333333,4.330812320113182,0.599
rnn,2,41,25.04396902024746,0.9375166666666667,4.704596072435379,0.5765
rnn,2,42,25.011570751667023,0.9376,4.070936121046543,0.6144
rnn,2,43,24.356107100844383,0.9400666666666667,4.026502192020416,0.6002
rnn,2,44,23.562076300382614,0.9425666666666667,4.137407287955284,0.5174
rnn,2,45,24.05728329718113,0.94155,4.516983091831207,0.6364
rnn,2,46,22.754203766584396,0.9438666666666666,4.22286943346262,0.5054
rnn,2,47,23.09433688223362,0.9446166666666667,4.352085277438164,0.5695
rnn,2,48,23.133032634854317,0.9430166666666666,4.289448976516724,0.5135
rnn,2,49,22.888015016913414,0.9437666666666666,4.07601135969162,0.6789
rnn,2,50,22.934372290968895,0.94395,4.160060815513134,0.5732
rnn,2,51,21.974219895899296,0.94585,4.654874175786972,0.4805
rnn,2,52,21.97107020765543,0.9466,3.8457937091588974,0.5451
rnn,2,53,21.2667695581913,0.9471666666666667,3.820229932665825,0.5372
rnn,2,54,21.682064071297646,0.9463666666666667,4.267000570893288,0.6571
rnn,2,55,21.21375946700573,0.9489666666666666,3.936681143939495,0.577
rnn,2,56,20.813976518809795,0.9489333333333333,3.916047528386116,0.6185
rnn,2,57,20.37453555315733,0.9499,3.687585648149252,0.6257
rnn,2,58,19.827837072312832,0.95205,3.5993363186717033,0.6075
rnn,2,59,20.435240671038628,0.95,3.319436140358448,0.6196
rnn,2,60,19.347232349216938,0.9518666666666666,3.3602220192551613,0.5647
rnn,2,61,19.972737655043602,0.95095,3.544676885008812,0.5866
rnn,2,62,19.492247000336647,0.95265,4.163231827318668,0.5141
rnn,2,63,19.912537172436714,0.9491666666666667,3.784392334520817,0.6408
rnn,2,64,18.875277034938335,0.9528666666666666,3.9484258368611336,0.6223
rnn,2,65,18.775109075009823,0.9534666666666667,3.766487777233124,0.5794
rnn,2,66,18.93247988820076,0.95315,3.6055558174848557,0.569
rnn,2,67,18.319042056798935,0.9539833333333333,3.2574474811553955,0.5889
rnn,2,68,18.924857549369335,0.9530166666666666,3.2548867240548134,0.5772
rnn,2,69,18.38877558708191,0.95375,3.368221253156662,0.6152
rnn,2,70,18.124334767460823,0.9549166666666666,3.2150911912322044,0.6114
rnn,2,71,18.367820978164673,0.95365,4.119014143943787,0.6113
rnn,2,72,18.498645663261414,0.9543333333333334,3.5110351853072643,0.5818
rnn,2,73,17.70370254665613,0.9558833333333333,3.002800118178129,0.6047
rnn,2,74,17.72204416245222,0.9558166666666666,3.3106750957667828,0.6574
rnn,2,75,17.032453931868076,0.9580333333333333,3.534944921731949,0.5738
rnn,2,76,16.85727247595787,0.9579,5.422639802098274,0.5364
rnn,2,77,17.904958426952362,0.95515,3.3529351986944675,0.6232
rnn,2,78,17.394674234092236,0.9570666666666666,3.272980198264122,0.7017
rnn,2,79,17.77023971825838,0.9557333333333333,3.5917834639549255,0.674
rnn,2,80,16.90272592380643,0.9572,3.1393218599259853,0.5869
rnn,2,81,16.40739681571722,0.9587666666666667,3.558039616793394,0.5656
rnn,2,82,16.900603212416172,0.9578333333333333,3.0051844231784344,0.644
rnn,2,83,15.45444417744875,0.9614,3.036890059709549,0.6457
rnn,2,84,16.171840831637383,0.9598666666666666,2.956296104937792,0.6344
rnn,2,85,16.421535097062588,0.9587166666666667,3.913764499127865,0.6102
rnn,2,86,16.640608325600624,0.9580666666666666,3.302152141928673,0.6549
rnn,2,87,16.495391838252544,0.9586333333333333,3.936548590660095,0.5537
rnn,2,88,16.28947988897562,0.9589666666666666,2.9422255344688892,0.5966
rnn,2,89,16.51154026389122,0.9584666666666667,3.318407282233238,0.6707
rnn,2,90,15.37583413720131,0.9619,3.5515637919306755,0.5791
rnn,2,91,15.049756586551666,0.9619166666666666,3.0390110313892365,0.629
rnn,2,92,15.654354192316532,0.9607166666666667,3.2819444462656975,0.6046
rnn,2,93,15.200155466794968,0.96115,3.3407942317426205,0.6947
rnn,2,94,15.3662553653121,0.9614666666666667,2.861358966678381,0.6052
rnn,2,95,15.74426518380642,0.9603666666666667,3.6415595784783363,0.6287
rnn,2,96,15.100012011826038,0.9619,3.003248628228903,0.6913
rnn,2,97,14.974225021898746,0.9618833333333333,3.047385212033987,0.6334
rnn,2,98,14.78861989825964,0.963,4.003652475774288,0.6324
rnn,2,99,14.421668149530888,0.96405,3.0161558724939823,0.6245
rnn,2,100,15.158882938325405,0.96175,3.0927686616778374,0.6122
rnn,2,101,14.369923658668995,0.9644333333333334,2.9654577299952507,0.6116
rnn,2,102,14.467317782342434,0.964,2.9969453997910023,0.6289
rnn,2,103,13.847378343343735,0.96545,2.75081954151392,0.6371
rnn,2,104,14.805192526429892,0.96295,3.832995928823948,0.6612
rnn,2,105,14.64271466806531,0.9635333333333334,2.7842864245176315,0.6053
rnn,2,106,14.208123445510864,0.9644,2.9878316074609756,0.6591
rnn,2,107,13.769805133342743,0.9651833333333333,2.747262626886368,0.6535
rnn,2,108,14.710823439061642,0.9627666666666667,3.0111840926110744,0.6376
rnn,2,109,14.163315005600452,0.9643666666666667,2.9754360243678093,0.6399
rnn,2,110,14.280194617807865,0.96385,2.7599884755909443,0.6648
rnn,2,111,13.300735678523779,0.9670333333333333,2.7066643089056015,0.6523
rnn,2,112,14.175033684819937,0.9637833333333333,2.898500144481659,0.634
rnn,2,113,13.656267184764147,0.9657166666666667,3.100807838141918,0.6574
rnn,2,114,13.323450900614262,0.9656666666666667,3.14134144410491,0.6111
rnn,2,115,13.782417125999928,0.9650833333333333,2.708506230264902,0.6511
rnn,2,116,13.178801394999027,0.9668333333333333,2.845223408192396,0.6399
rnn,2,117,13.092119347304106,0.9664666666666667,2.7436431907117367,0.6556
rnn,2,118,12.839424058794975,0.9676,2.653405763208866,0.6457
rnn,2,119,12.947982836514711,0.9678,2.8830622397363186,0.6862
rnn,2,120,12.850596375763416,0.9676333333333333,3.106990806758404,0.6824
rnn,2,121,13.579634722322226,0.9658833333333333,2.8418236635625362,0.6908
rnn,2,122,12.880224548280239,0.9674666666666667,3.0278155021369457,0.6519
rnn,2,123,13.156006716191769,0.9664166666666667,3.3555605821311474,0.6532
rnn,2,124,13.268161751329899,0.9667,3.106507670134306,0.6575
rnn,2,125,12.486072089523077,0.9688333333333333,2.64179003238678,0.643
rnn,2,126,12.733880832791328,0.9679,2.9914248548448086,0.5849
rnn,2,127,13.012056022882462,0.9673833333333334,2.9090948067605495,0.6247
rnn,2,128,12.301851324737072,0.96875,3.516778774559498,0.5726
rnn,2,129,12.389906831085682,0.9688666666666667,2.609554037451744,0.6511
rnn,2,130,11.958532497286797,0.97035,2.6309022456407547,0.6527
rnn,2,131,13.173147767782211,0.9665,2.602605313062668,0.6606
rnn,2,132,11.793703923001885,0.9700666666666666,2.9001954086124897,0.6145
rnn,2,133,12.47270579263568,0.96795,2.6898247599601746,0.6681
rnn,2,134,12.56980999186635,0.9684166666666667,2.7152253426611423,0.6531
rnn,2,135,12.81103578582406,0.9672666666666667,2.7093830201774836,0.6404
rnn,2,136,12.32124812155962,0.9684,3.033598992973566,0.6339
rnn,2,137,12.558449611067772,0.9683666666666667,2.549138994887471,0.652
rnn,2,138,11.750881142914295,0.9704666666666667,2.9292171262204647,0.6088
rnn,2,139,13.054634589701891,0.9665666666666667,2.7554546892642975,0.6985
rnn,2,140,11.6841491907835,0.97075,2.488002959638834,0.674
rnn,2,141,11.327987544238567,0.9714166666666667,2.8259809724986553,0.6201
rnn,2,142,12.149671040475368,0.9693,2.7878999933600426,0.6853
rnn,2,143,12.323551181703806,0.9683,2.6944367066025734,0.6537
rnn,2,144,12.544520191848278,0.9681666666666666,2.888091716915369,0.6701
rnn,2,145,11.060451928526163,0.9720666666666666,2.6886493489146233,0.6329
rnn,2,146,11.853317152708769,0.9691833333333333,2.592749474570155,0.6588
rnn,2,147,11.001891952008009,0.9721833333333333,2.7491137385368347,0.6473
rnn,2,148,11.557319533079863,0.97035,3.0859780572354794,0.5627
rnn,2,149,11.420924946665764,0.9708666666666667,2.6348518431186676,0.6367
rnn,2,150,10.971676647663116,0.9719833333333333,3.1060802452266216,0.7198
rnn,2,151,11.571220062673092,0.9706833333333333,2.456662466749549,0.7079
rnn,2,152,11.680973505601287,0.9699666666666666,2.664716862142086,0.6672
rnn,2,153,10.918207429349422,0.9722166666666666,2.699139293283224,0.7277
rnn,2,154,11.322299636900425,0.97095,2.4776446111500263,0.6628
rnn,2,155,10.723465953022242,0.9731833333333333,2.492860710248351,0.6851
rnn,2,156,10.827056914567947,0.9723166666666667,2.534501686692238,0.6827
rnn,2,157,10.938296802341938,0.97165,2.6603414732962847,0.6177
rnn,2,158,10.866710424423218,0.9724833333333334,2.53694979660213,0.6714
rnn,2,159,10.456236317753792,0.9735833333333334,2.3429483752697706,0.6672
rnn,2,160,11.152973238378763,0.9719,3.143171340227127,0.6031
rnn,2,161,10.66785528883338,0.9728166666666667,2.413086947053671,0.6515
rnn,2,162,10.57486042380333,0.9731,2.4325627870857716,0.6324
rnn,2,163,10.18648299202323,0.9744,2.7891169041395187,0.6117
rnn,2,164,10.762938477098942,0.9728,2.430284133180976,0.6312
rnn,2,165,11.317859660834074,0.97125,2.771956592798233,0.7316
rnn,2,166,11.632392041385174,0.9704333333333334,3.313251417130232,0.7016
rnn,2,167,10.749035831540823,0.9724333333333334,2.308427019044757,0.6731
rnn,2,168,10.45883408561349,0.9729,2.5805337093770504,0.6753
rnn,2,169,10.496875062584877,0.9731,2.4684923868626356,0.702
rnn,2,170,10.983384922146797,0.9718833333333333,2.3972035218030214,0.637
rnn,2,171,10.001594603061676,0.9740833333333333,2.6449678987264633,0.6222
rnn,2,172,10.605546720325947,0.9731166666666666,2.996045218780637,0.6238
rnn,2,173,10.196083024144173,0.9736833333333333,2.494878478348255,0.6524
rnn,2,174,10.345437824726105,0.9735833333333334,2.686189815402031,0.6552
rnn,2,175,10.797204941511154,0.9716833333333333,2.5090487878769636,0.6782
rnn,2,176,9.94902478158474,0.9744833333333334,2.422003772109747,0.6729
rnn,2,177,10.434913843870163,0.97355,2.6268445178866386,0.7156
rnn,2,178,9.966825436800718,0.9750166666666666,2.2888466119766235,0.6827
rnn,2,179,9.765140950679779,0.9755166666666667,2.6313174180686474,0.6261
rnn,2,180,9.711816877126694,0.9748666666666667,2.8277579192072153,0.6993
rnn,2,181,10.223628673702478,0.9736333333333334,2.696749445050955,0.624
rnn,2,182,9.95275642350316,0.9747166666666667,2.8318360410630703,0.748
rnn,2,183,9.548926301300526,0.9753,2.3286564983427525,0.6536
rnn,2,184,9.631793070584536,0.9754166666666667,2.3063906729221344,0.6675
rnn,2,185,9.414940692484379,0.97575,2.5932272374629974,0.6694
rnn,2,186,9.806759618222713,0.9747166666666667,2.4423907957971096,0.6894
rnn,2,187,9.135414935648441,0.9765333333333334,2.407664567232132,0.6781
rnn,2,188,9.811802089214325,0.9750833333333333,2.350894082337618,0.6973
rnn,2,189,10.213840380311012,0.9731833333333333,2.486856749281287,0.6642
rnn,2,190,9.404904587194324,0.9759333333333333,3.6905877888202667,0.6946
rnn,2,191,9.577156595885754,0.9753666666666667,2.5847039967775345,0.6311
rnn,2,192,9.29212841950357,0.9760166666666666,2.8540887013077736,0.6341
rnn,2,193,9.57383836619556,0.97515,2.4824624117463827,0.6849
rnn,2,194,9.394514359533787,0.97585,2.802332032471895,0.6144
rnn,2,195,9.27371983975172,0.9764333333333334,2.3198526054620743,0.6525
rnn,2,196,9.18349372036755,0.9764833333333334,2.4488107468932867,0.6518
rnn,2,197,9.498708298429847,0.9753333333333334,2.273162167519331,0.7101
rnn,2,198,9.611913654953241,0.9752333333333333,2.198018804192543,0.697
rnn,2,199,8.93415081128478,0.9772833333333333,2.772557906806469,0.6236
rnn,2,200,9.901595901697874,0.97485,2.310631660744548,0.6993
rnn,2,201,8.932327710092068,0.9767166666666667,2.3232004269957542,0.6533
rnn,2,202,8.985047360882163,0.9760833333333333,2.53114297054708,0.6483
rnn,2,203,9.464479982852936,0.97535,2.33204585313797,0.6867
rnn,2,204,9.008461952209473,0.97665,2.6503356341272593,0.6611
rnn,2,205,9.107736840844154,0.9765833333333334,2.6709036100655794,0.7025
rnn,2,206,9.079057209193707,0.9776,2.7205664608627558,0.7224
rnn,2,207,9.027086462825537,0.9767666666666667,2.5964580234140158,0.663
rnn,2,208,9.130761064589024,0.9765833333333334,2.345388114452362,0.6559
rnn,2,209,8.57297051511705,0.9779,2.3073206711560488,0.7178
rnn,2,210,8.618755580857396,0.9778833333333333,2.4091442674398422,0.7403
rnn,2,211,9.119880517944694,0.9761333333333333,2.2775039579719305,0.7027
rnn,2,212,8.481709256768227,0.97855,2.71688250079751,0.7171
rnn,2,213,8.810563506558537,0.9770666666666666,2.572619980201125,0.6822
rnn,2,214,8.985217597335577,0.9770333333333333,2.7321576569229364,0.7479
rnn,2,215,8.951823100447655,0.9766333333333334,2.6008630730211735,0.6881
rnn,2,216,8.674695782363415,0.9776,2.2657472528517246,0.6806
rnn,2,217,8.919816065579653,0.9764833333333334,2.9235794208943844,0.6893
rnn,2,218,9.051551960408688,0.9770166666666666,2.262859981507063,0.7001
rnn,2,219,8.3948345631361,0.9781166666666666,2.4930184464901686,0.6911
rnn,2,220,8.69566685333848,0.97785,2.6396789960563183,0.7067
rnn,2,221,9.415842292830348,0.9753,2.605673063546419,0.6906
rnn,2,222,8.885188922286034,0.9769666666666666,2.954512445256114,0.7606
rnn,2,223,7.808502048254013,0.9797333333333333,2.4917812943458557,0.6776
rnn,2,224,8.882054639980197,0.9772,2.645504893735051,0.7143
rnn,2,225,8.969385512173176,0.9771666666666666,2.36065835878253,0.662
rnn,2,226,9.198272800073028,0.9760333333333333,2.3108808547258377,0.6831
rnn,2,227,8.761710437014699,0.977,2.722306501120329,0.648
rnn,2,228,8.640447007492185,0.9776333333333334,2.2951285261660814,0.6657
rnn,2,229,8.314840283244848,0.97865,2.7652461137622595,0.7196
rnn,2,230,8.301993358880281,0.9789,3.069245718419552,0.6921
rnn,2,231,8.456707982346416,0.9782166666666666,2.706783102825284,0.7175
rnn,2,232,8.46180154569447,0.9779833333333333,2.32040243037045,0.6828
rnn,2,233,8.650267343968153,0.9778833333333333,2.619080469943583,0.7043
rnn,2,234,8.63071932271123,0.9778833333333333,2.363070324063301,0.7093
rnn,2,235,8.013940330594778,0.9795,2.294580841436982,0.7088
rnn,2,236,8.700425878167152,0.9769666666666666,3.0256382524967194,0.6675
rnn,2,237,8.300099113956094,0.9790333333333333,2.6266765017062426,0.7214
rnn,2,238,8.356087941676378,0.9785,3.054481767117977,0.7202
rnn,2,239,8.259068734943867,0.9786166666666667,2.3302128724753857,0.6976
rnn,2,240,8.353969406336546,0.9788,2.232410417869687,0.7223
rnn,2,241,8.15303248167038,0.9786166666666667,2.4538406170904636,0.6689
rnn,2,242,8.239376267418265,0.9781,2.6265089958906174,0.6719
rnn,2,243,8.267612010240555,0.97845,2.268260158598423,0.6747
rnn,2,244,7.833309596404433,0.9799666666666667,2.6759099140763283,0.7017
rnn,2,245,8.25358964316547,0.9793166666666666,2.535299312323332,0.6884
rnn,2,246,8.139007536694407,0.9794,2.508199082687497,0.7192
rnn,2,247,8.404389403760433,0.9781833333333333,2.4503714740276337,0.6915
rnn,2,248,7.748455502092838,0.9799,2.1720677819103003,0.717
rnn,2,249,7.733574124053121,0.9801833333333333,2.4376948364079,0.758
rnn,2,250,8.107619201764464,0.9789333333333333,2.968373667448759,0.7745
rnn,2,251,8.372404035180807,0.9785,2.7657574340701103,0.6562
rnn,2,252,7.742340765893459,0.9802666666666666,2.819426853209734,0.7195
rnn,2,253,7.679025741294026,0.9800833333333333,2.84185042232275,0.7082
rnn,2,254,8.313557848334312,0.9779666666666667,2.208828730508685,0.7036
rnn,2,255,8.358268864452839,0.97825,2.745262833312154,0.7386
rnn,2,256,8.014717625454068,0.9789833333333333,2.3774669524282217,0.7242
rnn,2,257,7.286981463432312,0.9810833333333333,2.622625570744276,0.6537
rnn,2,258,7.505705639719963,0.9805666666666667,2.2975085359066725,0.6624
rnn,2,259,7.151682453230023,0.9817333333333333,2.3704792829230428,0.7068
rnn,2,260,8.501423783134669,0.9776333333333334,2.492338355630636,0.6941
rnn,2,261,7.645074129104614,0.9805,2.3604923989623785,0.7026
rnn,2,262,7.928837716579437,0.9792,2.4335998594760895,0.6969
rnn,2,263,7.804810116067529,0.9803666666666667,2.6669909693300724,0.6721
rnn,2,264,7.8762842658907175,0.97955,2.523217448964715,0.7186
rnn,2,265,7.712187059223652,0.9798166666666667,2.335848217830062,0.6949
rnn,2,266,7.4794119913131,0.9802833333333333,2.3199137579649687,0.7327
rnn,2,267,7.401011368259788,0.98125,2.177624356932938,0.7145
rnn,2,268,7.9543100986629725,0.9790333333333333,2.5884234122931957,0.6943
rnn,2,269,6.954290015622973,0.98195,3.0242035277187824,0.6885
rnn,2,270,8.358269097283483,0.979,2.6370119024068117,0.8009
rnn,2,271,7.105044363066554,0.9814333333333334,2.2196744848042727,0.7323
rnn,2,272,7.29415200278163,0.9809666666666667,3.697599194943905,0.6968
rnn,2,273,7.972020348533988,0.9796166666666667,2.2504448294639587,0.6924
rnn,2,274,7.783137701451778,0.9802166666666666,2.8493337519466877,0.7673
rnn,2,275,7.682436579838395,0.9800666666666666,2.2043515164405107,0.7029
rnn,2,276,7.154286704957485,0.9813166666666666,3.446235451847315,0.6665
rnn,2,277,7.484139433130622,0.9806833333333334,3.243594102561474,0.6478
rnn,2,278,8.068621426820755,0.9785,2.607441235333681,0.7257
rnn,2,279,7.758471570909023,0.9797166666666667,2.5197161212563515,0.6764
rnn,2,280,7.154358830302954,0.98105,2.230088459327817,0.7319
rnn,2,281,7.2509277649223804,0.9809,2.34087697789073,0.7227
rnn,2,282,7.527603220194578,0.9804833333333334,2.307280447334051,0.6811
rnn,2,283,6.890678074210882,0.9819666666666667,2.123057186603546,0.7011
rnn,2,284,6.871014637872577,0.9824833333333334,2.45233959145844,0.7667
rnn,2,285,7.502745835110545,0.9811666666666666,2.2590166442096233,0.6956
rnn,2,286,6.713648945093155,0.9825833333333334,2.1482775509357452,0.717
rnn,2,287,7.103799195960164,0.9816,2.463622839190066,0.7402
rnn,2,288,7.570031890645623,0.9799833333333333,2.530002661049366,0.6576
rnn,2,289,7.177541356533766,0.9813166666666666,2.373118033632636,0.7569
rnn,2,290,7.3122578877955675,0.9807333333333333,3.107173804193735,0.6528
rnn,2,291,7.24595302157104,0.9811833333333333,2.19394476339221,0.7391
rnn,2,292,6.971846047788858,0.9816166666666667,2.395352814346552,0.7345
rnn,2,293,7.5681916093453765,0.9804666666666667,3.3167383521795273,0.7162
rnn,2,294,7.381812321022153,0.9809,2.5341284200549126,0.6296
rnn,2,295,7.59815539419651,0.9800833333333333,2.6200711764395237,0.6831
rnn,2,296,6.623581983149052,0.9826333333333334,2.511694675311446,0.6758
rnn,2,297,7.066369891166687,0.9814333333333334,2.6157390251755714,0.6474
rnn,2,298,7.302114533260465,0.98095,2.492303652688861,0.7103
rnn,2,299,7.049542095512152,0.9817333333333333,2.742601916193962,0.6928
rnn,2,300,6.588534144684672,0.98285,2.5438445899635553,0.6736
rnn,3,1,232.19987213611603,0.28595,32.765132546424866,0.1696
rnn,3,2,158.790873169899,0.5335333333333333,22.511530876159668,0.2767
rnn,3,3,119.05203014612198,0.6609666666666667,18.41319727897644,0.2921
rnn,3,4,99.87463212013245,0.7082333333333334,17.0518661737442,0.3895
rnn,3,5,86.79436349868774,0.74685,14.644138216972351,0.3539
rnn,3,6,76.55449873209,0.7754166666666666,12.266347914934158,0.3966
rnn,3,7,68.87400084733963,0.7965333333333333,11.581880539655685,0.4203
rnn,3,8,63.63550281524658,0.81315,10.64594492316246,0.4404
rnn,3,9,58.88015499711037,0.8271666666666667,9.747257113456726,0.5093
rnn,3,10,56.027540534734726,0.8378833333333333,9.7248794734478,0.4993
rnn,3,11,52.04656112194061,0.8512833333333333,9.674888879060745,0.6447
rnn,3,12,49.5435394346714,0.86635,9.064763262867928,0.518
rnn,3,13,45.07715404033661,0.8844,8.087319254875183,0.6852
rnn,3,14,42.02718588709831,0.8968166666666667,6.881880134344101,0.7165
rnn,3,15,39.64949929714203,0.9051333333333333,7.335857450962067,0.5835
rnn,3,16,38.386588498950005,0.9083833333333333,6.322803303599358,0.709
rnn,3,17,35.03904367983341,0.9160833333333334,6.416933283209801,0.708
rnn,3,18,34.141700103878975,0.9174,5.822027504444122,0.6442
rnn,3,19,32.24501045048237,0.9237166666666666,6.420009657740593,0.7304
rnn,3,20,31.95499388873577,0.9238666666666666,5.598236069083214,0.6577
rnn,3,21,31.263951137661934,0.9254666666666667,5.221168398857117,0.6544
rnn,3,22,29.774082213640213,0.9297833333333333,5.735012345016003,0.6605
rnn,3,23,29.171143233776093,0.9305666666666667,5.493734024465084,0.6665
rnn,3,24,27.967290997505188,0.9329166666666666,5.030888713896275,0.6348
rnn,3,25,27.258469343185425,0.9350666666666667,5.177033975720406,0.6472
rnn,3,26,26.772485367953777,0.9364,4.764657482504845,0.6848
rnn,3,27,26.604657143354416,0.937,5.470478877425194,0.6905
rnn,3,28,26.809754863381386,0.9366166666666667,4.560643248260021,0.6671
rnn,3,29,26.22586028277874,0.9375166666666667,5.01505696028471,0.7187
rnn,3,30,25.955711007118225,0.93915,4.2071658074855804,0.6921
rnn,3,31,25.284767404198647,0.94005,4.089951857924461,0.747
rnn,3,32,24.359152629971504,0.9429,4.159814924001694,0.7418
rnn,3,33,23.569136664271355,0.9441666666666667,4.0383662432432175,0.7482
rnn,3,34,24.01618357002735,0.9433666666666667,4.161320336163044,0.7801
rnn,3,35,24.415381774306297,0.9426666666666667,4.399279199540615,0.6981
rnn,3,36,23.33778714388609,0.9441833333333334,4.279783301055431,0.7494
rnn,3,37,22.821046605706215,0.9455666666666667,4.124671101570129,0.6971
rnn,3,38,22.442630290985107,0.9466833333333333,4.012158535420895,0.7527
rnn,3,39,22.329778589308262,0.9472,3.8842921406030655,0.7661
rnn,3,40,21.706968441605568,0.9484,3.7780142724514008,0.7894
rnn,3,41,21.94793538749218,0.9479166666666666,4.0496454909443855,0.7572
rnn,3,42,21.091525115072727,0.9503666666666667,4.341144762933254,0.8241
rnn,3,43,21.04748483747244,0.9502666666666667,3.943691037595272,0.7735
rnn,3,44,21.804506219923496,0.9481166666666667,3.973022475838661,0.7975
rnn,3,45,20.470839373767376,0.9518,3.8921173810958862,0.8369
rnn,3,46,20.439581632614136,0.9517,3.6812956407666206,0.8059
rnn,3,47,20.900966838002205,0.9506833333333333,3.7901243194937706,0.8435
rnn,3,48,20.524395436048508,0.9518666666666666,3.833372935652733,0.7864
rnn,3,49,19.649929724633694,0.9532,3.5489086285233498,0.7712
rnn,3,50,19.520626194775105,0.9536,3.5315266475081444,0.8288
rnn,3,51,19.411445386707783,0.9541833333333334,3.5393123365938663,0.8387
rnn,3,52,19.262435033917427,0.9541,3.8838195726275444,0.8693
rnn,3,53,18.33880341798067,0.9560333333333333,4.0245829075574875,0.7882
rnn,3,54,19.377564281225204,0.9536333333333333,3.737374998629093,0.8145
rnn,3,55,18.963706344366074,0.9550666666666666,3.6075060069561005,0.7872
rnn,3,56,18.30781201273203,0.9563666666666667,3.391922790557146,0.8269
rnn,3,57,18.488559000194073,0.95625,4.5515178963541985,0.8478
rnn,3,58,18.689862713217735,0.9557,3.3730225041508675,0.8511
rnn,3,59,18.031596943736076,0.95695,3.407492235302925,0.7949
rnn,3,60,17.769432682543993,0.9574,3.961956486105919,0.8171
rnn,3,61,18.052804086357355,0.9567,3.1719932220876217,0.8422
rnn,3,62,17.17611487209797,0.9590333333333333,4.327252179384232,0.7848
rnn,3,63,18.73049484193325,0.9552833333333334,3.657938316464424,0.7948
rnn,3,64,17.70634127408266,0.95835,3.4130177423357964,0.8618
rnn,3,65,16.859497912228107,0.96025,3.1333460584282875,0.8409
rnn,3,66,16.971826151013374,0.95945,3.311171233654022,0.8565
rnn,3,67,16.109433062374592,0.9613333333333334,3.270334977656603,0.7985
rnn,3,68,16.88904259353876,0.96015,3.4909124448895454,0.771
rnn,3,69,16.86632926762104,0.9602166666666667,3.0823790207505226,0.7951
rnn,3,70,16.58199781924486,0.9604333333333334,3.154168389737606,0.8564
rnn,3,71,16.28592936694622,0.9616666666666667,3.073203831911087,0.8568
rnn,3,72,15.814991161227226,0.9625333333333334,2.8669673167169094,0.8651
rnn,3,73,15.304849445819855,0.9633833333333334,3.1253285631537437,0.859
rnn,3,74,15.4349919334054,0.9627666666666667,2.879884820431471,0.8309
rnn,3,75,15.635319381952286,0.96275,3.523599084466696,0.8961
rnn,3,76,16.99591863155365,0.9599333333333333,3.3433494716882706,0.8389
rnn,3,77,16.132554426789284,0.9609,3.240838848054409,0.7707
rnn,3,78,15.909376200288534,0.96185,2.79913392290473,0.8342
rnn,3,79,15.459699057042599,0.9635166666666667,3.2143776789307594,0.8428
rnn,3,80,15.191294722259045,0.9640833333333333,3.141524601727724,0.8904
rnn,3,81,15.524240896105766,0.9629833333333333,2.794614717364311,0.8621
rnn,3,82,15.231530837714672,0.9639333333333333,3.111387923359871,0.843
rnn,3,83,15.075323835015297,0.9638666666666666,3.8441735357046127,0.7643
rnn,3,84,14.265895463526249,0.966,2.8083394169807434,0.8728
rnn,3,85,14.726951457560062,0.96505,2.9280663058161736,0.8316
rnn,3,86,14.587990410625935,0.9657,3.037473324686289,0.8912
rnn,3,87,14.497432712465525,0.9650166666666666,2.8045708313584328,0.8533
rnn,3,88,13.740237288177013,0.9676166666666667,3.448109421879053,0.8766
rnn,3,89,14.818685974925756,0.9645166666666667,2.625998005270958,0.8459
rnn,3,90,14.082760643213987,0.9666833333333333,2.8923425637185574,0.8411
rnn,3,91,13.894148606806993,0.96725,2.8326019532978535,0.8597
rnn,3,92,14.287553079426289,0.96595,2.9018705524504185,0.876
rnn,3,93,13.41405737400055,0.9669166666666666,3.38062734156847,0.7831
rnn,3,94,13.938627932220697,0.9669833333333333,3.2878241278231144,0.8029
rnn,3,95,14.127364195883274,0.9664833333333334,2.7476840540766716,0.8745
rnn,3,96,13.322043869644403,0.9677333333333333,2.88266234472394,0.8185
rnn,3,97,14.439636699855328,0.9658833333333333,2.9666600190103054,0.8521
rnn,3,98,13.702368810772896,0.9681333333333333,2.6526453532278538,0.8577
rnn,3,99,13.141022928059101,0.9686666666666667,2.998662758618593,0.8088
rnn,3,100,13.502141073346138,0.9681833333333333,2.7203373350203037,0.8657
rnn,3,101,13.160791855305433,0.9686333333333333,3.1010238379240036,0.8093
rnn,3,102,12.86347796022892,0.9692,2.7767060436308384,0.8978
rnn,3,103,13.447047878056765,0.968,3.5168366730213165,0.9198
rnn,3,104,13.86303335800767,0.9666166666666667,2.7247260473668575,0.8451
rnn,3,105,13.180094290524721,0.9678666666666667,3.1270162537693977,0.8805
rnn,3,106,13.468217018991709,0.9684,2.654101725667715,0.8506
rnn,3,107,13.16773347556591,0.96795,2.897524520754814,0.9019
rnn,3,108,13.16340272501111,0.9686,2.776656184345484,0.8536
rnn,3,109,13.265965104103088,0.9691166666666666,3.2790040895342827,0.8732
rnn,3,110,14.026197250932455,0.9667333333333333,3.0214794501662254,0.8561
rnn,3,111,12.949251219630241,0.9691,2.8922055438160896,0.8286
rnn,3,112,12.188757615163922,0.9707833333333333,2.872542768716812,0.8064
rnn,3,113,13.415919173508883,0.9684666666666667,2.6127172894775867,0.8854
rnn,3,114,12.306174412369728,0.9713333333333334,2.7015691995620728,0.8595
rnn,3,115,12.620292395353317,0.9696666666666667,3.221581108868122,0.8932
rnn,3,116,13.506646901369095,0.9676,2.859746780246496,0.9055
rnn,3,117,12.06822980567813,0.9709666666666666,2.787872552871704,0.8346
rnn,3,118,13.244460865855217,0.9685833333333334,2.989131037145853,0.8281
rnn,3,119,12.135731615126133,0.97175,2.650071281939745,0.8513
rnn,3,120,12.506399620324373,0.9701833333333333,2.810880981385708,0.8559
rnn,3,121,12.159262351691723,0.97085,2.3797761611640453,0.851
rnn,3,122,11.405394487082958,0.9731166666666666,2.6462884955108166,0.8872
rnn,3,123,12.223665963858366,0.9711166666666666,2.661910306662321,0.8187
rnn,3,124,13.171867579221725,0.96815,2.7273786514997482,0.8354
rnn,3,125,11.642028771340847,0.97235,2.6587186567485332,0.8853
rnn,3,126,12.31500830873847,0.9702,2.720448322594166,0.9069
rnn,3,127,11.79602388292551,0.9724833333333334,2.860455948859453,0.8797
rnn,3,128,12.157901231199503,0.9708666666666667,2.519070763140917,0.8823
rnn,3,129,11.956321708858013,0.9714833333333334,2.529672659933567,0.8861
rnn,3,130,11.605589173734188,0.9728166666666667,2.548360325396061,0.8535
rnn,3,131,11.705266334116459,0.9722333333333333,2.827540412545204,0.8328
rnn,3,132,11.742482021450996,0.97185,2.5296942070126534,0.847
rnn,3,133,11.407109010964632,0.9725,2.411340557038784,0.8613
rnn,3,134,11.682323917746544,0.97165,2.53369265422225,0.8611
rnn,3,135,10.844909939914942,0.9739833333333333,2.5694994181394577,0.8303
rnn,3,136,11.429188497364521,0.9726166666666667,2.8176670745015144,0.8895
rnn,3,137,12.00459536910057,0.9714833333333334,2.5478226728737354,0.8732
rnn,3,138,11.398833323270082,0.97255,2.792391736060381,0.8444
rnn,3,139,11.992650240659714,0.9713,3.1112693175673485,0.8716
rnn,3,140,11.04194238781929,0.9737666666666667,2.467933502048254,0.8168
rnn,3,141,10.922233954071999,0.9735833333333334,3.041151113808155,0.7914
rnn,3,142,11.530556876212358,0.9723833333333334,3.3603102192282677,0.9249
rnn,3,143,11.529643129557371,0.97235,2.6194371953606606,0.8966
rnn,3,144,11.16797248646617,0.9735333333333334,3.33172969520092,0.8959
rnn,3,145,11.38744717463851,0.9728833333333333,2.806692097336054,0.8418
rnn,3,146,11.381647951900959,0.9734666666666667,2.414913136512041,0.8901
rnn,3,147,10.331975823268294,0.9755833333333334,3.123942367732525,0.855
rnn,3,148,10.003956004977226,0.9761333333333333,2.6952412985265255,0.8055
rnn,3,149,11.126763358712196,0.9739333333333333,2.9234096482396126,0.8576
rnn,3,150,11.063709422945976,0.9738166666666667,3.3498326130211353,0.883
rnn,3,151,10.607119254767895,0.9743666666666667,2.72381891310215,0.8469
rnn,3,152,10.977078005671501,0.9737666666666667,2.5783247984945774,0.8464
rnn,3,153,11.277579307556152,0.9723333333333334,3.445324908941984,0.9165
rnn,3,154,10.15033445134759,0.9759833333333333,3.186526071280241,0.7909
rnn,3,155,11.52426229417324,0.9721666666666666,3.0094924457371235,0.7627
rnn,3,156,10.829706434160471,0.9742833333333333,2.5379820726811886,0.8854
rnn,3,157,10.590280406177044,0.9749666666666666,2.4292740039527416,0.8972
rnn,3,158,10.033614825457335,0.9760333333333333,2.5013623982667923,0.8799
rnn,3,159,10.28179183229804,0.97525,3.0900074280798435,0.8236
rnn,3,160,10.997297246009111,0.9737166666666667,2.452024197205901,0.8688
rnn,3,161,11.117763999849558,0.9729166666666667,2.721071884036064,0.9162
rnn,3,162,9.676328223198652,0.9775166666666667,2.5295173823833466,0.8716
rnn,3,163,9.812562644481659,0.97685,2.3292925003916025,0.8908
rnn,3,164,10.935477744787931,0.9749,2.6879105642437935,0.879
rnn,3,165,10.238946124911308,0.9754666666666667,2.353811865672469,0.8288
rnn,3,166,10.980659153312445,0.97365,2.525319080799818,0.8849
rnn,3,167,10.359377905726433,0.9752333333333333,2.8893350251019,0.8308
rnn,3,168,10.551785819232464,0.9746333333333334,2.660489298403263,0.825
rnn,3,169,9.715562541037798,0.9764333333333334,2.429171562194824,0.8494
rnn,3,170,10.789890479296446,0.9742333333333333,2.5011206194758415,0.8664
rnn,3,171,10.269362665712833,0.9753833333333334,3.53622505068779,0.7391
rnn,3,172,10.006860055029392,0.9761833333333333,2.4054441452026367,0.8618
rnn,3,173,9.370485845953226,0.9775166666666667,2.744864337146282,0.842
rnn,3,174,10.335381796583533,0.9752333333333333,2.518451564013958,0.8728
rnn,3,175,10.117256011813879,0.9756166666666667,2.409255450591445,0.8192
rnn,3,176,10.089357554912567,0.9761166666666666,2.542059399187565,0.9075
rnn,3,177,10.452863771468401,0.9747833333333333,2.4113892391324043,0.8607
rnn,3,178,9.563688978552818,0.97705,2.9730458930134773,0.8509
rnn,3,179,9.872663881629705,0.9767666666666667,3.147261504083872,0.7931
rnn,3,180,10.244537096470594,0.9749833333333333,2.3866321183741093,0.8623
rnn,3,181,9.887481160461903,0.97605,2.524760063737631,0.8753
rnn,3,182,8.781609695404768,0.9789666666666667,2.5002283975481987,0.8833
rnn,3,183,9.714834526181221,0.9767833333333333,2.498700577765703,0.8959
rnn,3,184,9.774078700691462,0.97595,2.6752899810671806,0.8414
rnn,3,185,9.622546527534723,0.9768,2.462669510394335,0.8963
rnn,3,186,9.92900924384594,0.9756666666666667,2.5436314158141613,0.8355
rnn,3,187,9.394414315000176,0.9772833333333333,2.3804861046373844,0.8365
rnn,3,188,8.731665778905153,0.9791,3.4909485429525375,0.8938
rnn,3,189,10.639160577207804,0.97465,2.553440183401108,0.8427
rnn,3,190,9.542627092450857,0.9773,2.276088174432516,0.8982
rnn,3,191,9.13227828592062,0.97785,2.4086536280810833,0.8979
rnn,3,192,9.185402236878872,0.9777833333333333,2.377341179177165,0.8756
rnn,3,193,8.949853826314211,0.9785,2.3244387321174145,0.8374
rnn,3,194,8.865273151546717,0.9788333333333333,2.634844798594713,0.8772
rnn,3,195,8.460751831531525,0.97945,2.577153403311968,0.8822
rnn,3,196,9.11280725337565,0.9783,2.589887522161007,0.8546
rnn,3,197,9.507078340277076,0.97735,2.4773241952061653,0.8162
rnn,3,198,9.053971335291862,0.9781666666666666,2.8600643016397953,0.7816
rnn,3,199,9.49990240111947,0.9770666666666666,2.6202550269663334,0.8013
rnn,3,200,9.544523227959871,0.9766666666666667,2.4085669331252575,0.8501
rnn,3,201,8.556608062237501,0.979,2.446681644767523,0.8713
rnn,3,202,9.143669191747904,0.9779166666666667,2.6996955201029778,0.7962
rnn,3,203,9.53639106079936,0.9765833333333334,3.0302141718566418,0.7616
rnn,3,204,9.081419046968222,0.9783333333333334,2.803513504564762,0.9199
rnn,3,205,8.415336152538657,0.9794833333333334,3.2099278271198273,0.7821
rnn,3,206,9.089131694287062,0.9778166666666667,2.563909839838743,0.8816
rnn,3,207,9.086067909374833,0.9785833333333334,2.623167756944895,0.8587
rnn,3,208,8.70838625729084,0.9796333333333334,2.5507518760859966,0.8621
rnn,3,209,9.261604193598032,0.9778833333333333,2.259801257401705,0.8585
rnn,3,210,8.600248889997602,0.9792166666666666,2.864161491394043,0.7406
rnn,3,211,9.171601217240095,0.9778833333333333,2.2495210990309715,0.8708
rnn,3,212,9.354494512081146,0.9767333333333333,3.0225475877523422,0.8502
rnn,3,213,9.409096762537956,0.9776666666666667,2.3435974568128586,0.8596
rnn,3,214,8.314330181106925,0.97985,2.5972930043935776,0.8489
rnn,3,215,9.229550633579493,0.9782,3.1945235170423985,0.9207
rnn,3,216,10.163646720349789,0.9755333333333334,2.3182309828698635,0.8312
rnn,3,217,9.294322114437819,0.97835,2.713494747877121,0.7647
rnn,3,218,9.064768172800541,0.9785666666666667,2.680999606847763,0.8177
rnn,3,219,9.201281785964966,0.9779833333333333,2.4020273983478546,0.8461
rnn,3,220,8.776177003979683,0.9787833333333333,2.643077574670315,0.8146
rnn,3,221,9.515007833018899,0.97665,2.891851231455803,0.8763
rnn,3,222,8.545652320608497,0.9786,2.4438901618123055,0.8098
rnn,3,223,8.632626555860043,0.9791,2.4597356785088778,0.8385
rnn,3,224,8.851024810224771,0.9788166666666667,2.5087319165468216,0.8995
rnn,3,225,8.717344872653484,0.9784166666666667,2.5658374093472958,0.8053
rnn,3,226,8.234457852318883,0.9806,2.524348333477974,0.8874
rnn,3,227,8.58406624570489,0.9788833333333333,3.0918293483555317,0.9152
rnn,3,228,8.984399624168873,0.9777,2.428080400452018,0.7907
rnn,3,229,8.74235006980598,0.9786833333333333,3.3714059740304947,0.8014
rnn,3,230,9.920471839606762,0.9756666666666667,2.615888526663184,0.8784
rnn,3,231,8.127456810325384,0.9801833333333333,2.9304230976849794,0.826
rnn,3,232,8.116856511682272,0.9803166666666666,3.158994734287262,0.7555
rnn,3,233,8.336963631212711,0.9794333333333334,2.750143714249134,0.8503
rnn,3,234,8.311871754005551,0.9794666666666667,2.525499166920781,0.8344
rnn,3,235,7.8629101645201445,0.98015,2.654676016420126,0.872
rnn,3,236,7.975755428895354,0.9808666666666667,2.305307850241661,0.8291
rnn,3,237,7.9521483816206455,0.9806666666666667,2.5500098951160908,0.9015
rnn,3,238,7.963685896247625,0.9809333333333333,2.2872987501323223,0.8574
rnn,3,239,8.06610980257392,0.98005,3.2212636061012745,0.8663
rnn,3,240,9.158269107341766,0.97805,2.4761641174554825,0.8114
rnn,3,241,8.68397667631507,0.9791666666666666,2.505924765020609,0.8545
rnn,3,242,8.588328823447227,0.9792166666666666,2.7966061383485794,0.8785
rnn,3,243,7.985441522672772,0.9807,2.2849026173353195,0.8485
rnn,3,244,7.507824396714568,0.9819333333333333,2.485211441293359,0.8399
rnn,3,245,8.125504158437252,0.9806166666666667,2.600778389722109,0.8768
rnn,3,246,8.896445965394378,0.9784166666666667,2.7723633646965027,0.8061
rnn,3,247,8.280942743644118,0.9798,2.3452366460114717,0.8848
rnn,3,248,8.089473195374012,0.9801833333333333,2.789906606078148,0.8732
rnn,3,249,7.94001480191946,0.9808833333333333,2.580878723412752,0.8644
rnn,3,250,7.929960422217846,0.9807333333333333,2.6423578560352325,0.84
rnn,3,251,8.446144489571452,0.97995,2.3812790103256702,0.8803
rnn,3,252,7.37491274997592,0.9820333333333333,2.4117911010980606,0.8297
rnn,3,253,8.487865768373013,0.9793333333333333,2.4680467173457146,0.9077
rnn,3,254,8.169988106936216,0.9806666666666667,2.467197047546506,0.8685
rnn,3,255,7.715497067198157,0.9811666666666666,2.8202556893229485,0.8303
rnn,3,256,7.382191471755505,0.9825666666666667,2.5049112867563963,0.8141
rnn,3,257,7.396397231146693,0.9821833333333333,2.4192001167684793,0.8961
rnn,3,258,7.948543408885598,0.9804166666666667,2.883710853755474,0.8686
rnn,3,259,8.471096688881516,0.9791,2.6748225577175617,0.9034
rnn,3,260,8.477005306631327,0.97985,2.7878015898168087,0.7944
rnn,3,261,7.274902431294322,0.98245,2.5640455391258,0.7876
rnn,3,262,7.690253585577011,0.9813166666666666,2.941433798521757,0.8835
rnn,3,263,8.28189516440034,0.9795,2.5657090544700623,0.8546
rnn,3,264,7.532181253656745,0.98205,2.525975363329053,0.8986
rnn,3,265,7.644942536950111,0.9814833333333334,2.418118914589286,0.8128
rnn,3,266,7.759498042985797,0.98115,2.435721069574356,0.8369
rnn,3,267,8.433724768459797,0.9801,2.2807351276278496,0.8162
rnn,3,268,7.941243939101696,0.98035,2.5475519709289074,0.9117
rnn,3,269,7.624946337193251,0.9812333333333333,2.3837670031934977,0.8795
rnn,3,270,8.02680896408856,0.9808333333333333,2.305316362529993,0.8733
rnn,3,271,8.621324680745602,0.9792833333333333,2.6564248260110617,0.824
rnn,3,272,7.566587306559086,0.9816,2.4726816341280937,0.8329
rnn,3,273,7.820404162630439,0.9812833333333333,2.367906454950571,0.8852
rnn,3,274,7.1032891273498535,0.9827166666666667,2.422515206038952,0.8395
rnn,3,275,8.138621374964714,0.9799,2.2639281414449215,0.8567
rnn,3,276,7.2068812251091,0.9823333333333333,2.430157843977213,0.8654
rnn,3,277,7.93600488640368,0.9807166666666667,2.440818954259157,0.888
rnn,3,278,7.655418796464801,0.98125,2.7792518381029367,0.8285
rnn,3,279,7.89721536077559,0.9807333333333333,2.5293769910931587,0.8269
rnn,3,280,7.951697088778019,0.9806333333333334,2.6566321030259132,0.7491
rnn,3,281,7.226470405235887,0.98295,2.4373642057180405,0.8956
rnn,3,282,7.4149273708462715,0.9823166666666666,2.3783676084131002,0.8881
rnn,3,283,7.289783827960491,0.9827,3.528371572494507,0.8503
rnn,3,284,8.483686776831746,0.97935,2.8415878750383854,0.8354
rnn,3,285,8.107129132375121,0.9798333333333333,2.2111583277583122,0.891
rnn,3,286,6.814168335869908,0.9836833333333334,2.5426072366535664,0.8659
rnn,3,287,7.588975241407752,0.9817166666666667,2.6371372640132904,0.7969
rnn,3,288,7.343851597979665,0.9826166666666667,2.485852614045143,0.7944
rnn,3,289,7.386122053489089,0.9818166666666667,2.465158712118864,0.8807
rnn,3,290,8.047515770420432,0.9810333333333333,2.823583822697401,0.7882
rnn,3,291,7.215272007510066,0.9821666666666666,3.270351491868496,0.7059
rnn,3,292,6.673289895057678,0.9838666666666667,2.24395115301013,0.8542
rnn,3,293,7.737666010856628,0.9810166666666666,2.5874011889100075,0.844
rnn,3,294,7.9669942036271095,0.9808333333333333,2.6667957082390785,0.8388
rnn,3,295,8.148858025670052,0.9801833333333333,2.9044125974178314,0.8762
rnn,3,296,7.582110702991486,0.98155,3.0049255713820457,0.73
rnn,3,297,7.470151379704475,0.9820833333333333,2.6718598902225494,0.8917
rnn,3,298,7.311152538284659,0.9825833333333334,2.33828769531101,0.8038
rnn,3,299,6.755098616704345,0.9833166666666666,2.835255991667509,0.8326
rnn,3,300,7.372243734076619,0.9819333333333333,2.3136141672730446,0.8972
rnn,4,1,232.41944456100464,0.27105,32.65155589580536,0.154
rnn,4,2,166.08001232147217,0.46805,24.46558928489685,0.3006
rnn,4,3,129.36037915945053,0.5808833333333333,19.902445554733276,0.3546
rnn,4,4,108.6341056227684,0.6553,17.016278743743896,0.3934
rnn,4,5,91.96076148748398,0.7304,13.982011675834656,0.4424
rnn,4,6,78.38388895988464,0.7752333333333333,12.58021131157875,0.4757
rnn,4,7,70.33787620067596,0.7978666666666666,11.93868899345398,0.5063
rnn,4,8,64.74491646885872,0.8134833333333333,10.755373120307922,0.4958
rnn,4,9,60.13091465830803,0.8291,9.8591648042202,0.4825
rnn,4,10,57.592210948467255,0.8364666666666667,9.0974682867527,0.5151
rnn,4,11,54.13489744067192,0.8499333333333333,8.698806524276733,0.5399
rnn,4,12,50.124018132686615,0.86605,8.628854840993881,0.5673
rnn,4,13,47.471823781728745,0.8776666666666667,8.28134985268116,0.5562
rnn,4,14,44.37032237648964,0.8879,7.406733050942421,0.6157
rnn,4,15,42.23858165740967,0.8966333333333333,7.859420821070671,0.5859
rnn,4,16,39.00255261361599,0.9042666666666667,6.955555975437164,0.619
rnn,4,17,37.11892028152943,0.9105666666666666,6.381629109382629,0.6142
rnn,4,18,34.7043369859457,0.9162666666666667,6.020803853869438,0.591
rnn,4,19,34.37741294503212,0.9179833333333334,6.675592377781868,0.5608
rnn,4,20,32.91708888113499,0.92125,5.750940404832363,0.5984
rnn,4,21,30.899598941206932,0.9264333333333333,5.5478213876485825,0.6354
rnn,4,22,29.951057270169258,0.9290333333333334,5.57778961956501,0.6255
rnn,4,23,29.337228819727898,0.9304666666666667,5.496800899505615,0.6162
rnn,4,24,28.59466454386711,0.9318333333333333,5.865685075521469,0.5296
rnn,4,25,27.1536563038826,0.9358333333333333,5.5504345670342445,0.7201
rnn,4,26,26.34267123043537,0.9378333333333333,4.592048317193985,0.6442
rnn,4,27,25.708081230521202,0.94015,5.686931639909744,0.5403
rnn,4,28,26.249303251504898,0.9372833333333334,4.3411557003855705,0.6254
rnn,4,29,24.567591935396194,0.94175,4.293176211416721,0.6686
rnn,4,30,23.38446345925331,0.9449833333333333,4.395430698990822,0.6392
rnn,4,31,24.11691837757826,0.94275,4.229377068579197,0.724
rnn,4,32,22.188931196928024,0.9478,4.045075125992298,0.7303
rnn,4,33,21.80744782835245,0.9484833333333333,3.8414938151836395,0.7164
rnn,4,34,21.15439745783806,0.9502333333333334,4.197090744972229,0.703
rnn,4,35,23.325754538178444,0.9438833333333333,4.558668822050095,0.7249
rnn,4,36,20.886775247752666,0.95055,4.04961721599102,0.7593
rnn,4,37,20.24262385815382,0.9520166666666666,3.8427170738577843,0.6653
rnn,4,38,19.571574419736862,0.9523333333333334,4.83450024574995,0.7153
rnn,4,39,20.382397778332233,0.95095,4.149759076535702,0.6639
rnn,4,40,18.89000742137432,0.9543,3.5104519054293633,0.7119
rnn,4,41,18.681820265948772,0.95535,3.5147379748523235,0.7352
rnn,4,42,18.627531327307224,0.9555,3.523710384964943,0.7487
rnn,4,43,19.27178195863962,0.9539833333333333,3.9421521201729774,0.68
rnn,4,44,18.998077660799026,0.9547333333333333,4.186241842806339,0.7135
rnn,4,45,18.835313141345978,0.9543,3.6481467932462692,0.7762
rnn,4,46,17.174137443304062,0.9588666666666666,3.6798809841275215,0.7033
rnn,4,47,17.79136685281992,0.9567166666666667,3.638189669698477,0.7423
rnn,4,48,17.140003457665443,0.9588333333333333,3.6598947644233704,0.755
rnn,4,49,17.206624537706375,0.95885,3.444155991077423,0.7461
rnn,4,50,16.828847266733646,0.959,3.7784708589315414,0.69
rnn,4,51,16.459286335855722,0.9595333333333333,3.7618320398032665,0.7469
rnn,4,52,15.942627988755703,0.9616333333333333,3.310694344341755,0.8067
rnn,4,53,15.609232746064663,0.9624666666666667,3.40758453309536,0.7481
rnn,4,54,15.614766731858253,0.9616333333333333,3.055033627897501,0.7626
rnn,4,55,15.02129366248846,0.9635333333333334,3.715110968798399,0.7283
rnn,4,56,14.93651495873928,0.96415,3.2511306032538414,0.7529
rnn,4,57,15.441695626825094,0.9622333333333334,3.2248251736164093,0.8005
rnn,4,58,14.448374465107918,0.9644333333333334,3.1156283766031265,0.7852
rnn,4,59,15.314945101737976,0.9622833333333334,3.389029271900654,0.7333
rnn,4,60,15.018444806337357,0.9641166666666666,3.9415436536073685,0.7513
rnn,4,61,14.34798652306199,0.9648333333333333,3.130515620112419,0.7297
rnn,4,62,14.273787084966898,0.9650333333333333,2.9291484132409096,0.7867
rnn,4,63,13.853901244699955,0.96675,2.9439477436244488,0.7975
rnn,4,64,13.36332194507122,0.9674666666666667,3.2119125835597515,0.73
rnn,4,65,13.63024426996708,0.9668,3.4965157881379128,0.8495
rnn,4,66,14.310148641467094,0.9659166666666666,2.985525980591774,0.8114
rnn,4,67,14.023592371493578,0.9661333333333333,3.0270371921360493,0.8449
rnn,4,68,13.75117239356041,0.9665333333333334,3.1470962315797806,0.73
rnn,4,69,12.935955919325352,0.9683,3.370370425283909,0.7893
rnn,4,70,14.28680668771267,0.96555,2.9212523698806763,0.7603
rnn,4,71,13.37433672696352,0.96705,2.772360522300005,0.767
rnn,4,72,13.603025581687689,0.9665166666666667,2.7040719389915466,0.77
rnn,4,73,13.269531961530447,0.9674166666666667,2.5991188772022724,0.8141
rnn,4,74,12.554259214550257,0.9693333333333334,3.0810880176723003,0.7914
rnn,4,75,12.582398960366845,0.9693833333333334,2.9542668536305428,0.753
rnn,4,76,13.59608955681324,0.9668,2.9289151541888714,0.7723
rnn,4,77,13.359185922890902,0.9674666666666667,3.7108089737594128,0.8149
rnn,4,78,12.50878906995058,0.9690333333333333,3.1329569593071938,0.7148
rnn,4,79,12.797092068940401,0.9685,2.695467073470354,0.8198
rnn,4,80,11.827701196074486,0.9712333333333333,2.840260535478592,0.7941
rnn,4,81,12.642078034579754,0.9692666666666667,3.0621405355632305,0.7331
rnn,4,82,11.684112329035997,0.97105,2.9991206619888544,0.8587
rnn,4,83,11.680817063897848,0.971,3.1373898796737194,0.7774
rnn,4,84,12.097450662404299,0.9704166666666667,3.8443601727485657,0.7176
rnn,4,85,13.086962185800076,0.96745,3.142351157963276,0.7157
rnn,4,86,12.325757071375847,0.9696333333333333,3.4614474028348923,0.728
rnn,4,87,11.495087426155806,0.9718666666666667,2.483443569391966,0.8145
rnn,4,88,11.618146248161793,0.9718666666666667,3.0371860340237617,0.7647
rnn,4,89,11.268483463674784,0.97205,3.164508083835244,0.8527
rnn,4,90,11.389703679829836,0.9721,3.394981049001217,0.8223
rnn,4,91,11.271890968084335,0.97265,2.8711490388959646,0.8258
rnn,4,92,11.044273521751165,0.9729166666666667,2.662857089191675,0.838
rnn,4,93,11.027779079973698,0.9730333333333333,2.597693268209696,0.7799
rnn,4,94,11.054048296064138,0.9724666666666667,2.605012074112892,0.8334
rnn,4,95,12.083571925759315,0.9701666666666666,2.5692615397274494,0.7991
rnn,4,96,10.536714691668749,0.9746666666666667,2.7611653059720993,0.8184
rnn,4,97,11.117149252444506,0.9727166666666667,2.4827297907322645,0.8422
rnn,4,98,10.580637102946639,0.9742166666666666,2.638885736465454,0.7857
rnn,4,99,11.27416305989027,0.9720666666666666,2.367238376289606,0.8002
rnn,4,100,11.104664906859398,0.9724666666666667,2.438350271433592,0.8401
rnn,4,101,10.680416744202375,0.9736166666666667,2.5646717343479395,0.8675
rnn,4,102,10.733656078577042,0.9734833333333334,2.720532987266779,0.799
rnn,4,103,10.680781234055758,0.9740166666666666,3.1329622082412243,0.7256
rnn,4,104,11.511719956994057,0.9712833333333334,2.521315574645996,0.8538
rnn,4,105,10.918206725269556,0.9730833333333333,2.9390669837594032,0.8204
rnn,4,106,10.714181236922741,0.9731666666666666,3.0547654926776886,0.7193
rnn,4,107,10.516905263066292,0.9738166666666667,2.4184791669249535,0.8245
rnn,4,108,10.327170226722956,0.97445,2.499410355463624,0.8083
rnn,4,109,10.851507239043713,0.9731166666666666,4.149259936064482,0.7907
rnn,4,110,10.846056763082743,0.9729833333333333,2.5209248773753643,0.8045
rnn,4,111,10.168615005910397,0.9747333333333333,2.3873452842235565,0.8289
rnn,4,112,10.131710259243846,0.9755833333333334,2.650121921673417,0.8211
rnn,4,113,10.3443054407835,0.9746,2.950165741145611,0.8209
rnn,4,114,10.432627003639936,0.97385,2.4374443031847477,0.7662
rnn,4,115,10.252621110528708,0.97435,2.3163795191794634,0.8574
rnn,4,116,10.026993807405233,0.9748166666666667,2.9133707247674465,0.846
rnn,4,117,9.67222484946251,0.9759,2.3468478694558144,0.8733
rnn,4,118,10.187786232680082,0.9750666666666666,2.792627274990082,0.8574
rnn,4,119,10.203794002532959,0.9750833333333333,2.403591675683856,0.8095
rnn,4,120,10.704264990985394,0.9735,2.2976041957736015,0.823
rnn,4,121,9.218154735863209,0.9769666666666666,2.7808129712939262,0.867
rnn,4,122,9.65620226599276,0.9760166666666666,2.9919101782143116,0.8669
rnn,4,123,10.16387988626957,0.9750666666666666,2.508843332529068,0.822
rnn,4,124,9.045508854091167,0.9772666666666666,3.3905039988458157,0.8404
rnn,4,125,10.24153857305646,0.9739666666666666,2.400639297440648,0.8102
rnn,4,126,9.298940621316433,0.9775166666666667,2.6604358851909637,0.8147
rnn,4,127,10.35180052742362,0.9743833333333334,2.57171393558383,0.8329
rnn,4,128,9.450245723128319,0.9765333333333334,2.5236017741262913,0.8534
rnn,4,129,9.28194935619831,0.9765666666666667,2.64433410204947,0.8513
rnn,4,130,9.433224368840456,0.9766,2.6192529648542404,0.8457
rnn,4,131,8.94212243705988,0.97755,2.4750580489635468,0.8743
rnn,4,132,9.8215378113091,0.9754,2.5437151473015547,0.7669
rnn,4,133,9.894713280722499,0.9753166666666667,2.6161851547658443,0.7861
rnn,4,134,9.675539128482342,0.9755666666666667,3.1526664346456528,0.8082
rnn,4,135,9.612417312338948,0.9763333333333334,2.651209143921733,0.8155
rnn,4,136,9.43422731757164,0.97625,2.34439218044281,0.8326
rnn,4,137,9.345562655478716,0.9770666666666666,2.466174490749836,0.8547
rnn,4,138,9.297447051852942,0.9767333333333333,2.6150906272232533,0.8323
rnn,4,139,8.615940228104591,0.9783833333333334,2.3944940008223057,0.8447
rnn,4,140,8.788422647863626,0.9782833333333333,2.5361518934369087,0.7942
rnn,4,141,9.723056081682444,0.9762333333333333,3.5352257564663887,0.7618
rnn,4,142,9.54792182892561,0.9768,3.3232947029173374,0.7902
rnn,4,143,9.65828638151288,0.9755166666666667,2.322145102545619,0.7899
rnn,4,144,8.96760355308652,0.9776333333333334,2.464963849633932,0.8077
rnn,4,145,8.484197780489922,0.9787833333333333,2.6735082529485226,0.7689
rnn,4,146,8.885361403226852,0.97725,2.3712962940335274,0.8053
rnn,4,147,8.426223337650299,0.9793333333333333,2.4990040361881256,0.8472
rnn,4,148,8.97636479139328,0.97685,2.7177794575691223,0.8802
rnn,4,149,9.091915715485811,0.9773333333333334,2.5475187059491873,0.8231
rnn,4,150,8.609137950465083,0.9785333333333334,2.3816426657140255,0.79
rnn,4,151,8.98510605469346,0.9775666666666667,3.1008173935115337,0.7923
rnn,4,152,8.619038492441177,0.9782833333333333,2.577283028513193,0.8039
rnn,4,153,8.41976860165596,0.9790333333333333,2.5759692676365376,0.8327
rnn,4,154,8.739583879709244,0.9778,2.4267180636525154,0.8553
rnn,4,155,8.628970229998231,0.9777833333333333,2.496026210486889,0.8111
rnn,4,156,8.792301584035158,0.9782166666666666,2.4785889238119125,0.8547
rnn,4,157,9.247442428022623,0.9765833333333334,2.4559607207775116,0.8514
rnn,4,158,9.204340206459165,0.9769833333333333,3.1745776161551476,0.6837
rnn,4,159,9.276305180042982,0.9765,2.7035525888204575,0.7798
rnn,4,160,8.3846824914217,0.9786666666666667,2.5133065581321716,0.8262
rnn,4,161,8.391905827447772,0.9788333333333333,2.6511188223958015,0.8356
rnn,4,162,8.280212404206395,0.9786,2.631220769137144,0.8764
rnn,4,163,9.357997173443437,0.9764,2.505775060504675,0.8053
rnn,4,164,7.747041700407863,0.98015,2.486963387578726,0.8256
rnn,4,165,8.370430858805776,0.9786333333333334,2.373070452362299,0.8442
rnn,4,166,9.285444779321551,0.9765333333333334,3.3443925827741623,0.7524
rnn,4,167,8.698589444160461,0.9782166666666666,2.303472563624382,0.8505
rnn,4,168,7.8468713611364365,0.9802166666666666,2.875783585011959,0.7932
rnn,4,169,8.790242109447718,0.9771666666666666,2.627045413479209,0.7737
rnn,4,170,8.571628035977483,0.9789666666666667,2.5639235079288483,0.8756
rnn,4,171,8.260618863627315,0.979,2.537950374186039,0.7786
rnn,4,172,8.168263318017125,0.9786833333333333,2.5028630420565605,0.8636
rnn,4,173,8.287304852157831,0.9792833333333333,2.445757742971182,0.8724
rnn,4,174,7.984146727249026,0.9796166666666667,2.6746113914996386,0.8328
rnn,4,175,8.9280160125345,0.9769166666666667,2.3316289745271206,0.8516
rnn,4,176,7.834645627066493,0.9802166666666666,2.7271750140935183,0.849
rnn,4,177,8.134730307385325,0.9794166666666667,2.3406027108430862,0.863
rnn,4,178,7.769741782918572,0.9812,2.3647195547819138,0.8206
rnn,4,179,7.472008630633354,0.9807666666666667,2.351742310449481,0.8537
rnn,4,180,7.658754978328943,0.9805666666666667,2.4035136364400387,0.8096
rnn,4,181,8.013254582881927,0.9797666666666667,2.438053373247385,0.8113
rnn,4,182,8.879321970045567,0.97745,2.9788474291563034,0.8404
rnn,4,183,8.196698054671288,0.9794333333333334,2.43894624337554,0.8337
rnn,4,184,7.8877566903829575,0.9798666666666667,2.4725098218768835,0.8323
rnn,4,185,7.818207507953048,0.9802833333333333,2.807272430509329,0.8494
rnn,4,186,8.47088091634214,0.9790333333333333,2.446111362427473,0.8166
rnn,4,187,7.117137271910906,0.9824,2.663271861150861,0.8448
rnn,4,188,7.3661007061600685,0.9815333333333334,2.718050830066204,0.8833
rnn,4,189,7.793437672778964,0.9805166666666667,2.829550549387932,0.7336
rnn,4,190,8.332309436053038,0.9790333333333333,2.814626593142748,0.8734
rnn,4,191,7.647230247035623,0.98095,2.861901445314288,0.8577
rnn,4,192,9.584729047492146,0.9755833333333334,2.6276245191693306,0.8827
rnn,4,193,8.23977778851986,0.9787,2.555399425327778,0.8051
rnn,4,194,7.568842846900225,0.9810666666666666,2.490216087549925,0.7785
rnn,4,195,7.384845482185483,0.98165,2.5521580670028925,0.8573
rnn,4,196,7.580706298351288,0.9805,2.3684975877404213,0.817
rnn,4,197,6.853577457368374,0.9828,2.7235436625778675,0.7887
rnn,4,198,8.020235927775502,0.97945,2.5622019805014133,0.8762
rnn,4,199,7.29444489069283,0.9817166666666667,2.3056103866547346,0.8365
rnn,4,200,7.279359921813011,0.9820833333333333,2.394384652376175,0.8441
rnn,4,201,8.247451515868306,0.9784333333333334,2.645675677806139,0.7933
rnn,4,202,7.943876225501299,0.9795333333333334,2.6575065832585096,0.8491
rnn,4,203,8.523321405053139,0.9784666666666667,2.3488835245370865,0.8214
rnn,4,204,7.227326050400734,0.9811833333333333,2.5802395679056644,0.8282
rnn,4,205,7.565150517970324,0.9808166666666667,2.5597781725227833,0.816
rnn,4,206,6.75657556578517,0.9828333333333333,2.239974159747362,0.8423
rnn,4,207,7.542696760967374,0.98115,2.6055591329932213,0.856
rnn,4,208,7.885935973376036,0.9798666666666667,2.477421425282955,0.8058
rnn,4,209,7.774869518354535,0.9798333333333333,2.5135253500193357,0.8839
rnn,4,210,7.051819347776473,0.98195,2.546932994388044,0.8417
rnn,4,211,7.051906431093812,0.9830166666666666,2.440812636166811,0.8608
rnn,4,212,7.943629341199994,0.9802,2.4600300323218107,0.7778
rnn,4,213,6.881133718416095,0.9820666666666666,2.5593651235103607,0.8674
rnn,4,214,7.286936553195119,0.98145,2.5350378900766373,0.8661
rnn,4,215,6.894025009125471,0.9822,2.455815628170967,0.8637
rnn,4,216,6.843877924606204,0.9825666666666667,3.158090118318796,0.8251
rnn,4,217,7.570094490423799,0.9802,2.823379721492529,0.8127
rnn,4,218,7.113859778270125,0.9821666666666666,2.5404414236545563,0.8538
rnn,4,219,7.753330994397402,0.98035,2.4265561029314995,0.7984
rnn,4,220,7.229249004274607,0.9810666666666666,2.729220412671566,0.8217
rnn,4,221,6.847351098433137,0.9824833333333334,2.394071117043495,0.8236
rnn,4,222,6.647246591746807,0.9830166666666666,2.3497625291347504,0.843
rnn,4,223,6.90322828758508,0.9822833333333333,2.4088337272405624,0.8304
rnn,4,224,7.670782741159201,0.9803333333333333,2.639576517045498,0.8517
rnn,4,225,6.920462053269148,0.9821833333333333,2.488565105944872,0.758
rnn,4,226,7.53360206540674,0.9806,2.484454410150647,0.8196
rnn,4,227,6.40214535407722,0.9835333333333334,2.3791530560702085,0.8617
rnn,4,228,6.638779601082206,0.9827166666666667,2.6945644207298756,0.8228
rnn,4,229,8.800584331154823,0.9776666666666667,2.95835979655385,0.8546
rnn,4,230,7.200371418148279,0.9817666666666667,2.512113416567445,0.853
rnn,4,231,7.1893560122698545,0.9817333333333333,2.3543030824512243,0.8082
rnn,4,232,7.3082458302378654,0.9816166666666667,2.602025628089905,0.8591
rnn,4,233,6.984778756275773,0.9822,2.5883830189704895,0.8568
rnn,4,234,6.8519517835229635,0.9824666666666667,3.1934432312846184,0.8321
rnn,4,235,6.676230199635029,0.9826333333333334,2.533820189535618,0.825
rnn,4,236,7.118873982690275,0.9817833333333333,2.7889613062143326,0.8534
rnn,4,237,7.256501387804747,0.982,2.615467596799135,0.831
rnn,4,238,6.523823298513889,0.98275,2.8926023095846176,0.8376
rnn,4,239,6.9724071230739355,0.9825666666666667,2.403448451310396,0.8737
rnn,4,240,6.324672643095255,0.9840833333333333,2.540823068469763,0.8315
rnn,4,241,7.60787009075284,0.9802666666666666,2.567697025835514,0.8051
rnn,4,242,6.419884150847793,0.98325,2.5149294193834066,0.8483
rnn,4,243,6.598244611173868,0.98285,2.448562279343605,0.8214
rnn,4,244,7.031695066019893,0.9820833333333333,2.6065637059509754,0.896
rnn,4,245,6.953801898285747,0.9824666666666667,2.3859005365520716,0.8468
rnn,4,246,7.025465035811067,0.98245,2.4156508166342974,0.8388
rnn,4,247,6.285113152116537,0.9838666666666667,2.516212048009038,0.8814
rnn,4,248,6.618277447298169,0.98275,2.39159476198256,0.8334
rnn,4,249,7.259649766609073,0.98155,2.5598342046141624,0.8205
rnn,4,250,6.200441459193826,0.98415,2.9130384400486946,0.8437
rnn,4,251,6.874995557591319,0.9825666666666667,2.744885988533497,0.8043
rnn,4,252,6.8322121091187,0.9821833333333333,2.4854860864579678,0.8663
rnn,4,253,7.108662402257323,0.9819,2.726468672975898,0.8831
rnn,4,254,6.4102023765444756,0.9836833333333334,2.7331372164189816,0.8824
rnn,4,255,6.351461976300925,0.9835833333333334,3.112928494811058,0.7741
rnn,4,256,6.914240850135684,0.98225,2.3782555535435677,0.8116
rnn,4,257,6.277505317702889,0.98435,2.7477495968341827,0.8332
rnn,4,258,6.32638358976692,0.9841,2.3319379556924105,0.8494
rnn,4,259,6.272303370758891,0.9836,2.4736297503113747,0.8891
rnn,4,260,6.922800295054913,0.9825666666666667,2.886376801878214,0.8967
rnn,4,261,7.655871920287609,0.9806666666666667,2.369655281305313,0.8252
rnn,4,262,6.3052493603900075,0.9841333333333333,2.4161250200122595,0.8327
rnn,4,263,5.635416405275464,0.9856,2.542919484898448,0.8633
rnn,4,264,5.848708377219737,0.9846833333333334,2.614810638129711,0.8769
rnn,4,265,6.0400060042738914,0.9847,2.5154559053480625,0.8282
rnn,4,266,6.053741993382573,0.9844166666666667,2.3962644953280687,0.8316
rnn,4,267,7.151185331866145,0.9814166666666667,2.4870876632630825,0.8362
rnn,4,268,7.235338889062405,0.9812333333333333,2.556624110788107,0.8749
rnn,4,269,7.0513853039592505,0.9824666666666667,2.492586076259613,0.8722
rnn,4,270,5.917329205200076,0.9847,2.616843421012163,0.8863
rnn,4,271,6.130675375461578,0.9844,2.5730435214936733,0.8461
rnn,4,272,6.011136505752802,0.9848833333333333,3.2018091566860676,0.8407
rnn,4,273,6.9486347092315555,0.98205,2.5554392617195845,0.8374
rnn,4,274,7.03934426791966,0.9820333333333333,2.8511543422937393,0.8164
rnn,4,275,6.107575711794198,0.98485,2.891358532011509,0.8117
rnn,4,276,6.777016604319215,0.9824333333333334,2.681374281644821,0.8933
rnn,4,277,6.093079665675759,0.9841333333333333,2.7896731197834015,0.7695
rnn,4,278,7.1818702183663845,0.9816666666666667,2.4398454539477825,0.8389
rnn,4,279,6.552751375362277,0.98315,2.5489730313420296,0.8554
rnn,4,280,6.204693000763655,0.9841833333333333,2.633446741849184,0.7855
rnn,4,281,5.218132706359029,0.9862,2.4308876153081656,0.8553
rnn,4,282,5.968262612819672,0.98495,2.7379253804683685,0.8714
rnn,4,283,6.667824827134609,0.9829666666666667,2.902249615639448,0.8206
rnn,4,284,6.810420043766499,0.98215,2.8125764057040215,0.8458
rnn,4,285,6.576610825955868,0.98235,2.76856804266572,0.8251
rnn,4,286,6.4143170434981585,0.9839833333333333,2.3429699148982763,0.8619
rnn,4,287,5.718990199267864,0.9852333333333333,2.6390067227184772,0.8133
rnn,4,288,6.774051060900092,0.9829833333333333,2.464965518563986,0.8168
rnn,4,289,6.634525410830975,0.9833333333333333,2.939692284911871,0.8381
rnn,4,290,6.256288453936577,0.9840166666666667,2.687738187611103,0.8516
rnn,4,291,7.192586969584227,0.9809833333333333,2.7523946911096573,0.8509
rnn,4,292,6.793606478720903,0.9817166666666667,2.511621955782175,0.8867
rnn,4,293,5.82872614171356,0.9846166666666667,2.470826368778944,0.8308
rnn,4,294,5.684607665985823,0.9855,2.436286674812436,0.811
rnn,4,295,5.4408202432096004,0.98635,2.5195396691560745,0.8189
rnn,4,296,6.7158651212230325,0.9831166666666666,2.5238769110292196,0.8718
rnn,4,297,5.935569477267563,0.98505,2.644991720095277,0.8485
rnn,4,298,5.74526228196919,0.9854,2.7407619021832943,0.7965
rnn,4,299,5.836680643260479,0.98475,2.5413665398955345,0.8191
rnn,4,300,5.525987096130848,0.9854333333333334,2.6867603063583374,0.8209
rnn,5,1,231.82514536380768,0.2849,32.67560350894928,0.2145
rnn,5,2,165.7916361093521,0.5103166666666666,24.30476999282837,0.2772
rnn,5,3,130.76085954904556,0.5882,20.42082929611206,0.3307
rnn,5,4,112.5677620768547,0.6453833333333333,18.21718728542328,0.3959
rnn,5,5,97.01141440868378,0.71525,15.69534569978714,0.4458
rnn,5,6,83.51532059907913,0.7648833333333334,13.304642260074615,0.4063
rnn,5,7,74.19104978442192,0.7933166666666667,12.912468373775482,0.4899
rnn,5,8,66.59324878454208,0.8178166666666666,12.77015420794487,0.537
rnn,5,9,60.8114709854126,0.8381666666666666,10.233875721693039,0.5411
rnn,5,10,55.4412479698658,0.8542,9.183379143476486,0.4933
rnn,5,11,51.31886777281761,0.8660833333333333,8.73480224609375,0.5963
rnn,5,12,49.129541486501694,0.87405,8.862683027982712,0.5799
rnn,5,13,46.452234119176865,0.88035,8.762785941362381,0.4802
rnn,5,14,44.78741416335106,0.8853666666666666,7.048816159367561,0.5171
rnn,5,15,42.525337636470795,0.8926833333333334,6.733428284525871,0.5511
rnn,5,16,40.71300581097603,0.8949,7.051629513502121,0.565
rnn,5,17,39.34663015604019,0.8994333333333333,6.74565577507019,0.5193
rnn,5,18,37.95225718617439,0.9027333333333334,5.806324854493141,0.5732
rnn,5,19,36.34219618141651,0.9088,8.789128080010414,0.5633
rnn,5,20,35.70421901345253,0.9104,6.761968865990639,0.6097
rnn,5,21,34.58266608417034,0.9123666666666667,6.610709100961685,0.5571
rnn,5,22,33.29354341328144,0.9167333333333333,6.031225889921188,0.5607
rnn,5,23,32.50381521880627,0.9183166666666667,5.4057431519031525,0.634
rnn,5,24,31.10586628317833,0.9229833333333334,5.315832674503326,0.5861
rnn,5,25,30.431603744626045,0.9233833333333333,4.756959415972233,0.6129
rnn,5,26,29.88411834836006,0.9247833333333333,4.623273901641369,0.6077
rnn,5,27,29.34061436355114,0.9262833333333333,5.373172253370285,0.592
rnn,5,28,28.524391621351242,0.9284166666666667,4.663909278810024,0.615
rnn,5,29,27.521024122834206,0.9318,4.812283396720886,0.6782
rnn,5,30,26.509828329086304,0.9337666666666666,4.427182771265507,0.6538
rnn,5,31,26.891260370612144,0.9326666666666666,4.685073040425777,0.5796
rnn,5,32,26.13312892615795,0.9351166666666667,4.36538415402174,0.6313
rnn,5,33,25.62035009264946,0.9360666666666667,5.048744820058346,0.6696
rnn,5,34,25.933050960302353,0.9360833333333334,4.455040134489536,0.7262
rnn,5,35,24.864712692797184,0.9377833333333333,4.196462661027908,0.6185
rnn,5,36,24.06874257326126,0.9406666666666667,3.927859753370285,0.6407
rnn,5,37,24.43047757446766,0.9394666666666667,4.232953600585461,0.6355
rnn,5,38,23.573516234755516,0.9412,3.9758236408233643,0.6708
rnn,5,39,23.647105641663074,0.9412833333333334,4.23042318969965,0.6193
rnn,5,40,23.195622622966766,0.9433166666666667,3.9885811135172844,0.6623
rnn,5,41,22.9060487896204,0.9432,3.974013239145279,0.7178
rnn,5,42,22.50267416983843,0.9452333333333334,4.0596641674637794,0.7378
rnn,5,43,22.011194355785847,0.9455666666666667,4.110635660588741,0.637
rnn,5,44,22.462828420102596,0.9443666666666667,4.057598613202572,0.6905
rnn,5,45,21.90507745742798,0.9462,3.854548916220665,0.6427
rnn,5,46,22.234037026762962,0.9443833333333334,3.500270076096058,0.6523
rnn,5,47,21.149884693324566,0.94745,3.8365592174232006,0.7519
rnn,5,48,20.823891043663025,0.9485333333333333,3.694583371281624,0.6719
rnn,5,49,20.308909982442856,0.94945,4.210487522184849,0.6779
rnn,5,50,21.104182727634907,0.9483,3.800141606479883,0.6159
rnn,5,51,20.4385524392128,0.94845,3.816088356077671,0.6774
rnn,5,52,20.18452573567629,0.9498666666666666,3.5371262580156326,0.7354
rnn,5,53,20.541803620755672,0.9485,3.6819367855787277,0.7674
rnn,5,54,20.131909243762493,0.9493333333333334,3.724144734442234,0.6463
rnn,5,55,19.720908738672733,0.95125,3.6151807755231857,0.7079
rnn,5,56,19.011936478316784,0.95235,3.5963266417384148,0.6753
rnn,5,57,19.480026453733444,0.9514333333333334,3.5089985877275467,0.7553
rnn,5,58,19.066005505621433,0.9525666666666667,5.098761729896069,0.7942
rnn,5,59,19.472691036760807,0.9511833333333334,3.473249264061451,0.6859
rnn,5,60,18.733865551650524,0.9539166666666666,4.276383176445961,0.6694
rnn,5,61,19.277758702635765,0.95215,3.1782807633280754,0.7321
rnn,5,62,17.93926027417183,0.9553,3.746836297214031,0.7447
rnn,5,63,18.229098103940487,0.9549833333333333,3.435225360095501,0.6564
rnn,5,64,19.20785215497017,0.9532166666666667,3.446367159485817,0.6947
rnn,5,65,18.332502521574497,0.9542333333333334,3.4251580238342285,0.7014
rnn,5,66,17.89735657721758,0.9558333333333333,3.114908456802368,0.6826
rnn,5,67,17.795531295239925,0.9555166666666667,3.674067445099354,0.7083
rnn,5,68,17.18968925625086,0.95725,3.1635464504361153,0.6845
rnn,5,69,17.868649035692215,0.9553166666666667,3.608506090939045,0.7782
rnn,5,70,17.394920840859413,0.9570833333333333,4.3418300822377205,0.6512
rnn,5,71,17.43087290227413,0.9564666666666667,3.009854342788458,0.7132
rnn,5,72,16.67150303721428,0.9585333333333333,3.3040938526391983,0.7082
rnn,5,73,16.554183177649975,0.9588,3.166349120438099,0.6989
rnn,5,74,16.96777606010437,0.9581833333333334,3.2105364985764027,0.7216
rnn,5,75,17.552097968757153,0.9556333333333333,3.025805965065956,0.6756
rnn,5,76,15.821880586445332,0.9598666666666666,3.166576199233532,0.6897
rnn,5,77,16.543547675013542,0.9587,3.200279150158167,0.7472
rnn,5,78,16.04784482717514,0.9599333333333333,3.081517558544874,0.6711
rnn,5,79,16.441154316067696,0.9589333333333333,3.100499514490366,0.6628
rnn,5,80,16.087592646479607,0.9606333333333333,2.8716227635741234,0.7355
rnn,5,81,16.322614930570126,0.9591666666666666,3.3065785206854343,0.7683
rnn,5,82,16.199796698987484,0.9598666666666666,3.2949246987700462,0.7849
rnn,5,83,15.897516690194607,0.9602666666666667,3.1135667376220226,0.7215
rnn,5,84,15.879416309297085,0.9612166666666667,3.289966754615307,0.717
rnn,5,85,15.615980610251427,0.9605666666666667,3.0833245366811752,0.6954
rnn,5,86,15.545526005327702,0.9612666666666667,3.143673148006201,0.7622
rnn,5,87,15.630531504750252,0.96055,3.592524290084839,0.6823
rnn,5,88,15.882299579679966,0.9603666666666667,3.5642333440482616,0.7128
rnn,5,89,16.131552077829838,0.9590333333333333,2.949107863008976,0.7626
rnn,5,90,14.820761047303677,0.9627666666666667,2.883499536663294,0.7002
rnn,5,91,15.152706377208233,0.9610833333333333,3.08016649633646,0.7397
rnn,5,92,14.808329537510872,0.96325,2.9080362394452095,0.7404
rnn,5,93,14.736549273133278,0.9630833333333333,2.997111927717924,0.6646
rnn,5,94,14.779998928308487,0.96305,3.171177364885807,0.7469
rnn,5,95,14.92876797169447,0.9621333333333333,3.2122900411486626,0.7141
rnn,5,96,14.790471587330103,0.9627,3.231710683554411,0.7042
rnn,5,97,15.282213427126408,0.9619666666666666,2.891533460468054,0.6911
rnn,5,98,14.79028008133173,0.9623666666666667,3.835526116192341,0.6401
rnn,5,99,15.14257501065731,0.96305,3.151894010603428,0.7006
rnn,5,100,14.533665210008621,0.9639333333333333,3.3503055535256863,0.666
rnn,5,101,13.710341900587082,0.9652833333333334,3.174559000879526,0.766
rnn,5,102,14.036858513951302,0.9642666666666667,2.6583890337496996,0.7383
rnn,5,103,13.47990257292986,0.9662166666666666,3.1291229613125324,0.7435
rnn,5,104,14.487407937645912,0.9642,2.9610477834939957,0.7415
rnn,5,105,14.162610933184624,0.9650166666666666,2.9966486655175686,0.767
rnn,5,106,13.926214650273323,0.9652166666666666,2.6971102729439735,0.7172
rnn,5,107,13.850891564041376,0.9643833333333334,2.97548683360219,0.7151
rnn,5,108,13.209737751632929,0.9671,2.9200387969613075,0.7165
rnn,5,109,13.76998596638441,0.9649833333333333,2.7011503912508488,0.724
rnn,5,110,12.972509387880564,0.9677166666666667,2.75473764911294,0.7497
rnn,5,111,13.556581243872643,0.9652833333333334,3.0978061482310295,0.7358
rnn,5,112,13.265716150403023,0.9673,2.606416193768382,0.7639
rnn,5,113,12.457212500274181,0.96925,2.6789013408124447,0.7532
rnn,5,114,12.594432920217514,0.9686333333333333,2.9132398813962936,0.7654
rnn,5,115,14.049925021827221,0.96445,3.321977559477091,0.7153
rnn,5,116,12.65666763484478,0.9686166666666667,2.868610806763172,0.7468
rnn,5,117,13.122576162219048,0.9677666666666667,2.87119197845459,0.7087
rnn,5,118,12.840082056820393,0.96795,3.8700194656848907,0.7467
rnn,5,119,13.748024266213179,0.9650666666666666,2.9101592637598515,0.7512
rnn,5,120,13.006714254617691,0.9672,3.0754607766866684,0.7399
rnn,5,121,12.702471535652876,0.96865,4.393373787403107,0.7132
rnn,5,122,13.166395206004381,0.96765,2.9827565141022205,0.7247
rnn,5,123,12.54396703839302,0.9683833333333334,2.8090419098734856,0.7342
rnn,5,124,12.718222137540579,0.9677833333333333,2.821103051304817,0.7682
rnn,5,125,12.049526862800121,0.97,2.9312633760273457,0.7299
rnn,5,126,12.362425968050957,0.9681666666666666,3.1382700614631176,0.82
rnn,5,127,12.560690198093653,0.9692166666666666,2.9087324254214764,0.7425
rnn,5,128,12.584192141890526,0.9684666666666667,2.5586833879351616,0.7609
rnn,5,129,12.267455868422985,0.9692333333333333,2.8319228775799274,0.7487
rnn,5,130,12.802972227334976,0.9684166666666667,2.7468338571488857,0.7611
rnn,5,131,12.282012566924095,0.9693,2.7120010927319527,0.7389
rnn,5,132,12.229855220764875,0.9688333333333333,2.5448100566864014,0.7469
rnn,5,133,11.815526127815247,0.9707166666666667,3.510779481381178,0.8234
rnn,5,134,12.588778264820576,0.9684,2.7003083899617195,0.7238
rnn,5,135,11.502054199576378,0.9706,2.7747367583215237,0.7129
rnn,5,136,11.713400483131409,0.9704333333333334,2.4964633155614138,0.7369
rnn,5,137,11.305745586752892,0.9721666666666666,2.7391356080770493,0.7617
rnn,5,138,11.851709876209497,0.9703666666666667,2.917197197675705,0.7664
rnn,5,139,11.577586945146322,0.9714666666666667,2.915022298693657,0.7676
rnn,5,140,12.124459497630596,0.9693666666666667,2.621874187141657,0.7374
rnn,5,141,11.096630308777094,0.9721,2.5683408863842487,0.7406
rnn,5,142,11.376680210232735,0.9717166666666667,2.8052174896001816,0.761
rnn,5,143,12.222232695668936,0.9698666666666667,2.557598240673542,0.7805
rnn,5,144,10.931035734713078,0.9727166666666667,2.5087150409817696,0.7589
rnn,5,145,11.28443467617035,0.9718833333333333,2.6338159181177616,0.7204
rnn,5,146,11.832968726754189,0.9702,2.9521342143416405,0.7413
rnn,5,147,11.555140178650618,0.9715833333333334,2.6488231904804707,0.7589
rnn,5,148,12.141245022416115,0.9692666666666667,2.889302834868431,0.806
rnn,5,149,11.213182881474495,0.97205,2.6823386028409004,0.757
rnn,5,150,11.249183159321547,0.9721833333333333,3.4614376202225685,0.696
rnn,5,151,11.435046140104532,0.9715833333333334,2.596792610362172,0.7348
rnn,5,152,11.148167811334133,0.9727333333333333,2.6499230340123177,0.7876
rnn,5,153,10.673910047858953,0.97255,2.5999759063124657,0.711
rnn,5,154,10.819018416106701,0.9729666666666666,3.8042135164141655,0.7322
rnn,5,155,11.742550149559975,0.9711833333333333,3.2087118551135063,0.7758
rnn,5,156,10.633168440312147,0.9737333333333333,2.76289189979434,0.8196
rnn,5,157,11.78890222683549,0.9701,2.5440469346940517,0.824
rnn,5,158,12.021289270371199,0.9703833333333334,2.656094778329134,0.7388
rnn,5,159,10.586066495627165,0.974,2.695872064679861,0.7411
rnn,5,160,10.64940993860364,0.9734666666666667,2.4739270247519016,0.7651
rnn,5,161,10.9143720343709,0.9731833333333333,2.839584358036518,0.7626
rnn,5,162,11.053782939910889,0.9720166666666666,2.4769462011754513,0.7709
rnn,5,163,10.796960547566414,0.9731,3.0434434972703457,0.7488
rnn,5,164,10.70951964892447,0.9727833333333333,2.7302274331450462,0.7617
rnn,5,165,11.493545427918434,0.9712166666666666,3.740398734807968,0.7885
rnn,5,166,10.973745869472623,0.9719166666666667,2.4919801242649555,0.7689
rnn,5,167,10.44034106656909,0.97425,2.512896778061986,0.7842
rnn,5,168,10.739126216620207,0.9727666666666667,2.880853570997715,0.795
rnn,5,169,10.510983049869537,0.9741333333333333,2.5193016473203897,0.7839
rnn,5,170,11.189839024096727,0.9721666666666666,2.582739533856511,0.8083
rnn,5,171,10.03716891631484,0.9742666666666666,2.6948542408645153,0.7766
rnn,5,172,10.079054903239012,0.9745333333333334,2.604447592049837,0.7651
rnn,5,173,10.61427685059607,0.97395,2.936815645545721,0.7572
rnn,5,174,10.265306308865547,0.9740333333333333,2.512097140774131,0.8472
rnn,5,175,10.488585643470287,0.9735833333333334,2.7500831820070744,0.7166
rnn,5,176,10.004531905055046,0.97515,2.672443002462387,0.7414
rnn,5,177,9.134230744093657,0.9772666666666666,2.85514622554183,0.7827
rnn,5,178,9.926311276853085,0.9752,2.660945739597082,0.8391
rnn,5,179,10.67466676980257,0.97355,2.4794776551425457,0.7996
rnn,5,180,9.843891080468893,0.97535,2.7873748503625393,0.8139
rnn,5,181,10.253622349351645,0.97405,2.666390735656023,0.7551
rnn,5,182,9.833865482360125,0.97535,2.5671419370919466,0.7776
rnn,5,183,9.294548084959388,0.9773666666666667,2.6327402628958225,0.7905
rnn,5,184,10.03306407853961,0.9748666666666667,3.5456178449094296,0.839
rnn,5,185,10.193167126737535,0.9744,2.668758263811469,0.8125
rnn,5,186,9.762301299721003,0.9755666666666667,3.3522377349436283,0.7557
rnn,5,187,9.710728188976645,0.97625,2.9420327246189117,0.7858
rnn,5,188,9.966853257268667,0.9757166666666667,2.4730182606726885,0.7647
rnn,5,189,9.188171286135912,0.9774,2.4480775836855173,0.793
rnn,5,190,9.161997307091951,0.97715,2.63903496786952,0.7835
rnn,5,191,9.674302749335766,0.9755833333333334,2.4235726930201054,0.7693
rnn,5,192,9.918688986450434,0.9754,2.805148519575596,0.7581
rnn,5,193,10.0171864554286,0.9755333333333334,2.596975803375244,0.7861
rnn,5,194,9.269438736140728,0.9769666666666666,2.6783705316483974,0.7766
rnn,5,195,9.446574449539185,0.9770833333333333,2.5547808408737183,0.7352
rnn,5,196,11.439285799860954,0.9713166666666667,3.1274795904755592,0.7863
rnn,5,197,10.69361799582839,0.9737666666666667,2.738785542547703,0.7788
rnn,5,198,9.279029376804829,0.9769166666666667,2.525448014959693,0.7955
rnn,5,199,9.062539760023355,0.97725,2.5657765083014965,0.828
rnn,5,200,8.727700341492891,0.97835,2.6930216066539288,0.7863
rnn,5,201,9.43852024525404,0.97675,2.6828000247478485,0.7711
rnn,5,202,9.301710151135921,0.9769,3.0161174796521664,0.7275
rnn,5,203,9.532876905053854,0.9767166666666667,2.605617390945554,0.7599
rnn,5,204,8.842131070792675,0.9778,2.395180579274893,0.7738
rnn,5,205,8.892727887257934,0.97825,2.535308610647917,0.8177
rnn,5,206,9.270402187481523,0.9769833333333333,2.483451060950756,0.7632
rnn,5,207,9.300319164991379,0.9769,2.5528735294938087,0.7747
rnn,5,208,9.556503714993596,0.9761666666666666,2.6596535071730614,0.8162
rnn,5,209,9.269231794402003,0.9772,2.651350222527981,0.8091
rnn,5,210,9.40170782059431,0.97645,2.431381221860647,0.7844
rnn,5,211,9.186978675425053,0.97745,2.5945011656731367,0.7892
rnn,5,212,9.223410714417696,0.9775333333333334,2.655485615134239,0.7852
rnn,5,213,9.075729303061962,0.97735,2.4738863855600357,0.816
rnn,5,214,8.931729912757874,0.97735,2.3875334598124027,0.7845
rnn,5,215,9.22895585373044,0.97745,2.8327834010124207,0.8037
rnn,5,216,9.901140667498112,0.97545,2.4142323788255453,0.768
rnn,5,217,8.48316746391356,0.97875,2.796972043812275,0.768
rnn,5,218,8.682810794562101,0.9786,2.555994588881731,0.7829
rnn,5,219,8.93414318934083,0.9781666666666666,2.729462169110775,0.8082
rnn,5,220,8.731846671551466,0.9784333333333334,2.90606140345335,0.8416
rnn,5,221,9.738375194370747,0.9756333333333334,3.065617933869362,0.7671
rnn,5,222,8.877371652051806,0.9783166666666666,2.55559541285038,0.824
rnn,5,223,8.810792975127697,0.9783333333333334,2.65135052241385,0.791
rnn,5,224,9.226441852748394,0.97685,2.6498161889612675,0.7894
rnn,5,225,8.695848971605301,0.9784666666666667,2.651308212429285,0.7523
rnn,5,226,9.078584991395473,0.9775666666666667,2.4522919729351997,0.8064
rnn,5,227,8.603720787912607,0.97895,2.8287333473563194,0.7632
rnn,5,228,9.149826787412167,0.9771666666666666,2.453181652352214,0.8122
rnn,5,229,9.860109090805054,0.9754,2.9976189956068993,0.7813
rnn,5,230,9.700933275744319,0.9758666666666667,2.6935620233416557,0.7752
rnn,5,231,8.228728506714106,0.9793166666666666,2.917707659304142,0.811
rnn,5,232,8.483765682205558,0.9793833333333334,2.5042808540165424,0.7916
rnn,5,233,8.903100756928325,0.9780833333333333,2.4658367708325386,0.8245
rnn,5,234,8.487528884783387,0.9790166666666666,2.5460145324468613,0.8115
rnn,5,235,8.733386363834143,0.97875,2.509623136371374,0.7602
rnn,5,236,8.614255111664534,0.9787666666666667,2.6855762526392937,0.7664
rnn,5,237,8.559111006557941,0.97925,2.5262640193104744,0.814
rnn,5,238,7.922850962728262,0.98075,2.4829987939447165,0.8178
rnn,5,239,8.197351338341832,0.9797,2.6443084366619587,0.8276
rnn,5,240,8.350559987127781,0.9797666666666667,2.6829015985131264,0.748
rnn,5,241,8.380974989384413,0.9799,3.212970022112131,0.8108
rnn,5,242,8.46189370751381,0.9792333333333333,2.495816197246313,0.7738
rnn,5,243,8.422281246632338,0.97905,2.507000006735325,0.7664
rnn,5,244,8.280968809500337,0.9800166666666666,2.5556746423244476,0.787
rnn,5,245,8.51084309630096,0.9788666666666667,2.987162448465824,0.7614
rnn,5,246,8.330066420137882,0.9788166666666667,2.8263462483882904,0.8389
rnn,5,247,8.652633983641863,0.9786333333333334,2.708953022956848,0.8203
rnn,5,248,8.24723656103015,0.9792166666666666,2.8021741919219494,0.7978
rnn,5,249,8.489968286827207,0.9784166666666667,2.5364311300218105,0.8111
rnn,5,250,8.064014349132776,0.9803166666666666,2.594999622553587,0.7884
rnn,5,251,8.53318228200078,0.9788666666666667,2.5429181568324566,0.8155
rnn,5,252,7.448212045244873,0.9817,2.6849120557308197,0.807
rnn,5,253,8.516279425472021,0.9794333333333334,2.5558388102799654,0.7707
rnn,5,254,9.128735698759556,0.97715,2.5929400250315666,0.8119
rnn,5,255,8.455808330327272,0.9795833333333334,2.992152262479067,0.8357
rnn,5,256,7.970218161121011,0.98035,2.4779259487986565,0.849
rnn,5,257,8.38382077589631,0.9796333333333334,5.40845512598753,0.8573
rnn,5,258,8.46161550283432,0.9799,2.524775732308626,0.7836
rnn,5,259,8.656506948173046,0.9782,3.064611427485943,0.7882
rnn,5,260,9.088524542748928,0.9773833333333334,2.7916641868650913,0.8033
rnn,5,261,7.747112385928631,0.98105,2.5241064466536045,0.7481
rnn,5,262,7.2620175667107105,0.9819333333333333,2.5658276714384556,0.8018
rnn,5,263,7.984456514939666,0.9797,3.3771453872323036,0.7558
rnn,5,264,8.678035870194435,0.9783,3.0150782242417336,0.764
rnn,5,265,8.795202724635601,0.9780333333333333,2.7394404895603657,0.8005
rnn,5,266,7.883256832137704,0.98085,2.6675928737968206,0.7917
rnn,5,267,8.132416892796755,0.98035,2.5612377747893333,0.8018
rnn,5,268,7.47161740064621,0.9817,2.638664547353983,0.8181
rnn,5,269,8.094968173652887,0.9794,2.814748052507639,0.7749
rnn,5,270,8.753228235989809,0.9785166666666667,2.7099639773368835,0.8582
rnn,5,271,7.600599711760879,0.9811,2.6339549403637648,0.8595
rnn,5,272,7.665172604843974,0.98085,2.7171834595501423,0.8488
rnn,5,273,8.490756943821907,0.9789333333333333,2.5304400846362114,0.7935
rnn,5,274,8.105033177882433,0.9799,2.410426402464509,0.8176
rnn,5,275,8.099555427208543,0.9803166666666666,2.9418881461024284,0.819
rnn,5,276,8.404118629172444,0.9788,2.435610067099333,0.8313
rnn,5,277,7.184624930843711,0.9822666666666666,2.583618577569723,0.777
rnn,5,278,6.989542683586478,0.9827666666666667,2.4590804241597652,0.8366
rnn,5,279,7.636782310903072,0.9811833333333333,2.569440059363842,0.7856
rnn,5,280,7.811166889965534,0.98055,2.7589722089469433,0.7776
rnn,5,281,7.734411157667637,0.9804666666666667,3.8122170120477676,0.7528
rnn,5,282,7.60819294070825,0.9806166666666667,2.5260504949837923,0.8117
rnn,5,283,7.72553538903594,0.9803833333333334,2.4707168489694595,0.8189
rnn,5,284,7.4536530040204525,0.9818333333333333,2.7092149183154106,0.7815
rnn,5,285,7.6900918278843164,0.9808833333333333,2.5741788055747747,0.8605
rnn,5,286,6.961161278188229,0.9818333333333333,2.8936446458101273,0.7995
rnn,5,287,6.92599256709218,0.9825,2.4048912432044744,0.8062
rnn,5,288,7.523315016180277,0.9808833333333333,2.629318568855524,0.8019
rnn,5,289,8.349487790837884,0.9782333333333333,3.1003299579024315,0.7448
rnn,5,290,7.868952130898833,0.9801666666666666,2.6550701670348644,0.8512
rnn,5,291,7.6779779102653265,0.98095,2.859196960926056,0.7814
rnn,5,292,8.81872034072876,0.9785833333333334,2.77919246442616,0.7615
rnn,5,293,7.526596132665873,0.9814333333333334,2.6435846127569675,0.7612
rnn,5,294,7.832241326570511,0.9813,2.8377700075507164,0.7434
rnn,5,295,7.756737608462572,0.9806333333333334,2.6914332322776318,0.8248
rnn,5,296,7.073435852304101,0.98215,3.3819391913712025,0.8587
rnn,5,297,7.3189816772937775,0.9814833333333334,3.0380944311618805,0.8084
rnn,5,298,7.510014256462455,0.9816333333333334,2.6991133205592632,0.7974
rnn,5,299,7.311401357874274,0.9815833333333334,2.838285803794861,0.8246
rnn,5,300,8.110030135139823,0.9797833333333333,2.618058457970619,0.8308
lstm,1,1,250.4968295097351,0.2985333333333333,33.424917101860046,0.4646
lstm,1,2,160.50868368148804,0.6209833333333333,22.738150596618652,0.5373
lstm,1,3,118.45400601625443,0.7194666666666667,17.734099864959717,0.6457
lstm,1,4,95.37551862001419,0.77025,14.861947774887085,0.7057
lstm,1,5,79.85890287160873,0.80495,12.399199962615967,0.7441
lstm,1,6,68.65739154815674,0.8287166666666667,10.82001194357872,0.7955
lstm,1,7,59.99377143383026,0.8507333333333333,9.62739109992981,0.8117
lstm,1,8,53.26910597085953,0.8721,8.483376383781433,0.8428
lstm,1,9,47.42880913615227,0.8950666666666667,7.694506496191025,0.8671
lstm,1,10,41.24389562010765,0.917,6.753226220607758,0.8669
lstm,1,11,36.14021275937557,0.92985,6.080896288156509,0.8997
lstm,1,12,32.04400424659252,0.9360666666666667,5.325109913945198,0.8838
lstm,1,13,28.85561642050743,0.9412833333333334,4.833250418305397,0.8936
lstm,1,14,26.37362715601921,0.9449666666666666,4.367355026304722,0.9095
lstm,1,15,24.257376432418823,0.9492,4.102522052824497,0.9089
lstm,1,16,22.683681026101112,0.9514666666666667,4.030148416757584,0.9173
lstm,1,17,21.545788660645485,0.9528333333333333,3.9637928903102875,0.9152
lstm,1,18,20.26281113922596,0.9566166666666667,3.493446573615074,0.9247
lstm,1,19,18.89624784886837,0.95905,3.3288573920726776,0.9378
lstm,1,20,18.528634756803513,0.9586,3.2784493677318096,0.9365
lstm,1,21,17.565553456544876,0.9611666666666666,3.082400221377611,0.9386
lstm,1,22,17.36203822493553,0.9609666666666666,3.032056078314781,0.939
lstm,1,23,16.156776547431946,0.9636333333333333,2.951834060251713,0.94
lstm,1,24,15.440652526915073,0.9654333333333334,2.7941084019839764,0.941
lstm,1,25,14.828028075397015,0.9674166666666667,2.783752977848053,0.9417
lstm,1,26,14.595351748168468,0.9670166666666666,2.8373322673141956,0.9282
lstm,1,27,14.105816796422005,0.9686666666666667,2.6930501461029053,0.9516
lstm,1,28,13.849957194179296,0.9684166666666667,2.613521568477154,0.9438
lstm,1,29,13.138409968465567,0.9704833333333334,2.71898889914155,0.9345
lstm,1,30,12.83933786302805,0.9711166666666666,2.510058209300041,0.9471
lstm,1,31,12.638384144753218,0.97115,2.4183074682950974,0.9492
lstm,1,32,12.052463605999947,0.9722333333333333,2.692672148346901,0.9373
lstm,1,33,11.910663180053234,0.9723,2.363351333886385,0.948
lstm,1,34,11.378556702286005,0.9738,2.3471331410109997,0.9578
lstm,1,35,11.12138543650508,0.9745166666666667,2.498537791892886,0.9554
lstm,1,36,10.873478308320045,0.97495,2.384184019640088,0.962
lstm,1,37,10.804090730845928,0.9751666666666666,2.3334967233240604,0.9458
lstm,1,38,10.441061563789845,0.97565,2.133257983252406,0.9521
lstm,1,39,10.006776086986065,0.9763333333333334,2.3212791197001934,0.9549
lstm,1,40,10.088145282119513,0.9767833333333333,2.125054009258747,0.957
lstm,1,41,9.609196051955223,0.9779,2.169986631721258,0.96
lstm,1,42,9.769545005634427,0.9772,2.3561516292393208,0.9568
lstm,1,43,9.391624473035336,0.97795,2.257410068064928,0.9578
lstm,1,44,9.532012179493904,0.9773833333333334,2.10183915309608,0.9586
lstm,1,45,9.020576357841492,0.9786333333333334,2.0973841957747936,0.9534
lstm,1,46,8.943038489669561,0.9788166666666667,2.1808641105890274,0.9549
lstm,1,47,8.589718237519264,0.9795833333333334,1.9661308750510216,0.9533
lstm,1,48,8.383504960685968,0.9798666666666667,1.9494659304618835,0.9598
lstm,1,49,8.163198806345463,0.9815833333333334,2.1139991767704487,0.9509
lstm,1,50,8.309860583394766,0.98085,2.031651183962822,0.9587
lstm,1,51,8.031642625108361,0.9811166666666666,2.035056548193097,0.9564
lstm,1,52,7.713527601212263,0.98175,1.987349035218358,0.9607
lstm,1,53,7.8042424488812685,0.9819666666666667,1.9715269431471825,0.9591
lstm,1,54,7.5622428469359875,0.9823166666666666,1.8796239402145147,0.9584
lstm,1,55,7.479098217561841,0.9827666666666667,1.9578967429697514,0.9639
lstm,1,56,7.419138185679913,0.9822166666666666,1.9657561294734478,0.9557
lstm,1,57,7.199135171249509,0.9832333333333333,1.8720647506415844,0.9582
lstm,1,58,7.007758384570479,0.98335,1.9281844589859247,0.9539
lstm,1,59,7.076514856889844,0.9833,2.0411945283412933,0.9558
lstm,1,60,6.984495552256703,0.9835833333333334,1.8791615329682827,0.9586
lstm,1,61,6.790695877745748,0.9839,1.8050729744136333,0.9602
lstm,1,62,6.695131009444594,0.9839333333333333,1.810205364599824,0.9573
lstm,1,63,6.849394714459777,0.98375,1.872923269867897,0.954
lstm,1,64,6.765651266556233,0.9840333333333333,1.7882212959229946,0.9581
lstm,1,65,6.359447188675404,0.98535,1.9151129368692636,0.9651
lstm,1,66,6.291043778881431,0.9847833333333333,1.8189537953585386,0.9584
lstm,1,67,6.508071515709162,0.9848,1.7560665011405945,0.9582
lstm,1,68,6.844177367165685,0.9834333333333334,1.8109060702845454,0.9565
lstm,1,69,6.364781104028225,0.9851333333333333,1.7281494634225965,0.9629
lstm,1,70,5.7394966296851635,0.9865,1.6976338606327772,0.9638
lstm,1,71,5.982844954356551,0.98605,1.7918529510498047,0.9573
lstm,1,72,5.857056947425008,0.9858833333333333,1.7848605327308178,0.9627
lstm,1,73,5.849234459921718,0.9861333333333333,1.6883204579353333,0.9584
lstm,1,74,5.43906569480896,0.9872,1.7520775217562914,0.9584
lstm,1,75,5.632400656118989,0.9864166666666667,1.8177322428673506,0.9601
lstm,1,76,5.556541280820966,0.9871333333333333,1.7647764962166548,0.9614
lstm,1,77,5.481212245300412,0.98735,1.6884558275341988,0.9625
lstm,1,78,5.463860809803009,0.9870666666666666,1.7548659248277545,0.9582
lstm,1,79,5.219449199736118,0.98825,1.6779268682003021,0.9654
lstm,1,80,5.487885331735015,0.9869833333333333,1.8864443954080343,0.9599
lstm,1,81,5.342737428843975,0.9871833333333333,1.7642306061461568,0.9613
lstm,1,82,4.928534874226898,0.9883,1.789862321689725,0.9634
lstm,1,83,5.022872150875628,0.9882333333333333,1.8037270158529282,0.957
lstm,1,84,4.925030597485602,0.9887166666666667,1.7543003922328353,0.9618
lstm,1,85,5.1168504655361176,0.9881,1.6651680786162615,0.9653
lstm,1,86,4.842304234858602,0.9883166666666666,1.70481663569808,0.9603
lstm,1,87,4.906951691955328,0.9882166666666666,1.6491511166095734,0.9677
lstm,1,88,4.7112497221678495,0.9893833333333333,1.692137522622943,0.9649
lstm,1,89,4.588461087085307,0.9890666666666666,1.726345743983984,0.9635
lstm,1,90,4.61823012214154,0.9889166666666667,1.687401220202446,0.9648
lstm,1,91,4.641272297129035,0.9893166666666666,1.71896100230515,0.9562
lstm,1,92,4.644248147495091,0.9885333333333334,1.7286110129207373,0.9644
lstm,1,93,4.505553999915719,0.9894666666666667,1.6970941154286265,0.9633
lstm,1,94,4.471630854532123,0.98985,1.6816846579313278,0.9626
lstm,1,95,4.193314052186906,0.9902333333333333,1.618889776058495,0.9642
lstm,1,96,4.144120748154819,0.9904166666666666,1.6661436837166548,0.9658
lstm,1,97,4.533717329613864,0.9888166666666667,1.5864094216376543,0.9651
lstm,1,98,4.102435450069606,0.9907666666666667,1.7029658937826753,0.9647
lstm,1,99,4.004272724501789,0.9908,1.7541929753497243,0.9634
lstm,1,100,4.052909987978637,0.9905666666666667,1.7707352470606565,0.9647
lstm,1,101,4.2424842761829495,0.9903666666666666,1.634641437791288,0.9619
lstm,1,102,4.041269641369581,0.9903,1.664414850063622,0.9603
lstm,1,103,4.063161835074425,0.9905166666666667,1.8846762143075466,0.9624
lstm,1,104,3.994462864007801,0.9903833333333333,1.6662458218634129,0.964
lstm,1,105,3.780045235529542,0.9916666666666667,1.6381371542811394,0.9665
lstm,1,106,4.228633176535368,0.9901166666666666,1.600272231735289,0.9659
lstm,1,107,3.7138035716488957,0.9915166666666667,1.6391172255389392,0.9687
lstm,1,108,3.7488683238625526,0.99115,1.731607156805694,0.9609
lstm,1,109,3.7272457433864474,0.9912,1.6707599312067032,0.9662
lstm,1,110,3.8418806893751025,0.99115,1.6208909237757325,0.9703
lstm,1,111,4.236805511638522,0.9897333333333334,1.644434841349721,0.9681
lstm,1,112,3.535616829060018,0.99165,1.5825782380998135,0.9688
lstm,1,113,3.7718309462070465,0.9910166666666667,1.6777354748919606,0.9655
lstm,1,114,3.447664363309741,0.9919833333333333,1.692872067913413,0.9612
lstm,1,115,3.480890196748078,0.9920666666666667,1.6525803981348872,0.964
lstm,1,116,3.499732236843556,0.992,1.623318606056273,0.9654
lstm,1,117,3.2715034312568605,0.9924,1.6514135831966996,0.9658
lstm,1,118,3.4443543553352356,0.9922,1.8101166998967528,0.9681
lstm,1,119,3.7877902314066887,0.99095,1.5540814818814397,0.9699
lstm,1,120,3.4603301770985126,0.9921833333333333,1.807994656264782,0.9626
lstm,1,121,3.659101339057088,0.9914666666666667,1.6106579527258873,0.9692
lstm,1,122,3.3187081003561616,0.99235,1.6900459844619036,0.962
lstm,1,123,3.538815283216536,0.9916,1.7538652047514915,0.9649
lstm,1,124,3.017839692533016,0.9931666666666666,1.6345191299915314,0.9651
lstm,1,125,3.1779855424538255,0.9927666666666667,1.767012869939208,0.9642
lstm,1,126,2.987004636786878,0.9931,1.7131672911345959,0.9653
lstm,1,127,3.109078695997596,0.9924166666666666,1.7126482035964727,0.9658
lstm,1,128,3.525203235913068,0.9915833333333334,1.9183218972757459,0.9626
lstm,1,129,3.0570095484144986,0.9930166666666667,1.7281784880906343,0.9653
lstm,1,130,3.428615694399923,0.9919166666666667,1.6251310836523771,0.9668
lstm,1,131,2.8100239909254014,0.9936666666666667,1.6110697612166405,0.965
lstm,1,132,2.8638335121795535,0.9935166666666667,1.7106408923864365,0.9612
lstm,1,133,2.960538871586323,0.9932333333333333,1.8060552878305316,0.9644
lstm,1,134,3.1156408018432558,0.99275,1.6890317238867283,0.9666
lstm,1,135,3.0894577582366765,0.9928166666666667,1.6431871792301536,0.9696
lstm,1,136,2.9574577510356903,0.9932,1.7479197131469846,0.9665
lstm,1,137,2.9668456413783133,0.9929666666666667,1.7558027943596244,0.9681
lstm,1,138,2.8838308113627136,0.9934166666666666,1.6973516251891851,0.9646
lstm,1,139,3.3074104730039835,0.9926,1.615771516226232,0.9676
lstm,1,140,2.824499625712633,0.99365,1.7155934209004045,0.9669
lstm,1,141,2.729979027993977,0.9936833333333334,1.6966846026480198,0.9678
lstm,1,142,2.6155590361449867,0.99375,1.8329030750319362,0.9587
lstm,1,143,2.9181449245661497,0.9932166666666666,1.6888517178595066,0.9652
lstm,1,144,2.5160537203773856,0.9945,1.8600790947675705,0.9631
lstm,1,145,2.435229833703488,0.9945666666666667,1.764966081827879,0.9628
lstm,1,146,2.7681421036832035,0.99375,1.830509139224887,0.9673
lstm,1,147,2.7244521758984774,0.9937333333333334,1.8873164970427752,0.9613
lstm,1,148,2.569102475885302,0.9944333333333333,1.847853290848434,0.9659
lstm,1,149,2.5881865904666483,0.9939833333333333,1.6752478927373886,0.9657
lstm,1,150,2.7428348769899458,0.9935666666666667,1.781003705225885,0.9677
lstm,1,151,2.5326552893966436,0.9938833333333333,1.7525403490290046,0.9683
lstm,1,152,2.8441607328131795,0.9933666666666666,1.827096167486161,0.965
lstm,1,153,2.9171283645555377,0.9929166666666667,1.719733078032732,0.9628
lstm,1,154,2.7308470900170505,0.99385,1.8241923246532679,0.9654
lstm,1,155,2.5524664539843798,0.9943666666666666,1.616231513209641,0.9682
lstm,1,156,2.3520712181925774,0.99465,1.688004876486957,0.9693
lstm,1,157,2.360948134213686,0.9946666666666667,2.029626715928316,0.968
lstm,1,158,2.823013019282371,0.9930833333333333,1.70085318852216,0.9703
lstm,1,159,2.348913049325347,0.9946166666666667,1.7975400350987911,0.9662
lstm,1,160,2.256642684340477,0.9950166666666667,1.764929624274373,0.9693
lstm,1,161,2.5322611210867763,0.9943333333333333,1.7467439733445644,0.9673
lstm,1,162,2.5418734326958656,0.9939666666666667,1.6804928099736571,0.9693
lstm,1,163,2.4427713421173394,0.9943,1.7726721335202456,0.9607
lstm,1,164,2.438883326947689,0.9944333333333333,1.8727041129022837,0.9633
lstm,1,165,2.551726250909269,0.994,1.7934057535603642,0.9669
lstm,1,166,2.338566702324897,0.99445,1.8846764834597707,0.9658
lstm,1,167,2.54611246380955,0.9939333333333333,1.8261860283091664,0.9663
lstm,1,168,2.1445160056464374,0.9951666666666666,1.9336504777893424,0.9612
lstm,1,169,2.2910128058865666,0.9948,1.8245507758110762,0.9673
lstm,1,170,2.0889342832379043,0.99545,1.8060486996546388,0.969
lstm,1,171,2.0730726034380496,0.9954166666666666,1.7349879555404186,0.968
lstm,1,172,2.3780282330699265,0.9941833333333333,1.7758521819487214,0.9672
lstm,1,173,1.9746323823928833,0.9956833333333334,2.204373293556273,0.9536
lstm,1,174,2.079735982231796,0.99535,1.8449707785621285,0.9702
lstm,1,175,1.9414202694315463,0.9958,1.722077109850943,0.9697
lstm,1,176,1.9623962785117328,0.9957333333333334,1.8750988710671663,0.966
lstm,1,177,2.3185183629393578,0.9949333333333333,2.010531300678849,0.962
lstm,1,178,2.956087850034237,0.9929166666666667,2.0551377926021814,0.9615
lstm,1,179,2.3351917238906026,0.9942166666666666,1.7216738099232316,0.9682
lstm,1,180,1.8607638175599277,0.9961,1.7891001412644982,0.9664
lstm,1,181,2.064042854704894,0.9951666666666666,1.8268450303003192,0.9672
lstm,1,182,2.034425728023052,0.9952166666666666,1.9977542292326689,0.9633
lstm,1,183,2.052904559066519,0.9952333333333333,1.8837476707994938,0.9691
lstm,1,184,1.9859499570447952,0.9952833333333333,1.7715631583705544,0.9702
lstm,1,185,2.395687018055469,0.9942,1.8446897296234965,0.968
lstm,1,186,1.9169508339837193,0.9958166666666667,1.8639566008932889,0.9682
lstm,1,187,1.9585343881044537,0.9957,1.8667984884232283,0.9669
lstm,1,188,2.20855701318942,0.9948833333333333,1.7254433589987457,0.9689
lstm,1,189,1.7199861196568236,0.9963166666666666,1.9318581488914788,0.9673
lstm,1,190,1.7241917304927483,0.9962166666666666,1.8809309378266335,0.966
lstm,1,191,1.7778251664713025,0.9961666666666666,1.9400328849442303,0.9669
lstm,1,192,2.4178412302862853,0.9942666666666666,1.931295576505363,0.9684
lstm,1,193,2.3962997416965663,0.9942833333333333,1.9256691401824355,0.962
lstm,1,194,2.0329560104291886,0.9950833333333333,1.9008982134982944,0.9651
lstm,1,195,1.5856390235712752,0.9965666666666667,1.8138816650025547,0.9692
lstm,1,196,1.5919344975845888,0.9966833333333334,1.8258778862655163,0.9674
lstm,1,197,1.802697004051879,0.9959333333333333,1.8846109015867114,0.9643
lstm,1,198,1.8686871533282101,0.9959,1.8715782472863793,0.9689
lstm,1,199,1.7874726178124547,0.99605,1.9681721031665802,0.9654
lstm,1,200,1.855754473945126,0.9959,1.827764468966052,0.9701
lstm,1,201,1.8219969810452312,0.9958833333333333,1.9107159464620054,0.969
lstm,1,202,1.7144396710209548,0.99605,1.8764017187058926,0.9692
lstm,1,203,1.8807377042248845,0.99565,1.9319322193041444,0.9681
lstm,1,204,1.8001961382105947,0.99595,1.928249416872859,0.9691
lstm,1,205,1.541261408245191,0.9967333333333334,1.9044249383732677,0.9687
lstm,1,206,1.5421333690173924,0.9965166666666667,1.871020664460957,0.9698
lstm,1,207,1.4528513161931187,0.9971,1.8771786247380078,0.9718
lstm,1,208,1.870644372946117,0.9958666666666667,2.1353397388011217,0.9607
lstm,1,209,2.049334734911099,0.9950166666666667,1.9914877363480628,0.9669
lstm,1,210,1.8425876853289083,0.9958833333333333,1.8857306712307036,0.9703
lstm,1,211,1.701977168326266,0.9962166666666666,1.9451917798724025,0.9677
lstm,1,212,1.5503477873280644,0.9966333333333334,1.9904246525838971,0.9644
lstm,1,213,1.4474198744865134,0.9967666666666667,1.9002851503901184,0.9687
lstm,1,214,1.3217850413639098,0.9975166666666667,1.9770846804603934,0.9657
lstm,1,215,1.9766122824512422,0.9951833333333333,2.0444036424160004,0.9645
lstm,1,216,2.13848955265712,0.99485,1.9665140267461538,0.9667
lstm,1,217,1.6429681624285877,0.99635,1.9095428814180195,0.9696
lstm,1,218,1.7705094907432795,0.9959166666666667,1.8842323990538716,0.9714
lstm,1,219,1.408123221481219,0.9967166666666667,1.911315500503406,0.9706
lstm,1,220,1.3218330930685624,0.99735,1.9036253518424928,0.9701
lstm,1,221,1.5895945248194039,0.9964333333333333,2.0011080484837294,0.9665
lstm,1,222,1.2391498098149896,0.99765,2.017298750579357,0.966
lstm,1,223,1.2395755934994668,0.9975166666666667,2.0115010626614094,0.9662
lstm,1,224,1.5097094492521137,0.9965666666666667,2.0390071254223585,0.9677
lstm,1,225,1.7921864979434758,0.9958833333333333,2.157137013040483,0.9619
lstm,1,226,1.7184262196533382,0.9960333333333333,2.349408599548042,0.9657
lstm,1,227,2.914158310042694,0.99285,2.0884851042646915,0.9672
lstm,1,228,1.6161429781932384,0.9962833333333333,1.867229226976633,0.9675
lstm,1,229,1.2451398676494136,0.9974333333333333,1.9743080735206604,0.9681
lstm,1,230,1.3795549621572718,0.9969166666666667,1.9188844396267086,0.9702
lstm,1,231,1.1464385620784014,0.9976833333333334,1.9555135876871645,0.9693
lstm,1,232,1.4275964515982196,0.9968333333333333,2.0122880614362657,0.9668
lstm,1,233,2.5256667805369943,0.99385,1.9646497005596757,0.9661
lstm,1,234,1.6435666258912534,0.9961,1.9800378994550556,0.9696
lstm,1,235,1.4245208671782166,0.997,1.9097650633193552,0.9678
lstm,1,236,1.446831091423519,0.9968166666666667,1.8900523805059493,0.9684
lstm,1,237,1.4083751246798784,0.9967666666666667,2.0624227644875646,0.968
lstm,1,238,1.2737960350932553,0.9974,1.9543549232184887,0.9688
lstm,1,239,1.2615484248381108,0.9974,2.099144390784204,0.9654
lstm,1,240,1.1251057023182511,0.9977666666666667,2.048062063753605,0.9691
lstm,1,241,1.132757528219372,0.99785,1.9020711109042168,0.9709
lstm,1,242,1.2095413986826316,0.9974,1.9853449729271233,0.966
lstm,1,243,2.6333993214648217,0.99355,1.9743775534443557,0.9699
lstm,1,244,1.6556049954378977,0.9958833333333333,2.0304038557223976,0.9707
lstm,1,245,1.1786503253970295,0.9975833333333334,1.9461657283827662,0.9674
lstm,1,246,1.2354423983488232,0.9972833333333333,2.0655795766506344,0.9704
lstm,1,247,1.7143156972015277,0.9957166666666667,2.112774332985282,0.9651
lstm,1,248,1.1061518591595814,0.9978333333333333,2.0447347625158727,0.9669
lstm,1,249,1.1161181480856612,0.9976666666666667,2.0184459183365107,0.9692
lstm,1,250,1.3992213427554816,0.9969666666666667,2.0398419715929776,0.9692
lstm,1,251,1.3812872883863747,0.9970333333333333,2.02098350180313,0.9665
lstm,1,252,1.8355012801475823,0.9958333333333333,2.166026407852769,0.9649
lstm,1,253,1.2150434711948037,0.9974333333333333,2.093313101446256,0.9714
lstm,1,254,1.325708678457886,0.997,2.074968144064769,0.9727
lstm,1,255,1.2304232731403317,0.9972333333333333,2.063405686058104,0.9658
lstm,1,256,1.0501013490720652,0.9979333333333333,2.075718205422163,0.9667
lstm,1,257,1.6381295452592894,0.9961333333333333,2.16312867263332,0.9679
lstm,1,258,1.7095024758018553,0.99595,1.9809745755046606,0.9698
lstm,1,259,1.6586914067156613,0.99615,2.0516764344647527,0.9696
lstm,1,260,0.9513380613643676,0.9981,1.9521581158041954,0.9698
lstm,1,261,0.9046769349370152,0.9982666666666666,2.030468663200736,0.9707
lstm,1,262,0.9111071965890005,0.99815,2.0759783145040274,0.9691
lstm,1,263,1.185243502841331,0.99735,2.1995196132920682,0.9674
lstm,1,264,1.1726874701562338,0.99745,2.054634219966829,0.9696
lstm,1,265,1.1367432214319706,0.9977,2.086920218542218,0.9641
lstm,1,266,2.073916577268392,0.9950166666666667,2.470896410755813,0.9646
lstm,1,267,1.7104477394605055,0.99595,1.977258112281561,0.9717
lstm,1,268,1.054507470689714,0.9979833333333333,2.125818462111056,0.9708
lstm,1,269,1.5435985641088337,0.9962666666666666,2.1869819778949022,0.9675
lstm,1,270,1.254122529644519,0.9969833333333333,1.9792610732838511,0.9694
lstm,1,271,1.0041593728819862,0.99795,2.106671237386763,0.9704
lstm,1,272,1.2008650206262246,0.9972833333333333,2.087143298238516,0.9714
lstm,1,273,1.555572940967977,0.9961333333333333,2.2260761759243906,0.971
lstm,1,274,1.6867662883014418,0.9958833333333333,2.045337620191276,0.9677
lstm,1,275,0.9631272738333791,0.9979666666666667,1.9372604521922767,0.9734
lstm,1,276,0.9833072902401909,0.9980166666666667,2.0380524625070393,0.9712
lstm,1,277,0.7806014171801507,0.9985666666666667,2.0008218102157116,0.9697
lstm,1,278,0.7403009881963953,0.99875,2.0224843653850257,0.9704
lstm,1,279,0.765226547664497,0.9985166666666667,2.06997789721936,0.9707
lstm,1,280,1.4008402714971453,0.99685,2.1080796900205314,0.9713
lstm,1,281,1.8124961868161336,0.9955,2.2708955416455865,0.9613
lstm,1,282,1.8483171308180317,0.9956166666666667,2.022144189104438,0.9674
lstm,1,283,1.3175461766077206,0.99695,2.0256312284618616,0.9678
lstm,1,284,1.272147148149088,0.9973166666666666,2.188621338456869,0.9696
lstm,1,285,0.9007885279715993,0.9982,2.054046954959631,0.9696
lstm,1,286,1.0094084951560944,0.9979333333333333,2.134240996558219,0.9722
lstm,1,287,0.8598489462165162,0.9981833333333333,2.037386026000604,0.9683
lstm,1,288,1.352905256091617,0.9969833333333333,2.3441825760528445,0.9663
lstm,1,289,1.877131929853931,0.9955666666666667,2.1276676496490836,0.9659
lstm,1,290,1.0297615460585803,0.99755,2.0631845148745924,0.9699
lstm,1,291,1.0288435246911831,0.9978,2.1087210061959922,0.9691
lstm,1,292,0.987037532730028,0.9978833333333333,2.0820051757618785,0.9702
lstm,1,293,0.8174256577622145,0.9984666666666666,2.1110395572613925,0.9719
lstm,1,294,1.8007198853301816,0.99545,2.5004669316112995,0.9613
lstm,1,295,1.2587019285419956,0.9969833333333333,2.172993065789342,0.9669
lstm,1,296,1.2700224091531709,0.9968333333333333,2.1448142416775227,0.9687
lstm,1,297,0.9181932746432722,0.9979833333333333,2.2217860631644726,0.971
lstm,1,298,1.7075414792634547,0.99595,2.067659971304238,0.9704
lstm,1,299,1.4275313186226413,0.9965166666666667,2.168576209805906,0.9698
lstm,1,300,1.197904435073724,0.9972166666666666,2.1441635289229453,0.9676
lstm,2,1,251.00007903575897,0.2619,34.34570789337158,0.4581
lstm,2,2,164.14130401611328,0.6443,22.637974500656128,0.649
lstm,2,3,112.2763237953186,0.7746666666666666,15.993765354156494,0.7141
lstm,2,4,83.35755336284637,0.8305333333333333,12.670380502939224,0.754
lstm,2,5,66.59655392169952,0.86285,10.20942497253418,0.796
lstm,2,6,56.23156815767288,0.8821166666666667,8.635320156812668,0.8369
lstm,2,7,48.3064586520195,0.8978,7.4761048555374146,0.859
lstm,2,8,42.32400161027908,0.9093666666666667,6.658858895301819,0.8649
lstm,2,9,36.88313628733158,0.9213,5.971686542034149,0.8942
lstm,2,10,33.348514184355736,0.9288,5.706417202949524,0.8872
lstm,2,11,29.987671241164207,0.9350666666666667,4.810841411352158,0.9099
lstm,2,12,27.24088141322136,0.9415833333333333,4.535135447978973,0.9095
lstm,2,13,25.403777211904526,0.9448666666666666,4.2526344284415245,0.911
lstm,2,14,23.63846980035305,0.9485666666666667,3.8756193295121193,0.9201
lstm,2,15,21.742670841515064,0.9531333333333334,3.7129775062203407,0.9422
lstm,2,16,20.556141048669815,0.9553,3.7488236501812935,0.9272
lstm,2,17,19.745780631899834,0.9566666666666667,3.324336923658848,0.9313
lstm,2,18,18.47659318894148,0.9591833333333334,3.200875759124756,0.946
lstm,2,19,18.049448683857918,0.9598,3.213902600109577,0.9196
lstm,2,20,17.085731364786625,0.9618333333333333,2.9255687408149242,0.9226
lstm,2,21,16.123600497841835,0.9633666666666667,3.095017910003662,0.9496
lstm,2,22,15.592467159032822,0.9646666666666667,2.901882264763117,0.921
lstm,2,23,14.785888716578484,0.9661,2.5304108634591103,0.9381
lstm,2,24,14.105670683085918,0.9677333333333333,2.480797529220581,0.9392
lstm,2,25,13.688782133162022,0.9689666666666666,2.416799422353506,0.9531
lstm,2,26,13.393949449062347,0.9691333333333333,2.367809846997261,0.9484
lstm,2,27,12.983219839632511,0.97,2.3844580315053463,0.9442
lstm,2,28,12.149829130619764,0.9711333333333333,2.561839886009693,0.9535
lstm,2,29,12.044404450803995,0.9725,2.188651265576482,0.9578
lstm,2,30,11.84105509892106,0.9728333333333333,2.023657750338316,0.9552
lstm,2,31,11.655436052009463,0.9720666666666666,2.0114974174648523,0.9601
lstm,2,32,11.137375935912132,0.9741666666666666,2.1972594298422337,0.9505
lstm,2,33,10.878554351627827,0.9744,2.1113906614482403,0.9569
lstm,2,34,10.674930278211832,0.97515,2.4204526729881763,0.9476
lstm,2,35,10.437438789755106,0.9754,1.9284942150115967,0.9473
lstm,2,36,10.20949274674058,0.9756833333333333,1.96594706363976,0.9546
lstm,2,37,10.003603406250477,0.9764833333333334,2.0507002286612988,0.9513
lstm,2,38,10.388152573257685,0.9754333333333334,1.9026383198797703,0.9524
lstm,2,39,9.478833083063364,0.9775166666666667,1.974143449217081,0.9617
lstm,2,40,9.38980583101511,0.97775,1.8031619433313608,0.9576
lstm,2,41,9.37794453650713,0.9778666666666667,1.7981681171804667,0.9532
lstm,2,42,8.999985940754414,0.9790833333333333,2.0512495320290327,0.9571
lstm,2,43,9.026117447763681,0.9782,1.7596485707908869,0.9525
lstm,2,44,8.77862236648798,0.9794166666666667,1.702400667592883,0.9625
lstm,2,45,8.528284717351198,0.9793833333333334,1.6933357920497656,0.959
lstm,2,46,8.86965200304985,0.9787333333333333,1.6737405247986317,0.9609
lstm,2,47,8.141629956662655,0.9802166666666666,1.718004448339343,0.9458
lstm,2,48,8.109710587188601,0.9801166666666666,1.6643481152132154,0.9503
lstm,2,49,7.955737702548504,0.9808833333333333,1.6207765582948923,0.9518
lstm,2,50,7.742405271157622,0.9814666666666667,1.6604607664048672,0.9453
lstm,2,51,7.7120709381997585,0.9807333333333333,1.7300849640741944,0.9654
lstm,2,52,7.556192260235548,0.9816,1.557226282544434,0.9604
lstm,2,53,7.234857201576233,0.9824166666666667,1.5687996875494719,0.9699
lstm,2,54,7.078424159437418,0.9826833333333334,1.8186711706221104,0.9574
lstm,2,55,7.1903477646410465,0.9826,1.672015655785799,0.9594
lstm,2,56,7.106970621272922,0.9827166666666667,1.5956289414316416,0.9599
lstm,2,57,7.060175035148859,0.98245,1.5841060653328896,0.9489
lstm,2,58,6.998789483681321,0.9830166666666666,1.4928439119830728,0.9638
lstm,2,59,6.538738843053579,0.9840333333333333,1.6306380368769169,0.9662
lstm,2,60,6.67583987955004,0.9834333333333334,1.4918604558333755,0.9622
lstm,2,61,6.365562567487359,0.9845166666666667,1.6278663910925388,0.9667
lstm,2,62,6.431097317487001,0.9843333333333333,1.4164545545354486,0.9665
lstm,2,63,6.2693845722824335,0.9845166666666667,1.4666533917188644,0.9683
lstm,2,64,6.438411191105843,0.9845,1.6808867081999779,0.9598
lstm,2,65,6.341017469763756,0.9843,1.558442648500204,0.9581
lstm,2,66,5.959322860464454,0.98555,1.5444689113646746,0.9667
lstm,2,67,5.899840034544468,0.9854,1.3599621262401342,0.9585
lstm,2,68,6.093975845724344,0.9854666666666667,1.5081183183938265,0.9654
lstm,2,69,5.611460277810693,0.9863,1.466841820627451,0.9638
lstm,2,70,5.610235812142491,0.9863166666666666,1.4013038277626038,0.9624
lstm,2,71,5.276374444365501,0.987,1.3665310149081051,0.966
lstm,2,72,5.385388556867838,0.9868166666666667,1.322999019175768,0.9676
lstm,2,73,5.292282405309379,0.9872333333333333,1.380082443356514,0.9696
lstm,2,74,5.346437815576792,0.98665,1.4456611955538392,0.9682
lstm,2,75,5.2966149430722,0.9867333333333334,1.3490838650614023,0.966
lstm,2,76,5.018714863806963,0.9879666666666667,1.4255190659314394,0.962
lstm,2,77,5.080831604078412,0.9874833333333334,1.3893369873985648,0.966
lstm,2,78,5.3024436784908175,0.9870666666666666,1.4929883107542992,0.9616
lstm,2,79,4.933531379327178,0.9880166666666667,1.3343983236700296,0.9591
lstm,2,80,5.078172347508371,0.9874333333333334,1.4363998174667358,0.9712
lstm,2,81,5.004519751295447,0.9877833333333333,1.3420123867690563,0.9663
lstm,2,82,4.795777854509652,0.9882833333333333,1.4302906189113855,0.9716
lstm,2,83,4.878826852887869,0.9879666666666667,1.4851753795519471,0.9578
lstm,2,84,4.812918328680098,0.9880833333333333,1.3868876043707132,0.9608
lstm,2,85,4.568013542331755,0.9887333333333334,1.3170294715091586,0.9716
lstm,2,86,4.689241635613143,0.9886333333333334,1.270283025689423,0.965
lstm,2,87,4.61549729667604,0.9885166666666667,1.3419830678030849,0.9716
lstm,2,88,4.724950781092048,0.9879833333333333,1.4027142329141498,0.9638
lstm,2,89,4.307647617533803,0.98945,1.2981675514020026,0.9692
lstm,2,90,4.272506710141897,0.9892,1.517053447663784,0.9599
lstm,2,91,4.284092640504241,0.9892166666666666,1.5218473989516497,0.9641
lstm,2,92,4.445295020006597,0.98865,1.2693707016296685,0.9708
lstm,2,93,4.143584211356938,0.9902833333333333,1.2664760882034898,0.9698
lstm,2,94,4.030851284042001,0.9904833333333334,1.2929608719423413,0.9719
lstm,2,95,3.86369507573545,0.9904666666666667,1.4090159609913826,0.9621
lstm,2,96,4.124636743217707,0.9898666666666667,1.2505117394030094,0.9709
lstm,2,97,3.9093451192602515,0.9905,1.2537276586517692,0.9699
lstm,2,98,3.914409904740751,0.9901,1.361005574464798,0.9634
lstm,2,99,4.138783206231892,0.9898333333333333,1.3241852596402168,0.9746
lstm,2,100,4.077410840429366,0.9900333333333333,1.291944906115532,0.9648
lstm,2,101,3.906256831251085,0.9896833333333334,1.3423278611153364,0.9665
lstm,2,102,3.664315619505942,0.9909166666666667,1.4120411230251193,0.9639
lstm,2,103,3.64796076528728,0.9909,1.3476248322986066,0.9642
lstm,2,104,3.827397712506354,0.9903166666666666,1.3985587619245052,0.9581
lstm,2,105,3.743701420724392,0.9908333333333333,1.2908474281430244,0.9688
lstm,2,106,3.6651847139000893,0.9912,1.2585286013782024,0.9749
lstm,2,107,3.287997791543603,0.9919166666666667,1.242863668128848,0.9741
lstm,2,108,3.4034214662387967,0.9915,1.6542400857433677,0.9635
lstm,2,109,3.718531367368996,0.9908833333333333,1.4269482418894768,0.9677
lstm,2,110,3.392782831331715,0.99165,1.320831005461514,0.9732
lstm,2,111,3.3077199165709317,0.9918833333333333,1.3894031941890717,0.9614
lstm,2,112,3.2932871296070516,0.99175,1.2631295816972852,0.9706
lstm,2,113,3.2423148145899177,0.992,1.2925936225801706,0.9702
lstm,2,114,2.8643143251538277,0.9934166666666666,1.388809446245432,0.9707
lstm,2,115,3.202694159001112,0.99205,1.2687478342559189,0.9706
lstm,2,116,3.218088589143008,0.99185,1.4340569665655494,0.9626
lstm,2,117,3.2103844294324517,0.9920666666666667,1.3590733772143722,0.9686
lstm,2,118,3.2498964215628803,0.9918833333333333,1.2424677601084113,0.9669
lstm,2,119,2.980313981883228,0.9928,1.3117670211941004,0.964
lstm,2,120,3.2367273084819317,0.9921,1.4186796490103006,0.9611
lstm,2,121,3.1884226370602846,0.9920666666666667,1.410028139129281,0.9751
lstm,2,122,2.8758240416646004,0.9929666666666667,1.3765808418393135,0.9648
lstm,2,123,2.9979508188553154,0.9924833333333334,1.299598596058786,0.9711
lstm,2,124,2.816541448235512,0.9932666666666666,1.580626729875803,0.9619
lstm,2,125,2.95047373091802,0.9926333333333334,1.2404911443591118,0.9746
lstm,2,126,3.0117257270030677,0.9926,1.2249279506504536,0.9724
lstm,2,127,2.996671410975978,0.99245,1.349280457943678,0.9599
lstm,2,128,2.666863502934575,0.9937,1.272985759191215,0.9688
lstm,2,129,2.9379871720448136,0.9925333333333334,1.2083993628621101,0.9694
lstm,2,130,2.710149979684502,0.9935,1.380542742088437,0.9682
lstm,2,131,2.603647837648168,0.9938833333333333,1.389095526188612,0.9685
lstm,2,132,2.9742241855710745,0.9925,1.2466695290058851,0.9707
lstm,2,133,2.9989970731548965,0.9926666666666667,1.3143118768930435,0.9736
lstm,2,134,2.74986937828362,0.9933333333333333,1.2175331213511527,0.9716
lstm,2,135,2.4819845906458795,0.9939333333333333,1.3473279159516096,0.9676
lstm,2,136,2.4401222271844745,0.9944666666666667,1.2315958263352513,0.9699
lstm,2,137,2.565729130525142,0.9937833333333334,1.3074347209185362,0.9719
lstm,2,138,2.2491457846481353,0.9948166666666667,1.296737230848521,0.9692
lstm,2,139,2.4559597386978567,0.99445,1.2528288629837334,0.9704
lstm,2,140,2.282445399556309,0.9945833333333334,1.2916724034585059,0.9664
lstm,2,141,2.561371797695756,0.9934666666666667,1.269748409744352,0.9725
lstm,2,142,2.4777823232579976,0.9937666666666667,1.2414382551796734,0.974
lstm,2,143,2.490558377467096,0.9938,1.3021244022529572,0.9706
lstm,2,144,2.647114494116977,0.9940166666666667,1.3726256405934691,0.9645
lstm,2,145,2.5749638746492565,0.99335,1.272512354888022,0.9705
lstm,2,146,2.290748987812549,0.9945666666666667,1.2541334670968354,0.9716
lstm,2,147,2.2636866710381582,0.9945666666666667,1.3725076951086521,0.9723
lstm,2,148,2.301132883410901,0.9948166666666667,1.3605320174247026,0.971
lstm,2,149,2.1903221630491316,0.9948833333333333,1.2611486855894327,0.9719
lstm,2,150,2.279790313448757,0.99455,1.2719661784358323,0.9687
lstm,2,151,2.2204700822476298,0.9945833333333334,1.2580473886337131,0.9733
lstm,2,152,2.3558267175685614,0.9946666666666667,1.2292934055440128,0.971
lstm,2,153,2.276894005946815,0.9943833333333333,1.30516470503062,0.9739
lstm,2,154,2.3483164452482015,0.9941166666666666,1.2849348825402558,0.9676
lstm,2,155,2.2148806196055375,0.9946833333333334,1.260143413557671,0.9687
lstm,2,156,1.8909212502185255,0.9957666666666667,1.277452818583697,0.9693
lstm,2,157,2.364972814451903,0.9940333333333333,1.400377024896443,0.973
lstm,2,158,2.7488701390102506,0.9932333333333333,1.5605856927577406,0.968
lstm,2,159,2.0828825319185853,0.9950166666666667,1.29234523861669,0.9699
lstm,2,160,2.045687010511756,0.9954333333333333,1.3107761226128787,0.9694
lstm,2,161,1.9920813525095582,0.99535,1.2490349451545626,0.967
lstm,2,162,1.93828393984586,0.9953833333333333,1.2801380817545578,0.9734
lstm,2,163,1.7847630979958922,0.9960333333333333,1.3040652805939317,0.9721
lstm,2,164,2.2602013903670013,0.99395,1.338146680034697,0.9711
lstm,2,165,1.7397865862585604,0.9959,1.3305752421729267,0.9737
lstm,2,166,1.8797691725194454,0.99535,1.259557282552123,0.9682
lstm,2,167,2.0896604997105896,0.9948833333333333,1.5700835771858692,0.967
lstm,2,168,2.0998460720293224,0.9948333333333333,1.3514914331026375,0.9685
lstm,2,169,1.6867647771723568,0.99615,1.2929907874204218,0.9706
lstm,2,170,1.8910516211763024,0.9955166666666667,1.3333409228362143,0.9719
lstm,2,171,1.9860979203367606,0.9954666666666667,1.4399087680503726,0.9645
lstm,2,172,1.7649199613370001,0.9959833333333333,1.2999273793539032,0.9688
lstm,2,173,1.942844661185518,0.9953166666666666,1.3132353452965617,0.9658
lstm,2,174,1.7113835199270397,0.9961833333333333,1.3476185551844537,0.9718
lstm,2,175,1.7887956546619534,0.9956833333333334,1.4284362201578915,0.9618
lstm,2,176,1.8928955134470016,0.9954666666666667,1.3288068177644163,0.9735
lstm,2,177,1.8383857174776495,0.9955166666666667,1.4277084604837,0.9652
lstm,2,178,2.064922947436571,0.99475,1.5947920666076243,0.9736
lstm,2,179,2.080331252887845,0.9948166666666667,1.3232672275044024,0.9733
lstm,2,180,1.6089005598332733,0.99635,1.3453449602238834,0.9754
lstm,2,181,1.3922876727301627,0.9970666666666667,1.3980774790979922,0.9738
lstm,2,182,1.3769050835398957,0.9970666666666667,1.5144232040038332,0.9683
lstm,2,183,1.586914470186457,0.9963666666666666,1.3072638908633962,0.9751
lstm,2,184,1.6347881136462092,0.9961666666666666,1.3091426105238497,0.9701
lstm,2,185,1.5193399767158553,0.9965166666666667,1.389970900840126,0.972
lstm,2,186,1.4084222929086536,0.997,1.3843309713993222,0.9753
lstm,2,187,1.3922239718958735,0.9969833333333333,1.3848376250825822,0.9744
lstm,2,188,1.758970205206424,0.9958,1.3458276420133188,0.9711
lstm,2,189,2.1913195056840777,0.99425,1.475028971210122,0.9704
lstm,2,190,1.863368119345978,0.9954,1.4456193963997066,0.9752
lstm,2,191,1.3694595997221768,0.9971,1.3524425076320767,0.9732
lstm,2,192,1.2949846785049886,0.9975,1.4384692306630313,0.9687
lstm,2,193,1.7627393786096945,0.9955666666666667,1.5980998494196683,0.9753
lstm,2,194,1.5675187536980957,0.9963333333333333,1.517225133255124,0.9711
lstm,2,195,1.3772981085348874,0.9972,1.3319609030149877,0.9711
lstm,2,196,1.3398400039877743,0.9970833333333333,1.4496802377980202,0.9763
lstm,2,197,1.5208665584214032,0.9966333333333334,1.385073084034957,0.9675
lstm,2,198,1.6155898105353117,0.9960166666666667,1.5099473372101784,0.9678
lstm,2,199,1.482686934294179,0.9964166666666666,1.4237419383134693,0.9703
lstm,2,200,1.7335932912537828,0.9954833333333334,1.5321596497669816,0.974
lstm,2,201,1.8445902154780924,0.9954333333333333,1.3226925237104297,0.9723
lstm,2,202,1.8189748750883155,0.9958666666666667,1.4464883874170482,0.9711
lstm,2,203,1.6123183714225888,0.99655,1.4747881343355402,0.9747
lstm,2,204,1.2976152978371829,0.99705,1.4887712302152067,0.9723
lstm,2,205,1.255750548094511,0.9973666666666666,1.5208531003445387,0.9674
lstm,2,206,1.8528572751674801,0.9953166666666666,1.362745965947397,0.9663
lstm,2,207,1.6020223274827003,0.9963833333333333,1.4587689526961185,0.9667
lstm,2,208,1.5242799387779087,0.9962333333333333,1.4491132884286344,0.9712
lstm,2,209,1.3259693760192022,0.9971666666666666,1.4309688148787245,0.9663
lstm,2,210,1.2056773675139993,0.9975666666666667,1.3927976503036916,0.9692
lstm,2,211,1.0692753844195977,0.9978166666666667,1.439205111702904,0.9706
lstm,2,212,1.0319971725111827,0.99795,1.4367405029479414,0.9673
lstm,2,213,1.306252249283716,0.9971666666666666,1.7293824623338878,0.9678
lstm,2,214,1.4724673697492108,0.9965666666666667,1.474732760572806,0.9684
lstm,2,215,1.6244475956773385,0.9958166666666667,1.4719476741738617,0.9724
lstm,2,216,1.711645853589289,0.99565,1.4531195666640997,0.9679
lstm,2,217,1.4269961313111708,0.9966666666666667,1.407441052608192,0.977
lstm,2,218,1.0391093150246888,0.9979333333333333,1.4370801141485572,0.9672
lstm,2,219,0.9875840650638565,0.9981833333333333,1.506784297991544,0.971
lstm,2,220,1.0574299670988694,0.9975833333333334,1.6611803192645311,0.9653
lstm,2,221,2.0637380960397422,0.9943166666666666,1.517650275141932,0.9629
lstm,2,222,1.496095462469384,0.9964833333333334,1.480625454802066,0.9747
lstm,2,223,1.105870480183512,0.99765,1.4829762536101043,0.965
lstm,2,224,1.157710305065848,0.9975,1.600874794414267,0.9743
lstm,2,225,0.9417254293803126,0.9981666666666666,1.3926840270869434,0.9701
lstm,2,226,1.224078313796781,0.9972166666666666,1.644994085188955,0.9703
lstm,2,227,2.0294858142733574,0.9946,1.558031882159412,0.9632
lstm,2,228,1.2515431649517268,0.9972833333333333,1.556283270008862,0.9643
lstm,2,229,1.2349082191940397,0.9972666666666666,1.622809911845252,0.9696
lstm,2,230,1.1811577079351991,0.9972833333333333,1.5013374062255025,0.9714
lstm,2,231,0.8427671155077405,0.9985333333333334,1.4645908465608954,0.9709
lstm,2,232,1.3734661955968477,0.9967833333333334,1.5408010710962117,0.9653
lstm,2,233,1.459668041090481,0.9967833333333334,1.586694955592975,0.9735
lstm,2,234,2.159888328751549,0.9943333333333333,1.7584541705437005,0.9711
lstm,2,235,1.0899763220222667,0.99775,1.534462438779883,0.9683
lstm,2,236,1.4010551678948104,0.9965166666666667,1.5039868124295026,0.9726
lstm,2,237,1.059657204488758,0.9979166666666667,1.695646436419338,0.9716
lstm,2,238,1.3049737536348403,0.9969,1.7085111113265157,0.9726
lstm,2,239,1.2120829508057795,0.99705,1.4768923714291304,0.9707
lstm,2,240,0.8163473232416436,0.9984666666666666,1.5137491719797254,0.9736
lstm,2,241,0.7357265400933102,0.9989,1.5210720393806696,0.9714
lstm,2,242,0.7038337987032719,0.9989166666666667,1.4878853387199342,0.9712
lstm,2,243,0.6781818096060306,0.9988666666666667,1.5067523457109928,0.9721
lstm,2,244,0.7607969163218513,0.9985666666666667,1.545700641348958,0.9674
lstm,2,245,0.8620916362269782,0.9982833333333333,1.545341586926952,0.9742
lstm,2,246,0.8026225877692923,0.99845,1.5767066308762878,0.9699
lstm,2,247,2.756752034649253,0.9927333333333334,1.504734085756354,0.9735
lstm,2,248,1.8393999913241714,0.9952833333333333,1.4367866737302393,0.9691
lstm,2,249,0.9946346705546603,0.99785,1.4557774368440732,0.9713
lstm,2,250,1.090744772052858,0.9976833333333334,1.5691302767954767,0.9694
lstm,2,251,1.1333449257072061,0.9974,1.4984278199262917,0.9716
lstm,2,252,0.921581388451159,0.9981833333333333,1.4977606902830303,0.9724
lstm,2,253,0.7677564441692084,0.9985333333333334,1.497767151799053,0.9722
lstm,2,254,0.6756397227291018,0.9989,1.6121778787346557,0.9667
lstm,2,255,0.8619479215703905,0.99795,1.5971645549871027,0.9706
lstm,2,256,0.7940492102061398,0.9983833333333333,1.7173971869051456,0.9606
lstm,2,257,1.4668824600521475,0.9961,1.8977541127242148,0.9658
lstm,2,258,1.7323722732253373,0.99535,1.5808622920885682,0.9668
lstm,2,259,1.1988880183780566,0.9970833333333333,1.57204075390473,0.968
lstm,2,260,1.1609794422984123,0.9974,1.483100262528751,0.9675
lstm,2,261,0.9259121950017288,0.9981666666666666,1.5878089708276093,0.9685
lstm,2,262,0.723292036447674,0.9988,1.5724206329323351,0.9696
lstm,2,263,0.7660967427073047,0.9986833333333334,1.6075220631901175,0.9685
lstm,2,264,0.8648099099518731,0.9981666666666666,1.572070354828611,0.9721
lstm,2,265,0.8093538220273331,0.9981833333333333,1.7031128257513046,0.9734
lstm,2,266,1.0799904173472896,0.9975,1.829740590415895,0.9612
lstm,2,267,1.83026313316077,0.99555,1.582729539833963,0.9716
lstm,2,268,1.0421689650975168,0.9978666666666667,1.7479208959266543,0.9734
lstm,2,269,1.5707743091043085,0.99595,1.7604392608627677,0.9593
lstm,2,270,1.659922458406072,0.9961166666666667,1.6932114991359413,0.9713
lstm,2,271,0.8267884543165565,0.9982,1.4977017911151052,0.9728
lstm,2,272,0.59245063358685,0.9989833333333333,1.5959848607890308,0.9684
lstm,2,273,0.5978112326120026,0.9991166666666667,1.5952958075795323,0.9725
lstm,2,274,0.5907859206199646,0.9991333333333333,1.6579384815413505,0.968
lstm,2,275,0.6270025027333759,0.9987666666666667,1.5978336739353836,0.9714
lstm,2,276,0.5650032649282366,0.9990333333333333,1.666633226443082,0.9702
lstm,2,277,0.6927636356267612,0.9986,1.5695459183771163,0.9721
lstm,2,278,1.2230752293253317,0.9971833333333333,1.9211217379197478,0.9671
lstm,2,279,1.627809542347677,0.9955333333333334,1.5720499260351062,0.9692
lstm,2,280,1.1836290495702997,0.9971833333333333,1.6795927481725812,0.9732
lstm,2,281,1.2877714891219512,0.9969666666666667,1.6315138898789883,0.9723
lstm,2,282,0.9274318983079866,0.9978166666666667,1.5748532596044242,0.9707
lstm,2,283,0.80343649815768,0.9984333333333333,1.5714985454687849,0.9721
lstm,2,284,0.5862130537861958,0.9990333333333333,1.8455246100202203,0.9687
lstm,2,285,0.8277720130281523,0.9981333333333333,1.6752472333610058,0.9721
lstm,2,286,1.3730512871406972,0.99675,1.9051583311520517,0.9658
lstm,2,287,1.3360322158550844,0.9966666666666667,1.7273643715307117,0.9687
lstm,2,288,0.725252753472887,0.9986333333333334,1.6651202077046037,0.9682
lstm,2,289,0.6461298555950634,0.9988666666666667,1.652312300633639,0.9693
lstm,2,290,0.48514700029045343,0.9993,1.596536675002426,0.9705
lstm,2,291,0.45766719669336453,0.9993,1.6538190483115613,0.9714
lstm,2,292,0.4644567416398786,0.9993333333333333,1.6110433991998434,0.9722
lstm,2,293,1.4879265616764314,0.9966333333333334,1.7811402324587107,0.9717
lstm,2,294,1.8705230409977958,0.9951666666666666,1.7679616138339043,0.9706
lstm,2,295,1.6084178858436644,0.9958333333333333,1.6243394133634865,0.9713
lstm,2,296,1.4951173717854545,0.9962,1.697662896476686,0.9706
lstm,2,297,0.8503484181128442,0.9981,1.76832234300673,0.9701
lstm,2,298,0.6403363515564706,0.99865,1.8378654615953565,0.9658
lstm,2,299,0.5605650211800821,0.9989166666666667,1.6462183622643352,0.9681
lstm,2,300,0.541302094119601,0.9990333333333333,1.7284245111513883,0.97
lstm,3,1,248.8048610687256,0.2694166666666667,34.6855354309082,0.4386
lstm,3,2,171.39938044548035,0.5882833333333334,24.695939779281616,0.5434
lstm,3,3,128.9426844716072,0.6977666666666666,19.218623340129852,0.675
lstm,3,4,101.38484197854996,0.77565,15.123795986175537,0.7661
lstm,3,5,80.49721908569336,0.83545,12.037636518478394,0.8256
lstm,3,6,65.70235112309456,0.87005,9.790751338005066,0.8541
lstm,3,7,54.230497628450394,0.89515,8.175416499376297,0.8812
lstm,3,8,45.502513974905014,0.9133833333333333,6.862956628203392,0.8837
lstm,3,9,38.57173630595207,0.9241,5.947609111666679,0.908
lstm,3,10,33.950529381632805,0.9326666666666666,5.513914868235588,0.8997
lstm,3,11,29.779209166765213,0.93995,5.024200990796089,0.9183
lstm,3,12,27.924254909157753,0.9418833333333333,4.468927770853043,0.9079
lstm,3,13,25.25686837732792,0.94795,4.3396309316158295,0.9181
lstm,3,14,23.519472613930702,0.9507333333333333,3.954397276043892,0.9269
lstm,3,15,21.62997440993786,0.9553666666666667,3.6514706313610077,0.9365
lstm,3,16,20.717055812478065,0.9554666666666667,3.526488982141018,0.9295
lstm,3,17,19.799759075045586,0.9577166666666667,3.4433520510792732,0.9429
lstm,3,18,18.439574286341667,0.96045,3.2738967835903168,0.9434
lstm,3,19,18.295128017663956,0.9605333333333334,3.2314597368240356,0.9275
lstm,3,20,17.702883705496788,0.9612333333333334,3.2160585299134254,0.9402
lstm,3,21,16.358702480793,0.96475,3.0730979070067406,0.9493
lstm,3,22,15.77989049255848,0.9655833333333333,3.0070268251001835,0.946
lstm,3,23,15.424301713705063,0.9667,2.859500177204609,0.9525
lstm,3,24,14.929485827684402,0.9670666666666666,2.784631285816431,0.9462
lstm,3,25,14.619657199829817,0.9674,2.867544736713171,0.9541
lstm,3,26,13.733567744493484,0.9697666666666667,2.5909895934164524,0.955
lstm,3,27,13.750850474461913,0.9693166666666667,2.615478441119194,0.9532
lstm,3,28,13.515904366970062,0.9702,2.7510406896471977,0.9464
lstm,3,29,12.749952647835016,0.9717333333333333,2.4183802120387554,0.957
lstm,3,30,12.682409726083279,0.9710833333333333,2.36985632032156,0.9579
lstm,3,31,12.361243028193712,0.9725333333333334,2.3426814526319504,0.9526
lstm,3,32,11.96248671039939,0.9732,2.420938005670905,0.9525
lstm,3,33,11.704167950898409,0.9740833333333333,2.239756051450968,0.9554
lstm,3,34,11.444379655644298,0.9739666666666666,2.2855737451463938,0.955
lstm,3,35,11.422260038554668,0.9744,2.186690829694271,0.9545
lstm,3,36,10.920565571635962,0.97495,2.7037798166275024,0.9375
lstm,3,37,10.606793936342001,0.9757333333333333,2.1895261481404305,0.9526
lstm,3,38,10.344922885298729,0.976,2.1744317077100277,0.9517
lstm,3,39,10.375411380082369,0.97625,2.259801523759961,0.9427
lstm,3,40,10.082216043025255,0.9766833333333333,1.9817448388785124,0.9609
lstm,3,41,10.005026489496231,0.97735,1.9855026099830866,0.9635
lstm,3,42,9.718269472941756,0.9778833333333333,1.966548666357994,0.9606
lstm,3,43,9.610879879444838,0.9779166666666667,2.347321256995201,0.9526
lstm,3,44,9.515286846086383,0.97805,1.9938605949282646,0.9606
lstm,3,45,9.3229775801301,0.9783333333333334,1.8996241800487041,0.9645
lstm,3,46,8.91008715890348,0.9797333333333333,1.9606149196624756,0.9647
lstm,3,47,9.159538477659225,0.9788166666666667,1.9996576625853777,0.9539
lstm,3,48,8.98439871147275,0.9792,1.7834093309938908,0.964
lstm,3,49,8.383037390187383,0.9803333333333333,1.7879582904279232,0.9653
lstm,3,50,8.327681809663773,0.9807333333333333,1.8325875848531723,0.958
lstm,3,51,8.33353672362864,0.9803333333333333,1.7324503595009446,0.9618
lstm,3,52,8.167058316990733,0.98075,1.746075002476573,0.9646
lstm,3,53,7.945356421172619,0.9821333333333333,1.7912923879921436,0.9631
lstm,3,54,7.7533036563545465,0.9814,1.9026902932673693,0.964
lstm,3,55,8.059432402253151,0.98095,1.7763548707589507,0.9651
lstm,3,56,8.086194574832916,0.9815,1.8791655581444502,0.9635
lstm,3,57,7.595832694321871,0.9821166666666666,2.020249326713383,0.9621
lstm,3,58,7.448792070150375,0.98245,1.6220865435898304,0.9674
lstm,3,59,7.19439984112978,0.9836333333333334,1.7049686070531607,0.9639
lstm,3,60,7.343012273311615,0.983,1.714524183422327,0.9617
lstm,3,61,7.043701104819775,0.9835166666666667,1.6066050035879016,0.9664
lstm,3,62,6.868484114296734,0.9838833333333333,1.712590686045587,0.9643
lstm,3,63,6.679520796984434,0.9842833333333333,1.586322458460927,0.9659
lstm,3,64,6.5736030749976635,0.9846166666666667,1.669231390580535,0.9589
lstm,3,65,6.989597814157605,0.9836833333333334,1.6424750071018934,0.964
lstm,3,66,6.988801594823599,0.9835333333333334,1.6992259435355663,0.9631
lstm,3,67,6.744495812803507,0.9836,1.568725984543562,0.964
lstm,3,68,6.673901503905654,0.984,1.5863113347440958,0.965
lstm,3,69,6.1838219771161675,0.9849,1.5478124879300594,0.9643
lstm,3,70,6.207981199026108,0.9851666666666666,1.5536120105534792,0.9705
lstm,3,71,6.062745172530413,0.9854833333333334,1.5064962385222316,0.9639
lstm,3,72,6.319856312125921,0.9846666666666667,1.5477269319817424,0.9626
lstm,3,73,5.930161589756608,0.9858166666666667,1.5318562760949135,0.9631
lstm,3,74,5.874754732474685,0.9856833333333334,1.602237875573337,0.9624
lstm,3,75,5.983796181157231,0.9857,1.7263878742232919,0.9682
lstm,3,76,5.595012420788407,0.9863833333333333,1.536717712879181,0.9738
lstm,3,77,5.597417022101581,0.9865,1.514952801167965,0.965
lstm,3,78,5.510742276906967,0.9865833333333334,1.5441287131980062,0.962
lstm,3,79,5.491670615971088,0.9871166666666666,1.5617441162467003,0.9629
lstm,3,80,5.2875716127455235,0.9875,1.5240723574534059,0.9669
lstm,3,81,5.6481998488307,0.9864166666666667,1.5381394578143954,0.961
lstm,3,82,5.3789721839129925,0.9871333333333333,1.6057400899007916,0.9595
lstm,3,83,5.235399771481752,0.9874166666666667,1.5888303108513355,0.9554
lstm,3,84,4.981531749479473,0.98825,1.4580083843320608,0.967
lstm,3,85,5.604237405583262,0.98595,1.4502041023224592,0.9671
lstm,3,86,4.98262077011168,0.98765,1.524562330916524,0.963
lstm,3,87,5.424812790006399,0.98665,1.47163091506809,0.9611
lstm,3,88,5.13933015614748,0.9878666666666667,1.5655549680814147,0.9688
lstm,3,89,4.959100684151053,0.98775,1.7340785870328546,0.9573
lstm,3,90,4.923196357674897,0.9881,1.4432566361501813,0.9703
lstm,3,91,4.737407507374883,0.9886666666666667,1.4167140596546233,0.9647
lstm,3,92,4.674630290828645,0.9890166666666667,1.4841062193736434,0.9668
lstm,3,93,5.0208490928635,0.9879833333333333,1.4972362350672483,0.9584
lstm,3,94,4.811239758506417,0.9881333333333333,1.4686743775382638,0.9625
lstm,3,95,4.797042879275978,0.9882166666666666,1.4215516205877066,0.9677
lstm,3,96,4.568301606923342,0.9890833333333333,1.3296152111142874,0.9705
lstm,3,97,4.632710595615208,0.9885333333333334,1.3829098572023213,0.9691
lstm,3,98,4.61643563490361,0.9890166666666667,1.375284485053271,0.9665
lstm,3,99,4.432167359627783,0.9891333333333333,1.4895904390141368,0.9626
lstm,3,100,4.1544632613658905,0.99025,1.3954809233546257,0.9684
lstm,3,101,4.32936029182747,0.9895166666666667,1.587207659613341,0.9598
lstm,3,102,4.464125843718648,0.9888666666666667,1.3223400618880987,0.9719
lstm,3,103,4.235298258252442,0.9897,1.7690167985856533,0.9513
lstm,3,104,4.244489384815097,0.98945,1.3074773116968572,0.9716
lstm,3,105,4.198938888497651,0.98995,1.3655873257666826,0.976
lstm,3,106,4.090549671091139,0.99,1.2747762128710747,0.9697
lstm,3,107,4.310965918004513,0.9897,1.3127211229875684,0.9657
lstm,3,108,3.945135968737304,0.99065,1.2980745267122984,0.9724
lstm,3,109,3.9266502782702446,0.9907166666666667,1.3961524236947298,0.9685
lstm,3,110,3.9572734916582704,0.9903333333333333,1.2969251992180943,0.9716
lstm,3,111,3.993800981901586,0.9905833333333334,1.3796451869420707,0.9667
lstm,3,112,4.152238695882261,0.9897333333333334,1.3635969422757626,0.9665
lstm,3,113,3.9066214305348694,0.9905166666666667,1.4005235312506557,0.9687
lstm,3,114,3.8995044995099306,0.9906666666666667,1.308392814360559,0.9692
lstm,3,115,3.8124988032504916,0.9909333333333333,1.3872338123619556,0.9706
lstm,3,116,3.8288584388792515,0.9907166666666667,1.2735818666405976,0.965
lstm,3,117,3.710138970054686,0.9909166666666667,1.3052491387352347,0.975
lstm,3,118,3.560730724129826,0.9911833333333333,1.3597125029191375,0.9676
lstm,3,119,3.4922109777107835,0.9914833333333334,1.3742936733178794,0.9708
lstm,3,120,3.418865470215678,0.9921833333333333,1.322685413993895,0.9741
lstm,3,121,3.7324099228717387,0.9909833333333333,1.39129938185215,0.9717
lstm,3,122,3.65203986922279,0.991,1.440911297686398,0.9762
lstm,3,123,3.3255955232307315,0.99215,1.4064128398895264,0.9694
lstm,3,124,3.2491820477880538,0.99205,1.39725446049124,0.9661
lstm,3,125,3.439800562337041,0.9917833333333334,1.2528083277866244,0.9736
lstm,3,126,3.2615415696054697,0.9921,1.4396801218390465,0.9659
lstm,3,127,3.2486661141738296,0.99245,1.4683624217286706,0.9671
lstm,3,128,3.1538656130433083,0.99235,1.2700945413671434,0.972
lstm,3,129,3.762840858194977,0.9904333333333334,1.5861404077149928,0.9714
lstm,3,130,3.4486989630386233,0.9912333333333333,1.8115442618727684,0.9543
lstm,3,131,3.7209238526411355,0.99075,1.2704987293109298,0.9722
lstm,3,132,3.23947696457617,0.9917166666666667,1.2670696573331952,0.9753
lstm,3,133,3.1700165125075728,0.9924666666666667,1.4457246800884604,0.9659
lstm,3,134,3.2990947999060154,0.9920666666666667,1.3765385039150715,0.9708
lstm,3,135,2.99737336486578,0.9927666666666667,1.406060686800629,0.9724
lstm,3,136,2.9320634128525853,0.9930333333333333,1.362344534136355,0.9721
lstm,3,137,2.782002524007112,0.9934333333333333,1.4625626532360911,0.9639
lstm,3,138,3.1578501826152205,0.992,1.5519084981642663,0.9659
lstm,3,139,3.054699675180018,0.9927166666666667,1.324616827070713,0.9696
lstm,3,140,2.9444644008763134,0.9931333333333333,1.3914480255916715,0.9728
lstm,3,141,3.2858449583873153,0.99175,1.5246866950765252,0.9691
lstm,3,142,2.768172230455093,0.9933,1.483307192567736,0.9701
lstm,3,143,2.846215460682288,0.9930833333333333,1.3364959149621427,0.9705
lstm,3,144,2.7267023231834173,0.9933,1.3566954610869288,0.9716
lstm,3,145,2.708685972727835,0.9936166666666667,1.4439994185231626,0.9716
lstm,3,146,2.7088184342719615,0.9936,1.4189660497941077,0.9706
lstm,3,147,2.6126387352123857,0.9939666666666667,1.4546769147273153,0.9751
lstm,3,148,3.160518859513104,0.9921166666666666,1.4307270804420114,0.9694
lstm,3,149,3.025630785152316,0.9926166666666667,1.4572429824620485,0.9666
lstm,3,150,2.643693830817938,0.9935,1.52504547778517,0.9746
lstm,3,151,2.6832393617369235,0.99325,1.4683540714904666,0.9693
lstm,3,152,2.565493366215378,0.9939166666666667,1.3396704578772187,0.9685
lstm,3,153,2.983973934315145,0.9921333333333333,1.5488477633334696,0.968
lstm,3,154,2.684888254851103,0.9934833333333334,1.4133403720334172,0.9693
lstm,3,155,2.550098908599466,0.9939833333333333,1.4381198906339705,0.9672
lstm,3,156,2.4807051746174693,0.9937833333333334,1.469642587006092,0.971
lstm,3,157,2.490610487293452,0.9941,1.4587342333979905,0.9678
lstm,3,158,2.5648743133060634,0.9936666666666667,1.7130207009613514,0.9661
lstm,3,159,2.619640978053212,0.9933166666666666,1.45891358749941,0.9718
lstm,3,160,2.5960476745385677,0.9933833333333333,1.4693049555644393,0.9698
lstm,3,161,2.5970559457782656,0.9935,1.5673312423750758,0.9666
lstm,3,162,2.438842860981822,0.9941,1.5092304120771587,0.9668
lstm,3,163,2.5380046372301877,0.9938833333333333,1.575069515267387,0.9719
lstm,3,164,2.3180046912748367,0.99475,1.4428261388093233,0.967
lstm,3,165,2.55339067382738,0.9936333333333334,1.5115415528416634,0.9692
lstm,3,166,2.905435344669968,0.9927166666666667,1.8590984363108873,0.9613
lstm,3,167,2.5836403938010335,0.9935166666666667,1.4915634780190885,0.9744
lstm,3,168,2.5019382634200156,0.9937666666666667,1.5297086341306567,0.9728
lstm,3,169,2.2171739699551836,0.9946666666666667,1.4348791190423071,0.9714
lstm,3,170,2.1778597845695913,0.9947666666666667,1.4541636961512268,0.9725
lstm,3,171,2.351706000044942,0.9944333333333333,1.4924947181716561,0.9693
lstm,3,172,2.3362270607613027,0.9944333333333333,1.3866248421836644,0.9718
lstm,3,173,2.123530814424157,0.9950166666666667,1.4142011813819408,0.9715
lstm,3,174,1.970968205947429,0.9951833333333333,1.6115852380171418,0.9714
lstm,3,175,1.9357224008999765,0.9956166666666667,1.5832847147248685,0.9699
lstm,3,176,2.160068562021479,0.9945666666666667,1.6150886435061693,0.9617
lstm,3,177,2.494103939505294,0.9934666666666667,1.5351416133344173,0.9724
lstm,3,178,2.0272428207099438,0.9951,1.4030595901422203,0.969
lstm,3,179,1.8619970045983791,0.9956833333333334,1.4729157956317067,0.9721
lstm,3,180,1.7508867607684806,0.9962666666666666,1.5588883042801172,0.9694
lstm,3,181,2.3732337579131126,0.9937666666666667,1.6712931143119931,0.9733
lstm,3,182,2.165427615167573,0.9947333333333334,1.4624035973101854,0.9737
lstm,3,183,1.931372092338279,0.9954333333333333,1.507798955310136,0.9688
lstm,3,184,1.934100836282596,0.9953,1.5748405791819096,0.9684
lstm,3,185,2.0157256149686873,0.9950333333333333,1.5614619741681963,0.9687
lstm,3,186,1.8684280354063958,0.9958166666666667,1.6753408201038837,0.9674
lstm,3,187,2.1210796129889786,0.9948333333333333,1.488066732417792,0.9701
lstm,3,188,1.885424540610984,0.9955333333333334,1.6086875246837735,0.9717
lstm,3,189,2.567477772012353,0.9936833333333334,1.6057706773281097,0.9697
lstm,3,190,2.5263826593291014,0.9936,1.527446181513369,0.9733
lstm,3,191,1.8903414383530617,0.9955833333333334,1.531647128984332,0.9659
lstm,3,192,2.040266586234793,0.9949333333333333,1.496307343710214,0.9703
lstm,3,193,1.8376989501994103,0.99555,1.5361546431668103,0.9726
lstm,3,194,2.046191841829568,0.99475,1.5528901340439916,0.9727
lstm,3,195,1.7411997618619353,0.99595,1.5286901192739606,0.9715
lstm,3,196,2.2973599426914006,0.9944,1.5575681058689952,0.9708
lstm,3,197,1.714782543713227,0.9960166666666667,1.5527255702763796,0.9717
lstm,3,198,1.7413066737353802,0.9958333333333333,1.6305561168119311,0.9687
lstm,3,199,1.4831950779771432,0.9967166666666667,1.57567501347512,0.9712
lstm,3,200,1.7789756522979587,0.9957833333333334,1.5740963951684535,0.974
lstm,3,201,1.7327315350994468,0.99595,1.7071858425624669,0.9675
lstm,3,202,1.7273777781520039,0.996,1.698858079034835,0.9712
lstm,3,203,1.4512691902928054,0.9967666666666667,1.5010695103555918,0.9711
lstm,3,204,1.9965420766966417,0.9949333333333333,1.7133286464959383,0.9669
lstm,3,205,1.7469972253311425,0.9960333333333333,1.5752946990542114,0.9716
lstm,3,206,1.639454921009019,0.9961833333333333,1.5708881272003055,0.9697
lstm,3,207,1.6044265162199736,0.9962333333333333,1.6919945566914976,0.9662
lstm,3,208,1.8093834700994194,0.99545,1.729604747146368,0.9727
lstm,3,209,1.6938831806182861,0.9958833333333333,1.616954704746604,0.9708
lstm,3,210,1.505768209695816,0.9967166666666667,1.6038079280406237,0.9708
lstm,3,211,1.6267175080720335,0.9960333333333333,1.6687871161848307,0.97
lstm,3,212,1.594262077473104,0.99635,1.662571119144559,0.9647
lstm,3,213,2.0541883036494255,0.99465,1.6540426015853882,0.9689
lstm,3,214,1.5302580771967769,0.9964,1.6583767076954246,0.9667
lstm,3,215,1.8348648545797914,0.9957,1.7464726599864662,0.968
lstm,3,216,1.481670600362122,0.9965833333333334,1.6582268327474594,0.9678
lstm,3,217,1.5809840154834092,0.9963166666666666,1.7113425508141518,0.974
lstm,3,218,1.5708897020667791,0.9964666666666666,1.6753138452768326,0.9711
lstm,3,219,1.6203523584408686,0.9960166666666667,2.090119630098343,0.9615
lstm,3,220,1.5998259334592149,0.9960333333333333,1.8486941754817963,0.9663
lstm,3,221,2.1174609144218266,0.99495,1.681545164436102,0.9699
lstm,3,222,1.709782624617219,0.9961166666666667,1.759527275338769,0.9683
lstm,3,223,1.4421857262495905,0.9968333333333333,1.72363406047225,0.9719
lstm,3,224,1.249654162209481,0.9974666666666666,1.6328400634229183,0.9718
lstm,3,225,1.1791959388647228,0.9976666666666667,1.6893138978630304,0.9709
lstm,3,226,1.9813735482748598,0.9951666666666666,1.685727703385055,0.9677
lstm,3,227,1.3482127834577113,0.99705,1.7685538977384567,0.971
lstm,3,228,1.8337760631693527,0.9956,1.666153259575367,0.9728
lstm,3,229,1.2882537175901234,0.9972,1.6397007647901773,0.9703
lstm,3,230,1.1420268963556737,0.9977666666666667,1.7403531717136502,0.9705
lstm,3,231,2.065729599678889,0.99525,1.8217591997236013,0.9684
lstm,3,232,1.2765703103505075,0.9971333333333333,1.7646184135228395,0.9732
lstm,3,233,1.2228838009759784,0.9974666666666666,1.705495085567236,0.9724
lstm,3,234,1.3359509381698444,0.9971333333333333,1.793816407211125,0.9715
lstm,3,235,1.245261046802625,0.99725,1.7832511067390442,0.9687
lstm,3,236,1.2480192501097918,0.9971166666666667,1.8189413323998451,0.9715
lstm,3,237,1.2258985292864963,0.9974666666666666,1.7844817023724318,0.9724
lstm,3,238,2.3333282467210665,0.9940833333333333,1.7638970203697681,0.9662
lstm,3,239,1.9901875756913796,0.9949333333333333,2.006276546046138,0.9661
lstm,3,240,1.2652180014410987,0.9973333333333333,1.7835584981366992,0.9694
lstm,3,241,1.2120558918686584,0.9976166666666667,1.7375511545687914,0.9709
lstm,3,242,1.2272640804294497,0.9975333333333334,1.759178419597447,0.9716
lstm,3,243,1.4890995597233996,0.99645,1.783964890986681,0.9704
lstm,3,244,1.2417976733995602,0.9973666666666666,1.7785428911447525,0.9731
lstm,3,245,1.1043501675594598,0.9979,1.8085020948201418,0.9727
lstm,3,246,2.2381159872747958,0.99445,1.7986738183535635,0.9694
lstm,3,247,1.7440350765245967,0.9959,1.7835067249834538,0.9713
lstm,3,248,1.3227581979008391,0.9970166666666667,1.8197308694943786,0.9663
lstm,3,249,1.048450006870553,0.9979666666666667,1.8290626360103488,0.9693
lstm,3,250,1.1035333772888407,0.9977166666666667,1.7889833748340607,0.9684
lstm,3,251,1.1108209971571341,0.9978166666666667,1.9047120567411184,0.9708
lstm,3,252,1.0122482837177813,0.9981833333333333,1.7734594503417611,0.9702
lstm,3,253,0.9074066399480216,0.99845,1.8118254905566573,0.9711
lstm,3,254,1.0863763559609652,0.99775,1.9977637454867363,0.9727
lstm,3,255,1.9084914550185204,0.9951,1.8108574440702796,0.9708
lstm,3,256,1.2239238338079304,0.9974333333333333,2.012094635516405,0.9685
lstm,3,257,1.5104316512588412,0.99655,1.7918275278061628,0.9709
lstm,3,258,1.226650504861027,0.9972,1.8265687618404627,0.9712
lstm,3,259,1.003485488705337,0.9980833333333333,1.9305192306637764,0.9726
lstm,3,260,1.0299021542305127,0.9979166666666667,1.935903855599463,0.9696
lstm,3,261,1.2624227318447083,0.99735,2.166983775794506,0.9621
lstm,3,262,1.4420809943694621,0.9967166666666667,1.8881902862340212,0.972
lstm,3,263,1.1144832633435726,0.9976333333333334,1.8803030252456665,0.9711
lstm,3,264,1.5404276764020324,0.99625,1.9086401592940092,0.9673
lstm,3,265,1.8344784381333739,0.9954,1.783446080982685,0.9735
lstm,3,266,1.2392827164148912,0.9971333333333333,1.9047585185617208,0.9728
lstm,3,267,1.3415085527813062,0.99695,1.8576404992491007,0.9747
lstm,3,268,1.0708351921639405,0.9977,1.9035319220274687,0.9689
lstm,3,269,0.881764208257664,0.99825,1.8866123985499144,0.9726
lstm,3,270,1.1381094462703913,0.9975333333333334,1.9487480837851763,0.9715
lstm,3,271,1.0369710584636778,0.9977833333333334,2.04448654782027,0.971
lstm,3,272,1.3928778183180839,0.99665,1.9049223838374019,0.9709
lstm,3,273,1.138034957810305,0.9976166666666667,1.9501305874437094,0.9731
lstm,3,274,0.9725273392396048,0.9981,1.8912183362990618,0.9701
lstm,3,275,0.9862488114158623,0.9979833333333333,1.9697257913649082,0.9705
lstm,3,276,1.0760796394315548,0.9974833333333334,1.9340673750266433,0.9733
lstm,3,277,1.4448507837951183,0.9966,2.0761120095849037,0.9663
lstm,3,278,1.005143143585883,0.99785,1.825721638277173,0.9716
lstm,3,279,0.9502534097991884,0.9980666666666667,2.0673799999058247,0.9726
lstm,3,280,1.907827286166139,0.9949833333333333,1.9542532968334854,0.9661
lstm,3,281,1.2354268712806515,0.9971666666666666,1.9611662048846483,0.9715
lstm,3,282,1.1009795364225283,0.9975333333333334,1.921014055609703,0.9726
lstm,3,283,1.060952463070862,0.9975,1.8682793658226728,0.9688
lstm,3,284,0.7572519539971836,0.99855,2.0376890329644084,0.9746
lstm,3,285,1.736997907370096,0.9957166666666667,1.9176762662827969,0.9729
lstm,3,286,1.726101259002462,0.9957333333333334,1.980915231630206,0.9706
lstm,3,287,1.6339367730543017,0.9957666666666667,1.8779610637575388,0.9684
lstm,3,288,1.0918347279075533,0.9974333333333333,1.9046981204301119,0.9698
lstm,3,289,0.8196427786606364,0.9984166666666666,1.9798898492008448,0.9708
lstm,3,290,0.7473202326218598,0.9986166666666667,1.8369108848273754,0.97
lstm,3,291,0.7988222590647638,0.99845,1.9620232852175832,0.9709
lstm,3,292,0.6769860094645992,0.9986333333333334,2.028134247288108,0.9692
lstm,3,293,0.971577555523254,0.99805,1.907420590519905,0.974
lstm,3,294,1.2144129895605147,0.9968666666666667,2.004448803141713,0.9693
lstm,3,295,1.168664732715115,0.9974666666666666,1.8303015790879726,0.9665
lstm,3,296,1.3481526378309354,0.9967,2.0350275840610266,0.9704
lstm,3,297,0.8685986608034,0.99825,2.0032029282301664,0.9743
lstm,3,298,1.3096954165957868,0.9969666666666667,1.9108983892947435,0.9701
lstm,3,299,1.5866174943512306,0.9960333333333333,1.9786600172519684,0.9698
lstm,3,300,1.3204907901817933,0.9964833333333334,1.9905783124268055,0.9694
lstm,4,1,251.71462953090668,0.29488333333333333,34.68839371204376,0.4557
lstm,4,2,158.822247505188,0.6844333333333333,20.806564152240753,0.6701
lstm,4,3,103.39288586378098,0.8033666666666667,14.45198929309845,0.8034
lstm,4,4,74.7856964468956,0.8582333333333333,11.12962132692337,0.8426
lstm,4,5,58.221150517463684,0.8863833333333333,8.817898482084274,0.8734
lstm,4,6,48.88762471079826,0.9011333333333333,7.63175305724144,0.8888
lstm,4,7,42.00006893277168,0.9123,6.814170107245445,0.8787
lstm,4,8,37.568394780159,0.9203166666666667,5.942949950695038,0.8839
lstm,4,9,33.77706368267536,0.9274166666666667,5.556004837155342,0.8994
lstm,4,10,31.296906381845474,0.9322166666666667,5.141440346837044,0.9158
lstm,4,11,28.840161845088005,0.9369166666666666,4.961930334568024,0.9303
lstm,4,12,27.067518547177315,0.9399666666666666,4.497369356453419,0.9222
lstm,4,13,25.497734248638153,0.9434,4.283410668373108,0.9258
lstm,4,14,23.682160198688507,0.94685,3.8997645005583763,0.9236
lstm,4,15,22.713591024279594,0.9491333333333334,4.0552763640880585,0.9045
lstm,4,16,21.790739864110947,0.95155,3.7471173629164696,0.9315
lstm,4,17,20.14783611893654,0.95475,3.644103839993477,0.9409
lstm,4,18,19.656174406409264,0.9561333333333333,3.6349049508571625,0.9328
lstm,4,19,18.755990646779537,0.9571833333333334,3.277783118188381,0.9341
lstm,4,20,18.13926673680544,0.9583666666666667,3.3837718069553375,0.9319
lstm,4,21,17.311342552304268,0.9602333333333334,3.1137888431549072,0.9329
lstm,4,22,16.413912266492844,0.96315,3.0603826828300953,0.9495
lstm,4,23,16.011583626270294,0.9636833333333333,3.063418373465538,0.9462
lstm,4,24,15.508088022470474,0.9644833333333334,3.0097699612379074,0.9328
lstm,4,25,14.976459823548794,0.9656166666666667,2.8625589795410633,0.9444
lstm,4,26,14.58645611256361,0.9663666666666667,2.9835978001356125,0.9448
lstm,4,27,14.512421138584614,0.9660166666666666,2.716472540050745,0.9507
lstm,4,28,13.849746204912663,0.9673166666666667,2.649581890553236,0.9448
lstm,4,29,13.780046384781599,0.9680833333333333,2.7003397457301617,0.9557
lstm,4,30,12.92506293207407,0.9705333333333334,2.552009180188179,0.9551
lstm,4,31,12.507004734128714,0.9705333333333334,2.7007349245250225,0.9526
lstm,4,32,12.240098670125008,0.97105,2.5893966145813465,0.9576
lstm,4,33,12.404043838381767,0.9709833333333333,2.747387643903494,0.9393
lstm,4,34,11.8921775855124,0.9720333333333333,2.432556614279747,0.9496
lstm,4,35,11.901749979704618,0.9721166666666666,2.508517447859049,0.956
lstm,4,36,11.74205955862999,0.9722,2.435070723295212,0.9573
lstm,4,37,11.303577400743961,0.9732833333333333,2.3008254133164883,0.9548
lstm,4,38,10.781005334109068,0.9749166666666667,2.2586190812289715,0.9595
lstm,4,39,10.52570129930973,0.97545,2.491959735751152,0.9557
lstm,4,40,10.533077221363783,0.9754166666666667,2.196612998843193,0.9597
lstm,4,41,10.169171188026667,0.9763,2.365448445081711,0.9471
lstm,4,42,10.009585205465555,0.9763833333333334,2.2301739417016506,0.9549
lstm,4,43,9.79390523955226,0.9763666666666667,2.1826338842511177,0.9522
lstm,4,44,10.090461749583483,0.9756166666666667,2.2639157827943563,0.9558
lstm,4,45,9.657100945711136,0.9769833333333333,2.133791470900178,0.9611
lstm,4,46,9.200576815754175,0.97795,2.1596847977489233,0.9626
lstm,4,47,9.285261342301965,0.9775,2.1206238958984613,0.9617
lstm,4,48,8.997488509863615,0.9783833333333334,2.0692834220826626,0.9596
lstm,4,49,9.04766264744103,0.9783,1.9952526409178972,0.9573
lstm,4,50,8.79018009826541,0.9784166666666667,2.1003409512341022,0.9581
lstm,4,51,8.728071063756943,0.9791333333333333,2.17203076928854,0.9577
lstm,4,52,8.438494719564915,0.97925,2.0475074481219053,0.9625
lstm,4,53,8.405210334807634,0.9798666666666667,2.0366771649569273,0.9589
lstm,4,54,8.335357874631882,0.97945,2.1241388618946075,0.9542
lstm,4,55,8.265670124441385,0.9796166666666667,1.9179548099637032,0.9609
lstm,4,56,7.887837275862694,0.9806166666666667,1.905431529507041,0.964
lstm,4,57,8.161934098228812,0.9799,2.140477143228054,0.9531
lstm,4,58,8.08769336156547,0.9807666666666667,1.8324647825211287,0.9649
lstm,4,59,7.61311411857605,0.9815,1.8720019403845072,0.9628
lstm,4,60,7.615541443228722,0.9811666666666666,1.9314385894685984,0.9614
lstm,4,61,7.764865059405565,0.9809166666666667,1.8528483621776104,0.9628
lstm,4,62,7.291511485353112,0.98215,1.8686425685882568,0.9651
lstm,4,63,7.228999197483063,0.9820333333333333,1.8826529309153557,0.9663
lstm,4,64,7.37611254490912,0.9820166666666666,2.0000347308814526,0.9534
lstm,4,65,7.311588674783707,0.982,1.8411834873259068,0.9669
lstm,4,66,7.289270829409361,0.9821,1.8063987158238888,0.965
lstm,4,67,6.920442994683981,0.9832333333333333,1.8482574876397848,0.9642
lstm,4,68,7.250621953979135,0.98235,2.001844896003604,0.9579
lstm,4,69,6.67701062746346,0.9835833333333334,1.9091738127171993,0.9646
lstm,4,70,6.649162037298083,0.98355,1.8748690858483315,0.9669
lstm,4,71,6.643567714840174,0.9831333333333333,1.8533435389399529,0.9647
lstm,4,72,6.821385296061635,0.9833166666666666,1.8487577177584171,0.9699
lstm,4,73,6.485384436324239,0.9841333333333333,1.7615445060655475,0.9681
lstm,4,74,6.272957740351558,0.9842666666666666,1.7424883469939232,0.9697
lstm,4,75,6.3822487480938435,0.98395,1.771883014589548,0.9643
lstm,4,76,6.54160007275641,0.9844333333333334,1.7605934888124466,0.9657
lstm,4,77,6.052935928106308,0.9844666666666667,1.8071762528270483,0.9672
lstm,4,78,6.172387510538101,0.9844666666666667,1.7239391896873713,0.9704
lstm,4,79,6.131270173937082,0.98455,1.6966251349076629,0.9689
lstm,4,80,6.017663491889834,0.9849833333333333,1.7608383065089583,0.9684
lstm,4,81,6.020082531496882,0.9850666666666666,1.7729837289080024,0.9714
lstm,4,82,5.851218088530004,0.9856,1.6442443523555994,0.9709
lstm,4,83,5.831756416708231,0.9855,1.7963761053979397,0.963
lstm,4,84,5.877909265458584,0.98535,1.8563494868576527,0.9689
lstm,4,85,5.863886941224337,0.9852166666666666,1.6756461588665843,0.9695
lstm,4,86,5.603108083829284,0.98625,1.6785808261483908,0.9705
lstm,4,87,5.588314248248935,0.9862833333333333,1.7915777722373605,0.9652
lstm,4,88,5.446370165795088,0.98655,1.7233773386105895,0.9721
lstm,4,89,5.297313531860709,0.9869,1.7657799292355776,0.9705
lstm,4,90,5.219445761293173,0.9868833333333333,1.7954775709658861,0.97
lstm,4,91,5.337099064141512,0.9861833333333333,1.6700930744409561,0.9702
lstm,4,92,5.296199136413634,0.9874333333333334,1.846347858197987,0.9669
lstm,4,93,5.165068619884551,0.9875333333333334,1.7017086083069444,0.9696
lstm,4,94,5.304007774218917,0.9865,1.7321027033030987,0.9673
lstm,4,95,5.203521452844143,0.9872,1.6141451131552458,0.9712
lstm,4,96,4.950063074938953,0.9879333333333333,1.7808666061609983,0.9655
lstm,4,97,5.083842195570469,0.9871666666666666,1.7230633674189448,0.9694
lstm,4,98,5.021638968959451,0.98715,1.8088370822370052,0.9708
lstm,4,99,4.832849535159767,0.98825,1.6399705205112696,0.9705
lstm,4,100,4.649818919599056,0.9885666666666667,1.639382690191269,0.974
lstm,4,101,4.552005114965141,0.9891333333333333,1.684524429962039,0.9714
lstm,4,102,5.055232263635844,0.9874,1.6221801452338696,0.9747
lstm,4,103,4.647325533442199,0.9888833333333333,1.647698492743075,0.9714
lstm,4,104,4.833271808922291,0.9879333333333333,1.831904019229114,0.9684
lstm,4,105,4.608656429219991,0.9888166666666667,1.6695874081924558,0.9726
lstm,4,106,4.456922602839768,0.98915,1.7125611873343587,0.9723
lstm,4,107,4.789607122540474,0.9884333333333334,1.623308315873146,0.9699
lstm,4,108,4.971843101084232,0.98745,1.5740074515342712,0.9724
lstm,4,109,4.610952869057655,0.9885166666666667,1.606118943542242,0.973
lstm,4,110,4.649841229431331,0.9886666666666667,1.619853038340807,0.9703
lstm,4,111,4.342618990689516,0.9890333333333333,1.6680183308199048,0.974
lstm,4,112,4.144452901557088,0.9898666666666667,1.6179416039958596,0.9735
lstm,4,113,4.4096335880458355,0.9890833333333333,1.9131165435537696,0.9711
lstm,4,114,4.447266899049282,0.9887166666666667,1.5684852031990886,0.9741
lstm,4,115,4.036448882892728,0.9902333333333333,1.639932781457901,0.9703
lstm,4,116,4.171506536193192,0.9898166666666667,1.702930529601872,0.9726
lstm,4,117,4.553886361420155,0.9888666666666667,1.675957321189344,0.9705
lstm,4,118,4.255434492602944,0.98955,1.592620455659926,0.9728
lstm,4,119,3.924675451591611,0.99115,1.8720361990854144,0.9671
lstm,4,120,4.121498781256378,0.9900666666666667,1.6104785688221455,0.9709
lstm,4,121,4.059943603351712,0.99015,1.7233803533017635,0.9671
lstm,4,122,3.853838969953358,0.9905166666666667,1.6211784351617098,0.9707
lstm,4,123,3.7252023881301284,0.9908833333333333,1.843083281069994,0.9712
lstm,4,124,4.047045439481735,0.9900333333333333,1.6925640581175685,0.9692
lstm,4,125,4.484607856720686,0.9887333333333334,1.649729697033763,0.9736
lstm,4,126,3.675158180296421,0.9911666666666666,1.6698106033727527,0.9714
lstm,4,127,3.6252053109928966,0.9911333333333333,1.676039147656411,0.9743
lstm,4,128,4.214307330548763,0.9894333333333334,1.791097680106759,0.9705
lstm,4,129,3.779055039398372,0.99065,1.7021933658979833,0.9725
lstm,4,130,3.4382489444687963,0.9918833333333333,1.6074113687500358,0.9749
lstm,4,131,3.553507882170379,0.9912833333333333,1.634827553294599,0.974
lstm,4,132,3.426341335987672,0.9917666666666667,1.624757499434054,0.9744
lstm,4,133,3.583353799302131,0.9912833333333333,1.600011141039431,0.9746
lstm,4,134,3.691330956760794,0.9906,1.8229887019842863,0.9717
lstm,4,135,3.399059589020908,0.99195,1.7303612045943737,0.9728
lstm,4,136,3.538729600608349,0.99155,1.7593288337811828,0.9715
lstm,4,137,3.384420274756849,0.99185,1.6655720127746463,0.9746
lstm,4,138,3.4463977040722966,0.9919666666666667,1.6389766680076718,0.9737
lstm,4,139,3.5053257467225194,0.99155,1.7377130733802915,0.9748
lstm,4,140,3.485828193835914,0.99155,1.818582289852202,0.9722
lstm,4,141,3.6496079536154866,0.99115,1.7405290473252535,0.9723
lstm,4,142,3.437961891759187,0.9916666666666667,1.6617020941339433,0.9752
lstm,4,143,3.3573037246242166,0.99205,1.7653396190144122,0.9713
lstm,4,144,2.996603357605636,0.9931166666666666,1.6933874292299151,0.9734
lstm,4,145,3.44784575374797,0.99185,1.7218798343092203,0.9706
lstm,4,146,3.7371820118278265,0.9905666666666667,1.8474388848990202,0.9679
lstm,4,147,2.974773123860359,0.99305,1.789601655676961,0.9732
lstm,4,148,2.81192238163203,0.9932333333333333,1.8209259128198028,0.971
lstm,4,149,2.9709881017915905,0.9930333333333333,1.759942357428372,0.9717
lstm,4,150,3.0664778454229236,0.9927833333333334,1.6813344676047564,0.9739
lstm,4,151,2.8719158773310483,0.9934333333333333,1.7034601191990077,0.9744
lstm,4,152,3.231025192886591,0.9920333333333333,1.6924198758788407,0.9753
lstm,4,153,3.0922089405357838,0.9923333333333333,1.7210189439356327,0.9733
lstm,4,154,2.6378866932354867,0.9941833333333333,1.7025364693254232,0.9742
lstm,4,155,3.2992370799183846,0.99165,1.7679626811295748,0.973
lstm,4,156,2.770213959738612,0.9935166666666667,1.7476964676752687,0.9757
lstm,4,157,3.238207671791315,0.99195,1.9933650917373598,0.9705
lstm,4,158,3.5261300089769065,0.9909833333333333,1.602432845160365,0.9737
lstm,4,159,2.7802158310078084,0.99365,1.6086087618023157,0.9741
lstm,4,160,2.8584980003070086,0.9928166666666667,1.7607691986486316,0.9726
lstm,4,161,2.592903997283429,0.9939666666666667,1.7192809525877237,0.9726
lstm,4,162,2.846392852254212,0.9933833333333333,1.8976328959688544,0.9722
lstm,4,163,3.226558909751475,0.9920666666666667,2.2258390886709094,0.9592
lstm,4,164,3.325747520662844,0.99185,1.8432481847703457,0.9719
lstm,4,165,2.6575817354023457,0.9936166666666667,1.6672015860676765,0.9744
lstm,4,166,2.60335930949077,0.9939666666666667,1.6706247106194496,0.9728
lstm,4,167,2.492474119178951,0.9941166666666666,1.7495587449520826,0.9695
lstm,4,168,2.682489197002724,0.9936,1.7245002910494804,0.9696
lstm,4,169,2.554179908707738,0.99425,1.8209709133952856,0.9721
lstm,4,170,2.7981179932830855,0.9927833333333334,1.8710231157019734,0.9703
lstm,4,171,2.680434597656131,0.9935166666666667,1.8468310805037618,0.9721
lstm,4,172,2.7697312026284635,0.9934833333333334,1.8319701589643955,0.9669
lstm,4,173,2.7596615510992706,0.9934166666666666,1.8571918606758118,0.9702
lstm,4,174,2.295892105437815,0.9944166666666666,1.786905312910676,0.973
lstm,4,175,2.334934243001044,0.9947333333333334,1.797021753154695,0.9733
lstm,4,176,2.2510071475990117,0.9950166666666667,1.9463088363409042,0.9688
lstm,4,177,2.6573970424942672,0.9935166666666667,1.8291736217215657,0.9737
lstm,4,178,2.238825679058209,0.9948666666666667,1.923532566986978,0.9694
lstm,4,179,2.6870191683992743,0.99345,1.7987629328854382,0.9697
lstm,4,180,2.5717959590256214,0.9935833333333334,2.0868458626791835,0.9658
lstm,4,181,2.486146484967321,0.9942333333333333,1.7474437719210982,0.9747
lstm,4,182,3.001712000928819,0.9924166666666666,1.706055035814643,0.9751
lstm,4,183,2.204696379019879,0.9946166666666667,1.7302556289359927,0.9751
lstm,4,184,2.536417942494154,0.9939833333333333,1.807851180434227,0.9719
lstm,4,185,2.3136588986963034,0.9944166666666666,1.7831197697669268,0.972
lstm,4,186,2.240167431998998,0.9947166666666667,1.9579556416720152,0.9666
lstm,4,187,2.312611245783046,0.99435,1.7885444052517414,0.9716
lstm,4,188,2.5223013595677912,0.9941833333333333,1.728403577581048,0.9738
lstm,4,189,2.1506256198044866,0.9949833333333333,1.9283513240516186,0.9695
lstm,4,190,2.3261370845139027,0.9945166666666667,1.8573741801083088,0.9705
lstm,4,191,2.1072239393834025,0.99475,1.7129803318530321,0.9744
lstm,4,192,2.0707347611896694,0.9949666666666667,1.8521876949816942,0.9744
lstm,4,193,2.4305163826793432,0.9939833333333333,1.8534126924350858,0.969
lstm,4,194,2.2703186662402004,0.99465,1.8938179155811667,0.9694
lstm,4,195,2.417234590742737,0.9942333333333333,2.006542932242155,0.9643
lstm,4,196,2.4460099602583796,0.9938333333333333,1.9048477783799171,0.9726
lstm,4,197,2.7519843466579914,0.9933166666666666,1.8364702900871634,0.9714
lstm,4,198,2.407759444322437,0.9940333333333333,2.013108255341649,0.9703
lstm,4,199,2.1307944688014686,0.9950833333333333,1.7767972499132156,0.9743
lstm,4,200,1.7777334982529283,0.9960333333333333,1.8392856186255813,0.9714
lstm,4,201,1.7205410462338477,0.9964,1.97620646096766,0.9698
lstm,4,202,1.8728737188503146,0.99565,1.8465667758136988,0.9733
lstm,4,203,2.109198975376785,0.99475,2.0085332356393337,0.9697
lstm,4,204,2.277321560308337,0.9942666666666666,1.7401032159104943,0.9729
lstm,4,205,2.2815276097971946,0.9945833333333334,1.8458465076982975,0.9733
lstm,4,206,2.6987137817777693,0.9929833333333333,1.9995535630732775,0.9645
lstm,4,207,2.5473315361887217,0.9935666666666667,1.9161571273580194,0.97
lstm,4,208,2.5517675625160336,0.9933333333333333,1.929669348988682,0.9713
lstm,4,209,2.1102273636497557,0.99515,1.7259754184633493,0.9753
lstm,4,210,1.5340211379807442,0.9969166666666667,1.7172433836385608,0.9741
lstm,4,211,1.6344703724607825,0.9965333333333334,1.8362294500693679,0.9727
lstm,4,212,1.9306682345923036,0.9957166666666667,1.8715749513357878,0.9719
lstm,4,213,2.040698163677007,0.9951333333333333,1.7387465359643102,0.9742
lstm,4,214,1.9688832269748673,0.9952,1.9111433909274638,0.9728
lstm,4,215,1.855594024527818,0.9957333333333334,1.992173914797604,0.9742
lstm,4,216,1.87893861962948,0.99565,1.9316444732248783,0.9716
lstm,4,217,1.7646340508945286,0.996,1.9728605709969997,0.9704
lstm,4,218,2.1155145103111863,0.9948666666666667,1.8031341433525085,0.9734
lstm,4,219,1.8473159598652273,0.9958666666666667,1.9125876035541296,0.9717
lstm,4,220,1.905012957751751,0.9957333333333334,1.9998329374939203,0.9698
lstm,4,221,1.9084217441268265,0.9956,1.9973033415153623,0.9709
lstm,4,222,1.4737887317314744,0.9969,1.809734832495451,0.9743
lstm,4,223,1.54065562505275,0.9968666666666667,1.9981630416586995,0.9749
lstm,4,224,1.6889242453034967,0.9963333333333333,2.162720251828432,0.969
lstm,4,225,2.438711726805195,0.9937333333333334,2.031308117788285,0.97
lstm,4,226,2.0256550206104293,0.9950833333333333,1.856427639722824,0.973
lstm,4,227,1.529275197768584,0.9968666666666667,1.953015150502324,0.9728
lstm,4,228,2.112841703230515,0.9948666666666667,1.9956088103353977,0.9728
lstm,4,229,2.8368033613078296,0.9928833333333333,2.0316070783883333,0.9703
lstm,4,230,2.369209575932473,0.9940333333333333,1.8946422068402171,0.9731
lstm,4,231,1.443520491477102,0.9969,1.9234004588797688,0.9724
lstm,4,232,1.4582785319071263,0.9968666666666667,2.0082691181451082,0.9705
lstm,4,233,1.5106826853007078,0.9965166666666667,2.0089579671621323,0.9708
lstm,4,234,1.34874273580499,0.9970666666666667,1.901178271509707,0.9733
lstm,4,235,1.5080416502896696,0.9966666666666667,2.0938635002821684,0.9683
lstm,4,236,1.6194817328359932,0.9962333333333333,2.0037141516804695,0.9708
lstm,4,237,1.711949057644233,0.9960166666666667,1.88497734349221,0.9748
lstm,4,238,1.8435749760828912,0.9955,2.0363454185426235,0.9722
lstm,4,239,1.4320289848838001,0.9968333333333333,1.9374799123033881,0.9733
lstm,4,240,1.4235917285550386,0.9967666666666667,1.9463103469461203,0.9726
lstm,4,241,1.9637053946498781,0.99545,2.181535543873906,0.9688
lstm,4,242,2.008126549422741,0.9950166666666667,1.984373283572495,0.9739
lstm,4,243,1.977855592733249,0.9948166666666667,1.9209434888325632,0.9729
lstm,4,244,1.4579596237745136,0.9969333333333333,1.982120480388403,0.9695
lstm,4,245,1.623820824548602,0.99645,2.115212560631335,0.9656
lstm,4,246,2.4448774098418653,0.9936166666666667,2.0010800529271364,0.9733
lstm,4,247,1.5709053999744356,0.9961833333333333,2.008991447277367,0.972
lstm,4,248,1.5089436259586364,0.9965166666666667,1.8952505681663752,0.975
lstm,4,249,1.263203302398324,0.9973666666666666,1.9665327742695808,0.9735
lstm,4,250,1.4832652397453785,0.9966833333333334,1.9374592825770378,0.9718
lstm,4,251,1.369804407702759,0.9969333333333333,2.0669355136342347,0.9719
lstm,4,252,1.7789589408785105,0.9955166666666667,2.0806544087827206,0.969
lstm,4,253,1.4402707838453352,0.99695,2.031450478360057,0.971
lstm,4,254,1.7341702359262854,0.99585,1.952994274906814,0.9724
lstm,4,255,1.1393708980176598,0.9978,1.9789329376071692,0.9733
lstm,4,256,1.4077121375594288,0.9968166666666667,1.992317060008645,0.9705
lstm,4,257,1.3878675455925986,0.9967666666666667,2.1615573782473803,0.9684
lstm,4,258,1.7031169151887298,0.9957,1.9559096675366163,0.972
lstm,4,259,1.3100778273073956,0.9971833333333333,2.047212385572493,0.9739
lstm,4,260,1.5362869009841233,0.9964,2.119655603542924,0.9685
lstm,4,261,1.4250593961915001,0.9969333333333333,1.97611678019166,0.9738
lstm,4,262,1.3198306984268129,0.9971,2.036864807829261,0.972
lstm,4,263,1.8510907149175182,0.9956,2.192642690613866,0.9709
lstm,4,264,1.8002247964031994,0.9956,2.1162069886922836,0.9672
lstm,4,265,1.4830342072527856,0.9965333333333334,2.073264299193397,0.9705
lstm,4,266,1.333571674535051,0.9970333333333333,2.096384722273797,0.9713
lstm,4,267,1.373308110050857,0.9967666666666667,2.0707553839311004,0.9739
lstm,4,268,1.4381421797443181,0.9967666666666667,2.0518638105131686,0.973
lstm,4,269,1.4092204172629863,0.9967333333333334,1.9926141230389476,0.9722
lstm,4,270,1.275082990527153,0.9971666666666666,2.020588092505932,0.9737
lstm,4,271,1.7413072887575254,0.99565,2.0469297487288713,0.9701
lstm,4,272,1.4386997539550066,0.9966666666666667,2.201531056314707,0.9719
lstm,4,273,1.9665507660247386,0.9951833333333333,2.1377514423802495,0.9702
lstm,4,274,1.3571518524549901,0.9969833333333333,2.0563036259263754,0.9678
lstm,4,275,0.985279647517018,0.9980833333333333,2.206562123261392,0.97
lstm,4,276,0.96258529368788,0.9982,2.071888248436153,0.9724
lstm,4,277,1.160699978005141,0.9974666666666666,2.072957814671099,0.974
lstm,4,278,1.2189720927271992,0.9972,2.300504807382822,0.97
lstm,4,279,1.3000852658879012,0.9971166666666667,2.119746989570558,0.9726
lstm,4,280,1.8503309078514576,0.99535,2.5527308080345392,0.9607
lstm,4,281,1.8726796116679907,0.99545,1.988977332599461,0.9726
lstm,4,282,1.000335761695169,0.9978666666666667,2.0784746278077364,0.9712
lstm,4,283,1.042408378329128,0.99775,2.0322847524657845,0.9715
lstm,4,284,1.098012036178261,0.9977333333333334,2.13976779486984,0.9694
lstm,4,285,1.0826243199408054,0.9976666666666667,2.1927824690937996,0.9695
lstm,4,286,0.9996907339664176,0.9981166666666667,2.133707574568689,0.9712
lstm,4,287,0.9740414936095476,0.9979166666666667,2.1609171256422997,0.971
lstm,4,288,1.3921749620931223,0.9966666666666667,2.2675331830978394,0.9659
lstm,4,289,1.7999357354128733,0.9954666666666667,2.7014694157987833,0.9598
lstm,4,290,1.7612623220775276,0.99555,2.2411339692771435,0.9718
lstm,4,291,1.5673285115044564,0.9963833333333333,2.3148654233664274,0.9681
lstm,4,292,1.6894872102420777,0.9956833333333334,2.2363925985991955,0.9734
lstm,4,293,1.1685618977062404,0.99755,2.1061621997505426,0.9689
lstm,4,294,1.184803891577758,0.9972833333333333,1.9897598633542657,0.9729
lstm,4,295,1.0845556439599022,0.9977333333333334,2.093934223521501,0.9713
lstm,4,296,0.9802400883636437,0.9980666666666667,2.095554744824767,0.9744
lstm,4,297,0.8532426848541945,0.9985,2.1498097041621804,0.9721
lstm,4,298,1.2170386154321022,0.9972333333333333,2.1539392597042024,0.9703
lstm,4,299,1.78621020342689,0.9953166666666666,2.188681073486805,0.9701
lstm,4,300,1.9557233424857259,0.9951333333333333,2.270546411164105,0.9661
lstm,5,1,252.48809492588043,0.2759666666666667,36.04864168167114,0.4312
lstm,5,2,175.09303426742554,0.6192833333333333,24.30787992477417,0.5823
lstm,5,3,121.20460021495819,0.7559,17.301128268241882,0.7206
lstm,5,4,90.51499992609024,0.8296166666666667,13.2865669131279,0.7517
lstm,5,5,70.64429375529289,0.8672666666666666,10.457900792360306,0.7995
lstm,5,6,57.66458794474602,0.8889333333333334,8.875908762216568,0.8122
lstm,5,7,48.64580616354942,0.9025166666666666,7.56307615339756,0.8699
lstm,5,8,41.78677508234978,0.9157,6.595533400774002,0.8864
lstm,5,9,37.43750846385956,0.92285,6.38501700758934,0.9
lstm,5,10,33.7168737500906,0.9304666666666667,5.471143513917923,0.9116
lstm,5,11,30.657786175608635,0.93485,5.0107603669166565,0.9105
lstm,5,12,28.436459496617317,0.9391833333333334,4.643047094345093,0.9243
lstm,5,13,26.394957929849625,0.9429166666666666,4.25137635320425,0.9144
lstm,5,14,24.4773950278759,0.9470666666666666,4.286217473447323,0.9031
lstm,5,15,23.400118246674538,0.94955,3.9679538756608963,0.928
lstm,5,16,21.956333376467228,0.9522666666666667,3.722969926893711,0.9182
lstm,5,17,21.14186868071556,0.9539666666666666,3.611466273665428,0.9221
lstm,5,18,20.233617454767227,0.95605,3.38499017059803,0.9349
lstm,5,19,19.004827208817005,0.9588333333333333,3.4121957048773766,0.9342
lstm,5,20,18.6244924813509,0.95945,3.2431799955666065,0.9317
lstm,5,21,17.51958169788122,0.9623166666666667,3.097099181264639,0.9429
lstm,5,22,17.462478324770927,0.9621833333333333,3.15980626270175,0.9443
lstm,5,23,16.9771546497941,0.96325,3.01095949113369,0.9414
lstm,5,24,15.999730825424194,0.9652,2.977774918079376,0.9551
lstm,5,25,15.753026343882084,0.9649,2.8535460382699966,0.9485
lstm,5,26,14.943146623671055,0.9672166666666666,2.6728003956377506,0.9502
lstm,5,27,14.871250301599503,0.9675,2.6741415448486805,0.9468
lstm,5,28,14.253797374665737,0.96885,2.7147090062499046,0.9487
lstm,5,29,13.87591951340437,0.96935,2.5717908814549446,0.9546
lstm,5,30,13.655212715268135,0.9701333333333333,2.700296577066183,0.9475
lstm,5,31,13.727286528795958,0.96965,2.530320681631565,0.9542
lstm,5,32,12.82151996344328,0.9713333333333334,2.394526867195964,0.9554
lstm,5,33,13.16791844367981,0.97025,2.548955027014017,0.9451
lstm,5,34,12.282601483166218,0.9725,2.471853669732809,0.947
lstm,5,35,12.140698581933975,0.9729,2.341034807264805,0.9551
lstm,5,36,12.035740178078413,0.9732166666666666,2.3288345150649548,0.952
lstm,5,37,11.731613025069237,0.9739333333333333,2.526673460379243,0.9391
lstm,5,38,11.399200659245253,0.9751166666666666,2.326296228915453,0.9587
lstm,5,39,11.134300332516432,0.97495,2.166436294093728,0.9593
lstm,5,40,10.475443296134472,0.9767166666666667,2.255107684060931,0.9583
lstm,5,41,10.716960325837135,0.9759,2.235419750213623,0.9584
lstm,5,42,10.427295349538326,0.9764,2.170092809945345,0.9523
lstm,5,43,10.594094824045897,0.9763333333333334,2.133929779753089,0.9646
lstm,5,44,10.356426507234573,0.9765333333333334,2.2551791816949844,0.9595
lstm,5,45,10.45937965810299,0.9765666666666667,2.1474889740347862,0.9604
lstm,5,46,9.74261674657464,0.97825,2.0784717090427876,0.9643
lstm,5,47,9.852976646274328,0.9770666666666666,2.0240780115127563,0.9596
lstm,5,48,9.318925868719816,0.9794,1.9282864481210709,0.9651
lstm,5,49,9.03041866980493,0.9793333333333333,2.038395095616579,0.9643
lstm,5,50,8.99885542690754,0.9797666666666667,1.9408745095133781,0.9665
lstm,5,51,9.699735127389431,0.9780833333333333,2.070687098428607,0.9546
lstm,5,52,8.965648405253887,0.9796666666666667,1.9914725050330162,0.9572
lstm,5,53,8.743832401931286,0.9801833333333333,2.0399282835423946,0.9577
lstm,5,54,8.624595809727907,0.9801833333333333,2.057368792593479,0.9627
lstm,5,55,8.527051897719502,0.9805333333333334,2.273991223424673,0.9592
lstm,5,56,8.323032438755035,0.9812333333333333,2.012737261131406,0.9634
lstm,5,57,8.341313006356359,0.9805,1.8397651426494122,0.9657
lstm,5,58,7.9412116296589375,0.9820333333333333,1.904305573552847,0.9641
lstm,5,59,7.759052785113454,0.9821166666666666,1.9312838595360518,0.964
lstm,5,60,8.052325282245874,0.9816666666666667,1.9266315326094627,0.9688
lstm,5,61,7.603833686560392,0.9826333333333334,1.8519725482910872,0.97
lstm,5,62,7.423814598470926,0.9828,1.8096803408116102,0.9635
lstm,5,63,7.476875087246299,0.9826833333333334,1.930795880034566,0.9653
lstm,5,64,7.381477352231741,0.9829833333333333,1.786172615364194,0.9707
lstm,5,65,7.048744240775704,0.9836166666666667,1.7675925865769386,0.9682
lstm,5,66,7.0226941760629416,0.9836833333333334,1.7812122516334057,0.972
lstm,5,67,7.347690610215068,0.9827333333333333,1.7479385118931532,0.966
lstm,5,68,6.6857147552073,0.9846166666666667,1.7606436666101217,0.9688
lstm,5,69,6.760156260803342,0.9843,1.8806369844824076,0.968
lstm,5,70,6.647350313141942,0.9849166666666667,2.099229445680976,0.9631
lstm,5,71,6.444836504757404,0.9849833333333333,1.7926297336816788,0.965
lstm,5,72,6.628290427848697,0.9842833333333333,1.7023703325539827,0.9721
lstm,5,73,6.675067462027073,0.9845666666666667,1.799217812716961,0.9659
lstm,5,74,6.049099022522569,0.9864166666666667,1.7512683924287558,0.9685
lstm,5,75,6.323891039937735,0.9851666666666666,1.7164616957306862,0.9687
lstm,5,76,6.295284785330296,0.9854166666666667,1.728734564036131,0.9674
lstm,5,77,6.283977694809437,0.9851333333333333,1.6670980714261532,0.9704
lstm,5,78,5.888453895226121,0.9861833333333333,1.8362019024789333,0.9686
lstm,5,79,6.222834223881364,0.9856666666666667,1.918857641518116,0.9703
lstm,5,80,5.903005735948682,0.9862166666666666,1.786671968176961,0.9667
lstm,5,81,5.827807284891605,0.9860166666666667,1.6935577560216188,0.9698
lstm,5,82,5.906018636189401,0.9860833333333333,1.6959187174215913,0.9696
lstm,5,83,5.621832108125091,0.9868833333333333,1.842619325965643,0.9699
lstm,5,84,5.689960781484842,0.9866333333333334,1.6679607015103102,0.9689
lstm,5,85,5.6437846049666405,0.9864333333333334,1.7428044695407152,0.9709
lstm,5,86,5.60272765904665,0.9865666666666667,1.7625520499423146,0.9704
lstm,5,87,5.518281820230186,0.9863666666666666,1.6469839755445719,0.9682
lstm,5,88,5.204163396731019,0.988,2.103720786049962,0.9628
lstm,5,89,5.680599100887775,0.9864333333333334,1.6445011533796787,0.9686
lstm,5,90,5.081642570905387,0.9879666666666667,1.7674533994868398,0.966
lstm,5,91,5.407476684078574,0.9871833333333333,1.94791479408741,0.9685
lstm,5,92,5.3975404389202595,0.9870166666666667,1.8832928147166967,0.967
lstm,5,93,5.188874827697873,0.98795,1.599478779360652,0.9719
lstm,5,94,5.220121402293444,0.9874833333333334,1.7625395935028791,0.9733
lstm,5,95,5.233186410740018,0.9880666666666666,1.8115140488371253,0.9692
lstm,5,96,5.042138064280152,0.9881666666666666,1.6806571278721094,0.9711
lstm,5,97,4.728822468779981,0.9891666666666666,1.7660251408815384,0.968
lstm,5,98,5.241710030473769,0.9871166666666666,1.6322377221658826,0.9687
lstm,5,99,4.910320343449712,0.9887833333333333,1.8751210495829582,0.9724
lstm,5,100,4.685933815315366,0.9891,1.6456000357866287,0.9674
lstm,5,101,4.622976426035166,0.989,1.623814052902162,0.9716
lstm,5,102,4.533479023724794,0.9891166666666666,1.6564632672816515,0.9711
lstm,5,103,4.688974883407354,0.9887166666666667,1.7338787764310837,0.9708
lstm,5,104,4.548643580637872,0.9893,1.9116690419614315,0.9632
lstm,5,105,4.725947462953627,0.9890666666666666,1.7311194250360131,0.9704
lstm,5,106,4.409735789522529,0.9893666666666666,1.799386352300644,0.9723
lstm,5,107,4.4668001951649785,0.98945,1.6530898455530405,0.9751
lstm,5,108,4.2779025617055595,0.9900166666666667,1.7317925468087196,0.9703
lstm,5,109,4.17139188805595,0.9900166666666667,1.5875717550516129,0.9741
lstm,5,110,4.520394370891154,0.9895666666666667,1.6610495941713452,0.9708
lstm,5,111,4.223987164907157,0.99005,1.8630507430061698,0.9705
lstm,5,112,4.116336817853153,0.9904666666666667,1.7132551693357527,0.9698
lstm,5,113,3.9905324522405863,0.9905,1.7528813630342484,0.9716
lstm,5,114,4.587438156828284,0.989,1.6141142472624779,0.9717
lstm,5,115,4.0990427285432816,0.99005,1.6832110341638327,0.9689
lstm,5,116,3.9670714819803834,0.9908333333333333,1.5871553122997284,0.9722
lstm,5,117,3.798580809496343,0.9910166666666667,1.655368460342288,0.9716
lstm,5,118,3.7845428874716163,0.9912333333333333,1.5837885849177837,0.9735
lstm,5,119,3.9465475091710687,0.9904666666666667,1.629981392994523,0.9723
lstm,5,120,3.858404985629022,0.99145,1.7736871428787708,0.972
lstm,5,121,4.145813236013055,0.9901333333333333,1.598707471974194,0.9732
lstm,5,122,3.7258384749293327,0.9915666666666667,1.6150043727830052,0.9732
lstm,5,123,3.4432886512950063,0.9919833333333333,1.614016804844141,0.9741
lstm,5,124,3.65575188677758,0.9911666666666666,1.682680169120431,0.969
lstm,5,125,3.7916440796107054,0.9909166666666667,1.7170843556523323,0.9713
lstm,5,126,3.8383955135941505,0.9905166666666667,1.7177824638783932,0.9714
lstm,5,127,3.594562418293208,0.9918166666666667,1.6282955333590508,0.9723
lstm,5,128,3.686592829413712,0.9911833333333333,1.6340704392641783,0.9709
lstm,5,129,3.809630997478962,0.9908,1.758390718139708,0.9698
lstm,5,130,3.919807156547904,0.9908333333333333,1.7128196312114596,0.9676
lstm,5,131,3.519798139575869,0.9916166666666667,1.68380175717175,0.9705
lstm,5,132,3.791415090672672,0.9910333333333333,1.6773405969142914,0.9707
lstm,5,133,3.5009348108433187,0.9917166666666667,1.9234229177236557,0.9705
lstm,5,134,3.458603970706463,0.9920833333333333,1.8046425953507423,0.9708
lstm,5,135,3.477662760298699,0.9920833333333333,1.637705753557384,0.9703
lstm,5,136,3.103499779943377,0.9934833333333334,1.832426579669118,0.9707
lstm,5,137,3.4145059594884515,0.9920166666666667,1.7272516703233123,0.9726
lstm,5,138,3.4213883941993117,0.992,2.0519346073269844,0.9718
lstm,5,139,3.8536747531034052,0.9906,1.730973169207573,0.9706
lstm,5,140,3.3570027481764555,0.9920166666666667,1.714735183864832,0.9701
lstm,5,141,3.2687600855715573,0.9921333333333333,1.638018830679357,0.9721
lstm,5,142,2.9870354565791786,0.9929666666666667,1.7522638300433755,0.9706
lstm,5,143,2.9768643295392394,0.9931,1.5988716799765825,0.9728
lstm,5,144,3.1137988828122616,0.9928166666666667,1.7182409446686506,0.9731
lstm,5,145,3.3332982496358454,0.99225,1.5794137828052044,0.9744
lstm,5,146,2.921497591305524,0.9930833333333333,1.7012128420174122,0.9715
lstm,5,147,2.8956543332897127,0.9934333333333333,1.5348829962313175,0.9724
lstm,5,148,2.726804460864514,0.9939,1.6371142119169235,0.9721
lstm,5,149,2.821420345455408,0.9934,1.6591219706460834,0.9726
lstm,5,150,3.5686417617835104,0.9910166666666667,2.0907823368906975,0.9694
lstm,5,151,3.7799735879525542,0.99065,1.5445544756948948,0.9718
lstm,5,152,3.6663272688165307,0.99105,1.6694517629221082,0.9723
lstm,5,153,2.9489564797841012,0.9931,1.5488020777702332,0.9723
lstm,5,154,2.707264747004956,0.99375,1.7674108501523733,0.9702
lstm,5,155,2.7969434545375407,0.9935,1.6834490709006786,0.9721
lstm,5,156,2.949000011663884,0.9929833333333333,1.671841636300087,0.9711
lstm,5,157,2.5569048458710313,0.9940833333333333,1.6751752281561494,0.9703
lstm,5,158,2.9096107399091125,0.9926833333333334,1.7660459652543068,0.9675
lstm,5,159,2.6855619992129505,0.99405,2.056008605286479,0.9699
lstm,5,160,3.034854250960052,0.9928,1.7498633414506912,0.972
lstm,5,161,3.234507055953145,0.9921666666666666,1.6485971957445145,0.9743
lstm,5,162,2.859951029997319,0.9929333333333333,1.6469822525978088,0.97
lstm,5,163,2.8600578187033534,0.9934166666666666,1.6922925598919392,0.9736
lstm,5,164,2.6066963118501008,0.9939666666666667,1.5954818679019809,0.9707
lstm,5,165,2.597691412549466,0.9941666666666666,1.6539196288213134,0.9723
lstm,5,166,2.6469897790811956,0.99395,1.641864619217813,0.9726
lstm,5,167,2.3181978354696184,0.9949166666666667,1.7264225389808416,0.9739
lstm,5,168,2.7699946681968868,0.9935833333333334,1.623485142365098,0.9718
lstm,5,169,2.642078708158806,0.9938666666666667,1.6211265809834003,0.9717
lstm,5,170,2.5918595212278888,0.9940666666666667,1.59573236387223,0.9729
lstm,5,171,2.3491593366488814,0.9947333333333334,1.6101064812391996,0.9729
lstm,5,172,2.6874999147839844,0.9936833333333334,1.857134034857154,0.9718
lstm,5,173,2.6840172596275806,0.9936166666666667,1.625662423670292,0.9704
lstm,5,174,2.5142357107251883,0.9939666666666667,1.6876122560352087,0.9725
lstm,5,175,2.5830605861265212,0.994,1.7581531032919884,0.9707
lstm,5,176,2.2276159536559135,0.99475,1.6306115332990885,0.9742
lstm,5,177,2.5676928712055087,0.9939166666666667,1.772655501961708,0.9728
lstm,5,178,2.5958364789839834,0.9939833333333333,1.7920294106006622,0.9702
lstm,5,179,2.685987797915004,0.9932833333333333,1.6986149083822966,0.973
lstm,5,180,2.1634622905403376,0.9950833333333333,1.7113525159657001,0.9723
lstm,5,181,2.3891072012484074,0.9947,1.65680518373847,0.9725
lstm,5,182,2.167465401114896,0.9953166666666666,1.8132765274494886,0.9696
lstm,5,183,2.2144703732337803,0.9948333333333333,1.7863665651530027,0.9739
lstm,5,184,2.208526052767411,0.9952666666666666,1.6807207465171814,0.9727
lstm,5,185,2.395073801279068,0.9944166666666666,1.755863269791007,0.9709
lstm,5,186,2.2618313007988036,0.9945333333333334,1.6756604509428144,0.9722
lstm,5,187,2.3068405096419156,0.9944666666666667,1.7031761929392815,0.9734
lstm,5,188,2.506240510614589,0.9939166666666667,1.840521989390254,0.9691
lstm,5,189,2.562885984312743,0.9937333333333334,1.8123135305941105,0.9733
lstm,5,190,2.3532883594743907,0.99475,1.7114267461001873,0.9731
lstm,5,191,2.033089756965637,0.9955666666666667,1.6827043034136295,0.9736
lstm,5,192,2.5356597183272243,0.9938666666666667,1.7198874335736036,0.9745
lstm,5,193,2.6524471938610077,0.9935666666666667,1.6354249082505703,0.9735
lstm,5,194,2.4637297592125833,0.9937333333333334,1.7969498056918383,0.9747
lstm,5,195,2.390139954863116,0.9942166666666666,1.6360904444009066,0.9745
lstm,5,196,1.931681228801608,0.99575,1.6774363173171878,0.9744
lstm,5,197,1.903104716911912,0.9959833333333333,1.8287200722843409,0.9729
lstm,5,198,2.0454090647399426,0.9952666666666666,1.7448784159496427,0.9705
lstm,5,199,2.208071186207235,0.9946333333333334,1.788281423971057,0.972
lstm,5,200,2.550784848164767,0.9938,1.752380272373557,0.9718
lstm,5,201,1.9576567010954022,0.9954666666666667,1.7631549313664436,0.9745
lstm,5,202,2.005582686921116,0.9955333333333334,1.68992028106004,0.9741
lstm,5,203,2.1462675970979035,0.99515,1.7165821809321642,0.9725
lstm,5,204,1.8411391123663634,0.99595,1.694851511158049,0.9737
lstm,5,205,1.6707120798528194,0.99615,1.7847587261348963,0.9711
lstm,5,206,2.1584127261303365,0.9945,1.8148245569318533,0.9661
lstm,5,207,2.9152024895884097,0.99275,1.914911286905408,0.9714
lstm,5,208,1.7253103642724454,0.99625,1.8001397904008627,0.971
lstm,5,209,1.577282166806981,0.9965833333333334,1.745392275042832,0.9737
lstm,5,210,1.8268220648169518,0.99625,1.9034673124551773,0.9714
lstm,5,211,2.118255372159183,0.99495,1.7525873091071844,0.9726
lstm,5,212,1.761470298282802,0.9959166666666667,1.777334677055478,0.9736
lstm,5,213,1.80989055079408,0.99585,1.8926852513104677,0.9711
lstm,5,214,2.110477994894609,0.9946166666666667,1.8245432320982218,0.9722
lstm,5,215,1.887435097945854,0.9957,1.772536450996995,0.973
lstm,5,216,1.828131363959983,0.9955833333333334,1.7624133229255676,0.974
lstm,5,217,1.7076842315727845,0.996,1.774361914023757,0.9736
lstm,5,218,1.587227291893214,0.9964333333333333,1.781430657953024,0.9745
lstm,5,219,2.5361207285895944,0.9936833333333334,1.9484402928501368,0.9692
lstm,5,220,2.0783349365228787,0.9948333333333333,1.8691369676962495,0.9732
lstm,5,221,1.5362315273378044,0.9966,1.848801363259554,0.9709
lstm,5,222,1.8688784901751205,0.9952833333333333,1.737393882125616,0.9727
lstm,5,223,2.124166735680774,0.9948166666666667,1.8218832882121205,0.9701
lstm,5,224,1.7466927913483232,0.9958666666666667,1.77030256902799,0.9744
lstm,5,225,1.4751068291952834,0.9969,1.8783515794202685,0.9729
lstm,5,226,2.1344173746183515,0.995,1.9087748173624277,0.9706
lstm,5,227,1.918212684802711,0.9954333333333333,1.7383379684761167,0.9754
lstm,5,228,1.6990425866097212,0.9960166666666667,1.981822719797492,0.9731
lstm,5,229,2.183278597192839,0.9944833333333334,1.779843820258975,0.9763
lstm,5,230,1.4675463875755668,0.99675,1.7775749829597771,0.9734
lstm,5,231,1.4906907943077385,0.9967,1.7917761597782373,0.9734
lstm,5,232,1.3911757341120392,0.9970166666666667,1.8671653745695949,0.973
lstm,5,233,1.4859036562265828,0.9967833333333334,1.9737143628299236,0.9735
lstm,5,234,2.1264563815202564,0.9946166666666667,1.938380865380168,0.9747
lstm,5,235,1.9075950582046062,0.9955,1.8786056991666555,0.9728
lstm,5,236,1.4991574333398603,0.9966,1.8524177055805922,0.9751
lstm,5,237,1.6827074778848328,0.9957666666666667,1.8108230847865343,0.9751
lstm,5,238,1.468542001210153,0.9965666666666667,1.8030034406110644,0.9748
lstm,5,239,1.4812825552653521,0.99645,1.882078635506332,0.9717
lstm,5,240,1.6076253317296505,0.9964,1.9816761165857315,0.9672
lstm,5,241,1.9213813582900912,0.9952166666666666,2.0634769573807716,0.9729
lstm,5,242,1.8041390804573894,0.99575,1.859658076427877,0.9748
lstm,5,243,1.5747353750048205,0.9962666666666666,1.8690763330087066,0.9728
lstm,5,244,1.5363584593869746,0.9964166666666666,1.915929839015007,0.9744
lstm,5,245,1.7202440288383514,0.9957333333333334,1.9180879900231957,0.9726
lstm,5,246,2.2236353679327294,0.9944,1.8325624587014318,0.9756
lstm,5,247,1.6137290080077946,0.9963166666666666,1.8398673180490732,0.9728
lstm,5,248,1.4180699735879898,0.9965166666666667,1.7646333719603717,0.9737
lstm,5,249,1.3897119942121208,0.9968166666666667,1.8189760781824589,0.9757
lstm,5,250,2.300463829888031,0.9941833333333333,2.0824745586141944,0.9719
lstm,5,251,2.4658756690332666,0.9937833333333334,1.7736849999055266,0.9742
lstm,5,252,1.18375521665439,0.9976333333333334,1.85256542917341,0.9732
lstm,5,253,1.3276781571330503,0.997,1.8567253816872835,0.9746
lstm,5,254,1.3033918186556548,0.9971,1.758680329658091,0.9736
lstm,5,255,1.150822320021689,0.9975666666666667,1.9509525587782264,0.9739
lstm,5,256,1.2797464706236497,0.9970333333333333,1.89879659563303,0.9724
lstm,5,257,1.2304742224514484,0.9974333333333333,1.8805641885846853,0.9744
lstm,5,258,1.0810576542280614,0.9977333333333334,1.8674222435802221,0.9748
lstm,5,259,1.1701800529262982,0.9974333333333333,1.8264211229979992,0.9741
lstm,5,260,2.426546905771829,0.99335,1.8895086720585823,0.9747
lstm,5,261,1.6518199656857178,0.9959666666666667,1.8937554489821196,0.9707
lstm,5,262,1.8915938914287835,0.9955,1.7870853445492685,0.9727
lstm,5,263,1.3349835898261517,0.9970833333333333,1.8598822155036032,0.973
lstm,5,264,1.242519564460963,0.9972,1.985675253905356,0.9734
lstm,5,265,1.1676174176391214,0.9977833333333334,1.8352912357077003,0.9731
lstm,5,266,1.3651085554156452,0.9969333333333333,1.9008081452921033,0.9739
lstm,5,267,1.6022569460328668,0.9961166666666667,1.9000142589211464,0.972
lstm,5,268,1.8974013575352728,0.99505,1.9092009589076042,0.975
lstm,5,269,1.3084171008085832,0.9969333333333333,1.9171360023319721,0.9713
lstm,5,270,1.1420232134405524,0.9975,1.7771052122116089,0.9744
lstm,5,271,1.383605529787019,0.99695,1.9335858169943094,0.9724
lstm,5,272,1.5243007643148303,0.99625,1.810652303043753,0.9746
lstm,5,273,1.3016484681284055,0.9971333333333333,1.9576086085289717,0.972
lstm,5,274,2.1005569975823164,0.9948833333333333,1.9997557811439037,0.968
lstm,5,275,1.2407465104479343,0.99705,1.8492825096473098,0.9738
lstm,5,276,1.3186668030684814,0.9970166666666667,2.0660770051181316,0.9702
lstm,5,277,1.5318365972489119,0.99625,2.0876621482893825,0.9721
lstm,5,278,1.4677023165859282,0.99655,1.8498527659103274,0.9746
lstm,5,279,1.0082873044302687,0.99785,1.8584859874099493,0.9741
lstm,5,280,1.0555664685089141,0.9978,1.9740514867007732,0.9728
lstm,5,281,1.3079658063361421,0.9969333333333333,1.8958651227876544,0.9719
lstm,5,282,0.9707233984954655,0.9979833333333333,1.94426210783422,0.9732
lstm,5,283,2.005916292197071,0.9954666666666667,1.9177516251802444,0.9721
lstm,5,284,1.316577659221366,0.9968666666666667,2.125435257330537,0.9729
lstm,5,285,1.6059343793895096,0.9961,1.8673160299658775,0.9728
lstm,5,286,1.4089397876523435,0.9965333333333334,1.90626335516572,0.9724
lstm,5,287,1.3690775758586824,0.9970166666666667,1.9010433331131935,0.9707
lstm,5,288,1.3284572227858007,0.9969333333333333,2.088417075574398,0.9687
lstm,5,289,1.663619065657258,0.9956833333333334,1.896330812945962,0.9716
lstm,5,290,1.241044383845292,0.9971166666666667,1.8835244672372937,0.9743
lstm,5,291,1.6060385191813111,0.9957833333333334,1.915675850585103,0.971
lstm,5,292,1.0598851694958284,0.9975333333333334,1.8283020129892975,0.9743
lstm,5,293,0.8023881457629614,0.9984166666666666,1.7814775384031236,0.9741
lstm,5,294,0.7605537434574217,0.9985,1.894647111184895,0.9743
lstm,5,295,0.8465299815288745,0.9983333333333333,1.8150823442265391,0.9728
lstm,5,296,0.8366895555518568,0.9985,1.8946051532402635,0.9742
lstm,5,297,0.7163388890039641,0.9986833333333334,1.9053723411634564,0.9718
lstm,5,298,1.2064711569109932,0.9971166666666667,2.125683548860252,0.9718
lstm,5,299,1.5429592832224444,0.9965166666666667,1.8197773434221745,0.9731
lstm,5,300,1.784259914420545,0.9956166666666667,1.8360786326229572,0.9691
