Loaded 844 biological neurons from model/best_params.pickle (bin_size=20, activation_bin_size=20, evr>0.7).
Launching 15 task(s) with 3 worker(s): ['cuda:5', 'cuda:6', 'cuda:7']
Started random run 2 | seed=1235 | device=cuda:6 | trainable_params=22538 | total_params=23184
Started random run 1 | seed=1234 | device=cuda:5 | trainable_params=22538 | total_params=23184
Started random run 3 | seed=1236 | device=cuda:7 | trainable_params=22538 | total_params=23184
Epoch 001/300 | train_loss=204.5240 | train_acc=0.3893 | test_loss=23.3349 | test_acc=0.3049
Epoch 001/300 | train_loss=202.7905 | train_acc=0.3835 | test_loss=24.5226 | test_acc=0.2522
Epoch 001/300 | train_loss=197.6979 | train_acc=0.4033 | test_loss=22.5280 | test_acc=0.2611
Epoch 002/300 | train_loss=110.1274 | train_acc=0.6633 | test_loss=15.5138 | test_acc=0.3462
Epoch 002/300 | train_loss=128.1562 | train_acc=0.5979 | test_loss=19.4136 | test_acc=0.2575
Epoch 002/300 | train_loss=103.0981 | train_acc=0.6926 | test_loss=13.7791 | test_acc=0.4189
Epoch 003/300 | train_loss=77.7040 | train_acc=0.7807 | test_loss=10.6620 | test_acc=0.4000
Epoch 003/300 | train_loss=69.8977 | train_acc=0.8115 | test_loss=10.2528 | test_acc=0.4198
Epoch 003/300 | train_loss=103.0188 | train_acc=0.6875 | test_loss=15.4071 | test_acc=0.2942
Epoch 004/300 | train_loss=51.5658 | train_acc=0.8711 | test_loss=8.5077 | test_acc=0.5679
Epoch 004/300 | train_loss=54.6461 | train_acc=0.8633 | test_loss=8.3195 | test_acc=0.4883
Epoch 004/300 | train_loss=86.0734 | train_acc=0.7468 | test_loss=12.8174 | test_acc=0.3957
Epoch 005/300 | train_loss=41.3407 | train_acc=0.8988 | test_loss=6.3985 | test_acc=0.5826
Epoch 005/300 | train_loss=69.6900 | train_acc=0.8090 | test_loss=10.3468 | test_acc=0.4031
Epoch 005/300 | train_loss=42.5659 | train_acc=0.8950 | test_loss=6.2321 | test_acc=0.5745
Epoch 006/300 | train_loss=35.2242 | train_acc=0.9145 | test_loss=5.5223 | test_acc=0.6005
Epoch 006/300 | train_loss=57.7397 | train_acc=0.8515 | test_loss=9.2871 | test_acc=0.5466
Epoch 006/300 | train_loss=36.4199 | train_acc=0.9105 | test_loss=5.8608 | test_acc=0.6483
Epoch 007/300 | train_loss=32.1306 | train_acc=0.9216 | test_loss=4.8354 | test_acc=0.6132
Epoch 007/300 | train_loss=49.5045 | train_acc=0.8765 | test_loss=7.4782 | test_acc=0.5141
Epoch 007/300 | train_loss=33.8595 | train_acc=0.9169 | test_loss=4.7394 | test_acc=0.5990
Epoch 008/300 | train_loss=28.3421 | train_acc=0.9315 | test_loss=4.5054 | test_acc=0.6005
Epoch 008/300 | train_loss=42.2703 | train_acc=0.8960 | test_loss=7.4340 | test_acc=0.5296
Epoch 008/300 | train_loss=29.4489 | train_acc=0.9283 | test_loss=4.7910 | test_acc=0.6073
Epoch 009/300 | train_loss=26.8686 | train_acc=0.9355 | test_loss=4.7745 | test_acc=0.6325
Epoch 009/300 | train_loss=38.1004 | train_acc=0.9060 | test_loss=5.7198 | test_acc=0.5574
Epoch 009/300 | train_loss=28.0582 | train_acc=0.9317 | test_loss=4.4360 | test_acc=0.6512
Epoch 010/300 | train_loss=26.0001 | train_acc=0.9363 | test_loss=4.7373 | test_acc=0.5586
Epoch 010/300 | train_loss=32.9037 | train_acc=0.9204 | test_loss=5.7525 | test_acc=0.5042
Epoch 011/300 | train_loss=23.7400 | train_acc=0.9419 | test_loss=3.9045 | test_acc=0.7073
Epoch 010/300 | train_loss=26.5248 | train_acc=0.9353 | test_loss=4.6241 | test_acc=0.5722
Epoch 011/300 | train_loss=30.9815 | train_acc=0.9235 | test_loss=6.4490 | test_acc=0.6039
Epoch 011/300 | train_loss=25.2498 | train_acc=0.9375 | test_loss=4.4474 | test_acc=0.6490
Epoch 012/300 | train_loss=22.0962 | train_acc=0.9465 | test_loss=3.7263 | test_acc=0.6955
Epoch 012/300 | train_loss=28.4334 | train_acc=0.9306 | test_loss=5.1198 | test_acc=0.6573
Epoch 013/300 | train_loss=21.4555 | train_acc=0.9478 | test_loss=4.2223 | test_acc=0.6750
Epoch 012/300 | train_loss=23.3611 | train_acc=0.9419 | test_loss=4.2390 | test_acc=0.6371
Epoch 013/300 | train_loss=26.9142 | train_acc=0.9343 | test_loss=4.5619 | test_acc=0.6042
Epoch 014/300 | train_loss=20.5378 | train_acc=0.9500 | test_loss=3.5051 | test_acc=0.6893
Epoch 013/300 | train_loss=22.0311 | train_acc=0.9458 | test_loss=4.3143 | test_acc=0.5912
Epoch 014/300 | train_loss=25.5020 | train_acc=0.9373 | test_loss=4.4389 | test_acc=0.5948
Epoch 015/300 | train_loss=18.9269 | train_acc=0.9545 | test_loss=3.4203 | test_acc=0.6175
Epoch 014/300 | train_loss=21.6836 | train_acc=0.9460 | test_loss=3.5742 | test_acc=0.6706
Epoch 015/300 | train_loss=23.2484 | train_acc=0.9435 | test_loss=4.1715 | test_acc=0.6194
Epoch 015/300 | train_loss=19.9515 | train_acc=0.9504 | test_loss=4.0790 | test_acc=0.6547
Epoch 016/300 | train_loss=18.3708 | train_acc=0.9553 | test_loss=3.0658 | test_acc=0.6501
Epoch 016/300 | train_loss=21.8380 | train_acc=0.9474 | test_loss=4.0473 | test_acc=0.6451
Epoch 016/300 | train_loss=20.0772 | train_acc=0.9514 | test_loss=3.7236 | test_acc=0.7291
Epoch 017/300 | train_loss=17.1976 | train_acc=0.9576 | test_loss=3.3684 | test_acc=0.7375
Epoch 017/300 | train_loss=21.7095 | train_acc=0.9464 | test_loss=5.6109 | test_acc=0.6141
Epoch 017/300 | train_loss=19.0776 | train_acc=0.9530 | test_loss=3.8600 | test_acc=0.6972
Epoch 018/300 | train_loss=17.7762 | train_acc=0.9574 | test_loss=3.2847 | test_acc=0.7139
Epoch 018/300 | train_loss=20.5779 | train_acc=0.9499 | test_loss=3.4664 | test_acc=0.7301
Epoch 018/300 | train_loss=18.6394 | train_acc=0.9543 | test_loss=3.6052 | test_acc=0.7114
Epoch 019/300 | train_loss=16.7945 | train_acc=0.9594 | test_loss=3.4261 | test_acc=0.6188
Epoch 019/300 | train_loss=19.7080 | train_acc=0.9524 | test_loss=3.4419 | test_acc=0.7462
Epoch 019/300 | train_loss=17.1513 | train_acc=0.9582 | test_loss=3.3406 | test_acc=0.7028
Epoch 020/300 | train_loss=16.2121 | train_acc=0.9596 | test_loss=3.4070 | test_acc=0.8144
Epoch 020/300 | train_loss=19.1382 | train_acc=0.9536 | test_loss=3.4999 | test_acc=0.6732
Epoch 020/300 | train_loss=16.8805 | train_acc=0.9583 | test_loss=3.7043 | test_acc=0.6823
Epoch 021/300 | train_loss=14.9651 | train_acc=0.9638 | test_loss=2.7721 | test_acc=0.6448
Epoch 021/300 | train_loss=18.5096 | train_acc=0.9545 | test_loss=3.6863 | test_acc=0.7388
Epoch 021/300 | train_loss=17.1438 | train_acc=0.9574 | test_loss=3.6250 | test_acc=0.5744
Epoch 022/300 | train_loss=14.3846 | train_acc=0.9653 | test_loss=3.2706 | test_acc=0.6708
Epoch 022/300 | train_loss=17.6824 | train_acc=0.9566 | test_loss=3.1487 | test_acc=0.7940
Epoch 022/300 | train_loss=17.6261 | train_acc=0.9569 | test_loss=3.5898 | test_acc=0.6380
Epoch 023/300 | train_loss=14.2392 | train_acc=0.9657 | test_loss=2.7327 | test_acc=0.7265
Epoch 023/300 | train_loss=16.5451 | train_acc=0.9595 | test_loss=3.1211 | test_acc=0.6933
Epoch 023/300 | train_loss=16.6402 | train_acc=0.9593 | test_loss=3.2100 | test_acc=0.7894
Epoch 024/300 | train_loss=14.2162 | train_acc=0.9648 | test_loss=2.5096 | test_acc=0.7006
Epoch 024/300 | train_loss=15.9894 | train_acc=0.9607 | test_loss=3.3139 | test_acc=0.7476
Epoch 024/300 | train_loss=16.4926 | train_acc=0.9595 | test_loss=3.4926 | test_acc=0.7429
Epoch 025/300 | train_loss=14.1940 | train_acc=0.9648 | test_loss=3.1063 | test_acc=0.6586
Epoch 025/300 | train_loss=15.6950 | train_acc=0.9618 | test_loss=3.4687 | test_acc=0.5961
Epoch 025/300 | train_loss=16.2916 | train_acc=0.9599 | test_loss=3.0048 | test_acc=0.7626
Epoch 026/300 | train_loss=13.1806 | train_acc=0.9675 | test_loss=2.7799 | test_acc=0.7366
Epoch 026/300 | train_loss=15.2419 | train_acc=0.9619 | test_loss=3.0295 | test_acc=0.7199
Epoch 026/300 | train_loss=16.2308 | train_acc=0.9597 | test_loss=2.6473 | test_acc=0.8063
Epoch 027/300 | train_loss=13.1764 | train_acc=0.9670 | test_loss=4.0245 | test_acc=0.5890
Epoch 027/300 | train_loss=14.9109 | train_acc=0.9630 | test_loss=3.0411 | test_acc=0.6504
Epoch 027/300 | train_loss=14.4093 | train_acc=0.9636 | test_loss=2.9809 | test_acc=0.7543
Epoch 028/300 | train_loss=13.5246 | train_acc=0.9665 | test_loss=2.8642 | test_acc=0.7948
Epoch 028/300 | train_loss=14.8193 | train_acc=0.9631 | test_loss=2.7646 | test_acc=0.7377
Epoch 028/300 | train_loss=15.1008 | train_acc=0.9620 | test_loss=3.6934 | test_acc=0.8375
Epoch 029/300 | train_loss=12.2682 | train_acc=0.9696 | test_loss=2.4165 | test_acc=0.7789
Epoch 029/300 | train_loss=13.6699 | train_acc=0.9661 | test_loss=3.5202 | test_acc=0.6629
Epoch 029/300 | train_loss=14.4846 | train_acc=0.9648 | test_loss=3.2168 | test_acc=0.7137
Epoch 030/300 | train_loss=11.3934 | train_acc=0.9722 | test_loss=3.0830 | test_acc=0.7322
Epoch 030/300 | train_loss=13.7344 | train_acc=0.9662 | test_loss=3.2033 | test_acc=0.6636
Epoch 030/300 | train_loss=13.8210 | train_acc=0.9659 | test_loss=2.4975 | test_acc=0.8179
Epoch 031/300 | train_loss=11.2637 | train_acc=0.9725 | test_loss=2.8247 | test_acc=0.6729
Epoch 031/300 | train_loss=13.5511 | train_acc=0.9664 | test_loss=2.9666 | test_acc=0.7427
Epoch 031/300 | train_loss=13.3534 | train_acc=0.9662 | test_loss=2.8432 | test_acc=0.7767
Epoch 032/300 | train_loss=12.1645 | train_acc=0.9701 | test_loss=2.8982 | test_acc=0.6779
Epoch 032/300 | train_loss=12.5761 | train_acc=0.9691 | test_loss=2.7180 | test_acc=0.6635
Epoch 032/300 | train_loss=13.7790 | train_acc=0.9655 | test_loss=3.3002 | test_acc=0.6877
Epoch 033/300 | train_loss=10.9455 | train_acc=0.9727 | test_loss=3.4116 | test_acc=0.8125
Epoch 033/300 | train_loss=13.3428 | train_acc=0.9662 | test_loss=2.6019 | test_acc=0.7128
Epoch 033/300 | train_loss=12.1477 | train_acc=0.9695 | test_loss=2.8520 | test_acc=0.7632
Epoch 034/300 | train_loss=10.9554 | train_acc=0.9730 | test_loss=2.3474 | test_acc=0.6933
Epoch 034/300 | train_loss=13.0528 | train_acc=0.9675 | test_loss=2.8969 | test_acc=0.6880
Epoch 034/300 | train_loss=12.6790 | train_acc=0.9677 | test_loss=2.5707 | test_acc=0.8213
Epoch 035/300 | train_loss=10.7029 | train_acc=0.9739 | test_loss=2.5443 | test_acc=0.8150
Epoch 035/300 | train_loss=11.9640 | train_acc=0.9700 | test_loss=2.5809 | test_acc=0.7030
Epoch 035/300 | train_loss=12.4459 | train_acc=0.9689 | test_loss=2.6995 | test_acc=0.8230
Epoch 036/300 | train_loss=10.2607 | train_acc=0.9754 | test_loss=2.0403 | test_acc=0.7829
Epoch 036/300 | train_loss=12.5375 | train_acc=0.9689 | test_loss=2.5192 | test_acc=0.7214
Epoch 036/300 | train_loss=11.9621 | train_acc=0.9703 | test_loss=2.4573 | test_acc=0.7646
Epoch 037/300 | train_loss=10.2089 | train_acc=0.9748 | test_loss=2.5246 | test_acc=0.7339
Epoch 037/300 | train_loss=11.9667 | train_acc=0.9701 | test_loss=2.5983 | test_acc=0.7380
Epoch 037/300 | train_loss=12.2049 | train_acc=0.9696 | test_loss=2.4939 | test_acc=0.7801
Epoch 038/300 | train_loss=9.8294 | train_acc=0.9758 | test_loss=2.4026 | test_acc=0.7646
Epoch 038/300 | train_loss=12.2038 | train_acc=0.9694 | test_loss=2.4332 | test_acc=0.7112
Epoch 038/300 | train_loss=11.5318 | train_acc=0.9717 | test_loss=3.3062 | test_acc=0.7239
Epoch 039/300 | train_loss=9.5313 | train_acc=0.9767 | test_loss=2.3185 | test_acc=0.7171
Epoch 039/300 | train_loss=11.4199 | train_acc=0.9711 | test_loss=2.4004 | test_acc=0.7728
Epoch 039/300 | train_loss=11.7204 | train_acc=0.9706 | test_loss=2.4628 | test_acc=0.8264
Epoch 040/300 | train_loss=9.6948 | train_acc=0.9757 | test_loss=2.2019 | test_acc=0.7339
Epoch 040/300 | train_loss=11.8235 | train_acc=0.9703 | test_loss=2.6714 | test_acc=0.7778
Epoch 040/300 | train_loss=10.8570 | train_acc=0.9723 | test_loss=2.4844 | test_acc=0.8581
Epoch 041/300 | train_loss=9.5594 | train_acc=0.9760 | test_loss=2.6884 | test_acc=0.8648
Epoch 041/300 | train_loss=10.7644 | train_acc=0.9731 | test_loss=3.0895 | test_acc=0.7033
Epoch 041/300 | train_loss=11.0265 | train_acc=0.9725 | test_loss=2.4034 | test_acc=0.8732
Epoch 042/300 | train_loss=9.8383 | train_acc=0.9764 | test_loss=2.1885 | test_acc=0.7757
Epoch 042/300 | train_loss=10.4402 | train_acc=0.9743 | test_loss=2.7025 | test_acc=0.7948
Epoch 043/300 | train_loss=9.0868 | train_acc=0.9775 | test_loss=2.4495 | test_acc=0.6481
Epoch 042/300 | train_loss=10.8291 | train_acc=0.9728 | test_loss=2.5541 | test_acc=0.8503
Epoch 043/300 | train_loss=11.2922 | train_acc=0.9723 | test_loss=2.2921 | test_acc=0.7051
Epoch 044/300 | train_loss=8.9501 | train_acc=0.9784 | test_loss=2.3719 | test_acc=0.8071
Epoch 043/300 | train_loss=11.0835 | train_acc=0.9721 | test_loss=2.2370 | test_acc=0.8792
Epoch 044/300 | train_loss=10.7072 | train_acc=0.9735 | test_loss=2.5655 | test_acc=0.7496
Epoch 045/300 | train_loss=9.1255 | train_acc=0.9781 | test_loss=2.1479 | test_acc=0.7430
Epoch 044/300 | train_loss=10.2764 | train_acc=0.9740 | test_loss=2.5915 | test_acc=0.8222
Epoch 045/300 | train_loss=11.2752 | train_acc=0.9722 | test_loss=3.1070 | test_acc=0.6870
Epoch 046/300 | train_loss=10.2213 | train_acc=0.9748 | test_loss=2.3908 | test_acc=0.7030
Epoch 045/300 | train_loss=10.0303 | train_acc=0.9752 | test_loss=2.4868 | test_acc=0.7567
Epoch 046/300 | train_loss=8.1350 | train_acc=0.9798 | test_loss=1.9802 | test_acc=0.7964
Epoch 047/300 | train_loss=9.5923 | train_acc=0.9759 | test_loss=2.5324 | test_acc=0.7622
Epoch 046/300 | train_loss=10.6376 | train_acc=0.9728 | test_loss=2.3312 | test_acc=0.8444
Epoch 047/300 | train_loss=9.1957 | train_acc=0.9772 | test_loss=1.8375 | test_acc=0.8228
Epoch 048/300 | train_loss=9.7259 | train_acc=0.9757 | test_loss=2.5025 | test_acc=0.7957
Epoch 047/300 | train_loss=9.6306 | train_acc=0.9758 | test_loss=2.2886 | test_acc=0.8843
Epoch 048/300 | train_loss=8.0042 | train_acc=0.9805 | test_loss=2.3279 | test_acc=0.6770
Epoch 049/300 | train_loss=9.5296 | train_acc=0.9755 | test_loss=3.3666 | test_acc=0.5813
Epoch 048/300 | train_loss=9.8391 | train_acc=0.9748 | test_loss=2.1964 | test_acc=0.8421
Epoch 049/300 | train_loss=7.9114 | train_acc=0.9799 | test_loss=1.9945 | test_acc=0.7501
Epoch 050/300 | train_loss=9.6065 | train_acc=0.9756 | test_loss=2.1205 | test_acc=0.7711
Epoch 049/300 | train_loss=9.7272 | train_acc=0.9756 | test_loss=1.9813 | test_acc=0.8358
Epoch 050/300 | train_loss=7.5477 | train_acc=0.9807 | test_loss=2.4106 | test_acc=0.6924
Epoch 051/300 | train_loss=9.3772 | train_acc=0.9767 | test_loss=2.9314 | test_acc=0.7683
Epoch 050/300 | train_loss=9.4970 | train_acc=0.9761 | test_loss=2.6046 | test_acc=0.8041
Epoch 051/300 | train_loss=8.4984 | train_acc=0.9784 | test_loss=2.0825 | test_acc=0.7174
Epoch 051/300 | train_loss=9.3538 | train_acc=0.9765 | test_loss=2.2533 | test_acc=0.8580
Epoch 052/300 | train_loss=9.1515 | train_acc=0.9765 | test_loss=2.0841 | test_acc=0.7539
Epoch 052/300 | train_loss=8.3263 | train_acc=0.9791 | test_loss=2.6666 | test_acc=0.7431
Epoch 052/300 | train_loss=9.1968 | train_acc=0.9765 | test_loss=2.1725 | test_acc=0.8010
Epoch 053/300 | train_loss=8.8355 | train_acc=0.9778 | test_loss=2.0285 | test_acc=0.7720
Epoch 053/300 | train_loss=7.3521 | train_acc=0.9819 | test_loss=2.2023 | test_acc=0.7136
Epoch 054/300 | train_loss=8.1322 | train_acc=0.9802 | test_loss=2.1888 | test_acc=0.8202
Epoch 053/300 | train_loss=9.2357 | train_acc=0.9767 | test_loss=2.5755 | test_acc=0.7960
Epoch 054/300 | train_loss=8.6245 | train_acc=0.9783 | test_loss=2.1318 | test_acc=0.7977
Epoch 055/300 | train_loss=7.3787 | train_acc=0.9820 | test_loss=1.9218 | test_acc=0.7886
Epoch 055/300 | train_loss=8.1559 | train_acc=0.9791 | test_loss=2.0840 | test_acc=0.6982
Epoch 054/300 | train_loss=8.1089 | train_acc=0.9796 | test_loss=2.3800 | test_acc=0.7913
Epoch 056/300 | train_loss=7.9130 | train_acc=0.9809 | test_loss=2.2526 | test_acc=0.8004
Epoch 056/300 | train_loss=8.6719 | train_acc=0.9782 | test_loss=2.4616 | test_acc=0.8383
Epoch 055/300 | train_loss=9.1973 | train_acc=0.9759 | test_loss=2.1010 | test_acc=0.8662
Epoch 057/300 | train_loss=7.0520 | train_acc=0.9820 | test_loss=1.7213 | test_acc=0.8198
Epoch 057/300 | train_loss=8.7058 | train_acc=0.9783 | test_loss=2.7540 | test_acc=0.6737
Epoch 056/300 | train_loss=8.1660 | train_acc=0.9792 | test_loss=1.8888 | test_acc=0.8959
Epoch 058/300 | train_loss=6.8954 | train_acc=0.9827 | test_loss=1.9258 | test_acc=0.8325
Epoch 058/300 | train_loss=8.7272 | train_acc=0.9775 | test_loss=2.3318 | test_acc=0.7281
Epoch 057/300 | train_loss=7.9042 | train_acc=0.9795 | test_loss=2.2577 | test_acc=0.8891
Epoch 059/300 | train_loss=6.8496 | train_acc=0.9829 | test_loss=1.9472 | test_acc=0.8011
Epoch 059/300 | train_loss=7.9069 | train_acc=0.9803 | test_loss=1.9348 | test_acc=0.7607
Epoch 058/300 | train_loss=7.8120 | train_acc=0.9808 | test_loss=1.8982 | test_acc=0.8663
Epoch 060/300 | train_loss=6.7179 | train_acc=0.9835 | test_loss=1.8341 | test_acc=0.7964
Epoch 059/300 | train_loss=8.6343 | train_acc=0.9778 | test_loss=2.5946 | test_acc=0.8091
Epoch 060/300 | train_loss=7.9181 | train_acc=0.9799 | test_loss=2.1332 | test_acc=0.6939
Epoch 061/300 | train_loss=6.2324 | train_acc=0.9849 | test_loss=2.1095 | test_acc=0.7398
Epoch 060/300 | train_loss=8.0448 | train_acc=0.9797 | test_loss=2.1777 | test_acc=0.8365
Epoch 061/300 | train_loss=8.3017 | train_acc=0.9792 | test_loss=2.0190 | test_acc=0.8121
Epoch 062/300 | train_loss=7.2690 | train_acc=0.9818 | test_loss=1.8580 | test_acc=0.8752
Epoch 061/300 | train_loss=8.1294 | train_acc=0.9793 | test_loss=1.9833 | test_acc=0.8703
Epoch 062/300 | train_loss=7.9930 | train_acc=0.9793 | test_loss=2.0467 | test_acc=0.8382
Epoch 063/300 | train_loss=6.1710 | train_acc=0.9850 | test_loss=2.1170 | test_acc=0.8574
Epoch 062/300 | train_loss=7.1107 | train_acc=0.9818 | test_loss=2.4218 | test_acc=0.8466
Epoch 063/300 | train_loss=7.8826 | train_acc=0.9802 | test_loss=2.1714 | test_acc=0.7149
Epoch 064/300 | train_loss=7.1923 | train_acc=0.9817 | test_loss=1.9984 | test_acc=0.7933
Epoch 063/300 | train_loss=7.8369 | train_acc=0.9805 | test_loss=2.6157 | test_acc=0.7518
Epoch 064/300 | train_loss=8.3068 | train_acc=0.9789 | test_loss=2.5023 | test_acc=0.8450
Epoch 065/300 | train_loss=6.0876 | train_acc=0.9850 | test_loss=1.8569 | test_acc=0.7506
Epoch 064/300 | train_loss=8.0477 | train_acc=0.9800 | test_loss=2.3595 | test_acc=0.8800
Epoch 065/300 | train_loss=8.1262 | train_acc=0.9795 | test_loss=2.4655 | test_acc=0.7606
Epoch 066/300 | train_loss=6.6638 | train_acc=0.9834 | test_loss=1.9481 | test_acc=0.7480
Epoch 065/300 | train_loss=7.9774 | train_acc=0.9800 | test_loss=2.0036 | test_acc=0.8657
Epoch 067/300 | train_loss=7.0064 | train_acc=0.9821 | test_loss=1.8918 | test_acc=0.7808
Epoch 066/300 | train_loss=7.3455 | train_acc=0.9817 | test_loss=2.0798 | test_acc=0.6742
Epoch 066/300 | train_loss=7.9645 | train_acc=0.9801 | test_loss=2.2883 | test_acc=0.8987
Epoch 068/300 | train_loss=6.4441 | train_acc=0.9838 | test_loss=2.0244 | test_acc=0.7002
Epoch 067/300 | train_loss=7.5797 | train_acc=0.9807 | test_loss=1.8872 | test_acc=0.8656
Epoch 067/300 | train_loss=8.0552 | train_acc=0.9793 | test_loss=2.1407 | test_acc=0.7207
Epoch 069/300 | train_loss=6.7549 | train_acc=0.9830 | test_loss=1.9814 | test_acc=0.7750
Epoch 068/300 | train_loss=7.2108 | train_acc=0.9809 | test_loss=1.9035 | test_acc=0.9069
Epoch 068/300 | train_loss=7.7660 | train_acc=0.9804 | test_loss=2.2115 | test_acc=0.8137
Epoch 069/300 | train_loss=7.6667 | train_acc=0.9803 | test_loss=1.9152 | test_acc=0.8602
Epoch 070/300 | train_loss=6.5998 | train_acc=0.9827 | test_loss=1.9249 | test_acc=0.8323
Epoch 069/300 | train_loss=7.9084 | train_acc=0.9807 | test_loss=1.9273 | test_acc=0.7977
Epoch 070/300 | train_loss=6.7506 | train_acc=0.9830 | test_loss=2.0505 | test_acc=0.8965
Epoch 071/300 | train_loss=6.3640 | train_acc=0.9839 | test_loss=2.2214 | test_acc=0.7904
Epoch 070/300 | train_loss=7.3663 | train_acc=0.9809 | test_loss=1.9602 | test_acc=0.7897
Epoch 071/300 | train_loss=6.6954 | train_acc=0.9826 | test_loss=1.6781 | test_acc=0.8895
Epoch 071/300 | train_loss=7.0952 | train_acc=0.9818 | test_loss=2.4124 | test_acc=0.6348
Epoch 072/300 | train_loss=7.6463 | train_acc=0.9809 | test_loss=1.9699 | test_acc=0.7672
Epoch 072/300 | train_loss=6.9813 | train_acc=0.9814 | test_loss=1.9495 | test_acc=0.9178
Epoch 072/300 | train_loss=7.4413 | train_acc=0.9809 | test_loss=1.8450 | test_acc=0.8080
Epoch 073/300 | train_loss=5.8413 | train_acc=0.9857 | test_loss=1.9651 | test_acc=0.7695
Epoch 073/300 | train_loss=6.5929 | train_acc=0.9835 | test_loss=1.7907 | test_acc=0.8855
Epoch 073/300 | train_loss=6.6441 | train_acc=0.9830 | test_loss=2.0538 | test_acc=0.8365
Epoch 074/300 | train_loss=5.6329 | train_acc=0.9861 | test_loss=2.4022 | test_acc=0.8466
Epoch 074/300 | train_loss=6.3126 | train_acc=0.9838 | test_loss=1.8062 | test_acc=0.8812
Epoch 074/300 | train_loss=7.1737 | train_acc=0.9820 | test_loss=2.1205 | test_acc=0.8396
Epoch 075/300 | train_loss=6.1772 | train_acc=0.9845 | test_loss=2.2242 | test_acc=0.8347
Epoch 075/300 | train_loss=6.9412 | train_acc=0.9819 | test_loss=1.7485 | test_acc=0.8867
Epoch 075/300 | train_loss=6.0874 | train_acc=0.9846 | test_loss=2.0531 | test_acc=0.7173
Epoch 076/300 | train_loss=5.7713 | train_acc=0.9851 | test_loss=1.5760 | test_acc=0.8090
Epoch 076/300 | train_loss=6.9169 | train_acc=0.9830 | test_loss=1.8801 | test_acc=0.7512
Epoch 076/300 | train_loss=6.9618 | train_acc=0.9819 | test_loss=1.9999 | test_acc=0.8352
Epoch 077/300 | train_loss=5.3353 | train_acc=0.9863 | test_loss=2.0317 | test_acc=0.8252
Epoch 077/300 | train_loss=7.6080 | train_acc=0.9802 | test_loss=1.7713 | test_acc=0.8152
Epoch 077/300 | train_loss=7.5512 | train_acc=0.9807 | test_loss=1.9940 | test_acc=0.8920
Epoch 078/300 | train_loss=5.5029 | train_acc=0.9862 | test_loss=2.5228 | test_acc=0.7661
Epoch 078/300 | train_loss=6.5705 | train_acc=0.9831 | test_loss=1.9890 | test_acc=0.8682
Epoch 078/300 | train_loss=6.5874 | train_acc=0.9832 | test_loss=2.1123 | test_acc=0.8590
Epoch 079/300 | train_loss=7.0491 | train_acc=0.9825 | test_loss=1.8690 | test_acc=0.8542
Epoch 079/300 | train_loss=6.7884 | train_acc=0.9832 | test_loss=2.4000 | test_acc=0.8156
Epoch 079/300 | train_loss=7.0549 | train_acc=0.9821 | test_loss=2.1657 | test_acc=0.8947
Epoch 080/300 | train_loss=5.2238 | train_acc=0.9870 | test_loss=1.6006 | test_acc=0.8608
Epoch 080/300 | train_loss=5.9399 | train_acc=0.9849 | test_loss=1.9723 | test_acc=0.7520
Epoch 080/300 | train_loss=6.6773 | train_acc=0.9827 | test_loss=1.8234 | test_acc=0.8684
Epoch 081/300 | train_loss=5.4891 | train_acc=0.9862 | test_loss=1.8878 | test_acc=0.8699
Epoch 081/300 | train_loss=7.4509 | train_acc=0.9811 | test_loss=1.7684 | test_acc=0.7388
Epoch 081/300 | train_loss=6.0999 | train_acc=0.9844 | test_loss=1.8373 | test_acc=0.8670
Epoch 082/300 | train_loss=6.1488 | train_acc=0.9846 | test_loss=1.9197 | test_acc=0.8099
Epoch 082/300 | train_loss=6.5841 | train_acc=0.9833 | test_loss=2.0835 | test_acc=0.7700
Epoch 082/300 | train_loss=5.4018 | train_acc=0.9862 | test_loss=1.7943 | test_acc=0.8085
Epoch 083/300 | train_loss=5.3141 | train_acc=0.9870 | test_loss=1.6944 | test_acc=0.8136
Epoch 083/300 | train_loss=6.3702 | train_acc=0.9837 | test_loss=2.1043 | test_acc=0.7269
Epoch 083/300 | train_loss=6.5652 | train_acc=0.9831 | test_loss=1.7913 | test_acc=0.8773
Epoch 084/300 | train_loss=5.1994 | train_acc=0.9869 | test_loss=1.7853 | test_acc=0.8215
Epoch 084/300 | train_loss=6.2285 | train_acc=0.9841 | test_loss=2.1442 | test_acc=0.7230
Epoch 084/300 | train_loss=5.5797 | train_acc=0.9862 | test_loss=2.0427 | test_acc=0.8872
Epoch 085/300 | train_loss=4.7368 | train_acc=0.9882 | test_loss=1.7602 | test_acc=0.8784
Epoch 085/300 | train_loss=5.2934 | train_acc=0.9867 | test_loss=1.9260 | test_acc=0.7097
Epoch 085/300 | train_loss=6.4527 | train_acc=0.9843 | test_loss=1.5414 | test_acc=0.8869
Epoch 086/300 | train_loss=5.3962 | train_acc=0.9860 | test_loss=2.3702 | test_acc=0.8057
Epoch 086/300 | train_loss=5.7192 | train_acc=0.9858 | test_loss=2.0102 | test_acc=0.8222
Epoch 087/300 | train_loss=5.5753 | train_acc=0.9859 | test_loss=1.8650 | test_acc=0.8429
Epoch 086/300 | train_loss=5.4982 | train_acc=0.9863 | test_loss=1.5870 | test_acc=0.9067
Epoch 087/300 | train_loss=5.3304 | train_acc=0.9865 | test_loss=1.9409 | test_acc=0.8186
Epoch 088/300 | train_loss=4.9473 | train_acc=0.9876 | test_loss=1.8178 | test_acc=0.8597
Epoch 087/300 | train_loss=5.7776 | train_acc=0.9853 | test_loss=1.8810 | test_acc=0.9186
Epoch 088/300 | train_loss=5.9696 | train_acc=0.9850 | test_loss=2.6781 | test_acc=0.7690
Epoch 088/300 | train_loss=6.0027 | train_acc=0.9849 | test_loss=2.2019 | test_acc=0.8342
Epoch 089/300 | train_loss=5.9131 | train_acc=0.9845 | test_loss=1.9619 | test_acc=0.8406
Epoch 089/300 | train_loss=6.2087 | train_acc=0.9843 | test_loss=2.3311 | test_acc=0.8060
Epoch 089/300 | train_loss=5.2877 | train_acc=0.9866 | test_loss=2.0619 | test_acc=0.8682
Epoch 090/300 | train_loss=5.2748 | train_acc=0.9868 | test_loss=1.7204 | test_acc=0.8245
Epoch 090/300 | train_loss=6.4542 | train_acc=0.9835 | test_loss=2.1590 | test_acc=0.7518
Epoch 090/300 | train_loss=5.9683 | train_acc=0.9848 | test_loss=1.8360 | test_acc=0.8612
Epoch 091/300 | train_loss=5.0607 | train_acc=0.9875 | test_loss=1.8911 | test_acc=0.8487
Epoch 091/300 | train_loss=5.9995 | train_acc=0.9846 | test_loss=2.2619 | test_acc=0.7181
Epoch 091/300 | train_loss=5.8681 | train_acc=0.9859 | test_loss=1.9315 | test_acc=0.9047
Epoch 092/300 | train_loss=5.3146 | train_acc=0.9864 | test_loss=1.8519 | test_acc=0.7909
Epoch 092/300 | train_loss=5.9140 | train_acc=0.9848 | test_loss=1.9230 | test_acc=0.7255
Epoch 092/300 | train_loss=6.6837 | train_acc=0.9819 | test_loss=1.7573 | test_acc=0.8885
Epoch 093/300 | train_loss=4.9077 | train_acc=0.9879 | test_loss=1.7477 | test_acc=0.8313
Epoch 093/300 | train_loss=5.2076 | train_acc=0.9868 | test_loss=2.3762 | test_acc=0.7839
Epoch 093/300 | train_loss=5.1231 | train_acc=0.9868 | test_loss=1.8000 | test_acc=0.8599
Epoch 094/300 | train_loss=4.8174 | train_acc=0.9875 | test_loss=1.6320 | test_acc=0.8424
Epoch 094/300 | train_loss=5.6691 | train_acc=0.9856 | test_loss=1.9149 | test_acc=0.7788
Epoch 094/300 | train_loss=5.8138 | train_acc=0.9853 | test_loss=1.8609 | test_acc=0.8485
Epoch 095/300 | train_loss=4.0034 | train_acc=0.9903 | test_loss=1.6892 | test_acc=0.8428
Epoch 095/300 | train_loss=5.8296 | train_acc=0.9847 | test_loss=2.2061 | test_acc=0.7492
Epoch 095/300 | train_loss=6.7010 | train_acc=0.9833 | test_loss=1.6586 | test_acc=0.9105
Epoch 096/300 | train_loss=4.7776 | train_acc=0.9877 | test_loss=2.0989 | test_acc=0.9124
Epoch 097/300 | train_loss=5.9774 | train_acc=0.9856 | test_loss=1.8253 | test_acc=0.8541
Epoch 096/300 | train_loss=5.6031 | train_acc=0.9859 | test_loss=1.8228 | test_acc=0.9025
Epoch 096/300 | train_loss=6.1237 | train_acc=0.9844 | test_loss=2.0781 | test_acc=0.8256
Epoch 098/300 | train_loss=3.6373 | train_acc=0.9911 | test_loss=1.9085 | test_acc=0.8130
Epoch 097/300 | train_loss=5.4766 | train_acc=0.9857 | test_loss=1.7733 | test_acc=0.8317
Epoch 097/300 | train_loss=6.1862 | train_acc=0.9839 | test_loss=1.8198 | test_acc=0.8719
Epoch 099/300 | train_loss=6.3877 | train_acc=0.9839 | test_loss=1.6939 | test_acc=0.7952
Epoch 098/300 | train_loss=5.5808 | train_acc=0.9861 | test_loss=1.6870 | test_acc=0.7463
Epoch 098/300 | train_loss=4.6666 | train_acc=0.9879 | test_loss=2.0753 | test_acc=0.8952
Epoch 100/300 | train_loss=5.3159 | train_acc=0.9866 | test_loss=1.8473 | test_acc=0.8023
Epoch 099/300 | train_loss=5.9890 | train_acc=0.9846 | test_loss=1.9145 | test_acc=0.7203
Epoch 099/300 | train_loss=6.2311 | train_acc=0.9837 | test_loss=1.9950 | test_acc=0.8487
Epoch 101/300 | train_loss=5.3612 | train_acc=0.9863 | test_loss=1.8041 | test_acc=0.8293
Epoch 100/300 | train_loss=6.9133 | train_acc=0.9823 | test_loss=1.8524 | test_acc=0.9050
Epoch 100/300 | train_loss=6.9611 | train_acc=0.9824 | test_loss=2.0311 | test_acc=0.8146
Epoch 102/300 | train_loss=4.3430 | train_acc=0.9896 | test_loss=1.8406 | test_acc=0.8082
Epoch 101/300 | train_loss=4.9923 | train_acc=0.9871 | test_loss=1.5895 | test_acc=0.8725
Epoch 101/300 | train_loss=6.2684 | train_acc=0.9841 | test_loss=1.7652 | test_acc=0.8550
Epoch 103/300 | train_loss=4.9264 | train_acc=0.9872 | test_loss=1.9706 | test_acc=0.8886
Epoch 102/300 | train_loss=4.7966 | train_acc=0.9881 | test_loss=2.0713 | test_acc=0.8670
Epoch 102/300 | train_loss=5.4677 | train_acc=0.9858 | test_loss=1.9942 | test_acc=0.7514
Epoch 104/300 | train_loss=5.3467 | train_acc=0.9866 | test_loss=2.0459 | test_acc=0.8303
Epoch 103/300 | train_loss=5.2401 | train_acc=0.9869 | test_loss=1.9470 | test_acc=0.8826
Epoch 103/300 | train_loss=5.4155 | train_acc=0.9865 | test_loss=1.9792 | test_acc=0.8363
Epoch 105/300 | train_loss=5.5985 | train_acc=0.9860 | test_loss=1.8561 | test_acc=0.8794
Epoch 104/300 | train_loss=5.4414 | train_acc=0.9860 | test_loss=1.8527 | test_acc=0.8877
Epoch 104/300 | train_loss=5.3837 | train_acc=0.9864 | test_loss=1.9747 | test_acc=0.7918
Epoch 106/300 | train_loss=5.1101 | train_acc=0.9869 | test_loss=1.9267 | test_acc=0.8781
Epoch 105/300 | train_loss=4.8212 | train_acc=0.9877 | test_loss=1.8679 | test_acc=0.8901
Epoch 105/300 | train_loss=4.7157 | train_acc=0.9879 | test_loss=1.6426 | test_acc=0.7828
Epoch 107/300 | train_loss=4.4333 | train_acc=0.9888 | test_loss=1.6550 | test_acc=0.8683
Epoch 106/300 | train_loss=4.5501 | train_acc=0.9883 | test_loss=1.6010 | test_acc=0.9096
Epoch 106/300 | train_loss=5.3839 | train_acc=0.9862 | test_loss=1.8590 | test_acc=0.7241
Epoch 108/300 | train_loss=3.5162 | train_acc=0.9912 | test_loss=1.7469 | test_acc=0.7674
Epoch 107/300 | train_loss=4.8145 | train_acc=0.9873 | test_loss=1.9100 | test_acc=0.9135
Epoch 107/300 | train_loss=4.9178 | train_acc=0.9870 | test_loss=1.7757 | test_acc=0.8899
Epoch 108/300 | train_loss=5.2342 | train_acc=0.9866 | test_loss=1.8555 | test_acc=0.8809
Epoch 109/300 | train_loss=4.7999 | train_acc=0.9873 | test_loss=1.7862 | test_acc=0.8516
Epoch 108/300 | train_loss=5.2078 | train_acc=0.9870 | test_loss=2.1130 | test_acc=0.7993
Epoch 109/300 | train_loss=4.7819 | train_acc=0.9877 | test_loss=1.5980 | test_acc=0.8953
Epoch 110/300 | train_loss=3.9917 | train_acc=0.9901 | test_loss=2.1104 | test_acc=0.7982
Epoch 109/300 | train_loss=5.0385 | train_acc=0.9865 | test_loss=1.8133 | test_acc=0.8455
Epoch 110/300 | train_loss=4.4539 | train_acc=0.9888 | test_loss=1.8071 | test_acc=0.8766
Epoch 111/300 | train_loss=5.5193 | train_acc=0.9861 | test_loss=2.0292 | test_acc=0.8122
Epoch 110/300 | train_loss=4.2560 | train_acc=0.9890 | test_loss=1.9103 | test_acc=0.8185
Epoch 111/300 | train_loss=4.9209 | train_acc=0.9873 | test_loss=1.7547 | test_acc=0.9096
Epoch 112/300 | train_loss=4.1681 | train_acc=0.9895 | test_loss=1.6775 | test_acc=0.8386
Epoch 112/300 | train_loss=4.8717 | train_acc=0.9878 | test_loss=1.6760 | test_acc=0.8937
Epoch 111/300 | train_loss=4.6847 | train_acc=0.9879 | test_loss=2.1258 | test_acc=0.6947
Epoch 113/300 | train_loss=4.4279 | train_acc=0.9885 | test_loss=1.8058 | test_acc=0.8640
Epoch 113/300 | train_loss=4.8115 | train_acc=0.9873 | test_loss=1.6566 | test_acc=0.8799
Epoch 112/300 | train_loss=4.5814 | train_acc=0.9880 | test_loss=1.8771 | test_acc=0.7732
Epoch 114/300 | train_loss=3.9780 | train_acc=0.9898 | test_loss=2.3815 | test_acc=0.7219
Epoch 114/300 | train_loss=5.8906 | train_acc=0.9848 | test_loss=1.8069 | test_acc=0.9148
Epoch 113/300 | train_loss=4.2697 | train_acc=0.9890 | test_loss=1.8038 | test_acc=0.7685
Epoch 115/300 | train_loss=4.2183 | train_acc=0.9892 | test_loss=1.7858 | test_acc=0.8657
Epoch 115/300 | train_loss=4.6327 | train_acc=0.9883 | test_loss=1.5406 | test_acc=0.9165
Epoch 114/300 | train_loss=5.2573 | train_acc=0.9865 | test_loss=1.8318 | test_acc=0.7932
Epoch 116/300 | train_loss=4.2547 | train_acc=0.9900 | test_loss=1.7048 | test_acc=0.8359
Epoch 116/300 | train_loss=4.0629 | train_acc=0.9893 | test_loss=2.0226 | test_acc=0.8505
Epoch 115/300 | train_loss=5.6879 | train_acc=0.9855 | test_loss=1.9136 | test_acc=0.8270
Epoch 117/300 | train_loss=5.6799 | train_acc=0.9851 | test_loss=1.8144 | test_acc=0.7933
Epoch 117/300 | train_loss=5.1861 | train_acc=0.9866 | test_loss=1.6890 | test_acc=0.8839
Epoch 116/300 | train_loss=4.9175 | train_acc=0.9874 | test_loss=2.0517 | test_acc=0.7607
Epoch 118/300 | train_loss=3.9850 | train_acc=0.9901 | test_loss=2.0386 | test_acc=0.8795
Epoch 118/300 | train_loss=3.8772 | train_acc=0.9899 | test_loss=1.7325 | test_acc=0.8913
Epoch 117/300 | train_loss=4.3734 | train_acc=0.9885 | test_loss=1.8149 | test_acc=0.6978
Epoch 119/300 | train_loss=3.9884 | train_acc=0.9898 | test_loss=1.9247 | test_acc=0.8655
Epoch 119/300 | train_loss=3.9275 | train_acc=0.9900 | test_loss=2.1155 | test_acc=0.8849
Epoch 118/300 | train_loss=4.7341 | train_acc=0.9877 | test_loss=1.7652 | test_acc=0.7773
Epoch 120/300 | train_loss=4.2201 | train_acc=0.9893 | test_loss=2.2534 | test_acc=0.7913
Epoch 120/300 | train_loss=6.0077 | train_acc=0.9847 | test_loss=1.7083 | test_acc=0.9006
Epoch 119/300 | train_loss=4.5319 | train_acc=0.9886 | test_loss=1.7406 | test_acc=0.7825
Epoch 121/300 | train_loss=5.1475 | train_acc=0.9865 | test_loss=1.6630 | test_acc=0.8881
Epoch 121/300 | train_loss=4.3697 | train_acc=0.9887 | test_loss=1.9955 | test_acc=0.7978
Epoch 120/300 | train_loss=5.1617 | train_acc=0.9863 | test_loss=2.2350 | test_acc=0.7350
Epoch 122/300 | train_loss=4.6980 | train_acc=0.9881 | test_loss=1.5036 | test_acc=0.8892
Epoch 121/300 | train_loss=4.9557 | train_acc=0.9876 | test_loss=1.7242 | test_acc=0.7617
Epoch 122/300 | train_loss=4.5446 | train_acc=0.9883 | test_loss=1.6171 | test_acc=0.8272
Epoch 123/300 | train_loss=4.8918 | train_acc=0.9869 | test_loss=1.3893 | test_acc=0.9098
Epoch 122/300 | train_loss=4.8729 | train_acc=0.9878 | test_loss=1.9371 | test_acc=0.7630
Epoch 123/300 | train_loss=3.3869 | train_acc=0.9916 | test_loss=1.5588 | test_acc=0.8547
Epoch 124/300 | train_loss=4.5982 | train_acc=0.9885 | test_loss=1.6202 | test_acc=0.8560
Epoch 123/300 | train_loss=5.9695 | train_acc=0.9842 | test_loss=2.0143 | test_acc=0.8778
Epoch 124/300 | train_loss=5.1992 | train_acc=0.9872 | test_loss=1.7164 | test_acc=0.8612
Epoch 125/300 | train_loss=4.5449 | train_acc=0.9881 | test_loss=1.5077 | test_acc=0.9152
Epoch 124/300 | train_loss=4.5969 | train_acc=0.9880 | test_loss=1.8847 | test_acc=0.8343
Epoch 125/300 | train_loss=4.4455 | train_acc=0.9886 | test_loss=2.0147 | test_acc=0.8176
Epoch 126/300 | train_loss=4.5836 | train_acc=0.9886 | test_loss=1.8096 | test_acc=0.9242
Epoch 126/300 | train_loss=3.7018 | train_acc=0.9909 | test_loss=1.7247 | test_acc=0.8191
Epoch 125/300 | train_loss=4.9994 | train_acc=0.9874 | test_loss=1.9249 | test_acc=0.7232
Epoch 127/300 | train_loss=4.3189 | train_acc=0.9888 | test_loss=1.9407 | test_acc=0.8797
Epoch 127/300 | train_loss=3.2126 | train_acc=0.9921 | test_loss=1.8820 | test_acc=0.8515
Epoch 126/300 | train_loss=4.2976 | train_acc=0.9890 | test_loss=2.4333 | test_acc=0.7361
Epoch 128/300 | train_loss=4.4026 | train_acc=0.9886 | test_loss=2.7943 | test_acc=0.8263
Epoch 128/300 | train_loss=4.2962 | train_acc=0.9892 | test_loss=1.5420 | test_acc=0.8901
Epoch 127/300 | train_loss=5.2012 | train_acc=0.9868 | test_loss=1.6684 | test_acc=0.8161
Epoch 129/300 | train_loss=4.5905 | train_acc=0.9881 | test_loss=1.6845 | test_acc=0.8477
Epoch 128/300 | train_loss=4.4754 | train_acc=0.9881 | test_loss=2.0270 | test_acc=0.7686
Epoch 129/300 | train_loss=3.8526 | train_acc=0.9898 | test_loss=1.5884 | test_acc=0.9030
Epoch 130/300 | train_loss=3.5471 | train_acc=0.9910 | test_loss=1.7930 | test_acc=0.8053
Epoch 129/300 | train_loss=4.6326 | train_acc=0.9879 | test_loss=1.8169 | test_acc=0.7945
Epoch 130/300 | train_loss=3.9831 | train_acc=0.9898 | test_loss=1.8014 | test_acc=0.8963
Epoch 131/300 | train_loss=4.0058 | train_acc=0.9899 | test_loss=1.6860 | test_acc=0.8495
Epoch 130/300 | train_loss=3.8099 | train_acc=0.9903 | test_loss=1.7293 | test_acc=0.8465
Epoch 131/300 | train_loss=4.4750 | train_acc=0.9884 | test_loss=1.4949 | test_acc=0.9114
Epoch 132/300 | train_loss=3.2901 | train_acc=0.9918 | test_loss=1.8153 | test_acc=0.8889
Epoch 131/300 | train_loss=3.9070 | train_acc=0.9898 | test_loss=2.0569 | test_acc=0.6967
Epoch 132/300 | train_loss=4.3077 | train_acc=0.9885 | test_loss=1.6730 | test_acc=0.8584
Epoch 133/300 | train_loss=3.2646 | train_acc=0.9918 | test_loss=2.0328 | test_acc=0.8341
Epoch 132/300 | train_loss=3.6258 | train_acc=0.9907 | test_loss=1.7036 | test_acc=0.7823
Epoch 133/300 | train_loss=4.4668 | train_acc=0.9884 | test_loss=1.6695 | test_acc=0.9019
Epoch 134/300 | train_loss=4.5622 | train_acc=0.9886 | test_loss=1.7239 | test_acc=0.8024
Epoch 133/300 | train_loss=4.0037 | train_acc=0.9895 | test_loss=1.7924 | test_acc=0.7937
Epoch 134/300 | train_loss=3.9637 | train_acc=0.9897 | test_loss=1.7011 | test_acc=0.8622
Epoch 135/300 | train_loss=5.3926 | train_acc=0.9857 | test_loss=1.8410 | test_acc=0.8537
Epoch 134/300 | train_loss=4.6896 | train_acc=0.9881 | test_loss=1.7662 | test_acc=0.8219
Epoch 136/300 | train_loss=3.7707 | train_acc=0.9902 | test_loss=1.5690 | test_acc=0.8476
Epoch 135/300 | train_loss=3.8783 | train_acc=0.9899 | test_loss=1.7122 | test_acc=0.9042
Epoch 135/300 | train_loss=3.8409 | train_acc=0.9900 | test_loss=2.2090 | test_acc=0.7132
Epoch 137/300 | train_loss=2.7325 | train_acc=0.9932 | test_loss=1.6869 | test_acc=0.8504
Epoch 136/300 | train_loss=5.0138 | train_acc=0.9868 | test_loss=1.4961 | test_acc=0.8848
Epoch 136/300 | train_loss=4.9826 | train_acc=0.9875 | test_loss=1.9516 | test_acc=0.8105
Epoch 138/300 | train_loss=3.7388 | train_acc=0.9905 | test_loss=1.8421 | test_acc=0.8177
Epoch 137/300 | train_loss=5.0933 | train_acc=0.9872 | test_loss=1.4791 | test_acc=0.9043
Epoch 137/300 | train_loss=4.8630 | train_acc=0.9873 | test_loss=2.0185 | test_acc=0.7317
Epoch 139/300 | train_loss=3.1627 | train_acc=0.9922 | test_loss=1.9517 | test_acc=0.7873
Epoch 138/300 | train_loss=3.7779 | train_acc=0.9906 | test_loss=1.5655 | test_acc=0.9090
Epoch 140/300 | train_loss=3.9037 | train_acc=0.9902 | test_loss=1.5913 | test_acc=0.8563
Epoch 138/300 | train_loss=4.8673 | train_acc=0.9876 | test_loss=1.7393 | test_acc=0.7917
Epoch 139/300 | train_loss=3.3165 | train_acc=0.9913 | test_loss=2.2038 | test_acc=0.8588
Epoch 139/300 | train_loss=4.8671 | train_acc=0.9870 | test_loss=2.2706 | test_acc=0.8643
Epoch 141/300 | train_loss=3.2778 | train_acc=0.9916 | test_loss=1.7268 | test_acc=0.8663
Epoch 140/300 | train_loss=4.1024 | train_acc=0.9893 | test_loss=1.8334 | test_acc=0.8839
Epoch 142/300 | train_loss=3.8105 | train_acc=0.9901 | test_loss=1.8590 | test_acc=0.8562
Epoch 140/300 | train_loss=4.6762 | train_acc=0.9877 | test_loss=2.5745 | test_acc=0.8313
Epoch 141/300 | train_loss=3.5695 | train_acc=0.9906 | test_loss=1.6959 | test_acc=0.9052
Epoch 143/300 | train_loss=4.8510 | train_acc=0.9878 | test_loss=1.7419 | test_acc=0.8014
Epoch 141/300 | train_loss=4.7094 | train_acc=0.9877 | test_loss=2.2937 | test_acc=0.7157
Epoch 142/300 | train_loss=5.3706 | train_acc=0.9862 | test_loss=1.4455 | test_acc=0.9056
Epoch 144/300 | train_loss=4.3233 | train_acc=0.9896 | test_loss=2.2607 | test_acc=0.8283
Epoch 142/300 | train_loss=3.3082 | train_acc=0.9915 | test_loss=1.8413 | test_acc=0.7404
Epoch 143/300 | train_loss=3.9986 | train_acc=0.9893 | test_loss=1.6631 | test_acc=0.8830
Epoch 145/300 | train_loss=4.2584 | train_acc=0.9892 | test_loss=1.5275 | test_acc=0.8036
Epoch 144/300 | train_loss=3.1487 | train_acc=0.9918 | test_loss=1.3746 | test_acc=0.8773
Epoch 143/300 | train_loss=2.9441 | train_acc=0.9923 | test_loss=1.7932 | test_acc=0.7444
Epoch 146/300 | train_loss=2.9386 | train_acc=0.9926 | test_loss=2.1036 | test_acc=0.8874
Epoch 145/300 | train_loss=4.2874 | train_acc=0.9893 | test_loss=1.8227 | test_acc=0.8396
Epoch 144/300 | train_loss=3.5968 | train_acc=0.9909 | test_loss=2.2787 | test_acc=0.8642
Epoch 146/300 | train_loss=4.5433 | train_acc=0.9879 | test_loss=1.7914 | test_acc=0.9081
Epoch 147/300 | train_loss=3.6268 | train_acc=0.9907 | test_loss=1.7051 | test_acc=0.7853
Epoch 145/300 | train_loss=4.1122 | train_acc=0.9892 | test_loss=2.0686 | test_acc=0.7805
Epoch 147/300 | train_loss=4.1916 | train_acc=0.9890 | test_loss=2.0443 | test_acc=0.8537
Epoch 148/300 | train_loss=3.2428 | train_acc=0.9917 | test_loss=1.7184 | test_acc=0.8515
Epoch 146/300 | train_loss=4.1948 | train_acc=0.9893 | test_loss=1.7526 | test_acc=0.7737
Epoch 148/300 | train_loss=4.1508 | train_acc=0.9891 | test_loss=1.4428 | test_acc=0.8970
Epoch 149/300 | train_loss=3.5820 | train_acc=0.9907 | test_loss=1.9688 | test_acc=0.8467
Epoch 147/300 | train_loss=4.2448 | train_acc=0.9889 | test_loss=2.2926 | test_acc=0.7029
Epoch 149/300 | train_loss=3.6828 | train_acc=0.9902 | test_loss=1.7673 | test_acc=0.8524
Epoch 150/300 | train_loss=3.7610 | train_acc=0.9904 | test_loss=1.6840 | test_acc=0.8625
Epoch 148/300 | train_loss=3.4508 | train_acc=0.9908 | test_loss=1.9472 | test_acc=0.8646
Epoch 150/300 | train_loss=5.1643 | train_acc=0.9870 | test_loss=1.5594 | test_acc=0.8902
Epoch 151/300 | train_loss=3.7776 | train_acc=0.9905 | test_loss=1.7356 | test_acc=0.8524
Epoch 149/300 | train_loss=5.0536 | train_acc=0.9872 | test_loss=2.1742 | test_acc=0.8174
Epoch 151/300 | train_loss=3.3206 | train_acc=0.9915 | test_loss=1.4382 | test_acc=0.9227
Epoch 152/300 | train_loss=4.1056 | train_acc=0.9893 | test_loss=1.6094 | test_acc=0.8417
Epoch 150/300 | train_loss=3.3570 | train_acc=0.9916 | test_loss=1.8801 | test_acc=0.7194
Epoch 152/300 | train_loss=2.6470 | train_acc=0.9930 | test_loss=1.8798 | test_acc=0.8742
Epoch 153/300 | train_loss=3.8196 | train_acc=0.9904 | test_loss=1.6841 | test_acc=0.8506
Epoch 153/300 | train_loss=3.8191 | train_acc=0.9901 | test_loss=2.2544 | test_acc=0.8513
Epoch 151/300 | train_loss=3.1931 | train_acc=0.9917 | test_loss=1.7400 | test_acc=0.7625
Epoch 154/300 | train_loss=3.3166 | train_acc=0.9919 | test_loss=1.5298 | test_acc=0.8769
Epoch 154/300 | train_loss=4.3834 | train_acc=0.9886 | test_loss=1.6338 | test_acc=0.8903
Epoch 152/300 | train_loss=4.1138 | train_acc=0.9891 | test_loss=1.9474 | test_acc=0.7842
Epoch 155/300 | train_loss=2.8334 | train_acc=0.9929 | test_loss=1.5525 | test_acc=0.8692
Epoch 155/300 | train_loss=4.5882 | train_acc=0.9882 | test_loss=2.3963 | test_acc=0.8522
Epoch 153/300 | train_loss=3.2790 | train_acc=0.9915 | test_loss=2.0084 | test_acc=0.8313
Epoch 156/300 | train_loss=4.6281 | train_acc=0.9879 | test_loss=1.5074 | test_acc=0.9117
Epoch 156/300 | train_loss=2.8387 | train_acc=0.9931 | test_loss=1.7982 | test_acc=0.7914
Epoch 154/300 | train_loss=3.3355 | train_acc=0.9916 | test_loss=1.7308 | test_acc=0.7747
Epoch 157/300 | train_loss=2.6448 | train_acc=0.9929 | test_loss=1.3947 | test_acc=0.9146
Epoch 157/300 | train_loss=3.4282 | train_acc=0.9915 | test_loss=1.6304 | test_acc=0.8580
Epoch 155/300 | train_loss=3.7776 | train_acc=0.9901 | test_loss=2.0939 | test_acc=0.6731
Epoch 158/300 | train_loss=3.4387 | train_acc=0.9911 | test_loss=1.6522 | test_acc=0.8954
Epoch 156/300 | train_loss=4.0944 | train_acc=0.9893 | test_loss=1.6326 | test_acc=0.8153
Epoch 158/300 | train_loss=4.5738 | train_acc=0.9886 | test_loss=1.6633 | test_acc=0.8321
Epoch 159/300 | train_loss=4.0648 | train_acc=0.9892 | test_loss=1.9325 | test_acc=0.8962
Epoch 157/300 | train_loss=3.3122 | train_acc=0.9911 | test_loss=1.8173 | test_acc=0.8545
Epoch 159/300 | train_loss=2.9950 | train_acc=0.9929 | test_loss=1.9454 | test_acc=0.8702
Epoch 160/300 | train_loss=4.4811 | train_acc=0.9878 | test_loss=1.5953 | test_acc=0.8827
Epoch 158/300 | train_loss=3.0146 | train_acc=0.9922 | test_loss=1.8425 | test_acc=0.8699
Epoch 160/300 | train_loss=4.4094 | train_acc=0.9885 | test_loss=1.6743 | test_acc=0.8169
Epoch 161/300 | train_loss=4.2722 | train_acc=0.9888 | test_loss=1.9614 | test_acc=0.8569
Epoch 161/300 | train_loss=3.3118 | train_acc=0.9917 | test_loss=1.5737 | test_acc=0.8503
Epoch 159/300 | train_loss=3.9919 | train_acc=0.9896 | test_loss=1.8870 | test_acc=0.7882
Epoch 162/300 | train_loss=3.8691 | train_acc=0.9898 | test_loss=1.5219 | test_acc=0.8554
Epoch 162/300 | train_loss=2.8947 | train_acc=0.9926 | test_loss=1.6539 | test_acc=0.8520
Epoch 160/300 | train_loss=3.1517 | train_acc=0.9922 | test_loss=2.2774 | test_acc=0.8147
Epoch 163/300 | train_loss=2.7380 | train_acc=0.9930 | test_loss=1.4998 | test_acc=0.9047
Epoch 161/300 | train_loss=4.5391 | train_acc=0.9879 | test_loss=1.9500 | test_acc=0.8180
Epoch 163/300 | train_loss=3.8180 | train_acc=0.9904 | test_loss=1.5319 | test_acc=0.8585
Epoch 164/300 | train_loss=3.0898 | train_acc=0.9921 | test_loss=1.6648 | test_acc=0.8920
Epoch 162/300 | train_loss=4.7404 | train_acc=0.9875 | test_loss=1.9743 | test_acc=0.8406
Epoch 164/300 | train_loss=2.4959 | train_acc=0.9938 | test_loss=2.0703 | test_acc=0.7979
Epoch 165/300 | train_loss=3.4407 | train_acc=0.9910 | test_loss=1.7160 | test_acc=0.8618
Epoch 163/300 | train_loss=3.4039 | train_acc=0.9916 | test_loss=1.7379 | test_acc=0.7621
Epoch 165/300 | train_loss=3.9677 | train_acc=0.9903 | test_loss=1.8279 | test_acc=0.7805
Epoch 166/300 | train_loss=4.1636 | train_acc=0.9895 | test_loss=1.8636 | test_acc=0.8984
Epoch 164/300 | train_loss=3.4645 | train_acc=0.9906 | test_loss=1.9604 | test_acc=0.8365
Epoch 166/300 | train_loss=3.2281 | train_acc=0.9918 | test_loss=1.7380 | test_acc=0.8764
Epoch 165/300 | train_loss=4.1071 | train_acc=0.9892 | test_loss=1.9171 | test_acc=0.8584
Epoch 167/300 | train_loss=3.2107 | train_acc=0.9915 | test_loss=1.5069 | test_acc=0.9372
Epoch 167/300 | train_loss=3.0660 | train_acc=0.9925 | test_loss=1.7317 | test_acc=0.8371
Epoch 166/300 | train_loss=3.5694 | train_acc=0.9903 | test_loss=1.8417 | test_acc=0.7817
Epoch 168/300 | train_loss=4.0659 | train_acc=0.9899 | test_loss=1.5150 | test_acc=0.8936
Epoch 168/300 | train_loss=3.0580 | train_acc=0.9923 | test_loss=1.5690 | test_acc=0.8616
Epoch 167/300 | train_loss=3.6658 | train_acc=0.9904 | test_loss=2.2366 | test_acc=0.7265
Epoch 169/300 | train_loss=2.9729 | train_acc=0.9923 | test_loss=1.5297 | test_acc=0.9157
Epoch 169/300 | train_loss=2.2940 | train_acc=0.9940 | test_loss=1.6293 | test_acc=0.8599
Epoch 168/300 | train_loss=5.2292 | train_acc=0.9871 | test_loss=1.8394 | test_acc=0.7261
Epoch 170/300 | train_loss=3.4185 | train_acc=0.9910 | test_loss=1.6545 | test_acc=0.8725
Epoch 170/300 | train_loss=2.3711 | train_acc=0.9942 | test_loss=1.7363 | test_acc=0.8747
Epoch 169/300 | train_loss=4.3739 | train_acc=0.9885 | test_loss=1.8789 | test_acc=0.7615
Epoch 171/300 | train_loss=2.4111 | train_acc=0.9934 | test_loss=1.5773 | test_acc=0.9101
Epoch 170/300 | train_loss=2.7464 | train_acc=0.9929 | test_loss=1.9612 | test_acc=0.8712
Epoch 171/300 | train_loss=4.6316 | train_acc=0.9885 | test_loss=1.7678 | test_acc=0.8380
Epoch 172/300 | train_loss=3.1000 | train_acc=0.9921 | test_loss=1.6711 | test_acc=0.8962
Epoch 171/300 | train_loss=3.4115 | train_acc=0.9910 | test_loss=2.2613 | test_acc=0.7458
Epoch 172/300 | train_loss=2.7607 | train_acc=0.9928 | test_loss=1.8142 | test_acc=0.8546
Epoch 173/300 | train_loss=3.6768 | train_acc=0.9902 | test_loss=1.4668 | test_acc=0.9229
Epoch 173/300 | train_loss=2.9878 | train_acc=0.9923 | test_loss=1.7098 | test_acc=0.8439
Epoch 172/300 | train_loss=4.5650 | train_acc=0.9879 | test_loss=2.0419 | test_acc=0.7179
Epoch 174/300 | train_loss=3.7884 | train_acc=0.9902 | test_loss=1.4104 | test_acc=0.9128
Epoch 174/300 | train_loss=3.1461 | train_acc=0.9922 | test_loss=1.7299 | test_acc=0.8302
Epoch 173/300 | train_loss=3.4943 | train_acc=0.9909 | test_loss=1.8953 | test_acc=0.7357
Epoch 175/300 | train_loss=3.1220 | train_acc=0.9923 | test_loss=2.1410 | test_acc=0.9302
Epoch 175/300 | train_loss=3.2948 | train_acc=0.9919 | test_loss=2.0635 | test_acc=0.8635
Epoch 174/300 | train_loss=3.1839 | train_acc=0.9916 | test_loss=1.7053 | test_acc=0.8475
Epoch 176/300 | train_loss=5.0881 | train_acc=0.9865 | test_loss=1.5998 | test_acc=0.9083
Epoch 176/300 | train_loss=2.5225 | train_acc=0.9935 | test_loss=1.8443 | test_acc=0.7407
Epoch 175/300 | train_loss=2.8946 | train_acc=0.9926 | test_loss=2.0325 | test_acc=0.8428
Epoch 177/300 | train_loss=3.2601 | train_acc=0.9915 | test_loss=1.6591 | test_acc=0.8975
Epoch 177/300 | train_loss=4.0208 | train_acc=0.9897 | test_loss=1.8070 | test_acc=0.8558
Epoch 176/300 | train_loss=4.3017 | train_acc=0.9887 | test_loss=1.8501 | test_acc=0.7978
Epoch 178/300 | train_loss=2.5145 | train_acc=0.9936 | test_loss=1.8393 | test_acc=0.8534
Epoch 178/300 | train_loss=4.0426 | train_acc=0.9894 | test_loss=1.5119 | test_acc=0.8942
Epoch 177/300 | train_loss=4.4209 | train_acc=0.9883 | test_loss=1.8410 | test_acc=0.8388
Epoch 179/300 | train_loss=4.5702 | train_acc=0.9887 | test_loss=1.7856 | test_acc=0.8735
Epoch 179/300 | train_loss=3.7748 | train_acc=0.9896 | test_loss=1.4574 | test_acc=0.8911
Epoch 178/300 | train_loss=3.1163 | train_acc=0.9918 | test_loss=1.9756 | test_acc=0.8285
Epoch 180/300 | train_loss=4.2421 | train_acc=0.9888 | test_loss=1.6500 | test_acc=0.8947
Epoch 180/300 | train_loss=2.5475 | train_acc=0.9933 | test_loss=1.4485 | test_acc=0.9149
Epoch 179/300 | train_loss=2.9718 | train_acc=0.9923 | test_loss=1.7776 | test_acc=0.7733
Epoch 181/300 | train_loss=2.3197 | train_acc=0.9942 | test_loss=2.1983 | test_acc=0.7638
Epoch 181/300 | train_loss=2.6372 | train_acc=0.9934 | test_loss=1.7015 | test_acc=0.8723
Epoch 180/300 | train_loss=2.9276 | train_acc=0.9924 | test_loss=1.9639 | test_acc=0.8333
Epoch 182/300 | train_loss=2.5722 | train_acc=0.9934 | test_loss=1.6078 | test_acc=0.8797
Epoch 182/300 | train_loss=2.6975 | train_acc=0.9928 | test_loss=1.4922 | test_acc=0.9250
Epoch 181/300 | train_loss=2.8804 | train_acc=0.9923 | test_loss=2.3571 | test_acc=0.8219
Epoch 183/300 | train_loss=2.0828 | train_acc=0.9948 | test_loss=1.7616 | test_acc=0.8282
Epoch 183/300 | train_loss=3.4480 | train_acc=0.9910 | test_loss=1.4731 | test_acc=0.9117
Epoch 182/300 | train_loss=3.3231 | train_acc=0.9911 | test_loss=2.3621 | test_acc=0.7407
Epoch 184/300 | train_loss=2.2113 | train_acc=0.9945 | test_loss=1.8244 | test_acc=0.8437
Epoch 184/300 | train_loss=2.6455 | train_acc=0.9930 | test_loss=1.4022 | test_acc=0.9130
Epoch 183/300 | train_loss=4.0126 | train_acc=0.9890 | test_loss=1.8070 | test_acc=0.7972
Epoch 185/300 | train_loss=3.6391 | train_acc=0.9905 | test_loss=1.9494 | test_acc=0.8489
Epoch 185/300 | train_loss=2.2098 | train_acc=0.9942 | test_loss=1.7367 | test_acc=0.8913
Epoch 184/300 | train_loss=3.3962 | train_acc=0.9913 | test_loss=1.9537 | test_acc=0.8128
Epoch 186/300 | train_loss=4.1513 | train_acc=0.9893 | test_loss=2.3180 | test_acc=0.8036
Epoch 186/300 | train_loss=3.3762 | train_acc=0.9912 | test_loss=1.4476 | test_acc=0.8960
Epoch 185/300 | train_loss=3.5757 | train_acc=0.9907 | test_loss=1.9464 | test_acc=0.8370
Epoch 187/300 | train_loss=3.6763 | train_acc=0.9904 | test_loss=1.8170 | test_acc=0.8602
Epoch 187/300 | train_loss=2.6991 | train_acc=0.9929 | test_loss=1.4450 | test_acc=0.8819
Epoch 186/300 | train_loss=3.6928 | train_acc=0.9902 | test_loss=2.0466 | test_acc=0.8308
Epoch 188/300 | train_loss=2.8689 | train_acc=0.9926 | test_loss=1.8353 | test_acc=0.8529
Epoch 188/300 | train_loss=3.2197 | train_acc=0.9910 | test_loss=1.4439 | test_acc=0.9247
Epoch 187/300 | train_loss=4.6160 | train_acc=0.9879 | test_loss=1.9928 | test_acc=0.8093
Epoch 189/300 | train_loss=2.1684 | train_acc=0.9946 | test_loss=2.1346 | test_acc=0.8668
Epoch 189/300 | train_loss=3.1255 | train_acc=0.9917 | test_loss=1.8611 | test_acc=0.9127
Epoch 188/300 | train_loss=2.3365 | train_acc=0.9936 | test_loss=1.8120 | test_acc=0.8593
Epoch 190/300 | train_loss=3.7677 | train_acc=0.9908 | test_loss=1.6741 | test_acc=0.8946
Epoch 190/300 | train_loss=5.3762 | train_acc=0.9858 | test_loss=1.6597 | test_acc=0.8950
Epoch 189/300 | train_loss=3.2160 | train_acc=0.9915 | test_loss=2.1625 | test_acc=0.8712
Epoch 191/300 | train_loss=3.4084 | train_acc=0.9909 | test_loss=1.8606 | test_acc=0.8889
Epoch 191/300 | train_loss=3.2015 | train_acc=0.9914 | test_loss=1.7042 | test_acc=0.8548
Epoch 190/300 | train_loss=2.4898 | train_acc=0.9932 | test_loss=1.7260 | test_acc=0.8300
Epoch 192/300 | train_loss=1.9520 | train_acc=0.9952 | test_loss=1.7385 | test_acc=0.8340
Epoch 192/300 | train_loss=2.4073 | train_acc=0.9936 | test_loss=1.5187 | test_acc=0.8981
Epoch 191/300 | train_loss=3.0871 | train_acc=0.9919 | test_loss=1.7694 | test_acc=0.7784
Epoch 193/300 | train_loss=2.9350 | train_acc=0.9924 | test_loss=1.8824 | test_acc=0.7901
Epoch 193/300 | train_loss=2.9224 | train_acc=0.9925 | test_loss=1.6312 | test_acc=0.9054
Epoch 192/300 | train_loss=2.6128 | train_acc=0.9933 | test_loss=1.6952 | test_acc=0.8382
Epoch 194/300 | train_loss=4.0148 | train_acc=0.9897 | test_loss=1.8290 | test_acc=0.8247
Epoch 194/300 | train_loss=2.5525 | train_acc=0.9930 | test_loss=1.5902 | test_acc=0.9045
Epoch 193/300 | train_loss=1.7072 | train_acc=0.9960 | test_loss=2.1682 | test_acc=0.7553
Epoch 195/300 | train_loss=3.4976 | train_acc=0.9909 | test_loss=1.6406 | test_acc=0.8313
Epoch 195/300 | train_loss=2.5733 | train_acc=0.9934 | test_loss=1.7988 | test_acc=0.9196
Epoch 194/300 | train_loss=3.6387 | train_acc=0.9901 | test_loss=2.2580 | test_acc=0.8110
Epoch 196/300 | train_loss=2.2066 | train_acc=0.9944 | test_loss=1.5927 | test_acc=0.8778
Epoch 196/300 | train_loss=4.0667 | train_acc=0.9897 | test_loss=1.5438 | test_acc=0.9239
Epoch 195/300 | train_loss=4.3926 | train_acc=0.9882 | test_loss=2.2583 | test_acc=0.8357
Epoch 197/300 | train_loss=2.1889 | train_acc=0.9947 | test_loss=1.5138 | test_acc=0.8830
Epoch 197/300 | train_loss=3.1982 | train_acc=0.9915 | test_loss=1.4868 | test_acc=0.9001
Epoch 196/300 | train_loss=3.0371 | train_acc=0.9920 | test_loss=1.8635 | test_acc=0.7636
Epoch 198/300 | train_loss=1.6773 | train_acc=0.9960 | test_loss=1.6840 | test_acc=0.8649
Epoch 198/300 | train_loss=2.4809 | train_acc=0.9932 | test_loss=1.5127 | test_acc=0.9135
Epoch 197/300 | train_loss=3.2835 | train_acc=0.9916 | test_loss=2.1037 | test_acc=0.7523
Epoch 199/300 | train_loss=2.6201 | train_acc=0.9932 | test_loss=1.7160 | test_acc=0.7878
Epoch 199/300 | train_loss=3.2625 | train_acc=0.9915 | test_loss=2.1372 | test_acc=0.9354
Epoch 198/300 | train_loss=3.5019 | train_acc=0.9911 | test_loss=1.9200 | test_acc=0.7241
Epoch 200/300 | train_loss=3.7097 | train_acc=0.9905 | test_loss=1.9832 | test_acc=0.8557
Epoch 200/300 | train_loss=3.7740 | train_acc=0.9900 | test_loss=1.4038 | test_acc=0.9043
Epoch 199/300 | train_loss=3.6679 | train_acc=0.9909 | test_loss=1.7027 | test_acc=0.7959
Epoch 201/300 | train_loss=3.2321 | train_acc=0.9919 | test_loss=1.8901 | test_acc=0.8554
Epoch 201/300 | train_loss=4.2314 | train_acc=0.9889 | test_loss=1.7365 | test_acc=0.8995
Epoch 200/300 | train_loss=2.8771 | train_acc=0.9918 | test_loss=1.8147 | test_acc=0.7597
Epoch 202/300 | train_loss=2.2004 | train_acc=0.9942 | test_loss=1.5244 | test_acc=0.9211
Epoch 202/300 | train_loss=2.2083 | train_acc=0.9945 | test_loss=1.7563 | test_acc=0.8372
Epoch 201/300 | train_loss=3.6909 | train_acc=0.9902 | test_loss=1.8844 | test_acc=0.8507
Epoch 203/300 | train_loss=3.1139 | train_acc=0.9919 | test_loss=2.0423 | test_acc=0.8805
Epoch 203/300 | train_loss=2.4958 | train_acc=0.9938 | test_loss=2.2708 | test_acc=0.8855
Epoch 202/300 | train_loss=3.1952 | train_acc=0.9917 | test_loss=2.1210 | test_acc=0.7797
Epoch 204/300 | train_loss=3.9345 | train_acc=0.9897 | test_loss=1.4480 | test_acc=0.9224
Epoch 204/300 | train_loss=5.5152 | train_acc=0.9860 | test_loss=1.6070 | test_acc=0.8251
Epoch 205/300 | train_loss=4.0048 | train_acc=0.9897 | test_loss=1.4065 | test_acc=0.9030
Epoch 203/300 | train_loss=2.8110 | train_acc=0.9923 | test_loss=1.8797 | test_acc=0.8237
Epoch 205/300 | train_loss=2.8135 | train_acc=0.9928 | test_loss=1.7618 | test_acc=0.8199
Epoch 206/300 | train_loss=3.0914 | train_acc=0.9919 | test_loss=1.5698 | test_acc=0.9180
Epoch 204/300 | train_loss=2.1691 | train_acc=0.9942 | test_loss=1.8196 | test_acc=0.7387
Epoch 206/300 | train_loss=1.6535 | train_acc=0.9962 | test_loss=2.3468 | test_acc=0.8763
Epoch 207/300 | train_loss=3.0293 | train_acc=0.9917 | test_loss=1.3161 | test_acc=0.9091
Epoch 205/300 | train_loss=2.0551 | train_acc=0.9948 | test_loss=2.0379 | test_acc=0.7823
Epoch 207/300 | train_loss=1.7913 | train_acc=0.9956 | test_loss=1.7541 | test_acc=0.8783
Epoch 208/300 | train_loss=2.0315 | train_acc=0.9948 | test_loss=1.5550 | test_acc=0.8923
Epoch 206/300 | train_loss=2.3702 | train_acc=0.9934 | test_loss=2.1964 | test_acc=0.7602
Epoch 208/300 | train_loss=1.0457 | train_acc=0.9977 | test_loss=1.6074 | test_acc=0.8930
Epoch 207/300 | train_loss=3.5246 | train_acc=0.9904 | test_loss=1.9601 | test_acc=0.7430
Epoch 209/300 | train_loss=2.0625 | train_acc=0.9943 | test_loss=1.4574 | test_acc=0.9276
Epoch 209/300 | train_loss=1.5641 | train_acc=0.9963 | test_loss=1.8160 | test_acc=0.8668
Epoch 208/300 | train_loss=2.6934 | train_acc=0.9926 | test_loss=2.2505 | test_acc=0.7269
Epoch 210/300 | train_loss=2.9334 | train_acc=0.9928 | test_loss=1.5157 | test_acc=0.9112
Epoch 210/300 | train_loss=3.8052 | train_acc=0.9905 | test_loss=1.9533 | test_acc=0.8504
Epoch 209/300 | train_loss=2.9942 | train_acc=0.9920 | test_loss=2.0126 | test_acc=0.8113
Epoch 211/300 | train_loss=3.0143 | train_acc=0.9920 | test_loss=1.8745 | test_acc=0.8851
Epoch 211/300 | train_loss=3.8426 | train_acc=0.9902 | test_loss=1.6942 | test_acc=0.8846
Epoch 210/300 | train_loss=4.0902 | train_acc=0.9896 | test_loss=1.9704 | test_acc=0.7490
Epoch 212/300 | train_loss=3.0261 | train_acc=0.9918 | test_loss=1.6149 | test_acc=0.9002
Epoch 212/300 | train_loss=2.4584 | train_acc=0.9936 | test_loss=1.8360 | test_acc=0.8320
Epoch 211/300 | train_loss=3.3060 | train_acc=0.9912 | test_loss=1.9305 | test_acc=0.7744
Epoch 213/300 | train_loss=2.3158 | train_acc=0.9940 | test_loss=1.4679 | test_acc=0.9140
Epoch 213/300 | train_loss=2.0683 | train_acc=0.9948 | test_loss=1.6790 | test_acc=0.8355
Epoch 212/300 | train_loss=2.4626 | train_acc=0.9933 | test_loss=1.8073 | test_acc=0.8357
Epoch 214/300 | train_loss=1.7274 | train_acc=0.9956 | test_loss=1.3346 | test_acc=0.9064
Epoch 214/300 | train_loss=2.8525 | train_acc=0.9927 | test_loss=1.7846 | test_acc=0.8871
Epoch 215/300 | train_loss=2.4450 | train_acc=0.9938 | test_loss=1.6838 | test_acc=0.8957
Epoch 213/300 | train_loss=2.1535 | train_acc=0.9941 | test_loss=1.7385 | test_acc=0.8233
Epoch 215/300 | train_loss=1.6836 | train_acc=0.9957 | test_loss=1.7751 | test_acc=0.9062
Epoch 216/300 | train_loss=3.6298 | train_acc=0.9905 | test_loss=1.4660 | test_acc=0.8840
Epoch 214/300 | train_loss=2.9910 | train_acc=0.9920 | test_loss=1.8434 | test_acc=0.8592
Epoch 216/300 | train_loss=1.7156 | train_acc=0.9957 | test_loss=1.8535 | test_acc=0.8539
Epoch 217/300 | train_loss=1.8695 | train_acc=0.9950 | test_loss=1.6146 | test_acc=0.9455
Epoch 215/300 | train_loss=2.3205 | train_acc=0.9941 | test_loss=1.9094 | test_acc=0.7874
Epoch 217/300 | train_loss=4.3644 | train_acc=0.9891 | test_loss=1.6786 | test_acc=0.8716
Epoch 218/300 | train_loss=2.1838 | train_acc=0.9944 | test_loss=1.4255 | test_acc=0.9322
Epoch 216/300 | train_loss=2.7004 | train_acc=0.9931 | test_loss=1.9464 | test_acc=0.7978
Epoch 218/300 | train_loss=3.8872 | train_acc=0.9904 | test_loss=2.3551 | test_acc=0.8178
Epoch 219/300 | train_loss=2.5252 | train_acc=0.9932 | test_loss=1.5871 | test_acc=0.8822
Epoch 219/300 | train_loss=2.8536 | train_acc=0.9927 | test_loss=1.7509 | test_acc=0.8468
Epoch 220/300 | train_loss=3.0237 | train_acc=0.9919 | test_loss=1.5924 | test_acc=0.9072
Epoch 217/300 | train_loss=2.7398 | train_acc=0.9928 | test_loss=1.9124 | test_acc=0.8429
Epoch 220/300 | train_loss=2.2369 | train_acc=0.9943 | test_loss=1.7585 | test_acc=0.8295
Epoch 221/300 | train_loss=2.6951 | train_acc=0.9930 | test_loss=1.6554 | test_acc=0.8923
Epoch 218/300 | train_loss=3.6248 | train_acc=0.9902 | test_loss=1.8620 | test_acc=0.8345
Epoch 221/300 | train_loss=1.7899 | train_acc=0.9954 | test_loss=1.6694 | test_acc=0.8416
Epoch 222/300 | train_loss=4.1338 | train_acc=0.9895 | test_loss=1.7416 | test_acc=0.8975
Epoch 219/300 | train_loss=3.8879 | train_acc=0.9898 | test_loss=2.0012 | test_acc=0.8794
Epoch 222/300 | train_loss=1.7510 | train_acc=0.9953 | test_loss=1.8267 | test_acc=0.8451
Epoch 223/300 | train_loss=2.6657 | train_acc=0.9929 | test_loss=2.1827 | test_acc=0.8745
Epoch 220/300 | train_loss=2.3839 | train_acc=0.9937 | test_loss=1.9283 | test_acc=0.8544
Epoch 223/300 | train_loss=3.4559 | train_acc=0.9912 | test_loss=1.9467 | test_acc=0.8100
Epoch 224/300 | train_loss=2.8884 | train_acc=0.9926 | test_loss=1.4478 | test_acc=0.9094
Epoch 221/300 | train_loss=2.9646 | train_acc=0.9923 | test_loss=1.9821 | test_acc=0.8131
Epoch 224/300 | train_loss=3.5637 | train_acc=0.9910 | test_loss=1.9004 | test_acc=0.8641
Epoch 225/300 | train_loss=3.1329 | train_acc=0.9917 | test_loss=1.3799 | test_acc=0.8920
Epoch 222/300 | train_loss=2.3263 | train_acc=0.9938 | test_loss=1.7729 | test_acc=0.8071
Epoch 225/300 | train_loss=3.1282 | train_acc=0.9917 | test_loss=1.8046 | test_acc=0.8563
Epoch 226/300 | train_loss=1.4063 | train_acc=0.9966 | test_loss=1.3384 | test_acc=0.9084
Epoch 226/300 | train_loss=1.7337 | train_acc=0.9957 | test_loss=1.9490 | test_acc=0.8436
Epoch 223/300 | train_loss=1.9794 | train_acc=0.9948 | test_loss=1.8421 | test_acc=0.7931
Epoch 227/300 | train_loss=1.9459 | train_acc=0.9948 | test_loss=1.6687 | test_acc=0.9098
Epoch 227/300 | train_loss=2.7466 | train_acc=0.9928 | test_loss=1.6360 | test_acc=0.8270
Epoch 224/300 | train_loss=1.8552 | train_acc=0.9950 | test_loss=1.9562 | test_acc=0.7624
Epoch 228/300 | train_loss=2.1678 | train_acc=0.9944 | test_loss=1.6745 | test_acc=0.9164
Epoch 228/300 | train_loss=1.4037 | train_acc=0.9967 | test_loss=1.6783 | test_acc=0.8432
Epoch 225/300 | train_loss=4.6122 | train_acc=0.9881 | test_loss=2.0651 | test_acc=0.7602
Epoch 229/300 | train_loss=2.5877 | train_acc=0.9932 | test_loss=1.4157 | test_acc=0.9409
Epoch 229/300 | train_loss=2.1873 | train_acc=0.9944 | test_loss=1.9307 | test_acc=0.8250
Epoch 226/300 | train_loss=4.1569 | train_acc=0.9893 | test_loss=1.9723 | test_acc=0.7519
Epoch 230/300 | train_loss=2.9644 | train_acc=0.9921 | test_loss=1.6233 | test_acc=0.9162
Epoch 230/300 | train_loss=2.8425 | train_acc=0.9926 | test_loss=1.8997 | test_acc=0.7778
Epoch 227/300 | train_loss=3.3518 | train_acc=0.9916 | test_loss=1.9477 | test_acc=0.8239
Epoch 231/300 | train_loss=3.2906 | train_acc=0.9911 | test_loss=2.0825 | test_acc=0.9145
Epoch 231/300 | train_loss=5.4726 | train_acc=0.9865 | test_loss=1.8934 | test_acc=0.8449
Epoch 228/300 | train_loss=3.5748 | train_acc=0.9907 | test_loss=2.0004 | test_acc=0.7956
Epoch 232/300 | train_loss=4.5187 | train_acc=0.9888 | test_loss=1.4916 | test_acc=0.9030
Epoch 232/300 | train_loss=3.6410 | train_acc=0.9908 | test_loss=1.8880 | test_acc=0.8391
Epoch 233/300 | train_loss=2.8667 | train_acc=0.9927 | test_loss=1.8039 | test_acc=0.9252
Epoch 229/300 | train_loss=1.7964 | train_acc=0.9951 | test_loss=2.0522 | test_acc=0.7760
Epoch 233/300 | train_loss=2.0819 | train_acc=0.9950 | test_loss=1.8273 | test_acc=0.8509
Epoch 234/300 | train_loss=2.7027 | train_acc=0.9927 | test_loss=1.6129 | test_acc=0.9024
Epoch 230/300 | train_loss=3.3352 | train_acc=0.9912 | test_loss=2.1318 | test_acc=0.7993
Epoch 234/300 | train_loss=1.9335 | train_acc=0.9951 | test_loss=1.6648 | test_acc=0.8919
Epoch 235/300 | train_loss=2.4698 | train_acc=0.9934 | test_loss=1.7764 | test_acc=0.8734
Epoch 231/300 | train_loss=2.9709 | train_acc=0.9920 | test_loss=1.8504 | test_acc=0.8341
Epoch 236/300 | train_loss=2.1101 | train_acc=0.9940 | test_loss=1.7403 | test_acc=0.9073
Epoch 235/300 | train_loss=2.2702 | train_acc=0.9941 | test_loss=1.9709 | test_acc=0.8538
Epoch 232/300 | train_loss=1.7992 | train_acc=0.9951 | test_loss=1.6470 | test_acc=0.8419
Epoch 237/300 | train_loss=2.4755 | train_acc=0.9935 | test_loss=1.4729 | test_acc=0.9299
Epoch 236/300 | train_loss=2.3588 | train_acc=0.9940 | test_loss=1.7834 | test_acc=0.8557
Epoch 233/300 | train_loss=2.0577 | train_acc=0.9943 | test_loss=2.0878 | test_acc=0.8754
Epoch 238/300 | train_loss=1.5704 | train_acc=0.9961 | test_loss=1.4330 | test_acc=0.8991
Epoch 237/300 | train_loss=1.8226 | train_acc=0.9953 | test_loss=1.6910 | test_acc=0.8576
Epoch 234/300 | train_loss=3.0088 | train_acc=0.9918 | test_loss=1.7725 | test_acc=0.7849
Epoch 239/300 | train_loss=1.6415 | train_acc=0.9957 | test_loss=1.6569 | test_acc=0.8909
Epoch 238/300 | train_loss=2.1176 | train_acc=0.9947 | test_loss=1.6002 | test_acc=0.8427
Epoch 235/300 | train_loss=1.7895 | train_acc=0.9953 | test_loss=1.8398 | test_acc=0.8201
Epoch 240/300 | train_loss=1.8684 | train_acc=0.9953 | test_loss=1.6925 | test_acc=0.8994
Epoch 239/300 | train_loss=2.6917 | train_acc=0.9930 | test_loss=1.9612 | test_acc=0.7650
Epoch 236/300 | train_loss=2.5525 | train_acc=0.9931 | test_loss=1.8413 | test_acc=0.7417
Epoch 241/300 | train_loss=2.7414 | train_acc=0.9929 | test_loss=2.3097 | test_acc=0.8343
Epoch 240/300 | train_loss=3.3066 | train_acc=0.9914 | test_loss=1.9065 | test_acc=0.8006
Epoch 237/300 | train_loss=1.5116 | train_acc=0.9959 | test_loss=1.9339 | test_acc=0.7576
Epoch 242/300 | train_loss=2.7429 | train_acc=0.9923 | test_loss=1.5131 | test_acc=0.9133
Epoch 241/300 | train_loss=2.1988 | train_acc=0.9943 | test_loss=1.7125 | test_acc=0.8751
Epoch 238/300 | train_loss=4.3223 | train_acc=0.9892 | test_loss=2.0869 | test_acc=0.8292
Epoch 243/300 | train_loss=2.6231 | train_acc=0.9932 | test_loss=1.7158 | test_acc=0.9084
Epoch 242/300 | train_loss=2.4939 | train_acc=0.9938 | test_loss=2.0984 | test_acc=0.8156
Epoch 239/300 | train_loss=3.5184 | train_acc=0.9901 | test_loss=2.1761 | test_acc=0.9104
Epoch 244/300 | train_loss=4.1177 | train_acc=0.9889 | test_loss=1.6564 | test_acc=0.8908
Epoch 243/300 | train_loss=2.6036 | train_acc=0.9932 | test_loss=1.8957 | test_acc=0.8087
Epoch 240/300 | train_loss=4.7160 | train_acc=0.9876 | test_loss=1.8428 | test_acc=0.7399
Epoch 245/300 | train_loss=2.4040 | train_acc=0.9938 | test_loss=1.5181 | test_acc=0.9354
Epoch 244/300 | train_loss=2.7930 | train_acc=0.9928 | test_loss=1.8096 | test_acc=0.8376
Epoch 241/300 | train_loss=2.0764 | train_acc=0.9943 | test_loss=1.8656 | test_acc=0.8213
Epoch 246/300 | train_loss=1.9233 | train_acc=0.9948 | test_loss=1.5800 | test_acc=0.9301
Epoch 245/300 | train_loss=3.9487 | train_acc=0.9899 | test_loss=1.5996 | test_acc=0.8770
Epoch 242/300 | train_loss=1.4337 | train_acc=0.9962 | test_loss=1.6470 | test_acc=0.7996
Epoch 247/300 | train_loss=2.6146 | train_acc=0.9935 | test_loss=1.9688 | test_acc=0.8994
Epoch 246/300 | train_loss=1.3407 | train_acc=0.9965 | test_loss=1.5931 | test_acc=0.8430
Epoch 243/300 | train_loss=1.4856 | train_acc=0.9964 | test_loss=2.0806 | test_acc=0.8284
Epoch 248/300 | train_loss=4.0702 | train_acc=0.9896 | test_loss=1.6054 | test_acc=0.8804
Epoch 244/300 | train_loss=3.0729 | train_acc=0.9919 | test_loss=1.7728 | test_acc=0.7663
Epoch 247/300 | train_loss=3.2141 | train_acc=0.9918 | test_loss=1.5619 | test_acc=0.8183
Epoch 249/300 | train_loss=3.4058 | train_acc=0.9910 | test_loss=1.4772 | test_acc=0.9103
Epoch 245/300 | train_loss=2.0070 | train_acc=0.9948 | test_loss=1.9334 | test_acc=0.8201
Epoch 248/300 | train_loss=1.6225 | train_acc=0.9954 | test_loss=1.6275 | test_acc=0.8416
Epoch 250/300 | train_loss=3.1404 | train_acc=0.9918 | test_loss=1.6236 | test_acc=0.8916
Epoch 246/300 | train_loss=4.5160 | train_acc=0.9883 | test_loss=2.4943 | test_acc=0.8526
Epoch 249/300 | train_loss=1.8655 | train_acc=0.9954 | test_loss=1.8648 | test_acc=0.8706
Epoch 251/300 | train_loss=2.8934 | train_acc=0.9922 | test_loss=1.6333 | test_acc=0.8882
Epoch 247/300 | train_loss=3.4463 | train_acc=0.9912 | test_loss=1.8963 | test_acc=0.7993
Epoch 250/300 | train_loss=1.5117 | train_acc=0.9961 | test_loss=1.8253 | test_acc=0.9026
Epoch 252/300 | train_loss=1.2139 | train_acc=0.9970 | test_loss=1.4563 | test_acc=0.9439
Epoch 248/300 | train_loss=3.0486 | train_acc=0.9917 | test_loss=1.9940 | test_acc=0.8734
Epoch 251/300 | train_loss=3.2702 | train_acc=0.9918 | test_loss=1.5189 | test_acc=0.8490
Epoch 253/300 | train_loss=1.0563 | train_acc=0.9974 | test_loss=1.3351 | test_acc=0.9312
Epoch 249/300 | train_loss=3.6102 | train_acc=0.9905 | test_loss=1.9232 | test_acc=0.8502
Epoch 254/300 | train_loss=0.8130 | train_acc=0.9982 | test_loss=1.3809 | test_acc=0.9140
Epoch 252/300 | train_loss=1.9398 | train_acc=0.9952 | test_loss=1.6000 | test_acc=0.8710
Epoch 250/300 | train_loss=2.3766 | train_acc=0.9936 | test_loss=1.7836 | test_acc=0.8322
Epoch 253/300 | train_loss=1.9493 | train_acc=0.9949 | test_loss=1.6507 | test_acc=0.8208
Epoch 255/300 | train_loss=0.7893 | train_acc=0.9982 | test_loss=1.4207 | test_acc=0.9313
Epoch 254/300 | train_loss=2.0896 | train_acc=0.9944 | test_loss=1.6784 | test_acc=0.8476
Epoch 256/300 | train_loss=3.2505 | train_acc=0.9916 | test_loss=1.5056 | test_acc=0.9216
Epoch 251/300 | train_loss=3.1534 | train_acc=0.9918 | test_loss=2.5388 | test_acc=0.8482
Epoch 257/300 | train_loss=2.2459 | train_acc=0.9942 | test_loss=1.7152 | test_acc=0.8838
Epoch 255/300 | train_loss=1.4298 | train_acc=0.9962 | test_loss=1.6318 | test_acc=0.8608
Epoch 252/300 | train_loss=3.0148 | train_acc=0.9921 | test_loss=2.1206 | test_acc=0.7676
Epoch 256/300 | train_loss=1.2689 | train_acc=0.9966 | test_loss=1.8736 | test_acc=0.8568
Epoch 258/300 | train_loss=3.3664 | train_acc=0.9913 | test_loss=2.0208 | test_acc=0.9239
Epoch 253/300 | train_loss=3.0131 | train_acc=0.9924 | test_loss=1.7995 | test_acc=0.8240
Epoch 259/300 | train_loss=3.5934 | train_acc=0.9903 | test_loss=1.5149 | test_acc=0.8978
Epoch 257/300 | train_loss=3.2591 | train_acc=0.9922 | test_loss=2.2079 | test_acc=0.7743
Epoch 254/300 | train_loss=2.0606 | train_acc=0.9945 | test_loss=1.8970 | test_acc=0.8563
Epoch 260/300 | train_loss=3.3872 | train_acc=0.9915 | test_loss=2.1402 | test_acc=0.8917
Epoch 255/300 | train_loss=1.3157 | train_acc=0.9965 | test_loss=1.8669 | test_acc=0.8147
Epoch 258/300 | train_loss=3.3491 | train_acc=0.9914 | test_loss=1.6124 | test_acc=0.9002
Epoch 256/300 | train_loss=1.7677 | train_acc=0.9954 | test_loss=1.9019 | test_acc=0.8324
Epoch 261/300 | train_loss=3.2502 | train_acc=0.9916 | test_loss=1.7183 | test_acc=0.8866
Epoch 259/300 | train_loss=3.0149 | train_acc=0.9924 | test_loss=1.7828 | test_acc=0.8281
Epoch 257/300 | train_loss=2.1238 | train_acc=0.9941 | test_loss=1.8960 | test_acc=0.7784
Epoch 262/300 | train_loss=1.2519 | train_acc=0.9969 | test_loss=1.3273 | test_acc=0.9207
Epoch 260/300 | train_loss=2.3421 | train_acc=0.9939 | test_loss=1.9268 | test_acc=0.8234
Epoch 258/300 | train_loss=2.5029 | train_acc=0.9932 | test_loss=1.8812 | test_acc=0.7761
Epoch 263/300 | train_loss=1.0816 | train_acc=0.9974 | test_loss=1.4135 | test_acc=0.9325
Epoch 261/300 | train_loss=2.7541 | train_acc=0.9929 | test_loss=2.0364 | test_acc=0.8829
Epoch 259/300 | train_loss=1.7697 | train_acc=0.9953 | test_loss=2.0084 | test_acc=0.8004
Epoch 264/300 | train_loss=0.9326 | train_acc=0.9978 | test_loss=1.3620 | test_acc=0.9415
Epoch 262/300 | train_loss=2.4507 | train_acc=0.9939 | test_loss=1.8585 | test_acc=0.8138
Epoch 260/300 | train_loss=2.0323 | train_acc=0.9946 | test_loss=1.9867 | test_acc=0.8197
Epoch 265/300 | train_loss=1.8764 | train_acc=0.9954 | test_loss=1.6006 | test_acc=0.9185
Epoch 263/300 | train_loss=1.9486 | train_acc=0.9948 | test_loss=1.5786 | test_acc=0.8323
Epoch 261/300 | train_loss=2.6992 | train_acc=0.9930 | test_loss=1.9891 | test_acc=0.8046
Epoch 266/300 | train_loss=3.2937 | train_acc=0.9918 | test_loss=1.7891 | test_acc=0.9304
Epoch 264/300 | train_loss=1.1753 | train_acc=0.9970 | test_loss=1.6225 | test_acc=0.8779
Epoch 267/300 | train_loss=2.8559 | train_acc=0.9928 | test_loss=1.4412 | test_acc=0.9187
Epoch 262/300 | train_loss=4.1083 | train_acc=0.9890 | test_loss=2.4010 | test_acc=0.8839
Epoch 265/300 | train_loss=1.7535 | train_acc=0.9957 | test_loss=2.0044 | test_acc=0.8073
Epoch 268/300 | train_loss=3.0391 | train_acc=0.9920 | test_loss=1.5867 | test_acc=0.9156
Epoch 263/300 | train_loss=4.2433 | train_acc=0.9894 | test_loss=2.2716 | test_acc=0.6688
Epoch 266/300 | train_loss=2.6084 | train_acc=0.9932 | test_loss=1.7837 | test_acc=0.8610
Epoch 269/300 | train_loss=2.7584 | train_acc=0.9927 | test_loss=1.6691 | test_acc=0.9396
Epoch 264/300 | train_loss=2.8165 | train_acc=0.9924 | test_loss=1.9452 | test_acc=0.7828
Epoch 267/300 | train_loss=2.6325 | train_acc=0.9936 | test_loss=2.0171 | test_acc=0.8475
Epoch 265/300 | train_loss=2.8893 | train_acc=0.9927 | test_loss=1.9057 | test_acc=0.7900
Epoch 270/300 | train_loss=1.3427 | train_acc=0.9964 | test_loss=1.3769 | test_acc=0.9194
Epoch 268/300 | train_loss=1.5056 | train_acc=0.9963 | test_loss=1.6536 | test_acc=0.8274
Epoch 271/300 | train_loss=1.5716 | train_acc=0.9962 | test_loss=1.6712 | test_acc=0.9368
Epoch 266/300 | train_loss=2.2649 | train_acc=0.9941 | test_loss=1.8688 | test_acc=0.8262
Epoch 269/300 | train_loss=1.8849 | train_acc=0.9952 | test_loss=1.9385 | test_acc=0.8244
Epoch 272/300 | train_loss=2.5343 | train_acc=0.9934 | test_loss=1.5389 | test_acc=0.9212
Epoch 267/300 | train_loss=1.7928 | train_acc=0.9952 | test_loss=1.8597 | test_acc=0.8018
Epoch 270/300 | train_loss=3.6712 | train_acc=0.9907 | test_loss=1.7962 | test_acc=0.8447
Epoch 273/300 | train_loss=3.5738 | train_acc=0.9904 | test_loss=1.8072 | test_acc=0.8748
Epoch 268/300 | train_loss=1.5771 | train_acc=0.9959 | test_loss=1.5949 | test_acc=0.8232
Epoch 274/300 | train_loss=1.9459 | train_acc=0.9950 | test_loss=1.4803 | test_acc=0.9061
Epoch 271/300 | train_loss=1.3297 | train_acc=0.9968 | test_loss=1.6179 | test_acc=0.8647
Epoch 269/300 | train_loss=0.9234 | train_acc=0.9977 | test_loss=1.8021 | test_acc=0.7999
Epoch 275/300 | train_loss=2.1835 | train_acc=0.9943 | test_loss=1.7353 | test_acc=0.8979
Epoch 270/300 | train_loss=1.6831 | train_acc=0.9957 | test_loss=2.4692 | test_acc=0.7333
Epoch 272/300 | train_loss=1.1049 | train_acc=0.9973 | test_loss=1.7671 | test_acc=0.8788
Epoch 276/300 | train_loss=2.3594 | train_acc=0.9937 | test_loss=1.8068 | test_acc=0.9323
Epoch 271/300 | train_loss=3.3093 | train_acc=0.9911 | test_loss=2.3241 | test_acc=0.7260
Epoch 273/300 | train_loss=2.7207 | train_acc=0.9931 | test_loss=1.8056 | test_acc=0.8279
Epoch 277/300 | train_loss=2.2908 | train_acc=0.9935 | test_loss=1.9927 | test_acc=0.8760
Epoch 272/300 | train_loss=4.5711 | train_acc=0.9881 | test_loss=2.4567 | test_acc=0.7561
Epoch 274/300 | train_loss=3.7188 | train_acc=0.9908 | test_loss=2.2614 | test_acc=0.7538
Epoch 278/300 | train_loss=2.6842 | train_acc=0.9930 | test_loss=1.5272 | test_acc=0.9192
Epoch 275/300 | train_loss=2.2248 | train_acc=0.9943 | test_loss=1.8844 | test_acc=0.8115
Epoch 273/300 | train_loss=5.1969 | train_acc=0.9864 | test_loss=1.9017 | test_acc=0.8542
Epoch 279/300 | train_loss=1.3949 | train_acc=0.9965 | test_loss=1.7251 | test_acc=0.8773
Epoch 276/300 | train_loss=2.8037 | train_acc=0.9927 | test_loss=1.6920 | test_acc=0.8682
Epoch 274/300 | train_loss=2.6604 | train_acc=0.9934 | test_loss=1.9072 | test_acc=0.7534
Epoch 280/300 | train_loss=2.0785 | train_acc=0.9941 | test_loss=1.6082 | test_acc=0.8910
Epoch 275/300 | train_loss=1.6312 | train_acc=0.9956 | test_loss=2.1478 | test_acc=0.7919
Epoch 277/300 | train_loss=2.1766 | train_acc=0.9942 | test_loss=1.6139 | test_acc=0.8659
Epoch 281/300 | train_loss=1.3224 | train_acc=0.9965 | test_loss=1.7880 | test_acc=0.9215
Epoch 276/300 | train_loss=2.3008 | train_acc=0.9937 | test_loss=1.9868 | test_acc=0.7699
Epoch 278/300 | train_loss=2.5677 | train_acc=0.9934 | test_loss=1.9052 | test_acc=0.8338
Epoch 282/300 | train_loss=3.7931 | train_acc=0.9900 | test_loss=1.9979 | test_acc=0.9183
Epoch 277/300 | train_loss=3.4075 | train_acc=0.9906 | test_loss=1.8051 | test_acc=0.7898
Epoch 279/300 | train_loss=1.3052 | train_acc=0.9966 | test_loss=1.6422 | test_acc=0.8374
Epoch 278/300 | train_loss=1.9411 | train_acc=0.9948 | test_loss=1.6985 | test_acc=0.8148
Epoch 283/300 | train_loss=2.7629 | train_acc=0.9929 | test_loss=1.5652 | test_acc=0.9081
Epoch 280/300 | train_loss=1.4734 | train_acc=0.9964 | test_loss=1.6976 | test_acc=0.8517
Epoch 279/300 | train_loss=1.8441 | train_acc=0.9951 | test_loss=1.6898 | test_acc=0.8237
Epoch 284/300 | train_loss=1.5188 | train_acc=0.9957 | test_loss=1.4534 | test_acc=0.9298
Epoch 281/300 | train_loss=1.4113 | train_acc=0.9967 | test_loss=1.9379 | test_acc=0.8667
Epoch 280/300 | train_loss=0.9896 | train_acc=0.9976 | test_loss=1.7578 | test_acc=0.7893
Epoch 285/300 | train_loss=0.8351 | train_acc=0.9980 | test_loss=1.4023 | test_acc=0.9208
Epoch 282/300 | train_loss=2.8564 | train_acc=0.9927 | test_loss=1.9087 | test_acc=0.8327
Epoch 281/300 | train_loss=1.2730 | train_acc=0.9969 | test_loss=1.8087 | test_acc=0.8069
Epoch 286/300 | train_loss=1.3190 | train_acc=0.9970 | test_loss=1.8765 | test_acc=0.9122
Epoch 283/300 | train_loss=2.9569 | train_acc=0.9924 | test_loss=2.2253 | test_acc=0.8326
Epoch 282/300 | train_loss=1.0330 | train_acc=0.9974 | test_loss=1.7902 | test_acc=0.7808
Epoch 284/300 | train_loss=2.0044 | train_acc=0.9949 | test_loss=1.7010 | test_acc=0.8704
Epoch 287/300 | train_loss=3.4140 | train_acc=0.9909 | test_loss=1.8955 | test_acc=0.9162
Epoch 283/300 | train_loss=1.0320 | train_acc=0.9972 | test_loss=2.0191 | test_acc=0.7268
Epoch 285/300 | train_loss=1.8683 | train_acc=0.9954 | test_loss=2.0550 | test_acc=0.8200
Epoch 288/300 | train_loss=3.1074 | train_acc=0.9919 | test_loss=1.6017 | test_acc=0.9141
Epoch 284/300 | train_loss=1.7945 | train_acc=0.9950 | test_loss=1.9242 | test_acc=0.8304
Epoch 286/300 | train_loss=1.4729 | train_acc=0.9965 | test_loss=1.6265 | test_acc=0.8586
Epoch 289/300 | train_loss=1.5370 | train_acc=0.9959 | test_loss=1.6076 | test_acc=0.9071
Epoch 287/300 | train_loss=0.8069 | train_acc=0.9981 | test_loss=1.5777 | test_acc=0.8595
Epoch 285/300 | train_loss=3.3319 | train_acc=0.9913 | test_loss=2.2307 | test_acc=0.8414
Epoch 290/300 | train_loss=1.3971 | train_acc=0.9964 | test_loss=1.4935 | test_acc=0.9162
Epoch 288/300 | train_loss=0.8418 | train_acc=0.9981 | test_loss=1.5458 | test_acc=0.8608
Epoch 286/300 | train_loss=2.4150 | train_acc=0.9936 | test_loss=1.8570 | test_acc=0.8421
Epoch 291/300 | train_loss=1.1068 | train_acc=0.9972 | test_loss=1.5859 | test_acc=0.9230
Epoch 289/300 | train_loss=0.9560 | train_acc=0.9978 | test_loss=1.8770 | test_acc=0.8252
Epoch 287/300 | train_loss=1.6085 | train_acc=0.9959 | test_loss=2.0703 | test_acc=0.8124
Epoch 292/300 | train_loss=2.1839 | train_acc=0.9940 | test_loss=1.5023 | test_acc=0.9107
Epoch 288/300 | train_loss=2.7258 | train_acc=0.9928 | test_loss=2.3118 | test_acc=0.6722
Epoch 290/300 | train_loss=4.2453 | train_acc=0.9897 | test_loss=2.2347 | test_acc=0.8618
Epoch 293/300 | train_loss=1.4532 | train_acc=0.9962 | test_loss=1.9515 | test_acc=0.9006
Epoch 289/300 | train_loss=2.5083 | train_acc=0.9934 | test_loss=1.7446 | test_acc=0.8376
Epoch 294/300 | train_loss=2.8780 | train_acc=0.9925 | test_loss=1.8942 | test_acc=0.8767
Epoch 291/300 | train_loss=2.8278 | train_acc=0.9927 | test_loss=1.8135 | test_acc=0.8321
Epoch 290/300 | train_loss=3.7415 | train_acc=0.9903 | test_loss=2.1198 | test_acc=0.7697
Epoch 295/300 | train_loss=2.1977 | train_acc=0.9943 | test_loss=1.4649 | test_acc=0.9076
Epoch 291/300 | train_loss=2.4778 | train_acc=0.9933 | test_loss=1.7669 | test_acc=0.8454
Epoch 292/300 | train_loss=3.3336 | train_acc=0.9916 | test_loss=1.7324 | test_acc=0.8568
Epoch 296/300 | train_loss=1.2320 | train_acc=0.9967 | test_loss=1.8001 | test_acc=0.9142
Epoch 293/300 | train_loss=1.7948 | train_acc=0.9955 | test_loss=1.6649 | test_acc=0.8496
Epoch 292/300 | train_loss=1.2727 | train_acc=0.9968 | test_loss=1.7892 | test_acc=0.8477
Epoch 297/300 | train_loss=2.3192 | train_acc=0.9940 | test_loss=1.6904 | test_acc=0.9061
Epoch 293/300 | train_loss=0.7878 | train_acc=0.9980 | test_loss=2.0694 | test_acc=0.8493
Epoch 294/300 | train_loss=1.7632 | train_acc=0.9956 | test_loss=1.6761 | test_acc=0.8223
Epoch 298/300 | train_loss=1.6714 | train_acc=0.9956 | test_loss=1.8056 | test_acc=0.8610
Epoch 294/300 | train_loss=0.8556 | train_acc=0.9978 | test_loss=2.1028 | test_acc=0.8010
Epoch 295/300 | train_loss=1.8831 | train_acc=0.9952 | test_loss=1.7025 | test_acc=0.8488
Epoch 299/300 | train_loss=1.4583 | train_acc=0.9962 | test_loss=1.9786 | test_acc=0.8771
Epoch 295/300 | train_loss=1.5006 | train_acc=0.9960 | test_loss=2.0367 | test_acc=0.8363
Epoch 296/300 | train_loss=1.5323 | train_acc=0.9960 | test_loss=1.6408 | test_acc=0.8750
Epoch 300/300 | train_loss=1.9416 | train_acc=0.9947 | test_loss=1.7056 | test_acc=0.9011
Epoch 296/300 | train_loss=2.6216 | train_acc=0.9927 | test_loss=2.1510 | test_acc=0.8293
Epoch 297/300 | train_loss=0.7296 | train_acc=0.9984 | test_loss=1.5251 | test_acc=0.8743
Completed random run 3 on cuda:7 | test_acc=0.9011
Started random run 4 | seed=1237 | device=cuda:5 | trainable_params=22538 | total_params=23184
Epoch 297/300 | train_loss=3.2554 | train_acc=0.9915 | test_loss=2.3897 | test_acc=0.7815
Epoch 298/300 | train_loss=1.3543 | train_acc=0.9966 | test_loss=2.2608 | test_acc=0.7922
Epoch 298/300 | train_loss=4.0173 | train_acc=0.9901 | test_loss=1.7384 | test_acc=0.8741
Epoch 299/300 | train_loss=2.6415 | train_acc=0.9933 | test_loss=1.6534 | test_acc=0.9070
Epoch 001/300 | train_loss=190.9859 | train_acc=0.4278 | test_loss=21.3601 | test_acc=0.3437
Epoch 299/300 | train_loss=1.4942 | train_acc=0.9962 | test_loss=1.8978 | test_acc=0.7642
Epoch 300/300 | train_loss=3.6159 | train_acc=0.9915 | test_loss=2.3894 | test_acc=0.8594
Epoch 002/300 | train_loss=108.6216 | train_acc=0.6514 | test_loss=15.6705 | test_acc=0.4490
Epoch 300/300 | train_loss=2.4701 | train_acc=0.9935 | test_loss=1.8894 | test_acc=0.7599
Completed random run 1 on cuda:5 | test_acc=0.8594
Started random run 5 | seed=1238 | device=cuda:6 | trainable_params=22538 | total_params=23184
Epoch 003/300 | train_loss=81.6055 | train_acc=0.7438 | test_loss=12.7348 | test_acc=0.4777
Completed random run 2 on cuda:6 | test_acc=0.7599
Started bio_trainable run 1 | seed=1234 | device=cuda:7 | trainable_params=23562 | total_params=24212
Epoch 004/300 | train_loss=65.8370 | train_acc=0.8135 | test_loss=11.9749 | test_acc=0.5211
Epoch 005/300 | train_loss=49.8017 | train_acc=0.8761 | test_loss=7.1121 | test_acc=0.6822
Epoch 001/300 | train_loss=204.2311 | train_acc=0.3735 | test_loss=23.2466 | test_acc=0.3317
Epoch 001/300 | train_loss=261.7930 | train_acc=0.2528 | test_loss=42.6366 | test_acc=0.3840
Epoch 006/300 | train_loss=39.3953 | train_acc=0.9046 | test_loss=6.6946 | test_acc=0.6246
Epoch 002/300 | train_loss=109.0962 | train_acc=0.6726 | test_loss=14.3949 | test_acc=0.4655
Epoch 002/300 | train_loss=241.6797 | train_acc=0.4166 | test_loss=39.1174 | test_acc=0.3712
Epoch 007/300 | train_loss=33.4549 | train_acc=0.9198 | test_loss=5.2480 | test_acc=0.7375
Epoch 003/300 | train_loss=72.9464 | train_acc=0.8094 | test_loss=9.7109 | test_acc=0.6063
Epoch 003/300 | train_loss=221.1713 | train_acc=0.4736 | test_loss=35.5614 | test_acc=0.3530
Epoch 004/300 | train_loss=51.5592 | train_acc=0.8740 | test_loss=7.0821 | test_acc=0.6483
Epoch 008/300 | train_loss=29.5908 | train_acc=0.9277 | test_loss=5.1876 | test_acc=0.7627
Epoch 004/300 | train_loss=200.9141 | train_acc=0.5255 | test_loss=32.2764 | test_acc=0.3520
Epoch 009/300 | train_loss=25.5666 | train_acc=0.9381 | test_loss=4.2883 | test_acc=0.7772
Epoch 005/300 | train_loss=38.6556 | train_acc=0.9086 | test_loss=5.8697 | test_acc=0.6863
Epoch 005/300 | train_loss=182.5139 | train_acc=0.5660 | test_loss=29.3248 | test_acc=0.3331
Epoch 010/300 | train_loss=23.3727 | train_acc=0.9441 | test_loss=4.5334 | test_acc=0.8453
Epoch 006/300 | train_loss=32.1820 | train_acc=0.9248 | test_loss=4.7858 | test_acc=0.7093
Epoch 006/300 | train_loss=166.2824 | train_acc=0.6014 | test_loss=26.8140 | test_acc=0.3385
Epoch 011/300 | train_loss=21.2758 | train_acc=0.9484 | test_loss=3.7909 | test_acc=0.8428
Epoch 007/300 | train_loss=27.1403 | train_acc=0.9358 | test_loss=4.7895 | test_acc=0.6908
Epoch 007/300 | train_loss=152.5250 | train_acc=0.6325 | test_loss=24.7807 | test_acc=0.3449
Epoch 012/300 | train_loss=20.4826 | train_acc=0.9505 | test_loss=3.9200 | test_acc=0.8129
Epoch 008/300 | train_loss=25.7449 | train_acc=0.9388 | test_loss=3.9503 | test_acc=0.7568
Epoch 013/300 | train_loss=17.9675 | train_acc=0.9566 | test_loss=3.3872 | test_acc=0.7841
Epoch 008/300 | train_loss=141.3569 | train_acc=0.6574 | test_loss=23.1592 | test_acc=0.3718
Epoch 009/300 | train_loss=22.7668 | train_acc=0.9466 | test_loss=3.4384 | test_acc=0.7803
Epoch 014/300 | train_loss=17.1429 | train_acc=0.9588 | test_loss=3.8469 | test_acc=0.8057
Epoch 010/300 | train_loss=21.3046 | train_acc=0.9499 | test_loss=3.5729 | test_acc=0.7950
Epoch 009/300 | train_loss=132.1154 | train_acc=0.6775 | test_loss=21.6727 | test_acc=0.3568
Epoch 015/300 | train_loss=16.1524 | train_acc=0.9607 | test_loss=3.1757 | test_acc=0.8456
Epoch 011/300 | train_loss=19.7887 | train_acc=0.9530 | test_loss=3.3500 | test_acc=0.8000
Epoch 010/300 | train_loss=124.2103 | train_acc=0.6952 | test_loss=20.5201 | test_acc=0.3640
Epoch 016/300 | train_loss=15.8428 | train_acc=0.9614 | test_loss=3.6599 | test_acc=0.8546
Epoch 012/300 | train_loss=18.9992 | train_acc=0.9555 | test_loss=3.4713 | test_acc=0.7947
Epoch 011/300 | train_loss=117.6048 | train_acc=0.7096 | test_loss=19.4521 | test_acc=0.3846
Epoch 017/300 | train_loss=15.8175 | train_acc=0.9610 | test_loss=2.5237 | test_acc=0.8664
Epoch 013/300 | train_loss=17.9112 | train_acc=0.9576 | test_loss=2.8140 | test_acc=0.8089
Epoch 012/300 | train_loss=111.8471 | train_acc=0.7235 | test_loss=18.5176 | test_acc=0.3889
Epoch 018/300 | train_loss=14.1880 | train_acc=0.9651 | test_loss=2.8084 | test_acc=0.8159
Epoch 014/300 | train_loss=15.8209 | train_acc=0.9625 | test_loss=2.9215 | test_acc=0.8931
Epoch 013/300 | train_loss=106.6053 | train_acc=0.7360 | test_loss=17.6162 | test_acc=0.4063
Epoch 019/300 | train_loss=13.5804 | train_acc=0.9676 | test_loss=3.1896 | test_acc=0.8812
Epoch 015/300 | train_loss=15.6529 | train_acc=0.9627 | test_loss=3.4601 | test_acc=0.7939
Epoch 014/300 | train_loss=101.8199 | train_acc=0.7457 | test_loss=16.9015 | test_acc=0.4227
Epoch 020/300 | train_loss=13.2006 | train_acc=0.9675 | test_loss=2.5646 | test_acc=0.8692
Epoch 016/300 | train_loss=14.8711 | train_acc=0.9643 | test_loss=2.9789 | test_acc=0.8231
Epoch 015/300 | train_loss=97.4794 | train_acc=0.7568 | test_loss=16.3252 | test_acc=0.4047
Epoch 021/300 | train_loss=12.1672 | train_acc=0.9699 | test_loss=2.5243 | test_acc=0.8629
Epoch 017/300 | train_loss=14.5681 | train_acc=0.9654 | test_loss=2.6409 | test_acc=0.8427
Epoch 016/300 | train_loss=93.6899 | train_acc=0.7635 | test_loss=15.6290 | test_acc=0.4240
Epoch 022/300 | train_loss=12.2070 | train_acc=0.9704 | test_loss=2.4253 | test_acc=0.8862
Epoch 018/300 | train_loss=14.7735 | train_acc=0.9648 | test_loss=3.2298 | test_acc=0.8335
Epoch 017/300 | train_loss=89.8917 | train_acc=0.7738 | test_loss=14.9878 | test_acc=0.4347
Epoch 023/300 | train_loss=11.6066 | train_acc=0.9713 | test_loss=2.2279 | test_acc=0.8863
Epoch 019/300 | train_loss=13.2079 | train_acc=0.9687 | test_loss=2.6252 | test_acc=0.8551
Epoch 024/300 | train_loss=11.2775 | train_acc=0.9722 | test_loss=2.5864 | test_acc=0.8706
Epoch 018/300 | train_loss=86.5778 | train_acc=0.7822 | test_loss=14.4392 | test_acc=0.4486
Epoch 020/300 | train_loss=12.2420 | train_acc=0.9705 | test_loss=2.5827 | test_acc=0.8053
Epoch 025/300 | train_loss=11.5498 | train_acc=0.9722 | test_loss=2.3994 | test_acc=0.8674
Epoch 019/300 | train_loss=83.3050 | train_acc=0.7895 | test_loss=14.0173 | test_acc=0.4643
Epoch 021/300 | train_loss=12.7285 | train_acc=0.9694 | test_loss=2.4089 | test_acc=0.7983
Epoch 026/300 | train_loss=10.6321 | train_acc=0.9737 | test_loss=2.3251 | test_acc=0.8718
Epoch 020/300 | train_loss=80.6436 | train_acc=0.7959 | test_loss=13.4982 | test_acc=0.4871
Epoch 022/300 | train_loss=11.9874 | train_acc=0.9713 | test_loss=2.6444 | test_acc=0.8652
Epoch 027/300 | train_loss=10.6011 | train_acc=0.9742 | test_loss=2.3325 | test_acc=0.8863
Epoch 021/300 | train_loss=77.8749 | train_acc=0.8028 | test_loss=13.1869 | test_acc=0.4607
Epoch 023/300 | train_loss=11.8563 | train_acc=0.9711 | test_loss=2.7417 | test_acc=0.8638
Epoch 028/300 | train_loss=10.1721 | train_acc=0.9748 | test_loss=3.7505 | test_acc=0.7811
Epoch 022/300 | train_loss=75.5986 | train_acc=0.8088 | test_loss=12.6751 | test_acc=0.4903
Epoch 024/300 | train_loss=11.4103 | train_acc=0.9725 | test_loss=2.2026 | test_acc=0.8389
Epoch 029/300 | train_loss=10.3870 | train_acc=0.9742 | test_loss=2.1906 | test_acc=0.8964
Epoch 023/300 | train_loss=73.3595 | train_acc=0.8139 | test_loss=12.3607 | test_acc=0.4906
Epoch 025/300 | train_loss=10.6727 | train_acc=0.9742 | test_loss=2.4579 | test_acc=0.8255
Epoch 030/300 | train_loss=10.1868 | train_acc=0.9751 | test_loss=2.5614 | test_acc=0.8986
Epoch 024/300 | train_loss=71.3421 | train_acc=0.8185 | test_loss=11.9397 | test_acc=0.5169
Epoch 026/300 | train_loss=11.0327 | train_acc=0.9728 | test_loss=2.6449 | test_acc=0.8188
Epoch 031/300 | train_loss=10.7253 | train_acc=0.9733 | test_loss=2.3177 | test_acc=0.8195
Epoch 025/300 | train_loss=69.1083 | train_acc=0.8233 | test_loss=11.6088 | test_acc=0.5024
Epoch 027/300 | train_loss=10.7445 | train_acc=0.9737 | test_loss=2.0967 | test_acc=0.8369
Epoch 032/300 | train_loss=9.1416 | train_acc=0.9773 | test_loss=2.2974 | test_acc=0.9033
Epoch 026/300 | train_loss=67.2251 | train_acc=0.8292 | test_loss=11.2695 | test_acc=0.5135
Epoch 028/300 | train_loss=10.1674 | train_acc=0.9752 | test_loss=2.4738 | test_acc=0.8632
Epoch 033/300 | train_loss=8.9075 | train_acc=0.9776 | test_loss=1.9682 | test_acc=0.8343
Epoch 027/300 | train_loss=65.4196 | train_acc=0.8323 | test_loss=11.0301 | test_acc=0.5470
Epoch 034/300 | train_loss=9.2032 | train_acc=0.9768 | test_loss=2.2712 | test_acc=0.8729
Epoch 029/300 | train_loss=9.9732 | train_acc=0.9762 | test_loss=2.1882 | test_acc=0.8813
Epoch 028/300 | train_loss=63.8089 | train_acc=0.8364 | test_loss=10.7347 | test_acc=0.5338
Epoch 035/300 | train_loss=8.3084 | train_acc=0.9797 | test_loss=2.0903 | test_acc=0.8934
Epoch 030/300 | train_loss=10.0940 | train_acc=0.9750 | test_loss=2.1512 | test_acc=0.9103
Epoch 029/300 | train_loss=62.3615 | train_acc=0.8404 | test_loss=10.5449 | test_acc=0.5234
Epoch 036/300 | train_loss=8.1231 | train_acc=0.9801 | test_loss=2.3033 | test_acc=0.9056
Epoch 031/300 | train_loss=9.6543 | train_acc=0.9767 | test_loss=2.0340 | test_acc=0.9089
Epoch 030/300 | train_loss=60.8703 | train_acc=0.8435 | test_loss=10.3985 | test_acc=0.5581
Epoch 037/300 | train_loss=7.9799 | train_acc=0.9803 | test_loss=2.2971 | test_acc=0.8696
Epoch 032/300 | train_loss=9.3358 | train_acc=0.9776 | test_loss=2.4366 | test_acc=0.8922
Epoch 038/300 | train_loss=8.8719 | train_acc=0.9781 | test_loss=2.6933 | test_acc=0.8474
Epoch 031/300 | train_loss=59.5036 | train_acc=0.8466 | test_loss=9.9745 | test_acc=0.5549
Epoch 033/300 | train_loss=9.3314 | train_acc=0.9776 | test_loss=2.4605 | test_acc=0.8637
Epoch 039/300 | train_loss=7.9910 | train_acc=0.9801 | test_loss=2.1202 | test_acc=0.8919
Epoch 032/300 | train_loss=58.2219 | train_acc=0.8494 | test_loss=9.7627 | test_acc=0.5664
Epoch 040/300 | train_loss=8.3219 | train_acc=0.9792 | test_loss=2.0878 | test_acc=0.8820
Epoch 034/300 | train_loss=8.7679 | train_acc=0.9789 | test_loss=2.3292 | test_acc=0.9234
Epoch 033/300 | train_loss=57.0558 | train_acc=0.8539 | test_loss=9.5823 | test_acc=0.5610
Epoch 041/300 | train_loss=8.1120 | train_acc=0.9801 | test_loss=2.1317 | test_acc=0.9150
Epoch 035/300 | train_loss=8.6705 | train_acc=0.9788 | test_loss=2.0271 | test_acc=0.8505
Epoch 034/300 | train_loss=55.8736 | train_acc=0.8558 | test_loss=9.4275 | test_acc=0.5432
Epoch 042/300 | train_loss=7.6542 | train_acc=0.9803 | test_loss=1.9736 | test_acc=0.8838
Epoch 036/300 | train_loss=7.9013 | train_acc=0.9807 | test_loss=1.9856 | test_acc=0.8557
Epoch 035/300 | train_loss=54.7369 | train_acc=0.8593 | test_loss=9.3242 | test_acc=0.6790
Epoch 043/300 | train_loss=7.5973 | train_acc=0.9806 | test_loss=1.9355 | test_acc=0.9113
Epoch 037/300 | train_loss=8.9995 | train_acc=0.9781 | test_loss=2.0848 | test_acc=0.8798
Epoch 036/300 | train_loss=53.7739 | train_acc=0.8613 | test_loss=9.0293 | test_acc=0.6396
Epoch 044/300 | train_loss=7.7022 | train_acc=0.9813 | test_loss=2.1401 | test_acc=0.8806
Epoch 038/300 | train_loss=7.7673 | train_acc=0.9814 | test_loss=2.0085 | test_acc=0.8839
Epoch 037/300 | train_loss=52.6147 | train_acc=0.8644 | test_loss=8.8027 | test_acc=0.6387
Epoch 045/300 | train_loss=7.7914 | train_acc=0.9807 | test_loss=1.9370 | test_acc=0.9189
Epoch 039/300 | train_loss=7.9045 | train_acc=0.9807 | test_loss=2.2832 | test_acc=0.8892
Epoch 038/300 | train_loss=51.7845 | train_acc=0.8666 | test_loss=8.6575 | test_acc=0.6512
Epoch 046/300 | train_loss=8.1209 | train_acc=0.9804 | test_loss=2.2890 | test_acc=0.8751
Epoch 040/300 | train_loss=9.4726 | train_acc=0.9767 | test_loss=1.8923 | test_acc=0.8980
Epoch 047/300 | train_loss=7.4761 | train_acc=0.9815 | test_loss=1.8448 | test_acc=0.8956
Epoch 039/300 | train_loss=50.8336 | train_acc=0.8697 | test_loss=8.5571 | test_acc=0.6711
Epoch 041/300 | train_loss=7.2183 | train_acc=0.9826 | test_loss=1.9959 | test_acc=0.9104
Epoch 048/300 | train_loss=6.6974 | train_acc=0.9831 | test_loss=1.8767 | test_acc=0.9170
Epoch 040/300 | train_loss=49.8858 | train_acc=0.8718 | test_loss=8.4296 | test_acc=0.7085
Epoch 042/300 | train_loss=7.7473 | train_acc=0.9807 | test_loss=2.5577 | test_acc=0.8482
Epoch 049/300 | train_loss=7.6469 | train_acc=0.9813 | test_loss=2.4009 | test_acc=0.8809
Epoch 041/300 | train_loss=49.2276 | train_acc=0.8730 | test_loss=8.2374 | test_acc=0.6589
Epoch 043/300 | train_loss=7.6727 | train_acc=0.9811 | test_loss=2.0378 | test_acc=0.9030
Epoch 042/300 | train_loss=48.1944 | train_acc=0.8759 | test_loss=8.1883 | test_acc=0.6475
Epoch 050/300 | train_loss=7.1862 | train_acc=0.9820 | test_loss=2.0332 | test_acc=0.9208
Epoch 044/300 | train_loss=7.9116 | train_acc=0.9807 | test_loss=3.2099 | test_acc=0.8502
Epoch 043/300 | train_loss=47.6122 | train_acc=0.8771 | test_loss=8.1160 | test_acc=0.7317
Epoch 051/300 | train_loss=7.4144 | train_acc=0.9811 | test_loss=2.1615 | test_acc=0.8861
Epoch 045/300 | train_loss=7.3921 | train_acc=0.9821 | test_loss=1.8231 | test_acc=0.8813
Epoch 044/300 | train_loss=46.8261 | train_acc=0.8786 | test_loss=7.8516 | test_acc=0.7030
Epoch 052/300 | train_loss=7.1143 | train_acc=0.9820 | test_loss=1.9179 | test_acc=0.9185
Epoch 046/300 | train_loss=6.8658 | train_acc=0.9831 | test_loss=2.0655 | test_acc=0.9226
Epoch 045/300 | train_loss=45.8849 | train_acc=0.8809 | test_loss=7.7304 | test_acc=0.7458
Epoch 053/300 | train_loss=7.4935 | train_acc=0.9814 | test_loss=1.8510 | test_acc=0.9082
Epoch 047/300 | train_loss=6.9210 | train_acc=0.9830 | test_loss=1.9039 | test_acc=0.8812
Epoch 046/300 | train_loss=45.4164 | train_acc=0.8835 | test_loss=7.9752 | test_acc=0.7567
Epoch 054/300 | train_loss=6.0236 | train_acc=0.9854 | test_loss=1.6744 | test_acc=0.9062
Epoch 047/300 | train_loss=44.7860 | train_acc=0.8847 | test_loss=7.5438 | test_acc=0.7516
Epoch 048/300 | train_loss=6.4016 | train_acc=0.9842 | test_loss=2.1436 | test_acc=0.8588
Epoch 055/300 | train_loss=5.4186 | train_acc=0.9860 | test_loss=1.9329 | test_acc=0.9160
Epoch 049/300 | train_loss=7.0791 | train_acc=0.9827 | test_loss=1.8164 | test_acc=0.8721
Epoch 048/300 | train_loss=43.9300 | train_acc=0.8864 | test_loss=7.3877 | test_acc=0.7613
Epoch 056/300 | train_loss=6.6432 | train_acc=0.9828 | test_loss=2.1374 | test_acc=0.8964
Epoch 050/300 | train_loss=6.4023 | train_acc=0.9849 | test_loss=1.8818 | test_acc=0.9087
Epoch 049/300 | train_loss=43.3753 | train_acc=0.8883 | test_loss=7.2134 | test_acc=0.7722
Epoch 057/300 | train_loss=5.8962 | train_acc=0.9848 | test_loss=1.8924 | test_acc=0.9136
Epoch 051/300 | train_loss=5.8531 | train_acc=0.9856 | test_loss=1.7390 | test_acc=0.9089
Epoch 050/300 | train_loss=42.9060 | train_acc=0.8896 | test_loss=7.1946 | test_acc=0.7353
Epoch 058/300 | train_loss=6.6191 | train_acc=0.9830 | test_loss=1.8072 | test_acc=0.9208
Epoch 052/300 | train_loss=6.2542 | train_acc=0.9844 | test_loss=1.9561 | test_acc=0.9251
Epoch 051/300 | train_loss=42.3482 | train_acc=0.8906 | test_loss=7.0317 | test_acc=0.7715
Epoch 059/300 | train_loss=5.8904 | train_acc=0.9849 | test_loss=1.8457 | test_acc=0.9132
Epoch 053/300 | train_loss=6.8067 | train_acc=0.9830 | test_loss=1.6301 | test_acc=0.8965
Epoch 060/300 | train_loss=6.2051 | train_acc=0.9843 | test_loss=2.0115 | test_acc=0.9251
Epoch 052/300 | train_loss=41.6931 | train_acc=0.8912 | test_loss=6.9958 | test_acc=0.7573
Epoch 054/300 | train_loss=6.5076 | train_acc=0.9841 | test_loss=2.1048 | test_acc=0.8694
Epoch 061/300 | train_loss=5.6316 | train_acc=0.9856 | test_loss=1.7364 | test_acc=0.9055
Epoch 053/300 | train_loss=41.1897 | train_acc=0.8932 | test_loss=6.9654 | test_acc=0.7810
Epoch 055/300 | train_loss=6.3777 | train_acc=0.9841 | test_loss=1.7283 | test_acc=0.9110
Epoch 062/300 | train_loss=5.9736 | train_acc=0.9849 | test_loss=2.1224 | test_acc=0.8970
Epoch 054/300 | train_loss=40.6650 | train_acc=0.8946 | test_loss=6.8181 | test_acc=0.7759
Epoch 056/300 | train_loss=6.9152 | train_acc=0.9828 | test_loss=2.5141 | test_acc=0.9061
Epoch 063/300 | train_loss=6.3372 | train_acc=0.9839 | test_loss=2.1289 | test_acc=0.9453
Epoch 057/300 | train_loss=6.5445 | train_acc=0.9841 | test_loss=1.8206 | test_acc=0.8998
Epoch 055/300 | train_loss=40.5450 | train_acc=0.8954 | test_loss=6.8095 | test_acc=0.7915
Epoch 064/300 | train_loss=6.0254 | train_acc=0.9843 | test_loss=2.0047 | test_acc=0.9163
Epoch 065/300 | train_loss=5.7889 | train_acc=0.9852 | test_loss=1.6664 | test_acc=0.9168
Epoch 058/300 | train_loss=5.8120 | train_acc=0.9853 | test_loss=1.8209 | test_acc=0.9177
Epoch 056/300 | train_loss=39.6830 | train_acc=0.8974 | test_loss=6.6622 | test_acc=0.7882
Epoch 066/300 | train_loss=6.2631 | train_acc=0.9838 | test_loss=1.7966 | test_acc=0.8959
Epoch 059/300 | train_loss=5.4792 | train_acc=0.9865 | test_loss=1.9650 | test_acc=0.8891
Epoch 057/300 | train_loss=39.2956 | train_acc=0.8986 | test_loss=6.5600 | test_acc=0.7797
Epoch 067/300 | train_loss=5.3739 | train_acc=0.9863 | test_loss=1.6328 | test_acc=0.9231
Epoch 060/300 | train_loss=5.8385 | train_acc=0.9855 | test_loss=1.7573 | test_acc=0.9196
Epoch 058/300 | train_loss=38.9397 | train_acc=0.9000 | test_loss=6.5532 | test_acc=0.7768
Epoch 068/300 | train_loss=4.8705 | train_acc=0.9875 | test_loss=2.0492 | test_acc=0.9014
Epoch 061/300 | train_loss=6.1192 | train_acc=0.9842 | test_loss=1.9358 | test_acc=0.8950
Epoch 059/300 | train_loss=38.4952 | train_acc=0.9006 | test_loss=6.4854 | test_acc=0.7877
Epoch 069/300 | train_loss=5.9848 | train_acc=0.9849 | test_loss=1.8657 | test_acc=0.8966
Epoch 062/300 | train_loss=5.3922 | train_acc=0.9861 | test_loss=1.9370 | test_acc=0.8480
Epoch 060/300 | train_loss=38.2709 | train_acc=0.9019 | test_loss=6.3757 | test_acc=0.7906
Epoch 070/300 | train_loss=6.2489 | train_acc=0.9842 | test_loss=1.6518 | test_acc=0.9213
Epoch 063/300 | train_loss=5.6131 | train_acc=0.9855 | test_loss=2.0014 | test_acc=0.9146
Epoch 061/300 | train_loss=37.7274 | train_acc=0.9022 | test_loss=6.2943 | test_acc=0.8141
Epoch 071/300 | train_loss=4.8279 | train_acc=0.9877 | test_loss=1.6850 | test_acc=0.9306
Epoch 064/300 | train_loss=6.1504 | train_acc=0.9841 | test_loss=1.7274 | test_acc=0.8939
Epoch 062/300 | train_loss=37.3662 | train_acc=0.9028 | test_loss=6.2106 | test_acc=0.8082
Epoch 072/300 | train_loss=4.9387 | train_acc=0.9877 | test_loss=2.2265 | test_acc=0.9421
Epoch 065/300 | train_loss=5.6794 | train_acc=0.9856 | test_loss=1.9450 | test_acc=0.9204
Epoch 063/300 | train_loss=37.1959 | train_acc=0.9042 | test_loss=6.2771 | test_acc=0.8314
Epoch 073/300 | train_loss=5.0629 | train_acc=0.9864 | test_loss=1.8946 | test_acc=0.9002
Epoch 066/300 | train_loss=5.6068 | train_acc=0.9859 | test_loss=1.7082 | test_acc=0.8932
Epoch 064/300 | train_loss=36.6615 | train_acc=0.9052 | test_loss=6.1871 | test_acc=0.8087
Epoch 067/300 | train_loss=5.0157 | train_acc=0.9870 | test_loss=2.5286 | test_acc=0.8647
Epoch 074/300 | train_loss=6.0054 | train_acc=0.9847 | test_loss=1.6880 | test_acc=0.8842
Epoch 065/300 | train_loss=36.5529 | train_acc=0.9054 | test_loss=6.0718 | test_acc=0.8059
Epoch 068/300 | train_loss=6.0778 | train_acc=0.9846 | test_loss=1.8744 | test_acc=0.9046
Epoch 066/300 | train_loss=35.9370 | train_acc=0.9069 | test_loss=6.1016 | test_acc=0.8340
Epoch 075/300 | train_loss=5.0797 | train_acc=0.9869 | test_loss=1.7072 | test_acc=0.9126
Epoch 067/300 | train_loss=35.7822 | train_acc=0.9070 | test_loss=5.9756 | test_acc=0.8316
Epoch 069/300 | train_loss=5.6385 | train_acc=0.9861 | test_loss=1.8391 | test_acc=0.8825
Epoch 076/300 | train_loss=4.4239 | train_acc=0.9886 | test_loss=1.9960 | test_acc=0.9364
Epoch 068/300 | train_loss=35.4615 | train_acc=0.9083 | test_loss=6.0310 | test_acc=0.8095
Epoch 070/300 | train_loss=5.5225 | train_acc=0.9863 | test_loss=1.6972 | test_acc=0.8935
Epoch 077/300 | train_loss=6.2169 | train_acc=0.9844 | test_loss=2.3764 | test_acc=0.8652
Epoch 069/300 | train_loss=34.9584 | train_acc=0.9100 | test_loss=5.9225 | test_acc=0.7958
Epoch 071/300 | train_loss=4.9363 | train_acc=0.9870 | test_loss=1.7415 | test_acc=0.8962
Epoch 078/300 | train_loss=6.2795 | train_acc=0.9841 | test_loss=1.8916 | test_acc=0.9234
Epoch 070/300 | train_loss=34.8209 | train_acc=0.9093 | test_loss=5.8587 | test_acc=0.8408
Epoch 072/300 | train_loss=4.8347 | train_acc=0.9877 | test_loss=1.6191 | test_acc=0.9211
Epoch 079/300 | train_loss=4.7005 | train_acc=0.9880 | test_loss=1.7274 | test_acc=0.9209
Epoch 071/300 | train_loss=34.2526 | train_acc=0.9111 | test_loss=5.7586 | test_acc=0.8401
Epoch 080/300 | train_loss=5.3858 | train_acc=0.9859 | test_loss=2.0737 | test_acc=0.9031
Epoch 073/300 | train_loss=4.2774 | train_acc=0.9890 | test_loss=1.6778 | test_acc=0.8968
Epoch 072/300 | train_loss=34.2438 | train_acc=0.9110 | test_loss=5.8644 | test_acc=0.7881
Epoch 081/300 | train_loss=5.7929 | train_acc=0.9854 | test_loss=1.8360 | test_acc=0.8736
Epoch 073/300 | train_loss=34.0964 | train_acc=0.9111 | test_loss=5.8751 | test_acc=0.8468
Epoch 074/300 | train_loss=4.7769 | train_acc=0.9878 | test_loss=1.7393 | test_acc=0.9192
Epoch 082/300 | train_loss=4.6864 | train_acc=0.9884 | test_loss=1.7986 | test_acc=0.9359
Epoch 074/300 | train_loss=33.7448 | train_acc=0.9123 | test_loss=5.6598 | test_acc=0.8353
Epoch 075/300 | train_loss=5.0616 | train_acc=0.9871 | test_loss=1.7616 | test_acc=0.9341
Epoch 083/300 | train_loss=4.4573 | train_acc=0.9888 | test_loss=1.6097 | test_acc=0.9269
Epoch 075/300 | train_loss=33.5410 | train_acc=0.9127 | test_loss=5.7749 | test_acc=0.8446
Epoch 076/300 | train_loss=5.4716 | train_acc=0.9864 | test_loss=1.9084 | test_acc=0.8666
Epoch 084/300 | train_loss=5.4320 | train_acc=0.9855 | test_loss=1.6484 | test_acc=0.9299
Epoch 076/300 | train_loss=33.2612 | train_acc=0.9129 | test_loss=5.7023 | test_acc=0.8448
Epoch 085/300 | train_loss=4.7274 | train_acc=0.9879 | test_loss=1.9571 | test_acc=0.8982
Epoch 077/300 | train_loss=5.3203 | train_acc=0.9864 | test_loss=1.8690 | test_acc=0.8653
Epoch 077/300 | train_loss=33.1716 | train_acc=0.9135 | test_loss=5.6017 | test_acc=0.8116
Epoch 078/300 | train_loss=5.1008 | train_acc=0.9865 | test_loss=1.8253 | test_acc=0.9328
Epoch 086/300 | train_loss=4.0567 | train_acc=0.9898 | test_loss=1.7990 | test_acc=0.8939
Epoch 078/300 | train_loss=32.7649 | train_acc=0.9145 | test_loss=5.5350 | test_acc=0.8517
Epoch 087/300 | train_loss=4.4993 | train_acc=0.9885 | test_loss=1.7053 | test_acc=0.8995
Epoch 079/300 | train_loss=4.4779 | train_acc=0.9889 | test_loss=1.9027 | test_acc=0.8611
Epoch 079/300 | train_loss=32.3865 | train_acc=0.9154 | test_loss=5.5849 | test_acc=0.8119
Epoch 088/300 | train_loss=4.6978 | train_acc=0.9880 | test_loss=2.0418 | test_acc=0.9351
Epoch 080/300 | train_loss=4.5608 | train_acc=0.9883 | test_loss=1.6805 | test_acc=0.8941
Epoch 080/300 | train_loss=32.4128 | train_acc=0.9143 | test_loss=5.4583 | test_acc=0.8126
Epoch 089/300 | train_loss=5.3022 | train_acc=0.9869 | test_loss=1.6864 | test_acc=0.9361
Epoch 081/300 | train_loss=4.2097 | train_acc=0.9893 | test_loss=1.7545 | test_acc=0.9248
Epoch 081/300 | train_loss=32.0217 | train_acc=0.9161 | test_loss=5.4791 | test_acc=0.8424
Epoch 090/300 | train_loss=4.9704 | train_acc=0.9874 | test_loss=1.7657 | test_acc=0.9361
Epoch 082/300 | train_loss=3.7443 | train_acc=0.9905 | test_loss=1.6546 | test_acc=0.8945
Epoch 082/300 | train_loss=31.8044 | train_acc=0.9164 | test_loss=5.3675 | test_acc=0.8235
Epoch 091/300 | train_loss=3.9394 | train_acc=0.9899 | test_loss=1.6780 | test_acc=0.8976
Epoch 083/300 | train_loss=3.9285 | train_acc=0.9901 | test_loss=1.6768 | test_acc=0.9298
Epoch 083/300 | train_loss=31.7754 | train_acc=0.9178 | test_loss=5.4793 | test_acc=0.7987
Epoch 092/300 | train_loss=4.8470 | train_acc=0.9871 | test_loss=2.2271 | test_acc=0.9032
Epoch 084/300 | train_loss=4.7892 | train_acc=0.9876 | test_loss=1.6780 | test_acc=0.9047
Epoch 084/300 | train_loss=31.4653 | train_acc=0.9182 | test_loss=5.3481 | test_acc=0.8315
Epoch 093/300 | train_loss=4.3092 | train_acc=0.9891 | test_loss=1.6601 | test_acc=0.9347
Epoch 085/300 | train_loss=4.1847 | train_acc=0.9889 | test_loss=1.9098 | test_acc=0.8929
Epoch 085/300 | train_loss=31.3253 | train_acc=0.9175 | test_loss=5.2199 | test_acc=0.8460
Epoch 094/300 | train_loss=4.4600 | train_acc=0.9886 | test_loss=1.6585 | test_acc=0.9145
Epoch 086/300 | train_loss=4.8842 | train_acc=0.9877 | test_loss=1.5616 | test_acc=0.9318
Epoch 086/300 | train_loss=31.0312 | train_acc=0.9195 | test_loss=5.2769 | test_acc=0.8634
Epoch 095/300 | train_loss=4.2277 | train_acc=0.9892 | test_loss=1.8231 | test_acc=0.9022
Epoch 087/300 | train_loss=4.2562 | train_acc=0.9896 | test_loss=1.8598 | test_acc=0.9042
Epoch 087/300 | train_loss=30.8461 | train_acc=0.9189 | test_loss=5.1516 | test_acc=0.8264
Epoch 096/300 | train_loss=4.8460 | train_acc=0.9877 | test_loss=3.0622 | test_acc=0.8889
Epoch 088/300 | train_loss=4.4152 | train_acc=0.9883 | test_loss=1.9434 | test_acc=0.8865
Epoch 088/300 | train_loss=30.4789 | train_acc=0.9212 | test_loss=5.2839 | test_acc=0.8493
Epoch 097/300 | train_loss=5.1184 | train_acc=0.9866 | test_loss=1.7703 | test_acc=0.9286
Epoch 089/300 | train_loss=4.2571 | train_acc=0.9891 | test_loss=2.0435 | test_acc=0.9134
Epoch 098/300 | train_loss=4.4123 | train_acc=0.9890 | test_loss=1.9246 | test_acc=0.9229
Epoch 089/300 | train_loss=30.3976 | train_acc=0.9211 | test_loss=5.1447 | test_acc=0.8454
Epoch 099/300 | train_loss=4.2813 | train_acc=0.9891 | test_loss=1.8673 | test_acc=0.8903
Epoch 090/300 | train_loss=4.7927 | train_acc=0.9877 | test_loss=1.7945 | test_acc=0.8866
Epoch 090/300 | train_loss=30.6605 | train_acc=0.9201 | test_loss=5.0489 | test_acc=0.8352
Epoch 100/300 | train_loss=3.8122 | train_acc=0.9906 | test_loss=1.6936 | test_acc=0.9284
Epoch 091/300 | train_loss=30.1427 | train_acc=0.9215 | test_loss=4.9968 | test_acc=0.8539
Epoch 091/300 | train_loss=5.5325 | train_acc=0.9858 | test_loss=1.6180 | test_acc=0.9214
Epoch 101/300 | train_loss=4.5727 | train_acc=0.9883 | test_loss=1.7312 | test_acc=0.8839
Epoch 092/300 | train_loss=29.8936 | train_acc=0.9215 | test_loss=5.1122 | test_acc=0.8550
Epoch 092/300 | train_loss=4.3810 | train_acc=0.9889 | test_loss=1.8226 | test_acc=0.8410
Epoch 102/300 | train_loss=4.1056 | train_acc=0.9899 | test_loss=2.0494 | test_acc=0.8948
Epoch 093/300 | train_loss=29.7490 | train_acc=0.9221 | test_loss=5.0227 | test_acc=0.8707
Epoch 093/300 | train_loss=4.2077 | train_acc=0.9891 | test_loss=1.9148 | test_acc=0.8981
Epoch 103/300 | train_loss=5.2626 | train_acc=0.9870 | test_loss=1.9788 | test_acc=0.8846
Epoch 094/300 | train_loss=29.6968 | train_acc=0.9224 | test_loss=5.0015 | test_acc=0.8452
Epoch 094/300 | train_loss=4.0023 | train_acc=0.9898 | test_loss=1.6402 | test_acc=0.9101
Epoch 104/300 | train_loss=4.2763 | train_acc=0.9888 | test_loss=1.5198 | test_acc=0.9284
Epoch 095/300 | train_loss=29.2500 | train_acc=0.9235 | test_loss=5.0448 | test_acc=0.8181
Epoch 095/300 | train_loss=3.3533 | train_acc=0.9917 | test_loss=1.5807 | test_acc=0.9265
Epoch 105/300 | train_loss=3.6422 | train_acc=0.9904 | test_loss=1.7964 | test_acc=0.9359
Epoch 096/300 | train_loss=29.4306 | train_acc=0.9232 | test_loss=5.0700 | test_acc=0.8557
Epoch 096/300 | train_loss=3.0852 | train_acc=0.9922 | test_loss=1.8327 | test_acc=0.9133
Epoch 106/300 | train_loss=3.3495 | train_acc=0.9914 | test_loss=1.6765 | test_acc=0.9303
Epoch 097/300 | train_loss=4.7342 | train_acc=0.9881 | test_loss=1.6601 | test_acc=0.9016
Epoch 097/300 | train_loss=29.2014 | train_acc=0.9240 | test_loss=4.9444 | test_acc=0.8410
Epoch 107/300 | train_loss=4.0672 | train_acc=0.9896 | test_loss=1.7614 | test_acc=0.9352
Epoch 098/300 | train_loss=3.6903 | train_acc=0.9908 | test_loss=1.5557 | test_acc=0.9119
Epoch 108/300 | train_loss=4.9519 | train_acc=0.9873 | test_loss=1.7486 | test_acc=0.9247
Epoch 098/300 | train_loss=28.7683 | train_acc=0.9242 | test_loss=5.0375 | test_acc=0.8752
Epoch 109/300 | train_loss=3.9453 | train_acc=0.9897 | test_loss=2.4061 | test_acc=0.8842
Epoch 099/300 | train_loss=3.6402 | train_acc=0.9905 | test_loss=2.3268 | test_acc=0.8724
Epoch 110/300 | train_loss=3.1204 | train_acc=0.9920 | test_loss=2.0300 | test_acc=0.9265
Epoch 099/300 | train_loss=28.8185 | train_acc=0.9250 | test_loss=4.8211 | test_acc=0.8572
Epoch 100/300 | train_loss=4.5696 | train_acc=0.9880 | test_loss=1.8573 | test_acc=0.9001
Epoch 111/300 | train_loss=4.0106 | train_acc=0.9894 | test_loss=2.0513 | test_acc=0.8872
Epoch 101/300 | train_loss=3.3637 | train_acc=0.9917 | test_loss=1.8244 | test_acc=0.9303
Epoch 100/300 | train_loss=28.6951 | train_acc=0.9248 | test_loss=4.9499 | test_acc=0.8428
Epoch 112/300 | train_loss=4.1953 | train_acc=0.9894 | test_loss=1.9828 | test_acc=0.8776
Epoch 102/300 | train_loss=3.3697 | train_acc=0.9918 | test_loss=1.9993 | test_acc=0.9207
Epoch 101/300 | train_loss=28.4818 | train_acc=0.9259 | test_loss=4.8161 | test_acc=0.8372
Epoch 113/300 | train_loss=4.0525 | train_acc=0.9895 | test_loss=1.7265 | test_acc=0.9317
Epoch 103/300 | train_loss=4.7893 | train_acc=0.9878 | test_loss=1.7904 | test_acc=0.9345
Epoch 102/300 | train_loss=28.3445 | train_acc=0.9266 | test_loss=4.9489 | test_acc=0.8591
Epoch 114/300 | train_loss=4.5719 | train_acc=0.9882 | test_loss=1.5758 | test_acc=0.9170
Epoch 104/300 | train_loss=2.9409 | train_acc=0.9921 | test_loss=1.6135 | test_acc=0.9165
Epoch 103/300 | train_loss=28.1727 | train_acc=0.9259 | test_loss=4.9550 | test_acc=0.8045
Epoch 115/300 | train_loss=4.5299 | train_acc=0.9884 | test_loss=2.1440 | test_acc=0.9078
Epoch 105/300 | train_loss=3.0987 | train_acc=0.9917 | test_loss=1.9635 | test_acc=0.8962
Epoch 104/300 | train_loss=28.1326 | train_acc=0.9264 | test_loss=4.9725 | test_acc=0.8036
Epoch 116/300 | train_loss=3.4237 | train_acc=0.9913 | test_loss=1.4865 | test_acc=0.9327
Epoch 106/300 | train_loss=3.9641 | train_acc=0.9895 | test_loss=1.6704 | test_acc=0.8798
Epoch 117/300 | train_loss=2.9858 | train_acc=0.9924 | test_loss=1.4700 | test_acc=0.9155
Epoch 105/300 | train_loss=28.1255 | train_acc=0.9258 | test_loss=4.7451 | test_acc=0.8611
Epoch 107/300 | train_loss=3.8685 | train_acc=0.9898 | test_loss=1.3825 | test_acc=0.9086
Epoch 118/300 | train_loss=3.5147 | train_acc=0.9914 | test_loss=1.5234 | test_acc=0.9351
Epoch 106/300 | train_loss=27.7790 | train_acc=0.9281 | test_loss=4.7291 | test_acc=0.8581
Epoch 108/300 | train_loss=3.1047 | train_acc=0.9916 | test_loss=1.8717 | test_acc=0.8702
Epoch 119/300 | train_loss=3.9031 | train_acc=0.9902 | test_loss=2.2911 | test_acc=0.9214
Epoch 107/300 | train_loss=27.7438 | train_acc=0.9272 | test_loss=4.9612 | test_acc=0.8124
Epoch 109/300 | train_loss=3.0845 | train_acc=0.9919 | test_loss=1.6294 | test_acc=0.8897
Epoch 120/300 | train_loss=4.1073 | train_acc=0.9897 | test_loss=1.5524 | test_acc=0.9389
Epoch 108/300 | train_loss=27.5331 | train_acc=0.9278 | test_loss=4.6767 | test_acc=0.8646
Epoch 110/300 | train_loss=4.5627 | train_acc=0.9879 | test_loss=2.4915 | test_acc=0.8651
Epoch 121/300 | train_loss=3.5789 | train_acc=0.9911 | test_loss=1.4932 | test_acc=0.9273
Epoch 109/300 | train_loss=27.3159 | train_acc=0.9278 | test_loss=4.6932 | test_acc=0.8659
Epoch 111/300 | train_loss=4.3129 | train_acc=0.9887 | test_loss=1.7991 | test_acc=0.9053
Epoch 122/300 | train_loss=4.0737 | train_acc=0.9898 | test_loss=1.5919 | test_acc=0.9400
Epoch 110/300 | train_loss=27.2896 | train_acc=0.9287 | test_loss=4.7466 | test_acc=0.8120
Epoch 112/300 | train_loss=3.3865 | train_acc=0.9911 | test_loss=1.6318 | test_acc=0.9119
Epoch 123/300 | train_loss=3.8778 | train_acc=0.9903 | test_loss=1.9374 | test_acc=0.9095
Epoch 111/300 | train_loss=27.0555 | train_acc=0.9291 | test_loss=4.7188 | test_acc=0.8587
Epoch 113/300 | train_loss=3.6812 | train_acc=0.9902 | test_loss=1.9626 | test_acc=0.8992
Epoch 124/300 | train_loss=3.8666 | train_acc=0.9903 | test_loss=1.7538 | test_acc=0.9221
Epoch 112/300 | train_loss=27.0271 | train_acc=0.9297 | test_loss=4.5999 | test_acc=0.8185
Epoch 114/300 | train_loss=2.8521 | train_acc=0.9930 | test_loss=1.7905 | test_acc=0.9153
Epoch 125/300 | train_loss=3.8726 | train_acc=0.9899 | test_loss=1.6699 | test_acc=0.9163
Epoch 113/300 | train_loss=27.0022 | train_acc=0.9296 | test_loss=4.5064 | test_acc=0.8596
Epoch 115/300 | train_loss=2.9299 | train_acc=0.9927 | test_loss=1.6503 | test_acc=0.8814
Epoch 126/300 | train_loss=3.4297 | train_acc=0.9911 | test_loss=1.8400 | test_acc=0.9421
Epoch 114/300 | train_loss=26.8445 | train_acc=0.9296 | test_loss=4.7765 | test_acc=0.8321
Epoch 127/300 | train_loss=3.1324 | train_acc=0.9918 | test_loss=1.8335 | test_acc=0.9206
Epoch 116/300 | train_loss=3.6877 | train_acc=0.9905 | test_loss=1.8915 | test_acc=0.9052
Epoch 115/300 | train_loss=26.7622 | train_acc=0.9290 | test_loss=4.5894 | test_acc=0.8615
Epoch 128/300 | train_loss=4.0910 | train_acc=0.9890 | test_loss=1.7378 | test_acc=0.9008
Epoch 117/300 | train_loss=3.5045 | train_acc=0.9911 | test_loss=1.8084 | test_acc=0.9358
Epoch 116/300 | train_loss=26.5888 | train_acc=0.9314 | test_loss=4.5143 | test_acc=0.8578
Epoch 129/300 | train_loss=4.4241 | train_acc=0.9888 | test_loss=2.0995 | test_acc=0.9068
Epoch 118/300 | train_loss=3.3766 | train_acc=0.9910 | test_loss=1.5013 | test_acc=0.8889
Epoch 117/300 | train_loss=26.4016 | train_acc=0.9308 | test_loss=4.4464 | test_acc=0.8404
Epoch 130/300 | train_loss=4.5783 | train_acc=0.9882 | test_loss=2.0263 | test_acc=0.8975
Epoch 118/300 | train_loss=26.2079 | train_acc=0.9304 | test_loss=4.5833 | test_acc=0.8602
Epoch 119/300 | train_loss=3.0159 | train_acc=0.9925 | test_loss=1.6971 | test_acc=0.8919
Epoch 131/300 | train_loss=3.1805 | train_acc=0.9920 | test_loss=1.4015 | test_acc=0.9393
Epoch 119/300 | train_loss=26.0783 | train_acc=0.9316 | test_loss=4.4120 | test_acc=0.8595
Epoch 132/300 | train_loss=2.9190 | train_acc=0.9925 | test_loss=1.7160 | test_acc=0.9261
Epoch 120/300 | train_loss=3.9331 | train_acc=0.9901 | test_loss=2.0468 | test_acc=0.8640
Epoch 120/300 | train_loss=26.1755 | train_acc=0.9312 | test_loss=4.4563 | test_acc=0.8688
Epoch 133/300 | train_loss=3.2593 | train_acc=0.9917 | test_loss=1.8255 | test_acc=0.9164
Epoch 121/300 | train_loss=3.8989 | train_acc=0.9902 | test_loss=1.5726 | test_acc=0.9282
Epoch 121/300 | train_loss=25.8925 | train_acc=0.9319 | test_loss=4.4044 | test_acc=0.8403
Epoch 134/300 | train_loss=3.0166 | train_acc=0.9919 | test_loss=2.2639 | test_acc=0.8960
Epoch 122/300 | train_loss=25.7319 | train_acc=0.9325 | test_loss=4.4189 | test_acc=0.8787
Epoch 135/300 | train_loss=2.0736 | train_acc=0.9948 | test_loss=1.7166 | test_acc=0.9337
Epoch 122/300 | train_loss=2.2271 | train_acc=0.9942 | test_loss=1.5716 | test_acc=0.9165
Epoch 123/300 | train_loss=25.6754 | train_acc=0.9324 | test_loss=4.3778 | test_acc=0.8722
Epoch 136/300 | train_loss=3.0030 | train_acc=0.9922 | test_loss=2.3515 | test_acc=0.9056
Epoch 123/300 | train_loss=3.4613 | train_acc=0.9914 | test_loss=1.6032 | test_acc=0.9186
Epoch 124/300 | train_loss=25.6322 | train_acc=0.9326 | test_loss=4.5965 | test_acc=0.8533
Epoch 137/300 | train_loss=5.0725 | train_acc=0.9874 | test_loss=2.0587 | test_acc=0.9104
Epoch 124/300 | train_loss=3.5686 | train_acc=0.9912 | test_loss=1.5970 | test_acc=0.8774
Epoch 125/300 | train_loss=25.8141 | train_acc=0.9310 | test_loss=4.4470 | test_acc=0.8327
Epoch 138/300 | train_loss=4.2498 | train_acc=0.9890 | test_loss=1.8655 | test_acc=0.9132
Epoch 125/300 | train_loss=3.5388 | train_acc=0.9906 | test_loss=1.6618 | test_acc=0.9115
Epoch 126/300 | train_loss=25.5712 | train_acc=0.9323 | test_loss=4.4928 | test_acc=0.8658
Epoch 139/300 | train_loss=4.1615 | train_acc=0.9896 | test_loss=2.2930 | test_acc=0.9128
Epoch 140/300 | train_loss=3.2740 | train_acc=0.9921 | test_loss=1.7936 | test_acc=0.9423
Epoch 126/300 | train_loss=3.2841 | train_acc=0.9915 | test_loss=2.5765 | test_acc=0.8226
Epoch 127/300 | train_loss=25.3406 | train_acc=0.9328 | test_loss=4.3081 | test_acc=0.8609
Epoch 141/300 | train_loss=2.5262 | train_acc=0.9938 | test_loss=1.7222 | test_acc=0.9361
Epoch 128/300 | train_loss=25.2550 | train_acc=0.9332 | test_loss=4.4876 | test_acc=0.8762
Epoch 127/300 | train_loss=3.0796 | train_acc=0.9916 | test_loss=1.8333 | test_acc=0.9109
Epoch 142/300 | train_loss=2.3268 | train_acc=0.9939 | test_loss=1.5839 | test_acc=0.9430
Epoch 129/300 | train_loss=25.1464 | train_acc=0.9338 | test_loss=4.3550 | test_acc=0.8616
Epoch 128/300 | train_loss=2.3186 | train_acc=0.9941 | test_loss=1.6902 | test_acc=0.9036
Epoch 130/300 | train_loss=25.0393 | train_acc=0.9338 | test_loss=4.1991 | test_acc=0.8668
Epoch 143/300 | train_loss=2.7185 | train_acc=0.9935 | test_loss=1.5966 | test_acc=0.9325
Epoch 129/300 | train_loss=2.5699 | train_acc=0.9932 | test_loss=1.7007 | test_acc=0.9255
Epoch 131/300 | train_loss=24.9253 | train_acc=0.9342 | test_loss=4.4820 | test_acc=0.8673
Epoch 144/300 | train_loss=2.8240 | train_acc=0.9928 | test_loss=1.5863 | test_acc=0.9289
Epoch 130/300 | train_loss=2.5756 | train_acc=0.9931 | test_loss=1.5173 | test_acc=0.9251
Epoch 132/300 | train_loss=24.9711 | train_acc=0.9342 | test_loss=4.4027 | test_acc=0.8848
Epoch 145/300 | train_loss=3.0933 | train_acc=0.9923 | test_loss=1.6571 | test_acc=0.9326
Epoch 131/300 | train_loss=2.7422 | train_acc=0.9926 | test_loss=1.7524 | test_acc=0.8783
Epoch 133/300 | train_loss=24.7841 | train_acc=0.9348 | test_loss=4.2862 | test_acc=0.8576
Epoch 146/300 | train_loss=2.8047 | train_acc=0.9927 | test_loss=1.7053 | test_acc=0.9278
Epoch 132/300 | train_loss=2.6967 | train_acc=0.9931 | test_loss=1.9122 | test_acc=0.9092
Epoch 134/300 | train_loss=24.6138 | train_acc=0.9360 | test_loss=4.2454 | test_acc=0.8593
Epoch 147/300 | train_loss=4.4382 | train_acc=0.9894 | test_loss=2.2460 | test_acc=0.9337
Epoch 135/300 | train_loss=24.5754 | train_acc=0.9349 | test_loss=4.1834 | test_acc=0.8395
Epoch 133/300 | train_loss=3.3142 | train_acc=0.9918 | test_loss=1.6257 | test_acc=0.9213
Epoch 148/300 | train_loss=3.5657 | train_acc=0.9903 | test_loss=1.6405 | test_acc=0.9472
Epoch 134/300 | train_loss=3.0272 | train_acc=0.9924 | test_loss=1.6560 | test_acc=0.9029
Epoch 136/300 | train_loss=24.3464 | train_acc=0.9360 | test_loss=4.3560 | test_acc=0.8224
Epoch 149/300 | train_loss=2.7157 | train_acc=0.9933 | test_loss=1.9224 | test_acc=0.9291
Epoch 137/300 | train_loss=24.5651 | train_acc=0.9351 | test_loss=4.0868 | test_acc=0.8576
Epoch 135/300 | train_loss=3.8355 | train_acc=0.9900 | test_loss=1.7540 | test_acc=0.8676
Epoch 138/300 | train_loss=24.2898 | train_acc=0.9364 | test_loss=4.3387 | test_acc=0.8557
Epoch 150/300 | train_loss=4.2988 | train_acc=0.9888 | test_loss=1.6554 | test_acc=0.9308
Epoch 136/300 | train_loss=2.9204 | train_acc=0.9925 | test_loss=1.8114 | test_acc=0.8808
Epoch 139/300 | train_loss=24.1897 | train_acc=0.9355 | test_loss=4.1248 | test_acc=0.8628
Epoch 151/300 | train_loss=3.2927 | train_acc=0.9915 | test_loss=1.5623 | test_acc=0.9232
Epoch 137/300 | train_loss=2.9470 | train_acc=0.9921 | test_loss=1.6742 | test_acc=0.9264
Epoch 140/300 | train_loss=24.1637 | train_acc=0.9359 | test_loss=4.2855 | test_acc=0.8600
Epoch 138/300 | train_loss=2.3085 | train_acc=0.9938 | test_loss=1.6574 | test_acc=0.9057
Epoch 152/300 | train_loss=2.5515 | train_acc=0.9934 | test_loss=1.5487 | test_acc=0.9468
Epoch 141/300 | train_loss=24.2444 | train_acc=0.9358 | test_loss=4.0345 | test_acc=0.8672
Epoch 153/300 | train_loss=2.0777 | train_acc=0.9950 | test_loss=1.5333 | test_acc=0.9390
Epoch 139/300 | train_loss=2.2626 | train_acc=0.9946 | test_loss=1.5889 | test_acc=0.9181
Epoch 142/300 | train_loss=24.0155 | train_acc=0.9367 | test_loss=4.2488 | test_acc=0.8800
Epoch 154/300 | train_loss=2.6016 | train_acc=0.9932 | test_loss=1.9908 | test_acc=0.9329
Epoch 140/300 | train_loss=2.6493 | train_acc=0.9929 | test_loss=1.6633 | test_acc=0.9152
Epoch 143/300 | train_loss=24.0484 | train_acc=0.9369 | test_loss=4.3230 | test_acc=0.7924
Epoch 155/300 | train_loss=4.3996 | train_acc=0.9892 | test_loss=1.8810 | test_acc=0.9382
Epoch 141/300 | train_loss=3.0640 | train_acc=0.9925 | test_loss=1.6507 | test_acc=0.9138
Epoch 144/300 | train_loss=24.0402 | train_acc=0.9367 | test_loss=4.0638 | test_acc=0.8624
Epoch 156/300 | train_loss=2.7593 | train_acc=0.9927 | test_loss=2.0122 | test_acc=0.9301
Epoch 142/300 | train_loss=4.1544 | train_acc=0.9894 | test_loss=2.1531 | test_acc=0.8772
Epoch 145/300 | train_loss=23.8169 | train_acc=0.9376 | test_loss=4.1154 | test_acc=0.8653
Epoch 157/300 | train_loss=2.9174 | train_acc=0.9928 | test_loss=1.6294 | test_acc=0.9240
Epoch 143/300 | train_loss=3.5726 | train_acc=0.9907 | test_loss=2.0575 | test_acc=0.9103
Epoch 146/300 | train_loss=23.5761 | train_acc=0.9369 | test_loss=4.0712 | test_acc=0.8755
Epoch 158/300 | train_loss=2.2186 | train_acc=0.9942 | test_loss=1.6323 | test_acc=0.9311
Epoch 144/300 | train_loss=3.5249 | train_acc=0.9909 | test_loss=1.7233 | test_acc=0.9211
Epoch 147/300 | train_loss=23.4403 | train_acc=0.9385 | test_loss=4.1058 | test_acc=0.8679
Epoch 159/300 | train_loss=3.1019 | train_acc=0.9921 | test_loss=1.7122 | test_acc=0.9462
Epoch 145/300 | train_loss=3.1887 | train_acc=0.9918 | test_loss=2.2688 | test_acc=0.9157
Epoch 148/300 | train_loss=23.6112 | train_acc=0.9374 | test_loss=4.0312 | test_acc=0.8828
Epoch 160/300 | train_loss=3.1009 | train_acc=0.9921 | test_loss=2.2178 | test_acc=0.9196
Epoch 146/300 | train_loss=3.0118 | train_acc=0.9924 | test_loss=1.8622 | test_acc=0.9149
Epoch 149/300 | train_loss=23.2449 | train_acc=0.9385 | test_loss=4.0821 | test_acc=0.8618
Epoch 161/300 | train_loss=4.3549 | train_acc=0.9887 | test_loss=2.1515 | test_acc=0.9060
Epoch 147/300 | train_loss=2.3428 | train_acc=0.9943 | test_loss=1.6081 | test_acc=0.9266
Epoch 162/300 | train_loss=4.0361 | train_acc=0.9896 | test_loss=1.6702 | test_acc=0.9329
Epoch 150/300 | train_loss=23.2156 | train_acc=0.9396 | test_loss=4.0209 | test_acc=0.8886
Epoch 148/300 | train_loss=1.8515 | train_acc=0.9954 | test_loss=1.6416 | test_acc=0.8996
Epoch 163/300 | train_loss=2.8786 | train_acc=0.9929 | test_loss=1.5767 | test_acc=0.9463
Epoch 151/300 | train_loss=23.4099 | train_acc=0.9388 | test_loss=4.0094 | test_acc=0.8654
Epoch 164/300 | train_loss=2.0277 | train_acc=0.9948 | test_loss=1.7705 | test_acc=0.9454
Epoch 149/300 | train_loss=3.8483 | train_acc=0.9901 | test_loss=1.9558 | test_acc=0.9329
Epoch 152/300 | train_loss=23.2510 | train_acc=0.9390 | test_loss=4.0318 | test_acc=0.8574
Epoch 165/300 | train_loss=2.1044 | train_acc=0.9944 | test_loss=1.6102 | test_acc=0.9249
Epoch 150/300 | train_loss=2.5585 | train_acc=0.9933 | test_loss=1.7906 | test_acc=0.8730
Epoch 153/300 | train_loss=22.9526 | train_acc=0.9396 | test_loss=4.1145 | test_acc=0.8872
Epoch 166/300 | train_loss=2.2347 | train_acc=0.9944 | test_loss=1.8648 | test_acc=0.9143
Epoch 151/300 | train_loss=1.6883 | train_acc=0.9956 | test_loss=1.8176 | test_acc=0.9289
Epoch 154/300 | train_loss=23.1140 | train_acc=0.9391 | test_loss=3.9762 | test_acc=0.8542
Epoch 167/300 | train_loss=3.7600 | train_acc=0.9901 | test_loss=1.8005 | test_acc=0.9364
Epoch 152/300 | train_loss=2.6682 | train_acc=0.9933 | test_loss=1.9640 | test_acc=0.8917
Epoch 155/300 | train_loss=23.1053 | train_acc=0.9394 | test_loss=3.9345 | test_acc=0.8627
Epoch 168/300 | train_loss=2.8728 | train_acc=0.9925 | test_loss=1.8719 | test_acc=0.9466
Epoch 153/300 | train_loss=3.5205 | train_acc=0.9912 | test_loss=1.7093 | test_acc=0.9058
Epoch 156/300 | train_loss=22.9781 | train_acc=0.9397 | test_loss=4.0320 | test_acc=0.8544
Epoch 169/300 | train_loss=2.5950 | train_acc=0.9933 | test_loss=1.6300 | test_acc=0.9130
Epoch 154/300 | train_loss=2.7169 | train_acc=0.9929 | test_loss=1.8006 | test_acc=0.9340
Epoch 157/300 | train_loss=23.0565 | train_acc=0.9390 | test_loss=4.0640 | test_acc=0.8693
Epoch 170/300 | train_loss=2.8366 | train_acc=0.9927 | test_loss=1.8267 | test_acc=0.9239
Epoch 155/300 | train_loss=2.8009 | train_acc=0.9927 | test_loss=1.9162 | test_acc=0.9250
Epoch 171/300 | train_loss=2.6061 | train_acc=0.9932 | test_loss=1.9716 | test_acc=0.9232
Epoch 158/300 | train_loss=22.9401 | train_acc=0.9392 | test_loss=3.8893 | test_acc=0.8668
Epoch 156/300 | train_loss=2.8787 | train_acc=0.9924 | test_loss=1.8435 | test_acc=0.8860
Epoch 172/300 | train_loss=3.5747 | train_acc=0.9911 | test_loss=1.8956 | test_acc=0.9421
Epoch 159/300 | train_loss=22.6621 | train_acc=0.9398 | test_loss=3.9545 | test_acc=0.8534
Epoch 157/300 | train_loss=2.8811 | train_acc=0.9924 | test_loss=1.5886 | test_acc=0.9066
Epoch 173/300 | train_loss=3.5660 | train_acc=0.9904 | test_loss=1.9740 | test_acc=0.9324
Epoch 160/300 | train_loss=22.6202 | train_acc=0.9397 | test_loss=3.9935 | test_acc=0.8943
Epoch 158/300 | train_loss=1.8605 | train_acc=0.9953 | test_loss=1.8590 | test_acc=0.9052
Epoch 161/300 | train_loss=22.7733 | train_acc=0.9404 | test_loss=4.0798 | test_acc=0.8317
Epoch 174/300 | train_loss=4.0747 | train_acc=0.9893 | test_loss=1.5162 | test_acc=0.9331
Epoch 159/300 | train_loss=1.8807 | train_acc=0.9955 | test_loss=1.9652 | test_acc=0.8793
Epoch 162/300 | train_loss=22.4833 | train_acc=0.9399 | test_loss=3.9846 | test_acc=0.8895
Epoch 175/300 | train_loss=2.8427 | train_acc=0.9926 | test_loss=1.6223 | test_acc=0.9339
Epoch 160/300 | train_loss=2.8549 | train_acc=0.9929 | test_loss=1.7603 | test_acc=0.9149
Epoch 163/300 | train_loss=22.4472 | train_acc=0.9403 | test_loss=3.9611 | test_acc=0.8648
Epoch 176/300 | train_loss=2.3979 | train_acc=0.9938 | test_loss=1.6059 | test_acc=0.9434
Epoch 161/300 | train_loss=1.8826 | train_acc=0.9953 | test_loss=1.6603 | test_acc=0.9045
Epoch 164/300 | train_loss=22.5504 | train_acc=0.9397 | test_loss=3.8744 | test_acc=0.8734
Epoch 177/300 | train_loss=2.5856 | train_acc=0.9936 | test_loss=1.5067 | test_acc=0.9504
Epoch 162/300 | train_loss=2.3497 | train_acc=0.9940 | test_loss=1.8079 | test_acc=0.9080
Epoch 165/300 | train_loss=22.3825 | train_acc=0.9400 | test_loss=3.8960 | test_acc=0.8498
Epoch 178/300 | train_loss=2.3150 | train_acc=0.9944 | test_loss=1.7148 | test_acc=0.9221
Epoch 163/300 | train_loss=2.3154 | train_acc=0.9939 | test_loss=1.6889 | test_acc=0.8958
Epoch 179/300 | train_loss=2.2906 | train_acc=0.9940 | test_loss=1.8150 | test_acc=0.9052
Epoch 166/300 | train_loss=22.3332 | train_acc=0.9408 | test_loss=3.8428 | test_acc=0.8839
Epoch 164/300 | train_loss=2.5615 | train_acc=0.9936 | test_loss=1.8942 | test_acc=0.9289
Epoch 180/300 | train_loss=4.7725 | train_acc=0.9885 | test_loss=1.9638 | test_acc=0.9101
Epoch 167/300 | train_loss=22.2533 | train_acc=0.9407 | test_loss=3.8894 | test_acc=0.8675
Epoch 165/300 | train_loss=3.3524 | train_acc=0.9912 | test_loss=1.8354 | test_acc=0.8789
Epoch 181/300 | train_loss=2.8082 | train_acc=0.9925 | test_loss=1.5733 | test_acc=0.9263
Epoch 168/300 | train_loss=22.0700 | train_acc=0.9414 | test_loss=3.9364 | test_acc=0.8593
Epoch 166/300 | train_loss=4.1600 | train_acc=0.9890 | test_loss=1.8508 | test_acc=0.8849
Epoch 182/300 | train_loss=1.6716 | train_acc=0.9957 | test_loss=1.6031 | test_acc=0.9362
Epoch 169/300 | train_loss=22.3702 | train_acc=0.9404 | test_loss=4.0652 | test_acc=0.8517
Epoch 167/300 | train_loss=3.0225 | train_acc=0.9920 | test_loss=1.8789 | test_acc=0.9048
Epoch 183/300 | train_loss=2.4142 | train_acc=0.9937 | test_loss=1.8135 | test_acc=0.9385
Epoch 170/300 | train_loss=22.0988 | train_acc=0.9410 | test_loss=3.9495 | test_acc=0.8780
Epoch 168/300 | train_loss=3.1304 | train_acc=0.9918 | test_loss=1.6340 | test_acc=0.9140
Epoch 184/300 | train_loss=2.6225 | train_acc=0.9932 | test_loss=1.5644 | test_acc=0.9332
Epoch 171/300 | train_loss=22.1709 | train_acc=0.9416 | test_loss=3.9189 | test_acc=0.8867
Epoch 185/300 | train_loss=1.6211 | train_acc=0.9958 | test_loss=1.5795 | test_acc=0.9382
Epoch 172/300 | train_loss=22.0868 | train_acc=0.9405 | test_loss=3.8758 | test_acc=0.8753
Epoch 169/300 | train_loss=2.1985 | train_acc=0.9942 | test_loss=1.5711 | test_acc=0.9199
Epoch 173/300 | train_loss=21.8932 | train_acc=0.9419 | test_loss=3.7991 | test_acc=0.8718
Epoch 186/300 | train_loss=2.7236 | train_acc=0.9934 | test_loss=2.1720 | test_acc=0.9365
Epoch 170/300 | train_loss=2.4963 | train_acc=0.9933 | test_loss=1.6797 | test_acc=0.9258
Epoch 174/300 | train_loss=21.9481 | train_acc=0.9416 | test_loss=3.8933 | test_acc=0.8274
Epoch 187/300 | train_loss=3.6825 | train_acc=0.9910 | test_loss=1.6497 | test_acc=0.9284
Epoch 171/300 | train_loss=2.4517 | train_acc=0.9939 | test_loss=1.8990 | test_acc=0.9042
Epoch 175/300 | train_loss=21.7613 | train_acc=0.9428 | test_loss=3.9240 | test_acc=0.8733
Epoch 188/300 | train_loss=2.0806 | train_acc=0.9949 | test_loss=1.7976 | test_acc=0.9410
Epoch 172/300 | train_loss=1.6907 | train_acc=0.9957 | test_loss=1.8037 | test_acc=0.9033
Epoch 176/300 | train_loss=21.8859 | train_acc=0.9419 | test_loss=3.8430 | test_acc=0.8841
Epoch 189/300 | train_loss=2.0798 | train_acc=0.9948 | test_loss=1.6761 | test_acc=0.9276
Epoch 173/300 | train_loss=2.0049 | train_acc=0.9947 | test_loss=1.8740 | test_acc=0.8923
Epoch 177/300 | train_loss=21.7292 | train_acc=0.9418 | test_loss=3.7641 | test_acc=0.8734
Epoch 190/300 | train_loss=3.0387 | train_acc=0.9920 | test_loss=2.4892 | test_acc=0.8984
Epoch 174/300 | train_loss=2.7923 | train_acc=0.9928 | test_loss=1.6611 | test_acc=0.8610
Epoch 191/300 | train_loss=3.6540 | train_acc=0.9907 | test_loss=2.0466 | test_acc=0.9205
Epoch 178/300 | train_loss=21.6400 | train_acc=0.9423 | test_loss=3.9519 | test_acc=0.8838
Epoch 175/300 | train_loss=2.6421 | train_acc=0.9930 | test_loss=1.8641 | test_acc=0.8991
Epoch 192/300 | train_loss=3.0758 | train_acc=0.9924 | test_loss=1.7345 | test_acc=0.9354
Epoch 179/300 | train_loss=21.7447 | train_acc=0.9423 | test_loss=3.8783 | test_acc=0.8698
Epoch 176/300 | train_loss=2.0754 | train_acc=0.9945 | test_loss=1.6018 | test_acc=0.9084
Epoch 193/300 | train_loss=2.5098 | train_acc=0.9931 | test_loss=1.9658 | test_acc=0.9405
Epoch 180/300 | train_loss=21.5103 | train_acc=0.9428 | test_loss=3.7960 | test_acc=0.8731
Epoch 177/300 | train_loss=2.0704 | train_acc=0.9943 | test_loss=1.5258 | test_acc=0.9106
Epoch 181/300 | train_loss=21.5275 | train_acc=0.9430 | test_loss=3.8394 | test_acc=0.8776
Epoch 194/300 | train_loss=2.4285 | train_acc=0.9937 | test_loss=1.7385 | test_acc=0.9427
Epoch 178/300 | train_loss=2.3953 | train_acc=0.9938 | test_loss=1.6941 | test_acc=0.8894
Epoch 182/300 | train_loss=21.4272 | train_acc=0.9432 | test_loss=3.7175 | test_acc=0.8707
Epoch 195/300 | train_loss=2.1695 | train_acc=0.9943 | test_loss=1.6004 | test_acc=0.9437
Epoch 179/300 | train_loss=2.2941 | train_acc=0.9940 | test_loss=2.0313 | test_acc=0.9269
Epoch 196/300 | train_loss=2.4215 | train_acc=0.9941 | test_loss=1.7703 | test_acc=0.9260
Epoch 183/300 | train_loss=21.6431 | train_acc=0.9423 | test_loss=3.7961 | test_acc=0.8851
Epoch 180/300 | train_loss=2.3607 | train_acc=0.9936 | test_loss=2.1059 | test_acc=0.8601
Epoch 184/300 | train_loss=21.5100 | train_acc=0.9428 | test_loss=3.7248 | test_acc=0.8878
Epoch 197/300 | train_loss=2.5862 | train_acc=0.9929 | test_loss=2.1929 | test_acc=0.8655
Epoch 181/300 | train_loss=3.5451 | train_acc=0.9909 | test_loss=1.9082 | test_acc=0.8826
Epoch 185/300 | train_loss=21.3487 | train_acc=0.9426 | test_loss=3.7727 | test_acc=0.8694
Epoch 198/300 | train_loss=2.2202 | train_acc=0.9943 | test_loss=1.9328 | test_acc=0.9219
Epoch 182/300 | train_loss=3.1405 | train_acc=0.9919 | test_loss=1.6363 | test_acc=0.9310
Epoch 186/300 | train_loss=21.2956 | train_acc=0.9430 | test_loss=3.7850 | test_acc=0.8610
Epoch 199/300 | train_loss=2.2483 | train_acc=0.9940 | test_loss=1.5197 | test_acc=0.9369
Epoch 183/300 | train_loss=1.3424 | train_acc=0.9965 | test_loss=1.7247 | test_acc=0.9232
Epoch 187/300 | train_loss=21.4138 | train_acc=0.9429 | test_loss=3.8124 | test_acc=0.8661
Epoch 200/300 | train_loss=1.7624 | train_acc=0.9953 | test_loss=1.7688 | test_acc=0.9268
Epoch 184/300 | train_loss=2.1914 | train_acc=0.9942 | test_loss=2.1070 | test_acc=0.9358
Epoch 188/300 | train_loss=21.2567 | train_acc=0.9434 | test_loss=3.6624 | test_acc=0.8810
Epoch 201/300 | train_loss=3.2916 | train_acc=0.9919 | test_loss=1.8373 | test_acc=0.9212
Epoch 185/300 | train_loss=1.9127 | train_acc=0.9951 | test_loss=1.8598 | test_acc=0.9265
Epoch 189/300 | train_loss=21.1448 | train_acc=0.9427 | test_loss=3.8310 | test_acc=0.8571
Epoch 202/300 | train_loss=2.2631 | train_acc=0.9940 | test_loss=2.2502 | test_acc=0.8967
Epoch 186/300 | train_loss=1.6866 | train_acc=0.9957 | test_loss=1.8054 | test_acc=0.9061
Epoch 190/300 | train_loss=21.1097 | train_acc=0.9430 | test_loss=3.6858 | test_acc=0.8851
Epoch 203/300 | train_loss=2.7271 | train_acc=0.9928 | test_loss=1.7091 | test_acc=0.9351
Epoch 187/300 | train_loss=2.2219 | train_acc=0.9943 | test_loss=1.6716 | test_acc=0.8903
Epoch 191/300 | train_loss=20.9843 | train_acc=0.9442 | test_loss=3.7081 | test_acc=0.8618
Epoch 204/300 | train_loss=2.4371 | train_acc=0.9939 | test_loss=1.6373 | test_acc=0.9211
Epoch 188/300 | train_loss=2.2304 | train_acc=0.9940 | test_loss=2.3796 | test_acc=0.8532
Epoch 192/300 | train_loss=21.2826 | train_acc=0.9429 | test_loss=3.7185 | test_acc=0.8828
Epoch 205/300 | train_loss=2.1149 | train_acc=0.9942 | test_loss=1.6677 | test_acc=0.9332
Epoch 189/300 | train_loss=2.3495 | train_acc=0.9937 | test_loss=1.6482 | test_acc=0.9270
Epoch 193/300 | train_loss=21.0522 | train_acc=0.9434 | test_loss=3.7073 | test_acc=0.8803
Epoch 206/300 | train_loss=2.0595 | train_acc=0.9949 | test_loss=1.7137 | test_acc=0.9267
Epoch 190/300 | train_loss=1.8319 | train_acc=0.9954 | test_loss=1.8309 | test_acc=0.9343
Epoch 194/300 | train_loss=20.9720 | train_acc=0.9435 | test_loss=3.6987 | test_acc=0.8538
Epoch 207/300 | train_loss=2.1904 | train_acc=0.9945 | test_loss=1.8592 | test_acc=0.9389
Epoch 191/300 | train_loss=3.5534 | train_acc=0.9907 | test_loss=1.9228 | test_acc=0.8954
Epoch 195/300 | train_loss=20.7974 | train_acc=0.9442 | test_loss=3.8113 | test_acc=0.8942
Epoch 208/300 | train_loss=1.4558 | train_acc=0.9964 | test_loss=1.6985 | test_acc=0.9186
Epoch 192/300 | train_loss=3.4434 | train_acc=0.9913 | test_loss=1.7167 | test_acc=0.9158
Epoch 196/300 | train_loss=20.9175 | train_acc=0.9443 | test_loss=3.6759 | test_acc=0.8778
Epoch 209/300 | train_loss=2.7892 | train_acc=0.9932 | test_loss=1.9586 | test_acc=0.9310
Epoch 193/300 | train_loss=2.3966 | train_acc=0.9942 | test_loss=2.1835 | test_acc=0.8670
Epoch 197/300 | train_loss=20.6589 | train_acc=0.9441 | test_loss=3.6096 | test_acc=0.8776
Epoch 210/300 | train_loss=3.0819 | train_acc=0.9919 | test_loss=1.7611 | test_acc=0.9381
Epoch 194/300 | train_loss=2.8937 | train_acc=0.9929 | test_loss=1.7133 | test_acc=0.8749
Epoch 198/300 | train_loss=20.7022 | train_acc=0.9444 | test_loss=3.7791 | test_acc=0.8761
Epoch 211/300 | train_loss=2.2956 | train_acc=0.9940 | test_loss=1.6696 | test_acc=0.9257
Epoch 195/300 | train_loss=1.5103 | train_acc=0.9963 | test_loss=1.8348 | test_acc=0.9127
Epoch 199/300 | train_loss=20.6185 | train_acc=0.9449 | test_loss=3.6027 | test_acc=0.8884
Epoch 212/300 | train_loss=1.4648 | train_acc=0.9961 | test_loss=1.6654 | test_acc=0.9384
Epoch 196/300 | train_loss=3.2695 | train_acc=0.9916 | test_loss=1.5934 | test_acc=0.9059
Epoch 200/300 | train_loss=20.4065 | train_acc=0.9455 | test_loss=3.6883 | test_acc=0.8645
Epoch 213/300 | train_loss=3.0372 | train_acc=0.9927 | test_loss=2.3145 | test_acc=0.9217
Epoch 197/300 | train_loss=1.5779 | train_acc=0.9959 | test_loss=1.4753 | test_acc=0.9230
Epoch 201/300 | train_loss=20.4590 | train_acc=0.9454 | test_loss=3.7178 | test_acc=0.8943
Epoch 214/300 | train_loss=2.9734 | train_acc=0.9924 | test_loss=2.0197 | test_acc=0.9086
Epoch 198/300 | train_loss=2.1820 | train_acc=0.9942 | test_loss=1.5488 | test_acc=0.9205
Epoch 215/300 | train_loss=3.2804 | train_acc=0.9915 | test_loss=2.0458 | test_acc=0.9123
Epoch 202/300 | train_loss=20.5598 | train_acc=0.9446 | test_loss=3.6282 | test_acc=0.8832
Epoch 199/300 | train_loss=2.0599 | train_acc=0.9946 | test_loss=2.1303 | test_acc=0.8554
Epoch 216/300 | train_loss=2.7123 | train_acc=0.9936 | test_loss=1.6127 | test_acc=0.9476
Epoch 203/300 | train_loss=20.2043 | train_acc=0.9460 | test_loss=3.8563 | test_acc=0.8202
Epoch 200/300 | train_loss=2.4826 | train_acc=0.9938 | test_loss=1.5139 | test_acc=0.8978
Epoch 217/300 | train_loss=1.5176 | train_acc=0.9962 | test_loss=1.6398 | test_acc=0.9492
Epoch 204/300 | train_loss=20.3355 | train_acc=0.9452 | test_loss=3.5121 | test_acc=0.8853
Epoch 201/300 | train_loss=1.7103 | train_acc=0.9958 | test_loss=1.7932 | test_acc=0.9204
Epoch 218/300 | train_loss=1.8582 | train_acc=0.9951 | test_loss=1.4842 | test_acc=0.9516
Epoch 205/300 | train_loss=20.4462 | train_acc=0.9461 | test_loss=3.7078 | test_acc=0.8879
Epoch 202/300 | train_loss=1.8779 | train_acc=0.9952 | test_loss=1.6573 | test_acc=0.9016
Epoch 219/300 | train_loss=2.9690 | train_acc=0.9923 | test_loss=1.6119 | test_acc=0.9372
Epoch 206/300 | train_loss=20.4330 | train_acc=0.9449 | test_loss=3.6218 | test_acc=0.8822
Epoch 203/300 | train_loss=2.1699 | train_acc=0.9941 | test_loss=1.5342 | test_acc=0.9042
Epoch 220/300 | train_loss=1.7581 | train_acc=0.9953 | test_loss=1.5189 | test_acc=0.9406
Epoch 207/300 | train_loss=20.3137 | train_acc=0.9452 | test_loss=3.5660 | test_acc=0.8937
Epoch 204/300 | train_loss=0.9801 | train_acc=0.9976 | test_loss=1.6319 | test_acc=0.9138
Epoch 221/300 | train_loss=1.4876 | train_acc=0.9965 | test_loss=1.6564 | test_acc=0.9361
Epoch 208/300 | train_loss=20.1107 | train_acc=0.9463 | test_loss=3.4671 | test_acc=0.8889
Epoch 205/300 | train_loss=1.2777 | train_acc=0.9968 | test_loss=1.6608 | test_acc=0.8990
Epoch 222/300 | train_loss=2.3326 | train_acc=0.9939 | test_loss=1.8209 | test_acc=0.9471
Epoch 209/300 | train_loss=20.2896 | train_acc=0.9462 | test_loss=3.6954 | test_acc=0.8940
Epoch 206/300 | train_loss=1.5693 | train_acc=0.9959 | test_loss=1.9240 | test_acc=0.9092
Epoch 223/300 | train_loss=2.0677 | train_acc=0.9948 | test_loss=2.2704 | test_acc=0.9191
Epoch 210/300 | train_loss=20.1849 | train_acc=0.9459 | test_loss=3.5270 | test_acc=0.8839
Epoch 207/300 | train_loss=2.4429 | train_acc=0.9936 | test_loss=2.2189 | test_acc=0.8721
Epoch 224/300 | train_loss=3.0165 | train_acc=0.9922 | test_loss=1.9238 | test_acc=0.9353
Epoch 211/300 | train_loss=19.9637 | train_acc=0.9466 | test_loss=3.4652 | test_acc=0.8808
Epoch 208/300 | train_loss=3.0630 | train_acc=0.9920 | test_loss=1.9123 | test_acc=0.8927
Epoch 225/300 | train_loss=2.5144 | train_acc=0.9936 | test_loss=1.8141 | test_acc=0.9343
Epoch 212/300 | train_loss=19.9027 | train_acc=0.9466 | test_loss=3.5708 | test_acc=0.8766
Epoch 226/300 | train_loss=1.6454 | train_acc=0.9957 | test_loss=1.6069 | test_acc=0.9438
Epoch 209/300 | train_loss=2.8896 | train_acc=0.9926 | test_loss=2.0067 | test_acc=0.8934
Epoch 213/300 | train_loss=20.0062 | train_acc=0.9466 | test_loss=3.4908 | test_acc=0.8642
Epoch 227/300 | train_loss=1.4708 | train_acc=0.9962 | test_loss=1.6714 | test_acc=0.9405
Epoch 210/300 | train_loss=3.1750 | train_acc=0.9920 | test_loss=1.5475 | test_acc=0.9023
Epoch 214/300 | train_loss=20.1894 | train_acc=0.9465 | test_loss=3.6764 | test_acc=0.8928
Epoch 228/300 | train_loss=2.3363 | train_acc=0.9942 | test_loss=1.9788 | test_acc=0.9094
Epoch 211/300 | train_loss=2.1401 | train_acc=0.9945 | test_loss=1.8814 | test_acc=0.8565
Epoch 215/300 | train_loss=19.9221 | train_acc=0.9461 | test_loss=3.5262 | test_acc=0.8834
Epoch 229/300 | train_loss=3.4674 | train_acc=0.9912 | test_loss=1.7037 | test_acc=0.9208
Epoch 212/300 | train_loss=3.2081 | train_acc=0.9917 | test_loss=2.2942 | test_acc=0.9180
Epoch 216/300 | train_loss=19.9747 | train_acc=0.9469 | test_loss=3.5862 | test_acc=0.8948
Epoch 230/300 | train_loss=1.7506 | train_acc=0.9956 | test_loss=1.5578 | test_acc=0.9452
Epoch 213/300 | train_loss=1.8783 | train_acc=0.9952 | test_loss=1.7567 | test_acc=0.9286
Epoch 217/300 | train_loss=20.0947 | train_acc=0.9464 | test_loss=3.6350 | test_acc=0.8835
Epoch 214/300 | train_loss=1.1026 | train_acc=0.9973 | test_loss=1.6707 | test_acc=0.9064
Epoch 231/300 | train_loss=1.6701 | train_acc=0.9960 | test_loss=1.5588 | test_acc=0.9423
Epoch 218/300 | train_loss=20.1314 | train_acc=0.9455 | test_loss=3.5168 | test_acc=0.8911
Epoch 215/300 | train_loss=1.2210 | train_acc=0.9967 | test_loss=1.6282 | test_acc=0.9205
Epoch 232/300 | train_loss=1.4638 | train_acc=0.9961 | test_loss=1.8874 | test_acc=0.9199
Epoch 219/300 | train_loss=19.7899 | train_acc=0.9475 | test_loss=3.5452 | test_acc=0.8862
Epoch 233/300 | train_loss=2.2709 | train_acc=0.9944 | test_loss=1.8442 | test_acc=0.9375
Epoch 216/300 | train_loss=1.4821 | train_acc=0.9964 | test_loss=2.2039 | test_acc=0.8807
Epoch 220/300 | train_loss=19.6250 | train_acc=0.9472 | test_loss=3.4768 | test_acc=0.8908
Epoch 234/300 | train_loss=2.9938 | train_acc=0.9929 | test_loss=1.7701 | test_acc=0.9435
Epoch 217/300 | train_loss=2.9642 | train_acc=0.9923 | test_loss=2.0207 | test_acc=0.9244
Epoch 221/300 | train_loss=19.7947 | train_acc=0.9467 | test_loss=3.4973 | test_acc=0.8959
Epoch 235/300 | train_loss=1.7691 | train_acc=0.9958 | test_loss=1.6481 | test_acc=0.9447
Epoch 218/300 | train_loss=3.4436 | train_acc=0.9908 | test_loss=1.6874 | test_acc=0.8625
Epoch 222/300 | train_loss=19.7614 | train_acc=0.9469 | test_loss=3.4886 | test_acc=0.8889
Epoch 236/300 | train_loss=3.2398 | train_acc=0.9918 | test_loss=1.8902 | test_acc=0.9007
Epoch 219/300 | train_loss=2.1389 | train_acc=0.9944 | test_loss=1.9023 | test_acc=0.8579
Epoch 223/300 | train_loss=19.6266 | train_acc=0.9481 | test_loss=3.4650 | test_acc=0.8959
Epoch 237/300 | train_loss=1.5673 | train_acc=0.9962 | test_loss=1.5788 | test_acc=0.9431
Epoch 220/300 | train_loss=2.1634 | train_acc=0.9944 | test_loss=1.6589 | test_acc=0.9159
Epoch 224/300 | train_loss=19.6646 | train_acc=0.9470 | test_loss=3.5848 | test_acc=0.8946
Epoch 238/300 | train_loss=3.9007 | train_acc=0.9898 | test_loss=1.8679 | test_acc=0.9426
Epoch 221/300 | train_loss=1.8445 | train_acc=0.9954 | test_loss=1.7945 | test_acc=0.9096
Epoch 225/300 | train_loss=19.6995 | train_acc=0.9467 | test_loss=3.4160 | test_acc=0.8929
Epoch 239/300 | train_loss=2.4848 | train_acc=0.9935 | test_loss=1.8900 | test_acc=0.9357
Epoch 222/300 | train_loss=2.2333 | train_acc=0.9938 | test_loss=2.0947 | test_acc=0.8710
Epoch 226/300 | train_loss=19.7030 | train_acc=0.9471 | test_loss=3.3669 | test_acc=0.8930
Epoch 240/300 | train_loss=2.3145 | train_acc=0.9940 | test_loss=1.7668 | test_acc=0.9310
Epoch 223/300 | train_loss=2.0124 | train_acc=0.9948 | test_loss=1.6447 | test_acc=0.9012
Epoch 227/300 | train_loss=19.4256 | train_acc=0.9482 | test_loss=3.5833 | test_acc=0.8914
Epoch 241/300 | train_loss=1.7697 | train_acc=0.9954 | test_loss=1.5129 | test_acc=0.9374
Epoch 224/300 | train_loss=2.1942 | train_acc=0.9941 | test_loss=1.5085 | test_acc=0.9144
Epoch 228/300 | train_loss=19.4472 | train_acc=0.9482 | test_loss=3.4575 | test_acc=0.8879
Epoch 225/300 | train_loss=1.5645 | train_acc=0.9958 | test_loss=1.8170 | test_acc=0.9092
Epoch 242/300 | train_loss=1.1430 | train_acc=0.9972 | test_loss=1.6753 | test_acc=0.9371
Epoch 229/300 | train_loss=19.4260 | train_acc=0.9478 | test_loss=3.6497 | test_acc=0.9020
Epoch 243/300 | train_loss=1.1010 | train_acc=0.9974 | test_loss=1.9793 | test_acc=0.9173
Epoch 226/300 | train_loss=2.5249 | train_acc=0.9935 | test_loss=1.8043 | test_acc=0.9060
Epoch 230/300 | train_loss=19.4910 | train_acc=0.9477 | test_loss=3.3972 | test_acc=0.8911
Epoch 244/300 | train_loss=1.6393 | train_acc=0.9956 | test_loss=1.8040 | test_acc=0.9407
Epoch 227/300 | train_loss=3.2445 | train_acc=0.9915 | test_loss=1.9801 | test_acc=0.9234
Epoch 245/300 | train_loss=1.3932 | train_acc=0.9964 | test_loss=1.6370 | test_acc=0.9363
Epoch 231/300 | train_loss=19.4568 | train_acc=0.9477 | test_loss=3.3888 | test_acc=0.8839
Epoch 246/300 | train_loss=4.8173 | train_acc=0.9887 | test_loss=1.8964 | test_acc=0.9280
Epoch 228/300 | train_loss=1.9829 | train_acc=0.9952 | test_loss=1.7841 | test_acc=0.9128
Epoch 232/300 | train_loss=19.1810 | train_acc=0.9486 | test_loss=3.6879 | test_acc=0.8979
Epoch 247/300 | train_loss=2.9023 | train_acc=0.9926 | test_loss=1.6774 | test_acc=0.9511
Epoch 229/300 | train_loss=1.1676 | train_acc=0.9970 | test_loss=1.7718 | test_acc=0.8977
Epoch 233/300 | train_loss=19.1865 | train_acc=0.9490 | test_loss=3.3842 | test_acc=0.8929
Epoch 248/300 | train_loss=2.0806 | train_acc=0.9948 | test_loss=1.5015 | test_acc=0.9453
Epoch 230/300 | train_loss=1.6832 | train_acc=0.9955 | test_loss=1.9393 | test_acc=0.9184
Epoch 249/300 | train_loss=1.3368 | train_acc=0.9965 | test_loss=1.7000 | test_acc=0.9320
Epoch 234/300 | train_loss=19.1512 | train_acc=0.9487 | test_loss=3.5176 | test_acc=0.8947
Epoch 231/300 | train_loss=3.5153 | train_acc=0.9909 | test_loss=1.9250 | test_acc=0.8854
Epoch 250/300 | train_loss=1.1626 | train_acc=0.9972 | test_loss=1.6857 | test_acc=0.9251
Epoch 235/300 | train_loss=19.3217 | train_acc=0.9478 | test_loss=3.5695 | test_acc=0.8956
Epoch 251/300 | train_loss=0.8724 | train_acc=0.9980 | test_loss=1.5338 | test_acc=0.9451
Epoch 232/300 | train_loss=2.0776 | train_acc=0.9944 | test_loss=1.5872 | test_acc=0.8941
Epoch 236/300 | train_loss=19.4627 | train_acc=0.9481 | test_loss=3.6230 | test_acc=0.8933
Epoch 252/300 | train_loss=1.6256 | train_acc=0.9961 | test_loss=1.8204 | test_acc=0.9327
Epoch 233/300 | train_loss=1.7627 | train_acc=0.9956 | test_loss=1.7626 | test_acc=0.8913
Epoch 237/300 | train_loss=19.3819 | train_acc=0.9486 | test_loss=3.5313 | test_acc=0.8870
Epoch 253/300 | train_loss=3.0343 | train_acc=0.9922 | test_loss=1.8014 | test_acc=0.9420
Epoch 234/300 | train_loss=1.7009 | train_acc=0.9954 | test_loss=1.5915 | test_acc=0.9121
Epoch 238/300 | train_loss=19.4048 | train_acc=0.9484 | test_loss=3.4416 | test_acc=0.8734
Epoch 254/300 | train_loss=5.4134 | train_acc=0.9870 | test_loss=2.1649 | test_acc=0.8776
Epoch 239/300 | train_loss=19.0910 | train_acc=0.9491 | test_loss=3.3226 | test_acc=0.9009
Epoch 235/300 | train_loss=1.7664 | train_acc=0.9955 | test_loss=1.6729 | test_acc=0.8819
Epoch 255/300 | train_loss=3.9668 | train_acc=0.9897 | test_loss=1.8501 | test_acc=0.9040
Epoch 240/300 | train_loss=19.0623 | train_acc=0.9489 | test_loss=3.3243 | test_acc=0.8921
Epoch 236/300 | train_loss=1.7116 | train_acc=0.9957 | test_loss=1.7421 | test_acc=0.8852
Epoch 256/300 | train_loss=2.9750 | train_acc=0.9920 | test_loss=1.5450 | test_acc=0.9429
Epoch 241/300 | train_loss=18.9116 | train_acc=0.9492 | test_loss=3.4156 | test_acc=0.8666
Epoch 237/300 | train_loss=1.5547 | train_acc=0.9957 | test_loss=1.5711 | test_acc=0.9242
Epoch 257/300 | train_loss=1.4953 | train_acc=0.9960 | test_loss=1.6031 | test_acc=0.9454
Epoch 242/300 | train_loss=18.8405 | train_acc=0.9496 | test_loss=3.3058 | test_acc=0.8810
Epoch 238/300 | train_loss=1.1594 | train_acc=0.9972 | test_loss=1.5938 | test_acc=0.9036
Epoch 258/300 | train_loss=2.2521 | train_acc=0.9945 | test_loss=1.9826 | test_acc=0.9372
Epoch 243/300 | train_loss=18.9834 | train_acc=0.9495 | test_loss=3.3188 | test_acc=0.8658
Epoch 239/300 | train_loss=0.7145 | train_acc=0.9983 | test_loss=1.6982 | test_acc=0.9126
Epoch 259/300 | train_loss=2.1057 | train_acc=0.9950 | test_loss=1.5229 | test_acc=0.9430
Epoch 244/300 | train_loss=18.9328 | train_acc=0.9493 | test_loss=3.2702 | test_acc=0.8898
Epoch 260/300 | train_loss=2.5630 | train_acc=0.9933 | test_loss=1.6349 | test_acc=0.9345
Epoch 240/300 | train_loss=1.2646 | train_acc=0.9969 | test_loss=2.4356 | test_acc=0.8799
Epoch 245/300 | train_loss=18.8371 | train_acc=0.9498 | test_loss=3.2671 | test_acc=0.9023
Epoch 261/300 | train_loss=0.7863 | train_acc=0.9982 | test_loss=1.5603 | test_acc=0.9489
Epoch 241/300 | train_loss=4.1228 | train_acc=0.9899 | test_loss=1.7077 | test_acc=0.9173
Epoch 246/300 | train_loss=18.5478 | train_acc=0.9502 | test_loss=3.3198 | test_acc=0.8968
Epoch 262/300 | train_loss=0.6398 | train_acc=0.9987 | test_loss=1.5855 | test_acc=0.9501
Epoch 242/300 | train_loss=1.6450 | train_acc=0.9956 | test_loss=1.7138 | test_acc=0.9029
Epoch 263/300 | train_loss=0.7626 | train_acc=0.9983 | test_loss=1.5957 | test_acc=0.9499
Epoch 247/300 | train_loss=18.7124 | train_acc=0.9496 | test_loss=3.3674 | test_acc=0.9021
Epoch 243/300 | train_loss=1.0746 | train_acc=0.9975 | test_loss=1.5177 | test_acc=0.9172
Epoch 264/300 | train_loss=0.9847 | train_acc=0.9975 | test_loss=1.5620 | test_acc=0.9389
Epoch 248/300 | train_loss=18.7576 | train_acc=0.9502 | test_loss=3.3184 | test_acc=0.8845
Epoch 244/300 | train_loss=0.4967 | train_acc=0.9989 | test_loss=1.5177 | test_acc=0.9090
Epoch 265/300 | train_loss=0.8594 | train_acc=0.9983 | test_loss=1.7059 | test_acc=0.9378
Epoch 249/300 | train_loss=18.6042 | train_acc=0.9504 | test_loss=3.3174 | test_acc=0.8784
Epoch 266/300 | train_loss=2.7051 | train_acc=0.9927 | test_loss=2.8633 | test_acc=0.9222
Epoch 245/300 | train_loss=0.3350 | train_acc=0.9994 | test_loss=1.5444 | test_acc=0.9261
Epoch 250/300 | train_loss=18.7177 | train_acc=0.9508 | test_loss=3.4985 | test_acc=0.9029
Epoch 267/300 | train_loss=3.6962 | train_acc=0.9913 | test_loss=1.9532 | test_acc=0.9277
Epoch 246/300 | train_loss=1.1851 | train_acc=0.9970 | test_loss=1.7434 | test_acc=0.9262
Epoch 251/300 | train_loss=18.6634 | train_acc=0.9504 | test_loss=3.2709 | test_acc=0.8945
Epoch 268/300 | train_loss=2.7814 | train_acc=0.9928 | test_loss=1.7203 | test_acc=0.9125
Epoch 247/300 | train_loss=2.2099 | train_acc=0.9942 | test_loss=1.6206 | test_acc=0.9093
Epoch 269/300 | train_loss=2.6449 | train_acc=0.9932 | test_loss=1.8316 | test_acc=0.9274
Epoch 252/300 | train_loss=18.5467 | train_acc=0.9511 | test_loss=3.3528 | test_acc=0.8986
Epoch 248/300 | train_loss=3.6390 | train_acc=0.9907 | test_loss=1.7252 | test_acc=0.9300
Epoch 270/300 | train_loss=1.3110 | train_acc=0.9966 | test_loss=1.8948 | test_acc=0.9263
Epoch 253/300 | train_loss=18.6061 | train_acc=0.9506 | test_loss=3.3021 | test_acc=0.8908
Epoch 249/300 | train_loss=2.5847 | train_acc=0.9934 | test_loss=1.8794 | test_acc=0.9129
Epoch 271/300 | train_loss=0.8319 | train_acc=0.9980 | test_loss=1.5539 | test_acc=0.9334
Epoch 254/300 | train_loss=18.5138 | train_acc=0.9500 | test_loss=3.3130 | test_acc=0.8905
Epoch 250/300 | train_loss=2.2050 | train_acc=0.9942 | test_loss=1.5766 | test_acc=0.8981
Epoch 272/300 | train_loss=2.1060 | train_acc=0.9944 | test_loss=1.4906 | test_acc=0.9307
Epoch 255/300 | train_loss=18.4630 | train_acc=0.9507 | test_loss=3.3478 | test_acc=0.8829
Epoch 251/300 | train_loss=2.2173 | train_acc=0.9943 | test_loss=1.7751 | test_acc=0.8964
Epoch 273/300 | train_loss=2.0374 | train_acc=0.9947 | test_loss=1.6227 | test_acc=0.9463
Epoch 252/300 | train_loss=1.5090 | train_acc=0.9958 | test_loss=1.6354 | test_acc=0.9230
Epoch 256/300 | train_loss=18.7393 | train_acc=0.9502 | test_loss=3.3185 | test_acc=0.8830
Epoch 274/300 | train_loss=2.0779 | train_acc=0.9947 | test_loss=1.6674 | test_acc=0.9386
Epoch 253/300 | train_loss=1.4033 | train_acc=0.9962 | test_loss=1.8566 | test_acc=0.9150
Epoch 257/300 | train_loss=18.4982 | train_acc=0.9508 | test_loss=3.3333 | test_acc=0.9005
Epoch 275/300 | train_loss=2.3757 | train_acc=0.9936 | test_loss=1.8119 | test_acc=0.9327
Epoch 254/300 | train_loss=2.4040 | train_acc=0.9939 | test_loss=1.7651 | test_acc=0.8994
Epoch 258/300 | train_loss=18.5294 | train_acc=0.9500 | test_loss=3.2656 | test_acc=0.8969
Epoch 276/300 | train_loss=1.8223 | train_acc=0.9953 | test_loss=1.6838 | test_acc=0.9407
Epoch 255/300 | train_loss=1.5210 | train_acc=0.9959 | test_loss=1.6222 | test_acc=0.8879
Epoch 259/300 | train_loss=18.1862 | train_acc=0.9512 | test_loss=3.2243 | test_acc=0.8996
Epoch 277/300 | train_loss=2.4196 | train_acc=0.9937 | test_loss=1.8315 | test_acc=0.9283
Epoch 260/300 | train_loss=18.3379 | train_acc=0.9512 | test_loss=3.4637 | test_acc=0.9067
Epoch 278/300 | train_loss=1.6929 | train_acc=0.9952 | test_loss=1.7852 | test_acc=0.9466
Epoch 256/300 | train_loss=2.0751 | train_acc=0.9943 | test_loss=1.8149 | test_acc=0.8760
Epoch 279/300 | train_loss=1.0516 | train_acc=0.9974 | test_loss=1.4065 | test_acc=0.9545
Epoch 261/300 | train_loss=18.3304 | train_acc=0.9511 | test_loss=3.2734 | test_acc=0.8953
Epoch 257/300 | train_loss=3.3359 | train_acc=0.9915 | test_loss=1.7157 | test_acc=0.8943
Epoch 280/300 | train_loss=1.2901 | train_acc=0.9967 | test_loss=1.8554 | test_acc=0.9385
Epoch 262/300 | train_loss=18.2639 | train_acc=0.9509 | test_loss=3.3921 | test_acc=0.9010
Epoch 258/300 | train_loss=2.1133 | train_acc=0.9943 | test_loss=1.9266 | test_acc=0.9086
Epoch 281/300 | train_loss=2.2011 | train_acc=0.9940 | test_loss=2.1190 | test_acc=0.9229
Epoch 263/300 | train_loss=18.3130 | train_acc=0.9513 | test_loss=3.3074 | test_acc=0.8948
Epoch 259/300 | train_loss=1.6305 | train_acc=0.9958 | test_loss=1.7840 | test_acc=0.9068
Epoch 282/300 | train_loss=3.4923 | train_acc=0.9912 | test_loss=1.5651 | test_acc=0.9349
Epoch 264/300 | train_loss=18.0361 | train_acc=0.9508 | test_loss=3.4350 | test_acc=0.8851
Epoch 260/300 | train_loss=1.6086 | train_acc=0.9956 | test_loss=1.8196 | test_acc=0.9213
Epoch 265/300 | train_loss=18.5003 | train_acc=0.9497 | test_loss=3.3704 | test_acc=0.8807
Epoch 283/300 | train_loss=0.9602 | train_acc=0.9980 | test_loss=1.8053 | test_acc=0.9355
Epoch 261/300 | train_loss=1.1294 | train_acc=0.9973 | test_loss=1.5368 | test_acc=0.9322
Epoch 266/300 | train_loss=18.3290 | train_acc=0.9513 | test_loss=3.2227 | test_acc=0.8898
Epoch 284/300 | train_loss=1.4265 | train_acc=0.9964 | test_loss=2.0905 | test_acc=0.9316
Epoch 267/300 | train_loss=18.5190 | train_acc=0.9508 | test_loss=3.3239 | test_acc=0.9004
Epoch 262/300 | train_loss=2.6803 | train_acc=0.9933 | test_loss=1.7699 | test_acc=0.8903
Epoch 285/300 | train_loss=1.0752 | train_acc=0.9973 | test_loss=1.5408 | test_acc=0.9246
Epoch 268/300 | train_loss=18.4753 | train_acc=0.9507 | test_loss=3.3580 | test_acc=0.8923
Epoch 263/300 | train_loss=0.7812 | train_acc=0.9981 | test_loss=1.6566 | test_acc=0.9187
Epoch 286/300 | train_loss=2.9628 | train_acc=0.9928 | test_loss=2.3452 | test_acc=0.9027
Epoch 269/300 | train_loss=18.0618 | train_acc=0.9515 | test_loss=3.2862 | test_acc=0.8697
Epoch 264/300 | train_loss=1.0514 | train_acc=0.9978 | test_loss=1.6180 | test_acc=0.9193
Epoch 287/300 | train_loss=3.7903 | train_acc=0.9903 | test_loss=1.8061 | test_acc=0.9422
Epoch 270/300 | train_loss=18.3299 | train_acc=0.9512 | test_loss=3.2609 | test_acc=0.9055
Epoch 288/300 | train_loss=2.3891 | train_acc=0.9939 | test_loss=1.5806 | test_acc=0.9479
Epoch 265/300 | train_loss=1.1662 | train_acc=0.9969 | test_loss=1.5596 | test_acc=0.9225
Epoch 271/300 | train_loss=18.0495 | train_acc=0.9522 | test_loss=3.2447 | test_acc=0.9036
Epoch 289/300 | train_loss=1.0741 | train_acc=0.9974 | test_loss=1.7038 | test_acc=0.9424
Epoch 266/300 | train_loss=2.0962 | train_acc=0.9951 | test_loss=2.2204 | test_acc=0.9032
Epoch 272/300 | train_loss=18.1725 | train_acc=0.9516 | test_loss=3.2278 | test_acc=0.9002
Epoch 290/300 | train_loss=0.8138 | train_acc=0.9980 | test_loss=1.8330 | test_acc=0.9416
Epoch 267/300 | train_loss=4.1258 | train_acc=0.9895 | test_loss=1.7952 | test_acc=0.8841
Epoch 273/300 | train_loss=18.1807 | train_acc=0.9519 | test_loss=3.2832 | test_acc=0.9012
Epoch 291/300 | train_loss=0.7176 | train_acc=0.9983 | test_loss=1.5269 | test_acc=0.9498
Epoch 268/300 | train_loss=1.4370 | train_acc=0.9963 | test_loss=1.5956 | test_acc=0.9220
Epoch 274/300 | train_loss=17.9557 | train_acc=0.9518 | test_loss=3.2814 | test_acc=0.8892
Epoch 292/300 | train_loss=2.1065 | train_acc=0.9947 | test_loss=1.9869 | test_acc=0.9348
Epoch 269/300 | train_loss=0.5976 | train_acc=0.9988 | test_loss=1.6174 | test_acc=0.9115
Epoch 275/300 | train_loss=17.9027 | train_acc=0.9528 | test_loss=3.3593 | test_acc=0.8856
Epoch 293/300 | train_loss=2.1856 | train_acc=0.9942 | test_loss=1.8214 | test_acc=0.9417
Epoch 270/300 | train_loss=0.5792 | train_acc=0.9987 | test_loss=1.6693 | test_acc=0.9063
Epoch 276/300 | train_loss=17.9571 | train_acc=0.9519 | test_loss=3.1953 | test_acc=0.9009
Epoch 294/300 | train_loss=2.2254 | train_acc=0.9943 | test_loss=1.9495 | test_acc=0.9364
Epoch 277/300 | train_loss=17.9032 | train_acc=0.9525 | test_loss=3.2421 | test_acc=0.8886
Epoch 271/300 | train_loss=0.6633 | train_acc=0.9982 | test_loss=1.6430 | test_acc=0.9073
Epoch 295/300 | train_loss=1.4030 | train_acc=0.9963 | test_loss=1.6177 | test_acc=0.9390
Epoch 296/300 | train_loss=1.3928 | train_acc=0.9961 | test_loss=1.6314 | test_acc=0.9531
Epoch 278/300 | train_loss=17.6845 | train_acc=0.9539 | test_loss=3.2940 | test_acc=0.8778
Epoch 272/300 | train_loss=0.8983 | train_acc=0.9980 | test_loss=1.7655 | test_acc=0.9255
Epoch 297/300 | train_loss=2.0821 | train_acc=0.9947 | test_loss=1.6547 | test_acc=0.9438
Epoch 279/300 | train_loss=18.0109 | train_acc=0.9523 | test_loss=3.3122 | test_acc=0.8769
Epoch 273/300 | train_loss=3.9625 | train_acc=0.9903 | test_loss=1.7367 | test_acc=0.9207
Epoch 298/300 | train_loss=1.9008 | train_acc=0.9952 | test_loss=1.5675 | test_acc=0.9536
Epoch 280/300 | train_loss=17.9811 | train_acc=0.9517 | test_loss=3.1830 | test_acc=0.8935
Epoch 274/300 | train_loss=1.6059 | train_acc=0.9959 | test_loss=1.5332 | test_acc=0.9197
Epoch 299/300 | train_loss=1.2382 | train_acc=0.9966 | test_loss=1.5622 | test_acc=0.9283
Epoch 281/300 | train_loss=17.5711 | train_acc=0.9534 | test_loss=3.2603 | test_acc=0.8981
Epoch 275/300 | train_loss=1.6661 | train_acc=0.9955 | test_loss=1.7360 | test_acc=0.9200
Epoch 300/300 | train_loss=2.1910 | train_acc=0.9947 | test_loss=1.8589 | test_acc=0.9480
Epoch 282/300 | train_loss=17.8473 | train_acc=0.9519 | test_loss=3.2493 | test_acc=0.9022
Epoch 276/300 | train_loss=1.3258 | train_acc=0.9965 | test_loss=1.8140 | test_acc=0.9160
Completed random run 4 on cuda:5 | test_acc=0.948
Started bio_trainable run 2 | seed=1235 | device=cuda:5 | trainable_params=23562 | total_params=24212
Epoch 283/300 | train_loss=17.6693 | train_acc=0.9527 | test_loss=3.1734 | test_acc=0.9020
Epoch 277/300 | train_loss=2.3390 | train_acc=0.9941 | test_loss=1.6898 | test_acc=0.8895
Epoch 284/300 | train_loss=17.7778 | train_acc=0.9522 | test_loss=3.2678 | test_acc=0.9077
Epoch 278/300 | train_loss=2.2519 | train_acc=0.9939 | test_loss=1.5711 | test_acc=0.9115
Epoch 285/300 | train_loss=17.4931 | train_acc=0.9537 | test_loss=3.1698 | test_acc=0.8993
Epoch 001/300 | train_loss=263.3265 | train_acc=0.2289 | test_loss=43.1148 | test_acc=0.3513
Epoch 279/300 | train_loss=1.7793 | train_acc=0.9950 | test_loss=1.7928 | test_acc=0.8902
Epoch 286/300 | train_loss=17.7284 | train_acc=0.9527 | test_loss=3.3241 | test_acc=0.9092
Epoch 002/300 | train_loss=244.8898 | train_acc=0.3653 | test_loss=39.7672 | test_acc=0.3577
Epoch 280/300 | train_loss=1.6973 | train_acc=0.9957 | test_loss=1.6753 | test_acc=0.9219
Epoch 003/300 | train_loss=225.0269 | train_acc=0.4374 | test_loss=36.3823 | test_acc=0.3493
Epoch 287/300 | train_loss=17.7192 | train_acc=0.9526 | test_loss=3.1699 | test_acc=0.9011
Epoch 281/300 | train_loss=0.8075 | train_acc=0.9980 | test_loss=1.6678 | test_acc=0.8920
Epoch 004/300 | train_loss=206.5737 | train_acc=0.4936 | test_loss=33.5012 | test_acc=0.3433
Epoch 288/300 | train_loss=17.6089 | train_acc=0.9529 | test_loss=3.0886 | test_acc=0.8946
Epoch 282/300 | train_loss=0.7413 | train_acc=0.9982 | test_loss=1.5425 | test_acc=0.9161
Epoch 005/300 | train_loss=190.0737 | train_acc=0.5375 | test_loss=30.9098 | test_acc=0.3470
Epoch 289/300 | train_loss=17.5972 | train_acc=0.9536 | test_loss=3.1636 | test_acc=0.8973
Epoch 283/300 | train_loss=0.5167 | train_acc=0.9988 | test_loss=1.7821 | test_acc=0.9294
Epoch 006/300 | train_loss=175.6660 | train_acc=0.5696 | test_loss=28.6744 | test_acc=0.3545
Epoch 290/300 | train_loss=17.5748 | train_acc=0.9534 | test_loss=3.1452 | test_acc=0.8941
Epoch 284/300 | train_loss=4.0858 | train_acc=0.9897 | test_loss=1.8788 | test_acc=0.8962
Epoch 007/300 | train_loss=163.7815 | train_acc=0.5947 | test_loss=26.7810 | test_acc=0.3494
Epoch 008/300 | train_loss=152.9766 | train_acc=0.6205 | test_loss=25.1046 | test_acc=0.3615
Epoch 285/300 | train_loss=2.3235 | train_acc=0.9938 | test_loss=1.8766 | test_acc=0.9399
Epoch 291/300 | train_loss=17.4368 | train_acc=0.9534 | test_loss=3.1374 | test_acc=0.9071
Epoch 009/300 | train_loss=143.5905 | train_acc=0.6422 | test_loss=23.5746 | test_acc=0.3663
Epoch 286/300 | train_loss=1.4162 | train_acc=0.9961 | test_loss=1.6125 | test_acc=0.8921
Epoch 292/300 | train_loss=17.4894 | train_acc=0.9532 | test_loss=3.2692 | test_acc=0.9033
Epoch 010/300 | train_loss=135.2972 | train_acc=0.6614 | test_loss=22.4255 | test_acc=0.3722
Epoch 287/300 | train_loss=0.9335 | train_acc=0.9979 | test_loss=1.7057 | test_acc=0.9176
Epoch 293/300 | train_loss=17.7481 | train_acc=0.9528 | test_loss=3.1102 | test_acc=0.9122
Epoch 011/300 | train_loss=128.2836 | train_acc=0.6761 | test_loss=21.2737 | test_acc=0.3928
Epoch 288/300 | train_loss=0.7777 | train_acc=0.9980 | test_loss=1.5646 | test_acc=0.9154
Epoch 294/300 | train_loss=17.6069 | train_acc=0.9532 | test_loss=3.1707 | test_acc=0.9006
Epoch 012/300 | train_loss=122.5525 | train_acc=0.6912 | test_loss=20.3292 | test_acc=0.3839
Epoch 289/300 | train_loss=0.6672 | train_acc=0.9982 | test_loss=1.5110 | test_acc=0.9014
Epoch 295/300 | train_loss=17.6127 | train_acc=0.9524 | test_loss=3.2624 | test_acc=0.9068
Epoch 013/300 | train_loss=117.1683 | train_acc=0.7032 | test_loss=19.5302 | test_acc=0.4051
Epoch 290/300 | train_loss=1.4791 | train_acc=0.9966 | test_loss=1.7420 | test_acc=0.8966
Epoch 296/300 | train_loss=17.3290 | train_acc=0.9535 | test_loss=3.1299 | test_acc=0.8892
Epoch 014/300 | train_loss=112.3310 | train_acc=0.7140 | test_loss=18.6867 | test_acc=0.3962
Epoch 291/300 | train_loss=2.6382 | train_acc=0.9931 | test_loss=1.6882 | test_acc=0.9072
Epoch 297/300 | train_loss=17.2589 | train_acc=0.9536 | test_loss=3.1167 | test_acc=0.8800
Epoch 015/300 | train_loss=107.6182 | train_acc=0.7255 | test_loss=18.0412 | test_acc=0.4185
Epoch 292/300 | train_loss=1.2171 | train_acc=0.9967 | test_loss=1.6307 | test_acc=0.8976
Epoch 298/300 | train_loss=17.2920 | train_acc=0.9535 | test_loss=3.2348 | test_acc=0.8923
Epoch 016/300 | train_loss=103.1305 | train_acc=0.7365 | test_loss=17.1557 | test_acc=0.4200
Epoch 293/300 | train_loss=1.4595 | train_acc=0.9962 | test_loss=1.7840 | test_acc=0.9056
Epoch 299/300 | train_loss=17.3695 | train_acc=0.9538 | test_loss=3.1784 | test_acc=0.8764
Epoch 017/300 | train_loss=98.9594 | train_acc=0.7476 | test_loss=16.5154 | test_acc=0.4367
Epoch 294/300 | train_loss=0.9406 | train_acc=0.9976 | test_loss=1.5467 | test_acc=0.9122
Epoch 018/300 | train_loss=94.9247 | train_acc=0.7585 | test_loss=15.9597 | test_acc=0.4617
Epoch 300/300 | train_loss=17.1924 | train_acc=0.9546 | test_loss=3.1268 | test_acc=0.8937
Epoch 295/300 | train_loss=1.0105 | train_acc=0.9972 | test_loss=1.6914 | test_acc=0.9012
Completed bio_trainable run 1 on cuda:7 | test_acc=0.8937
Epoch 019/300 | train_loss=91.3681 | train_acc=0.7662 | test_loss=15.2575 | test_acc=0.4432
Started bio_trainable run 3 | seed=1236 | device=cuda:6 | trainable_params=23562 | total_params=24212
Epoch 296/300 | train_loss=1.9085 | train_acc=0.9956 | test_loss=2.9733 | test_acc=0.8282
Epoch 020/300 | train_loss=87.6751 | train_acc=0.7765 | test_loss=14.7074 | test_acc=0.4548
Epoch 297/300 | train_loss=5.0517 | train_acc=0.9876 | test_loss=1.8889 | test_acc=0.9053
Epoch 021/300 | train_loss=84.8261 | train_acc=0.7836 | test_loss=14.2014 | test_acc=0.4675
Epoch 298/300 | train_loss=3.1535 | train_acc=0.9921 | test_loss=1.6480 | test_acc=0.8870
Epoch 001/300 | train_loss=263.7205 | train_acc=0.2573 | test_loss=43.2152 | test_acc=0.3710
Epoch 022/300 | train_loss=82.0880 | train_acc=0.7907 | test_loss=13.7862 | test_acc=0.5048
Epoch 299/300 | train_loss=1.0339 | train_acc=0.9973 | test_loss=1.4664 | test_acc=0.9187
Epoch 023/300 | train_loss=79.3433 | train_acc=0.7977 | test_loss=13.3306 | test_acc=0.4856
Epoch 002/300 | train_loss=245.7973 | train_acc=0.3842 | test_loss=39.9793 | test_acc=0.3768
Epoch 300/300 | train_loss=1.1404 | train_acc=0.9971 | test_loss=1.6585 | test_acc=0.9304
Epoch 024/300 | train_loss=77.0317 | train_acc=0.8025 | test_loss=12.9271 | test_acc=0.4952
Completed random run 5 on cuda:6 | test_acc=0.9304
Epoch 003/300 | train_loss=227.1269 | train_acc=0.4379 | test_loss=36.7824 | test_acc=0.3749
Started bio_trainable run 4 | seed=1237 | device=cuda:7 | trainable_params=23562 | total_params=24212
Epoch 025/300 | train_loss=74.6514 | train_acc=0.8095 | test_loss=12.5154 | test_acc=0.5079
Epoch 004/300 | train_loss=207.0781 | train_acc=0.4914 | test_loss=33.1883 | test_acc=0.3563
Epoch 026/300 | train_loss=72.6903 | train_acc=0.8141 | test_loss=12.2366 | test_acc=0.5237
Epoch 005/300 | train_loss=188.1370 | train_acc=0.5342 | test_loss=30.4370 | test_acc=0.3451
Epoch 027/300 | train_loss=70.7011 | train_acc=0.8191 | test_loss=11.8953 | test_acc=0.4993
Epoch 001/300 | train_loss=261.8356 | train_acc=0.2304 | test_loss=42.4998 | test_acc=0.3767
Epoch 006/300 | train_loss=173.3380 | train_acc=0.5713 | test_loss=28.1266 | test_acc=0.3546
Epoch 028/300 | train_loss=68.9650 | train_acc=0.8239 | test_loss=11.6717 | test_acc=0.5501
Epoch 007/300 | train_loss=160.2393 | train_acc=0.6031 | test_loss=26.1101 | test_acc=0.3409
Epoch 002/300 | train_loss=240.7480 | train_acc=0.3955 | test_loss=38.8112 | test_acc=0.4123
Epoch 029/300 | train_loss=67.1552 | train_acc=0.8286 | test_loss=11.3659 | test_acc=0.5652
Epoch 008/300 | train_loss=149.2839 | train_acc=0.6302 | test_loss=24.4673 | test_acc=0.3511
Epoch 030/300 | train_loss=65.7267 | train_acc=0.8321 | test_loss=11.1544 | test_acc=0.5563
Epoch 003/300 | train_loss=219.7128 | train_acc=0.4718 | test_loss=35.3585 | test_acc=0.4040
Epoch 009/300 | train_loss=140.0210 | train_acc=0.6502 | test_loss=23.0331 | test_acc=0.3528
Epoch 031/300 | train_loss=64.1078 | train_acc=0.8356 | test_loss=10.8140 | test_acc=0.5749
Epoch 004/300 | train_loss=200.7748 | train_acc=0.5155 | test_loss=32.4113 | test_acc=0.4011
Epoch 010/300 | train_loss=132.2269 | train_acc=0.6693 | test_loss=21.8425 | test_acc=0.3601
Epoch 032/300 | train_loss=62.6949 | train_acc=0.8405 | test_loss=10.5537 | test_acc=0.5239
Epoch 005/300 | train_loss=184.6079 | train_acc=0.5501 | test_loss=29.8506 | test_acc=0.3716
Epoch 011/300 | train_loss=124.9416 | train_acc=0.6876 | test_loss=20.6589 | test_acc=0.3556
Epoch 033/300 | train_loss=61.2434 | train_acc=0.8420 | test_loss=10.4655 | test_acc=0.5446
Epoch 006/300 | train_loss=171.0135 | train_acc=0.5770 | test_loss=27.7548 | test_acc=0.3668
Epoch 012/300 | train_loss=118.5974 | train_acc=0.7028 | test_loss=19.6338 | test_acc=0.3699
Epoch 034/300 | train_loss=60.0238 | train_acc=0.8451 | test_loss=10.0525 | test_acc=0.5640
Epoch 007/300 | train_loss=159.5266 | train_acc=0.5999 | test_loss=25.9630 | test_acc=0.3759
Epoch 013/300 | train_loss=112.7918 | train_acc=0.7172 | test_loss=18.6760 | test_acc=0.3621
Epoch 035/300 | train_loss=58.9542 | train_acc=0.8476 | test_loss=9.9139 | test_acc=0.5736
Epoch 008/300 | train_loss=149.5817 | train_acc=0.6227 | test_loss=24.3889 | test_acc=0.3750
Epoch 014/300 | train_loss=107.4474 | train_acc=0.7295 | test_loss=17.8650 | test_acc=0.3776
Epoch 036/300 | train_loss=57.8115 | train_acc=0.8510 | test_loss=9.7901 | test_acc=0.5208
Epoch 015/300 | train_loss=102.7493 | train_acc=0.7407 | test_loss=17.0799 | test_acc=0.3808
Epoch 037/300 | train_loss=56.6171 | train_acc=0.8538 | test_loss=9.6447 | test_acc=0.6104
Epoch 009/300 | train_loss=140.5770 | train_acc=0.6426 | test_loss=22.9387 | test_acc=0.3764
Epoch 038/300 | train_loss=55.5282 | train_acc=0.8566 | test_loss=9.4097 | test_acc=0.6018
Epoch 016/300 | train_loss=98.3221 | train_acc=0.7520 | test_loss=16.4353 | test_acc=0.3715
Epoch 010/300 | train_loss=132.4480 | train_acc=0.6641 | test_loss=21.6877 | test_acc=0.3811
Epoch 017/300 | train_loss=94.4218 | train_acc=0.7610 | test_loss=15.7493 | test_acc=0.3993
Epoch 039/300 | train_loss=54.4495 | train_acc=0.8599 | test_loss=9.1592 | test_acc=0.5955
Epoch 011/300 | train_loss=125.3822 | train_acc=0.6812 | test_loss=20.6696 | test_acc=0.3960
Epoch 018/300 | train_loss=90.7098 | train_acc=0.7697 | test_loss=15.1713 | test_acc=0.4064
Epoch 040/300 | train_loss=53.5632 | train_acc=0.8610 | test_loss=9.0774 | test_acc=0.5904
Epoch 019/300 | train_loss=87.4240 | train_acc=0.7778 | test_loss=14.6080 | test_acc=0.4034
Epoch 012/300 | train_loss=118.6646 | train_acc=0.6970 | test_loss=19.4869 | test_acc=0.4105
Epoch 041/300 | train_loss=52.7811 | train_acc=0.8650 | test_loss=8.8784 | test_acc=0.6275
Epoch 020/300 | train_loss=84.4863 | train_acc=0.7850 | test_loss=14.1244 | test_acc=0.4280
Epoch 013/300 | train_loss=112.4606 | train_acc=0.7140 | test_loss=18.5191 | test_acc=0.4098
Epoch 042/300 | train_loss=52.0024 | train_acc=0.8657 | test_loss=8.8075 | test_acc=0.6609
Epoch 021/300 | train_loss=81.5503 | train_acc=0.7916 | test_loss=13.6571 | test_acc=0.4576
Epoch 014/300 | train_loss=107.0672 | train_acc=0.7296 | test_loss=17.6561 | test_acc=0.4342
Epoch 043/300 | train_loss=51.2082 | train_acc=0.8660 | test_loss=8.7099 | test_acc=0.6547
Epoch 022/300 | train_loss=79.0541 | train_acc=0.7988 | test_loss=13.2441 | test_acc=0.4193
Epoch 015/300 | train_loss=101.9788 | train_acc=0.7421 | test_loss=16.8673 | test_acc=0.4383
Epoch 023/300 | train_loss=76.6363 | train_acc=0.8046 | test_loss=12.8971 | test_acc=0.4661
Epoch 044/300 | train_loss=50.3208 | train_acc=0.8694 | test_loss=8.5497 | test_acc=0.6395
Epoch 024/300 | train_loss=74.3725 | train_acc=0.8092 | test_loss=12.5148 | test_acc=0.4708
Epoch 045/300 | train_loss=49.5665 | train_acc=0.8721 | test_loss=8.4615 | test_acc=0.6322
Epoch 016/300 | train_loss=97.6757 | train_acc=0.7535 | test_loss=16.2388 | test_acc=0.4364
Epoch 025/300 | train_loss=72.2012 | train_acc=0.8155 | test_loss=12.0804 | test_acc=0.4676
Epoch 046/300 | train_loss=48.9258 | train_acc=0.8739 | test_loss=8.4118 | test_acc=0.6645
Epoch 017/300 | train_loss=93.7515 | train_acc=0.7619 | test_loss=15.5930 | test_acc=0.4638
Epoch 026/300 | train_loss=70.2536 | train_acc=0.8196 | test_loss=11.6787 | test_acc=0.5152
Epoch 047/300 | train_loss=48.4329 | train_acc=0.8743 | test_loss=8.2674 | test_acc=0.6469
Epoch 018/300 | train_loss=89.7354 | train_acc=0.7729 | test_loss=14.9644 | test_acc=0.4698
Epoch 027/300 | train_loss=68.3231 | train_acc=0.8243 | test_loss=11.4530 | test_acc=0.5032
Epoch 048/300 | train_loss=47.4684 | train_acc=0.8770 | test_loss=8.0773 | test_acc=0.6886
Epoch 019/300 | train_loss=86.4336 | train_acc=0.7817 | test_loss=14.4684 | test_acc=0.5038
Epoch 049/300 | train_loss=46.8856 | train_acc=0.8776 | test_loss=8.0866 | test_acc=0.6330
Epoch 028/300 | train_loss=66.4249 | train_acc=0.8302 | test_loss=11.1798 | test_acc=0.5180
Epoch 020/300 | train_loss=83.2308 | train_acc=0.7898 | test_loss=13.8549 | test_acc=0.4877
Epoch 050/300 | train_loss=46.5486 | train_acc=0.8789 | test_loss=7.8925 | test_acc=0.7076
Epoch 029/300 | train_loss=64.7816 | train_acc=0.8339 | test_loss=10.9423 | test_acc=0.5693
Epoch 021/300 | train_loss=80.1980 | train_acc=0.7981 | test_loss=13.4643 | test_acc=0.5048
Epoch 051/300 | train_loss=45.8391 | train_acc=0.8815 | test_loss=7.7706 | test_acc=0.7055
Epoch 030/300 | train_loss=62.9396 | train_acc=0.8388 | test_loss=10.6117 | test_acc=0.5404
Epoch 022/300 | train_loss=77.6541 | train_acc=0.8032 | test_loss=13.0287 | test_acc=0.5008
Epoch 052/300 | train_loss=45.4192 | train_acc=0.8819 | test_loss=7.5946 | test_acc=0.6884
Epoch 031/300 | train_loss=61.3257 | train_acc=0.8435 | test_loss=10.3851 | test_acc=0.5543
Epoch 053/300 | train_loss=44.8937 | train_acc=0.8831 | test_loss=7.5678 | test_acc=0.7312
Epoch 023/300 | train_loss=75.2470 | train_acc=0.8093 | test_loss=12.6338 | test_acc=0.5233
Epoch 032/300 | train_loss=59.9230 | train_acc=0.8470 | test_loss=10.0425 | test_acc=0.5818
Epoch 054/300 | train_loss=44.1644 | train_acc=0.8851 | test_loss=7.5312 | test_acc=0.7142
Epoch 024/300 | train_loss=73.0214 | train_acc=0.8152 | test_loss=12.3217 | test_acc=0.5192
Epoch 033/300 | train_loss=58.4806 | train_acc=0.8502 | test_loss=10.1024 | test_acc=0.6028
Epoch 055/300 | train_loss=43.6691 | train_acc=0.8857 | test_loss=7.5144 | test_acc=0.6863
Epoch 025/300 | train_loss=71.3818 | train_acc=0.8202 | test_loss=11.9112 | test_acc=0.5466
Epoch 034/300 | train_loss=57.0859 | train_acc=0.8541 | test_loss=9.5574 | test_acc=0.5887
Epoch 056/300 | train_loss=43.2777 | train_acc=0.8874 | test_loss=7.3555 | test_acc=0.7362
Epoch 026/300 | train_loss=69.0870 | train_acc=0.8250 | test_loss=11.6103 | test_acc=0.5523
Epoch 057/300 | train_loss=42.8608 | train_acc=0.8879 | test_loss=7.1954 | test_acc=0.7503
Epoch 035/300 | train_loss=56.0784 | train_acc=0.8559 | test_loss=9.4622 | test_acc=0.5888
Epoch 027/300 | train_loss=67.3558 | train_acc=0.8291 | test_loss=11.3478 | test_acc=0.5532
Epoch 058/300 | train_loss=42.5109 | train_acc=0.8890 | test_loss=7.2010 | test_acc=0.7619
Epoch 036/300 | train_loss=54.7634 | train_acc=0.8600 | test_loss=9.2996 | test_acc=0.5930
Epoch 059/300 | train_loss=41.9336 | train_acc=0.8904 | test_loss=7.0410 | test_acc=0.7276
Epoch 028/300 | train_loss=65.5449 | train_acc=0.8339 | test_loss=11.0934 | test_acc=0.5598
Epoch 037/300 | train_loss=53.7703 | train_acc=0.8627 | test_loss=9.1039 | test_acc=0.6557
Epoch 060/300 | train_loss=41.5615 | train_acc=0.8907 | test_loss=7.1192 | test_acc=0.7900
Epoch 038/300 | train_loss=52.9773 | train_acc=0.8640 | test_loss=8.8833 | test_acc=0.6360
Epoch 029/300 | train_loss=64.1814 | train_acc=0.8367 | test_loss=10.8416 | test_acc=0.5639
Epoch 061/300 | train_loss=41.0225 | train_acc=0.8922 | test_loss=6.9521 | test_acc=0.7255
Epoch 030/300 | train_loss=62.5886 | train_acc=0.8418 | test_loss=10.6164 | test_acc=0.5983
Epoch 039/300 | train_loss=51.8055 | train_acc=0.8669 | test_loss=8.7057 | test_acc=0.6237
Epoch 062/300 | train_loss=40.8609 | train_acc=0.8921 | test_loss=6.8676 | test_acc=0.7782
Epoch 031/300 | train_loss=61.4103 | train_acc=0.8435 | test_loss=10.5010 | test_acc=0.6274
Epoch 040/300 | train_loss=50.8208 | train_acc=0.8689 | test_loss=8.5408 | test_acc=0.6466
Epoch 063/300 | train_loss=40.2503 | train_acc=0.8942 | test_loss=6.8465 | test_acc=0.7435
Epoch 032/300 | train_loss=60.0463 | train_acc=0.8467 | test_loss=10.1817 | test_acc=0.6147
Epoch 041/300 | train_loss=50.0883 | train_acc=0.8702 | test_loss=8.4353 | test_acc=0.6785
Epoch 064/300 | train_loss=40.0648 | train_acc=0.8958 | test_loss=6.7830 | test_acc=0.7355
Epoch 033/300 | train_loss=58.7375 | train_acc=0.8492 | test_loss=9.9467 | test_acc=0.6079
Epoch 065/300 | train_loss=39.7086 | train_acc=0.8957 | test_loss=6.7825 | test_acc=0.7507
Epoch 042/300 | train_loss=49.1693 | train_acc=0.8729 | test_loss=8.2484 | test_acc=0.6342
Epoch 034/300 | train_loss=57.5796 | train_acc=0.8530 | test_loss=9.7852 | test_acc=0.6381
Epoch 066/300 | train_loss=39.3940 | train_acc=0.8964 | test_loss=6.7212 | test_acc=0.7072
Epoch 043/300 | train_loss=48.5918 | train_acc=0.8748 | test_loss=8.3815 | test_acc=0.6653
Epoch 044/300 | train_loss=47.9153 | train_acc=0.8766 | test_loss=8.1066 | test_acc=0.6264
Epoch 035/300 | train_loss=56.4225 | train_acc=0.8558 | test_loss=9.5567 | test_acc=0.6414
Epoch 067/300 | train_loss=38.9719 | train_acc=0.8970 | test_loss=6.7555 | test_acc=0.7812
Epoch 045/300 | train_loss=47.1083 | train_acc=0.8782 | test_loss=7.9760 | test_acc=0.6986
Epoch 068/300 | train_loss=38.4280 | train_acc=0.8995 | test_loss=6.5176 | test_acc=0.7520
Epoch 036/300 | train_loss=55.3592 | train_acc=0.8574 | test_loss=9.3343 | test_acc=0.6238
Epoch 046/300 | train_loss=46.2322 | train_acc=0.8809 | test_loss=7.8097 | test_acc=0.6510
Epoch 069/300 | train_loss=38.2815 | train_acc=0.8993 | test_loss=6.4896 | test_acc=0.7857
Epoch 037/300 | train_loss=54.4235 | train_acc=0.8598 | test_loss=9.3727 | test_acc=0.6925
Epoch 070/300 | train_loss=37.5912 | train_acc=0.8999 | test_loss=6.3267 | test_acc=0.7913
Epoch 047/300 | train_loss=45.9266 | train_acc=0.8812 | test_loss=7.7551 | test_acc=0.6523
Epoch 038/300 | train_loss=53.4091 | train_acc=0.8634 | test_loss=9.1247 | test_acc=0.6848
Epoch 071/300 | train_loss=37.4774 | train_acc=0.9021 | test_loss=6.3353 | test_acc=0.7706
Epoch 048/300 | train_loss=45.3011 | train_acc=0.8833 | test_loss=7.5442 | test_acc=0.6773
Epoch 039/300 | train_loss=52.5352 | train_acc=0.8641 | test_loss=8.8805 | test_acc=0.6640
Epoch 072/300 | train_loss=37.2012 | train_acc=0.9021 | test_loss=6.3005 | test_acc=0.7745
Epoch 049/300 | train_loss=44.4602 | train_acc=0.8848 | test_loss=7.5288 | test_acc=0.7196
Epoch 040/300 | train_loss=51.8327 | train_acc=0.8670 | test_loss=8.7900 | test_acc=0.6897
Epoch 073/300 | train_loss=36.6802 | train_acc=0.9040 | test_loss=6.2020 | test_acc=0.7348
Epoch 050/300 | train_loss=44.0475 | train_acc=0.8857 | test_loss=7.5224 | test_acc=0.6840
Epoch 041/300 | train_loss=50.9312 | train_acc=0.8692 | test_loss=8.7194 | test_acc=0.6450
Epoch 074/300 | train_loss=36.2109 | train_acc=0.9047 | test_loss=6.2270 | test_acc=0.7924
Epoch 051/300 | train_loss=43.4505 | train_acc=0.8873 | test_loss=7.4560 | test_acc=0.7175
Epoch 042/300 | train_loss=50.1011 | train_acc=0.8714 | test_loss=8.5655 | test_acc=0.6643
Epoch 075/300 | train_loss=36.2839 | train_acc=0.9046 | test_loss=6.0906 | test_acc=0.7690
Epoch 052/300 | train_loss=43.0321 | train_acc=0.8878 | test_loss=7.6632 | test_acc=0.7048
Epoch 043/300 | train_loss=49.3096 | train_acc=0.8734 | test_loss=8.3572 | test_acc=0.7125
Epoch 076/300 | train_loss=35.7895 | train_acc=0.9056 | test_loss=6.0236 | test_acc=0.7824
Epoch 053/300 | train_loss=42.6039 | train_acc=0.8888 | test_loss=7.1209 | test_acc=0.7093
Epoch 077/300 | train_loss=35.3885 | train_acc=0.9074 | test_loss=6.0688 | test_acc=0.7900
Epoch 044/300 | train_loss=48.4741 | train_acc=0.8754 | test_loss=8.2755 | test_acc=0.6950
Epoch 054/300 | train_loss=42.1579 | train_acc=0.8907 | test_loss=7.1226 | test_acc=0.7352
Epoch 078/300 | train_loss=35.6343 | train_acc=0.9060 | test_loss=5.9454 | test_acc=0.7728
Epoch 045/300 | train_loss=47.6415 | train_acc=0.8773 | test_loss=8.1418 | test_acc=0.7070
Epoch 079/300 | train_loss=35.3064 | train_acc=0.9059 | test_loss=5.9821 | test_acc=0.7818
Epoch 055/300 | train_loss=41.2922 | train_acc=0.8919 | test_loss=7.1475 | test_acc=0.7005
Epoch 080/300 | train_loss=34.9097 | train_acc=0.9080 | test_loss=6.1651 | test_acc=0.7786
Epoch 046/300 | train_loss=47.1811 | train_acc=0.8784 | test_loss=8.0096 | test_acc=0.7470
Epoch 056/300 | train_loss=41.0046 | train_acc=0.8924 | test_loss=6.9096 | test_acc=0.6961
Epoch 081/300 | train_loss=34.9158 | train_acc=0.9083 | test_loss=5.8704 | test_acc=0.7813
Epoch 057/300 | train_loss=40.8270 | train_acc=0.8939 | test_loss=7.2536 | test_acc=0.7085
Epoch 047/300 | train_loss=46.5367 | train_acc=0.8802 | test_loss=7.9069 | test_acc=0.7186
Epoch 082/300 | train_loss=34.7310 | train_acc=0.9089 | test_loss=5.8478 | test_acc=0.7787
Epoch 058/300 | train_loss=40.5765 | train_acc=0.8937 | test_loss=6.8756 | test_acc=0.7008
Epoch 048/300 | train_loss=45.7317 | train_acc=0.8820 | test_loss=7.9633 | test_acc=0.7171
Epoch 083/300 | train_loss=34.5140 | train_acc=0.9097 | test_loss=5.7991 | test_acc=0.7672
Epoch 059/300 | train_loss=39.9279 | train_acc=0.8955 | test_loss=6.7228 | test_acc=0.7524
Epoch 049/300 | train_loss=45.4037 | train_acc=0.8831 | test_loss=7.7455 | test_acc=0.7393
Epoch 084/300 | train_loss=34.2415 | train_acc=0.9099 | test_loss=5.8545 | test_acc=0.7473
Epoch 060/300 | train_loss=39.5316 | train_acc=0.8963 | test_loss=6.7257 | test_acc=0.7367
Epoch 050/300 | train_loss=44.7027 | train_acc=0.8839 | test_loss=7.6761 | test_acc=0.7519
Epoch 085/300 | train_loss=33.8151 | train_acc=0.9107 | test_loss=5.8356 | test_acc=0.7971
Epoch 061/300 | train_loss=38.8750 | train_acc=0.8981 | test_loss=6.8455 | test_acc=0.7237
Epoch 051/300 | train_loss=44.1031 | train_acc=0.8856 | test_loss=7.5303 | test_acc=0.7419
Epoch 086/300 | train_loss=33.6390 | train_acc=0.9104 | test_loss=5.7372 | test_acc=0.7963
Epoch 052/300 | train_loss=43.4950 | train_acc=0.8870 | test_loss=7.4705 | test_acc=0.7598
Epoch 062/300 | train_loss=39.0448 | train_acc=0.8982 | test_loss=6.6563 | test_acc=0.7036
Epoch 087/300 | train_loss=33.3972 | train_acc=0.9115 | test_loss=5.7078 | test_acc=0.8230
Epoch 053/300 | train_loss=43.0798 | train_acc=0.8883 | test_loss=7.3797 | test_acc=0.7782
Epoch 063/300 | train_loss=38.4386 | train_acc=0.8997 | test_loss=6.7046 | test_acc=0.7490
Epoch 088/300 | train_loss=33.0277 | train_acc=0.9132 | test_loss=5.5887 | test_acc=0.7977
Epoch 054/300 | train_loss=42.6601 | train_acc=0.8903 | test_loss=7.3576 | test_acc=0.7680
Epoch 089/300 | train_loss=32.9016 | train_acc=0.9134 | test_loss=5.6435 | test_acc=0.8121
Epoch 064/300 | train_loss=37.9044 | train_acc=0.9009 | test_loss=6.5341 | test_acc=0.7767
Epoch 055/300 | train_loss=42.0447 | train_acc=0.8918 | test_loss=7.1887 | test_acc=0.7794
Epoch 090/300 | train_loss=32.6497 | train_acc=0.9140 | test_loss=5.6260 | test_acc=0.8173
Epoch 056/300 | train_loss=41.6524 | train_acc=0.8923 | test_loss=7.1534 | test_acc=0.7701
Epoch 091/300 | train_loss=32.6224 | train_acc=0.9151 | test_loss=5.6529 | test_acc=0.8077
Epoch 065/300 | train_loss=37.6937 | train_acc=0.9013 | test_loss=6.3922 | test_acc=0.7759
Epoch 057/300 | train_loss=41.4003 | train_acc=0.8929 | test_loss=7.0007 | test_acc=0.7829
Epoch 092/300 | train_loss=32.4534 | train_acc=0.9144 | test_loss=5.5987 | test_acc=0.8180
Epoch 066/300 | train_loss=37.4667 | train_acc=0.9016 | test_loss=6.4296 | test_acc=0.7703
Epoch 058/300 | train_loss=40.8969 | train_acc=0.8935 | test_loss=7.1713 | test_acc=0.7960
Epoch 093/300 | train_loss=32.0702 | train_acc=0.9160 | test_loss=5.7722 | test_acc=0.7904
Epoch 067/300 | train_loss=37.1236 | train_acc=0.9031 | test_loss=6.3782 | test_acc=0.7652
Epoch 059/300 | train_loss=40.5717 | train_acc=0.8948 | test_loss=7.0009 | test_acc=0.7856
Epoch 094/300 | train_loss=32.1770 | train_acc=0.9145 | test_loss=5.3977 | test_acc=0.8073
Epoch 068/300 | train_loss=36.9556 | train_acc=0.9034 | test_loss=6.2965 | test_acc=0.7904
Epoch 060/300 | train_loss=40.0568 | train_acc=0.8957 | test_loss=6.8975 | test_acc=0.8009
Epoch 095/300 | train_loss=31.6800 | train_acc=0.9164 | test_loss=5.4422 | test_acc=0.8206
Epoch 069/300 | train_loss=36.4720 | train_acc=0.9051 | test_loss=6.2534 | test_acc=0.7893
Epoch 061/300 | train_loss=39.5727 | train_acc=0.8973 | test_loss=6.8056 | test_acc=0.7820
Epoch 096/300 | train_loss=31.5835 | train_acc=0.9176 | test_loss=5.4421 | test_acc=0.7668
Epoch 070/300 | train_loss=36.1476 | train_acc=0.9058 | test_loss=6.3379 | test_acc=0.7277
Epoch 097/300 | train_loss=31.3439 | train_acc=0.9174 | test_loss=5.3875 | test_acc=0.8299
Epoch 071/300 | train_loss=35.7657 | train_acc=0.9061 | test_loss=6.0696 | test_acc=0.7890
Epoch 062/300 | train_loss=39.3054 | train_acc=0.8984 | test_loss=6.7577 | test_acc=0.8052
Epoch 098/300 | train_loss=31.3542 | train_acc=0.9173 | test_loss=5.2874 | test_acc=0.8006
Epoch 063/300 | train_loss=38.9687 | train_acc=0.8990 | test_loss=6.6627 | test_acc=0.7947
Epoch 072/300 | train_loss=35.5873 | train_acc=0.9068 | test_loss=6.1386 | test_acc=0.7717
Epoch 099/300 | train_loss=31.2826 | train_acc=0.9164 | test_loss=5.3465 | test_acc=0.8312
Epoch 064/300 | train_loss=38.5328 | train_acc=0.8990 | test_loss=6.6409 | test_acc=0.7616
Epoch 073/300 | train_loss=35.4740 | train_acc=0.9068 | test_loss=6.1679 | test_acc=0.7718
Epoch 100/300 | train_loss=30.8360 | train_acc=0.9182 | test_loss=5.3072 | test_acc=0.8316
Epoch 065/300 | train_loss=38.3244 | train_acc=0.9003 | test_loss=6.5129 | test_acc=0.7843
Epoch 074/300 | train_loss=35.0832 | train_acc=0.9078 | test_loss=6.1006 | test_acc=0.8053
Epoch 101/300 | train_loss=30.7716 | train_acc=0.9190 | test_loss=5.3561 | test_acc=0.8152
Epoch 075/300 | train_loss=34.7825 | train_acc=0.9094 | test_loss=5.9983 | test_acc=0.7457
Epoch 102/300 | train_loss=30.6998 | train_acc=0.9188 | test_loss=5.2637 | test_acc=0.8156
Epoch 066/300 | train_loss=37.8666 | train_acc=0.9011 | test_loss=6.5080 | test_acc=0.8251
Epoch 103/300 | train_loss=30.4732 | train_acc=0.9203 | test_loss=5.3579 | test_acc=0.8161
Epoch 076/300 | train_loss=34.6241 | train_acc=0.9090 | test_loss=6.1217 | test_acc=0.7858
Epoch 067/300 | train_loss=37.5027 | train_acc=0.9025 | test_loss=6.4460 | test_acc=0.7998
Epoch 104/300 | train_loss=30.1651 | train_acc=0.9205 | test_loss=5.3021 | test_acc=0.8036
Epoch 077/300 | train_loss=34.4661 | train_acc=0.9101 | test_loss=5.9317 | test_acc=0.7643
Epoch 068/300 | train_loss=37.2860 | train_acc=0.9030 | test_loss=6.4826 | test_acc=0.7995
Epoch 105/300 | train_loss=30.1029 | train_acc=0.9208 | test_loss=5.3433 | test_acc=0.7959
Epoch 078/300 | train_loss=34.0967 | train_acc=0.9098 | test_loss=5.9128 | test_acc=0.8013
Epoch 069/300 | train_loss=37.0351 | train_acc=0.9031 | test_loss=6.3672 | test_acc=0.8125
Epoch 106/300 | train_loss=30.2305 | train_acc=0.9204 | test_loss=5.1163 | test_acc=0.8085
Epoch 079/300 | train_loss=33.9192 | train_acc=0.9104 | test_loss=5.8716 | test_acc=0.7844
Epoch 070/300 | train_loss=36.6955 | train_acc=0.9055 | test_loss=6.2827 | test_acc=0.8170
Epoch 107/300 | train_loss=29.7429 | train_acc=0.9221 | test_loss=5.1037 | test_acc=0.8347
Epoch 080/300 | train_loss=33.7844 | train_acc=0.9110 | test_loss=5.8306 | test_acc=0.7934
Epoch 071/300 | train_loss=36.0946 | train_acc=0.9063 | test_loss=6.2271 | test_acc=0.7960
Epoch 108/300 | train_loss=29.6631 | train_acc=0.9224 | test_loss=5.2794 | test_acc=0.8160
Epoch 081/300 | train_loss=33.5580 | train_acc=0.9113 | test_loss=5.8408 | test_acc=0.7831
Epoch 109/300 | train_loss=29.6824 | train_acc=0.9223 | test_loss=5.1170 | test_acc=0.8380
Epoch 072/300 | train_loss=35.9089 | train_acc=0.9065 | test_loss=6.1143 | test_acc=0.7906
Epoch 082/300 | train_loss=33.2284 | train_acc=0.9127 | test_loss=5.7583 | test_acc=0.8069
Epoch 110/300 | train_loss=29.5926 | train_acc=0.9222 | test_loss=5.0101 | test_acc=0.8318
Epoch 073/300 | train_loss=35.4001 | train_acc=0.9083 | test_loss=6.1440 | test_acc=0.8287
Epoch 083/300 | train_loss=33.1315 | train_acc=0.9128 | test_loss=5.6428 | test_acc=0.8060
Epoch 111/300 | train_loss=29.1562 | train_acc=0.9226 | test_loss=5.0287 | test_acc=0.8004
Epoch 074/300 | train_loss=35.3230 | train_acc=0.9086 | test_loss=6.0579 | test_acc=0.8108
Epoch 084/300 | train_loss=33.0354 | train_acc=0.9131 | test_loss=5.6974 | test_acc=0.8254
Epoch 112/300 | train_loss=29.1865 | train_acc=0.9236 | test_loss=4.9824 | test_acc=0.8128
Epoch 075/300 | train_loss=35.1296 | train_acc=0.9091 | test_loss=6.0849 | test_acc=0.8203
Epoch 085/300 | train_loss=32.6687 | train_acc=0.9145 | test_loss=5.6385 | test_acc=0.8105
Epoch 113/300 | train_loss=29.0595 | train_acc=0.9237 | test_loss=4.9568 | test_acc=0.8215
Epoch 076/300 | train_loss=35.0617 | train_acc=0.9089 | test_loss=5.9393 | test_acc=0.8022
Epoch 086/300 | train_loss=32.3753 | train_acc=0.9151 | test_loss=5.6241 | test_acc=0.7937
Epoch 114/300 | train_loss=28.8236 | train_acc=0.9237 | test_loss=5.0370 | test_acc=0.8082
Epoch 077/300 | train_loss=34.4565 | train_acc=0.9103 | test_loss=6.0773 | test_acc=0.8363
Epoch 087/300 | train_loss=32.3282 | train_acc=0.9156 | test_loss=5.6551 | test_acc=0.7977
Epoch 115/300 | train_loss=28.7668 | train_acc=0.9231 | test_loss=5.0428 | test_acc=0.7832
Epoch 078/300 | train_loss=34.5097 | train_acc=0.9097 | test_loss=5.9628 | test_acc=0.8302
Epoch 088/300 | train_loss=32.0736 | train_acc=0.9156 | test_loss=5.6232 | test_acc=0.8170
Epoch 116/300 | train_loss=28.7766 | train_acc=0.9241 | test_loss=5.0062 | test_acc=0.8151
Epoch 079/300 | train_loss=34.1286 | train_acc=0.9113 | test_loss=5.9231 | test_acc=0.8011
Epoch 117/300 | train_loss=28.5134 | train_acc=0.9253 | test_loss=5.0149 | test_acc=0.8294
Epoch 089/300 | train_loss=31.9621 | train_acc=0.9166 | test_loss=5.5729 | test_acc=0.8236
Epoch 080/300 | train_loss=33.7638 | train_acc=0.9119 | test_loss=5.9195 | test_acc=0.8143
Epoch 118/300 | train_loss=28.3757 | train_acc=0.9250 | test_loss=4.9492 | test_acc=0.8290
Epoch 090/300 | train_loss=31.7379 | train_acc=0.9171 | test_loss=5.6525 | test_acc=0.8369
Epoch 081/300 | train_loss=33.6945 | train_acc=0.9124 | test_loss=5.7663 | test_acc=0.8364
Epoch 119/300 | train_loss=28.0598 | train_acc=0.9268 | test_loss=4.9319 | test_acc=0.7949
Epoch 091/300 | train_loss=31.6769 | train_acc=0.9168 | test_loss=5.6031 | test_acc=0.7991
Epoch 120/300 | train_loss=28.1793 | train_acc=0.9253 | test_loss=4.8819 | test_acc=0.8211
Epoch 082/300 | train_loss=33.3503 | train_acc=0.9128 | test_loss=5.7795 | test_acc=0.8116
Epoch 092/300 | train_loss=31.3478 | train_acc=0.9173 | test_loss=5.6506 | test_acc=0.8468
Epoch 121/300 | train_loss=28.0174 | train_acc=0.9266 | test_loss=4.9224 | test_acc=0.8345
Epoch 083/300 | train_loss=33.2418 | train_acc=0.9126 | test_loss=5.7371 | test_acc=0.8274
Epoch 093/300 | train_loss=31.2272 | train_acc=0.9179 | test_loss=5.5098 | test_acc=0.8075
Epoch 122/300 | train_loss=28.2823 | train_acc=0.9256 | test_loss=4.9653 | test_acc=0.7903
Epoch 084/300 | train_loss=33.0687 | train_acc=0.9146 | test_loss=5.7309 | test_acc=0.8206
Epoch 123/300 | train_loss=28.0876 | train_acc=0.9264 | test_loss=5.2190 | test_acc=0.8469
Epoch 094/300 | train_loss=30.9279 | train_acc=0.9189 | test_loss=5.4484 | test_acc=0.8310
Epoch 085/300 | train_loss=32.8727 | train_acc=0.9144 | test_loss=5.6836 | test_acc=0.8484
Epoch 124/300 | train_loss=27.8354 | train_acc=0.9271 | test_loss=4.9511 | test_acc=0.8263
Epoch 095/300 | train_loss=30.9132 | train_acc=0.9190 | test_loss=5.3917 | test_acc=0.8229
Epoch 086/300 | train_loss=32.4749 | train_acc=0.9158 | test_loss=5.5207 | test_acc=0.8203
Epoch 125/300 | train_loss=27.6479 | train_acc=0.9283 | test_loss=5.2033 | test_acc=0.8086
Epoch 087/300 | train_loss=32.3490 | train_acc=0.9152 | test_loss=5.5799 | test_acc=0.8280
Epoch 096/300 | train_loss=30.5019 | train_acc=0.9197 | test_loss=5.4430 | test_acc=0.8217
Epoch 088/300 | train_loss=32.1471 | train_acc=0.9162 | test_loss=5.5481 | test_acc=0.8306
Epoch 126/300 | train_loss=27.4235 | train_acc=0.9279 | test_loss=4.9109 | test_acc=0.8289
Epoch 097/300 | train_loss=30.3230 | train_acc=0.9206 | test_loss=5.3952 | test_acc=0.8260
Epoch 127/300 | train_loss=27.5524 | train_acc=0.9287 | test_loss=4.7829 | test_acc=0.8099
Epoch 089/300 | train_loss=32.0647 | train_acc=0.9157 | test_loss=5.5222 | test_acc=0.8348
Epoch 098/300 | train_loss=30.3358 | train_acc=0.9206 | test_loss=5.4860 | test_acc=0.8183
Epoch 128/300 | train_loss=27.3402 | train_acc=0.9277 | test_loss=4.7547 | test_acc=0.8360
Epoch 090/300 | train_loss=31.7885 | train_acc=0.9175 | test_loss=5.5717 | test_acc=0.8339
Epoch 099/300 | train_loss=30.0846 | train_acc=0.9207 | test_loss=5.2224 | test_acc=0.8136
Epoch 129/300 | train_loss=27.2132 | train_acc=0.9287 | test_loss=4.7375 | test_acc=0.8394
Epoch 091/300 | train_loss=31.6576 | train_acc=0.9165 | test_loss=5.4068 | test_acc=0.8269
Epoch 130/300 | train_loss=27.1804 | train_acc=0.9279 | test_loss=4.7036 | test_acc=0.8384
Epoch 100/300 | train_loss=29.9585 | train_acc=0.9219 | test_loss=5.3986 | test_acc=0.8342
Epoch 092/300 | train_loss=31.3580 | train_acc=0.9183 | test_loss=5.3569 | test_acc=0.8296
Epoch 131/300 | train_loss=26.8130 | train_acc=0.9294 | test_loss=4.6561 | test_acc=0.8583
Epoch 101/300 | train_loss=30.0372 | train_acc=0.9213 | test_loss=5.2537 | test_acc=0.8412
Epoch 132/300 | train_loss=27.2022 | train_acc=0.9288 | test_loss=4.5713 | test_acc=0.8252
Epoch 102/300 | train_loss=29.6815 | train_acc=0.9224 | test_loss=5.3004 | test_acc=0.8286
Epoch 093/300 | train_loss=30.9789 | train_acc=0.9184 | test_loss=5.3737 | test_acc=0.8340
Epoch 133/300 | train_loss=26.7615 | train_acc=0.9296 | test_loss=4.6914 | test_acc=0.8287
Epoch 103/300 | train_loss=29.4920 | train_acc=0.9231 | test_loss=5.1902 | test_acc=0.8295
Epoch 094/300 | train_loss=31.1621 | train_acc=0.9186 | test_loss=5.4011 | test_acc=0.8252
Epoch 134/300 | train_loss=26.4925 | train_acc=0.9295 | test_loss=4.6803 | test_acc=0.8403
Epoch 104/300 | train_loss=29.3496 | train_acc=0.9228 | test_loss=5.2305 | test_acc=0.8204
Epoch 095/300 | train_loss=31.0890 | train_acc=0.9189 | test_loss=5.3555 | test_acc=0.8231
Epoch 135/300 | train_loss=26.9074 | train_acc=0.9286 | test_loss=4.6096 | test_acc=0.8508
Epoch 105/300 | train_loss=29.2488 | train_acc=0.9234 | test_loss=5.3147 | test_acc=0.8438
Epoch 096/300 | train_loss=30.7786 | train_acc=0.9193 | test_loss=5.3249 | test_acc=0.8296
Epoch 136/300 | train_loss=26.3661 | train_acc=0.9315 | test_loss=4.6383 | test_acc=0.8282
Epoch 106/300 | train_loss=29.3257 | train_acc=0.9232 | test_loss=5.2285 | test_acc=0.8443
Epoch 097/300 | train_loss=30.4735 | train_acc=0.9205 | test_loss=5.1983 | test_acc=0.8365
Epoch 137/300 | train_loss=26.7038 | train_acc=0.9294 | test_loss=4.6854 | test_acc=0.8512
Epoch 107/300 | train_loss=29.1027 | train_acc=0.9235 | test_loss=5.2501 | test_acc=0.8163
Epoch 098/300 | train_loss=30.4387 | train_acc=0.9206 | test_loss=5.3426 | test_acc=0.8390
Epoch 138/300 | train_loss=26.2801 | train_acc=0.9310 | test_loss=4.5032 | test_acc=0.8205
Epoch 108/300 | train_loss=28.9755 | train_acc=0.9242 | test_loss=5.1106 | test_acc=0.8315
Epoch 139/300 | train_loss=26.1440 | train_acc=0.9318 | test_loss=4.5957 | test_acc=0.8534
Epoch 099/300 | train_loss=30.1045 | train_acc=0.9214 | test_loss=5.1812 | test_acc=0.8414
Epoch 109/300 | train_loss=28.7151 | train_acc=0.9246 | test_loss=5.0867 | test_acc=0.8429
Epoch 140/300 | train_loss=26.0616 | train_acc=0.9310 | test_loss=4.6048 | test_acc=0.8153
Epoch 100/300 | train_loss=29.9134 | train_acc=0.9216 | test_loss=5.1740 | test_acc=0.8235
Epoch 110/300 | train_loss=28.8789 | train_acc=0.9248 | test_loss=5.0701 | test_acc=0.8490
Epoch 141/300 | train_loss=26.0602 | train_acc=0.9312 | test_loss=4.5317 | test_acc=0.8612
Epoch 101/300 | train_loss=29.9598 | train_acc=0.9217 | test_loss=5.1344 | test_acc=0.8449
Epoch 111/300 | train_loss=28.4733 | train_acc=0.9255 | test_loss=5.0109 | test_acc=0.8468
Epoch 142/300 | train_loss=26.1151 | train_acc=0.9314 | test_loss=4.6962 | test_acc=0.8524
Epoch 102/300 | train_loss=29.6423 | train_acc=0.9217 | test_loss=5.1325 | test_acc=0.8480
Epoch 112/300 | train_loss=28.4616 | train_acc=0.9259 | test_loss=5.0038 | test_acc=0.8464
Epoch 143/300 | train_loss=25.7117 | train_acc=0.9326 | test_loss=4.5067 | test_acc=0.8375
Epoch 103/300 | train_loss=29.5321 | train_acc=0.9226 | test_loss=5.1862 | test_acc=0.8370
Epoch 113/300 | train_loss=28.1787 | train_acc=0.9267 | test_loss=5.0893 | test_acc=0.8389
Epoch 144/300 | train_loss=25.9149 | train_acc=0.9321 | test_loss=4.4689 | test_acc=0.8285
Epoch 104/300 | train_loss=29.3274 | train_acc=0.9235 | test_loss=5.2721 | test_acc=0.8346
Epoch 114/300 | train_loss=28.2435 | train_acc=0.9252 | test_loss=5.0713 | test_acc=0.8478
Epoch 145/300 | train_loss=26.0725 | train_acc=0.9309 | test_loss=4.7396 | test_acc=0.8379
Epoch 105/300 | train_loss=29.2384 | train_acc=0.9234 | test_loss=5.0691 | test_acc=0.8365
Epoch 115/300 | train_loss=27.9555 | train_acc=0.9263 | test_loss=4.9971 | test_acc=0.8384
Epoch 146/300 | train_loss=25.5317 | train_acc=0.9327 | test_loss=4.7599 | test_acc=0.8419
Epoch 106/300 | train_loss=29.0136 | train_acc=0.9242 | test_loss=4.9947 | test_acc=0.8448
Epoch 147/300 | train_loss=25.7343 | train_acc=0.9321 | test_loss=4.4561 | test_acc=0.8459
Epoch 116/300 | train_loss=27.9800 | train_acc=0.9266 | test_loss=4.8946 | test_acc=0.8500
Epoch 107/300 | train_loss=28.9095 | train_acc=0.9241 | test_loss=5.1583 | test_acc=0.8374
Epoch 148/300 | train_loss=25.4740 | train_acc=0.9329 | test_loss=4.5634 | test_acc=0.8601
Epoch 117/300 | train_loss=27.9732 | train_acc=0.9264 | test_loss=4.9177 | test_acc=0.8438
Epoch 108/300 | train_loss=29.1429 | train_acc=0.9231 | test_loss=5.0676 | test_acc=0.8342
Epoch 149/300 | train_loss=25.3675 | train_acc=0.9334 | test_loss=4.4187 | test_acc=0.8620
Epoch 118/300 | train_loss=27.8275 | train_acc=0.9265 | test_loss=4.9564 | test_acc=0.8496
Epoch 109/300 | train_loss=28.7225 | train_acc=0.9242 | test_loss=5.0509 | test_acc=0.8251
Epoch 150/300 | train_loss=25.0734 | train_acc=0.9337 | test_loss=4.4684 | test_acc=0.8393
Epoch 119/300 | train_loss=27.5469 | train_acc=0.9281 | test_loss=4.8679 | test_acc=0.8310
Epoch 151/300 | train_loss=25.1119 | train_acc=0.9346 | test_loss=4.3377 | test_acc=0.8549
Epoch 110/300 | train_loss=28.6627 | train_acc=0.9246 | test_loss=4.9625 | test_acc=0.8618
Epoch 120/300 | train_loss=27.5027 | train_acc=0.9268 | test_loss=5.0038 | test_acc=0.8319
Epoch 152/300 | train_loss=25.0489 | train_acc=0.9339 | test_loss=4.4453 | test_acc=0.8176
Epoch 111/300 | train_loss=28.3945 | train_acc=0.9257 | test_loss=4.8947 | test_acc=0.8342
Epoch 121/300 | train_loss=27.5034 | train_acc=0.9269 | test_loss=4.8373 | test_acc=0.8539
Epoch 112/300 | train_loss=28.4757 | train_acc=0.9245 | test_loss=4.8819 | test_acc=0.8527
Epoch 153/300 | train_loss=24.8802 | train_acc=0.9346 | test_loss=4.5386 | test_acc=0.8459
Epoch 122/300 | train_loss=27.3906 | train_acc=0.9272 | test_loss=4.9115 | test_acc=0.8495
Epoch 113/300 | train_loss=28.2332 | train_acc=0.9253 | test_loss=4.9318 | test_acc=0.8574
Epoch 154/300 | train_loss=25.0640 | train_acc=0.9332 | test_loss=4.4200 | test_acc=0.8247
Epoch 123/300 | train_loss=27.1772 | train_acc=0.9288 | test_loss=4.8173 | test_acc=0.8505
Epoch 114/300 | train_loss=28.0438 | train_acc=0.9258 | test_loss=4.8989 | test_acc=0.8504
Epoch 155/300 | train_loss=24.6351 | train_acc=0.9348 | test_loss=4.5733 | test_acc=0.8488
Epoch 124/300 | train_loss=27.3563 | train_acc=0.9287 | test_loss=4.9109 | test_acc=0.8553
Epoch 115/300 | train_loss=27.9493 | train_acc=0.9272 | test_loss=4.8375 | test_acc=0.8457
Epoch 156/300 | train_loss=24.4143 | train_acc=0.9356 | test_loss=4.2863 | test_acc=0.8335
Epoch 125/300 | train_loss=27.0580 | train_acc=0.9300 | test_loss=5.1059 | test_acc=0.8365
Epoch 157/300 | train_loss=24.5445 | train_acc=0.9367 | test_loss=4.3656 | test_acc=0.8480
Epoch 116/300 | train_loss=27.7761 | train_acc=0.9277 | test_loss=4.7844 | test_acc=0.8407
Epoch 158/300 | train_loss=24.3289 | train_acc=0.9356 | test_loss=4.2321 | test_acc=0.8521
Epoch 126/300 | train_loss=27.1101 | train_acc=0.9294 | test_loss=4.9193 | test_acc=0.8247
Epoch 117/300 | train_loss=27.7195 | train_acc=0.9268 | test_loss=4.8284 | test_acc=0.8409
Epoch 159/300 | train_loss=24.3210 | train_acc=0.9358 | test_loss=4.2595 | test_acc=0.8589
Epoch 118/300 | train_loss=27.5905 | train_acc=0.9276 | test_loss=4.7707 | test_acc=0.8448
Epoch 127/300 | train_loss=26.9023 | train_acc=0.9301 | test_loss=5.0183 | test_acc=0.8503
Epoch 160/300 | train_loss=24.5779 | train_acc=0.9357 | test_loss=4.2152 | test_acc=0.8497
Epoch 119/300 | train_loss=27.4739 | train_acc=0.9276 | test_loss=4.7849 | test_acc=0.8331
Epoch 128/300 | train_loss=26.9870 | train_acc=0.9291 | test_loss=4.8255 | test_acc=0.8463
Epoch 161/300 | train_loss=24.2980 | train_acc=0.9360 | test_loss=4.3168 | test_acc=0.8393
Epoch 120/300 | train_loss=27.2433 | train_acc=0.9281 | test_loss=4.7748 | test_acc=0.8559
Epoch 129/300 | train_loss=27.0169 | train_acc=0.9288 | test_loss=4.7543 | test_acc=0.8520
Epoch 162/300 | train_loss=24.6097 | train_acc=0.9352 | test_loss=4.3267 | test_acc=0.8553
Epoch 130/300 | train_loss=26.4674 | train_acc=0.9308 | test_loss=4.8261 | test_acc=0.8614
Epoch 121/300 | train_loss=27.2112 | train_acc=0.9287 | test_loss=4.9033 | test_acc=0.8437
Epoch 163/300 | train_loss=24.2177 | train_acc=0.9370 | test_loss=4.3259 | test_acc=0.8192
Epoch 131/300 | train_loss=26.3398 | train_acc=0.9312 | test_loss=4.6592 | test_acc=0.8711
Epoch 122/300 | train_loss=27.2263 | train_acc=0.9277 | test_loss=4.6490 | test_acc=0.8451
Epoch 164/300 | train_loss=24.0922 | train_acc=0.9364 | test_loss=4.2483 | test_acc=0.8295
Epoch 123/300 | train_loss=27.0035 | train_acc=0.9287 | test_loss=4.6629 | test_acc=0.8482
Epoch 132/300 | train_loss=26.1472 | train_acc=0.9315 | test_loss=4.7110 | test_acc=0.8598
Epoch 165/300 | train_loss=24.0139 | train_acc=0.9368 | test_loss=4.1668 | test_acc=0.8420
Epoch 124/300 | train_loss=26.8446 | train_acc=0.9299 | test_loss=4.6724 | test_acc=0.8477
Epoch 166/300 | train_loss=24.0669 | train_acc=0.9364 | test_loss=4.2419 | test_acc=0.8677
Epoch 133/300 | train_loss=26.0920 | train_acc=0.9322 | test_loss=4.7516 | test_acc=0.8577
Epoch 167/300 | train_loss=24.0283 | train_acc=0.9365 | test_loss=4.1815 | test_acc=0.8378
Epoch 125/300 | train_loss=26.8426 | train_acc=0.9296 | test_loss=4.8343 | test_acc=0.8592
Epoch 134/300 | train_loss=26.2641 | train_acc=0.9306 | test_loss=4.6394 | test_acc=0.8640
Epoch 168/300 | train_loss=23.8320 | train_acc=0.9373 | test_loss=4.2694 | test_acc=0.8642
Epoch 135/300 | train_loss=25.8660 | train_acc=0.9325 | test_loss=4.6588 | test_acc=0.8704
Epoch 126/300 | train_loss=26.6677 | train_acc=0.9295 | test_loss=4.6294 | test_acc=0.8447
Epoch 169/300 | train_loss=23.7559 | train_acc=0.9377 | test_loss=4.2949 | test_acc=0.8535
Epoch 136/300 | train_loss=25.8143 | train_acc=0.9326 | test_loss=4.7184 | test_acc=0.8498
Epoch 127/300 | train_loss=26.4619 | train_acc=0.9307 | test_loss=4.7109 | test_acc=0.8384
Epoch 170/300 | train_loss=23.5676 | train_acc=0.9380 | test_loss=4.1669 | test_acc=0.8492
Epoch 137/300 | train_loss=25.7083 | train_acc=0.9331 | test_loss=4.7709 | test_acc=0.8624
Epoch 128/300 | train_loss=26.5325 | train_acc=0.9299 | test_loss=4.6900 | test_acc=0.8710
Epoch 171/300 | train_loss=23.5573 | train_acc=0.9382 | test_loss=4.1771 | test_acc=0.8538
Epoch 138/300 | train_loss=25.6089 | train_acc=0.9335 | test_loss=4.6000 | test_acc=0.8678
Epoch 172/300 | train_loss=23.5469 | train_acc=0.9373 | test_loss=4.2581 | test_acc=0.8669
Epoch 129/300 | train_loss=26.4836 | train_acc=0.9302 | test_loss=4.5859 | test_acc=0.8583
Epoch 139/300 | train_loss=25.5672 | train_acc=0.9327 | test_loss=4.6143 | test_acc=0.8759
Epoch 173/300 | train_loss=23.3434 | train_acc=0.9384 | test_loss=4.1122 | test_acc=0.8535
Epoch 130/300 | train_loss=26.3116 | train_acc=0.9301 | test_loss=4.6900 | test_acc=0.8609
Epoch 140/300 | train_loss=25.3896 | train_acc=0.9338 | test_loss=4.5957 | test_acc=0.8581
Epoch 174/300 | train_loss=23.4825 | train_acc=0.9385 | test_loss=4.0607 | test_acc=0.8478
Epoch 131/300 | train_loss=26.2196 | train_acc=0.9303 | test_loss=4.4870 | test_acc=0.8459
Epoch 141/300 | train_loss=25.2553 | train_acc=0.9344 | test_loss=4.5565 | test_acc=0.8616
Epoch 175/300 | train_loss=23.2297 | train_acc=0.9385 | test_loss=4.1858 | test_acc=0.8440
Epoch 132/300 | train_loss=26.0179 | train_acc=0.9316 | test_loss=4.5620 | test_acc=0.8477
Epoch 142/300 | train_loss=25.2457 | train_acc=0.9340 | test_loss=4.5932 | test_acc=0.8760
Epoch 176/300 | train_loss=23.3472 | train_acc=0.9391 | test_loss=4.1602 | test_acc=0.8388
Epoch 133/300 | train_loss=25.9772 | train_acc=0.9318 | test_loss=4.5824 | test_acc=0.8433
Epoch 143/300 | train_loss=25.1090 | train_acc=0.9343 | test_loss=4.5923 | test_acc=0.8567
Epoch 177/300 | train_loss=23.2610 | train_acc=0.9384 | test_loss=4.1876 | test_acc=0.8402
Epoch 134/300 | train_loss=25.9098 | train_acc=0.9310 | test_loss=4.5944 | test_acc=0.8693
Epoch 178/300 | train_loss=23.1768 | train_acc=0.9382 | test_loss=4.1743 | test_acc=0.8505
Epoch 144/300 | train_loss=25.2700 | train_acc=0.9339 | test_loss=4.5733 | test_acc=0.8542
Epoch 135/300 | train_loss=25.8506 | train_acc=0.9312 | test_loss=4.4468 | test_acc=0.8666
Epoch 179/300 | train_loss=23.2464 | train_acc=0.9381 | test_loss=4.0164 | test_acc=0.8471
Epoch 145/300 | train_loss=25.1334 | train_acc=0.9346 | test_loss=4.6249 | test_acc=0.8839
Epoch 180/300 | train_loss=22.9911 | train_acc=0.9388 | test_loss=4.0874 | test_acc=0.8482
Epoch 146/300 | train_loss=24.9306 | train_acc=0.9345 | test_loss=4.6304 | test_acc=0.8612
Epoch 136/300 | train_loss=25.8412 | train_acc=0.9315 | test_loss=4.5451 | test_acc=0.8765
Epoch 181/300 | train_loss=23.0080 | train_acc=0.9387 | test_loss=4.3140 | test_acc=0.8294
Epoch 147/300 | train_loss=24.8910 | train_acc=0.9352 | test_loss=4.4556 | test_acc=0.8590
Epoch 137/300 | train_loss=25.7879 | train_acc=0.9319 | test_loss=4.4126 | test_acc=0.8629
Epoch 182/300 | train_loss=23.1145 | train_acc=0.9384 | test_loss=4.1729 | test_acc=0.8167
Epoch 148/300 | train_loss=24.8099 | train_acc=0.9349 | test_loss=4.5188 | test_acc=0.8630
Epoch 138/300 | train_loss=25.4968 | train_acc=0.9327 | test_loss=4.3519 | test_acc=0.8517
Epoch 183/300 | train_loss=22.9874 | train_acc=0.9388 | test_loss=4.2060 | test_acc=0.8456
Epoch 149/300 | train_loss=24.7988 | train_acc=0.9349 | test_loss=4.5110 | test_acc=0.8523
Epoch 139/300 | train_loss=25.3614 | train_acc=0.9336 | test_loss=4.5891 | test_acc=0.8675
Epoch 150/300 | train_loss=24.5254 | train_acc=0.9357 | test_loss=4.5468 | test_acc=0.8655
Epoch 184/300 | train_loss=22.8679 | train_acc=0.9395 | test_loss=4.1105 | test_acc=0.8544
Epoch 140/300 | train_loss=25.3949 | train_acc=0.9332 | test_loss=4.6017 | test_acc=0.8321
Epoch 185/300 | train_loss=22.7628 | train_acc=0.9389 | test_loss=4.1810 | test_acc=0.8688
Epoch 151/300 | train_loss=24.6040 | train_acc=0.9357 | test_loss=4.4748 | test_acc=0.8769
Epoch 186/300 | train_loss=22.9925 | train_acc=0.9398 | test_loss=4.1954 | test_acc=0.8528
Epoch 152/300 | train_loss=24.2632 | train_acc=0.9359 | test_loss=4.4676 | test_acc=0.8729
Epoch 141/300 | train_loss=25.2268 | train_acc=0.9328 | test_loss=4.3798 | test_acc=0.8625
Epoch 187/300 | train_loss=22.8969 | train_acc=0.9386 | test_loss=4.1400 | test_acc=0.8552
Epoch 153/300 | train_loss=24.3641 | train_acc=0.9366 | test_loss=4.6798 | test_acc=0.8830
Epoch 142/300 | train_loss=25.1166 | train_acc=0.9343 | test_loss=4.4122 | test_acc=0.8604
Epoch 154/300 | train_loss=24.3949 | train_acc=0.9359 | test_loss=4.4531 | test_acc=0.8743
Epoch 188/300 | train_loss=22.6202 | train_acc=0.9402 | test_loss=4.1080 | test_acc=0.8516
Epoch 143/300 | train_loss=25.1523 | train_acc=0.9327 | test_loss=4.4314 | test_acc=0.8716
Epoch 155/300 | train_loss=24.3091 | train_acc=0.9363 | test_loss=4.4662 | test_acc=0.8775
Epoch 189/300 | train_loss=22.7377 | train_acc=0.9393 | test_loss=4.0862 | test_acc=0.8555
Epoch 144/300 | train_loss=24.8690 | train_acc=0.9346 | test_loss=4.3111 | test_acc=0.8556
Epoch 156/300 | train_loss=24.0784 | train_acc=0.9374 | test_loss=4.4181 | test_acc=0.8735
Epoch 190/300 | train_loss=22.4527 | train_acc=0.9405 | test_loss=4.0095 | test_acc=0.8691
Epoch 145/300 | train_loss=24.9931 | train_acc=0.9337 | test_loss=4.4124 | test_acc=0.8698
Epoch 191/300 | train_loss=22.4336 | train_acc=0.9396 | test_loss=3.9328 | test_acc=0.8627
Epoch 157/300 | train_loss=23.9106 | train_acc=0.9373 | test_loss=4.4827 | test_acc=0.8631
Epoch 146/300 | train_loss=24.8920 | train_acc=0.9347 | test_loss=4.3414 | test_acc=0.8660
Epoch 192/300 | train_loss=22.3734 | train_acc=0.9408 | test_loss=4.0933 | test_acc=0.8627
Epoch 158/300 | train_loss=23.9132 | train_acc=0.9373 | test_loss=4.3701 | test_acc=0.8809
Epoch 147/300 | train_loss=24.6465 | train_acc=0.9352 | test_loss=4.3173 | test_acc=0.8549
Epoch 193/300 | train_loss=22.3478 | train_acc=0.9405 | test_loss=4.0742 | test_acc=0.8526
Epoch 159/300 | train_loss=23.7479 | train_acc=0.9381 | test_loss=4.3960 | test_acc=0.8551
Epoch 148/300 | train_loss=24.5820 | train_acc=0.9356 | test_loss=4.3438 | test_acc=0.8426
Epoch 194/300 | train_loss=22.2528 | train_acc=0.9414 | test_loss=4.0576 | test_acc=0.8596
Epoch 160/300 | train_loss=23.9084 | train_acc=0.9371 | test_loss=4.2959 | test_acc=0.8767
Epoch 149/300 | train_loss=24.5516 | train_acc=0.9357 | test_loss=4.3051 | test_acc=0.8575
Epoch 195/300 | train_loss=22.4509 | train_acc=0.9402 | test_loss=4.2031 | test_acc=0.8352
Epoch 161/300 | train_loss=23.6330 | train_acc=0.9383 | test_loss=4.3662 | test_acc=0.8638
Epoch 196/300 | train_loss=22.1440 | train_acc=0.9407 | test_loss=3.9610 | test_acc=0.8671
Epoch 150/300 | train_loss=24.5345 | train_acc=0.9355 | test_loss=4.3025 | test_acc=0.8660
Epoch 197/300 | train_loss=22.1754 | train_acc=0.9414 | test_loss=3.9366 | test_acc=0.8552
Epoch 162/300 | train_loss=23.9602 | train_acc=0.9370 | test_loss=4.2882 | test_acc=0.8716
Epoch 151/300 | train_loss=24.3283 | train_acc=0.9355 | test_loss=4.1995 | test_acc=0.8660
Epoch 198/300 | train_loss=22.0519 | train_acc=0.9415 | test_loss=4.0399 | test_acc=0.8661
Epoch 163/300 | train_loss=23.5876 | train_acc=0.9392 | test_loss=4.3281 | test_acc=0.8916
Epoch 152/300 | train_loss=24.2455 | train_acc=0.9345 | test_loss=4.2083 | test_acc=0.8628
Epoch 199/300 | train_loss=22.0058 | train_acc=0.9407 | test_loss=3.9391 | test_acc=0.8596
Epoch 164/300 | train_loss=23.7604 | train_acc=0.9380 | test_loss=4.4751 | test_acc=0.8791
Epoch 153/300 | train_loss=24.1762 | train_acc=0.9361 | test_loss=4.1553 | test_acc=0.8665
Epoch 200/300 | train_loss=22.0641 | train_acc=0.9413 | test_loss=3.9457 | test_acc=0.8587
Epoch 201/300 | train_loss=21.8422 | train_acc=0.9415 | test_loss=3.9860 | test_acc=0.8602
Epoch 165/300 | train_loss=23.4241 | train_acc=0.9389 | test_loss=4.3611 | test_acc=0.8747
Epoch 154/300 | train_loss=24.1136 | train_acc=0.9364 | test_loss=4.2104 | test_acc=0.8614
Epoch 202/300 | train_loss=21.9455 | train_acc=0.9419 | test_loss=3.9757 | test_acc=0.8765
Epoch 166/300 | train_loss=23.4340 | train_acc=0.9380 | test_loss=4.2631 | test_acc=0.8720
Epoch 155/300 | train_loss=23.9312 | train_acc=0.9370 | test_loss=4.3203 | test_acc=0.8615
Epoch 203/300 | train_loss=21.7482 | train_acc=0.9412 | test_loss=3.8466 | test_acc=0.8560
Epoch 167/300 | train_loss=23.4168 | train_acc=0.9390 | test_loss=4.2317 | test_acc=0.8802
Epoch 204/300 | train_loss=21.5344 | train_acc=0.9430 | test_loss=3.9721 | test_acc=0.8566
Epoch 156/300 | train_loss=24.0071 | train_acc=0.9364 | test_loss=4.3028 | test_acc=0.8483
Epoch 168/300 | train_loss=23.2693 | train_acc=0.9395 | test_loss=4.1997 | test_acc=0.8756
Epoch 205/300 | train_loss=21.8895 | train_acc=0.9430 | test_loss=3.9914 | test_acc=0.8638
Epoch 157/300 | train_loss=24.0228 | train_acc=0.9357 | test_loss=4.1490 | test_acc=0.8645
Epoch 206/300 | train_loss=21.7226 | train_acc=0.9420 | test_loss=3.9582 | test_acc=0.8671
Epoch 169/300 | train_loss=23.1861 | train_acc=0.9399 | test_loss=4.2877 | test_acc=0.8787
Epoch 207/300 | train_loss=21.4075 | train_acc=0.9431 | test_loss=3.8576 | test_acc=0.8612
Epoch 170/300 | train_loss=23.0272 | train_acc=0.9397 | test_loss=4.3223 | test_acc=0.8868
Epoch 158/300 | train_loss=23.9671 | train_acc=0.9364 | test_loss=4.3587 | test_acc=0.8526
Epoch 208/300 | train_loss=21.3161 | train_acc=0.9429 | test_loss=3.7883 | test_acc=0.8735
Epoch 159/300 | train_loss=23.8677 | train_acc=0.9368 | test_loss=4.1729 | test_acc=0.8463
Epoch 171/300 | train_loss=23.0868 | train_acc=0.9393 | test_loss=4.3232 | test_acc=0.8842
Epoch 209/300 | train_loss=21.5637 | train_acc=0.9424 | test_loss=3.7730 | test_acc=0.8551
Epoch 160/300 | train_loss=23.7527 | train_acc=0.9370 | test_loss=4.1473 | test_acc=0.8718
Epoch 172/300 | train_loss=23.1330 | train_acc=0.9397 | test_loss=4.1708 | test_acc=0.8843
Epoch 161/300 | train_loss=23.4546 | train_acc=0.9377 | test_loss=4.1359 | test_acc=0.8459
Epoch 210/300 | train_loss=21.4083 | train_acc=0.9426 | test_loss=3.8866 | test_acc=0.8596
Epoch 173/300 | train_loss=22.9960 | train_acc=0.9393 | test_loss=4.2322 | test_acc=0.8905
Epoch 162/300 | train_loss=23.7502 | train_acc=0.9372 | test_loss=4.2100 | test_acc=0.8611
Epoch 211/300 | train_loss=21.2224 | train_acc=0.9434 | test_loss=3.8183 | test_acc=0.8514
Epoch 174/300 | train_loss=22.8106 | train_acc=0.9402 | test_loss=4.1848 | test_acc=0.8840
Epoch 163/300 | train_loss=23.5756 | train_acc=0.9373 | test_loss=4.1083 | test_acc=0.8737
Epoch 212/300 | train_loss=21.4631 | train_acc=0.9429 | test_loss=3.8501 | test_acc=0.8705
Epoch 175/300 | train_loss=22.8858 | train_acc=0.9401 | test_loss=4.1491 | test_acc=0.8861
Epoch 164/300 | train_loss=23.4271 | train_acc=0.9383 | test_loss=4.1668 | test_acc=0.8707
Epoch 213/300 | train_loss=21.3191 | train_acc=0.9431 | test_loss=3.8800 | test_acc=0.8765
Epoch 176/300 | train_loss=22.8826 | train_acc=0.9396 | test_loss=4.1366 | test_acc=0.8776
Epoch 165/300 | train_loss=23.3108 | train_acc=0.9386 | test_loss=4.0953 | test_acc=0.8699
Epoch 214/300 | train_loss=21.3711 | train_acc=0.9432 | test_loss=3.9448 | test_acc=0.8764
Epoch 177/300 | train_loss=22.7074 | train_acc=0.9405 | test_loss=4.2005 | test_acc=0.8853
Epoch 215/300 | train_loss=21.4522 | train_acc=0.9430 | test_loss=4.0955 | test_acc=0.8674
Epoch 166/300 | train_loss=23.3841 | train_acc=0.9384 | test_loss=4.2132 | test_acc=0.8534
Epoch 178/300 | train_loss=22.5155 | train_acc=0.9410 | test_loss=4.2765 | test_acc=0.8832
Epoch 167/300 | train_loss=23.2668 | train_acc=0.9382 | test_loss=4.1467 | test_acc=0.8598
Epoch 216/300 | train_loss=21.5570 | train_acc=0.9422 | test_loss=3.8259 | test_acc=0.8681
Epoch 179/300 | train_loss=22.7653 | train_acc=0.9402 | test_loss=4.1353 | test_acc=0.8931
Epoch 217/300 | train_loss=21.2676 | train_acc=0.9436 | test_loss=3.7697 | test_acc=0.8763
Epoch 168/300 | train_loss=23.2500 | train_acc=0.9388 | test_loss=4.1464 | test_acc=0.8516
Epoch 180/300 | train_loss=22.4247 | train_acc=0.9412 | test_loss=4.1936 | test_acc=0.8814
Epoch 218/300 | train_loss=21.2534 | train_acc=0.9435 | test_loss=3.7721 | test_acc=0.8740
Epoch 169/300 | train_loss=23.3234 | train_acc=0.9391 | test_loss=4.3199 | test_acc=0.8668
Epoch 219/300 | train_loss=21.2337 | train_acc=0.9444 | test_loss=3.9834 | test_acc=0.8582
Epoch 181/300 | train_loss=22.5783 | train_acc=0.9411 | test_loss=4.1054 | test_acc=0.8847
Epoch 170/300 | train_loss=23.3605 | train_acc=0.9386 | test_loss=4.1203 | test_acc=0.8755
Epoch 220/300 | train_loss=21.3035 | train_acc=0.9439 | test_loss=3.8312 | test_acc=0.8637
Epoch 182/300 | train_loss=22.4270 | train_acc=0.9414 | test_loss=4.1510 | test_acc=0.8770
Epoch 171/300 | train_loss=23.0793 | train_acc=0.9395 | test_loss=4.0731 | test_acc=0.8773
Epoch 221/300 | train_loss=20.9697 | train_acc=0.9444 | test_loss=4.0342 | test_acc=0.8559
Epoch 172/300 | train_loss=22.8763 | train_acc=0.9398 | test_loss=4.0401 | test_acc=0.8764
Epoch 183/300 | train_loss=22.4460 | train_acc=0.9407 | test_loss=4.1153 | test_acc=0.8647
Epoch 222/300 | train_loss=21.1813 | train_acc=0.9433 | test_loss=3.9519 | test_acc=0.8732
Epoch 223/300 | train_loss=20.9617 | train_acc=0.9437 | test_loss=3.7254 | test_acc=0.8747
Epoch 184/300 | train_loss=22.2410 | train_acc=0.9421 | test_loss=4.0600 | test_acc=0.8754
Epoch 173/300 | train_loss=22.7483 | train_acc=0.9392 | test_loss=3.9890 | test_acc=0.8801
Epoch 224/300 | train_loss=21.0641 | train_acc=0.9439 | test_loss=3.7713 | test_acc=0.8815
Epoch 174/300 | train_loss=22.8506 | train_acc=0.9402 | test_loss=4.1172 | test_acc=0.8681
Epoch 185/300 | train_loss=21.9905 | train_acc=0.9422 | test_loss=4.0674 | test_acc=0.8820
Epoch 225/300 | train_loss=20.9172 | train_acc=0.9445 | test_loss=3.8272 | test_acc=0.8864
Epoch 175/300 | train_loss=22.6175 | train_acc=0.9400 | test_loss=4.0001 | test_acc=0.8646
Epoch 186/300 | train_loss=22.2043 | train_acc=0.9419 | test_loss=4.0754 | test_acc=0.8868
Epoch 226/300 | train_loss=20.8428 | train_acc=0.9445 | test_loss=3.7941 | test_acc=0.8812
Epoch 176/300 | train_loss=22.6653 | train_acc=0.9403 | test_loss=4.1505 | test_acc=0.8680
Epoch 187/300 | train_loss=22.0631 | train_acc=0.9415 | test_loss=4.1227 | test_acc=0.8789
Epoch 227/300 | train_loss=20.9647 | train_acc=0.9444 | test_loss=3.8469 | test_acc=0.8764
Epoch 177/300 | train_loss=22.6845 | train_acc=0.9403 | test_loss=3.9877 | test_acc=0.8607
Epoch 188/300 | train_loss=21.9467 | train_acc=0.9426 | test_loss=4.1177 | test_acc=0.8761
Epoch 228/300 | train_loss=20.8792 | train_acc=0.9445 | test_loss=3.6853 | test_acc=0.8654
Epoch 178/300 | train_loss=22.5836 | train_acc=0.9404 | test_loss=3.9624 | test_acc=0.8800
Epoch 189/300 | train_loss=22.0019 | train_acc=0.9419 | test_loss=4.1351 | test_acc=0.8891
Epoch 229/300 | train_loss=20.9788 | train_acc=0.9439 | test_loss=3.7646 | test_acc=0.8697
Epoch 179/300 | train_loss=22.3428 | train_acc=0.9410 | test_loss=4.0923 | test_acc=0.8727
Epoch 190/300 | train_loss=22.0034 | train_acc=0.9417 | test_loss=4.0000 | test_acc=0.8797
Epoch 230/300 | train_loss=20.6900 | train_acc=0.9450 | test_loss=3.9382 | test_acc=0.8522
Epoch 191/300 | train_loss=21.9208 | train_acc=0.9416 | test_loss=4.1719 | test_acc=0.8954
Epoch 180/300 | train_loss=22.6800 | train_acc=0.9407 | test_loss=4.0029 | test_acc=0.8607
Epoch 231/300 | train_loss=20.7020 | train_acc=0.9451 | test_loss=3.7038 | test_acc=0.8653
Epoch 192/300 | train_loss=21.7069 | train_acc=0.9426 | test_loss=4.0369 | test_acc=0.8797
Epoch 232/300 | train_loss=20.7410 | train_acc=0.9448 | test_loss=3.6874 | test_acc=0.8706
Epoch 181/300 | train_loss=22.5523 | train_acc=0.9402 | test_loss=4.0805 | test_acc=0.8667
Epoch 193/300 | train_loss=21.4549 | train_acc=0.9434 | test_loss=4.0973 | test_acc=0.8925
Epoch 233/300 | train_loss=20.6229 | train_acc=0.9447 | test_loss=3.6962 | test_acc=0.8765
Epoch 182/300 | train_loss=22.4172 | train_acc=0.9408 | test_loss=3.9591 | test_acc=0.8811
Epoch 194/300 | train_loss=21.9817 | train_acc=0.9420 | test_loss=4.1283 | test_acc=0.8818
Epoch 234/300 | train_loss=20.5204 | train_acc=0.9457 | test_loss=3.6738 | test_acc=0.8738
Epoch 183/300 | train_loss=22.4792 | train_acc=0.9398 | test_loss=3.9610 | test_acc=0.8592
Epoch 195/300 | train_loss=21.8595 | train_acc=0.9421 | test_loss=4.1138 | test_acc=0.8734
Epoch 235/300 | train_loss=20.4881 | train_acc=0.9450 | test_loss=3.7408 | test_acc=0.8808
Epoch 184/300 | train_loss=22.2490 | train_acc=0.9412 | test_loss=3.9766 | test_acc=0.8705
Epoch 196/300 | train_loss=21.7108 | train_acc=0.9431 | test_loss=4.1187 | test_acc=0.8918
Epoch 236/300 | train_loss=20.5822 | train_acc=0.9456 | test_loss=3.7708 | test_acc=0.8617
Epoch 237/300 | train_loss=20.3994 | train_acc=0.9460 | test_loss=3.7622 | test_acc=0.8857
Epoch 185/300 | train_loss=22.2235 | train_acc=0.9407 | test_loss=4.0350 | test_acc=0.8725
Epoch 197/300 | train_loss=21.4976 | train_acc=0.9434 | test_loss=3.9576 | test_acc=0.8767
Epoch 238/300 | train_loss=20.5914 | train_acc=0.9455 | test_loss=3.8309 | test_acc=0.8569
Epoch 198/300 | train_loss=21.4930 | train_acc=0.9431 | test_loss=3.9528 | test_acc=0.8867
Epoch 186/300 | train_loss=22.2253 | train_acc=0.9413 | test_loss=4.0123 | test_acc=0.8751
Epoch 239/300 | train_loss=20.3399 | train_acc=0.9462 | test_loss=3.7317 | test_acc=0.8647
Epoch 199/300 | train_loss=21.2834 | train_acc=0.9444 | test_loss=3.9012 | test_acc=0.8888
Epoch 187/300 | train_loss=22.0205 | train_acc=0.9415 | test_loss=3.9794 | test_acc=0.8578
Epoch 240/300 | train_loss=20.3207 | train_acc=0.9456 | test_loss=3.8240 | test_acc=0.8748
Epoch 200/300 | train_loss=21.1918 | train_acc=0.9436 | test_loss=3.9376 | test_acc=0.8912
Epoch 188/300 | train_loss=21.8491 | train_acc=0.9418 | test_loss=3.9472 | test_acc=0.8676
Epoch 241/300 | train_loss=20.5049 | train_acc=0.9452 | test_loss=3.7833 | test_acc=0.8747
Epoch 201/300 | train_loss=21.5943 | train_acc=0.9437 | test_loss=3.9952 | test_acc=0.8974
Epoch 189/300 | train_loss=21.8795 | train_acc=0.9424 | test_loss=3.8360 | test_acc=0.8814
Epoch 242/300 | train_loss=20.3979 | train_acc=0.9456 | test_loss=3.6959 | test_acc=0.8741
Epoch 202/300 | train_loss=21.0950 | train_acc=0.9451 | test_loss=3.9411 | test_acc=0.8918
Epoch 190/300 | train_loss=21.9540 | train_acc=0.9425 | test_loss=3.8702 | test_acc=0.8722
Epoch 243/300 | train_loss=20.4976 | train_acc=0.9454 | test_loss=3.7576 | test_acc=0.8515
Epoch 203/300 | train_loss=21.2800 | train_acc=0.9439 | test_loss=3.9207 | test_acc=0.8963
Epoch 191/300 | train_loss=21.8170 | train_acc=0.9418 | test_loss=3.9722 | test_acc=0.8561
Epoch 244/300 | train_loss=20.0588 | train_acc=0.9467 | test_loss=3.6924 | test_acc=0.8865
Epoch 192/300 | train_loss=21.8209 | train_acc=0.9418 | test_loss=3.9248 | test_acc=0.8802
Epoch 204/300 | train_loss=21.1951 | train_acc=0.9446 | test_loss=3.9700 | test_acc=0.8939
Epoch 245/300 | train_loss=20.3017 | train_acc=0.9457 | test_loss=3.5615 | test_acc=0.8762
Epoch 246/300 | train_loss=20.1653 | train_acc=0.9464 | test_loss=3.6188 | test_acc=0.8729
Epoch 193/300 | train_loss=21.6533 | train_acc=0.9425 | test_loss=3.8411 | test_acc=0.8715
Epoch 205/300 | train_loss=21.1037 | train_acc=0.9440 | test_loss=3.8614 | test_acc=0.8889
Epoch 247/300 | train_loss=20.1182 | train_acc=0.9468 | test_loss=3.7408 | test_acc=0.8761
Epoch 194/300 | train_loss=21.5742 | train_acc=0.9430 | test_loss=3.9967 | test_acc=0.8778
Epoch 206/300 | train_loss=21.1864 | train_acc=0.9441 | test_loss=3.9113 | test_acc=0.8846
Epoch 248/300 | train_loss=19.9669 | train_acc=0.9463 | test_loss=3.6988 | test_acc=0.8755
Epoch 195/300 | train_loss=21.5696 | train_acc=0.9427 | test_loss=3.8716 | test_acc=0.8645
Epoch 207/300 | train_loss=20.8535 | train_acc=0.9448 | test_loss=3.9865 | test_acc=0.8890
Epoch 249/300 | train_loss=19.9993 | train_acc=0.9464 | test_loss=3.8279 | test_acc=0.8905
Epoch 196/300 | train_loss=21.8720 | train_acc=0.9414 | test_loss=4.0884 | test_acc=0.8588
Epoch 208/300 | train_loss=20.9858 | train_acc=0.9451 | test_loss=4.0846 | test_acc=0.8794
Epoch 250/300 | train_loss=19.9901 | train_acc=0.9464 | test_loss=3.6922 | test_acc=0.8636
Epoch 197/300 | train_loss=21.7714 | train_acc=0.9424 | test_loss=4.0486 | test_acc=0.8816
Epoch 209/300 | train_loss=20.9595 | train_acc=0.9448 | test_loss=3.9146 | test_acc=0.8838
Epoch 251/300 | train_loss=19.8521 | train_acc=0.9472 | test_loss=3.5403 | test_acc=0.8704
Epoch 198/300 | train_loss=21.6420 | train_acc=0.9424 | test_loss=3.9178 | test_acc=0.8541
Epoch 210/300 | train_loss=20.7270 | train_acc=0.9456 | test_loss=3.8343 | test_acc=0.8856
Epoch 252/300 | train_loss=19.9945 | train_acc=0.9469 | test_loss=3.6759 | test_acc=0.8638
Epoch 199/300 | train_loss=21.3797 | train_acc=0.9439 | test_loss=3.7876 | test_acc=0.8791
Epoch 211/300 | train_loss=20.7985 | train_acc=0.9445 | test_loss=3.8434 | test_acc=0.8933
Epoch 253/300 | train_loss=19.7186 | train_acc=0.9471 | test_loss=3.6349 | test_acc=0.8825
Epoch 212/300 | train_loss=20.7701 | train_acc=0.9453 | test_loss=3.8716 | test_acc=0.8857
Epoch 200/300 | train_loss=21.4310 | train_acc=0.9427 | test_loss=3.8027 | test_acc=0.8755
Epoch 254/300 | train_loss=19.8888 | train_acc=0.9471 | test_loss=3.7794 | test_acc=0.8671
Epoch 213/300 | train_loss=20.8508 | train_acc=0.9446 | test_loss=3.9955 | test_acc=0.8776
Epoch 255/300 | train_loss=19.8417 | train_acc=0.9471 | test_loss=3.6081 | test_acc=0.8861
Epoch 201/300 | train_loss=21.2590 | train_acc=0.9428 | test_loss=3.8278 | test_acc=0.8527
Epoch 214/300 | train_loss=20.7106 | train_acc=0.9457 | test_loss=3.9658 | test_acc=0.8864
Epoch 256/300 | train_loss=19.9560 | train_acc=0.9466 | test_loss=3.7710 | test_acc=0.8833
Epoch 202/300 | train_loss=21.1875 | train_acc=0.9433 | test_loss=3.7192 | test_acc=0.8710
Epoch 215/300 | train_loss=20.4072 | train_acc=0.9467 | test_loss=3.9375 | test_acc=0.8843
Epoch 257/300 | train_loss=19.7475 | train_acc=0.9468 | test_loss=3.6064 | test_acc=0.8897
Epoch 203/300 | train_loss=21.4132 | train_acc=0.9431 | test_loss=3.7586 | test_acc=0.8764
Epoch 216/300 | train_loss=20.6212 | train_acc=0.9456 | test_loss=3.8206 | test_acc=0.8964
Epoch 258/300 | train_loss=19.5700 | train_acc=0.9476 | test_loss=3.5868 | test_acc=0.8837
Epoch 259/300 | train_loss=19.7100 | train_acc=0.9478 | test_loss=3.5675 | test_acc=0.8825
Epoch 217/300 | train_loss=20.5104 | train_acc=0.9449 | test_loss=3.8516 | test_acc=0.8875
Epoch 204/300 | train_loss=21.0132 | train_acc=0.9435 | test_loss=3.8032 | test_acc=0.8832
Epoch 260/300 | train_loss=19.5179 | train_acc=0.9480 | test_loss=3.5767 | test_acc=0.8853
Epoch 218/300 | train_loss=20.5119 | train_acc=0.9450 | test_loss=3.8360 | test_acc=0.8915
Epoch 205/300 | train_loss=21.0453 | train_acc=0.9442 | test_loss=3.8340 | test_acc=0.8598
Epoch 261/300 | train_loss=19.4302 | train_acc=0.9477 | test_loss=3.5981 | test_acc=0.8790
Epoch 206/300 | train_loss=20.9615 | train_acc=0.9436 | test_loss=3.9461 | test_acc=0.8696
Epoch 219/300 | train_loss=20.6578 | train_acc=0.9453 | test_loss=3.8690 | test_acc=0.8935
Epoch 262/300 | train_loss=19.4200 | train_acc=0.9475 | test_loss=3.6513 | test_acc=0.8754
Epoch 207/300 | train_loss=21.2719 | train_acc=0.9435 | test_loss=3.8289 | test_acc=0.8587
Epoch 220/300 | train_loss=20.4689 | train_acc=0.9454 | test_loss=3.8874 | test_acc=0.8967
Epoch 263/300 | train_loss=19.3741 | train_acc=0.9483 | test_loss=3.5970 | test_acc=0.8765
Epoch 208/300 | train_loss=20.9023 | train_acc=0.9443 | test_loss=3.8208 | test_acc=0.8741
Epoch 221/300 | train_loss=20.1545 | train_acc=0.9471 | test_loss=3.8506 | test_acc=0.9003
Epoch 264/300 | train_loss=19.3315 | train_acc=0.9486 | test_loss=3.7094 | test_acc=0.8836
Epoch 209/300 | train_loss=20.8595 | train_acc=0.9449 | test_loss=3.7329 | test_acc=0.8647
Epoch 222/300 | train_loss=20.3474 | train_acc=0.9457 | test_loss=3.8933 | test_acc=0.8945
Epoch 265/300 | train_loss=19.4406 | train_acc=0.9478 | test_loss=3.5835 | test_acc=0.8833
Epoch 210/300 | train_loss=20.8343 | train_acc=0.9448 | test_loss=3.9369 | test_acc=0.8894
Epoch 223/300 | train_loss=20.3462 | train_acc=0.9463 | test_loss=3.7516 | test_acc=0.8904
Epoch 266/300 | train_loss=19.3885 | train_acc=0.9485 | test_loss=3.5903 | test_acc=0.8681
Epoch 211/300 | train_loss=20.9665 | train_acc=0.9440 | test_loss=3.6861 | test_acc=0.8808
Epoch 224/300 | train_loss=20.3846 | train_acc=0.9464 | test_loss=4.0092 | test_acc=0.8931
Epoch 267/300 | train_loss=19.6382 | train_acc=0.9477 | test_loss=3.6986 | test_acc=0.8792
Epoch 212/300 | train_loss=20.7244 | train_acc=0.9449 | test_loss=3.8239 | test_acc=0.8634
Epoch 225/300 | train_loss=20.0511 | train_acc=0.9469 | test_loss=3.7836 | test_acc=0.8888
Epoch 268/300 | train_loss=19.5920 | train_acc=0.9473 | test_loss=3.6234 | test_acc=0.8742
Epoch 213/300 | train_loss=20.7849 | train_acc=0.9450 | test_loss=3.8018 | test_acc=0.8750
Epoch 269/300 | train_loss=19.1185 | train_acc=0.9494 | test_loss=3.6789 | test_acc=0.8742
Epoch 226/300 | train_loss=20.0104 | train_acc=0.9475 | test_loss=3.8479 | test_acc=0.8979
Epoch 214/300 | train_loss=20.5545 | train_acc=0.9455 | test_loss=3.7116 | test_acc=0.8697
Epoch 270/300 | train_loss=19.3225 | train_acc=0.9483 | test_loss=3.5619 | test_acc=0.8899
Epoch 227/300 | train_loss=20.1153 | train_acc=0.9471 | test_loss=4.0472 | test_acc=0.8848
Epoch 271/300 | train_loss=19.1505 | train_acc=0.9486 | test_loss=3.6217 | test_acc=0.8913
Epoch 215/300 | train_loss=20.4593 | train_acc=0.9452 | test_loss=3.7510 | test_acc=0.8698
Epoch 228/300 | train_loss=20.0063 | train_acc=0.9470 | test_loss=3.8154 | test_acc=0.8807
Epoch 272/300 | train_loss=19.1818 | train_acc=0.9486 | test_loss=3.5621 | test_acc=0.8850
Epoch 216/300 | train_loss=20.6393 | train_acc=0.9455 | test_loss=3.7605 | test_acc=0.8814
Epoch 229/300 | train_loss=20.2328 | train_acc=0.9465 | test_loss=3.9152 | test_acc=0.8802
Epoch 273/300 | train_loss=19.2322 | train_acc=0.9482 | test_loss=3.6717 | test_acc=0.8628
Epoch 217/300 | train_loss=20.4645 | train_acc=0.9451 | test_loss=3.6639 | test_acc=0.8751
Epoch 230/300 | train_loss=19.6937 | train_acc=0.9477 | test_loss=3.8475 | test_acc=0.8918
Epoch 274/300 | train_loss=19.0795 | train_acc=0.9484 | test_loss=3.5525 | test_acc=0.8733
Epoch 218/300 | train_loss=20.5183 | train_acc=0.9452 | test_loss=3.6969 | test_acc=0.8848
Epoch 231/300 | train_loss=19.9118 | train_acc=0.9471 | test_loss=3.9005 | test_acc=0.8968
Epoch 275/300 | train_loss=19.3729 | train_acc=0.9475 | test_loss=3.5797 | test_acc=0.8733
Epoch 232/300 | train_loss=19.7283 | train_acc=0.9487 | test_loss=3.7524 | test_acc=0.8968
Epoch 219/300 | train_loss=20.4220 | train_acc=0.9459 | test_loss=3.6337 | test_acc=0.8643
Epoch 276/300 | train_loss=19.3163 | train_acc=0.9477 | test_loss=3.7248 | test_acc=0.8558
Epoch 233/300 | train_loss=19.6510 | train_acc=0.9478 | test_loss=3.7422 | test_acc=0.8937
Epoch 220/300 | train_loss=20.3937 | train_acc=0.9458 | test_loss=3.7421 | test_acc=0.8751
Epoch 277/300 | train_loss=19.0716 | train_acc=0.9484 | test_loss=3.5975 | test_acc=0.8703
Epoch 234/300 | train_loss=19.7685 | train_acc=0.9477 | test_loss=3.6842 | test_acc=0.8925
Epoch 221/300 | train_loss=20.4844 | train_acc=0.9456 | test_loss=3.7389 | test_acc=0.8684
Epoch 278/300 | train_loss=19.0007 | train_acc=0.9492 | test_loss=3.5498 | test_acc=0.8640
Epoch 235/300 | train_loss=19.7894 | train_acc=0.9475 | test_loss=3.7814 | test_acc=0.8888
Epoch 279/300 | train_loss=18.6949 | train_acc=0.9496 | test_loss=3.7569 | test_acc=0.8794
Epoch 222/300 | train_loss=20.3878 | train_acc=0.9457 | test_loss=3.8101 | test_acc=0.8630
Epoch 236/300 | train_loss=19.7148 | train_acc=0.9476 | test_loss=3.7221 | test_acc=0.8900
Epoch 280/300 | train_loss=18.8602 | train_acc=0.9486 | test_loss=3.4943 | test_acc=0.8900
Epoch 223/300 | train_loss=20.1872 | train_acc=0.9460 | test_loss=3.7742 | test_acc=0.8864
Epoch 281/300 | train_loss=18.9163 | train_acc=0.9495 | test_loss=3.5700 | test_acc=0.8810
Epoch 237/300 | train_loss=19.6406 | train_acc=0.9479 | test_loss=3.7327 | test_acc=0.8934
Epoch 224/300 | train_loss=20.2884 | train_acc=0.9458 | test_loss=3.6608 | test_acc=0.8620
Epoch 282/300 | train_loss=18.8482 | train_acc=0.9493 | test_loss=3.6654 | test_acc=0.8862
Epoch 238/300 | train_loss=19.4045 | train_acc=0.9492 | test_loss=3.7623 | test_acc=0.8896
Epoch 225/300 | train_loss=20.2790 | train_acc=0.9455 | test_loss=3.6861 | test_acc=0.8702
Epoch 283/300 | train_loss=18.7724 | train_acc=0.9500 | test_loss=3.5079 | test_acc=0.8722
Epoch 239/300 | train_loss=19.6484 | train_acc=0.9475 | test_loss=3.8088 | test_acc=0.8823
Epoch 284/300 | train_loss=18.7380 | train_acc=0.9499 | test_loss=3.3758 | test_acc=0.8902
Epoch 226/300 | train_loss=20.1192 | train_acc=0.9464 | test_loss=3.6840 | test_acc=0.8785
Epoch 285/300 | train_loss=18.7240 | train_acc=0.9490 | test_loss=3.5130 | test_acc=0.8816
Epoch 240/300 | train_loss=19.5631 | train_acc=0.9485 | test_loss=3.7032 | test_acc=0.8986
Epoch 227/300 | train_loss=19.9265 | train_acc=0.9465 | test_loss=3.6998 | test_acc=0.8802
Epoch 286/300 | train_loss=18.7297 | train_acc=0.9500 | test_loss=3.4193 | test_acc=0.8742
Epoch 241/300 | train_loss=19.3384 | train_acc=0.9493 | test_loss=3.8056 | test_acc=0.8891
Epoch 228/300 | train_loss=20.1221 | train_acc=0.9465 | test_loss=3.7704 | test_acc=0.8755
Epoch 287/300 | train_loss=18.7032 | train_acc=0.9497 | test_loss=3.4954 | test_acc=0.8822
Epoch 242/300 | train_loss=19.4512 | train_acc=0.9485 | test_loss=3.7021 | test_acc=0.8926
Epoch 288/300 | train_loss=18.7655 | train_acc=0.9492 | test_loss=3.5029 | test_acc=0.8782
Epoch 229/300 | train_loss=20.0669 | train_acc=0.9465 | test_loss=3.7108 | test_acc=0.8791
Epoch 243/300 | train_loss=19.5264 | train_acc=0.9478 | test_loss=3.6352 | test_acc=0.9033
Epoch 289/300 | train_loss=18.7369 | train_acc=0.9501 | test_loss=3.5388 | test_acc=0.8805
Epoch 230/300 | train_loss=19.9727 | train_acc=0.9473 | test_loss=3.5867 | test_acc=0.8777
Epoch 244/300 | train_loss=19.2728 | train_acc=0.9494 | test_loss=3.6582 | test_acc=0.9064
Epoch 290/300 | train_loss=18.6662 | train_acc=0.9503 | test_loss=3.4481 | test_acc=0.8770
Epoch 231/300 | train_loss=19.7992 | train_acc=0.9468 | test_loss=3.6394 | test_acc=0.8714
Epoch 245/300 | train_loss=19.4346 | train_acc=0.9491 | test_loss=3.7245 | test_acc=0.8960
Epoch 291/300 | train_loss=18.4704 | train_acc=0.9507 | test_loss=3.5100 | test_acc=0.8691
Epoch 246/300 | train_loss=19.4290 | train_acc=0.9482 | test_loss=3.7666 | test_acc=0.9058
Epoch 292/300 | train_loss=18.6174 | train_acc=0.9505 | test_loss=3.5073 | test_acc=0.8828
Epoch 232/300 | train_loss=19.8103 | train_acc=0.9472 | test_loss=3.6690 | test_acc=0.8726
Epoch 293/300 | train_loss=18.6727 | train_acc=0.9496 | test_loss=3.4227 | test_acc=0.8845
Epoch 247/300 | train_loss=19.2492 | train_acc=0.9491 | test_loss=3.7238 | test_acc=0.8994
Epoch 233/300 | train_loss=19.7240 | train_acc=0.9466 | test_loss=3.6261 | test_acc=0.8872
Epoch 294/300 | train_loss=18.3453 | train_acc=0.9505 | test_loss=3.4988 | test_acc=0.8872
Epoch 234/300 | train_loss=19.8359 | train_acc=0.9467 | test_loss=3.8578 | test_acc=0.8570
Epoch 248/300 | train_loss=19.0950 | train_acc=0.9494 | test_loss=3.6673 | test_acc=0.8917
Epoch 235/300 | train_loss=19.9123 | train_acc=0.9465 | test_loss=3.5704 | test_acc=0.8780
Epoch 295/300 | train_loss=18.4063 | train_acc=0.9509 | test_loss=3.4233 | test_acc=0.8681
Epoch 249/300 | train_loss=19.1463 | train_acc=0.9500 | test_loss=3.7372 | test_acc=0.9030
Epoch 236/300 | train_loss=19.7135 | train_acc=0.9471 | test_loss=3.5944 | test_acc=0.8754
Epoch 296/300 | train_loss=18.5225 | train_acc=0.9510 | test_loss=3.4051 | test_acc=0.8808
Epoch 250/300 | train_loss=19.1653 | train_acc=0.9498 | test_loss=3.6326 | test_acc=0.9082
Epoch 237/300 | train_loss=19.8527 | train_acc=0.9476 | test_loss=3.5915 | test_acc=0.8661
Epoch 297/300 | train_loss=18.2505 | train_acc=0.9509 | test_loss=3.7018 | test_acc=0.8672
Epoch 251/300 | train_loss=19.2016 | train_acc=0.9486 | test_loss=3.7161 | test_acc=0.9074
Epoch 238/300 | train_loss=19.6198 | train_acc=0.9477 | test_loss=3.5350 | test_acc=0.8863
Epoch 298/300 | train_loss=18.2746 | train_acc=0.9509 | test_loss=3.4357 | test_acc=0.8661
Epoch 239/300 | train_loss=19.5004 | train_acc=0.9487 | test_loss=3.5517 | test_acc=0.8711
Epoch 252/300 | train_loss=19.3352 | train_acc=0.9486 | test_loss=3.6524 | test_acc=0.8986
Epoch 299/300 | train_loss=18.2812 | train_acc=0.9514 | test_loss=3.5464 | test_acc=0.8737
Epoch 300/300 | train_loss=18.3482 | train_acc=0.9512 | test_loss=3.5332 | test_acc=0.8774
Epoch 240/300 | train_loss=19.5746 | train_acc=0.9475 | test_loss=3.7059 | test_acc=0.8618
Epoch 253/300 | train_loss=18.9391 | train_acc=0.9500 | test_loss=3.6005 | test_acc=0.9011
Completed bio_trainable run 2 on cuda:5 | test_acc=0.8774
Started bio_trainable run 5 | seed=1238 | device=cuda:5 | trainable_params=23562 | total_params=24212
Epoch 241/300 | train_loss=19.6894 | train_acc=0.9465 | test_loss=3.4955 | test_acc=0.8732
Epoch 254/300 | train_loss=18.8962 | train_acc=0.9497 | test_loss=3.5728 | test_acc=0.8931
Epoch 242/300 | train_loss=19.3092 | train_acc=0.9483 | test_loss=3.6000 | test_acc=0.8780
Epoch 255/300 | train_loss=19.0450 | train_acc=0.9491 | test_loss=3.8296 | test_acc=0.9047
Epoch 001/300 | train_loss=263.5186 | train_acc=0.2304 | test_loss=43.2932 | test_acc=0.3208
Epoch 243/300 | train_loss=19.4686 | train_acc=0.9486 | test_loss=3.5576 | test_acc=0.8817
Epoch 256/300 | train_loss=19.0414 | train_acc=0.9496 | test_loss=3.7679 | test_acc=0.8942
Epoch 002/300 | train_loss=247.4872 | train_acc=0.3640 | test_loss=40.5131 | test_acc=0.3229
Epoch 003/300 | train_loss=230.3232 | train_acc=0.4215 | test_loss=37.5108 | test_acc=0.3515
Epoch 244/300 | train_loss=19.2382 | train_acc=0.9487 | test_loss=3.5346 | test_acc=0.8716
Epoch 257/300 | train_loss=18.8407 | train_acc=0.9504 | test_loss=3.7228 | test_acc=0.9017
Epoch 004/300 | train_loss=212.7394 | train_acc=0.4772 | test_loss=34.5773 | test_acc=0.3354
Epoch 258/300 | train_loss=18.8134 | train_acc=0.9498 | test_loss=3.7682 | test_acc=0.9017
Epoch 245/300 | train_loss=19.2880 | train_acc=0.9490 | test_loss=3.5482 | test_acc=0.8851
Epoch 005/300 | train_loss=196.2912 | train_acc=0.5238 | test_loss=32.0360 | test_acc=0.3475
Epoch 259/300 | train_loss=18.7139 | train_acc=0.9503 | test_loss=3.6397 | test_acc=0.9059
Epoch 246/300 | train_loss=19.1905 | train_acc=0.9495 | test_loss=3.5836 | test_acc=0.8742
Epoch 006/300 | train_loss=181.8226 | train_acc=0.5572 | test_loss=29.6641 | test_acc=0.3341
Epoch 260/300 | train_loss=18.7209 | train_acc=0.9504 | test_loss=3.5299 | test_acc=0.8912
Epoch 007/300 | train_loss=168.6090 | train_acc=0.5862 | test_loss=27.5641 | test_acc=0.3415
Epoch 247/300 | train_loss=19.2481 | train_acc=0.9479 | test_loss=3.6525 | test_acc=0.8835
Epoch 261/300 | train_loss=18.7985 | train_acc=0.9503 | test_loss=3.6796 | test_acc=0.9092
Epoch 008/300 | train_loss=157.4056 | train_acc=0.6105 | test_loss=25.8462 | test_acc=0.3443
Epoch 248/300 | train_loss=19.1702 | train_acc=0.9482 | test_loss=3.5012 | test_acc=0.8868
Epoch 262/300 | train_loss=18.8491 | train_acc=0.9499 | test_loss=3.5850 | test_acc=0.8900
Epoch 009/300 | train_loss=147.6918 | train_acc=0.6331 | test_loss=24.3591 | test_acc=0.3538
Epoch 249/300 | train_loss=19.1138 | train_acc=0.9484 | test_loss=3.5731 | test_acc=0.8771
Epoch 263/300 | train_loss=18.6874 | train_acc=0.9511 | test_loss=3.5957 | test_acc=0.8976
Epoch 010/300 | train_loss=139.7998 | train_acc=0.6496 | test_loss=23.0981 | test_acc=0.3519
Epoch 250/300 | train_loss=19.1541 | train_acc=0.9486 | test_loss=3.6755 | test_acc=0.8930
Epoch 264/300 | train_loss=18.6549 | train_acc=0.9497 | test_loss=3.5660 | test_acc=0.9101
Epoch 011/300 | train_loss=132.7698 | train_acc=0.6638 | test_loss=22.0035 | test_acc=0.3509
Epoch 251/300 | train_loss=18.9717 | train_acc=0.9490 | test_loss=3.6177 | test_acc=0.8700
Epoch 265/300 | train_loss=18.6991 | train_acc=0.9510 | test_loss=3.5203 | test_acc=0.8929
Epoch 012/300 | train_loss=126.3154 | train_acc=0.6781 | test_loss=21.0273 | test_acc=0.3518
Epoch 252/300 | train_loss=19.1742 | train_acc=0.9492 | test_loss=3.5955 | test_acc=0.8846
Epoch 013/300 | train_loss=120.8020 | train_acc=0.6899 | test_loss=20.1077 | test_acc=0.3637
Epoch 266/300 | train_loss=18.5150 | train_acc=0.9507 | test_loss=3.7565 | test_acc=0.8883
Epoch 253/300 | train_loss=19.1230 | train_acc=0.9487 | test_loss=3.5690 | test_acc=0.8764
Epoch 014/300 | train_loss=116.0042 | train_acc=0.7017 | test_loss=19.4209 | test_acc=0.3555
Epoch 267/300 | train_loss=18.8164 | train_acc=0.9501 | test_loss=3.6648 | test_acc=0.8926
Epoch 015/300 | train_loss=111.6300 | train_acc=0.7113 | test_loss=18.6633 | test_acc=0.3744
Epoch 254/300 | train_loss=19.0915 | train_acc=0.9492 | test_loss=3.6068 | test_acc=0.8688
Epoch 268/300 | train_loss=18.4763 | train_acc=0.9514 | test_loss=3.5457 | test_acc=0.8968
Epoch 255/300 | train_loss=18.7440 | train_acc=0.9500 | test_loss=3.5771 | test_acc=0.8896
Epoch 016/300 | train_loss=107.6511 | train_acc=0.7199 | test_loss=18.0590 | test_acc=0.3814
Epoch 269/300 | train_loss=18.4283 | train_acc=0.9510 | test_loss=3.6138 | test_acc=0.8968
Epoch 256/300 | train_loss=18.6979 | train_acc=0.9495 | test_loss=3.5170 | test_acc=0.8885
Epoch 017/300 | train_loss=103.9627 | train_acc=0.7304 | test_loss=17.4175 | test_acc=0.3717
Epoch 270/300 | train_loss=18.4471 | train_acc=0.9508 | test_loss=3.5240 | test_acc=0.9025
Epoch 257/300 | train_loss=18.8323 | train_acc=0.9490 | test_loss=3.4040 | test_acc=0.8819
Epoch 018/300 | train_loss=100.6288 | train_acc=0.7391 | test_loss=17.0386 | test_acc=0.3594
Epoch 271/300 | train_loss=18.2180 | train_acc=0.9521 | test_loss=3.5225 | test_acc=0.8975
Epoch 019/300 | train_loss=97.4387 | train_acc=0.7471 | test_loss=16.4115 | test_acc=0.3754
Epoch 258/300 | train_loss=18.8385 | train_acc=0.9501 | test_loss=3.6247 | test_acc=0.8877
Epoch 272/300 | train_loss=18.5785 | train_acc=0.9510 | test_loss=3.7650 | test_acc=0.9022
Epoch 020/300 | train_loss=94.3831 | train_acc=0.7542 | test_loss=15.8540 | test_acc=0.4014
Epoch 259/300 | train_loss=18.8378 | train_acc=0.9498 | test_loss=3.6539 | test_acc=0.8878
Epoch 021/300 | train_loss=91.4704 | train_acc=0.7621 | test_loss=15.4130 | test_acc=0.3781
Epoch 273/300 | train_loss=18.5555 | train_acc=0.9508 | test_loss=3.6232 | test_acc=0.9035
Epoch 260/300 | train_loss=18.8092 | train_acc=0.9497 | test_loss=3.5170 | test_acc=0.8750
Epoch 022/300 | train_loss=88.7578 | train_acc=0.7700 | test_loss=14.9711 | test_acc=0.3876
Epoch 274/300 | train_loss=18.4940 | train_acc=0.9514 | test_loss=3.4975 | test_acc=0.9020
Epoch 023/300 | train_loss=86.1387 | train_acc=0.7769 | test_loss=14.5072 | test_acc=0.4023
Epoch 261/300 | train_loss=18.7926 | train_acc=0.9501 | test_loss=3.4397 | test_acc=0.8902
Epoch 275/300 | train_loss=18.2029 | train_acc=0.9518 | test_loss=3.4892 | test_acc=0.9018
Epoch 024/300 | train_loss=83.7137 | train_acc=0.7841 | test_loss=14.1127 | test_acc=0.4049
Epoch 262/300 | train_loss=18.8571 | train_acc=0.9492 | test_loss=3.5264 | test_acc=0.8908
Epoch 276/300 | train_loss=18.0106 | train_acc=0.9517 | test_loss=3.5516 | test_acc=0.9020
Epoch 025/300 | train_loss=81.3367 | train_acc=0.7891 | test_loss=13.6651 | test_acc=0.4202
Epoch 263/300 | train_loss=18.5541 | train_acc=0.9497 | test_loss=3.4131 | test_acc=0.8843
Epoch 026/300 | train_loss=79.0795 | train_acc=0.7968 | test_loss=13.4848 | test_acc=0.3943
Epoch 277/300 | train_loss=18.3318 | train_acc=0.9508 | test_loss=3.5335 | test_acc=0.8986
Epoch 264/300 | train_loss=18.7417 | train_acc=0.9500 | test_loss=3.4525 | test_acc=0.8838
Epoch 027/300 | train_loss=76.7347 | train_acc=0.8024 | test_loss=12.9590 | test_acc=0.4064
Epoch 278/300 | train_loss=18.3367 | train_acc=0.9508 | test_loss=3.4453 | test_acc=0.9110
Epoch 265/300 | train_loss=18.5891 | train_acc=0.9509 | test_loss=3.4521 | test_acc=0.8755
Epoch 028/300 | train_loss=74.7428 | train_acc=0.8079 | test_loss=12.6336 | test_acc=0.4247
Epoch 279/300 | train_loss=18.0844 | train_acc=0.9518 | test_loss=3.7944 | test_acc=0.8972
Epoch 266/300 | train_loss=18.5643 | train_acc=0.9506 | test_loss=3.3554 | test_acc=0.8721
Epoch 029/300 | train_loss=73.0062 | train_acc=0.8129 | test_loss=12.3084 | test_acc=0.4329
Epoch 280/300 | train_loss=18.3546 | train_acc=0.9510 | test_loss=3.4959 | test_acc=0.9049
Epoch 267/300 | train_loss=18.4835 | train_acc=0.9501 | test_loss=3.4289 | test_acc=0.8904
Epoch 030/300 | train_loss=71.2441 | train_acc=0.8177 | test_loss=12.1793 | test_acc=0.4558
Epoch 268/300 | train_loss=18.5028 | train_acc=0.9508 | test_loss=3.4417 | test_acc=0.8812
Epoch 281/300 | train_loss=18.0755 | train_acc=0.9518 | test_loss=3.5832 | test_acc=0.8986
Epoch 031/300 | train_loss=69.4676 | train_acc=0.8226 | test_loss=11.7599 | test_acc=0.4450
Epoch 269/300 | train_loss=18.7405 | train_acc=0.9502 | test_loss=3.5749 | test_acc=0.8621
Epoch 282/300 | train_loss=17.9527 | train_acc=0.9522 | test_loss=3.4421 | test_acc=0.9041
Epoch 032/300 | train_loss=67.8455 | train_acc=0.8270 | test_loss=11.5194 | test_acc=0.4548
Epoch 270/300 | train_loss=18.3412 | train_acc=0.9505 | test_loss=3.5518 | test_acc=0.8675
Epoch 283/300 | train_loss=18.0822 | train_acc=0.9517 | test_loss=3.4417 | test_acc=0.9017
Epoch 033/300 | train_loss=66.1669 | train_acc=0.8305 | test_loss=11.2251 | test_acc=0.4477
Epoch 271/300 | train_loss=18.3709 | train_acc=0.9503 | test_loss=3.4483 | test_acc=0.8975
Epoch 034/300 | train_loss=64.7835 | train_acc=0.8354 | test_loss=10.9537 | test_acc=0.4844
Epoch 284/300 | train_loss=17.9433 | train_acc=0.9523 | test_loss=3.6128 | test_acc=0.9114
Epoch 272/300 | train_loss=18.3504 | train_acc=0.9506 | test_loss=3.3570 | test_acc=0.8847
Epoch 035/300 | train_loss=63.3034 | train_acc=0.8383 | test_loss=10.7869 | test_acc=0.4928
Epoch 285/300 | train_loss=17.8948 | train_acc=0.9531 | test_loss=3.5423 | test_acc=0.9105
Epoch 273/300 | train_loss=18.3221 | train_acc=0.9503 | test_loss=3.5358 | test_acc=0.8923
Epoch 036/300 | train_loss=62.1544 | train_acc=0.8426 | test_loss=10.6544 | test_acc=0.4968
Epoch 286/300 | train_loss=18.2028 | train_acc=0.9521 | test_loss=3.6055 | test_acc=0.9002
Epoch 274/300 | train_loss=18.4050 | train_acc=0.9504 | test_loss=3.5270 | test_acc=0.8912
Epoch 037/300 | train_loss=60.8760 | train_acc=0.8450 | test_loss=10.3290 | test_acc=0.4891
Epoch 287/300 | train_loss=17.8387 | train_acc=0.9517 | test_loss=3.5959 | test_acc=0.9116
Epoch 275/300 | train_loss=18.2407 | train_acc=0.9507 | test_loss=3.4321 | test_acc=0.8859
Epoch 038/300 | train_loss=59.8117 | train_acc=0.8478 | test_loss=10.2332 | test_acc=0.4843
Epoch 288/300 | train_loss=17.9455 | train_acc=0.9524 | test_loss=3.4812 | test_acc=0.9079
Epoch 276/300 | train_loss=18.1792 | train_acc=0.9507 | test_loss=3.4405 | test_acc=0.8771
Epoch 039/300 | train_loss=58.8825 | train_acc=0.8496 | test_loss=10.0335 | test_acc=0.5040
Epoch 289/300 | train_loss=17.8179 | train_acc=0.9524 | test_loss=3.5329 | test_acc=0.9107
Epoch 277/300 | train_loss=18.4436 | train_acc=0.9504 | test_loss=3.4578 | test_acc=0.8991
Epoch 040/300 | train_loss=57.5906 | train_acc=0.8522 | test_loss=9.7770 | test_acc=0.5451
Epoch 290/300 | train_loss=17.8494 | train_acc=0.9524 | test_loss=3.4001 | test_acc=0.9047
Epoch 278/300 | train_loss=18.1631 | train_acc=0.9507 | test_loss=3.4574 | test_acc=0.8952
Epoch 041/300 | train_loss=56.6592 | train_acc=0.8553 | test_loss=9.6438 | test_acc=0.5513
Epoch 291/300 | train_loss=17.6611 | train_acc=0.9531 | test_loss=3.4291 | test_acc=0.9024
Epoch 279/300 | train_loss=18.1845 | train_acc=0.9513 | test_loss=3.4340 | test_acc=0.8868
Epoch 042/300 | train_loss=55.4959 | train_acc=0.8568 | test_loss=9.3777 | test_acc=0.5325
Epoch 043/300 | train_loss=54.8381 | train_acc=0.8586 | test_loss=9.4061 | test_acc=0.5439
Epoch 292/300 | train_loss=17.7399 | train_acc=0.9527 | test_loss=3.5703 | test_acc=0.8929
Epoch 280/300 | train_loss=18.0307 | train_acc=0.9524 | test_loss=3.3740 | test_acc=0.8819
Epoch 044/300 | train_loss=53.8440 | train_acc=0.8610 | test_loss=9.1685 | test_acc=0.5737
Epoch 293/300 | train_loss=17.7211 | train_acc=0.9524 | test_loss=3.5158 | test_acc=0.9095
Epoch 281/300 | train_loss=18.2426 | train_acc=0.9512 | test_loss=3.4683 | test_acc=0.8766
Epoch 045/300 | train_loss=52.9243 | train_acc=0.8646 | test_loss=9.0130 | test_acc=0.5345
Epoch 294/300 | train_loss=17.5950 | train_acc=0.9536 | test_loss=3.6341 | test_acc=0.9058
Epoch 282/300 | train_loss=18.1171 | train_acc=0.9516 | test_loss=3.3560 | test_acc=0.8881
Epoch 046/300 | train_loss=52.0631 | train_acc=0.8656 | test_loss=8.8851 | test_acc=0.5542
Epoch 295/300 | train_loss=17.5563 | train_acc=0.9537 | test_loss=3.3614 | test_acc=0.9039
Epoch 047/300 | train_loss=51.3616 | train_acc=0.8690 | test_loss=8.7306 | test_acc=0.5603
Epoch 283/300 | train_loss=18.0766 | train_acc=0.9512 | test_loss=3.3298 | test_acc=0.8811
Epoch 296/300 | train_loss=17.5054 | train_acc=0.9534 | test_loss=3.3316 | test_acc=0.9077
Epoch 048/300 | train_loss=50.6619 | train_acc=0.8694 | test_loss=8.6393 | test_acc=0.5701
Epoch 284/300 | train_loss=18.0826 | train_acc=0.9520 | test_loss=3.4042 | test_acc=0.8721
Epoch 297/300 | train_loss=17.6147 | train_acc=0.9537 | test_loss=3.3671 | test_acc=0.9048
Epoch 049/300 | train_loss=49.8236 | train_acc=0.8718 | test_loss=8.5390 | test_acc=0.6252
Epoch 298/300 | train_loss=17.7761 | train_acc=0.9528 | test_loss=3.4797 | test_acc=0.9036
Epoch 285/300 | train_loss=18.0870 | train_acc=0.9520 | test_loss=3.4883 | test_acc=0.8968
Epoch 050/300 | train_loss=49.2676 | train_acc=0.8723 | test_loss=8.7493 | test_acc=0.5885
Epoch 299/300 | train_loss=17.5914 | train_acc=0.9534 | test_loss=3.4722 | test_acc=0.9106
Epoch 051/300 | train_loss=48.5705 | train_acc=0.8760 | test_loss=8.2392 | test_acc=0.5750
Epoch 286/300 | train_loss=17.9486 | train_acc=0.9526 | test_loss=3.4847 | test_acc=0.8861
Epoch 052/300 | train_loss=47.7991 | train_acc=0.8760 | test_loss=8.0815 | test_acc=0.6146
Epoch 287/300 | train_loss=18.1052 | train_acc=0.9523 | test_loss=3.4493 | test_acc=0.8882
Epoch 300/300 | train_loss=17.4848 | train_acc=0.9532 | test_loss=3.3002 | test_acc=0.9115
Epoch 288/300 | train_loss=18.0151 | train_acc=0.9519 | test_loss=3.4604 | test_acc=0.8781
Completed bio_trainable run 3 on cuda:6 | test_acc=0.9115
Epoch 053/300 | train_loss=47.2418 | train_acc=0.8787 | test_loss=8.0534 | test_acc=0.6029
Started bio_frozen run 1 | seed=1234 | device=cuda:6 | trainable_params=21514 | total_params=24212
Epoch 289/300 | train_loss=18.0309 | train_acc=0.9516 | test_loss=3.5183 | test_acc=0.8901
Epoch 054/300 | train_loss=46.6937 | train_acc=0.8790 | test_loss=7.9042 | test_acc=0.6407
Epoch 290/300 | train_loss=17.9150 | train_acc=0.9528 | test_loss=3.3592 | test_acc=0.8765
Epoch 055/300 | train_loss=46.1783 | train_acc=0.8813 | test_loss=7.8550 | test_acc=0.6507
Epoch 001/300 | train_loss=265.7100 | train_acc=0.2180 | test_loss=43.9112 | test_acc=0.3499
Epoch 291/300 | train_loss=17.7864 | train_acc=0.9531 | test_loss=3.3028 | test_acc=0.8974
Epoch 056/300 | train_loss=45.6807 | train_acc=0.8836 | test_loss=7.7242 | test_acc=0.6352
Epoch 002/300 | train_loss=251.4283 | train_acc=0.3573 | test_loss=41.1561 | test_acc=0.3592
Epoch 292/300 | train_loss=17.8716 | train_acc=0.9525 | test_loss=3.3458 | test_acc=0.8817
Epoch 057/300 | train_loss=45.0337 | train_acc=0.8838 | test_loss=7.7167 | test_acc=0.6497
Epoch 003/300 | train_loss=235.5108 | train_acc=0.3891 | test_loss=38.5063 | test_acc=0.3705
Epoch 293/300 | train_loss=17.8441 | train_acc=0.9527 | test_loss=3.3754 | test_acc=0.8968
Epoch 058/300 | train_loss=44.8054 | train_acc=0.8850 | test_loss=7.5943 | test_acc=0.6676
Epoch 004/300 | train_loss=221.9112 | train_acc=0.4194 | test_loss=36.4111 | test_acc=0.3626
Epoch 294/300 | train_loss=17.8365 | train_acc=0.9523 | test_loss=3.3082 | test_acc=0.8784
Epoch 059/300 | train_loss=44.0896 | train_acc=0.8855 | test_loss=7.4905 | test_acc=0.6655
Epoch 005/300 | train_loss=211.2581 | train_acc=0.4384 | test_loss=34.7824 | test_acc=0.3655
Epoch 295/300 | train_loss=17.6128 | train_acc=0.9534 | test_loss=3.5885 | test_acc=0.8795
Epoch 060/300 | train_loss=43.4737 | train_acc=0.8881 | test_loss=7.4805 | test_acc=0.6714
Epoch 006/300 | train_loss=202.6200 | train_acc=0.4573 | test_loss=33.4358 | test_acc=0.3708
Epoch 061/300 | train_loss=42.9766 | train_acc=0.8890 | test_loss=7.3370 | test_acc=0.6666
Epoch 296/300 | train_loss=17.6446 | train_acc=0.9529 | test_loss=3.4034 | test_acc=0.8935
Epoch 062/300 | train_loss=42.6368 | train_acc=0.8913 | test_loss=7.2476 | test_acc=0.6749
Epoch 007/300 | train_loss=195.1496 | train_acc=0.4745 | test_loss=32.2063 | test_acc=0.3794
Epoch 297/300 | train_loss=17.4677 | train_acc=0.9534 | test_loss=3.3194 | test_acc=0.8917
Epoch 063/300 | train_loss=42.0962 | train_acc=0.8917 | test_loss=7.1453 | test_acc=0.6499
Epoch 008/300 | train_loss=188.4291 | train_acc=0.4918 | test_loss=31.1689 | test_acc=0.3832
Epoch 064/300 | train_loss=42.0573 | train_acc=0.8911 | test_loss=7.1317 | test_acc=0.6998
Epoch 298/300 | train_loss=17.7056 | train_acc=0.9527 | test_loss=3.4330 | test_acc=0.8913
Epoch 009/300 | train_loss=182.9012 | train_acc=0.5070 | test_loss=30.2685 | test_acc=0.3824
Epoch 065/300 | train_loss=41.3326 | train_acc=0.8934 | test_loss=7.1769 | test_acc=0.6588
Epoch 299/300 | train_loss=17.5604 | train_acc=0.9532 | test_loss=3.3566 | test_acc=0.8740
Epoch 010/300 | train_loss=177.9055 | train_acc=0.5216 | test_loss=29.5168 | test_acc=0.3934
Epoch 066/300 | train_loss=41.0401 | train_acc=0.8944 | test_loss=7.1468 | test_acc=0.7037
Epoch 011/300 | train_loss=173.4908 | train_acc=0.5347 | test_loss=28.7585 | test_acc=0.3905
Epoch 300/300 | train_loss=17.4453 | train_acc=0.9534 | test_loss=3.5132 | test_acc=0.8763
Epoch 067/300 | train_loss=40.5019 | train_acc=0.8957 | test_loss=6.9114 | test_acc=0.6667
Epoch 012/300 | train_loss=169.4109 | train_acc=0.5472 | test_loss=28.0827 | test_acc=0.3900
Completed bio_trainable run 4 on cuda:7 | test_acc=0.8763
Started bio_frozen run 2 | seed=1235 | device=cuda:7 | trainable_params=21514 | total_params=24212
Epoch 068/300 | train_loss=40.1200 | train_acc=0.8975 | test_loss=6.8862 | test_acc=0.7336
Epoch 013/300 | train_loss=165.5856 | train_acc=0.5577 | test_loss=27.4376 | test_acc=0.3989
Epoch 069/300 | train_loss=39.7110 | train_acc=0.8977 | test_loss=6.7808 | test_acc=0.7136
Epoch 014/300 | train_loss=161.6740 | train_acc=0.5683 | test_loss=26.8256 | test_acc=0.4011
Epoch 070/300 | train_loss=39.3860 | train_acc=0.8976 | test_loss=6.8009 | test_acc=0.7489
Epoch 001/300 | train_loss=266.0408 | train_acc=0.1932 | test_loss=44.0637 | test_acc=0.2996
Epoch 015/300 | train_loss=158.3507 | train_acc=0.5775 | test_loss=26.2316 | test_acc=0.4022
Epoch 071/300 | train_loss=39.2196 | train_acc=0.8994 | test_loss=6.8149 | test_acc=0.7103
Epoch 002/300 | train_loss=253.2340 | train_acc=0.3185 | test_loss=41.7338 | test_acc=0.3401
Epoch 016/300 | train_loss=154.7427 | train_acc=0.5881 | test_loss=25.6793 | test_acc=0.4045
Epoch 072/300 | train_loss=38.8584 | train_acc=0.9004 | test_loss=6.6506 | test_acc=0.7359
Epoch 003/300 | train_loss=239.8315 | train_acc=0.3636 | test_loss=39.5852 | test_acc=0.3451
Epoch 073/300 | train_loss=38.3217 | train_acc=0.9016 | test_loss=6.6193 | test_acc=0.7401
Epoch 017/300 | train_loss=151.5833 | train_acc=0.5961 | test_loss=25.1639 | test_acc=0.4079
Epoch 004/300 | train_loss=229.0812 | train_acc=0.3856 | test_loss=37.9340 | test_acc=0.3609
Epoch 074/300 | train_loss=37.8020 | train_acc=0.9021 | test_loss=6.4589 | test_acc=0.7237
Epoch 018/300 | train_loss=148.5263 | train_acc=0.6061 | test_loss=24.6317 | test_acc=0.4128
Epoch 005/300 | train_loss=220.2079 | train_acc=0.4067 | test_loss=36.5585 | test_acc=0.3712
Epoch 075/300 | train_loss=37.6620 | train_acc=0.9020 | test_loss=6.4719 | test_acc=0.7241
Epoch 019/300 | train_loss=145.3426 | train_acc=0.6146 | test_loss=24.1082 | test_acc=0.4165
Epoch 076/300 | train_loss=37.4672 | train_acc=0.9029 | test_loss=6.5116 | test_acc=0.7182
Epoch 006/300 | train_loss=212.9742 | train_acc=0.4232 | test_loss=35.3939 | test_acc=0.3784
Epoch 020/300 | train_loss=142.3419 | train_acc=0.6237 | test_loss=23.6496 | test_acc=0.4178
Epoch 077/300 | train_loss=37.1221 | train_acc=0.9032 | test_loss=6.3621 | test_acc=0.7421
Epoch 007/300 | train_loss=206.7520 | train_acc=0.4388 | test_loss=34.3746 | test_acc=0.3788
Epoch 021/300 | train_loss=139.5775 | train_acc=0.6317 | test_loss=23.1796 | test_acc=0.4173
Epoch 078/300 | train_loss=36.7477 | train_acc=0.9050 | test_loss=6.3213 | test_acc=0.7476
Epoch 008/300 | train_loss=201.0474 | train_acc=0.4532 | test_loss=33.4615 | test_acc=0.3927
Epoch 022/300 | train_loss=137.0679 | train_acc=0.6394 | test_loss=22.7656 | test_acc=0.4182
Epoch 079/300 | train_loss=36.6496 | train_acc=0.9058 | test_loss=6.3452 | test_acc=0.7859
Epoch 009/300 | train_loss=195.9525 | train_acc=0.4693 | test_loss=32.5932 | test_acc=0.3989
Epoch 023/300 | train_loss=134.4840 | train_acc=0.6460 | test_loss=22.3514 | test_acc=0.4264
Epoch 080/300 | train_loss=36.3581 | train_acc=0.9063 | test_loss=6.2856 | test_acc=0.7156
Epoch 010/300 | train_loss=190.9124 | train_acc=0.4829 | test_loss=31.7602 | test_acc=0.4089
Epoch 081/300 | train_loss=36.0491 | train_acc=0.9069 | test_loss=6.1409 | test_acc=0.7565
Epoch 024/300 | train_loss=132.3052 | train_acc=0.6536 | test_loss=21.9635 | test_acc=0.4236
Epoch 011/300 | train_loss=186.1166 | train_acc=0.4983 | test_loss=30.9847 | test_acc=0.4080
Epoch 082/300 | train_loss=35.5646 | train_acc=0.9080 | test_loss=6.1645 | test_acc=0.7364
Epoch 025/300 | train_loss=129.8975 | train_acc=0.6600 | test_loss=21.6010 | test_acc=0.4359
Epoch 012/300 | train_loss=181.8674 | train_acc=0.5113 | test_loss=30.3057 | test_acc=0.4053
Epoch 083/300 | train_loss=35.5896 | train_acc=0.9080 | test_loss=6.1019 | test_acc=0.7710
Epoch 084/300 | train_loss=35.3014 | train_acc=0.9086 | test_loss=6.0826 | test_acc=0.7760
Epoch 013/300 | train_loss=177.9419 | train_acc=0.5232 | test_loss=29.6756 | test_acc=0.4089
Epoch 026/300 | train_loss=127.4205 | train_acc=0.6672 | test_loss=21.1277 | test_acc=0.4402
Epoch 085/300 | train_loss=35.0076 | train_acc=0.9090 | test_loss=6.0587 | test_acc=0.7411
Epoch 014/300 | train_loss=174.1691 | train_acc=0.5345 | test_loss=29.0491 | test_acc=0.4183
Epoch 027/300 | train_loss=124.4753 | train_acc=0.6757 | test_loss=20.6379 | test_acc=0.4441
Epoch 086/300 | train_loss=34.5298 | train_acc=0.9098 | test_loss=6.0970 | test_acc=0.7590
Epoch 028/300 | train_loss=121.8492 | train_acc=0.6827 | test_loss=20.2359 | test_acc=0.4517
Epoch 015/300 | train_loss=170.5520 | train_acc=0.5453 | test_loss=28.4764 | test_acc=0.4202
Epoch 087/300 | train_loss=34.2986 | train_acc=0.9107 | test_loss=5.9218 | test_acc=0.7791
Epoch 029/300 | train_loss=119.5692 | train_acc=0.6889 | test_loss=19.8785 | test_acc=0.4470
Epoch 016/300 | train_loss=167.2322 | train_acc=0.5541 | test_loss=27.9047 | test_acc=0.4255
Epoch 088/300 | train_loss=34.2294 | train_acc=0.9112 | test_loss=5.8036 | test_acc=0.7802
Epoch 017/300 | train_loss=163.9205 | train_acc=0.5634 | test_loss=27.3638 | test_acc=0.4347
Epoch 030/300 | train_loss=117.6256 | train_acc=0.6945 | test_loss=19.5637 | test_acc=0.4500
Epoch 089/300 | train_loss=33.9717 | train_acc=0.9117 | test_loss=5.7788 | test_acc=0.7867
Epoch 018/300 | train_loss=160.9488 | train_acc=0.5720 | test_loss=26.8599 | test_acc=0.4337
Epoch 031/300 | train_loss=115.7146 | train_acc=0.7006 | test_loss=19.2634 | test_acc=0.4581
Epoch 090/300 | train_loss=33.9692 | train_acc=0.9111 | test_loss=5.8661 | test_acc=0.7866
Epoch 019/300 | train_loss=157.9130 | train_acc=0.5809 | test_loss=26.3621 | test_acc=0.4464
Epoch 032/300 | train_loss=113.9480 | train_acc=0.7049 | test_loss=18.9826 | test_acc=0.4573
Epoch 091/300 | train_loss=33.6389 | train_acc=0.9127 | test_loss=5.7771 | test_acc=0.7910
Epoch 020/300 | train_loss=154.9015 | train_acc=0.5889 | test_loss=25.8878 | test_acc=0.4395
Epoch 092/300 | train_loss=33.3684 | train_acc=0.9133 | test_loss=5.7097 | test_acc=0.7658
Epoch 033/300 | train_loss=112.3765 | train_acc=0.7088 | test_loss=18.7032 | test_acc=0.4525
Epoch 021/300 | train_loss=152.2695 | train_acc=0.5957 | test_loss=25.4437 | test_acc=0.4405
Epoch 093/300 | train_loss=33.2954 | train_acc=0.9136 | test_loss=5.6306 | test_acc=0.7739
Epoch 034/300 | train_loss=110.6742 | train_acc=0.7129 | test_loss=18.4507 | test_acc=0.4567
Epoch 022/300 | train_loss=149.6914 | train_acc=0.6028 | test_loss=24.9966 | test_acc=0.4493
Epoch 094/300 | train_loss=32.9404 | train_acc=0.9151 | test_loss=5.7980 | test_acc=0.7183
Epoch 035/300 | train_loss=109.3138 | train_acc=0.7170 | test_loss=18.2049 | test_acc=0.4602
Epoch 023/300 | train_loss=147.1384 | train_acc=0.6101 | test_loss=24.5889 | test_acc=0.4516
Epoch 095/300 | train_loss=32.7286 | train_acc=0.9159 | test_loss=5.6521 | test_acc=0.7749
Epoch 036/300 | train_loss=107.8664 | train_acc=0.7205 | test_loss=17.9876 | test_acc=0.4658
Epoch 096/300 | train_loss=32.4943 | train_acc=0.9152 | test_loss=5.5335 | test_acc=0.8026
Epoch 024/300 | train_loss=144.7792 | train_acc=0.6159 | test_loss=24.1988 | test_acc=0.4615
Epoch 037/300 | train_loss=106.4454 | train_acc=0.7248 | test_loss=17.7386 | test_acc=0.4603
Epoch 097/300 | train_loss=32.1786 | train_acc=0.9164 | test_loss=5.5417 | test_acc=0.7968
Epoch 025/300 | train_loss=142.4034 | train_acc=0.6224 | test_loss=23.8294 | test_acc=0.4683
Epoch 038/300 | train_loss=105.0611 | train_acc=0.7280 | test_loss=17.5198 | test_acc=0.4589
Epoch 098/300 | train_loss=32.1582 | train_acc=0.9153 | test_loss=5.6655 | test_acc=0.8202
Epoch 026/300 | train_loss=140.2294 | train_acc=0.6286 | test_loss=23.4569 | test_acc=0.4679
Epoch 039/300 | train_loss=103.9240 | train_acc=0.7311 | test_loss=17.3164 | test_acc=0.4599
Epoch 099/300 | train_loss=31.8325 | train_acc=0.9175 | test_loss=5.6639 | test_acc=0.7963
Epoch 027/300 | train_loss=138.1342 | train_acc=0.6334 | test_loss=23.1108 | test_acc=0.4681
Epoch 040/300 | train_loss=102.6401 | train_acc=0.7339 | test_loss=17.1354 | test_acc=0.4575
Epoch 100/300 | train_loss=32.0155 | train_acc=0.9166 | test_loss=5.6150 | test_acc=0.7770
Epoch 028/300 | train_loss=136.2238 | train_acc=0.6393 | test_loss=22.7805 | test_acc=0.4650
Epoch 101/300 | train_loss=31.6702 | train_acc=0.9180 | test_loss=5.4716 | test_acc=0.7932
Epoch 041/300 | train_loss=101.4277 | train_acc=0.7373 | test_loss=16.9286 | test_acc=0.4628
Epoch 102/300 | train_loss=31.3851 | train_acc=0.9187 | test_loss=5.4101 | test_acc=0.7866
Epoch 029/300 | train_loss=134.2178 | train_acc=0.6440 | test_loss=22.4720 | test_acc=0.4725
Epoch 042/300 | train_loss=100.1943 | train_acc=0.7405 | test_loss=16.7474 | test_acc=0.4590
Epoch 103/300 | train_loss=31.2489 | train_acc=0.9183 | test_loss=5.4341 | test_acc=0.7950
Epoch 043/300 | train_loss=99.1306 | train_acc=0.7438 | test_loss=16.5742 | test_acc=0.4605
Epoch 030/300 | train_loss=132.2957 | train_acc=0.6488 | test_loss=22.1481 | test_acc=0.4685
Epoch 104/300 | train_loss=31.0670 | train_acc=0.9199 | test_loss=5.5275 | test_acc=0.7959
Epoch 044/300 | train_loss=98.1503 | train_acc=0.7455 | test_loss=16.4163 | test_acc=0.4551
Epoch 031/300 | train_loss=130.5854 | train_acc=0.6542 | test_loss=21.8685 | test_acc=0.4679
Epoch 105/300 | train_loss=30.9196 | train_acc=0.9197 | test_loss=5.5055 | test_acc=0.8268
Epoch 045/300 | train_loss=97.0029 | train_acc=0.7486 | test_loss=16.2464 | test_acc=0.4620
Epoch 032/300 | train_loss=128.7283 | train_acc=0.6581 | test_loss=21.5630 | test_acc=0.4712
Epoch 106/300 | train_loss=30.7934 | train_acc=0.9197 | test_loss=5.3611 | test_acc=0.7999
Epoch 033/300 | train_loss=127.1664 | train_acc=0.6632 | test_loss=21.2894 | test_acc=0.4779
Epoch 046/300 | train_loss=96.1224 | train_acc=0.7505 | test_loss=16.0747 | test_acc=0.4580
Epoch 107/300 | train_loss=30.5496 | train_acc=0.9203 | test_loss=5.2687 | test_acc=0.8081
Epoch 034/300 | train_loss=125.4530 | train_acc=0.6674 | test_loss=21.0204 | test_acc=0.4753
Epoch 047/300 | train_loss=95.0565 | train_acc=0.7533 | test_loss=15.9122 | test_acc=0.4670
Epoch 108/300 | train_loss=30.1645 | train_acc=0.9221 | test_loss=5.3566 | test_acc=0.8260
Epoch 035/300 | train_loss=123.8975 | train_acc=0.6716 | test_loss=20.7725 | test_acc=0.4756
Epoch 048/300 | train_loss=94.2736 | train_acc=0.7557 | test_loss=15.7695 | test_acc=0.4574
Epoch 109/300 | train_loss=30.1302 | train_acc=0.9219 | test_loss=5.1907 | test_acc=0.8134
Epoch 049/300 | train_loss=93.3032 | train_acc=0.7573 | test_loss=15.6159 | test_acc=0.4636
Epoch 036/300 | train_loss=122.5045 | train_acc=0.6752 | test_loss=20.5220 | test_acc=0.4788
Epoch 110/300 | train_loss=29.9673 | train_acc=0.9227 | test_loss=5.3272 | test_acc=0.8432
Epoch 050/300 | train_loss=92.3512 | train_acc=0.7600 | test_loss=15.4720 | test_acc=0.4673
Epoch 111/300 | train_loss=30.1765 | train_acc=0.9213 | test_loss=5.2573 | test_acc=0.8361
Epoch 037/300 | train_loss=121.0406 | train_acc=0.6799 | test_loss=20.2765 | test_acc=0.4800
Epoch 051/300 | train_loss=91.5237 | train_acc=0.7619 | test_loss=15.3546 | test_acc=0.4638
Epoch 112/300 | train_loss=29.9627 | train_acc=0.9221 | test_loss=5.2378 | test_acc=0.7902
Epoch 038/300 | train_loss=119.6876 | train_acc=0.6828 | test_loss=20.0645 | test_acc=0.4852
Epoch 052/300 | train_loss=90.7155 | train_acc=0.7634 | test_loss=15.2340 | test_acc=0.4693
Epoch 113/300 | train_loss=29.5704 | train_acc=0.9230 | test_loss=5.1855 | test_acc=0.8158
Epoch 053/300 | train_loss=89.9107 | train_acc=0.7654 | test_loss=15.0951 | test_acc=0.4691
Epoch 039/300 | train_loss=118.2623 | train_acc=0.6862 | test_loss=19.8348 | test_acc=0.4817
Epoch 114/300 | train_loss=29.6132 | train_acc=0.9230 | test_loss=5.1287 | test_acc=0.8188
Epoch 054/300 | train_loss=89.2759 | train_acc=0.7676 | test_loss=14.9701 | test_acc=0.4721
Epoch 040/300 | train_loss=117.0248 | train_acc=0.6903 | test_loss=19.6137 | test_acc=0.4796
Epoch 115/300 | train_loss=29.2916 | train_acc=0.9242 | test_loss=5.1677 | test_acc=0.8102
Epoch 055/300 | train_loss=88.4530 | train_acc=0.7693 | test_loss=14.8360 | test_acc=0.4680
Epoch 116/300 | train_loss=29.1486 | train_acc=0.9239 | test_loss=5.0367 | test_acc=0.8277
Epoch 041/300 | train_loss=115.6461 | train_acc=0.6929 | test_loss=19.4094 | test_acc=0.4929
Epoch 056/300 | train_loss=87.6861 | train_acc=0.7708 | test_loss=14.7145 | test_acc=0.4691
Epoch 117/300 | train_loss=29.0570 | train_acc=0.9243 | test_loss=5.0198 | test_acc=0.8265
Epoch 042/300 | train_loss=114.5151 | train_acc=0.6969 | test_loss=19.2135 | test_acc=0.4854
Epoch 057/300 | train_loss=86.9657 | train_acc=0.7725 | test_loss=14.6085 | test_acc=0.4710
Epoch 118/300 | train_loss=28.9002 | train_acc=0.9244 | test_loss=4.9835 | test_acc=0.8230
Epoch 043/300 | train_loss=113.2122 | train_acc=0.6988 | test_loss=19.0077 | test_acc=0.4867
Epoch 058/300 | train_loss=86.4501 | train_acc=0.7738 | test_loss=14.4938 | test_acc=0.4734
Epoch 119/300 | train_loss=28.8818 | train_acc=0.9244 | test_loss=5.0327 | test_acc=0.8508
Epoch 044/300 | train_loss=112.2259 | train_acc=0.7032 | test_loss=18.8263 | test_acc=0.4853
Epoch 120/300 | train_loss=28.7169 | train_acc=0.9254 | test_loss=5.0247 | test_acc=0.8434
Epoch 059/300 | train_loss=85.7293 | train_acc=0.7758 | test_loss=14.3856 | test_acc=0.4719
Epoch 045/300 | train_loss=111.2182 | train_acc=0.7059 | test_loss=18.6416 | test_acc=0.4906
Epoch 121/300 | train_loss=28.7668 | train_acc=0.9254 | test_loss=5.0881 | test_acc=0.8518
Epoch 046/300 | train_loss=109.9302 | train_acc=0.7091 | test_loss=18.4629 | test_acc=0.4914
Epoch 060/300 | train_loss=85.3490 | train_acc=0.7774 | test_loss=14.2832 | test_acc=0.4699
Epoch 122/300 | train_loss=28.3712 | train_acc=0.9264 | test_loss=5.0102 | test_acc=0.8391
Epoch 047/300 | train_loss=109.0842 | train_acc=0.7115 | test_loss=18.2944 | test_acc=0.4891
Epoch 061/300 | train_loss=84.4432 | train_acc=0.7788 | test_loss=14.1886 | test_acc=0.4684
Epoch 123/300 | train_loss=28.2023 | train_acc=0.9270 | test_loss=4.9966 | test_acc=0.8456
Epoch 048/300 | train_loss=107.9331 | train_acc=0.7139 | test_loss=18.1315 | test_acc=0.4918
Epoch 062/300 | train_loss=83.9131 | train_acc=0.7800 | test_loss=14.0937 | test_acc=0.4712
Epoch 124/300 | train_loss=28.3294 | train_acc=0.9256 | test_loss=4.8675 | test_acc=0.8381
Epoch 049/300 | train_loss=107.0128 | train_acc=0.7167 | test_loss=17.9809 | test_acc=0.4906
Epoch 063/300 | train_loss=83.2569 | train_acc=0.7807 | test_loss=14.0162 | test_acc=0.4643
Epoch 125/300 | train_loss=27.8920 | train_acc=0.9276 | test_loss=4.8958 | test_acc=0.8407
Epoch 050/300 | train_loss=106.0878 | train_acc=0.7196 | test_loss=17.8257 | test_acc=0.4875
Epoch 064/300 | train_loss=82.7701 | train_acc=0.7824 | test_loss=13.9129 | test_acc=0.4724
Epoch 126/300 | train_loss=27.6839 | train_acc=0.9284 | test_loss=4.8178 | test_acc=0.8307
Epoch 051/300 | train_loss=105.0754 | train_acc=0.7216 | test_loss=17.6629 | test_acc=0.4923
Epoch 065/300 | train_loss=82.1517 | train_acc=0.7838 | test_loss=13.8184 | test_acc=0.4769
Epoch 127/300 | train_loss=27.5118 | train_acc=0.9284 | test_loss=4.8343 | test_acc=0.8452
Epoch 052/300 | train_loss=104.2961 | train_acc=0.7240 | test_loss=17.5287 | test_acc=0.4884
Epoch 128/300 | train_loss=27.4883 | train_acc=0.9289 | test_loss=4.8826 | test_acc=0.8427
Epoch 066/300 | train_loss=81.5753 | train_acc=0.7851 | test_loss=13.7196 | test_acc=0.4678
Epoch 129/300 | train_loss=27.5066 | train_acc=0.9282 | test_loss=4.9191 | test_acc=0.8535
Epoch 053/300 | train_loss=103.3401 | train_acc=0.7259 | test_loss=17.3648 | test_acc=0.4968
Epoch 067/300 | train_loss=81.1283 | train_acc=0.7865 | test_loss=13.6402 | test_acc=0.4654
Epoch 130/300 | train_loss=27.4304 | train_acc=0.9291 | test_loss=4.7604 | test_acc=0.8403
Epoch 054/300 | train_loss=102.5084 | train_acc=0.7284 | test_loss=17.2423 | test_acc=0.5000
Epoch 068/300 | train_loss=80.6547 | train_acc=0.7873 | test_loss=13.5484 | test_acc=0.4694
Epoch 131/300 | train_loss=27.2038 | train_acc=0.9280 | test_loss=4.8171 | test_acc=0.8393
Epoch 055/300 | train_loss=101.7033 | train_acc=0.7300 | test_loss=17.0896 | test_acc=0.4944
Epoch 069/300 | train_loss=80.0351 | train_acc=0.7886 | test_loss=13.4637 | test_acc=0.4724
Epoch 132/300 | train_loss=27.4386 | train_acc=0.9287 | test_loss=4.8120 | test_acc=0.8393
Epoch 070/300 | train_loss=79.6140 | train_acc=0.7898 | test_loss=13.3792 | test_acc=0.4736
Epoch 056/300 | train_loss=100.8666 | train_acc=0.7335 | test_loss=16.9730 | test_acc=0.4931
Epoch 133/300 | train_loss=27.0883 | train_acc=0.9293 | test_loss=4.7138 | test_acc=0.8461
Epoch 057/300 | train_loss=100.1827 | train_acc=0.7351 | test_loss=16.8455 | test_acc=0.4910
Epoch 071/300 | train_loss=79.0455 | train_acc=0.7909 | test_loss=13.3165 | test_acc=0.4737
Epoch 134/300 | train_loss=26.9611 | train_acc=0.9298 | test_loss=4.8248 | test_acc=0.8497
Epoch 058/300 | train_loss=99.4012 | train_acc=0.7368 | test_loss=16.7242 | test_acc=0.4958
Epoch 072/300 | train_loss=78.5508 | train_acc=0.7919 | test_loss=13.2338 | test_acc=0.4721
Epoch 135/300 | train_loss=26.8445 | train_acc=0.9304 | test_loss=4.7280 | test_acc=0.8365
Epoch 073/300 | train_loss=77.9943 | train_acc=0.7931 | test_loss=13.1606 | test_acc=0.4769
Epoch 136/300 | train_loss=26.6586 | train_acc=0.9314 | test_loss=4.6007 | test_acc=0.8399
Epoch 059/300 | train_loss=98.7658 | train_acc=0.7383 | test_loss=16.6118 | test_acc=0.4891
Epoch 137/300 | train_loss=26.5090 | train_acc=0.9308 | test_loss=4.7101 | test_acc=0.8515
Epoch 060/300 | train_loss=97.9089 | train_acc=0.7406 | test_loss=16.4879 | test_acc=0.4895
Epoch 074/300 | train_loss=77.7310 | train_acc=0.7945 | test_loss=13.0984 | test_acc=0.4821
Epoch 138/300 | train_loss=26.6558 | train_acc=0.9311 | test_loss=4.6358 | test_acc=0.8290
Epoch 061/300 | train_loss=97.2771 | train_acc=0.7422 | test_loss=16.3872 | test_acc=0.4921
Epoch 075/300 | train_loss=77.1517 | train_acc=0.7957 | test_loss=13.0075 | test_acc=0.4773
Epoch 139/300 | train_loss=26.5123 | train_acc=0.9312 | test_loss=4.7272 | test_acc=0.8650
Epoch 062/300 | train_loss=96.6634 | train_acc=0.7441 | test_loss=16.2719 | test_acc=0.4901
Epoch 076/300 | train_loss=76.7970 | train_acc=0.7964 | test_loss=12.9367 | test_acc=0.4757
Epoch 140/300 | train_loss=26.2510 | train_acc=0.9316 | test_loss=4.5580 | test_acc=0.8398
Epoch 063/300 | train_loss=95.8147 | train_acc=0.7453 | test_loss=16.1563 | test_acc=0.4979
Epoch 141/300 | train_loss=26.2769 | train_acc=0.9310 | test_loss=4.6285 | test_acc=0.8236
Epoch 077/300 | train_loss=76.4195 | train_acc=0.7974 | test_loss=12.8713 | test_acc=0.4759
Epoch 064/300 | train_loss=95.3383 | train_acc=0.7476 | test_loss=16.0564 | test_acc=0.4923
Epoch 142/300 | train_loss=26.2767 | train_acc=0.9314 | test_loss=4.5732 | test_acc=0.8660
Epoch 078/300 | train_loss=75.9440 | train_acc=0.7986 | test_loss=12.8174 | test_acc=0.4786
Epoch 143/300 | train_loss=25.9089 | train_acc=0.9323 | test_loss=4.5595 | test_acc=0.8454
Epoch 065/300 | train_loss=94.7829 | train_acc=0.7495 | test_loss=15.9526 | test_acc=0.4998
Epoch 079/300 | train_loss=75.5132 | train_acc=0.7995 | test_loss=12.7632 | test_acc=0.4804
Epoch 144/300 | train_loss=25.7300 | train_acc=0.9325 | test_loss=4.6823 | test_acc=0.8682
Epoch 066/300 | train_loss=94.0371 | train_acc=0.7505 | test_loss=15.8599 | test_acc=0.4963
Epoch 080/300 | train_loss=75.1478 | train_acc=0.8006 | test_loss=12.6979 | test_acc=0.4825
Epoch 145/300 | train_loss=25.7787 | train_acc=0.9322 | test_loss=4.5597 | test_acc=0.8584
Epoch 067/300 | train_loss=93.3869 | train_acc=0.7524 | test_loss=15.7275 | test_acc=0.4985
Epoch 081/300 | train_loss=74.6813 | train_acc=0.8015 | test_loss=12.6178 | test_acc=0.4801
Epoch 146/300 | train_loss=25.9474 | train_acc=0.9328 | test_loss=4.5445 | test_acc=0.8572
Epoch 068/300 | train_loss=92.6123 | train_acc=0.7540 | test_loss=15.6453 | test_acc=0.4991
Epoch 082/300 | train_loss=74.3335 | train_acc=0.8021 | test_loss=12.5748 | test_acc=0.4736
Epoch 147/300 | train_loss=25.9036 | train_acc=0.9323 | test_loss=4.5625 | test_acc=0.8717
Epoch 148/300 | train_loss=25.5963 | train_acc=0.9338 | test_loss=4.6295 | test_acc=0.8533
Epoch 069/300 | train_loss=92.1968 | train_acc=0.7563 | test_loss=15.5440 | test_acc=0.4895
Epoch 083/300 | train_loss=74.0633 | train_acc=0.8023 | test_loss=12.5071 | test_acc=0.4841
Epoch 149/300 | train_loss=25.5215 | train_acc=0.9340 | test_loss=4.5111 | test_acc=0.8640
Epoch 070/300 | train_loss=91.5126 | train_acc=0.7572 | test_loss=15.4385 | test_acc=0.4949
Epoch 084/300 | train_loss=73.6379 | train_acc=0.8041 | test_loss=12.4506 | test_acc=0.4830
Epoch 150/300 | train_loss=25.6727 | train_acc=0.9331 | test_loss=4.4590 | test_acc=0.8539
Epoch 071/300 | train_loss=91.0545 | train_acc=0.7583 | test_loss=15.3522 | test_acc=0.4945
Epoch 085/300 | train_loss=73.2969 | train_acc=0.8043 | test_loss=12.3919 | test_acc=0.4892
Epoch 151/300 | train_loss=25.4072 | train_acc=0.9335 | test_loss=4.5091 | test_acc=0.8461
Epoch 072/300 | train_loss=90.4215 | train_acc=0.7602 | test_loss=15.2711 | test_acc=0.4977
Epoch 152/300 | train_loss=25.1695 | train_acc=0.9345 | test_loss=4.5361 | test_acc=0.8650
Epoch 086/300 | train_loss=72.9392 | train_acc=0.8056 | test_loss=12.3331 | test_acc=0.4815
Epoch 073/300 | train_loss=89.7800 | train_acc=0.7616 | test_loss=15.1732 | test_acc=0.4948
Epoch 153/300 | train_loss=25.1893 | train_acc=0.9345 | test_loss=4.4966 | test_acc=0.8488
Epoch 087/300 | train_loss=72.5922 | train_acc=0.8062 | test_loss=12.2866 | test_acc=0.4867
Epoch 074/300 | train_loss=89.2086 | train_acc=0.7627 | test_loss=15.0923 | test_acc=0.4925
Epoch 154/300 | train_loss=25.1487 | train_acc=0.9342 | test_loss=4.4503 | test_acc=0.8613
Epoch 075/300 | train_loss=88.6651 | train_acc=0.7639 | test_loss=15.0095 | test_acc=0.4929
Epoch 088/300 | train_loss=72.2326 | train_acc=0.8079 | test_loss=12.2320 | test_acc=0.4831
Epoch 155/300 | train_loss=24.9429 | train_acc=0.9348 | test_loss=4.4057 | test_acc=0.8610
Epoch 076/300 | train_loss=88.1950 | train_acc=0.7651 | test_loss=14.9193 | test_acc=0.5002
Epoch 089/300 | train_loss=71.9627 | train_acc=0.8081 | test_loss=12.1904 | test_acc=0.4895
Epoch 156/300 | train_loss=25.2178 | train_acc=0.9340 | test_loss=4.5310 | test_acc=0.8476
Epoch 077/300 | train_loss=87.6039 | train_acc=0.7663 | test_loss=14.8448 | test_acc=0.4979
Epoch 157/300 | train_loss=24.8306 | train_acc=0.9354 | test_loss=4.4238 | test_acc=0.8525
Epoch 090/300 | train_loss=71.7044 | train_acc=0.8085 | test_loss=12.1204 | test_acc=0.4813
Epoch 078/300 | train_loss=87.2874 | train_acc=0.7681 | test_loss=14.7616 | test_acc=0.5017
Epoch 158/300 | train_loss=24.8283 | train_acc=0.9356 | test_loss=4.3324 | test_acc=0.8630
Epoch 091/300 | train_loss=71.2943 | train_acc=0.8095 | test_loss=12.0747 | test_acc=0.4874
Epoch 079/300 | train_loss=86.8199 | train_acc=0.7691 | test_loss=14.6901 | test_acc=0.4989
Epoch 159/300 | train_loss=24.5022 | train_acc=0.9355 | test_loss=4.4344 | test_acc=0.8596
Epoch 092/300 | train_loss=70.9398 | train_acc=0.8105 | test_loss=12.0125 | test_acc=0.4867
Epoch 080/300 | train_loss=86.2786 | train_acc=0.7704 | test_loss=14.6121 | test_acc=0.4983
Epoch 160/300 | train_loss=24.5339 | train_acc=0.9361 | test_loss=4.4139 | test_acc=0.8630
Epoch 093/300 | train_loss=70.6677 | train_acc=0.8111 | test_loss=11.9788 | test_acc=0.4893
Epoch 081/300 | train_loss=85.8806 | train_acc=0.7717 | test_loss=14.5481 | test_acc=0.4976
Epoch 161/300 | train_loss=24.6740 | train_acc=0.9351 | test_loss=4.3329 | test_acc=0.8698
Epoch 082/300 | train_loss=85.3801 | train_acc=0.7729 | test_loss=14.4673 | test_acc=0.4937
Epoch 094/300 | train_loss=70.2773 | train_acc=0.8125 | test_loss=11.9289 | test_acc=0.4859
Epoch 162/300 | train_loss=24.5776 | train_acc=0.9354 | test_loss=4.4065 | test_acc=0.8561
Epoch 083/300 | train_loss=85.0521 | train_acc=0.7735 | test_loss=14.3839 | test_acc=0.4951
Epoch 095/300 | train_loss=70.0401 | train_acc=0.8129 | test_loss=11.8793 | test_acc=0.4872
Epoch 163/300 | train_loss=24.5431 | train_acc=0.9355 | test_loss=4.3322 | test_acc=0.8709
Epoch 084/300 | train_loss=84.5662 | train_acc=0.7755 | test_loss=14.3230 | test_acc=0.5087
Epoch 096/300 | train_loss=69.9056 | train_acc=0.8138 | test_loss=11.8345 | test_acc=0.4883
Epoch 164/300 | train_loss=24.2725 | train_acc=0.9366 | test_loss=4.4294 | test_acc=0.8538
Epoch 097/300 | train_loss=69.4759 | train_acc=0.8144 | test_loss=11.7838 | test_acc=0.4925
Epoch 085/300 | train_loss=84.0171 | train_acc=0.7766 | test_loss=14.2392 | test_acc=0.5030
Epoch 165/300 | train_loss=24.3620 | train_acc=0.9366 | test_loss=4.3030 | test_acc=0.8704
Epoch 086/300 | train_loss=83.5930 | train_acc=0.7779 | test_loss=14.1697 | test_acc=0.4999
Epoch 098/300 | train_loss=69.0950 | train_acc=0.8160 | test_loss=11.7386 | test_acc=0.4908
Epoch 166/300 | train_loss=23.9965 | train_acc=0.9368 | test_loss=4.2766 | test_acc=0.8651
Epoch 099/300 | train_loss=68.9758 | train_acc=0.8162 | test_loss=11.6865 | test_acc=0.4864
Epoch 087/300 | train_loss=83.1795 | train_acc=0.7780 | test_loss=14.1056 | test_acc=0.5014
Epoch 167/300 | train_loss=24.1967 | train_acc=0.9367 | test_loss=4.5125 | test_acc=0.8739
Epoch 100/300 | train_loss=68.5800 | train_acc=0.8169 | test_loss=11.6424 | test_acc=0.4864
Epoch 168/300 | train_loss=23.7896 | train_acc=0.9380 | test_loss=4.2563 | test_acc=0.8778
Epoch 088/300 | train_loss=82.7692 | train_acc=0.7797 | test_loss=14.0386 | test_acc=0.4968
Epoch 101/300 | train_loss=68.4359 | train_acc=0.8176 | test_loss=11.5979 | test_acc=0.4919
Epoch 169/300 | train_loss=24.1472 | train_acc=0.9359 | test_loss=4.3530 | test_acc=0.8764
Epoch 089/300 | train_loss=82.3163 | train_acc=0.7806 | test_loss=13.9728 | test_acc=0.5041
Epoch 102/300 | train_loss=68.0865 | train_acc=0.8180 | test_loss=11.5524 | test_acc=0.4905
Epoch 170/300 | train_loss=23.8549 | train_acc=0.9379 | test_loss=4.2510 | test_acc=0.8637
Epoch 090/300 | train_loss=81.8872 | train_acc=0.7818 | test_loss=13.9185 | test_acc=0.4992
Epoch 171/300 | train_loss=23.8156 | train_acc=0.9376 | test_loss=4.3749 | test_acc=0.8794
Epoch 103/300 | train_loss=67.7142 | train_acc=0.8186 | test_loss=11.5119 | test_acc=0.4900
Epoch 172/300 | train_loss=23.8295 | train_acc=0.9375 | test_loss=4.2702 | test_acc=0.8476
Epoch 091/300 | train_loss=81.6033 | train_acc=0.7832 | test_loss=13.8493 | test_acc=0.4998
Epoch 104/300 | train_loss=67.4527 | train_acc=0.8198 | test_loss=11.4769 | test_acc=0.4833
Epoch 173/300 | train_loss=23.5443 | train_acc=0.9386 | test_loss=4.2694 | test_acc=0.8630
Epoch 092/300 | train_loss=81.1679 | train_acc=0.7842 | test_loss=13.7728 | test_acc=0.5003
Epoch 105/300 | train_loss=67.2276 | train_acc=0.8198 | test_loss=11.4553 | test_acc=0.4867
Epoch 174/300 | train_loss=23.6266 | train_acc=0.9379 | test_loss=4.3125 | test_acc=0.8836
Epoch 093/300 | train_loss=80.8257 | train_acc=0.7856 | test_loss=13.7275 | test_acc=0.4994
Epoch 175/300 | train_loss=23.6253 | train_acc=0.9384 | test_loss=4.1504 | test_acc=0.8827
Epoch 106/300 | train_loss=67.0562 | train_acc=0.8206 | test_loss=11.3846 | test_acc=0.4909
Epoch 094/300 | train_loss=80.3638 | train_acc=0.7869 | test_loss=13.6584 | test_acc=0.5002
Epoch 095/300 | train_loss=80.0673 | train_acc=0.7874 | test_loss=13.6027 | test_acc=0.4965
Epoch 176/300 | train_loss=23.4972 | train_acc=0.9380 | test_loss=4.3670 | test_acc=0.8912
Epoch 107/300 | train_loss=66.7899 | train_acc=0.8212 | test_loss=11.3544 | test_acc=0.4910
Epoch 108/300 | train_loss=66.5850 | train_acc=0.8226 | test_loss=11.3182 | test_acc=0.4875
Epoch 096/300 | train_loss=79.6362 | train_acc=0.7886 | test_loss=13.5357 | test_acc=0.5025
Epoch 177/300 | train_loss=23.4563 | train_acc=0.9383 | test_loss=4.3817 | test_acc=0.8764
Epoch 097/300 | train_loss=79.2559 | train_acc=0.7894 | test_loss=13.4725 | test_acc=0.5024
Epoch 109/300 | train_loss=66.3047 | train_acc=0.8225 | test_loss=11.2642 | test_acc=0.4957
Epoch 178/300 | train_loss=23.3801 | train_acc=0.9394 | test_loss=4.1697 | test_acc=0.8732
Epoch 110/300 | train_loss=65.9132 | train_acc=0.8229 | test_loss=11.2264 | test_acc=0.4919
Epoch 098/300 | train_loss=78.8890 | train_acc=0.7906 | test_loss=13.4377 | test_acc=0.5005
Epoch 179/300 | train_loss=23.3607 | train_acc=0.9388 | test_loss=4.1706 | test_acc=0.8772
Epoch 099/300 | train_loss=78.5657 | train_acc=0.7910 | test_loss=13.3652 | test_acc=0.5012
Epoch 111/300 | train_loss=65.7725 | train_acc=0.8242 | test_loss=11.2052 | test_acc=0.4880
Epoch 180/300 | train_loss=23.1966 | train_acc=0.9402 | test_loss=4.3304 | test_acc=0.8647
Epoch 100/300 | train_loss=78.0651 | train_acc=0.7925 | test_loss=13.2998 | test_acc=0.5011
Epoch 112/300 | train_loss=65.5835 | train_acc=0.8244 | test_loss=11.1506 | test_acc=0.4948
Epoch 181/300 | train_loss=23.3441 | train_acc=0.9386 | test_loss=4.3582 | test_acc=0.8698
Epoch 113/300 | train_loss=65.2330 | train_acc=0.8247 | test_loss=11.1056 | test_acc=0.4935
Epoch 182/300 | train_loss=23.2691 | train_acc=0.9384 | test_loss=4.1159 | test_acc=0.8764
Epoch 101/300 | train_loss=77.6799 | train_acc=0.7942 | test_loss=13.2192 | test_acc=0.4991
Epoch 114/300 | train_loss=65.0523 | train_acc=0.8256 | test_loss=11.0740 | test_acc=0.4903
Epoch 183/300 | train_loss=22.9823 | train_acc=0.9394 | test_loss=4.1240 | test_acc=0.8643
Epoch 102/300 | train_loss=77.1212 | train_acc=0.7947 | test_loss=13.1304 | test_acc=0.5017
Epoch 115/300 | train_loss=64.7123 | train_acc=0.8262 | test_loss=11.0300 | test_acc=0.4989
Epoch 184/300 | train_loss=23.0012 | train_acc=0.9406 | test_loss=4.0767 | test_acc=0.8727
Epoch 103/300 | train_loss=76.6303 | train_acc=0.7964 | test_loss=13.0588 | test_acc=0.4936
Epoch 116/300 | train_loss=64.4136 | train_acc=0.8266 | test_loss=11.0139 | test_acc=0.4936
Epoch 185/300 | train_loss=23.0488 | train_acc=0.9392 | test_loss=4.2306 | test_acc=0.8653
Epoch 104/300 | train_loss=76.0553 | train_acc=0.7974 | test_loss=12.9869 | test_acc=0.4924
Epoch 117/300 | train_loss=64.2935 | train_acc=0.8276 | test_loss=10.9679 | test_acc=0.4964
Epoch 186/300 | train_loss=22.7716 | train_acc=0.9401 | test_loss=4.0807 | test_acc=0.8759
Epoch 105/300 | train_loss=75.9042 | train_acc=0.7987 | test_loss=12.9183 | test_acc=0.4905
Epoch 118/300 | train_loss=64.0442 | train_acc=0.8281 | test_loss=10.9320 | test_acc=0.4905
Epoch 187/300 | train_loss=22.9270 | train_acc=0.9396 | test_loss=4.0381 | test_acc=0.8648
Epoch 106/300 | train_loss=75.4584 | train_acc=0.8002 | test_loss=12.8663 | test_acc=0.4991
Epoch 119/300 | train_loss=63.8180 | train_acc=0.8283 | test_loss=10.9015 | test_acc=0.4988
Epoch 188/300 | train_loss=22.7416 | train_acc=0.9405 | test_loss=4.0903 | test_acc=0.8772
Epoch 107/300 | train_loss=75.0485 | train_acc=0.8006 | test_loss=12.8160 | test_acc=0.4930
Epoch 120/300 | train_loss=63.6086 | train_acc=0.8291 | test_loss=10.8788 | test_acc=0.5000
Epoch 189/300 | train_loss=22.5665 | train_acc=0.9413 | test_loss=4.0797 | test_acc=0.8827
Epoch 108/300 | train_loss=74.8046 | train_acc=0.8019 | test_loss=12.7413 | test_acc=0.4886
Epoch 121/300 | train_loss=63.4376 | train_acc=0.8291 | test_loss=10.8434 | test_acc=0.4927
Epoch 190/300 | train_loss=22.6543 | train_acc=0.9406 | test_loss=4.1185 | test_acc=0.8822
Epoch 109/300 | train_loss=74.2751 | train_acc=0.8032 | test_loss=12.6883 | test_acc=0.4938
Epoch 122/300 | train_loss=63.2867 | train_acc=0.8294 | test_loss=10.7955 | test_acc=0.4938
Epoch 191/300 | train_loss=22.5260 | train_acc=0.9415 | test_loss=4.0553 | test_acc=0.8831
Epoch 110/300 | train_loss=73.9411 | train_acc=0.8034 | test_loss=12.6362 | test_acc=0.4977
Epoch 123/300 | train_loss=62.9763 | train_acc=0.8306 | test_loss=10.7668 | test_acc=0.5008
Epoch 192/300 | train_loss=22.3377 | train_acc=0.9415 | test_loss=4.1282 | test_acc=0.8859
Epoch 124/300 | train_loss=62.7642 | train_acc=0.8311 | test_loss=10.7439 | test_acc=0.4969
Epoch 111/300 | train_loss=73.5094 | train_acc=0.8050 | test_loss=12.5773 | test_acc=0.4933
Epoch 193/300 | train_loss=22.4569 | train_acc=0.9403 | test_loss=4.0579 | test_acc=0.8817
Epoch 194/300 | train_loss=22.1200 | train_acc=0.9424 | test_loss=4.0702 | test_acc=0.8868
Epoch 112/300 | train_loss=73.2413 | train_acc=0.8058 | test_loss=12.5371 | test_acc=0.4868
Epoch 125/300 | train_loss=62.4534 | train_acc=0.8318 | test_loss=10.7062 | test_acc=0.5073
Epoch 195/300 | train_loss=22.3686 | train_acc=0.9420 | test_loss=4.0634 | test_acc=0.8890
Epoch 113/300 | train_loss=72.9208 | train_acc=0.8063 | test_loss=12.4900 | test_acc=0.4958
Epoch 126/300 | train_loss=62.4427 | train_acc=0.8318 | test_loss=10.6746 | test_acc=0.4991
Epoch 196/300 | train_loss=22.3723 | train_acc=0.9408 | test_loss=4.0622 | test_acc=0.8804
Epoch 114/300 | train_loss=72.5678 | train_acc=0.8072 | test_loss=12.4316 | test_acc=0.4905
Epoch 127/300 | train_loss=62.3163 | train_acc=0.8325 | test_loss=10.6374 | test_acc=0.5046
Epoch 197/300 | train_loss=22.1964 | train_acc=0.9411 | test_loss=4.3205 | test_acc=0.8661
Epoch 115/300 | train_loss=72.3112 | train_acc=0.8073 | test_loss=12.3781 | test_acc=0.4952
Epoch 128/300 | train_loss=62.0317 | train_acc=0.8325 | test_loss=10.6277 | test_acc=0.5005
Epoch 198/300 | train_loss=22.2885 | train_acc=0.9422 | test_loss=4.0095 | test_acc=0.8651
Epoch 116/300 | train_loss=72.1375 | train_acc=0.8085 | test_loss=12.3435 | test_acc=0.4882
Epoch 129/300 | train_loss=61.8451 | train_acc=0.8332 | test_loss=10.5820 | test_acc=0.5048
Epoch 199/300 | train_loss=22.0504 | train_acc=0.9426 | test_loss=3.9699 | test_acc=0.8772
Epoch 117/300 | train_loss=71.7941 | train_acc=0.8094 | test_loss=12.2897 | test_acc=0.5022
Epoch 200/300 | train_loss=21.9938 | train_acc=0.9425 | test_loss=4.1497 | test_acc=0.8875
Epoch 130/300 | train_loss=61.6678 | train_acc=0.8339 | test_loss=10.5563 | test_acc=0.5055
Epoch 118/300 | train_loss=71.3665 | train_acc=0.8097 | test_loss=12.2346 | test_acc=0.4926
Epoch 201/300 | train_loss=21.9717 | train_acc=0.9419 | test_loss=4.0170 | test_acc=0.8811
Epoch 131/300 | train_loss=61.4959 | train_acc=0.8343 | test_loss=10.5441 | test_acc=0.5039
Epoch 202/300 | train_loss=21.8470 | train_acc=0.9425 | test_loss=4.0009 | test_acc=0.8730
Epoch 119/300 | train_loss=71.0799 | train_acc=0.8112 | test_loss=12.1970 | test_acc=0.4881
Epoch 132/300 | train_loss=61.3388 | train_acc=0.8351 | test_loss=10.4951 | test_acc=0.5020
Epoch 203/300 | train_loss=21.8888 | train_acc=0.9424 | test_loss=4.0475 | test_acc=0.8867
Epoch 120/300 | train_loss=70.8898 | train_acc=0.8120 | test_loss=12.1393 | test_acc=0.4962
Epoch 133/300 | train_loss=61.0697 | train_acc=0.8347 | test_loss=10.4785 | test_acc=0.4988
Epoch 204/300 | train_loss=21.7649 | train_acc=0.9435 | test_loss=3.9837 | test_acc=0.8848
Epoch 121/300 | train_loss=70.5418 | train_acc=0.8124 | test_loss=12.0962 | test_acc=0.4957
Epoch 134/300 | train_loss=60.9100 | train_acc=0.8357 | test_loss=10.4325 | test_acc=0.5071
Epoch 205/300 | train_loss=21.7379 | train_acc=0.9435 | test_loss=3.9572 | test_acc=0.8778
Epoch 135/300 | train_loss=60.6579 | train_acc=0.8362 | test_loss=10.4138 | test_acc=0.5042
Epoch 122/300 | train_loss=70.3013 | train_acc=0.8136 | test_loss=12.0616 | test_acc=0.4961
Epoch 136/300 | train_loss=60.5225 | train_acc=0.8363 | test_loss=10.3921 | test_acc=0.5005
Epoch 206/300 | train_loss=21.6050 | train_acc=0.9436 | test_loss=3.9848 | test_acc=0.8891
Epoch 123/300 | train_loss=70.0253 | train_acc=0.8144 | test_loss=12.0118 | test_acc=0.4995
Epoch 137/300 | train_loss=60.3830 | train_acc=0.8369 | test_loss=10.3769 | test_acc=0.5095
Epoch 207/300 | train_loss=21.6651 | train_acc=0.9427 | test_loss=3.9129 | test_acc=0.8791
Epoch 124/300 | train_loss=69.7604 | train_acc=0.8146 | test_loss=11.9790 | test_acc=0.4881
Epoch 138/300 | train_loss=60.2215 | train_acc=0.8371 | test_loss=10.3556 | test_acc=0.5032
Epoch 208/300 | train_loss=21.5434 | train_acc=0.9433 | test_loss=3.9097 | test_acc=0.8771
Epoch 125/300 | train_loss=69.4991 | train_acc=0.8157 | test_loss=11.9272 | test_acc=0.4962
Epoch 139/300 | train_loss=60.0385 | train_acc=0.8374 | test_loss=10.3132 | test_acc=0.5073
Epoch 209/300 | train_loss=21.5776 | train_acc=0.9435 | test_loss=3.9293 | test_acc=0.8794
Epoch 126/300 | train_loss=69.2162 | train_acc=0.8163 | test_loss=11.9024 | test_acc=0.4944
Epoch 210/300 | train_loss=21.3531 | train_acc=0.9440 | test_loss=3.8971 | test_acc=0.8750
Epoch 127/300 | train_loss=69.0749 | train_acc=0.8168 | test_loss=11.8602 | test_acc=0.4962
Epoch 140/300 | train_loss=59.8080 | train_acc=0.8375 | test_loss=10.2758 | test_acc=0.5084
Epoch 211/300 | train_loss=21.3572 | train_acc=0.9434 | test_loss=3.9477 | test_acc=0.8809
Epoch 128/300 | train_loss=68.6190 | train_acc=0.8174 | test_loss=11.8089 | test_acc=0.4974
Epoch 141/300 | train_loss=59.8305 | train_acc=0.8390 | test_loss=10.2639 | test_acc=0.5062
Epoch 212/300 | train_loss=21.3330 | train_acc=0.9438 | test_loss=3.8923 | test_acc=0.8863
Epoch 129/300 | train_loss=68.4056 | train_acc=0.8183 | test_loss=11.7786 | test_acc=0.5004
Epoch 142/300 | train_loss=59.4835 | train_acc=0.8388 | test_loss=10.2533 | test_acc=0.5042
Epoch 213/300 | train_loss=21.4272 | train_acc=0.9444 | test_loss=4.0091 | test_acc=0.8780
Epoch 130/300 | train_loss=68.1858 | train_acc=0.8185 | test_loss=11.7550 | test_acc=0.4964
Epoch 143/300 | train_loss=59.5032 | train_acc=0.8391 | test_loss=10.1970 | test_acc=0.5076
Epoch 214/300 | train_loss=21.2431 | train_acc=0.9438 | test_loss=3.8681 | test_acc=0.8872
Epoch 131/300 | train_loss=67.7803 | train_acc=0.8193 | test_loss=11.7120 | test_acc=0.4948
Epoch 144/300 | train_loss=59.2940 | train_acc=0.8395 | test_loss=10.1817 | test_acc=0.5083
Epoch 215/300 | train_loss=21.1986 | train_acc=0.9442 | test_loss=3.9940 | test_acc=0.8813
Epoch 132/300 | train_loss=67.7210 | train_acc=0.8204 | test_loss=11.6497 | test_acc=0.4974
Epoch 145/300 | train_loss=59.1299 | train_acc=0.8400 | test_loss=10.1590 | test_acc=0.5106
Epoch 216/300 | train_loss=21.0881 | train_acc=0.9441 | test_loss=4.0595 | test_acc=0.8629
Epoch 133/300 | train_loss=67.3789 | train_acc=0.8205 | test_loss=11.6224 | test_acc=0.4969
Epoch 217/300 | train_loss=21.1695 | train_acc=0.9442 | test_loss=3.8925 | test_acc=0.8837
Epoch 146/300 | train_loss=58.8521 | train_acc=0.8406 | test_loss=10.1420 | test_acc=0.5098
Epoch 134/300 | train_loss=67.1148 | train_acc=0.8214 | test_loss=11.5854 | test_acc=0.4942
Epoch 218/300 | train_loss=21.0905 | train_acc=0.9442 | test_loss=3.8889 | test_acc=0.8878
Epoch 147/300 | train_loss=58.6733 | train_acc=0.8411 | test_loss=10.1173 | test_acc=0.5094
Epoch 135/300 | train_loss=67.0061 | train_acc=0.8220 | test_loss=11.5503 | test_acc=0.5005
Epoch 219/300 | train_loss=21.0015 | train_acc=0.9456 | test_loss=3.8317 | test_acc=0.8785
Epoch 148/300 | train_loss=58.5182 | train_acc=0.8415 | test_loss=10.0870 | test_acc=0.5029
Epoch 136/300 | train_loss=66.9191 | train_acc=0.8226 | test_loss=11.5062 | test_acc=0.4967
Epoch 220/300 | train_loss=20.9654 | train_acc=0.9442 | test_loss=3.8307 | test_acc=0.8881
Epoch 149/300 | train_loss=58.3278 | train_acc=0.8416 | test_loss=10.0623 | test_acc=0.5041
Epoch 137/300 | train_loss=66.6550 | train_acc=0.8231 | test_loss=11.4808 | test_acc=0.5034
Epoch 221/300 | train_loss=21.0120 | train_acc=0.9452 | test_loss=3.9432 | test_acc=0.8840
Epoch 150/300 | train_loss=58.2256 | train_acc=0.8422 | test_loss=10.0453 | test_acc=0.5115
Epoch 222/300 | train_loss=20.6182 | train_acc=0.9460 | test_loss=3.8245 | test_acc=0.8793
Epoch 138/300 | train_loss=66.3017 | train_acc=0.8239 | test_loss=11.4379 | test_acc=0.4960
Epoch 223/300 | train_loss=20.9355 | train_acc=0.9453 | test_loss=3.8843 | test_acc=0.8772
Epoch 151/300 | train_loss=58.0931 | train_acc=0.8427 | test_loss=10.0164 | test_acc=0.5089
Epoch 139/300 | train_loss=66.0507 | train_acc=0.8246 | test_loss=11.4044 | test_acc=0.5017
Epoch 224/300 | train_loss=20.7450 | train_acc=0.9463 | test_loss=3.7627 | test_acc=0.8806
Epoch 152/300 | train_loss=57.9956 | train_acc=0.8424 | test_loss=10.0132 | test_acc=0.5102
Epoch 140/300 | train_loss=65.7578 | train_acc=0.8248 | test_loss=11.3764 | test_acc=0.5011
Epoch 225/300 | train_loss=20.6710 | train_acc=0.9460 | test_loss=3.8506 | test_acc=0.8894
Epoch 153/300 | train_loss=57.6700 | train_acc=0.8434 | test_loss=9.9791 | test_acc=0.5064
Epoch 141/300 | train_loss=65.4908 | train_acc=0.8259 | test_loss=11.3409 | test_acc=0.4995
Epoch 226/300 | train_loss=20.6957 | train_acc=0.9461 | test_loss=3.8142 | test_acc=0.8824
Epoch 154/300 | train_loss=57.7712 | train_acc=0.8438 | test_loss=9.9487 | test_acc=0.5134
Epoch 142/300 | train_loss=65.5001 | train_acc=0.8253 | test_loss=11.3234 | test_acc=0.5018
Epoch 227/300 | train_loss=20.7333 | train_acc=0.9454 | test_loss=3.9306 | test_acc=0.8733
Epoch 155/300 | train_loss=57.5662 | train_acc=0.8444 | test_loss=9.9383 | test_acc=0.5047
Epoch 143/300 | train_loss=65.2154 | train_acc=0.8267 | test_loss=11.2732 | test_acc=0.4973
Epoch 228/300 | train_loss=20.7948 | train_acc=0.9450 | test_loss=3.8122 | test_acc=0.8880
Epoch 156/300 | train_loss=57.4513 | train_acc=0.8448 | test_loss=9.9113 | test_acc=0.5099
Epoch 144/300 | train_loss=65.0789 | train_acc=0.8266 | test_loss=11.2561 | test_acc=0.5035
Epoch 229/300 | train_loss=20.7243 | train_acc=0.9460 | test_loss=3.8379 | test_acc=0.8867
Epoch 157/300 | train_loss=57.3117 | train_acc=0.8449 | test_loss=9.8998 | test_acc=0.5081
Epoch 230/300 | train_loss=20.4489 | train_acc=0.9463 | test_loss=3.7804 | test_acc=0.8790
Epoch 145/300 | train_loss=64.7363 | train_acc=0.8272 | test_loss=11.2035 | test_acc=0.5038
Epoch 158/300 | train_loss=57.1420 | train_acc=0.8452 | test_loss=9.8655 | test_acc=0.5076
Epoch 231/300 | train_loss=20.5376 | train_acc=0.9461 | test_loss=3.8173 | test_acc=0.8799
Epoch 146/300 | train_loss=64.5299 | train_acc=0.8280 | test_loss=11.1802 | test_acc=0.5041
Epoch 232/300 | train_loss=20.3355 | train_acc=0.9468 | test_loss=3.8193 | test_acc=0.8855
Epoch 159/300 | train_loss=56.9548 | train_acc=0.8461 | test_loss=9.8484 | test_acc=0.5139
Epoch 147/300 | train_loss=64.5360 | train_acc=0.8287 | test_loss=11.1559 | test_acc=0.5019
Epoch 233/300 | train_loss=20.1772 | train_acc=0.9475 | test_loss=3.9856 | test_acc=0.8800
Epoch 148/300 | train_loss=64.2551 | train_acc=0.8290 | test_loss=11.1250 | test_acc=0.5047
Epoch 160/300 | train_loss=56.7703 | train_acc=0.8460 | test_loss=9.8292 | test_acc=0.5156
Epoch 234/300 | train_loss=20.2747 | train_acc=0.9460 | test_loss=3.7638 | test_acc=0.8780
Epoch 149/300 | train_loss=63.9525 | train_acc=0.8295 | test_loss=11.0947 | test_acc=0.5026
Epoch 161/300 | train_loss=56.7233 | train_acc=0.8464 | test_loss=9.8191 | test_acc=0.5041
Epoch 235/300 | train_loss=20.5139 | train_acc=0.9460 | test_loss=3.7648 | test_acc=0.8879
Epoch 150/300 | train_loss=63.8148 | train_acc=0.8299 | test_loss=11.0545 | test_acc=0.5035
Epoch 236/300 | train_loss=20.1438 | train_acc=0.9469 | test_loss=3.7385 | test_acc=0.8864
Epoch 162/300 | train_loss=56.6124 | train_acc=0.8466 | test_loss=9.7846 | test_acc=0.5067
Epoch 151/300 | train_loss=63.7259 | train_acc=0.8308 | test_loss=11.0202 | test_acc=0.5003
Epoch 237/300 | train_loss=20.2727 | train_acc=0.9466 | test_loss=3.6292 | test_acc=0.8840
Epoch 163/300 | train_loss=56.5124 | train_acc=0.8476 | test_loss=9.7636 | test_acc=0.5132
Epoch 152/300 | train_loss=63.5052 | train_acc=0.8306 | test_loss=10.9989 | test_acc=0.5055
Epoch 238/300 | train_loss=20.1695 | train_acc=0.9467 | test_loss=3.7766 | test_acc=0.8892
Epoch 164/300 | train_loss=56.4615 | train_acc=0.8477 | test_loss=9.7490 | test_acc=0.5165
Epoch 239/300 | train_loss=20.2220 | train_acc=0.9471 | test_loss=3.7610 | test_acc=0.8825
Epoch 153/300 | train_loss=63.3001 | train_acc=0.8313 | test_loss=10.9824 | test_acc=0.5067
Epoch 240/300 | train_loss=20.1155 | train_acc=0.9472 | test_loss=3.8331 | test_acc=0.8669
Epoch 165/300 | train_loss=56.1275 | train_acc=0.8482 | test_loss=9.7252 | test_acc=0.5224
Epoch 154/300 | train_loss=63.1224 | train_acc=0.8314 | test_loss=10.9330 | test_acc=0.5018
Epoch 241/300 | train_loss=20.1775 | train_acc=0.9469 | test_loss=3.7710 | test_acc=0.8765
Epoch 166/300 | train_loss=56.0322 | train_acc=0.8482 | test_loss=9.7016 | test_acc=0.5205
Epoch 155/300 | train_loss=62.9364 | train_acc=0.8320 | test_loss=10.9224 | test_acc=0.5006
Epoch 242/300 | train_loss=19.9645 | train_acc=0.9473 | test_loss=3.7596 | test_acc=0.8879
Epoch 167/300 | train_loss=55.8937 | train_acc=0.8486 | test_loss=9.7079 | test_acc=0.5135
Epoch 243/300 | train_loss=19.9298 | train_acc=0.9478 | test_loss=3.7547 | test_acc=0.8816
Epoch 156/300 | train_loss=62.6168 | train_acc=0.8326 | test_loss=10.8823 | test_acc=0.5051
Epoch 168/300 | train_loss=55.8055 | train_acc=0.8492 | test_loss=9.6939 | test_acc=0.5148
Epoch 244/300 | train_loss=20.1868 | train_acc=0.9465 | test_loss=3.7076 | test_acc=0.8804
Epoch 157/300 | train_loss=62.5666 | train_acc=0.8337 | test_loss=10.8431 | test_acc=0.5109
Epoch 169/300 | train_loss=55.6057 | train_acc=0.8491 | test_loss=9.6484 | test_acc=0.5145
Epoch 245/300 | train_loss=20.2485 | train_acc=0.9467 | test_loss=3.7547 | test_acc=0.8831
Epoch 158/300 | train_loss=62.2625 | train_acc=0.8336 | test_loss=10.8300 | test_acc=0.4987
Epoch 246/300 | train_loss=19.8517 | train_acc=0.9484 | test_loss=3.7937 | test_acc=0.8887
Epoch 170/300 | train_loss=55.4988 | train_acc=0.8493 | test_loss=9.6375 | test_acc=0.5142
Epoch 159/300 | train_loss=62.1229 | train_acc=0.8336 | test_loss=10.7933 | test_acc=0.5057
Epoch 171/300 | train_loss=55.4459 | train_acc=0.8497 | test_loss=9.6086 | test_acc=0.5161
Epoch 247/300 | train_loss=19.9170 | train_acc=0.9485 | test_loss=3.7309 | test_acc=0.8799
Epoch 160/300 | train_loss=62.1688 | train_acc=0.8345 | test_loss=10.7553 | test_acc=0.5098
Epoch 248/300 | train_loss=19.9764 | train_acc=0.9467 | test_loss=3.7900 | test_acc=0.8880
Epoch 172/300 | train_loss=55.3275 | train_acc=0.8507 | test_loss=9.6038 | test_acc=0.5193
Epoch 161/300 | train_loss=61.9649 | train_acc=0.8352 | test_loss=10.7516 | test_acc=0.5056
Epoch 249/300 | train_loss=19.7968 | train_acc=0.9476 | test_loss=3.7208 | test_acc=0.8831
Epoch 173/300 | train_loss=55.2102 | train_acc=0.8506 | test_loss=9.5736 | test_acc=0.5250
Epoch 162/300 | train_loss=61.6535 | train_acc=0.8355 | test_loss=10.7167 | test_acc=0.5104
Epoch 250/300 | train_loss=19.7768 | train_acc=0.9481 | test_loss=3.7421 | test_acc=0.8944
Epoch 174/300 | train_loss=55.0750 | train_acc=0.8512 | test_loss=9.5483 | test_acc=0.5222
Epoch 163/300 | train_loss=61.5296 | train_acc=0.8357 | test_loss=10.6846 | test_acc=0.5062
Epoch 251/300 | train_loss=19.7736 | train_acc=0.9476 | test_loss=3.6792 | test_acc=0.8922
Epoch 175/300 | train_loss=54.9378 | train_acc=0.8515 | test_loss=9.5306 | test_acc=0.5219
Epoch 164/300 | train_loss=61.3081 | train_acc=0.8355 | test_loss=10.6655 | test_acc=0.5092
Epoch 252/300 | train_loss=19.4956 | train_acc=0.9481 | test_loss=3.6295 | test_acc=0.8865
Epoch 165/300 | train_loss=61.1761 | train_acc=0.8367 | test_loss=10.6473 | test_acc=0.5107
Epoch 176/300 | train_loss=54.8609 | train_acc=0.8516 | test_loss=9.5297 | test_acc=0.5121
Epoch 253/300 | train_loss=19.5102 | train_acc=0.9490 | test_loss=3.7263 | test_acc=0.8889
Epoch 166/300 | train_loss=60.9326 | train_acc=0.8369 | test_loss=10.6236 | test_acc=0.5052
Epoch 177/300 | train_loss=54.7455 | train_acc=0.8523 | test_loss=9.5037 | test_acc=0.5238
Epoch 254/300 | train_loss=19.4891 | train_acc=0.9494 | test_loss=3.7017 | test_acc=0.8881
Epoch 167/300 | train_loss=60.8015 | train_acc=0.8375 | test_loss=10.5822 | test_acc=0.5104
Epoch 178/300 | train_loss=54.4940 | train_acc=0.8517 | test_loss=9.4873 | test_acc=0.5219
Epoch 255/300 | train_loss=19.3349 | train_acc=0.9487 | test_loss=3.6877 | test_acc=0.8830
Epoch 168/300 | train_loss=60.7265 | train_acc=0.8378 | test_loss=10.5614 | test_acc=0.5129
Epoch 256/300 | train_loss=19.3967 | train_acc=0.9494 | test_loss=3.6347 | test_acc=0.8836
Epoch 179/300 | train_loss=54.4108 | train_acc=0.8528 | test_loss=9.4731 | test_acc=0.5272
Epoch 169/300 | train_loss=60.5228 | train_acc=0.8380 | test_loss=10.5432 | test_acc=0.5056
Epoch 257/300 | train_loss=19.5193 | train_acc=0.9487 | test_loss=3.6889 | test_acc=0.8889
Epoch 180/300 | train_loss=54.2685 | train_acc=0.8527 | test_loss=9.4481 | test_acc=0.5200
Epoch 170/300 | train_loss=60.3377 | train_acc=0.8390 | test_loss=10.5101 | test_acc=0.5060
Epoch 258/300 | train_loss=19.5427 | train_acc=0.9489 | test_loss=3.7332 | test_acc=0.8927
Epoch 181/300 | train_loss=54.1192 | train_acc=0.8530 | test_loss=9.4508 | test_acc=0.5180
Epoch 171/300 | train_loss=60.1767 | train_acc=0.8387 | test_loss=10.4829 | test_acc=0.5125
Epoch 259/300 | train_loss=19.2783 | train_acc=0.9494 | test_loss=3.6988 | test_acc=0.8793
Epoch 172/300 | train_loss=60.0771 | train_acc=0.8397 | test_loss=10.4581 | test_acc=0.5159
Epoch 182/300 | train_loss=54.1937 | train_acc=0.8532 | test_loss=9.4311 | test_acc=0.5160
Epoch 260/300 | train_loss=19.4674 | train_acc=0.9490 | test_loss=3.7129 | test_acc=0.8933
Epoch 173/300 | train_loss=59.9392 | train_acc=0.8397 | test_loss=10.4287 | test_acc=0.5103
Epoch 261/300 | train_loss=19.2239 | train_acc=0.9495 | test_loss=3.6647 | test_acc=0.8853
Epoch 183/300 | train_loss=54.0700 | train_acc=0.8541 | test_loss=9.4275 | test_acc=0.5137
Epoch 174/300 | train_loss=59.8101 | train_acc=0.8401 | test_loss=10.4193 | test_acc=0.5145
Epoch 262/300 | train_loss=19.3029 | train_acc=0.9489 | test_loss=3.7598 | test_acc=0.8896
Epoch 184/300 | train_loss=53.9084 | train_acc=0.8539 | test_loss=9.3905 | test_acc=0.5229
Epoch 175/300 | train_loss=59.6304 | train_acc=0.8406 | test_loss=10.3977 | test_acc=0.5166
Epoch 263/300 | train_loss=19.0774 | train_acc=0.9497 | test_loss=3.7480 | test_acc=0.8889
Epoch 185/300 | train_loss=53.8980 | train_acc=0.8542 | test_loss=9.3700 | test_acc=0.5278
Epoch 176/300 | train_loss=59.5744 | train_acc=0.8408 | test_loss=10.3745 | test_acc=0.5117
Epoch 264/300 | train_loss=19.4103 | train_acc=0.9487 | test_loss=3.7129 | test_acc=0.8990
Epoch 186/300 | train_loss=53.6643 | train_acc=0.8549 | test_loss=9.3805 | test_acc=0.5273
Epoch 177/300 | train_loss=59.3915 | train_acc=0.8416 | test_loss=10.3602 | test_acc=0.5132
Epoch 265/300 | train_loss=19.2645 | train_acc=0.9490 | test_loss=3.5826 | test_acc=0.8899
Epoch 187/300 | train_loss=53.5761 | train_acc=0.8554 | test_loss=9.3411 | test_acc=0.5211
Epoch 178/300 | train_loss=59.2175 | train_acc=0.8414 | test_loss=10.3544 | test_acc=0.5119
Epoch 266/300 | train_loss=19.4488 | train_acc=0.9491 | test_loss=3.6694 | test_acc=0.8709
Epoch 188/300 | train_loss=53.5691 | train_acc=0.8555 | test_loss=9.3304 | test_acc=0.5245
Epoch 179/300 | train_loss=59.1049 | train_acc=0.8423 | test_loss=10.3076 | test_acc=0.5206
Epoch 267/300 | train_loss=19.0330 | train_acc=0.9500 | test_loss=3.6803 | test_acc=0.8887
Epoch 189/300 | train_loss=53.2880 | train_acc=0.8558 | test_loss=9.3180 | test_acc=0.5221
Epoch 180/300 | train_loss=58.8509 | train_acc=0.8422 | test_loss=10.2976 | test_acc=0.5110
Epoch 268/300 | train_loss=18.9563 | train_acc=0.9503 | test_loss=3.5600 | test_acc=0.8854
Epoch 190/300 | train_loss=53.2308 | train_acc=0.8562 | test_loss=9.2949 | test_acc=0.5251
Epoch 181/300 | train_loss=58.8625 | train_acc=0.8425 | test_loss=10.2591 | test_acc=0.5160
Epoch 269/300 | train_loss=19.0277 | train_acc=0.9502 | test_loss=3.6443 | test_acc=0.8785
Epoch 191/300 | train_loss=53.1145 | train_acc=0.8561 | test_loss=9.2709 | test_acc=0.5248
Epoch 182/300 | train_loss=58.6561 | train_acc=0.8426 | test_loss=10.2308 | test_acc=0.5123
Epoch 270/300 | train_loss=19.1117 | train_acc=0.9499 | test_loss=3.5972 | test_acc=0.8989
Epoch 192/300 | train_loss=53.1456 | train_acc=0.8571 | test_loss=9.2626 | test_acc=0.5280
Epoch 183/300 | train_loss=58.4480 | train_acc=0.8430 | test_loss=10.2146 | test_acc=0.5195
Epoch 271/300 | train_loss=19.1060 | train_acc=0.9496 | test_loss=3.5718 | test_acc=0.8877
Epoch 193/300 | train_loss=52.9454 | train_acc=0.8564 | test_loss=9.2454 | test_acc=0.5306
Epoch 184/300 | train_loss=58.2848 | train_acc=0.8436 | test_loss=10.2178 | test_acc=0.5126
Epoch 272/300 | train_loss=19.0516 | train_acc=0.9496 | test_loss=3.5852 | test_acc=0.8813
Epoch 194/300 | train_loss=52.8525 | train_acc=0.8568 | test_loss=9.2466 | test_acc=0.5232
Epoch 185/300 | train_loss=58.1864 | train_acc=0.8441 | test_loss=10.1782 | test_acc=0.5148
Epoch 273/300 | train_loss=18.8511 | train_acc=0.9506 | test_loss=3.6019 | test_acc=0.8862
Epoch 195/300 | train_loss=52.7643 | train_acc=0.8568 | test_loss=9.2242 | test_acc=0.5199
Epoch 186/300 | train_loss=58.2799 | train_acc=0.8442 | test_loss=10.1665 | test_acc=0.5151
Epoch 274/300 | train_loss=18.7356 | train_acc=0.9510 | test_loss=3.5575 | test_acc=0.8843
Epoch 196/300 | train_loss=52.5702 | train_acc=0.8577 | test_loss=9.1998 | test_acc=0.5273
Epoch 187/300 | train_loss=57.9958 | train_acc=0.8448 | test_loss=10.1454 | test_acc=0.5160
Epoch 275/300 | train_loss=18.6415 | train_acc=0.9509 | test_loss=3.6469 | test_acc=0.8945
Epoch 197/300 | train_loss=52.5569 | train_acc=0.8582 | test_loss=9.1907 | test_acc=0.5232
Epoch 188/300 | train_loss=57.9187 | train_acc=0.8453 | test_loss=10.1334 | test_acc=0.5185
Epoch 276/300 | train_loss=18.8359 | train_acc=0.9495 | test_loss=3.6823 | test_acc=0.8942
Epoch 198/300 | train_loss=52.5024 | train_acc=0.8580 | test_loss=9.1822 | test_acc=0.5268
Epoch 189/300 | train_loss=57.8381 | train_acc=0.8457 | test_loss=10.1008 | test_acc=0.5208
Epoch 277/300 | train_loss=18.7493 | train_acc=0.9502 | test_loss=3.5673 | test_acc=0.8879
Epoch 199/300 | train_loss=52.4446 | train_acc=0.8580 | test_loss=9.1568 | test_acc=0.5313
Epoch 190/300 | train_loss=57.6252 | train_acc=0.8459 | test_loss=10.0758 | test_acc=0.5203
Epoch 278/300 | train_loss=18.8494 | train_acc=0.9508 | test_loss=3.9841 | test_acc=0.8717
Epoch 200/300 | train_loss=52.2702 | train_acc=0.8586 | test_loss=9.1517 | test_acc=0.5343
Epoch 191/300 | train_loss=57.4146 | train_acc=0.8458 | test_loss=10.0582 | test_acc=0.5205
Epoch 279/300 | train_loss=18.7902 | train_acc=0.9507 | test_loss=3.5342 | test_acc=0.8866
Epoch 201/300 | train_loss=52.0962 | train_acc=0.8590 | test_loss=9.1291 | test_acc=0.5279
Epoch 280/300 | train_loss=18.4860 | train_acc=0.9515 | test_loss=3.7258 | test_acc=0.8770
Epoch 192/300 | train_loss=57.3761 | train_acc=0.8466 | test_loss=10.0565 | test_acc=0.5263
Epoch 202/300 | train_loss=52.0366 | train_acc=0.8595 | test_loss=9.1149 | test_acc=0.5346
Epoch 281/300 | train_loss=18.6577 | train_acc=0.9508 | test_loss=3.6331 | test_acc=0.8874
Epoch 193/300 | train_loss=57.2834 | train_acc=0.8462 | test_loss=10.0271 | test_acc=0.5236
Epoch 203/300 | train_loss=51.8164 | train_acc=0.8596 | test_loss=9.1099 | test_acc=0.5329
Epoch 282/300 | train_loss=18.7704 | train_acc=0.9513 | test_loss=3.5158 | test_acc=0.8791
Epoch 194/300 | train_loss=57.1853 | train_acc=0.8469 | test_loss=9.9919 | test_acc=0.5205
Epoch 283/300 | train_loss=18.5552 | train_acc=0.9509 | test_loss=3.5383 | test_acc=0.8931
Epoch 204/300 | train_loss=51.7997 | train_acc=0.8602 | test_loss=9.0805 | test_acc=0.5337
Epoch 195/300 | train_loss=57.0364 | train_acc=0.8465 | test_loss=9.9894 | test_acc=0.5165
Epoch 284/300 | train_loss=18.4549 | train_acc=0.9517 | test_loss=3.4744 | test_acc=0.8891
Epoch 205/300 | train_loss=51.7548 | train_acc=0.8603 | test_loss=9.0751 | test_acc=0.5369
Epoch 285/300 | train_loss=18.8012 | train_acc=0.9502 | test_loss=3.6359 | test_acc=0.8961
Epoch 196/300 | train_loss=56.9016 | train_acc=0.8475 | test_loss=9.9715 | test_acc=0.5243
Epoch 206/300 | train_loss=51.6166 | train_acc=0.8599 | test_loss=9.0465 | test_acc=0.5429
Epoch 286/300 | train_loss=18.5329 | train_acc=0.9507 | test_loss=3.5156 | test_acc=0.8870
Epoch 197/300 | train_loss=56.7656 | train_acc=0.8478 | test_loss=9.9501 | test_acc=0.5283
Epoch 207/300 | train_loss=51.5517 | train_acc=0.8609 | test_loss=9.0413 | test_acc=0.5342
Epoch 287/300 | train_loss=18.3494 | train_acc=0.9514 | test_loss=3.5044 | test_acc=0.8814
Epoch 198/300 | train_loss=56.6905 | train_acc=0.8483 | test_loss=9.9352 | test_acc=0.5191
Epoch 288/300 | train_loss=18.5180 | train_acc=0.9518 | test_loss=3.6199 | test_acc=0.8864
Epoch 208/300 | train_loss=51.6619 | train_acc=0.8607 | test_loss=9.0205 | test_acc=0.5356
Epoch 289/300 | train_loss=18.3627 | train_acc=0.9516 | test_loss=3.6322 | test_acc=0.8862
Epoch 199/300 | train_loss=56.5425 | train_acc=0.8481 | test_loss=9.9110 | test_acc=0.5262
Epoch 209/300 | train_loss=51.4772 | train_acc=0.8614 | test_loss=9.0373 | test_acc=0.5393
Epoch 290/300 | train_loss=18.2351 | train_acc=0.9516 | test_loss=3.5209 | test_acc=0.8869
Epoch 200/300 | train_loss=56.5060 | train_acc=0.8485 | test_loss=9.8918 | test_acc=0.5231
Epoch 210/300 | train_loss=51.2599 | train_acc=0.8613 | test_loss=8.9937 | test_acc=0.5312
Epoch 291/300 | train_loss=18.0798 | train_acc=0.9518 | test_loss=3.5903 | test_acc=0.8936
Epoch 201/300 | train_loss=56.3099 | train_acc=0.8487 | test_loss=9.9050 | test_acc=0.5187
Epoch 211/300 | train_loss=51.1336 | train_acc=0.8614 | test_loss=8.9912 | test_acc=0.5324
Epoch 292/300 | train_loss=18.3563 | train_acc=0.9515 | test_loss=3.4415 | test_acc=0.8837
Epoch 202/300 | train_loss=56.2447 | train_acc=0.8488 | test_loss=9.8600 | test_acc=0.5223
Epoch 293/300 | train_loss=18.0832 | train_acc=0.9525 | test_loss=3.5799 | test_acc=0.8962
Epoch 212/300 | train_loss=51.0946 | train_acc=0.8618 | test_loss=8.9870 | test_acc=0.5482
Epoch 294/300 | train_loss=18.2140 | train_acc=0.9525 | test_loss=3.4671 | test_acc=0.8825
Epoch 203/300 | train_loss=56.0880 | train_acc=0.8497 | test_loss=9.8480 | test_acc=0.5220
Epoch 213/300 | train_loss=51.0547 | train_acc=0.8620 | test_loss=8.9488 | test_acc=0.5435
Epoch 295/300 | train_loss=18.2283 | train_acc=0.9517 | test_loss=3.5145 | test_acc=0.8958
Epoch 204/300 | train_loss=55.9775 | train_acc=0.8493 | test_loss=9.8323 | test_acc=0.5209
Epoch 296/300 | train_loss=18.0401 | train_acc=0.9530 | test_loss=3.5512 | test_acc=0.8872
Epoch 214/300 | train_loss=50.9841 | train_acc=0.8619 | test_loss=8.9489 | test_acc=0.5309
Epoch 205/300 | train_loss=55.8977 | train_acc=0.8504 | test_loss=9.8087 | test_acc=0.5192
Epoch 297/300 | train_loss=17.9691 | train_acc=0.9527 | test_loss=3.5053 | test_acc=0.8886
Epoch 215/300 | train_loss=50.7976 | train_acc=0.8623 | test_loss=8.9326 | test_acc=0.5377
Epoch 298/300 | train_loss=18.0656 | train_acc=0.9525 | test_loss=3.4746 | test_acc=0.8949
Epoch 206/300 | train_loss=55.8397 | train_acc=0.8505 | test_loss=9.7957 | test_acc=0.5271
Epoch 216/300 | train_loss=50.8297 | train_acc=0.8631 | test_loss=8.9240 | test_acc=0.5432
Epoch 299/300 | train_loss=17.8479 | train_acc=0.9535 | test_loss=3.4208 | test_acc=0.8868
Epoch 217/300 | train_loss=50.6515 | train_acc=0.8632 | test_loss=8.9178 | test_acc=0.5320
Epoch 207/300 | train_loss=55.6887 | train_acc=0.8498 | test_loss=9.7757 | test_acc=0.5285
Epoch 300/300 | train_loss=17.9456 | train_acc=0.9533 | test_loss=3.4806 | test_acc=0.8969
Completed bio_trainable run 5 on cuda:5 | test_acc=0.8969
Started bio_frozen run 3 | seed=1236 | device=cuda:5 | trainable_params=21514 | total_params=24212
Epoch 218/300 | train_loss=50.5136 | train_acc=0.8633 | test_loss=8.8968 | test_acc=0.5389
Epoch 208/300 | train_loss=55.6460 | train_acc=0.8508 | test_loss=9.7599 | test_acc=0.5238
Epoch 219/300 | train_loss=50.5385 | train_acc=0.8633 | test_loss=8.8711 | test_acc=0.5517
Epoch 209/300 | train_loss=55.4451 | train_acc=0.8509 | test_loss=9.7519 | test_acc=0.5246
Epoch 220/300 | train_loss=50.4010 | train_acc=0.8638 | test_loss=8.8751 | test_acc=0.5422
Epoch 210/300 | train_loss=55.2465 | train_acc=0.8508 | test_loss=9.7251 | test_acc=0.5238
Epoch 001/300 | train_loss=266.1636 | train_acc=0.2139 | test_loss=43.9930 | test_acc=0.3356
Epoch 221/300 | train_loss=50.2837 | train_acc=0.8641 | test_loss=8.8489 | test_acc=0.5435
Epoch 211/300 | train_loss=55.2704 | train_acc=0.8511 | test_loss=9.7066 | test_acc=0.5278
Epoch 002/300 | train_loss=252.8162 | train_acc=0.3471 | test_loss=41.7060 | test_acc=0.3319
Epoch 222/300 | train_loss=50.2413 | train_acc=0.8638 | test_loss=8.8611 | test_acc=0.5346
Epoch 003/300 | train_loss=240.1881 | train_acc=0.3697 | test_loss=39.6598 | test_acc=0.3465
Epoch 212/300 | train_loss=55.2557 | train_acc=0.8517 | test_loss=9.7156 | test_acc=0.5209
Epoch 004/300 | train_loss=228.9354 | train_acc=0.3942 | test_loss=37.7213 | test_acc=0.3503
Epoch 223/300 | train_loss=50.2011 | train_acc=0.8644 | test_loss=8.8290 | test_acc=0.5424
Epoch 213/300 | train_loss=55.0058 | train_acc=0.8517 | test_loss=9.6786 | test_acc=0.5294
Epoch 005/300 | train_loss=218.7265 | train_acc=0.4173 | test_loss=36.1158 | test_acc=0.3635
Epoch 224/300 | train_loss=49.9493 | train_acc=0.8649 | test_loss=8.8263 | test_acc=0.5422
Epoch 214/300 | train_loss=54.8836 | train_acc=0.8522 | test_loss=9.6642 | test_acc=0.5331
Epoch 006/300 | train_loss=210.7380 | train_acc=0.4356 | test_loss=34.8570 | test_acc=0.3689
Epoch 225/300 | train_loss=49.9323 | train_acc=0.8648 | test_loss=8.8035 | test_acc=0.5409
Epoch 007/300 | train_loss=204.0299 | train_acc=0.4482 | test_loss=33.7859 | test_acc=0.3777
Epoch 215/300 | train_loss=54.8954 | train_acc=0.8527 | test_loss=9.6456 | test_acc=0.5279
Epoch 008/300 | train_loss=198.4547 | train_acc=0.4615 | test_loss=32.8722 | test_acc=0.3766
Epoch 226/300 | train_loss=49.9911 | train_acc=0.8652 | test_loss=8.7965 | test_acc=0.5434
Epoch 216/300 | train_loss=54.8750 | train_acc=0.8523 | test_loss=9.6303 | test_acc=0.5294
Epoch 009/300 | train_loss=192.9121 | train_acc=0.4744 | test_loss=31.9491 | test_acc=0.3931
Epoch 227/300 | train_loss=49.8061 | train_acc=0.8653 | test_loss=8.7699 | test_acc=0.5459
Epoch 217/300 | train_loss=54.7217 | train_acc=0.8521 | test_loss=9.6271 | test_acc=0.5248
Epoch 010/300 | train_loss=188.0394 | train_acc=0.4888 | test_loss=31.1268 | test_acc=0.3863
Epoch 228/300 | train_loss=49.6604 | train_acc=0.8656 | test_loss=8.7726 | test_acc=0.5415
Epoch 218/300 | train_loss=54.7097 | train_acc=0.8537 | test_loss=9.6075 | test_acc=0.5216
Epoch 011/300 | train_loss=183.2068 | train_acc=0.5027 | test_loss=30.3506 | test_acc=0.3991
Epoch 229/300 | train_loss=49.5280 | train_acc=0.8659 | test_loss=8.7467 | test_acc=0.5432
Epoch 012/300 | train_loss=179.0511 | train_acc=0.5168 | test_loss=29.6679 | test_acc=0.3985
Epoch 219/300 | train_loss=54.5469 | train_acc=0.8536 | test_loss=9.5871 | test_acc=0.5302
Epoch 230/300 | train_loss=49.5198 | train_acc=0.8662 | test_loss=8.7679 | test_acc=0.5513
Epoch 013/300 | train_loss=175.1812 | train_acc=0.5288 | test_loss=29.0544 | test_acc=0.4116
Epoch 220/300 | train_loss=54.3945 | train_acc=0.8537 | test_loss=9.5718 | test_acc=0.5290
Epoch 014/300 | train_loss=171.5192 | train_acc=0.5400 | test_loss=28.4872 | test_acc=0.4254
Epoch 231/300 | train_loss=49.3892 | train_acc=0.8664 | test_loss=8.7181 | test_acc=0.5467
Epoch 221/300 | train_loss=54.3020 | train_acc=0.8532 | test_loss=9.5568 | test_acc=0.5293
Epoch 015/300 | train_loss=168.1286 | train_acc=0.5498 | test_loss=27.8977 | test_acc=0.4236
Epoch 232/300 | train_loss=49.3489 | train_acc=0.8670 | test_loss=8.7322 | test_acc=0.5405
Epoch 222/300 | train_loss=54.2918 | train_acc=0.8545 | test_loss=9.5495 | test_acc=0.5256
Epoch 016/300 | train_loss=164.7450 | train_acc=0.5600 | test_loss=27.3727 | test_acc=0.4298
Epoch 233/300 | train_loss=49.2443 | train_acc=0.8670 | test_loss=8.7085 | test_acc=0.5528
Epoch 223/300 | train_loss=54.1315 | train_acc=0.8543 | test_loss=9.5254 | test_acc=0.5275
Epoch 017/300 | train_loss=161.7493 | train_acc=0.5693 | test_loss=26.8755 | test_acc=0.4347
Epoch 234/300 | train_loss=49.1363 | train_acc=0.8670 | test_loss=8.6888 | test_acc=0.5522
Epoch 018/300 | train_loss=158.7019 | train_acc=0.5788 | test_loss=26.3642 | test_acc=0.4355
Epoch 224/300 | train_loss=54.1181 | train_acc=0.8548 | test_loss=9.5235 | test_acc=0.5314
Epoch 019/300 | train_loss=155.7572 | train_acc=0.5861 | test_loss=25.8795 | test_acc=0.4388
Epoch 235/300 | train_loss=49.2029 | train_acc=0.8672 | test_loss=8.6776 | test_acc=0.5478
Epoch 225/300 | train_loss=53.9302 | train_acc=0.8548 | test_loss=9.5204 | test_acc=0.5370
Epoch 020/300 | train_loss=153.2097 | train_acc=0.5944 | test_loss=25.4327 | test_acc=0.4456
Epoch 226/300 | train_loss=53.8409 | train_acc=0.8550 | test_loss=9.4997 | test_acc=0.5290
Epoch 236/300 | train_loss=48.9990 | train_acc=0.8680 | test_loss=8.6705 | test_acc=0.5578
Epoch 021/300 | train_loss=150.4496 | train_acc=0.6027 | test_loss=25.0148 | test_acc=0.4522
Epoch 227/300 | train_loss=53.8553 | train_acc=0.8551 | test_loss=9.4687 | test_acc=0.5344
Epoch 237/300 | train_loss=49.0551 | train_acc=0.8677 | test_loss=8.6552 | test_acc=0.5492
Epoch 022/300 | train_loss=148.0367 | train_acc=0.6088 | test_loss=24.6122 | test_acc=0.4579
Epoch 228/300 | train_loss=53.6128 | train_acc=0.8553 | test_loss=9.4531 | test_acc=0.5313
Epoch 238/300 | train_loss=48.9132 | train_acc=0.8682 | test_loss=8.6547 | test_acc=0.5475
Epoch 023/300 | train_loss=145.6808 | train_acc=0.6163 | test_loss=24.2057 | test_acc=0.4605
Epoch 229/300 | train_loss=53.5828 | train_acc=0.8557 | test_loss=9.4585 | test_acc=0.5249
Epoch 024/300 | train_loss=143.2215 | train_acc=0.6209 | test_loss=23.8393 | test_acc=0.4648
Epoch 239/300 | train_loss=48.8841 | train_acc=0.8680 | test_loss=8.6422 | test_acc=0.5501
Epoch 230/300 | train_loss=53.4888 | train_acc=0.8559 | test_loss=9.4269 | test_acc=0.5329
Epoch 025/300 | train_loss=141.1637 | train_acc=0.6271 | test_loss=23.4987 | test_acc=0.4653
Epoch 240/300 | train_loss=48.7871 | train_acc=0.8686 | test_loss=8.6071 | test_acc=0.5517
Epoch 231/300 | train_loss=53.4101 | train_acc=0.8564 | test_loss=9.4093 | test_acc=0.5321
Epoch 026/300 | train_loss=139.0584 | train_acc=0.6327 | test_loss=23.1589 | test_acc=0.4756
Epoch 241/300 | train_loss=48.5397 | train_acc=0.8685 | test_loss=8.5967 | test_acc=0.5526
Epoch 232/300 | train_loss=53.3609 | train_acc=0.8562 | test_loss=9.4107 | test_acc=0.5401
Epoch 027/300 | train_loss=137.0721 | train_acc=0.6382 | test_loss=22.8122 | test_acc=0.4727
Epoch 242/300 | train_loss=48.5838 | train_acc=0.8689 | test_loss=8.6068 | test_acc=0.5493
Epoch 233/300 | train_loss=53.2527 | train_acc=0.8567 | test_loss=9.3997 | test_acc=0.5429
Epoch 028/300 | train_loss=135.2240 | train_acc=0.6442 | test_loss=22.4979 | test_acc=0.4757
Epoch 234/300 | train_loss=53.1402 | train_acc=0.8571 | test_loss=9.3865 | test_acc=0.5306
Epoch 243/300 | train_loss=48.5168 | train_acc=0.8689 | test_loss=8.5782 | test_acc=0.5516
Epoch 029/300 | train_loss=133.2433 | train_acc=0.6489 | test_loss=22.1926 | test_acc=0.4809
Epoch 030/300 | train_loss=131.4541 | train_acc=0.6542 | test_loss=21.8967 | test_acc=0.4742
Epoch 235/300 | train_loss=53.0832 | train_acc=0.8571 | test_loss=9.3652 | test_acc=0.5369
Epoch 244/300 | train_loss=48.4861 | train_acc=0.8695 | test_loss=8.5650 | test_acc=0.5572
Epoch 031/300 | train_loss=129.6491 | train_acc=0.6582 | test_loss=21.5989 | test_acc=0.4821
Epoch 236/300 | train_loss=52.9803 | train_acc=0.8573 | test_loss=9.3517 | test_acc=0.5334
Epoch 245/300 | train_loss=48.3087 | train_acc=0.8697 | test_loss=8.5540 | test_acc=0.5559
Epoch 032/300 | train_loss=127.9904 | train_acc=0.6632 | test_loss=21.3085 | test_acc=0.4788
Epoch 237/300 | train_loss=52.8594 | train_acc=0.8577 | test_loss=9.3382 | test_acc=0.5342
Epoch 246/300 | train_loss=48.4186 | train_acc=0.8694 | test_loss=8.5561 | test_acc=0.5631
Epoch 033/300 | train_loss=126.3319 | train_acc=0.6677 | test_loss=21.0632 | test_acc=0.4866
Epoch 238/300 | train_loss=52.8833 | train_acc=0.8577 | test_loss=9.3250 | test_acc=0.5374
Epoch 247/300 | train_loss=48.2442 | train_acc=0.8699 | test_loss=8.5499 | test_acc=0.5517
Epoch 034/300 | train_loss=124.7081 | train_acc=0.6710 | test_loss=20.7953 | test_acc=0.4896
Epoch 239/300 | train_loss=52.7921 | train_acc=0.8583 | test_loss=9.3316 | test_acc=0.5441
Epoch 248/300 | train_loss=48.2892 | train_acc=0.8699 | test_loss=8.5317 | test_acc=0.5488
Epoch 035/300 | train_loss=123.2525 | train_acc=0.6756 | test_loss=20.5446 | test_acc=0.4886
Epoch 249/300 | train_loss=48.0792 | train_acc=0.8700 | test_loss=8.5125 | test_acc=0.5545
Epoch 240/300 | train_loss=52.5111 | train_acc=0.8581 | test_loss=9.3021 | test_acc=0.5370
Epoch 036/300 | train_loss=121.8140 | train_acc=0.6791 | test_loss=20.3133 | test_acc=0.4877
Epoch 241/300 | train_loss=52.5820 | train_acc=0.8582 | test_loss=9.3033 | test_acc=0.5388
Epoch 250/300 | train_loss=48.0953 | train_acc=0.8703 | test_loss=8.5050 | test_acc=0.5531
Epoch 037/300 | train_loss=120.5802 | train_acc=0.6828 | test_loss=20.0714 | test_acc=0.4887
Epoch 242/300 | train_loss=52.5095 | train_acc=0.8585 | test_loss=9.2892 | test_acc=0.5388
Epoch 251/300 | train_loss=47.9855 | train_acc=0.8704 | test_loss=8.5049 | test_acc=0.5566
Epoch 038/300 | train_loss=119.1651 | train_acc=0.6862 | test_loss=19.8414 | test_acc=0.4928
Epoch 243/300 | train_loss=52.3963 | train_acc=0.8589 | test_loss=9.2665 | test_acc=0.5498
Epoch 039/300 | train_loss=117.7956 | train_acc=0.6899 | test_loss=19.6406 | test_acc=0.4897
Epoch 252/300 | train_loss=47.8649 | train_acc=0.8710 | test_loss=8.4717 | test_acc=0.5502
Epoch 244/300 | train_loss=52.2489 | train_acc=0.8588 | test_loss=9.2408 | test_acc=0.5402
Epoch 040/300 | train_loss=116.5429 | train_acc=0.6929 | test_loss=19.4427 | test_acc=0.4914
Epoch 253/300 | train_loss=47.7593 | train_acc=0.8713 | test_loss=8.4642 | test_acc=0.5606
Epoch 041/300 | train_loss=115.2367 | train_acc=0.6957 | test_loss=19.2154 | test_acc=0.4901
Epoch 245/300 | train_loss=52.3581 | train_acc=0.8589 | test_loss=9.2374 | test_acc=0.5439
Epoch 042/300 | train_loss=114.0751 | train_acc=0.6987 | test_loss=19.0316 | test_acc=0.4916
Epoch 254/300 | train_loss=47.7209 | train_acc=0.8715 | test_loss=8.4519 | test_acc=0.5576
Epoch 246/300 | train_loss=52.3537 | train_acc=0.8593 | test_loss=9.2243 | test_acc=0.5423
Epoch 043/300 | train_loss=112.9624 | train_acc=0.7016 | test_loss=18.8372 | test_acc=0.4963
Epoch 255/300 | train_loss=47.5890 | train_acc=0.8716 | test_loss=8.4401 | test_acc=0.5682
Epoch 247/300 | train_loss=52.0365 | train_acc=0.8599 | test_loss=9.2035 | test_acc=0.5368
Epoch 044/300 | train_loss=111.8957 | train_acc=0.7044 | test_loss=18.6770 | test_acc=0.4964
Epoch 256/300 | train_loss=47.5309 | train_acc=0.8720 | test_loss=8.4352 | test_acc=0.5628
Epoch 248/300 | train_loss=51.9169 | train_acc=0.8603 | test_loss=9.1927 | test_acc=0.5494
Epoch 045/300 | train_loss=110.8048 | train_acc=0.7073 | test_loss=18.4896 | test_acc=0.5028
Epoch 257/300 | train_loss=47.5339 | train_acc=0.8722 | test_loss=8.4194 | test_acc=0.5602
Epoch 249/300 | train_loss=51.8886 | train_acc=0.8602 | test_loss=9.1912 | test_acc=0.5466
Epoch 046/300 | train_loss=109.7111 | train_acc=0.7094 | test_loss=18.3169 | test_acc=0.5083
Epoch 250/300 | train_loss=51.8962 | train_acc=0.8606 | test_loss=9.1776 | test_acc=0.5452
Epoch 047/300 | train_loss=108.7060 | train_acc=0.7121 | test_loss=18.1549 | test_acc=0.4997
Epoch 258/300 | train_loss=47.4340 | train_acc=0.8721 | test_loss=8.4194 | test_acc=0.5568
Epoch 048/300 | train_loss=107.7703 | train_acc=0.7144 | test_loss=18.0090 | test_acc=0.5077
Epoch 251/300 | train_loss=51.7913 | train_acc=0.8603 | test_loss=9.1700 | test_acc=0.5421
Epoch 259/300 | train_loss=47.4198 | train_acc=0.8724 | test_loss=8.4021 | test_acc=0.5607
Epoch 049/300 | train_loss=106.8715 | train_acc=0.7163 | test_loss=17.8376 | test_acc=0.5040
Epoch 252/300 | train_loss=51.6462 | train_acc=0.8606 | test_loss=9.1596 | test_acc=0.5443
Epoch 260/300 | train_loss=47.3062 | train_acc=0.8725 | test_loss=8.3837 | test_acc=0.5642
Epoch 050/300 | train_loss=106.0224 | train_acc=0.7188 | test_loss=17.6936 | test_acc=0.5008
Epoch 253/300 | train_loss=51.5825 | train_acc=0.8610 | test_loss=9.1433 | test_acc=0.5371
Epoch 261/300 | train_loss=47.1988 | train_acc=0.8731 | test_loss=8.3743 | test_acc=0.5661
Epoch 051/300 | train_loss=104.9619 | train_acc=0.7217 | test_loss=17.4832 | test_acc=0.4986
Epoch 254/300 | train_loss=51.5795 | train_acc=0.8604 | test_loss=9.1376 | test_acc=0.5378
Epoch 052/300 | train_loss=103.5020 | train_acc=0.7253 | test_loss=17.2602 | test_acc=0.5039
Epoch 262/300 | train_loss=47.1005 | train_acc=0.8732 | test_loss=8.3810 | test_acc=0.5603
Epoch 053/300 | train_loss=102.6485 | train_acc=0.7293 | test_loss=17.1025 | test_acc=0.5063
Epoch 255/300 | train_loss=51.4075 | train_acc=0.8611 | test_loss=9.1301 | test_acc=0.5351
Epoch 263/300 | train_loss=47.0928 | train_acc=0.8728 | test_loss=8.3692 | test_acc=0.5618
Epoch 054/300 | train_loss=101.3679 | train_acc=0.7313 | test_loss=16.9373 | test_acc=0.4990
Epoch 264/300 | train_loss=46.9552 | train_acc=0.8733 | test_loss=8.3632 | test_acc=0.5580
Epoch 256/300 | train_loss=51.4450 | train_acc=0.8618 | test_loss=9.1042 | test_acc=0.5461
Epoch 055/300 | train_loss=100.4880 | train_acc=0.7341 | test_loss=16.8100 | test_acc=0.4992
Epoch 257/300 | train_loss=51.3083 | train_acc=0.8616 | test_loss=9.0978 | test_acc=0.5412
Epoch 265/300 | train_loss=46.9108 | train_acc=0.8738 | test_loss=8.3445 | test_acc=0.5593
Epoch 056/300 | train_loss=99.6248 | train_acc=0.7359 | test_loss=16.6797 | test_acc=0.5151
Epoch 266/300 | train_loss=46.8488 | train_acc=0.8735 | test_loss=8.3484 | test_acc=0.5630
Epoch 258/300 | train_loss=51.1807 | train_acc=0.8625 | test_loss=9.0901 | test_acc=0.5442
Epoch 057/300 | train_loss=98.9080 | train_acc=0.7382 | test_loss=16.5405 | test_acc=0.5083
Epoch 058/300 | train_loss=98.0819 | train_acc=0.7401 | test_loss=16.4075 | test_acc=0.5086
Epoch 267/300 | train_loss=46.9313 | train_acc=0.8743 | test_loss=8.3184 | test_acc=0.5636
Epoch 259/300 | train_loss=51.2422 | train_acc=0.8621 | test_loss=9.0841 | test_acc=0.5487
Epoch 059/300 | train_loss=97.4321 | train_acc=0.7418 | test_loss=16.2775 | test_acc=0.5075
Epoch 268/300 | train_loss=46.7501 | train_acc=0.8743 | test_loss=8.3098 | test_acc=0.5606
Epoch 260/300 | train_loss=51.1779 | train_acc=0.8622 | test_loss=9.0544 | test_acc=0.5479
Epoch 060/300 | train_loss=96.5450 | train_acc=0.7443 | test_loss=16.1613 | test_acc=0.5097
Epoch 269/300 | train_loss=46.6804 | train_acc=0.8738 | test_loss=8.2921 | test_acc=0.5642
Epoch 061/300 | train_loss=95.6681 | train_acc=0.7453 | test_loss=16.0436 | test_acc=0.5126
Epoch 261/300 | train_loss=51.0657 | train_acc=0.8625 | test_loss=9.0547 | test_acc=0.5485
Epoch 270/300 | train_loss=46.5764 | train_acc=0.8746 | test_loss=8.2897 | test_acc=0.5586
Epoch 062/300 | train_loss=95.1178 | train_acc=0.7468 | test_loss=15.9208 | test_acc=0.5124
Epoch 262/300 | train_loss=50.9507 | train_acc=0.8624 | test_loss=9.0326 | test_acc=0.5463
Epoch 271/300 | train_loss=46.6526 | train_acc=0.8745 | test_loss=8.2916 | test_acc=0.5661
Epoch 063/300 | train_loss=94.4155 | train_acc=0.7487 | test_loss=15.8035 | test_acc=0.5114
Epoch 064/300 | train_loss=93.7878 | train_acc=0.7505 | test_loss=15.7019 | test_acc=0.5088
Epoch 272/300 | train_loss=46.3958 | train_acc=0.8751 | test_loss=8.2699 | test_acc=0.5674
Epoch 263/300 | train_loss=50.8359 | train_acc=0.8632 | test_loss=9.0199 | test_acc=0.5452
Epoch 065/300 | train_loss=93.1222 | train_acc=0.7527 | test_loss=15.5885 | test_acc=0.5129
Epoch 273/300 | train_loss=46.4721 | train_acc=0.8752 | test_loss=8.2581 | test_acc=0.5678
Epoch 264/300 | train_loss=50.8796 | train_acc=0.8628 | test_loss=9.0230 | test_acc=0.5527
Epoch 066/300 | train_loss=92.5600 | train_acc=0.7532 | test_loss=15.4980 | test_acc=0.5110
Epoch 274/300 | train_loss=46.4444 | train_acc=0.8756 | test_loss=8.2514 | test_acc=0.5671
Epoch 067/300 | train_loss=91.8697 | train_acc=0.7562 | test_loss=15.4000 | test_acc=0.5097
Epoch 265/300 | train_loss=50.8763 | train_acc=0.8636 | test_loss=9.0054 | test_acc=0.5461
Epoch 275/300 | train_loss=46.3281 | train_acc=0.8753 | test_loss=8.2370 | test_acc=0.5644
Epoch 068/300 | train_loss=91.1228 | train_acc=0.7567 | test_loss=15.3064 | test_acc=0.5163
Epoch 276/300 | train_loss=46.1704 | train_acc=0.8757 | test_loss=8.2360 | test_acc=0.5631
Epoch 266/300 | train_loss=50.7369 | train_acc=0.8633 | test_loss=8.9948 | test_acc=0.5452
Epoch 069/300 | train_loss=90.6374 | train_acc=0.7584 | test_loss=15.2079 | test_acc=0.5094
Epoch 277/300 | train_loss=46.0992 | train_acc=0.8757 | test_loss=8.2249 | test_acc=0.5690
Epoch 070/300 | train_loss=90.0646 | train_acc=0.7603 | test_loss=15.1037 | test_acc=0.5037
Epoch 267/300 | train_loss=50.7602 | train_acc=0.8637 | test_loss=8.9784 | test_acc=0.5491
Epoch 278/300 | train_loss=46.0364 | train_acc=0.8765 | test_loss=8.2129 | test_acc=0.5679
Epoch 071/300 | train_loss=89.3583 | train_acc=0.7618 | test_loss=15.0101 | test_acc=0.5134
Epoch 268/300 | train_loss=50.6349 | train_acc=0.8637 | test_loss=8.9746 | test_acc=0.5540
Epoch 279/300 | train_loss=46.0743 | train_acc=0.8762 | test_loss=8.2007 | test_acc=0.5724
Epoch 072/300 | train_loss=88.7949 | train_acc=0.7630 | test_loss=14.9270 | test_acc=0.5118
Epoch 073/300 | train_loss=88.3495 | train_acc=0.7652 | test_loss=14.8324 | test_acc=0.5145
Epoch 280/300 | train_loss=46.0346 | train_acc=0.8766 | test_loss=8.1942 | test_acc=0.5697
Epoch 269/300 | train_loss=50.5002 | train_acc=0.8643 | test_loss=8.9722 | test_acc=0.5494
Epoch 074/300 | train_loss=87.8425 | train_acc=0.7664 | test_loss=14.7397 | test_acc=0.5153
Epoch 281/300 | train_loss=45.8985 | train_acc=0.8769 | test_loss=8.1917 | test_acc=0.5708
Epoch 270/300 | train_loss=50.4101 | train_acc=0.8646 | test_loss=8.9363 | test_acc=0.5495
Epoch 075/300 | train_loss=87.2388 | train_acc=0.7680 | test_loss=14.6790 | test_acc=0.5155
Epoch 282/300 | train_loss=45.8388 | train_acc=0.8761 | test_loss=8.1815 | test_acc=0.5696
Epoch 271/300 | train_loss=50.3666 | train_acc=0.8647 | test_loss=8.9435 | test_acc=0.5503
Epoch 076/300 | train_loss=86.8133 | train_acc=0.7691 | test_loss=14.5829 | test_acc=0.5138
Epoch 283/300 | train_loss=45.8822 | train_acc=0.8770 | test_loss=8.1605 | test_acc=0.5655
Epoch 077/300 | train_loss=86.2126 | train_acc=0.7711 | test_loss=14.5205 | test_acc=0.5147
Epoch 272/300 | train_loss=50.2815 | train_acc=0.8645 | test_loss=8.9304 | test_acc=0.5490
Epoch 078/300 | train_loss=85.6315 | train_acc=0.7721 | test_loss=14.4151 | test_acc=0.5140
Epoch 284/300 | train_loss=45.7742 | train_acc=0.8773 | test_loss=8.1476 | test_acc=0.5706
Epoch 273/300 | train_loss=50.1806 | train_acc=0.8651 | test_loss=8.9377 | test_acc=0.5486
Epoch 079/300 | train_loss=85.2075 | train_acc=0.7732 | test_loss=14.3552 | test_acc=0.5183
Epoch 285/300 | train_loss=45.6221 | train_acc=0.8775 | test_loss=8.1385 | test_acc=0.5702
Epoch 080/300 | train_loss=84.7118 | train_acc=0.7742 | test_loss=14.2735 | test_acc=0.5089
Epoch 274/300 | train_loss=50.0481 | train_acc=0.8649 | test_loss=8.9144 | test_acc=0.5553
Epoch 081/300 | train_loss=84.1841 | train_acc=0.7759 | test_loss=14.2057 | test_acc=0.5127
Epoch 286/300 | train_loss=45.5916 | train_acc=0.8776 | test_loss=8.1480 | test_acc=0.5722
Epoch 275/300 | train_loss=50.1302 | train_acc=0.8648 | test_loss=8.9092 | test_acc=0.5485
Epoch 082/300 | train_loss=83.7098 | train_acc=0.7763 | test_loss=14.1444 | test_acc=0.5109
Epoch 276/300 | train_loss=49.9795 | train_acc=0.8653 | test_loss=8.8802 | test_acc=0.5516
Epoch 287/300 | train_loss=45.5989 | train_acc=0.8774 | test_loss=8.1183 | test_acc=0.5748
Epoch 083/300 | train_loss=83.4240 | train_acc=0.7779 | test_loss=14.0820 | test_acc=0.5027
Epoch 288/300 | train_loss=45.5853 | train_acc=0.8776 | test_loss=8.1258 | test_acc=0.5759
Epoch 277/300 | train_loss=49.9680 | train_acc=0.8656 | test_loss=8.8826 | test_acc=0.5492
Epoch 084/300 | train_loss=82.9047 | train_acc=0.7790 | test_loss=13.9857 | test_acc=0.5137
Epoch 289/300 | train_loss=45.5391 | train_acc=0.8778 | test_loss=8.1156 | test_acc=0.5767
Epoch 278/300 | train_loss=49.8016 | train_acc=0.8659 | test_loss=8.8836 | test_acc=0.5490
Epoch 085/300 | train_loss=82.5249 | train_acc=0.7807 | test_loss=13.9100 | test_acc=0.5138
Epoch 290/300 | train_loss=45.4043 | train_acc=0.8778 | test_loss=8.0951 | test_acc=0.5677
Epoch 279/300 | train_loss=49.7681 | train_acc=0.8655 | test_loss=8.8595 | test_acc=0.5501
Epoch 086/300 | train_loss=82.0621 | train_acc=0.7810 | test_loss=13.8640 | test_acc=0.5090
Epoch 291/300 | train_loss=45.3804 | train_acc=0.8780 | test_loss=8.0843 | test_acc=0.5817
Epoch 280/300 | train_loss=49.7714 | train_acc=0.8660 | test_loss=8.8587 | test_acc=0.5497
Epoch 087/300 | train_loss=81.5991 | train_acc=0.7831 | test_loss=13.7871 | test_acc=0.5090
Epoch 292/300 | train_loss=45.3436 | train_acc=0.8785 | test_loss=8.0845 | test_acc=0.5726
Epoch 088/300 | train_loss=81.2170 | train_acc=0.7832 | test_loss=13.7269 | test_acc=0.5179
Epoch 281/300 | train_loss=49.7271 | train_acc=0.8659 | test_loss=8.8630 | test_acc=0.5578
Epoch 293/300 | train_loss=45.4247 | train_acc=0.8785 | test_loss=8.0854 | test_acc=0.5703
Epoch 089/300 | train_loss=80.9393 | train_acc=0.7837 | test_loss=13.6596 | test_acc=0.5104
Epoch 282/300 | train_loss=49.6102 | train_acc=0.8660 | test_loss=8.8332 | test_acc=0.5524
Epoch 294/300 | train_loss=45.1900 | train_acc=0.8792 | test_loss=8.0622 | test_acc=0.5852
Epoch 090/300 | train_loss=80.3603 | train_acc=0.7856 | test_loss=13.6041 | test_acc=0.5122
Epoch 295/300 | train_loss=45.0111 | train_acc=0.8787 | test_loss=8.0712 | test_acc=0.5763
Epoch 283/300 | train_loss=49.6438 | train_acc=0.8659 | test_loss=8.8224 | test_acc=0.5520
Epoch 091/300 | train_loss=79.9311 | train_acc=0.7861 | test_loss=13.5385 | test_acc=0.5121
Epoch 092/300 | train_loss=79.6776 | train_acc=0.7875 | test_loss=13.4961 | test_acc=0.5141
Epoch 296/300 | train_loss=44.9223 | train_acc=0.8789 | test_loss=8.0409 | test_acc=0.5768
Epoch 284/300 | train_loss=49.4674 | train_acc=0.8666 | test_loss=8.8163 | test_acc=0.5528
Epoch 093/300 | train_loss=79.1834 | train_acc=0.7884 | test_loss=13.4280 | test_acc=0.5165
Epoch 297/300 | train_loss=45.0845 | train_acc=0.8789 | test_loss=8.0373 | test_acc=0.5725
Epoch 285/300 | train_loss=49.4728 | train_acc=0.8665 | test_loss=8.8101 | test_acc=0.5570
Epoch 094/300 | train_loss=78.8277 | train_acc=0.7895 | test_loss=13.3515 | test_acc=0.5137
Epoch 298/300 | train_loss=44.9169 | train_acc=0.8792 | test_loss=8.0390 | test_acc=0.5799
Epoch 286/300 | train_loss=49.3408 | train_acc=0.8665 | test_loss=8.7967 | test_acc=0.5605
Epoch 095/300 | train_loss=78.4561 | train_acc=0.7908 | test_loss=13.3010 | test_acc=0.5088
Epoch 299/300 | train_loss=44.9196 | train_acc=0.8791 | test_loss=8.0342 | test_acc=0.5644
Epoch 287/300 | train_loss=49.2668 | train_acc=0.8670 | test_loss=8.7953 | test_acc=0.5553
Epoch 096/300 | train_loss=78.1658 | train_acc=0.7914 | test_loss=13.2496 | test_acc=0.5135
Epoch 288/300 | train_loss=49.3195 | train_acc=0.8667 | test_loss=8.7844 | test_acc=0.5593
Epoch 097/300 | train_loss=77.6764 | train_acc=0.7926 | test_loss=13.1885 | test_acc=0.5131
Epoch 300/300 | train_loss=44.7434 | train_acc=0.8796 | test_loss=8.0219 | test_acc=0.5791
Epoch 098/300 | train_loss=77.2538 | train_acc=0.7932 | test_loss=13.1393 | test_acc=0.5149
Epoch 289/300 | train_loss=49.2663 | train_acc=0.8667 | test_loss=8.7841 | test_acc=0.5483
Completed bio_frozen run 1 on cuda:6 | test_acc=0.5791
Started bio_frozen run 4 | seed=1237 | device=cuda:6 | trainable_params=21514 | total_params=24212
Epoch 099/300 | train_loss=76.9021 | train_acc=0.7943 | test_loss=13.0796 | test_acc=0.5195
Epoch 290/300 | train_loss=49.1184 | train_acc=0.8670 | test_loss=8.7727 | test_acc=0.5497
Epoch 100/300 | train_loss=76.6918 | train_acc=0.7950 | test_loss=13.0362 | test_acc=0.5100
Epoch 291/300 | train_loss=49.0926 | train_acc=0.8673 | test_loss=8.7650 | test_acc=0.5580
Epoch 101/300 | train_loss=76.3158 | train_acc=0.7966 | test_loss=12.9944 | test_acc=0.5172
Epoch 292/300 | train_loss=49.1204 | train_acc=0.8680 | test_loss=8.7316 | test_acc=0.5595
Epoch 001/300 | train_loss=265.3181 | train_acc=0.1911 | test_loss=43.7309 | test_acc=0.3035
Epoch 102/300 | train_loss=75.8750 | train_acc=0.7966 | test_loss=12.9237 | test_acc=0.5106
Epoch 293/300 | train_loss=48.9030 | train_acc=0.8680 | test_loss=8.7351 | test_acc=0.5579
Epoch 103/300 | train_loss=75.5157 | train_acc=0.7975 | test_loss=12.8590 | test_acc=0.5130
Epoch 002/300 | train_loss=250.5857 | train_acc=0.3314 | test_loss=41.0990 | test_acc=0.3734
Epoch 294/300 | train_loss=48.9252 | train_acc=0.8679 | test_loss=8.7239 | test_acc=0.5565
Epoch 104/300 | train_loss=75.2849 | train_acc=0.7992 | test_loss=12.8196 | test_acc=0.5186
Epoch 003/300 | train_loss=236.7608 | train_acc=0.3779 | test_loss=38.9003 | test_acc=0.3786
Epoch 105/300 | train_loss=74.9277 | train_acc=0.7997 | test_loss=12.7710 | test_acc=0.5230
Epoch 295/300 | train_loss=48.8252 | train_acc=0.8682 | test_loss=8.7119 | test_acc=0.5566
Epoch 004/300 | train_loss=224.5131 | train_acc=0.4001 | test_loss=36.9497 | test_acc=0.3973
Epoch 106/300 | train_loss=74.7068 | train_acc=0.8005 | test_loss=12.7186 | test_acc=0.5243
Epoch 296/300 | train_loss=48.7338 | train_acc=0.8680 | test_loss=8.7118 | test_acc=0.5582
Epoch 005/300 | train_loss=214.7316 | train_acc=0.4218 | test_loss=35.5009 | test_acc=0.4026
Epoch 107/300 | train_loss=74.3181 | train_acc=0.8007 | test_loss=12.6702 | test_acc=0.5171
Epoch 006/300 | train_loss=207.1703 | train_acc=0.4390 | test_loss=34.2466 | test_acc=0.4016
Epoch 297/300 | train_loss=48.6296 | train_acc=0.8681 | test_loss=8.7058 | test_acc=0.5582
Epoch 108/300 | train_loss=74.0137 | train_acc=0.8021 | test_loss=12.6084 | test_acc=0.5158
Epoch 109/300 | train_loss=73.6621 | train_acc=0.8029 | test_loss=12.5712 | test_acc=0.5148
Epoch 007/300 | train_loss=200.1970 | train_acc=0.4561 | test_loss=33.1547 | test_acc=0.4081
Epoch 298/300 | train_loss=48.5885 | train_acc=0.8687 | test_loss=8.6894 | test_acc=0.5608
Epoch 110/300 | train_loss=73.4261 | train_acc=0.8038 | test_loss=12.5268 | test_acc=0.5165
Epoch 008/300 | train_loss=194.1562 | train_acc=0.4713 | test_loss=32.1523 | test_acc=0.4211
Epoch 111/300 | train_loss=73.1344 | train_acc=0.8034 | test_loss=12.4783 | test_acc=0.5218
Epoch 299/300 | train_loss=48.4854 | train_acc=0.8689 | test_loss=8.6958 | test_acc=0.5644
Epoch 009/300 | train_loss=188.4175 | train_acc=0.4857 | test_loss=31.2316 | test_acc=0.4240
Epoch 112/300 | train_loss=72.8669 | train_acc=0.8049 | test_loss=12.4359 | test_acc=0.5196
Epoch 010/300 | train_loss=183.2686 | train_acc=0.4996 | test_loss=30.3969 | test_acc=0.4310
Epoch 300/300 | train_loss=48.4809 | train_acc=0.8691 | test_loss=8.6799 | test_acc=0.5560
Epoch 113/300 | train_loss=72.5685 | train_acc=0.8058 | test_loss=12.3825 | test_acc=0.5144
Epoch 011/300 | train_loss=178.4012 | train_acc=0.5128 | test_loss=29.5845 | test_acc=0.4375
Completed bio_frozen run 2 on cuda:7 | test_acc=0.556
Started bio_frozen run 5 | seed=1238 | device=cuda:7 | trainable_params=21514 | total_params=24212
Epoch 114/300 | train_loss=72.3298 | train_acc=0.8064 | test_loss=12.3338 | test_acc=0.5139
Epoch 012/300 | train_loss=173.7613 | train_acc=0.5255 | test_loss=28.8676 | test_acc=0.4424
Epoch 115/300 | train_loss=71.9166 | train_acc=0.8075 | test_loss=12.3008 | test_acc=0.5207
Epoch 013/300 | train_loss=169.7065 | train_acc=0.5376 | test_loss=28.1859 | test_acc=0.4397
Epoch 116/300 | train_loss=71.5939 | train_acc=0.8084 | test_loss=12.2462 | test_acc=0.5226
Epoch 014/300 | train_loss=165.3784 | train_acc=0.5507 | test_loss=27.4060 | test_acc=0.4548
Epoch 001/300 | train_loss=266.1235 | train_acc=0.1960 | test_loss=44.0851 | test_acc=0.3145
Epoch 117/300 | train_loss=71.4026 | train_acc=0.8088 | test_loss=12.2144 | test_acc=0.5230
Epoch 015/300 | train_loss=160.9680 | train_acc=0.5637 | test_loss=26.7253 | test_acc=0.4629
Epoch 002/300 | train_loss=253.6406 | train_acc=0.3313 | test_loss=41.8867 | test_acc=0.3179
Epoch 118/300 | train_loss=71.0998 | train_acc=0.8093 | test_loss=12.1581 | test_acc=0.5191
Epoch 003/300 | train_loss=241.3478 | train_acc=0.3585 | test_loss=39.8770 | test_acc=0.3285
Epoch 119/300 | train_loss=70.8136 | train_acc=0.8099 | test_loss=12.1216 | test_acc=0.5163
Epoch 016/300 | train_loss=157.2266 | train_acc=0.5756 | test_loss=26.1313 | test_acc=0.4607
Epoch 120/300 | train_loss=70.6179 | train_acc=0.8105 | test_loss=12.1091 | test_acc=0.5207
Epoch 004/300 | train_loss=230.4901 | train_acc=0.3804 | test_loss=38.1201 | test_acc=0.3427
Epoch 017/300 | train_loss=153.8599 | train_acc=0.5868 | test_loss=25.5897 | test_acc=0.4704
Epoch 121/300 | train_loss=70.3507 | train_acc=0.8111 | test_loss=12.0471 | test_acc=0.5186
Epoch 005/300 | train_loss=221.1335 | train_acc=0.3977 | test_loss=36.5639 | test_acc=0.3591
Epoch 018/300 | train_loss=150.6390 | train_acc=0.5957 | test_loss=25.0711 | test_acc=0.4676
Epoch 122/300 | train_loss=70.0751 | train_acc=0.8122 | test_loss=11.9979 | test_acc=0.5175
Epoch 006/300 | train_loss=212.3337 | train_acc=0.4210 | test_loss=35.1737 | test_acc=0.3631
Epoch 123/300 | train_loss=69.8411 | train_acc=0.8125 | test_loss=11.9726 | test_acc=0.5158
Epoch 019/300 | train_loss=147.7252 | train_acc=0.6054 | test_loss=24.5612 | test_acc=0.4764
Epoch 007/300 | train_loss=204.7773 | train_acc=0.4415 | test_loss=33.9554 | test_acc=0.3752
Epoch 124/300 | train_loss=69.7224 | train_acc=0.8129 | test_loss=11.9244 | test_acc=0.5251
Epoch 020/300 | train_loss=144.8003 | train_acc=0.6164 | test_loss=24.0818 | test_acc=0.4743
Epoch 008/300 | train_loss=197.7713 | train_acc=0.4620 | test_loss=32.7791 | test_acc=0.3793
Epoch 125/300 | train_loss=69.2081 | train_acc=0.8138 | test_loss=11.8764 | test_acc=0.5140
Epoch 021/300 | train_loss=142.0012 | train_acc=0.6247 | test_loss=23.6550 | test_acc=0.4819
Epoch 126/300 | train_loss=69.2096 | train_acc=0.8139 | test_loss=11.8436 | test_acc=0.5154
Epoch 009/300 | train_loss=191.1639 | train_acc=0.4824 | test_loss=31.7231 | test_acc=0.3854
Epoch 022/300 | train_loss=139.5041 | train_acc=0.6326 | test_loss=23.2328 | test_acc=0.4795
Epoch 127/300 | train_loss=68.7850 | train_acc=0.8144 | test_loss=11.8074 | test_acc=0.5141
Epoch 010/300 | train_loss=185.6854 | train_acc=0.4996 | test_loss=30.8409 | test_acc=0.3918
Epoch 023/300 | train_loss=136.9419 | train_acc=0.6403 | test_loss=22.8316 | test_acc=0.4844
Epoch 128/300 | train_loss=68.6561 | train_acc=0.8151 | test_loss=11.7805 | test_acc=0.5286
Epoch 011/300 | train_loss=180.4626 | train_acc=0.5161 | test_loss=29.9797 | test_acc=0.3874
Epoch 129/300 | train_loss=68.4529 | train_acc=0.8164 | test_loss=11.7742 | test_acc=0.5129
Epoch 024/300 | train_loss=134.7035 | train_acc=0.6474 | test_loss=22.4512 | test_acc=0.4843
Epoch 012/300 | train_loss=175.3838 | train_acc=0.5292 | test_loss=29.1142 | test_acc=0.3953
Epoch 130/300 | train_loss=68.2241 | train_acc=0.8168 | test_loss=11.7073 | test_acc=0.5207
Epoch 025/300 | train_loss=132.6184 | train_acc=0.6536 | test_loss=22.0910 | test_acc=0.4890
Epoch 013/300 | train_loss=170.5685 | train_acc=0.5436 | test_loss=28.3592 | test_acc=0.3945
Epoch 131/300 | train_loss=68.0049 | train_acc=0.8172 | test_loss=11.6673 | test_acc=0.5200
Epoch 026/300 | train_loss=130.3391 | train_acc=0.6591 | test_loss=21.7546 | test_acc=0.4939
Epoch 014/300 | train_loss=166.2394 | train_acc=0.5572 | test_loss=27.6439 | test_acc=0.3917
Epoch 132/300 | train_loss=67.8489 | train_acc=0.8176 | test_loss=11.6418 | test_acc=0.5258
Epoch 027/300 | train_loss=128.3124 | train_acc=0.6653 | test_loss=21.4129 | test_acc=0.4948
Epoch 133/300 | train_loss=67.4554 | train_acc=0.8184 | test_loss=11.6027 | test_acc=0.5223
Epoch 015/300 | train_loss=162.3337 | train_acc=0.5688 | test_loss=27.0101 | test_acc=0.4017
Epoch 028/300 | train_loss=126.4259 | train_acc=0.6706 | test_loss=21.0956 | test_acc=0.4973
Epoch 134/300 | train_loss=67.2969 | train_acc=0.8182 | test_loss=11.5734 | test_acc=0.5229
Epoch 016/300 | train_loss=158.5355 | train_acc=0.5802 | test_loss=26.3918 | test_acc=0.4007
Epoch 135/300 | train_loss=67.0861 | train_acc=0.8187 | test_loss=11.5442 | test_acc=0.5210
Epoch 029/300 | train_loss=124.5969 | train_acc=0.6758 | test_loss=20.7850 | test_acc=0.4967
Epoch 017/300 | train_loss=155.0431 | train_acc=0.5902 | test_loss=25.8023 | test_acc=0.4059
Epoch 136/300 | train_loss=66.8584 | train_acc=0.8195 | test_loss=11.5127 | test_acc=0.5123
Epoch 030/300 | train_loss=122.6702 | train_acc=0.6814 | test_loss=20.4978 | test_acc=0.5041
Epoch 018/300 | train_loss=151.7233 | train_acc=0.5987 | test_loss=25.2613 | test_acc=0.4045
Epoch 137/300 | train_loss=66.5872 | train_acc=0.8206 | test_loss=11.4828 | test_acc=0.5216
Epoch 019/300 | train_loss=148.4372 | train_acc=0.6089 | test_loss=24.7316 | test_acc=0.4068
Epoch 031/300 | train_loss=120.9374 | train_acc=0.6860 | test_loss=20.2278 | test_acc=0.4987
Epoch 138/300 | train_loss=66.5384 | train_acc=0.8207 | test_loss=11.4378 | test_acc=0.5263
Epoch 020/300 | train_loss=145.3921 | train_acc=0.6171 | test_loss=24.2283 | test_acc=0.4034
Epoch 032/300 | train_loss=119.4140 | train_acc=0.6904 | test_loss=19.9399 | test_acc=0.4969
Epoch 139/300 | train_loss=66.2192 | train_acc=0.8216 | test_loss=11.4033 | test_acc=0.5267
Epoch 021/300 | train_loss=142.5985 | train_acc=0.6250 | test_loss=23.7547 | test_acc=0.4158
Epoch 140/300 | train_loss=65.9483 | train_acc=0.8223 | test_loss=11.3762 | test_acc=0.5229
Epoch 033/300 | train_loss=117.8088 | train_acc=0.6945 | test_loss=19.6868 | test_acc=0.5021
Epoch 022/300 | train_loss=139.7124 | train_acc=0.6339 | test_loss=23.3106 | test_acc=0.4139
Epoch 141/300 | train_loss=65.7298 | train_acc=0.8225 | test_loss=11.3356 | test_acc=0.5202
Epoch 023/300 | train_loss=136.9738 | train_acc=0.6404 | test_loss=22.8656 | test_acc=0.4148
Epoch 034/300 | train_loss=116.2578 | train_acc=0.6978 | test_loss=19.4349 | test_acc=0.5051
Epoch 142/300 | train_loss=65.5969 | train_acc=0.8232 | test_loss=11.3128 | test_acc=0.5172
Epoch 024/300 | train_loss=134.6061 | train_acc=0.6479 | test_loss=22.4561 | test_acc=0.4138
Epoch 035/300 | train_loss=114.7387 | train_acc=0.7015 | test_loss=19.1973 | test_acc=0.5042
Epoch 143/300 | train_loss=65.3743 | train_acc=0.8234 | test_loss=11.2972 | test_acc=0.5198
Epoch 025/300 | train_loss=132.1774 | train_acc=0.6538 | test_loss=22.0610 | test_acc=0.4110
Epoch 036/300 | train_loss=113.4057 | train_acc=0.7047 | test_loss=18.9925 | test_acc=0.5090
Epoch 144/300 | train_loss=65.2567 | train_acc=0.8235 | test_loss=11.2528 | test_acc=0.5226
Epoch 145/300 | train_loss=65.1140 | train_acc=0.8245 | test_loss=11.2296 | test_acc=0.5242
Epoch 037/300 | train_loss=112.0098 | train_acc=0.7086 | test_loss=18.7614 | test_acc=0.4981
Epoch 026/300 | train_loss=130.0479 | train_acc=0.6604 | test_loss=21.6759 | test_acc=0.4179
Epoch 038/300 | train_loss=110.7670 | train_acc=0.7117 | test_loss=18.5626 | test_acc=0.5013
Epoch 146/300 | train_loss=64.7638 | train_acc=0.8250 | test_loss=11.1819 | test_acc=0.5232
Epoch 027/300 | train_loss=127.6999 | train_acc=0.6669 | test_loss=21.3152 | test_acc=0.4182
Epoch 039/300 | train_loss=109.4719 | train_acc=0.7148 | test_loss=18.3518 | test_acc=0.5142
Epoch 147/300 | train_loss=64.5960 | train_acc=0.8257 | test_loss=11.1709 | test_acc=0.5303
Epoch 028/300 | train_loss=125.5618 | train_acc=0.6722 | test_loss=20.9786 | test_acc=0.4256
Epoch 148/300 | train_loss=64.4635 | train_acc=0.8267 | test_loss=11.1411 | test_acc=0.5233
Epoch 040/300 | train_loss=108.3427 | train_acc=0.7176 | test_loss=18.1465 | test_acc=0.5057
Epoch 029/300 | train_loss=123.6470 | train_acc=0.6783 | test_loss=20.6473 | test_acc=0.4206
Epoch 149/300 | train_loss=64.2083 | train_acc=0.8272 | test_loss=11.0934 | test_acc=0.5276
Epoch 041/300 | train_loss=107.1014 | train_acc=0.7204 | test_loss=17.9614 | test_acc=0.5076
Epoch 030/300 | train_loss=121.6985 | train_acc=0.6828 | test_loss=20.3205 | test_acc=0.4231
Epoch 150/300 | train_loss=64.1656 | train_acc=0.8272 | test_loss=11.0794 | test_acc=0.5297
Epoch 042/300 | train_loss=105.9872 | train_acc=0.7228 | test_loss=17.7612 | test_acc=0.5055
Epoch 151/300 | train_loss=63.8898 | train_acc=0.8283 | test_loss=11.0514 | test_acc=0.5188
Epoch 031/300 | train_loss=119.7975 | train_acc=0.6875 | test_loss=20.0183 | test_acc=0.4248
Epoch 043/300 | train_loss=104.8353 | train_acc=0.7254 | test_loss=17.5942 | test_acc=0.5089
Epoch 152/300 | train_loss=63.6894 | train_acc=0.8288 | test_loss=11.0121 | test_acc=0.5242
Epoch 032/300 | train_loss=118.1020 | train_acc=0.6934 | test_loss=19.7261 | test_acc=0.4255
Epoch 044/300 | train_loss=103.7760 | train_acc=0.7275 | test_loss=17.4105 | test_acc=0.5026
Epoch 153/300 | train_loss=63.4912 | train_acc=0.8287 | test_loss=10.9987 | test_acc=0.5206
Epoch 033/300 | train_loss=116.2517 | train_acc=0.6970 | test_loss=19.4532 | test_acc=0.4222
Epoch 154/300 | train_loss=63.2798 | train_acc=0.8294 | test_loss=10.9520 | test_acc=0.5205
Epoch 045/300 | train_loss=102.5257 | train_acc=0.7304 | test_loss=17.2404 | test_acc=0.5123
Epoch 034/300 | train_loss=114.7488 | train_acc=0.7007 | test_loss=19.1775 | test_acc=0.4275
Epoch 155/300 | train_loss=62.9852 | train_acc=0.8303 | test_loss=10.9425 | test_acc=0.5194
Epoch 046/300 | train_loss=101.6418 | train_acc=0.7331 | test_loss=17.0820 | test_acc=0.5005
Epoch 035/300 | train_loss=113.0547 | train_acc=0.7054 | test_loss=18.9099 | test_acc=0.4327
Epoch 156/300 | train_loss=62.8009 | train_acc=0.8302 | test_loss=10.9076 | test_acc=0.5292
Epoch 036/300 | train_loss=111.5682 | train_acc=0.7090 | test_loss=18.6590 | test_acc=0.4335
Epoch 047/300 | train_loss=100.7507 | train_acc=0.7348 | test_loss=16.9056 | test_acc=0.5063
Epoch 157/300 | train_loss=62.5883 | train_acc=0.8313 | test_loss=10.8801 | test_acc=0.5314
Epoch 037/300 | train_loss=110.1853 | train_acc=0.7128 | test_loss=18.4187 | test_acc=0.4310
Epoch 048/300 | train_loss=99.6653 | train_acc=0.7371 | test_loss=16.7596 | test_acc=0.5046
Epoch 158/300 | train_loss=62.6066 | train_acc=0.8316 | test_loss=10.8543 | test_acc=0.5249
Epoch 038/300 | train_loss=108.7643 | train_acc=0.7161 | test_loss=18.1770 | test_acc=0.4375
Epoch 049/300 | train_loss=98.8428 | train_acc=0.7392 | test_loss=16.6192 | test_acc=0.5128
Epoch 159/300 | train_loss=62.4555 | train_acc=0.8319 | test_loss=10.8263 | test_acc=0.5226
Epoch 039/300 | train_loss=107.5206 | train_acc=0.7199 | test_loss=17.9475 | test_acc=0.4338
Epoch 160/300 | train_loss=62.3097 | train_acc=0.8327 | test_loss=10.8015 | test_acc=0.5273
Epoch 050/300 | train_loss=97.8277 | train_acc=0.7408 | test_loss=16.4668 | test_acc=0.5120
Epoch 040/300 | train_loss=105.9875 | train_acc=0.7228 | test_loss=17.7501 | test_acc=0.4313
Epoch 161/300 | train_loss=61.8940 | train_acc=0.8328 | test_loss=10.7692 | test_acc=0.5301
Epoch 051/300 | train_loss=96.9903 | train_acc=0.7424 | test_loss=16.3246 | test_acc=0.5075
Epoch 162/300 | train_loss=61.8962 | train_acc=0.8337 | test_loss=10.7458 | test_acc=0.5351
Epoch 041/300 | train_loss=104.6901 | train_acc=0.7253 | test_loss=17.5169 | test_acc=0.4392
Epoch 052/300 | train_loss=95.9915 | train_acc=0.7444 | test_loss=16.1840 | test_acc=0.5029
Epoch 163/300 | train_loss=61.6498 | train_acc=0.8345 | test_loss=10.7122 | test_acc=0.5366
Epoch 042/300 | train_loss=103.3604 | train_acc=0.7287 | test_loss=17.3189 | test_acc=0.4415
Epoch 164/300 | train_loss=61.4615 | train_acc=0.8345 | test_loss=10.6945 | test_acc=0.5267
Epoch 053/300 | train_loss=95.2976 | train_acc=0.7463 | test_loss=16.0597 | test_acc=0.5041
Epoch 165/300 | train_loss=61.3031 | train_acc=0.8348 | test_loss=10.6570 | test_acc=0.5282
Epoch 043/300 | train_loss=102.4079 | train_acc=0.7311 | test_loss=17.1242 | test_acc=0.4360
Epoch 054/300 | train_loss=94.5858 | train_acc=0.7479 | test_loss=15.9290 | test_acc=0.5068
Epoch 166/300 | train_loss=61.0776 | train_acc=0.8350 | test_loss=10.6385 | test_acc=0.5287
Epoch 044/300 | train_loss=101.1486 | train_acc=0.7348 | test_loss=16.9452 | test_acc=0.4374
Epoch 055/300 | train_loss=93.6322 | train_acc=0.7506 | test_loss=15.7865 | test_acc=0.5063
Epoch 167/300 | train_loss=60.8738 | train_acc=0.8359 | test_loss=10.6056 | test_acc=0.5270
Epoch 045/300 | train_loss=100.0905 | train_acc=0.7370 | test_loss=16.7576 | test_acc=0.4393
Epoch 168/300 | train_loss=60.8618 | train_acc=0.8358 | test_loss=10.5703 | test_acc=0.5318
Epoch 056/300 | train_loss=92.8434 | train_acc=0.7533 | test_loss=15.6734 | test_acc=0.5016
Epoch 046/300 | train_loss=98.9526 | train_acc=0.7394 | test_loss=16.5850 | test_acc=0.4356
Epoch 169/300 | train_loss=60.7554 | train_acc=0.8367 | test_loss=10.5576 | test_acc=0.5302
Epoch 057/300 | train_loss=92.0261 | train_acc=0.7545 | test_loss=15.5388 | test_acc=0.5064
Epoch 047/300 | train_loss=97.9921 | train_acc=0.7420 | test_loss=16.4148 | test_acc=0.4377
Epoch 170/300 | train_loss=60.4444 | train_acc=0.8379 | test_loss=10.5288 | test_acc=0.5281
Epoch 058/300 | train_loss=91.4150 | train_acc=0.7569 | test_loss=15.4268 | test_acc=0.5017
Epoch 048/300 | train_loss=96.9091 | train_acc=0.7445 | test_loss=16.2448 | test_acc=0.4419
Epoch 171/300 | train_loss=60.2694 | train_acc=0.8373 | test_loss=10.5021 | test_acc=0.5343
Epoch 059/300 | train_loss=90.7098 | train_acc=0.7583 | test_loss=15.3105 | test_acc=0.5046
Epoch 049/300 | train_loss=96.0078 | train_acc=0.7470 | test_loss=16.0930 | test_acc=0.4416
Epoch 172/300 | train_loss=60.2001 | train_acc=0.8385 | test_loss=10.4693 | test_acc=0.5319
Epoch 060/300 | train_loss=89.8765 | train_acc=0.7603 | test_loss=15.2010 | test_acc=0.5063
Epoch 173/300 | train_loss=59.9525 | train_acc=0.8383 | test_loss=10.4464 | test_acc=0.5325
Epoch 050/300 | train_loss=95.0670 | train_acc=0.7492 | test_loss=15.9362 | test_acc=0.4483
Epoch 061/300 | train_loss=89.2483 | train_acc=0.7620 | test_loss=15.1117 | test_acc=0.5014
Epoch 174/300 | train_loss=59.7522 | train_acc=0.8392 | test_loss=10.4281 | test_acc=0.5299
Epoch 051/300 | train_loss=94.0930 | train_acc=0.7514 | test_loss=15.7930 | test_acc=0.4418
Epoch 175/300 | train_loss=59.6901 | train_acc=0.8392 | test_loss=10.4017 | test_acc=0.5328
Epoch 062/300 | train_loss=88.5896 | train_acc=0.7639 | test_loss=14.9926 | test_acc=0.5058
Epoch 052/300 | train_loss=93.2393 | train_acc=0.7533 | test_loss=15.6553 | test_acc=0.4401
Epoch 176/300 | train_loss=59.4703 | train_acc=0.8393 | test_loss=10.3959 | test_acc=0.5443
Epoch 063/300 | train_loss=87.8601 | train_acc=0.7650 | test_loss=14.8983 | test_acc=0.5029
Epoch 053/300 | train_loss=92.5435 | train_acc=0.7549 | test_loss=15.5272 | test_acc=0.4380
Epoch 177/300 | train_loss=59.4619 | train_acc=0.8400 | test_loss=10.3731 | test_acc=0.5368
Epoch 064/300 | train_loss=87.2876 | train_acc=0.7664 | test_loss=14.8064 | test_acc=0.5028
Epoch 054/300 | train_loss=91.6659 | train_acc=0.7572 | test_loss=15.3910 | test_acc=0.4377
Epoch 178/300 | train_loss=59.2524 | train_acc=0.8407 | test_loss=10.3596 | test_acc=0.5317
Epoch 055/300 | train_loss=90.9657 | train_acc=0.7587 | test_loss=15.2695 | test_acc=0.4418
Epoch 065/300 | train_loss=86.6250 | train_acc=0.7681 | test_loss=14.7039 | test_acc=0.5006
Epoch 179/300 | train_loss=58.9620 | train_acc=0.8410 | test_loss=10.3466 | test_acc=0.5383
Epoch 056/300 | train_loss=90.2422 | train_acc=0.7602 | test_loss=15.1323 | test_acc=0.4423
Epoch 066/300 | train_loss=86.1266 | train_acc=0.7696 | test_loss=14.6089 | test_acc=0.5033
Epoch 180/300 | train_loss=58.8676 | train_acc=0.8413 | test_loss=10.3326 | test_acc=0.5365
Epoch 057/300 | train_loss=89.5166 | train_acc=0.7622 | test_loss=15.0129 | test_acc=0.4401
Epoch 067/300 | train_loss=85.4890 | train_acc=0.7709 | test_loss=14.5254 | test_acc=0.5061
Epoch 181/300 | train_loss=58.6888 | train_acc=0.8417 | test_loss=10.2893 | test_acc=0.5307
Epoch 058/300 | train_loss=88.7158 | train_acc=0.7643 | test_loss=14.9008 | test_acc=0.4448
Epoch 068/300 | train_loss=85.0145 | train_acc=0.7720 | test_loss=14.4421 | test_acc=0.5011
Epoch 182/300 | train_loss=58.5970 | train_acc=0.8421 | test_loss=10.2816 | test_acc=0.5233
Epoch 059/300 | train_loss=88.0506 | train_acc=0.7655 | test_loss=14.7940 | test_acc=0.4389
Epoch 069/300 | train_loss=84.4439 | train_acc=0.7736 | test_loss=14.3484 | test_acc=0.5072
Epoch 183/300 | train_loss=58.5935 | train_acc=0.8420 | test_loss=10.2502 | test_acc=0.5334
Epoch 060/300 | train_loss=87.3344 | train_acc=0.7680 | test_loss=14.6774 | test_acc=0.4471
Epoch 070/300 | train_loss=83.9569 | train_acc=0.7746 | test_loss=14.2620 | test_acc=0.5017
Epoch 184/300 | train_loss=58.3546 | train_acc=0.8427 | test_loss=10.2390 | test_acc=0.5282
Epoch 061/300 | train_loss=86.6821 | train_acc=0.7688 | test_loss=14.5774 | test_acc=0.4429
Epoch 185/300 | train_loss=58.2177 | train_acc=0.8431 | test_loss=10.2015 | test_acc=0.5273
Epoch 071/300 | train_loss=83.2876 | train_acc=0.7758 | test_loss=14.1766 | test_acc=0.5075
Epoch 186/300 | train_loss=58.2208 | train_acc=0.8434 | test_loss=10.1898 | test_acc=0.5305
Epoch 062/300 | train_loss=86.0723 | train_acc=0.7706 | test_loss=14.4651 | test_acc=0.4489
Epoch 072/300 | train_loss=82.8259 | train_acc=0.7778 | test_loss=14.0901 | test_acc=0.5061
Epoch 187/300 | train_loss=57.9988 | train_acc=0.8438 | test_loss=10.1759 | test_acc=0.5289
Epoch 063/300 | train_loss=85.3556 | train_acc=0.7717 | test_loss=14.3785 | test_acc=0.4467
Epoch 073/300 | train_loss=82.2590 | train_acc=0.7784 | test_loss=14.0102 | test_acc=0.5024
Epoch 188/300 | train_loss=57.7968 | train_acc=0.8444 | test_loss=10.1679 | test_acc=0.5241
Epoch 064/300 | train_loss=84.9189 | train_acc=0.7738 | test_loss=14.2676 | test_acc=0.4505
Epoch 074/300 | train_loss=81.7782 | train_acc=0.7800 | test_loss=13.9293 | test_acc=0.5036
Epoch 189/300 | train_loss=57.7201 | train_acc=0.8443 | test_loss=10.1408 | test_acc=0.5332
Epoch 065/300 | train_loss=84.1186 | train_acc=0.7749 | test_loss=14.1908 | test_acc=0.4452
Epoch 075/300 | train_loss=81.3832 | train_acc=0.7807 | test_loss=13.8722 | test_acc=0.4967
Epoch 190/300 | train_loss=57.6059 | train_acc=0.8445 | test_loss=10.1197 | test_acc=0.5341
Epoch 191/300 | train_loss=57.4137 | train_acc=0.8450 | test_loss=10.0819 | test_acc=0.5384
Epoch 076/300 | train_loss=80.8124 | train_acc=0.7822 | test_loss=13.8028 | test_acc=0.4973
Epoch 066/300 | train_loss=83.7235 | train_acc=0.7761 | test_loss=14.0922 | test_acc=0.4496
Epoch 192/300 | train_loss=57.2665 | train_acc=0.8449 | test_loss=10.0614 | test_acc=0.5297
Epoch 067/300 | train_loss=82.9766 | train_acc=0.7772 | test_loss=14.0068 | test_acc=0.4478
Epoch 077/300 | train_loss=80.2823 | train_acc=0.7835 | test_loss=13.7085 | test_acc=0.4982
Epoch 193/300 | train_loss=57.1629 | train_acc=0.8455 | test_loss=10.0552 | test_acc=0.5400
Epoch 078/300 | train_loss=79.9830 | train_acc=0.7847 | test_loss=13.6384 | test_acc=0.5054
Epoch 068/300 | train_loss=82.5179 | train_acc=0.7783 | test_loss=13.9155 | test_acc=0.4480
Epoch 194/300 | train_loss=57.2225 | train_acc=0.8459 | test_loss=10.0350 | test_acc=0.5411
Epoch 079/300 | train_loss=79.5416 | train_acc=0.7859 | test_loss=13.5783 | test_acc=0.5021
Epoch 069/300 | train_loss=81.9803 | train_acc=0.7798 | test_loss=13.8227 | test_acc=0.4498
Epoch 195/300 | train_loss=57.0370 | train_acc=0.8462 | test_loss=10.0041 | test_acc=0.5378
Epoch 080/300 | train_loss=78.9826 | train_acc=0.7873 | test_loss=13.4981 | test_acc=0.5051
Epoch 196/300 | train_loss=56.9870 | train_acc=0.8466 | test_loss=9.9975 | test_acc=0.5374
Epoch 070/300 | train_loss=81.5709 | train_acc=0.7806 | test_loss=13.7348 | test_acc=0.4533
Epoch 197/300 | train_loss=56.8079 | train_acc=0.8472 | test_loss=9.9778 | test_acc=0.5409
Epoch 081/300 | train_loss=78.7768 | train_acc=0.7883 | test_loss=13.4229 | test_acc=0.5025
Epoch 071/300 | train_loss=81.0429 | train_acc=0.7820 | test_loss=13.6732 | test_acc=0.4437
Epoch 198/300 | train_loss=56.6018 | train_acc=0.8472 | test_loss=9.9783 | test_acc=0.5374
Epoch 082/300 | train_loss=78.1889 | train_acc=0.7894 | test_loss=13.3750 | test_acc=0.5093
Epoch 072/300 | train_loss=80.6363 | train_acc=0.7823 | test_loss=13.5906 | test_acc=0.4549
Epoch 199/300 | train_loss=56.4695 | train_acc=0.8476 | test_loss=9.9395 | test_acc=0.5354
Epoch 083/300 | train_loss=77.7924 | train_acc=0.7907 | test_loss=13.3003 | test_acc=0.5040
Epoch 200/300 | train_loss=56.2949 | train_acc=0.8479 | test_loss=9.9427 | test_acc=0.5344
Epoch 073/300 | train_loss=80.1224 | train_acc=0.7837 | test_loss=13.5271 | test_acc=0.4482
Epoch 084/300 | train_loss=77.3713 | train_acc=0.7913 | test_loss=13.2354 | test_acc=0.5030
Epoch 201/300 | train_loss=56.2794 | train_acc=0.8481 | test_loss=9.9111 | test_acc=0.5302
Epoch 074/300 | train_loss=79.5498 | train_acc=0.7845 | test_loss=13.4387 | test_acc=0.4547
Epoch 085/300 | train_loss=77.0530 | train_acc=0.7924 | test_loss=13.1767 | test_acc=0.5060
Epoch 202/300 | train_loss=56.1995 | train_acc=0.8485 | test_loss=9.9043 | test_acc=0.5334
Epoch 075/300 | train_loss=79.1896 | train_acc=0.7861 | test_loss=13.3680 | test_acc=0.4554
Epoch 086/300 | train_loss=76.6304 | train_acc=0.7932 | test_loss=13.1316 | test_acc=0.5053
Epoch 203/300 | train_loss=56.0309 | train_acc=0.8488 | test_loss=9.8657 | test_acc=0.5348
Epoch 076/300 | train_loss=78.7286 | train_acc=0.7871 | test_loss=13.3063 | test_acc=0.4468
Epoch 087/300 | train_loss=76.2836 | train_acc=0.7944 | test_loss=13.0627 | test_acc=0.5029
Epoch 204/300 | train_loss=55.9498 | train_acc=0.8487 | test_loss=9.8541 | test_acc=0.5421
Epoch 088/300 | train_loss=75.9426 | train_acc=0.7945 | test_loss=13.0075 | test_acc=0.5109
Epoch 077/300 | train_loss=78.2709 | train_acc=0.7879 | test_loss=13.2447 | test_acc=0.4459
Epoch 205/300 | train_loss=55.8391 | train_acc=0.8491 | test_loss=9.8363 | test_acc=0.5474
Epoch 089/300 | train_loss=75.5134 | train_acc=0.7963 | test_loss=12.9360 | test_acc=0.5041
Epoch 078/300 | train_loss=77.9809 | train_acc=0.7889 | test_loss=13.1668 | test_acc=0.4564
Epoch 206/300 | train_loss=55.7275 | train_acc=0.8500 | test_loss=9.8504 | test_acc=0.5326
Epoch 079/300 | train_loss=77.4555 | train_acc=0.7893 | test_loss=13.1031 | test_acc=0.4602
Epoch 090/300 | train_loss=75.1175 | train_acc=0.7971 | test_loss=12.9070 | test_acc=0.5081
Epoch 207/300 | train_loss=55.6379 | train_acc=0.8501 | test_loss=9.8070 | test_acc=0.5413
Epoch 091/300 | train_loss=74.8428 | train_acc=0.7980 | test_loss=12.8226 | test_acc=0.5054
Epoch 208/300 | train_loss=55.6518 | train_acc=0.8507 | test_loss=9.8068 | test_acc=0.5413
Epoch 080/300 | train_loss=77.2266 | train_acc=0.7901 | test_loss=13.0312 | test_acc=0.4524
Epoch 209/300 | train_loss=55.3978 | train_acc=0.8508 | test_loss=9.7742 | test_acc=0.5449
Epoch 081/300 | train_loss=76.7216 | train_acc=0.7917 | test_loss=12.9765 | test_acc=0.4559
Epoch 092/300 | train_loss=74.6131 | train_acc=0.7982 | test_loss=12.7789 | test_acc=0.5011
Epoch 210/300 | train_loss=55.2504 | train_acc=0.8510 | test_loss=9.7595 | test_acc=0.5349
Epoch 082/300 | train_loss=76.2825 | train_acc=0.7916 | test_loss=12.9065 | test_acc=0.4537
Epoch 093/300 | train_loss=73.9911 | train_acc=0.7995 | test_loss=12.7154 | test_acc=0.5064
Epoch 211/300 | train_loss=55.0524 | train_acc=0.8513 | test_loss=9.7553 | test_acc=0.5520
Epoch 083/300 | train_loss=76.0696 | train_acc=0.7936 | test_loss=12.8476 | test_acc=0.4558
Epoch 094/300 | train_loss=73.7600 | train_acc=0.7999 | test_loss=12.6850 | test_acc=0.5056
Epoch 212/300 | train_loss=55.0729 | train_acc=0.8512 | test_loss=9.7312 | test_acc=0.5361
Epoch 084/300 | train_loss=75.5944 | train_acc=0.7939 | test_loss=12.7949 | test_acc=0.4529
Epoch 213/300 | train_loss=54.9636 | train_acc=0.8522 | test_loss=9.7141 | test_acc=0.5394
Epoch 095/300 | train_loss=73.4606 | train_acc=0.8009 | test_loss=12.6118 | test_acc=0.5040
Epoch 085/300 | train_loss=75.3909 | train_acc=0.7950 | test_loss=12.7379 | test_acc=0.4532
Epoch 214/300 | train_loss=54.8658 | train_acc=0.8526 | test_loss=9.7007 | test_acc=0.5497
Epoch 096/300 | train_loss=73.2688 | train_acc=0.8021 | test_loss=12.5711 | test_acc=0.5050
Epoch 215/300 | train_loss=54.7768 | train_acc=0.8522 | test_loss=9.6871 | test_acc=0.5466
Epoch 097/300 | train_loss=72.7884 | train_acc=0.8023 | test_loss=12.5444 | test_acc=0.5054
Epoch 086/300 | train_loss=74.8530 | train_acc=0.7958 | test_loss=12.6844 | test_acc=0.4614
Epoch 098/300 | train_loss=72.6044 | train_acc=0.8035 | test_loss=12.4824 | test_acc=0.5118
Epoch 216/300 | train_loss=54.6273 | train_acc=0.8529 | test_loss=9.6736 | test_acc=0.5447
Epoch 087/300 | train_loss=74.4060 | train_acc=0.7969 | test_loss=12.6271 | test_acc=0.4573
Epoch 217/300 | train_loss=54.4533 | train_acc=0.8531 | test_loss=9.6588 | test_acc=0.5432
Epoch 099/300 | train_loss=72.2291 | train_acc=0.8045 | test_loss=12.4402 | test_acc=0.5094
Epoch 088/300 | train_loss=74.0774 | train_acc=0.7970 | test_loss=12.5701 | test_acc=0.4632
Epoch 218/300 | train_loss=54.3496 | train_acc=0.8536 | test_loss=9.6320 | test_acc=0.5512
Epoch 100/300 | train_loss=72.0121 | train_acc=0.8055 | test_loss=12.4023 | test_acc=0.5152
Epoch 089/300 | train_loss=73.9659 | train_acc=0.7978 | test_loss=12.5175 | test_acc=0.4688
Epoch 219/300 | train_loss=54.4067 | train_acc=0.8537 | test_loss=9.6283 | test_acc=0.5399
Epoch 090/300 | train_loss=73.5736 | train_acc=0.7986 | test_loss=12.4563 | test_acc=0.4589
Epoch 101/300 | train_loss=71.6549 | train_acc=0.8055 | test_loss=12.3544 | test_acc=0.5061
Epoch 220/300 | train_loss=54.2628 | train_acc=0.8538 | test_loss=9.6067 | test_acc=0.5444
Epoch 091/300 | train_loss=73.1950 | train_acc=0.7993 | test_loss=12.4119 | test_acc=0.4617
Epoch 221/300 | train_loss=54.1626 | train_acc=0.8544 | test_loss=9.5816 | test_acc=0.5489
Epoch 102/300 | train_loss=71.3594 | train_acc=0.8067 | test_loss=12.3006 | test_acc=0.5061
Epoch 222/300 | train_loss=54.0405 | train_acc=0.8543 | test_loss=9.5818 | test_acc=0.5514
Epoch 092/300 | train_loss=72.9938 | train_acc=0.8010 | test_loss=12.3647 | test_acc=0.4601
Epoch 103/300 | train_loss=71.1042 | train_acc=0.8076 | test_loss=12.2507 | test_acc=0.5050
Epoch 223/300 | train_loss=54.1265 | train_acc=0.8549 | test_loss=9.5666 | test_acc=0.5402
Epoch 093/300 | train_loss=72.6641 | train_acc=0.8022 | test_loss=12.3010 | test_acc=0.4638
Epoch 104/300 | train_loss=70.7946 | train_acc=0.8082 | test_loss=12.2182 | test_acc=0.5064
Epoch 224/300 | train_loss=53.9825 | train_acc=0.8549 | test_loss=9.5425 | test_acc=0.5469
Epoch 094/300 | train_loss=72.3233 | train_acc=0.8024 | test_loss=12.2540 | test_acc=0.4593
Epoch 105/300 | train_loss=70.5632 | train_acc=0.8088 | test_loss=12.1640 | test_acc=0.5099
Epoch 225/300 | train_loss=53.7903 | train_acc=0.8554 | test_loss=9.5285 | test_acc=0.5438
Epoch 095/300 | train_loss=71.9920 | train_acc=0.8035 | test_loss=12.2021 | test_acc=0.4677
Epoch 106/300 | train_loss=70.2441 | train_acc=0.8091 | test_loss=12.1407 | test_acc=0.5130
Epoch 226/300 | train_loss=53.6500 | train_acc=0.8554 | test_loss=9.5362 | test_acc=0.5418
Epoch 096/300 | train_loss=71.6204 | train_acc=0.8038 | test_loss=12.1623 | test_acc=0.4621
Epoch 107/300 | train_loss=69.9878 | train_acc=0.8100 | test_loss=12.0834 | test_acc=0.5045
Epoch 227/300 | train_loss=53.5037 | train_acc=0.8561 | test_loss=9.5364 | test_acc=0.5442
Epoch 097/300 | train_loss=71.4207 | train_acc=0.8048 | test_loss=12.1178 | test_acc=0.4623
Epoch 108/300 | train_loss=69.7433 | train_acc=0.8104 | test_loss=12.0480 | test_acc=0.5087
Epoch 228/300 | train_loss=53.4032 | train_acc=0.8558 | test_loss=9.5082 | test_acc=0.5391
Epoch 109/300 | train_loss=69.4239 | train_acc=0.8109 | test_loss=12.0348 | test_acc=0.5141
Epoch 229/300 | train_loss=53.3839 | train_acc=0.8565 | test_loss=9.4886 | test_acc=0.5531
Epoch 098/300 | train_loss=71.0390 | train_acc=0.8057 | test_loss=12.0828 | test_acc=0.4636
Epoch 110/300 | train_loss=69.2821 | train_acc=0.8117 | test_loss=11.9612 | test_acc=0.5061
Epoch 230/300 | train_loss=53.2048 | train_acc=0.8569 | test_loss=9.4596 | test_acc=0.5451
Epoch 099/300 | train_loss=70.7195 | train_acc=0.8061 | test_loss=12.0401 | test_acc=0.4651
Epoch 231/300 | train_loss=53.1607 | train_acc=0.8567 | test_loss=9.4510 | test_acc=0.5549
Epoch 111/300 | train_loss=68.8957 | train_acc=0.8124 | test_loss=11.9284 | test_acc=0.5021
Epoch 100/300 | train_loss=70.5968 | train_acc=0.8073 | test_loss=11.9785 | test_acc=0.4663
Epoch 232/300 | train_loss=53.1077 | train_acc=0.8574 | test_loss=9.4464 | test_acc=0.5486
Epoch 112/300 | train_loss=68.6009 | train_acc=0.8134 | test_loss=11.9014 | test_acc=0.5066
Epoch 101/300 | train_loss=70.2902 | train_acc=0.8076 | test_loss=11.9371 | test_acc=0.4663
Epoch 233/300 | train_loss=53.0342 | train_acc=0.8573 | test_loss=9.4157 | test_acc=0.5519
Epoch 113/300 | train_loss=68.4320 | train_acc=0.8138 | test_loss=11.8548 | test_acc=0.5100
Epoch 102/300 | train_loss=70.0860 | train_acc=0.8081 | test_loss=11.9082 | test_acc=0.4642
Epoch 234/300 | train_loss=53.0674 | train_acc=0.8576 | test_loss=9.4175 | test_acc=0.5526
Epoch 103/300 | train_loss=69.6311 | train_acc=0.8092 | test_loss=11.8616 | test_acc=0.4608
Epoch 114/300 | train_loss=68.2529 | train_acc=0.8140 | test_loss=11.8097 | test_acc=0.5075
Epoch 235/300 | train_loss=52.8693 | train_acc=0.8578 | test_loss=9.3821 | test_acc=0.5563
Epoch 104/300 | train_loss=69.4693 | train_acc=0.8094 | test_loss=11.8286 | test_acc=0.4635
Epoch 115/300 | train_loss=68.1269 | train_acc=0.8156 | test_loss=11.7825 | test_acc=0.5048
Epoch 236/300 | train_loss=52.7764 | train_acc=0.8579 | test_loss=9.3747 | test_acc=0.5579
Epoch 105/300 | train_loss=69.1851 | train_acc=0.8104 | test_loss=11.7702 | test_acc=0.4695
Epoch 116/300 | train_loss=67.8806 | train_acc=0.8155 | test_loss=11.7412 | test_acc=0.5137
Epoch 237/300 | train_loss=52.7030 | train_acc=0.8579 | test_loss=9.3650 | test_acc=0.5484
Epoch 106/300 | train_loss=68.9314 | train_acc=0.8112 | test_loss=11.7384 | test_acc=0.4672
Epoch 117/300 | train_loss=67.5378 | train_acc=0.8165 | test_loss=11.7007 | test_acc=0.5086
Epoch 238/300 | train_loss=52.5944 | train_acc=0.8588 | test_loss=9.3592 | test_acc=0.5433
Epoch 107/300 | train_loss=68.6856 | train_acc=0.8122 | test_loss=11.7089 | test_acc=0.4690
Epoch 239/300 | train_loss=52.3800 | train_acc=0.8579 | test_loss=9.3408 | test_acc=0.5525
Epoch 118/300 | train_loss=67.2387 | train_acc=0.8167 | test_loss=11.7014 | test_acc=0.4992
Epoch 108/300 | train_loss=68.3646 | train_acc=0.8124 | test_loss=11.6678 | test_acc=0.4679
Epoch 240/300 | train_loss=52.3103 | train_acc=0.8595 | test_loss=9.3249 | test_acc=0.5530
Epoch 119/300 | train_loss=67.1395 | train_acc=0.8175 | test_loss=11.6564 | test_acc=0.5096
Epoch 241/300 | train_loss=52.2663 | train_acc=0.8591 | test_loss=9.3229 | test_acc=0.5581
Epoch 109/300 | train_loss=68.2175 | train_acc=0.8127 | test_loss=11.6300 | test_acc=0.4643
Epoch 120/300 | train_loss=66.9065 | train_acc=0.8175 | test_loss=11.6159 | test_acc=0.5074
Epoch 242/300 | train_loss=52.2532 | train_acc=0.8593 | test_loss=9.3098 | test_acc=0.5547
Epoch 110/300 | train_loss=68.0284 | train_acc=0.8138 | test_loss=11.5810 | test_acc=0.4678
Epoch 121/300 | train_loss=66.6199 | train_acc=0.8186 | test_loss=11.5761 | test_acc=0.5153
Epoch 243/300 | train_loss=52.0585 | train_acc=0.8594 | test_loss=9.2952 | test_acc=0.5602
Epoch 111/300 | train_loss=67.7422 | train_acc=0.8146 | test_loss=11.5580 | test_acc=0.4654
Epoch 122/300 | train_loss=66.5052 | train_acc=0.8188 | test_loss=11.5349 | test_acc=0.5103
Epoch 244/300 | train_loss=52.2133 | train_acc=0.8594 | test_loss=9.2773 | test_acc=0.5479
Epoch 112/300 | train_loss=67.5984 | train_acc=0.8151 | test_loss=11.5065 | test_acc=0.4661
Epoch 123/300 | train_loss=66.3172 | train_acc=0.8192 | test_loss=11.4908 | test_acc=0.5156
Epoch 245/300 | train_loss=51.9547 | train_acc=0.8597 | test_loss=9.2661 | test_acc=0.5490
Epoch 113/300 | train_loss=67.2704 | train_acc=0.8159 | test_loss=11.4774 | test_acc=0.4720
Epoch 124/300 | train_loss=66.0478 | train_acc=0.8203 | test_loss=11.4714 | test_acc=0.5150
Epoch 246/300 | train_loss=51.8235 | train_acc=0.8602 | test_loss=9.2471 | test_acc=0.5540
Epoch 114/300 | train_loss=67.0904 | train_acc=0.8161 | test_loss=11.4450 | test_acc=0.4771
Epoch 247/300 | train_loss=51.9303 | train_acc=0.8607 | test_loss=9.2441 | test_acc=0.5573
Epoch 125/300 | train_loss=65.9477 | train_acc=0.8202 | test_loss=11.4341 | test_acc=0.5062
Epoch 115/300 | train_loss=66.7400 | train_acc=0.8163 | test_loss=11.4008 | test_acc=0.4756
Epoch 248/300 | train_loss=51.7354 | train_acc=0.8608 | test_loss=9.2244 | test_acc=0.5537
Epoch 126/300 | train_loss=65.5741 | train_acc=0.8211 | test_loss=11.3854 | test_acc=0.5122
Epoch 116/300 | train_loss=66.5737 | train_acc=0.8174 | test_loss=11.3619 | test_acc=0.4700
Epoch 249/300 | train_loss=51.6207 | train_acc=0.8606 | test_loss=9.2148 | test_acc=0.5532
Epoch 127/300 | train_loss=65.4615 | train_acc=0.8214 | test_loss=11.3744 | test_acc=0.5169
Epoch 250/300 | train_loss=51.5523 | train_acc=0.8611 | test_loss=9.1966 | test_acc=0.5539
Epoch 117/300 | train_loss=66.3812 | train_acc=0.8179 | test_loss=11.3372 | test_acc=0.4729
Epoch 128/300 | train_loss=65.3551 | train_acc=0.8220 | test_loss=11.3535 | test_acc=0.5131
Epoch 251/300 | train_loss=51.4829 | train_acc=0.8608 | test_loss=9.1793 | test_acc=0.5517
Epoch 129/300 | train_loss=65.0215 | train_acc=0.8228 | test_loss=11.3016 | test_acc=0.5135
Epoch 118/300 | train_loss=66.1334 | train_acc=0.8187 | test_loss=11.2999 | test_acc=0.4762
Epoch 252/300 | train_loss=51.4270 | train_acc=0.8610 | test_loss=9.1689 | test_acc=0.5551
Epoch 130/300 | train_loss=64.9378 | train_acc=0.8227 | test_loss=11.2897 | test_acc=0.5128
Epoch 119/300 | train_loss=65.9248 | train_acc=0.8193 | test_loss=11.2558 | test_acc=0.4747
Epoch 253/300 | train_loss=51.3527 | train_acc=0.8616 | test_loss=9.1851 | test_acc=0.5712
Epoch 131/300 | train_loss=64.6183 | train_acc=0.8236 | test_loss=11.2472 | test_acc=0.5154
Epoch 120/300 | train_loss=65.8387 | train_acc=0.8196 | test_loss=11.2360 | test_acc=0.4756
Epoch 254/300 | train_loss=51.2938 | train_acc=0.8617 | test_loss=9.1485 | test_acc=0.5563
Epoch 132/300 | train_loss=64.4556 | train_acc=0.8237 | test_loss=11.2090 | test_acc=0.5165
Epoch 255/300 | train_loss=51.2093 | train_acc=0.8621 | test_loss=9.1359 | test_acc=0.5580
Epoch 121/300 | train_loss=65.5729 | train_acc=0.8203 | test_loss=11.1987 | test_acc=0.4753
Epoch 133/300 | train_loss=64.2832 | train_acc=0.8243 | test_loss=11.1963 | test_acc=0.5127
Epoch 256/300 | train_loss=51.0836 | train_acc=0.8623 | test_loss=9.1440 | test_acc=0.5637
Epoch 122/300 | train_loss=65.4193 | train_acc=0.8206 | test_loss=11.1717 | test_acc=0.4732
Epoch 257/300 | train_loss=50.9834 | train_acc=0.8624 | test_loss=9.1149 | test_acc=0.5537
Epoch 134/300 | train_loss=64.1369 | train_acc=0.8245 | test_loss=11.1665 | test_acc=0.5092
Epoch 258/300 | train_loss=50.8656 | train_acc=0.8625 | test_loss=9.1192 | test_acc=0.5571
Epoch 123/300 | train_loss=65.1500 | train_acc=0.8210 | test_loss=11.1416 | test_acc=0.4694
Epoch 135/300 | train_loss=63.9666 | train_acc=0.8247 | test_loss=11.1231 | test_acc=0.5161
Epoch 259/300 | train_loss=50.8671 | train_acc=0.8623 | test_loss=9.0945 | test_acc=0.5569
Epoch 136/300 | train_loss=63.7971 | train_acc=0.8259 | test_loss=11.0949 | test_acc=0.5188
Epoch 124/300 | train_loss=64.9805 | train_acc=0.8223 | test_loss=11.0955 | test_acc=0.4788
Epoch 260/300 | train_loss=50.7063 | train_acc=0.8630 | test_loss=9.0910 | test_acc=0.5651
Epoch 137/300 | train_loss=63.5705 | train_acc=0.8261 | test_loss=11.0759 | test_acc=0.5188
Epoch 261/300 | train_loss=50.6754 | train_acc=0.8636 | test_loss=9.0732 | test_acc=0.5497
Epoch 125/300 | train_loss=64.8349 | train_acc=0.8217 | test_loss=11.0777 | test_acc=0.4762
Epoch 138/300 | train_loss=63.2925 | train_acc=0.8270 | test_loss=11.0469 | test_acc=0.5144
Epoch 262/300 | train_loss=50.6914 | train_acc=0.8634 | test_loss=9.0596 | test_acc=0.5582
Epoch 126/300 | train_loss=64.4592 | train_acc=0.8232 | test_loss=11.0413 | test_acc=0.4697
Epoch 139/300 | train_loss=63.2455 | train_acc=0.8268 | test_loss=11.0033 | test_acc=0.5201
Epoch 263/300 | train_loss=50.5855 | train_acc=0.8635 | test_loss=9.0452 | test_acc=0.5642
Epoch 127/300 | train_loss=64.3938 | train_acc=0.8237 | test_loss=11.0094 | test_acc=0.4796
Epoch 140/300 | train_loss=63.0024 | train_acc=0.8273 | test_loss=10.9789 | test_acc=0.5212
Epoch 264/300 | train_loss=50.4835 | train_acc=0.8638 | test_loss=9.0481 | test_acc=0.5677
Epoch 128/300 | train_loss=64.1056 | train_acc=0.8243 | test_loss=10.9918 | test_acc=0.4719
Epoch 265/300 | train_loss=50.4914 | train_acc=0.8643 | test_loss=9.0194 | test_acc=0.5573
Epoch 141/300 | train_loss=62.9012 | train_acc=0.8280 | test_loss=10.9601 | test_acc=0.5241
Epoch 266/300 | train_loss=50.3213 | train_acc=0.8643 | test_loss=9.0183 | test_acc=0.5599
Epoch 129/300 | train_loss=64.0794 | train_acc=0.8248 | test_loss=10.9469 | test_acc=0.4775
Epoch 142/300 | train_loss=62.8495 | train_acc=0.8285 | test_loss=10.9216 | test_acc=0.5155
Epoch 267/300 | train_loss=50.4161 | train_acc=0.8643 | test_loss=9.0072 | test_acc=0.5604
Epoch 130/300 | train_loss=63.7367 | train_acc=0.8256 | test_loss=10.9314 | test_acc=0.4745
Epoch 143/300 | train_loss=62.5746 | train_acc=0.8290 | test_loss=10.9014 | test_acc=0.5218
Epoch 268/300 | train_loss=50.2098 | train_acc=0.8648 | test_loss=8.9819 | test_acc=0.5603
Epoch 131/300 | train_loss=63.4392 | train_acc=0.8254 | test_loss=10.9027 | test_acc=0.4746
Epoch 144/300 | train_loss=62.4377 | train_acc=0.8295 | test_loss=10.8817 | test_acc=0.5211
Epoch 269/300 | train_loss=50.1442 | train_acc=0.8644 | test_loss=8.9724 | test_acc=0.5609
Epoch 132/300 | train_loss=63.5358 | train_acc=0.8263 | test_loss=10.8504 | test_acc=0.4825
Epoch 270/300 | train_loss=50.1375 | train_acc=0.8649 | test_loss=8.9724 | test_acc=0.5604
Epoch 145/300 | train_loss=62.2668 | train_acc=0.8303 | test_loss=10.8561 | test_acc=0.5198
Epoch 133/300 | train_loss=63.1926 | train_acc=0.8272 | test_loss=10.8325 | test_acc=0.4803
Epoch 271/300 | train_loss=50.0380 | train_acc=0.8649 | test_loss=8.9566 | test_acc=0.5568
Epoch 146/300 | train_loss=62.1301 | train_acc=0.8305 | test_loss=10.8306 | test_acc=0.5164
Epoch 134/300 | train_loss=63.0407 | train_acc=0.8272 | test_loss=10.8000 | test_acc=0.4785
Epoch 272/300 | train_loss=49.9165 | train_acc=0.8652 | test_loss=8.9419 | test_acc=0.5551
Epoch 147/300 | train_loss=61.8476 | train_acc=0.8313 | test_loss=10.8029 | test_acc=0.5200
Epoch 135/300 | train_loss=62.8634 | train_acc=0.8279 | test_loss=10.7726 | test_acc=0.4792
Epoch 273/300 | train_loss=49.7959 | train_acc=0.8653 | test_loss=8.9329 | test_acc=0.5626
Epoch 274/300 | train_loss=49.8168 | train_acc=0.8655 | test_loss=8.9231 | test_acc=0.5586
Epoch 148/300 | train_loss=61.7230 | train_acc=0.8313 | test_loss=10.7835 | test_acc=0.5203
Epoch 136/300 | train_loss=62.7066 | train_acc=0.8278 | test_loss=10.7479 | test_acc=0.4785
Epoch 275/300 | train_loss=49.6003 | train_acc=0.8651 | test_loss=8.8988 | test_acc=0.5624
Epoch 149/300 | train_loss=61.5311 | train_acc=0.8313 | test_loss=10.7536 | test_acc=0.5171
Epoch 137/300 | train_loss=62.5350 | train_acc=0.8288 | test_loss=10.7190 | test_acc=0.4778
Epoch 276/300 | train_loss=49.5890 | train_acc=0.8664 | test_loss=8.9060 | test_acc=0.5611
Epoch 138/300 | train_loss=62.4056 | train_acc=0.8302 | test_loss=10.6932 | test_acc=0.4769
Epoch 150/300 | train_loss=61.3418 | train_acc=0.8322 | test_loss=10.7234 | test_acc=0.5212
Epoch 277/300 | train_loss=49.4580 | train_acc=0.8668 | test_loss=8.8828 | test_acc=0.5628
Epoch 139/300 | train_loss=62.1845 | train_acc=0.8299 | test_loss=10.6567 | test_acc=0.4838
Epoch 278/300 | train_loss=49.3780 | train_acc=0.8662 | test_loss=8.8813 | test_acc=0.5605
Epoch 151/300 | train_loss=61.2568 | train_acc=0.8323 | test_loss=10.7018 | test_acc=0.5218
Epoch 140/300 | train_loss=62.0960 | train_acc=0.8300 | test_loss=10.6445 | test_acc=0.4809
Epoch 279/300 | train_loss=49.3439 | train_acc=0.8663 | test_loss=8.8713 | test_acc=0.5655
Epoch 152/300 | train_loss=61.0199 | train_acc=0.8329 | test_loss=10.6873 | test_acc=0.5233
Epoch 141/300 | train_loss=61.8956 | train_acc=0.8306 | test_loss=10.6100 | test_acc=0.4787
Epoch 280/300 | train_loss=49.4086 | train_acc=0.8670 | test_loss=8.8575 | test_acc=0.5589
Epoch 153/300 | train_loss=61.0016 | train_acc=0.8335 | test_loss=10.6448 | test_acc=0.5229
Epoch 142/300 | train_loss=61.8564 | train_acc=0.8315 | test_loss=10.5908 | test_acc=0.4804
Epoch 281/300 | train_loss=49.3225 | train_acc=0.8667 | test_loss=8.8628 | test_acc=0.5568
Epoch 154/300 | train_loss=60.8298 | train_acc=0.8334 | test_loss=10.6254 | test_acc=0.5216
Epoch 143/300 | train_loss=61.5281 | train_acc=0.8321 | test_loss=10.5556 | test_acc=0.4877
Epoch 282/300 | train_loss=49.2234 | train_acc=0.8669 | test_loss=8.8441 | test_acc=0.5561
Epoch 155/300 | train_loss=60.6337 | train_acc=0.8343 | test_loss=10.6095 | test_acc=0.5245
Epoch 144/300 | train_loss=61.3741 | train_acc=0.8320 | test_loss=10.5375 | test_acc=0.4847
Epoch 283/300 | train_loss=49.2057 | train_acc=0.8670 | test_loss=8.8323 | test_acc=0.5580
Epoch 156/300 | train_loss=60.4263 | train_acc=0.8339 | test_loss=10.5812 | test_acc=0.5259
Epoch 284/300 | train_loss=49.1093 | train_acc=0.8674 | test_loss=8.8273 | test_acc=0.5702
Epoch 145/300 | train_loss=61.0633 | train_acc=0.8330 | test_loss=10.5144 | test_acc=0.4826
Epoch 285/300 | train_loss=49.0956 | train_acc=0.8675 | test_loss=8.8222 | test_acc=0.5654
Epoch 157/300 | train_loss=60.3314 | train_acc=0.8352 | test_loss=10.5783 | test_acc=0.5219
Epoch 146/300 | train_loss=61.0074 | train_acc=0.8329 | test_loss=10.4866 | test_acc=0.4851
Epoch 286/300 | train_loss=48.9833 | train_acc=0.8673 | test_loss=8.8022 | test_acc=0.5581
Epoch 158/300 | train_loss=60.2838 | train_acc=0.8357 | test_loss=10.5254 | test_acc=0.5213
Epoch 147/300 | train_loss=60.8950 | train_acc=0.8336 | test_loss=10.4827 | test_acc=0.4844
Epoch 287/300 | train_loss=48.8087 | train_acc=0.8676 | test_loss=8.8206 | test_acc=0.5611
Epoch 159/300 | train_loss=60.0227 | train_acc=0.8360 | test_loss=10.5188 | test_acc=0.5248
Epoch 148/300 | train_loss=60.7365 | train_acc=0.8340 | test_loss=10.4383 | test_acc=0.4857
Epoch 288/300 | train_loss=48.8346 | train_acc=0.8679 | test_loss=8.8065 | test_acc=0.5735
Epoch 160/300 | train_loss=59.8776 | train_acc=0.8359 | test_loss=10.4834 | test_acc=0.5237
Epoch 289/300 | train_loss=48.7158 | train_acc=0.8683 | test_loss=8.7687 | test_acc=0.5622
Epoch 149/300 | train_loss=60.5812 | train_acc=0.8344 | test_loss=10.4077 | test_acc=0.4852
Epoch 161/300 | train_loss=59.7364 | train_acc=0.8368 | test_loss=10.4712 | test_acc=0.5318
Epoch 290/300 | train_loss=48.7398 | train_acc=0.8680 | test_loss=8.7584 | test_acc=0.5663
Epoch 150/300 | train_loss=60.4300 | train_acc=0.8347 | test_loss=10.4086 | test_acc=0.4825
Epoch 162/300 | train_loss=59.7007 | train_acc=0.8371 | test_loss=10.4460 | test_acc=0.5296
Epoch 291/300 | train_loss=48.5997 | train_acc=0.8687 | test_loss=8.7689 | test_acc=0.5726
Epoch 151/300 | train_loss=60.1604 | train_acc=0.8353 | test_loss=10.3748 | test_acc=0.4868
Epoch 163/300 | train_loss=59.5865 | train_acc=0.8368 | test_loss=10.4148 | test_acc=0.5309
Epoch 292/300 | train_loss=48.5441 | train_acc=0.8687 | test_loss=8.7397 | test_acc=0.5683
Epoch 152/300 | train_loss=60.0431 | train_acc=0.8357 | test_loss=10.3420 | test_acc=0.4871
Epoch 164/300 | train_loss=59.3098 | train_acc=0.8381 | test_loss=10.4008 | test_acc=0.5276
Epoch 293/300 | train_loss=48.4456 | train_acc=0.8687 | test_loss=8.7420 | test_acc=0.5688
Epoch 153/300 | train_loss=60.1567 | train_acc=0.8361 | test_loss=10.3268 | test_acc=0.4904
Epoch 165/300 | train_loss=59.2827 | train_acc=0.8382 | test_loss=10.3883 | test_acc=0.5267
Epoch 294/300 | train_loss=48.5827 | train_acc=0.8687 | test_loss=8.7299 | test_acc=0.5622
Epoch 154/300 | train_loss=59.7261 | train_acc=0.8361 | test_loss=10.3107 | test_acc=0.4863
Epoch 295/300 | train_loss=48.3356 | train_acc=0.8690 | test_loss=8.7448 | test_acc=0.5645
Epoch 166/300 | train_loss=59.0407 | train_acc=0.8380 | test_loss=10.3648 | test_acc=0.5332
Epoch 155/300 | train_loss=59.6801 | train_acc=0.8371 | test_loss=10.2810 | test_acc=0.4927
Epoch 296/300 | train_loss=48.2819 | train_acc=0.8693 | test_loss=8.7148 | test_acc=0.5672
Epoch 167/300 | train_loss=58.9095 | train_acc=0.8391 | test_loss=10.3264 | test_acc=0.5300
Epoch 156/300 | train_loss=59.5529 | train_acc=0.8373 | test_loss=10.2532 | test_acc=0.4854
Epoch 297/300 | train_loss=48.1908 | train_acc=0.8692 | test_loss=8.7154 | test_acc=0.5766
Epoch 298/300 | train_loss=48.2605 | train_acc=0.8692 | test_loss=8.7002 | test_acc=0.5738
Epoch 157/300 | train_loss=59.2904 | train_acc=0.8377 | test_loss=10.2396 | test_acc=0.4838
Epoch 168/300 | train_loss=58.8470 | train_acc=0.8388 | test_loss=10.3115 | test_acc=0.5305
Epoch 299/300 | train_loss=48.1181 | train_acc=0.8696 | test_loss=8.6789 | test_acc=0.5658
Epoch 158/300 | train_loss=59.1849 | train_acc=0.8376 | test_loss=10.2021 | test_acc=0.4963
Epoch 169/300 | train_loss=58.8510 | train_acc=0.8392 | test_loss=10.2861 | test_acc=0.5297
Epoch 300/300 | train_loss=48.0902 | train_acc=0.8699 | test_loss=8.6713 | test_acc=0.5728
Epoch 159/300 | train_loss=59.0544 | train_acc=0.8386 | test_loss=10.1936 | test_acc=0.4907
Completed bio_frozen run 3 on cuda:5 | test_acc=0.5728
Epoch 170/300 | train_loss=58.6621 | train_acc=0.8402 | test_loss=10.2587 | test_acc=0.5292
Epoch 160/300 | train_loss=58.9594 | train_acc=0.8390 | test_loss=10.1758 | test_acc=0.4897
Epoch 171/300 | train_loss=58.4520 | train_acc=0.8402 | test_loss=10.2485 | test_acc=0.5322
Epoch 161/300 | train_loss=58.7417 | train_acc=0.8395 | test_loss=10.1680 | test_acc=0.4843
Epoch 172/300 | train_loss=58.2980 | train_acc=0.8402 | test_loss=10.2503 | test_acc=0.5379
Epoch 162/300 | train_loss=58.6718 | train_acc=0.8401 | test_loss=10.1382 | test_acc=0.4907
Epoch 173/300 | train_loss=58.2331 | train_acc=0.8411 | test_loss=10.2069 | test_acc=0.5302
Epoch 163/300 | train_loss=58.4604 | train_acc=0.8402 | test_loss=10.1085 | test_acc=0.4881
Epoch 174/300 | train_loss=58.0198 | train_acc=0.8412 | test_loss=10.2032 | test_acc=0.5263
Epoch 164/300 | train_loss=58.3883 | train_acc=0.8406 | test_loss=10.0913 | test_acc=0.4917
Epoch 175/300 | train_loss=57.9079 | train_acc=0.8416 | test_loss=10.1928 | test_acc=0.5366
Epoch 165/300 | train_loss=58.2002 | train_acc=0.8405 | test_loss=10.0582 | test_acc=0.4942
Epoch 176/300 | train_loss=57.8193 | train_acc=0.8417 | test_loss=10.1543 | test_acc=0.5293
Epoch 166/300 | train_loss=58.1130 | train_acc=0.8412 | test_loss=10.0486 | test_acc=0.4956
Epoch 177/300 | train_loss=57.6997 | train_acc=0.8420 | test_loss=10.1321 | test_acc=0.5246
Epoch 167/300 | train_loss=57.9946 | train_acc=0.8415 | test_loss=10.0184 | test_acc=0.4974
Epoch 178/300 | train_loss=57.6646 | train_acc=0.8423 | test_loss=10.1112 | test_acc=0.5337
Epoch 168/300 | train_loss=57.7644 | train_acc=0.8417 | test_loss=10.0071 | test_acc=0.4891
Epoch 179/300 | train_loss=57.5598 | train_acc=0.8425 | test_loss=10.0853 | test_acc=0.5343
Epoch 169/300 | train_loss=57.6977 | train_acc=0.8419 | test_loss=9.9782 | test_acc=0.4905
Epoch 180/300 | train_loss=57.4714 | train_acc=0.8434 | test_loss=10.0806 | test_acc=0.5290
Epoch 170/300 | train_loss=57.6140 | train_acc=0.8429 | test_loss=9.9536 | test_acc=0.4952
Epoch 181/300 | train_loss=57.3142 | train_acc=0.8433 | test_loss=10.0518 | test_acc=0.5326
Epoch 171/300 | train_loss=57.3535 | train_acc=0.8430 | test_loss=9.9280 | test_acc=0.4950
Epoch 182/300 | train_loss=57.1810 | train_acc=0.8441 | test_loss=10.0495 | test_acc=0.5329
Epoch 172/300 | train_loss=57.3207 | train_acc=0.8433 | test_loss=9.9308 | test_acc=0.5004
Epoch 183/300 | train_loss=57.0795 | train_acc=0.8444 | test_loss=10.0300 | test_acc=0.5281
Epoch 173/300 | train_loss=57.0169 | train_acc=0.8433 | test_loss=9.8951 | test_acc=0.4999
Epoch 184/300 | train_loss=56.8350 | train_acc=0.8443 | test_loss=10.0193 | test_acc=0.5358
Epoch 174/300 | train_loss=57.1643 | train_acc=0.8442 | test_loss=9.8764 | test_acc=0.4972
Epoch 185/300 | train_loss=56.8189 | train_acc=0.8444 | test_loss=9.9884 | test_acc=0.5305
Epoch 186/300 | train_loss=56.7159 | train_acc=0.8453 | test_loss=9.9694 | test_acc=0.5354
Epoch 175/300 | train_loss=56.8975 | train_acc=0.8439 | test_loss=9.8640 | test_acc=0.5010
Epoch 187/300 | train_loss=56.5429 | train_acc=0.8457 | test_loss=9.9713 | test_acc=0.5379
Epoch 176/300 | train_loss=56.7683 | train_acc=0.8449 | test_loss=9.8249 | test_acc=0.4994
Epoch 188/300 | train_loss=56.4423 | train_acc=0.8455 | test_loss=9.9457 | test_acc=0.5307
Epoch 177/300 | train_loss=56.5678 | train_acc=0.8454 | test_loss=9.8433 | test_acc=0.4893
Epoch 189/300 | train_loss=56.2969 | train_acc=0.8460 | test_loss=9.9312 | test_acc=0.5441
Epoch 178/300 | train_loss=56.4934 | train_acc=0.8453 | test_loss=9.8071 | test_acc=0.4992
Epoch 190/300 | train_loss=56.4105 | train_acc=0.8463 | test_loss=9.9030 | test_acc=0.5356
Epoch 179/300 | train_loss=56.2772 | train_acc=0.8453 | test_loss=9.7737 | test_acc=0.4990
Epoch 191/300 | train_loss=56.0889 | train_acc=0.8459 | test_loss=9.8982 | test_acc=0.5380
Epoch 180/300 | train_loss=56.2704 | train_acc=0.8461 | test_loss=9.7588 | test_acc=0.5038
Epoch 192/300 | train_loss=55.8679 | train_acc=0.8465 | test_loss=9.8686 | test_acc=0.5354
Epoch 181/300 | train_loss=56.1977 | train_acc=0.8462 | test_loss=9.7429 | test_acc=0.5038
Epoch 193/300 | train_loss=55.8870 | train_acc=0.8476 | test_loss=9.8476 | test_acc=0.5420
Epoch 182/300 | train_loss=56.0635 | train_acc=0.8468 | test_loss=9.7195 | test_acc=0.4971
Epoch 194/300 | train_loss=55.8237 | train_acc=0.8470 | test_loss=9.8409 | test_acc=0.5335
Epoch 183/300 | train_loss=55.9138 | train_acc=0.8472 | test_loss=9.6991 | test_acc=0.5018
Epoch 195/300 | train_loss=55.6677 | train_acc=0.8480 | test_loss=9.8218 | test_acc=0.5326
Epoch 184/300 | train_loss=55.7692 | train_acc=0.8471 | test_loss=9.6956 | test_acc=0.5062
Epoch 196/300 | train_loss=55.5948 | train_acc=0.8479 | test_loss=9.7986 | test_acc=0.5407
Epoch 185/300 | train_loss=55.6473 | train_acc=0.8475 | test_loss=9.6588 | test_acc=0.5017
Epoch 197/300 | train_loss=55.4512 | train_acc=0.8485 | test_loss=9.7995 | test_acc=0.5313
Epoch 186/300 | train_loss=55.4902 | train_acc=0.8481 | test_loss=9.6437 | test_acc=0.4978
Epoch 198/300 | train_loss=55.3912 | train_acc=0.8489 | test_loss=9.7689 | test_acc=0.5397
Epoch 187/300 | train_loss=55.3933 | train_acc=0.8485 | test_loss=9.6258 | test_acc=0.5042
Epoch 199/300 | train_loss=55.2326 | train_acc=0.8491 | test_loss=9.7603 | test_acc=0.5324
Epoch 188/300 | train_loss=55.2820 | train_acc=0.8486 | test_loss=9.6008 | test_acc=0.5013
Epoch 200/300 | train_loss=55.2071 | train_acc=0.8489 | test_loss=9.7336 | test_acc=0.5410
Epoch 189/300 | train_loss=55.2847 | train_acc=0.8488 | test_loss=9.6086 | test_acc=0.5032
Epoch 201/300 | train_loss=55.0937 | train_acc=0.8489 | test_loss=9.7218 | test_acc=0.5405
Epoch 190/300 | train_loss=55.2181 | train_acc=0.8496 | test_loss=9.5875 | test_acc=0.5015
Epoch 202/300 | train_loss=54.8995 | train_acc=0.8499 | test_loss=9.7013 | test_acc=0.5371
Epoch 191/300 | train_loss=55.0092 | train_acc=0.8503 | test_loss=9.5646 | test_acc=0.5048
Epoch 203/300 | train_loss=54.9314 | train_acc=0.8501 | test_loss=9.6967 | test_acc=0.5365
Epoch 192/300 | train_loss=54.8536 | train_acc=0.8499 | test_loss=9.5483 | test_acc=0.5043
Epoch 204/300 | train_loss=54.7718 | train_acc=0.8499 | test_loss=9.6764 | test_acc=0.5386
Epoch 193/300 | train_loss=54.6986 | train_acc=0.8496 | test_loss=9.5287 | test_acc=0.5011
Epoch 205/300 | train_loss=54.7068 | train_acc=0.8511 | test_loss=9.6694 | test_acc=0.5374
Epoch 194/300 | train_loss=54.6034 | train_acc=0.8511 | test_loss=9.5078 | test_acc=0.5068
Epoch 206/300 | train_loss=54.5378 | train_acc=0.8503 | test_loss=9.6503 | test_acc=0.5422
Epoch 207/300 | train_loss=54.4628 | train_acc=0.8513 | test_loss=9.6270 | test_acc=0.5430
Epoch 195/300 | train_loss=54.4734 | train_acc=0.8509 | test_loss=9.4995 | test_acc=0.5109
Epoch 208/300 | train_loss=54.3371 | train_acc=0.8516 | test_loss=9.6141 | test_acc=0.5468
Epoch 196/300 | train_loss=54.4384 | train_acc=0.8517 | test_loss=9.4776 | test_acc=0.5111
Epoch 209/300 | train_loss=54.3324 | train_acc=0.8516 | test_loss=9.5992 | test_acc=0.5364
Epoch 197/300 | train_loss=54.2608 | train_acc=0.8521 | test_loss=9.4652 | test_acc=0.5148
Epoch 210/300 | train_loss=54.2586 | train_acc=0.8524 | test_loss=9.6009 | test_acc=0.5476
Epoch 198/300 | train_loss=54.2863 | train_acc=0.8525 | test_loss=9.4401 | test_acc=0.5045
Epoch 211/300 | train_loss=54.0360 | train_acc=0.8525 | test_loss=9.5720 | test_acc=0.5454
Epoch 199/300 | train_loss=54.1102 | train_acc=0.8522 | test_loss=9.4240 | test_acc=0.5113
Epoch 212/300 | train_loss=54.0400 | train_acc=0.8528 | test_loss=9.5619 | test_acc=0.5530
Epoch 200/300 | train_loss=54.0063 | train_acc=0.8528 | test_loss=9.4001 | test_acc=0.5133
Epoch 213/300 | train_loss=53.8843 | train_acc=0.8524 | test_loss=9.5266 | test_acc=0.5437
Epoch 201/300 | train_loss=53.8474 | train_acc=0.8527 | test_loss=9.3789 | test_acc=0.5119
Epoch 214/300 | train_loss=53.8838 | train_acc=0.8531 | test_loss=9.5197 | test_acc=0.5439
Epoch 202/300 | train_loss=53.7209 | train_acc=0.8531 | test_loss=9.3956 | test_acc=0.5165
Epoch 215/300 | train_loss=53.6278 | train_acc=0.8530 | test_loss=9.5010 | test_acc=0.5472
Epoch 203/300 | train_loss=53.6332 | train_acc=0.8535 | test_loss=9.3581 | test_acc=0.5097
Epoch 216/300 | train_loss=53.6864 | train_acc=0.8535 | test_loss=9.4950 | test_acc=0.5413
Epoch 204/300 | train_loss=53.5836 | train_acc=0.8539 | test_loss=9.3352 | test_acc=0.5154
Epoch 217/300 | train_loss=53.5052 | train_acc=0.8533 | test_loss=9.4907 | test_acc=0.5455
Epoch 205/300 | train_loss=53.4727 | train_acc=0.8536 | test_loss=9.3343 | test_acc=0.5102
Epoch 218/300 | train_loss=53.5588 | train_acc=0.8535 | test_loss=9.4662 | test_acc=0.5476
Epoch 206/300 | train_loss=53.4204 | train_acc=0.8544 | test_loss=9.3178 | test_acc=0.5085
Epoch 219/300 | train_loss=53.4467 | train_acc=0.8544 | test_loss=9.4577 | test_acc=0.5377
Epoch 207/300 | train_loss=53.3671 | train_acc=0.8544 | test_loss=9.3037 | test_acc=0.5175
Epoch 220/300 | train_loss=53.1835 | train_acc=0.8537 | test_loss=9.4409 | test_acc=0.5428
Epoch 208/300 | train_loss=53.1433 | train_acc=0.8550 | test_loss=9.2827 | test_acc=0.5170
Epoch 221/300 | train_loss=53.3099 | train_acc=0.8548 | test_loss=9.4226 | test_acc=0.5416
Epoch 209/300 | train_loss=53.1236 | train_acc=0.8550 | test_loss=9.2646 | test_acc=0.5084
Epoch 222/300 | train_loss=53.0857 | train_acc=0.8550 | test_loss=9.4326 | test_acc=0.5512
Epoch 210/300 | train_loss=52.9390 | train_acc=0.8557 | test_loss=9.2591 | test_acc=0.5169
Epoch 223/300 | train_loss=53.0818 | train_acc=0.8554 | test_loss=9.4158 | test_acc=0.5433
Epoch 211/300 | train_loss=52.8139 | train_acc=0.8561 | test_loss=9.2384 | test_acc=0.5095
Epoch 224/300 | train_loss=52.9086 | train_acc=0.8551 | test_loss=9.3987 | test_acc=0.5497
Epoch 212/300 | train_loss=52.6452 | train_acc=0.8557 | test_loss=9.2199 | test_acc=0.5160
Epoch 225/300 | train_loss=52.7816 | train_acc=0.8554 | test_loss=9.3846 | test_acc=0.5514
Epoch 213/300 | train_loss=52.6940 | train_acc=0.8564 | test_loss=9.2035 | test_acc=0.5202
Epoch 226/300 | train_loss=52.8085 | train_acc=0.8558 | test_loss=9.3601 | test_acc=0.5433
Epoch 214/300 | train_loss=52.5700 | train_acc=0.8563 | test_loss=9.1906 | test_acc=0.5177
Epoch 227/300 | train_loss=52.5558 | train_acc=0.8564 | test_loss=9.3427 | test_acc=0.5465
Epoch 215/300 | train_loss=52.5214 | train_acc=0.8567 | test_loss=9.1777 | test_acc=0.5174
Epoch 228/300 | train_loss=52.5955 | train_acc=0.8561 | test_loss=9.3427 | test_acc=0.5492
Epoch 216/300 | train_loss=52.3622 | train_acc=0.8568 | test_loss=9.1763 | test_acc=0.5132
Epoch 229/300 | train_loss=52.5286 | train_acc=0.8567 | test_loss=9.3337 | test_acc=0.5489
Epoch 217/300 | train_loss=52.2721 | train_acc=0.8573 | test_loss=9.1496 | test_acc=0.5231
Epoch 230/300 | train_loss=52.4696 | train_acc=0.8566 | test_loss=9.3046 | test_acc=0.5516
Epoch 218/300 | train_loss=52.1623 | train_acc=0.8579 | test_loss=9.1376 | test_acc=0.5135
Epoch 231/300 | train_loss=52.3555 | train_acc=0.8570 | test_loss=9.2983 | test_acc=0.5527
Epoch 219/300 | train_loss=52.0367 | train_acc=0.8577 | test_loss=9.1279 | test_acc=0.5122
Epoch 232/300 | train_loss=52.2777 | train_acc=0.8571 | test_loss=9.2882 | test_acc=0.5490
Epoch 220/300 | train_loss=52.0087 | train_acc=0.8576 | test_loss=9.1100 | test_acc=0.5134
Epoch 233/300 | train_loss=52.1147 | train_acc=0.8573 | test_loss=9.2625 | test_acc=0.5476
Epoch 221/300 | train_loss=51.9367 | train_acc=0.8589 | test_loss=9.0986 | test_acc=0.5162
Epoch 234/300 | train_loss=52.1029 | train_acc=0.8571 | test_loss=9.2410 | test_acc=0.5503
Epoch 222/300 | train_loss=51.7061 | train_acc=0.8591 | test_loss=9.0763 | test_acc=0.5214
Epoch 235/300 | train_loss=51.8518 | train_acc=0.8579 | test_loss=9.2269 | test_acc=0.5509
Epoch 223/300 | train_loss=51.7768 | train_acc=0.8592 | test_loss=9.0682 | test_acc=0.5145
Epoch 236/300 | train_loss=51.9473 | train_acc=0.8583 | test_loss=9.2316 | test_acc=0.5489
Epoch 224/300 | train_loss=51.6293 | train_acc=0.8593 | test_loss=9.0590 | test_acc=0.5130
Epoch 237/300 | train_loss=51.9955 | train_acc=0.8581 | test_loss=9.2133 | test_acc=0.5504
Epoch 225/300 | train_loss=51.5214 | train_acc=0.8592 | test_loss=9.0310 | test_acc=0.5198
Epoch 238/300 | train_loss=51.8087 | train_acc=0.8588 | test_loss=9.1954 | test_acc=0.5542
Epoch 226/300 | train_loss=51.5814 | train_acc=0.8597 | test_loss=9.0304 | test_acc=0.5224
Epoch 239/300 | train_loss=51.7916 | train_acc=0.8591 | test_loss=9.1983 | test_acc=0.5464
Epoch 227/300 | train_loss=51.2456 | train_acc=0.8610 | test_loss=9.0232 | test_acc=0.5227
Epoch 240/300 | train_loss=51.5005 | train_acc=0.8591 | test_loss=9.1862 | test_acc=0.5592
Epoch 228/300 | train_loss=51.1792 | train_acc=0.8600 | test_loss=9.0043 | test_acc=0.5206
Epoch 241/300 | train_loss=51.3962 | train_acc=0.8587 | test_loss=9.1587 | test_acc=0.5578
Epoch 229/300 | train_loss=51.2029 | train_acc=0.8610 | test_loss=9.0014 | test_acc=0.5146
Epoch 242/300 | train_loss=51.4653 | train_acc=0.8595 | test_loss=9.1652 | test_acc=0.5479
Epoch 230/300 | train_loss=51.0222 | train_acc=0.8603 | test_loss=8.9747 | test_acc=0.5216
Epoch 243/300 | train_loss=51.3862 | train_acc=0.8599 | test_loss=9.1565 | test_acc=0.5523
Epoch 231/300 | train_loss=50.9140 | train_acc=0.8618 | test_loss=8.9530 | test_acc=0.5231
Epoch 244/300 | train_loss=51.2173 | train_acc=0.8594 | test_loss=9.1424 | test_acc=0.5597
Epoch 232/300 | train_loss=50.8914 | train_acc=0.8619 | test_loss=8.9544 | test_acc=0.5287
Epoch 245/300 | train_loss=51.2319 | train_acc=0.8606 | test_loss=9.1051 | test_acc=0.5517
Epoch 233/300 | train_loss=50.7341 | train_acc=0.8616 | test_loss=8.9364 | test_acc=0.5209
Epoch 246/300 | train_loss=51.0974 | train_acc=0.8601 | test_loss=9.1010 | test_acc=0.5521
Epoch 234/300 | train_loss=50.6891 | train_acc=0.8624 | test_loss=8.9220 | test_acc=0.5266
Epoch 247/300 | train_loss=51.0504 | train_acc=0.8602 | test_loss=9.0884 | test_acc=0.5556
Epoch 235/300 | train_loss=50.6888 | train_acc=0.8620 | test_loss=8.9041 | test_acc=0.5281
Epoch 248/300 | train_loss=50.9315 | train_acc=0.8612 | test_loss=9.0772 | test_acc=0.5586
Epoch 236/300 | train_loss=50.5533 | train_acc=0.8627 | test_loss=8.8831 | test_acc=0.5252
Epoch 249/300 | train_loss=50.8930 | train_acc=0.8610 | test_loss=9.0703 | test_acc=0.5606
Epoch 237/300 | train_loss=50.4711 | train_acc=0.8627 | test_loss=8.8726 | test_acc=0.5305
Epoch 250/300 | train_loss=50.8329 | train_acc=0.8614 | test_loss=9.0567 | test_acc=0.5591
Epoch 238/300 | train_loss=50.4481 | train_acc=0.8631 | test_loss=8.8739 | test_acc=0.5273
Epoch 251/300 | train_loss=50.8641 | train_acc=0.8611 | test_loss=9.0429 | test_acc=0.5560
Epoch 239/300 | train_loss=50.2538 | train_acc=0.8631 | test_loss=8.8451 | test_acc=0.5256
Epoch 252/300 | train_loss=50.7217 | train_acc=0.8620 | test_loss=9.0256 | test_acc=0.5568
Epoch 240/300 | train_loss=50.1837 | train_acc=0.8636 | test_loss=8.8357 | test_acc=0.5309
Epoch 253/300 | train_loss=50.4671 | train_acc=0.8620 | test_loss=9.0205 | test_acc=0.5539
Epoch 241/300 | train_loss=50.0637 | train_acc=0.8637 | test_loss=8.8155 | test_acc=0.5288
Epoch 254/300 | train_loss=50.5026 | train_acc=0.8617 | test_loss=9.0045 | test_acc=0.5558
Epoch 242/300 | train_loss=49.9935 | train_acc=0.8641 | test_loss=8.8182 | test_acc=0.5271
Epoch 255/300 | train_loss=50.5018 | train_acc=0.8625 | test_loss=9.0035 | test_acc=0.5572
Epoch 243/300 | train_loss=49.8964 | train_acc=0.8643 | test_loss=8.7992 | test_acc=0.5309
Epoch 256/300 | train_loss=50.2675 | train_acc=0.8625 | test_loss=8.9859 | test_acc=0.5581
Epoch 244/300 | train_loss=49.9023 | train_acc=0.8648 | test_loss=8.7989 | test_acc=0.5293
Epoch 257/300 | train_loss=50.3693 | train_acc=0.8628 | test_loss=8.9762 | test_acc=0.5540
Epoch 245/300 | train_loss=49.7900 | train_acc=0.8646 | test_loss=8.7727 | test_acc=0.5280
Epoch 258/300 | train_loss=50.2485 | train_acc=0.8625 | test_loss=8.9836 | test_acc=0.5748
Epoch 246/300 | train_loss=49.7022 | train_acc=0.8653 | test_loss=8.7595 | test_acc=0.5295
Epoch 259/300 | train_loss=50.1277 | train_acc=0.8627 | test_loss=8.9584 | test_acc=0.5518
Epoch 247/300 | train_loss=49.6832 | train_acc=0.8656 | test_loss=8.7437 | test_acc=0.5316
Epoch 260/300 | train_loss=50.1076 | train_acc=0.8630 | test_loss=8.9420 | test_acc=0.5630
Epoch 248/300 | train_loss=49.5373 | train_acc=0.8651 | test_loss=8.7402 | test_acc=0.5316
Epoch 261/300 | train_loss=50.0110 | train_acc=0.8631 | test_loss=8.9283 | test_acc=0.5637
Epoch 249/300 | train_loss=49.5514 | train_acc=0.8651 | test_loss=8.7254 | test_acc=0.5314
Epoch 262/300 | train_loss=49.9176 | train_acc=0.8635 | test_loss=8.9101 | test_acc=0.5604
Epoch 250/300 | train_loss=49.3641 | train_acc=0.8658 | test_loss=8.7074 | test_acc=0.5305
Epoch 263/300 | train_loss=49.8812 | train_acc=0.8635 | test_loss=8.9047 | test_acc=0.5670
Epoch 251/300 | train_loss=49.3468 | train_acc=0.8661 | test_loss=8.7139 | test_acc=0.5279
Epoch 264/300 | train_loss=49.8295 | train_acc=0.8639 | test_loss=8.9079 | test_acc=0.5598
Epoch 252/300 | train_loss=49.2145 | train_acc=0.8666 | test_loss=8.6896 | test_acc=0.5332
Epoch 265/300 | train_loss=49.7032 | train_acc=0.8639 | test_loss=8.8917 | test_acc=0.5563
Epoch 253/300 | train_loss=49.1530 | train_acc=0.8665 | test_loss=8.6729 | test_acc=0.5337
Epoch 266/300 | train_loss=49.7319 | train_acc=0.8641 | test_loss=8.8606 | test_acc=0.5622
Epoch 254/300 | train_loss=49.0336 | train_acc=0.8671 | test_loss=8.6672 | test_acc=0.5320
Epoch 267/300 | train_loss=49.6213 | train_acc=0.8651 | test_loss=8.8554 | test_acc=0.5601
Epoch 255/300 | train_loss=48.9364 | train_acc=0.8672 | test_loss=8.6662 | test_acc=0.5311
Epoch 268/300 | train_loss=49.4956 | train_acc=0.8650 | test_loss=8.8630 | test_acc=0.5610
Epoch 256/300 | train_loss=48.9372 | train_acc=0.8669 | test_loss=8.6497 | test_acc=0.5345
Epoch 269/300 | train_loss=49.5560 | train_acc=0.8651 | test_loss=8.8617 | test_acc=0.5679
Epoch 257/300 | train_loss=48.8653 | train_acc=0.8673 | test_loss=8.6339 | test_acc=0.5296
Epoch 270/300 | train_loss=49.5350 | train_acc=0.8650 | test_loss=8.8318 | test_acc=0.5636
Epoch 258/300 | train_loss=48.7618 | train_acc=0.8677 | test_loss=8.6086 | test_acc=0.5343
Epoch 271/300 | train_loss=49.3052 | train_acc=0.8648 | test_loss=8.8164 | test_acc=0.5607
Epoch 259/300 | train_loss=48.6531 | train_acc=0.8681 | test_loss=8.6145 | test_acc=0.5297
Epoch 272/300 | train_loss=49.3456 | train_acc=0.8655 | test_loss=8.8083 | test_acc=0.5698
Epoch 260/300 | train_loss=48.5849 | train_acc=0.8677 | test_loss=8.6035 | test_acc=0.5374
Epoch 273/300 | train_loss=49.2669 | train_acc=0.8659 | test_loss=8.7950 | test_acc=0.5594
Epoch 261/300 | train_loss=48.4877 | train_acc=0.8681 | test_loss=8.5805 | test_acc=0.5349
Epoch 274/300 | train_loss=49.1504 | train_acc=0.8660 | test_loss=8.7782 | test_acc=0.5619
Epoch 262/300 | train_loss=48.5300 | train_acc=0.8687 | test_loss=8.5841 | test_acc=0.5344
Epoch 275/300 | train_loss=49.1022 | train_acc=0.8663 | test_loss=8.7683 | test_acc=0.5684
Epoch 263/300 | train_loss=48.4518 | train_acc=0.8686 | test_loss=8.5766 | test_acc=0.5407
Epoch 276/300 | train_loss=48.9804 | train_acc=0.8663 | test_loss=8.7657 | test_acc=0.5687
Epoch 264/300 | train_loss=48.3615 | train_acc=0.8688 | test_loss=8.5564 | test_acc=0.5432
Epoch 277/300 | train_loss=48.9760 | train_acc=0.8670 | test_loss=8.7713 | test_acc=0.5739
Epoch 265/300 | train_loss=48.2580 | train_acc=0.8689 | test_loss=8.5286 | test_acc=0.5383
Epoch 278/300 | train_loss=48.8300 | train_acc=0.8670 | test_loss=8.7386 | test_acc=0.5595
Epoch 266/300 | train_loss=48.1890 | train_acc=0.8691 | test_loss=8.5270 | test_acc=0.5402
Epoch 279/300 | train_loss=48.7214 | train_acc=0.8674 | test_loss=8.7470 | test_acc=0.5716
Epoch 267/300 | train_loss=48.0543 | train_acc=0.8697 | test_loss=8.5140 | test_acc=0.5387
Epoch 280/300 | train_loss=48.7567 | train_acc=0.8670 | test_loss=8.7262 | test_acc=0.5730
Epoch 268/300 | train_loss=48.0491 | train_acc=0.8697 | test_loss=8.5176 | test_acc=0.5385
Epoch 281/300 | train_loss=48.5967 | train_acc=0.8673 | test_loss=8.7155 | test_acc=0.5733
Epoch 269/300 | train_loss=47.9479 | train_acc=0.8696 | test_loss=8.5023 | test_acc=0.5401
Epoch 282/300 | train_loss=48.5292 | train_acc=0.8678 | test_loss=8.7090 | test_acc=0.5683
Epoch 270/300 | train_loss=47.9936 | train_acc=0.8704 | test_loss=8.4815 | test_acc=0.5349
Epoch 283/300 | train_loss=48.5074 | train_acc=0.8674 | test_loss=8.6940 | test_acc=0.5658
Epoch 271/300 | train_loss=47.7307 | train_acc=0.8699 | test_loss=8.4809 | test_acc=0.5384
Epoch 284/300 | train_loss=48.5364 | train_acc=0.8679 | test_loss=8.6848 | test_acc=0.5729
Epoch 272/300 | train_loss=47.7612 | train_acc=0.8710 | test_loss=8.4777 | test_acc=0.5411
Epoch 285/300 | train_loss=48.4310 | train_acc=0.8683 | test_loss=8.6668 | test_acc=0.5650
Epoch 273/300 | train_loss=47.7355 | train_acc=0.8708 | test_loss=8.4652 | test_acc=0.5452
Epoch 286/300 | train_loss=48.4092 | train_acc=0.8684 | test_loss=8.6593 | test_acc=0.5730
Epoch 274/300 | train_loss=47.6034 | train_acc=0.8710 | test_loss=8.4612 | test_acc=0.5388
Epoch 287/300 | train_loss=48.2648 | train_acc=0.8685 | test_loss=8.6525 | test_acc=0.5688
Epoch 275/300 | train_loss=47.5856 | train_acc=0.8712 | test_loss=8.4359 | test_acc=0.5429
Epoch 288/300 | train_loss=48.3421 | train_acc=0.8685 | test_loss=8.6499 | test_acc=0.5703
Epoch 276/300 | train_loss=47.4278 | train_acc=0.8710 | test_loss=8.4368 | test_acc=0.5480
Epoch 289/300 | train_loss=48.0951 | train_acc=0.8686 | test_loss=8.6412 | test_acc=0.5700
Epoch 277/300 | train_loss=47.3899 | train_acc=0.8711 | test_loss=8.4158 | test_acc=0.5447
Epoch 290/300 | train_loss=48.1188 | train_acc=0.8689 | test_loss=8.6147 | test_acc=0.5741
Epoch 278/300 | train_loss=47.3602 | train_acc=0.8715 | test_loss=8.4104 | test_acc=0.5504
Epoch 291/300 | train_loss=48.0347 | train_acc=0.8688 | test_loss=8.6267 | test_acc=0.5769
Epoch 279/300 | train_loss=47.2924 | train_acc=0.8714 | test_loss=8.3857 | test_acc=0.5468
Epoch 292/300 | train_loss=48.0607 | train_acc=0.8689 | test_loss=8.6108 | test_acc=0.5754
Epoch 280/300 | train_loss=47.1958 | train_acc=0.8721 | test_loss=8.3949 | test_acc=0.5443
Epoch 293/300 | train_loss=48.0708 | train_acc=0.8697 | test_loss=8.5916 | test_acc=0.5771
Epoch 281/300 | train_loss=47.0480 | train_acc=0.8721 | test_loss=8.3943 | test_acc=0.5511
Epoch 294/300 | train_loss=47.8380 | train_acc=0.8697 | test_loss=8.5948 | test_acc=0.5707
Epoch 282/300 | train_loss=47.2286 | train_acc=0.8722 | test_loss=8.3687 | test_acc=0.5486
Epoch 295/300 | train_loss=47.7616 | train_acc=0.8695 | test_loss=8.5786 | test_acc=0.5689
Epoch 283/300 | train_loss=46.9568 | train_acc=0.8721 | test_loss=8.3494 | test_acc=0.5472
Epoch 296/300 | train_loss=47.8247 | train_acc=0.8700 | test_loss=8.5753 | test_acc=0.5740
Epoch 284/300 | train_loss=46.9150 | train_acc=0.8720 | test_loss=8.3398 | test_acc=0.5500
Epoch 297/300 | train_loss=47.6631 | train_acc=0.8706 | test_loss=8.5630 | test_acc=0.5780
Epoch 285/300 | train_loss=46.8454 | train_acc=0.8727 | test_loss=8.3308 | test_acc=0.5516
Epoch 298/300 | train_loss=47.5693 | train_acc=0.8703 | test_loss=8.5521 | test_acc=0.5837
Epoch 286/300 | train_loss=46.9208 | train_acc=0.8728 | test_loss=8.3216 | test_acc=0.5415
Epoch 299/300 | train_loss=47.5538 | train_acc=0.8702 | test_loss=8.5425 | test_acc=0.5842
Epoch 287/300 | train_loss=46.7871 | train_acc=0.8737 | test_loss=8.3157 | test_acc=0.5422
Epoch 300/300 | train_loss=47.5130 | train_acc=0.8704 | test_loss=8.5349 | test_acc=0.5801
Epoch 288/300 | train_loss=46.6531 | train_acc=0.8733 | test_loss=8.3044 | test_acc=0.5469
Completed bio_frozen run 4 on cuda:6 | test_acc=0.5801
Epoch 289/300 | train_loss=46.6691 | train_acc=0.8735 | test_loss=8.2962 | test_acc=0.5484
Epoch 290/300 | train_loss=46.6384 | train_acc=0.8736 | test_loss=8.2845 | test_acc=0.5443
Epoch 291/300 | train_loss=46.4612 | train_acc=0.8739 | test_loss=8.2738 | test_acc=0.5485
Epoch 292/300 | train_loss=46.6042 | train_acc=0.8741 | test_loss=8.2637 | test_acc=0.5464
Epoch 293/300 | train_loss=46.5004 | train_acc=0.8740 | test_loss=8.2562 | test_acc=0.5518
Epoch 294/300 | train_loss=46.3740 | train_acc=0.8741 | test_loss=8.2496 | test_acc=0.5515
Epoch 295/300 | train_loss=46.2902 | train_acc=0.8745 | test_loss=8.2376 | test_acc=0.5520
Epoch 296/300 | train_loss=46.3187 | train_acc=0.8745 | test_loss=8.2333 | test_acc=0.5547
Epoch 297/300 | train_loss=46.1831 | train_acc=0.8750 | test_loss=8.2139 | test_acc=0.5522
Epoch 298/300 | train_loss=46.1204 | train_acc=0.8746 | test_loss=8.2068 | test_acc=0.5538
Epoch 299/300 | train_loss=46.0648 | train_acc=0.8747 | test_loss=8.2286 | test_acc=0.5550
Epoch 300/300 | train_loss=45.9412 | train_acc=0.8750 | test_loss=8.1914 | test_acc=0.5516
Completed bio_frozen run 5 on cuda:7 | test_acc=0.5516

Saved results to runs/l_mnist_bio_table_parallel_20260527_110711
