2026-04-02 10:03:25,706 | INFO | Starting training pipeline
2026-04-02 10:03:25,706 | INFO | Output directory: runs/l_mnist_pipeline_20260402_100325
2026-04-02 10:03:25,707 | INFO | Config: {'batch_size': 512, 'lr': 0.001, 'epochs_stage1': 100, 'epochs_stage2': 200, 'epochs_lstm': 200, 'n_runs': 5, 'gfr_hidden_dim': 72, 'num_classes': 10, 'bio_units': False, 'base_seed': 1234, 'output_root': 'runs'}
2026-04-02 10:03:25,707 | INFO | CUDA device: cuda
2026-04-02 10:03:25,707 | INFO | Run seeds: [1234, 1235, 1236, 1237, 1238]
2026-04-02 10:03:26,186 | INFO | Stage-1 model trainable params: 8650
2026-04-02 10:03:43,070 | INFO | stage1 | Epoch 001 | train_loss=228.5410 | test_loss=30.9881 | test_acc=0.1924
2026-04-02 10:03:57,642 | INFO | stage1 | Epoch 002 | train_loss=157.9804 | test_loss=24.1705 | test_acc=0.2002
2026-04-02 10:04:12,430 | INFO | stage1 | Epoch 003 | train_loss=123.7159 | test_loss=17.6836 | test_acc=0.3274
2026-04-02 10:04:27,225 | INFO | stage1 | Epoch 004 | train_loss=91.0334 | test_loss=13.0721 | test_acc=0.4198
2026-04-02 10:04:41,229 | INFO | stage1 | Epoch 005 | train_loss=72.3483 | test_loss=11.1360 | test_acc=0.4692
2026-04-02 10:04:54,523 | INFO | stage1 | Epoch 006 | train_loss=63.2414 | test_loss=10.2620 | test_acc=0.4636
2026-04-02 10:05:08,166 | INFO | stage1 | Epoch 007 | train_loss=56.7584 | test_loss=9.0469 | test_acc=0.5737
2026-04-02 10:05:22,894 | INFO | stage1 | Epoch 008 | train_loss=51.1950 | test_loss=8.0729 | test_acc=0.5995
2026-04-02 10:05:37,671 | INFO | stage1 | Epoch 009 | train_loss=45.8562 | test_loss=7.8797 | test_acc=0.5573
2026-04-02 10:05:52,336 | INFO | stage1 | Epoch 010 | train_loss=41.0629 | test_loss=6.2708 | test_acc=0.6340
2026-04-02 10:06:06,935 | INFO | stage1 | Epoch 011 | train_loss=36.9223 | test_loss=5.7967 | test_acc=0.6729
2026-04-02 10:06:22,519 | INFO | stage1 | Epoch 012 | train_loss=34.0116 | test_loss=5.8563 | test_acc=0.5894
2026-04-02 10:06:37,953 | INFO | stage1 | Epoch 013 | train_loss=31.6915 | test_loss=5.6673 | test_acc=0.6634
2026-04-02 10:06:51,321 | INFO | stage1 | Epoch 014 | train_loss=30.3094 | test_loss=4.8202 | test_acc=0.6799
2026-04-02 10:07:05,974 | INFO | stage1 | Epoch 015 | train_loss=27.6843 | test_loss=4.9676 | test_acc=0.6949
2026-04-02 10:07:20,617 | INFO | stage1 | Epoch 016 | train_loss=27.2657 | test_loss=4.6950 | test_acc=0.6814
2026-04-02 10:07:35,227 | INFO | stage1 | Epoch 017 | train_loss=25.0061 | test_loss=4.4307 | test_acc=0.7149
2026-04-02 10:07:49,922 | INFO | stage1 | Epoch 018 | train_loss=24.9113 | test_loss=4.7634 | test_acc=0.6756
2026-04-02 10:08:04,771 | INFO | stage1 | Epoch 019 | train_loss=23.5633 | test_loss=4.1778 | test_acc=0.7390
2026-04-02 10:08:19,548 | INFO | stage1 | Epoch 020 | train_loss=22.4601 | test_loss=4.9170 | test_acc=0.6557
2026-04-02 10:08:34,354 | INFO | stage1 | Epoch 021 | train_loss=22.2397 | test_loss=3.9167 | test_acc=0.7180
2026-04-02 10:08:49,149 | INFO | stage1 | Epoch 022 | train_loss=20.8784 | test_loss=3.9815 | test_acc=0.7334
2026-04-02 10:09:03,921 | INFO | stage1 | Epoch 023 | train_loss=20.2863 | test_loss=4.0940 | test_acc=0.7060
2026-04-02 10:09:18,245 | INFO | stage1 | Epoch 024 | train_loss=19.7377 | test_loss=3.6317 | test_acc=0.7736
2026-04-02 10:09:32,354 | INFO | stage1 | Epoch 025 | train_loss=19.1721 | test_loss=4.1249 | test_acc=0.8020
2026-04-02 10:09:46,209 | INFO | stage1 | Epoch 026 | train_loss=18.1704 | test_loss=3.5215 | test_acc=0.7401
2026-04-02 10:09:59,165 | INFO | stage1 | Epoch 027 | train_loss=17.9960 | test_loss=3.5417 | test_acc=0.7817
2026-04-02 10:10:13,425 | INFO | stage1 | Epoch 028 | train_loss=17.6842 | test_loss=3.2791 | test_acc=0.7852
2026-04-02 10:10:27,370 | INFO | stage1 | Epoch 029 | train_loss=18.3266 | test_loss=3.4763 | test_acc=0.7689
2026-04-02 10:10:40,552 | INFO | stage1 | Epoch 030 | train_loss=17.0553 | test_loss=3.1044 | test_acc=0.8041
2026-04-02 10:10:55,828 | INFO | stage1 | Epoch 031 | train_loss=16.7432 | test_loss=3.2664 | test_acc=0.8025
2026-04-02 10:11:10,854 | INFO | stage1 | Epoch 032 | train_loss=15.9391 | test_loss=2.9372 | test_acc=0.7504
2026-04-02 10:11:25,040 | INFO | stage1 | Epoch 033 | train_loss=15.7413 | test_loss=3.0713 | test_acc=0.8056
2026-04-02 10:11:39,296 | INFO | stage1 | Epoch 034 | train_loss=15.3435 | test_loss=2.9109 | test_acc=0.8389
2026-04-02 10:11:53,064 | INFO | stage1 | Epoch 035 | train_loss=14.9475 | test_loss=2.7836 | test_acc=0.7786
2026-04-02 10:12:06,139 | INFO | stage1 | Epoch 036 | train_loss=14.6136 | test_loss=3.0007 | test_acc=0.7828
2026-04-02 10:12:20,705 | INFO | stage1 | Epoch 037 | train_loss=14.6018 | test_loss=3.0864 | test_acc=0.7149
2026-04-02 10:12:35,393 | INFO | stage1 | Epoch 038 | train_loss=13.9480 | test_loss=2.8633 | test_acc=0.7648
2026-04-02 10:12:50,069 | INFO | stage1 | Epoch 039 | train_loss=13.7768 | test_loss=2.9579 | test_acc=0.8214
2026-04-02 10:13:03,048 | INFO | stage1 | Epoch 040 | train_loss=14.0844 | test_loss=2.9812 | test_acc=0.7822
2026-04-02 10:13:16,291 | INFO | stage1 | Epoch 041 | train_loss=13.3063 | test_loss=2.9027 | test_acc=0.8072
2026-04-02 10:13:30,000 | INFO | stage1 | Epoch 042 | train_loss=12.9100 | test_loss=3.1452 | test_acc=0.7418
2026-04-02 10:13:44,057 | INFO | stage1 | Epoch 043 | train_loss=13.2976 | test_loss=2.5893 | test_acc=0.7986
2026-04-02 10:13:58,709 | INFO | stage1 | Epoch 044 | train_loss=12.8107 | test_loss=2.9418 | test_acc=0.7662
2026-04-02 10:14:12,343 | INFO | stage1 | Epoch 045 | train_loss=12.6465 | test_loss=2.7268 | test_acc=0.7617
2026-04-02 10:14:26,255 | INFO | stage1 | Epoch 046 | train_loss=12.2111 | test_loss=2.6805 | test_acc=0.8375
2026-04-02 10:14:40,169 | INFO | stage1 | Epoch 047 | train_loss=11.5822 | test_loss=2.4368 | test_acc=0.7683
2026-04-02 10:14:53,498 | INFO | stage1 | Epoch 048 | train_loss=11.5560 | test_loss=2.3031 | test_acc=0.8106
2026-04-02 10:15:06,222 | INFO | stage1 | Epoch 049 | train_loss=11.4064 | test_loss=3.1879 | test_acc=0.7636
2026-04-02 10:15:20,041 | INFO | stage1 | Epoch 050 | train_loss=11.4200 | test_loss=2.1613 | test_acc=0.8124
2026-04-02 10:15:34,190 | INFO | stage1 | Epoch 051 | train_loss=10.9390 | test_loss=2.4475 | test_acc=0.8431
2026-04-02 10:15:48,838 | INFO | stage1 | Epoch 052 | train_loss=11.1139 | test_loss=2.4508 | test_acc=0.8053
2026-04-02 10:16:02,178 | INFO | stage1 | Epoch 053 | train_loss=11.4149 | test_loss=2.3365 | test_acc=0.7626
2026-04-02 10:16:17,015 | INFO | stage1 | Epoch 054 | train_loss=11.3708 | test_loss=2.2805 | test_acc=0.8568
2026-04-02 10:16:32,066 | INFO | stage1 | Epoch 055 | train_loss=10.4944 | test_loss=2.8599 | test_acc=0.8503
2026-04-02 10:16:46,358 | INFO | stage1 | Epoch 056 | train_loss=10.6172 | test_loss=2.2482 | test_acc=0.8092
2026-04-02 10:17:00,122 | INFO | stage1 | Epoch 057 | train_loss=10.5974 | test_loss=2.4416 | test_acc=0.8171
2026-04-02 10:17:14,030 | INFO | stage1 | Epoch 058 | train_loss=9.7047 | test_loss=2.2350 | test_acc=0.8239
2026-04-02 10:17:28,229 | INFO | stage1 | Epoch 059 | train_loss=10.8490 | test_loss=2.3052 | test_acc=0.8585
2026-04-02 10:17:42,603 | INFO | stage1 | Epoch 060 | train_loss=9.9337 | test_loss=2.3331 | test_acc=0.7875
2026-04-02 10:17:57,632 | INFO | stage1 | Epoch 061 | train_loss=9.4923 | test_loss=2.2155 | test_acc=0.7961
2026-04-02 10:18:12,272 | INFO | stage1 | Epoch 062 | train_loss=9.9863 | test_loss=2.0061 | test_acc=0.8461
2026-04-02 10:18:26,811 | INFO | stage1 | Epoch 063 | train_loss=9.2833 | test_loss=2.1366 | test_acc=0.7750
2026-04-02 10:18:41,549 | INFO | stage1 | Epoch 064 | train_loss=9.6328 | test_loss=2.2496 | test_acc=0.8169
2026-04-02 10:18:55,303 | INFO | stage1 | Epoch 065 | train_loss=9.7300 | test_loss=2.2327 | test_acc=0.8021
2026-04-02 10:19:06,940 | INFO | stage1 | Epoch 066 | train_loss=8.9359 | test_loss=2.1722 | test_acc=0.8188
2026-04-02 10:19:22,015 | INFO | stage1 | Epoch 067 | train_loss=8.7550 | test_loss=2.4551 | test_acc=0.7716
2026-04-02 10:19:36,882 | INFO | stage1 | Epoch 068 | train_loss=9.5953 | test_loss=2.7323 | test_acc=0.8632
2026-04-02 10:19:51,716 | INFO | stage1 | Epoch 069 | train_loss=9.3084 | test_loss=2.6815 | test_acc=0.7951
2026-04-02 10:20:06,547 | INFO | stage1 | Epoch 070 | train_loss=9.1666 | test_loss=2.5136 | test_acc=0.8145
2026-04-02 10:20:21,402 | INFO | stage1 | Epoch 071 | train_loss=9.2573 | test_loss=1.9380 | test_acc=0.8208
2026-04-02 10:20:36,272 | INFO | stage1 | Epoch 072 | train_loss=8.5222 | test_loss=1.9250 | test_acc=0.8532
2026-04-02 10:20:49,764 | INFO | stage1 | Epoch 073 | train_loss=8.9379 | test_loss=2.5778 | test_acc=0.7833
2026-04-02 10:21:03,667 | INFO | stage1 | Epoch 074 | train_loss=8.5822 | test_loss=2.0201 | test_acc=0.8222
2026-04-02 10:21:17,063 | INFO | stage1 | Epoch 075 | train_loss=8.2569 | test_loss=2.2722 | test_acc=0.8233
2026-04-02 10:21:30,084 | INFO | stage1 | Epoch 076 | train_loss=8.2048 | test_loss=2.0490 | test_acc=0.8291
2026-04-02 10:21:43,753 | INFO | stage1 | Epoch 077 | train_loss=9.3724 | test_loss=2.2684 | test_acc=0.8628
2026-04-02 10:21:58,511 | INFO | stage1 | Epoch 078 | train_loss=8.2393 | test_loss=1.8518 | test_acc=0.8156
2026-04-02 10:22:15,506 | INFO | stage1 | Epoch 079 | train_loss=8.2361 | test_loss=2.0676 | test_acc=0.8684
2026-04-02 10:22:35,359 | INFO | stage1 | Epoch 080 | train_loss=8.1035 | test_loss=1.9455 | test_acc=0.8599
2026-04-02 10:22:55,505 | INFO | stage1 | Epoch 081 | train_loss=7.4665 | test_loss=1.7238 | test_acc=0.8378
2026-04-02 10:23:14,545 | INFO | stage1 | Epoch 082 | train_loss=8.0743 | test_loss=1.8699 | test_acc=0.8660
2026-04-02 10:23:35,442 | INFO | stage1 | Epoch 083 | train_loss=7.4836 | test_loss=1.9763 | test_acc=0.8381
2026-04-02 10:23:57,392 | INFO | stage1 | Epoch 084 | train_loss=7.6220 | test_loss=2.3375 | test_acc=0.7987
2026-04-02 10:24:12,144 | INFO | stage1 | Epoch 085 | train_loss=7.9297 | test_loss=2.2692 | test_acc=0.8431
2026-04-02 10:24:26,949 | INFO | stage1 | Epoch 086 | train_loss=7.5561 | test_loss=1.9454 | test_acc=0.8456
2026-04-02 10:24:42,306 | INFO | stage1 | Epoch 087 | train_loss=7.7866 | test_loss=1.9576 | test_acc=0.8585
2026-04-02 10:24:57,831 | INFO | stage1 | Epoch 088 | train_loss=7.8088 | test_loss=2.0884 | test_acc=0.8074
2026-04-02 10:25:12,906 | INFO | stage1 | Epoch 089 | train_loss=7.3962 | test_loss=2.1744 | test_acc=0.8404
2026-04-02 10:25:27,804 | INFO | stage1 | Epoch 090 | train_loss=7.5496 | test_loss=1.9934 | test_acc=0.8200
2026-04-02 10:25:42,805 | INFO | stage1 | Epoch 091 | train_loss=7.2668 | test_loss=1.8541 | test_acc=0.8426
2026-04-02 10:25:56,540 | INFO | stage1 | Epoch 092 | train_loss=7.1565 | test_loss=1.9664 | test_acc=0.8042
2026-04-02 10:26:09,687 | INFO | stage1 | Epoch 093 | train_loss=7.0914 | test_loss=1.7685 | test_acc=0.8691
2026-04-02 10:26:23,189 | INFO | stage1 | Epoch 094 | train_loss=7.3162 | test_loss=1.8837 | test_acc=0.8522
2026-04-02 10:26:36,824 | INFO | stage1 | Epoch 095 | train_loss=6.8381 | test_loss=2.2625 | test_acc=0.8416
2026-04-02 10:26:51,706 | INFO | stage1 | Epoch 096 | train_loss=7.1117 | test_loss=1.8532 | test_acc=0.8324
2026-04-02 10:27:05,686 | INFO | stage1 | Epoch 097 | train_loss=6.3686 | test_loss=2.0333 | test_acc=0.8252
2026-04-02 10:27:19,122 | INFO | stage1 | Epoch 098 | train_loss=6.7601 | test_loss=1.7801 | test_acc=0.8329
2026-04-02 10:27:33,798 | INFO | stage1 | Epoch 099 | train_loss=7.0514 | test_loss=1.8256 | test_acc=0.8607
2026-04-02 10:27:48,553 | INFO | stage1 | Epoch 100 | train_loss=6.7541 | test_loss=1.9078 | test_acc=0.8387
2026-04-02 10:27:48,668 | INFO | Saved stage-1 checkpoint: runs/l_mnist_pipeline_20260402_100325/gfr_lmnist_stage1_shared.pt
2026-04-02 10:27:49,015 | INFO | Stage-2 trainable params (recurrent-only): 5256
2026-04-02 10:28:01,950 | INFO | stage2_run1 | Epoch 001 | train_loss=243.0902 | test_loss=36.3722 | test_acc=0.3805
2026-04-02 10:28:15,595 | INFO | stage2_run1 | Epoch 002 | train_loss=203.2897 | test_loss=33.0688 | test_acc=0.4960
2026-04-02 10:28:28,564 | INFO | stage2_run1 | Epoch 003 | train_loss=187.4583 | test_loss=30.7498 | test_acc=0.5687
2026-04-02 10:28:42,022 | INFO | stage2_run1 | Epoch 004 | train_loss=177.5419 | test_loss=29.3661 | test_acc=0.5922
2026-04-02 10:28:54,680 | INFO | stage2_run1 | Epoch 005 | train_loss=170.7850 | test_loss=28.3515 | test_acc=0.6235
2026-04-02 10:29:07,213 | INFO | stage2_run1 | Epoch 006 | train_loss=165.8226 | test_loss=27.7977 | test_acc=0.6715
2026-04-02 10:29:20,548 | INFO | stage2_run1 | Epoch 007 | train_loss=162.4335 | test_loss=27.3763 | test_acc=0.6418
2026-04-02 10:29:34,385 | INFO | stage2_run1 | Epoch 008 | train_loss=159.2814 | test_loss=26.7138 | test_acc=0.6894
2026-04-02 10:29:48,285 | INFO | stage2_run1 | Epoch 009 | train_loss=156.4971 | test_loss=26.1403 | test_acc=0.6966
2026-04-02 10:30:02,064 | INFO | stage2_run1 | Epoch 010 | train_loss=154.2627 | test_loss=25.8350 | test_acc=0.6978
2026-04-02 10:30:15,261 | INFO | stage2_run1 | Epoch 011 | train_loss=151.4741 | test_loss=25.7592 | test_acc=0.7126
2026-04-02 10:30:28,039 | INFO | stage2_run1 | Epoch 012 | train_loss=150.0660 | test_loss=25.1258 | test_acc=0.7238
2026-04-02 10:30:40,993 | INFO | stage2_run1 | Epoch 013 | train_loss=148.2163 | test_loss=24.9187 | test_acc=0.7218
2026-04-02 10:30:53,375 | INFO | stage2_run1 | Epoch 014 | train_loss=146.8699 | test_loss=24.8777 | test_acc=0.7301
2026-04-02 10:31:06,811 | INFO | stage2_run1 | Epoch 015 | train_loss=146.1287 | test_loss=24.5436 | test_acc=0.7216
2026-04-02 10:31:20,645 | INFO | stage2_run1 | Epoch 016 | train_loss=144.5095 | test_loss=24.4164 | test_acc=0.7297
2026-04-02 10:31:34,798 | INFO | stage2_run1 | Epoch 017 | train_loss=143.7791 | test_loss=24.1457 | test_acc=0.7325
2026-04-02 10:31:48,621 | INFO | stage2_run1 | Epoch 018 | train_loss=143.0650 | test_loss=23.9702 | test_acc=0.7389
2026-04-02 10:32:02,209 | INFO | stage2_run1 | Epoch 019 | train_loss=142.9146 | test_loss=24.0503 | test_acc=0.7439
2026-04-02 10:32:15,683 | INFO | stage2_run1 | Epoch 020 | train_loss=142.1352 | test_loss=24.1769 | test_acc=0.7206
2026-04-02 10:32:29,946 | INFO | stage2_run1 | Epoch 021 | train_loss=141.8809 | test_loss=24.7149 | test_acc=0.7234
2026-04-02 10:32:45,147 | INFO | stage2_run1 | Epoch 022 | train_loss=140.9645 | test_loss=23.4679 | test_acc=0.7539
2026-04-02 10:33:00,969 | INFO | stage2_run1 | Epoch 023 | train_loss=140.5494 | test_loss=23.6421 | test_acc=0.7544
2026-04-02 10:33:16,912 | INFO | stage2_run1 | Epoch 024 | train_loss=139.1592 | test_loss=23.5875 | test_acc=0.7343
2026-04-02 10:33:32,989 | INFO | stage2_run1 | Epoch 025 | train_loss=139.1713 | test_loss=23.4374 | test_acc=0.7466
2026-04-02 10:33:49,287 | INFO | stage2_run1 | Epoch 026 | train_loss=138.6699 | test_loss=23.2442 | test_acc=0.7536
2026-04-02 10:34:07,243 | INFO | stage2_run1 | Epoch 027 | train_loss=139.0718 | test_loss=23.1539 | test_acc=0.7598
2026-04-02 10:34:22,930 | INFO | stage2_run1 | Epoch 028 | train_loss=137.8366 | test_loss=23.2178 | test_acc=0.7658
2026-04-02 10:34:40,412 | INFO | stage2_run1 | Epoch 029 | train_loss=137.3737 | test_loss=23.2105 | test_acc=0.7629
2026-04-02 10:34:57,429 | INFO | stage2_run1 | Epoch 030 | train_loss=137.6639 | test_loss=23.9924 | test_acc=0.7512
2026-04-02 10:35:13,226 | INFO | stage2_run1 | Epoch 031 | train_loss=137.0628 | test_loss=23.4235 | test_acc=0.7453
2026-04-02 10:35:28,825 | INFO | stage2_run1 | Epoch 032 | train_loss=137.4695 | test_loss=22.9102 | test_acc=0.7515
2026-04-02 10:35:44,314 | INFO | stage2_run1 | Epoch 033 | train_loss=135.7479 | test_loss=23.0712 | test_acc=0.7570
2026-04-02 10:36:00,516 | INFO | stage2_run1 | Epoch 034 | train_loss=135.9693 | test_loss=22.9450 | test_acc=0.7643
2026-04-02 10:36:16,069 | INFO | stage2_run1 | Epoch 035 | train_loss=135.4171 | test_loss=22.5772 | test_acc=0.7637
2026-04-02 10:36:30,744 | INFO | stage2_run1 | Epoch 036 | train_loss=135.1669 | test_loss=22.6148 | test_acc=0.7778
2026-04-02 10:36:48,012 | INFO | stage2_run1 | Epoch 037 | train_loss=134.3272 | test_loss=22.6104 | test_acc=0.7624
2026-04-02 10:37:03,513 | INFO | stage2_run1 | Epoch 038 | train_loss=133.6964 | test_loss=22.7487 | test_acc=0.7604
2026-04-02 10:37:19,330 | INFO | stage2_run1 | Epoch 039 | train_loss=134.8788 | test_loss=22.5691 | test_acc=0.7686
2026-04-02 10:37:35,377 | INFO | stage2_run1 | Epoch 040 | train_loss=134.1725 | test_loss=22.7058 | test_acc=0.7761
2026-04-02 10:37:51,868 | INFO | stage2_run1 | Epoch 041 | train_loss=134.5356 | test_loss=22.5143 | test_acc=0.7719
2026-04-02 10:38:07,571 | INFO | stage2_run1 | Epoch 042 | train_loss=133.9340 | test_loss=22.7303 | test_acc=0.7511
2026-04-02 10:38:24,358 | INFO | stage2_run1 | Epoch 043 | train_loss=133.8989 | test_loss=22.7541 | test_acc=0.7590
2026-04-02 10:38:40,788 | INFO | stage2_run1 | Epoch 044 | train_loss=133.5885 | test_loss=22.4642 | test_acc=0.7690
2026-04-02 10:38:57,351 | INFO | stage2_run1 | Epoch 045 | train_loss=132.8971 | test_loss=22.1686 | test_acc=0.7638
2026-04-02 10:39:15,263 | INFO | stage2_run1 | Epoch 046 | train_loss=133.0614 | test_loss=22.3682 | test_acc=0.7653
2026-04-02 10:39:33,808 | INFO | stage2_run1 | Epoch 047 | train_loss=132.9731 | test_loss=22.3651 | test_acc=0.7730
2026-04-02 10:39:51,972 | INFO | stage2_run1 | Epoch 048 | train_loss=132.2700 | test_loss=22.2550 | test_acc=0.7738
2026-04-02 10:40:10,908 | INFO | stage2_run1 | Epoch 049 | train_loss=132.9106 | test_loss=22.5954 | test_acc=0.7517
2026-04-02 10:40:25,836 | INFO | stage2_run1 | Epoch 050 | train_loss=133.0366 | test_loss=22.2234 | test_acc=0.7696
2026-04-02 10:40:41,918 | INFO | stage2_run1 | Epoch 051 | train_loss=132.7028 | test_loss=22.3729 | test_acc=0.7603
2026-04-02 10:40:59,613 | INFO | stage2_run1 | Epoch 052 | train_loss=131.9082 | test_loss=22.2330 | test_acc=0.7718
2026-04-02 10:41:15,270 | INFO | stage2_run1 | Epoch 053 | train_loss=131.5347 | test_loss=22.4245 | test_acc=0.7513
2026-04-02 10:41:29,785 | INFO | stage2_run1 | Epoch 054 | train_loss=131.7501 | test_loss=22.1782 | test_acc=0.7965
2026-04-02 10:41:46,318 | INFO | stage2_run1 | Epoch 055 | train_loss=132.5511 | test_loss=23.1595 | test_acc=0.7598
2026-04-02 10:42:01,674 | INFO | stage2_run1 | Epoch 056 | train_loss=133.0353 | test_loss=23.3827 | test_acc=0.7403
2026-04-02 10:42:18,411 | INFO | stage2_run1 | Epoch 057 | train_loss=133.1700 | test_loss=22.0302 | test_acc=0.7923
2026-04-02 10:42:34,751 | INFO | stage2_run1 | Epoch 058 | train_loss=130.5056 | test_loss=22.1365 | test_acc=0.8160
2026-04-02 10:42:51,572 | INFO | stage2_run1 | Epoch 059 | train_loss=130.6876 | test_loss=21.9476 | test_acc=0.7969
2026-04-02 10:43:10,712 | INFO | stage2_run1 | Epoch 060 | train_loss=130.4166 | test_loss=21.9876 | test_acc=0.7908
2026-04-02 10:43:26,334 | INFO | stage2_run1 | Epoch 061 | train_loss=130.1820 | test_loss=21.9221 | test_acc=0.7847
2026-04-02 10:43:42,166 | INFO | stage2_run1 | Epoch 062 | train_loss=130.5211 | test_loss=21.8512 | test_acc=0.8000
2026-04-02 10:43:58,487 | INFO | stage2_run1 | Epoch 063 | train_loss=130.0856 | test_loss=21.9721 | test_acc=0.7757
2026-04-02 10:44:17,182 | INFO | stage2_run1 | Epoch 064 | train_loss=131.1718 | test_loss=21.9907 | test_acc=0.7898
2026-04-02 10:44:35,272 | INFO | stage2_run1 | Epoch 065 | train_loss=129.7233 | test_loss=21.8451 | test_acc=0.7973
2026-04-02 10:44:51,686 | INFO | stage2_run1 | Epoch 066 | train_loss=131.1065 | test_loss=22.0102 | test_acc=0.7743
2026-04-02 10:45:07,262 | INFO | stage2_run1 | Epoch 067 | train_loss=134.0512 | test_loss=22.0873 | test_acc=0.8013
2026-04-02 10:45:23,280 | INFO | stage2_run1 | Epoch 068 | train_loss=130.2327 | test_loss=22.0286 | test_acc=0.7883
2026-04-02 10:45:40,619 | INFO | stage2_run1 | Epoch 069 | train_loss=128.8223 | test_loss=21.9361 | test_acc=0.7688
2026-04-02 10:45:57,188 | INFO | stage2_run1 | Epoch 070 | train_loss=130.1374 | test_loss=22.3242 | test_acc=0.8119
2026-04-02 10:46:13,286 | INFO | stage2_run1 | Epoch 071 | train_loss=129.6870 | test_loss=21.6190 | test_acc=0.7847
2026-04-02 10:46:28,930 | INFO | stage2_run1 | Epoch 072 | train_loss=129.5348 | test_loss=21.5149 | test_acc=0.7954
2026-04-02 10:46:44,684 | INFO | stage2_run1 | Epoch 073 | train_loss=129.2837 | test_loss=22.2176 | test_acc=0.7887
2026-04-02 10:47:00,074 | INFO | stage2_run1 | Epoch 074 | train_loss=129.1886 | test_loss=21.8802 | test_acc=0.7716
2026-04-02 10:47:15,774 | INFO | stage2_run1 | Epoch 075 | train_loss=128.9095 | test_loss=21.7728 | test_acc=0.8042
2026-04-02 10:47:31,567 | INFO | stage2_run1 | Epoch 076 | train_loss=128.3295 | test_loss=21.7639 | test_acc=0.8057
2026-04-02 10:47:48,249 | INFO | stage2_run1 | Epoch 077 | train_loss=128.8226 | test_loss=21.5836 | test_acc=0.7892
2026-04-02 10:48:03,570 | INFO | stage2_run1 | Epoch 078 | train_loss=128.4637 | test_loss=21.8738 | test_acc=0.8102
2026-04-02 10:48:20,661 | INFO | stage2_run1 | Epoch 079 | train_loss=129.5540 | test_loss=21.7418 | test_acc=0.7739
2026-04-02 10:48:37,574 | INFO | stage2_run1 | Epoch 080 | train_loss=130.5084 | test_loss=21.5128 | test_acc=0.8067
2026-04-02 10:48:54,400 | INFO | stage2_run1 | Epoch 081 | train_loss=128.1674 | test_loss=21.3851 | test_acc=0.7891
2026-04-02 10:49:11,178 | INFO | stage2_run1 | Epoch 082 | train_loss=128.9405 | test_loss=21.6807 | test_acc=0.7767
2026-04-02 10:49:27,541 | INFO | stage2_run1 | Epoch 083 | train_loss=129.4736 | test_loss=21.6704 | test_acc=0.8153
2026-04-02 10:49:44,579 | INFO | stage2_run1 | Epoch 084 | train_loss=127.8318 | test_loss=21.6397 | test_acc=0.7860
2026-04-02 10:50:01,738 | INFO | stage2_run1 | Epoch 085 | train_loss=128.4915 | test_loss=21.8642 | test_acc=0.7846
2026-04-02 10:50:18,764 | INFO | stage2_run1 | Epoch 086 | train_loss=128.8449 | test_loss=23.9698 | test_acc=0.7223
2026-04-02 10:50:34,501 | INFO | stage2_run1 | Epoch 087 | train_loss=129.5860 | test_loss=22.1123 | test_acc=0.8090
2026-04-02 10:50:49,814 | INFO | stage2_run1 | Epoch 088 | train_loss=128.1186 | test_loss=21.6615 | test_acc=0.8248
2026-04-02 10:51:04,466 | INFO | stage2_run1 | Epoch 089 | train_loss=127.9213 | test_loss=21.7066 | test_acc=0.7892
2026-04-02 10:51:20,749 | INFO | stage2_run1 | Epoch 090 | train_loss=128.1925 | test_loss=21.6511 | test_acc=0.7940
2026-04-02 10:51:36,650 | INFO | stage2_run1 | Epoch 091 | train_loss=127.1711 | test_loss=21.6668 | test_acc=0.7921
2026-04-02 10:51:53,767 | INFO | stage2_run1 | Epoch 092 | train_loss=127.7738 | test_loss=21.5255 | test_acc=0.8087
2026-04-02 10:52:11,371 | INFO | stage2_run1 | Epoch 093 | train_loss=128.1393 | test_loss=21.5758 | test_acc=0.8142
2026-04-02 10:52:28,465 | INFO | stage2_run1 | Epoch 094 | train_loss=128.0642 | test_loss=21.4583 | test_acc=0.8188
2026-04-02 10:52:45,122 | INFO | stage2_run1 | Epoch 095 | train_loss=128.4791 | test_loss=21.6646 | test_acc=0.7968
2026-04-02 10:53:00,267 | INFO | stage2_run1 | Epoch 096 | train_loss=128.7591 | test_loss=21.2976 | test_acc=0.8165
2026-04-02 10:53:16,870 | INFO | stage2_run1 | Epoch 097 | train_loss=128.1960 | test_loss=21.8413 | test_acc=0.7982
2026-04-02 10:53:33,174 | INFO | stage2_run1 | Epoch 098 | train_loss=127.9088 | test_loss=21.4412 | test_acc=0.7859
2026-04-02 10:53:50,533 | INFO | stage2_run1 | Epoch 099 | train_loss=127.5063 | test_loss=21.4800 | test_acc=0.8255
2026-04-02 10:54:06,822 | INFO | stage2_run1 | Epoch 100 | train_loss=127.0618 | test_loss=21.6123 | test_acc=0.7910
2026-04-02 10:54:23,994 | INFO | stage2_run1 | Epoch 101 | train_loss=127.8128 | test_loss=21.4479 | test_acc=0.8121
2026-04-02 10:54:39,834 | INFO | stage2_run1 | Epoch 102 | train_loss=126.9381 | test_loss=21.2293 | test_acc=0.7697
2026-04-02 10:54:56,546 | INFO | stage2_run1 | Epoch 103 | train_loss=127.2872 | test_loss=21.3035 | test_acc=0.7921
2026-04-02 10:55:12,573 | INFO | stage2_run1 | Epoch 104 | train_loss=127.5983 | test_loss=22.0560 | test_acc=0.7774
2026-04-02 10:55:28,301 | INFO | stage2_run1 | Epoch 105 | train_loss=127.3528 | test_loss=21.2236 | test_acc=0.8189
2026-04-02 10:55:44,719 | INFO | stage2_run1 | Epoch 106 | train_loss=126.3588 | test_loss=21.9408 | test_acc=0.7901
2026-04-02 10:56:00,662 | INFO | stage2_run1 | Epoch 107 | train_loss=126.6416 | test_loss=21.4908 | test_acc=0.8019
2026-04-02 10:56:17,357 | INFO | stage2_run1 | Epoch 108 | train_loss=127.0066 | test_loss=21.0990 | test_acc=0.8192
2026-04-02 10:56:32,842 | INFO | stage2_run1 | Epoch 109 | train_loss=126.3376 | test_loss=21.4142 | test_acc=0.7839
2026-04-02 10:56:50,340 | INFO | stage2_run1 | Epoch 110 | train_loss=126.7735 | test_loss=21.8878 | test_acc=0.8171
2026-04-02 10:57:07,768 | INFO | stage2_run1 | Epoch 111 | train_loss=126.3376 | test_loss=21.4178 | test_acc=0.8398
2026-04-02 10:57:22,766 | INFO | stage2_run1 | Epoch 112 | train_loss=128.3276 | test_loss=21.5754 | test_acc=0.8121
2026-04-02 10:57:37,989 | INFO | stage2_run1 | Epoch 113 | train_loss=127.4615 | test_loss=21.5571 | test_acc=0.8484
2026-04-02 10:57:54,428 | INFO | stage2_run1 | Epoch 114 | train_loss=127.5127 | test_loss=21.6804 | test_acc=0.8494
2026-04-02 10:58:11,577 | INFO | stage2_run1 | Epoch 115 | train_loss=126.3926 | test_loss=21.4018 | test_acc=0.8800
2026-04-02 10:58:29,704 | INFO | stage2_run1 | Epoch 116 | train_loss=126.4914 | test_loss=21.2198 | test_acc=0.8528
2026-04-02 10:58:47,570 | INFO | stage2_run1 | Epoch 117 | train_loss=125.9651 | test_loss=21.2151 | test_acc=0.8937
2026-04-02 10:59:03,323 | INFO | stage2_run1 | Epoch 118 | train_loss=125.7700 | test_loss=21.2407 | test_acc=0.8821
2026-04-02 10:59:19,776 | INFO | stage2_run1 | Epoch 119 | train_loss=125.6488 | test_loss=21.1198 | test_acc=0.9037
2026-04-02 10:59:36,047 | INFO | stage2_run1 | Epoch 120 | train_loss=126.1389 | test_loss=21.6222 | test_acc=0.8592
2026-04-02 10:59:51,612 | INFO | stage2_run1 | Epoch 121 | train_loss=125.9175 | test_loss=21.1460 | test_acc=0.8741
2026-04-02 11:00:06,331 | INFO | stage2_run1 | Epoch 122 | train_loss=126.5266 | test_loss=21.5873 | test_acc=0.8800
2026-04-02 11:00:22,359 | INFO | stage2_run1 | Epoch 123 | train_loss=125.5236 | test_loss=21.0634 | test_acc=0.9173
2026-04-02 11:00:38,406 | INFO | stage2_run1 | Epoch 124 | train_loss=125.9883 | test_loss=21.3091 | test_acc=0.8960
2026-04-02 11:00:54,669 | INFO | stage2_run1 | Epoch 125 | train_loss=125.4486 | test_loss=21.3302 | test_acc=0.9081
2026-04-02 11:01:11,801 | INFO | stage2_run1 | Epoch 126 | train_loss=126.7579 | test_loss=21.5147 | test_acc=0.8856
2026-04-02 11:01:27,656 | INFO | stage2_run1 | Epoch 127 | train_loss=124.6705 | test_loss=21.4875 | test_acc=0.8980
2026-04-02 11:01:43,578 | INFO | stage2_run1 | Epoch 128 | train_loss=126.5245 | test_loss=21.2986 | test_acc=0.9132
2026-04-02 11:02:00,881 | INFO | stage2_run1 | Epoch 129 | train_loss=125.2123 | test_loss=21.2821 | test_acc=0.9039
2026-04-02 11:02:15,912 | INFO | stage2_run1 | Epoch 130 | train_loss=126.2603 | test_loss=21.4764 | test_acc=0.8645
2026-04-02 11:02:32,410 | INFO | stage2_run1 | Epoch 131 | train_loss=127.0888 | test_loss=21.0710 | test_acc=0.8844
2026-04-02 11:02:49,501 | INFO | stage2_run1 | Epoch 132 | train_loss=126.0329 | test_loss=21.8247 | test_acc=0.8796
2026-04-02 11:03:04,521 | INFO | stage2_run1 | Epoch 133 | train_loss=126.2799 | test_loss=21.4372 | test_acc=0.8977
2026-04-02 11:03:19,835 | INFO | stage2_run1 | Epoch 134 | train_loss=125.6864 | test_loss=21.3022 | test_acc=0.8857
2026-04-02 11:03:35,129 | INFO | stage2_run1 | Epoch 135 | train_loss=125.8428 | test_loss=21.2468 | test_acc=0.8969
2026-04-02 11:03:50,594 | INFO | stage2_run1 | Epoch 136 | train_loss=124.7759 | test_loss=21.0979 | test_acc=0.8633
2026-04-02 11:04:06,653 | INFO | stage2_run1 | Epoch 137 | train_loss=125.0237 | test_loss=21.1491 | test_acc=0.8676
2026-04-02 11:04:22,964 | INFO | stage2_run1 | Epoch 138 | train_loss=125.3948 | test_loss=20.9806 | test_acc=0.8832
2026-04-02 11:04:38,369 | INFO | stage2_run1 | Epoch 139 | train_loss=125.8117 | test_loss=20.9552 | test_acc=0.8951
2026-04-02 11:04:56,685 | INFO | stage2_run1 | Epoch 140 | train_loss=126.3102 | test_loss=21.2967 | test_acc=0.8860
2026-04-02 11:05:12,837 | INFO | stage2_run1 | Epoch 141 | train_loss=125.3250 | test_loss=21.5016 | test_acc=0.8450
2026-04-02 11:05:29,522 | INFO | stage2_run1 | Epoch 142 | train_loss=124.7568 | test_loss=21.2689 | test_acc=0.8949
2026-04-02 11:05:44,822 | INFO | stage2_run1 | Epoch 143 | train_loss=131.3245 | test_loss=21.2049 | test_acc=0.8594
2026-04-02 11:06:01,039 | INFO | stage2_run1 | Epoch 144 | train_loss=124.8002 | test_loss=21.2747 | test_acc=0.9142
2026-04-02 11:06:18,632 | INFO | stage2_run1 | Epoch 145 | train_loss=126.2746 | test_loss=21.4083 | test_acc=0.9090
2026-04-02 11:06:35,487 | INFO | stage2_run1 | Epoch 146 | train_loss=125.3966 | test_loss=20.9888 | test_acc=0.8592
2026-04-02 11:06:51,713 | INFO | stage2_run1 | Epoch 147 | train_loss=124.4365 | test_loss=20.9732 | test_acc=0.8924
2026-04-02 11:07:07,139 | INFO | stage2_run1 | Epoch 148 | train_loss=125.4653 | test_loss=20.8994 | test_acc=0.8988
2026-04-02 11:07:22,245 | INFO | stage2_run1 | Epoch 149 | train_loss=125.6906 | test_loss=21.3964 | test_acc=0.8834
2026-04-02 11:07:37,415 | INFO | stage2_run1 | Epoch 150 | train_loss=124.4326 | test_loss=21.2108 | test_acc=0.9130
2026-04-02 11:07:52,686 | INFO | stage2_run1 | Epoch 151 | train_loss=125.6511 | test_loss=21.5705 | test_acc=0.9006
2026-04-02 11:08:10,252 | INFO | stage2_run1 | Epoch 152 | train_loss=125.6751 | test_loss=21.4738 | test_acc=0.8688
2026-04-02 11:08:25,129 | INFO | stage2_run1 | Epoch 153 | train_loss=124.0320 | test_loss=20.8070 | test_acc=0.9082
2026-04-02 11:08:41,217 | INFO | stage2_run1 | Epoch 154 | train_loss=124.2354 | test_loss=21.5045 | test_acc=0.8558
2026-04-02 11:08:56,677 | INFO | stage2_run1 | Epoch 155 | train_loss=126.2594 | test_loss=21.2748 | test_acc=0.8556
2026-04-02 11:09:12,940 | INFO | stage2_run1 | Epoch 156 | train_loss=124.2986 | test_loss=21.2090 | test_acc=0.9131
2026-04-02 11:09:30,260 | INFO | stage2_run1 | Epoch 157 | train_loss=124.4506 | test_loss=20.8674 | test_acc=0.8912
2026-04-02 11:09:45,967 | INFO | stage2_run1 | Epoch 158 | train_loss=124.5315 | test_loss=21.0469 | test_acc=0.9173
2026-04-02 11:10:02,237 | INFO | stage2_run1 | Epoch 159 | train_loss=124.3786 | test_loss=20.6996 | test_acc=0.9279
2026-04-02 11:10:17,174 | INFO | stage2_run1 | Epoch 160 | train_loss=126.5751 | test_loss=21.2875 | test_acc=0.9093
2026-04-02 11:10:32,049 | INFO | stage2_run1 | Epoch 161 | train_loss=124.4031 | test_loss=21.3999 | test_acc=0.9057
2026-04-02 11:10:48,058 | INFO | stage2_run1 | Epoch 162 | train_loss=123.7423 | test_loss=21.0195 | test_acc=0.9098
2026-04-02 11:11:02,967 | INFO | stage2_run1 | Epoch 163 | train_loss=123.5284 | test_loss=21.1435 | test_acc=0.9012
2026-04-02 11:11:18,082 | INFO | stage2_run1 | Epoch 164 | train_loss=125.7633 | test_loss=21.0858 | test_acc=0.9265
2026-04-02 11:11:33,539 | INFO | stage2_run1 | Epoch 165 | train_loss=125.7161 | test_loss=20.9813 | test_acc=0.9167
2026-04-02 11:11:48,729 | INFO | stage2_run1 | Epoch 166 | train_loss=124.2585 | test_loss=20.8065 | test_acc=0.8617
2026-04-02 11:12:03,700 | INFO | stage2_run1 | Epoch 167 | train_loss=123.1976 | test_loss=21.4973 | test_acc=0.8960
2026-04-02 11:12:19,616 | INFO | stage2_run1 | Epoch 168 | train_loss=123.7450 | test_loss=20.8076 | test_acc=0.9119
2026-04-02 11:12:36,097 | INFO | stage2_run1 | Epoch 169 | train_loss=124.1374 | test_loss=21.3690 | test_acc=0.8877
2026-04-02 11:12:52,134 | INFO | stage2_run1 | Epoch 170 | train_loss=123.7660 | test_loss=21.1511 | test_acc=0.8915
2026-04-02 11:13:07,476 | INFO | stage2_run1 | Epoch 171 | train_loss=126.3196 | test_loss=20.7864 | test_acc=0.8901
2026-04-02 11:13:24,920 | INFO | stage2_run1 | Epoch 172 | train_loss=124.6477 | test_loss=21.2357 | test_acc=0.9069
2026-04-02 11:13:41,942 | INFO | stage2_run1 | Epoch 173 | train_loss=123.5832 | test_loss=21.0684 | test_acc=0.9263
2026-04-02 11:13:59,894 | INFO | stage2_run1 | Epoch 174 | train_loss=122.9025 | test_loss=20.6733 | test_acc=0.9291
2026-04-02 11:14:17,049 | INFO | stage2_run1 | Epoch 175 | train_loss=122.9879 | test_loss=20.6966 | test_acc=0.9086
2026-04-02 11:14:33,516 | INFO | stage2_run1 | Epoch 176 | train_loss=122.9872 | test_loss=20.5818 | test_acc=0.9024
2026-04-02 11:14:50,101 | INFO | stage2_run1 | Epoch 177 | train_loss=126.9228 | test_loss=20.7490 | test_acc=0.9030
2026-04-02 11:15:06,358 | INFO | stage2_run1 | Epoch 178 | train_loss=123.9819 | test_loss=20.8994 | test_acc=0.8913
2026-04-02 11:15:21,701 | INFO | stage2_run1 | Epoch 179 | train_loss=124.5998 | test_loss=21.0466 | test_acc=0.9168
2026-04-02 11:15:36,547 | INFO | stage2_run1 | Epoch 180 | train_loss=123.3859 | test_loss=21.5108 | test_acc=0.9091
2026-04-02 11:15:51,682 | INFO | stage2_run1 | Epoch 181 | train_loss=125.2775 | test_loss=21.1123 | test_acc=0.9076
2026-04-02 11:16:07,508 | INFO | stage2_run1 | Epoch 182 | train_loss=123.0331 | test_loss=21.8161 | test_acc=0.8490
2026-04-02 11:16:23,182 | INFO | stage2_run1 | Epoch 183 | train_loss=123.7018 | test_loss=21.3575 | test_acc=0.9133
2026-04-02 11:16:38,952 | INFO | stage2_run1 | Epoch 184 | train_loss=122.9955 | test_loss=21.3331 | test_acc=0.8928
2026-04-02 11:16:54,681 | INFO | stage2_run1 | Epoch 185 | train_loss=124.1889 | test_loss=20.6594 | test_acc=0.9008
2026-04-02 11:17:09,829 | INFO | stage2_run1 | Epoch 186 | train_loss=123.5358 | test_loss=21.7217 | test_acc=0.8544
2026-04-02 11:17:25,243 | INFO | stage2_run1 | Epoch 187 | train_loss=124.3751 | test_loss=20.9654 | test_acc=0.8853
2026-04-02 11:17:41,783 | INFO | stage2_run1 | Epoch 188 | train_loss=122.9523 | test_loss=21.6976 | test_acc=0.8277
2026-04-02 11:18:00,498 | INFO | stage2_run1 | Epoch 189 | train_loss=123.3925 | test_loss=21.1119 | test_acc=0.8676
2026-04-02 11:18:16,590 | INFO | stage2_run1 | Epoch 190 | train_loss=123.0866 | test_loss=20.5026 | test_acc=0.8938
2026-04-02 11:18:31,835 | INFO | stage2_run1 | Epoch 191 | train_loss=122.4518 | test_loss=21.0129 | test_acc=0.9111
2026-04-02 11:18:48,000 | INFO | stage2_run1 | Epoch 192 | train_loss=122.7707 | test_loss=20.7369 | test_acc=0.8768
2026-04-02 11:19:03,776 | INFO | stage2_run1 | Epoch 193 | train_loss=124.3001 | test_loss=20.8949 | test_acc=0.9066
2026-04-02 11:19:18,723 | INFO | stage2_run1 | Epoch 194 | train_loss=123.5874 | test_loss=20.7661 | test_acc=0.9193
2026-04-02 11:19:35,021 | INFO | stage2_run1 | Epoch 195 | train_loss=122.9044 | test_loss=20.7188 | test_acc=0.9259
2026-04-02 11:19:50,627 | INFO | stage2_run1 | Epoch 196 | train_loss=122.5477 | test_loss=20.8193 | test_acc=0.9252
2026-04-02 11:20:05,390 | INFO | stage2_run1 | Epoch 197 | train_loss=123.5826 | test_loss=20.8101 | test_acc=0.8957
2026-04-02 11:20:23,875 | INFO | stage2_run1 | Epoch 198 | train_loss=123.1636 | test_loss=20.6600 | test_acc=0.9009
2026-04-02 11:20:43,511 | INFO | stage2_run1 | Epoch 199 | train_loss=123.1184 | test_loss=20.3664 | test_acc=0.8845
2026-04-02 11:20:58,805 | INFO | stage2_run1 | Epoch 200 | train_loss=123.6533 | test_loss=20.6818 | test_acc=0.9081
2026-04-02 11:21:17,447 | INFO | stage2_run2 | Epoch 001 | train_loss=243.8498 | test_loss=36.4275 | test_acc=0.2607
2026-04-02 11:21:33,805 | INFO | stage2_run2 | Epoch 002 | train_loss=205.9155 | test_loss=33.6330 | test_acc=0.3190
2026-04-02 11:21:48,455 | INFO | stage2_run2 | Epoch 003 | train_loss=193.5541 | test_loss=32.1804 | test_acc=0.4374
2026-04-02 11:22:03,215 | INFO | stage2_run2 | Epoch 004 | train_loss=185.7518 | test_loss=30.8557 | test_acc=0.5084
2026-04-02 11:22:18,730 | INFO | stage2_run2 | Epoch 005 | train_loss=180.4533 | test_loss=29.9764 | test_acc=0.5273
2026-04-02 11:22:34,627 | INFO | stage2_run2 | Epoch 006 | train_loss=174.5404 | test_loss=29.1756 | test_acc=0.5815
2026-04-02 11:22:51,647 | INFO | stage2_run2 | Epoch 007 | train_loss=169.6074 | test_loss=28.3404 | test_acc=0.6267
2026-04-02 11:23:09,863 | INFO | stage2_run2 | Epoch 008 | train_loss=165.5824 | test_loss=27.7488 | test_acc=0.6351
2026-04-02 11:23:25,651 | INFO | stage2_run2 | Epoch 009 | train_loss=162.8889 | test_loss=27.1441 | test_acc=0.6354
2026-04-02 11:23:41,942 | INFO | stage2_run2 | Epoch 010 | train_loss=160.1009 | test_loss=26.8202 | test_acc=0.6703
2026-04-02 11:23:59,433 | INFO | stage2_run2 | Epoch 011 | train_loss=157.5505 | test_loss=26.4404 | test_acc=0.6678
2026-04-02 11:24:15,149 | INFO | stage2_run2 | Epoch 012 | train_loss=155.0541 | test_loss=26.0835 | test_acc=0.6900
2026-04-02 11:24:30,186 | INFO | stage2_run2 | Epoch 013 | train_loss=153.4686 | test_loss=25.6106 | test_acc=0.6936
2026-04-02 11:24:45,306 | INFO | stage2_run2 | Epoch 014 | train_loss=150.4548 | test_loss=25.3829 | test_acc=0.6727
2026-04-02 11:25:01,344 | INFO | stage2_run2 | Epoch 015 | train_loss=148.9063 | test_loss=24.9716 | test_acc=0.6774
2026-04-02 11:25:16,482 | INFO | stage2_run2 | Epoch 016 | train_loss=146.5575 | test_loss=24.8067 | test_acc=0.7328
2026-04-02 11:25:33,095 | INFO | stage2_run2 | Epoch 017 | train_loss=145.4456 | test_loss=24.8262 | test_acc=0.7136
2026-04-02 11:25:47,848 | INFO | stage2_run2 | Epoch 018 | train_loss=145.0441 | test_loss=24.3384 | test_acc=0.7140
2026-04-02 11:26:02,683 | INFO | stage2_run2 | Epoch 019 | train_loss=144.0963 | test_loss=24.3275 | test_acc=0.7577
2026-04-02 11:26:17,317 | INFO | stage2_run2 | Epoch 020 | train_loss=143.1601 | test_loss=24.1073 | test_acc=0.7524
2026-04-02 11:26:32,838 | INFO | stage2_run2 | Epoch 021 | train_loss=142.2166 | test_loss=23.9525 | test_acc=0.7677
2026-04-02 11:26:47,829 | INFO | stage2_run2 | Epoch 022 | train_loss=141.0409 | test_loss=23.9731 | test_acc=0.7407
2026-04-02 11:27:02,835 | INFO | stage2_run2 | Epoch 023 | train_loss=140.8767 | test_loss=23.8067 | test_acc=0.7407
2026-04-02 11:27:18,612 | INFO | stage2_run2 | Epoch 024 | train_loss=140.6484 | test_loss=23.7436 | test_acc=0.7759
2026-04-02 11:27:34,286 | INFO | stage2_run2 | Epoch 025 | train_loss=139.7632 | test_loss=23.7572 | test_acc=0.7522
2026-04-02 11:27:49,260 | INFO | stage2_run2 | Epoch 026 | train_loss=139.5626 | test_loss=23.5282 | test_acc=0.7690
2026-04-02 11:28:04,606 | INFO | stage2_run2 | Epoch 027 | train_loss=138.3351 | test_loss=23.9038 | test_acc=0.7773
2026-04-02 11:28:20,583 | INFO | stage2_run2 | Epoch 028 | train_loss=138.0381 | test_loss=23.1284 | test_acc=0.7999
2026-04-02 11:28:35,760 | INFO | stage2_run2 | Epoch 029 | train_loss=137.0025 | test_loss=23.1523 | test_acc=0.8241
2026-04-02 11:28:50,868 | INFO | stage2_run2 | Epoch 030 | train_loss=136.5865 | test_loss=23.0005 | test_acc=0.8246
2026-04-02 11:29:06,090 | INFO | stage2_run2 | Epoch 031 | train_loss=136.4835 | test_loss=23.0019 | test_acc=0.7764
2026-04-02 11:29:21,187 | INFO | stage2_run2 | Epoch 032 | train_loss=135.5124 | test_loss=23.1267 | test_acc=0.8103
2026-04-02 11:29:37,252 | INFO | stage2_run2 | Epoch 033 | train_loss=135.9006 | test_loss=22.9887 | test_acc=0.8119
2026-04-02 11:29:52,502 | INFO | stage2_run2 | Epoch 034 | train_loss=134.5780 | test_loss=22.5411 | test_acc=0.7853
2026-04-02 11:30:07,947 | INFO | stage2_run2 | Epoch 035 | train_loss=133.6381 | test_loss=22.9336 | test_acc=0.8152
2026-04-02 11:30:22,808 | INFO | stage2_run2 | Epoch 036 | train_loss=133.7350 | test_loss=22.5308 | test_acc=0.8090
2026-04-02 11:30:38,868 | INFO | stage2_run2 | Epoch 037 | train_loss=133.3483 | test_loss=22.6311 | test_acc=0.8382
2026-04-02 11:30:55,954 | INFO | stage2_run2 | Epoch 038 | train_loss=132.6635 | test_loss=22.3645 | test_acc=0.8173
2026-04-02 11:31:11,351 | INFO | stage2_run2 | Epoch 039 | train_loss=132.4493 | test_loss=22.3921 | test_acc=0.8272
2026-04-02 11:31:26,773 | INFO | stage2_run2 | Epoch 040 | train_loss=132.9609 | test_loss=22.5393 | test_acc=0.8175
2026-04-02 11:31:41,741 | INFO | stage2_run2 | Epoch 041 | train_loss=132.6767 | test_loss=22.3784 | test_acc=0.8599
2026-04-02 11:31:56,827 | INFO | stage2_run2 | Epoch 042 | train_loss=132.0497 | test_loss=22.4110 | test_acc=0.8402
2026-04-02 11:32:12,389 | INFO | stage2_run2 | Epoch 043 | train_loss=132.1328 | test_loss=22.3534 | test_acc=0.8431
2026-04-02 11:32:28,031 | INFO | stage2_run2 | Epoch 044 | train_loss=131.4611 | test_loss=22.1551 | test_acc=0.8608
2026-04-02 11:32:43,055 | INFO | stage2_run2 | Epoch 045 | train_loss=131.5103 | test_loss=22.1574 | test_acc=0.8607
2026-04-02 11:32:57,979 | INFO | stage2_run2 | Epoch 046 | train_loss=130.8051 | test_loss=22.2583 | test_acc=0.8347
2026-04-02 11:33:13,074 | INFO | stage2_run2 | Epoch 047 | train_loss=130.6971 | test_loss=22.1243 | test_acc=0.8412
2026-04-02 11:33:27,966 | INFO | stage2_run2 | Epoch 048 | train_loss=130.8003 | test_loss=22.5306 | test_acc=0.8379
2026-04-02 11:33:43,089 | INFO | stage2_run2 | Epoch 049 | train_loss=130.6766 | test_loss=21.8590 | test_acc=0.8660
2026-04-02 11:33:58,215 | INFO | stage2_run2 | Epoch 050 | train_loss=129.8149 | test_loss=22.1084 | test_acc=0.8709
2026-04-02 11:34:13,152 | INFO | stage2_run2 | Epoch 051 | train_loss=130.0470 | test_loss=21.9873 | test_acc=0.8578
2026-04-02 11:34:28,985 | INFO | stage2_run2 | Epoch 052 | train_loss=129.3714 | test_loss=22.0207 | test_acc=0.8663
2026-04-02 11:34:48,774 | INFO | stage2_run2 | Epoch 053 | train_loss=130.2281 | test_loss=22.2270 | test_acc=0.8546
2026-04-02 11:35:07,378 | INFO | stage2_run2 | Epoch 054 | train_loss=129.3089 | test_loss=22.2453 | test_acc=0.8581
2026-04-02 11:35:24,662 | INFO | stage2_run2 | Epoch 055 | train_loss=128.9044 | test_loss=22.1115 | test_acc=0.8663
2026-04-02 11:35:39,920 | INFO | stage2_run2 | Epoch 056 | train_loss=129.4750 | test_loss=23.2743 | test_acc=0.8183
2026-04-02 11:35:56,270 | INFO | stage2_run2 | Epoch 057 | train_loss=129.3447 | test_loss=22.9792 | test_acc=0.8604
2026-04-02 11:36:11,613 | INFO | stage2_run2 | Epoch 058 | train_loss=129.4211 | test_loss=21.8345 | test_acc=0.8733
2026-04-02 11:36:27,144 | INFO | stage2_run2 | Epoch 059 | train_loss=127.8952 | test_loss=21.8698 | test_acc=0.8834
2026-04-02 11:36:43,146 | INFO | stage2_run2 | Epoch 060 | train_loss=127.6493 | test_loss=21.6906 | test_acc=0.8849
2026-04-02 11:36:59,665 | INFO | stage2_run2 | Epoch 061 | train_loss=127.4770 | test_loss=21.7602 | test_acc=0.8544
2026-04-02 11:37:15,353 | INFO | stage2_run2 | Epoch 062 | train_loss=126.8960 | test_loss=21.6285 | test_acc=0.8843
2026-04-02 11:37:31,179 | INFO | stage2_run2 | Epoch 063 | train_loss=127.4214 | test_loss=21.8699 | test_acc=0.8652
2026-04-02 11:37:46,737 | INFO | stage2_run2 | Epoch 064 | train_loss=127.4494 | test_loss=21.4615 | test_acc=0.9095
2026-04-02 11:38:04,229 | INFO | stage2_run2 | Epoch 065 | train_loss=127.3779 | test_loss=21.4022 | test_acc=0.9054
2026-04-02 11:38:22,143 | INFO | stage2_run2 | Epoch 066 | train_loss=126.6210 | test_loss=21.3553 | test_acc=0.8982
2026-04-02 11:38:39,347 | INFO | stage2_run2 | Epoch 067 | train_loss=126.4397 | test_loss=21.5099 | test_acc=0.8887
2026-04-02 11:38:56,808 | INFO | stage2_run2 | Epoch 068 | train_loss=126.6441 | test_loss=21.7179 | test_acc=0.8880
2026-04-02 11:39:12,097 | INFO | stage2_run2 | Epoch 069 | train_loss=126.2211 | test_loss=21.2374 | test_acc=0.9087
2026-04-02 11:39:28,466 | INFO | stage2_run2 | Epoch 070 | train_loss=126.1113 | test_loss=21.8671 | test_acc=0.8739
2026-04-02 11:39:44,273 | INFO | stage2_run2 | Epoch 071 | train_loss=125.6256 | test_loss=21.5121 | test_acc=0.8876
2026-04-02 11:39:59,380 | INFO | stage2_run2 | Epoch 072 | train_loss=126.8928 | test_loss=21.8286 | test_acc=0.8877
2026-04-02 11:40:14,420 | INFO | stage2_run2 | Epoch 073 | train_loss=125.7495 | test_loss=21.2495 | test_acc=0.8800
2026-04-02 11:40:29,749 | INFO | stage2_run2 | Epoch 074 | train_loss=126.0806 | test_loss=21.8960 | test_acc=0.8882
2026-04-02 11:40:44,819 | INFO | stage2_run2 | Epoch 075 | train_loss=126.6806 | test_loss=21.9261 | test_acc=0.8722
2026-04-02 11:40:59,909 | INFO | stage2_run2 | Epoch 076 | train_loss=126.5566 | test_loss=21.2681 | test_acc=0.8915
2026-04-02 11:41:15,151 | INFO | stage2_run2 | Epoch 077 | train_loss=125.8623 | test_loss=21.0733 | test_acc=0.8995
2026-04-02 11:41:30,090 | INFO | stage2_run2 | Epoch 078 | train_loss=125.3686 | test_loss=21.4206 | test_acc=0.8946
2026-04-02 11:41:46,340 | INFO | stage2_run2 | Epoch 079 | train_loss=125.4220 | test_loss=21.3873 | test_acc=0.8948
2026-04-02 11:42:02,644 | INFO | stage2_run2 | Epoch 080 | train_loss=125.2743 | test_loss=22.3289 | test_acc=0.8792
2026-04-02 11:42:18,230 | INFO | stage2_run2 | Epoch 081 | train_loss=126.0733 | test_loss=21.7842 | test_acc=0.8689
2026-04-02 11:42:33,451 | INFO | stage2_run2 | Epoch 082 | train_loss=125.1964 | test_loss=21.3074 | test_acc=0.9061
2026-04-02 11:42:48,723 | INFO | stage2_run2 | Epoch 083 | train_loss=124.9422 | test_loss=21.5789 | test_acc=0.8771
2026-04-02 11:43:03,674 | INFO | stage2_run2 | Epoch 084 | train_loss=125.4664 | test_loss=21.2600 | test_acc=0.9016
2026-04-02 11:43:19,064 | INFO | stage2_run2 | Epoch 085 | train_loss=124.4855 | test_loss=21.2961 | test_acc=0.9066
2026-04-02 11:43:35,219 | INFO | stage2_run2 | Epoch 086 | train_loss=123.7987 | test_loss=20.7515 | test_acc=0.9175
2026-04-02 11:43:51,459 | INFO | stage2_run2 | Epoch 087 | train_loss=124.8233 | test_loss=21.6788 | test_acc=0.8682
2026-04-02 11:44:07,296 | INFO | stage2_run2 | Epoch 088 | train_loss=124.9524 | test_loss=20.9872 | test_acc=0.9101
2026-04-02 11:44:22,439 | INFO | stage2_run2 | Epoch 089 | train_loss=123.8119 | test_loss=21.0962 | test_acc=0.9026
2026-04-02 11:44:37,416 | INFO | stage2_run2 | Epoch 090 | train_loss=124.0446 | test_loss=20.9415 | test_acc=0.8962
2026-04-02 11:44:52,026 | INFO | stage2_run2 | Epoch 091 | train_loss=124.5125 | test_loss=20.7597 | test_acc=0.9174
2026-04-02 11:45:07,773 | INFO | stage2_run2 | Epoch 092 | train_loss=125.0011 | test_loss=21.0278 | test_acc=0.8990
2026-04-02 11:45:23,085 | INFO | stage2_run2 | Epoch 093 | train_loss=123.3669 | test_loss=21.2808 | test_acc=0.9004
2026-04-02 11:45:38,318 | INFO | stage2_run2 | Epoch 094 | train_loss=123.5267 | test_loss=21.2269 | test_acc=0.8980
2026-04-02 11:45:54,961 | INFO | stage2_run2 | Epoch 095 | train_loss=124.1591 | test_loss=21.1140 | test_acc=0.9023
2026-04-02 11:46:11,492 | INFO | stage2_run2 | Epoch 096 | train_loss=123.9093 | test_loss=21.0681 | test_acc=0.9101
2026-04-02 11:46:27,222 | INFO | stage2_run2 | Epoch 097 | train_loss=122.9940 | test_loss=20.6287 | test_acc=0.9128
2026-04-02 11:46:43,908 | INFO | stage2_run2 | Epoch 098 | train_loss=123.2217 | test_loss=20.8929 | test_acc=0.9100
2026-04-02 11:47:00,754 | INFO | stage2_run2 | Epoch 099 | train_loss=123.6951 | test_loss=20.7208 | test_acc=0.9111
2026-04-02 11:47:16,253 | INFO | stage2_run2 | Epoch 100 | train_loss=123.7206 | test_loss=21.0130 | test_acc=0.9098
2026-04-02 11:47:32,425 | INFO | stage2_run2 | Epoch 101 | train_loss=123.2784 | test_loss=20.8000 | test_acc=0.9017
2026-04-02 11:47:48,023 | INFO | stage2_run2 | Epoch 102 | train_loss=123.2503 | test_loss=20.8276 | test_acc=0.9100
2026-04-02 11:48:04,383 | INFO | stage2_run2 | Epoch 103 | train_loss=122.5790 | test_loss=20.5671 | test_acc=0.9198
2026-04-02 11:48:19,441 | INFO | stage2_run2 | Epoch 104 | train_loss=123.8488 | test_loss=20.9072 | test_acc=0.9149
2026-04-02 11:48:34,266 | INFO | stage2_run2 | Epoch 105 | train_loss=123.5462 | test_loss=20.9944 | test_acc=0.9081
2026-04-02 11:48:50,880 | INFO | stage2_run2 | Epoch 106 | train_loss=122.8719 | test_loss=21.0712 | test_acc=0.8976
2026-04-02 11:49:06,416 | INFO | stage2_run2 | Epoch 107 | train_loss=122.1480 | test_loss=20.5890 | test_acc=0.9121
2026-04-02 11:49:22,865 | INFO | stage2_run2 | Epoch 108 | train_loss=123.0515 | test_loss=20.6745 | test_acc=0.8978
2026-04-02 11:49:39,545 | INFO | stage2_run2 | Epoch 109 | train_loss=122.9895 | test_loss=20.5851 | test_acc=0.9141
2026-04-02 11:49:54,965 | INFO | stage2_run2 | Epoch 110 | train_loss=123.7719 | test_loss=20.9250 | test_acc=0.9026
2026-04-02 11:50:10,636 | INFO | stage2_run2 | Epoch 111 | train_loss=123.0646 | test_loss=21.5305 | test_acc=0.8874
2026-04-02 11:50:27,396 | INFO | stage2_run2 | Epoch 112 | train_loss=123.2613 | test_loss=21.0531 | test_acc=0.9106
2026-04-02 11:50:44,888 | INFO | stage2_run2 | Epoch 113 | train_loss=123.3423 | test_loss=20.5870 | test_acc=0.9182
2026-04-02 11:51:01,704 | INFO | stage2_run2 | Epoch 114 | train_loss=122.0501 | test_loss=21.2087 | test_acc=0.8868
2026-04-02 11:51:19,027 | INFO | stage2_run2 | Epoch 115 | train_loss=122.8441 | test_loss=20.8886 | test_acc=0.8983
2026-04-02 11:51:36,196 | INFO | stage2_run2 | Epoch 116 | train_loss=123.1724 | test_loss=21.1597 | test_acc=0.8922
2026-04-02 11:51:52,312 | INFO | stage2_run2 | Epoch 117 | train_loss=122.1186 | test_loss=20.7579 | test_acc=0.9053
2026-04-02 11:52:07,447 | INFO | stage2_run2 | Epoch 118 | train_loss=123.1484 | test_loss=20.8791 | test_acc=0.9041
2026-04-02 11:52:22,859 | INFO | stage2_run2 | Epoch 119 | train_loss=122.7646 | test_loss=20.5383 | test_acc=0.9227
2026-04-02 11:52:37,718 | INFO | stage2_run2 | Epoch 120 | train_loss=121.8841 | test_loss=20.6192 | test_acc=0.9168
2026-04-02 11:52:53,995 | INFO | stage2_run2 | Epoch 121 | train_loss=121.2493 | test_loss=20.5232 | test_acc=0.9179
2026-04-02 11:53:09,366 | INFO | stage2_run2 | Epoch 122 | train_loss=122.0264 | test_loss=20.5410 | test_acc=0.9076
2026-04-02 11:53:24,784 | INFO | stage2_run2 | Epoch 123 | train_loss=122.2669 | test_loss=20.8635 | test_acc=0.9154
2026-04-02 11:53:39,740 | INFO | stage2_run2 | Epoch 124 | train_loss=122.6424 | test_loss=20.9974 | test_acc=0.9107
2026-04-02 11:53:56,544 | INFO | stage2_run2 | Epoch 125 | train_loss=123.0154 | test_loss=20.8723 | test_acc=0.9199
2026-04-02 11:54:14,589 | INFO | stage2_run2 | Epoch 126 | train_loss=121.4331 | test_loss=20.5358 | test_acc=0.9093
2026-04-02 11:54:29,482 | INFO | stage2_run2 | Epoch 127 | train_loss=122.1834 | test_loss=21.0322 | test_acc=0.8829
2026-04-02 11:54:45,382 | INFO | stage2_run2 | Epoch 128 | train_loss=122.4318 | test_loss=20.5115 | test_acc=0.9112
2026-04-02 11:55:02,328 | INFO | stage2_run2 | Epoch 129 | train_loss=122.1912 | test_loss=20.7096 | test_acc=0.9109
2026-04-02 11:55:20,028 | INFO | stage2_run2 | Epoch 130 | train_loss=121.9644 | test_loss=20.5454 | test_acc=0.9189
2026-04-02 11:55:36,020 | INFO | stage2_run2 | Epoch 131 | train_loss=121.8946 | test_loss=20.5101 | test_acc=0.9150
2026-04-02 11:55:50,742 | INFO | stage2_run2 | Epoch 132 | train_loss=122.0637 | test_loss=21.0873 | test_acc=0.8982
2026-04-02 11:56:06,586 | INFO | stage2_run2 | Epoch 133 | train_loss=121.9931 | test_loss=20.7424 | test_acc=0.9115
2026-04-02 11:56:22,587 | INFO | stage2_run2 | Epoch 134 | train_loss=121.4097 | test_loss=21.2802 | test_acc=0.8980
2026-04-02 11:56:38,698 | INFO | stage2_run2 | Epoch 135 | train_loss=122.9344 | test_loss=20.6171 | test_acc=0.9184
2026-04-02 11:56:55,713 | INFO | stage2_run2 | Epoch 136 | train_loss=121.2132 | test_loss=20.5755 | test_acc=0.9145
2026-04-02 11:57:11,535 | INFO | stage2_run2 | Epoch 137 | train_loss=121.6698 | test_loss=20.4651 | test_acc=0.9182
2026-04-02 11:57:28,034 | INFO | stage2_run2 | Epoch 138 | train_loss=121.7744 | test_loss=20.6494 | test_acc=0.9105
2026-04-02 11:57:43,945 | INFO | stage2_run2 | Epoch 139 | train_loss=121.9376 | test_loss=20.6745 | test_acc=0.9047
2026-04-02 11:57:59,601 | INFO | stage2_run2 | Epoch 140 | train_loss=120.6151 | test_loss=20.6479 | test_acc=0.9153
2026-04-02 11:58:14,873 | INFO | stage2_run2 | Epoch 141 | train_loss=120.3910 | test_loss=20.5380 | test_acc=0.9088
2026-04-02 11:58:31,208 | INFO | stage2_run2 | Epoch 142 | train_loss=120.8877 | test_loss=20.6399 | test_acc=0.9047
2026-04-02 11:58:47,535 | INFO | stage2_run2 | Epoch 143 | train_loss=120.6580 | test_loss=20.4927 | test_acc=0.9102
2026-04-02 11:59:03,984 | INFO | stage2_run2 | Epoch 144 | train_loss=121.1514 | test_loss=20.3628 | test_acc=0.9241
2026-04-02 11:59:19,823 | INFO | stage2_run2 | Epoch 145 | train_loss=121.1482 | test_loss=20.2386 | test_acc=0.9148
2026-04-02 11:59:36,029 | INFO | stage2_run2 | Epoch 146 | train_loss=121.4278 | test_loss=20.7555 | test_acc=0.9165
2026-04-02 11:59:52,827 | INFO | stage2_run2 | Epoch 147 | train_loss=121.6593 | test_loss=20.5740 | test_acc=0.9195
2026-04-02 12:00:10,330 | INFO | stage2_run2 | Epoch 148 | train_loss=121.7044 | test_loss=20.4641 | test_acc=0.9104
2026-04-02 12:00:27,113 | INFO | stage2_run2 | Epoch 149 | train_loss=121.0948 | test_loss=20.4143 | test_acc=0.9207
2026-04-02 12:00:41,989 | INFO | stage2_run2 | Epoch 150 | train_loss=120.6097 | test_loss=20.3600 | test_acc=0.9195
2026-04-02 12:00:57,704 | INFO | stage2_run2 | Epoch 151 | train_loss=120.5008 | test_loss=20.3416 | test_acc=0.9179
2026-04-02 12:01:12,789 | INFO | stage2_run2 | Epoch 152 | train_loss=121.9492 | test_loss=20.7679 | test_acc=0.9065
2026-04-02 12:01:30,425 | INFO | stage2_run2 | Epoch 153 | train_loss=121.4155 | test_loss=20.7213 | test_acc=0.9154
2026-04-02 12:01:47,254 | INFO | stage2_run2 | Epoch 154 | train_loss=120.2421 | test_loss=20.5009 | test_acc=0.9169
2026-04-02 12:02:03,340 | INFO | stage2_run2 | Epoch 155 | train_loss=121.1224 | test_loss=20.6250 | test_acc=0.9073
2026-04-02 12:02:19,024 | INFO | stage2_run2 | Epoch 156 | train_loss=120.7205 | test_loss=20.3415 | test_acc=0.9244
2026-04-02 12:02:34,740 | INFO | stage2_run2 | Epoch 157 | train_loss=120.5341 | test_loss=20.0975 | test_acc=0.9299
2026-04-02 12:02:50,513 | INFO | stage2_run2 | Epoch 158 | train_loss=119.9771 | test_loss=20.5093 | test_acc=0.9086
2026-04-02 12:03:05,379 | INFO | stage2_run2 | Epoch 159 | train_loss=120.1667 | test_loss=20.6370 | test_acc=0.9098
2026-04-02 12:03:20,713 | INFO | stage2_run2 | Epoch 160 | train_loss=120.5577 | test_loss=20.5764 | test_acc=0.9221
2026-04-02 12:03:35,764 | INFO | stage2_run2 | Epoch 161 | train_loss=120.1603 | test_loss=20.1927 | test_acc=0.9204
2026-04-02 12:03:50,962 | INFO | stage2_run2 | Epoch 162 | train_loss=120.6272 | test_loss=20.4189 | test_acc=0.9140
2026-04-02 12:04:10,360 | INFO | stage2_run2 | Epoch 163 | train_loss=120.3102 | test_loss=20.1644 | test_acc=0.9222
2026-04-02 12:04:26,782 | INFO | stage2_run2 | Epoch 164 | train_loss=119.9214 | test_loss=20.3152 | test_acc=0.9263
2026-04-02 12:04:42,361 | INFO | stage2_run2 | Epoch 165 | train_loss=120.1637 | test_loss=20.3204 | test_acc=0.9226
2026-04-02 12:05:00,383 | INFO | stage2_run2 | Epoch 166 | train_loss=120.1006 | test_loss=20.3096 | test_acc=0.9085
2026-04-02 12:05:16,973 | INFO | stage2_run2 | Epoch 167 | train_loss=119.3127 | test_loss=20.0369 | test_acc=0.9286
2026-04-02 12:05:32,799 | INFO | stage2_run2 | Epoch 168 | train_loss=121.0616 | test_loss=20.2198 | test_acc=0.9300
2026-04-02 12:05:48,324 | INFO | stage2_run2 | Epoch 169 | train_loss=119.6498 | test_loss=20.1618 | test_acc=0.9257
2026-04-02 12:06:04,496 | INFO | stage2_run2 | Epoch 170 | train_loss=120.4701 | test_loss=20.5151 | test_acc=0.9207
2026-04-02 12:06:20,200 | INFO | stage2_run2 | Epoch 171 | train_loss=119.7154 | test_loss=20.3103 | test_acc=0.9228
2026-04-02 12:06:35,695 | INFO | stage2_run2 | Epoch 172 | train_loss=121.2686 | test_loss=20.6699 | test_acc=0.9102
2026-04-02 12:06:51,697 | INFO | stage2_run2 | Epoch 173 | train_loss=120.2117 | test_loss=20.6542 | test_acc=0.9176
2026-04-02 12:07:07,048 | INFO | stage2_run2 | Epoch 174 | train_loss=121.2041 | test_loss=21.0619 | test_acc=0.8798
2026-04-02 12:07:22,674 | INFO | stage2_run2 | Epoch 175 | train_loss=120.0320 | test_loss=20.1775 | test_acc=0.9123
2026-04-02 12:07:37,582 | INFO | stage2_run2 | Epoch 176 | train_loss=120.3350 | test_loss=20.2319 | test_acc=0.9249
2026-04-02 12:07:53,609 | INFO | stage2_run2 | Epoch 177 | train_loss=119.5937 | test_loss=20.2375 | test_acc=0.9235
2026-04-02 12:08:09,888 | INFO | stage2_run2 | Epoch 178 | train_loss=119.2387 | test_loss=20.3226 | test_acc=0.9133
2026-04-02 12:08:26,809 | INFO | stage2_run2 | Epoch 179 | train_loss=119.9505 | test_loss=20.8100 | test_acc=0.8974
2026-04-02 12:08:41,939 | INFO | stage2_run2 | Epoch 180 | train_loss=120.4733 | test_loss=20.2459 | test_acc=0.9272
2026-04-02 12:08:57,153 | INFO | stage2_run2 | Epoch 181 | train_loss=120.1641 | test_loss=20.2650 | test_acc=0.9210
2026-04-02 12:09:15,255 | INFO | stage2_run2 | Epoch 182 | train_loss=119.7102 | test_loss=20.1982 | test_acc=0.9276
2026-04-02 12:09:31,789 | INFO | stage2_run2 | Epoch 183 | train_loss=120.3442 | test_loss=20.8916 | test_acc=0.9078
2026-04-02 12:09:46,629 | INFO | stage2_run2 | Epoch 184 | train_loss=121.0323 | test_loss=20.1473 | test_acc=0.9251
2026-04-02 12:10:01,436 | INFO | stage2_run2 | Epoch 185 | train_loss=120.8614 | test_loss=20.6858 | test_acc=0.9121
2026-04-02 12:10:16,420 | INFO | stage2_run2 | Epoch 186 | train_loss=120.6747 | test_loss=20.4988 | test_acc=0.9163
2026-04-02 12:10:30,953 | INFO | stage2_run2 | Epoch 187 | train_loss=119.8273 | test_loss=20.1828 | test_acc=0.9165
2026-04-02 12:10:46,258 | INFO | stage2_run2 | Epoch 188 | train_loss=118.8281 | test_loss=20.1699 | test_acc=0.9290
2026-04-02 12:11:01,192 | INFO | stage2_run2 | Epoch 189 | train_loss=119.6042 | test_loss=20.4919 | test_acc=0.9183
2026-04-02 12:11:15,774 | INFO | stage2_run2 | Epoch 190 | train_loss=120.3190 | test_loss=20.0053 | test_acc=0.9276
2026-04-02 12:11:31,291 | INFO | stage2_run2 | Epoch 191 | train_loss=119.7113 | test_loss=20.1781 | test_acc=0.9288
2026-04-02 12:11:48,476 | INFO | stage2_run2 | Epoch 192 | train_loss=119.7552 | test_loss=20.2114 | test_acc=0.9302
2026-04-02 12:12:04,602 | INFO | stage2_run2 | Epoch 193 | train_loss=120.5831 | test_loss=20.0924 | test_acc=0.9269
2026-04-02 12:12:20,860 | INFO | stage2_run2 | Epoch 194 | train_loss=119.9001 | test_loss=20.1051 | test_acc=0.9311
2026-04-02 12:12:36,937 | INFO | stage2_run2 | Epoch 195 | train_loss=120.0868 | test_loss=20.6066 | test_acc=0.8921
2026-04-02 12:12:52,928 | INFO | stage2_run2 | Epoch 196 | train_loss=120.7137 | test_loss=20.3464 | test_acc=0.9167
2026-04-02 12:13:08,434 | INFO | stage2_run2 | Epoch 197 | train_loss=119.9706 | test_loss=20.4599 | test_acc=0.9139
2026-04-02 12:13:25,492 | INFO | stage2_run2 | Epoch 198 | train_loss=119.8752 | test_loss=20.4180 | test_acc=0.9146
2026-04-02 12:13:44,888 | INFO | stage2_run2 | Epoch 199 | train_loss=119.4598 | test_loss=20.5889 | test_acc=0.9133
2026-04-02 12:14:01,096 | INFO | stage2_run2 | Epoch 200 | train_loss=119.6396 | test_loss=20.1856 | test_acc=0.9286
2026-04-02 12:14:18,343 | INFO | stage2_run3 | Epoch 001 | train_loss=243.8664 | test_loss=36.3242 | test_acc=0.4757
2026-04-02 12:14:36,187 | INFO | stage2_run3 | Epoch 002 | train_loss=199.8285 | test_loss=31.6474 | test_acc=0.5901
2026-04-02 12:14:52,226 | INFO | stage2_run3 | Epoch 003 | train_loss=181.8467 | test_loss=29.5901 | test_acc=0.6290
2026-04-02 12:15:08,859 | INFO | stage2_run3 | Epoch 004 | train_loss=172.1505 | test_loss=28.4582 | test_acc=0.6887
2026-04-02 12:15:24,688 | INFO | stage2_run3 | Epoch 005 | train_loss=165.7003 | test_loss=27.5502 | test_acc=0.7031
2026-04-02 12:15:41,501 | INFO | stage2_run3 | Epoch 006 | train_loss=160.6299 | test_loss=26.4952 | test_acc=0.7140
2026-04-02 12:15:58,235 | INFO | stage2_run3 | Epoch 007 | train_loss=156.5887 | test_loss=25.9043 | test_acc=0.7031
2026-04-02 12:16:14,320 | INFO | stage2_run3 | Epoch 008 | train_loss=152.1112 | test_loss=25.6107 | test_acc=0.7216
2026-04-02 12:16:30,525 | INFO | stage2_run3 | Epoch 009 | train_loss=148.8932 | test_loss=24.8004 | test_acc=0.7678
2026-04-02 12:16:48,107 | INFO | stage2_run3 | Epoch 010 | train_loss=146.7031 | test_loss=24.3765 | test_acc=0.7972
2026-04-02 12:17:03,847 | INFO | stage2_run3 | Epoch 011 | train_loss=144.6105 | test_loss=24.0743 | test_acc=0.8544
2026-04-02 12:17:19,514 | INFO | stage2_run3 | Epoch 012 | train_loss=142.7175 | test_loss=23.9315 | test_acc=0.8232
2026-04-02 12:17:35,281 | INFO | stage2_run3 | Epoch 013 | train_loss=140.4619 | test_loss=23.4675 | test_acc=0.8140
2026-04-02 12:17:54,045 | INFO | stage2_run3 | Epoch 014 | train_loss=138.4198 | test_loss=23.2647 | test_acc=0.8489
2026-04-02 12:18:11,092 | INFO | stage2_run3 | Epoch 015 | train_loss=137.7845 | test_loss=23.0445 | test_acc=0.8495
2026-04-02 12:18:25,876 | INFO | stage2_run3 | Epoch 016 | train_loss=136.1864 | test_loss=22.8629 | test_acc=0.8779
2026-04-02 12:18:43,405 | INFO | stage2_run3 | Epoch 017 | train_loss=134.7907 | test_loss=22.6238 | test_acc=0.8844
2026-04-02 12:18:59,885 | INFO | stage2_run3 | Epoch 018 | train_loss=134.2766 | test_loss=23.2705 | test_acc=0.8456
2026-04-02 12:19:15,104 | INFO | stage2_run3 | Epoch 019 | train_loss=132.8099 | test_loss=22.3509 | test_acc=0.8631
2026-04-02 12:19:30,208 | INFO | stage2_run3 | Epoch 020 | train_loss=132.0432 | test_loss=22.2032 | test_acc=0.8779
2026-04-02 12:19:45,810 | INFO | stage2_run3 | Epoch 021 | train_loss=131.0605 | test_loss=21.9557 | test_acc=0.8641
2026-04-02 12:20:01,287 | INFO | stage2_run3 | Epoch 022 | train_loss=130.7754 | test_loss=21.8914 | test_acc=0.8914
2026-04-02 12:20:16,594 | INFO | stage2_run3 | Epoch 023 | train_loss=129.5559 | test_loss=21.6945 | test_acc=0.8807
2026-04-02 12:20:33,923 | INFO | stage2_run3 | Epoch 024 | train_loss=128.8431 | test_loss=21.5935 | test_acc=0.9001
2026-04-02 12:20:49,093 | INFO | stage2_run3 | Epoch 025 | train_loss=128.5208 | test_loss=21.5062 | test_acc=0.8898
2026-04-02 12:21:03,927 | INFO | stage2_run3 | Epoch 026 | train_loss=128.1343 | test_loss=21.8689 | test_acc=0.8667
2026-04-02 12:21:20,360 | INFO | stage2_run3 | Epoch 027 | train_loss=127.7642 | test_loss=21.4031 | test_acc=0.8741
2026-04-02 12:21:37,430 | INFO | stage2_run3 | Epoch 028 | train_loss=126.6880 | test_loss=21.4580 | test_acc=0.8736
2026-04-02 12:21:52,946 | INFO | stage2_run3 | Epoch 029 | train_loss=125.7522 | test_loss=21.1255 | test_acc=0.8945
2026-04-02 12:22:08,997 | INFO | stage2_run3 | Epoch 030 | train_loss=125.4735 | test_loss=21.2682 | test_acc=0.8914
2026-04-02 12:22:24,581 | INFO | stage2_run3 | Epoch 031 | train_loss=127.2217 | test_loss=21.4648 | test_acc=0.8948
2026-04-02 12:22:40,110 | INFO | stage2_run3 | Epoch 032 | train_loss=125.3540 | test_loss=21.3104 | test_acc=0.8983
2026-04-02 12:22:56,024 | INFO | stage2_run3 | Epoch 033 | train_loss=124.9726 | test_loss=21.0107 | test_acc=0.9117
2026-04-02 12:23:11,679 | INFO | stage2_run3 | Epoch 034 | train_loss=125.5163 | test_loss=21.0235 | test_acc=0.9066
2026-04-02 12:23:27,889 | INFO | stage2_run3 | Epoch 035 | train_loss=124.3770 | test_loss=21.1257 | test_acc=0.9061
2026-04-02 12:23:43,583 | INFO | stage2_run3 | Epoch 036 | train_loss=125.4426 | test_loss=21.6194 | test_acc=0.8915
2026-04-02 12:23:58,408 | INFO | stage2_run3 | Epoch 037 | train_loss=124.6993 | test_loss=21.0754 | test_acc=0.8961
2026-04-02 12:24:13,005 | INFO | stage2_run3 | Epoch 038 | train_loss=123.3695 | test_loss=20.6451 | test_acc=0.9109
2026-04-02 12:24:33,059 | INFO | stage2_run3 | Epoch 039 | train_loss=123.4384 | test_loss=20.8526 | test_acc=0.8882
2026-04-02 12:24:52,682 | INFO | stage2_run3 | Epoch 040 | train_loss=123.0853 | test_loss=21.4714 | test_acc=0.8984
2026-04-02 12:25:10,254 | INFO | stage2_run3 | Epoch 041 | train_loss=123.7839 | test_loss=21.0330 | test_acc=0.8799
2026-04-02 12:25:25,499 | INFO | stage2_run3 | Epoch 042 | train_loss=122.9928 | test_loss=20.7585 | test_acc=0.9047
2026-04-02 12:25:40,917 | INFO | stage2_run3 | Epoch 043 | train_loss=122.1818 | test_loss=20.6218 | test_acc=0.9147
2026-04-02 12:25:55,952 | INFO | stage2_run3 | Epoch 044 | train_loss=122.5002 | test_loss=21.1245 | test_acc=0.9010
2026-04-02 12:26:11,603 | INFO | stage2_run3 | Epoch 045 | train_loss=122.0976 | test_loss=20.5468 | test_acc=0.9119
2026-04-02 12:26:27,251 | INFO | stage2_run3 | Epoch 046 | train_loss=121.8098 | test_loss=20.3054 | test_acc=0.9221
2026-04-02 12:26:42,401 | INFO | stage2_run3 | Epoch 047 | train_loss=120.6395 | test_loss=20.4994 | test_acc=0.9029
2026-04-02 12:26:57,429 | INFO | stage2_run3 | Epoch 048 | train_loss=121.6551 | test_loss=20.6768 | test_acc=0.9080
2026-04-02 12:27:13,869 | INFO | stage2_run3 | Epoch 049 | train_loss=121.3396 | test_loss=20.3812 | test_acc=0.9224
2026-04-02 12:27:29,512 | INFO | stage2_run3 | Epoch 050 | train_loss=121.4413 | test_loss=20.6670 | test_acc=0.9124
2026-04-02 12:27:44,217 | INFO | stage2_run3 | Epoch 051 | train_loss=121.6398 | test_loss=20.6664 | test_acc=0.9050
2026-04-02 12:28:00,063 | INFO | stage2_run3 | Epoch 052 | train_loss=120.8318 | test_loss=20.2946 | test_acc=0.9157
2026-04-02 12:28:16,596 | INFO | stage2_run3 | Epoch 053 | train_loss=120.6971 | test_loss=20.8177 | test_acc=0.9096
2026-04-02 12:28:34,132 | INFO | stage2_run3 | Epoch 054 | train_loss=120.7362 | test_loss=20.3181 | test_acc=0.9230
2026-04-02 12:28:49,474 | INFO | stage2_run3 | Epoch 055 | train_loss=120.1475 | test_loss=20.1303 | test_acc=0.9279
2026-04-02 12:29:04,936 | INFO | stage2_run3 | Epoch 056 | train_loss=120.5357 | test_loss=20.0906 | test_acc=0.9235
2026-04-02 12:29:22,457 | INFO | stage2_run3 | Epoch 057 | train_loss=120.0507 | test_loss=20.1526 | test_acc=0.9285
2026-04-02 12:29:37,739 | INFO | stage2_run3 | Epoch 058 | train_loss=120.5862 | test_loss=20.2632 | test_acc=0.9225
2026-04-02 12:29:52,935 | INFO | stage2_run3 | Epoch 059 | train_loss=119.3686 | test_loss=20.3073 | test_acc=0.9105
2026-04-02 12:30:09,382 | INFO | stage2_run3 | Epoch 060 | train_loss=119.1361 | test_loss=20.1544 | test_acc=0.9165
2026-04-02 12:30:24,777 | INFO | stage2_run3 | Epoch 061 | train_loss=119.2878 | test_loss=20.2765 | test_acc=0.9194
2026-04-02 12:30:39,987 | INFO | stage2_run3 | Epoch 062 | train_loss=119.2896 | test_loss=20.6412 | test_acc=0.9130
2026-04-02 12:30:55,646 | INFO | stage2_run3 | Epoch 063 | train_loss=120.0264 | test_loss=20.1515 | test_acc=0.9186
2026-04-02 12:31:10,652 | INFO | stage2_run3 | Epoch 064 | train_loss=118.9141 | test_loss=19.9863 | test_acc=0.9273
2026-04-02 12:31:25,530 | INFO | stage2_run3 | Epoch 065 | train_loss=118.2766 | test_loss=20.3962 | test_acc=0.9226
2026-04-02 12:31:40,325 | INFO | stage2_run3 | Epoch 066 | train_loss=119.4157 | test_loss=20.3719 | test_acc=0.9141
2026-04-02 12:31:55,358 | INFO | stage2_run3 | Epoch 067 | train_loss=118.2656 | test_loss=19.8170 | test_acc=0.9326
2026-04-02 12:32:11,423 | INFO | stage2_run3 | Epoch 068 | train_loss=117.8051 | test_loss=20.1654 | test_acc=0.9209
2026-04-02 12:32:26,691 | INFO | stage2_run3 | Epoch 069 | train_loss=118.1208 | test_loss=19.7351 | test_acc=0.9343
2026-04-02 12:32:41,969 | INFO | stage2_run3 | Epoch 070 | train_loss=118.0075 | test_loss=20.1518 | test_acc=0.9202
2026-04-02 12:32:57,076 | INFO | stage2_run3 | Epoch 071 | train_loss=117.8062 | test_loss=19.9378 | test_acc=0.9248
2026-04-02 12:33:12,895 | INFO | stage2_run3 | Epoch 072 | train_loss=118.1209 | test_loss=19.8647 | test_acc=0.9273
2026-04-02 12:33:28,393 | INFO | stage2_run3 | Epoch 073 | train_loss=118.6471 | test_loss=20.2874 | test_acc=0.9094
2026-04-02 12:33:43,197 | INFO | stage2_run3 | Epoch 074 | train_loss=118.3465 | test_loss=19.8689 | test_acc=0.9240
2026-04-02 12:33:58,299 | INFO | stage2_run3 | Epoch 075 | train_loss=116.9622 | test_loss=19.5836 | test_acc=0.9337
2026-04-02 12:34:13,040 | INFO | stage2_run3 | Epoch 076 | train_loss=116.9570 | test_loss=20.0576 | test_acc=0.9114
2026-04-02 12:34:27,977 | INFO | stage2_run3 | Epoch 077 | train_loss=118.4718 | test_loss=20.0742 | test_acc=0.9208
2026-04-02 12:34:43,761 | INFO | stage2_run3 | Epoch 078 | train_loss=119.0950 | test_loss=20.0855 | test_acc=0.9279
2026-04-02 12:34:58,999 | INFO | stage2_run3 | Epoch 079 | train_loss=118.2055 | test_loss=19.8664 | test_acc=0.9296
2026-04-02 12:35:14,803 | INFO | stage2_run3 | Epoch 080 | train_loss=117.1019 | test_loss=20.8389 | test_acc=0.8930
2026-04-02 12:35:30,086 | INFO | stage2_run3 | Epoch 081 | train_loss=118.9274 | test_loss=19.8835 | test_acc=0.9219
2026-04-02 12:35:45,710 | INFO | stage2_run3 | Epoch 082 | train_loss=117.6187 | test_loss=19.6362 | test_acc=0.9340
2026-04-02 12:36:02,404 | INFO | stage2_run3 | Epoch 083 | train_loss=117.1219 | test_loss=19.7975 | test_acc=0.9227
2026-04-02 12:36:17,287 | INFO | stage2_run3 | Epoch 084 | train_loss=117.2297 | test_loss=20.8757 | test_acc=0.8905
2026-04-02 12:36:32,904 | INFO | stage2_run3 | Epoch 085 | train_loss=117.7587 | test_loss=20.2533 | test_acc=0.9225
2026-04-02 12:36:47,764 | INFO | stage2_run3 | Epoch 086 | train_loss=116.4352 | test_loss=19.6184 | test_acc=0.9284
2026-04-02 12:37:02,794 | INFO | stage2_run3 | Epoch 087 | train_loss=116.9202 | test_loss=19.9715 | test_acc=0.9254
2026-04-02 12:37:17,538 | INFO | stage2_run3 | Epoch 088 | train_loss=118.2567 | test_loss=20.0064 | test_acc=0.9240
2026-04-02 12:37:33,907 | INFO | stage2_run3 | Epoch 089 | train_loss=118.1027 | test_loss=19.8603 | test_acc=0.9228
2026-04-02 12:37:50,876 | INFO | stage2_run3 | Epoch 090 | train_loss=117.0422 | test_loss=19.7243 | test_acc=0.9235
2026-04-02 12:38:10,354 | INFO | stage2_run3 | Epoch 091 | train_loss=116.3651 | test_loss=19.5518 | test_acc=0.9303
2026-04-02 12:38:27,834 | INFO | stage2_run3 | Epoch 092 | train_loss=115.5026 | test_loss=19.5295 | test_acc=0.9326
2026-04-02 12:38:43,088 | INFO | stage2_run3 | Epoch 093 | train_loss=115.4672 | test_loss=19.8739 | test_acc=0.9238
2026-04-02 12:38:59,732 | INFO | stage2_run3 | Epoch 094 | train_loss=116.1503 | test_loss=19.7734 | test_acc=0.9128
2026-04-02 12:39:15,570 | INFO | stage2_run3 | Epoch 095 | train_loss=116.6648 | test_loss=19.7370 | test_acc=0.9283
2026-04-02 12:39:31,267 | INFO | stage2_run3 | Epoch 096 | train_loss=116.2405 | test_loss=19.5336 | test_acc=0.9352
2026-04-02 12:39:47,713 | INFO | stage2_run3 | Epoch 097 | train_loss=115.7156 | test_loss=19.6474 | test_acc=0.9240
2026-04-02 12:40:09,492 | INFO | stage2_run3 | Epoch 098 | train_loss=116.3843 | test_loss=19.5413 | test_acc=0.9269
2026-04-02 12:40:25,293 | INFO | stage2_run3 | Epoch 099 | train_loss=116.4608 | test_loss=19.6687 | test_acc=0.9235
2026-04-02 12:40:41,134 | INFO | stage2_run3 | Epoch 100 | train_loss=115.4551 | test_loss=19.4265 | test_acc=0.9388
2026-04-02 12:40:56,483 | INFO | stage2_run3 | Epoch 101 | train_loss=116.1287 | test_loss=19.4793 | test_acc=0.9342
2026-04-02 12:41:13,665 | INFO | stage2_run3 | Epoch 102 | train_loss=116.4588 | test_loss=19.5431 | test_acc=0.9269
2026-04-02 12:41:29,676 | INFO | stage2_run3 | Epoch 103 | train_loss=115.2785 | test_loss=19.6813 | test_acc=0.9312
2026-04-02 12:41:46,394 | INFO | stage2_run3 | Epoch 104 | train_loss=116.0918 | test_loss=19.5984 | test_acc=0.9333
2026-04-02 12:42:01,990 | INFO | stage2_run3 | Epoch 105 | train_loss=115.8066 | test_loss=19.6289 | test_acc=0.9248
2026-04-02 12:42:17,009 | INFO | stage2_run3 | Epoch 106 | train_loss=116.8160 | test_loss=20.2658 | test_acc=0.9157
2026-04-02 12:42:35,233 | INFO | stage2_run3 | Epoch 107 | train_loss=115.4943 | test_loss=19.5131 | test_acc=0.9305
2026-04-02 12:42:51,238 | INFO | stage2_run3 | Epoch 108 | train_loss=115.9154 | test_loss=19.3830 | test_acc=0.9414
2026-04-02 12:43:06,940 | INFO | stage2_run3 | Epoch 109 | train_loss=115.2204 | test_loss=19.6169 | test_acc=0.9183
2026-04-02 12:43:22,681 | INFO | stage2_run3 | Epoch 110 | train_loss=115.7171 | test_loss=20.2787 | test_acc=0.9157
2026-04-02 12:43:38,175 | INFO | stage2_run3 | Epoch 111 | train_loss=115.7660 | test_loss=19.6226 | test_acc=0.9297
2026-04-02 12:43:53,005 | INFO | stage2_run3 | Epoch 112 | train_loss=114.6346 | test_loss=19.4276 | test_acc=0.9396
2026-04-02 12:44:08,441 | INFO | stage2_run3 | Epoch 113 | train_loss=115.6486 | test_loss=19.6066 | test_acc=0.9294
2026-04-02 12:44:23,876 | INFO | stage2_run3 | Epoch 114 | train_loss=116.3036 | test_loss=19.5348 | test_acc=0.9387
2026-04-02 12:44:39,424 | INFO | stage2_run3 | Epoch 115 | train_loss=114.9493 | test_loss=19.5061 | test_acc=0.9339
2026-04-02 12:44:56,154 | INFO | stage2_run3 | Epoch 116 | train_loss=115.6449 | test_loss=19.7025 | test_acc=0.9238
2026-04-02 12:45:12,195 | INFO | stage2_run3 | Epoch 117 | train_loss=115.6728 | test_loss=19.6809 | test_acc=0.9336
2026-04-02 12:45:29,584 | INFO | stage2_run3 | Epoch 118 | train_loss=114.4693 | test_loss=19.5038 | test_acc=0.9286
2026-04-02 12:45:45,001 | INFO | stage2_run3 | Epoch 119 | train_loss=115.1763 | test_loss=19.3759 | test_acc=0.9302
2026-04-02 12:46:01,488 | INFO | stage2_run3 | Epoch 120 | train_loss=114.9674 | test_loss=19.2674 | test_acc=0.9388
2026-04-02 12:46:16,612 | INFO | stage2_run3 | Epoch 121 | train_loss=114.9367 | test_loss=20.2001 | test_acc=0.9186
2026-04-02 12:46:31,601 | INFO | stage2_run3 | Epoch 122 | train_loss=115.9856 | test_loss=19.5036 | test_acc=0.9337
2026-04-02 12:46:47,937 | INFO | stage2_run3 | Epoch 123 | train_loss=115.1808 | test_loss=19.3779 | test_acc=0.9365
2026-04-02 12:47:03,004 | INFO | stage2_run3 | Epoch 124 | train_loss=114.6988 | test_loss=19.3460 | test_acc=0.9345
2026-04-02 12:47:18,160 | INFO | stage2_run3 | Epoch 125 | train_loss=114.2775 | test_loss=19.6601 | test_acc=0.9329
2026-04-02 12:47:33,112 | INFO | stage2_run3 | Epoch 126 | train_loss=114.7809 | test_loss=20.0154 | test_acc=0.9143
2026-04-02 12:47:49,166 | INFO | stage2_run3 | Epoch 127 | train_loss=114.9052 | test_loss=19.4273 | test_acc=0.9300
2026-04-02 12:48:04,996 | INFO | stage2_run3 | Epoch 128 | train_loss=114.3376 | test_loss=19.4450 | test_acc=0.9340
2026-04-02 12:48:20,893 | INFO | stage2_run3 | Epoch 129 | train_loss=114.6433 | test_loss=19.7941 | test_acc=0.9274
2026-04-02 12:48:36,610 | INFO | stage2_run3 | Epoch 130 | train_loss=114.5806 | test_loss=19.4058 | test_acc=0.9313
2026-04-02 12:48:52,373 | INFO | stage2_run3 | Epoch 131 | train_loss=114.6709 | test_loss=19.6481 | test_acc=0.9189
2026-04-02 12:49:09,108 | INFO | stage2_run3 | Epoch 132 | train_loss=113.8548 | test_loss=19.4101 | test_acc=0.9303
2026-04-02 12:49:24,506 | INFO | stage2_run3 | Epoch 133 | train_loss=114.5977 | test_loss=19.2374 | test_acc=0.9339
2026-04-02 12:49:40,530 | INFO | stage2_run3 | Epoch 134 | train_loss=113.6948 | test_loss=19.6278 | test_acc=0.9196
2026-04-02 12:49:56,259 | INFO | stage2_run3 | Epoch 135 | train_loss=112.6681 | test_loss=19.4811 | test_acc=0.9273
2026-04-02 12:50:12,154 | INFO | stage2_run3 | Epoch 136 | train_loss=113.6546 | test_loss=18.9920 | test_acc=0.9418
2026-04-02 12:50:27,359 | INFO | stage2_run3 | Epoch 137 | train_loss=113.5744 | test_loss=19.1073 | test_acc=0.9368
2026-04-02 12:50:42,626 | INFO | stage2_run3 | Epoch 138 | train_loss=113.0791 | test_loss=19.4598 | test_acc=0.9290
2026-04-02 12:50:58,776 | INFO | stage2_run3 | Epoch 139 | train_loss=113.5317 | test_loss=18.9326 | test_acc=0.9399
2026-04-02 12:51:14,394 | INFO | stage2_run3 | Epoch 140 | train_loss=113.0582 | test_loss=19.3829 | test_acc=0.9274
2026-04-02 12:51:30,404 | INFO | stage2_run3 | Epoch 141 | train_loss=113.2552 | test_loss=19.1076 | test_acc=0.9376
2026-04-02 12:51:45,214 | INFO | stage2_run3 | Epoch 142 | train_loss=114.5021 | test_loss=19.1202 | test_acc=0.9387
2026-04-02 12:52:00,181 | INFO | stage2_run3 | Epoch 143 | train_loss=113.5167 | test_loss=19.3768 | test_acc=0.9311
2026-04-02 12:52:15,285 | INFO | stage2_run3 | Epoch 144 | train_loss=113.5525 | test_loss=18.9803 | test_acc=0.9419
2026-04-02 12:52:31,380 | INFO | stage2_run3 | Epoch 145 | train_loss=112.5437 | test_loss=18.9369 | test_acc=0.9411
2026-04-02 12:52:49,227 | INFO | stage2_run3 | Epoch 146 | train_loss=112.7545 | test_loss=18.9380 | test_acc=0.9432
2026-04-02 12:53:06,230 | INFO | stage2_run3 | Epoch 147 | train_loss=112.0693 | test_loss=19.1827 | test_acc=0.9332
2026-04-02 12:53:23,628 | INFO | stage2_run3 | Epoch 148 | train_loss=112.6384 | test_loss=19.0937 | test_acc=0.9324
2026-04-02 12:53:38,625 | INFO | stage2_run3 | Epoch 149 | train_loss=114.7634 | test_loss=19.0930 | test_acc=0.9394
2026-04-02 12:53:54,851 | INFO | stage2_run3 | Epoch 150 | train_loss=113.0573 | test_loss=20.0882 | test_acc=0.8952
2026-04-02 12:54:09,844 | INFO | stage2_run3 | Epoch 151 | train_loss=114.8132 | test_loss=19.2164 | test_acc=0.9276
2026-04-02 12:54:25,214 | INFO | stage2_run3 | Epoch 152 | train_loss=113.7102 | test_loss=18.8136 | test_acc=0.9441
2026-04-02 12:54:40,542 | INFO | stage2_run3 | Epoch 153 | train_loss=112.1724 | test_loss=19.0618 | test_acc=0.9351
2026-04-02 12:54:55,720 | INFO | stage2_run3 | Epoch 154 | train_loss=114.7728 | test_loss=19.5142 | test_acc=0.9259
2026-04-02 12:55:12,120 | INFO | stage2_run3 | Epoch 155 | train_loss=114.3422 | test_loss=19.4526 | test_acc=0.9295
2026-04-02 12:55:28,777 | INFO | stage2_run3 | Epoch 156 | train_loss=113.0807 | test_loss=18.8985 | test_acc=0.9440
2026-04-02 12:55:44,591 | INFO | stage2_run3 | Epoch 157 | train_loss=114.0064 | test_loss=18.9717 | test_acc=0.9433
2026-04-02 12:56:00,085 | INFO | stage2_run3 | Epoch 158 | train_loss=113.0262 | test_loss=19.2202 | test_acc=0.9343
2026-04-02 12:56:16,411 | INFO | stage2_run3 | Epoch 159 | train_loss=113.0300 | test_loss=19.3113 | test_acc=0.9349
2026-04-02 12:56:33,848 | INFO | stage2_run3 | Epoch 160 | train_loss=112.4023 | test_loss=19.1648 | test_acc=0.9341
2026-04-02 12:56:49,020 | INFO | stage2_run3 | Epoch 161 | train_loss=112.8477 | test_loss=19.8625 | test_acc=0.9114
2026-04-02 12:57:03,924 | INFO | stage2_run3 | Epoch 162 | train_loss=114.6250 | test_loss=19.1016 | test_acc=0.9347
2026-04-02 12:57:19,637 | INFO | stage2_run3 | Epoch 163 | train_loss=113.2750 | test_loss=19.2116 | test_acc=0.9318
2026-04-02 12:57:36,114 | INFO | stage2_run3 | Epoch 164 | train_loss=113.3607 | test_loss=19.1247 | test_acc=0.9367
2026-04-02 12:57:52,970 | INFO | stage2_run3 | Epoch 165 | train_loss=112.1418 | test_loss=19.1213 | test_acc=0.9389
2026-04-02 12:58:09,880 | INFO | stage2_run3 | Epoch 166 | train_loss=113.5466 | test_loss=19.5940 | test_acc=0.9263
2026-04-02 12:58:26,289 | INFO | stage2_run3 | Epoch 167 | train_loss=113.2685 | test_loss=19.3174 | test_acc=0.9269
2026-04-02 12:58:42,241 | INFO | stage2_run3 | Epoch 168 | train_loss=112.2400 | test_loss=19.2788 | test_acc=0.9338
2026-04-02 12:58:58,961 | INFO | stage2_run3 | Epoch 169 | train_loss=113.7792 | test_loss=19.3354 | test_acc=0.9289
2026-04-02 12:59:14,931 | INFO | stage2_run3 | Epoch 170 | train_loss=113.1346 | test_loss=19.2651 | test_acc=0.9322
2026-04-02 12:59:32,625 | INFO | stage2_run3 | Epoch 171 | train_loss=112.6800 | test_loss=18.9385 | test_acc=0.9380
2026-04-02 12:59:48,911 | INFO | stage2_run3 | Epoch 172 | train_loss=111.8630 | test_loss=19.2114 | test_acc=0.9301
2026-04-02 13:00:05,134 | INFO | stage2_run3 | Epoch 173 | train_loss=114.1003 | test_loss=19.4590 | test_acc=0.9194
2026-04-02 13:00:22,448 | INFO | stage2_run3 | Epoch 174 | train_loss=112.9454 | test_loss=19.8054 | test_acc=0.9188
2026-04-02 13:00:39,120 | INFO | stage2_run3 | Epoch 175 | train_loss=112.3870 | test_loss=19.0760 | test_acc=0.9362
2026-04-02 13:00:55,185 | INFO | stage2_run3 | Epoch 176 | train_loss=111.9421 | test_loss=18.7608 | test_acc=0.9460
2026-04-02 13:01:11,187 | INFO | stage2_run3 | Epoch 177 | train_loss=111.5823 | test_loss=19.0337 | test_acc=0.9378
2026-04-02 13:01:26,726 | INFO | stage2_run3 | Epoch 178 | train_loss=112.5248 | test_loss=18.8682 | test_acc=0.9371
2026-04-02 13:01:42,300 | INFO | stage2_run3 | Epoch 179 | train_loss=111.9197 | test_loss=18.8144 | test_acc=0.9421
2026-04-02 13:01:58,523 | INFO | stage2_run3 | Epoch 180 | train_loss=113.1942 | test_loss=19.1822 | test_acc=0.9328
2026-04-02 13:02:15,641 | INFO | stage2_run3 | Epoch 181 | train_loss=113.9598 | test_loss=18.8246 | test_acc=0.9416
2026-04-02 13:02:31,586 | INFO | stage2_run3 | Epoch 182 | train_loss=111.9716 | test_loss=19.0084 | test_acc=0.9337
2026-04-02 13:02:47,001 | INFO | stage2_run3 | Epoch 183 | train_loss=112.6010 | test_loss=19.4322 | test_acc=0.9285
2026-04-02 13:03:02,036 | INFO | stage2_run3 | Epoch 184 | train_loss=111.8947 | test_loss=19.6314 | test_acc=0.9209
2026-04-02 13:03:17,669 | INFO | stage2_run3 | Epoch 185 | train_loss=113.2201 | test_loss=18.9069 | test_acc=0.9412
2026-04-02 13:03:33,811 | INFO | stage2_run3 | Epoch 186 | train_loss=111.2531 | test_loss=18.7902 | test_acc=0.9428
2026-04-02 13:03:48,517 | INFO | stage2_run3 | Epoch 187 | train_loss=111.7701 | test_loss=18.7261 | test_acc=0.9472
2026-04-02 13:04:03,515 | INFO | stage2_run3 | Epoch 188 | train_loss=112.8485 | test_loss=19.1990 | test_acc=0.9321
2026-04-02 13:04:18,657 | INFO | stage2_run3 | Epoch 189 | train_loss=112.4980 | test_loss=18.7368 | test_acc=0.9438
2026-04-02 13:04:34,374 | INFO | stage2_run3 | Epoch 190 | train_loss=112.0239 | test_loss=19.2954 | test_acc=0.9300
2026-04-02 13:04:50,329 | INFO | stage2_run3 | Epoch 191 | train_loss=112.0528 | test_loss=19.0459 | test_acc=0.9358
2026-04-02 13:05:06,621 | INFO | stage2_run3 | Epoch 192 | train_loss=111.7613 | test_loss=18.7460 | test_acc=0.9421
2026-04-02 13:05:22,031 | INFO | stage2_run3 | Epoch 193 | train_loss=111.4295 | test_loss=18.9775 | test_acc=0.9378
2026-04-02 13:05:38,713 | INFO | stage2_run3 | Epoch 194 | train_loss=112.2378 | test_loss=18.8846 | test_acc=0.9400
2026-04-02 13:05:53,664 | INFO | stage2_run3 | Epoch 195 | train_loss=111.8871 | test_loss=19.6166 | test_acc=0.9226
2026-04-02 13:06:11,370 | INFO | stage2_run3 | Epoch 196 | train_loss=113.4603 | test_loss=19.0800 | test_acc=0.9312
2026-04-02 13:06:26,961 | INFO | stage2_run3 | Epoch 197 | train_loss=111.7259 | test_loss=18.8960 | test_acc=0.9440
2026-04-02 13:06:42,640 | INFO | stage2_run3 | Epoch 198 | train_loss=111.3916 | test_loss=19.0947 | test_acc=0.9353
2026-04-02 13:06:58,399 | INFO | stage2_run3 | Epoch 199 | train_loss=111.6237 | test_loss=19.0209 | test_acc=0.9330
2026-04-02 13:07:14,445 | INFO | stage2_run3 | Epoch 200 | train_loss=112.6164 | test_loss=19.4935 | test_acc=0.9256
2026-04-02 13:07:31,600 | INFO | stage2_run4 | Epoch 001 | train_loss=246.0914 | test_loss=37.5487 | test_acc=0.3004
2026-04-02 13:07:48,709 | INFO | stage2_run4 | Epoch 002 | train_loss=209.1338 | test_loss=33.9054 | test_acc=0.3918
2026-04-02 13:08:04,372 | INFO | stage2_run4 | Epoch 003 | train_loss=192.5448 | test_loss=31.2419 | test_acc=0.4693
2026-04-02 13:08:22,407 | INFO | stage2_run4 | Epoch 004 | train_loss=179.3450 | test_loss=29.5087 | test_acc=0.5365
2026-04-02 13:08:38,319 | INFO | stage2_run4 | Epoch 005 | train_loss=170.9489 | test_loss=28.2649 | test_acc=0.5986
2026-04-02 13:08:53,578 | INFO | stage2_run4 | Epoch 006 | train_loss=163.7577 | test_loss=27.2490 | test_acc=0.6512
2026-04-02 13:09:08,742 | INFO | stage2_run4 | Epoch 007 | train_loss=158.7756 | test_loss=26.3842 | test_acc=0.6413
2026-04-02 13:09:25,674 | INFO | stage2_run4 | Epoch 008 | train_loss=156.6778 | test_loss=26.0515 | test_acc=0.6408
2026-04-02 13:09:41,378 | INFO | stage2_run4 | Epoch 009 | train_loss=152.2017 | test_loss=25.3257 | test_acc=0.6987
2026-04-02 13:09:56,917 | INFO | stage2_run4 | Epoch 010 | train_loss=149.1262 | test_loss=25.1653 | test_acc=0.6976
2026-04-02 13:10:13,406 | INFO | stage2_run4 | Epoch 011 | train_loss=146.4642 | test_loss=24.4306 | test_acc=0.7176
2026-04-02 13:10:28,781 | INFO | stage2_run4 | Epoch 012 | train_loss=144.4655 | test_loss=24.2785 | test_acc=0.7070
2026-04-02 13:10:45,391 | INFO | stage2_run4 | Epoch 013 | train_loss=142.3889 | test_loss=23.7561 | test_acc=0.7332
2026-04-02 13:11:02,169 | INFO | stage2_run4 | Epoch 014 | train_loss=141.6070 | test_loss=23.7575 | test_acc=0.7287
2026-04-02 13:11:17,817 | INFO | stage2_run4 | Epoch 015 | train_loss=139.4857 | test_loss=23.6485 | test_acc=0.7402
2026-04-02 13:11:33,321 | INFO | stage2_run4 | Epoch 016 | train_loss=138.2115 | test_loss=23.0339 | test_acc=0.7602
2026-04-02 13:11:48,585 | INFO | stage2_run4 | Epoch 017 | train_loss=136.8565 | test_loss=24.3980 | test_acc=0.7176
2026-04-02 13:12:03,473 | INFO | stage2_run4 | Epoch 018 | train_loss=136.6883 | test_loss=22.6855 | test_acc=0.7520
2026-04-02 13:12:19,950 | INFO | stage2_run4 | Epoch 019 | train_loss=135.1143 | test_loss=22.3845 | test_acc=0.7641
2026-04-02 13:12:35,514 | INFO | stage2_run4 | Epoch 020 | train_loss=133.4903 | test_loss=22.7310 | test_acc=0.7668
2026-04-02 13:12:51,799 | INFO | stage2_run4 | Epoch 021 | train_loss=133.6425 | test_loss=22.3446 | test_acc=0.7787
2026-04-02 13:13:07,274 | INFO | stage2_run4 | Epoch 022 | train_loss=133.1030 | test_loss=22.2544 | test_acc=0.7667
2026-04-02 13:13:22,626 | INFO | stage2_run4 | Epoch 023 | train_loss=131.6022 | test_loss=22.0667 | test_acc=0.7505
2026-04-02 13:13:38,143 | INFO | stage2_run4 | Epoch 024 | train_loss=131.7298 | test_loss=21.8905 | test_acc=0.7597
2026-04-02 13:13:53,589 | INFO | stage2_run4 | Epoch 025 | train_loss=130.4047 | test_loss=21.9058 | test_acc=0.7758
2026-04-02 13:14:09,252 | INFO | stage2_run4 | Epoch 026 | train_loss=130.2205 | test_loss=21.9854 | test_acc=0.7717
2026-04-02 13:14:26,245 | INFO | stage2_run4 | Epoch 027 | train_loss=129.5883 | test_loss=22.2804 | test_acc=0.7646
2026-04-02 13:14:43,234 | INFO | stage2_run4 | Epoch 028 | train_loss=129.3988 | test_loss=21.8578 | test_acc=0.7554
2026-04-02 13:14:58,985 | INFO | stage2_run4 | Epoch 029 | train_loss=128.7739 | test_loss=21.6105 | test_acc=0.7826
2026-04-02 13:15:14,694 | INFO | stage2_run4 | Epoch 030 | train_loss=128.2227 | test_loss=21.8691 | test_acc=0.7599
2026-04-02 13:15:31,140 | INFO | stage2_run4 | Epoch 031 | train_loss=128.9225 | test_loss=21.5217 | test_acc=0.7895
2026-04-02 13:15:47,034 | INFO | stage2_run4 | Epoch 032 | train_loss=127.4496 | test_loss=21.3712 | test_acc=0.7901
2026-04-02 13:16:03,336 | INFO | stage2_run4 | Epoch 033 | train_loss=126.5787 | test_loss=21.4455 | test_acc=0.7835
2026-04-02 13:16:19,981 | INFO | stage2_run4 | Epoch 034 | train_loss=127.4227 | test_loss=21.1614 | test_acc=0.7769
2026-04-02 13:16:36,197 | INFO | stage2_run4 | Epoch 035 | train_loss=127.1183 | test_loss=21.1147 | test_acc=0.7837
2026-04-02 13:16:51,462 | INFO | stage2_run4 | Epoch 036 | train_loss=125.7958 | test_loss=21.1041 | test_acc=0.8052
2026-04-02 13:17:07,328 | INFO | stage2_run4 | Epoch 037 | train_loss=125.2798 | test_loss=21.0372 | test_acc=0.7957
2026-04-02 13:17:24,347 | INFO | stage2_run4 | Epoch 038 | train_loss=124.8672 | test_loss=21.1469 | test_acc=0.7958
2026-04-02 13:17:40,704 | INFO | stage2_run4 | Epoch 039 | train_loss=125.3925 | test_loss=20.9235 | test_acc=0.8114
2026-04-02 13:17:56,637 | INFO | stage2_run4 | Epoch 040 | train_loss=125.5593 | test_loss=21.0118 | test_acc=0.7914
2026-04-02 13:18:12,725 | INFO | stage2_run4 | Epoch 041 | train_loss=124.8390 | test_loss=20.8597 | test_acc=0.7932
2026-04-02 13:18:29,429 | INFO | stage2_run4 | Epoch 042 | train_loss=124.6884 | test_loss=21.2680 | test_acc=0.7711
2026-04-02 13:18:46,287 | INFO | stage2_run4 | Epoch 043 | train_loss=124.1608 | test_loss=20.8391 | test_acc=0.8215
2026-04-02 13:19:03,941 | INFO | stage2_run4 | Epoch 044 | train_loss=123.6147 | test_loss=20.8375 | test_acc=0.8035
2026-04-02 13:19:19,497 | INFO | stage2_run4 | Epoch 045 | train_loss=123.7793 | test_loss=21.1084 | test_acc=0.8020
2026-04-02 13:19:34,299 | INFO | stage2_run4 | Epoch 046 | train_loss=124.1015 | test_loss=20.6488 | test_acc=0.8307
2026-04-02 13:19:49,895 | INFO | stage2_run4 | Epoch 047 | train_loss=123.8052 | test_loss=20.8349 | test_acc=0.8161
2026-04-02 13:20:04,601 | INFO | stage2_run4 | Epoch 048 | train_loss=123.2061 | test_loss=20.8749 | test_acc=0.8011
2026-04-02 13:20:19,766 | INFO | stage2_run4 | Epoch 049 | train_loss=123.1114 | test_loss=20.4745 | test_acc=0.8227
2026-04-02 13:20:35,479 | INFO | stage2_run4 | Epoch 050 | train_loss=122.7559 | test_loss=20.9045 | test_acc=0.7846
2026-04-02 13:20:50,882 | INFO | stage2_run4 | Epoch 051 | train_loss=123.1618 | test_loss=20.4654 | test_acc=0.8204
2026-04-02 13:21:07,859 | INFO | stage2_run4 | Epoch 052 | train_loss=122.8658 | test_loss=20.9621 | test_acc=0.7975
2026-04-02 13:21:23,712 | INFO | stage2_run4 | Epoch 053 | train_loss=122.8947 | test_loss=21.0744 | test_acc=0.8350
2026-04-02 13:21:38,851 | INFO | stage2_run4 | Epoch 054 | train_loss=122.2827 | test_loss=20.7107 | test_acc=0.8282
2026-04-02 13:21:53,909 | INFO | stage2_run4 | Epoch 055 | train_loss=122.0866 | test_loss=20.7275 | test_acc=0.8625
2026-04-02 13:22:09,075 | INFO | stage2_run4 | Epoch 056 | train_loss=122.0228 | test_loss=20.3988 | test_acc=0.8388
2026-04-02 13:22:23,605 | INFO | stage2_run4 | Epoch 057 | train_loss=121.7554 | test_loss=21.0934 | test_acc=0.8018
2026-04-02 13:22:40,478 | INFO | stage2_run4 | Epoch 058 | train_loss=122.1317 | test_loss=20.4972 | test_acc=0.8353
2026-04-02 13:22:55,849 | INFO | stage2_run4 | Epoch 059 | train_loss=121.1712 | test_loss=20.5835 | test_acc=0.8668
2026-04-02 13:23:11,000 | INFO | stage2_run4 | Epoch 060 | train_loss=122.9387 | test_loss=21.0031 | test_acc=0.7814
2026-04-02 13:23:26,358 | INFO | stage2_run4 | Epoch 061 | train_loss=122.5794 | test_loss=20.8487 | test_acc=0.8603
2026-04-02 13:23:42,072 | INFO | stage2_run4 | Epoch 062 | train_loss=121.3381 | test_loss=20.4236 | test_acc=0.8440
2026-04-02 13:23:58,324 | INFO | stage2_run4 | Epoch 063 | train_loss=121.6790 | test_loss=20.2831 | test_acc=0.8135
2026-04-02 13:24:13,973 | INFO | stage2_run4 | Epoch 064 | train_loss=120.5451 | test_loss=20.2374 | test_acc=0.8355
2026-04-02 13:24:32,722 | INFO | stage2_run4 | Epoch 065 | train_loss=120.3870 | test_loss=20.3614 | test_acc=0.8824
2026-04-02 13:24:52,200 | INFO | stage2_run4 | Epoch 066 | train_loss=121.3249 | test_loss=20.5581 | test_acc=0.8591
2026-04-02 13:25:06,962 | INFO | stage2_run4 | Epoch 067 | train_loss=121.7177 | test_loss=20.7559 | test_acc=0.8371
2026-04-02 13:25:23,915 | INFO | stage2_run4 | Epoch 068 | train_loss=120.7543 | test_loss=20.0892 | test_acc=0.8899
2026-04-02 13:25:39,809 | INFO | stage2_run4 | Epoch 069 | train_loss=120.2959 | test_loss=20.2972 | test_acc=0.8372
2026-04-02 13:25:57,336 | INFO | stage2_run4 | Epoch 070 | train_loss=119.7089 | test_loss=20.2031 | test_acc=0.8590
2026-04-02 13:26:13,189 | INFO | stage2_run4 | Epoch 071 | train_loss=120.4138 | test_loss=20.3717 | test_acc=0.8430
2026-04-02 13:26:28,468 | INFO | stage2_run4 | Epoch 072 | train_loss=120.6057 | test_loss=20.2287 | test_acc=0.8758
2026-04-02 13:26:45,195 | INFO | stage2_run4 | Epoch 073 | train_loss=121.0895 | test_loss=20.3586 | test_acc=0.8342
2026-04-02 13:27:01,281 | INFO | stage2_run4 | Epoch 074 | train_loss=120.1690 | test_loss=20.3755 | test_acc=0.8442
2026-04-02 13:27:16,475 | INFO | stage2_run4 | Epoch 075 | train_loss=119.9767 | test_loss=20.1675 | test_acc=0.8825
2026-04-02 13:27:32,321 | INFO | stage2_run4 | Epoch 076 | train_loss=119.6746 | test_loss=20.5547 | test_acc=0.8647
2026-04-02 13:27:49,231 | INFO | stage2_run4 | Epoch 077 | train_loss=119.6372 | test_loss=20.2229 | test_acc=0.8606
2026-04-02 13:28:05,505 | INFO | stage2_run4 | Epoch 078 | train_loss=119.3573 | test_loss=20.6342 | test_acc=0.8616
2026-04-02 13:28:20,864 | INFO | stage2_run4 | Epoch 079 | train_loss=119.6845 | test_loss=20.3561 | test_acc=0.8636
2026-04-02 13:28:36,560 | INFO | stage2_run4 | Epoch 080 | train_loss=121.1315 | test_loss=20.0082 | test_acc=0.8745
2026-04-02 13:28:52,865 | INFO | stage2_run4 | Epoch 081 | train_loss=118.7545 | test_loss=20.4395 | test_acc=0.8535
2026-04-02 13:29:09,169 | INFO | stage2_run4 | Epoch 082 | train_loss=120.3342 | test_loss=20.0995 | test_acc=0.8730
2026-04-02 13:29:27,265 | INFO | stage2_run4 | Epoch 083 | train_loss=119.4128 | test_loss=20.3754 | test_acc=0.8800
2026-04-02 13:29:47,351 | INFO | stage2_run4 | Epoch 084 | train_loss=119.8248 | test_loss=20.5325 | test_acc=0.8394
2026-04-02 13:30:07,935 | INFO | stage2_run4 | Epoch 085 | train_loss=119.3316 | test_loss=20.3046 | test_acc=0.8652
2026-04-02 13:30:24,379 | INFO | stage2_run4 | Epoch 086 | train_loss=118.1383 | test_loss=19.9601 | test_acc=0.8850
2026-04-02 13:30:39,503 | INFO | stage2_run4 | Epoch 087 | train_loss=118.3841 | test_loss=20.0011 | test_acc=0.8790
2026-04-02 13:30:55,390 | INFO | stage2_run4 | Epoch 088 | train_loss=118.8776 | test_loss=20.1533 | test_acc=0.8542
2026-04-02 13:31:11,515 | INFO | stage2_run4 | Epoch 089 | train_loss=120.3404 | test_loss=19.9749 | test_acc=0.8764
2026-04-02 13:31:26,491 | INFO | stage2_run4 | Epoch 090 | train_loss=118.4842 | test_loss=19.8632 | test_acc=0.8859
2026-04-02 13:31:42,299 | INFO | stage2_run4 | Epoch 091 | train_loss=118.7881 | test_loss=20.4392 | test_acc=0.8579
2026-04-02 13:31:57,249 | INFO | stage2_run4 | Epoch 092 | train_loss=119.3193 | test_loss=20.2838 | test_acc=0.8759
2026-04-02 13:32:12,250 | INFO | stage2_run4 | Epoch 093 | train_loss=118.4791 | test_loss=20.0514 | test_acc=0.8784
2026-04-02 13:32:27,718 | INFO | stage2_run4 | Epoch 094 | train_loss=118.5307 | test_loss=19.9585 | test_acc=0.8917
2026-04-02 13:32:43,804 | INFO | stage2_run4 | Epoch 095 | train_loss=117.6063 | test_loss=19.9789 | test_acc=0.8850
2026-04-02 13:32:58,871 | INFO | stage2_run4 | Epoch 096 | train_loss=117.3087 | test_loss=19.9360 | test_acc=0.8728
2026-04-02 13:33:13,627 | INFO | stage2_run4 | Epoch 097 | train_loss=118.1519 | test_loss=19.8736 | test_acc=0.8795
2026-04-02 13:33:28,479 | INFO | stage2_run4 | Epoch 098 | train_loss=117.4421 | test_loss=19.8899 | test_acc=0.8796
2026-04-02 13:33:43,511 | INFO | stage2_run4 | Epoch 099 | train_loss=118.3637 | test_loss=20.1874 | test_acc=0.9187
2026-04-02 13:33:59,653 | INFO | stage2_run4 | Epoch 100 | train_loss=117.6794 | test_loss=20.1523 | test_acc=0.9140
2026-04-02 13:34:15,190 | INFO | stage2_run4 | Epoch 101 | train_loss=119.0241 | test_loss=19.7655 | test_acc=0.8828
2026-04-02 13:34:31,278 | INFO | stage2_run4 | Epoch 102 | train_loss=117.9213 | test_loss=19.9480 | test_acc=0.8937
2026-04-02 13:34:47,511 | INFO | stage2_run4 | Epoch 103 | train_loss=117.7093 | test_loss=19.9225 | test_acc=0.8838
2026-04-02 13:35:03,513 | INFO | stage2_run4 | Epoch 104 | train_loss=118.2030 | test_loss=20.1893 | test_acc=0.8485
2026-04-02 13:35:19,110 | INFO | stage2_run4 | Epoch 105 | train_loss=118.8438 | test_loss=20.0753 | test_acc=0.9077
2026-04-02 13:35:34,421 | INFO | stage2_run4 | Epoch 106 | train_loss=117.7968 | test_loss=20.3252 | test_acc=0.8589
2026-04-02 13:35:50,113 | INFO | stage2_run4 | Epoch 107 | train_loss=117.6687 | test_loss=20.0727 | test_acc=0.9045
2026-04-02 13:36:05,730 | INFO | stage2_run4 | Epoch 108 | train_loss=117.8057 | test_loss=20.4299 | test_acc=0.8496
2026-04-02 13:36:24,483 | INFO | stage2_run4 | Epoch 109 | train_loss=118.0677 | test_loss=19.9141 | test_acc=0.8880
2026-04-02 13:36:42,714 | INFO | stage2_run4 | Epoch 110 | train_loss=117.5312 | test_loss=19.6762 | test_acc=0.8741
2026-04-02 13:36:58,642 | INFO | stage2_run4 | Epoch 111 | train_loss=116.9567 | test_loss=19.8465 | test_acc=0.8884
2026-04-02 13:37:15,108 | INFO | stage2_run4 | Epoch 112 | train_loss=118.7425 | test_loss=19.9820 | test_acc=0.8924
2026-04-02 13:37:30,214 | INFO | stage2_run4 | Epoch 113 | train_loss=118.3502 | test_loss=19.9832 | test_acc=0.8528
2026-04-02 13:37:45,420 | INFO | stage2_run4 | Epoch 114 | train_loss=118.7415 | test_loss=19.8986 | test_acc=0.8689
2026-04-02 13:38:00,749 | INFO | stage2_run4 | Epoch 115 | train_loss=117.5595 | test_loss=20.2480 | test_acc=0.8895
2026-04-02 13:38:15,507 | INFO | stage2_run4 | Epoch 116 | train_loss=117.3475 | test_loss=19.9857 | test_acc=0.9123
2026-04-02 13:38:30,918 | INFO | stage2_run4 | Epoch 117 | train_loss=117.0101 | test_loss=19.7919 | test_acc=0.8873
2026-04-02 13:38:48,323 | INFO | stage2_run4 | Epoch 118 | train_loss=117.9018 | test_loss=19.8336 | test_acc=0.8950
2026-04-02 13:39:03,891 | INFO | stage2_run4 | Epoch 119 | train_loss=116.8993 | test_loss=19.7961 | test_acc=0.9167
2026-04-02 13:39:19,110 | INFO | stage2_run4 | Epoch 120 | train_loss=116.4408 | test_loss=19.6992 | test_acc=0.8938
2026-04-02 13:39:33,950 | INFO | stage2_run4 | Epoch 121 | train_loss=117.3259 | test_loss=19.7998 | test_acc=0.9201
2026-04-02 13:39:48,514 | INFO | stage2_run4 | Epoch 122 | train_loss=117.9119 | test_loss=20.0036 | test_acc=0.9088
2026-04-02 13:40:03,570 | INFO | stage2_run4 | Epoch 123 | train_loss=116.9963 | test_loss=19.8542 | test_acc=0.8810
2026-04-02 13:40:18,769 | INFO | stage2_run4 | Epoch 124 | train_loss=116.0943 | test_loss=19.6502 | test_acc=0.8904
2026-04-02 13:40:33,322 | INFO | stage2_run4 | Epoch 125 | train_loss=117.1177 | test_loss=19.7519 | test_acc=0.8851
2026-04-02 13:40:50,666 | INFO | stage2_run4 | Epoch 126 | train_loss=117.5615 | test_loss=19.9122 | test_acc=0.8826
2026-04-02 13:41:08,559 | INFO | stage2_run4 | Epoch 127 | train_loss=117.1146 | test_loss=19.7497 | test_acc=0.8943
2026-04-02 13:41:26,318 | INFO | stage2_run4 | Epoch 128 | train_loss=116.3586 | test_loss=19.5377 | test_acc=0.8933
2026-04-02 13:41:42,311 | INFO | stage2_run4 | Epoch 129 | train_loss=115.6035 | test_loss=19.7748 | test_acc=0.8631
2026-04-02 13:41:58,694 | INFO | stage2_run4 | Epoch 130 | train_loss=116.7632 | test_loss=19.7036 | test_acc=0.8781
2026-04-02 13:42:16,439 | INFO | stage2_run4 | Epoch 131 | train_loss=116.6994 | test_loss=19.5606 | test_acc=0.8808
2026-04-02 13:42:33,609 | INFO | stage2_run4 | Epoch 132 | train_loss=116.1947 | test_loss=19.7579 | test_acc=0.8817
2026-04-02 13:42:50,958 | INFO | stage2_run4 | Epoch 133 | train_loss=115.8200 | test_loss=19.6424 | test_acc=0.8928
2026-04-02 13:43:06,081 | INFO | stage2_run4 | Epoch 134 | train_loss=115.7952 | test_loss=19.6688 | test_acc=0.8912
2026-04-02 13:43:21,962 | INFO | stage2_run4 | Epoch 135 | train_loss=116.6612 | test_loss=19.9547 | test_acc=0.8619
2026-04-02 13:43:37,815 | INFO | stage2_run4 | Epoch 136 | train_loss=116.2739 | test_loss=19.9352 | test_acc=0.8795
2026-04-02 13:43:53,267 | INFO | stage2_run4 | Epoch 137 | train_loss=116.0943 | test_loss=19.6166 | test_acc=0.8871
2026-04-02 13:44:11,028 | INFO | stage2_run4 | Epoch 138 | train_loss=115.6202 | test_loss=19.4850 | test_acc=0.8992
2026-04-02 13:44:26,508 | INFO | stage2_run4 | Epoch 139 | train_loss=115.9026 | test_loss=19.6558 | test_acc=0.8984
2026-04-02 13:44:41,780 | INFO | stage2_run4 | Epoch 140 | train_loss=115.6376 | test_loss=19.4866 | test_acc=0.9095
2026-04-02 13:44:57,958 | INFO | stage2_run4 | Epoch 141 | train_loss=115.7333 | test_loss=20.1076 | test_acc=0.8783
2026-04-02 13:45:13,912 | INFO | stage2_run4 | Epoch 142 | train_loss=115.9750 | test_loss=19.8007 | test_acc=0.8713
2026-04-02 13:45:29,893 | INFO | stage2_run4 | Epoch 143 | train_loss=115.8394 | test_loss=19.4996 | test_acc=0.9091
2026-04-02 13:45:45,605 | INFO | stage2_run4 | Epoch 144 | train_loss=115.0979 | test_loss=19.4752 | test_acc=0.8929
2026-04-02 13:46:01,445 | INFO | stage2_run4 | Epoch 145 | train_loss=115.0961 | test_loss=19.5693 | test_acc=0.9046
2026-04-02 13:46:19,163 | INFO | stage2_run4 | Epoch 146 | train_loss=115.2320 | test_loss=19.5469 | test_acc=0.8957
2026-04-02 13:46:36,011 | INFO | stage2_run4 | Epoch 147 | train_loss=115.3205 | test_loss=19.4999 | test_acc=0.8967
2026-04-02 13:46:51,147 | INFO | stage2_run4 | Epoch 148 | train_loss=116.3974 | test_loss=20.3196 | test_acc=0.8731
2026-04-02 13:47:07,122 | INFO | stage2_run4 | Epoch 149 | train_loss=116.1470 | test_loss=19.8990 | test_acc=0.8874
2026-04-02 13:47:23,606 | INFO | stage2_run4 | Epoch 150 | train_loss=115.0142 | test_loss=20.0263 | test_acc=0.8760
2026-04-02 13:47:38,738 | INFO | stage2_run4 | Epoch 151 | train_loss=115.6818 | test_loss=19.7717 | test_acc=0.8929
2026-04-02 13:47:53,233 | INFO | stage2_run4 | Epoch 152 | train_loss=116.5177 | test_loss=19.9448 | test_acc=0.8775
2026-04-02 13:48:08,039 | INFO | stage2_run4 | Epoch 153 | train_loss=115.7450 | test_loss=19.4461 | test_acc=0.8960
2026-04-02 13:48:23,397 | INFO | stage2_run4 | Epoch 154 | train_loss=115.6430 | test_loss=19.6380 | test_acc=0.9145
2026-04-02 13:48:38,912 | INFO | stage2_run4 | Epoch 155 | train_loss=115.5442 | test_loss=19.8363 | test_acc=0.9178
2026-04-02 13:48:55,029 | INFO | stage2_run4 | Epoch 156 | train_loss=115.6416 | test_loss=19.7626 | test_acc=0.9020
2026-04-02 13:49:11,568 | INFO | stage2_run4 | Epoch 157 | train_loss=115.8815 | test_loss=19.4538 | test_acc=0.9151
2026-04-02 13:49:28,406 | INFO | stage2_run4 | Epoch 158 | train_loss=115.9477 | test_loss=19.8022 | test_acc=0.8946
2026-04-02 13:49:45,206 | INFO | stage2_run4 | Epoch 159 | train_loss=115.9145 | test_loss=19.5096 | test_acc=0.9023
2026-04-02 13:50:00,481 | INFO | stage2_run4 | Epoch 160 | train_loss=115.2535 | test_loss=19.4297 | test_acc=0.8942
2026-04-02 13:50:16,245 | INFO | stage2_run4 | Epoch 161 | train_loss=114.8763 | test_loss=19.4969 | test_acc=0.8965
2026-04-02 13:50:31,500 | INFO | stage2_run4 | Epoch 162 | train_loss=114.8268 | test_loss=20.3379 | test_acc=0.8743
2026-04-02 13:50:47,726 | INFO | stage2_run4 | Epoch 163 | train_loss=116.4550 | test_loss=19.6289 | test_acc=0.8855
2026-04-02 13:51:03,790 | INFO | stage2_run4 | Epoch 164 | train_loss=118.0408 | test_loss=19.8527 | test_acc=0.8819
2026-04-02 13:51:20,184 | INFO | stage2_run4 | Epoch 165 | train_loss=115.6485 | test_loss=19.5928 | test_acc=0.9046
2026-04-02 13:51:35,783 | INFO | stage2_run4 | Epoch 166 | train_loss=115.7341 | test_loss=20.1393 | test_acc=0.9125
2026-04-02 13:51:51,417 | INFO | stage2_run4 | Epoch 167 | train_loss=115.8888 | test_loss=19.8752 | test_acc=0.8957
2026-04-02 13:52:06,773 | INFO | stage2_run4 | Epoch 168 | train_loss=115.1400 | test_loss=19.7470 | test_acc=0.9155
2026-04-02 13:52:22,105 | INFO | stage2_run4 | Epoch 169 | train_loss=116.1267 | test_loss=19.9207 | test_acc=0.8914
2026-04-02 13:52:38,724 | INFO | stage2_run4 | Epoch 170 | train_loss=115.0118 | test_loss=19.6245 | test_acc=0.9196
2026-04-02 13:52:54,172 | INFO | stage2_run4 | Epoch 171 | train_loss=115.6953 | test_loss=19.9248 | test_acc=0.9108
2026-04-02 13:53:10,114 | INFO | stage2_run4 | Epoch 172 | train_loss=115.2931 | test_loss=19.5825 | test_acc=0.8932
2026-04-02 13:53:25,465 | INFO | stage2_run4 | Epoch 173 | train_loss=115.9010 | test_loss=19.8155 | test_acc=0.9142
2026-04-02 13:53:41,370 | INFO | stage2_run4 | Epoch 174 | train_loss=116.4659 | test_loss=19.8604 | test_acc=0.9200
2026-04-02 13:53:56,509 | INFO | stage2_run4 | Epoch 175 | train_loss=118.0007 | test_loss=20.4143 | test_acc=0.8773
2026-04-02 13:54:11,860 | INFO | stage2_run4 | Epoch 176 | train_loss=115.4579 | test_loss=19.5963 | test_acc=0.8966
2026-04-02 13:54:28,159 | INFO | stage2_run4 | Epoch 177 | train_loss=115.5292 | test_loss=19.4838 | test_acc=0.9181
2026-04-02 13:54:44,272 | INFO | stage2_run4 | Epoch 178 | train_loss=116.1306 | test_loss=19.4267 | test_acc=0.9160
2026-04-02 13:55:00,035 | INFO | stage2_run4 | Epoch 179 | train_loss=115.0969 | test_loss=19.7160 | test_acc=0.9005
2026-04-02 13:55:19,820 | INFO | stage2_run4 | Epoch 180 | train_loss=114.7041 | test_loss=19.6204 | test_acc=0.8974
2026-04-02 13:55:36,115 | INFO | stage2_run4 | Epoch 181 | train_loss=114.0930 | test_loss=19.3397 | test_acc=0.8899
2026-04-02 13:55:51,539 | INFO | stage2_run4 | Epoch 182 | train_loss=115.1608 | test_loss=19.5090 | test_acc=0.9130
2026-04-02 13:56:09,009 | INFO | stage2_run4 | Epoch 183 | train_loss=114.7321 | test_loss=19.6073 | test_acc=0.9072
2026-04-02 13:56:24,157 | INFO | stage2_run4 | Epoch 184 | train_loss=116.8079 | test_loss=19.7294 | test_acc=0.9317
2026-04-02 13:56:39,111 | INFO | stage2_run4 | Epoch 185 | train_loss=117.4086 | test_loss=19.6513 | test_acc=0.9318
2026-04-02 13:56:54,174 | INFO | stage2_run4 | Epoch 186 | train_loss=115.6760 | test_loss=19.7936 | test_acc=0.8960
2026-04-02 13:57:09,868 | INFO | stage2_run4 | Epoch 187 | train_loss=116.3529 | test_loss=19.7278 | test_acc=0.9200
2026-04-02 13:57:25,672 | INFO | stage2_run4 | Epoch 188 | train_loss=114.8971 | test_loss=19.4328 | test_acc=0.9001
2026-04-02 13:57:41,487 | INFO | stage2_run4 | Epoch 189 | train_loss=115.0361 | test_loss=19.5910 | test_acc=0.9303
2026-04-02 13:57:57,888 | INFO | stage2_run4 | Epoch 190 | train_loss=114.7905 | test_loss=19.8599 | test_acc=0.8893
2026-04-02 13:58:13,359 | INFO | stage2_run4 | Epoch 191 | train_loss=115.8038 | test_loss=19.6337 | test_acc=0.9106
2026-04-02 13:58:28,052 | INFO | stage2_run4 | Epoch 192 | train_loss=115.1927 | test_loss=19.5223 | test_acc=0.9040
2026-04-02 13:58:43,514 | INFO | stage2_run4 | Epoch 193 | train_loss=114.7954 | test_loss=19.7576 | test_acc=0.8959
2026-04-02 13:59:00,668 | INFO | stage2_run4 | Epoch 194 | train_loss=115.2809 | test_loss=19.5266 | test_acc=0.8881
2026-04-02 13:59:15,881 | INFO | stage2_run4 | Epoch 195 | train_loss=114.4046 | test_loss=19.4310 | test_acc=0.8842
2026-04-02 13:59:34,231 | INFO | stage2_run4 | Epoch 196 | train_loss=115.6358 | test_loss=19.2917 | test_acc=0.9046
2026-04-02 13:59:50,334 | INFO | stage2_run4 | Epoch 197 | train_loss=115.3054 | test_loss=19.9194 | test_acc=0.8588
2026-04-02 14:00:06,218 | INFO | stage2_run4 | Epoch 198 | train_loss=115.3360 | test_loss=19.8540 | test_acc=0.8930
2026-04-02 14:00:21,747 | INFO | stage2_run4 | Epoch 199 | train_loss=116.1754 | test_loss=19.5092 | test_acc=0.8965
2026-04-02 14:00:37,388 | INFO | stage2_run4 | Epoch 200 | train_loss=115.7551 | test_loss=19.7497 | test_acc=0.8960
2026-04-02 14:00:53,437 | INFO | stage2_run5 | Epoch 001 | train_loss=244.6066 | test_loss=36.3341 | test_acc=0.4482
2026-04-02 14:01:08,471 | INFO | stage2_run5 | Epoch 002 | train_loss=202.7385 | test_loss=32.7278 | test_acc=0.4947
2026-04-02 14:01:24,058 | INFO | stage2_run5 | Epoch 003 | train_loss=188.3384 | test_loss=31.2658 | test_acc=0.5311
2026-04-02 14:01:39,735 | INFO | stage2_run5 | Epoch 004 | train_loss=181.2841 | test_loss=30.2385 | test_acc=0.5224
2026-04-02 14:01:55,172 | INFO | stage2_run5 | Epoch 005 | train_loss=176.5477 | test_loss=29.4847 | test_acc=0.5632
2026-04-02 14:02:09,878 | INFO | stage2_run5 | Epoch 006 | train_loss=172.0769 | test_loss=28.7620 | test_acc=0.5864
2026-04-02 14:02:24,712 | INFO | stage2_run5 | Epoch 007 | train_loss=168.1230 | test_loss=28.4703 | test_acc=0.5733
2026-04-02 14:02:39,736 | INFO | stage2_run5 | Epoch 008 | train_loss=165.2508 | test_loss=28.0850 | test_acc=0.6399
2026-04-02 14:02:54,710 | INFO | stage2_run5 | Epoch 009 | train_loss=162.8973 | test_loss=27.3635 | test_acc=0.6745
2026-04-02 14:03:09,927 | INFO | stage2_run5 | Epoch 010 | train_loss=160.6921 | test_loss=27.0443 | test_acc=0.6511
2026-04-02 14:03:26,042 | INFO | stage2_run5 | Epoch 011 | train_loss=158.0756 | test_loss=26.6679 | test_acc=0.6997
2026-04-02 14:03:40,946 | INFO | stage2_run5 | Epoch 012 | train_loss=156.6548 | test_loss=26.2987 | test_acc=0.7094
2026-04-02 14:03:57,424 | INFO | stage2_run5 | Epoch 013 | train_loss=155.2296 | test_loss=26.0099 | test_acc=0.6834
2026-04-02 14:04:13,583 | INFO | stage2_run5 | Epoch 014 | train_loss=153.1065 | test_loss=25.8660 | test_acc=0.7149
2026-04-02 14:04:29,631 | INFO | stage2_run5 | Epoch 015 | train_loss=151.3834 | test_loss=25.6626 | test_acc=0.7156
2026-04-02 14:04:46,967 | INFO | stage2_run5 | Epoch 016 | train_loss=150.6233 | test_loss=25.7762 | test_acc=0.6741
2026-04-02 14:05:06,773 | INFO | stage2_run5 | Epoch 017 | train_loss=149.1403 | test_loss=25.3490 | test_acc=0.6673
2026-04-02 14:05:23,781 | INFO | stage2_run5 | Epoch 018 | train_loss=147.6710 | test_loss=24.7554 | test_acc=0.7282
2026-04-02 14:05:44,446 | INFO | stage2_run5 | Epoch 019 | train_loss=146.9170 | test_loss=25.0140 | test_acc=0.7979
2026-04-02 14:06:02,179 | INFO | stage2_run5 | Epoch 020 | train_loss=145.7643 | test_loss=24.6820 | test_acc=0.6999
2026-04-02 14:06:18,518 | INFO | stage2_run5 | Epoch 021 | train_loss=144.7669 | test_loss=24.3421 | test_acc=0.7809
2026-04-02 14:06:33,779 | INFO | stage2_run5 | Epoch 022 | train_loss=144.1672 | test_loss=24.3535 | test_acc=0.7946
2026-04-02 14:06:50,696 | INFO | stage2_run5 | Epoch 023 | train_loss=144.1059 | test_loss=24.1973 | test_acc=0.7917
2026-04-02 14:07:07,084 | INFO | stage2_run5 | Epoch 024 | train_loss=142.7029 | test_loss=24.1849 | test_acc=0.7841
2026-04-02 14:07:22,499 | INFO | stage2_run5 | Epoch 025 | train_loss=141.5336 | test_loss=23.9091 | test_acc=0.7437
2026-04-02 14:07:38,693 | INFO | stage2_run5 | Epoch 026 | train_loss=141.3117 | test_loss=23.7701 | test_acc=0.7811
2026-04-02 14:07:54,086 | INFO | stage2_run5 | Epoch 027 | train_loss=140.4522 | test_loss=23.8287 | test_acc=0.7641
2026-04-02 14:08:09,319 | INFO | stage2_run5 | Epoch 028 | train_loss=140.5066 | test_loss=24.1017 | test_acc=0.7306
2026-04-02 14:08:24,078 | INFO | stage2_run5 | Epoch 029 | train_loss=140.3264 | test_loss=24.0389 | test_acc=0.8251
2026-04-02 14:08:38,658 | INFO | stage2_run5 | Epoch 030 | train_loss=140.1031 | test_loss=23.2712 | test_acc=0.8160
2026-04-02 14:08:55,500 | INFO | stage2_run5 | Epoch 031 | train_loss=138.2499 | test_loss=23.5213 | test_acc=0.8490
2026-04-02 14:09:12,113 | INFO | stage2_run5 | Epoch 032 | train_loss=139.0546 | test_loss=23.2822 | test_acc=0.8154
2026-04-02 14:09:30,139 | INFO | stage2_run5 | Epoch 033 | train_loss=137.6968 | test_loss=23.2989 | test_acc=0.8243
2026-04-02 14:09:47,192 | INFO | stage2_run5 | Epoch 034 | train_loss=137.3576 | test_loss=23.4133 | test_acc=0.7924
2026-04-02 14:10:02,997 | INFO | stage2_run5 | Epoch 035 | train_loss=137.5455 | test_loss=23.1284 | test_acc=0.8140
2026-04-02 14:10:18,728 | INFO | stage2_run5 | Epoch 036 | train_loss=136.7251 | test_loss=23.5191 | test_acc=0.7559
2026-04-02 14:10:35,764 | INFO | stage2_run5 | Epoch 037 | train_loss=136.3999 | test_loss=22.8525 | test_acc=0.8423
2026-04-02 14:10:53,671 | INFO | stage2_run5 | Epoch 038 | train_loss=135.7355 | test_loss=23.2697 | test_acc=0.7815
2026-04-02 14:11:11,526 | INFO | stage2_run5 | Epoch 039 | train_loss=135.3578 | test_loss=23.0133 | test_acc=0.8072
2026-04-02 14:11:27,371 | INFO | stage2_run5 | Epoch 040 | train_loss=135.7405 | test_loss=22.8188 | test_acc=0.8199
2026-04-02 14:11:44,560 | INFO | stage2_run5 | Epoch 041 | train_loss=134.5914 | test_loss=22.8622 | test_acc=0.8270
2026-04-02 14:11:59,801 | INFO | stage2_run5 | Epoch 042 | train_loss=134.3405 | test_loss=22.6592 | test_acc=0.7976
2026-04-02 14:12:17,230 | INFO | stage2_run5 | Epoch 043 | train_loss=134.4043 | test_loss=22.7008 | test_acc=0.8487
2026-04-02 14:12:35,743 | INFO | stage2_run5 | Epoch 044 | train_loss=134.3108 | test_loss=23.2800 | test_acc=0.8266
2026-04-02 14:12:52,118 | INFO | stage2_run5 | Epoch 045 | train_loss=133.6586 | test_loss=22.5571 | test_acc=0.8519
2026-04-02 14:13:06,770 | INFO | stage2_run5 | Epoch 046 | train_loss=133.4869 | test_loss=22.6526 | test_acc=0.8304
2026-04-02 14:13:21,933 | INFO | stage2_run5 | Epoch 047 | train_loss=132.9761 | test_loss=22.5599 | test_acc=0.8336
2026-04-02 14:13:37,659 | INFO | stage2_run5 | Epoch 048 | train_loss=133.3781 | test_loss=22.3956 | test_acc=0.8405
2026-04-02 14:13:54,546 | INFO | stage2_run5 | Epoch 049 | train_loss=132.2216 | test_loss=22.4075 | test_acc=0.8372
2026-04-02 14:14:11,139 | INFO | stage2_run5 | Epoch 050 | train_loss=131.4880 | test_loss=22.6519 | test_acc=0.8500
2026-04-02 14:14:28,284 | INFO | stage2_run5 | Epoch 051 | train_loss=131.2925 | test_loss=22.6239 | test_acc=0.8238
2026-04-02 14:14:44,010 | INFO | stage2_run5 | Epoch 052 | train_loss=131.3085 | test_loss=21.9996 | test_acc=0.8301
2026-04-02 14:14:59,645 | INFO | stage2_run5 | Epoch 053 | train_loss=130.6891 | test_loss=21.9754 | test_acc=0.8672
2026-04-02 14:15:15,569 | INFO | stage2_run5 | Epoch 054 | train_loss=130.0150 | test_loss=21.8627 | test_acc=0.8638
2026-04-02 14:15:31,472 | INFO | stage2_run5 | Epoch 055 | train_loss=129.6954 | test_loss=22.0188 | test_acc=0.8273
2026-04-02 14:15:47,483 | INFO | stage2_run5 | Epoch 056 | train_loss=129.5497 | test_loss=22.2966 | test_acc=0.8472
2026-04-02 14:16:02,468 | INFO | stage2_run5 | Epoch 057 | train_loss=130.1171 | test_loss=22.3774 | test_acc=0.8752
2026-04-02 14:16:17,462 | INFO | stage2_run5 | Epoch 058 | train_loss=129.1749 | test_loss=21.9917 | test_acc=0.8522
2026-04-02 14:16:32,224 | INFO | stage2_run5 | Epoch 059 | train_loss=129.1277 | test_loss=21.9755 | test_acc=0.8483
2026-04-02 14:16:47,713 | INFO | stage2_run5 | Epoch 060 | train_loss=128.9477 | test_loss=21.9290 | test_acc=0.8328
2026-04-02 14:17:02,683 | INFO | stage2_run5 | Epoch 061 | train_loss=128.5581 | test_loss=21.9913 | test_acc=0.8406
2026-04-02 14:17:22,155 | INFO | stage2_run5 | Epoch 062 | train_loss=130.0019 | test_loss=22.0273 | test_acc=0.8454
2026-04-02 14:17:39,372 | INFO | stage2_run5 | Epoch 063 | train_loss=129.0930 | test_loss=21.7044 | test_acc=0.8496
2026-04-02 14:17:54,952 | INFO | stage2_run5 | Epoch 064 | train_loss=127.4532 | test_loss=21.5974 | test_acc=0.8397
2026-04-02 14:18:11,180 | INFO | stage2_run5 | Epoch 065 | train_loss=128.2996 | test_loss=21.7690 | test_acc=0.8669
2026-04-02 14:18:26,710 | INFO | stage2_run5 | Epoch 066 | train_loss=127.9663 | test_loss=22.4021 | test_acc=0.7998
2026-04-02 14:18:41,914 | INFO | stage2_run5 | Epoch 067 | train_loss=128.6926 | test_loss=21.6073 | test_acc=0.8258
2026-04-02 14:18:56,876 | INFO | stage2_run5 | Epoch 068 | train_loss=128.0947 | test_loss=21.7328 | test_acc=0.7986
2026-04-02 14:19:12,619 | INFO | stage2_run5 | Epoch 069 | train_loss=127.9981 | test_loss=21.7938 | test_acc=0.8532
2026-04-02 14:19:27,952 | INFO | stage2_run5 | Epoch 070 | train_loss=127.2145 | test_loss=21.4337 | test_acc=0.8195
2026-04-02 14:19:43,754 | INFO | stage2_run5 | Epoch 071 | train_loss=128.1517 | test_loss=21.4453 | test_acc=0.8307
2026-04-02 14:19:59,738 | INFO | stage2_run5 | Epoch 072 | train_loss=126.9952 | test_loss=21.4493 | test_acc=0.8260
2026-04-02 14:20:14,927 | INFO | stage2_run5 | Epoch 073 | train_loss=127.2619 | test_loss=21.4740 | test_acc=0.8636
2026-04-02 14:20:30,657 | INFO | stage2_run5 | Epoch 074 | train_loss=127.2852 | test_loss=21.5342 | test_acc=0.8468
2026-04-02 14:20:45,995 | INFO | stage2_run5 | Epoch 075 | train_loss=126.7760 | test_loss=21.5381 | test_acc=0.8329
2026-04-02 14:21:02,064 | INFO | stage2_run5 | Epoch 076 | train_loss=127.4977 | test_loss=21.4338 | test_acc=0.8340
2026-04-02 14:21:18,588 | INFO | stage2_run5 | Epoch 077 | train_loss=126.5530 | test_loss=21.6602 | test_acc=0.8911
2026-04-02 14:21:33,226 | INFO | stage2_run5 | Epoch 078 | train_loss=126.9035 | test_loss=21.4391 | test_acc=0.8211
2026-04-02 14:21:49,335 | INFO | stage2_run5 | Epoch 079 | train_loss=126.7586 | test_loss=21.5488 | test_acc=0.8375
2026-04-02 14:22:04,397 | INFO | stage2_run5 | Epoch 080 | train_loss=127.8245 | test_loss=21.6270 | test_acc=0.8317
2026-04-02 14:22:19,412 | INFO | stage2_run5 | Epoch 081 | train_loss=126.2329 | test_loss=21.4157 | test_acc=0.8424
2026-04-02 14:22:34,701 | INFO | stage2_run5 | Epoch 082 | train_loss=126.7892 | test_loss=21.3593 | test_acc=0.8693
2026-04-02 14:22:50,632 | INFO | stage2_run5 | Epoch 083 | train_loss=126.2852 | test_loss=21.7368 | test_acc=0.8548
2026-04-02 14:23:05,733 | INFO | stage2_run5 | Epoch 084 | train_loss=125.9867 | test_loss=21.5495 | test_acc=0.8827
2026-04-02 14:23:21,520 | INFO | stage2_run5 | Epoch 085 | train_loss=127.0862 | test_loss=21.8800 | test_acc=0.8280
2026-04-02 14:23:38,925 | INFO | stage2_run5 | Epoch 086 | train_loss=126.5916 | test_loss=21.2962 | test_acc=0.8398
2026-04-02 14:23:56,188 | INFO | stage2_run5 | Epoch 087 | train_loss=126.2988 | test_loss=21.3483 | test_acc=0.8466
2026-04-02 14:24:14,595 | INFO | stage2_run5 | Epoch 088 | train_loss=127.0596 | test_loss=21.9726 | test_acc=0.8125
2026-04-02 14:24:30,162 | INFO | stage2_run5 | Epoch 089 | train_loss=124.9471 | test_loss=21.2389 | test_acc=0.8399
2026-04-02 14:24:44,973 | INFO | stage2_run5 | Epoch 090 | train_loss=125.7755 | test_loss=21.2260 | test_acc=0.8871
2026-04-02 14:25:01,706 | INFO | stage2_run5 | Epoch 091 | train_loss=124.9778 | test_loss=21.2817 | test_acc=0.8615
2026-04-02 14:25:18,220 | INFO | stage2_run5 | Epoch 092 | train_loss=125.7170 | test_loss=21.9953 | test_acc=0.7806
2026-04-02 14:25:34,932 | INFO | stage2_run5 | Epoch 093 | train_loss=124.9324 | test_loss=21.1211 | test_acc=0.8507
2026-04-02 14:25:53,495 | INFO | stage2_run5 | Epoch 094 | train_loss=125.4219 | test_loss=21.0374 | test_acc=0.8432
2026-04-02 14:26:10,470 | INFO | stage2_run5 | Epoch 095 | train_loss=124.3149 | test_loss=21.4646 | test_acc=0.8675
2026-04-02 14:26:26,907 | INFO | stage2_run5 | Epoch 096 | train_loss=125.0516 | test_loss=21.7596 | test_acc=0.8665
2026-04-02 14:26:44,312 | INFO | stage2_run5 | Epoch 097 | train_loss=126.0566 | test_loss=21.7047 | test_acc=0.8889
2026-04-02 14:27:02,805 | INFO | stage2_run5 | Epoch 098 | train_loss=124.8143 | test_loss=21.2434 | test_acc=0.8670
2026-04-02 14:27:19,013 | INFO | stage2_run5 | Epoch 099 | train_loss=125.0699 | test_loss=21.9827 | test_acc=0.8363
2026-04-02 14:27:35,946 | INFO | stage2_run5 | Epoch 100 | train_loss=125.3986 | test_loss=21.9397 | test_acc=0.8456
2026-04-02 14:27:55,309 | INFO | stage2_run5 | Epoch 101 | train_loss=126.0799 | test_loss=21.3618 | test_acc=0.8523
2026-04-02 14:28:13,849 | INFO | stage2_run5 | Epoch 102 | train_loss=126.3773 | test_loss=21.4911 | test_acc=0.8870
2026-04-02 14:28:28,702 | INFO | stage2_run5 | Epoch 103 | train_loss=125.6968 | test_loss=20.9723 | test_acc=0.8666
2026-04-02 14:28:44,106 | INFO | stage2_run5 | Epoch 104 | train_loss=125.1706 | test_loss=21.1645 | test_acc=0.8923
2026-04-02 14:28:59,570 | INFO | stage2_run5 | Epoch 105 | train_loss=124.7684 | test_loss=21.4856 | test_acc=0.8522
2026-04-02 14:29:16,652 | INFO | stage2_run5 | Epoch 106 | train_loss=124.6450 | test_loss=21.0538 | test_acc=0.8171
2026-04-02 14:29:31,849 | INFO | stage2_run5 | Epoch 107 | train_loss=124.2972 | test_loss=21.0917 | test_acc=0.8496
2026-04-02 14:29:46,772 | INFO | stage2_run5 | Epoch 108 | train_loss=124.6603 | test_loss=21.1234 | test_acc=0.8572
2026-04-02 14:30:03,329 | INFO | stage2_run5 | Epoch 109 | train_loss=124.4898 | test_loss=21.5597 | test_acc=0.8128
2026-04-02 14:30:19,131 | INFO | stage2_run5 | Epoch 110 | train_loss=125.1359 | test_loss=21.5792 | test_acc=0.8443
2026-04-02 14:30:34,790 | INFO | stage2_run5 | Epoch 111 | train_loss=124.5561 | test_loss=21.1993 | test_acc=0.8322
2026-04-02 14:30:53,168 | INFO | stage2_run5 | Epoch 112 | train_loss=124.6046 | test_loss=21.4718 | test_acc=0.8107
2026-04-02 14:31:08,508 | INFO | stage2_run5 | Epoch 113 | train_loss=124.9094 | test_loss=20.8368 | test_acc=0.8675
2026-04-02 14:31:23,557 | INFO | stage2_run5 | Epoch 114 | train_loss=124.8805 | test_loss=21.0555 | test_acc=0.8914
2026-04-02 14:31:39,174 | INFO | stage2_run5 | Epoch 115 | train_loss=123.6087 | test_loss=21.1253 | test_acc=0.8634
2026-04-02 14:31:54,425 | INFO | stage2_run5 | Epoch 116 | train_loss=123.6968 | test_loss=21.2027 | test_acc=0.8531
2026-04-02 14:32:11,527 | INFO | stage2_run5 | Epoch 117 | train_loss=124.2549 | test_loss=20.9197 | test_acc=0.9051
2026-04-02 14:32:27,993 | INFO | stage2_run5 | Epoch 118 | train_loss=123.9623 | test_loss=21.2308 | test_acc=0.8037
2026-04-02 14:32:42,960 | INFO | stage2_run5 | Epoch 119 | train_loss=123.8385 | test_loss=21.5225 | test_acc=0.8555
2026-04-02 14:32:59,819 | INFO | stage2_run5 | Epoch 120 | train_loss=125.0098 | test_loss=21.1874 | test_acc=0.8541
2026-04-02 14:33:15,089 | INFO | stage2_run5 | Epoch 121 | train_loss=124.2633 | test_loss=21.4798 | test_acc=0.8225
2026-04-02 14:33:31,433 | INFO | stage2_run5 | Epoch 122 | train_loss=125.1208 | test_loss=20.8840 | test_acc=0.8444
2026-04-02 14:33:47,313 | INFO | stage2_run5 | Epoch 123 | train_loss=124.2975 | test_loss=20.9330 | test_acc=0.8246
2026-04-02 14:34:04,006 | INFO | stage2_run5 | Epoch 124 | train_loss=124.3076 | test_loss=21.5174 | test_acc=0.8730
2026-04-02 14:34:19,999 | INFO | stage2_run5 | Epoch 125 | train_loss=123.2900 | test_loss=20.8123 | test_acc=0.8721
2026-04-02 14:34:36,516 | INFO | stage2_run5 | Epoch 126 | train_loss=123.7748 | test_loss=21.0878 | test_acc=0.8379
2026-04-02 14:34:51,673 | INFO | stage2_run5 | Epoch 127 | train_loss=123.7389 | test_loss=21.3146 | test_acc=0.8974
2026-04-02 14:35:07,149 | INFO | stage2_run5 | Epoch 128 | train_loss=124.7401 | test_loss=21.0419 | test_acc=0.8594
2026-04-02 14:35:23,730 | INFO | stage2_run5 | Epoch 129 | train_loss=124.1822 | test_loss=20.9051 | test_acc=0.8634
2026-04-02 14:35:42,082 | INFO | stage2_run5 | Epoch 130 | train_loss=123.0378 | test_loss=21.0068 | test_acc=0.8471
2026-04-02 14:35:56,778 | INFO | stage2_run5 | Epoch 131 | train_loss=124.2655 | test_loss=20.9895 | test_acc=0.8730
2026-04-02 14:36:13,118 | INFO | stage2_run5 | Epoch 132 | train_loss=123.4117 | test_loss=20.7725 | test_acc=0.8754
2026-04-02 14:36:30,260 | INFO | stage2_run5 | Epoch 133 | train_loss=124.2903 | test_loss=20.9982 | test_acc=0.9053
2026-04-02 14:36:46,872 | INFO | stage2_run5 | Epoch 134 | train_loss=124.0178 | test_loss=20.7953 | test_acc=0.8637
2026-04-02 14:37:02,668 | INFO | stage2_run5 | Epoch 135 | train_loss=123.4936 | test_loss=20.7435 | test_acc=0.8974
2026-04-02 14:37:19,078 | INFO | stage2_run5 | Epoch 136 | train_loss=124.8527 | test_loss=20.9479 | test_acc=0.8425
2026-04-02 14:37:34,235 | INFO | stage2_run5 | Epoch 137 | train_loss=123.3785 | test_loss=21.0148 | test_acc=0.8131
2026-04-02 14:37:49,828 | INFO | stage2_run5 | Epoch 138 | train_loss=123.8734 | test_loss=21.1663 | test_acc=0.8362
2026-04-02 14:38:04,998 | INFO | stage2_run5 | Epoch 139 | train_loss=123.1243 | test_loss=20.9348 | test_acc=0.8666
2026-04-02 14:38:21,544 | INFO | stage2_run5 | Epoch 140 | train_loss=124.4214 | test_loss=21.1695 | test_acc=0.8735
2026-04-02 14:38:37,375 | INFO | stage2_run5 | Epoch 141 | train_loss=122.9951 | test_loss=21.0633 | test_acc=0.8387
2026-04-02 14:38:52,238 | INFO | stage2_run5 | Epoch 142 | train_loss=123.4694 | test_loss=20.6655 | test_acc=0.8533
2026-04-02 14:39:07,980 | INFO | stage2_run5 | Epoch 143 | train_loss=122.6950 | test_loss=20.9582 | test_acc=0.8078
2026-04-02 14:39:24,862 | INFO | stage2_run5 | Epoch 144 | train_loss=123.0671 | test_loss=21.0314 | test_acc=0.8217
2026-04-02 14:39:40,311 | INFO | stage2_run5 | Epoch 145 | train_loss=122.3929 | test_loss=20.9391 | test_acc=0.8587
2026-04-02 14:39:55,481 | INFO | stage2_run5 | Epoch 146 | train_loss=122.9848 | test_loss=20.9056 | test_acc=0.8567
2026-04-02 14:40:13,995 | INFO | stage2_run5 | Epoch 147 | train_loss=122.7527 | test_loss=20.6560 | test_acc=0.8575
2026-04-02 14:40:31,602 | INFO | stage2_run5 | Epoch 148 | train_loss=122.1993 | test_loss=20.6086 | test_acc=0.8480
2026-04-02 14:40:47,604 | INFO | stage2_run5 | Epoch 149 | train_loss=123.1471 | test_loss=20.9672 | test_acc=0.8618
2026-04-02 14:41:02,816 | INFO | stage2_run5 | Epoch 150 | train_loss=122.3845 | test_loss=20.6902 | test_acc=0.8615
2026-04-02 14:41:19,691 | INFO | stage2_run5 | Epoch 151 | train_loss=122.0317 | test_loss=21.5326 | test_acc=0.8443
2026-04-02 14:41:36,253 | INFO | stage2_run5 | Epoch 152 | train_loss=123.0851 | test_loss=21.1680 | test_acc=0.8431
2026-04-02 14:41:54,382 | INFO | stage2_run5 | Epoch 153 | train_loss=123.4849 | test_loss=21.3845 | test_acc=0.8589
2026-04-02 14:42:09,912 | INFO | stage2_run5 | Epoch 154 | train_loss=122.9708 | test_loss=21.1569 | test_acc=0.8062
2026-04-02 14:42:24,979 | INFO | stage2_run5 | Epoch 155 | train_loss=122.7915 | test_loss=21.1893 | test_acc=0.9125
2026-04-02 14:42:40,145 | INFO | stage2_run5 | Epoch 156 | train_loss=122.8584 | test_loss=20.4068 | test_acc=0.9206
2026-04-02 14:42:55,239 | INFO | stage2_run5 | Epoch 157 | train_loss=122.2550 | test_loss=20.8858 | test_acc=0.8968
2026-04-02 14:43:10,311 | INFO | stage2_run5 | Epoch 158 | train_loss=122.6195 | test_loss=20.7567 | test_acc=0.9033
2026-04-02 14:43:25,439 | INFO | stage2_run5 | Epoch 159 | train_loss=122.2468 | test_loss=20.9738 | test_acc=0.9035
2026-04-02 14:43:40,715 | INFO | stage2_run5 | Epoch 160 | train_loss=122.2080 | test_loss=20.6433 | test_acc=0.8707
2026-04-02 14:43:56,419 | INFO | stage2_run5 | Epoch 161 | train_loss=121.9973 | test_loss=20.5609 | test_acc=0.8646
2026-04-02 14:44:11,239 | INFO | stage2_run5 | Epoch 162 | train_loss=123.5503 | test_loss=20.7424 | test_acc=0.8870
2026-04-02 14:44:26,605 | INFO | stage2_run5 | Epoch 163 | train_loss=122.0279 | test_loss=20.7546 | test_acc=0.8756
2026-04-02 14:44:41,631 | INFO | stage2_run5 | Epoch 164 | train_loss=123.2268 | test_loss=21.2546 | test_acc=0.8533
2026-04-02 14:44:57,119 | INFO | stage2_run5 | Epoch 165 | train_loss=123.1913 | test_loss=20.6757 | test_acc=0.8856
2026-04-02 14:45:13,187 | INFO | stage2_run5 | Epoch 166 | train_loss=122.8728 | test_loss=20.7468 | test_acc=0.8641
2026-04-02 14:45:29,038 | INFO | stage2_run5 | Epoch 167 | train_loss=121.7302 | test_loss=20.8860 | test_acc=0.8513
2026-04-02 14:45:47,182 | INFO | stage2_run5 | Epoch 168 | train_loss=122.9905 | test_loss=21.1143 | test_acc=0.8054
2026-04-02 14:46:02,860 | INFO | stage2_run5 | Epoch 169 | train_loss=123.0596 | test_loss=20.3872 | test_acc=0.8706
2026-04-02 14:46:18,412 | INFO | stage2_run5 | Epoch 170 | train_loss=121.8794 | test_loss=20.4765 | test_acc=0.8985
2026-04-02 14:46:34,422 | INFO | stage2_run5 | Epoch 171 | train_loss=121.5008 | test_loss=20.5693 | test_acc=0.8699
2026-04-02 14:46:50,051 | INFO | stage2_run5 | Epoch 172 | train_loss=121.5389 | test_loss=20.9470 | test_acc=0.8264
2026-04-02 14:47:05,168 | INFO | stage2_run5 | Epoch 173 | train_loss=121.7437 | test_loss=20.4987 | test_acc=0.9069
2026-04-02 14:47:20,702 | INFO | stage2_run5 | Epoch 174 | train_loss=122.3053 | test_loss=20.8421 | test_acc=0.8364
2026-04-02 14:47:36,967 | INFO | stage2_run5 | Epoch 175 | train_loss=122.0855 | test_loss=20.5420 | test_acc=0.8608
2026-04-02 14:47:52,799 | INFO | stage2_run5 | Epoch 176 | train_loss=122.2988 | test_loss=20.7747 | test_acc=0.8329
2026-04-02 14:48:08,300 | INFO | stage2_run5 | Epoch 177 | train_loss=121.7102 | test_loss=20.7384 | test_acc=0.8958
2026-04-02 14:48:25,032 | INFO | stage2_run5 | Epoch 178 | train_loss=122.1547 | test_loss=20.6929 | test_acc=0.8999
2026-04-02 14:48:41,383 | INFO | stage2_run5 | Epoch 179 | train_loss=123.6493 | test_loss=20.6044 | test_acc=0.9078
2026-04-02 14:48:58,400 | INFO | stage2_run5 | Epoch 180 | train_loss=121.7233 | test_loss=20.8523 | test_acc=0.8582
2026-04-02 14:49:15,614 | INFO | stage2_run5 | Epoch 181 | train_loss=122.2270 | test_loss=20.7055 | test_acc=0.9043
2026-04-02 14:49:31,992 | INFO | stage2_run5 | Epoch 182 | train_loss=122.2637 | test_loss=21.0527 | test_acc=0.8146
2026-04-02 14:49:48,241 | INFO | stage2_run5 | Epoch 183 | train_loss=121.4349 | test_loss=20.8387 | test_acc=0.8850
2026-04-02 14:50:03,043 | INFO | stage2_run5 | Epoch 184 | train_loss=122.0217 | test_loss=20.5411 | test_acc=0.8699
2026-04-02 14:50:18,380 | INFO | stage2_run5 | Epoch 185 | train_loss=122.4232 | test_loss=20.6180 | test_acc=0.9126
2026-04-02 14:50:33,381 | INFO | stage2_run5 | Epoch 186 | train_loss=122.3565 | test_loss=21.0647 | test_acc=0.8274
2026-04-02 14:50:49,228 | INFO | stage2_run5 | Epoch 187 | train_loss=121.3132 | test_loss=20.8673 | test_acc=0.8721
2026-04-02 14:51:06,538 | INFO | stage2_run5 | Epoch 188 | train_loss=121.3452 | test_loss=20.5279 | test_acc=0.8784
2026-04-02 14:51:23,265 | INFO | stage2_run5 | Epoch 189 | train_loss=121.7744 | test_loss=22.7184 | test_acc=0.8020
2026-04-02 14:51:39,506 | INFO | stage2_run5 | Epoch 190 | train_loss=121.8855 | test_loss=20.7718 | test_acc=0.8821
2026-04-02 14:51:55,847 | INFO | stage2_run5 | Epoch 191 | train_loss=122.0591 | test_loss=20.4374 | test_acc=0.9198
2026-04-02 14:52:10,850 | INFO | stage2_run5 | Epoch 192 | train_loss=121.1375 | test_loss=20.4652 | test_acc=0.8891
2026-04-02 14:52:26,281 | INFO | stage2_run5 | Epoch 193 | train_loss=121.1512 | test_loss=20.6174 | test_acc=0.8678
2026-04-02 14:52:41,202 | INFO | stage2_run5 | Epoch 194 | train_loss=121.0313 | test_loss=20.5338 | test_acc=0.9098
2026-04-02 14:52:57,027 | INFO | stage2_run5 | Epoch 195 | train_loss=121.0099 | test_loss=20.8991 | test_acc=0.9066
2026-04-02 14:53:12,597 | INFO | stage2_run5 | Epoch 196 | train_loss=121.9315 | test_loss=20.7335 | test_acc=0.8588
2026-04-02 14:53:27,747 | INFO | stage2_run5 | Epoch 197 | train_loss=121.4812 | test_loss=20.6411 | test_acc=0.9205
2026-04-02 14:53:43,128 | INFO | stage2_run5 | Epoch 198 | train_loss=122.1508 | test_loss=20.3985 | test_acc=0.9071
2026-04-02 14:53:58,265 | INFO | stage2_run5 | Epoch 199 | train_loss=121.1426 | test_loss=20.7457 | test_acc=0.8740
2026-04-02 14:54:15,293 | INFO | stage2_run5 | Epoch 200 | train_loss=123.1052 | test_loss=20.6931 | test_acc=0.8828
2026-04-02 14:54:15,571 | INFO | LSTM match | hidden_size=23 | trainable_params=5116 | target_params=5256
2026-04-02 14:54:27,241 | INFO | lstm_run1 | Epoch 001 | train_loss=260.9791 | test_loss=37.5836 | test_acc=0.3193
2026-04-02 14:54:38,052 | INFO | lstm_run1 | Epoch 002 | train_loss=168.0963 | test_loss=21.0318 | test_acc=0.5754
2026-04-02 14:54:48,438 | INFO | lstm_run1 | Epoch 003 | train_loss=106.1022 | test_loss=15.5661 | test_acc=0.6711
2026-04-02 14:54:59,213 | INFO | lstm_run1 | Epoch 004 | train_loss=80.6420 | test_loss=11.9267 | test_acc=0.7535
2026-04-02 14:55:09,058 | INFO | lstm_run1 | Epoch 005 | train_loss=63.4223 | test_loss=9.5958 | test_acc=0.7873
2026-04-02 14:55:18,531 | INFO | lstm_run1 | Epoch 006 | train_loss=52.3661 | test_loss=8.0988 | test_acc=0.8424
2026-04-02 14:55:28,645 | INFO | lstm_run1 | Epoch 007 | train_loss=44.5446 | test_loss=7.1238 | test_acc=0.8673
2026-04-02 14:55:38,376 | INFO | lstm_run1 | Epoch 008 | train_loss=38.9643 | test_loss=6.3322 | test_acc=0.8548
2026-04-02 14:55:48,330 | INFO | lstm_run1 | Epoch 009 | train_loss=35.0231 | test_loss=5.6107 | test_acc=0.8692
2026-04-02 14:55:59,685 | INFO | lstm_run1 | Epoch 010 | train_loss=31.7877 | test_loss=5.2821 | test_acc=0.8621
2026-04-02 14:56:09,974 | INFO | lstm_run1 | Epoch 011 | train_loss=29.2773 | test_loss=4.9495 | test_acc=0.8736
2026-04-02 14:56:20,276 | INFO | lstm_run1 | Epoch 012 | train_loss=27.2101 | test_loss=4.4550 | test_acc=0.9084
2026-04-02 14:56:29,816 | INFO | lstm_run1 | Epoch 013 | train_loss=25.4105 | test_loss=4.4408 | test_acc=0.8867
2026-04-02 14:56:40,036 | INFO | lstm_run1 | Epoch 014 | train_loss=23.9608 | test_loss=4.1081 | test_acc=0.9164
2026-04-02 14:56:49,710 | INFO | lstm_run1 | Epoch 015 | train_loss=22.7192 | test_loss=3.8545 | test_acc=0.9052
2026-04-02 14:56:59,869 | INFO | lstm_run1 | Epoch 016 | train_loss=21.8207 | test_loss=3.6182 | test_acc=0.9085
2026-04-02 14:57:10,341 | INFO | lstm_run1 | Epoch 017 | train_loss=20.4359 | test_loss=3.5715 | test_acc=0.9055
2026-04-02 14:57:20,329 | INFO | lstm_run1 | Epoch 018 | train_loss=20.1293 | test_loss=3.4938 | test_acc=0.9037
2026-04-02 14:57:29,876 | INFO | lstm_run1 | Epoch 019 | train_loss=19.0447 | test_loss=3.3021 | test_acc=0.9059
2026-04-02 14:57:40,001 | INFO | lstm_run1 | Epoch 020 | train_loss=18.1725 | test_loss=3.1182 | test_acc=0.9258
2026-04-02 14:57:50,138 | INFO | lstm_run1 | Epoch 021 | train_loss=17.6404 | test_loss=3.0889 | test_acc=0.9124
2026-04-02 14:57:59,889 | INFO | lstm_run1 | Epoch 022 | train_loss=16.8495 | test_loss=3.0521 | test_acc=0.9287
2026-04-02 14:58:10,032 | INFO | lstm_run1 | Epoch 023 | train_loss=16.5233 | test_loss=2.8447 | test_acc=0.9257
2026-04-02 14:58:21,118 | INFO | lstm_run1 | Epoch 024 | train_loss=15.7271 | test_loss=2.8864 | test_acc=0.9248
2026-04-02 14:58:31,844 | INFO | lstm_run1 | Epoch 025 | train_loss=15.2454 | test_loss=2.7630 | test_acc=0.9197
2026-04-02 14:58:42,557 | INFO | lstm_run1 | Epoch 026 | train_loss=14.9947 | test_loss=2.7711 | test_acc=0.9145
2026-04-02 14:58:53,136 | INFO | lstm_run1 | Epoch 027 | train_loss=14.6659 | test_loss=2.6837 | test_acc=0.9212
2026-04-02 14:59:03,978 | INFO | lstm_run1 | Epoch 028 | train_loss=14.3432 | test_loss=2.6573 | test_acc=0.9379
2026-04-02 14:59:14,302 | INFO | lstm_run1 | Epoch 029 | train_loss=13.8114 | test_loss=2.5666 | test_acc=0.9355
2026-04-02 14:59:25,041 | INFO | lstm_run1 | Epoch 030 | train_loss=13.4928 | test_loss=2.4899 | test_acc=0.9252
2026-04-02 14:59:35,300 | INFO | lstm_run1 | Epoch 031 | train_loss=13.3855 | test_loss=2.4569 | test_acc=0.9391
2026-04-02 14:59:45,285 | INFO | lstm_run1 | Epoch 032 | train_loss=12.9020 | test_loss=2.5386 | test_acc=0.9258
2026-04-02 14:59:55,518 | INFO | lstm_run1 | Epoch 033 | train_loss=12.4168 | test_loss=2.4667 | test_acc=0.9294
2026-04-02 15:00:07,041 | INFO | lstm_run1 | Epoch 034 | train_loss=12.5856 | test_loss=2.3190 | test_acc=0.9381
2026-04-02 15:00:18,025 | INFO | lstm_run1 | Epoch 035 | train_loss=11.8994 | test_loss=2.3473 | test_acc=0.9283
2026-04-02 15:00:29,281 | INFO | lstm_run1 | Epoch 036 | train_loss=12.2514 | test_loss=2.2844 | test_acc=0.9486
2026-04-02 15:00:40,774 | INFO | lstm_run1 | Epoch 037 | train_loss=11.9654 | test_loss=2.2877 | test_acc=0.9396
2026-04-02 15:00:51,339 | INFO | lstm_run1 | Epoch 038 | train_loss=11.2694 | test_loss=2.2239 | test_acc=0.9311
2026-04-02 15:01:01,673 | INFO | lstm_run1 | Epoch 039 | train_loss=11.1816 | test_loss=2.2993 | test_acc=0.9462
2026-04-02 15:01:12,155 | INFO | lstm_run1 | Epoch 040 | train_loss=11.0659 | test_loss=2.1876 | test_acc=0.9323
2026-04-02 15:01:22,113 | INFO | lstm_run1 | Epoch 041 | train_loss=10.7968 | test_loss=2.2729 | test_acc=0.9457
2026-04-02 15:01:32,588 | INFO | lstm_run1 | Epoch 042 | train_loss=10.7051 | test_loss=2.1473 | test_acc=0.9295
2026-04-02 15:01:42,717 | INFO | lstm_run1 | Epoch 043 | train_loss=10.2588 | test_loss=2.0909 | test_acc=0.9449
2026-04-02 15:01:53,048 | INFO | lstm_run1 | Epoch 044 | train_loss=10.2214 | test_loss=2.4488 | test_acc=0.9053
2026-04-02 15:02:02,830 | INFO | lstm_run1 | Epoch 045 | train_loss=10.3094 | test_loss=2.0882 | test_acc=0.9437
2026-04-02 15:02:13,918 | INFO | lstm_run1 | Epoch 046 | train_loss=9.8983 | test_loss=2.1206 | test_acc=0.9272
2026-04-02 15:02:23,355 | INFO | lstm_run1 | Epoch 047 | train_loss=9.9764 | test_loss=2.1807 | test_acc=0.9217
2026-04-02 15:02:32,812 | INFO | lstm_run1 | Epoch 048 | train_loss=9.8633 | test_loss=2.1125 | test_acc=0.9290
2026-04-02 15:02:43,350 | INFO | lstm_run1 | Epoch 049 | train_loss=9.5119 | test_loss=2.0789 | test_acc=0.9290
2026-04-02 15:02:54,066 | INFO | lstm_run1 | Epoch 050 | train_loss=9.4388 | test_loss=2.1803 | test_acc=0.9198
2026-04-02 15:03:04,834 | INFO | lstm_run1 | Epoch 051 | train_loss=9.5401 | test_loss=2.0122 | test_acc=0.9311
2026-04-02 15:03:14,691 | INFO | lstm_run1 | Epoch 052 | train_loss=9.1315 | test_loss=2.0287 | test_acc=0.9545
2026-04-02 15:03:24,628 | INFO | lstm_run1 | Epoch 053 | train_loss=9.0015 | test_loss=2.0521 | test_acc=0.9323
2026-04-02 15:03:34,656 | INFO | lstm_run1 | Epoch 054 | train_loss=8.8887 | test_loss=1.9202 | test_acc=0.9366
2026-04-02 15:03:44,536 | INFO | lstm_run1 | Epoch 055 | train_loss=8.7179 | test_loss=1.9604 | test_acc=0.9328
2026-04-02 15:03:54,454 | INFO | lstm_run1 | Epoch 056 | train_loss=8.6333 | test_loss=2.0261 | test_acc=0.9461
2026-04-02 15:04:05,093 | INFO | lstm_run1 | Epoch 057 | train_loss=8.5701 | test_loss=1.9106 | test_acc=0.9445
2026-04-02 15:04:15,775 | INFO | lstm_run1 | Epoch 058 | train_loss=8.6492 | test_loss=2.0014 | test_acc=0.9353
2026-04-02 15:04:26,441 | INFO | lstm_run1 | Epoch 059 | train_loss=8.4706 | test_loss=1.9009 | test_acc=0.9382
2026-04-02 15:04:37,352 | INFO | lstm_run1 | Epoch 060 | train_loss=8.3365 | test_loss=1.9345 | test_acc=0.9431
2026-04-02 15:04:48,173 | INFO | lstm_run1 | Epoch 061 | train_loss=8.1513 | test_loss=1.9438 | test_acc=0.9483
2026-04-02 15:04:58,913 | INFO | lstm_run1 | Epoch 062 | train_loss=7.9875 | test_loss=2.0227 | test_acc=0.9339
2026-04-02 15:05:09,629 | INFO | lstm_run1 | Epoch 063 | train_loss=8.0563 | test_loss=1.9978 | test_acc=0.9491
2026-04-02 15:05:20,217 | INFO | lstm_run1 | Epoch 064 | train_loss=7.8688 | test_loss=1.9281 | test_acc=0.9444
2026-04-02 15:05:30,868 | INFO | lstm_run1 | Epoch 065 | train_loss=7.9429 | test_loss=1.9974 | test_acc=0.9516
2026-04-02 15:05:41,521 | INFO | lstm_run1 | Epoch 066 | train_loss=7.6388 | test_loss=1.9613 | test_acc=0.9300
2026-04-02 15:05:52,190 | INFO | lstm_run1 | Epoch 067 | train_loss=7.5982 | test_loss=1.8775 | test_acc=0.9372
2026-04-02 15:06:02,683 | INFO | lstm_run1 | Epoch 068 | train_loss=7.7805 | test_loss=1.9687 | test_acc=0.9449
2026-04-02 15:06:12,665 | INFO | lstm_run1 | Epoch 069 | train_loss=7.5806 | test_loss=2.0996 | test_acc=0.9519
2026-04-02 15:06:22,727 | INFO | lstm_run1 | Epoch 070 | train_loss=7.4935 | test_loss=1.8662 | test_acc=0.9426
2026-04-02 15:06:33,326 | INFO | lstm_run1 | Epoch 071 | train_loss=7.2332 | test_loss=1.8277 | test_acc=0.9480
2026-04-02 15:06:43,984 | INFO | lstm_run1 | Epoch 072 | train_loss=7.3205 | test_loss=1.8707 | test_acc=0.9493
2026-04-02 15:06:54,664 | INFO | lstm_run1 | Epoch 073 | train_loss=7.3308 | test_loss=1.9003 | test_acc=0.9454
2026-04-02 15:07:05,262 | INFO | lstm_run1 | Epoch 074 | train_loss=6.9485 | test_loss=1.8113 | test_acc=0.9525
2026-04-02 15:07:15,897 | INFO | lstm_run1 | Epoch 075 | train_loss=7.1526 | test_loss=1.8210 | test_acc=0.9462
2026-04-02 15:07:26,013 | INFO | lstm_run1 | Epoch 076 | train_loss=7.0261 | test_loss=1.8219 | test_acc=0.9540
2026-04-02 15:07:36,682 | INFO | lstm_run1 | Epoch 077 | train_loss=6.8004 | test_loss=1.8508 | test_acc=0.9452
2026-04-02 15:07:47,498 | INFO | lstm_run1 | Epoch 078 | train_loss=6.8584 | test_loss=2.0149 | test_acc=0.9291
2026-04-02 15:07:58,149 | INFO | lstm_run1 | Epoch 079 | train_loss=6.9524 | test_loss=1.8078 | test_acc=0.9463
2026-04-02 15:08:08,832 | INFO | lstm_run1 | Epoch 080 | train_loss=6.7124 | test_loss=1.8006 | test_acc=0.9491
2026-04-02 15:08:19,526 | INFO | lstm_run1 | Epoch 081 | train_loss=6.5332 | test_loss=1.8198 | test_acc=0.9486
2026-04-02 15:08:30,283 | INFO | lstm_run1 | Epoch 082 | train_loss=6.3339 | test_loss=1.8111 | test_acc=0.9436
2026-04-02 15:08:40,559 | INFO | lstm_run1 | Epoch 083 | train_loss=6.4436 | test_loss=1.7973 | test_acc=0.9504
2026-04-02 15:08:51,436 | INFO | lstm_run1 | Epoch 084 | train_loss=6.3331 | test_loss=1.8046 | test_acc=0.9537
2026-04-02 15:09:01,340 | INFO | lstm_run1 | Epoch 085 | train_loss=6.4333 | test_loss=1.8443 | test_acc=0.9455
2026-04-02 15:09:11,220 | INFO | lstm_run1 | Epoch 086 | train_loss=6.1954 | test_loss=1.8380 | test_acc=0.9489
2026-04-02 15:09:21,049 | INFO | lstm_run1 | Epoch 087 | train_loss=5.9947 | test_loss=1.8760 | test_acc=0.9519
2026-04-02 15:09:30,907 | INFO | lstm_run1 | Epoch 088 | train_loss=6.0966 | test_loss=1.7891 | test_acc=0.9514
2026-04-02 15:09:40,738 | INFO | lstm_run1 | Epoch 089 | train_loss=6.1347 | test_loss=1.8233 | test_acc=0.9617
2026-04-02 15:09:50,684 | INFO | lstm_run1 | Epoch 090 | train_loss=6.1486 | test_loss=1.7973 | test_acc=0.9559
2026-04-02 15:10:00,584 | INFO | lstm_run1 | Epoch 091 | train_loss=5.9467 | test_loss=1.8384 | test_acc=0.9527
2026-04-02 15:10:10,452 | INFO | lstm_run1 | Epoch 092 | train_loss=5.9646 | test_loss=1.7938 | test_acc=0.9563
2026-04-02 15:10:20,399 | INFO | lstm_run1 | Epoch 093 | train_loss=5.7861 | test_loss=1.7875 | test_acc=0.9340
2026-04-02 15:10:30,396 | INFO | lstm_run1 | Epoch 094 | train_loss=5.7253 | test_loss=1.8625 | test_acc=0.9455
2026-04-02 15:10:40,316 | INFO | lstm_run1 | Epoch 095 | train_loss=5.9820 | test_loss=1.9391 | test_acc=0.9353
2026-04-02 15:10:50,553 | INFO | lstm_run1 | Epoch 096 | train_loss=5.8276 | test_loss=1.8320 | test_acc=0.9477
2026-04-02 15:11:01,276 | INFO | lstm_run1 | Epoch 097 | train_loss=5.7297 | test_loss=1.7645 | test_acc=0.9483
2026-04-02 15:11:11,616 | INFO | lstm_run1 | Epoch 098 | train_loss=5.5568 | test_loss=1.7745 | test_acc=0.9560
2026-04-02 15:11:22,393 | INFO | lstm_run1 | Epoch 099 | train_loss=5.4397 | test_loss=1.7934 | test_acc=0.9586
2026-04-02 15:11:33,604 | INFO | lstm_run1 | Epoch 100 | train_loss=5.3153 | test_loss=1.7879 | test_acc=0.9432
2026-04-02 15:11:44,318 | INFO | lstm_run1 | Epoch 101 | train_loss=5.3594 | test_loss=1.7478 | test_acc=0.9514
2026-04-02 15:11:55,277 | INFO | lstm_run1 | Epoch 102 | train_loss=5.4702 | test_loss=1.7552 | test_acc=0.9449
2026-04-02 15:12:06,112 | INFO | lstm_run1 | Epoch 103 | train_loss=5.4207 | test_loss=1.7630 | test_acc=0.9508
2026-04-02 15:12:17,028 | INFO | lstm_run1 | Epoch 104 | train_loss=5.2358 | test_loss=1.8862 | test_acc=0.9334
2026-04-02 15:12:27,745 | INFO | lstm_run1 | Epoch 105 | train_loss=5.4946 | test_loss=1.7965 | test_acc=0.9518
2026-04-02 15:12:38,460 | INFO | lstm_run1 | Epoch 106 | train_loss=5.1506 | test_loss=1.7825 | test_acc=0.9521
2026-04-02 15:12:49,168 | INFO | lstm_run1 | Epoch 107 | train_loss=5.2033 | test_loss=1.7583 | test_acc=0.9470
2026-04-02 15:13:00,072 | INFO | lstm_run1 | Epoch 108 | train_loss=5.4178 | test_loss=1.7911 | test_acc=0.9541
2026-04-02 15:13:10,795 | INFO | lstm_run1 | Epoch 109 | train_loss=5.0279 | test_loss=1.8706 | test_acc=0.9400
2026-04-02 15:13:21,460 | INFO | lstm_run1 | Epoch 110 | train_loss=4.8819 | test_loss=1.8109 | test_acc=0.9514
2026-04-02 15:13:32,111 | INFO | lstm_run1 | Epoch 111 | train_loss=4.9420 | test_loss=1.8384 | test_acc=0.9511
2026-04-02 15:13:42,825 | INFO | lstm_run1 | Epoch 112 | train_loss=4.8982 | test_loss=1.8227 | test_acc=0.9516
2026-04-02 15:13:53,501 | INFO | lstm_run1 | Epoch 113 | train_loss=4.9871 | test_loss=1.8466 | test_acc=0.9634
2026-04-02 15:14:03,333 | INFO | lstm_run1 | Epoch 114 | train_loss=4.9266 | test_loss=1.7203 | test_acc=0.9554
2026-04-02 15:14:13,782 | INFO | lstm_run1 | Epoch 115 | train_loss=4.6300 | test_loss=1.9565 | test_acc=0.9374
2026-04-02 15:14:23,916 | INFO | lstm_run1 | Epoch 116 | train_loss=4.8733 | test_loss=1.7877 | test_acc=0.9555
2026-04-02 15:14:33,953 | INFO | lstm_run1 | Epoch 117 | train_loss=4.8906 | test_loss=1.7643 | test_acc=0.9466
2026-04-02 15:14:44,217 | INFO | lstm_run1 | Epoch 118 | train_loss=4.6912 | test_loss=1.8202 | test_acc=0.9598
2026-04-02 15:14:54,936 | INFO | lstm_run1 | Epoch 119 | train_loss=4.8885 | test_loss=1.7539 | test_acc=0.9536
2026-04-02 15:15:05,331 | INFO | lstm_run1 | Epoch 120 | train_loss=4.6214 | test_loss=1.8512 | test_acc=0.9461
2026-04-02 15:15:15,285 | INFO | lstm_run1 | Epoch 121 | train_loss=4.9218 | test_loss=1.7615 | test_acc=0.9647
2026-04-02 15:15:25,138 | INFO | lstm_run1 | Epoch 122 | train_loss=4.4101 | test_loss=1.7673 | test_acc=0.9551
2026-04-02 15:15:35,393 | INFO | lstm_run1 | Epoch 123 | train_loss=4.4154 | test_loss=1.8393 | test_acc=0.9510
2026-04-02 15:15:45,945 | INFO | lstm_run1 | Epoch 124 | train_loss=4.2975 | test_loss=1.7686 | test_acc=0.9618
2026-04-02 15:15:56,014 | INFO | lstm_run1 | Epoch 125 | train_loss=4.4215 | test_loss=1.7547 | test_acc=0.9519
2026-04-02 15:16:06,399 | INFO | lstm_run1 | Epoch 126 | train_loss=4.2744 | test_loss=1.8206 | test_acc=0.9449
2026-04-02 15:16:16,630 | INFO | lstm_run1 | Epoch 127 | train_loss=4.4313 | test_loss=1.8195 | test_acc=0.9550
2026-04-02 15:16:27,027 | INFO | lstm_run1 | Epoch 128 | train_loss=4.3583 | test_loss=1.8990 | test_acc=0.9429
2026-04-02 15:16:36,767 | INFO | lstm_run1 | Epoch 129 | train_loss=4.3252 | test_loss=1.7518 | test_acc=0.9559
2026-04-02 15:16:47,589 | INFO | lstm_run1 | Epoch 130 | train_loss=4.3499 | test_loss=1.8504 | test_acc=0.9469
2026-04-02 15:16:57,830 | INFO | lstm_run1 | Epoch 131 | train_loss=4.3935 | test_loss=1.8048 | test_acc=0.9481
2026-04-02 15:17:07,951 | INFO | lstm_run1 | Epoch 132 | train_loss=4.1763 | test_loss=1.8492 | test_acc=0.9502
2026-04-02 15:17:17,921 | INFO | lstm_run1 | Epoch 133 | train_loss=4.0312 | test_loss=1.7744 | test_acc=0.9579
2026-04-02 15:17:27,934 | INFO | lstm_run1 | Epoch 134 | train_loss=4.3287 | test_loss=1.8113 | test_acc=0.9415
2026-04-02 15:17:37,920 | INFO | lstm_run1 | Epoch 135 | train_loss=4.0608 | test_loss=1.8773 | test_acc=0.9482
2026-04-02 15:17:47,893 | INFO | lstm_run1 | Epoch 136 | train_loss=4.0848 | test_loss=1.7874 | test_acc=0.9582
2026-04-02 15:17:57,816 | INFO | lstm_run1 | Epoch 137 | train_loss=3.9100 | test_loss=1.8336 | test_acc=0.9498
2026-04-02 15:18:07,823 | INFO | lstm_run1 | Epoch 138 | train_loss=4.2901 | test_loss=1.7380 | test_acc=0.9523
2026-04-02 15:18:17,730 | INFO | lstm_run1 | Epoch 139 | train_loss=3.9004 | test_loss=1.7909 | test_acc=0.9570
2026-04-02 15:18:27,652 | INFO | lstm_run1 | Epoch 140 | train_loss=4.2326 | test_loss=1.7649 | test_acc=0.9555
2026-04-02 15:18:37,532 | INFO | lstm_run1 | Epoch 141 | train_loss=3.8881 | test_loss=1.8034 | test_acc=0.9500
2026-04-02 15:18:47,441 | INFO | lstm_run1 | Epoch 142 | train_loss=3.8962 | test_loss=1.8308 | test_acc=0.9595
2026-04-02 15:18:57,345 | INFO | lstm_run1 | Epoch 143 | train_loss=4.0962 | test_loss=1.8622 | test_acc=0.9465
2026-04-02 15:19:07,351 | INFO | lstm_run1 | Epoch 144 | train_loss=3.8159 | test_loss=1.8121 | test_acc=0.9538
2026-04-02 15:19:17,245 | INFO | lstm_run1 | Epoch 145 | train_loss=3.7849 | test_loss=1.7200 | test_acc=0.9590
2026-04-02 15:19:27,589 | INFO | lstm_run1 | Epoch 146 | train_loss=3.7195 | test_loss=1.8691 | test_acc=0.9526
2026-04-02 15:19:38,237 | INFO | lstm_run1 | Epoch 147 | train_loss=3.8686 | test_loss=1.7573 | test_acc=0.9570
2026-04-02 15:19:48,892 | INFO | lstm_run1 | Epoch 148 | train_loss=3.7001 | test_loss=1.9884 | test_acc=0.9361
2026-04-02 15:19:59,492 | INFO | lstm_run1 | Epoch 149 | train_loss=3.7205 | test_loss=1.7712 | test_acc=0.9524
2026-04-02 15:20:10,184 | INFO | lstm_run1 | Epoch 150 | train_loss=3.6036 | test_loss=2.0043 | test_acc=0.9642
2026-04-02 15:20:20,762 | INFO | lstm_run1 | Epoch 151 | train_loss=3.6703 | test_loss=1.7598 | test_acc=0.9608
2026-04-02 15:20:31,424 | INFO | lstm_run1 | Epoch 152 | train_loss=3.4928 | test_loss=1.9057 | test_acc=0.9506
2026-04-02 15:20:41,995 | INFO | lstm_run1 | Epoch 153 | train_loss=3.7162 | test_loss=1.8008 | test_acc=0.9557
2026-04-02 15:20:52,600 | INFO | lstm_run1 | Epoch 154 | train_loss=3.4313 | test_loss=1.7643 | test_acc=0.9502
2026-04-02 15:21:03,270 | INFO | lstm_run1 | Epoch 155 | train_loss=3.6878 | test_loss=1.9413 | test_acc=0.9454
2026-04-02 15:21:13,961 | INFO | lstm_run1 | Epoch 156 | train_loss=3.8144 | test_loss=1.8141 | test_acc=0.9553
2026-04-02 15:21:24,527 | INFO | lstm_run1 | Epoch 157 | train_loss=3.4051 | test_loss=1.8631 | test_acc=0.9409
2026-04-02 15:21:35,199 | INFO | lstm_run1 | Epoch 158 | train_loss=3.2849 | test_loss=1.7978 | test_acc=0.9562
2026-04-02 15:21:45,994 | INFO | lstm_run1 | Epoch 159 | train_loss=3.4148 | test_loss=1.8897 | test_acc=0.9501
2026-04-02 15:21:56,742 | INFO | lstm_run1 | Epoch 160 | train_loss=3.5393 | test_loss=1.7604 | test_acc=0.9578
2026-04-02 15:22:07,501 | INFO | lstm_run1 | Epoch 161 | train_loss=3.4604 | test_loss=1.9116 | test_acc=0.9412
2026-04-02 15:22:18,245 | INFO | lstm_run1 | Epoch 162 | train_loss=3.3948 | test_loss=1.9730 | test_acc=0.9518
2026-04-02 15:22:28,994 | INFO | lstm_run1 | Epoch 163 | train_loss=3.3267 | test_loss=1.9479 | test_acc=0.9322
2026-04-02 15:22:39,620 | INFO | lstm_run1 | Epoch 164 | train_loss=3.2505 | test_loss=1.8239 | test_acc=0.9525
2026-04-02 15:22:50,160 | INFO | lstm_run1 | Epoch 165 | train_loss=3.3425 | test_loss=1.7878 | test_acc=0.9564
2026-04-02 15:23:00,530 | INFO | lstm_run1 | Epoch 166 | train_loss=3.3943 | test_loss=1.7974 | test_acc=0.9549
2026-04-02 15:23:10,373 | INFO | lstm_run1 | Epoch 167 | train_loss=3.3338 | test_loss=1.8391 | test_acc=0.9585
2026-04-02 15:23:20,463 | INFO | lstm_run1 | Epoch 168 | train_loss=3.1945 | test_loss=1.8583 | test_acc=0.9479
2026-04-02 15:23:30,465 | INFO | lstm_run1 | Epoch 169 | train_loss=3.1255 | test_loss=1.7995 | test_acc=0.9610
2026-04-02 15:23:40,418 | INFO | lstm_run1 | Epoch 170 | train_loss=3.2004 | test_loss=2.0693 | test_acc=0.9631
2026-04-02 15:23:50,373 | INFO | lstm_run1 | Epoch 171 | train_loss=3.2008 | test_loss=1.8254 | test_acc=0.9485
2026-04-02 15:24:00,334 | INFO | lstm_run1 | Epoch 172 | train_loss=3.2380 | test_loss=1.8675 | test_acc=0.9604
2026-04-02 15:24:10,277 | INFO | lstm_run1 | Epoch 173 | train_loss=3.5002 | test_loss=1.8385 | test_acc=0.9564
2026-04-02 15:24:20,610 | INFO | lstm_run1 | Epoch 174 | train_loss=3.2002 | test_loss=1.9369 | test_acc=0.9428
2026-04-02 15:24:31,380 | INFO | lstm_run1 | Epoch 175 | train_loss=2.9318 | test_loss=1.9093 | test_acc=0.9474
2026-04-02 15:24:42,156 | INFO | lstm_run1 | Epoch 176 | train_loss=3.0138 | test_loss=1.8200 | test_acc=0.9505
2026-04-02 15:24:52,449 | INFO | lstm_run1 | Epoch 177 | train_loss=3.1871 | test_loss=1.8412 | test_acc=0.9596
2026-04-02 15:25:03,132 | INFO | lstm_run1 | Epoch 178 | train_loss=2.9617 | test_loss=1.8927 | test_acc=0.9524
2026-04-02 15:25:13,607 | INFO | lstm_run1 | Epoch 179 | train_loss=2.8835 | test_loss=2.0605 | test_acc=0.9513
2026-04-02 15:25:23,955 | INFO | lstm_run1 | Epoch 180 | train_loss=2.9108 | test_loss=1.9408 | test_acc=0.9580
2026-04-02 15:25:34,428 | INFO | lstm_run1 | Epoch 181 | train_loss=2.9773 | test_loss=1.8233 | test_acc=0.9603
2026-04-02 15:25:44,462 | INFO | lstm_run1 | Epoch 182 | train_loss=2.9790 | test_loss=1.8494 | test_acc=0.9548
2026-04-02 15:25:54,262 | INFO | lstm_run1 | Epoch 183 | train_loss=2.7828 | test_loss=1.9006 | test_acc=0.9521
2026-04-02 15:26:04,013 | INFO | lstm_run1 | Epoch 184 | train_loss=2.8516 | test_loss=1.8928 | test_acc=0.9525
2026-04-02 15:26:14,779 | INFO | lstm_run1 | Epoch 185 | train_loss=2.9672 | test_loss=1.8224 | test_acc=0.9503
2026-04-02 15:26:25,694 | INFO | lstm_run1 | Epoch 186 | train_loss=2.7577 | test_loss=1.9589 | test_acc=0.9477
2026-04-02 15:26:36,405 | INFO | lstm_run1 | Epoch 187 | train_loss=2.9934 | test_loss=1.9607 | test_acc=0.9579
2026-04-02 15:26:46,821 | INFO | lstm_run1 | Epoch 188 | train_loss=2.7015 | test_loss=1.8691 | test_acc=0.9639
2026-04-02 15:26:57,336 | INFO | lstm_run1 | Epoch 189 | train_loss=2.7026 | test_loss=1.8331 | test_acc=0.9563
2026-04-02 15:27:07,877 | INFO | lstm_run1 | Epoch 190 | train_loss=2.6766 | test_loss=1.8709 | test_acc=0.9606
2026-04-02 15:27:18,402 | INFO | lstm_run1 | Epoch 191 | train_loss=2.6553 | test_loss=1.8886 | test_acc=0.9558
2026-04-02 15:27:28,979 | INFO | lstm_run1 | Epoch 192 | train_loss=2.9081 | test_loss=1.7967 | test_acc=0.9611
2026-04-02 15:27:38,979 | INFO | lstm_run1 | Epoch 193 | train_loss=2.9623 | test_loss=1.8905 | test_acc=0.9511
2026-04-02 15:27:49,512 | INFO | lstm_run1 | Epoch 194 | train_loss=2.7382 | test_loss=1.7999 | test_acc=0.9631
2026-04-02 15:28:00,141 | INFO | lstm_run1 | Epoch 195 | train_loss=2.6017 | test_loss=1.8600 | test_acc=0.9571
2026-04-02 15:28:10,723 | INFO | lstm_run1 | Epoch 196 | train_loss=2.5084 | test_loss=1.8671 | test_acc=0.9658
2026-04-02 15:28:21,304 | INFO | lstm_run1 | Epoch 197 | train_loss=2.5505 | test_loss=1.8555 | test_acc=0.9555
2026-04-02 15:28:32,061 | INFO | lstm_run1 | Epoch 198 | train_loss=2.4782 | test_loss=1.9034 | test_acc=0.9565
2026-04-02 15:28:42,669 | INFO | lstm_run1 | Epoch 199 | train_loss=2.7416 | test_loss=1.8963 | test_acc=0.9563
2026-04-02 15:28:53,286 | INFO | lstm_run1 | Epoch 200 | train_loss=2.5750 | test_loss=2.0819 | test_acc=0.9522
2026-04-02 15:29:03,985 | INFO | lstm_run2 | Epoch 001 | train_loss=251.9903 | test_loss=34.0267 | test_acc=0.4182
2026-04-02 15:29:14,726 | INFO | lstm_run2 | Epoch 002 | train_loss=152.9390 | test_loss=19.7903 | test_acc=0.5983
2026-04-02 15:29:25,476 | INFO | lstm_run2 | Epoch 003 | train_loss=96.0096 | test_loss=14.0278 | test_acc=0.6940
2026-04-02 15:29:36,363 | INFO | lstm_run2 | Epoch 004 | train_loss=70.6105 | test_loss=10.4601 | test_acc=0.7497
2026-04-02 15:29:47,178 | INFO | lstm_run2 | Epoch 005 | train_loss=54.7938 | test_loss=8.6812 | test_acc=0.8271
2026-04-02 15:29:57,808 | INFO | lstm_run2 | Epoch 006 | train_loss=44.9008 | test_loss=7.0228 | test_acc=0.8063
2026-04-02 15:30:07,959 | INFO | lstm_run2 | Epoch 007 | train_loss=38.5344 | test_loss=6.2567 | test_acc=0.8334
2026-04-02 15:30:18,635 | INFO | lstm_run2 | Epoch 008 | train_loss=34.1588 | test_loss=5.6934 | test_acc=0.8694
2026-04-02 15:30:29,324 | INFO | lstm_run2 | Epoch 009 | train_loss=31.5940 | test_loss=5.1455 | test_acc=0.8667
2026-04-02 15:30:40,078 | INFO | lstm_run2 | Epoch 010 | train_loss=28.6147 | test_loss=4.9298 | test_acc=0.8693
2026-04-02 15:30:49,794 | INFO | lstm_run2 | Epoch 011 | train_loss=26.8821 | test_loss=4.4947 | test_acc=0.8809
2026-04-02 15:30:59,481 | INFO | lstm_run2 | Epoch 012 | train_loss=25.6334 | test_loss=4.3157 | test_acc=0.8842
2026-04-02 15:31:09,186 | INFO | lstm_run2 | Epoch 013 | train_loss=24.2182 | test_loss=4.2664 | test_acc=0.9072
2026-04-02 15:31:19,643 | INFO | lstm_run2 | Epoch 014 | train_loss=22.8788 | test_loss=4.0875 | test_acc=0.9094
2026-04-02 15:31:30,138 | INFO | lstm_run2 | Epoch 015 | train_loss=21.8111 | test_loss=3.8069 | test_acc=0.9092
2026-04-02 15:31:40,562 | INFO | lstm_run2 | Epoch 016 | train_loss=20.8601 | test_loss=3.6864 | test_acc=0.8983
2026-04-02 15:31:50,807 | INFO | lstm_run2 | Epoch 017 | train_loss=20.5481 | test_loss=3.8475 | test_acc=0.8970
2026-04-02 15:32:00,955 | INFO | lstm_run2 | Epoch 018 | train_loss=19.6189 | test_loss=3.4666 | test_acc=0.9234
2026-04-02 15:32:11,594 | INFO | lstm_run2 | Epoch 019 | train_loss=18.9048 | test_loss=3.4029 | test_acc=0.9049
2026-04-02 15:32:22,263 | INFO | lstm_run2 | Epoch 020 | train_loss=18.1942 | test_loss=3.3258 | test_acc=0.9111
2026-04-02 15:32:32,653 | INFO | lstm_run2 | Epoch 021 | train_loss=17.4356 | test_loss=3.1616 | test_acc=0.9181
2026-04-02 15:32:43,032 | INFO | lstm_run2 | Epoch 022 | train_loss=16.9630 | test_loss=3.0163 | test_acc=0.9237
2026-04-02 15:32:53,568 | INFO | lstm_run2 | Epoch 023 | train_loss=16.5355 | test_loss=3.0064 | test_acc=0.9272
2026-04-02 15:33:03,890 | INFO | lstm_run2 | Epoch 024 | train_loss=16.1319 | test_loss=3.0286 | test_acc=0.9294
2026-04-02 15:33:14,314 | INFO | lstm_run2 | Epoch 025 | train_loss=15.8096 | test_loss=2.8072 | test_acc=0.9348
2026-04-02 15:33:24,591 | INFO | lstm_run2 | Epoch 026 | train_loss=15.1159 | test_loss=2.7666 | test_acc=0.9410
2026-04-02 15:33:34,889 | INFO | lstm_run2 | Epoch 027 | train_loss=15.0824 | test_loss=2.9565 | test_acc=0.9260
2026-04-02 15:33:45,369 | INFO | lstm_run2 | Epoch 028 | train_loss=14.5942 | test_loss=2.7287 | test_acc=0.9400
2026-04-02 15:33:55,723 | INFO | lstm_run2 | Epoch 029 | train_loss=14.0116 | test_loss=2.6891 | test_acc=0.9286
2026-04-02 15:34:05,680 | INFO | lstm_run2 | Epoch 030 | train_loss=14.2378 | test_loss=2.5580 | test_acc=0.9316
2026-04-02 15:34:15,705 | INFO | lstm_run2 | Epoch 031 | train_loss=13.2818 | test_loss=2.5859 | test_acc=0.9447
2026-04-02 15:34:26,265 | INFO | lstm_run2 | Epoch 032 | train_loss=12.9023 | test_loss=2.4325 | test_acc=0.9376
2026-04-02 15:34:36,899 | INFO | lstm_run2 | Epoch 033 | train_loss=12.7021 | test_loss=2.3947 | test_acc=0.9481
2026-04-02 15:34:47,626 | INFO | lstm_run2 | Epoch 034 | train_loss=12.4954 | test_loss=2.4528 | test_acc=0.9416
2026-04-02 15:34:58,194 | INFO | lstm_run2 | Epoch 035 | train_loss=12.7495 | test_loss=2.3046 | test_acc=0.9501
2026-04-02 15:35:08,838 | INFO | lstm_run2 | Epoch 036 | train_loss=11.8548 | test_loss=2.2335 | test_acc=0.9457
2026-04-02 15:35:19,588 | INFO | lstm_run2 | Epoch 037 | train_loss=11.8614 | test_loss=2.3153 | test_acc=0.9463
2026-04-02 15:35:29,770 | INFO | lstm_run2 | Epoch 038 | train_loss=11.7438 | test_loss=2.4088 | test_acc=0.9490
2026-04-02 15:35:40,047 | INFO | lstm_run2 | Epoch 039 | train_loss=11.4267 | test_loss=2.2503 | test_acc=0.9535
2026-04-02 15:35:50,410 | INFO | lstm_run2 | Epoch 040 | train_loss=10.9851 | test_loss=2.0891 | test_acc=0.9495
2026-04-02 15:36:00,790 | INFO | lstm_run2 | Epoch 041 | train_loss=10.7438 | test_loss=2.2562 | test_acc=0.9443
2026-04-02 15:36:11,094 | INFO | lstm_run2 | Epoch 042 | train_loss=10.8313 | test_loss=2.0799 | test_acc=0.9554
2026-04-02 15:36:21,393 | INFO | lstm_run2 | Epoch 043 | train_loss=10.5633 | test_loss=2.0651 | test_acc=0.9405
2026-04-02 15:36:31,590 | INFO | lstm_run2 | Epoch 044 | train_loss=10.3272 | test_loss=2.0443 | test_acc=0.9518
2026-04-02 15:36:42,136 | INFO | lstm_run2 | Epoch 045 | train_loss=10.0281 | test_loss=1.9925 | test_acc=0.9446
2026-04-02 15:36:52,901 | INFO | lstm_run2 | Epoch 046 | train_loss=10.0608 | test_loss=2.0184 | test_acc=0.9492
2026-04-02 15:37:03,653 | INFO | lstm_run2 | Epoch 047 | train_loss=9.6779 | test_loss=2.0640 | test_acc=0.9628
2026-04-02 15:37:14,495 | INFO | lstm_run2 | Epoch 048 | train_loss=9.5953 | test_loss=1.8873 | test_acc=0.9535
2026-04-02 15:37:24,778 | INFO | lstm_run2 | Epoch 049 | train_loss=9.4554 | test_loss=1.9854 | test_acc=0.9588
2026-04-02 15:37:35,584 | INFO | lstm_run2 | Epoch 050 | train_loss=9.3542 | test_loss=1.9009 | test_acc=0.9589
2026-04-02 15:37:46,495 | INFO | lstm_run2 | Epoch 051 | train_loss=9.1697 | test_loss=1.8087 | test_acc=0.9529
2026-04-02 15:37:55,890 | INFO | lstm_run2 | Epoch 052 | train_loss=9.0326 | test_loss=2.0563 | test_acc=0.9537
2026-04-02 15:38:05,412 | INFO | lstm_run2 | Epoch 053 | train_loss=9.0209 | test_loss=1.9117 | test_acc=0.9447
2026-04-02 15:38:15,461 | INFO | lstm_run2 | Epoch 054 | train_loss=8.6273 | test_loss=1.8436 | test_acc=0.9538
2026-04-02 15:38:25,521 | INFO | lstm_run2 | Epoch 055 | train_loss=8.5427 | test_loss=1.8703 | test_acc=0.9552
2026-04-02 15:38:35,477 | INFO | lstm_run2 | Epoch 056 | train_loss=8.5350 | test_loss=1.8638 | test_acc=0.9517
2026-04-02 15:38:45,359 | INFO | lstm_run2 | Epoch 057 | train_loss=8.2003 | test_loss=1.8102 | test_acc=0.9519
2026-04-02 15:38:55,173 | INFO | lstm_run2 | Epoch 058 | train_loss=8.2842 | test_loss=1.7864 | test_acc=0.9583
2026-04-02 15:39:04,652 | INFO | lstm_run2 | Epoch 059 | train_loss=8.0598 | test_loss=1.6875 | test_acc=0.9575
2026-04-02 15:39:14,296 | INFO | lstm_run2 | Epoch 060 | train_loss=7.8397 | test_loss=1.7436 | test_acc=0.9623
2026-04-02 15:39:23,603 | INFO | lstm_run2 | Epoch 061 | train_loss=7.7795 | test_loss=1.6867 | test_acc=0.9571
2026-04-02 15:39:32,908 | INFO | lstm_run2 | Epoch 062 | train_loss=7.6393 | test_loss=1.7588 | test_acc=0.9548
2026-04-02 15:39:42,224 | INFO | lstm_run2 | Epoch 063 | train_loss=7.6473 | test_loss=1.7079 | test_acc=0.9553
2026-04-02 15:39:52,187 | INFO | lstm_run2 | Epoch 064 | train_loss=7.3627 | test_loss=1.8842 | test_acc=0.9481
2026-04-02 15:40:01,624 | INFO | lstm_run2 | Epoch 065 | train_loss=7.6671 | test_loss=1.7354 | test_acc=0.9582
2026-04-02 15:40:10,987 | INFO | lstm_run2 | Epoch 066 | train_loss=7.5452 | test_loss=1.7324 | test_acc=0.9619
2026-04-02 15:40:20,316 | INFO | lstm_run2 | Epoch 067 | train_loss=7.2320 | test_loss=1.6646 | test_acc=0.9660
2026-04-02 15:40:29,612 | INFO | lstm_run2 | Epoch 068 | train_loss=7.1059 | test_loss=1.6352 | test_acc=0.9651
2026-04-02 15:40:38,911 | INFO | lstm_run2 | Epoch 069 | train_loss=6.8298 | test_loss=1.7113 | test_acc=0.9587
2026-04-02 15:40:48,225 | INFO | lstm_run2 | Epoch 070 | train_loss=6.9089 | test_loss=1.6374 | test_acc=0.9643
2026-04-02 15:40:57,647 | INFO | lstm_run2 | Epoch 071 | train_loss=6.9348 | test_loss=1.6908 | test_acc=0.9600
2026-04-02 15:41:07,642 | INFO | lstm_run2 | Epoch 072 | train_loss=6.8429 | test_loss=1.8554 | test_acc=0.9630
2026-04-02 15:41:17,637 | INFO | lstm_run2 | Epoch 073 | train_loss=6.9374 | test_loss=1.6495 | test_acc=0.9647
2026-04-02 15:41:27,656 | INFO | lstm_run2 | Epoch 074 | train_loss=6.5571 | test_loss=1.5912 | test_acc=0.9660
2026-04-02 15:41:37,603 | INFO | lstm_run2 | Epoch 075 | train_loss=6.5283 | test_loss=1.5886 | test_acc=0.9662
2026-04-02 15:41:47,705 | INFO | lstm_run2 | Epoch 076 | train_loss=6.4333 | test_loss=1.6449 | test_acc=0.9608
2026-04-02 15:41:58,156 | INFO | lstm_run2 | Epoch 077 | train_loss=6.4014 | test_loss=1.7258 | test_acc=0.9684
2026-04-02 15:42:08,376 | INFO | lstm_run2 | Epoch 078 | train_loss=6.5988 | test_loss=1.6558 | test_acc=0.9618
2026-04-02 15:42:18,355 | INFO | lstm_run2 | Epoch 079 | train_loss=6.4764 | test_loss=1.5533 | test_acc=0.9648
2026-04-02 15:42:28,348 | INFO | lstm_run2 | Epoch 080 | train_loss=6.1789 | test_loss=1.6619 | test_acc=0.9651
2026-04-02 15:42:38,342 | INFO | lstm_run2 | Epoch 081 | train_loss=6.2346 | test_loss=1.5463 | test_acc=0.9642
2026-04-02 15:42:49,182 | INFO | lstm_run2 | Epoch 082 | train_loss=6.0906 | test_loss=1.8205 | test_acc=0.9602
2026-04-02 15:43:00,176 | INFO | lstm_run2 | Epoch 083 | train_loss=6.1824 | test_loss=1.7344 | test_acc=0.9685
2026-04-02 15:43:11,066 | INFO | lstm_run2 | Epoch 084 | train_loss=6.3013 | test_loss=1.5829 | test_acc=0.9614
2026-04-02 15:43:21,758 | INFO | lstm_run2 | Epoch 085 | train_loss=6.0986 | test_loss=1.6660 | test_acc=0.9665
2026-04-02 15:43:32,454 | INFO | lstm_run2 | Epoch 086 | train_loss=5.8944 | test_loss=1.7905 | test_acc=0.9629
2026-04-02 15:43:42,833 | INFO | lstm_run2 | Epoch 087 | train_loss=5.8946 | test_loss=1.6192 | test_acc=0.9658
2026-04-02 15:43:53,230 | INFO | lstm_run2 | Epoch 088 | train_loss=5.8731 | test_loss=1.6164 | test_acc=0.9643
2026-04-02 15:44:03,646 | INFO | lstm_run2 | Epoch 089 | train_loss=5.7688 | test_loss=1.5673 | test_acc=0.9582
2026-04-02 15:44:14,247 | INFO | lstm_run2 | Epoch 090 | train_loss=5.6513 | test_loss=1.8375 | test_acc=0.9607
2026-04-02 15:44:24,892 | INFO | lstm_run2 | Epoch 091 | train_loss=5.5651 | test_loss=1.6205 | test_acc=0.9647
2026-04-02 15:44:35,767 | INFO | lstm_run2 | Epoch 092 | train_loss=5.4969 | test_loss=1.5640 | test_acc=0.9691
2026-04-02 15:44:46,530 | INFO | lstm_run2 | Epoch 093 | train_loss=5.3710 | test_loss=1.5946 | test_acc=0.9591
2026-04-02 15:44:57,317 | INFO | lstm_run2 | Epoch 094 | train_loss=5.4903 | test_loss=1.6220 | test_acc=0.9551
2026-04-02 15:45:08,062 | INFO | lstm_run2 | Epoch 095 | train_loss=5.2495 | test_loss=1.5710 | test_acc=0.9689
2026-04-02 15:45:18,463 | INFO | lstm_run2 | Epoch 096 | train_loss=5.2394 | test_loss=1.5914 | test_acc=0.9601
2026-04-02 15:45:28,351 | INFO | lstm_run2 | Epoch 097 | train_loss=5.3566 | test_loss=1.7845 | test_acc=0.9550
2026-04-02 15:45:38,631 | INFO | lstm_run2 | Epoch 098 | train_loss=5.4969 | test_loss=1.7845 | test_acc=0.9664
2026-04-02 15:45:49,245 | INFO | lstm_run2 | Epoch 099 | train_loss=5.0412 | test_loss=1.5595 | test_acc=0.9651
2026-04-02 15:46:00,004 | INFO | lstm_run2 | Epoch 100 | train_loss=4.9367 | test_loss=1.5324 | test_acc=0.9679
2026-04-02 15:46:10,883 | INFO | lstm_run2 | Epoch 101 | train_loss=5.3645 | test_loss=1.6417 | test_acc=0.9696
2026-04-02 15:46:21,642 | INFO | lstm_run2 | Epoch 102 | train_loss=5.1223 | test_loss=1.7396 | test_acc=0.9631
2026-04-02 15:46:32,034 | INFO | lstm_run2 | Epoch 103 | train_loss=5.0210 | test_loss=1.6340 | test_acc=0.9699
2026-04-02 15:46:42,785 | INFO | lstm_run2 | Epoch 104 | train_loss=4.8420 | test_loss=1.6625 | test_acc=0.9612
2026-04-02 15:46:53,514 | INFO | lstm_run2 | Epoch 105 | train_loss=4.9495 | test_loss=1.7067 | test_acc=0.9694
2026-04-02 15:47:04,205 | INFO | lstm_run2 | Epoch 106 | train_loss=4.9004 | test_loss=1.5492 | test_acc=0.9683
2026-04-02 15:47:15,050 | INFO | lstm_run2 | Epoch 107 | train_loss=4.6718 | test_loss=1.6414 | test_acc=0.9575
2026-04-02 15:47:25,794 | INFO | lstm_run2 | Epoch 108 | train_loss=4.9494 | test_loss=1.6595 | test_acc=0.9691
2026-04-02 15:47:36,484 | INFO | lstm_run2 | Epoch 109 | train_loss=4.6649 | test_loss=1.6306 | test_acc=0.9625
2026-04-02 15:47:47,272 | INFO | lstm_run2 | Epoch 110 | train_loss=4.5608 | test_loss=1.6097 | test_acc=0.9696
2026-04-02 15:47:58,013 | INFO | lstm_run2 | Epoch 111 | train_loss=4.9918 | test_loss=1.5750 | test_acc=0.9668
2026-04-02 15:48:08,775 | INFO | lstm_run2 | Epoch 112 | train_loss=4.9767 | test_loss=1.6011 | test_acc=0.9674
2026-04-02 15:48:19,553 | INFO | lstm_run2 | Epoch 113 | train_loss=4.5922 | test_loss=1.7610 | test_acc=0.9657
2026-04-02 15:48:30,373 | INFO | lstm_run2 | Epoch 114 | train_loss=4.6029 | test_loss=1.7471 | test_acc=0.9587
2026-04-02 15:48:41,124 | INFO | lstm_run2 | Epoch 115 | train_loss=4.5280 | test_loss=1.5870 | test_acc=0.9708
2026-04-02 15:48:51,870 | INFO | lstm_run2 | Epoch 116 | train_loss=4.4442 | test_loss=1.5847 | test_acc=0.9656
2026-04-02 15:49:02,519 | INFO | lstm_run2 | Epoch 117 | train_loss=4.5749 | test_loss=1.6446 | test_acc=0.9632
2026-04-02 15:49:13,155 | INFO | lstm_run2 | Epoch 118 | train_loss=4.7007 | test_loss=1.5576 | test_acc=0.9679
2026-04-02 15:49:23,924 | INFO | lstm_run2 | Epoch 119 | train_loss=4.4675 | test_loss=1.7274 | test_acc=0.9598
2026-04-02 15:49:34,609 | INFO | lstm_run2 | Epoch 120 | train_loss=4.2609 | test_loss=1.6168 | test_acc=0.9643
2026-04-02 15:49:45,180 | INFO | lstm_run2 | Epoch 121 | train_loss=4.2185 | test_loss=1.6266 | test_acc=0.9658
2026-04-02 15:49:55,140 | INFO | lstm_run2 | Epoch 122 | train_loss=4.2480 | test_loss=1.6594 | test_acc=0.9708
2026-04-02 15:50:05,224 | INFO | lstm_run2 | Epoch 123 | train_loss=4.0926 | test_loss=1.7073 | test_acc=0.9666
2026-04-02 15:50:15,698 | INFO | lstm_run2 | Epoch 124 | train_loss=4.2420 | test_loss=1.6783 | test_acc=0.9684
2026-04-02 15:50:26,464 | INFO | lstm_run2 | Epoch 125 | train_loss=4.1252 | test_loss=1.6267 | test_acc=0.9636
2026-04-02 15:50:37,123 | INFO | lstm_run2 | Epoch 126 | train_loss=3.9736 | test_loss=1.8120 | test_acc=0.9611
2026-04-02 15:50:47,691 | INFO | lstm_run2 | Epoch 127 | train_loss=4.2423 | test_loss=1.6330 | test_acc=0.9642
2026-04-02 15:50:58,217 | INFO | lstm_run2 | Epoch 128 | train_loss=4.0966 | test_loss=1.6170 | test_acc=0.9655
2026-04-02 15:51:08,786 | INFO | lstm_run2 | Epoch 129 | train_loss=3.9096 | test_loss=1.6816 | test_acc=0.9703
2026-04-02 15:51:19,319 | INFO | lstm_run2 | Epoch 130 | train_loss=4.0355 | test_loss=1.5890 | test_acc=0.9667
2026-04-02 15:51:29,770 | INFO | lstm_run2 | Epoch 131 | train_loss=4.1431 | test_loss=1.5981 | test_acc=0.9681
2026-04-02 15:51:39,833 | INFO | lstm_run2 | Epoch 132 | train_loss=4.0717 | test_loss=1.6690 | test_acc=0.9688
2026-04-02 15:51:50,042 | INFO | lstm_run2 | Epoch 133 | train_loss=3.9414 | test_loss=1.8015 | test_acc=0.9657
2026-04-02 15:51:59,356 | INFO | lstm_run2 | Epoch 134 | train_loss=3.7518 | test_loss=1.7074 | test_acc=0.9645
2026-04-02 15:52:09,068 | INFO | lstm_run2 | Epoch 135 | train_loss=3.7538 | test_loss=1.6825 | test_acc=0.9700
2026-04-02 15:52:18,608 | INFO | lstm_run2 | Epoch 136 | train_loss=3.7349 | test_loss=1.5964 | test_acc=0.9653
2026-04-02 15:52:28,014 | INFO | lstm_run2 | Epoch 137 | train_loss=3.8793 | test_loss=1.7243 | test_acc=0.9639
2026-04-02 15:52:37,867 | INFO | lstm_run2 | Epoch 138 | train_loss=3.7827 | test_loss=1.6775 | test_acc=0.9652
2026-04-02 15:52:47,487 | INFO | lstm_run2 | Epoch 139 | train_loss=3.8402 | test_loss=1.6848 | test_acc=0.9713
2026-04-02 15:52:57,670 | INFO | lstm_run2 | Epoch 140 | train_loss=3.6811 | test_loss=1.8216 | test_acc=0.9651
2026-04-02 15:53:07,460 | INFO | lstm_run2 | Epoch 141 | train_loss=3.5849 | test_loss=1.6117 | test_acc=0.9668
2026-04-02 15:53:17,459 | INFO | lstm_run2 | Epoch 142 | train_loss=3.6413 | test_loss=1.7423 | test_acc=0.9719
2026-04-02 15:53:27,631 | INFO | lstm_run2 | Epoch 143 | train_loss=3.7138 | test_loss=1.7303 | test_acc=0.9666
2026-04-02 15:53:37,578 | INFO | lstm_run2 | Epoch 144 | train_loss=3.6772 | test_loss=1.6362 | test_acc=0.9689
2026-04-02 15:53:47,512 | INFO | lstm_run2 | Epoch 145 | train_loss=3.6920 | test_loss=1.7033 | test_acc=0.9639
2026-04-02 15:53:57,411 | INFO | lstm_run2 | Epoch 146 | train_loss=3.7616 | test_loss=1.7047 | test_acc=0.9658
2026-04-02 15:54:07,308 | INFO | lstm_run2 | Epoch 147 | train_loss=3.7598 | test_loss=1.7302 | test_acc=0.9635
2026-04-02 15:54:17,272 | INFO | lstm_run2 | Epoch 148 | train_loss=3.5733 | test_loss=1.8126 | test_acc=0.9661
2026-04-02 15:54:27,748 | INFO | lstm_run2 | Epoch 149 | train_loss=3.8196 | test_loss=1.7361 | test_acc=0.9700
2026-04-02 15:54:38,102 | INFO | lstm_run2 | Epoch 150 | train_loss=3.3897 | test_loss=1.6822 | test_acc=0.9718
2026-04-02 15:54:48,808 | INFO | lstm_run2 | Epoch 151 | train_loss=3.3810 | test_loss=1.7542 | test_acc=0.9658
2026-04-02 15:54:59,494 | INFO | lstm_run2 | Epoch 152 | train_loss=3.4940 | test_loss=1.6869 | test_acc=0.9704
2026-04-02 15:55:10,166 | INFO | lstm_run2 | Epoch 153 | train_loss=3.6488 | test_loss=1.7603 | test_acc=0.9672
2026-04-02 15:55:20,884 | INFO | lstm_run2 | Epoch 154 | train_loss=3.3655 | test_loss=1.7079 | test_acc=0.9673
2026-04-02 15:55:31,741 | INFO | lstm_run2 | Epoch 155 | train_loss=3.2814 | test_loss=1.6457 | test_acc=0.9692
2026-04-02 15:55:42,448 | INFO | lstm_run2 | Epoch 156 | train_loss=3.3912 | test_loss=1.7734 | test_acc=0.9661
2026-04-02 15:55:53,185 | INFO | lstm_run2 | Epoch 157 | train_loss=3.3279 | test_loss=1.9651 | test_acc=0.9660
2026-04-02 15:56:03,810 | INFO | lstm_run2 | Epoch 158 | train_loss=3.2278 | test_loss=1.7650 | test_acc=0.9657
2026-04-02 15:56:13,707 | INFO | lstm_run2 | Epoch 159 | train_loss=3.2135 | test_loss=1.8313 | test_acc=0.9697
2026-04-02 15:56:23,645 | INFO | lstm_run2 | Epoch 160 | train_loss=3.3740 | test_loss=1.6915 | test_acc=0.9659
2026-04-02 15:56:33,598 | INFO | lstm_run2 | Epoch 161 | train_loss=3.2443 | test_loss=1.7295 | test_acc=0.9686
2026-04-02 15:56:43,413 | INFO | lstm_run2 | Epoch 162 | train_loss=3.1453 | test_loss=1.9124 | test_acc=0.9676
2026-04-02 15:56:53,266 | INFO | lstm_run2 | Epoch 163 | train_loss=3.1549 | test_loss=1.8689 | test_acc=0.9631
2026-04-02 15:57:03,166 | INFO | lstm_run2 | Epoch 164 | train_loss=3.1684 | test_loss=2.0044 | test_acc=0.9674
2026-04-02 15:57:13,029 | INFO | lstm_run2 | Epoch 165 | train_loss=3.1195 | test_loss=1.7862 | test_acc=0.9648
2026-04-02 15:57:22,986 | INFO | lstm_run2 | Epoch 166 | train_loss=3.2714 | test_loss=1.7749 | test_acc=0.9687
2026-04-02 15:57:33,011 | INFO | lstm_run2 | Epoch 167 | train_loss=3.1440 | test_loss=1.7892 | test_acc=0.9630
2026-04-02 15:57:42,919 | INFO | lstm_run2 | Epoch 168 | train_loss=3.4471 | test_loss=1.8046 | test_acc=0.9692
2026-04-02 15:57:53,027 | INFO | lstm_run2 | Epoch 169 | train_loss=3.0483 | test_loss=1.7178 | test_acc=0.9675
2026-04-02 15:58:03,419 | INFO | lstm_run2 | Epoch 170 | train_loss=2.8956 | test_loss=1.8060 | test_acc=0.9676
2026-04-02 15:58:13,741 | INFO | lstm_run2 | Epoch 171 | train_loss=3.0431 | test_loss=1.7604 | test_acc=0.9668
2026-04-02 15:58:24,096 | INFO | lstm_run2 | Epoch 172 | train_loss=2.9271 | test_loss=1.7474 | test_acc=0.9692
2026-04-02 15:58:34,522 | INFO | lstm_run2 | Epoch 173 | train_loss=3.0856 | test_loss=1.7655 | test_acc=0.9687
2026-04-02 15:58:44,922 | INFO | lstm_run2 | Epoch 174 | train_loss=2.9954 | test_loss=2.0449 | test_acc=0.9625
2026-04-02 15:58:55,335 | INFO | lstm_run2 | Epoch 175 | train_loss=3.0813 | test_loss=1.7596 | test_acc=0.9667
2026-04-02 15:59:05,694 | INFO | lstm_run2 | Epoch 176 | train_loss=2.9960 | test_loss=1.7828 | test_acc=0.9683
2026-04-02 15:59:16,102 | INFO | lstm_run2 | Epoch 177 | train_loss=2.8819 | test_loss=1.8944 | test_acc=0.9650
2026-04-02 15:59:26,524 | INFO | lstm_run2 | Epoch 178 | train_loss=2.7646 | test_loss=1.7879 | test_acc=0.9686
2026-04-02 15:59:37,031 | INFO | lstm_run2 | Epoch 179 | train_loss=2.9331 | test_loss=1.7757 | test_acc=0.9679
2026-04-02 15:59:47,488 | INFO | lstm_run2 | Epoch 180 | train_loss=2.7886 | test_loss=1.7745 | test_acc=0.9706
2026-04-02 15:59:57,851 | INFO | lstm_run2 | Epoch 181 | train_loss=2.7240 | test_loss=1.8846 | test_acc=0.9638
2026-04-02 16:00:08,589 | INFO | lstm_run2 | Epoch 182 | train_loss=3.0257 | test_loss=1.8034 | test_acc=0.9689
2026-04-02 16:00:18,997 | INFO | lstm_run2 | Epoch 183 | train_loss=3.1145 | test_loss=1.7727 | test_acc=0.9716
2026-04-02 16:00:29,003 | INFO | lstm_run2 | Epoch 184 | train_loss=2.8785 | test_loss=1.8379 | test_acc=0.9682
2026-04-02 16:00:39,000 | INFO | lstm_run2 | Epoch 185 | train_loss=2.8445 | test_loss=1.9068 | test_acc=0.9680
2026-04-02 16:00:49,673 | INFO | lstm_run2 | Epoch 186 | train_loss=2.7130 | test_loss=2.0573 | test_acc=0.9634
2026-04-02 16:01:00,257 | INFO | lstm_run2 | Epoch 187 | train_loss=2.9392 | test_loss=1.8683 | test_acc=0.9651
2026-04-02 16:01:10,730 | INFO | lstm_run2 | Epoch 188 | train_loss=2.7206 | test_loss=1.8202 | test_acc=0.9692
2026-04-02 16:01:21,268 | INFO | lstm_run2 | Epoch 189 | train_loss=2.6483 | test_loss=1.8057 | test_acc=0.9672
2026-04-02 16:01:31,913 | INFO | lstm_run2 | Epoch 190 | train_loss=2.7584 | test_loss=2.0640 | test_acc=0.9628
2026-04-02 16:01:42,669 | INFO | lstm_run2 | Epoch 191 | train_loss=2.8945 | test_loss=1.9616 | test_acc=0.9682
2026-04-02 16:01:53,051 | INFO | lstm_run2 | Epoch 192 | train_loss=2.9280 | test_loss=1.8537 | test_acc=0.9706
2026-04-02 16:02:03,774 | INFO | lstm_run2 | Epoch 193 | train_loss=2.5694 | test_loss=1.8459 | test_acc=0.9682
2026-04-02 16:02:14,461 | INFO | lstm_run2 | Epoch 194 | train_loss=2.6778 | test_loss=1.8140 | test_acc=0.9690
2026-04-02 16:02:25,123 | INFO | lstm_run2 | Epoch 195 | train_loss=2.6233 | test_loss=1.8431 | test_acc=0.9660
2026-04-02 16:02:35,419 | INFO | lstm_run2 | Epoch 196 | train_loss=2.5723 | test_loss=1.8712 | test_acc=0.9713
2026-04-02 16:02:45,806 | INFO | lstm_run2 | Epoch 197 | train_loss=2.6958 | test_loss=1.8159 | test_acc=0.9669
2026-04-02 16:02:56,124 | INFO | lstm_run2 | Epoch 198 | train_loss=2.5671 | test_loss=2.0127 | test_acc=0.9673
2026-04-02 16:03:06,930 | INFO | lstm_run2 | Epoch 199 | train_loss=2.5949 | test_loss=1.8313 | test_acc=0.9686
2026-04-02 16:03:17,587 | INFO | lstm_run2 | Epoch 200 | train_loss=2.4803 | test_loss=1.9064 | test_acc=0.9653
2026-04-02 16:03:28,328 | INFO | lstm_run3 | Epoch 001 | train_loss=250.0906 | test_loss=33.1299 | test_acc=0.3984
2026-04-02 16:03:38,747 | INFO | lstm_run3 | Epoch 002 | train_loss=150.2342 | test_loss=20.3262 | test_acc=0.5390
2026-04-02 16:03:49,523 | INFO | lstm_run3 | Epoch 003 | train_loss=104.4209 | test_loss=15.1386 | test_acc=0.6582
2026-04-02 16:04:00,374 | INFO | lstm_run3 | Epoch 004 | train_loss=81.8623 | test_loss=12.4436 | test_acc=0.6718
2026-04-02 16:04:10,977 | INFO | lstm_run3 | Epoch 005 | train_loss=68.2882 | test_loss=10.6198 | test_acc=0.7412
2026-04-02 16:04:21,920 | INFO | lstm_run3 | Epoch 006 | train_loss=57.9917 | test_loss=9.0528 | test_acc=0.7708
2026-04-02 16:04:32,676 | INFO | lstm_run3 | Epoch 007 | train_loss=50.3111 | test_loss=7.8680 | test_acc=0.7927
2026-04-02 16:04:42,667 | INFO | lstm_run3 | Epoch 008 | train_loss=43.9939 | test_loss=6.9797 | test_acc=0.8372
2026-04-02 16:04:52,669 | INFO | lstm_run3 | Epoch 009 | train_loss=38.7302 | test_loss=6.2620 | test_acc=0.8368
2026-04-02 16:05:02,719 | INFO | lstm_run3 | Epoch 010 | train_loss=35.0441 | test_loss=6.0365 | test_acc=0.8700
2026-04-02 16:05:12,756 | INFO | lstm_run3 | Epoch 011 | train_loss=31.4444 | test_loss=5.2236 | test_acc=0.8639
2026-04-02 16:05:22,781 | INFO | lstm_run3 | Epoch 012 | train_loss=28.4882 | test_loss=4.6799 | test_acc=0.8812
2026-04-02 16:05:32,799 | INFO | lstm_run3 | Epoch 013 | train_loss=26.2836 | test_loss=4.4522 | test_acc=0.8991
2026-04-02 16:05:42,705 | INFO | lstm_run3 | Epoch 014 | train_loss=24.4745 | test_loss=4.1474 | test_acc=0.9088
2026-04-02 16:05:53,380 | INFO | lstm_run3 | Epoch 015 | train_loss=23.2682 | test_loss=3.9881 | test_acc=0.9042
2026-04-02 16:06:04,099 | INFO | lstm_run3 | Epoch 016 | train_loss=21.7088 | test_loss=3.7818 | test_acc=0.9127
2026-04-02 16:06:14,775 | INFO | lstm_run3 | Epoch 017 | train_loss=20.4483 | test_loss=3.4815 | test_acc=0.9119
2026-04-02 16:06:25,502 | INFO | lstm_run3 | Epoch 018 | train_loss=19.6973 | test_loss=3.4769 | test_acc=0.9213
2026-04-02 16:06:36,279 | INFO | lstm_run3 | Epoch 019 | train_loss=18.6778 | test_loss=3.2264 | test_acc=0.9254
2026-04-02 16:06:46,990 | INFO | lstm_run3 | Epoch 020 | train_loss=17.8119 | test_loss=3.2485 | test_acc=0.9201
2026-04-02 16:06:57,819 | INFO | lstm_run3 | Epoch 021 | train_loss=17.2755 | test_loss=3.1024 | test_acc=0.9328
2026-04-02 16:07:08,464 | INFO | lstm_run3 | Epoch 022 | train_loss=16.4994 | test_loss=3.0073 | test_acc=0.9174
2026-04-02 16:07:19,110 | INFO | lstm_run3 | Epoch 023 | train_loss=15.9025 | test_loss=2.8318 | test_acc=0.9320
2026-04-02 16:07:29,794 | INFO | lstm_run3 | Epoch 024 | train_loss=15.2865 | test_loss=2.8141 | test_acc=0.9229
2026-04-02 16:07:40,336 | INFO | lstm_run3 | Epoch 025 | train_loss=14.8942 | test_loss=2.8025 | test_acc=0.9076
2026-04-02 16:07:50,841 | INFO | lstm_run3 | Epoch 026 | train_loss=14.3550 | test_loss=2.6403 | test_acc=0.9338
2026-04-02 16:08:01,439 | INFO | lstm_run3 | Epoch 027 | train_loss=14.0143 | test_loss=2.5736 | test_acc=0.9280
2026-04-02 16:08:11,606 | INFO | lstm_run3 | Epoch 028 | train_loss=13.7763 | test_loss=2.5318 | test_acc=0.9370
2026-04-02 16:08:22,134 | INFO | lstm_run3 | Epoch 029 | train_loss=13.1812 | test_loss=2.4293 | test_acc=0.9318
2026-04-02 16:08:32,741 | INFO | lstm_run3 | Epoch 030 | train_loss=12.8146 | test_loss=2.4177 | test_acc=0.9322
2026-04-02 16:08:42,755 | INFO | lstm_run3 | Epoch 031 | train_loss=12.9051 | test_loss=2.3416 | test_acc=0.9319
2026-04-02 16:08:53,237 | INFO | lstm_run3 | Epoch 032 | train_loss=12.1542 | test_loss=2.3947 | test_acc=0.9321
2026-04-02 16:09:04,124 | INFO | lstm_run3 | Epoch 033 | train_loss=12.1334 | test_loss=2.3450 | test_acc=0.9370
2026-04-02 16:09:14,899 | INFO | lstm_run3 | Epoch 034 | train_loss=11.8391 | test_loss=2.2182 | test_acc=0.9439
2026-04-02 16:09:25,266 | INFO | lstm_run3 | Epoch 035 | train_loss=11.3362 | test_loss=2.2130 | test_acc=0.9394
2026-04-02 16:09:35,972 | INFO | lstm_run3 | Epoch 036 | train_loss=11.0960 | test_loss=2.2084 | test_acc=0.9306
2026-04-02 16:09:46,551 | INFO | lstm_run3 | Epoch 037 | train_loss=11.3304 | test_loss=2.1327 | test_acc=0.9397
2026-04-02 16:09:56,897 | INFO | lstm_run3 | Epoch 038 | train_loss=10.7950 | test_loss=2.1311 | test_acc=0.9431
2026-04-02 16:10:07,547 | INFO | lstm_run3 | Epoch 039 | train_loss=10.4525 | test_loss=2.0365 | test_acc=0.9379
2026-04-02 16:10:18,115 | INFO | lstm_run3 | Epoch 040 | train_loss=10.3139 | test_loss=2.1940 | test_acc=0.9270
2026-04-02 16:10:28,686 | INFO | lstm_run3 | Epoch 041 | train_loss=10.2487 | test_loss=2.1618 | test_acc=0.9371
2026-04-02 16:10:39,256 | INFO | lstm_run3 | Epoch 042 | train_loss=9.9585 | test_loss=2.0435 | test_acc=0.9387
2026-04-02 16:10:50,006 | INFO | lstm_run3 | Epoch 043 | train_loss=9.6436 | test_loss=2.0139 | test_acc=0.9446
2026-04-02 16:11:00,653 | INFO | lstm_run3 | Epoch 044 | train_loss=9.4360 | test_loss=1.9902 | test_acc=0.9475
2026-04-02 16:11:11,434 | INFO | lstm_run3 | Epoch 045 | train_loss=9.4000 | test_loss=1.9275 | test_acc=0.9392
2026-04-02 16:11:22,142 | INFO | lstm_run3 | Epoch 046 | train_loss=9.4267 | test_loss=1.8677 | test_acc=0.9406
2026-04-02 16:11:32,824 | INFO | lstm_run3 | Epoch 047 | train_loss=9.0788 | test_loss=1.8571 | test_acc=0.9442
2026-04-02 16:11:43,520 | INFO | lstm_run3 | Epoch 048 | train_loss=8.7983 | test_loss=1.8767 | test_acc=0.9420
2026-04-02 16:11:54,132 | INFO | lstm_run3 | Epoch 049 | train_loss=9.0728 | test_loss=1.9624 | test_acc=0.9543
2026-04-02 16:12:04,829 | INFO | lstm_run3 | Epoch 050 | train_loss=8.6682 | test_loss=1.9560 | test_acc=0.9483
2026-04-02 16:12:15,469 | INFO | lstm_run3 | Epoch 051 | train_loss=8.5214 | test_loss=1.8397 | test_acc=0.9488
2026-04-02 16:12:26,059 | INFO | lstm_run3 | Epoch 052 | train_loss=8.4007 | test_loss=1.8078 | test_acc=0.9475
2026-04-02 16:12:36,693 | INFO | lstm_run3 | Epoch 053 | train_loss=8.3828 | test_loss=1.7275 | test_acc=0.9474
2026-04-02 16:12:47,299 | INFO | lstm_run3 | Epoch 054 | train_loss=8.1254 | test_loss=1.8118 | test_acc=0.9457
2026-04-02 16:12:57,917 | INFO | lstm_run3 | Epoch 055 | train_loss=7.9312 | test_loss=1.8108 | test_acc=0.9457
2026-04-02 16:13:08,429 | INFO | lstm_run3 | Epoch 056 | train_loss=7.7043 | test_loss=1.7864 | test_acc=0.9565
2026-04-02 16:13:19,202 | INFO | lstm_run3 | Epoch 057 | train_loss=7.9182 | test_loss=1.8907 | test_acc=0.9486
2026-04-02 16:13:29,701 | INFO | lstm_run3 | Epoch 058 | train_loss=7.7495 | test_loss=1.6851 | test_acc=0.9559
2026-04-02 16:13:40,277 | INFO | lstm_run3 | Epoch 059 | train_loss=7.6371 | test_loss=1.7843 | test_acc=0.9516
2026-04-02 16:13:50,735 | INFO | lstm_run3 | Epoch 060 | train_loss=7.4302 | test_loss=1.6683 | test_acc=0.9462
2026-04-02 16:14:01,281 | INFO | lstm_run3 | Epoch 061 | train_loss=7.2418 | test_loss=1.6336 | test_acc=0.9505
2026-04-02 16:14:11,898 | INFO | lstm_run3 | Epoch 062 | train_loss=7.0001 | test_loss=1.7351 | test_acc=0.9581
2026-04-02 16:14:22,585 | INFO | lstm_run3 | Epoch 063 | train_loss=7.3347 | test_loss=1.6197 | test_acc=0.9591
2026-04-02 16:14:33,180 | INFO | lstm_run3 | Epoch 064 | train_loss=6.8742 | test_loss=1.6843 | test_acc=0.9555
2026-04-02 16:14:43,762 | INFO | lstm_run3 | Epoch 065 | train_loss=6.8937 | test_loss=1.6570 | test_acc=0.9611
2026-04-02 16:14:54,236 | INFO | lstm_run3 | Epoch 066 | train_loss=6.7067 | test_loss=1.5607 | test_acc=0.9609
2026-04-02 16:15:04,747 | INFO | lstm_run3 | Epoch 067 | train_loss=6.6598 | test_loss=1.6454 | test_acc=0.9631
2026-04-02 16:15:15,096 | INFO | lstm_run3 | Epoch 068 | train_loss=6.5819 | test_loss=1.6515 | test_acc=0.9604
2026-04-02 16:15:25,733 | INFO | lstm_run3 | Epoch 069 | train_loss=6.7647 | test_loss=1.6000 | test_acc=0.9603
2026-04-02 16:15:36,293 | INFO | lstm_run3 | Epoch 070 | train_loss=6.4305 | test_loss=1.6332 | test_acc=0.9582
2026-04-02 16:15:46,515 | INFO | lstm_run3 | Epoch 071 | train_loss=6.4756 | test_loss=1.6093 | test_acc=0.9630
2026-04-02 16:15:56,534 | INFO | lstm_run3 | Epoch 072 | train_loss=6.5262 | test_loss=1.6103 | test_acc=0.9454
2026-04-02 16:16:06,820 | INFO | lstm_run3 | Epoch 073 | train_loss=6.3244 | test_loss=1.6743 | test_acc=0.9590
2026-04-02 16:16:17,570 | INFO | lstm_run3 | Epoch 074 | train_loss=6.1320 | test_loss=1.5194 | test_acc=0.9571
2026-04-02 16:16:27,875 | INFO | lstm_run3 | Epoch 075 | train_loss=6.1033 | test_loss=1.5833 | test_acc=0.9658
2026-04-02 16:16:37,796 | INFO | lstm_run3 | Epoch 076 | train_loss=6.1431 | test_loss=1.5262 | test_acc=0.9654
2026-04-02 16:16:47,741 | INFO | lstm_run3 | Epoch 077 | train_loss=6.0957 | test_loss=1.6103 | test_acc=0.9600
2026-04-02 16:16:57,632 | INFO | lstm_run3 | Epoch 078 | train_loss=5.6963 | test_loss=1.5635 | test_acc=0.9524
2026-04-02 16:17:07,848 | INFO | lstm_run3 | Epoch 079 | train_loss=5.8798 | test_loss=1.5414 | test_acc=0.9628
2026-04-02 16:17:17,862 | INFO | lstm_run3 | Epoch 080 | train_loss=5.7948 | test_loss=1.8027 | test_acc=0.9614
2026-04-02 16:17:27,905 | INFO | lstm_run3 | Epoch 081 | train_loss=5.9014 | test_loss=1.5742 | test_acc=0.9622
2026-04-02 16:17:37,704 | INFO | lstm_run3 | Epoch 082 | train_loss=6.0254 | test_loss=1.4831 | test_acc=0.9636
2026-04-02 16:17:47,792 | INFO | lstm_run3 | Epoch 083 | train_loss=5.6467 | test_loss=1.4681 | test_acc=0.9636
2026-04-02 16:17:57,621 | INFO | lstm_run3 | Epoch 084 | train_loss=5.6259 | test_loss=1.4396 | test_acc=0.9599
2026-04-02 16:18:07,448 | INFO | lstm_run3 | Epoch 085 | train_loss=5.6966 | test_loss=1.4758 | test_acc=0.9613
2026-04-02 16:18:17,259 | INFO | lstm_run3 | Epoch 086 | train_loss=5.5330 | test_loss=1.5269 | test_acc=0.9674
2026-04-02 16:18:27,324 | INFO | lstm_run3 | Epoch 087 | train_loss=5.4617 | test_loss=1.4409 | test_acc=0.9577
2026-04-02 16:18:37,288 | INFO | lstm_run3 | Epoch 088 | train_loss=5.4121 | test_loss=1.4196 | test_acc=0.9676
2026-04-02 16:18:47,210 | INFO | lstm_run3 | Epoch 089 | train_loss=5.1798 | test_loss=1.4441 | test_acc=0.9558
2026-04-02 16:18:57,177 | INFO | lstm_run3 | Epoch 090 | train_loss=5.2110 | test_loss=1.5938 | test_acc=0.9614
2026-04-02 16:19:07,231 | INFO | lstm_run3 | Epoch 091 | train_loss=5.4748 | test_loss=1.4806 | test_acc=0.9596
2026-04-02 16:19:17,637 | INFO | lstm_run3 | Epoch 092 | train_loss=5.3511 | test_loss=1.4349 | test_acc=0.9527
2026-04-02 16:19:28,136 | INFO | lstm_run3 | Epoch 093 | train_loss=5.1508 | test_loss=1.4528 | test_acc=0.9614
2026-04-02 16:19:38,466 | INFO | lstm_run3 | Epoch 094 | train_loss=5.3481 | test_loss=1.5559 | test_acc=0.9605
2026-04-02 16:19:48,856 | INFO | lstm_run3 | Epoch 095 | train_loss=5.0076 | test_loss=1.5643 | test_acc=0.9685
2026-04-02 16:19:59,404 | INFO | lstm_run3 | Epoch 096 | train_loss=4.8114 | test_loss=1.4523 | test_acc=0.9634
2026-04-02 16:20:09,903 | INFO | lstm_run3 | Epoch 097 | train_loss=5.0153 | test_loss=1.5537 | test_acc=0.9491
2026-04-02 16:20:19,847 | INFO | lstm_run3 | Epoch 098 | train_loss=5.2632 | test_loss=1.4386 | test_acc=0.9642
2026-04-02 16:20:30,274 | INFO | lstm_run3 | Epoch 099 | train_loss=4.8294 | test_loss=1.4162 | test_acc=0.9655
2026-04-02 16:20:40,856 | INFO | lstm_run3 | Epoch 100 | train_loss=4.9117 | test_loss=1.4182 | test_acc=0.9698
2026-04-02 16:20:51,304 | INFO | lstm_run3 | Epoch 101 | train_loss=4.6537 | test_loss=1.4262 | test_acc=0.9534
2026-04-02 16:21:01,927 | INFO | lstm_run3 | Epoch 102 | train_loss=4.7661 | test_loss=1.4245 | test_acc=0.9645
2026-04-02 16:21:12,416 | INFO | lstm_run3 | Epoch 103 | train_loss=4.6431 | test_loss=1.4174 | test_acc=0.9696
2026-04-02 16:21:22,638 | INFO | lstm_run3 | Epoch 104 | train_loss=4.7845 | test_loss=1.3906 | test_acc=0.9563
2026-04-02 16:21:33,217 | INFO | lstm_run3 | Epoch 105 | train_loss=4.5364 | test_loss=1.3951 | test_acc=0.9584
2026-04-02 16:21:43,343 | INFO | lstm_run3 | Epoch 106 | train_loss=4.6417 | test_loss=1.3907 | test_acc=0.9624
2026-04-02 16:21:53,461 | INFO | lstm_run3 | Epoch 107 | train_loss=4.7693 | test_loss=1.4113 | test_acc=0.9647
2026-04-02 16:22:03,964 | INFO | lstm_run3 | Epoch 108 | train_loss=4.3459 | test_loss=1.3494 | test_acc=0.9658
2026-04-02 16:22:14,418 | INFO | lstm_run3 | Epoch 109 | train_loss=4.3555 | test_loss=1.4428 | test_acc=0.9659
2026-04-02 16:22:24,936 | INFO | lstm_run3 | Epoch 110 | train_loss=4.4999 | test_loss=1.5251 | test_acc=0.9630
2026-04-02 16:22:35,432 | INFO | lstm_run3 | Epoch 111 | train_loss=4.4071 | test_loss=1.4022 | test_acc=0.9688
2026-04-02 16:22:45,730 | INFO | lstm_run3 | Epoch 112 | train_loss=4.0758 | test_loss=1.5337 | test_acc=0.9662
2026-04-02 16:22:56,201 | INFO | lstm_run3 | Epoch 113 | train_loss=4.1874 | test_loss=1.4244 | test_acc=0.9590
2026-04-02 16:23:06,606 | INFO | lstm_run3 | Epoch 114 | train_loss=4.0719 | test_loss=1.3737 | test_acc=0.9625
2026-04-02 16:23:17,064 | INFO | lstm_run3 | Epoch 115 | train_loss=4.0282 | test_loss=1.4725 | test_acc=0.9648
2026-04-02 16:23:27,434 | INFO | lstm_run3 | Epoch 116 | train_loss=4.0565 | test_loss=1.5090 | test_acc=0.9661
2026-04-02 16:23:37,868 | INFO | lstm_run3 | Epoch 117 | train_loss=4.2386 | test_loss=1.3354 | test_acc=0.9676
2026-04-02 16:23:48,177 | INFO | lstm_run3 | Epoch 118 | train_loss=4.1325 | test_loss=1.4486 | test_acc=0.9571
2026-04-02 16:23:58,534 | INFO | lstm_run3 | Epoch 119 | train_loss=4.5450 | test_loss=1.3838 | test_acc=0.9674
2026-04-02 16:24:08,845 | INFO | lstm_run3 | Epoch 120 | train_loss=3.8411 | test_loss=1.4429 | test_acc=0.9662
2026-04-02 16:24:19,195 | INFO | lstm_run3 | Epoch 121 | train_loss=3.8841 | test_loss=1.3414 | test_acc=0.9629
2026-04-02 16:24:29,693 | INFO | lstm_run3 | Epoch 122 | train_loss=4.0005 | test_loss=1.3925 | test_acc=0.9652
2026-04-02 16:24:40,269 | INFO | lstm_run3 | Epoch 123 | train_loss=3.8234 | test_loss=1.4253 | test_acc=0.9610
2026-04-02 16:24:50,888 | INFO | lstm_run3 | Epoch 124 | train_loss=3.8138 | test_loss=1.4371 | test_acc=0.9693
2026-04-02 16:25:01,316 | INFO | lstm_run3 | Epoch 125 | train_loss=3.8479 | test_loss=1.4518 | test_acc=0.9715
2026-04-02 16:25:11,559 | INFO | lstm_run3 | Epoch 126 | train_loss=3.8248 | test_loss=1.5633 | test_acc=0.9732
2026-04-02 16:25:21,798 | INFO | lstm_run3 | Epoch 127 | train_loss=3.7289 | test_loss=1.3537 | test_acc=0.9625
2026-04-02 16:25:32,437 | INFO | lstm_run3 | Epoch 128 | train_loss=3.7450 | test_loss=1.3906 | test_acc=0.9625
2026-04-02 16:25:43,202 | INFO | lstm_run3 | Epoch 129 | train_loss=3.5985 | test_loss=1.5118 | test_acc=0.9649
2026-04-02 16:25:53,905 | INFO | lstm_run3 | Epoch 130 | train_loss=3.6117 | test_loss=1.4610 | test_acc=0.9687
2026-04-02 16:26:04,836 | INFO | lstm_run3 | Epoch 131 | train_loss=3.7186 | test_loss=1.4663 | test_acc=0.9626
2026-04-02 16:26:15,581 | INFO | lstm_run3 | Epoch 132 | train_loss=3.7344 | test_loss=1.4889 | test_acc=0.9679
2026-04-02 16:26:25,853 | INFO | lstm_run3 | Epoch 133 | train_loss=3.3961 | test_loss=1.5303 | test_acc=0.9657
2026-04-02 16:26:35,882 | INFO | lstm_run3 | Epoch 134 | train_loss=3.7991 | test_loss=1.4390 | test_acc=0.9584
2026-04-02 16:26:46,048 | INFO | lstm_run3 | Epoch 135 | train_loss=3.4735 | test_loss=1.4942 | test_acc=0.9709
2026-04-02 16:26:56,154 | INFO | lstm_run3 | Epoch 136 | train_loss=3.3018 | test_loss=1.4853 | test_acc=0.9614
2026-04-02 16:27:06,273 | INFO | lstm_run3 | Epoch 137 | train_loss=3.4361 | test_loss=1.4317 | test_acc=0.9597
2026-04-02 16:27:15,955 | INFO | lstm_run3 | Epoch 138 | train_loss=3.4550 | test_loss=1.4055 | test_acc=0.9631
2026-04-02 16:27:26,447 | INFO | lstm_run3 | Epoch 139 | train_loss=3.4197 | test_loss=1.4406 | test_acc=0.9688
2026-04-02 16:27:36,889 | INFO | lstm_run3 | Epoch 140 | train_loss=3.5333 | test_loss=1.7442 | test_acc=0.9662
2026-04-02 16:27:47,406 | INFO | lstm_run3 | Epoch 141 | train_loss=3.3205 | test_loss=1.4153 | test_acc=0.9711
2026-04-02 16:27:56,738 | INFO | lstm_run3 | Epoch 142 | train_loss=3.3068 | test_loss=1.5520 | test_acc=0.9757
2026-04-02 16:28:06,086 | INFO | lstm_run3 | Epoch 143 | train_loss=3.2905 | test_loss=1.5287 | test_acc=0.9607
2026-04-02 16:28:15,549 | INFO | lstm_run3 | Epoch 144 | train_loss=3.4909 | test_loss=1.5448 | test_acc=0.9601
2026-04-02 16:28:25,210 | INFO | lstm_run3 | Epoch 145 | train_loss=3.1985 | test_loss=1.4741 | test_acc=0.9672
2026-04-02 16:28:34,992 | INFO | lstm_run3 | Epoch 146 | train_loss=3.2258 | test_loss=1.4381 | test_acc=0.9669
2026-04-02 16:28:44,976 | INFO | lstm_run3 | Epoch 147 | train_loss=3.1965 | test_loss=1.4234 | test_acc=0.9671
2026-04-02 16:28:54,972 | INFO | lstm_run3 | Epoch 148 | train_loss=2.9301 | test_loss=1.4911 | test_acc=0.9710
2026-04-02 16:29:05,002 | INFO | lstm_run3 | Epoch 149 | train_loss=3.0612 | test_loss=1.4641 | test_acc=0.9648
2026-04-02 16:29:15,077 | INFO | lstm_run3 | Epoch 150 | train_loss=3.2265 | test_loss=1.4741 | test_acc=0.9678
2026-04-02 16:29:25,427 | INFO | lstm_run3 | Epoch 151 | train_loss=3.0641 | test_loss=1.4755 | test_acc=0.9678
2026-04-02 16:29:35,624 | INFO | lstm_run3 | Epoch 152 | train_loss=2.9037 | test_loss=1.5189 | test_acc=0.9666
2026-04-02 16:29:45,722 | INFO | lstm_run3 | Epoch 153 | train_loss=2.8924 | test_loss=1.6162 | test_acc=0.9639
2026-04-02 16:29:55,593 | INFO | lstm_run3 | Epoch 154 | train_loss=3.1898 | test_loss=1.4824 | test_acc=0.9719
2026-04-02 16:30:05,858 | INFO | lstm_run3 | Epoch 155 | train_loss=2.9835 | test_loss=1.7393 | test_acc=0.9694
2026-04-02 16:30:15,923 | INFO | lstm_run3 | Epoch 156 | train_loss=3.3018 | test_loss=1.5193 | test_acc=0.9700
2026-04-02 16:30:26,156 | INFO | lstm_run3 | Epoch 157 | train_loss=2.8817 | test_loss=1.4802 | test_acc=0.9638
2026-04-02 16:30:36,185 | INFO | lstm_run3 | Epoch 158 | train_loss=2.9664 | test_loss=1.6562 | test_acc=0.9682
2026-04-02 16:30:46,341 | INFO | lstm_run3 | Epoch 159 | train_loss=3.0128 | test_loss=1.5224 | test_acc=0.9700
2026-04-02 16:30:55,724 | INFO | lstm_run3 | Epoch 160 | train_loss=2.8952 | test_loss=1.5149 | test_acc=0.9678
2026-04-02 16:31:05,118 | INFO | lstm_run3 | Epoch 161 | train_loss=2.9374 | test_loss=1.4790 | test_acc=0.9697
2026-04-02 16:31:15,442 | INFO | lstm_run3 | Epoch 162 | train_loss=3.1016 | test_loss=1.6370 | test_acc=0.9719
2026-04-02 16:31:25,725 | INFO | lstm_run3 | Epoch 163 | train_loss=2.7936 | test_loss=1.4955 | test_acc=0.9698
2026-04-02 16:31:36,000 | INFO | lstm_run3 | Epoch 164 | train_loss=2.6498 | test_loss=1.4896 | test_acc=0.9728
2026-04-02 16:31:46,367 | INFO | lstm_run3 | Epoch 165 | train_loss=2.9664 | test_loss=1.5890 | test_acc=0.9705
2026-04-02 16:31:56,652 | INFO | lstm_run3 | Epoch 166 | train_loss=2.8881 | test_loss=1.5709 | test_acc=0.9688
2026-04-02 16:32:06,918 | INFO | lstm_run3 | Epoch 167 | train_loss=2.5272 | test_loss=1.6103 | test_acc=0.9664
2026-04-02 16:32:17,104 | INFO | lstm_run3 | Epoch 168 | train_loss=2.6620 | test_loss=1.6169 | test_acc=0.9646
2026-04-02 16:32:27,318 | INFO | lstm_run3 | Epoch 169 | train_loss=2.9441 | test_loss=1.5199 | test_acc=0.9648
2026-04-02 16:32:37,537 | INFO | lstm_run3 | Epoch 170 | train_loss=2.5459 | test_loss=1.5307 | test_acc=0.9699
2026-04-02 16:32:47,831 | INFO | lstm_run3 | Epoch 171 | train_loss=2.6217 | test_loss=1.4891 | test_acc=0.9677
2026-04-02 16:32:57,784 | INFO | lstm_run3 | Epoch 172 | train_loss=3.0381 | test_loss=1.5847 | test_acc=0.9709
2026-04-02 16:33:08,004 | INFO | lstm_run3 | Epoch 173 | train_loss=2.7457 | test_loss=1.5708 | test_acc=0.9719
2026-04-02 16:33:18,756 | INFO | lstm_run3 | Epoch 174 | train_loss=2.6797 | test_loss=1.5411 | test_acc=0.9711
2026-04-02 16:33:29,395 | INFO | lstm_run3 | Epoch 175 | train_loss=2.4467 | test_loss=1.5246 | test_acc=0.9692
2026-04-02 16:33:39,346 | INFO | lstm_run3 | Epoch 176 | train_loss=2.5212 | test_loss=1.6074 | test_acc=0.9560
2026-04-02 16:33:49,401 | INFO | lstm_run3 | Epoch 177 | train_loss=2.4602 | test_loss=1.5298 | test_acc=0.9728
2026-04-02 16:33:59,349 | INFO | lstm_run3 | Epoch 178 | train_loss=2.9866 | test_loss=1.6200 | test_acc=0.9649
2026-04-02 16:34:09,290 | INFO | lstm_run3 | Epoch 179 | train_loss=2.6904 | test_loss=1.5561 | test_acc=0.9648
2026-04-02 16:34:19,240 | INFO | lstm_run3 | Epoch 180 | train_loss=2.3096 | test_loss=1.5980 | test_acc=0.9713
2026-04-02 16:34:29,205 | INFO | lstm_run3 | Epoch 181 | train_loss=2.3463 | test_loss=1.6442 | test_acc=0.9710
2026-04-02 16:34:39,346 | INFO | lstm_run3 | Epoch 182 | train_loss=2.5886 | test_loss=1.5343 | test_acc=0.9693
2026-04-02 16:34:49,334 | INFO | lstm_run3 | Epoch 183 | train_loss=2.2786 | test_loss=1.6049 | test_acc=0.9667
2026-04-02 16:34:59,168 | INFO | lstm_run3 | Epoch 184 | train_loss=2.4982 | test_loss=1.5686 | test_acc=0.9703
2026-04-02 16:35:08,443 | INFO | lstm_run3 | Epoch 185 | train_loss=2.4758 | test_loss=1.5813 | test_acc=0.9700
2026-04-02 16:35:18,172 | INFO | lstm_run3 | Epoch 186 | train_loss=2.3207 | test_loss=1.5706 | test_acc=0.9638
2026-04-02 16:35:27,444 | INFO | lstm_run3 | Epoch 187 | train_loss=2.6267 | test_loss=1.5555 | test_acc=0.9695
2026-04-02 16:35:36,727 | INFO | lstm_run3 | Epoch 188 | train_loss=2.4667 | test_loss=1.8182 | test_acc=0.9693
2026-04-02 16:35:46,117 | INFO | lstm_run3 | Epoch 189 | train_loss=2.3744 | test_loss=1.6680 | test_acc=0.9708
2026-04-02 16:35:56,016 | INFO | lstm_run3 | Epoch 190 | train_loss=2.3925 | test_loss=1.6530 | test_acc=0.9606
2026-04-02 16:36:05,792 | INFO | lstm_run3 | Epoch 191 | train_loss=2.3409 | test_loss=1.6044 | test_acc=0.9702
2026-04-02 16:36:15,063 | INFO | lstm_run3 | Epoch 192 | train_loss=2.5234 | test_loss=1.5321 | test_acc=0.9710
2026-04-02 16:36:24,758 | INFO | lstm_run3 | Epoch 193 | train_loss=2.1654 | test_loss=1.6016 | test_acc=0.9740
2026-04-02 16:36:34,593 | INFO | lstm_run3 | Epoch 194 | train_loss=2.2172 | test_loss=1.5826 | test_acc=0.9637
2026-04-02 16:36:44,519 | INFO | lstm_run3 | Epoch 195 | train_loss=2.2849 | test_loss=1.6270 | test_acc=0.9674
2026-04-02 16:36:54,331 | INFO | lstm_run3 | Epoch 196 | train_loss=2.2322 | test_loss=1.5810 | test_acc=0.9708
2026-04-02 16:37:04,121 | INFO | lstm_run3 | Epoch 197 | train_loss=2.1285 | test_loss=1.5640 | test_acc=0.9695
2026-04-02 16:37:13,613 | INFO | lstm_run3 | Epoch 198 | train_loss=2.2959 | test_loss=1.6951 | test_acc=0.9662
2026-04-02 16:37:22,906 | INFO | lstm_run3 | Epoch 199 | train_loss=2.2957 | test_loss=1.6531 | test_acc=0.9720
2026-04-02 16:37:32,209 | INFO | lstm_run3 | Epoch 200 | train_loss=2.1254 | test_loss=1.7057 | test_acc=0.9707
2026-04-02 16:37:41,655 | INFO | lstm_run4 | Epoch 001 | train_loss=249.5950 | test_loss=32.1979 | test_acc=0.3848
2026-04-02 16:37:52,079 | INFO | lstm_run4 | Epoch 002 | train_loss=140.0891 | test_loss=18.7016 | test_acc=0.5391
2026-04-02 16:38:02,572 | INFO | lstm_run4 | Epoch 003 | train_loss=94.8720 | test_loss=13.7060 | test_acc=0.6294
2026-04-02 16:38:13,112 | INFO | lstm_run4 | Epoch 004 | train_loss=69.9936 | test_loss=10.7452 | test_acc=0.7041
2026-04-02 16:38:23,622 | INFO | lstm_run4 | Epoch 005 | train_loss=56.3364 | test_loss=8.8929 | test_acc=0.7463
2026-04-02 16:38:34,214 | INFO | lstm_run4 | Epoch 006 | train_loss=48.7504 | test_loss=7.9571 | test_acc=0.7605
2026-04-02 16:38:45,095 | INFO | lstm_run4 | Epoch 007 | train_loss=43.2140 | test_loss=7.1321 | test_acc=0.7834
2026-04-02 16:38:55,833 | INFO | lstm_run4 | Epoch 008 | train_loss=39.4404 | test_loss=6.5014 | test_acc=0.7862
2026-04-02 16:39:06,652 | INFO | lstm_run4 | Epoch 009 | train_loss=35.6321 | test_loss=5.9566 | test_acc=0.7929
2026-04-02 16:39:17,452 | INFO | lstm_run4 | Epoch 010 | train_loss=33.7982 | test_loss=5.6643 | test_acc=0.8371
2026-04-02 16:39:28,218 | INFO | lstm_run4 | Epoch 011 | train_loss=31.0615 | test_loss=5.1990 | test_acc=0.8344
2026-04-02 16:39:38,887 | INFO | lstm_run4 | Epoch 012 | train_loss=29.0005 | test_loss=4.8791 | test_acc=0.8394
2026-04-02 16:39:49,711 | INFO | lstm_run4 | Epoch 013 | train_loss=27.3482 | test_loss=4.7288 | test_acc=0.8501
2026-04-02 16:40:00,327 | INFO | lstm_run4 | Epoch 014 | train_loss=25.6643 | test_loss=4.8823 | test_acc=0.8571
2026-04-02 16:40:11,072 | INFO | lstm_run4 | Epoch 015 | train_loss=24.4721 | test_loss=4.4089 | test_acc=0.8613
2026-04-02 16:40:21,161 | INFO | lstm_run4 | Epoch 016 | train_loss=23.3246 | test_loss=4.0507 | test_acc=0.8721
2026-04-02 16:40:31,860 | INFO | lstm_run4 | Epoch 017 | train_loss=21.9611 | test_loss=3.9988 | test_acc=0.8821
2026-04-02 16:40:41,837 | INFO | lstm_run4 | Epoch 018 | train_loss=21.2701 | test_loss=3.8108 | test_acc=0.8748
2026-04-02 16:40:52,336 | INFO | lstm_run4 | Epoch 019 | train_loss=20.2186 | test_loss=4.1363 | test_acc=0.8857
2026-04-02 16:41:02,935 | INFO | lstm_run4 | Epoch 020 | train_loss=19.6021 | test_loss=3.6169 | test_acc=0.8858
2026-04-02 16:41:13,540 | INFO | lstm_run4 | Epoch 021 | train_loss=18.6817 | test_loss=3.5223 | test_acc=0.8979
2026-04-02 16:41:24,151 | INFO | lstm_run4 | Epoch 022 | train_loss=18.1662 | test_loss=3.4065 | test_acc=0.9040
2026-04-02 16:41:34,745 | INFO | lstm_run4 | Epoch 023 | train_loss=17.3725 | test_loss=3.4670 | test_acc=0.9129
2026-04-02 16:41:45,346 | INFO | lstm_run4 | Epoch 024 | train_loss=16.9133 | test_loss=3.2581 | test_acc=0.9050
2026-04-02 16:41:55,997 | INFO | lstm_run4 | Epoch 025 | train_loss=16.2728 | test_loss=3.1459 | test_acc=0.9102
2026-04-02 16:42:05,866 | INFO | lstm_run4 | Epoch 026 | train_loss=15.7351 | test_loss=3.1177 | test_acc=0.9176
2026-04-02 16:42:16,509 | INFO | lstm_run4 | Epoch 027 | train_loss=15.6299 | test_loss=3.0996 | test_acc=0.9130
2026-04-02 16:42:27,186 | INFO | lstm_run4 | Epoch 028 | train_loss=14.9083 | test_loss=2.9365 | test_acc=0.9123
2026-04-02 16:42:37,865 | INFO | lstm_run4 | Epoch 029 | train_loss=14.7115 | test_loss=2.8402 | test_acc=0.9127
2026-04-02 16:42:48,076 | INFO | lstm_run4 | Epoch 030 | train_loss=14.3625 | test_loss=2.9429 | test_acc=0.9006
2026-04-02 16:42:58,176 | INFO | lstm_run4 | Epoch 031 | train_loss=14.1092 | test_loss=2.7694 | test_acc=0.9185
2026-04-02 16:43:08,732 | INFO | lstm_run4 | Epoch 032 | train_loss=13.5007 | test_loss=2.8279 | test_acc=0.9228
2026-04-02 16:43:19,290 | INFO | lstm_run4 | Epoch 033 | train_loss=13.0834 | test_loss=2.6260 | test_acc=0.9203
2026-04-02 16:43:29,478 | INFO | lstm_run4 | Epoch 034 | train_loss=13.4713 | test_loss=2.6278 | test_acc=0.9312
2026-04-02 16:43:39,682 | INFO | lstm_run4 | Epoch 035 | train_loss=12.9367 | test_loss=2.7848 | test_acc=0.9280
2026-04-02 16:43:50,258 | INFO | lstm_run4 | Epoch 036 | train_loss=12.3941 | test_loss=2.5607 | test_acc=0.9248
2026-04-02 16:44:00,976 | INFO | lstm_run4 | Epoch 037 | train_loss=12.1002 | test_loss=2.6097 | test_acc=0.9270
2026-04-02 16:44:11,641 | INFO | lstm_run4 | Epoch 038 | train_loss=12.0067 | test_loss=2.6609 | test_acc=0.9203
2026-04-02 16:44:22,382 | INFO | lstm_run4 | Epoch 039 | train_loss=11.8289 | test_loss=2.4239 | test_acc=0.9384
2026-04-02 16:44:33,063 | INFO | lstm_run4 | Epoch 040 | train_loss=11.5246 | test_loss=2.5723 | test_acc=0.9284
2026-04-02 16:44:43,813 | INFO | lstm_run4 | Epoch 041 | train_loss=11.5063 | test_loss=2.4998 | test_acc=0.9254
2026-04-02 16:44:54,365 | INFO | lstm_run4 | Epoch 042 | train_loss=11.6874 | test_loss=2.4272 | test_acc=0.9328
2026-04-02 16:45:05,079 | INFO | lstm_run4 | Epoch 043 | train_loss=11.1006 | test_loss=2.3055 | test_acc=0.9389
2026-04-02 16:45:15,905 | INFO | lstm_run4 | Epoch 044 | train_loss=11.0441 | test_loss=2.4357 | test_acc=0.9281
2026-04-02 16:45:26,679 | INFO | lstm_run4 | Epoch 045 | train_loss=10.7252 | test_loss=2.3037 | test_acc=0.9263
2026-04-02 16:45:37,458 | INFO | lstm_run4 | Epoch 046 | train_loss=10.2660 | test_loss=2.3359 | test_acc=0.9347
2026-04-02 16:45:48,250 | INFO | lstm_run4 | Epoch 047 | train_loss=10.3279 | test_loss=2.4015 | test_acc=0.9298
2026-04-02 16:45:58,881 | INFO | lstm_run4 | Epoch 048 | train_loss=10.3831 | test_loss=2.4582 | test_acc=0.9135
2026-04-02 16:46:09,634 | INFO | lstm_run4 | Epoch 049 | train_loss=10.3422 | test_loss=2.2471 | test_acc=0.9383
2026-04-02 16:46:20,358 | INFO | lstm_run4 | Epoch 050 | train_loss=9.8845 | test_loss=2.2939 | test_acc=0.9364
2026-04-02 16:46:31,087 | INFO | lstm_run4 | Epoch 051 | train_loss=9.8124 | test_loss=2.1772 | test_acc=0.9380
2026-04-02 16:46:41,934 | INFO | lstm_run4 | Epoch 052 | train_loss=9.5192 | test_loss=2.4011 | test_acc=0.9283
2026-04-02 16:46:52,655 | INFO | lstm_run4 | Epoch 053 | train_loss=9.6392 | test_loss=2.2987 | test_acc=0.9385
2026-04-02 16:47:03,486 | INFO | lstm_run4 | Epoch 054 | train_loss=9.3843 | test_loss=2.2815 | test_acc=0.9337
2026-04-02 16:47:14,320 | INFO | lstm_run4 | Epoch 055 | train_loss=9.3215 | test_loss=2.1279 | test_acc=0.9260
2026-04-02 16:47:25,023 | INFO | lstm_run4 | Epoch 056 | train_loss=9.1028 | test_loss=2.2097 | test_acc=0.9319
2026-04-02 16:47:35,699 | INFO | lstm_run4 | Epoch 057 | train_loss=9.2900 | test_loss=2.3094 | test_acc=0.9334
2026-04-02 16:47:46,501 | INFO | lstm_run4 | Epoch 058 | train_loss=9.0610 | test_loss=2.2263 | test_acc=0.9279
2026-04-02 16:47:57,280 | INFO | lstm_run4 | Epoch 059 | train_loss=8.7759 | test_loss=2.1963 | test_acc=0.9365
2026-04-02 16:48:08,015 | INFO | lstm_run4 | Epoch 060 | train_loss=8.5308 | test_loss=2.0507 | test_acc=0.9414
2026-04-02 16:48:18,807 | INFO | lstm_run4 | Epoch 061 | train_loss=8.6281 | test_loss=1.9839 | test_acc=0.9399
2026-04-02 16:48:29,493 | INFO | lstm_run4 | Epoch 062 | train_loss=8.5994 | test_loss=2.0362 | test_acc=0.9319
2026-04-02 16:48:40,160 | INFO | lstm_run4 | Epoch 063 | train_loss=8.3961 | test_loss=2.0140 | test_acc=0.9363
2026-04-02 16:48:50,891 | INFO | lstm_run4 | Epoch 064 | train_loss=8.4092 | test_loss=1.9791 | test_acc=0.9415
2026-04-02 16:49:01,582 | INFO | lstm_run4 | Epoch 065 | train_loss=7.9374 | test_loss=2.2316 | test_acc=0.9169
2026-04-02 16:49:12,273 | INFO | lstm_run4 | Epoch 066 | train_loss=8.1538 | test_loss=1.9981 | test_acc=0.9379
2026-04-02 16:49:23,047 | INFO | lstm_run4 | Epoch 067 | train_loss=7.8772 | test_loss=2.0064 | test_acc=0.9429
2026-04-02 16:49:33,742 | INFO | lstm_run4 | Epoch 068 | train_loss=8.0500 | test_loss=1.9369 | test_acc=0.9445
2026-04-02 16:49:43,600 | INFO | lstm_run4 | Epoch 069 | train_loss=7.8931 | test_loss=2.0240 | test_acc=0.9403
2026-04-02 16:49:53,416 | INFO | lstm_run4 | Epoch 070 | train_loss=7.6809 | test_loss=2.0118 | test_acc=0.9436
2026-04-02 16:50:03,317 | INFO | lstm_run4 | Epoch 071 | train_loss=7.9562 | test_loss=1.9696 | test_acc=0.9436
2026-04-02 16:50:13,103 | INFO | lstm_run4 | Epoch 072 | train_loss=7.5375 | test_loss=1.9322 | test_acc=0.9510
2026-04-02 16:50:23,002 | INFO | lstm_run4 | Epoch 073 | train_loss=7.5127 | test_loss=2.0239 | test_acc=0.9492
2026-04-02 16:50:32,894 | INFO | lstm_run4 | Epoch 074 | train_loss=7.8284 | test_loss=1.9542 | test_acc=0.9363
2026-04-02 16:50:42,744 | INFO | lstm_run4 | Epoch 075 | train_loss=7.4297 | test_loss=1.9783 | test_acc=0.9490
2026-04-02 16:50:52,546 | INFO | lstm_run4 | Epoch 076 | train_loss=7.2257 | test_loss=1.9658 | test_acc=0.9491
2026-04-02 16:51:02,391 | INFO | lstm_run4 | Epoch 077 | train_loss=7.4201 | test_loss=2.1692 | test_acc=0.9318
2026-04-02 16:51:12,296 | INFO | lstm_run4 | Epoch 078 | train_loss=7.1564 | test_loss=1.9621 | test_acc=0.9439
2026-04-02 16:51:22,293 | INFO | lstm_run4 | Epoch 079 | train_loss=6.8735 | test_loss=1.8622 | test_acc=0.9512
2026-04-02 16:51:32,230 | INFO | lstm_run4 | Epoch 080 | train_loss=7.0137 | test_loss=1.8396 | test_acc=0.9399
2026-04-02 16:51:42,169 | INFO | lstm_run4 | Epoch 081 | train_loss=6.8360 | test_loss=1.9353 | test_acc=0.9579
2026-04-02 16:51:52,112 | INFO | lstm_run4 | Epoch 082 | train_loss=7.0600 | test_loss=1.8689 | test_acc=0.9367
2026-04-02 16:52:02,066 | INFO | lstm_run4 | Epoch 083 | train_loss=6.8275 | test_loss=1.9118 | test_acc=0.9438
2026-04-02 16:52:11,935 | INFO | lstm_run4 | Epoch 084 | train_loss=6.7252 | test_loss=1.8792 | test_acc=0.9516
2026-04-02 16:52:22,000 | INFO | lstm_run4 | Epoch 085 | train_loss=6.5061 | test_loss=2.2061 | test_acc=0.9500
2026-04-02 16:52:31,984 | INFO | lstm_run4 | Epoch 086 | train_loss=6.7680 | test_loss=1.8730 | test_acc=0.9544
2026-04-02 16:52:41,921 | INFO | lstm_run4 | Epoch 087 | train_loss=6.7547 | test_loss=1.8355 | test_acc=0.9488
2026-04-02 16:52:51,932 | INFO | lstm_run4 | Epoch 088 | train_loss=6.5046 | test_loss=1.8314 | test_acc=0.9487
2026-04-02 16:53:01,750 | INFO | lstm_run4 | Epoch 089 | train_loss=6.4461 | test_loss=1.7879 | test_acc=0.9428
2026-04-02 16:53:11,928 | INFO | lstm_run4 | Epoch 090 | train_loss=6.2265 | test_loss=1.7757 | test_acc=0.9514
2026-04-02 16:53:22,339 | INFO | lstm_run4 | Epoch 091 | train_loss=6.1927 | test_loss=1.8622 | test_acc=0.9570
2026-04-02 16:53:32,799 | INFO | lstm_run4 | Epoch 092 | train_loss=6.3943 | test_loss=1.8784 | test_acc=0.9507
2026-04-02 16:53:43,506 | INFO | lstm_run4 | Epoch 093 | train_loss=6.0412 | test_loss=1.9017 | test_acc=0.9396
2026-04-02 16:53:54,296 | INFO | lstm_run4 | Epoch 094 | train_loss=6.2458 | test_loss=1.9497 | test_acc=0.9606
2026-04-02 16:54:05,056 | INFO | lstm_run4 | Epoch 095 | train_loss=6.3488 | test_loss=1.7449 | test_acc=0.9567
2026-04-02 16:54:15,837 | INFO | lstm_run4 | Epoch 096 | train_loss=5.9952 | test_loss=1.8137 | test_acc=0.9502
2026-04-02 16:54:26,725 | INFO | lstm_run4 | Epoch 097 | train_loss=6.1601 | test_loss=1.8988 | test_acc=0.9426
2026-04-02 16:54:37,516 | INFO | lstm_run4 | Epoch 098 | train_loss=5.9460 | test_loss=1.8207 | test_acc=0.9619
2026-04-02 16:54:48,300 | INFO | lstm_run4 | Epoch 099 | train_loss=5.7887 | test_loss=1.7159 | test_acc=0.9560
2026-04-02 16:54:58,971 | INFO | lstm_run4 | Epoch 100 | train_loss=5.7571 | test_loss=1.7949 | test_acc=0.9587
2026-04-02 16:55:08,611 | INFO | lstm_run4 | Epoch 101 | train_loss=5.8109 | test_loss=1.7883 | test_acc=0.9517
2026-04-02 16:55:18,588 | INFO | lstm_run4 | Epoch 102 | train_loss=5.7606 | test_loss=1.6915 | test_acc=0.9506
2026-04-02 16:55:28,562 | INFO | lstm_run4 | Epoch 103 | train_loss=5.4980 | test_loss=1.7881 | test_acc=0.9516
2026-04-02 16:55:38,550 | INFO | lstm_run4 | Epoch 104 | train_loss=5.5378 | test_loss=1.6850 | test_acc=0.9561
2026-04-02 16:55:48,570 | INFO | lstm_run4 | Epoch 105 | train_loss=5.6820 | test_loss=1.8109 | test_acc=0.9475
2026-04-02 16:55:58,632 | INFO | lstm_run4 | Epoch 106 | train_loss=5.6508 | test_loss=1.7669 | test_acc=0.9409
2026-04-02 16:56:08,376 | INFO | lstm_run4 | Epoch 107 | train_loss=5.5094 | test_loss=1.7878 | test_acc=0.9597
2026-04-02 16:56:18,005 | INFO | lstm_run4 | Epoch 108 | train_loss=5.3821 | test_loss=1.6532 | test_acc=0.9499
2026-04-02 16:56:28,395 | INFO | lstm_run4 | Epoch 109 | train_loss=5.6246 | test_loss=1.7389 | test_acc=0.9579
2026-04-02 16:56:37,713 | INFO | lstm_run4 | Epoch 110 | train_loss=5.4061 | test_loss=1.8748 | test_acc=0.9573
2026-04-02 16:56:47,301 | INFO | lstm_run4 | Epoch 111 | train_loss=5.4578 | test_loss=1.9469 | test_acc=0.9508
2026-04-02 16:56:56,597 | INFO | lstm_run4 | Epoch 112 | train_loss=5.3346 | test_loss=1.7866 | test_acc=0.9427
2026-04-02 16:57:06,510 | INFO | lstm_run4 | Epoch 113 | train_loss=5.2254 | test_loss=1.7311 | test_acc=0.9566
2026-04-02 16:57:17,262 | INFO | lstm_run4 | Epoch 114 | train_loss=5.1453 | test_loss=1.6890 | test_acc=0.9572
2026-04-02 16:57:28,194 | INFO | lstm_run4 | Epoch 115 | train_loss=5.1267 | test_loss=1.7152 | test_acc=0.9539
2026-04-02 16:57:38,166 | INFO | lstm_run4 | Epoch 116 | train_loss=5.3179 | test_loss=1.6802 | test_acc=0.9549
2026-04-02 16:57:48,839 | INFO | lstm_run4 | Epoch 117 | train_loss=4.9859 | test_loss=1.7363 | test_acc=0.9554
2026-04-02 16:57:59,474 | INFO | lstm_run4 | Epoch 118 | train_loss=5.2720 | test_loss=1.6310 | test_acc=0.9548
2026-04-02 16:58:10,116 | INFO | lstm_run4 | Epoch 119 | train_loss=4.9539 | test_loss=1.9116 | test_acc=0.9468
2026-04-02 16:58:20,376 | INFO | lstm_run4 | Epoch 120 | train_loss=5.2009 | test_loss=1.6428 | test_acc=0.9563
2026-04-02 16:58:31,146 | INFO | lstm_run4 | Epoch 121 | train_loss=5.1294 | test_loss=1.9187 | test_acc=0.9527
2026-04-02 16:58:41,932 | INFO | lstm_run4 | Epoch 122 | train_loss=4.7774 | test_loss=1.6801 | test_acc=0.9525
2026-04-02 16:58:52,662 | INFO | lstm_run4 | Epoch 123 | train_loss=4.8228 | test_loss=1.6220 | test_acc=0.9576
2026-04-02 16:59:03,328 | INFO | lstm_run4 | Epoch 124 | train_loss=4.8911 | test_loss=1.6194 | test_acc=0.9571
2026-04-02 16:59:13,982 | INFO | lstm_run4 | Epoch 125 | train_loss=4.8355 | test_loss=1.6169 | test_acc=0.9554
2026-04-02 16:59:24,624 | INFO | lstm_run4 | Epoch 126 | train_loss=4.7917 | test_loss=1.7321 | test_acc=0.9621
2026-04-02 16:59:35,287 | INFO | lstm_run4 | Epoch 127 | train_loss=4.6898 | test_loss=1.6384 | test_acc=0.9595
2026-04-02 16:59:45,874 | INFO | lstm_run4 | Epoch 128 | train_loss=4.6111 | test_loss=1.6440 | test_acc=0.9554
2026-04-02 16:59:56,398 | INFO | lstm_run4 | Epoch 129 | train_loss=4.6181 | test_loss=1.7104 | test_acc=0.9570
2026-04-02 17:00:07,071 | INFO | lstm_run4 | Epoch 130 | train_loss=4.5113 | test_loss=1.6692 | test_acc=0.9590
2026-04-02 17:00:17,734 | INFO | lstm_run4 | Epoch 131 | train_loss=4.4605 | test_loss=1.6141 | test_acc=0.9591
2026-04-02 17:00:28,376 | INFO | lstm_run4 | Epoch 132 | train_loss=4.5019 | test_loss=1.5816 | test_acc=0.9590
2026-04-02 17:00:39,176 | INFO | lstm_run4 | Epoch 133 | train_loss=4.6789 | test_loss=1.7353 | test_acc=0.9664
2026-04-02 17:00:49,774 | INFO | lstm_run4 | Epoch 134 | train_loss=4.3377 | test_loss=1.6447 | test_acc=0.9645
2026-04-02 17:01:00,317 | INFO | lstm_run4 | Epoch 135 | train_loss=4.3982 | test_loss=1.7047 | test_acc=0.9623
2026-04-02 17:01:10,806 | INFO | lstm_run4 | Epoch 136 | train_loss=4.4937 | test_loss=1.6748 | test_acc=0.9550
2026-04-02 17:01:20,857 | INFO | lstm_run4 | Epoch 137 | train_loss=4.4290 | test_loss=1.8857 | test_acc=0.9551
2026-04-02 17:01:31,692 | INFO | lstm_run4 | Epoch 138 | train_loss=4.6194 | test_loss=1.6507 | test_acc=0.9638
2026-04-02 17:01:42,743 | INFO | lstm_run4 | Epoch 139 | train_loss=4.4188 | test_loss=1.6186 | test_acc=0.9566
2026-04-02 17:01:53,522 | INFO | lstm_run4 | Epoch 140 | train_loss=4.4155 | test_loss=1.6219 | test_acc=0.9567
2026-04-02 17:02:03,991 | INFO | lstm_run4 | Epoch 141 | train_loss=4.1855 | test_loss=1.7415 | test_acc=0.9623
2026-04-02 17:02:14,082 | INFO | lstm_run4 | Epoch 142 | train_loss=4.1322 | test_loss=1.5871 | test_acc=0.9602
2026-04-02 17:02:24,342 | INFO | lstm_run4 | Epoch 143 | train_loss=4.1253 | test_loss=1.6687 | test_acc=0.9647
2026-04-02 17:02:34,981 | INFO | lstm_run4 | Epoch 144 | train_loss=4.3931 | test_loss=1.6419 | test_acc=0.9522
2026-04-02 17:02:45,713 | INFO | lstm_run4 | Epoch 145 | train_loss=4.3361 | test_loss=1.6404 | test_acc=0.9539
2026-04-02 17:02:56,078 | INFO | lstm_run4 | Epoch 146 | train_loss=4.1696 | test_loss=1.6908 | test_acc=0.9620
2026-04-02 17:03:06,535 | INFO | lstm_run4 | Epoch 147 | train_loss=4.5297 | test_loss=1.7028 | test_acc=0.9551
2026-04-02 17:03:16,281 | INFO | lstm_run4 | Epoch 148 | train_loss=4.5031 | test_loss=1.5762 | test_acc=0.9637
2026-04-02 17:03:26,502 | INFO | lstm_run4 | Epoch 149 | train_loss=4.0288 | test_loss=1.6598 | test_acc=0.9602
2026-04-02 17:03:36,811 | INFO | lstm_run4 | Epoch 150 | train_loss=4.1017 | test_loss=1.6891 | test_acc=0.9600
2026-04-02 17:03:47,008 | INFO | lstm_run4 | Epoch 151 | train_loss=4.0224 | test_loss=1.6039 | test_acc=0.9535
2026-04-02 17:03:57,251 | INFO | lstm_run4 | Epoch 152 | train_loss=3.9559 | test_loss=1.7056 | test_acc=0.9618
2026-04-02 17:04:07,480 | INFO | lstm_run4 | Epoch 153 | train_loss=4.0404 | test_loss=1.5994 | test_acc=0.9521
2026-04-02 17:04:17,874 | INFO | lstm_run4 | Epoch 154 | train_loss=3.9029 | test_loss=1.6438 | test_acc=0.9586
2026-04-02 17:04:28,544 | INFO | lstm_run4 | Epoch 155 | train_loss=3.8375 | test_loss=1.7641 | test_acc=0.9589
2026-04-02 17:04:39,149 | INFO | lstm_run4 | Epoch 156 | train_loss=3.8573 | test_loss=1.6466 | test_acc=0.9584
2026-04-02 17:04:50,007 | INFO | lstm_run4 | Epoch 157 | train_loss=3.9257 | test_loss=1.6375 | test_acc=0.9558
2026-04-02 17:05:00,427 | INFO | lstm_run4 | Epoch 158 | train_loss=3.6969 | test_loss=1.5916 | test_acc=0.9623
2026-04-02 17:05:10,975 | INFO | lstm_run4 | Epoch 159 | train_loss=3.7630 | test_loss=1.9790 | test_acc=0.9526
2026-04-02 17:05:21,529 | INFO | lstm_run4 | Epoch 160 | train_loss=3.7599 | test_loss=1.8701 | test_acc=0.9511
2026-04-02 17:05:31,924 | INFO | lstm_run4 | Epoch 161 | train_loss=4.0388 | test_loss=1.8063 | test_acc=0.9595
2026-04-02 17:05:42,568 | INFO | lstm_run4 | Epoch 162 | train_loss=3.8320 | test_loss=1.5562 | test_acc=0.9601
2026-04-02 17:05:53,332 | INFO | lstm_run4 | Epoch 163 | train_loss=3.7499 | test_loss=1.6753 | test_acc=0.9566
2026-04-02 17:06:03,944 | INFO | lstm_run4 | Epoch 164 | train_loss=3.6713 | test_loss=1.6606 | test_acc=0.9516
2026-04-02 17:06:14,340 | INFO | lstm_run4 | Epoch 165 | train_loss=3.6631 | test_loss=1.6666 | test_acc=0.9526
2026-04-02 17:06:24,393 | INFO | lstm_run4 | Epoch 166 | train_loss=3.6337 | test_loss=1.6955 | test_acc=0.9640
2026-04-02 17:06:34,972 | INFO | lstm_run4 | Epoch 167 | train_loss=3.6296 | test_loss=1.6016 | test_acc=0.9616
2026-04-02 17:06:45,447 | INFO | lstm_run4 | Epoch 168 | train_loss=3.5687 | test_loss=1.6398 | test_acc=0.9587
2026-04-02 17:06:55,942 | INFO | lstm_run4 | Epoch 169 | train_loss=3.6190 | test_loss=1.6573 | test_acc=0.9638
2026-04-02 17:07:06,578 | INFO | lstm_run4 | Epoch 170 | train_loss=3.6420 | test_loss=1.8998 | test_acc=0.9517
2026-04-02 17:07:16,990 | INFO | lstm_run4 | Epoch 171 | train_loss=3.5954 | test_loss=1.8365 | test_acc=0.9557
2026-04-02 17:07:27,588 | INFO | lstm_run4 | Epoch 172 | train_loss=3.6528 | test_loss=1.6652 | test_acc=0.9653
2026-04-02 17:07:38,250 | INFO | lstm_run4 | Epoch 173 | train_loss=3.4706 | test_loss=1.7787 | test_acc=0.9433
2026-04-02 17:07:48,249 | INFO | lstm_run4 | Epoch 174 | train_loss=3.6350 | test_loss=1.8033 | test_acc=0.9573
2026-04-02 17:07:58,374 | INFO | lstm_run4 | Epoch 175 | train_loss=3.7054 | test_loss=1.6843 | test_acc=0.9615
2026-04-02 17:08:08,432 | INFO | lstm_run4 | Epoch 176 | train_loss=3.4032 | test_loss=1.7200 | test_acc=0.9663
2026-04-02 17:08:18,469 | INFO | lstm_run4 | Epoch 177 | train_loss=3.3083 | test_loss=1.7054 | test_acc=0.9646
2026-04-02 17:08:29,431 | INFO | lstm_run4 | Epoch 178 | train_loss=3.9452 | test_loss=1.7424 | test_acc=0.9627
2026-04-02 17:08:40,461 | INFO | lstm_run4 | Epoch 179 | train_loss=3.2594 | test_loss=1.7208 | test_acc=0.9604
2026-04-02 17:08:51,423 | INFO | lstm_run4 | Epoch 180 | train_loss=3.4242 | test_loss=1.6505 | test_acc=0.9663
2026-04-02 17:09:02,277 | INFO | lstm_run4 | Epoch 181 | train_loss=4.0097 | test_loss=1.7757 | test_acc=0.9668
2026-04-02 17:09:13,061 | INFO | lstm_run4 | Epoch 182 | train_loss=3.4230 | test_loss=1.6129 | test_acc=0.9581
2026-04-02 17:09:23,368 | INFO | lstm_run4 | Epoch 183 | train_loss=3.2190 | test_loss=1.7219 | test_acc=0.9601
2026-04-02 17:09:33,979 | INFO | lstm_run4 | Epoch 184 | train_loss=3.1780 | test_loss=1.6435 | test_acc=0.9596
2026-04-02 17:09:44,803 | INFO | lstm_run4 | Epoch 185 | train_loss=3.1786 | test_loss=1.6507 | test_acc=0.9570
2026-04-02 17:09:55,425 | INFO | lstm_run4 | Epoch 186 | train_loss=3.4400 | test_loss=1.7156 | test_acc=0.9583
2026-04-02 17:10:06,106 | INFO | lstm_run4 | Epoch 187 | train_loss=3.0430 | test_loss=1.7199 | test_acc=0.9611
2026-04-02 17:10:16,589 | INFO | lstm_run4 | Epoch 188 | train_loss=3.1431 | test_loss=1.7876 | test_acc=0.9563
2026-04-02 17:10:27,259 | INFO | lstm_run4 | Epoch 189 | train_loss=3.2778 | test_loss=1.6569 | test_acc=0.9585
2026-04-02 17:10:37,503 | INFO | lstm_run4 | Epoch 190 | train_loss=3.2926 | test_loss=1.6736 | test_acc=0.9661
2026-04-02 17:10:47,479 | INFO | lstm_run4 | Epoch 191 | train_loss=3.0594 | test_loss=1.6349 | test_acc=0.9642
2026-04-02 17:10:57,865 | INFO | lstm_run4 | Epoch 192 | train_loss=3.0772 | test_loss=1.7195 | test_acc=0.9649
2026-04-02 17:11:07,887 | INFO | lstm_run4 | Epoch 193 | train_loss=3.1130 | test_loss=1.7460 | test_acc=0.9569
2026-04-02 17:11:18,091 | INFO | lstm_run4 | Epoch 194 | train_loss=2.9498 | test_loss=1.6920 | test_acc=0.9619
2026-04-02 17:11:28,827 | INFO | lstm_run4 | Epoch 195 | train_loss=3.1839 | test_loss=1.6369 | test_acc=0.9586
2026-04-02 17:11:39,633 | INFO | lstm_run4 | Epoch 196 | train_loss=3.0164 | test_loss=1.9145 | test_acc=0.9651
2026-04-02 17:11:50,378 | INFO | lstm_run4 | Epoch 197 | train_loss=3.0785 | test_loss=1.7099 | test_acc=0.9616
2026-04-02 17:12:00,743 | INFO | lstm_run4 | Epoch 198 | train_loss=3.1383 | test_loss=1.9431 | test_acc=0.9640
2026-04-02 17:12:11,684 | INFO | lstm_run4 | Epoch 199 | train_loss=3.0730 | test_loss=1.7683 | test_acc=0.9649
2026-04-02 17:12:22,457 | INFO | lstm_run4 | Epoch 200 | train_loss=2.7892 | test_loss=1.7436 | test_acc=0.9604
2026-04-02 17:12:33,231 | INFO | lstm_run5 | Epoch 001 | train_loss=249.5635 | test_loss=31.7848 | test_acc=0.4007
2026-04-02 17:12:43,935 | INFO | lstm_run5 | Epoch 002 | train_loss=135.9933 | test_loss=16.9208 | test_acc=0.6802
2026-04-02 17:12:54,293 | INFO | lstm_run5 | Epoch 003 | train_loss=83.6797 | test_loss=11.7177 | test_acc=0.7245
2026-04-02 17:13:04,609 | INFO | lstm_run5 | Epoch 004 | train_loss=60.7443 | test_loss=8.8998 | test_acc=0.8109
2026-04-02 17:13:15,324 | INFO | lstm_run5 | Epoch 005 | train_loss=47.8972 | test_loss=7.4574 | test_acc=0.8292
2026-04-02 17:13:26,086 | INFO | lstm_run5 | Epoch 006 | train_loss=40.1507 | test_loss=6.3671 | test_acc=0.8640
2026-04-02 17:13:36,234 | INFO | lstm_run5 | Epoch 007 | train_loss=35.1865 | test_loss=5.6775 | test_acc=0.8636
2026-04-02 17:13:46,950 | INFO | lstm_run5 | Epoch 008 | train_loss=31.9257 | test_loss=5.3084 | test_acc=0.8821
2026-04-02 17:13:57,716 | INFO | lstm_run5 | Epoch 009 | train_loss=29.0095 | test_loss=4.9394 | test_acc=0.8877
2026-04-02 17:14:08,490 | INFO | lstm_run5 | Epoch 010 | train_loss=27.1420 | test_loss=4.5254 | test_acc=0.9034
2026-04-02 17:14:19,351 | INFO | lstm_run5 | Epoch 011 | train_loss=25.2693 | test_loss=4.4581 | test_acc=0.8945
2026-04-02 17:14:30,096 | INFO | lstm_run5 | Epoch 012 | train_loss=24.1388 | test_loss=4.7581 | test_acc=0.9038
2026-04-02 17:14:40,566 | INFO | lstm_run5 | Epoch 013 | train_loss=23.1544 | test_loss=3.8604 | test_acc=0.9082
2026-04-02 17:14:50,679 | INFO | lstm_run5 | Epoch 014 | train_loss=21.7447 | test_loss=3.8281 | test_acc=0.9171
2026-04-02 17:15:01,323 | INFO | lstm_run5 | Epoch 015 | train_loss=20.8615 | test_loss=3.7095 | test_acc=0.9212
2026-04-02 17:15:12,082 | INFO | lstm_run5 | Epoch 016 | train_loss=20.1504 | test_loss=3.5339 | test_acc=0.9269
2026-04-02 17:15:23,068 | INFO | lstm_run5 | Epoch 017 | train_loss=19.1535 | test_loss=3.5425 | test_acc=0.9151
2026-04-02 17:15:33,884 | INFO | lstm_run5 | Epoch 018 | train_loss=18.5258 | test_loss=3.3478 | test_acc=0.9241
2026-04-02 17:15:43,522 | INFO | lstm_run5 | Epoch 019 | train_loss=17.7797 | test_loss=3.3749 | test_acc=0.9288
2026-04-02 17:15:53,239 | INFO | lstm_run5 | Epoch 020 | train_loss=17.3151 | test_loss=3.1111 | test_acc=0.9256
2026-04-02 17:16:03,524 | INFO | lstm_run5 | Epoch 021 | train_loss=16.6321 | test_loss=3.1730 | test_acc=0.9395
2026-04-02 17:16:13,568 | INFO | lstm_run5 | Epoch 022 | train_loss=16.2631 | test_loss=3.0813 | test_acc=0.9314
2026-04-02 17:16:24,209 | INFO | lstm_run5 | Epoch 023 | train_loss=15.7905 | test_loss=2.8592 | test_acc=0.9424
2026-04-02 17:16:34,247 | INFO | lstm_run5 | Epoch 024 | train_loss=15.5621 | test_loss=3.0019 | test_acc=0.9353
2026-04-02 17:16:44,278 | INFO | lstm_run5 | Epoch 025 | train_loss=15.0544 | test_loss=2.7267 | test_acc=0.9435
2026-04-02 17:16:54,163 | INFO | lstm_run5 | Epoch 026 | train_loss=14.5242 | test_loss=2.7138 | test_acc=0.9415
2026-04-02 17:17:04,274 | INFO | lstm_run5 | Epoch 027 | train_loss=13.9888 | test_loss=2.7158 | test_acc=0.9403
2026-04-02 17:17:13,821 | INFO | lstm_run5 | Epoch 028 | train_loss=13.7325 | test_loss=2.8126 | test_acc=0.9395
2026-04-02 17:17:24,015 | INFO | lstm_run5 | Epoch 029 | train_loss=13.4021 | test_loss=2.5731 | test_acc=0.9454
2026-04-02 17:17:33,898 | INFO | lstm_run5 | Epoch 030 | train_loss=13.0810 | test_loss=2.6116 | test_acc=0.9409
2026-04-02 17:17:43,832 | INFO | lstm_run5 | Epoch 031 | train_loss=13.1245 | test_loss=2.5311 | test_acc=0.9405
2026-04-02 17:17:53,804 | INFO | lstm_run5 | Epoch 032 | train_loss=12.6350 | test_loss=2.5357 | test_acc=0.9435
2026-04-02 17:18:03,004 | INFO | lstm_run5 | Epoch 033 | train_loss=12.4153 | test_loss=2.3825 | test_acc=0.9502
2026-04-02 17:18:13,589 | INFO | lstm_run5 | Epoch 034 | train_loss=11.9180 | test_loss=2.3717 | test_acc=0.9505
2026-04-02 17:18:24,258 | INFO | lstm_run5 | Epoch 035 | train_loss=11.5990 | test_loss=2.2952 | test_acc=0.9476
2026-04-02 17:18:34,771 | INFO | lstm_run5 | Epoch 036 | train_loss=11.4048 | test_loss=2.3827 | test_acc=0.9424
2026-04-02 17:18:45,271 | INFO | lstm_run5 | Epoch 037 | train_loss=11.4068 | test_loss=2.2771 | test_acc=0.9476
2026-04-02 17:18:55,119 | INFO | lstm_run5 | Epoch 038 | train_loss=11.0479 | test_loss=2.3058 | test_acc=0.9547
2026-04-02 17:19:04,901 | INFO | lstm_run5 | Epoch 039 | train_loss=11.0205 | test_loss=2.2061 | test_acc=0.9518
2026-04-02 17:19:15,365 | INFO | lstm_run5 | Epoch 040 | train_loss=11.0931 | test_loss=2.1934 | test_acc=0.9535
2026-04-02 17:19:25,912 | INFO | lstm_run5 | Epoch 041 | train_loss=10.6922 | test_loss=2.1293 | test_acc=0.9543
2026-04-02 17:19:36,472 | INFO | lstm_run5 | Epoch 042 | train_loss=10.5001 | test_loss=2.0714 | test_acc=0.9550
2026-04-02 17:19:47,133 | INFO | lstm_run5 | Epoch 043 | train_loss=10.2225 | test_loss=2.1243 | test_acc=0.9586
2026-04-02 17:19:57,791 | INFO | lstm_run5 | Epoch 044 | train_loss=10.0358 | test_loss=2.0874 | test_acc=0.9482
2026-04-02 17:20:07,988 | INFO | lstm_run5 | Epoch 045 | train_loss=9.8115 | test_loss=2.0413 | test_acc=0.9561
2026-04-02 17:20:18,512 | INFO | lstm_run5 | Epoch 046 | train_loss=9.6676 | test_loss=2.0794 | test_acc=0.9513
2026-04-02 17:20:29,280 | INFO | lstm_run5 | Epoch 047 | train_loss=9.8482 | test_loss=2.1570 | test_acc=0.9573
2026-04-02 17:20:39,914 | INFO | lstm_run5 | Epoch 048 | train_loss=9.4390 | test_loss=2.0316 | test_acc=0.9486
2026-04-02 17:20:50,452 | INFO | lstm_run5 | Epoch 049 | train_loss=9.5361 | test_loss=2.0094 | test_acc=0.9628
2026-04-02 17:21:01,076 | INFO | lstm_run5 | Epoch 050 | train_loss=9.1272 | test_loss=2.0491 | test_acc=0.9501
2026-04-02 17:21:11,904 | INFO | lstm_run5 | Epoch 051 | train_loss=8.8968 | test_loss=1.9568 | test_acc=0.9564
2026-04-02 17:21:22,723 | INFO | lstm_run5 | Epoch 052 | train_loss=8.9985 | test_loss=1.9363 | test_acc=0.9521
2026-04-02 17:21:33,690 | INFO | lstm_run5 | Epoch 053 | train_loss=8.8745 | test_loss=2.0398 | test_acc=0.9504
2026-04-02 17:21:44,317 | INFO | lstm_run5 | Epoch 054 | train_loss=8.8007 | test_loss=1.9560 | test_acc=0.9609
2026-04-02 17:21:54,976 | INFO | lstm_run5 | Epoch 055 | train_loss=8.6116 | test_loss=1.9458 | test_acc=0.9550
2026-04-02 17:22:05,627 | INFO | lstm_run5 | Epoch 056 | train_loss=8.5980 | test_loss=1.8836 | test_acc=0.9606
2026-04-02 17:22:16,303 | INFO | lstm_run5 | Epoch 057 | train_loss=8.3966 | test_loss=1.9414 | test_acc=0.9494
2026-04-02 17:22:27,000 | INFO | lstm_run5 | Epoch 058 | train_loss=8.3360 | test_loss=1.9813 | test_acc=0.9612
2026-04-02 17:22:37,766 | INFO | lstm_run5 | Epoch 059 | train_loss=8.1817 | test_loss=1.8398 | test_acc=0.9609
2026-04-02 17:22:48,441 | INFO | lstm_run5 | Epoch 060 | train_loss=8.2092 | test_loss=1.9041 | test_acc=0.9549
2026-04-02 17:22:58,999 | INFO | lstm_run5 | Epoch 061 | train_loss=8.0905 | test_loss=2.0487 | test_acc=0.9538
2026-04-02 17:23:09,575 | INFO | lstm_run5 | Epoch 062 | train_loss=7.8726 | test_loss=1.8348 | test_acc=0.9579
2026-04-02 17:23:20,151 | INFO | lstm_run5 | Epoch 063 | train_loss=7.6623 | test_loss=1.7967 | test_acc=0.9550
2026-04-02 17:23:30,211 | INFO | lstm_run5 | Epoch 064 | train_loss=7.6180 | test_loss=1.7859 | test_acc=0.9616
2026-04-02 17:23:40,883 | INFO | lstm_run5 | Epoch 065 | train_loss=7.5185 | test_loss=1.8225 | test_acc=0.9541
2026-04-02 17:23:51,572 | INFO | lstm_run5 | Epoch 066 | train_loss=7.7266 | test_loss=1.8362 | test_acc=0.9556
2026-04-02 17:24:02,252 | INFO | lstm_run5 | Epoch 067 | train_loss=7.3916 | test_loss=1.7155 | test_acc=0.9627
2026-04-02 17:24:12,820 | INFO | lstm_run5 | Epoch 068 | train_loss=7.1425 | test_loss=1.7829 | test_acc=0.9617
2026-04-02 17:24:23,472 | INFO | lstm_run5 | Epoch 069 | train_loss=7.1575 | test_loss=1.8869 | test_acc=0.9503
2026-04-02 17:24:34,091 | INFO | lstm_run5 | Epoch 070 | train_loss=7.4202 | test_loss=1.8927 | test_acc=0.9518
2026-04-02 17:24:44,762 | INFO | lstm_run5 | Epoch 071 | train_loss=7.2659 | test_loss=1.8219 | test_acc=0.9537
2026-04-02 17:24:55,293 | INFO | lstm_run5 | Epoch 072 | train_loss=7.0773 | test_loss=1.7954 | test_acc=0.9618
2026-04-02 17:25:05,867 | INFO | lstm_run5 | Epoch 073 | train_loss=6.9161 | test_loss=1.7291 | test_acc=0.9600
2026-04-02 17:25:15,892 | INFO | lstm_run5 | Epoch 074 | train_loss=6.8377 | test_loss=1.8896 | test_acc=0.9514
2026-04-02 17:25:26,603 | INFO | lstm_run5 | Epoch 075 | train_loss=6.8148 | test_loss=1.7878 | test_acc=0.9633
2026-04-02 17:25:37,271 | INFO | lstm_run5 | Epoch 076 | train_loss=6.9154 | test_loss=1.7446 | test_acc=0.9598
2026-04-02 17:25:47,914 | INFO | lstm_run5 | Epoch 077 | train_loss=6.8925 | test_loss=1.6440 | test_acc=0.9643
2026-04-02 17:25:58,468 | INFO | lstm_run5 | Epoch 078 | train_loss=6.5990 | test_loss=1.7113 | test_acc=0.9646
2026-04-02 17:26:09,174 | INFO | lstm_run5 | Epoch 079 | train_loss=6.5275 | test_loss=1.6956 | test_acc=0.9608
2026-04-02 17:26:19,779 | INFO | lstm_run5 | Epoch 080 | train_loss=6.2848 | test_loss=1.7533 | test_acc=0.9639
2026-04-02 17:26:30,157 | INFO | lstm_run5 | Epoch 081 | train_loss=6.6477 | test_loss=1.6586 | test_acc=0.9629
2026-04-02 17:26:40,776 | INFO | lstm_run5 | Epoch 082 | train_loss=6.4242 | test_loss=1.6398 | test_acc=0.9655
2026-04-02 17:26:51,608 | INFO | lstm_run5 | Epoch 083 | train_loss=6.3685 | test_loss=1.6602 | test_acc=0.9603
2026-04-02 17:27:02,403 | INFO | lstm_run5 | Epoch 084 | train_loss=6.1581 | test_loss=1.6382 | test_acc=0.9610
2026-04-02 17:27:13,206 | INFO | lstm_run5 | Epoch 085 | train_loss=5.9866 | test_loss=1.7853 | test_acc=0.9582
2026-04-02 17:27:24,017 | INFO | lstm_run5 | Epoch 086 | train_loss=6.0326 | test_loss=1.6102 | test_acc=0.9579
2026-04-02 17:27:34,722 | INFO | lstm_run5 | Epoch 087 | train_loss=6.0627 | test_loss=1.7126 | test_acc=0.9579
2026-04-02 17:27:45,416 | INFO | lstm_run5 | Epoch 088 | train_loss=5.9108 | test_loss=1.5811 | test_acc=0.9643
2026-04-02 17:27:56,255 | INFO | lstm_run5 | Epoch 089 | train_loss=6.1229 | test_loss=1.6922 | test_acc=0.9582
2026-04-02 17:28:06,922 | INFO | lstm_run5 | Epoch 090 | train_loss=6.3565 | test_loss=1.6434 | test_acc=0.9644
2026-04-02 17:28:17,505 | INFO | lstm_run5 | Epoch 091 | train_loss=5.9375 | test_loss=1.5867 | test_acc=0.9567
2026-04-02 17:28:28,084 | INFO | lstm_run5 | Epoch 092 | train_loss=5.8217 | test_loss=1.5916 | test_acc=0.9652
2026-04-02 17:28:38,718 | INFO | lstm_run5 | Epoch 093 | train_loss=5.5933 | test_loss=1.6569 | test_acc=0.9584
2026-04-02 17:28:49,597 | INFO | lstm_run5 | Epoch 094 | train_loss=5.6677 | test_loss=1.5890 | test_acc=0.9608
2026-04-02 17:29:00,563 | INFO | lstm_run5 | Epoch 095 | train_loss=5.7587 | test_loss=1.6478 | test_acc=0.9627
2026-04-02 17:29:11,233 | INFO | lstm_run5 | Epoch 096 | train_loss=5.7018 | test_loss=1.7076 | test_acc=0.9641
2026-04-02 17:29:21,984 | INFO | lstm_run5 | Epoch 097 | train_loss=5.7178 | test_loss=1.7411 | test_acc=0.9649
2026-04-02 17:29:32,713 | INFO | lstm_run5 | Epoch 098 | train_loss=5.4863 | test_loss=1.5623 | test_acc=0.9629
2026-04-02 17:29:43,255 | INFO | lstm_run5 | Epoch 099 | train_loss=5.3655 | test_loss=1.6726 | test_acc=0.9631
2026-04-02 17:29:53,963 | INFO | lstm_run5 | Epoch 100 | train_loss=5.6508 | test_loss=1.5774 | test_acc=0.9631
2026-04-02 17:30:04,573 | INFO | lstm_run5 | Epoch 101 | train_loss=5.4481 | test_loss=1.5499 | test_acc=0.9583
2026-04-02 17:30:14,411 | INFO | lstm_run5 | Epoch 102 | train_loss=5.2792 | test_loss=1.5157 | test_acc=0.9663
2026-04-02 17:30:24,763 | INFO | lstm_run5 | Epoch 103 | train_loss=5.2213 | test_loss=1.6161 | test_acc=0.9611
2026-04-02 17:30:34,640 | INFO | lstm_run5 | Epoch 104 | train_loss=5.4494 | test_loss=1.6318 | test_acc=0.9604
2026-04-02 17:30:44,912 | INFO | lstm_run5 | Epoch 105 | train_loss=5.1360 | test_loss=1.5125 | test_acc=0.9646
2026-04-02 17:30:55,115 | INFO | lstm_run5 | Epoch 106 | train_loss=5.3167 | test_loss=1.6267 | test_acc=0.9599
2026-04-02 17:31:05,422 | INFO | lstm_run5 | Epoch 107 | train_loss=5.2765 | test_loss=1.5148 | test_acc=0.9630
2026-04-02 17:31:14,645 | INFO | lstm_run5 | Epoch 108 | train_loss=5.2531 | test_loss=1.5111 | test_acc=0.9656
2026-04-02 17:31:23,874 | INFO | lstm_run5 | Epoch 109 | train_loss=4.8426 | test_loss=1.5687 | test_acc=0.9636
2026-04-02 17:31:33,265 | INFO | lstm_run5 | Epoch 110 | train_loss=4.7941 | test_loss=1.6607 | test_acc=0.9624
2026-04-02 17:31:42,499 | INFO | lstm_run5 | Epoch 111 | train_loss=4.9956 | test_loss=1.6539 | test_acc=0.9673
2026-04-02 17:31:52,648 | INFO | lstm_run5 | Epoch 112 | train_loss=4.7490 | test_loss=1.4865 | test_acc=0.9671
2026-04-02 17:32:03,164 | INFO | lstm_run5 | Epoch 113 | train_loss=4.7813 | test_loss=1.6092 | test_acc=0.9611
2026-04-02 17:32:13,099 | INFO | lstm_run5 | Epoch 114 | train_loss=4.7797 | test_loss=1.6352 | test_acc=0.9584
2026-04-02 17:32:23,702 | INFO | lstm_run5 | Epoch 115 | train_loss=4.8731 | test_loss=1.5309 | test_acc=0.9600
2026-04-02 17:32:34,293 | INFO | lstm_run5 | Epoch 116 | train_loss=4.6226 | test_loss=1.6129 | test_acc=0.9624
2026-04-02 17:32:44,849 | INFO | lstm_run5 | Epoch 117 | train_loss=4.6452 | test_loss=1.5724 | test_acc=0.9597
2026-04-02 17:32:55,147 | INFO | lstm_run5 | Epoch 118 | train_loss=4.8273 | test_loss=1.9386 | test_acc=0.9455
2026-04-02 17:33:05,846 | INFO | lstm_run5 | Epoch 119 | train_loss=4.7190 | test_loss=1.5465 | test_acc=0.9646
2026-04-02 17:33:16,679 | INFO | lstm_run5 | Epoch 120 | train_loss=4.4706 | test_loss=1.5174 | test_acc=0.9645
2026-04-02 17:33:27,636 | INFO | lstm_run5 | Epoch 121 | train_loss=4.7583 | test_loss=1.5918 | test_acc=0.9630
2026-04-02 17:33:38,190 | INFO | lstm_run5 | Epoch 122 | train_loss=4.6467 | test_loss=1.5690 | test_acc=0.9624
2026-04-02 17:33:48,769 | INFO | lstm_run5 | Epoch 123 | train_loss=4.4093 | test_loss=1.5537 | test_acc=0.9578
2026-04-02 17:33:59,320 | INFO | lstm_run5 | Epoch 124 | train_loss=4.4586 | test_loss=1.4982 | test_acc=0.9653
2026-04-02 17:34:09,716 | INFO | lstm_run5 | Epoch 125 | train_loss=4.4480 | test_loss=1.6043 | test_acc=0.9614
2026-04-02 17:34:19,635 | INFO | lstm_run5 | Epoch 126 | train_loss=4.2915 | test_loss=1.7355 | test_acc=0.9569
2026-04-02 17:34:29,545 | INFO | lstm_run5 | Epoch 127 | train_loss=4.2348 | test_loss=1.6769 | test_acc=0.9616
2026-04-02 17:34:39,432 | INFO | lstm_run5 | Epoch 128 | train_loss=4.4268 | test_loss=1.5636 | test_acc=0.9647
2026-04-02 17:34:49,240 | INFO | lstm_run5 | Epoch 129 | train_loss=4.2949 | test_loss=1.5552 | test_acc=0.9595
2026-04-02 17:34:59,048 | INFO | lstm_run5 | Epoch 130 | train_loss=4.4747 | test_loss=1.5697 | test_acc=0.9572
2026-04-02 17:35:09,030 | INFO | lstm_run5 | Epoch 131 | train_loss=4.1728 | test_loss=1.5307 | test_acc=0.9635
2026-04-02 17:35:18,836 | INFO | lstm_run5 | Epoch 132 | train_loss=4.1245 | test_loss=1.5132 | test_acc=0.9670
2026-04-02 17:35:28,638 | INFO | lstm_run5 | Epoch 133 | train_loss=4.1532 | test_loss=1.7279 | test_acc=0.9640
2026-04-02 17:35:38,424 | INFO | lstm_run5 | Epoch 134 | train_loss=4.3091 | test_loss=1.5492 | test_acc=0.9606
2026-04-02 17:35:48,605 | INFO | lstm_run5 | Epoch 135 | train_loss=4.1150 | test_loss=1.6659 | test_acc=0.9621
2026-04-02 17:35:59,161 | INFO | lstm_run5 | Epoch 136 | train_loss=4.0295 | test_loss=1.6795 | test_acc=0.9667
2026-04-02 17:36:09,639 | INFO | lstm_run5 | Epoch 137 | train_loss=3.8820 | test_loss=1.4997 | test_acc=0.9623
2026-04-02 17:36:20,241 | INFO | lstm_run5 | Epoch 138 | train_loss=4.0395 | test_loss=1.5431 | test_acc=0.9607
2026-04-02 17:36:30,942 | INFO | lstm_run5 | Epoch 139 | train_loss=3.9877 | test_loss=1.6899 | test_acc=0.9535
2026-04-02 17:36:41,567 | INFO | lstm_run5 | Epoch 140 | train_loss=4.0622 | test_loss=1.5466 | test_acc=0.9622
2026-04-02 17:36:52,281 | INFO | lstm_run5 | Epoch 141 | train_loss=3.7268 | test_loss=1.5703 | test_acc=0.9669
2026-04-02 17:37:02,950 | INFO | lstm_run5 | Epoch 142 | train_loss=3.8997 | test_loss=1.5323 | test_acc=0.9670
2026-04-02 17:37:13,692 | INFO | lstm_run5 | Epoch 143 | train_loss=3.7219 | test_loss=1.5579 | test_acc=0.9645
2026-04-02 17:37:24,335 | INFO | lstm_run5 | Epoch 144 | train_loss=3.9289 | test_loss=1.5843 | test_acc=0.9634
2026-04-02 17:37:34,999 | INFO | lstm_run5 | Epoch 145 | train_loss=3.7555 | test_loss=1.4828 | test_acc=0.9664
2026-04-02 17:37:45,451 | INFO | lstm_run5 | Epoch 146 | train_loss=3.9025 | test_loss=1.4973 | test_acc=0.9647
2026-04-02 17:37:55,906 | INFO | lstm_run5 | Epoch 147 | train_loss=3.6280 | test_loss=1.5776 | test_acc=0.9590
2026-04-02 17:38:06,487 | INFO | lstm_run5 | Epoch 148 | train_loss=3.5805 | test_loss=1.6691 | test_acc=0.9684
2026-04-02 17:38:17,104 | INFO | lstm_run5 | Epoch 149 | train_loss=3.7067 | test_loss=1.5438 | test_acc=0.9670
2026-04-02 17:38:27,700 | INFO | lstm_run5 | Epoch 150 | train_loss=3.7565 | test_loss=1.6253 | test_acc=0.9606
2026-04-02 17:38:38,378 | INFO | lstm_run5 | Epoch 151 | train_loss=3.5720 | test_loss=1.5363 | test_acc=0.9642
2026-04-02 17:38:49,022 | INFO | lstm_run5 | Epoch 152 | train_loss=3.6405 | test_loss=1.6227 | test_acc=0.9625
2026-04-02 17:38:59,563 | INFO | lstm_run5 | Epoch 153 | train_loss=3.5724 | test_loss=1.5805 | test_acc=0.9652
2026-04-02 17:39:10,185 | INFO | lstm_run5 | Epoch 154 | train_loss=3.5213 | test_loss=1.6387 | test_acc=0.9640
2026-04-02 17:39:20,820 | INFO | lstm_run5 | Epoch 155 | train_loss=3.5366 | test_loss=1.6155 | test_acc=0.9576
2026-04-02 17:39:31,380 | INFO | lstm_run5 | Epoch 156 | train_loss=3.2306 | test_loss=1.5753 | test_acc=0.9643
2026-04-02 17:39:41,875 | INFO | lstm_run5 | Epoch 157 | train_loss=3.2332 | test_loss=1.8055 | test_acc=0.9661
2026-04-02 17:39:52,489 | INFO | lstm_run5 | Epoch 158 | train_loss=3.5048 | test_loss=1.6402 | test_acc=0.9625
2026-04-02 17:40:03,118 | INFO | lstm_run5 | Epoch 159 | train_loss=3.3945 | test_loss=1.6453 | test_acc=0.9554
2026-04-02 17:40:13,747 | INFO | lstm_run5 | Epoch 160 | train_loss=3.2667 | test_loss=1.6561 | test_acc=0.9702
2026-04-02 17:40:24,570 | INFO | lstm_run5 | Epoch 161 | train_loss=3.2513 | test_loss=1.5682 | test_acc=0.9616
2026-04-02 17:40:34,971 | INFO | lstm_run5 | Epoch 162 | train_loss=3.3480 | test_loss=1.7104 | test_acc=0.9676
2026-04-02 17:40:44,792 | INFO | lstm_run5 | Epoch 163 | train_loss=3.2576 | test_loss=1.5941 | test_acc=0.9607
2026-04-02 17:40:54,644 | INFO | lstm_run5 | Epoch 164 | train_loss=3.1675 | test_loss=1.5571 | test_acc=0.9630
2026-04-02 17:41:04,482 | INFO | lstm_run5 | Epoch 165 | train_loss=3.2126 | test_loss=1.6334 | test_acc=0.9660
2026-04-02 17:41:14,362 | INFO | lstm_run5 | Epoch 166 | train_loss=3.1411 | test_loss=1.6185 | test_acc=0.9634
2026-04-02 17:41:24,328 | INFO | lstm_run5 | Epoch 167 | train_loss=3.0443 | test_loss=1.6135 | test_acc=0.9637
2026-04-02 17:41:34,208 | INFO | lstm_run5 | Epoch 168 | train_loss=3.1542 | test_loss=1.6363 | test_acc=0.9647
2026-04-02 17:41:44,044 | INFO | lstm_run5 | Epoch 169 | train_loss=3.4426 | test_loss=1.8042 | test_acc=0.9589
2026-04-02 17:41:53,949 | INFO | lstm_run5 | Epoch 170 | train_loss=3.1710 | test_loss=1.6078 | test_acc=0.9659
2026-04-02 17:42:03,965 | INFO | lstm_run5 | Epoch 171 | train_loss=3.1074 | test_loss=1.6156 | test_acc=0.9640
2026-04-02 17:42:13,446 | INFO | lstm_run5 | Epoch 172 | train_loss=2.9426 | test_loss=1.7100 | test_acc=0.9634
2026-04-02 17:42:22,787 | INFO | lstm_run5 | Epoch 173 | train_loss=3.1232 | test_loss=1.7175 | test_acc=0.9533
2026-04-02 17:42:32,588 | INFO | lstm_run5 | Epoch 174 | train_loss=2.9029 | test_loss=1.6343 | test_acc=0.9648
2026-04-02 17:42:42,485 | INFO | lstm_run5 | Epoch 175 | train_loss=3.2029 | test_loss=1.6607 | test_acc=0.9607
2026-04-02 17:42:52,602 | INFO | lstm_run5 | Epoch 176 | train_loss=2.9396 | test_loss=1.6351 | test_acc=0.9675
2026-04-02 17:43:03,326 | INFO | lstm_run5 | Epoch 177 | train_loss=2.9420 | test_loss=1.6470 | test_acc=0.9590
2026-04-02 17:43:14,056 | INFO | lstm_run5 | Epoch 178 | train_loss=2.8452 | test_loss=1.6129 | test_acc=0.9678
2026-04-02 17:43:24,995 | INFO | lstm_run5 | Epoch 179 | train_loss=2.8383 | test_loss=1.7947 | test_acc=0.9661
2026-04-02 17:43:35,861 | INFO | lstm_run5 | Epoch 180 | train_loss=2.7731 | test_loss=1.6292 | test_acc=0.9650
2026-04-02 17:43:46,646 | INFO | lstm_run5 | Epoch 181 | train_loss=2.6847 | test_loss=1.6983 | test_acc=0.9615
2026-04-02 17:43:57,373 | INFO | lstm_run5 | Epoch 182 | train_loss=2.9139 | test_loss=1.7228 | test_acc=0.9565
2026-04-02 17:44:08,129 | INFO | lstm_run5 | Epoch 183 | train_loss=2.8876 | test_loss=1.6319 | test_acc=0.9637
2026-04-02 17:44:18,839 | INFO | lstm_run5 | Epoch 184 | train_loss=2.9561 | test_loss=1.7666 | test_acc=0.9561
2026-04-02 17:44:29,216 | INFO | lstm_run5 | Epoch 185 | train_loss=2.7597 | test_loss=1.6795 | test_acc=0.9629
2026-04-02 17:44:39,215 | INFO | lstm_run5 | Epoch 186 | train_loss=2.6675 | test_loss=1.6971 | test_acc=0.9589
2026-04-02 17:44:49,240 | INFO | lstm_run5 | Epoch 187 | train_loss=2.6193 | test_loss=1.6401 | test_acc=0.9585
2026-04-02 17:44:59,204 | INFO | lstm_run5 | Epoch 188 | train_loss=2.6915 | test_loss=1.6882 | test_acc=0.9618
2026-04-02 17:45:09,195 | INFO | lstm_run5 | Epoch 189 | train_loss=2.8545 | test_loss=1.8194 | test_acc=0.9674
2026-04-02 17:45:19,213 | INFO | lstm_run5 | Epoch 190 | train_loss=2.9906 | test_loss=1.6734 | test_acc=0.9642
2026-04-02 17:45:29,178 | INFO | lstm_run5 | Epoch 191 | train_loss=2.6898 | test_loss=1.6362 | test_acc=0.9631
2026-04-02 17:45:39,213 | INFO | lstm_run5 | Epoch 192 | train_loss=2.7077 | test_loss=1.7380 | test_acc=0.9624
2026-04-02 17:45:49,562 | INFO | lstm_run5 | Epoch 193 | train_loss=2.7128 | test_loss=1.7476 | test_acc=0.9604
2026-04-02 17:45:59,763 | INFO | lstm_run5 | Epoch 194 | train_loss=2.5802 | test_loss=1.6439 | test_acc=0.9634
2026-04-02 17:46:09,858 | INFO | lstm_run5 | Epoch 195 | train_loss=2.5733 | test_loss=1.6301 | test_acc=0.9637
2026-04-02 17:46:19,748 | INFO | lstm_run5 | Epoch 196 | train_loss=2.6376 | test_loss=1.6444 | test_acc=0.9643
2026-04-02 17:46:29,849 | INFO | lstm_run5 | Epoch 197 | train_loss=2.4843 | test_loss=1.6750 | test_acc=0.9598
2026-04-02 17:46:39,849 | INFO | lstm_run5 | Epoch 198 | train_loss=2.5200 | test_loss=1.7457 | test_acc=0.9676
2026-04-02 17:46:49,781 | INFO | lstm_run5 | Epoch 199 | train_loss=2.6320 | test_loss=1.9832 | test_acc=0.9576
2026-04-02 17:47:00,366 | INFO | lstm_run5 | Epoch 200 | train_loss=2.6601 | test_loss=1.6386 | test_acc=0.9653
2026-04-02 17:47:01,449 | INFO | Saved results to runs/l_mnist_pipeline_20260402_100325
2026-04-02 17:47:01,449 | INFO | Final | Stage-2 acc mean/std: 0.9082 / 0.0174 | LSTM acc mean/std: 0.9628 / 0.0062
2026-04-02 17:47:01,456 | INFO | Training pipeline complete
