2026-05-15 10:02:46,443 | INFO | Source baseline run: runs/l_mnist_pipeline_20260514_102656
2026-05-15 10:02:46,443 | INFO | Output directory: runs/l_mnist_gfr_per_seed_20260515_100137
2026-05-15 10:02:46,443 | INFO | GPU pool: [4, 5]
2026-05-15 10:02:46,443 | INFO | Run seeds: [1234, 1235, 1236, 1237, 1238]
2026-05-15 10:02:46,525 | INFO | Launching 5 Stage-1 reruns with 2 workers
2026-05-15 10:02:54,311 | INFO | SpawnProcess-1 | stage1_run2 | assigned_gpu=5 | seed=1235
2026-05-15 10:02:54,326 | INFO | SpawnProcess-2 | stage1_run1 | assigned_gpu=4 | seed=1234
2026-05-15 10:02:54,473 | INFO | SpawnProcess-1 | stage1_run2 | trainable_params=11534 | epochs=300
2026-05-15 10:02:54,480 | INFO | SpawnProcess-2 | stage1_run1 | trainable_params=11534 | epochs=300
2026-05-15 10:03:18,966 | INFO | SpawnProcess-1 | stage1_run2 | Epoch 001 | train_loss=226.6731 | train_acc=0.3046 | test_loss=29.8129 | test_acc=0.2133
2026-05-15 10:03:20,310 | INFO | SpawnProcess-2 | stage1_run1 | Epoch 001 | train_loss=221.9551 | train_acc=0.3242 | test_loss=29.0560 | test_acc=0.2167
2026-05-15 10:03:39,711 | INFO | SpawnProcess-1 | stage1_run2 | Epoch 002 | train_loss=137.6358 | train_acc=0.5872 | test_loss=19.0256 | test_acc=0.4116
2026-05-15 10:03:44,312 | INFO | SpawnProcess-2 | stage1_run1 | Epoch 002 | train_loss=147.5864 | train_acc=0.5376 | test_loss=21.4243 | test_acc=0.3347
2026-05-15 10:04:00,522 | INFO | SpawnProcess-1 | stage1_run2 | Epoch 003 | train_loss=100.2056 | train_acc=0.6971 | test_loss=15.3986 | test_acc=0.4375
2026-05-15 10:04:10,238 | INFO | SpawnProcess-2 | stage1_run1 | Epoch 003 | train_loss=110.4653 | train_acc=0.6645 | test_loss=16.8968 | test_acc=0.4359
2026-05-15 10:04:20,637 | INFO | SpawnProcess-1 | stage1_run2 | Epoch 004 | train_loss=84.3135 | train_acc=0.7491 | test_loss=13.8229 | test_acc=0.4278
2026-05-15 10:04:32,896 | INFO | SpawnProcess-2 | stage1_run1 | Epoch 004 | train_loss=90.0216 | train_acc=0.7284 | test_loss=14.5315 | test_acc=0.4769
2026-05-15 10:04:41,174 | INFO | SpawnProcess-1 | stage1_run2 | Epoch 005 | train_loss=73.4615 | train_acc=0.7848 | test_loss=11.3277 | test_acc=0.4805
2026-05-15 10:04:54,862 | INFO | SpawnProcess-2 | stage1_run1 | Epoch 005 | train_loss=74.6982 | train_acc=0.7838 | test_loss=11.6871 | test_acc=0.5892
2026-05-15 10:05:04,939 | INFO | SpawnProcess-1 | stage1_run2 | Epoch 006 | train_loss=63.5554 | train_acc=0.8139 | test_loss=10.0302 | test_acc=0.5892
2026-05-15 10:05:14,946 | INFO | SpawnProcess-2 | stage1_run1 | Epoch 006 | train_loss=60.4409 | train_acc=0.8264 | test_loss=10.0364 | test_acc=0.5761
2026-05-15 10:05:27,454 | INFO | SpawnProcess-1 | stage1_run2 | Epoch 007 | train_loss=58.5279 | train_acc=0.8308 | test_loss=10.4753 | test_acc=0.5027
2026-05-15 10:05:39,735 | INFO | SpawnProcess-2 | stage1_run1 | Epoch 007 | train_loss=54.9393 | train_acc=0.8420 | test_loss=9.8138 | test_acc=0.6499
2026-05-15 10:05:47,204 | INFO | SpawnProcess-1 | stage1_run2 | Epoch 008 | train_loss=55.4290 | train_acc=0.8407 | test_loss=9.9648 | test_acc=0.6632
2026-05-15 10:06:01,907 | INFO | SpawnProcess-2 | stage1_run1 | Epoch 008 | train_loss=48.5834 | train_acc=0.8642 | test_loss=7.9932 | test_acc=0.6499
2026-05-15 10:06:10,397 | INFO | SpawnProcess-1 | stage1_run2 | Epoch 009 | train_loss=49.4583 | train_acc=0.8620 | test_loss=8.1773 | test_acc=0.5897
2026-05-15 10:06:25,754 | INFO | SpawnProcess-2 | stage1_run1 | Epoch 009 | train_loss=43.6388 | train_acc=0.8877 | test_loss=8.0849 | test_acc=0.7019
2026-05-15 10:06:32,069 | INFO | SpawnProcess-1 | stage1_run2 | Epoch 010 | train_loss=45.7913 | train_acc=0.8781 | test_loss=7.2475 | test_acc=0.6850
2026-05-15 10:06:49,627 | INFO | SpawnProcess-2 | stage1_run1 | Epoch 010 | train_loss=38.8035 | train_acc=0.9041 | test_loss=6.1741 | test_acc=0.7637
2026-05-15 10:06:54,890 | INFO | SpawnProcess-1 | stage1_run2 | Epoch 011 | train_loss=43.2416 | train_acc=0.8872 | test_loss=6.7086 | test_acc=0.6801
2026-05-15 10:07:11,575 | INFO | SpawnProcess-2 | stage1_run1 | Epoch 011 | train_loss=33.8750 | train_acc=0.9185 | test_loss=5.7709 | test_acc=0.7359
2026-05-15 10:07:18,595 | INFO | SpawnProcess-1 | stage1_run2 | Epoch 012 | train_loss=39.1447 | train_acc=0.9010 | test_loss=6.9195 | test_acc=0.5986
2026-05-15 10:07:32,596 | INFO | SpawnProcess-2 | stage1_run1 | Epoch 012 | train_loss=32.0784 | train_acc=0.9228 | test_loss=5.0861 | test_acc=0.7528
2026-05-15 10:07:41,283 | INFO | SpawnProcess-1 | stage1_run2 | Epoch 013 | train_loss=37.8160 | train_acc=0.9035 | test_loss=5.9756 | test_acc=0.7607
2026-05-15 10:07:56,668 | INFO | SpawnProcess-2 | stage1_run1 | Epoch 013 | train_loss=29.4789 | train_acc=0.9298 | test_loss=5.4220 | test_acc=0.7289
2026-05-15 10:08:03,065 | INFO | SpawnProcess-1 | stage1_run2 | Epoch 014 | train_loss=34.6941 | train_acc=0.9138 | test_loss=5.8255 | test_acc=0.6787
2026-05-15 10:08:18,989 | INFO | SpawnProcess-2 | stage1_run1 | Epoch 014 | train_loss=27.4489 | train_acc=0.9348 | test_loss=4.4563 | test_acc=0.8029
2026-05-15 10:08:26,897 | INFO | SpawnProcess-1 | stage1_run2 | Epoch 015 | train_loss=31.1621 | train_acc=0.9240 | test_loss=5.3244 | test_acc=0.8352
2026-05-15 10:08:40,430 | INFO | SpawnProcess-2 | stage1_run1 | Epoch 015 | train_loss=24.9114 | train_acc=0.9409 | test_loss=4.2685 | test_acc=0.7779
2026-05-15 10:08:52,262 | INFO | SpawnProcess-1 | stage1_run2 | Epoch 016 | train_loss=30.8923 | train_acc=0.9249 | test_loss=4.9316 | test_acc=0.7424
2026-05-15 10:09:08,679 | INFO | SpawnProcess-2 | stage1_run1 | Epoch 016 | train_loss=23.8766 | train_acc=0.9440 | test_loss=4.0063 | test_acc=0.7901
2026-05-15 10:09:19,580 | INFO | SpawnProcess-1 | stage1_run2 | Epoch 017 | train_loss=28.7560 | train_acc=0.9301 | test_loss=5.5863 | test_acc=0.7313
2026-05-15 10:09:31,845 | INFO | SpawnProcess-2 | stage1_run1 | Epoch 017 | train_loss=22.3978 | train_acc=0.9467 | test_loss=4.1097 | test_acc=0.8004
2026-05-15 10:09:41,171 | INFO | SpawnProcess-1 | stage1_run2 | Epoch 018 | train_loss=26.9303 | train_acc=0.9356 | test_loss=5.3311 | test_acc=0.7804
2026-05-15 10:09:55,774 | INFO | SpawnProcess-2 | stage1_run1 | Epoch 018 | train_loss=21.7348 | train_acc=0.9488 | test_loss=3.6152 | test_acc=0.8085
2026-05-15 10:10:02,583 | INFO | SpawnProcess-1 | stage1_run2 | Epoch 019 | train_loss=26.5051 | train_acc=0.9358 | test_loss=4.2384 | test_acc=0.8509
2026-05-15 10:10:19,404 | INFO | SpawnProcess-2 | stage1_run1 | Epoch 019 | train_loss=21.3509 | train_acc=0.9491 | test_loss=3.7886 | test_acc=0.7664
2026-05-15 10:10:22,768 | INFO | SpawnProcess-1 | stage1_run2 | Epoch 020 | train_loss=25.7587 | train_acc=0.9390 | test_loss=4.2881 | test_acc=0.8395
2026-05-15 10:10:43,134 | INFO | SpawnProcess-2 | stage1_run1 | Epoch 020 | train_loss=20.6423 | train_acc=0.9509 | test_loss=3.4554 | test_acc=0.8173
2026-05-15 10:10:49,400 | INFO | SpawnProcess-1 | stage1_run2 | Epoch 021 | train_loss=23.8102 | train_acc=0.9429 | test_loss=4.3408 | test_acc=0.8358
2026-05-15 10:11:09,589 | INFO | SpawnProcess-2 | stage1_run1 | Epoch 021 | train_loss=19.6958 | train_acc=0.9532 | test_loss=3.8103 | test_acc=0.8134
2026-05-15 10:11:15,395 | INFO | SpawnProcess-1 | stage1_run2 | Epoch 022 | train_loss=22.4655 | train_acc=0.9462 | test_loss=4.0151 | test_acc=0.8428
2026-05-15 10:11:36,885 | INFO | SpawnProcess-1 | stage1_run2 | Epoch 023 | train_loss=21.9519 | train_acc=0.9477 | test_loss=3.8622 | test_acc=0.8080
2026-05-15 10:11:37,092 | INFO | SpawnProcess-2 | stage1_run1 | Epoch 022 | train_loss=18.7253 | train_acc=0.9556 | test_loss=4.0774 | test_acc=0.8131
2026-05-15 10:11:57,898 | INFO | SpawnProcess-1 | stage1_run2 | Epoch 024 | train_loss=20.8781 | train_acc=0.9503 | test_loss=3.7356 | test_acc=0.8165
2026-05-15 10:11:59,220 | INFO | SpawnProcess-2 | stage1_run1 | Epoch 023 | train_loss=18.3510 | train_acc=0.9566 | test_loss=3.2118 | test_acc=0.8231
2026-05-15 10:12:21,197 | INFO | SpawnProcess-1 | stage1_run2 | Epoch 025 | train_loss=20.2912 | train_acc=0.9512 | test_loss=4.0399 | test_acc=0.8660
2026-05-15 10:12:22,593 | INFO | SpawnProcess-2 | stage1_run1 | Epoch 024 | train_loss=17.8899 | train_acc=0.9574 | test_loss=4.2063 | test_acc=0.8439
2026-05-15 10:12:42,231 | INFO | SpawnProcess-1 | stage1_run2 | Epoch 026 | train_loss=19.7644 | train_acc=0.9523 | test_loss=3.7514 | test_acc=0.8646
2026-05-15 10:12:47,897 | INFO | SpawnProcess-2 | stage1_run1 | Epoch 025 | train_loss=17.6657 | train_acc=0.9586 | test_loss=2.9556 | test_acc=0.8623
2026-05-15 10:13:03,052 | INFO | SpawnProcess-1 | stage1_run2 | Epoch 027 | train_loss=19.6853 | train_acc=0.9530 | test_loss=3.6922 | test_acc=0.8372
2026-05-15 10:13:12,186 | INFO | SpawnProcess-2 | stage1_run1 | Epoch 026 | train_loss=16.1327 | train_acc=0.9616 | test_loss=3.7163 | test_acc=0.8483
2026-05-15 10:13:25,328 | INFO | SpawnProcess-1 | stage1_run2 | Epoch 028 | train_loss=18.8260 | train_acc=0.9543 | test_loss=3.7994 | test_acc=0.8893
2026-05-15 10:13:36,926 | INFO | SpawnProcess-2 | stage1_run1 | Epoch 027 | train_loss=16.4401 | train_acc=0.9609 | test_loss=3.1637 | test_acc=0.8630
2026-05-15 10:13:49,426 | INFO | SpawnProcess-1 | stage1_run2 | Epoch 029 | train_loss=18.9019 | train_acc=0.9549 | test_loss=3.7301 | test_acc=0.8904
2026-05-15 10:14:01,449 | INFO | SpawnProcess-2 | stage1_run1 | Epoch 028 | train_loss=16.0404 | train_acc=0.9619 | test_loss=3.0554 | test_acc=0.8533
2026-05-15 10:14:12,773 | INFO | SpawnProcess-1 | stage1_run2 | Epoch 030 | train_loss=17.4710 | train_acc=0.9580 | test_loss=3.6755 | test_acc=0.8122
2026-05-15 10:14:25,813 | INFO | SpawnProcess-2 | stage1_run1 | Epoch 029 | train_loss=16.9067 | train_acc=0.9596 | test_loss=2.9097 | test_acc=0.8396
2026-05-15 10:14:38,090 | INFO | SpawnProcess-1 | stage1_run2 | Epoch 031 | train_loss=17.1101 | train_acc=0.9591 | test_loss=3.5829 | test_acc=0.8193
2026-05-15 10:14:49,196 | INFO | SpawnProcess-2 | stage1_run1 | Epoch 030 | train_loss=15.0967 | train_acc=0.9638 | test_loss=3.0172 | test_acc=0.8541
2026-05-15 10:15:02,199 | INFO | SpawnProcess-1 | stage1_run2 | Epoch 032 | train_loss=17.5165 | train_acc=0.9573 | test_loss=2.9150 | test_acc=0.8470
2026-05-15 10:15:14,246 | INFO | SpawnProcess-2 | stage1_run1 | Epoch 031 | train_loss=15.4192 | train_acc=0.9629 | test_loss=2.8923 | test_acc=0.8806
2026-05-15 10:15:26,927 | INFO | SpawnProcess-1 | stage1_run2 | Epoch 033 | train_loss=16.7219 | train_acc=0.9594 | test_loss=3.0982 | test_acc=0.8650
2026-05-15 10:15:41,624 | INFO | SpawnProcess-2 | stage1_run1 | Epoch 032 | train_loss=14.6101 | train_acc=0.9649 | test_loss=3.2536 | test_acc=0.8253
2026-05-15 10:15:51,548 | INFO | SpawnProcess-1 | stage1_run2 | Epoch 034 | train_loss=16.0153 | train_acc=0.9613 | test_loss=2.8972 | test_acc=0.9105
2026-05-15 10:16:06,692 | INFO | SpawnProcess-2 | stage1_run1 | Epoch 033 | train_loss=14.2887 | train_acc=0.9658 | test_loss=2.6038 | test_acc=0.8720
2026-05-15 10:16:15,803 | INFO | SpawnProcess-1 | stage1_run2 | Epoch 035 | train_loss=16.1887 | train_acc=0.9605 | test_loss=2.9772 | test_acc=0.9080
2026-05-15 10:16:32,079 | INFO | SpawnProcess-2 | stage1_run1 | Epoch 034 | train_loss=13.9792 | train_acc=0.9662 | test_loss=3.1622 | test_acc=0.8677
2026-05-15 10:16:41,915 | INFO | SpawnProcess-1 | stage1_run2 | Epoch 036 | train_loss=15.8180 | train_acc=0.9623 | test_loss=2.8965 | test_acc=0.8709
2026-05-15 10:17:01,795 | INFO | SpawnProcess-2 | stage1_run1 | Epoch 035 | train_loss=13.9247 | train_acc=0.9671 | test_loss=2.6549 | test_acc=0.8611
2026-05-15 10:17:06,535 | INFO | SpawnProcess-1 | stage1_run2 | Epoch 037 | train_loss=14.7569 | train_acc=0.9642 | test_loss=3.1426 | test_acc=0.8287
2026-05-15 10:17:29,235 | INFO | SpawnProcess-2 | stage1_run1 | Epoch 036 | train_loss=13.3768 | train_acc=0.9682 | test_loss=2.9384 | test_acc=0.8612
2026-05-15 10:17:33,943 | INFO | SpawnProcess-1 | stage1_run2 | Epoch 038 | train_loss=15.1823 | train_acc=0.9629 | test_loss=2.7377 | test_acc=0.9042
2026-05-15 10:17:52,582 | INFO | SpawnProcess-2 | stage1_run1 | Epoch 037 | train_loss=14.3596 | train_acc=0.9655 | test_loss=2.5946 | test_acc=0.8773
2026-05-15 10:18:00,085 | INFO | SpawnProcess-1 | stage1_run2 | Epoch 039 | train_loss=13.6619 | train_acc=0.9667 | test_loss=2.4944 | test_acc=0.9081
2026-05-15 10:18:15,978 | INFO | SpawnProcess-2 | stage1_run1 | Epoch 038 | train_loss=13.6216 | train_acc=0.9682 | test_loss=2.7340 | test_acc=0.8701
2026-05-15 10:18:25,774 | INFO | SpawnProcess-1 | stage1_run2 | Epoch 040 | train_loss=13.4757 | train_acc=0.9675 | test_loss=2.4693 | test_acc=0.9196
2026-05-15 10:18:38,619 | INFO | SpawnProcess-2 | stage1_run1 | Epoch 039 | train_loss=12.8464 | train_acc=0.9687 | test_loss=2.5387 | test_acc=0.8846
2026-05-15 10:18:50,263 | INFO | SpawnProcess-1 | stage1_run2 | Epoch 041 | train_loss=13.6162 | train_acc=0.9669 | test_loss=2.5868 | test_acc=0.8791
2026-05-15 10:19:00,843 | INFO | SpawnProcess-2 | stage1_run1 | Epoch 040 | train_loss=12.5808 | train_acc=0.9699 | test_loss=2.4196 | test_acc=0.8933
2026-05-15 10:19:13,360 | INFO | SpawnProcess-1 | stage1_run2 | Epoch 042 | train_loss=13.7642 | train_acc=0.9666 | test_loss=2.5428 | test_acc=0.9158
2026-05-15 10:19:29,033 | INFO | SpawnProcess-2 | stage1_run1 | Epoch 041 | train_loss=12.5523 | train_acc=0.9706 | test_loss=2.6155 | test_acc=0.9038
2026-05-15 10:19:43,578 | INFO | SpawnProcess-1 | stage1_run2 | Epoch 043 | train_loss=12.8676 | train_acc=0.9683 | test_loss=3.1134 | test_acc=0.9124
2026-05-15 10:19:53,433 | INFO | SpawnProcess-2 | stage1_run1 | Epoch 042 | train_loss=11.9560 | train_acc=0.9717 | test_loss=2.5092 | test_acc=0.8959
2026-05-15 10:20:05,988 | INFO | SpawnProcess-1 | stage1_run2 | Epoch 044 | train_loss=13.4136 | train_acc=0.9675 | test_loss=3.0152 | test_acc=0.8745
2026-05-15 10:20:18,280 | INFO | SpawnProcess-2 | stage1_run1 | Epoch 043 | train_loss=11.7165 | train_acc=0.9715 | test_loss=2.2411 | test_acc=0.8958
2026-05-15 10:20:27,029 | INFO | SpawnProcess-1 | stage1_run2 | Epoch 045 | train_loss=12.3387 | train_acc=0.9706 | test_loss=2.3452 | test_acc=0.9118
2026-05-15 10:20:43,291 | INFO | SpawnProcess-2 | stage1_run1 | Epoch 044 | train_loss=11.5136 | train_acc=0.9721 | test_loss=2.2197 | test_acc=0.8619
2026-05-15 10:20:50,001 | INFO | SpawnProcess-1 | stage1_run2 | Epoch 046 | train_loss=11.9546 | train_acc=0.9714 | test_loss=2.6357 | test_acc=0.9197
2026-05-15 10:21:04,816 | INFO | SpawnProcess-2 | stage1_run1 | Epoch 045 | train_loss=11.6217 | train_acc=0.9719 | test_loss=2.4401 | test_acc=0.8430
2026-05-15 10:21:11,176 | INFO | SpawnProcess-1 | stage1_run2 | Epoch 047 | train_loss=11.9763 | train_acc=0.9713 | test_loss=2.4239 | test_acc=0.9143
2026-05-15 10:21:26,985 | INFO | SpawnProcess-2 | stage1_run1 | Epoch 046 | train_loss=11.8293 | train_acc=0.9714 | test_loss=2.2716 | test_acc=0.8686
2026-05-15 10:21:36,963 | INFO | SpawnProcess-1 | stage1_run2 | Epoch 048 | train_loss=11.7523 | train_acc=0.9721 | test_loss=2.4090 | test_acc=0.8913
2026-05-15 10:21:52,191 | INFO | SpawnProcess-2 | stage1_run1 | Epoch 047 | train_loss=11.3278 | train_acc=0.9730 | test_loss=2.6821 | test_acc=0.8588
2026-05-15 10:21:59,444 | INFO | SpawnProcess-1 | stage1_run2 | Epoch 049 | train_loss=12.0512 | train_acc=0.9698 | test_loss=2.3407 | test_acc=0.8541
2026-05-15 10:22:14,888 | INFO | SpawnProcess-2 | stage1_run1 | Epoch 048 | train_loss=11.0469 | train_acc=0.9745 | test_loss=2.3704 | test_acc=0.9126
2026-05-15 10:22:23,522 | INFO | SpawnProcess-1 | stage1_run2 | Epoch 050 | train_loss=12.2296 | train_acc=0.9708 | test_loss=2.8107 | test_acc=0.9115
2026-05-15 10:22:39,325 | INFO | SpawnProcess-2 | stage1_run1 | Epoch 049 | train_loss=10.6981 | train_acc=0.9747 | test_loss=2.6212 | test_acc=0.9069
2026-05-15 10:22:47,339 | INFO | SpawnProcess-1 | stage1_run2 | Epoch 051 | train_loss=12.0753 | train_acc=0.9705 | test_loss=2.4029 | test_acc=0.9163
2026-05-15 10:23:02,026 | INFO | SpawnProcess-2 | stage1_run1 | Epoch 050 | train_loss=11.1433 | train_acc=0.9729 | test_loss=2.4901 | test_acc=0.8654
2026-05-15 10:23:09,710 | INFO | SpawnProcess-1 | stage1_run2 | Epoch 052 | train_loss=11.2480 | train_acc=0.9728 | test_loss=2.2030 | test_acc=0.8970
2026-05-15 10:23:23,841 | INFO | SpawnProcess-2 | stage1_run1 | Epoch 051 | train_loss=10.3152 | train_acc=0.9750 | test_loss=2.2603 | test_acc=0.8962
2026-05-15 10:23:32,937 | INFO | SpawnProcess-1 | stage1_run2 | Epoch 053 | train_loss=10.9535 | train_acc=0.9740 | test_loss=2.1416 | test_acc=0.9266
2026-05-15 10:23:48,256 | INFO | SpawnProcess-2 | stage1_run1 | Epoch 052 | train_loss=10.9015 | train_acc=0.9744 | test_loss=2.9140 | test_acc=0.8573
2026-05-15 10:23:55,918 | INFO | SpawnProcess-1 | stage1_run2 | Epoch 054 | train_loss=10.1720 | train_acc=0.9759 | test_loss=2.0836 | test_acc=0.9042
2026-05-15 10:24:11,576 | INFO | SpawnProcess-2 | stage1_run1 | Epoch 053 | train_loss=11.4254 | train_acc=0.9725 | test_loss=2.6858 | test_acc=0.8515
2026-05-15 10:24:21,051 | INFO | SpawnProcess-1 | stage1_run2 | Epoch 055 | train_loss=11.2358 | train_acc=0.9724 | test_loss=2.0993 | test_acc=0.9069
2026-05-15 10:24:34,788 | INFO | SpawnProcess-2 | stage1_run1 | Epoch 054 | train_loss=10.9185 | train_acc=0.9737 | test_loss=2.6298 | test_acc=0.8763
2026-05-15 10:24:44,673 | INFO | SpawnProcess-1 | stage1_run2 | Epoch 056 | train_loss=10.9930 | train_acc=0.9735 | test_loss=2.9564 | test_acc=0.8528
2026-05-15 10:25:00,585 | INFO | SpawnProcess-2 | stage1_run1 | Epoch 055 | train_loss=10.1391 | train_acc=0.9761 | test_loss=2.0190 | test_acc=0.9003
2026-05-15 10:25:12,389 | INFO | SpawnProcess-1 | stage1_run2 | Epoch 057 | train_loss=10.5752 | train_acc=0.9744 | test_loss=2.7419 | test_acc=0.9020
2026-05-15 10:25:25,989 | INFO | SpawnProcess-2 | stage1_run1 | Epoch 056 | train_loss=9.9605 | train_acc=0.9762 | test_loss=2.0543 | test_acc=0.9026
2026-05-15 10:25:38,611 | INFO | SpawnProcess-1 | stage1_run2 | Epoch 058 | train_loss=10.2209 | train_acc=0.9740 | test_loss=2.2034 | test_acc=0.9351
2026-05-15 10:25:53,491 | INFO | SpawnProcess-2 | stage1_run1 | Epoch 057 | train_loss=10.3842 | train_acc=0.9753 | test_loss=2.5280 | test_acc=0.8904
2026-05-15 10:26:03,512 | INFO | SpawnProcess-1 | stage1_run2 | Epoch 059 | train_loss=9.8917 | train_acc=0.9763 | test_loss=2.0783 | test_acc=0.9260
2026-05-15 10:26:18,433 | INFO | SpawnProcess-2 | stage1_run1 | Epoch 058 | train_loss=10.0561 | train_acc=0.9758 | test_loss=4.6531 | test_acc=0.7988
2026-05-15 10:26:26,275 | INFO | SpawnProcess-1 | stage1_run2 | Epoch 060 | train_loss=10.6973 | train_acc=0.9739 | test_loss=2.2024 | test_acc=0.9320
2026-05-15 10:26:41,805 | INFO | SpawnProcess-2 | stage1_run1 | Epoch 059 | train_loss=10.7608 | train_acc=0.9739 | test_loss=2.3308 | test_acc=0.8955
2026-05-15 10:26:50,699 | INFO | SpawnProcess-1 | stage1_run2 | Epoch 061 | train_loss=9.2613 | train_acc=0.9774 | test_loss=2.2113 | test_acc=0.9345
2026-05-15 10:27:07,484 | INFO | SpawnProcess-2 | stage1_run1 | Epoch 060 | train_loss=10.1478 | train_acc=0.9758 | test_loss=2.2201 | test_acc=0.8987
2026-05-15 10:27:13,250 | INFO | SpawnProcess-1 | stage1_run2 | Epoch 062 | train_loss=9.6375 | train_acc=0.9762 | test_loss=1.9055 | test_acc=0.9289
2026-05-15 10:27:31,940 | INFO | SpawnProcess-2 | stage1_run1 | Epoch 061 | train_loss=9.4090 | train_acc=0.9772 | test_loss=2.1309 | test_acc=0.8889
2026-05-15 10:27:37,550 | INFO | SpawnProcess-1 | stage1_run2 | Epoch 063 | train_loss=9.4053 | train_acc=0.9768 | test_loss=1.8374 | test_acc=0.9071
2026-05-15 10:27:54,557 | INFO | SpawnProcess-2 | stage1_run1 | Epoch 062 | train_loss=9.3501 | train_acc=0.9771 | test_loss=2.5723 | test_acc=0.8597
2026-05-15 10:28:00,521 | INFO | SpawnProcess-1 | stage1_run2 | Epoch 064 | train_loss=9.2619 | train_acc=0.9775 | test_loss=2.2157 | test_acc=0.8842
2026-05-15 10:28:19,188 | INFO | SpawnProcess-2 | stage1_run1 | Epoch 063 | train_loss=9.3874 | train_acc=0.9779 | test_loss=2.1005 | test_acc=0.8807
2026-05-15 10:28:22,703 | INFO | SpawnProcess-1 | stage1_run2 | Epoch 065 | train_loss=8.8847 | train_acc=0.9782 | test_loss=2.3540 | test_acc=0.9363
2026-05-15 10:28:45,616 | INFO | SpawnProcess-1 | stage1_run2 | Epoch 066 | train_loss=9.7619 | train_acc=0.9767 | test_loss=2.3815 | test_acc=0.8780
2026-05-15 10:28:45,975 | INFO | SpawnProcess-2 | stage1_run1 | Epoch 064 | train_loss=9.7464 | train_acc=0.9761 | test_loss=2.5274 | test_acc=0.8930
2026-05-15 10:29:08,438 | INFO | SpawnProcess-2 | stage1_run1 | Epoch 065 | train_loss=9.2808 | train_acc=0.9778 | test_loss=2.4805 | test_acc=0.8339
2026-05-15 10:29:09,148 | INFO | SpawnProcess-1 | stage1_run2 | Epoch 067 | train_loss=9.3511 | train_acc=0.9770 | test_loss=1.8539 | test_acc=0.9274
2026-05-15 10:29:30,932 | INFO | SpawnProcess-2 | stage1_run1 | Epoch 066 | train_loss=9.4041 | train_acc=0.9775 | test_loss=1.9768 | test_acc=0.8710
2026-05-15 10:29:33,335 | INFO | SpawnProcess-1 | stage1_run2 | Epoch 068 | train_loss=8.9291 | train_acc=0.9779 | test_loss=2.2458 | test_acc=0.9166
2026-05-15 10:29:53,581 | INFO | SpawnProcess-1 | stage1_run2 | Epoch 069 | train_loss=8.5803 | train_acc=0.9788 | test_loss=1.9875 | test_acc=0.9239
2026-05-15 10:29:57,790 | INFO | SpawnProcess-2 | stage1_run1 | Epoch 067 | train_loss=8.2801 | train_acc=0.9801 | test_loss=2.0951 | test_acc=0.8704
2026-05-15 10:30:17,899 | INFO | SpawnProcess-1 | stage1_run2 | Epoch 070 | train_loss=8.8328 | train_acc=0.9781 | test_loss=1.7769 | test_acc=0.9290
2026-05-15 10:30:20,955 | INFO | SpawnProcess-2 | stage1_run1 | Epoch 068 | train_loss=8.4850 | train_acc=0.9801 | test_loss=2.3812 | test_acc=0.8989
2026-05-15 10:30:41,768 | INFO | SpawnProcess-1 | stage1_run2 | Epoch 071 | train_loss=8.2480 | train_acc=0.9801 | test_loss=2.3253 | test_acc=0.8725
2026-05-15 10:30:45,016 | INFO | SpawnProcess-2 | stage1_run1 | Epoch 069 | train_loss=9.6697 | train_acc=0.9759 | test_loss=2.1138 | test_acc=0.9119
2026-05-15 10:31:06,212 | INFO | SpawnProcess-1 | stage1_run2 | Epoch 072 | train_loss=8.7230 | train_acc=0.9784 | test_loss=2.1553 | test_acc=0.9403
2026-05-15 10:31:09,258 | INFO | SpawnProcess-2 | stage1_run1 | Epoch 070 | train_loss=8.8508 | train_acc=0.9782 | test_loss=2.0380 | test_acc=0.8827
2026-05-15 10:31:28,519 | INFO | SpawnProcess-1 | stage1_run2 | Epoch 073 | train_loss=8.4190 | train_acc=0.9795 | test_loss=2.1148 | test_acc=0.9068
2026-05-15 10:31:33,082 | INFO | SpawnProcess-2 | stage1_run1 | Epoch 071 | train_loss=9.1861 | train_acc=0.9782 | test_loss=2.0937 | test_acc=0.8843
2026-05-15 10:31:51,579 | INFO | SpawnProcess-1 | stage1_run2 | Epoch 074 | train_loss=8.0878 | train_acc=0.9802 | test_loss=1.8619 | test_acc=0.9397
2026-05-15 10:31:57,252 | INFO | SpawnProcess-2 | stage1_run1 | Epoch 072 | train_loss=8.9591 | train_acc=0.9781 | test_loss=2.4783 | test_acc=0.8993
2026-05-15 10:32:13,792 | INFO | SpawnProcess-1 | stage1_run2 | Epoch 075 | train_loss=8.0775 | train_acc=0.9800 | test_loss=2.0198 | test_acc=0.9402
2026-05-15 10:32:21,857 | INFO | SpawnProcess-2 | stage1_run1 | Epoch 073 | train_loss=8.7186 | train_acc=0.9786 | test_loss=1.9714 | test_acc=0.9113
2026-05-15 10:32:37,191 | INFO | SpawnProcess-1 | stage1_run2 | Epoch 076 | train_loss=8.6010 | train_acc=0.9790 | test_loss=2.2586 | test_acc=0.9428
2026-05-15 10:32:44,899 | INFO | SpawnProcess-2 | stage1_run1 | Epoch 074 | train_loss=8.8672 | train_acc=0.9785 | test_loss=2.0640 | test_acc=0.8713
2026-05-15 10:33:03,185 | INFO | SpawnProcess-1 | stage1_run2 | Epoch 077 | train_loss=8.4918 | train_acc=0.9788 | test_loss=2.1430 | test_acc=0.9122
2026-05-15 10:33:09,734 | INFO | SpawnProcess-2 | stage1_run1 | Epoch 075 | train_loss=8.1360 | train_acc=0.9805 | test_loss=1.9994 | test_acc=0.8929
2026-05-15 10:33:32,672 | INFO | SpawnProcess-1 | stage1_run2 | Epoch 078 | train_loss=7.6918 | train_acc=0.9813 | test_loss=2.1657 | test_acc=0.9029
2026-05-15 10:33:36,833 | INFO | SpawnProcess-2 | stage1_run1 | Epoch 076 | train_loss=8.0766 | train_acc=0.9806 | test_loss=2.0611 | test_acc=0.9135
2026-05-15 10:34:00,261 | INFO | SpawnProcess-1 | stage1_run2 | Epoch 079 | train_loss=7.8416 | train_acc=0.9807 | test_loss=1.8123 | test_acc=0.9337
2026-05-15 10:34:01,226 | INFO | SpawnProcess-2 | stage1_run1 | Epoch 077 | train_loss=8.4819 | train_acc=0.9798 | test_loss=1.8892 | test_acc=0.9111
2026-05-15 10:34:22,067 | INFO | SpawnProcess-1 | stage1_run2 | Epoch 080 | train_loss=7.5437 | train_acc=0.9817 | test_loss=1.8927 | test_acc=0.9449
2026-05-15 10:34:31,220 | INFO | SpawnProcess-2 | stage1_run1 | Epoch 078 | train_loss=7.8834 | train_acc=0.9810 | test_loss=2.1859 | test_acc=0.8958
2026-05-15 10:34:48,843 | INFO | SpawnProcess-1 | stage1_run2 | Epoch 081 | train_loss=7.5992 | train_acc=0.9808 | test_loss=2.3821 | test_acc=0.9076
2026-05-15 10:34:58,786 | INFO | SpawnProcess-2 | stage1_run1 | Epoch 079 | train_loss=7.9282 | train_acc=0.9803 | test_loss=2.6107 | test_acc=0.8834
2026-05-15 10:35:16,673 | INFO | SpawnProcess-1 | stage1_run2 | Epoch 082 | train_loss=8.6916 | train_acc=0.9785 | test_loss=2.1835 | test_acc=0.9199
2026-05-15 10:35:22,633 | INFO | SpawnProcess-2 | stage1_run1 | Epoch 080 | train_loss=7.7050 | train_acc=0.9813 | test_loss=2.1397 | test_acc=0.9097
2026-05-15 10:35:41,361 | INFO | SpawnProcess-1 | stage1_run2 | Epoch 083 | train_loss=8.0737 | train_acc=0.9803 | test_loss=1.9729 | test_acc=0.9348
2026-05-15 10:35:46,037 | INFO | SpawnProcess-2 | stage1_run1 | Epoch 081 | train_loss=9.0641 | train_acc=0.9780 | test_loss=2.0719 | test_acc=0.9050
2026-05-15 10:36:03,942 | INFO | SpawnProcess-1 | stage1_run2 | Epoch 084 | train_loss=7.8664 | train_acc=0.9802 | test_loss=1.9066 | test_acc=0.9320
2026-05-15 10:36:10,952 | INFO | SpawnProcess-2 | stage1_run1 | Epoch 082 | train_loss=8.3752 | train_acc=0.9793 | test_loss=2.1295 | test_acc=0.8924
2026-05-15 10:36:26,665 | INFO | SpawnProcess-1 | stage1_run2 | Epoch 085 | train_loss=7.6424 | train_acc=0.9817 | test_loss=1.7107 | test_acc=0.9383
2026-05-15 10:36:35,618 | INFO | SpawnProcess-2 | stage1_run1 | Epoch 083 | train_loss=8.0370 | train_acc=0.9800 | test_loss=2.3777 | test_acc=0.9105
2026-05-15 10:36:47,571 | INFO | SpawnProcess-1 | stage1_run2 | Epoch 086 | train_loss=6.8577 | train_acc=0.9829 | test_loss=2.1305 | test_acc=0.9363
2026-05-15 10:37:01,393 | INFO | SpawnProcess-2 | stage1_run1 | Epoch 084 | train_loss=8.5359 | train_acc=0.9784 | test_loss=2.4466 | test_acc=0.9258
2026-05-15 10:37:10,155 | INFO | SpawnProcess-1 | stage1_run2 | Epoch 087 | train_loss=7.1445 | train_acc=0.9827 | test_loss=1.7651 | test_acc=0.9499
2026-05-15 10:37:24,836 | INFO | SpawnProcess-2 | stage1_run1 | Epoch 085 | train_loss=8.0647 | train_acc=0.9801 | test_loss=1.8910 | test_acc=0.9317
2026-05-15 10:37:33,450 | INFO | SpawnProcess-1 | stage1_run2 | Epoch 088 | train_loss=6.9774 | train_acc=0.9830 | test_loss=2.0390 | test_acc=0.9101
2026-05-15 10:37:48,017 | INFO | SpawnProcess-2 | stage1_run1 | Epoch 086 | train_loss=7.6931 | train_acc=0.9814 | test_loss=1.8771 | test_acc=0.9071
2026-05-15 10:37:59,055 | INFO | SpawnProcess-1 | stage1_run2 | Epoch 089 | train_loss=8.1362 | train_acc=0.9796 | test_loss=1.7283 | test_acc=0.9451
2026-05-15 10:38:11,851 | INFO | SpawnProcess-2 | stage1_run1 | Epoch 087 | train_loss=7.3650 | train_acc=0.9822 | test_loss=1.8479 | test_acc=0.8918
2026-05-15 10:38:22,700 | INFO | SpawnProcess-1 | stage1_run2 | Epoch 090 | train_loss=7.2351 | train_acc=0.9821 | test_loss=1.9892 | test_acc=0.9097
2026-05-15 10:38:35,855 | INFO | SpawnProcess-2 | stage1_run1 | Epoch 088 | train_loss=7.3077 | train_acc=0.9824 | test_loss=2.0042 | test_acc=0.9093
2026-05-15 10:38:44,391 | INFO | SpawnProcess-1 | stage1_run2 | Epoch 091 | train_loss=6.6811 | train_acc=0.9829 | test_loss=2.6592 | test_acc=0.8469
2026-05-15 10:39:02,237 | INFO | SpawnProcess-2 | stage1_run1 | Epoch 089 | train_loss=7.8879 | train_acc=0.9808 | test_loss=2.1618 | test_acc=0.9097
2026-05-15 10:39:08,428 | INFO | SpawnProcess-1 | stage1_run2 | Epoch 092 | train_loss=6.9970 | train_acc=0.9829 | test_loss=1.6629 | test_acc=0.9511
2026-05-15 10:39:26,152 | INFO | SpawnProcess-2 | stage1_run1 | Epoch 090 | train_loss=7.2864 | train_acc=0.9827 | test_loss=1.9481 | test_acc=0.8826
2026-05-15 10:39:32,127 | INFO | SpawnProcess-1 | stage1_run2 | Epoch 093 | train_loss=7.0645 | train_acc=0.9824 | test_loss=2.1237 | test_acc=0.8819
2026-05-15 10:39:49,235 | INFO | SpawnProcess-2 | stage1_run1 | Epoch 091 | train_loss=7.1882 | train_acc=0.9828 | test_loss=1.8903 | test_acc=0.9085
2026-05-15 10:39:56,885 | INFO | SpawnProcess-1 | stage1_run2 | Epoch 094 | train_loss=6.8793 | train_acc=0.9826 | test_loss=1.8990 | test_acc=0.9337
2026-05-15 10:40:14,544 | INFO | SpawnProcess-2 | stage1_run1 | Epoch 092 | train_loss=7.6958 | train_acc=0.9810 | test_loss=2.1066 | test_acc=0.9144
2026-05-15 10:40:17,962 | INFO | SpawnProcess-1 | stage1_run2 | Epoch 095 | train_loss=6.2247 | train_acc=0.9847 | test_loss=1.8287 | test_acc=0.9199
2026-05-15 10:40:39,255 | INFO | SpawnProcess-2 | stage1_run1 | Epoch 093 | train_loss=7.1608 | train_acc=0.9823 | test_loss=1.9934 | test_acc=0.9151
2026-05-15 10:40:41,861 | INFO | SpawnProcess-1 | stage1_run2 | Epoch 096 | train_loss=7.1859 | train_acc=0.9821 | test_loss=1.6962 | test_acc=0.9324
2026-05-15 10:40:59,192 | INFO | SpawnProcess-2 | stage1_run1 | Epoch 094 | train_loss=7.5364 | train_acc=0.9814 | test_loss=1.8311 | test_acc=0.9235
2026-05-15 10:41:06,571 | INFO | SpawnProcess-1 | stage1_run2 | Epoch 097 | train_loss=7.4521 | train_acc=0.9815 | test_loss=1.9638 | test_acc=0.9319
2026-05-15 10:41:24,536 | INFO | SpawnProcess-2 | stage1_run1 | Epoch 095 | train_loss=7.0142 | train_acc=0.9829 | test_loss=1.9076 | test_acc=0.9070
2026-05-15 10:41:27,127 | INFO | SpawnProcess-1 | stage1_run2 | Epoch 098 | train_loss=6.4330 | train_acc=0.9840 | test_loss=1.8016 | test_acc=0.9390
2026-05-15 10:41:48,562 | INFO | SpawnProcess-1 | stage1_run2 | Epoch 099 | train_loss=6.8108 | train_acc=0.9829 | test_loss=1.7311 | test_acc=0.9532
2026-05-15 10:41:52,729 | INFO | SpawnProcess-2 | stage1_run1 | Epoch 096 | train_loss=7.2290 | train_acc=0.9827 | test_loss=2.0299 | test_acc=0.9102
2026-05-15 10:42:11,450 | INFO | SpawnProcess-1 | stage1_run2 | Epoch 100 | train_loss=6.7811 | train_acc=0.9828 | test_loss=1.7323 | test_acc=0.9389
2026-05-15 10:42:18,366 | INFO | SpawnProcess-2 | stage1_run1 | Epoch 097 | train_loss=7.9707 | train_acc=0.9807 | test_loss=1.9047 | test_acc=0.9232
2026-05-15 10:42:34,601 | INFO | SpawnProcess-1 | stage1_run2 | Epoch 101 | train_loss=6.7212 | train_acc=0.9831 | test_loss=1.7263 | test_acc=0.9312
2026-05-15 10:42:42,869 | INFO | SpawnProcess-2 | stage1_run1 | Epoch 098 | train_loss=6.8063 | train_acc=0.9837 | test_loss=1.8789 | test_acc=0.9210
2026-05-15 10:42:57,338 | INFO | SpawnProcess-1 | stage1_run2 | Epoch 102 | train_loss=5.9746 | train_acc=0.9856 | test_loss=2.2154 | test_acc=0.9358
2026-05-15 10:43:07,523 | INFO | SpawnProcess-2 | stage1_run1 | Epoch 099 | train_loss=8.1793 | train_acc=0.9798 | test_loss=1.9801 | test_acc=0.8927
2026-05-15 10:43:22,274 | INFO | SpawnProcess-1 | stage1_run2 | Epoch 103 | train_loss=5.9284 | train_acc=0.9855 | test_loss=1.6559 | test_acc=0.9331
2026-05-15 10:43:28,325 | INFO | SpawnProcess-2 | stage1_run1 | Epoch 100 | train_loss=6.7860 | train_acc=0.9840 | test_loss=1.9258 | test_acc=0.9128
2026-05-15 10:43:48,713 | INFO | SpawnProcess-1 | stage1_run2 | Epoch 104 | train_loss=5.8230 | train_acc=0.9859 | test_loss=1.7081 | test_acc=0.9468
2026-05-15 10:43:49,924 | INFO | SpawnProcess-2 | stage1_run1 | Epoch 101 | train_loss=6.8766 | train_acc=0.9832 | test_loss=2.0364 | test_acc=0.9104
2026-05-15 10:44:11,517 | INFO | SpawnProcess-2 | stage1_run1 | Epoch 102 | train_loss=6.9966 | train_acc=0.9829 | test_loss=1.8676 | test_acc=0.9039
2026-05-15 10:44:13,900 | INFO | SpawnProcess-1 | stage1_run2 | Epoch 105 | train_loss=5.1361 | train_acc=0.9873 | test_loss=1.6684 | test_acc=0.9468
2026-05-15 10:44:34,936 | INFO | SpawnProcess-1 | stage1_run2 | Epoch 106 | train_loss=6.2259 | train_acc=0.9844 | test_loss=2.0279 | test_acc=0.8992
2026-05-15 10:44:36,360 | INFO | SpawnProcess-2 | stage1_run1 | Epoch 103 | train_loss=6.6068 | train_acc=0.9833 | test_loss=1.9266 | test_acc=0.9310
2026-05-15 10:45:01,721 | INFO | SpawnProcess-1 | stage1_run2 | Epoch 107 | train_loss=6.0600 | train_acc=0.9849 | test_loss=2.4648 | test_acc=0.9355
2026-05-15 10:45:04,556 | INFO | SpawnProcess-2 | stage1_run1 | Epoch 104 | train_loss=7.2744 | train_acc=0.9819 | test_loss=1.9292 | test_acc=0.9045
2026-05-15 10:45:29,291 | INFO | SpawnProcess-1 | stage1_run2 | Epoch 108 | train_loss=5.5999 | train_acc=0.9858 | test_loss=1.8500 | test_acc=0.9070
2026-05-15 10:45:32,340 | INFO | SpawnProcess-2 | stage1_run1 | Epoch 105 | train_loss=6.8399 | train_acc=0.9832 | test_loss=2.0020 | test_acc=0.9220
2026-05-15 10:45:52,229 | INFO | SpawnProcess-1 | stage1_run2 | Epoch 109 | train_loss=5.5124 | train_acc=0.9861 | test_loss=1.5914 | test_acc=0.9345
2026-05-15 10:45:57,227 | INFO | SpawnProcess-2 | stage1_run1 | Epoch 106 | train_loss=6.8296 | train_acc=0.9835 | test_loss=2.1724 | test_acc=0.9080
2026-05-15 10:46:15,134 | INFO | SpawnProcess-1 | stage1_run2 | Epoch 110 | train_loss=6.8200 | train_acc=0.9831 | test_loss=1.8969 | test_acc=0.9376
2026-05-15 10:46:21,269 | INFO | SpawnProcess-2 | stage1_run1 | Epoch 107 | train_loss=7.2532 | train_acc=0.9820 | test_loss=2.0612 | test_acc=0.9046
2026-05-15 10:46:36,202 | INFO | SpawnProcess-1 | stage1_run2 | Epoch 111 | train_loss=5.8137 | train_acc=0.9853 | test_loss=1.6916 | test_acc=0.9461
2026-05-15 10:46:43,972 | INFO | SpawnProcess-2 | stage1_run1 | Epoch 108 | train_loss=7.5017 | train_acc=0.9820 | test_loss=2.1933 | test_acc=0.8853
2026-05-15 10:47:00,387 | INFO | SpawnProcess-1 | stage1_run2 | Epoch 112 | train_loss=6.5885 | train_acc=0.9829 | test_loss=1.8186 | test_acc=0.9117
2026-05-15 10:47:07,362 | INFO | SpawnProcess-2 | stage1_run1 | Epoch 109 | train_loss=6.7608 | train_acc=0.9835 | test_loss=1.9666 | test_acc=0.9219
2026-05-15 10:47:23,281 | INFO | SpawnProcess-1 | stage1_run2 | Epoch 113 | train_loss=5.6660 | train_acc=0.9853 | test_loss=1.5544 | test_acc=0.9498
2026-05-15 10:47:31,996 | INFO | SpawnProcess-2 | stage1_run1 | Epoch 110 | train_loss=6.7899 | train_acc=0.9833 | test_loss=1.7984 | test_acc=0.9059
2026-05-15 10:47:46,249 | INFO | SpawnProcess-1 | stage1_run2 | Epoch 114 | train_loss=6.3374 | train_acc=0.9839 | test_loss=2.6761 | test_acc=0.9013
2026-05-15 10:47:55,638 | INFO | SpawnProcess-2 | stage1_run1 | Epoch 111 | train_loss=6.6863 | train_acc=0.9839 | test_loss=1.9503 | test_acc=0.9099
2026-05-15 10:48:11,342 | INFO | SpawnProcess-1 | stage1_run2 | Epoch 115 | train_loss=5.8945 | train_acc=0.9852 | test_loss=1.6437 | test_acc=0.9491
2026-05-15 10:48:20,790 | INFO | SpawnProcess-2 | stage1_run1 | Epoch 112 | train_loss=6.1997 | train_acc=0.9847 | test_loss=2.0825 | test_acc=0.8936
2026-05-15 10:48:36,211 | INFO | SpawnProcess-1 | stage1_run2 | Epoch 116 | train_loss=6.8328 | train_acc=0.9832 | test_loss=1.7460 | test_acc=0.9431
2026-05-15 10:48:45,805 | INFO | SpawnProcess-2 | stage1_run1 | Epoch 113 | train_loss=6.8031 | train_acc=0.9833 | test_loss=2.1908 | test_acc=0.8760
2026-05-15 10:49:00,248 | INFO | SpawnProcess-1 | stage1_run2 | Epoch 117 | train_loss=6.0425 | train_acc=0.9850 | test_loss=1.5668 | test_acc=0.9521
2026-05-15 10:49:12,849 | INFO | SpawnProcess-2 | stage1_run1 | Epoch 114 | train_loss=6.5723 | train_acc=0.9838 | test_loss=1.7506 | test_acc=0.9132
2026-05-15 10:49:27,426 | INFO | SpawnProcess-1 | stage1_run2 | Epoch 118 | train_loss=5.3476 | train_acc=0.9869 | test_loss=1.9426 | test_acc=0.9340
2026-05-15 10:49:38,263 | INFO | SpawnProcess-2 | stage1_run1 | Epoch 115 | train_loss=6.6539 | train_acc=0.9841 | test_loss=1.7957 | test_acc=0.9085
2026-05-15 10:49:53,255 | INFO | SpawnProcess-1 | stage1_run2 | Epoch 119 | train_loss=6.2316 | train_acc=0.9845 | test_loss=1.7253 | test_acc=0.9271
2026-05-15 10:50:02,993 | INFO | SpawnProcess-2 | stage1_run1 | Epoch 116 | train_loss=6.7321 | train_acc=0.9826 | test_loss=2.0356 | test_acc=0.9038
2026-05-15 10:50:16,507 | INFO | SpawnProcess-1 | stage1_run2 | Epoch 120 | train_loss=4.8367 | train_acc=0.9878 | test_loss=1.5060 | test_acc=0.9395
2026-05-15 10:50:26,284 | INFO | SpawnProcess-2 | stage1_run1 | Epoch 117 | train_loss=5.6325 | train_acc=0.9864 | test_loss=2.3050 | test_acc=0.8654
2026-05-15 10:50:41,244 | INFO | SpawnProcess-1 | stage1_run2 | Epoch 121 | train_loss=4.5649 | train_acc=0.9888 | test_loss=1.7847 | test_acc=0.9452
2026-05-15 10:50:48,888 | INFO | SpawnProcess-2 | stage1_run1 | Epoch 118 | train_loss=6.0768 | train_acc=0.9847 | test_loss=1.8650 | test_acc=0.9251
2026-05-15 10:51:06,531 | INFO | SpawnProcess-1 | stage1_run2 | Epoch 122 | train_loss=5.2782 | train_acc=0.9867 | test_loss=1.5436 | test_acc=0.9325
2026-05-15 10:51:12,432 | INFO | SpawnProcess-2 | stage1_run1 | Epoch 119 | train_loss=6.7036 | train_acc=0.9833 | test_loss=2.2236 | test_acc=0.8969
2026-05-15 10:51:27,787 | INFO | SpawnProcess-1 | stage1_run2 | Epoch 123 | train_loss=5.4222 | train_acc=0.9866 | test_loss=1.7767 | test_acc=0.9399
2026-05-15 10:51:37,764 | INFO | SpawnProcess-2 | stage1_run1 | Epoch 120 | train_loss=6.3494 | train_acc=0.9840 | test_loss=2.2788 | test_acc=0.8979
2026-05-15 10:51:50,472 | INFO | SpawnProcess-1 | stage1_run2 | Epoch 124 | train_loss=6.0013 | train_acc=0.9848 | test_loss=1.7972 | test_acc=0.9376
2026-05-15 10:52:03,064 | INFO | SpawnProcess-2 | stage1_run1 | Epoch 121 | train_loss=6.0217 | train_acc=0.9853 | test_loss=2.1783 | test_acc=0.9033
2026-05-15 10:52:13,320 | INFO | SpawnProcess-1 | stage1_run2 | Epoch 125 | train_loss=6.3924 | train_acc=0.9841 | test_loss=1.6507 | test_acc=0.9452
2026-05-15 10:52:27,526 | INFO | SpawnProcess-2 | stage1_run1 | Epoch 122 | train_loss=6.6677 | train_acc=0.9834 | test_loss=2.0342 | test_acc=0.9311
2026-05-15 10:52:36,754 | INFO | SpawnProcess-1 | stage1_run2 | Epoch 126 | train_loss=5.2505 | train_acc=0.9870 | test_loss=1.8045 | test_acc=0.9055
2026-05-15 10:52:53,259 | INFO | SpawnProcess-2 | stage1_run1 | Epoch 123 | train_loss=6.3825 | train_acc=0.9843 | test_loss=1.8864 | test_acc=0.9029
2026-05-15 10:53:01,116 | INFO | SpawnProcess-1 | stage1_run2 | Epoch 127 | train_loss=5.5832 | train_acc=0.9858 | test_loss=1.4558 | test_acc=0.9412
2026-05-15 10:53:16,866 | INFO | SpawnProcess-2 | stage1_run1 | Epoch 124 | train_loss=6.2445 | train_acc=0.9842 | test_loss=1.8021 | test_acc=0.8901
2026-05-15 10:53:25,428 | INFO | SpawnProcess-1 | stage1_run2 | Epoch 128 | train_loss=5.6775 | train_acc=0.9862 | test_loss=1.9274 | test_acc=0.9270
2026-05-15 10:53:41,604 | INFO | SpawnProcess-2 | stage1_run1 | Epoch 125 | train_loss=5.4069 | train_acc=0.9868 | test_loss=1.8996 | test_acc=0.9228
2026-05-15 10:53:50,474 | INFO | SpawnProcess-1 | stage1_run2 | Epoch 129 | train_loss=4.3836 | train_acc=0.9891 | test_loss=1.5582 | test_acc=0.9533
2026-05-15 10:54:07,541 | INFO | SpawnProcess-2 | stage1_run1 | Epoch 126 | train_loss=5.5182 | train_acc=0.9863 | test_loss=2.0791 | test_acc=0.8999
2026-05-15 10:54:12,534 | INFO | SpawnProcess-1 | stage1_run2 | Epoch 130 | train_loss=4.8765 | train_acc=0.9881 | test_loss=2.0487 | test_acc=0.9428
2026-05-15 10:54:34,174 | INFO | SpawnProcess-1 | stage1_run2 | Epoch 131 | train_loss=5.9992 | train_acc=0.9850 | test_loss=1.7092 | test_acc=0.9522
2026-05-15 10:54:34,900 | INFO | SpawnProcess-2 | stage1_run1 | Epoch 127 | train_loss=6.6385 | train_acc=0.9834 | test_loss=1.8414 | test_acc=0.9115
2026-05-15 10:54:56,107 | INFO | SpawnProcess-1 | stage1_run2 | Epoch 132 | train_loss=5.1392 | train_acc=0.9871 | test_loss=1.7812 | test_acc=0.9472
2026-05-15 10:54:59,766 | INFO | SpawnProcess-2 | stage1_run1 | Epoch 128 | train_loss=6.0515 | train_acc=0.9852 | test_loss=1.9370 | test_acc=0.9212
2026-05-15 10:55:19,780 | INFO | SpawnProcess-1 | stage1_run2 | Epoch 133 | train_loss=4.4322 | train_acc=0.9889 | test_loss=1.7628 | test_acc=0.9412
2026-05-15 10:55:24,219 | INFO | SpawnProcess-2 | stage1_run1 | Epoch 129 | train_loss=5.1649 | train_acc=0.9869 | test_loss=1.9201 | test_acc=0.9083
2026-05-15 10:55:44,710 | INFO | SpawnProcess-1 | stage1_run2 | Epoch 134 | train_loss=5.3364 | train_acc=0.9869 | test_loss=1.7431 | test_acc=0.9286
2026-05-15 10:55:45,869 | INFO | SpawnProcess-2 | stage1_run1 | Epoch 130 | train_loss=6.3247 | train_acc=0.9841 | test_loss=2.1049 | test_acc=0.9138
2026-05-15 10:56:08,330 | INFO | SpawnProcess-2 | stage1_run1 | Epoch 131 | train_loss=5.3347 | train_acc=0.9866 | test_loss=2.0154 | test_acc=0.9056
2026-05-15 10:56:11,273 | INFO | SpawnProcess-1 | stage1_run2 | Epoch 135 | train_loss=5.1794 | train_acc=0.9868 | test_loss=1.6664 | test_acc=0.9493
2026-05-15 10:56:30,796 | INFO | SpawnProcess-2 | stage1_run1 | Epoch 132 | train_loss=6.1037 | train_acc=0.9855 | test_loss=2.0443 | test_acc=0.9137
2026-05-15 10:56:35,117 | INFO | SpawnProcess-1 | stage1_run2 | Epoch 136 | train_loss=4.7955 | train_acc=0.9884 | test_loss=1.9104 | test_acc=0.9338
2026-05-15 10:56:55,764 | INFO | SpawnProcess-2 | stage1_run1 | Epoch 133 | train_loss=6.6767 | train_acc=0.9833 | test_loss=2.0450 | test_acc=0.9297
2026-05-15 10:56:57,585 | INFO | SpawnProcess-1 | stage1_run2 | Epoch 137 | train_loss=4.4710 | train_acc=0.9887 | test_loss=1.5692 | test_acc=0.9322
2026-05-15 10:57:25,115 | INFO | SpawnProcess-2 | stage1_run1 | Epoch 134 | train_loss=5.7230 | train_acc=0.9857 | test_loss=2.0921 | test_acc=0.9110
2026-05-15 10:57:28,030 | INFO | SpawnProcess-1 | stage1_run2 | Epoch 138 | train_loss=4.5120 | train_acc=0.9887 | test_loss=2.1060 | test_acc=0.8914
2026-05-15 10:57:49,734 | INFO | SpawnProcess-2 | stage1_run1 | Epoch 135 | train_loss=5.3927 | train_acc=0.9866 | test_loss=2.0301 | test_acc=0.9311
2026-05-15 10:57:51,442 | INFO | SpawnProcess-1 | stage1_run2 | Epoch 139 | train_loss=5.5971 | train_acc=0.9861 | test_loss=1.6126 | test_acc=0.9511
2026-05-15 10:58:13,756 | INFO | SpawnProcess-2 | stage1_run1 | Epoch 136 | train_loss=5.1264 | train_acc=0.9875 | test_loss=1.8453 | test_acc=0.9058
2026-05-15 10:58:15,664 | INFO | SpawnProcess-1 | stage1_run2 | Epoch 140 | train_loss=4.6012 | train_acc=0.9883 | test_loss=1.9330 | test_acc=0.9391
2026-05-15 10:58:37,135 | INFO | SpawnProcess-2 | stage1_run1 | Epoch 137 | train_loss=5.6581 | train_acc=0.9861 | test_loss=1.9616 | test_acc=0.9129
2026-05-15 10:58:39,639 | INFO | SpawnProcess-1 | stage1_run2 | Epoch 141 | train_loss=5.9132 | train_acc=0.9851 | test_loss=1.5374 | test_acc=0.9563
2026-05-15 10:59:00,519 | INFO | SpawnProcess-2 | stage1_run1 | Epoch 138 | train_loss=5.3729 | train_acc=0.9865 | test_loss=1.7293 | test_acc=0.9102
2026-05-15 10:59:04,371 | INFO | SpawnProcess-1 | stage1_run2 | Epoch 142 | train_loss=4.2508 | train_acc=0.9889 | test_loss=1.6089 | test_acc=0.9456
2026-05-15 10:59:26,337 | INFO | SpawnProcess-1 | stage1_run2 | Epoch 143 | train_loss=5.0223 | train_acc=0.9876 | test_loss=1.9870 | test_acc=0.9242
2026-05-15 10:59:27,242 | INFO | SpawnProcess-2 | stage1_run1 | Epoch 139 | train_loss=5.6226 | train_acc=0.9863 | test_loss=2.0723 | test_acc=0.8867
2026-05-15 10:59:49,960 | INFO | SpawnProcess-1 | stage1_run2 | Epoch 144 | train_loss=5.6531 | train_acc=0.9863 | test_loss=3.0216 | test_acc=0.9367
2026-05-15 10:59:51,249 | INFO | SpawnProcess-2 | stage1_run1 | Epoch 140 | train_loss=6.2092 | train_acc=0.9846 | test_loss=2.0174 | test_acc=0.8689
2026-05-15 11:00:13,665 | INFO | SpawnProcess-1 | stage1_run2 | Epoch 145 | train_loss=5.0955 | train_acc=0.9874 | test_loss=1.9245 | test_acc=0.9444
2026-05-15 11:00:15,888 | INFO | SpawnProcess-2 | stage1_run1 | Epoch 141 | train_loss=5.6655 | train_acc=0.9865 | test_loss=2.1026 | test_acc=0.8980
2026-05-15 11:00:38,174 | INFO | SpawnProcess-2 | stage1_run1 | Epoch 142 | train_loss=5.2429 | train_acc=0.9866 | test_loss=1.8141 | test_acc=0.8918
2026-05-15 11:00:39,257 | INFO | SpawnProcess-1 | stage1_run2 | Epoch 146 | train_loss=3.7892 | train_acc=0.9904 | test_loss=1.5402 | test_acc=0.9398
2026-05-15 11:01:01,552 | INFO | SpawnProcess-1 | stage1_run2 | Epoch 147 | train_loss=4.1559 | train_acc=0.9899 | test_loss=1.8210 | test_acc=0.9452
2026-05-15 11:01:03,040 | INFO | SpawnProcess-2 | stage1_run1 | Epoch 143 | train_loss=4.5404 | train_acc=0.9887 | test_loss=1.9603 | test_acc=0.9125
2026-05-15 11:01:25,010 | INFO | SpawnProcess-1 | stage1_run2 | Epoch 148 | train_loss=4.3389 | train_acc=0.9894 | test_loss=1.6100 | test_acc=0.9340
2026-05-15 11:01:25,070 | INFO | SpawnProcess-2 | stage1_run1 | Epoch 144 | train_loss=5.8491 | train_acc=0.9855 | test_loss=1.9666 | test_acc=0.8928
2026-05-15 11:01:49,872 | INFO | SpawnProcess-1 | stage1_run2 | Epoch 149 | train_loss=4.6761 | train_acc=0.9882 | test_loss=1.6615 | test_acc=0.9541
2026-05-15 11:01:52,655 | INFO | SpawnProcess-2 | stage1_run1 | Epoch 145 | train_loss=6.0101 | train_acc=0.9855 | test_loss=2.1570 | test_acc=0.9246
2026-05-15 11:02:17,476 | INFO | SpawnProcess-1 | stage1_run2 | Epoch 150 | train_loss=4.1258 | train_acc=0.9898 | test_loss=2.1017 | test_acc=0.9396
2026-05-15 11:02:21,899 | INFO | SpawnProcess-2 | stage1_run1 | Epoch 146 | train_loss=5.1668 | train_acc=0.9867 | test_loss=1.9586 | test_acc=0.9092
2026-05-15 11:02:42,895 | INFO | SpawnProcess-1 | stage1_run2 | Epoch 151 | train_loss=5.2935 | train_acc=0.9869 | test_loss=1.8476 | test_acc=0.9536
2026-05-15 11:02:48,832 | INFO | SpawnProcess-2 | stage1_run1 | Epoch 147 | train_loss=4.8437 | train_acc=0.9879 | test_loss=1.8435 | test_acc=0.9235
2026-05-15 11:03:04,421 | INFO | SpawnProcess-1 | stage1_run2 | Epoch 152 | train_loss=4.2037 | train_acc=0.9891 | test_loss=1.7210 | test_acc=0.9474
2026-05-15 11:03:14,472 | INFO | SpawnProcess-2 | stage1_run1 | Epoch 148 | train_loss=5.2184 | train_acc=0.9872 | test_loss=1.9585 | test_acc=0.9174
2026-05-15 11:03:26,368 | INFO | SpawnProcess-1 | stage1_run2 | Epoch 153 | train_loss=4.0539 | train_acc=0.9899 | test_loss=1.5933 | test_acc=0.9451
2026-05-15 11:03:38,229 | INFO | SpawnProcess-2 | stage1_run1 | Epoch 149 | train_loss=6.1431 | train_acc=0.9849 | test_loss=1.9788 | test_acc=0.8864
2026-05-15 11:03:50,300 | INFO | SpawnProcess-1 | stage1_run2 | Epoch 154 | train_loss=4.0897 | train_acc=0.9896 | test_loss=1.6016 | test_acc=0.9511
2026-05-15 11:04:04,803 | INFO | SpawnProcess-2 | stage1_run1 | Epoch 150 | train_loss=5.5431 | train_acc=0.9862 | test_loss=2.1679 | test_acc=0.8935
2026-05-15 11:04:13,338 | INFO | SpawnProcess-1 | stage1_run2 | Epoch 155 | train_loss=4.5340 | train_acc=0.9882 | test_loss=1.6554 | test_acc=0.9451
2026-05-15 11:04:29,826 | INFO | SpawnProcess-2 | stage1_run1 | Epoch 151 | train_loss=5.2913 | train_acc=0.9865 | test_loss=2.0254 | test_acc=0.8780
2026-05-15 11:04:35,354 | INFO | SpawnProcess-1 | stage1_run2 | Epoch 156 | train_loss=4.9911 | train_acc=0.9877 | test_loss=1.6404 | test_acc=0.9372
2026-05-15 11:04:55,252 | INFO | SpawnProcess-2 | stage1_run1 | Epoch 152 | train_loss=4.4177 | train_acc=0.9890 | test_loss=1.8623 | test_acc=0.9140
2026-05-15 11:04:57,656 | INFO | SpawnProcess-1 | stage1_run2 | Epoch 157 | train_loss=4.3579 | train_acc=0.9888 | test_loss=1.7612 | test_acc=0.9065
2026-05-15 11:05:17,154 | INFO | SpawnProcess-2 | stage1_run1 | Epoch 153 | train_loss=4.8788 | train_acc=0.9877 | test_loss=2.2135 | test_acc=0.9162
2026-05-15 11:05:23,322 | INFO | SpawnProcess-1 | stage1_run2 | Epoch 158 | train_loss=4.6492 | train_acc=0.9886 | test_loss=1.7259 | test_acc=0.9380
2026-05-15 11:05:42,919 | INFO | SpawnProcess-2 | stage1_run1 | Epoch 154 | train_loss=5.8087 | train_acc=0.9855 | test_loss=2.2956 | test_acc=0.9005
2026-05-15 11:05:43,588 | INFO | SpawnProcess-1 | stage1_run2 | Epoch 159 | train_loss=4.2687 | train_acc=0.9888 | test_loss=1.6980 | test_acc=0.9429
2026-05-15 11:06:06,921 | INFO | SpawnProcess-1 | stage1_run2 | Epoch 160 | train_loss=3.8239 | train_acc=0.9906 | test_loss=1.7257 | test_acc=0.9509
2026-05-15 11:06:07,025 | INFO | SpawnProcess-2 | stage1_run1 | Epoch 155 | train_loss=5.6885 | train_acc=0.9855 | test_loss=1.8206 | test_acc=0.9059
2026-05-15 11:06:30,569 | INFO | SpawnProcess-2 | stage1_run1 | Epoch 156 | train_loss=5.9136 | train_acc=0.9849 | test_loss=1.7450 | test_acc=0.9247
2026-05-15 11:06:30,570 | INFO | SpawnProcess-1 | stage1_run2 | Epoch 161 | train_loss=4.3116 | train_acc=0.9891 | test_loss=1.5384 | test_acc=0.9416
2026-05-15 11:06:52,576 | INFO | SpawnProcess-2 | stage1_run1 | Epoch 157 | train_loss=5.2387 | train_acc=0.9870 | test_loss=1.9678 | test_acc=0.9143
2026-05-15 11:06:55,347 | INFO | SpawnProcess-1 | stage1_run2 | Epoch 162 | train_loss=3.8124 | train_acc=0.9901 | test_loss=1.5798 | test_acc=0.9286
2026-05-15 11:07:17,998 | INFO | SpawnProcess-2 | stage1_run1 | Epoch 158 | train_loss=4.2672 | train_acc=0.9896 | test_loss=1.9781 | test_acc=0.9046
2026-05-15 11:07:18,834 | INFO | SpawnProcess-1 | stage1_run2 | Epoch 163 | train_loss=4.1445 | train_acc=0.9896 | test_loss=1.7232 | test_acc=0.9493
2026-05-15 11:07:39,588 | INFO | SpawnProcess-2 | stage1_run1 | Epoch 159 | train_loss=4.2373 | train_acc=0.9893 | test_loss=1.9274 | test_acc=0.9253
2026-05-15 11:07:43,195 | INFO | SpawnProcess-1 | stage1_run2 | Epoch 164 | train_loss=4.3650 | train_acc=0.9889 | test_loss=1.6797 | test_acc=0.9580
2026-05-15 11:08:00,481 | INFO | SpawnProcess-2 | stage1_run1 | Epoch 160 | train_loss=4.7748 | train_acc=0.9881 | test_loss=2.4306 | test_acc=0.9283
2026-05-15 11:08:08,224 | INFO | SpawnProcess-1 | stage1_run2 | Epoch 165 | train_loss=4.6534 | train_acc=0.9879 | test_loss=2.4060 | test_acc=0.9162
2026-05-15 11:08:24,021 | INFO | SpawnProcess-2 | stage1_run1 | Epoch 161 | train_loss=5.3873 | train_acc=0.9863 | test_loss=2.1697 | test_acc=0.9052
2026-05-15 11:08:31,350 | INFO | SpawnProcess-1 | stage1_run2 | Epoch 166 | train_loss=4.5498 | train_acc=0.9882 | test_loss=1.6828 | test_acc=0.9523
2026-05-15 11:08:46,309 | INFO | SpawnProcess-2 | stage1_run1 | Epoch 162 | train_loss=4.7731 | train_acc=0.9883 | test_loss=1.9301 | test_acc=0.9240
2026-05-15 11:08:55,453 | INFO | SpawnProcess-1 | stage1_run2 | Epoch 167 | train_loss=4.0965 | train_acc=0.9895 | test_loss=1.7219 | test_acc=0.9315
2026-05-15 11:09:10,428 | INFO | SpawnProcess-2 | stage1_run1 | Epoch 163 | train_loss=4.5000 | train_acc=0.9887 | test_loss=1.9433 | test_acc=0.9196
2026-05-15 11:09:16,132 | INFO | SpawnProcess-1 | stage1_run2 | Epoch 168 | train_loss=3.4165 | train_acc=0.9912 | test_loss=1.5676 | test_acc=0.9499
2026-05-15 11:09:35,059 | INFO | SpawnProcess-2 | stage1_run1 | Epoch 164 | train_loss=5.3311 | train_acc=0.9867 | test_loss=1.9857 | test_acc=0.9143
2026-05-15 11:09:40,838 | INFO | SpawnProcess-1 | stage1_run2 | Epoch 169 | train_loss=3.4345 | train_acc=0.9915 | test_loss=1.7991 | test_acc=0.9347
2026-05-15 11:09:59,865 | INFO | SpawnProcess-2 | stage1_run1 | Epoch 165 | train_loss=4.4042 | train_acc=0.9885 | test_loss=2.2215 | test_acc=0.8860
2026-05-15 11:10:03,418 | INFO | SpawnProcess-1 | stage1_run2 | Epoch 170 | train_loss=4.5533 | train_acc=0.9887 | test_loss=1.6838 | test_acc=0.9538
2026-05-15 11:10:24,605 | INFO | SpawnProcess-2 | stage1_run1 | Epoch 166 | train_loss=4.2597 | train_acc=0.9891 | test_loss=2.0003 | test_acc=0.9211
2026-05-15 11:10:25,302 | INFO | SpawnProcess-1 | stage1_run2 | Epoch 171 | train_loss=4.4619 | train_acc=0.9889 | test_loss=1.7465 | test_acc=0.9332
2026-05-15 11:10:48,621 | INFO | SpawnProcess-1 | stage1_run2 | Epoch 172 | train_loss=4.6515 | train_acc=0.9882 | test_loss=1.8387 | test_acc=0.9264
2026-05-15 11:10:49,767 | INFO | SpawnProcess-2 | stage1_run1 | Epoch 167 | train_loss=5.1285 | train_acc=0.9871 | test_loss=1.6282 | test_acc=0.9258
2026-05-15 11:11:12,559 | INFO | SpawnProcess-2 | stage1_run1 | Epoch 168 | train_loss=5.5836 | train_acc=0.9861 | test_loss=2.0468 | test_acc=0.8993
2026-05-15 11:11:13,675 | INFO | SpawnProcess-1 | stage1_run2 | Epoch 173 | train_loss=4.2840 | train_acc=0.9895 | test_loss=1.5955 | test_acc=0.9360
2026-05-15 11:11:37,582 | INFO | SpawnProcess-2 | stage1_run1 | Epoch 169 | train_loss=5.1176 | train_acc=0.9869 | test_loss=1.8782 | test_acc=0.9193
2026-05-15 11:11:38,123 | INFO | SpawnProcess-1 | stage1_run2 | Epoch 174 | train_loss=4.3656 | train_acc=0.9888 | test_loss=1.7622 | test_acc=0.9569
2026-05-15 11:12:01,711 | INFO | SpawnProcess-2 | stage1_run1 | Epoch 170 | train_loss=5.6245 | train_acc=0.9857 | test_loss=2.0424 | test_acc=0.9257
2026-05-15 11:12:03,025 | INFO | SpawnProcess-1 | stage1_run2 | Epoch 175 | train_loss=2.9116 | train_acc=0.9930 | test_loss=1.6581 | test_acc=0.9412
2026-05-15 11:12:25,114 | INFO | SpawnProcess-2 | stage1_run1 | Epoch 171 | train_loss=3.9514 | train_acc=0.9902 | test_loss=2.0554 | test_acc=0.9210
2026-05-15 11:12:30,198 | INFO | SpawnProcess-1 | stage1_run2 | Epoch 176 | train_loss=3.4765 | train_acc=0.9911 | test_loss=1.7790 | test_acc=0.9589
2026-05-15 11:12:54,798 | INFO | SpawnProcess-2 | stage1_run1 | Epoch 172 | train_loss=4.3357 | train_acc=0.9889 | test_loss=1.7264 | test_acc=0.9123
2026-05-15 11:13:01,156 | INFO | SpawnProcess-1 | stage1_run2 | Epoch 177 | train_loss=4.1232 | train_acc=0.9898 | test_loss=1.7129 | test_acc=0.9529
2026-05-15 11:13:22,063 | INFO | SpawnProcess-2 | stage1_run1 | Epoch 173 | train_loss=4.5221 | train_acc=0.9885 | test_loss=1.8398 | test_acc=0.9081
2026-05-15 11:13:27,459 | INFO | SpawnProcess-1 | stage1_run2 | Epoch 178 | train_loss=3.1729 | train_acc=0.9920 | test_loss=1.5597 | test_acc=0.9532
2026-05-15 11:13:46,515 | INFO | SpawnProcess-2 | stage1_run1 | Epoch 174 | train_loss=4.6490 | train_acc=0.9884 | test_loss=1.9578 | test_acc=0.9230
2026-05-15 11:13:55,352 | INFO | SpawnProcess-1 | stage1_run2 | Epoch 179 | train_loss=3.1205 | train_acc=0.9920 | test_loss=1.7802 | test_acc=0.9536
2026-05-15 11:14:11,284 | INFO | SpawnProcess-2 | stage1_run1 | Epoch 175 | train_loss=4.0633 | train_acc=0.9894 | test_loss=1.8322 | test_acc=0.9129
2026-05-15 11:14:19,355 | INFO | SpawnProcess-1 | stage1_run2 | Epoch 180 | train_loss=4.6209 | train_acc=0.9883 | test_loss=1.6036 | test_acc=0.9525
2026-05-15 11:14:35,843 | INFO | SpawnProcess-2 | stage1_run1 | Epoch 176 | train_loss=4.3603 | train_acc=0.9888 | test_loss=2.3082 | test_acc=0.9347
2026-05-15 11:14:43,579 | INFO | SpawnProcess-1 | stage1_run2 | Epoch 181 | train_loss=3.1691 | train_acc=0.9919 | test_loss=1.5521 | test_acc=0.9547
2026-05-15 11:15:00,668 | INFO | SpawnProcess-2 | stage1_run1 | Epoch 177 | train_loss=4.3897 | train_acc=0.9893 | test_loss=2.2707 | test_acc=0.9045
2026-05-15 11:15:06,622 | INFO | SpawnProcess-1 | stage1_run2 | Epoch 182 | train_loss=3.1724 | train_acc=0.9920 | test_loss=1.6626 | test_acc=0.9473
2026-05-15 11:15:23,590 | INFO | SpawnProcess-2 | stage1_run1 | Epoch 178 | train_loss=4.7820 | train_acc=0.9879 | test_loss=1.9673 | test_acc=0.9225
2026-05-15 11:15:31,636 | INFO | SpawnProcess-1 | stage1_run2 | Epoch 183 | train_loss=3.0158 | train_acc=0.9925 | test_loss=1.6175 | test_acc=0.9519
2026-05-15 11:15:48,476 | INFO | SpawnProcess-2 | stage1_run1 | Epoch 179 | train_loss=4.7565 | train_acc=0.9878 | test_loss=2.1635 | test_acc=0.9234
2026-05-15 11:15:54,667 | INFO | SpawnProcess-1 | stage1_run2 | Epoch 184 | train_loss=5.0736 | train_acc=0.9868 | test_loss=1.6258 | test_acc=0.9474
2026-05-15 11:16:12,583 | INFO | SpawnProcess-2 | stage1_run1 | Epoch 180 | train_loss=4.8694 | train_acc=0.9875 | test_loss=2.0096 | test_acc=0.9044
2026-05-15 11:16:20,013 | INFO | SpawnProcess-1 | stage1_run2 | Epoch 185 | train_loss=3.6914 | train_acc=0.9907 | test_loss=2.0222 | test_acc=0.9599
2026-05-15 11:16:36,339 | INFO | SpawnProcess-2 | stage1_run1 | Epoch 181 | train_loss=4.4785 | train_acc=0.9888 | test_loss=2.0374 | test_acc=0.9137
2026-05-15 11:16:43,309 | INFO | SpawnProcess-1 | stage1_run2 | Epoch 186 | train_loss=4.7101 | train_acc=0.9880 | test_loss=2.0108 | test_acc=0.9439
2026-05-15 11:17:01,526 | INFO | SpawnProcess-2 | stage1_run1 | Epoch 182 | train_loss=4.7949 | train_acc=0.9880 | test_loss=1.8947 | test_acc=0.9209
2026-05-15 11:17:09,678 | INFO | SpawnProcess-1 | stage1_run2 | Epoch 187 | train_loss=3.9156 | train_acc=0.9895 | test_loss=1.6123 | test_acc=0.9509
2026-05-15 11:17:26,696 | INFO | SpawnProcess-2 | stage1_run1 | Epoch 183 | train_loss=3.7801 | train_acc=0.9905 | test_loss=1.8279 | test_acc=0.9396
2026-05-15 11:17:33,291 | INFO | SpawnProcess-1 | stage1_run2 | Epoch 188 | train_loss=3.4284 | train_acc=0.9917 | test_loss=1.8407 | test_acc=0.9565
2026-05-15 11:17:52,687 | INFO | SpawnProcess-2 | stage1_run1 | Epoch 184 | train_loss=5.0976 | train_acc=0.9875 | test_loss=1.9635 | test_acc=0.9142
2026-05-15 11:17:56,207 | INFO | SpawnProcess-1 | stage1_run2 | Epoch 189 | train_loss=4.0648 | train_acc=0.9899 | test_loss=1.7615 | test_acc=0.9405
2026-05-15 11:18:14,346 | INFO | SpawnProcess-2 | stage1_run1 | Epoch 185 | train_loss=4.4968 | train_acc=0.9887 | test_loss=1.9849 | test_acc=0.9211
2026-05-15 11:18:20,008 | INFO | SpawnProcess-1 | stage1_run2 | Epoch 190 | train_loss=4.3860 | train_acc=0.9890 | test_loss=1.6791 | test_acc=0.9537
2026-05-15 11:18:38,410 | INFO | SpawnProcess-2 | stage1_run1 | Epoch 186 | train_loss=3.9183 | train_acc=0.9902 | test_loss=1.9023 | test_acc=0.9131
2026-05-15 11:18:43,683 | INFO | SpawnProcess-1 | stage1_run2 | Epoch 191 | train_loss=4.0868 | train_acc=0.9895 | test_loss=1.7300 | test_acc=0.9382
2026-05-15 11:19:02,299 | INFO | SpawnProcess-2 | stage1_run1 | Epoch 187 | train_loss=4.1372 | train_acc=0.9896 | test_loss=1.8166 | test_acc=0.9190
2026-05-15 11:19:09,292 | INFO | SpawnProcess-1 | stage1_run2 | Epoch 192 | train_loss=3.6932 | train_acc=0.9906 | test_loss=1.6540 | test_acc=0.9511
2026-05-15 11:19:24,577 | INFO | SpawnProcess-2 | stage1_run1 | Epoch 188 | train_loss=3.8675 | train_acc=0.9903 | test_loss=2.2418 | test_acc=0.8723
2026-05-15 11:19:34,714 | INFO | SpawnProcess-1 | stage1_run2 | Epoch 193 | train_loss=2.7674 | train_acc=0.9929 | test_loss=1.5646 | test_acc=0.9606
2026-05-15 11:19:47,564 | INFO | SpawnProcess-2 | stage1_run1 | Epoch 189 | train_loss=5.1720 | train_acc=0.9873 | test_loss=2.0407 | test_acc=0.9235
2026-05-15 11:19:59,666 | INFO | SpawnProcess-1 | stage1_run2 | Epoch 194 | train_loss=4.4058 | train_acc=0.9887 | test_loss=1.7561 | test_acc=0.9526
2026-05-15 11:20:09,564 | INFO | SpawnProcess-2 | stage1_run1 | Epoch 190 | train_loss=4.4212 | train_acc=0.9892 | test_loss=2.0570 | test_acc=0.9009
2026-05-15 11:20:23,010 | INFO | SpawnProcess-1 | stage1_run2 | Epoch 195 | train_loss=3.3930 | train_acc=0.9916 | test_loss=1.6555 | test_acc=0.9569
2026-05-15 11:20:34,147 | INFO | SpawnProcess-2 | stage1_run1 | Epoch 191 | train_loss=4.5692 | train_acc=0.9888 | test_loss=2.0813 | test_acc=0.8765
2026-05-15 11:20:47,713 | INFO | SpawnProcess-1 | stage1_run2 | Epoch 196 | train_loss=2.7256 | train_acc=0.9934 | test_loss=1.7149 | test_acc=0.9553
2026-05-15 11:20:55,535 | INFO | SpawnProcess-2 | stage1_run1 | Epoch 192 | train_loss=5.4425 | train_acc=0.9864 | test_loss=2.0456 | test_acc=0.9155
2026-05-15 11:21:14,083 | INFO | SpawnProcess-1 | stage1_run2 | Epoch 197 | train_loss=3.5851 | train_acc=0.9910 | test_loss=1.7612 | test_acc=0.9475
2026-05-15 11:21:24,337 | INFO | SpawnProcess-2 | stage1_run1 | Epoch 193 | train_loss=4.4462 | train_acc=0.9890 | test_loss=1.8441 | test_acc=0.9128
2026-05-15 11:21:43,015 | INFO | SpawnProcess-1 | stage1_run2 | Epoch 198 | train_loss=3.8051 | train_acc=0.9904 | test_loss=1.6400 | test_acc=0.9558
2026-05-15 11:21:46,971 | INFO | SpawnProcess-2 | stage1_run1 | Epoch 194 | train_loss=3.4341 | train_acc=0.9913 | test_loss=1.8334 | test_acc=0.9298
2026-05-15 11:22:08,168 | INFO | SpawnProcess-1 | stage1_run2 | Epoch 199 | train_loss=3.5656 | train_acc=0.9909 | test_loss=1.6107 | test_acc=0.9484
2026-05-15 11:22:13,749 | INFO | SpawnProcess-2 | stage1_run1 | Epoch 195 | train_loss=4.7903 | train_acc=0.9882 | test_loss=1.8291 | test_acc=0.9186
2026-05-15 11:22:37,401 | INFO | SpawnProcess-1 | stage1_run2 | Epoch 200 | train_loss=5.0284 | train_acc=0.9877 | test_loss=1.9665 | test_acc=0.9530
2026-05-15 11:22:43,860 | INFO | SpawnProcess-2 | stage1_run1 | Epoch 196 | train_loss=4.6295 | train_acc=0.9885 | test_loss=1.9969 | test_acc=0.8957
2026-05-15 11:23:07,987 | INFO | SpawnProcess-1 | stage1_run2 | Epoch 201 | train_loss=2.9760 | train_acc=0.9921 | test_loss=1.7117 | test_acc=0.9564
2026-05-15 11:23:17,271 | INFO | SpawnProcess-2 | stage1_run1 | Epoch 197 | train_loss=4.3193 | train_acc=0.9894 | test_loss=2.2164 | test_acc=0.8856
2026-05-15 11:23:39,498 | INFO | SpawnProcess-1 | stage1_run2 | Epoch 202 | train_loss=2.5255 | train_acc=0.9938 | test_loss=1.9068 | test_acc=0.9588
2026-05-15 11:23:51,874 | INFO | SpawnProcess-2 | stage1_run1 | Epoch 198 | train_loss=3.9164 | train_acc=0.9902 | test_loss=2.0385 | test_acc=0.8981
2026-05-15 11:24:11,998 | INFO | SpawnProcess-1 | stage1_run2 | Epoch 203 | train_loss=4.9981 | train_acc=0.9874 | test_loss=1.6958 | test_acc=0.9574
2026-05-15 11:24:25,015 | INFO | SpawnProcess-2 | stage1_run1 | Epoch 199 | train_loss=4.3951 | train_acc=0.9888 | test_loss=1.8534 | test_acc=0.9197
2026-05-15 11:24:43,764 | INFO | SpawnProcess-1 | stage1_run2 | Epoch 204 | train_loss=4.2412 | train_acc=0.9886 | test_loss=1.6288 | test_acc=0.9514
2026-05-15 11:24:55,436 | INFO | SpawnProcess-2 | stage1_run1 | Epoch 200 | train_loss=3.5798 | train_acc=0.9910 | test_loss=1.8201 | test_acc=0.9118
2026-05-15 11:25:13,665 | INFO | SpawnProcess-1 | stage1_run2 | Epoch 205 | train_loss=2.6799 | train_acc=0.9929 | test_loss=1.5385 | test_acc=0.9589
2026-05-15 11:25:22,625 | INFO | SpawnProcess-2 | stage1_run1 | Epoch 201 | train_loss=3.9946 | train_acc=0.9900 | test_loss=1.9690 | test_acc=0.9297
2026-05-15 11:25:37,395 | INFO | SpawnProcess-1 | stage1_run2 | Epoch 206 | train_loss=2.5102 | train_acc=0.9937 | test_loss=1.8486 | test_acc=0.9415
2026-05-15 11:25:47,550 | INFO | SpawnProcess-2 | stage1_run1 | Epoch 202 | train_loss=3.9659 | train_acc=0.9897 | test_loss=1.9810 | test_acc=0.9261
2026-05-15 11:26:02,071 | INFO | SpawnProcess-1 | stage1_run2 | Epoch 207 | train_loss=3.2812 | train_acc=0.9915 | test_loss=1.7074 | test_acc=0.9557
2026-05-15 11:26:19,557 | INFO | SpawnProcess-2 | stage1_run1 | Epoch 203 | train_loss=3.8029 | train_acc=0.9904 | test_loss=1.8403 | test_acc=0.9403
2026-05-15 11:26:29,712 | INFO | SpawnProcess-1 | stage1_run2 | Epoch 208 | train_loss=4.0700 | train_acc=0.9893 | test_loss=1.8189 | test_acc=0.9287
2026-05-15 11:26:49,866 | INFO | SpawnProcess-2 | stage1_run1 | Epoch 204 | train_loss=3.3705 | train_acc=0.9915 | test_loss=2.0052 | test_acc=0.9271
2026-05-15 11:26:56,532 | INFO | SpawnProcess-1 | stage1_run2 | Epoch 209 | train_loss=3.2543 | train_acc=0.9915 | test_loss=1.6854 | test_acc=0.9365
2026-05-15 11:27:20,557 | INFO | SpawnProcess-2 | stage1_run1 | Epoch 205 | train_loss=4.5944 | train_acc=0.9884 | test_loss=2.2653 | test_acc=0.8958
2026-05-15 11:27:27,056 | INFO | SpawnProcess-1 | stage1_run2 | Epoch 210 | train_loss=5.4767 | train_acc=0.9865 | test_loss=2.0523 | test_acc=0.9353
2026-05-15 11:27:49,431 | INFO | SpawnProcess-2 | stage1_run1 | Epoch 206 | train_loss=5.6978 | train_acc=0.9858 | test_loss=2.1653 | test_acc=0.9098
2026-05-15 11:27:55,643 | INFO | SpawnProcess-1 | stage1_run2 | Epoch 211 | train_loss=3.6582 | train_acc=0.9908 | test_loss=1.9803 | test_acc=0.9374
2026-05-15 11:28:11,922 | INFO | SpawnProcess-2 | stage1_run1 | Epoch 207 | train_loss=4.4607 | train_acc=0.9886 | test_loss=1.7601 | test_acc=0.9209
2026-05-15 11:28:22,820 | INFO | SpawnProcess-1 | stage1_run2 | Epoch 212 | train_loss=2.8946 | train_acc=0.9928 | test_loss=1.7798 | test_acc=0.9367
2026-05-15 11:28:35,017 | INFO | SpawnProcess-2 | stage1_run1 | Epoch 208 | train_loss=4.0235 | train_acc=0.9899 | test_loss=2.0474 | test_acc=0.9107
2026-05-15 11:28:44,892 | INFO | SpawnProcess-1 | stage1_run2 | Epoch 213 | train_loss=3.4715 | train_acc=0.9911 | test_loss=1.7128 | test_acc=0.9429
2026-05-15 11:28:58,882 | INFO | SpawnProcess-2 | stage1_run1 | Epoch 209 | train_loss=4.4234 | train_acc=0.9888 | test_loss=2.1941 | test_acc=0.9364
2026-05-15 11:29:07,550 | INFO | SpawnProcess-1 | stage1_run2 | Epoch 214 | train_loss=2.9714 | train_acc=0.9926 | test_loss=1.5760 | test_acc=0.9455
2026-05-15 11:29:22,828 | INFO | SpawnProcess-2 | stage1_run1 | Epoch 210 | train_loss=3.4690 | train_acc=0.9911 | test_loss=2.2489 | test_acc=0.9154
2026-05-15 11:29:33,330 | INFO | SpawnProcess-1 | stage1_run2 | Epoch 215 | train_loss=3.4629 | train_acc=0.9911 | test_loss=1.6417 | test_acc=0.9390
2026-05-15 11:29:52,326 | INFO | SpawnProcess-2 | stage1_run1 | Epoch 211 | train_loss=3.5024 | train_acc=0.9914 | test_loss=1.9839 | test_acc=0.9262
2026-05-15 11:29:59,829 | INFO | SpawnProcess-1 | stage1_run2 | Epoch 216 | train_loss=2.3726 | train_acc=0.9940 | test_loss=1.7206 | test_acc=0.9404
2026-05-15 11:30:20,256 | INFO | SpawnProcess-2 | stage1_run1 | Epoch 212 | train_loss=3.9933 | train_acc=0.9900 | test_loss=1.9988 | test_acc=0.9349
2026-05-15 11:30:27,269 | INFO | SpawnProcess-1 | stage1_run2 | Epoch 217 | train_loss=3.7053 | train_acc=0.9898 | test_loss=3.1531 | test_acc=0.9115
2026-05-15 11:30:44,355 | INFO | SpawnProcess-2 | stage1_run1 | Epoch 213 | train_loss=5.3677 | train_acc=0.9866 | test_loss=1.9111 | test_acc=0.9151
2026-05-15 11:30:49,277 | INFO | SpawnProcess-1 | stage1_run2 | Epoch 218 | train_loss=3.8690 | train_acc=0.9900 | test_loss=1.3784 | test_acc=0.9518
2026-05-15 11:31:06,897 | INFO | SpawnProcess-2 | stage1_run1 | Epoch 214 | train_loss=4.4023 | train_acc=0.9890 | test_loss=1.8156 | test_acc=0.9034
2026-05-15 11:31:14,799 | INFO | SpawnProcess-1 | stage1_run2 | Epoch 219 | train_loss=3.2029 | train_acc=0.9919 | test_loss=1.5581 | test_acc=0.9604
2026-05-15 11:31:29,553 | INFO | SpawnProcess-2 | stage1_run1 | Epoch 215 | train_loss=4.2103 | train_acc=0.9892 | test_loss=1.7290 | test_acc=0.9197
2026-05-15 11:31:38,058 | INFO | SpawnProcess-1 | stage1_run2 | Epoch 220 | train_loss=3.3506 | train_acc=0.9914 | test_loss=1.8751 | test_acc=0.9455
2026-05-15 11:31:53,560 | INFO | SpawnProcess-2 | stage1_run1 | Epoch 216 | train_loss=3.5031 | train_acc=0.9911 | test_loss=2.0213 | test_acc=0.9363
2026-05-15 11:32:00,591 | INFO | SpawnProcess-1 | stage1_run2 | Epoch 221 | train_loss=4.2136 | train_acc=0.9892 | test_loss=1.7594 | test_acc=0.9490
2026-05-15 11:32:18,951 | INFO | SpawnProcess-2 | stage1_run1 | Epoch 217 | train_loss=3.5755 | train_acc=0.9909 | test_loss=1.9092 | test_acc=0.9318
2026-05-15 11:32:23,280 | INFO | SpawnProcess-1 | stage1_run2 | Epoch 222 | train_loss=2.8662 | train_acc=0.9927 | test_loss=1.6506 | test_acc=0.9558
2026-05-15 11:32:41,252 | INFO | SpawnProcess-2 | stage1_run1 | Epoch 218 | train_loss=4.0534 | train_acc=0.9902 | test_loss=2.1369 | test_acc=0.9458
2026-05-15 11:32:48,475 | INFO | SpawnProcess-1 | stage1_run2 | Epoch 223 | train_loss=2.5326 | train_acc=0.9936 | test_loss=1.6896 | test_acc=0.9602
2026-05-15 11:33:05,016 | INFO | SpawnProcess-2 | stage1_run1 | Epoch 219 | train_loss=4.5989 | train_acc=0.9881 | test_loss=2.4380 | test_acc=0.9177
2026-05-15 11:33:11,848 | INFO | SpawnProcess-1 | stage1_run2 | Epoch 224 | train_loss=3.7250 | train_acc=0.9908 | test_loss=1.6481 | test_acc=0.9529
2026-05-15 11:33:28,741 | INFO | SpawnProcess-2 | stage1_run1 | Epoch 220 | train_loss=3.6533 | train_acc=0.9904 | test_loss=1.6623 | test_acc=0.9272
2026-05-15 11:33:34,549 | INFO | SpawnProcess-1 | stage1_run2 | Epoch 225 | train_loss=3.7538 | train_acc=0.9903 | test_loss=1.8611 | test_acc=0.9450
2026-05-15 11:33:54,053 | INFO | SpawnProcess-2 | stage1_run1 | Epoch 221 | train_loss=3.7618 | train_acc=0.9908 | test_loss=1.8688 | test_acc=0.9202
2026-05-15 11:33:58,488 | INFO | SpawnProcess-1 | stage1_run2 | Epoch 226 | train_loss=3.7285 | train_acc=0.9905 | test_loss=1.6546 | test_acc=0.9565
2026-05-15 11:34:17,437 | INFO | SpawnProcess-2 | stage1_run1 | Epoch 222 | train_loss=3.1678 | train_acc=0.9919 | test_loss=1.9606 | test_acc=0.9225
2026-05-15 11:34:23,691 | INFO | SpawnProcess-1 | stage1_run2 | Epoch 227 | train_loss=2.8335 | train_acc=0.9932 | test_loss=1.6441 | test_acc=0.9474
2026-05-15 11:34:39,569 | INFO | SpawnProcess-2 | stage1_run1 | Epoch 223 | train_loss=4.2232 | train_acc=0.9894 | test_loss=1.8358 | test_acc=0.9315
2026-05-15 11:34:47,848 | INFO | SpawnProcess-1 | stage1_run2 | Epoch 228 | train_loss=2.0559 | train_acc=0.9951 | test_loss=1.5716 | test_acc=0.9605
2026-05-15 11:35:04,798 | INFO | SpawnProcess-2 | stage1_run1 | Epoch 224 | train_loss=4.0908 | train_acc=0.9895 | test_loss=2.0593 | test_acc=0.9219
2026-05-15 11:35:10,196 | INFO | SpawnProcess-1 | stage1_run2 | Epoch 229 | train_loss=2.4787 | train_acc=0.9942 | test_loss=1.7647 | test_acc=0.9444
2026-05-15 11:35:27,183 | INFO | SpawnProcess-2 | stage1_run1 | Epoch 225 | train_loss=3.9678 | train_acc=0.9897 | test_loss=1.7835 | test_acc=0.9164
2026-05-15 11:35:32,182 | INFO | SpawnProcess-1 | stage1_run2 | Epoch 230 | train_loss=5.1667 | train_acc=0.9871 | test_loss=1.7672 | test_acc=0.9506
2026-05-15 11:35:51,533 | INFO | SpawnProcess-2 | stage1_run1 | Epoch 226 | train_loss=2.9266 | train_acc=0.9928 | test_loss=1.9468 | test_acc=0.9130
2026-05-15 11:35:54,249 | INFO | SpawnProcess-1 | stage1_run2 | Epoch 231 | train_loss=3.9266 | train_acc=0.9905 | test_loss=1.8621 | test_acc=0.9601
2026-05-15 11:36:16,899 | INFO | SpawnProcess-1 | stage1_run2 | Epoch 232 | train_loss=3.5998 | train_acc=0.9906 | test_loss=1.6578 | test_acc=0.9460
2026-05-15 11:36:16,962 | INFO | SpawnProcess-2 | stage1_run1 | Epoch 227 | train_loss=3.6468 | train_acc=0.9907 | test_loss=2.5977 | test_acc=0.9131
2026-05-15 11:36:40,264 | INFO | SpawnProcess-2 | stage1_run1 | Epoch 228 | train_loss=4.0262 | train_acc=0.9900 | test_loss=2.1498 | test_acc=0.8691
2026-05-15 11:36:41,089 | INFO | SpawnProcess-1 | stage1_run2 | Epoch 233 | train_loss=3.3380 | train_acc=0.9917 | test_loss=1.8633 | test_acc=0.9555
2026-05-15 11:37:02,427 | INFO | SpawnProcess-2 | stage1_run1 | Epoch 229 | train_loss=5.5077 | train_acc=0.9860 | test_loss=1.8316 | test_acc=0.9201
2026-05-15 11:37:04,928 | INFO | SpawnProcess-1 | stage1_run2 | Epoch 234 | train_loss=1.9711 | train_acc=0.9951 | test_loss=1.6018 | test_acc=0.9536
2026-05-15 11:37:25,754 | INFO | SpawnProcess-2 | stage1_run1 | Epoch 230 | train_loss=4.0798 | train_acc=0.9894 | test_loss=2.1377 | test_acc=0.9102
2026-05-15 11:37:28,021 | INFO | SpawnProcess-1 | stage1_run2 | Epoch 235 | train_loss=1.9200 | train_acc=0.9953 | test_loss=1.6708 | test_acc=0.9558
2026-05-15 11:37:52,633 | INFO | SpawnProcess-2 | stage1_run1 | Epoch 231 | train_loss=4.2349 | train_acc=0.9897 | test_loss=1.8567 | test_acc=0.9326
2026-05-15 11:37:53,415 | INFO | SpawnProcess-1 | stage1_run2 | Epoch 236 | train_loss=3.1118 | train_acc=0.9921 | test_loss=2.1175 | test_acc=0.9232
2026-05-15 11:38:25,572 | INFO | SpawnProcess-1 | stage1_run2 | Epoch 237 | train_loss=4.0192 | train_acc=0.9898 | test_loss=1.6406 | test_acc=0.9562
2026-05-15 11:38:25,627 | INFO | SpawnProcess-2 | stage1_run1 | Epoch 232 | train_loss=2.8324 | train_acc=0.9928 | test_loss=1.8841 | test_acc=0.9350
2026-05-15 11:38:50,365 | INFO | SpawnProcess-1 | stage1_run2 | Epoch 238 | train_loss=3.5025 | train_acc=0.9914 | test_loss=1.5356 | test_acc=0.9391
2026-05-15 11:38:54,120 | INFO | SpawnProcess-2 | stage1_run1 | Epoch 233 | train_loss=2.6201 | train_acc=0.9934 | test_loss=1.9652 | test_acc=0.9369
2026-05-15 11:39:17,031 | INFO | SpawnProcess-2 | stage1_run1 | Epoch 234 | train_loss=3.4687 | train_acc=0.9912 | test_loss=1.8729 | test_acc=0.9247
2026-05-15 11:39:17,301 | INFO | SpawnProcess-1 | stage1_run2 | Epoch 239 | train_loss=2.6711 | train_acc=0.9930 | test_loss=1.8855 | test_acc=0.9352
2026-05-15 11:39:40,773 | INFO | SpawnProcess-2 | stage1_run1 | Epoch 235 | train_loss=4.3646 | train_acc=0.9886 | test_loss=2.0458 | test_acc=0.9256
2026-05-15 11:39:41,058 | INFO | SpawnProcess-1 | stage1_run2 | Epoch 240 | train_loss=2.8278 | train_acc=0.9926 | test_loss=2.0298 | test_acc=0.9432
2026-05-15 11:40:04,360 | INFO | SpawnProcess-1 | stage1_run2 | Epoch 241 | train_loss=4.9194 | train_acc=0.9876 | test_loss=1.5770 | test_acc=0.9419
2026-05-15 11:40:05,046 | INFO | SpawnProcess-2 | stage1_run1 | Epoch 236 | train_loss=4.1232 | train_acc=0.9896 | test_loss=1.9335 | test_acc=0.9230
2026-05-15 11:40:27,977 | INFO | SpawnProcess-2 | stage1_run1 | Epoch 237 | train_loss=3.7380 | train_acc=0.9905 | test_loss=1.9308 | test_acc=0.8997
2026-05-15 11:40:28,962 | INFO | SpawnProcess-1 | stage1_run2 | Epoch 242 | train_loss=2.2130 | train_acc=0.9942 | test_loss=1.5005 | test_acc=0.9528
2026-05-15 11:40:51,203 | INFO | SpawnProcess-2 | stage1_run1 | Epoch 238 | train_loss=2.9339 | train_acc=0.9926 | test_loss=1.8482 | test_acc=0.9051
2026-05-15 11:40:53,611 | INFO | SpawnProcess-1 | stage1_run2 | Epoch 243 | train_loss=2.9642 | train_acc=0.9925 | test_loss=1.6999 | test_acc=0.9383
2026-05-15 11:41:16,264 | INFO | SpawnProcess-2 | stage1_run1 | Epoch 239 | train_loss=3.9303 | train_acc=0.9899 | test_loss=2.1115 | test_acc=0.8750
2026-05-15 11:41:17,654 | INFO | SpawnProcess-1 | stage1_run2 | Epoch 244 | train_loss=3.1207 | train_acc=0.9922 | test_loss=1.8544 | test_acc=0.9450
2026-05-15 11:41:40,078 | INFO | SpawnProcess-1 | stage1_run2 | Epoch 245 | train_loss=3.6626 | train_acc=0.9904 | test_loss=2.2623 | test_acc=0.9087
2026-05-15 11:41:40,702 | INFO | SpawnProcess-2 | stage1_run1 | Epoch 240 | train_loss=4.7948 | train_acc=0.9879 | test_loss=2.3342 | test_acc=0.8694
2026-05-15 11:42:01,704 | INFO | SpawnProcess-1 | stage1_run2 | Epoch 246 | train_loss=2.6765 | train_acc=0.9931 | test_loss=1.6271 | test_acc=0.9500
2026-05-15 11:42:02,295 | INFO | SpawnProcess-2 | stage1_run1 | Epoch 241 | train_loss=5.0625 | train_acc=0.9872 | test_loss=1.9143 | test_acc=0.9214
2026-05-15 11:42:25,245 | INFO | SpawnProcess-2 | stage1_run1 | Epoch 242 | train_loss=3.7282 | train_acc=0.9904 | test_loss=1.8287 | test_acc=0.9368
2026-05-15 11:42:25,249 | INFO | SpawnProcess-1 | stage1_run2 | Epoch 247 | train_loss=2.3850 | train_acc=0.9939 | test_loss=1.7398 | test_acc=0.9445
2026-05-15 11:42:48,814 | INFO | SpawnProcess-2 | stage1_run1 | Epoch 243 | train_loss=3.5993 | train_acc=0.9910 | test_loss=2.2174 | test_acc=0.9187
2026-05-15 11:42:49,928 | INFO | SpawnProcess-1 | stage1_run2 | Epoch 248 | train_loss=2.9157 | train_acc=0.9927 | test_loss=1.7411 | test_acc=0.9658
2026-05-15 11:43:12,305 | INFO | SpawnProcess-2 | stage1_run1 | Epoch 244 | train_loss=4.6619 | train_acc=0.9885 | test_loss=1.8256 | test_acc=0.9114
2026-05-15 11:43:13,633 | INFO | SpawnProcess-1 | stage1_run2 | Epoch 249 | train_loss=2.0130 | train_acc=0.9951 | test_loss=1.5186 | test_acc=0.9512
2026-05-15 11:43:35,323 | INFO | SpawnProcess-2 | stage1_run1 | Epoch 245 | train_loss=2.7080 | train_acc=0.9931 | test_loss=1.9405 | test_acc=0.9177
2026-05-15 11:43:37,804 | INFO | SpawnProcess-1 | stage1_run2 | Epoch 250 | train_loss=3.9941 | train_acc=0.9896 | test_loss=1.7878 | test_acc=0.9488
2026-05-15 11:43:59,127 | INFO | SpawnProcess-2 | stage1_run1 | Epoch 246 | train_loss=2.5058 | train_acc=0.9941 | test_loss=1.9113 | test_acc=0.9324
2026-05-15 11:44:02,363 | INFO | SpawnProcess-1 | stage1_run2 | Epoch 251 | train_loss=3.8876 | train_acc=0.9898 | test_loss=1.6612 | test_acc=0.9478
2026-05-15 11:44:24,059 | INFO | SpawnProcess-2 | stage1_run1 | Epoch 247 | train_loss=3.4854 | train_acc=0.9909 | test_loss=1.9320 | test_acc=0.9285
2026-05-15 11:44:25,711 | INFO | SpawnProcess-1 | stage1_run2 | Epoch 252 | train_loss=3.2888 | train_acc=0.9913 | test_loss=1.6303 | test_acc=0.9490
2026-05-15 11:44:52,728 | INFO | SpawnProcess-1 | stage1_run2 | Epoch 253 | train_loss=2.1441 | train_acc=0.9948 | test_loss=1.7580 | test_acc=0.9624
2026-05-15 11:44:54,150 | INFO | SpawnProcess-2 | stage1_run1 | Epoch 248 | train_loss=3.3652 | train_acc=0.9913 | test_loss=1.8052 | test_acc=0.9005
2026-05-15 11:45:21,524 | INFO | SpawnProcess-1 | stage1_run2 | Epoch 254 | train_loss=3.3359 | train_acc=0.9917 | test_loss=1.6223 | test_acc=0.9414
2026-05-15 11:45:24,859 | INFO | SpawnProcess-2 | stage1_run1 | Epoch 249 | train_loss=3.4233 | train_acc=0.9909 | test_loss=2.2493 | test_acc=0.9250
2026-05-15 11:45:52,828 | INFO | SpawnProcess-1 | stage1_run2 | Epoch 255 | train_loss=3.3366 | train_acc=0.9915 | test_loss=1.9584 | test_acc=0.9459
2026-05-15 11:45:58,948 | INFO | SpawnProcess-2 | stage1_run1 | Epoch 250 | train_loss=3.3768 | train_acc=0.9915 | test_loss=1.9793 | test_acc=0.9080
2026-05-15 11:46:27,312 | INFO | SpawnProcess-1 | stage1_run2 | Epoch 256 | train_loss=2.8210 | train_acc=0.9927 | test_loss=2.2013 | test_acc=0.8975
2026-05-15 11:46:30,872 | INFO | SpawnProcess-2 | stage1_run1 | Epoch 251 | train_loss=3.4337 | train_acc=0.9912 | test_loss=1.9952 | test_acc=0.9312
2026-05-15 11:46:53,065 | INFO | SpawnProcess-1 | stage1_run2 | Epoch 257 | train_loss=3.5958 | train_acc=0.9912 | test_loss=1.6003 | test_acc=0.9584
2026-05-15 11:46:57,501 | INFO | SpawnProcess-2 | stage1_run1 | Epoch 252 | train_loss=3.5287 | train_acc=0.9910 | test_loss=1.8139 | test_acc=0.9149
2026-05-15 11:47:18,249 | INFO | SpawnProcess-1 | stage1_run2 | Epoch 258 | train_loss=4.0409 | train_acc=0.9900 | test_loss=1.8768 | test_acc=0.9442
2026-05-15 11:47:27,603 | INFO | SpawnProcess-2 | stage1_run1 | Epoch 253 | train_loss=4.3081 | train_acc=0.9892 | test_loss=2.2624 | test_acc=0.8996
2026-05-15 11:47:49,292 | INFO | SpawnProcess-1 | stage1_run2 | Epoch 259 | train_loss=2.8828 | train_acc=0.9926 | test_loss=1.5932 | test_acc=0.9501
2026-05-15 11:47:56,719 | INFO | SpawnProcess-2 | stage1_run1 | Epoch 254 | train_loss=3.8185 | train_acc=0.9903 | test_loss=1.8785 | test_acc=0.9138
2026-05-15 11:48:15,138 | INFO | SpawnProcess-1 | stage1_run2 | Epoch 260 | train_loss=2.4183 | train_acc=0.9941 | test_loss=1.7118 | test_acc=0.9460
2026-05-15 11:48:24,248 | INFO | SpawnProcess-2 | stage1_run1 | Epoch 255 | train_loss=3.3020 | train_acc=0.9918 | test_loss=1.8503 | test_acc=0.9138
2026-05-15 11:48:40,258 | INFO | SpawnProcess-1 | stage1_run2 | Epoch 261 | train_loss=2.9255 | train_acc=0.9927 | test_loss=1.7913 | test_acc=0.9290
2026-05-15 11:48:50,197 | INFO | SpawnProcess-2 | stage1_run1 | Epoch 256 | train_loss=2.4765 | train_acc=0.9939 | test_loss=1.8137 | test_acc=0.9348
2026-05-15 11:49:07,807 | INFO | SpawnProcess-1 | stage1_run2 | Epoch 262 | train_loss=2.3466 | train_acc=0.9939 | test_loss=1.7894 | test_acc=0.9585
2026-05-15 11:49:18,806 | INFO | SpawnProcess-2 | stage1_run1 | Epoch 257 | train_loss=3.1187 | train_acc=0.9922 | test_loss=1.8005 | test_acc=0.9267
2026-05-15 11:49:32,359 | INFO | SpawnProcess-1 | stage1_run2 | Epoch 263 | train_loss=2.4762 | train_acc=0.9935 | test_loss=1.6264 | test_acc=0.9443
2026-05-15 11:49:44,353 | INFO | SpawnProcess-2 | stage1_run1 | Epoch 258 | train_loss=2.8775 | train_acc=0.9927 | test_loss=1.8279 | test_acc=0.9176
2026-05-15 11:49:54,826 | INFO | SpawnProcess-1 | stage1_run2 | Epoch 264 | train_loss=2.0242 | train_acc=0.9949 | test_loss=1.6753 | test_acc=0.9675
2026-05-15 11:50:09,485 | INFO | SpawnProcess-2 | stage1_run1 | Epoch 259 | train_loss=2.9000 | train_acc=0.9924 | test_loss=1.9871 | test_acc=0.9099
2026-05-15 11:50:22,715 | INFO | SpawnProcess-1 | stage1_run2 | Epoch 265 | train_loss=2.0388 | train_acc=0.9950 | test_loss=1.7884 | test_acc=0.9650
2026-05-15 11:50:36,961 | INFO | SpawnProcess-2 | stage1_run1 | Epoch 260 | train_loss=4.7694 | train_acc=0.9883 | test_loss=2.0820 | test_acc=0.8858
2026-05-15 11:50:48,976 | INFO | SpawnProcess-1 | stage1_run2 | Epoch 266 | train_loss=2.4524 | train_acc=0.9939 | test_loss=1.7893 | test_acc=0.9559
2026-05-15 11:51:01,162 | INFO | SpawnProcess-2 | stage1_run1 | Epoch 261 | train_loss=3.6142 | train_acc=0.9913 | test_loss=2.0434 | test_acc=0.8969
2026-05-15 11:51:10,832 | INFO | SpawnProcess-1 | stage1_run2 | Epoch 267 | train_loss=2.1119 | train_acc=0.9947 | test_loss=2.1210 | test_acc=0.9419
2026-05-15 11:51:25,318 | INFO | SpawnProcess-2 | stage1_run1 | Epoch 262 | train_loss=3.1319 | train_acc=0.9922 | test_loss=2.0403 | test_acc=0.9328
2026-05-15 11:51:38,208 | INFO | SpawnProcess-1 | stage1_run2 | Epoch 268 | train_loss=4.0298 | train_acc=0.9901 | test_loss=1.7302 | test_acc=0.9626
2026-05-15 11:51:53,435 | INFO | SpawnProcess-2 | stage1_run1 | Epoch 263 | train_loss=2.9014 | train_acc=0.9922 | test_loss=2.0572 | test_acc=0.9278
2026-05-15 11:52:04,310 | INFO | SpawnProcess-1 | stage1_run2 | Epoch 269 | train_loss=3.3860 | train_acc=0.9912 | test_loss=2.1015 | test_acc=0.9581
2026-05-15 11:52:18,613 | INFO | SpawnProcess-2 | stage1_run1 | Epoch 264 | train_loss=4.1334 | train_acc=0.9893 | test_loss=2.1531 | test_acc=0.8988
2026-05-15 11:52:26,390 | INFO | SpawnProcess-1 | stage1_run2 | Epoch 270 | train_loss=4.4087 | train_acc=0.9888 | test_loss=1.9348 | test_acc=0.9550
2026-05-15 11:52:43,706 | INFO | SpawnProcess-2 | stage1_run1 | Epoch 265 | train_loss=4.8357 | train_acc=0.9879 | test_loss=1.9737 | test_acc=0.9169
2026-05-15 11:52:50,551 | INFO | SpawnProcess-1 | stage1_run2 | Epoch 271 | train_loss=2.9406 | train_acc=0.9928 | test_loss=1.7959 | test_acc=0.9556
2026-05-15 11:53:10,581 | INFO | SpawnProcess-2 | stage1_run1 | Epoch 266 | train_loss=3.1554 | train_acc=0.9924 | test_loss=2.3944 | test_acc=0.9091
2026-05-15 11:53:18,146 | INFO | SpawnProcess-1 | stage1_run2 | Epoch 272 | train_loss=2.3909 | train_acc=0.9939 | test_loss=1.7610 | test_acc=0.9534
2026-05-15 11:53:39,170 | INFO | SpawnProcess-2 | stage1_run1 | Epoch 267 | train_loss=4.0914 | train_acc=0.9892 | test_loss=2.4295 | test_acc=0.8669
2026-05-15 11:53:44,557 | INFO | SpawnProcess-1 | stage1_run2 | Epoch 273 | train_loss=1.7958 | train_acc=0.9958 | test_loss=1.6614 | test_acc=0.9526
2026-05-15 11:54:05,909 | INFO | SpawnProcess-2 | stage1_run1 | Epoch 268 | train_loss=3.5200 | train_acc=0.9915 | test_loss=1.8908 | test_acc=0.9119
2026-05-15 11:54:16,890 | INFO | SpawnProcess-1 | stage1_run2 | Epoch 274 | train_loss=2.1378 | train_acc=0.9944 | test_loss=1.5052 | test_acc=0.9548
2026-05-15 11:54:35,896 | INFO | SpawnProcess-2 | stage1_run1 | Epoch 269 | train_loss=2.3803 | train_acc=0.9942 | test_loss=1.9785 | test_acc=0.9203
2026-05-15 11:54:45,487 | INFO | SpawnProcess-1 | stage1_run2 | Epoch 275 | train_loss=1.9091 | train_acc=0.9953 | test_loss=1.7413 | test_acc=0.9573
2026-05-15 11:54:59,508 | INFO | SpawnProcess-2 | stage1_run1 | Epoch 270 | train_loss=3.2194 | train_acc=0.9919 | test_loss=1.9061 | test_acc=0.9257
2026-05-15 11:55:08,213 | INFO | SpawnProcess-1 | stage1_run2 | Epoch 276 | train_loss=3.6804 | train_acc=0.9909 | test_loss=2.7912 | test_acc=0.8998
2026-05-15 11:55:22,594 | INFO | SpawnProcess-2 | stage1_run1 | Epoch 271 | train_loss=3.1949 | train_acc=0.9916 | test_loss=1.9369 | test_acc=0.8910
2026-05-15 11:55:32,293 | INFO | SpawnProcess-1 | stage1_run2 | Epoch 277 | train_loss=3.1021 | train_acc=0.9919 | test_loss=1.7390 | test_acc=0.9419
2026-05-15 11:55:49,759 | INFO | SpawnProcess-2 | stage1_run1 | Epoch 272 | train_loss=3.4167 | train_acc=0.9916 | test_loss=1.8441 | test_acc=0.9023
2026-05-15 11:56:00,797 | INFO | SpawnProcess-1 | stage1_run2 | Epoch 278 | train_loss=2.9696 | train_acc=0.9922 | test_loss=1.7045 | test_acc=0.9570
2026-05-15 11:56:15,160 | INFO | SpawnProcess-2 | stage1_run1 | Epoch 273 | train_loss=4.1959 | train_acc=0.9893 | test_loss=1.9143 | test_acc=0.9286
2026-05-15 11:56:22,313 | INFO | SpawnProcess-1 | stage1_run2 | Epoch 279 | train_loss=2.9432 | train_acc=0.9921 | test_loss=1.5752 | test_acc=0.9546
2026-05-15 11:56:37,539 | INFO | SpawnProcess-2 | stage1_run1 | Epoch 274 | train_loss=3.8006 | train_acc=0.9900 | test_loss=2.0955 | test_acc=0.9060
2026-05-15 11:56:49,194 | INFO | SpawnProcess-1 | stage1_run2 | Epoch 280 | train_loss=2.5943 | train_acc=0.9937 | test_loss=1.5760 | test_acc=0.9485
2026-05-15 11:57:06,147 | INFO | SpawnProcess-2 | stage1_run1 | Epoch 275 | train_loss=3.6222 | train_acc=0.9910 | test_loss=1.9732 | test_acc=0.9289
2026-05-15 11:57:16,808 | INFO | SpawnProcess-1 | stage1_run2 | Epoch 281 | train_loss=2.3312 | train_acc=0.9939 | test_loss=1.8464 | test_acc=0.9468
2026-05-15 11:57:32,788 | INFO | SpawnProcess-2 | stage1_run1 | Epoch 276 | train_loss=3.3360 | train_acc=0.9916 | test_loss=2.0097 | test_acc=0.9280
2026-05-15 11:57:41,124 | INFO | SpawnProcess-1 | stage1_run2 | Epoch 282 | train_loss=3.0791 | train_acc=0.9925 | test_loss=2.0805 | test_acc=0.9477
2026-05-15 11:57:54,732 | INFO | SpawnProcess-2 | stage1_run1 | Epoch 277 | train_loss=2.5612 | train_acc=0.9935 | test_loss=1.7427 | test_acc=0.9123
2026-05-15 11:58:09,577 | INFO | SpawnProcess-1 | stage1_run2 | Epoch 283 | train_loss=3.2030 | train_acc=0.9913 | test_loss=1.6910 | test_acc=0.9472
2026-05-15 11:58:20,312 | INFO | SpawnProcess-2 | stage1_run1 | Epoch 278 | train_loss=1.9951 | train_acc=0.9950 | test_loss=1.8216 | test_acc=0.9279
2026-05-15 11:58:33,682 | INFO | SpawnProcess-1 | stage1_run2 | Epoch 284 | train_loss=2.9724 | train_acc=0.9921 | test_loss=1.9136 | test_acc=0.9397
2026-05-15 11:58:48,897 | INFO | SpawnProcess-2 | stage1_run1 | Epoch 279 | train_loss=2.0072 | train_acc=0.9949 | test_loss=1.8229 | test_acc=0.9238
2026-05-15 11:58:58,713 | INFO | SpawnProcess-1 | stage1_run2 | Epoch 285 | train_loss=3.5874 | train_acc=0.9911 | test_loss=1.6664 | test_acc=0.9433
2026-05-15 11:59:11,962 | INFO | SpawnProcess-2 | stage1_run1 | Epoch 280 | train_loss=4.9484 | train_acc=0.9873 | test_loss=2.2873 | test_acc=0.8930
2026-05-15 11:59:23,484 | INFO | SpawnProcess-1 | stage1_run2 | Epoch 286 | train_loss=2.3796 | train_acc=0.9940 | test_loss=1.5472 | test_acc=0.9557
2026-05-15 11:59:40,328 | INFO | SpawnProcess-2 | stage1_run1 | Epoch 281 | train_loss=4.4414 | train_acc=0.9887 | test_loss=1.9455 | test_acc=0.9074
2026-05-15 11:59:52,860 | INFO | SpawnProcess-1 | stage1_run2 | Epoch 287 | train_loss=1.8267 | train_acc=0.9953 | test_loss=1.5355 | test_acc=0.9668
2026-05-15 12:00:09,686 | INFO | SpawnProcess-2 | stage1_run1 | Epoch 282 | train_loss=3.0926 | train_acc=0.9924 | test_loss=2.0741 | test_acc=0.9189
2026-05-15 12:00:15,865 | INFO | SpawnProcess-1 | stage1_run2 | Epoch 288 | train_loss=2.8488 | train_acc=0.9928 | test_loss=1.7305 | test_acc=0.9538
2026-05-15 12:00:30,285 | INFO | SpawnProcess-2 | stage1_run1 | Epoch 283 | train_loss=3.1885 | train_acc=0.9918 | test_loss=2.0583 | test_acc=0.9201
2026-05-15 12:00:40,528 | INFO | SpawnProcess-1 | stage1_run2 | Epoch 289 | train_loss=3.2428 | train_acc=0.9917 | test_loss=1.5788 | test_acc=0.9564
2026-05-15 12:00:58,721 | INFO | SpawnProcess-2 | stage1_run1 | Epoch 284 | train_loss=2.9033 | train_acc=0.9926 | test_loss=2.2379 | test_acc=0.8812
2026-05-15 12:01:09,763 | INFO | SpawnProcess-1 | stage1_run2 | Epoch 290 | train_loss=2.2367 | train_acc=0.9942 | test_loss=1.6667 | test_acc=0.9532
2026-05-15 12:01:30,547 | INFO | SpawnProcess-2 | stage1_run1 | Epoch 285 | train_loss=3.2104 | train_acc=0.9920 | test_loss=1.9276 | test_acc=0.9113
2026-05-15 12:01:37,087 | INFO | SpawnProcess-1 | stage1_run2 | Epoch 291 | train_loss=1.8648 | train_acc=0.9950 | test_loss=1.5496 | test_acc=0.9667
2026-05-15 12:01:56,004 | INFO | SpawnProcess-2 | stage1_run1 | Epoch 286 | train_loss=3.5657 | train_acc=0.9907 | test_loss=1.9490 | test_acc=0.9197
2026-05-15 12:02:00,032 | INFO | SpawnProcess-1 | stage1_run2 | Epoch 292 | train_loss=1.4186 | train_acc=0.9964 | test_loss=1.5431 | test_acc=0.9624
2026-05-15 12:02:23,176 | INFO | SpawnProcess-2 | stage1_run1 | Epoch 287 | train_loss=2.7489 | train_acc=0.9927 | test_loss=2.0223 | test_acc=0.9277
2026-05-15 12:02:29,122 | INFO | SpawnProcess-1 | stage1_run2 | Epoch 293 | train_loss=2.6152 | train_acc=0.9933 | test_loss=1.6973 | test_acc=0.9607
2026-05-15 12:02:49,559 | INFO | SpawnProcess-2 | stage1_run1 | Epoch 288 | train_loss=2.6742 | train_acc=0.9930 | test_loss=2.1067 | test_acc=0.9118
2026-05-15 12:02:54,029 | INFO | SpawnProcess-1 | stage1_run2 | Epoch 294 | train_loss=3.4083 | train_acc=0.9917 | test_loss=2.1330 | test_acc=0.9308
2026-05-15 12:03:18,740 | INFO | SpawnProcess-2 | stage1_run1 | Epoch 289 | train_loss=2.9117 | train_acc=0.9927 | test_loss=2.0282 | test_acc=0.9210
2026-05-15 12:03:18,988 | INFO | SpawnProcess-1 | stage1_run2 | Epoch 295 | train_loss=4.5389 | train_acc=0.9884 | test_loss=1.6777 | test_acc=0.9531
2026-05-15 12:03:48,752 | INFO | SpawnProcess-1 | stage1_run2 | Epoch 296 | train_loss=3.1816 | train_acc=0.9919 | test_loss=1.8318 | test_acc=0.9536
2026-05-15 12:03:50,018 | INFO | SpawnProcess-2 | stage1_run1 | Epoch 290 | train_loss=2.6033 | train_acc=0.9935 | test_loss=2.2260 | test_acc=0.9314
2026-05-15 12:04:13,192 | INFO | SpawnProcess-1 | stage1_run2 | Epoch 297 | train_loss=2.5187 | train_acc=0.9938 | test_loss=1.6414 | test_acc=0.9494
2026-05-15 12:04:16,884 | INFO | SpawnProcess-2 | stage1_run1 | Epoch 291 | train_loss=4.4388 | train_acc=0.9885 | test_loss=1.9435 | test_acc=0.9118
2026-05-15 12:04:34,537 | INFO | SpawnProcess-1 | stage1_run2 | Epoch 298 | train_loss=2.1271 | train_acc=0.9946 | test_loss=1.4724 | test_acc=0.9567
2026-05-15 12:04:41,811 | INFO | SpawnProcess-2 | stage1_run1 | Epoch 292 | train_loss=2.2924 | train_acc=0.9943 | test_loss=1.8892 | test_acc=0.9192
2026-05-15 12:05:02,089 | INFO | SpawnProcess-1 | stage1_run2 | Epoch 299 | train_loss=2.4733 | train_acc=0.9937 | test_loss=1.9308 | test_acc=0.9168
2026-05-15 12:05:11,620 | INFO | SpawnProcess-2 | stage1_run1 | Epoch 293 | train_loss=2.5708 | train_acc=0.9933 | test_loss=1.8449 | test_acc=0.9249
2026-05-15 12:05:26,871 | INFO | SpawnProcess-1 | stage1_run2 | Epoch 300 | train_loss=2.9011 | train_acc=0.9921 | test_loss=1.5981 | test_acc=0.9534
2026-05-15 12:05:36,768 | INFO | SpawnProcess-2 | stage1_run1 | Epoch 294 | train_loss=2.6130 | train_acc=0.9931 | test_loss=2.1721 | test_acc=0.9107
2026-05-15 12:05:42,470 | INFO | SpawnProcess-1 | stage1_run2 | Final train_eval_loss=2.6344 | train_eval_acc=0.9614
2026-05-15 12:05:42,496 | INFO | SpawnProcess-1 | stage1_run2 | checkpoint=runs/l_mnist_gfr_per_seed_20260515_100137/gfr_lmnist_stage1_run2.pt | complete
2026-05-15 12:05:42,504 | INFO | Completed stage1_run2 on GPU 5
2026-05-15 12:05:43,427 | INFO | SpawnProcess-1 | stage1_run3 | assigned_gpu=4 | seed=1236
2026-05-15 12:05:43,629 | INFO | SpawnProcess-1 | stage1_run3 | trainable_params=11534 | epochs=300
2026-05-15 12:05:59,615 | INFO | SpawnProcess-2 | stage1_run1 | Epoch 295 | train_loss=2.7087 | train_acc=0.9930 | test_loss=1.8912 | test_acc=0.9265
2026-05-15 12:06:12,349 | INFO | SpawnProcess-1 | stage1_run3 | Epoch 001 | train_loss=227.7613 | train_acc=0.2847 | test_loss=29.8564 | test_acc=0.2411
2026-05-15 12:06:26,226 | INFO | SpawnProcess-2 | stage1_run1 | Epoch 296 | train_loss=3.3949 | train_acc=0.9911 | test_loss=2.1364 | test_acc=0.9004
2026-05-15 12:06:40,537 | INFO | SpawnProcess-1 | stage1_run3 | Epoch 002 | train_loss=145.4214 | train_acc=0.5409 | test_loss=20.6509 | test_acc=0.3602
2026-05-15 12:06:53,985 | INFO | SpawnProcess-2 | stage1_run1 | Epoch 297 | train_loss=3.9848 | train_acc=0.9896 | test_loss=1.9023 | test_acc=0.9237
2026-05-15 12:07:03,542 | INFO | SpawnProcess-1 | stage1_run3 | Epoch 003 | train_loss=104.0793 | train_acc=0.6904 | test_loss=14.9335 | test_acc=0.4671
2026-05-15 12:07:18,182 | INFO | SpawnProcess-2 | stage1_run1 | Epoch 298 | train_loss=2.2125 | train_acc=0.9943 | test_loss=1.8671 | test_acc=0.9300
2026-05-15 12:07:29,420 | INFO | SpawnProcess-1 | stage1_run3 | Epoch 004 | train_loss=79.2047 | train_acc=0.7764 | test_loss=11.4585 | test_acc=0.5604
2026-05-15 12:07:43,304 | INFO | SpawnProcess-2 | stage1_run1 | Epoch 299 | train_loss=2.5745 | train_acc=0.9933 | test_loss=1.9554 | test_acc=0.9095
2026-05-15 12:07:58,209 | INFO | SpawnProcess-1 | stage1_run3 | Epoch 005 | train_loss=65.2996 | train_acc=0.8200 | test_loss=10.1748 | test_acc=0.5599
2026-05-15 12:08:10,463 | INFO | SpawnProcess-2 | stage1_run1 | Epoch 300 | train_loss=3.2100 | train_acc=0.9923 | test_loss=2.2561 | test_acc=0.9155
2026-05-15 12:08:22,853 | INFO | SpawnProcess-1 | stage1_run3 | Epoch 006 | train_loss=55.6989 | train_acc=0.8518 | test_loss=8.4540 | test_acc=0.5993
2026-05-15 12:08:25,971 | INFO | SpawnProcess-2 | stage1_run1 | Final train_eval_loss=3.4895 | train_eval_acc=0.9267
2026-05-15 12:08:26,002 | INFO | SpawnProcess-2 | stage1_run1 | checkpoint=runs/l_mnist_gfr_per_seed_20260515_100137/gfr_lmnist_stage1_run1.pt | complete
2026-05-15 12:08:26,011 | INFO | Completed stage1_run1 on GPU 4
2026-05-15 12:08:28,940 | INFO | SpawnProcess-2 | stage1_run4 | assigned_gpu=5 | seed=1237
2026-05-15 12:08:29,162 | INFO | SpawnProcess-2 | stage1_run4 | trainable_params=11534 | epochs=300
2026-05-15 12:08:44,274 | INFO | SpawnProcess-1 | stage1_run3 | Epoch 007 | train_loss=47.6813 | train_acc=0.8774 | test_loss=8.2794 | test_acc=0.6809
2026-05-15 12:08:59,990 | INFO | SpawnProcess-2 | stage1_run4 | Epoch 001 | train_loss=217.5755 | train_acc=0.3347 | test_loss=26.6356 | test_acc=0.3126
2026-05-15 12:09:08,712 | INFO | SpawnProcess-1 | stage1_run3 | Epoch 008 | train_loss=42.6666 | train_acc=0.8928 | test_loss=7.6079 | test_acc=0.7032
2026-05-15 12:09:25,275 | INFO | SpawnProcess-2 | stage1_run4 | Epoch 002 | train_loss=126.9056 | train_acc=0.6193 | test_loss=18.1828 | test_acc=0.3941
2026-05-15 12:09:33,954 | INFO | SpawnProcess-1 | stage1_run3 | Epoch 009 | train_loss=38.7272 | train_acc=0.9045 | test_loss=6.0663 | test_acc=0.6791
2026-05-15 12:09:47,862 | INFO | SpawnProcess-2 | stage1_run4 | Epoch 003 | train_loss=90.0222 | train_acc=0.7419 | test_loss=13.0790 | test_acc=0.5142
2026-05-15 12:09:58,802 | INFO | SpawnProcess-1 | stage1_run3 | Epoch 010 | train_loss=34.6058 | train_acc=0.9152 | test_loss=6.2857 | test_acc=0.7130
2026-05-15 12:10:14,343 | INFO | SpawnProcess-2 | stage1_run4 | Epoch 004 | train_loss=69.6304 | train_acc=0.8048 | test_loss=10.4605 | test_acc=0.6180
2026-05-15 12:10:27,401 | INFO | SpawnProcess-1 | stage1_run3 | Epoch 011 | train_loss=31.7504 | train_acc=0.9228 | test_loss=5.5540 | test_acc=0.6672
2026-05-15 12:10:43,407 | INFO | SpawnProcess-2 | stage1_run4 | Epoch 005 | train_loss=58.6823 | train_acc=0.8456 | test_loss=9.0092 | test_acc=0.6113
2026-05-15 12:10:52,816 | INFO | SpawnProcess-1 | stage1_run3 | Epoch 012 | train_loss=29.2356 | train_acc=0.9293 | test_loss=5.2296 | test_acc=0.6566
2026-05-15 12:11:05,754 | INFO | SpawnProcess-2 | stage1_run4 | Epoch 006 | train_loss=49.1391 | train_acc=0.8805 | test_loss=7.6628 | test_acc=0.6675
2026-05-15 12:11:17,645 | INFO | SpawnProcess-1 | stage1_run3 | Epoch 013 | train_loss=27.4839 | train_acc=0.9331 | test_loss=5.5514 | test_acc=0.7803
2026-05-15 12:11:38,217 | INFO | SpawnProcess-2 | stage1_run4 | Epoch 007 | train_loss=42.3854 | train_acc=0.8989 | test_loss=6.5465 | test_acc=0.6985
2026-05-15 12:11:50,460 | INFO | SpawnProcess-1 | stage1_run3 | Epoch 014 | train_loss=25.4276 | train_acc=0.9379 | test_loss=4.2072 | test_acc=0.7929
2026-05-15 12:12:03,442 | INFO | SpawnProcess-2 | stage1_run4 | Epoch 008 | train_loss=37.1358 | train_acc=0.9113 | test_loss=6.1034 | test_acc=0.7104
2026-05-15 12:12:15,121 | INFO | SpawnProcess-1 | stage1_run3 | Epoch 015 | train_loss=24.6076 | train_acc=0.9399 | test_loss=4.1101 | test_acc=0.7651
2026-05-15 12:12:27,769 | INFO | SpawnProcess-2 | stage1_run4 | Epoch 009 | train_loss=33.8825 | train_acc=0.9188 | test_loss=5.4581 | test_acc=0.7445
2026-05-15 12:12:40,518 | INFO | SpawnProcess-1 | stage1_run3 | Epoch 016 | train_loss=22.9224 | train_acc=0.9449 | test_loss=3.8104 | test_acc=0.8398
2026-05-15 12:12:55,981 | INFO | SpawnProcess-2 | stage1_run4 | Epoch 010 | train_loss=31.4037 | train_acc=0.9262 | test_loss=5.2820 | test_acc=0.7824
2026-05-15 12:13:06,761 | INFO | SpawnProcess-1 | stage1_run3 | Epoch 017 | train_loss=21.8734 | train_acc=0.9470 | test_loss=4.1839 | test_acc=0.7398
2026-05-15 12:13:22,440 | INFO | SpawnProcess-2 | stage1_run4 | Epoch 011 | train_loss=29.4449 | train_acc=0.9303 | test_loss=4.7534 | test_acc=0.7734
2026-05-15 12:13:31,993 | INFO | SpawnProcess-1 | stage1_run3 | Epoch 018 | train_loss=20.0964 | train_acc=0.9515 | test_loss=3.6566 | test_acc=0.8016
2026-05-15 12:13:44,331 | INFO | SpawnProcess-2 | stage1_run4 | Epoch 012 | train_loss=27.5322 | train_acc=0.9345 | test_loss=4.8629 | test_acc=0.7236
2026-05-15 12:13:57,630 | INFO | SpawnProcess-1 | stage1_run3 | Epoch 019 | train_loss=20.0329 | train_acc=0.9512 | test_loss=3.6607 | test_acc=0.8764
2026-05-15 12:14:12,775 | INFO | SpawnProcess-2 | stage1_run4 | Epoch 013 | train_loss=26.6821 | train_acc=0.9351 | test_loss=4.3942 | test_acc=0.7606
2026-05-15 12:14:26,868 | INFO | SpawnProcess-1 | stage1_run3 | Epoch 020 | train_loss=19.0413 | train_acc=0.9543 | test_loss=3.5812 | test_acc=0.7888
2026-05-15 12:14:39,222 | INFO | SpawnProcess-2 | stage1_run4 | Epoch 014 | train_loss=23.8020 | train_acc=0.9429 | test_loss=4.1745 | test_acc=0.8404
2026-05-15 12:14:52,763 | INFO | SpawnProcess-1 | stage1_run3 | Epoch 021 | train_loss=18.1229 | train_acc=0.9557 | test_loss=3.6503 | test_acc=0.8547
2026-05-15 12:15:04,842 | INFO | SpawnProcess-2 | stage1_run4 | Epoch 015 | train_loss=23.0806 | train_acc=0.9437 | test_loss=3.9957 | test_acc=0.8242
2026-05-15 12:15:16,235 | INFO | SpawnProcess-1 | stage1_run3 | Epoch 022 | train_loss=17.4007 | train_acc=0.9578 | test_loss=3.2275 | test_acc=0.8982
2026-05-15 12:15:32,950 | INFO | SpawnProcess-2 | stage1_run4 | Epoch 016 | train_loss=21.6902 | train_acc=0.9472 | test_loss=3.7771 | test_acc=0.7699
2026-05-15 12:15:45,181 | INFO | SpawnProcess-1 | stage1_run3 | Epoch 023 | train_loss=17.7284 | train_acc=0.9578 | test_loss=3.6626 | test_acc=0.8780
2026-05-15 12:15:58,756 | INFO | SpawnProcess-2 | stage1_run4 | Epoch 017 | train_loss=20.9326 | train_acc=0.9486 | test_loss=3.8883 | test_acc=0.8506
2026-05-15 12:16:10,590 | INFO | SpawnProcess-1 | stage1_run3 | Epoch 024 | train_loss=17.0527 | train_acc=0.9590 | test_loss=3.4459 | test_acc=0.8784
2026-05-15 12:16:22,268 | INFO | SpawnProcess-2 | stage1_run4 | Epoch 018 | train_loss=19.8648 | train_acc=0.9514 | test_loss=3.6015 | test_acc=0.8168
2026-05-15 12:16:36,339 | INFO | SpawnProcess-1 | stage1_run3 | Epoch 025 | train_loss=16.3637 | train_acc=0.9598 | test_loss=3.2039 | test_acc=0.8254
2026-05-15 12:16:50,466 | INFO | SpawnProcess-2 | stage1_run4 | Epoch 019 | train_loss=19.5285 | train_acc=0.9529 | test_loss=4.1565 | test_acc=0.7848
2026-05-15 12:17:04,744 | INFO | SpawnProcess-1 | stage1_run3 | Epoch 026 | train_loss=15.7371 | train_acc=0.9617 | test_loss=3.4761 | test_acc=0.7900
2026-05-15 12:17:18,357 | INFO | SpawnProcess-2 | stage1_run4 | Epoch 020 | train_loss=19.6321 | train_acc=0.9507 | test_loss=3.3387 | test_acc=0.7855
2026-05-15 12:17:33,416 | INFO | SpawnProcess-1 | stage1_run3 | Epoch 027 | train_loss=15.1060 | train_acc=0.9635 | test_loss=3.0125 | test_acc=0.8637
2026-05-15 12:17:41,843 | INFO | SpawnProcess-2 | stage1_run4 | Epoch 021 | train_loss=18.4205 | train_acc=0.9549 | test_loss=3.2180 | test_acc=0.8037
2026-05-15 12:18:03,675 | INFO | SpawnProcess-1 | stage1_run3 | Epoch 028 | train_loss=14.3418 | train_acc=0.9653 | test_loss=2.9003 | test_acc=0.8433
2026-05-15 12:18:11,118 | INFO | SpawnProcess-2 | stage1_run4 | Epoch 022 | train_loss=17.3999 | train_acc=0.9567 | test_loss=3.9370 | test_acc=0.8281
2026-05-15 12:18:33,621 | INFO | SpawnProcess-1 | stage1_run3 | Epoch 029 | train_loss=14.5275 | train_acc=0.9657 | test_loss=3.1196 | test_acc=0.8301
2026-05-15 12:18:37,543 | INFO | SpawnProcess-2 | stage1_run4 | Epoch 023 | train_loss=16.6629 | train_acc=0.9591 | test_loss=3.7492 | test_acc=0.8747
2026-05-15 12:18:56,596 | INFO | SpawnProcess-1 | stage1_run3 | Epoch 030 | train_loss=14.5176 | train_acc=0.9647 | test_loss=3.0550 | test_acc=0.9179
2026-05-15 12:19:01,610 | INFO | SpawnProcess-2 | stage1_run4 | Epoch 024 | train_loss=16.8514 | train_acc=0.9578 | test_loss=3.7848 | test_acc=0.7562
2026-05-15 12:19:23,517 | INFO | SpawnProcess-1 | stage1_run3 | Epoch 031 | train_loss=13.9870 | train_acc=0.9660 | test_loss=2.6833 | test_acc=0.8800
2026-05-15 12:19:29,213 | INFO | SpawnProcess-2 | stage1_run4 | Epoch 025 | train_loss=16.1091 | train_acc=0.9599 | test_loss=2.8542 | test_acc=0.8517
2026-05-15 12:19:49,308 | INFO | SpawnProcess-1 | stage1_run3 | Epoch 032 | train_loss=13.8480 | train_acc=0.9676 | test_loss=2.8811 | test_acc=0.9027
2026-05-15 12:19:58,536 | INFO | SpawnProcess-2 | stage1_run4 | Epoch 026 | train_loss=15.0515 | train_acc=0.9633 | test_loss=2.8653 | test_acc=0.8457
2026-05-15 12:20:15,485 | INFO | SpawnProcess-1 | stage1_run3 | Epoch 033 | train_loss=13.4412 | train_acc=0.9681 | test_loss=3.2812 | test_acc=0.7949
2026-05-15 12:20:19,290 | INFO | SpawnProcess-2 | stage1_run4 | Epoch 027 | train_loss=14.8227 | train_acc=0.9632 | test_loss=3.1452 | test_acc=0.8892
2026-05-15 12:20:39,837 | INFO | SpawnProcess-1 | stage1_run3 | Epoch 034 | train_loss=12.8656 | train_acc=0.9686 | test_loss=2.8548 | test_acc=0.8414
2026-05-15 12:20:46,911 | INFO | SpawnProcess-2 | stage1_run4 | Epoch 028 | train_loss=15.7996 | train_acc=0.9611 | test_loss=3.6027 | test_acc=0.7662
2026-05-15 12:21:07,067 | INFO | SpawnProcess-1 | stage1_run3 | Epoch 035 | train_loss=12.4688 | train_acc=0.9704 | test_loss=2.7081 | test_acc=0.8800
2026-05-15 12:21:17,059 | INFO | SpawnProcess-2 | stage1_run4 | Epoch 029 | train_loss=14.7485 | train_acc=0.9625 | test_loss=2.9070 | test_acc=0.8707
2026-05-15 12:21:31,514 | INFO | SpawnProcess-1 | stage1_run3 | Epoch 036 | train_loss=12.4119 | train_acc=0.9708 | test_loss=2.8929 | test_acc=0.8498
2026-05-15 12:21:40,963 | INFO | SpawnProcess-2 | stage1_run4 | Epoch 030 | train_loss=14.0325 | train_acc=0.9651 | test_loss=2.8674 | test_acc=0.8740
2026-05-15 12:21:54,724 | INFO | SpawnProcess-1 | stage1_run3 | Epoch 037 | train_loss=12.9170 | train_acc=0.9680 | test_loss=2.8801 | test_acc=0.9265
2026-05-15 12:22:09,007 | INFO | SpawnProcess-2 | stage1_run4 | Epoch 031 | train_loss=13.8889 | train_acc=0.9656 | test_loss=2.3416 | test_acc=0.8856
2026-05-15 12:22:20,278 | INFO | SpawnProcess-1 | stage1_run3 | Epoch 038 | train_loss=12.6083 | train_acc=0.9693 | test_loss=3.0459 | test_acc=0.8982
2026-05-15 12:22:38,514 | INFO | SpawnProcess-2 | stage1_run4 | Epoch 032 | train_loss=13.4578 | train_acc=0.9673 | test_loss=2.8628 | test_acc=0.8534
2026-05-15 12:22:46,109 | INFO | SpawnProcess-1 | stage1_run3 | Epoch 039 | train_loss=11.5746 | train_acc=0.9722 | test_loss=2.7154 | test_acc=0.8710
2026-05-15 12:23:01,302 | INFO | SpawnProcess-2 | stage1_run4 | Epoch 033 | train_loss=13.4698 | train_acc=0.9664 | test_loss=2.3634 | test_acc=0.8512
2026-05-15 12:23:09,724 | INFO | SpawnProcess-1 | stage1_run3 | Epoch 040 | train_loss=10.9268 | train_acc=0.9741 | test_loss=2.8568 | test_acc=0.8643
2026-05-15 12:23:28,172 | INFO | SpawnProcess-2 | stage1_run4 | Epoch 034 | train_loss=13.2966 | train_acc=0.9669 | test_loss=2.9088 | test_acc=0.7946
2026-05-15 12:23:37,741 | INFO | SpawnProcess-1 | stage1_run3 | Epoch 041 | train_loss=11.3979 | train_acc=0.9725 | test_loss=2.4273 | test_acc=0.8904
2026-05-15 12:23:54,564 | INFO | SpawnProcess-2 | stage1_run4 | Epoch 035 | train_loss=13.0179 | train_acc=0.9675 | test_loss=2.3934 | test_acc=0.8766
2026-05-15 12:24:03,542 | INFO | SpawnProcess-1 | stage1_run3 | Epoch 042 | train_loss=10.6902 | train_acc=0.9744 | test_loss=2.4384 | test_acc=0.8989
2026-05-15 12:24:19,227 | INFO | SpawnProcess-2 | stage1_run4 | Epoch 036 | train_loss=13.1606 | train_acc=0.9679 | test_loss=2.4780 | test_acc=0.8991
2026-05-15 12:24:26,075 | INFO | SpawnProcess-1 | stage1_run3 | Epoch 043 | train_loss=10.7357 | train_acc=0.9740 | test_loss=2.6412 | test_acc=0.9172
2026-05-15 12:24:47,262 | INFO | SpawnProcess-2 | stage1_run4 | Epoch 037 | train_loss=11.5087 | train_acc=0.9727 | test_loss=2.3553 | test_acc=0.8372
2026-05-15 12:25:00,738 | INFO | SpawnProcess-1 | stage1_run3 | Epoch 044 | train_loss=11.2107 | train_acc=0.9724 | test_loss=2.5206 | test_acc=0.8711
2026-05-15 12:25:17,366 | INFO | SpawnProcess-2 | stage1_run4 | Epoch 038 | train_loss=12.1258 | train_acc=0.9705 | test_loss=2.3476 | test_acc=0.8508
2026-05-15 12:25:28,001 | INFO | SpawnProcess-1 | stage1_run3 | Epoch 045 | train_loss=10.8558 | train_acc=0.9730 | test_loss=2.3661 | test_acc=0.9077
2026-05-15 12:25:43,254 | INFO | SpawnProcess-2 | stage1_run4 | Epoch 039 | train_loss=11.5146 | train_acc=0.9716 | test_loss=2.2637 | test_acc=0.8924
2026-05-15 12:25:50,534 | INFO | SpawnProcess-1 | stage1_run3 | Epoch 046 | train_loss=11.0255 | train_acc=0.9739 | test_loss=2.5330 | test_acc=0.9145
2026-05-15 12:26:06,335 | INFO | SpawnProcess-2 | stage1_run4 | Epoch 040 | train_loss=11.4989 | train_acc=0.9721 | test_loss=3.4713 | test_acc=0.8907
2026-05-15 12:26:15,898 | INFO | SpawnProcess-1 | stage1_run3 | Epoch 047 | train_loss=10.0698 | train_acc=0.9754 | test_loss=2.2631 | test_acc=0.8757
2026-05-15 12:26:34,773 | INFO | SpawnProcess-2 | stage1_run4 | Epoch 041 | train_loss=11.3839 | train_acc=0.9726 | test_loss=2.3495 | test_acc=0.8180
2026-05-15 12:26:42,818 | INFO | SpawnProcess-1 | stage1_run3 | Epoch 048 | train_loss=10.7332 | train_acc=0.9747 | test_loss=2.9978 | test_acc=0.8957
2026-05-15 12:27:02,011 | INFO | SpawnProcess-2 | stage1_run4 | Epoch 042 | train_loss=11.0892 | train_acc=0.9728 | test_loss=3.4720 | test_acc=0.7594
2026-05-15 12:27:05,383 | INFO | SpawnProcess-1 | stage1_run3 | Epoch 049 | train_loss=10.4774 | train_acc=0.9750 | test_loss=2.6803 | test_acc=0.8569
2026-05-15 12:27:26,873 | INFO | SpawnProcess-2 | stage1_run4 | Epoch 043 | train_loss=11.6265 | train_acc=0.9713 | test_loss=2.8055 | test_acc=0.8086
2026-05-15 12:27:29,387 | INFO | SpawnProcess-1 | stage1_run3 | Epoch 050 | train_loss=9.9860 | train_acc=0.9761 | test_loss=2.4191 | test_acc=0.8878
2026-05-15 12:27:59,455 | INFO | SpawnProcess-2 | stage1_run4 | Epoch 044 | train_loss=10.7299 | train_acc=0.9737 | test_loss=2.6033 | test_acc=0.9069
2026-05-15 12:27:59,639 | INFO | SpawnProcess-1 | stage1_run3 | Epoch 051 | train_loss=9.7607 | train_acc=0.9765 | test_loss=2.4664 | test_acc=0.9272
2026-05-15 12:28:27,370 | INFO | SpawnProcess-2 | stage1_run4 | Epoch 045 | train_loss=10.9828 | train_acc=0.9728 | test_loss=2.3014 | test_acc=0.8733
2026-05-15 12:28:27,400 | INFO | SpawnProcess-1 | stage1_run3 | Epoch 052 | train_loss=9.6301 | train_acc=0.9765 | test_loss=2.2452 | test_acc=0.8735
2026-05-15 12:28:52,356 | INFO | SpawnProcess-1 | stage1_run3 | Epoch 053 | train_loss=10.0577 | train_acc=0.9761 | test_loss=2.3648 | test_acc=0.8681
2026-05-15 12:28:54,324 | INFO | SpawnProcess-2 | stage1_run4 | Epoch 046 | train_loss=10.6829 | train_acc=0.9733 | test_loss=2.3400 | test_acc=0.8986
2026-05-15 12:29:20,934 | INFO | SpawnProcess-2 | stage1_run4 | Epoch 047 | train_loss=10.3944 | train_acc=0.9748 | test_loss=2.2415 | test_acc=0.9250
2026-05-15 12:29:24,138 | INFO | SpawnProcess-1 | stage1_run3 | Epoch 054 | train_loss=8.9843 | train_acc=0.9787 | test_loss=2.3539 | test_acc=0.9179
2026-05-15 12:29:45,515 | INFO | SpawnProcess-2 | stage1_run4 | Epoch 048 | train_loss=10.1011 | train_acc=0.9755 | test_loss=2.6996 | test_acc=0.8581
2026-05-15 12:29:46,452 | INFO | SpawnProcess-1 | stage1_run3 | Epoch 055 | train_loss=9.3133 | train_acc=0.9768 | test_loss=2.1043 | test_acc=0.9088
2026-05-15 12:30:09,681 | INFO | SpawnProcess-2 | stage1_run4 | Epoch 049 | train_loss=10.1782 | train_acc=0.9750 | test_loss=2.2151 | test_acc=0.9065
2026-05-15 12:30:10,417 | INFO | SpawnProcess-1 | stage1_run3 | Epoch 056 | train_loss=9.2763 | train_acc=0.9769 | test_loss=2.2729 | test_acc=0.8856
2026-05-15 12:30:32,532 | INFO | SpawnProcess-2 | stage1_run4 | Epoch 050 | train_loss=10.8308 | train_acc=0.9734 | test_loss=2.1523 | test_acc=0.8743
2026-05-15 12:30:35,116 | INFO | SpawnProcess-1 | stage1_run3 | Epoch 057 | train_loss=8.8350 | train_acc=0.9790 | test_loss=2.2712 | test_acc=0.8908
2026-05-15 12:30:54,435 | INFO | SpawnProcess-2 | stage1_run4 | Epoch 051 | train_loss=10.0414 | train_acc=0.9757 | test_loss=2.0743 | test_acc=0.8609
2026-05-15 12:31:00,356 | INFO | SpawnProcess-1 | stage1_run3 | Epoch 058 | train_loss=8.5575 | train_acc=0.9790 | test_loss=2.3241 | test_acc=0.9139
2026-05-15 12:31:18,431 | INFO | SpawnProcess-2 | stage1_run4 | Epoch 052 | train_loss=9.3726 | train_acc=0.9766 | test_loss=2.0783 | test_acc=0.8940
2026-05-15 12:31:26,545 | INFO | SpawnProcess-1 | stage1_run3 | Epoch 059 | train_loss=9.4096 | train_acc=0.9771 | test_loss=2.2509 | test_acc=0.9091
2026-05-15 12:31:41,824 | INFO | SpawnProcess-2 | stage1_run4 | Epoch 053 | train_loss=9.5907 | train_acc=0.9760 | test_loss=2.1975 | test_acc=0.8854
2026-05-15 12:31:51,740 | INFO | SpawnProcess-1 | stage1_run3 | Epoch 060 | train_loss=8.8668 | train_acc=0.9780 | test_loss=2.1332 | test_acc=0.8845
2026-05-15 12:32:05,428 | INFO | SpawnProcess-2 | stage1_run4 | Epoch 054 | train_loss=9.6267 | train_acc=0.9767 | test_loss=2.2617 | test_acc=0.8841
2026-05-15 12:32:17,131 | INFO | SpawnProcess-1 | stage1_run3 | Epoch 061 | train_loss=8.6754 | train_acc=0.9789 | test_loss=1.9524 | test_acc=0.8969
2026-05-15 12:32:29,720 | INFO | SpawnProcess-2 | stage1_run4 | Epoch 055 | train_loss=9.3527 | train_acc=0.9766 | test_loss=2.1456 | test_acc=0.8627
2026-05-15 12:32:39,631 | INFO | SpawnProcess-1 | stage1_run3 | Epoch 062 | train_loss=8.2944 | train_acc=0.9801 | test_loss=3.2346 | test_acc=0.8379
2026-05-15 12:32:55,451 | INFO | SpawnProcess-2 | stage1_run4 | Epoch 056 | train_loss=8.8640 | train_acc=0.9789 | test_loss=2.1432 | test_acc=0.8779
2026-05-15 12:33:02,399 | INFO | SpawnProcess-1 | stage1_run3 | Epoch 063 | train_loss=8.7153 | train_acc=0.9784 | test_loss=2.2302 | test_acc=0.8846
2026-05-15 12:33:22,475 | INFO | SpawnProcess-2 | stage1_run4 | Epoch 057 | train_loss=9.0101 | train_acc=0.9772 | test_loss=2.0539 | test_acc=0.8870
2026-05-15 12:33:30,356 | INFO | SpawnProcess-1 | stage1_run3 | Epoch 064 | train_loss=8.4063 | train_acc=0.9797 | test_loss=2.0872 | test_acc=0.8984
2026-05-15 12:33:51,831 | INFO | SpawnProcess-2 | stage1_run4 | Epoch 058 | train_loss=8.9264 | train_acc=0.9777 | test_loss=2.4375 | test_acc=0.8325
2026-05-15 12:33:58,327 | INFO | SpawnProcess-1 | stage1_run3 | Epoch 065 | train_loss=9.1837 | train_acc=0.9769 | test_loss=2.1650 | test_acc=0.9051
2026-05-15 12:34:19,961 | INFO | SpawnProcess-2 | stage1_run4 | Epoch 059 | train_loss=9.5438 | train_acc=0.9766 | test_loss=2.1241 | test_acc=0.9448
2026-05-15 12:34:27,289 | INFO | SpawnProcess-1 | stage1_run3 | Epoch 066 | train_loss=8.4326 | train_acc=0.9792 | test_loss=2.4269 | test_acc=0.9418
2026-05-15 12:34:46,537 | INFO | SpawnProcess-2 | stage1_run4 | Epoch 060 | train_loss=8.9490 | train_acc=0.9781 | test_loss=1.8826 | test_acc=0.8931
2026-05-15 12:34:56,311 | INFO | SpawnProcess-1 | stage1_run3 | Epoch 067 | train_loss=8.1140 | train_acc=0.9802 | test_loss=1.9834 | test_acc=0.8890
2026-05-15 12:35:11,047 | INFO | SpawnProcess-2 | stage1_run4 | Epoch 061 | train_loss=9.0507 | train_acc=0.9779 | test_loss=2.5524 | test_acc=0.9205
2026-05-15 12:35:20,497 | INFO | SpawnProcess-1 | stage1_run3 | Epoch 068 | train_loss=7.9520 | train_acc=0.9805 | test_loss=2.1784 | test_acc=0.8897
2026-05-15 12:35:35,039 | INFO | SpawnProcess-2 | stage1_run4 | Epoch 062 | train_loss=8.4198 | train_acc=0.9791 | test_loss=2.0993 | test_acc=0.8655
2026-05-15 12:35:45,920 | INFO | SpawnProcess-1 | stage1_run3 | Epoch 069 | train_loss=7.6956 | train_acc=0.9805 | test_loss=2.4992 | test_acc=0.8446
2026-05-15 12:36:04,346 | INFO | SpawnProcess-2 | stage1_run4 | Epoch 063 | train_loss=8.0493 | train_acc=0.9805 | test_loss=1.9271 | test_acc=0.8858
2026-05-15 12:36:14,091 | INFO | SpawnProcess-1 | stage1_run3 | Epoch 070 | train_loss=7.6305 | train_acc=0.9806 | test_loss=2.0686 | test_acc=0.9187
2026-05-15 12:36:29,986 | INFO | SpawnProcess-2 | stage1_run4 | Epoch 064 | train_loss=7.6576 | train_acc=0.9815 | test_loss=2.0343 | test_acc=0.9132
2026-05-15 12:36:36,936 | INFO | SpawnProcess-1 | stage1_run3 | Epoch 071 | train_loss=7.0919 | train_acc=0.9825 | test_loss=2.0030 | test_acc=0.8766
2026-05-15 12:36:54,554 | INFO | SpawnProcess-2 | stage1_run4 | Epoch 065 | train_loss=7.9470 | train_acc=0.9808 | test_loss=2.0957 | test_acc=0.8813
2026-05-15 12:37:00,166 | INFO | SpawnProcess-1 | stage1_run3 | Epoch 072 | train_loss=7.8075 | train_acc=0.9803 | test_loss=2.5005 | test_acc=0.9119
2026-05-15 12:37:26,102 | INFO | SpawnProcess-2 | stage1_run4 | Epoch 066 | train_loss=8.2764 | train_acc=0.9797 | test_loss=2.2624 | test_acc=0.8676
2026-05-15 12:37:30,069 | INFO | SpawnProcess-1 | stage1_run3 | Epoch 073 | train_loss=7.4330 | train_acc=0.9809 | test_loss=2.6020 | test_acc=0.9148
2026-05-15 12:37:58,425 | INFO | SpawnProcess-2 | stage1_run4 | Epoch 067 | train_loss=8.2706 | train_acc=0.9795 | test_loss=2.6743 | test_acc=0.8370
2026-05-15 12:38:00,157 | INFO | SpawnProcess-1 | stage1_run3 | Epoch 074 | train_loss=7.5026 | train_acc=0.9813 | test_loss=2.2148 | test_acc=0.8661
2026-05-15 12:38:29,664 | INFO | SpawnProcess-1 | stage1_run3 | Epoch 075 | train_loss=7.6263 | train_acc=0.9808 | test_loss=1.9504 | test_acc=0.8993
2026-05-15 12:38:32,545 | INFO | SpawnProcess-2 | stage1_run4 | Epoch 068 | train_loss=8.1980 | train_acc=0.9793 | test_loss=2.1903 | test_acc=0.8738
2026-05-15 12:38:59,526 | INFO | SpawnProcess-1 | stage1_run3 | Epoch 076 | train_loss=6.6553 | train_acc=0.9831 | test_loss=2.2472 | test_acc=0.8809
2026-05-15 12:39:04,263 | INFO | SpawnProcess-2 | stage1_run4 | Epoch 069 | train_loss=8.4313 | train_acc=0.9790 | test_loss=1.8966 | test_acc=0.9037
2026-05-15 12:39:25,749 | INFO | SpawnProcess-1 | stage1_run3 | Epoch 077 | train_loss=7.1135 | train_acc=0.9823 | test_loss=2.0575 | test_acc=0.9323
2026-05-15 12:39:29,710 | INFO | SpawnProcess-2 | stage1_run4 | Epoch 070 | train_loss=8.1617 | train_acc=0.9800 | test_loss=2.1969 | test_acc=0.8484
2026-05-15 12:39:52,631 | INFO | SpawnProcess-1 | stage1_run3 | Epoch 078 | train_loss=6.7668 | train_acc=0.9834 | test_loss=2.2539 | test_acc=0.8907
2026-05-15 12:39:57,865 | INFO | SpawnProcess-2 | stage1_run4 | Epoch 071 | train_loss=7.9796 | train_acc=0.9803 | test_loss=1.9177 | test_acc=0.9265
2026-05-15 12:40:17,705 | INFO | SpawnProcess-1 | stage1_run3 | Epoch 079 | train_loss=6.9266 | train_acc=0.9829 | test_loss=2.2855 | test_acc=0.8950
2026-05-15 12:40:20,007 | INFO | SpawnProcess-2 | stage1_run4 | Epoch 072 | train_loss=8.5486 | train_acc=0.9783 | test_loss=1.7378 | test_acc=0.9101
2026-05-15 12:40:43,184 | INFO | SpawnProcess-1 | stage1_run3 | Epoch 080 | train_loss=7.0437 | train_acc=0.9821 | test_loss=2.2002 | test_acc=0.9032
2026-05-15 12:40:46,881 | INFO | SpawnProcess-2 | stage1_run4 | Epoch 073 | train_loss=7.4648 | train_acc=0.9816 | test_loss=2.0069 | test_acc=0.9103
2026-05-15 12:41:09,237 | INFO | SpawnProcess-1 | stage1_run3 | Epoch 081 | train_loss=6.3677 | train_acc=0.9840 | test_loss=2.0250 | test_acc=0.8691
2026-05-15 12:41:11,222 | INFO | SpawnProcess-2 | stage1_run4 | Epoch 074 | train_loss=7.3074 | train_acc=0.9821 | test_loss=1.9375 | test_acc=0.9180
2026-05-15 12:41:32,532 | INFO | SpawnProcess-1 | stage1_run3 | Epoch 082 | train_loss=6.7822 | train_acc=0.9834 | test_loss=2.0816 | test_acc=0.8978
2026-05-15 12:41:34,112 | INFO | SpawnProcess-2 | stage1_run4 | Epoch 075 | train_loss=7.1568 | train_acc=0.9826 | test_loss=1.9992 | test_acc=0.8972
2026-05-15 12:41:56,810 | INFO | SpawnProcess-1 | stage1_run3 | Epoch 083 | train_loss=6.7994 | train_acc=0.9834 | test_loss=2.0549 | test_acc=0.9030
2026-05-15 12:41:57,317 | INFO | SpawnProcess-2 | stage1_run4 | Epoch 076 | train_loss=6.9198 | train_acc=0.9830 | test_loss=1.9815 | test_acc=0.9282
2026-05-15 12:42:20,152 | INFO | SpawnProcess-1 | stage1_run3 | Epoch 084 | train_loss=6.6545 | train_acc=0.9831 | test_loss=1.9746 | test_acc=0.9021
2026-05-15 12:42:24,357 | INFO | SpawnProcess-2 | stage1_run4 | Epoch 077 | train_loss=7.4134 | train_acc=0.9817 | test_loss=2.0537 | test_acc=0.9272
2026-05-15 12:42:42,048 | INFO | SpawnProcess-1 | stage1_run3 | Epoch 085 | train_loss=6.7974 | train_acc=0.9825 | test_loss=2.5652 | test_acc=0.9214
2026-05-15 12:42:46,372 | INFO | SpawnProcess-2 | stage1_run4 | Epoch 078 | train_loss=7.2733 | train_acc=0.9822 | test_loss=1.9974 | test_acc=0.8805
2026-05-15 12:43:05,291 | INFO | SpawnProcess-1 | stage1_run3 | Epoch 086 | train_loss=6.8254 | train_acc=0.9826 | test_loss=2.3049 | test_acc=0.8972
2026-05-15 12:43:11,121 | INFO | SpawnProcess-2 | stage1_run4 | Epoch 079 | train_loss=7.2574 | train_acc=0.9817 | test_loss=2.1721 | test_acc=0.8963
2026-05-15 12:43:29,962 | INFO | SpawnProcess-1 | stage1_run3 | Epoch 087 | train_loss=6.1630 | train_acc=0.9852 | test_loss=1.8053 | test_acc=0.9253
2026-05-15 12:43:35,018 | INFO | SpawnProcess-2 | stage1_run4 | Epoch 080 | train_loss=7.6105 | train_acc=0.9812 | test_loss=2.0234 | test_acc=0.8884
2026-05-15 12:43:54,091 | INFO | SpawnProcess-1 | stage1_run3 | Epoch 088 | train_loss=6.2322 | train_acc=0.9842 | test_loss=1.9438 | test_acc=0.9111
2026-05-15 12:43:58,552 | INFO | SpawnProcess-2 | stage1_run4 | Epoch 081 | train_loss=7.5804 | train_acc=0.9807 | test_loss=2.1038 | test_acc=0.8830
2026-05-15 12:44:16,336 | INFO | SpawnProcess-1 | stage1_run3 | Epoch 089 | train_loss=6.6070 | train_acc=0.9835 | test_loss=2.0503 | test_acc=0.9023
2026-05-15 12:44:22,178 | INFO | SpawnProcess-2 | stage1_run4 | Epoch 082 | train_loss=8.1428 | train_acc=0.9797 | test_loss=2.1046 | test_acc=0.9140
2026-05-15 12:44:40,096 | INFO | SpawnProcess-1 | stage1_run3 | Epoch 090 | train_loss=6.3439 | train_acc=0.9839 | test_loss=2.0471 | test_acc=0.9121
2026-05-15 12:44:47,771 | INFO | SpawnProcess-2 | stage1_run4 | Epoch 083 | train_loss=6.5445 | train_acc=0.9844 | test_loss=1.8353 | test_acc=0.8987
2026-05-15 12:45:05,389 | INFO | SpawnProcess-1 | stage1_run3 | Epoch 091 | train_loss=6.8418 | train_acc=0.9828 | test_loss=2.0225 | test_acc=0.9054
2026-05-15 12:45:10,053 | INFO | SpawnProcess-2 | stage1_run4 | Epoch 084 | train_loss=6.8144 | train_acc=0.9833 | test_loss=2.0202 | test_acc=0.9335
2026-05-15 12:45:29,158 | INFO | SpawnProcess-1 | stage1_run3 | Epoch 092 | train_loss=7.2701 | train_acc=0.9826 | test_loss=1.8092 | test_acc=0.9263
2026-05-15 12:45:32,752 | INFO | SpawnProcess-2 | stage1_run4 | Epoch 085 | train_loss=7.0386 | train_acc=0.9822 | test_loss=2.0398 | test_acc=0.8897
2026-05-15 12:45:53,111 | INFO | SpawnProcess-1 | stage1_run3 | Epoch 093 | train_loss=5.6348 | train_acc=0.9858 | test_loss=1.9720 | test_acc=0.8890
2026-05-15 12:45:56,861 | INFO | SpawnProcess-2 | stage1_run4 | Epoch 086 | train_loss=7.5627 | train_acc=0.9812 | test_loss=1.8179 | test_acc=0.9135
2026-05-15 12:46:18,788 | INFO | SpawnProcess-1 | stage1_run3 | Epoch 094 | train_loss=6.2029 | train_acc=0.9840 | test_loss=2.3646 | test_acc=0.8527
2026-05-15 12:46:20,554 | INFO | SpawnProcess-2 | stage1_run4 | Epoch 087 | train_loss=6.9188 | train_acc=0.9822 | test_loss=1.7190 | test_acc=0.9203
2026-05-15 12:46:42,400 | INFO | SpawnProcess-2 | stage1_run4 | Epoch 088 | train_loss=7.0838 | train_acc=0.9831 | test_loss=3.8501 | test_acc=0.8696
2026-05-15 12:46:43,129 | INFO | SpawnProcess-1 | stage1_run3 | Epoch 095 | train_loss=6.0216 | train_acc=0.9846 | test_loss=1.8598 | test_acc=0.9215
2026-05-15 12:47:06,774 | INFO | SpawnProcess-2 | stage1_run4 | Epoch 089 | train_loss=7.0865 | train_acc=0.9827 | test_loss=2.3340 | test_acc=0.8406
2026-05-15 12:47:08,912 | INFO | SpawnProcess-1 | stage1_run3 | Epoch 096 | train_loss=5.8668 | train_acc=0.9850 | test_loss=1.9077 | test_acc=0.8980
2026-05-15 12:47:35,244 | INFO | SpawnProcess-1 | stage1_run3 | Epoch 097 | train_loss=5.5582 | train_acc=0.9862 | test_loss=1.7006 | test_acc=0.9184
2026-05-15 12:47:36,898 | INFO | SpawnProcess-2 | stage1_run4 | Epoch 090 | train_loss=6.1820 | train_acc=0.9848 | test_loss=2.0203 | test_acc=0.9218
2026-05-15 12:47:58,853 | INFO | SpawnProcess-1 | stage1_run3 | Epoch 098 | train_loss=6.0579 | train_acc=0.9848 | test_loss=2.5464 | test_acc=0.8621
2026-05-15 12:48:00,164 | INFO | SpawnProcess-2 | stage1_run4 | Epoch 091 | train_loss=6.5543 | train_acc=0.9827 | test_loss=2.8817 | test_acc=0.9516
2026-05-15 12:48:22,766 | INFO | SpawnProcess-1 | stage1_run3 | Epoch 099 | train_loss=5.8821 | train_acc=0.9847 | test_loss=2.0542 | test_acc=0.8935
2026-05-15 12:48:22,802 | INFO | SpawnProcess-2 | stage1_run4 | Epoch 092 | train_loss=6.1366 | train_acc=0.9849 | test_loss=1.7604 | test_acc=0.8926
2026-05-15 12:48:47,109 | INFO | SpawnProcess-1 | stage1_run3 | Epoch 100 | train_loss=6.4477 | train_acc=0.9838 | test_loss=1.8722 | test_acc=0.9144
2026-05-15 12:48:47,755 | INFO | SpawnProcess-2 | stage1_run4 | Epoch 093 | train_loss=6.2911 | train_acc=0.9839 | test_loss=2.3966 | test_acc=0.8402
2026-05-15 12:49:09,162 | INFO | SpawnProcess-1 | stage1_run3 | Epoch 101 | train_loss=6.3473 | train_acc=0.9841 | test_loss=1.8484 | test_acc=0.9273
2026-05-15 12:49:14,548 | INFO | SpawnProcess-2 | stage1_run4 | Epoch 094 | train_loss=6.9652 | train_acc=0.9828 | test_loss=1.8469 | test_acc=0.9538
2026-05-15 12:49:31,352 | INFO | SpawnProcess-1 | stage1_run3 | Epoch 102 | train_loss=6.0236 | train_acc=0.9851 | test_loss=1.8929 | test_acc=0.9022
2026-05-15 12:49:37,637 | INFO | SpawnProcess-2 | stage1_run4 | Epoch 095 | train_loss=6.6918 | train_acc=0.9836 | test_loss=2.6623 | test_acc=0.8467
2026-05-15 12:49:55,709 | INFO | SpawnProcess-1 | stage1_run3 | Epoch 103 | train_loss=5.6623 | train_acc=0.9858 | test_loss=2.1141 | test_acc=0.8402
2026-05-15 12:50:02,152 | INFO | SpawnProcess-2 | stage1_run4 | Epoch 096 | train_loss=6.3521 | train_acc=0.9845 | test_loss=2.0024 | test_acc=0.8749
2026-05-15 12:50:19,823 | INFO | SpawnProcess-1 | stage1_run3 | Epoch 104 | train_loss=5.6577 | train_acc=0.9854 | test_loss=1.8200 | test_acc=0.9125
2026-05-15 12:50:26,447 | INFO | SpawnProcess-2 | stage1_run4 | Epoch 097 | train_loss=6.4947 | train_acc=0.9845 | test_loss=1.7992 | test_acc=0.9027
2026-05-15 12:50:42,566 | INFO | SpawnProcess-1 | stage1_run3 | Epoch 105 | train_loss=5.0344 | train_acc=0.9869 | test_loss=1.8932 | test_acc=0.9122
2026-05-15 12:50:50,596 | INFO | SpawnProcess-2 | stage1_run4 | Epoch 098 | train_loss=5.6152 | train_acc=0.9866 | test_loss=1.6998 | test_acc=0.8994
2026-05-15 12:51:07,141 | INFO | SpawnProcess-1 | stage1_run3 | Epoch 106 | train_loss=5.0149 | train_acc=0.9875 | test_loss=2.0851 | test_acc=0.8874
2026-05-15 12:51:12,643 | INFO | SpawnProcess-2 | stage1_run4 | Epoch 099 | train_loss=5.2616 | train_acc=0.9873 | test_loss=1.8941 | test_acc=0.9165
2026-05-15 12:51:30,235 | INFO | SpawnProcess-1 | stage1_run3 | Epoch 107 | train_loss=5.8360 | train_acc=0.9852 | test_loss=1.9962 | test_acc=0.9202
2026-05-15 12:51:36,623 | INFO | SpawnProcess-2 | stage1_run4 | Epoch 100 | train_loss=7.1886 | train_acc=0.9819 | test_loss=1.9102 | test_acc=0.9023
2026-05-15 12:51:53,374 | INFO | SpawnProcess-1 | stage1_run3 | Epoch 108 | train_loss=5.6370 | train_acc=0.9855 | test_loss=1.9377 | test_acc=0.9206
2026-05-15 12:52:01,592 | INFO | SpawnProcess-2 | stage1_run4 | Epoch 101 | train_loss=6.7714 | train_acc=0.9830 | test_loss=1.6470 | test_acc=0.9221
2026-05-15 12:52:21,387 | INFO | SpawnProcess-1 | stage1_run3 | Epoch 109 | train_loss=4.9339 | train_acc=0.9869 | test_loss=1.9712 | test_acc=0.9371
2026-05-15 12:52:27,192 | INFO | SpawnProcess-2 | stage1_run4 | Epoch 102 | train_loss=5.8995 | train_acc=0.9851 | test_loss=1.8057 | test_acc=0.9218
2026-05-15 12:52:48,111 | INFO | SpawnProcess-1 | stage1_run3 | Epoch 110 | train_loss=4.7458 | train_acc=0.9881 | test_loss=2.0750 | test_acc=0.9110
2026-05-15 12:52:52,327 | INFO | SpawnProcess-2 | stage1_run4 | Epoch 103 | train_loss=5.9681 | train_acc=0.9853 | test_loss=1.6543 | test_acc=0.9476
2026-05-15 12:53:11,760 | INFO | SpawnProcess-1 | stage1_run3 | Epoch 111 | train_loss=4.8972 | train_acc=0.9872 | test_loss=2.0011 | test_acc=0.9094
2026-05-15 12:53:18,417 | INFO | SpawnProcess-2 | stage1_run4 | Epoch 104 | train_loss=5.1823 | train_acc=0.9873 | test_loss=1.9463 | test_acc=0.9406
2026-05-15 12:53:34,768 | INFO | SpawnProcess-1 | stage1_run3 | Epoch 112 | train_loss=5.2164 | train_acc=0.9865 | test_loss=1.9721 | test_acc=0.9043
2026-05-15 12:53:43,197 | INFO | SpawnProcess-2 | stage1_run4 | Epoch 105 | train_loss=5.7864 | train_acc=0.9857 | test_loss=1.8539 | test_acc=0.9195
2026-05-15 12:53:56,457 | INFO | SpawnProcess-1 | stage1_run3 | Epoch 113 | train_loss=6.0506 | train_acc=0.9844 | test_loss=1.8382 | test_acc=0.9058
2026-05-15 12:54:06,143 | INFO | SpawnProcess-2 | stage1_run4 | Epoch 106 | train_loss=6.3937 | train_acc=0.9844 | test_loss=2.7458 | test_acc=0.8414
2026-05-15 12:54:21,123 | INFO | SpawnProcess-1 | stage1_run3 | Epoch 114 | train_loss=5.0053 | train_acc=0.9871 | test_loss=1.9414 | test_acc=0.8983
2026-05-15 12:54:28,065 | INFO | SpawnProcess-2 | stage1_run4 | Epoch 107 | train_loss=5.8967 | train_acc=0.9857 | test_loss=1.7180 | test_acc=0.9239
2026-05-15 12:54:44,604 | INFO | SpawnProcess-1 | stage1_run3 | Epoch 115 | train_loss=5.1493 | train_acc=0.9866 | test_loss=1.8372 | test_acc=0.9055
2026-05-15 12:54:49,258 | INFO | SpawnProcess-2 | stage1_run4 | Epoch 108 | train_loss=5.4438 | train_acc=0.9869 | test_loss=2.1883 | test_acc=0.9382
2026-05-15 12:55:09,676 | INFO | SpawnProcess-1 | stage1_run3 | Epoch 116 | train_loss=4.6977 | train_acc=0.9885 | test_loss=1.9704 | test_acc=0.9032
2026-05-15 12:55:11,004 | INFO | SpawnProcess-2 | stage1_run4 | Epoch 109 | train_loss=6.1809 | train_acc=0.9848 | test_loss=1.7077 | test_acc=0.9082
2026-05-15 12:55:32,792 | INFO | SpawnProcess-1 | stage1_run3 | Epoch 117 | train_loss=5.1659 | train_acc=0.9871 | test_loss=1.8745 | test_acc=0.9103
2026-05-15 12:55:34,107 | INFO | SpawnProcess-2 | stage1_run4 | Epoch 110 | train_loss=5.8369 | train_acc=0.9858 | test_loss=1.7870 | test_acc=0.8996
2026-05-15 12:55:55,633 | INFO | SpawnProcess-1 | stage1_run3 | Epoch 118 | train_loss=4.8916 | train_acc=0.9875 | test_loss=2.0963 | test_acc=0.8953
2026-05-15 12:55:56,210 | INFO | SpawnProcess-2 | stage1_run4 | Epoch 111 | train_loss=5.0045 | train_acc=0.9882 | test_loss=1.6383 | test_acc=0.8989
2026-05-15 12:56:19,796 | INFO | SpawnProcess-2 | stage1_run4 | Epoch 112 | train_loss=5.6541 | train_acc=0.9856 | test_loss=2.2065 | test_acc=0.8655
2026-05-15 12:56:20,590 | INFO | SpawnProcess-1 | stage1_run3 | Epoch 119 | train_loss=5.8437 | train_acc=0.9850 | test_loss=1.8095 | test_acc=0.8963
2026-05-15 12:56:42,604 | INFO | SpawnProcess-1 | stage1_run3 | Epoch 120 | train_loss=4.8570 | train_acc=0.9879 | test_loss=1.9900 | test_acc=0.8808
2026-05-15 12:56:44,967 | INFO | SpawnProcess-2 | stage1_run4 | Epoch 113 | train_loss=6.4338 | train_acc=0.9840 | test_loss=2.1742 | test_acc=0.9076
2026-05-15 12:57:06,120 | INFO | SpawnProcess-2 | stage1_run4 | Epoch 114 | train_loss=5.5145 | train_acc=0.9865 | test_loss=1.8013 | test_acc=0.9387
2026-05-15 12:57:07,532 | INFO | SpawnProcess-1 | stage1_run3 | Epoch 121 | train_loss=5.3593 | train_acc=0.9859 | test_loss=1.8867 | test_acc=0.9171
2026-05-15 12:57:28,800 | INFO | SpawnProcess-2 | stage1_run4 | Epoch 115 | train_loss=4.8945 | train_acc=0.9876 | test_loss=1.6415 | test_acc=0.8980
2026-05-15 12:57:30,204 | INFO | SpawnProcess-1 | stage1_run3 | Epoch 122 | train_loss=5.0977 | train_acc=0.9868 | test_loss=1.8782 | test_acc=0.9207
2026-05-15 12:57:53,257 | INFO | SpawnProcess-1 | stage1_run3 | Epoch 123 | train_loss=5.3581 | train_acc=0.9863 | test_loss=1.7065 | test_acc=0.9070
2026-05-15 12:57:53,434 | INFO | SpawnProcess-2 | stage1_run4 | Epoch 116 | train_loss=5.2970 | train_acc=0.9867 | test_loss=1.9753 | test_acc=0.8726
2026-05-15 12:58:15,791 | INFO | SpawnProcess-1 | stage1_run3 | Epoch 124 | train_loss=5.3420 | train_acc=0.9865 | test_loss=1.9450 | test_acc=0.9226
2026-05-15 12:58:17,405 | INFO | SpawnProcess-2 | stage1_run4 | Epoch 117 | train_loss=6.0472 | train_acc=0.9848 | test_loss=1.7915 | test_acc=0.9066
2026-05-15 12:58:40,836 | INFO | SpawnProcess-2 | stage1_run4 | Epoch 118 | train_loss=5.9247 | train_acc=0.9845 | test_loss=1.6705 | test_acc=0.9290
2026-05-15 12:58:40,927 | INFO | SpawnProcess-1 | stage1_run3 | Epoch 125 | train_loss=5.0310 | train_acc=0.9870 | test_loss=1.9778 | test_acc=0.8771
2026-05-15 12:59:03,661 | INFO | SpawnProcess-1 | stage1_run3 | Epoch 126 | train_loss=4.6219 | train_acc=0.9882 | test_loss=1.7983 | test_acc=0.8881
2026-05-15 12:59:04,668 | INFO | SpawnProcess-2 | stage1_run4 | Epoch 119 | train_loss=4.9533 | train_acc=0.9879 | test_loss=1.6692 | test_acc=0.9167
2026-05-15 12:59:26,674 | INFO | SpawnProcess-1 | stage1_run3 | Epoch 127 | train_loss=4.9270 | train_acc=0.9879 | test_loss=2.2481 | test_acc=0.9262
2026-05-15 12:59:28,970 | INFO | SpawnProcess-2 | stage1_run4 | Epoch 120 | train_loss=5.8009 | train_acc=0.9855 | test_loss=2.0705 | test_acc=0.9421
2026-05-15 12:59:49,616 | INFO | SpawnProcess-1 | stage1_run3 | Epoch 128 | train_loss=4.4738 | train_acc=0.9885 | test_loss=1.7423 | test_acc=0.9356
2026-05-15 12:59:51,868 | INFO | SpawnProcess-2 | stage1_run4 | Epoch 121 | train_loss=5.4327 | train_acc=0.9867 | test_loss=1.8063 | test_acc=0.9060
2026-05-15 13:00:13,896 | INFO | SpawnProcess-1 | stage1_run3 | Epoch 129 | train_loss=4.3416 | train_acc=0.9888 | test_loss=1.8672 | test_acc=0.9363
2026-05-15 13:00:21,996 | INFO | SpawnProcess-2 | stage1_run4 | Epoch 122 | train_loss=5.8059 | train_acc=0.9856 | test_loss=1.9273 | test_acc=0.9348
2026-05-15 13:00:40,092 | INFO | SpawnProcess-1 | stage1_run3 | Epoch 130 | train_loss=5.4127 | train_acc=0.9863 | test_loss=1.9859 | test_acc=0.8989
2026-05-15 13:00:47,234 | INFO | SpawnProcess-2 | stage1_run4 | Epoch 123 | train_loss=5.5568 | train_acc=0.9857 | test_loss=1.6539 | test_acc=0.9237
2026-05-15 13:01:03,563 | INFO | SpawnProcess-1 | stage1_run3 | Epoch 131 | train_loss=4.5108 | train_acc=0.9884 | test_loss=1.8775 | test_acc=0.9102
2026-05-15 13:01:11,897 | INFO | SpawnProcess-2 | stage1_run4 | Epoch 124 | train_loss=4.5280 | train_acc=0.9887 | test_loss=1.7585 | test_acc=0.9410
2026-05-15 13:01:29,619 | INFO | SpawnProcess-1 | stage1_run3 | Epoch 132 | train_loss=3.8481 | train_acc=0.9906 | test_loss=1.7774 | test_acc=0.9251
2026-05-15 13:01:35,798 | INFO | SpawnProcess-2 | stage1_run4 | Epoch 125 | train_loss=5.4092 | train_acc=0.9867 | test_loss=2.5560 | test_acc=0.9397
2026-05-15 13:01:53,962 | INFO | SpawnProcess-1 | stage1_run3 | Epoch 133 | train_loss=4.4021 | train_acc=0.9885 | test_loss=2.1277 | test_acc=0.9250
2026-05-15 13:01:58,936 | INFO | SpawnProcess-2 | stage1_run4 | Epoch 126 | train_loss=5.0697 | train_acc=0.9875 | test_loss=1.6507 | test_acc=0.9070
2026-05-15 13:02:17,034 | INFO | SpawnProcess-1 | stage1_run3 | Epoch 134 | train_loss=4.7230 | train_acc=0.9882 | test_loss=1.7883 | test_acc=0.9232
2026-05-15 13:02:21,718 | INFO | SpawnProcess-2 | stage1_run4 | Epoch 127 | train_loss=4.8178 | train_acc=0.9878 | test_loss=2.0573 | test_acc=0.9230
2026-05-15 13:02:42,357 | INFO | SpawnProcess-1 | stage1_run3 | Epoch 135 | train_loss=4.1550 | train_acc=0.9894 | test_loss=1.9188 | test_acc=0.8851
2026-05-15 13:02:46,748 | INFO | SpawnProcess-2 | stage1_run4 | Epoch 128 | train_loss=5.5268 | train_acc=0.9857 | test_loss=1.6280 | test_acc=0.9125
2026-05-15 13:03:07,712 | INFO | SpawnProcess-1 | stage1_run3 | Epoch 136 | train_loss=3.7177 | train_acc=0.9904 | test_loss=1.9319 | test_acc=0.9094
2026-05-15 13:03:15,684 | INFO | SpawnProcess-2 | stage1_run4 | Epoch 129 | train_loss=5.9503 | train_acc=0.9849 | test_loss=1.5990 | test_acc=0.9389
2026-05-15 13:03:32,566 | INFO | SpawnProcess-1 | stage1_run3 | Epoch 137 | train_loss=5.0142 | train_acc=0.9869 | test_loss=2.1023 | test_acc=0.9185
2026-05-15 13:03:39,741 | INFO | SpawnProcess-2 | stage1_run4 | Epoch 130 | train_loss=5.5925 | train_acc=0.9864 | test_loss=1.7798 | test_acc=0.9067
2026-05-15 13:03:56,447 | INFO | SpawnProcess-1 | stage1_run3 | Epoch 138 | train_loss=4.9781 | train_acc=0.9875 | test_loss=1.8938 | test_acc=0.9136
2026-05-15 13:04:04,075 | INFO | SpawnProcess-2 | stage1_run4 | Epoch 131 | train_loss=4.9920 | train_acc=0.9876 | test_loss=1.6891 | test_acc=0.9460
2026-05-15 13:04:20,409 | INFO | SpawnProcess-1 | stage1_run3 | Epoch 139 | train_loss=4.5746 | train_acc=0.9883 | test_loss=2.0909 | test_acc=0.9400
2026-05-15 13:04:27,774 | INFO | SpawnProcess-2 | stage1_run4 | Epoch 132 | train_loss=4.5498 | train_acc=0.9889 | test_loss=2.0495 | test_acc=0.9546
2026-05-15 13:04:44,857 | INFO | SpawnProcess-1 | stage1_run3 | Epoch 140 | train_loss=4.6414 | train_acc=0.9880 | test_loss=1.8917 | test_acc=0.9407
2026-05-15 13:04:49,971 | INFO | SpawnProcess-2 | stage1_run4 | Epoch 133 | train_loss=4.5688 | train_acc=0.9887 | test_loss=1.7894 | test_acc=0.9403
2026-05-15 13:05:06,870 | INFO | SpawnProcess-1 | stage1_run3 | Epoch 141 | train_loss=4.4183 | train_acc=0.9886 | test_loss=1.9669 | test_acc=0.9300
2026-05-15 13:05:13,579 | INFO | SpawnProcess-2 | stage1_run4 | Epoch 134 | train_loss=4.5409 | train_acc=0.9882 | test_loss=2.5115 | test_acc=0.9441
2026-05-15 13:05:30,921 | INFO | SpawnProcess-1 | stage1_run3 | Epoch 142 | train_loss=4.5440 | train_acc=0.9888 | test_loss=1.8662 | test_acc=0.9076
2026-05-15 13:05:36,719 | INFO | SpawnProcess-2 | stage1_run4 | Epoch 135 | train_loss=5.6626 | train_acc=0.9855 | test_loss=1.6600 | test_acc=0.9537
2026-05-15 13:05:54,506 | INFO | SpawnProcess-1 | stage1_run3 | Epoch 143 | train_loss=4.4714 | train_acc=0.9886 | test_loss=2.2154 | test_acc=0.9033
2026-05-15 13:06:00,144 | INFO | SpawnProcess-2 | stage1_run4 | Epoch 136 | train_loss=4.3662 | train_acc=0.9896 | test_loss=1.6372 | test_acc=0.9211
2026-05-15 13:06:17,056 | INFO | SpawnProcess-1 | stage1_run3 | Epoch 144 | train_loss=4.7910 | train_acc=0.9875 | test_loss=2.3198 | test_acc=0.8846
2026-05-15 13:06:24,047 | INFO | SpawnProcess-2 | stage1_run4 | Epoch 137 | train_loss=4.3766 | train_acc=0.9892 | test_loss=1.5441 | test_acc=0.9064
2026-05-15 13:06:41,633 | INFO | SpawnProcess-1 | stage1_run3 | Epoch 145 | train_loss=4.5009 | train_acc=0.9886 | test_loss=2.2188 | test_acc=0.9092
2026-05-15 13:06:47,072 | INFO | SpawnProcess-2 | stage1_run4 | Epoch 138 | train_loss=4.6158 | train_acc=0.9879 | test_loss=1.7678 | test_acc=0.9118
2026-05-15 13:07:06,020 | INFO | SpawnProcess-1 | stage1_run3 | Epoch 146 | train_loss=3.8024 | train_acc=0.9900 | test_loss=1.8626 | test_acc=0.9151
2026-05-15 13:07:10,361 | INFO | SpawnProcess-2 | stage1_run4 | Epoch 139 | train_loss=5.1716 | train_acc=0.9869 | test_loss=1.8552 | test_acc=0.9114
2026-05-15 13:07:29,183 | INFO | SpawnProcess-1 | stage1_run3 | Epoch 147 | train_loss=4.0175 | train_acc=0.9895 | test_loss=2.0452 | test_acc=0.9024
2026-05-15 13:07:33,845 | INFO | SpawnProcess-2 | stage1_run4 | Epoch 140 | train_loss=4.4180 | train_acc=0.9889 | test_loss=1.6777 | test_acc=0.9505
2026-05-15 13:07:52,856 | INFO | SpawnProcess-1 | stage1_run3 | Epoch 148 | train_loss=4.1483 | train_acc=0.9889 | test_loss=2.0901 | test_acc=0.9330
2026-05-15 13:07:56,956 | INFO | SpawnProcess-2 | stage1_run4 | Epoch 141 | train_loss=5.4260 | train_acc=0.9866 | test_loss=1.9390 | test_acc=0.9519
2026-05-15 13:08:16,209 | INFO | SpawnProcess-1 | stage1_run3 | Epoch 149 | train_loss=4.4578 | train_acc=0.9885 | test_loss=2.2259 | test_acc=0.9069
2026-05-15 13:08:18,982 | INFO | SpawnProcess-2 | stage1_run4 | Epoch 142 | train_loss=5.3982 | train_acc=0.9864 | test_loss=1.5263 | test_acc=0.9027
2026-05-15 13:08:41,724 | INFO | SpawnProcess-2 | stage1_run4 | Epoch 143 | train_loss=4.4128 | train_acc=0.9891 | test_loss=1.5233 | test_acc=0.9186
2026-05-15 13:08:41,926 | INFO | SpawnProcess-1 | stage1_run3 | Epoch 150 | train_loss=4.0247 | train_acc=0.9895 | test_loss=1.8458 | test_acc=0.9338
2026-05-15 13:09:04,153 | INFO | SpawnProcess-2 | stage1_run4 | Epoch 144 | train_loss=4.4928 | train_acc=0.9886 | test_loss=2.0237 | test_acc=0.9276
2026-05-15 13:09:07,148 | INFO | SpawnProcess-1 | stage1_run3 | Epoch 151 | train_loss=4.3765 | train_acc=0.9888 | test_loss=1.8172 | test_acc=0.9287
2026-05-15 13:09:26,333 | INFO | SpawnProcess-2 | stage1_run4 | Epoch 145 | train_loss=4.8951 | train_acc=0.9874 | test_loss=2.2425 | test_acc=0.8459
2026-05-15 13:09:30,311 | INFO | SpawnProcess-1 | stage1_run3 | Epoch 152 | train_loss=3.7716 | train_acc=0.9903 | test_loss=2.2216 | test_acc=0.9292
2026-05-15 13:09:54,903 | INFO | SpawnProcess-2 | stage1_run4 | Epoch 146 | train_loss=4.7177 | train_acc=0.9884 | test_loss=1.7596 | test_acc=0.9087
2026-05-15 13:09:59,261 | INFO | SpawnProcess-1 | stage1_run3 | Epoch 153 | train_loss=4.6551 | train_acc=0.9879 | test_loss=1.9580 | test_acc=0.9186
2026-05-15 13:10:17,092 | INFO | SpawnProcess-2 | stage1_run4 | Epoch 147 | train_loss=5.0827 | train_acc=0.9872 | test_loss=1.5359 | test_acc=0.9214
2026-05-15 13:10:24,842 | INFO | SpawnProcess-1 | stage1_run3 | Epoch 154 | train_loss=4.5662 | train_acc=0.9887 | test_loss=1.8431 | test_acc=0.9298
2026-05-15 13:10:39,937 | INFO | SpawnProcess-2 | stage1_run4 | Epoch 148 | train_loss=3.7176 | train_acc=0.9908 | test_loss=1.5858 | test_acc=0.9117
2026-05-15 13:10:48,339 | INFO | SpawnProcess-1 | stage1_run3 | Epoch 155 | train_loss=3.2597 | train_acc=0.9916 | test_loss=1.8359 | test_acc=0.9319
2026-05-15 13:11:02,654 | INFO | SpawnProcess-2 | stage1_run4 | Epoch 149 | train_loss=4.8684 | train_acc=0.9877 | test_loss=1.4758 | test_acc=0.9228
2026-05-15 13:11:13,728 | INFO | SpawnProcess-1 | stage1_run3 | Epoch 156 | train_loss=4.4534 | train_acc=0.9880 | test_loss=1.9652 | test_acc=0.9262
2026-05-15 13:11:23,312 | INFO | SpawnProcess-2 | stage1_run4 | Epoch 150 | train_loss=4.8469 | train_acc=0.9875 | test_loss=1.7281 | test_acc=0.9041
2026-05-15 13:11:37,386 | INFO | SpawnProcess-1 | stage1_run3 | Epoch 157 | train_loss=4.0200 | train_acc=0.9897 | test_loss=1.8946 | test_acc=0.9187
2026-05-15 13:11:47,599 | INFO | SpawnProcess-2 | stage1_run4 | Epoch 151 | train_loss=4.7668 | train_acc=0.9879 | test_loss=2.0748 | test_acc=0.8496
2026-05-15 13:12:01,750 | INFO | SpawnProcess-1 | stage1_run3 | Epoch 158 | train_loss=3.4666 | train_acc=0.9910 | test_loss=1.9042 | test_acc=0.8996
2026-05-15 13:12:09,282 | INFO | SpawnProcess-2 | stage1_run4 | Epoch 152 | train_loss=5.0162 | train_acc=0.9870 | test_loss=1.5967 | test_acc=0.9246
2026-05-15 13:12:24,342 | INFO | SpawnProcess-1 | stage1_run3 | Epoch 159 | train_loss=4.2052 | train_acc=0.9890 | test_loss=1.9798 | test_acc=0.9330
2026-05-15 13:12:31,216 | INFO | SpawnProcess-2 | stage1_run4 | Epoch 153 | train_loss=3.8912 | train_acc=0.9903 | test_loss=1.7928 | test_acc=0.9491
2026-05-15 13:12:47,191 | INFO | SpawnProcess-1 | stage1_run3 | Epoch 160 | train_loss=4.5030 | train_acc=0.9883 | test_loss=2.0175 | test_acc=0.8987
2026-05-15 13:12:55,322 | INFO | SpawnProcess-2 | stage1_run4 | Epoch 154 | train_loss=3.9063 | train_acc=0.9901 | test_loss=1.6564 | test_acc=0.8914
2026-05-15 13:13:11,935 | INFO | SpawnProcess-1 | stage1_run3 | Epoch 161 | train_loss=4.3414 | train_acc=0.9888 | test_loss=2.0185 | test_acc=0.9122
2026-05-15 13:13:19,339 | INFO | SpawnProcess-2 | stage1_run4 | Epoch 155 | train_loss=4.1268 | train_acc=0.9896 | test_loss=1.6898 | test_acc=0.9231
2026-05-15 13:13:37,266 | INFO | SpawnProcess-1 | stage1_run3 | Epoch 162 | train_loss=3.9045 | train_acc=0.9895 | test_loss=2.0253 | test_acc=0.9165
2026-05-15 13:13:42,135 | INFO | SpawnProcess-2 | stage1_run4 | Epoch 156 | train_loss=4.7221 | train_acc=0.9881 | test_loss=1.5013 | test_acc=0.9299
2026-05-15 13:13:59,765 | INFO | SpawnProcess-1 | stage1_run3 | Epoch 163 | train_loss=3.1853 | train_acc=0.9916 | test_loss=1.7466 | test_acc=0.9169
2026-05-15 13:14:05,336 | INFO | SpawnProcess-2 | stage1_run4 | Epoch 157 | train_loss=3.8396 | train_acc=0.9902 | test_loss=1.6612 | test_acc=0.9106
2026-05-15 13:14:25,661 | INFO | SpawnProcess-1 | stage1_run3 | Epoch 164 | train_loss=4.1020 | train_acc=0.9895 | test_loss=1.8985 | test_acc=0.9114
2026-05-15 13:14:27,238 | INFO | SpawnProcess-2 | stage1_run4 | Epoch 158 | train_loss=5.3638 | train_acc=0.9861 | test_loss=2.0870 | test_acc=0.9258
2026-05-15 13:14:48,088 | INFO | SpawnProcess-2 | stage1_run4 | Epoch 159 | train_loss=4.1249 | train_acc=0.9900 | test_loss=1.8591 | test_acc=0.9231
2026-05-15 13:14:51,355 | INFO | SpawnProcess-1 | stage1_run3 | Epoch 165 | train_loss=4.1745 | train_acc=0.9891 | test_loss=1.9696 | test_acc=0.9154
2026-05-15 13:15:11,664 | INFO | SpawnProcess-2 | stage1_run4 | Epoch 160 | train_loss=3.8777 | train_acc=0.9903 | test_loss=1.4685 | test_acc=0.9310
2026-05-15 13:15:15,657 | INFO | SpawnProcess-1 | stage1_run3 | Epoch 166 | train_loss=3.5416 | train_acc=0.9910 | test_loss=2.0691 | test_acc=0.9358
2026-05-15 13:15:36,708 | INFO | SpawnProcess-2 | stage1_run4 | Epoch 161 | train_loss=4.6085 | train_acc=0.9887 | test_loss=1.5042 | test_acc=0.9260
2026-05-15 13:15:44,340 | INFO | SpawnProcess-1 | stage1_run3 | Epoch 167 | train_loss=3.3204 | train_acc=0.9916 | test_loss=1.8964 | test_acc=0.9041
2026-05-15 13:16:05,537 | INFO | SpawnProcess-2 | stage1_run4 | Epoch 162 | train_loss=4.9475 | train_acc=0.9875 | test_loss=1.8042 | test_acc=0.9570
2026-05-15 13:16:14,015 | INFO | SpawnProcess-1 | stage1_run3 | Epoch 168 | train_loss=4.0789 | train_acc=0.9896 | test_loss=1.8843 | test_acc=0.8976
2026-05-15 13:16:34,341 | INFO | SpawnProcess-2 | stage1_run4 | Epoch 163 | train_loss=4.1504 | train_acc=0.9894 | test_loss=1.7633 | test_acc=0.9008
2026-05-15 13:16:45,292 | INFO | SpawnProcess-1 | stage1_run3 | Epoch 169 | train_loss=4.2861 | train_acc=0.9890 | test_loss=1.8038 | test_acc=0.9065
2026-05-15 13:16:59,974 | INFO | SpawnProcess-2 | stage1_run4 | Epoch 164 | train_loss=4.4599 | train_acc=0.9892 | test_loss=1.9952 | test_acc=0.9375
2026-05-15 13:17:13,926 | INFO | SpawnProcess-1 | stage1_run3 | Epoch 170 | train_loss=3.8739 | train_acc=0.9901 | test_loss=1.9832 | test_acc=0.9179
2026-05-15 13:17:25,826 | INFO | SpawnProcess-2 | stage1_run4 | Epoch 165 | train_loss=4.0331 | train_acc=0.9899 | test_loss=1.7248 | test_acc=0.9097
2026-05-15 13:17:38,217 | INFO | SpawnProcess-1 | stage1_run3 | Epoch 171 | train_loss=3.8908 | train_acc=0.9897 | test_loss=1.7917 | test_acc=0.9197
2026-05-15 13:17:49,028 | INFO | SpawnProcess-2 | stage1_run4 | Epoch 166 | train_loss=4.5327 | train_acc=0.9886 | test_loss=1.6959 | test_acc=0.9263
2026-05-15 13:18:02,413 | INFO | SpawnProcess-1 | stage1_run3 | Epoch 172 | train_loss=3.3499 | train_acc=0.9915 | test_loss=1.8803 | test_acc=0.8950
2026-05-15 13:18:14,550 | INFO | SpawnProcess-2 | stage1_run4 | Epoch 167 | train_loss=4.1626 | train_acc=0.9894 | test_loss=1.9492 | test_acc=0.9446
2026-05-15 13:18:25,360 | INFO | SpawnProcess-1 | stage1_run3 | Epoch 173 | train_loss=4.1149 | train_acc=0.9895 | test_loss=2.0608 | test_acc=0.8829
2026-05-15 13:18:38,530 | INFO | SpawnProcess-2 | stage1_run4 | Epoch 168 | train_loss=3.9777 | train_acc=0.9899 | test_loss=1.5746 | test_acc=0.9520
2026-05-15 13:18:51,678 | INFO | SpawnProcess-1 | stage1_run3 | Epoch 174 | train_loss=3.1985 | train_acc=0.9921 | test_loss=1.8206 | test_acc=0.8896
2026-05-15 13:19:00,131 | INFO | SpawnProcess-2 | stage1_run4 | Epoch 169 | train_loss=3.6693 | train_acc=0.9906 | test_loss=1.7108 | test_acc=0.9332
2026-05-15 13:19:15,230 | INFO | SpawnProcess-1 | stage1_run3 | Epoch 175 | train_loss=3.4683 | train_acc=0.9910 | test_loss=1.7789 | test_acc=0.9036
2026-05-15 13:19:23,527 | INFO | SpawnProcess-2 | stage1_run4 | Epoch 170 | train_loss=4.6215 | train_acc=0.9885 | test_loss=1.8939 | test_acc=0.8929
2026-05-15 13:19:39,258 | INFO | SpawnProcess-1 | stage1_run3 | Epoch 176 | train_loss=3.6677 | train_acc=0.9906 | test_loss=1.8697 | test_acc=0.9000
2026-05-15 13:19:48,341 | INFO | SpawnProcess-2 | stage1_run4 | Epoch 171 | train_loss=4.3712 | train_acc=0.9888 | test_loss=1.6951 | test_acc=0.9271
2026-05-15 13:20:01,964 | INFO | SpawnProcess-1 | stage1_run3 | Epoch 177 | train_loss=3.6222 | train_acc=0.9905 | test_loss=1.8753 | test_acc=0.8852
2026-05-15 13:20:12,652 | INFO | SpawnProcess-2 | stage1_run4 | Epoch 172 | train_loss=3.5176 | train_acc=0.9911 | test_loss=1.5487 | test_acc=0.9132
2026-05-15 13:20:25,609 | INFO | SpawnProcess-1 | stage1_run3 | Epoch 178 | train_loss=4.7064 | train_acc=0.9878 | test_loss=2.2795 | test_acc=0.9225
2026-05-15 13:20:35,864 | INFO | SpawnProcess-2 | stage1_run4 | Epoch 173 | train_loss=3.1556 | train_acc=0.9924 | test_loss=1.8124 | test_acc=0.9585
2026-05-15 13:20:49,042 | INFO | SpawnProcess-1 | stage1_run3 | Epoch 179 | train_loss=4.0503 | train_acc=0.9896 | test_loss=1.7555 | test_acc=0.9277
2026-05-15 13:21:01,160 | INFO | SpawnProcess-2 | stage1_run4 | Epoch 174 | train_loss=5.1196 | train_acc=0.9871 | test_loss=1.5914 | test_acc=0.9376
2026-05-15 13:21:13,887 | INFO | SpawnProcess-1 | stage1_run3 | Epoch 180 | train_loss=3.4036 | train_acc=0.9915 | test_loss=2.1325 | test_acc=0.9274
2026-05-15 13:21:25,217 | INFO | SpawnProcess-2 | stage1_run4 | Epoch 175 | train_loss=5.0760 | train_acc=0.9867 | test_loss=1.4733 | test_acc=0.9298
2026-05-15 13:21:35,486 | INFO | SpawnProcess-1 | stage1_run3 | Epoch 181 | train_loss=3.1690 | train_acc=0.9914 | test_loss=1.9278 | test_acc=0.8851
2026-05-15 13:21:48,863 | INFO | SpawnProcess-2 | stage1_run4 | Epoch 176 | train_loss=3.0730 | train_acc=0.9923 | test_loss=1.5860 | test_acc=0.9589
2026-05-15 13:21:59,533 | INFO | SpawnProcess-1 | stage1_run3 | Epoch 182 | train_loss=2.9092 | train_acc=0.9922 | test_loss=1.9254 | test_acc=0.9433
2026-05-15 13:22:11,323 | INFO | SpawnProcess-2 | stage1_run4 | Epoch 177 | train_loss=3.7781 | train_acc=0.9905 | test_loss=1.9350 | test_acc=0.9572
2026-05-15 13:22:24,561 | INFO | SpawnProcess-1 | stage1_run3 | Epoch 183 | train_loss=3.2274 | train_acc=0.9918 | test_loss=2.1827 | test_acc=0.9378
2026-05-15 13:22:35,871 | INFO | SpawnProcess-2 | stage1_run4 | Epoch 178 | train_loss=3.8047 | train_acc=0.9904 | test_loss=1.5412 | test_acc=0.9497
2026-05-15 13:22:48,138 | INFO | SpawnProcess-1 | stage1_run3 | Epoch 184 | train_loss=3.1701 | train_acc=0.9918 | test_loss=1.9705 | test_acc=0.9251
2026-05-15 13:22:59,155 | INFO | SpawnProcess-2 | stage1_run4 | Epoch 179 | train_loss=3.6693 | train_acc=0.9902 | test_loss=1.4510 | test_acc=0.9215
2026-05-15 13:23:13,236 | INFO | SpawnProcess-1 | stage1_run3 | Epoch 185 | train_loss=3.9096 | train_acc=0.9898 | test_loss=2.0255 | test_acc=0.9420
2026-05-15 13:23:22,272 | INFO | SpawnProcess-2 | stage1_run4 | Epoch 180 | train_loss=3.4105 | train_acc=0.9913 | test_loss=1.9612 | test_acc=0.9509
2026-05-15 13:23:33,369 | INFO | SpawnProcess-1 | stage1_run3 | Epoch 186 | train_loss=3.5013 | train_acc=0.9907 | test_loss=1.9703 | test_acc=0.9287
2026-05-15 13:23:46,004 | INFO | SpawnProcess-2 | stage1_run4 | Epoch 181 | train_loss=4.0478 | train_acc=0.9901 | test_loss=1.6627 | test_acc=0.9480
2026-05-15 13:24:00,338 | INFO | SpawnProcess-1 | stage1_run3 | Epoch 187 | train_loss=3.3636 | train_acc=0.9913 | test_loss=2.6241 | test_acc=0.8589
2026-05-15 13:24:12,299 | INFO | SpawnProcess-2 | stage1_run4 | Epoch 182 | train_loss=3.5610 | train_acc=0.9913 | test_loss=1.5866 | test_acc=0.9434
2026-05-15 13:24:27,975 | INFO | SpawnProcess-1 | stage1_run3 | Epoch 188 | train_loss=4.4316 | train_acc=0.9886 | test_loss=1.8128 | test_acc=0.9239
2026-05-15 13:24:38,271 | INFO | SpawnProcess-2 | stage1_run4 | Epoch 183 | train_loss=3.9081 | train_acc=0.9902 | test_loss=1.8099 | test_acc=0.9456
2026-05-15 13:24:55,005 | INFO | SpawnProcess-1 | stage1_run3 | Epoch 189 | train_loss=3.7578 | train_acc=0.9904 | test_loss=1.7421 | test_acc=0.9256
2026-05-15 13:25:02,732 | INFO | SpawnProcess-2 | stage1_run4 | Epoch 184 | train_loss=4.0371 | train_acc=0.9900 | test_loss=1.6384 | test_acc=0.9340
2026-05-15 13:25:22,422 | INFO | SpawnProcess-1 | stage1_run3 | Epoch 190 | train_loss=3.6625 | train_acc=0.9904 | test_loss=1.8548 | test_acc=0.9094
2026-05-15 13:25:27,238 | INFO | SpawnProcess-2 | stage1_run4 | Epoch 185 | train_loss=4.2162 | train_acc=0.9894 | test_loss=2.1006 | test_acc=0.8664
2026-05-15 13:25:44,352 | INFO | SpawnProcess-1 | stage1_run3 | Epoch 191 | train_loss=2.9725 | train_acc=0.9923 | test_loss=1.9420 | test_acc=0.9252
2026-05-15 13:25:50,071 | INFO | SpawnProcess-2 | stage1_run4 | Epoch 186 | train_loss=4.4245 | train_acc=0.9888 | test_loss=1.7918 | test_acc=0.9289
2026-05-15 13:26:08,747 | INFO | SpawnProcess-1 | stage1_run3 | Epoch 192 | train_loss=2.9741 | train_acc=0.9921 | test_loss=1.8926 | test_acc=0.9268
2026-05-15 13:26:12,983 | INFO | SpawnProcess-2 | stage1_run4 | Epoch 187 | train_loss=3.9183 | train_acc=0.9902 | test_loss=1.5894 | test_acc=0.9194
2026-05-15 13:26:31,769 | INFO | SpawnProcess-1 | stage1_run3 | Epoch 193 | train_loss=3.6886 | train_acc=0.9906 | test_loss=1.9105 | test_acc=0.8875
2026-05-15 13:26:37,256 | INFO | SpawnProcess-2 | stage1_run4 | Epoch 188 | train_loss=4.4631 | train_acc=0.9886 | test_loss=1.8606 | test_acc=0.9467
2026-05-15 13:26:57,003 | INFO | SpawnProcess-1 | stage1_run3 | Epoch 194 | train_loss=3.2910 | train_acc=0.9917 | test_loss=1.9501 | test_acc=0.9104
2026-05-15 13:26:59,517 | INFO | SpawnProcess-2 | stage1_run4 | Epoch 189 | train_loss=3.8870 | train_acc=0.9900 | test_loss=1.4633 | test_acc=0.9507
2026-05-15 13:27:20,617 | INFO | SpawnProcess-1 | stage1_run3 | Epoch 195 | train_loss=2.6416 | train_acc=0.9929 | test_loss=1.8020 | test_acc=0.9250
2026-05-15 13:27:21,281 | INFO | SpawnProcess-2 | stage1_run4 | Epoch 190 | train_loss=3.6157 | train_acc=0.9910 | test_loss=2.0000 | test_acc=0.9394
2026-05-15 13:27:43,722 | INFO | SpawnProcess-1 | stage1_run3 | Epoch 196 | train_loss=3.2433 | train_acc=0.9918 | test_loss=2.0157 | test_acc=0.9311
2026-05-15 13:27:44,787 | INFO | SpawnProcess-2 | stage1_run4 | Epoch 191 | train_loss=3.6645 | train_acc=0.9910 | test_loss=1.6897 | test_acc=0.9542
2026-05-15 13:28:06,650 | INFO | SpawnProcess-1 | stage1_run3 | Epoch 197 | train_loss=2.9397 | train_acc=0.9921 | test_loss=2.1710 | test_acc=0.9177
2026-05-15 13:28:08,291 | INFO | SpawnProcess-2 | stage1_run4 | Epoch 192 | train_loss=3.8454 | train_acc=0.9906 | test_loss=1.6365 | test_acc=0.9500
2026-05-15 13:28:31,202 | INFO | SpawnProcess-1 | stage1_run3 | Epoch 198 | train_loss=3.9525 | train_acc=0.9898 | test_loss=2.9232 | test_acc=0.8716
2026-05-15 13:28:31,843 | INFO | SpawnProcess-2 | stage1_run4 | Epoch 193 | train_loss=3.0610 | train_acc=0.9927 | test_loss=1.5426 | test_acc=0.9548
2026-05-15 13:28:52,323 | INFO | SpawnProcess-2 | stage1_run4 | Epoch 194 | train_loss=3.2603 | train_acc=0.9917 | test_loss=1.6912 | test_acc=0.9466
2026-05-15 13:28:53,736 | INFO | SpawnProcess-1 | stage1_run3 | Epoch 199 | train_loss=3.7191 | train_acc=0.9901 | test_loss=2.1093 | test_acc=0.9247
2026-05-15 13:29:14,715 | INFO | SpawnProcess-2 | stage1_run4 | Epoch 195 | train_loss=3.2029 | train_acc=0.9923 | test_loss=1.4359 | test_acc=0.9453
2026-05-15 13:29:19,605 | INFO | SpawnProcess-1 | stage1_run3 | Epoch 200 | train_loss=4.1592 | train_acc=0.9892 | test_loss=1.8588 | test_acc=0.9028
2026-05-15 13:29:34,790 | INFO | SpawnProcess-2 | stage1_run4 | Epoch 196 | train_loss=4.1479 | train_acc=0.9894 | test_loss=1.8158 | test_acc=0.8977
2026-05-15 13:29:44,760 | INFO | SpawnProcess-1 | stage1_run3 | Epoch 201 | train_loss=3.1623 | train_acc=0.9919 | test_loss=2.0743 | test_acc=0.9041
2026-05-15 13:29:58,518 | INFO | SpawnProcess-2 | stage1_run4 | Epoch 197 | train_loss=4.1461 | train_acc=0.9899 | test_loss=1.4556 | test_acc=0.9181
2026-05-15 13:30:06,354 | INFO | SpawnProcess-1 | stage1_run3 | Epoch 202 | train_loss=2.9295 | train_acc=0.9924 | test_loss=2.0977 | test_acc=0.9160
2026-05-15 13:30:21,819 | INFO | SpawnProcess-2 | stage1_run4 | Epoch 198 | train_loss=2.8971 | train_acc=0.9929 | test_loss=1.5787 | test_acc=0.9444
2026-05-15 13:30:30,559 | INFO | SpawnProcess-1 | stage1_run3 | Epoch 203 | train_loss=2.5538 | train_acc=0.9932 | test_loss=1.9021 | test_acc=0.9228
2026-05-15 13:30:44,913 | INFO | SpawnProcess-2 | stage1_run4 | Epoch 199 | train_loss=3.5382 | train_acc=0.9913 | test_loss=1.7078 | test_acc=0.9268
2026-05-15 13:30:54,024 | INFO | SpawnProcess-1 | stage1_run3 | Epoch 204 | train_loss=2.8331 | train_acc=0.9925 | test_loss=2.8594 | test_acc=0.9198
2026-05-15 13:31:08,779 | INFO | SpawnProcess-2 | stage1_run4 | Epoch 200 | train_loss=3.7714 | train_acc=0.9906 | test_loss=1.5560 | test_acc=0.9550
2026-05-15 13:31:18,108 | INFO | SpawnProcess-1 | stage1_run3 | Epoch 205 | train_loss=3.7308 | train_acc=0.9897 | test_loss=2.0504 | test_acc=0.9263
2026-05-15 13:31:32,416 | INFO | SpawnProcess-2 | stage1_run4 | Epoch 201 | train_loss=3.6102 | train_acc=0.9909 | test_loss=1.7143 | test_acc=0.9134
2026-05-15 13:31:42,832 | INFO | SpawnProcess-1 | stage1_run3 | Epoch 206 | train_loss=3.6336 | train_acc=0.9904 | test_loss=1.9737 | test_acc=0.9113
2026-05-15 13:32:01,762 | INFO | SpawnProcess-2 | stage1_run4 | Epoch 202 | train_loss=3.5307 | train_acc=0.9906 | test_loss=2.0862 | test_acc=0.9629
2026-05-15 13:32:10,037 | INFO | SpawnProcess-1 | stage1_run3 | Epoch 207 | train_loss=2.9494 | train_acc=0.9924 | test_loss=1.9235 | test_acc=0.9386
2026-05-15 13:32:25,607 | INFO | SpawnProcess-2 | stage1_run4 | Epoch 203 | train_loss=4.5021 | train_acc=0.9887 | test_loss=2.0426 | test_acc=0.8713
2026-05-15 13:32:33,404 | INFO | SpawnProcess-1 | stage1_run3 | Epoch 208 | train_loss=3.2755 | train_acc=0.9913 | test_loss=1.9031 | test_acc=0.9252
2026-05-15 13:32:47,354 | INFO | SpawnProcess-2 | stage1_run4 | Epoch 204 | train_loss=3.1772 | train_acc=0.9918 | test_loss=1.4031 | test_acc=0.9471
2026-05-15 13:32:59,225 | INFO | SpawnProcess-1 | stage1_run3 | Epoch 209 | train_loss=3.5394 | train_acc=0.9910 | test_loss=1.9478 | test_acc=0.9029
2026-05-15 13:33:10,985 | INFO | SpawnProcess-2 | stage1_run4 | Epoch 205 | train_loss=3.2967 | train_acc=0.9911 | test_loss=1.6129 | test_acc=0.9116
2026-05-15 13:33:23,294 | INFO | SpawnProcess-1 | stage1_run3 | Epoch 210 | train_loss=2.6795 | train_acc=0.9930 | test_loss=1.9662 | test_acc=0.9193
2026-05-15 13:33:35,138 | INFO | SpawnProcess-2 | stage1_run4 | Epoch 206 | train_loss=4.5465 | train_acc=0.9885 | test_loss=1.5907 | test_acc=0.9341
2026-05-15 13:33:46,837 | INFO | SpawnProcess-1 | stage1_run3 | Epoch 211 | train_loss=3.0277 | train_acc=0.9921 | test_loss=1.9205 | test_acc=0.9054
2026-05-15 13:33:56,149 | INFO | SpawnProcess-2 | stage1_run4 | Epoch 207 | train_loss=3.2550 | train_acc=0.9912 | test_loss=1.7650 | test_acc=0.9185
2026-05-15 13:34:10,506 | INFO | SpawnProcess-1 | stage1_run3 | Epoch 212 | train_loss=2.9269 | train_acc=0.9925 | test_loss=2.1049 | test_acc=0.8956
2026-05-15 13:34:20,688 | INFO | SpawnProcess-2 | stage1_run4 | Epoch 208 | train_loss=3.5429 | train_acc=0.9912 | test_loss=1.8275 | test_acc=0.9400
2026-05-15 13:34:34,408 | INFO | SpawnProcess-1 | stage1_run3 | Epoch 213 | train_loss=4.7260 | train_acc=0.9881 | test_loss=2.3321 | test_acc=0.9445
2026-05-15 13:34:44,006 | INFO | SpawnProcess-2 | stage1_run4 | Epoch 209 | train_loss=3.7255 | train_acc=0.9899 | test_loss=1.5141 | test_acc=0.9502
2026-05-15 13:34:57,963 | INFO | SpawnProcess-1 | stage1_run3 | Epoch 214 | train_loss=3.4510 | train_acc=0.9910 | test_loss=2.1247 | test_acc=0.8977
2026-05-15 13:35:06,168 | INFO | SpawnProcess-2 | stage1_run4 | Epoch 210 | train_loss=2.5494 | train_acc=0.9937 | test_loss=1.5822 | test_acc=0.9427
2026-05-15 13:35:22,805 | INFO | SpawnProcess-1 | stage1_run3 | Epoch 215 | train_loss=2.8151 | train_acc=0.9927 | test_loss=2.0182 | test_acc=0.9274
2026-05-15 13:35:29,715 | INFO | SpawnProcess-2 | stage1_run4 | Epoch 211 | train_loss=3.8327 | train_acc=0.9903 | test_loss=1.7355 | test_acc=0.9140
2026-05-15 13:35:46,770 | INFO | SpawnProcess-1 | stage1_run3 | Epoch 216 | train_loss=2.6592 | train_acc=0.9931 | test_loss=2.1948 | test_acc=0.9407
2026-05-15 13:35:51,897 | INFO | SpawnProcess-2 | stage1_run4 | Epoch 212 | train_loss=3.6074 | train_acc=0.9908 | test_loss=1.7714 | test_acc=0.9595
2026-05-15 13:36:11,734 | INFO | SpawnProcess-1 | stage1_run3 | Epoch 217 | train_loss=3.6928 | train_acc=0.9899 | test_loss=1.8763 | test_acc=0.9232
2026-05-15 13:36:13,967 | INFO | SpawnProcess-2 | stage1_run4 | Epoch 213 | train_loss=4.0736 | train_acc=0.9896 | test_loss=1.5059 | test_acc=0.9383
2026-05-15 13:36:34,916 | INFO | SpawnProcess-1 | stage1_run3 | Epoch 218 | train_loss=2.5231 | train_acc=0.9933 | test_loss=1.9704 | test_acc=0.9205
2026-05-15 13:36:37,566 | INFO | SpawnProcess-2 | stage1_run4 | Epoch 214 | train_loss=3.5974 | train_acc=0.9906 | test_loss=1.5892 | test_acc=0.8985
2026-05-15 13:36:56,794 | INFO | SpawnProcess-1 | stage1_run3 | Epoch 219 | train_loss=3.8149 | train_acc=0.9899 | test_loss=2.0287 | test_acc=0.9261
2026-05-15 13:37:01,244 | INFO | SpawnProcess-2 | stage1_run4 | Epoch 215 | train_loss=2.9060 | train_acc=0.9925 | test_loss=1.6878 | test_acc=0.9352
2026-05-15 13:37:19,939 | INFO | SpawnProcess-1 | stage1_run3 | Epoch 220 | train_loss=2.8830 | train_acc=0.9928 | test_loss=1.8358 | test_acc=0.9133
2026-05-15 13:37:25,406 | INFO | SpawnProcess-2 | stage1_run4 | Epoch 216 | train_loss=3.1662 | train_acc=0.9920 | test_loss=1.6630 | test_acc=0.9508
2026-05-15 13:37:43,732 | INFO | SpawnProcess-1 | stage1_run3 | Epoch 221 | train_loss=3.6403 | train_acc=0.9905 | test_loss=1.8144 | test_acc=0.9211
2026-05-15 13:37:48,838 | INFO | SpawnProcess-2 | stage1_run4 | Epoch 217 | train_loss=3.3587 | train_acc=0.9914 | test_loss=1.5955 | test_acc=0.9066
2026-05-15 13:38:06,527 | INFO | SpawnProcess-1 | stage1_run3 | Epoch 222 | train_loss=3.4278 | train_acc=0.9910 | test_loss=1.9662 | test_acc=0.9409
2026-05-15 13:38:12,158 | INFO | SpawnProcess-2 | stage1_run4 | Epoch 218 | train_loss=3.5803 | train_acc=0.9909 | test_loss=1.5722 | test_acc=0.9423
2026-05-15 13:38:30,244 | INFO | SpawnProcess-1 | stage1_run3 | Epoch 223 | train_loss=2.8338 | train_acc=0.9929 | test_loss=1.9025 | test_acc=0.9016
2026-05-15 13:38:38,476 | INFO | SpawnProcess-2 | stage1_run4 | Epoch 219 | train_loss=3.7390 | train_acc=0.9904 | test_loss=2.0196 | test_acc=0.9412
2026-05-15 13:38:52,508 | INFO | SpawnProcess-1 | stage1_run3 | Epoch 224 | train_loss=2.8567 | train_acc=0.9926 | test_loss=2.1864 | test_acc=0.9016
2026-05-15 13:39:01,147 | INFO | SpawnProcess-2 | stage1_run4 | Epoch 220 | train_loss=3.6104 | train_acc=0.9905 | test_loss=1.4400 | test_acc=0.9403
2026-05-15 13:39:15,437 | INFO | SpawnProcess-1 | stage1_run3 | Epoch 225 | train_loss=3.2865 | train_acc=0.9913 | test_loss=1.9572 | test_acc=0.9073
2026-05-15 13:39:26,626 | INFO | SpawnProcess-2 | stage1_run4 | Epoch 221 | train_loss=2.7592 | train_acc=0.9931 | test_loss=1.5112 | test_acc=0.9323
2026-05-15 13:39:40,320 | INFO | SpawnProcess-1 | stage1_run3 | Epoch 226 | train_loss=2.4516 | train_acc=0.9937 | test_loss=1.9796 | test_acc=0.9348
2026-05-15 13:39:50,836 | INFO | SpawnProcess-2 | stage1_run4 | Epoch 222 | train_loss=2.8884 | train_acc=0.9925 | test_loss=1.5225 | test_acc=0.9411
2026-05-15 13:40:08,306 | INFO | SpawnProcess-1 | stage1_run3 | Epoch 227 | train_loss=2.7077 | train_acc=0.9926 | test_loss=1.8795 | test_acc=0.9094
2026-05-15 13:40:14,106 | INFO | SpawnProcess-2 | stage1_run4 | Epoch 223 | train_loss=2.4701 | train_acc=0.9939 | test_loss=1.7206 | test_acc=0.9285
2026-05-15 13:40:32,970 | INFO | SpawnProcess-1 | stage1_run3 | Epoch 228 | train_loss=2.6402 | train_acc=0.9932 | test_loss=2.1843 | test_acc=0.8975
2026-05-15 13:40:38,946 | INFO | SpawnProcess-2 | stage1_run4 | Epoch 224 | train_loss=4.0622 | train_acc=0.9900 | test_loss=1.9921 | test_acc=0.9096
2026-05-15 13:40:58,802 | INFO | SpawnProcess-1 | stage1_run3 | Epoch 229 | train_loss=2.8044 | train_acc=0.9926 | test_loss=2.0130 | test_acc=0.9126
2026-05-15 13:41:02,200 | INFO | SpawnProcess-2 | stage1_run4 | Epoch 225 | train_loss=5.0594 | train_acc=0.9875 | test_loss=1.7639 | test_acc=0.9129
2026-05-15 13:41:21,897 | INFO | SpawnProcess-1 | stage1_run3 | Epoch 230 | train_loss=3.8746 | train_acc=0.9899 | test_loss=2.6711 | test_acc=0.9373
2026-05-15 13:41:25,095 | INFO | SpawnProcess-2 | stage1_run4 | Epoch 226 | train_loss=3.1780 | train_acc=0.9917 | test_loss=1.4432 | test_acc=0.9526
2026-05-15 13:41:46,449 | INFO | SpawnProcess-2 | stage1_run4 | Epoch 227 | train_loss=3.5211 | train_acc=0.9906 | test_loss=1.7941 | test_acc=0.9399
2026-05-15 13:41:48,893 | INFO | SpawnProcess-1 | stage1_run3 | Epoch 231 | train_loss=2.8993 | train_acc=0.9927 | test_loss=1.8028 | test_acc=0.9253
2026-05-15 13:42:10,092 | INFO | SpawnProcess-2 | stage1_run4 | Epoch 228 | train_loss=3.8773 | train_acc=0.9898 | test_loss=1.4968 | test_acc=0.9485
2026-05-15 13:42:11,566 | INFO | SpawnProcess-1 | stage1_run3 | Epoch 232 | train_loss=3.1306 | train_acc=0.9916 | test_loss=2.1394 | test_acc=0.9177
2026-05-15 13:42:34,453 | INFO | SpawnProcess-1 | stage1_run3 | Epoch 233 | train_loss=2.3708 | train_acc=0.9938 | test_loss=1.9592 | test_acc=0.9184
2026-05-15 13:42:34,490 | INFO | SpawnProcess-2 | stage1_run4 | Epoch 229 | train_loss=2.6936 | train_acc=0.9934 | test_loss=1.5164 | test_acc=0.9501
2026-05-15 13:42:55,743 | INFO | SpawnProcess-2 | stage1_run4 | Epoch 230 | train_loss=2.7850 | train_acc=0.9929 | test_loss=1.3319 | test_acc=0.9569
2026-05-15 13:42:57,008 | INFO | SpawnProcess-1 | stage1_run3 | Epoch 234 | train_loss=4.0956 | train_acc=0.9894 | test_loss=2.1508 | test_acc=0.9254
2026-05-15 13:43:18,490 | INFO | SpawnProcess-1 | stage1_run3 | Epoch 235 | train_loss=3.0942 | train_acc=0.9923 | test_loss=1.9655 | test_acc=0.9107
2026-05-15 13:43:21,760 | INFO | SpawnProcess-2 | stage1_run4 | Epoch 231 | train_loss=1.9113 | train_acc=0.9954 | test_loss=1.4567 | test_acc=0.9416
2026-05-15 13:43:40,902 | INFO | SpawnProcess-1 | stage1_run3 | Epoch 236 | train_loss=2.0302 | train_acc=0.9949 | test_loss=1.9034 | test_acc=0.9409
2026-05-15 13:43:45,868 | INFO | SpawnProcess-2 | stage1_run4 | Epoch 232 | train_loss=2.9191 | train_acc=0.9924 | test_loss=1.6759 | test_acc=0.9428
2026-05-15 13:44:01,638 | INFO | SpawnProcess-1 | stage1_run3 | Epoch 237 | train_loss=1.8852 | train_acc=0.9953 | test_loss=1.9114 | test_acc=0.8803
2026-05-15 13:44:09,635 | INFO | SpawnProcess-2 | stage1_run4 | Epoch 233 | train_loss=2.9467 | train_acc=0.9926 | test_loss=1.5330 | test_acc=0.9319
2026-05-15 13:44:24,014 | INFO | SpawnProcess-1 | stage1_run3 | Epoch 238 | train_loss=2.4105 | train_acc=0.9936 | test_loss=2.0330 | test_acc=0.9406
2026-05-15 13:44:32,733 | INFO | SpawnProcess-2 | stage1_run4 | Epoch 234 | train_loss=3.3583 | train_acc=0.9910 | test_loss=2.4123 | test_acc=0.9560
2026-05-15 13:44:46,062 | INFO | SpawnProcess-1 | stage1_run3 | Epoch 239 | train_loss=3.2360 | train_acc=0.9916 | test_loss=1.9142 | test_acc=0.9000
2026-05-15 13:44:54,963 | INFO | SpawnProcess-2 | stage1_run4 | Epoch 235 | train_loss=4.2260 | train_acc=0.9895 | test_loss=1.8094 | test_acc=0.9081
2026-05-15 13:45:10,921 | INFO | SpawnProcess-1 | stage1_run3 | Epoch 240 | train_loss=5.0766 | train_acc=0.9872 | test_loss=2.0834 | test_acc=0.9407
2026-05-15 13:45:15,938 | INFO | SpawnProcess-2 | stage1_run4 | Epoch 236 | train_loss=3.5034 | train_acc=0.9908 | test_loss=1.5793 | test_acc=0.9336
2026-05-15 13:45:34,888 | INFO | SpawnProcess-1 | stage1_run3 | Epoch 241 | train_loss=2.8679 | train_acc=0.9925 | test_loss=1.7251 | test_acc=0.9164
2026-05-15 13:45:40,763 | INFO | SpawnProcess-2 | stage1_run4 | Epoch 237 | train_loss=2.7988 | train_acc=0.9932 | test_loss=1.7869 | test_acc=0.9579
2026-05-15 13:45:56,854 | INFO | SpawnProcess-1 | stage1_run3 | Epoch 242 | train_loss=3.3773 | train_acc=0.9912 | test_loss=1.8898 | test_acc=0.9321
2026-05-15 13:46:05,166 | INFO | SpawnProcess-2 | stage1_run4 | Epoch 238 | train_loss=3.1548 | train_acc=0.9924 | test_loss=1.7395 | test_acc=0.9337
2026-05-15 13:46:18,312 | INFO | SpawnProcess-1 | stage1_run3 | Epoch 243 | train_loss=2.4355 | train_acc=0.9934 | test_loss=2.1125 | test_acc=0.8967
2026-05-15 13:46:29,494 | INFO | SpawnProcess-2 | stage1_run4 | Epoch 239 | train_loss=2.6135 | train_acc=0.9934 | test_loss=1.3789 | test_acc=0.9526
2026-05-15 13:46:40,831 | INFO | SpawnProcess-1 | stage1_run3 | Epoch 244 | train_loss=2.3795 | train_acc=0.9937 | test_loss=2.1913 | test_acc=0.8973
2026-05-15 13:46:53,358 | INFO | SpawnProcess-2 | stage1_run4 | Epoch 240 | train_loss=2.6680 | train_acc=0.9934 | test_loss=1.5999 | test_acc=0.9108
2026-05-15 13:47:05,767 | INFO | SpawnProcess-1 | stage1_run3 | Epoch 245 | train_loss=2.2920 | train_acc=0.9941 | test_loss=2.0171 | test_acc=0.9025
2026-05-15 13:47:20,240 | INFO | SpawnProcess-2 | stage1_run4 | Epoch 241 | train_loss=2.4900 | train_acc=0.9939 | test_loss=1.5046 | test_acc=0.9511
2026-05-15 13:47:34,520 | INFO | SpawnProcess-1 | stage1_run3 | Epoch 246 | train_loss=3.7737 | train_acc=0.9901 | test_loss=2.0604 | test_acc=0.9219
2026-05-15 13:47:54,850 | INFO | SpawnProcess-2 | stage1_run4 | Epoch 242 | train_loss=2.3978 | train_acc=0.9938 | test_loss=1.5253 | test_acc=0.9280
2026-05-15 13:48:05,785 | INFO | SpawnProcess-1 | stage1_run3 | Epoch 247 | train_loss=2.5783 | train_acc=0.9929 | test_loss=2.2630 | test_acc=0.9212
2026-05-15 13:48:19,350 | INFO | SpawnProcess-2 | stage1_run4 | Epoch 243 | train_loss=2.7957 | train_acc=0.9930 | test_loss=1.9259 | test_acc=0.9253
2026-05-15 13:48:30,100 | INFO | SpawnProcess-1 | stage1_run3 | Epoch 248 | train_loss=3.5237 | train_acc=0.9911 | test_loss=1.9433 | test_acc=0.9368
2026-05-15 13:48:43,021 | INFO | SpawnProcess-2 | stage1_run4 | Epoch 244 | train_loss=4.2472 | train_acc=0.9893 | test_loss=1.6856 | test_acc=0.9277
2026-05-15 13:48:56,275 | INFO | SpawnProcess-1 | stage1_run3 | Epoch 249 | train_loss=2.8066 | train_acc=0.9924 | test_loss=2.1007 | test_acc=0.9311
2026-05-15 13:49:07,155 | INFO | SpawnProcess-2 | stage1_run4 | Epoch 245 | train_loss=2.4869 | train_acc=0.9937 | test_loss=1.4390 | test_acc=0.9583
2026-05-15 13:49:19,690 | INFO | SpawnProcess-1 | stage1_run3 | Epoch 250 | train_loss=2.4189 | train_acc=0.9934 | test_loss=1.9457 | test_acc=0.9269
2026-05-15 13:49:30,351 | INFO | SpawnProcess-2 | stage1_run4 | Epoch 246 | train_loss=4.1558 | train_acc=0.9894 | test_loss=1.9944 | test_acc=0.9091
2026-05-15 13:49:44,284 | INFO | SpawnProcess-1 | stage1_run3 | Epoch 251 | train_loss=2.4319 | train_acc=0.9934 | test_loss=2.0319 | test_acc=0.9126
2026-05-15 13:49:54,801 | INFO | SpawnProcess-2 | stage1_run4 | Epoch 247 | train_loss=3.4889 | train_acc=0.9909 | test_loss=1.7693 | test_acc=0.9379
2026-05-15 13:50:08,190 | INFO | SpawnProcess-1 | stage1_run3 | Epoch 252 | train_loss=2.3921 | train_acc=0.9936 | test_loss=2.1539 | test_acc=0.9289
2026-05-15 13:50:17,429 | INFO | SpawnProcess-2 | stage1_run4 | Epoch 248 | train_loss=3.0138 | train_acc=0.9924 | test_loss=1.4513 | test_acc=0.9577
2026-05-15 13:50:30,749 | INFO | SpawnProcess-1 | stage1_run3 | Epoch 253 | train_loss=3.1229 | train_acc=0.9913 | test_loss=2.5916 | test_acc=0.9432
2026-05-15 13:50:40,677 | INFO | SpawnProcess-2 | stage1_run4 | Epoch 249 | train_loss=2.8165 | train_acc=0.9925 | test_loss=1.6066 | test_acc=0.9343
2026-05-15 13:50:54,065 | INFO | SpawnProcess-1 | stage1_run3 | Epoch 254 | train_loss=3.4664 | train_acc=0.9906 | test_loss=1.9440 | test_acc=0.9338
2026-05-15 13:51:04,888 | INFO | SpawnProcess-2 | stage1_run4 | Epoch 250 | train_loss=2.7049 | train_acc=0.9931 | test_loss=4.3519 | test_acc=0.8910
2026-05-15 13:51:17,825 | INFO | SpawnProcess-1 | stage1_run3 | Epoch 255 | train_loss=2.1922 | train_acc=0.9941 | test_loss=1.9007 | test_acc=0.9159
2026-05-15 13:51:29,575 | INFO | SpawnProcess-2 | stage1_run4 | Epoch 251 | train_loss=4.6067 | train_acc=0.9881 | test_loss=1.5596 | test_acc=0.9282
2026-05-15 13:51:39,781 | INFO | SpawnProcess-1 | stage1_run3 | Epoch 256 | train_loss=2.2205 | train_acc=0.9940 | test_loss=2.2166 | test_acc=0.8928
2026-05-15 13:51:55,244 | INFO | SpawnProcess-2 | stage1_run4 | Epoch 252 | train_loss=3.0034 | train_acc=0.9922 | test_loss=1.7398 | test_acc=0.9206
2026-05-15 13:52:03,184 | INFO | SpawnProcess-1 | stage1_run3 | Epoch 257 | train_loss=2.2358 | train_acc=0.9941 | test_loss=1.8942 | test_acc=0.9150
2026-05-15 13:52:21,494 | INFO | SpawnProcess-2 | stage1_run4 | Epoch 253 | train_loss=2.8623 | train_acc=0.9930 | test_loss=1.7267 | test_acc=0.9079
2026-05-15 13:52:25,752 | INFO | SpawnProcess-1 | stage1_run3 | Epoch 258 | train_loss=1.5430 | train_acc=0.9961 | test_loss=1.7388 | test_acc=0.9191
2026-05-15 13:52:46,128 | INFO | SpawnProcess-2 | stage1_run4 | Epoch 254 | train_loss=3.0044 | train_acc=0.9923 | test_loss=1.5931 | test_acc=0.9383
2026-05-15 13:52:48,599 | INFO | SpawnProcess-1 | stage1_run3 | Epoch 259 | train_loss=2.5430 | train_acc=0.9935 | test_loss=3.0323 | test_acc=0.9225
2026-05-15 13:53:09,340 | INFO | SpawnProcess-2 | stage1_run4 | Epoch 255 | train_loss=3.3705 | train_acc=0.9918 | test_loss=1.5108 | test_acc=0.9366
2026-05-15 13:53:13,034 | INFO | SpawnProcess-1 | stage1_run3 | Epoch 260 | train_loss=4.5301 | train_acc=0.9883 | test_loss=1.8775 | test_acc=0.9230
2026-05-15 13:53:31,967 | INFO | SpawnProcess-2 | stage1_run4 | Epoch 256 | train_loss=2.6385 | train_acc=0.9931 | test_loss=1.4843 | test_acc=0.9398
2026-05-15 13:53:40,066 | INFO | SpawnProcess-1 | stage1_run3 | Epoch 261 | train_loss=2.9489 | train_acc=0.9921 | test_loss=2.1004 | test_acc=0.8970
2026-05-15 13:53:55,616 | INFO | SpawnProcess-2 | stage1_run4 | Epoch 257 | train_loss=2.3547 | train_acc=0.9942 | test_loss=1.4197 | test_acc=0.9525
2026-05-15 13:54:03,569 | INFO | SpawnProcess-1 | stage1_run3 | Epoch 262 | train_loss=2.9619 | train_acc=0.9923 | test_loss=1.8496 | test_acc=0.9089
2026-05-15 13:54:18,210 | INFO | SpawnProcess-2 | stage1_run4 | Epoch 258 | train_loss=2.1834 | train_acc=0.9946 | test_loss=1.7397 | test_acc=0.9374
2026-05-15 13:54:27,390 | INFO | SpawnProcess-1 | stage1_run3 | Epoch 263 | train_loss=2.3568 | train_acc=0.9934 | test_loss=1.9543 | test_acc=0.9397
2026-05-15 13:54:41,800 | INFO | SpawnProcess-2 | stage1_run4 | Epoch 259 | train_loss=3.4485 | train_acc=0.9913 | test_loss=1.7124 | test_acc=0.9204
2026-05-15 13:54:51,838 | INFO | SpawnProcess-1 | stage1_run3 | Epoch 264 | train_loss=1.8519 | train_acc=0.9951 | test_loss=2.1454 | test_acc=0.8609
2026-05-15 13:55:05,004 | INFO | SpawnProcess-2 | stage1_run4 | Epoch 260 | train_loss=2.9821 | train_acc=0.9925 | test_loss=1.5134 | test_acc=0.9563
2026-05-15 13:55:15,307 | INFO | SpawnProcess-1 | stage1_run3 | Epoch 265 | train_loss=3.9059 | train_acc=0.9900 | test_loss=1.9810 | test_acc=0.8924
2026-05-15 13:55:29,380 | INFO | SpawnProcess-2 | stage1_run4 | Epoch 261 | train_loss=3.5771 | train_acc=0.9908 | test_loss=1.4247 | test_acc=0.9482
2026-05-15 13:55:39,981 | INFO | SpawnProcess-1 | stage1_run3 | Epoch 266 | train_loss=3.6637 | train_acc=0.9908 | test_loss=2.0164 | test_acc=0.9260
2026-05-15 13:55:51,561 | INFO | SpawnProcess-2 | stage1_run4 | Epoch 262 | train_loss=2.9404 | train_acc=0.9923 | test_loss=1.6329 | test_acc=0.9415
2026-05-15 13:56:04,383 | INFO | SpawnProcess-1 | stage1_run3 | Epoch 267 | train_loss=3.4822 | train_acc=0.9909 | test_loss=1.7901 | test_acc=0.8909
2026-05-15 13:56:12,653 | INFO | SpawnProcess-2 | stage1_run4 | Epoch 263 | train_loss=2.6474 | train_acc=0.9934 | test_loss=1.6654 | test_acc=0.9562
2026-05-15 13:56:28,066 | INFO | SpawnProcess-1 | stage1_run3 | Epoch 268 | train_loss=2.4730 | train_acc=0.9932 | test_loss=1.9306 | test_acc=0.9096
2026-05-15 13:56:34,775 | INFO | SpawnProcess-2 | stage1_run4 | Epoch 264 | train_loss=1.9338 | train_acc=0.9951 | test_loss=1.6488 | test_acc=0.9477
2026-05-15 13:56:53,724 | INFO | SpawnProcess-1 | stage1_run3 | Epoch 269 | train_loss=1.9400 | train_acc=0.9949 | test_loss=2.0777 | test_acc=0.9298
2026-05-15 13:56:57,727 | INFO | SpawnProcess-2 | stage1_run4 | Epoch 265 | train_loss=3.7324 | train_acc=0.9906 | test_loss=1.5130 | test_acc=0.9398
2026-05-15 13:57:17,658 | INFO | SpawnProcess-1 | stage1_run3 | Epoch 270 | train_loss=2.5954 | train_acc=0.9933 | test_loss=1.9349 | test_acc=0.9128
2026-05-15 13:57:21,543 | INFO | SpawnProcess-2 | stage1_run4 | Epoch 266 | train_loss=2.1649 | train_acc=0.9948 | test_loss=1.6812 | test_acc=0.9595
2026-05-15 13:57:42,427 | INFO | SpawnProcess-2 | stage1_run4 | Epoch 267 | train_loss=3.6722 | train_acc=0.9904 | test_loss=1.4639 | test_acc=0.9476
2026-05-15 13:57:45,840 | INFO | SpawnProcess-1 | stage1_run3 | Epoch 271 | train_loss=1.8717 | train_acc=0.9953 | test_loss=1.8409 | test_acc=0.9273
2026-05-15 13:58:04,824 | INFO | SpawnProcess-2 | stage1_run4 | Epoch 268 | train_loss=2.9038 | train_acc=0.9923 | test_loss=1.6524 | test_acc=0.9497
2026-05-15 13:58:10,345 | INFO | SpawnProcess-1 | stage1_run3 | Epoch 272 | train_loss=1.7899 | train_acc=0.9953 | test_loss=2.0366 | test_acc=0.9217
2026-05-15 13:58:29,276 | INFO | SpawnProcess-2 | stage1_run4 | Epoch 269 | train_loss=2.7539 | train_acc=0.9932 | test_loss=1.4467 | test_acc=0.9477
2026-05-15 13:58:34,204 | INFO | SpawnProcess-1 | stage1_run3 | Epoch 273 | train_loss=3.5749 | train_acc=0.9905 | test_loss=2.0847 | test_acc=0.9322
2026-05-15 13:58:54,620 | INFO | SpawnProcess-2 | stage1_run4 | Epoch 270 | train_loss=2.6756 | train_acc=0.9932 | test_loss=1.5634 | test_acc=0.9350
2026-05-15 13:58:57,006 | INFO | SpawnProcess-1 | stage1_run3 | Epoch 274 | train_loss=2.2574 | train_acc=0.9943 | test_loss=2.0450 | test_acc=0.9201
2026-05-15 13:59:17,718 | INFO | SpawnProcess-2 | stage1_run4 | Epoch 271 | train_loss=3.9670 | train_acc=0.9898 | test_loss=1.7944 | test_acc=0.9582
2026-05-15 13:59:22,359 | INFO | SpawnProcess-1 | stage1_run3 | Epoch 275 | train_loss=3.4227 | train_acc=0.9910 | test_loss=2.2199 | test_acc=0.8865
2026-05-15 13:59:40,770 | INFO | SpawnProcess-2 | stage1_run4 | Epoch 272 | train_loss=3.6877 | train_acc=0.9901 | test_loss=1.5414 | test_acc=0.9528
2026-05-15 13:59:46,055 | INFO | SpawnProcess-1 | stage1_run3 | Epoch 276 | train_loss=2.8918 | train_acc=0.9923 | test_loss=1.9812 | test_acc=0.9398
2026-05-15 14:00:03,908 | INFO | SpawnProcess-2 | stage1_run4 | Epoch 273 | train_loss=2.5673 | train_acc=0.9933 | test_loss=1.4548 | test_acc=0.9476
2026-05-15 14:00:10,501 | INFO | SpawnProcess-1 | stage1_run3 | Epoch 277 | train_loss=2.5057 | train_acc=0.9935 | test_loss=1.8517 | test_acc=0.9324
2026-05-15 14:00:26,052 | INFO | SpawnProcess-2 | stage1_run4 | Epoch 274 | train_loss=2.1519 | train_acc=0.9948 | test_loss=1.4877 | test_acc=0.9339
2026-05-15 14:00:35,373 | INFO | SpawnProcess-1 | stage1_run3 | Epoch 278 | train_loss=3.2856 | train_acc=0.9915 | test_loss=1.9312 | test_acc=0.8969
2026-05-15 14:00:49,231 | INFO | SpawnProcess-2 | stage1_run4 | Epoch 275 | train_loss=3.0906 | train_acc=0.9917 | test_loss=1.5305 | test_acc=0.9421
2026-05-15 14:00:57,931 | INFO | SpawnProcess-1 | stage1_run3 | Epoch 279 | train_loss=3.0142 | train_acc=0.9919 | test_loss=1.9373 | test_acc=0.9281
2026-05-15 14:01:12,422 | INFO | SpawnProcess-2 | stage1_run4 | Epoch 276 | train_loss=2.9583 | train_acc=0.9922 | test_loss=1.6397 | test_acc=0.9451
2026-05-15 14:01:20,875 | INFO | SpawnProcess-1 | stage1_run3 | Epoch 280 | train_loss=2.0232 | train_acc=0.9949 | test_loss=1.9939 | test_acc=0.9242
2026-05-15 14:01:35,451 | INFO | SpawnProcess-2 | stage1_run4 | Epoch 277 | train_loss=4.2575 | train_acc=0.9890 | test_loss=1.5584 | test_acc=0.9410
2026-05-15 14:01:44,664 | INFO | SpawnProcess-1 | stage1_run3 | Epoch 281 | train_loss=2.7636 | train_acc=0.9932 | test_loss=2.3339 | test_acc=0.8943
2026-05-15 14:01:59,668 | INFO | SpawnProcess-2 | stage1_run4 | Epoch 278 | train_loss=1.9416 | train_acc=0.9951 | test_loss=1.5713 | test_acc=0.9414
2026-05-15 14:02:08,389 | INFO | SpawnProcess-1 | stage1_run3 | Epoch 282 | train_loss=3.0224 | train_acc=0.9923 | test_loss=1.8516 | test_acc=0.9315
2026-05-15 14:02:24,618 | INFO | SpawnProcess-2 | stage1_run4 | Epoch 279 | train_loss=1.8718 | train_acc=0.9952 | test_loss=1.6138 | test_acc=0.9566
2026-05-15 14:02:31,944 | INFO | SpawnProcess-1 | stage1_run3 | Epoch 283 | train_loss=2.3639 | train_acc=0.9942 | test_loss=2.2453 | test_acc=0.9199
2026-05-15 14:02:49,113 | INFO | SpawnProcess-2 | stage1_run4 | Epoch 280 | train_loss=2.1190 | train_acc=0.9949 | test_loss=1.6745 | test_acc=0.9384
2026-05-15 14:02:56,089 | INFO | SpawnProcess-1 | stage1_run3 | Epoch 284 | train_loss=3.6451 | train_acc=0.9906 | test_loss=2.5313 | test_acc=0.9225
2026-05-15 14:03:13,992 | INFO | SpawnProcess-2 | stage1_run4 | Epoch 281 | train_loss=2.2101 | train_acc=0.9941 | test_loss=1.5840 | test_acc=0.9290
2026-05-15 14:03:19,836 | INFO | SpawnProcess-1 | stage1_run3 | Epoch 285 | train_loss=2.9972 | train_acc=0.9917 | test_loss=2.0918 | test_acc=0.8917
2026-05-15 14:03:37,969 | INFO | SpawnProcess-2 | stage1_run4 | Epoch 282 | train_loss=2.6087 | train_acc=0.9930 | test_loss=1.7806 | test_acc=0.9133
2026-05-15 14:03:43,195 | INFO | SpawnProcess-1 | stage1_run3 | Epoch 286 | train_loss=2.3901 | train_acc=0.9938 | test_loss=2.0834 | test_acc=0.9218
2026-05-15 14:04:02,968 | INFO | SpawnProcess-2 | stage1_run4 | Epoch 283 | train_loss=2.0161 | train_acc=0.9947 | test_loss=1.7838 | test_acc=0.9146
2026-05-15 14:04:09,918 | INFO | SpawnProcess-1 | stage1_run3 | Epoch 287 | train_loss=2.4331 | train_acc=0.9934 | test_loss=1.8137 | test_acc=0.9288
2026-05-15 14:04:28,960 | INFO | SpawnProcess-2 | stage1_run4 | Epoch 284 | train_loss=4.2829 | train_acc=0.9893 | test_loss=1.4180 | test_acc=0.9552
2026-05-15 14:04:36,461 | INFO | SpawnProcess-1 | stage1_run3 | Epoch 288 | train_loss=1.4897 | train_acc=0.9963 | test_loss=1.8749 | test_acc=0.9150
2026-05-15 14:04:54,872 | INFO | SpawnProcess-2 | stage1_run4 | Epoch 285 | train_loss=3.1256 | train_acc=0.9920 | test_loss=3.0537 | test_acc=0.8832
2026-05-15 14:04:58,844 | INFO | SpawnProcess-1 | stage1_run3 | Epoch 289 | train_loss=1.6970 | train_acc=0.9956 | test_loss=1.9187 | test_acc=0.9114
2026-05-15 14:05:20,041 | INFO | SpawnProcess-2 | stage1_run4 | Epoch 286 | train_loss=2.8728 | train_acc=0.9925 | test_loss=1.5464 | test_acc=0.9243
2026-05-15 14:05:22,307 | INFO | SpawnProcess-1 | stage1_run3 | Epoch 290 | train_loss=2.8896 | train_acc=0.9924 | test_loss=1.9835 | test_acc=0.9141
2026-05-15 14:05:41,767 | INFO | SpawnProcess-2 | stage1_run4 | Epoch 287 | train_loss=2.0013 | train_acc=0.9949 | test_loss=1.4863 | test_acc=0.9566
2026-05-15 14:05:46,269 | INFO | SpawnProcess-1 | stage1_run3 | Epoch 291 | train_loss=2.6676 | train_acc=0.9931 | test_loss=2.0271 | test_acc=0.9110
2026-05-15 14:06:07,016 | INFO | SpawnProcess-2 | stage1_run4 | Epoch 288 | train_loss=2.7326 | train_acc=0.9933 | test_loss=1.5751 | test_acc=0.9512
2026-05-15 14:06:08,741 | INFO | SpawnProcess-1 | stage1_run3 | Epoch 292 | train_loss=2.3472 | train_acc=0.9937 | test_loss=1.8691 | test_acc=0.9061
2026-05-15 14:06:28,915 | INFO | SpawnProcess-2 | stage1_run4 | Epoch 289 | train_loss=2.2758 | train_acc=0.9943 | test_loss=1.7746 | test_acc=0.9458
2026-05-15 14:06:31,696 | INFO | SpawnProcess-1 | stage1_run3 | Epoch 293 | train_loss=2.2565 | train_acc=0.9945 | test_loss=1.9267 | test_acc=0.9081
2026-05-15 14:06:52,204 | INFO | SpawnProcess-2 | stage1_run4 | Epoch 290 | train_loss=2.5554 | train_acc=0.9932 | test_loss=1.8647 | test_acc=0.9045
2026-05-15 14:06:55,033 | INFO | SpawnProcess-1 | stage1_run3 | Epoch 294 | train_loss=2.4815 | train_acc=0.9933 | test_loss=1.8796 | test_acc=0.9091
2026-05-15 14:07:13,220 | INFO | SpawnProcess-2 | stage1_run4 | Epoch 291 | train_loss=2.7023 | train_acc=0.9933 | test_loss=1.4248 | test_acc=0.9528
2026-05-15 14:07:17,412 | INFO | SpawnProcess-1 | stage1_run3 | Epoch 295 | train_loss=1.2862 | train_acc=0.9970 | test_loss=1.8266 | test_acc=0.9181
2026-05-15 14:07:36,071 | INFO | SpawnProcess-2 | stage1_run4 | Epoch 292 | train_loss=1.8881 | train_acc=0.9952 | test_loss=1.4934 | test_acc=0.9645
2026-05-15 14:07:43,148 | INFO | SpawnProcess-1 | stage1_run3 | Epoch 296 | train_loss=1.0753 | train_acc=0.9974 | test_loss=1.7733 | test_acc=0.9308
2026-05-15 14:07:59,009 | INFO | SpawnProcess-2 | stage1_run4 | Epoch 293 | train_loss=2.6682 | train_acc=0.9931 | test_loss=2.2313 | test_acc=0.9300
2026-05-15 14:08:06,980 | INFO | SpawnProcess-1 | stage1_run3 | Epoch 297 | train_loss=2.0484 | train_acc=0.9947 | test_loss=2.2695 | test_acc=0.9332
2026-05-15 14:08:21,805 | INFO | SpawnProcess-2 | stage1_run4 | Epoch 294 | train_loss=3.6342 | train_acc=0.9908 | test_loss=1.6208 | test_acc=0.9536
2026-05-15 14:08:29,123 | INFO | SpawnProcess-1 | stage1_run3 | Epoch 298 | train_loss=2.9456 | train_acc=0.9922 | test_loss=2.2537 | test_acc=0.8810
2026-05-15 14:08:45,407 | INFO | SpawnProcess-2 | stage1_run4 | Epoch 295 | train_loss=3.6381 | train_acc=0.9903 | test_loss=1.8752 | test_acc=0.9403
2026-05-15 14:08:52,030 | INFO | SpawnProcess-1 | stage1_run3 | Epoch 299 | train_loss=3.1428 | train_acc=0.9918 | test_loss=2.0145 | test_acc=0.8849
2026-05-15 14:09:07,977 | INFO | SpawnProcess-2 | stage1_run4 | Epoch 296 | train_loss=3.5908 | train_acc=0.9910 | test_loss=1.4982 | test_acc=0.9429
2026-05-15 14:09:16,827 | INFO | SpawnProcess-1 | stage1_run3 | Epoch 300 | train_loss=2.5044 | train_acc=0.9936 | test_loss=1.8660 | test_acc=0.9184
2026-05-15 14:09:31,934 | INFO | SpawnProcess-2 | stage1_run4 | Epoch 297 | train_loss=2.8101 | train_acc=0.9926 | test_loss=1.7296 | test_acc=0.9505
2026-05-15 14:09:32,271 | INFO | SpawnProcess-1 | stage1_run3 | Final train_eval_loss=1.3342 | train_eval_acc=0.9353
2026-05-15 14:09:32,304 | INFO | SpawnProcess-1 | stage1_run3 | checkpoint=runs/l_mnist_gfr_per_seed_20260515_100137/gfr_lmnist_stage1_run3.pt | complete
2026-05-15 14:09:32,315 | INFO | Completed stage1_run3 on GPU 4
2026-05-15 14:09:32,328 | INFO | SpawnProcess-1 | stage1_run5 | assigned_gpu=4 | seed=1238
2026-05-15 14:09:32,561 | INFO | SpawnProcess-1 | stage1_run5 | trainable_params=11534 | epochs=300
2026-05-15 14:09:54,562 | INFO | SpawnProcess-1 | stage1_run5 | Epoch 001 | train_loss=226.2123 | train_acc=0.2820 | test_loss=29.9437 | test_acc=0.1591
2026-05-15 14:09:55,706 | INFO | SpawnProcess-2 | stage1_run4 | Epoch 298 | train_loss=1.7648 | train_acc=0.9957 | test_loss=1.4577 | test_acc=0.9608
2026-05-15 14:10:18,718 | INFO | SpawnProcess-1 | stage1_run5 | Epoch 002 | train_loss=156.4536 | train_acc=0.5077 | test_loss=23.3612 | test_acc=0.2305
2026-05-15 14:10:18,867 | INFO | SpawnProcess-2 | stage1_run4 | Epoch 299 | train_loss=2.2123 | train_acc=0.9941 | test_loss=1.7316 | test_acc=0.9381
2026-05-15 14:10:40,434 | INFO | SpawnProcess-1 | stage1_run5 | Epoch 003 | train_loss=122.4988 | train_acc=0.6217 | test_loss=19.0914 | test_acc=0.4160
2026-05-15 14:10:42,560 | INFO | SpawnProcess-2 | stage1_run4 | Epoch 300 | train_loss=1.9231 | train_acc=0.9951 | test_loss=1.5705 | test_acc=0.9399
2026-05-15 14:10:58,599 | INFO | SpawnProcess-2 | stage1_run4 | Final train_eval_loss=1.4980 | train_eval_acc=0.9526
2026-05-15 14:10:58,647 | INFO | SpawnProcess-2 | stage1_run4 | checkpoint=runs/l_mnist_gfr_per_seed_20260515_100137/gfr_lmnist_stage1_run4.pt | complete
2026-05-15 14:10:58,657 | INFO | Completed stage1_run4 on GPU 5
2026-05-15 14:11:02,371 | INFO | SpawnProcess-1 | stage1_run5 | Epoch 004 | train_loss=100.9794 | train_acc=0.6921 | test_loss=16.0875 | test_acc=0.4260
2026-05-15 14:11:18,217 | INFO | SpawnProcess-1 | stage1_run5 | Epoch 005 | train_loss=84.2788 | train_acc=0.7569 | test_loss=13.9519 | test_acc=0.5706
2026-05-15 14:11:38,377 | INFO | SpawnProcess-1 | stage1_run5 | Epoch 006 | train_loss=71.0617 | train_acc=0.8100 | test_loss=11.0724 | test_acc=0.5973
2026-05-15 14:11:54,472 | INFO | SpawnProcess-1 | stage1_run5 | Epoch 007 | train_loss=58.3262 | train_acc=0.8499 | test_loss=8.9849 | test_acc=0.6068
2026-05-15 14:12:10,126 | INFO | SpawnProcess-1 | stage1_run5 | Epoch 008 | train_loss=49.3554 | train_acc=0.8745 | test_loss=7.7733 | test_acc=0.6739
2026-05-15 14:12:26,021 | INFO | SpawnProcess-1 | stage1_run5 | Epoch 009 | train_loss=45.4355 | train_acc=0.8838 | test_loss=8.1598 | test_acc=0.6688
2026-05-15 14:12:41,905 | INFO | SpawnProcess-1 | stage1_run5 | Epoch 010 | train_loss=41.0776 | train_acc=0.8975 | test_loss=6.4074 | test_acc=0.6571
2026-05-15 14:12:57,667 | INFO | SpawnProcess-1 | stage1_run5 | Epoch 011 | train_loss=38.1488 | train_acc=0.9043 | test_loss=6.0345 | test_acc=0.7210
2026-05-15 14:13:13,812 | INFO | SpawnProcess-1 | stage1_run5 | Epoch 012 | train_loss=35.7186 | train_acc=0.9114 | test_loss=5.3384 | test_acc=0.7164
2026-05-15 14:13:29,652 | INFO | SpawnProcess-1 | stage1_run5 | Epoch 013 | train_loss=32.3485 | train_acc=0.9212 | test_loss=6.1195 | test_acc=0.6316
2026-05-15 14:13:45,652 | INFO | SpawnProcess-1 | stage1_run5 | Epoch 014 | train_loss=30.5697 | train_acc=0.9243 | test_loss=5.0443 | test_acc=0.7742
2026-05-15 14:14:01,834 | INFO | SpawnProcess-1 | stage1_run5 | Epoch 015 | train_loss=29.1564 | train_acc=0.9288 | test_loss=5.1061 | test_acc=0.8274
2026-05-15 14:14:17,624 | INFO | SpawnProcess-1 | stage1_run5 | Epoch 016 | train_loss=28.1160 | train_acc=0.9306 | test_loss=4.5489 | test_acc=0.7512
2026-05-15 14:14:33,570 | INFO | SpawnProcess-1 | stage1_run5 | Epoch 017 | train_loss=27.2406 | train_acc=0.9334 | test_loss=4.4047 | test_acc=0.7903
2026-05-15 14:14:50,148 | INFO | SpawnProcess-1 | stage1_run5 | Epoch 018 | train_loss=25.2533 | train_acc=0.9386 | test_loss=4.2158 | test_acc=0.7804
2026-05-15 14:15:06,304 | INFO | SpawnProcess-1 | stage1_run5 | Epoch 019 | train_loss=24.6983 | train_acc=0.9394 | test_loss=4.3912 | test_acc=0.8002
2026-05-15 14:15:22,133 | INFO | SpawnProcess-1 | stage1_run5 | Epoch 020 | train_loss=24.9206 | train_acc=0.9397 | test_loss=4.3015 | test_acc=0.7903
2026-05-15 14:15:37,388 | INFO | SpawnProcess-1 | stage1_run5 | Epoch 021 | train_loss=23.2932 | train_acc=0.9437 | test_loss=4.5710 | test_acc=0.7748
2026-05-15 14:15:53,393 | INFO | SpawnProcess-1 | stage1_run5 | Epoch 022 | train_loss=22.5268 | train_acc=0.9456 | test_loss=5.2846 | test_acc=0.6466
2026-05-15 14:16:09,175 | INFO | SpawnProcess-1 | stage1_run5 | Epoch 023 | train_loss=21.5409 | train_acc=0.9480 | test_loss=4.1068 | test_acc=0.7477
2026-05-15 14:16:25,445 | INFO | SpawnProcess-1 | stage1_run5 | Epoch 024 | train_loss=20.8170 | train_acc=0.9488 | test_loss=3.7448 | test_acc=0.8187
2026-05-15 14:16:41,349 | INFO | SpawnProcess-1 | stage1_run5 | Epoch 025 | train_loss=20.3312 | train_acc=0.9505 | test_loss=4.1192 | test_acc=0.7579
2026-05-15 14:16:57,396 | INFO | SpawnProcess-1 | stage1_run5 | Epoch 026 | train_loss=19.8300 | train_acc=0.9519 | test_loss=3.9236 | test_acc=0.7841
2026-05-15 14:17:13,313 | INFO | SpawnProcess-1 | stage1_run5 | Epoch 027 | train_loss=19.1172 | train_acc=0.9537 | test_loss=3.6395 | test_acc=0.8081
2026-05-15 14:17:29,255 | INFO | SpawnProcess-1 | stage1_run5 | Epoch 028 | train_loss=19.9143 | train_acc=0.9511 | test_loss=3.4179 | test_acc=0.7845
2026-05-15 14:17:44,808 | INFO | SpawnProcess-1 | stage1_run5 | Epoch 029 | train_loss=18.2196 | train_acc=0.9556 | test_loss=3.3788 | test_acc=0.8463
2026-05-15 14:18:00,848 | INFO | SpawnProcess-1 | stage1_run5 | Epoch 030 | train_loss=18.8590 | train_acc=0.9533 | test_loss=4.0010 | test_acc=0.7168
2026-05-15 14:18:17,228 | INFO | SpawnProcess-1 | stage1_run5 | Epoch 031 | train_loss=16.6351 | train_acc=0.9592 | test_loss=3.0325 | test_acc=0.8077
2026-05-15 14:18:33,430 | INFO | SpawnProcess-1 | stage1_run5 | Epoch 032 | train_loss=16.3481 | train_acc=0.9604 | test_loss=3.2908 | test_acc=0.8014
2026-05-15 14:18:49,046 | INFO | SpawnProcess-1 | stage1_run5 | Epoch 033 | train_loss=16.6477 | train_acc=0.9594 | test_loss=3.3740 | test_acc=0.8101
2026-05-15 14:19:05,373 | INFO | SpawnProcess-1 | stage1_run5 | Epoch 034 | train_loss=15.7243 | train_acc=0.9617 | test_loss=2.8886 | test_acc=0.8600
2026-05-15 14:19:21,112 | INFO | SpawnProcess-1 | stage1_run5 | Epoch 035 | train_loss=15.8428 | train_acc=0.9615 | test_loss=2.9364 | test_acc=0.8267
2026-05-15 14:19:36,632 | INFO | SpawnProcess-1 | stage1_run5 | Epoch 036 | train_loss=15.0122 | train_acc=0.9631 | test_loss=2.8475 | test_acc=0.8031
2026-05-15 14:19:52,585 | INFO | SpawnProcess-1 | stage1_run5 | Epoch 037 | train_loss=15.0655 | train_acc=0.9626 | test_loss=2.9644 | test_acc=0.7945
2026-05-15 14:20:08,425 | INFO | SpawnProcess-1 | stage1_run5 | Epoch 038 | train_loss=15.1696 | train_acc=0.9628 | test_loss=3.2304 | test_acc=0.8376
2026-05-15 14:20:24,409 | INFO | SpawnProcess-1 | stage1_run5 | Epoch 039 | train_loss=15.1981 | train_acc=0.9624 | test_loss=2.9706 | test_acc=0.8225
2026-05-15 14:20:40,258 | INFO | SpawnProcess-1 | stage1_run5 | Epoch 040 | train_loss=14.3167 | train_acc=0.9656 | test_loss=3.1023 | test_acc=0.8563
2026-05-15 14:20:56,027 | INFO | SpawnProcess-1 | stage1_run5 | Epoch 041 | train_loss=13.9751 | train_acc=0.9655 | test_loss=2.9520 | test_acc=0.8210
2026-05-15 14:21:12,241 | INFO | SpawnProcess-1 | stage1_run5 | Epoch 042 | train_loss=14.1996 | train_acc=0.9653 | test_loss=2.8737 | test_acc=0.8411
2026-05-15 14:21:27,784 | INFO | SpawnProcess-1 | stage1_run5 | Epoch 043 | train_loss=13.1771 | train_acc=0.9671 | test_loss=2.9244 | test_acc=0.8465
2026-05-15 14:21:43,558 | INFO | SpawnProcess-1 | stage1_run5 | Epoch 044 | train_loss=13.5895 | train_acc=0.9664 | test_loss=2.7534 | test_acc=0.8170
2026-05-15 14:21:59,596 | INFO | SpawnProcess-1 | stage1_run5 | Epoch 045 | train_loss=13.0301 | train_acc=0.9672 | test_loss=2.7903 | test_acc=0.8335
2026-05-15 14:22:15,280 | INFO | SpawnProcess-1 | stage1_run5 | Epoch 046 | train_loss=12.4733 | train_acc=0.9694 | test_loss=2.5724 | test_acc=0.7999
2026-05-15 14:22:31,333 | INFO | SpawnProcess-1 | stage1_run5 | Epoch 047 | train_loss=12.3476 | train_acc=0.9699 | test_loss=2.8039 | test_acc=0.8533
2026-05-15 14:22:47,247 | INFO | SpawnProcess-1 | stage1_run5 | Epoch 048 | train_loss=13.2011 | train_acc=0.9671 | test_loss=2.6341 | test_acc=0.8413
2026-05-15 14:23:03,450 | INFO | SpawnProcess-1 | stage1_run5 | Epoch 049 | train_loss=12.1137 | train_acc=0.9701 | test_loss=2.5185 | test_acc=0.8590
2026-05-15 14:23:19,286 | INFO | SpawnProcess-1 | stage1_run5 | Epoch 050 | train_loss=12.5173 | train_acc=0.9691 | test_loss=2.8680 | test_acc=0.7840
2026-05-15 14:23:36,906 | INFO | SpawnProcess-1 | stage1_run5 | Epoch 051 | train_loss=12.6338 | train_acc=0.9689 | test_loss=3.2491 | test_acc=0.8587
2026-05-15 14:23:54,497 | INFO | SpawnProcess-1 | stage1_run5 | Epoch 052 | train_loss=12.3212 | train_acc=0.9699 | test_loss=2.5679 | test_acc=0.8609
2026-05-15 14:24:12,594 | INFO | SpawnProcess-1 | stage1_run5 | Epoch 053 | train_loss=12.2652 | train_acc=0.9698 | test_loss=3.0115 | test_acc=0.8484
2026-05-15 14:24:29,464 | INFO | SpawnProcess-1 | stage1_run5 | Epoch 054 | train_loss=12.7045 | train_acc=0.9695 | test_loss=2.8402 | test_acc=0.8597
2026-05-15 14:24:45,210 | INFO | SpawnProcess-1 | stage1_run5 | Epoch 055 | train_loss=11.7931 | train_acc=0.9709 | test_loss=2.5831 | test_acc=0.8694
2026-05-15 14:25:01,255 | INFO | SpawnProcess-1 | stage1_run5 | Epoch 056 | train_loss=12.0438 | train_acc=0.9705 | test_loss=2.6978 | test_acc=0.8480
2026-05-15 14:25:17,029 | INFO | SpawnProcess-1 | stage1_run5 | Epoch 057 | train_loss=10.8874 | train_acc=0.9728 | test_loss=3.8401 | test_acc=0.7493
2026-05-15 14:25:33,201 | INFO | SpawnProcess-1 | stage1_run5 | Epoch 058 | train_loss=11.5006 | train_acc=0.9722 | test_loss=3.7170 | test_acc=0.8486
2026-05-15 14:25:49,154 | INFO | SpawnProcess-1 | stage1_run5 | Epoch 059 | train_loss=11.4506 | train_acc=0.9719 | test_loss=3.3737 | test_acc=0.8587
2026-05-15 14:26:05,075 | INFO | SpawnProcess-1 | stage1_run5 | Epoch 060 | train_loss=11.0028 | train_acc=0.9726 | test_loss=2.3990 | test_acc=0.8706
2026-05-15 14:26:20,883 | INFO | SpawnProcess-1 | stage1_run5 | Epoch 061 | train_loss=10.4246 | train_acc=0.9741 | test_loss=2.8950 | test_acc=0.7905
2026-05-15 14:26:36,990 | INFO | SpawnProcess-1 | stage1_run5 | Epoch 062 | train_loss=10.7283 | train_acc=0.9733 | test_loss=2.2109 | test_acc=0.8917
2026-05-15 14:26:52,863 | INFO | SpawnProcess-1 | stage1_run5 | Epoch 063 | train_loss=10.8329 | train_acc=0.9728 | test_loss=2.4220 | test_acc=0.8308
2026-05-15 14:27:08,717 | INFO | SpawnProcess-1 | stage1_run5 | Epoch 064 | train_loss=10.4017 | train_acc=0.9736 | test_loss=2.2908 | test_acc=0.8717
2026-05-15 14:27:24,403 | INFO | SpawnProcess-1 | stage1_run5 | Epoch 065 | train_loss=10.7488 | train_acc=0.9732 | test_loss=2.5312 | test_acc=0.8850
2026-05-15 14:27:40,881 | INFO | SpawnProcess-1 | stage1_run5 | Epoch 066 | train_loss=10.3338 | train_acc=0.9748 | test_loss=2.5425 | test_acc=0.8734
2026-05-15 14:27:57,593 | INFO | SpawnProcess-1 | stage1_run5 | Epoch 067 | train_loss=10.5085 | train_acc=0.9732 | test_loss=2.3679 | test_acc=0.8557
2026-05-15 14:28:13,451 | INFO | SpawnProcess-1 | stage1_run5 | Epoch 068 | train_loss=9.8811 | train_acc=0.9748 | test_loss=2.3800 | test_acc=0.8482
2026-05-15 14:28:29,454 | INFO | SpawnProcess-1 | stage1_run5 | Epoch 069 | train_loss=10.4411 | train_acc=0.9741 | test_loss=2.2652 | test_acc=0.8285
2026-05-15 14:28:44,880 | INFO | SpawnProcess-1 | stage1_run5 | Epoch 070 | train_loss=9.2576 | train_acc=0.9768 | test_loss=2.2158 | test_acc=0.8870
2026-05-15 14:29:00,771 | INFO | SpawnProcess-1 | stage1_run5 | Epoch 071 | train_loss=9.6851 | train_acc=0.9759 | test_loss=2.4483 | test_acc=0.8515
2026-05-15 14:29:16,833 | INFO | SpawnProcess-1 | stage1_run5 | Epoch 072 | train_loss=9.7318 | train_acc=0.9760 | test_loss=2.8947 | test_acc=0.7886
2026-05-15 14:29:32,825 | INFO | SpawnProcess-1 | stage1_run5 | Epoch 073 | train_loss=10.4277 | train_acc=0.9741 | test_loss=2.4034 | test_acc=0.8566
2026-05-15 14:29:48,766 | INFO | SpawnProcess-1 | stage1_run5 | Epoch 074 | train_loss=9.5987 | train_acc=0.9762 | test_loss=2.4387 | test_acc=0.8720
2026-05-15 14:30:04,955 | INFO | SpawnProcess-1 | stage1_run5 | Epoch 075 | train_loss=9.5001 | train_acc=0.9762 | test_loss=2.8234 | test_acc=0.8753
2026-05-15 14:30:21,359 | INFO | SpawnProcess-1 | stage1_run5 | Epoch 076 | train_loss=8.9113 | train_acc=0.9778 | test_loss=2.1361 | test_acc=0.9025
2026-05-15 14:30:37,437 | INFO | SpawnProcess-1 | stage1_run5 | Epoch 077 | train_loss=9.8934 | train_acc=0.9751 | test_loss=2.1076 | test_acc=0.9020
2026-05-15 14:30:53,712 | INFO | SpawnProcess-1 | stage1_run5 | Epoch 078 | train_loss=9.1673 | train_acc=0.9767 | test_loss=2.3521 | test_acc=0.8783
2026-05-15 14:31:09,593 | INFO | SpawnProcess-1 | stage1_run5 | Epoch 079 | train_loss=8.9943 | train_acc=0.9772 | test_loss=2.2968 | test_acc=0.8083
2026-05-15 14:31:25,481 | INFO | SpawnProcess-1 | stage1_run5 | Epoch 080 | train_loss=9.2166 | train_acc=0.9771 | test_loss=2.0897 | test_acc=0.8596
2026-05-15 14:31:41,213 | INFO | SpawnProcess-1 | stage1_run5 | Epoch 081 | train_loss=8.6425 | train_acc=0.9778 | test_loss=2.8133 | test_acc=0.8308
2026-05-15 14:31:57,236 | INFO | SpawnProcess-1 | stage1_run5 | Epoch 082 | train_loss=8.7664 | train_acc=0.9787 | test_loss=2.5806 | test_acc=0.9117
2026-05-15 14:32:13,194 | INFO | SpawnProcess-1 | stage1_run5 | Epoch 083 | train_loss=8.9639 | train_acc=0.9770 | test_loss=2.6400 | test_acc=0.8509
2026-05-15 14:32:29,037 | INFO | SpawnProcess-1 | stage1_run5 | Epoch 084 | train_loss=9.1106 | train_acc=0.9767 | test_loss=2.2231 | test_acc=0.8860
2026-05-15 14:32:45,189 | INFO | SpawnProcess-1 | stage1_run5 | Epoch 085 | train_loss=8.3990 | train_acc=0.9794 | test_loss=2.4193 | test_acc=0.8548
2026-05-15 14:33:01,035 | INFO | SpawnProcess-1 | stage1_run5 | Epoch 086 | train_loss=8.5978 | train_acc=0.9783 | test_loss=2.3848 | test_acc=0.8978
2026-05-15 14:33:17,123 | INFO | SpawnProcess-1 | stage1_run5 | Epoch 087 | train_loss=8.2164 | train_acc=0.9793 | test_loss=2.0941 | test_acc=0.8804
2026-05-15 14:33:33,406 | INFO | SpawnProcess-1 | stage1_run5 | Epoch 088 | train_loss=8.5234 | train_acc=0.9783 | test_loss=2.5419 | test_acc=0.8569
2026-05-15 14:33:49,208 | INFO | SpawnProcess-1 | stage1_run5 | Epoch 089 | train_loss=8.2443 | train_acc=0.9793 | test_loss=2.1873 | test_acc=0.8795
2026-05-15 14:34:05,394 | INFO | SpawnProcess-1 | stage1_run5 | Epoch 090 | train_loss=8.6324 | train_acc=0.9786 | test_loss=2.0739 | test_acc=0.8530
2026-05-15 14:34:21,409 | INFO | SpawnProcess-1 | stage1_run5 | Epoch 091 | train_loss=8.7593 | train_acc=0.9779 | test_loss=2.1085 | test_acc=0.8773
2026-05-15 14:34:37,402 | INFO | SpawnProcess-1 | stage1_run5 | Epoch 092 | train_loss=7.8780 | train_acc=0.9798 | test_loss=2.4641 | test_acc=0.8821
2026-05-15 14:34:53,457 | INFO | SpawnProcess-1 | stage1_run5 | Epoch 093 | train_loss=7.8769 | train_acc=0.9802 | test_loss=2.0058 | test_acc=0.8586
2026-05-15 14:35:09,868 | INFO | SpawnProcess-1 | stage1_run5 | Epoch 094 | train_loss=8.0705 | train_acc=0.9795 | test_loss=2.3105 | test_acc=0.8317
2026-05-15 14:35:26,219 | INFO | SpawnProcess-1 | stage1_run5 | Epoch 095 | train_loss=8.0405 | train_acc=0.9792 | test_loss=2.4892 | test_acc=0.8744
2026-05-15 14:35:42,195 | INFO | SpawnProcess-1 | stage1_run5 | Epoch 096 | train_loss=8.0667 | train_acc=0.9799 | test_loss=2.2461 | test_acc=0.8756
2026-05-15 14:35:57,851 | INFO | SpawnProcess-1 | stage1_run5 | Epoch 097 | train_loss=7.8863 | train_acc=0.9797 | test_loss=2.4928 | test_acc=0.8052
2026-05-15 14:36:13,624 | INFO | SpawnProcess-1 | stage1_run5 | Epoch 098 | train_loss=8.0501 | train_acc=0.9797 | test_loss=2.1439 | test_acc=0.8698
2026-05-15 14:36:29,772 | INFO | SpawnProcess-1 | stage1_run5 | Epoch 099 | train_loss=7.2189 | train_acc=0.9816 | test_loss=2.1535 | test_acc=0.8687
2026-05-15 14:36:45,395 | INFO | SpawnProcess-1 | stage1_run5 | Epoch 100 | train_loss=7.0346 | train_acc=0.9827 | test_loss=2.0632 | test_acc=0.8801
2026-05-15 14:37:01,697 | INFO | SpawnProcess-1 | stage1_run5 | Epoch 101 | train_loss=8.0656 | train_acc=0.9802 | test_loss=2.0997 | test_acc=0.8738
2026-05-15 14:37:17,848 | INFO | SpawnProcess-1 | stage1_run5 | Epoch 102 | train_loss=8.2981 | train_acc=0.9792 | test_loss=2.5656 | test_acc=0.8956
2026-05-15 14:37:33,813 | INFO | SpawnProcess-1 | stage1_run5 | Epoch 103 | train_loss=7.6357 | train_acc=0.9809 | test_loss=2.3220 | test_acc=0.8261
2026-05-15 14:37:49,726 | INFO | SpawnProcess-1 | stage1_run5 | Epoch 104 | train_loss=7.7227 | train_acc=0.9806 | test_loss=2.3464 | test_acc=0.8862
2026-05-15 14:38:05,883 | INFO | SpawnProcess-1 | stage1_run5 | Epoch 105 | train_loss=7.4344 | train_acc=0.9812 | test_loss=2.1568 | test_acc=0.8031
2026-05-15 14:38:21,427 | INFO | SpawnProcess-1 | stage1_run5 | Epoch 106 | train_loss=7.2810 | train_acc=0.9812 | test_loss=2.3649 | test_acc=0.8804
2026-05-15 14:38:37,410 | INFO | SpawnProcess-1 | stage1_run5 | Epoch 107 | train_loss=7.9920 | train_acc=0.9801 | test_loss=1.9702 | test_acc=0.9058
2026-05-15 14:38:53,655 | INFO | SpawnProcess-1 | stage1_run5 | Epoch 108 | train_loss=6.9746 | train_acc=0.9824 | test_loss=2.2238 | test_acc=0.8586
2026-05-15 14:39:09,893 | INFO | SpawnProcess-1 | stage1_run5 | Epoch 109 | train_loss=6.8182 | train_acc=0.9826 | test_loss=1.9541 | test_acc=0.8902
2026-05-15 14:39:25,830 | INFO | SpawnProcess-1 | stage1_run5 | Epoch 110 | train_loss=6.9900 | train_acc=0.9820 | test_loss=3.3297 | test_acc=0.7947
2026-05-15 14:39:41,769 | INFO | SpawnProcess-1 | stage1_run5 | Epoch 111 | train_loss=7.6302 | train_acc=0.9807 | test_loss=1.8945 | test_acc=0.8763
2026-05-15 14:39:57,800 | INFO | SpawnProcess-1 | stage1_run5 | Epoch 112 | train_loss=6.6217 | train_acc=0.9828 | test_loss=2.0439 | test_acc=0.8666
2026-05-15 14:40:13,744 | INFO | SpawnProcess-1 | stage1_run5 | Epoch 113 | train_loss=7.8392 | train_acc=0.9801 | test_loss=1.9836 | test_acc=0.8764
2026-05-15 14:40:30,195 | INFO | SpawnProcess-1 | stage1_run5 | Epoch 114 | train_loss=6.6617 | train_acc=0.9832 | test_loss=2.3245 | test_acc=0.9136
2026-05-15 14:40:46,298 | INFO | SpawnProcess-1 | stage1_run5 | Epoch 115 | train_loss=7.1685 | train_acc=0.9814 | test_loss=2.2475 | test_acc=0.8752
2026-05-15 14:41:02,349 | INFO | SpawnProcess-1 | stage1_run5 | Epoch 116 | train_loss=6.4661 | train_acc=0.9840 | test_loss=2.3540 | test_acc=0.8385
2026-05-15 14:41:18,397 | INFO | SpawnProcess-1 | stage1_run5 | Epoch 117 | train_loss=8.0021 | train_acc=0.9801 | test_loss=2.4188 | test_acc=0.8249
2026-05-15 14:41:34,456 | INFO | SpawnProcess-1 | stage1_run5 | Epoch 118 | train_loss=6.6988 | train_acc=0.9838 | test_loss=2.6035 | test_acc=0.8727
2026-05-15 14:41:50,537 | INFO | SpawnProcess-1 | stage1_run5 | Epoch 119 | train_loss=6.4920 | train_acc=0.9841 | test_loss=1.9893 | test_acc=0.8685
2026-05-15 14:42:06,478 | INFO | SpawnProcess-1 | stage1_run5 | Epoch 120 | train_loss=6.4450 | train_acc=0.9835 | test_loss=2.2945 | test_acc=0.8665
2026-05-15 14:42:22,493 | INFO | SpawnProcess-1 | stage1_run5 | Epoch 121 | train_loss=9.1019 | train_acc=0.9777 | test_loss=2.6422 | test_acc=0.8323
2026-05-15 14:42:38,691 | INFO | SpawnProcess-1 | stage1_run5 | Epoch 122 | train_loss=6.5530 | train_acc=0.9829 | test_loss=2.0832 | test_acc=0.8655
2026-05-15 14:42:54,973 | INFO | SpawnProcess-1 | stage1_run5 | Epoch 123 | train_loss=5.9103 | train_acc=0.9849 | test_loss=2.1769 | test_acc=0.8354
2026-05-15 14:43:10,819 | INFO | SpawnProcess-1 | stage1_run5 | Epoch 124 | train_loss=6.5169 | train_acc=0.9832 | test_loss=2.2072 | test_acc=0.8353
2026-05-15 14:43:26,925 | INFO | SpawnProcess-1 | stage1_run5 | Epoch 125 | train_loss=6.2149 | train_acc=0.9845 | test_loss=2.5587 | test_acc=0.8673
2026-05-15 14:43:43,355 | INFO | SpawnProcess-1 | stage1_run5 | Epoch 126 | train_loss=6.2268 | train_acc=0.9839 | test_loss=2.2561 | test_acc=0.8800
2026-05-15 14:43:59,143 | INFO | SpawnProcess-1 | stage1_run5 | Epoch 127 | train_loss=6.0427 | train_acc=0.9848 | test_loss=2.1121 | test_acc=0.8536
2026-05-15 14:44:15,232 | INFO | SpawnProcess-1 | stage1_run5 | Epoch 128 | train_loss=6.9266 | train_acc=0.9832 | test_loss=2.3022 | test_acc=0.8656
2026-05-15 14:44:31,306 | INFO | SpawnProcess-1 | stage1_run5 | Epoch 129 | train_loss=6.1837 | train_acc=0.9848 | test_loss=2.0236 | test_acc=0.8132
2026-05-15 14:44:47,438 | INFO | SpawnProcess-1 | stage1_run5 | Epoch 130 | train_loss=5.5153 | train_acc=0.9866 | test_loss=2.0071 | test_acc=0.8227
2026-05-15 14:45:02,970 | INFO | SpawnProcess-1 | stage1_run5 | Epoch 131 | train_loss=6.4026 | train_acc=0.9842 | test_loss=2.5497 | test_acc=0.8695
2026-05-15 14:45:18,945 | INFO | SpawnProcess-1 | stage1_run5 | Epoch 132 | train_loss=6.1906 | train_acc=0.9846 | test_loss=2.1039 | test_acc=0.8611
2026-05-15 14:45:35,692 | INFO | SpawnProcess-1 | stage1_run5 | Epoch 133 | train_loss=5.6126 | train_acc=0.9853 | test_loss=1.8835 | test_acc=0.8425
2026-05-15 14:45:52,336 | INFO | SpawnProcess-1 | stage1_run5 | Epoch 134 | train_loss=6.2044 | train_acc=0.9843 | test_loss=2.7085 | test_acc=0.8641
2026-05-15 14:46:09,510 | INFO | SpawnProcess-1 | stage1_run5 | Epoch 135 | train_loss=6.5772 | train_acc=0.9829 | test_loss=2.1334 | test_acc=0.8905
2026-05-15 14:46:27,036 | INFO | SpawnProcess-1 | stage1_run5 | Epoch 136 | train_loss=6.0168 | train_acc=0.9846 | test_loss=2.0375 | test_acc=0.8873
2026-05-15 14:46:43,806 | INFO | SpawnProcess-1 | stage1_run5 | Epoch 137 | train_loss=7.2096 | train_acc=0.9817 | test_loss=2.2053 | test_acc=0.9073
2026-05-15 14:47:01,775 | INFO | SpawnProcess-1 | stage1_run5 | Epoch 138 | train_loss=5.4758 | train_acc=0.9860 | test_loss=2.0235 | test_acc=0.8628
2026-05-15 14:47:18,834 | INFO | SpawnProcess-1 | stage1_run5 | Epoch 139 | train_loss=5.3834 | train_acc=0.9861 | test_loss=2.4937 | test_acc=0.8198
2026-05-15 14:47:35,755 | INFO | SpawnProcess-1 | stage1_run5 | Epoch 140 | train_loss=5.3161 | train_acc=0.9862 | test_loss=2.0367 | test_acc=0.8755
2026-05-15 14:47:53,069 | INFO | SpawnProcess-1 | stage1_run5 | Epoch 141 | train_loss=6.7410 | train_acc=0.9832 | test_loss=2.4161 | test_acc=0.8818
2026-05-15 14:48:10,460 | INFO | SpawnProcess-1 | stage1_run5 | Epoch 142 | train_loss=6.4900 | train_acc=0.9835 | test_loss=2.6890 | test_acc=0.9059
2026-05-15 14:48:26,368 | INFO | SpawnProcess-1 | stage1_run5 | Epoch 143 | train_loss=5.4992 | train_acc=0.9863 | test_loss=2.2141 | test_acc=0.8718
2026-05-15 14:48:42,710 | INFO | SpawnProcess-1 | stage1_run5 | Epoch 144 | train_loss=5.9651 | train_acc=0.9853 | test_loss=2.0878 | test_acc=0.8490
2026-05-15 14:48:59,428 | INFO | SpawnProcess-1 | stage1_run5 | Epoch 145 | train_loss=5.2764 | train_acc=0.9874 | test_loss=2.2426 | test_acc=0.8299
2026-05-15 14:49:15,710 | INFO | SpawnProcess-1 | stage1_run5 | Epoch 146 | train_loss=5.3218 | train_acc=0.9861 | test_loss=2.0962 | test_acc=0.8680
2026-05-15 14:49:31,590 | INFO | SpawnProcess-1 | stage1_run5 | Epoch 147 | train_loss=5.9307 | train_acc=0.9850 | test_loss=2.1361 | test_acc=0.8439
2026-05-15 14:49:47,904 | INFO | SpawnProcess-1 | stage1_run5 | Epoch 148 | train_loss=5.6046 | train_acc=0.9856 | test_loss=1.9951 | test_acc=0.8577
2026-05-15 14:50:03,634 | INFO | SpawnProcess-1 | stage1_run5 | Epoch 149 | train_loss=7.1055 | train_acc=0.9818 | test_loss=2.3726 | test_acc=0.8759
2026-05-15 14:50:19,596 | INFO | SpawnProcess-1 | stage1_run5 | Epoch 150 | train_loss=6.0560 | train_acc=0.9849 | test_loss=1.9138 | test_acc=0.8752
2026-05-15 14:50:35,956 | INFO | SpawnProcess-1 | stage1_run5 | Epoch 151 | train_loss=5.1321 | train_acc=0.9869 | test_loss=2.0160 | test_acc=0.8812
2026-05-15 14:50:51,980 | INFO | SpawnProcess-1 | stage1_run5 | Epoch 152 | train_loss=4.9846 | train_acc=0.9874 | test_loss=2.1684 | test_acc=0.8967
2026-05-15 14:51:07,864 | INFO | SpawnProcess-1 | stage1_run5 | Epoch 153 | train_loss=6.0262 | train_acc=0.9848 | test_loss=2.4026 | test_acc=0.9057
2026-05-15 14:51:23,591 | INFO | SpawnProcess-1 | stage1_run5 | Epoch 154 | train_loss=5.3666 | train_acc=0.9866 | test_loss=2.4533 | test_acc=0.8335
2026-05-15 14:51:39,231 | INFO | SpawnProcess-1 | stage1_run5 | Epoch 155 | train_loss=5.1055 | train_acc=0.9869 | test_loss=1.8954 | test_acc=0.8904
2026-05-15 14:51:55,176 | INFO | SpawnProcess-1 | stage1_run5 | Epoch 156 | train_loss=5.4537 | train_acc=0.9866 | test_loss=1.9439 | test_acc=0.9069
2026-05-15 14:52:11,201 | INFO | SpawnProcess-1 | stage1_run5 | Epoch 157 | train_loss=5.4945 | train_acc=0.9862 | test_loss=2.1349 | test_acc=0.8572
2026-05-15 14:52:27,123 | INFO | SpawnProcess-1 | stage1_run5 | Epoch 158 | train_loss=5.7303 | train_acc=0.9852 | test_loss=2.2572 | test_acc=0.8995
2026-05-15 14:52:43,359 | INFO | SpawnProcess-1 | stage1_run5 | Epoch 159 | train_loss=5.2614 | train_acc=0.9864 | test_loss=1.9170 | test_acc=0.8654
2026-05-15 14:52:59,470 | INFO | SpawnProcess-1 | stage1_run5 | Epoch 160 | train_loss=6.0191 | train_acc=0.9850 | test_loss=2.5952 | test_acc=0.8583
2026-05-15 14:53:15,189 | INFO | SpawnProcess-1 | stage1_run5 | Epoch 161 | train_loss=5.2878 | train_acc=0.9866 | test_loss=2.0854 | test_acc=0.8954
2026-05-15 14:53:31,265 | INFO | SpawnProcess-1 | stage1_run5 | Epoch 162 | train_loss=4.9742 | train_acc=0.9876 | test_loss=2.0326 | test_acc=0.8581
2026-05-15 14:53:47,247 | INFO | SpawnProcess-1 | stage1_run5 | Epoch 163 | train_loss=5.1589 | train_acc=0.9869 | test_loss=2.1959 | test_acc=0.8628
2026-05-15 14:54:02,956 | INFO | SpawnProcess-1 | stage1_run5 | Epoch 164 | train_loss=5.2578 | train_acc=0.9868 | test_loss=1.9186 | test_acc=0.9154
2026-05-15 14:54:19,085 | INFO | SpawnProcess-1 | stage1_run5 | Epoch 165 | train_loss=4.6805 | train_acc=0.9882 | test_loss=1.9164 | test_acc=0.8804
2026-05-15 14:54:34,886 | INFO | SpawnProcess-1 | stage1_run5 | Epoch 166 | train_loss=4.8286 | train_acc=0.9879 | test_loss=2.4581 | test_acc=0.8922
2026-05-15 14:54:50,638 | INFO | SpawnProcess-1 | stage1_run5 | Epoch 167 | train_loss=5.9421 | train_acc=0.9857 | test_loss=1.9823 | test_acc=0.8981
2026-05-15 14:55:06,478 | INFO | SpawnProcess-1 | stage1_run5 | Epoch 168 | train_loss=5.6763 | train_acc=0.9857 | test_loss=2.1620 | test_acc=0.8631
2026-05-15 14:55:22,445 | INFO | SpawnProcess-1 | stage1_run5 | Epoch 169 | train_loss=4.8943 | train_acc=0.9874 | test_loss=1.9085 | test_acc=0.8398
2026-05-15 14:55:38,499 | INFO | SpawnProcess-1 | stage1_run5 | Epoch 170 | train_loss=5.1704 | train_acc=0.9865 | test_loss=2.1331 | test_acc=0.8949
2026-05-15 14:55:54,259 | INFO | SpawnProcess-1 | stage1_run5 | Epoch 171 | train_loss=5.2765 | train_acc=0.9867 | test_loss=1.9399 | test_acc=0.8921
2026-05-15 14:56:10,592 | INFO | SpawnProcess-1 | stage1_run5 | Epoch 172 | train_loss=4.6541 | train_acc=0.9880 | test_loss=2.0062 | test_acc=0.8932
2026-05-15 14:56:27,093 | INFO | SpawnProcess-1 | stage1_run5 | Epoch 173 | train_loss=5.2143 | train_acc=0.9865 | test_loss=2.0989 | test_acc=0.8745
2026-05-15 14:56:43,491 | INFO | SpawnProcess-1 | stage1_run5 | Epoch 174 | train_loss=4.9281 | train_acc=0.9871 | test_loss=2.1231 | test_acc=0.8576
2026-05-15 14:56:59,803 | INFO | SpawnProcess-1 | stage1_run5 | Epoch 175 | train_loss=5.2074 | train_acc=0.9869 | test_loss=2.4123 | test_acc=0.8295
2026-05-15 14:57:16,452 | INFO | SpawnProcess-1 | stage1_run5 | Epoch 176 | train_loss=5.5954 | train_acc=0.9860 | test_loss=2.1927 | test_acc=0.8641
2026-05-15 14:57:32,353 | INFO | SpawnProcess-1 | stage1_run5 | Epoch 177 | train_loss=5.9232 | train_acc=0.9851 | test_loss=2.0775 | test_acc=0.8871
2026-05-15 14:57:48,383 | INFO | SpawnProcess-1 | stage1_run5 | Epoch 178 | train_loss=5.1790 | train_acc=0.9865 | test_loss=2.1270 | test_acc=0.9133
2026-05-15 14:58:04,731 | INFO | SpawnProcess-1 | stage1_run5 | Epoch 179 | train_loss=4.5631 | train_acc=0.9888 | test_loss=2.1551 | test_acc=0.8675
2026-05-15 14:58:21,158 | INFO | SpawnProcess-1 | stage1_run5 | Epoch 180 | train_loss=4.8667 | train_acc=0.9878 | test_loss=1.8101 | test_acc=0.8875
2026-05-15 14:58:37,346 | INFO | SpawnProcess-1 | stage1_run5 | Epoch 181 | train_loss=4.8353 | train_acc=0.9876 | test_loss=1.9372 | test_acc=0.8933
2026-05-15 14:58:53,505 | INFO | SpawnProcess-1 | stage1_run5 | Epoch 182 | train_loss=4.5247 | train_acc=0.9888 | test_loss=2.0594 | test_acc=0.8410
2026-05-15 14:59:09,599 | INFO | SpawnProcess-1 | stage1_run5 | Epoch 183 | train_loss=4.1627 | train_acc=0.9895 | test_loss=2.0781 | test_acc=0.8680
2026-05-15 14:59:25,520 | INFO | SpawnProcess-1 | stage1_run5 | Epoch 184 | train_loss=5.4726 | train_acc=0.9860 | test_loss=2.1575 | test_acc=0.8862
2026-05-15 14:59:41,457 | INFO | SpawnProcess-1 | stage1_run5 | Epoch 185 | train_loss=5.4908 | train_acc=0.9866 | test_loss=1.9923 | test_acc=0.8718
2026-05-15 14:59:57,578 | INFO | SpawnProcess-1 | stage1_run5 | Epoch 186 | train_loss=5.7131 | train_acc=0.9856 | test_loss=2.1913 | test_acc=0.8489
2026-05-15 15:00:13,429 | INFO | SpawnProcess-1 | stage1_run5 | Epoch 187 | train_loss=5.3381 | train_acc=0.9870 | test_loss=1.9489 | test_acc=0.8702
2026-05-15 15:00:29,833 | INFO | SpawnProcess-1 | stage1_run5 | Epoch 188 | train_loss=5.2272 | train_acc=0.9869 | test_loss=2.0045 | test_acc=0.8574
2026-05-15 15:00:45,862 | INFO | SpawnProcess-1 | stage1_run5 | Epoch 189 | train_loss=4.5713 | train_acc=0.9882 | test_loss=2.4390 | test_acc=0.8368
2026-05-15 15:01:01,967 | INFO | SpawnProcess-1 | stage1_run5 | Epoch 190 | train_loss=5.8389 | train_acc=0.9850 | test_loss=2.0417 | test_acc=0.8843
2026-05-15 15:01:17,752 | INFO | SpawnProcess-1 | stage1_run5 | Epoch 191 | train_loss=4.4855 | train_acc=0.9891 | test_loss=2.0533 | test_acc=0.8647
2026-05-15 15:01:33,517 | INFO | SpawnProcess-1 | stage1_run5 | Epoch 192 | train_loss=4.4880 | train_acc=0.9889 | test_loss=1.9602 | test_acc=0.8795
2026-05-15 15:01:49,484 | INFO | SpawnProcess-1 | stage1_run5 | Epoch 193 | train_loss=4.7023 | train_acc=0.9886 | test_loss=1.9891 | test_acc=0.9033
2026-05-15 15:02:05,973 | INFO | SpawnProcess-1 | stage1_run5 | Epoch 194 | train_loss=4.7062 | train_acc=0.9879 | test_loss=2.0046 | test_acc=0.9186
2026-05-15 15:02:21,944 | INFO | SpawnProcess-1 | stage1_run5 | Epoch 195 | train_loss=4.5565 | train_acc=0.9885 | test_loss=2.2773 | test_acc=0.8878
2026-05-15 15:02:38,042 | INFO | SpawnProcess-1 | stage1_run5 | Epoch 196 | train_loss=4.5964 | train_acc=0.9878 | test_loss=2.1836 | test_acc=0.8690
2026-05-15 15:02:53,753 | INFO | SpawnProcess-1 | stage1_run5 | Epoch 197 | train_loss=4.7875 | train_acc=0.9878 | test_loss=2.0850 | test_acc=0.8972
2026-05-15 15:03:10,180 | INFO | SpawnProcess-1 | stage1_run5 | Epoch 198 | train_loss=4.3342 | train_acc=0.9895 | test_loss=2.0151 | test_acc=0.8952
2026-05-15 15:03:26,234 | INFO | SpawnProcess-1 | stage1_run5 | Epoch 199 | train_loss=4.2218 | train_acc=0.9890 | test_loss=1.8634 | test_acc=0.9063
2026-05-15 15:03:42,014 | INFO | SpawnProcess-1 | stage1_run5 | Epoch 200 | train_loss=4.5512 | train_acc=0.9886 | test_loss=1.9644 | test_acc=0.8677
2026-05-15 15:03:58,184 | INFO | SpawnProcess-1 | stage1_run5 | Epoch 201 | train_loss=4.4835 | train_acc=0.9884 | test_loss=1.9374 | test_acc=0.8845
2026-05-15 15:04:14,746 | INFO | SpawnProcess-1 | stage1_run5 | Epoch 202 | train_loss=3.8294 | train_acc=0.9900 | test_loss=1.9766 | test_acc=0.8813
2026-05-15 15:04:31,114 | INFO | SpawnProcess-1 | stage1_run5 | Epoch 203 | train_loss=4.4843 | train_acc=0.9884 | test_loss=2.4005 | test_acc=0.8378
2026-05-15 15:04:47,354 | INFO | SpawnProcess-1 | stage1_run5 | Epoch 204 | train_loss=4.3066 | train_acc=0.9891 | test_loss=2.0000 | test_acc=0.8982
2026-05-15 15:05:03,090 | INFO | SpawnProcess-1 | stage1_run5 | Epoch 205 | train_loss=4.2679 | train_acc=0.9891 | test_loss=2.0028 | test_acc=0.9032
2026-05-15 15:05:19,555 | INFO | SpawnProcess-1 | stage1_run5 | Epoch 206 | train_loss=4.6050 | train_acc=0.9880 | test_loss=2.0131 | test_acc=0.8548
2026-05-15 15:05:35,489 | INFO | SpawnProcess-1 | stage1_run5 | Epoch 207 | train_loss=4.2484 | train_acc=0.9891 | test_loss=1.9208 | test_acc=0.9122
2026-05-15 15:05:51,804 | INFO | SpawnProcess-1 | stage1_run5 | Epoch 208 | train_loss=4.6869 | train_acc=0.9878 | test_loss=2.2573 | test_acc=0.8411
2026-05-15 15:06:07,896 | INFO | SpawnProcess-1 | stage1_run5 | Epoch 209 | train_loss=3.9533 | train_acc=0.9900 | test_loss=1.9209 | test_acc=0.9063
2026-05-15 15:06:24,299 | INFO | SpawnProcess-1 | stage1_run5 | Epoch 210 | train_loss=5.2646 | train_acc=0.9867 | test_loss=2.1433 | test_acc=0.9034
2026-05-15 15:06:40,889 | INFO | SpawnProcess-1 | stage1_run5 | Epoch 211 | train_loss=4.1119 | train_acc=0.9896 | test_loss=1.8574 | test_acc=0.8727
2026-05-15 15:06:57,263 | INFO | SpawnProcess-1 | stage1_run5 | Epoch 212 | train_loss=4.1092 | train_acc=0.9894 | test_loss=2.0896 | test_acc=0.8916
2026-05-15 15:07:13,070 | INFO | SpawnProcess-1 | stage1_run5 | Epoch 213 | train_loss=5.6107 | train_acc=0.9853 | test_loss=2.1664 | test_acc=0.9028
2026-05-15 15:07:29,722 | INFO | SpawnProcess-1 | stage1_run5 | Epoch 214 | train_loss=4.5612 | train_acc=0.9880 | test_loss=1.9511 | test_acc=0.8798
2026-05-15 15:07:47,405 | INFO | SpawnProcess-1 | stage1_run5 | Epoch 215 | train_loss=3.7760 | train_acc=0.9907 | test_loss=1.8954 | test_acc=0.8838
2026-05-15 15:08:05,008 | INFO | SpawnProcess-1 | stage1_run5 | Epoch 216 | train_loss=3.4670 | train_acc=0.9911 | test_loss=1.9577 | test_acc=0.9119
2026-05-15 15:08:20,398 | INFO | SpawnProcess-1 | stage1_run5 | Epoch 217 | train_loss=4.5067 | train_acc=0.9881 | test_loss=2.7346 | test_acc=0.8066
2026-05-15 15:08:35,603 | INFO | SpawnProcess-1 | stage1_run5 | Epoch 218 | train_loss=4.1272 | train_acc=0.9893 | test_loss=2.0109 | test_acc=0.9027
2026-05-15 15:08:50,634 | INFO | SpawnProcess-1 | stage1_run5 | Epoch 219 | train_loss=4.0785 | train_acc=0.9894 | test_loss=1.9999 | test_acc=0.8885
2026-05-15 15:09:05,627 | INFO | SpawnProcess-1 | stage1_run5 | Epoch 220 | train_loss=3.5904 | train_acc=0.9904 | test_loss=2.0281 | test_acc=0.8908
2026-05-15 15:09:20,887 | INFO | SpawnProcess-1 | stage1_run5 | Epoch 221 | train_loss=4.2199 | train_acc=0.9885 | test_loss=2.1386 | test_acc=0.8329
2026-05-15 15:09:36,264 | INFO | SpawnProcess-1 | stage1_run5 | Epoch 222 | train_loss=5.1039 | train_acc=0.9872 | test_loss=2.2832 | test_acc=0.9024
2026-05-15 15:09:51,681 | INFO | SpawnProcess-1 | stage1_run5 | Epoch 223 | train_loss=5.1638 | train_acc=0.9867 | test_loss=2.1061 | test_acc=0.8554
2026-05-15 15:10:06,695 | INFO | SpawnProcess-1 | stage1_run5 | Epoch 224 | train_loss=4.2094 | train_acc=0.9895 | test_loss=2.1445 | test_acc=0.9082
2026-05-15 15:10:22,060 | INFO | SpawnProcess-1 | stage1_run5 | Epoch 225 | train_loss=5.9296 | train_acc=0.9850 | test_loss=2.0392 | test_acc=0.8710
2026-05-15 15:10:37,394 | INFO | SpawnProcess-1 | stage1_run5 | Epoch 226 | train_loss=4.1965 | train_acc=0.9890 | test_loss=1.9148 | test_acc=0.9082
2026-05-15 15:10:52,253 | INFO | SpawnProcess-1 | stage1_run5 | Epoch 227 | train_loss=4.0051 | train_acc=0.9897 | test_loss=2.0082 | test_acc=0.8992
2026-05-15 15:11:07,939 | INFO | SpawnProcess-1 | stage1_run5 | Epoch 228 | train_loss=3.0176 | train_acc=0.9923 | test_loss=2.3400 | test_acc=0.8957
2026-05-15 15:11:22,961 | INFO | SpawnProcess-1 | stage1_run5 | Epoch 229 | train_loss=4.2348 | train_acc=0.9889 | test_loss=1.9760 | test_acc=0.8571
2026-05-15 15:11:38,800 | INFO | SpawnProcess-1 | stage1_run5 | Epoch 230 | train_loss=5.1385 | train_acc=0.9868 | test_loss=2.1254 | test_acc=0.9001
2026-05-15 15:11:55,058 | INFO | SpawnProcess-1 | stage1_run5 | Epoch 231 | train_loss=4.4751 | train_acc=0.9885 | test_loss=2.1558 | test_acc=0.8667
2026-05-15 15:12:11,501 | INFO | SpawnProcess-1 | stage1_run5 | Epoch 232 | train_loss=3.8915 | train_acc=0.9902 | test_loss=2.1738 | test_acc=0.8620
2026-05-15 15:12:27,486 | INFO | SpawnProcess-1 | stage1_run5 | Epoch 233 | train_loss=6.0337 | train_acc=0.9849 | test_loss=2.1842 | test_acc=0.8954
2026-05-15 15:12:44,050 | INFO | SpawnProcess-1 | stage1_run5 | Epoch 234 | train_loss=3.4839 | train_acc=0.9913 | test_loss=2.0417 | test_acc=0.8941
2026-05-15 15:13:02,392 | INFO | SpawnProcess-1 | stage1_run5 | Epoch 235 | train_loss=4.2878 | train_acc=0.9899 | test_loss=2.1592 | test_acc=0.8690
2026-05-15 15:13:17,644 | INFO | SpawnProcess-1 | stage1_run5 | Epoch 236 | train_loss=4.2242 | train_acc=0.9891 | test_loss=2.0323 | test_acc=0.8855
2026-05-15 15:13:32,785 | INFO | SpawnProcess-1 | stage1_run5 | Epoch 237 | train_loss=3.2008 | train_acc=0.9919 | test_loss=1.8108 | test_acc=0.8767
2026-05-15 15:13:47,922 | INFO | SpawnProcess-1 | stage1_run5 | Epoch 238 | train_loss=3.7668 | train_acc=0.9903 | test_loss=1.8448 | test_acc=0.8699
2026-05-15 15:14:03,026 | INFO | SpawnProcess-1 | stage1_run5 | Epoch 239 | train_loss=4.4225 | train_acc=0.9884 | test_loss=2.5045 | test_acc=0.8925
2026-05-15 15:14:18,367 | INFO | SpawnProcess-1 | stage1_run5 | Epoch 240 | train_loss=3.7695 | train_acc=0.9907 | test_loss=2.5633 | test_acc=0.8647
2026-05-15 15:14:33,212 | INFO | SpawnProcess-1 | stage1_run5 | Epoch 241 | train_loss=4.1097 | train_acc=0.9892 | test_loss=2.0380 | test_acc=0.8834
2026-05-15 15:14:48,331 | INFO | SpawnProcess-1 | stage1_run5 | Epoch 242 | train_loss=3.4082 | train_acc=0.9915 | test_loss=1.8453 | test_acc=0.8825
2026-05-15 15:15:03,298 | INFO | SpawnProcess-1 | stage1_run5 | Epoch 243 | train_loss=3.2554 | train_acc=0.9918 | test_loss=2.1615 | test_acc=0.8688
2026-05-15 15:15:18,471 | INFO | SpawnProcess-1 | stage1_run5 | Epoch 244 | train_loss=4.2661 | train_acc=0.9891 | test_loss=2.2535 | test_acc=0.9044
2026-05-15 15:15:33,580 | INFO | SpawnProcess-1 | stage1_run5 | Epoch 245 | train_loss=3.8440 | train_acc=0.9900 | test_loss=2.2678 | test_acc=0.8797
2026-05-15 15:15:48,643 | INFO | SpawnProcess-1 | stage1_run5 | Epoch 246 | train_loss=4.1709 | train_acc=0.9894 | test_loss=2.1242 | test_acc=0.8864
2026-05-15 15:16:03,591 | INFO | SpawnProcess-1 | stage1_run5 | Epoch 247 | train_loss=3.8917 | train_acc=0.9900 | test_loss=2.1605 | test_acc=0.8788
2026-05-15 15:16:18,878 | INFO | SpawnProcess-1 | stage1_run5 | Epoch 248 | train_loss=3.2012 | train_acc=0.9918 | test_loss=2.3680 | test_acc=0.8310
2026-05-15 15:16:34,272 | INFO | SpawnProcess-1 | stage1_run5 | Epoch 249 | train_loss=4.1660 | train_acc=0.9890 | test_loss=2.5614 | test_acc=0.8681
2026-05-15 15:16:49,172 | INFO | SpawnProcess-1 | stage1_run5 | Epoch 250 | train_loss=4.4295 | train_acc=0.9887 | test_loss=2.3579 | test_acc=0.9271
2026-05-15 15:17:04,588 | INFO | SpawnProcess-1 | stage1_run5 | Epoch 251 | train_loss=4.3478 | train_acc=0.9888 | test_loss=2.1399 | test_acc=0.9024
2026-05-15 15:17:20,021 | INFO | SpawnProcess-1 | stage1_run5 | Epoch 252 | train_loss=4.0488 | train_acc=0.9893 | test_loss=1.9774 | test_acc=0.8673
2026-05-15 15:17:34,770 | INFO | SpawnProcess-1 | stage1_run5 | Epoch 253 | train_loss=4.8076 | train_acc=0.9876 | test_loss=1.8697 | test_acc=0.8995
2026-05-15 15:17:50,820 | INFO | SpawnProcess-1 | stage1_run5 | Epoch 254 | train_loss=2.9872 | train_acc=0.9922 | test_loss=2.1776 | test_acc=0.8590
2026-05-15 15:18:06,649 | INFO | SpawnProcess-1 | stage1_run5 | Epoch 255 | train_loss=3.8480 | train_acc=0.9904 | test_loss=1.7677 | test_acc=0.8818
2026-05-15 15:18:23,022 | INFO | SpawnProcess-1 | stage1_run5 | Epoch 256 | train_loss=3.4377 | train_acc=0.9908 | test_loss=2.0745 | test_acc=0.8967
2026-05-15 15:18:39,350 | INFO | SpawnProcess-1 | stage1_run5 | Epoch 257 | train_loss=3.8063 | train_acc=0.9907 | test_loss=1.9669 | test_acc=0.8847
2026-05-15 15:18:55,612 | INFO | SpawnProcess-1 | stage1_run5 | Epoch 258 | train_loss=3.3813 | train_acc=0.9912 | test_loss=1.9104 | test_acc=0.8832
2026-05-15 15:19:12,194 | INFO | SpawnProcess-1 | stage1_run5 | Epoch 259 | train_loss=3.2096 | train_acc=0.9917 | test_loss=1.9553 | test_acc=0.8816
2026-05-15 15:19:30,228 | INFO | SpawnProcess-1 | stage1_run5 | Epoch 260 | train_loss=3.9481 | train_acc=0.9899 | test_loss=2.3063 | test_acc=0.8921
2026-05-15 15:19:46,100 | INFO | SpawnProcess-1 | stage1_run5 | Epoch 261 | train_loss=3.8032 | train_acc=0.9904 | test_loss=1.9041 | test_acc=0.8924
2026-05-15 15:20:01,368 | INFO | SpawnProcess-1 | stage1_run5 | Epoch 262 | train_loss=3.3681 | train_acc=0.9911 | test_loss=1.9873 | test_acc=0.9168
2026-05-15 15:20:16,787 | INFO | SpawnProcess-1 | stage1_run5 | Epoch 263 | train_loss=3.1333 | train_acc=0.9920 | test_loss=2.1529 | test_acc=0.8754
2026-05-15 15:20:31,974 | INFO | SpawnProcess-1 | stage1_run5 | Epoch 264 | train_loss=3.7357 | train_acc=0.9905 | test_loss=2.1039 | test_acc=0.8973
2026-05-15 15:20:47,476 | INFO | SpawnProcess-1 | stage1_run5 | Epoch 265 | train_loss=4.1574 | train_acc=0.9892 | test_loss=1.9012 | test_acc=0.8636
2026-05-15 15:21:02,906 | INFO | SpawnProcess-1 | stage1_run5 | Epoch 266 | train_loss=4.9251 | train_acc=0.9875 | test_loss=1.9000 | test_acc=0.8781
2026-05-15 15:21:18,189 | INFO | SpawnProcess-1 | stage1_run5 | Epoch 267 | train_loss=4.0311 | train_acc=0.9898 | test_loss=2.2032 | test_acc=0.8407
2026-05-15 15:21:33,197 | INFO | SpawnProcess-1 | stage1_run5 | Epoch 268 | train_loss=2.9086 | train_acc=0.9927 | test_loss=1.9992 | test_acc=0.8859
2026-05-15 15:21:48,416 | INFO | SpawnProcess-1 | stage1_run5 | Epoch 269 | train_loss=3.4608 | train_acc=0.9912 | test_loss=2.3928 | test_acc=0.8261
2026-05-15 15:22:03,909 | INFO | SpawnProcess-1 | stage1_run5 | Epoch 270 | train_loss=3.8969 | train_acc=0.9898 | test_loss=2.1373 | test_acc=0.9077
2026-05-15 15:22:18,867 | INFO | SpawnProcess-1 | stage1_run5 | Epoch 271 | train_loss=3.2686 | train_acc=0.9922 | test_loss=2.1396 | test_acc=0.8614
2026-05-15 15:22:34,275 | INFO | SpawnProcess-1 | stage1_run5 | Epoch 272 | train_loss=3.2227 | train_acc=0.9916 | test_loss=2.1152 | test_acc=0.9018
2026-05-15 15:22:49,661 | INFO | SpawnProcess-1 | stage1_run5 | Epoch 273 | train_loss=3.2967 | train_acc=0.9915 | test_loss=1.9663 | test_acc=0.8731
2026-05-15 15:23:04,963 | INFO | SpawnProcess-1 | stage1_run5 | Epoch 274 | train_loss=3.6645 | train_acc=0.9904 | test_loss=2.1736 | test_acc=0.8532
2026-05-15 15:23:20,336 | INFO | SpawnProcess-1 | stage1_run5 | Epoch 275 | train_loss=2.9987 | train_acc=0.9922 | test_loss=2.4513 | test_acc=0.9128
2026-05-15 15:23:35,384 | INFO | SpawnProcess-1 | stage1_run5 | Epoch 276 | train_loss=3.7317 | train_acc=0.9902 | test_loss=2.5733 | test_acc=0.8523
2026-05-15 15:23:50,793 | INFO | SpawnProcess-1 | stage1_run5 | Epoch 277 | train_loss=4.3749 | train_acc=0.9885 | test_loss=2.6054 | test_acc=0.8928
2026-05-15 15:24:06,084 | INFO | SpawnProcess-1 | stage1_run5 | Epoch 278 | train_loss=4.5832 | train_acc=0.9882 | test_loss=1.9633 | test_acc=0.8795
2026-05-15 15:24:21,728 | INFO | SpawnProcess-1 | stage1_run5 | Epoch 279 | train_loss=2.8263 | train_acc=0.9928 | test_loss=2.2212 | test_acc=0.9045
2026-05-15 15:24:37,346 | INFO | SpawnProcess-1 | stage1_run5 | Epoch 280 | train_loss=2.8331 | train_acc=0.9926 | test_loss=2.0525 | test_acc=0.9030
2026-05-15 15:24:52,548 | INFO | SpawnProcess-1 | stage1_run5 | Epoch 281 | train_loss=3.0893 | train_acc=0.9921 | test_loss=2.3884 | test_acc=0.8524
2026-05-15 15:25:08,128 | INFO | SpawnProcess-1 | stage1_run5 | Epoch 282 | train_loss=3.5082 | train_acc=0.9912 | test_loss=2.0031 | test_acc=0.8844
2026-05-15 15:25:23,085 | INFO | SpawnProcess-1 | stage1_run5 | Epoch 283 | train_loss=2.9809 | train_acc=0.9922 | test_loss=2.0204 | test_acc=0.9119
2026-05-15 15:25:38,386 | INFO | SpawnProcess-1 | stage1_run5 | Epoch 284 | train_loss=2.5831 | train_acc=0.9933 | test_loss=2.1909 | test_acc=0.8678
2026-05-15 15:25:53,737 | INFO | SpawnProcess-1 | stage1_run5 | Epoch 285 | train_loss=2.7129 | train_acc=0.9932 | test_loss=2.1617 | test_acc=0.8914
2026-05-15 15:26:09,126 | INFO | SpawnProcess-1 | stage1_run5 | Epoch 286 | train_loss=3.7312 | train_acc=0.9902 | test_loss=2.4454 | test_acc=0.8472
2026-05-15 15:26:24,326 | INFO | SpawnProcess-1 | stage1_run5 | Epoch 287 | train_loss=2.9570 | train_acc=0.9925 | test_loss=2.1646 | test_acc=0.8510
2026-05-15 15:26:40,411 | INFO | SpawnProcess-1 | stage1_run5 | Epoch 288 | train_loss=4.5679 | train_acc=0.9884 | test_loss=2.1187 | test_acc=0.8878
2026-05-15 15:26:57,322 | INFO | SpawnProcess-1 | stage1_run5 | Epoch 289 | train_loss=3.8303 | train_acc=0.9902 | test_loss=1.9355 | test_acc=0.8811
2026-05-15 15:27:13,089 | INFO | SpawnProcess-1 | stage1_run5 | Epoch 290 | train_loss=2.7967 | train_acc=0.9928 | test_loss=2.0308 | test_acc=0.8809
2026-05-15 15:27:29,084 | INFO | SpawnProcess-1 | stage1_run5 | Epoch 291 | train_loss=2.7749 | train_acc=0.9929 | test_loss=2.4375 | test_acc=0.8786
2026-05-15 15:27:45,515 | INFO | SpawnProcess-1 | stage1_run5 | Epoch 292 | train_loss=3.1243 | train_acc=0.9919 | test_loss=1.9687 | test_acc=0.9032
2026-05-15 15:28:01,577 | INFO | SpawnProcess-1 | stage1_run5 | Epoch 293 | train_loss=4.0730 | train_acc=0.9896 | test_loss=2.5258 | test_acc=0.8651
2026-05-15 15:28:17,650 | INFO | SpawnProcess-1 | stage1_run5 | Epoch 294 | train_loss=4.1249 | train_acc=0.9896 | test_loss=2.1820 | test_acc=0.8720
2026-05-15 15:28:33,729 | INFO | SpawnProcess-1 | stage1_run5 | Epoch 295 | train_loss=2.8150 | train_acc=0.9927 | test_loss=2.0223 | test_acc=0.9200
2026-05-15 15:28:49,613 | INFO | SpawnProcess-1 | stage1_run5 | Epoch 296 | train_loss=3.1671 | train_acc=0.9920 | test_loss=2.2603 | test_acc=0.9203
2026-05-15 15:29:05,463 | INFO | SpawnProcess-1 | stage1_run5 | Epoch 297 | train_loss=4.4960 | train_acc=0.9885 | test_loss=2.3416 | test_acc=0.9373
2026-05-15 15:29:21,219 | INFO | SpawnProcess-1 | stage1_run5 | Epoch 298 | train_loss=3.5656 | train_acc=0.9908 | test_loss=2.1922 | test_acc=0.8698
2026-05-15 15:29:37,237 | INFO | SpawnProcess-1 | stage1_run5 | Epoch 299 | train_loss=3.8048 | train_acc=0.9903 | test_loss=1.9052 | test_acc=0.9059
2026-05-15 15:29:53,250 | INFO | SpawnProcess-1 | stage1_run5 | Epoch 300 | train_loss=2.6483 | train_acc=0.9932 | test_loss=2.1031 | test_acc=0.8690
2026-05-15 15:30:04,858 | INFO | SpawnProcess-1 | stage1_run5 | Final train_eval_loss=2.8196 | train_eval_acc=0.8855
2026-05-15 15:30:04,886 | INFO | SpawnProcess-1 | stage1_run5 | checkpoint=runs/l_mnist_gfr_per_seed_20260515_100137/gfr_lmnist_stage1_run5.pt | complete
2026-05-15 15:30:04,892 | INFO | Completed stage1_run5 on GPU 4
2026-05-15 15:30:08,458 | INFO | Launching 5 Stage-2 reruns with 2 workers
2026-05-15 15:30:19,350 | INFO | SpawnProcess-4 | stage2_run2 | assigned_gpu=5 | seed=1235 | stage1_ckpt=runs/l_mnist_gfr_per_seed_20260515_100137/gfr_lmnist_stage1_run2.pt
2026-05-15 15:30:19,375 | INFO | SpawnProcess-3 | stage2_run1 | assigned_gpu=4 | seed=1234 | stage1_ckpt=runs/l_mnist_gfr_per_seed_20260515_100137/gfr_lmnist_stage1_run1.pt
2026-05-15 15:30:21,818 | INFO | SpawnProcess-4 | stage2_run2 | trainable_params=7434 | epochs=300
2026-05-15 15:30:21,818 | INFO | SpawnProcess-3 | stage2_run1 | trainable_params=7434 | epochs=300
2026-05-15 15:30:44,996 | INFO | SpawnProcess-4 | stage2_run2 | Epoch 001 | train_loss=236.2648 | train_acc=0.4062 | test_loss=35.6233 | test_acc=0.5182
2026-05-15 15:30:47,052 | INFO | SpawnProcess-3 | stage2_run1 | Epoch 001 | train_loss=236.5164 | train_acc=0.3915 | test_loss=34.7598 | test_acc=0.5065
2026-05-15 15:31:06,460 | INFO | SpawnProcess-4 | stage2_run2 | Epoch 002 | train_loss=197.5479 | train_acc=0.6032 | test_loss=31.7026 | test_acc=0.6102
2026-05-15 15:31:11,080 | INFO | SpawnProcess-3 | stage2_run1 | Epoch 002 | train_loss=192.8753 | train_acc=0.6897 | test_loss=30.9276 | test_acc=0.6568
2026-05-15 15:31:29,961 | INFO | SpawnProcess-4 | stage2_run2 | Epoch 003 | train_loss=179.5039 | train_acc=0.6894 | test_loss=29.5565 | test_acc=0.6035
2026-05-15 15:31:34,180 | INFO | SpawnProcess-3 | stage2_run1 | Epoch 003 | train_loss=174.2426 | train_acc=0.7791 | test_loss=28.2350 | test_acc=0.7099
2026-05-15 15:31:52,073 | INFO | SpawnProcess-4 | stage2_run2 | Epoch 004 | train_loss=168.5984 | train_acc=0.7252 | test_loss=27.8062 | test_acc=0.6444
2026-05-15 15:31:57,183 | INFO | SpawnProcess-3 | stage2_run1 | Epoch 004 | train_loss=161.9755 | train_acc=0.8175 | test_loss=26.7102 | test_acc=0.7185
2026-05-15 15:32:14,795 | INFO | SpawnProcess-4 | stage2_run2 | Epoch 005 | train_loss=161.8988 | train_acc=0.7524 | test_loss=26.6901 | test_acc=0.6824
2026-05-15 15:32:20,024 | INFO | SpawnProcess-3 | stage2_run1 | Epoch 005 | train_loss=153.7255 | train_acc=0.8399 | test_loss=25.8301 | test_acc=0.7326
2026-05-15 15:32:36,419 | INFO | SpawnProcess-4 | stage2_run2 | Epoch 006 | train_loss=156.3413 | train_acc=0.7951 | test_loss=25.8237 | test_acc=0.7508
2026-05-15 15:32:46,384 | INFO | SpawnProcess-3 | stage2_run1 | Epoch 006 | train_loss=147.1797 | train_acc=0.8587 | test_loss=24.5143 | test_acc=0.7848
2026-05-15 15:33:00,762 | INFO | SpawnProcess-4 | stage2_run2 | Epoch 007 | train_loss=151.0941 | train_acc=0.8242 | test_loss=25.0925 | test_acc=0.7817
2026-05-15 15:33:12,865 | INFO | SpawnProcess-3 | stage2_run1 | Epoch 007 | train_loss=142.3803 | train_acc=0.8679 | test_loss=23.4999 | test_acc=0.8189
2026-05-15 15:33:27,859 | INFO | SpawnProcess-4 | stage2_run2 | Epoch 008 | train_loss=145.6839 | train_acc=0.8532 | test_loss=23.9211 | test_acc=0.8272
2026-05-15 15:33:39,171 | INFO | SpawnProcess-3 | stage2_run1 | Epoch 008 | train_loss=138.4861 | train_acc=0.8750 | test_loss=23.1102 | test_acc=0.8146
2026-05-15 15:33:50,722 | INFO | SpawnProcess-4 | stage2_run2 | Epoch 009 | train_loss=140.6303 | train_acc=0.8723 | test_loss=23.4224 | test_acc=0.8382
2026-05-15 15:34:03,626 | INFO | SpawnProcess-3 | stage2_run1 | Epoch 009 | train_loss=134.7219 | train_acc=0.8829 | test_loss=23.0417 | test_acc=0.8343
2026-05-15 15:34:13,838 | INFO | SpawnProcess-4 | stage2_run2 | Epoch 010 | train_loss=136.5951 | train_acc=0.8832 | test_loss=22.7601 | test_acc=0.8732
2026-05-15 15:34:25,695 | INFO | SpawnProcess-3 | stage2_run1 | Epoch 010 | train_loss=132.6869 | train_acc=0.8837 | test_loss=22.3186 | test_acc=0.8433
2026-05-15 15:34:38,344 | INFO | SpawnProcess-4 | stage2_run2 | Epoch 011 | train_loss=133.6648 | train_acc=0.8917 | test_loss=22.6544 | test_acc=0.8776
2026-05-15 15:34:49,963 | INFO | SpawnProcess-3 | stage2_run1 | Epoch 011 | train_loss=130.3160 | train_acc=0.8888 | test_loss=21.8291 | test_acc=0.8571
2026-05-15 15:35:00,584 | INFO | SpawnProcess-4 | stage2_run2 | Epoch 012 | train_loss=132.2008 | train_acc=0.8936 | test_loss=21.9942 | test_acc=0.8924
2026-05-15 15:35:11,644 | INFO | SpawnProcess-3 | stage2_run1 | Epoch 012 | train_loss=128.9528 | train_acc=0.8898 | test_loss=21.9306 | test_acc=0.8449
2026-05-15 15:35:22,176 | INFO | SpawnProcess-4 | stage2_run2 | Epoch 013 | train_loss=129.5732 | train_acc=0.9008 | test_loss=21.5987 | test_acc=0.8989
2026-05-15 15:35:34,720 | INFO | SpawnProcess-3 | stage2_run1 | Epoch 013 | train_loss=126.7669 | train_acc=0.8948 | test_loss=21.1603 | test_acc=0.8653
2026-05-15 15:35:43,976 | INFO | SpawnProcess-4 | stage2_run2 | Epoch 014 | train_loss=128.1620 | train_acc=0.9007 | test_loss=21.6373 | test_acc=0.8935
2026-05-15 15:35:57,898 | INFO | SpawnProcess-3 | stage2_run1 | Epoch 014 | train_loss=124.5301 | train_acc=0.8995 | test_loss=20.7923 | test_acc=0.8897
2026-05-15 15:36:05,450 | INFO | SpawnProcess-4 | stage2_run2 | Epoch 015 | train_loss=126.1696 | train_acc=0.9075 | test_loss=21.2751 | test_acc=0.9068
2026-05-15 15:36:20,184 | INFO | SpawnProcess-3 | stage2_run1 | Epoch 015 | train_loss=123.0561 | train_acc=0.9033 | test_loss=20.5016 | test_acc=0.9002
2026-05-15 15:36:27,105 | INFO | SpawnProcess-4 | stage2_run2 | Epoch 016 | train_loss=124.5589 | train_acc=0.9120 | test_loss=20.9703 | test_acc=0.9095
2026-05-15 15:36:41,486 | INFO | SpawnProcess-3 | stage2_run1 | Epoch 016 | train_loss=122.1693 | train_acc=0.9032 | test_loss=20.7926 | test_acc=0.8833
2026-05-15 15:36:48,834 | INFO | SpawnProcess-4 | stage2_run2 | Epoch 017 | train_loss=123.8785 | train_acc=0.9109 | test_loss=20.8035 | test_acc=0.9084
2026-05-15 15:37:03,453 | INFO | SpawnProcess-3 | stage2_run1 | Epoch 017 | train_loss=120.7988 | train_acc=0.9064 | test_loss=20.2392 | test_acc=0.9021
2026-05-15 15:37:10,726 | INFO | SpawnProcess-4 | stage2_run2 | Epoch 018 | train_loss=122.6869 | train_acc=0.9146 | test_loss=20.6756 | test_acc=0.9156
2026-05-15 15:37:25,708 | INFO | SpawnProcess-3 | stage2_run1 | Epoch 018 | train_loss=119.7577 | train_acc=0.9093 | test_loss=20.5223 | test_acc=0.8914
2026-05-15 15:37:31,763 | INFO | SpawnProcess-4 | stage2_run2 | Epoch 019 | train_loss=121.6971 | train_acc=0.9178 | test_loss=20.6677 | test_acc=0.9156
2026-05-15 15:37:47,045 | INFO | SpawnProcess-3 | stage2_run1 | Epoch 019 | train_loss=119.4409 | train_acc=0.9082 | test_loss=20.6791 | test_acc=0.8940
2026-05-15 15:37:53,216 | INFO | SpawnProcess-4 | stage2_run2 | Epoch 020 | train_loss=120.7056 | train_acc=0.9194 | test_loss=20.5002 | test_acc=0.9166
2026-05-15 15:38:09,343 | INFO | SpawnProcess-3 | stage2_run1 | Epoch 020 | train_loss=119.0999 | train_acc=0.9083 | test_loss=20.0777 | test_acc=0.9028
2026-05-15 15:38:16,574 | INFO | SpawnProcess-4 | stage2_run2 | Epoch 021 | train_loss=120.2157 | train_acc=0.9184 | test_loss=20.1423 | test_acc=0.9203
2026-05-15 15:38:29,409 | INFO | SpawnProcess-3 | stage2_run1 | Epoch 021 | train_loss=118.1941 | train_acc=0.9100 | test_loss=20.3167 | test_acc=0.8810
2026-05-15 15:38:39,715 | INFO | SpawnProcess-4 | stage2_run2 | Epoch 022 | train_loss=119.0288 | train_acc=0.9227 | test_loss=20.3576 | test_acc=0.9172
2026-05-15 15:38:50,563 | INFO | SpawnProcess-3 | stage2_run1 | Epoch 022 | train_loss=117.5719 | train_acc=0.9122 | test_loss=19.7523 | test_acc=0.9089
2026-05-15 15:39:00,247 | INFO | SpawnProcess-4 | stage2_run2 | Epoch 023 | train_loss=118.6723 | train_acc=0.9226 | test_loss=19.7354 | test_acc=0.9300
2026-05-15 15:39:12,437 | INFO | SpawnProcess-3 | stage2_run1 | Epoch 023 | train_loss=116.3790 | train_acc=0.9148 | test_loss=20.3694 | test_acc=0.8921
2026-05-15 15:39:21,441 | INFO | SpawnProcess-4 | stage2_run2 | Epoch 024 | train_loss=117.1824 | train_acc=0.9269 | test_loss=19.7838 | test_acc=0.9249
2026-05-15 15:39:34,212 | INFO | SpawnProcess-3 | stage2_run1 | Epoch 024 | train_loss=116.4749 | train_acc=0.9135 | test_loss=20.0291 | test_acc=0.8944
2026-05-15 15:39:43,436 | INFO | SpawnProcess-4 | stage2_run2 | Epoch 025 | train_loss=116.5868 | train_acc=0.9273 | test_loss=19.5651 | test_acc=0.9305
2026-05-15 15:39:55,214 | INFO | SpawnProcess-3 | stage2_run1 | Epoch 025 | train_loss=115.4600 | train_acc=0.9167 | test_loss=19.2576 | test_acc=0.9224
2026-05-15 15:40:03,486 | INFO | SpawnProcess-4 | stage2_run2 | Epoch 026 | train_loss=116.0730 | train_acc=0.9274 | test_loss=19.4095 | test_acc=0.9311
2026-05-15 15:40:16,904 | INFO | SpawnProcess-3 | stage2_run1 | Epoch 026 | train_loss=115.1533 | train_acc=0.9162 | test_loss=19.4780 | test_acc=0.9100
2026-05-15 15:40:25,986 | INFO | SpawnProcess-4 | stage2_run2 | Epoch 027 | train_loss=115.6566 | train_acc=0.9291 | test_loss=19.5256 | test_acc=0.9271
2026-05-15 15:40:39,535 | INFO | SpawnProcess-3 | stage2_run1 | Epoch 027 | train_loss=114.5520 | train_acc=0.9184 | test_loss=19.4602 | test_acc=0.9200
2026-05-15 15:40:47,099 | INFO | SpawnProcess-4 | stage2_run2 | Epoch 028 | train_loss=116.0233 | train_acc=0.9270 | test_loss=20.2468 | test_acc=0.9064
2026-05-15 15:40:59,856 | INFO | SpawnProcess-3 | stage2_run1 | Epoch 028 | train_loss=113.8780 | train_acc=0.9207 | test_loss=19.6056 | test_acc=0.9087
2026-05-15 15:41:10,532 | INFO | SpawnProcess-4 | stage2_run2 | Epoch 029 | train_loss=115.2388 | train_acc=0.9285 | test_loss=19.5323 | test_acc=0.9300
2026-05-15 15:41:21,518 | INFO | SpawnProcess-3 | stage2_run1 | Epoch 029 | train_loss=113.8214 | train_acc=0.9194 | test_loss=19.5356 | test_acc=0.9042
2026-05-15 15:41:34,856 | INFO | SpawnProcess-4 | stage2_run2 | Epoch 030 | train_loss=115.6429 | train_acc=0.9241 | test_loss=19.8340 | test_acc=0.9113
2026-05-15 15:41:42,872 | INFO | SpawnProcess-3 | stage2_run1 | Epoch 030 | train_loss=112.9358 | train_acc=0.9224 | test_loss=19.5876 | test_acc=0.9049
2026-05-15 15:41:57,771 | INFO | SpawnProcess-4 | stage2_run2 | Epoch 031 | train_loss=114.5112 | train_acc=0.9294 | test_loss=19.2794 | test_acc=0.9296
2026-05-15 15:42:04,259 | INFO | SpawnProcess-3 | stage2_run1 | Epoch 031 | train_loss=112.8656 | train_acc=0.9215 | test_loss=18.9687 | test_acc=0.9201
2026-05-15 15:42:19,271 | INFO | SpawnProcess-4 | stage2_run2 | Epoch 032 | train_loss=113.2654 | train_acc=0.9327 | test_loss=19.1250 | test_acc=0.9298
2026-05-15 15:42:26,098 | INFO | SpawnProcess-3 | stage2_run1 | Epoch 032 | train_loss=110.7707 | train_acc=0.9294 | test_loss=18.9082 | test_acc=0.9210
2026-05-15 15:42:40,278 | INFO | SpawnProcess-4 | stage2_run2 | Epoch 033 | train_loss=113.1925 | train_acc=0.9326 | test_loss=19.0226 | test_acc=0.9330
2026-05-15 15:42:50,388 | INFO | SpawnProcess-3 | stage2_run1 | Epoch 033 | train_loss=111.1234 | train_acc=0.9257 | test_loss=18.5947 | test_acc=0.9279
2026-05-15 15:43:02,697 | INFO | SpawnProcess-4 | stage2_run2 | Epoch 034 | train_loss=112.7029 | train_acc=0.9337 | test_loss=19.1761 | test_acc=0.9267
2026-05-15 15:43:11,658 | INFO | SpawnProcess-3 | stage2_run1 | Epoch 034 | train_loss=110.9751 | train_acc=0.9252 | test_loss=19.0378 | test_acc=0.9133
2026-05-15 15:43:22,577 | INFO | SpawnProcess-4 | stage2_run2 | Epoch 035 | train_loss=111.9063 | train_acc=0.9349 | test_loss=19.0547 | test_acc=0.9294
2026-05-15 15:43:34,175 | INFO | SpawnProcess-3 | stage2_run1 | Epoch 035 | train_loss=111.1752 | train_acc=0.9225 | test_loss=18.6587 | test_acc=0.9270
2026-05-15 15:43:43,342 | INFO | SpawnProcess-4 | stage2_run2 | Epoch 036 | train_loss=112.5620 | train_acc=0.9314 | test_loss=19.3913 | test_acc=0.9200
2026-05-15 15:43:55,721 | INFO | SpawnProcess-3 | stage2_run1 | Epoch 036 | train_loss=110.0854 | train_acc=0.9267 | test_loss=19.0860 | test_acc=0.9114
2026-05-15 15:44:05,893 | INFO | SpawnProcess-4 | stage2_run2 | Epoch 037 | train_loss=111.7373 | train_acc=0.9343 | test_loss=18.7643 | test_acc=0.9378
2026-05-15 15:44:17,039 | INFO | SpawnProcess-3 | stage2_run1 | Epoch 037 | train_loss=109.6208 | train_acc=0.9281 | test_loss=18.3490 | test_acc=0.9319
2026-05-15 15:44:27,049 | INFO | SpawnProcess-4 | stage2_run2 | Epoch 038 | train_loss=111.3860 | train_acc=0.9339 | test_loss=18.6107 | test_acc=0.9377
2026-05-15 15:44:39,472 | INFO | SpawnProcess-3 | stage2_run1 | Epoch 038 | train_loss=109.2437 | train_acc=0.9284 | test_loss=18.6211 | test_acc=0.9210
2026-05-15 15:44:49,135 | INFO | SpawnProcess-4 | stage2_run2 | Epoch 039 | train_loss=110.8320 | train_acc=0.9363 | test_loss=19.2843 | test_acc=0.9163
2026-05-15 15:45:01,035 | INFO | SpawnProcess-3 | stage2_run1 | Epoch 039 | train_loss=109.5766 | train_acc=0.9266 | test_loss=18.5865 | test_acc=0.9238
2026-05-15 15:45:09,505 | INFO | SpawnProcess-4 | stage2_run2 | Epoch 040 | train_loss=110.0932 | train_acc=0.9382 | test_loss=18.6911 | test_acc=0.9323
2026-05-15 15:45:21,266 | INFO | SpawnProcess-3 | stage2_run1 | Epoch 040 | train_loss=108.7334 | train_acc=0.9299 | test_loss=18.4171 | test_acc=0.9272
2026-05-15 15:45:32,152 | INFO | SpawnProcess-4 | stage2_run2 | Epoch 041 | train_loss=109.8717 | train_acc=0.9392 | test_loss=18.3885 | test_acc=0.9426
2026-05-15 15:45:44,061 | INFO | SpawnProcess-3 | stage2_run1 | Epoch 041 | train_loss=108.7067 | train_acc=0.9295 | test_loss=18.1872 | test_acc=0.9315
2026-05-15 15:45:55,163 | INFO | SpawnProcess-4 | stage2_run2 | Epoch 042 | train_loss=110.4579 | train_acc=0.9354 | test_loss=18.8511 | test_acc=0.9302
2026-05-15 15:46:06,284 | INFO | SpawnProcess-3 | stage2_run1 | Epoch 042 | train_loss=108.2521 | train_acc=0.9314 | test_loss=18.3017 | test_acc=0.9269
2026-05-15 15:46:17,289 | INFO | SpawnProcess-4 | stage2_run2 | Epoch 043 | train_loss=110.4000 | train_acc=0.9335 | test_loss=18.4256 | test_acc=0.9419
2026-05-15 15:46:27,677 | INFO | SpawnProcess-3 | stage2_run1 | Epoch 043 | train_loss=108.5141 | train_acc=0.9288 | test_loss=18.6595 | test_acc=0.9198
2026-05-15 15:46:38,385 | INFO | SpawnProcess-4 | stage2_run2 | Epoch 044 | train_loss=109.4427 | train_acc=0.9383 | test_loss=18.3492 | test_acc=0.9401
2026-05-15 15:46:51,027 | INFO | SpawnProcess-3 | stage2_run1 | Epoch 044 | train_loss=108.1657 | train_acc=0.9287 | test_loss=18.0573 | test_acc=0.9330
2026-05-15 15:46:59,760 | INFO | SpawnProcess-4 | stage2_run2 | Epoch 045 | train_loss=108.5289 | train_acc=0.9417 | test_loss=18.4751 | test_acc=0.9375
2026-05-15 15:47:12,033 | INFO | SpawnProcess-3 | stage2_run1 | Epoch 045 | train_loss=107.6935 | train_acc=0.9311 | test_loss=18.1793 | test_acc=0.9284
2026-05-15 15:47:22,964 | INFO | SpawnProcess-4 | stage2_run2 | Epoch 046 | train_loss=108.6798 | train_acc=0.9405 | test_loss=19.3045 | test_acc=0.9121
2026-05-15 15:47:34,303 | INFO | SpawnProcess-3 | stage2_run1 | Epoch 046 | train_loss=107.1182 | train_acc=0.9329 | test_loss=18.2667 | test_acc=0.9219
2026-05-15 15:47:44,260 | INFO | SpawnProcess-4 | stage2_run2 | Epoch 047 | train_loss=109.1529 | train_acc=0.9372 | test_loss=18.3559 | test_acc=0.9392
2026-05-15 15:47:57,430 | INFO | SpawnProcess-3 | stage2_run1 | Epoch 047 | train_loss=107.5739 | train_acc=0.9310 | test_loss=18.2467 | test_acc=0.9274
2026-05-15 15:48:06,555 | INFO | SpawnProcess-4 | stage2_run2 | Epoch 048 | train_loss=109.4784 | train_acc=0.9360 | test_loss=18.3349 | test_acc=0.9389
2026-05-15 15:48:18,670 | INFO | SpawnProcess-3 | stage2_run1 | Epoch 048 | train_loss=106.6232 | train_acc=0.9337 | test_loss=18.1499 | test_acc=0.9277
2026-05-15 15:48:28,325 | INFO | SpawnProcess-4 | stage2_run2 | Epoch 049 | train_loss=109.2659 | train_acc=0.9358 | test_loss=18.3732 | test_acc=0.9383
2026-05-15 15:48:39,852 | INFO | SpawnProcess-3 | stage2_run1 | Epoch 049 | train_loss=106.3159 | train_acc=0.9343 | test_loss=18.0238 | test_acc=0.9305
2026-05-15 15:48:49,882 | INFO | SpawnProcess-4 | stage2_run2 | Epoch 050 | train_loss=107.7253 | train_acc=0.9428 | test_loss=18.3847 | test_acc=0.9384
2026-05-15 15:49:02,153 | INFO | SpawnProcess-3 | stage2_run1 | Epoch 050 | train_loss=106.3925 | train_acc=0.9338 | test_loss=18.5072 | test_acc=0.9207
2026-05-15 15:49:12,791 | INFO | SpawnProcess-4 | stage2_run2 | Epoch 051 | train_loss=108.1269 | train_acc=0.9403 | test_loss=18.5014 | test_acc=0.9352
2026-05-15 15:49:23,476 | INFO | SpawnProcess-3 | stage2_run1 | Epoch 051 | train_loss=105.3855 | train_acc=0.9373 | test_loss=18.2191 | test_acc=0.9243
2026-05-15 15:49:34,825 | INFO | SpawnProcess-4 | stage2_run2 | Epoch 052 | train_loss=107.6350 | train_acc=0.9422 | test_loss=18.4404 | test_acc=0.9332
2026-05-15 15:49:44,827 | INFO | SpawnProcess-3 | stage2_run1 | Epoch 052 | train_loss=106.3514 | train_acc=0.9326 | test_loss=18.1023 | test_acc=0.9298
2026-05-15 15:49:56,515 | INFO | SpawnProcess-4 | stage2_run2 | Epoch 053 | train_loss=107.7220 | train_acc=0.9409 | test_loss=18.3351 | test_acc=0.9390
2026-05-15 15:50:05,779 | INFO | SpawnProcess-3 | stage2_run1 | Epoch 053 | train_loss=105.6127 | train_acc=0.9351 | test_loss=18.1260 | test_acc=0.9276
2026-05-15 15:50:19,118 | INFO | SpawnProcess-4 | stage2_run2 | Epoch 054 | train_loss=108.2988 | train_acc=0.9387 | test_loss=18.1238 | test_acc=0.9424
2026-05-15 15:50:27,279 | INFO | SpawnProcess-3 | stage2_run1 | Epoch 054 | train_loss=105.1142 | train_acc=0.9368 | test_loss=18.0900 | test_acc=0.9250
2026-05-15 15:50:42,718 | INFO | SpawnProcess-4 | stage2_run2 | Epoch 055 | train_loss=107.4881 | train_acc=0.9421 | test_loss=18.3143 | test_acc=0.9369
2026-05-15 15:50:47,781 | INFO | SpawnProcess-3 | stage2_run1 | Epoch 055 | train_loss=104.4098 | train_acc=0.9392 | test_loss=18.1738 | test_acc=0.9231
2026-05-15 15:51:04,113 | INFO | SpawnProcess-4 | stage2_run2 | Epoch 056 | train_loss=106.9947 | train_acc=0.9438 | test_loss=17.9985 | test_acc=0.9443
2026-05-15 15:51:12,088 | INFO | SpawnProcess-3 | stage2_run1 | Epoch 056 | train_loss=105.2634 | train_acc=0.9352 | test_loss=17.9917 | test_acc=0.9278
2026-05-15 15:51:26,186 | INFO | SpawnProcess-4 | stage2_run2 | Epoch 057 | train_loss=107.1960 | train_acc=0.9428 | test_loss=18.0416 | test_acc=0.9430
2026-05-15 15:51:33,265 | INFO | SpawnProcess-3 | stage2_run1 | Epoch 057 | train_loss=104.7702 | train_acc=0.9372 | test_loss=17.9332 | test_acc=0.9292
2026-05-15 15:51:48,580 | INFO | SpawnProcess-4 | stage2_run2 | Epoch 058 | train_loss=106.6942 | train_acc=0.9437 | test_loss=18.6314 | test_acc=0.9253
2026-05-15 15:51:54,706 | INFO | SpawnProcess-3 | stage2_run1 | Epoch 058 | train_loss=104.8322 | train_acc=0.9366 | test_loss=17.8290 | test_acc=0.9310
2026-05-15 15:52:09,664 | INFO | SpawnProcess-4 | stage2_run2 | Epoch 059 | train_loss=107.1168 | train_acc=0.9412 | test_loss=18.0386 | test_acc=0.9419
2026-05-15 15:52:17,726 | INFO | SpawnProcess-3 | stage2_run1 | Epoch 059 | train_loss=104.1386 | train_acc=0.9385 | test_loss=17.9949 | test_acc=0.9245
2026-05-15 15:52:31,027 | INFO | SpawnProcess-4 | stage2_run2 | Epoch 060 | train_loss=106.8639 | train_acc=0.9426 | test_loss=18.0768 | test_acc=0.9414
2026-05-15 15:52:39,951 | INFO | SpawnProcess-3 | stage2_run1 | Epoch 060 | train_loss=105.1899 | train_acc=0.9332 | test_loss=17.7737 | test_acc=0.9322
2026-05-15 15:52:53,130 | INFO | SpawnProcess-4 | stage2_run2 | Epoch 061 | train_loss=106.9252 | train_acc=0.9413 | test_loss=17.8025 | test_acc=0.9474
2026-05-15 15:53:00,764 | INFO | SpawnProcess-3 | stage2_run1 | Epoch 061 | train_loss=104.5011 | train_acc=0.9368 | test_loss=17.5457 | test_acc=0.9364
2026-05-15 15:53:14,250 | INFO | SpawnProcess-4 | stage2_run2 | Epoch 062 | train_loss=106.7329 | train_acc=0.9423 | test_loss=17.9558 | test_acc=0.9459
2026-05-15 15:53:22,682 | INFO | SpawnProcess-3 | stage2_run1 | Epoch 062 | train_loss=103.6778 | train_acc=0.9389 | test_loss=17.9034 | test_acc=0.9231
2026-05-15 15:53:35,298 | INFO | SpawnProcess-4 | stage2_run2 | Epoch 063 | train_loss=106.8620 | train_acc=0.9414 | test_loss=18.0781 | test_acc=0.9397
2026-05-15 15:53:45,655 | INFO | SpawnProcess-3 | stage2_run1 | Epoch 063 | train_loss=104.4040 | train_acc=0.9365 | test_loss=17.5672 | test_acc=0.9362
2026-05-15 15:53:58,365 | INFO | SpawnProcess-4 | stage2_run2 | Epoch 064 | train_loss=105.0919 | train_acc=0.9488 | test_loss=18.0412 | test_acc=0.9402
2026-05-15 15:54:06,775 | INFO | SpawnProcess-3 | stage2_run1 | Epoch 064 | train_loss=103.4718 | train_acc=0.9393 | test_loss=17.6021 | test_acc=0.9328
2026-05-15 15:54:20,684 | INFO | SpawnProcess-4 | stage2_run2 | Epoch 065 | train_loss=105.9043 | train_acc=0.9457 | test_loss=18.1279 | test_acc=0.9399
2026-05-15 15:54:28,106 | INFO | SpawnProcess-3 | stage2_run1 | Epoch 065 | train_loss=103.2838 | train_acc=0.9394 | test_loss=17.5328 | test_acc=0.9342
2026-05-15 15:54:41,392 | INFO | SpawnProcess-4 | stage2_run2 | Epoch 066 | train_loss=105.8748 | train_acc=0.9457 | test_loss=17.8656 | test_acc=0.9453
2026-05-15 15:54:51,103 | INFO | SpawnProcess-3 | stage2_run1 | Epoch 066 | train_loss=103.3739 | train_acc=0.9373 | test_loss=17.5779 | test_acc=0.9309
2026-05-15 15:55:03,419 | INFO | SpawnProcess-4 | stage2_run2 | Epoch 067 | train_loss=105.8577 | train_acc=0.9447 | test_loss=17.9030 | test_acc=0.9418
2026-05-15 15:55:13,909 | INFO | SpawnProcess-3 | stage2_run1 | Epoch 067 | train_loss=102.8182 | train_acc=0.9395 | test_loss=18.2365 | test_acc=0.9170
2026-05-15 15:55:26,002 | INFO | SpawnProcess-4 | stage2_run2 | Epoch 068 | train_loss=105.7413 | train_acc=0.9452 | test_loss=17.7478 | test_acc=0.9463
2026-05-15 15:55:34,926 | INFO | SpawnProcess-3 | stage2_run1 | Epoch 068 | train_loss=102.8437 | train_acc=0.9381 | test_loss=18.0176 | test_acc=0.9217
2026-05-15 15:55:48,257 | INFO | SpawnProcess-4 | stage2_run2 | Epoch 069 | train_loss=105.7481 | train_acc=0.9433 | test_loss=18.5186 | test_acc=0.9233
2026-05-15 15:55:57,709 | INFO | SpawnProcess-3 | stage2_run1 | Epoch 069 | train_loss=103.7409 | train_acc=0.9347 | test_loss=17.3584 | test_acc=0.9365
2026-05-15 15:56:09,832 | INFO | SpawnProcess-4 | stage2_run2 | Epoch 070 | train_loss=105.9275 | train_acc=0.9420 | test_loss=18.2554 | test_acc=0.9287
2026-05-15 15:56:19,152 | INFO | SpawnProcess-3 | stage2_run1 | Epoch 070 | train_loss=102.4839 | train_acc=0.9399 | test_loss=17.3998 | test_acc=0.9347
2026-05-15 15:56:32,562 | INFO | SpawnProcess-4 | stage2_run2 | Epoch 071 | train_loss=105.0019 | train_acc=0.9457 | test_loss=17.8756 | test_acc=0.9424
2026-05-15 15:56:41,013 | INFO | SpawnProcess-3 | stage2_run1 | Epoch 071 | train_loss=102.2171 | train_acc=0.9394 | test_loss=17.3116 | test_acc=0.9373
2026-05-15 15:56:53,760 | INFO | SpawnProcess-4 | stage2_run2 | Epoch 072 | train_loss=104.9239 | train_acc=0.9454 | test_loss=17.9547 | test_acc=0.9356
2026-05-15 15:57:03,163 | INFO | SpawnProcess-3 | stage2_run1 | Epoch 072 | train_loss=102.1578 | train_acc=0.9387 | test_loss=17.3237 | test_acc=0.9347
2026-05-15 15:57:17,159 | INFO | SpawnProcess-4 | stage2_run2 | Epoch 073 | train_loss=105.1814 | train_acc=0.9444 | test_loss=17.8261 | test_acc=0.9361
2026-05-15 15:57:24,896 | INFO | SpawnProcess-3 | stage2_run1 | Epoch 073 | train_loss=101.2235 | train_acc=0.9434 | test_loss=17.4355 | test_acc=0.9338
2026-05-15 15:57:36,825 | INFO | SpawnProcess-4 | stage2_run2 | Epoch 074 | train_loss=104.2942 | train_acc=0.9474 | test_loss=17.7467 | test_acc=0.9443
2026-05-15 15:57:47,464 | INFO | SpawnProcess-3 | stage2_run1 | Epoch 074 | train_loss=102.0020 | train_acc=0.9395 | test_loss=17.0729 | test_acc=0.9416
2026-05-15 15:57:58,856 | INFO | SpawnProcess-4 | stage2_run2 | Epoch 075 | train_loss=104.3577 | train_acc=0.9474 | test_loss=18.2647 | test_acc=0.9330
2026-05-15 15:58:08,944 | INFO | SpawnProcess-3 | stage2_run1 | Epoch 075 | train_loss=101.7212 | train_acc=0.9403 | test_loss=17.1373 | test_acc=0.9410
2026-05-15 15:58:20,654 | INFO | SpawnProcess-4 | stage2_run2 | Epoch 076 | train_loss=104.8256 | train_acc=0.9451 | test_loss=17.7785 | test_acc=0.9426
2026-05-15 15:58:32,045 | INFO | SpawnProcess-3 | stage2_run1 | Epoch 076 | train_loss=102.8893 | train_acc=0.9347 | test_loss=17.3774 | test_acc=0.9340
2026-05-15 15:58:42,817 | INFO | SpawnProcess-4 | stage2_run2 | Epoch 077 | train_loss=104.0557 | train_acc=0.9484 | test_loss=17.7199 | test_acc=0.9448
2026-05-15 15:58:54,193 | INFO | SpawnProcess-3 | stage2_run1 | Epoch 077 | train_loss=101.3633 | train_acc=0.9412 | test_loss=17.1396 | test_acc=0.9412
2026-05-15 15:59:05,071 | INFO | SpawnProcess-4 | stage2_run2 | Epoch 078 | train_loss=104.8624 | train_acc=0.9455 | test_loss=17.8545 | test_acc=0.9374
2026-05-15 15:59:16,477 | INFO | SpawnProcess-3 | stage2_run1 | Epoch 078 | train_loss=101.2434 | train_acc=0.9421 | test_loss=17.3573 | test_acc=0.9328
2026-05-15 15:59:25,875 | INFO | SpawnProcess-4 | stage2_run2 | Epoch 079 | train_loss=103.5873 | train_acc=0.9494 | test_loss=17.7118 | test_acc=0.9430
2026-05-15 15:59:39,656 | INFO | SpawnProcess-3 | stage2_run1 | Epoch 079 | train_loss=101.4919 | train_acc=0.9409 | test_loss=17.4380 | test_acc=0.9292
2026-05-15 15:59:47,784 | INFO | SpawnProcess-4 | stage2_run2 | Epoch 080 | train_loss=103.1313 | train_acc=0.9504 | test_loss=17.5968 | test_acc=0.9457
2026-05-15 16:00:01,406 | INFO | SpawnProcess-3 | stage2_run1 | Epoch 080 | train_loss=101.5261 | train_acc=0.9398 | test_loss=17.7882 | test_acc=0.9214
2026-05-15 16:00:09,307 | INFO | SpawnProcess-4 | stage2_run2 | Epoch 081 | train_loss=104.6680 | train_acc=0.9433 | test_loss=17.3673 | test_acc=0.9492
2026-05-15 16:00:23,775 | INFO | SpawnProcess-3 | stage2_run1 | Epoch 081 | train_loss=100.6368 | train_acc=0.9440 | test_loss=17.2988 | test_acc=0.9355
2026-05-15 16:00:34,982 | INFO | SpawnProcess-4 | stage2_run2 | Epoch 082 | train_loss=103.6019 | train_acc=0.9482 | test_loss=17.7331 | test_acc=0.9415
2026-05-15 16:00:46,974 | INFO | SpawnProcess-3 | stage2_run1 | Epoch 082 | train_loss=100.9458 | train_acc=0.9420 | test_loss=16.9813 | test_acc=0.9406
2026-05-15 16:00:57,680 | INFO | SpawnProcess-4 | stage2_run2 | Epoch 083 | train_loss=104.0750 | train_acc=0.9455 | test_loss=17.4633 | test_acc=0.9483
2026-05-15 16:01:11,397 | INFO | SpawnProcess-3 | stage2_run1 | Epoch 083 | train_loss=101.0541 | train_acc=0.9412 | test_loss=17.5460 | test_acc=0.9259
2026-05-15 16:01:21,281 | INFO | SpawnProcess-4 | stage2_run2 | Epoch 084 | train_loss=103.2821 | train_acc=0.9490 | test_loss=17.8572 | test_acc=0.9364
2026-05-15 16:01:35,604 | INFO | SpawnProcess-3 | stage2_run1 | Epoch 084 | train_loss=101.1772 | train_acc=0.9404 | test_loss=17.0768 | test_acc=0.9401
2026-05-15 16:01:44,475 | INFO | SpawnProcess-4 | stage2_run2 | Epoch 085 | train_loss=102.6326 | train_acc=0.9514 | test_loss=17.4518 | test_acc=0.9499
2026-05-15 16:02:02,640 | INFO | SpawnProcess-3 | stage2_run1 | Epoch 085 | train_loss=101.5038 | train_acc=0.9392 | test_loss=17.1704 | test_acc=0.9383
2026-05-15 16:02:06,833 | INFO | SpawnProcess-4 | stage2_run2 | Epoch 086 | train_loss=103.7900 | train_acc=0.9462 | test_loss=17.4066 | test_acc=0.9479
2026-05-15 16:02:24,880 | INFO | SpawnProcess-3 | stage2_run1 | Epoch 086 | train_loss=101.2884 | train_acc=0.9397 | test_loss=17.2836 | test_acc=0.9352
2026-05-15 16:02:28,863 | INFO | SpawnProcess-4 | stage2_run2 | Epoch 087 | train_loss=103.2986 | train_acc=0.9485 | test_loss=17.9072 | test_acc=0.9366
2026-05-15 16:02:48,797 | INFO | SpawnProcess-3 | stage2_run1 | Epoch 087 | train_loss=101.0305 | train_acc=0.9400 | test_loss=17.0919 | test_acc=0.9373
2026-05-15 16:02:52,772 | INFO | SpawnProcess-4 | stage2_run2 | Epoch 088 | train_loss=102.9474 | train_acc=0.9492 | test_loss=17.4858 | test_acc=0.9450
2026-05-15 16:03:10,926 | INFO | SpawnProcess-3 | stage2_run1 | Epoch 088 | train_loss=101.3039 | train_acc=0.9394 | test_loss=18.7533 | test_acc=0.8931
2026-05-15 16:03:18,579 | INFO | SpawnProcess-4 | stage2_run2 | Epoch 089 | train_loss=102.6871 | train_acc=0.9511 | test_loss=17.6919 | test_acc=0.9426
2026-05-15 16:03:34,808 | INFO | SpawnProcess-3 | stage2_run1 | Epoch 089 | train_loss=102.1806 | train_acc=0.9356 | test_loss=17.6517 | test_acc=0.9197
2026-05-15 16:03:41,644 | INFO | SpawnProcess-4 | stage2_run2 | Epoch 090 | train_loss=102.6900 | train_acc=0.9503 | test_loss=17.3668 | test_acc=0.9521
2026-05-15 16:03:57,976 | INFO | SpawnProcess-3 | stage2_run1 | Epoch 090 | train_loss=101.2375 | train_acc=0.9390 | test_loss=16.8929 | test_acc=0.9440
2026-05-15 16:04:04,752 | INFO | SpawnProcess-4 | stage2_run2 | Epoch 091 | train_loss=102.8829 | train_acc=0.9493 | test_loss=17.4510 | test_acc=0.9495
2026-05-15 16:04:20,610 | INFO | SpawnProcess-3 | stage2_run1 | Epoch 091 | train_loss=101.1027 | train_acc=0.9390 | test_loss=17.6280 | test_acc=0.9242
2026-05-15 16:04:28,191 | INFO | SpawnProcess-4 | stage2_run2 | Epoch 092 | train_loss=102.7028 | train_acc=0.9498 | test_loss=18.0451 | test_acc=0.9299
2026-05-15 16:04:43,641 | INFO | SpawnProcess-3 | stage2_run1 | Epoch 092 | train_loss=100.6229 | train_acc=0.9403 | test_loss=16.9838 | test_acc=0.9400
2026-05-15 16:04:50,449 | INFO | SpawnProcess-4 | stage2_run2 | Epoch 093 | train_loss=102.1110 | train_acc=0.9505 | test_loss=17.3093 | test_acc=0.9478
2026-05-15 16:05:06,736 | INFO | SpawnProcess-3 | stage2_run1 | Epoch 093 | train_loss=99.7205 | train_acc=0.9440 | test_loss=17.1526 | test_acc=0.9339
2026-05-15 16:05:16,142 | INFO | SpawnProcess-4 | stage2_run2 | Epoch 094 | train_loss=102.0411 | train_acc=0.9498 | test_loss=17.3282 | test_acc=0.9483
2026-05-15 16:05:30,780 | INFO | SpawnProcess-3 | stage2_run1 | Epoch 094 | train_loss=100.0910 | train_acc=0.9426 | test_loss=17.3785 | test_acc=0.9303
2026-05-15 16:05:38,031 | INFO | SpawnProcess-4 | stage2_run2 | Epoch 095 | train_loss=101.6594 | train_acc=0.9515 | test_loss=17.6855 | test_acc=0.9280
2026-05-15 16:05:53,335 | INFO | SpawnProcess-3 | stage2_run1 | Epoch 095 | train_loss=101.1576 | train_acc=0.9382 | test_loss=17.1508 | test_acc=0.9328
2026-05-15 16:06:00,546 | INFO | SpawnProcess-4 | stage2_run2 | Epoch 096 | train_loss=102.6416 | train_acc=0.9469 | test_loss=17.1754 | test_acc=0.9507
2026-05-15 16:06:18,900 | INFO | SpawnProcess-3 | stage2_run1 | Epoch 096 | train_loss=100.4378 | train_acc=0.9407 | test_loss=17.5290 | test_acc=0.9226
2026-05-15 16:06:25,049 | INFO | SpawnProcess-4 | stage2_run2 | Epoch 097 | train_loss=100.7747 | train_acc=0.9536 | test_loss=17.1201 | test_acc=0.9514
2026-05-15 16:06:40,875 | INFO | SpawnProcess-3 | stage2_run1 | Epoch 097 | train_loss=99.1787 | train_acc=0.9461 | test_loss=16.8093 | test_acc=0.9415
2026-05-15 16:06:47,291 | INFO | SpawnProcess-4 | stage2_run2 | Epoch 098 | train_loss=100.9008 | train_acc=0.9522 | test_loss=17.2025 | test_acc=0.9498
2026-05-15 16:07:05,274 | INFO | SpawnProcess-3 | stage2_run1 | Epoch 098 | train_loss=99.9156 | train_acc=0.9431 | test_loss=17.1961 | test_acc=0.9360
2026-05-15 16:07:08,861 | INFO | SpawnProcess-4 | stage2_run2 | Epoch 099 | train_loss=101.3421 | train_acc=0.9503 | test_loss=17.0187 | test_acc=0.9537
2026-05-15 16:07:27,101 | INFO | SpawnProcess-3 | stage2_run1 | Epoch 099 | train_loss=99.5422 | train_acc=0.9441 | test_loss=16.9440 | test_acc=0.9373
2026-05-15 16:07:34,103 | INFO | SpawnProcess-4 | stage2_run2 | Epoch 100 | train_loss=101.5417 | train_acc=0.9494 | test_loss=17.1841 | test_acc=0.9482
2026-05-15 16:07:50,817 | INFO | SpawnProcess-3 | stage2_run1 | Epoch 100 | train_loss=99.6988 | train_acc=0.9435 | test_loss=17.3253 | test_acc=0.9279
2026-05-15 16:07:55,880 | INFO | SpawnProcess-4 | stage2_run2 | Epoch 101 | train_loss=101.9429 | train_acc=0.9480 | test_loss=17.1900 | test_acc=0.9497
2026-05-15 16:08:14,531 | INFO | SpawnProcess-3 | stage2_run1 | Epoch 101 | train_loss=99.5162 | train_acc=0.9438 | test_loss=16.9185 | test_acc=0.9384
2026-05-15 16:08:18,511 | INFO | SpawnProcess-4 | stage2_run2 | Epoch 102 | train_loss=101.0098 | train_acc=0.9516 | test_loss=17.2426 | test_acc=0.9460
2026-05-15 16:08:37,586 | INFO | SpawnProcess-3 | stage2_run1 | Epoch 102 | train_loss=99.1614 | train_acc=0.9458 | test_loss=16.9076 | test_acc=0.9395
2026-05-15 16:08:41,108 | INFO | SpawnProcess-4 | stage2_run2 | Epoch 103 | train_loss=101.6850 | train_acc=0.9490 | test_loss=17.1299 | test_acc=0.9495
2026-05-15 16:09:00,071 | INFO | SpawnProcess-3 | stage2_run1 | Epoch 103 | train_loss=99.4290 | train_acc=0.9448 | test_loss=17.8067 | test_acc=0.9130
2026-05-15 16:09:04,479 | INFO | SpawnProcess-4 | stage2_run2 | Epoch 104 | train_loss=100.8926 | train_acc=0.9517 | test_loss=17.0265 | test_acc=0.9527
2026-05-15 16:09:23,262 | INFO | SpawnProcess-3 | stage2_run1 | Epoch 104 | train_loss=99.2005 | train_acc=0.9449 | test_loss=16.7775 | test_acc=0.9425
2026-05-15 16:09:25,795 | INFO | SpawnProcess-4 | stage2_run2 | Epoch 105 | train_loss=102.0713 | train_acc=0.9464 | test_loss=17.0680 | test_acc=0.9509
2026-05-15 16:09:46,024 | INFO | SpawnProcess-3 | stage2_run1 | Epoch 105 | train_loss=98.8765 | train_acc=0.9462 | test_loss=16.7060 | test_acc=0.9451
2026-05-15 16:09:50,698 | INFO | SpawnProcess-4 | stage2_run2 | Epoch 106 | train_loss=100.6954 | train_acc=0.9524 | test_loss=17.1365 | test_acc=0.9497
2026-05-15 16:10:08,529 | INFO | SpawnProcess-3 | stage2_run1 | Epoch 106 | train_loss=98.9261 | train_acc=0.9456 | test_loss=16.8936 | test_acc=0.9395
2026-05-15 16:10:14,451 | INFO | SpawnProcess-4 | stage2_run2 | Epoch 107 | train_loss=100.8090 | train_acc=0.9521 | test_loss=17.1588 | test_acc=0.9476
2026-05-15 16:10:31,390 | INFO | SpawnProcess-3 | stage2_run1 | Epoch 107 | train_loss=99.7255 | train_acc=0.9419 | test_loss=17.1065 | test_acc=0.9355
2026-05-15 16:10:37,805 | INFO | SpawnProcess-4 | stage2_run2 | Epoch 108 | train_loss=100.9627 | train_acc=0.9505 | test_loss=17.3753 | test_acc=0.9436
2026-05-15 16:10:53,831 | INFO | SpawnProcess-3 | stage2_run1 | Epoch 108 | train_loss=100.2674 | train_acc=0.9398 | test_loss=17.4405 | test_acc=0.9243
2026-05-15 16:11:01,844 | INFO | SpawnProcess-4 | stage2_run2 | Epoch 109 | train_loss=101.3415 | train_acc=0.9495 | test_loss=17.1842 | test_acc=0.9460
2026-05-15 16:11:15,475 | INFO | SpawnProcess-3 | stage2_run1 | Epoch 109 | train_loss=99.6533 | train_acc=0.9419 | test_loss=16.8480 | test_acc=0.9427
2026-05-15 16:11:25,375 | INFO | SpawnProcess-4 | stage2_run2 | Epoch 110 | train_loss=101.6617 | train_acc=0.9490 | test_loss=17.5537 | test_acc=0.9359
2026-05-15 16:11:39,672 | INFO | SpawnProcess-3 | stage2_run1 | Epoch 110 | train_loss=98.8579 | train_acc=0.9456 | test_loss=16.6710 | test_acc=0.9468
2026-05-15 16:11:47,733 | INFO | SpawnProcess-4 | stage2_run2 | Epoch 111 | train_loss=101.5407 | train_acc=0.9490 | test_loss=16.9925 | test_acc=0.9515
2026-05-15 16:12:02,571 | INFO | SpawnProcess-3 | stage2_run1 | Epoch 111 | train_loss=98.2991 | train_acc=0.9478 | test_loss=16.7513 | test_acc=0.9442
2026-05-15 16:12:12,440 | INFO | SpawnProcess-4 | stage2_run2 | Epoch 112 | train_loss=100.9407 | train_acc=0.9504 | test_loss=17.5690 | test_acc=0.9381
2026-05-15 16:12:25,047 | INFO | SpawnProcess-3 | stage2_run1 | Epoch 112 | train_loss=98.6315 | train_acc=0.9461 | test_loss=16.5483 | test_acc=0.9495
2026-05-15 16:12:32,995 | INFO | SpawnProcess-4 | stage2_run2 | Epoch 113 | train_loss=101.5507 | train_acc=0.9486 | test_loss=17.1891 | test_acc=0.9491
2026-05-15 16:12:48,355 | INFO | SpawnProcess-3 | stage2_run1 | Epoch 113 | train_loss=98.4806 | train_acc=0.9472 | test_loss=16.7487 | test_acc=0.9415
2026-05-15 16:12:57,798 | INFO | SpawnProcess-4 | stage2_run2 | Epoch 114 | train_loss=100.6678 | train_acc=0.9514 | test_loss=17.2644 | test_acc=0.9462
2026-05-15 16:13:12,266 | INFO | SpawnProcess-3 | stage2_run1 | Epoch 114 | train_loss=98.7465 | train_acc=0.9451 | test_loss=16.8000 | test_acc=0.9395
2026-05-15 16:13:20,181 | INFO | SpawnProcess-4 | stage2_run2 | Epoch 115 | train_loss=99.5825 | train_acc=0.9558 | test_loss=17.1127 | test_acc=0.9484
2026-05-15 16:13:37,178 | INFO | SpawnProcess-3 | stage2_run1 | Epoch 115 | train_loss=99.0607 | train_acc=0.9439 | test_loss=16.8792 | test_acc=0.9386
2026-05-15 16:13:43,684 | INFO | SpawnProcess-4 | stage2_run2 | Epoch 116 | train_loss=100.3363 | train_acc=0.9526 | test_loss=16.9947 | test_acc=0.9490
2026-05-15 16:14:01,255 | INFO | SpawnProcess-3 | stage2_run1 | Epoch 116 | train_loss=99.1702 | train_acc=0.9435 | test_loss=16.6904 | test_acc=0.9453
2026-05-15 16:14:06,446 | INFO | SpawnProcess-4 | stage2_run2 | Epoch 117 | train_loss=101.1530 | train_acc=0.9494 | test_loss=17.2585 | test_acc=0.9473
2026-05-15 16:14:26,445 | INFO | SpawnProcess-3 | stage2_run1 | Epoch 117 | train_loss=98.7863 | train_acc=0.9450 | test_loss=17.0671 | test_acc=0.9385
2026-05-15 16:14:29,290 | INFO | SpawnProcess-4 | stage2_run2 | Epoch 118 | train_loss=100.0104 | train_acc=0.9543 | test_loss=17.2251 | test_acc=0.9461
2026-05-15 16:14:49,602 | INFO | SpawnProcess-3 | stage2_run1 | Epoch 118 | train_loss=98.1647 | train_acc=0.9475 | test_loss=16.7089 | test_acc=0.9429
2026-05-15 16:14:53,469 | INFO | SpawnProcess-4 | stage2_run2 | Epoch 119 | train_loss=100.2502 | train_acc=0.9527 | test_loss=16.8633 | test_acc=0.9542
2026-05-15 16:15:13,095 | INFO | SpawnProcess-3 | stage2_run1 | Epoch 119 | train_loss=98.5919 | train_acc=0.9456 | test_loss=16.9903 | test_acc=0.9347
2026-05-15 16:15:15,444 | INFO | SpawnProcess-4 | stage2_run2 | Epoch 120 | train_loss=101.3691 | train_acc=0.9480 | test_loss=17.0703 | test_acc=0.9479
2026-05-15 16:15:36,535 | INFO | SpawnProcess-3 | stage2_run1 | Epoch 120 | train_loss=97.5956 | train_acc=0.9495 | test_loss=16.9548 | test_acc=0.9369
2026-05-15 16:15:39,482 | INFO | SpawnProcess-4 | stage2_run2 | Epoch 121 | train_loss=100.3381 | train_acc=0.9517 | test_loss=17.0253 | test_acc=0.9511
2026-05-15 16:16:01,102 | INFO | SpawnProcess-3 | stage2_run1 | Epoch 121 | train_loss=98.9371 | train_acc=0.9446 | test_loss=17.6681 | test_acc=0.9198
2026-05-15 16:16:03,314 | INFO | SpawnProcess-4 | stage2_run2 | Epoch 122 | train_loss=100.4368 | train_acc=0.9518 | test_loss=16.8863 | test_acc=0.9548
2026-05-15 16:16:23,757 | INFO | SpawnProcess-3 | stage2_run1 | Epoch 122 | train_loss=98.7491 | train_acc=0.9448 | test_loss=17.0307 | test_acc=0.9380
2026-05-15 16:16:26,509 | INFO | SpawnProcess-4 | stage2_run2 | Epoch 123 | train_loss=100.4739 | train_acc=0.9513 | test_loss=17.1732 | test_acc=0.9468
2026-05-15 16:16:48,598 | INFO | SpawnProcess-3 | stage2_run1 | Epoch 123 | train_loss=97.9382 | train_acc=0.9483 | test_loss=16.7459 | test_acc=0.9412
2026-05-15 16:16:51,259 | INFO | SpawnProcess-4 | stage2_run2 | Epoch 124 | train_loss=100.9376 | train_acc=0.9498 | test_loss=16.9381 | test_acc=0.9501
2026-05-15 16:17:14,167 | INFO | SpawnProcess-4 | stage2_run2 | Epoch 125 | train_loss=100.6623 | train_acc=0.9508 | test_loss=17.1560 | test_acc=0.9442
2026-05-15 16:17:14,424 | INFO | SpawnProcess-3 | stage2_run1 | Epoch 124 | train_loss=98.3794 | train_acc=0.9464 | test_loss=16.9500 | test_acc=0.9364
2026-05-15 16:17:40,117 | INFO | SpawnProcess-4 | stage2_run2 | Epoch 126 | train_loss=100.0000 | train_acc=0.9527 | test_loss=17.5675 | test_acc=0.9379
2026-05-15 16:17:42,847 | INFO | SpawnProcess-3 | stage2_run1 | Epoch 125 | train_loss=98.7981 | train_acc=0.9444 | test_loss=16.6579 | test_acc=0.9458
2026-05-15 16:18:03,756 | INFO | SpawnProcess-4 | stage2_run2 | Epoch 127 | train_loss=100.2165 | train_acc=0.9526 | test_loss=17.4839 | test_acc=0.9395
2026-05-15 16:18:07,576 | INFO | SpawnProcess-3 | stage2_run1 | Epoch 126 | train_loss=98.5522 | train_acc=0.9449 | test_loss=17.3286 | test_acc=0.9269
2026-05-15 16:18:28,859 | INFO | SpawnProcess-4 | stage2_run2 | Epoch 128 | train_loss=99.6811 | train_acc=0.9547 | test_loss=16.8103 | test_acc=0.9540
2026-05-15 16:18:34,848 | INFO | SpawnProcess-3 | stage2_run1 | Epoch 127 | train_loss=99.4436 | train_acc=0.9411 | test_loss=16.7539 | test_acc=0.9404
2026-05-15 16:18:54,876 | INFO | SpawnProcess-4 | stage2_run2 | Epoch 129 | train_loss=100.1814 | train_acc=0.9524 | test_loss=17.0673 | test_acc=0.9473
2026-05-15 16:18:59,519 | INFO | SpawnProcess-3 | stage2_run1 | Epoch 128 | train_loss=98.8916 | train_acc=0.9437 | test_loss=17.1486 | test_acc=0.9319
2026-05-15 16:19:20,831 | INFO | SpawnProcess-4 | stage2_run2 | Epoch 130 | train_loss=100.3728 | train_acc=0.9515 | test_loss=17.4793 | test_acc=0.9387
2026-05-15 16:19:25,644 | INFO | SpawnProcess-3 | stage2_run1 | Epoch 129 | train_loss=98.5776 | train_acc=0.9446 | test_loss=16.8345 | test_acc=0.9417
2026-05-15 16:19:46,364 | INFO | SpawnProcess-4 | stage2_run2 | Epoch 131 | train_loss=99.4713 | train_acc=0.9553 | test_loss=16.7198 | test_acc=0.9562
2026-05-15 16:19:53,634 | INFO | SpawnProcess-3 | stage2_run1 | Epoch 130 | train_loss=97.4834 | train_acc=0.9488 | test_loss=16.7952 | test_acc=0.9405
2026-05-15 16:20:11,411 | INFO | SpawnProcess-4 | stage2_run2 | Epoch 132 | train_loss=99.6811 | train_acc=0.9548 | test_loss=17.0493 | test_acc=0.9432
2026-05-15 16:20:17,486 | INFO | SpawnProcess-3 | stage2_run1 | Epoch 131 | train_loss=97.9073 | train_acc=0.9465 | test_loss=16.4741 | test_acc=0.9456
2026-05-15 16:20:35,197 | INFO | SpawnProcess-4 | stage2_run2 | Epoch 133 | train_loss=100.0641 | train_acc=0.9519 | test_loss=16.7794 | test_acc=0.9538
2026-05-15 16:20:42,647 | INFO | SpawnProcess-3 | stage2_run1 | Epoch 132 | train_loss=97.5215 | train_acc=0.9486 | test_loss=16.8200 | test_acc=0.9395
2026-05-15 16:20:58,610 | INFO | SpawnProcess-4 | stage2_run2 | Epoch 134 | train_loss=98.5038 | train_acc=0.9578 | test_loss=16.8522 | test_acc=0.9549
2026-05-15 16:21:06,141 | INFO | SpawnProcess-3 | stage2_run1 | Epoch 133 | train_loss=97.4327 | train_acc=0.9489 | test_loss=16.6136 | test_acc=0.9430
2026-05-15 16:21:22,942 | INFO | SpawnProcess-4 | stage2_run2 | Epoch 135 | train_loss=100.0601 | train_acc=0.9522 | test_loss=17.1070 | test_acc=0.9466
2026-05-15 16:21:30,793 | INFO | SpawnProcess-3 | stage2_run1 | Epoch 134 | train_loss=97.8793 | train_acc=0.9467 | test_loss=17.0844 | test_acc=0.9343
2026-05-15 16:21:48,047 | INFO | SpawnProcess-4 | stage2_run2 | Epoch 136 | train_loss=100.3134 | train_acc=0.9513 | test_loss=16.8786 | test_acc=0.9527
2026-05-15 16:21:53,349 | INFO | SpawnProcess-3 | stage2_run1 | Epoch 135 | train_loss=98.1216 | train_acc=0.9457 | test_loss=16.5656 | test_acc=0.9438
2026-05-15 16:22:11,657 | INFO | SpawnProcess-4 | stage2_run2 | Epoch 137 | train_loss=99.3680 | train_acc=0.9553 | test_loss=16.9242 | test_acc=0.9514
2026-05-15 16:22:17,428 | INFO | SpawnProcess-3 | stage2_run1 | Epoch 136 | train_loss=97.6747 | train_acc=0.9471 | test_loss=16.5840 | test_acc=0.9439
2026-05-15 16:22:35,141 | INFO | SpawnProcess-4 | stage2_run2 | Epoch 138 | train_loss=99.8202 | train_acc=0.9530 | test_loss=16.6667 | test_acc=0.9590
2026-05-15 16:22:39,984 | INFO | SpawnProcess-3 | stage2_run1 | Epoch 137 | train_loss=98.7027 | train_acc=0.9428 | test_loss=16.7458 | test_acc=0.9424
2026-05-15 16:22:56,719 | INFO | SpawnProcess-4 | stage2_run2 | Epoch 139 | train_loss=99.5539 | train_acc=0.9539 | test_loss=16.6544 | test_acc=0.9574
2026-05-15 16:23:04,063 | INFO | SpawnProcess-3 | stage2_run1 | Epoch 138 | train_loss=98.7415 | train_acc=0.9422 | test_loss=16.6257 | test_acc=0.9427
2026-05-15 16:23:17,802 | INFO | SpawnProcess-4 | stage2_run2 | Epoch 140 | train_loss=98.6876 | train_acc=0.9573 | test_loss=16.7998 | test_acc=0.9527
2026-05-15 16:23:30,661 | INFO | SpawnProcess-3 | stage2_run1 | Epoch 139 | train_loss=98.3018 | train_acc=0.9449 | test_loss=16.8328 | test_acc=0.9383
2026-05-15 16:23:40,513 | INFO | SpawnProcess-4 | stage2_run2 | Epoch 141 | train_loss=98.8592 | train_acc=0.9563 | test_loss=17.1272 | test_acc=0.9456
2026-05-15 16:23:52,814 | INFO | SpawnProcess-3 | stage2_run1 | Epoch 140 | train_loss=97.5659 | train_acc=0.9471 | test_loss=17.0503 | test_acc=0.9361
2026-05-15 16:24:04,181 | INFO | SpawnProcess-4 | stage2_run2 | Epoch 142 | train_loss=99.2413 | train_acc=0.9552 | test_loss=17.1213 | test_acc=0.9473
2026-05-15 16:24:14,642 | INFO | SpawnProcess-3 | stage2_run1 | Epoch 141 | train_loss=99.2078 | train_acc=0.9405 | test_loss=16.7029 | test_acc=0.9406
2026-05-15 16:24:29,117 | INFO | SpawnProcess-4 | stage2_run2 | Epoch 143 | train_loss=99.1759 | train_acc=0.9550 | test_loss=17.0253 | test_acc=0.9488
2026-05-15 16:24:37,554 | INFO | SpawnProcess-3 | stage2_run1 | Epoch 142 | train_loss=98.1708 | train_acc=0.9443 | test_loss=16.7112 | test_acc=0.9399
2026-05-15 16:24:52,466 | INFO | SpawnProcess-4 | stage2_run2 | Epoch 144 | train_loss=98.7156 | train_acc=0.9569 | test_loss=16.9103 | test_acc=0.9507
2026-05-15 16:25:00,216 | INFO | SpawnProcess-3 | stage2_run1 | Epoch 143 | train_loss=97.2588 | train_acc=0.9481 | test_loss=17.2152 | test_acc=0.9276
2026-05-15 16:25:14,455 | INFO | SpawnProcess-4 | stage2_run2 | Epoch 145 | train_loss=98.8078 | train_acc=0.9565 | test_loss=17.5593 | test_acc=0.9340
2026-05-15 16:25:25,788 | INFO | SpawnProcess-3 | stage2_run1 | Epoch 144 | train_loss=97.1878 | train_acc=0.9487 | test_loss=16.8338 | test_acc=0.9368
2026-05-15 16:25:36,216 | INFO | SpawnProcess-4 | stage2_run2 | Epoch 146 | train_loss=99.6530 | train_acc=0.9532 | test_loss=16.9497 | test_acc=0.9506
2026-05-15 16:25:48,953 | INFO | SpawnProcess-3 | stage2_run1 | Epoch 145 | train_loss=96.8078 | train_acc=0.9493 | test_loss=16.4011 | test_acc=0.9475
2026-05-15 16:25:58,929 | INFO | SpawnProcess-4 | stage2_run2 | Epoch 147 | train_loss=99.5293 | train_acc=0.9533 | test_loss=16.8306 | test_acc=0.9509
2026-05-15 16:26:11,496 | INFO | SpawnProcess-3 | stage2_run1 | Epoch 146 | train_loss=96.9188 | train_acc=0.9490 | test_loss=17.0330 | test_acc=0.9335
2026-05-15 16:26:21,545 | INFO | SpawnProcess-4 | stage2_run2 | Epoch 148 | train_loss=98.7542 | train_acc=0.9555 | test_loss=16.7597 | test_acc=0.9532
2026-05-15 16:26:34,907 | INFO | SpawnProcess-3 | stage2_run1 | Epoch 147 | train_loss=97.2658 | train_acc=0.9480 | test_loss=16.4219 | test_acc=0.9478
2026-05-15 16:26:46,627 | INFO | SpawnProcess-4 | stage2_run2 | Epoch 149 | train_loss=99.3454 | train_acc=0.9538 | test_loss=18.0079 | test_acc=0.9230
2026-05-15 16:26:57,119 | INFO | SpawnProcess-3 | stage2_run1 | Epoch 148 | train_loss=97.8550 | train_acc=0.9450 | test_loss=16.6766 | test_acc=0.9420
2026-05-15 16:27:12,565 | INFO | SpawnProcess-4 | stage2_run2 | Epoch 150 | train_loss=100.4965 | train_acc=0.9493 | test_loss=16.9866 | test_acc=0.9477
2026-05-15 16:27:18,676 | INFO | SpawnProcess-3 | stage2_run1 | Epoch 149 | train_loss=97.4116 | train_acc=0.9474 | test_loss=17.3411 | test_acc=0.9260
2026-05-15 16:27:35,111 | INFO | SpawnProcess-4 | stage2_run2 | Epoch 151 | train_loss=99.8732 | train_acc=0.9522 | test_loss=16.7360 | test_acc=0.9557
2026-05-15 16:27:41,496 | INFO | SpawnProcess-3 | stage2_run1 | Epoch 150 | train_loss=97.9115 | train_acc=0.9449 | test_loss=16.7193 | test_acc=0.9396
2026-05-15 16:27:57,755 | INFO | SpawnProcess-4 | stage2_run2 | Epoch 152 | train_loss=98.7049 | train_acc=0.9567 | test_loss=16.9931 | test_acc=0.9467
2026-05-15 16:28:03,794 | INFO | SpawnProcess-3 | stage2_run1 | Epoch 151 | train_loss=97.6048 | train_acc=0.9466 | test_loss=16.8285 | test_acc=0.9367
2026-05-15 16:28:21,634 | INFO | SpawnProcess-4 | stage2_run2 | Epoch 153 | train_loss=101.1034 | train_acc=0.9465 | test_loss=16.8467 | test_acc=0.9531
2026-05-15 16:28:26,540 | INFO | SpawnProcess-3 | stage2_run1 | Epoch 152 | train_loss=96.4867 | train_acc=0.9512 | test_loss=17.8672 | test_acc=0.9131
2026-05-15 16:28:45,468 | INFO | SpawnProcess-4 | stage2_run2 | Epoch 154 | train_loss=99.9091 | train_acc=0.9509 | test_loss=16.9498 | test_acc=0.9485
2026-05-15 16:28:48,916 | INFO | SpawnProcess-3 | stage2_run1 | Epoch 153 | train_loss=97.2776 | train_acc=0.9468 | test_loss=16.9405 | test_acc=0.9345
2026-05-15 16:29:08,397 | INFO | SpawnProcess-4 | stage2_run2 | Epoch 155 | train_loss=99.0291 | train_acc=0.9546 | test_loss=17.1031 | test_acc=0.9453
2026-05-15 16:29:12,417 | INFO | SpawnProcess-3 | stage2_run1 | Epoch 154 | train_loss=98.1211 | train_acc=0.9437 | test_loss=16.7177 | test_acc=0.9398
2026-05-15 16:29:30,971 | INFO | SpawnProcess-4 | stage2_run2 | Epoch 156 | train_loss=99.2453 | train_acc=0.9540 | test_loss=17.0091 | test_acc=0.9477
2026-05-15 16:29:35,142 | INFO | SpawnProcess-3 | stage2_run1 | Epoch 155 | train_loss=97.3949 | train_acc=0.9469 | test_loss=16.6792 | test_acc=0.9387
2026-05-15 16:29:53,263 | INFO | SpawnProcess-4 | stage2_run2 | Epoch 157 | train_loss=99.1480 | train_acc=0.9539 | test_loss=16.7897 | test_acc=0.9534
2026-05-15 16:30:00,272 | INFO | SpawnProcess-3 | stage2_run1 | Epoch 156 | train_loss=97.3408 | train_acc=0.9466 | test_loss=16.5800 | test_acc=0.9447
2026-05-15 16:30:19,551 | INFO | SpawnProcess-4 | stage2_run2 | Epoch 158 | train_loss=98.7454 | train_acc=0.9558 | test_loss=17.2106 | test_acc=0.9442
2026-05-15 16:30:24,220 | INFO | SpawnProcess-3 | stage2_run1 | Epoch 157 | train_loss=97.4945 | train_acc=0.9458 | test_loss=16.3436 | test_acc=0.9496
2026-05-15 16:30:43,042 | INFO | SpawnProcess-4 | stage2_run2 | Epoch 159 | train_loss=98.8654 | train_acc=0.9550 | test_loss=16.9140 | test_acc=0.9491
2026-05-15 16:30:47,308 | INFO | SpawnProcess-3 | stage2_run1 | Epoch 158 | train_loss=95.9427 | train_acc=0.9525 | test_loss=16.3588 | test_acc=0.9494
2026-05-15 16:31:06,348 | INFO | SpawnProcess-4 | stage2_run2 | Epoch 160 | train_loss=99.7205 | train_acc=0.9518 | test_loss=16.9294 | test_acc=0.9499
2026-05-15 16:31:11,122 | INFO | SpawnProcess-3 | stage2_run1 | Epoch 159 | train_loss=96.8181 | train_acc=0.9489 | test_loss=16.7105 | test_acc=0.9376
2026-05-15 16:31:27,634 | INFO | SpawnProcess-4 | stage2_run2 | Epoch 161 | train_loss=99.7328 | train_acc=0.9521 | test_loss=16.7340 | test_acc=0.9539
2026-05-15 16:31:35,768 | INFO | SpawnProcess-3 | stage2_run1 | Epoch 160 | train_loss=96.7984 | train_acc=0.9485 | test_loss=17.0010 | test_acc=0.9337
2026-05-15 16:31:48,308 | INFO | SpawnProcess-4 | stage2_run2 | Epoch 162 | train_loss=98.9268 | train_acc=0.9545 | test_loss=16.6665 | test_acc=0.9532
2026-05-15 16:32:03,682 | INFO | SpawnProcess-3 | stage2_run1 | Epoch 161 | train_loss=97.0166 | train_acc=0.9478 | test_loss=16.4838 | test_acc=0.9454
2026-05-15 16:32:16,166 | INFO | SpawnProcess-4 | stage2_run2 | Epoch 163 | train_loss=98.0153 | train_acc=0.9580 | test_loss=16.5902 | test_acc=0.9555
2026-05-15 16:32:28,487 | INFO | SpawnProcess-3 | stage2_run1 | Epoch 162 | train_loss=97.2842 | train_acc=0.9461 | test_loss=16.5570 | test_acc=0.9425
2026-05-15 16:32:39,220 | INFO | SpawnProcess-4 | stage2_run2 | Epoch 164 | train_loss=98.1054 | train_acc=0.9574 | test_loss=16.6635 | test_acc=0.9557
2026-05-15 16:32:50,670 | INFO | SpawnProcess-3 | stage2_run1 | Epoch 163 | train_loss=97.1526 | train_acc=0.9459 | test_loss=16.5155 | test_acc=0.9451
2026-05-15 16:33:03,373 | INFO | SpawnProcess-4 | stage2_run2 | Epoch 165 | train_loss=98.6368 | train_acc=0.9552 | test_loss=16.6169 | test_acc=0.9556
2026-05-15 16:33:10,940 | INFO | SpawnProcess-3 | stage2_run1 | Epoch 164 | train_loss=96.5236 | train_acc=0.9487 | test_loss=16.5543 | test_acc=0.9419
2026-05-15 16:33:27,149 | INFO | SpawnProcess-4 | stage2_run2 | Epoch 166 | train_loss=98.6571 | train_acc=0.9557 | test_loss=16.8639 | test_acc=0.9511
2026-05-15 16:33:35,608 | INFO | SpawnProcess-3 | stage2_run1 | Epoch 165 | train_loss=96.8214 | train_acc=0.9476 | test_loss=17.4091 | test_acc=0.9191
2026-05-15 16:33:49,056 | INFO | SpawnProcess-4 | stage2_run2 | Epoch 167 | train_loss=99.6096 | train_acc=0.9516 | test_loss=16.9707 | test_acc=0.9476
2026-05-15 16:33:57,219 | INFO | SpawnProcess-3 | stage2_run1 | Epoch 166 | train_loss=96.2377 | train_acc=0.9491 | test_loss=16.7133 | test_acc=0.9351
2026-05-15 16:34:13,727 | INFO | SpawnProcess-4 | stage2_run2 | Epoch 168 | train_loss=98.0110 | train_acc=0.9579 | test_loss=16.6240 | test_acc=0.9557
2026-05-15 16:34:18,027 | INFO | SpawnProcess-3 | stage2_run1 | Epoch 167 | train_loss=95.9637 | train_acc=0.9499 | test_loss=16.2966 | test_acc=0.9466
2026-05-15 16:34:37,461 | INFO | SpawnProcess-4 | stage2_run2 | Epoch 169 | train_loss=98.5033 | train_acc=0.9559 | test_loss=16.8666 | test_acc=0.9490
2026-05-15 16:34:39,888 | INFO | SpawnProcess-3 | stage2_run1 | Epoch 168 | train_loss=96.5644 | train_acc=0.9473 | test_loss=16.3082 | test_acc=0.9459
2026-05-15 16:35:00,357 | INFO | SpawnProcess-4 | stage2_run2 | Epoch 170 | train_loss=99.5599 | train_acc=0.9518 | test_loss=16.6347 | test_acc=0.9557
2026-05-15 16:35:01,687 | INFO | SpawnProcess-3 | stage2_run1 | Epoch 169 | train_loss=96.2682 | train_acc=0.9486 | test_loss=16.4248 | test_acc=0.9431
2026-05-15 16:35:21,129 | INFO | SpawnProcess-4 | stage2_run2 | Epoch 171 | train_loss=100.7306 | train_acc=0.9465 | test_loss=17.0111 | test_acc=0.9457
2026-05-15 16:35:26,079 | INFO | SpawnProcess-3 | stage2_run1 | Epoch 170 | train_loss=96.2480 | train_acc=0.9483 | test_loss=17.2983 | test_acc=0.9232
2026-05-15 16:35:44,029 | INFO | SpawnProcess-4 | stage2_run2 | Epoch 172 | train_loss=99.2976 | train_acc=0.9533 | test_loss=17.0423 | test_acc=0.9483
2026-05-15 16:35:48,043 | INFO | SpawnProcess-3 | stage2_run1 | Epoch 171 | train_loss=97.2682 | train_acc=0.9448 | test_loss=16.6478 | test_acc=0.9384
2026-05-15 16:36:08,007 | INFO | SpawnProcess-4 | stage2_run2 | Epoch 173 | train_loss=98.8789 | train_acc=0.9546 | test_loss=17.0286 | test_acc=0.9461
2026-05-15 16:36:09,953 | INFO | SpawnProcess-3 | stage2_run1 | Epoch 172 | train_loss=96.3243 | train_acc=0.9482 | test_loss=16.3338 | test_acc=0.9438
2026-05-15 16:36:32,452 | INFO | SpawnProcess-4 | stage2_run2 | Epoch 174 | train_loss=99.3833 | train_acc=0.9524 | test_loss=16.8945 | test_acc=0.9501
2026-05-15 16:36:34,292 | INFO | SpawnProcess-3 | stage2_run1 | Epoch 173 | train_loss=95.4343 | train_acc=0.9518 | test_loss=16.5305 | test_acc=0.9431
2026-05-15 16:36:54,194 | INFO | SpawnProcess-4 | stage2_run2 | Epoch 175 | train_loss=98.6826 | train_acc=0.9551 | test_loss=16.7066 | test_acc=0.9515
2026-05-15 16:36:58,908 | INFO | SpawnProcess-3 | stage2_run1 | Epoch 174 | train_loss=96.5959 | train_acc=0.9468 | test_loss=16.4546 | test_acc=0.9396
2026-05-15 16:37:18,666 | INFO | SpawnProcess-4 | stage2_run2 | Epoch 176 | train_loss=98.0999 | train_acc=0.9575 | test_loss=16.6141 | test_acc=0.9552
2026-05-15 16:37:20,158 | INFO | SpawnProcess-3 | stage2_run1 | Epoch 175 | train_loss=95.0551 | train_acc=0.9529 | test_loss=16.7485 | test_acc=0.9368
2026-05-15 16:37:41,605 | INFO | SpawnProcess-3 | stage2_run1 | Epoch 176 | train_loss=95.3951 | train_acc=0.9516 | test_loss=16.6052 | test_acc=0.9402
2026-05-15 16:37:42,814 | INFO | SpawnProcess-4 | stage2_run2 | Epoch 177 | train_loss=99.3658 | train_acc=0.9515 | test_loss=16.8256 | test_acc=0.9519
2026-05-15 16:38:05,314 | INFO | SpawnProcess-4 | stage2_run2 | Epoch 178 | train_loss=99.5778 | train_acc=0.9508 | test_loss=17.1811 | test_acc=0.9413
2026-05-15 16:38:07,360 | INFO | SpawnProcess-3 | stage2_run1 | Epoch 177 | train_loss=97.0893 | train_acc=0.9444 | test_loss=16.8427 | test_acc=0.9318
2026-05-15 16:38:27,569 | INFO | SpawnProcess-4 | stage2_run2 | Epoch 179 | train_loss=98.5746 | train_acc=0.9555 | test_loss=16.7191 | test_acc=0.9537
2026-05-15 16:38:31,017 | INFO | SpawnProcess-3 | stage2_run1 | Epoch 178 | train_loss=95.7800 | train_acc=0.9498 | test_loss=16.2404 | test_acc=0.9480
2026-05-15 16:38:50,267 | INFO | SpawnProcess-4 | stage2_run2 | Epoch 180 | train_loss=98.4287 | train_acc=0.9563 | test_loss=16.7765 | test_acc=0.9535
2026-05-15 16:38:53,119 | INFO | SpawnProcess-3 | stage2_run1 | Epoch 179 | train_loss=95.8519 | train_acc=0.9489 | test_loss=16.3415 | test_acc=0.9451
2026-05-15 16:39:14,262 | INFO | SpawnProcess-4 | stage2_run2 | Epoch 181 | train_loss=97.7488 | train_acc=0.9584 | test_loss=16.6613 | test_acc=0.9550
2026-05-15 16:39:14,604 | INFO | SpawnProcess-3 | stage2_run1 | Epoch 180 | train_loss=96.3247 | train_acc=0.9474 | test_loss=16.5180 | test_acc=0.9424
2026-05-15 16:39:36,277 | INFO | SpawnProcess-4 | stage2_run2 | Epoch 182 | train_loss=98.9453 | train_acc=0.9536 | test_loss=16.7157 | test_acc=0.9541
2026-05-15 16:39:39,811 | INFO | SpawnProcess-3 | stage2_run1 | Epoch 181 | train_loss=96.0437 | train_acc=0.9488 | test_loss=17.0047 | test_acc=0.9279
2026-05-15 16:39:59,149 | INFO | SpawnProcess-4 | stage2_run2 | Epoch 183 | train_loss=98.9397 | train_acc=0.9530 | test_loss=17.0909 | test_acc=0.9454
2026-05-15 16:40:02,756 | INFO | SpawnProcess-3 | stage2_run1 | Epoch 182 | train_loss=96.1054 | train_acc=0.9489 | test_loss=16.4289 | test_acc=0.9445
2026-05-15 16:40:21,415 | INFO | SpawnProcess-4 | stage2_run2 | Epoch 184 | train_loss=99.5474 | train_acc=0.9509 | test_loss=16.7912 | test_acc=0.9520
2026-05-15 16:40:27,536 | INFO | SpawnProcess-3 | stage2_run1 | Epoch 183 | train_loss=95.3915 | train_acc=0.9510 | test_loss=16.2794 | test_acc=0.9471
2026-05-15 16:40:42,758 | INFO | SpawnProcess-4 | stage2_run2 | Epoch 185 | train_loss=98.3635 | train_acc=0.9560 | test_loss=16.8710 | test_acc=0.9513
2026-05-15 16:40:50,327 | INFO | SpawnProcess-3 | stage2_run1 | Epoch 184 | train_loss=95.4066 | train_acc=0.9511 | test_loss=16.3638 | test_acc=0.9460
2026-05-15 16:41:07,338 | INFO | SpawnProcess-4 | stage2_run2 | Epoch 186 | train_loss=98.6051 | train_acc=0.9549 | test_loss=16.9299 | test_acc=0.9493
2026-05-15 16:41:12,811 | INFO | SpawnProcess-3 | stage2_run1 | Epoch 185 | train_loss=95.3632 | train_acc=0.9506 | test_loss=16.4956 | test_acc=0.9437
2026-05-15 16:41:31,436 | INFO | SpawnProcess-4 | stage2_run2 | Epoch 187 | train_loss=98.6324 | train_acc=0.9551 | test_loss=17.0062 | test_acc=0.9443
2026-05-15 16:41:36,733 | INFO | SpawnProcess-3 | stage2_run1 | Epoch 186 | train_loss=96.6492 | train_acc=0.9466 | test_loss=16.6585 | test_acc=0.9387
2026-05-15 16:41:52,519 | INFO | SpawnProcess-4 | stage2_run2 | Epoch 188 | train_loss=98.9846 | train_acc=0.9538 | test_loss=16.6801 | test_acc=0.9541
2026-05-15 16:42:04,205 | INFO | SpawnProcess-3 | stage2_run1 | Epoch 187 | train_loss=96.4402 | train_acc=0.9471 | test_loss=17.0613 | test_acc=0.9261
2026-05-15 16:42:16,086 | INFO | SpawnProcess-4 | stage2_run2 | Epoch 189 | train_loss=98.1346 | train_acc=0.9570 | test_loss=17.0913 | test_acc=0.9449
2026-05-15 16:42:26,297 | INFO | SpawnProcess-3 | stage2_run1 | Epoch 188 | train_loss=96.6899 | train_acc=0.9450 | test_loss=16.1393 | test_acc=0.9504
2026-05-15 16:42:38,947 | INFO | SpawnProcess-4 | stage2_run2 | Epoch 190 | train_loss=98.4442 | train_acc=0.9560 | test_loss=16.5879 | test_acc=0.9572
2026-05-15 16:42:48,247 | INFO | SpawnProcess-3 | stage2_run1 | Epoch 189 | train_loss=97.4003 | train_acc=0.9428 | test_loss=17.0665 | test_acc=0.9240
2026-05-15 16:43:03,329 | INFO | SpawnProcess-4 | stage2_run2 | Epoch 191 | train_loss=97.3055 | train_acc=0.9606 | test_loss=16.7127 | test_acc=0.9525
2026-05-15 16:43:12,652 | INFO | SpawnProcess-3 | stage2_run1 | Epoch 190 | train_loss=96.4137 | train_acc=0.9468 | test_loss=16.3242 | test_acc=0.9445
2026-05-15 16:43:24,957 | INFO | SpawnProcess-4 | stage2_run2 | Epoch 192 | train_loss=97.8009 | train_acc=0.9581 | test_loss=16.7735 | test_acc=0.9519
2026-05-15 16:43:35,338 | INFO | SpawnProcess-3 | stage2_run1 | Epoch 191 | train_loss=96.6526 | train_acc=0.9459 | test_loss=16.5935 | test_acc=0.9383
2026-05-15 16:43:48,006 | INFO | SpawnProcess-4 | stage2_run2 | Epoch 193 | train_loss=98.9554 | train_acc=0.9531 | test_loss=16.6778 | test_acc=0.9546
2026-05-15 16:43:58,456 | INFO | SpawnProcess-3 | stage2_run1 | Epoch 192 | train_loss=95.7999 | train_acc=0.9482 | test_loss=16.2142 | test_acc=0.9483
2026-05-15 16:44:11,731 | INFO | SpawnProcess-4 | stage2_run2 | Epoch 194 | train_loss=98.2636 | train_acc=0.9562 | test_loss=16.5806 | test_acc=0.9554
2026-05-15 16:44:21,077 | INFO | SpawnProcess-3 | stage2_run1 | Epoch 193 | train_loss=96.2745 | train_acc=0.9468 | test_loss=16.8525 | test_acc=0.9333
2026-05-15 16:44:35,775 | INFO | SpawnProcess-4 | stage2_run2 | Epoch 195 | train_loss=97.8613 | train_acc=0.9577 | test_loss=16.9810 | test_acc=0.9472
2026-05-15 16:44:42,734 | INFO | SpawnProcess-3 | stage2_run1 | Epoch 194 | train_loss=96.1643 | train_acc=0.9476 | test_loss=16.3903 | test_acc=0.9421
2026-05-15 16:44:58,046 | INFO | SpawnProcess-4 | stage2_run2 | Epoch 196 | train_loss=98.4671 | train_acc=0.9557 | test_loss=16.6765 | test_acc=0.9537
2026-05-15 16:45:06,507 | INFO | SpawnProcess-3 | stage2_run1 | Epoch 195 | train_loss=95.8761 | train_acc=0.9489 | test_loss=16.6456 | test_acc=0.9356
2026-05-15 16:45:20,675 | INFO | SpawnProcess-4 | stage2_run2 | Epoch 197 | train_loss=98.2679 | train_acc=0.9560 | test_loss=16.6476 | test_acc=0.9560
2026-05-15 16:45:31,161 | INFO | SpawnProcess-3 | stage2_run1 | Epoch 196 | train_loss=97.3988 | train_acc=0.9426 | test_loss=16.4430 | test_acc=0.9439
2026-05-15 16:45:43,794 | INFO | SpawnProcess-4 | stage2_run2 | Epoch 198 | train_loss=97.2042 | train_acc=0.9605 | test_loss=16.9491 | test_acc=0.9469
2026-05-15 16:45:53,155 | INFO | SpawnProcess-3 | stage2_run1 | Epoch 197 | train_loss=95.7525 | train_acc=0.9495 | test_loss=16.1904 | test_acc=0.9494
2026-05-15 16:46:07,203 | INFO | SpawnProcess-4 | stage2_run2 | Epoch 199 | train_loss=98.3998 | train_acc=0.9558 | test_loss=16.6066 | test_acc=0.9572
2026-05-15 16:46:15,580 | INFO | SpawnProcess-3 | stage2_run1 | Epoch 198 | train_loss=95.6837 | train_acc=0.9488 | test_loss=16.1699 | test_acc=0.9474
2026-05-15 16:46:30,636 | INFO | SpawnProcess-4 | stage2_run2 | Epoch 200 | train_loss=98.4036 | train_acc=0.9553 | test_loss=16.7466 | test_acc=0.9510
2026-05-15 16:46:40,529 | INFO | SpawnProcess-3 | stage2_run1 | Epoch 199 | train_loss=94.8275 | train_acc=0.9521 | test_loss=15.9767 | test_acc=0.9553
2026-05-15 16:46:52,050 | INFO | SpawnProcess-4 | stage2_run2 | Epoch 201 | train_loss=97.9278 | train_acc=0.9577 | test_loss=17.0581 | test_acc=0.9434
2026-05-15 16:47:04,133 | INFO | SpawnProcess-3 | stage2_run1 | Epoch 200 | train_loss=94.5269 | train_acc=0.9541 | test_loss=16.3925 | test_acc=0.9423
2026-05-15 16:47:16,218 | INFO | SpawnProcess-4 | stage2_run2 | Epoch 202 | train_loss=98.0790 | train_acc=0.9566 | test_loss=16.7305 | test_acc=0.9519
2026-05-15 16:47:26,926 | INFO | SpawnProcess-3 | stage2_run1 | Epoch 201 | train_loss=94.8684 | train_acc=0.9528 | test_loss=16.1919 | test_acc=0.9478
2026-05-15 16:47:38,776 | INFO | SpawnProcess-4 | stage2_run2 | Epoch 203 | train_loss=98.0520 | train_acc=0.9563 | test_loss=16.4430 | test_acc=0.9605
2026-05-15 16:47:52,677 | INFO | SpawnProcess-3 | stage2_run1 | Epoch 202 | train_loss=95.5943 | train_acc=0.9494 | test_loss=16.9471 | test_acc=0.9287
2026-05-15 16:48:00,325 | INFO | SpawnProcess-4 | stage2_run2 | Epoch 204 | train_loss=98.1860 | train_acc=0.9555 | test_loss=16.6403 | test_acc=0.9536
2026-05-15 16:48:17,074 | INFO | SpawnProcess-3 | stage2_run1 | Epoch 203 | train_loss=95.6446 | train_acc=0.9490 | test_loss=16.1333 | test_acc=0.9482
2026-05-15 16:48:24,197 | INFO | SpawnProcess-4 | stage2_run2 | Epoch 205 | train_loss=99.0604 | train_acc=0.9531 | test_loss=16.5184 | test_acc=0.9586
2026-05-15 16:48:40,573 | INFO | SpawnProcess-3 | stage2_run1 | Epoch 204 | train_loss=94.4795 | train_acc=0.9535 | test_loss=16.1649 | test_acc=0.9503
2026-05-15 16:48:45,733 | INFO | SpawnProcess-4 | stage2_run2 | Epoch 206 | train_loss=98.9177 | train_acc=0.9530 | test_loss=16.9666 | test_acc=0.9468
2026-05-15 16:49:04,714 | INFO | SpawnProcess-3 | stage2_run1 | Epoch 205 | train_loss=97.2056 | train_acc=0.9427 | test_loss=16.2272 | test_acc=0.9439
2026-05-15 16:49:07,022 | INFO | SpawnProcess-4 | stage2_run2 | Epoch 207 | train_loss=98.9582 | train_acc=0.9536 | test_loss=17.0751 | test_acc=0.9455
2026-05-15 16:49:28,852 | INFO | SpawnProcess-4 | stage2_run2 | Epoch 208 | train_loss=98.8012 | train_acc=0.9537 | test_loss=17.0921 | test_acc=0.9434
2026-05-15 16:49:29,232 | INFO | SpawnProcess-3 | stage2_run1 | Epoch 206 | train_loss=96.7952 | train_acc=0.9439 | test_loss=16.0737 | test_acc=0.9508
2026-05-15 16:49:50,679 | INFO | SpawnProcess-4 | stage2_run2 | Epoch 209 | train_loss=99.2891 | train_acc=0.9523 | test_loss=16.7755 | test_acc=0.9489
2026-05-15 16:49:50,838 | INFO | SpawnProcess-3 | stage2_run1 | Epoch 207 | train_loss=95.4819 | train_acc=0.9494 | test_loss=16.3819 | test_acc=0.9430
2026-05-15 16:50:12,660 | INFO | SpawnProcess-3 | stage2_run1 | Epoch 208 | train_loss=96.1669 | train_acc=0.9455 | test_loss=16.5589 | test_acc=0.9416
2026-05-15 16:50:13,175 | INFO | SpawnProcess-4 | stage2_run2 | Epoch 210 | train_loss=98.0841 | train_acc=0.9567 | test_loss=16.6534 | test_acc=0.9542
2026-05-15 16:50:34,107 | INFO | SpawnProcess-3 | stage2_run1 | Epoch 209 | train_loss=95.6030 | train_acc=0.9481 | test_loss=16.0530 | test_acc=0.9512
2026-05-15 16:50:37,691 | INFO | SpawnProcess-4 | stage2_run2 | Epoch 211 | train_loss=98.2364 | train_acc=0.9556 | test_loss=16.9570 | test_acc=0.9437
2026-05-15 16:50:59,987 | INFO | SpawnProcess-4 | stage2_run2 | Epoch 212 | train_loss=97.7130 | train_acc=0.9573 | test_loss=16.9612 | test_acc=0.9485
2026-05-15 16:51:00,018 | INFO | SpawnProcess-3 | stage2_run1 | Epoch 210 | train_loss=94.5991 | train_acc=0.9516 | test_loss=16.5250 | test_acc=0.9375
2026-05-15 16:51:22,117 | INFO | SpawnProcess-4 | stage2_run2 | Epoch 213 | train_loss=98.7857 | train_acc=0.9538 | test_loss=16.7356 | test_acc=0.9513
2026-05-15 16:51:24,398 | INFO | SpawnProcess-3 | stage2_run1 | Epoch 211 | train_loss=94.9914 | train_acc=0.9504 | test_loss=16.5966 | test_acc=0.9359
2026-05-15 16:51:45,557 | INFO | SpawnProcess-4 | stage2_run2 | Epoch 214 | train_loss=100.0340 | train_acc=0.9473 | test_loss=16.7680 | test_acc=0.9504
2026-05-15 16:51:47,093 | INFO | SpawnProcess-3 | stage2_run1 | Epoch 212 | train_loss=95.1152 | train_acc=0.9492 | test_loss=16.1838 | test_acc=0.9482
2026-05-15 16:52:07,164 | INFO | SpawnProcess-4 | stage2_run2 | Epoch 215 | train_loss=98.9786 | train_acc=0.9525 | test_loss=17.0049 | test_acc=0.9470
2026-05-15 16:52:09,937 | INFO | SpawnProcess-3 | stage2_run1 | Epoch 213 | train_loss=95.5352 | train_acc=0.9474 | test_loss=16.1209 | test_acc=0.9475
2026-05-15 16:52:30,370 | INFO | SpawnProcess-4 | stage2_run2 | Epoch 216 | train_loss=98.0420 | train_acc=0.9560 | test_loss=16.6979 | test_acc=0.9528
2026-05-15 16:52:32,891 | INFO | SpawnProcess-3 | stage2_run1 | Epoch 214 | train_loss=96.9449 | train_acc=0.9417 | test_loss=16.2272 | test_acc=0.9451
2026-05-15 16:52:51,991 | INFO | SpawnProcess-4 | stage2_run2 | Epoch 217 | train_loss=98.7835 | train_acc=0.9532 | test_loss=16.8005 | test_acc=0.9501
2026-05-15 16:52:55,484 | INFO | SpawnProcess-3 | stage2_run1 | Epoch 215 | train_loss=95.5350 | train_acc=0.9485 | test_loss=16.1171 | test_acc=0.9494
2026-05-15 16:53:13,212 | INFO | SpawnProcess-4 | stage2_run2 | Epoch 218 | train_loss=98.9590 | train_acc=0.9523 | test_loss=17.5845 | test_acc=0.9299
2026-05-15 16:53:19,227 | INFO | SpawnProcess-3 | stage2_run1 | Epoch 216 | train_loss=94.7634 | train_acc=0.9513 | test_loss=15.8888 | test_acc=0.9561
2026-05-15 16:53:37,041 | INFO | SpawnProcess-4 | stage2_run2 | Epoch 219 | train_loss=98.4515 | train_acc=0.9538 | test_loss=16.5496 | test_acc=0.9563
2026-05-15 16:53:45,199 | INFO | SpawnProcess-3 | stage2_run1 | Epoch 217 | train_loss=95.2826 | train_acc=0.9490 | test_loss=16.5365 | test_acc=0.9399
2026-05-15 16:53:58,806 | INFO | SpawnProcess-4 | stage2_run2 | Epoch 220 | train_loss=97.9680 | train_acc=0.9561 | test_loss=16.5953 | test_acc=0.9559
2026-05-15 16:54:09,014 | INFO | SpawnProcess-3 | stage2_run1 | Epoch 218 | train_loss=94.9160 | train_acc=0.9500 | test_loss=15.9775 | test_acc=0.9548
2026-05-15 16:54:23,356 | INFO | SpawnProcess-4 | stage2_run2 | Epoch 221 | train_loss=98.7194 | train_acc=0.9534 | test_loss=16.9536 | test_acc=0.9483
2026-05-15 16:54:32,777 | INFO | SpawnProcess-3 | stage2_run1 | Epoch 219 | train_loss=94.5402 | train_acc=0.9521 | test_loss=16.6050 | test_acc=0.9368
2026-05-15 16:54:48,821 | INFO | SpawnProcess-4 | stage2_run2 | Epoch 222 | train_loss=98.4139 | train_acc=0.9544 | test_loss=16.7895 | test_acc=0.9520
2026-05-15 16:54:55,884 | INFO | SpawnProcess-3 | stage2_run1 | Epoch 220 | train_loss=94.5531 | train_acc=0.9517 | test_loss=16.0444 | test_acc=0.9515
2026-05-15 16:55:09,629 | INFO | SpawnProcess-4 | stage2_run2 | Epoch 223 | train_loss=98.4319 | train_acc=0.9548 | test_loss=16.7450 | test_acc=0.9518
2026-05-15 16:55:18,849 | INFO | SpawnProcess-3 | stage2_run1 | Epoch 221 | train_loss=94.9996 | train_acc=0.9496 | test_loss=16.0697 | test_acc=0.9489
2026-05-15 16:55:30,332 | INFO | SpawnProcess-4 | stage2_run2 | Epoch 224 | train_loss=97.5656 | train_acc=0.9580 | test_loss=16.6154 | test_acc=0.9562
2026-05-15 16:55:42,801 | INFO | SpawnProcess-3 | stage2_run1 | Epoch 222 | train_loss=95.2411 | train_acc=0.9492 | test_loss=17.0063 | test_acc=0.9255
2026-05-15 16:55:54,142 | INFO | SpawnProcess-4 | stage2_run2 | Epoch 225 | train_loss=97.8733 | train_acc=0.9563 | test_loss=16.9770 | test_acc=0.9458
2026-05-15 16:56:05,628 | INFO | SpawnProcess-3 | stage2_run1 | Epoch 223 | train_loss=94.4894 | train_acc=0.9520 | test_loss=16.3147 | test_acc=0.9454
2026-05-15 16:56:17,341 | INFO | SpawnProcess-4 | stage2_run2 | Epoch 226 | train_loss=98.3504 | train_acc=0.9549 | test_loss=17.1959 | test_acc=0.9409
2026-05-15 16:56:29,390 | INFO | SpawnProcess-3 | stage2_run1 | Epoch 224 | train_loss=94.5976 | train_acc=0.9524 | test_loss=15.9441 | test_acc=0.9530
2026-05-15 16:56:42,616 | INFO | SpawnProcess-4 | stage2_run2 | Epoch 227 | train_loss=97.1466 | train_acc=0.9592 | test_loss=16.6608 | test_acc=0.9521
2026-05-15 16:56:56,412 | INFO | SpawnProcess-3 | stage2_run1 | Epoch 225 | train_loss=94.7776 | train_acc=0.9508 | test_loss=16.2702 | test_acc=0.9454
2026-05-15 16:57:06,050 | INFO | SpawnProcess-4 | stage2_run2 | Epoch 228 | train_loss=98.0001 | train_acc=0.9560 | test_loss=16.5825 | test_acc=0.9560
2026-05-15 16:57:21,328 | INFO | SpawnProcess-3 | stage2_run1 | Epoch 226 | train_loss=94.6756 | train_acc=0.9509 | test_loss=15.8865 | test_acc=0.9530
2026-05-15 16:57:28,288 | INFO | SpawnProcess-4 | stage2_run2 | Epoch 229 | train_loss=97.8325 | train_acc=0.9569 | test_loss=16.6502 | test_acc=0.9559
2026-05-15 16:57:44,940 | INFO | SpawnProcess-3 | stage2_run1 | Epoch 227 | train_loss=93.4113 | train_acc=0.9566 | test_loss=15.8176 | test_acc=0.9550
2026-05-15 16:57:52,818 | INFO | SpawnProcess-4 | stage2_run2 | Epoch 230 | train_loss=97.2066 | train_acc=0.9594 | test_loss=16.4131 | test_acc=0.9610
2026-05-15 16:58:08,759 | INFO | SpawnProcess-3 | stage2_run1 | Epoch 228 | train_loss=94.3041 | train_acc=0.9525 | test_loss=16.3510 | test_acc=0.9420
2026-05-15 16:58:15,880 | INFO | SpawnProcess-4 | stage2_run2 | Epoch 231 | train_loss=98.3879 | train_acc=0.9546 | test_loss=16.8522 | test_acc=0.9467
2026-05-15 16:58:36,281 | INFO | SpawnProcess-3 | stage2_run1 | Epoch 229 | train_loss=94.1385 | train_acc=0.9535 | test_loss=16.0486 | test_acc=0.9490
2026-05-15 16:58:41,278 | INFO | SpawnProcess-4 | stage2_run2 | Epoch 232 | train_loss=99.0832 | train_acc=0.9517 | test_loss=16.6456 | test_acc=0.9523
2026-05-15 16:59:02,710 | INFO | SpawnProcess-3 | stage2_run1 | Epoch 230 | train_loss=95.0709 | train_acc=0.9489 | test_loss=16.0622 | test_acc=0.9488
2026-05-15 16:59:04,188 | INFO | SpawnProcess-4 | stage2_run2 | Epoch 233 | train_loss=99.0589 | train_acc=0.9521 | test_loss=16.9797 | test_acc=0.9465
2026-05-15 16:59:25,782 | INFO | SpawnProcess-3 | stage2_run1 | Epoch 231 | train_loss=94.6054 | train_acc=0.9510 | test_loss=16.6023 | test_acc=0.9360
2026-05-15 16:59:27,180 | INFO | SpawnProcess-4 | stage2_run2 | Epoch 234 | train_loss=98.5818 | train_acc=0.9537 | test_loss=16.7922 | test_acc=0.9502
2026-05-15 16:59:47,089 | INFO | SpawnProcess-3 | stage2_run1 | Epoch 232 | train_loss=95.0000 | train_acc=0.9496 | test_loss=16.0011 | test_acc=0.9506
2026-05-15 16:59:50,819 | INFO | SpawnProcess-4 | stage2_run2 | Epoch 235 | train_loss=98.1212 | train_acc=0.9554 | test_loss=16.9587 | test_acc=0.9452
2026-05-15 17:00:09,424 | INFO | SpawnProcess-3 | stage2_run1 | Epoch 233 | train_loss=94.3976 | train_acc=0.9516 | test_loss=15.9710 | test_acc=0.9499
2026-05-15 17:00:12,710 | INFO | SpawnProcess-4 | stage2_run2 | Epoch 236 | train_loss=97.8133 | train_acc=0.9569 | test_loss=16.8021 | test_acc=0.9512
2026-05-15 17:00:31,879 | INFO | SpawnProcess-3 | stage2_run1 | Epoch 234 | train_loss=94.6540 | train_acc=0.9505 | test_loss=16.4060 | test_acc=0.9433
2026-05-15 17:00:34,202 | INFO | SpawnProcess-4 | stage2_run2 | Epoch 237 | train_loss=97.7979 | train_acc=0.9565 | test_loss=16.6213 | test_acc=0.9538
2026-05-15 17:00:53,816 | INFO | SpawnProcess-4 | stage2_run2 | Epoch 238 | train_loss=98.4401 | train_acc=0.9539 | test_loss=16.6021 | test_acc=0.9559
2026-05-15 17:00:59,202 | INFO | SpawnProcess-3 | stage2_run1 | Epoch 235 | train_loss=95.4389 | train_acc=0.9470 | test_loss=15.9920 | test_acc=0.9516
2026-05-15 17:01:13,506 | INFO | SpawnProcess-4 | stage2_run2 | Epoch 239 | train_loss=99.8811 | train_acc=0.9478 | test_loss=16.8850 | test_acc=0.9451
2026-05-15 17:01:26,003 | INFO | SpawnProcess-3 | stage2_run1 | Epoch 236 | train_loss=95.1592 | train_acc=0.9492 | test_loss=16.3600 | test_acc=0.9414
2026-05-15 17:01:33,163 | INFO | SpawnProcess-4 | stage2_run2 | Epoch 240 | train_loss=98.7203 | train_acc=0.9532 | test_loss=16.4898 | test_acc=0.9570
2026-05-15 17:01:49,120 | INFO | SpawnProcess-3 | stage2_run1 | Epoch 237 | train_loss=95.5964 | train_acc=0.9476 | test_loss=16.2037 | test_acc=0.9461
2026-05-15 17:01:55,983 | INFO | SpawnProcess-4 | stage2_run2 | Epoch 241 | train_loss=98.8669 | train_acc=0.9523 | test_loss=16.6367 | test_acc=0.9529
2026-05-15 17:02:12,619 | INFO | SpawnProcess-3 | stage2_run1 | Epoch 238 | train_loss=94.5769 | train_acc=0.9510 | test_loss=16.4068 | test_acc=0.9381
2026-05-15 17:02:17,792 | INFO | SpawnProcess-4 | stage2_run2 | Epoch 242 | train_loss=97.8800 | train_acc=0.9567 | test_loss=16.5249 | test_acc=0.9554
2026-05-15 17:02:36,065 | INFO | SpawnProcess-3 | stage2_run1 | Epoch 239 | train_loss=94.9300 | train_acc=0.9496 | test_loss=16.0804 | test_acc=0.9493
2026-05-15 17:02:41,289 | INFO | SpawnProcess-4 | stage2_run2 | Epoch 243 | train_loss=99.0519 | train_acc=0.9516 | test_loss=16.7009 | test_acc=0.9524
2026-05-15 17:02:59,416 | INFO | SpawnProcess-3 | stage2_run1 | Epoch 240 | train_loss=94.2499 | train_acc=0.9524 | test_loss=15.8631 | test_acc=0.9541
2026-05-15 17:03:03,828 | INFO | SpawnProcess-4 | stage2_run2 | Epoch 244 | train_loss=97.6461 | train_acc=0.9567 | test_loss=16.5676 | test_acc=0.9545
2026-05-15 17:03:20,867 | INFO | SpawnProcess-3 | stage2_run1 | Epoch 241 | train_loss=94.6560 | train_acc=0.9509 | test_loss=16.5301 | test_acc=0.9371
2026-05-15 17:03:26,009 | INFO | SpawnProcess-4 | stage2_run2 | Epoch 245 | train_loss=97.6756 | train_acc=0.9570 | test_loss=16.6949 | test_acc=0.9531
2026-05-15 17:03:43,625 | INFO | SpawnProcess-3 | stage2_run1 | Epoch 242 | train_loss=95.3656 | train_acc=0.9488 | test_loss=16.5142 | test_acc=0.9376
2026-05-15 17:03:48,901 | INFO | SpawnProcess-4 | stage2_run2 | Epoch 246 | train_loss=98.4778 | train_acc=0.9536 | test_loss=16.8141 | test_acc=0.9482
2026-05-15 17:04:05,308 | INFO | SpawnProcess-3 | stage2_run1 | Epoch 243 | train_loss=95.5628 | train_acc=0.9474 | test_loss=15.7645 | test_acc=0.9562
2026-05-15 17:04:12,260 | INFO | SpawnProcess-4 | stage2_run2 | Epoch 247 | train_loss=97.3575 | train_acc=0.9585 | test_loss=16.7399 | test_acc=0.9521
2026-05-15 17:04:28,576 | INFO | SpawnProcess-3 | stage2_run1 | Epoch 244 | train_loss=95.5452 | train_acc=0.9470 | test_loss=15.8261 | test_acc=0.9556
2026-05-15 17:04:35,256 | INFO | SpawnProcess-4 | stage2_run2 | Epoch 248 | train_loss=98.3198 | train_acc=0.9548 | test_loss=16.8227 | test_acc=0.9494
2026-05-15 17:04:52,378 | INFO | SpawnProcess-3 | stage2_run1 | Epoch 245 | train_loss=94.2120 | train_acc=0.9528 | test_loss=15.8583 | test_acc=0.9546
2026-05-15 17:04:57,716 | INFO | SpawnProcess-4 | stage2_run2 | Epoch 249 | train_loss=98.8643 | train_acc=0.9521 | test_loss=16.6069 | test_acc=0.9556
2026-05-15 17:05:15,509 | INFO | SpawnProcess-3 | stage2_run1 | Epoch 246 | train_loss=94.4688 | train_acc=0.9518 | test_loss=16.3227 | test_acc=0.9434
2026-05-15 17:05:21,966 | INFO | SpawnProcess-4 | stage2_run2 | Epoch 250 | train_loss=97.5846 | train_acc=0.9574 | test_loss=16.8225 | test_acc=0.9480
2026-05-15 17:05:39,408 | INFO | SpawnProcess-3 | stage2_run1 | Epoch 247 | train_loss=94.1354 | train_acc=0.9527 | test_loss=16.0144 | test_acc=0.9490
2026-05-15 17:05:44,993 | INFO | SpawnProcess-4 | stage2_run2 | Epoch 251 | train_loss=97.7589 | train_acc=0.9569 | test_loss=17.2564 | test_acc=0.9383
2026-05-15 17:06:01,442 | INFO | SpawnProcess-3 | stage2_run1 | Epoch 248 | train_loss=94.8991 | train_acc=0.9499 | test_loss=16.0607 | test_acc=0.9506
2026-05-15 17:06:08,325 | INFO | SpawnProcess-4 | stage2_run2 | Epoch 252 | train_loss=97.8369 | train_acc=0.9566 | test_loss=16.9026 | test_acc=0.9496
2026-05-15 17:06:25,059 | INFO | SpawnProcess-3 | stage2_run1 | Epoch 249 | train_loss=96.4563 | train_acc=0.9429 | test_loss=16.5919 | test_acc=0.9377
2026-05-15 17:06:31,023 | INFO | SpawnProcess-4 | stage2_run2 | Epoch 253 | train_loss=97.8749 | train_acc=0.9562 | test_loss=16.8233 | test_acc=0.9507
2026-05-15 17:06:47,816 | INFO | SpawnProcess-3 | stage2_run1 | Epoch 250 | train_loss=94.7607 | train_acc=0.9500 | test_loss=16.1872 | test_acc=0.9456
2026-05-15 17:06:55,060 | INFO | SpawnProcess-4 | stage2_run2 | Epoch 254 | train_loss=98.5955 | train_acc=0.9537 | test_loss=16.6621 | test_acc=0.9542
2026-05-15 17:07:10,179 | INFO | SpawnProcess-3 | stage2_run1 | Epoch 251 | train_loss=94.7131 | train_acc=0.9503 | test_loss=16.1076 | test_acc=0.9478
2026-05-15 17:07:19,395 | INFO | SpawnProcess-4 | stage2_run2 | Epoch 255 | train_loss=99.3510 | train_acc=0.9506 | test_loss=16.6744 | test_acc=0.9529
2026-05-15 17:07:35,037 | INFO | SpawnProcess-3 | stage2_run1 | Epoch 252 | train_loss=94.6889 | train_acc=0.9504 | test_loss=16.0091 | test_acc=0.9496
2026-05-15 17:07:41,687 | INFO | SpawnProcess-4 | stage2_run2 | Epoch 256 | train_loss=97.1284 | train_acc=0.9598 | test_loss=16.5741 | test_acc=0.9565
2026-05-15 17:07:57,397 | INFO | SpawnProcess-3 | stage2_run1 | Epoch 253 | train_loss=94.0271 | train_acc=0.9532 | test_loss=16.0596 | test_acc=0.9481
2026-05-15 17:08:03,841 | INFO | SpawnProcess-4 | stage2_run2 | Epoch 257 | train_loss=98.1864 | train_acc=0.9541 | test_loss=16.8184 | test_acc=0.9471
2026-05-15 17:08:22,347 | INFO | SpawnProcess-3 | stage2_run1 | Epoch 254 | train_loss=94.6034 | train_acc=0.9506 | test_loss=16.3812 | test_acc=0.9417
2026-05-15 17:08:27,949 | INFO | SpawnProcess-4 | stage2_run2 | Epoch 258 | train_loss=99.4899 | train_acc=0.9500 | test_loss=17.6472 | test_acc=0.9280
2026-05-15 17:08:46,393 | INFO | SpawnProcess-3 | stage2_run1 | Epoch 255 | train_loss=94.4258 | train_acc=0.9514 | test_loss=16.5550 | test_acc=0.9371
2026-05-15 17:08:50,537 | INFO | SpawnProcess-4 | stage2_run2 | Epoch 259 | train_loss=99.1539 | train_acc=0.9512 | test_loss=16.4618 | test_acc=0.9594
2026-05-15 17:09:11,819 | INFO | SpawnProcess-3 | stage2_run1 | Epoch 256 | train_loss=94.0635 | train_acc=0.9523 | test_loss=16.2890 | test_acc=0.9431
2026-05-15 17:09:14,322 | INFO | SpawnProcess-4 | stage2_run2 | Epoch 260 | train_loss=97.4481 | train_acc=0.9582 | test_loss=16.4788 | test_acc=0.9571
2026-05-15 17:09:35,528 | INFO | SpawnProcess-3 | stage2_run1 | Epoch 257 | train_loss=93.6105 | train_acc=0.9543 | test_loss=16.3661 | test_acc=0.9417
2026-05-15 17:09:36,822 | INFO | SpawnProcess-4 | stage2_run2 | Epoch 261 | train_loss=98.4973 | train_acc=0.9528 | test_loss=16.7557 | test_acc=0.9470
2026-05-15 17:09:58,184 | INFO | SpawnProcess-3 | stage2_run1 | Epoch 258 | train_loss=94.8898 | train_acc=0.9501 | test_loss=16.3177 | test_acc=0.9396
2026-05-15 17:09:59,932 | INFO | SpawnProcess-4 | stage2_run2 | Epoch 262 | train_loss=98.3360 | train_acc=0.9546 | test_loss=16.5323 | test_acc=0.9548
2026-05-15 17:10:22,192 | INFO | SpawnProcess-4 | stage2_run2 | Epoch 263 | train_loss=97.6353 | train_acc=0.9570 | test_loss=16.7250 | test_acc=0.9474
2026-05-15 17:10:22,970 | INFO | SpawnProcess-3 | stage2_run1 | Epoch 259 | train_loss=95.4648 | train_acc=0.9462 | test_loss=16.1088 | test_acc=0.9477
2026-05-15 17:10:44,898 | INFO | SpawnProcess-3 | stage2_run1 | Epoch 260 | train_loss=94.4312 | train_acc=0.9513 | test_loss=15.8790 | test_acc=0.9520
2026-05-15 17:10:46,083 | INFO | SpawnProcess-4 | stage2_run2 | Epoch 264 | train_loss=97.6656 | train_acc=0.9567 | test_loss=16.5623 | test_acc=0.9537
2026-05-15 17:11:07,070 | INFO | SpawnProcess-3 | stage2_run1 | Epoch 261 | train_loss=94.7129 | train_acc=0.9500 | test_loss=16.2904 | test_acc=0.9414
2026-05-15 17:11:08,967 | INFO | SpawnProcess-4 | stage2_run2 | Epoch 265 | train_loss=98.7372 | train_acc=0.9527 | test_loss=16.6408 | test_acc=0.9496
2026-05-15 17:11:30,330 | INFO | SpawnProcess-3 | stage2_run1 | Epoch 262 | train_loss=96.2805 | train_acc=0.9441 | test_loss=15.9464 | test_acc=0.9521
2026-05-15 17:11:30,604 | INFO | SpawnProcess-4 | stage2_run2 | Epoch 266 | train_loss=97.5813 | train_acc=0.9570 | test_loss=16.6602 | test_acc=0.9534
2026-05-15 17:11:52,142 | INFO | SpawnProcess-3 | stage2_run1 | Epoch 263 | train_loss=93.7986 | train_acc=0.9538 | test_loss=15.9966 | test_acc=0.9474
2026-05-15 17:11:54,162 | INFO | SpawnProcess-4 | stage2_run2 | Epoch 267 | train_loss=97.6118 | train_acc=0.9561 | test_loss=16.4928 | test_acc=0.9581
2026-05-15 17:12:16,342 | INFO | SpawnProcess-3 | stage2_run1 | Epoch 264 | train_loss=93.2445 | train_acc=0.9556 | test_loss=15.7089 | test_acc=0.9580
2026-05-15 17:12:18,315 | INFO | SpawnProcess-4 | stage2_run2 | Epoch 268 | train_loss=99.0194 | train_acc=0.9517 | test_loss=16.8738 | test_acc=0.9494
2026-05-15 17:12:39,375 | INFO | SpawnProcess-3 | stage2_run1 | Epoch 265 | train_loss=94.3279 | train_acc=0.9513 | test_loss=16.6623 | test_acc=0.9311
2026-05-15 17:12:40,790 | INFO | SpawnProcess-4 | stage2_run2 | Epoch 269 | train_loss=98.2953 | train_acc=0.9551 | test_loss=16.5095 | test_acc=0.9584
2026-05-15 17:12:59,455 | INFO | SpawnProcess-3 | stage2_run1 | Epoch 266 | train_loss=93.6117 | train_acc=0.9537 | test_loss=15.8942 | test_acc=0.9520
2026-05-15 17:13:04,721 | INFO | SpawnProcess-4 | stage2_run2 | Epoch 270 | train_loss=96.9143 | train_acc=0.9601 | test_loss=16.7939 | test_acc=0.9520
2026-05-15 17:13:20,447 | INFO | SpawnProcess-3 | stage2_run1 | Epoch 267 | train_loss=94.7471 | train_acc=0.9499 | test_loss=16.7966 | test_acc=0.9342
2026-05-15 17:13:28,270 | INFO | SpawnProcess-4 | stage2_run2 | Epoch 271 | train_loss=97.7670 | train_acc=0.9567 | test_loss=17.1802 | test_acc=0.9393
2026-05-15 17:13:42,632 | INFO | SpawnProcess-3 | stage2_run1 | Epoch 268 | train_loss=95.1945 | train_acc=0.9480 | test_loss=16.2925 | test_acc=0.9417
2026-05-15 17:13:50,600 | INFO | SpawnProcess-4 | stage2_run2 | Epoch 272 | train_loss=98.2836 | train_acc=0.9541 | test_loss=16.6992 | test_acc=0.9496
2026-05-15 17:14:04,397 | INFO | SpawnProcess-3 | stage2_run1 | Epoch 269 | train_loss=94.8662 | train_acc=0.9490 | test_loss=16.0685 | test_acc=0.9449
2026-05-15 17:14:11,586 | INFO | SpawnProcess-4 | stage2_run2 | Epoch 273 | train_loss=97.9355 | train_acc=0.9557 | test_loss=16.8099 | test_acc=0.9495
2026-05-15 17:14:27,052 | INFO | SpawnProcess-3 | stage2_run1 | Epoch 270 | train_loss=93.2193 | train_acc=0.9552 | test_loss=15.8778 | test_acc=0.9527
2026-05-15 17:14:33,520 | INFO | SpawnProcess-4 | stage2_run2 | Epoch 274 | train_loss=97.6563 | train_acc=0.9565 | test_loss=16.5293 | test_acc=0.9566
2026-05-15 17:14:49,173 | INFO | SpawnProcess-3 | stage2_run1 | Epoch 271 | train_loss=93.0193 | train_acc=0.9565 | test_loss=16.1071 | test_acc=0.9483
2026-05-15 17:14:54,627 | INFO | SpawnProcess-4 | stage2_run2 | Epoch 275 | train_loss=98.3423 | train_acc=0.9543 | test_loss=16.7368 | test_acc=0.9512
2026-05-15 17:15:11,368 | INFO | SpawnProcess-3 | stage2_run1 | Epoch 272 | train_loss=93.9749 | train_acc=0.9529 | test_loss=15.8381 | test_acc=0.9534
2026-05-15 17:15:15,969 | INFO | SpawnProcess-4 | stage2_run2 | Epoch 276 | train_loss=97.6836 | train_acc=0.9571 | test_loss=16.6354 | test_acc=0.9527
2026-05-15 17:15:34,059 | INFO | SpawnProcess-3 | stage2_run1 | Epoch 273 | train_loss=94.9957 | train_acc=0.9492 | test_loss=16.2561 | test_acc=0.9459
2026-05-15 17:15:38,791 | INFO | SpawnProcess-4 | stage2_run2 | Epoch 277 | train_loss=98.4111 | train_acc=0.9532 | test_loss=16.8188 | test_acc=0.9503
2026-05-15 17:15:58,372 | INFO | SpawnProcess-3 | stage2_run1 | Epoch 274 | train_loss=94.8541 | train_acc=0.9492 | test_loss=16.3145 | test_acc=0.9414
2026-05-15 17:15:59,867 | INFO | SpawnProcess-4 | stage2_run2 | Epoch 278 | train_loss=97.5109 | train_acc=0.9576 | test_loss=17.0210 | test_acc=0.9467
2026-05-15 17:16:21,635 | INFO | SpawnProcess-3 | stage2_run1 | Epoch 275 | train_loss=94.3878 | train_acc=0.9510 | test_loss=16.2899 | test_acc=0.9425
2026-05-15 17:16:23,063 | INFO | SpawnProcess-4 | stage2_run2 | Epoch 279 | train_loss=97.3978 | train_acc=0.9585 | test_loss=16.5175 | test_acc=0.9572
2026-05-15 17:16:44,441 | INFO | SpawnProcess-3 | stage2_run1 | Epoch 276 | train_loss=94.5429 | train_acc=0.9508 | test_loss=16.5142 | test_acc=0.9374
2026-05-15 17:16:46,772 | INFO | SpawnProcess-4 | stage2_run2 | Epoch 280 | train_loss=98.0848 | train_acc=0.9544 | test_loss=16.6162 | test_acc=0.9535
2026-05-15 17:17:06,721 | INFO | SpawnProcess-3 | stage2_run1 | Epoch 277 | train_loss=94.7290 | train_acc=0.9492 | test_loss=16.4617 | test_acc=0.9355
2026-05-15 17:17:09,724 | INFO | SpawnProcess-4 | stage2_run2 | Epoch 281 | train_loss=97.7266 | train_acc=0.9563 | test_loss=16.7897 | test_acc=0.9507
2026-05-15 17:17:31,399 | INFO | SpawnProcess-4 | stage2_run2 | Epoch 282 | train_loss=98.2568 | train_acc=0.9537 | test_loss=16.3591 | test_acc=0.9598
2026-05-15 17:17:31,551 | INFO | SpawnProcess-3 | stage2_run1 | Epoch 278 | train_loss=95.7889 | train_acc=0.9455 | test_loss=16.1445 | test_acc=0.9436
2026-05-15 17:17:54,173 | INFO | SpawnProcess-4 | stage2_run2 | Epoch 283 | train_loss=96.9243 | train_acc=0.9596 | test_loss=16.6290 | test_acc=0.9550
2026-05-15 17:17:55,060 | INFO | SpawnProcess-3 | stage2_run1 | Epoch 279 | train_loss=93.7563 | train_acc=0.9537 | test_loss=16.4593 | test_acc=0.9382
2026-05-15 17:18:18,124 | INFO | SpawnProcess-4 | stage2_run2 | Epoch 284 | train_loss=98.7016 | train_acc=0.9530 | test_loss=16.6818 | test_acc=0.9521
2026-05-15 17:18:18,686 | INFO | SpawnProcess-3 | stage2_run1 | Epoch 280 | train_loss=94.0694 | train_acc=0.9518 | test_loss=15.9891 | test_acc=0.9500
2026-05-15 17:18:40,507 | INFO | SpawnProcess-3 | stage2_run1 | Epoch 281 | train_loss=93.5274 | train_acc=0.9541 | test_loss=16.0418 | test_acc=0.9488
2026-05-15 17:18:43,729 | INFO | SpawnProcess-4 | stage2_run2 | Epoch 285 | train_loss=97.1746 | train_acc=0.9590 | test_loss=16.4776 | test_acc=0.9560
2026-05-15 17:19:03,712 | INFO | SpawnProcess-3 | stage2_run1 | Epoch 282 | train_loss=94.0961 | train_acc=0.9516 | test_loss=16.5488 | test_acc=0.9336
2026-05-15 17:19:08,059 | INFO | SpawnProcess-4 | stage2_run2 | Epoch 286 | train_loss=97.6625 | train_acc=0.9569 | test_loss=16.5098 | test_acc=0.9576
2026-05-15 17:19:27,434 | INFO | SpawnProcess-3 | stage2_run1 | Epoch 283 | train_loss=93.8012 | train_acc=0.9527 | test_loss=15.7442 | test_acc=0.9545
2026-05-15 17:19:31,507 | INFO | SpawnProcess-4 | stage2_run2 | Epoch 287 | train_loss=97.4867 | train_acc=0.9571 | test_loss=16.8058 | test_acc=0.9502
2026-05-15 17:19:52,619 | INFO | SpawnProcess-3 | stage2_run1 | Epoch 284 | train_loss=94.7862 | train_acc=0.9487 | test_loss=15.7014 | test_acc=0.9565
2026-05-15 17:19:52,691 | INFO | SpawnProcess-4 | stage2_run2 | Epoch 288 | train_loss=98.1870 | train_acc=0.9541 | test_loss=16.5634 | test_acc=0.9553
2026-05-15 17:20:15,895 | INFO | SpawnProcess-4 | stage2_run2 | Epoch 289 | train_loss=97.8310 | train_acc=0.9556 | test_loss=16.8910 | test_acc=0.9466
2026-05-15 17:20:18,200 | INFO | SpawnProcess-3 | stage2_run1 | Epoch 285 | train_loss=93.5906 | train_acc=0.9536 | test_loss=16.0523 | test_acc=0.9478
2026-05-15 17:20:39,574 | INFO | SpawnProcess-4 | stage2_run2 | Epoch 290 | train_loss=97.3479 | train_acc=0.9576 | test_loss=16.3791 | test_acc=0.9610
2026-05-15 17:20:40,723 | INFO | SpawnProcess-3 | stage2_run1 | Epoch 286 | train_loss=93.8006 | train_acc=0.9524 | test_loss=16.3946 | test_acc=0.9404
2026-05-15 17:21:02,503 | INFO | SpawnProcess-4 | stage2_run2 | Epoch 291 | train_loss=98.1365 | train_acc=0.9546 | test_loss=16.5418 | test_acc=0.9561
2026-05-15 17:21:03,720 | INFO | SpawnProcess-3 | stage2_run1 | Epoch 287 | train_loss=93.2160 | train_acc=0.9543 | test_loss=15.9252 | test_acc=0.9514
2026-05-15 17:21:24,729 | INFO | SpawnProcess-4 | stage2_run2 | Epoch 292 | train_loss=97.9124 | train_acc=0.9557 | test_loss=16.6984 | test_acc=0.9510
2026-05-15 17:21:26,864 | INFO | SpawnProcess-3 | stage2_run1 | Epoch 288 | train_loss=94.0461 | train_acc=0.9515 | test_loss=15.9965 | test_acc=0.9497
2026-05-15 17:21:44,716 | INFO | SpawnProcess-4 | stage2_run2 | Epoch 293 | train_loss=100.3890 | train_acc=0.9465 | test_loss=18.9745 | test_acc=0.9053
2026-05-15 17:21:49,778 | INFO | SpawnProcess-3 | stage2_run1 | Epoch 289 | train_loss=93.8590 | train_acc=0.9515 | test_loss=16.2180 | test_acc=0.9420
2026-05-15 17:22:05,581 | INFO | SpawnProcess-4 | stage2_run2 | Epoch 294 | train_loss=99.7471 | train_acc=0.9491 | test_loss=17.1142 | test_acc=0.9392
2026-05-15 17:22:15,145 | INFO | SpawnProcess-3 | stage2_run1 | Epoch 290 | train_loss=92.9815 | train_acc=0.9554 | test_loss=16.1826 | test_acc=0.9451
2026-05-15 17:22:29,670 | INFO | SpawnProcess-4 | stage2_run2 | Epoch 295 | train_loss=98.4688 | train_acc=0.9533 | test_loss=16.5392 | test_acc=0.9553
2026-05-15 17:22:36,768 | INFO | SpawnProcess-3 | stage2_run1 | Epoch 291 | train_loss=95.4942 | train_acc=0.9453 | test_loss=16.2943 | test_acc=0.9406
2026-05-15 17:22:53,267 | INFO | SpawnProcess-4 | stage2_run2 | Epoch 296 | train_loss=99.5507 | train_acc=0.9486 | test_loss=16.9994 | test_acc=0.9439
2026-05-15 17:22:59,932 | INFO | SpawnProcess-3 | stage2_run1 | Epoch 292 | train_loss=93.9708 | train_acc=0.9513 | test_loss=15.9163 | test_acc=0.9496
2026-05-15 17:23:16,085 | INFO | SpawnProcess-4 | stage2_run2 | Epoch 297 | train_loss=98.6088 | train_acc=0.9527 | test_loss=16.4658 | test_acc=0.9587
2026-05-15 17:23:24,623 | INFO | SpawnProcess-3 | stage2_run1 | Epoch 293 | train_loss=93.6428 | train_acc=0.9523 | test_loss=15.9505 | test_acc=0.9486
2026-05-15 17:23:37,600 | INFO | SpawnProcess-4 | stage2_run2 | Epoch 298 | train_loss=99.2576 | train_acc=0.9500 | test_loss=17.4152 | test_acc=0.9360
2026-05-15 17:23:48,927 | INFO | SpawnProcess-3 | stage2_run1 | Epoch 294 | train_loss=93.0203 | train_acc=0.9549 | test_loss=15.8717 | test_acc=0.9531
2026-05-15 17:23:59,547 | INFO | SpawnProcess-4 | stage2_run2 | Epoch 299 | train_loss=99.1078 | train_acc=0.9512 | test_loss=16.6238 | test_acc=0.9565
2026-05-15 17:24:13,599 | INFO | SpawnProcess-3 | stage2_run1 | Epoch 295 | train_loss=92.9786 | train_acc=0.9554 | test_loss=15.9526 | test_acc=0.9500
2026-05-15 17:24:19,935 | INFO | SpawnProcess-4 | stage2_run2 | Epoch 300 | train_loss=99.5487 | train_acc=0.9493 | test_loss=16.8482 | test_acc=0.9491
2026-05-15 17:24:35,319 | INFO | SpawnProcess-4 | stage2_run2 | Final train_eval_loss=99.1810 | train_eval_acc=0.9492
2026-05-15 17:24:35,343 | INFO | SpawnProcess-4 | stage2_run2 | complete
2026-05-15 17:24:35,417 | INFO | Completed stage2_run2 on GPU 5
2026-05-15 17:24:35,848 | INFO | SpawnProcess-4 | stage2_run3 | assigned_gpu=4 | seed=1236 | stage1_ckpt=runs/l_mnist_gfr_per_seed_20260515_100137/gfr_lmnist_stage1_run3.pt
2026-05-15 17:24:36,183 | INFO | SpawnProcess-4 | stage2_run3 | trainable_params=7434 | epochs=300
2026-05-15 17:24:37,381 | INFO | SpawnProcess-3 | stage2_run1 | Epoch 296 | train_loss=93.2601 | train_acc=0.9535 | test_loss=16.0848 | test_acc=0.9471
2026-05-15 17:25:00,682 | INFO | SpawnProcess-3 | stage2_run1 | Epoch 297 | train_loss=93.9790 | train_acc=0.9510 | test_loss=15.8391 | test_acc=0.9515
2026-05-15 17:25:01,734 | INFO | SpawnProcess-4 | stage2_run3 | Epoch 001 | train_loss=240.3319 | train_acc=0.3604 | test_loss=36.1287 | test_acc=0.4221
2026-05-15 17:25:23,580 | INFO | SpawnProcess-3 | stage2_run1 | Epoch 298 | train_loss=93.3404 | train_acc=0.9536 | test_loss=16.0340 | test_acc=0.9474
2026-05-15 17:25:25,447 | INFO | SpawnProcess-4 | stage2_run3 | Epoch 002 | train_loss=200.2353 | train_acc=0.5608 | test_loss=33.1485 | test_acc=0.4213
2026-05-15 17:25:45,744 | INFO | SpawnProcess-3 | stage2_run1 | Epoch 299 | train_loss=92.9169 | train_acc=0.9555 | test_loss=16.4094 | test_acc=0.9356
2026-05-15 17:25:49,726 | INFO | SpawnProcess-4 | stage2_run3 | Epoch 003 | train_loss=183.8678 | train_acc=0.6637 | test_loss=29.8805 | test_acc=0.5285
2026-05-15 17:26:08,505 | INFO | SpawnProcess-3 | stage2_run1 | Epoch 300 | train_loss=93.2681 | train_acc=0.9540 | test_loss=16.3626 | test_acc=0.9377
2026-05-15 17:26:13,713 | INFO | SpawnProcess-4 | stage2_run3 | Epoch 004 | train_loss=172.4712 | train_acc=0.7491 | test_loss=28.2899 | test_acc=0.6006
2026-05-15 17:26:25,203 | INFO | SpawnProcess-3 | stage2_run1 | Final train_eval_loss=95.9071 | train_eval_acc=0.9401
2026-05-15 17:26:25,218 | INFO | SpawnProcess-3 | stage2_run1 | complete
2026-05-15 17:26:25,253 | INFO | Completed stage2_run1 on GPU 4
2026-05-15 17:26:26,986 | INFO | SpawnProcess-3 | stage2_run4 | assigned_gpu=5 | seed=1237 | stage1_ckpt=runs/l_mnist_gfr_per_seed_20260515_100137/gfr_lmnist_stage1_run4.pt
2026-05-15 17:26:27,269 | INFO | SpawnProcess-3 | stage2_run4 | trainable_params=7434 | epochs=300
2026-05-15 17:26:38,432 | INFO | SpawnProcess-4 | stage2_run3 | Epoch 005 | train_loss=164.4136 | train_acc=0.7888 | test_loss=27.2679 | test_acc=0.6237
2026-05-15 17:26:49,947 | INFO | SpawnProcess-3 | stage2_run4 | Epoch 001 | train_loss=237.9817 | train_acc=0.4284 | test_loss=34.3866 | test_acc=0.5432
2026-05-15 17:27:01,180 | INFO | SpawnProcess-4 | stage2_run3 | Epoch 006 | train_loss=158.7698 | train_acc=0.8167 | test_loss=26.4344 | test_acc=0.6675
2026-05-15 17:27:14,874 | INFO | SpawnProcess-3 | stage2_run4 | Epoch 002 | train_loss=190.7666 | train_acc=0.6270 | test_loss=30.5647 | test_acc=0.5873
2026-05-15 17:27:23,243 | INFO | SpawnProcess-4 | stage2_run3 | Epoch 007 | train_loss=154.7801 | train_acc=0.8367 | test_loss=25.9439 | test_acc=0.6721
2026-05-15 17:27:38,438 | INFO | SpawnProcess-3 | stage2_run4 | Epoch 003 | train_loss=174.6535 | train_acc=0.7008 | test_loss=28.6062 | test_acc=0.6190
2026-05-15 17:27:46,926 | INFO | SpawnProcess-4 | stage2_run3 | Epoch 008 | train_loss=151.3804 | train_acc=0.8552 | test_loss=25.7106 | test_acc=0.7267
2026-05-15 17:28:01,977 | INFO | SpawnProcess-3 | stage2_run4 | Epoch 004 | train_loss=162.2026 | train_acc=0.7745 | test_loss=26.7038 | test_acc=0.6978
2026-05-15 17:28:08,717 | INFO | SpawnProcess-4 | stage2_run3 | Epoch 009 | train_loss=149.1318 | train_acc=0.8620 | test_loss=24.8328 | test_acc=0.7597
2026-05-15 17:28:26,206 | INFO | SpawnProcess-3 | stage2_run4 | Epoch 005 | train_loss=153.8645 | train_acc=0.8128 | test_loss=25.6787 | test_acc=0.7550
2026-05-15 17:28:29,784 | INFO | SpawnProcess-4 | stage2_run3 | Epoch 010 | train_loss=145.5496 | train_acc=0.8763 | test_loss=24.2484 | test_acc=0.7818
2026-05-15 17:28:51,524 | INFO | SpawnProcess-4 | stage2_run3 | Epoch 011 | train_loss=142.8490 | train_acc=0.8847 | test_loss=24.3502 | test_acc=0.7929
2026-05-15 17:28:52,189 | INFO | SpawnProcess-3 | stage2_run4 | Epoch 006 | train_loss=146.7248 | train_acc=0.8438 | test_loss=24.1245 | test_acc=0.8278
2026-05-15 17:29:14,892 | INFO | SpawnProcess-4 | stage2_run3 | Epoch 012 | train_loss=141.5354 | train_acc=0.8849 | test_loss=23.4957 | test_acc=0.8352
2026-05-15 17:29:15,663 | INFO | SpawnProcess-3 | stage2_run4 | Epoch 007 | train_loss=141.1800 | train_acc=0.8680 | test_loss=23.4567 | test_acc=0.8648
2026-05-15 17:29:36,841 | INFO | SpawnProcess-4 | stage2_run3 | Epoch 013 | train_loss=138.6555 | train_acc=0.8954 | test_loss=23.1843 | test_acc=0.8646
2026-05-15 17:29:38,874 | INFO | SpawnProcess-3 | stage2_run4 | Epoch 008 | train_loss=137.0080 | train_acc=0.8826 | test_loss=22.9982 | test_acc=0.8505
2026-05-15 17:29:58,873 | INFO | SpawnProcess-4 | stage2_run3 | Epoch 014 | train_loss=138.2610 | train_acc=0.8920 | test_loss=23.1673 | test_acc=0.8455
2026-05-15 17:30:03,663 | INFO | SpawnProcess-3 | stage2_run4 | Epoch 009 | train_loss=133.6271 | train_acc=0.8918 | test_loss=22.2573 | test_acc=0.8468
2026-05-15 17:30:20,692 | INFO | SpawnProcess-4 | stage2_run3 | Epoch 015 | train_loss=136.3257 | train_acc=0.8967 | test_loss=23.0269 | test_acc=0.8745
2026-05-15 17:30:29,350 | INFO | SpawnProcess-3 | stage2_run4 | Epoch 010 | train_loss=130.9423 | train_acc=0.8980 | test_loss=21.8481 | test_acc=0.8941
2026-05-15 17:30:41,852 | INFO | SpawnProcess-4 | stage2_run3 | Epoch 016 | train_loss=134.9458 | train_acc=0.9000 | test_loss=22.5770 | test_acc=0.8922
2026-05-15 17:30:54,685 | INFO | SpawnProcess-3 | stage2_run4 | Epoch 011 | train_loss=128.3252 | train_acc=0.9057 | test_loss=21.4337 | test_acc=0.9016
2026-05-15 17:31:04,601 | INFO | SpawnProcess-4 | stage2_run3 | Epoch 017 | train_loss=133.7890 | train_acc=0.9022 | test_loss=23.0314 | test_acc=0.8653
2026-05-15 17:31:18,954 | INFO | SpawnProcess-3 | stage2_run4 | Epoch 012 | train_loss=126.5037 | train_acc=0.9094 | test_loss=21.1456 | test_acc=0.9136
2026-05-15 17:31:27,283 | INFO | SpawnProcess-4 | stage2_run3 | Epoch 018 | train_loss=131.8012 | train_acc=0.9087 | test_loss=22.0633 | test_acc=0.9009
2026-05-15 17:31:40,063 | INFO | SpawnProcess-3 | stage2_run4 | Epoch 013 | train_loss=124.6816 | train_acc=0.9137 | test_loss=20.7779 | test_acc=0.9131
2026-05-15 17:31:52,656 | INFO | SpawnProcess-4 | stage2_run3 | Epoch 019 | train_loss=130.4959 | train_acc=0.9121 | test_loss=22.1114 | test_acc=0.8998
2026-05-15 17:32:02,778 | INFO | SpawnProcess-3 | stage2_run4 | Epoch 014 | train_loss=123.4558 | train_acc=0.9153 | test_loss=20.8146 | test_acc=0.9072
2026-05-15 17:32:17,512 | INFO | SpawnProcess-4 | stage2_run3 | Epoch 020 | train_loss=129.4107 | train_acc=0.9139 | test_loss=22.2572 | test_acc=0.8824
2026-05-15 17:32:25,173 | INFO | SpawnProcess-3 | stage2_run4 | Epoch 015 | train_loss=122.5830 | train_acc=0.9174 | test_loss=20.5518 | test_acc=0.9158
2026-05-15 17:32:39,801 | INFO | SpawnProcess-4 | stage2_run3 | Epoch 021 | train_loss=129.1425 | train_acc=0.9134 | test_loss=21.6213 | test_acc=0.9087
2026-05-15 17:32:48,938 | INFO | SpawnProcess-3 | stage2_run4 | Epoch 016 | train_loss=121.6350 | train_acc=0.9195 | test_loss=20.4362 | test_acc=0.9184
2026-05-15 17:33:01,988 | INFO | SpawnProcess-4 | stage2_run3 | Epoch 022 | train_loss=128.4002 | train_acc=0.9136 | test_loss=21.4895 | test_acc=0.9031
2026-05-15 17:33:13,161 | INFO | SpawnProcess-3 | stage2_run4 | Epoch 017 | train_loss=120.9024 | train_acc=0.9212 | test_loss=20.5660 | test_acc=0.9094
2026-05-15 17:33:25,944 | INFO | SpawnProcess-4 | stage2_run3 | Epoch 023 | train_loss=127.5554 | train_acc=0.9149 | test_loss=21.8616 | test_acc=0.8971
2026-05-15 17:33:39,089 | INFO | SpawnProcess-3 | stage2_run4 | Epoch 018 | train_loss=120.3398 | train_acc=0.9216 | test_loss=20.0626 | test_acc=0.9272
2026-05-15 17:33:49,016 | INFO | SpawnProcess-4 | stage2_run3 | Epoch 024 | train_loss=126.6292 | train_acc=0.9171 | test_loss=21.6715 | test_acc=0.8899
2026-05-15 17:34:02,374 | INFO | SpawnProcess-3 | stage2_run4 | Epoch 019 | train_loss=119.0091 | train_acc=0.9259 | test_loss=20.0818 | test_acc=0.9249
2026-05-15 17:34:10,634 | INFO | SpawnProcess-4 | stage2_run3 | Epoch 025 | train_loss=125.3510 | train_acc=0.9229 | test_loss=21.2974 | test_acc=0.8987
2026-05-15 17:34:27,366 | INFO | SpawnProcess-3 | stage2_run4 | Epoch 020 | train_loss=118.0315 | train_acc=0.9290 | test_loss=19.7663 | test_acc=0.9301
2026-05-15 17:34:33,878 | INFO | SpawnProcess-4 | stage2_run3 | Epoch 026 | train_loss=125.6164 | train_acc=0.9189 | test_loss=21.0557 | test_acc=0.9142
2026-05-15 17:34:51,113 | INFO | SpawnProcess-3 | stage2_run4 | Epoch 021 | train_loss=118.2602 | train_acc=0.9252 | test_loss=20.2351 | test_acc=0.9125
2026-05-15 17:34:57,421 | INFO | SpawnProcess-4 | stage2_run3 | Epoch 027 | train_loss=124.8886 | train_acc=0.9206 | test_loss=21.6126 | test_acc=0.8943
2026-05-15 17:35:15,239 | INFO | SpawnProcess-3 | stage2_run4 | Epoch 022 | train_loss=116.7321 | train_acc=0.9311 | test_loss=19.6533 | test_acc=0.9324
2026-05-15 17:35:18,923 | INFO | SpawnProcess-4 | stage2_run3 | Epoch 028 | train_loss=124.5026 | train_acc=0.9214 | test_loss=21.1169 | test_acc=0.9104
2026-05-15 17:35:39,992 | INFO | SpawnProcess-3 | stage2_run4 | Epoch 023 | train_loss=116.1676 | train_acc=0.9318 | test_loss=19.8266 | test_acc=0.9234
2026-05-15 17:35:41,386 | INFO | SpawnProcess-4 | stage2_run3 | Epoch 029 | train_loss=123.6970 | train_acc=0.9243 | test_loss=20.8585 | test_acc=0.9178
2026-05-15 17:36:02,664 | INFO | SpawnProcess-3 | stage2_run4 | Epoch 024 | train_loss=116.1565 | train_acc=0.9300 | test_loss=19.4953 | test_acc=0.9334
2026-05-15 17:36:04,376 | INFO | SpawnProcess-4 | stage2_run3 | Epoch 030 | train_loss=123.3704 | train_acc=0.9254 | test_loss=20.7628 | test_acc=0.9217
2026-05-15 17:36:26,128 | INFO | SpawnProcess-4 | stage2_run3 | Epoch 031 | train_loss=122.9264 | train_acc=0.9254 | test_loss=20.7749 | test_acc=0.9192
2026-05-15 17:36:28,594 | INFO | SpawnProcess-3 | stage2_run4 | Epoch 025 | train_loss=114.7240 | train_acc=0.9363 | test_loss=19.3895 | test_acc=0.9321
2026-05-15 17:36:49,514 | INFO | SpawnProcess-4 | stage2_run3 | Epoch 032 | train_loss=122.8274 | train_acc=0.9252 | test_loss=20.9864 | test_acc=0.9071
2026-05-15 17:36:51,986 | INFO | SpawnProcess-3 | stage2_run4 | Epoch 026 | train_loss=114.7564 | train_acc=0.9336 | test_loss=19.2996 | test_acc=0.9353
2026-05-15 17:37:13,035 | INFO | SpawnProcess-4 | stage2_run3 | Epoch 033 | train_loss=122.2333 | train_acc=0.9281 | test_loss=20.6202 | test_acc=0.9175
2026-05-15 17:37:15,317 | INFO | SpawnProcess-3 | stage2_run4 | Epoch 027 | train_loss=114.0129 | train_acc=0.9363 | test_loss=19.2284 | test_acc=0.9357
2026-05-15 17:37:36,544 | INFO | SpawnProcess-4 | stage2_run3 | Epoch 034 | train_loss=122.5749 | train_acc=0.9230 | test_loss=20.5308 | test_acc=0.9236
2026-05-15 17:37:38,016 | INFO | SpawnProcess-3 | stage2_run4 | Epoch 028 | train_loss=114.3678 | train_acc=0.9346 | test_loss=19.1387 | test_acc=0.9393
2026-05-15 17:37:58,907 | INFO | SpawnProcess-4 | stage2_run3 | Epoch 035 | train_loss=121.3584 | train_acc=0.9285 | test_loss=21.3045 | test_acc=0.9037
2026-05-15 17:38:01,875 | INFO | SpawnProcess-3 | stage2_run4 | Epoch 029 | train_loss=113.4952 | train_acc=0.9372 | test_loss=19.3750 | test_acc=0.9323
2026-05-15 17:38:21,032 | INFO | SpawnProcess-4 | stage2_run3 | Epoch 036 | train_loss=121.7133 | train_acc=0.9258 | test_loss=20.7521 | test_acc=0.9151
2026-05-15 17:38:25,582 | INFO | SpawnProcess-3 | stage2_run4 | Epoch 030 | train_loss=113.0092 | train_acc=0.9391 | test_loss=19.1144 | test_acc=0.9355
2026-05-15 17:38:43,431 | INFO | SpawnProcess-4 | stage2_run3 | Epoch 037 | train_loss=122.1689 | train_acc=0.9234 | test_loss=20.6456 | test_acc=0.9204
2026-05-15 17:38:49,612 | INFO | SpawnProcess-3 | stage2_run4 | Epoch 031 | train_loss=113.6035 | train_acc=0.9357 | test_loss=19.0667 | test_acc=0.9341
2026-05-15 17:39:05,839 | INFO | SpawnProcess-4 | stage2_run3 | Epoch 038 | train_loss=121.0994 | train_acc=0.9268 | test_loss=20.3027 | test_acc=0.9206
2026-05-15 17:39:12,722 | INFO | SpawnProcess-3 | stage2_run4 | Epoch 032 | train_loss=112.9110 | train_acc=0.9385 | test_loss=19.1028 | test_acc=0.9364
2026-05-15 17:39:29,225 | INFO | SpawnProcess-4 | stage2_run3 | Epoch 039 | train_loss=119.7889 | train_acc=0.9323 | test_loss=20.2721 | test_acc=0.9254
2026-05-15 17:39:35,070 | INFO | SpawnProcess-3 | stage2_run4 | Epoch 033 | train_loss=112.3385 | train_acc=0.9388 | test_loss=19.3237 | test_acc=0.9261
2026-05-15 17:39:52,397 | INFO | SpawnProcess-4 | stage2_run3 | Epoch 040 | train_loss=119.3414 | train_acc=0.9341 | test_loss=20.1806 | test_acc=0.9270
2026-05-15 17:39:58,678 | INFO | SpawnProcess-3 | stage2_run4 | Epoch 034 | train_loss=112.3060 | train_acc=0.9370 | test_loss=19.0384 | test_acc=0.9337
2026-05-15 17:40:13,626 | INFO | SpawnProcess-4 | stage2_run3 | Epoch 041 | train_loss=120.1375 | train_acc=0.9293 | test_loss=20.2981 | test_acc=0.9253
2026-05-15 17:40:24,718 | INFO | SpawnProcess-3 | stage2_run4 | Epoch 035 | train_loss=111.6158 | train_acc=0.9397 | test_loss=18.9949 | test_acc=0.9347
2026-05-15 17:40:34,502 | INFO | SpawnProcess-4 | stage2_run3 | Epoch 042 | train_loss=119.0380 | train_acc=0.9339 | test_loss=20.3873 | test_acc=0.9193
2026-05-15 17:40:47,509 | INFO | SpawnProcess-3 | stage2_run4 | Epoch 036 | train_loss=111.7374 | train_acc=0.9382 | test_loss=18.8711 | test_acc=0.9371
2026-05-15 17:40:57,988 | INFO | SpawnProcess-4 | stage2_run3 | Epoch 043 | train_loss=119.5249 | train_acc=0.9306 | test_loss=20.2147 | test_acc=0.9245
2026-05-15 17:41:09,836 | INFO | SpawnProcess-3 | stage2_run4 | Epoch 037 | train_loss=110.8297 | train_acc=0.9416 | test_loss=18.8539 | test_acc=0.9348
2026-05-15 17:41:20,756 | INFO | SpawnProcess-4 | stage2_run3 | Epoch 044 | train_loss=119.6449 | train_acc=0.9303 | test_loss=20.1681 | test_acc=0.9249
2026-05-15 17:41:32,877 | INFO | SpawnProcess-3 | stage2_run4 | Epoch 038 | train_loss=110.2478 | train_acc=0.9445 | test_loss=18.6541 | test_acc=0.9414
2026-05-15 17:41:43,506 | INFO | SpawnProcess-4 | stage2_run3 | Epoch 045 | train_loss=118.8289 | train_acc=0.9336 | test_loss=19.9953 | test_acc=0.9317
2026-05-15 17:41:56,738 | INFO | SpawnProcess-3 | stage2_run4 | Epoch 039 | train_loss=110.2367 | train_acc=0.9431 | test_loss=18.6624 | test_acc=0.9406
2026-05-15 17:42:05,775 | INFO | SpawnProcess-4 | stage2_run3 | Epoch 046 | train_loss=118.1930 | train_acc=0.9357 | test_loss=20.1580 | test_acc=0.9272
2026-05-15 17:42:19,528 | INFO | SpawnProcess-3 | stage2_run4 | Epoch 040 | train_loss=111.2393 | train_acc=0.9384 | test_loss=18.8713 | test_acc=0.9376
2026-05-15 17:42:28,842 | INFO | SpawnProcess-4 | stage2_run3 | Epoch 047 | train_loss=118.4788 | train_acc=0.9336 | test_loss=20.0230 | test_acc=0.9342
2026-05-15 17:42:43,841 | INFO | SpawnProcess-3 | stage2_run4 | Epoch 041 | train_loss=109.9754 | train_acc=0.9433 | test_loss=18.7488 | test_acc=0.9376
2026-05-15 17:42:52,562 | INFO | SpawnProcess-4 | stage2_run3 | Epoch 048 | train_loss=118.5133 | train_acc=0.9335 | test_loss=20.2245 | test_acc=0.9217
2026-05-15 17:43:04,660 | INFO | SpawnProcess-3 | stage2_run4 | Epoch 042 | train_loss=110.1086 | train_acc=0.9425 | test_loss=18.6216 | test_acc=0.9431
2026-05-15 17:43:16,733 | INFO | SpawnProcess-4 | stage2_run3 | Epoch 049 | train_loss=118.8036 | train_acc=0.9316 | test_loss=20.1888 | test_acc=0.9259
2026-05-15 17:43:29,052 | INFO | SpawnProcess-3 | stage2_run4 | Epoch 043 | train_loss=109.8164 | train_acc=0.9446 | test_loss=19.4787 | test_acc=0.9163
2026-05-15 17:43:41,539 | INFO | SpawnProcess-4 | stage2_run3 | Epoch 050 | train_loss=118.2097 | train_acc=0.9339 | test_loss=20.1027 | test_acc=0.9279
2026-05-15 17:43:53,575 | INFO | SpawnProcess-3 | stage2_run4 | Epoch 044 | train_loss=110.4685 | train_acc=0.9404 | test_loss=18.5085 | test_acc=0.9438
2026-05-15 17:44:06,615 | INFO | SpawnProcess-4 | stage2_run3 | Epoch 051 | train_loss=117.5468 | train_acc=0.9360 | test_loss=19.8395 | test_acc=0.9318
2026-05-15 17:44:18,716 | INFO | SpawnProcess-3 | stage2_run4 | Epoch 045 | train_loss=109.2877 | train_acc=0.9447 | test_loss=18.3630 | test_acc=0.9465
2026-05-15 17:44:32,106 | INFO | SpawnProcess-4 | stage2_run3 | Epoch 052 | train_loss=118.3128 | train_acc=0.9318 | test_loss=20.1219 | test_acc=0.9245
2026-05-15 17:44:41,940 | INFO | SpawnProcess-3 | stage2_run4 | Epoch 046 | train_loss=109.4362 | train_acc=0.9431 | test_loss=18.3251 | test_acc=0.9487
2026-05-15 17:44:51,631 | INFO | SpawnProcess-4 | stage2_run3 | Epoch 053 | train_loss=118.4155 | train_acc=0.9315 | test_loss=20.5637 | test_acc=0.9134
2026-05-15 17:45:08,533 | INFO | SpawnProcess-3 | stage2_run4 | Epoch 047 | train_loss=109.3044 | train_acc=0.9435 | test_loss=19.3930 | test_acc=0.9138
2026-05-15 17:45:13,591 | INFO | SpawnProcess-4 | stage2_run3 | Epoch 054 | train_loss=117.6938 | train_acc=0.9350 | test_loss=20.1808 | test_acc=0.9249
2026-05-15 17:45:35,271 | INFO | SpawnProcess-3 | stage2_run4 | Epoch 048 | train_loss=108.7116 | train_acc=0.9461 | test_loss=18.4941 | test_acc=0.9429
2026-05-15 17:45:36,383 | INFO | SpawnProcess-4 | stage2_run3 | Epoch 055 | train_loss=117.4967 | train_acc=0.9347 | test_loss=20.0632 | test_acc=0.9198
2026-05-15 17:45:59,274 | INFO | SpawnProcess-4 | stage2_run3 | Epoch 056 | train_loss=119.1897 | train_acc=0.9269 | test_loss=19.9515 | test_acc=0.9312
2026-05-15 17:46:03,379 | INFO | SpawnProcess-3 | stage2_run4 | Epoch 049 | train_loss=109.0107 | train_acc=0.9430 | test_loss=18.3129 | test_acc=0.9438
2026-05-15 17:46:23,874 | INFO | SpawnProcess-4 | stage2_run3 | Epoch 057 | train_loss=117.5247 | train_acc=0.9345 | test_loss=19.9329 | test_acc=0.9310
2026-05-15 17:46:28,443 | INFO | SpawnProcess-3 | stage2_run4 | Epoch 050 | train_loss=109.0709 | train_acc=0.9425 | test_loss=18.9002 | test_acc=0.9279
2026-05-15 17:46:48,526 | INFO | SpawnProcess-4 | stage2_run3 | Epoch 058 | train_loss=117.5561 | train_acc=0.9343 | test_loss=19.9054 | test_acc=0.9323
2026-05-15 17:46:55,930 | INFO | SpawnProcess-3 | stage2_run4 | Epoch 051 | train_loss=108.8519 | train_acc=0.9431 | test_loss=18.2725 | test_acc=0.9473
2026-05-15 17:47:15,122 | INFO | SpawnProcess-4 | stage2_run3 | Epoch 059 | train_loss=117.4858 | train_acc=0.9344 | test_loss=19.6995 | test_acc=0.9373
2026-05-15 17:47:24,545 | INFO | SpawnProcess-3 | stage2_run4 | Epoch 052 | train_loss=108.2336 | train_acc=0.9460 | test_loss=18.3602 | test_acc=0.9440
2026-05-15 17:47:39,662 | INFO | SpawnProcess-4 | stage2_run3 | Epoch 060 | train_loss=117.0286 | train_acc=0.9361 | test_loss=19.8693 | test_acc=0.9287
2026-05-15 17:47:48,184 | INFO | SpawnProcess-3 | stage2_run4 | Epoch 053 | train_loss=109.0134 | train_acc=0.9418 | test_loss=18.2425 | test_acc=0.9465
2026-05-15 17:48:07,117 | INFO | SpawnProcess-4 | stage2_run3 | Epoch 061 | train_loss=116.7096 | train_acc=0.9379 | test_loss=19.8974 | test_acc=0.9314
2026-05-15 17:48:17,782 | INFO | SpawnProcess-3 | stage2_run4 | Epoch 054 | train_loss=107.8707 | train_acc=0.9467 | test_loss=18.1991 | test_acc=0.9477
2026-05-15 17:48:29,996 | INFO | SpawnProcess-4 | stage2_run3 | Epoch 062 | train_loss=116.1789 | train_acc=0.9397 | test_loss=19.7370 | test_acc=0.9358
2026-05-15 17:48:43,987 | INFO | SpawnProcess-3 | stage2_run4 | Epoch 055 | train_loss=107.2886 | train_acc=0.9487 | test_loss=18.3377 | test_acc=0.9414
2026-05-15 17:48:54,920 | INFO | SpawnProcess-4 | stage2_run3 | Epoch 063 | train_loss=117.0652 | train_acc=0.9354 | test_loss=20.1062 | test_acc=0.9234
2026-05-15 17:49:06,215 | INFO | SpawnProcess-3 | stage2_run4 | Epoch 056 | train_loss=108.1365 | train_acc=0.9448 | test_loss=18.2640 | test_acc=0.9468
2026-05-15 17:49:17,614 | INFO | SpawnProcess-4 | stage2_run3 | Epoch 064 | train_loss=116.5231 | train_acc=0.9380 | test_loss=20.0090 | test_acc=0.9251
2026-05-15 17:49:30,251 | INFO | SpawnProcess-3 | stage2_run4 | Epoch 057 | train_loss=107.0756 | train_acc=0.9494 | test_loss=18.2040 | test_acc=0.9438
2026-05-15 17:49:40,719 | INFO | SpawnProcess-4 | stage2_run3 | Epoch 065 | train_loss=116.8557 | train_acc=0.9361 | test_loss=19.5307 | test_acc=0.9384
2026-05-15 17:49:52,650 | INFO | SpawnProcess-3 | stage2_run4 | Epoch 058 | train_loss=106.7236 | train_acc=0.9506 | test_loss=18.2080 | test_acc=0.9449
2026-05-15 17:50:04,183 | INFO | SpawnProcess-4 | stage2_run3 | Epoch 066 | train_loss=116.9701 | train_acc=0.9348 | test_loss=19.6189 | test_acc=0.9408
2026-05-15 17:50:16,805 | INFO | SpawnProcess-3 | stage2_run4 | Epoch 059 | train_loss=107.1598 | train_acc=0.9487 | test_loss=18.1329 | test_acc=0.9486
2026-05-15 17:50:27,577 | INFO | SpawnProcess-4 | stage2_run3 | Epoch 067 | train_loss=117.5861 | train_acc=0.9321 | test_loss=19.4786 | test_acc=0.9403
2026-05-15 17:50:39,489 | INFO | SpawnProcess-3 | stage2_run4 | Epoch 060 | train_loss=107.3436 | train_acc=0.9481 | test_loss=18.1200 | test_acc=0.9482
2026-05-15 17:50:50,648 | INFO | SpawnProcess-4 | stage2_run3 | Epoch 068 | train_loss=115.3718 | train_acc=0.9425 | test_loss=19.3394 | test_acc=0.9450
2026-05-15 17:51:01,751 | INFO | SpawnProcess-3 | stage2_run4 | Epoch 061 | train_loss=107.2823 | train_acc=0.9480 | test_loss=18.1802 | test_acc=0.9442
2026-05-15 17:51:14,856 | INFO | SpawnProcess-4 | stage2_run3 | Epoch 069 | train_loss=115.0815 | train_acc=0.9431 | test_loss=19.8787 | test_acc=0.9298
2026-05-15 17:51:25,777 | INFO | SpawnProcess-3 | stage2_run4 | Epoch 062 | train_loss=107.1953 | train_acc=0.9477 | test_loss=17.9465 | test_acc=0.9531
2026-05-15 17:51:36,869 | INFO | SpawnProcess-4 | stage2_run3 | Epoch 070 | train_loss=115.5945 | train_acc=0.9410 | test_loss=19.5602 | test_acc=0.9379
2026-05-15 17:51:49,662 | INFO | SpawnProcess-3 | stage2_run4 | Epoch 063 | train_loss=107.2363 | train_acc=0.9479 | test_loss=18.3287 | test_acc=0.9423
2026-05-15 17:51:59,383 | INFO | SpawnProcess-4 | stage2_run3 | Epoch 071 | train_loss=116.1527 | train_acc=0.9383 | test_loss=19.7949 | test_acc=0.9319
2026-05-15 17:52:15,335 | INFO | SpawnProcess-3 | stage2_run4 | Epoch 064 | train_loss=106.9223 | train_acc=0.9485 | test_loss=18.1842 | test_acc=0.9455
2026-05-15 17:52:23,115 | INFO | SpawnProcess-4 | stage2_run3 | Epoch 072 | train_loss=117.4468 | train_acc=0.9328 | test_loss=19.5977 | test_acc=0.9371
2026-05-15 17:52:37,086 | INFO | SpawnProcess-3 | stage2_run4 | Epoch 065 | train_loss=106.8496 | train_acc=0.9488 | test_loss=18.0329 | test_acc=0.9474
2026-05-15 17:52:44,874 | INFO | SpawnProcess-4 | stage2_run3 | Epoch 073 | train_loss=116.0526 | train_acc=0.9380 | test_loss=19.7935 | test_acc=0.9337
2026-05-15 17:53:01,760 | INFO | SpawnProcess-3 | stage2_run4 | Epoch 066 | train_loss=106.6132 | train_acc=0.9491 | test_loss=18.2322 | test_acc=0.9428
2026-05-15 17:53:06,463 | INFO | SpawnProcess-4 | stage2_run3 | Epoch 074 | train_loss=114.5542 | train_acc=0.9444 | test_loss=19.4886 | test_acc=0.9404
2026-05-15 17:53:25,691 | INFO | SpawnProcess-3 | stage2_run4 | Epoch 067 | train_loss=106.9856 | train_acc=0.9480 | test_loss=18.5153 | test_acc=0.9329
2026-05-15 17:53:28,845 | INFO | SpawnProcess-4 | stage2_run3 | Epoch 075 | train_loss=115.2020 | train_acc=0.9421 | test_loss=19.2881 | test_acc=0.9463
2026-05-15 17:53:49,576 | INFO | SpawnProcess-4 | stage2_run3 | Epoch 076 | train_loss=116.3430 | train_acc=0.9362 | test_loss=19.6136 | test_acc=0.9379
2026-05-15 17:53:49,731 | INFO | SpawnProcess-3 | stage2_run4 | Epoch 068 | train_loss=106.5869 | train_acc=0.9490 | test_loss=18.0853 | test_acc=0.9462
2026-05-15 17:54:10,320 | INFO | SpawnProcess-4 | stage2_run3 | Epoch 077 | train_loss=114.4086 | train_acc=0.9453 | test_loss=19.4734 | test_acc=0.9375
2026-05-15 17:54:15,484 | INFO | SpawnProcess-3 | stage2_run4 | Epoch 069 | train_loss=105.4928 | train_acc=0.9541 | test_loss=17.8528 | test_acc=0.9522
2026-05-15 17:54:31,900 | INFO | SpawnProcess-4 | stage2_run3 | Epoch 078 | train_loss=115.5318 | train_acc=0.9389 | test_loss=19.5002 | test_acc=0.9375
2026-05-15 17:54:40,022 | INFO | SpawnProcess-3 | stage2_run4 | Epoch 070 | train_loss=106.3156 | train_acc=0.9503 | test_loss=18.0388 | test_acc=0.9486
2026-05-15 17:54:55,083 | INFO | SpawnProcess-4 | stage2_run3 | Epoch 079 | train_loss=115.3316 | train_acc=0.9389 | test_loss=19.5758 | test_acc=0.9333
2026-05-15 17:55:02,982 | INFO | SpawnProcess-3 | stage2_run4 | Epoch 071 | train_loss=107.3512 | train_acc=0.9456 | test_loss=18.4691 | test_acc=0.9374
2026-05-15 17:55:17,726 | INFO | SpawnProcess-4 | stage2_run3 | Epoch 080 | train_loss=114.4441 | train_acc=0.9426 | test_loss=19.5522 | test_acc=0.9317
2026-05-15 17:55:27,611 | INFO | SpawnProcess-3 | stage2_run4 | Epoch 072 | train_loss=106.4278 | train_acc=0.9495 | test_loss=18.1512 | test_acc=0.9468
2026-05-15 17:55:40,688 | INFO | SpawnProcess-4 | stage2_run3 | Epoch 081 | train_loss=115.1337 | train_acc=0.9394 | test_loss=19.5707 | test_acc=0.9348
2026-05-15 17:55:50,215 | INFO | SpawnProcess-3 | stage2_run4 | Epoch 073 | train_loss=106.4204 | train_acc=0.9492 | test_loss=18.0518 | test_acc=0.9480
2026-05-15 17:56:04,704 | INFO | SpawnProcess-4 | stage2_run3 | Epoch 082 | train_loss=115.8357 | train_acc=0.9362 | test_loss=19.5123 | test_acc=0.9352
2026-05-15 17:56:11,262 | INFO | SpawnProcess-3 | stage2_run4 | Epoch 074 | train_loss=106.2390 | train_acc=0.9498 | test_loss=17.8707 | test_acc=0.9509
2026-05-15 17:56:28,542 | INFO | SpawnProcess-4 | stage2_run3 | Epoch 083 | train_loss=114.6739 | train_acc=0.9414 | test_loss=19.5974 | test_acc=0.9356
2026-05-15 17:56:34,875 | INFO | SpawnProcess-3 | stage2_run4 | Epoch 075 | train_loss=106.3610 | train_acc=0.9493 | test_loss=18.6030 | test_acc=0.9301
2026-05-15 17:56:52,623 | INFO | SpawnProcess-4 | stage2_run3 | Epoch 084 | train_loss=113.9977 | train_acc=0.9437 | test_loss=19.3101 | test_acc=0.9415
2026-05-15 17:56:57,318 | INFO | SpawnProcess-3 | stage2_run4 | Epoch 076 | train_loss=107.0863 | train_acc=0.9453 | test_loss=17.8750 | test_acc=0.9518
2026-05-15 17:57:16,520 | INFO | SpawnProcess-4 | stage2_run3 | Epoch 085 | train_loss=114.4328 | train_acc=0.9419 | test_loss=19.1634 | test_acc=0.9446
2026-05-15 17:57:20,251 | INFO | SpawnProcess-3 | stage2_run4 | Epoch 077 | train_loss=106.0032 | train_acc=0.9501 | test_loss=18.3781 | test_acc=0.9382
2026-05-15 17:57:39,273 | INFO | SpawnProcess-4 | stage2_run3 | Epoch 086 | train_loss=113.7302 | train_acc=0.9446 | test_loss=19.0996 | test_acc=0.9494
2026-05-15 17:57:43,636 | INFO | SpawnProcess-3 | stage2_run4 | Epoch 078 | train_loss=106.2973 | train_acc=0.9482 | test_loss=17.8233 | test_acc=0.9527
2026-05-15 17:58:02,384 | INFO | SpawnProcess-4 | stage2_run3 | Epoch 087 | train_loss=114.4127 | train_acc=0.9413 | test_loss=19.3810 | test_acc=0.9354
2026-05-15 17:58:07,254 | INFO | SpawnProcess-3 | stage2_run4 | Epoch 079 | train_loss=105.7318 | train_acc=0.9505 | test_loss=17.8810 | test_acc=0.9498
2026-05-15 17:58:25,948 | INFO | SpawnProcess-4 | stage2_run3 | Epoch 088 | train_loss=114.1779 | train_acc=0.9425 | test_loss=19.3080 | test_acc=0.9410
2026-05-15 17:58:30,359 | INFO | SpawnProcess-3 | stage2_run4 | Epoch 080 | train_loss=105.6992 | train_acc=0.9512 | test_loss=17.9463 | test_acc=0.9484
2026-05-15 17:58:48,290 | INFO | SpawnProcess-4 | stage2_run3 | Epoch 089 | train_loss=114.3406 | train_acc=0.9419 | test_loss=19.2270 | test_acc=0.9424
2026-05-15 17:58:52,121 | INFO | SpawnProcess-3 | stage2_run4 | Epoch 081 | train_loss=105.1808 | train_acc=0.9524 | test_loss=17.8198 | test_acc=0.9514
2026-05-15 17:59:10,282 | INFO | SpawnProcess-4 | stage2_run3 | Epoch 090 | train_loss=114.0289 | train_acc=0.9435 | test_loss=19.5538 | test_acc=0.9330
2026-05-15 17:59:15,969 | INFO | SpawnProcess-3 | stage2_run4 | Epoch 082 | train_loss=105.5596 | train_acc=0.9507 | test_loss=17.9234 | test_acc=0.9490
2026-05-15 17:59:32,808 | INFO | SpawnProcess-4 | stage2_run3 | Epoch 091 | train_loss=114.7064 | train_acc=0.9400 | test_loss=19.1784 | test_acc=0.9458
2026-05-15 17:59:39,785 | INFO | SpawnProcess-3 | stage2_run4 | Epoch 083 | train_loss=105.5807 | train_acc=0.9511 | test_loss=17.9774 | test_acc=0.9485
2026-05-15 17:59:54,063 | INFO | SpawnProcess-4 | stage2_run3 | Epoch 092 | train_loss=113.5727 | train_acc=0.9446 | test_loss=19.2215 | test_acc=0.9450
2026-05-15 18:00:03,080 | INFO | SpawnProcess-3 | stage2_run4 | Epoch 084 | train_loss=105.4588 | train_acc=0.9518 | test_loss=17.9570 | test_acc=0.9489
2026-05-15 18:00:17,825 | INFO | SpawnProcess-4 | stage2_run3 | Epoch 093 | train_loss=113.2879 | train_acc=0.9458 | test_loss=19.5268 | test_acc=0.9350
2026-05-15 18:00:28,553 | INFO | SpawnProcess-3 | stage2_run4 | Epoch 085 | train_loss=105.7382 | train_acc=0.9501 | test_loss=17.7563 | test_acc=0.9531
2026-05-15 18:00:41,947 | INFO | SpawnProcess-4 | stage2_run3 | Epoch 094 | train_loss=113.5953 | train_acc=0.9439 | test_loss=18.9885 | test_acc=0.9469
2026-05-15 18:00:51,940 | INFO | SpawnProcess-3 | stage2_run4 | Epoch 086 | train_loss=104.2745 | train_acc=0.9565 | test_loss=18.1737 | test_acc=0.9401
2026-05-15 18:01:06,154 | INFO | SpawnProcess-4 | stage2_run3 | Epoch 095 | train_loss=112.3980 | train_acc=0.9486 | test_loss=19.3238 | test_acc=0.9392
2026-05-15 18:01:13,066 | INFO | SpawnProcess-3 | stage2_run4 | Epoch 087 | train_loss=105.2786 | train_acc=0.9526 | test_loss=17.6630 | test_acc=0.9541
2026-05-15 18:01:30,556 | INFO | SpawnProcess-4 | stage2_run3 | Epoch 096 | train_loss=112.9001 | train_acc=0.9458 | test_loss=18.9483 | test_acc=0.9482
2026-05-15 18:01:38,011 | INFO | SpawnProcess-3 | stage2_run4 | Epoch 088 | train_loss=105.3361 | train_acc=0.9523 | test_loss=17.9648 | test_acc=0.9482
2026-05-15 18:01:54,608 | INFO | SpawnProcess-4 | stage2_run3 | Epoch 097 | train_loss=112.6639 | train_acc=0.9475 | test_loss=19.7410 | test_acc=0.9254
2026-05-15 18:02:03,216 | INFO | SpawnProcess-3 | stage2_run4 | Epoch 089 | train_loss=106.1127 | train_acc=0.9479 | test_loss=17.7859 | test_acc=0.9502
2026-05-15 18:02:19,346 | INFO | SpawnProcess-4 | stage2_run3 | Epoch 098 | train_loss=113.3379 | train_acc=0.9433 | test_loss=19.1230 | test_acc=0.9458
2026-05-15 18:02:28,053 | INFO | SpawnProcess-3 | stage2_run4 | Epoch 090 | train_loss=105.0318 | train_acc=0.9526 | test_loss=17.5718 | test_acc=0.9572
2026-05-15 18:02:42,651 | INFO | SpawnProcess-4 | stage2_run3 | Epoch 099 | train_loss=112.5358 | train_acc=0.9479 | test_loss=19.2691 | test_acc=0.9407
2026-05-15 18:02:51,615 | INFO | SpawnProcess-3 | stage2_run4 | Epoch 091 | train_loss=104.4999 | train_acc=0.9553 | test_loss=17.8754 | test_acc=0.9494
2026-05-15 18:03:05,713 | INFO | SpawnProcess-4 | stage2_run3 | Epoch 100 | train_loss=112.7896 | train_acc=0.9461 | test_loss=19.1603 | test_acc=0.9424
2026-05-15 18:03:15,149 | INFO | SpawnProcess-3 | stage2_run4 | Epoch 092 | train_loss=104.9107 | train_acc=0.9532 | test_loss=17.8793 | test_acc=0.9491
2026-05-15 18:03:32,025 | INFO | SpawnProcess-4 | stage2_run3 | Epoch 101 | train_loss=114.5052 | train_acc=0.9383 | test_loss=19.5776 | test_acc=0.9296
2026-05-15 18:03:40,242 | INFO | SpawnProcess-3 | stage2_run4 | Epoch 093 | train_loss=105.4216 | train_acc=0.9503 | test_loss=17.9840 | test_acc=0.9449
2026-05-15 18:03:56,772 | INFO | SpawnProcess-4 | stage2_run3 | Epoch 102 | train_loss=113.5159 | train_acc=0.9421 | test_loss=18.9448 | test_acc=0.9485
2026-05-15 18:04:04,558 | INFO | SpawnProcess-3 | stage2_run4 | Epoch 094 | train_loss=105.0290 | train_acc=0.9527 | test_loss=18.2329 | test_acc=0.9395
2026-05-15 18:04:19,274 | INFO | SpawnProcess-4 | stage2_run3 | Epoch 103 | train_loss=112.5337 | train_acc=0.9473 | test_loss=19.1055 | test_acc=0.9437
2026-05-15 18:04:28,075 | INFO | SpawnProcess-3 | stage2_run4 | Epoch 095 | train_loss=105.0419 | train_acc=0.9528 | test_loss=18.1315 | test_acc=0.9383
2026-05-15 18:04:41,058 | INFO | SpawnProcess-4 | stage2_run3 | Epoch 104 | train_loss=113.3404 | train_acc=0.9435 | test_loss=19.4426 | test_acc=0.9337
2026-05-15 18:04:51,517 | INFO | SpawnProcess-3 | stage2_run4 | Epoch 096 | train_loss=104.8686 | train_acc=0.9537 | test_loss=18.4491 | test_acc=0.9334
2026-05-15 18:05:05,344 | INFO | SpawnProcess-4 | stage2_run3 | Epoch 105 | train_loss=113.8288 | train_acc=0.9401 | test_loss=19.1694 | test_acc=0.9382
2026-05-15 18:05:16,042 | INFO | SpawnProcess-3 | stage2_run4 | Epoch 097 | train_loss=105.5871 | train_acc=0.9502 | test_loss=17.7824 | test_acc=0.9518
2026-05-15 18:05:28,542 | INFO | SpawnProcess-4 | stage2_run3 | Epoch 106 | train_loss=112.7521 | train_acc=0.9457 | test_loss=19.1374 | test_acc=0.9423
2026-05-15 18:05:40,039 | INFO | SpawnProcess-3 | stage2_run4 | Epoch 098 | train_loss=104.1337 | train_acc=0.9560 | test_loss=17.6509 | test_acc=0.9546
2026-05-15 18:05:50,330 | INFO | SpawnProcess-4 | stage2_run3 | Epoch 107 | train_loss=113.3200 | train_acc=0.9424 | test_loss=19.1119 | test_acc=0.9413
2026-05-15 18:06:02,694 | INFO | SpawnProcess-3 | stage2_run4 | Epoch 099 | train_loss=104.4901 | train_acc=0.9545 | test_loss=17.8702 | test_acc=0.9491
2026-05-15 18:06:13,205 | INFO | SpawnProcess-4 | stage2_run3 | Epoch 108 | train_loss=113.1513 | train_acc=0.9428 | test_loss=19.3280 | test_acc=0.9375
2026-05-15 18:06:25,395 | INFO | SpawnProcess-3 | stage2_run4 | Epoch 100 | train_loss=104.9773 | train_acc=0.9525 | test_loss=17.7540 | test_acc=0.9523
2026-05-15 18:06:36,050 | INFO | SpawnProcess-4 | stage2_run3 | Epoch 109 | train_loss=114.0252 | train_acc=0.9389 | test_loss=19.7530 | test_acc=0.9227
2026-05-15 18:06:49,318 | INFO | SpawnProcess-3 | stage2_run4 | Epoch 101 | train_loss=105.5478 | train_acc=0.9502 | test_loss=17.8348 | test_acc=0.9507
2026-05-15 18:07:00,063 | INFO | SpawnProcess-4 | stage2_run3 | Epoch 110 | train_loss=112.7141 | train_acc=0.9444 | test_loss=18.9319 | test_acc=0.9467
2026-05-15 18:07:13,508 | INFO | SpawnProcess-3 | stage2_run4 | Epoch 102 | train_loss=105.1539 | train_acc=0.9519 | test_loss=17.7740 | test_acc=0.9522
2026-05-15 18:07:25,014 | INFO | SpawnProcess-4 | stage2_run3 | Epoch 111 | train_loss=112.8606 | train_acc=0.9435 | test_loss=19.4669 | test_acc=0.9363
2026-05-15 18:07:37,658 | INFO | SpawnProcess-3 | stage2_run4 | Epoch 103 | train_loss=105.8764 | train_acc=0.9493 | test_loss=17.8631 | test_acc=0.9474
2026-05-15 18:07:48,136 | INFO | SpawnProcess-4 | stage2_run3 | Epoch 112 | train_loss=112.5590 | train_acc=0.9454 | test_loss=18.8885 | test_acc=0.9494
2026-05-15 18:08:02,089 | INFO | SpawnProcess-3 | stage2_run4 | Epoch 104 | train_loss=104.9814 | train_acc=0.9525 | test_loss=17.8094 | test_acc=0.9494
2026-05-15 18:08:11,071 | INFO | SpawnProcess-4 | stage2_run3 | Epoch 113 | train_loss=112.3332 | train_acc=0.9466 | test_loss=19.4870 | test_acc=0.9309
2026-05-15 18:08:23,168 | INFO | SpawnProcess-3 | stage2_run4 | Epoch 105 | train_loss=103.8454 | train_acc=0.9581 | test_loss=17.7530 | test_acc=0.9515
2026-05-15 18:08:36,145 | INFO | SpawnProcess-4 | stage2_run3 | Epoch 114 | train_loss=112.6601 | train_acc=0.9445 | test_loss=18.8852 | test_acc=0.9482
2026-05-15 18:08:44,090 | INFO | SpawnProcess-3 | stage2_run4 | Epoch 106 | train_loss=104.3643 | train_acc=0.9553 | test_loss=17.7536 | test_acc=0.9486
2026-05-15 18:08:57,905 | INFO | SpawnProcess-4 | stage2_run3 | Epoch 115 | train_loss=111.3024 | train_acc=0.9505 | test_loss=18.8962 | test_acc=0.9473
2026-05-15 18:09:08,759 | INFO | SpawnProcess-3 | stage2_run4 | Epoch 107 | train_loss=104.8398 | train_acc=0.9524 | test_loss=17.7080 | test_acc=0.9520
2026-05-15 18:09:18,502 | INFO | SpawnProcess-4 | stage2_run3 | Epoch 116 | train_loss=112.6961 | train_acc=0.9429 | test_loss=19.4038 | test_acc=0.9325
2026-05-15 18:09:35,059 | INFO | SpawnProcess-3 | stage2_run4 | Epoch 108 | train_loss=103.9486 | train_acc=0.9569 | test_loss=17.7406 | test_acc=0.9518
2026-05-15 18:09:41,671 | INFO | SpawnProcess-4 | stage2_run3 | Epoch 117 | train_loss=112.5293 | train_acc=0.9449 | test_loss=19.1674 | test_acc=0.9411
2026-05-15 18:09:56,147 | INFO | SpawnProcess-3 | stage2_run4 | Epoch 109 | train_loss=103.9050 | train_acc=0.9570 | test_loss=17.7616 | test_acc=0.9506
2026-05-15 18:10:04,218 | INFO | SpawnProcess-4 | stage2_run3 | Epoch 118 | train_loss=112.7157 | train_acc=0.9442 | test_loss=19.2089 | test_acc=0.9391
2026-05-15 18:10:17,615 | INFO | SpawnProcess-3 | stage2_run4 | Epoch 110 | train_loss=104.4012 | train_acc=0.9542 | test_loss=18.0241 | test_acc=0.9455
2026-05-15 18:10:27,921 | INFO | SpawnProcess-4 | stage2_run3 | Epoch 119 | train_loss=112.0059 | train_acc=0.9468 | test_loss=18.7919 | test_acc=0.9491
2026-05-15 18:10:39,667 | INFO | SpawnProcess-3 | stage2_run4 | Epoch 111 | train_loss=104.6161 | train_acc=0.9530 | test_loss=17.6565 | test_acc=0.9549
2026-05-15 18:10:52,242 | INFO | SpawnProcess-4 | stage2_run3 | Epoch 120 | train_loss=111.7478 | train_acc=0.9478 | test_loss=19.0539 | test_acc=0.9418
2026-05-15 18:11:03,113 | INFO | SpawnProcess-3 | stage2_run4 | Epoch 112 | train_loss=104.6929 | train_acc=0.9529 | test_loss=18.0590 | test_acc=0.9449
2026-05-15 18:11:12,730 | INFO | SpawnProcess-4 | stage2_run3 | Epoch 121 | train_loss=111.8947 | train_acc=0.9469 | test_loss=19.0706 | test_acc=0.9405
2026-05-15 18:11:25,700 | INFO | SpawnProcess-3 | stage2_run4 | Epoch 113 | train_loss=104.9385 | train_acc=0.9519 | test_loss=17.7114 | test_acc=0.9520
2026-05-15 18:11:36,174 | INFO | SpawnProcess-4 | stage2_run3 | Epoch 122 | train_loss=112.0852 | train_acc=0.9467 | test_loss=18.9829 | test_acc=0.9436
2026-05-15 18:11:47,209 | INFO | SpawnProcess-3 | stage2_run4 | Epoch 114 | train_loss=103.6595 | train_acc=0.9575 | test_loss=17.5217 | test_acc=0.9561
2026-05-15 18:11:59,329 | INFO | SpawnProcess-4 | stage2_run3 | Epoch 123 | train_loss=111.1060 | train_acc=0.9498 | test_loss=18.8825 | test_acc=0.9473
2026-05-15 18:12:12,269 | INFO | SpawnProcess-3 | stage2_run4 | Epoch 115 | train_loss=104.9515 | train_acc=0.9515 | test_loss=17.7781 | test_acc=0.9496
2026-05-15 18:12:20,514 | INFO | SpawnProcess-4 | stage2_run3 | Epoch 124 | train_loss=111.4382 | train_acc=0.9492 | test_loss=19.0547 | test_acc=0.9435
2026-05-15 18:12:38,477 | INFO | SpawnProcess-3 | stage2_run4 | Epoch 116 | train_loss=104.5500 | train_acc=0.9539 | test_loss=17.8198 | test_acc=0.9500
2026-05-15 18:12:42,830 | INFO | SpawnProcess-4 | stage2_run3 | Epoch 125 | train_loss=111.8611 | train_acc=0.9476 | test_loss=18.9432 | test_acc=0.9478
2026-05-15 18:13:01,743 | INFO | SpawnProcess-3 | stage2_run4 | Epoch 117 | train_loss=104.6199 | train_acc=0.9526 | test_loss=18.1088 | test_acc=0.9413
2026-05-15 18:13:03,728 | INFO | SpawnProcess-4 | stage2_run3 | Epoch 126 | train_loss=111.1143 | train_acc=0.9503 | test_loss=18.9203 | test_acc=0.9469
2026-05-15 18:13:25,476 | INFO | SpawnProcess-3 | stage2_run4 | Epoch 118 | train_loss=103.8388 | train_acc=0.9567 | test_loss=17.6693 | test_acc=0.9544
2026-05-15 18:13:26,614 | INFO | SpawnProcess-4 | stage2_run3 | Epoch 127 | train_loss=111.2599 | train_acc=0.9501 | test_loss=19.1376 | test_acc=0.9434
2026-05-15 18:13:46,866 | INFO | SpawnProcess-4 | stage2_run3 | Epoch 128 | train_loss=112.7213 | train_acc=0.9433 | test_loss=18.6824 | test_acc=0.9537
2026-05-15 18:13:49,017 | INFO | SpawnProcess-3 | stage2_run4 | Epoch 119 | train_loss=104.0895 | train_acc=0.9557 | test_loss=18.1078 | test_acc=0.9415
2026-05-15 18:14:09,475 | INFO | SpawnProcess-4 | stage2_run3 | Epoch 129 | train_loss=111.3621 | train_acc=0.9496 | test_loss=19.2066 | test_acc=0.9391
2026-05-15 18:14:13,405 | INFO | SpawnProcess-3 | stage2_run4 | Epoch 120 | train_loss=105.0232 | train_acc=0.9511 | test_loss=17.8617 | test_acc=0.9457
2026-05-15 18:14:31,164 | INFO | SpawnProcess-4 | stage2_run3 | Epoch 130 | train_loss=112.0498 | train_acc=0.9463 | test_loss=18.8872 | test_acc=0.9462
2026-05-15 18:14:37,541 | INFO | SpawnProcess-3 | stage2_run4 | Epoch 121 | train_loss=104.1449 | train_acc=0.9557 | test_loss=17.5968 | test_acc=0.9544
2026-05-15 18:14:53,158 | INFO | SpawnProcess-4 | stage2_run3 | Epoch 131 | train_loss=111.9734 | train_acc=0.9466 | test_loss=19.0409 | test_acc=0.9448
2026-05-15 18:15:02,059 | INFO | SpawnProcess-3 | stage2_run4 | Epoch 122 | train_loss=104.1105 | train_acc=0.9548 | test_loss=17.7530 | test_acc=0.9511
2026-05-15 18:15:14,880 | INFO | SpawnProcess-4 | stage2_run3 | Epoch 132 | train_loss=112.2290 | train_acc=0.9455 | test_loss=18.8999 | test_acc=0.9468
2026-05-15 18:15:26,036 | INFO | SpawnProcess-3 | stage2_run4 | Epoch 123 | train_loss=103.7918 | train_acc=0.9564 | test_loss=17.7854 | test_acc=0.9506
2026-05-15 18:15:37,387 | INFO | SpawnProcess-4 | stage2_run3 | Epoch 133 | train_loss=111.1291 | train_acc=0.9499 | test_loss=18.9479 | test_acc=0.9445
2026-05-15 18:15:49,766 | INFO | SpawnProcess-3 | stage2_run4 | Epoch 124 | train_loss=103.3508 | train_acc=0.9581 | test_loss=17.5322 | test_acc=0.9568
2026-05-15 18:15:59,651 | INFO | SpawnProcess-4 | stage2_run3 | Epoch 134 | train_loss=111.3033 | train_acc=0.9495 | test_loss=18.8403 | test_acc=0.9470
2026-05-15 18:16:12,938 | INFO | SpawnProcess-3 | stage2_run4 | Epoch 125 | train_loss=104.5715 | train_acc=0.9526 | test_loss=17.8285 | test_acc=0.9474
2026-05-15 18:16:21,586 | INFO | SpawnProcess-4 | stage2_run3 | Epoch 135 | train_loss=111.9373 | train_acc=0.9469 | test_loss=18.5422 | test_acc=0.9558
2026-05-15 18:16:39,266 | INFO | SpawnProcess-3 | stage2_run4 | Epoch 126 | train_loss=104.7794 | train_acc=0.9526 | test_loss=17.6208 | test_acc=0.9553
2026-05-15 18:16:43,262 | INFO | SpawnProcess-4 | stage2_run3 | Epoch 136 | train_loss=110.7640 | train_acc=0.9508 | test_loss=18.9312 | test_acc=0.9449
2026-05-15 18:17:04,841 | INFO | SpawnProcess-3 | stage2_run4 | Epoch 127 | train_loss=104.3176 | train_acc=0.9542 | test_loss=17.6012 | test_acc=0.9545
2026-05-15 18:17:06,866 | INFO | SpawnProcess-4 | stage2_run3 | Epoch 137 | train_loss=111.9483 | train_acc=0.9467 | test_loss=18.9399 | test_acc=0.9428
2026-05-15 18:17:28,503 | INFO | SpawnProcess-3 | stage2_run4 | Epoch 128 | train_loss=104.2126 | train_acc=0.9538 | test_loss=17.7402 | test_acc=0.9495
2026-05-15 18:17:30,133 | INFO | SpawnProcess-4 | stage2_run3 | Epoch 138 | train_loss=112.2520 | train_acc=0.9450 | test_loss=18.9089 | test_acc=0.9457
2026-05-15 18:17:52,353 | INFO | SpawnProcess-3 | stage2_run4 | Epoch 129 | train_loss=103.3421 | train_acc=0.9583 | test_loss=17.7761 | test_acc=0.9476
2026-05-15 18:17:52,511 | INFO | SpawnProcess-4 | stage2_run3 | Epoch 139 | train_loss=111.0832 | train_acc=0.9482 | test_loss=19.3915 | test_acc=0.9305
2026-05-15 18:18:14,853 | INFO | SpawnProcess-4 | stage2_run3 | Epoch 140 | train_loss=110.9667 | train_acc=0.9474 | test_loss=19.2600 | test_acc=0.9339
2026-05-15 18:18:16,600 | INFO | SpawnProcess-3 | stage2_run4 | Epoch 130 | train_loss=103.9654 | train_acc=0.9554 | test_loss=17.5505 | test_acc=0.9566
2026-05-15 18:18:36,254 | INFO | SpawnProcess-4 | stage2_run3 | Epoch 141 | train_loss=111.1688 | train_acc=0.9461 | test_loss=18.6041 | test_acc=0.9513
2026-05-15 18:18:40,445 | INFO | SpawnProcess-3 | stage2_run4 | Epoch 131 | train_loss=103.8160 | train_acc=0.9562 | test_loss=17.5736 | test_acc=0.9542
2026-05-15 18:18:58,921 | INFO | SpawnProcess-4 | stage2_run3 | Epoch 142 | train_loss=110.9622 | train_acc=0.9471 | test_loss=18.5327 | test_acc=0.9526
2026-05-15 18:19:02,753 | INFO | SpawnProcess-3 | stage2_run4 | Epoch 132 | train_loss=104.8166 | train_acc=0.9515 | test_loss=17.7837 | test_acc=0.9498
2026-05-15 18:19:19,463 | INFO | SpawnProcess-4 | stage2_run3 | Epoch 143 | train_loss=110.4465 | train_acc=0.9490 | test_loss=18.9156 | test_acc=0.9436
2026-05-15 18:19:28,611 | INFO | SpawnProcess-3 | stage2_run4 | Epoch 133 | train_loss=104.9885 | train_acc=0.9499 | test_loss=17.9414 | test_acc=0.9450
2026-05-15 18:19:40,749 | INFO | SpawnProcess-4 | stage2_run3 | Epoch 144 | train_loss=111.2320 | train_acc=0.9454 | test_loss=19.3145 | test_acc=0.9323
2026-05-15 18:19:51,924 | INFO | SpawnProcess-3 | stage2_run4 | Epoch 134 | train_loss=103.7047 | train_acc=0.9558 | test_loss=18.2933 | test_acc=0.9373
2026-05-15 18:20:01,926 | INFO | SpawnProcess-4 | stage2_run3 | Epoch 145 | train_loss=111.3827 | train_acc=0.9452 | test_loss=21.2227 | test_acc=0.8914
2026-05-15 18:20:17,921 | INFO | SpawnProcess-3 | stage2_run4 | Epoch 135 | train_loss=105.2253 | train_acc=0.9486 | test_loss=17.6437 | test_acc=0.9535
2026-05-15 18:20:23,238 | INFO | SpawnProcess-4 | stage2_run3 | Epoch 146 | train_loss=110.5109 | train_acc=0.9490 | test_loss=18.6770 | test_acc=0.9470
2026-05-15 18:20:40,551 | INFO | SpawnProcess-3 | stage2_run4 | Epoch 136 | train_loss=104.4274 | train_acc=0.9528 | test_loss=17.8502 | test_acc=0.9465
2026-05-15 18:20:46,136 | INFO | SpawnProcess-4 | stage2_run3 | Epoch 147 | train_loss=110.2155 | train_acc=0.9490 | test_loss=18.7280 | test_acc=0.9465
2026-05-15 18:21:01,853 | INFO | SpawnProcess-3 | stage2_run4 | Epoch 137 | train_loss=103.6306 | train_acc=0.9559 | test_loss=17.7820 | test_acc=0.9501
2026-05-15 18:21:09,485 | INFO | SpawnProcess-4 | stage2_run3 | Epoch 148 | train_loss=109.5005 | train_acc=0.9525 | test_loss=18.4938 | test_acc=0.9541
2026-05-15 18:21:25,272 | INFO | SpawnProcess-3 | stage2_run4 | Epoch 138 | train_loss=103.2801 | train_acc=0.9575 | test_loss=17.5650 | test_acc=0.9529
2026-05-15 18:21:30,843 | INFO | SpawnProcess-4 | stage2_run3 | Epoch 149 | train_loss=110.1353 | train_acc=0.9503 | test_loss=18.6790 | test_acc=0.9488
2026-05-15 18:21:47,107 | INFO | SpawnProcess-3 | stage2_run4 | Epoch 139 | train_loss=103.7458 | train_acc=0.9544 | test_loss=17.5228 | test_acc=0.9554
2026-05-15 18:21:55,977 | INFO | SpawnProcess-4 | stage2_run3 | Epoch 150 | train_loss=110.6574 | train_acc=0.9471 | test_loss=18.6707 | test_acc=0.9483
2026-05-15 18:22:09,754 | INFO | SpawnProcess-3 | stage2_run4 | Epoch 140 | train_loss=104.0810 | train_acc=0.9526 | test_loss=17.8768 | test_acc=0.9448
2026-05-15 18:22:18,231 | INFO | SpawnProcess-4 | stage2_run3 | Epoch 151 | train_loss=110.0316 | train_acc=0.9495 | test_loss=18.7209 | test_acc=0.9474
2026-05-15 18:22:33,150 | INFO | SpawnProcess-3 | stage2_run4 | Epoch 141 | train_loss=104.5735 | train_acc=0.9507 | test_loss=17.3476 | test_acc=0.9595
2026-05-15 18:22:43,283 | INFO | SpawnProcess-4 | stage2_run3 | Epoch 152 | train_loss=110.1231 | train_acc=0.9494 | test_loss=18.5536 | test_acc=0.9518
2026-05-15 18:22:55,370 | INFO | SpawnProcess-3 | stage2_run4 | Epoch 142 | train_loss=103.2602 | train_acc=0.9564 | test_loss=17.5790 | test_acc=0.9532
2026-05-15 18:23:06,281 | INFO | SpawnProcess-4 | stage2_run3 | Epoch 153 | train_loss=112.4794 | train_acc=0.9400 | test_loss=19.8414 | test_acc=0.9161
2026-05-15 18:23:19,440 | INFO | SpawnProcess-3 | stage2_run4 | Epoch 143 | train_loss=103.2945 | train_acc=0.9565 | test_loss=17.5702 | test_acc=0.9540
2026-05-15 18:23:30,139 | INFO | SpawnProcess-4 | stage2_run3 | Epoch 154 | train_loss=110.8028 | train_acc=0.9461 | test_loss=18.6723 | test_acc=0.9472
2026-05-15 18:23:42,448 | INFO | SpawnProcess-3 | stage2_run4 | Epoch 144 | train_loss=103.1936 | train_acc=0.9573 | test_loss=17.7740 | test_acc=0.9479
2026-05-15 18:23:52,435 | INFO | SpawnProcess-4 | stage2_run3 | Epoch 155 | train_loss=111.0011 | train_acc=0.9461 | test_loss=18.6694 | test_acc=0.9485
2026-05-15 18:24:06,253 | INFO | SpawnProcess-3 | stage2_run4 | Epoch 145 | train_loss=104.2472 | train_acc=0.9519 | test_loss=17.7261 | test_acc=0.9493
2026-05-15 18:24:16,667 | INFO | SpawnProcess-4 | stage2_run3 | Epoch 156 | train_loss=110.3702 | train_acc=0.9481 | test_loss=18.7137 | test_acc=0.9472
2026-05-15 18:24:29,611 | INFO | SpawnProcess-3 | stage2_run4 | Epoch 146 | train_loss=103.5926 | train_acc=0.9552 | test_loss=17.5457 | test_acc=0.9530
2026-05-15 18:24:38,347 | INFO | SpawnProcess-4 | stage2_run3 | Epoch 157 | train_loss=111.3215 | train_acc=0.9438 | test_loss=18.5305 | test_acc=0.9521
2026-05-15 18:24:54,762 | INFO | SpawnProcess-3 | stage2_run4 | Epoch 147 | train_loss=102.9870 | train_acc=0.9580 | test_loss=17.4918 | test_acc=0.9562
2026-05-15 18:25:01,937 | INFO | SpawnProcess-4 | stage2_run3 | Epoch 158 | train_loss=109.4999 | train_acc=0.9524 | test_loss=18.5650 | test_acc=0.9510
2026-05-15 18:25:19,854 | INFO | SpawnProcess-3 | stage2_run4 | Epoch 148 | train_loss=103.1543 | train_acc=0.9568 | test_loss=17.4379 | test_acc=0.9571
2026-05-15 18:25:23,459 | INFO | SpawnProcess-4 | stage2_run3 | Epoch 159 | train_loss=110.0863 | train_acc=0.9489 | test_loss=19.0663 | test_acc=0.9365
2026-05-15 18:25:44,684 | INFO | SpawnProcess-3 | stage2_run4 | Epoch 149 | train_loss=102.4860 | train_acc=0.9602 | test_loss=17.2343 | test_acc=0.9629
2026-05-15 18:25:45,066 | INFO | SpawnProcess-4 | stage2_run3 | Epoch 160 | train_loss=110.8990 | train_acc=0.9459 | test_loss=19.9263 | test_acc=0.9196
2026-05-15 18:26:06,817 | INFO | SpawnProcess-4 | stage2_run3 | Epoch 161 | train_loss=110.2473 | train_acc=0.9490 | test_loss=19.2261 | test_acc=0.9341
2026-05-15 18:26:07,631 | INFO | SpawnProcess-3 | stage2_run4 | Epoch 150 | train_loss=102.4704 | train_acc=0.9597 | test_loss=17.5364 | test_acc=0.9546
2026-05-15 18:26:29,629 | INFO | SpawnProcess-4 | stage2_run3 | Epoch 162 | train_loss=109.8671 | train_acc=0.9496 | test_loss=18.4021 | test_acc=0.9523
2026-05-15 18:26:31,520 | INFO | SpawnProcess-3 | stage2_run4 | Epoch 151 | train_loss=104.4456 | train_acc=0.9514 | test_loss=18.7890 | test_acc=0.9213
2026-05-15 18:26:52,592 | INFO | SpawnProcess-4 | stage2_run3 | Epoch 163 | train_loss=110.7493 | train_acc=0.9457 | test_loss=18.3657 | test_acc=0.9557
2026-05-15 18:26:55,959 | INFO | SpawnProcess-3 | stage2_run4 | Epoch 152 | train_loss=102.8940 | train_acc=0.9572 | test_loss=17.3593 | test_acc=0.9597
2026-05-15 18:27:13,863 | INFO | SpawnProcess-4 | stage2_run3 | Epoch 164 | train_loss=111.1168 | train_acc=0.9445 | test_loss=18.9465 | test_acc=0.9392
2026-05-15 18:27:20,193 | INFO | SpawnProcess-3 | stage2_run4 | Epoch 153 | train_loss=102.4363 | train_acc=0.9594 | test_loss=17.3353 | test_acc=0.9602
2026-05-15 18:27:35,275 | INFO | SpawnProcess-4 | stage2_run3 | Epoch 165 | train_loss=110.2419 | train_acc=0.9486 | test_loss=19.0374 | test_acc=0.9356
2026-05-15 18:27:45,828 | INFO | SpawnProcess-3 | stage2_run4 | Epoch 154 | train_loss=103.0599 | train_acc=0.9570 | test_loss=17.9263 | test_acc=0.9401
2026-05-15 18:27:58,752 | INFO | SpawnProcess-4 | stage2_run3 | Epoch 166 | train_loss=110.2214 | train_acc=0.9486 | test_loss=18.6930 | test_acc=0.9481
2026-05-15 18:28:09,450 | INFO | SpawnProcess-3 | stage2_run4 | Epoch 155 | train_loss=103.9423 | train_acc=0.9529 | test_loss=17.8806 | test_acc=0.9457
2026-05-15 18:28:19,887 | INFO | SpawnProcess-4 | stage2_run3 | Epoch 167 | train_loss=109.8837 | train_acc=0.9497 | test_loss=18.7357 | test_acc=0.9448
2026-05-15 18:28:33,664 | INFO | SpawnProcess-3 | stage2_run4 | Epoch 156 | train_loss=104.8541 | train_acc=0.9485 | test_loss=17.5392 | test_acc=0.9537
2026-05-15 18:28:42,993 | INFO | SpawnProcess-4 | stage2_run3 | Epoch 168 | train_loss=109.4991 | train_acc=0.9513 | test_loss=18.5772 | test_acc=0.9520
2026-05-15 18:28:56,736 | INFO | SpawnProcess-3 | stage2_run4 | Epoch 157 | train_loss=102.6995 | train_acc=0.9589 | test_loss=17.5284 | test_acc=0.9543
2026-05-15 18:29:08,514 | INFO | SpawnProcess-4 | stage2_run3 | Epoch 169 | train_loss=109.0640 | train_acc=0.9536 | test_loss=18.5375 | test_acc=0.9489
2026-05-15 18:29:20,892 | INFO | SpawnProcess-3 | stage2_run4 | Epoch 158 | train_loss=103.0873 | train_acc=0.9567 | test_loss=17.5080 | test_acc=0.9554
2026-05-15 18:29:31,750 | INFO | SpawnProcess-4 | stage2_run3 | Epoch 170 | train_loss=109.7500 | train_acc=0.9504 | test_loss=18.9279 | test_acc=0.9408
2026-05-15 18:29:44,074 | INFO | SpawnProcess-3 | stage2_run4 | Epoch 159 | train_loss=103.5113 | train_acc=0.9554 | test_loss=17.9631 | test_acc=0.9436
2026-05-15 18:29:55,043 | INFO | SpawnProcess-4 | stage2_run3 | Epoch 171 | train_loss=109.2105 | train_acc=0.9528 | test_loss=18.7580 | test_acc=0.9455
2026-05-15 18:30:08,518 | INFO | SpawnProcess-3 | stage2_run4 | Epoch 160 | train_loss=103.2143 | train_acc=0.9559 | test_loss=17.4024 | test_acc=0.9569
2026-05-15 18:30:15,763 | INFO | SpawnProcess-4 | stage2_run3 | Epoch 172 | train_loss=109.6654 | train_acc=0.9499 | test_loss=18.5751 | test_acc=0.9510
2026-05-15 18:30:34,002 | INFO | SpawnProcess-3 | stage2_run4 | Epoch 161 | train_loss=102.9614 | train_acc=0.9576 | test_loss=17.5287 | test_acc=0.9543
2026-05-15 18:30:37,745 | INFO | SpawnProcess-4 | stage2_run3 | Epoch 173 | train_loss=109.1933 | train_acc=0.9518 | test_loss=18.3283 | test_acc=0.9553
2026-05-15 18:30:58,522 | INFO | SpawnProcess-4 | stage2_run3 | Epoch 174 | train_loss=109.8104 | train_acc=0.9492 | test_loss=18.8027 | test_acc=0.9438
2026-05-15 18:31:00,089 | INFO | SpawnProcess-3 | stage2_run4 | Epoch 162 | train_loss=102.9076 | train_acc=0.9578 | test_loss=17.4461 | test_acc=0.9559
2026-05-15 18:31:21,664 | INFO | SpawnProcess-4 | stage2_run3 | Epoch 175 | train_loss=113.4229 | train_acc=0.9334 | test_loss=18.5394 | test_acc=0.9505
2026-05-15 18:31:22,619 | INFO | SpawnProcess-3 | stage2_run4 | Epoch 163 | train_loss=102.8716 | train_acc=0.9574 | test_loss=17.3850 | test_acc=0.9581
2026-05-15 18:31:43,191 | INFO | SpawnProcess-4 | stage2_run3 | Epoch 176 | train_loss=110.1281 | train_acc=0.9487 | test_loss=18.4408 | test_acc=0.9527
2026-05-15 18:31:44,757 | INFO | SpawnProcess-3 | stage2_run4 | Epoch 164 | train_loss=102.5112 | train_acc=0.9595 | test_loss=17.5620 | test_acc=0.9520
2026-05-15 18:32:06,503 | INFO | SpawnProcess-4 | stage2_run3 | Epoch 177 | train_loss=110.1162 | train_acc=0.9479 | test_loss=18.5870 | test_acc=0.9488
2026-05-15 18:32:08,176 | INFO | SpawnProcess-3 | stage2_run4 | Epoch 165 | train_loss=102.8032 | train_acc=0.9576 | test_loss=17.6184 | test_acc=0.9507
2026-05-15 18:32:29,139 | INFO | SpawnProcess-4 | stage2_run3 | Epoch 178 | train_loss=109.2754 | train_acc=0.9513 | test_loss=18.4344 | test_acc=0.9516
2026-05-15 18:32:31,453 | INFO | SpawnProcess-3 | stage2_run4 | Epoch 166 | train_loss=102.9070 | train_acc=0.9568 | test_loss=17.5719 | test_acc=0.9529
2026-05-15 18:32:52,306 | INFO | SpawnProcess-4 | stage2_run3 | Epoch 179 | train_loss=109.1660 | train_acc=0.9518 | test_loss=18.5864 | test_acc=0.9495
2026-05-15 18:32:54,161 | INFO | SpawnProcess-3 | stage2_run4 | Epoch 167 | train_loss=110.2807 | train_acc=0.9241 | test_loss=17.7114 | test_acc=0.9492
2026-05-15 18:33:14,791 | INFO | SpawnProcess-4 | stage2_run3 | Epoch 180 | train_loss=109.4624 | train_acc=0.9509 | test_loss=18.3964 | test_acc=0.9520
2026-05-15 18:33:15,438 | INFO | SpawnProcess-3 | stage2_run4 | Epoch 168 | train_loss=102.6966 | train_acc=0.9583 | test_loss=17.4498 | test_acc=0.9564
2026-05-15 18:33:37,016 | INFO | SpawnProcess-4 | stage2_run3 | Epoch 181 | train_loss=108.0795 | train_acc=0.9560 | test_loss=18.2771 | test_acc=0.9544
2026-05-15 18:33:38,393 | INFO | SpawnProcess-3 | stage2_run4 | Epoch 169 | train_loss=102.1593 | train_acc=0.9605 | test_loss=17.2120 | test_acc=0.9631
2026-05-15 18:33:57,867 | INFO | SpawnProcess-3 | stage2_run4 | Epoch 170 | train_loss=102.7692 | train_acc=0.9575 | test_loss=17.4915 | test_acc=0.9569
2026-05-15 18:34:00,702 | INFO | SpawnProcess-4 | stage2_run3 | Epoch 182 | train_loss=108.8173 | train_acc=0.9503 | test_loss=18.2198 | test_acc=0.9510
2026-05-15 18:34:20,596 | INFO | SpawnProcess-3 | stage2_run4 | Epoch 171 | train_loss=102.3985 | train_acc=0.9597 | test_loss=17.3703 | test_acc=0.9583
2026-05-15 18:34:24,118 | INFO | SpawnProcess-4 | stage2_run3 | Epoch 183 | train_loss=107.8015 | train_acc=0.9517 | test_loss=18.5048 | test_acc=0.9465
2026-05-15 18:34:43,096 | INFO | SpawnProcess-3 | stage2_run4 | Epoch 172 | train_loss=102.7986 | train_acc=0.9576 | test_loss=17.5727 | test_acc=0.9543
2026-05-15 18:34:48,031 | INFO | SpawnProcess-4 | stage2_run3 | Epoch 184 | train_loss=107.0854 | train_acc=0.9551 | test_loss=18.0369 | test_acc=0.9564
2026-05-15 18:35:06,758 | INFO | SpawnProcess-3 | stage2_run4 | Epoch 173 | train_loss=102.7492 | train_acc=0.9578 | test_loss=17.5156 | test_acc=0.9532
2026-05-15 18:35:10,693 | INFO | SpawnProcess-4 | stage2_run3 | Epoch 185 | train_loss=107.7532 | train_acc=0.9516 | test_loss=18.8858 | test_acc=0.9350
2026-05-15 18:35:29,929 | INFO | SpawnProcess-3 | stage2_run4 | Epoch 174 | train_loss=102.9011 | train_acc=0.9575 | test_loss=17.3564 | test_acc=0.9594
2026-05-15 18:35:34,546 | INFO | SpawnProcess-4 | stage2_run3 | Epoch 186 | train_loss=108.9793 | train_acc=0.9464 | test_loss=18.5365 | test_acc=0.9406
2026-05-15 18:35:54,742 | INFO | SpawnProcess-3 | stage2_run4 | Epoch 175 | train_loss=103.6713 | train_acc=0.9541 | test_loss=17.4579 | test_acc=0.9554
2026-05-15 18:35:54,987 | INFO | SpawnProcess-4 | stage2_run3 | Epoch 187 | train_loss=108.7861 | train_acc=0.9467 | test_loss=18.3613 | test_acc=0.9453
2026-05-15 18:36:15,646 | INFO | SpawnProcess-4 | stage2_run3 | Epoch 188 | train_loss=106.8829 | train_acc=0.9537 | test_loss=18.1812 | test_acc=0.9507
2026-05-15 18:36:18,711 | INFO | SpawnProcess-3 | stage2_run4 | Epoch 176 | train_loss=103.1132 | train_acc=0.9559 | test_loss=17.4061 | test_acc=0.9577
2026-05-15 18:36:38,629 | INFO | SpawnProcess-4 | stage2_run3 | Epoch 189 | train_loss=106.7313 | train_acc=0.9547 | test_loss=18.1289 | test_acc=0.9524
2026-05-15 18:36:40,431 | INFO | SpawnProcess-3 | stage2_run4 | Epoch 177 | train_loss=103.5343 | train_acc=0.9552 | test_loss=17.4895 | test_acc=0.9538
2026-05-15 18:37:01,720 | INFO | SpawnProcess-4 | stage2_run3 | Epoch 190 | train_loss=107.4382 | train_acc=0.9506 | test_loss=18.0575 | test_acc=0.9518
2026-05-15 18:37:02,936 | INFO | SpawnProcess-3 | stage2_run4 | Epoch 178 | train_loss=103.1236 | train_acc=0.9558 | test_loss=17.3762 | test_acc=0.9582
2026-05-15 18:37:23,059 | INFO | SpawnProcess-4 | stage2_run3 | Epoch 191 | train_loss=108.4259 | train_acc=0.9460 | test_loss=19.0357 | test_acc=0.9258
2026-05-15 18:37:25,415 | INFO | SpawnProcess-3 | stage2_run4 | Epoch 179 | train_loss=103.5320 | train_acc=0.9552 | test_loss=17.5129 | test_acc=0.9561
2026-05-15 18:37:45,208 | INFO | SpawnProcess-4 | stage2_run3 | Epoch 192 | train_loss=108.1894 | train_acc=0.9482 | test_loss=18.4717 | test_acc=0.9426
2026-05-15 18:37:51,455 | INFO | SpawnProcess-3 | stage2_run4 | Epoch 180 | train_loss=102.7673 | train_acc=0.9584 | test_loss=17.3479 | test_acc=0.9587
2026-05-15 18:38:08,715 | INFO | SpawnProcess-4 | stage2_run3 | Epoch 193 | train_loss=107.6254 | train_acc=0.9499 | test_loss=18.1312 | test_acc=0.9528
2026-05-15 18:38:15,207 | INFO | SpawnProcess-3 | stage2_run4 | Epoch 181 | train_loss=102.6569 | train_acc=0.9587 | test_loss=17.6233 | test_acc=0.9504
2026-05-15 18:38:31,345 | INFO | SpawnProcess-4 | stage2_run3 | Epoch 194 | train_loss=107.7296 | train_acc=0.9488 | test_loss=18.2931 | test_acc=0.9470
2026-05-15 18:38:40,138 | INFO | SpawnProcess-3 | stage2_run4 | Epoch 182 | train_loss=102.8147 | train_acc=0.9575 | test_loss=17.4986 | test_acc=0.9557
2026-05-15 18:38:52,996 | INFO | SpawnProcess-4 | stage2_run3 | Epoch 195 | train_loss=106.6117 | train_acc=0.9545 | test_loss=17.9737 | test_acc=0.9558
2026-05-15 18:39:03,266 | INFO | SpawnProcess-3 | stage2_run4 | Epoch 183 | train_loss=103.5718 | train_acc=0.9538 | test_loss=17.4738 | test_acc=0.9553
2026-05-15 18:39:15,065 | INFO | SpawnProcess-4 | stage2_run3 | Epoch 196 | train_loss=106.2391 | train_acc=0.9558 | test_loss=18.4572 | test_acc=0.9443
2026-05-15 18:39:29,663 | INFO | SpawnProcess-3 | stage2_run4 | Epoch 184 | train_loss=103.3384 | train_acc=0.9553 | test_loss=17.3193 | test_acc=0.9591
2026-05-15 18:39:38,596 | INFO | SpawnProcess-4 | stage2_run3 | Epoch 197 | train_loss=107.3935 | train_acc=0.9507 | test_loss=18.0144 | test_acc=0.9545
2026-05-15 18:39:53,031 | INFO | SpawnProcess-3 | stage2_run4 | Epoch 185 | train_loss=102.4810 | train_acc=0.9583 | test_loss=17.3921 | test_acc=0.9577
2026-05-15 18:40:01,578 | INFO | SpawnProcess-4 | stage2_run3 | Epoch 198 | train_loss=106.7688 | train_acc=0.9532 | test_loss=18.3146 | test_acc=0.9476
2026-05-15 18:40:19,124 | INFO | SpawnProcess-3 | stage2_run4 | Epoch 186 | train_loss=102.2288 | train_acc=0.9591 | test_loss=17.3799 | test_acc=0.9571
2026-05-15 18:40:25,549 | INFO | SpawnProcess-4 | stage2_run3 | Epoch 199 | train_loss=107.0606 | train_acc=0.9520 | test_loss=18.4775 | test_acc=0.9401
2026-05-15 18:40:42,587 | INFO | SpawnProcess-3 | stage2_run4 | Epoch 187 | train_loss=102.2575 | train_acc=0.9603 | test_loss=18.0719 | test_acc=0.9412
2026-05-15 18:40:48,002 | INFO | SpawnProcess-4 | stage2_run3 | Epoch 200 | train_loss=107.4551 | train_acc=0.9503 | test_loss=18.2968 | test_acc=0.9440
2026-05-15 18:41:05,530 | INFO | SpawnProcess-3 | stage2_run4 | Epoch 188 | train_loss=103.6680 | train_acc=0.9541 | test_loss=17.6023 | test_acc=0.9526
2026-05-15 18:41:09,093 | INFO | SpawnProcess-4 | stage2_run3 | Epoch 201 | train_loss=107.4055 | train_acc=0.9510 | test_loss=18.4627 | test_acc=0.9464
2026-05-15 18:41:31,100 | INFO | SpawnProcess-4 | stage2_run3 | Epoch 202 | train_loss=107.1530 | train_acc=0.9515 | test_loss=18.2588 | test_acc=0.9478
2026-05-15 18:41:32,546 | INFO | SpawnProcess-3 | stage2_run4 | Epoch 189 | train_loss=102.2199 | train_acc=0.9602 | test_loss=17.1479 | test_acc=0.9640
2026-05-15 18:41:53,172 | INFO | SpawnProcess-4 | stage2_run3 | Epoch 203 | train_loss=107.8823 | train_acc=0.9482 | test_loss=18.6229 | test_acc=0.9354
2026-05-15 18:41:55,525 | INFO | SpawnProcess-3 | stage2_run4 | Epoch 190 | train_loss=102.4912 | train_acc=0.9591 | test_loss=17.1638 | test_acc=0.9629
2026-05-15 18:42:15,862 | INFO | SpawnProcess-4 | stage2_run3 | Epoch 204 | train_loss=108.2366 | train_acc=0.9473 | test_loss=18.4051 | test_acc=0.9439
2026-05-15 18:42:22,011 | INFO | SpawnProcess-3 | stage2_run4 | Epoch 191 | train_loss=102.5620 | train_acc=0.9587 | test_loss=17.3961 | test_acc=0.9574
2026-05-15 18:42:38,552 | INFO | SpawnProcess-4 | stage2_run3 | Epoch 205 | train_loss=109.6379 | train_acc=0.9401 | test_loss=18.6020 | test_acc=0.9407
2026-05-15 18:42:45,202 | INFO | SpawnProcess-3 | stage2_run4 | Epoch 192 | train_loss=102.8252 | train_acc=0.9570 | test_loss=17.3983 | test_acc=0.9561
2026-05-15 18:43:02,807 | INFO | SpawnProcess-4 | stage2_run3 | Epoch 206 | train_loss=106.6394 | train_acc=0.9533 | test_loss=18.3756 | test_acc=0.9450
2026-05-15 18:43:09,485 | INFO | SpawnProcess-3 | stage2_run4 | Epoch 193 | train_loss=101.8238 | train_acc=0.9616 | test_loss=17.4687 | test_acc=0.9539
2026-05-15 18:43:27,189 | INFO | SpawnProcess-4 | stage2_run3 | Epoch 207 | train_loss=108.3402 | train_acc=0.9457 | test_loss=18.0507 | test_acc=0.9542
2026-05-15 18:43:29,990 | INFO | SpawnProcess-3 | stage2_run4 | Epoch 194 | train_loss=132.4301 | train_acc=0.8199 | test_loss=17.8808 | test_acc=0.9430
2026-05-15 18:43:50,507 | INFO | SpawnProcess-4 | stage2_run3 | Epoch 208 | train_loss=105.6371 | train_acc=0.9582 | test_loss=17.9306 | test_acc=0.9556
2026-05-15 18:43:54,220 | INFO | SpawnProcess-3 | stage2_run4 | Epoch 195 | train_loss=104.2300 | train_acc=0.9503 | test_loss=17.4787 | test_acc=0.9539
2026-05-15 18:44:11,510 | INFO | SpawnProcess-4 | stage2_run3 | Epoch 209 | train_loss=107.5819 | train_acc=0.9490 | test_loss=18.3112 | test_acc=0.9453
2026-05-15 18:44:17,087 | INFO | SpawnProcess-3 | stage2_run4 | Epoch 196 | train_loss=102.5861 | train_acc=0.9576 | test_loss=17.4174 | test_acc=0.9554
2026-05-15 18:44:33,059 | INFO | SpawnProcess-4 | stage2_run3 | Epoch 210 | train_loss=106.2902 | train_acc=0.9546 | test_loss=17.8967 | test_acc=0.9553
2026-05-15 18:44:41,473 | INFO | SpawnProcess-3 | stage2_run4 | Epoch 197 | train_loss=102.0828 | train_acc=0.9601 | test_loss=17.4594 | test_acc=0.9539
2026-05-15 18:44:54,078 | INFO | SpawnProcess-4 | stage2_run3 | Epoch 211 | train_loss=107.1624 | train_acc=0.9512 | test_loss=18.1801 | test_acc=0.9487
2026-05-15 18:45:04,601 | INFO | SpawnProcess-3 | stage2_run4 | Epoch 198 | train_loss=101.8849 | train_acc=0.9611 | test_loss=17.4530 | test_acc=0.9558
2026-05-15 18:45:17,036 | INFO | SpawnProcess-4 | stage2_run3 | Epoch 212 | train_loss=106.9655 | train_acc=0.9515 | test_loss=18.4820 | test_acc=0.9371
2026-05-15 18:45:27,070 | INFO | SpawnProcess-3 | stage2_run4 | Epoch 199 | train_loss=102.1898 | train_acc=0.9599 | test_loss=17.2798 | test_acc=0.9582
2026-05-15 18:45:39,504 | INFO | SpawnProcess-4 | stage2_run3 | Epoch 213 | train_loss=107.0888 | train_acc=0.9515 | test_loss=17.7851 | test_acc=0.9595
2026-05-15 18:45:52,643 | INFO | SpawnProcess-3 | stage2_run4 | Epoch 200 | train_loss=102.4207 | train_acc=0.9584 | test_loss=17.4837 | test_acc=0.9550
2026-05-15 18:46:02,753 | INFO | SpawnProcess-4 | stage2_run3 | Epoch 214 | train_loss=109.1679 | train_acc=0.9424 | test_loss=19.3955 | test_acc=0.9129
2026-05-15 18:46:16,884 | INFO | SpawnProcess-3 | stage2_run4 | Epoch 201 | train_loss=102.1142 | train_acc=0.9598 | test_loss=17.7421 | test_acc=0.9468
2026-05-15 18:46:25,140 | INFO | SpawnProcess-4 | stage2_run3 | Epoch 215 | train_loss=107.7503 | train_acc=0.9482 | test_loss=17.9766 | test_acc=0.9549
2026-05-15 18:46:39,620 | INFO | SpawnProcess-3 | stage2_run4 | Epoch 202 | train_loss=104.1214 | train_acc=0.9510 | test_loss=17.5190 | test_acc=0.9533
2026-05-15 18:46:50,515 | INFO | SpawnProcess-4 | stage2_run3 | Epoch 216 | train_loss=106.2799 | train_acc=0.9546 | test_loss=17.9362 | test_acc=0.9544
2026-05-15 18:47:02,266 | INFO | SpawnProcess-3 | stage2_run4 | Epoch 203 | train_loss=102.1314 | train_acc=0.9596 | test_loss=17.4886 | test_acc=0.9545
2026-05-15 18:47:13,681 | INFO | SpawnProcess-4 | stage2_run3 | Epoch 217 | train_loss=108.4386 | train_acc=0.9449 | test_loss=18.5484 | test_acc=0.9403
2026-05-15 18:47:26,838 | INFO | SpawnProcess-3 | stage2_run4 | Epoch 204 | train_loss=101.9798 | train_acc=0.9604 | test_loss=17.2963 | test_acc=0.9602
2026-05-15 18:47:36,741 | INFO | SpawnProcess-4 | stage2_run3 | Epoch 218 | train_loss=106.4254 | train_acc=0.9541 | test_loss=18.0659 | test_acc=0.9523
2026-05-15 18:47:51,468 | INFO | SpawnProcess-3 | stage2_run4 | Epoch 205 | train_loss=103.1516 | train_acc=0.9550 | test_loss=17.6728 | test_acc=0.9508
2026-05-15 18:48:00,092 | INFO | SpawnProcess-4 | stage2_run3 | Epoch 219 | train_loss=106.3725 | train_acc=0.9539 | test_loss=17.9637 | test_acc=0.9554
2026-05-15 18:48:14,910 | INFO | SpawnProcess-3 | stage2_run4 | Epoch 206 | train_loss=102.5987 | train_acc=0.9581 | test_loss=17.3655 | test_acc=0.9575
2026-05-15 18:48:23,860 | INFO | SpawnProcess-4 | stage2_run3 | Epoch 220 | train_loss=106.7808 | train_acc=0.9519 | test_loss=18.1472 | test_acc=0.9481
2026-05-15 18:48:37,969 | INFO | SpawnProcess-3 | stage2_run4 | Epoch 207 | train_loss=102.3559 | train_acc=0.9583 | test_loss=17.4229 | test_acc=0.9552
2026-05-15 18:48:47,984 | INFO | SpawnProcess-4 | stage2_run3 | Epoch 221 | train_loss=107.2483 | train_acc=0.9492 | test_loss=17.9573 | test_acc=0.9538
2026-05-15 18:48:59,676 | INFO | SpawnProcess-3 | stage2_run4 | Epoch 208 | train_loss=102.3227 | train_acc=0.9584 | test_loss=17.4750 | test_acc=0.9546
2026-05-15 18:49:12,098 | INFO | SpawnProcess-4 | stage2_run3 | Epoch 222 | train_loss=108.4350 | train_acc=0.9447 | test_loss=19.2037 | test_acc=0.9255
2026-05-15 18:49:26,104 | INFO | SpawnProcess-3 | stage2_run4 | Epoch 209 | train_loss=102.4663 | train_acc=0.9584 | test_loss=17.3698 | test_acc=0.9567
2026-05-15 18:49:36,429 | INFO | SpawnProcess-4 | stage2_run3 | Epoch 223 | train_loss=105.6708 | train_acc=0.9568 | test_loss=17.8826 | test_acc=0.9555
2026-05-15 18:49:50,708 | INFO | SpawnProcess-3 | stage2_run4 | Epoch 210 | train_loss=102.3846 | train_acc=0.9588 | test_loss=17.7258 | test_acc=0.9477
2026-05-15 18:49:59,593 | INFO | SpawnProcess-4 | stage2_run3 | Epoch 224 | train_loss=110.0379 | train_acc=0.9388 | test_loss=18.1413 | test_acc=0.9516
2026-05-15 18:50:14,821 | INFO | SpawnProcess-3 | stage2_run4 | Epoch 211 | train_loss=103.8493 | train_acc=0.9517 | test_loss=17.2884 | test_acc=0.9593
2026-05-15 18:50:19,508 | INFO | SpawnProcess-4 | stage2_run3 | Epoch 225 | train_loss=106.8196 | train_acc=0.9519 | test_loss=17.8670 | test_acc=0.9569
2026-05-15 18:50:40,833 | INFO | SpawnProcess-3 | stage2_run4 | Epoch 212 | train_loss=101.8071 | train_acc=0.9611 | test_loss=17.4565 | test_acc=0.9561
2026-05-15 18:50:40,914 | INFO | SpawnProcess-4 | stage2_run3 | Epoch 226 | train_loss=105.8060 | train_acc=0.9556 | test_loss=17.8721 | test_acc=0.9544
2026-05-15 18:51:04,107 | INFO | SpawnProcess-4 | stage2_run3 | Epoch 227 | train_loss=105.7085 | train_acc=0.9560 | test_loss=18.4947 | test_acc=0.9390
2026-05-15 18:51:04,773 | INFO | SpawnProcess-3 | stage2_run4 | Epoch 213 | train_loss=101.9153 | train_acc=0.9607 | test_loss=17.5871 | test_acc=0.9521
2026-05-15 18:51:26,663 | INFO | SpawnProcess-4 | stage2_run3 | Epoch 228 | train_loss=108.3715 | train_acc=0.9446 | test_loss=18.4612 | test_acc=0.9420
2026-05-15 18:51:28,614 | INFO | SpawnProcess-3 | stage2_run4 | Epoch 214 | train_loss=102.6476 | train_acc=0.9575 | test_loss=18.0926 | test_acc=0.9350
2026-05-15 18:51:50,195 | INFO | SpawnProcess-4 | stage2_run3 | Epoch 229 | train_loss=106.4381 | train_acc=0.9523 | test_loss=18.6477 | test_acc=0.9371
2026-05-15 18:51:52,729 | INFO | SpawnProcess-3 | stage2_run4 | Epoch 215 | train_loss=103.6079 | train_acc=0.9530 | test_loss=17.4738 | test_acc=0.9537
2026-05-15 18:52:14,169 | INFO | SpawnProcess-4 | stage2_run3 | Epoch 230 | train_loss=106.0192 | train_acc=0.9547 | test_loss=17.8734 | test_acc=0.9556
2026-05-15 18:52:19,965 | INFO | SpawnProcess-3 | stage2_run4 | Epoch 216 | train_loss=102.1401 | train_acc=0.9597 | test_loss=17.5166 | test_acc=0.9533
2026-05-15 18:52:37,632 | INFO | SpawnProcess-4 | stage2_run3 | Epoch 231 | train_loss=106.4950 | train_acc=0.9523 | test_loss=17.8477 | test_acc=0.9561
2026-05-15 18:52:43,964 | INFO | SpawnProcess-3 | stage2_run4 | Epoch 217 | train_loss=102.6848 | train_acc=0.9573 | test_loss=17.2098 | test_acc=0.9618
2026-05-15 18:52:59,539 | INFO | SpawnProcess-4 | stage2_run3 | Epoch 232 | train_loss=106.1822 | train_acc=0.9536 | test_loss=18.3185 | test_acc=0.9457
2026-05-15 18:53:10,720 | INFO | SpawnProcess-3 | stage2_run4 | Epoch 218 | train_loss=102.5392 | train_acc=0.9584 | test_loss=17.6808 | test_acc=0.9490
2026-05-15 18:53:22,748 | INFO | SpawnProcess-4 | stage2_run3 | Epoch 233 | train_loss=106.5171 | train_acc=0.9526 | test_loss=18.0434 | test_acc=0.9526
2026-05-15 18:53:34,159 | INFO | SpawnProcess-3 | stage2_run4 | Epoch 219 | train_loss=102.8621 | train_acc=0.9562 | test_loss=17.7433 | test_acc=0.9468
2026-05-15 18:53:44,724 | INFO | SpawnProcess-4 | stage2_run3 | Epoch 234 | train_loss=106.4270 | train_acc=0.9525 | test_loss=17.9827 | test_acc=0.9537
2026-05-15 18:53:57,343 | INFO | SpawnProcess-3 | stage2_run4 | Epoch 220 | train_loss=102.1480 | train_acc=0.9596 | test_loss=17.2775 | test_acc=0.9594
2026-05-15 18:54:06,270 | INFO | SpawnProcess-4 | stage2_run3 | Epoch 235 | train_loss=104.8815 | train_acc=0.9592 | test_loss=18.2298 | test_acc=0.9486
2026-05-15 18:54:20,298 | INFO | SpawnProcess-3 | stage2_run4 | Epoch 221 | train_loss=103.2631 | train_acc=0.9549 | test_loss=17.1884 | test_acc=0.9624
2026-05-15 18:54:27,167 | INFO | SpawnProcess-4 | stage2_run3 | Epoch 236 | train_loss=105.8465 | train_acc=0.9554 | test_loss=17.9694 | test_acc=0.9538
2026-05-15 18:54:46,389 | INFO | SpawnProcess-3 | stage2_run4 | Epoch 222 | train_loss=102.3116 | train_acc=0.9587 | test_loss=17.5467 | test_acc=0.9540
2026-05-15 18:54:47,207 | INFO | SpawnProcess-4 | stage2_run3 | Epoch 237 | train_loss=105.6302 | train_acc=0.9561 | test_loss=17.9586 | test_acc=0.9556
2026-05-15 18:55:09,198 | INFO | SpawnProcess-4 | stage2_run3 | Epoch 238 | train_loss=106.3469 | train_acc=0.9535 | test_loss=17.9280 | test_acc=0.9549
2026-05-15 18:55:10,139 | INFO | SpawnProcess-3 | stage2_run4 | Epoch 223 | train_loss=102.1199 | train_acc=0.9593 | test_loss=17.2681 | test_acc=0.9596
2026-05-15 18:55:32,216 | INFO | SpawnProcess-4 | stage2_run3 | Epoch 239 | train_loss=106.3809 | train_acc=0.9532 | test_loss=18.1093 | test_acc=0.9502
2026-05-15 18:55:33,394 | INFO | SpawnProcess-3 | stage2_run4 | Epoch 224 | train_loss=101.3211 | train_acc=0.9627 | test_loss=17.2126 | test_acc=0.9622
2026-05-15 18:55:55,988 | INFO | SpawnProcess-4 | stage2_run3 | Epoch 240 | train_loss=107.2092 | train_acc=0.9486 | test_loss=18.2152 | test_acc=0.9464
2026-05-15 18:55:56,484 | INFO | SpawnProcess-3 | stage2_run4 | Epoch 225 | train_loss=101.4546 | train_acc=0.9624 | test_loss=17.2272 | test_acc=0.9607
2026-05-15 18:56:17,325 | INFO | SpawnProcess-3 | stage2_run4 | Epoch 226 | train_loss=102.6910 | train_acc=0.9575 | test_loss=17.4027 | test_acc=0.9562
2026-05-15 18:56:19,934 | INFO | SpawnProcess-4 | stage2_run3 | Epoch 241 | train_loss=106.6041 | train_acc=0.9521 | test_loss=18.0368 | test_acc=0.9522
2026-05-15 18:56:40,036 | INFO | SpawnProcess-3 | stage2_run4 | Epoch 227 | train_loss=101.8406 | train_acc=0.9604 | test_loss=17.3387 | test_acc=0.9580
2026-05-15 18:56:43,487 | INFO | SpawnProcess-4 | stage2_run3 | Epoch 242 | train_loss=106.7872 | train_acc=0.9501 | test_loss=17.9288 | test_acc=0.9556
2026-05-15 18:57:02,831 | INFO | SpawnProcess-3 | stage2_run4 | Epoch 228 | train_loss=102.4603 | train_acc=0.9585 | test_loss=17.8662 | test_acc=0.9441
2026-05-15 18:57:08,027 | INFO | SpawnProcess-4 | stage2_run3 | Epoch 243 | train_loss=106.0716 | train_acc=0.9539 | test_loss=18.0264 | test_acc=0.9511
2026-05-15 18:57:26,565 | INFO | SpawnProcess-3 | stage2_run4 | Epoch 229 | train_loss=103.8815 | train_acc=0.9521 | test_loss=17.3246 | test_acc=0.9592
2026-05-15 18:57:32,151 | INFO | SpawnProcess-4 | stage2_run3 | Epoch 244 | train_loss=106.5210 | train_acc=0.9525 | test_loss=17.7864 | test_acc=0.9580
2026-05-15 18:57:51,785 | INFO | SpawnProcess-3 | stage2_run4 | Epoch 230 | train_loss=101.6322 | train_acc=0.9615 | test_loss=17.2971 | test_acc=0.9582
2026-05-15 18:57:53,200 | INFO | SpawnProcess-4 | stage2_run3 | Epoch 245 | train_loss=105.0685 | train_acc=0.9579 | test_loss=17.7172 | test_acc=0.9597
2026-05-15 18:58:14,568 | INFO | SpawnProcess-3 | stage2_run4 | Epoch 231 | train_loss=102.4753 | train_acc=0.9578 | test_loss=17.2128 | test_acc=0.9623
2026-05-15 18:58:14,997 | INFO | SpawnProcess-4 | stage2_run3 | Epoch 246 | train_loss=105.4931 | train_acc=0.9564 | test_loss=17.8258 | test_acc=0.9567
2026-05-15 18:58:37,281 | INFO | SpawnProcess-4 | stage2_run3 | Epoch 247 | train_loss=105.9161 | train_acc=0.9546 | test_loss=17.9124 | test_acc=0.9551
2026-05-15 18:58:38,232 | INFO | SpawnProcess-3 | stage2_run4 | Epoch 232 | train_loss=102.2157 | train_acc=0.9593 | test_loss=17.2188 | test_acc=0.9616
2026-05-15 18:58:58,429 | INFO | SpawnProcess-4 | stage2_run3 | Epoch 248 | train_loss=105.2420 | train_acc=0.9578 | test_loss=17.8507 | test_acc=0.9552
2026-05-15 18:59:03,283 | INFO | SpawnProcess-3 | stage2_run4 | Epoch 233 | train_loss=101.7323 | train_acc=0.9611 | test_loss=17.2945 | test_acc=0.9605
2026-05-15 18:59:20,472 | INFO | SpawnProcess-4 | stage2_run3 | Epoch 249 | train_loss=107.2452 | train_acc=0.9492 | test_loss=19.7645 | test_acc=0.9164
2026-05-15 18:59:25,336 | INFO | SpawnProcess-3 | stage2_run4 | Epoch 234 | train_loss=101.7239 | train_acc=0.9612 | test_loss=17.4885 | test_acc=0.9544
2026-05-15 18:59:42,070 | INFO | SpawnProcess-4 | stage2_run3 | Epoch 250 | train_loss=107.7568 | train_acc=0.9467 | test_loss=18.9353 | test_acc=0.9279
2026-05-15 18:59:50,676 | INFO | SpawnProcess-3 | stage2_run4 | Epoch 235 | train_loss=101.3833 | train_acc=0.9627 | test_loss=17.3306 | test_acc=0.9578
2026-05-15 19:00:04,674 | INFO | SpawnProcess-4 | stage2_run3 | Epoch 251 | train_loss=106.3273 | train_acc=0.9524 | test_loss=17.9649 | test_acc=0.9530
2026-05-15 19:00:13,510 | INFO | SpawnProcess-3 | stage2_run4 | Epoch 236 | train_loss=102.1007 | train_acc=0.9599 | test_loss=17.6756 | test_acc=0.9502
2026-05-15 19:00:26,757 | INFO | SpawnProcess-4 | stage2_run3 | Epoch 252 | train_loss=106.6279 | train_acc=0.9515 | test_loss=17.9518 | test_acc=0.9529
2026-05-15 19:00:37,312 | INFO | SpawnProcess-3 | stage2_run4 | Epoch 237 | train_loss=102.1023 | train_acc=0.9602 | test_loss=17.5049 | test_acc=0.9536
2026-05-15 19:00:48,181 | INFO | SpawnProcess-4 | stage2_run3 | Epoch 253 | train_loss=106.2845 | train_acc=0.9521 | test_loss=18.3606 | test_acc=0.9446
2026-05-15 19:00:57,952 | INFO | SpawnProcess-3 | stage2_run4 | Epoch 238 | train_loss=101.5127 | train_acc=0.9629 | test_loss=17.2918 | test_acc=0.9588
2026-05-15 19:01:10,798 | INFO | SpawnProcess-4 | stage2_run3 | Epoch 254 | train_loss=108.8404 | train_acc=0.9419 | test_loss=18.3205 | test_acc=0.9451
2026-05-15 19:01:19,803 | INFO | SpawnProcess-3 | stage2_run4 | Epoch 239 | train_loss=102.2385 | train_acc=0.9592 | test_loss=17.2749 | test_acc=0.9594
2026-05-15 19:01:33,464 | INFO | SpawnProcess-4 | stage2_run3 | Epoch 255 | train_loss=106.4852 | train_acc=0.9523 | test_loss=17.9944 | test_acc=0.9513
2026-05-15 19:01:41,805 | INFO | SpawnProcess-3 | stage2_run4 | Epoch 240 | train_loss=101.8186 | train_acc=0.9604 | test_loss=17.2407 | test_acc=0.9598
2026-05-15 19:01:54,054 | INFO | SpawnProcess-4 | stage2_run3 | Epoch 256 | train_loss=106.2053 | train_acc=0.9533 | test_loss=17.9053 | test_acc=0.9551
2026-05-15 19:02:03,525 | INFO | SpawnProcess-3 | stage2_run4 | Epoch 241 | train_loss=101.1225 | train_acc=0.9639 | test_loss=17.3832 | test_acc=0.9568
2026-05-15 19:02:17,655 | INFO | SpawnProcess-4 | stage2_run3 | Epoch 257 | train_loss=106.5794 | train_acc=0.9516 | test_loss=18.2257 | test_acc=0.9461
2026-05-15 19:02:23,397 | INFO | SpawnProcess-3 | stage2_run4 | Epoch 242 | train_loss=101.9003 | train_acc=0.9603 | test_loss=17.3221 | test_acc=0.9592
2026-05-15 19:02:42,529 | INFO | SpawnProcess-4 | stage2_run3 | Epoch 258 | train_loss=106.8550 | train_acc=0.9498 | test_loss=17.9642 | test_acc=0.9536
2026-05-15 19:02:45,447 | INFO | SpawnProcess-3 | stage2_run4 | Epoch 243 | train_loss=101.6001 | train_acc=0.9623 | test_loss=17.4294 | test_acc=0.9560
2026-05-15 19:03:03,281 | INFO | SpawnProcess-4 | stage2_run3 | Epoch 259 | train_loss=106.2027 | train_acc=0.9530 | test_loss=17.8384 | test_acc=0.9552
2026-05-15 19:03:10,241 | INFO | SpawnProcess-3 | stage2_run4 | Epoch 244 | train_loss=101.4398 | train_acc=0.9624 | test_loss=17.5640 | test_acc=0.9529
2026-05-15 19:03:26,140 | INFO | SpawnProcess-4 | stage2_run3 | Epoch 260 | train_loss=105.9068 | train_acc=0.9546 | test_loss=18.4383 | test_acc=0.9385
2026-05-15 19:03:33,971 | INFO | SpawnProcess-3 | stage2_run4 | Epoch 245 | train_loss=101.7431 | train_acc=0.9615 | test_loss=17.2785 | test_acc=0.9595
2026-05-15 19:03:47,337 | INFO | SpawnProcess-4 | stage2_run3 | Epoch 261 | train_loss=107.2734 | train_acc=0.9483 | test_loss=17.9027 | test_acc=0.9532
2026-05-15 19:03:56,710 | INFO | SpawnProcess-3 | stage2_run4 | Epoch 246 | train_loss=101.8686 | train_acc=0.9600 | test_loss=17.2168 | test_acc=0.9608
2026-05-15 19:04:08,058 | INFO | SpawnProcess-4 | stage2_run3 | Epoch 262 | train_loss=106.9972 | train_acc=0.9496 | test_loss=18.1427 | test_acc=0.9484
2026-05-15 19:04:21,956 | INFO | SpawnProcess-3 | stage2_run4 | Epoch 247 | train_loss=101.5628 | train_acc=0.9623 | test_loss=17.3030 | test_acc=0.9585
2026-05-15 19:04:33,696 | INFO | SpawnProcess-4 | stage2_run3 | Epoch 263 | train_loss=106.5427 | train_acc=0.9516 | test_loss=17.9318 | test_acc=0.9523
2026-05-15 19:04:45,833 | INFO | SpawnProcess-3 | stage2_run4 | Epoch 248 | train_loss=101.4401 | train_acc=0.9628 | test_loss=17.2882 | test_acc=0.9596
2026-05-15 19:04:54,713 | INFO | SpawnProcess-4 | stage2_run3 | Epoch 264 | train_loss=105.7990 | train_acc=0.9547 | test_loss=18.0877 | test_acc=0.9497
2026-05-15 19:05:09,551 | INFO | SpawnProcess-3 | stage2_run4 | Epoch 249 | train_loss=101.4556 | train_acc=0.9623 | test_loss=17.1974 | test_acc=0.9622
2026-05-15 19:05:18,222 | INFO | SpawnProcess-4 | stage2_run3 | Epoch 265 | train_loss=107.4379 | train_acc=0.9472 | test_loss=17.8826 | test_acc=0.9531
2026-05-15 19:05:31,795 | INFO | SpawnProcess-3 | stage2_run4 | Epoch 250 | train_loss=102.0198 | train_acc=0.9606 | test_loss=17.5811 | test_acc=0.9526
2026-05-15 19:05:41,505 | INFO | SpawnProcess-4 | stage2_run3 | Epoch 266 | train_loss=106.0449 | train_acc=0.9541 | test_loss=18.0735 | test_acc=0.9486
2026-05-15 19:05:58,057 | INFO | SpawnProcess-3 | stage2_run4 | Epoch 251 | train_loss=102.6721 | train_acc=0.9568 | test_loss=17.3481 | test_acc=0.9569
2026-05-15 19:06:07,535 | INFO | SpawnProcess-4 | stage2_run3 | Epoch 267 | train_loss=104.6093 | train_acc=0.9595 | test_loss=17.7066 | test_acc=0.9571
2026-05-15 19:06:22,141 | INFO | SpawnProcess-3 | stage2_run4 | Epoch 252 | train_loss=102.0801 | train_acc=0.9598 | test_loss=17.3683 | test_acc=0.9556
2026-05-15 19:06:29,977 | INFO | SpawnProcess-4 | stage2_run3 | Epoch 268 | train_loss=106.2679 | train_acc=0.9515 | test_loss=18.0268 | test_acc=0.9518
2026-05-15 19:06:45,944 | INFO | SpawnProcess-3 | stage2_run4 | Epoch 253 | train_loss=101.7575 | train_acc=0.9614 | test_loss=17.3924 | test_acc=0.9558
2026-05-15 19:06:52,406 | INFO | SpawnProcess-4 | stage2_run3 | Epoch 269 | train_loss=106.7098 | train_acc=0.9504 | test_loss=17.7037 | test_acc=0.9607
2026-05-15 19:07:11,409 | INFO | SpawnProcess-3 | stage2_run4 | Epoch 254 | train_loss=102.2857 | train_acc=0.9581 | test_loss=17.2898 | test_acc=0.9583
2026-05-15 19:07:14,837 | INFO | SpawnProcess-4 | stage2_run3 | Epoch 270 | train_loss=106.7223 | train_acc=0.9506 | test_loss=18.2979 | test_acc=0.9434
2026-05-15 19:07:38,314 | INFO | SpawnProcess-4 | stage2_run3 | Epoch 271 | train_loss=106.2108 | train_acc=0.9526 | test_loss=17.6940 | test_acc=0.9604
2026-05-15 19:07:41,423 | INFO | SpawnProcess-3 | stage2_run4 | Epoch 255 | train_loss=102.3385 | train_acc=0.9578 | test_loss=17.3709 | test_acc=0.9561
2026-05-15 19:08:00,341 | INFO | SpawnProcess-4 | stage2_run3 | Epoch 272 | train_loss=104.8279 | train_acc=0.9586 | test_loss=17.8224 | test_acc=0.9549
2026-05-15 19:08:05,068 | INFO | SpawnProcess-3 | stage2_run4 | Epoch 256 | train_loss=102.5315 | train_acc=0.9581 | test_loss=17.4495 | test_acc=0.9563
2026-05-15 19:08:21,618 | INFO | SpawnProcess-4 | stage2_run3 | Epoch 273 | train_loss=106.4468 | train_acc=0.9514 | test_loss=17.7301 | test_acc=0.9592
2026-05-15 19:08:29,271 | INFO | SpawnProcess-3 | stage2_run4 | Epoch 257 | train_loss=102.0504 | train_acc=0.9596 | test_loss=17.2764 | test_acc=0.9581
2026-05-15 19:08:45,364 | INFO | SpawnProcess-4 | stage2_run3 | Epoch 274 | train_loss=105.6852 | train_acc=0.9547 | test_loss=18.3088 | test_acc=0.9456
2026-05-15 19:08:53,121 | INFO | SpawnProcess-3 | stage2_run4 | Epoch 258 | train_loss=101.9672 | train_acc=0.9603 | test_loss=17.2099 | test_acc=0.9616
2026-05-15 19:09:07,756 | INFO | SpawnProcess-4 | stage2_run3 | Epoch 275 | train_loss=107.7884 | train_acc=0.9450 | test_loss=17.6706 | test_acc=0.9588
2026-05-15 19:09:15,759 | INFO | SpawnProcess-3 | stage2_run4 | Epoch 259 | train_loss=102.7829 | train_acc=0.9566 | test_loss=17.4889 | test_acc=0.9540
2026-05-15 19:09:30,275 | INFO | SpawnProcess-4 | stage2_run3 | Epoch 276 | train_loss=105.3430 | train_acc=0.9556 | test_loss=17.6830 | test_acc=0.9594
2026-05-15 19:09:40,494 | INFO | SpawnProcess-3 | stage2_run4 | Epoch 260 | train_loss=102.2860 | train_acc=0.9585 | test_loss=17.3290 | test_acc=0.9577
2026-05-15 19:09:52,196 | INFO | SpawnProcess-4 | stage2_run3 | Epoch 277 | train_loss=106.9709 | train_acc=0.9498 | test_loss=17.8217 | test_acc=0.9541
2026-05-15 19:10:01,202 | INFO | SpawnProcess-3 | stage2_run4 | Epoch 261 | train_loss=103.2101 | train_acc=0.9546 | test_loss=17.7386 | test_acc=0.9493
2026-05-15 19:10:14,767 | INFO | SpawnProcess-4 | stage2_run3 | Epoch 278 | train_loss=106.7627 | train_acc=0.9501 | test_loss=18.5592 | test_acc=0.9359
2026-05-15 19:10:24,082 | INFO | SpawnProcess-3 | stage2_run4 | Epoch 262 | train_loss=102.4814 | train_acc=0.9575 | test_loss=17.2899 | test_acc=0.9591
2026-05-15 19:10:37,205 | INFO | SpawnProcess-4 | stage2_run3 | Epoch 279 | train_loss=106.8866 | train_acc=0.9493 | test_loss=17.8836 | test_acc=0.9525
2026-05-15 19:10:48,522 | INFO | SpawnProcess-3 | stage2_run4 | Epoch 263 | train_loss=101.8103 | train_acc=0.9605 | test_loss=17.3966 | test_acc=0.9548
2026-05-15 19:11:00,937 | INFO | SpawnProcess-4 | stage2_run3 | Epoch 280 | train_loss=105.1607 | train_acc=0.9571 | test_loss=17.8658 | test_acc=0.9565
2026-05-15 19:11:11,273 | INFO | SpawnProcess-3 | stage2_run4 | Epoch 264 | train_loss=102.7761 | train_acc=0.9571 | test_loss=17.3742 | test_acc=0.9570
2026-05-15 19:11:22,958 | INFO | SpawnProcess-4 | stage2_run3 | Epoch 281 | train_loss=105.2388 | train_acc=0.9562 | test_loss=18.0400 | test_acc=0.9487
2026-05-15 19:11:34,907 | INFO | SpawnProcess-3 | stage2_run4 | Epoch 265 | train_loss=101.9733 | train_acc=0.9599 | test_loss=17.3149 | test_acc=0.9586
2026-05-15 19:11:45,120 | INFO | SpawnProcess-4 | stage2_run3 | Epoch 282 | train_loss=105.1080 | train_acc=0.9557 | test_loss=17.9033 | test_acc=0.9509
2026-05-15 19:11:57,346 | INFO | SpawnProcess-3 | stage2_run4 | Epoch 266 | train_loss=101.5696 | train_acc=0.9619 | test_loss=17.1490 | test_acc=0.9626
2026-05-15 19:12:11,429 | INFO | SpawnProcess-4 | stage2_run3 | Epoch 283 | train_loss=104.9553 | train_acc=0.9557 | test_loss=18.0832 | test_acc=0.9488
2026-05-15 19:12:19,230 | INFO | SpawnProcess-3 | stage2_run4 | Epoch 267 | train_loss=101.6304 | train_acc=0.9620 | test_loss=17.2023 | test_acc=0.9617
2026-05-15 19:12:34,499 | INFO | SpawnProcess-4 | stage2_run3 | Epoch 284 | train_loss=106.3455 | train_acc=0.9505 | test_loss=17.7802 | test_acc=0.9564
2026-05-15 19:12:41,567 | INFO | SpawnProcess-3 | stage2_run4 | Epoch 268 | train_loss=102.5116 | train_acc=0.9582 | test_loss=17.5518 | test_acc=0.9517
2026-05-15 19:12:57,080 | INFO | SpawnProcess-4 | stage2_run3 | Epoch 285 | train_loss=104.7753 | train_acc=0.9570 | test_loss=17.9173 | test_acc=0.9518
2026-05-15 19:13:05,588 | INFO | SpawnProcess-3 | stage2_run4 | Epoch 269 | train_loss=102.3160 | train_acc=0.9584 | test_loss=17.3222 | test_acc=0.9570
2026-05-15 19:13:21,046 | INFO | SpawnProcess-4 | stage2_run3 | Epoch 286 | train_loss=105.6387 | train_acc=0.9532 | test_loss=17.6563 | test_acc=0.9597
2026-05-15 19:13:28,370 | INFO | SpawnProcess-3 | stage2_run4 | Epoch 270 | train_loss=101.4750 | train_acc=0.9620 | test_loss=17.2605 | test_acc=0.9588
2026-05-15 19:13:42,056 | INFO | SpawnProcess-4 | stage2_run3 | Epoch 287 | train_loss=104.9381 | train_acc=0.9565 | test_loss=17.6540 | test_acc=0.9600
2026-05-15 19:13:50,494 | INFO | SpawnProcess-3 | stage2_run4 | Epoch 271 | train_loss=101.8654 | train_acc=0.9601 | test_loss=17.5264 | test_acc=0.9525
2026-05-15 19:14:04,813 | INFO | SpawnProcess-4 | stage2_run3 | Epoch 288 | train_loss=105.3706 | train_acc=0.9547 | test_loss=17.8094 | test_acc=0.9558
2026-05-15 19:14:16,016 | INFO | SpawnProcess-3 | stage2_run4 | Epoch 272 | train_loss=103.0118 | train_acc=0.9555 | test_loss=17.5695 | test_acc=0.9520
2026-05-15 19:14:26,575 | INFO | SpawnProcess-4 | stage2_run3 | Epoch 289 | train_loss=105.4235 | train_acc=0.9544 | test_loss=18.2606 | test_acc=0.9453
2026-05-15 19:14:39,507 | INFO | SpawnProcess-3 | stage2_run4 | Epoch 273 | train_loss=102.1423 | train_acc=0.9590 | test_loss=17.3074 | test_acc=0.9571
2026-05-15 19:14:47,646 | INFO | SpawnProcess-4 | stage2_run3 | Epoch 290 | train_loss=106.3981 | train_acc=0.9500 | test_loss=18.0451 | test_acc=0.9477
2026-05-15 19:15:04,936 | INFO | SpawnProcess-3 | stage2_run4 | Epoch 274 | train_loss=101.9468 | train_acc=0.9603 | test_loss=17.4062 | test_acc=0.9556
2026-05-15 19:15:11,151 | INFO | SpawnProcess-4 | stage2_run3 | Epoch 291 | train_loss=104.8068 | train_acc=0.9565 | test_loss=17.9134 | test_acc=0.9520
2026-05-15 19:15:28,328 | INFO | SpawnProcess-3 | stage2_run4 | Epoch 275 | train_loss=101.6534 | train_acc=0.9611 | test_loss=17.2825 | test_acc=0.9598
2026-05-15 19:15:31,584 | INFO | SpawnProcess-4 | stage2_run3 | Epoch 292 | train_loss=106.6416 | train_acc=0.9487 | test_loss=18.0342 | test_acc=0.9497
2026-05-15 19:15:51,430 | INFO | SpawnProcess-3 | stage2_run4 | Epoch 276 | train_loss=107.0799 | train_acc=0.9390 | test_loss=17.6695 | test_acc=0.9484
2026-05-15 19:15:55,184 | INFO | SpawnProcess-4 | stage2_run3 | Epoch 293 | train_loss=104.8431 | train_acc=0.9566 | test_loss=17.6672 | test_acc=0.9582
2026-05-15 19:16:17,382 | INFO | SpawnProcess-3 | stage2_run4 | Epoch 277 | train_loss=102.0936 | train_acc=0.9592 | test_loss=17.7355 | test_acc=0.9481
2026-05-15 19:16:20,332 | INFO | SpawnProcess-4 | stage2_run3 | Epoch 294 | train_loss=104.8534 | train_acc=0.9569 | test_loss=18.5037 | test_acc=0.9391
2026-05-15 19:16:43,937 | INFO | SpawnProcess-3 | stage2_run4 | Epoch 278 | train_loss=101.8685 | train_acc=0.9605 | test_loss=17.3588 | test_acc=0.9567
2026-05-15 19:16:44,688 | INFO | SpawnProcess-4 | stage2_run3 | Epoch 295 | train_loss=105.2692 | train_acc=0.9536 | test_loss=17.6161 | test_acc=0.9596
2026-05-15 19:17:07,554 | INFO | SpawnProcess-4 | stage2_run3 | Epoch 296 | train_loss=104.7599 | train_acc=0.9562 | test_loss=17.5651 | test_acc=0.9616
2026-05-15 19:17:10,565 | INFO | SpawnProcess-3 | stage2_run4 | Epoch 279 | train_loss=103.0450 | train_acc=0.9550 | test_loss=17.4280 | test_acc=0.9559
2026-05-15 19:17:30,403 | INFO | SpawnProcess-4 | stage2_run3 | Epoch 297 | train_loss=105.0092 | train_acc=0.9549 | test_loss=17.7342 | test_acc=0.9562
2026-05-15 19:17:38,985 | INFO | SpawnProcess-3 | stage2_run4 | Epoch 280 | train_loss=103.2598 | train_acc=0.9546 | test_loss=17.5630 | test_acc=0.9511
2026-05-15 19:17:54,769 | INFO | SpawnProcess-4 | stage2_run3 | Epoch 298 | train_loss=104.4449 | train_acc=0.9582 | test_loss=17.5487 | test_acc=0.9608
2026-05-15 19:18:06,778 | INFO | SpawnProcess-3 | stage2_run4 | Epoch 281 | train_loss=101.4986 | train_acc=0.9621 | test_loss=17.1071 | test_acc=0.9644
2026-05-15 19:18:19,402 | INFO | SpawnProcess-4 | stage2_run3 | Epoch 299 | train_loss=103.7622 | train_acc=0.9606 | test_loss=17.8343 | test_acc=0.9513
2026-05-15 19:18:33,053 | INFO | SpawnProcess-3 | stage2_run4 | Epoch 282 | train_loss=100.9973 | train_acc=0.9638 | test_loss=17.3567 | test_acc=0.9567
2026-05-15 19:18:44,938 | INFO | SpawnProcess-4 | stage2_run3 | Epoch 300 | train_loss=105.2445 | train_acc=0.9541 | test_loss=17.6263 | test_acc=0.9590
2026-05-15 19:19:01,346 | INFO | SpawnProcess-4 | stage2_run3 | Final train_eval_loss=103.6142 | train_eval_acc=0.9599
2026-05-15 19:19:01,371 | INFO | SpawnProcess-4 | stage2_run3 | complete
2026-05-15 19:19:01,393 | INFO | Completed stage2_run3 on GPU 4
2026-05-15 19:19:01,412 | INFO | SpawnProcess-4 | stage2_run5 | assigned_gpu=4 | seed=1238 | stage1_ckpt=runs/l_mnist_gfr_per_seed_20260515_100137/gfr_lmnist_stage1_run5.pt
2026-05-15 19:19:01,633 | INFO | SpawnProcess-3 | stage2_run4 | Epoch 283 | train_loss=101.7893 | train_acc=0.9607 | test_loss=17.1660 | test_acc=0.9609
2026-05-15 19:19:01,789 | INFO | SpawnProcess-4 | stage2_run5 | trainable_params=7434 | epochs=300
2026-05-15 19:19:22,235 | INFO | SpawnProcess-4 | stage2_run5 | Epoch 001 | train_loss=233.8715 | train_acc=0.4071 | test_loss=34.4632 | test_acc=0.5493
2026-05-15 19:19:28,905 | INFO | SpawnProcess-3 | stage2_run4 | Epoch 284 | train_loss=101.8326 | train_acc=0.9604 | test_loss=17.6665 | test_acc=0.9473
2026-05-15 19:19:41,948 | INFO | SpawnProcess-4 | stage2_run5 | Epoch 002 | train_loss=191.3800 | train_acc=0.6768 | test_loss=30.8544 | test_acc=0.6137
2026-05-15 19:19:53,888 | INFO | SpawnProcess-3 | stage2_run4 | Epoch 285 | train_loss=101.9377 | train_acc=0.9599 | test_loss=17.3038 | test_acc=0.9569
2026-05-15 19:20:02,577 | INFO | SpawnProcess-4 | stage2_run5 | Epoch 003 | train_loss=174.5645 | train_acc=0.7520 | test_loss=28.6924 | test_acc=0.6058
2026-05-15 19:20:17,577 | INFO | SpawnProcess-3 | stage2_run4 | Epoch 286 | train_loss=101.5767 | train_acc=0.9619 | test_loss=17.4207 | test_acc=0.9559
2026-05-15 19:20:23,385 | INFO | SpawnProcess-4 | stage2_run5 | Epoch 004 | train_loss=163.6542 | train_acc=0.7937 | test_loss=26.9505 | test_acc=0.6530
2026-05-15 19:20:40,020 | INFO | SpawnProcess-3 | stage2_run4 | Epoch 287 | train_loss=102.1162 | train_acc=0.9589 | test_loss=17.4784 | test_acc=0.9495
2026-05-15 19:20:46,256 | INFO | SpawnProcess-4 | stage2_run5 | Epoch 005 | train_loss=155.3690 | train_acc=0.8192 | test_loss=26.1401 | test_acc=0.6452
2026-05-15 19:21:02,927 | INFO | SpawnProcess-3 | stage2_run4 | Epoch 288 | train_loss=101.8628 | train_acc=0.9605 | test_loss=17.4923 | test_acc=0.9525
2026-05-15 19:21:06,410 | INFO | SpawnProcess-4 | stage2_run5 | Epoch 006 | train_loss=149.0787 | train_acc=0.8354 | test_loss=24.7220 | test_acc=0.7234
2026-05-15 19:21:24,125 | INFO | SpawnProcess-3 | stage2_run4 | Epoch 289 | train_loss=101.6568 | train_acc=0.9609 | test_loss=17.5478 | test_acc=0.9500
2026-05-15 19:21:30,807 | INFO | SpawnProcess-4 | stage2_run5 | Epoch 007 | train_loss=144.3437 | train_acc=0.8476 | test_loss=24.4331 | test_acc=0.7226
2026-05-15 19:21:46,421 | INFO | SpawnProcess-3 | stage2_run4 | Epoch 290 | train_loss=101.3625 | train_acc=0.9620 | test_loss=17.1871 | test_acc=0.9608
2026-05-15 19:21:53,156 | INFO | SpawnProcess-4 | stage2_run5 | Epoch 008 | train_loss=141.2287 | train_acc=0.8543 | test_loss=24.8903 | test_acc=0.6963
2026-05-15 19:22:09,037 | INFO | SpawnProcess-3 | stage2_run4 | Epoch 291 | train_loss=101.1760 | train_acc=0.9631 | test_loss=17.1878 | test_acc=0.9604
2026-05-15 19:22:15,617 | INFO | SpawnProcess-4 | stage2_run5 | Epoch 009 | train_loss=138.1220 | train_acc=0.8651 | test_loss=22.9607 | test_acc=0.7485
2026-05-15 19:22:29,573 | INFO | SpawnProcess-3 | stage2_run4 | Epoch 292 | train_loss=102.1036 | train_acc=0.9588 | test_loss=17.3899 | test_acc=0.9557
2026-05-15 19:22:38,421 | INFO | SpawnProcess-4 | stage2_run5 | Epoch 010 | train_loss=135.6676 | train_acc=0.8727 | test_loss=23.6045 | test_acc=0.7419
2026-05-15 19:22:51,173 | INFO | SpawnProcess-3 | stage2_run4 | Epoch 293 | train_loss=102.1136 | train_acc=0.9588 | test_loss=17.4013 | test_acc=0.9563
2026-05-15 19:23:00,632 | INFO | SpawnProcess-4 | stage2_run5 | Epoch 011 | train_loss=135.2241 | train_acc=0.8685 | test_loss=22.7494 | test_acc=0.7666
2026-05-15 19:23:15,509 | INFO | SpawnProcess-3 | stage2_run4 | Epoch 294 | train_loss=102.5084 | train_acc=0.9569 | test_loss=17.5199 | test_acc=0.9542
2026-05-15 19:23:23,706 | INFO | SpawnProcess-4 | stage2_run5 | Epoch 012 | train_loss=131.8981 | train_acc=0.8787 | test_loss=22.1737 | test_acc=0.7583
2026-05-15 19:23:37,015 | INFO | SpawnProcess-3 | stage2_run4 | Epoch 295 | train_loss=103.3934 | train_acc=0.9535 | test_loss=17.6056 | test_acc=0.9493
2026-05-15 19:23:45,863 | INFO | SpawnProcess-4 | stage2_run5 | Epoch 013 | train_loss=130.9516 | train_acc=0.8797 | test_loss=22.2115 | test_acc=0.7895
2026-05-15 19:23:58,587 | INFO | SpawnProcess-3 | stage2_run4 | Epoch 296 | train_loss=102.0410 | train_acc=0.9594 | test_loss=17.1357 | test_acc=0.9630
2026-05-15 19:24:08,208 | INFO | SpawnProcess-4 | stage2_run5 | Epoch 014 | train_loss=127.9128 | train_acc=0.8893 | test_loss=21.4700 | test_acc=0.7970
2026-05-15 19:24:20,063 | INFO | SpawnProcess-3 | stage2_run4 | Epoch 297 | train_loss=101.3048 | train_acc=0.9618 | test_loss=17.6928 | test_acc=0.9480
2026-05-15 19:24:30,909 | INFO | SpawnProcess-4 | stage2_run5 | Epoch 015 | train_loss=128.4889 | train_acc=0.8837 | test_loss=21.3591 | test_acc=0.7990
2026-05-15 19:24:43,191 | INFO | SpawnProcess-3 | stage2_run4 | Epoch 298 | train_loss=102.1541 | train_acc=0.9586 | test_loss=17.2613 | test_acc=0.9592
2026-05-15 19:24:51,766 | INFO | SpawnProcess-4 | stage2_run5 | Epoch 016 | train_loss=124.9071 | train_acc=0.8978 | test_loss=21.1897 | test_acc=0.7872
2026-05-15 19:25:07,678 | INFO | SpawnProcess-3 | stage2_run4 | Epoch 299 | train_loss=101.1012 | train_acc=0.9627 | test_loss=17.0897 | test_acc=0.9635
2026-05-15 19:25:13,843 | INFO | SpawnProcess-4 | stage2_run5 | Epoch 017 | train_loss=125.0193 | train_acc=0.8923 | test_loss=20.7427 | test_acc=0.8149
2026-05-15 19:25:31,368 | INFO | SpawnProcess-3 | stage2_run4 | Epoch 300 | train_loss=101.0803 | train_acc=0.9629 | test_loss=17.3161 | test_acc=0.9567
2026-05-15 19:25:35,115 | INFO | SpawnProcess-4 | stage2_run5 | Epoch 018 | train_loss=122.2646 | train_acc=0.9030 | test_loss=20.7330 | test_acc=0.8280
2026-05-15 19:25:47,917 | INFO | SpawnProcess-3 | stage2_run4 | Final train_eval_loss=101.2142 | train_eval_acc=0.9617
2026-05-15 19:25:47,936 | INFO | SpawnProcess-3 | stage2_run4 | complete
2026-05-15 19:25:47,958 | INFO | Completed stage2_run4 on GPU 5
2026-05-15 19:25:54,882 | INFO | SpawnProcess-4 | stage2_run5 | Epoch 019 | train_loss=123.0692 | train_acc=0.8943 | test_loss=20.8826 | test_acc=0.8182
2026-05-15 19:26:09,857 | INFO | SpawnProcess-4 | stage2_run5 | Epoch 020 | train_loss=122.8055 | train_acc=0.8929 | test_loss=20.8432 | test_acc=0.8298
2026-05-15 19:26:24,947 | INFO | SpawnProcess-4 | stage2_run5 | Epoch 021 | train_loss=120.9018 | train_acc=0.8991 | test_loss=20.1352 | test_acc=0.8157
2026-05-15 19:26:39,739 | INFO | SpawnProcess-4 | stage2_run5 | Epoch 022 | train_loss=119.5784 | train_acc=0.9040 | test_loss=20.4149 | test_acc=0.7805
2026-05-15 19:26:55,308 | INFO | SpawnProcess-4 | stage2_run5 | Epoch 023 | train_loss=119.3045 | train_acc=0.9037 | test_loss=19.9939 | test_acc=0.8161
2026-05-15 19:27:10,735 | INFO | SpawnProcess-4 | stage2_run5 | Epoch 024 | train_loss=118.1348 | train_acc=0.9071 | test_loss=19.9088 | test_acc=0.8482
2026-05-15 19:27:25,773 | INFO | SpawnProcess-4 | stage2_run5 | Epoch 025 | train_loss=117.2631 | train_acc=0.9095 | test_loss=20.0909 | test_acc=0.8582
2026-05-15 19:27:40,895 | INFO | SpawnProcess-4 | stage2_run5 | Epoch 026 | train_loss=117.2786 | train_acc=0.9083 | test_loss=20.5419 | test_acc=0.8475
2026-05-15 19:27:56,174 | INFO | SpawnProcess-4 | stage2_run5 | Epoch 027 | train_loss=116.9034 | train_acc=0.9089 | test_loss=19.9432 | test_acc=0.8054
2026-05-15 19:28:11,290 | INFO | SpawnProcess-4 | stage2_run5 | Epoch 028 | train_loss=115.6807 | train_acc=0.9127 | test_loss=19.6213 | test_acc=0.8456
2026-05-15 19:28:27,130 | INFO | SpawnProcess-4 | stage2_run5 | Epoch 029 | train_loss=114.7499 | train_acc=0.9167 | test_loss=19.7842 | test_acc=0.8458
2026-05-15 19:28:42,322 | INFO | SpawnProcess-4 | stage2_run5 | Epoch 030 | train_loss=115.5565 | train_acc=0.9111 | test_loss=19.4577 | test_acc=0.8266
2026-05-15 19:28:57,213 | INFO | SpawnProcess-4 | stage2_run5 | Epoch 031 | train_loss=113.6716 | train_acc=0.9193 | test_loss=19.4126 | test_acc=0.8484
2026-05-15 19:29:12,183 | INFO | SpawnProcess-4 | stage2_run5 | Epoch 032 | train_loss=114.0951 | train_acc=0.9164 | test_loss=19.3414 | test_acc=0.8584
2026-05-15 19:29:27,483 | INFO | SpawnProcess-4 | stage2_run5 | Epoch 033 | train_loss=113.0773 | train_acc=0.9201 | test_loss=19.0175 | test_acc=0.8380
2026-05-15 19:29:42,347 | INFO | SpawnProcess-4 | stage2_run5 | Epoch 034 | train_loss=113.3979 | train_acc=0.9175 | test_loss=19.6356 | test_acc=0.8560
2026-05-15 19:29:57,553 | INFO | SpawnProcess-4 | stage2_run5 | Epoch 035 | train_loss=113.6925 | train_acc=0.9153 | test_loss=19.5189 | test_acc=0.8192
2026-05-15 19:30:12,865 | INFO | SpawnProcess-4 | stage2_run5 | Epoch 036 | train_loss=112.2525 | train_acc=0.9209 | test_loss=18.7866 | test_acc=0.8502
2026-05-15 19:30:28,159 | INFO | SpawnProcess-4 | stage2_run5 | Epoch 037 | train_loss=111.2165 | train_acc=0.9244 | test_loss=19.0666 | test_acc=0.8740
2026-05-15 19:30:43,577 | INFO | SpawnProcess-4 | stage2_run5 | Epoch 038 | train_loss=110.7309 | train_acc=0.9262 | test_loss=18.9543 | test_acc=0.8733
2026-05-15 19:30:59,013 | INFO | SpawnProcess-4 | stage2_run5 | Epoch 039 | train_loss=111.4762 | train_acc=0.9216 | test_loss=18.9745 | test_acc=0.8776
2026-05-15 19:31:14,578 | INFO | SpawnProcess-4 | stage2_run5 | Epoch 040 | train_loss=110.3746 | train_acc=0.9261 | test_loss=18.8685 | test_acc=0.8588
2026-05-15 19:31:30,220 | INFO | SpawnProcess-4 | stage2_run5 | Epoch 041 | train_loss=110.1839 | train_acc=0.9260 | test_loss=19.1259 | test_acc=0.8464
2026-05-15 19:31:45,890 | INFO | SpawnProcess-4 | stage2_run5 | Epoch 042 | train_loss=109.8495 | train_acc=0.9264 | test_loss=18.3800 | test_acc=0.8971
2026-05-15 19:32:01,597 | INFO | SpawnProcess-4 | stage2_run5 | Epoch 043 | train_loss=109.3959 | train_acc=0.9290 | test_loss=18.7100 | test_acc=0.8866
2026-05-15 19:32:17,155 | INFO | SpawnProcess-4 | stage2_run5 | Epoch 044 | train_loss=110.4616 | train_acc=0.9232 | test_loss=18.9047 | test_acc=0.8729
2026-05-15 19:32:32,409 | INFO | SpawnProcess-4 | stage2_run5 | Epoch 045 | train_loss=109.2277 | train_acc=0.9286 | test_loss=18.6285 | test_acc=0.9071
2026-05-15 19:32:47,317 | INFO | SpawnProcess-4 | stage2_run5 | Epoch 046 | train_loss=109.5214 | train_acc=0.9262 | test_loss=18.2017 | test_acc=0.8790
2026-05-15 19:33:02,292 | INFO | SpawnProcess-4 | stage2_run5 | Epoch 047 | train_loss=108.2019 | train_acc=0.9322 | test_loss=18.7447 | test_acc=0.8676
2026-05-15 19:33:17,733 | INFO | SpawnProcess-4 | stage2_run5 | Epoch 048 | train_loss=108.6884 | train_acc=0.9293 | test_loss=19.2582 | test_acc=0.8529
2026-05-15 19:33:32,637 | INFO | SpawnProcess-4 | stage2_run5 | Epoch 049 | train_loss=109.6424 | train_acc=0.9251 | test_loss=18.2926 | test_acc=0.9066
2026-05-15 19:33:47,567 | INFO | SpawnProcess-4 | stage2_run5 | Epoch 050 | train_loss=108.4324 | train_acc=0.9301 | test_loss=18.4314 | test_acc=0.9156
2026-05-15 19:34:03,080 | INFO | SpawnProcess-4 | stage2_run5 | Epoch 051 | train_loss=107.0459 | train_acc=0.9355 | test_loss=17.9970 | test_acc=0.9212
2026-05-15 19:34:17,872 | INFO | SpawnProcess-4 | stage2_run5 | Epoch 052 | train_loss=108.4762 | train_acc=0.9273 | test_loss=18.7256 | test_acc=0.8830
2026-05-15 19:34:33,215 | INFO | SpawnProcess-4 | stage2_run5 | Epoch 053 | train_loss=107.8702 | train_acc=0.9285 | test_loss=18.2216 | test_acc=0.8866
2026-05-15 19:34:48,525 | INFO | SpawnProcess-4 | stage2_run5 | Epoch 054 | train_loss=106.9695 | train_acc=0.9329 | test_loss=18.3356 | test_acc=0.8988
2026-05-15 19:35:03,702 | INFO | SpawnProcess-4 | stage2_run5 | Epoch 055 | train_loss=107.5215 | train_acc=0.9295 | test_loss=18.3559 | test_acc=0.9102
2026-05-15 19:35:18,983 | INFO | SpawnProcess-4 | stage2_run5 | Epoch 056 | train_loss=106.9581 | train_acc=0.9312 | test_loss=17.8345 | test_acc=0.9187
2026-05-15 19:35:34,313 | INFO | SpawnProcess-4 | stage2_run5 | Epoch 057 | train_loss=106.4564 | train_acc=0.9332 | test_loss=18.0029 | test_acc=0.9103
2026-05-15 19:35:49,304 | INFO | SpawnProcess-4 | stage2_run5 | Epoch 058 | train_loss=105.7013 | train_acc=0.9356 | test_loss=17.7692 | test_acc=0.9095
2026-05-15 19:36:04,503 | INFO | SpawnProcess-4 | stage2_run5 | Epoch 059 | train_loss=105.0483 | train_acc=0.9361 | test_loss=18.1964 | test_acc=0.9046
2026-05-15 19:36:19,640 | INFO | SpawnProcess-4 | stage2_run5 | Epoch 060 | train_loss=105.8182 | train_acc=0.9316 | test_loss=17.9363 | test_acc=0.8966
2026-05-15 19:36:34,310 | INFO | SpawnProcess-4 | stage2_run5 | Epoch 061 | train_loss=104.3490 | train_acc=0.9376 | test_loss=18.2196 | test_acc=0.9116
2026-05-15 19:36:49,096 | INFO | SpawnProcess-4 | stage2_run5 | Epoch 062 | train_loss=105.6225 | train_acc=0.9319 | test_loss=17.9916 | test_acc=0.9092
2026-05-15 19:37:04,892 | INFO | SpawnProcess-4 | stage2_run5 | Epoch 063 | train_loss=104.8465 | train_acc=0.9351 | test_loss=17.9618 | test_acc=0.9185
2026-05-15 19:37:19,815 | INFO | SpawnProcess-4 | stage2_run5 | Epoch 064 | train_loss=105.0435 | train_acc=0.9345 | test_loss=18.0378 | test_acc=0.9196
2026-05-15 19:37:34,774 | INFO | SpawnProcess-4 | stage2_run5 | Epoch 065 | train_loss=103.9002 | train_acc=0.9388 | test_loss=17.5699 | test_acc=0.9239
2026-05-15 19:37:49,468 | INFO | SpawnProcess-4 | stage2_run5 | Epoch 066 | train_loss=103.6556 | train_acc=0.9389 | test_loss=17.6845 | test_acc=0.9219
2026-05-15 19:38:04,634 | INFO | SpawnProcess-4 | stage2_run5 | Epoch 067 | train_loss=104.3350 | train_acc=0.9359 | test_loss=18.0191 | test_acc=0.9204
2026-05-15 19:38:19,391 | INFO | SpawnProcess-4 | stage2_run5 | Epoch 068 | train_loss=104.7270 | train_acc=0.9349 | test_loss=17.6197 | test_acc=0.9219
2026-05-15 19:38:34,529 | INFO | SpawnProcess-4 | stage2_run5 | Epoch 069 | train_loss=104.2394 | train_acc=0.9365 | test_loss=17.7523 | test_acc=0.9267
2026-05-15 19:38:49,915 | INFO | SpawnProcess-4 | stage2_run5 | Epoch 070 | train_loss=104.0873 | train_acc=0.9366 | test_loss=17.9737 | test_acc=0.9300
2026-05-15 19:39:04,845 | INFO | SpawnProcess-4 | stage2_run5 | Epoch 071 | train_loss=103.7130 | train_acc=0.9388 | test_loss=17.4257 | test_acc=0.9288
2026-05-15 19:39:20,151 | INFO | SpawnProcess-4 | stage2_run5 | Epoch 072 | train_loss=105.1581 | train_acc=0.9317 | test_loss=17.5154 | test_acc=0.9347
2026-05-15 19:39:35,223 | INFO | SpawnProcess-4 | stage2_run5 | Epoch 073 | train_loss=102.6779 | train_acc=0.9425 | test_loss=18.1872 | test_acc=0.8998
2026-05-15 19:39:50,491 | INFO | SpawnProcess-4 | stage2_run5 | Epoch 074 | train_loss=104.1413 | train_acc=0.9361 | test_loss=17.9006 | test_acc=0.9262
2026-05-15 19:40:05,321 | INFO | SpawnProcess-4 | stage2_run5 | Epoch 075 | train_loss=104.3675 | train_acc=0.9352 | test_loss=17.2803 | test_acc=0.9212
2026-05-15 19:40:21,071 | INFO | SpawnProcess-4 | stage2_run5 | Epoch 076 | train_loss=103.2438 | train_acc=0.9399 | test_loss=17.7126 | test_acc=0.9181
2026-05-15 19:40:36,660 | INFO | SpawnProcess-4 | stage2_run5 | Epoch 077 | train_loss=103.0785 | train_acc=0.9403 | test_loss=17.9685 | test_acc=0.8986
2026-05-15 19:40:51,770 | INFO | SpawnProcess-4 | stage2_run5 | Epoch 078 | train_loss=102.4129 | train_acc=0.9423 | test_loss=17.8289 | test_acc=0.9097
2026-05-15 19:41:06,440 | INFO | SpawnProcess-4 | stage2_run5 | Epoch 079 | train_loss=103.7113 | train_acc=0.9367 | test_loss=17.3750 | test_acc=0.9325
2026-05-15 19:41:21,304 | INFO | SpawnProcess-4 | stage2_run5 | Epoch 080 | train_loss=102.6830 | train_acc=0.9409 | test_loss=17.2751 | test_acc=0.9264
2026-05-15 19:41:36,048 | INFO | SpawnProcess-4 | stage2_run5 | Epoch 081 | train_loss=103.4023 | train_acc=0.9372 | test_loss=17.2710 | test_acc=0.9198
2026-05-15 19:41:51,586 | INFO | SpawnProcess-4 | stage2_run5 | Epoch 082 | train_loss=102.7184 | train_acc=0.9392 | test_loss=17.3648 | test_acc=0.9325
2026-05-15 19:42:06,339 | INFO | SpawnProcess-4 | stage2_run5 | Epoch 083 | train_loss=102.0245 | train_acc=0.9416 | test_loss=17.2990 | test_acc=0.9314
2026-05-15 19:42:21,380 | INFO | SpawnProcess-4 | stage2_run5 | Epoch 084 | train_loss=102.6334 | train_acc=0.9380 | test_loss=17.3121 | test_acc=0.9257
2026-05-15 19:42:35,805 | INFO | SpawnProcess-4 | stage2_run5 | Epoch 085 | train_loss=101.8149 | train_acc=0.9413 | test_loss=17.1325 | test_acc=0.9211
2026-05-15 19:42:50,363 | INFO | SpawnProcess-4 | stage2_run5 | Epoch 086 | train_loss=102.1649 | train_acc=0.9397 | test_loss=17.5089 | test_acc=0.9212
2026-05-15 19:43:04,925 | INFO | SpawnProcess-4 | stage2_run5 | Epoch 087 | train_loss=102.0127 | train_acc=0.9410 | test_loss=17.4534 | test_acc=0.9131
2026-05-15 19:43:19,865 | INFO | SpawnProcess-4 | stage2_run5 | Epoch 088 | train_loss=101.8447 | train_acc=0.9410 | test_loss=17.7185 | test_acc=0.9251
2026-05-15 19:43:35,185 | INFO | SpawnProcess-4 | stage2_run5 | Epoch 089 | train_loss=102.9759 | train_acc=0.9365 | test_loss=17.5678 | test_acc=0.9229
2026-05-15 19:43:50,664 | INFO | SpawnProcess-4 | stage2_run5 | Epoch 090 | train_loss=102.2838 | train_acc=0.9388 | test_loss=17.0968 | test_acc=0.9377
2026-05-15 19:44:05,343 | INFO | SpawnProcess-4 | stage2_run5 | Epoch 091 | train_loss=101.8293 | train_acc=0.9403 | test_loss=18.1365 | test_acc=0.8920
2026-05-15 19:44:20,215 | INFO | SpawnProcess-4 | stage2_run5 | Epoch 092 | train_loss=101.4266 | train_acc=0.9419 | test_loss=17.2108 | test_acc=0.9324
2026-05-15 19:44:35,265 | INFO | SpawnProcess-4 | stage2_run5 | Epoch 093 | train_loss=101.7284 | train_acc=0.9418 | test_loss=17.4545 | test_acc=0.9111
2026-05-15 19:44:50,693 | INFO | SpawnProcess-4 | stage2_run5 | Epoch 094 | train_loss=100.7121 | train_acc=0.9447 | test_loss=17.0073 | test_acc=0.9358
2026-05-15 19:45:05,497 | INFO | SpawnProcess-4 | stage2_run5 | Epoch 095 | train_loss=101.7579 | train_acc=0.9395 | test_loss=17.5545 | test_acc=0.9051
2026-05-15 19:45:20,505 | INFO | SpawnProcess-4 | stage2_run5 | Epoch 096 | train_loss=101.7310 | train_acc=0.9400 | test_loss=17.0147 | test_acc=0.9214
2026-05-15 19:45:35,528 | INFO | SpawnProcess-4 | stage2_run5 | Epoch 097 | train_loss=100.9235 | train_acc=0.9434 | test_loss=17.3736 | test_acc=0.9313
2026-05-15 19:45:50,531 | INFO | SpawnProcess-4 | stage2_run5 | Epoch 098 | train_loss=101.9872 | train_acc=0.9392 | test_loss=17.5713 | test_acc=0.9053
2026-05-15 19:46:05,100 | INFO | SpawnProcess-4 | stage2_run5 | Epoch 099 | train_loss=101.6071 | train_acc=0.9404 | test_loss=17.1643 | test_acc=0.9110
2026-05-15 19:46:19,967 | INFO | SpawnProcess-4 | stage2_run5 | Epoch 100 | train_loss=99.8812 | train_acc=0.9468 | test_loss=17.3197 | test_acc=0.9300
2026-05-15 19:46:35,207 | INFO | SpawnProcess-4 | stage2_run5 | Epoch 101 | train_loss=100.9801 | train_acc=0.9416 | test_loss=16.9402 | test_acc=0.9420
2026-05-15 19:46:52,663 | INFO | SpawnProcess-4 | stage2_run5 | Epoch 102 | train_loss=100.4877 | train_acc=0.9435 | test_loss=17.3296 | test_acc=0.9284
2026-05-15 19:47:07,709 | INFO | SpawnProcess-4 | stage2_run5 | Epoch 103 | train_loss=101.4460 | train_acc=0.9394 | test_loss=16.9745 | test_acc=0.9405
2026-05-15 19:47:22,724 | INFO | SpawnProcess-4 | stage2_run5 | Epoch 104 | train_loss=100.5817 | train_acc=0.9419 | test_loss=17.0335 | test_acc=0.9342
2026-05-15 19:47:37,371 | INFO | SpawnProcess-4 | stage2_run5 | Epoch 105 | train_loss=99.5933 | train_acc=0.9465 | test_loss=16.9665 | test_acc=0.9277
2026-05-15 19:47:52,127 | INFO | SpawnProcess-4 | stage2_run5 | Epoch 106 | train_loss=100.0815 | train_acc=0.9442 | test_loss=17.0647 | test_acc=0.9365
2026-05-15 19:48:06,864 | INFO | SpawnProcess-4 | stage2_run5 | Epoch 107 | train_loss=100.0980 | train_acc=0.9440 | test_loss=16.8462 | test_acc=0.9383
2026-05-15 19:48:21,929 | INFO | SpawnProcess-4 | stage2_run5 | Epoch 108 | train_loss=99.5213 | train_acc=0.9466 | test_loss=16.9148 | test_acc=0.9394
2026-05-15 19:48:36,544 | INFO | SpawnProcess-4 | stage2_run5 | Epoch 109 | train_loss=100.0179 | train_acc=0.9444 | test_loss=17.5418 | test_acc=0.9296
2026-05-15 19:48:51,150 | INFO | SpawnProcess-4 | stage2_run5 | Epoch 110 | train_loss=100.6990 | train_acc=0.9412 | test_loss=17.1052 | test_acc=0.9291
2026-05-15 19:49:05,587 | INFO | SpawnProcess-4 | stage2_run5 | Epoch 111 | train_loss=99.8460 | train_acc=0.9426 | test_loss=16.8287 | test_acc=0.9386
2026-05-15 19:49:20,352 | INFO | SpawnProcess-4 | stage2_run5 | Epoch 112 | train_loss=99.5020 | train_acc=0.9440 | test_loss=17.1297 | test_acc=0.9253
2026-05-15 19:49:35,578 | INFO | SpawnProcess-4 | stage2_run5 | Epoch 113 | train_loss=99.7961 | train_acc=0.9420 | test_loss=17.7532 | test_acc=0.9241
2026-05-15 19:49:50,664 | INFO | SpawnProcess-4 | stage2_run5 | Epoch 114 | train_loss=99.4750 | train_acc=0.9440 | test_loss=17.0367 | test_acc=0.9351
2026-05-15 19:50:05,817 | INFO | SpawnProcess-4 | stage2_run5 | Epoch 115 | train_loss=99.6586 | train_acc=0.9436 | test_loss=17.3677 | test_acc=0.9220
2026-05-15 19:50:20,931 | INFO | SpawnProcess-4 | stage2_run5 | Epoch 116 | train_loss=99.3392 | train_acc=0.9435 | test_loss=16.8536 | test_acc=0.9401
2026-05-15 19:50:37,836 | INFO | SpawnProcess-4 | stage2_run5 | Epoch 117 | train_loss=99.5537 | train_acc=0.9432 | test_loss=16.8341 | test_acc=0.9375
2026-05-15 19:50:53,118 | INFO | SpawnProcess-4 | stage2_run5 | Epoch 118 | train_loss=99.8849 | train_acc=0.9423 | test_loss=17.0296 | test_acc=0.9326
2026-05-15 19:51:08,997 | INFO | SpawnProcess-4 | stage2_run5 | Epoch 119 | train_loss=98.0736 | train_acc=0.9494 | test_loss=17.0689 | test_acc=0.9223
2026-05-15 19:51:24,080 | INFO | SpawnProcess-4 | stage2_run5 | Epoch 120 | train_loss=100.2454 | train_acc=0.9405 | test_loss=17.1440 | test_acc=0.9330
2026-05-15 19:51:39,308 | INFO | SpawnProcess-4 | stage2_run5 | Epoch 121 | train_loss=98.5893 | train_acc=0.9474 | test_loss=16.9032 | test_acc=0.9315
2026-05-15 19:51:54,537 | INFO | SpawnProcess-4 | stage2_run5 | Epoch 122 | train_loss=98.5706 | train_acc=0.9473 | test_loss=16.8053 | test_acc=0.9402
2026-05-15 19:52:09,798 | INFO | SpawnProcess-4 | stage2_run5 | Epoch 123 | train_loss=99.1206 | train_acc=0.9451 | test_loss=16.9678 | test_acc=0.9340
2026-05-15 19:52:25,233 | INFO | SpawnProcess-4 | stage2_run5 | Epoch 124 | train_loss=99.8006 | train_acc=0.9424 | test_loss=17.7648 | test_acc=0.9108
2026-05-15 19:52:40,547 | INFO | SpawnProcess-4 | stage2_run5 | Epoch 125 | train_loss=99.4459 | train_acc=0.9427 | test_loss=16.6240 | test_acc=0.9420
2026-05-15 19:52:55,903 | INFO | SpawnProcess-4 | stage2_run5 | Epoch 126 | train_loss=98.9017 | train_acc=0.9459 | test_loss=16.8810 | test_acc=0.9318
2026-05-15 19:53:10,622 | INFO | SpawnProcess-4 | stage2_run5 | Epoch 127 | train_loss=98.9416 | train_acc=0.9453 | test_loss=17.3680 | test_acc=0.9192
2026-05-15 19:53:26,083 | INFO | SpawnProcess-4 | stage2_run5 | Epoch 128 | train_loss=98.8477 | train_acc=0.9456 | test_loss=17.0702 | test_acc=0.9265
2026-05-15 19:53:41,076 | INFO | SpawnProcess-4 | stage2_run5 | Epoch 129 | train_loss=98.5880 | train_acc=0.9465 | test_loss=16.5761 | test_acc=0.9336
2026-05-15 19:53:56,890 | INFO | SpawnProcess-4 | stage2_run5 | Epoch 130 | train_loss=97.8865 | train_acc=0.9494 | test_loss=16.8618 | test_acc=0.9374
2026-05-15 19:54:12,436 | INFO | SpawnProcess-4 | stage2_run5 | Epoch 131 | train_loss=98.1520 | train_acc=0.9482 | test_loss=16.9497 | test_acc=0.9284
2026-05-15 19:54:27,925 | INFO | SpawnProcess-4 | stage2_run5 | Epoch 132 | train_loss=98.4778 | train_acc=0.9466 | test_loss=16.8709 | test_acc=0.9359
2026-05-15 19:54:43,392 | INFO | SpawnProcess-4 | stage2_run5 | Epoch 133 | train_loss=98.5559 | train_acc=0.9468 | test_loss=16.7698 | test_acc=0.9377
2026-05-15 19:54:58,112 | INFO | SpawnProcess-4 | stage2_run5 | Epoch 134 | train_loss=98.3973 | train_acc=0.9470 | test_loss=16.6589 | test_acc=0.9352
2026-05-15 19:55:13,004 | INFO | SpawnProcess-4 | stage2_run5 | Epoch 135 | train_loss=97.8559 | train_acc=0.9491 | test_loss=16.7968 | test_acc=0.9387
2026-05-15 19:55:28,125 | INFO | SpawnProcess-4 | stage2_run5 | Epoch 136 | train_loss=99.3045 | train_acc=0.9429 | test_loss=16.8693 | test_acc=0.9403
2026-05-15 19:55:43,080 | INFO | SpawnProcess-4 | stage2_run5 | Epoch 137 | train_loss=98.0071 | train_acc=0.9485 | test_loss=16.5744 | test_acc=0.9402
2026-05-15 19:55:58,447 | INFO | SpawnProcess-4 | stage2_run5 | Epoch 138 | train_loss=97.1721 | train_acc=0.9511 | test_loss=16.7361 | test_acc=0.9238
2026-05-15 19:56:13,649 | INFO | SpawnProcess-4 | stage2_run5 | Epoch 139 | train_loss=97.9363 | train_acc=0.9480 | test_loss=16.8003 | test_acc=0.9334
2026-05-15 19:56:28,547 | INFO | SpawnProcess-4 | stage2_run5 | Epoch 140 | train_loss=98.4719 | train_acc=0.9460 | test_loss=16.6185 | test_acc=0.9445
2026-05-15 19:56:43,214 | INFO | SpawnProcess-4 | stage2_run5 | Epoch 141 | train_loss=97.5255 | train_acc=0.9500 | test_loss=16.7787 | test_acc=0.9300
2026-05-15 19:56:58,263 | INFO | SpawnProcess-4 | stage2_run5 | Epoch 142 | train_loss=98.8675 | train_acc=0.9439 | test_loss=16.5309 | test_acc=0.9476
2026-05-15 19:57:13,512 | INFO | SpawnProcess-4 | stage2_run5 | Epoch 143 | train_loss=98.0600 | train_acc=0.9479 | test_loss=16.6207 | test_acc=0.9424
2026-05-15 19:57:29,782 | INFO | SpawnProcess-4 | stage2_run5 | Epoch 144 | train_loss=97.9860 | train_acc=0.9478 | test_loss=16.8584 | test_acc=0.9368
2026-05-15 19:57:44,439 | INFO | SpawnProcess-4 | stage2_run5 | Epoch 145 | train_loss=97.7570 | train_acc=0.9492 | test_loss=16.4752 | test_acc=0.9502
2026-05-15 19:57:59,421 | INFO | SpawnProcess-4 | stage2_run5 | Epoch 146 | train_loss=98.1259 | train_acc=0.9470 | test_loss=16.6364 | test_acc=0.9336
2026-05-15 19:58:14,380 | INFO | SpawnProcess-4 | stage2_run5 | Epoch 147 | train_loss=100.1234 | train_acc=0.9374 | test_loss=16.8497 | test_acc=0.9395
2026-05-15 19:58:29,164 | INFO | SpawnProcess-4 | stage2_run5 | Epoch 148 | train_loss=98.9579 | train_acc=0.9427 | test_loss=16.9594 | test_acc=0.9355
2026-05-15 19:58:44,607 | INFO | SpawnProcess-4 | stage2_run5 | Epoch 149 | train_loss=98.6147 | train_acc=0.9434 | test_loss=16.6351 | test_acc=0.9362
2026-05-15 19:59:01,206 | INFO | SpawnProcess-4 | stage2_run5 | Epoch 150 | train_loss=97.3045 | train_acc=0.9480 | test_loss=16.7604 | test_acc=0.9341
2026-05-15 19:59:17,471 | INFO | SpawnProcess-4 | stage2_run5 | Epoch 151 | train_loss=98.0499 | train_acc=0.9462 | test_loss=16.9139 | test_acc=0.9342
2026-05-15 19:59:32,511 | INFO | SpawnProcess-4 | stage2_run5 | Epoch 152 | train_loss=97.1730 | train_acc=0.9492 | test_loss=16.5759 | test_acc=0.9441
2026-05-15 19:59:48,129 | INFO | SpawnProcess-4 | stage2_run5 | Epoch 153 | train_loss=100.7922 | train_acc=0.9337 | test_loss=16.6486 | test_acc=0.9421
2026-05-15 20:00:03,090 | INFO | SpawnProcess-4 | stage2_run5 | Epoch 154 | train_loss=98.1552 | train_acc=0.9453 | test_loss=16.4718 | test_acc=0.9455
2026-05-15 20:00:17,862 | INFO | SpawnProcess-4 | stage2_run5 | Epoch 155 | train_loss=97.9687 | train_acc=0.9460 | test_loss=17.0398 | test_acc=0.9365
2026-05-15 20:00:32,842 | INFO | SpawnProcess-4 | stage2_run5 | Epoch 156 | train_loss=98.3571 | train_acc=0.9438 | test_loss=16.4899 | test_acc=0.9476
2026-05-15 20:00:47,962 | INFO | SpawnProcess-4 | stage2_run5 | Epoch 157 | train_loss=97.0032 | train_acc=0.9494 | test_loss=16.8375 | test_acc=0.9304
2026-05-15 20:01:02,976 | INFO | SpawnProcess-4 | stage2_run5 | Epoch 158 | train_loss=98.0413 | train_acc=0.9453 | test_loss=17.2564 | test_acc=0.9274
2026-05-15 20:01:17,678 | INFO | SpawnProcess-4 | stage2_run5 | Epoch 159 | train_loss=96.5249 | train_acc=0.9513 | test_loss=16.2228 | test_acc=0.9489
2026-05-15 20:01:32,607 | INFO | SpawnProcess-4 | stage2_run5 | Epoch 160 | train_loss=96.9668 | train_acc=0.9491 | test_loss=16.4628 | test_acc=0.9398
2026-05-15 20:01:48,645 | INFO | SpawnProcess-4 | stage2_run5 | Epoch 161 | train_loss=97.0027 | train_acc=0.9479 | test_loss=16.2838 | test_acc=0.9506
2026-05-15 20:02:03,758 | INFO | SpawnProcess-4 | stage2_run5 | Epoch 162 | train_loss=96.0234 | train_acc=0.9517 | test_loss=16.6167 | test_acc=0.9411
2026-05-15 20:02:18,654 | INFO | SpawnProcess-4 | stage2_run5 | Epoch 163 | train_loss=98.2894 | train_acc=0.9427 | test_loss=16.8593 | test_acc=0.9364
2026-05-15 20:02:33,172 | INFO | SpawnProcess-4 | stage2_run5 | Epoch 164 | train_loss=97.6401 | train_acc=0.9442 | test_loss=16.7284 | test_acc=0.9371
2026-05-15 20:02:48,426 | INFO | SpawnProcess-4 | stage2_run5 | Epoch 165 | train_loss=97.4791 | train_acc=0.9459 | test_loss=16.4224 | test_acc=0.9408
2026-05-15 20:03:03,318 | INFO | SpawnProcess-4 | stage2_run5 | Epoch 166 | train_loss=96.6609 | train_acc=0.9486 | test_loss=16.3262 | test_acc=0.9432
2026-05-15 20:03:21,441 | INFO | SpawnProcess-4 | stage2_run5 | Epoch 167 | train_loss=96.1864 | train_acc=0.9515 | test_loss=16.4062 | test_acc=0.9414
2026-05-15 20:03:36,821 | INFO | SpawnProcess-4 | stage2_run5 | Epoch 168 | train_loss=96.9891 | train_acc=0.9473 | test_loss=16.4713 | test_acc=0.9382
2026-05-15 20:03:51,547 | INFO | SpawnProcess-4 | stage2_run5 | Epoch 169 | train_loss=95.8815 | train_acc=0.9518 | test_loss=16.2749 | test_acc=0.9495
2026-05-15 20:04:06,381 | INFO | SpawnProcess-4 | stage2_run5 | Epoch 170 | train_loss=96.4401 | train_acc=0.9497 | test_loss=16.2889 | test_acc=0.9467
2026-05-15 20:04:21,193 | INFO | SpawnProcess-4 | stage2_run5 | Epoch 171 | train_loss=96.6761 | train_acc=0.9489 | test_loss=16.7513 | test_acc=0.9314
2026-05-15 20:04:35,881 | INFO | SpawnProcess-4 | stage2_run5 | Epoch 172 | train_loss=96.3848 | train_acc=0.9494 | test_loss=16.4171 | test_acc=0.9357
2026-05-15 20:04:50,667 | INFO | SpawnProcess-4 | stage2_run5 | Epoch 173 | train_loss=96.0672 | train_acc=0.9514 | test_loss=16.4458 | test_acc=0.9457
2026-05-15 20:05:05,975 | INFO | SpawnProcess-4 | stage2_run5 | Epoch 174 | train_loss=95.6018 | train_acc=0.9531 | test_loss=16.3581 | test_acc=0.9446
2026-05-15 20:05:21,570 | INFO | SpawnProcess-4 | stage2_run5 | Epoch 175 | train_loss=97.1958 | train_acc=0.9465 | test_loss=16.6726 | test_acc=0.9389
2026-05-15 20:05:36,690 | INFO | SpawnProcess-4 | stage2_run5 | Epoch 176 | train_loss=98.0833 | train_acc=0.9437 | test_loss=16.6139 | test_acc=0.9403
2026-05-15 20:05:51,717 | INFO | SpawnProcess-4 | stage2_run5 | Epoch 177 | train_loss=97.3297 | train_acc=0.9456 | test_loss=16.6053 | test_acc=0.9267
2026-05-15 20:06:06,437 | INFO | SpawnProcess-4 | stage2_run5 | Epoch 178 | train_loss=96.1051 | train_acc=0.9501 | test_loss=16.3851 | test_acc=0.9382
2026-05-15 20:06:20,976 | INFO | SpawnProcess-4 | stage2_run5 | Epoch 179 | train_loss=95.1683 | train_acc=0.9522 | test_loss=16.3888 | test_acc=0.9448
2026-05-15 20:06:36,316 | INFO | SpawnProcess-4 | stage2_run5 | Epoch 180 | train_loss=97.1154 | train_acc=0.9439 | test_loss=16.1975 | test_acc=0.9434
2026-05-15 20:06:51,700 | INFO | SpawnProcess-4 | stage2_run5 | Epoch 181 | train_loss=96.0163 | train_acc=0.9484 | test_loss=16.0317 | test_acc=0.9482
2026-05-15 20:07:06,759 | INFO | SpawnProcess-4 | stage2_run5 | Epoch 182 | train_loss=95.4345 | train_acc=0.9500 | test_loss=16.9088 | test_acc=0.9239
2026-05-15 20:07:21,889 | INFO | SpawnProcess-4 | stage2_run5 | Epoch 183 | train_loss=97.8296 | train_acc=0.9412 | test_loss=16.4849 | test_acc=0.9354
2026-05-15 20:07:37,120 | INFO | SpawnProcess-4 | stage2_run5 | Epoch 184 | train_loss=95.8788 | train_acc=0.9488 | test_loss=16.4923 | test_acc=0.9383
2026-05-15 20:07:52,695 | INFO | SpawnProcess-4 | stage2_run5 | Epoch 185 | train_loss=95.0757 | train_acc=0.9520 | test_loss=16.2464 | test_acc=0.9481
2026-05-15 20:08:07,727 | INFO | SpawnProcess-4 | stage2_run5 | Epoch 186 | train_loss=95.9527 | train_acc=0.9479 | test_loss=16.3718 | test_acc=0.9473
2026-05-15 20:08:22,868 | INFO | SpawnProcess-4 | stage2_run5 | Epoch 187 | train_loss=94.5096 | train_acc=0.9545 | test_loss=16.1260 | test_acc=0.9411
2026-05-15 20:08:38,249 | INFO | SpawnProcess-4 | stage2_run5 | Epoch 188 | train_loss=95.2450 | train_acc=0.9509 | test_loss=16.2042 | test_acc=0.9447
2026-05-15 20:08:53,391 | INFO | SpawnProcess-4 | stage2_run5 | Epoch 189 | train_loss=95.5222 | train_acc=0.9494 | test_loss=16.2131 | test_acc=0.9340
2026-05-15 20:09:08,299 | INFO | SpawnProcess-4 | stage2_run5 | Epoch 190 | train_loss=96.1231 | train_acc=0.9475 | test_loss=16.1550 | test_acc=0.9470
2026-05-15 20:09:23,234 | INFO | SpawnProcess-4 | stage2_run5 | Epoch 191 | train_loss=95.5354 | train_acc=0.9503 | test_loss=16.1278 | test_acc=0.9432
2026-05-15 20:09:38,564 | INFO | SpawnProcess-4 | stage2_run5 | Epoch 192 | train_loss=95.4634 | train_acc=0.9497 | test_loss=16.7526 | test_acc=0.9060
2026-05-15 20:09:54,042 | INFO | SpawnProcess-4 | stage2_run5 | Epoch 193 | train_loss=96.4132 | train_acc=0.9456 | test_loss=16.1328 | test_acc=0.9448
2026-05-15 20:10:09,424 | INFO | SpawnProcess-4 | stage2_run5 | Epoch 194 | train_loss=95.1514 | train_acc=0.9510 | test_loss=16.2513 | test_acc=0.9424
2026-05-15 20:10:24,591 | INFO | SpawnProcess-4 | stage2_run5 | Epoch 195 | train_loss=95.7898 | train_acc=0.9484 | test_loss=16.3630 | test_acc=0.9297
2026-05-15 20:10:39,587 | INFO | SpawnProcess-4 | stage2_run5 | Epoch 196 | train_loss=95.5504 | train_acc=0.9493 | test_loss=16.2074 | test_acc=0.9358
2026-05-15 20:10:54,982 | INFO | SpawnProcess-4 | stage2_run5 | Epoch 197 | train_loss=95.6422 | train_acc=0.9498 | test_loss=16.3054 | test_acc=0.9407
2026-05-15 20:11:10,851 | INFO | SpawnProcess-4 | stage2_run5 | Epoch 198 | train_loss=96.1142 | train_acc=0.9475 | test_loss=17.3338 | test_acc=0.9144
2026-05-15 20:11:25,784 | INFO | SpawnProcess-4 | stage2_run5 | Epoch 199 | train_loss=96.4973 | train_acc=0.9457 | test_loss=16.2724 | test_acc=0.9369
2026-05-15 20:11:40,727 | INFO | SpawnProcess-4 | stage2_run5 | Epoch 200 | train_loss=95.0533 | train_acc=0.9517 | test_loss=15.9826 | test_acc=0.9122
2026-05-15 20:11:55,723 | INFO | SpawnProcess-4 | stage2_run5 | Epoch 201 | train_loss=96.3136 | train_acc=0.9460 | test_loss=16.3864 | test_acc=0.9397
2026-05-15 20:12:10,659 | INFO | SpawnProcess-4 | stage2_run5 | Epoch 202 | train_loss=95.4768 | train_acc=0.9496 | test_loss=15.9701 | test_acc=0.9127
2026-05-15 20:12:26,881 | INFO | SpawnProcess-4 | stage2_run5 | Epoch 203 | train_loss=96.1546 | train_acc=0.9465 | test_loss=16.0461 | test_acc=0.9312
2026-05-15 20:12:42,020 | INFO | SpawnProcess-4 | stage2_run5 | Epoch 204 | train_loss=95.5210 | train_acc=0.9492 | test_loss=16.2376 | test_acc=0.9301
2026-05-15 20:12:57,090 | INFO | SpawnProcess-4 | stage2_run5 | Epoch 205 | train_loss=95.3243 | train_acc=0.9498 | test_loss=16.2294 | test_acc=0.9156
2026-05-15 20:13:12,416 | INFO | SpawnProcess-4 | stage2_run5 | Epoch 206 | train_loss=95.4902 | train_acc=0.9484 | test_loss=16.2008 | test_acc=0.9392
2026-05-15 20:13:27,642 | INFO | SpawnProcess-4 | stage2_run5 | Epoch 207 | train_loss=95.9940 | train_acc=0.9469 | test_loss=16.1183 | test_acc=0.9117
2026-05-15 20:13:42,880 | INFO | SpawnProcess-4 | stage2_run5 | Epoch 208 | train_loss=97.3897 | train_acc=0.9407 | test_loss=16.4961 | test_acc=0.9249
2026-05-15 20:13:58,329 | INFO | SpawnProcess-4 | stage2_run5 | Epoch 209 | train_loss=95.0635 | train_acc=0.9504 | test_loss=16.4172 | test_acc=0.9323
2026-05-15 20:14:13,561 | INFO | SpawnProcess-4 | stage2_run5 | Epoch 210 | train_loss=95.4423 | train_acc=0.9495 | test_loss=16.5846 | test_acc=0.9147
2026-05-15 20:14:28,890 | INFO | SpawnProcess-4 | stage2_run5 | Epoch 211 | train_loss=96.2616 | train_acc=0.9450 | test_loss=16.4490 | test_acc=0.9087
2026-05-15 20:14:44,335 | INFO | SpawnProcess-4 | stage2_run5 | Epoch 212 | train_loss=95.3132 | train_acc=0.9487 | test_loss=15.9805 | test_acc=0.9197
2026-05-15 20:14:59,983 | INFO | SpawnProcess-4 | stage2_run5 | Epoch 213 | train_loss=95.1558 | train_acc=0.9493 | test_loss=16.2108 | test_acc=0.9179
2026-05-15 20:15:15,577 | INFO | SpawnProcess-4 | stage2_run5 | Epoch 214 | train_loss=94.2792 | train_acc=0.9535 | test_loss=15.8078 | test_acc=0.9353
2026-05-15 20:15:31,102 | INFO | SpawnProcess-4 | stage2_run5 | Epoch 215 | train_loss=94.1544 | train_acc=0.9541 | test_loss=16.6547 | test_acc=0.8986
2026-05-15 20:15:46,271 | INFO | SpawnProcess-4 | stage2_run5 | Epoch 216 | train_loss=96.1107 | train_acc=0.9455 | test_loss=16.1162 | test_acc=0.8978
2026-05-15 20:16:01,578 | INFO | SpawnProcess-4 | stage2_run5 | Epoch 217 | train_loss=93.9615 | train_acc=0.9544 | test_loss=16.0155 | test_acc=0.9216
2026-05-15 20:16:16,299 | INFO | SpawnProcess-4 | stage2_run5 | Epoch 218 | train_loss=96.0095 | train_acc=0.9464 | test_loss=16.0225 | test_acc=0.9392
2026-05-15 20:16:31,230 | INFO | SpawnProcess-4 | stage2_run5 | Epoch 219 | train_loss=94.2859 | train_acc=0.9518 | test_loss=16.0250 | test_acc=0.9269
2026-05-15 20:16:46,119 | INFO | SpawnProcess-4 | stage2_run5 | Epoch 220 | train_loss=95.6835 | train_acc=0.9470 | test_loss=16.0780 | test_acc=0.9142
2026-05-15 20:17:01,111 | INFO | SpawnProcess-4 | stage2_run5 | Epoch 221 | train_loss=95.5715 | train_acc=0.9472 | test_loss=16.5926 | test_acc=0.9258
2026-05-15 20:17:16,355 | INFO | SpawnProcess-4 | stage2_run5 | Epoch 222 | train_loss=94.0784 | train_acc=0.9535 | test_loss=15.8869 | test_acc=0.9303
2026-05-15 20:17:31,785 | INFO | SpawnProcess-4 | stage2_run5 | Epoch 223 | train_loss=94.4588 | train_acc=0.9515 | test_loss=16.0400 | test_acc=0.9510
2026-05-15 20:17:46,737 | INFO | SpawnProcess-4 | stage2_run5 | Epoch 224 | train_loss=94.5155 | train_acc=0.9517 | test_loss=15.8782 | test_acc=0.9261
2026-05-15 20:18:01,593 | INFO | SpawnProcess-4 | stage2_run5 | Epoch 225 | train_loss=93.6504 | train_acc=0.9546 | test_loss=16.3577 | test_acc=0.9240
2026-05-15 20:18:16,409 | INFO | SpawnProcess-4 | stage2_run5 | Epoch 226 | train_loss=95.3741 | train_acc=0.9481 | test_loss=15.8426 | test_acc=0.9401
2026-05-15 20:18:31,287 | INFO | SpawnProcess-4 | stage2_run5 | Epoch 227 | train_loss=95.0623 | train_acc=0.9492 | test_loss=16.0424 | test_acc=0.9289
2026-05-15 20:18:45,964 | INFO | SpawnProcess-4 | stage2_run5 | Epoch 228 | train_loss=95.1890 | train_acc=0.9487 | test_loss=16.3646 | test_acc=0.9281
2026-05-15 20:19:00,591 | INFO | SpawnProcess-4 | stage2_run5 | Epoch 229 | train_loss=96.0429 | train_acc=0.9456 | test_loss=15.9957 | test_acc=0.9167
2026-05-15 20:19:15,092 | INFO | SpawnProcess-4 | stage2_run5 | Epoch 230 | train_loss=94.3127 | train_acc=0.9519 | test_loss=16.3541 | test_acc=0.9279
2026-05-15 20:19:29,835 | INFO | SpawnProcess-4 | stage2_run5 | Epoch 231 | train_loss=93.1947 | train_acc=0.9559 | test_loss=15.9243 | test_acc=0.9463
2026-05-15 20:19:45,011 | INFO | SpawnProcess-4 | stage2_run5 | Epoch 232 | train_loss=94.1725 | train_acc=0.9514 | test_loss=15.9273 | test_acc=0.9261
2026-05-15 20:20:00,126 | INFO | SpawnProcess-4 | stage2_run5 | Epoch 233 | train_loss=94.1078 | train_acc=0.9518 | test_loss=16.0268 | test_acc=0.9114
2026-05-15 20:20:15,880 | INFO | SpawnProcess-4 | stage2_run5 | Epoch 234 | train_loss=95.2835 | train_acc=0.9474 | test_loss=16.1882 | test_acc=0.9133
2026-05-15 20:20:31,150 | INFO | SpawnProcess-4 | stage2_run5 | Epoch 235 | train_loss=94.8285 | train_acc=0.9500 | test_loss=15.9594 | test_acc=0.9346
2026-05-15 20:20:46,154 | INFO | SpawnProcess-4 | stage2_run5 | Epoch 236 | train_loss=93.6232 | train_acc=0.9538 | test_loss=15.8228 | test_acc=0.9230
2026-05-15 20:21:01,333 | INFO | SpawnProcess-4 | stage2_run5 | Epoch 237 | train_loss=94.9112 | train_acc=0.9482 | test_loss=16.5651 | test_acc=0.9252
2026-05-15 20:21:16,617 | INFO | SpawnProcess-4 | stage2_run5 | Epoch 238 | train_loss=95.7901 | train_acc=0.9451 | test_loss=16.0628 | test_acc=0.9273
2026-05-15 20:21:31,695 | INFO | SpawnProcess-4 | stage2_run5 | Epoch 239 | train_loss=94.3625 | train_acc=0.9508 | test_loss=15.9339 | test_acc=0.9156
2026-05-15 20:21:46,822 | INFO | SpawnProcess-4 | stage2_run5 | Epoch 240 | train_loss=94.6613 | train_acc=0.9489 | test_loss=16.4235 | test_acc=0.9262
2026-05-15 20:22:01,756 | INFO | SpawnProcess-4 | stage2_run5 | Epoch 241 | train_loss=95.2683 | train_acc=0.9468 | test_loss=15.9501 | test_acc=0.9289
2026-05-15 20:22:16,764 | INFO | SpawnProcess-4 | stage2_run5 | Epoch 242 | train_loss=94.1004 | train_acc=0.9515 | test_loss=16.3779 | test_acc=0.9292
2026-05-15 20:22:32,025 | INFO | SpawnProcess-4 | stage2_run5 | Epoch 243 | train_loss=96.2903 | train_acc=0.9422 | test_loss=15.9409 | test_acc=0.9352
2026-05-15 20:22:46,782 | INFO | SpawnProcess-4 | stage2_run5 | Epoch 244 | train_loss=93.9803 | train_acc=0.9504 | test_loss=15.9400 | test_acc=0.9224
2026-05-15 20:23:01,839 | INFO | SpawnProcess-4 | stage2_run5 | Epoch 245 | train_loss=94.1307 | train_acc=0.9495 | test_loss=15.9703 | test_acc=0.9370
2026-05-15 20:23:16,812 | INFO | SpawnProcess-4 | stage2_run5 | Epoch 246 | train_loss=94.2821 | train_acc=0.9498 | test_loss=15.8575 | test_acc=0.9466
2026-05-15 20:23:31,814 | INFO | SpawnProcess-4 | stage2_run5 | Epoch 247 | train_loss=93.3793 | train_acc=0.9537 | test_loss=16.0277 | test_acc=0.9425
2026-05-15 20:23:46,676 | INFO | SpawnProcess-4 | stage2_run5 | Epoch 248 | train_loss=94.2161 | train_acc=0.9502 | test_loss=16.0174 | test_acc=0.9325
2026-05-15 20:24:02,097 | INFO | SpawnProcess-4 | stage2_run5 | Epoch 249 | train_loss=93.3165 | train_acc=0.9534 | test_loss=15.8511 | test_acc=0.9404
2026-05-15 20:24:16,836 | INFO | SpawnProcess-4 | stage2_run5 | Epoch 250 | train_loss=94.5856 | train_acc=0.9483 | test_loss=16.0201 | test_acc=0.9409
2026-05-15 20:24:31,971 | INFO | SpawnProcess-4 | stage2_run5 | Epoch 251 | train_loss=94.2078 | train_acc=0.9494 | test_loss=16.1153 | test_acc=0.9193
2026-05-15 20:24:47,051 | INFO | SpawnProcess-4 | stage2_run5 | Epoch 252 | train_loss=94.0067 | train_acc=0.9502 | test_loss=15.8607 | test_acc=0.9365
2026-05-15 20:25:02,069 | INFO | SpawnProcess-4 | stage2_run5 | Epoch 253 | train_loss=93.0084 | train_acc=0.9536 | test_loss=15.6785 | test_acc=0.9396
2026-05-15 20:25:16,779 | INFO | SpawnProcess-4 | stage2_run5 | Epoch 254 | train_loss=94.1613 | train_acc=0.9496 | test_loss=15.9438 | test_acc=0.9183
2026-05-15 20:25:31,350 | INFO | SpawnProcess-4 | stage2_run5 | Epoch 255 | train_loss=93.3612 | train_acc=0.9523 | test_loss=15.9612 | test_acc=0.9385
2026-05-15 20:25:45,916 | INFO | SpawnProcess-4 | stage2_run5 | Epoch 256 | train_loss=92.2215 | train_acc=0.9570 | test_loss=15.9935 | test_acc=0.9369
2026-05-15 20:26:00,873 | INFO | SpawnProcess-4 | stage2_run5 | Epoch 257 | train_loss=93.5268 | train_acc=0.9517 | test_loss=15.7954 | test_acc=0.9347
2026-05-15 20:26:16,105 | INFO | SpawnProcess-4 | stage2_run5 | Epoch 258 | train_loss=94.0317 | train_acc=0.9497 | test_loss=15.8589 | test_acc=0.9126
2026-05-15 20:26:31,244 | INFO | SpawnProcess-4 | stage2_run5 | Epoch 259 | train_loss=92.4202 | train_acc=0.9556 | test_loss=15.9650 | test_acc=0.9329
2026-05-15 20:26:46,221 | INFO | SpawnProcess-4 | stage2_run5 | Epoch 260 | train_loss=93.4937 | train_acc=0.9518 | test_loss=15.8879 | test_acc=0.9443
2026-05-15 20:27:01,032 | INFO | SpawnProcess-4 | stage2_run5 | Epoch 261 | train_loss=92.9566 | train_acc=0.9536 | test_loss=15.5667 | test_acc=0.9311
2026-05-15 20:27:15,438 | INFO | SpawnProcess-4 | stage2_run5 | Epoch 262 | train_loss=92.7585 | train_acc=0.9544 | test_loss=15.8082 | test_acc=0.9106
2026-05-15 20:27:30,641 | INFO | SpawnProcess-4 | stage2_run5 | Epoch 263 | train_loss=94.2541 | train_acc=0.9489 | test_loss=15.9837 | test_acc=0.9260
2026-05-15 20:27:45,751 | INFO | SpawnProcess-4 | stage2_run5 | Epoch 264 | train_loss=95.1000 | train_acc=0.9446 | test_loss=16.2641 | test_acc=0.9316
2026-05-15 20:28:00,362 | INFO | SpawnProcess-4 | stage2_run5 | Epoch 265 | train_loss=94.0458 | train_acc=0.9497 | test_loss=16.1882 | test_acc=0.9334
2026-05-15 20:28:15,237 | INFO | SpawnProcess-4 | stage2_run5 | Epoch 266 | train_loss=94.8356 | train_acc=0.9467 | test_loss=15.7916 | test_acc=0.9283
2026-05-15 20:28:30,129 | INFO | SpawnProcess-4 | stage2_run5 | Epoch 267 | train_loss=93.9056 | train_acc=0.9495 | test_loss=15.8493 | test_acc=0.9465
2026-05-15 20:28:44,882 | INFO | SpawnProcess-4 | stage2_run5 | Epoch 268 | train_loss=94.8470 | train_acc=0.9468 | test_loss=15.9688 | test_acc=0.9295
2026-05-15 20:28:59,966 | INFO | SpawnProcess-4 | stage2_run5 | Epoch 269 | train_loss=94.1404 | train_acc=0.9496 | test_loss=15.8279 | test_acc=0.9124
2026-05-15 20:29:15,336 | INFO | SpawnProcess-4 | stage2_run5 | Epoch 270 | train_loss=93.0813 | train_acc=0.9527 | test_loss=15.8391 | test_acc=0.9286
2026-05-15 20:29:30,296 | INFO | SpawnProcess-4 | stage2_run5 | Epoch 271 | train_loss=94.3687 | train_acc=0.9478 | test_loss=15.8820 | test_acc=0.9212
2026-05-15 20:29:44,985 | INFO | SpawnProcess-4 | stage2_run5 | Epoch 272 | train_loss=93.5879 | train_acc=0.9512 | test_loss=16.2969 | test_acc=0.9143
2026-05-15 20:30:00,287 | INFO | SpawnProcess-4 | stage2_run5 | Epoch 273 | train_loss=94.6544 | train_acc=0.9466 | test_loss=16.3659 | test_acc=0.9131
2026-05-15 20:30:14,907 | INFO | SpawnProcess-4 | stage2_run5 | Epoch 274 | train_loss=94.1528 | train_acc=0.9494 | test_loss=15.7362 | test_acc=0.9480
2026-05-15 20:30:29,384 | INFO | SpawnProcess-4 | stage2_run5 | Epoch 275 | train_loss=92.9034 | train_acc=0.9534 | test_loss=16.1600 | test_acc=0.9327
2026-05-15 20:30:44,575 | INFO | SpawnProcess-4 | stage2_run5 | Epoch 276 | train_loss=93.1704 | train_acc=0.9526 | test_loss=16.0423 | test_acc=0.9183
2026-05-15 20:30:59,329 | INFO | SpawnProcess-4 | stage2_run5 | Epoch 277 | train_loss=93.9892 | train_acc=0.9490 | test_loss=15.9466 | test_acc=0.9421
2026-05-15 20:31:14,138 | INFO | SpawnProcess-4 | stage2_run5 | Epoch 278 | train_loss=94.3609 | train_acc=0.9481 | test_loss=16.1878 | test_acc=0.9279
2026-05-15 20:31:29,189 | INFO | SpawnProcess-4 | stage2_run5 | Epoch 279 | train_loss=93.8456 | train_acc=0.9498 | test_loss=16.4045 | test_acc=0.9188
2026-05-15 20:31:43,891 | INFO | SpawnProcess-4 | stage2_run5 | Epoch 280 | train_loss=93.8937 | train_acc=0.9501 | test_loss=16.8316 | test_acc=0.9149
2026-05-15 20:31:58,637 | INFO | SpawnProcess-4 | stage2_run5 | Epoch 281 | train_loss=93.8445 | train_acc=0.9493 | test_loss=15.9424 | test_acc=0.9113
2026-05-15 20:32:13,615 | INFO | SpawnProcess-4 | stage2_run5 | Epoch 282 | train_loss=93.0059 | train_acc=0.9527 | test_loss=15.9503 | test_acc=0.9441
2026-05-15 20:32:28,648 | INFO | SpawnProcess-4 | stage2_run5 | Epoch 283 | train_loss=92.4564 | train_acc=0.9541 | test_loss=15.7341 | test_acc=0.9373
2026-05-15 20:32:43,739 | INFO | SpawnProcess-4 | stage2_run5 | Epoch 284 | train_loss=92.8043 | train_acc=0.9535 | test_loss=15.7832 | test_acc=0.9391
2026-05-15 20:32:58,927 | INFO | SpawnProcess-4 | stage2_run5 | Epoch 285 | train_loss=93.7046 | train_acc=0.9497 | test_loss=15.8156 | test_acc=0.9309
2026-05-15 20:33:13,782 | INFO | SpawnProcess-4 | stage2_run5 | Epoch 286 | train_loss=94.0121 | train_acc=0.9485 | test_loss=15.7435 | test_acc=0.9368
2026-05-15 20:33:28,466 | INFO | SpawnProcess-4 | stage2_run5 | Epoch 287 | train_loss=93.1347 | train_acc=0.9514 | test_loss=15.7013 | test_acc=0.9313
2026-05-15 20:33:43,744 | INFO | SpawnProcess-4 | stage2_run5 | Epoch 288 | train_loss=92.5016 | train_acc=0.9542 | test_loss=15.8357 | test_acc=0.9377
2026-05-15 20:33:58,901 | INFO | SpawnProcess-4 | stage2_run5 | Epoch 289 | train_loss=92.4390 | train_acc=0.9541 | test_loss=15.6891 | test_acc=0.9485
2026-05-15 20:34:13,469 | INFO | SpawnProcess-4 | stage2_run5 | Epoch 290 | train_loss=92.0714 | train_acc=0.9546 | test_loss=15.8056 | test_acc=0.9314
2026-05-15 20:34:27,772 | INFO | SpawnProcess-4 | stage2_run5 | Epoch 291 | train_loss=92.1006 | train_acc=0.9546 | test_loss=15.5004 | test_acc=0.9424
2026-05-15 20:34:42,305 | INFO | SpawnProcess-4 | stage2_run5 | Epoch 292 | train_loss=91.6341 | train_acc=0.9567 | test_loss=15.9036 | test_acc=0.9413
2026-05-15 20:34:57,558 | INFO | SpawnProcess-4 | stage2_run5 | Epoch 293 | train_loss=92.6292 | train_acc=0.9522 | test_loss=16.1888 | test_acc=0.9300
2026-05-15 20:35:12,532 | INFO | SpawnProcess-4 | stage2_run5 | Epoch 294 | train_loss=95.0399 | train_acc=0.9435 | test_loss=15.9476 | test_acc=0.9231
2026-05-15 20:35:27,246 | INFO | SpawnProcess-4 | stage2_run5 | Epoch 295 | train_loss=92.8865 | train_acc=0.9517 | test_loss=15.6804 | test_acc=0.9479
2026-05-15 20:35:42,232 | INFO | SpawnProcess-4 | stage2_run5 | Epoch 296 | train_loss=92.8793 | train_acc=0.9513 | test_loss=15.7703 | test_acc=0.9321
2026-05-15 20:35:57,003 | INFO | SpawnProcess-4 | stage2_run5 | Epoch 297 | train_loss=92.5957 | train_acc=0.9532 | test_loss=15.9011 | test_acc=0.9450
2026-05-15 20:36:11,600 | INFO | SpawnProcess-4 | stage2_run5 | Epoch 298 | train_loss=93.8894 | train_acc=0.9480 | test_loss=16.4730 | test_acc=0.8941
2026-05-15 20:36:26,701 | INFO | SpawnProcess-4 | stage2_run5 | Epoch 299 | train_loss=93.7153 | train_acc=0.9486 | test_loss=16.0440 | test_acc=0.9309
2026-05-15 20:36:42,041 | INFO | SpawnProcess-4 | stage2_run5 | Epoch 300 | train_loss=93.1065 | train_acc=0.9502 | test_loss=15.6042 | test_acc=0.9376
2026-05-15 20:36:53,515 | INFO | SpawnProcess-4 | stage2_run5 | Final train_eval_loss=91.1111 | train_eval_acc=0.9419
2026-05-15 20:36:53,526 | INFO | SpawnProcess-4 | stage2_run5 | complete
2026-05-15 20:36:53,537 | INFO | Completed stage2_run5 on GPU 4
2026-05-15 20:36:57,266 | INFO | Final | Stage-1 test acc mean/std: 0.9192 / 0.0287 | Stage-2: 0.9480 / 0.0091 | RNN copied: 0.8063 / 0.0731 | LSTM copied: 0.9684 / 0.0014
2026-05-15 20:36:57,266 | INFO | GFR per-seed rerun complete
