Loaded 844 biological neurons from model/best_params.pickle (bin_size=20, activation_bin_size=20, evr>0.7).
Launching 15 task(s) with 7 worker(s): ['cuda:0', 'cuda:1', 'cuda:2', 'cuda:4', 'cuda:5', 'cuda:6', 'cuda:7']
Started random run 2 | seed=1235 | device=cuda:1 | trainable_params=22538 | total_params=23184
Started random run 1 | seed=1234 | device=cuda:0 | trainable_params=22538 | total_params=23184
Started random run 3 | seed=1236 | device=cuda:2 | trainable_params=22538 | total_params=23184
Started random run 4 | seed=1237 | device=cuda:4 | trainable_params=22538 | total_params=23184
Started random run 5 | seed=1238 | device=cuda:5 | trainable_params=22538 | total_params=23184
Started bio_trainable run 1 | seed=1234 | device=cuda:6 | trainable_params=23562 | total_params=24212
Started bio_trainable run 2 | seed=1235 | device=cuda:7 | trainable_params=23562 | total_params=24212
Epoch 001/300 | train_loss=271.7633 | train_acc=0.0994 | test_loss=46.0411 | test_acc=0.1028
Epoch 001/300 | train_loss=204.5240 | train_acc=0.3893 | test_loss=23.3349 | test_acc=0.3049
Epoch 001/300 | train_loss=190.9859 | train_acc=0.4278 | test_loss=21.3601 | test_acc=0.3437
Epoch 001/300 | train_loss=197.6979 | train_acc=0.4033 | test_loss=22.5280 | test_acc=0.2611
Epoch 001/300 | train_loss=204.2311 | train_acc=0.3735 | test_loss=23.2466 | test_acc=0.3317
Epoch 001/300 | train_loss=202.7905 | train_acc=0.3835 | test_loss=24.5226 | test_acc=0.2522
Epoch 001/300 | train_loss=271.7663 | train_acc=0.1006 | test_loss=46.0351 | test_acc=0.1010
Epoch 002/300 | train_loss=271.5976 | train_acc=0.1074 | test_loss=46.0256 | test_acc=0.1135
Epoch 002/300 | train_loss=108.6216 | train_acc=0.6514 | test_loss=15.6705 | test_acc=0.4490
Epoch 002/300 | train_loss=110.1274 | train_acc=0.6633 | test_loss=15.5138 | test_acc=0.3462
Epoch 002/300 | train_loss=128.1562 | train_acc=0.5979 | test_loss=19.4136 | test_acc=0.2575
Epoch 002/300 | train_loss=103.0981 | train_acc=0.6926 | test_loss=13.7791 | test_acc=0.4189
Epoch 002/300 | train_loss=109.0962 | train_acc=0.6726 | test_loss=14.3949 | test_acc=0.4655
Epoch 002/300 | train_loss=271.5962 | train_acc=0.1104 | test_loss=46.0222 | test_acc=0.1135
Epoch 003/300 | train_loss=271.5599 | train_acc=0.1124 | test_loss=46.0212 | test_acc=0.1135
Epoch 003/300 | train_loss=81.6055 | train_acc=0.7438 | test_loss=12.7348 | test_acc=0.4777
Epoch 003/300 | train_loss=77.7040 | train_acc=0.7807 | test_loss=10.6620 | test_acc=0.4000
Epoch 003/300 | train_loss=72.9464 | train_acc=0.8094 | test_loss=9.7109 | test_acc=0.6063
Epoch 003/300 | train_loss=69.8977 | train_acc=0.8115 | test_loss=10.2528 | test_acc=0.4198
Epoch 003/300 | train_loss=103.0188 | train_acc=0.6875 | test_loss=15.4071 | test_acc=0.2942
Epoch 003/300 | train_loss=271.5542 | train_acc=0.1124 | test_loss=46.0202 | test_acc=0.1135
Epoch 004/300 | train_loss=65.8370 | train_acc=0.8135 | test_loss=11.9749 | test_acc=0.5211
Epoch 004/300 | train_loss=51.5592 | train_acc=0.8740 | test_loss=7.0821 | test_acc=0.6483
Epoch 004/300 | train_loss=271.5503 | train_acc=0.1124 | test_loss=46.0200 | test_acc=0.1135
Epoch 004/300 | train_loss=54.6461 | train_acc=0.8633 | test_loss=8.3195 | test_acc=0.4883
Epoch 004/300 | train_loss=86.0734 | train_acc=0.7468 | test_loss=12.8174 | test_acc=0.3957
Epoch 004/300 | train_loss=51.5658 | train_acc=0.8711 | test_loss=8.5077 | test_acc=0.5679
Epoch 005/300 | train_loss=49.8017 | train_acc=0.8761 | test_loss=7.1121 | test_acc=0.6822
Epoch 004/300 | train_loss=271.5456 | train_acc=0.1124 | test_loss=46.0196 | test_acc=0.1135
Epoch 005/300 | train_loss=38.6556 | train_acc=0.9086 | test_loss=5.8697 | test_acc=0.6863
Epoch 005/300 | train_loss=271.5359 | train_acc=0.1124 | test_loss=46.0195 | test_acc=0.1135
Epoch 005/300 | train_loss=42.5659 | train_acc=0.8950 | test_loss=6.2321 | test_acc=0.5745
Epoch 005/300 | train_loss=69.6900 | train_acc=0.8090 | test_loss=10.3468 | test_acc=0.4031
Epoch 005/300 | train_loss=41.3407 | train_acc=0.8988 | test_loss=6.3985 | test_acc=0.5826
Epoch 005/300 | train_loss=271.5383 | train_acc=0.1124 | test_loss=46.0193 | test_acc=0.1135
Epoch 006/300 | train_loss=39.3953 | train_acc=0.9046 | test_loss=6.6946 | test_acc=0.6246
Epoch 006/300 | train_loss=271.5494 | train_acc=0.1124 | test_loss=46.0193 | test_acc=0.1135
Epoch 006/300 | train_loss=32.1820 | train_acc=0.9248 | test_loss=4.7858 | test_acc=0.7093
Epoch 006/300 | train_loss=36.4199 | train_acc=0.9105 | test_loss=5.8608 | test_acc=0.6483
Epoch 006/300 | train_loss=57.7397 | train_acc=0.8515 | test_loss=9.2871 | test_acc=0.5466
Epoch 006/300 | train_loss=35.2242 | train_acc=0.9145 | test_loss=5.5223 | test_acc=0.6005
Epoch 007/300 | train_loss=33.4549 | train_acc=0.9198 | test_loss=5.2480 | test_acc=0.7375
Epoch 006/300 | train_loss=271.5390 | train_acc=0.1124 | test_loss=46.0191 | test_acc=0.1135
Epoch 007/300 | train_loss=271.5462 | train_acc=0.1124 | test_loss=46.0193 | test_acc=0.1135
Epoch 007/300 | train_loss=27.1403 | train_acc=0.9358 | test_loss=4.7895 | test_acc=0.6908
Epoch 007/300 | train_loss=33.8595 | train_acc=0.9169 | test_loss=4.7394 | test_acc=0.5990
Epoch 007/300 | train_loss=49.5045 | train_acc=0.8765 | test_loss=7.4782 | test_acc=0.5141
Epoch 008/300 | train_loss=29.5908 | train_acc=0.9277 | test_loss=5.1876 | test_acc=0.7627
Epoch 007/300 | train_loss=32.1306 | train_acc=0.9216 | test_loss=4.8354 | test_acc=0.6132
Epoch 007/300 | train_loss=271.5505 | train_acc=0.1124 | test_loss=46.0195 | test_acc=0.1135
Epoch 008/300 | train_loss=25.7449 | train_acc=0.9388 | test_loss=3.9503 | test_acc=0.7568
Epoch 008/300 | train_loss=271.5445 | train_acc=0.1124 | test_loss=46.0195 | test_acc=0.1135
Epoch 008/300 | train_loss=29.4489 | train_acc=0.9283 | test_loss=4.7910 | test_acc=0.6073
Epoch 009/300 | train_loss=25.5666 | train_acc=0.9381 | test_loss=4.2883 | test_acc=0.7772
Epoch 008/300 | train_loss=42.2703 | train_acc=0.8960 | test_loss=7.4340 | test_acc=0.5296
Epoch 008/300 | train_loss=28.3421 | train_acc=0.9315 | test_loss=4.5054 | test_acc=0.6005
Epoch 009/300 | train_loss=22.7668 | train_acc=0.9466 | test_loss=3.4384 | test_acc=0.7803
Epoch 008/300 | train_loss=271.5429 | train_acc=0.1124 | test_loss=46.0190 | test_acc=0.1135
Epoch 009/300 | train_loss=271.5449 | train_acc=0.1124 | test_loss=46.0194 | test_acc=0.1135
Epoch 009/300 | train_loss=28.0582 | train_acc=0.9317 | test_loss=4.4360 | test_acc=0.6512
Epoch 010/300 | train_loss=23.3727 | train_acc=0.9441 | test_loss=4.5334 | test_acc=0.8453
Epoch 009/300 | train_loss=38.1004 | train_acc=0.9060 | test_loss=5.7198 | test_acc=0.5574
Epoch 009/300 | train_loss=26.8686 | train_acc=0.9355 | test_loss=4.7745 | test_acc=0.6325
Epoch 010/300 | train_loss=21.3046 | train_acc=0.9499 | test_loss=3.5729 | test_acc=0.7950
Epoch 009/300 | train_loss=271.5409 | train_acc=0.1124 | test_loss=46.0192 | test_acc=0.1135
Epoch 011/300 | train_loss=21.2758 | train_acc=0.9484 | test_loss=3.7909 | test_acc=0.8428
Epoch 010/300 | train_loss=26.5248 | train_acc=0.9353 | test_loss=4.6241 | test_acc=0.5722
Epoch 010/300 | train_loss=32.9037 | train_acc=0.9204 | test_loss=5.7525 | test_acc=0.5042
Epoch 010/300 | train_loss=271.5471 | train_acc=0.1124 | test_loss=46.0190 | test_acc=0.1135
Epoch 010/300 | train_loss=26.0001 | train_acc=0.9363 | test_loss=4.7373 | test_acc=0.5586
Epoch 011/300 | train_loss=19.7887 | train_acc=0.9530 | test_loss=3.3500 | test_acc=0.8000
Epoch 012/300 | train_loss=20.4826 | train_acc=0.9505 | test_loss=3.9200 | test_acc=0.8129
Epoch 010/300 | train_loss=271.5526 | train_acc=0.1124 | test_loss=46.0190 | test_acc=0.1135
Epoch 011/300 | train_loss=25.2498 | train_acc=0.9375 | test_loss=4.4474 | test_acc=0.6490
Epoch 011/300 | train_loss=271.5394 | train_acc=0.1124 | test_loss=46.0188 | test_acc=0.1135
Epoch 011/300 | train_loss=30.9815 | train_acc=0.9235 | test_loss=6.4490 | test_acc=0.6039
Epoch 011/300 | train_loss=23.7400 | train_acc=0.9419 | test_loss=3.9045 | test_acc=0.7073
Epoch 013/300 | train_loss=17.9675 | train_acc=0.9566 | test_loss=3.3872 | test_acc=0.7841
Epoch 012/300 | train_loss=18.9992 | train_acc=0.9555 | test_loss=3.4713 | test_acc=0.7947
Epoch 012/300 | train_loss=28.4334 | train_acc=0.9306 | test_loss=5.1198 | test_acc=0.6573
Epoch 012/300 | train_loss=23.3611 | train_acc=0.9419 | test_loss=4.2390 | test_acc=0.6371
Epoch 011/300 | train_loss=271.5384 | train_acc=0.1124 | test_loss=46.0195 | test_acc=0.1135
Epoch 012/300 | train_loss=271.5426 | train_acc=0.1124 | test_loss=46.0194 | test_acc=0.1135
Epoch 012/300 | train_loss=22.0962 | train_acc=0.9465 | test_loss=3.7263 | test_acc=0.6955
Epoch 014/300 | train_loss=17.1429 | train_acc=0.9588 | test_loss=3.8469 | test_acc=0.8057
Epoch 013/300 | train_loss=17.9112 | train_acc=0.9576 | test_loss=2.8140 | test_acc=0.8089
Epoch 013/300 | train_loss=26.9142 | train_acc=0.9343 | test_loss=4.5619 | test_acc=0.6042
Epoch 013/300 | train_loss=22.0311 | train_acc=0.9458 | test_loss=4.3143 | test_acc=0.5912
Epoch 013/300 | train_loss=271.5411 | train_acc=0.1124 | test_loss=46.0195 | test_acc=0.1135
Epoch 012/300 | train_loss=271.5385 | train_acc=0.1124 | test_loss=46.0193 | test_acc=0.1135
Epoch 013/300 | train_loss=21.4555 | train_acc=0.9478 | test_loss=4.2223 | test_acc=0.6750
Epoch 015/300 | train_loss=16.1524 | train_acc=0.9607 | test_loss=3.1757 | test_acc=0.8456
Epoch 014/300 | train_loss=15.8209 | train_acc=0.9625 | test_loss=2.9215 | test_acc=0.8931
Epoch 014/300 | train_loss=21.6836 | train_acc=0.9460 | test_loss=3.5742 | test_acc=0.6706
Epoch 014/300 | train_loss=271.5361 | train_acc=0.1124 | test_loss=46.0196 | test_acc=0.1135
Epoch 016/300 | train_loss=15.8428 | train_acc=0.9614 | test_loss=3.6599 | test_acc=0.8546
Epoch 014/300 | train_loss=25.5020 | train_acc=0.9373 | test_loss=4.4389 | test_acc=0.5948
Epoch 013/300 | train_loss=271.5411 | train_acc=0.1124 | test_loss=46.0194 | test_acc=0.1135
Epoch 014/300 | train_loss=20.5378 | train_acc=0.9500 | test_loss=3.5051 | test_acc=0.6893
Epoch 015/300 | train_loss=15.6529 | train_acc=0.9627 | test_loss=3.4601 | test_acc=0.7939
Epoch 015/300 | train_loss=271.5423 | train_acc=0.1124 | test_loss=46.0188 | test_acc=0.1135
Epoch 017/300 | train_loss=15.8175 | train_acc=0.9610 | test_loss=2.5237 | test_acc=0.8664
Epoch 015/300 | train_loss=23.2484 | train_acc=0.9435 | test_loss=4.1715 | test_acc=0.6194
Epoch 015/300 | train_loss=19.9515 | train_acc=0.9504 | test_loss=4.0790 | test_acc=0.6547
Epoch 014/300 | train_loss=271.5363 | train_acc=0.1124 | test_loss=46.0194 | test_acc=0.1135
Epoch 015/300 | train_loss=18.9269 | train_acc=0.9545 | test_loss=3.4203 | test_acc=0.6175
Epoch 016/300 | train_loss=14.8711 | train_acc=0.9643 | test_loss=2.9789 | test_acc=0.8231
Epoch 018/300 | train_loss=14.1880 | train_acc=0.9651 | test_loss=2.8084 | test_acc=0.8159
Epoch 016/300 | train_loss=271.5404 | train_acc=0.1124 | test_loss=46.0193 | test_acc=0.1135
Epoch 016/300 | train_loss=20.0772 | train_acc=0.9514 | test_loss=3.7236 | test_acc=0.7291
Epoch 015/300 | train_loss=271.5372 | train_acc=0.1124 | test_loss=46.0192 | test_acc=0.1135
Epoch 016/300 | train_loss=21.8380 | train_acc=0.9474 | test_loss=4.0473 | test_acc=0.6451
Epoch 016/300 | train_loss=18.3708 | train_acc=0.9553 | test_loss=3.0658 | test_acc=0.6501
Epoch 017/300 | train_loss=14.5681 | train_acc=0.9654 | test_loss=2.6409 | test_acc=0.8427
Epoch 019/300 | train_loss=13.5804 | train_acc=0.9676 | test_loss=3.1896 | test_acc=0.8812
Epoch 017/300 | train_loss=19.0776 | train_acc=0.9530 | test_loss=3.8600 | test_acc=0.6972
Epoch 017/300 | train_loss=271.5483 | train_acc=0.1124 | test_loss=46.0192 | test_acc=0.1135
Epoch 017/300 | train_loss=21.7095 | train_acc=0.9464 | test_loss=5.6109 | test_acc=0.6141
Epoch 017/300 | train_loss=17.1976 | train_acc=0.9576 | test_loss=3.3684 | test_acc=0.7375
Epoch 016/300 | train_loss=271.5386 | train_acc=0.1124 | test_loss=46.0193 | test_acc=0.1135
Epoch 018/300 | train_loss=14.7735 | train_acc=0.9648 | test_loss=3.2298 | test_acc=0.8335
Epoch 020/300 | train_loss=13.2006 | train_acc=0.9675 | test_loss=2.5646 | test_acc=0.8692
Epoch 018/300 | train_loss=18.6394 | train_acc=0.9543 | test_loss=3.6052 | test_acc=0.7114
Epoch 018/300 | train_loss=271.5393 | train_acc=0.1124 | test_loss=46.0192 | test_acc=0.1135
Epoch 018/300 | train_loss=20.5779 | train_acc=0.9499 | test_loss=3.4664 | test_acc=0.7301
Epoch 018/300 | train_loss=17.7762 | train_acc=0.9574 | test_loss=3.2847 | test_acc=0.7139
Epoch 017/300 | train_loss=271.5407 | train_acc=0.1124 | test_loss=46.0194 | test_acc=0.1135
Epoch 021/300 | train_loss=12.1672 | train_acc=0.9699 | test_loss=2.5243 | test_acc=0.8629
Epoch 019/300 | train_loss=13.2079 | train_acc=0.9687 | test_loss=2.6252 | test_acc=0.8551
Epoch 019/300 | train_loss=17.1513 | train_acc=0.9582 | test_loss=3.3406 | test_acc=0.7028
Epoch 019/300 | train_loss=19.7080 | train_acc=0.9524 | test_loss=3.4419 | test_acc=0.7462
Epoch 019/300 | train_loss=271.5442 | train_acc=0.1124 | test_loss=46.0194 | test_acc=0.1135
Epoch 019/300 | train_loss=16.7945 | train_acc=0.9594 | test_loss=3.4261 | test_acc=0.6188
Epoch 018/300 | train_loss=271.5445 | train_acc=0.1124 | test_loss=46.0192 | test_acc=0.1135
Epoch 022/300 | train_loss=12.2070 | train_acc=0.9704 | test_loss=2.4253 | test_acc=0.8862
Epoch 020/300 | train_loss=16.8805 | train_acc=0.9583 | test_loss=3.7043 | test_acc=0.6823
Epoch 020/300 | train_loss=12.2420 | train_acc=0.9705 | test_loss=2.5827 | test_acc=0.8053
Epoch 020/300 | train_loss=19.1382 | train_acc=0.9536 | test_loss=3.4999 | test_acc=0.6732
Epoch 020/300 | train_loss=271.5407 | train_acc=0.1124 | test_loss=46.0197 | test_acc=0.1135
Epoch 020/300 | train_loss=16.2121 | train_acc=0.9596 | test_loss=3.4070 | test_acc=0.8144
Epoch 023/300 | train_loss=11.6066 | train_acc=0.9713 | test_loss=2.2279 | test_acc=0.8863
Epoch 019/300 | train_loss=271.5454 | train_acc=0.1124 | test_loss=46.0194 | test_acc=0.1135
Epoch 021/300 | train_loss=17.1438 | train_acc=0.9574 | test_loss=3.6250 | test_acc=0.5744
Epoch 021/300 | train_loss=12.7285 | train_acc=0.9694 | test_loss=2.4089 | test_acc=0.7983
Epoch 021/300 | train_loss=18.5096 | train_acc=0.9545 | test_loss=3.6863 | test_acc=0.7388
Epoch 021/300 | train_loss=271.5416 | train_acc=0.1124 | test_loss=46.0193 | test_acc=0.1135
Epoch 024/300 | train_loss=11.2775 | train_acc=0.9722 | test_loss=2.5864 | test_acc=0.8706
Epoch 021/300 | train_loss=14.9651 | train_acc=0.9638 | test_loss=2.7721 | test_acc=0.6448
Epoch 020/300 | train_loss=271.5392 | train_acc=0.1124 | test_loss=46.0193 | test_acc=0.1135
Epoch 022/300 | train_loss=11.9874 | train_acc=0.9713 | test_loss=2.6444 | test_acc=0.8652
Epoch 022/300 | train_loss=17.6261 | train_acc=0.9569 | test_loss=3.5898 | test_acc=0.6380
Epoch 022/300 | train_loss=17.6824 | train_acc=0.9566 | test_loss=3.1487 | test_acc=0.7940
Epoch 022/300 | train_loss=14.3846 | train_acc=0.9653 | test_loss=3.2706 | test_acc=0.6708
Epoch 025/300 | train_loss=11.5498 | train_acc=0.9722 | test_loss=2.3994 | test_acc=0.8674
Epoch 022/300 | train_loss=271.5485 | train_acc=0.1124 | test_loss=46.0195 | test_acc=0.1135
Epoch 021/300 | train_loss=271.5434 | train_acc=0.1124 | test_loss=46.0189 | test_acc=0.1135
Epoch 023/300 | train_loss=11.8563 | train_acc=0.9711 | test_loss=2.7417 | test_acc=0.8638
Epoch 023/300 | train_loss=16.5451 | train_acc=0.9595 | test_loss=3.1211 | test_acc=0.6933
Epoch 023/300 | train_loss=14.2392 | train_acc=0.9657 | test_loss=2.7327 | test_acc=0.7265
Epoch 026/300 | train_loss=10.6321 | train_acc=0.9737 | test_loss=2.3251 | test_acc=0.8718
Epoch 023/300 | train_loss=16.6402 | train_acc=0.9593 | test_loss=3.2100 | test_acc=0.7894
Epoch 023/300 | train_loss=271.5427 | train_acc=0.1124 | test_loss=46.0197 | test_acc=0.1135
Epoch 024/300 | train_loss=11.4103 | train_acc=0.9725 | test_loss=2.2026 | test_acc=0.8389
Epoch 022/300 | train_loss=271.5453 | train_acc=0.1124 | test_loss=46.0190 | test_acc=0.1135
Epoch 024/300 | train_loss=15.9894 | train_acc=0.9607 | test_loss=3.3139 | test_acc=0.7476
Epoch 027/300 | train_loss=10.6011 | train_acc=0.9742 | test_loss=2.3325 | test_acc=0.8863
Epoch 024/300 | train_loss=14.2162 | train_acc=0.9648 | test_loss=2.5096 | test_acc=0.7006
Epoch 024/300 | train_loss=271.5408 | train_acc=0.1124 | test_loss=46.0196 | test_acc=0.1135
Epoch 024/300 | train_loss=16.4926 | train_acc=0.9595 | test_loss=3.4926 | test_acc=0.7429
Epoch 025/300 | train_loss=10.6727 | train_acc=0.9742 | test_loss=2.4579 | test_acc=0.8255
Epoch 023/300 | train_loss=271.5414 | train_acc=0.1124 | test_loss=46.0196 | test_acc=0.1135
Epoch 025/300 | train_loss=15.6950 | train_acc=0.9618 | test_loss=3.4687 | test_acc=0.5961
Epoch 028/300 | train_loss=10.1721 | train_acc=0.9748 | test_loss=3.7505 | test_acc=0.7811
Epoch 025/300 | train_loss=16.2916 | train_acc=0.9599 | test_loss=3.0048 | test_acc=0.7626
Epoch 025/300 | train_loss=14.1940 | train_acc=0.9648 | test_loss=3.1063 | test_acc=0.6586
Epoch 025/300 | train_loss=271.5387 | train_acc=0.1124 | test_loss=46.0193 | test_acc=0.1135
Epoch 026/300 | train_loss=11.0327 | train_acc=0.9728 | test_loss=2.6449 | test_acc=0.8188
Epoch 026/300 | train_loss=15.2419 | train_acc=0.9619 | test_loss=3.0295 | test_acc=0.7199
Epoch 024/300 | train_loss=271.5486 | train_acc=0.1124 | test_loss=46.0193 | test_acc=0.1135
Epoch 029/300 | train_loss=10.3870 | train_acc=0.9742 | test_loss=2.1906 | test_acc=0.8964
Epoch 026/300 | train_loss=271.5437 | train_acc=0.1124 | test_loss=46.0194 | test_acc=0.1135
Epoch 026/300 | train_loss=13.1806 | train_acc=0.9675 | test_loss=2.7799 | test_acc=0.7366
Epoch 026/300 | train_loss=16.2308 | train_acc=0.9597 | test_loss=2.6473 | test_acc=0.8063
Epoch 027/300 | train_loss=10.7445 | train_acc=0.9737 | test_loss=2.0967 | test_acc=0.8369
Epoch 030/300 | train_loss=10.1868 | train_acc=0.9751 | test_loss=2.5614 | test_acc=0.8986
Epoch 027/300 | train_loss=14.9109 | train_acc=0.9630 | test_loss=3.0411 | test_acc=0.6504
Epoch 025/300 | train_loss=271.5432 | train_acc=0.1124 | test_loss=46.0194 | test_acc=0.1135
Epoch 027/300 | train_loss=271.5457 | train_acc=0.1124 | test_loss=46.0189 | test_acc=0.1135
Epoch 027/300 | train_loss=13.1764 | train_acc=0.9670 | test_loss=4.0245 | test_acc=0.5890
Epoch 027/300 | train_loss=14.4093 | train_acc=0.9636 | test_loss=2.9809 | test_acc=0.7543
Epoch 028/300 | train_loss=10.1674 | train_acc=0.9752 | test_loss=2.4738 | test_acc=0.8632
Epoch 031/300 | train_loss=10.7253 | train_acc=0.9733 | test_loss=2.3177 | test_acc=0.8195
Epoch 028/300 | train_loss=14.8193 | train_acc=0.9631 | test_loss=2.7646 | test_acc=0.7377
Epoch 026/300 | train_loss=271.5433 | train_acc=0.1124 | test_loss=46.0196 | test_acc=0.1135
Epoch 028/300 | train_loss=271.5428 | train_acc=0.1124 | test_loss=46.0196 | test_acc=0.1135
Epoch 028/300 | train_loss=15.1008 | train_acc=0.9620 | test_loss=3.6934 | test_acc=0.8375
Epoch 028/300 | train_loss=13.5246 | train_acc=0.9665 | test_loss=2.8642 | test_acc=0.7948
Epoch 029/300 | train_loss=9.9732 | train_acc=0.9762 | test_loss=2.1882 | test_acc=0.8813
Epoch 032/300 | train_loss=9.1416 | train_acc=0.9773 | test_loss=2.2974 | test_acc=0.9033
Epoch 029/300 | train_loss=13.6699 | train_acc=0.9661 | test_loss=3.5202 | test_acc=0.6629
Epoch 029/300 | train_loss=14.4846 | train_acc=0.9648 | test_loss=3.2168 | test_acc=0.7137
Epoch 027/300 | train_loss=271.5444 | train_acc=0.1124 | test_loss=46.0193 | test_acc=0.1135
Epoch 029/300 | train_loss=12.2682 | train_acc=0.9696 | test_loss=2.4165 | test_acc=0.7789
Epoch 029/300 | train_loss=271.5378 | train_acc=0.1124 | test_loss=46.0192 | test_acc=0.1135
Epoch 033/300 | train_loss=8.9075 | train_acc=0.9776 | test_loss=1.9682 | test_acc=0.8343
Epoch 030/300 | train_loss=10.0940 | train_acc=0.9750 | test_loss=2.1512 | test_acc=0.9103
Epoch 030/300 | train_loss=13.7344 | train_acc=0.9662 | test_loss=3.2033 | test_acc=0.6636
Epoch 030/300 | train_loss=13.8210 | train_acc=0.9659 | test_loss=2.4975 | test_acc=0.8179
Epoch 028/300 | train_loss=271.5471 | train_acc=0.1124 | test_loss=46.0191 | test_acc=0.1135
Epoch 030/300 | train_loss=11.3934 | train_acc=0.9722 | test_loss=3.0830 | test_acc=0.7322
Epoch 030/300 | train_loss=271.5340 | train_acc=0.1124 | test_loss=46.0191 | test_acc=0.1135
Epoch 034/300 | train_loss=9.2032 | train_acc=0.9768 | test_loss=2.2712 | test_acc=0.8729
Epoch 031/300 | train_loss=9.6543 | train_acc=0.9767 | test_loss=2.0340 | test_acc=0.9089
Epoch 031/300 | train_loss=13.5511 | train_acc=0.9664 | test_loss=2.9666 | test_acc=0.7427
Epoch 031/300 | train_loss=13.3534 | train_acc=0.9662 | test_loss=2.8432 | test_acc=0.7767
Epoch 029/300 | train_loss=271.5413 | train_acc=0.1124 | test_loss=46.0195 | test_acc=0.1135
Epoch 031/300 | train_loss=11.2637 | train_acc=0.9725 | test_loss=2.8247 | test_acc=0.6729
Epoch 035/300 | train_loss=8.3084 | train_acc=0.9797 | test_loss=2.0903 | test_acc=0.8934
Epoch 031/300 | train_loss=271.5419 | train_acc=0.1124 | test_loss=46.0190 | test_acc=0.1135
Epoch 032/300 | train_loss=9.3358 | train_acc=0.9776 | test_loss=2.4366 | test_acc=0.8922
Epoch 032/300 | train_loss=12.5761 | train_acc=0.9691 | test_loss=2.7180 | test_acc=0.6635
Epoch 032/300 | train_loss=13.7790 | train_acc=0.9655 | test_loss=3.3002 | test_acc=0.6877
Epoch 036/300 | train_loss=8.1231 | train_acc=0.9801 | test_loss=2.3033 | test_acc=0.9056
Epoch 030/300 | train_loss=271.5434 | train_acc=0.1124 | test_loss=46.0191 | test_acc=0.1135
Epoch 032/300 | train_loss=12.1645 | train_acc=0.9701 | test_loss=2.8982 | test_acc=0.6779
Epoch 032/300 | train_loss=271.5446 | train_acc=0.1124 | test_loss=46.0192 | test_acc=0.1135
Epoch 033/300 | train_loss=9.3314 | train_acc=0.9776 | test_loss=2.4605 | test_acc=0.8637
Epoch 033/300 | train_loss=13.3428 | train_acc=0.9662 | test_loss=2.6019 | test_acc=0.7128
Epoch 033/300 | train_loss=12.1477 | train_acc=0.9695 | test_loss=2.8520 | test_acc=0.7632
Epoch 037/300 | train_loss=7.9799 | train_acc=0.9803 | test_loss=2.2971 | test_acc=0.8696
Epoch 031/300 | train_loss=271.5432 | train_acc=0.1124 | test_loss=46.0191 | test_acc=0.1135
Epoch 033/300 | train_loss=271.5418 | train_acc=0.1124 | test_loss=46.0191 | test_acc=0.1135
Epoch 033/300 | train_loss=10.9455 | train_acc=0.9727 | test_loss=3.4116 | test_acc=0.8125
Epoch 034/300 | train_loss=8.7679 | train_acc=0.9789 | test_loss=2.3292 | test_acc=0.9234
Epoch 034/300 | train_loss=13.0528 | train_acc=0.9675 | test_loss=2.8969 | test_acc=0.6880
Epoch 038/300 | train_loss=8.8719 | train_acc=0.9781 | test_loss=2.6933 | test_acc=0.8474
Epoch 034/300 | train_loss=12.6790 | train_acc=0.9677 | test_loss=2.5707 | test_acc=0.8213
Epoch 032/300 | train_loss=271.5380 | train_acc=0.1124 | test_loss=46.0197 | test_acc=0.1135
Epoch 034/300 | train_loss=10.9554 | train_acc=0.9730 | test_loss=2.3474 | test_acc=0.6933
Epoch 034/300 | train_loss=271.5301 | train_acc=0.1124 | test_loss=46.0191 | test_acc=0.1135
Epoch 035/300 | train_loss=8.6705 | train_acc=0.9788 | test_loss=2.0271 | test_acc=0.8505
Epoch 035/300 | train_loss=11.9640 | train_acc=0.9700 | test_loss=2.5809 | test_acc=0.7030
Epoch 039/300 | train_loss=7.9910 | train_acc=0.9801 | test_loss=2.1202 | test_acc=0.8919
Epoch 035/300 | train_loss=12.4459 | train_acc=0.9689 | test_loss=2.6995 | test_acc=0.8230
Epoch 036/300 | train_loss=7.9013 | train_acc=0.9807 | test_loss=1.9856 | test_acc=0.8557
Epoch 035/300 | train_loss=271.5450 | train_acc=0.1124 | test_loss=46.0188 | test_acc=0.1135
Epoch 035/300 | train_loss=10.7029 | train_acc=0.9739 | test_loss=2.5443 | test_acc=0.8150
Epoch 033/300 | train_loss=271.5491 | train_acc=0.1124 | test_loss=46.0192 | test_acc=0.1135
Epoch 036/300 | train_loss=12.5375 | train_acc=0.9689 | test_loss=2.5192 | test_acc=0.7214
Epoch 040/300 | train_loss=8.3219 | train_acc=0.9792 | test_loss=2.0878 | test_acc=0.8820
Epoch 037/300 | train_loss=8.9995 | train_acc=0.9781 | test_loss=2.0848 | test_acc=0.8798
Epoch 036/300 | train_loss=11.9621 | train_acc=0.9703 | test_loss=2.4573 | test_acc=0.7646
Epoch 036/300 | train_loss=10.2607 | train_acc=0.9754 | test_loss=2.0403 | test_acc=0.7829
Epoch 036/300 | train_loss=271.5356 | train_acc=0.1124 | test_loss=46.0193 | test_acc=0.1135
Epoch 034/300 | train_loss=271.5371 | train_acc=0.1124 | test_loss=46.0196 | test_acc=0.1135
Epoch 037/300 | train_loss=11.9667 | train_acc=0.9701 | test_loss=2.5983 | test_acc=0.7380
Epoch 041/300 | train_loss=8.1120 | train_acc=0.9801 | test_loss=2.1317 | test_acc=0.9150
Epoch 038/300 | train_loss=7.7673 | train_acc=0.9814 | test_loss=2.0085 | test_acc=0.8839
Epoch 037/300 | train_loss=12.2049 | train_acc=0.9696 | test_loss=2.4939 | test_acc=0.7801
Epoch 037/300 | train_loss=271.5440 | train_acc=0.1124 | test_loss=46.0196 | test_acc=0.1135
Epoch 037/300 | train_loss=10.2089 | train_acc=0.9748 | test_loss=2.5246 | test_acc=0.7339
Epoch 042/300 | train_loss=7.6542 | train_acc=0.9803 | test_loss=1.9736 | test_acc=0.8838
Epoch 035/300 | train_loss=271.5437 | train_acc=0.1124 | test_loss=46.0193 | test_acc=0.1135
Epoch 038/300 | train_loss=12.2038 | train_acc=0.9694 | test_loss=2.4332 | test_acc=0.7112
Epoch 039/300 | train_loss=7.9045 | train_acc=0.9807 | test_loss=2.2832 | test_acc=0.8892
Epoch 038/300 | train_loss=11.5318 | train_acc=0.9717 | test_loss=3.3062 | test_acc=0.7239
Epoch 043/300 | train_loss=7.5973 | train_acc=0.9806 | test_loss=1.9355 | test_acc=0.9113
Epoch 038/300 | train_loss=9.8294 | train_acc=0.9758 | test_loss=2.4026 | test_acc=0.7646
Epoch 038/300 | train_loss=271.5404 | train_acc=0.1124 | test_loss=46.0192 | test_acc=0.1135
Epoch 036/300 | train_loss=271.5402 | train_acc=0.1124 | test_loss=46.0192 | test_acc=0.1135
Epoch 039/300 | train_loss=11.4199 | train_acc=0.9711 | test_loss=2.4004 | test_acc=0.7728
Epoch 040/300 | train_loss=9.4726 | train_acc=0.9767 | test_loss=1.8923 | test_acc=0.8980
Epoch 039/300 | train_loss=11.7204 | train_acc=0.9706 | test_loss=2.4628 | test_acc=0.8264
Epoch 044/300 | train_loss=7.7022 | train_acc=0.9813 | test_loss=2.1401 | test_acc=0.8806
Epoch 039/300 | train_loss=271.5452 | train_acc=0.1124 | test_loss=46.0191 | test_acc=0.1135
Epoch 039/300 | train_loss=9.5313 | train_acc=0.9767 | test_loss=2.3185 | test_acc=0.7171
Epoch 037/300 | train_loss=271.5474 | train_acc=0.1124 | test_loss=46.0192 | test_acc=0.1135
Epoch 040/300 | train_loss=11.8235 | train_acc=0.9703 | test_loss=2.6714 | test_acc=0.7778
Epoch 041/300 | train_loss=7.2183 | train_acc=0.9826 | test_loss=1.9959 | test_acc=0.9104
Epoch 045/300 | train_loss=7.7914 | train_acc=0.9807 | test_loss=1.9370 | test_acc=0.9189
Epoch 040/300 | train_loss=10.8570 | train_acc=0.9723 | test_loss=2.4844 | test_acc=0.8581
Epoch 040/300 | train_loss=271.5434 | train_acc=0.1124 | test_loss=46.0193 | test_acc=0.1135
Epoch 040/300 | train_loss=9.6948 | train_acc=0.9757 | test_loss=2.2019 | test_acc=0.7339
Epoch 038/300 | train_loss=271.5507 | train_acc=0.1124 | test_loss=46.0191 | test_acc=0.1135
Epoch 041/300 | train_loss=10.7644 | train_acc=0.9731 | test_loss=3.0895 | test_acc=0.7033
Epoch 042/300 | train_loss=7.7473 | train_acc=0.9807 | test_loss=2.5577 | test_acc=0.8482
Epoch 046/300 | train_loss=8.1209 | train_acc=0.9804 | test_loss=2.2890 | test_acc=0.8751
Epoch 041/300 | train_loss=11.0265 | train_acc=0.9725 | test_loss=2.4034 | test_acc=0.8732
Epoch 041/300 | train_loss=271.5440 | train_acc=0.1124 | test_loss=46.0190 | test_acc=0.1135
Epoch 041/300 | train_loss=9.5594 | train_acc=0.9760 | test_loss=2.6884 | test_acc=0.8648
Epoch 039/300 | train_loss=271.5430 | train_acc=0.1124 | test_loss=46.0194 | test_acc=0.1135
Epoch 042/300 | train_loss=10.4402 | train_acc=0.9743 | test_loss=2.7025 | test_acc=0.7948
Epoch 043/300 | train_loss=7.6727 | train_acc=0.9811 | test_loss=2.0378 | test_acc=0.9030
Epoch 047/300 | train_loss=7.4761 | train_acc=0.9815 | test_loss=1.8448 | test_acc=0.8956
Epoch 042/300 | train_loss=10.8291 | train_acc=0.9728 | test_loss=2.5541 | test_acc=0.8503
Epoch 042/300 | train_loss=9.8383 | train_acc=0.9764 | test_loss=2.1885 | test_acc=0.7757
Epoch 042/300 | train_loss=271.5356 | train_acc=0.1124 | test_loss=46.0190 | test_acc=0.1135
Epoch 040/300 | train_loss=271.5370 | train_acc=0.1124 | test_loss=46.0197 | test_acc=0.1135
Epoch 043/300 | train_loss=11.2922 | train_acc=0.9723 | test_loss=2.2921 | test_acc=0.7051
Epoch 044/300 | train_loss=7.9116 | train_acc=0.9807 | test_loss=3.2099 | test_acc=0.8502
Epoch 048/300 | train_loss=6.6974 | train_acc=0.9831 | test_loss=1.8767 | test_acc=0.9170
Epoch 043/300 | train_loss=11.0835 | train_acc=0.9721 | test_loss=2.2370 | test_acc=0.8792
Epoch 043/300 | train_loss=9.0868 | train_acc=0.9775 | test_loss=2.4495 | test_acc=0.6481
Epoch 043/300 | train_loss=271.5388 | train_acc=0.1124 | test_loss=46.0189 | test_acc=0.1135
Epoch 049/300 | train_loss=7.6469 | train_acc=0.9813 | test_loss=2.4009 | test_acc=0.8809
Epoch 041/300 | train_loss=271.5402 | train_acc=0.1124 | test_loss=46.0195 | test_acc=0.1135
Epoch 044/300 | train_loss=10.7072 | train_acc=0.9735 | test_loss=2.5655 | test_acc=0.7496
Epoch 045/300 | train_loss=7.3921 | train_acc=0.9821 | test_loss=1.8231 | test_acc=0.8813
Epoch 044/300 | train_loss=10.2764 | train_acc=0.9740 | test_loss=2.5915 | test_acc=0.8222
Epoch 044/300 | train_loss=8.9501 | train_acc=0.9784 | test_loss=2.3719 | test_acc=0.8071
Epoch 045/300 | train_loss=11.2752 | train_acc=0.9722 | test_loss=3.1070 | test_acc=0.6870
Epoch 050/300 | train_loss=7.1862 | train_acc=0.9820 | test_loss=2.0332 | test_acc=0.9208
Epoch 044/300 | train_loss=271.5419 | train_acc=0.1124 | test_loss=46.0189 | test_acc=0.1135
Epoch 042/300 | train_loss=271.5492 | train_acc=0.1124 | test_loss=46.0196 | test_acc=0.1135
Epoch 046/300 | train_loss=6.8658 | train_acc=0.9831 | test_loss=2.0655 | test_acc=0.9226
Epoch 045/300 | train_loss=10.0303 | train_acc=0.9752 | test_loss=2.4868 | test_acc=0.7567
Epoch 045/300 | train_loss=9.1255 | train_acc=0.9781 | test_loss=2.1479 | test_acc=0.7430
Epoch 051/300 | train_loss=7.4144 | train_acc=0.9811 | test_loss=2.1615 | test_acc=0.8861
Epoch 046/300 | train_loss=10.2213 | train_acc=0.9748 | test_loss=2.3908 | test_acc=0.7030
Epoch 045/300 | train_loss=271.5457 | train_acc=0.1124 | test_loss=46.0191 | test_acc=0.1135
Epoch 043/300 | train_loss=271.5333 | train_acc=0.1124 | test_loss=46.0195 | test_acc=0.1135
Epoch 047/300 | train_loss=6.9210 | train_acc=0.9830 | test_loss=1.9039 | test_acc=0.8812
Epoch 046/300 | train_loss=10.6376 | train_acc=0.9728 | test_loss=2.3312 | test_acc=0.8444
Epoch 046/300 | train_loss=8.1350 | train_acc=0.9798 | test_loss=1.9802 | test_acc=0.7964
Epoch 052/300 | train_loss=7.1143 | train_acc=0.9820 | test_loss=1.9179 | test_acc=0.9185
Epoch 047/300 | train_loss=9.5923 | train_acc=0.9759 | test_loss=2.5324 | test_acc=0.7622
Epoch 046/300 | train_loss=271.5399 | train_acc=0.1124 | test_loss=46.0190 | test_acc=0.1135
Epoch 044/300 | train_loss=271.5425 | train_acc=0.1124 | test_loss=46.0192 | test_acc=0.1135
Epoch 048/300 | train_loss=6.4016 | train_acc=0.9842 | test_loss=2.1436 | test_acc=0.8588
Epoch 047/300 | train_loss=9.6306 | train_acc=0.9758 | test_loss=2.2886 | test_acc=0.8843
Epoch 047/300 | train_loss=9.1957 | train_acc=0.9772 | test_loss=1.8375 | test_acc=0.8228
Epoch 053/300 | train_loss=7.4935 | train_acc=0.9814 | test_loss=1.8510 | test_acc=0.9082
Epoch 047/300 | train_loss=271.5330 | train_acc=0.1124 | test_loss=46.0193 | test_acc=0.1135
Epoch 048/300 | train_loss=9.7259 | train_acc=0.9757 | test_loss=2.5025 | test_acc=0.7957
Epoch 049/300 | train_loss=7.0791 | train_acc=0.9827 | test_loss=1.8164 | test_acc=0.8721
Epoch 045/300 | train_loss=271.5455 | train_acc=0.1124 | test_loss=46.0195 | test_acc=0.1135
Epoch 054/300 | train_loss=6.0236 | train_acc=0.9854 | test_loss=1.6744 | test_acc=0.9062
Epoch 048/300 | train_loss=8.0042 | train_acc=0.9805 | test_loss=2.3279 | test_acc=0.6770
Epoch 048/300 | train_loss=9.8391 | train_acc=0.9748 | test_loss=2.1964 | test_acc=0.8421
Epoch 048/300 | train_loss=271.5417 | train_acc=0.1124 | test_loss=46.0189 | test_acc=0.1135
Epoch 049/300 | train_loss=9.5296 | train_acc=0.9755 | test_loss=3.3666 | test_acc=0.5813
Epoch 050/300 | train_loss=6.4023 | train_acc=0.9849 | test_loss=1.8818 | test_acc=0.9087
Epoch 055/300 | train_loss=5.4186 | train_acc=0.9860 | test_loss=1.9329 | test_acc=0.9160
Epoch 046/300 | train_loss=271.5370 | train_acc=0.1124 | test_loss=46.0193 | test_acc=0.1135
Epoch 049/300 | train_loss=7.9114 | train_acc=0.9799 | test_loss=1.9945 | test_acc=0.7501
Epoch 049/300 | train_loss=9.7272 | train_acc=0.9756 | test_loss=1.9813 | test_acc=0.8358
Epoch 049/300 | train_loss=271.5476 | train_acc=0.1124 | test_loss=46.0189 | test_acc=0.1135
Epoch 051/300 | train_loss=5.8531 | train_acc=0.9856 | test_loss=1.7390 | test_acc=0.9089
Epoch 050/300 | train_loss=9.6065 | train_acc=0.9756 | test_loss=2.1205 | test_acc=0.7711
Epoch 056/300 | train_loss=6.6432 | train_acc=0.9828 | test_loss=2.1374 | test_acc=0.8964
Epoch 047/300 | train_loss=271.5456 | train_acc=0.1124 | test_loss=46.0193 | test_acc=0.1135
Epoch 050/300 | train_loss=7.5477 | train_acc=0.9807 | test_loss=2.4106 | test_acc=0.6924
Epoch 050/300 | train_loss=9.4970 | train_acc=0.9761 | test_loss=2.6046 | test_acc=0.8041
Epoch 050/300 | train_loss=271.5502 | train_acc=0.1124 | test_loss=46.0190 | test_acc=0.1135
Epoch 051/300 | train_loss=9.3772 | train_acc=0.9767 | test_loss=2.9314 | test_acc=0.7683
Epoch 052/300 | train_loss=6.2542 | train_acc=0.9844 | test_loss=1.9561 | test_acc=0.9251
Epoch 057/300 | train_loss=5.8962 | train_acc=0.9848 | test_loss=1.8924 | test_acc=0.9136
Epoch 051/300 | train_loss=8.4984 | train_acc=0.9784 | test_loss=2.0825 | test_acc=0.7174
Epoch 048/300 | train_loss=271.5482 | train_acc=0.1124 | test_loss=46.0188 | test_acc=0.1135
Epoch 051/300 | train_loss=271.5402 | train_acc=0.1124 | test_loss=46.0193 | test_acc=0.1135
Epoch 051/300 | train_loss=9.3538 | train_acc=0.9765 | test_loss=2.2533 | test_acc=0.8580
Epoch 052/300 | train_loss=9.1515 | train_acc=0.9765 | test_loss=2.0841 | test_acc=0.7539
Epoch 058/300 | train_loss=6.6191 | train_acc=0.9830 | test_loss=1.8072 | test_acc=0.9208
Epoch 053/300 | train_loss=6.8067 | train_acc=0.9830 | test_loss=1.6301 | test_acc=0.8965
Epoch 052/300 | train_loss=8.3263 | train_acc=0.9791 | test_loss=2.6666 | test_acc=0.7431
Epoch 052/300 | train_loss=271.5429 | train_acc=0.1124 | test_loss=46.0197 | test_acc=0.1135
Epoch 049/300 | train_loss=271.5473 | train_acc=0.1124 | test_loss=46.0192 | test_acc=0.1135
Epoch 052/300 | train_loss=9.1968 | train_acc=0.9765 | test_loss=2.1725 | test_acc=0.8010
Epoch 054/300 | train_loss=6.5076 | train_acc=0.9841 | test_loss=2.1048 | test_acc=0.8694
Epoch 053/300 | train_loss=8.8355 | train_acc=0.9778 | test_loss=2.0285 | test_acc=0.7720
Epoch 059/300 | train_loss=5.8904 | train_acc=0.9849 | test_loss=1.8457 | test_acc=0.9132
Epoch 053/300 | train_loss=7.3521 | train_acc=0.9819 | test_loss=2.2023 | test_acc=0.7136
Epoch 050/300 | train_loss=271.5396 | train_acc=0.1124 | test_loss=46.0193 | test_acc=0.1135
Epoch 053/300 | train_loss=9.2357 | train_acc=0.9767 | test_loss=2.5755 | test_acc=0.7960
Epoch 054/300 | train_loss=8.6245 | train_acc=0.9783 | test_loss=2.1318 | test_acc=0.7977
Epoch 053/300 | train_loss=271.5395 | train_acc=0.1124 | test_loss=46.0197 | test_acc=0.1135
Epoch 060/300 | train_loss=6.2051 | train_acc=0.9843 | test_loss=2.0115 | test_acc=0.9251
Epoch 055/300 | train_loss=6.3777 | train_acc=0.9841 | test_loss=1.7283 | test_acc=0.9110
Epoch 054/300 | train_loss=8.1322 | train_acc=0.9802 | test_loss=2.1888 | test_acc=0.8202
Epoch 051/300 | train_loss=271.5458 | train_acc=0.1124 | test_loss=46.0195 | test_acc=0.1135
Epoch 061/300 | train_loss=5.6316 | train_acc=0.9856 | test_loss=1.7364 | test_acc=0.9055
Epoch 055/300 | train_loss=8.1559 | train_acc=0.9791 | test_loss=2.0840 | test_acc=0.6982
Epoch 054/300 | train_loss=8.1089 | train_acc=0.9796 | test_loss=2.3800 | test_acc=0.7913
Epoch 056/300 | train_loss=6.9152 | train_acc=0.9828 | test_loss=2.5141 | test_acc=0.9061
Epoch 054/300 | train_loss=271.5411 | train_acc=0.1124 | test_loss=46.0199 | test_acc=0.1135
Epoch 062/300 | train_loss=5.9736 | train_acc=0.9849 | test_loss=2.1224 | test_acc=0.8970
Epoch 055/300 | train_loss=7.3787 | train_acc=0.9820 | test_loss=1.9218 | test_acc=0.7886
Epoch 056/300 | train_loss=8.6719 | train_acc=0.9782 | test_loss=2.4616 | test_acc=0.8383
Epoch 055/300 | train_loss=9.1973 | train_acc=0.9759 | test_loss=2.1010 | test_acc=0.8662
Epoch 057/300 | train_loss=6.5445 | train_acc=0.9841 | test_loss=1.8206 | test_acc=0.8998
Epoch 052/300 | train_loss=271.5502 | train_acc=0.1124 | test_loss=46.0194 | test_acc=0.1135
Epoch 055/300 | train_loss=271.5466 | train_acc=0.1124 | test_loss=46.0195 | test_acc=0.1135
Epoch 063/300 | train_loss=6.3372 | train_acc=0.9839 | test_loss=2.1289 | test_acc=0.9453
Epoch 056/300 | train_loss=7.9130 | train_acc=0.9809 | test_loss=2.2526 | test_acc=0.8004
Epoch 056/300 | train_loss=8.1660 | train_acc=0.9792 | test_loss=1.8888 | test_acc=0.8959
Epoch 058/300 | train_loss=5.8120 | train_acc=0.9853 | test_loss=1.8209 | test_acc=0.9177
Epoch 053/300 | train_loss=271.5495 | train_acc=0.1124 | test_loss=46.0192 | test_acc=0.1135
Epoch 057/300 | train_loss=8.7058 | train_acc=0.9783 | test_loss=2.7540 | test_acc=0.6737
Epoch 056/300 | train_loss=271.5426 | train_acc=0.1124 | test_loss=46.0197 | test_acc=0.1135
Epoch 064/300 | train_loss=6.0254 | train_acc=0.9843 | test_loss=2.0047 | test_acc=0.9163
Epoch 057/300 | train_loss=7.0520 | train_acc=0.9820 | test_loss=1.7213 | test_acc=0.8198
Epoch 057/300 | train_loss=7.9042 | train_acc=0.9795 | test_loss=2.2577 | test_acc=0.8891
Epoch 059/300 | train_loss=5.4792 | train_acc=0.9865 | test_loss=1.9650 | test_acc=0.8891
Epoch 058/300 | train_loss=8.7272 | train_acc=0.9775 | test_loss=2.3318 | test_acc=0.7281
Epoch 057/300 | train_loss=271.5407 | train_acc=0.1124 | test_loss=46.0192 | test_acc=0.1135
Epoch 054/300 | train_loss=271.5442 | train_acc=0.1124 | test_loss=46.0192 | test_acc=0.1135
Epoch 065/300 | train_loss=5.7889 | train_acc=0.9852 | test_loss=1.6664 | test_acc=0.9168
Epoch 058/300 | train_loss=6.8954 | train_acc=0.9827 | test_loss=1.9258 | test_acc=0.8325
Epoch 058/300 | train_loss=7.8120 | train_acc=0.9808 | test_loss=1.8982 | test_acc=0.8663
Epoch 060/300 | train_loss=5.8385 | train_acc=0.9855 | test_loss=1.7573 | test_acc=0.9196
Epoch 059/300 | train_loss=7.9069 | train_acc=0.9803 | test_loss=1.9348 | test_acc=0.7607
Epoch 066/300 | train_loss=6.2631 | train_acc=0.9838 | test_loss=1.7966 | test_acc=0.8959
Epoch 055/300 | train_loss=271.5474 | train_acc=0.1124 | test_loss=46.0191 | test_acc=0.1135
Epoch 058/300 | train_loss=271.5388 | train_acc=0.1124 | test_loss=46.0192 | test_acc=0.1135
Epoch 059/300 | train_loss=6.8496 | train_acc=0.9829 | test_loss=1.9472 | test_acc=0.8011
Epoch 059/300 | train_loss=8.6343 | train_acc=0.9778 | test_loss=2.5946 | test_acc=0.8091
Epoch 061/300 | train_loss=6.1192 | train_acc=0.9842 | test_loss=1.9358 | test_acc=0.8950
Epoch 060/300 | train_loss=7.9181 | train_acc=0.9799 | test_loss=2.1332 | test_acc=0.6939
Epoch 067/300 | train_loss=5.3739 | train_acc=0.9863 | test_loss=1.6328 | test_acc=0.9231
Epoch 059/300 | train_loss=271.5355 | train_acc=0.1124 | test_loss=46.0191 | test_acc=0.1135
Epoch 056/300 | train_loss=271.5380 | train_acc=0.1124 | test_loss=46.0190 | test_acc=0.1135
Epoch 060/300 | train_loss=6.7179 | train_acc=0.9835 | test_loss=1.8341 | test_acc=0.7964
Epoch 060/300 | train_loss=8.0448 | train_acc=0.9797 | test_loss=2.1777 | test_acc=0.8365
Epoch 062/300 | train_loss=5.3922 | train_acc=0.9861 | test_loss=1.9370 | test_acc=0.8480
Epoch 068/300 | train_loss=4.8705 | train_acc=0.9875 | test_loss=2.0492 | test_acc=0.9014
Epoch 061/300 | train_loss=8.3017 | train_acc=0.9792 | test_loss=2.0190 | test_acc=0.8121
Epoch 060/300 | train_loss=271.5376 | train_acc=0.1124 | test_loss=46.0196 | test_acc=0.1135
Epoch 057/300 | train_loss=271.5409 | train_acc=0.1124 | test_loss=46.0191 | test_acc=0.1135
Epoch 061/300 | train_loss=6.2324 | train_acc=0.9849 | test_loss=2.1095 | test_acc=0.7398
Epoch 061/300 | train_loss=8.1294 | train_acc=0.9793 | test_loss=1.9833 | test_acc=0.8703
Epoch 063/300 | train_loss=5.6131 | train_acc=0.9855 | test_loss=2.0014 | test_acc=0.9146
Epoch 069/300 | train_loss=5.9848 | train_acc=0.9849 | test_loss=1.8657 | test_acc=0.8966
Epoch 062/300 | train_loss=7.9930 | train_acc=0.9793 | test_loss=2.0467 | test_acc=0.8382
Epoch 061/300 | train_loss=271.5275 | train_acc=0.1124 | test_loss=46.0192 | test_acc=0.1135
Epoch 058/300 | train_loss=271.5459 | train_acc=0.1124 | test_loss=46.0189 | test_acc=0.1135
Epoch 062/300 | train_loss=7.2690 | train_acc=0.9818 | test_loss=1.8580 | test_acc=0.8752
Epoch 070/300 | train_loss=6.2489 | train_acc=0.9842 | test_loss=1.6518 | test_acc=0.9213
Epoch 064/300 | train_loss=6.1504 | train_acc=0.9841 | test_loss=1.7274 | test_acc=0.8939
Epoch 062/300 | train_loss=7.1107 | train_acc=0.9818 | test_loss=2.4218 | test_acc=0.8466
Epoch 063/300 | train_loss=7.8826 | train_acc=0.9802 | test_loss=2.1714 | test_acc=0.7149
Epoch 062/300 | train_loss=271.5393 | train_acc=0.1124 | test_loss=46.0187 | test_acc=0.1135
Epoch 063/300 | train_loss=6.1710 | train_acc=0.9850 | test_loss=2.1170 | test_acc=0.8574
Epoch 059/300 | train_loss=271.5498 | train_acc=0.1124 | test_loss=46.0193 | test_acc=0.1135
Epoch 071/300 | train_loss=4.8279 | train_acc=0.9877 | test_loss=1.6850 | test_acc=0.9306
Epoch 065/300 | train_loss=5.6794 | train_acc=0.9856 | test_loss=1.9450 | test_acc=0.9204
Epoch 064/300 | train_loss=8.3068 | train_acc=0.9789 | test_loss=2.5023 | test_acc=0.8450
Epoch 063/300 | train_loss=7.8369 | train_acc=0.9805 | test_loss=2.6157 | test_acc=0.7518
Epoch 063/300 | train_loss=271.5508 | train_acc=0.1124 | test_loss=46.0195 | test_acc=0.1135
Epoch 072/300 | train_loss=4.9387 | train_acc=0.9877 | test_loss=2.2265 | test_acc=0.9421
Epoch 064/300 | train_loss=7.1923 | train_acc=0.9817 | test_loss=1.9984 | test_acc=0.7933
Epoch 060/300 | train_loss=271.5412 | train_acc=0.1124 | test_loss=46.0191 | test_acc=0.1135
Epoch 066/300 | train_loss=5.6068 | train_acc=0.9859 | test_loss=1.7082 | test_acc=0.8932
Epoch 065/300 | train_loss=8.1262 | train_acc=0.9795 | test_loss=2.4655 | test_acc=0.7606
Epoch 064/300 | train_loss=8.0477 | train_acc=0.9800 | test_loss=2.3595 | test_acc=0.8800
Epoch 064/300 | train_loss=271.5351 | train_acc=0.1124 | test_loss=46.0192 | test_acc=0.1135
Epoch 073/300 | train_loss=5.0629 | train_acc=0.9864 | test_loss=1.8946 | test_acc=0.9002
Epoch 065/300 | train_loss=6.0876 | train_acc=0.9850 | test_loss=1.8569 | test_acc=0.7506
Epoch 061/300 | train_loss=271.5433 | train_acc=0.1124 | test_loss=46.0194 | test_acc=0.1135
Epoch 067/300 | train_loss=5.0157 | train_acc=0.9870 | test_loss=2.5286 | test_acc=0.8647
Epoch 066/300 | train_loss=7.3455 | train_acc=0.9817 | test_loss=2.0798 | test_acc=0.6742
Epoch 065/300 | train_loss=7.9774 | train_acc=0.9800 | test_loss=2.0036 | test_acc=0.8657
Epoch 065/300 | train_loss=271.5344 | train_acc=0.1124 | test_loss=46.0191 | test_acc=0.1135
Epoch 074/300 | train_loss=6.0054 | train_acc=0.9847 | test_loss=1.6880 | test_acc=0.8842
Epoch 066/300 | train_loss=6.6638 | train_acc=0.9834 | test_loss=1.9481 | test_acc=0.7480
Epoch 062/300 | train_loss=271.5413 | train_acc=0.1124 | test_loss=46.0189 | test_acc=0.1135
Epoch 068/300 | train_loss=6.0778 | train_acc=0.9846 | test_loss=1.8744 | test_acc=0.9046
Epoch 067/300 | train_loss=8.0552 | train_acc=0.9793 | test_loss=2.1407 | test_acc=0.7207
Epoch 075/300 | train_loss=5.0797 | train_acc=0.9869 | test_loss=1.7072 | test_acc=0.9126
Epoch 066/300 | train_loss=7.9645 | train_acc=0.9801 | test_loss=2.2883 | test_acc=0.8987
Epoch 066/300 | train_loss=271.5450 | train_acc=0.1124 | test_loss=46.0191 | test_acc=0.1135
Epoch 067/300 | train_loss=7.0064 | train_acc=0.9821 | test_loss=1.8918 | test_acc=0.7808
Epoch 069/300 | train_loss=5.6385 | train_acc=0.9861 | test_loss=1.8391 | test_acc=0.8825
Epoch 068/300 | train_loss=7.7660 | train_acc=0.9804 | test_loss=2.2115 | test_acc=0.8137
Epoch 063/300 | train_loss=271.5455 | train_acc=0.1124 | test_loss=46.0192 | test_acc=0.1135
Epoch 076/300 | train_loss=4.4239 | train_acc=0.9886 | test_loss=1.9960 | test_acc=0.9364
Epoch 067/300 | train_loss=7.5797 | train_acc=0.9807 | test_loss=1.8872 | test_acc=0.8656
Epoch 067/300 | train_loss=271.5403 | train_acc=0.1124 | test_loss=46.0190 | test_acc=0.1135
Epoch 068/300 | train_loss=6.4441 | train_acc=0.9838 | test_loss=2.0244 | test_acc=0.7002
Epoch 070/300 | train_loss=5.5225 | train_acc=0.9863 | test_loss=1.6972 | test_acc=0.8935
Epoch 077/300 | train_loss=6.2169 | train_acc=0.9844 | test_loss=2.3764 | test_acc=0.8652
Epoch 064/300 | train_loss=271.5401 | train_acc=0.1124 | test_loss=46.0189 | test_acc=0.1135
Epoch 069/300 | train_loss=7.9084 | train_acc=0.9807 | test_loss=1.9273 | test_acc=0.7977
Epoch 068/300 | train_loss=271.5460 | train_acc=0.1124 | test_loss=46.0194 | test_acc=0.1135
Epoch 068/300 | train_loss=7.2108 | train_acc=0.9809 | test_loss=1.9035 | test_acc=0.9069
Epoch 069/300 | train_loss=6.7549 | train_acc=0.9830 | test_loss=1.9814 | test_acc=0.7750
Epoch 071/300 | train_loss=4.9363 | train_acc=0.9870 | test_loss=1.7415 | test_acc=0.8962
Epoch 078/300 | train_loss=6.2795 | train_acc=0.9841 | test_loss=1.8916 | test_acc=0.9234
Epoch 065/300 | train_loss=271.5372 | train_acc=0.1124 | test_loss=46.0195 | test_acc=0.1135
Epoch 070/300 | train_loss=7.3663 | train_acc=0.9809 | test_loss=1.9602 | test_acc=0.7897
Epoch 069/300 | train_loss=271.5346 | train_acc=0.1124 | test_loss=46.0188 | test_acc=0.1135
Epoch 069/300 | train_loss=7.6667 | train_acc=0.9803 | test_loss=1.9152 | test_acc=0.8602
Epoch 079/300 | train_loss=4.7005 | train_acc=0.9880 | test_loss=1.7274 | test_acc=0.9209
Epoch 070/300 | train_loss=6.5998 | train_acc=0.9827 | test_loss=1.9249 | test_acc=0.8323
Epoch 072/300 | train_loss=4.8347 | train_acc=0.9877 | test_loss=1.6191 | test_acc=0.9211
Epoch 071/300 | train_loss=7.0952 | train_acc=0.9818 | test_loss=2.4124 | test_acc=0.6348
Epoch 066/300 | train_loss=271.5507 | train_acc=0.1124 | test_loss=46.0196 | test_acc=0.1135
Epoch 070/300 | train_loss=271.5471 | train_acc=0.1124 | test_loss=46.0191 | test_acc=0.1135
Epoch 070/300 | train_loss=6.7506 | train_acc=0.9830 | test_loss=2.0505 | test_acc=0.8965
Epoch 080/300 | train_loss=5.3858 | train_acc=0.9859 | test_loss=2.0737 | test_acc=0.9031
Epoch 071/300 | train_loss=6.3640 | train_acc=0.9839 | test_loss=2.2214 | test_acc=0.7904
Epoch 073/300 | train_loss=4.2774 | train_acc=0.9890 | test_loss=1.6778 | test_acc=0.8968
Epoch 072/300 | train_loss=7.4413 | train_acc=0.9809 | test_loss=1.8450 | test_acc=0.8080
Epoch 067/300 | train_loss=271.5475 | train_acc=0.1124 | test_loss=46.0196 | test_acc=0.1135
Epoch 071/300 | train_loss=271.5389 | train_acc=0.1124 | test_loss=46.0191 | test_acc=0.1135
Epoch 081/300 | train_loss=5.7929 | train_acc=0.9854 | test_loss=1.8360 | test_acc=0.8736
Epoch 071/300 | train_loss=6.6954 | train_acc=0.9826 | test_loss=1.6781 | test_acc=0.8895
Epoch 072/300 | train_loss=7.6463 | train_acc=0.9809 | test_loss=1.9699 | test_acc=0.7672
Epoch 074/300 | train_loss=4.7769 | train_acc=0.9878 | test_loss=1.7393 | test_acc=0.9192
Epoch 073/300 | train_loss=6.6441 | train_acc=0.9830 | test_loss=2.0538 | test_acc=0.8365
Epoch 068/300 | train_loss=271.5420 | train_acc=0.1124 | test_loss=46.0193 | test_acc=0.1135
Epoch 072/300 | train_loss=271.5423 | train_acc=0.1124 | test_loss=46.0194 | test_acc=0.1135
Epoch 082/300 | train_loss=4.6864 | train_acc=0.9884 | test_loss=1.7986 | test_acc=0.9359
Epoch 072/300 | train_loss=6.9813 | train_acc=0.9814 | test_loss=1.9495 | test_acc=0.9178
Epoch 073/300 | train_loss=5.8413 | train_acc=0.9857 | test_loss=1.9651 | test_acc=0.7695
Epoch 075/300 | train_loss=5.0616 | train_acc=0.9871 | test_loss=1.7616 | test_acc=0.9341
Epoch 074/300 | train_loss=7.1737 | train_acc=0.9820 | test_loss=2.1205 | test_acc=0.8396
Epoch 069/300 | train_loss=271.5441 | train_acc=0.1124 | test_loss=46.0192 | test_acc=0.1135
Epoch 083/300 | train_loss=4.4573 | train_acc=0.9888 | test_loss=1.6097 | test_acc=0.9269
Epoch 073/300 | train_loss=6.5929 | train_acc=0.9835 | test_loss=1.7907 | test_acc=0.8855
Epoch 073/300 | train_loss=271.5405 | train_acc=0.1124 | test_loss=46.0190 | test_acc=0.1135
Epoch 074/300 | train_loss=5.6329 | train_acc=0.9861 | test_loss=2.4022 | test_acc=0.8466
Epoch 076/300 | train_loss=5.4716 | train_acc=0.9864 | test_loss=1.9084 | test_acc=0.8666
Epoch 075/300 | train_loss=6.0874 | train_acc=0.9846 | test_loss=2.0531 | test_acc=0.7173
Epoch 084/300 | train_loss=5.4320 | train_acc=0.9855 | test_loss=1.6484 | test_acc=0.9299
Epoch 070/300 | train_loss=271.5409 | train_acc=0.1124 | test_loss=46.0191 | test_acc=0.1135
Epoch 074/300 | train_loss=6.3126 | train_acc=0.9838 | test_loss=1.8062 | test_acc=0.8812
Epoch 074/300 | train_loss=271.5444 | train_acc=0.1124 | test_loss=46.0194 | test_acc=0.1135
Epoch 075/300 | train_loss=6.1772 | train_acc=0.9845 | test_loss=2.2242 | test_acc=0.8347
Epoch 076/300 | train_loss=6.9169 | train_acc=0.9830 | test_loss=1.8801 | test_acc=0.7512
Epoch 077/300 | train_loss=5.3203 | train_acc=0.9864 | test_loss=1.8690 | test_acc=0.8653
Epoch 085/300 | train_loss=4.7274 | train_acc=0.9879 | test_loss=1.9571 | test_acc=0.8982
Epoch 071/300 | train_loss=271.5412 | train_acc=0.1124 | test_loss=46.0191 | test_acc=0.1135
Epoch 075/300 | train_loss=6.9412 | train_acc=0.9819 | test_loss=1.7485 | test_acc=0.8867
Epoch 075/300 | train_loss=271.5423 | train_acc=0.1124 | test_loss=46.0191 | test_acc=0.1135
Epoch 076/300 | train_loss=5.7713 | train_acc=0.9851 | test_loss=1.5760 | test_acc=0.8090
Epoch 078/300 | train_loss=5.1008 | train_acc=0.9865 | test_loss=1.8253 | test_acc=0.9328
Epoch 077/300 | train_loss=7.6080 | train_acc=0.9802 | test_loss=1.7713 | test_acc=0.8152
Epoch 086/300 | train_loss=4.0567 | train_acc=0.9898 | test_loss=1.7990 | test_acc=0.8939
Epoch 072/300 | train_loss=271.5436 | train_acc=0.1124 | test_loss=46.0193 | test_acc=0.1135
Epoch 076/300 | train_loss=6.9618 | train_acc=0.9819 | test_loss=1.9999 | test_acc=0.8352
Epoch 076/300 | train_loss=271.5359 | train_acc=0.1124 | test_loss=46.0193 | test_acc=0.1135
Epoch 077/300 | train_loss=5.3353 | train_acc=0.9863 | test_loss=2.0317 | test_acc=0.8252
Epoch 079/300 | train_loss=4.4779 | train_acc=0.9889 | test_loss=1.9027 | test_acc=0.8611
Epoch 087/300 | train_loss=4.4993 | train_acc=0.9885 | test_loss=1.7053 | test_acc=0.8995
Epoch 078/300 | train_loss=6.5705 | train_acc=0.9831 | test_loss=1.9890 | test_acc=0.8682
Epoch 073/300 | train_loss=271.5391 | train_acc=0.1124 | test_loss=46.0192 | test_acc=0.1135
Epoch 077/300 | train_loss=7.5512 | train_acc=0.9807 | test_loss=1.9940 | test_acc=0.8920
Epoch 077/300 | train_loss=271.5385 | train_acc=0.1124 | test_loss=46.0193 | test_acc=0.1135
Epoch 079/300 | train_loss=6.7884 | train_acc=0.9832 | test_loss=2.4000 | test_acc=0.8156
Epoch 078/300 | train_loss=5.5029 | train_acc=0.9862 | test_loss=2.5228 | test_acc=0.7661
Epoch 080/300 | train_loss=4.5608 | train_acc=0.9883 | test_loss=1.6805 | test_acc=0.8941
Epoch 088/300 | train_loss=4.6978 | train_acc=0.9880 | test_loss=2.0418 | test_acc=0.9351
Epoch 078/300 | train_loss=6.5874 | train_acc=0.9832 | test_loss=2.1123 | test_acc=0.8590
Epoch 074/300 | train_loss=271.5395 | train_acc=0.1124 | test_loss=46.0191 | test_acc=0.1135
Epoch 078/300 | train_loss=271.5436 | train_acc=0.1124 | test_loss=46.0191 | test_acc=0.1135
Epoch 081/300 | train_loss=4.2097 | train_acc=0.9893 | test_loss=1.7545 | test_acc=0.9248
Epoch 080/300 | train_loss=5.9399 | train_acc=0.9849 | test_loss=1.9723 | test_acc=0.7520
Epoch 079/300 | train_loss=7.0491 | train_acc=0.9825 | test_loss=1.8690 | test_acc=0.8542
Epoch 089/300 | train_loss=5.3022 | train_acc=0.9869 | test_loss=1.6864 | test_acc=0.9361
Epoch 079/300 | train_loss=7.0549 | train_acc=0.9821 | test_loss=2.1657 | test_acc=0.8947
Epoch 079/300 | train_loss=271.5378 | train_acc=0.1124 | test_loss=46.0195 | test_acc=0.1135
Epoch 075/300 | train_loss=271.5436 | train_acc=0.1124 | test_loss=46.0192 | test_acc=0.1135
Epoch 082/300 | train_loss=3.7443 | train_acc=0.9905 | test_loss=1.6546 | test_acc=0.8945
Epoch 081/300 | train_loss=7.4509 | train_acc=0.9811 | test_loss=1.7684 | test_acc=0.7388
Epoch 090/300 | train_loss=4.9704 | train_acc=0.9874 | test_loss=1.7657 | test_acc=0.9361
Epoch 080/300 | train_loss=5.2238 | train_acc=0.9870 | test_loss=1.6006 | test_acc=0.8608
Epoch 080/300 | train_loss=6.6773 | train_acc=0.9827 | test_loss=1.8234 | test_acc=0.8684
Epoch 076/300 | train_loss=271.5379 | train_acc=0.1124 | test_loss=46.0195 | test_acc=0.1135
Epoch 080/300 | train_loss=271.5532 | train_acc=0.1124 | test_loss=46.0191 | test_acc=0.1135
Epoch 082/300 | train_loss=6.5841 | train_acc=0.9833 | test_loss=2.0835 | test_acc=0.7700
Epoch 091/300 | train_loss=3.9394 | train_acc=0.9899 | test_loss=1.6780 | test_acc=0.8976
Epoch 083/300 | train_loss=3.9285 | train_acc=0.9901 | test_loss=1.6768 | test_acc=0.9298
Epoch 081/300 | train_loss=5.4891 | train_acc=0.9862 | test_loss=1.8878 | test_acc=0.8699
Epoch 081/300 | train_loss=6.0999 | train_acc=0.9844 | test_loss=1.8373 | test_acc=0.8670
Epoch 081/300 | train_loss=271.5410 | train_acc=0.1124 | test_loss=46.0194 | test_acc=0.1135
Epoch 077/300 | train_loss=271.5361 | train_acc=0.1124 | test_loss=46.0189 | test_acc=0.1135
Epoch 083/300 | train_loss=6.3702 | train_acc=0.9837 | test_loss=2.1043 | test_acc=0.7269
Epoch 092/300 | train_loss=4.8470 | train_acc=0.9871 | test_loss=2.2271 | test_acc=0.9032
Epoch 084/300 | train_loss=4.7892 | train_acc=0.9876 | test_loss=1.6780 | test_acc=0.9047
Epoch 082/300 | train_loss=6.1488 | train_acc=0.9846 | test_loss=1.9197 | test_acc=0.8099
Epoch 082/300 | train_loss=5.4018 | train_acc=0.9862 | test_loss=1.7943 | test_acc=0.8085
Epoch 082/300 | train_loss=271.5370 | train_acc=0.1124 | test_loss=46.0195 | test_acc=0.1135
Epoch 078/300 | train_loss=271.5470 | train_acc=0.1124 | test_loss=46.0190 | test_acc=0.1135
Epoch 093/300 | train_loss=4.3092 | train_acc=0.9891 | test_loss=1.6601 | test_acc=0.9347
Epoch 084/300 | train_loss=6.2285 | train_acc=0.9841 | test_loss=2.1442 | test_acc=0.7230
Epoch 085/300 | train_loss=4.1847 | train_acc=0.9889 | test_loss=1.9098 | test_acc=0.8929
Epoch 083/300 | train_loss=5.3141 | train_acc=0.9870 | test_loss=1.6944 | test_acc=0.8136
Epoch 083/300 | train_loss=6.5652 | train_acc=0.9831 | test_loss=1.7913 | test_acc=0.8773
Epoch 083/300 | train_loss=271.5394 | train_acc=0.1124 | test_loss=46.0194 | test_acc=0.1135
Epoch 094/300 | train_loss=4.4600 | train_acc=0.9886 | test_loss=1.6585 | test_acc=0.9145
Epoch 085/300 | train_loss=5.2934 | train_acc=0.9867 | test_loss=1.9260 | test_acc=0.7097
Epoch 086/300 | train_loss=4.8842 | train_acc=0.9877 | test_loss=1.5616 | test_acc=0.9318
Epoch 079/300 | train_loss=271.5481 | train_acc=0.1124 | test_loss=46.0193 | test_acc=0.1135
Epoch 084/300 | train_loss=5.1994 | train_acc=0.9869 | test_loss=1.7853 | test_acc=0.8215
Epoch 095/300 | train_loss=4.2277 | train_acc=0.9892 | test_loss=1.8231 | test_acc=0.9022
Epoch 084/300 | train_loss=271.5450 | train_acc=0.1124 | test_loss=46.0194 | test_acc=0.1135
Epoch 084/300 | train_loss=5.5797 | train_acc=0.9862 | test_loss=2.0427 | test_acc=0.8872
Epoch 087/300 | train_loss=4.2562 | train_acc=0.9896 | test_loss=1.8598 | test_acc=0.9042
Epoch 086/300 | train_loss=5.7192 | train_acc=0.9858 | test_loss=2.0102 | test_acc=0.8222
Epoch 080/300 | train_loss=271.5424 | train_acc=0.1124 | test_loss=46.0194 | test_acc=0.1135
Epoch 096/300 | train_loss=4.8460 | train_acc=0.9877 | test_loss=3.0622 | test_acc=0.8889
Epoch 085/300 | train_loss=4.7368 | train_acc=0.9882 | test_loss=1.7602 | test_acc=0.8784
Epoch 085/300 | train_loss=6.4527 | train_acc=0.9843 | test_loss=1.5414 | test_acc=0.8869
Epoch 088/300 | train_loss=4.4152 | train_acc=0.9883 | test_loss=1.9434 | test_acc=0.8865
Epoch 085/300 | train_loss=271.5450 | train_acc=0.1124 | test_loss=46.0194 | test_acc=0.1135
Epoch 087/300 | train_loss=5.3304 | train_acc=0.9865 | test_loss=1.9409 | test_acc=0.8186
Epoch 081/300 | train_loss=271.5505 | train_acc=0.1124 | test_loss=46.0191 | test_acc=0.1135
Epoch 097/300 | train_loss=5.1184 | train_acc=0.9866 | test_loss=1.7703 | test_acc=0.9286
Epoch 086/300 | train_loss=5.3962 | train_acc=0.9860 | test_loss=2.3702 | test_acc=0.8057
Epoch 089/300 | train_loss=4.2571 | train_acc=0.9891 | test_loss=2.0435 | test_acc=0.9134
Epoch 086/300 | train_loss=5.4982 | train_acc=0.9863 | test_loss=1.5870 | test_acc=0.9067
Epoch 088/300 | train_loss=5.9696 | train_acc=0.9850 | test_loss=2.6781 | test_acc=0.7690
Epoch 086/300 | train_loss=271.5370 | train_acc=0.1124 | test_loss=46.0194 | test_acc=0.1135
Epoch 082/300 | train_loss=271.5355 | train_acc=0.1124 | test_loss=46.0192 | test_acc=0.1135
Epoch 098/300 | train_loss=4.4123 | train_acc=0.9890 | test_loss=1.9246 | test_acc=0.9229
Epoch 087/300 | train_loss=5.5753 | train_acc=0.9859 | test_loss=1.8650 | test_acc=0.8429
Epoch 087/300 | train_loss=5.7776 | train_acc=0.9853 | test_loss=1.8810 | test_acc=0.9186
Epoch 090/300 | train_loss=4.7927 | train_acc=0.9877 | test_loss=1.7945 | test_acc=0.8866
Epoch 099/300 | train_loss=4.2813 | train_acc=0.9891 | test_loss=1.8673 | test_acc=0.8903
Epoch 089/300 | train_loss=6.2087 | train_acc=0.9843 | test_loss=2.3311 | test_acc=0.8060
Epoch 087/300 | train_loss=271.5437 | train_acc=0.1124 | test_loss=46.0195 | test_acc=0.1135
Epoch 083/300 | train_loss=271.5481 | train_acc=0.1124 | test_loss=46.0194 | test_acc=0.1135
Epoch 088/300 | train_loss=4.9473 | train_acc=0.9876 | test_loss=1.8178 | test_acc=0.8597
Epoch 091/300 | train_loss=5.5325 | train_acc=0.9858 | test_loss=1.6180 | test_acc=0.9214
Epoch 088/300 | train_loss=6.0027 | train_acc=0.9849 | test_loss=2.2019 | test_acc=0.8342
Epoch 100/300 | train_loss=3.8122 | train_acc=0.9906 | test_loss=1.6936 | test_acc=0.9284
Epoch 090/300 | train_loss=6.4542 | train_acc=0.9835 | test_loss=2.1590 | test_acc=0.7518
Epoch 088/300 | train_loss=271.5397 | train_acc=0.1124 | test_loss=46.0195 | test_acc=0.1135
Epoch 084/300 | train_loss=271.5489 | train_acc=0.1124 | test_loss=46.0191 | test_acc=0.1135
Epoch 089/300 | train_loss=5.9131 | train_acc=0.9845 | test_loss=1.9619 | test_acc=0.8406
Epoch 101/300 | train_loss=4.5727 | train_acc=0.9883 | test_loss=1.7312 | test_acc=0.8839
Epoch 092/300 | train_loss=4.3810 | train_acc=0.9889 | test_loss=1.8226 | test_acc=0.8410
Epoch 089/300 | train_loss=5.2877 | train_acc=0.9866 | test_loss=2.0619 | test_acc=0.8682
Epoch 091/300 | train_loss=5.9995 | train_acc=0.9846 | test_loss=2.2619 | test_acc=0.7181
Epoch 089/300 | train_loss=271.5460 | train_acc=0.1124 | test_loss=46.0191 | test_acc=0.1135
Epoch 085/300 | train_loss=271.5441 | train_acc=0.1124 | test_loss=46.0191 | test_acc=0.1135
Epoch 090/300 | train_loss=5.2748 | train_acc=0.9868 | test_loss=1.7204 | test_acc=0.8245
Epoch 102/300 | train_loss=4.1056 | train_acc=0.9899 | test_loss=2.0494 | test_acc=0.8948
Epoch 092/300 | train_loss=5.9140 | train_acc=0.9848 | test_loss=1.9230 | test_acc=0.7255
Epoch 093/300 | train_loss=4.2077 | train_acc=0.9891 | test_loss=1.9148 | test_acc=0.8981
Epoch 090/300 | train_loss=5.9683 | train_acc=0.9848 | test_loss=1.8360 | test_acc=0.8612
Epoch 090/300 | train_loss=271.5455 | train_acc=0.1124 | test_loss=46.0195 | test_acc=0.1135
Epoch 086/300 | train_loss=271.5414 | train_acc=0.1124 | test_loss=46.0190 | test_acc=0.1135
Epoch 103/300 | train_loss=5.2626 | train_acc=0.9870 | test_loss=1.9788 | test_acc=0.8846
Epoch 091/300 | train_loss=5.0607 | train_acc=0.9875 | test_loss=1.8911 | test_acc=0.8487
Epoch 093/300 | train_loss=5.2076 | train_acc=0.9868 | test_loss=2.3762 | test_acc=0.7839
Epoch 094/300 | train_loss=4.0023 | train_acc=0.9898 | test_loss=1.6402 | test_acc=0.9101
Epoch 091/300 | train_loss=5.8681 | train_acc=0.9859 | test_loss=1.9315 | test_acc=0.9047
Epoch 104/300 | train_loss=4.2763 | train_acc=0.9888 | test_loss=1.5198 | test_acc=0.9284
Epoch 087/300 | train_loss=271.5457 | train_acc=0.1124 | test_loss=46.0193 | test_acc=0.1135
Epoch 091/300 | train_loss=271.5511 | train_acc=0.1124 | test_loss=46.0197 | test_acc=0.1135
Epoch 092/300 | train_loss=5.3146 | train_acc=0.9864 | test_loss=1.8519 | test_acc=0.7909
Epoch 095/300 | train_loss=3.3533 | train_acc=0.9917 | test_loss=1.5807 | test_acc=0.9265
Epoch 094/300 | train_loss=5.6691 | train_acc=0.9856 | test_loss=1.9149 | test_acc=0.7788
Epoch 105/300 | train_loss=3.6422 | train_acc=0.9904 | test_loss=1.7964 | test_acc=0.9359
Epoch 092/300 | train_loss=6.6837 | train_acc=0.9819 | test_loss=1.7573 | test_acc=0.8885
Epoch 088/300 | train_loss=271.5430 | train_acc=0.1124 | test_loss=46.0191 | test_acc=0.1135
Epoch 092/300 | train_loss=271.5448 | train_acc=0.1124 | test_loss=46.0193 | test_acc=0.1135
Epoch 093/300 | train_loss=4.9077 | train_acc=0.9879 | test_loss=1.7477 | test_acc=0.8313
Epoch 096/300 | train_loss=3.0852 | train_acc=0.9922 | test_loss=1.8327 | test_acc=0.9133
Epoch 095/300 | train_loss=5.8296 | train_acc=0.9847 | test_loss=2.2061 | test_acc=0.7492
Epoch 106/300 | train_loss=3.3495 | train_acc=0.9914 | test_loss=1.6765 | test_acc=0.9303
Epoch 093/300 | train_loss=5.1231 | train_acc=0.9868 | test_loss=1.8000 | test_acc=0.8599
Epoch 089/300 | train_loss=271.5419 | train_acc=0.1124 | test_loss=46.0191 | test_acc=0.1135
Epoch 094/300 | train_loss=4.8174 | train_acc=0.9875 | test_loss=1.6320 | test_acc=0.8424
Epoch 093/300 | train_loss=271.5426 | train_acc=0.1124 | test_loss=46.0189 | test_acc=0.1135
Epoch 107/300 | train_loss=4.0672 | train_acc=0.9896 | test_loss=1.7614 | test_acc=0.9352
Epoch 097/300 | train_loss=4.7342 | train_acc=0.9881 | test_loss=1.6601 | test_acc=0.9016
Epoch 096/300 | train_loss=6.1237 | train_acc=0.9844 | test_loss=2.0781 | test_acc=0.8256
Epoch 094/300 | train_loss=5.8138 | train_acc=0.9853 | test_loss=1.8609 | test_acc=0.8485
Epoch 090/300 | train_loss=271.5389 | train_acc=0.1124 | test_loss=46.0193 | test_acc=0.1135
Epoch 095/300 | train_loss=4.0034 | train_acc=0.9903 | test_loss=1.6892 | test_acc=0.8428
Epoch 094/300 | train_loss=271.5401 | train_acc=0.1124 | test_loss=46.0192 | test_acc=0.1135
Epoch 097/300 | train_loss=5.4766 | train_acc=0.9857 | test_loss=1.7733 | test_acc=0.8317
Epoch 108/300 | train_loss=4.9519 | train_acc=0.9873 | test_loss=1.7486 | test_acc=0.9247
Epoch 098/300 | train_loss=3.6903 | train_acc=0.9908 | test_loss=1.5557 | test_acc=0.9119
Epoch 095/300 | train_loss=6.7010 | train_acc=0.9833 | test_loss=1.6586 | test_acc=0.9105
Epoch 091/300 | train_loss=271.5487 | train_acc=0.1124 | test_loss=46.0193 | test_acc=0.1135
Epoch 096/300 | train_loss=4.7776 | train_acc=0.9877 | test_loss=2.0989 | test_acc=0.9124
Epoch 109/300 | train_loss=3.9453 | train_acc=0.9897 | test_loss=2.4061 | test_acc=0.8842
Epoch 098/300 | train_loss=5.5808 | train_acc=0.9861 | test_loss=1.6870 | test_acc=0.7463
Epoch 099/300 | train_loss=3.6402 | train_acc=0.9905 | test_loss=2.3268 | test_acc=0.8724
Epoch 095/300 | train_loss=271.5408 | train_acc=0.1124 | test_loss=46.0192 | test_acc=0.1135
Epoch 092/300 | train_loss=271.5432 | train_acc=0.1124 | test_loss=46.0194 | test_acc=0.1135
Epoch 096/300 | train_loss=5.6031 | train_acc=0.9859 | test_loss=1.8228 | test_acc=0.9025
Epoch 097/300 | train_loss=5.9774 | train_acc=0.9856 | test_loss=1.8253 | test_acc=0.8541
Epoch 110/300 | train_loss=3.1204 | train_acc=0.9920 | test_loss=2.0300 | test_acc=0.9265
Epoch 099/300 | train_loss=5.9890 | train_acc=0.9846 | test_loss=1.9145 | test_acc=0.7203
Epoch 100/300 | train_loss=4.5696 | train_acc=0.9880 | test_loss=1.8573 | test_acc=0.9001
Epoch 096/300 | train_loss=271.5442 | train_acc=0.1124 | test_loss=46.0195 | test_acc=0.1135
Epoch 111/300 | train_loss=4.0106 | train_acc=0.9894 | test_loss=2.0513 | test_acc=0.8872
Epoch 093/300 | train_loss=271.5471 | train_acc=0.1124 | test_loss=46.0191 | test_acc=0.1135
Epoch 097/300 | train_loss=6.1862 | train_acc=0.9839 | test_loss=1.8198 | test_acc=0.8719
Epoch 098/300 | train_loss=3.6373 | train_acc=0.9911 | test_loss=1.9085 | test_acc=0.8130
Epoch 100/300 | train_loss=6.9611 | train_acc=0.9824 | test_loss=2.0311 | test_acc=0.8146
Epoch 101/300 | train_loss=3.3637 | train_acc=0.9917 | test_loss=1.8244 | test_acc=0.9303
Epoch 112/300 | train_loss=4.1953 | train_acc=0.9894 | test_loss=1.9828 | test_acc=0.8776
Epoch 097/300 | train_loss=271.5426 | train_acc=0.1124 | test_loss=46.0194 | test_acc=0.1135
Epoch 094/300 | train_loss=271.5454 | train_acc=0.1124 | test_loss=46.0193 | test_acc=0.1135
Epoch 098/300 | train_loss=4.6666 | train_acc=0.9879 | test_loss=2.0753 | test_acc=0.8952
Epoch 099/300 | train_loss=6.3877 | train_acc=0.9839 | test_loss=1.6939 | test_acc=0.7952
Epoch 101/300 | train_loss=6.2684 | train_acc=0.9841 | test_loss=1.7652 | test_acc=0.8550
Epoch 102/300 | train_loss=3.3697 | train_acc=0.9918 | test_loss=1.9993 | test_acc=0.9207
Epoch 113/300 | train_loss=4.0525 | train_acc=0.9895 | test_loss=1.7265 | test_acc=0.9317
Epoch 098/300 | train_loss=271.5466 | train_acc=0.1124 | test_loss=46.0195 | test_acc=0.1135
Epoch 099/300 | train_loss=6.2311 | train_acc=0.9837 | test_loss=1.9950 | test_acc=0.8487
Epoch 095/300 | train_loss=271.5438 | train_acc=0.1124 | test_loss=46.0191 | test_acc=0.1135
Epoch 100/300 | train_loss=5.3159 | train_acc=0.9866 | test_loss=1.8473 | test_acc=0.8023
Epoch 102/300 | train_loss=5.4677 | train_acc=0.9858 | test_loss=1.9942 | test_acc=0.7514
Epoch 103/300 | train_loss=4.7893 | train_acc=0.9878 | test_loss=1.7904 | test_acc=0.9345
Epoch 114/300 | train_loss=4.5719 | train_acc=0.9882 | test_loss=1.5758 | test_acc=0.9170
Epoch 099/300 | train_loss=271.5372 | train_acc=0.1124 | test_loss=46.0189 | test_acc=0.1135
Epoch 100/300 | train_loss=6.9133 | train_acc=0.9823 | test_loss=1.8524 | test_acc=0.9050
Epoch 101/300 | train_loss=5.3612 | train_acc=0.9863 | test_loss=1.8041 | test_acc=0.8293
Epoch 096/300 | train_loss=271.5399 | train_acc=0.1124 | test_loss=46.0197 | test_acc=0.1135
Epoch 103/300 | train_loss=5.4155 | train_acc=0.9865 | test_loss=1.9792 | test_acc=0.8363
Epoch 104/300 | train_loss=2.9409 | train_acc=0.9921 | test_loss=1.6135 | test_acc=0.9165
Epoch 115/300 | train_loss=4.5299 | train_acc=0.9884 | test_loss=2.1440 | test_acc=0.9078
Epoch 100/300 | train_loss=271.5447 | train_acc=0.1124 | test_loss=46.0192 | test_acc=0.1135
Epoch 104/300 | train_loss=5.3837 | train_acc=0.9864 | test_loss=1.9747 | test_acc=0.7918
Epoch 102/300 | train_loss=4.3430 | train_acc=0.9896 | test_loss=1.8406 | test_acc=0.8082
Epoch 101/300 | train_loss=4.9923 | train_acc=0.9871 | test_loss=1.5895 | test_acc=0.8725
Epoch 097/300 | train_loss=271.5461 | train_acc=0.1124 | test_loss=46.0192 | test_acc=0.1135
Epoch 105/300 | train_loss=3.0987 | train_acc=0.9917 | test_loss=1.9635 | test_acc=0.8962
Epoch 116/300 | train_loss=3.4237 | train_acc=0.9913 | test_loss=1.4865 | test_acc=0.9327
Epoch 101/300 | train_loss=271.5442 | train_acc=0.1124 | test_loss=46.0193 | test_acc=0.1135
Epoch 105/300 | train_loss=4.7157 | train_acc=0.9879 | test_loss=1.6426 | test_acc=0.7828
Epoch 102/300 | train_loss=4.7966 | train_acc=0.9881 | test_loss=2.0713 | test_acc=0.8670
Epoch 103/300 | train_loss=4.9264 | train_acc=0.9872 | test_loss=1.9706 | test_acc=0.8886
Epoch 117/300 | train_loss=2.9858 | train_acc=0.9924 | test_loss=1.4700 | test_acc=0.9155
Epoch 098/300 | train_loss=271.5513 | train_acc=0.1124 | test_loss=46.0193 | test_acc=0.1135
Epoch 106/300 | train_loss=3.9641 | train_acc=0.9895 | test_loss=1.6704 | test_acc=0.8798
Epoch 102/300 | train_loss=271.5439 | train_acc=0.1124 | test_loss=46.0189 | test_acc=0.1135
Epoch 106/300 | train_loss=5.3839 | train_acc=0.9862 | test_loss=1.8590 | test_acc=0.7241
Epoch 118/300 | train_loss=3.5147 | train_acc=0.9914 | test_loss=1.5234 | test_acc=0.9351
Epoch 104/300 | train_loss=5.3467 | train_acc=0.9866 | test_loss=2.0459 | test_acc=0.8303
Epoch 103/300 | train_loss=5.2401 | train_acc=0.9869 | test_loss=1.9470 | test_acc=0.8826
Epoch 107/300 | train_loss=3.8685 | train_acc=0.9898 | test_loss=1.3825 | test_acc=0.9086
Epoch 099/300 | train_loss=271.5445 | train_acc=0.1124 | test_loss=46.0193 | test_acc=0.1135
Epoch 103/300 | train_loss=271.5417 | train_acc=0.1124 | test_loss=46.0189 | test_acc=0.1135
Epoch 107/300 | train_loss=4.9178 | train_acc=0.9870 | test_loss=1.7757 | test_acc=0.8899
Epoch 119/300 | train_loss=3.9031 | train_acc=0.9902 | test_loss=2.2911 | test_acc=0.9214
Epoch 105/300 | train_loss=5.5985 | train_acc=0.9860 | test_loss=1.8561 | test_acc=0.8794
Epoch 108/300 | train_loss=3.1047 | train_acc=0.9916 | test_loss=1.8717 | test_acc=0.8702
Epoch 104/300 | train_loss=5.4414 | train_acc=0.9860 | test_loss=1.8527 | test_acc=0.8877
Epoch 100/300 | train_loss=271.5376 | train_acc=0.1124 | test_loss=46.0194 | test_acc=0.1135
Epoch 104/300 | train_loss=271.5295 | train_acc=0.1124 | test_loss=46.0191 | test_acc=0.1135
Epoch 108/300 | train_loss=5.2078 | train_acc=0.9870 | test_loss=2.1130 | test_acc=0.7993
Epoch 120/300 | train_loss=4.1073 | train_acc=0.9897 | test_loss=1.5524 | test_acc=0.9389
Epoch 106/300 | train_loss=5.1101 | train_acc=0.9869 | test_loss=1.9267 | test_acc=0.8781
Epoch 109/300 | train_loss=3.0845 | train_acc=0.9919 | test_loss=1.6294 | test_acc=0.8897
Epoch 105/300 | train_loss=4.8212 | train_acc=0.9877 | test_loss=1.8679 | test_acc=0.8901
Epoch 101/300 | train_loss=271.5351 | train_acc=0.1124 | test_loss=46.0189 | test_acc=0.1135
Epoch 105/300 | train_loss=271.5382 | train_acc=0.1124 | test_loss=46.0188 | test_acc=0.1135
Epoch 121/300 | train_loss=3.5789 | train_acc=0.9911 | test_loss=1.4932 | test_acc=0.9273
Epoch 109/300 | train_loss=5.0385 | train_acc=0.9865 | test_loss=1.8133 | test_acc=0.8455
Epoch 107/300 | train_loss=4.4333 | train_acc=0.9888 | test_loss=1.6550 | test_acc=0.8683
Epoch 110/300 | train_loss=4.5627 | train_acc=0.9879 | test_loss=2.4915 | test_acc=0.8651
Epoch 106/300 | train_loss=4.5501 | train_acc=0.9883 | test_loss=1.6010 | test_acc=0.9096
Epoch 102/300 | train_loss=271.5433 | train_acc=0.1124 | test_loss=46.0186 | test_acc=0.1135
Epoch 122/300 | train_loss=4.0737 | train_acc=0.9898 | test_loss=1.5919 | test_acc=0.9400
Epoch 110/300 | train_loss=4.2560 | train_acc=0.9890 | test_loss=1.9103 | test_acc=0.8185
Epoch 106/300 | train_loss=271.5430 | train_acc=0.1124 | test_loss=46.0190 | test_acc=0.1135
Epoch 111/300 | train_loss=4.3129 | train_acc=0.9887 | test_loss=1.7991 | test_acc=0.9053
Epoch 108/300 | train_loss=3.5162 | train_acc=0.9912 | test_loss=1.7469 | test_acc=0.7674
Epoch 107/300 | train_loss=4.8145 | train_acc=0.9873 | test_loss=1.9100 | test_acc=0.9135
Epoch 123/300 | train_loss=3.8778 | train_acc=0.9903 | test_loss=1.9374 | test_acc=0.9095
Epoch 103/300 | train_loss=271.5424 | train_acc=0.1124 | test_loss=46.0190 | test_acc=0.1135
Epoch 111/300 | train_loss=4.6847 | train_acc=0.9879 | test_loss=2.1258 | test_acc=0.6947
Epoch 107/300 | train_loss=271.5502 | train_acc=0.1124 | test_loss=46.0189 | test_acc=0.1135
Epoch 112/300 | train_loss=3.3865 | train_acc=0.9911 | test_loss=1.6318 | test_acc=0.9119
Epoch 108/300 | train_loss=5.2342 | train_acc=0.9866 | test_loss=1.8555 | test_acc=0.8809
Epoch 109/300 | train_loss=4.7999 | train_acc=0.9873 | test_loss=1.7862 | test_acc=0.8516
Epoch 124/300 | train_loss=3.8666 | train_acc=0.9903 | test_loss=1.7538 | test_acc=0.9221
Epoch 104/300 | train_loss=271.5406 | train_acc=0.1124 | test_loss=46.0194 | test_acc=0.1135
Epoch 112/300 | train_loss=4.5814 | train_acc=0.9880 | test_loss=1.8771 | test_acc=0.7732
Epoch 108/300 | train_loss=271.5347 | train_acc=0.1124 | test_loss=46.0191 | test_acc=0.1135
Epoch 113/300 | train_loss=3.6812 | train_acc=0.9902 | test_loss=1.9626 | test_acc=0.8992
Epoch 110/300 | train_loss=3.9917 | train_acc=0.9901 | test_loss=2.1104 | test_acc=0.7982
Epoch 125/300 | train_loss=3.8726 | train_acc=0.9899 | test_loss=1.6699 | test_acc=0.9163
Epoch 109/300 | train_loss=4.7819 | train_acc=0.9877 | test_loss=1.5980 | test_acc=0.8953
Epoch 105/300 | train_loss=271.5403 | train_acc=0.1124 | test_loss=46.0197 | test_acc=0.1135
Epoch 113/300 | train_loss=4.2697 | train_acc=0.9890 | test_loss=1.8038 | test_acc=0.7685
Epoch 114/300 | train_loss=2.8521 | train_acc=0.9930 | test_loss=1.7905 | test_acc=0.9153
Epoch 109/300 | train_loss=271.5437 | train_acc=0.1124 | test_loss=46.0192 | test_acc=0.1135
Epoch 126/300 | train_loss=3.4297 | train_acc=0.9911 | test_loss=1.8400 | test_acc=0.9421
Epoch 111/300 | train_loss=5.5193 | train_acc=0.9861 | test_loss=2.0292 | test_acc=0.8122
Epoch 110/300 | train_loss=4.4539 | train_acc=0.9888 | test_loss=1.8071 | test_acc=0.8766
Epoch 106/300 | train_loss=271.5401 | train_acc=0.1124 | test_loss=46.0197 | test_acc=0.1135
Epoch 114/300 | train_loss=5.2573 | train_acc=0.9865 | test_loss=1.8318 | test_acc=0.7932
Epoch 115/300 | train_loss=2.9299 | train_acc=0.9927 | test_loss=1.6503 | test_acc=0.8814
Epoch 127/300 | train_loss=3.1324 | train_acc=0.9918 | test_loss=1.8335 | test_acc=0.9206
Epoch 110/300 | train_loss=271.5393 | train_acc=0.1124 | test_loss=46.0192 | test_acc=0.1135
Epoch 112/300 | train_loss=4.1681 | train_acc=0.9895 | test_loss=1.6775 | test_acc=0.8386
Epoch 111/300 | train_loss=4.9209 | train_acc=0.9873 | test_loss=1.7547 | test_acc=0.9096
Epoch 115/300 | train_loss=5.6879 | train_acc=0.9855 | test_loss=1.9136 | test_acc=0.8270
Epoch 107/300 | train_loss=271.5416 | train_acc=0.1124 | test_loss=46.0194 | test_acc=0.1135
Epoch 128/300 | train_loss=4.0910 | train_acc=0.9890 | test_loss=1.7378 | test_acc=0.9008
Epoch 116/300 | train_loss=3.6877 | train_acc=0.9905 | test_loss=1.8915 | test_acc=0.9052
Epoch 111/300 | train_loss=271.5505 | train_acc=0.1124 | test_loss=46.0190 | test_acc=0.1135
Epoch 113/300 | train_loss=4.4279 | train_acc=0.9885 | test_loss=1.8058 | test_acc=0.8640
Epoch 112/300 | train_loss=4.8717 | train_acc=0.9878 | test_loss=1.6760 | test_acc=0.8937
Epoch 129/300 | train_loss=4.4241 | train_acc=0.9888 | test_loss=2.0995 | test_acc=0.9068
Epoch 117/300 | train_loss=3.5045 | train_acc=0.9911 | test_loss=1.8084 | test_acc=0.9358
Epoch 116/300 | train_loss=4.9175 | train_acc=0.9874 | test_loss=2.0517 | test_acc=0.7607
Epoch 108/300 | train_loss=271.5495 | train_acc=0.1124 | test_loss=46.0195 | test_acc=0.1135
Epoch 112/300 | train_loss=271.5419 | train_acc=0.1124 | test_loss=46.0194 | test_acc=0.1135
Epoch 114/300 | train_loss=3.9780 | train_acc=0.9898 | test_loss=2.3815 | test_acc=0.7219
Epoch 130/300 | train_loss=4.5783 | train_acc=0.9882 | test_loss=2.0263 | test_acc=0.8975
Epoch 113/300 | train_loss=4.8115 | train_acc=0.9873 | test_loss=1.6566 | test_acc=0.8799
Epoch 118/300 | train_loss=3.3766 | train_acc=0.9910 | test_loss=1.5013 | test_acc=0.8889
Epoch 109/300 | train_loss=271.5432 | train_acc=0.1124 | test_loss=46.0191 | test_acc=0.1135
Epoch 117/300 | train_loss=4.3734 | train_acc=0.9885 | test_loss=1.8149 | test_acc=0.6978
Epoch 113/300 | train_loss=271.5372 | train_acc=0.1124 | test_loss=46.0193 | test_acc=0.1135
Epoch 115/300 | train_loss=4.2183 | train_acc=0.9892 | test_loss=1.7858 | test_acc=0.8657
Epoch 131/300 | train_loss=3.1805 | train_acc=0.9920 | test_loss=1.4015 | test_acc=0.9393
Epoch 118/300 | train_loss=4.7341 | train_acc=0.9877 | test_loss=1.7652 | test_acc=0.7773
Epoch 114/300 | train_loss=5.8906 | train_acc=0.9848 | test_loss=1.8069 | test_acc=0.9148
Epoch 119/300 | train_loss=3.0159 | train_acc=0.9925 | test_loss=1.6971 | test_acc=0.8919
Epoch 110/300 | train_loss=271.5485 | train_acc=0.1124 | test_loss=46.0194 | test_acc=0.1135
Epoch 132/300 | train_loss=2.9190 | train_acc=0.9925 | test_loss=1.7160 | test_acc=0.9261
Epoch 116/300 | train_loss=4.2547 | train_acc=0.9900 | test_loss=1.7048 | test_acc=0.8359
Epoch 114/300 | train_loss=271.5423 | train_acc=0.1124 | test_loss=46.0193 | test_acc=0.1135
Epoch 119/300 | train_loss=4.5319 | train_acc=0.9886 | test_loss=1.7406 | test_acc=0.7825
Epoch 120/300 | train_loss=3.9331 | train_acc=0.9901 | test_loss=2.0468 | test_acc=0.8640
Epoch 115/300 | train_loss=4.6327 | train_acc=0.9883 | test_loss=1.5406 | test_acc=0.9165
Epoch 111/300 | train_loss=271.5409 | train_acc=0.1124 | test_loss=46.0196 | test_acc=0.1135
Epoch 133/300 | train_loss=3.2593 | train_acc=0.9917 | test_loss=1.8255 | test_acc=0.9164
Epoch 117/300 | train_loss=5.6799 | train_acc=0.9851 | test_loss=1.8144 | test_acc=0.7933
Epoch 115/300 | train_loss=271.5491 | train_acc=0.1124 | test_loss=46.0188 | test_acc=0.1135
Epoch 121/300 | train_loss=3.8989 | train_acc=0.9902 | test_loss=1.5726 | test_acc=0.9282
Epoch 120/300 | train_loss=5.1617 | train_acc=0.9863 | test_loss=2.2350 | test_acc=0.7350
Epoch 116/300 | train_loss=4.0629 | train_acc=0.9893 | test_loss=2.0226 | test_acc=0.8505
Epoch 112/300 | train_loss=271.5493 | train_acc=0.1124 | test_loss=46.0196 | test_acc=0.1135
Epoch 134/300 | train_loss=3.0166 | train_acc=0.9919 | test_loss=2.2639 | test_acc=0.8960
Epoch 118/300 | train_loss=3.9850 | train_acc=0.9901 | test_loss=2.0386 | test_acc=0.8795
Epoch 116/300 | train_loss=271.5427 | train_acc=0.1124 | test_loss=46.0192 | test_acc=0.1135
Epoch 122/300 | train_loss=2.2271 | train_acc=0.9942 | test_loss=1.5716 | test_acc=0.9165
Epoch 117/300 | train_loss=5.1861 | train_acc=0.9866 | test_loss=1.6890 | test_acc=0.8839
Epoch 121/300 | train_loss=4.9557 | train_acc=0.9876 | test_loss=1.7242 | test_acc=0.7617
Epoch 113/300 | train_loss=271.5375 | train_acc=0.1124 | test_loss=46.0194 | test_acc=0.1135
Epoch 135/300 | train_loss=2.0736 | train_acc=0.9948 | test_loss=1.7166 | test_acc=0.9337
Epoch 119/300 | train_loss=3.9884 | train_acc=0.9898 | test_loss=1.9247 | test_acc=0.8655
Epoch 117/300 | train_loss=271.5374 | train_acc=0.1124 | test_loss=46.0201 | test_acc=0.1135
Epoch 123/300 | train_loss=3.4613 | train_acc=0.9914 | test_loss=1.6032 | test_acc=0.9186
Epoch 122/300 | train_loss=4.8729 | train_acc=0.9878 | test_loss=1.9371 | test_acc=0.7630
Epoch 118/300 | train_loss=3.8772 | train_acc=0.9899 | test_loss=1.7325 | test_acc=0.8913
Epoch 136/300 | train_loss=3.0030 | train_acc=0.9922 | test_loss=2.3515 | test_acc=0.9056
Epoch 114/300 | train_loss=271.5479 | train_acc=0.1124 | test_loss=46.0192 | test_acc=0.1135
Epoch 120/300 | train_loss=4.2201 | train_acc=0.9893 | test_loss=2.2534 | test_acc=0.7913
Epoch 118/300 | train_loss=271.5443 | train_acc=0.1124 | test_loss=46.0198 | test_acc=0.1135
Epoch 123/300 | train_loss=5.9695 | train_acc=0.9842 | test_loss=2.0143 | test_acc=0.8778
Epoch 124/300 | train_loss=3.5686 | train_acc=0.9912 | test_loss=1.5970 | test_acc=0.8774
Epoch 137/300 | train_loss=5.0725 | train_acc=0.9874 | test_loss=2.0587 | test_acc=0.9104
Epoch 119/300 | train_loss=3.9275 | train_acc=0.9900 | test_loss=2.1155 | test_acc=0.8849
Epoch 115/300 | train_loss=271.5407 | train_acc=0.1124 | test_loss=46.0193 | test_acc=0.1135
Epoch 121/300 | train_loss=4.3697 | train_acc=0.9887 | test_loss=1.9955 | test_acc=0.7978
Epoch 119/300 | train_loss=271.5538 | train_acc=0.1124 | test_loss=46.0195 | test_acc=0.1135
Epoch 138/300 | train_loss=4.2498 | train_acc=0.9890 | test_loss=1.8655 | test_acc=0.9132
Epoch 125/300 | train_loss=3.5388 | train_acc=0.9906 | test_loss=1.6618 | test_acc=0.9115
Epoch 124/300 | train_loss=4.5969 | train_acc=0.9880 | test_loss=1.8847 | test_acc=0.8343
Epoch 120/300 | train_loss=6.0077 | train_acc=0.9847 | test_loss=1.7083 | test_acc=0.9006
Epoch 122/300 | train_loss=4.5446 | train_acc=0.9883 | test_loss=1.6171 | test_acc=0.8272
Epoch 116/300 | train_loss=271.5439 | train_acc=0.1124 | test_loss=46.0190 | test_acc=0.1135
Epoch 139/300 | train_loss=4.1615 | train_acc=0.9896 | test_loss=2.2930 | test_acc=0.9128
Epoch 120/300 | train_loss=271.5419 | train_acc=0.1124 | test_loss=46.0194 | test_acc=0.1135
Epoch 126/300 | train_loss=3.2841 | train_acc=0.9915 | test_loss=2.5765 | test_acc=0.8226
Epoch 125/300 | train_loss=4.9994 | train_acc=0.9874 | test_loss=1.9249 | test_acc=0.7232
Epoch 121/300 | train_loss=5.1475 | train_acc=0.9865 | test_loss=1.6630 | test_acc=0.8881
Epoch 123/300 | train_loss=3.3869 | train_acc=0.9916 | test_loss=1.5588 | test_acc=0.8547
Epoch 117/300 | train_loss=271.5437 | train_acc=0.1124 | test_loss=46.0190 | test_acc=0.1135
Epoch 140/300 | train_loss=3.2740 | train_acc=0.9921 | test_loss=1.7936 | test_acc=0.9423
Epoch 127/300 | train_loss=3.0796 | train_acc=0.9916 | test_loss=1.8333 | test_acc=0.9109
Epoch 121/300 | train_loss=271.5388 | train_acc=0.1124 | test_loss=46.0190 | test_acc=0.1135
Epoch 126/300 | train_loss=4.2976 | train_acc=0.9890 | test_loss=2.4333 | test_acc=0.7361
Epoch 122/300 | train_loss=4.6980 | train_acc=0.9881 | test_loss=1.5036 | test_acc=0.8892
Epoch 124/300 | train_loss=5.1992 | train_acc=0.9872 | test_loss=1.7164 | test_acc=0.8612
Epoch 141/300 | train_loss=2.5262 | train_acc=0.9938 | test_loss=1.7222 | test_acc=0.9361
Epoch 118/300 | train_loss=271.5426 | train_acc=0.1124 | test_loss=46.0192 | test_acc=0.1135
Epoch 127/300 | train_loss=5.2012 | train_acc=0.9868 | test_loss=1.6684 | test_acc=0.8161
Epoch 123/300 | train_loss=4.8918 | train_acc=0.9869 | test_loss=1.3893 | test_acc=0.9098
Epoch 128/300 | train_loss=2.3186 | train_acc=0.9941 | test_loss=1.6902 | test_acc=0.9036
Epoch 122/300 | train_loss=271.5424 | train_acc=0.1124 | test_loss=46.0193 | test_acc=0.1135
Epoch 125/300 | train_loss=4.4455 | train_acc=0.9886 | test_loss=2.0147 | test_acc=0.8176
Epoch 142/300 | train_loss=2.3268 | train_acc=0.9939 | test_loss=1.5839 | test_acc=0.9430
Epoch 119/300 | train_loss=271.5462 | train_acc=0.1124 | test_loss=46.0194 | test_acc=0.1135
Epoch 128/300 | train_loss=4.4754 | train_acc=0.9881 | test_loss=2.0270 | test_acc=0.7686
Epoch 129/300 | train_loss=2.5699 | train_acc=0.9932 | test_loss=1.7007 | test_acc=0.9255
Epoch 124/300 | train_loss=4.5982 | train_acc=0.9885 | test_loss=1.6202 | test_acc=0.8560
Epoch 123/300 | train_loss=271.5404 | train_acc=0.1124 | test_loss=46.0196 | test_acc=0.1135
Epoch 143/300 | train_loss=2.7185 | train_acc=0.9935 | test_loss=1.5966 | test_acc=0.9325
Epoch 126/300 | train_loss=3.7018 | train_acc=0.9909 | test_loss=1.7247 | test_acc=0.8191
Epoch 129/300 | train_loss=4.6326 | train_acc=0.9879 | test_loss=1.8169 | test_acc=0.7945
Epoch 120/300 | train_loss=271.5474 | train_acc=0.1124 | test_loss=46.0190 | test_acc=0.1135
Epoch 130/300 | train_loss=2.5756 | train_acc=0.9931 | test_loss=1.5173 | test_acc=0.9251
Epoch 125/300 | train_loss=4.5449 | train_acc=0.9881 | test_loss=1.5077 | test_acc=0.9152
Epoch 124/300 | train_loss=271.5367 | train_acc=0.1124 | test_loss=46.0189 | test_acc=0.1135
Epoch 144/300 | train_loss=2.8240 | train_acc=0.9928 | test_loss=1.5863 | test_acc=0.9289
Epoch 127/300 | train_loss=3.2126 | train_acc=0.9921 | test_loss=1.8820 | test_acc=0.8515
Epoch 130/300 | train_loss=3.8099 | train_acc=0.9903 | test_loss=1.7293 | test_acc=0.8465
Epoch 121/300 | train_loss=271.5511 | train_acc=0.1124 | test_loss=46.0191 | test_acc=0.1135
Epoch 131/300 | train_loss=2.7422 | train_acc=0.9926 | test_loss=1.7524 | test_acc=0.8783
Epoch 126/300 | train_loss=4.5836 | train_acc=0.9886 | test_loss=1.8096 | test_acc=0.9242
Epoch 145/300 | train_loss=3.0933 | train_acc=0.9923 | test_loss=1.6571 | test_acc=0.9326
Epoch 125/300 | train_loss=271.5382 | train_acc=0.1124 | test_loss=46.0193 | test_acc=0.1135
Epoch 131/300 | train_loss=3.9070 | train_acc=0.9898 | test_loss=2.0569 | test_acc=0.6967
Epoch 128/300 | train_loss=4.4026 | train_acc=0.9886 | test_loss=2.7943 | test_acc=0.8263
Epoch 122/300 | train_loss=271.5465 | train_acc=0.1124 | test_loss=46.0192 | test_acc=0.1135
Epoch 132/300 | train_loss=2.6967 | train_acc=0.9931 | test_loss=1.9122 | test_acc=0.9092
Epoch 127/300 | train_loss=4.3189 | train_acc=0.9888 | test_loss=1.9407 | test_acc=0.8797
Epoch 146/300 | train_loss=2.8047 | train_acc=0.9927 | test_loss=1.7053 | test_acc=0.9278
Epoch 126/300 | train_loss=271.5399 | train_acc=0.1124 | test_loss=46.0196 | test_acc=0.1135
Epoch 132/300 | train_loss=3.6258 | train_acc=0.9907 | test_loss=1.7036 | test_acc=0.7823
Epoch 129/300 | train_loss=4.5905 | train_acc=0.9881 | test_loss=1.6845 | test_acc=0.8477
Epoch 123/300 | train_loss=271.5382 | train_acc=0.1124 | test_loss=46.0191 | test_acc=0.1135
Epoch 133/300 | train_loss=3.3142 | train_acc=0.9918 | test_loss=1.6257 | test_acc=0.9213
Epoch 147/300 | train_loss=4.4382 | train_acc=0.9894 | test_loss=2.2460 | test_acc=0.9337
Epoch 128/300 | train_loss=4.2962 | train_acc=0.9892 | test_loss=1.5420 | test_acc=0.8901
Epoch 127/300 | train_loss=271.5464 | train_acc=0.1124 | test_loss=46.0197 | test_acc=0.1135
Epoch 133/300 | train_loss=4.0037 | train_acc=0.9895 | test_loss=1.7924 | test_acc=0.7937
Epoch 130/300 | train_loss=3.5471 | train_acc=0.9910 | test_loss=1.7930 | test_acc=0.8053
Epoch 134/300 | train_loss=3.0272 | train_acc=0.9924 | test_loss=1.6560 | test_acc=0.9029
Epoch 148/300 | train_loss=3.5657 | train_acc=0.9903 | test_loss=1.6405 | test_acc=0.9472
Epoch 124/300 | train_loss=271.5432 | train_acc=0.1124 | test_loss=46.0191 | test_acc=0.1135
Epoch 129/300 | train_loss=3.8526 | train_acc=0.9898 | test_loss=1.5884 | test_acc=0.9030
Epoch 128/300 | train_loss=271.5332 | train_acc=0.1124 | test_loss=46.0191 | test_acc=0.1135
Epoch 134/300 | train_loss=4.6896 | train_acc=0.9881 | test_loss=1.7662 | test_acc=0.8219
Epoch 131/300 | train_loss=4.0058 | train_acc=0.9899 | test_loss=1.6860 | test_acc=0.8495
Epoch 135/300 | train_loss=3.8355 | train_acc=0.9900 | test_loss=1.7540 | test_acc=0.8676
Epoch 149/300 | train_loss=2.7157 | train_acc=0.9933 | test_loss=1.9224 | test_acc=0.9291
Epoch 125/300 | train_loss=271.5448 | train_acc=0.1124 | test_loss=46.0191 | test_acc=0.1135
Epoch 130/300 | train_loss=3.9831 | train_acc=0.9898 | test_loss=1.8014 | test_acc=0.8963
Epoch 129/300 | train_loss=271.5368 | train_acc=0.1124 | test_loss=46.0190 | test_acc=0.1135
Epoch 135/300 | train_loss=3.8409 | train_acc=0.9900 | test_loss=2.2090 | test_acc=0.7132
Epoch 150/300 | train_loss=4.2988 | train_acc=0.9888 | test_loss=1.6554 | test_acc=0.9308
Epoch 132/300 | train_loss=3.2901 | train_acc=0.9918 | test_loss=1.8153 | test_acc=0.8889
Epoch 136/300 | train_loss=2.9204 | train_acc=0.9925 | test_loss=1.8114 | test_acc=0.8808
Epoch 126/300 | train_loss=271.5415 | train_acc=0.1124 | test_loss=46.0190 | test_acc=0.1135
Epoch 131/300 | train_loss=4.4750 | train_acc=0.9884 | test_loss=1.4949 | test_acc=0.9114
Epoch 130/300 | train_loss=271.5424 | train_acc=0.1124 | test_loss=46.0190 | test_acc=0.1135
Epoch 151/300 | train_loss=3.2927 | train_acc=0.9915 | test_loss=1.5623 | test_acc=0.9232
Epoch 137/300 | train_loss=2.9470 | train_acc=0.9921 | test_loss=1.6742 | test_acc=0.9264
Epoch 136/300 | train_loss=4.9826 | train_acc=0.9875 | test_loss=1.9516 | test_acc=0.8105
Epoch 133/300 | train_loss=3.2646 | train_acc=0.9918 | test_loss=2.0328 | test_acc=0.8341
Epoch 127/300 | train_loss=271.5387 | train_acc=0.1124 | test_loss=46.0194 | test_acc=0.1135
Epoch 132/300 | train_loss=4.3077 | train_acc=0.9885 | test_loss=1.6730 | test_acc=0.8584
Epoch 137/300 | train_loss=4.8630 | train_acc=0.9873 | test_loss=2.0185 | test_acc=0.7317
Epoch 152/300 | train_loss=2.5515 | train_acc=0.9934 | test_loss=1.5487 | test_acc=0.9468
Epoch 131/300 | train_loss=271.5452 | train_acc=0.1124 | test_loss=46.0191 | test_acc=0.1135
Epoch 134/300 | train_loss=4.5622 | train_acc=0.9886 | test_loss=1.7239 | test_acc=0.8024
Epoch 138/300 | train_loss=2.3085 | train_acc=0.9938 | test_loss=1.6574 | test_acc=0.9057
Epoch 128/300 | train_loss=271.5470 | train_acc=0.1124 | test_loss=46.0198 | test_acc=0.1135
Epoch 133/300 | train_loss=4.4668 | train_acc=0.9884 | test_loss=1.6695 | test_acc=0.9019
Epoch 153/300 | train_loss=2.0777 | train_acc=0.9950 | test_loss=1.5333 | test_acc=0.9390
Epoch 138/300 | train_loss=4.8673 | train_acc=0.9876 | test_loss=1.7393 | test_acc=0.7917
Epoch 135/300 | train_loss=5.3926 | train_acc=0.9857 | test_loss=1.8410 | test_acc=0.8537
Epoch 139/300 | train_loss=2.2626 | train_acc=0.9946 | test_loss=1.5889 | test_acc=0.9181
Epoch 132/300 | train_loss=271.5400 | train_acc=0.1124 | test_loss=46.0196 | test_acc=0.1135
Epoch 129/300 | train_loss=271.5409 | train_acc=0.1124 | test_loss=46.0194 | test_acc=0.1135
Epoch 154/300 | train_loss=2.6016 | train_acc=0.9932 | test_loss=1.9908 | test_acc=0.9329
Epoch 139/300 | train_loss=4.8671 | train_acc=0.9870 | test_loss=2.2706 | test_acc=0.8643
Epoch 134/300 | train_loss=3.9637 | train_acc=0.9897 | test_loss=1.7011 | test_acc=0.8622
Epoch 140/300 | train_loss=2.6493 | train_acc=0.9929 | test_loss=1.6633 | test_acc=0.9152
Epoch 133/300 | train_loss=271.5466 | train_acc=0.1124 | test_loss=46.0191 | test_acc=0.1135
Epoch 136/300 | train_loss=3.7707 | train_acc=0.9902 | test_loss=1.5690 | test_acc=0.8476
Epoch 155/300 | train_loss=4.3996 | train_acc=0.9892 | test_loss=1.8810 | test_acc=0.9382
Epoch 140/300 | train_loss=4.6762 | train_acc=0.9877 | test_loss=2.5745 | test_acc=0.8313
Epoch 130/300 | train_loss=271.5446 | train_acc=0.1124 | test_loss=46.0196 | test_acc=0.1135
Epoch 135/300 | train_loss=3.8783 | train_acc=0.9899 | test_loss=1.7122 | test_acc=0.9042
Epoch 141/300 | train_loss=3.0640 | train_acc=0.9925 | test_loss=1.6507 | test_acc=0.9138
Epoch 137/300 | train_loss=2.7325 | train_acc=0.9932 | test_loss=1.6869 | test_acc=0.8504
Epoch 134/300 | train_loss=271.5464 | train_acc=0.1124 | test_loss=46.0189 | test_acc=0.1135
Epoch 156/300 | train_loss=2.7593 | train_acc=0.9927 | test_loss=2.0122 | test_acc=0.9301
Epoch 141/300 | train_loss=4.7094 | train_acc=0.9877 | test_loss=2.2937 | test_acc=0.7157
Epoch 131/300 | train_loss=271.5417 | train_acc=0.1124 | test_loss=46.0195 | test_acc=0.1135
Epoch 142/300 | train_loss=4.1544 | train_acc=0.9894 | test_loss=2.1531 | test_acc=0.8772
Epoch 136/300 | train_loss=5.0138 | train_acc=0.9868 | test_loss=1.4961 | test_acc=0.8848
Epoch 138/300 | train_loss=3.7388 | train_acc=0.9905 | test_loss=1.8421 | test_acc=0.8177
Epoch 135/300 | train_loss=271.5447 | train_acc=0.1124 | test_loss=46.0192 | test_acc=0.1135
Epoch 157/300 | train_loss=2.9174 | train_acc=0.9928 | test_loss=1.6294 | test_acc=0.9240
Epoch 142/300 | train_loss=3.3082 | train_acc=0.9915 | test_loss=1.8413 | test_acc=0.7404
Epoch 132/300 | train_loss=271.5436 | train_acc=0.1124 | test_loss=46.0197 | test_acc=0.1135
Epoch 143/300 | train_loss=3.5726 | train_acc=0.9907 | test_loss=2.0575 | test_acc=0.9103
Epoch 137/300 | train_loss=5.0933 | train_acc=0.9872 | test_loss=1.4791 | test_acc=0.9043
Epoch 139/300 | train_loss=3.1627 | train_acc=0.9922 | test_loss=1.9517 | test_acc=0.7873
Epoch 136/300 | train_loss=271.5417 | train_acc=0.1124 | test_loss=46.0193 | test_acc=0.1135
Epoch 158/300 | train_loss=2.2186 | train_acc=0.9942 | test_loss=1.6323 | test_acc=0.9311
Epoch 143/300 | train_loss=2.9441 | train_acc=0.9923 | test_loss=1.7932 | test_acc=0.7444
Epoch 133/300 | train_loss=271.5431 | train_acc=0.1124 | test_loss=46.0193 | test_acc=0.1135
Epoch 144/300 | train_loss=3.5249 | train_acc=0.9909 | test_loss=1.7233 | test_acc=0.9211
Epoch 140/300 | train_loss=3.9037 | train_acc=0.9902 | test_loss=1.5913 | test_acc=0.8563
Epoch 138/300 | train_loss=3.7779 | train_acc=0.9906 | test_loss=1.5655 | test_acc=0.9090
Epoch 137/300 | train_loss=271.5429 | train_acc=0.1124 | test_loss=46.0192 | test_acc=0.1135
Epoch 159/300 | train_loss=3.1019 | train_acc=0.9921 | test_loss=1.7122 | test_acc=0.9462
Epoch 144/300 | train_loss=3.5968 | train_acc=0.9909 | test_loss=2.2787 | test_acc=0.8642
Epoch 145/300 | train_loss=3.1887 | train_acc=0.9918 | test_loss=2.2688 | test_acc=0.9157
Epoch 141/300 | train_loss=3.2778 | train_acc=0.9916 | test_loss=1.7268 | test_acc=0.8663
Epoch 134/300 | train_loss=271.5396 | train_acc=0.1124 | test_loss=46.0192 | test_acc=0.1135
Epoch 160/300 | train_loss=3.1009 | train_acc=0.9921 | test_loss=2.2178 | test_acc=0.9196
Epoch 139/300 | train_loss=3.3165 | train_acc=0.9913 | test_loss=2.2038 | test_acc=0.8588
Epoch 138/300 | train_loss=271.5341 | train_acc=0.1124 | test_loss=46.0191 | test_acc=0.1135
Epoch 145/300 | train_loss=4.1122 | train_acc=0.9892 | test_loss=2.0686 | test_acc=0.7805
Epoch 146/300 | train_loss=3.0118 | train_acc=0.9924 | test_loss=1.8622 | test_acc=0.9149
Epoch 142/300 | train_loss=3.8105 | train_acc=0.9901 | test_loss=1.8590 | test_acc=0.8562
Epoch 161/300 | train_loss=4.3549 | train_acc=0.9887 | test_loss=2.1515 | test_acc=0.9060
Epoch 140/300 | train_loss=4.1024 | train_acc=0.9893 | test_loss=1.8334 | test_acc=0.8839
Epoch 135/300 | train_loss=271.5389 | train_acc=0.1124 | test_loss=46.0196 | test_acc=0.1135
Epoch 139/300 | train_loss=271.5455 | train_acc=0.1124 | test_loss=46.0191 | test_acc=0.1135
Epoch 146/300 | train_loss=4.1948 | train_acc=0.9893 | test_loss=1.7526 | test_acc=0.7737
Epoch 147/300 | train_loss=2.3428 | train_acc=0.9943 | test_loss=1.6081 | test_acc=0.9266
Epoch 143/300 | train_loss=4.8510 | train_acc=0.9878 | test_loss=1.7419 | test_acc=0.8014
Epoch 141/300 | train_loss=3.5695 | train_acc=0.9906 | test_loss=1.6959 | test_acc=0.9052
Epoch 162/300 | train_loss=4.0361 | train_acc=0.9896 | test_loss=1.6702 | test_acc=0.9329
Epoch 140/300 | train_loss=271.5384 | train_acc=0.1124 | test_loss=46.0191 | test_acc=0.1135
Epoch 136/300 | train_loss=271.5401 | train_acc=0.1124 | test_loss=46.0190 | test_acc=0.1135
Epoch 147/300 | train_loss=4.2448 | train_acc=0.9889 | test_loss=2.2926 | test_acc=0.7029
Epoch 148/300 | train_loss=1.8515 | train_acc=0.9954 | test_loss=1.6416 | test_acc=0.8996
Epoch 142/300 | train_loss=5.3706 | train_acc=0.9862 | test_loss=1.4455 | test_acc=0.9056
Epoch 163/300 | train_loss=2.8786 | train_acc=0.9929 | test_loss=1.5767 | test_acc=0.9463
Epoch 144/300 | train_loss=4.3233 | train_acc=0.9896 | test_loss=2.2607 | test_acc=0.8283
Epoch 148/300 | train_loss=3.4508 | train_acc=0.9908 | test_loss=1.9472 | test_acc=0.8646
Epoch 141/300 | train_loss=271.5433 | train_acc=0.1124 | test_loss=46.0192 | test_acc=0.1135
Epoch 137/300 | train_loss=271.5510 | train_acc=0.1124 | test_loss=46.0190 | test_acc=0.1135
Epoch 149/300 | train_loss=3.8483 | train_acc=0.9901 | test_loss=1.9558 | test_acc=0.9329
Epoch 164/300 | train_loss=2.0277 | train_acc=0.9948 | test_loss=1.7705 | test_acc=0.9454
Epoch 143/300 | train_loss=3.9986 | train_acc=0.9893 | test_loss=1.6631 | test_acc=0.8830
Epoch 145/300 | train_loss=4.2584 | train_acc=0.9892 | test_loss=1.5275 | test_acc=0.8036
Epoch 149/300 | train_loss=5.0536 | train_acc=0.9872 | test_loss=2.1742 | test_acc=0.8174
Epoch 142/300 | train_loss=271.5388 | train_acc=0.1124 | test_loss=46.0194 | test_acc=0.1135
Epoch 138/300 | train_loss=271.5484 | train_acc=0.1124 | test_loss=46.0194 | test_acc=0.1135
Epoch 150/300 | train_loss=2.5585 | train_acc=0.9933 | test_loss=1.7906 | test_acc=0.8730
Epoch 165/300 | train_loss=2.1044 | train_acc=0.9944 | test_loss=1.6102 | test_acc=0.9249
Epoch 144/300 | train_loss=3.1487 | train_acc=0.9918 | test_loss=1.3746 | test_acc=0.8773
Epoch 146/300 | train_loss=2.9386 | train_acc=0.9926 | test_loss=2.1036 | test_acc=0.8874
Epoch 150/300 | train_loss=3.3570 | train_acc=0.9916 | test_loss=1.8801 | test_acc=0.7194
Epoch 139/300 | train_loss=271.5541 | train_acc=0.1124 | test_loss=46.0192 | test_acc=0.1135
Epoch 151/300 | train_loss=1.6883 | train_acc=0.9956 | test_loss=1.8176 | test_acc=0.9289
Epoch 143/300 | train_loss=271.5387 | train_acc=0.1124 | test_loss=46.0198 | test_acc=0.1135
Epoch 166/300 | train_loss=2.2347 | train_acc=0.9944 | test_loss=1.8648 | test_acc=0.9143
Epoch 145/300 | train_loss=4.2874 | train_acc=0.9893 | test_loss=1.8227 | test_acc=0.8396
Epoch 147/300 | train_loss=3.6268 | train_acc=0.9907 | test_loss=1.7051 | test_acc=0.7853
Epoch 151/300 | train_loss=3.1931 | train_acc=0.9917 | test_loss=1.7400 | test_acc=0.7625
Epoch 167/300 | train_loss=3.7600 | train_acc=0.9901 | test_loss=1.8005 | test_acc=0.9364
Epoch 140/300 | train_loss=271.5440 | train_acc=0.1124 | test_loss=46.0194 | test_acc=0.1135
Epoch 152/300 | train_loss=2.6682 | train_acc=0.9933 | test_loss=1.9640 | test_acc=0.8917
Epoch 144/300 | train_loss=271.5481 | train_acc=0.1124 | test_loss=46.0196 | test_acc=0.1135
Epoch 146/300 | train_loss=4.5433 | train_acc=0.9879 | test_loss=1.7914 | test_acc=0.9081
Epoch 148/300 | train_loss=3.2428 | train_acc=0.9917 | test_loss=1.7184 | test_acc=0.8515
Epoch 168/300 | train_loss=2.8728 | train_acc=0.9925 | test_loss=1.8719 | test_acc=0.9466
Epoch 152/300 | train_loss=4.1138 | train_acc=0.9891 | test_loss=1.9474 | test_acc=0.7842
Epoch 141/300 | train_loss=271.5363 | train_acc=0.1124 | test_loss=46.0192 | test_acc=0.1135
Epoch 153/300 | train_loss=3.5205 | train_acc=0.9912 | test_loss=1.7093 | test_acc=0.9058
Epoch 145/300 | train_loss=271.5406 | train_acc=0.1124 | test_loss=46.0195 | test_acc=0.1135
Epoch 149/300 | train_loss=3.5820 | train_acc=0.9907 | test_loss=1.9688 | test_acc=0.8467
Epoch 169/300 | train_loss=2.5950 | train_acc=0.9933 | test_loss=1.6300 | test_acc=0.9130
Epoch 147/300 | train_loss=4.1916 | train_acc=0.9890 | test_loss=2.0443 | test_acc=0.8537
Epoch 153/300 | train_loss=3.2790 | train_acc=0.9915 | test_loss=2.0084 | test_acc=0.8313
Epoch 146/300 | train_loss=271.5426 | train_acc=0.1124 | test_loss=46.0191 | test_acc=0.1135
Epoch 142/300 | train_loss=271.5494 | train_acc=0.1124 | test_loss=46.0189 | test_acc=0.1135
Epoch 154/300 | train_loss=2.7169 | train_acc=0.9929 | test_loss=1.8006 | test_acc=0.9340
Epoch 170/300 | train_loss=2.8366 | train_acc=0.9927 | test_loss=1.8267 | test_acc=0.9239
Epoch 148/300 | train_loss=4.1508 | train_acc=0.9891 | test_loss=1.4428 | test_acc=0.8970
Epoch 150/300 | train_loss=3.7610 | train_acc=0.9904 | test_loss=1.6840 | test_acc=0.8625
Epoch 154/300 | train_loss=3.3355 | train_acc=0.9916 | test_loss=1.7308 | test_acc=0.7747
Epoch 155/300 | train_loss=2.8009 | train_acc=0.9927 | test_loss=1.9162 | test_acc=0.9250
Epoch 143/300 | train_loss=271.5439 | train_acc=0.1124 | test_loss=46.0191 | test_acc=0.1135
Epoch 147/300 | train_loss=271.5436 | train_acc=0.1124 | test_loss=46.0193 | test_acc=0.1135
Epoch 171/300 | train_loss=2.6061 | train_acc=0.9932 | test_loss=1.9716 | test_acc=0.9232
Epoch 149/300 | train_loss=3.6828 | train_acc=0.9902 | test_loss=1.7673 | test_acc=0.8524
Epoch 151/300 | train_loss=3.7776 | train_acc=0.9905 | test_loss=1.7356 | test_acc=0.8524
Epoch 155/300 | train_loss=3.7776 | train_acc=0.9901 | test_loss=2.0939 | test_acc=0.6731
Epoch 156/300 | train_loss=2.8787 | train_acc=0.9924 | test_loss=1.8435 | test_acc=0.8860
Epoch 144/300 | train_loss=271.5435 | train_acc=0.1124 | test_loss=46.0194 | test_acc=0.1135
Epoch 148/300 | train_loss=271.5486 | train_acc=0.1124 | test_loss=46.0189 | test_acc=0.1135
Epoch 172/300 | train_loss=3.5747 | train_acc=0.9911 | test_loss=1.8956 | test_acc=0.9421
Epoch 150/300 | train_loss=5.1643 | train_acc=0.9870 | test_loss=1.5594 | test_acc=0.8902
Epoch 152/300 | train_loss=4.1056 | train_acc=0.9893 | test_loss=1.6094 | test_acc=0.8417
Epoch 156/300 | train_loss=4.0944 | train_acc=0.9893 | test_loss=1.6326 | test_acc=0.8153
Epoch 157/300 | train_loss=2.8811 | train_acc=0.9924 | test_loss=1.5886 | test_acc=0.9066
Epoch 173/300 | train_loss=3.5660 | train_acc=0.9904 | test_loss=1.9740 | test_acc=0.9324
Epoch 145/300 | train_loss=271.5415 | train_acc=0.1124 | test_loss=46.0193 | test_acc=0.1135
Epoch 149/300 | train_loss=271.5389 | train_acc=0.1124 | test_loss=46.0199 | test_acc=0.1135
Epoch 153/300 | train_loss=3.8196 | train_acc=0.9904 | test_loss=1.6841 | test_acc=0.8506
Epoch 151/300 | train_loss=3.3206 | train_acc=0.9915 | test_loss=1.4382 | test_acc=0.9227
Epoch 157/300 | train_loss=3.3122 | train_acc=0.9911 | test_loss=1.8173 | test_acc=0.8545
Epoch 158/300 | train_loss=1.8605 | train_acc=0.9953 | test_loss=1.8590 | test_acc=0.9052
Epoch 174/300 | train_loss=4.0747 | train_acc=0.9893 | test_loss=1.5162 | test_acc=0.9331
Epoch 150/300 | train_loss=271.5362 | train_acc=0.1124 | test_loss=46.0195 | test_acc=0.1135
Epoch 146/300 | train_loss=271.5495 | train_acc=0.1124 | test_loss=46.0190 | test_acc=0.1135
Epoch 154/300 | train_loss=3.3166 | train_acc=0.9919 | test_loss=1.5298 | test_acc=0.8769
Epoch 152/300 | train_loss=2.6470 | train_acc=0.9930 | test_loss=1.8798 | test_acc=0.8742
Epoch 158/300 | train_loss=3.0146 | train_acc=0.9922 | test_loss=1.8425 | test_acc=0.8699
Epoch 175/300 | train_loss=2.8427 | train_acc=0.9926 | test_loss=1.6223 | test_acc=0.9339
Epoch 159/300 | train_loss=1.8807 | train_acc=0.9955 | test_loss=1.9652 | test_acc=0.8793
Epoch 151/300 | train_loss=271.5478 | train_acc=0.1124 | test_loss=46.0196 | test_acc=0.1135
Epoch 147/300 | train_loss=271.5445 | train_acc=0.1124 | test_loss=46.0193 | test_acc=0.1135
Epoch 159/300 | train_loss=3.9919 | train_acc=0.9896 | test_loss=1.8870 | test_acc=0.7882
Epoch 155/300 | train_loss=2.8334 | train_acc=0.9929 | test_loss=1.5525 | test_acc=0.8692
Epoch 153/300 | train_loss=3.8191 | train_acc=0.9901 | test_loss=2.2544 | test_acc=0.8513
Epoch 176/300 | train_loss=2.3979 | train_acc=0.9938 | test_loss=1.6059 | test_acc=0.9434
Epoch 160/300 | train_loss=2.8549 | train_acc=0.9929 | test_loss=1.7603 | test_acc=0.9149
Epoch 148/300 | train_loss=271.5430 | train_acc=0.1124 | test_loss=46.0190 | test_acc=0.1135
Epoch 160/300 | train_loss=3.1517 | train_acc=0.9922 | test_loss=2.2774 | test_acc=0.8147
Epoch 152/300 | train_loss=271.5491 | train_acc=0.1124 | test_loss=46.0194 | test_acc=0.1135
Epoch 156/300 | train_loss=2.8387 | train_acc=0.9931 | test_loss=1.7982 | test_acc=0.7914
Epoch 177/300 | train_loss=2.5856 | train_acc=0.9936 | test_loss=1.5067 | test_acc=0.9504
Epoch 154/300 | train_loss=4.3834 | train_acc=0.9886 | test_loss=1.6338 | test_acc=0.8903
Epoch 161/300 | train_loss=1.8826 | train_acc=0.9953 | test_loss=1.6603 | test_acc=0.9045
Epoch 153/300 | train_loss=271.5437 | train_acc=0.1124 | test_loss=46.0190 | test_acc=0.1135
Epoch 161/300 | train_loss=4.5391 | train_acc=0.9879 | test_loss=1.9500 | test_acc=0.8180
Epoch 149/300 | train_loss=271.5433 | train_acc=0.1124 | test_loss=46.0191 | test_acc=0.1135
Epoch 157/300 | train_loss=3.4282 | train_acc=0.9915 | test_loss=1.6304 | test_acc=0.8580
Epoch 178/300 | train_loss=2.3150 | train_acc=0.9944 | test_loss=1.7148 | test_acc=0.9221
Epoch 155/300 | train_loss=4.5882 | train_acc=0.9882 | test_loss=2.3963 | test_acc=0.8522
Epoch 162/300 | train_loss=2.3497 | train_acc=0.9940 | test_loss=1.8079 | test_acc=0.9080
Epoch 154/300 | train_loss=271.5385 | train_acc=0.1124 | test_loss=46.0188 | test_acc=0.1135
Epoch 162/300 | train_loss=4.7404 | train_acc=0.9875 | test_loss=1.9743 | test_acc=0.8406
Epoch 150/300 | train_loss=271.5431 | train_acc=0.1124 | test_loss=46.0191 | test_acc=0.1135
Epoch 158/300 | train_loss=4.5738 | train_acc=0.9886 | test_loss=1.6633 | test_acc=0.8321
Epoch 179/300 | train_loss=2.2906 | train_acc=0.9940 | test_loss=1.8150 | test_acc=0.9052
Epoch 156/300 | train_loss=4.6281 | train_acc=0.9879 | test_loss=1.5074 | test_acc=0.9117
Epoch 163/300 | train_loss=2.3154 | train_acc=0.9939 | test_loss=1.6889 | test_acc=0.8958
Epoch 155/300 | train_loss=271.5419 | train_acc=0.1124 | test_loss=46.0192 | test_acc=0.1135
Epoch 159/300 | train_loss=2.9950 | train_acc=0.9929 | test_loss=1.9454 | test_acc=0.8702
Epoch 180/300 | train_loss=4.7725 | train_acc=0.9885 | test_loss=1.9638 | test_acc=0.9101
Epoch 163/300 | train_loss=3.4039 | train_acc=0.9916 | test_loss=1.7379 | test_acc=0.7621
Epoch 151/300 | train_loss=271.5402 | train_acc=0.1124 | test_loss=46.0193 | test_acc=0.1135
Epoch 157/300 | train_loss=2.6448 | train_acc=0.9929 | test_loss=1.3947 | test_acc=0.9146
Epoch 164/300 | train_loss=2.5615 | train_acc=0.9936 | test_loss=1.8942 | test_acc=0.9289
Epoch 181/300 | train_loss=2.8082 | train_acc=0.9925 | test_loss=1.5733 | test_acc=0.9263
Epoch 156/300 | train_loss=271.5413 | train_acc=0.1124 | test_loss=46.0190 | test_acc=0.1135
Epoch 160/300 | train_loss=4.4094 | train_acc=0.9885 | test_loss=1.6743 | test_acc=0.8169
Epoch 164/300 | train_loss=3.4645 | train_acc=0.9906 | test_loss=1.9604 | test_acc=0.8365
Epoch 152/300 | train_loss=271.5338 | train_acc=0.1124 | test_loss=46.0194 | test_acc=0.1135
Epoch 158/300 | train_loss=3.4387 | train_acc=0.9911 | test_loss=1.6522 | test_acc=0.8954
Epoch 182/300 | train_loss=1.6716 | train_acc=0.9957 | test_loss=1.6031 | test_acc=0.9362
Epoch 165/300 | train_loss=3.3524 | train_acc=0.9912 | test_loss=1.8354 | test_acc=0.8789
Epoch 165/300 | train_loss=4.1071 | train_acc=0.9892 | test_loss=1.9171 | test_acc=0.8584
Epoch 157/300 | train_loss=271.5385 | train_acc=0.1124 | test_loss=46.0190 | test_acc=0.1135
Epoch 161/300 | train_loss=3.3118 | train_acc=0.9917 | test_loss=1.5737 | test_acc=0.8503
Epoch 153/300 | train_loss=271.5442 | train_acc=0.1124 | test_loss=46.0194 | test_acc=0.1135
Epoch 159/300 | train_loss=4.0648 | train_acc=0.9892 | test_loss=1.9325 | test_acc=0.8962
Epoch 183/300 | train_loss=2.4142 | train_acc=0.9937 | test_loss=1.8135 | test_acc=0.9385
Epoch 166/300 | train_loss=4.1600 | train_acc=0.9890 | test_loss=1.8508 | test_acc=0.8849
Epoch 166/300 | train_loss=3.5694 | train_acc=0.9903 | test_loss=1.8417 | test_acc=0.7817
Epoch 162/300 | train_loss=2.8947 | train_acc=0.9926 | test_loss=1.6539 | test_acc=0.8520
Epoch 158/300 | train_loss=271.5407 | train_acc=0.1124 | test_loss=46.0190 | test_acc=0.1135
Epoch 154/300 | train_loss=271.5391 | train_acc=0.1124 | test_loss=46.0193 | test_acc=0.1135
Epoch 184/300 | train_loss=2.6225 | train_acc=0.9932 | test_loss=1.5644 | test_acc=0.9332
Epoch 167/300 | train_loss=3.0225 | train_acc=0.9920 | test_loss=1.8789 | test_acc=0.9048
Epoch 160/300 | train_loss=4.4811 | train_acc=0.9878 | test_loss=1.5953 | test_acc=0.8827
Epoch 167/300 | train_loss=3.6658 | train_acc=0.9904 | test_loss=2.2366 | test_acc=0.7265
Epoch 163/300 | train_loss=3.8180 | train_acc=0.9904 | test_loss=1.5319 | test_acc=0.8585
Epoch 159/300 | train_loss=271.5402 | train_acc=0.1124 | test_loss=46.0192 | test_acc=0.1135
Epoch 168/300 | train_loss=3.1304 | train_acc=0.9918 | test_loss=1.6340 | test_acc=0.9140
Epoch 155/300 | train_loss=271.5397 | train_acc=0.1124 | test_loss=46.0190 | test_acc=0.1135
Epoch 185/300 | train_loss=1.6211 | train_acc=0.9958 | test_loss=1.5795 | test_acc=0.9382
Epoch 161/300 | train_loss=4.2722 | train_acc=0.9888 | test_loss=1.9614 | test_acc=0.8569
Epoch 168/300 | train_loss=5.2292 | train_acc=0.9871 | test_loss=1.8394 | test_acc=0.7261
Epoch 164/300 | train_loss=2.4959 | train_acc=0.9938 | test_loss=2.0703 | test_acc=0.7979
Epoch 186/300 | train_loss=2.7236 | train_acc=0.9934 | test_loss=2.1720 | test_acc=0.9365
Epoch 169/300 | train_loss=2.1985 | train_acc=0.9942 | test_loss=1.5711 | test_acc=0.9199
Epoch 160/300 | train_loss=271.5455 | train_acc=0.1124 | test_loss=46.0194 | test_acc=0.1135
Epoch 156/300 | train_loss=271.5403 | train_acc=0.1124 | test_loss=46.0191 | test_acc=0.1135
Epoch 162/300 | train_loss=3.8691 | train_acc=0.9898 | test_loss=1.5219 | test_acc=0.8554
Epoch 169/300 | train_loss=4.3739 | train_acc=0.9885 | test_loss=1.8789 | test_acc=0.7615
Epoch 187/300 | train_loss=3.6825 | train_acc=0.9910 | test_loss=1.6497 | test_acc=0.9284
Epoch 165/300 | train_loss=3.9677 | train_acc=0.9903 | test_loss=1.8279 | test_acc=0.7805
Epoch 161/300 | train_loss=271.5490 | train_acc=0.1124 | test_loss=46.0192 | test_acc=0.1135
Epoch 170/300 | train_loss=2.4963 | train_acc=0.9933 | test_loss=1.6797 | test_acc=0.9258
Epoch 157/300 | train_loss=271.5471 | train_acc=0.1124 | test_loss=46.0192 | test_acc=0.1135
Epoch 163/300 | train_loss=2.7380 | train_acc=0.9930 | test_loss=1.4998 | test_acc=0.9047
Epoch 188/300 | train_loss=2.0806 | train_acc=0.9949 | test_loss=1.7976 | test_acc=0.9410
Epoch 170/300 | train_loss=2.7464 | train_acc=0.9929 | test_loss=1.9612 | test_acc=0.8712
Epoch 166/300 | train_loss=3.2281 | train_acc=0.9918 | test_loss=1.7380 | test_acc=0.8764
Epoch 171/300 | train_loss=2.4517 | train_acc=0.9939 | test_loss=1.8990 | test_acc=0.9042
Epoch 162/300 | train_loss=271.5472 | train_acc=0.1124 | test_loss=46.0188 | test_acc=0.1135
Epoch 164/300 | train_loss=3.0898 | train_acc=0.9921 | test_loss=1.6648 | test_acc=0.8920
Epoch 158/300 | train_loss=271.5403 | train_acc=0.1124 | test_loss=46.0195 | test_acc=0.1135
Epoch 189/300 | train_loss=2.0798 | train_acc=0.9948 | test_loss=1.6761 | test_acc=0.9276
Epoch 171/300 | train_loss=3.4115 | train_acc=0.9910 | test_loss=2.2613 | test_acc=0.7458
Epoch 167/300 | train_loss=3.0660 | train_acc=0.9925 | test_loss=1.7317 | test_acc=0.8371
Epoch 172/300 | train_loss=1.6907 | train_acc=0.9957 | test_loss=1.8037 | test_acc=0.9033
Epoch 163/300 | train_loss=271.5407 | train_acc=0.1124 | test_loss=46.0192 | test_acc=0.1135
Epoch 165/300 | train_loss=3.4407 | train_acc=0.9910 | test_loss=1.7160 | test_acc=0.8618
Epoch 190/300 | train_loss=3.0387 | train_acc=0.9920 | test_loss=2.4892 | test_acc=0.8984
Epoch 159/300 | train_loss=271.5501 | train_acc=0.1124 | test_loss=46.0193 | test_acc=0.1135
Epoch 172/300 | train_loss=4.5650 | train_acc=0.9879 | test_loss=2.0419 | test_acc=0.7179
Epoch 168/300 | train_loss=3.0580 | train_acc=0.9923 | test_loss=1.5690 | test_acc=0.8616
Epoch 173/300 | train_loss=2.0049 | train_acc=0.9947 | test_loss=1.8740 | test_acc=0.8923
Epoch 191/300 | train_loss=3.6540 | train_acc=0.9907 | test_loss=2.0466 | test_acc=0.9205
Epoch 164/300 | train_loss=271.5458 | train_acc=0.1124 | test_loss=46.0186 | test_acc=0.1135
Epoch 166/300 | train_loss=4.1636 | train_acc=0.9895 | test_loss=1.8636 | test_acc=0.8984
Epoch 160/300 | train_loss=271.5481 | train_acc=0.1124 | test_loss=46.0194 | test_acc=0.1135
Epoch 173/300 | train_loss=3.4943 | train_acc=0.9909 | test_loss=1.8953 | test_acc=0.7357
Epoch 169/300 | train_loss=2.2940 | train_acc=0.9940 | test_loss=1.6293 | test_acc=0.8599
Epoch 192/300 | train_loss=3.0758 | train_acc=0.9924 | test_loss=1.7345 | test_acc=0.9354
Epoch 174/300 | train_loss=2.7923 | train_acc=0.9928 | test_loss=1.6611 | test_acc=0.8610
Epoch 165/300 | train_loss=271.5402 | train_acc=0.1124 | test_loss=46.0191 | test_acc=0.1135
Epoch 167/300 | train_loss=3.2107 | train_acc=0.9915 | test_loss=1.5069 | test_acc=0.9372
Epoch 170/300 | train_loss=2.3711 | train_acc=0.9942 | test_loss=1.7363 | test_acc=0.8747
Epoch 161/300 | train_loss=271.5398 | train_acc=0.1124 | test_loss=46.0191 | test_acc=0.1135
Epoch 193/300 | train_loss=2.5098 | train_acc=0.9931 | test_loss=1.9658 | test_acc=0.9405
Epoch 175/300 | train_loss=2.6421 | train_acc=0.9930 | test_loss=1.8641 | test_acc=0.8991
Epoch 174/300 | train_loss=3.1839 | train_acc=0.9916 | test_loss=1.7053 | test_acc=0.8475
Epoch 166/300 | train_loss=271.5460 | train_acc=0.1124 | test_loss=46.0189 | test_acc=0.1135
Epoch 168/300 | train_loss=4.0659 | train_acc=0.9899 | test_loss=1.5150 | test_acc=0.8936
Epoch 176/300 | train_loss=2.0754 | train_acc=0.9945 | test_loss=1.6018 | test_acc=0.9084
Epoch 194/300 | train_loss=2.4285 | train_acc=0.9937 | test_loss=1.7385 | test_acc=0.9427
Epoch 171/300 | train_loss=4.6316 | train_acc=0.9885 | test_loss=1.7678 | test_acc=0.8380
Epoch 162/300 | train_loss=271.5438 | train_acc=0.1124 | test_loss=46.0194 | test_acc=0.1135
Epoch 175/300 | train_loss=2.8946 | train_acc=0.9926 | test_loss=2.0325 | test_acc=0.8428
Epoch 167/300 | train_loss=271.5453 | train_acc=0.1124 | test_loss=46.0197 | test_acc=0.1135
Epoch 195/300 | train_loss=2.1695 | train_acc=0.9943 | test_loss=1.6004 | test_acc=0.9437
Epoch 169/300 | train_loss=2.9729 | train_acc=0.9923 | test_loss=1.5297 | test_acc=0.9157
Epoch 177/300 | train_loss=2.0704 | train_acc=0.9943 | test_loss=1.5258 | test_acc=0.9106
Epoch 176/300 | train_loss=4.3017 | train_acc=0.9887 | test_loss=1.8501 | test_acc=0.7978
Epoch 172/300 | train_loss=2.7607 | train_acc=0.9928 | test_loss=1.8142 | test_acc=0.8546
Epoch 163/300 | train_loss=271.5406 | train_acc=0.1124 | test_loss=46.0191 | test_acc=0.1135
Epoch 196/300 | train_loss=2.4215 | train_acc=0.9941 | test_loss=1.7703 | test_acc=0.9260
Epoch 170/300 | train_loss=3.4185 | train_acc=0.9910 | test_loss=1.6545 | test_acc=0.8725
Epoch 168/300 | train_loss=271.5410 | train_acc=0.1124 | test_loss=46.0192 | test_acc=0.1135
Epoch 178/300 | train_loss=2.3953 | train_acc=0.9938 | test_loss=1.6941 | test_acc=0.8894
Epoch 177/300 | train_loss=4.4209 | train_acc=0.9883 | test_loss=1.8410 | test_acc=0.8388
Epoch 173/300 | train_loss=2.9878 | train_acc=0.9923 | test_loss=1.7098 | test_acc=0.8439
Epoch 164/300 | train_loss=271.5409 | train_acc=0.1124 | test_loss=46.0192 | test_acc=0.1135
Epoch 197/300 | train_loss=2.5862 | train_acc=0.9929 | test_loss=2.1929 | test_acc=0.8655
Epoch 169/300 | train_loss=271.5424 | train_acc=0.1124 | test_loss=46.0192 | test_acc=0.1135
Epoch 171/300 | train_loss=2.4111 | train_acc=0.9934 | test_loss=1.5773 | test_acc=0.9101
Epoch 179/300 | train_loss=2.2941 | train_acc=0.9940 | test_loss=2.0313 | test_acc=0.9269
Epoch 178/300 | train_loss=3.1163 | train_acc=0.9918 | test_loss=1.9756 | test_acc=0.8285
Epoch 198/300 | train_loss=2.2202 | train_acc=0.9943 | test_loss=1.9328 | test_acc=0.9219
Epoch 174/300 | train_loss=3.1461 | train_acc=0.9922 | test_loss=1.7299 | test_acc=0.8302
Epoch 165/300 | train_loss=271.5362 | train_acc=0.1124 | test_loss=46.0191 | test_acc=0.1135
Epoch 170/300 | train_loss=271.5515 | train_acc=0.1124 | test_loss=46.0190 | test_acc=0.1135
Epoch 199/300 | train_loss=2.2483 | train_acc=0.9940 | test_loss=1.5197 | test_acc=0.9369
Epoch 172/300 | train_loss=3.1000 | train_acc=0.9921 | test_loss=1.6711 | test_acc=0.8962
Epoch 175/300 | train_loss=3.2948 | train_acc=0.9919 | test_loss=2.0635 | test_acc=0.8635
Epoch 180/300 | train_loss=2.3607 | train_acc=0.9936 | test_loss=2.1059 | test_acc=0.8601
Epoch 179/300 | train_loss=2.9718 | train_acc=0.9923 | test_loss=1.7776 | test_acc=0.7733
Epoch 166/300 | train_loss=271.5453 | train_acc=0.1124 | test_loss=46.0197 | test_acc=0.1135
Epoch 171/300 | train_loss=271.5460 | train_acc=0.1124 | test_loss=46.0188 | test_acc=0.1135
Epoch 200/300 | train_loss=1.7624 | train_acc=0.9953 | test_loss=1.7688 | test_acc=0.9268
Epoch 173/300 | train_loss=3.6768 | train_acc=0.9902 | test_loss=1.4668 | test_acc=0.9229
Epoch 180/300 | train_loss=2.9276 | train_acc=0.9924 | test_loss=1.9639 | test_acc=0.8333
Epoch 181/300 | train_loss=3.5451 | train_acc=0.9909 | test_loss=1.9082 | test_acc=0.8826
Epoch 176/300 | train_loss=2.5225 | train_acc=0.9935 | test_loss=1.8443 | test_acc=0.7407
Epoch 167/300 | train_loss=271.5386 | train_acc=0.1124 | test_loss=46.0195 | test_acc=0.1135
Epoch 201/300 | train_loss=3.2916 | train_acc=0.9919 | test_loss=1.8373 | test_acc=0.9212
Epoch 172/300 | train_loss=271.5330 | train_acc=0.1124 | test_loss=46.0191 | test_acc=0.1135
Epoch 182/300 | train_loss=3.1405 | train_acc=0.9919 | test_loss=1.6363 | test_acc=0.9310
Epoch 181/300 | train_loss=2.8804 | train_acc=0.9923 | test_loss=2.3571 | test_acc=0.8219
Epoch 174/300 | train_loss=3.7884 | train_acc=0.9902 | test_loss=1.4104 | test_acc=0.9128
Epoch 177/300 | train_loss=4.0208 | train_acc=0.9897 | test_loss=1.8070 | test_acc=0.8558
Epoch 202/300 | train_loss=2.2631 | train_acc=0.9940 | test_loss=2.2502 | test_acc=0.8967
Epoch 168/300 | train_loss=271.5389 | train_acc=0.1124 | test_loss=46.0193 | test_acc=0.1135
Epoch 183/300 | train_loss=1.3424 | train_acc=0.9965 | test_loss=1.7247 | test_acc=0.9232
Epoch 175/300 | train_loss=3.1220 | train_acc=0.9923 | test_loss=2.1410 | test_acc=0.9302
Epoch 173/300 | train_loss=271.5475 | train_acc=0.1124 | test_loss=46.0193 | test_acc=0.1135
Epoch 182/300 | train_loss=3.3231 | train_acc=0.9911 | test_loss=2.3621 | test_acc=0.7407
Epoch 178/300 | train_loss=2.5145 | train_acc=0.9936 | test_loss=1.8393 | test_acc=0.8534
Epoch 203/300 | train_loss=2.7271 | train_acc=0.9928 | test_loss=1.7091 | test_acc=0.9351
Epoch 169/300 | train_loss=271.5399 | train_acc=0.1124 | test_loss=46.0195 | test_acc=0.1135
Epoch 183/300 | train_loss=4.0126 | train_acc=0.9890 | test_loss=1.8070 | test_acc=0.7972
Epoch 204/300 | train_loss=2.4371 | train_acc=0.9939 | test_loss=1.6373 | test_acc=0.9211
Epoch 184/300 | train_loss=2.1914 | train_acc=0.9942 | test_loss=2.1070 | test_acc=0.9358
Epoch 174/300 | train_loss=271.5457 | train_acc=0.1124 | test_loss=46.0193 | test_acc=0.1135
Epoch 176/300 | train_loss=5.0881 | train_acc=0.9865 | test_loss=1.5998 | test_acc=0.9083
Epoch 179/300 | train_loss=4.5702 | train_acc=0.9887 | test_loss=1.7856 | test_acc=0.8735
Epoch 170/300 | train_loss=271.5463 | train_acc=0.1124 | test_loss=46.0194 | test_acc=0.1135
Epoch 205/300 | train_loss=2.1149 | train_acc=0.9942 | test_loss=1.6677 | test_acc=0.9332
Epoch 184/300 | train_loss=3.3962 | train_acc=0.9913 | test_loss=1.9537 | test_acc=0.8128
Epoch 185/300 | train_loss=1.9127 | train_acc=0.9951 | test_loss=1.8598 | test_acc=0.9265
Epoch 177/300 | train_loss=3.2601 | train_acc=0.9915 | test_loss=1.6591 | test_acc=0.8975
Epoch 180/300 | train_loss=4.2421 | train_acc=0.9888 | test_loss=1.6500 | test_acc=0.8947
Epoch 175/300 | train_loss=271.5461 | train_acc=0.1124 | test_loss=46.0198 | test_acc=0.1135
Epoch 206/300 | train_loss=2.0595 | train_acc=0.9949 | test_loss=1.7137 | test_acc=0.9267
Epoch 185/300 | train_loss=3.5757 | train_acc=0.9907 | test_loss=1.9464 | test_acc=0.8370
Epoch 171/300 | train_loss=271.5440 | train_acc=0.1124 | test_loss=46.0190 | test_acc=0.1135
Epoch 186/300 | train_loss=1.6866 | train_acc=0.9957 | test_loss=1.8054 | test_acc=0.9061
Epoch 176/300 | train_loss=271.5393 | train_acc=0.1124 | test_loss=46.0193 | test_acc=0.1135
Epoch 178/300 | train_loss=4.0426 | train_acc=0.9894 | test_loss=1.5119 | test_acc=0.8942
Epoch 181/300 | train_loss=2.3197 | train_acc=0.9942 | test_loss=2.1983 | test_acc=0.7638
Epoch 207/300 | train_loss=2.1904 | train_acc=0.9945 | test_loss=1.8592 | test_acc=0.9389
Epoch 186/300 | train_loss=3.6928 | train_acc=0.9902 | test_loss=2.0466 | test_acc=0.8308
Epoch 172/300 | train_loss=271.5403 | train_acc=0.1124 | test_loss=46.0190 | test_acc=0.1135
Epoch 187/300 | train_loss=2.2219 | train_acc=0.9943 | test_loss=1.6716 | test_acc=0.8903
Epoch 177/300 | train_loss=271.5407 | train_acc=0.1124 | test_loss=46.0190 | test_acc=0.1135
Epoch 208/300 | train_loss=1.4558 | train_acc=0.9964 | test_loss=1.6985 | test_acc=0.9186
Epoch 182/300 | train_loss=2.5722 | train_acc=0.9934 | test_loss=1.6078 | test_acc=0.8797
Epoch 179/300 | train_loss=3.7748 | train_acc=0.9896 | test_loss=1.4574 | test_acc=0.8911
Epoch 187/300 | train_loss=4.6160 | train_acc=0.9879 | test_loss=1.9928 | test_acc=0.8093
Epoch 173/300 | train_loss=271.5464 | train_acc=0.1124 | test_loss=46.0194 | test_acc=0.1135
Epoch 188/300 | train_loss=2.2304 | train_acc=0.9940 | test_loss=2.3796 | test_acc=0.8532
Epoch 209/300 | train_loss=2.7892 | train_acc=0.9932 | test_loss=1.9586 | test_acc=0.9310
Epoch 183/300 | train_loss=2.0828 | train_acc=0.9948 | test_loss=1.7616 | test_acc=0.8282
Epoch 178/300 | train_loss=271.5445 | train_acc=0.1124 | test_loss=46.0190 | test_acc=0.1135
Epoch 180/300 | train_loss=2.5475 | train_acc=0.9933 | test_loss=1.4485 | test_acc=0.9149
Epoch 188/300 | train_loss=2.3365 | train_acc=0.9936 | test_loss=1.8120 | test_acc=0.8593
Epoch 174/300 | train_loss=271.5480 | train_acc=0.1124 | test_loss=46.0195 | test_acc=0.1135
Epoch 189/300 | train_loss=2.3495 | train_acc=0.9937 | test_loss=1.6482 | test_acc=0.9270
Epoch 210/300 | train_loss=3.0819 | train_acc=0.9919 | test_loss=1.7611 | test_acc=0.9381
Epoch 179/300 | train_loss=271.5461 | train_acc=0.1124 | test_loss=46.0193 | test_acc=0.1135
Epoch 184/300 | train_loss=2.2113 | train_acc=0.9945 | test_loss=1.8244 | test_acc=0.8437
Epoch 181/300 | train_loss=2.6372 | train_acc=0.9934 | test_loss=1.7015 | test_acc=0.8723
Epoch 189/300 | train_loss=3.2160 | train_acc=0.9915 | test_loss=2.1625 | test_acc=0.8712
Epoch 190/300 | train_loss=1.8319 | train_acc=0.9954 | test_loss=1.8309 | test_acc=0.9343
Epoch 211/300 | train_loss=2.2956 | train_acc=0.9940 | test_loss=1.6696 | test_acc=0.9257
Epoch 175/300 | train_loss=271.5480 | train_acc=0.1124 | test_loss=46.0193 | test_acc=0.1135
Epoch 185/300 | train_loss=3.6391 | train_acc=0.9905 | test_loss=1.9494 | test_acc=0.8489
Epoch 182/300 | train_loss=2.6975 | train_acc=0.9928 | test_loss=1.4922 | test_acc=0.9250
Epoch 190/300 | train_loss=2.4898 | train_acc=0.9932 | test_loss=1.7260 | test_acc=0.8300
Epoch 180/300 | train_loss=271.5373 | train_acc=0.1124 | test_loss=46.0193 | test_acc=0.1135
Epoch 212/300 | train_loss=1.4648 | train_acc=0.9961 | test_loss=1.6654 | test_acc=0.9384
Epoch 176/300 | train_loss=271.5444 | train_acc=0.1124 | test_loss=46.0188 | test_acc=0.1135
Epoch 191/300 | train_loss=3.5534 | train_acc=0.9907 | test_loss=1.9228 | test_acc=0.8954
Epoch 186/300 | train_loss=4.1513 | train_acc=0.9893 | test_loss=2.3180 | test_acc=0.8036
Epoch 183/300 | train_loss=3.4480 | train_acc=0.9910 | test_loss=1.4731 | test_acc=0.9117
Epoch 191/300 | train_loss=3.0871 | train_acc=0.9919 | test_loss=1.7694 | test_acc=0.7784
Epoch 213/300 | train_loss=3.0372 | train_acc=0.9927 | test_loss=2.3145 | test_acc=0.9217
Epoch 181/300 | train_loss=271.5380 | train_acc=0.1124 | test_loss=46.0190 | test_acc=0.1135
Epoch 192/300 | train_loss=3.4434 | train_acc=0.9913 | test_loss=1.7167 | test_acc=0.9158
Epoch 177/300 | train_loss=271.5383 | train_acc=0.1124 | test_loss=46.0192 | test_acc=0.1135
Epoch 187/300 | train_loss=3.6763 | train_acc=0.9904 | test_loss=1.8170 | test_acc=0.8602
Epoch 192/300 | train_loss=2.6128 | train_acc=0.9933 | test_loss=1.6952 | test_acc=0.8382
Epoch 184/300 | train_loss=2.6455 | train_acc=0.9930 | test_loss=1.4022 | test_acc=0.9130
Epoch 214/300 | train_loss=2.9734 | train_acc=0.9924 | test_loss=2.0197 | test_acc=0.9086
Epoch 182/300 | train_loss=271.5441 | train_acc=0.1124 | test_loss=46.0192 | test_acc=0.1135
Epoch 193/300 | train_loss=2.3966 | train_acc=0.9942 | test_loss=2.1835 | test_acc=0.8670
Epoch 178/300 | train_loss=271.5497 | train_acc=0.1124 | test_loss=46.0191 | test_acc=0.1135
Epoch 188/300 | train_loss=2.8689 | train_acc=0.9926 | test_loss=1.8353 | test_acc=0.8529
Epoch 193/300 | train_loss=1.7072 | train_acc=0.9960 | test_loss=2.1682 | test_acc=0.7553
Epoch 215/300 | train_loss=3.2804 | train_acc=0.9915 | test_loss=2.0458 | test_acc=0.9123
Epoch 185/300 | train_loss=2.2098 | train_acc=0.9942 | test_loss=1.7367 | test_acc=0.8913
Epoch 183/300 | train_loss=271.5421 | train_acc=0.1124 | test_loss=46.0193 | test_acc=0.1135
Epoch 194/300 | train_loss=2.8937 | train_acc=0.9929 | test_loss=1.7133 | test_acc=0.8749
Epoch 189/300 | train_loss=2.1684 | train_acc=0.9946 | test_loss=2.1346 | test_acc=0.8668
Epoch 216/300 | train_loss=2.7123 | train_acc=0.9936 | test_loss=1.6127 | test_acc=0.9476
Epoch 179/300 | train_loss=271.5521 | train_acc=0.1124 | test_loss=46.0193 | test_acc=0.1135
Epoch 194/300 | train_loss=3.6387 | train_acc=0.9901 | test_loss=2.2580 | test_acc=0.8110
Epoch 186/300 | train_loss=3.3762 | train_acc=0.9912 | test_loss=1.4476 | test_acc=0.8960
Epoch 195/300 | train_loss=1.5103 | train_acc=0.9963 | test_loss=1.8348 | test_acc=0.9127
Epoch 184/300 | train_loss=271.5523 | train_acc=0.1124 | test_loss=46.0191 | test_acc=0.1135
Epoch 217/300 | train_loss=1.5176 | train_acc=0.9962 | test_loss=1.6398 | test_acc=0.9492
Epoch 190/300 | train_loss=3.7677 | train_acc=0.9908 | test_loss=1.6741 | test_acc=0.8946
Epoch 180/300 | train_loss=271.5362 | train_acc=0.1124 | test_loss=46.0195 | test_acc=0.1135
Epoch 195/300 | train_loss=4.3926 | train_acc=0.9882 | test_loss=2.2583 | test_acc=0.8357
Epoch 187/300 | train_loss=2.6991 | train_acc=0.9929 | test_loss=1.4450 | test_acc=0.8819
Epoch 196/300 | train_loss=3.2695 | train_acc=0.9916 | test_loss=1.5934 | test_acc=0.9059
Epoch 218/300 | train_loss=1.8582 | train_acc=0.9951 | test_loss=1.4842 | test_acc=0.9516
Epoch 185/300 | train_loss=271.5443 | train_acc=0.1124 | test_loss=46.0190 | test_acc=0.1135
Epoch 191/300 | train_loss=3.4084 | train_acc=0.9909 | test_loss=1.8606 | test_acc=0.8889
Epoch 196/300 | train_loss=3.0371 | train_acc=0.9920 | test_loss=1.8635 | test_acc=0.7636
Epoch 188/300 | train_loss=3.2197 | train_acc=0.9910 | test_loss=1.4439 | test_acc=0.9247
Epoch 181/300 | train_loss=271.5465 | train_acc=0.1124 | test_loss=46.0194 | test_acc=0.1135
Epoch 219/300 | train_loss=2.9690 | train_acc=0.9923 | test_loss=1.6119 | test_acc=0.9372
Epoch 197/300 | train_loss=1.5779 | train_acc=0.9959 | test_loss=1.4753 | test_acc=0.9230
Epoch 186/300 | train_loss=271.5433 | train_acc=0.1124 | test_loss=46.0189 | test_acc=0.1135
Epoch 192/300 | train_loss=1.9520 | train_acc=0.9952 | test_loss=1.7385 | test_acc=0.8340
Epoch 197/300 | train_loss=3.2835 | train_acc=0.9916 | test_loss=2.1037 | test_acc=0.7523
Epoch 189/300 | train_loss=3.1255 | train_acc=0.9917 | test_loss=1.8611 | test_acc=0.9127
Epoch 182/300 | train_loss=271.5474 | train_acc=0.1124 | test_loss=46.0192 | test_acc=0.1135
Epoch 220/300 | train_loss=1.7581 | train_acc=0.9953 | test_loss=1.5189 | test_acc=0.9406
Epoch 198/300 | train_loss=2.1820 | train_acc=0.9942 | test_loss=1.5488 | test_acc=0.9205
Epoch 193/300 | train_loss=2.9350 | train_acc=0.9924 | test_loss=1.8824 | test_acc=0.7901
Epoch 187/300 | train_loss=271.5382 | train_acc=0.1124 | test_loss=46.0189 | test_acc=0.1135
Epoch 198/300 | train_loss=3.5019 | train_acc=0.9911 | test_loss=1.9200 | test_acc=0.7241
Epoch 221/300 | train_loss=1.4876 | train_acc=0.9965 | test_loss=1.6564 | test_acc=0.9361
Epoch 183/300 | train_loss=271.5409 | train_acc=0.1124 | test_loss=46.0196 | test_acc=0.1135
Epoch 190/300 | train_loss=5.3762 | train_acc=0.9858 | test_loss=1.6597 | test_acc=0.8950
Epoch 199/300 | train_loss=2.0599 | train_acc=0.9946 | test_loss=2.1303 | test_acc=0.8554
Epoch 194/300 | train_loss=4.0148 | train_acc=0.9897 | test_loss=1.8290 | test_acc=0.8247
Epoch 188/300 | train_loss=271.5443 | train_acc=0.1124 | test_loss=46.0193 | test_acc=0.1135
Epoch 222/300 | train_loss=2.3326 | train_acc=0.9939 | test_loss=1.8209 | test_acc=0.9471
Epoch 199/300 | train_loss=3.6679 | train_acc=0.9909 | test_loss=1.7027 | test_acc=0.7959
Epoch 191/300 | train_loss=3.2015 | train_acc=0.9914 | test_loss=1.7042 | test_acc=0.8548
Epoch 184/300 | train_loss=271.5354 | train_acc=0.1124 | test_loss=46.0190 | test_acc=0.1135
Epoch 200/300 | train_loss=2.4826 | train_acc=0.9938 | test_loss=1.5139 | test_acc=0.8978
Epoch 195/300 | train_loss=3.4976 | train_acc=0.9909 | test_loss=1.6406 | test_acc=0.8313
Epoch 223/300 | train_loss=2.0677 | train_acc=0.9948 | test_loss=2.2704 | test_acc=0.9191
Epoch 189/300 | train_loss=271.5440 | train_acc=0.1124 | test_loss=46.0192 | test_acc=0.1135
Epoch 192/300 | train_loss=2.4073 | train_acc=0.9936 | test_loss=1.5187 | test_acc=0.8981
Epoch 200/300 | train_loss=2.8771 | train_acc=0.9918 | test_loss=1.8147 | test_acc=0.7597
Epoch 185/300 | train_loss=271.5458 | train_acc=0.1124 | test_loss=46.0188 | test_acc=0.1135
Epoch 201/300 | train_loss=1.7103 | train_acc=0.9958 | test_loss=1.7932 | test_acc=0.9204
Epoch 224/300 | train_loss=3.0165 | train_acc=0.9922 | test_loss=1.9238 | test_acc=0.9353
Epoch 196/300 | train_loss=2.2066 | train_acc=0.9944 | test_loss=1.5927 | test_acc=0.8778
Epoch 193/300 | train_loss=2.9224 | train_acc=0.9925 | test_loss=1.6312 | test_acc=0.9054
Epoch 201/300 | train_loss=3.6909 | train_acc=0.9902 | test_loss=1.8844 | test_acc=0.8507
Epoch 190/300 | train_loss=271.5408 | train_acc=0.1124 | test_loss=46.0195 | test_acc=0.1135
Epoch 186/300 | train_loss=271.5520 | train_acc=0.1124 | test_loss=46.0196 | test_acc=0.1135
Epoch 202/300 | train_loss=1.8779 | train_acc=0.9952 | test_loss=1.6573 | test_acc=0.9016
Epoch 225/300 | train_loss=2.5144 | train_acc=0.9936 | test_loss=1.8141 | test_acc=0.9343
Epoch 197/300 | train_loss=2.1889 | train_acc=0.9947 | test_loss=1.5138 | test_acc=0.8830
Epoch 194/300 | train_loss=2.5525 | train_acc=0.9930 | test_loss=1.5902 | test_acc=0.9045
Epoch 191/300 | train_loss=271.5539 | train_acc=0.1124 | test_loss=46.0191 | test_acc=0.1135
Epoch 202/300 | train_loss=3.1952 | train_acc=0.9917 | test_loss=2.1210 | test_acc=0.7797
Epoch 226/300 | train_loss=1.6454 | train_acc=0.9957 | test_loss=1.6069 | test_acc=0.9438
Epoch 203/300 | train_loss=2.1699 | train_acc=0.9941 | test_loss=1.5342 | test_acc=0.9042
Epoch 187/300 | train_loss=271.5507 | train_acc=0.1124 | test_loss=46.0192 | test_acc=0.1135
Epoch 198/300 | train_loss=1.6773 | train_acc=0.9960 | test_loss=1.6840 | test_acc=0.8649
Epoch 203/300 | train_loss=2.8110 | train_acc=0.9923 | test_loss=1.8797 | test_acc=0.8237
Epoch 195/300 | train_loss=2.5733 | train_acc=0.9934 | test_loss=1.7988 | test_acc=0.9196
Epoch 227/300 | train_loss=1.4708 | train_acc=0.9962 | test_loss=1.6714 | test_acc=0.9405
Epoch 192/300 | train_loss=271.5410 | train_acc=0.1124 | test_loss=46.0194 | test_acc=0.1135
Epoch 204/300 | train_loss=0.9801 | train_acc=0.9976 | test_loss=1.6319 | test_acc=0.9138
Epoch 188/300 | train_loss=271.5467 | train_acc=0.1124 | test_loss=46.0194 | test_acc=0.1135
Epoch 199/300 | train_loss=2.6201 | train_acc=0.9932 | test_loss=1.7160 | test_acc=0.7878
Epoch 228/300 | train_loss=2.3363 | train_acc=0.9942 | test_loss=1.9788 | test_acc=0.9094
Epoch 204/300 | train_loss=2.1691 | train_acc=0.9942 | test_loss=1.8196 | test_acc=0.7387
Epoch 193/300 | train_loss=271.5380 | train_acc=0.1124 | test_loss=46.0190 | test_acc=0.1135
Epoch 196/300 | train_loss=4.0667 | train_acc=0.9897 | test_loss=1.5438 | test_acc=0.9239
Epoch 205/300 | train_loss=1.2777 | train_acc=0.9968 | test_loss=1.6608 | test_acc=0.8990
Epoch 189/300 | train_loss=271.5455 | train_acc=0.1124 | test_loss=46.0193 | test_acc=0.1135
Epoch 229/300 | train_loss=3.4674 | train_acc=0.9912 | test_loss=1.7037 | test_acc=0.9208
Epoch 200/300 | train_loss=3.7097 | train_acc=0.9905 | test_loss=1.9832 | test_acc=0.8557
Epoch 205/300 | train_loss=2.0551 | train_acc=0.9948 | test_loss=2.0379 | test_acc=0.7823
Epoch 194/300 | train_loss=271.5402 | train_acc=0.1124 | test_loss=46.0196 | test_acc=0.1135
Epoch 197/300 | train_loss=3.1982 | train_acc=0.9915 | test_loss=1.4868 | test_acc=0.9001
Epoch 206/300 | train_loss=1.5693 | train_acc=0.9959 | test_loss=1.9240 | test_acc=0.9092
Epoch 190/300 | train_loss=271.5493 | train_acc=0.1124 | test_loss=46.0191 | test_acc=0.1135
Epoch 230/300 | train_loss=1.7506 | train_acc=0.9956 | test_loss=1.5578 | test_acc=0.9452
Epoch 206/300 | train_loss=2.3702 | train_acc=0.9934 | test_loss=2.1964 | test_acc=0.7602
Epoch 201/300 | train_loss=3.2321 | train_acc=0.9919 | test_loss=1.8901 | test_acc=0.8554
Epoch 195/300 | train_loss=271.5556 | train_acc=0.1124 | test_loss=46.0198 | test_acc=0.1135
Epoch 198/300 | train_loss=2.4809 | train_acc=0.9932 | test_loss=1.5127 | test_acc=0.9135
Epoch 207/300 | train_loss=2.4429 | train_acc=0.9936 | test_loss=2.2189 | test_acc=0.8721
Epoch 231/300 | train_loss=1.6701 | train_acc=0.9960 | test_loss=1.5588 | test_acc=0.9423
Epoch 191/300 | train_loss=271.5509 | train_acc=0.1124 | test_loss=46.0194 | test_acc=0.1135
Epoch 207/300 | train_loss=3.5246 | train_acc=0.9904 | test_loss=1.9601 | test_acc=0.7430
Epoch 196/300 | train_loss=271.5388 | train_acc=0.1124 | test_loss=46.0194 | test_acc=0.1135
Epoch 202/300 | train_loss=2.2083 | train_acc=0.9945 | test_loss=1.7563 | test_acc=0.8372
Epoch 199/300 | train_loss=3.2625 | train_acc=0.9915 | test_loss=2.1372 | test_acc=0.9354
Epoch 208/300 | train_loss=3.0630 | train_acc=0.9920 | test_loss=1.9123 | test_acc=0.8927
Epoch 232/300 | train_loss=1.4638 | train_acc=0.9961 | test_loss=1.8874 | test_acc=0.9199
Epoch 208/300 | train_loss=2.6934 | train_acc=0.9926 | test_loss=2.2505 | test_acc=0.7269
Epoch 192/300 | train_loss=271.5463 | train_acc=0.1124 | test_loss=46.0195 | test_acc=0.1135
Epoch 197/300 | train_loss=271.5422 | train_acc=0.1124 | test_loss=46.0188 | test_acc=0.1135
Epoch 200/300 | train_loss=3.7740 | train_acc=0.9900 | test_loss=1.4038 | test_acc=0.9043
Epoch 203/300 | train_loss=2.4958 | train_acc=0.9938 | test_loss=2.2708 | test_acc=0.8855
Epoch 209/300 | train_loss=2.8896 | train_acc=0.9926 | test_loss=2.0067 | test_acc=0.8934
Epoch 233/300 | train_loss=2.2709 | train_acc=0.9944 | test_loss=1.8442 | test_acc=0.9375
Epoch 209/300 | train_loss=2.9942 | train_acc=0.9920 | test_loss=2.0126 | test_acc=0.8113
Epoch 201/300 | train_loss=4.2314 | train_acc=0.9889 | test_loss=1.7365 | test_acc=0.8995
Epoch 193/300 | train_loss=271.5439 | train_acc=0.1124 | test_loss=46.0194 | test_acc=0.1135
Epoch 234/300 | train_loss=2.9938 | train_acc=0.9929 | test_loss=1.7701 | test_acc=0.9435
Epoch 204/300 | train_loss=5.5152 | train_acc=0.9860 | test_loss=1.6070 | test_acc=0.8251
Epoch 198/300 | train_loss=271.5436 | train_acc=0.1124 | test_loss=46.0195 | test_acc=0.1135
Epoch 210/300 | train_loss=3.1750 | train_acc=0.9920 | test_loss=1.5475 | test_acc=0.9023
Epoch 210/300 | train_loss=4.0902 | train_acc=0.9896 | test_loss=1.9704 | test_acc=0.7490
Epoch 202/300 | train_loss=2.2004 | train_acc=0.9942 | test_loss=1.5244 | test_acc=0.9211
Epoch 235/300 | train_loss=1.7691 | train_acc=0.9958 | test_loss=1.6481 | test_acc=0.9447
Epoch 194/300 | train_loss=271.5376 | train_acc=0.1124 | test_loss=46.0194 | test_acc=0.1135
Epoch 205/300 | train_loss=2.8135 | train_acc=0.9928 | test_loss=1.7618 | test_acc=0.8199
Epoch 211/300 | train_loss=2.1401 | train_acc=0.9945 | test_loss=1.8814 | test_acc=0.8565
Epoch 199/300 | train_loss=271.5439 | train_acc=0.1124 | test_loss=46.0196 | test_acc=0.1135
Epoch 211/300 | train_loss=3.3060 | train_acc=0.9912 | test_loss=1.9305 | test_acc=0.7744
Epoch 236/300 | train_loss=3.2398 | train_acc=0.9918 | test_loss=1.8902 | test_acc=0.9007
Epoch 203/300 | train_loss=3.1139 | train_acc=0.9919 | test_loss=2.0423 | test_acc=0.8805
Epoch 206/300 | train_loss=1.6535 | train_acc=0.9962 | test_loss=2.3468 | test_acc=0.8763
Epoch 212/300 | train_loss=3.2081 | train_acc=0.9917 | test_loss=2.2942 | test_acc=0.9180
Epoch 195/300 | train_loss=271.5463 | train_acc=0.1124 | test_loss=46.0194 | test_acc=0.1135
Epoch 200/300 | train_loss=271.5448 | train_acc=0.1124 | test_loss=46.0192 | test_acc=0.1135
Epoch 237/300 | train_loss=1.5673 | train_acc=0.9962 | test_loss=1.5788 | test_acc=0.9431
Epoch 212/300 | train_loss=2.4626 | train_acc=0.9933 | test_loss=1.8073 | test_acc=0.8357
Epoch 204/300 | train_loss=3.9345 | train_acc=0.9897 | test_loss=1.4480 | test_acc=0.9224
Epoch 196/300 | train_loss=271.5423 | train_acc=0.1124 | test_loss=46.0197 | test_acc=0.1135
Epoch 207/300 | train_loss=1.7913 | train_acc=0.9956 | test_loss=1.7541 | test_acc=0.8783
Epoch 213/300 | train_loss=1.8783 | train_acc=0.9952 | test_loss=1.7567 | test_acc=0.9286
Epoch 201/300 | train_loss=271.5471 | train_acc=0.1124 | test_loss=46.0190 | test_acc=0.1135
Epoch 238/300 | train_loss=3.9007 | train_acc=0.9898 | test_loss=1.8679 | test_acc=0.9426
Epoch 213/300 | train_loss=2.1535 | train_acc=0.9941 | test_loss=1.7385 | test_acc=0.8233
Epoch 205/300 | train_loss=4.0048 | train_acc=0.9897 | test_loss=1.4065 | test_acc=0.9030
Epoch 197/300 | train_loss=271.5368 | train_acc=0.1124 | test_loss=46.0191 | test_acc=0.1135
Epoch 202/300 | train_loss=271.5475 | train_acc=0.1124 | test_loss=46.0194 | test_acc=0.1135
Epoch 214/300 | train_loss=1.1026 | train_acc=0.9973 | test_loss=1.6707 | test_acc=0.9064
Epoch 208/300 | train_loss=1.0457 | train_acc=0.9977 | test_loss=1.6074 | test_acc=0.8930
Epoch 239/300 | train_loss=2.4848 | train_acc=0.9935 | test_loss=1.8900 | test_acc=0.9357
Epoch 214/300 | train_loss=2.9910 | train_acc=0.9920 | test_loss=1.8434 | test_acc=0.8592
Epoch 206/300 | train_loss=3.0914 | train_acc=0.9919 | test_loss=1.5698 | test_acc=0.9180
Epoch 215/300 | train_loss=1.2210 | train_acc=0.9967 | test_loss=1.6282 | test_acc=0.9205
Epoch 209/300 | train_loss=1.5641 | train_acc=0.9963 | test_loss=1.8160 | test_acc=0.8668
Epoch 198/300 | train_loss=271.5454 | train_acc=0.1124 | test_loss=46.0189 | test_acc=0.1135
Epoch 203/300 | train_loss=271.5444 | train_acc=0.1124 | test_loss=46.0191 | test_acc=0.1135
Epoch 240/300 | train_loss=2.3145 | train_acc=0.9940 | test_loss=1.7668 | test_acc=0.9310
Epoch 215/300 | train_loss=2.3205 | train_acc=0.9941 | test_loss=1.9094 | test_acc=0.7874
Epoch 207/300 | train_loss=3.0293 | train_acc=0.9917 | test_loss=1.3161 | test_acc=0.9091
Epoch 216/300 | train_loss=1.4821 | train_acc=0.9964 | test_loss=2.2039 | test_acc=0.8807
Epoch 210/300 | train_loss=3.8052 | train_acc=0.9905 | test_loss=1.9533 | test_acc=0.8504
Epoch 241/300 | train_loss=1.7697 | train_acc=0.9954 | test_loss=1.5129 | test_acc=0.9374
Epoch 204/300 | train_loss=271.5455 | train_acc=0.1124 | test_loss=46.0190 | test_acc=0.1135
Epoch 199/300 | train_loss=271.5401 | train_acc=0.1124 | test_loss=46.0192 | test_acc=0.1135
Epoch 216/300 | train_loss=2.7004 | train_acc=0.9931 | test_loss=1.9464 | test_acc=0.7978
Epoch 208/300 | train_loss=2.0315 | train_acc=0.9948 | test_loss=1.5550 | test_acc=0.8923
Epoch 217/300 | train_loss=2.9642 | train_acc=0.9923 | test_loss=2.0207 | test_acc=0.9244
Epoch 211/300 | train_loss=3.8426 | train_acc=0.9902 | test_loss=1.6942 | test_acc=0.8846
Epoch 242/300 | train_loss=1.1430 | train_acc=0.9972 | test_loss=1.6753 | test_acc=0.9371
Epoch 205/300 | train_loss=271.5476 | train_acc=0.1124 | test_loss=46.0191 | test_acc=0.1135
Epoch 200/300 | train_loss=271.5460 | train_acc=0.1124 | test_loss=46.0196 | test_acc=0.1135
Epoch 217/300 | train_loss=2.7398 | train_acc=0.9928 | test_loss=1.9124 | test_acc=0.8429
Epoch 243/300 | train_loss=1.1010 | train_acc=0.9974 | test_loss=1.9793 | test_acc=0.9173
Epoch 209/300 | train_loss=2.0625 | train_acc=0.9943 | test_loss=1.4574 | test_acc=0.9276
Epoch 218/300 | train_loss=3.4436 | train_acc=0.9908 | test_loss=1.6874 | test_acc=0.8625
Epoch 212/300 | train_loss=2.4584 | train_acc=0.9936 | test_loss=1.8360 | test_acc=0.8320
Epoch 201/300 | train_loss=271.5503 | train_acc=0.1124 | test_loss=46.0191 | test_acc=0.1135
Epoch 206/300 | train_loss=271.5467 | train_acc=0.1124 | test_loss=46.0190 | test_acc=0.1135
Epoch 218/300 | train_loss=3.6248 | train_acc=0.9902 | test_loss=1.8620 | test_acc=0.8345
Epoch 244/300 | train_loss=1.6393 | train_acc=0.9956 | test_loss=1.8040 | test_acc=0.9407
Epoch 219/300 | train_loss=2.1389 | train_acc=0.9944 | test_loss=1.9023 | test_acc=0.8579
Epoch 210/300 | train_loss=2.9334 | train_acc=0.9928 | test_loss=1.5157 | test_acc=0.9112
Epoch 213/300 | train_loss=2.0683 | train_acc=0.9948 | test_loss=1.6790 | test_acc=0.8355
Epoch 202/300 | train_loss=271.5450 | train_acc=0.1124 | test_loss=46.0196 | test_acc=0.1135
Epoch 207/300 | train_loss=271.5437 | train_acc=0.1124 | test_loss=46.0192 | test_acc=0.1135
Epoch 245/300 | train_loss=1.3932 | train_acc=0.9964 | test_loss=1.6370 | test_acc=0.9363
Epoch 219/300 | train_loss=3.8879 | train_acc=0.9898 | test_loss=2.0012 | test_acc=0.8794
Epoch 220/300 | train_loss=2.1634 | train_acc=0.9944 | test_loss=1.6589 | test_acc=0.9159
Epoch 211/300 | train_loss=3.0143 | train_acc=0.9920 | test_loss=1.8745 | test_acc=0.8851
Epoch 214/300 | train_loss=2.8525 | train_acc=0.9927 | test_loss=1.7846 | test_acc=0.8871
Epoch 246/300 | train_loss=4.8173 | train_acc=0.9887 | test_loss=1.8964 | test_acc=0.9280
Epoch 220/300 | train_loss=2.3839 | train_acc=0.9937 | test_loss=1.9283 | test_acc=0.8544
Epoch 221/300 | train_loss=1.8445 | train_acc=0.9954 | test_loss=1.7945 | test_acc=0.9096
Epoch 203/300 | train_loss=271.5432 | train_acc=0.1124 | test_loss=46.0195 | test_acc=0.1135
Epoch 208/300 | train_loss=271.5506 | train_acc=0.1124 | test_loss=46.0191 | test_acc=0.1135
Epoch 212/300 | train_loss=3.0261 | train_acc=0.9918 | test_loss=1.6149 | test_acc=0.9002
Epoch 221/300 | train_loss=2.9646 | train_acc=0.9923 | test_loss=1.9821 | test_acc=0.8131
Epoch 247/300 | train_loss=2.9023 | train_acc=0.9926 | test_loss=1.6774 | test_acc=0.9511
Epoch 215/300 | train_loss=1.6836 | train_acc=0.9957 | test_loss=1.7751 | test_acc=0.9062
Epoch 222/300 | train_loss=2.2333 | train_acc=0.9938 | test_loss=2.0947 | test_acc=0.8710
Epoch 204/300 | train_loss=271.5445 | train_acc=0.1124 | test_loss=46.0195 | test_acc=0.1135
Epoch 209/300 | train_loss=271.5354 | train_acc=0.1124 | test_loss=46.0191 | test_acc=0.1135
Epoch 248/300 | train_loss=2.0806 | train_acc=0.9948 | test_loss=1.5015 | test_acc=0.9453
Epoch 213/300 | train_loss=2.3158 | train_acc=0.9940 | test_loss=1.4679 | test_acc=0.9140
Epoch 222/300 | train_loss=2.3263 | train_acc=0.9938 | test_loss=1.7729 | test_acc=0.8071
Epoch 223/300 | train_loss=2.0124 | train_acc=0.9948 | test_loss=1.6447 | test_acc=0.9012
Epoch 216/300 | train_loss=1.7156 | train_acc=0.9957 | test_loss=1.8535 | test_acc=0.8539
Epoch 205/300 | train_loss=271.5341 | train_acc=0.1124 | test_loss=46.0196 | test_acc=0.1135
Epoch 249/300 | train_loss=1.3368 | train_acc=0.9965 | test_loss=1.7000 | test_acc=0.9320
Epoch 210/300 | train_loss=271.5453 | train_acc=0.1124 | test_loss=46.0195 | test_acc=0.1135
Epoch 214/300 | train_loss=1.7274 | train_acc=0.9956 | test_loss=1.3346 | test_acc=0.9064
Epoch 223/300 | train_loss=1.9794 | train_acc=0.9948 | test_loss=1.8421 | test_acc=0.7931
Epoch 224/300 | train_loss=2.1942 | train_acc=0.9941 | test_loss=1.5085 | test_acc=0.9144
Epoch 250/300 | train_loss=1.1626 | train_acc=0.9972 | test_loss=1.6857 | test_acc=0.9251
Epoch 217/300 | train_loss=4.3644 | train_acc=0.9891 | test_loss=1.6786 | test_acc=0.8716
Epoch 206/300 | train_loss=271.5378 | train_acc=0.1124 | test_loss=46.0191 | test_acc=0.1135
Epoch 211/300 | train_loss=271.5332 | train_acc=0.1124 | test_loss=46.0191 | test_acc=0.1135
Epoch 215/300 | train_loss=2.4450 | train_acc=0.9938 | test_loss=1.6838 | test_acc=0.8957
Epoch 251/300 | train_loss=0.8724 | train_acc=0.9980 | test_loss=1.5338 | test_acc=0.9451
Epoch 225/300 | train_loss=1.5645 | train_acc=0.9958 | test_loss=1.8170 | test_acc=0.9092
Epoch 224/300 | train_loss=1.8552 | train_acc=0.9950 | test_loss=1.9562 | test_acc=0.7624
Epoch 218/300 | train_loss=3.8872 | train_acc=0.9904 | test_loss=2.3551 | test_acc=0.8178
Epoch 207/300 | train_loss=271.5437 | train_acc=0.1124 | test_loss=46.0196 | test_acc=0.1135
Epoch 212/300 | train_loss=271.5419 | train_acc=0.1124 | test_loss=46.0192 | test_acc=0.1135
Epoch 252/300 | train_loss=1.6256 | train_acc=0.9961 | test_loss=1.8204 | test_acc=0.9327
Epoch 226/300 | train_loss=2.5249 | train_acc=0.9935 | test_loss=1.8043 | test_acc=0.9060
Epoch 216/300 | train_loss=3.6298 | train_acc=0.9905 | test_loss=1.4660 | test_acc=0.8840
Epoch 225/300 | train_loss=4.6122 | train_acc=0.9881 | test_loss=2.0651 | test_acc=0.7602
Epoch 219/300 | train_loss=2.8536 | train_acc=0.9927 | test_loss=1.7509 | test_acc=0.8468
Epoch 213/300 | train_loss=271.5367 | train_acc=0.1124 | test_loss=46.0186 | test_acc=0.1135
Epoch 208/300 | train_loss=271.5436 | train_acc=0.1124 | test_loss=46.0193 | test_acc=0.1135
Epoch 253/300 | train_loss=3.0343 | train_acc=0.9922 | test_loss=1.8014 | test_acc=0.9420
Epoch 227/300 | train_loss=3.2445 | train_acc=0.9915 | test_loss=1.9801 | test_acc=0.9234
Epoch 226/300 | train_loss=4.1569 | train_acc=0.9893 | test_loss=1.9723 | test_acc=0.7519
Epoch 217/300 | train_loss=1.8695 | train_acc=0.9950 | test_loss=1.6146 | test_acc=0.9455
Epoch 214/300 | train_loss=271.5495 | train_acc=0.1124 | test_loss=46.0189 | test_acc=0.1135
Epoch 220/300 | train_loss=2.2369 | train_acc=0.9943 | test_loss=1.7585 | test_acc=0.8295
Epoch 209/300 | train_loss=271.5479 | train_acc=0.1124 | test_loss=46.0195 | test_acc=0.1135
Epoch 254/300 | train_loss=5.4134 | train_acc=0.9870 | test_loss=2.1649 | test_acc=0.8776
Epoch 227/300 | train_loss=3.3518 | train_acc=0.9916 | test_loss=1.9477 | test_acc=0.8239
Epoch 218/300 | train_loss=2.1838 | train_acc=0.9944 | test_loss=1.4255 | test_acc=0.9322
Epoch 228/300 | train_loss=1.9829 | train_acc=0.9952 | test_loss=1.7841 | test_acc=0.9128
Epoch 210/300 | train_loss=271.5362 | train_acc=0.1124 | test_loss=46.0196 | test_acc=0.1135
Epoch 221/300 | train_loss=1.7899 | train_acc=0.9954 | test_loss=1.6694 | test_acc=0.8416
Epoch 215/300 | train_loss=271.5456 | train_acc=0.1124 | test_loss=46.0189 | test_acc=0.1135
Epoch 255/300 | train_loss=3.9668 | train_acc=0.9897 | test_loss=1.8501 | test_acc=0.9040
Epoch 228/300 | train_loss=3.5748 | train_acc=0.9907 | test_loss=2.0004 | test_acc=0.7956
Epoch 229/300 | train_loss=1.1676 | train_acc=0.9970 | test_loss=1.7718 | test_acc=0.8977
Epoch 219/300 | train_loss=2.5252 | train_acc=0.9932 | test_loss=1.5871 | test_acc=0.8822
Epoch 256/300 | train_loss=2.9750 | train_acc=0.9920 | test_loss=1.5450 | test_acc=0.9429
Epoch 222/300 | train_loss=1.7510 | train_acc=0.9953 | test_loss=1.8267 | test_acc=0.8451
Epoch 211/300 | train_loss=271.5369 | train_acc=0.1124 | test_loss=46.0196 | test_acc=0.1135
Epoch 216/300 | train_loss=271.5409 | train_acc=0.1124 | test_loss=46.0188 | test_acc=0.1135
Epoch 229/300 | train_loss=1.7964 | train_acc=0.9951 | test_loss=2.0522 | test_acc=0.7760
Epoch 230/300 | train_loss=1.6832 | train_acc=0.9955 | test_loss=1.9393 | test_acc=0.9184
Epoch 220/300 | train_loss=3.0237 | train_acc=0.9919 | test_loss=1.5924 | test_acc=0.9072
Epoch 257/300 | train_loss=1.4953 | train_acc=0.9960 | test_loss=1.6031 | test_acc=0.9454
Epoch 223/300 | train_loss=3.4559 | train_acc=0.9912 | test_loss=1.9467 | test_acc=0.8100
Epoch 217/300 | train_loss=271.5422 | train_acc=0.1124 | test_loss=46.0193 | test_acc=0.1135
Epoch 212/300 | train_loss=271.5560 | train_acc=0.1124 | test_loss=46.0195 | test_acc=0.1135
Epoch 231/300 | train_loss=3.5153 | train_acc=0.9909 | test_loss=1.9250 | test_acc=0.8854
Epoch 230/300 | train_loss=3.3352 | train_acc=0.9912 | test_loss=2.1318 | test_acc=0.7993
Epoch 258/300 | train_loss=2.2521 | train_acc=0.9945 | test_loss=1.9826 | test_acc=0.9372
Epoch 221/300 | train_loss=2.6951 | train_acc=0.9930 | test_loss=1.6554 | test_acc=0.8923
Epoch 213/300 | train_loss=271.5439 | train_acc=0.1124 | test_loss=46.0192 | test_acc=0.1135
Epoch 224/300 | train_loss=3.5637 | train_acc=0.9910 | test_loss=1.9004 | test_acc=0.8641
Epoch 218/300 | train_loss=271.5438 | train_acc=0.1124 | test_loss=46.0194 | test_acc=0.1135
Epoch 232/300 | train_loss=2.0776 | train_acc=0.9944 | test_loss=1.5872 | test_acc=0.8941
Epoch 259/300 | train_loss=2.1057 | train_acc=0.9950 | test_loss=1.5229 | test_acc=0.9430
Epoch 222/300 | train_loss=4.1338 | train_acc=0.9895 | test_loss=1.7416 | test_acc=0.8975
Epoch 231/300 | train_loss=2.9709 | train_acc=0.9920 | test_loss=1.8504 | test_acc=0.8341
Epoch 260/300 | train_loss=2.5630 | train_acc=0.9933 | test_loss=1.6349 | test_acc=0.9345
Epoch 219/300 | train_loss=271.5437 | train_acc=0.1124 | test_loss=46.0193 | test_acc=0.1135
Epoch 233/300 | train_loss=1.7627 | train_acc=0.9956 | test_loss=1.7626 | test_acc=0.8913
Epoch 214/300 | train_loss=271.5426 | train_acc=0.1124 | test_loss=46.0194 | test_acc=0.1135
Epoch 225/300 | train_loss=3.1282 | train_acc=0.9917 | test_loss=1.8046 | test_acc=0.8563
Epoch 232/300 | train_loss=1.7992 | train_acc=0.9951 | test_loss=1.6470 | test_acc=0.8419
Epoch 223/300 | train_loss=2.6657 | train_acc=0.9929 | test_loss=2.1827 | test_acc=0.8745
Epoch 261/300 | train_loss=0.7863 | train_acc=0.9982 | test_loss=1.5603 | test_acc=0.9489
Epoch 234/300 | train_loss=1.7009 | train_acc=0.9954 | test_loss=1.5915 | test_acc=0.9121
Epoch 215/300 | train_loss=271.5464 | train_acc=0.1124 | test_loss=46.0193 | test_acc=0.1135
Epoch 226/300 | train_loss=1.7337 | train_acc=0.9957 | test_loss=1.9490 | test_acc=0.8436
Epoch 233/300 | train_loss=2.0577 | train_acc=0.9943 | test_loss=2.0878 | test_acc=0.8754
Epoch 220/300 | train_loss=271.5397 | train_acc=0.1124 | test_loss=46.0191 | test_acc=0.1135
Epoch 224/300 | train_loss=2.8884 | train_acc=0.9926 | test_loss=1.4478 | test_acc=0.9094
Epoch 262/300 | train_loss=0.6398 | train_acc=0.9987 | test_loss=1.5855 | test_acc=0.9501
Epoch 235/300 | train_loss=1.7664 | train_acc=0.9955 | test_loss=1.6729 | test_acc=0.8819
Epoch 227/300 | train_loss=2.7466 | train_acc=0.9928 | test_loss=1.6360 | test_acc=0.8270
Epoch 225/300 | train_loss=3.1329 | train_acc=0.9917 | test_loss=1.3799 | test_acc=0.8920
Epoch 221/300 | train_loss=271.5507 | train_acc=0.1124 | test_loss=46.0190 | test_acc=0.1135
Epoch 216/300 | train_loss=271.5465 | train_acc=0.1124 | test_loss=46.0189 | test_acc=0.1135
Epoch 234/300 | train_loss=3.0088 | train_acc=0.9918 | test_loss=1.7725 | test_acc=0.7849
Epoch 263/300 | train_loss=0.7626 | train_acc=0.9983 | test_loss=1.5957 | test_acc=0.9499
Epoch 236/300 | train_loss=1.7116 | train_acc=0.9957 | test_loss=1.7421 | test_acc=0.8852
Epoch 228/300 | train_loss=1.4037 | train_acc=0.9967 | test_loss=1.6783 | test_acc=0.8432
Epoch 235/300 | train_loss=1.7895 | train_acc=0.9953 | test_loss=1.8398 | test_acc=0.8201
Epoch 217/300 | train_loss=271.5468 | train_acc=0.1124 | test_loss=46.0188 | test_acc=0.1135
Epoch 226/300 | train_loss=1.4063 | train_acc=0.9966 | test_loss=1.3384 | test_acc=0.9084
Epoch 222/300 | train_loss=271.5459 | train_acc=0.1124 | test_loss=46.0194 | test_acc=0.1135
Epoch 264/300 | train_loss=0.9847 | train_acc=0.9975 | test_loss=1.5620 | test_acc=0.9389
Epoch 236/300 | train_loss=2.5525 | train_acc=0.9931 | test_loss=1.8413 | test_acc=0.7417
Epoch 237/300 | train_loss=1.5547 | train_acc=0.9957 | test_loss=1.5711 | test_acc=0.9242
Epoch 265/300 | train_loss=0.8594 | train_acc=0.9983 | test_loss=1.7059 | test_acc=0.9378
Epoch 229/300 | train_loss=2.1873 | train_acc=0.9944 | test_loss=1.9307 | test_acc=0.8250
Epoch 227/300 | train_loss=1.9459 | train_acc=0.9948 | test_loss=1.6687 | test_acc=0.9098
Epoch 223/300 | train_loss=271.5385 | train_acc=0.1124 | test_loss=46.0195 | test_acc=0.1135
Epoch 218/300 | train_loss=271.5391 | train_acc=0.1124 | test_loss=46.0191 | test_acc=0.1135
Epoch 266/300 | train_loss=2.7051 | train_acc=0.9927 | test_loss=2.8633 | test_acc=0.9222
Epoch 237/300 | train_loss=1.5116 | train_acc=0.9959 | test_loss=1.9339 | test_acc=0.7576
Epoch 228/300 | train_loss=2.1678 | train_acc=0.9944 | test_loss=1.6745 | test_acc=0.9164
Epoch 238/300 | train_loss=1.1594 | train_acc=0.9972 | test_loss=1.5938 | test_acc=0.9036
Epoch 230/300 | train_loss=2.8425 | train_acc=0.9926 | test_loss=1.8997 | test_acc=0.7778
Epoch 267/300 | train_loss=3.6962 | train_acc=0.9913 | test_loss=1.9532 | test_acc=0.9277
Epoch 224/300 | train_loss=271.5444 | train_acc=0.1124 | test_loss=46.0192 | test_acc=0.1135
Epoch 219/300 | train_loss=271.5385 | train_acc=0.1124 | test_loss=46.0195 | test_acc=0.1135
Epoch 239/300 | train_loss=0.7145 | train_acc=0.9983 | test_loss=1.6982 | test_acc=0.9126
Epoch 238/300 | train_loss=4.3223 | train_acc=0.9892 | test_loss=2.0869 | test_acc=0.8292
Epoch 229/300 | train_loss=2.5877 | train_acc=0.9932 | test_loss=1.4157 | test_acc=0.9409
Epoch 268/300 | train_loss=2.7814 | train_acc=0.9928 | test_loss=1.7203 | test_acc=0.9125
Epoch 231/300 | train_loss=5.4726 | train_acc=0.9865 | test_loss=1.8934 | test_acc=0.8449
Epoch 220/300 | train_loss=271.5439 | train_acc=0.1124 | test_loss=46.0192 | test_acc=0.1135
Epoch 225/300 | train_loss=271.5422 | train_acc=0.1124 | test_loss=46.0191 | test_acc=0.1135
Epoch 239/300 | train_loss=3.5184 | train_acc=0.9901 | test_loss=2.1761 | test_acc=0.9104
Epoch 240/300 | train_loss=1.2646 | train_acc=0.9969 | test_loss=2.4356 | test_acc=0.8799
Epoch 269/300 | train_loss=2.6449 | train_acc=0.9932 | test_loss=1.8316 | test_acc=0.9274
Epoch 230/300 | train_loss=2.9644 | train_acc=0.9921 | test_loss=1.6233 | test_acc=0.9162
Epoch 232/300 | train_loss=3.6410 | train_acc=0.9908 | test_loss=1.8880 | test_acc=0.8391
Epoch 226/300 | train_loss=271.5514 | train_acc=0.1124 | test_loss=46.0193 | test_acc=0.1135
Epoch 240/300 | train_loss=4.7160 | train_acc=0.9876 | test_loss=1.8428 | test_acc=0.7399
Epoch 221/300 | train_loss=271.5362 | train_acc=0.1124 | test_loss=46.0196 | test_acc=0.1135
Epoch 270/300 | train_loss=1.3110 | train_acc=0.9966 | test_loss=1.8948 | test_acc=0.9263
Epoch 241/300 | train_loss=4.1228 | train_acc=0.9899 | test_loss=1.7077 | test_acc=0.9173
Epoch 233/300 | train_loss=2.0819 | train_acc=0.9950 | test_loss=1.8273 | test_acc=0.8509
Epoch 231/300 | train_loss=3.2906 | train_acc=0.9911 | test_loss=2.0825 | test_acc=0.9145
Epoch 241/300 | train_loss=2.0764 | train_acc=0.9943 | test_loss=1.8656 | test_acc=0.8213
Epoch 227/300 | train_loss=271.5375 | train_acc=0.1124 | test_loss=46.0193 | test_acc=0.1135
Epoch 271/300 | train_loss=0.8319 | train_acc=0.9980 | test_loss=1.5539 | test_acc=0.9334
Epoch 242/300 | train_loss=1.6450 | train_acc=0.9956 | test_loss=1.7138 | test_acc=0.9029
Epoch 222/300 | train_loss=271.5332 | train_acc=0.1124 | test_loss=46.0193 | test_acc=0.1135
Epoch 234/300 | train_loss=1.9335 | train_acc=0.9951 | test_loss=1.6648 | test_acc=0.8919
Epoch 243/300 | train_loss=1.0746 | train_acc=0.9975 | test_loss=1.5177 | test_acc=0.9172
Epoch 232/300 | train_loss=4.5187 | train_acc=0.9888 | test_loss=1.4916 | test_acc=0.9030
Epoch 272/300 | train_loss=2.1060 | train_acc=0.9944 | test_loss=1.4906 | test_acc=0.9307
Epoch 242/300 | train_loss=1.4337 | train_acc=0.9962 | test_loss=1.6470 | test_acc=0.7996
Epoch 223/300 | train_loss=271.5493 | train_acc=0.1124 | test_loss=46.0191 | test_acc=0.1135
Epoch 228/300 | train_loss=271.5394 | train_acc=0.1124 | test_loss=46.0192 | test_acc=0.1135
Epoch 235/300 | train_loss=2.2702 | train_acc=0.9941 | test_loss=1.9709 | test_acc=0.8538
Epoch 244/300 | train_loss=0.4967 | train_acc=0.9989 | test_loss=1.5177 | test_acc=0.9090
Epoch 273/300 | train_loss=2.0374 | train_acc=0.9947 | test_loss=1.6227 | test_acc=0.9463
Epoch 233/300 | train_loss=2.8667 | train_acc=0.9927 | test_loss=1.8039 | test_acc=0.9252
Epoch 243/300 | train_loss=1.4856 | train_acc=0.9964 | test_loss=2.0806 | test_acc=0.8284
Epoch 229/300 | train_loss=271.5456 | train_acc=0.1124 | test_loss=46.0201 | test_acc=0.1135
Epoch 236/300 | train_loss=2.3588 | train_acc=0.9940 | test_loss=1.7834 | test_acc=0.8557
Epoch 224/300 | train_loss=271.5421 | train_acc=0.1124 | test_loss=46.0195 | test_acc=0.1135
Epoch 274/300 | train_loss=2.0779 | train_acc=0.9947 | test_loss=1.6674 | test_acc=0.9386
Epoch 245/300 | train_loss=0.3350 | train_acc=0.9994 | test_loss=1.5444 | test_acc=0.9261
Epoch 244/300 | train_loss=3.0729 | train_acc=0.9919 | test_loss=1.7728 | test_acc=0.7663
Epoch 234/300 | train_loss=2.7027 | train_acc=0.9927 | test_loss=1.6129 | test_acc=0.9024
Epoch 230/300 | train_loss=271.5412 | train_acc=0.1124 | test_loss=46.0192 | test_acc=0.1135
Epoch 237/300 | train_loss=1.8226 | train_acc=0.9953 | test_loss=1.6910 | test_acc=0.8576
Epoch 225/300 | train_loss=271.5463 | train_acc=0.1124 | test_loss=46.0193 | test_acc=0.1135
Epoch 275/300 | train_loss=2.3757 | train_acc=0.9936 | test_loss=1.8119 | test_acc=0.9327
Epoch 246/300 | train_loss=1.1851 | train_acc=0.9970 | test_loss=1.7434 | test_acc=0.9262
Epoch 245/300 | train_loss=2.0070 | train_acc=0.9948 | test_loss=1.9334 | test_acc=0.8201
Epoch 235/300 | train_loss=2.4698 | train_acc=0.9934 | test_loss=1.7764 | test_acc=0.8734
Epoch 231/300 | train_loss=271.5407 | train_acc=0.1124 | test_loss=46.0191 | test_acc=0.1135
Epoch 238/300 | train_loss=2.1176 | train_acc=0.9947 | test_loss=1.6002 | test_acc=0.8427
Epoch 276/300 | train_loss=1.8223 | train_acc=0.9953 | test_loss=1.6838 | test_acc=0.9407
Epoch 247/300 | train_loss=2.2099 | train_acc=0.9942 | test_loss=1.6206 | test_acc=0.9093
Epoch 226/300 | train_loss=271.5508 | train_acc=0.1124 | test_loss=46.0194 | test_acc=0.1135
Epoch 246/300 | train_loss=4.5160 | train_acc=0.9883 | test_loss=2.4943 | test_acc=0.8526
Epoch 236/300 | train_loss=2.1101 | train_acc=0.9940 | test_loss=1.7403 | test_acc=0.9073
Epoch 277/300 | train_loss=2.4196 | train_acc=0.9937 | test_loss=1.8315 | test_acc=0.9283
Epoch 239/300 | train_loss=2.6917 | train_acc=0.9930 | test_loss=1.9612 | test_acc=0.7650
Epoch 232/300 | train_loss=271.5423 | train_acc=0.1124 | test_loss=46.0194 | test_acc=0.1135
Epoch 248/300 | train_loss=3.6390 | train_acc=0.9907 | test_loss=1.7252 | test_acc=0.9300
Epoch 227/300 | train_loss=271.5441 | train_acc=0.1124 | test_loss=46.0196 | test_acc=0.1135
Epoch 278/300 | train_loss=1.6929 | train_acc=0.9952 | test_loss=1.7852 | test_acc=0.9466
Epoch 247/300 | train_loss=3.4463 | train_acc=0.9912 | test_loss=1.8963 | test_acc=0.7993
Epoch 237/300 | train_loss=2.4755 | train_acc=0.9935 | test_loss=1.4729 | test_acc=0.9299
Epoch 233/300 | train_loss=271.5477 | train_acc=0.1124 | test_loss=46.0197 | test_acc=0.1135
Epoch 240/300 | train_loss=3.3066 | train_acc=0.9914 | test_loss=1.9065 | test_acc=0.8006
Epoch 249/300 | train_loss=2.5847 | train_acc=0.9934 | test_loss=1.8794 | test_acc=0.9129
Epoch 279/300 | train_loss=1.0516 | train_acc=0.9974 | test_loss=1.4065 | test_acc=0.9545
Epoch 248/300 | train_loss=3.0486 | train_acc=0.9917 | test_loss=1.9940 | test_acc=0.8734
Epoch 228/300 | train_loss=271.5428 | train_acc=0.1124 | test_loss=46.0190 | test_acc=0.1135
Epoch 238/300 | train_loss=1.5704 | train_acc=0.9961 | test_loss=1.4330 | test_acc=0.8991
Epoch 234/300 | train_loss=271.5414 | train_acc=0.1124 | test_loss=46.0190 | test_acc=0.1135
Epoch 250/300 | train_loss=2.2050 | train_acc=0.9942 | test_loss=1.5766 | test_acc=0.8981
Epoch 280/300 | train_loss=1.2901 | train_acc=0.9967 | test_loss=1.8554 | test_acc=0.9385
Epoch 241/300 | train_loss=2.1988 | train_acc=0.9943 | test_loss=1.7125 | test_acc=0.8751
Epoch 249/300 | train_loss=3.6102 | train_acc=0.9905 | test_loss=1.9232 | test_acc=0.8502
Epoch 229/300 | train_loss=271.5460 | train_acc=0.1124 | test_loss=46.0192 | test_acc=0.1135
Epoch 239/300 | train_loss=1.6415 | train_acc=0.9957 | test_loss=1.6569 | test_acc=0.8909
Epoch 251/300 | train_loss=2.2173 | train_acc=0.9943 | test_loss=1.7751 | test_acc=0.8964
Epoch 281/300 | train_loss=2.2011 | train_acc=0.9940 | test_loss=2.1190 | test_acc=0.9229
Epoch 235/300 | train_loss=271.5416 | train_acc=0.1124 | test_loss=46.0191 | test_acc=0.1135
Epoch 242/300 | train_loss=2.4939 | train_acc=0.9938 | test_loss=2.0984 | test_acc=0.8156
Epoch 250/300 | train_loss=2.3766 | train_acc=0.9936 | test_loss=1.7836 | test_acc=0.8322
Epoch 282/300 | train_loss=3.4923 | train_acc=0.9912 | test_loss=1.5651 | test_acc=0.9349
Epoch 230/300 | train_loss=271.5429 | train_acc=0.1124 | test_loss=46.0195 | test_acc=0.1135
Epoch 240/300 | train_loss=1.8684 | train_acc=0.9953 | test_loss=1.6925 | test_acc=0.8994
Epoch 252/300 | train_loss=1.5090 | train_acc=0.9958 | test_loss=1.6354 | test_acc=0.9230
Epoch 243/300 | train_loss=2.6036 | train_acc=0.9932 | test_loss=1.8957 | test_acc=0.8087
Epoch 236/300 | train_loss=271.5460 | train_acc=0.1124 | test_loss=46.0190 | test_acc=0.1135
Epoch 251/300 | train_loss=3.1534 | train_acc=0.9918 | test_loss=2.5388 | test_acc=0.8482
Epoch 283/300 | train_loss=0.9602 | train_acc=0.9980 | test_loss=1.8053 | test_acc=0.9355
Epoch 231/300 | train_loss=271.5450 | train_acc=0.1124 | test_loss=46.0196 | test_acc=0.1135
Epoch 241/300 | train_loss=2.7414 | train_acc=0.9929 | test_loss=2.3097 | test_acc=0.8343
Epoch 253/300 | train_loss=1.4033 | train_acc=0.9962 | test_loss=1.8566 | test_acc=0.9150
Epoch 252/300 | train_loss=3.0148 | train_acc=0.9921 | test_loss=2.1206 | test_acc=0.7676
Epoch 244/300 | train_loss=2.7930 | train_acc=0.9928 | test_loss=1.8096 | test_acc=0.8376
Epoch 237/300 | train_loss=271.5435 | train_acc=0.1124 | test_loss=46.0194 | test_acc=0.1135
Epoch 284/300 | train_loss=1.4265 | train_acc=0.9964 | test_loss=2.0905 | test_acc=0.9316
Epoch 232/300 | train_loss=271.5361 | train_acc=0.1124 | test_loss=46.0195 | test_acc=0.1135
Epoch 254/300 | train_loss=2.4040 | train_acc=0.9939 | test_loss=1.7651 | test_acc=0.8994
Epoch 242/300 | train_loss=2.7429 | train_acc=0.9923 | test_loss=1.5131 | test_acc=0.9133
Epoch 245/300 | train_loss=3.9487 | train_acc=0.9899 | test_loss=1.5996 | test_acc=0.8770
Epoch 285/300 | train_loss=1.0752 | train_acc=0.9973 | test_loss=1.5408 | test_acc=0.9246
Epoch 253/300 | train_loss=3.0131 | train_acc=0.9924 | test_loss=1.7995 | test_acc=0.8240
Epoch 238/300 | train_loss=271.5409 | train_acc=0.1124 | test_loss=46.0192 | test_acc=0.1135
Epoch 255/300 | train_loss=1.5210 | train_acc=0.9959 | test_loss=1.6222 | test_acc=0.8879
Epoch 233/300 | train_loss=271.5418 | train_acc=0.1124 | test_loss=46.0195 | test_acc=0.1135
Epoch 286/300 | train_loss=2.9628 | train_acc=0.9928 | test_loss=2.3452 | test_acc=0.9027
Epoch 243/300 | train_loss=2.6231 | train_acc=0.9932 | test_loss=1.7158 | test_acc=0.9084
Epoch 246/300 | train_loss=1.3407 | train_acc=0.9965 | test_loss=1.5931 | test_acc=0.8430
Epoch 254/300 | train_loss=2.0606 | train_acc=0.9945 | test_loss=1.8970 | test_acc=0.8563
Epoch 239/300 | train_loss=271.5421 | train_acc=0.1124 | test_loss=46.0196 | test_acc=0.1135
Epoch 256/300 | train_loss=2.0751 | train_acc=0.9943 | test_loss=1.8149 | test_acc=0.8760
Epoch 234/300 | train_loss=271.5466 | train_acc=0.1124 | test_loss=46.0193 | test_acc=0.1135
Epoch 287/300 | train_loss=3.7903 | train_acc=0.9903 | test_loss=1.8061 | test_acc=0.9422
Epoch 244/300 | train_loss=4.1177 | train_acc=0.9889 | test_loss=1.6564 | test_acc=0.8908
Epoch 255/300 | train_loss=1.3157 | train_acc=0.9965 | test_loss=1.8669 | test_acc=0.8147
Epoch 247/300 | train_loss=3.2141 | train_acc=0.9918 | test_loss=1.5619 | test_acc=0.8183
Epoch 240/300 | train_loss=271.5385 | train_acc=0.1124 | test_loss=46.0196 | test_acc=0.1135
Epoch 288/300 | train_loss=2.3891 | train_acc=0.9939 | test_loss=1.5806 | test_acc=0.9479
Epoch 257/300 | train_loss=3.3359 | train_acc=0.9915 | test_loss=1.7157 | test_acc=0.8943
Epoch 235/300 | train_loss=271.5434 | train_acc=0.1124 | test_loss=46.0191 | test_acc=0.1135
Epoch 256/300 | train_loss=1.7677 | train_acc=0.9954 | test_loss=1.9019 | test_acc=0.8324
Epoch 245/300 | train_loss=2.4040 | train_acc=0.9938 | test_loss=1.5181 | test_acc=0.9354
Epoch 248/300 | train_loss=1.6225 | train_acc=0.9954 | test_loss=1.6275 | test_acc=0.8416
Epoch 289/300 | train_loss=1.0741 | train_acc=0.9974 | test_loss=1.7038 | test_acc=0.9424
Epoch 258/300 | train_loss=2.1133 | train_acc=0.9943 | test_loss=1.9266 | test_acc=0.9086
Epoch 241/300 | train_loss=271.5389 | train_acc=0.1124 | test_loss=46.0193 | test_acc=0.1135
Epoch 257/300 | train_loss=2.1238 | train_acc=0.9941 | test_loss=1.8960 | test_acc=0.7784
Epoch 246/300 | train_loss=1.9233 | train_acc=0.9948 | test_loss=1.5800 | test_acc=0.9301
Epoch 236/300 | train_loss=271.5418 | train_acc=0.1124 | test_loss=46.0191 | test_acc=0.1135
Epoch 290/300 | train_loss=0.8138 | train_acc=0.9980 | test_loss=1.8330 | test_acc=0.9416
Epoch 249/300 | train_loss=1.8655 | train_acc=0.9954 | test_loss=1.8648 | test_acc=0.8706
Epoch 259/300 | train_loss=1.6305 | train_acc=0.9958 | test_loss=1.7840 | test_acc=0.9068
Epoch 242/300 | train_loss=271.5404 | train_acc=0.1124 | test_loss=46.0193 | test_acc=0.1135
Epoch 258/300 | train_loss=2.5029 | train_acc=0.9932 | test_loss=1.8812 | test_acc=0.7761
Epoch 291/300 | train_loss=0.7176 | train_acc=0.9983 | test_loss=1.5269 | test_acc=0.9498
Epoch 237/300 | train_loss=271.5470 | train_acc=0.1124 | test_loss=46.0194 | test_acc=0.1135
Epoch 247/300 | train_loss=2.6146 | train_acc=0.9935 | test_loss=1.9688 | test_acc=0.8994
Epoch 250/300 | train_loss=1.5117 | train_acc=0.9961 | test_loss=1.8253 | test_acc=0.9026
Epoch 260/300 | train_loss=1.6086 | train_acc=0.9956 | test_loss=1.8196 | test_acc=0.9213
Epoch 243/300 | train_loss=271.5505 | train_acc=0.1124 | test_loss=46.0192 | test_acc=0.1135
Epoch 292/300 | train_loss=2.1065 | train_acc=0.9947 | test_loss=1.9869 | test_acc=0.9348
Epoch 259/300 | train_loss=1.7697 | train_acc=0.9953 | test_loss=2.0084 | test_acc=0.8004
Epoch 248/300 | train_loss=4.0702 | train_acc=0.9896 | test_loss=1.6054 | test_acc=0.8804
Epoch 238/300 | train_loss=271.5423 | train_acc=0.1124 | test_loss=46.0195 | test_acc=0.1135
Epoch 261/300 | train_loss=1.1294 | train_acc=0.9973 | test_loss=1.5368 | test_acc=0.9322
Epoch 251/300 | train_loss=3.2702 | train_acc=0.9918 | test_loss=1.5189 | test_acc=0.8490
Epoch 293/300 | train_loss=2.1856 | train_acc=0.9942 | test_loss=1.8214 | test_acc=0.9417
Epoch 260/300 | train_loss=2.0323 | train_acc=0.9946 | test_loss=1.9867 | test_acc=0.8197
Epoch 249/300 | train_loss=3.4058 | train_acc=0.9910 | test_loss=1.4772 | test_acc=0.9103
Epoch 244/300 | train_loss=271.5438 | train_acc=0.1124 | test_loss=46.0194 | test_acc=0.1135
Epoch 239/300 | train_loss=271.5425 | train_acc=0.1124 | test_loss=46.0195 | test_acc=0.1135
Epoch 262/300 | train_loss=2.6803 | train_acc=0.9933 | test_loss=1.7699 | test_acc=0.8903
Epoch 261/300 | train_loss=2.6992 | train_acc=0.9930 | test_loss=1.9891 | test_acc=0.8046
Epoch 294/300 | train_loss=2.2254 | train_acc=0.9943 | test_loss=1.9495 | test_acc=0.9364
Epoch 252/300 | train_loss=1.9398 | train_acc=0.9952 | test_loss=1.6000 | test_acc=0.8710
Epoch 250/300 | train_loss=3.1404 | train_acc=0.9918 | test_loss=1.6236 | test_acc=0.8916
Epoch 245/300 | train_loss=271.5435 | train_acc=0.1124 | test_loss=46.0194 | test_acc=0.1135
Epoch 240/300 | train_loss=271.5352 | train_acc=0.1124 | test_loss=46.0191 | test_acc=0.1135
Epoch 263/300 | train_loss=0.7812 | train_acc=0.9981 | test_loss=1.6566 | test_acc=0.9187
Epoch 253/300 | train_loss=1.9493 | train_acc=0.9949 | test_loss=1.6507 | test_acc=0.8208
Epoch 295/300 | train_loss=1.4030 | train_acc=0.9963 | test_loss=1.6177 | test_acc=0.9390
Epoch 262/300 | train_loss=4.1083 | train_acc=0.9890 | test_loss=2.4010 | test_acc=0.8839
Epoch 251/300 | train_loss=2.8934 | train_acc=0.9922 | test_loss=1.6333 | test_acc=0.8882
Epoch 241/300 | train_loss=271.5475 | train_acc=0.1124 | test_loss=46.0193 | test_acc=0.1135
Epoch 264/300 | train_loss=1.0514 | train_acc=0.9978 | test_loss=1.6180 | test_acc=0.9193
Epoch 246/300 | train_loss=271.5443 | train_acc=0.1124 | test_loss=46.0193 | test_acc=0.1135
Epoch 263/300 | train_loss=4.2433 | train_acc=0.9894 | test_loss=2.2716 | test_acc=0.6688
Epoch 296/300 | train_loss=1.3928 | train_acc=0.9961 | test_loss=1.6314 | test_acc=0.9531
Epoch 254/300 | train_loss=2.0896 | train_acc=0.9944 | test_loss=1.6784 | test_acc=0.8476
Epoch 252/300 | train_loss=1.2139 | train_acc=0.9970 | test_loss=1.4563 | test_acc=0.9439
Epoch 297/300 | train_loss=2.0821 | train_acc=0.9947 | test_loss=1.6547 | test_acc=0.9438
Epoch 264/300 | train_loss=2.8165 | train_acc=0.9924 | test_loss=1.9452 | test_acc=0.7828
Epoch 247/300 | train_loss=271.5455 | train_acc=0.1124 | test_loss=46.0191 | test_acc=0.1135
Epoch 242/300 | train_loss=271.5453 | train_acc=0.1124 | test_loss=46.0195 | test_acc=0.1135
Epoch 265/300 | train_loss=1.1662 | train_acc=0.9969 | test_loss=1.5596 | test_acc=0.9225
Epoch 253/300 | train_loss=1.0563 | train_acc=0.9974 | test_loss=1.3351 | test_acc=0.9312
Epoch 255/300 | train_loss=1.4298 | train_acc=0.9962 | test_loss=1.6318 | test_acc=0.8608
Epoch 298/300 | train_loss=1.9008 | train_acc=0.9952 | test_loss=1.5675 | test_acc=0.9536
Epoch 265/300 | train_loss=2.8893 | train_acc=0.9927 | test_loss=1.9057 | test_acc=0.7900
Epoch 266/300 | train_loss=2.0962 | train_acc=0.9951 | test_loss=2.2204 | test_acc=0.9032
Epoch 243/300 | train_loss=271.5468 | train_acc=0.1124 | test_loss=46.0193 | test_acc=0.1135
Epoch 248/300 | train_loss=271.5514 | train_acc=0.1124 | test_loss=46.0193 | test_acc=0.1135
Epoch 254/300 | train_loss=0.8130 | train_acc=0.9982 | test_loss=1.3809 | test_acc=0.9140
Epoch 256/300 | train_loss=1.2689 | train_acc=0.9966 | test_loss=1.8736 | test_acc=0.8568
Epoch 299/300 | train_loss=1.2382 | train_acc=0.9966 | test_loss=1.5622 | test_acc=0.9283
Epoch 266/300 | train_loss=2.2649 | train_acc=0.9941 | test_loss=1.8688 | test_acc=0.8262
Epoch 267/300 | train_loss=4.1258 | train_acc=0.9895 | test_loss=1.7952 | test_acc=0.8841
Epoch 244/300 | train_loss=271.5453 | train_acc=0.1124 | test_loss=46.0195 | test_acc=0.1135
Epoch 249/300 | train_loss=271.5388 | train_acc=0.1124 | test_loss=46.0194 | test_acc=0.1135
Epoch 255/300 | train_loss=0.7893 | train_acc=0.9982 | test_loss=1.4207 | test_acc=0.9313
Epoch 257/300 | train_loss=3.2591 | train_acc=0.9922 | test_loss=2.2079 | test_acc=0.7743
Epoch 300/300 | train_loss=2.1910 | train_acc=0.9947 | test_loss=1.8589 | test_acc=0.9480
Epoch 267/300 | train_loss=1.7928 | train_acc=0.9952 | test_loss=1.8597 | test_acc=0.8018
Epoch 268/300 | train_loss=1.4370 | train_acc=0.9963 | test_loss=1.5956 | test_acc=0.9220
Completed random run 4 on cuda:4 | test_acc=0.948
Started bio_trainable run 3 | seed=1236 | device=cuda:0 | trainable_params=23562 | total_params=24212
Epoch 245/300 | train_loss=271.5496 | train_acc=0.1124 | test_loss=46.0195 | test_acc=0.1135
Epoch 258/300 | train_loss=3.3491 | train_acc=0.9914 | test_loss=1.6124 | test_acc=0.9002
Epoch 250/300 | train_loss=271.5453 | train_acc=0.1124 | test_loss=46.0192 | test_acc=0.1135
Epoch 256/300 | train_loss=3.2505 | train_acc=0.9916 | test_loss=1.5056 | test_acc=0.9216
Epoch 268/300 | train_loss=1.5771 | train_acc=0.9959 | test_loss=1.5949 | test_acc=0.8232
Epoch 269/300 | train_loss=0.5976 | train_acc=0.9988 | test_loss=1.6174 | test_acc=0.9115
Epoch 246/300 | train_loss=271.5452 | train_acc=0.1124 | test_loss=46.0195 | test_acc=0.1135
Epoch 251/300 | train_loss=271.5414 | train_acc=0.1124 | test_loss=46.0189 | test_acc=0.1135
Epoch 259/300 | train_loss=3.0149 | train_acc=0.9924 | test_loss=1.7828 | test_acc=0.8281
Epoch 257/300 | train_loss=2.2459 | train_acc=0.9942 | test_loss=1.7152 | test_acc=0.8838
Epoch 269/300 | train_loss=0.9234 | train_acc=0.9977 | test_loss=1.8021 | test_acc=0.7999
Epoch 270/300 | train_loss=0.5792 | train_acc=0.9987 | test_loss=1.6693 | test_acc=0.9063
Epoch 270/300 | train_loss=1.6831 | train_acc=0.9957 | test_loss=2.4692 | test_acc=0.7333
Epoch 001/300 | train_loss=271.7793 | train_acc=0.0994 | test_loss=46.0376 | test_acc=0.1135
Epoch 247/300 | train_loss=271.5419 | train_acc=0.1124 | test_loss=46.0192 | test_acc=0.1135
Epoch 260/300 | train_loss=2.3421 | train_acc=0.9939 | test_loss=1.9268 | test_acc=0.8234
Epoch 252/300 | train_loss=271.5414 | train_acc=0.1124 | test_loss=46.0192 | test_acc=0.1135
Epoch 258/300 | train_loss=3.3664 | train_acc=0.9913 | test_loss=2.0208 | test_acc=0.9239
Epoch 271/300 | train_loss=0.6633 | train_acc=0.9982 | test_loss=1.6430 | test_acc=0.9073
Epoch 002/300 | train_loss=271.6022 | train_acc=0.1124 | test_loss=46.0239 | test_acc=0.1135
Epoch 271/300 | train_loss=3.3093 | train_acc=0.9911 | test_loss=2.3241 | test_acc=0.7260
Epoch 261/300 | train_loss=2.7541 | train_acc=0.9929 | test_loss=2.0364 | test_acc=0.8829
Epoch 248/300 | train_loss=271.5443 | train_acc=0.1124 | test_loss=46.0193 | test_acc=0.1135
Epoch 253/300 | train_loss=271.5421 | train_acc=0.1124 | test_loss=46.0194 | test_acc=0.1135
Epoch 259/300 | train_loss=3.5934 | train_acc=0.9903 | test_loss=1.5149 | test_acc=0.8978
Epoch 272/300 | train_loss=0.8983 | train_acc=0.9980 | test_loss=1.7655 | test_acc=0.9255
Epoch 003/300 | train_loss=271.5525 | train_acc=0.1124 | test_loss=46.0201 | test_acc=0.1135
Epoch 272/300 | train_loss=4.5711 | train_acc=0.9881 | test_loss=2.4567 | test_acc=0.7561
Epoch 260/300 | train_loss=3.3872 | train_acc=0.9915 | test_loss=2.1402 | test_acc=0.8917
Epoch 262/300 | train_loss=2.4507 | train_acc=0.9939 | test_loss=1.8585 | test_acc=0.8138
Epoch 004/300 | train_loss=271.5460 | train_acc=0.1124 | test_loss=46.0194 | test_acc=0.1135
Epoch 254/300 | train_loss=271.5294 | train_acc=0.1124 | test_loss=46.0193 | test_acc=0.1135
Epoch 249/300 | train_loss=271.5406 | train_acc=0.1124 | test_loss=46.0192 | test_acc=0.1135
Epoch 273/300 | train_loss=3.9625 | train_acc=0.9903 | test_loss=1.7367 | test_acc=0.9207
Epoch 273/300 | train_loss=5.1969 | train_acc=0.9864 | test_loss=1.9017 | test_acc=0.8542
Epoch 263/300 | train_loss=1.9486 | train_acc=0.9948 | test_loss=1.5786 | test_acc=0.8323
Epoch 005/300 | train_loss=271.5457 | train_acc=0.1124 | test_loss=46.0194 | test_acc=0.1135
Epoch 261/300 | train_loss=3.2502 | train_acc=0.9916 | test_loss=1.7183 | test_acc=0.8866
Epoch 274/300 | train_loss=1.6059 | train_acc=0.9959 | test_loss=1.5332 | test_acc=0.9197
Epoch 250/300 | train_loss=271.5516 | train_acc=0.1124 | test_loss=46.0192 | test_acc=0.1135
Epoch 255/300 | train_loss=271.5377 | train_acc=0.1124 | test_loss=46.0195 | test_acc=0.1135
Epoch 274/300 | train_loss=2.6604 | train_acc=0.9934 | test_loss=1.9072 | test_acc=0.7534
Epoch 006/300 | train_loss=271.5412 | train_acc=0.1124 | test_loss=46.0195 | test_acc=0.1135
Epoch 275/300 | train_loss=1.6661 | train_acc=0.9955 | test_loss=1.7360 | test_acc=0.9200
Epoch 264/300 | train_loss=1.1753 | train_acc=0.9970 | test_loss=1.6225 | test_acc=0.8779
Epoch 251/300 | train_loss=271.5367 | train_acc=0.1124 | test_loss=46.0194 | test_acc=0.1135
Epoch 262/300 | train_loss=1.2519 | train_acc=0.9969 | test_loss=1.3273 | test_acc=0.9207
Epoch 256/300 | train_loss=271.5361 | train_acc=0.1124 | test_loss=46.0192 | test_acc=0.1135
Epoch 275/300 | train_loss=1.6312 | train_acc=0.9956 | test_loss=2.1478 | test_acc=0.7919
Epoch 276/300 | train_loss=1.3258 | train_acc=0.9965 | test_loss=1.8140 | test_acc=0.9160
Epoch 007/300 | train_loss=271.5424 | train_acc=0.1124 | test_loss=46.0195 | test_acc=0.1135
Epoch 252/300 | train_loss=271.5417 | train_acc=0.1124 | test_loss=46.0196 | test_acc=0.1135
Epoch 265/300 | train_loss=1.7535 | train_acc=0.9957 | test_loss=2.0044 | test_acc=0.8073
Epoch 257/300 | train_loss=271.5443 | train_acc=0.1124 | test_loss=46.0194 | test_acc=0.1135
Epoch 263/300 | train_loss=1.0816 | train_acc=0.9974 | test_loss=1.4135 | test_acc=0.9325
Epoch 008/300 | train_loss=271.5483 | train_acc=0.1124 | test_loss=46.0195 | test_acc=0.1135
Epoch 276/300 | train_loss=2.3008 | train_acc=0.9937 | test_loss=1.9868 | test_acc=0.7699
Epoch 277/300 | train_loss=2.3390 | train_acc=0.9941 | test_loss=1.6898 | test_acc=0.8895
Epoch 253/300 | train_loss=271.5557 | train_acc=0.1124 | test_loss=46.0194 | test_acc=0.1135
Epoch 266/300 | train_loss=2.6084 | train_acc=0.9932 | test_loss=1.7837 | test_acc=0.8610
Epoch 264/300 | train_loss=0.9326 | train_acc=0.9978 | test_loss=1.3620 | test_acc=0.9415
Epoch 009/300 | train_loss=271.5366 | train_acc=0.1124 | test_loss=46.0196 | test_acc=0.1135
Epoch 258/300 | train_loss=271.5454 | train_acc=0.1124 | test_loss=46.0189 | test_acc=0.1135
Epoch 277/300 | train_loss=3.4075 | train_acc=0.9906 | test_loss=1.8051 | test_acc=0.7898
Epoch 278/300 | train_loss=2.2519 | train_acc=0.9939 | test_loss=1.5711 | test_acc=0.9115
Epoch 259/300 | train_loss=271.5491 | train_acc=0.1124 | test_loss=46.0193 | test_acc=0.1135
Epoch 010/300 | train_loss=271.5535 | train_acc=0.1124 | test_loss=46.0192 | test_acc=0.1135
Epoch 265/300 | train_loss=1.8764 | train_acc=0.9954 | test_loss=1.6006 | test_acc=0.9185
Epoch 267/300 | train_loss=2.6325 | train_acc=0.9936 | test_loss=2.0171 | test_acc=0.8475
Epoch 254/300 | train_loss=271.5498 | train_acc=0.1124 | test_loss=46.0195 | test_acc=0.1135
Epoch 278/300 | train_loss=1.9411 | train_acc=0.9948 | test_loss=1.6985 | test_acc=0.8148
Epoch 279/300 | train_loss=1.7793 | train_acc=0.9950 | test_loss=1.7928 | test_acc=0.8902
Epoch 260/300 | train_loss=271.5496 | train_acc=0.1124 | test_loss=46.0195 | test_acc=0.1135
Epoch 011/300 | train_loss=271.5415 | train_acc=0.1124 | test_loss=46.0195 | test_acc=0.1135
Epoch 268/300 | train_loss=1.5056 | train_acc=0.9963 | test_loss=1.6536 | test_acc=0.8274
Epoch 255/300 | train_loss=271.5459 | train_acc=0.1124 | test_loss=46.0195 | test_acc=0.1135
Epoch 279/300 | train_loss=1.8441 | train_acc=0.9951 | test_loss=1.6898 | test_acc=0.8237
Epoch 266/300 | train_loss=3.2937 | train_acc=0.9918 | test_loss=1.7891 | test_acc=0.9304
Epoch 280/300 | train_loss=1.6973 | train_acc=0.9957 | test_loss=1.6753 | test_acc=0.9219
Epoch 012/300 | train_loss=271.5490 | train_acc=0.1124 | test_loss=46.0193 | test_acc=0.1135
Epoch 280/300 | train_loss=0.9896 | train_acc=0.9976 | test_loss=1.7578 | test_acc=0.7893
Epoch 267/300 | train_loss=2.8559 | train_acc=0.9928 | test_loss=1.4412 | test_acc=0.9187
Epoch 261/300 | train_loss=271.5463 | train_acc=0.1124 | test_loss=46.0196 | test_acc=0.1135
Epoch 269/300 | train_loss=1.8849 | train_acc=0.9952 | test_loss=1.9385 | test_acc=0.8244
Epoch 256/300 | train_loss=271.5407 | train_acc=0.1124 | test_loss=46.0192 | test_acc=0.1135
Epoch 281/300 | train_loss=0.8075 | train_acc=0.9980 | test_loss=1.6678 | test_acc=0.8920
Epoch 013/300 | train_loss=271.5534 | train_acc=0.1124 | test_loss=46.0189 | test_acc=0.1135
Epoch 262/300 | train_loss=271.5505 | train_acc=0.1124 | test_loss=46.0192 | test_acc=0.1135
Epoch 281/300 | train_loss=1.2730 | train_acc=0.9969 | test_loss=1.8087 | test_acc=0.8069
Epoch 270/300 | train_loss=3.6712 | train_acc=0.9907 | test_loss=1.7962 | test_acc=0.8447
Epoch 268/300 | train_loss=3.0391 | train_acc=0.9920 | test_loss=1.5867 | test_acc=0.9156
Epoch 257/300 | train_loss=271.5488 | train_acc=0.1124 | test_loss=46.0190 | test_acc=0.1135
Epoch 282/300 | train_loss=0.7413 | train_acc=0.9982 | test_loss=1.5425 | test_acc=0.9161
Epoch 014/300 | train_loss=271.5324 | train_acc=0.1124 | test_loss=46.0194 | test_acc=0.1135
Epoch 282/300 | train_loss=1.0330 | train_acc=0.9974 | test_loss=1.7902 | test_acc=0.7808
Epoch 263/300 | train_loss=271.5483 | train_acc=0.1124 | test_loss=46.0198 | test_acc=0.1135
Epoch 271/300 | train_loss=1.3297 | train_acc=0.9968 | test_loss=1.6179 | test_acc=0.8647
Epoch 269/300 | train_loss=2.7584 | train_acc=0.9927 | test_loss=1.6691 | test_acc=0.9396
Epoch 283/300 | train_loss=0.5167 | train_acc=0.9988 | test_loss=1.7821 | test_acc=0.9294
Epoch 258/300 | train_loss=271.5469 | train_acc=0.1124 | test_loss=46.0188 | test_acc=0.1135
Epoch 015/300 | train_loss=271.5433 | train_acc=0.1124 | test_loss=46.0194 | test_acc=0.1135
Epoch 283/300 | train_loss=1.0320 | train_acc=0.9972 | test_loss=2.0191 | test_acc=0.7268
Epoch 272/300 | train_loss=1.1049 | train_acc=0.9973 | test_loss=1.7671 | test_acc=0.8788
Epoch 264/300 | train_loss=271.5381 | train_acc=0.1124 | test_loss=46.0194 | test_acc=0.1135
Epoch 270/300 | train_loss=1.3427 | train_acc=0.9964 | test_loss=1.3769 | test_acc=0.9194
Epoch 016/300 | train_loss=271.5382 | train_acc=0.1124 | test_loss=46.0193 | test_acc=0.1135
Epoch 259/300 | train_loss=271.5470 | train_acc=0.1124 | test_loss=46.0186 | test_acc=0.1135
Epoch 284/300 | train_loss=4.0858 | train_acc=0.9897 | test_loss=1.8788 | test_acc=0.8962
Epoch 273/300 | train_loss=2.7207 | train_acc=0.9931 | test_loss=1.8056 | test_acc=0.8279
Epoch 284/300 | train_loss=1.7945 | train_acc=0.9950 | test_loss=1.9242 | test_acc=0.8304
Epoch 017/300 | train_loss=271.5464 | train_acc=0.1124 | test_loss=46.0191 | test_acc=0.1135
Epoch 271/300 | train_loss=1.5716 | train_acc=0.9962 | test_loss=1.6712 | test_acc=0.9368
Epoch 260/300 | train_loss=271.5429 | train_acc=0.1124 | test_loss=46.0192 | test_acc=0.1135
Epoch 285/300 | train_loss=2.3235 | train_acc=0.9938 | test_loss=1.8766 | test_acc=0.9399
Epoch 265/300 | train_loss=271.5368 | train_acc=0.1124 | test_loss=46.0190 | test_acc=0.1135
Epoch 274/300 | train_loss=3.7188 | train_acc=0.9908 | test_loss=2.2614 | test_acc=0.7538
Epoch 285/300 | train_loss=3.3319 | train_acc=0.9913 | test_loss=2.2307 | test_acc=0.8414
Epoch 018/300 | train_loss=271.5418 | train_acc=0.1124 | test_loss=46.0192 | test_acc=0.1135
Epoch 286/300 | train_loss=1.4162 | train_acc=0.9961 | test_loss=1.6125 | test_acc=0.8921
Epoch 272/300 | train_loss=2.5343 | train_acc=0.9934 | test_loss=1.5389 | test_acc=0.9212
Epoch 261/300 | train_loss=271.5430 | train_acc=0.1124 | test_loss=46.0189 | test_acc=0.1135
Epoch 266/300 | train_loss=271.5458 | train_acc=0.1124 | test_loss=46.0196 | test_acc=0.1135
Epoch 019/300 | train_loss=271.5506 | train_acc=0.1124 | test_loss=46.0194 | test_acc=0.1135
Epoch 275/300 | train_loss=2.2248 | train_acc=0.9943 | test_loss=1.8844 | test_acc=0.8115
Epoch 286/300 | train_loss=2.4150 | train_acc=0.9936 | test_loss=1.8570 | test_acc=0.8421
Epoch 273/300 | train_loss=3.5738 | train_acc=0.9904 | test_loss=1.8072 | test_acc=0.8748
Epoch 287/300 | train_loss=0.9335 | train_acc=0.9979 | test_loss=1.7057 | test_acc=0.9176
Epoch 267/300 | train_loss=271.5434 | train_acc=0.1124 | test_loss=46.0196 | test_acc=0.1135
Epoch 262/300 | train_loss=271.5451 | train_acc=0.1124 | test_loss=46.0189 | test_acc=0.1135
Epoch 020/300 | train_loss=271.5435 | train_acc=0.1124 | test_loss=46.0193 | test_acc=0.1135
Epoch 276/300 | train_loss=2.8037 | train_acc=0.9927 | test_loss=1.6920 | test_acc=0.8682
Epoch 287/300 | train_loss=1.6085 | train_acc=0.9959 | test_loss=2.0703 | test_acc=0.8124
Epoch 274/300 | train_loss=1.9459 | train_acc=0.9950 | test_loss=1.4803 | test_acc=0.9061
Epoch 288/300 | train_loss=0.7777 | train_acc=0.9980 | test_loss=1.5646 | test_acc=0.9154
Epoch 268/300 | train_loss=271.5365 | train_acc=0.1124 | test_loss=46.0197 | test_acc=0.1135
Epoch 021/300 | train_loss=271.5417 | train_acc=0.1124 | test_loss=46.0189 | test_acc=0.1135
Epoch 263/300 | train_loss=271.5457 | train_acc=0.1124 | test_loss=46.0193 | test_acc=0.1135
Epoch 277/300 | train_loss=2.1766 | train_acc=0.9942 | test_loss=1.6139 | test_acc=0.8659
Epoch 288/300 | train_loss=2.7258 | train_acc=0.9928 | test_loss=2.3118 | test_acc=0.6722
Epoch 289/300 | train_loss=0.6672 | train_acc=0.9982 | test_loss=1.5110 | test_acc=0.9014
Epoch 022/300 | train_loss=271.5484 | train_acc=0.1124 | test_loss=46.0189 | test_acc=0.1135
Epoch 275/300 | train_loss=2.1835 | train_acc=0.9943 | test_loss=1.7353 | test_acc=0.8979
Epoch 269/300 | train_loss=271.5399 | train_acc=0.1124 | test_loss=46.0193 | test_acc=0.1135
Epoch 264/300 | train_loss=271.5477 | train_acc=0.1124 | test_loss=46.0194 | test_acc=0.1135
Epoch 023/300 | train_loss=271.5405 | train_acc=0.1124 | test_loss=46.0194 | test_acc=0.1135
Epoch 278/300 | train_loss=2.5677 | train_acc=0.9934 | test_loss=1.9052 | test_acc=0.8338
Epoch 290/300 | train_loss=1.4791 | train_acc=0.9966 | test_loss=1.7420 | test_acc=0.8966
Epoch 276/300 | train_loss=2.3594 | train_acc=0.9937 | test_loss=1.8068 | test_acc=0.9323
Epoch 289/300 | train_loss=2.5083 | train_acc=0.9934 | test_loss=1.7446 | test_acc=0.8376
Epoch 270/300 | train_loss=271.5447 | train_acc=0.1124 | test_loss=46.0199 | test_acc=0.1135
Epoch 265/300 | train_loss=271.5505 | train_acc=0.1124 | test_loss=46.0190 | test_acc=0.1135
Epoch 024/300 | train_loss=271.5426 | train_acc=0.1124 | test_loss=46.0192 | test_acc=0.1135
Epoch 279/300 | train_loss=1.3052 | train_acc=0.9966 | test_loss=1.6422 | test_acc=0.8374
Epoch 277/300 | train_loss=2.2908 | train_acc=0.9935 | test_loss=1.9927 | test_acc=0.8760
Epoch 290/300 | train_loss=3.7415 | train_acc=0.9903 | test_loss=2.1198 | test_acc=0.7697
Epoch 291/300 | train_loss=2.6382 | train_acc=0.9931 | test_loss=1.6882 | test_acc=0.9072
Epoch 271/300 | train_loss=271.5512 | train_acc=0.1124 | test_loss=46.0190 | test_acc=0.1135
Epoch 025/300 | train_loss=271.5414 | train_acc=0.1124 | test_loss=46.0191 | test_acc=0.1135
Epoch 266/300 | train_loss=271.5458 | train_acc=0.1124 | test_loss=46.0191 | test_acc=0.1135
Epoch 291/300 | train_loss=2.4778 | train_acc=0.9933 | test_loss=1.7669 | test_acc=0.8454
Epoch 280/300 | train_loss=1.4734 | train_acc=0.9964 | test_loss=1.6976 | test_acc=0.8517
Epoch 278/300 | train_loss=2.6842 | train_acc=0.9930 | test_loss=1.5272 | test_acc=0.9192
Epoch 292/300 | train_loss=1.2171 | train_acc=0.9967 | test_loss=1.6307 | test_acc=0.8976
Epoch 272/300 | train_loss=271.5341 | train_acc=0.1124 | test_loss=46.0190 | test_acc=0.1135
Epoch 026/300 | train_loss=271.5341 | train_acc=0.1124 | test_loss=46.0192 | test_acc=0.1135
Epoch 279/300 | train_loss=1.3949 | train_acc=0.9965 | test_loss=1.7251 | test_acc=0.8773
Epoch 267/300 | train_loss=271.5407 | train_acc=0.1124 | test_loss=46.0193 | test_acc=0.1135
Epoch 292/300 | train_loss=1.2727 | train_acc=0.9968 | test_loss=1.7892 | test_acc=0.8477
Epoch 281/300 | train_loss=1.4113 | train_acc=0.9967 | test_loss=1.9379 | test_acc=0.8667
Epoch 293/300 | train_loss=1.4595 | train_acc=0.9962 | test_loss=1.7840 | test_acc=0.9056
Epoch 027/300 | train_loss=271.5423 | train_acc=0.1124 | test_loss=46.0194 | test_acc=0.1135
Epoch 273/300 | train_loss=271.5403 | train_acc=0.1124 | test_loss=46.0193 | test_acc=0.1135
Epoch 280/300 | train_loss=2.0785 | train_acc=0.9941 | test_loss=1.6082 | test_acc=0.8910
Epoch 293/300 | train_loss=0.7878 | train_acc=0.9980 | test_loss=2.0694 | test_acc=0.8493
Epoch 028/300 | train_loss=271.5504 | train_acc=0.1124 | test_loss=46.0195 | test_acc=0.1135
Epoch 268/300 | train_loss=271.5435 | train_acc=0.1124 | test_loss=46.0193 | test_acc=0.1135
Epoch 282/300 | train_loss=2.8564 | train_acc=0.9927 | test_loss=1.9087 | test_acc=0.8327
Epoch 294/300 | train_loss=0.9406 | train_acc=0.9976 | test_loss=1.5467 | test_acc=0.9122
Epoch 274/300 | train_loss=271.5466 | train_acc=0.1124 | test_loss=46.0191 | test_acc=0.1135
Epoch 294/300 | train_loss=0.8556 | train_acc=0.9978 | test_loss=2.1028 | test_acc=0.8010
Epoch 281/300 | train_loss=1.3224 | train_acc=0.9965 | test_loss=1.7880 | test_acc=0.9215
Epoch 029/300 | train_loss=271.5454 | train_acc=0.1124 | test_loss=46.0193 | test_acc=0.1135
Epoch 283/300 | train_loss=2.9569 | train_acc=0.9924 | test_loss=2.2253 | test_acc=0.8326
Epoch 295/300 | train_loss=1.0105 | train_acc=0.9972 | test_loss=1.6914 | test_acc=0.9012
Epoch 269/300 | train_loss=271.5389 | train_acc=0.1124 | test_loss=46.0191 | test_acc=0.1135
Epoch 030/300 | train_loss=271.5383 | train_acc=0.1124 | test_loss=46.0197 | test_acc=0.1135
Epoch 282/300 | train_loss=3.7931 | train_acc=0.9900 | test_loss=1.9979 | test_acc=0.9183
Epoch 295/300 | train_loss=1.5006 | train_acc=0.9960 | test_loss=2.0367 | test_acc=0.8363
Epoch 275/300 | train_loss=271.5462 | train_acc=0.1124 | test_loss=46.0193 | test_acc=0.1135
Epoch 296/300 | train_loss=1.9085 | train_acc=0.9956 | test_loss=2.9733 | test_acc=0.8282
Epoch 284/300 | train_loss=2.0044 | train_acc=0.9949 | test_loss=1.7010 | test_acc=0.8704
Epoch 270/300 | train_loss=271.5467 | train_acc=0.1124 | test_loss=46.0190 | test_acc=0.1135
Epoch 296/300 | train_loss=2.6216 | train_acc=0.9927 | test_loss=2.1510 | test_acc=0.8293
Epoch 031/300 | train_loss=271.5448 | train_acc=0.1124 | test_loss=46.0197 | test_acc=0.1135
Epoch 283/300 | train_loss=2.7629 | train_acc=0.9929 | test_loss=1.5652 | test_acc=0.9081
Epoch 276/300 | train_loss=271.5423 | train_acc=0.1124 | test_loss=46.0187 | test_acc=0.1135
Epoch 297/300 | train_loss=5.0517 | train_acc=0.9876 | test_loss=1.8889 | test_acc=0.9053
Epoch 285/300 | train_loss=1.8683 | train_acc=0.9954 | test_loss=2.0550 | test_acc=0.8200
Epoch 271/300 | train_loss=271.5421 | train_acc=0.1124 | test_loss=46.0190 | test_acc=0.1135
Epoch 284/300 | train_loss=1.5188 | train_acc=0.9957 | test_loss=1.4534 | test_acc=0.9298
Epoch 297/300 | train_loss=3.2554 | train_acc=0.9915 | test_loss=2.3897 | test_acc=0.7815
Epoch 298/300 | train_loss=3.1535 | train_acc=0.9921 | test_loss=1.6480 | test_acc=0.8870
Epoch 032/300 | train_loss=271.5466 | train_acc=0.1124 | test_loss=46.0196 | test_acc=0.1135
Epoch 277/300 | train_loss=271.5360 | train_acc=0.1124 | test_loss=46.0190 | test_acc=0.1135
Epoch 286/300 | train_loss=1.4729 | train_acc=0.9965 | test_loss=1.6265 | test_acc=0.8586
Epoch 033/300 | train_loss=271.5457 | train_acc=0.1124 | test_loss=46.0188 | test_acc=0.1135
Epoch 285/300 | train_loss=0.8351 | train_acc=0.9980 | test_loss=1.4023 | test_acc=0.9208
Epoch 272/300 | train_loss=271.5436 | train_acc=0.1124 | test_loss=46.0196 | test_acc=0.1135
Epoch 298/300 | train_loss=4.0173 | train_acc=0.9901 | test_loss=1.7384 | test_acc=0.8741
Epoch 299/300 | train_loss=1.0339 | train_acc=0.9973 | test_loss=1.4664 | test_acc=0.9187
Epoch 278/300 | train_loss=271.5445 | train_acc=0.1124 | test_loss=46.0191 | test_acc=0.1135
Epoch 287/300 | train_loss=0.8069 | train_acc=0.9981 | test_loss=1.5777 | test_acc=0.8595
Epoch 034/300 | train_loss=271.5372 | train_acc=0.1124 | test_loss=46.0194 | test_acc=0.1135
Epoch 286/300 | train_loss=1.3190 | train_acc=0.9970 | test_loss=1.8765 | test_acc=0.9122
Epoch 273/300 | train_loss=271.5387 | train_acc=0.1124 | test_loss=46.0188 | test_acc=0.1135
Epoch 299/300 | train_loss=1.4942 | train_acc=0.9962 | test_loss=1.8978 | test_acc=0.7642
Epoch 300/300 | train_loss=1.1404 | train_acc=0.9971 | test_loss=1.6585 | test_acc=0.9304
Epoch 279/300 | train_loss=271.5431 | train_acc=0.1124 | test_loss=46.0189 | test_acc=0.1135
Epoch 035/300 | train_loss=271.5448 | train_acc=0.1124 | test_loss=46.0193 | test_acc=0.1135
Epoch 288/300 | train_loss=0.8418 | train_acc=0.9981 | test_loss=1.5458 | test_acc=0.8608
Epoch 287/300 | train_loss=3.4140 | train_acc=0.9909 | test_loss=1.8955 | test_acc=0.9162
Epoch 274/300 | train_loss=271.5448 | train_acc=0.1124 | test_loss=46.0193 | test_acc=0.1135
Completed random run 5 on cuda:5 | test_acc=0.9304
Epoch 300/300 | train_loss=2.4701 | train_acc=0.9935 | test_loss=1.8894 | test_acc=0.7599
Started bio_trainable run 4 | seed=1237 | device=cuda:1 | trainable_params=23562 | total_params=24212
Epoch 280/300 | train_loss=271.5435 | train_acc=0.1124 | test_loss=46.0192 | test_acc=0.1135
Epoch 036/300 | train_loss=271.5426 | train_acc=0.1124 | test_loss=46.0197 | test_acc=0.1135
Epoch 289/300 | train_loss=0.9560 | train_acc=0.9978 | test_loss=1.8770 | test_acc=0.8252
Epoch 281/300 | train_loss=271.5437 | train_acc=0.1124 | test_loss=46.0192 | test_acc=0.1135
Epoch 288/300 | train_loss=3.1074 | train_acc=0.9919 | test_loss=1.6017 | test_acc=0.9141
Completed random run 2 on cuda:1 | test_acc=0.7599
Started bio_trainable run 5 | seed=1238 | device=cuda:2 | trainable_params=23562 | total_params=24212
Epoch 037/300 | train_loss=271.5441 | train_acc=0.1124 | test_loss=46.0194 | test_acc=0.1135
Epoch 275/300 | train_loss=271.5448 | train_acc=0.1124 | test_loss=46.0194 | test_acc=0.1135
Epoch 290/300 | train_loss=4.2453 | train_acc=0.9897 | test_loss=2.2347 | test_acc=0.8618
Epoch 282/300 | train_loss=271.5467 | train_acc=0.1124 | test_loss=46.0191 | test_acc=0.1135
Epoch 038/300 | train_loss=271.5396 | train_acc=0.1124 | test_loss=46.0193 | test_acc=0.1135
Epoch 276/300 | train_loss=271.5460 | train_acc=0.1124 | test_loss=46.0192 | test_acc=0.1135
Epoch 289/300 | train_loss=1.5370 | train_acc=0.9959 | test_loss=1.6076 | test_acc=0.9071
Epoch 291/300 | train_loss=2.8278 | train_acc=0.9927 | test_loss=1.8135 | test_acc=0.8321
Epoch 001/300 | train_loss=271.7575 | train_acc=0.1022 | test_loss=46.0412 | test_acc=0.1010
Epoch 039/300 | train_loss=271.5385 | train_acc=0.1124 | test_loss=46.0196 | test_acc=0.1135
Epoch 290/300 | train_loss=1.3971 | train_acc=0.9964 | test_loss=1.4935 | test_acc=0.9162
Epoch 283/300 | train_loss=271.5334 | train_acc=0.1124 | test_loss=46.0191 | test_acc=0.1135
Epoch 277/300 | train_loss=271.5452 | train_acc=0.1124 | test_loss=46.0196 | test_acc=0.1135
Epoch 001/300 | train_loss=271.7301 | train_acc=0.0997 | test_loss=46.0342 | test_acc=0.1010
Epoch 292/300 | train_loss=3.3336 | train_acc=0.9916 | test_loss=1.7324 | test_acc=0.8568
Epoch 002/300 | train_loss=271.6023 | train_acc=0.1067 | test_loss=46.0263 | test_acc=0.1135
Epoch 040/300 | train_loss=271.5428 | train_acc=0.1124 | test_loss=46.0196 | test_acc=0.1135
Epoch 291/300 | train_loss=1.1068 | train_acc=0.9972 | test_loss=1.5859 | test_acc=0.9230
Epoch 284/300 | train_loss=271.5412 | train_acc=0.1124 | test_loss=46.0195 | test_acc=0.1135
Epoch 278/300 | train_loss=271.5395 | train_acc=0.1124 | test_loss=46.0190 | test_acc=0.1135
Epoch 002/300 | train_loss=271.5782 | train_acc=0.1114 | test_loss=46.0228 | test_acc=0.1135
Epoch 041/300 | train_loss=271.5379 | train_acc=0.1124 | test_loss=46.0194 | test_acc=0.1135
Epoch 293/300 | train_loss=1.7948 | train_acc=0.9955 | test_loss=1.6649 | test_acc=0.8496
Epoch 003/300 | train_loss=271.5575 | train_acc=0.1124 | test_loss=46.0207 | test_acc=0.1135
Epoch 285/300 | train_loss=271.5453 | train_acc=0.1124 | test_loss=46.0193 | test_acc=0.1135
Epoch 292/300 | train_loss=2.1839 | train_acc=0.9940 | test_loss=1.5023 | test_acc=0.9107
Epoch 279/300 | train_loss=271.5357 | train_acc=0.1124 | test_loss=46.0192 | test_acc=0.1135
Epoch 042/300 | train_loss=271.5398 | train_acc=0.1124 | test_loss=46.0190 | test_acc=0.1135
Epoch 003/300 | train_loss=271.5478 | train_acc=0.1124 | test_loss=46.0198 | test_acc=0.1135
Epoch 294/300 | train_loss=1.7632 | train_acc=0.9956 | test_loss=1.6761 | test_acc=0.8223
Epoch 004/300 | train_loss=271.5505 | train_acc=0.1124 | test_loss=46.0199 | test_acc=0.1135
Epoch 286/300 | train_loss=271.5480 | train_acc=0.1124 | test_loss=46.0192 | test_acc=0.1135
Epoch 293/300 | train_loss=1.4532 | train_acc=0.9962 | test_loss=1.9515 | test_acc=0.9006
Epoch 280/300 | train_loss=271.5288 | train_acc=0.1124 | test_loss=46.0194 | test_acc=0.1135
Epoch 043/300 | train_loss=271.5378 | train_acc=0.1124 | test_loss=46.0193 | test_acc=0.1135
Epoch 295/300 | train_loss=1.8831 | train_acc=0.9952 | test_loss=1.7025 | test_acc=0.8488
Epoch 004/300 | train_loss=271.5454 | train_acc=0.1124 | test_loss=46.0194 | test_acc=0.1135
Epoch 005/300 | train_loss=271.5404 | train_acc=0.1124 | test_loss=46.0195 | test_acc=0.1135
Epoch 287/300 | train_loss=271.5400 | train_acc=0.1124 | test_loss=46.0193 | test_acc=0.1135
Epoch 044/300 | train_loss=271.5456 | train_acc=0.1124 | test_loss=46.0197 | test_acc=0.1135
Epoch 281/300 | train_loss=271.5435 | train_acc=0.1124 | test_loss=46.0190 | test_acc=0.1135
Epoch 294/300 | train_loss=2.8780 | train_acc=0.9925 | test_loss=1.8942 | test_acc=0.8767
Epoch 296/300 | train_loss=1.5323 | train_acc=0.9960 | test_loss=1.6408 | test_acc=0.8750
Epoch 005/300 | train_loss=271.5345 | train_acc=0.1124 | test_loss=46.0193 | test_acc=0.1135
Epoch 006/300 | train_loss=271.5420 | train_acc=0.1124 | test_loss=46.0193 | test_acc=0.1135
Epoch 288/300 | train_loss=271.5424 | train_acc=0.1124 | test_loss=46.0191 | test_acc=0.1135
Epoch 045/300 | train_loss=271.5416 | train_acc=0.1124 | test_loss=46.0193 | test_acc=0.1135
Epoch 282/300 | train_loss=271.5454 | train_acc=0.1124 | test_loss=46.0190 | test_acc=0.1135
Epoch 295/300 | train_loss=2.1977 | train_acc=0.9943 | test_loss=1.4649 | test_acc=0.9076
Epoch 297/300 | train_loss=0.7296 | train_acc=0.9984 | test_loss=1.5251 | test_acc=0.8743
Epoch 006/300 | train_loss=271.5402 | train_acc=0.1124 | test_loss=46.0195 | test_acc=0.1135
Epoch 046/300 | train_loss=271.5407 | train_acc=0.1124 | test_loss=46.0200 | test_acc=0.1135
Epoch 007/300 | train_loss=271.5474 | train_acc=0.1124 | test_loss=46.0192 | test_acc=0.1135
Epoch 289/300 | train_loss=271.5424 | train_acc=0.1124 | test_loss=46.0194 | test_acc=0.1135
Epoch 296/300 | train_loss=1.2320 | train_acc=0.9967 | test_loss=1.8001 | test_acc=0.9142
Epoch 283/300 | train_loss=271.5444 | train_acc=0.1124 | test_loss=46.0190 | test_acc=0.1135
Epoch 298/300 | train_loss=1.3543 | train_acc=0.9966 | test_loss=2.2608 | test_acc=0.7922
Epoch 047/300 | train_loss=271.5419 | train_acc=0.1124 | test_loss=46.0196 | test_acc=0.1135
Epoch 007/300 | train_loss=271.5450 | train_acc=0.1124 | test_loss=46.0200 | test_acc=0.1135
Epoch 008/300 | train_loss=271.5463 | train_acc=0.1124 | test_loss=46.0193 | test_acc=0.1135
Epoch 290/300 | train_loss=271.5394 | train_acc=0.1124 | test_loss=46.0190 | test_acc=0.1135
Epoch 297/300 | train_loss=2.3192 | train_acc=0.9940 | test_loss=1.6904 | test_acc=0.9061
Epoch 284/300 | train_loss=271.5371 | train_acc=0.1124 | test_loss=46.0192 | test_acc=0.1135
Epoch 299/300 | train_loss=2.6415 | train_acc=0.9933 | test_loss=1.6534 | test_acc=0.9070
Epoch 048/300 | train_loss=271.5472 | train_acc=0.1124 | test_loss=46.0194 | test_acc=0.1135
Epoch 291/300 | train_loss=271.5429 | train_acc=0.1124 | test_loss=46.0195 | test_acc=0.1135
Epoch 008/300 | train_loss=271.5407 | train_acc=0.1124 | test_loss=46.0203 | test_acc=0.1135
Epoch 009/300 | train_loss=271.5365 | train_acc=0.1124 | test_loss=46.0192 | test_acc=0.1135
Epoch 285/300 | train_loss=271.5367 | train_acc=0.1124 | test_loss=46.0190 | test_acc=0.1135
Epoch 298/300 | train_loss=1.6714 | train_acc=0.9956 | test_loss=1.8056 | test_acc=0.8610
Epoch 300/300 | train_loss=3.6159 | train_acc=0.9915 | test_loss=2.3894 | test_acc=0.8594
Epoch 049/300 | train_loss=271.5393 | train_acc=0.1124 | test_loss=46.0196 | test_acc=0.1135
Epoch 010/300 | train_loss=271.5438 | train_acc=0.1124 | test_loss=46.0192 | test_acc=0.1135
Epoch 009/300 | train_loss=271.5318 | train_acc=0.1124 | test_loss=46.0197 | test_acc=0.1135
Epoch 292/300 | train_loss=271.5498 | train_acc=0.1124 | test_loss=46.0188 | test_acc=0.1135
Completed random run 1 on cuda:0 | test_acc=0.8594
Epoch 050/300 | train_loss=271.5437 | train_acc=0.1124 | test_loss=46.0193 | test_acc=0.1135
Epoch 286/300 | train_loss=271.5485 | train_acc=0.1124 | test_loss=46.0191 | test_acc=0.1135
Started bio_frozen run 1 | seed=1234 | device=cuda:4 | trainable_params=21514 | total_params=24212
Epoch 299/300 | train_loss=1.4583 | train_acc=0.9962 | test_loss=1.9786 | test_acc=0.8771
Epoch 011/300 | train_loss=271.5414 | train_acc=0.1124 | test_loss=46.0193 | test_acc=0.1135
Epoch 010/300 | train_loss=271.5493 | train_acc=0.1124 | test_loss=46.0194 | test_acc=0.1135
Epoch 051/300 | train_loss=271.5416 | train_acc=0.1124 | test_loss=46.0195 | test_acc=0.1135
Epoch 293/300 | train_loss=271.5431 | train_acc=0.1124 | test_loss=46.0188 | test_acc=0.1135
Epoch 287/300 | train_loss=271.5416 | train_acc=0.1124 | test_loss=46.0188 | test_acc=0.1135
Epoch 300/300 | train_loss=1.9416 | train_acc=0.9947 | test_loss=1.7056 | test_acc=0.9011
Epoch 011/300 | train_loss=271.5426 | train_acc=0.1124 | test_loss=46.0192 | test_acc=0.1135
Epoch 052/300 | train_loss=271.5399 | train_acc=0.1124 | test_loss=46.0191 | test_acc=0.1135
Epoch 012/300 | train_loss=271.5506 | train_acc=0.1124 | test_loss=46.0193 | test_acc=0.1135
Epoch 288/300 | train_loss=271.5492 | train_acc=0.1124 | test_loss=46.0191 | test_acc=0.1135
Completed random run 3 on cuda:2 | test_acc=0.9011
Epoch 001/300 | train_loss=271.7633 | train_acc=0.0994 | test_loss=46.0411 | test_acc=0.1028
Epoch 294/300 | train_loss=271.5394 | train_acc=0.1124 | test_loss=46.0192 | test_acc=0.1135
Started bio_frozen run 2 | seed=1235 | device=cuda:5 | trainable_params=21514 | total_params=24212
Epoch 012/300 | train_loss=271.5437 | train_acc=0.1124 | test_loss=46.0196 | test_acc=0.1135
Epoch 053/300 | train_loss=271.5528 | train_acc=0.1124 | test_loss=46.0193 | test_acc=0.1135
Epoch 013/300 | train_loss=271.5421 | train_acc=0.1124 | test_loss=46.0196 | test_acc=0.1135
Epoch 289/300 | train_loss=271.5358 | train_acc=0.1124 | test_loss=46.0193 | test_acc=0.1135
Epoch 002/300 | train_loss=271.5976 | train_acc=0.1074 | test_loss=46.0256 | test_acc=0.1135
Epoch 295/300 | train_loss=271.5375 | train_acc=0.1124 | test_loss=46.0192 | test_acc=0.1135
Epoch 054/300 | train_loss=271.5392 | train_acc=0.1124 | test_loss=46.0191 | test_acc=0.1135
Epoch 290/300 | train_loss=271.5360 | train_acc=0.1124 | test_loss=46.0191 | test_acc=0.1135
Epoch 014/300 | train_loss=271.5405 | train_acc=0.1124 | test_loss=46.0194 | test_acc=0.1135
Epoch 013/300 | train_loss=271.5420 | train_acc=0.1124 | test_loss=46.0192 | test_acc=0.1135
Epoch 003/300 | train_loss=271.5599 | train_acc=0.1124 | test_loss=46.0212 | test_acc=0.1135
Epoch 055/300 | train_loss=271.5315 | train_acc=0.1124 | test_loss=46.0192 | test_acc=0.1135
Epoch 001/300 | train_loss=271.7663 | train_acc=0.1006 | test_loss=46.0351 | test_acc=0.1010
Epoch 296/300 | train_loss=271.5449 | train_acc=0.1124 | test_loss=46.0193 | test_acc=0.1135
Epoch 291/300 | train_loss=271.5446 | train_acc=0.1124 | test_loss=46.0197 | test_acc=0.1135
Epoch 015/300 | train_loss=271.5503 | train_acc=0.1124 | test_loss=46.0200 | test_acc=0.1135
Epoch 004/300 | train_loss=271.5503 | train_acc=0.1124 | test_loss=46.0200 | test_acc=0.1135
Epoch 056/300 | train_loss=271.5454 | train_acc=0.1124 | test_loss=46.0191 | test_acc=0.1135
Epoch 014/300 | train_loss=271.5450 | train_acc=0.1124 | test_loss=46.0188 | test_acc=0.1135
Epoch 005/300 | train_loss=271.5359 | train_acc=0.1124 | test_loss=46.0195 | test_acc=0.1135
Epoch 002/300 | train_loss=271.5962 | train_acc=0.1104 | test_loss=46.0222 | test_acc=0.1135
Epoch 297/300 | train_loss=271.5449 | train_acc=0.1124 | test_loss=46.0190 | test_acc=0.1135
Epoch 292/300 | train_loss=271.5488 | train_acc=0.1124 | test_loss=46.0191 | test_acc=0.1135
Epoch 057/300 | train_loss=271.5481 | train_acc=0.1124 | test_loss=46.0194 | test_acc=0.1135
Epoch 016/300 | train_loss=271.5512 | train_acc=0.1124 | test_loss=46.0196 | test_acc=0.1135
Epoch 015/300 | train_loss=271.5461 | train_acc=0.1124 | test_loss=46.0190 | test_acc=0.1135
Epoch 006/300 | train_loss=271.5494 | train_acc=0.1124 | test_loss=46.0193 | test_acc=0.1135
Epoch 003/300 | train_loss=271.5542 | train_acc=0.1124 | test_loss=46.0202 | test_acc=0.1135
Epoch 058/300 | train_loss=271.5432 | train_acc=0.1124 | test_loss=46.0191 | test_acc=0.1135
Epoch 298/300 | train_loss=271.5461 | train_acc=0.1124 | test_loss=46.0190 | test_acc=0.1135
Epoch 293/300 | train_loss=271.5431 | train_acc=0.1124 | test_loss=46.0192 | test_acc=0.1135
Epoch 007/300 | train_loss=271.5462 | train_acc=0.1124 | test_loss=46.0193 | test_acc=0.1135
Epoch 016/300 | train_loss=271.5454 | train_acc=0.1124 | test_loss=46.0193 | test_acc=0.1135
Epoch 017/300 | train_loss=271.5429 | train_acc=0.1124 | test_loss=46.0192 | test_acc=0.1135
Epoch 059/300 | train_loss=271.5524 | train_acc=0.1124 | test_loss=46.0190 | test_acc=0.1135
Epoch 008/300 | train_loss=271.5445 | train_acc=0.1124 | test_loss=46.0195 | test_acc=0.1135
Epoch 004/300 | train_loss=271.5456 | train_acc=0.1124 | test_loss=46.0196 | test_acc=0.1135
Epoch 299/300 | train_loss=271.5480 | train_acc=0.1124 | test_loss=46.0189 | test_acc=0.1135
Epoch 294/300 | train_loss=271.5454 | train_acc=0.1124 | test_loss=46.0197 | test_acc=0.1135
Epoch 060/300 | train_loss=271.5463 | train_acc=0.1124 | test_loss=46.0193 | test_acc=0.1135
Epoch 017/300 | train_loss=271.5415 | train_acc=0.1124 | test_loss=46.0194 | test_acc=0.1135
Epoch 018/300 | train_loss=271.5368 | train_acc=0.1124 | test_loss=46.0197 | test_acc=0.1135
Epoch 009/300 | train_loss=271.5449 | train_acc=0.1124 | test_loss=46.0194 | test_acc=0.1135
Epoch 061/300 | train_loss=271.5432 | train_acc=0.1124 | test_loss=46.0192 | test_acc=0.1135
Epoch 005/300 | train_loss=271.5383 | train_acc=0.1124 | test_loss=46.0193 | test_acc=0.1135
Epoch 300/300 | train_loss=271.5467 | train_acc=0.1124 | test_loss=46.0191 | test_acc=0.1135
Epoch 295/300 | train_loss=271.5493 | train_acc=0.1124 | test_loss=46.0194 | test_acc=0.1135
Epoch 010/300 | train_loss=271.5471 | train_acc=0.1124 | test_loss=46.0190 | test_acc=0.1135
Epoch 018/300 | train_loss=271.5485 | train_acc=0.1124 | test_loss=46.0196 | test_acc=0.1135
Epoch 062/300 | train_loss=271.5478 | train_acc=0.1124 | test_loss=46.0196 | test_acc=0.1135
Epoch 019/300 | train_loss=271.5482 | train_acc=0.1124 | test_loss=46.0194 | test_acc=0.1135
Epoch 011/300 | train_loss=271.5394 | train_acc=0.1124 | test_loss=46.0188 | test_acc=0.1135
Epoch 006/300 | train_loss=271.5390 | train_acc=0.1124 | test_loss=46.0191 | test_acc=0.1135
Epoch 063/300 | train_loss=271.5381 | train_acc=0.1124 | test_loss=46.0193 | test_acc=0.1135
Completed bio_trainable run 1 on cuda:6 | test_acc=0.1135
Started bio_frozen run 3 | seed=1236 | device=cuda:6 | trainable_params=21514 | total_params=24212
Epoch 296/300 | train_loss=271.5374 | train_acc=0.1124 | test_loss=46.0195 | test_acc=0.1135
Epoch 019/300 | train_loss=271.5364 | train_acc=0.1124 | test_loss=46.0193 | test_acc=0.1135
Epoch 012/300 | train_loss=271.5426 | train_acc=0.1124 | test_loss=46.0194 | test_acc=0.1135
Epoch 020/300 | train_loss=271.5498 | train_acc=0.1124 | test_loss=46.0192 | test_acc=0.1135
Epoch 064/300 | train_loss=271.5443 | train_acc=0.1124 | test_loss=46.0191 | test_acc=0.1135
Epoch 013/300 | train_loss=271.5411 | train_acc=0.1124 | test_loss=46.0195 | test_acc=0.1135
Epoch 007/300 | train_loss=271.5505 | train_acc=0.1124 | test_loss=46.0195 | test_acc=0.1135
Epoch 297/300 | train_loss=271.5363 | train_acc=0.1124 | test_loss=46.0193 | test_acc=0.1135
Epoch 020/300 | train_loss=271.5456 | train_acc=0.1124 | test_loss=46.0193 | test_acc=0.1135
Epoch 021/300 | train_loss=271.5433 | train_acc=0.1124 | test_loss=46.0194 | test_acc=0.1135
Epoch 065/300 | train_loss=271.5454 | train_acc=0.1124 | test_loss=46.0192 | test_acc=0.1135
Epoch 014/300 | train_loss=271.5361 | train_acc=0.1124 | test_loss=46.0196 | test_acc=0.1135
Epoch 298/300 | train_loss=271.5491 | train_acc=0.1124 | test_loss=46.0190 | test_acc=0.1135
Epoch 066/300 | train_loss=271.5463 | train_acc=0.1124 | test_loss=46.0188 | test_acc=0.1135
Epoch 008/300 | train_loss=271.5429 | train_acc=0.1124 | test_loss=46.0190 | test_acc=0.1135
Epoch 001/300 | train_loss=271.7793 | train_acc=0.0994 | test_loss=46.0376 | test_acc=0.1135
Epoch 015/300 | train_loss=271.5423 | train_acc=0.1124 | test_loss=46.0188 | test_acc=0.1135
Epoch 021/300 | train_loss=271.5460 | train_acc=0.1124 | test_loss=46.0195 | test_acc=0.1135
Epoch 022/300 | train_loss=271.5467 | train_acc=0.1124 | test_loss=46.0195 | test_acc=0.1135
Epoch 067/300 | train_loss=271.5366 | train_acc=0.1124 | test_loss=46.0187 | test_acc=0.1135
Epoch 016/300 | train_loss=271.5404 | train_acc=0.1124 | test_loss=46.0193 | test_acc=0.1135
Epoch 299/300 | train_loss=271.5368 | train_acc=0.1124 | test_loss=46.0193 | test_acc=0.1135
Epoch 009/300 | train_loss=271.5409 | train_acc=0.1124 | test_loss=46.0192 | test_acc=0.1135
Epoch 002/300 | train_loss=271.6022 | train_acc=0.1124 | test_loss=46.0239 | test_acc=0.1135
Epoch 068/300 | train_loss=271.5365 | train_acc=0.1124 | test_loss=46.0188 | test_acc=0.1135
Epoch 022/300 | train_loss=271.5420 | train_acc=0.1124 | test_loss=46.0192 | test_acc=0.1135
Epoch 023/300 | train_loss=271.5390 | train_acc=0.1124 | test_loss=46.0195 | test_acc=0.1135
Epoch 017/300 | train_loss=271.5483 | train_acc=0.1124 | test_loss=46.0192 | test_acc=0.1135
Epoch 300/300 | train_loss=271.5409 | train_acc=0.1124 | test_loss=46.0195 | test_acc=0.1135
Epoch 010/300 | train_loss=271.5526 | train_acc=0.1124 | test_loss=46.0190 | test_acc=0.1135
Epoch 069/300 | train_loss=271.5351 | train_acc=0.1124 | test_loss=46.0189 | test_acc=0.1135
Epoch 003/300 | train_loss=271.5525 | train_acc=0.1124 | test_loss=46.0201 | test_acc=0.1135
Epoch 018/300 | train_loss=271.5393 | train_acc=0.1124 | test_loss=46.0192 | test_acc=0.1135
Epoch 024/300 | train_loss=271.5390 | train_acc=0.1124 | test_loss=46.0193 | test_acc=0.1135
Epoch 023/300 | train_loss=271.5316 | train_acc=0.1124 | test_loss=46.0194 | test_acc=0.1135
Completed bio_trainable run 2 on cuda:7 | test_acc=0.1135
Started bio_frozen run 4 | seed=1237 | device=cuda:7 | trainable_params=21514 | total_params=24212
Epoch 019/300 | train_loss=271.5442 | train_acc=0.1124 | test_loss=46.0194 | test_acc=0.1135
Epoch 070/300 | train_loss=271.5428 | train_acc=0.1124 | test_loss=46.0192 | test_acc=0.1135
Epoch 011/300 | train_loss=271.5384 | train_acc=0.1124 | test_loss=46.0195 | test_acc=0.1135
Epoch 004/300 | train_loss=271.5460 | train_acc=0.1124 | test_loss=46.0194 | test_acc=0.1135
Epoch 025/300 | train_loss=271.5439 | train_acc=0.1124 | test_loss=46.0193 | test_acc=0.1135
Epoch 024/300 | train_loss=271.5397 | train_acc=0.1124 | test_loss=46.0186 | test_acc=0.1135
Epoch 020/300 | train_loss=271.5407 | train_acc=0.1124 | test_loss=46.0197 | test_acc=0.1135
Epoch 012/300 | train_loss=271.5385 | train_acc=0.1124 | test_loss=46.0193 | test_acc=0.1135
Epoch 071/300 | train_loss=271.5464 | train_acc=0.1124 | test_loss=46.0192 | test_acc=0.1135
Epoch 005/300 | train_loss=271.5457 | train_acc=0.1124 | test_loss=46.0194 | test_acc=0.1135
Epoch 021/300 | train_loss=271.5416 | train_acc=0.1124 | test_loss=46.0193 | test_acc=0.1135
Epoch 026/300 | train_loss=271.5351 | train_acc=0.1124 | test_loss=46.0194 | test_acc=0.1135
Epoch 025/300 | train_loss=271.5405 | train_acc=0.1124 | test_loss=46.0192 | test_acc=0.1135
Epoch 072/300 | train_loss=271.5512 | train_acc=0.1124 | test_loss=46.0192 | test_acc=0.1135
Epoch 022/300 | train_loss=271.5485 | train_acc=0.1124 | test_loss=46.0195 | test_acc=0.1135
Epoch 001/300 | train_loss=271.7575 | train_acc=0.1022 | test_loss=46.0412 | test_acc=0.1010
Epoch 013/300 | train_loss=271.5411 | train_acc=0.1124 | test_loss=46.0194 | test_acc=0.1135
Epoch 006/300 | train_loss=271.5412 | train_acc=0.1124 | test_loss=46.0195 | test_acc=0.1135
Epoch 026/300 | train_loss=271.5510 | train_acc=0.1124 | test_loss=46.0187 | test_acc=0.1135
Epoch 027/300 | train_loss=271.5341 | train_acc=0.1124 | test_loss=46.0192 | test_acc=0.1135
Epoch 023/300 | train_loss=271.5427 | train_acc=0.1124 | test_loss=46.0197 | test_acc=0.1135
Epoch 073/300 | train_loss=271.5433 | train_acc=0.1124 | test_loss=46.0194 | test_acc=0.1135
Epoch 014/300 | train_loss=271.5363 | train_acc=0.1124 | test_loss=46.0194 | test_acc=0.1135
Epoch 002/300 | train_loss=271.6023 | train_acc=0.1067 | test_loss=46.0263 | test_acc=0.1135
Epoch 027/300 | train_loss=271.5420 | train_acc=0.1124 | test_loss=46.0192 | test_acc=0.1135
Epoch 028/300 | train_loss=271.5417 | train_acc=0.1124 | test_loss=46.0191 | test_acc=0.1135
Epoch 007/300 | train_loss=271.5424 | train_acc=0.1124 | test_loss=46.0195 | test_acc=0.1135
Epoch 024/300 | train_loss=271.5408 | train_acc=0.1124 | test_loss=46.0196 | test_acc=0.1135
Epoch 015/300 | train_loss=271.5372 | train_acc=0.1124 | test_loss=46.0192 | test_acc=0.1135
Epoch 074/300 | train_loss=271.5423 | train_acc=0.1124 | test_loss=46.0192 | test_acc=0.1135
Epoch 003/300 | train_loss=271.5575 | train_acc=0.1124 | test_loss=46.0207 | test_acc=0.1135
Epoch 028/300 | train_loss=271.5427 | train_acc=0.1124 | test_loss=46.0190 | test_acc=0.1135
Epoch 008/300 | train_loss=271.5483 | train_acc=0.1124 | test_loss=46.0195 | test_acc=0.1135
Epoch 025/300 | train_loss=271.5387 | train_acc=0.1124 | test_loss=46.0193 | test_acc=0.1135
Epoch 029/300 | train_loss=271.5499 | train_acc=0.1124 | test_loss=46.0189 | test_acc=0.1135
Epoch 075/300 | train_loss=271.5414 | train_acc=0.1124 | test_loss=46.0193 | test_acc=0.1135
Epoch 004/300 | train_loss=271.5505 | train_acc=0.1124 | test_loss=46.0199 | test_acc=0.1135
Epoch 016/300 | train_loss=271.5386 | train_acc=0.1124 | test_loss=46.0193 | test_acc=0.1135
Epoch 029/300 | train_loss=271.5412 | train_acc=0.1124 | test_loss=46.0189 | test_acc=0.1135
Epoch 026/300 | train_loss=271.5437 | train_acc=0.1124 | test_loss=46.0194 | test_acc=0.1135
Epoch 009/300 | train_loss=271.5366 | train_acc=0.1124 | test_loss=46.0196 | test_acc=0.1135
Epoch 030/300 | train_loss=271.5480 | train_acc=0.1124 | test_loss=46.0190 | test_acc=0.1135
Epoch 005/300 | train_loss=271.5404 | train_acc=0.1124 | test_loss=46.0195 | test_acc=0.1135
Epoch 076/300 | train_loss=271.5429 | train_acc=0.1124 | test_loss=46.0193 | test_acc=0.1135
Epoch 017/300 | train_loss=271.5407 | train_acc=0.1124 | test_loss=46.0194 | test_acc=0.1135
Epoch 030/300 | train_loss=271.5438 | train_acc=0.1124 | test_loss=46.0194 | test_acc=0.1135
Epoch 027/300 | train_loss=271.5457 | train_acc=0.1124 | test_loss=46.0189 | test_acc=0.1135
Epoch 010/300 | train_loss=271.5535 | train_acc=0.1124 | test_loss=46.0192 | test_acc=0.1135
Epoch 077/300 | train_loss=271.5402 | train_acc=0.1124 | test_loss=46.0193 | test_acc=0.1135
Epoch 006/300 | train_loss=271.5420 | train_acc=0.1124 | test_loss=46.0193 | test_acc=0.1135
Epoch 031/300 | train_loss=271.5403 | train_acc=0.1124 | test_loss=46.0188 | test_acc=0.1135
Epoch 031/300 | train_loss=271.5484 | train_acc=0.1124 | test_loss=46.0193 | test_acc=0.1135
Epoch 018/300 | train_loss=271.5445 | train_acc=0.1124 | test_loss=46.0192 | test_acc=0.1135
Epoch 028/300 | train_loss=271.5428 | train_acc=0.1124 | test_loss=46.0196 | test_acc=0.1135
Epoch 011/300 | train_loss=271.5415 | train_acc=0.1124 | test_loss=46.0195 | test_acc=0.1135
Epoch 078/300 | train_loss=271.5407 | train_acc=0.1124 | test_loss=46.0191 | test_acc=0.1135
Epoch 007/300 | train_loss=271.5474 | train_acc=0.1124 | test_loss=46.0192 | test_acc=0.1135
Epoch 019/300 | train_loss=271.5454 | train_acc=0.1124 | test_loss=46.0194 | test_acc=0.1135
Epoch 032/300 | train_loss=271.5391 | train_acc=0.1124 | test_loss=46.0196 | test_acc=0.1135
Epoch 032/300 | train_loss=271.5412 | train_acc=0.1124 | test_loss=46.0192 | test_acc=0.1135
Epoch 012/300 | train_loss=271.5490 | train_acc=0.1124 | test_loss=46.0193 | test_acc=0.1135
Epoch 029/300 | train_loss=271.5378 | train_acc=0.1124 | test_loss=46.0192 | test_acc=0.1135
Epoch 079/300 | train_loss=271.5451 | train_acc=0.1124 | test_loss=46.0194 | test_acc=0.1135
Epoch 008/300 | train_loss=271.5463 | train_acc=0.1124 | test_loss=46.0193 | test_acc=0.1135
Epoch 020/300 | train_loss=271.5392 | train_acc=0.1124 | test_loss=46.0193 | test_acc=0.1135
Epoch 013/300 | train_loss=271.5534 | train_acc=0.1124 | test_loss=46.0189 | test_acc=0.1135
Epoch 033/300 | train_loss=271.5410 | train_acc=0.1124 | test_loss=46.0189 | test_acc=0.1135
Epoch 030/300 | train_loss=271.5340 | train_acc=0.1124 | test_loss=46.0191 | test_acc=0.1135
Epoch 033/300 | train_loss=271.5407 | train_acc=0.1124 | test_loss=46.0196 | test_acc=0.1135
Epoch 080/300 | train_loss=271.5422 | train_acc=0.1124 | test_loss=46.0193 | test_acc=0.1135
Epoch 009/300 | train_loss=271.5365 | train_acc=0.1124 | test_loss=46.0192 | test_acc=0.1135
Epoch 021/300 | train_loss=271.5434 | train_acc=0.1124 | test_loss=46.0189 | test_acc=0.1135
Epoch 034/300 | train_loss=271.5442 | train_acc=0.1124 | test_loss=46.0192 | test_acc=0.1135
Epoch 014/300 | train_loss=271.5324 | train_acc=0.1124 | test_loss=46.0194 | test_acc=0.1135
Epoch 031/300 | train_loss=271.5419 | train_acc=0.1124 | test_loss=46.0190 | test_acc=0.1135
Epoch 081/300 | train_loss=271.5394 | train_acc=0.1124 | test_loss=46.0191 | test_acc=0.1135
Epoch 010/300 | train_loss=271.5438 | train_acc=0.1124 | test_loss=46.0192 | test_acc=0.1135
Epoch 034/300 | train_loss=271.5479 | train_acc=0.1124 | test_loss=46.0195 | test_acc=0.1135
Epoch 022/300 | train_loss=271.5453 | train_acc=0.1124 | test_loss=46.0190 | test_acc=0.1135
Epoch 035/300 | train_loss=271.5439 | train_acc=0.1124 | test_loss=46.0193 | test_acc=0.1135
Epoch 032/300 | train_loss=271.5446 | train_acc=0.1124 | test_loss=46.0192 | test_acc=0.1135
Epoch 082/300 | train_loss=271.5446 | train_acc=0.1124 | test_loss=46.0192 | test_acc=0.1135
Epoch 035/300 | train_loss=271.5444 | train_acc=0.1124 | test_loss=46.0192 | test_acc=0.1135
Epoch 015/300 | train_loss=271.5433 | train_acc=0.1124 | test_loss=46.0194 | test_acc=0.1135
Epoch 011/300 | train_loss=271.5414 | train_acc=0.1124 | test_loss=46.0193 | test_acc=0.1135
Epoch 023/300 | train_loss=271.5414 | train_acc=0.1124 | test_loss=46.0196 | test_acc=0.1135
Epoch 033/300 | train_loss=271.5418 | train_acc=0.1124 | test_loss=46.0191 | test_acc=0.1135
Epoch 083/300 | train_loss=271.5458 | train_acc=0.1124 | test_loss=46.0192 | test_acc=0.1135
Epoch 036/300 | train_loss=271.5511 | train_acc=0.1124 | test_loss=46.0193 | test_acc=0.1135
Epoch 016/300 | train_loss=271.5382 | train_acc=0.1124 | test_loss=46.0193 | test_acc=0.1135
Epoch 036/300 | train_loss=271.5390 | train_acc=0.1124 | test_loss=46.0190 | test_acc=0.1135
Epoch 012/300 | train_loss=271.5506 | train_acc=0.1124 | test_loss=46.0193 | test_acc=0.1135
Epoch 024/300 | train_loss=271.5486 | train_acc=0.1124 | test_loss=46.0193 | test_acc=0.1135
Epoch 034/300 | train_loss=271.5301 | train_acc=0.1124 | test_loss=46.0191 | test_acc=0.1135
Epoch 084/300 | train_loss=271.5371 | train_acc=0.1124 | test_loss=46.0194 | test_acc=0.1135
Epoch 017/300 | train_loss=271.5464 | train_acc=0.1124 | test_loss=46.0191 | test_acc=0.1135
Epoch 037/300 | train_loss=271.5425 | train_acc=0.1124 | test_loss=46.0192 | test_acc=0.1135
Epoch 037/300 | train_loss=271.5425 | train_acc=0.1124 | test_loss=46.0194 | test_acc=0.1135
Epoch 013/300 | train_loss=271.5421 | train_acc=0.1124 | test_loss=46.0196 | test_acc=0.1135
Epoch 035/300 | train_loss=271.5450 | train_acc=0.1124 | test_loss=46.0188 | test_acc=0.1135
Epoch 025/300 | train_loss=271.5432 | train_acc=0.1124 | test_loss=46.0194 | test_acc=0.1135
Epoch 085/300 | train_loss=271.5446 | train_acc=0.1124 | test_loss=46.0195 | test_acc=0.1135
Epoch 018/300 | train_loss=271.5418 | train_acc=0.1124 | test_loss=46.0192 | test_acc=0.1135
Epoch 038/300 | train_loss=271.5373 | train_acc=0.1124 | test_loss=46.0194 | test_acc=0.1135
Epoch 038/300 | train_loss=271.5420 | train_acc=0.1124 | test_loss=46.0193 | test_acc=0.1135
Epoch 036/300 | train_loss=271.5356 | train_acc=0.1124 | test_loss=46.0193 | test_acc=0.1135
Epoch 014/300 | train_loss=271.5405 | train_acc=0.1124 | test_loss=46.0194 | test_acc=0.1135
Epoch 026/300 | train_loss=271.5433 | train_acc=0.1124 | test_loss=46.0196 | test_acc=0.1135
Epoch 086/300 | train_loss=271.5460 | train_acc=0.1124 | test_loss=46.0192 | test_acc=0.1135
Epoch 019/300 | train_loss=271.5506 | train_acc=0.1124 | test_loss=46.0194 | test_acc=0.1135
Epoch 037/300 | train_loss=271.5440 | train_acc=0.1124 | test_loss=46.0196 | test_acc=0.1135
Epoch 039/300 | train_loss=271.5439 | train_acc=0.1124 | test_loss=46.0192 | test_acc=0.1135
Epoch 039/300 | train_loss=271.5414 | train_acc=0.1124 | test_loss=46.0196 | test_acc=0.1135
Epoch 015/300 | train_loss=271.5503 | train_acc=0.1124 | test_loss=46.0200 | test_acc=0.1135
Epoch 087/300 | train_loss=271.5413 | train_acc=0.1124 | test_loss=46.0192 | test_acc=0.1135
Epoch 027/300 | train_loss=271.5444 | train_acc=0.1124 | test_loss=46.0193 | test_acc=0.1135
Epoch 038/300 | train_loss=271.5404 | train_acc=0.1124 | test_loss=46.0192 | test_acc=0.1135
Epoch 020/300 | train_loss=271.5435 | train_acc=0.1124 | test_loss=46.0193 | test_acc=0.1135
Epoch 040/300 | train_loss=271.5469 | train_acc=0.1124 | test_loss=46.0192 | test_acc=0.1135
Epoch 016/300 | train_loss=271.5512 | train_acc=0.1124 | test_loss=46.0196 | test_acc=0.1135
Epoch 040/300 | train_loss=271.5474 | train_acc=0.1124 | test_loss=46.0192 | test_acc=0.1135
Epoch 088/300 | train_loss=271.5418 | train_acc=0.1124 | test_loss=46.0198 | test_acc=0.1135
Epoch 039/300 | train_loss=271.5452 | train_acc=0.1124 | test_loss=46.0191 | test_acc=0.1135
Epoch 028/300 | train_loss=271.5471 | train_acc=0.1124 | test_loss=46.0191 | test_acc=0.1135
Epoch 021/300 | train_loss=271.5417 | train_acc=0.1124 | test_loss=46.0189 | test_acc=0.1135
Epoch 041/300 | train_loss=271.5473 | train_acc=0.1124 | test_loss=46.0190 | test_acc=0.1135
Epoch 017/300 | train_loss=271.5429 | train_acc=0.1124 | test_loss=46.0192 | test_acc=0.1135
Epoch 089/300 | train_loss=271.5440 | train_acc=0.1124 | test_loss=46.0197 | test_acc=0.1135
Epoch 041/300 | train_loss=271.5395 | train_acc=0.1124 | test_loss=46.0192 | test_acc=0.1135
Epoch 040/300 | train_loss=271.5434 | train_acc=0.1124 | test_loss=46.0193 | test_acc=0.1135
Epoch 042/300 | train_loss=271.5472 | train_acc=0.1124 | test_loss=46.0194 | test_acc=0.1135
Epoch 022/300 | train_loss=271.5484 | train_acc=0.1124 | test_loss=46.0189 | test_acc=0.1135
Epoch 029/300 | train_loss=271.5413 | train_acc=0.1124 | test_loss=46.0195 | test_acc=0.1135
Epoch 090/300 | train_loss=271.5405 | train_acc=0.1124 | test_loss=46.0189 | test_acc=0.1135
Epoch 018/300 | train_loss=271.5368 | train_acc=0.1124 | test_loss=46.0197 | test_acc=0.1135
Epoch 042/300 | train_loss=271.5427 | train_acc=0.1124 | test_loss=46.0192 | test_acc=0.1135
Epoch 041/300 | train_loss=271.5440 | train_acc=0.1124 | test_loss=46.0190 | test_acc=0.1135
Epoch 091/300 | train_loss=271.5413 | train_acc=0.1124 | test_loss=46.0189 | test_acc=0.1135
Epoch 043/300 | train_loss=271.5482 | train_acc=0.1124 | test_loss=46.0198 | test_acc=0.1135
Epoch 023/300 | train_loss=271.5405 | train_acc=0.1124 | test_loss=46.0194 | test_acc=0.1135
Epoch 030/300 | train_loss=271.5434 | train_acc=0.1124 | test_loss=46.0191 | test_acc=0.1135
Epoch 019/300 | train_loss=271.5482 | train_acc=0.1124 | test_loss=46.0194 | test_acc=0.1135
Epoch 043/300 | train_loss=271.5364 | train_acc=0.1124 | test_loss=46.0189 | test_acc=0.1135
Epoch 042/300 | train_loss=271.5356 | train_acc=0.1124 | test_loss=46.0190 | test_acc=0.1135
Epoch 024/300 | train_loss=271.5426 | train_acc=0.1124 | test_loss=46.0192 | test_acc=0.1135
Epoch 092/300 | train_loss=271.5493 | train_acc=0.1124 | test_loss=46.0192 | test_acc=0.1135
Epoch 044/300 | train_loss=271.5377 | train_acc=0.1124 | test_loss=46.0190 | test_acc=0.1135
Epoch 031/300 | train_loss=271.5432 | train_acc=0.1124 | test_loss=46.0191 | test_acc=0.1135
Epoch 044/300 | train_loss=271.5445 | train_acc=0.1124 | test_loss=46.0193 | test_acc=0.1135
Epoch 043/300 | train_loss=271.5388 | train_acc=0.1124 | test_loss=46.0189 | test_acc=0.1135
Epoch 025/300 | train_loss=271.5414 | train_acc=0.1124 | test_loss=46.0191 | test_acc=0.1135
Epoch 020/300 | train_loss=271.5498 | train_acc=0.1124 | test_loss=46.0192 | test_acc=0.1135
Epoch 045/300 | train_loss=271.5499 | train_acc=0.1124 | test_loss=46.0189 | test_acc=0.1135
Epoch 093/300 | train_loss=271.5479 | train_acc=0.1124 | test_loss=46.0194 | test_acc=0.1135
Epoch 032/300 | train_loss=271.5380 | train_acc=0.1124 | test_loss=46.0197 | test_acc=0.1135
Epoch 094/300 | train_loss=271.5420 | train_acc=0.1124 | test_loss=46.0198 | test_acc=0.1135
Epoch 044/300 | train_loss=271.5419 | train_acc=0.1124 | test_loss=46.0189 | test_acc=0.1135
Epoch 046/300 | train_loss=271.5537 | train_acc=0.1124 | test_loss=46.0193 | test_acc=0.1135
Epoch 045/300 | train_loss=271.5328 | train_acc=0.1124 | test_loss=46.0194 | test_acc=0.1135
Epoch 021/300 | train_loss=271.5433 | train_acc=0.1124 | test_loss=46.0194 | test_acc=0.1135
Epoch 026/300 | train_loss=271.5341 | train_acc=0.1124 | test_loss=46.0192 | test_acc=0.1135
Epoch 033/300 | train_loss=271.5491 | train_acc=0.1124 | test_loss=46.0192 | test_acc=0.1135
Epoch 095/300 | train_loss=271.5327 | train_acc=0.1124 | test_loss=46.0198 | test_acc=0.1135
Epoch 045/300 | train_loss=271.5457 | train_acc=0.1124 | test_loss=46.0191 | test_acc=0.1135
Epoch 022/300 | train_loss=271.5467 | train_acc=0.1124 | test_loss=46.0195 | test_acc=0.1135
Epoch 047/300 | train_loss=271.5382 | train_acc=0.1124 | test_loss=46.0193 | test_acc=0.1135
Epoch 046/300 | train_loss=271.5457 | train_acc=0.1124 | test_loss=46.0191 | test_acc=0.1135
Epoch 027/300 | train_loss=271.5423 | train_acc=0.1124 | test_loss=46.0194 | test_acc=0.1135
Epoch 046/300 | train_loss=271.5399 | train_acc=0.1124 | test_loss=46.0190 | test_acc=0.1135
Epoch 023/300 | train_loss=271.5390 | train_acc=0.1124 | test_loss=46.0195 | test_acc=0.1135
Epoch 096/300 | train_loss=271.5448 | train_acc=0.1124 | test_loss=46.0192 | test_acc=0.1135
Epoch 034/300 | train_loss=271.5371 | train_acc=0.1124 | test_loss=46.0196 | test_acc=0.1135
Epoch 048/300 | train_loss=271.5433 | train_acc=0.1124 | test_loss=46.0191 | test_acc=0.1135
Epoch 047/300 | train_loss=271.5433 | train_acc=0.1124 | test_loss=46.0190 | test_acc=0.1135
Epoch 047/300 | train_loss=271.5330 | train_acc=0.1124 | test_loss=46.0193 | test_acc=0.1135
Epoch 024/300 | train_loss=271.5390 | train_acc=0.1124 | test_loss=46.0193 | test_acc=0.1135
Epoch 028/300 | train_loss=271.5504 | train_acc=0.1124 | test_loss=46.0195 | test_acc=0.1135
Epoch 097/300 | train_loss=271.5502 | train_acc=0.1124 | test_loss=46.0192 | test_acc=0.1135
Epoch 035/300 | train_loss=271.5437 | train_acc=0.1124 | test_loss=46.0193 | test_acc=0.1135
Epoch 049/300 | train_loss=271.5508 | train_acc=0.1124 | test_loss=46.0192 | test_acc=0.1135
Epoch 048/300 | train_loss=271.5417 | train_acc=0.1124 | test_loss=46.0189 | test_acc=0.1135
Epoch 025/300 | train_loss=271.5439 | train_acc=0.1124 | test_loss=46.0193 | test_acc=0.1135
Epoch 029/300 | train_loss=271.5454 | train_acc=0.1124 | test_loss=46.0193 | test_acc=0.1135
Epoch 098/300 | train_loss=271.5356 | train_acc=0.1124 | test_loss=46.0191 | test_acc=0.1135
Epoch 048/300 | train_loss=271.5376 | train_acc=0.1124 | test_loss=46.0187 | test_acc=0.1135
Epoch 036/300 | train_loss=271.5402 | train_acc=0.1124 | test_loss=46.0192 | test_acc=0.1135
Epoch 049/300 | train_loss=271.5476 | train_acc=0.1124 | test_loss=46.0189 | test_acc=0.1135
Epoch 050/300 | train_loss=271.5437 | train_acc=0.1124 | test_loss=46.0193 | test_acc=0.1135
Epoch 099/300 | train_loss=271.5378 | train_acc=0.1124 | test_loss=46.0191 | test_acc=0.1135
Epoch 030/300 | train_loss=271.5383 | train_acc=0.1124 | test_loss=46.0197 | test_acc=0.1135
Epoch 026/300 | train_loss=271.5351 | train_acc=0.1124 | test_loss=46.0194 | test_acc=0.1135
Epoch 049/300 | train_loss=271.5425 | train_acc=0.1124 | test_loss=46.0189 | test_acc=0.1135
Epoch 037/300 | train_loss=271.5474 | train_acc=0.1124 | test_loss=46.0192 | test_acc=0.1135
Epoch 050/300 | train_loss=271.5502 | train_acc=0.1124 | test_loss=46.0190 | test_acc=0.1135
Epoch 051/300 | train_loss=271.5431 | train_acc=0.1124 | test_loss=46.0192 | test_acc=0.1135
Epoch 031/300 | train_loss=271.5448 | train_acc=0.1124 | test_loss=46.0197 | test_acc=0.1135
Epoch 100/300 | train_loss=271.5485 | train_acc=0.1124 | test_loss=46.0194 | test_acc=0.1135
Epoch 027/300 | train_loss=271.5341 | train_acc=0.1124 | test_loss=46.0192 | test_acc=0.1135
Epoch 050/300 | train_loss=271.5391 | train_acc=0.1124 | test_loss=46.0194 | test_acc=0.1135
Epoch 051/300 | train_loss=271.5402 | train_acc=0.1124 | test_loss=46.0193 | test_acc=0.1135
Epoch 038/300 | train_loss=271.5507 | train_acc=0.1124 | test_loss=46.0191 | test_acc=0.1135
Epoch 032/300 | train_loss=271.5466 | train_acc=0.1124 | test_loss=46.0196 | test_acc=0.1135
Epoch 028/300 | train_loss=271.5417 | train_acc=0.1124 | test_loss=46.0191 | test_acc=0.1135
Epoch 101/300 | train_loss=271.5460 | train_acc=0.1124 | test_loss=46.0195 | test_acc=0.1135
Epoch 052/300 | train_loss=271.5429 | train_acc=0.1124 | test_loss=46.0197 | test_acc=0.1135
Epoch 052/300 | train_loss=271.5424 | train_acc=0.1124 | test_loss=46.0193 | test_acc=0.1135
Epoch 051/300 | train_loss=271.5355 | train_acc=0.1124 | test_loss=46.0191 | test_acc=0.1135
Epoch 033/300 | train_loss=271.5457 | train_acc=0.1124 | test_loss=46.0188 | test_acc=0.1135
Epoch 039/300 | train_loss=271.5430 | train_acc=0.1124 | test_loss=46.0194 | test_acc=0.1135
Epoch 102/300 | train_loss=271.5356 | train_acc=0.1124 | test_loss=46.0192 | test_acc=0.1135
Epoch 053/300 | train_loss=271.5395 | train_acc=0.1124 | test_loss=46.0197 | test_acc=0.1135
Epoch 029/300 | train_loss=271.5499 | train_acc=0.1124 | test_loss=46.0189 | test_acc=0.1135
Epoch 053/300 | train_loss=271.5425 | train_acc=0.1124 | test_loss=46.0190 | test_acc=0.1135
Epoch 052/300 | train_loss=271.5384 | train_acc=0.1124 | test_loss=46.0189 | test_acc=0.1135
Epoch 034/300 | train_loss=271.5372 | train_acc=0.1124 | test_loss=46.0194 | test_acc=0.1135
Epoch 040/300 | train_loss=271.5370 | train_acc=0.1124 | test_loss=46.0197 | test_acc=0.1135
Epoch 103/300 | train_loss=271.5415 | train_acc=0.1124 | test_loss=46.0192 | test_acc=0.1135
Epoch 054/300 | train_loss=271.5411 | train_acc=0.1124 | test_loss=46.0199 | test_acc=0.1135
Epoch 030/300 | train_loss=271.5480 | train_acc=0.1124 | test_loss=46.0190 | test_acc=0.1135
Epoch 053/300 | train_loss=271.5525 | train_acc=0.1124 | test_loss=46.0190 | test_acc=0.1135
Epoch 035/300 | train_loss=271.5448 | train_acc=0.1124 | test_loss=46.0193 | test_acc=0.1135
Epoch 054/300 | train_loss=271.5439 | train_acc=0.1124 | test_loss=46.0194 | test_acc=0.1135
Epoch 104/300 | train_loss=271.5412 | train_acc=0.1124 | test_loss=46.0187 | test_acc=0.1135
Epoch 041/300 | train_loss=271.5402 | train_acc=0.1124 | test_loss=46.0195 | test_acc=0.1135
Epoch 055/300 | train_loss=271.5466 | train_acc=0.1124 | test_loss=46.0195 | test_acc=0.1135
Epoch 031/300 | train_loss=271.5403 | train_acc=0.1124 | test_loss=46.0188 | test_acc=0.1135
Epoch 036/300 | train_loss=271.5426 | train_acc=0.1124 | test_loss=46.0197 | test_acc=0.1135
Epoch 055/300 | train_loss=271.5420 | train_acc=0.1124 | test_loss=46.0193 | test_acc=0.1135
Epoch 054/300 | train_loss=271.5445 | train_acc=0.1124 | test_loss=46.0192 | test_acc=0.1135
Epoch 105/300 | train_loss=271.5422 | train_acc=0.1124 | test_loss=46.0190 | test_acc=0.1135
Epoch 042/300 | train_loss=271.5492 | train_acc=0.1124 | test_loss=46.0196 | test_acc=0.1135
Epoch 056/300 | train_loss=271.5426 | train_acc=0.1124 | test_loss=46.0197 | test_acc=0.1135
Epoch 032/300 | train_loss=271.5412 | train_acc=0.1124 | test_loss=46.0192 | test_acc=0.1135
Epoch 037/300 | train_loss=271.5441 | train_acc=0.1124 | test_loss=46.0194 | test_acc=0.1135
Epoch 056/300 | train_loss=271.5415 | train_acc=0.1124 | test_loss=46.0194 | test_acc=0.1135
Epoch 057/300 | train_loss=271.5407 | train_acc=0.1124 | test_loss=46.0192 | test_acc=0.1135
Epoch 106/300 | train_loss=271.5420 | train_acc=0.1124 | test_loss=46.0196 | test_acc=0.1135
Epoch 033/300 | train_loss=271.5410 | train_acc=0.1124 | test_loss=46.0189 | test_acc=0.1135
Epoch 055/300 | train_loss=271.5412 | train_acc=0.1124 | test_loss=46.0194 | test_acc=0.1135
Epoch 043/300 | train_loss=271.5333 | train_acc=0.1124 | test_loss=46.0195 | test_acc=0.1135
Epoch 038/300 | train_loss=271.5396 | train_acc=0.1124 | test_loss=46.0193 | test_acc=0.1135
Epoch 057/300 | train_loss=271.5390 | train_acc=0.1124 | test_loss=46.0190 | test_acc=0.1135
Epoch 058/300 | train_loss=271.5388 | train_acc=0.1124 | test_loss=46.0192 | test_acc=0.1135
Epoch 107/300 | train_loss=271.5422 | train_acc=0.1124 | test_loss=46.0189 | test_acc=0.1135
Epoch 034/300 | train_loss=271.5442 | train_acc=0.1124 | test_loss=46.0192 | test_acc=0.1135
Epoch 056/300 | train_loss=271.5393 | train_acc=0.1124 | test_loss=46.0198 | test_acc=0.1135
Epoch 039/300 | train_loss=271.5385 | train_acc=0.1124 | test_loss=46.0196 | test_acc=0.1135
Epoch 044/300 | train_loss=271.5425 | train_acc=0.1124 | test_loss=46.0192 | test_acc=0.1135
Epoch 059/300 | train_loss=271.5355 | train_acc=0.1124 | test_loss=46.0191 | test_acc=0.1135
Epoch 058/300 | train_loss=271.5378 | train_acc=0.1124 | test_loss=46.0192 | test_acc=0.1135
Epoch 108/300 | train_loss=271.5465 | train_acc=0.1124 | test_loss=46.0191 | test_acc=0.1135
Epoch 035/300 | train_loss=271.5439 | train_acc=0.1124 | test_loss=46.0193 | test_acc=0.1135
Epoch 057/300 | train_loss=271.5383 | train_acc=0.1124 | test_loss=46.0189 | test_acc=0.1135
Epoch 060/300 | train_loss=271.5376 | train_acc=0.1124 | test_loss=46.0196 | test_acc=0.1135
Epoch 045/300 | train_loss=271.5455 | train_acc=0.1124 | test_loss=46.0195 | test_acc=0.1135
Epoch 040/300 | train_loss=271.5428 | train_acc=0.1124 | test_loss=46.0196 | test_acc=0.1135
Epoch 059/300 | train_loss=271.5430 | train_acc=0.1124 | test_loss=46.0191 | test_acc=0.1135
Epoch 036/300 | train_loss=271.5511 | train_acc=0.1124 | test_loss=46.0193 | test_acc=0.1135
Epoch 109/300 | train_loss=271.5409 | train_acc=0.1124 | test_loss=46.0190 | test_acc=0.1135
Epoch 061/300 | train_loss=271.5275 | train_acc=0.1124 | test_loss=46.0192 | test_acc=0.1135
Epoch 058/300 | train_loss=271.5468 | train_acc=0.1124 | test_loss=46.0191 | test_acc=0.1135
Epoch 046/300 | train_loss=271.5370 | train_acc=0.1124 | test_loss=46.0193 | test_acc=0.1135
Epoch 041/300 | train_loss=271.5379 | train_acc=0.1124 | test_loss=46.0194 | test_acc=0.1135
Epoch 110/300 | train_loss=271.5390 | train_acc=0.1124 | test_loss=46.0193 | test_acc=0.1135
Epoch 037/300 | train_loss=271.5425 | train_acc=0.1124 | test_loss=46.0192 | test_acc=0.1135
Epoch 060/300 | train_loss=271.5373 | train_acc=0.1124 | test_loss=46.0188 | test_acc=0.1135
Epoch 062/300 | train_loss=271.5393 | train_acc=0.1124 | test_loss=46.0187 | test_acc=0.1135
Epoch 059/300 | train_loss=271.5443 | train_acc=0.1124 | test_loss=46.0191 | test_acc=0.1135
Epoch 047/300 | train_loss=271.5456 | train_acc=0.1124 | test_loss=46.0193 | test_acc=0.1135
Epoch 111/300 | train_loss=271.5430 | train_acc=0.1124 | test_loss=46.0194 | test_acc=0.1135
Epoch 042/300 | train_loss=271.5398 | train_acc=0.1124 | test_loss=46.0190 | test_acc=0.1135
Epoch 038/300 | train_loss=271.5373 | train_acc=0.1124 | test_loss=46.0194 | test_acc=0.1135
Epoch 061/300 | train_loss=271.5520 | train_acc=0.1124 | test_loss=46.0192 | test_acc=0.1135
Epoch 063/300 | train_loss=271.5508 | train_acc=0.1124 | test_loss=46.0195 | test_acc=0.1135
Epoch 060/300 | train_loss=271.5435 | train_acc=0.1124 | test_loss=46.0192 | test_acc=0.1135
Epoch 043/300 | train_loss=271.5378 | train_acc=0.1124 | test_loss=46.0193 | test_acc=0.1135
Epoch 112/300 | train_loss=271.5403 | train_acc=0.1124 | test_loss=46.0195 | test_acc=0.1135
Epoch 048/300 | train_loss=271.5482 | train_acc=0.1124 | test_loss=46.0188 | test_acc=0.1135
Epoch 039/300 | train_loss=271.5414 | train_acc=0.1124 | test_loss=46.0196 | test_acc=0.1135
Epoch 062/300 | train_loss=271.5431 | train_acc=0.1124 | test_loss=46.0190 | test_acc=0.1135
Epoch 064/300 | train_loss=271.5351 | train_acc=0.1124 | test_loss=46.0192 | test_acc=0.1135
Epoch 113/300 | train_loss=271.5466 | train_acc=0.1124 | test_loss=46.0189 | test_acc=0.1135
Epoch 061/300 | train_loss=271.5383 | train_acc=0.1124 | test_loss=46.0191 | test_acc=0.1135
Epoch 044/300 | train_loss=271.5456 | train_acc=0.1124 | test_loss=46.0197 | test_acc=0.1135
Epoch 049/300 | train_loss=271.5473 | train_acc=0.1124 | test_loss=46.0192 | test_acc=0.1135
Epoch 040/300 | train_loss=271.5474 | train_acc=0.1124 | test_loss=46.0192 | test_acc=0.1135
Epoch 065/300 | train_loss=271.5344 | train_acc=0.1124 | test_loss=46.0191 | test_acc=0.1135
Epoch 063/300 | train_loss=271.5335 | train_acc=0.1124 | test_loss=46.0192 | test_acc=0.1135
Epoch 114/300 | train_loss=271.5485 | train_acc=0.1124 | test_loss=46.0196 | test_acc=0.1135
Epoch 045/300 | train_loss=271.5416 | train_acc=0.1124 | test_loss=46.0193 | test_acc=0.1135
Epoch 062/300 | train_loss=271.5395 | train_acc=0.1124 | test_loss=46.0191 | test_acc=0.1135
Epoch 041/300 | train_loss=271.5395 | train_acc=0.1124 | test_loss=46.0192 | test_acc=0.1135
Epoch 064/300 | train_loss=271.5566 | train_acc=0.1124 | test_loss=46.0192 | test_acc=0.1135
Epoch 050/300 | train_loss=271.5396 | train_acc=0.1124 | test_loss=46.0193 | test_acc=0.1135
Epoch 066/300 | train_loss=271.5450 | train_acc=0.1124 | test_loss=46.0191 | test_acc=0.1135
Epoch 115/300 | train_loss=271.5405 | train_acc=0.1124 | test_loss=46.0193 | test_acc=0.1135
Epoch 046/300 | train_loss=271.5407 | train_acc=0.1124 | test_loss=46.0200 | test_acc=0.1135
Epoch 042/300 | train_loss=271.5427 | train_acc=0.1124 | test_loss=46.0192 | test_acc=0.1135
Epoch 051/300 | train_loss=271.5458 | train_acc=0.1124 | test_loss=46.0195 | test_acc=0.1135
Epoch 065/300 | train_loss=271.5333 | train_acc=0.1124 | test_loss=46.0193 | test_acc=0.1135
Epoch 063/300 | train_loss=271.5416 | train_acc=0.1124 | test_loss=46.0190 | test_acc=0.1135
Epoch 067/300 | train_loss=271.5403 | train_acc=0.1124 | test_loss=46.0190 | test_acc=0.1135
Epoch 116/300 | train_loss=271.5415 | train_acc=0.1124 | test_loss=46.0190 | test_acc=0.1135
Epoch 047/300 | train_loss=271.5419 | train_acc=0.1124 | test_loss=46.0196 | test_acc=0.1135
Epoch 068/300 | train_loss=271.5460 | train_acc=0.1124 | test_loss=46.0194 | test_acc=0.1135
Epoch 043/300 | train_loss=271.5364 | train_acc=0.1124 | test_loss=46.0189 | test_acc=0.1135
Epoch 066/300 | train_loss=271.5393 | train_acc=0.1124 | test_loss=46.0191 | test_acc=0.1135
Epoch 052/300 | train_loss=271.5502 | train_acc=0.1124 | test_loss=46.0194 | test_acc=0.1135
Epoch 117/300 | train_loss=271.5464 | train_acc=0.1124 | test_loss=46.0192 | test_acc=0.1135
Epoch 064/300 | train_loss=271.5478 | train_acc=0.1124 | test_loss=46.0191 | test_acc=0.1135
Epoch 069/300 | train_loss=271.5346 | train_acc=0.1124 | test_loss=46.0188 | test_acc=0.1135
Epoch 048/300 | train_loss=271.5472 | train_acc=0.1124 | test_loss=46.0194 | test_acc=0.1135
Epoch 053/300 | train_loss=271.5495 | train_acc=0.1124 | test_loss=46.0192 | test_acc=0.1135
Epoch 044/300 | train_loss=271.5445 | train_acc=0.1124 | test_loss=46.0193 | test_acc=0.1135
Epoch 067/300 | train_loss=271.5458 | train_acc=0.1124 | test_loss=46.0189 | test_acc=0.1135
Epoch 118/300 | train_loss=271.5413 | train_acc=0.1124 | test_loss=46.0192 | test_acc=0.1135
Epoch 070/300 | train_loss=271.5471 | train_acc=0.1124 | test_loss=46.0191 | test_acc=0.1135
Epoch 065/300 | train_loss=271.5443 | train_acc=0.1124 | test_loss=46.0190 | test_acc=0.1135
Epoch 045/300 | train_loss=271.5328 | train_acc=0.1124 | test_loss=46.0194 | test_acc=0.1135
Epoch 068/300 | train_loss=271.5417 | train_acc=0.1124 | test_loss=46.0190 | test_acc=0.1135
Epoch 119/300 | train_loss=271.5433 | train_acc=0.1124 | test_loss=46.0194 | test_acc=0.1135
Epoch 049/300 | train_loss=271.5393 | train_acc=0.1124 | test_loss=46.0196 | test_acc=0.1135
Epoch 054/300 | train_loss=271.5442 | train_acc=0.1124 | test_loss=46.0192 | test_acc=0.1135
Epoch 071/300 | train_loss=271.5389 | train_acc=0.1124 | test_loss=46.0191 | test_acc=0.1135
Epoch 066/300 | train_loss=271.5472 | train_acc=0.1124 | test_loss=46.0189 | test_acc=0.1135
Epoch 046/300 | train_loss=271.5457 | train_acc=0.1124 | test_loss=46.0191 | test_acc=0.1135
Epoch 050/300 | train_loss=271.5437 | train_acc=0.1124 | test_loss=46.0193 | test_acc=0.1135
Epoch 120/300 | train_loss=271.5514 | train_acc=0.1124 | test_loss=46.0195 | test_acc=0.1135
Epoch 055/300 | train_loss=271.5474 | train_acc=0.1124 | test_loss=46.0191 | test_acc=0.1135
Epoch 069/300 | train_loss=271.5441 | train_acc=0.1124 | test_loss=46.0191 | test_acc=0.1135
Epoch 072/300 | train_loss=271.5423 | train_acc=0.1124 | test_loss=46.0194 | test_acc=0.1135
Epoch 067/300 | train_loss=271.5440 | train_acc=0.1124 | test_loss=46.0188 | test_acc=0.1135
Epoch 121/300 | train_loss=271.5459 | train_acc=0.1124 | test_loss=46.0198 | test_acc=0.1135
Epoch 051/300 | train_loss=271.5416 | train_acc=0.1124 | test_loss=46.0195 | test_acc=0.1135
Epoch 047/300 | train_loss=271.5433 | train_acc=0.1124 | test_loss=46.0190 | test_acc=0.1135
Epoch 070/300 | train_loss=271.5405 | train_acc=0.1124 | test_loss=46.0191 | test_acc=0.1135
Epoch 073/300 | train_loss=271.5405 | train_acc=0.1124 | test_loss=46.0190 | test_acc=0.1135
Epoch 056/300 | train_loss=271.5380 | train_acc=0.1124 | test_loss=46.0190 | test_acc=0.1135
Epoch 122/300 | train_loss=271.5479 | train_acc=0.1124 | test_loss=46.0198 | test_acc=0.1135
Epoch 048/300 | train_loss=271.5376 | train_acc=0.1124 | test_loss=46.0187 | test_acc=0.1135
Epoch 071/300 | train_loss=271.5463 | train_acc=0.1124 | test_loss=46.0189 | test_acc=0.1135
Epoch 068/300 | train_loss=271.5454 | train_acc=0.1124 | test_loss=46.0192 | test_acc=0.1135
Epoch 052/300 | train_loss=271.5399 | train_acc=0.1124 | test_loss=46.0191 | test_acc=0.1135
Epoch 074/300 | train_loss=271.5444 | train_acc=0.1124 | test_loss=46.0194 | test_acc=0.1135
Epoch 057/300 | train_loss=271.5409 | train_acc=0.1124 | test_loss=46.0191 | test_acc=0.1135
Epoch 072/300 | train_loss=271.5419 | train_acc=0.1124 | test_loss=46.0195 | test_acc=0.1135
Epoch 123/300 | train_loss=271.5433 | train_acc=0.1124 | test_loss=46.0194 | test_acc=0.1135
Epoch 053/300 | train_loss=271.5528 | train_acc=0.1124 | test_loss=46.0193 | test_acc=0.1135
Epoch 049/300 | train_loss=271.5425 | train_acc=0.1124 | test_loss=46.0189 | test_acc=0.1135
Epoch 075/300 | train_loss=271.5423 | train_acc=0.1124 | test_loss=46.0191 | test_acc=0.1135
Epoch 069/300 | train_loss=271.5346 | train_acc=0.1124 | test_loss=46.0192 | test_acc=0.1135
Epoch 124/300 | train_loss=271.5443 | train_acc=0.1124 | test_loss=46.0195 | test_acc=0.1135
Epoch 058/300 | train_loss=271.5459 | train_acc=0.1124 | test_loss=46.0189 | test_acc=0.1135
Epoch 054/300 | train_loss=271.5392 | train_acc=0.1124 | test_loss=46.0191 | test_acc=0.1135
Epoch 073/300 | train_loss=271.5464 | train_acc=0.1124 | test_loss=46.0194 | test_acc=0.1135
Epoch 050/300 | train_loss=271.5391 | train_acc=0.1124 | test_loss=46.0194 | test_acc=0.1135
Epoch 076/300 | train_loss=271.5359 | train_acc=0.1124 | test_loss=46.0193 | test_acc=0.1135
Epoch 125/300 | train_loss=271.5418 | train_acc=0.1124 | test_loss=46.0191 | test_acc=0.1135
Epoch 055/300 | train_loss=271.5315 | train_acc=0.1124 | test_loss=46.0192 | test_acc=0.1135
Epoch 070/300 | train_loss=271.5468 | train_acc=0.1124 | test_loss=46.0192 | test_acc=0.1135
Epoch 074/300 | train_loss=271.5410 | train_acc=0.1124 | test_loss=46.0195 | test_acc=0.1135
Epoch 077/300 | train_loss=271.5385 | train_acc=0.1124 | test_loss=46.0193 | test_acc=0.1135
Epoch 059/300 | train_loss=271.5498 | train_acc=0.1124 | test_loss=46.0193 | test_acc=0.1135
Epoch 051/300 | train_loss=271.5355 | train_acc=0.1124 | test_loss=46.0191 | test_acc=0.1135
Epoch 126/300 | train_loss=271.5400 | train_acc=0.1124 | test_loss=46.0192 | test_acc=0.1135
Epoch 071/300 | train_loss=271.5530 | train_acc=0.1124 | test_loss=46.0194 | test_acc=0.1135
Epoch 075/300 | train_loss=271.5430 | train_acc=0.1124 | test_loss=46.0192 | test_acc=0.1135
Epoch 078/300 | train_loss=271.5436 | train_acc=0.1124 | test_loss=46.0191 | test_acc=0.1135
Epoch 056/300 | train_loss=271.5454 | train_acc=0.1124 | test_loss=46.0191 | test_acc=0.1135
Epoch 052/300 | train_loss=271.5384 | train_acc=0.1124 | test_loss=46.0189 | test_acc=0.1135
Epoch 060/300 | train_loss=271.5412 | train_acc=0.1124 | test_loss=46.0191 | test_acc=0.1135
Epoch 079/300 | train_loss=271.5378 | train_acc=0.1124 | test_loss=46.0195 | test_acc=0.1135
Epoch 057/300 | train_loss=271.5481 | train_acc=0.1124 | test_loss=46.0194 | test_acc=0.1135
Epoch 127/300 | train_loss=271.5414 | train_acc=0.1124 | test_loss=46.0192 | test_acc=0.1135
Epoch 076/300 | train_loss=271.5420 | train_acc=0.1124 | test_loss=46.0190 | test_acc=0.1135
Epoch 072/300 | train_loss=271.5404 | train_acc=0.1124 | test_loss=46.0193 | test_acc=0.1135
Epoch 053/300 | train_loss=271.5525 | train_acc=0.1124 | test_loss=46.0190 | test_acc=0.1135
Epoch 061/300 | train_loss=271.5433 | train_acc=0.1124 | test_loss=46.0194 | test_acc=0.1135
Epoch 128/300 | train_loss=271.5419 | train_acc=0.1124 | test_loss=46.0194 | test_acc=0.1135
Epoch 080/300 | train_loss=271.5532 | train_acc=0.1124 | test_loss=46.0191 | test_acc=0.1135
Epoch 058/300 | train_loss=271.5432 | train_acc=0.1124 | test_loss=46.0191 | test_acc=0.1135
Epoch 073/300 | train_loss=271.5368 | train_acc=0.1124 | test_loss=46.0195 | test_acc=0.1135
Epoch 077/300 | train_loss=271.5485 | train_acc=0.1124 | test_loss=46.0192 | test_acc=0.1135
Epoch 054/300 | train_loss=271.5445 | train_acc=0.1124 | test_loss=46.0192 | test_acc=0.1135
Epoch 062/300 | train_loss=271.5413 | train_acc=0.1124 | test_loss=46.0189 | test_acc=0.1135
Epoch 129/300 | train_loss=271.5471 | train_acc=0.1124 | test_loss=46.0190 | test_acc=0.1135
Epoch 081/300 | train_loss=271.5410 | train_acc=0.1124 | test_loss=46.0194 | test_acc=0.1135
Epoch 059/300 | train_loss=271.5524 | train_acc=0.1124 | test_loss=46.0190 | test_acc=0.1135
Epoch 055/300 | train_loss=271.5412 | train_acc=0.1124 | test_loss=46.0194 | test_acc=0.1135
Epoch 078/300 | train_loss=271.5399 | train_acc=0.1124 | test_loss=46.0188 | test_acc=0.1135
Epoch 074/300 | train_loss=271.5471 | train_acc=0.1124 | test_loss=46.0190 | test_acc=0.1135
Epoch 130/300 | train_loss=271.5503 | train_acc=0.1124 | test_loss=46.0191 | test_acc=0.1135
Epoch 082/300 | train_loss=271.5370 | train_acc=0.1124 | test_loss=46.0195 | test_acc=0.1135
Epoch 063/300 | train_loss=271.5455 | train_acc=0.1124 | test_loss=46.0192 | test_acc=0.1135
Epoch 060/300 | train_loss=271.5463 | train_acc=0.1124 | test_loss=46.0193 | test_acc=0.1135
Epoch 056/300 | train_loss=271.5393 | train_acc=0.1124 | test_loss=46.0198 | test_acc=0.1135
Epoch 131/300 | train_loss=271.5446 | train_acc=0.1124 | test_loss=46.0195 | test_acc=0.1135
Epoch 075/300 | train_loss=271.5520 | train_acc=0.1124 | test_loss=46.0196 | test_acc=0.1135
Epoch 079/300 | train_loss=271.5389 | train_acc=0.1124 | test_loss=46.0189 | test_acc=0.1135
Epoch 083/300 | train_loss=271.5394 | train_acc=0.1124 | test_loss=46.0194 | test_acc=0.1135
Epoch 061/300 | train_loss=271.5432 | train_acc=0.1124 | test_loss=46.0192 | test_acc=0.1135
Epoch 064/300 | train_loss=271.5401 | train_acc=0.1124 | test_loss=46.0189 | test_acc=0.1135
Epoch 076/300 | train_loss=271.5478 | train_acc=0.1124 | test_loss=46.0191 | test_acc=0.1135
Epoch 057/300 | train_loss=271.5383 | train_acc=0.1124 | test_loss=46.0189 | test_acc=0.1135
Epoch 132/300 | train_loss=271.5522 | train_acc=0.1124 | test_loss=46.0193 | test_acc=0.1135
Epoch 080/300 | train_loss=271.5459 | train_acc=0.1124 | test_loss=46.0198 | test_acc=0.1135
Epoch 084/300 | train_loss=271.5450 | train_acc=0.1124 | test_loss=46.0194 | test_acc=0.1135
Epoch 062/300 | train_loss=271.5478 | train_acc=0.1124 | test_loss=46.0196 | test_acc=0.1135
Epoch 065/300 | train_loss=271.5372 | train_acc=0.1124 | test_loss=46.0195 | test_acc=0.1135
Epoch 133/300 | train_loss=271.5355 | train_acc=0.1124 | test_loss=46.0190 | test_acc=0.1135
Epoch 058/300 | train_loss=271.5468 | train_acc=0.1124 | test_loss=46.0191 | test_acc=0.1135
Epoch 077/300 | train_loss=271.5467 | train_acc=0.1124 | test_loss=46.0193 | test_acc=0.1135
Epoch 081/300 | train_loss=271.5445 | train_acc=0.1124 | test_loss=46.0194 | test_acc=0.1135
Epoch 085/300 | train_loss=271.5450 | train_acc=0.1124 | test_loss=46.0194 | test_acc=0.1135
Epoch 134/300 | train_loss=271.5384 | train_acc=0.1124 | test_loss=46.0193 | test_acc=0.1135
Epoch 063/300 | train_loss=271.5381 | train_acc=0.1124 | test_loss=46.0193 | test_acc=0.1135
Epoch 066/300 | train_loss=271.5507 | train_acc=0.1124 | test_loss=46.0196 | test_acc=0.1135
Epoch 078/300 | train_loss=271.5504 | train_acc=0.1124 | test_loss=46.0191 | test_acc=0.1135
Epoch 086/300 | train_loss=271.5370 | train_acc=0.1124 | test_loss=46.0194 | test_acc=0.1135
Epoch 082/300 | train_loss=271.5445 | train_acc=0.1124 | test_loss=46.0192 | test_acc=0.1135
Epoch 059/300 | train_loss=271.5443 | train_acc=0.1124 | test_loss=46.0191 | test_acc=0.1135
Epoch 135/300 | train_loss=271.5528 | train_acc=0.1124 | test_loss=46.0194 | test_acc=0.1135
Epoch 064/300 | train_loss=271.5443 | train_acc=0.1124 | test_loss=46.0191 | test_acc=0.1135
Epoch 067/300 | train_loss=271.5475 | train_acc=0.1124 | test_loss=46.0196 | test_acc=0.1135
Epoch 087/300 | train_loss=271.5437 | train_acc=0.1124 | test_loss=46.0195 | test_acc=0.1135
Epoch 060/300 | train_loss=271.5435 | train_acc=0.1124 | test_loss=46.0192 | test_acc=0.1135
Epoch 083/300 | train_loss=271.5524 | train_acc=0.1124 | test_loss=46.0192 | test_acc=0.1135
Epoch 079/300 | train_loss=271.5471 | train_acc=0.1124 | test_loss=46.0190 | test_acc=0.1135
Epoch 136/300 | train_loss=271.5369 | train_acc=0.1124 | test_loss=46.0195 | test_acc=0.1135
Epoch 088/300 | train_loss=271.5397 | train_acc=0.1124 | test_loss=46.0195 | test_acc=0.1135
Epoch 061/300 | train_loss=271.5383 | train_acc=0.1124 | test_loss=46.0191 | test_acc=0.1135
Epoch 065/300 | train_loss=271.5454 | train_acc=0.1124 | test_loss=46.0192 | test_acc=0.1135
Epoch 068/300 | train_loss=271.5420 | train_acc=0.1124 | test_loss=46.0193 | test_acc=0.1135
Epoch 080/300 | train_loss=271.5369 | train_acc=0.1124 | test_loss=46.0194 | test_acc=0.1135
Epoch 137/300 | train_loss=271.5438 | train_acc=0.1124 | test_loss=46.0191 | test_acc=0.1135
Epoch 084/300 | train_loss=271.5351 | train_acc=0.1124 | test_loss=46.0190 | test_acc=0.1135
Epoch 089/300 | train_loss=271.5460 | train_acc=0.1124 | test_loss=46.0191 | test_acc=0.1135
Epoch 066/300 | train_loss=271.5463 | train_acc=0.1124 | test_loss=46.0188 | test_acc=0.1135
Epoch 062/300 | train_loss=271.5395 | train_acc=0.1124 | test_loss=46.0191 | test_acc=0.1135
Epoch 069/300 | train_loss=271.5441 | train_acc=0.1124 | test_loss=46.0192 | test_acc=0.1135
Epoch 081/300 | train_loss=271.5417 | train_acc=0.1124 | test_loss=46.0192 | test_acc=0.1135
Epoch 085/300 | train_loss=271.5456 | train_acc=0.1124 | test_loss=46.0192 | test_acc=0.1135
Epoch 090/300 | train_loss=271.5455 | train_acc=0.1124 | test_loss=46.0195 | test_acc=0.1135
Epoch 138/300 | train_loss=271.5483 | train_acc=0.1124 | test_loss=46.0193 | test_acc=0.1135
Epoch 067/300 | train_loss=271.5366 | train_acc=0.1124 | test_loss=46.0187 | test_acc=0.1135
Epoch 063/300 | train_loss=271.5416 | train_acc=0.1124 | test_loss=46.0190 | test_acc=0.1135
Epoch 070/300 | train_loss=271.5409 | train_acc=0.1124 | test_loss=46.0191 | test_acc=0.1135
Epoch 091/300 | train_loss=271.5511 | train_acc=0.1124 | test_loss=46.0197 | test_acc=0.1135
Epoch 082/300 | train_loss=271.5426 | train_acc=0.1124 | test_loss=46.0192 | test_acc=0.1135
Epoch 068/300 | train_loss=271.5365 | train_acc=0.1124 | test_loss=46.0188 | test_acc=0.1135
Epoch 086/300 | train_loss=271.5447 | train_acc=0.1124 | test_loss=46.0193 | test_acc=0.1135
Epoch 139/300 | train_loss=271.5403 | train_acc=0.1124 | test_loss=46.0191 | test_acc=0.1135
Epoch 064/300 | train_loss=271.5478 | train_acc=0.1124 | test_loss=46.0191 | test_acc=0.1135
Epoch 071/300 | train_loss=271.5412 | train_acc=0.1124 | test_loss=46.0191 | test_acc=0.1135
Epoch 069/300 | train_loss=271.5351 | train_acc=0.1124 | test_loss=46.0189 | test_acc=0.1135
Epoch 092/300 | train_loss=271.5448 | train_acc=0.1124 | test_loss=46.0193 | test_acc=0.1135
Epoch 083/300 | train_loss=271.5495 | train_acc=0.1124 | test_loss=46.0195 | test_acc=0.1135
Epoch 087/300 | train_loss=271.5406 | train_acc=0.1124 | test_loss=46.0193 | test_acc=0.1135
Epoch 140/300 | train_loss=271.5479 | train_acc=0.1124 | test_loss=46.0191 | test_acc=0.1135
Epoch 065/300 | train_loss=271.5443 | train_acc=0.1124 | test_loss=46.0190 | test_acc=0.1135
Epoch 072/300 | train_loss=271.5436 | train_acc=0.1124 | test_loss=46.0193 | test_acc=0.1135
Epoch 093/300 | train_loss=271.5426 | train_acc=0.1124 | test_loss=46.0189 | test_acc=0.1135
Epoch 070/300 | train_loss=271.5428 | train_acc=0.1124 | test_loss=46.0192 | test_acc=0.1135
Epoch 084/300 | train_loss=271.5404 | train_acc=0.1124 | test_loss=46.0193 | test_acc=0.1135
Epoch 141/300 | train_loss=271.5447 | train_acc=0.1124 | test_loss=46.0193 | test_acc=0.1135
Epoch 066/300 | train_loss=271.5472 | train_acc=0.1124 | test_loss=46.0189 | test_acc=0.1135
Epoch 088/300 | train_loss=271.5472 | train_acc=0.1124 | test_loss=46.0193 | test_acc=0.1135
Epoch 073/300 | train_loss=271.5391 | train_acc=0.1124 | test_loss=46.0192 | test_acc=0.1135
Epoch 094/300 | train_loss=271.5401 | train_acc=0.1124 | test_loss=46.0192 | test_acc=0.1135
Epoch 085/300 | train_loss=271.5382 | train_acc=0.1124 | test_loss=46.0193 | test_acc=0.1135
Epoch 071/300 | train_loss=271.5464 | train_acc=0.1124 | test_loss=46.0192 | test_acc=0.1135
Epoch 067/300 | train_loss=271.5440 | train_acc=0.1124 | test_loss=46.0188 | test_acc=0.1135
Epoch 089/300 | train_loss=271.5518 | train_acc=0.1124 | test_loss=46.0192 | test_acc=0.1135
Epoch 142/300 | train_loss=271.5386 | train_acc=0.1124 | test_loss=46.0194 | test_acc=0.1135
Epoch 095/300 | train_loss=271.5408 | train_acc=0.1124 | test_loss=46.0192 | test_acc=0.1135
Epoch 074/300 | train_loss=271.5395 | train_acc=0.1124 | test_loss=46.0191 | test_acc=0.1135
Epoch 072/300 | train_loss=271.5512 | train_acc=0.1124 | test_loss=46.0192 | test_acc=0.1135
Epoch 143/300 | train_loss=271.5353 | train_acc=0.1124 | test_loss=46.0189 | test_acc=0.1135
Epoch 068/300 | train_loss=271.5454 | train_acc=0.1124 | test_loss=46.0192 | test_acc=0.1135
Epoch 086/300 | train_loss=271.5378 | train_acc=0.1124 | test_loss=46.0193 | test_acc=0.1135
Epoch 090/300 | train_loss=271.5414 | train_acc=0.1124 | test_loss=46.0194 | test_acc=0.1135
Epoch 096/300 | train_loss=271.5442 | train_acc=0.1124 | test_loss=46.0195 | test_acc=0.1135
Epoch 075/300 | train_loss=271.5436 | train_acc=0.1124 | test_loss=46.0192 | test_acc=0.1135
Epoch 073/300 | train_loss=271.5433 | train_acc=0.1124 | test_loss=46.0194 | test_acc=0.1135
Epoch 144/300 | train_loss=271.5299 | train_acc=0.1124 | test_loss=46.0194 | test_acc=0.1135
Epoch 087/300 | train_loss=271.5480 | train_acc=0.1124 | test_loss=46.0192 | test_acc=0.1135
Epoch 069/300 | train_loss=271.5346 | train_acc=0.1124 | test_loss=46.0192 | test_acc=0.1135
Epoch 097/300 | train_loss=271.5426 | train_acc=0.1124 | test_loss=46.0194 | test_acc=0.1135
Epoch 091/300 | train_loss=271.5480 | train_acc=0.1124 | test_loss=46.0192 | test_acc=0.1135
Epoch 076/300 | train_loss=271.5379 | train_acc=0.1124 | test_loss=46.0195 | test_acc=0.1135
Epoch 145/300 | train_loss=271.5522 | train_acc=0.1124 | test_loss=46.0188 | test_acc=0.1135
Epoch 098/300 | train_loss=271.5466 | train_acc=0.1124 | test_loss=46.0195 | test_acc=0.1135
Epoch 088/300 | train_loss=271.5537 | train_acc=0.1124 | test_loss=46.0191 | test_acc=0.1135
Epoch 074/300 | train_loss=271.5423 | train_acc=0.1124 | test_loss=46.0192 | test_acc=0.1135
Epoch 070/300 | train_loss=271.5468 | train_acc=0.1124 | test_loss=46.0192 | test_acc=0.1135
Epoch 092/300 | train_loss=271.5483 | train_acc=0.1124 | test_loss=46.0193 | test_acc=0.1135
Epoch 077/300 | train_loss=271.5361 | train_acc=0.1124 | test_loss=46.0189 | test_acc=0.1135
Epoch 146/300 | train_loss=271.5430 | train_acc=0.1124 | test_loss=46.0189 | test_acc=0.1135
Epoch 099/300 | train_loss=271.5372 | train_acc=0.1124 | test_loss=46.0189 | test_acc=0.1135
Epoch 075/300 | train_loss=271.5414 | train_acc=0.1124 | test_loss=46.0193 | test_acc=0.1135
Epoch 089/300 | train_loss=271.5353 | train_acc=0.1124 | test_loss=46.0194 | test_acc=0.1135
Epoch 093/300 | train_loss=271.5429 | train_acc=0.1124 | test_loss=46.0196 | test_acc=0.1135
Epoch 071/300 | train_loss=271.5530 | train_acc=0.1124 | test_loss=46.0194 | test_acc=0.1135
Epoch 076/300 | train_loss=271.5429 | train_acc=0.1124 | test_loss=46.0193 | test_acc=0.1135
Epoch 147/300 | train_loss=271.5416 | train_acc=0.1124 | test_loss=46.0189 | test_acc=0.1135
Epoch 100/300 | train_loss=271.5447 | train_acc=0.1124 | test_loss=46.0192 | test_acc=0.1135
Epoch 078/300 | train_loss=271.5470 | train_acc=0.1124 | test_loss=46.0190 | test_acc=0.1135
Epoch 090/300 | train_loss=271.5437 | train_acc=0.1124 | test_loss=46.0193 | test_acc=0.1135
Epoch 148/300 | train_loss=271.5447 | train_acc=0.1124 | test_loss=46.0193 | test_acc=0.1135
Epoch 094/300 | train_loss=271.5519 | train_acc=0.1124 | test_loss=46.0192 | test_acc=0.1135
Epoch 101/300 | train_loss=271.5442 | train_acc=0.1124 | test_loss=46.0193 | test_acc=0.1135
Epoch 077/300 | train_loss=271.5402 | train_acc=0.1124 | test_loss=46.0193 | test_acc=0.1135
Epoch 072/300 | train_loss=271.5404 | train_acc=0.1124 | test_loss=46.0193 | test_acc=0.1135
Epoch 079/300 | train_loss=271.5481 | train_acc=0.1124 | test_loss=46.0193 | test_acc=0.1135
Epoch 091/300 | train_loss=271.5396 | train_acc=0.1124 | test_loss=46.0193 | test_acc=0.1135
Epoch 149/300 | train_loss=271.5448 | train_acc=0.1124 | test_loss=46.0194 | test_acc=0.1135
Epoch 102/300 | train_loss=271.5439 | train_acc=0.1124 | test_loss=46.0189 | test_acc=0.1135
Epoch 095/300 | train_loss=271.5431 | train_acc=0.1124 | test_loss=46.0190 | test_acc=0.1135
Epoch 078/300 | train_loss=271.5407 | train_acc=0.1124 | test_loss=46.0191 | test_acc=0.1135
Epoch 073/300 | train_loss=271.5368 | train_acc=0.1124 | test_loss=46.0195 | test_acc=0.1135
Epoch 080/300 | train_loss=271.5424 | train_acc=0.1124 | test_loss=46.0194 | test_acc=0.1135
Epoch 150/300 | train_loss=271.5508 | train_acc=0.1124 | test_loss=46.0190 | test_acc=0.1135
Epoch 092/300 | train_loss=271.5500 | train_acc=0.1124 | test_loss=46.0189 | test_acc=0.1135
Epoch 103/300 | train_loss=271.5417 | train_acc=0.1124 | test_loss=46.0189 | test_acc=0.1135
Epoch 096/300 | train_loss=271.5405 | train_acc=0.1124 | test_loss=46.0192 | test_acc=0.1135
Epoch 074/300 | train_loss=271.5471 | train_acc=0.1124 | test_loss=46.0190 | test_acc=0.1135
Epoch 079/300 | train_loss=271.5451 | train_acc=0.1124 | test_loss=46.0194 | test_acc=0.1135
Epoch 081/300 | train_loss=271.5505 | train_acc=0.1124 | test_loss=46.0191 | test_acc=0.1135
Epoch 151/300 | train_loss=271.5427 | train_acc=0.1124 | test_loss=46.0193 | test_acc=0.1135
Epoch 104/300 | train_loss=271.5295 | train_acc=0.1124 | test_loss=46.0191 | test_acc=0.1135
Epoch 093/300 | train_loss=271.5384 | train_acc=0.1124 | test_loss=46.0191 | test_acc=0.1135
Epoch 097/300 | train_loss=271.5416 | train_acc=0.1124 | test_loss=46.0189 | test_acc=0.1135
Epoch 075/300 | train_loss=271.5520 | train_acc=0.1124 | test_loss=46.0196 | test_acc=0.1135
Epoch 080/300 | train_loss=271.5422 | train_acc=0.1124 | test_loss=46.0193 | test_acc=0.1135
Epoch 082/300 | train_loss=271.5355 | train_acc=0.1124 | test_loss=46.0192 | test_acc=0.1135
Epoch 105/300 | train_loss=271.5382 | train_acc=0.1124 | test_loss=46.0188 | test_acc=0.1135
Epoch 152/300 | train_loss=271.5465 | train_acc=0.1124 | test_loss=46.0194 | test_acc=0.1135
Epoch 094/300 | train_loss=271.5455 | train_acc=0.1124 | test_loss=46.0191 | test_acc=0.1135
Epoch 076/300 | train_loss=271.5478 | train_acc=0.1124 | test_loss=46.0191 | test_acc=0.1135
Epoch 098/300 | train_loss=271.5454 | train_acc=0.1124 | test_loss=46.0190 | test_acc=0.1135
Epoch 106/300 | train_loss=271.5430 | train_acc=0.1124 | test_loss=46.0190 | test_acc=0.1135
Epoch 153/300 | train_loss=271.5406 | train_acc=0.1124 | test_loss=46.0191 | test_acc=0.1135
Epoch 083/300 | train_loss=271.5481 | train_acc=0.1124 | test_loss=46.0194 | test_acc=0.1135
Epoch 081/300 | train_loss=271.5394 | train_acc=0.1124 | test_loss=46.0191 | test_acc=0.1135
Epoch 095/300 | train_loss=271.5394 | train_acc=0.1124 | test_loss=46.0193 | test_acc=0.1135
Epoch 077/300 | train_loss=271.5467 | train_acc=0.1124 | test_loss=46.0193 | test_acc=0.1135
Epoch 099/300 | train_loss=271.5482 | train_acc=0.1124 | test_loss=46.0190 | test_acc=0.1135
Epoch 154/300 | train_loss=271.5475 | train_acc=0.1124 | test_loss=46.0190 | test_acc=0.1135
Epoch 107/300 | train_loss=271.5502 | train_acc=0.1124 | test_loss=46.0189 | test_acc=0.1135
Epoch 082/300 | train_loss=271.5446 | train_acc=0.1124 | test_loss=46.0192 | test_acc=0.1135
Epoch 084/300 | train_loss=271.5489 | train_acc=0.1124 | test_loss=46.0191 | test_acc=0.1135
Epoch 100/300 | train_loss=271.5400 | train_acc=0.1124 | test_loss=46.0188 | test_acc=0.1135
Epoch 096/300 | train_loss=271.5367 | train_acc=0.1124 | test_loss=46.0200 | test_acc=0.1135
Epoch 078/300 | train_loss=271.5504 | train_acc=0.1124 | test_loss=46.0191 | test_acc=0.1135
Epoch 108/300 | train_loss=271.5347 | train_acc=0.1124 | test_loss=46.0191 | test_acc=0.1135
Epoch 155/300 | train_loss=271.5463 | train_acc=0.1124 | test_loss=46.0196 | test_acc=0.1135
Epoch 083/300 | train_loss=271.5458 | train_acc=0.1124 | test_loss=46.0192 | test_acc=0.1135
Epoch 101/300 | train_loss=271.5487 | train_acc=0.1124 | test_loss=46.0192 | test_acc=0.1135
Epoch 085/300 | train_loss=271.5441 | train_acc=0.1124 | test_loss=46.0191 | test_acc=0.1135
Epoch 079/300 | train_loss=271.5471 | train_acc=0.1124 | test_loss=46.0190 | test_acc=0.1135
Epoch 156/300 | train_loss=271.5418 | train_acc=0.1124 | test_loss=46.0191 | test_acc=0.1135
Epoch 109/300 | train_loss=271.5437 | train_acc=0.1124 | test_loss=46.0192 | test_acc=0.1135
Epoch 097/300 | train_loss=271.5422 | train_acc=0.1124 | test_loss=46.0194 | test_acc=0.1135
Epoch 084/300 | train_loss=271.5371 | train_acc=0.1124 | test_loss=46.0194 | test_acc=0.1135
Epoch 102/300 | train_loss=271.5476 | train_acc=0.1124 | test_loss=46.0188 | test_acc=0.1135
Epoch 110/300 | train_loss=271.5393 | train_acc=0.1124 | test_loss=46.0192 | test_acc=0.1135
Epoch 086/300 | train_loss=271.5414 | train_acc=0.1124 | test_loss=46.0190 | test_acc=0.1135
Epoch 157/300 | train_loss=271.5402 | train_acc=0.1124 | test_loss=46.0190 | test_acc=0.1135
Epoch 080/300 | train_loss=271.5369 | train_acc=0.1124 | test_loss=46.0194 | test_acc=0.1135
Epoch 098/300 | train_loss=271.5399 | train_acc=0.1124 | test_loss=46.0190 | test_acc=0.1135
Epoch 103/300 | train_loss=271.5407 | train_acc=0.1124 | test_loss=46.0193 | test_acc=0.1135
Epoch 085/300 | train_loss=271.5446 | train_acc=0.1124 | test_loss=46.0195 | test_acc=0.1135
Epoch 111/300 | train_loss=271.5505 | train_acc=0.1124 | test_loss=46.0190 | test_acc=0.1135
Epoch 158/300 | train_loss=271.5396 | train_acc=0.1124 | test_loss=46.0192 | test_acc=0.1135
Epoch 087/300 | train_loss=271.5457 | train_acc=0.1124 | test_loss=46.0193 | test_acc=0.1135
Epoch 081/300 | train_loss=271.5417 | train_acc=0.1124 | test_loss=46.0192 | test_acc=0.1135
Epoch 099/300 | train_loss=271.5372 | train_acc=0.1124 | test_loss=46.0192 | test_acc=0.1135
Epoch 086/300 | train_loss=271.5460 | train_acc=0.1124 | test_loss=46.0192 | test_acc=0.1135
Epoch 112/300 | train_loss=271.5419 | train_acc=0.1124 | test_loss=46.0194 | test_acc=0.1135
Epoch 104/300 | train_loss=271.5457 | train_acc=0.1124 | test_loss=46.0195 | test_acc=0.1135
Epoch 159/300 | train_loss=271.5379 | train_acc=0.1124 | test_loss=46.0190 | test_acc=0.1135
Epoch 082/300 | train_loss=271.5426 | train_acc=0.1124 | test_loss=46.0192 | test_acc=0.1135
Epoch 088/300 | train_loss=271.5430 | train_acc=0.1124 | test_loss=46.0191 | test_acc=0.1135
Epoch 087/300 | train_loss=271.5413 | train_acc=0.1124 | test_loss=46.0192 | test_acc=0.1135
Epoch 113/300 | train_loss=271.5372 | train_acc=0.1124 | test_loss=46.0193 | test_acc=0.1135
Epoch 100/300 | train_loss=271.5499 | train_acc=0.1124 | test_loss=46.0192 | test_acc=0.1135
Epoch 105/300 | train_loss=271.5429 | train_acc=0.1124 | test_loss=46.0193 | test_acc=0.1135
Epoch 160/300 | train_loss=271.5472 | train_acc=0.1124 | test_loss=46.0194 | test_acc=0.1135
Epoch 083/300 | train_loss=271.5495 | train_acc=0.1124 | test_loss=46.0195 | test_acc=0.1135
Epoch 089/300 | train_loss=271.5419 | train_acc=0.1124 | test_loss=46.0191 | test_acc=0.1135
Epoch 088/300 | train_loss=271.5418 | train_acc=0.1124 | test_loss=46.0198 | test_acc=0.1135
Epoch 114/300 | train_loss=271.5423 | train_acc=0.1124 | test_loss=46.0193 | test_acc=0.1135
Epoch 106/300 | train_loss=271.5453 | train_acc=0.1124 | test_loss=46.0193 | test_acc=0.1135
Epoch 161/300 | train_loss=271.5410 | train_acc=0.1124 | test_loss=46.0195 | test_acc=0.1135
Epoch 101/300 | train_loss=271.5400 | train_acc=0.1124 | test_loss=46.0191 | test_acc=0.1135
Epoch 115/300 | train_loss=271.5491 | train_acc=0.1124 | test_loss=46.0188 | test_acc=0.1135
Epoch 084/300 | train_loss=271.5404 | train_acc=0.1124 | test_loss=46.0193 | test_acc=0.1135
Epoch 089/300 | train_loss=271.5440 | train_acc=0.1124 | test_loss=46.0197 | test_acc=0.1135
Epoch 090/300 | train_loss=271.5389 | train_acc=0.1124 | test_loss=46.0193 | test_acc=0.1135
Epoch 162/300 | train_loss=271.5521 | train_acc=0.1124 | test_loss=46.0195 | test_acc=0.1135
Epoch 107/300 | train_loss=271.5380 | train_acc=0.1124 | test_loss=46.0196 | test_acc=0.1135
Epoch 085/300 | train_loss=271.5382 | train_acc=0.1124 | test_loss=46.0193 | test_acc=0.1135
Epoch 102/300 | train_loss=271.5434 | train_acc=0.1124 | test_loss=46.0189 | test_acc=0.1135
Epoch 116/300 | train_loss=271.5427 | train_acc=0.1124 | test_loss=46.0192 | test_acc=0.1135
Epoch 090/300 | train_loss=271.5405 | train_acc=0.1124 | test_loss=46.0189 | test_acc=0.1135
Epoch 163/300 | train_loss=271.5424 | train_acc=0.1124 | test_loss=46.0192 | test_acc=0.1135
Epoch 091/300 | train_loss=271.5487 | train_acc=0.1124 | test_loss=46.0193 | test_acc=0.1135
Epoch 108/300 | train_loss=271.5409 | train_acc=0.1124 | test_loss=46.0194 | test_acc=0.1135
Epoch 117/300 | train_loss=271.5374 | train_acc=0.1124 | test_loss=46.0201 | test_acc=0.1135
Epoch 086/300 | train_loss=271.5378 | train_acc=0.1124 | test_loss=46.0193 | test_acc=0.1135
Epoch 103/300 | train_loss=271.5539 | train_acc=0.1124 | test_loss=46.0194 | test_acc=0.1135
Epoch 164/300 | train_loss=271.5387 | train_acc=0.1124 | test_loss=46.0191 | test_acc=0.1135
Epoch 091/300 | train_loss=271.5413 | train_acc=0.1124 | test_loss=46.0189 | test_acc=0.1135
Epoch 109/300 | train_loss=271.5415 | train_acc=0.1124 | test_loss=46.0189 | test_acc=0.1135
Epoch 118/300 | train_loss=271.5443 | train_acc=0.1124 | test_loss=46.0198 | test_acc=0.1135
Epoch 092/300 | train_loss=271.5432 | train_acc=0.1124 | test_loss=46.0194 | test_acc=0.1135
Epoch 087/300 | train_loss=271.5480 | train_acc=0.1124 | test_loss=46.0192 | test_acc=0.1135
Epoch 104/300 | train_loss=271.5441 | train_acc=0.1124 | test_loss=46.0192 | test_acc=0.1135
Epoch 165/300 | train_loss=271.5406 | train_acc=0.1124 | test_loss=46.0193 | test_acc=0.1135
Epoch 092/300 | train_loss=271.5493 | train_acc=0.1124 | test_loss=46.0192 | test_acc=0.1135
Epoch 110/300 | train_loss=271.5450 | train_acc=0.1124 | test_loss=46.0192 | test_acc=0.1135
Epoch 119/300 | train_loss=271.5538 | train_acc=0.1124 | test_loss=46.0195 | test_acc=0.1135
Epoch 093/300 | train_loss=271.5471 | train_acc=0.1124 | test_loss=46.0191 | test_acc=0.1135
Epoch 093/300 | train_loss=271.5479 | train_acc=0.1124 | test_loss=46.0194 | test_acc=0.1135
Epoch 166/300 | train_loss=271.5390 | train_acc=0.1124 | test_loss=46.0190 | test_acc=0.1135
Epoch 088/300 | train_loss=271.5537 | train_acc=0.1124 | test_loss=46.0191 | test_acc=0.1135
Epoch 105/300 | train_loss=271.5424 | train_acc=0.1124 | test_loss=46.0197 | test_acc=0.1135
Epoch 120/300 | train_loss=271.5419 | train_acc=0.1124 | test_loss=46.0194 | test_acc=0.1135
Epoch 111/300 | train_loss=271.5455 | train_acc=0.1124 | test_loss=46.0193 | test_acc=0.1135
Epoch 094/300 | train_loss=271.5454 | train_acc=0.1124 | test_loss=46.0193 | test_acc=0.1135
Epoch 167/300 | train_loss=271.5463 | train_acc=0.1124 | test_loss=46.0190 | test_acc=0.1135
Epoch 094/300 | train_loss=271.5420 | train_acc=0.1124 | test_loss=46.0198 | test_acc=0.1135
Epoch 106/300 | train_loss=271.5474 | train_acc=0.1124 | test_loss=46.0196 | test_acc=0.1135
Epoch 089/300 | train_loss=271.5353 | train_acc=0.1124 | test_loss=46.0194 | test_acc=0.1135
Epoch 121/300 | train_loss=271.5388 | train_acc=0.1124 | test_loss=46.0190 | test_acc=0.1135
Epoch 112/300 | train_loss=271.5478 | train_acc=0.1124 | test_loss=46.0191 | test_acc=0.1135
Epoch 090/300 | train_loss=271.5437 | train_acc=0.1124 | test_loss=46.0193 | test_acc=0.1135
Epoch 168/300 | train_loss=271.5479 | train_acc=0.1124 | test_loss=46.0189 | test_acc=0.1135
Epoch 095/300 | train_loss=271.5438 | train_acc=0.1124 | test_loss=46.0191 | test_acc=0.1135
Epoch 122/300 | train_loss=271.5424 | train_acc=0.1124 | test_loss=46.0193 | test_acc=0.1135
Epoch 095/300 | train_loss=271.5327 | train_acc=0.1124 | test_loss=46.0198 | test_acc=0.1135
Epoch 107/300 | train_loss=271.5416 | train_acc=0.1124 | test_loss=46.0195 | test_acc=0.1135
Epoch 169/300 | train_loss=271.5479 | train_acc=0.1124 | test_loss=46.0193 | test_acc=0.1135
Epoch 113/300 | train_loss=271.5376 | train_acc=0.1124 | test_loss=46.0192 | test_acc=0.1135
Epoch 091/300 | train_loss=271.5396 | train_acc=0.1124 | test_loss=46.0193 | test_acc=0.1135
Epoch 123/300 | train_loss=271.5404 | train_acc=0.1124 | test_loss=46.0196 | test_acc=0.1135
Epoch 108/300 | train_loss=271.5444 | train_acc=0.1124 | test_loss=46.0194 | test_acc=0.1135
Epoch 096/300 | train_loss=271.5399 | train_acc=0.1124 | test_loss=46.0197 | test_acc=0.1135
Epoch 096/300 | train_loss=271.5448 | train_acc=0.1124 | test_loss=46.0192 | test_acc=0.1135
Epoch 170/300 | train_loss=271.5411 | train_acc=0.1124 | test_loss=46.0195 | test_acc=0.1135
Epoch 092/300 | train_loss=271.5500 | train_acc=0.1124 | test_loss=46.0189 | test_acc=0.1135
Epoch 097/300 | train_loss=271.5461 | train_acc=0.1124 | test_loss=46.0192 | test_acc=0.1135
Epoch 124/300 | train_loss=271.5367 | train_acc=0.1124 | test_loss=46.0189 | test_acc=0.1135
Epoch 114/300 | train_loss=271.5407 | train_acc=0.1124 | test_loss=46.0193 | test_acc=0.1135
Epoch 097/300 | train_loss=271.5502 | train_acc=0.1124 | test_loss=46.0192 | test_acc=0.1135
Epoch 109/300 | train_loss=271.5369 | train_acc=0.1124 | test_loss=46.0193 | test_acc=0.1135
Epoch 171/300 | train_loss=271.5388 | train_acc=0.1124 | test_loss=46.0192 | test_acc=0.1135
Epoch 098/300 | train_loss=271.5513 | train_acc=0.1124 | test_loss=46.0193 | test_acc=0.1135
Epoch 125/300 | train_loss=271.5382 | train_acc=0.1124 | test_loss=46.0193 | test_acc=0.1135
Epoch 098/300 | train_loss=271.5356 | train_acc=0.1124 | test_loss=46.0191 | test_acc=0.1135
Epoch 093/300 | train_loss=271.5384 | train_acc=0.1124 | test_loss=46.0191 | test_acc=0.1135
Epoch 115/300 | train_loss=271.5510 | train_acc=0.1124 | test_loss=46.0196 | test_acc=0.1135
Epoch 110/300 | train_loss=271.5536 | train_acc=0.1124 | test_loss=46.0199 | test_acc=0.1135
Epoch 172/300 | train_loss=271.5378 | train_acc=0.1124 | test_loss=46.0195 | test_acc=0.1135
Epoch 126/300 | train_loss=271.5399 | train_acc=0.1124 | test_loss=46.0196 | test_acc=0.1135
Epoch 099/300 | train_loss=271.5378 | train_acc=0.1124 | test_loss=46.0191 | test_acc=0.1135
Epoch 099/300 | train_loss=271.5445 | train_acc=0.1124 | test_loss=46.0193 | test_acc=0.1135
Epoch 116/300 | train_loss=271.5377 | train_acc=0.1124 | test_loss=46.0196 | test_acc=0.1135
Epoch 094/300 | train_loss=271.5455 | train_acc=0.1124 | test_loss=46.0191 | test_acc=0.1135
Epoch 173/300 | train_loss=271.5440 | train_acc=0.1124 | test_loss=46.0195 | test_acc=0.1135
Epoch 111/300 | train_loss=271.5392 | train_acc=0.1124 | test_loss=46.0193 | test_acc=0.1135
Epoch 127/300 | train_loss=271.5464 | train_acc=0.1124 | test_loss=46.0197 | test_acc=0.1135
Epoch 100/300 | train_loss=271.5485 | train_acc=0.1124 | test_loss=46.0194 | test_acc=0.1135
Epoch 095/300 | train_loss=271.5394 | train_acc=0.1124 | test_loss=46.0193 | test_acc=0.1135
Epoch 100/300 | train_loss=271.5376 | train_acc=0.1124 | test_loss=46.0194 | test_acc=0.1135
Epoch 117/300 | train_loss=271.5492 | train_acc=0.1124 | test_loss=46.0194 | test_acc=0.1135
Epoch 174/300 | train_loss=271.5311 | train_acc=0.1124 | test_loss=46.0187 | test_acc=0.1135
Epoch 128/300 | train_loss=271.5332 | train_acc=0.1124 | test_loss=46.0191 | test_acc=0.1135
Epoch 112/300 | train_loss=271.5380 | train_acc=0.1124 | test_loss=46.0194 | test_acc=0.1135
Epoch 096/300 | train_loss=271.5367 | train_acc=0.1124 | test_loss=46.0200 | test_acc=0.1135
Epoch 101/300 | train_loss=271.5460 | train_acc=0.1124 | test_loss=46.0195 | test_acc=0.1135
Epoch 101/300 | train_loss=271.5351 | train_acc=0.1124 | test_loss=46.0189 | test_acc=0.1135
Epoch 175/300 | train_loss=271.5479 | train_acc=0.1124 | test_loss=46.0192 | test_acc=0.1135
Epoch 129/300 | train_loss=271.5368 | train_acc=0.1124 | test_loss=46.0190 | test_acc=0.1135
Epoch 118/300 | train_loss=271.5369 | train_acc=0.1124 | test_loss=46.0193 | test_acc=0.1135
Epoch 097/300 | train_loss=271.5422 | train_acc=0.1124 | test_loss=46.0194 | test_acc=0.1135
Epoch 113/300 | train_loss=271.5496 | train_acc=0.1124 | test_loss=46.0190 | test_acc=0.1135
Epoch 102/300 | train_loss=271.5356 | train_acc=0.1124 | test_loss=46.0192 | test_acc=0.1135
Epoch 130/300 | train_loss=271.5424 | train_acc=0.1124 | test_loss=46.0190 | test_acc=0.1135
Epoch 102/300 | train_loss=271.5433 | train_acc=0.1124 | test_loss=46.0186 | test_acc=0.1135
Epoch 176/300 | train_loss=271.5400 | train_acc=0.1124 | test_loss=46.0192 | test_acc=0.1135
Epoch 119/300 | train_loss=271.5396 | train_acc=0.1124 | test_loss=46.0189 | test_acc=0.1135
Epoch 098/300 | train_loss=271.5399 | train_acc=0.1124 | test_loss=46.0190 | test_acc=0.1135
Epoch 103/300 | train_loss=271.5415 | train_acc=0.1124 | test_loss=46.0192 | test_acc=0.1135
Epoch 114/300 | train_loss=271.5396 | train_acc=0.1124 | test_loss=46.0191 | test_acc=0.1135
Epoch 131/300 | train_loss=271.5452 | train_acc=0.1124 | test_loss=46.0191 | test_acc=0.1135
Epoch 177/300 | train_loss=271.5443 | train_acc=0.1124 | test_loss=46.0192 | test_acc=0.1135
Epoch 103/300 | train_loss=271.5424 | train_acc=0.1124 | test_loss=46.0190 | test_acc=0.1135
Epoch 120/300 | train_loss=271.5503 | train_acc=0.1124 | test_loss=46.0188 | test_acc=0.1135
Epoch 104/300 | train_loss=271.5412 | train_acc=0.1124 | test_loss=46.0187 | test_acc=0.1135
Epoch 099/300 | train_loss=271.5372 | train_acc=0.1124 | test_loss=46.0192 | test_acc=0.1135
Epoch 132/300 | train_loss=271.5400 | train_acc=0.1124 | test_loss=46.0196 | test_acc=0.1135
Epoch 104/300 | train_loss=271.5406 | train_acc=0.1124 | test_loss=46.0194 | test_acc=0.1135
Epoch 115/300 | train_loss=271.5427 | train_acc=0.1124 | test_loss=46.0194 | test_acc=0.1135
Epoch 178/300 | train_loss=271.5451 | train_acc=0.1124 | test_loss=46.0192 | test_acc=0.1135
Epoch 121/300 | train_loss=271.5471 | train_acc=0.1124 | test_loss=46.0195 | test_acc=0.1135
Epoch 133/300 | train_loss=271.5466 | train_acc=0.1124 | test_loss=46.0191 | test_acc=0.1135
Epoch 105/300 | train_loss=271.5422 | train_acc=0.1124 | test_loss=46.0190 | test_acc=0.1135
Epoch 105/300 | train_loss=271.5403 | train_acc=0.1124 | test_loss=46.0197 | test_acc=0.1135
Epoch 100/300 | train_loss=271.5499 | train_acc=0.1124 | test_loss=46.0192 | test_acc=0.1135
Epoch 179/300 | train_loss=271.5437 | train_acc=0.1124 | test_loss=46.0194 | test_acc=0.1135
Epoch 122/300 | train_loss=271.5502 | train_acc=0.1124 | test_loss=46.0193 | test_acc=0.1135
Epoch 116/300 | train_loss=271.5458 | train_acc=0.1124 | test_loss=46.0193 | test_acc=0.1135
Epoch 134/300 | train_loss=271.5464 | train_acc=0.1124 | test_loss=46.0189 | test_acc=0.1135
Epoch 123/300 | train_loss=271.5458 | train_acc=0.1124 | test_loss=46.0194 | test_acc=0.1135
Epoch 180/300 | train_loss=271.5404 | train_acc=0.1124 | test_loss=46.0189 | test_acc=0.1135
Epoch 106/300 | train_loss=271.5401 | train_acc=0.1124 | test_loss=46.0197 | test_acc=0.1135
Epoch 106/300 | train_loss=271.5420 | train_acc=0.1124 | test_loss=46.0196 | test_acc=0.1135
Epoch 101/300 | train_loss=271.5400 | train_acc=0.1124 | test_loss=46.0191 | test_acc=0.1135
Epoch 117/300 | train_loss=271.5439 | train_acc=0.1124 | test_loss=46.0192 | test_acc=0.1135
Epoch 135/300 | train_loss=271.5447 | train_acc=0.1124 | test_loss=46.0192 | test_acc=0.1135
Epoch 124/300 | train_loss=271.5391 | train_acc=0.1124 | test_loss=46.0197 | test_acc=0.1135
Epoch 181/300 | train_loss=271.5347 | train_acc=0.1124 | test_loss=46.0194 | test_acc=0.1135
Epoch 107/300 | train_loss=271.5422 | train_acc=0.1124 | test_loss=46.0189 | test_acc=0.1135
Epoch 107/300 | train_loss=271.5416 | train_acc=0.1124 | test_loss=46.0194 | test_acc=0.1135
Epoch 102/300 | train_loss=271.5434 | train_acc=0.1124 | test_loss=46.0189 | test_acc=0.1135
Epoch 118/300 | train_loss=271.5401 | train_acc=0.1124 | test_loss=46.0196 | test_acc=0.1135
Epoch 136/300 | train_loss=271.5417 | train_acc=0.1124 | test_loss=46.0193 | test_acc=0.1135
Epoch 125/300 | train_loss=271.5481 | train_acc=0.1124 | test_loss=46.0195 | test_acc=0.1135
Epoch 182/300 | train_loss=271.5462 | train_acc=0.1124 | test_loss=46.0193 | test_acc=0.1135
Epoch 103/300 | train_loss=271.5539 | train_acc=0.1124 | test_loss=46.0194 | test_acc=0.1135
Epoch 108/300 | train_loss=271.5465 | train_acc=0.1124 | test_loss=46.0191 | test_acc=0.1135
Epoch 137/300 | train_loss=271.5429 | train_acc=0.1124 | test_loss=46.0192 | test_acc=0.1135
Epoch 108/300 | train_loss=271.5495 | train_acc=0.1124 | test_loss=46.0195 | test_acc=0.1135
Epoch 119/300 | train_loss=271.5425 | train_acc=0.1124 | test_loss=46.0192 | test_acc=0.1135
Epoch 183/300 | train_loss=271.5392 | train_acc=0.1124 | test_loss=46.0197 | test_acc=0.1135
Epoch 126/300 | train_loss=271.5435 | train_acc=0.1124 | test_loss=46.0190 | test_acc=0.1135
Epoch 104/300 | train_loss=271.5441 | train_acc=0.1124 | test_loss=46.0192 | test_acc=0.1135
Epoch 109/300 | train_loss=271.5409 | train_acc=0.1124 | test_loss=46.0190 | test_acc=0.1135
Epoch 138/300 | train_loss=271.5341 | train_acc=0.1124 | test_loss=46.0191 | test_acc=0.1135
Epoch 109/300 | train_loss=271.5432 | train_acc=0.1124 | test_loss=46.0191 | test_acc=0.1135
Epoch 120/300 | train_loss=271.5411 | train_acc=0.1124 | test_loss=46.0194 | test_acc=0.1135
Epoch 184/300 | train_loss=271.5419 | train_acc=0.1124 | test_loss=46.0194 | test_acc=0.1135
Epoch 105/300 | train_loss=271.5424 | train_acc=0.1124 | test_loss=46.0197 | test_acc=0.1135
Epoch 139/300 | train_loss=271.5455 | train_acc=0.1124 | test_loss=46.0191 | test_acc=0.1135
Epoch 127/300 | train_loss=271.5361 | train_acc=0.1124 | test_loss=46.0192 | test_acc=0.1135
Epoch 110/300 | train_loss=271.5390 | train_acc=0.1124 | test_loss=46.0193 | test_acc=0.1135
Epoch 110/300 | train_loss=271.5485 | train_acc=0.1124 | test_loss=46.0194 | test_acc=0.1135
Epoch 185/300 | train_loss=271.5487 | train_acc=0.1124 | test_loss=46.0192 | test_acc=0.1135
Epoch 121/300 | train_loss=271.5414 | train_acc=0.1124 | test_loss=46.0192 | test_acc=0.1135
Epoch 106/300 | train_loss=271.5474 | train_acc=0.1124 | test_loss=46.0196 | test_acc=0.1135
Epoch 140/300 | train_loss=271.5384 | train_acc=0.1124 | test_loss=46.0191 | test_acc=0.1135
Epoch 128/300 | train_loss=271.5407 | train_acc=0.1124 | test_loss=46.0190 | test_acc=0.1135
Epoch 111/300 | train_loss=271.5430 | train_acc=0.1124 | test_loss=46.0194 | test_acc=0.1135
Epoch 111/300 | train_loss=271.5409 | train_acc=0.1124 | test_loss=46.0196 | test_acc=0.1135
Epoch 186/300 | train_loss=271.5452 | train_acc=0.1124 | test_loss=46.0196 | test_acc=0.1135
Epoch 122/300 | train_loss=271.5385 | train_acc=0.1124 | test_loss=46.0195 | test_acc=0.1135
Epoch 107/300 | train_loss=271.5416 | train_acc=0.1124 | test_loss=46.0195 | test_acc=0.1135
Epoch 141/300 | train_loss=271.5433 | train_acc=0.1124 | test_loss=46.0192 | test_acc=0.1135
Epoch 112/300 | train_loss=271.5403 | train_acc=0.1124 | test_loss=46.0195 | test_acc=0.1135
Epoch 187/300 | train_loss=271.5414 | train_acc=0.1124 | test_loss=46.0194 | test_acc=0.1135
Epoch 129/300 | train_loss=271.5385 | train_acc=0.1124 | test_loss=46.0192 | test_acc=0.1135
Epoch 112/300 | train_loss=271.5493 | train_acc=0.1124 | test_loss=46.0196 | test_acc=0.1135
Epoch 108/300 | train_loss=271.5444 | train_acc=0.1124 | test_loss=46.0194 | test_acc=0.1135
Epoch 123/300 | train_loss=271.5344 | train_acc=0.1124 | test_loss=46.0194 | test_acc=0.1135
Epoch 142/300 | train_loss=271.5388 | train_acc=0.1124 | test_loss=46.0194 | test_acc=0.1135
Epoch 113/300 | train_loss=271.5466 | train_acc=0.1124 | test_loss=46.0189 | test_acc=0.1135
Epoch 188/300 | train_loss=271.5465 | train_acc=0.1124 | test_loss=46.0192 | test_acc=0.1135
Epoch 130/300 | train_loss=271.5475 | train_acc=0.1124 | test_loss=46.0194 | test_acc=0.1135
Epoch 109/300 | train_loss=271.5369 | train_acc=0.1124 | test_loss=46.0193 | test_acc=0.1135
Epoch 113/300 | train_loss=271.5375 | train_acc=0.1124 | test_loss=46.0194 | test_acc=0.1135
Epoch 143/300 | train_loss=271.5387 | train_acc=0.1124 | test_loss=46.0198 | test_acc=0.1135
Epoch 114/300 | train_loss=271.5485 | train_acc=0.1124 | test_loss=46.0196 | test_acc=0.1135
Epoch 124/300 | train_loss=271.5407 | train_acc=0.1124 | test_loss=46.0192 | test_acc=0.1135
Epoch 189/300 | train_loss=271.5427 | train_acc=0.1124 | test_loss=46.0189 | test_acc=0.1135
Epoch 131/300 | train_loss=271.5334 | train_acc=0.1124 | test_loss=46.0195 | test_acc=0.1135
Epoch 110/300 | train_loss=271.5536 | train_acc=0.1124 | test_loss=46.0199 | test_acc=0.1135
Epoch 114/300 | train_loss=271.5479 | train_acc=0.1124 | test_loss=46.0192 | test_acc=0.1135
Epoch 144/300 | train_loss=271.5481 | train_acc=0.1124 | test_loss=46.0196 | test_acc=0.1135
Epoch 115/300 | train_loss=271.5405 | train_acc=0.1124 | test_loss=46.0193 | test_acc=0.1135
Epoch 125/300 | train_loss=271.5509 | train_acc=0.1124 | test_loss=46.0194 | test_acc=0.1135
Epoch 190/300 | train_loss=271.5392 | train_acc=0.1124 | test_loss=46.0192 | test_acc=0.1135
Epoch 115/300 | train_loss=271.5407 | train_acc=0.1124 | test_loss=46.0193 | test_acc=0.1135
Epoch 111/300 | train_loss=271.5392 | train_acc=0.1124 | test_loss=46.0193 | test_acc=0.1135
Epoch 145/300 | train_loss=271.5406 | train_acc=0.1124 | test_loss=46.0195 | test_acc=0.1135
Epoch 116/300 | train_loss=271.5415 | train_acc=0.1124 | test_loss=46.0190 | test_acc=0.1135
Epoch 132/300 | train_loss=271.5412 | train_acc=0.1124 | test_loss=46.0195 | test_acc=0.1135
Epoch 191/300 | train_loss=271.5557 | train_acc=0.1124 | test_loss=46.0195 | test_acc=0.1135
Epoch 126/300 | train_loss=271.5379 | train_acc=0.1124 | test_loss=46.0193 | test_acc=0.1135
Epoch 146/300 | train_loss=271.5426 | train_acc=0.1124 | test_loss=46.0191 | test_acc=0.1135
Epoch 112/300 | train_loss=271.5380 | train_acc=0.1124 | test_loss=46.0194 | test_acc=0.1135
Epoch 116/300 | train_loss=271.5439 | train_acc=0.1124 | test_loss=46.0190 | test_acc=0.1135
Epoch 117/300 | train_loss=271.5464 | train_acc=0.1124 | test_loss=46.0192 | test_acc=0.1135
Epoch 133/300 | train_loss=271.5444 | train_acc=0.1124 | test_loss=46.0197 | test_acc=0.1135
Epoch 192/300 | train_loss=271.5412 | train_acc=0.1124 | test_loss=46.0196 | test_acc=0.1135
Epoch 127/300 | train_loss=271.5430 | train_acc=0.1124 | test_loss=46.0192 | test_acc=0.1135
Epoch 147/300 | train_loss=271.5436 | train_acc=0.1124 | test_loss=46.0193 | test_acc=0.1135
Epoch 113/300 | train_loss=271.5496 | train_acc=0.1124 | test_loss=46.0190 | test_acc=0.1135
Epoch 118/300 | train_loss=271.5413 | train_acc=0.1124 | test_loss=46.0192 | test_acc=0.1135
Epoch 134/300 | train_loss=271.5421 | train_acc=0.1124 | test_loss=46.0191 | test_acc=0.1135
Epoch 193/300 | train_loss=271.5492 | train_acc=0.1124 | test_loss=46.0195 | test_acc=0.1135
Epoch 117/300 | train_loss=271.5437 | train_acc=0.1124 | test_loss=46.0190 | test_acc=0.1135
Epoch 119/300 | train_loss=271.5433 | train_acc=0.1124 | test_loss=46.0194 | test_acc=0.1135
Epoch 148/300 | train_loss=271.5486 | train_acc=0.1124 | test_loss=46.0189 | test_acc=0.1135
Epoch 135/300 | train_loss=271.5403 | train_acc=0.1124 | test_loss=46.0190 | test_acc=0.1135
Epoch 128/300 | train_loss=271.5452 | train_acc=0.1124 | test_loss=46.0190 | test_acc=0.1135
Epoch 114/300 | train_loss=271.5396 | train_acc=0.1124 | test_loss=46.0191 | test_acc=0.1135
Epoch 194/300 | train_loss=271.5460 | train_acc=0.1124 | test_loss=46.0194 | test_acc=0.1135
Epoch 118/300 | train_loss=271.5426 | train_acc=0.1124 | test_loss=46.0192 | test_acc=0.1135
Epoch 136/300 | train_loss=271.5391 | train_acc=0.1124 | test_loss=46.0192 | test_acc=0.1135
Epoch 120/300 | train_loss=271.5514 | train_acc=0.1124 | test_loss=46.0195 | test_acc=0.1135
Epoch 149/300 | train_loss=271.5389 | train_acc=0.1124 | test_loss=46.0199 | test_acc=0.1135
Epoch 195/300 | train_loss=271.5430 | train_acc=0.1124 | test_loss=46.0190 | test_acc=0.1135
Epoch 129/300 | train_loss=271.5359 | train_acc=0.1124 | test_loss=46.0192 | test_acc=0.1135
Epoch 115/300 | train_loss=271.5427 | train_acc=0.1124 | test_loss=46.0194 | test_acc=0.1135
Epoch 137/300 | train_loss=271.5518 | train_acc=0.1124 | test_loss=46.0194 | test_acc=0.1135
Epoch 150/300 | train_loss=271.5362 | train_acc=0.1124 | test_loss=46.0195 | test_acc=0.1135
Epoch 121/300 | train_loss=271.5459 | train_acc=0.1124 | test_loss=46.0198 | test_acc=0.1135
Epoch 119/300 | train_loss=271.5462 | train_acc=0.1124 | test_loss=46.0194 | test_acc=0.1135
Epoch 196/300 | train_loss=271.5505 | train_acc=0.1124 | test_loss=46.0192 | test_acc=0.1135
Epoch 130/300 | train_loss=271.5503 | train_acc=0.1124 | test_loss=46.0190 | test_acc=0.1135
Epoch 138/300 | train_loss=271.5455 | train_acc=0.1124 | test_loss=46.0194 | test_acc=0.1135
Epoch 116/300 | train_loss=271.5458 | train_acc=0.1124 | test_loss=46.0193 | test_acc=0.1135
Epoch 197/300 | train_loss=271.5401 | train_acc=0.1124 | test_loss=46.0191 | test_acc=0.1135
Epoch 151/300 | train_loss=271.5478 | train_acc=0.1124 | test_loss=46.0196 | test_acc=0.1135
Epoch 120/300 | train_loss=271.5474 | train_acc=0.1124 | test_loss=46.0190 | test_acc=0.1135
Epoch 122/300 | train_loss=271.5479 | train_acc=0.1124 | test_loss=46.0198 | test_acc=0.1135
Epoch 117/300 | train_loss=271.5439 | train_acc=0.1124 | test_loss=46.0192 | test_acc=0.1135
Epoch 131/300 | train_loss=271.5426 | train_acc=0.1124 | test_loss=46.0193 | test_acc=0.1135
Epoch 198/300 | train_loss=271.5424 | train_acc=0.1124 | test_loss=46.0195 | test_acc=0.1135
Epoch 121/300 | train_loss=271.5511 | train_acc=0.1124 | test_loss=46.0191 | test_acc=0.1135
Epoch 139/300 | train_loss=271.5486 | train_acc=0.1124 | test_loss=46.0193 | test_acc=0.1135
Epoch 152/300 | train_loss=271.5491 | train_acc=0.1124 | test_loss=46.0194 | test_acc=0.1135
Epoch 123/300 | train_loss=271.5433 | train_acc=0.1124 | test_loss=46.0194 | test_acc=0.1135
Epoch 118/300 | train_loss=271.5401 | train_acc=0.1124 | test_loss=46.0196 | test_acc=0.1135
Epoch 199/300 | train_loss=271.5496 | train_acc=0.1124 | test_loss=46.0198 | test_acc=0.1135
Epoch 122/300 | train_loss=271.5465 | train_acc=0.1124 | test_loss=46.0192 | test_acc=0.1135
Epoch 124/300 | train_loss=271.5443 | train_acc=0.1124 | test_loss=46.0195 | test_acc=0.1135
Epoch 132/300 | train_loss=271.5482 | train_acc=0.1124 | test_loss=46.0190 | test_acc=0.1135
Epoch 153/300 | train_loss=271.5437 | train_acc=0.1124 | test_loss=46.0190 | test_acc=0.1135
Epoch 140/300 | train_loss=271.5444 | train_acc=0.1124 | test_loss=46.0192 | test_acc=0.1135
Epoch 119/300 | train_loss=271.5425 | train_acc=0.1124 | test_loss=46.0192 | test_acc=0.1135
Epoch 200/300 | train_loss=271.5447 | train_acc=0.1124 | test_loss=46.0192 | test_acc=0.1135
Epoch 154/300 | train_loss=271.5385 | train_acc=0.1124 | test_loss=46.0188 | test_acc=0.1135
Epoch 123/300 | train_loss=271.5382 | train_acc=0.1124 | test_loss=46.0191 | test_acc=0.1135
Epoch 141/300 | train_loss=271.5389 | train_acc=0.1124 | test_loss=46.0192 | test_acc=0.1135
Epoch 125/300 | train_loss=271.5418 | train_acc=0.1124 | test_loss=46.0191 | test_acc=0.1135
Epoch 133/300 | train_loss=271.5446 | train_acc=0.1124 | test_loss=46.0190 | test_acc=0.1135
Epoch 120/300 | train_loss=271.5411 | train_acc=0.1124 | test_loss=46.0194 | test_acc=0.1135
Epoch 201/300 | train_loss=271.5439 | train_acc=0.1124 | test_loss=46.0194 | test_acc=0.1135
Epoch 155/300 | train_loss=271.5419 | train_acc=0.1124 | test_loss=46.0192 | test_acc=0.1135
Epoch 126/300 | train_loss=271.5400 | train_acc=0.1124 | test_loss=46.0192 | test_acc=0.1135
Epoch 121/300 | train_loss=271.5414 | train_acc=0.1124 | test_loss=46.0192 | test_acc=0.1135
Epoch 124/300 | train_loss=271.5432 | train_acc=0.1124 | test_loss=46.0191 | test_acc=0.1135
Epoch 134/300 | train_loss=271.5423 | train_acc=0.1124 | test_loss=46.0188 | test_acc=0.1135
Epoch 142/300 | train_loss=271.5471 | train_acc=0.1124 | test_loss=46.0193 | test_acc=0.1135
Epoch 202/300 | train_loss=271.5405 | train_acc=0.1124 | test_loss=46.0195 | test_acc=0.1135
Epoch 156/300 | train_loss=271.5413 | train_acc=0.1124 | test_loss=46.0190 | test_acc=0.1135
Epoch 122/300 | train_loss=271.5385 | train_acc=0.1124 | test_loss=46.0195 | test_acc=0.1135
Epoch 135/300 | train_loss=271.5435 | train_acc=0.1124 | test_loss=46.0190 | test_acc=0.1135
Epoch 127/300 | train_loss=271.5414 | train_acc=0.1124 | test_loss=46.0192 | test_acc=0.1135
Epoch 143/300 | train_loss=271.5315 | train_acc=0.1124 | test_loss=46.0196 | test_acc=0.1135
Epoch 125/300 | train_loss=271.5448 | train_acc=0.1124 | test_loss=46.0191 | test_acc=0.1135
Epoch 203/300 | train_loss=271.5471 | train_acc=0.1124 | test_loss=46.0195 | test_acc=0.1135
Epoch 157/300 | train_loss=271.5385 | train_acc=0.1124 | test_loss=46.0190 | test_acc=0.1135
Epoch 144/300 | train_loss=271.5420 | train_acc=0.1124 | test_loss=46.0195 | test_acc=0.1135
Epoch 123/300 | train_loss=271.5344 | train_acc=0.1124 | test_loss=46.0194 | test_acc=0.1135
Epoch 136/300 | train_loss=271.5442 | train_acc=0.1124 | test_loss=46.0190 | test_acc=0.1135
Epoch 128/300 | train_loss=271.5419 | train_acc=0.1124 | test_loss=46.0194 | test_acc=0.1135
Epoch 158/300 | train_loss=271.5407 | train_acc=0.1124 | test_loss=46.0190 | test_acc=0.1135
Epoch 204/300 | train_loss=271.5484 | train_acc=0.1124 | test_loss=46.0196 | test_acc=0.1135
Epoch 126/300 | train_loss=271.5415 | train_acc=0.1124 | test_loss=46.0190 | test_acc=0.1135
Epoch 124/300 | train_loss=271.5407 | train_acc=0.1124 | test_loss=46.0192 | test_acc=0.1135
Epoch 129/300 | train_loss=271.5471 | train_acc=0.1124 | test_loss=46.0190 | test_acc=0.1135
Epoch 159/300 | train_loss=271.5402 | train_acc=0.1124 | test_loss=46.0192 | test_acc=0.1135
Epoch 137/300 | train_loss=271.5440 | train_acc=0.1124 | test_loss=46.0193 | test_acc=0.1135
Epoch 145/300 | train_loss=271.5434 | train_acc=0.1124 | test_loss=46.0197 | test_acc=0.1135
Epoch 205/300 | train_loss=271.5483 | train_acc=0.1124 | test_loss=46.0194 | test_acc=0.1135
Epoch 127/300 | train_loss=271.5387 | train_acc=0.1124 | test_loss=46.0194 | test_acc=0.1135
Epoch 125/300 | train_loss=271.5509 | train_acc=0.1124 | test_loss=46.0194 | test_acc=0.1135
Epoch 130/300 | train_loss=271.5503 | train_acc=0.1124 | test_loss=46.0191 | test_acc=0.1135
Epoch 160/300 | train_loss=271.5455 | train_acc=0.1124 | test_loss=46.0194 | test_acc=0.1135
Epoch 128/300 | train_loss=271.5470 | train_acc=0.1124 | test_loss=46.0198 | test_acc=0.1135
Epoch 206/300 | train_loss=271.5489 | train_acc=0.1124 | test_loss=46.0194 | test_acc=0.1135
Epoch 138/300 | train_loss=271.5399 | train_acc=0.1124 | test_loss=46.0194 | test_acc=0.1135
Epoch 146/300 | train_loss=271.5425 | train_acc=0.1124 | test_loss=46.0193 | test_acc=0.1135
Epoch 131/300 | train_loss=271.5446 | train_acc=0.1124 | test_loss=46.0195 | test_acc=0.1135
Epoch 161/300 | train_loss=271.5490 | train_acc=0.1124 | test_loss=46.0192 | test_acc=0.1135
Epoch 207/300 | train_loss=271.5391 | train_acc=0.1124 | test_loss=46.0193 | test_acc=0.1135
Epoch 126/300 | train_loss=271.5379 | train_acc=0.1124 | test_loss=46.0193 | test_acc=0.1135
Epoch 129/300 | train_loss=271.5409 | train_acc=0.1124 | test_loss=46.0194 | test_acc=0.1135
Epoch 139/300 | train_loss=271.5403 | train_acc=0.1124 | test_loss=46.0198 | test_acc=0.1135
Epoch 147/300 | train_loss=271.5463 | train_acc=0.1124 | test_loss=46.0194 | test_acc=0.1135
Epoch 132/300 | train_loss=271.5522 | train_acc=0.1124 | test_loss=46.0193 | test_acc=0.1135
Epoch 127/300 | train_loss=271.5430 | train_acc=0.1124 | test_loss=46.0192 | test_acc=0.1135
Epoch 208/300 | train_loss=271.5461 | train_acc=0.1124 | test_loss=46.0190 | test_acc=0.1135
Epoch 162/300 | train_loss=271.5472 | train_acc=0.1124 | test_loss=46.0188 | test_acc=0.1135
Epoch 130/300 | train_loss=271.5446 | train_acc=0.1124 | test_loss=46.0196 | test_acc=0.1135
Epoch 140/300 | train_loss=271.5381 | train_acc=0.1124 | test_loss=46.0194 | test_acc=0.1135
Epoch 128/300 | train_loss=271.5452 | train_acc=0.1124 | test_loss=46.0190 | test_acc=0.1135
Epoch 133/300 | train_loss=271.5355 | train_acc=0.1124 | test_loss=46.0190 | test_acc=0.1135
Epoch 209/300 | train_loss=271.5466 | train_acc=0.1124 | test_loss=46.0192 | test_acc=0.1135
Epoch 148/300 | train_loss=271.5437 | train_acc=0.1124 | test_loss=46.0196 | test_acc=0.1135
Epoch 163/300 | train_loss=271.5407 | train_acc=0.1124 | test_loss=46.0192 | test_acc=0.1135
Epoch 131/300 | train_loss=271.5417 | train_acc=0.1124 | test_loss=46.0195 | test_acc=0.1135
Epoch 141/300 | train_loss=271.5530 | train_acc=0.1124 | test_loss=46.0191 | test_acc=0.1135
Epoch 129/300 | train_loss=271.5359 | train_acc=0.1124 | test_loss=46.0192 | test_acc=0.1135
Epoch 134/300 | train_loss=271.5384 | train_acc=0.1124 | test_loss=46.0193 | test_acc=0.1135
Epoch 164/300 | train_loss=271.5458 | train_acc=0.1124 | test_loss=46.0186 | test_acc=0.1135
Epoch 210/300 | train_loss=271.5479 | train_acc=0.1124 | test_loss=46.0192 | test_acc=0.1135
Epoch 149/300 | train_loss=271.5454 | train_acc=0.1124 | test_loss=46.0191 | test_acc=0.1135
Epoch 132/300 | train_loss=271.5436 | train_acc=0.1124 | test_loss=46.0197 | test_acc=0.1135
Epoch 142/300 | train_loss=271.5458 | train_acc=0.1124 | test_loss=46.0189 | test_acc=0.1135
Epoch 130/300 | train_loss=271.5503 | train_acc=0.1124 | test_loss=46.0190 | test_acc=0.1135
Epoch 165/300 | train_loss=271.5402 | train_acc=0.1124 | test_loss=46.0191 | test_acc=0.1135
Epoch 211/300 | train_loss=271.5402 | train_acc=0.1124 | test_loss=46.0192 | test_acc=0.1135
Epoch 135/300 | train_loss=271.5528 | train_acc=0.1124 | test_loss=46.0194 | test_acc=0.1135
Epoch 150/300 | train_loss=271.5463 | train_acc=0.1124 | test_loss=46.0188 | test_acc=0.1135
Epoch 166/300 | train_loss=271.5460 | train_acc=0.1124 | test_loss=46.0189 | test_acc=0.1135
Epoch 133/300 | train_loss=271.5431 | train_acc=0.1124 | test_loss=46.0193 | test_acc=0.1135
Epoch 143/300 | train_loss=271.5430 | train_acc=0.1124 | test_loss=46.0187 | test_acc=0.1135
Epoch 212/300 | train_loss=271.5418 | train_acc=0.1124 | test_loss=46.0189 | test_acc=0.1135
Epoch 131/300 | train_loss=271.5426 | train_acc=0.1124 | test_loss=46.0193 | test_acc=0.1135
Epoch 136/300 | train_loss=271.5369 | train_acc=0.1124 | test_loss=46.0195 | test_acc=0.1135
Epoch 151/300 | train_loss=271.5489 | train_acc=0.1124 | test_loss=46.0193 | test_acc=0.1135
Epoch 167/300 | train_loss=271.5453 | train_acc=0.1124 | test_loss=46.0197 | test_acc=0.1135
Epoch 144/300 | train_loss=271.5431 | train_acc=0.1124 | test_loss=46.0194 | test_acc=0.1135
Epoch 213/300 | train_loss=271.5390 | train_acc=0.1124 | test_loss=46.0191 | test_acc=0.1135
Epoch 132/300 | train_loss=271.5482 | train_acc=0.1124 | test_loss=46.0190 | test_acc=0.1135
Epoch 134/300 | train_loss=271.5396 | train_acc=0.1124 | test_loss=46.0192 | test_acc=0.1135
Epoch 137/300 | train_loss=271.5438 | train_acc=0.1124 | test_loss=46.0191 | test_acc=0.1135
Epoch 152/300 | train_loss=271.5444 | train_acc=0.1124 | test_loss=46.0194 | test_acc=0.1135
Epoch 168/300 | train_loss=271.5410 | train_acc=0.1124 | test_loss=46.0192 | test_acc=0.1135
Epoch 214/300 | train_loss=271.5396 | train_acc=0.1124 | test_loss=46.0189 | test_acc=0.1135
Epoch 145/300 | train_loss=271.5502 | train_acc=0.1124 | test_loss=46.0195 | test_acc=0.1135
Epoch 135/300 | train_loss=271.5389 | train_acc=0.1124 | test_loss=46.0196 | test_acc=0.1135
Epoch 133/300 | train_loss=271.5446 | train_acc=0.1124 | test_loss=46.0190 | test_acc=0.1135
Epoch 138/300 | train_loss=271.5483 | train_acc=0.1124 | test_loss=46.0193 | test_acc=0.1135
Epoch 169/300 | train_loss=271.5424 | train_acc=0.1124 | test_loss=46.0192 | test_acc=0.1135
Epoch 153/300 | train_loss=271.5377 | train_acc=0.1124 | test_loss=46.0189 | test_acc=0.1135
Epoch 215/300 | train_loss=271.5452 | train_acc=0.1124 | test_loss=46.0190 | test_acc=0.1135
Epoch 136/300 | train_loss=271.5401 | train_acc=0.1124 | test_loss=46.0190 | test_acc=0.1135
Epoch 146/300 | train_loss=271.5374 | train_acc=0.1124 | test_loss=46.0192 | test_acc=0.1135
Epoch 134/300 | train_loss=271.5423 | train_acc=0.1124 | test_loss=46.0188 | test_acc=0.1135
Epoch 139/300 | train_loss=271.5403 | train_acc=0.1124 | test_loss=46.0191 | test_acc=0.1135
Epoch 170/300 | train_loss=271.5515 | train_acc=0.1124 | test_loss=46.0190 | test_acc=0.1135
Epoch 216/300 | train_loss=271.5332 | train_acc=0.1124 | test_loss=46.0192 | test_acc=0.1135
Epoch 154/300 | train_loss=271.5463 | train_acc=0.1124 | test_loss=46.0193 | test_acc=0.1135
Epoch 137/300 | train_loss=271.5510 | train_acc=0.1124 | test_loss=46.0190 | test_acc=0.1135
Epoch 147/300 | train_loss=271.5424 | train_acc=0.1124 | test_loss=46.0190 | test_acc=0.1135
Epoch 135/300 | train_loss=271.5435 | train_acc=0.1124 | test_loss=46.0190 | test_acc=0.1135
Epoch 140/300 | train_loss=271.5479 | train_acc=0.1124 | test_loss=46.0191 | test_acc=0.1135
Epoch 171/300 | train_loss=271.5460 | train_acc=0.1124 | test_loss=46.0188 | test_acc=0.1135
Epoch 217/300 | train_loss=271.5476 | train_acc=0.1124 | test_loss=46.0194 | test_acc=0.1135
Epoch 155/300 | train_loss=271.5449 | train_acc=0.1124 | test_loss=46.0191 | test_acc=0.1135
Epoch 138/300 | train_loss=271.5484 | train_acc=0.1124 | test_loss=46.0194 | test_acc=0.1135
Epoch 141/300 | train_loss=271.5447 | train_acc=0.1124 | test_loss=46.0193 | test_acc=0.1135
Epoch 136/300 | train_loss=271.5442 | train_acc=0.1124 | test_loss=46.0190 | test_acc=0.1135
Epoch 148/300 | train_loss=271.5415 | train_acc=0.1124 | test_loss=46.0194 | test_acc=0.1135
Epoch 172/300 | train_loss=271.5330 | train_acc=0.1124 | test_loss=46.0191 | test_acc=0.1135
Epoch 218/300 | train_loss=271.5390 | train_acc=0.1124 | test_loss=46.0195 | test_acc=0.1135
Epoch 142/300 | train_loss=271.5386 | train_acc=0.1124 | test_loss=46.0194 | test_acc=0.1135
Epoch 139/300 | train_loss=271.5541 | train_acc=0.1124 | test_loss=46.0192 | test_acc=0.1135
Epoch 173/300 | train_loss=271.5475 | train_acc=0.1124 | test_loss=46.0193 | test_acc=0.1135
Epoch 156/300 | train_loss=271.5413 | train_acc=0.1124 | test_loss=46.0195 | test_acc=0.1135
Epoch 149/300 | train_loss=271.5297 | train_acc=0.1124 | test_loss=46.0190 | test_acc=0.1135
Epoch 137/300 | train_loss=271.5440 | train_acc=0.1124 | test_loss=46.0193 | test_acc=0.1135
Epoch 143/300 | train_loss=271.5353 | train_acc=0.1124 | test_loss=46.0189 | test_acc=0.1135
Epoch 219/300 | train_loss=271.5393 | train_acc=0.1124 | test_loss=46.0194 | test_acc=0.1135
Epoch 140/300 | train_loss=271.5440 | train_acc=0.1124 | test_loss=46.0194 | test_acc=0.1135
Epoch 174/300 | train_loss=271.5457 | train_acc=0.1124 | test_loss=46.0193 | test_acc=0.1135
Epoch 150/300 | train_loss=271.5504 | train_acc=0.1124 | test_loss=46.0190 | test_acc=0.1135
Epoch 157/300 | train_loss=271.5447 | train_acc=0.1124 | test_loss=46.0193 | test_acc=0.1135
Epoch 220/300 | train_loss=271.5456 | train_acc=0.1124 | test_loss=46.0191 | test_acc=0.1135
Epoch 144/300 | train_loss=271.5299 | train_acc=0.1124 | test_loss=46.0194 | test_acc=0.1135
Epoch 138/300 | train_loss=271.5399 | train_acc=0.1124 | test_loss=46.0194 | test_acc=0.1135
Epoch 141/300 | train_loss=271.5363 | train_acc=0.1124 | test_loss=46.0192 | test_acc=0.1135
Epoch 175/300 | train_loss=271.5461 | train_acc=0.1124 | test_loss=46.0198 | test_acc=0.1135
Epoch 151/300 | train_loss=271.5449 | train_acc=0.1124 | test_loss=46.0196 | test_acc=0.1135
Epoch 158/300 | train_loss=271.5495 | train_acc=0.1124 | test_loss=46.0194 | test_acc=0.1135
Epoch 221/300 | train_loss=271.5448 | train_acc=0.1124 | test_loss=46.0191 | test_acc=0.1135
Epoch 145/300 | train_loss=271.5522 | train_acc=0.1124 | test_loss=46.0188 | test_acc=0.1135
Epoch 142/300 | train_loss=271.5494 | train_acc=0.1124 | test_loss=46.0189 | test_acc=0.1135
Epoch 176/300 | train_loss=271.5393 | train_acc=0.1124 | test_loss=46.0193 | test_acc=0.1135
Epoch 139/300 | train_loss=271.5403 | train_acc=0.1124 | test_loss=46.0198 | test_acc=0.1135
Epoch 152/300 | train_loss=271.5397 | train_acc=0.1124 | test_loss=46.0194 | test_acc=0.1135
Epoch 222/300 | train_loss=271.5552 | train_acc=0.1124 | test_loss=46.0191 | test_acc=0.1135
Epoch 159/300 | train_loss=271.5437 | train_acc=0.1124 | test_loss=46.0190 | test_acc=0.1135
Epoch 146/300 | train_loss=271.5430 | train_acc=0.1124 | test_loss=46.0189 | test_acc=0.1135
Epoch 177/300 | train_loss=271.5407 | train_acc=0.1124 | test_loss=46.0190 | test_acc=0.1135
Epoch 143/300 | train_loss=271.5439 | train_acc=0.1124 | test_loss=46.0191 | test_acc=0.1135
Epoch 140/300 | train_loss=271.5381 | train_acc=0.1124 | test_loss=46.0194 | test_acc=0.1135
Epoch 223/300 | train_loss=271.5405 | train_acc=0.1124 | test_loss=46.0191 | test_acc=0.1135
Epoch 153/300 | train_loss=271.5410 | train_acc=0.1124 | test_loss=46.0194 | test_acc=0.1135
Epoch 147/300 | train_loss=271.5416 | train_acc=0.1124 | test_loss=46.0189 | test_acc=0.1135
Epoch 178/300 | train_loss=271.5445 | train_acc=0.1124 | test_loss=46.0190 | test_acc=0.1135
Epoch 141/300 | train_loss=271.5530 | train_acc=0.1124 | test_loss=46.0191 | test_acc=0.1135
Epoch 160/300 | train_loss=271.5472 | train_acc=0.1124 | test_loss=46.0191 | test_acc=0.1135
Epoch 144/300 | train_loss=271.5435 | train_acc=0.1124 | test_loss=46.0194 | test_acc=0.1135
Epoch 224/300 | train_loss=271.5395 | train_acc=0.1124 | test_loss=46.0191 | test_acc=0.1135
Epoch 148/300 | train_loss=271.5447 | train_acc=0.1124 | test_loss=46.0193 | test_acc=0.1135
Epoch 154/300 | train_loss=271.5543 | train_acc=0.1124 | test_loss=46.0190 | test_acc=0.1135
Epoch 179/300 | train_loss=271.5461 | train_acc=0.1124 | test_loss=46.0193 | test_acc=0.1135
Epoch 161/300 | train_loss=271.5483 | train_acc=0.1124 | test_loss=46.0194 | test_acc=0.1135
Epoch 145/300 | train_loss=271.5415 | train_acc=0.1124 | test_loss=46.0193 | test_acc=0.1135
Epoch 142/300 | train_loss=271.5458 | train_acc=0.1124 | test_loss=46.0189 | test_acc=0.1135
Epoch 225/300 | train_loss=271.5453 | train_acc=0.1124 | test_loss=46.0192 | test_acc=0.1135
Epoch 155/300 | train_loss=271.5427 | train_acc=0.1124 | test_loss=46.0194 | test_acc=0.1135
Epoch 149/300 | train_loss=271.5448 | train_acc=0.1124 | test_loss=46.0194 | test_acc=0.1135
Epoch 180/300 | train_loss=271.5373 | train_acc=0.1124 | test_loss=46.0193 | test_acc=0.1135
Epoch 162/300 | train_loss=271.5400 | train_acc=0.1124 | test_loss=46.0194 | test_acc=0.1135
Epoch 150/300 | train_loss=271.5508 | train_acc=0.1124 | test_loss=46.0190 | test_acc=0.1135
Epoch 226/300 | train_loss=271.5435 | train_acc=0.1124 | test_loss=46.0195 | test_acc=0.1135
Epoch 146/300 | train_loss=271.5495 | train_acc=0.1124 | test_loss=46.0190 | test_acc=0.1135
Epoch 156/300 | train_loss=271.5417 | train_acc=0.1124 | test_loss=46.0195 | test_acc=0.1135
Epoch 143/300 | train_loss=271.5430 | train_acc=0.1124 | test_loss=46.0187 | test_acc=0.1135
Epoch 181/300 | train_loss=271.5380 | train_acc=0.1124 | test_loss=46.0190 | test_acc=0.1135
Epoch 163/300 | train_loss=271.5359 | train_acc=0.1124 | test_loss=46.0197 | test_acc=0.1135
Epoch 147/300 | train_loss=271.5445 | train_acc=0.1124 | test_loss=46.0193 | test_acc=0.1135
Epoch 227/300 | train_loss=271.5423 | train_acc=0.1124 | test_loss=46.0194 | test_acc=0.1135
Epoch 151/300 | train_loss=271.5427 | train_acc=0.1124 | test_loss=46.0193 | test_acc=0.1135
Epoch 157/300 | train_loss=271.5451 | train_acc=0.1124 | test_loss=46.0192 | test_acc=0.1135
Epoch 182/300 | train_loss=271.5441 | train_acc=0.1124 | test_loss=46.0192 | test_acc=0.1135
Epoch 144/300 | train_loss=271.5431 | train_acc=0.1124 | test_loss=46.0194 | test_acc=0.1135
Epoch 148/300 | train_loss=271.5430 | train_acc=0.1124 | test_loss=46.0190 | test_acc=0.1135
Epoch 228/300 | train_loss=271.5482 | train_acc=0.1124 | test_loss=46.0193 | test_acc=0.1135
Epoch 164/300 | train_loss=271.5474 | train_acc=0.1124 | test_loss=46.0194 | test_acc=0.1135
Epoch 152/300 | train_loss=271.5465 | train_acc=0.1124 | test_loss=46.0194 | test_acc=0.1135
Epoch 183/300 | train_loss=271.5421 | train_acc=0.1124 | test_loss=46.0193 | test_acc=0.1135
Epoch 158/300 | train_loss=271.5427 | train_acc=0.1124 | test_loss=46.0195 | test_acc=0.1135
Epoch 145/300 | train_loss=271.5502 | train_acc=0.1124 | test_loss=46.0195 | test_acc=0.1135
Epoch 149/300 | train_loss=271.5433 | train_acc=0.1124 | test_loss=46.0191 | test_acc=0.1135
Epoch 229/300 | train_loss=271.5421 | train_acc=0.1124 | test_loss=46.0194 | test_acc=0.1135
Epoch 165/300 | train_loss=271.5535 | train_acc=0.1124 | test_loss=46.0199 | test_acc=0.1135
Epoch 153/300 | train_loss=271.5406 | train_acc=0.1124 | test_loss=46.0191 | test_acc=0.1135
Epoch 159/300 | train_loss=271.5509 | train_acc=0.1124 | test_loss=46.0193 | test_acc=0.1135
Epoch 184/300 | train_loss=271.5523 | train_acc=0.1124 | test_loss=46.0191 | test_acc=0.1135
Epoch 146/300 | train_loss=271.5374 | train_acc=0.1124 | test_loss=46.0192 | test_acc=0.1135
Epoch 230/300 | train_loss=271.5360 | train_acc=0.1124 | test_loss=46.0192 | test_acc=0.1135
Epoch 150/300 | train_loss=271.5431 | train_acc=0.1124 | test_loss=46.0191 | test_acc=0.1135
Epoch 166/300 | train_loss=271.5496 | train_acc=0.1124 | test_loss=46.0195 | test_acc=0.1135
Epoch 185/300 | train_loss=271.5443 | train_acc=0.1124 | test_loss=46.0190 | test_acc=0.1135
Epoch 154/300 | train_loss=271.5475 | train_acc=0.1124 | test_loss=46.0190 | test_acc=0.1135
Epoch 160/300 | train_loss=271.5475 | train_acc=0.1124 | test_loss=46.0196 | test_acc=0.1135
Epoch 151/300 | train_loss=271.5402 | train_acc=0.1124 | test_loss=46.0193 | test_acc=0.1135
Epoch 147/300 | train_loss=271.5424 | train_acc=0.1124 | test_loss=46.0190 | test_acc=0.1135
Epoch 167/300 | train_loss=271.5433 | train_acc=0.1124 | test_loss=46.0193 | test_acc=0.1135
Epoch 231/300 | train_loss=271.5387 | train_acc=0.1124 | test_loss=46.0193 | test_acc=0.1135
Epoch 186/300 | train_loss=271.5433 | train_acc=0.1124 | test_loss=46.0189 | test_acc=0.1135
Epoch 155/300 | train_loss=271.5463 | train_acc=0.1124 | test_loss=46.0196 | test_acc=0.1135
Epoch 168/300 | train_loss=271.5418 | train_acc=0.1124 | test_loss=46.0194 | test_acc=0.1135
Epoch 161/300 | train_loss=271.5411 | train_acc=0.1124 | test_loss=46.0192 | test_acc=0.1135
Epoch 152/300 | train_loss=271.5338 | train_acc=0.1124 | test_loss=46.0194 | test_acc=0.1135
Epoch 187/300 | train_loss=271.5382 | train_acc=0.1124 | test_loss=46.0189 | test_acc=0.1135
Epoch 232/300 | train_loss=271.5475 | train_acc=0.1124 | test_loss=46.0195 | test_acc=0.1135
Epoch 148/300 | train_loss=271.5415 | train_acc=0.1124 | test_loss=46.0194 | test_acc=0.1135
Epoch 156/300 | train_loss=271.5418 | train_acc=0.1124 | test_loss=46.0191 | test_acc=0.1135
Epoch 162/300 | train_loss=271.5421 | train_acc=0.1124 | test_loss=46.0193 | test_acc=0.1135
Epoch 153/300 | train_loss=271.5442 | train_acc=0.1124 | test_loss=46.0194 | test_acc=0.1135
Epoch 233/300 | train_loss=271.5335 | train_acc=0.1124 | test_loss=46.0195 | test_acc=0.1135
Epoch 169/300 | train_loss=271.5410 | train_acc=0.1124 | test_loss=46.0193 | test_acc=0.1135
Epoch 188/300 | train_loss=271.5443 | train_acc=0.1124 | test_loss=46.0193 | test_acc=0.1135
Epoch 149/300 | train_loss=271.5297 | train_acc=0.1124 | test_loss=46.0190 | test_acc=0.1135
Epoch 157/300 | train_loss=271.5402 | train_acc=0.1124 | test_loss=46.0190 | test_acc=0.1135
Epoch 234/300 | train_loss=271.5415 | train_acc=0.1124 | test_loss=46.0190 | test_acc=0.1135
Epoch 189/300 | train_loss=271.5440 | train_acc=0.1124 | test_loss=46.0192 | test_acc=0.1135
Epoch 163/300 | train_loss=271.5409 | train_acc=0.1124 | test_loss=46.0193 | test_acc=0.1135
Epoch 154/300 | train_loss=271.5391 | train_acc=0.1124 | test_loss=46.0193 | test_acc=0.1135
Epoch 150/300 | train_loss=271.5504 | train_acc=0.1124 | test_loss=46.0190 | test_acc=0.1135
Epoch 170/300 | train_loss=271.5411 | train_acc=0.1124 | test_loss=46.0189 | test_acc=0.1135
Epoch 158/300 | train_loss=271.5396 | train_acc=0.1124 | test_loss=46.0192 | test_acc=0.1135
Epoch 235/300 | train_loss=271.5495 | train_acc=0.1124 | test_loss=46.0193 | test_acc=0.1135
Epoch 164/300 | train_loss=271.5401 | train_acc=0.1124 | test_loss=46.0191 | test_acc=0.1135
Epoch 190/300 | train_loss=271.5408 | train_acc=0.1124 | test_loss=46.0195 | test_acc=0.1135
Epoch 155/300 | train_loss=271.5397 | train_acc=0.1124 | test_loss=46.0190 | test_acc=0.1135
Epoch 151/300 | train_loss=271.5449 | train_acc=0.1124 | test_loss=46.0196 | test_acc=0.1135
Epoch 171/300 | train_loss=271.5394 | train_acc=0.1124 | test_loss=46.0189 | test_acc=0.1135
Epoch 159/300 | train_loss=271.5379 | train_acc=0.1124 | test_loss=46.0190 | test_acc=0.1135
Epoch 236/300 | train_loss=271.5405 | train_acc=0.1124 | test_loss=46.0191 | test_acc=0.1135
Epoch 191/300 | train_loss=271.5539 | train_acc=0.1124 | test_loss=46.0191 | test_acc=0.1135
Epoch 165/300 | train_loss=271.5470 | train_acc=0.1124 | test_loss=46.0193 | test_acc=0.1135
Epoch 156/300 | train_loss=271.5403 | train_acc=0.1124 | test_loss=46.0191 | test_acc=0.1135
Epoch 152/300 | train_loss=271.5397 | train_acc=0.1124 | test_loss=46.0194 | test_acc=0.1135
Epoch 160/300 | train_loss=271.5472 | train_acc=0.1124 | test_loss=46.0194 | test_acc=0.1135
Epoch 192/300 | train_loss=271.5410 | train_acc=0.1124 | test_loss=46.0194 | test_acc=0.1135
Epoch 237/300 | train_loss=271.5415 | train_acc=0.1124 | test_loss=46.0193 | test_acc=0.1135
Epoch 172/300 | train_loss=271.5400 | train_acc=0.1124 | test_loss=46.0192 | test_acc=0.1135
Epoch 157/300 | train_loss=271.5471 | train_acc=0.1124 | test_loss=46.0192 | test_acc=0.1135
Epoch 166/300 | train_loss=271.5360 | train_acc=0.1124 | test_loss=46.0193 | test_acc=0.1135
Epoch 153/300 | train_loss=271.5410 | train_acc=0.1124 | test_loss=46.0194 | test_acc=0.1135
Epoch 193/300 | train_loss=271.5380 | train_acc=0.1124 | test_loss=46.0190 | test_acc=0.1135
Epoch 161/300 | train_loss=271.5410 | train_acc=0.1124 | test_loss=46.0195 | test_acc=0.1135
Epoch 238/300 | train_loss=271.5464 | train_acc=0.1124 | test_loss=46.0193 | test_acc=0.1135
Epoch 173/300 | train_loss=271.5369 | train_acc=0.1124 | test_loss=46.0192 | test_acc=0.1135
Epoch 158/300 | train_loss=271.5403 | train_acc=0.1124 | test_loss=46.0195 | test_acc=0.1135
Epoch 167/300 | train_loss=271.5391 | train_acc=0.1124 | test_loss=46.0193 | test_acc=0.1135
Epoch 194/300 | train_loss=271.5402 | train_acc=0.1124 | test_loss=46.0196 | test_acc=0.1135
Epoch 154/300 | train_loss=271.5543 | train_acc=0.1124 | test_loss=46.0190 | test_acc=0.1135
Epoch 162/300 | train_loss=271.5521 | train_acc=0.1124 | test_loss=46.0195 | test_acc=0.1135
Epoch 239/300 | train_loss=271.5367 | train_acc=0.1124 | test_loss=46.0194 | test_acc=0.1135
Epoch 195/300 | train_loss=271.5556 | train_acc=0.1124 | test_loss=46.0198 | test_acc=0.1135
Epoch 159/300 | train_loss=271.5501 | train_acc=0.1124 | test_loss=46.0193 | test_acc=0.1135
Epoch 168/300 | train_loss=271.5457 | train_acc=0.1124 | test_loss=46.0188 | test_acc=0.1135
Epoch 174/300 | train_loss=271.5429 | train_acc=0.1124 | test_loss=46.0189 | test_acc=0.1135
Epoch 163/300 | train_loss=271.5424 | train_acc=0.1124 | test_loss=46.0192 | test_acc=0.1135
Epoch 240/300 | train_loss=271.5448 | train_acc=0.1124 | test_loss=46.0191 | test_acc=0.1135
Epoch 155/300 | train_loss=271.5427 | train_acc=0.1124 | test_loss=46.0194 | test_acc=0.1135
Epoch 196/300 | train_loss=271.5388 | train_acc=0.1124 | test_loss=46.0194 | test_acc=0.1135
Epoch 160/300 | train_loss=271.5481 | train_acc=0.1124 | test_loss=46.0194 | test_acc=0.1135
Epoch 169/300 | train_loss=271.5497 | train_acc=0.1124 | test_loss=46.0191 | test_acc=0.1135
Epoch 241/300 | train_loss=271.5407 | train_acc=0.1124 | test_loss=46.0193 | test_acc=0.1135
Epoch 175/300 | train_loss=271.5510 | train_acc=0.1124 | test_loss=46.0191 | test_acc=0.1135
Epoch 164/300 | train_loss=271.5387 | train_acc=0.1124 | test_loss=46.0191 | test_acc=0.1135
Epoch 156/300 | train_loss=271.5417 | train_acc=0.1124 | test_loss=46.0195 | test_acc=0.1135
Epoch 197/300 | train_loss=271.5422 | train_acc=0.1124 | test_loss=46.0188 | test_acc=0.1135
Epoch 242/300 | train_loss=271.5404 | train_acc=0.1124 | test_loss=46.0191 | test_acc=0.1135
Epoch 161/300 | train_loss=271.5398 | train_acc=0.1124 | test_loss=46.0191 | test_acc=0.1135
Epoch 176/300 | train_loss=271.5390 | train_acc=0.1124 | test_loss=46.0195 | test_acc=0.1135
Epoch 170/300 | train_loss=271.5432 | train_acc=0.1124 | test_loss=46.0187 | test_acc=0.1135
Epoch 157/300 | train_loss=271.5451 | train_acc=0.1124 | test_loss=46.0192 | test_acc=0.1135
Epoch 165/300 | train_loss=271.5406 | train_acc=0.1124 | test_loss=46.0193 | test_acc=0.1135
Epoch 198/300 | train_loss=271.5436 | train_acc=0.1124 | test_loss=46.0195 | test_acc=0.1135
Epoch 243/300 | train_loss=271.5471 | train_acc=0.1124 | test_loss=46.0194 | test_acc=0.1135
Epoch 158/300 | train_loss=271.5427 | train_acc=0.1124 | test_loss=46.0195 | test_acc=0.1135
Epoch 177/300 | train_loss=271.5438 | train_acc=0.1124 | test_loss=46.0192 | test_acc=0.1135
Epoch 199/300 | train_loss=271.5439 | train_acc=0.1124 | test_loss=46.0196 | test_acc=0.1135
Epoch 171/300 | train_loss=271.5437 | train_acc=0.1124 | test_loss=46.0185 | test_acc=0.1135
Epoch 162/300 | train_loss=271.5438 | train_acc=0.1124 | test_loss=46.0194 | test_acc=0.1135
Epoch 166/300 | train_loss=271.5390 | train_acc=0.1124 | test_loss=46.0190 | test_acc=0.1135
Epoch 244/300 | train_loss=271.5498 | train_acc=0.1124 | test_loss=46.0194 | test_acc=0.1135
Epoch 159/300 | train_loss=271.5509 | train_acc=0.1124 | test_loss=46.0193 | test_acc=0.1135
Epoch 178/300 | train_loss=271.5424 | train_acc=0.1124 | test_loss=46.0193 | test_acc=0.1135
Epoch 200/300 | train_loss=271.5448 | train_acc=0.1124 | test_loss=46.0192 | test_acc=0.1135
Epoch 172/300 | train_loss=271.5461 | train_acc=0.1124 | test_loss=46.0190 | test_acc=0.1135
Epoch 167/300 | train_loss=271.5463 | train_acc=0.1124 | test_loss=46.0190 | test_acc=0.1135
Epoch 163/300 | train_loss=271.5406 | train_acc=0.1124 | test_loss=46.0191 | test_acc=0.1135
Epoch 201/300 | train_loss=271.5471 | train_acc=0.1124 | test_loss=46.0190 | test_acc=0.1135
Epoch 160/300 | train_loss=271.5475 | train_acc=0.1124 | test_loss=46.0196 | test_acc=0.1135
Epoch 245/300 | train_loss=271.5411 | train_acc=0.1124 | test_loss=46.0195 | test_acc=0.1135
Epoch 179/300 | train_loss=271.5375 | train_acc=0.1124 | test_loss=46.0198 | test_acc=0.1135
Epoch 168/300 | train_loss=271.5479 | train_acc=0.1124 | test_loss=46.0189 | test_acc=0.1135
Epoch 173/300 | train_loss=271.5389 | train_acc=0.1124 | test_loss=46.0191 | test_acc=0.1135
Epoch 164/300 | train_loss=271.5409 | train_acc=0.1124 | test_loss=46.0192 | test_acc=0.1135
Epoch 202/300 | train_loss=271.5475 | train_acc=0.1124 | test_loss=46.0194 | test_acc=0.1135
Epoch 246/300 | train_loss=271.5431 | train_acc=0.1124 | test_loss=46.0190 | test_acc=0.1135
Epoch 161/300 | train_loss=271.5411 | train_acc=0.1124 | test_loss=46.0192 | test_acc=0.1135
Epoch 180/300 | train_loss=271.5437 | train_acc=0.1124 | test_loss=46.0195 | test_acc=0.1135
Epoch 169/300 | train_loss=271.5479 | train_acc=0.1124 | test_loss=46.0193 | test_acc=0.1135
Epoch 174/300 | train_loss=271.5389 | train_acc=0.1124 | test_loss=46.0191 | test_acc=0.1135
Epoch 203/300 | train_loss=271.5444 | train_acc=0.1124 | test_loss=46.0191 | test_acc=0.1135
Epoch 165/300 | train_loss=271.5362 | train_acc=0.1124 | test_loss=46.0191 | test_acc=0.1135
Epoch 247/300 | train_loss=271.5366 | train_acc=0.1124 | test_loss=46.0195 | test_acc=0.1135
Epoch 162/300 | train_loss=271.5421 | train_acc=0.1124 | test_loss=46.0193 | test_acc=0.1135
Epoch 181/300 | train_loss=271.5447 | train_acc=0.1124 | test_loss=46.0190 | test_acc=0.1135
Epoch 170/300 | train_loss=271.5411 | train_acc=0.1124 | test_loss=46.0195 | test_acc=0.1135
Epoch 204/300 | train_loss=271.5455 | train_acc=0.1124 | test_loss=46.0190 | test_acc=0.1135
Epoch 175/300 | train_loss=271.5420 | train_acc=0.1124 | test_loss=46.0192 | test_acc=0.1135
Epoch 166/300 | train_loss=271.5453 | train_acc=0.1124 | test_loss=46.0197 | test_acc=0.1135
Epoch 248/300 | train_loss=271.5501 | train_acc=0.1124 | test_loss=46.0196 | test_acc=0.1135
Epoch 163/300 | train_loss=271.5409 | train_acc=0.1124 | test_loss=46.0193 | test_acc=0.1135
Epoch 205/300 | train_loss=271.5476 | train_acc=0.1124 | test_loss=46.0191 | test_acc=0.1135
Epoch 182/300 | train_loss=271.5476 | train_acc=0.1124 | test_loss=46.0191 | test_acc=0.1135
Epoch 171/300 | train_loss=271.5388 | train_acc=0.1124 | test_loss=46.0192 | test_acc=0.1135
Epoch 176/300 | train_loss=271.5428 | train_acc=0.1124 | test_loss=46.0194 | test_acc=0.1135
Epoch 249/300 | train_loss=271.5467 | train_acc=0.1124 | test_loss=46.0190 | test_acc=0.1135
Epoch 164/300 | train_loss=271.5401 | train_acc=0.1124 | test_loss=46.0191 | test_acc=0.1135
Epoch 167/300 | train_loss=271.5386 | train_acc=0.1124 | test_loss=46.0195 | test_acc=0.1135
Epoch 172/300 | train_loss=271.5378 | train_acc=0.1124 | test_loss=46.0195 | test_acc=0.1135
Epoch 206/300 | train_loss=271.5467 | train_acc=0.1124 | test_loss=46.0190 | test_acc=0.1135
Epoch 183/300 | train_loss=271.5472 | train_acc=0.1124 | test_loss=46.0193 | test_acc=0.1135
Epoch 177/300 | train_loss=271.5487 | train_acc=0.1124 | test_loss=46.0192 | test_acc=0.1135
Epoch 250/300 | train_loss=271.5409 | train_acc=0.1124 | test_loss=46.0189 | test_acc=0.1135
Epoch 173/300 | train_loss=271.5440 | train_acc=0.1124 | test_loss=46.0195 | test_acc=0.1135
Epoch 207/300 | train_loss=271.5437 | train_acc=0.1124 | test_loss=46.0192 | test_acc=0.1135
Epoch 165/300 | train_loss=271.5470 | train_acc=0.1124 | test_loss=46.0193 | test_acc=0.1135
Epoch 168/300 | train_loss=271.5389 | train_acc=0.1124 | test_loss=46.0193 | test_acc=0.1135
Epoch 178/300 | train_loss=271.5392 | train_acc=0.1124 | test_loss=46.0192 | test_acc=0.1135
Epoch 184/300 | train_loss=271.5498 | train_acc=0.1124 | test_loss=46.0193 | test_acc=0.1135
Epoch 251/300 | train_loss=271.5432 | train_acc=0.1124 | test_loss=46.0189 | test_acc=0.1135
Epoch 174/300 | train_loss=271.5311 | train_acc=0.1124 | test_loss=46.0187 | test_acc=0.1135
Epoch 208/300 | train_loss=271.5506 | train_acc=0.1124 | test_loss=46.0191 | test_acc=0.1135
Epoch 166/300 | train_loss=271.5360 | train_acc=0.1124 | test_loss=46.0193 | test_acc=0.1135
Epoch 169/300 | train_loss=271.5399 | train_acc=0.1124 | test_loss=46.0195 | test_acc=0.1135
Epoch 179/300 | train_loss=271.5463 | train_acc=0.1124 | test_loss=46.0194 | test_acc=0.1135
Epoch 252/300 | train_loss=271.5423 | train_acc=0.1124 | test_loss=46.0193 | test_acc=0.1135
Epoch 185/300 | train_loss=271.5348 | train_acc=0.1124 | test_loss=46.0194 | test_acc=0.1135
Epoch 209/300 | train_loss=271.5354 | train_acc=0.1124 | test_loss=46.0191 | test_acc=0.1135
Epoch 167/300 | train_loss=271.5391 | train_acc=0.1124 | test_loss=46.0193 | test_acc=0.1135
Epoch 175/300 | train_loss=271.5479 | train_acc=0.1124 | test_loss=46.0192 | test_acc=0.1135
Epoch 170/300 | train_loss=271.5463 | train_acc=0.1124 | test_loss=46.0194 | test_acc=0.1135
Epoch 180/300 | train_loss=271.5533 | train_acc=0.1124 | test_loss=46.0188 | test_acc=0.1135
Epoch 253/300 | train_loss=271.5432 | train_acc=0.1124 | test_loss=46.0194 | test_acc=0.1135
Epoch 210/300 | train_loss=271.5453 | train_acc=0.1124 | test_loss=46.0195 | test_acc=0.1135
Epoch 186/300 | train_loss=271.5388 | train_acc=0.1124 | test_loss=46.0195 | test_acc=0.1135
Epoch 176/300 | train_loss=271.5400 | train_acc=0.1124 | test_loss=46.0192 | test_acc=0.1135
Epoch 168/300 | train_loss=271.5457 | train_acc=0.1124 | test_loss=46.0188 | test_acc=0.1135
Epoch 181/300 | train_loss=271.5371 | train_acc=0.1124 | test_loss=46.0191 | test_acc=0.1135
Epoch 171/300 | train_loss=271.5440 | train_acc=0.1124 | test_loss=46.0190 | test_acc=0.1135
Epoch 254/300 | train_loss=271.5470 | train_acc=0.1124 | test_loss=46.0191 | test_acc=0.1135
Epoch 211/300 | train_loss=271.5332 | train_acc=0.1124 | test_loss=46.0191 | test_acc=0.1135
Epoch 169/300 | train_loss=271.5497 | train_acc=0.1124 | test_loss=46.0191 | test_acc=0.1135
Epoch 177/300 | train_loss=271.5443 | train_acc=0.1124 | test_loss=46.0192 | test_acc=0.1135
Epoch 187/300 | train_loss=271.5374 | train_acc=0.1124 | test_loss=46.0191 | test_acc=0.1135
Epoch 212/300 | train_loss=271.5419 | train_acc=0.1124 | test_loss=46.0192 | test_acc=0.1135
Epoch 255/300 | train_loss=271.5423 | train_acc=0.1124 | test_loss=46.0187 | test_acc=0.1135
Epoch 182/300 | train_loss=271.5351 | train_acc=0.1124 | test_loss=46.0192 | test_acc=0.1135
Epoch 172/300 | train_loss=271.5403 | train_acc=0.1124 | test_loss=46.0190 | test_acc=0.1135
Epoch 170/300 | train_loss=271.5432 | train_acc=0.1124 | test_loss=46.0187 | test_acc=0.1135
Epoch 188/300 | train_loss=271.5412 | train_acc=0.1124 | test_loss=46.0192 | test_acc=0.1135
Epoch 178/300 | train_loss=271.5451 | train_acc=0.1124 | test_loss=46.0192 | test_acc=0.1135
Epoch 213/300 | train_loss=271.5367 | train_acc=0.1124 | test_loss=46.0186 | test_acc=0.1135
Epoch 256/300 | train_loss=271.5401 | train_acc=0.1124 | test_loss=46.0193 | test_acc=0.1135
Epoch 173/300 | train_loss=271.5464 | train_acc=0.1124 | test_loss=46.0194 | test_acc=0.1135
Epoch 183/300 | train_loss=271.5453 | train_acc=0.1124 | test_loss=46.0191 | test_acc=0.1135
Epoch 171/300 | train_loss=271.5437 | train_acc=0.1124 | test_loss=46.0185 | test_acc=0.1135
Epoch 179/300 | train_loss=271.5437 | train_acc=0.1124 | test_loss=46.0194 | test_acc=0.1135
Epoch 189/300 | train_loss=271.5494 | train_acc=0.1124 | test_loss=46.0191 | test_acc=0.1135
Epoch 214/300 | train_loss=271.5495 | train_acc=0.1124 | test_loss=46.0189 | test_acc=0.1135
Epoch 257/300 | train_loss=271.5464 | train_acc=0.1124 | test_loss=46.0191 | test_acc=0.1135
Epoch 174/300 | train_loss=271.5480 | train_acc=0.1124 | test_loss=46.0195 | test_acc=0.1135
Epoch 184/300 | train_loss=271.5379 | train_acc=0.1124 | test_loss=46.0196 | test_acc=0.1135
Epoch 172/300 | train_loss=271.5461 | train_acc=0.1124 | test_loss=46.0190 | test_acc=0.1135
Epoch 215/300 | train_loss=271.5456 | train_acc=0.1124 | test_loss=46.0189 | test_acc=0.1135
Epoch 190/300 | train_loss=271.5468 | train_acc=0.1124 | test_loss=46.0194 | test_acc=0.1135
Epoch 180/300 | train_loss=271.5404 | train_acc=0.1124 | test_loss=46.0189 | test_acc=0.1135
Epoch 258/300 | train_loss=271.5377 | train_acc=0.1124 | test_loss=46.0190 | test_acc=0.1135
Epoch 173/300 | train_loss=271.5389 | train_acc=0.1124 | test_loss=46.0191 | test_acc=0.1135
Epoch 175/300 | train_loss=271.5480 | train_acc=0.1124 | test_loss=46.0193 | test_acc=0.1135
Epoch 185/300 | train_loss=271.5447 | train_acc=0.1124 | test_loss=46.0187 | test_acc=0.1135
Epoch 216/300 | train_loss=271.5409 | train_acc=0.1124 | test_loss=46.0188 | test_acc=0.1135
Epoch 259/300 | train_loss=271.5450 | train_acc=0.1124 | test_loss=46.0191 | test_acc=0.1135
Epoch 191/300 | train_loss=271.5427 | train_acc=0.1124 | test_loss=46.0192 | test_acc=0.1135
Epoch 181/300 | train_loss=271.5347 | train_acc=0.1124 | test_loss=46.0194 | test_acc=0.1135
Epoch 174/300 | train_loss=271.5389 | train_acc=0.1124 | test_loss=46.0191 | test_acc=0.1135
Epoch 176/300 | train_loss=271.5444 | train_acc=0.1124 | test_loss=46.0188 | test_acc=0.1135
Epoch 217/300 | train_loss=271.5422 | train_acc=0.1124 | test_loss=46.0193 | test_acc=0.1135
Epoch 186/300 | train_loss=271.5393 | train_acc=0.1124 | test_loss=46.0191 | test_acc=0.1135
Epoch 260/300 | train_loss=271.5420 | train_acc=0.1124 | test_loss=46.0190 | test_acc=0.1135
Epoch 182/300 | train_loss=271.5462 | train_acc=0.1124 | test_loss=46.0193 | test_acc=0.1135
Epoch 175/300 | train_loss=271.5420 | train_acc=0.1124 | test_loss=46.0192 | test_acc=0.1135
Epoch 192/300 | train_loss=271.5479 | train_acc=0.1124 | test_loss=46.0191 | test_acc=0.1135
Epoch 218/300 | train_loss=271.5438 | train_acc=0.1124 | test_loss=46.0194 | test_acc=0.1135
Epoch 177/300 | train_loss=271.5383 | train_acc=0.1124 | test_loss=46.0192 | test_acc=0.1135
Epoch 261/300 | train_loss=271.5404 | train_acc=0.1124 | test_loss=46.0193 | test_acc=0.1135
Epoch 183/300 | train_loss=271.5392 | train_acc=0.1124 | test_loss=46.0197 | test_acc=0.1135
Epoch 187/300 | train_loss=271.5382 | train_acc=0.1124 | test_loss=46.0191 | test_acc=0.1135
Epoch 176/300 | train_loss=271.5428 | train_acc=0.1124 | test_loss=46.0194 | test_acc=0.1135
Epoch 219/300 | train_loss=271.5437 | train_acc=0.1124 | test_loss=46.0193 | test_acc=0.1135
Epoch 193/300 | train_loss=271.5355 | train_acc=0.1124 | test_loss=46.0189 | test_acc=0.1135
Epoch 178/300 | train_loss=271.5497 | train_acc=0.1124 | test_loss=46.0191 | test_acc=0.1135
Epoch 262/300 | train_loss=271.5389 | train_acc=0.1124 | test_loss=46.0191 | test_acc=0.1135
Epoch 177/300 | train_loss=271.5487 | train_acc=0.1124 | test_loss=46.0192 | test_acc=0.1135
Epoch 184/300 | train_loss=271.5419 | train_acc=0.1124 | test_loss=46.0194 | test_acc=0.1135
Epoch 220/300 | train_loss=271.5397 | train_acc=0.1124 | test_loss=46.0191 | test_acc=0.1135
Epoch 188/300 | train_loss=271.5460 | train_acc=0.1124 | test_loss=46.0192 | test_acc=0.1135
Epoch 185/300 | train_loss=271.5487 | train_acc=0.1124 | test_loss=46.0192 | test_acc=0.1135
Epoch 263/300 | train_loss=271.5409 | train_acc=0.1124 | test_loss=46.0188 | test_acc=0.1135
Epoch 194/300 | train_loss=271.5416 | train_acc=0.1124 | test_loss=46.0193 | test_acc=0.1135
Epoch 179/300 | train_loss=271.5521 | train_acc=0.1124 | test_loss=46.0193 | test_acc=0.1135
Epoch 178/300 | train_loss=271.5392 | train_acc=0.1124 | test_loss=46.0192 | test_acc=0.1135
Epoch 221/300 | train_loss=271.5507 | train_acc=0.1124 | test_loss=46.0190 | test_acc=0.1135
Epoch 189/300 | train_loss=271.5488 | train_acc=0.1124 | test_loss=46.0195 | test_acc=0.1135
Epoch 264/300 | train_loss=271.5445 | train_acc=0.1124 | test_loss=46.0188 | test_acc=0.1135
Epoch 186/300 | train_loss=271.5452 | train_acc=0.1124 | test_loss=46.0196 | test_acc=0.1135
Epoch 195/300 | train_loss=271.5390 | train_acc=0.1124 | test_loss=46.0192 | test_acc=0.1135
Epoch 179/300 | train_loss=271.5463 | train_acc=0.1124 | test_loss=46.0194 | test_acc=0.1135
Epoch 180/300 | train_loss=271.5362 | train_acc=0.1124 | test_loss=46.0195 | test_acc=0.1135
Epoch 222/300 | train_loss=271.5459 | train_acc=0.1124 | test_loss=46.0194 | test_acc=0.1135
Epoch 187/300 | train_loss=271.5414 | train_acc=0.1124 | test_loss=46.0194 | test_acc=0.1135
Epoch 265/300 | train_loss=271.5383 | train_acc=0.1124 | test_loss=46.0192 | test_acc=0.1135
Epoch 190/300 | train_loss=271.5477 | train_acc=0.1124 | test_loss=46.0194 | test_acc=0.1135
Epoch 196/300 | train_loss=271.5420 | train_acc=0.1124 | test_loss=46.0191 | test_acc=0.1135
Epoch 223/300 | train_loss=271.5385 | train_acc=0.1124 | test_loss=46.0195 | test_acc=0.1135
Epoch 180/300 | train_loss=271.5533 | train_acc=0.1124 | test_loss=46.0188 | test_acc=0.1135
Epoch 181/300 | train_loss=271.5465 | train_acc=0.1124 | test_loss=46.0194 | test_acc=0.1135
Epoch 266/300 | train_loss=271.5437 | train_acc=0.1124 | test_loss=46.0192 | test_acc=0.1135
Epoch 188/300 | train_loss=271.5465 | train_acc=0.1124 | test_loss=46.0192 | test_acc=0.1135
Epoch 191/300 | train_loss=271.5483 | train_acc=0.1124 | test_loss=46.0191 | test_acc=0.1135
Epoch 197/300 | train_loss=271.5422 | train_acc=0.1124 | test_loss=46.0189 | test_acc=0.1135
Epoch 224/300 | train_loss=271.5444 | train_acc=0.1124 | test_loss=46.0192 | test_acc=0.1135
Epoch 181/300 | train_loss=271.5371 | train_acc=0.1124 | test_loss=46.0191 | test_acc=0.1135
Epoch 189/300 | train_loss=271.5427 | train_acc=0.1124 | test_loss=46.0189 | test_acc=0.1135
Epoch 267/300 | train_loss=271.5458 | train_acc=0.1124 | test_loss=46.0194 | test_acc=0.1135
Epoch 182/300 | train_loss=271.5474 | train_acc=0.1124 | test_loss=46.0192 | test_acc=0.1135
Epoch 225/300 | train_loss=271.5422 | train_acc=0.1124 | test_loss=46.0191 | test_acc=0.1135
Epoch 190/300 | train_loss=271.5392 | train_acc=0.1124 | test_loss=46.0192 | test_acc=0.1135
Epoch 192/300 | train_loss=271.5389 | train_acc=0.1124 | test_loss=46.0191 | test_acc=0.1135
Epoch 198/300 | train_loss=271.5520 | train_acc=0.1124 | test_loss=46.0195 | test_acc=0.1135
Epoch 268/300 | train_loss=271.5388 | train_acc=0.1124 | test_loss=46.0191 | test_acc=0.1135
Epoch 182/300 | train_loss=271.5351 | train_acc=0.1124 | test_loss=46.0192 | test_acc=0.1135
Epoch 183/300 | train_loss=271.5409 | train_acc=0.1124 | test_loss=46.0196 | test_acc=0.1135
Epoch 226/300 | train_loss=271.5514 | train_acc=0.1124 | test_loss=46.0193 | test_acc=0.1135
Epoch 191/300 | train_loss=271.5557 | train_acc=0.1124 | test_loss=46.0195 | test_acc=0.1135
Epoch 269/300 | train_loss=271.5329 | train_acc=0.1124 | test_loss=46.0190 | test_acc=0.1135
Epoch 193/300 | train_loss=271.5478 | train_acc=0.1124 | test_loss=46.0188 | test_acc=0.1135
Epoch 199/300 | train_loss=271.5443 | train_acc=0.1124 | test_loss=46.0191 | test_acc=0.1135
Epoch 183/300 | train_loss=271.5453 | train_acc=0.1124 | test_loss=46.0191 | test_acc=0.1135
Epoch 227/300 | train_loss=271.5375 | train_acc=0.1124 | test_loss=46.0193 | test_acc=0.1135
Epoch 192/300 | train_loss=271.5412 | train_acc=0.1124 | test_loss=46.0196 | test_acc=0.1135
Epoch 184/300 | train_loss=271.5354 | train_acc=0.1124 | test_loss=46.0190 | test_acc=0.1135
Epoch 270/300 | train_loss=271.5426 | train_acc=0.1124 | test_loss=46.0190 | test_acc=0.1135
Epoch 228/300 | train_loss=271.5394 | train_acc=0.1124 | test_loss=46.0192 | test_acc=0.1135
Epoch 193/300 | train_loss=271.5492 | train_acc=0.1124 | test_loss=46.0195 | test_acc=0.1135
Epoch 200/300 | train_loss=271.5376 | train_acc=0.1124 | test_loss=46.0192 | test_acc=0.1135
Epoch 184/300 | train_loss=271.5379 | train_acc=0.1124 | test_loss=46.0196 | test_acc=0.1135
Epoch 194/300 | train_loss=271.5415 | train_acc=0.1124 | test_loss=46.0190 | test_acc=0.1135
Epoch 271/300 | train_loss=271.5523 | train_acc=0.1124 | test_loss=46.0193 | test_acc=0.1135
Epoch 185/300 | train_loss=271.5458 | train_acc=0.1124 | test_loss=46.0188 | test_acc=0.1135
Epoch 229/300 | train_loss=271.5456 | train_acc=0.1124 | test_loss=46.0201 | test_acc=0.1135
Epoch 194/300 | train_loss=271.5460 | train_acc=0.1124 | test_loss=46.0194 | test_acc=0.1135
Epoch 201/300 | train_loss=271.5464 | train_acc=0.1124 | test_loss=46.0193 | test_acc=0.1135
Epoch 195/300 | train_loss=271.5400 | train_acc=0.1124 | test_loss=46.0191 | test_acc=0.1135
Epoch 185/300 | train_loss=271.5447 | train_acc=0.1124 | test_loss=46.0187 | test_acc=0.1135
Epoch 272/300 | train_loss=271.5410 | train_acc=0.1124 | test_loss=46.0194 | test_acc=0.1135
Epoch 186/300 | train_loss=271.5520 | train_acc=0.1124 | test_loss=46.0196 | test_acc=0.1135
Epoch 230/300 | train_loss=271.5412 | train_acc=0.1124 | test_loss=46.0192 | test_acc=0.1135
Epoch 195/300 | train_loss=271.5430 | train_acc=0.1124 | test_loss=46.0190 | test_acc=0.1135
Epoch 202/300 | train_loss=271.5317 | train_acc=0.1124 | test_loss=46.0192 | test_acc=0.1135
Epoch 196/300 | train_loss=271.5421 | train_acc=0.1124 | test_loss=46.0194 | test_acc=0.1135
Epoch 273/300 | train_loss=271.5434 | train_acc=0.1124 | test_loss=46.0185 | test_acc=0.1135
Epoch 186/300 | train_loss=271.5393 | train_acc=0.1124 | test_loss=46.0191 | test_acc=0.1135
Epoch 231/300 | train_loss=271.5407 | train_acc=0.1124 | test_loss=46.0191 | test_acc=0.1135
Epoch 187/300 | train_loss=271.5507 | train_acc=0.1124 | test_loss=46.0192 | test_acc=0.1135
Epoch 196/300 | train_loss=271.5505 | train_acc=0.1124 | test_loss=46.0192 | test_acc=0.1135
Epoch 197/300 | train_loss=271.5411 | train_acc=0.1124 | test_loss=46.0194 | test_acc=0.1135
Epoch 203/300 | train_loss=271.5502 | train_acc=0.1124 | test_loss=46.0192 | test_acc=0.1135
Epoch 274/300 | train_loss=271.5472 | train_acc=0.1124 | test_loss=46.0189 | test_acc=0.1135
Epoch 232/300 | train_loss=271.5423 | train_acc=0.1124 | test_loss=46.0194 | test_acc=0.1135
Epoch 187/300 | train_loss=271.5382 | train_acc=0.1124 | test_loss=46.0191 | test_acc=0.1135
Epoch 188/300 | train_loss=271.5467 | train_acc=0.1124 | test_loss=46.0194 | test_acc=0.1135
Epoch 197/300 | train_loss=271.5401 | train_acc=0.1124 | test_loss=46.0191 | test_acc=0.1135
Epoch 233/300 | train_loss=271.5477 | train_acc=0.1124 | test_loss=46.0197 | test_acc=0.1135
Epoch 198/300 | train_loss=271.5352 | train_acc=0.1124 | test_loss=46.0192 | test_acc=0.1135
Epoch 204/300 | train_loss=271.5392 | train_acc=0.1124 | test_loss=46.0193 | test_acc=0.1135
Epoch 275/300 | train_loss=271.5384 | train_acc=0.1124 | test_loss=46.0194 | test_acc=0.1135
Epoch 188/300 | train_loss=271.5460 | train_acc=0.1124 | test_loss=46.0192 | test_acc=0.1135
Epoch 198/300 | train_loss=271.5424 | train_acc=0.1124 | test_loss=46.0195 | test_acc=0.1135
Epoch 189/300 | train_loss=271.5455 | train_acc=0.1124 | test_loss=46.0193 | test_acc=0.1135
Epoch 234/300 | train_loss=271.5414 | train_acc=0.1124 | test_loss=46.0190 | test_acc=0.1135
Epoch 205/300 | train_loss=271.5398 | train_acc=0.1124 | test_loss=46.0189 | test_acc=0.1135
Epoch 199/300 | train_loss=271.5477 | train_acc=0.1124 | test_loss=46.0188 | test_acc=0.1135
Epoch 276/300 | train_loss=271.5391 | train_acc=0.1124 | test_loss=46.0189 | test_acc=0.1135
Epoch 189/300 | train_loss=271.5488 | train_acc=0.1124 | test_loss=46.0195 | test_acc=0.1135
Epoch 199/300 | train_loss=271.5496 | train_acc=0.1124 | test_loss=46.0198 | test_acc=0.1135
Epoch 235/300 | train_loss=271.5416 | train_acc=0.1124 | test_loss=46.0191 | test_acc=0.1135
Epoch 206/300 | train_loss=271.5398 | train_acc=0.1124 | test_loss=46.0190 | test_acc=0.1135
Epoch 190/300 | train_loss=271.5493 | train_acc=0.1124 | test_loss=46.0191 | test_acc=0.1135
Epoch 190/300 | train_loss=271.5477 | train_acc=0.1124 | test_loss=46.0194 | test_acc=0.1135
Epoch 277/300 | train_loss=271.5433 | train_acc=0.1124 | test_loss=46.0191 | test_acc=0.1135
Epoch 200/300 | train_loss=271.5395 | train_acc=0.1124 | test_loss=46.0197 | test_acc=0.1135
Epoch 200/300 | train_loss=271.5447 | train_acc=0.1124 | test_loss=46.0192 | test_acc=0.1135
Epoch 236/300 | train_loss=271.5460 | train_acc=0.1124 | test_loss=46.0190 | test_acc=0.1135
Epoch 191/300 | train_loss=271.5483 | train_acc=0.1124 | test_loss=46.0191 | test_acc=0.1135
Epoch 207/300 | train_loss=271.5401 | train_acc=0.1124 | test_loss=46.0191 | test_acc=0.1135
Epoch 278/300 | train_loss=271.5402 | train_acc=0.1124 | test_loss=46.0192 | test_acc=0.1135
Epoch 191/300 | train_loss=271.5509 | train_acc=0.1124 | test_loss=46.0194 | test_acc=0.1135
Epoch 237/300 | train_loss=271.5435 | train_acc=0.1124 | test_loss=46.0194 | test_acc=0.1135
Epoch 201/300 | train_loss=271.5379 | train_acc=0.1124 | test_loss=46.0192 | test_acc=0.1135
Epoch 201/300 | train_loss=271.5439 | train_acc=0.1124 | test_loss=46.0194 | test_acc=0.1135
Epoch 192/300 | train_loss=271.5389 | train_acc=0.1124 | test_loss=46.0191 | test_acc=0.1135
Epoch 208/300 | train_loss=271.5426 | train_acc=0.1124 | test_loss=46.0191 | test_acc=0.1135
Epoch 238/300 | train_loss=271.5409 | train_acc=0.1124 | test_loss=46.0192 | test_acc=0.1135
Epoch 192/300 | train_loss=271.5463 | train_acc=0.1124 | test_loss=46.0195 | test_acc=0.1135
Epoch 202/300 | train_loss=271.5405 | train_acc=0.1124 | test_loss=46.0195 | test_acc=0.1135
Epoch 279/300 | train_loss=271.5424 | train_acc=0.1124 | test_loss=46.0194 | test_acc=0.1135
Epoch 202/300 | train_loss=271.5410 | train_acc=0.1124 | test_loss=46.0189 | test_acc=0.1135
Epoch 193/300 | train_loss=271.5478 | train_acc=0.1124 | test_loss=46.0188 | test_acc=0.1135
Epoch 239/300 | train_loss=271.5421 | train_acc=0.1124 | test_loss=46.0196 | test_acc=0.1135
Epoch 203/300 | train_loss=271.5471 | train_acc=0.1124 | test_loss=46.0195 | test_acc=0.1135
Epoch 280/300 | train_loss=271.5412 | train_acc=0.1124 | test_loss=46.0194 | test_acc=0.1135
Epoch 209/300 | train_loss=271.5452 | train_acc=0.1124 | test_loss=46.0191 | test_acc=0.1135
Epoch 193/300 | train_loss=271.5439 | train_acc=0.1124 | test_loss=46.0194 | test_acc=0.1135
Epoch 194/300 | train_loss=271.5415 | train_acc=0.1124 | test_loss=46.0190 | test_acc=0.1135
Epoch 203/300 | train_loss=271.5472 | train_acc=0.1124 | test_loss=46.0193 | test_acc=0.1135
Epoch 240/300 | train_loss=271.5385 | train_acc=0.1124 | test_loss=46.0196 | test_acc=0.1135
Epoch 281/300 | train_loss=271.5487 | train_acc=0.1124 | test_loss=46.0191 | test_acc=0.1135
Epoch 204/300 | train_loss=271.5484 | train_acc=0.1124 | test_loss=46.0196 | test_acc=0.1135
Epoch 210/300 | train_loss=271.5472 | train_acc=0.1124 | test_loss=46.0188 | test_acc=0.1135
Epoch 195/300 | train_loss=271.5400 | train_acc=0.1124 | test_loss=46.0191 | test_acc=0.1135
Epoch 194/300 | train_loss=271.5376 | train_acc=0.1124 | test_loss=46.0194 | test_acc=0.1135
Epoch 241/300 | train_loss=271.5389 | train_acc=0.1124 | test_loss=46.0193 | test_acc=0.1135
Epoch 204/300 | train_loss=271.5491 | train_acc=0.1124 | test_loss=46.0193 | test_acc=0.1135
Epoch 282/300 | train_loss=271.5448 | train_acc=0.1124 | test_loss=46.0197 | test_acc=0.1135
Epoch 196/300 | train_loss=271.5421 | train_acc=0.1124 | test_loss=46.0194 | test_acc=0.1135
Epoch 205/300 | train_loss=271.5483 | train_acc=0.1124 | test_loss=46.0194 | test_acc=0.1135
Epoch 242/300 | train_loss=271.5404 | train_acc=0.1124 | test_loss=46.0193 | test_acc=0.1135
Epoch 211/300 | train_loss=271.5420 | train_acc=0.1124 | test_loss=46.0190 | test_acc=0.1135
Epoch 195/300 | train_loss=271.5463 | train_acc=0.1124 | test_loss=46.0194 | test_acc=0.1135
Epoch 205/300 | train_loss=271.5417 | train_acc=0.1124 | test_loss=46.0195 | test_acc=0.1135
Epoch 283/300 | train_loss=271.5485 | train_acc=0.1124 | test_loss=46.0195 | test_acc=0.1135
Epoch 243/300 | train_loss=271.5505 | train_acc=0.1124 | test_loss=46.0192 | test_acc=0.1135
Epoch 197/300 | train_loss=271.5411 | train_acc=0.1124 | test_loss=46.0194 | test_acc=0.1135
Epoch 206/300 | train_loss=271.5489 | train_acc=0.1124 | test_loss=46.0194 | test_acc=0.1135
Epoch 212/300 | train_loss=271.5444 | train_acc=0.1124 | test_loss=46.0194 | test_acc=0.1135
Epoch 196/300 | train_loss=271.5423 | train_acc=0.1124 | test_loss=46.0197 | test_acc=0.1135
Epoch 284/300 | train_loss=271.5442 | train_acc=0.1124 | test_loss=46.0193 | test_acc=0.1135
Epoch 206/300 | train_loss=271.5414 | train_acc=0.1124 | test_loss=46.0193 | test_acc=0.1135
Epoch 244/300 | train_loss=271.5438 | train_acc=0.1124 | test_loss=46.0194 | test_acc=0.1135
Epoch 207/300 | train_loss=271.5391 | train_acc=0.1124 | test_loss=46.0193 | test_acc=0.1135
Epoch 198/300 | train_loss=271.5352 | train_acc=0.1124 | test_loss=46.0192 | test_acc=0.1135
Epoch 197/300 | train_loss=271.5368 | train_acc=0.1124 | test_loss=46.0191 | test_acc=0.1135
Epoch 285/300 | train_loss=271.5372 | train_acc=0.1124 | test_loss=46.0193 | test_acc=0.1135
Epoch 213/300 | train_loss=271.5446 | train_acc=0.1124 | test_loss=46.0191 | test_acc=0.1135
Epoch 245/300 | train_loss=271.5435 | train_acc=0.1124 | test_loss=46.0194 | test_acc=0.1135
Epoch 207/300 | train_loss=271.5405 | train_acc=0.1124 | test_loss=46.0194 | test_acc=0.1135
Epoch 208/300 | train_loss=271.5461 | train_acc=0.1124 | test_loss=46.0190 | test_acc=0.1135
Epoch 199/300 | train_loss=271.5477 | train_acc=0.1124 | test_loss=46.0188 | test_acc=0.1135
Epoch 198/300 | train_loss=271.5454 | train_acc=0.1124 | test_loss=46.0189 | test_acc=0.1135
Epoch 286/300 | train_loss=271.5486 | train_acc=0.1124 | test_loss=46.0195 | test_acc=0.1135
Epoch 214/300 | train_loss=271.5445 | train_acc=0.1124 | test_loss=46.0191 | test_acc=0.1135
Epoch 246/300 | train_loss=271.5443 | train_acc=0.1124 | test_loss=46.0193 | test_acc=0.1135
Epoch 208/300 | train_loss=271.5476 | train_acc=0.1124 | test_loss=46.0193 | test_acc=0.1135
Epoch 200/300 | train_loss=271.5395 | train_acc=0.1124 | test_loss=46.0197 | test_acc=0.1135
Epoch 247/300 | train_loss=271.5455 | train_acc=0.1124 | test_loss=46.0191 | test_acc=0.1135
Epoch 287/300 | train_loss=271.5371 | train_acc=0.1124 | test_loss=46.0197 | test_acc=0.1135
Epoch 209/300 | train_loss=271.5466 | train_acc=0.1124 | test_loss=46.0192 | test_acc=0.1135
Epoch 199/300 | train_loss=271.5401 | train_acc=0.1124 | test_loss=46.0192 | test_acc=0.1135
Epoch 209/300 | train_loss=271.5414 | train_acc=0.1124 | test_loss=46.0191 | test_acc=0.1135
Epoch 215/300 | train_loss=271.5453 | train_acc=0.1124 | test_loss=46.0193 | test_acc=0.1135
Epoch 288/300 | train_loss=271.5479 | train_acc=0.1124 | test_loss=46.0195 | test_acc=0.1135
Epoch 201/300 | train_loss=271.5379 | train_acc=0.1124 | test_loss=46.0192 | test_acc=0.1135
Epoch 248/300 | train_loss=271.5514 | train_acc=0.1124 | test_loss=46.0193 | test_acc=0.1135
Epoch 210/300 | train_loss=271.5479 | train_acc=0.1124 | test_loss=46.0192 | test_acc=0.1135
Epoch 200/300 | train_loss=271.5460 | train_acc=0.1124 | test_loss=46.0196 | test_acc=0.1135
Epoch 216/300 | train_loss=271.5449 | train_acc=0.1124 | test_loss=46.0187 | test_acc=0.1135
Epoch 210/300 | train_loss=271.5386 | train_acc=0.1124 | test_loss=46.0190 | test_acc=0.1135
Epoch 289/300 | train_loss=271.5444 | train_acc=0.1124 | test_loss=46.0193 | test_acc=0.1135
Epoch 249/300 | train_loss=271.5388 | train_acc=0.1124 | test_loss=46.0194 | test_acc=0.1135
Epoch 202/300 | train_loss=271.5410 | train_acc=0.1124 | test_loss=46.0189 | test_acc=0.1135
Epoch 211/300 | train_loss=271.5402 | train_acc=0.1124 | test_loss=46.0192 | test_acc=0.1135
Epoch 201/300 | train_loss=271.5503 | train_acc=0.1124 | test_loss=46.0191 | test_acc=0.1135
Epoch 290/300 | train_loss=271.5454 | train_acc=0.1124 | test_loss=46.0194 | test_acc=0.1135
Epoch 211/300 | train_loss=271.5419 | train_acc=0.1124 | test_loss=46.0196 | test_acc=0.1135
Epoch 250/300 | train_loss=271.5453 | train_acc=0.1124 | test_loss=46.0192 | test_acc=0.1135
Epoch 217/300 | train_loss=271.5460 | train_acc=0.1124 | test_loss=46.0192 | test_acc=0.1135
Epoch 212/300 | train_loss=271.5418 | train_acc=0.1124 | test_loss=46.0189 | test_acc=0.1135
Epoch 203/300 | train_loss=271.5472 | train_acc=0.1124 | test_loss=46.0193 | test_acc=0.1135
Epoch 202/300 | train_loss=271.5450 | train_acc=0.1124 | test_loss=46.0196 | test_acc=0.1135
Epoch 291/300 | train_loss=271.5413 | train_acc=0.1124 | test_loss=46.0195 | test_acc=0.1135
Epoch 251/300 | train_loss=271.5414 | train_acc=0.1124 | test_loss=46.0189 | test_acc=0.1135
Epoch 212/300 | train_loss=271.5412 | train_acc=0.1124 | test_loss=46.0195 | test_acc=0.1135
Epoch 218/300 | train_loss=271.5390 | train_acc=0.1124 | test_loss=46.0193 | test_acc=0.1135
Epoch 213/300 | train_loss=271.5390 | train_acc=0.1124 | test_loss=46.0191 | test_acc=0.1135
Epoch 292/300 | train_loss=271.5451 | train_acc=0.1124 | test_loss=46.0193 | test_acc=0.1135
Epoch 204/300 | train_loss=271.5491 | train_acc=0.1124 | test_loss=46.0193 | test_acc=0.1135
Epoch 203/300 | train_loss=271.5432 | train_acc=0.1124 | test_loss=46.0195 | test_acc=0.1135
Epoch 252/300 | train_loss=271.5414 | train_acc=0.1124 | test_loss=46.0192 | test_acc=0.1135
Epoch 213/300 | train_loss=271.5382 | train_acc=0.1124 | test_loss=46.0196 | test_acc=0.1135
Epoch 219/300 | train_loss=271.5383 | train_acc=0.1124 | test_loss=46.0193 | test_acc=0.1135
Epoch 214/300 | train_loss=271.5396 | train_acc=0.1124 | test_loss=46.0189 | test_acc=0.1135
Epoch 293/300 | train_loss=271.5437 | train_acc=0.1124 | test_loss=46.0191 | test_acc=0.1135
Epoch 253/300 | train_loss=271.5421 | train_acc=0.1124 | test_loss=46.0194 | test_acc=0.1135
Epoch 204/300 | train_loss=271.5445 | train_acc=0.1124 | test_loss=46.0195 | test_acc=0.1135
Epoch 214/300 | train_loss=271.5485 | train_acc=0.1124 | test_loss=46.0195 | test_acc=0.1135
Epoch 205/300 | train_loss=271.5417 | train_acc=0.1124 | test_loss=46.0195 | test_acc=0.1135
Epoch 254/300 | train_loss=271.5294 | train_acc=0.1124 | test_loss=46.0193 | test_acc=0.1135
Epoch 294/300 | train_loss=271.5441 | train_acc=0.1124 | test_loss=46.0191 | test_acc=0.1135
Epoch 220/300 | train_loss=271.5433 | train_acc=0.1124 | test_loss=46.0191 | test_acc=0.1135
Epoch 215/300 | train_loss=271.5452 | train_acc=0.1124 | test_loss=46.0190 | test_acc=0.1135
Epoch 215/300 | train_loss=271.5433 | train_acc=0.1124 | test_loss=46.0190 | test_acc=0.1135
Epoch 205/300 | train_loss=271.5341 | train_acc=0.1124 | test_loss=46.0196 | test_acc=0.1135
Epoch 206/300 | train_loss=271.5414 | train_acc=0.1124 | test_loss=46.0193 | test_acc=0.1135
Epoch 255/300 | train_loss=271.5377 | train_acc=0.1124 | test_loss=46.0195 | test_acc=0.1135
Epoch 295/300 | train_loss=271.5495 | train_acc=0.1124 | test_loss=46.0187 | test_acc=0.1135
Epoch 221/300 | train_loss=271.5445 | train_acc=0.1124 | test_loss=46.0187 | test_acc=0.1135
Epoch 216/300 | train_loss=271.5332 | train_acc=0.1124 | test_loss=46.0192 | test_acc=0.1135
Epoch 216/300 | train_loss=271.5399 | train_acc=0.1124 | test_loss=46.0193 | test_acc=0.1135
Epoch 207/300 | train_loss=271.5405 | train_acc=0.1124 | test_loss=46.0194 | test_acc=0.1135
Epoch 206/300 | train_loss=271.5378 | train_acc=0.1124 | test_loss=46.0191 | test_acc=0.1135
Epoch 256/300 | train_loss=271.5361 | train_acc=0.1124 | test_loss=46.0192 | test_acc=0.1135
Epoch 217/300 | train_loss=271.5476 | train_acc=0.1124 | test_loss=46.0194 | test_acc=0.1135
Epoch 296/300 | train_loss=271.5440 | train_acc=0.1124 | test_loss=46.0190 | test_acc=0.1135
Epoch 222/300 | train_loss=271.5379 | train_acc=0.1124 | test_loss=46.0188 | test_acc=0.1135
Epoch 208/300 | train_loss=271.5476 | train_acc=0.1124 | test_loss=46.0193 | test_acc=0.1135
Epoch 257/300 | train_loss=271.5443 | train_acc=0.1124 | test_loss=46.0194 | test_acc=0.1135
Epoch 217/300 | train_loss=271.5461 | train_acc=0.1124 | test_loss=46.0193 | test_acc=0.1135
Epoch 207/300 | train_loss=271.5437 | train_acc=0.1124 | test_loss=46.0196 | test_acc=0.1135
Epoch 297/300 | train_loss=271.5415 | train_acc=0.1124 | test_loss=46.0195 | test_acc=0.1135
Epoch 218/300 | train_loss=271.5390 | train_acc=0.1124 | test_loss=46.0195 | test_acc=0.1135
Epoch 223/300 | train_loss=271.5553 | train_acc=0.1124 | test_loss=46.0190 | test_acc=0.1135
Epoch 209/300 | train_loss=271.5414 | train_acc=0.1124 | test_loss=46.0191 | test_acc=0.1135
Epoch 258/300 | train_loss=271.5454 | train_acc=0.1124 | test_loss=46.0189 | test_acc=0.1135
Epoch 208/300 | train_loss=271.5436 | train_acc=0.1124 | test_loss=46.0193 | test_acc=0.1135
Epoch 218/300 | train_loss=271.5515 | train_acc=0.1124 | test_loss=46.0191 | test_acc=0.1135
Epoch 298/300 | train_loss=271.5405 | train_acc=0.1124 | test_loss=46.0195 | test_acc=0.1135
Epoch 210/300 | train_loss=271.5386 | train_acc=0.1124 | test_loss=46.0190 | test_acc=0.1135
Epoch 219/300 | train_loss=271.5393 | train_acc=0.1124 | test_loss=46.0194 | test_acc=0.1135
Epoch 259/300 | train_loss=271.5491 | train_acc=0.1124 | test_loss=46.0193 | test_acc=0.1135
Epoch 209/300 | train_loss=271.5479 | train_acc=0.1124 | test_loss=46.0195 | test_acc=0.1135
Epoch 224/300 | train_loss=271.5445 | train_acc=0.1124 | test_loss=46.0191 | test_acc=0.1135
Epoch 299/300 | train_loss=271.5470 | train_acc=0.1124 | test_loss=46.0192 | test_acc=0.1135
Epoch 211/300 | train_loss=271.5419 | train_acc=0.1124 | test_loss=46.0196 | test_acc=0.1135
Epoch 220/300 | train_loss=271.5456 | train_acc=0.1124 | test_loss=46.0191 | test_acc=0.1135
Epoch 219/300 | train_loss=271.5429 | train_acc=0.1124 | test_loss=46.0195 | test_acc=0.1135
Epoch 260/300 | train_loss=271.5496 | train_acc=0.1124 | test_loss=46.0195 | test_acc=0.1135
Epoch 225/300 | train_loss=271.5425 | train_acc=0.1124 | test_loss=46.0192 | test_acc=0.1135
Epoch 210/300 | train_loss=271.5362 | train_acc=0.1124 | test_loss=46.0196 | test_acc=0.1135
Epoch 300/300 | train_loss=271.5460 | train_acc=0.1124 | test_loss=46.0191 | test_acc=0.1135
Epoch 212/300 | train_loss=271.5412 | train_acc=0.1124 | test_loss=46.0195 | test_acc=0.1135
Epoch 220/300 | train_loss=271.5448 | train_acc=0.1124 | test_loss=46.0195 | test_acc=0.1135
Epoch 221/300 | train_loss=271.5448 | train_acc=0.1124 | test_loss=46.0191 | test_acc=0.1135
Completed bio_trainable run 3 on cuda:0 | test_acc=0.1135
Started bio_frozen run 5 | seed=1238 | device=cuda:0 | trainable_params=21514 | total_params=24212
Epoch 261/300 | train_loss=271.5463 | train_acc=0.1124 | test_loss=46.0196 | test_acc=0.1135
Epoch 211/300 | train_loss=271.5369 | train_acc=0.1124 | test_loss=46.0196 | test_acc=0.1135
Epoch 213/300 | train_loss=271.5382 | train_acc=0.1124 | test_loss=46.0196 | test_acc=0.1135
Epoch 226/300 | train_loss=271.5385 | train_acc=0.1124 | test_loss=46.0189 | test_acc=0.1135
Epoch 222/300 | train_loss=271.5552 | train_acc=0.1124 | test_loss=46.0191 | test_acc=0.1135
Epoch 221/300 | train_loss=271.5422 | train_acc=0.1124 | test_loss=46.0194 | test_acc=0.1135
Epoch 262/300 | train_loss=271.5505 | train_acc=0.1124 | test_loss=46.0192 | test_acc=0.1135
Epoch 214/300 | train_loss=271.5485 | train_acc=0.1124 | test_loss=46.0195 | test_acc=0.1135
Epoch 212/300 | train_loss=271.5560 | train_acc=0.1124 | test_loss=46.0195 | test_acc=0.1135
Epoch 227/300 | train_loss=271.5396 | train_acc=0.1124 | test_loss=46.0192 | test_acc=0.1135
Epoch 263/300 | train_loss=271.5483 | train_acc=0.1124 | test_loss=46.0198 | test_acc=0.1135
Epoch 223/300 | train_loss=271.5405 | train_acc=0.1124 | test_loss=46.0191 | test_acc=0.1135
Epoch 222/300 | train_loss=271.5421 | train_acc=0.1124 | test_loss=46.0197 | test_acc=0.1135
Epoch 001/300 | train_loss=271.7301 | train_acc=0.0997 | test_loss=46.0342 | test_acc=0.1010
Epoch 215/300 | train_loss=271.5433 | train_acc=0.1124 | test_loss=46.0190 | test_acc=0.1135
Epoch 213/300 | train_loss=271.5439 | train_acc=0.1124 | test_loss=46.0192 | test_acc=0.1135
Epoch 228/300 | train_loss=271.5426 | train_acc=0.1124 | test_loss=46.0193 | test_acc=0.1135
Epoch 264/300 | train_loss=271.5381 | train_acc=0.1124 | test_loss=46.0194 | test_acc=0.1135
Epoch 224/300 | train_loss=271.5395 | train_acc=0.1124 | test_loss=46.0191 | test_acc=0.1135
Epoch 223/300 | train_loss=271.5409 | train_acc=0.1124 | test_loss=46.0199 | test_acc=0.1135
Epoch 002/300 | train_loss=271.5782 | train_acc=0.1114 | test_loss=46.0228 | test_acc=0.1135
Epoch 216/300 | train_loss=271.5399 | train_acc=0.1124 | test_loss=46.0193 | test_acc=0.1135
Epoch 265/300 | train_loss=271.5368 | train_acc=0.1124 | test_loss=46.0190 | test_acc=0.1135
Epoch 214/300 | train_loss=271.5426 | train_acc=0.1124 | test_loss=46.0194 | test_acc=0.1135
Epoch 225/300 | train_loss=271.5453 | train_acc=0.1124 | test_loss=46.0192 | test_acc=0.1135
Epoch 229/300 | train_loss=271.5475 | train_acc=0.1124 | test_loss=46.0195 | test_acc=0.1135
Epoch 003/300 | train_loss=271.5478 | train_acc=0.1124 | test_loss=46.0198 | test_acc=0.1135
Epoch 266/300 | train_loss=271.5458 | train_acc=0.1124 | test_loss=46.0196 | test_acc=0.1135
Epoch 224/300 | train_loss=271.5441 | train_acc=0.1124 | test_loss=46.0195 | test_acc=0.1135
Epoch 217/300 | train_loss=271.5461 | train_acc=0.1124 | test_loss=46.0193 | test_acc=0.1135
Epoch 230/300 | train_loss=271.5352 | train_acc=0.1124 | test_loss=46.0194 | test_acc=0.1135
Epoch 215/300 | train_loss=271.5464 | train_acc=0.1124 | test_loss=46.0193 | test_acc=0.1135
Epoch 226/300 | train_loss=271.5435 | train_acc=0.1124 | test_loss=46.0195 | test_acc=0.1135
Epoch 004/300 | train_loss=271.5454 | train_acc=0.1124 | test_loss=46.0194 | test_acc=0.1135
Epoch 267/300 | train_loss=271.5434 | train_acc=0.1124 | test_loss=46.0196 | test_acc=0.1135
Epoch 225/300 | train_loss=271.5428 | train_acc=0.1124 | test_loss=46.0195 | test_acc=0.1135
Epoch 231/300 | train_loss=271.5478 | train_acc=0.1124 | test_loss=46.0194 | test_acc=0.1135
Epoch 005/300 | train_loss=271.5345 | train_acc=0.1124 | test_loss=46.0193 | test_acc=0.1135
Epoch 227/300 | train_loss=271.5423 | train_acc=0.1124 | test_loss=46.0194 | test_acc=0.1135
Epoch 218/300 | train_loss=271.5515 | train_acc=0.1124 | test_loss=46.0191 | test_acc=0.1135
Epoch 216/300 | train_loss=271.5465 | train_acc=0.1124 | test_loss=46.0189 | test_acc=0.1135
Epoch 268/300 | train_loss=271.5365 | train_acc=0.1124 | test_loss=46.0197 | test_acc=0.1135
Epoch 006/300 | train_loss=271.5402 | train_acc=0.1124 | test_loss=46.0195 | test_acc=0.1135
Epoch 226/300 | train_loss=271.5520 | train_acc=0.1124 | test_loss=46.0192 | test_acc=0.1135
Epoch 232/300 | train_loss=271.5418 | train_acc=0.1124 | test_loss=46.0194 | test_acc=0.1135
Epoch 217/300 | train_loss=271.5468 | train_acc=0.1124 | test_loss=46.0188 | test_acc=0.1135
Epoch 269/300 | train_loss=271.5399 | train_acc=0.1124 | test_loss=46.0193 | test_acc=0.1135
Epoch 219/300 | train_loss=271.5429 | train_acc=0.1124 | test_loss=46.0195 | test_acc=0.1135
Epoch 228/300 | train_loss=271.5482 | train_acc=0.1124 | test_loss=46.0193 | test_acc=0.1135
Epoch 007/300 | train_loss=271.5450 | train_acc=0.1124 | test_loss=46.0200 | test_acc=0.1135
Epoch 233/300 | train_loss=271.5415 | train_acc=0.1124 | test_loss=46.0194 | test_acc=0.1135
Epoch 227/300 | train_loss=271.5408 | train_acc=0.1124 | test_loss=46.0192 | test_acc=0.1135
Epoch 270/300 | train_loss=271.5447 | train_acc=0.1124 | test_loss=46.0199 | test_acc=0.1135
Epoch 218/300 | train_loss=271.5391 | train_acc=0.1124 | test_loss=46.0191 | test_acc=0.1135
Epoch 220/300 | train_loss=271.5448 | train_acc=0.1124 | test_loss=46.0195 | test_acc=0.1135
Epoch 229/300 | train_loss=271.5421 | train_acc=0.1124 | test_loss=46.0194 | test_acc=0.1135
Epoch 008/300 | train_loss=271.5407 | train_acc=0.1124 | test_loss=46.0203 | test_acc=0.1135
Epoch 234/300 | train_loss=271.5427 | train_acc=0.1124 | test_loss=46.0193 | test_acc=0.1135
Epoch 271/300 | train_loss=271.5512 | train_acc=0.1124 | test_loss=46.0190 | test_acc=0.1135
Epoch 228/300 | train_loss=271.5430 | train_acc=0.1124 | test_loss=46.0194 | test_acc=0.1135
Epoch 219/300 | train_loss=271.5385 | train_acc=0.1124 | test_loss=46.0195 | test_acc=0.1135
Epoch 009/300 | train_loss=271.5318 | train_acc=0.1124 | test_loss=46.0197 | test_acc=0.1135
Epoch 230/300 | train_loss=271.5360 | train_acc=0.1124 | test_loss=46.0192 | test_acc=0.1135
Epoch 272/300 | train_loss=271.5341 | train_acc=0.1124 | test_loss=46.0190 | test_acc=0.1135
Epoch 221/300 | train_loss=271.5422 | train_acc=0.1124 | test_loss=46.0194 | test_acc=0.1135
Epoch 235/300 | train_loss=271.5356 | train_acc=0.1124 | test_loss=46.0199 | test_acc=0.1135
Epoch 010/300 | train_loss=271.5493 | train_acc=0.1124 | test_loss=46.0194 | test_acc=0.1135
Epoch 231/300 | train_loss=271.5387 | train_acc=0.1124 | test_loss=46.0193 | test_acc=0.1135
Epoch 229/300 | train_loss=271.5518 | train_acc=0.1124 | test_loss=46.0193 | test_acc=0.1135
Epoch 220/300 | train_loss=271.5439 | train_acc=0.1124 | test_loss=46.0192 | test_acc=0.1135
Epoch 222/300 | train_loss=271.5421 | train_acc=0.1124 | test_loss=46.0197 | test_acc=0.1135
Epoch 273/300 | train_loss=271.5403 | train_acc=0.1124 | test_loss=46.0193 | test_acc=0.1135
Epoch 011/300 | train_loss=271.5426 | train_acc=0.1124 | test_loss=46.0192 | test_acc=0.1135
Epoch 232/300 | train_loss=271.5475 | train_acc=0.1124 | test_loss=46.0195 | test_acc=0.1135
Epoch 236/300 | train_loss=271.5520 | train_acc=0.1124 | test_loss=46.0195 | test_acc=0.1135
Epoch 230/300 | train_loss=271.5415 | train_acc=0.1124 | test_loss=46.0197 | test_acc=0.1135
Epoch 274/300 | train_loss=271.5466 | train_acc=0.1124 | test_loss=46.0191 | test_acc=0.1135
Epoch 223/300 | train_loss=271.5409 | train_acc=0.1124 | test_loss=46.0199 | test_acc=0.1135
Epoch 221/300 | train_loss=271.5362 | train_acc=0.1124 | test_loss=46.0196 | test_acc=0.1135
Epoch 233/300 | train_loss=271.5335 | train_acc=0.1124 | test_loss=46.0195 | test_acc=0.1135
Epoch 012/300 | train_loss=271.5437 | train_acc=0.1124 | test_loss=46.0196 | test_acc=0.1135
Epoch 237/300 | train_loss=271.5442 | train_acc=0.1124 | test_loss=46.0193 | test_acc=0.1135
Epoch 231/300 | train_loss=271.5541 | train_acc=0.1124 | test_loss=46.0192 | test_acc=0.1135
Epoch 275/300 | train_loss=271.5462 | train_acc=0.1124 | test_loss=46.0193 | test_acc=0.1135
Epoch 222/300 | train_loss=271.5332 | train_acc=0.1124 | test_loss=46.0193 | test_acc=0.1135
Epoch 224/300 | train_loss=271.5441 | train_acc=0.1124 | test_loss=46.0195 | test_acc=0.1135
Epoch 234/300 | train_loss=271.5415 | train_acc=0.1124 | test_loss=46.0190 | test_acc=0.1135
Epoch 013/300 | train_loss=271.5420 | train_acc=0.1124 | test_loss=46.0192 | test_acc=0.1135
Epoch 238/300 | train_loss=271.5453 | train_acc=0.1124 | test_loss=46.0193 | test_acc=0.1135
Epoch 276/300 | train_loss=271.5423 | train_acc=0.1124 | test_loss=46.0187 | test_acc=0.1135
Epoch 232/300 | train_loss=271.5480 | train_acc=0.1124 | test_loss=46.0193 | test_acc=0.1135
Epoch 225/300 | train_loss=271.5428 | train_acc=0.1124 | test_loss=46.0195 | test_acc=0.1135
Epoch 223/300 | train_loss=271.5493 | train_acc=0.1124 | test_loss=46.0191 | test_acc=0.1135
Epoch 235/300 | train_loss=271.5495 | train_acc=0.1124 | test_loss=46.0193 | test_acc=0.1135
Epoch 239/300 | train_loss=271.5392 | train_acc=0.1124 | test_loss=46.0196 | test_acc=0.1135
Epoch 014/300 | train_loss=271.5450 | train_acc=0.1124 | test_loss=46.0188 | test_acc=0.1135
Epoch 277/300 | train_loss=271.5360 | train_acc=0.1124 | test_loss=46.0190 | test_acc=0.1135
Epoch 226/300 | train_loss=271.5520 | train_acc=0.1124 | test_loss=46.0192 | test_acc=0.1135
Epoch 224/300 | train_loss=271.5421 | train_acc=0.1124 | test_loss=46.0195 | test_acc=0.1135
Epoch 015/300 | train_loss=271.5461 | train_acc=0.1124 | test_loss=46.0190 | test_acc=0.1135
Epoch 240/300 | train_loss=271.5359 | train_acc=0.1124 | test_loss=46.0192 | test_acc=0.1135
Epoch 233/300 | train_loss=271.5475 | train_acc=0.1124 | test_loss=46.0191 | test_acc=0.1135
Epoch 236/300 | train_loss=271.5405 | train_acc=0.1124 | test_loss=46.0191 | test_acc=0.1135
Epoch 278/300 | train_loss=271.5445 | train_acc=0.1124 | test_loss=46.0191 | test_acc=0.1135
Epoch 225/300 | train_loss=271.5463 | train_acc=0.1124 | test_loss=46.0193 | test_acc=0.1135
Epoch 227/300 | train_loss=271.5408 | train_acc=0.1124 | test_loss=46.0192 | test_acc=0.1135
Epoch 016/300 | train_loss=271.5454 | train_acc=0.1124 | test_loss=46.0193 | test_acc=0.1135
Epoch 234/300 | train_loss=271.5407 | train_acc=0.1124 | test_loss=46.0191 | test_acc=0.1135
Epoch 279/300 | train_loss=271.5431 | train_acc=0.1124 | test_loss=46.0189 | test_acc=0.1135
Epoch 241/300 | train_loss=271.5426 | train_acc=0.1124 | test_loss=46.0193 | test_acc=0.1135
Epoch 237/300 | train_loss=271.5415 | train_acc=0.1124 | test_loss=46.0193 | test_acc=0.1135
Epoch 280/300 | train_loss=271.5435 | train_acc=0.1124 | test_loss=46.0192 | test_acc=0.1135
Epoch 228/300 | train_loss=271.5430 | train_acc=0.1124 | test_loss=46.0194 | test_acc=0.1135
Epoch 017/300 | train_loss=271.5415 | train_acc=0.1124 | test_loss=46.0194 | test_acc=0.1135
Epoch 226/300 | train_loss=271.5508 | train_acc=0.1124 | test_loss=46.0194 | test_acc=0.1135
Epoch 238/300 | train_loss=271.5464 | train_acc=0.1124 | test_loss=46.0193 | test_acc=0.1135
Epoch 235/300 | train_loss=271.5437 | train_acc=0.1124 | test_loss=46.0192 | test_acc=0.1135
Epoch 242/300 | train_loss=271.5429 | train_acc=0.1124 | test_loss=46.0193 | test_acc=0.1135
Epoch 018/300 | train_loss=271.5485 | train_acc=0.1124 | test_loss=46.0196 | test_acc=0.1135
Epoch 281/300 | train_loss=271.5437 | train_acc=0.1124 | test_loss=46.0192 | test_acc=0.1135
Epoch 229/300 | train_loss=271.5518 | train_acc=0.1124 | test_loss=46.0193 | test_acc=0.1135
Epoch 227/300 | train_loss=271.5441 | train_acc=0.1124 | test_loss=46.0196 | test_acc=0.1135
Epoch 239/300 | train_loss=271.5367 | train_acc=0.1124 | test_loss=46.0194 | test_acc=0.1135
Epoch 236/300 | train_loss=271.5495 | train_acc=0.1124 | test_loss=46.0192 | test_acc=0.1135
Epoch 243/300 | train_loss=271.5392 | train_acc=0.1124 | test_loss=46.0191 | test_acc=0.1135
Epoch 019/300 | train_loss=271.5364 | train_acc=0.1124 | test_loss=46.0193 | test_acc=0.1135
Epoch 228/300 | train_loss=271.5428 | train_acc=0.1124 | test_loss=46.0190 | test_acc=0.1135
Epoch 230/300 | train_loss=271.5415 | train_acc=0.1124 | test_loss=46.0197 | test_acc=0.1135
Epoch 282/300 | train_loss=271.5467 | train_acc=0.1124 | test_loss=46.0191 | test_acc=0.1135
Epoch 020/300 | train_loss=271.5456 | train_acc=0.1124 | test_loss=46.0193 | test_acc=0.1135
Epoch 240/300 | train_loss=271.5448 | train_acc=0.1124 | test_loss=46.0191 | test_acc=0.1135
Epoch 237/300 | train_loss=271.5410 | train_acc=0.1124 | test_loss=46.0190 | test_acc=0.1135
Epoch 244/300 | train_loss=271.5445 | train_acc=0.1124 | test_loss=46.0196 | test_acc=0.1135
Epoch 283/300 | train_loss=271.5334 | train_acc=0.1124 | test_loss=46.0191 | test_acc=0.1135
Epoch 241/300 | train_loss=271.5407 | train_acc=0.1124 | test_loss=46.0193 | test_acc=0.1135
Epoch 231/300 | train_loss=271.5541 | train_acc=0.1124 | test_loss=46.0192 | test_acc=0.1135
Epoch 021/300 | train_loss=271.5460 | train_acc=0.1124 | test_loss=46.0195 | test_acc=0.1135
Epoch 229/300 | train_loss=271.5460 | train_acc=0.1124 | test_loss=46.0192 | test_acc=0.1135
Epoch 238/300 | train_loss=271.5472 | train_acc=0.1124 | test_loss=46.0190 | test_acc=0.1135
Epoch 284/300 | train_loss=271.5412 | train_acc=0.1124 | test_loss=46.0195 | test_acc=0.1135
Epoch 245/300 | train_loss=271.5385 | train_acc=0.1124 | test_loss=46.0194 | test_acc=0.1135
Epoch 232/300 | train_loss=271.5480 | train_acc=0.1124 | test_loss=46.0193 | test_acc=0.1135
Epoch 242/300 | train_loss=271.5404 | train_acc=0.1124 | test_loss=46.0191 | test_acc=0.1135
Epoch 022/300 | train_loss=271.5420 | train_acc=0.1124 | test_loss=46.0192 | test_acc=0.1135
Epoch 230/300 | train_loss=271.5429 | train_acc=0.1124 | test_loss=46.0195 | test_acc=0.1135
Epoch 239/300 | train_loss=271.5490 | train_acc=0.1124 | test_loss=46.0193 | test_acc=0.1135
Epoch 285/300 | train_loss=271.5453 | train_acc=0.1124 | test_loss=46.0193 | test_acc=0.1135
Epoch 233/300 | train_loss=271.5475 | train_acc=0.1124 | test_loss=46.0191 | test_acc=0.1135
Epoch 246/300 | train_loss=271.5488 | train_acc=0.1124 | test_loss=46.0193 | test_acc=0.1135
Epoch 243/300 | train_loss=271.5471 | train_acc=0.1124 | test_loss=46.0194 | test_acc=0.1135
Epoch 023/300 | train_loss=271.5316 | train_acc=0.1124 | test_loss=46.0194 | test_acc=0.1135
Epoch 286/300 | train_loss=271.5480 | train_acc=0.1124 | test_loss=46.0192 | test_acc=0.1135
Epoch 240/300 | train_loss=271.5511 | train_acc=0.1124 | test_loss=46.0189 | test_acc=0.1135
Epoch 231/300 | train_loss=271.5450 | train_acc=0.1124 | test_loss=46.0196 | test_acc=0.1135
Epoch 247/300 | train_loss=271.5444 | train_acc=0.1124 | test_loss=46.0197 | test_acc=0.1135
Epoch 024/300 | train_loss=271.5397 | train_acc=0.1124 | test_loss=46.0186 | test_acc=0.1135
Epoch 234/300 | train_loss=271.5407 | train_acc=0.1124 | test_loss=46.0191 | test_acc=0.1135
Epoch 287/300 | train_loss=271.5400 | train_acc=0.1124 | test_loss=46.0193 | test_acc=0.1135
Epoch 244/300 | train_loss=271.5498 | train_acc=0.1124 | test_loss=46.0194 | test_acc=0.1135
Epoch 241/300 | train_loss=271.5366 | train_acc=0.1124 | test_loss=46.0191 | test_acc=0.1135
Epoch 232/300 | train_loss=271.5361 | train_acc=0.1124 | test_loss=46.0195 | test_acc=0.1135
Epoch 025/300 | train_loss=271.5405 | train_acc=0.1124 | test_loss=46.0192 | test_acc=0.1135
Epoch 288/300 | train_loss=271.5424 | train_acc=0.1124 | test_loss=46.0191 | test_acc=0.1135
Epoch 248/300 | train_loss=271.5491 | train_acc=0.1124 | test_loss=46.0190 | test_acc=0.1135
Epoch 235/300 | train_loss=271.5437 | train_acc=0.1124 | test_loss=46.0192 | test_acc=0.1135
Epoch 245/300 | train_loss=271.5411 | train_acc=0.1124 | test_loss=46.0195 | test_acc=0.1135
Epoch 289/300 | train_loss=271.5424 | train_acc=0.1124 | test_loss=46.0194 | test_acc=0.1135
Epoch 242/300 | train_loss=271.5478 | train_acc=0.1124 | test_loss=46.0190 | test_acc=0.1135
Epoch 026/300 | train_loss=271.5510 | train_acc=0.1124 | test_loss=46.0187 | test_acc=0.1135
Epoch 233/300 | train_loss=271.5418 | train_acc=0.1124 | test_loss=46.0195 | test_acc=0.1135
Epoch 249/300 | train_loss=271.5423 | train_acc=0.1124 | test_loss=46.0193 | test_acc=0.1135
Epoch 236/300 | train_loss=271.5495 | train_acc=0.1124 | test_loss=46.0192 | test_acc=0.1135
Epoch 027/300 | train_loss=271.5420 | train_acc=0.1124 | test_loss=46.0192 | test_acc=0.1135
Epoch 246/300 | train_loss=271.5431 | train_acc=0.1124 | test_loss=46.0190 | test_acc=0.1135
Epoch 290/300 | train_loss=271.5394 | train_acc=0.1124 | test_loss=46.0190 | test_acc=0.1135
Epoch 234/300 | train_loss=271.5466 | train_acc=0.1124 | test_loss=46.0193 | test_acc=0.1135
Epoch 243/300 | train_loss=271.5449 | train_acc=0.1124 | test_loss=46.0189 | test_acc=0.1135
Epoch 028/300 | train_loss=271.5427 | train_acc=0.1124 | test_loss=46.0190 | test_acc=0.1135
Epoch 291/300 | train_loss=271.5429 | train_acc=0.1124 | test_loss=46.0195 | test_acc=0.1135
Epoch 237/300 | train_loss=271.5410 | train_acc=0.1124 | test_loss=46.0190 | test_acc=0.1135
Epoch 250/300 | train_loss=271.5398 | train_acc=0.1124 | test_loss=46.0195 | test_acc=0.1135
Epoch 247/300 | train_loss=271.5366 | train_acc=0.1124 | test_loss=46.0195 | test_acc=0.1135
Epoch 235/300 | train_loss=271.5434 | train_acc=0.1124 | test_loss=46.0191 | test_acc=0.1135
Epoch 029/300 | train_loss=271.5412 | train_acc=0.1124 | test_loss=46.0189 | test_acc=0.1135
Epoch 244/300 | train_loss=271.5465 | train_acc=0.1124 | test_loss=46.0192 | test_acc=0.1135
Epoch 292/300 | train_loss=271.5498 | train_acc=0.1124 | test_loss=46.0188 | test_acc=0.1135
Epoch 238/300 | train_loss=271.5472 | train_acc=0.1124 | test_loss=46.0190 | test_acc=0.1135
Epoch 030/300 | train_loss=271.5438 | train_acc=0.1124 | test_loss=46.0194 | test_acc=0.1135
Epoch 236/300 | train_loss=271.5418 | train_acc=0.1124 | test_loss=46.0191 | test_acc=0.1135
Epoch 248/300 | train_loss=271.5501 | train_acc=0.1124 | test_loss=46.0196 | test_acc=0.1135
Epoch 251/300 | train_loss=271.5399 | train_acc=0.1124 | test_loss=46.0193 | test_acc=0.1135
Epoch 293/300 | train_loss=271.5431 | train_acc=0.1124 | test_loss=46.0188 | test_acc=0.1135
Epoch 245/300 | train_loss=271.5404 | train_acc=0.1124 | test_loss=46.0194 | test_acc=0.1135
Epoch 031/300 | train_loss=271.5484 | train_acc=0.1124 | test_loss=46.0193 | test_acc=0.1135
Epoch 239/300 | train_loss=271.5490 | train_acc=0.1124 | test_loss=46.0193 | test_acc=0.1135
Epoch 237/300 | train_loss=271.5470 | train_acc=0.1124 | test_loss=46.0194 | test_acc=0.1135
Epoch 294/300 | train_loss=271.5394 | train_acc=0.1124 | test_loss=46.0192 | test_acc=0.1135
Epoch 252/300 | train_loss=271.5466 | train_acc=0.1124 | test_loss=46.0190 | test_acc=0.1135
Epoch 249/300 | train_loss=271.5467 | train_acc=0.1124 | test_loss=46.0190 | test_acc=0.1135
Epoch 246/300 | train_loss=271.5361 | train_acc=0.1124 | test_loss=46.0190 | test_acc=0.1135
Epoch 032/300 | train_loss=271.5391 | train_acc=0.1124 | test_loss=46.0196 | test_acc=0.1135
Epoch 295/300 | train_loss=271.5375 | train_acc=0.1124 | test_loss=46.0192 | test_acc=0.1135
Epoch 240/300 | train_loss=271.5511 | train_acc=0.1124 | test_loss=46.0189 | test_acc=0.1135
Epoch 253/300 | train_loss=271.5496 | train_acc=0.1124 | test_loss=46.0195 | test_acc=0.1135
Epoch 238/300 | train_loss=271.5423 | train_acc=0.1124 | test_loss=46.0195 | test_acc=0.1135
Epoch 250/300 | train_loss=271.5409 | train_acc=0.1124 | test_loss=46.0189 | test_acc=0.1135
Epoch 033/300 | train_loss=271.5407 | train_acc=0.1124 | test_loss=46.0196 | test_acc=0.1135
Epoch 247/300 | train_loss=271.5496 | train_acc=0.1124 | test_loss=46.0190 | test_acc=0.1135
Epoch 296/300 | train_loss=271.5449 | train_acc=0.1124 | test_loss=46.0193 | test_acc=0.1135
Epoch 241/300 | train_loss=271.5366 | train_acc=0.1124 | test_loss=46.0191 | test_acc=0.1135
Epoch 034/300 | train_loss=271.5479 | train_acc=0.1124 | test_loss=46.0195 | test_acc=0.1135
Epoch 239/300 | train_loss=271.5425 | train_acc=0.1124 | test_loss=46.0195 | test_acc=0.1135
Epoch 251/300 | train_loss=271.5432 | train_acc=0.1124 | test_loss=46.0189 | test_acc=0.1135
Epoch 254/300 | train_loss=271.5419 | train_acc=0.1124 | test_loss=46.0196 | test_acc=0.1135
Epoch 297/300 | train_loss=271.5449 | train_acc=0.1124 | test_loss=46.0190 | test_acc=0.1135
Epoch 248/300 | train_loss=271.5427 | train_acc=0.1124 | test_loss=46.0191 | test_acc=0.1135
Epoch 242/300 | train_loss=271.5478 | train_acc=0.1124 | test_loss=46.0190 | test_acc=0.1135
Epoch 240/300 | train_loss=271.5352 | train_acc=0.1124 | test_loss=46.0191 | test_acc=0.1135
Epoch 035/300 | train_loss=271.5444 | train_acc=0.1124 | test_loss=46.0192 | test_acc=0.1135
Epoch 252/300 | train_loss=271.5423 | train_acc=0.1124 | test_loss=46.0193 | test_acc=0.1135
Epoch 298/300 | train_loss=271.5461 | train_acc=0.1124 | test_loss=46.0190 | test_acc=0.1135
Epoch 255/300 | train_loss=271.5393 | train_acc=0.1124 | test_loss=46.0190 | test_acc=0.1135
Epoch 249/300 | train_loss=271.5449 | train_acc=0.1124 | test_loss=46.0191 | test_acc=0.1135
Epoch 241/300 | train_loss=271.5475 | train_acc=0.1124 | test_loss=46.0193 | test_acc=0.1135
Epoch 243/300 | train_loss=271.5449 | train_acc=0.1124 | test_loss=46.0189 | test_acc=0.1135
Epoch 036/300 | train_loss=271.5390 | train_acc=0.1124 | test_loss=46.0190 | test_acc=0.1135
Epoch 253/300 | train_loss=271.5432 | train_acc=0.1124 | test_loss=46.0194 | test_acc=0.1135
Epoch 299/300 | train_loss=271.5480 | train_acc=0.1124 | test_loss=46.0189 | test_acc=0.1135
Epoch 256/300 | train_loss=271.5417 | train_acc=0.1124 | test_loss=46.0193 | test_acc=0.1135
Epoch 037/300 | train_loss=271.5425 | train_acc=0.1124 | test_loss=46.0194 | test_acc=0.1135
Epoch 250/300 | train_loss=271.5357 | train_acc=0.1124 | test_loss=46.0194 | test_acc=0.1135
Epoch 254/300 | train_loss=271.5470 | train_acc=0.1124 | test_loss=46.0191 | test_acc=0.1135
Epoch 242/300 | train_loss=271.5453 | train_acc=0.1124 | test_loss=46.0195 | test_acc=0.1135
Epoch 300/300 | train_loss=271.5467 | train_acc=0.1124 | test_loss=46.0191 | test_acc=0.1135
Epoch 244/300 | train_loss=271.5465 | train_acc=0.1124 | test_loss=46.0192 | test_acc=0.1135
Epoch 257/300 | train_loss=271.5504 | train_acc=0.1124 | test_loss=46.0197 | test_acc=0.1135
Completed bio_frozen run 1 on cuda:4 | test_acc=0.1135
Epoch 251/300 | train_loss=271.5382 | train_acc=0.1124 | test_loss=46.0190 | test_acc=0.1135
Epoch 038/300 | train_loss=271.5420 | train_acc=0.1124 | test_loss=46.0193 | test_acc=0.1135
Epoch 255/300 | train_loss=271.5423 | train_acc=0.1124 | test_loss=46.0187 | test_acc=0.1135
Epoch 243/300 | train_loss=271.5468 | train_acc=0.1124 | test_loss=46.0193 | test_acc=0.1135
Epoch 245/300 | train_loss=271.5404 | train_acc=0.1124 | test_loss=46.0194 | test_acc=0.1135
Epoch 039/300 | train_loss=271.5439 | train_acc=0.1124 | test_loss=46.0192 | test_acc=0.1135
Epoch 258/300 | train_loss=271.5381 | train_acc=0.1124 | test_loss=46.0194 | test_acc=0.1135
Epoch 252/300 | train_loss=271.5411 | train_acc=0.1124 | test_loss=46.0195 | test_acc=0.1135
Epoch 246/300 | train_loss=271.5361 | train_acc=0.1124 | test_loss=46.0190 | test_acc=0.1135
Epoch 244/300 | train_loss=271.5453 | train_acc=0.1124 | test_loss=46.0195 | test_acc=0.1135
Epoch 040/300 | train_loss=271.5469 | train_acc=0.1124 | test_loss=46.0192 | test_acc=0.1135
Epoch 256/300 | train_loss=271.5401 | train_acc=0.1124 | test_loss=46.0193 | test_acc=0.1135
Epoch 259/300 | train_loss=271.5401 | train_acc=0.1124 | test_loss=46.0194 | test_acc=0.1135
Epoch 253/300 | train_loss=271.5447 | train_acc=0.1124 | test_loss=46.0191 | test_acc=0.1135
Epoch 041/300 | train_loss=271.5473 | train_acc=0.1124 | test_loss=46.0190 | test_acc=0.1135
Epoch 247/300 | train_loss=271.5496 | train_acc=0.1124 | test_loss=46.0190 | test_acc=0.1135
Epoch 245/300 | train_loss=271.5496 | train_acc=0.1124 | test_loss=46.0195 | test_acc=0.1135
Epoch 260/300 | train_loss=271.5415 | train_acc=0.1124 | test_loss=46.0191 | test_acc=0.1135
Epoch 254/300 | train_loss=271.5391 | train_acc=0.1124 | test_loss=46.0189 | test_acc=0.1135
Epoch 257/300 | train_loss=271.5464 | train_acc=0.1124 | test_loss=46.0191 | test_acc=0.1135
Epoch 042/300 | train_loss=271.5472 | train_acc=0.1124 | test_loss=46.0194 | test_acc=0.1135
Epoch 248/300 | train_loss=271.5427 | train_acc=0.1124 | test_loss=46.0191 | test_acc=0.1135
Epoch 246/300 | train_loss=271.5452 | train_acc=0.1124 | test_loss=46.0195 | test_acc=0.1135
Epoch 255/300 | train_loss=271.5372 | train_acc=0.1124 | test_loss=46.0190 | test_acc=0.1135
Epoch 261/300 | train_loss=271.5493 | train_acc=0.1124 | test_loss=46.0188 | test_acc=0.1135
Epoch 043/300 | train_loss=271.5482 | train_acc=0.1124 | test_loss=46.0198 | test_acc=0.1135
Epoch 258/300 | train_loss=271.5377 | train_acc=0.1124 | test_loss=46.0190 | test_acc=0.1135
Epoch 249/300 | train_loss=271.5449 | train_acc=0.1124 | test_loss=46.0191 | test_acc=0.1135
Epoch 247/300 | train_loss=271.5419 | train_acc=0.1124 | test_loss=46.0192 | test_acc=0.1135
Epoch 044/300 | train_loss=271.5377 | train_acc=0.1124 | test_loss=46.0190 | test_acc=0.1135
Epoch 259/300 | train_loss=271.5450 | train_acc=0.1124 | test_loss=46.0191 | test_acc=0.1135
Epoch 256/300 | train_loss=271.5352 | train_acc=0.1124 | test_loss=46.0190 | test_acc=0.1135
Epoch 262/300 | train_loss=271.5469 | train_acc=0.1124 | test_loss=46.0191 | test_acc=0.1135
Epoch 250/300 | train_loss=271.5357 | train_acc=0.1124 | test_loss=46.0194 | test_acc=0.1135
Epoch 248/300 | train_loss=271.5443 | train_acc=0.1124 | test_loss=46.0193 | test_acc=0.1135
Epoch 045/300 | train_loss=271.5499 | train_acc=0.1124 | test_loss=46.0189 | test_acc=0.1135
Epoch 257/300 | train_loss=271.5435 | train_acc=0.1124 | test_loss=46.0193 | test_acc=0.1135
Epoch 260/300 | train_loss=271.5420 | train_acc=0.1124 | test_loss=46.0190 | test_acc=0.1135
Epoch 251/300 | train_loss=271.5382 | train_acc=0.1124 | test_loss=46.0190 | test_acc=0.1135
Epoch 263/300 | train_loss=271.5484 | train_acc=0.1124 | test_loss=46.0192 | test_acc=0.1135
Epoch 046/300 | train_loss=271.5537 | train_acc=0.1124 | test_loss=46.0193 | test_acc=0.1135
Epoch 249/300 | train_loss=271.5406 | train_acc=0.1124 | test_loss=46.0192 | test_acc=0.1135
Epoch 252/300 | train_loss=271.5411 | train_acc=0.1124 | test_loss=46.0195 | test_acc=0.1135
Epoch 258/300 | train_loss=271.5404 | train_acc=0.1124 | test_loss=46.0188 | test_acc=0.1135
Epoch 047/300 | train_loss=271.5382 | train_acc=0.1124 | test_loss=46.0193 | test_acc=0.1135
Epoch 261/300 | train_loss=271.5404 | train_acc=0.1124 | test_loss=46.0193 | test_acc=0.1135
Epoch 264/300 | train_loss=271.5365 | train_acc=0.1124 | test_loss=46.0195 | test_acc=0.1135
Epoch 250/300 | train_loss=271.5516 | train_acc=0.1124 | test_loss=46.0192 | test_acc=0.1135
Epoch 048/300 | train_loss=271.5433 | train_acc=0.1124 | test_loss=46.0191 | test_acc=0.1135
Epoch 253/300 | train_loss=271.5447 | train_acc=0.1124 | test_loss=46.0191 | test_acc=0.1135
Epoch 259/300 | train_loss=271.5445 | train_acc=0.1124 | test_loss=46.0195 | test_acc=0.1135
Epoch 262/300 | train_loss=271.5389 | train_acc=0.1124 | test_loss=46.0191 | test_acc=0.1135
Epoch 265/300 | train_loss=271.5407 | train_acc=0.1124 | test_loss=46.0194 | test_acc=0.1135
Epoch 049/300 | train_loss=271.5508 | train_acc=0.1124 | test_loss=46.0192 | test_acc=0.1135
Epoch 251/300 | train_loss=271.5367 | train_acc=0.1124 | test_loss=46.0194 | test_acc=0.1135
Epoch 254/300 | train_loss=271.5391 | train_acc=0.1124 | test_loss=46.0189 | test_acc=0.1135
Epoch 260/300 | train_loss=271.5372 | train_acc=0.1124 | test_loss=46.0193 | test_acc=0.1135
Epoch 263/300 | train_loss=271.5409 | train_acc=0.1124 | test_loss=46.0188 | test_acc=0.1135
Epoch 266/300 | train_loss=271.5423 | train_acc=0.1124 | test_loss=46.0193 | test_acc=0.1135
Epoch 050/300 | train_loss=271.5437 | train_acc=0.1124 | test_loss=46.0193 | test_acc=0.1135
Epoch 255/300 | train_loss=271.5372 | train_acc=0.1124 | test_loss=46.0190 | test_acc=0.1135
Epoch 252/300 | train_loss=271.5417 | train_acc=0.1124 | test_loss=46.0196 | test_acc=0.1135
Epoch 261/300 | train_loss=271.5414 | train_acc=0.1124 | test_loss=46.0191 | test_acc=0.1135
Epoch 264/300 | train_loss=271.5445 | train_acc=0.1124 | test_loss=46.0188 | test_acc=0.1135
Epoch 051/300 | train_loss=271.5431 | train_acc=0.1124 | test_loss=46.0192 | test_acc=0.1135
Epoch 267/300 | train_loss=271.5392 | train_acc=0.1124 | test_loss=46.0192 | test_acc=0.1135
Epoch 253/300 | train_loss=271.5557 | train_acc=0.1124 | test_loss=46.0194 | test_acc=0.1135
Epoch 256/300 | train_loss=271.5352 | train_acc=0.1124 | test_loss=46.0190 | test_acc=0.1135
Epoch 262/300 | train_loss=271.5423 | train_acc=0.1124 | test_loss=46.0188 | test_acc=0.1135
Epoch 268/300 | train_loss=271.5460 | train_acc=0.1124 | test_loss=46.0198 | test_acc=0.1135
Epoch 265/300 | train_loss=271.5383 | train_acc=0.1124 | test_loss=46.0192 | test_acc=0.1135
Epoch 052/300 | train_loss=271.5424 | train_acc=0.1124 | test_loss=46.0193 | test_acc=0.1135
Epoch 254/300 | train_loss=271.5498 | train_acc=0.1124 | test_loss=46.0195 | test_acc=0.1135
Epoch 263/300 | train_loss=271.5332 | train_acc=0.1124 | test_loss=46.0192 | test_acc=0.1135
Epoch 053/300 | train_loss=271.5425 | train_acc=0.1124 | test_loss=46.0190 | test_acc=0.1135
Epoch 257/300 | train_loss=271.5435 | train_acc=0.1124 | test_loss=46.0193 | test_acc=0.1135
Epoch 266/300 | train_loss=271.5437 | train_acc=0.1124 | test_loss=46.0192 | test_acc=0.1135
Epoch 269/300 | train_loss=271.5420 | train_acc=0.1124 | test_loss=46.0195 | test_acc=0.1135
Epoch 255/300 | train_loss=271.5459 | train_acc=0.1124 | test_loss=46.0195 | test_acc=0.1135
Epoch 054/300 | train_loss=271.5439 | train_acc=0.1124 | test_loss=46.0194 | test_acc=0.1135
Epoch 264/300 | train_loss=271.5435 | train_acc=0.1124 | test_loss=46.0190 | test_acc=0.1135
Epoch 267/300 | train_loss=271.5458 | train_acc=0.1124 | test_loss=46.0194 | test_acc=0.1135
Epoch 270/300 | train_loss=271.5393 | train_acc=0.1124 | test_loss=46.0194 | test_acc=0.1135
Epoch 258/300 | train_loss=271.5404 | train_acc=0.1124 | test_loss=46.0188 | test_acc=0.1135
Epoch 256/300 | train_loss=271.5407 | train_acc=0.1124 | test_loss=46.0192 | test_acc=0.1135
Epoch 055/300 | train_loss=271.5420 | train_acc=0.1124 | test_loss=46.0193 | test_acc=0.1135
Epoch 265/300 | train_loss=271.5414 | train_acc=0.1124 | test_loss=46.0194 | test_acc=0.1135
Epoch 268/300 | train_loss=271.5388 | train_acc=0.1124 | test_loss=46.0191 | test_acc=0.1135
Epoch 259/300 | train_loss=271.5445 | train_acc=0.1124 | test_loss=46.0195 | test_acc=0.1135
Epoch 271/300 | train_loss=271.5400 | train_acc=0.1124 | test_loss=46.0190 | test_acc=0.1135
Epoch 056/300 | train_loss=271.5415 | train_acc=0.1124 | test_loss=46.0194 | test_acc=0.1135
Epoch 257/300 | train_loss=271.5488 | train_acc=0.1124 | test_loss=46.0190 | test_acc=0.1135
Epoch 272/300 | train_loss=271.5358 | train_acc=0.1124 | test_loss=46.0191 | test_acc=0.1135
Epoch 269/300 | train_loss=271.5329 | train_acc=0.1124 | test_loss=46.0190 | test_acc=0.1135
Epoch 266/300 | train_loss=271.5424 | train_acc=0.1124 | test_loss=46.0195 | test_acc=0.1135
Epoch 260/300 | train_loss=271.5372 | train_acc=0.1124 | test_loss=46.0193 | test_acc=0.1135
Epoch 057/300 | train_loss=271.5390 | train_acc=0.1124 | test_loss=46.0190 | test_acc=0.1135
Epoch 258/300 | train_loss=271.5469 | train_acc=0.1124 | test_loss=46.0188 | test_acc=0.1135
Epoch 273/300 | train_loss=271.5496 | train_acc=0.1124 | test_loss=46.0193 | test_acc=0.1135
Epoch 270/300 | train_loss=271.5426 | train_acc=0.1124 | test_loss=46.0190 | test_acc=0.1135
Epoch 267/300 | train_loss=271.5439 | train_acc=0.1124 | test_loss=46.0187 | test_acc=0.1135
Epoch 058/300 | train_loss=271.5378 | train_acc=0.1124 | test_loss=46.0192 | test_acc=0.1135
Epoch 261/300 | train_loss=271.5414 | train_acc=0.1124 | test_loss=46.0191 | test_acc=0.1135
Epoch 268/300 | train_loss=271.5413 | train_acc=0.1124 | test_loss=46.0191 | test_acc=0.1135
Epoch 259/300 | train_loss=271.5470 | train_acc=0.1124 | test_loss=46.0186 | test_acc=0.1135
Epoch 059/300 | train_loss=271.5430 | train_acc=0.1124 | test_loss=46.0191 | test_acc=0.1135
Epoch 271/300 | train_loss=271.5523 | train_acc=0.1124 | test_loss=46.0193 | test_acc=0.1135
Epoch 274/300 | train_loss=271.5504 | train_acc=0.1124 | test_loss=46.0193 | test_acc=0.1135
Epoch 262/300 | train_loss=271.5423 | train_acc=0.1124 | test_loss=46.0188 | test_acc=0.1135
Epoch 060/300 | train_loss=271.5373 | train_acc=0.1124 | test_loss=46.0188 | test_acc=0.1135
Epoch 269/300 | train_loss=271.5423 | train_acc=0.1124 | test_loss=46.0191 | test_acc=0.1135
Epoch 275/300 | train_loss=271.5382 | train_acc=0.1124 | test_loss=46.0196 | test_acc=0.1135
Epoch 260/300 | train_loss=271.5429 | train_acc=0.1124 | test_loss=46.0192 | test_acc=0.1135
Epoch 272/300 | train_loss=271.5410 | train_acc=0.1124 | test_loss=46.0194 | test_acc=0.1135
Epoch 061/300 | train_loss=271.5520 | train_acc=0.1124 | test_loss=46.0192 | test_acc=0.1135
Epoch 263/300 | train_loss=271.5332 | train_acc=0.1124 | test_loss=46.0192 | test_acc=0.1135
Epoch 270/300 | train_loss=271.5426 | train_acc=0.1124 | test_loss=46.0192 | test_acc=0.1135
Epoch 261/300 | train_loss=271.5430 | train_acc=0.1124 | test_loss=46.0189 | test_acc=0.1135
Epoch 276/300 | train_loss=271.5372 | train_acc=0.1124 | test_loss=46.0191 | test_acc=0.1135
Epoch 273/300 | train_loss=271.5434 | train_acc=0.1124 | test_loss=46.0185 | test_acc=0.1135
Epoch 062/300 | train_loss=271.5431 | train_acc=0.1124 | test_loss=46.0190 | test_acc=0.1135
Epoch 264/300 | train_loss=271.5435 | train_acc=0.1124 | test_loss=46.0190 | test_acc=0.1135
Epoch 271/300 | train_loss=271.5440 | train_acc=0.1124 | test_loss=46.0196 | test_acc=0.1135
Epoch 277/300 | train_loss=271.5527 | train_acc=0.1124 | test_loss=46.0191 | test_acc=0.1135
Epoch 274/300 | train_loss=271.5472 | train_acc=0.1124 | test_loss=46.0189 | test_acc=0.1135
Epoch 262/300 | train_loss=271.5451 | train_acc=0.1124 | test_loss=46.0189 | test_acc=0.1135
Epoch 063/300 | train_loss=271.5335 | train_acc=0.1124 | test_loss=46.0192 | test_acc=0.1135
Epoch 265/300 | train_loss=271.5414 | train_acc=0.1124 | test_loss=46.0194 | test_acc=0.1135
Epoch 278/300 | train_loss=271.5394 | train_acc=0.1124 | test_loss=46.0190 | test_acc=0.1135
Epoch 272/300 | train_loss=271.5403 | train_acc=0.1124 | test_loss=46.0193 | test_acc=0.1135
Epoch 275/300 | train_loss=271.5384 | train_acc=0.1124 | test_loss=46.0194 | test_acc=0.1135
Epoch 064/300 | train_loss=271.5566 | train_acc=0.1124 | test_loss=46.0192 | test_acc=0.1135
Epoch 263/300 | train_loss=271.5457 | train_acc=0.1124 | test_loss=46.0193 | test_acc=0.1135
Epoch 266/300 | train_loss=271.5424 | train_acc=0.1124 | test_loss=46.0195 | test_acc=0.1135
Epoch 273/300 | train_loss=271.5408 | train_acc=0.1124 | test_loss=46.0190 | test_acc=0.1135
Epoch 279/300 | train_loss=271.5476 | train_acc=0.1124 | test_loss=46.0192 | test_acc=0.1135
Epoch 065/300 | train_loss=271.5333 | train_acc=0.1124 | test_loss=46.0193 | test_acc=0.1135
Epoch 276/300 | train_loss=271.5391 | train_acc=0.1124 | test_loss=46.0189 | test_acc=0.1135
Epoch 267/300 | train_loss=271.5439 | train_acc=0.1124 | test_loss=46.0187 | test_acc=0.1135
Epoch 264/300 | train_loss=271.5477 | train_acc=0.1124 | test_loss=46.0194 | test_acc=0.1135
Epoch 066/300 | train_loss=271.5393 | train_acc=0.1124 | test_loss=46.0191 | test_acc=0.1135
Epoch 274/300 | train_loss=271.5520 | train_acc=0.1124 | test_loss=46.0188 | test_acc=0.1135
Epoch 280/300 | train_loss=271.5344 | train_acc=0.1124 | test_loss=46.0191 | test_acc=0.1135
Epoch 277/300 | train_loss=271.5433 | train_acc=0.1124 | test_loss=46.0191 | test_acc=0.1135
Epoch 268/300 | train_loss=271.5413 | train_acc=0.1124 | test_loss=46.0191 | test_acc=0.1135
Epoch 067/300 | train_loss=271.5458 | train_acc=0.1124 | test_loss=46.0189 | test_acc=0.1135
Epoch 281/300 | train_loss=271.5459 | train_acc=0.1124 | test_loss=46.0195 | test_acc=0.1135
Epoch 278/300 | train_loss=271.5402 | train_acc=0.1124 | test_loss=46.0192 | test_acc=0.1135
Epoch 275/300 | train_loss=271.5449 | train_acc=0.1124 | test_loss=46.0189 | test_acc=0.1135
Epoch 265/300 | train_loss=271.5505 | train_acc=0.1124 | test_loss=46.0190 | test_acc=0.1135
Epoch 269/300 | train_loss=271.5423 | train_acc=0.1124 | test_loss=46.0191 | test_acc=0.1135
Epoch 068/300 | train_loss=271.5417 | train_acc=0.1124 | test_loss=46.0190 | test_acc=0.1135
Epoch 279/300 | train_loss=271.5424 | train_acc=0.1124 | test_loss=46.0194 | test_acc=0.1135
Epoch 266/300 | train_loss=271.5458 | train_acc=0.1124 | test_loss=46.0191 | test_acc=0.1135
Epoch 282/300 | train_loss=271.5413 | train_acc=0.1124 | test_loss=46.0195 | test_acc=0.1135
Epoch 276/300 | train_loss=271.5457 | train_acc=0.1124 | test_loss=46.0191 | test_acc=0.1135
Epoch 069/300 | train_loss=271.5441 | train_acc=0.1124 | test_loss=46.0191 | test_acc=0.1135
Epoch 270/300 | train_loss=271.5426 | train_acc=0.1124 | test_loss=46.0192 | test_acc=0.1135
Epoch 280/300 | train_loss=271.5412 | train_acc=0.1124 | test_loss=46.0194 | test_acc=0.1135
Epoch 267/300 | train_loss=271.5407 | train_acc=0.1124 | test_loss=46.0193 | test_acc=0.1135
Epoch 283/300 | train_loss=271.5410 | train_acc=0.1124 | test_loss=46.0191 | test_acc=0.1135
Epoch 277/300 | train_loss=271.5461 | train_acc=0.1124 | test_loss=46.0194 | test_acc=0.1135
Epoch 070/300 | train_loss=271.5405 | train_acc=0.1124 | test_loss=46.0191 | test_acc=0.1135
Epoch 271/300 | train_loss=271.5440 | train_acc=0.1124 | test_loss=46.0196 | test_acc=0.1135
Epoch 281/300 | train_loss=271.5487 | train_acc=0.1124 | test_loss=46.0191 | test_acc=0.1135
Epoch 278/300 | train_loss=271.5452 | train_acc=0.1124 | test_loss=46.0190 | test_acc=0.1135
Epoch 268/300 | train_loss=271.5435 | train_acc=0.1124 | test_loss=46.0193 | test_acc=0.1135
Epoch 071/300 | train_loss=271.5463 | train_acc=0.1124 | test_loss=46.0189 | test_acc=0.1135
Epoch 284/300 | train_loss=271.5461 | train_acc=0.1124 | test_loss=46.0191 | test_acc=0.1135
Epoch 272/300 | train_loss=271.5403 | train_acc=0.1124 | test_loss=46.0193 | test_acc=0.1135
Epoch 282/300 | train_loss=271.5448 | train_acc=0.1124 | test_loss=46.0197 | test_acc=0.1135
Epoch 072/300 | train_loss=271.5419 | train_acc=0.1124 | test_loss=46.0195 | test_acc=0.1135
Epoch 279/300 | train_loss=271.5381 | train_acc=0.1124 | test_loss=46.0194 | test_acc=0.1135
Epoch 269/300 | train_loss=271.5389 | train_acc=0.1124 | test_loss=46.0191 | test_acc=0.1135
Epoch 285/300 | train_loss=271.5439 | train_acc=0.1124 | test_loss=46.0195 | test_acc=0.1135
Epoch 273/300 | train_loss=271.5408 | train_acc=0.1124 | test_loss=46.0190 | test_acc=0.1135
Epoch 283/300 | train_loss=271.5485 | train_acc=0.1124 | test_loss=46.0195 | test_acc=0.1135
Epoch 073/300 | train_loss=271.5464 | train_acc=0.1124 | test_loss=46.0194 | test_acc=0.1135
Epoch 280/300 | train_loss=271.5401 | train_acc=0.1124 | test_loss=46.0196 | test_acc=0.1135
Epoch 270/300 | train_loss=271.5467 | train_acc=0.1124 | test_loss=46.0190 | test_acc=0.1135
Epoch 286/300 | train_loss=271.5459 | train_acc=0.1124 | test_loss=46.0191 | test_acc=0.1135
Epoch 074/300 | train_loss=271.5410 | train_acc=0.1124 | test_loss=46.0195 | test_acc=0.1135
Epoch 274/300 | train_loss=271.5520 | train_acc=0.1124 | test_loss=46.0188 | test_acc=0.1135
Epoch 284/300 | train_loss=271.5442 | train_acc=0.1124 | test_loss=46.0193 | test_acc=0.1135
Epoch 281/300 | train_loss=271.5369 | train_acc=0.1124 | test_loss=46.0195 | test_acc=0.1135
Epoch 271/300 | train_loss=271.5421 | train_acc=0.1124 | test_loss=46.0190 | test_acc=0.1135
Epoch 287/300 | train_loss=271.5470 | train_acc=0.1124 | test_loss=46.0190 | test_acc=0.1135
Epoch 075/300 | train_loss=271.5430 | train_acc=0.1124 | test_loss=46.0192 | test_acc=0.1135
Epoch 285/300 | train_loss=271.5372 | train_acc=0.1124 | test_loss=46.0193 | test_acc=0.1135
Epoch 275/300 | train_loss=271.5449 | train_acc=0.1124 | test_loss=46.0189 | test_acc=0.1135
Epoch 282/300 | train_loss=271.5416 | train_acc=0.1124 | test_loss=46.0197 | test_acc=0.1135
Epoch 272/300 | train_loss=271.5436 | train_acc=0.1124 | test_loss=46.0196 | test_acc=0.1135
Epoch 076/300 | train_loss=271.5420 | train_acc=0.1124 | test_loss=46.0190 | test_acc=0.1135
Epoch 288/300 | train_loss=271.5382 | train_acc=0.1124 | test_loss=46.0194 | test_acc=0.1135
Epoch 276/300 | train_loss=271.5457 | train_acc=0.1124 | test_loss=46.0191 | test_acc=0.1135
Epoch 286/300 | train_loss=271.5486 | train_acc=0.1124 | test_loss=46.0195 | test_acc=0.1135
Epoch 077/300 | train_loss=271.5485 | train_acc=0.1124 | test_loss=46.0192 | test_acc=0.1135
Epoch 273/300 | train_loss=271.5387 | train_acc=0.1124 | test_loss=46.0188 | test_acc=0.1135
Epoch 283/300 | train_loss=271.5454 | train_acc=0.1124 | test_loss=46.0196 | test_acc=0.1135
Epoch 289/300 | train_loss=271.5462 | train_acc=0.1124 | test_loss=46.0194 | test_acc=0.1135
Epoch 078/300 | train_loss=271.5399 | train_acc=0.1124 | test_loss=46.0188 | test_acc=0.1135
Epoch 277/300 | train_loss=271.5461 | train_acc=0.1124 | test_loss=46.0194 | test_acc=0.1135
Epoch 287/300 | train_loss=271.5371 | train_acc=0.1124 | test_loss=46.0197 | test_acc=0.1135
Epoch 284/300 | train_loss=271.5411 | train_acc=0.1124 | test_loss=46.0196 | test_acc=0.1135
Epoch 274/300 | train_loss=271.5448 | train_acc=0.1124 | test_loss=46.0193 | test_acc=0.1135
Epoch 079/300 | train_loss=271.5389 | train_acc=0.1124 | test_loss=46.0189 | test_acc=0.1135
Epoch 290/300 | train_loss=271.5384 | train_acc=0.1124 | test_loss=46.0191 | test_acc=0.1135
Epoch 278/300 | train_loss=271.5452 | train_acc=0.1124 | test_loss=46.0190 | test_acc=0.1135
Epoch 288/300 | train_loss=271.5479 | train_acc=0.1124 | test_loss=46.0195 | test_acc=0.1135
Epoch 285/300 | train_loss=271.5497 | train_acc=0.1124 | test_loss=46.0193 | test_acc=0.1135
Epoch 275/300 | train_loss=271.5448 | train_acc=0.1124 | test_loss=46.0194 | test_acc=0.1135
Epoch 279/300 | train_loss=271.5381 | train_acc=0.1124 | test_loss=46.0194 | test_acc=0.1135
Epoch 080/300 | train_loss=271.5459 | train_acc=0.1124 | test_loss=46.0198 | test_acc=0.1135
Epoch 291/300 | train_loss=271.5403 | train_acc=0.1124 | test_loss=46.0190 | test_acc=0.1135
Epoch 289/300 | train_loss=271.5444 | train_acc=0.1124 | test_loss=46.0193 | test_acc=0.1135
Epoch 286/300 | train_loss=271.5422 | train_acc=0.1124 | test_loss=46.0187 | test_acc=0.1135
Epoch 081/300 | train_loss=271.5445 | train_acc=0.1124 | test_loss=46.0194 | test_acc=0.1135
Epoch 276/300 | train_loss=271.5460 | train_acc=0.1124 | test_loss=46.0192 | test_acc=0.1135
Epoch 280/300 | train_loss=271.5401 | train_acc=0.1124 | test_loss=46.0196 | test_acc=0.1135
Epoch 292/300 | train_loss=271.5459 | train_acc=0.1124 | test_loss=46.0190 | test_acc=0.1135
Epoch 290/300 | train_loss=271.5454 | train_acc=0.1124 | test_loss=46.0194 | test_acc=0.1135
Epoch 082/300 | train_loss=271.5445 | train_acc=0.1124 | test_loss=46.0192 | test_acc=0.1135
Epoch 287/300 | train_loss=271.5429 | train_acc=0.1124 | test_loss=46.0191 | test_acc=0.1135
Epoch 277/300 | train_loss=271.5452 | train_acc=0.1124 | test_loss=46.0196 | test_acc=0.1135
Epoch 281/300 | train_loss=271.5369 | train_acc=0.1124 | test_loss=46.0195 | test_acc=0.1135
Epoch 293/300 | train_loss=271.5481 | train_acc=0.1124 | test_loss=46.0192 | test_acc=0.1135
Epoch 291/300 | train_loss=271.5413 | train_acc=0.1124 | test_loss=46.0195 | test_acc=0.1135
Epoch 083/300 | train_loss=271.5524 | train_acc=0.1124 | test_loss=46.0192 | test_acc=0.1135
Epoch 288/300 | train_loss=271.5487 | train_acc=0.1124 | test_loss=46.0193 | test_acc=0.1135
Epoch 282/300 | train_loss=271.5416 | train_acc=0.1124 | test_loss=46.0197 | test_acc=0.1135
Epoch 278/300 | train_loss=271.5395 | train_acc=0.1124 | test_loss=46.0190 | test_acc=0.1135
Epoch 294/300 | train_loss=271.5373 | train_acc=0.1124 | test_loss=46.0193 | test_acc=0.1135
Epoch 292/300 | train_loss=271.5451 | train_acc=0.1124 | test_loss=46.0193 | test_acc=0.1135
Epoch 084/300 | train_loss=271.5351 | train_acc=0.1124 | test_loss=46.0190 | test_acc=0.1135
Epoch 283/300 | train_loss=271.5454 | train_acc=0.1124 | test_loss=46.0196 | test_acc=0.1135
Epoch 289/300 | train_loss=271.5449 | train_acc=0.1124 | test_loss=46.0190 | test_acc=0.1135
Epoch 085/300 | train_loss=271.5456 | train_acc=0.1124 | test_loss=46.0192 | test_acc=0.1135
Epoch 293/300 | train_loss=271.5437 | train_acc=0.1124 | test_loss=46.0191 | test_acc=0.1135
Epoch 279/300 | train_loss=271.5357 | train_acc=0.1124 | test_loss=46.0192 | test_acc=0.1135
Epoch 295/300 | train_loss=271.5460 | train_acc=0.1124 | test_loss=46.0191 | test_acc=0.1135
Epoch 284/300 | train_loss=271.5411 | train_acc=0.1124 | test_loss=46.0196 | test_acc=0.1135
Epoch 290/300 | train_loss=271.5433 | train_acc=0.1124 | test_loss=46.0189 | test_acc=0.1135
Epoch 086/300 | train_loss=271.5447 | train_acc=0.1124 | test_loss=46.0193 | test_acc=0.1135
Epoch 280/300 | train_loss=271.5288 | train_acc=0.1124 | test_loss=46.0194 | test_acc=0.1135
Epoch 285/300 | train_loss=271.5497 | train_acc=0.1124 | test_loss=46.0193 | test_acc=0.1135
Epoch 294/300 | train_loss=271.5441 | train_acc=0.1124 | test_loss=46.0191 | test_acc=0.1135
Epoch 296/300 | train_loss=271.5357 | train_acc=0.1124 | test_loss=46.0191 | test_acc=0.1135
Epoch 087/300 | train_loss=271.5406 | train_acc=0.1124 | test_loss=46.0193 | test_acc=0.1135
Epoch 291/300 | train_loss=271.5431 | train_acc=0.1124 | test_loss=46.0191 | test_acc=0.1135
Epoch 286/300 | train_loss=271.5422 | train_acc=0.1124 | test_loss=46.0187 | test_acc=0.1135
Epoch 281/300 | train_loss=271.5435 | train_acc=0.1124 | test_loss=46.0190 | test_acc=0.1135
Epoch 295/300 | train_loss=271.5495 | train_acc=0.1124 | test_loss=46.0187 | test_acc=0.1135
Epoch 297/300 | train_loss=271.5484 | train_acc=0.1124 | test_loss=46.0194 | test_acc=0.1135
Epoch 088/300 | train_loss=271.5472 | train_acc=0.1124 | test_loss=46.0193 | test_acc=0.1135
Epoch 282/300 | train_loss=271.5454 | train_acc=0.1124 | test_loss=46.0190 | test_acc=0.1135
Epoch 292/300 | train_loss=271.5440 | train_acc=0.1124 | test_loss=46.0188 | test_acc=0.1135
Epoch 287/300 | train_loss=271.5429 | train_acc=0.1124 | test_loss=46.0191 | test_acc=0.1135
Epoch 296/300 | train_loss=271.5440 | train_acc=0.1124 | test_loss=46.0190 | test_acc=0.1135
Epoch 089/300 | train_loss=271.5518 | train_acc=0.1124 | test_loss=46.0192 | test_acc=0.1135
Epoch 298/300 | train_loss=271.5474 | train_acc=0.1124 | test_loss=46.0190 | test_acc=0.1135
Epoch 283/300 | train_loss=271.5444 | train_acc=0.1124 | test_loss=46.0190 | test_acc=0.1135
Epoch 293/300 | train_loss=271.5365 | train_acc=0.1124 | test_loss=46.0195 | test_acc=0.1135
Epoch 090/300 | train_loss=271.5414 | train_acc=0.1124 | test_loss=46.0194 | test_acc=0.1135
Epoch 288/300 | train_loss=271.5487 | train_acc=0.1124 | test_loss=46.0193 | test_acc=0.1135
Epoch 297/300 | train_loss=271.5415 | train_acc=0.1124 | test_loss=46.0195 | test_acc=0.1135
Epoch 299/300 | train_loss=271.5421 | train_acc=0.1124 | test_loss=46.0190 | test_acc=0.1135
Epoch 091/300 | train_loss=271.5480 | train_acc=0.1124 | test_loss=46.0192 | test_acc=0.1135
Epoch 294/300 | train_loss=271.5421 | train_acc=0.1124 | test_loss=46.0193 | test_acc=0.1135
Epoch 284/300 | train_loss=271.5371 | train_acc=0.1124 | test_loss=46.0192 | test_acc=0.1135
Epoch 289/300 | train_loss=271.5449 | train_acc=0.1124 | test_loss=46.0190 | test_acc=0.1135
Epoch 298/300 | train_loss=271.5405 | train_acc=0.1124 | test_loss=46.0195 | test_acc=0.1135
Epoch 092/300 | train_loss=271.5483 | train_acc=0.1124 | test_loss=46.0193 | test_acc=0.1135
Epoch 300/300 | train_loss=271.5499 | train_acc=0.1124 | test_loss=46.0190 | test_acc=0.1135
Epoch 285/300 | train_loss=271.5367 | train_acc=0.1124 | test_loss=46.0190 | test_acc=0.1135
Epoch 290/300 | train_loss=271.5433 | train_acc=0.1124 | test_loss=46.0189 | test_acc=0.1135
Epoch 295/300 | train_loss=271.5385 | train_acc=0.1124 | test_loss=46.0199 | test_acc=0.1135
Epoch 299/300 | train_loss=271.5470 | train_acc=0.1124 | test_loss=46.0192 | test_acc=0.1135
Epoch 093/300 | train_loss=271.5429 | train_acc=0.1124 | test_loss=46.0196 | test_acc=0.1135
Completed bio_trainable run 5 on cuda:2 | test_acc=0.1135
Epoch 296/300 | train_loss=271.5403 | train_acc=0.1124 | test_loss=46.0195 | test_acc=0.1135
Epoch 286/300 | train_loss=271.5485 | train_acc=0.1124 | test_loss=46.0191 | test_acc=0.1135
Epoch 291/300 | train_loss=271.5431 | train_acc=0.1124 | test_loss=46.0191 | test_acc=0.1135
Epoch 300/300 | train_loss=271.5460 | train_acc=0.1124 | test_loss=46.0191 | test_acc=0.1135
Epoch 094/300 | train_loss=271.5519 | train_acc=0.1124 | test_loss=46.0192 | test_acc=0.1135
Completed bio_frozen run 3 on cuda:6 | test_acc=0.1135
Epoch 297/300 | train_loss=271.5363 | train_acc=0.1124 | test_loss=46.0193 | test_acc=0.1135
Epoch 287/300 | train_loss=271.5416 | train_acc=0.1124 | test_loss=46.0188 | test_acc=0.1135
Epoch 292/300 | train_loss=271.5440 | train_acc=0.1124 | test_loss=46.0188 | test_acc=0.1135
Epoch 095/300 | train_loss=271.5431 | train_acc=0.1124 | test_loss=46.0190 | test_acc=0.1135
Epoch 298/300 | train_loss=271.5361 | train_acc=0.1124 | test_loss=46.0192 | test_acc=0.1135
Epoch 288/300 | train_loss=271.5492 | train_acc=0.1124 | test_loss=46.0191 | test_acc=0.1135
Epoch 096/300 | train_loss=271.5405 | train_acc=0.1124 | test_loss=46.0192 | test_acc=0.1135
Epoch 293/300 | train_loss=271.5365 | train_acc=0.1124 | test_loss=46.0195 | test_acc=0.1135
Epoch 299/300 | train_loss=271.5436 | train_acc=0.1124 | test_loss=46.0193 | test_acc=0.1135
Epoch 294/300 | train_loss=271.5421 | train_acc=0.1124 | test_loss=46.0193 | test_acc=0.1135
Epoch 097/300 | train_loss=271.5416 | train_acc=0.1124 | test_loss=46.0189 | test_acc=0.1135
Epoch 289/300 | train_loss=271.5358 | train_acc=0.1124 | test_loss=46.0193 | test_acc=0.1135
Epoch 300/300 | train_loss=271.5428 | train_acc=0.1124 | test_loss=46.0188 | test_acc=0.1135
Epoch 295/300 | train_loss=271.5385 | train_acc=0.1124 | test_loss=46.0199 | test_acc=0.1135
Epoch 098/300 | train_loss=271.5454 | train_acc=0.1124 | test_loss=46.0190 | test_acc=0.1135
Epoch 290/300 | train_loss=271.5360 | train_acc=0.1124 | test_loss=46.0191 | test_acc=0.1135
Completed bio_trainable run 4 on cuda:1 | test_acc=0.1135
Epoch 296/300 | train_loss=271.5403 | train_acc=0.1124 | test_loss=46.0195 | test_acc=0.1135
Epoch 099/300 | train_loss=271.5482 | train_acc=0.1124 | test_loss=46.0190 | test_acc=0.1135
Epoch 291/300 | train_loss=271.5446 | train_acc=0.1124 | test_loss=46.0197 | test_acc=0.1135
Epoch 297/300 | train_loss=271.5363 | train_acc=0.1124 | test_loss=46.0193 | test_acc=0.1135
Epoch 100/300 | train_loss=271.5400 | train_acc=0.1124 | test_loss=46.0188 | test_acc=0.1135
Epoch 292/300 | train_loss=271.5488 | train_acc=0.1124 | test_loss=46.0191 | test_acc=0.1135
Epoch 298/300 | train_loss=271.5361 | train_acc=0.1124 | test_loss=46.0192 | test_acc=0.1135
Epoch 101/300 | train_loss=271.5487 | train_acc=0.1124 | test_loss=46.0192 | test_acc=0.1135
Epoch 293/300 | train_loss=271.5431 | train_acc=0.1124 | test_loss=46.0192 | test_acc=0.1135
Epoch 299/300 | train_loss=271.5436 | train_acc=0.1124 | test_loss=46.0193 | test_acc=0.1135
Epoch 102/300 | train_loss=271.5476 | train_acc=0.1124 | test_loss=46.0188 | test_acc=0.1135
Epoch 294/300 | train_loss=271.5454 | train_acc=0.1124 | test_loss=46.0197 | test_acc=0.1135
Epoch 300/300 | train_loss=271.5428 | train_acc=0.1124 | test_loss=46.0188 | test_acc=0.1135
Epoch 103/300 | train_loss=271.5407 | train_acc=0.1124 | test_loss=46.0193 | test_acc=0.1135
Epoch 295/300 | train_loss=271.5493 | train_acc=0.1124 | test_loss=46.0194 | test_acc=0.1135
Completed bio_frozen run 4 on cuda:7 | test_acc=0.1135
Epoch 104/300 | train_loss=271.5457 | train_acc=0.1124 | test_loss=46.0195 | test_acc=0.1135
Epoch 296/300 | train_loss=271.5374 | train_acc=0.1124 | test_loss=46.0195 | test_acc=0.1135
Epoch 297/300 | train_loss=271.5363 | train_acc=0.1124 | test_loss=46.0193 | test_acc=0.1135
Epoch 105/300 | train_loss=271.5429 | train_acc=0.1124 | test_loss=46.0193 | test_acc=0.1135
Epoch 298/300 | train_loss=271.5491 | train_acc=0.1124 | test_loss=46.0190 | test_acc=0.1135
Epoch 106/300 | train_loss=271.5453 | train_acc=0.1124 | test_loss=46.0193 | test_acc=0.1135
Epoch 299/300 | train_loss=271.5368 | train_acc=0.1124 | test_loss=46.0193 | test_acc=0.1135
Epoch 107/300 | train_loss=271.5380 | train_acc=0.1124 | test_loss=46.0196 | test_acc=0.1135
Epoch 300/300 | train_loss=271.5409 | train_acc=0.1124 | test_loss=46.0195 | test_acc=0.1135
Epoch 108/300 | train_loss=271.5409 | train_acc=0.1124 | test_loss=46.0194 | test_acc=0.1135
Completed bio_frozen run 2 on cuda:5 | test_acc=0.1135
Epoch 109/300 | train_loss=271.5415 | train_acc=0.1124 | test_loss=46.0189 | test_acc=0.1135
Epoch 110/300 | train_loss=271.5450 | train_acc=0.1124 | test_loss=46.0192 | test_acc=0.1135
Epoch 111/300 | train_loss=271.5455 | train_acc=0.1124 | test_loss=46.0193 | test_acc=0.1135
Epoch 112/300 | train_loss=271.5478 | train_acc=0.1124 | test_loss=46.0191 | test_acc=0.1135
Epoch 113/300 | train_loss=271.5376 | train_acc=0.1124 | test_loss=46.0192 | test_acc=0.1135
Epoch 114/300 | train_loss=271.5407 | train_acc=0.1124 | test_loss=46.0193 | test_acc=0.1135
Epoch 115/300 | train_loss=271.5510 | train_acc=0.1124 | test_loss=46.0196 | test_acc=0.1135
Epoch 116/300 | train_loss=271.5377 | train_acc=0.1124 | test_loss=46.0196 | test_acc=0.1135
Epoch 117/300 | train_loss=271.5492 | train_acc=0.1124 | test_loss=46.0194 | test_acc=0.1135
Epoch 118/300 | train_loss=271.5369 | train_acc=0.1124 | test_loss=46.0193 | test_acc=0.1135
Epoch 119/300 | train_loss=271.5396 | train_acc=0.1124 | test_loss=46.0189 | test_acc=0.1135
Epoch 120/300 | train_loss=271.5503 | train_acc=0.1124 | test_loss=46.0188 | test_acc=0.1135
Epoch 121/300 | train_loss=271.5471 | train_acc=0.1124 | test_loss=46.0195 | test_acc=0.1135
Epoch 122/300 | train_loss=271.5502 | train_acc=0.1124 | test_loss=46.0193 | test_acc=0.1135
Epoch 123/300 | train_loss=271.5458 | train_acc=0.1124 | test_loss=46.0194 | test_acc=0.1135
Epoch 124/300 | train_loss=271.5391 | train_acc=0.1124 | test_loss=46.0197 | test_acc=0.1135
Epoch 125/300 | train_loss=271.5481 | train_acc=0.1124 | test_loss=46.0195 | test_acc=0.1135
Epoch 126/300 | train_loss=271.5435 | train_acc=0.1124 | test_loss=46.0190 | test_acc=0.1135
Epoch 127/300 | train_loss=271.5361 | train_acc=0.1124 | test_loss=46.0192 | test_acc=0.1135
Epoch 128/300 | train_loss=271.5407 | train_acc=0.1124 | test_loss=46.0190 | test_acc=0.1135
Epoch 129/300 | train_loss=271.5385 | train_acc=0.1124 | test_loss=46.0192 | test_acc=0.1135
Epoch 130/300 | train_loss=271.5475 | train_acc=0.1124 | test_loss=46.0194 | test_acc=0.1135
Epoch 131/300 | train_loss=271.5334 | train_acc=0.1124 | test_loss=46.0195 | test_acc=0.1135
Epoch 132/300 | train_loss=271.5412 | train_acc=0.1124 | test_loss=46.0195 | test_acc=0.1135
Epoch 133/300 | train_loss=271.5444 | train_acc=0.1124 | test_loss=46.0197 | test_acc=0.1135
Epoch 134/300 | train_loss=271.5421 | train_acc=0.1124 | test_loss=46.0191 | test_acc=0.1135
Epoch 135/300 | train_loss=271.5403 | train_acc=0.1124 | test_loss=46.0190 | test_acc=0.1135
Epoch 136/300 | train_loss=271.5391 | train_acc=0.1124 | test_loss=46.0192 | test_acc=0.1135
Epoch 137/300 | train_loss=271.5518 | train_acc=0.1124 | test_loss=46.0194 | test_acc=0.1135
Epoch 138/300 | train_loss=271.5455 | train_acc=0.1124 | test_loss=46.0194 | test_acc=0.1135
Epoch 139/300 | train_loss=271.5486 | train_acc=0.1124 | test_loss=46.0193 | test_acc=0.1135
Epoch 140/300 | train_loss=271.5444 | train_acc=0.1124 | test_loss=46.0192 | test_acc=0.1135
Epoch 141/300 | train_loss=271.5389 | train_acc=0.1124 | test_loss=46.0192 | test_acc=0.1135
Epoch 142/300 | train_loss=271.5471 | train_acc=0.1124 | test_loss=46.0193 | test_acc=0.1135
Epoch 143/300 | train_loss=271.5315 | train_acc=0.1124 | test_loss=46.0196 | test_acc=0.1135
Epoch 144/300 | train_loss=271.5420 | train_acc=0.1124 | test_loss=46.0195 | test_acc=0.1135
Epoch 145/300 | train_loss=271.5434 | train_acc=0.1124 | test_loss=46.0197 | test_acc=0.1135
Epoch 146/300 | train_loss=271.5425 | train_acc=0.1124 | test_loss=46.0193 | test_acc=0.1135
Epoch 147/300 | train_loss=271.5463 | train_acc=0.1124 | test_loss=46.0194 | test_acc=0.1135
Epoch 148/300 | train_loss=271.5437 | train_acc=0.1124 | test_loss=46.0196 | test_acc=0.1135
Epoch 149/300 | train_loss=271.5454 | train_acc=0.1124 | test_loss=46.0191 | test_acc=0.1135
Epoch 150/300 | train_loss=271.5463 | train_acc=0.1124 | test_loss=46.0188 | test_acc=0.1135
Epoch 151/300 | train_loss=271.5489 | train_acc=0.1124 | test_loss=46.0193 | test_acc=0.1135
Epoch 152/300 | train_loss=271.5444 | train_acc=0.1124 | test_loss=46.0194 | test_acc=0.1135
Epoch 153/300 | train_loss=271.5377 | train_acc=0.1124 | test_loss=46.0189 | test_acc=0.1135
Epoch 154/300 | train_loss=271.5463 | train_acc=0.1124 | test_loss=46.0193 | test_acc=0.1135
Epoch 155/300 | train_loss=271.5449 | train_acc=0.1124 | test_loss=46.0191 | test_acc=0.1135
Epoch 156/300 | train_loss=271.5413 | train_acc=0.1124 | test_loss=46.0195 | test_acc=0.1135
Epoch 157/300 | train_loss=271.5447 | train_acc=0.1124 | test_loss=46.0193 | test_acc=0.1135
Epoch 158/300 | train_loss=271.5495 | train_acc=0.1124 | test_loss=46.0194 | test_acc=0.1135
Epoch 159/300 | train_loss=271.5437 | train_acc=0.1124 | test_loss=46.0190 | test_acc=0.1135
Epoch 160/300 | train_loss=271.5472 | train_acc=0.1124 | test_loss=46.0191 | test_acc=0.1135
Epoch 161/300 | train_loss=271.5483 | train_acc=0.1124 | test_loss=46.0194 | test_acc=0.1135
Epoch 162/300 | train_loss=271.5400 | train_acc=0.1124 | test_loss=46.0194 | test_acc=0.1135
Epoch 163/300 | train_loss=271.5359 | train_acc=0.1124 | test_loss=46.0197 | test_acc=0.1135
Epoch 164/300 | train_loss=271.5474 | train_acc=0.1124 | test_loss=46.0194 | test_acc=0.1135
Epoch 165/300 | train_loss=271.5535 | train_acc=0.1124 | test_loss=46.0199 | test_acc=0.1135
Epoch 166/300 | train_loss=271.5496 | train_acc=0.1124 | test_loss=46.0195 | test_acc=0.1135
Epoch 167/300 | train_loss=271.5433 | train_acc=0.1124 | test_loss=46.0193 | test_acc=0.1135
Epoch 168/300 | train_loss=271.5418 | train_acc=0.1124 | test_loss=46.0194 | test_acc=0.1135
Epoch 169/300 | train_loss=271.5410 | train_acc=0.1124 | test_loss=46.0193 | test_acc=0.1135
Epoch 170/300 | train_loss=271.5411 | train_acc=0.1124 | test_loss=46.0189 | test_acc=0.1135
Epoch 171/300 | train_loss=271.5394 | train_acc=0.1124 | test_loss=46.0189 | test_acc=0.1135
Epoch 172/300 | train_loss=271.5400 | train_acc=0.1124 | test_loss=46.0192 | test_acc=0.1135
Epoch 173/300 | train_loss=271.5369 | train_acc=0.1124 | test_loss=46.0192 | test_acc=0.1135
Epoch 174/300 | train_loss=271.5429 | train_acc=0.1124 | test_loss=46.0189 | test_acc=0.1135
Epoch 175/300 | train_loss=271.5510 | train_acc=0.1124 | test_loss=46.0191 | test_acc=0.1135
Epoch 176/300 | train_loss=271.5390 | train_acc=0.1124 | test_loss=46.0195 | test_acc=0.1135
Epoch 177/300 | train_loss=271.5438 | train_acc=0.1124 | test_loss=46.0192 | test_acc=0.1135
Epoch 178/300 | train_loss=271.5424 | train_acc=0.1124 | test_loss=46.0193 | test_acc=0.1135
Epoch 179/300 | train_loss=271.5375 | train_acc=0.1124 | test_loss=46.0198 | test_acc=0.1135
Epoch 180/300 | train_loss=271.5437 | train_acc=0.1124 | test_loss=46.0195 | test_acc=0.1135
Epoch 181/300 | train_loss=271.5447 | train_acc=0.1124 | test_loss=46.0190 | test_acc=0.1135
Epoch 182/300 | train_loss=271.5476 | train_acc=0.1124 | test_loss=46.0191 | test_acc=0.1135
Epoch 183/300 | train_loss=271.5472 | train_acc=0.1124 | test_loss=46.0193 | test_acc=0.1135
Epoch 184/300 | train_loss=271.5498 | train_acc=0.1124 | test_loss=46.0193 | test_acc=0.1135
Epoch 185/300 | train_loss=271.5348 | train_acc=0.1124 | test_loss=46.0194 | test_acc=0.1135
Epoch 186/300 | train_loss=271.5388 | train_acc=0.1124 | test_loss=46.0195 | test_acc=0.1135
Epoch 187/300 | train_loss=271.5374 | train_acc=0.1124 | test_loss=46.0191 | test_acc=0.1135
Epoch 188/300 | train_loss=271.5412 | train_acc=0.1124 | test_loss=46.0192 | test_acc=0.1135
Epoch 189/300 | train_loss=271.5494 | train_acc=0.1124 | test_loss=46.0191 | test_acc=0.1135
Epoch 190/300 | train_loss=271.5468 | train_acc=0.1124 | test_loss=46.0194 | test_acc=0.1135
Epoch 191/300 | train_loss=271.5427 | train_acc=0.1124 | test_loss=46.0192 | test_acc=0.1135
Epoch 192/300 | train_loss=271.5479 | train_acc=0.1124 | test_loss=46.0191 | test_acc=0.1135
Epoch 193/300 | train_loss=271.5355 | train_acc=0.1124 | test_loss=46.0189 | test_acc=0.1135
Epoch 194/300 | train_loss=271.5416 | train_acc=0.1124 | test_loss=46.0193 | test_acc=0.1135
Epoch 195/300 | train_loss=271.5390 | train_acc=0.1124 | test_loss=46.0192 | test_acc=0.1135
Epoch 196/300 | train_loss=271.5420 | train_acc=0.1124 | test_loss=46.0191 | test_acc=0.1135
Epoch 197/300 | train_loss=271.5422 | train_acc=0.1124 | test_loss=46.0189 | test_acc=0.1135
Epoch 198/300 | train_loss=271.5520 | train_acc=0.1124 | test_loss=46.0195 | test_acc=0.1135
Epoch 199/300 | train_loss=271.5443 | train_acc=0.1124 | test_loss=46.0191 | test_acc=0.1135
Epoch 200/300 | train_loss=271.5376 | train_acc=0.1124 | test_loss=46.0192 | test_acc=0.1135
Epoch 201/300 | train_loss=271.5464 | train_acc=0.1124 | test_loss=46.0193 | test_acc=0.1135
Epoch 202/300 | train_loss=271.5317 | train_acc=0.1124 | test_loss=46.0192 | test_acc=0.1135
Epoch 203/300 | train_loss=271.5502 | train_acc=0.1124 | test_loss=46.0192 | test_acc=0.1135
Epoch 204/300 | train_loss=271.5392 | train_acc=0.1124 | test_loss=46.0193 | test_acc=0.1135
Epoch 205/300 | train_loss=271.5398 | train_acc=0.1124 | test_loss=46.0189 | test_acc=0.1135
Epoch 206/300 | train_loss=271.5398 | train_acc=0.1124 | test_loss=46.0190 | test_acc=0.1135
Epoch 207/300 | train_loss=271.5401 | train_acc=0.1124 | test_loss=46.0191 | test_acc=0.1135
Epoch 208/300 | train_loss=271.5426 | train_acc=0.1124 | test_loss=46.0191 | test_acc=0.1135
Epoch 209/300 | train_loss=271.5452 | train_acc=0.1124 | test_loss=46.0191 | test_acc=0.1135
Epoch 210/300 | train_loss=271.5472 | train_acc=0.1124 | test_loss=46.0188 | test_acc=0.1135
Epoch 211/300 | train_loss=271.5420 | train_acc=0.1124 | test_loss=46.0190 | test_acc=0.1135
Epoch 212/300 | train_loss=271.5444 | train_acc=0.1124 | test_loss=46.0194 | test_acc=0.1135
Epoch 213/300 | train_loss=271.5446 | train_acc=0.1124 | test_loss=46.0191 | test_acc=0.1135
Epoch 214/300 | train_loss=271.5445 | train_acc=0.1124 | test_loss=46.0191 | test_acc=0.1135
Epoch 215/300 | train_loss=271.5453 | train_acc=0.1124 | test_loss=46.0193 | test_acc=0.1135
Epoch 216/300 | train_loss=271.5449 | train_acc=0.1124 | test_loss=46.0187 | test_acc=0.1135
Epoch 217/300 | train_loss=271.5460 | train_acc=0.1124 | test_loss=46.0192 | test_acc=0.1135
Epoch 218/300 | train_loss=271.5390 | train_acc=0.1124 | test_loss=46.0193 | test_acc=0.1135
Epoch 219/300 | train_loss=271.5383 | train_acc=0.1124 | test_loss=46.0193 | test_acc=0.1135
Epoch 220/300 | train_loss=271.5433 | train_acc=0.1124 | test_loss=46.0191 | test_acc=0.1135
Epoch 221/300 | train_loss=271.5445 | train_acc=0.1124 | test_loss=46.0187 | test_acc=0.1135
Epoch 222/300 | train_loss=271.5379 | train_acc=0.1124 | test_loss=46.0188 | test_acc=0.1135
Epoch 223/300 | train_loss=271.5553 | train_acc=0.1124 | test_loss=46.0190 | test_acc=0.1135
Epoch 224/300 | train_loss=271.5445 | train_acc=0.1124 | test_loss=46.0191 | test_acc=0.1135
Epoch 225/300 | train_loss=271.5425 | train_acc=0.1124 | test_loss=46.0192 | test_acc=0.1135
Epoch 226/300 | train_loss=271.5385 | train_acc=0.1124 | test_loss=46.0189 | test_acc=0.1135
Epoch 227/300 | train_loss=271.5396 | train_acc=0.1124 | test_loss=46.0192 | test_acc=0.1135
Epoch 228/300 | train_loss=271.5426 | train_acc=0.1124 | test_loss=46.0193 | test_acc=0.1135
Epoch 229/300 | train_loss=271.5475 | train_acc=0.1124 | test_loss=46.0195 | test_acc=0.1135
Epoch 230/300 | train_loss=271.5352 | train_acc=0.1124 | test_loss=46.0194 | test_acc=0.1135
Epoch 231/300 | train_loss=271.5478 | train_acc=0.1124 | test_loss=46.0194 | test_acc=0.1135
Epoch 232/300 | train_loss=271.5418 | train_acc=0.1124 | test_loss=46.0194 | test_acc=0.1135
Epoch 233/300 | train_loss=271.5415 | train_acc=0.1124 | test_loss=46.0194 | test_acc=0.1135
Epoch 234/300 | train_loss=271.5427 | train_acc=0.1124 | test_loss=46.0193 | test_acc=0.1135
Epoch 235/300 | train_loss=271.5356 | train_acc=0.1124 | test_loss=46.0199 | test_acc=0.1135
Epoch 236/300 | train_loss=271.5520 | train_acc=0.1124 | test_loss=46.0195 | test_acc=0.1135
Epoch 237/300 | train_loss=271.5442 | train_acc=0.1124 | test_loss=46.0193 | test_acc=0.1135
Epoch 238/300 | train_loss=271.5453 | train_acc=0.1124 | test_loss=46.0193 | test_acc=0.1135
Epoch 239/300 | train_loss=271.5392 | train_acc=0.1124 | test_loss=46.0196 | test_acc=0.1135
Epoch 240/300 | train_loss=271.5359 | train_acc=0.1124 | test_loss=46.0192 | test_acc=0.1135
Epoch 241/300 | train_loss=271.5426 | train_acc=0.1124 | test_loss=46.0193 | test_acc=0.1135
Epoch 242/300 | train_loss=271.5429 | train_acc=0.1124 | test_loss=46.0193 | test_acc=0.1135
Epoch 243/300 | train_loss=271.5392 | train_acc=0.1124 | test_loss=46.0191 | test_acc=0.1135
Epoch 244/300 | train_loss=271.5445 | train_acc=0.1124 | test_loss=46.0196 | test_acc=0.1135
Epoch 245/300 | train_loss=271.5385 | train_acc=0.1124 | test_loss=46.0194 | test_acc=0.1135
Epoch 246/300 | train_loss=271.5488 | train_acc=0.1124 | test_loss=46.0193 | test_acc=0.1135
Epoch 247/300 | train_loss=271.5444 | train_acc=0.1124 | test_loss=46.0197 | test_acc=0.1135
Epoch 248/300 | train_loss=271.5491 | train_acc=0.1124 | test_loss=46.0190 | test_acc=0.1135
Epoch 249/300 | train_loss=271.5423 | train_acc=0.1124 | test_loss=46.0193 | test_acc=0.1135
Epoch 250/300 | train_loss=271.5398 | train_acc=0.1124 | test_loss=46.0195 | test_acc=0.1135
Epoch 251/300 | train_loss=271.5399 | train_acc=0.1124 | test_loss=46.0193 | test_acc=0.1135
Epoch 252/300 | train_loss=271.5466 | train_acc=0.1124 | test_loss=46.0190 | test_acc=0.1135
Epoch 253/300 | train_loss=271.5496 | train_acc=0.1124 | test_loss=46.0195 | test_acc=0.1135
Epoch 254/300 | train_loss=271.5419 | train_acc=0.1124 | test_loss=46.0196 | test_acc=0.1135
Epoch 255/300 | train_loss=271.5393 | train_acc=0.1124 | test_loss=46.0190 | test_acc=0.1135
Epoch 256/300 | train_loss=271.5417 | train_acc=0.1124 | test_loss=46.0193 | test_acc=0.1135
Epoch 257/300 | train_loss=271.5504 | train_acc=0.1124 | test_loss=46.0197 | test_acc=0.1135
Epoch 258/300 | train_loss=271.5381 | train_acc=0.1124 | test_loss=46.0194 | test_acc=0.1135
Epoch 259/300 | train_loss=271.5401 | train_acc=0.1124 | test_loss=46.0194 | test_acc=0.1135
Epoch 260/300 | train_loss=271.5415 | train_acc=0.1124 | test_loss=46.0191 | test_acc=0.1135
Epoch 261/300 | train_loss=271.5493 | train_acc=0.1124 | test_loss=46.0188 | test_acc=0.1135
Epoch 262/300 | train_loss=271.5469 | train_acc=0.1124 | test_loss=46.0191 | test_acc=0.1135
Epoch 263/300 | train_loss=271.5484 | train_acc=0.1124 | test_loss=46.0192 | test_acc=0.1135
Epoch 264/300 | train_loss=271.5365 | train_acc=0.1124 | test_loss=46.0195 | test_acc=0.1135
Epoch 265/300 | train_loss=271.5407 | train_acc=0.1124 | test_loss=46.0194 | test_acc=0.1135
Epoch 266/300 | train_loss=271.5423 | train_acc=0.1124 | test_loss=46.0193 | test_acc=0.1135
Epoch 267/300 | train_loss=271.5392 | train_acc=0.1124 | test_loss=46.0192 | test_acc=0.1135
Epoch 268/300 | train_loss=271.5460 | train_acc=0.1124 | test_loss=46.0198 | test_acc=0.1135
Epoch 269/300 | train_loss=271.5420 | train_acc=0.1124 | test_loss=46.0195 | test_acc=0.1135
Epoch 270/300 | train_loss=271.5393 | train_acc=0.1124 | test_loss=46.0194 | test_acc=0.1135
Epoch 271/300 | train_loss=271.5400 | train_acc=0.1124 | test_loss=46.0190 | test_acc=0.1135
Epoch 272/300 | train_loss=271.5358 | train_acc=0.1124 | test_loss=46.0191 | test_acc=0.1135
Epoch 273/300 | train_loss=271.5496 | train_acc=0.1124 | test_loss=46.0193 | test_acc=0.1135
Epoch 274/300 | train_loss=271.5504 | train_acc=0.1124 | test_loss=46.0193 | test_acc=0.1135
Epoch 275/300 | train_loss=271.5382 | train_acc=0.1124 | test_loss=46.0196 | test_acc=0.1135
Epoch 276/300 | train_loss=271.5372 | train_acc=0.1124 | test_loss=46.0191 | test_acc=0.1135
Epoch 277/300 | train_loss=271.5527 | train_acc=0.1124 | test_loss=46.0191 | test_acc=0.1135
Epoch 278/300 | train_loss=271.5394 | train_acc=0.1124 | test_loss=46.0190 | test_acc=0.1135
Epoch 279/300 | train_loss=271.5476 | train_acc=0.1124 | test_loss=46.0192 | test_acc=0.1135
Epoch 280/300 | train_loss=271.5344 | train_acc=0.1124 | test_loss=46.0191 | test_acc=0.1135
Epoch 281/300 | train_loss=271.5459 | train_acc=0.1124 | test_loss=46.0195 | test_acc=0.1135
Epoch 282/300 | train_loss=271.5413 | train_acc=0.1124 | test_loss=46.0195 | test_acc=0.1135
Epoch 283/300 | train_loss=271.5410 | train_acc=0.1124 | test_loss=46.0191 | test_acc=0.1135
Epoch 284/300 | train_loss=271.5461 | train_acc=0.1124 | test_loss=46.0191 | test_acc=0.1135
Epoch 285/300 | train_loss=271.5439 | train_acc=0.1124 | test_loss=46.0195 | test_acc=0.1135
Epoch 286/300 | train_loss=271.5459 | train_acc=0.1124 | test_loss=46.0191 | test_acc=0.1135
Epoch 287/300 | train_loss=271.5470 | train_acc=0.1124 | test_loss=46.0190 | test_acc=0.1135
Epoch 288/300 | train_loss=271.5382 | train_acc=0.1124 | test_loss=46.0194 | test_acc=0.1135
Epoch 289/300 | train_loss=271.5462 | train_acc=0.1124 | test_loss=46.0194 | test_acc=0.1135
Epoch 290/300 | train_loss=271.5384 | train_acc=0.1124 | test_loss=46.0191 | test_acc=0.1135
Epoch 291/300 | train_loss=271.5403 | train_acc=0.1124 | test_loss=46.0190 | test_acc=0.1135
Epoch 292/300 | train_loss=271.5459 | train_acc=0.1124 | test_loss=46.0190 | test_acc=0.1135
Epoch 293/300 | train_loss=271.5481 | train_acc=0.1124 | test_loss=46.0192 | test_acc=0.1135
Epoch 294/300 | train_loss=271.5373 | train_acc=0.1124 | test_loss=46.0193 | test_acc=0.1135
Epoch 295/300 | train_loss=271.5460 | train_acc=0.1124 | test_loss=46.0191 | test_acc=0.1135
Epoch 296/300 | train_loss=271.5357 | train_acc=0.1124 | test_loss=46.0191 | test_acc=0.1135
Epoch 297/300 | train_loss=271.5484 | train_acc=0.1124 | test_loss=46.0194 | test_acc=0.1135
Epoch 298/300 | train_loss=271.5474 | train_acc=0.1124 | test_loss=46.0190 | test_acc=0.1135
Epoch 299/300 | train_loss=271.5421 | train_acc=0.1124 | test_loss=46.0190 | test_acc=0.1135
Epoch 300/300 | train_loss=271.5499 | train_acc=0.1124 | test_loss=46.0190 | test_acc=0.1135
Completed bio_frozen run 5 on cuda:0 | test_acc=0.1135

Saved results to /home/chyeung2/Documents/GRNN/runs/l_mnist_bio_table_parallel_20260527_110711
