2026-05-18 11:51:06,942 | INFO | Source run: runs/l_mnist_gfr_per_seed_20260515_100137
2026-05-18 11:51:06,942 | INFO | Output directory: runs/l_mnist_stage1_rnn_param_match_20260518_115200
2026-05-18 11:51:06,945 | INFO | GPU pool: [0, 1, 6]
2026-05-18 11:51:06,945 | INFO | Run seeds: [1234, 1235, 1236, 1237, 1238]
2026-05-18 11:51:06,946 | INFO | RNN hidden_dim=68 trainable_params=7354; matched Stage-1 GFR hidden_dim=65 trainable_params=7355
2026-05-18 11:51:12,364 | INFO | SpawnProcess-2 | stage1_run1 | assigned_gpu=0 | seed=1234
2026-05-18 11:51:12,788 | INFO | SpawnProcess-3 | stage1_run2 | assigned_gpu=1 | seed=1235
2026-05-18 11:51:12,947 | INFO | SpawnProcess-1 | stage1_run3 | assigned_gpu=6 | seed=1236
2026-05-18 11:51:12,950 | INFO | SpawnProcess-3 | stage1_run2 | trainable_params=7355 | epochs=300
2026-05-18 11:51:12,957 | INFO | SpawnProcess-2 | stage1_run1 | trainable_params=7355 | epochs=300
2026-05-18 11:51:13,304 | INFO | SpawnProcess-1 | stage1_run3 | trainable_params=7355 | epochs=300
2026-05-18 11:51:42,494 | INFO | SpawnProcess-3 | stage1_run2 | Epoch 001 | train_loss=238.8834 | train_acc=0.2604 | test_loss=34.0674 | test_acc=0.1817
2026-05-18 11:51:43,742 | INFO | SpawnProcess-1 | stage1_run3 | Epoch 001 | train_loss=227.8887 | train_acc=0.3069 | test_loss=28.6564 | test_acc=0.2890
2026-05-18 11:51:45,393 | INFO | SpawnProcess-2 | stage1_run1 | Epoch 001 | train_loss=237.9590 | train_acc=0.2756 | test_loss=32.8944 | test_acc=0.1947
2026-05-18 11:52:07,187 | INFO | SpawnProcess-1 | stage1_run3 | Epoch 002 | train_loss=138.5201 | train_acc=0.5790 | test_loss=20.8332 | test_acc=0.3170
2026-05-18 11:52:14,783 | INFO | SpawnProcess-3 | stage1_run2 | Epoch 002 | train_loss=169.5639 | train_acc=0.5031 | test_loss=24.4816 | test_acc=0.2826
2026-05-18 11:52:15,337 | INFO | SpawnProcess-2 | stage1_run1 | Epoch 002 | train_loss=166.5772 | train_acc=0.5092 | test_loss=24.4644 | test_acc=0.2850
2026-05-18 11:52:36,221 | INFO | SpawnProcess-1 | stage1_run3 | Epoch 003 | train_loss=107.8012 | train_acc=0.6702 | test_loss=17.0008 | test_acc=0.4414
2026-05-18 11:52:42,360 | INFO | SpawnProcess-2 | stage1_run1 | Epoch 003 | train_loss=128.8198 | train_acc=0.6330 | test_loss=19.1540 | test_acc=0.3716
2026-05-18 11:52:44,113 | INFO | SpawnProcess-3 | stage1_run2 | Epoch 003 | train_loss=123.8252 | train_acc=0.6369 | test_loss=18.6954 | test_acc=0.3856
2026-05-18 11:53:05,116 | INFO | SpawnProcess-1 | stage1_run3 | Epoch 004 | train_loss=89.0508 | train_acc=0.7415 | test_loss=14.8171 | test_acc=0.4826
2026-05-18 11:53:10,541 | INFO | SpawnProcess-3 | stage1_run2 | Epoch 004 | train_loss=97.5015 | train_acc=0.7166 | test_loss=15.0646 | test_acc=0.4985
2026-05-18 11:53:13,350 | INFO | SpawnProcess-2 | stage1_run1 | Epoch 004 | train_loss=98.6762 | train_acc=0.7318 | test_loss=14.9239 | test_acc=0.4821
2026-05-18 11:53:33,853 | INFO | SpawnProcess-1 | stage1_run3 | Epoch 005 | train_loss=77.0933 | train_acc=0.7748 | test_loss=12.0187 | test_acc=0.5335
2026-05-18 11:53:39,081 | INFO | SpawnProcess-3 | stage1_run2 | Epoch 005 | train_loss=85.4662 | train_acc=0.7513 | test_loss=13.8078 | test_acc=0.5655
2026-05-18 11:53:42,982 | INFO | SpawnProcess-2 | stage1_run1 | Epoch 005 | train_loss=79.9513 | train_acc=0.7748 | test_loss=13.3340 | test_acc=0.4718
2026-05-18 11:53:59,495 | INFO | SpawnProcess-1 | stage1_run3 | Epoch 006 | train_loss=67.3477 | train_acc=0.8001 | test_loss=10.7407 | test_acc=0.5631
2026-05-18 11:54:09,348 | INFO | SpawnProcess-3 | stage1_run2 | Epoch 006 | train_loss=77.4707 | train_acc=0.7725 | test_loss=12.8239 | test_acc=0.5442
2026-05-18 11:54:12,786 | INFO | SpawnProcess-2 | stage1_run1 | Epoch 006 | train_loss=69.6964 | train_acc=0.7996 | test_loss=10.8166 | test_acc=0.5745
2026-05-18 11:54:28,492 | INFO | SpawnProcess-1 | stage1_run3 | Epoch 007 | train_loss=60.1681 | train_acc=0.8202 | test_loss=9.3259 | test_acc=0.6028
2026-05-18 11:54:39,039 | INFO | SpawnProcess-3 | stage1_run2 | Epoch 007 | train_loss=72.4775 | train_acc=0.7864 | test_loss=11.4016 | test_acc=0.5926
2026-05-18 11:54:40,489 | INFO | SpawnProcess-2 | stage1_run1 | Epoch 007 | train_loss=63.9143 | train_acc=0.8145 | test_loss=9.8923 | test_acc=0.6184
2026-05-18 11:54:53,923 | INFO | SpawnProcess-1 | stage1_run3 | Epoch 008 | train_loss=54.2239 | train_acc=0.8361 | test_loss=8.8287 | test_acc=0.6168
2026-05-18 11:55:06,556 | INFO | SpawnProcess-3 | stage1_run2 | Epoch 008 | train_loss=67.6325 | train_acc=0.7976 | test_loss=10.5875 | test_acc=0.5931
2026-05-18 11:55:10,098 | INFO | SpawnProcess-2 | stage1_run1 | Epoch 008 | train_loss=59.1396 | train_acc=0.8307 | test_loss=9.4365 | test_acc=0.5949
2026-05-18 11:55:15,422 | INFO | SpawnProcess-1 | stage1_run3 | Epoch 009 | train_loss=50.4533 | train_acc=0.8480 | test_loss=7.9695 | test_acc=0.6402
2026-05-18 11:55:33,897 | INFO | SpawnProcess-3 | stage1_run2 | Epoch 009 | train_loss=62.8698 | train_acc=0.8116 | test_loss=9.8567 | test_acc=0.5905
2026-05-18 11:55:40,965 | INFO | SpawnProcess-2 | stage1_run1 | Epoch 009 | train_loss=55.0346 | train_acc=0.8442 | test_loss=9.1365 | test_acc=0.6030
2026-05-18 11:55:50,014 | INFO | SpawnProcess-1 | stage1_run3 | Epoch 010 | train_loss=46.7235 | train_acc=0.8569 | test_loss=7.7761 | test_acc=0.6133
2026-05-18 11:55:58,616 | INFO | SpawnProcess-3 | stage1_run2 | Epoch 010 | train_loss=59.5639 | train_acc=0.8191 | test_loss=9.3896 | test_acc=0.6153
2026-05-18 11:56:08,913 | INFO | SpawnProcess-2 | stage1_run1 | Epoch 010 | train_loss=50.6600 | train_acc=0.8639 | test_loss=8.1045 | test_acc=0.6319
2026-05-18 11:56:19,170 | INFO | SpawnProcess-1 | stage1_run3 | Epoch 011 | train_loss=43.8648 | train_acc=0.8671 | test_loss=8.1013 | test_acc=0.6861
2026-05-18 11:56:26,006 | INFO | SpawnProcess-3 | stage1_run2 | Epoch 011 | train_loss=56.1750 | train_acc=0.8295 | test_loss=9.4564 | test_acc=0.6261
2026-05-18 11:56:40,148 | INFO | SpawnProcess-2 | stage1_run1 | Epoch 011 | train_loss=47.9275 | train_acc=0.8774 | test_loss=8.5500 | test_acc=0.6776
2026-05-18 11:56:42,942 | INFO | SpawnProcess-1 | stage1_run3 | Epoch 012 | train_loss=42.4633 | train_acc=0.8719 | test_loss=7.2689 | test_acc=0.6574
2026-05-18 11:56:56,719 | INFO | SpawnProcess-3 | stage1_run2 | Epoch 012 | train_loss=52.9470 | train_acc=0.8391 | test_loss=8.9774 | test_acc=0.6131
2026-05-18 11:57:06,143 | INFO | SpawnProcess-2 | stage1_run1 | Epoch 012 | train_loss=43.5136 | train_acc=0.8920 | test_loss=7.5104 | test_acc=0.6626
2026-05-18 11:57:09,668 | INFO | SpawnProcess-1 | stage1_run3 | Epoch 013 | train_loss=40.9938 | train_acc=0.8782 | test_loss=7.3722 | test_acc=0.6553
2026-05-18 11:57:26,592 | INFO | SpawnProcess-3 | stage1_run2 | Epoch 013 | train_loss=50.1388 | train_acc=0.8476 | test_loss=8.4972 | test_acc=0.6831
2026-05-18 11:57:33,592 | INFO | SpawnProcess-2 | stage1_run1 | Epoch 013 | train_loss=39.5591 | train_acc=0.9024 | test_loss=6.4135 | test_acc=0.7024
2026-05-18 11:57:42,856 | INFO | SpawnProcess-1 | stage1_run3 | Epoch 014 | train_loss=38.6753 | train_acc=0.8885 | test_loss=6.4838 | test_acc=0.7261
2026-05-18 11:57:56,778 | INFO | SpawnProcess-3 | stage1_run2 | Epoch 014 | train_loss=48.4046 | train_acc=0.8555 | test_loss=7.6542 | test_acc=0.6766
2026-05-18 11:57:58,727 | INFO | SpawnProcess-2 | stage1_run1 | Epoch 014 | train_loss=38.0272 | train_acc=0.9068 | test_loss=6.0516 | test_acc=0.7143
2026-05-18 11:58:15,222 | INFO | SpawnProcess-1 | stage1_run3 | Epoch 015 | train_loss=36.3008 | train_acc=0.9000 | test_loss=6.2834 | test_acc=0.7896
2026-05-18 11:58:24,744 | INFO | SpawnProcess-3 | stage1_run2 | Epoch 015 | train_loss=45.1957 | train_acc=0.8723 | test_loss=7.4719 | test_acc=0.6667
2026-05-18 11:58:26,939 | INFO | SpawnProcess-2 | stage1_run1 | Epoch 015 | train_loss=36.1932 | train_acc=0.9106 | test_loss=6.1799 | test_acc=0.7123
2026-05-18 11:58:47,085 | INFO | SpawnProcess-1 | stage1_run3 | Epoch 016 | train_loss=33.7227 | train_acc=0.9103 | test_loss=6.0992 | test_acc=0.6857
2026-05-18 11:58:49,638 | INFO | SpawnProcess-2 | stage1_run1 | Epoch 016 | train_loss=34.3711 | train_acc=0.9167 | test_loss=5.6054 | test_acc=0.7615
2026-05-18 11:58:57,069 | INFO | SpawnProcess-3 | stage1_run2 | Epoch 016 | train_loss=40.8733 | train_acc=0.8905 | test_loss=6.7478 | test_acc=0.6817
2026-05-18 11:59:18,008 | INFO | SpawnProcess-1 | stage1_run3 | Epoch 017 | train_loss=31.8502 | train_acc=0.9168 | test_loss=5.4344 | test_acc=0.7013
2026-05-18 11:59:18,554 | INFO | SpawnProcess-2 | stage1_run1 | Epoch 017 | train_loss=33.6193 | train_acc=0.9186 | test_loss=7.7727 | test_acc=0.7224
2026-05-18 11:59:25,927 | INFO | SpawnProcess-3 | stage1_run2 | Epoch 017 | train_loss=38.6172 | train_acc=0.8965 | test_loss=6.9264 | test_acc=0.7063
2026-05-18 11:59:41,272 | INFO | SpawnProcess-2 | stage1_run1 | Epoch 018 | train_loss=31.5795 | train_acc=0.9226 | test_loss=5.2725 | test_acc=0.7392
2026-05-18 11:59:47,622 | INFO | SpawnProcess-1 | stage1_run3 | Epoch 018 | train_loss=29.3254 | train_acc=0.9256 | test_loss=4.7336 | test_acc=0.7639
2026-05-18 11:59:59,196 | INFO | SpawnProcess-3 | stage1_run2 | Epoch 018 | train_loss=35.4754 | train_acc=0.9061 | test_loss=5.6242 | test_acc=0.7482
2026-05-18 12:00:11,190 | INFO | SpawnProcess-2 | stage1_run1 | Epoch 019 | train_loss=31.4444 | train_acc=0.9240 | test_loss=5.0363 | test_acc=0.7277
2026-05-18 12:00:17,314 | INFO | SpawnProcess-1 | stage1_run3 | Epoch 019 | train_loss=28.7926 | train_acc=0.9277 | test_loss=4.7799 | test_acc=0.7796
2026-05-18 12:00:30,058 | INFO | SpawnProcess-2 | stage1_run1 | Epoch 020 | train_loss=29.3365 | train_acc=0.9286 | test_loss=4.8826 | test_acc=0.7473
2026-05-18 12:00:33,762 | INFO | SpawnProcess-3 | stage1_run2 | Epoch 019 | train_loss=33.4030 | train_acc=0.9131 | test_loss=5.5383 | test_acc=0.7245
2026-05-18 12:00:51,932 | INFO | SpawnProcess-1 | stage1_run3 | Epoch 020 | train_loss=26.7893 | train_acc=0.9339 | test_loss=4.7617 | test_acc=0.8285
2026-05-18 12:00:55,728 | INFO | SpawnProcess-2 | stage1_run1 | Epoch 021 | train_loss=28.3900 | train_acc=0.9307 | test_loss=4.7387 | test_acc=0.7827
2026-05-18 12:01:04,197 | INFO | SpawnProcess-3 | stage1_run2 | Epoch 020 | train_loss=30.4862 | train_acc=0.9222 | test_loss=4.9977 | test_acc=0.7338
2026-05-18 12:01:15,260 | INFO | SpawnProcess-1 | stage1_run3 | Epoch 021 | train_loss=26.9765 | train_acc=0.9325 | test_loss=5.0428 | test_acc=0.8528
2026-05-18 12:01:25,030 | INFO | SpawnProcess-3 | stage1_run2 | Epoch 021 | train_loss=29.2447 | train_acc=0.9263 | test_loss=5.0136 | test_acc=0.7784
2026-05-18 12:01:32,286 | INFO | SpawnProcess-2 | stage1_run1 | Epoch 022 | train_loss=27.2595 | train_acc=0.9336 | test_loss=4.8937 | test_acc=0.7610
2026-05-18 12:01:44,088 | INFO | SpawnProcess-1 | stage1_run3 | Epoch 022 | train_loss=25.3008 | train_acc=0.9366 | test_loss=4.3509 | test_acc=0.8014
2026-05-18 12:01:55,675 | INFO | SpawnProcess-3 | stage1_run2 | Epoch 022 | train_loss=28.1838 | train_acc=0.9286 | test_loss=4.5000 | test_acc=0.7638
2026-05-18 12:01:55,783 | INFO | SpawnProcess-2 | stage1_run1 | Epoch 023 | train_loss=26.5216 | train_acc=0.9363 | test_loss=4.2208 | test_acc=0.7588
2026-05-18 12:02:11,494 | INFO | SpawnProcess-1 | stage1_run3 | Epoch 023 | train_loss=24.9256 | train_acc=0.9376 | test_loss=4.2655 | test_acc=0.8017
2026-05-18 12:02:21,679 | INFO | SpawnProcess-2 | stage1_run1 | Epoch 024 | train_loss=25.7676 | train_acc=0.9382 | test_loss=5.1066 | test_acc=0.7425
2026-05-18 12:02:25,220 | INFO | SpawnProcess-3 | stage1_run2 | Epoch 023 | train_loss=26.7695 | train_acc=0.9331 | test_loss=4.4665 | test_acc=0.7470
2026-05-18 12:02:40,863 | INFO | SpawnProcess-1 | stage1_run3 | Epoch 024 | train_loss=23.1978 | train_acc=0.9427 | test_loss=4.2949 | test_acc=0.8241
2026-05-18 12:02:50,145 | INFO | SpawnProcess-2 | stage1_run1 | Epoch 025 | train_loss=26.2490 | train_acc=0.9360 | test_loss=4.7854 | test_acc=0.7760
2026-05-18 12:02:51,574 | INFO | SpawnProcess-3 | stage1_run2 | Epoch 024 | train_loss=25.8949 | train_acc=0.9357 | test_loss=4.6678 | test_acc=0.7255
2026-05-18 12:03:11,679 | INFO | SpawnProcess-1 | stage1_run3 | Epoch 025 | train_loss=23.5884 | train_acc=0.9420 | test_loss=4.0522 | test_acc=0.7427
2026-05-18 12:03:15,987 | INFO | SpawnProcess-2 | stage1_run1 | Epoch 026 | train_loss=24.3431 | train_acc=0.9418 | test_loss=4.8145 | test_acc=0.7921
2026-05-18 12:03:16,390 | INFO | SpawnProcess-3 | stage1_run2 | Epoch 025 | train_loss=24.7228 | train_acc=0.9391 | test_loss=4.1257 | test_acc=0.7588
2026-05-18 12:03:41,097 | INFO | SpawnProcess-2 | stage1_run1 | Epoch 027 | train_loss=24.5290 | train_acc=0.9405 | test_loss=4.1690 | test_acc=0.7632
2026-05-18 12:03:43,004 | INFO | SpawnProcess-3 | stage1_run2 | Epoch 026 | train_loss=24.0858 | train_acc=0.9400 | test_loss=4.8795 | test_acc=0.8195
2026-05-18 12:03:45,893 | INFO | SpawnProcess-1 | stage1_run3 | Epoch 026 | train_loss=22.2521 | train_acc=0.9448 | test_loss=4.3642 | test_acc=0.7272
2026-05-18 12:04:10,539 | INFO | SpawnProcess-2 | stage1_run1 | Epoch 028 | train_loss=23.2038 | train_acc=0.9438 | test_loss=4.0604 | test_acc=0.7846
2026-05-18 12:04:11,857 | INFO | SpawnProcess-1 | stage1_run3 | Epoch 027 | train_loss=22.3525 | train_acc=0.9443 | test_loss=4.1778 | test_acc=0.8092
2026-05-18 12:04:14,975 | INFO | SpawnProcess-3 | stage1_run2 | Epoch 027 | train_loss=23.3435 | train_acc=0.9426 | test_loss=4.8785 | test_acc=0.8125
2026-05-18 12:04:38,832 | INFO | SpawnProcess-1 | stage1_run3 | Epoch 028 | train_loss=21.5001 | train_acc=0.9466 | test_loss=4.2019 | test_acc=0.7930
2026-05-18 12:04:41,687 | INFO | SpawnProcess-2 | stage1_run1 | Epoch 029 | train_loss=22.3801 | train_acc=0.9469 | test_loss=4.4272 | test_acc=0.7785
2026-05-18 12:04:42,323 | INFO | SpawnProcess-3 | stage1_run2 | Epoch 028 | train_loss=22.4734 | train_acc=0.9450 | test_loss=4.1449 | test_acc=0.7687
2026-05-18 12:05:04,556 | INFO | SpawnProcess-3 | stage1_run2 | Epoch 029 | train_loss=22.3565 | train_acc=0.9445 | test_loss=3.7514 | test_acc=0.8065
2026-05-18 12:05:08,588 | INFO | SpawnProcess-1 | stage1_run3 | Epoch 029 | train_loss=21.0798 | train_acc=0.9474 | test_loss=3.6874 | test_acc=0.8751
2026-05-18 12:05:11,456 | INFO | SpawnProcess-2 | stage1_run1 | Epoch 030 | train_loss=21.5454 | train_acc=0.9483 | test_loss=4.1685 | test_acc=0.7688
2026-05-18 12:05:21,539 | INFO | SpawnProcess-3 | stage1_run2 | Epoch 030 | train_loss=21.1415 | train_acc=0.9482 | test_loss=3.5903 | test_acc=0.8201
2026-05-18 12:05:38,482 | INFO | SpawnProcess-1 | stage1_run3 | Epoch 030 | train_loss=19.8088 | train_acc=0.9508 | test_loss=3.6034 | test_acc=0.7976
2026-05-18 12:05:42,248 | INFO | SpawnProcess-2 | stage1_run1 | Epoch 031 | train_loss=21.6668 | train_acc=0.9482 | test_loss=3.7309 | test_acc=0.7891
2026-05-18 12:05:49,026 | INFO | SpawnProcess-3 | stage1_run2 | Epoch 031 | train_loss=20.3053 | train_acc=0.9503 | test_loss=3.8319 | test_acc=0.7853
2026-05-18 12:06:07,474 | INFO | SpawnProcess-1 | stage1_run3 | Epoch 031 | train_loss=19.9075 | train_acc=0.9506 | test_loss=4.1159 | test_acc=0.8105
2026-05-18 12:06:12,347 | INFO | SpawnProcess-2 | stage1_run1 | Epoch 032 | train_loss=21.5987 | train_acc=0.9484 | test_loss=4.9158 | test_acc=0.8161
2026-05-18 12:06:15,512 | INFO | SpawnProcess-3 | stage1_run2 | Epoch 032 | train_loss=19.5786 | train_acc=0.9522 | test_loss=3.3149 | test_acc=0.8167
2026-05-18 12:06:34,371 | INFO | SpawnProcess-1 | stage1_run3 | Epoch 032 | train_loss=20.2109 | train_acc=0.9498 | test_loss=3.3734 | test_acc=0.8578
2026-05-18 12:06:43,817 | INFO | SpawnProcess-3 | stage1_run2 | Epoch 033 | train_loss=19.4194 | train_acc=0.9525 | test_loss=3.3174 | test_acc=0.8206
2026-05-18 12:06:44,944 | INFO | SpawnProcess-2 | stage1_run1 | Epoch 033 | train_loss=20.7101 | train_acc=0.9503 | test_loss=3.4071 | test_acc=0.7981
2026-05-18 12:07:06,589 | INFO | SpawnProcess-1 | stage1_run3 | Epoch 033 | train_loss=18.3683 | train_acc=0.9544 | test_loss=3.4382 | test_acc=0.8966
2026-05-18 12:07:10,635 | INFO | SpawnProcess-3 | stage1_run2 | Epoch 034 | train_loss=19.2922 | train_acc=0.9526 | test_loss=3.2951 | test_acc=0.7920
2026-05-18 12:07:13,201 | INFO | SpawnProcess-2 | stage1_run1 | Epoch 034 | train_loss=19.9663 | train_acc=0.9527 | test_loss=3.9851 | test_acc=0.8007
2026-05-18 12:07:36,741 | INFO | SpawnProcess-3 | stage1_run2 | Epoch 035 | train_loss=18.8621 | train_acc=0.9540 | test_loss=3.4003 | test_acc=0.8433
2026-05-18 12:07:38,546 | INFO | SpawnProcess-1 | stage1_run3 | Epoch 034 | train_loss=17.8012 | train_acc=0.9554 | test_loss=3.1388 | test_acc=0.8595
2026-05-18 12:07:40,259 | INFO | SpawnProcess-2 | stage1_run1 | Epoch 035 | train_loss=19.8347 | train_acc=0.9523 | test_loss=4.0719 | test_acc=0.7502
2026-05-18 12:08:06,277 | INFO | SpawnProcess-3 | stage1_run2 | Epoch 036 | train_loss=18.7909 | train_acc=0.9530 | test_loss=3.1085 | test_acc=0.8416
2026-05-18 12:08:07,905 | INFO | SpawnProcess-1 | stage1_run3 | Epoch 035 | train_loss=18.2713 | train_acc=0.9550 | test_loss=3.5698 | test_acc=0.8033
2026-05-18 12:08:13,052 | INFO | SpawnProcess-2 | stage1_run1 | Epoch 036 | train_loss=20.1771 | train_acc=0.9504 | test_loss=3.5490 | test_acc=0.7906
2026-05-18 12:08:30,711 | INFO | SpawnProcess-3 | stage1_run2 | Epoch 037 | train_loss=17.9037 | train_acc=0.9559 | test_loss=3.8420 | test_acc=0.8556
2026-05-18 12:08:32,387 | INFO | SpawnProcess-1 | stage1_run3 | Epoch 036 | train_loss=17.1937 | train_acc=0.9576 | test_loss=4.0128 | test_acc=0.8025
2026-05-18 12:08:44,805 | INFO | SpawnProcess-2 | stage1_run1 | Epoch 037 | train_loss=19.5409 | train_acc=0.9531 | test_loss=3.4969 | test_acc=0.7892
2026-05-18 12:08:57,860 | INFO | SpawnProcess-3 | stage1_run2 | Epoch 038 | train_loss=17.7144 | train_acc=0.9561 | test_loss=3.6152 | test_acc=0.7991
2026-05-18 12:09:01,969 | INFO | SpawnProcess-1 | stage1_run3 | Epoch 037 | train_loss=17.0381 | train_acc=0.9580 | test_loss=3.6644 | test_acc=0.8891
2026-05-18 12:09:14,748 | INFO | SpawnProcess-2 | stage1_run1 | Epoch 038 | train_loss=17.9423 | train_acc=0.9568 | test_loss=3.7593 | test_acc=0.8197
2026-05-18 12:09:21,245 | INFO | SpawnProcess-3 | stage1_run2 | Epoch 039 | train_loss=17.0914 | train_acc=0.9577 | test_loss=3.6874 | test_acc=0.7943
2026-05-18 12:09:25,005 | INFO | SpawnProcess-1 | stage1_run3 | Epoch 038 | train_loss=16.5939 | train_acc=0.9590 | test_loss=3.0612 | test_acc=0.8369
2026-05-18 12:09:46,211 | INFO | SpawnProcess-1 | stage1_run3 | Epoch 039 | train_loss=16.5493 | train_acc=0.9588 | test_loss=4.2039 | test_acc=0.8161
2026-05-18 12:09:47,486 | INFO | SpawnProcess-3 | stage1_run2 | Epoch 040 | train_loss=16.3881 | train_acc=0.9597 | test_loss=3.0253 | test_acc=0.8168
2026-05-18 12:09:48,212 | INFO | SpawnProcess-2 | stage1_run1 | Epoch 039 | train_loss=17.8302 | train_acc=0.9581 | test_loss=3.4544 | test_acc=0.7872
2026-05-18 12:10:10,028 | INFO | SpawnProcess-1 | stage1_run3 | Epoch 040 | train_loss=15.9005 | train_acc=0.9604 | test_loss=3.7135 | test_acc=0.8329
2026-05-18 12:10:11,532 | INFO | SpawnProcess-3 | stage1_run2 | Epoch 041 | train_loss=16.2639 | train_acc=0.9587 | test_loss=3.0506 | test_acc=0.8128
2026-05-18 12:10:15,521 | INFO | SpawnProcess-2 | stage1_run1 | Epoch 040 | train_loss=17.8696 | train_acc=0.9575 | test_loss=3.1838 | test_acc=0.8292
2026-05-18 12:10:28,813 | INFO | SpawnProcess-1 | stage1_run3 | Epoch 041 | train_loss=16.0159 | train_acc=0.9599 | test_loss=3.0691 | test_acc=0.8814
2026-05-18 12:10:39,194 | INFO | SpawnProcess-3 | stage1_run2 | Epoch 042 | train_loss=15.8638 | train_acc=0.9605 | test_loss=2.8455 | test_acc=0.8841
2026-05-18 12:10:42,228 | INFO | SpawnProcess-2 | stage1_run1 | Epoch 041 | train_loss=17.8486 | train_acc=0.9575 | test_loss=3.6255 | test_acc=0.7763
2026-05-18 12:10:56,695 | INFO | SpawnProcess-1 | stage1_run3 | Epoch 042 | train_loss=16.1095 | train_acc=0.9599 | test_loss=3.0053 | test_acc=0.8993
2026-05-18 12:11:06,326 | INFO | SpawnProcess-3 | stage1_run2 | Epoch 043 | train_loss=16.2377 | train_acc=0.9589 | test_loss=3.1153 | test_acc=0.8085
2026-05-18 12:11:07,572 | INFO | SpawnProcess-2 | stage1_run1 | Epoch 042 | train_loss=16.8917 | train_acc=0.9600 | test_loss=3.0704 | test_acc=0.8279
2026-05-18 12:11:27,173 | INFO | SpawnProcess-3 | stage1_run2 | Epoch 044 | train_loss=15.6675 | train_acc=0.9613 | test_loss=2.8904 | test_acc=0.8757
2026-05-18 12:11:28,036 | INFO | SpawnProcess-1 | stage1_run3 | Epoch 043 | train_loss=14.9000 | train_acc=0.9635 | test_loss=2.9653 | test_acc=0.9004
2026-05-18 12:11:38,045 | INFO | SpawnProcess-2 | stage1_run1 | Epoch 043 | train_loss=17.0356 | train_acc=0.9597 | test_loss=3.0823 | test_acc=0.8353
2026-05-18 12:11:49,870 | INFO | SpawnProcess-3 | stage1_run2 | Epoch 045 | train_loss=15.4623 | train_acc=0.9611 | test_loss=2.9441 | test_acc=0.8801
2026-05-18 12:11:59,427 | INFO | SpawnProcess-1 | stage1_run3 | Epoch 044 | train_loss=14.9190 | train_acc=0.9636 | test_loss=2.8323 | test_acc=0.8587
2026-05-18 12:12:08,985 | INFO | SpawnProcess-2 | stage1_run1 | Epoch 044 | train_loss=15.8387 | train_acc=0.9625 | test_loss=3.0257 | test_acc=0.8364
2026-05-18 12:12:16,832 | INFO | SpawnProcess-3 | stage1_run2 | Epoch 046 | train_loss=14.4840 | train_acc=0.9641 | test_loss=3.7925 | test_acc=0.8229
2026-05-18 12:12:29,244 | INFO | SpawnProcess-1 | stage1_run3 | Epoch 045 | train_loss=14.2860 | train_acc=0.9641 | test_loss=2.8948 | test_acc=0.8864
2026-05-18 12:12:34,893 | INFO | SpawnProcess-2 | stage1_run1 | Epoch 045 | train_loss=16.6307 | train_acc=0.9602 | test_loss=3.2782 | test_acc=0.7917
2026-05-18 12:12:46,535 | INFO | SpawnProcess-3 | stage1_run2 | Epoch 047 | train_loss=15.2974 | train_acc=0.9617 | test_loss=3.0624 | test_acc=0.8234
2026-05-18 12:12:55,917 | INFO | SpawnProcess-1 | stage1_run3 | Epoch 046 | train_loss=14.5952 | train_acc=0.9630 | test_loss=3.2140 | test_acc=0.8807
2026-05-18 12:13:00,240 | INFO | SpawnProcess-2 | stage1_run1 | Epoch 046 | train_loss=16.3266 | train_acc=0.9609 | test_loss=3.5533 | test_acc=0.8480
2026-05-18 12:13:11,406 | INFO | SpawnProcess-3 | stage1_run2 | Epoch 048 | train_loss=14.6450 | train_acc=0.9633 | test_loss=2.8063 | test_acc=0.8693
2026-05-18 12:13:26,946 | INFO | SpawnProcess-1 | stage1_run3 | Epoch 047 | train_loss=14.2521 | train_acc=0.9642 | test_loss=2.5993 | test_acc=0.8850
2026-05-18 12:13:30,715 | INFO | SpawnProcess-2 | stage1_run1 | Epoch 047 | train_loss=16.1469 | train_acc=0.9614 | test_loss=3.1276 | test_acc=0.8453
2026-05-18 12:13:39,754 | INFO | SpawnProcess-3 | stage1_run2 | Epoch 049 | train_loss=13.6950 | train_acc=0.9660 | test_loss=2.9715 | test_acc=0.8500
2026-05-18 12:13:50,773 | INFO | SpawnProcess-1 | stage1_run3 | Epoch 048 | train_loss=14.1418 | train_acc=0.9646 | test_loss=2.6913 | test_acc=0.8577
2026-05-18 12:14:04,927 | INFO | SpawnProcess-2 | stage1_run1 | Epoch 048 | train_loss=15.8619 | train_acc=0.9623 | test_loss=2.9565 | test_acc=0.8695
2026-05-18 12:14:05,892 | INFO | SpawnProcess-3 | stage1_run2 | Epoch 050 | train_loss=14.0458 | train_acc=0.9650 | test_loss=3.2791 | test_acc=0.7906
2026-05-18 12:14:15,418 | INFO | SpawnProcess-1 | stage1_run3 | Epoch 049 | train_loss=13.5963 | train_acc=0.9661 | test_loss=3.4642 | test_acc=0.8368
2026-05-18 12:14:30,278 | INFO | SpawnProcess-3 | stage1_run2 | Epoch 051 | train_loss=14.5718 | train_acc=0.9632 | test_loss=3.9102 | test_acc=0.9077
2026-05-18 12:14:33,429 | INFO | SpawnProcess-2 | stage1_run1 | Epoch 049 | train_loss=15.8820 | train_acc=0.9619 | test_loss=2.9642 | test_acc=0.8427
2026-05-18 12:14:44,205 | INFO | SpawnProcess-1 | stage1_run3 | Epoch 050 | train_loss=14.5233 | train_acc=0.9644 | test_loss=2.9734 | test_acc=0.8738
2026-05-18 12:14:57,555 | INFO | SpawnProcess-3 | stage1_run2 | Epoch 052 | train_loss=13.9167 | train_acc=0.9646 | test_loss=3.1688 | test_acc=0.8925
2026-05-18 12:15:01,620 | INFO | SpawnProcess-2 | stage1_run1 | Epoch 050 | train_loss=14.8691 | train_acc=0.9646 | test_loss=2.8030 | test_acc=0.8427
2026-05-18 12:15:12,250 | INFO | SpawnProcess-1 | stage1_run3 | Epoch 051 | train_loss=13.4146 | train_acc=0.9664 | test_loss=3.1671 | test_acc=0.8532
2026-05-18 12:15:28,176 | INFO | SpawnProcess-3 | stage1_run2 | Epoch 053 | train_loss=13.4870 | train_acc=0.9666 | test_loss=2.7056 | test_acc=0.8560
2026-05-18 12:15:31,890 | INFO | SpawnProcess-2 | stage1_run1 | Epoch 051 | train_loss=14.2714 | train_acc=0.9665 | test_loss=2.9465 | test_acc=0.8376
2026-05-18 12:15:38,749 | INFO | SpawnProcess-1 | stage1_run3 | Epoch 052 | train_loss=13.6905 | train_acc=0.9655 | test_loss=3.9693 | test_acc=0.9035
2026-05-18 12:15:54,417 | INFO | SpawnProcess-3 | stage1_run2 | Epoch 054 | train_loss=13.6184 | train_acc=0.9656 | test_loss=2.9539 | test_acc=0.8594
2026-05-18 12:15:58,457 | INFO | SpawnProcess-2 | stage1_run1 | Epoch 052 | train_loss=14.7754 | train_acc=0.9645 | test_loss=3.4143 | test_acc=0.8422
2026-05-18 12:16:03,945 | INFO | SpawnProcess-1 | stage1_run3 | Epoch 053 | train_loss=12.5255 | train_acc=0.9682 | test_loss=2.8380 | test_acc=0.8295
2026-05-18 12:16:23,192 | INFO | SpawnProcess-1 | stage1_run3 | Epoch 054 | train_loss=13.2769 | train_acc=0.9677 | test_loss=2.7244 | test_acc=0.9264
2026-05-18 12:16:26,609 | INFO | SpawnProcess-3 | stage1_run2 | Epoch 055 | train_loss=13.9694 | train_acc=0.9651 | test_loss=2.7316 | test_acc=0.9117
2026-05-18 12:16:28,381 | INFO | SpawnProcess-2 | stage1_run1 | Epoch 053 | train_loss=14.2895 | train_acc=0.9660 | test_loss=3.0093 | test_acc=0.8398
2026-05-18 12:16:45,620 | INFO | SpawnProcess-1 | stage1_run3 | Epoch 055 | train_loss=12.2066 | train_acc=0.9694 | test_loss=2.3479 | test_acc=0.9124
2026-05-18 12:16:49,862 | INFO | SpawnProcess-3 | stage1_run2 | Epoch 056 | train_loss=12.7917 | train_acc=0.9680 | test_loss=2.5543 | test_acc=0.8560
2026-05-18 12:17:01,621 | INFO | SpawnProcess-2 | stage1_run1 | Epoch 054 | train_loss=13.9492 | train_acc=0.9670 | test_loss=3.2319 | test_acc=0.8672
2026-05-18 12:17:12,253 | INFO | SpawnProcess-1 | stage1_run3 | Epoch 056 | train_loss=11.9721 | train_acc=0.9705 | test_loss=2.9836 | test_acc=0.8882
2026-05-18 12:17:18,081 | INFO | SpawnProcess-3 | stage1_run2 | Epoch 057 | train_loss=12.9546 | train_acc=0.9677 | test_loss=2.5891 | test_acc=0.8953
2026-05-18 12:17:31,955 | INFO | SpawnProcess-2 | stage1_run1 | Epoch 055 | train_loss=14.5513 | train_acc=0.9649 | test_loss=3.3195 | test_acc=0.8731
2026-05-18 12:17:36,096 | INFO | SpawnProcess-1 | stage1_run3 | Epoch 057 | train_loss=11.7751 | train_acc=0.9710 | test_loss=2.4065 | test_acc=0.8779
2026-05-18 12:17:41,760 | INFO | SpawnProcess-3 | stage1_run2 | Epoch 058 | train_loss=12.9579 | train_acc=0.9671 | test_loss=2.8815 | test_acc=0.9018
2026-05-18 12:18:02,690 | INFO | SpawnProcess-1 | stage1_run3 | Epoch 058 | train_loss=12.1728 | train_acc=0.9698 | test_loss=2.9262 | test_acc=0.9225
2026-05-18 12:18:03,257 | INFO | SpawnProcess-2 | stage1_run1 | Epoch 056 | train_loss=13.9593 | train_acc=0.9667 | test_loss=3.3606 | test_acc=0.8108
2026-05-18 12:18:11,654 | INFO | SpawnProcess-3 | stage1_run2 | Epoch 059 | train_loss=12.3161 | train_acc=0.9688 | test_loss=2.3603 | test_acc=0.8747
2026-05-18 12:18:29,298 | INFO | SpawnProcess-1 | stage1_run3 | Epoch 059 | train_loss=12.2472 | train_acc=0.9699 | test_loss=2.1874 | test_acc=0.9227
2026-05-18 12:18:32,199 | INFO | SpawnProcess-2 | stage1_run1 | Epoch 057 | train_loss=13.6035 | train_acc=0.9688 | test_loss=2.8632 | test_acc=0.8426
2026-05-18 12:18:35,040 | INFO | SpawnProcess-3 | stage1_run2 | Epoch 060 | train_loss=11.9482 | train_acc=0.9704 | test_loss=2.5891 | test_acc=0.8778
2026-05-18 12:18:58,113 | INFO | SpawnProcess-2 | stage1_run1 | Epoch 058 | train_loss=13.5240 | train_acc=0.9683 | test_loss=2.8744 | test_acc=0.8664
2026-05-18 12:18:58,647 | INFO | SpawnProcess-1 | stage1_run3 | Epoch 060 | train_loss=12.0627 | train_acc=0.9696 | test_loss=2.4387 | test_acc=0.9128
2026-05-18 12:19:00,265 | INFO | SpawnProcess-3 | stage1_run2 | Epoch 061 | train_loss=11.7941 | train_acc=0.9706 | test_loss=2.5689 | test_acc=0.8531
2026-05-18 12:19:23,465 | INFO | SpawnProcess-3 | stage1_run2 | Epoch 062 | train_loss=12.1203 | train_acc=0.9696 | test_loss=2.7255 | test_acc=0.8402
2026-05-18 12:19:26,449 | INFO | SpawnProcess-2 | stage1_run1 | Epoch 059 | train_loss=13.5654 | train_acc=0.9673 | test_loss=2.8034 | test_acc=0.8746
2026-05-18 12:19:27,274 | INFO | SpawnProcess-1 | stage1_run3 | Epoch 061 | train_loss=12.2337 | train_acc=0.9698 | test_loss=2.3138 | test_acc=0.8641
2026-05-18 12:19:53,649 | INFO | SpawnProcess-3 | stage1_run2 | Epoch 063 | train_loss=11.3074 | train_acc=0.9716 | test_loss=3.3653 | test_acc=0.8964
2026-05-18 12:19:54,562 | INFO | SpawnProcess-2 | stage1_run1 | Epoch 060 | train_loss=13.7121 | train_acc=0.9673 | test_loss=2.6983 | test_acc=0.8706
2026-05-18 12:19:58,429 | INFO | SpawnProcess-1 | stage1_run3 | Epoch 062 | train_loss=11.3366 | train_acc=0.9718 | test_loss=2.1705 | test_acc=0.8620
2026-05-18 12:20:22,808 | INFO | SpawnProcess-3 | stage1_run2 | Epoch 064 | train_loss=11.2681 | train_acc=0.9720 | test_loss=2.6454 | test_acc=0.8635
2026-05-18 12:20:24,247 | INFO | SpawnProcess-2 | stage1_run1 | Epoch 061 | train_loss=13.1215 | train_acc=0.9690 | test_loss=2.5292 | test_acc=0.8600
2026-05-18 12:20:26,615 | INFO | SpawnProcess-1 | stage1_run3 | Epoch 063 | train_loss=11.1282 | train_acc=0.9727 | test_loss=2.4443 | test_acc=0.9091
2026-05-18 12:20:49,809 | INFO | SpawnProcess-1 | stage1_run3 | Epoch 064 | train_loss=11.0923 | train_acc=0.9720 | test_loss=2.3538 | test_acc=0.9172
2026-05-18 12:20:51,399 | INFO | SpawnProcess-3 | stage1_run2 | Epoch 065 | train_loss=11.7039 | train_acc=0.9709 | test_loss=2.2924 | test_acc=0.9054
2026-05-18 12:20:54,356 | INFO | SpawnProcess-2 | stage1_run1 | Epoch 062 | train_loss=12.6538 | train_acc=0.9700 | test_loss=2.6405 | test_acc=0.9036
2026-05-18 12:21:20,417 | INFO | SpawnProcess-1 | stage1_run3 | Epoch 065 | train_loss=10.7911 | train_acc=0.9732 | test_loss=2.6088 | test_acc=0.9170
2026-05-18 12:21:20,609 | INFO | SpawnProcess-2 | stage1_run1 | Epoch 063 | train_loss=13.0724 | train_acc=0.9684 | test_loss=3.3680 | test_acc=0.8321
2026-05-18 12:21:21,906 | INFO | SpawnProcess-3 | stage1_run2 | Epoch 066 | train_loss=11.2071 | train_acc=0.9718 | test_loss=2.3912 | test_acc=0.8815
2026-05-18 12:21:48,135 | INFO | SpawnProcess-1 | stage1_run3 | Epoch 066 | train_loss=10.8165 | train_acc=0.9734 | test_loss=2.4957 | test_acc=0.9204
2026-05-18 12:21:49,914 | INFO | SpawnProcess-3 | stage1_run2 | Epoch 067 | train_loss=11.0037 | train_acc=0.9727 | test_loss=2.5098 | test_acc=0.8840
2026-05-18 12:21:52,686 | INFO | SpawnProcess-2 | stage1_run1 | Epoch 064 | train_loss=13.5641 | train_acc=0.9678 | test_loss=3.0380 | test_acc=0.8753
2026-05-18 12:22:17,246 | INFO | SpawnProcess-1 | stage1_run3 | Epoch 067 | train_loss=10.4104 | train_acc=0.9740 | test_loss=2.5398 | test_acc=0.9333
2026-05-18 12:22:19,699 | INFO | SpawnProcess-3 | stage1_run2 | Epoch 068 | train_loss=10.7435 | train_acc=0.9734 | test_loss=2.2427 | test_acc=0.8903
2026-05-18 12:22:21,985 | INFO | SpawnProcess-2 | stage1_run1 | Epoch 065 | train_loss=12.3801 | train_acc=0.9706 | test_loss=2.4571 | test_acc=0.8891
2026-05-18 12:22:43,436 | INFO | SpawnProcess-1 | stage1_run3 | Epoch 068 | train_loss=11.9731 | train_acc=0.9703 | test_loss=2.4211 | test_acc=0.8905
2026-05-18 12:22:48,411 | INFO | SpawnProcess-3 | stage1_run2 | Epoch 069 | train_loss=10.5989 | train_acc=0.9741 | test_loss=2.2202 | test_acc=0.8974
2026-05-18 12:22:52,331 | INFO | SpawnProcess-2 | stage1_run1 | Epoch 066 | train_loss=12.5941 | train_acc=0.9701 | test_loss=2.5650 | test_acc=0.8803
2026-05-18 12:23:16,119 | INFO | SpawnProcess-3 | stage1_run2 | Epoch 070 | train_loss=10.8094 | train_acc=0.9729 | test_loss=2.2424 | test_acc=0.8891
2026-05-18 12:23:16,249 | INFO | SpawnProcess-1 | stage1_run3 | Epoch 069 | train_loss=10.8476 | train_acc=0.9731 | test_loss=2.1155 | test_acc=0.9140
2026-05-18 12:23:19,381 | INFO | SpawnProcess-2 | stage1_run1 | Epoch 067 | train_loss=11.6462 | train_acc=0.9726 | test_loss=2.7034 | test_acc=0.8619
2026-05-18 12:23:39,431 | INFO | SpawnProcess-2 | stage1_run1 | Epoch 068 | train_loss=11.9969 | train_acc=0.9709 | test_loss=3.0862 | test_acc=0.8341
2026-05-18 12:23:43,921 | INFO | SpawnProcess-3 | stage1_run2 | Epoch 071 | train_loss=10.5072 | train_acc=0.9737 | test_loss=2.1359 | test_acc=0.8651
2026-05-18 12:23:48,802 | INFO | SpawnProcess-1 | stage1_run3 | Epoch 070 | train_loss=10.6520 | train_acc=0.9736 | test_loss=2.4539 | test_acc=0.9109
2026-05-18 12:24:05,175 | INFO | SpawnProcess-3 | stage1_run2 | Epoch 072 | train_loss=9.8979 | train_acc=0.9756 | test_loss=2.5930 | test_acc=0.8391
2026-05-18 12:24:10,555 | INFO | SpawnProcess-1 | stage1_run3 | Epoch 071 | train_loss=10.3458 | train_acc=0.9737 | test_loss=2.2938 | test_acc=0.9012
2026-05-18 12:24:13,756 | INFO | SpawnProcess-2 | stage1_run1 | Epoch 069 | train_loss=12.0729 | train_acc=0.9716 | test_loss=2.5551 | test_acc=0.8715
2026-05-18 12:24:31,984 | INFO | SpawnProcess-3 | stage1_run2 | Epoch 073 | train_loss=10.4360 | train_acc=0.9735 | test_loss=2.5023 | test_acc=0.9284
2026-05-18 12:24:40,402 | INFO | SpawnProcess-1 | stage1_run3 | Epoch 072 | train_loss=10.3735 | train_acc=0.9742 | test_loss=2.3337 | test_acc=0.9328
2026-05-18 12:24:42,655 | INFO | SpawnProcess-2 | stage1_run1 | Epoch 070 | train_loss=11.8656 | train_acc=0.9716 | test_loss=2.7615 | test_acc=0.8410
2026-05-18 12:24:59,721 | INFO | SpawnProcess-3 | stage1_run2 | Epoch 074 | train_loss=9.7990 | train_acc=0.9754 | test_loss=2.5030 | test_acc=0.8831
2026-05-18 12:25:07,278 | INFO | SpawnProcess-2 | stage1_run1 | Epoch 071 | train_loss=11.8374 | train_acc=0.9714 | test_loss=2.5453 | test_acc=0.8984
2026-05-18 12:25:13,124 | INFO | SpawnProcess-1 | stage1_run3 | Epoch 073 | train_loss=10.2228 | train_acc=0.9747 | test_loss=2.0911 | test_acc=0.9049
2026-05-18 12:25:25,769 | INFO | SpawnProcess-3 | stage1_run2 | Epoch 075 | train_loss=9.7071 | train_acc=0.9757 | test_loss=2.2378 | test_acc=0.8809
2026-05-18 12:25:36,598 | INFO | SpawnProcess-1 | stage1_run3 | Epoch 074 | train_loss=9.5175 | train_acc=0.9768 | test_loss=2.2537 | test_acc=0.8886
2026-05-18 12:25:40,301 | INFO | SpawnProcess-2 | stage1_run1 | Epoch 072 | train_loss=11.1048 | train_acc=0.9743 | test_loss=2.9219 | test_acc=0.8883
2026-05-18 12:25:51,956 | INFO | SpawnProcess-3 | stage1_run2 | Epoch 076 | train_loss=10.1480 | train_acc=0.9746 | test_loss=2.3943 | test_acc=0.9083
2026-05-18 12:26:02,769 | INFO | SpawnProcess-1 | stage1_run3 | Epoch 075 | train_loss=10.2479 | train_acc=0.9744 | test_loss=2.1612 | test_acc=0.8815
2026-05-18 12:26:10,949 | INFO | SpawnProcess-2 | stage1_run1 | Epoch 073 | train_loss=11.0681 | train_acc=0.9740 | test_loss=2.6353 | test_acc=0.8660
2026-05-18 12:26:18,581 | INFO | SpawnProcess-3 | stage1_run2 | Epoch 077 | train_loss=9.9678 | train_acc=0.9751 | test_loss=2.3648 | test_acc=0.8412
2026-05-18 12:26:29,138 | INFO | SpawnProcess-1 | stage1_run3 | Epoch 076 | train_loss=9.8006 | train_acc=0.9750 | test_loss=2.1540 | test_acc=0.9140
2026-05-18 12:26:34,792 | INFO | SpawnProcess-2 | stage1_run1 | Epoch 074 | train_loss=11.4570 | train_acc=0.9728 | test_loss=2.4837 | test_acc=0.8768
2026-05-18 12:26:47,300 | INFO | SpawnProcess-3 | stage1_run2 | Epoch 078 | train_loss=9.9236 | train_acc=0.9748 | test_loss=2.2939 | test_acc=0.9072
2026-05-18 12:26:51,335 | INFO | SpawnProcess-1 | stage1_run3 | Epoch 077 | train_loss=9.5787 | train_acc=0.9759 | test_loss=2.2707 | test_acc=0.9219
2026-05-18 12:27:01,005 | INFO | SpawnProcess-2 | stage1_run1 | Epoch 075 | train_loss=12.0423 | train_acc=0.9709 | test_loss=2.5504 | test_acc=0.8624
2026-05-18 12:27:09,296 | INFO | SpawnProcess-1 | stage1_run3 | Epoch 078 | train_loss=9.6150 | train_acc=0.9764 | test_loss=2.4120 | test_acc=0.8786
2026-05-18 12:27:15,050 | INFO | SpawnProcess-3 | stage1_run2 | Epoch 079 | train_loss=10.1225 | train_acc=0.9748 | test_loss=2.9567 | test_acc=0.8435
2026-05-18 12:27:33,041 | INFO | SpawnProcess-2 | stage1_run1 | Epoch 076 | train_loss=12.1838 | train_acc=0.9709 | test_loss=2.4663 | test_acc=0.8911
2026-05-18 12:27:33,385 | INFO | SpawnProcess-1 | stage1_run3 | Epoch 079 | train_loss=10.1625 | train_acc=0.9747 | test_loss=2.7805 | test_acc=0.8818
2026-05-18 12:27:39,109 | INFO | SpawnProcess-3 | stage1_run2 | Epoch 080 | train_loss=10.1490 | train_acc=0.9743 | test_loss=2.2070 | test_acc=0.8836
2026-05-18 12:27:57,254 | INFO | SpawnProcess-1 | stage1_run3 | Epoch 080 | train_loss=9.6626 | train_acc=0.9763 | test_loss=2.0321 | test_acc=0.9044
2026-05-18 12:28:00,864 | INFO | SpawnProcess-3 | stage1_run2 | Epoch 081 | train_loss=9.9871 | train_acc=0.9753 | test_loss=2.1354 | test_acc=0.8582
2026-05-18 12:28:04,047 | INFO | SpawnProcess-2 | stage1_run1 | Epoch 077 | train_loss=10.9594 | train_acc=0.9731 | test_loss=2.3341 | test_acc=0.9200
2026-05-18 12:28:19,108 | INFO | SpawnProcess-1 | stage1_run3 | Epoch 081 | train_loss=9.7665 | train_acc=0.9755 | test_loss=2.1706 | test_acc=0.8988
2026-05-18 12:28:31,419 | INFO | SpawnProcess-2 | stage1_run1 | Epoch 078 | train_loss=11.0444 | train_acc=0.9735 | test_loss=2.4809 | test_acc=0.8788
2026-05-18 12:28:32,178 | INFO | SpawnProcess-3 | stage1_run2 | Epoch 082 | train_loss=9.3169 | train_acc=0.9768 | test_loss=2.9482 | test_acc=0.9218
2026-05-18 12:28:43,108 | INFO | SpawnProcess-1 | stage1_run3 | Epoch 082 | train_loss=9.4172 | train_acc=0.9769 | test_loss=2.0645 | test_acc=0.9317
2026-05-18 12:28:57,522 | INFO | SpawnProcess-2 | stage1_run1 | Epoch 079 | train_loss=10.6615 | train_acc=0.9742 | test_loss=2.2328 | test_acc=0.9017
2026-05-18 12:29:05,109 | INFO | SpawnProcess-3 | stage1_run2 | Epoch 083 | train_loss=9.2427 | train_acc=0.9774 | test_loss=2.1672 | test_acc=0.8602
2026-05-18 12:29:08,306 | INFO | SpawnProcess-1 | stage1_run3 | Epoch 083 | train_loss=9.1796 | train_acc=0.9775 | test_loss=2.0544 | test_acc=0.8933
2026-05-18 12:29:19,406 | INFO | SpawnProcess-2 | stage1_run1 | Epoch 080 | train_loss=11.4486 | train_acc=0.9719 | test_loss=2.1963 | test_acc=0.8947
2026-05-18 12:29:33,918 | INFO | SpawnProcess-1 | stage1_run3 | Epoch 084 | train_loss=9.1814 | train_acc=0.9777 | test_loss=2.4170 | test_acc=0.8906
2026-05-18 12:29:34,905 | INFO | SpawnProcess-3 | stage1_run2 | Epoch 084 | train_loss=8.7241 | train_acc=0.9781 | test_loss=2.1880 | test_acc=0.8890
2026-05-18 12:29:49,093 | INFO | SpawnProcess-2 | stage1_run1 | Epoch 081 | train_loss=10.5421 | train_acc=0.9743 | test_loss=2.2669 | test_acc=0.8920
2026-05-18 12:29:56,882 | INFO | SpawnProcess-3 | stage1_run2 | Epoch 085 | train_loss=9.0759 | train_acc=0.9774 | test_loss=2.1783 | test_acc=0.9228
2026-05-18 12:30:01,368 | INFO | SpawnProcess-1 | stage1_run3 | Epoch 085 | train_loss=9.1197 | train_acc=0.9773 | test_loss=2.1003 | test_acc=0.8947
2026-05-18 12:30:20,673 | INFO | SpawnProcess-2 | stage1_run1 | Epoch 082 | train_loss=10.4388 | train_acc=0.9747 | test_loss=2.1924 | test_acc=0.8641
2026-05-18 12:30:22,925 | INFO | SpawnProcess-1 | stage1_run3 | Epoch 086 | train_loss=9.0844 | train_acc=0.9771 | test_loss=2.2172 | test_acc=0.9315
2026-05-18 12:30:24,464 | INFO | SpawnProcess-3 | stage1_run2 | Epoch 086 | train_loss=9.0449 | train_acc=0.9774 | test_loss=2.9987 | test_acc=0.8530
2026-05-18 12:30:41,780 | INFO | SpawnProcess-1 | stage1_run3 | Epoch 087 | train_loss=8.9239 | train_acc=0.9783 | test_loss=2.7061 | test_acc=0.8614
2026-05-18 12:30:42,610 | INFO | SpawnProcess-3 | stage1_run2 | Epoch 087 | train_loss=9.1345 | train_acc=0.9773 | test_loss=2.7645 | test_acc=0.8985
2026-05-18 12:30:53,917 | INFO | SpawnProcess-2 | stage1_run1 | Epoch 083 | train_loss=10.1713 | train_acc=0.9753 | test_loss=2.2402 | test_acc=0.8818
2026-05-18 12:31:03,576 | INFO | SpawnProcess-3 | stage1_run2 | Epoch 088 | train_loss=8.4354 | train_acc=0.9792 | test_loss=1.9872 | test_acc=0.9064
2026-05-18 12:31:06,822 | INFO | SpawnProcess-1 | stage1_run3 | Epoch 088 | train_loss=9.5488 | train_acc=0.9760 | test_loss=2.4037 | test_acc=0.9321
2026-05-18 12:31:25,322 | INFO | SpawnProcess-2 | stage1_run1 | Epoch 084 | train_loss=10.6633 | train_acc=0.9743 | test_loss=2.1701 | test_acc=0.8905
2026-05-18 12:31:25,360 | INFO | SpawnProcess-1 | stage1_run3 | Epoch 089 | train_loss=8.4804 | train_acc=0.9785 | test_loss=2.1705 | test_acc=0.8484
2026-05-18 12:31:33,243 | INFO | SpawnProcess-3 | stage1_run2 | Epoch 089 | train_loss=8.2796 | train_acc=0.9798 | test_loss=2.2657 | test_acc=0.8613
2026-05-18 12:31:52,751 | INFO | SpawnProcess-2 | stage1_run1 | Epoch 085 | train_loss=10.6787 | train_acc=0.9745 | test_loss=2.3217 | test_acc=0.9115
2026-05-18 12:31:54,903 | INFO | SpawnProcess-1 | stage1_run3 | Epoch 090 | train_loss=8.8883 | train_acc=0.9774 | test_loss=2.5276 | test_acc=0.8575
2026-05-18 12:32:02,748 | INFO | SpawnProcess-3 | stage1_run2 | Epoch 090 | train_loss=8.3129 | train_acc=0.9793 | test_loss=2.6021 | test_acc=0.9055
2026-05-18 12:32:18,195 | INFO | SpawnProcess-2 | stage1_run1 | Epoch 086 | train_loss=10.2437 | train_acc=0.9752 | test_loss=2.7652 | test_acc=0.9021
2026-05-18 12:32:23,375 | INFO | SpawnProcess-1 | stage1_run3 | Epoch 091 | train_loss=8.8620 | train_acc=0.9784 | test_loss=1.9369 | test_acc=0.9399
2026-05-18 12:32:29,337 | INFO | SpawnProcess-3 | stage1_run2 | Epoch 091 | train_loss=8.6441 | train_acc=0.9784 | test_loss=2.2258 | test_acc=0.8465
2026-05-18 12:32:43,356 | INFO | SpawnProcess-2 | stage1_run1 | Epoch 087 | train_loss=10.3657 | train_acc=0.9752 | test_loss=2.3676 | test_acc=0.8874
2026-05-18 12:32:52,515 | INFO | SpawnProcess-1 | stage1_run3 | Epoch 092 | train_loss=8.0840 | train_acc=0.9799 | test_loss=1.9948 | test_acc=0.9307
2026-05-18 12:33:00,534 | INFO | SpawnProcess-3 | stage1_run2 | Epoch 092 | train_loss=8.7303 | train_acc=0.9783 | test_loss=2.0310 | test_acc=0.8950
2026-05-18 12:33:11,422 | INFO | SpawnProcess-2 | stage1_run1 | Epoch 088 | train_loss=9.7245 | train_acc=0.9771 | test_loss=2.6826 | test_acc=0.8961
2026-05-18 12:33:17,763 | INFO | SpawnProcess-1 | stage1_run3 | Epoch 093 | train_loss=8.9059 | train_acc=0.9783 | test_loss=2.3440 | test_acc=0.9357
2026-05-18 12:33:31,558 | INFO | SpawnProcess-3 | stage1_run2 | Epoch 093 | train_loss=8.3535 | train_acc=0.9790 | test_loss=2.5268 | test_acc=0.8549
2026-05-18 12:33:41,767 | INFO | SpawnProcess-2 | stage1_run1 | Epoch 089 | train_loss=10.5868 | train_acc=0.9747 | test_loss=2.3708 | test_acc=0.8906
2026-05-18 12:33:45,305 | INFO | SpawnProcess-1 | stage1_run3 | Epoch 094 | train_loss=8.6945 | train_acc=0.9780 | test_loss=2.4005 | test_acc=0.9568
2026-05-18 12:33:59,802 | INFO | SpawnProcess-3 | stage1_run2 | Epoch 094 | train_loss=8.3385 | train_acc=0.9794 | test_loss=2.3056 | test_acc=0.8622
2026-05-18 12:34:09,976 | INFO | SpawnProcess-2 | stage1_run1 | Epoch 090 | train_loss=10.3999 | train_acc=0.9748 | test_loss=2.2252 | test_acc=0.8897
2026-05-18 12:34:13,157 | INFO | SpawnProcess-1 | stage1_run3 | Epoch 095 | train_loss=8.5363 | train_acc=0.9784 | test_loss=2.1236 | test_acc=0.9101
2026-05-18 12:34:29,464 | INFO | SpawnProcess-3 | stage1_run2 | Epoch 095 | train_loss=8.6920 | train_acc=0.9782 | test_loss=2.1168 | test_acc=0.9398
2026-05-18 12:34:35,552 | INFO | SpawnProcess-1 | stage1_run3 | Epoch 096 | train_loss=8.5693 | train_acc=0.9786 | test_loss=2.5449 | test_acc=0.8605
2026-05-18 12:34:43,194 | INFO | SpawnProcess-2 | stage1_run1 | Epoch 091 | train_loss=10.1658 | train_acc=0.9758 | test_loss=2.2828 | test_acc=0.8916
2026-05-18 12:35:01,663 | INFO | SpawnProcess-3 | stage1_run2 | Epoch 096 | train_loss=7.8927 | train_acc=0.9805 | test_loss=2.0044 | test_acc=0.8804
2026-05-18 12:35:03,761 | INFO | SpawnProcess-1 | stage1_run3 | Epoch 097 | train_loss=8.8958 | train_acc=0.9779 | test_loss=1.9340 | test_acc=0.8733
2026-05-18 12:35:11,325 | INFO | SpawnProcess-2 | stage1_run1 | Epoch 092 | train_loss=9.6909 | train_acc=0.9765 | test_loss=2.5604 | test_acc=0.8970
2026-05-18 12:35:31,569 | INFO | SpawnProcess-3 | stage1_run2 | Epoch 097 | train_loss=7.3247 | train_acc=0.9817 | test_loss=2.2293 | test_acc=0.8743
2026-05-18 12:35:33,196 | INFO | SpawnProcess-1 | stage1_run3 | Epoch 098 | train_loss=8.2067 | train_acc=0.9793 | test_loss=1.9109 | test_acc=0.9431
2026-05-18 12:35:39,253 | INFO | SpawnProcess-2 | stage1_run1 | Epoch 093 | train_loss=10.0195 | train_acc=0.9766 | test_loss=2.9869 | test_acc=0.8715
2026-05-18 12:35:53,906 | INFO | SpawnProcess-3 | stage1_run2 | Epoch 098 | train_loss=8.1720 | train_acc=0.9793 | test_loss=2.1267 | test_acc=0.8961
2026-05-18 12:36:02,017 | INFO | SpawnProcess-1 | stage1_run3 | Epoch 099 | train_loss=7.7208 | train_acc=0.9806 | test_loss=1.9431 | test_acc=0.9395
2026-05-18 12:36:02,341 | INFO | SpawnProcess-2 | stage1_run1 | Epoch 094 | train_loss=10.2277 | train_acc=0.9762 | test_loss=2.5504 | test_acc=0.8962
2026-05-18 12:36:20,243 | INFO | SpawnProcess-3 | stage1_run2 | Epoch 099 | train_loss=8.1861 | train_acc=0.9791 | test_loss=2.1698 | test_acc=0.8890
2026-05-18 12:36:29,938 | INFO | SpawnProcess-2 | stage1_run1 | Epoch 095 | train_loss=9.7491 | train_acc=0.9768 | test_loss=2.0626 | test_acc=0.8981
2026-05-18 12:36:36,253 | INFO | SpawnProcess-1 | stage1_run3 | Epoch 100 | train_loss=8.5552 | train_acc=0.9786 | test_loss=1.9579 | test_acc=0.9125
2026-05-18 12:36:42,257 | INFO | SpawnProcess-3 | stage1_run2 | Epoch 100 | train_loss=8.5104 | train_acc=0.9786 | test_loss=2.1717 | test_acc=0.8737
2026-05-18 12:36:58,897 | INFO | SpawnProcess-2 | stage1_run1 | Epoch 096 | train_loss=9.5922 | train_acc=0.9763 | test_loss=2.1317 | test_acc=0.8964
2026-05-18 12:37:06,119 | INFO | SpawnProcess-1 | stage1_run3 | Epoch 101 | train_loss=8.0664 | train_acc=0.9801 | test_loss=1.9920 | test_acc=0.8956
2026-05-18 12:37:07,734 | INFO | SpawnProcess-3 | stage1_run2 | Epoch 101 | train_loss=7.8771 | train_acc=0.9801 | test_loss=2.1649 | test_acc=0.8902
2026-05-18 12:37:28,227 | INFO | SpawnProcess-2 | stage1_run1 | Epoch 097 | train_loss=9.4135 | train_acc=0.9776 | test_loss=2.1863 | test_acc=0.8784
2026-05-18 12:37:35,751 | INFO | SpawnProcess-1 | stage1_run3 | Epoch 102 | train_loss=7.7746 | train_acc=0.9806 | test_loss=2.2319 | test_acc=0.8760
2026-05-18 12:37:38,457 | INFO | SpawnProcess-3 | stage1_run2 | Epoch 102 | train_loss=7.1579 | train_acc=0.9822 | test_loss=1.9018 | test_acc=0.8653
2026-05-18 12:37:56,437 | INFO | SpawnProcess-2 | stage1_run1 | Epoch 098 | train_loss=9.5472 | train_acc=0.9771 | test_loss=2.1369 | test_acc=0.9157
2026-05-18 12:38:03,314 | INFO | SpawnProcess-1 | stage1_run3 | Epoch 103 | train_loss=8.3338 | train_acc=0.9799 | test_loss=2.0548 | test_acc=0.9404
2026-05-18 12:38:06,976 | INFO | SpawnProcess-3 | stage1_run2 | Epoch 103 | train_loss=7.7659 | train_acc=0.9802 | test_loss=2.0410 | test_acc=0.8852
2026-05-18 12:38:27,643 | INFO | SpawnProcess-2 | stage1_run1 | Epoch 099 | train_loss=9.5652 | train_acc=0.9768 | test_loss=2.2930 | test_acc=0.8691
2026-05-18 12:38:32,889 | INFO | SpawnProcess-1 | stage1_run3 | Epoch 104 | train_loss=7.6050 | train_acc=0.9811 | test_loss=1.9699 | test_acc=0.9345
2026-05-18 12:38:34,885 | INFO | SpawnProcess-3 | stage1_run2 | Epoch 104 | train_loss=7.5285 | train_acc=0.9810 | test_loss=2.0548 | test_acc=0.9049
2026-05-18 12:38:54,544 | INFO | SpawnProcess-2 | stage1_run1 | Epoch 100 | train_loss=8.9286 | train_acc=0.9782 | test_loss=1.9667 | test_acc=0.9235
2026-05-18 12:39:02,740 | INFO | SpawnProcess-1 | stage1_run3 | Epoch 105 | train_loss=8.4556 | train_acc=0.9792 | test_loss=1.9259 | test_acc=0.9006
2026-05-18 12:39:03,145 | INFO | SpawnProcess-3 | stage1_run2 | Epoch 105 | train_loss=7.1788 | train_acc=0.9822 | test_loss=2.0675 | test_acc=0.9353
2026-05-18 12:39:25,112 | INFO | SpawnProcess-2 | stage1_run1 | Epoch 101 | train_loss=9.4947 | train_acc=0.9770 | test_loss=2.2308 | test_acc=0.9165
2026-05-18 12:39:30,832 | INFO | SpawnProcess-3 | stage1_run2 | Epoch 106 | train_loss=7.2025 | train_acc=0.9812 | test_loss=1.8290 | test_acc=0.9052
2026-05-18 12:39:35,547 | INFO | SpawnProcess-1 | stage1_run3 | Epoch 106 | train_loss=7.2654 | train_acc=0.9824 | test_loss=2.0029 | test_acc=0.9424
2026-05-18 12:39:49,381 | INFO | SpawnProcess-2 | stage1_run1 | Epoch 102 | train_loss=9.0719 | train_acc=0.9785 | test_loss=2.2040 | test_acc=0.9167
2026-05-18 12:39:55,782 | INFO | SpawnProcess-3 | stage1_run2 | Epoch 107 | train_loss=7.4489 | train_acc=0.9810 | test_loss=2.1170 | test_acc=0.9185
2026-05-18 12:40:06,422 | INFO | SpawnProcess-1 | stage1_run3 | Epoch 107 | train_loss=7.3606 | train_acc=0.9825 | test_loss=2.0262 | test_acc=0.9005
2026-05-18 12:40:20,407 | INFO | SpawnProcess-2 | stage1_run1 | Epoch 103 | train_loss=9.2018 | train_acc=0.9779 | test_loss=2.6057 | test_acc=0.8803
2026-05-18 12:40:27,408 | INFO | SpawnProcess-3 | stage1_run2 | Epoch 108 | train_loss=7.0541 | train_acc=0.9822 | test_loss=2.4125 | test_acc=0.8581
2026-05-18 12:40:30,891 | INFO | SpawnProcess-1 | stage1_run3 | Epoch 108 | train_loss=7.5847 | train_acc=0.9805 | test_loss=2.2042 | test_acc=0.9443
2026-05-18 12:40:49,568 | INFO | SpawnProcess-2 | stage1_run1 | Epoch 104 | train_loss=9.1448 | train_acc=0.9781 | test_loss=2.6877 | test_acc=0.8845
2026-05-18 12:40:57,292 | INFO | SpawnProcess-3 | stage1_run2 | Epoch 109 | train_loss=7.3577 | train_acc=0.9810 | test_loss=1.9233 | test_acc=0.9183
2026-05-18 12:40:58,950 | INFO | SpawnProcess-1 | stage1_run3 | Epoch 109 | train_loss=8.5917 | train_acc=0.9787 | test_loss=1.8282 | test_acc=0.8815
2026-05-18 12:41:15,961 | INFO | SpawnProcess-2 | stage1_run1 | Epoch 105 | train_loss=9.1364 | train_acc=0.9779 | test_loss=2.0644 | test_acc=0.9228
2026-05-18 12:41:26,725 | INFO | SpawnProcess-3 | stage1_run2 | Epoch 110 | train_loss=7.1822 | train_acc=0.9820 | test_loss=2.3172 | test_acc=0.9172
2026-05-18 12:41:29,257 | INFO | SpawnProcess-1 | stage1_run3 | Epoch 110 | train_loss=7.6243 | train_acc=0.9815 | test_loss=1.8803 | test_acc=0.9007
2026-05-18 12:41:36,088 | INFO | SpawnProcess-2 | stage1_run1 | Epoch 106 | train_loss=8.7373 | train_acc=0.9790 | test_loss=2.6158 | test_acc=0.8944
2026-05-18 12:41:49,337 | INFO | SpawnProcess-3 | stage1_run2 | Epoch 111 | train_loss=6.8792 | train_acc=0.9825 | test_loss=1.9047 | test_acc=0.8961
2026-05-18 12:41:56,638 | INFO | SpawnProcess-1 | stage1_run3 | Epoch 111 | train_loss=7.3345 | train_acc=0.9817 | test_loss=1.7455 | test_acc=0.8992
2026-05-18 12:42:08,100 | INFO | SpawnProcess-2 | stage1_run1 | Epoch 107 | train_loss=9.3219 | train_acc=0.9772 | test_loss=2.2168 | test_acc=0.8739
2026-05-18 12:42:14,658 | INFO | SpawnProcess-3 | stage1_run2 | Epoch 112 | train_loss=6.3918 | train_acc=0.9842 | test_loss=2.0146 | test_acc=0.9106
2026-05-18 12:42:22,802 | INFO | SpawnProcess-1 | stage1_run3 | Epoch 112 | train_loss=7.8825 | train_acc=0.9803 | test_loss=2.0205 | test_acc=0.9287
2026-05-18 12:42:29,441 | INFO | SpawnProcess-2 | stage1_run1 | Epoch 108 | train_loss=8.2841 | train_acc=0.9803 | test_loss=2.0571 | test_acc=0.9212
2026-05-18 12:42:37,126 | INFO | SpawnProcess-3 | stage1_run2 | Epoch 113 | train_loss=7.5448 | train_acc=0.9806 | test_loss=1.8565 | test_acc=0.9000
2026-05-18 12:42:49,553 | INFO | SpawnProcess-1 | stage1_run3 | Epoch 113 | train_loss=8.1868 | train_acc=0.9794 | test_loss=1.9827 | test_acc=0.9145
2026-05-18 12:42:59,282 | INFO | SpawnProcess-2 | stage1_run1 | Epoch 109 | train_loss=8.2996 | train_acc=0.9800 | test_loss=2.0757 | test_acc=0.8973
2026-05-18 12:43:07,366 | INFO | SpawnProcess-3 | stage1_run2 | Epoch 114 | train_loss=7.0664 | train_acc=0.9821 | test_loss=1.9790 | test_acc=0.9016
2026-05-18 12:43:16,846 | INFO | SpawnProcess-1 | stage1_run3 | Epoch 114 | train_loss=7.0010 | train_acc=0.9826 | test_loss=1.9676 | test_acc=0.9266
2026-05-18 12:43:30,283 | INFO | SpawnProcess-2 | stage1_run1 | Epoch 110 | train_loss=9.0644 | train_acc=0.9771 | test_loss=2.2973 | test_acc=0.8676
2026-05-18 12:43:35,758 | INFO | SpawnProcess-3 | stage1_run2 | Epoch 115 | train_loss=7.4974 | train_acc=0.9806 | test_loss=2.0033 | test_acc=0.8615
2026-05-18 12:43:46,301 | INFO | SpawnProcess-1 | stage1_run3 | Epoch 115 | train_loss=7.4347 | train_acc=0.9812 | test_loss=1.8936 | test_acc=0.9083
2026-05-18 12:43:53,786 | INFO | SpawnProcess-2 | stage1_run1 | Epoch 111 | train_loss=8.6150 | train_acc=0.9787 | test_loss=2.4350 | test_acc=0.8983
2026-05-18 12:44:00,263 | INFO | SpawnProcess-3 | stage1_run2 | Epoch 116 | train_loss=6.8093 | train_acc=0.9833 | test_loss=1.8960 | test_acc=0.9187
2026-05-18 12:44:15,659 | INFO | SpawnProcess-1 | stage1_run3 | Epoch 116 | train_loss=6.7834 | train_acc=0.9834 | test_loss=2.2646 | test_acc=0.8712
2026-05-18 12:44:24,198 | INFO | SpawnProcess-2 | stage1_run1 | Epoch 112 | train_loss=9.0054 | train_acc=0.9785 | test_loss=2.2984 | test_acc=0.9010
2026-05-18 12:44:25,420 | INFO | SpawnProcess-3 | stage1_run2 | Epoch 117 | train_loss=6.9279 | train_acc=0.9821 | test_loss=2.3637 | test_acc=0.8400
2026-05-18 12:44:46,614 | INFO | SpawnProcess-3 | stage1_run2 | Epoch 118 | train_loss=6.9266 | train_acc=0.9826 | test_loss=1.9787 | test_acc=0.9217
2026-05-18 12:44:47,359 | INFO | SpawnProcess-1 | stage1_run3 | Epoch 117 | train_loss=7.7975 | train_acc=0.9808 | test_loss=1.9019 | test_acc=0.9196
2026-05-18 12:44:57,695 | INFO | SpawnProcess-2 | stage1_run1 | Epoch 113 | train_loss=8.2649 | train_acc=0.9799 | test_loss=1.9518 | test_acc=0.9252
2026-05-18 12:45:14,119 | INFO | SpawnProcess-1 | stage1_run3 | Epoch 118 | train_loss=7.6224 | train_acc=0.9815 | test_loss=2.1474 | test_acc=0.8903
2026-05-18 12:45:14,431 | INFO | SpawnProcess-3 | stage1_run2 | Epoch 119 | train_loss=6.1029 | train_acc=0.9845 | test_loss=1.8673 | test_acc=0.9071
2026-05-18 12:45:28,687 | INFO | SpawnProcess-2 | stage1_run1 | Epoch 114 | train_loss=8.6155 | train_acc=0.9789 | test_loss=2.4467 | test_acc=0.8661
2026-05-18 12:45:35,527 | INFO | SpawnProcess-3 | stage1_run2 | Epoch 120 | train_loss=6.8227 | train_acc=0.9828 | test_loss=2.0796 | test_acc=0.9100
2026-05-18 12:45:42,836 | INFO | SpawnProcess-1 | stage1_run3 | Epoch 119 | train_loss=7.6504 | train_acc=0.9814 | test_loss=1.9452 | test_acc=0.9352
2026-05-18 12:45:51,112 | INFO | SpawnProcess-2 | stage1_run1 | Epoch 115 | train_loss=8.7661 | train_acc=0.9788 | test_loss=2.3935 | test_acc=0.8812
2026-05-18 12:46:03,564 | INFO | SpawnProcess-3 | stage1_run2 | Epoch 121 | train_loss=7.1788 | train_acc=0.9820 | test_loss=1.8501 | test_acc=0.8998
2026-05-18 12:46:13,888 | INFO | SpawnProcess-1 | stage1_run3 | Epoch 120 | train_loss=7.0459 | train_acc=0.9827 | test_loss=1.9382 | test_acc=0.8987
2026-05-18 12:46:19,689 | INFO | SpawnProcess-2 | stage1_run1 | Epoch 116 | train_loss=8.3350 | train_acc=0.9798 | test_loss=2.3369 | test_acc=0.8832
2026-05-18 12:46:32,968 | INFO | SpawnProcess-3 | stage1_run2 | Epoch 122 | train_loss=6.4100 | train_acc=0.9835 | test_loss=1.8044 | test_acc=0.9052
2026-05-18 12:46:45,308 | INFO | SpawnProcess-2 | stage1_run1 | Epoch 117 | train_loss=9.0824 | train_acc=0.9779 | test_loss=2.0182 | test_acc=0.9323
2026-05-18 12:46:45,804 | INFO | SpawnProcess-1 | stage1_run3 | Epoch 121 | train_loss=7.1099 | train_acc=0.9825 | test_loss=1.8684 | test_acc=0.9416
2026-05-18 12:46:57,400 | INFO | SpawnProcess-3 | stage1_run2 | Epoch 123 | train_loss=6.3155 | train_acc=0.9839 | test_loss=2.1182 | test_acc=0.8748
2026-05-18 12:47:12,640 | INFO | SpawnProcess-2 | stage1_run1 | Epoch 118 | train_loss=8.5656 | train_acc=0.9796 | test_loss=1.9521 | test_acc=0.9217
2026-05-18 12:47:17,121 | INFO | SpawnProcess-1 | stage1_run3 | Epoch 122 | train_loss=7.2631 | train_acc=0.9820 | test_loss=2.1544 | test_acc=0.9351
2026-05-18 12:47:26,559 | INFO | SpawnProcess-3 | stage1_run2 | Epoch 124 | train_loss=6.7508 | train_acc=0.9828 | test_loss=1.7313 | test_acc=0.9129
2026-05-18 12:47:44,030 | INFO | SpawnProcess-2 | stage1_run1 | Epoch 119 | train_loss=8.8223 | train_acc=0.9786 | test_loss=2.0713 | test_acc=0.9029
2026-05-18 12:47:46,033 | INFO | SpawnProcess-1 | stage1_run3 | Epoch 123 | train_loss=6.7348 | train_acc=0.9830 | test_loss=1.8476 | test_acc=0.9251
2026-05-18 12:47:56,710 | INFO | SpawnProcess-3 | stage1_run2 | Epoch 125 | train_loss=6.0808 | train_acc=0.9854 | test_loss=2.0581 | test_acc=0.9334
2026-05-18 12:48:15,751 | INFO | SpawnProcess-1 | stage1_run3 | Epoch 124 | train_loss=6.5114 | train_acc=0.9838 | test_loss=1.8670 | test_acc=0.9252
2026-05-18 12:48:17,404 | INFO | SpawnProcess-2 | stage1_run1 | Epoch 120 | train_loss=7.8628 | train_acc=0.9815 | test_loss=1.9681 | test_acc=0.8930
2026-05-18 12:48:25,095 | INFO | SpawnProcess-3 | stage1_run2 | Epoch 126 | train_loss=6.4006 | train_acc=0.9839 | test_loss=1.7692 | test_acc=0.9046
2026-05-18 12:48:46,368 | INFO | SpawnProcess-1 | stage1_run3 | Epoch 125 | train_loss=6.9336 | train_acc=0.9822 | test_loss=1.9890 | test_acc=0.8884
2026-05-18 12:48:46,768 | INFO | SpawnProcess-2 | stage1_run1 | Epoch 121 | train_loss=7.8036 | train_acc=0.9806 | test_loss=2.2264 | test_acc=0.9258
2026-05-18 12:48:56,905 | INFO | SpawnProcess-3 | stage1_run2 | Epoch 127 | train_loss=6.1347 | train_acc=0.9846 | test_loss=1.8141 | test_acc=0.9051
2026-05-18 12:49:10,484 | INFO | SpawnProcess-1 | stage1_run3 | Epoch 126 | train_loss=7.4517 | train_acc=0.9811 | test_loss=1.7979 | test_acc=0.9487
2026-05-18 12:49:19,125 | INFO | SpawnProcess-2 | stage1_run1 | Epoch 122 | train_loss=8.0802 | train_acc=0.9805 | test_loss=1.8817 | test_acc=0.9184
2026-05-18 12:49:30,509 | INFO | SpawnProcess-3 | stage1_run2 | Epoch 128 | train_loss=5.6602 | train_acc=0.9857 | test_loss=2.0064 | test_acc=0.8852
2026-05-18 12:49:35,630 | INFO | SpawnProcess-1 | stage1_run3 | Epoch 127 | train_loss=6.7549 | train_acc=0.9829 | test_loss=2.0812 | test_acc=0.9329
2026-05-18 12:49:51,499 | INFO | SpawnProcess-2 | stage1_run1 | Epoch 123 | train_loss=7.8941 | train_acc=0.9810 | test_loss=2.0920 | test_acc=0.9194
2026-05-18 12:50:01,689 | INFO | SpawnProcess-3 | stage1_run2 | Epoch 129 | train_loss=5.9623 | train_acc=0.9850 | test_loss=1.9427 | test_acc=0.9011
2026-05-18 12:50:02,711 | INFO | SpawnProcess-1 | stage1_run3 | Epoch 128 | train_loss=7.3849 | train_acc=0.9821 | test_loss=1.9519 | test_acc=0.8724
2026-05-18 12:50:21,083 | INFO | SpawnProcess-2 | stage1_run1 | Epoch 124 | train_loss=7.8500 | train_acc=0.9814 | test_loss=2.1433 | test_acc=0.9015
2026-05-18 12:50:32,048 | INFO | SpawnProcess-1 | stage1_run3 | Epoch 129 | train_loss=6.7881 | train_acc=0.9831 | test_loss=1.8728 | test_acc=0.9110
2026-05-18 12:50:35,663 | INFO | SpawnProcess-3 | stage1_run2 | Epoch 130 | train_loss=5.2609 | train_acc=0.9868 | test_loss=1.8008 | test_acc=0.9099
2026-05-18 12:50:48,009 | INFO | SpawnProcess-2 | stage1_run1 | Epoch 125 | train_loss=8.1934 | train_acc=0.9799 | test_loss=1.9756 | test_acc=0.9084
2026-05-18 12:51:02,850 | INFO | SpawnProcess-1 | stage1_run3 | Epoch 130 | train_loss=7.3280 | train_acc=0.9817 | test_loss=2.0253 | test_acc=0.9223
2026-05-18 12:51:06,737 | INFO | SpawnProcess-3 | stage1_run2 | Epoch 131 | train_loss=5.6032 | train_acc=0.9864 | test_loss=1.9258 | test_acc=0.8991
2026-05-18 12:51:20,234 | INFO | SpawnProcess-2 | stage1_run1 | Epoch 126 | train_loss=8.2113 | train_acc=0.9806 | test_loss=3.6360 | test_acc=0.9124
2026-05-18 12:51:32,518 | INFO | SpawnProcess-1 | stage1_run3 | Epoch 131 | train_loss=7.2025 | train_acc=0.9817 | test_loss=1.8493 | test_acc=0.8900
2026-05-18 12:51:43,024 | INFO | SpawnProcess-3 | stage1_run2 | Epoch 132 | train_loss=6.1244 | train_acc=0.9845 | test_loss=1.7959 | test_acc=0.9007
2026-05-18 12:51:57,422 | INFO | SpawnProcess-2 | stage1_run1 | Epoch 127 | train_loss=8.4730 | train_acc=0.9794 | test_loss=2.0915 | test_acc=0.8861
2026-05-18 12:52:03,138 | INFO | SpawnProcess-1 | stage1_run3 | Epoch 132 | train_loss=7.0480 | train_acc=0.9826 | test_loss=2.0340 | test_acc=0.9180
2026-05-18 12:52:11,904 | INFO | SpawnProcess-3 | stage1_run2 | Epoch 133 | train_loss=6.3354 | train_acc=0.9834 | test_loss=2.2848 | test_acc=0.9339
2026-05-18 12:52:28,705 | INFO | SpawnProcess-2 | stage1_run1 | Epoch 128 | train_loss=7.5453 | train_acc=0.9814 | test_loss=2.3353 | test_acc=0.8804
2026-05-18 12:52:31,889 | INFO | SpawnProcess-1 | stage1_run3 | Epoch 133 | train_loss=6.8073 | train_acc=0.9834 | test_loss=2.1880 | test_acc=0.9519
2026-05-18 12:52:47,782 | INFO | SpawnProcess-3 | stage1_run2 | Epoch 134 | train_loss=5.9500 | train_acc=0.9848 | test_loss=2.4801 | test_acc=0.8550
2026-05-18 12:53:02,978 | INFO | SpawnProcess-2 | stage1_run1 | Epoch 129 | train_loss=7.8037 | train_acc=0.9813 | test_loss=2.5812 | test_acc=0.8876
2026-05-18 12:53:03,570 | INFO | SpawnProcess-1 | stage1_run3 | Epoch 134 | train_loss=6.7596 | train_acc=0.9831 | test_loss=1.9095 | test_acc=0.9322
2026-05-18 12:53:23,189 | INFO | SpawnProcess-3 | stage1_run2 | Epoch 135 | train_loss=6.4578 | train_acc=0.9833 | test_loss=1.8607 | test_acc=0.9192
2026-05-18 12:53:32,633 | INFO | SpawnProcess-1 | stage1_run3 | Epoch 135 | train_loss=6.4873 | train_acc=0.9839 | test_loss=2.1460 | test_acc=0.9314
2026-05-18 12:53:35,045 | INFO | SpawnProcess-2 | stage1_run1 | Epoch 130 | train_loss=7.7416 | train_acc=0.9812 | test_loss=1.8595 | test_acc=0.9299
2026-05-18 12:54:00,270 | INFO | SpawnProcess-3 | stage1_run2 | Epoch 136 | train_loss=5.5785 | train_acc=0.9858 | test_loss=2.6500 | test_acc=0.8921
2026-05-18 12:54:09,310 | INFO | SpawnProcess-1 | stage1_run3 | Epoch 136 | train_loss=6.4899 | train_acc=0.9837 | test_loss=1.9495 | test_acc=0.9211
2026-05-18 12:54:15,063 | INFO | SpawnProcess-2 | stage1_run1 | Epoch 131 | train_loss=7.4728 | train_acc=0.9819 | test_loss=1.9417 | test_acc=0.9001
2026-05-18 12:54:31,978 | INFO | SpawnProcess-3 | stage1_run2 | Epoch 137 | train_loss=6.0510 | train_acc=0.9851 | test_loss=1.9816 | test_acc=0.8904
2026-05-18 12:54:48,026 | INFO | SpawnProcess-1 | stage1_run3 | Epoch 137 | train_loss=6.5955 | train_acc=0.9839 | test_loss=1.7944 | test_acc=0.9217
2026-05-18 12:54:48,594 | INFO | SpawnProcess-2 | stage1_run1 | Epoch 132 | train_loss=7.6304 | train_acc=0.9812 | test_loss=1.8798 | test_acc=0.9046
2026-05-18 12:55:00,176 | INFO | SpawnProcess-3 | stage1_run2 | Epoch 138 | train_loss=5.8908 | train_acc=0.9848 | test_loss=1.9584 | test_acc=0.8860
2026-05-18 12:55:27,009 | INFO | SpawnProcess-1 | stage1_run3 | Epoch 138 | train_loss=6.4812 | train_acc=0.9839 | test_loss=2.4991 | test_acc=0.8348
2026-05-18 12:55:27,367 | INFO | SpawnProcess-2 | stage1_run1 | Epoch 133 | train_loss=7.5316 | train_acc=0.9816 | test_loss=1.9900 | test_acc=0.9178
2026-05-18 12:55:31,174 | INFO | SpawnProcess-3 | stage1_run2 | Epoch 139 | train_loss=6.3977 | train_acc=0.9837 | test_loss=1.8597 | test_acc=0.8808
2026-05-18 12:56:00,999 | INFO | SpawnProcess-2 | stage1_run1 | Epoch 134 | train_loss=7.6875 | train_acc=0.9813 | test_loss=1.9247 | test_acc=0.9257
2026-05-18 12:56:03,611 | INFO | SpawnProcess-1 | stage1_run3 | Epoch 139 | train_loss=6.3470 | train_acc=0.9839 | test_loss=2.4361 | test_acc=0.9136
2026-05-18 12:56:07,710 | INFO | SpawnProcess-3 | stage1_run2 | Epoch 140 | train_loss=6.0617 | train_acc=0.9845 | test_loss=2.2173 | test_acc=0.8641
2026-05-18 12:56:37,292 | INFO | SpawnProcess-1 | stage1_run3 | Epoch 140 | train_loss=6.5766 | train_acc=0.9837 | test_loss=1.8770 | test_acc=0.9231
2026-05-18 12:56:38,472 | INFO | SpawnProcess-2 | stage1_run1 | Epoch 135 | train_loss=7.2772 | train_acc=0.9825 | test_loss=1.8321 | test_acc=0.8849
2026-05-18 12:56:44,712 | INFO | SpawnProcess-3 | stage1_run2 | Epoch 141 | train_loss=6.4420 | train_acc=0.9834 | test_loss=1.7796 | test_acc=0.8985
2026-05-18 12:57:13,958 | INFO | SpawnProcess-2 | stage1_run1 | Epoch 136 | train_loss=8.1290 | train_acc=0.9806 | test_loss=2.4537 | test_acc=0.8418
2026-05-18 12:57:16,333 | INFO | SpawnProcess-1 | stage1_run3 | Epoch 141 | train_loss=7.1104 | train_acc=0.9819 | test_loss=1.9639 | test_acc=0.9327
2026-05-18 12:57:20,253 | INFO | SpawnProcess-3 | stage1_run2 | Epoch 142 | train_loss=5.4055 | train_acc=0.9866 | test_loss=1.7530 | test_acc=0.9000
2026-05-18 12:57:52,290 | INFO | SpawnProcess-1 | stage1_run3 | Epoch 142 | train_loss=5.9508 | train_acc=0.9848 | test_loss=1.9116 | test_acc=0.9187
2026-05-18 12:57:55,471 | INFO | SpawnProcess-2 | stage1_run1 | Epoch 137 | train_loss=8.0602 | train_acc=0.9803 | test_loss=1.9977 | test_acc=0.9312
2026-05-18 12:57:56,085 | INFO | SpawnProcess-3 | stage1_run2 | Epoch 143 | train_loss=5.9433 | train_acc=0.9848 | test_loss=2.6522 | test_acc=0.9280
2026-05-18 12:58:28,505 | INFO | SpawnProcess-1 | stage1_run3 | Epoch 143 | train_loss=6.4016 | train_acc=0.9842 | test_loss=2.0298 | test_acc=0.9458
2026-05-18 12:58:34,143 | INFO | SpawnProcess-3 | stage1_run2 | Epoch 144 | train_loss=5.5088 | train_acc=0.9857 | test_loss=1.8377 | test_acc=0.9061
2026-05-18 12:58:35,735 | INFO | SpawnProcess-2 | stage1_run1 | Epoch 138 | train_loss=7.8795 | train_acc=0.9807 | test_loss=2.1002 | test_acc=0.9055
2026-05-18 12:59:03,349 | INFO | SpawnProcess-1 | stage1_run3 | Epoch 144 | train_loss=6.2063 | train_acc=0.9842 | test_loss=1.6618 | test_acc=0.9257
2026-05-18 12:59:13,852 | INFO | SpawnProcess-3 | stage1_run2 | Epoch 145 | train_loss=5.1586 | train_acc=0.9869 | test_loss=2.0176 | test_acc=0.8825
2026-05-18 12:59:18,800 | INFO | SpawnProcess-2 | stage1_run1 | Epoch 139 | train_loss=7.1933 | train_acc=0.9823 | test_loss=2.1650 | test_acc=0.9181
2026-05-18 12:59:46,010 | INFO | SpawnProcess-1 | stage1_run3 | Epoch 145 | train_loss=6.4611 | train_acc=0.9843 | test_loss=1.7821 | test_acc=0.9371
2026-05-18 12:59:51,917 | INFO | SpawnProcess-3 | stage1_run2 | Epoch 146 | train_loss=5.3186 | train_acc=0.9865 | test_loss=1.8861 | test_acc=0.8941
2026-05-18 12:59:53,238 | INFO | SpawnProcess-2 | stage1_run1 | Epoch 140 | train_loss=7.7701 | train_acc=0.9809 | test_loss=2.0905 | test_acc=0.8913
2026-05-18 13:00:29,806 | INFO | SpawnProcess-1 | stage1_run3 | Epoch 146 | train_loss=6.1864 | train_acc=0.9847 | test_loss=1.9370 | test_acc=0.9335
2026-05-18 13:00:31,874 | INFO | SpawnProcess-3 | stage1_run2 | Epoch 147 | train_loss=5.6506 | train_acc=0.9855 | test_loss=1.8276 | test_acc=0.9244
2026-05-18 13:00:35,856 | INFO | SpawnProcess-2 | stage1_run1 | Epoch 141 | train_loss=7.1737 | train_acc=0.9828 | test_loss=2.1486 | test_acc=0.9153
2026-05-18 13:01:12,696 | INFO | SpawnProcess-1 | stage1_run3 | Epoch 147 | train_loss=6.7531 | train_acc=0.9830 | test_loss=1.8184 | test_acc=0.9167
2026-05-18 13:01:14,633 | INFO | SpawnProcess-3 | stage1_run2 | Epoch 148 | train_loss=5.1812 | train_acc=0.9867 | test_loss=1.8744 | test_acc=0.8944
2026-05-18 13:01:16,271 | INFO | SpawnProcess-2 | stage1_run1 | Epoch 142 | train_loss=7.6997 | train_acc=0.9815 | test_loss=1.9852 | test_acc=0.9343
2026-05-18 13:01:53,161 | INFO | SpawnProcess-3 | stage1_run2 | Epoch 149 | train_loss=4.8417 | train_acc=0.9875 | test_loss=2.2290 | test_acc=0.8759
2026-05-18 13:01:53,517 | INFO | SpawnProcess-1 | stage1_run3 | Epoch 148 | train_loss=6.4263 | train_acc=0.9844 | test_loss=2.4767 | test_acc=0.8474
2026-05-18 13:01:57,663 | INFO | SpawnProcess-2 | stage1_run1 | Epoch 143 | train_loss=7.0344 | train_acc=0.9833 | test_loss=1.9374 | test_acc=0.9055
2026-05-18 13:02:31,618 | INFO | SpawnProcess-3 | stage1_run2 | Epoch 150 | train_loss=5.9244 | train_acc=0.9848 | test_loss=1.8537 | test_acc=0.9104
2026-05-18 13:02:33,976 | INFO | SpawnProcess-1 | stage1_run3 | Epoch 149 | train_loss=5.8875 | train_acc=0.9853 | test_loss=1.9586 | test_acc=0.9193
2026-05-18 13:02:39,277 | INFO | SpawnProcess-2 | stage1_run1 | Epoch 144 | train_loss=6.7683 | train_acc=0.9832 | test_loss=1.9766 | test_acc=0.9049
2026-05-18 13:03:08,630 | INFO | SpawnProcess-3 | stage1_run2 | Epoch 151 | train_loss=4.8608 | train_acc=0.9878 | test_loss=1.9084 | test_acc=0.8831
2026-05-18 13:03:14,158 | INFO | SpawnProcess-1 | stage1_run3 | Epoch 150 | train_loss=5.7241 | train_acc=0.9857 | test_loss=1.9035 | test_acc=0.9306
2026-05-18 13:03:17,282 | INFO | SpawnProcess-2 | stage1_run1 | Epoch 145 | train_loss=7.6923 | train_acc=0.9819 | test_loss=2.0723 | test_acc=0.9125
2026-05-18 13:03:49,032 | INFO | SpawnProcess-3 | stage1_run2 | Epoch 152 | train_loss=5.2006 | train_acc=0.9868 | test_loss=1.8746 | test_acc=0.9175
2026-05-18 13:03:54,377 | INFO | SpawnProcess-1 | stage1_run3 | Epoch 151 | train_loss=6.4574 | train_acc=0.9842 | test_loss=2.0947 | test_acc=0.8907
2026-05-18 13:03:57,944 | INFO | SpawnProcess-2 | stage1_run1 | Epoch 146 | train_loss=7.9156 | train_acc=0.9800 | test_loss=2.1731 | test_acc=0.9074
2026-05-18 13:04:28,271 | INFO | SpawnProcess-3 | stage1_run2 | Epoch 153 | train_loss=5.3076 | train_acc=0.9864 | test_loss=2.3300 | test_acc=0.8644
2026-05-18 13:04:33,792 | INFO | SpawnProcess-1 | stage1_run3 | Epoch 152 | train_loss=6.3019 | train_acc=0.9840 | test_loss=1.9458 | test_acc=0.9027
2026-05-18 13:04:39,265 | INFO | SpawnProcess-2 | stage1_run1 | Epoch 147 | train_loss=7.4740 | train_acc=0.9818 | test_loss=1.8561 | test_acc=0.9059
2026-05-18 13:05:06,845 | INFO | SpawnProcess-3 | stage1_run2 | Epoch 154 | train_loss=5.2675 | train_acc=0.9867 | test_loss=1.9058 | test_acc=0.9207
2026-05-18 13:05:09,702 | INFO | SpawnProcess-1 | stage1_run3 | Epoch 153 | train_loss=6.3798 | train_acc=0.9840 | test_loss=1.8984 | test_acc=0.9085
2026-05-18 13:05:19,888 | INFO | SpawnProcess-2 | stage1_run1 | Epoch 148 | train_loss=6.8758 | train_acc=0.9833 | test_loss=2.1233 | test_acc=0.9148
2026-05-18 13:05:43,413 | INFO | SpawnProcess-1 | stage1_run3 | Epoch 154 | train_loss=6.2111 | train_acc=0.9842 | test_loss=2.1297 | test_acc=0.8700
2026-05-18 13:05:46,006 | INFO | SpawnProcess-3 | stage1_run2 | Epoch 155 | train_loss=5.1550 | train_acc=0.9867 | test_loss=1.9682 | test_acc=0.8981
2026-05-18 13:06:00,739 | INFO | SpawnProcess-2 | stage1_run1 | Epoch 149 | train_loss=7.4260 | train_acc=0.9811 | test_loss=2.6083 | test_acc=0.9048
2026-05-18 13:06:22,191 | INFO | SpawnProcess-3 | stage1_run2 | Epoch 156 | train_loss=4.8010 | train_acc=0.9877 | test_loss=1.8338 | test_acc=0.9226
2026-05-18 13:06:24,367 | INFO | SpawnProcess-1 | stage1_run3 | Epoch 155 | train_loss=5.9388 | train_acc=0.9853 | test_loss=1.9883 | test_acc=0.9408
2026-05-18 13:06:42,295 | INFO | SpawnProcess-2 | stage1_run1 | Epoch 150 | train_loss=7.6235 | train_acc=0.9817 | test_loss=1.8408 | test_acc=0.9167
2026-05-18 13:07:00,793 | INFO | SpawnProcess-3 | stage1_run2 | Epoch 157 | train_loss=4.8955 | train_acc=0.9875 | test_loss=1.9651 | test_acc=0.8992
2026-05-18 13:07:03,254 | INFO | SpawnProcess-1 | stage1_run3 | Epoch 156 | train_loss=5.9564 | train_acc=0.9853 | test_loss=2.2611 | test_acc=0.9122
2026-05-18 13:07:25,395 | INFO | SpawnProcess-2 | stage1_run1 | Epoch 151 | train_loss=6.6464 | train_acc=0.9838 | test_loss=2.1775 | test_acc=0.9358
2026-05-18 13:07:40,313 | INFO | SpawnProcess-1 | stage1_run3 | Epoch 157 | train_loss=6.6091 | train_acc=0.9837 | test_loss=2.3822 | test_acc=0.9004
2026-05-18 13:07:40,984 | INFO | SpawnProcess-3 | stage1_run2 | Epoch 158 | train_loss=5.2315 | train_acc=0.9865 | test_loss=2.2000 | test_acc=0.9049
2026-05-18 13:08:03,725 | INFO | SpawnProcess-2 | stage1_run1 | Epoch 152 | train_loss=7.5659 | train_acc=0.9815 | test_loss=1.9308 | test_acc=0.9050
2026-05-18 13:08:15,989 | INFO | SpawnProcess-1 | stage1_run3 | Epoch 158 | train_loss=5.7016 | train_acc=0.9856 | test_loss=1.8260 | test_acc=0.9358
2026-05-18 13:08:19,961 | INFO | SpawnProcess-3 | stage1_run2 | Epoch 159 | train_loss=5.0636 | train_acc=0.9870 | test_loss=1.9029 | test_acc=0.9127
2026-05-18 13:08:44,609 | INFO | SpawnProcess-2 | stage1_run1 | Epoch 153 | train_loss=6.5797 | train_acc=0.9837 | test_loss=2.0207 | test_acc=0.9269
2026-05-18 13:08:54,760 | INFO | SpawnProcess-3 | stage1_run2 | Epoch 160 | train_loss=4.4047 | train_acc=0.9889 | test_loss=1.8702 | test_acc=0.9038
2026-05-18 13:08:57,656 | INFO | SpawnProcess-1 | stage1_run3 | Epoch 159 | train_loss=5.7039 | train_acc=0.9862 | test_loss=1.7571 | test_acc=0.9074
2026-05-18 13:09:25,346 | INFO | SpawnProcess-2 | stage1_run1 | Epoch 154 | train_loss=6.7504 | train_acc=0.9837 | test_loss=1.8719 | test_acc=0.8921
2026-05-18 13:09:30,533 | INFO | SpawnProcess-3 | stage1_run2 | Epoch 161 | train_loss=4.5507 | train_acc=0.9886 | test_loss=1.8255 | test_acc=0.9068
2026-05-18 13:09:35,704 | INFO | SpawnProcess-1 | stage1_run3 | Epoch 160 | train_loss=6.5969 | train_acc=0.9831 | test_loss=2.0166 | test_acc=0.9476
2026-05-18 13:10:04,754 | INFO | SpawnProcess-2 | stage1_run1 | Epoch 155 | train_loss=6.8995 | train_acc=0.9833 | test_loss=2.1495 | test_acc=0.8946
2026-05-18 13:10:09,184 | INFO | SpawnProcess-3 | stage1_run2 | Epoch 162 | train_loss=5.4143 | train_acc=0.9861 | test_loss=2.1154 | test_acc=0.8952
2026-05-18 13:10:15,379 | INFO | SpawnProcess-1 | stage1_run3 | Epoch 161 | train_loss=5.9463 | train_acc=0.9850 | test_loss=1.8469 | test_acc=0.8910
2026-05-18 13:10:44,495 | INFO | SpawnProcess-2 | stage1_run1 | Epoch 156 | train_loss=7.2641 | train_acc=0.9820 | test_loss=2.1103 | test_acc=0.8961
2026-05-18 13:10:48,313 | INFO | SpawnProcess-3 | stage1_run2 | Epoch 163 | train_loss=4.9031 | train_acc=0.9877 | test_loss=1.9498 | test_acc=0.9117
2026-05-18 13:10:52,954 | INFO | SpawnProcess-1 | stage1_run3 | Epoch 162 | train_loss=5.2340 | train_acc=0.9868 | test_loss=1.8176 | test_acc=0.9542
2026-05-18 13:11:26,924 | INFO | SpawnProcess-2 | stage1_run1 | Epoch 157 | train_loss=6.8747 | train_acc=0.9828 | test_loss=1.9117 | test_acc=0.9066
2026-05-18 13:11:26,958 | INFO | SpawnProcess-3 | stage1_run2 | Epoch 164 | train_loss=5.0850 | train_acc=0.9870 | test_loss=2.1705 | test_acc=0.9194
2026-05-18 13:11:30,538 | INFO | SpawnProcess-1 | stage1_run3 | Epoch 163 | train_loss=5.2257 | train_acc=0.9868 | test_loss=1.8627 | test_acc=0.9286
2026-05-18 13:12:01,641 | INFO | SpawnProcess-2 | stage1_run1 | Epoch 158 | train_loss=6.6105 | train_acc=0.9837 | test_loss=2.0014 | test_acc=0.9104
2026-05-18 13:12:05,644 | INFO | SpawnProcess-3 | stage1_run2 | Epoch 165 | train_loss=5.4527 | train_acc=0.9864 | test_loss=1.7234 | test_acc=0.9224
2026-05-18 13:12:09,093 | INFO | SpawnProcess-1 | stage1_run3 | Epoch 164 | train_loss=5.7444 | train_acc=0.9859 | test_loss=1.8851 | test_acc=0.9115
2026-05-18 13:12:42,849 | INFO | SpawnProcess-3 | stage1_run2 | Epoch 166 | train_loss=5.5310 | train_acc=0.9856 | test_loss=1.9158 | test_acc=0.9009
2026-05-18 13:12:44,050 | INFO | SpawnProcess-2 | stage1_run1 | Epoch 159 | train_loss=6.9386 | train_acc=0.9829 | test_loss=1.7738 | test_acc=0.9248
2026-05-18 13:12:49,368 | INFO | SpawnProcess-1 | stage1_run3 | Epoch 165 | train_loss=5.9706 | train_acc=0.9852 | test_loss=1.8834 | test_acc=0.9147
2026-05-18 13:13:22,679 | INFO | SpawnProcess-3 | stage1_run2 | Epoch 167 | train_loss=4.7792 | train_acc=0.9879 | test_loss=1.8804 | test_acc=0.8947
2026-05-18 13:13:25,456 | INFO | SpawnProcess-2 | stage1_run1 | Epoch 160 | train_loss=7.2707 | train_acc=0.9818 | test_loss=2.5001 | test_acc=0.8993
2026-05-18 13:13:25,491 | INFO | SpawnProcess-1 | stage1_run3 | Epoch 166 | train_loss=5.9324 | train_acc=0.9849 | test_loss=1.9624 | test_acc=0.9147
2026-05-18 13:14:04,891 | INFO | SpawnProcess-3 | stage1_run2 | Epoch 168 | train_loss=4.5899 | train_acc=0.9887 | test_loss=1.9459 | test_acc=0.9078
2026-05-18 13:14:07,401 | INFO | SpawnProcess-1 | stage1_run3 | Epoch 167 | train_loss=5.8045 | train_acc=0.9857 | test_loss=1.7715 | test_acc=0.9203
2026-05-18 13:14:11,825 | INFO | SpawnProcess-2 | stage1_run1 | Epoch 161 | train_loss=6.5150 | train_acc=0.9842 | test_loss=1.9324 | test_acc=0.9278
2026-05-18 13:14:43,001 | INFO | SpawnProcess-3 | stage1_run2 | Epoch 169 | train_loss=5.0940 | train_acc=0.9869 | test_loss=1.7683 | test_acc=0.9095
2026-05-18 13:14:45,848 | INFO | SpawnProcess-1 | stage1_run3 | Epoch 168 | train_loss=5.5109 | train_acc=0.9863 | test_loss=1.8018 | test_acc=0.9359
2026-05-18 13:14:53,561 | INFO | SpawnProcess-2 | stage1_run1 | Epoch 162 | train_loss=6.0368 | train_acc=0.9848 | test_loss=2.1110 | test_acc=0.8999
2026-05-18 13:15:27,836 | INFO | SpawnProcess-3 | stage1_run2 | Epoch 170 | train_loss=4.8375 | train_acc=0.9874 | test_loss=1.7882 | test_acc=0.8987
2026-05-18 13:15:30,617 | INFO | SpawnProcess-1 | stage1_run3 | Epoch 169 | train_loss=5.6755 | train_acc=0.9856 | test_loss=2.1070 | test_acc=0.9584
2026-05-18 13:15:37,572 | INFO | SpawnProcess-2 | stage1_run1 | Epoch 163 | train_loss=6.9514 | train_acc=0.9825 | test_loss=1.8434 | test_acc=0.9306
2026-05-18 13:16:14,119 | INFO | SpawnProcess-1 | stage1_run3 | Epoch 170 | train_loss=6.0865 | train_acc=0.9845 | test_loss=2.1131 | test_acc=0.9315
2026-05-18 13:16:16,146 | INFO | SpawnProcess-3 | stage1_run2 | Epoch 171 | train_loss=4.2302 | train_acc=0.9894 | test_loss=1.8830 | test_acc=0.9228
2026-05-18 13:16:23,375 | INFO | SpawnProcess-2 | stage1_run1 | Epoch 164 | train_loss=6.2776 | train_acc=0.9848 | test_loss=1.9963 | test_acc=0.9281
2026-05-18 13:16:58,971 | INFO | SpawnProcess-1 | stage1_run3 | Epoch 171 | train_loss=5.1298 | train_acc=0.9873 | test_loss=2.5864 | test_acc=0.9127
2026-05-18 13:17:00,802 | INFO | SpawnProcess-3 | stage1_run2 | Epoch 172 | train_loss=4.4362 | train_acc=0.9885 | test_loss=1.9623 | test_acc=0.9253
2026-05-18 13:17:12,532 | INFO | SpawnProcess-2 | stage1_run1 | Epoch 165 | train_loss=6.1851 | train_acc=0.9852 | test_loss=1.9256 | test_acc=0.9354
2026-05-18 13:17:42,581 | INFO | SpawnProcess-1 | stage1_run3 | Epoch 172 | train_loss=5.6296 | train_acc=0.9855 | test_loss=1.7964 | test_acc=0.9374
2026-05-18 13:17:47,834 | INFO | SpawnProcess-3 | stage1_run2 | Epoch 173 | train_loss=4.7386 | train_acc=0.9884 | test_loss=1.9389 | test_acc=0.9192
2026-05-18 13:17:59,370 | INFO | SpawnProcess-2 | stage1_run1 | Epoch 166 | train_loss=7.1159 | train_acc=0.9823 | test_loss=1.8317 | test_acc=0.9030
2026-05-18 13:18:23,560 | INFO | SpawnProcess-1 | stage1_run3 | Epoch 173 | train_loss=5.5854 | train_acc=0.9859 | test_loss=2.0553 | test_acc=0.8722
2026-05-18 13:18:30,382 | INFO | SpawnProcess-3 | stage1_run2 | Epoch 174 | train_loss=5.1194 | train_acc=0.9869 | test_loss=2.0309 | test_acc=0.8782
2026-05-18 13:18:39,370 | INFO | SpawnProcess-2 | stage1_run1 | Epoch 167 | train_loss=6.2616 | train_acc=0.9845 | test_loss=2.1321 | test_acc=0.9236
2026-05-18 13:19:02,291 | INFO | SpawnProcess-1 | stage1_run3 | Epoch 174 | train_loss=5.4240 | train_acc=0.9863 | test_loss=1.8561 | test_acc=0.9332
2026-05-18 13:19:09,161 | INFO | SpawnProcess-3 | stage1_run2 | Epoch 175 | train_loss=5.2346 | train_acc=0.9863 | test_loss=2.5570 | test_acc=0.9391
2026-05-18 13:19:17,543 | INFO | SpawnProcess-2 | stage1_run1 | Epoch 168 | train_loss=6.4642 | train_acc=0.9842 | test_loss=2.1679 | test_acc=0.9238
2026-05-18 13:19:43,009 | INFO | SpawnProcess-1 | stage1_run3 | Epoch 175 | train_loss=5.4617 | train_acc=0.9864 | test_loss=2.1278 | test_acc=0.9352
2026-05-18 13:19:45,585 | INFO | SpawnProcess-3 | stage1_run2 | Epoch 176 | train_loss=5.2685 | train_acc=0.9863 | test_loss=1.8321 | test_acc=0.9210
2026-05-18 13:19:56,174 | INFO | SpawnProcess-2 | stage1_run1 | Epoch 169 | train_loss=6.0600 | train_acc=0.9855 | test_loss=1.8059 | test_acc=0.9294
2026-05-18 13:20:19,578 | INFO | SpawnProcess-1 | stage1_run3 | Epoch 176 | train_loss=6.2336 | train_acc=0.9842 | test_loss=2.0358 | test_acc=0.9427
2026-05-18 13:20:24,984 | INFO | SpawnProcess-3 | stage1_run2 | Epoch 177 | train_loss=4.2767 | train_acc=0.9890 | test_loss=2.1570 | test_acc=0.9448
2026-05-18 13:20:40,792 | INFO | SpawnProcess-2 | stage1_run1 | Epoch 170 | train_loss=5.9043 | train_acc=0.9852 | test_loss=1.8524 | test_acc=0.9090
2026-05-18 13:21:00,897 | INFO | SpawnProcess-1 | stage1_run3 | Epoch 177 | train_loss=5.3700 | train_acc=0.9864 | test_loss=1.9013 | test_acc=0.9348
2026-05-18 13:21:01,149 | INFO | SpawnProcess-3 | stage1_run2 | Epoch 178 | train_loss=4.5921 | train_acc=0.9882 | test_loss=1.7909 | test_acc=0.9118
2026-05-18 13:21:21,544 | INFO | SpawnProcess-2 | stage1_run1 | Epoch 171 | train_loss=6.0397 | train_acc=0.9851 | test_loss=1.7900 | test_acc=0.9176
2026-05-18 13:21:39,490 | INFO | SpawnProcess-1 | stage1_run3 | Epoch 178 | train_loss=5.1234 | train_acc=0.9869 | test_loss=1.8098 | test_acc=0.9034
2026-05-18 13:21:39,744 | INFO | SpawnProcess-3 | stage1_run2 | Epoch 179 | train_loss=4.9148 | train_acc=0.9873 | test_loss=1.9898 | test_acc=0.9099
2026-05-18 13:22:02,972 | INFO | SpawnProcess-2 | stage1_run1 | Epoch 172 | train_loss=6.2528 | train_acc=0.9846 | test_loss=1.9211 | test_acc=0.9205
2026-05-18 13:22:18,928 | INFO | SpawnProcess-1 | stage1_run3 | Epoch 179 | train_loss=5.7317 | train_acc=0.9853 | test_loss=1.9145 | test_acc=0.9242
2026-05-18 13:22:21,431 | INFO | SpawnProcess-3 | stage1_run2 | Epoch 180 | train_loss=4.7597 | train_acc=0.9882 | test_loss=1.9293 | test_acc=0.9149
2026-05-18 13:22:44,590 | INFO | SpawnProcess-2 | stage1_run1 | Epoch 173 | train_loss=6.4678 | train_acc=0.9841 | test_loss=1.8890 | test_acc=0.8930
2026-05-18 13:22:51,845 | INFO | SpawnProcess-1 | stage1_run3 | Epoch 180 | train_loss=5.1557 | train_acc=0.9873 | test_loss=1.8047 | test_acc=0.9348
2026-05-18 13:23:02,416 | INFO | SpawnProcess-3 | stage1_run2 | Epoch 181 | train_loss=4.1065 | train_acc=0.9894 | test_loss=1.8848 | test_acc=0.9440
2026-05-18 13:23:23,527 | INFO | SpawnProcess-2 | stage1_run1 | Epoch 174 | train_loss=6.5049 | train_acc=0.9834 | test_loss=1.9959 | test_acc=0.9064
2026-05-18 13:23:31,381 | INFO | SpawnProcess-1 | stage1_run3 | Epoch 181 | train_loss=5.4716 | train_acc=0.9862 | test_loss=1.7676 | test_acc=0.9128
2026-05-18 13:23:40,509 | INFO | SpawnProcess-3 | stage1_run2 | Epoch 182 | train_loss=4.3689 | train_acc=0.9890 | test_loss=2.1046 | test_acc=0.8730
2026-05-18 13:24:00,880 | INFO | SpawnProcess-2 | stage1_run1 | Epoch 175 | train_loss=6.7663 | train_acc=0.9835 | test_loss=1.9889 | test_acc=0.9331
2026-05-18 13:24:13,139 | INFO | SpawnProcess-1 | stage1_run3 | Epoch 182 | train_loss=5.5220 | train_acc=0.9867 | test_loss=2.4724 | test_acc=0.9332
2026-05-18 13:24:15,048 | INFO | SpawnProcess-3 | stage1_run2 | Epoch 183 | train_loss=4.5622 | train_acc=0.9887 | test_loss=1.8960 | test_acc=0.9148
2026-05-18 13:24:40,812 | INFO | SpawnProcess-2 | stage1_run1 | Epoch 176 | train_loss=6.5095 | train_acc=0.9841 | test_loss=1.7298 | test_acc=0.9307
2026-05-18 13:24:53,971 | INFO | SpawnProcess-1 | stage1_run3 | Epoch 183 | train_loss=5.8284 | train_acc=0.9856 | test_loss=1.9364 | test_acc=0.9041
2026-05-18 13:24:56,362 | INFO | SpawnProcess-3 | stage1_run2 | Epoch 184 | train_loss=4.3074 | train_acc=0.9888 | test_loss=1.8053 | test_acc=0.9402
2026-05-18 13:25:20,648 | INFO | SpawnProcess-2 | stage1_run1 | Epoch 177 | train_loss=5.7577 | train_acc=0.9860 | test_loss=1.6674 | test_acc=0.9251
2026-05-18 13:25:35,055 | INFO | SpawnProcess-1 | stage1_run3 | Epoch 184 | train_loss=5.3571 | train_acc=0.9866 | test_loss=1.8052 | test_acc=0.9013
2026-05-18 13:25:35,201 | INFO | SpawnProcess-3 | stage1_run2 | Epoch 185 | train_loss=4.4250 | train_acc=0.9890 | test_loss=2.2384 | test_acc=0.9068
2026-05-18 13:25:58,818 | INFO | SpawnProcess-2 | stage1_run1 | Epoch 178 | train_loss=6.1862 | train_acc=0.9841 | test_loss=1.8242 | test_acc=0.9103
2026-05-18 13:26:11,853 | INFO | SpawnProcess-1 | stage1_run3 | Epoch 185 | train_loss=5.1233 | train_acc=0.9866 | test_loss=1.8776 | test_acc=0.9438
2026-05-18 13:26:13,673 | INFO | SpawnProcess-3 | stage1_run2 | Epoch 186 | train_loss=4.6442 | train_acc=0.9879 | test_loss=1.7658 | test_acc=0.9180
2026-05-18 13:26:37,618 | INFO | SpawnProcess-2 | stage1_run1 | Epoch 179 | train_loss=5.9060 | train_acc=0.9855 | test_loss=2.1797 | test_acc=0.9220
2026-05-18 13:26:50,264 | INFO | SpawnProcess-3 | stage1_run2 | Epoch 187 | train_loss=4.7086 | train_acc=0.9882 | test_loss=1.9597 | test_acc=0.8915
2026-05-18 13:26:51,923 | INFO | SpawnProcess-1 | stage1_run3 | Epoch 186 | train_loss=5.4781 | train_acc=0.9863 | test_loss=2.2130 | test_acc=0.8761
2026-05-18 13:27:18,643 | INFO | SpawnProcess-2 | stage1_run1 | Epoch 180 | train_loss=5.9645 | train_acc=0.9850 | test_loss=1.9307 | test_acc=0.9267
2026-05-18 13:27:26,567 | INFO | SpawnProcess-3 | stage1_run2 | Epoch 188 | train_loss=3.9139 | train_acc=0.9898 | test_loss=1.9195 | test_acc=0.8984
2026-05-18 13:27:32,900 | INFO | SpawnProcess-1 | stage1_run3 | Epoch 187 | train_loss=5.7116 | train_acc=0.9860 | test_loss=1.9075 | test_acc=0.8852
2026-05-18 13:27:57,331 | INFO | SpawnProcess-2 | stage1_run1 | Epoch 181 | train_loss=6.0064 | train_acc=0.9852 | test_loss=2.0074 | test_acc=0.8876
2026-05-18 13:28:06,002 | INFO | SpawnProcess-3 | stage1_run2 | Epoch 189 | train_loss=4.5651 | train_acc=0.9881 | test_loss=1.8486 | test_acc=0.9304
2026-05-18 13:28:09,770 | INFO | SpawnProcess-1 | stage1_run3 | Epoch 188 | train_loss=4.9181 | train_acc=0.9873 | test_loss=1.9994 | test_acc=0.8800
2026-05-18 13:28:36,567 | INFO | SpawnProcess-2 | stage1_run1 | Epoch 182 | train_loss=5.8251 | train_acc=0.9851 | test_loss=1.8651 | test_acc=0.9350
2026-05-18 13:28:44,278 | INFO | SpawnProcess-3 | stage1_run2 | Epoch 190 | train_loss=4.4712 | train_acc=0.9885 | test_loss=1.7651 | test_acc=0.9070
2026-05-18 13:28:50,823 | INFO | SpawnProcess-1 | stage1_run3 | Epoch 189 | train_loss=5.1292 | train_acc=0.9875 | test_loss=2.1969 | test_acc=0.9536
2026-05-18 13:29:16,008 | INFO | SpawnProcess-2 | stage1_run1 | Epoch 183 | train_loss=6.3627 | train_acc=0.9846 | test_loss=2.1590 | test_acc=0.8826
2026-05-18 13:29:25,527 | INFO | SpawnProcess-3 | stage1_run2 | Epoch 191 | train_loss=3.7976 | train_acc=0.9905 | test_loss=1.9078 | test_acc=0.9419
2026-05-18 13:29:30,640 | INFO | SpawnProcess-1 | stage1_run3 | Epoch 190 | train_loss=6.2497 | train_acc=0.9845 | test_loss=1.6983 | test_acc=0.9266
2026-05-18 13:29:52,609 | INFO | SpawnProcess-2 | stage1_run1 | Epoch 184 | train_loss=6.5446 | train_acc=0.9834 | test_loss=2.1234 | test_acc=0.9300
2026-05-18 13:30:03,857 | INFO | SpawnProcess-3 | stage1_run2 | Epoch 192 | train_loss=4.0092 | train_acc=0.9897 | test_loss=2.4313 | test_acc=0.8645
2026-05-18 13:30:08,893 | INFO | SpawnProcess-1 | stage1_run3 | Epoch 191 | train_loss=4.9477 | train_acc=0.9876 | test_loss=1.9054 | test_acc=0.8885
2026-05-18 13:30:32,081 | INFO | SpawnProcess-2 | stage1_run1 | Epoch 185 | train_loss=5.7271 | train_acc=0.9855 | test_loss=1.9806 | test_acc=0.9370
2026-05-18 13:30:41,761 | INFO | SpawnProcess-3 | stage1_run2 | Epoch 193 | train_loss=4.6369 | train_acc=0.9884 | test_loss=1.8381 | test_acc=0.9297
2026-05-18 13:30:48,697 | INFO | SpawnProcess-1 | stage1_run3 | Epoch 192 | train_loss=4.3766 | train_acc=0.9891 | test_loss=1.9569 | test_acc=0.9531
2026-05-18 13:31:07,732 | INFO | SpawnProcess-2 | stage1_run1 | Epoch 186 | train_loss=5.7124 | train_acc=0.9854 | test_loss=1.8349 | test_acc=0.9239
2026-05-18 13:31:17,858 | INFO | SpawnProcess-3 | stage1_run2 | Epoch 194 | train_loss=5.0952 | train_acc=0.9868 | test_loss=1.8498 | test_acc=0.9282
2026-05-18 13:31:29,397 | INFO | SpawnProcess-1 | stage1_run3 | Epoch 193 | train_loss=5.0055 | train_acc=0.9875 | test_loss=1.9147 | test_acc=0.9571
2026-05-18 13:31:46,583 | INFO | SpawnProcess-2 | stage1_run1 | Epoch 187 | train_loss=5.7269 | train_acc=0.9861 | test_loss=1.8223 | test_acc=0.9312
2026-05-18 13:31:53,934 | INFO | SpawnProcess-3 | stage1_run2 | Epoch 195 | train_loss=4.5975 | train_acc=0.9878 | test_loss=2.1288 | test_acc=0.8910
2026-05-18 13:32:08,466 | INFO | SpawnProcess-1 | stage1_run3 | Epoch 194 | train_loss=5.4899 | train_acc=0.9869 | test_loss=1.8387 | test_acc=0.9231
2026-05-18 13:32:25,637 | INFO | SpawnProcess-2 | stage1_run1 | Epoch 188 | train_loss=5.5913 | train_acc=0.9863 | test_loss=1.7942 | test_acc=0.9043
2026-05-18 13:32:34,676 | INFO | SpawnProcess-3 | stage1_run2 | Epoch 196 | train_loss=4.4019 | train_acc=0.9884 | test_loss=1.9440 | test_acc=0.9326
2026-05-18 13:32:47,281 | INFO | SpawnProcess-1 | stage1_run3 | Epoch 195 | train_loss=5.3595 | train_acc=0.9866 | test_loss=1.9309 | test_acc=0.9527
2026-05-18 13:33:04,512 | INFO | SpawnProcess-2 | stage1_run1 | Epoch 189 | train_loss=5.9209 | train_acc=0.9849 | test_loss=1.9656 | test_acc=0.9407
2026-05-18 13:33:09,959 | INFO | SpawnProcess-3 | stage1_run2 | Epoch 197 | train_loss=4.8992 | train_acc=0.9871 | test_loss=1.7515 | test_acc=0.9224
2026-05-18 13:33:25,074 | INFO | SpawnProcess-1 | stage1_run3 | Epoch 196 | train_loss=4.7409 | train_acc=0.9886 | test_loss=1.6214 | test_acc=0.9230
2026-05-18 13:33:43,126 | INFO | SpawnProcess-3 | stage1_run2 | Epoch 198 | train_loss=4.0250 | train_acc=0.9898 | test_loss=1.8704 | test_acc=0.9036
2026-05-18 13:33:48,849 | INFO | SpawnProcess-2 | stage1_run1 | Epoch 190 | train_loss=5.5085 | train_acc=0.9863 | test_loss=2.0865 | test_acc=0.8946
2026-05-18 13:33:55,112 | INFO | SpawnProcess-1 | stage1_run3 | Epoch 197 | train_loss=4.9528 | train_acc=0.9878 | test_loss=1.7606 | test_acc=0.9216
2026-05-18 13:34:23,625 | INFO | SpawnProcess-3 | stage1_run2 | Epoch 199 | train_loss=3.8915 | train_acc=0.9900 | test_loss=1.8676 | test_acc=0.9358
2026-05-18 13:34:29,144 | INFO | SpawnProcess-2 | stage1_run1 | Epoch 191 | train_loss=5.7780 | train_acc=0.9853 | test_loss=2.2110 | test_acc=0.9094
2026-05-18 13:34:34,521 | INFO | SpawnProcess-1 | stage1_run3 | Epoch 198 | train_loss=5.2411 | train_acc=0.9870 | test_loss=1.8318 | test_acc=0.9423
2026-05-18 13:35:02,984 | INFO | SpawnProcess-3 | stage1_run2 | Epoch 200 | train_loss=4.6329 | train_acc=0.9879 | test_loss=1.6896 | test_acc=0.9299
2026-05-18 13:35:07,495 | INFO | SpawnProcess-2 | stage1_run1 | Epoch 192 | train_loss=6.4793 | train_acc=0.9839 | test_loss=2.2338 | test_acc=0.9101
2026-05-18 13:35:13,616 | INFO | SpawnProcess-1 | stage1_run3 | Epoch 199 | train_loss=5.4165 | train_acc=0.9864 | test_loss=2.2460 | test_acc=0.8992
2026-05-18 13:35:43,744 | INFO | SpawnProcess-3 | stage1_run2 | Epoch 201 | train_loss=3.8733 | train_acc=0.9902 | test_loss=2.2630 | test_acc=0.9511
2026-05-18 13:35:45,165 | INFO | SpawnProcess-2 | stage1_run1 | Epoch 193 | train_loss=5.9331 | train_acc=0.9851 | test_loss=2.2793 | test_acc=0.9101
2026-05-18 13:35:51,156 | INFO | SpawnProcess-1 | stage1_run3 | Epoch 200 | train_loss=5.3721 | train_acc=0.9859 | test_loss=2.3157 | test_acc=0.8968
2026-05-18 13:36:18,377 | INFO | SpawnProcess-3 | stage1_run2 | Epoch 202 | train_loss=3.9519 | train_acc=0.9898 | test_loss=1.7726 | test_acc=0.9240
2026-05-18 13:36:24,015 | INFO | SpawnProcess-2 | stage1_run1 | Epoch 194 | train_loss=6.6643 | train_acc=0.9834 | test_loss=1.8899 | test_acc=0.8923
2026-05-18 13:36:31,860 | INFO | SpawnProcess-1 | stage1_run3 | Epoch 201 | train_loss=5.5575 | train_acc=0.9859 | test_loss=1.8308 | test_acc=0.9367
2026-05-18 13:36:54,862 | INFO | SpawnProcess-3 | stage1_run2 | Epoch 203 | train_loss=3.8982 | train_acc=0.9898 | test_loss=1.7591 | test_acc=0.9189
2026-05-18 13:37:01,747 | INFO | SpawnProcess-2 | stage1_run1 | Epoch 195 | train_loss=6.0091 | train_acc=0.9852 | test_loss=1.8869 | test_acc=0.9054
2026-05-18 13:37:07,386 | INFO | SpawnProcess-1 | stage1_run3 | Epoch 202 | train_loss=4.1373 | train_acc=0.9894 | test_loss=1.9161 | test_acc=0.8906
2026-05-18 13:37:31,360 | INFO | SpawnProcess-3 | stage1_run2 | Epoch 204 | train_loss=4.7631 | train_acc=0.9876 | test_loss=2.2370 | test_acc=0.9376
2026-05-18 13:37:40,077 | INFO | SpawnProcess-2 | stage1_run1 | Epoch 196 | train_loss=5.3528 | train_acc=0.9870 | test_loss=1.8537 | test_acc=0.9121
2026-05-18 13:37:47,406 | INFO | SpawnProcess-1 | stage1_run3 | Epoch 203 | train_loss=4.8739 | train_acc=0.9873 | test_loss=1.8355 | test_acc=0.9108
2026-05-18 13:38:04,521 | INFO | SpawnProcess-3 | stage1_run2 | Epoch 205 | train_loss=4.0104 | train_acc=0.9896 | test_loss=1.9253 | test_acc=0.9300
2026-05-18 13:38:19,178 | INFO | SpawnProcess-2 | stage1_run1 | Epoch 197 | train_loss=5.2041 | train_acc=0.9872 | test_loss=1.9305 | test_acc=0.9176
2026-05-18 13:38:26,529 | INFO | SpawnProcess-1 | stage1_run3 | Epoch 204 | train_loss=4.7777 | train_acc=0.9883 | test_loss=2.1950 | test_acc=0.9180
2026-05-18 13:38:38,307 | INFO | SpawnProcess-3 | stage1_run2 | Epoch 206 | train_loss=3.8585 | train_acc=0.9903 | test_loss=2.3907 | test_acc=0.9299
2026-05-18 13:38:58,027 | INFO | SpawnProcess-2 | stage1_run1 | Epoch 198 | train_loss=5.9527 | train_acc=0.9852 | test_loss=2.2354 | test_acc=0.9209
2026-05-18 13:39:05,886 | INFO | SpawnProcess-1 | stage1_run3 | Epoch 205 | train_loss=4.9975 | train_acc=0.9873 | test_loss=2.0120 | test_acc=0.9569
2026-05-18 13:39:13,881 | INFO | SpawnProcess-3 | stage1_run2 | Epoch 207 | train_loss=4.0538 | train_acc=0.9900 | test_loss=1.7691 | test_acc=0.9390
2026-05-18 13:39:38,135 | INFO | SpawnProcess-2 | stage1_run1 | Epoch 199 | train_loss=6.4725 | train_acc=0.9840 | test_loss=1.7220 | test_acc=0.9285
2026-05-18 13:39:44,644 | INFO | SpawnProcess-1 | stage1_run3 | Epoch 206 | train_loss=4.5699 | train_acc=0.9884 | test_loss=2.0457 | test_acc=0.9182
2026-05-18 13:39:54,731 | INFO | SpawnProcess-3 | stage1_run2 | Epoch 208 | train_loss=3.6449 | train_acc=0.9907 | test_loss=2.2060 | test_acc=0.9399
2026-05-18 13:40:16,804 | INFO | SpawnProcess-2 | stage1_run1 | Epoch 200 | train_loss=5.7298 | train_acc=0.9859 | test_loss=2.2708 | test_acc=0.9283
2026-05-18 13:40:23,067 | INFO | SpawnProcess-1 | stage1_run3 | Epoch 207 | train_loss=5.0857 | train_acc=0.9873 | test_loss=1.9479 | test_acc=0.9022
2026-05-18 13:40:35,010 | INFO | SpawnProcess-3 | stage1_run2 | Epoch 209 | train_loss=4.2943 | train_acc=0.9889 | test_loss=1.7785 | test_acc=0.9275
2026-05-18 13:40:53,865 | INFO | SpawnProcess-2 | stage1_run1 | Epoch 201 | train_loss=5.7692 | train_acc=0.9861 | test_loss=2.2610 | test_acc=0.9328
2026-05-18 13:40:58,818 | INFO | SpawnProcess-1 | stage1_run3 | Epoch 208 | train_loss=4.8995 | train_acc=0.9874 | test_loss=1.8004 | test_acc=0.9474
2026-05-18 13:41:11,324 | INFO | SpawnProcess-3 | stage1_run2 | Epoch 210 | train_loss=3.7373 | train_acc=0.9903 | test_loss=2.1614 | test_acc=0.9429
2026-05-18 13:41:32,558 | INFO | SpawnProcess-2 | stage1_run1 | Epoch 202 | train_loss=5.7202 | train_acc=0.9852 | test_loss=1.9924 | test_acc=0.9396
2026-05-18 13:41:36,254 | INFO | SpawnProcess-1 | stage1_run3 | Epoch 209 | train_loss=4.7227 | train_acc=0.9884 | test_loss=1.7293 | test_acc=0.9538
2026-05-18 13:41:47,966 | INFO | SpawnProcess-3 | stage1_run2 | Epoch 211 | train_loss=4.2876 | train_acc=0.9887 | test_loss=2.0131 | test_acc=0.9173
2026-05-18 13:42:07,190 | INFO | SpawnProcess-1 | stage1_run3 | Epoch 210 | train_loss=4.6734 | train_acc=0.9883 | test_loss=1.8244 | test_acc=0.9487
2026-05-18 13:42:14,115 | INFO | SpawnProcess-2 | stage1_run1 | Epoch 203 | train_loss=6.5831 | train_acc=0.9838 | test_loss=1.9076 | test_acc=0.9411
2026-05-18 13:42:27,392 | INFO | SpawnProcess-3 | stage1_run2 | Epoch 212 | train_loss=3.5337 | train_acc=0.9915 | test_loss=2.0326 | test_acc=0.9399
2026-05-18 13:42:47,798 | INFO | SpawnProcess-1 | stage1_run3 | Epoch 211 | train_loss=5.0227 | train_acc=0.9870 | test_loss=2.1839 | test_acc=0.9333
2026-05-18 13:42:50,744 | INFO | SpawnProcess-2 | stage1_run1 | Epoch 204 | train_loss=5.6454 | train_acc=0.9856 | test_loss=1.8452 | test_acc=0.9161
2026-05-18 13:43:07,674 | INFO | SpawnProcess-3 | stage1_run2 | Epoch 213 | train_loss=4.1101 | train_acc=0.9890 | test_loss=1.8329 | test_acc=0.9316
2026-05-18 13:43:24,813 | INFO | SpawnProcess-2 | stage1_run1 | Epoch 205 | train_loss=5.1723 | train_acc=0.9866 | test_loss=1.8767 | test_acc=0.9089
2026-05-18 13:43:27,449 | INFO | SpawnProcess-1 | stage1_run3 | Epoch 212 | train_loss=4.5182 | train_acc=0.9889 | test_loss=1.7970 | test_acc=0.9586
2026-05-18 13:43:46,648 | INFO | SpawnProcess-3 | stage1_run2 | Epoch 214 | train_loss=4.1249 | train_acc=0.9891 | test_loss=1.7833 | test_acc=0.9270
2026-05-18 13:44:00,547 | INFO | SpawnProcess-2 | stage1_run1 | Epoch 206 | train_loss=5.9317 | train_acc=0.9851 | test_loss=1.9279 | test_acc=0.9323
2026-05-18 13:44:08,110 | INFO | SpawnProcess-1 | stage1_run3 | Epoch 213 | train_loss=4.1563 | train_acc=0.9898 | test_loss=2.1109 | test_acc=0.9425
2026-05-18 13:44:22,246 | INFO | SpawnProcess-3 | stage1_run2 | Epoch 215 | train_loss=4.9964 | train_acc=0.9874 | test_loss=2.0932 | test_acc=0.9034
2026-05-18 13:44:36,455 | INFO | SpawnProcess-2 | stage1_run1 | Epoch 207 | train_loss=5.4201 | train_acc=0.9859 | test_loss=1.9119 | test_acc=0.9089
2026-05-18 13:44:48,988 | INFO | SpawnProcess-1 | stage1_run3 | Epoch 214 | train_loss=4.4533 | train_acc=0.9888 | test_loss=1.7115 | test_acc=0.9621
2026-05-18 13:44:59,178 | INFO | SpawnProcess-3 | stage1_run2 | Epoch 216 | train_loss=4.3612 | train_acc=0.9885 | test_loss=1.7607 | test_acc=0.9221
2026-05-18 13:45:14,147 | INFO | SpawnProcess-2 | stage1_run1 | Epoch 208 | train_loss=5.5947 | train_acc=0.9859 | test_loss=1.8730 | test_acc=0.9052
2026-05-18 13:45:28,012 | INFO | SpawnProcess-1 | stage1_run3 | Epoch 215 | train_loss=5.2775 | train_acc=0.9868 | test_loss=2.4699 | test_acc=0.9474
2026-05-18 13:45:36,937 | INFO | SpawnProcess-3 | stage1_run2 | Epoch 217 | train_loss=3.6104 | train_acc=0.9909 | test_loss=2.8046 | test_acc=0.8258
2026-05-18 13:45:51,956 | INFO | SpawnProcess-2 | stage1_run1 | Epoch 209 | train_loss=5.5435 | train_acc=0.9864 | test_loss=1.9715 | test_acc=0.9411
2026-05-18 13:46:06,448 | INFO | SpawnProcess-1 | stage1_run3 | Epoch 216 | train_loss=4.5077 | train_acc=0.9888 | test_loss=1.7469 | test_acc=0.9518
2026-05-18 13:46:17,359 | INFO | SpawnProcess-3 | stage1_run2 | Epoch 218 | train_loss=4.8503 | train_acc=0.9875 | test_loss=1.9479 | test_acc=0.9302
2026-05-18 13:46:28,879 | INFO | SpawnProcess-2 | stage1_run1 | Epoch 210 | train_loss=5.8632 | train_acc=0.9851 | test_loss=1.9839 | test_acc=0.9301
2026-05-18 13:46:46,487 | INFO | SpawnProcess-1 | stage1_run3 | Epoch 217 | train_loss=4.3544 | train_acc=0.9890 | test_loss=2.0172 | test_acc=0.9231
2026-05-18 13:46:55,079 | INFO | SpawnProcess-3 | stage1_run2 | Epoch 219 | train_loss=3.8763 | train_acc=0.9899 | test_loss=1.7794 | test_acc=0.9228
2026-05-18 13:47:03,772 | INFO | SpawnProcess-2 | stage1_run1 | Epoch 211 | train_loss=5.4200 | train_acc=0.9861 | test_loss=1.7704 | test_acc=0.9308
2026-05-18 13:47:24,689 | INFO | SpawnProcess-1 | stage1_run3 | Epoch 218 | train_loss=5.9853 | train_acc=0.9851 | test_loss=1.8843 | test_acc=0.9566
2026-05-18 13:47:29,837 | INFO | SpawnProcess-3 | stage1_run2 | Epoch 220 | train_loss=4.0240 | train_acc=0.9896 | test_loss=1.9867 | test_acc=0.9120
2026-05-18 13:47:41,974 | INFO | SpawnProcess-2 | stage1_run1 | Epoch 212 | train_loss=5.8039 | train_acc=0.9858 | test_loss=2.0190 | test_acc=0.9168
2026-05-18 13:48:01,753 | INFO | SpawnProcess-1 | stage1_run3 | Epoch 219 | train_loss=4.9624 | train_acc=0.9871 | test_loss=1.7044 | test_acc=0.9550
2026-05-18 13:48:08,626 | INFO | SpawnProcess-3 | stage1_run2 | Epoch 221 | train_loss=4.5188 | train_acc=0.9884 | test_loss=1.8060 | test_acc=0.9038
2026-05-18 13:48:21,472 | INFO | SpawnProcess-2 | stage1_run1 | Epoch 213 | train_loss=5.3802 | train_acc=0.9866 | test_loss=1.8927 | test_acc=0.9420
2026-05-18 13:48:39,186 | INFO | SpawnProcess-1 | stage1_run3 | Epoch 220 | train_loss=3.9406 | train_acc=0.9901 | test_loss=2.0226 | test_acc=0.9292
2026-05-18 13:48:45,105 | INFO | SpawnProcess-3 | stage1_run2 | Epoch 222 | train_loss=3.5581 | train_acc=0.9907 | test_loss=1.8133 | test_acc=0.9117
2026-05-18 13:49:00,586 | INFO | SpawnProcess-2 | stage1_run1 | Epoch 214 | train_loss=5.5216 | train_acc=0.9859 | test_loss=1.8528 | test_acc=0.9303
2026-05-18 13:49:17,645 | INFO | SpawnProcess-1 | stage1_run3 | Epoch 221 | train_loss=5.0852 | train_acc=0.9876 | test_loss=1.9290 | test_acc=0.9211
2026-05-18 13:49:25,068 | INFO | SpawnProcess-3 | stage1_run2 | Epoch 223 | train_loss=3.9524 | train_acc=0.9898 | test_loss=1.9801 | test_acc=0.9002
2026-05-18 13:49:39,995 | INFO | SpawnProcess-2 | stage1_run1 | Epoch 215 | train_loss=5.2968 | train_acc=0.9862 | test_loss=1.8850 | test_acc=0.9187
2026-05-18 13:49:54,556 | INFO | SpawnProcess-1 | stage1_run3 | Epoch 222 | train_loss=4.4632 | train_acc=0.9888 | test_loss=1.6436 | test_acc=0.9280
2026-05-18 13:50:02,507 | INFO | SpawnProcess-3 | stage1_run2 | Epoch 224 | train_loss=3.6851 | train_acc=0.9905 | test_loss=2.1879 | test_acc=0.9142
2026-05-18 13:50:20,558 | INFO | SpawnProcess-2 | stage1_run1 | Epoch 216 | train_loss=5.3894 | train_acc=0.9861 | test_loss=1.9125 | test_acc=0.9335
2026-05-18 13:50:33,779 | INFO | SpawnProcess-1 | stage1_run3 | Epoch 223 | train_loss=4.4266 | train_acc=0.9888 | test_loss=1.8176 | test_acc=0.9301
2026-05-18 13:50:40,587 | INFO | SpawnProcess-3 | stage1_run2 | Epoch 225 | train_loss=3.0523 | train_acc=0.9924 | test_loss=1.6596 | test_acc=0.9220
2026-05-18 13:51:02,235 | INFO | SpawnProcess-2 | stage1_run1 | Epoch 217 | train_loss=6.0609 | train_acc=0.9849 | test_loss=1.8566 | test_acc=0.9332
2026-05-18 13:51:12,836 | INFO | SpawnProcess-3 | stage1_run2 | Epoch 226 | train_loss=3.6740 | train_acc=0.9903 | test_loss=1.8197 | test_acc=0.9382
2026-05-18 13:51:14,898 | INFO | SpawnProcess-1 | stage1_run3 | Epoch 224 | train_loss=3.8523 | train_acc=0.9900 | test_loss=1.9487 | test_acc=0.8881
2026-05-18 13:51:42,049 | INFO | SpawnProcess-2 | stage1_run1 | Epoch 218 | train_loss=5.2116 | train_acc=0.9869 | test_loss=1.7693 | test_acc=0.9385
2026-05-18 13:51:48,038 | INFO | SpawnProcess-3 | stage1_run2 | Epoch 227 | train_loss=2.9663 | train_acc=0.9925 | test_loss=1.9410 | test_acc=0.8879
2026-05-18 13:51:53,925 | INFO | SpawnProcess-1 | stage1_run3 | Epoch 225 | train_loss=4.4876 | train_acc=0.9890 | test_loss=2.0981 | test_acc=0.8802
2026-05-18 13:52:17,301 | INFO | SpawnProcess-2 | stage1_run1 | Epoch 219 | train_loss=5.0278 | train_acc=0.9873 | test_loss=2.4244 | test_acc=0.9407
2026-05-18 13:52:27,102 | INFO | SpawnProcess-3 | stage1_run2 | Epoch 228 | train_loss=3.5985 | train_acc=0.9909 | test_loss=1.9479 | test_acc=0.8813
2026-05-18 13:52:29,306 | INFO | SpawnProcess-1 | stage1_run3 | Epoch 226 | train_loss=4.2430 | train_acc=0.9891 | test_loss=1.7083 | test_acc=0.9533
2026-05-18 13:52:56,409 | INFO | SpawnProcess-2 | stage1_run1 | Epoch 220 | train_loss=6.1169 | train_acc=0.9843 | test_loss=1.9853 | test_acc=0.9123
2026-05-18 13:53:05,743 | INFO | SpawnProcess-3 | stage1_run2 | Epoch 229 | train_loss=4.0731 | train_acc=0.9893 | test_loss=1.9299 | test_acc=0.9219
2026-05-18 13:53:08,239 | INFO | SpawnProcess-1 | stage1_run3 | Epoch 227 | train_loss=4.0872 | train_acc=0.9900 | test_loss=1.6464 | test_acc=0.9523
2026-05-18 13:53:39,170 | INFO | SpawnProcess-2 | stage1_run1 | Epoch 221 | train_loss=5.7317 | train_acc=0.9853 | test_loss=2.1369 | test_acc=0.9415
2026-05-18 13:53:40,465 | INFO | SpawnProcess-1 | stage1_run3 | Epoch 228 | train_loss=4.4031 | train_acc=0.9886 | test_loss=1.6490 | test_acc=0.9446
2026-05-18 13:53:46,677 | INFO | SpawnProcess-3 | stage1_run2 | Epoch 230 | train_loss=4.2880 | train_acc=0.9888 | test_loss=1.7284 | test_acc=0.9151
2026-05-18 13:54:16,188 | INFO | SpawnProcess-2 | stage1_run1 | Epoch 222 | train_loss=4.7997 | train_acc=0.9877 | test_loss=1.9911 | test_acc=0.9302
2026-05-18 13:54:20,757 | INFO | SpawnProcess-1 | stage1_run3 | Epoch 229 | train_loss=4.5607 | train_acc=0.9882 | test_loss=1.7020 | test_acc=0.9376
2026-05-18 13:54:21,864 | INFO | SpawnProcess-3 | stage1_run2 | Epoch 231 | train_loss=3.7146 | train_acc=0.9904 | test_loss=2.4461 | test_acc=0.9212
2026-05-18 13:54:49,428 | INFO | SpawnProcess-2 | stage1_run1 | Epoch 223 | train_loss=4.7178 | train_acc=0.9884 | test_loss=2.1009 | test_acc=0.9345
2026-05-18 13:54:59,384 | INFO | SpawnProcess-3 | stage1_run2 | Epoch 232 | train_loss=4.5052 | train_acc=0.9884 | test_loss=1.9737 | test_acc=0.9366
2026-05-18 13:54:59,526 | INFO | SpawnProcess-1 | stage1_run3 | Epoch 230 | train_loss=4.8288 | train_acc=0.9879 | test_loss=1.9033 | test_acc=0.9156
2026-05-18 13:55:28,110 | INFO | SpawnProcess-2 | stage1_run1 | Epoch 224 | train_loss=5.0583 | train_acc=0.9873 | test_loss=2.1564 | test_acc=0.9014
2026-05-18 13:55:36,384 | INFO | SpawnProcess-3 | stage1_run2 | Epoch 233 | train_loss=3.6025 | train_acc=0.9908 | test_loss=1.7058 | test_acc=0.9283
2026-05-18 13:55:39,661 | INFO | SpawnProcess-1 | stage1_run3 | Epoch 231 | train_loss=4.5638 | train_acc=0.9887 | test_loss=1.8267 | test_acc=0.9581
2026-05-18 13:56:07,572 | INFO | SpawnProcess-2 | stage1_run1 | Epoch 225 | train_loss=5.4975 | train_acc=0.9863 | test_loss=1.8243 | test_acc=0.9261
2026-05-18 13:56:13,819 | INFO | SpawnProcess-3 | stage1_run2 | Epoch 234 | train_loss=3.5781 | train_acc=0.9906 | test_loss=2.4407 | test_acc=0.9012
2026-05-18 13:56:20,828 | INFO | SpawnProcess-1 | stage1_run3 | Epoch 232 | train_loss=4.1843 | train_acc=0.9896 | test_loss=2.1190 | test_acc=0.9271
2026-05-18 13:56:46,195 | INFO | SpawnProcess-2 | stage1_run1 | Epoch 226 | train_loss=4.8996 | train_acc=0.9878 | test_loss=1.9172 | test_acc=0.9424
2026-05-18 13:56:48,823 | INFO | SpawnProcess-3 | stage1_run2 | Epoch 235 | train_loss=3.6097 | train_acc=0.9905 | test_loss=1.9913 | test_acc=0.9349
2026-05-18 13:56:59,963 | INFO | SpawnProcess-1 | stage1_run3 | Epoch 233 | train_loss=4.9549 | train_acc=0.9880 | test_loss=2.0183 | test_acc=0.9283
2026-05-18 13:57:24,588 | INFO | SpawnProcess-3 | stage1_run2 | Epoch 236 | train_loss=3.9870 | train_acc=0.9897 | test_loss=1.9180 | test_acc=0.9328
2026-05-18 13:57:24,607 | INFO | SpawnProcess-2 | stage1_run1 | Epoch 227 | train_loss=5.4435 | train_acc=0.9867 | test_loss=2.0609 | test_acc=0.9306
2026-05-18 13:57:37,986 | INFO | SpawnProcess-1 | stage1_run3 | Epoch 234 | train_loss=3.7826 | train_acc=0.9904 | test_loss=1.7596 | test_acc=0.9569
2026-05-18 13:58:03,458 | INFO | SpawnProcess-2 | stage1_run1 | Epoch 228 | train_loss=4.6371 | train_acc=0.9885 | test_loss=1.9063 | test_acc=0.9250
2026-05-18 13:58:04,633 | INFO | SpawnProcess-3 | stage1_run2 | Epoch 237 | train_loss=3.9485 | train_acc=0.9902 | test_loss=1.7288 | test_acc=0.9305
2026-05-18 13:58:17,915 | INFO | SpawnProcess-1 | stage1_run3 | Epoch 235 | train_loss=3.9527 | train_acc=0.9904 | test_loss=1.9999 | test_acc=0.9231
2026-05-18 13:58:44,106 | INFO | SpawnProcess-3 | stage1_run2 | Epoch 238 | train_loss=4.1205 | train_acc=0.9891 | test_loss=1.6736 | test_acc=0.9141
2026-05-18 13:58:45,932 | INFO | SpawnProcess-2 | stage1_run1 | Epoch 229 | train_loss=5.8665 | train_acc=0.9849 | test_loss=2.2917 | test_acc=0.8931
2026-05-18 13:58:57,116 | INFO | SpawnProcess-1 | stage1_run3 | Epoch 236 | train_loss=4.3659 | train_acc=0.9889 | test_loss=1.8368 | test_acc=0.9451
2026-05-18 13:59:22,799 | INFO | SpawnProcess-2 | stage1_run1 | Epoch 230 | train_loss=5.2947 | train_acc=0.9863 | test_loss=1.7515 | test_acc=0.9411
2026-05-18 13:59:24,740 | INFO | SpawnProcess-3 | stage1_run2 | Epoch 239 | train_loss=3.2337 | train_acc=0.9917 | test_loss=1.8099 | test_acc=0.9263
2026-05-18 13:59:35,539 | INFO | SpawnProcess-1 | stage1_run3 | Epoch 237 | train_loss=3.7105 | train_acc=0.9907 | test_loss=1.8581 | test_acc=0.9494
2026-05-18 14:00:01,368 | INFO | SpawnProcess-3 | stage1_run2 | Epoch 240 | train_loss=4.0094 | train_acc=0.9898 | test_loss=1.9687 | test_acc=0.8818
2026-05-18 14:00:03,260 | INFO | SpawnProcess-2 | stage1_run1 | Epoch 231 | train_loss=5.5269 | train_acc=0.9860 | test_loss=1.9348 | test_acc=0.9275
2026-05-18 14:00:11,867 | INFO | SpawnProcess-1 | stage1_run3 | Epoch 238 | train_loss=3.3281 | train_acc=0.9920 | test_loss=1.9000 | test_acc=0.9446
2026-05-18 14:00:39,565 | INFO | SpawnProcess-3 | stage1_run2 | Epoch 241 | train_loss=3.6776 | train_acc=0.9906 | test_loss=1.6045 | test_acc=0.9308
2026-05-18 14:00:45,084 | INFO | SpawnProcess-2 | stage1_run1 | Epoch 232 | train_loss=5.0505 | train_acc=0.9871 | test_loss=2.1407 | test_acc=0.9493
2026-05-18 14:00:47,925 | INFO | SpawnProcess-1 | stage1_run3 | Epoch 239 | train_loss=5.3346 | train_acc=0.9862 | test_loss=1.7474 | test_acc=0.9144
2026-05-18 14:01:15,918 | INFO | SpawnProcess-3 | stage1_run2 | Epoch 242 | train_loss=2.8721 | train_acc=0.9929 | test_loss=1.7589 | test_acc=0.9397
2026-05-18 14:01:25,158 | INFO | SpawnProcess-1 | stage1_run3 | Epoch 240 | train_loss=4.0528 | train_acc=0.9897 | test_loss=1.8554 | test_acc=0.9367
2026-05-18 14:01:27,113 | INFO | SpawnProcess-2 | stage1_run1 | Epoch 233 | train_loss=4.3428 | train_acc=0.9891 | test_loss=2.0287 | test_acc=0.9211
2026-05-18 14:01:52,049 | INFO | SpawnProcess-3 | stage1_run2 | Epoch 243 | train_loss=2.9083 | train_acc=0.9923 | test_loss=1.8012 | test_acc=0.9335
2026-05-18 14:02:00,574 | INFO | SpawnProcess-2 | stage1_run1 | Epoch 234 | train_loss=5.0450 | train_acc=0.9873 | test_loss=1.8883 | test_acc=0.9374
2026-05-18 14:02:04,024 | INFO | SpawnProcess-1 | stage1_run3 | Epoch 241 | train_loss=4.2391 | train_acc=0.9892 | test_loss=1.8607 | test_acc=0.9242
2026-05-18 14:02:30,088 | INFO | SpawnProcess-3 | stage1_run2 | Epoch 244 | train_loss=2.9270 | train_acc=0.9927 | test_loss=1.9279 | test_acc=0.9288
2026-05-18 14:02:40,772 | INFO | SpawnProcess-1 | stage1_run3 | Epoch 242 | train_loss=4.6214 | train_acc=0.9885 | test_loss=1.8207 | test_acc=0.9424
2026-05-18 14:02:42,817 | INFO | SpawnProcess-2 | stage1_run1 | Epoch 235 | train_loss=4.5006 | train_acc=0.9896 | test_loss=2.0994 | test_acc=0.9225
2026-05-18 14:03:06,271 | INFO | SpawnProcess-3 | stage1_run2 | Epoch 245 | train_loss=3.6955 | train_acc=0.9901 | test_loss=1.7034 | test_acc=0.9244
2026-05-18 14:03:20,245 | INFO | SpawnProcess-1 | stage1_run3 | Epoch 243 | train_loss=4.5482 | train_acc=0.9885 | test_loss=1.9992 | test_acc=0.9363
2026-05-18 14:03:23,360 | INFO | SpawnProcess-2 | stage1_run1 | Epoch 236 | train_loss=5.2822 | train_acc=0.9869 | test_loss=1.7919 | test_acc=0.9341
2026-05-18 14:03:44,890 | INFO | SpawnProcess-3 | stage1_run2 | Epoch 246 | train_loss=3.9338 | train_acc=0.9895 | test_loss=1.8006 | test_acc=0.9186
2026-05-18 14:03:59,362 | INFO | SpawnProcess-1 | stage1_run3 | Epoch 244 | train_loss=5.3032 | train_acc=0.9869 | test_loss=1.9746 | test_acc=0.9189
2026-05-18 14:04:03,899 | INFO | SpawnProcess-2 | stage1_run1 | Epoch 237 | train_loss=4.9924 | train_acc=0.9875 | test_loss=1.7216 | test_acc=0.9410
2026-05-18 14:04:24,510 | INFO | SpawnProcess-3 | stage1_run2 | Epoch 247 | train_loss=3.2185 | train_acc=0.9916 | test_loss=1.8127 | test_acc=0.9220
2026-05-18 14:04:39,524 | INFO | SpawnProcess-1 | stage1_run3 | Epoch 245 | train_loss=4.0301 | train_acc=0.9896 | test_loss=1.7367 | test_acc=0.9383
2026-05-18 14:04:42,686 | INFO | SpawnProcess-2 | stage1_run1 | Epoch 238 | train_loss=4.4759 | train_acc=0.9886 | test_loss=1.7590 | test_acc=0.9173
2026-05-18 14:05:03,136 | INFO | SpawnProcess-3 | stage1_run2 | Epoch 248 | train_loss=3.9423 | train_acc=0.9892 | test_loss=1.7949 | test_acc=0.9381
2026-05-18 14:05:15,723 | INFO | SpawnProcess-1 | stage1_run3 | Epoch 246 | train_loss=3.4344 | train_acc=0.9915 | test_loss=1.9014 | test_acc=0.9343
2026-05-18 14:05:19,710 | INFO | SpawnProcess-2 | stage1_run1 | Epoch 239 | train_loss=4.5981 | train_acc=0.9881 | test_loss=1.8346 | test_acc=0.9258
2026-05-18 14:05:39,585 | INFO | SpawnProcess-3 | stage1_run2 | Epoch 249 | train_loss=3.0927 | train_acc=0.9916 | test_loss=1.7566 | test_acc=0.9338
2026-05-18 14:05:55,546 | INFO | SpawnProcess-2 | stage1_run1 | Epoch 240 | train_loss=4.4811 | train_acc=0.9887 | test_loss=2.0145 | test_acc=0.9140
2026-05-18 14:05:56,313 | INFO | SpawnProcess-1 | stage1_run3 | Epoch 247 | train_loss=4.3849 | train_acc=0.9890 | test_loss=1.9680 | test_acc=0.9283
2026-05-18 14:06:17,923 | INFO | SpawnProcess-3 | stage1_run2 | Epoch 250 | train_loss=2.8252 | train_acc=0.9932 | test_loss=2.1200 | test_acc=0.9391
2026-05-18 14:06:31,258 | INFO | SpawnProcess-1 | stage1_run3 | Epoch 248 | train_loss=4.0699 | train_acc=0.9903 | test_loss=1.7128 | test_acc=0.9478
2026-05-18 14:06:33,909 | INFO | SpawnProcess-2 | stage1_run1 | Epoch 241 | train_loss=5.4923 | train_acc=0.9858 | test_loss=1.8090 | test_acc=0.9114
2026-05-18 14:06:57,237 | INFO | SpawnProcess-3 | stage1_run2 | Epoch 251 | train_loss=3.2908 | train_acc=0.9915 | test_loss=1.7647 | test_acc=0.9313
2026-05-18 14:07:06,872 | INFO | SpawnProcess-1 | stage1_run3 | Epoch 249 | train_loss=3.2815 | train_acc=0.9921 | test_loss=2.0470 | test_acc=0.9092
2026-05-18 14:07:12,171 | INFO | SpawnProcess-2 | stage1_run1 | Epoch 242 | train_loss=5.4256 | train_acc=0.9862 | test_loss=1.7968 | test_acc=0.9329
2026-05-18 14:07:34,719 | INFO | SpawnProcess-3 | stage1_run2 | Epoch 252 | train_loss=3.0262 | train_acc=0.9925 | test_loss=1.7516 | test_acc=0.9166
2026-05-18 14:07:40,322 | INFO | SpawnProcess-1 | stage1_run3 | Epoch 250 | train_loss=4.4640 | train_acc=0.9888 | test_loss=2.0256 | test_acc=0.9314
2026-05-18 14:07:53,244 | INFO | SpawnProcess-2 | stage1_run1 | Epoch 243 | train_loss=4.5233 | train_acc=0.9889 | test_loss=1.9798 | test_acc=0.9154
2026-05-18 14:08:12,604 | INFO | SpawnProcess-3 | stage1_run2 | Epoch 253 | train_loss=2.9899 | train_acc=0.9923 | test_loss=1.8357 | test_acc=0.9129
2026-05-18 14:08:19,340 | INFO | SpawnProcess-1 | stage1_run3 | Epoch 251 | train_loss=3.5061 | train_acc=0.9913 | test_loss=2.0158 | test_acc=0.9443
2026-05-18 14:08:29,941 | INFO | SpawnProcess-2 | stage1_run1 | Epoch 244 | train_loss=5.1499 | train_acc=0.9867 | test_loss=2.2630 | test_acc=0.9135
2026-05-18 14:08:52,004 | INFO | SpawnProcess-3 | stage1_run2 | Epoch 254 | train_loss=3.1848 | train_acc=0.9919 | test_loss=1.7504 | test_acc=0.9243
2026-05-18 14:09:02,002 | INFO | SpawnProcess-1 | stage1_run3 | Epoch 252 | train_loss=4.1583 | train_acc=0.9894 | test_loss=1.7940 | test_acc=0.9521
2026-05-18 14:09:10,519 | INFO | SpawnProcess-2 | stage1_run1 | Epoch 245 | train_loss=4.2273 | train_acc=0.9895 | test_loss=1.7850 | test_acc=0.9301
2026-05-18 14:09:31,211 | INFO | SpawnProcess-3 | stage1_run2 | Epoch 255 | train_loss=4.0001 | train_acc=0.9898 | test_loss=1.8839 | test_acc=0.9374
2026-05-18 14:09:39,958 | INFO | SpawnProcess-1 | stage1_run3 | Epoch 253 | train_loss=4.0916 | train_acc=0.9899 | test_loss=2.3945 | test_acc=0.9228
2026-05-18 14:09:45,979 | INFO | SpawnProcess-2 | stage1_run1 | Epoch 246 | train_loss=4.1125 | train_acc=0.9898 | test_loss=1.9028 | test_acc=0.9254
2026-05-18 14:10:11,449 | INFO | SpawnProcess-3 | stage1_run2 | Epoch 256 | train_loss=3.5842 | train_acc=0.9910 | test_loss=1.8128 | test_acc=0.9286
2026-05-18 14:10:15,676 | INFO | SpawnProcess-1 | stage1_run3 | Epoch 254 | train_loss=4.6678 | train_acc=0.9882 | test_loss=1.9479 | test_acc=0.9121
2026-05-18 14:10:24,834 | INFO | SpawnProcess-2 | stage1_run1 | Epoch 247 | train_loss=5.7858 | train_acc=0.9860 | test_loss=2.0548 | test_acc=0.9446
2026-05-18 14:10:51,317 | INFO | SpawnProcess-3 | stage1_run2 | Epoch 257 | train_loss=3.0366 | train_acc=0.9922 | test_loss=2.2416 | test_acc=0.9447
2026-05-18 14:10:53,996 | INFO | SpawnProcess-1 | stage1_run3 | Epoch 255 | train_loss=4.8333 | train_acc=0.9881 | test_loss=1.6716 | test_acc=0.9398
2026-05-18 14:11:02,589 | INFO | SpawnProcess-2 | stage1_run1 | Epoch 248 | train_loss=4.6755 | train_acc=0.9885 | test_loss=2.4516 | test_acc=0.9336
2026-05-18 14:11:28,741 | INFO | SpawnProcess-3 | stage1_run2 | Epoch 258 | train_loss=3.9096 | train_acc=0.9903 | test_loss=1.9237 | test_acc=0.9251
2026-05-18 14:11:33,771 | INFO | SpawnProcess-1 | stage1_run3 | Epoch 256 | train_loss=3.3491 | train_acc=0.9917 | test_loss=1.7968 | test_acc=0.9541
2026-05-18 14:11:42,184 | INFO | SpawnProcess-2 | stage1_run1 | Epoch 249 | train_loss=5.2671 | train_acc=0.9866 | test_loss=2.0873 | test_acc=0.9185
2026-05-18 14:12:03,580 | INFO | SpawnProcess-3 | stage1_run2 | Epoch 259 | train_loss=3.4084 | train_acc=0.9911 | test_loss=2.6177 | test_acc=0.8994
2026-05-18 14:12:14,246 | INFO | SpawnProcess-1 | stage1_run3 | Epoch 257 | train_loss=3.4547 | train_acc=0.9914 | test_loss=1.8350 | test_acc=0.9572
2026-05-18 14:12:20,647 | INFO | SpawnProcess-2 | stage1_run1 | Epoch 250 | train_loss=4.6610 | train_acc=0.9882 | test_loss=1.7892 | test_acc=0.9398
2026-05-18 14:12:42,598 | INFO | SpawnProcess-3 | stage1_run2 | Epoch 260 | train_loss=3.8226 | train_acc=0.9899 | test_loss=1.9879 | test_acc=0.9373
2026-05-18 14:12:51,642 | INFO | SpawnProcess-1 | stage1_run3 | Epoch 258 | train_loss=4.7975 | train_acc=0.9886 | test_loss=1.7598 | test_acc=0.9535
2026-05-18 14:13:01,870 | INFO | SpawnProcess-2 | stage1_run1 | Epoch 251 | train_loss=5.0633 | train_acc=0.9875 | test_loss=1.8485 | test_acc=0.9428
2026-05-18 14:13:17,241 | INFO | SpawnProcess-3 | stage1_run2 | Epoch 261 | train_loss=4.1419 | train_acc=0.9891 | test_loss=2.0929 | test_acc=0.8983
2026-05-18 14:13:29,766 | INFO | SpawnProcess-1 | stage1_run3 | Epoch 259 | train_loss=3.5387 | train_acc=0.9911 | test_loss=1.7749 | test_acc=0.9349
2026-05-18 14:13:40,801 | INFO | SpawnProcess-2 | stage1_run1 | Epoch 252 | train_loss=5.0888 | train_acc=0.9870 | test_loss=1.8874 | test_acc=0.9184
2026-05-18 14:13:55,733 | INFO | SpawnProcess-3 | stage1_run2 | Epoch 262 | train_loss=3.2217 | train_acc=0.9916 | test_loss=1.6649 | test_acc=0.9290
2026-05-18 14:14:07,937 | INFO | SpawnProcess-1 | stage1_run3 | Epoch 260 | train_loss=4.3492 | train_acc=0.9893 | test_loss=1.7880 | test_acc=0.9414
2026-05-18 14:14:20,825 | INFO | SpawnProcess-2 | stage1_run1 | Epoch 253 | train_loss=4.4219 | train_acc=0.9887 | test_loss=1.8055 | test_acc=0.9202
2026-05-18 14:14:31,277 | INFO | SpawnProcess-3 | stage1_run2 | Epoch 263 | train_loss=3.5767 | train_acc=0.9905 | test_loss=1.6643 | test_acc=0.9205
2026-05-18 14:14:46,282 | INFO | SpawnProcess-1 | stage1_run3 | Epoch 261 | train_loss=3.5372 | train_acc=0.9910 | test_loss=1.7339 | test_acc=0.9403
2026-05-18 14:14:58,198 | INFO | SpawnProcess-2 | stage1_run1 | Epoch 254 | train_loss=4.7080 | train_acc=0.9884 | test_loss=2.0869 | test_acc=0.9085
2026-05-18 14:15:10,937 | INFO | SpawnProcess-3 | stage1_run2 | Epoch 264 | train_loss=3.0475 | train_acc=0.9920 | test_loss=1.8280 | test_acc=0.9352
2026-05-18 14:15:23,578 | INFO | SpawnProcess-1 | stage1_run3 | Epoch 262 | train_loss=3.3678 | train_acc=0.9920 | test_loss=2.1839 | test_acc=0.9072
2026-05-18 14:15:34,723 | INFO | SpawnProcess-2 | stage1_run1 | Epoch 255 | train_loss=5.3215 | train_acc=0.9861 | test_loss=1.8787 | test_acc=0.9369
2026-05-18 14:15:46,444 | INFO | SpawnProcess-3 | stage1_run2 | Epoch 265 | train_loss=3.0867 | train_acc=0.9923 | test_loss=1.9643 | test_acc=0.8910
2026-05-18 14:16:02,393 | INFO | SpawnProcess-1 | stage1_run3 | Epoch 263 | train_loss=5.1848 | train_acc=0.9870 | test_loss=2.1488 | test_acc=0.9115
2026-05-18 14:16:11,634 | INFO | SpawnProcess-2 | stage1_run1 | Epoch 256 | train_loss=4.6652 | train_acc=0.9882 | test_loss=1.8309 | test_acc=0.9248
2026-05-18 14:16:22,220 | INFO | SpawnProcess-3 | stage1_run2 | Epoch 266 | train_loss=2.7104 | train_acc=0.9932 | test_loss=1.7000 | test_acc=0.9248
2026-05-18 14:16:43,592 | INFO | SpawnProcess-1 | stage1_run3 | Epoch 264 | train_loss=4.1446 | train_acc=0.9897 | test_loss=1.8090 | test_acc=0.9060
2026-05-18 14:16:48,957 | INFO | SpawnProcess-2 | stage1_run1 | Epoch 257 | train_loss=4.8309 | train_acc=0.9876 | test_loss=1.9205 | test_acc=0.9338
2026-05-18 14:16:58,311 | INFO | SpawnProcess-3 | stage1_run2 | Epoch 267 | train_loss=3.8633 | train_acc=0.9902 | test_loss=2.0764 | test_acc=0.9344
2026-05-18 14:17:22,494 | INFO | SpawnProcess-1 | stage1_run3 | Epoch 265 | train_loss=3.9000 | train_acc=0.9900 | test_loss=2.2358 | test_acc=0.9360
2026-05-18 14:17:28,555 | INFO | SpawnProcess-3 | stage1_run2 | Epoch 268 | train_loss=4.0320 | train_acc=0.9893 | test_loss=1.8139 | test_acc=0.9373
2026-05-18 14:17:31,331 | INFO | SpawnProcess-2 | stage1_run1 | Epoch 258 | train_loss=4.9509 | train_acc=0.9873 | test_loss=2.2835 | test_acc=0.9063
2026-05-18 14:17:56,207 | INFO | SpawnProcess-1 | stage1_run3 | Epoch 266 | train_loss=5.3308 | train_acc=0.9865 | test_loss=1.7559 | test_acc=0.9309
2026-05-18 14:18:08,756 | INFO | SpawnProcess-3 | stage1_run2 | Epoch 269 | train_loss=2.5224 | train_acc=0.9936 | test_loss=1.7235 | test_acc=0.9248
2026-05-18 14:18:10,645 | INFO | SpawnProcess-2 | stage1_run1 | Epoch 259 | train_loss=4.7331 | train_acc=0.9878 | test_loss=1.8196 | test_acc=0.9278
2026-05-18 14:18:38,102 | INFO | SpawnProcess-1 | stage1_run3 | Epoch 267 | train_loss=4.1946 | train_acc=0.9895 | test_loss=1.9698 | test_acc=0.9602
2026-05-18 14:18:44,676 | INFO | SpawnProcess-3 | stage1_run2 | Epoch 270 | train_loss=3.1873 | train_acc=0.9919 | test_loss=1.8631 | test_acc=0.9205
2026-05-18 14:18:48,658 | INFO | SpawnProcess-2 | stage1_run1 | Epoch 260 | train_loss=4.5754 | train_acc=0.9881 | test_loss=1.7496 | test_acc=0.9261
2026-05-18 14:19:16,078 | INFO | SpawnProcess-1 | stage1_run3 | Epoch 268 | train_loss=3.8793 | train_acc=0.9902 | test_loss=1.9476 | test_acc=0.9240
2026-05-18 14:19:19,126 | INFO | SpawnProcess-3 | stage1_run2 | Epoch 271 | train_loss=3.2598 | train_acc=0.9916 | test_loss=1.8417 | test_acc=0.9196
2026-05-18 14:19:26,339 | INFO | SpawnProcess-2 | stage1_run1 | Epoch 261 | train_loss=4.7970 | train_acc=0.9877 | test_loss=1.9004 | test_acc=0.9323
2026-05-18 14:19:49,591 | INFO | SpawnProcess-1 | stage1_run3 | Epoch 269 | train_loss=3.9123 | train_acc=0.9899 | test_loss=2.0997 | test_acc=0.8936
2026-05-18 14:19:58,331 | INFO | SpawnProcess-3 | stage1_run2 | Epoch 272 | train_loss=2.8045 | train_acc=0.9924 | test_loss=1.8316 | test_acc=0.9397
2026-05-18 14:20:03,941 | INFO | SpawnProcess-2 | stage1_run1 | Epoch 262 | train_loss=4.6965 | train_acc=0.9879 | test_loss=1.8596 | test_acc=0.9224
2026-05-18 14:20:28,084 | INFO | SpawnProcess-3 | stage1_run2 | Epoch 273 | train_loss=2.8944 | train_acc=0.9921 | test_loss=1.7076 | test_acc=0.9285
2026-05-18 14:20:30,249 | INFO | SpawnProcess-1 | stage1_run3 | Epoch 270 | train_loss=4.1182 | train_acc=0.9892 | test_loss=1.8175 | test_acc=0.9581
2026-05-18 14:20:42,686 | INFO | SpawnProcess-2 | stage1_run1 | Epoch 263 | train_loss=4.4417 | train_acc=0.9883 | test_loss=1.9707 | test_acc=0.9184
2026-05-18 14:21:04,192 | INFO | SpawnProcess-3 | stage1_run2 | Epoch 274 | train_loss=2.7472 | train_acc=0.9930 | test_loss=1.7992 | test_acc=0.9206
2026-05-18 14:21:08,916 | INFO | SpawnProcess-1 | stage1_run3 | Epoch 271 | train_loss=4.4971 | train_acc=0.9884 | test_loss=1.8292 | test_acc=0.9603
2026-05-18 14:21:19,609 | INFO | SpawnProcess-2 | stage1_run1 | Epoch 264 | train_loss=5.0682 | train_acc=0.9872 | test_loss=1.8641 | test_acc=0.9374
2026-05-18 14:21:33,566 | INFO | SpawnProcess-3 | stage1_run2 | Epoch 275 | train_loss=2.9120 | train_acc=0.9924 | test_loss=1.7618 | test_acc=0.9279
2026-05-18 14:21:48,350 | INFO | SpawnProcess-1 | stage1_run3 | Epoch 272 | train_loss=3.0385 | train_acc=0.9926 | test_loss=1.8846 | test_acc=0.9571
2026-05-18 14:21:58,009 | INFO | SpawnProcess-2 | stage1_run1 | Epoch 265 | train_loss=4.4087 | train_acc=0.9888 | test_loss=2.3733 | test_acc=0.8760
2026-05-18 14:22:11,329 | INFO | SpawnProcess-3 | stage1_run2 | Epoch 276 | train_loss=2.9747 | train_acc=0.9925 | test_loss=2.2212 | test_acc=0.9003
2026-05-18 14:22:30,782 | INFO | SpawnProcess-1 | stage1_run3 | Epoch 273 | train_loss=3.2489 | train_acc=0.9920 | test_loss=1.7041 | test_acc=0.9499
2026-05-18 14:22:38,334 | INFO | SpawnProcess-2 | stage1_run1 | Epoch 266 | train_loss=5.1984 | train_acc=0.9874 | test_loss=1.8117 | test_acc=0.9550
2026-05-18 14:22:49,662 | INFO | SpawnProcess-3 | stage1_run2 | Epoch 277 | train_loss=3.8301 | train_acc=0.9903 | test_loss=1.9490 | test_acc=0.9304
2026-05-18 14:23:11,352 | INFO | SpawnProcess-1 | stage1_run3 | Epoch 274 | train_loss=3.6069 | train_acc=0.9910 | test_loss=1.8857 | test_acc=0.9673
2026-05-18 14:23:17,977 | INFO | SpawnProcess-2 | stage1_run1 | Epoch 267 | train_loss=4.6847 | train_acc=0.9886 | test_loss=1.9692 | test_acc=0.9370
2026-05-18 14:23:24,045 | INFO | SpawnProcess-3 | stage1_run2 | Epoch 278 | train_loss=3.3818 | train_acc=0.9908 | test_loss=2.0164 | test_acc=0.9438
2026-05-18 14:23:46,439 | INFO | SpawnProcess-1 | stage1_run3 | Epoch 275 | train_loss=3.7378 | train_acc=0.9902 | test_loss=2.0134 | test_acc=0.9399
2026-05-18 14:23:58,317 | INFO | SpawnProcess-2 | stage1_run1 | Epoch 268 | train_loss=4.3678 | train_acc=0.9892 | test_loss=1.8436 | test_acc=0.9129
2026-05-18 14:24:01,320 | INFO | SpawnProcess-3 | stage1_run2 | Epoch 279 | train_loss=3.2537 | train_acc=0.9916 | test_loss=1.7879 | test_acc=0.9022
2026-05-18 14:24:22,956 | INFO | SpawnProcess-1 | stage1_run3 | Epoch 276 | train_loss=3.8165 | train_acc=0.9902 | test_loss=1.9072 | test_acc=0.9403
2026-05-18 14:24:38,655 | INFO | SpawnProcess-2 | stage1_run1 | Epoch 269 | train_loss=4.1169 | train_acc=0.9900 | test_loss=2.1723 | test_acc=0.9260
2026-05-18 14:24:39,460 | INFO | SpawnProcess-3 | stage1_run2 | Epoch 280 | train_loss=3.0462 | train_acc=0.9920 | test_loss=1.8631 | test_acc=0.9361
2026-05-18 14:24:58,775 | INFO | SpawnProcess-1 | stage1_run3 | Epoch 277 | train_loss=3.9800 | train_acc=0.9898 | test_loss=1.7782 | test_acc=0.9378
2026-05-18 14:25:16,697 | INFO | SpawnProcess-3 | stage1_run2 | Epoch 281 | train_loss=3.0054 | train_acc=0.9919 | test_loss=2.1123 | test_acc=0.9359
2026-05-18 14:25:19,726 | INFO | SpawnProcess-2 | stage1_run1 | Epoch 270 | train_loss=4.7792 | train_acc=0.9878 | test_loss=1.8418 | test_acc=0.9392
2026-05-18 14:25:38,848 | INFO | SpawnProcess-1 | stage1_run3 | Epoch 278 | train_loss=3.3411 | train_acc=0.9914 | test_loss=1.7531 | test_acc=0.9408
2026-05-18 14:25:53,507 | INFO | SpawnProcess-3 | stage1_run2 | Epoch 282 | train_loss=3.8286 | train_acc=0.9895 | test_loss=2.0856 | test_acc=0.9254
2026-05-18 14:25:59,945 | INFO | SpawnProcess-2 | stage1_run1 | Epoch 271 | train_loss=4.8283 | train_acc=0.9875 | test_loss=1.7267 | test_acc=0.9382
2026-05-18 14:26:14,829 | INFO | SpawnProcess-1 | stage1_run3 | Epoch 279 | train_loss=3.9294 | train_acc=0.9902 | test_loss=2.0729 | test_acc=0.9234
2026-05-18 14:26:31,779 | INFO | SpawnProcess-3 | stage1_run2 | Epoch 283 | train_loss=3.5192 | train_acc=0.9907 | test_loss=1.6291 | test_acc=0.9298
2026-05-18 14:26:37,401 | INFO | SpawnProcess-2 | stage1_run1 | Epoch 272 | train_loss=4.2533 | train_acc=0.9894 | test_loss=1.8095 | test_acc=0.9262
2026-05-18 14:26:54,671 | INFO | SpawnProcess-1 | stage1_run3 | Epoch 280 | train_loss=3.9000 | train_acc=0.9903 | test_loss=2.1301 | test_acc=0.9291
2026-05-18 14:27:11,139 | INFO | SpawnProcess-3 | stage1_run2 | Epoch 284 | train_loss=2.9086 | train_acc=0.9927 | test_loss=1.9024 | test_acc=0.9249
2026-05-18 14:27:17,269 | INFO | SpawnProcess-2 | stage1_run1 | Epoch 273 | train_loss=4.2687 | train_acc=0.9894 | test_loss=1.7264 | test_acc=0.9288
2026-05-18 14:27:32,812 | INFO | SpawnProcess-1 | stage1_run3 | Epoch 281 | train_loss=4.0291 | train_acc=0.9901 | test_loss=2.1976 | test_acc=0.9137
2026-05-18 14:27:49,891 | INFO | SpawnProcess-3 | stage1_run2 | Epoch 285 | train_loss=2.6527 | train_acc=0.9934 | test_loss=1.7623 | test_acc=0.9347
2026-05-18 14:27:57,081 | INFO | SpawnProcess-2 | stage1_run1 | Epoch 274 | train_loss=4.4760 | train_acc=0.9889 | test_loss=1.8864 | test_acc=0.9358
2026-05-18 14:28:10,987 | INFO | SpawnProcess-1 | stage1_run3 | Epoch 282 | train_loss=4.0605 | train_acc=0.9897 | test_loss=1.6059 | test_acc=0.9587
2026-05-18 14:28:29,172 | INFO | SpawnProcess-3 | stage1_run2 | Epoch 286 | train_loss=2.8334 | train_acc=0.9924 | test_loss=2.0753 | test_acc=0.9398
2026-05-18 14:28:36,825 | INFO | SpawnProcess-2 | stage1_run1 | Epoch 275 | train_loss=4.9962 | train_acc=0.9867 | test_loss=1.8538 | test_acc=0.9239
2026-05-18 14:28:43,631 | INFO | SpawnProcess-1 | stage1_run3 | Epoch 283 | train_loss=4.1675 | train_acc=0.9895 | test_loss=2.0038 | test_acc=0.9668
2026-05-18 14:29:08,488 | INFO | SpawnProcess-3 | stage1_run2 | Epoch 287 | train_loss=2.5593 | train_acc=0.9935 | test_loss=1.6037 | test_acc=0.9336
2026-05-18 14:29:16,340 | INFO | SpawnProcess-2 | stage1_run1 | Epoch 276 | train_loss=4.2271 | train_acc=0.9891 | test_loss=1.8854 | test_acc=0.9235
2026-05-18 14:29:20,175 | INFO | SpawnProcess-1 | stage1_run3 | Epoch 284 | train_loss=4.8105 | train_acc=0.9879 | test_loss=1.8274 | test_acc=0.9371
2026-05-18 14:29:49,127 | INFO | SpawnProcess-3 | stage1_run2 | Epoch 288 | train_loss=2.6221 | train_acc=0.9932 | test_loss=1.8592 | test_acc=0.9436
2026-05-18 14:29:55,838 | INFO | SpawnProcess-1 | stage1_run3 | Epoch 285 | train_loss=4.7390 | train_acc=0.9876 | test_loss=2.1840 | test_acc=0.8829
2026-05-18 14:29:56,886 | INFO | SpawnProcess-2 | stage1_run1 | Epoch 277 | train_loss=4.0225 | train_acc=0.9899 | test_loss=1.8754 | test_acc=0.9351
2026-05-18 14:30:23,686 | INFO | SpawnProcess-3 | stage1_run2 | Epoch 289 | train_loss=2.6813 | train_acc=0.9929 | test_loss=1.8620 | test_acc=0.9260
2026-05-18 14:30:35,996 | INFO | SpawnProcess-1 | stage1_run3 | Epoch 286 | train_loss=3.5127 | train_acc=0.9915 | test_loss=1.6591 | test_acc=0.9461
2026-05-18 14:30:37,576 | INFO | SpawnProcess-2 | stage1_run1 | Epoch 278 | train_loss=5.2170 | train_acc=0.9865 | test_loss=1.8828 | test_acc=0.9247
2026-05-18 14:31:03,680 | INFO | SpawnProcess-3 | stage1_run2 | Epoch 290 | train_loss=3.0811 | train_acc=0.9922 | test_loss=2.4715 | test_acc=0.9011
2026-05-18 14:31:13,156 | INFO | SpawnProcess-1 | stage1_run3 | Epoch 287 | train_loss=3.1092 | train_acc=0.9923 | test_loss=2.2624 | test_acc=0.9168
2026-05-18 14:31:17,292 | INFO | SpawnProcess-2 | stage1_run1 | Epoch 279 | train_loss=4.0356 | train_acc=0.9899 | test_loss=2.0075 | test_acc=0.9296
2026-05-18 14:31:40,126 | INFO | SpawnProcess-3 | stage1_run2 | Epoch 291 | train_loss=3.8176 | train_acc=0.9902 | test_loss=1.7893 | test_acc=0.9392
2026-05-18 14:31:47,021 | INFO | SpawnProcess-1 | stage1_run3 | Epoch 288 | train_loss=4.2302 | train_acc=0.9889 | test_loss=1.7896 | test_acc=0.9355
2026-05-18 14:31:53,928 | INFO | SpawnProcess-2 | stage1_run1 | Epoch 280 | train_loss=4.5976 | train_acc=0.9882 | test_loss=1.9481 | test_acc=0.9280
2026-05-18 14:32:15,885 | INFO | SpawnProcess-3 | stage1_run2 | Epoch 292 | train_loss=3.9084 | train_acc=0.9896 | test_loss=1.9110 | test_acc=0.9319
2026-05-18 14:32:27,190 | INFO | SpawnProcess-1 | stage1_run3 | Epoch 289 | train_loss=3.5922 | train_acc=0.9906 | test_loss=1.7033 | test_acc=0.9565
2026-05-18 14:32:35,223 | INFO | SpawnProcess-2 | stage1_run1 | Epoch 281 | train_loss=4.7757 | train_acc=0.9875 | test_loss=1.9531 | test_acc=0.9500
2026-05-18 14:32:54,328 | INFO | SpawnProcess-3 | stage1_run2 | Epoch 293 | train_loss=3.2880 | train_acc=0.9915 | test_loss=1.7421 | test_acc=0.9192
2026-05-18 14:33:03,398 | INFO | SpawnProcess-1 | stage1_run3 | Epoch 290 | train_loss=3.4025 | train_acc=0.9911 | test_loss=1.8337 | test_acc=0.9635
2026-05-18 14:33:17,091 | INFO | SpawnProcess-2 | stage1_run1 | Epoch 282 | train_loss=4.1574 | train_acc=0.9893 | test_loss=1.8500 | test_acc=0.9310
2026-05-18 14:33:34,157 | INFO | SpawnProcess-3 | stage1_run2 | Epoch 294 | train_loss=2.6123 | train_acc=0.9936 | test_loss=1.7835 | test_acc=0.9095
2026-05-18 14:33:39,627 | INFO | SpawnProcess-1 | stage1_run3 | Epoch 291 | train_loss=3.5276 | train_acc=0.9910 | test_loss=2.2425 | test_acc=0.9318
2026-05-18 14:33:53,653 | INFO | SpawnProcess-2 | stage1_run1 | Epoch 283 | train_loss=4.6702 | train_acc=0.9879 | test_loss=2.1459 | test_acc=0.8909
2026-05-18 14:34:08,343 | INFO | SpawnProcess-3 | stage1_run2 | Epoch 295 | train_loss=2.6522 | train_acc=0.9931 | test_loss=2.0703 | test_acc=0.9284
2026-05-18 14:34:17,540 | INFO | SpawnProcess-1 | stage1_run3 | Epoch 292 | train_loss=3.3961 | train_acc=0.9917 | test_loss=1.7307 | test_acc=0.9296
2026-05-18 14:34:31,672 | INFO | SpawnProcess-2 | stage1_run1 | Epoch 284 | train_loss=4.4259 | train_acc=0.9888 | test_loss=1.8702 | test_acc=0.9371
2026-05-18 14:34:42,645 | INFO | SpawnProcess-3 | stage1_run2 | Epoch 296 | train_loss=3.1261 | train_acc=0.9917 | test_loss=1.9112 | test_acc=0.9039
2026-05-18 14:34:53,397 | INFO | SpawnProcess-1 | stage1_run3 | Epoch 293 | train_loss=3.5198 | train_acc=0.9913 | test_loss=1.7731 | test_acc=0.9445
2026-05-18 14:35:09,329 | INFO | SpawnProcess-2 | stage1_run1 | Epoch 285 | train_loss=4.0530 | train_acc=0.9898 | test_loss=2.1326 | test_acc=0.9442
2026-05-18 14:35:17,726 | INFO | SpawnProcess-3 | stage1_run2 | Epoch 297 | train_loss=2.3163 | train_acc=0.9939 | test_loss=1.7719 | test_acc=0.9381
2026-05-18 14:35:32,808 | INFO | SpawnProcess-1 | stage1_run3 | Epoch 294 | train_loss=3.1671 | train_acc=0.9920 | test_loss=1.8394 | test_acc=0.9451
2026-05-18 14:35:46,682 | INFO | SpawnProcess-2 | stage1_run1 | Epoch 286 | train_loss=3.9692 | train_acc=0.9899 | test_loss=1.7962 | test_acc=0.9408
2026-05-18 14:35:51,196 | INFO | SpawnProcess-3 | stage1_run2 | Epoch 298 | train_loss=2.7426 | train_acc=0.9928 | test_loss=1.6808 | test_acc=0.9260
2026-05-18 14:36:12,276 | INFO | SpawnProcess-1 | stage1_run3 | Epoch 295 | train_loss=2.7195 | train_acc=0.9931 | test_loss=1.7115 | test_acc=0.9449
2026-05-18 14:36:26,651 | INFO | SpawnProcess-2 | stage1_run1 | Epoch 287 | train_loss=4.5582 | train_acc=0.9884 | test_loss=2.1108 | test_acc=0.9245
2026-05-18 14:36:29,152 | INFO | SpawnProcess-3 | stage1_run2 | Epoch 299 | train_loss=4.4654 | train_acc=0.9880 | test_loss=1.8212 | test_acc=0.9426
2026-05-18 14:36:49,846 | INFO | SpawnProcess-1 | stage1_run3 | Epoch 296 | train_loss=3.3501 | train_acc=0.9914 | test_loss=2.0939 | test_acc=0.9159
2026-05-18 14:37:04,768 | INFO | SpawnProcess-3 | stage1_run2 | Epoch 300 | train_loss=3.4796 | train_acc=0.9908 | test_loss=1.7825 | test_acc=0.9217
2026-05-18 14:37:08,542 | INFO | SpawnProcess-2 | stage1_run1 | Epoch 288 | train_loss=4.2262 | train_acc=0.9895 | test_loss=1.9911 | test_acc=0.8953
2026-05-18 14:37:24,557 | INFO | SpawnProcess-3 | stage1_run2 | Final train_eval_loss=2.9936 | train_eval_acc=0.9338
2026-05-18 14:37:24,604 | INFO | SpawnProcess-3 | stage1_run2 | checkpoint=runs/l_mnist_stage1_rnn_param_match_20260518_115200/gfr_lmnist_stage1_run2.pt | complete
2026-05-18 14:37:24,622 | INFO | Completed stage1_run2 on GPU 1
2026-05-18 14:37:24,954 | INFO | SpawnProcess-3 | stage1_run4 | assigned_gpu=0 | seed=1237
2026-05-18 14:37:25,203 | INFO | SpawnProcess-3 | stage1_run4 | trainable_params=7355 | epochs=300
2026-05-18 14:37:33,401 | INFO | SpawnProcess-1 | stage1_run3 | Epoch 297 | train_loss=4.2017 | train_acc=0.9893 | test_loss=1.9381 | test_acc=0.9435
2026-05-18 14:37:49,714 | INFO | SpawnProcess-2 | stage1_run1 | Epoch 289 | train_loss=4.2100 | train_acc=0.9890 | test_loss=2.0380 | test_acc=0.9282
2026-05-18 14:38:02,409 | INFO | SpawnProcess-3 | stage1_run4 | Epoch 001 | train_loss=229.8602 | train_acc=0.3041 | test_loss=30.2063 | test_acc=0.2656
2026-05-18 14:38:11,838 | INFO | SpawnProcess-1 | stage1_run3 | Epoch 298 | train_loss=4.6361 | train_acc=0.9878 | test_loss=1.9035 | test_acc=0.9401
2026-05-18 14:38:26,565 | INFO | SpawnProcess-2 | stage1_run1 | Epoch 290 | train_loss=4.0662 | train_acc=0.9895 | test_loss=1.7191 | test_acc=0.9421
2026-05-18 14:38:39,503 | INFO | SpawnProcess-3 | stage1_run4 | Epoch 002 | train_loss=151.4323 | train_acc=0.5466 | test_loss=22.1048 | test_acc=0.3275
2026-05-18 14:38:49,754 | INFO | SpawnProcess-1 | stage1_run3 | Epoch 299 | train_loss=3.1436 | train_acc=0.9924 | test_loss=1.8536 | test_acc=0.9507
2026-05-18 14:39:02,951 | INFO | SpawnProcess-2 | stage1_run1 | Epoch 291 | train_loss=3.4850 | train_acc=0.9912 | test_loss=1.8130 | test_acc=0.9271
2026-05-18 14:39:14,645 | INFO | SpawnProcess-3 | stage1_run4 | Epoch 003 | train_loss=112.0187 | train_acc=0.6754 | test_loss=16.6461 | test_acc=0.4402
2026-05-18 14:39:28,104 | INFO | SpawnProcess-1 | stage1_run3 | Epoch 300 | train_loss=2.9981 | train_acc=0.9927 | test_loss=1.7783 | test_acc=0.9213
2026-05-18 14:39:38,618 | INFO | SpawnProcess-2 | stage1_run1 | Epoch 292 | train_loss=4.3330 | train_acc=0.9886 | test_loss=1.8548 | test_acc=0.9205
2026-05-18 14:39:48,983 | INFO | SpawnProcess-1 | stage1_run3 | Final train_eval_loss=2.2825 | train_eval_acc=0.9329
2026-05-18 14:39:49,011 | INFO | SpawnProcess-1 | stage1_run3 | checkpoint=runs/l_mnist_stage1_rnn_param_match_20260518_115200/gfr_lmnist_stage1_run3.pt | complete
2026-05-18 14:39:49,024 | INFO | Completed stage1_run3 on GPU 6
2026-05-18 14:39:49,496 | INFO | SpawnProcess-1 | stage1_run5 | assigned_gpu=1 | seed=1238
2026-05-18 14:39:49,738 | INFO | SpawnProcess-1 | stage1_run5 | trainable_params=7355 | epochs=300
2026-05-18 14:39:53,798 | INFO | SpawnProcess-3 | stage1_run4 | Epoch 004 | train_loss=88.9456 | train_acc=0.7454 | test_loss=13.6331 | test_acc=0.5045
2026-05-18 14:40:15,554 | INFO | SpawnProcess-2 | stage1_run1 | Epoch 293 | train_loss=4.6782 | train_acc=0.9884 | test_loss=2.3372 | test_acc=0.8811
2026-05-18 14:40:24,444 | INFO | SpawnProcess-1 | stage1_run5 | Epoch 001 | train_loss=234.9518 | train_acc=0.2440 | test_loss=30.9073 | test_acc=0.3129
2026-05-18 14:40:30,142 | INFO | SpawnProcess-3 | stage1_run4 | Epoch 005 | train_loss=74.9042 | train_acc=0.7974 | test_loss=11.2597 | test_acc=0.5537
2026-05-18 14:40:51,621 | INFO | SpawnProcess-2 | stage1_run1 | Epoch 294 | train_loss=4.5505 | train_acc=0.9886 | test_loss=1.6975 | test_acc=0.9401
2026-05-18 14:41:03,524 | INFO | SpawnProcess-1 | stage1_run5 | Epoch 002 | train_loss=147.6921 | train_acc=0.5519 | test_loss=20.7322 | test_acc=0.4058
2026-05-18 14:41:03,879 | INFO | SpawnProcess-3 | stage1_run4 | Epoch 006 | train_loss=62.5709 | train_acc=0.8363 | test_loss=11.1007 | test_acc=0.5539
2026-05-18 14:41:32,449 | INFO | SpawnProcess-2 | stage1_run1 | Epoch 295 | train_loss=3.8508 | train_acc=0.9902 | test_loss=1.8348 | test_acc=0.9341
2026-05-18 14:41:39,383 | INFO | SpawnProcess-1 | stage1_run5 | Epoch 003 | train_loss=104.4677 | train_acc=0.7039 | test_loss=14.6634 | test_acc=0.5185
2026-05-18 14:41:41,271 | INFO | SpawnProcess-3 | stage1_run4 | Epoch 007 | train_loss=54.7633 | train_acc=0.8591 | test_loss=8.3753 | test_acc=0.6220
2026-05-18 14:42:11,395 | INFO | SpawnProcess-2 | stage1_run1 | Epoch 296 | train_loss=4.5003 | train_acc=0.9885 | test_loss=2.0548 | test_acc=0.9397
2026-05-18 14:42:15,677 | INFO | SpawnProcess-1 | stage1_run5 | Epoch 004 | train_loss=79.6629 | train_acc=0.7736 | test_loss=12.0912 | test_acc=0.5619
2026-05-18 14:42:18,309 | INFO | SpawnProcess-3 | stage1_run4 | Epoch 008 | train_loss=47.8471 | train_acc=0.8801 | test_loss=7.7797 | test_acc=0.6506
2026-05-18 14:42:50,367 | INFO | SpawnProcess-2 | stage1_run1 | Epoch 297 | train_loss=4.3168 | train_acc=0.9893 | test_loss=2.1309 | test_acc=0.9119
2026-05-18 14:42:54,539 | INFO | SpawnProcess-3 | stage1_run4 | Epoch 009 | train_loss=42.9200 | train_acc=0.8952 | test_loss=7.3308 | test_acc=0.6171
2026-05-18 14:42:55,408 | INFO | SpawnProcess-1 | stage1_run5 | Epoch 005 | train_loss=68.8380 | train_acc=0.8000 | test_loss=11.1567 | test_acc=0.5948
2026-05-18 14:43:25,735 | INFO | SpawnProcess-2 | stage1_run1 | Epoch 298 | train_loss=4.8454 | train_acc=0.9879 | test_loss=1.9398 | test_acc=0.9038
2026-05-18 14:43:31,375 | INFO | SpawnProcess-3 | stage1_run4 | Epoch 010 | train_loss=40.0732 | train_acc=0.9028 | test_loss=6.4413 | test_acc=0.6524
2026-05-18 14:43:33,269 | INFO | SpawnProcess-1 | stage1_run5 | Epoch 006 | train_loss=61.7712 | train_acc=0.8178 | test_loss=9.8038 | test_acc=0.6213
2026-05-18 14:44:03,561 | INFO | SpawnProcess-3 | stage1_run4 | Epoch 011 | train_loss=36.5077 | train_acc=0.9111 | test_loss=6.1607 | test_acc=0.6378
2026-05-18 14:44:04,694 | INFO | SpawnProcess-2 | stage1_run1 | Epoch 299 | train_loss=4.2934 | train_acc=0.9888 | test_loss=1.8661 | test_acc=0.9368
2026-05-18 14:44:11,622 | INFO | SpawnProcess-1 | stage1_run5 | Epoch 007 | train_loss=57.2782 | train_acc=0.8292 | test_loss=9.2132 | test_acc=0.5945
2026-05-18 14:44:36,306 | INFO | SpawnProcess-2 | stage1_run1 | Epoch 300 | train_loss=3.9032 | train_acc=0.9900 | test_loss=1.6749 | test_acc=0.9431
2026-05-18 14:44:39,989 | INFO | SpawnProcess-3 | stage1_run4 | Epoch 012 | train_loss=34.5422 | train_acc=0.9173 | test_loss=5.5522 | test_acc=0.7049
2026-05-18 14:44:46,410 | INFO | SpawnProcess-1 | stage1_run5 | Epoch 008 | train_loss=54.4498 | train_acc=0.8359 | test_loss=8.9548 | test_acc=0.6457
2026-05-18 14:44:54,369 | INFO | SpawnProcess-2 | stage1_run1 | Final train_eval_loss=2.8424 | train_eval_acc=0.9538
2026-05-18 14:44:54,400 | INFO | SpawnProcess-2 | stage1_run1 | checkpoint=runs/l_mnist_stage1_rnn_param_match_20260518_115200/gfr_lmnist_stage1_run1.pt | complete
2026-05-18 14:44:54,430 | INFO | Completed stage1_run1 on GPU 0
2026-05-18 14:45:18,004 | INFO | SpawnProcess-3 | stage1_run4 | Epoch 013 | train_loss=32.5131 | train_acc=0.9212 | test_loss=6.7356 | test_acc=0.6785
2026-05-18 14:45:19,829 | INFO | SpawnProcess-1 | stage1_run5 | Epoch 009 | train_loss=51.3475 | train_acc=0.8448 | test_loss=8.0982 | test_acc=0.6847
2026-05-18 14:45:46,692 | INFO | SpawnProcess-3 | stage1_run4 | Epoch 014 | train_loss=31.1720 | train_acc=0.9247 | test_loss=5.3344 | test_acc=0.7797
2026-05-18 14:45:54,169 | INFO | SpawnProcess-1 | stage1_run5 | Epoch 010 | train_loss=49.3277 | train_acc=0.8521 | test_loss=8.3404 | test_acc=0.7142
2026-05-18 14:46:25,152 | INFO | SpawnProcess-3 | stage1_run4 | Epoch 015 | train_loss=28.8337 | train_acc=0.9305 | test_loss=4.6966 | test_acc=0.7234
2026-05-18 14:46:31,761 | INFO | SpawnProcess-1 | stage1_run5 | Epoch 011 | train_loss=46.1442 | train_acc=0.8651 | test_loss=8.3768 | test_acc=0.6365
2026-05-18 14:47:02,242 | INFO | SpawnProcess-3 | stage1_run4 | Epoch 016 | train_loss=27.3366 | train_acc=0.9342 | test_loss=4.8840 | test_acc=0.7166
2026-05-18 14:47:08,349 | INFO | SpawnProcess-1 | stage1_run5 | Epoch 012 | train_loss=42.9604 | train_acc=0.8827 | test_loss=7.0709 | test_acc=0.7444
2026-05-18 14:47:38,308 | INFO | SpawnProcess-3 | stage1_run4 | Epoch 017 | train_loss=26.2466 | train_acc=0.9368 | test_loss=4.2401 | test_acc=0.7559
2026-05-18 14:47:44,190 | INFO | SpawnProcess-1 | stage1_run5 | Epoch 013 | train_loss=39.0817 | train_acc=0.9014 | test_loss=6.0843 | test_acc=0.7755
2026-05-18 14:48:13,426 | INFO | SpawnProcess-3 | stage1_run4 | Epoch 018 | train_loss=25.1667 | train_acc=0.9388 | test_loss=4.5493 | test_acc=0.8070
2026-05-18 14:48:18,303 | INFO | SpawnProcess-1 | stage1_run5 | Epoch 014 | train_loss=35.6053 | train_acc=0.9107 | test_loss=6.2834 | test_acc=0.7546
2026-05-18 14:48:44,103 | INFO | SpawnProcess-3 | stage1_run4 | Epoch 019 | train_loss=24.6833 | train_acc=0.9408 | test_loss=4.6493 | test_acc=0.7661
2026-05-18 14:48:48,909 | INFO | SpawnProcess-1 | stage1_run5 | Epoch 015 | train_loss=32.5122 | train_acc=0.9201 | test_loss=5.3995 | test_acc=0.7752
2026-05-18 14:49:16,980 | INFO | SpawnProcess-3 | stage1_run4 | Epoch 020 | train_loss=24.5761 | train_acc=0.9398 | test_loss=3.8398 | test_acc=0.8056
2026-05-18 14:49:24,802 | INFO | SpawnProcess-1 | stage1_run5 | Epoch 016 | train_loss=30.9381 | train_acc=0.9258 | test_loss=5.2436 | test_acc=0.8116
2026-05-18 14:49:38,095 | INFO | SpawnProcess-3 | stage1_run4 | Epoch 021 | train_loss=23.1070 | train_acc=0.9442 | test_loss=3.7890 | test_acc=0.7544
2026-05-18 14:50:03,973 | INFO | SpawnProcess-3 | stage1_run4 | Epoch 022 | train_loss=21.6791 | train_acc=0.9479 | test_loss=3.7250 | test_acc=0.7927
2026-05-18 14:50:04,626 | INFO | SpawnProcess-1 | stage1_run5 | Epoch 017 | train_loss=28.6986 | train_acc=0.9319 | test_loss=4.7208 | test_acc=0.7780
2026-05-18 14:50:36,088 | INFO | SpawnProcess-3 | stage1_run4 | Epoch 023 | train_loss=21.7281 | train_acc=0.9479 | test_loss=3.8942 | test_acc=0.7970
2026-05-18 14:50:37,992 | INFO | SpawnProcess-1 | stage1_run5 | Epoch 018 | train_loss=27.4482 | train_acc=0.9341 | test_loss=5.0270 | test_acc=0.7538
2026-05-18 14:51:08,194 | INFO | SpawnProcess-3 | stage1_run4 | Epoch 024 | train_loss=21.4465 | train_acc=0.9489 | test_loss=3.6232 | test_acc=0.7674
2026-05-18 14:51:14,595 | INFO | SpawnProcess-1 | stage1_run5 | Epoch 019 | train_loss=27.3884 | train_acc=0.9351 | test_loss=4.4333 | test_acc=0.8387
2026-05-18 14:51:42,848 | INFO | SpawnProcess-3 | stage1_run4 | Epoch 025 | train_loss=20.6931 | train_acc=0.9488 | test_loss=3.7453 | test_acc=0.8187
2026-05-18 14:51:48,584 | INFO | SpawnProcess-1 | stage1_run5 | Epoch 020 | train_loss=26.0994 | train_acc=0.9364 | test_loss=4.4161 | test_acc=0.8501
2026-05-18 14:52:16,168 | INFO | SpawnProcess-3 | stage1_run4 | Epoch 026 | train_loss=21.0029 | train_acc=0.9483 | test_loss=3.3098 | test_acc=0.8369
2026-05-18 14:52:19,762 | INFO | SpawnProcess-1 | stage1_run5 | Epoch 021 | train_loss=24.0865 | train_acc=0.9427 | test_loss=3.8377 | test_acc=0.8180
2026-05-18 14:52:49,719 | INFO | SpawnProcess-3 | stage1_run4 | Epoch 027 | train_loss=19.3256 | train_acc=0.9537 | test_loss=3.2858 | test_acc=0.8381
2026-05-18 14:52:54,160 | INFO | SpawnProcess-1 | stage1_run5 | Epoch 022 | train_loss=23.4053 | train_acc=0.9449 | test_loss=3.9601 | test_acc=0.8030
2026-05-18 14:53:20,489 | INFO | SpawnProcess-3 | stage1_run4 | Epoch 028 | train_loss=19.2847 | train_acc=0.9537 | test_loss=3.6483 | test_acc=0.7774
2026-05-18 14:53:27,738 | INFO | SpawnProcess-1 | stage1_run5 | Epoch 023 | train_loss=22.1082 | train_acc=0.9475 | test_loss=3.8750 | test_acc=0.8217
2026-05-18 14:53:52,969 | INFO | SpawnProcess-3 | stage1_run4 | Epoch 029 | train_loss=18.4706 | train_acc=0.9560 | test_loss=3.1526 | test_acc=0.8544
2026-05-18 14:54:02,004 | INFO | SpawnProcess-1 | stage1_run5 | Epoch 024 | train_loss=21.4110 | train_acc=0.9494 | test_loss=3.4675 | test_acc=0.8745
2026-05-18 14:54:29,481 | INFO | SpawnProcess-3 | stage1_run4 | Epoch 030 | train_loss=18.6035 | train_acc=0.9547 | test_loss=3.4713 | test_acc=0.8483
2026-05-18 14:54:34,078 | INFO | SpawnProcess-1 | stage1_run5 | Epoch 025 | train_loss=21.2775 | train_acc=0.9489 | test_loss=3.6879 | test_acc=0.8054
2026-05-18 14:55:04,542 | INFO | SpawnProcess-3 | stage1_run4 | Epoch 031 | train_loss=17.8630 | train_acc=0.9567 | test_loss=3.1719 | test_acc=0.8414
2026-05-18 14:55:07,380 | INFO | SpawnProcess-1 | stage1_run5 | Epoch 026 | train_loss=20.4036 | train_acc=0.9523 | test_loss=3.4399 | test_acc=0.8244
2026-05-18 14:55:38,797 | INFO | SpawnProcess-3 | stage1_run4 | Epoch 032 | train_loss=18.3702 | train_acc=0.9547 | test_loss=3.0346 | test_acc=0.8229
2026-05-18 14:55:40,462 | INFO | SpawnProcess-1 | stage1_run5 | Epoch 027 | train_loss=19.3874 | train_acc=0.9539 | test_loss=3.4830 | test_acc=0.8535
2026-05-18 14:56:12,621 | INFO | SpawnProcess-3 | stage1_run4 | Epoch 033 | train_loss=17.3276 | train_acc=0.9575 | test_loss=3.4647 | test_acc=0.8326
2026-05-18 14:56:15,399 | INFO | SpawnProcess-1 | stage1_run5 | Epoch 028 | train_loss=20.5842 | train_acc=0.9507 | test_loss=4.0409 | test_acc=0.8299
2026-05-18 14:56:44,902 | INFO | SpawnProcess-3 | stage1_run4 | Epoch 034 | train_loss=17.9038 | train_acc=0.9569 | test_loss=2.9949 | test_acc=0.8471
2026-05-18 14:56:49,478 | INFO | SpawnProcess-1 | stage1_run5 | Epoch 029 | train_loss=19.6073 | train_acc=0.9534 | test_loss=3.4842 | test_acc=0.8695
2026-05-18 14:57:11,924 | INFO | SpawnProcess-3 | stage1_run4 | Epoch 035 | train_loss=17.9216 | train_acc=0.9565 | test_loss=3.4667 | test_acc=0.8403
2026-05-18 14:57:22,082 | INFO | SpawnProcess-1 | stage1_run5 | Epoch 030 | train_loss=18.2807 | train_acc=0.9569 | test_loss=3.6120 | test_acc=0.8669
2026-05-18 14:57:40,792 | INFO | SpawnProcess-3 | stage1_run4 | Epoch 036 | train_loss=16.5238 | train_acc=0.9599 | test_loss=3.0160 | test_acc=0.8755
2026-05-18 14:57:53,410 | INFO | SpawnProcess-1 | stage1_run5 | Epoch 031 | train_loss=18.5163 | train_acc=0.9556 | test_loss=3.1469 | test_acc=0.8506
2026-05-18 14:58:13,023 | INFO | SpawnProcess-3 | stage1_run4 | Epoch 037 | train_loss=16.4330 | train_acc=0.9601 | test_loss=2.6740 | test_acc=0.8662
2026-05-18 14:58:18,891 | INFO | SpawnProcess-1 | stage1_run5 | Epoch 032 | train_loss=18.6941 | train_acc=0.9549 | test_loss=3.6416 | test_acc=0.8130
2026-05-18 14:58:48,397 | INFO | SpawnProcess-3 | stage1_run4 | Epoch 038 | train_loss=15.1073 | train_acc=0.9637 | test_loss=2.7070 | test_acc=0.8649
2026-05-18 14:58:53,844 | INFO | SpawnProcess-1 | stage1_run5 | Epoch 033 | train_loss=17.5811 | train_acc=0.9578 | test_loss=3.1176 | test_acc=0.8555
2026-05-18 14:59:21,482 | INFO | SpawnProcess-3 | stage1_run4 | Epoch 039 | train_loss=16.0498 | train_acc=0.9607 | test_loss=3.0589 | test_acc=0.8279
2026-05-18 14:59:29,171 | INFO | SpawnProcess-1 | stage1_run5 | Epoch 034 | train_loss=17.0565 | train_acc=0.9594 | test_loss=3.3782 | test_acc=0.8258
2026-05-18 14:59:55,810 | INFO | SpawnProcess-3 | stage1_run4 | Epoch 040 | train_loss=15.5433 | train_acc=0.9625 | test_loss=3.1070 | test_acc=0.8665
2026-05-18 15:00:06,878 | INFO | SpawnProcess-1 | stage1_run5 | Epoch 035 | train_loss=16.9438 | train_acc=0.9592 | test_loss=2.8641 | test_acc=0.8776
2026-05-18 15:00:30,024 | INFO | SpawnProcess-3 | stage1_run4 | Epoch 041 | train_loss=15.0544 | train_acc=0.9637 | test_loss=2.6739 | test_acc=0.8406
2026-05-18 15:00:42,588 | INFO | SpawnProcess-1 | stage1_run5 | Epoch 036 | train_loss=16.5736 | train_acc=0.9603 | test_loss=3.1589 | test_acc=0.8527
2026-05-18 15:01:02,433 | INFO | SpawnProcess-3 | stage1_run4 | Epoch 042 | train_loss=14.6372 | train_acc=0.9647 | test_loss=2.8091 | test_acc=0.8666
2026-05-18 15:01:18,098 | INFO | SpawnProcess-1 | stage1_run5 | Epoch 037 | train_loss=16.0914 | train_acc=0.9623 | test_loss=2.7817 | test_acc=0.8819
2026-05-18 15:01:35,853 | INFO | SpawnProcess-3 | stage1_run4 | Epoch 043 | train_loss=15.7827 | train_acc=0.9617 | test_loss=2.9034 | test_acc=0.8123
2026-05-18 15:01:50,803 | INFO | SpawnProcess-1 | stage1_run5 | Epoch 038 | train_loss=16.1746 | train_acc=0.9619 | test_loss=3.6876 | test_acc=0.8457
2026-05-18 15:02:09,479 | INFO | SpawnProcess-3 | stage1_run4 | Epoch 044 | train_loss=14.9220 | train_acc=0.9634 | test_loss=2.8138 | test_acc=0.8524
2026-05-18 15:02:25,461 | INFO | SpawnProcess-1 | stage1_run5 | Epoch 039 | train_loss=15.5282 | train_acc=0.9637 | test_loss=2.5719 | test_acc=0.8979
2026-05-18 15:02:41,747 | INFO | SpawnProcess-3 | stage1_run4 | Epoch 045 | train_loss=14.3956 | train_acc=0.9647 | test_loss=2.5125 | test_acc=0.8665
2026-05-18 15:03:02,513 | INFO | SpawnProcess-1 | stage1_run5 | Epoch 040 | train_loss=15.2404 | train_acc=0.9643 | test_loss=3.0481 | test_acc=0.8760
2026-05-18 15:03:18,424 | INFO | SpawnProcess-3 | stage1_run4 | Epoch 046 | train_loss=14.2410 | train_acc=0.9662 | test_loss=2.7575 | test_acc=0.8560
2026-05-18 15:03:33,004 | INFO | SpawnProcess-1 | stage1_run5 | Epoch 041 | train_loss=15.7952 | train_acc=0.9621 | test_loss=2.6898 | test_acc=0.8956
2026-05-18 15:03:52,612 | INFO | SpawnProcess-3 | stage1_run4 | Epoch 047 | train_loss=14.1779 | train_acc=0.9657 | test_loss=2.8305 | test_acc=0.8524
2026-05-18 15:04:08,126 | INFO | SpawnProcess-1 | stage1_run5 | Epoch 042 | train_loss=15.3136 | train_acc=0.9631 | test_loss=2.6777 | test_acc=0.8828
2026-05-18 15:04:25,203 | INFO | SpawnProcess-3 | stage1_run4 | Epoch 048 | train_loss=14.1465 | train_acc=0.9662 | test_loss=2.7268 | test_acc=0.8275
2026-05-18 15:04:40,390 | INFO | SpawnProcess-1 | stage1_run5 | Epoch 043 | train_loss=14.8628 | train_acc=0.9642 | test_loss=2.7492 | test_acc=0.9170
2026-05-18 15:05:01,083 | INFO | SpawnProcess-3 | stage1_run4 | Epoch 049 | train_loss=14.0463 | train_acc=0.9658 | test_loss=3.1012 | test_acc=0.8805
2026-05-18 15:05:17,491 | INFO | SpawnProcess-1 | stage1_run5 | Epoch 044 | train_loss=14.6496 | train_acc=0.9650 | test_loss=3.5817 | test_acc=0.8878
2026-05-18 15:05:29,850 | INFO | SpawnProcess-3 | stage1_run4 | Epoch 050 | train_loss=13.1305 | train_acc=0.9685 | test_loss=2.5512 | test_acc=0.9050
2026-05-18 15:05:50,589 | INFO | SpawnProcess-1 | stage1_run5 | Epoch 045 | train_loss=15.2826 | train_acc=0.9631 | test_loss=2.5489 | test_acc=0.8880
2026-05-18 15:06:08,312 | INFO | SpawnProcess-3 | stage1_run4 | Epoch 051 | train_loss=13.3336 | train_acc=0.9677 | test_loss=2.6768 | test_acc=0.8828
2026-05-18 15:06:14,818 | INFO | SpawnProcess-1 | stage1_run5 | Epoch 046 | train_loss=14.6093 | train_acc=0.9650 | test_loss=2.8029 | test_acc=0.8938
2026-05-18 15:06:39,460 | INFO | SpawnProcess-3 | stage1_run4 | Epoch 052 | train_loss=12.9269 | train_acc=0.9688 | test_loss=2.3330 | test_acc=0.9088
2026-05-18 15:06:49,258 | INFO | SpawnProcess-1 | stage1_run5 | Epoch 047 | train_loss=14.0785 | train_acc=0.9671 | test_loss=2.5927 | test_acc=0.9171
2026-05-18 15:07:09,068 | INFO | SpawnProcess-3 | stage1_run4 | Epoch 053 | train_loss=12.7363 | train_acc=0.9690 | test_loss=2.5033 | test_acc=0.8782
2026-05-18 15:07:24,679 | INFO | SpawnProcess-1 | stage1_run5 | Epoch 048 | train_loss=13.5408 | train_acc=0.9674 | test_loss=2.4655 | test_acc=0.8978
2026-05-18 15:07:33,900 | INFO | SpawnProcess-3 | stage1_run4 | Epoch 054 | train_loss=13.2061 | train_acc=0.9681 | test_loss=3.0695 | test_acc=0.8697
2026-05-18 15:08:00,991 | INFO | SpawnProcess-1 | stage1_run5 | Epoch 049 | train_loss=14.4325 | train_acc=0.9652 | test_loss=2.7443 | test_acc=0.9155
2026-05-18 15:08:08,550 | INFO | SpawnProcess-3 | stage1_run4 | Epoch 055 | train_loss=13.7653 | train_acc=0.9672 | test_loss=2.4619 | test_acc=0.8357
2026-05-18 15:08:36,487 | INFO | SpawnProcess-1 | stage1_run5 | Epoch 050 | train_loss=13.6127 | train_acc=0.9675 | test_loss=3.2304 | test_acc=0.8873
2026-05-18 15:08:43,991 | INFO | SpawnProcess-3 | stage1_run4 | Epoch 056 | train_loss=13.0976 | train_acc=0.9686 | test_loss=2.6588 | test_acc=0.8855
2026-05-18 15:09:11,658 | INFO | SpawnProcess-1 | stage1_run5 | Epoch 051 | train_loss=13.9524 | train_acc=0.9671 | test_loss=2.5294 | test_acc=0.8867
2026-05-18 15:09:16,942 | INFO | SpawnProcess-3 | stage1_run4 | Epoch 057 | train_loss=13.1368 | train_acc=0.9686 | test_loss=2.4611 | test_acc=0.8929
2026-05-18 15:09:36,764 | INFO | SpawnProcess-1 | stage1_run5 | Epoch 052 | train_loss=13.2293 | train_acc=0.9680 | test_loss=2.6107 | test_acc=0.8966
2026-05-18 15:09:51,479 | INFO | SpawnProcess-3 | stage1_run4 | Epoch 058 | train_loss=12.8022 | train_acc=0.9697 | test_loss=2.9587 | test_acc=0.8786
2026-05-18 15:10:09,925 | INFO | SpawnProcess-1 | stage1_run5 | Epoch 053 | train_loss=12.2455 | train_acc=0.9711 | test_loss=2.5287 | test_acc=0.8844
2026-05-18 15:10:23,452 | INFO | SpawnProcess-3 | stage1_run4 | Epoch 059 | train_loss=12.9902 | train_acc=0.9684 | test_loss=2.3818 | test_acc=0.8909
2026-05-18 15:10:41,601 | INFO | SpawnProcess-1 | stage1_run5 | Epoch 054 | train_loss=13.4933 | train_acc=0.9673 | test_loss=2.4443 | test_acc=0.9111
2026-05-18 15:10:59,948 | INFO | SpawnProcess-3 | stage1_run4 | Epoch 060 | train_loss=12.1880 | train_acc=0.9706 | test_loss=2.4973 | test_acc=0.9010
2026-05-18 15:11:10,666 | INFO | SpawnProcess-1 | stage1_run5 | Epoch 055 | train_loss=12.2593 | train_acc=0.9708 | test_loss=2.6869 | test_acc=0.8938
2026-05-18 15:11:31,794 | INFO | SpawnProcess-3 | stage1_run4 | Epoch 061 | train_loss=12.5757 | train_acc=0.9695 | test_loss=2.5048 | test_acc=0.8792
2026-05-18 15:11:42,217 | INFO | SpawnProcess-1 | stage1_run5 | Epoch 056 | train_loss=12.8138 | train_acc=0.9692 | test_loss=2.5328 | test_acc=0.9099
2026-05-18 15:12:04,968 | INFO | SpawnProcess-3 | stage1_run4 | Epoch 062 | train_loss=12.0913 | train_acc=0.9706 | test_loss=2.2705 | test_acc=0.8876
2026-05-18 15:12:18,714 | INFO | SpawnProcess-1 | stage1_run5 | Epoch 057 | train_loss=13.1415 | train_acc=0.9682 | test_loss=2.7333 | test_acc=0.9280
2026-05-18 15:12:39,408 | INFO | SpawnProcess-3 | stage1_run4 | Epoch 063 | train_loss=11.5458 | train_acc=0.9721 | test_loss=2.3486 | test_acc=0.9036
2026-05-18 15:12:53,380 | INFO | SpawnProcess-1 | stage1_run5 | Epoch 058 | train_loss=11.9401 | train_acc=0.9715 | test_loss=2.6177 | test_acc=0.9093
2026-05-18 15:13:12,721 | INFO | SpawnProcess-3 | stage1_run4 | Epoch 064 | train_loss=11.8026 | train_acc=0.9717 | test_loss=2.4836 | test_acc=0.9050
2026-05-18 15:13:25,685 | INFO | SpawnProcess-1 | stage1_run5 | Epoch 059 | train_loss=11.8420 | train_acc=0.9717 | test_loss=2.2201 | test_acc=0.9233
2026-05-18 15:13:47,685 | INFO | SpawnProcess-1 | stage1_run5 | Epoch 060 | train_loss=11.6943 | train_acc=0.9719 | test_loss=2.6782 | test_acc=0.9227
2026-05-18 15:13:51,504 | INFO | SpawnProcess-3 | stage1_run4 | Epoch 065 | train_loss=11.4362 | train_acc=0.9728 | test_loss=2.6801 | test_acc=0.8943
2026-05-18 15:14:19,583 | INFO | SpawnProcess-1 | stage1_run5 | Epoch 061 | train_loss=11.8585 | train_acc=0.9713 | test_loss=2.4315 | test_acc=0.9030
2026-05-18 15:14:27,752 | INFO | SpawnProcess-3 | stage1_run4 | Epoch 066 | train_loss=11.7296 | train_acc=0.9715 | test_loss=2.4819 | test_acc=0.8894
2026-05-18 15:14:52,551 | INFO | SpawnProcess-1 | stage1_run5 | Epoch 062 | train_loss=11.9693 | train_acc=0.9713 | test_loss=2.5505 | test_acc=0.8816
2026-05-18 15:14:57,948 | INFO | SpawnProcess-3 | stage1_run4 | Epoch 067 | train_loss=11.7856 | train_acc=0.9714 | test_loss=2.2943 | test_acc=0.9014
2026-05-18 15:15:25,500 | INFO | SpawnProcess-1 | stage1_run5 | Epoch 063 | train_loss=12.4363 | train_acc=0.9704 | test_loss=2.3600 | test_acc=0.9473
2026-05-18 15:15:32,811 | INFO | SpawnProcess-3 | stage1_run4 | Epoch 068 | train_loss=11.1181 | train_acc=0.9730 | test_loss=2.3926 | test_acc=0.9101
2026-05-18 15:15:58,521 | INFO | SpawnProcess-1 | stage1_run5 | Epoch 064 | train_loss=11.4211 | train_acc=0.9733 | test_loss=2.3603 | test_acc=0.8911
2026-05-18 15:16:04,660 | INFO | SpawnProcess-3 | stage1_run4 | Epoch 069 | train_loss=11.0700 | train_acc=0.9735 | test_loss=2.7557 | test_acc=0.8986
2026-05-18 15:16:32,812 | INFO | SpawnProcess-1 | stage1_run5 | Epoch 065 | train_loss=11.7510 | train_acc=0.9718 | test_loss=2.3413 | test_acc=0.9244
2026-05-18 15:16:37,795 | INFO | SpawnProcess-3 | stage1_run4 | Epoch 070 | train_loss=10.9307 | train_acc=0.9733 | test_loss=2.3258 | test_acc=0.9126
2026-05-18 15:17:03,045 | INFO | SpawnProcess-1 | stage1_run5 | Epoch 066 | train_loss=10.8344 | train_acc=0.9742 | test_loss=2.4390 | test_acc=0.9209
2026-05-18 15:17:11,031 | INFO | SpawnProcess-3 | stage1_run4 | Epoch 071 | train_loss=10.8008 | train_acc=0.9743 | test_loss=2.1038 | test_acc=0.8985
2026-05-18 15:17:32,910 | INFO | SpawnProcess-1 | stage1_run5 | Epoch 067 | train_loss=10.7999 | train_acc=0.9745 | test_loss=2.2521 | test_acc=0.9311
2026-05-18 15:17:46,682 | INFO | SpawnProcess-3 | stage1_run4 | Epoch 072 | train_loss=11.7024 | train_acc=0.9718 | test_loss=2.4325 | test_acc=0.8816
2026-05-18 15:18:07,399 | INFO | SpawnProcess-1 | stage1_run5 | Epoch 068 | train_loss=11.1445 | train_acc=0.9738 | test_loss=2.5799 | test_acc=0.8819
2026-05-18 15:18:18,623 | INFO | SpawnProcess-3 | stage1_run4 | Epoch 073 | train_loss=10.8411 | train_acc=0.9739 | test_loss=2.4109 | test_acc=0.9091
2026-05-18 15:18:43,040 | INFO | SpawnProcess-1 | stage1_run5 | Epoch 069 | train_loss=11.7384 | train_acc=0.9717 | test_loss=2.4972 | test_acc=0.9154
2026-05-18 15:18:50,226 | INFO | SpawnProcess-3 | stage1_run4 | Epoch 074 | train_loss=11.0288 | train_acc=0.9739 | test_loss=2.3876 | test_acc=0.8664
2026-05-18 15:19:16,282 | INFO | SpawnProcess-1 | stage1_run5 | Epoch 070 | train_loss=11.3728 | train_acc=0.9734 | test_loss=2.2380 | test_acc=0.9114
2026-05-18 15:19:19,061 | INFO | SpawnProcess-3 | stage1_run4 | Epoch 075 | train_loss=11.5132 | train_acc=0.9724 | test_loss=2.2249 | test_acc=0.9042
2026-05-18 15:19:47,741 | INFO | SpawnProcess-1 | stage1_run5 | Epoch 071 | train_loss=11.1378 | train_acc=0.9735 | test_loss=2.2465 | test_acc=0.9172
2026-05-18 15:19:51,739 | INFO | SpawnProcess-3 | stage1_run4 | Epoch 076 | train_loss=10.0146 | train_acc=0.9761 | test_loss=2.5463 | test_acc=0.8738
2026-05-18 15:20:22,676 | INFO | SpawnProcess-1 | stage1_run5 | Epoch 072 | train_loss=10.5873 | train_acc=0.9748 | test_loss=2.1659 | test_acc=0.9208
2026-05-18 15:20:27,595 | INFO | SpawnProcess-3 | stage1_run4 | Epoch 077 | train_loss=10.3733 | train_acc=0.9747 | test_loss=2.1026 | test_acc=0.8865
2026-05-18 15:20:56,110 | INFO | SpawnProcess-1 | stage1_run5 | Epoch 073 | train_loss=10.9379 | train_acc=0.9730 | test_loss=2.3905 | test_acc=0.9294
2026-05-18 15:21:02,159 | INFO | SpawnProcess-3 | stage1_run4 | Epoch 078 | train_loss=10.0211 | train_acc=0.9763 | test_loss=2.7737 | test_acc=0.8808
2026-05-18 15:21:32,248 | INFO | SpawnProcess-1 | stage1_run5 | Epoch 074 | train_loss=10.7171 | train_acc=0.9746 | test_loss=2.1755 | test_acc=0.9401
2026-05-18 15:21:36,199 | INFO | SpawnProcess-3 | stage1_run4 | Epoch 079 | train_loss=10.4473 | train_acc=0.9746 | test_loss=2.4552 | test_acc=0.8848
2026-05-18 15:22:08,148 | INFO | SpawnProcess-1 | stage1_run5 | Epoch 075 | train_loss=10.6044 | train_acc=0.9746 | test_loss=2.7279 | test_acc=0.9458
2026-05-18 15:22:13,360 | INFO | SpawnProcess-3 | stage1_run4 | Epoch 080 | train_loss=9.9956 | train_acc=0.9756 | test_loss=2.4624 | test_acc=0.8891
2026-05-18 15:22:46,331 | INFO | SpawnProcess-1 | stage1_run5 | Epoch 076 | train_loss=10.5281 | train_acc=0.9749 | test_loss=2.2575 | test_acc=0.9302
2026-05-18 15:22:47,249 | INFO | SpawnProcess-3 | stage1_run4 | Epoch 081 | train_loss=10.0355 | train_acc=0.9758 | test_loss=2.1435 | test_acc=0.8917
2026-05-18 15:23:21,969 | INFO | SpawnProcess-1 | stage1_run5 | Epoch 077 | train_loss=10.6909 | train_acc=0.9746 | test_loss=2.8338 | test_acc=0.8728
2026-05-18 15:23:23,630 | INFO | SpawnProcess-3 | stage1_run4 | Epoch 082 | train_loss=9.7862 | train_acc=0.9763 | test_loss=2.2489 | test_acc=0.8983
2026-05-18 15:23:56,867 | INFO | SpawnProcess-1 | stage1_run5 | Epoch 078 | train_loss=10.5062 | train_acc=0.9758 | test_loss=2.5015 | test_acc=0.8796
2026-05-18 15:23:56,967 | INFO | SpawnProcess-3 | stage1_run4 | Epoch 083 | train_loss=9.6886 | train_acc=0.9766 | test_loss=3.0493 | test_acc=0.8921
2026-05-18 15:24:29,917 | INFO | SpawnProcess-3 | stage1_run4 | Epoch 084 | train_loss=11.3713 | train_acc=0.9723 | test_loss=2.4631 | test_acc=0.8907
2026-05-18 15:24:30,192 | INFO | SpawnProcess-1 | stage1_run5 | Epoch 079 | train_loss=10.8034 | train_acc=0.9744 | test_loss=2.4453 | test_acc=0.9176
2026-05-18 15:25:04,225 | INFO | SpawnProcess-1 | stage1_run5 | Epoch 080 | train_loss=9.8377 | train_acc=0.9768 | test_loss=2.3837 | test_acc=0.9020
2026-05-18 15:25:06,599 | INFO | SpawnProcess-3 | stage1_run4 | Epoch 085 | train_loss=9.7127 | train_acc=0.9766 | test_loss=2.0914 | test_acc=0.9117
2026-05-18 15:25:37,646 | INFO | SpawnProcess-1 | stage1_run5 | Epoch 081 | train_loss=9.9119 | train_acc=0.9761 | test_loss=2.2860 | test_acc=0.9168
2026-05-18 15:25:40,456 | INFO | SpawnProcess-3 | stage1_run4 | Epoch 086 | train_loss=9.4168 | train_acc=0.9770 | test_loss=2.0097 | test_acc=0.9030
2026-05-18 15:26:13,800 | INFO | SpawnProcess-1 | stage1_run5 | Epoch 082 | train_loss=10.0690 | train_acc=0.9765 | test_loss=2.2338 | test_acc=0.9213
2026-05-18 15:26:15,414 | INFO | SpawnProcess-3 | stage1_run4 | Epoch 087 | train_loss=9.9103 | train_acc=0.9762 | test_loss=2.0276 | test_acc=0.8834
2026-05-18 15:26:48,453 | INFO | SpawnProcess-1 | stage1_run5 | Epoch 083 | train_loss=10.3021 | train_acc=0.9757 | test_loss=2.3648 | test_acc=0.9293
2026-05-18 15:26:48,738 | INFO | SpawnProcess-3 | stage1_run4 | Epoch 088 | train_loss=9.2354 | train_acc=0.9773 | test_loss=2.4996 | test_acc=0.9002
2026-05-18 15:27:17,314 | INFO | SpawnProcess-3 | stage1_run4 | Epoch 089 | train_loss=10.0903 | train_acc=0.9757 | test_loss=2.3890 | test_acc=0.9053
2026-05-18 15:27:21,448 | INFO | SpawnProcess-1 | stage1_run5 | Epoch 084 | train_loss=9.7510 | train_acc=0.9769 | test_loss=2.1673 | test_acc=0.9428
2026-05-18 15:27:50,204 | INFO | SpawnProcess-3 | stage1_run4 | Epoch 090 | train_loss=9.6949 | train_acc=0.9762 | test_loss=2.1186 | test_acc=0.8862
2026-05-18 15:27:52,523 | INFO | SpawnProcess-1 | stage1_run5 | Epoch 085 | train_loss=9.6849 | train_acc=0.9773 | test_loss=2.2902 | test_acc=0.8946
2026-05-18 15:28:22,065 | INFO | SpawnProcess-1 | stage1_run5 | Epoch 086 | train_loss=9.6004 | train_acc=0.9770 | test_loss=2.2798 | test_acc=0.9092
2026-05-18 15:28:27,300 | INFO | SpawnProcess-3 | stage1_run4 | Epoch 091 | train_loss=9.5775 | train_acc=0.9769 | test_loss=2.2136 | test_acc=0.8857
2026-05-18 15:28:54,842 | INFO | SpawnProcess-1 | stage1_run5 | Epoch 087 | train_loss=10.4815 | train_acc=0.9747 | test_loss=2.1942 | test_acc=0.9414
2026-05-18 15:29:00,289 | INFO | SpawnProcess-3 | stage1_run4 | Epoch 092 | train_loss=9.6873 | train_acc=0.9768 | test_loss=2.1192 | test_acc=0.9068
2026-05-18 15:29:27,586 | INFO | SpawnProcess-1 | stage1_run5 | Epoch 088 | train_loss=9.7346 | train_acc=0.9763 | test_loss=2.2878 | test_acc=0.9330
2026-05-18 15:29:33,431 | INFO | SpawnProcess-3 | stage1_run4 | Epoch 093 | train_loss=8.9323 | train_acc=0.9786 | test_loss=2.1283 | test_acc=0.8974
2026-05-18 15:30:01,844 | INFO | SpawnProcess-1 | stage1_run5 | Epoch 089 | train_loss=9.6717 | train_acc=0.9767 | test_loss=2.4593 | test_acc=0.8845
2026-05-18 15:30:08,175 | INFO | SpawnProcess-3 | stage1_run4 | Epoch 094 | train_loss=9.9609 | train_acc=0.9754 | test_loss=2.1335 | test_acc=0.9083
2026-05-18 15:30:36,782 | INFO | SpawnProcess-1 | stage1_run5 | Epoch 090 | train_loss=9.4227 | train_acc=0.9777 | test_loss=2.4736 | test_acc=0.9352
2026-05-18 15:30:44,819 | INFO | SpawnProcess-3 | stage1_run4 | Epoch 095 | train_loss=9.2528 | train_acc=0.9774 | test_loss=1.9325 | test_acc=0.9207
2026-05-18 15:31:10,959 | INFO | SpawnProcess-1 | stage1_run5 | Epoch 091 | train_loss=9.2938 | train_acc=0.9786 | test_loss=2.1750 | test_acc=0.9351
2026-05-18 15:31:19,817 | INFO | SpawnProcess-3 | stage1_run4 | Epoch 096 | train_loss=9.0155 | train_acc=0.9775 | test_loss=1.8378 | test_acc=0.9273
2026-05-18 15:31:46,704 | INFO | SpawnProcess-1 | stage1_run5 | Epoch 092 | train_loss=9.9673 | train_acc=0.9764 | test_loss=2.3598 | test_acc=0.9222
2026-05-18 15:31:53,155 | INFO | SpawnProcess-3 | stage1_run4 | Epoch 097 | train_loss=8.7201 | train_acc=0.9783 | test_loss=2.4538 | test_acc=0.9247
2026-05-18 15:32:23,095 | INFO | SpawnProcess-1 | stage1_run5 | Epoch 093 | train_loss=9.1739 | train_acc=0.9777 | test_loss=2.0869 | test_acc=0.9437
2026-05-18 15:32:25,812 | INFO | SpawnProcess-3 | stage1_run4 | Epoch 098 | train_loss=9.4929 | train_acc=0.9766 | test_loss=2.5011 | test_acc=0.8776
2026-05-18 15:32:58,052 | INFO | SpawnProcess-1 | stage1_run5 | Epoch 094 | train_loss=9.2471 | train_acc=0.9781 | test_loss=2.5553 | test_acc=0.9429
2026-05-18 15:32:59,316 | INFO | SpawnProcess-3 | stage1_run4 | Epoch 099 | train_loss=9.2102 | train_acc=0.9777 | test_loss=2.1333 | test_acc=0.9129
2026-05-18 15:33:29,158 | INFO | SpawnProcess-1 | stage1_run5 | Epoch 095 | train_loss=9.2962 | train_acc=0.9781 | test_loss=2.1255 | test_acc=0.9354
2026-05-18 15:33:35,070 | INFO | SpawnProcess-3 | stage1_run4 | Epoch 100 | train_loss=9.0655 | train_acc=0.9777 | test_loss=1.8981 | test_acc=0.9286
2026-05-18 15:34:01,584 | INFO | SpawnProcess-1 | stage1_run5 | Epoch 096 | train_loss=9.3081 | train_acc=0.9775 | test_loss=2.4570 | test_acc=0.9359
2026-05-18 15:34:07,961 | INFO | SpawnProcess-3 | stage1_run4 | Epoch 101 | train_loss=8.6104 | train_acc=0.9789 | test_loss=2.7138 | test_acc=0.8836
2026-05-18 15:34:35,483 | INFO | SpawnProcess-1 | stage1_run5 | Epoch 097 | train_loss=9.6235 | train_acc=0.9773 | test_loss=2.1272 | test_acc=0.9300
2026-05-18 15:34:37,942 | INFO | SpawnProcess-3 | stage1_run4 | Epoch 102 | train_loss=8.9899 | train_acc=0.9785 | test_loss=1.8968 | test_acc=0.9164
2026-05-18 15:35:08,397 | INFO | SpawnProcess-1 | stage1_run5 | Epoch 098 | train_loss=9.2375 | train_acc=0.9779 | test_loss=1.9894 | test_acc=0.9330
2026-05-18 15:35:14,965 | INFO | SpawnProcess-3 | stage1_run4 | Epoch 103 | train_loss=8.6889 | train_acc=0.9788 | test_loss=2.3480 | test_acc=0.9262
2026-05-18 15:35:37,436 | INFO | SpawnProcess-1 | stage1_run5 | Epoch 099 | train_loss=9.7612 | train_acc=0.9763 | test_loss=2.0107 | test_acc=0.9268
2026-05-18 15:35:46,225 | INFO | SpawnProcess-3 | stage1_run4 | Epoch 104 | train_loss=9.4363 | train_acc=0.9770 | test_loss=2.1622 | test_acc=0.9019
2026-05-18 15:36:12,699 | INFO | SpawnProcess-1 | stage1_run5 | Epoch 100 | train_loss=8.0696 | train_acc=0.9808 | test_loss=2.1098 | test_acc=0.9272
2026-05-18 15:36:23,401 | INFO | SpawnProcess-3 | stage1_run4 | Epoch 105 | train_loss=8.7789 | train_acc=0.9786 | test_loss=1.9541 | test_acc=0.9458
2026-05-18 15:36:37,566 | INFO | SpawnProcess-1 | stage1_run5 | Epoch 101 | train_loss=9.2973 | train_acc=0.9775 | test_loss=2.1046 | test_acc=0.9483
2026-05-18 15:36:59,194 | INFO | SpawnProcess-3 | stage1_run4 | Epoch 106 | train_loss=8.7685 | train_acc=0.9786 | test_loss=2.4409 | test_acc=0.9037
2026-05-18 15:37:12,745 | INFO | SpawnProcess-1 | stage1_run5 | Epoch 102 | train_loss=8.6838 | train_acc=0.9789 | test_loss=2.1186 | test_acc=0.9424
2026-05-18 15:37:30,872 | INFO | SpawnProcess-3 | stage1_run4 | Epoch 107 | train_loss=8.6127 | train_acc=0.9790 | test_loss=1.9310 | test_acc=0.9151
2026-05-18 15:37:47,638 | INFO | SpawnProcess-1 | stage1_run5 | Epoch 103 | train_loss=8.5136 | train_acc=0.9798 | test_loss=2.1117 | test_acc=0.9204
2026-05-18 15:38:00,884 | INFO | SpawnProcess-3 | stage1_run4 | Epoch 108 | train_loss=8.5840 | train_acc=0.9785 | test_loss=2.0841 | test_acc=0.9192
2026-05-18 15:38:22,579 | INFO | SpawnProcess-1 | stage1_run5 | Epoch 104 | train_loss=8.2562 | train_acc=0.9808 | test_loss=2.0761 | test_acc=0.9374
2026-05-18 15:38:33,940 | INFO | SpawnProcess-3 | stage1_run4 | Epoch 109 | train_loss=8.4185 | train_acc=0.9794 | test_loss=1.9700 | test_acc=0.9355
2026-05-18 15:38:56,435 | INFO | SpawnProcess-1 | stage1_run5 | Epoch 105 | train_loss=8.6222 | train_acc=0.9795 | test_loss=2.0444 | test_acc=0.9383
2026-05-18 15:39:07,156 | INFO | SpawnProcess-3 | stage1_run4 | Epoch 110 | train_loss=8.6393 | train_acc=0.9789 | test_loss=2.2787 | test_acc=0.9101
2026-05-18 15:39:31,032 | INFO | SpawnProcess-1 | stage1_run5 | Epoch 106 | train_loss=8.3541 | train_acc=0.9805 | test_loss=1.8717 | test_acc=0.9456
2026-05-18 15:39:43,003 | INFO | SpawnProcess-3 | stage1_run4 | Epoch 111 | train_loss=8.5829 | train_acc=0.9786 | test_loss=2.1837 | test_acc=0.9171
2026-05-18 15:40:04,577 | INFO | SpawnProcess-1 | stage1_run5 | Epoch 107 | train_loss=8.5029 | train_acc=0.9796 | test_loss=2.0413 | test_acc=0.9450
2026-05-18 15:40:16,808 | INFO | SpawnProcess-3 | stage1_run4 | Epoch 112 | train_loss=8.3205 | train_acc=0.9797 | test_loss=2.3686 | test_acc=0.9108
2026-05-18 15:40:31,229 | INFO | SpawnProcess-1 | stage1_run5 | Epoch 108 | train_loss=8.5528 | train_acc=0.9791 | test_loss=2.0766 | test_acc=0.9430
2026-05-18 15:40:50,316 | INFO | SpawnProcess-3 | stage1_run4 | Epoch 113 | train_loss=8.7575 | train_acc=0.9783 | test_loss=1.8396 | test_acc=0.9257
2026-05-18 15:41:05,920 | INFO | SpawnProcess-1 | stage1_run5 | Epoch 109 | train_loss=8.2608 | train_acc=0.9805 | test_loss=1.9964 | test_acc=0.9514
2026-05-18 15:41:19,613 | INFO | SpawnProcess-3 | stage1_run4 | Epoch 114 | train_loss=7.8732 | train_acc=0.9801 | test_loss=2.0856 | test_acc=0.9195
2026-05-18 15:41:43,545 | INFO | SpawnProcess-1 | stage1_run5 | Epoch 110 | train_loss=9.1820 | train_acc=0.9784 | test_loss=2.1728 | test_acc=0.8955
2026-05-18 15:41:55,233 | INFO | SpawnProcess-3 | stage1_run4 | Epoch 115 | train_loss=8.3947 | train_acc=0.9798 | test_loss=2.5076 | test_acc=0.9402
2026-05-18 15:42:20,508 | INFO | SpawnProcess-1 | stage1_run5 | Epoch 111 | train_loss=8.5673 | train_acc=0.9792 | test_loss=2.0481 | test_acc=0.9404
2026-05-18 15:42:31,421 | INFO | SpawnProcess-3 | stage1_run4 | Epoch 116 | train_loss=8.2192 | train_acc=0.9796 | test_loss=2.0545 | test_acc=0.9251
2026-05-18 15:42:55,891 | INFO | SpawnProcess-1 | stage1_run5 | Epoch 112 | train_loss=8.1205 | train_acc=0.9805 | test_loss=1.9787 | test_acc=0.9469
2026-05-18 15:43:06,481 | INFO | SpawnProcess-3 | stage1_run4 | Epoch 117 | train_loss=8.0847 | train_acc=0.9806 | test_loss=2.5444 | test_acc=0.8830
2026-05-18 15:43:30,843 | INFO | SpawnProcess-1 | stage1_run5 | Epoch 113 | train_loss=8.2296 | train_acc=0.9807 | test_loss=2.1238 | test_acc=0.9195
2026-05-18 15:43:43,569 | INFO | SpawnProcess-3 | stage1_run4 | Epoch 118 | train_loss=7.8801 | train_acc=0.9809 | test_loss=1.9340 | test_acc=0.9160
2026-05-18 15:44:06,956 | INFO | SpawnProcess-1 | stage1_run5 | Epoch 114 | train_loss=8.0598 | train_acc=0.9802 | test_loss=1.9141 | test_acc=0.9589
2026-05-18 15:44:19,684 | INFO | SpawnProcess-3 | stage1_run4 | Epoch 119 | train_loss=8.1463 | train_acc=0.9800 | test_loss=1.8546 | test_acc=0.9167
2026-05-18 15:44:38,442 | INFO | SpawnProcess-1 | stage1_run5 | Epoch 115 | train_loss=8.2093 | train_acc=0.9806 | test_loss=2.1468 | test_acc=0.9227
2026-05-18 15:44:55,699 | INFO | SpawnProcess-3 | stage1_run4 | Epoch 120 | train_loss=8.0137 | train_acc=0.9809 | test_loss=1.8364 | test_acc=0.9359
2026-05-18 15:45:13,660 | INFO | SpawnProcess-1 | stage1_run5 | Epoch 116 | train_loss=8.0490 | train_acc=0.9809 | test_loss=2.3628 | test_acc=0.9424
2026-05-18 15:45:24,913 | INFO | SpawnProcess-3 | stage1_run4 | Epoch 121 | train_loss=8.4068 | train_acc=0.9796 | test_loss=2.4797 | test_acc=0.9233
2026-05-18 15:45:46,955 | INFO | SpawnProcess-1 | stage1_run5 | Epoch 117 | train_loss=8.2216 | train_acc=0.9804 | test_loss=2.3211 | test_acc=0.9146
2026-05-18 15:45:58,679 | INFO | SpawnProcess-3 | stage1_run4 | Epoch 122 | train_loss=7.9542 | train_acc=0.9804 | test_loss=1.8057 | test_acc=0.9367
2026-05-18 15:46:21,047 | INFO | SpawnProcess-1 | stage1_run5 | Epoch 118 | train_loss=8.2622 | train_acc=0.9804 | test_loss=2.0722 | test_acc=0.9032
2026-05-18 15:46:30,124 | INFO | SpawnProcess-3 | stage1_run4 | Epoch 123 | train_loss=8.0689 | train_acc=0.9807 | test_loss=2.0654 | test_acc=0.9315
2026-05-18 15:46:58,759 | INFO | SpawnProcess-1 | stage1_run5 | Epoch 119 | train_loss=8.0126 | train_acc=0.9807 | test_loss=2.2561 | test_acc=0.9223
2026-05-18 15:47:04,777 | INFO | SpawnProcess-3 | stage1_run4 | Epoch 124 | train_loss=7.7848 | train_acc=0.9807 | test_loss=1.8422 | test_acc=0.9230
2026-05-18 15:47:34,192 | INFO | SpawnProcess-1 | stage1_run5 | Epoch 120 | train_loss=8.0722 | train_acc=0.9807 | test_loss=2.4704 | test_acc=0.9422
2026-05-18 15:47:40,119 | INFO | SpawnProcess-3 | stage1_run4 | Epoch 125 | train_loss=7.7899 | train_acc=0.9807 | test_loss=2.0128 | test_acc=0.9193
2026-05-18 15:48:09,012 | INFO | SpawnProcess-1 | stage1_run5 | Epoch 121 | train_loss=7.7484 | train_acc=0.9813 | test_loss=3.0064 | test_acc=0.8921
2026-05-18 15:48:17,052 | INFO | SpawnProcess-3 | stage1_run4 | Epoch 126 | train_loss=7.8188 | train_acc=0.9805 | test_loss=2.4082 | test_acc=0.9152
2026-05-18 15:48:40,595 | INFO | SpawnProcess-1 | stage1_run5 | Epoch 122 | train_loss=8.7107 | train_acc=0.9786 | test_loss=2.0908 | test_acc=0.9333
2026-05-18 15:48:48,599 | INFO | SpawnProcess-3 | stage1_run4 | Epoch 127 | train_loss=7.9823 | train_acc=0.9799 | test_loss=1.7715 | test_acc=0.9340
2026-05-18 15:49:18,228 | INFO | SpawnProcess-1 | stage1_run5 | Epoch 123 | train_loss=7.5347 | train_acc=0.9823 | test_loss=1.9700 | test_acc=0.9369
2026-05-18 15:49:21,071 | INFO | SpawnProcess-3 | stage1_run4 | Epoch 128 | train_loss=7.5456 | train_acc=0.9818 | test_loss=2.0154 | test_acc=0.9365
2026-05-18 15:49:51,223 | INFO | SpawnProcess-1 | stage1_run5 | Epoch 124 | train_loss=7.1351 | train_acc=0.9828 | test_loss=2.0004 | test_acc=0.9388
2026-05-18 15:49:55,442 | INFO | SpawnProcess-3 | stage1_run4 | Epoch 129 | train_loss=7.7032 | train_acc=0.9811 | test_loss=2.2662 | test_acc=0.9278
2026-05-18 15:50:20,721 | INFO | SpawnProcess-1 | stage1_run5 | Epoch 125 | train_loss=8.1209 | train_acc=0.9803 | test_loss=1.9550 | test_acc=0.9297
2026-05-18 15:50:27,744 | INFO | SpawnProcess-3 | stage1_run4 | Epoch 130 | train_loss=7.4790 | train_acc=0.9814 | test_loss=1.9204 | test_acc=0.9168
2026-05-18 15:50:52,649 | INFO | SpawnProcess-1 | stage1_run5 | Epoch 126 | train_loss=7.7088 | train_acc=0.9813 | test_loss=2.0009 | test_acc=0.9301
2026-05-18 15:51:00,467 | INFO | SpawnProcess-3 | stage1_run4 | Epoch 131 | train_loss=7.9663 | train_acc=0.9799 | test_loss=2.0897 | test_acc=0.9313
2026-05-18 15:51:24,483 | INFO | SpawnProcess-1 | stage1_run5 | Epoch 127 | train_loss=7.8936 | train_acc=0.9810 | test_loss=2.0393 | test_acc=0.9406
2026-05-18 15:51:34,688 | INFO | SpawnProcess-3 | stage1_run4 | Epoch 132 | train_loss=7.7400 | train_acc=0.9812 | test_loss=1.9551 | test_acc=0.9116
2026-05-18 15:51:59,200 | INFO | SpawnProcess-1 | stage1_run5 | Epoch 128 | train_loss=7.9357 | train_acc=0.9812 | test_loss=2.1452 | test_acc=0.9400
2026-05-18 15:52:10,639 | INFO | SpawnProcess-3 | stage1_run4 | Epoch 133 | train_loss=7.4700 | train_acc=0.9812 | test_loss=2.2318 | test_acc=0.9068
2026-05-18 15:52:30,959 | INFO | SpawnProcess-1 | stage1_run5 | Epoch 129 | train_loss=7.1495 | train_acc=0.9828 | test_loss=2.3533 | test_acc=0.9498
2026-05-18 15:52:41,926 | INFO | SpawnProcess-3 | stage1_run4 | Epoch 134 | train_loss=7.2444 | train_acc=0.9822 | test_loss=2.1170 | test_acc=0.9266
2026-05-18 15:53:06,872 | INFO | SpawnProcess-1 | stage1_run5 | Epoch 130 | train_loss=7.9728 | train_acc=0.9806 | test_loss=2.1270 | test_acc=0.9288
2026-05-18 15:53:15,683 | INFO | SpawnProcess-3 | stage1_run4 | Epoch 135 | train_loss=7.1974 | train_acc=0.9820 | test_loss=1.8044 | test_acc=0.9238
2026-05-18 15:53:38,204 | INFO | SpawnProcess-1 | stage1_run5 | Epoch 131 | train_loss=7.0273 | train_acc=0.9839 | test_loss=1.9459 | test_acc=0.9448
2026-05-18 15:53:53,064 | INFO | SpawnProcess-3 | stage1_run4 | Epoch 136 | train_loss=7.3428 | train_acc=0.9820 | test_loss=1.8618 | test_acc=0.9224
2026-05-18 15:54:15,974 | INFO | SpawnProcess-1 | stage1_run5 | Epoch 132 | train_loss=6.8748 | train_acc=0.9835 | test_loss=1.9567 | test_acc=0.9367
2026-05-18 15:54:28,752 | INFO | SpawnProcess-3 | stage1_run4 | Epoch 137 | train_loss=7.0935 | train_acc=0.9823 | test_loss=1.9883 | test_acc=0.9466
2026-05-18 15:54:53,676 | INFO | SpawnProcess-1 | stage1_run5 | Epoch 133 | train_loss=7.7895 | train_acc=0.9810 | test_loss=1.9977 | test_acc=0.9285
2026-05-18 15:55:01,244 | INFO | SpawnProcess-3 | stage1_run4 | Epoch 138 | train_loss=7.0042 | train_acc=0.9824 | test_loss=2.2317 | test_acc=0.9014
2026-05-18 15:55:26,858 | INFO | SpawnProcess-1 | stage1_run5 | Epoch 134 | train_loss=7.1308 | train_acc=0.9827 | test_loss=2.1760 | test_acc=0.9123
2026-05-18 15:55:36,942 | INFO | SpawnProcess-3 | stage1_run4 | Epoch 139 | train_loss=7.6121 | train_acc=0.9811 | test_loss=1.7682 | test_acc=0.9332
2026-05-18 15:55:59,236 | INFO | SpawnProcess-1 | stage1_run5 | Epoch 135 | train_loss=7.1998 | train_acc=0.9828 | test_loss=2.3238 | test_acc=0.9578
2026-05-18 15:56:11,492 | INFO | SpawnProcess-3 | stage1_run4 | Epoch 140 | train_loss=7.4059 | train_acc=0.9821 | test_loss=2.3620 | test_acc=0.9175
2026-05-18 15:56:32,560 | INFO | SpawnProcess-1 | stage1_run5 | Epoch 136 | train_loss=7.3826 | train_acc=0.9819 | test_loss=2.3674 | test_acc=0.9202
2026-05-18 15:56:46,661 | INFO | SpawnProcess-3 | stage1_run4 | Epoch 141 | train_loss=7.4565 | train_acc=0.9812 | test_loss=2.0089 | test_acc=0.9314
2026-05-18 15:57:08,037 | INFO | SpawnProcess-1 | stage1_run5 | Epoch 137 | train_loss=6.9863 | train_acc=0.9831 | test_loss=1.8849 | test_acc=0.9409
2026-05-18 15:57:20,349 | INFO | SpawnProcess-3 | stage1_run4 | Epoch 142 | train_loss=7.2590 | train_acc=0.9821 | test_loss=2.3431 | test_acc=0.9179
2026-05-18 15:57:43,327 | INFO | SpawnProcess-1 | stage1_run5 | Epoch 138 | train_loss=7.9763 | train_acc=0.9811 | test_loss=2.2310 | test_acc=0.9457
2026-05-18 15:57:57,722 | INFO | SpawnProcess-3 | stage1_run4 | Epoch 143 | train_loss=7.5632 | train_acc=0.9814 | test_loss=2.2022 | test_acc=0.9194
2026-05-18 15:58:18,073 | INFO | SpawnProcess-1 | stage1_run5 | Epoch 139 | train_loss=7.0933 | train_acc=0.9829 | test_loss=1.9451 | test_acc=0.9458
2026-05-18 15:58:33,936 | INFO | SpawnProcess-3 | stage1_run4 | Epoch 144 | train_loss=7.7313 | train_acc=0.9814 | test_loss=1.7783 | test_acc=0.9286
2026-05-18 15:58:52,463 | INFO | SpawnProcess-1 | stage1_run5 | Epoch 140 | train_loss=7.5158 | train_acc=0.9817 | test_loss=2.1043 | test_acc=0.9412
2026-05-18 15:59:08,884 | INFO | SpawnProcess-3 | stage1_run4 | Epoch 145 | train_loss=6.7785 | train_acc=0.9829 | test_loss=1.7847 | test_acc=0.9344
2026-05-18 15:59:28,290 | INFO | SpawnProcess-1 | stage1_run5 | Epoch 141 | train_loss=6.5917 | train_acc=0.9843 | test_loss=1.9486 | test_acc=0.9391
2026-05-18 15:59:45,046 | INFO | SpawnProcess-3 | stage1_run4 | Epoch 146 | train_loss=7.0127 | train_acc=0.9824 | test_loss=2.1411 | test_acc=0.9278
2026-05-18 16:00:00,959 | INFO | SpawnProcess-1 | stage1_run5 | Epoch 142 | train_loss=6.8770 | train_acc=0.9833 | test_loss=2.0802 | test_acc=0.9636
2026-05-18 16:00:21,822 | INFO | SpawnProcess-3 | stage1_run4 | Epoch 147 | train_loss=6.8944 | train_acc=0.9829 | test_loss=1.8563 | test_acc=0.9100
2026-05-18 16:00:37,731 | INFO | SpawnProcess-1 | stage1_run5 | Epoch 143 | train_loss=6.6884 | train_acc=0.9843 | test_loss=1.9238 | test_acc=0.9592
2026-05-18 16:00:58,807 | INFO | SpawnProcess-3 | stage1_run4 | Epoch 148 | train_loss=6.5278 | train_acc=0.9838 | test_loss=2.3426 | test_acc=0.9046
2026-05-18 16:01:12,593 | INFO | SpawnProcess-1 | stage1_run5 | Epoch 144 | train_loss=6.4970 | train_acc=0.9842 | test_loss=2.0299 | test_acc=0.9570
2026-05-18 16:01:32,933 | INFO | SpawnProcess-3 | stage1_run4 | Epoch 149 | train_loss=7.5553 | train_acc=0.9813 | test_loss=2.3140 | test_acc=0.9167
2026-05-18 16:01:48,326 | INFO | SpawnProcess-1 | stage1_run5 | Epoch 145 | train_loss=6.9957 | train_acc=0.9828 | test_loss=1.8662 | test_acc=0.9264
2026-05-18 16:02:12,033 | INFO | SpawnProcess-3 | stage1_run4 | Epoch 150 | train_loss=6.7418 | train_acc=0.9837 | test_loss=1.9803 | test_acc=0.9013
2026-05-18 16:02:21,902 | INFO | SpawnProcess-1 | stage1_run5 | Epoch 146 | train_loss=6.8375 | train_acc=0.9831 | test_loss=1.9894 | test_acc=0.9579
2026-05-18 16:02:41,792 | INFO | SpawnProcess-3 | stage1_run4 | Epoch 151 | train_loss=6.5511 | train_acc=0.9839 | test_loss=2.2574 | test_acc=0.9044
2026-05-18 16:02:58,911 | INFO | SpawnProcess-1 | stage1_run5 | Epoch 147 | train_loss=6.0216 | train_acc=0.9857 | test_loss=1.9141 | test_acc=0.9384
2026-05-18 16:03:19,525 | INFO | SpawnProcess-3 | stage1_run4 | Epoch 152 | train_loss=6.4924 | train_acc=0.9839 | test_loss=1.8634 | test_acc=0.9116
2026-05-18 16:03:33,469 | INFO | SpawnProcess-1 | stage1_run5 | Epoch 148 | train_loss=6.7293 | train_acc=0.9838 | test_loss=1.8739 | test_acc=0.9481
2026-05-18 16:03:52,996 | INFO | SpawnProcess-3 | stage1_run4 | Epoch 153 | train_loss=7.1681 | train_acc=0.9818 | test_loss=1.8292 | test_acc=0.9223
2026-05-18 16:04:07,355 | INFO | SpawnProcess-1 | stage1_run5 | Epoch 149 | train_loss=6.3685 | train_acc=0.9847 | test_loss=2.5683 | test_acc=0.9483
2026-05-18 16:04:28,318 | INFO | SpawnProcess-3 | stage1_run4 | Epoch 154 | train_loss=6.8533 | train_acc=0.9830 | test_loss=2.0741 | test_acc=0.9254
2026-05-18 16:04:45,174 | INFO | SpawnProcess-1 | stage1_run5 | Epoch 150 | train_loss=7.2155 | train_acc=0.9824 | test_loss=2.0761 | test_acc=0.9551
2026-05-18 16:05:04,286 | INFO | SpawnProcess-3 | stage1_run4 | Epoch 155 | train_loss=6.1531 | train_acc=0.9844 | test_loss=2.2142 | test_acc=0.9379
2026-05-18 16:05:23,252 | INFO | SpawnProcess-1 | stage1_run5 | Epoch 151 | train_loss=6.8469 | train_acc=0.9835 | test_loss=2.5631 | test_acc=0.8888
2026-05-18 16:05:34,345 | INFO | SpawnProcess-3 | stage1_run4 | Epoch 156 | train_loss=7.7841 | train_acc=0.9803 | test_loss=1.9482 | test_acc=0.9182
2026-05-18 16:06:00,819 | INFO | SpawnProcess-1 | stage1_run5 | Epoch 152 | train_loss=6.6536 | train_acc=0.9839 | test_loss=2.0502 | test_acc=0.9534
2026-05-18 16:06:09,047 | INFO | SpawnProcess-3 | stage1_run4 | Epoch 157 | train_loss=7.1333 | train_acc=0.9819 | test_loss=1.8687 | test_acc=0.9414
2026-05-18 16:06:36,586 | INFO | SpawnProcess-1 | stage1_run5 | Epoch 153 | train_loss=6.5993 | train_acc=0.9839 | test_loss=1.9469 | test_acc=0.9240
2026-05-18 16:06:43,892 | INFO | SpawnProcess-3 | stage1_run4 | Epoch 158 | train_loss=6.3517 | train_acc=0.9837 | test_loss=2.1652 | test_acc=0.9375
2026-05-18 16:07:12,680 | INFO | SpawnProcess-1 | stage1_run5 | Epoch 154 | train_loss=6.0934 | train_acc=0.9854 | test_loss=1.8494 | test_acc=0.9575
2026-05-18 16:07:21,179 | INFO | SpawnProcess-3 | stage1_run4 | Epoch 159 | train_loss=7.0997 | train_acc=0.9821 | test_loss=1.8976 | test_acc=0.9326
2026-05-18 16:07:45,811 | INFO | SpawnProcess-1 | stage1_run5 | Epoch 155 | train_loss=6.5413 | train_acc=0.9839 | test_loss=2.4244 | test_acc=0.9310
2026-05-18 16:07:57,168 | INFO | SpawnProcess-3 | stage1_run4 | Epoch 160 | train_loss=6.6693 | train_acc=0.9832 | test_loss=1.8870 | test_acc=0.9297
2026-05-18 16:08:22,395 | INFO | SpawnProcess-1 | stage1_run5 | Epoch 156 | train_loss=6.8026 | train_acc=0.9835 | test_loss=2.1143 | test_acc=0.9460
2026-05-18 16:08:32,992 | INFO | SpawnProcess-3 | stage1_run4 | Epoch 161 | train_loss=6.6330 | train_acc=0.9835 | test_loss=1.7910 | test_acc=0.9322
2026-05-18 16:08:59,015 | INFO | SpawnProcess-1 | stage1_run5 | Epoch 157 | train_loss=6.6658 | train_acc=0.9839 | test_loss=2.0114 | test_acc=0.9283
2026-05-18 16:09:08,147 | INFO | SpawnProcess-3 | stage1_run4 | Epoch 162 | train_loss=7.0442 | train_acc=0.9822 | test_loss=2.0329 | test_acc=0.9372
2026-05-18 16:09:33,029 | INFO | SpawnProcess-1 | stage1_run5 | Epoch 158 | train_loss=7.0917 | train_acc=0.9835 | test_loss=2.0199 | test_acc=0.9421
2026-05-18 16:09:45,964 | INFO | SpawnProcess-3 | stage1_run4 | Epoch 163 | train_loss=6.1934 | train_acc=0.9844 | test_loss=1.9614 | test_acc=0.9323
2026-05-18 16:10:10,969 | INFO | SpawnProcess-1 | stage1_run5 | Epoch 159 | train_loss=6.5874 | train_acc=0.9839 | test_loss=2.1348 | test_acc=0.9198
2026-05-18 16:10:18,260 | INFO | SpawnProcess-3 | stage1_run4 | Epoch 164 | train_loss=5.7723 | train_acc=0.9851 | test_loss=2.0700 | test_acc=0.9391
2026-05-18 16:10:47,238 | INFO | SpawnProcess-1 | stage1_run5 | Epoch 160 | train_loss=7.0447 | train_acc=0.9829 | test_loss=2.0776 | test_acc=0.9475
2026-05-18 16:10:53,943 | INFO | SpawnProcess-3 | stage1_run4 | Epoch 165 | train_loss=6.2811 | train_acc=0.9840 | test_loss=1.6780 | test_acc=0.9376
2026-05-18 16:11:22,351 | INFO | SpawnProcess-1 | stage1_run5 | Epoch 161 | train_loss=6.0776 | train_acc=0.9862 | test_loss=1.8648 | test_acc=0.9462
2026-05-18 16:11:30,973 | INFO | SpawnProcess-3 | stage1_run4 | Epoch 166 | train_loss=6.0216 | train_acc=0.9850 | test_loss=1.7597 | test_acc=0.9450
2026-05-18 16:11:59,869 | INFO | SpawnProcess-1 | stage1_run5 | Epoch 162 | train_loss=5.6450 | train_acc=0.9870 | test_loss=1.8774 | test_acc=0.9384
2026-05-18 16:12:06,767 | INFO | SpawnProcess-3 | stage1_run4 | Epoch 167 | train_loss=6.5683 | train_acc=0.9833 | test_loss=1.9704 | test_acc=0.9417
2026-05-18 16:12:33,570 | INFO | SpawnProcess-1 | stage1_run5 | Epoch 163 | train_loss=6.4243 | train_acc=0.9849 | test_loss=2.3318 | test_acc=0.9517
2026-05-18 16:12:39,531 | INFO | SpawnProcess-3 | stage1_run4 | Epoch 168 | train_loss=6.3934 | train_acc=0.9840 | test_loss=1.8479 | test_acc=0.9191
2026-05-18 16:13:07,203 | INFO | SpawnProcess-1 | stage1_run5 | Epoch 164 | train_loss=6.0949 | train_acc=0.9853 | test_loss=2.2067 | test_acc=0.9306
2026-05-18 16:13:18,842 | INFO | SpawnProcess-3 | stage1_run4 | Epoch 169 | train_loss=5.8063 | train_acc=0.9860 | test_loss=1.7036 | test_acc=0.9361
2026-05-18 16:13:39,154 | INFO | SpawnProcess-1 | stage1_run5 | Epoch 165 | train_loss=6.6148 | train_acc=0.9838 | test_loss=2.1411 | test_acc=0.9452
2026-05-18 16:13:57,859 | INFO | SpawnProcess-3 | stage1_run4 | Epoch 170 | train_loss=6.0723 | train_acc=0.9848 | test_loss=2.1145 | test_acc=0.9096
2026-05-18 16:14:18,973 | INFO | SpawnProcess-1 | stage1_run5 | Epoch 166 | train_loss=5.8044 | train_acc=0.9860 | test_loss=2.1127 | test_acc=0.9175
2026-05-18 16:14:28,875 | INFO | SpawnProcess-3 | stage1_run4 | Epoch 171 | train_loss=6.5591 | train_acc=0.9836 | test_loss=2.1334 | test_acc=0.9239
2026-05-18 16:14:51,972 | INFO | SpawnProcess-1 | stage1_run5 | Epoch 167 | train_loss=6.7547 | train_acc=0.9837 | test_loss=2.0557 | test_acc=0.9513
2026-05-18 16:15:03,035 | INFO | SpawnProcess-3 | stage1_run4 | Epoch 172 | train_loss=6.0096 | train_acc=0.9848 | test_loss=1.8202 | test_acc=0.9399
2026-05-18 16:15:28,266 | INFO | SpawnProcess-1 | stage1_run5 | Epoch 168 | train_loss=6.3166 | train_acc=0.9848 | test_loss=1.9344 | test_acc=0.9480
2026-05-18 16:15:41,647 | INFO | SpawnProcess-3 | stage1_run4 | Epoch 173 | train_loss=6.0397 | train_acc=0.9849 | test_loss=2.0990 | test_acc=0.9207
2026-05-18 16:16:10,298 | INFO | SpawnProcess-1 | stage1_run5 | Epoch 169 | train_loss=5.8445 | train_acc=0.9855 | test_loss=1.8801 | test_acc=0.9503
2026-05-18 16:16:24,515 | INFO | SpawnProcess-3 | stage1_run4 | Epoch 174 | train_loss=5.8449 | train_acc=0.9856 | test_loss=1.9064 | test_acc=0.9355
2026-05-18 16:16:48,298 | INFO | SpawnProcess-1 | stage1_run5 | Epoch 170 | train_loss=6.5249 | train_acc=0.9841 | test_loss=2.0720 | test_acc=0.9342
2026-05-18 16:17:07,713 | INFO | SpawnProcess-3 | stage1_run4 | Epoch 175 | train_loss=5.9659 | train_acc=0.9847 | test_loss=2.1343 | test_acc=0.9233
2026-05-18 16:17:26,781 | INFO | SpawnProcess-1 | stage1_run5 | Epoch 171 | train_loss=5.7210 | train_acc=0.9859 | test_loss=1.9355 | test_acc=0.9549
2026-05-18 16:17:50,407 | INFO | SpawnProcess-3 | stage1_run4 | Epoch 176 | train_loss=6.3339 | train_acc=0.9844 | test_loss=1.7924 | test_acc=0.9422
2026-05-18 16:18:01,631 | INFO | SpawnProcess-1 | stage1_run5 | Epoch 172 | train_loss=6.0901 | train_acc=0.9850 | test_loss=2.0967 | test_acc=0.9402
2026-05-18 16:18:27,435 | INFO | SpawnProcess-3 | stage1_run4 | Epoch 177 | train_loss=5.8223 | train_acc=0.9853 | test_loss=1.9090 | test_acc=0.9162
2026-05-18 16:18:39,825 | INFO | SpawnProcess-1 | stage1_run5 | Epoch 173 | train_loss=5.9336 | train_acc=0.9860 | test_loss=2.0060 | test_acc=0.9302
2026-05-18 16:18:56,317 | INFO | SpawnProcess-3 | stage1_run4 | Epoch 178 | train_loss=6.4241 | train_acc=0.9839 | test_loss=1.8586 | test_acc=0.9310
2026-05-18 16:19:15,183 | INFO | SpawnProcess-1 | stage1_run5 | Epoch 174 | train_loss=6.4824 | train_acc=0.9840 | test_loss=2.1365 | test_acc=0.9529
2026-05-18 16:19:32,610 | INFO | SpawnProcess-3 | stage1_run4 | Epoch 179 | train_loss=5.8730 | train_acc=0.9854 | test_loss=1.8706 | test_acc=0.9147
2026-05-18 16:19:51,030 | INFO | SpawnProcess-1 | stage1_run5 | Epoch 175 | train_loss=6.1354 | train_acc=0.9854 | test_loss=2.1022 | test_acc=0.9555
2026-05-18 16:20:08,373 | INFO | SpawnProcess-3 | stage1_run4 | Epoch 180 | train_loss=5.9786 | train_acc=0.9849 | test_loss=2.2505 | test_acc=0.9232
2026-05-18 16:20:27,109 | INFO | SpawnProcess-1 | stage1_run5 | Epoch 176 | train_loss=6.7921 | train_acc=0.9834 | test_loss=2.0722 | test_acc=0.9586
2026-05-18 16:20:43,690 | INFO | SpawnProcess-3 | stage1_run4 | Epoch 181 | train_loss=5.6776 | train_acc=0.9859 | test_loss=1.8831 | test_acc=0.9471
2026-05-18 16:21:04,953 | INFO | SpawnProcess-1 | stage1_run5 | Epoch 177 | train_loss=5.7166 | train_acc=0.9869 | test_loss=2.1101 | test_acc=0.9289
2026-05-18 16:21:13,037 | INFO | SpawnProcess-3 | stage1_run4 | Epoch 182 | train_loss=5.7455 | train_acc=0.9858 | test_loss=1.9184 | test_acc=0.9410
2026-05-18 16:21:37,822 | INFO | SpawnProcess-1 | stage1_run5 | Epoch 178 | train_loss=5.7115 | train_acc=0.9864 | test_loss=2.2371 | test_acc=0.9401
2026-05-18 16:21:48,430 | INFO | SpawnProcess-3 | stage1_run4 | Epoch 183 | train_loss=5.8179 | train_acc=0.9851 | test_loss=1.7659 | test_acc=0.9385
2026-05-18 16:22:13,132 | INFO | SpawnProcess-1 | stage1_run5 | Epoch 179 | train_loss=7.2922 | train_acc=0.9823 | test_loss=2.2730 | test_acc=0.9350
2026-05-18 16:22:24,584 | INFO | SpawnProcess-3 | stage1_run4 | Epoch 184 | train_loss=5.5611 | train_acc=0.9863 | test_loss=2.0380 | test_acc=0.9302
2026-05-18 16:22:47,183 | INFO | SpawnProcess-1 | stage1_run5 | Epoch 180 | train_loss=5.8192 | train_acc=0.9856 | test_loss=2.0540 | test_acc=0.9385
2026-05-18 16:22:56,477 | INFO | SpawnProcess-3 | stage1_run4 | Epoch 185 | train_loss=6.1548 | train_acc=0.9846 | test_loss=1.6787 | test_acc=0.9423
2026-05-18 16:23:16,360 | INFO | SpawnProcess-1 | stage1_run5 | Epoch 181 | train_loss=6.0847 | train_acc=0.9852 | test_loss=1.8749 | test_acc=0.9573
2026-05-18 16:23:29,648 | INFO | SpawnProcess-3 | stage1_run4 | Epoch 186 | train_loss=6.8167 | train_acc=0.9834 | test_loss=2.0260 | test_acc=0.9268
2026-05-18 16:23:51,412 | INFO | SpawnProcess-1 | stage1_run5 | Epoch 182 | train_loss=5.7161 | train_acc=0.9863 | test_loss=2.0084 | test_acc=0.9534
2026-05-18 16:24:04,087 | INFO | SpawnProcess-3 | stage1_run4 | Epoch 187 | train_loss=5.3925 | train_acc=0.9863 | test_loss=2.0350 | test_acc=0.9163
2026-05-18 16:24:25,277 | INFO | SpawnProcess-1 | stage1_run5 | Epoch 183 | train_loss=5.6343 | train_acc=0.9859 | test_loss=2.2475 | test_acc=0.9312
2026-05-18 16:24:38,464 | INFO | SpawnProcess-3 | stage1_run4 | Epoch 188 | train_loss=6.3978 | train_acc=0.9836 | test_loss=1.6633 | test_acc=0.9346
2026-05-18 16:25:00,448 | INFO | SpawnProcess-1 | stage1_run5 | Epoch 184 | train_loss=5.7861 | train_acc=0.9859 | test_loss=1.9647 | test_acc=0.9353
2026-05-18 16:25:11,401 | INFO | SpawnProcess-3 | stage1_run4 | Epoch 189 | train_loss=5.6836 | train_acc=0.9856 | test_loss=1.8608 | test_acc=0.9489
2026-05-18 16:25:35,824 | INFO | SpawnProcess-1 | stage1_run5 | Epoch 185 | train_loss=5.9960 | train_acc=0.9857 | test_loss=1.8973 | test_acc=0.9482
2026-05-18 16:25:46,375 | INFO | SpawnProcess-3 | stage1_run4 | Epoch 190 | train_loss=5.5885 | train_acc=0.9858 | test_loss=2.1204 | test_acc=0.9334
2026-05-18 16:26:13,703 | INFO | SpawnProcess-1 | stage1_run5 | Epoch 186 | train_loss=5.9240 | train_acc=0.9858 | test_loss=1.8341 | test_acc=0.9365
2026-05-18 16:26:15,822 | INFO | SpawnProcess-3 | stage1_run4 | Epoch 191 | train_loss=5.7518 | train_acc=0.9858 | test_loss=1.9009 | test_acc=0.9371
2026-05-18 16:26:43,664 | INFO | SpawnProcess-3 | stage1_run4 | Epoch 192 | train_loss=5.8112 | train_acc=0.9854 | test_loss=1.8606 | test_acc=0.9328
2026-05-18 16:26:50,029 | INFO | SpawnProcess-1 | stage1_run5 | Epoch 187 | train_loss=5.9752 | train_acc=0.9852 | test_loss=1.8943 | test_acc=0.9479
2026-05-18 16:27:19,222 | INFO | SpawnProcess-3 | stage1_run4 | Epoch 193 | train_loss=5.1858 | train_acc=0.9871 | test_loss=1.8119 | test_acc=0.9468
2026-05-18 16:27:27,616 | INFO | SpawnProcess-1 | stage1_run5 | Epoch 188 | train_loss=6.1221 | train_acc=0.9846 | test_loss=1.9882 | test_acc=0.9455
2026-05-18 16:27:52,887 | INFO | SpawnProcess-3 | stage1_run4 | Epoch 194 | train_loss=5.6555 | train_acc=0.9858 | test_loss=1.9935 | test_acc=0.9223
2026-05-18 16:28:02,197 | INFO | SpawnProcess-1 | stage1_run5 | Epoch 189 | train_loss=5.9699 | train_acc=0.9856 | test_loss=2.0621 | test_acc=0.9402
2026-05-18 16:28:26,946 | INFO | SpawnProcess-3 | stage1_run4 | Epoch 195 | train_loss=5.4555 | train_acc=0.9861 | test_loss=1.7199 | test_acc=0.9154
2026-05-18 16:28:38,868 | INFO | SpawnProcess-1 | stage1_run5 | Epoch 190 | train_loss=5.6203 | train_acc=0.9863 | test_loss=1.9762 | test_acc=0.9381
2026-05-18 16:28:57,641 | INFO | SpawnProcess-3 | stage1_run4 | Epoch 196 | train_loss=6.1904 | train_acc=0.9847 | test_loss=1.7346 | test_acc=0.9336
2026-05-18 16:29:16,718 | INFO | SpawnProcess-1 | stage1_run5 | Epoch 191 | train_loss=5.3669 | train_acc=0.9869 | test_loss=1.9290 | test_acc=0.9514
2026-05-18 16:29:32,098 | INFO | SpawnProcess-3 | stage1_run4 | Epoch 197 | train_loss=6.0404 | train_acc=0.9850 | test_loss=1.7658 | test_acc=0.9303
2026-05-18 16:29:52,190 | INFO | SpawnProcess-1 | stage1_run5 | Epoch 192 | train_loss=5.6962 | train_acc=0.9862 | test_loss=2.0307 | test_acc=0.9372
2026-05-18 16:30:02,643 | INFO | SpawnProcess-3 | stage1_run4 | Epoch 198 | train_loss=5.7404 | train_acc=0.9856 | test_loss=1.9071 | test_acc=0.9390
2026-05-18 16:30:27,656 | INFO | SpawnProcess-1 | stage1_run5 | Epoch 193 | train_loss=5.3547 | train_acc=0.9878 | test_loss=1.8970 | test_acc=0.9506
2026-05-18 16:30:38,224 | INFO | SpawnProcess-3 | stage1_run4 | Epoch 199 | train_loss=5.4513 | train_acc=0.9862 | test_loss=2.0360 | test_acc=0.9282
2026-05-18 16:31:00,538 | INFO | SpawnProcess-1 | stage1_run5 | Epoch 194 | train_loss=6.5352 | train_acc=0.9844 | test_loss=2.0740 | test_acc=0.9430
2026-05-18 16:31:15,511 | INFO | SpawnProcess-3 | stage1_run4 | Epoch 200 | train_loss=6.4135 | train_acc=0.9839 | test_loss=1.9174 | test_acc=0.9378
2026-05-18 16:31:37,822 | INFO | SpawnProcess-1 | stage1_run5 | Epoch 195 | train_loss=5.7137 | train_acc=0.9858 | test_loss=2.1488 | test_acc=0.9394
2026-05-18 16:31:51,007 | INFO | SpawnProcess-3 | stage1_run4 | Epoch 201 | train_loss=5.3557 | train_acc=0.9863 | test_loss=1.8767 | test_acc=0.9254
2026-05-18 16:32:13,095 | INFO | SpawnProcess-1 | stage1_run5 | Epoch 196 | train_loss=4.8999 | train_acc=0.9876 | test_loss=2.1089 | test_acc=0.9462
2026-05-18 16:32:23,307 | INFO | SpawnProcess-3 | stage1_run4 | Epoch 202 | train_loss=4.9393 | train_acc=0.9877 | test_loss=2.2429 | test_acc=0.8925
2026-05-18 16:32:46,015 | INFO | SpawnProcess-1 | stage1_run5 | Epoch 197 | train_loss=5.7499 | train_acc=0.9857 | test_loss=2.1621 | test_acc=0.9668
2026-05-18 16:33:00,183 | INFO | SpawnProcess-3 | stage1_run4 | Epoch 203 | train_loss=5.9500 | train_acc=0.9852 | test_loss=1.9598 | test_acc=0.9360
2026-05-18 16:33:20,452 | INFO | SpawnProcess-1 | stage1_run5 | Epoch 198 | train_loss=5.3504 | train_acc=0.9867 | test_loss=2.0299 | test_acc=0.9314
2026-05-18 16:33:34,676 | INFO | SpawnProcess-3 | stage1_run4 | Epoch 204 | train_loss=5.0296 | train_acc=0.9872 | test_loss=1.9472 | test_acc=0.9282
2026-05-18 16:33:52,351 | INFO | SpawnProcess-1 | stage1_run5 | Epoch 199 | train_loss=5.3160 | train_acc=0.9871 | test_loss=1.8438 | test_acc=0.9424
2026-05-18 16:34:10,738 | INFO | SpawnProcess-3 | stage1_run4 | Epoch 205 | train_loss=5.1776 | train_acc=0.9869 | test_loss=1.7144 | test_acc=0.9223
2026-05-18 16:34:27,544 | INFO | SpawnProcess-1 | stage1_run5 | Epoch 200 | train_loss=4.9261 | train_acc=0.9881 | test_loss=1.7658 | test_acc=0.9609
2026-05-18 16:34:40,450 | INFO | SpawnProcess-3 | stage1_run4 | Epoch 206 | train_loss=6.3132 | train_acc=0.9839 | test_loss=1.8191 | test_acc=0.9464
2026-05-18 16:35:00,897 | INFO | SpawnProcess-1 | stage1_run5 | Epoch 201 | train_loss=5.5599 | train_acc=0.9859 | test_loss=1.9104 | test_acc=0.9564
2026-05-18 16:35:16,863 | INFO | SpawnProcess-3 | stage1_run4 | Epoch 207 | train_loss=5.3287 | train_acc=0.9866 | test_loss=1.9422 | test_acc=0.9217
2026-05-18 16:35:37,574 | INFO | SpawnProcess-1 | stage1_run5 | Epoch 202 | train_loss=5.3557 | train_acc=0.9873 | test_loss=2.0017 | test_acc=0.9350
2026-05-18 16:35:48,849 | INFO | SpawnProcess-3 | stage1_run4 | Epoch 208 | train_loss=5.5515 | train_acc=0.9859 | test_loss=2.6167 | test_acc=0.9045
2026-05-18 16:36:13,735 | INFO | SpawnProcess-1 | stage1_run5 | Epoch 203 | train_loss=5.6001 | train_acc=0.9860 | test_loss=2.4641 | test_acc=0.9148
2026-05-18 16:36:24,293 | INFO | SpawnProcess-3 | stage1_run4 | Epoch 209 | train_loss=5.2929 | train_acc=0.9865 | test_loss=1.7889 | test_acc=0.9372
2026-05-18 16:36:50,154 | INFO | SpawnProcess-1 | stage1_run5 | Epoch 204 | train_loss=5.8804 | train_acc=0.9859 | test_loss=2.2104 | test_acc=0.9309
2026-05-18 16:37:00,881 | INFO | SpawnProcess-3 | stage1_run4 | Epoch 210 | train_loss=5.2998 | train_acc=0.9868 | test_loss=1.7301 | test_acc=0.9374
2026-05-18 16:37:21,343 | INFO | SpawnProcess-1 | stage1_run5 | Epoch 205 | train_loss=4.7468 | train_acc=0.9884 | test_loss=2.0214 | test_acc=0.9430
2026-05-18 16:37:38,009 | INFO | SpawnProcess-3 | stage1_run4 | Epoch 211 | train_loss=5.2281 | train_acc=0.9868 | test_loss=1.8141 | test_acc=0.9156
2026-05-18 16:37:54,661 | INFO | SpawnProcess-1 | stage1_run5 | Epoch 206 | train_loss=5.0496 | train_acc=0.9880 | test_loss=2.0329 | test_acc=0.9378
2026-05-18 16:38:14,104 | INFO | SpawnProcess-3 | stage1_run4 | Epoch 212 | train_loss=5.0686 | train_acc=0.9872 | test_loss=1.6869 | test_acc=0.9300
2026-05-18 16:38:30,265 | INFO | SpawnProcess-1 | stage1_run5 | Epoch 207 | train_loss=5.5448 | train_acc=0.9859 | test_loss=1.9245 | test_acc=0.9560
2026-05-18 16:38:52,481 | INFO | SpawnProcess-3 | stage1_run4 | Epoch 213 | train_loss=5.0911 | train_acc=0.9870 | test_loss=1.8646 | test_acc=0.9422
2026-05-18 16:39:04,562 | INFO | SpawnProcess-1 | stage1_run5 | Epoch 208 | train_loss=4.8967 | train_acc=0.9881 | test_loss=2.1064 | test_acc=0.9355
2026-05-18 16:39:24,601 | INFO | SpawnProcess-3 | stage1_run4 | Epoch 214 | train_loss=5.1788 | train_acc=0.9869 | test_loss=1.8910 | test_acc=0.9195
2026-05-18 16:39:40,337 | INFO | SpawnProcess-1 | stage1_run5 | Epoch 209 | train_loss=5.0147 | train_acc=0.9877 | test_loss=1.9073 | test_acc=0.9333
2026-05-18 16:39:59,333 | INFO | SpawnProcess-3 | stage1_run4 | Epoch 215 | train_loss=5.5967 | train_acc=0.9858 | test_loss=1.9307 | test_acc=0.9408
2026-05-18 16:40:13,035 | INFO | SpawnProcess-1 | stage1_run5 | Epoch 210 | train_loss=5.8737 | train_acc=0.9860 | test_loss=1.8266 | test_acc=0.9599
2026-05-18 16:40:30,587 | INFO | SpawnProcess-3 | stage1_run4 | Epoch 216 | train_loss=4.9786 | train_acc=0.9872 | test_loss=1.7256 | test_acc=0.9245
2026-05-18 16:40:50,188 | INFO | SpawnProcess-1 | stage1_run5 | Epoch 211 | train_loss=5.3393 | train_acc=0.9872 | test_loss=2.0677 | test_acc=0.9602
2026-05-18 16:41:06,772 | INFO | SpawnProcess-3 | stage1_run4 | Epoch 217 | train_loss=5.8414 | train_acc=0.9854 | test_loss=1.9089 | test_acc=0.9113
2026-05-18 16:41:24,744 | INFO | SpawnProcess-1 | stage1_run5 | Epoch 212 | train_loss=5.6319 | train_acc=0.9862 | test_loss=1.9445 | test_acc=0.9386
2026-05-18 16:41:42,280 | INFO | SpawnProcess-3 | stage1_run4 | Epoch 218 | train_loss=4.4777 | train_acc=0.9885 | test_loss=1.6924 | test_acc=0.9323
2026-05-18 16:42:01,853 | INFO | SpawnProcess-1 | stage1_run5 | Epoch 213 | train_loss=5.1467 | train_acc=0.9872 | test_loss=1.9707 | test_acc=0.9551
2026-05-18 16:42:17,983 | INFO | SpawnProcess-3 | stage1_run4 | Epoch 219 | train_loss=5.8561 | train_acc=0.9853 | test_loss=1.7334 | test_acc=0.9376
2026-05-18 16:42:34,916 | INFO | SpawnProcess-1 | stage1_run5 | Epoch 214 | train_loss=6.0617 | train_acc=0.9858 | test_loss=1.7955 | test_acc=0.9597
2026-05-18 16:42:57,998 | INFO | SpawnProcess-3 | stage1_run4 | Epoch 220 | train_loss=5.1122 | train_acc=0.9870 | test_loss=1.8847 | test_acc=0.9356
2026-05-18 16:43:04,555 | INFO | SpawnProcess-1 | stage1_run5 | Epoch 215 | train_loss=5.8566 | train_acc=0.9858 | test_loss=1.9215 | test_acc=0.9485
2026-05-18 16:43:33,748 | INFO | SpawnProcess-3 | stage1_run4 | Epoch 221 | train_loss=5.3708 | train_acc=0.9861 | test_loss=1.7993 | test_acc=0.9274
2026-05-18 16:43:39,761 | INFO | SpawnProcess-1 | stage1_run5 | Epoch 216 | train_loss=5.0900 | train_acc=0.9876 | test_loss=2.3350 | test_acc=0.9335
2026-05-18 16:44:08,480 | INFO | SpawnProcess-3 | stage1_run4 | Epoch 222 | train_loss=5.1995 | train_acc=0.9870 | test_loss=1.8014 | test_acc=0.9354
2026-05-18 16:44:15,268 | INFO | SpawnProcess-1 | stage1_run5 | Epoch 217 | train_loss=5.6301 | train_acc=0.9861 | test_loss=1.7923 | test_acc=0.9465
2026-05-18 16:44:43,943 | INFO | SpawnProcess-3 | stage1_run4 | Epoch 223 | train_loss=5.5358 | train_acc=0.9863 | test_loss=1.9614 | test_acc=0.9264
2026-05-18 16:44:52,179 | INFO | SpawnProcess-1 | stage1_run5 | Epoch 218 | train_loss=4.8653 | train_acc=0.9879 | test_loss=1.9102 | test_acc=0.9588
2026-05-18 16:45:18,769 | INFO | SpawnProcess-3 | stage1_run4 | Epoch 224 | train_loss=4.7308 | train_acc=0.9877 | test_loss=1.8075 | test_acc=0.9434
2026-05-18 16:45:26,462 | INFO | SpawnProcess-1 | stage1_run5 | Epoch 219 | train_loss=5.1696 | train_acc=0.9876 | test_loss=1.7560 | test_acc=0.9591
2026-05-18 16:45:54,534 | INFO | SpawnProcess-3 | stage1_run4 | Epoch 225 | train_loss=4.9175 | train_acc=0.9878 | test_loss=1.6894 | test_acc=0.9436
2026-05-18 16:46:04,399 | INFO | SpawnProcess-1 | stage1_run5 | Epoch 220 | train_loss=4.8537 | train_acc=0.9879 | test_loss=1.9749 | test_acc=0.9591
2026-05-18 16:46:31,372 | INFO | SpawnProcess-3 | stage1_run4 | Epoch 226 | train_loss=5.2463 | train_acc=0.9861 | test_loss=2.0982 | test_acc=0.9099
2026-05-18 16:46:35,236 | INFO | SpawnProcess-1 | stage1_run5 | Epoch 221 | train_loss=5.0143 | train_acc=0.9880 | test_loss=1.9483 | test_acc=0.9440
2026-05-18 16:47:06,720 | INFO | SpawnProcess-3 | stage1_run4 | Epoch 227 | train_loss=5.7328 | train_acc=0.9854 | test_loss=1.7902 | test_acc=0.9324
2026-05-18 16:47:09,725 | INFO | SpawnProcess-1 | stage1_run5 | Epoch 222 | train_loss=4.5265 | train_acc=0.9893 | test_loss=2.1255 | test_acc=0.9373
2026-05-18 16:47:42,444 | INFO | SpawnProcess-3 | stage1_run4 | Epoch 228 | train_loss=5.6699 | train_acc=0.9857 | test_loss=1.7208 | test_acc=0.9288
2026-05-18 16:47:44,547 | INFO | SpawnProcess-1 | stage1_run5 | Epoch 223 | train_loss=5.6694 | train_acc=0.9859 | test_loss=1.9844 | test_acc=0.9434
2026-05-18 16:48:17,818 | INFO | SpawnProcess-1 | stage1_run5 | Epoch 224 | train_loss=5.1133 | train_acc=0.9875 | test_loss=1.8564 | test_acc=0.9531
2026-05-18 16:48:20,649 | INFO | SpawnProcess-3 | stage1_run4 | Epoch 229 | train_loss=4.3451 | train_acc=0.9892 | test_loss=1.9891 | test_acc=0.9253
2026-05-18 16:48:51,574 | INFO | SpawnProcess-1 | stage1_run5 | Epoch 225 | train_loss=4.9807 | train_acc=0.9880 | test_loss=2.1059 | test_acc=0.9358
2026-05-18 16:48:53,791 | INFO | SpawnProcess-3 | stage1_run4 | Epoch 230 | train_loss=5.1548 | train_acc=0.9868 | test_loss=1.9728 | test_acc=0.9134
2026-05-18 16:49:26,468 | INFO | SpawnProcess-1 | stage1_run5 | Epoch 226 | train_loss=5.5992 | train_acc=0.9861 | test_loss=2.1959 | test_acc=0.9543
2026-05-18 16:49:30,184 | INFO | SpawnProcess-3 | stage1_run4 | Epoch 231 | train_loss=5.5380 | train_acc=0.9856 | test_loss=2.0553 | test_acc=0.9400
2026-05-18 16:49:56,468 | INFO | SpawnProcess-1 | stage1_run5 | Epoch 227 | train_loss=6.1085 | train_acc=0.9846 | test_loss=2.0938 | test_acc=0.9379
2026-05-18 16:50:06,734 | INFO | SpawnProcess-3 | stage1_run4 | Epoch 232 | train_loss=5.3648 | train_acc=0.9863 | test_loss=1.8586 | test_acc=0.9267
2026-05-18 16:50:32,113 | INFO | SpawnProcess-1 | stage1_run5 | Epoch 228 | train_loss=4.9226 | train_acc=0.9880 | test_loss=1.7392 | test_acc=0.9635
2026-05-18 16:50:43,986 | INFO | SpawnProcess-3 | stage1_run4 | Epoch 233 | train_loss=4.4443 | train_acc=0.9888 | test_loss=1.7636 | test_acc=0.9515
2026-05-18 16:51:07,913 | INFO | SpawnProcess-1 | stage1_run5 | Epoch 229 | train_loss=4.4109 | train_acc=0.9894 | test_loss=1.8516 | test_acc=0.9675
2026-05-18 16:51:17,221 | INFO | SpawnProcess-3 | stage1_run4 | Epoch 234 | train_loss=4.4052 | train_acc=0.9885 | test_loss=1.6963 | test_acc=0.9351
2026-05-18 16:51:43,666 | INFO | SpawnProcess-1 | stage1_run5 | Epoch 230 | train_loss=4.8593 | train_acc=0.9881 | test_loss=2.5387 | test_acc=0.9294
2026-05-18 16:51:53,553 | INFO | SpawnProcess-3 | stage1_run4 | Epoch 235 | train_loss=5.7811 | train_acc=0.9853 | test_loss=1.9083 | test_acc=0.9405
2026-05-18 16:52:20,048 | INFO | SpawnProcess-1 | stage1_run5 | Epoch 231 | train_loss=5.9236 | train_acc=0.9853 | test_loss=1.7990 | test_acc=0.9628
2026-05-18 16:52:27,475 | INFO | SpawnProcess-3 | stage1_run4 | Epoch 236 | train_loss=5.0534 | train_acc=0.9869 | test_loss=1.8008 | test_acc=0.9152
2026-05-18 16:52:54,347 | INFO | SpawnProcess-1 | stage1_run5 | Epoch 232 | train_loss=4.6912 | train_acc=0.9886 | test_loss=1.7549 | test_acc=0.9544
2026-05-18 16:53:01,770 | INFO | SpawnProcess-3 | stage1_run4 | Epoch 237 | train_loss=5.0216 | train_acc=0.9869 | test_loss=1.6794 | test_acc=0.9484
2026-05-18 16:53:27,263 | INFO | SpawnProcess-1 | stage1_run5 | Epoch 233 | train_loss=3.9074 | train_acc=0.9907 | test_loss=1.7513 | test_acc=0.9522
2026-05-18 16:53:38,562 | INFO | SpawnProcess-3 | stage1_run4 | Epoch 238 | train_loss=4.0293 | train_acc=0.9894 | test_loss=1.6000 | test_acc=0.9261
2026-05-18 16:54:03,170 | INFO | SpawnProcess-1 | stage1_run5 | Epoch 234 | train_loss=4.6395 | train_acc=0.9886 | test_loss=2.0730 | test_acc=0.9542
2026-05-18 16:54:13,921 | INFO | SpawnProcess-3 | stage1_run4 | Epoch 239 | train_loss=4.4446 | train_acc=0.9884 | test_loss=1.6809 | test_acc=0.9491
2026-05-18 16:54:38,409 | INFO | SpawnProcess-1 | stage1_run5 | Epoch 235 | train_loss=5.8209 | train_acc=0.9857 | test_loss=1.8400 | test_acc=0.9522
2026-05-18 16:54:45,329 | INFO | SpawnProcess-3 | stage1_run4 | Epoch 240 | train_loss=5.3259 | train_acc=0.9865 | test_loss=1.8262 | test_acc=0.9378
2026-05-18 16:55:12,443 | INFO | SpawnProcess-1 | stage1_run5 | Epoch 236 | train_loss=4.7700 | train_acc=0.9879 | test_loss=1.8534 | test_acc=0.9419
2026-05-18 16:55:20,764 | INFO | SpawnProcess-3 | stage1_run4 | Epoch 241 | train_loss=4.6949 | train_acc=0.9879 | test_loss=1.9616 | test_acc=0.9320
2026-05-18 16:55:49,488 | INFO | SpawnProcess-1 | stage1_run5 | Epoch 237 | train_loss=4.7074 | train_acc=0.9883 | test_loss=1.8320 | test_acc=0.9554
2026-05-18 16:55:53,807 | INFO | SpawnProcess-3 | stage1_run4 | Epoch 242 | train_loss=4.6336 | train_acc=0.9884 | test_loss=1.6409 | test_acc=0.9223
2026-05-18 16:56:27,698 | INFO | SpawnProcess-3 | stage1_run4 | Epoch 243 | train_loss=5.1969 | train_acc=0.9868 | test_loss=1.8012 | test_acc=0.9350
2026-05-18 16:56:28,356 | INFO | SpawnProcess-1 | stage1_run5 | Epoch 238 | train_loss=4.1271 | train_acc=0.9898 | test_loss=1.8614 | test_acc=0.9522
2026-05-18 16:56:59,962 | INFO | SpawnProcess-3 | stage1_run4 | Epoch 244 | train_loss=5.3359 | train_acc=0.9861 | test_loss=1.8093 | test_acc=0.9402
2026-05-18 16:57:03,655 | INFO | SpawnProcess-1 | stage1_run5 | Epoch 239 | train_loss=4.1235 | train_acc=0.9899 | test_loss=2.1004 | test_acc=0.9586
2026-05-18 16:57:34,197 | INFO | SpawnProcess-3 | stage1_run4 | Epoch 245 | train_loss=4.7959 | train_acc=0.9879 | test_loss=1.8364 | test_acc=0.9338
2026-05-18 16:57:38,928 | INFO | SpawnProcess-1 | stage1_run5 | Epoch 240 | train_loss=5.1622 | train_acc=0.9876 | test_loss=2.0240 | test_acc=0.9607
2026-05-18 16:58:08,646 | INFO | SpawnProcess-3 | stage1_run4 | Epoch 246 | train_loss=4.5876 | train_acc=0.9885 | test_loss=1.9709 | test_acc=0.9016
2026-05-18 16:58:13,049 | INFO | SpawnProcess-1 | stage1_run5 | Epoch 241 | train_loss=4.7761 | train_acc=0.9880 | test_loss=1.9953 | test_acc=0.9558
2026-05-18 16:58:46,458 | INFO | SpawnProcess-3 | stage1_run4 | Epoch 247 | train_loss=4.0858 | train_acc=0.9895 | test_loss=1.8025 | test_acc=0.9401
2026-05-18 16:58:46,542 | INFO | SpawnProcess-1 | stage1_run5 | Epoch 242 | train_loss=4.8907 | train_acc=0.9880 | test_loss=2.1782 | test_acc=0.9389
2026-05-18 16:59:19,329 | INFO | SpawnProcess-1 | stage1_run5 | Epoch 243 | train_loss=4.8364 | train_acc=0.9885 | test_loss=1.8785 | test_acc=0.9650
2026-05-18 16:59:22,153 | INFO | SpawnProcess-3 | stage1_run4 | Epoch 248 | train_loss=4.4687 | train_acc=0.9881 | test_loss=1.7537 | test_acc=0.9347
2026-05-18 16:59:56,711 | INFO | SpawnProcess-3 | stage1_run4 | Epoch 249 | train_loss=4.2167 | train_acc=0.9895 | test_loss=1.7595 | test_acc=0.9269
2026-05-18 16:59:57,075 | INFO | SpawnProcess-1 | stage1_run5 | Epoch 244 | train_loss=4.5703 | train_acc=0.9886 | test_loss=1.8428 | test_acc=0.9478
2026-05-18 17:00:29,875 | INFO | SpawnProcess-1 | stage1_run5 | Epoch 245 | train_loss=4.5455 | train_acc=0.9888 | test_loss=2.0413 | test_acc=0.9596
2026-05-18 17:00:31,492 | INFO | SpawnProcess-3 | stage1_run4 | Epoch 250 | train_loss=4.3252 | train_acc=0.9888 | test_loss=1.8879 | test_acc=0.9372
2026-05-18 17:01:04,106 | INFO | SpawnProcess-3 | stage1_run4 | Epoch 251 | train_loss=4.6826 | train_acc=0.9875 | test_loss=1.7557 | test_acc=0.9165
2026-05-18 17:01:05,667 | INFO | SpawnProcess-1 | stage1_run5 | Epoch 246 | train_loss=5.2323 | train_acc=0.9868 | test_loss=2.2871 | test_acc=0.9309
2026-05-18 17:01:33,801 | INFO | SpawnProcess-3 | stage1_run4 | Epoch 252 | train_loss=4.6006 | train_acc=0.9882 | test_loss=1.8309 | test_acc=0.9289
2026-05-18 17:01:44,229 | INFO | SpawnProcess-1 | stage1_run5 | Epoch 247 | train_loss=5.3548 | train_acc=0.9865 | test_loss=1.9859 | test_acc=0.9573
2026-05-18 17:02:07,761 | INFO | SpawnProcess-3 | stage1_run4 | Epoch 253 | train_loss=4.6176 | train_acc=0.9879 | test_loss=1.7054 | test_acc=0.9202
2026-05-18 17:02:17,102 | INFO | SpawnProcess-1 | stage1_run5 | Epoch 248 | train_loss=5.0027 | train_acc=0.9879 | test_loss=1.8150 | test_acc=0.9387
2026-05-18 17:02:41,847 | INFO | SpawnProcess-3 | stage1_run4 | Epoch 254 | train_loss=4.8081 | train_acc=0.9881 | test_loss=1.9341 | test_acc=0.9234
2026-05-18 17:02:48,260 | INFO | SpawnProcess-1 | stage1_run5 | Epoch 249 | train_loss=4.4546 | train_acc=0.9889 | test_loss=1.8207 | test_acc=0.9537
2026-05-18 17:03:17,135 | INFO | SpawnProcess-3 | stage1_run4 | Epoch 255 | train_loss=4.5749 | train_acc=0.9882 | test_loss=1.7579 | test_acc=0.9329
2026-05-18 17:03:20,879 | INFO | SpawnProcess-1 | stage1_run5 | Epoch 250 | train_loss=4.8700 | train_acc=0.9882 | test_loss=1.9517 | test_acc=0.9631
2026-05-18 17:03:51,840 | INFO | SpawnProcess-3 | stage1_run4 | Epoch 256 | train_loss=4.4605 | train_acc=0.9885 | test_loss=1.8106 | test_acc=0.9418
2026-05-18 17:03:57,002 | INFO | SpawnProcess-1 | stage1_run5 | Epoch 251 | train_loss=4.7377 | train_acc=0.9881 | test_loss=2.0718 | test_acc=0.9417
2026-05-18 17:04:28,652 | INFO | SpawnProcess-3 | stage1_run4 | Epoch 257 | train_loss=4.6923 | train_acc=0.9884 | test_loss=1.8206 | test_acc=0.9410
2026-05-18 17:04:32,343 | INFO | SpawnProcess-1 | stage1_run5 | Epoch 252 | train_loss=4.1787 | train_acc=0.9897 | test_loss=1.9107 | test_acc=0.9571
2026-05-18 17:05:05,081 | INFO | SpawnProcess-3 | stage1_run4 | Epoch 258 | train_loss=4.1839 | train_acc=0.9891 | test_loss=1.7752 | test_acc=0.9353
2026-05-18 17:05:06,098 | INFO | SpawnProcess-1 | stage1_run5 | Epoch 253 | train_loss=4.8282 | train_acc=0.9882 | test_loss=1.7574 | test_acc=0.9508
2026-05-18 17:05:39,209 | INFO | SpawnProcess-1 | stage1_run5 | Epoch 254 | train_loss=3.7351 | train_acc=0.9911 | test_loss=1.7519 | test_acc=0.9561
2026-05-18 17:05:41,021 | INFO | SpawnProcess-3 | stage1_run4 | Epoch 259 | train_loss=4.3218 | train_acc=0.9894 | test_loss=1.8959 | test_acc=0.9218
2026-05-18 17:06:14,165 | INFO | SpawnProcess-1 | stage1_run5 | Epoch 255 | train_loss=3.9310 | train_acc=0.9902 | test_loss=1.8741 | test_acc=0.9618
2026-05-18 17:06:19,851 | INFO | SpawnProcess-3 | stage1_run4 | Epoch 260 | train_loss=4.8954 | train_acc=0.9871 | test_loss=1.8314 | test_acc=0.9369
2026-05-18 17:06:51,144 | INFO | SpawnProcess-1 | stage1_run5 | Epoch 256 | train_loss=4.6868 | train_acc=0.9881 | test_loss=1.7409 | test_acc=0.9557
2026-05-18 17:06:51,915 | INFO | SpawnProcess-3 | stage1_run4 | Epoch 261 | train_loss=4.9491 | train_acc=0.9875 | test_loss=1.8636 | test_acc=0.9387
2026-05-18 17:07:26,801 | INFO | SpawnProcess-3 | stage1_run4 | Epoch 262 | train_loss=3.7801 | train_acc=0.9903 | test_loss=1.7633 | test_acc=0.9419
2026-05-18 17:07:28,168 | INFO | SpawnProcess-1 | stage1_run5 | Epoch 257 | train_loss=4.5689 | train_acc=0.9886 | test_loss=1.7770 | test_acc=0.9425
2026-05-18 17:07:59,379 | INFO | SpawnProcess-1 | stage1_run5 | Epoch 258 | train_loss=3.7426 | train_acc=0.9905 | test_loss=1.9274 | test_acc=0.9478
2026-05-18 17:08:04,230 | INFO | SpawnProcess-3 | stage1_run4 | Epoch 263 | train_loss=3.8832 | train_acc=0.9901 | test_loss=1.8130 | test_acc=0.9498
2026-05-18 17:08:35,362 | INFO | SpawnProcess-1 | stage1_run5 | Epoch 259 | train_loss=4.9044 | train_acc=0.9878 | test_loss=1.8119 | test_acc=0.9613
2026-05-18 17:08:37,647 | INFO | SpawnProcess-3 | stage1_run4 | Epoch 264 | train_loss=4.6051 | train_acc=0.9881 | test_loss=1.8441 | test_acc=0.9337
2026-05-18 17:09:12,473 | INFO | SpawnProcess-1 | stage1_run5 | Epoch 260 | train_loss=4.1333 | train_acc=0.9900 | test_loss=1.7945 | test_acc=0.9528
2026-05-18 17:09:14,023 | INFO | SpawnProcess-3 | stage1_run4 | Epoch 265 | train_loss=4.8953 | train_acc=0.9874 | test_loss=2.1132 | test_acc=0.9127
2026-05-18 17:09:49,600 | INFO | SpawnProcess-1 | stage1_run5 | Epoch 261 | train_loss=4.6718 | train_acc=0.9886 | test_loss=1.8521 | test_acc=0.9573
2026-05-18 17:09:50,452 | INFO | SpawnProcess-3 | stage1_run4 | Epoch 266 | train_loss=4.9559 | train_acc=0.9874 | test_loss=1.8106 | test_acc=0.9352
2026-05-18 17:10:18,913 | INFO | SpawnProcess-1 | stage1_run5 | Epoch 262 | train_loss=4.9485 | train_acc=0.9873 | test_loss=1.8269 | test_acc=0.9520
2026-05-18 17:10:25,824 | INFO | SpawnProcess-3 | stage1_run4 | Epoch 267 | train_loss=3.8013 | train_acc=0.9903 | test_loss=1.6936 | test_acc=0.9472
2026-05-18 17:10:54,199 | INFO | SpawnProcess-1 | stage1_run5 | Epoch 263 | train_loss=5.2869 | train_acc=0.9865 | test_loss=1.7934 | test_acc=0.9678
2026-05-18 17:11:00,319 | INFO | SpawnProcess-3 | stage1_run4 | Epoch 268 | train_loss=3.7734 | train_acc=0.9899 | test_loss=1.8218 | test_acc=0.9265
2026-05-18 17:11:31,955 | INFO | SpawnProcess-1 | stage1_run5 | Epoch 264 | train_loss=4.5610 | train_acc=0.9886 | test_loss=1.9702 | test_acc=0.9287
2026-05-18 17:11:35,138 | INFO | SpawnProcess-3 | stage1_run4 | Epoch 269 | train_loss=4.1641 | train_acc=0.9893 | test_loss=1.8640 | test_acc=0.9260
2026-05-18 17:12:07,543 | INFO | SpawnProcess-1 | stage1_run5 | Epoch 265 | train_loss=4.7406 | train_acc=0.9887 | test_loss=1.8851 | test_acc=0.9515
2026-05-18 17:12:08,409 | INFO | SpawnProcess-3 | stage1_run4 | Epoch 270 | train_loss=4.8874 | train_acc=0.9876 | test_loss=2.0965 | test_acc=0.9381
2026-05-18 17:12:41,854 | INFO | SpawnProcess-1 | stage1_run5 | Epoch 266 | train_loss=5.0739 | train_acc=0.9875 | test_loss=1.7479 | test_acc=0.9605
2026-05-18 17:12:45,209 | INFO | SpawnProcess-3 | stage1_run4 | Epoch 271 | train_loss=4.7848 | train_acc=0.9879 | test_loss=1.7146 | test_acc=0.9405
2026-05-18 17:13:15,085 | INFO | SpawnProcess-1 | stage1_run5 | Epoch 267 | train_loss=3.9076 | train_acc=0.9903 | test_loss=2.0756 | test_acc=0.9683
2026-05-18 17:13:21,668 | INFO | SpawnProcess-3 | stage1_run4 | Epoch 272 | train_loss=3.8918 | train_acc=0.9900 | test_loss=1.8766 | test_acc=0.9448
2026-05-18 17:13:51,926 | INFO | SpawnProcess-1 | stage1_run5 | Epoch 268 | train_loss=5.2267 | train_acc=0.9867 | test_loss=2.0821 | test_acc=0.9517
2026-05-18 17:13:58,549 | INFO | SpawnProcess-3 | stage1_run4 | Epoch 273 | train_loss=4.2465 | train_acc=0.9890 | test_loss=1.6969 | test_acc=0.9346
2026-05-18 17:14:23,939 | INFO | SpawnProcess-1 | stage1_run5 | Epoch 269 | train_loss=4.3863 | train_acc=0.9893 | test_loss=1.9291 | test_acc=0.9549
2026-05-18 17:14:32,756 | INFO | SpawnProcess-3 | stage1_run4 | Epoch 274 | train_loss=4.4887 | train_acc=0.9879 | test_loss=1.7006 | test_acc=0.9373
2026-05-18 17:14:57,747 | INFO | SpawnProcess-1 | stage1_run5 | Epoch 270 | train_loss=4.2538 | train_acc=0.9898 | test_loss=1.9686 | test_acc=0.9507
2026-05-18 17:15:09,252 | INFO | SpawnProcess-3 | stage1_run4 | Epoch 275 | train_loss=5.0150 | train_acc=0.9872 | test_loss=1.9909 | test_acc=0.9329
2026-05-18 17:15:33,227 | INFO | SpawnProcess-1 | stage1_run5 | Epoch 271 | train_loss=4.9538 | train_acc=0.9877 | test_loss=2.1321 | test_acc=0.9612
2026-05-18 17:15:48,818 | INFO | SpawnProcess-3 | stage1_run4 | Epoch 276 | train_loss=4.1606 | train_acc=0.9892 | test_loss=1.6341 | test_acc=0.9383
2026-05-18 17:16:09,677 | INFO | SpawnProcess-1 | stage1_run5 | Epoch 272 | train_loss=4.0379 | train_acc=0.9901 | test_loss=2.0393 | test_acc=0.9417
2026-05-18 17:16:22,351 | INFO | SpawnProcess-3 | stage1_run4 | Epoch 277 | train_loss=3.8594 | train_acc=0.9898 | test_loss=1.7325 | test_acc=0.9477
2026-05-18 17:16:45,627 | INFO | SpawnProcess-1 | stage1_run5 | Epoch 273 | train_loss=4.9497 | train_acc=0.9878 | test_loss=1.9248 | test_acc=0.9611
2026-05-18 17:16:53,808 | INFO | SpawnProcess-3 | stage1_run4 | Epoch 278 | train_loss=3.7572 | train_acc=0.9897 | test_loss=1.9733 | test_acc=0.9325
2026-05-18 17:17:19,875 | INFO | SpawnProcess-1 | stage1_run5 | Epoch 274 | train_loss=3.5221 | train_acc=0.9914 | test_loss=1.6897 | test_acc=0.9556
2026-05-18 17:17:28,698 | INFO | SpawnProcess-3 | stage1_run4 | Epoch 279 | train_loss=5.0755 | train_acc=0.9871 | test_loss=1.9353 | test_acc=0.9299
2026-05-18 17:17:54,073 | INFO | SpawnProcess-1 | stage1_run5 | Epoch 275 | train_loss=4.6297 | train_acc=0.9883 | test_loss=1.8773 | test_acc=0.9647
2026-05-18 17:18:04,476 | INFO | SpawnProcess-3 | stage1_run4 | Epoch 280 | train_loss=4.3303 | train_acc=0.9885 | test_loss=1.8424 | test_acc=0.9346
2026-05-18 17:18:29,693 | INFO | SpawnProcess-1 | stage1_run5 | Epoch 276 | train_loss=3.9684 | train_acc=0.9899 | test_loss=1.8247 | test_acc=0.9639
2026-05-18 17:18:38,810 | INFO | SpawnProcess-3 | stage1_run4 | Epoch 281 | train_loss=4.7447 | train_acc=0.9881 | test_loss=1.9703 | test_acc=0.9457
2026-05-18 17:19:07,739 | INFO | SpawnProcess-1 | stage1_run5 | Epoch 277 | train_loss=3.9936 | train_acc=0.9903 | test_loss=1.7503 | test_acc=0.9557
2026-05-18 17:19:09,464 | INFO | SpawnProcess-3 | stage1_run4 | Epoch 282 | train_loss=4.3315 | train_acc=0.9889 | test_loss=1.9761 | test_acc=0.9394
2026-05-18 17:19:42,928 | INFO | SpawnProcess-1 | stage1_run5 | Epoch 278 | train_loss=4.3010 | train_acc=0.9892 | test_loss=2.3016 | test_acc=0.9427
2026-05-18 17:19:46,434 | INFO | SpawnProcess-3 | stage1_run4 | Epoch 283 | train_loss=4.6588 | train_acc=0.9877 | test_loss=2.0607 | test_acc=0.9438
2026-05-18 17:20:20,282 | INFO | SpawnProcess-1 | stage1_run5 | Epoch 279 | train_loss=3.7863 | train_acc=0.9907 | test_loss=2.0004 | test_acc=0.9353
2026-05-18 17:20:22,703 | INFO | SpawnProcess-3 | stage1_run4 | Epoch 284 | train_loss=3.7564 | train_acc=0.9903 | test_loss=1.7118 | test_acc=0.9300
2026-05-18 17:20:53,455 | INFO | SpawnProcess-1 | stage1_run5 | Epoch 280 | train_loss=4.5465 | train_acc=0.9883 | test_loss=1.8486 | test_acc=0.9437
2026-05-18 17:20:57,243 | INFO | SpawnProcess-3 | stage1_run4 | Epoch 285 | train_loss=4.0757 | train_acc=0.9898 | test_loss=1.6376 | test_acc=0.9388
2026-05-18 17:21:28,597 | INFO | SpawnProcess-1 | stage1_run5 | Epoch 281 | train_loss=4.2994 | train_acc=0.9891 | test_loss=1.7266 | test_acc=0.9560
2026-05-18 17:21:28,880 | INFO | SpawnProcess-3 | stage1_run4 | Epoch 286 | train_loss=3.7399 | train_acc=0.9904 | test_loss=1.7250 | test_acc=0.9474
2026-05-18 17:22:03,145 | INFO | SpawnProcess-3 | stage1_run4 | Epoch 287 | train_loss=4.3655 | train_acc=0.9888 | test_loss=1.8570 | test_acc=0.9206
2026-05-18 17:22:03,766 | INFO | SpawnProcess-1 | stage1_run5 | Epoch 282 | train_loss=4.6402 | train_acc=0.9886 | test_loss=1.6559 | test_acc=0.9637
2026-05-18 17:22:37,868 | INFO | SpawnProcess-3 | stage1_run4 | Epoch 288 | train_loss=4.7898 | train_acc=0.9878 | test_loss=1.9566 | test_acc=0.9259
2026-05-18 17:22:40,898 | INFO | SpawnProcess-1 | stage1_run5 | Epoch 283 | train_loss=4.3373 | train_acc=0.9895 | test_loss=2.3500 | test_acc=0.9330
2026-05-18 17:23:13,886 | INFO | SpawnProcess-3 | stage1_run4 | Epoch 289 | train_loss=3.7754 | train_acc=0.9904 | test_loss=2.0107 | test_acc=0.9281
2026-05-18 17:23:17,256 | INFO | SpawnProcess-1 | stage1_run5 | Epoch 284 | train_loss=5.2877 | train_acc=0.9868 | test_loss=1.7471 | test_acc=0.9554
2026-05-18 17:23:50,847 | INFO | SpawnProcess-3 | stage1_run4 | Epoch 290 | train_loss=4.4716 | train_acc=0.9881 | test_loss=1.9195 | test_acc=0.9471
2026-05-18 17:23:52,049 | INFO | SpawnProcess-1 | stage1_run5 | Epoch 285 | train_loss=5.0399 | train_acc=0.9875 | test_loss=1.8240 | test_acc=0.9622
2026-05-18 17:24:23,278 | INFO | SpawnProcess-1 | stage1_run5 | Epoch 286 | train_loss=4.1929 | train_acc=0.9892 | test_loss=1.9778 | test_acc=0.9595
2026-05-18 17:24:29,735 | INFO | SpawnProcess-3 | stage1_run4 | Epoch 291 | train_loss=4.4090 | train_acc=0.9886 | test_loss=1.7244 | test_acc=0.9364
2026-05-18 17:24:58,172 | INFO | SpawnProcess-1 | stage1_run5 | Epoch 287 | train_loss=4.4768 | train_acc=0.9887 | test_loss=1.8154 | test_acc=0.9464
2026-05-18 17:25:03,940 | INFO | SpawnProcess-3 | stage1_run4 | Epoch 292 | train_loss=3.9106 | train_acc=0.9896 | test_loss=1.7419 | test_acc=0.9369
2026-05-18 17:25:33,805 | INFO | SpawnProcess-1 | stage1_run5 | Epoch 288 | train_loss=3.8910 | train_acc=0.9901 | test_loss=1.8283 | test_acc=0.9490
2026-05-18 17:25:37,814 | INFO | SpawnProcess-3 | stage1_run4 | Epoch 293 | train_loss=3.4695 | train_acc=0.9911 | test_loss=1.7850 | test_acc=0.9512
2026-05-18 17:26:07,284 | INFO | SpawnProcess-1 | stage1_run5 | Epoch 289 | train_loss=4.1212 | train_acc=0.9897 | test_loss=2.0473 | test_acc=0.9535
2026-05-18 17:26:14,574 | INFO | SpawnProcess-3 | stage1_run4 | Epoch 294 | train_loss=4.0711 | train_acc=0.9896 | test_loss=2.5903 | test_acc=0.9136
2026-05-18 17:26:38,717 | INFO | SpawnProcess-1 | stage1_run5 | Epoch 290 | train_loss=4.3234 | train_acc=0.9894 | test_loss=1.8422 | test_acc=0.9400
2026-05-18 17:26:50,910 | INFO | SpawnProcess-3 | stage1_run4 | Epoch 295 | train_loss=5.0479 | train_acc=0.9869 | test_loss=2.0672 | test_acc=0.9286
2026-05-18 17:27:14,348 | INFO | SpawnProcess-1 | stage1_run5 | Epoch 291 | train_loss=3.9562 | train_acc=0.9901 | test_loss=1.8185 | test_acc=0.9604
2026-05-18 17:27:25,792 | INFO | SpawnProcess-3 | stage1_run4 | Epoch 296 | train_loss=4.7515 | train_acc=0.9881 | test_loss=2.1486 | test_acc=0.9467
2026-05-18 17:27:50,378 | INFO | SpawnProcess-1 | stage1_run5 | Epoch 292 | train_loss=3.4750 | train_acc=0.9914 | test_loss=1.8114 | test_acc=0.9529
2026-05-18 17:28:02,194 | INFO | SpawnProcess-3 | stage1_run4 | Epoch 297 | train_loss=4.4328 | train_acc=0.9884 | test_loss=1.6883 | test_acc=0.9279
2026-05-18 17:28:26,857 | INFO | SpawnProcess-1 | stage1_run5 | Epoch 293 | train_loss=3.2737 | train_acc=0.9919 | test_loss=1.6649 | test_acc=0.9617
2026-05-18 17:28:33,040 | INFO | SpawnProcess-3 | stage1_run4 | Epoch 298 | train_loss=3.4104 | train_acc=0.9912 | test_loss=1.8496 | test_acc=0.9382
2026-05-18 17:29:03,004 | INFO | SpawnProcess-1 | stage1_run5 | Epoch 294 | train_loss=3.6116 | train_acc=0.9910 | test_loss=1.7601 | test_acc=0.9568
2026-05-18 17:29:07,561 | INFO | SpawnProcess-3 | stage1_run4 | Epoch 299 | train_loss=3.8932 | train_acc=0.9899 | test_loss=1.7972 | test_acc=0.9275
2026-05-18 17:29:37,272 | INFO | SpawnProcess-1 | stage1_run5 | Epoch 295 | train_loss=2.8672 | train_acc=0.9927 | test_loss=1.6958 | test_acc=0.9646
2026-05-18 17:29:42,219 | INFO | SpawnProcess-3 | stage1_run4 | Epoch 300 | train_loss=4.3525 | train_acc=0.9889 | test_loss=1.8345 | test_acc=0.9283
2026-05-18 17:30:01,675 | INFO | SpawnProcess-3 | stage1_run4 | Final train_eval_loss=3.2099 | train_eval_acc=0.9367
2026-05-18 17:30:01,700 | INFO | SpawnProcess-3 | stage1_run4 | checkpoint=runs/l_mnist_stage1_rnn_param_match_20260518_115200/gfr_lmnist_stage1_run4.pt | complete
2026-05-18 17:30:01,713 | INFO | Completed stage1_run4 on GPU 0
2026-05-18 17:30:11,291 | INFO | SpawnProcess-1 | stage1_run5 | Epoch 296 | train_loss=3.4930 | train_acc=0.9913 | test_loss=1.9315 | test_acc=0.9550
2026-05-18 17:30:38,773 | INFO | SpawnProcess-1 | stage1_run5 | Epoch 297 | train_loss=4.2129 | train_acc=0.9894 | test_loss=1.9938 | test_acc=0.9459
2026-05-18 17:31:05,590 | INFO | SpawnProcess-1 | stage1_run5 | Epoch 298 | train_loss=4.6467 | train_acc=0.9884 | test_loss=1.7283 | test_acc=0.9556
2026-05-18 17:31:33,639 | INFO | SpawnProcess-1 | stage1_run5 | Epoch 299 | train_loss=4.0966 | train_acc=0.9898 | test_loss=1.9529 | test_acc=0.9436
2026-05-18 17:32:00,986 | INFO | SpawnProcess-1 | stage1_run5 | Epoch 300 | train_loss=4.6585 | train_acc=0.9881 | test_loss=1.7824 | test_acc=0.9566
2026-05-18 17:32:18,739 | INFO | SpawnProcess-1 | stage1_run5 | Final train_eval_loss=3.1294 | train_eval_acc=0.9673
2026-05-18 17:32:18,765 | INFO | SpawnProcess-1 | stage1_run5 | checkpoint=runs/l_mnist_stage1_rnn_param_match_20260518_115200/gfr_lmnist_stage1_run5.pt | complete
2026-05-18 17:32:18,787 | INFO | Completed stage1_run5 on GPU 1
2026-05-18 17:32:22,326 | INFO | Final | GFR-RNN test acc mean/std: 0.9342 / 0.0137 | RNN: 0.8063 / 0.0731
2026-05-18 17:32:22,326 | INFO | Stage-1 parameter-matched run complete
