model,epoch,train_loss_mean,train_loss_std,test_loss_mean,test_loss_std
GFR-RNN,1,233.90861921310426,4.355940317974537,31.34634222984314,1.9250307415849675
GFR-RNN,2,154.75714075565338,11.692424045251125,22.523262536525728,1.663897655726004
GFR-RNN,3,115.38652926683426,9.378332375194232,17.231957268714904,1.601850213514887
GFR-RNN,4,90.76740672588349,6.8916183558001665,14.105961221456528,1.1292946067224694
GFR-RNN,5,77.25059484243393,5.49712427381301,12.315366315841676,1.0779719879392755
GFR-RNN,6,67.77134529948235,5.674671072688232,11.05712737441063,0.985136253058881
GFR-RNN,7,61.72029937505722,6.1818060493712315,9.641680663824081,1.0046857435199326
GFR-RNN,8,56.65859659910202,6.557902086409718,9.11740821301937,0.9123871978075949
GFR-RNN,9,52.52506908178329,6.499969949880561,8.478339931368827,0.9003730771318862
GFR-RNN,10,49.269650501012805,6.308189662478884,8.010373923182488,0.952566276519266
GFR-RNN,11,46.12382892370224,6.353800965186445,8.129047083854676,1.0840438241623267
GFR-RNN,12,43.28527031540871,5.841640179650001,7.275982168316841,1.0920841411772422
GFR-RNN,13,40.45730427205562,5.653821893373165,7.02056094110012,0.8521091669861757
GFR-RNN,14,38.37688454389572,5.663182001553568,6.3614855915307995,0.7540631096414508
GFR-RNN,15,35.807115089893344,5.441034986005808,6.006236003339291,0.9315048113856806
GFR-RNN,16,33.44836569428444,4.465671094973432,5.715996375679969,0.654068897056584
GFR-RNN,17,31.806388705968857,4.248413246946998,5.818878477811813,1.3334252055630789
GFR-RNN,18,29.799031376838684,3.5383783396428177,5.0413309127092365,0.38216229095735643
GFR-RNN,19,29.142331337928773,3.0507282826377597,4.887451140582561,0.37955676664813526
GFR-RNN,20,27.457489922642708,2.1585603397934254,4.579584215581417,0.4180702089226653
GFR-RNN,21,26.360940156877042,2.3905483870045896,4.484350408613682,0.5582991553756879
GFR-RNN,22,25.16571981459856,2.398595005937742,4.2859445556998255,0.4099569966539653
GFR-RNN,23,24.410582710802554,2.1345872345208865,4.144394721090793,0.22779467276605952
GFR-RNN,24,23.5435590416193,1.976882358726892,4.2320135802030565,0.618702129099481
GFR-RNN,25,23.30614933371544,2.082804346151948,4.0793128833174706,0.3914650637573275
GFR-RNN,26,22.417493595182897,1.5859280134932956,4.161578802019358,0.6677078807544106
GFR-RNN,27,21.7875878483057,2.1013036640992064,3.9988159850239753,0.5673486083654034
GFR-RNN,28,21.409249120950697,1.3824310857272886,4.019295249134302,0.19436448650820304
GFR-RNN,29,20.77886962890625,1.5390848480235624,3.700556680560112,0.41900142348402675
GFR-RNN,30,19.875979527831078,1.3082160678722887,3.689092364907265,0.24506329304626676
GFR-RNN,31,19.6517922565341,1.3447661839933847,3.599475960433483,0.3809464198440252
GFR-RNN,32,19.6905015707016,1.1541785225997736,3.6560665532946586,0.6587448334149187
GFR-RNN,33,18.68129998743534,1.249126340882372,3.3489831745624543,0.12590702006867535
GFR-RNN,34,18.403978945314883,1.0638542497634522,3.358429352194071,0.33986570456736576
GFR-RNN,35,18.366715639829636,0.9625346092694771,3.4745592914521692,0.3857801922938331
GFR-RNN,36,17.851819629967213,1.4226597432355477,3.3690149925649164,0.3697287825394811
GFR-RNN,37,17.401428160071372,1.2341546524838956,3.291799295693636,0.4744294057387723
GFR-RNN,38,16.70648223683238,1.0388550987926966,3.366076719760895,0.411663726801876
GFR-RNN,39,16.609776067733765,0.8010600994479894,3.3953044183552263,0.5538385069046567
GFR-RNN,40,16.188362969458105,0.9234827337757373,3.21556271314621,0.2549526348362837
GFR-RNN,41,16.195594303309917,0.9200051514255132,3.0217890538275243,0.3460593348690532
GFR-RNN,42,15.763159372657537,0.7581128221837572,2.8815779246389868,0.1407857331759396
GFR-RNN,43,15.763755950331689,0.824684401847128,2.9630991511046885,0.1316600377783202
GFR-RNN,44,15.19935234338045,0.4659494981243615,3.0287920787930487,0.28623719265413355
GFR-RNN,45,15.211446806043387,0.8490575159544849,2.835695858299732,0.2820662579969396
GFR-RNN,46,14.851219668984413,0.7494204354852424,3.2240603525191545,0.4066106591303152
GFR-RNN,47,14.790542908012867,0.8085859742458361,2.8425018906593325,0.22419754722688454
GFR-RNN,48,14.46718666702509,0.7802130549452605,2.7292776867747306,0.1603882802760205
GFR-RNN,49,14.33044550716877,0.8296174565520191,3.049083165079355,0.2371175560401815
GFR-RNN,50,14.03627065718174,0.6214017322606671,2.9674231082201006,0.2707717951939395
GFR-RNN,51,13.908783208578825,0.4791672134867421,3.046009687334299,0.48468687437028657
GFR-RNN,52,13.707760171592236,0.6359757581098195,3.0992146242409944,0.5808435331757478
GFR-RNN,53,13.056738914549351,0.7413346912547945,2.7169720813632012,0.19042032831491276
GFR-RNN,54,13.5087889008224,0.265196226727397,2.884798912703991,0.2753650934457225
GFR-RNN,55,13.35038881599903,0.9482889279156536,2.709564197808504,0.3362176362453952
GFR-RNN,56,12.926923929154873,0.6383684624866656,2.8180270716547966,0.3156355657825695
GFR-RNN,57,12.922284353524446,0.6123912347734775,2.6106385853141547,0.16930599110631758
GFR-RNN,58,12.679392824321985,0.5672903433402886,2.8516763284802438,0.12096735267821256
GFR-RNN,59,12.59216599687934,0.6104899888525601,2.3906143326312304,0.21987770979474652
GFR-RNN,60,12.321073207259179,0.7143236394286373,2.5803265783935787,0.10050494394919587
GFR-RNN,61,12.31670289337635,0.4908698035901535,2.469650438427925,0.0898860896883991
GFR-RNN,62,12.034269610792398,0.42081306212559405,2.4714994437992575,0.2146522708838653
GFR-RNN,63,11.898011232912541,0.739510796360495,2.7772114884108303,0.48239142250952244
GFR-RNN,64,11.82964169755578,0.898326904873258,2.576227179169655,0.25405998891279663
GFR-RNN,65,11.61246550604701,0.5142946802260799,2.475938658416271,0.14931731063200912
GFR-RNN,66,11.43633181527257,0.6671560444429548,2.4745609145611525,0.05811639084634467
GFR-RNN,67,11.129162692278623,0.5174851066606836,2.459871081635356,0.16660344640861466
GFR-RNN,68,11.39523133225739,0.5020654641377412,2.5445093132555483,0.29122039295977525
GFR-RNN,69,11.265570376068354,0.5536859084329134,2.4287563424557446,0.23202828448690566
GFR-RNN,70,11.126084468141197,0.44066951085469563,2.4043403267860413,0.194965547967792
GFR-RNN,71,10.925806229561568,0.5297763651341407,2.265077064558864,0.15644591463509244
GFR-RNN,72,10.733171094954013,0.620606473241398,2.489412459358573,0.25685255400176327
GFR-RNN,73,10.701161738857627,0.3191815194580766,2.406005236506462,0.17962109063080872
GFR-RNN,74,10.503862987458707,0.73472880495131,2.3606997348368166,0.1279453267514103
GFR-RNN,75,10.822975914925337,0.8469658048126842,2.3804239206016065,0.22012026188033063
GFR-RNN,76,10.535004394873976,0.8577186801567636,2.363660817965865,0.1414584648995969
GFR-RNN,77,10.314010460674762,0.4944997316097653,2.3812220035120846,0.2437946600003707
GFR-RNN,78,10.222055872902274,0.5009879004102487,2.4924213230609893,0.15823979601024946
GFR-RNN,79,10.439451490342616,0.26795606493901586,2.5741174750030043,0.25930599033115764
GFR-RNN,80,10.21868336610496,0.6358848651779891,2.2562992852181196,0.15163528848149627
GFR-RNN,81,10.048619801551103,0.26299484158880004,2.20049666762352,0.06341733854705134
GFR-RNN,82,9.80563392303884,0.4148245334148996,2.337539495527744,0.31211448630248045
GFR-RNN,83,9.716881325095892,0.4611642856425748,2.3751548171043395,0.3518382074158868
GFR-RNN,84,9.938204656168818,0.965539109675732,2.281099634617567,0.13079082235243977
GFR-RNN,85,9.654396466165782,0.5786294053671606,2.1963819824159145,0.0949537907880019
GFR-RNN,86,9.478039556369186,0.4353458109338119,2.454136670008302,0.3680625449658159
GFR-RNN,87,9.763182788342238,0.6324844474776599,2.4119932390749454,0.2856139950382353
GFR-RNN,88,9.335719725489616,0.4850511639371471,2.372189874947071,0.23191174866161376
GFR-RNN,89,9.42174543067813,0.9008260707742162,2.331064011901617,0.10143243227883764
GFR-RNN,90,9.34373489972204,0.7092341080183175,2.389413572661579,0.1853167072054129
GFR-RNN,91,9.308637400344015,0.5382012451795054,2.1668345306068657,0.12004396473112916
GFR-RNN,92,9.231962780654431,0.7110670380598426,2.213045047596097,0.21529073860491235
GFR-RNN,93,9.077000622451305,0.5424528976755782,2.4145772200077773,0.32693379847849935
GFR-RNN,94,9.293751955032349,0.7198774846027359,2.3890467666089537,0.15877674641923675
GFR-RNN,95,9.105269087292253,0.43983175168647937,2.072192113101482,0.07359381574812977
GFR-RNN,96,8.875572077557445,0.596668355815695,2.195130206272006,0.2679684435202724
GFR-RNN,97,8.795513842627406,0.8057916647590324,2.186117331311107,0.16765300650430656
GFR-RNN,98,8.931264942511916,0.614830712788732,2.132989964261651,0.20271024242699556
GFR-RNN,99,8.888684724643827,0.7974790717250642,2.1099606417119503,0.12273236754660127
GFR-RNN,100,8.625859534367919,0.3500730662698331,2.020823545753956,0.1025941431931308
GFR-RNN,101,8.669196467846632,0.6434734423917564,2.2412063531577586,0.24902835050190192
GFR-RNN,102,8.335610216110945,0.7474174812688962,2.0706084609031676,0.1448044762796888
GFR-RNN,103,8.500799695029855,0.4679398969981434,2.2322197502478955,0.21699419981851736
GFR-RNN,104,8.39415670838207,0.7798185413028254,2.190144913829863,0.256171878176876
GFR-RNN,105,8.43438988197595,0.6668830113547789,2.0112775361165403,0.05937667355235311
GFR-RNN,106,8.065555460937322,0.694810215270394,2.152062017470598,0.31740896777910804
GFR-RNN,107,8.249392453953623,0.7452986660506922,2.0664679035544395,0.09568036832717118
GFR-RNN,108,8.01196419801563,0.5989629682544524,2.1668880000710486,0.13326085230293658
GFR-RNN,109,8.185650849714875,0.4297151203966121,1.9587328776717186,0.0818966055042128
GFR-RNN,110,8.33845065049827,0.7969930027666189,2.1892640560865404,0.16235163531363833
GFR-RNN,111,7.995766269043088,0.7401271723601378,2.063395917415619,0.2362513269706739
GFR-RNN,112,7.944152142852545,0.8617169369766988,2.136143872141838,0.16327496707925737
GFR-RNN,113,8.196723777055741,0.3860668887212188,1.950874607823789,0.10217136396840168
GFR-RNN,114,7.723202716372907,0.6139878311452969,2.0785993106663225,0.19226375214302163
GFR-RNN,115,8.060437978804112,0.5177875483014459,2.1889463935047386,0.23102100159192954
GFR-RNN,116,7.639210217632353,0.6942250514311352,2.1829802660271524,0.17973968802582324
GFR-RNN,117,8.022827036958187,0.6950703216787657,2.2298341605812313,0.2355974407938499
GFR-RNN,118,7.851391183398664,0.5634334960216248,2.016866109892726,0.0807859106548117
GFR-RNN,119,7.746905073150993,0.9053874707487127,1.9989052895456552,0.14993761434716849
GFR-RNN,120,7.563464975357055,0.5230108391969055,2.058523368090391,0.22002803958263187
GFR-RNN,121,7.649497087672353,0.4732447211280807,2.2861944135278462,0.4299894350644622
GFR-RNN,122,7.683638654276729,0.7854046563760717,1.9474026927724482,0.14714057700996386
GFR-RNN,123,7.309600723721087,0.6763995800167174,2.018660445138812,0.09909038909883537
GFR-RNN,124,7.206438002362847,0.5375003539536001,1.9168400248512625,0.14194020259680176
GFR-RNN,125,7.4237210744991895,0.8069814230391913,1.9980977427214384,0.035397360850397616
GFR-RNN,126,7.518227418512106,0.6100244851401452,2.322438417375088,0.6953439000605903
GFR-RNN,127,7.447696917131543,0.8648363564865257,1.95953576117754,0.13789928444976723
GFR-RNN,128,7.2143331993371245,0.7980094542155939,2.0908451709896325,0.1377109423944274
GFR-RNN,129,7.081371461600066,0.6710441917445084,2.2032219549641012,0.2632145193509237
GFR-RNN,130,7.156473524775356,0.9731736862762514,1.9466193445026874,0.11684996725393575
GFR-RNN,131,7.054414343088865,0.791856914120955,1.9504767026752234,0.07788382927814691
GFR-RNN,132,7.0835245728492735,0.5822137144782575,1.924308616667986,0.08061081905103391
GFR-RNN,133,7.186747986450792,0.5350372534199487,2.138471573404968,0.12200496468584732
GFR-RNN,134,6.954476460814476,0.5830064366295096,2.1214492712169886,0.20747675377815944
GFR-RNN,135,6.923912302777171,0.36975839838629576,1.9934037186205387,0.20580944792626252
GFR-RNN,136,6.984578038938343,0.8738871646581113,2.2564701575785877,0.3020127498238018
GFR-RNN,137,6.957308139652014,0.6615414338710585,1.9293810667470097,0.07883281634617458
GFR-RNN,138,7.0464084628969434,0.8019203553403242,2.2040711581707,0.17869821149118845
GFR-RNN,139,6.928686891682446,0.4866915359857659,2.034824386425316,0.2399386857548786
GFR-RNN,140,7.066013426892459,0.6421526484974033,2.130217821523547,0.159787459197858
GFR-RNN,141,6.9548690222203735,0.3791176037958388,1.969932222738862,0.11846788803997493
GFR-RNN,142,6.638412696123123,0.8439654584007587,2.0146344374865293,0.19600273551625985
GFR-RNN,143,6.726183934509754,0.5505214610575216,2.1490772172808645,0.27044278507618924
GFR-RNN,144,6.542327705770731,0.7277130090769766,1.8568410851061343,0.13329398972854622
GFR-RNN,145,6.617262864299119,0.8339059122976501,1.9046006521210075,0.11977267859106278
GFR-RNN,146,6.654159162566065,0.8666995985753857,2.02536096367985,0.11287015864236016
GFR-RNN,147,6.558733083866537,0.6482761695949923,1.8545165130868555,0.033424940958988375
GFR-RNN,148,6.348085462488234,0.6039395361539273,2.138166317716241,0.2433209791086393
GFR-RNN,149,6.415803521871567,1.007770877858947,2.3356526158750057,0.23766991301380672
GFR-RNN,150,6.6458617627620695,0.7293227223937496,1.9308624796569347,0.08758683030373564
GFR-RNN,151,6.272528996132314,0.7175378635654183,2.200210539624095,0.21527575472423122
GFR-RNN,152,6.442863691970706,0.7577641847933757,1.9329462066292762,0.06657047178604643
GFR-RNN,153,6.406900435872376,0.6091893196887591,2.0050316924229263,0.17409592035710075
GFR-RNN,154,6.2351226368919015,0.5664826185535237,1.9661985762417316,0.11363074729774889
GFR-RNN,155,6.137530840933323,0.5913806208009277,2.1489224418997765,0.16646519510474295
GFR-RNN,156,6.521636033244431,1.0491883292328736,2.0535212069749833,0.14790282799523233
GFR-RNN,157,6.435697948746383,0.7917895629706029,2.027827469445765,0.18361572579139515
GFR-RNN,158,6.197406730800867,0.6592546830346653,2.0425050975754857,0.13337513173749954
GFR-RNN,159,6.27863080073148,0.7760783290132895,1.8932358883321285,0.13508990692409378
GFR-RNN,160,6.397268163226545,1.0262780843597241,2.070303222537041,0.2286036433450811
GFR-RNN,161,5.944504060782492,0.7429677146910381,1.8521218691021204,0.0470921127632424
GFR-RNN,162,5.874838388897478,0.6433183053824993,1.9908563185483217,0.12215406004767125
GFR-RNN,163,5.939569768868386,0.7625034144869014,1.9898421812802554,0.1771571730548944
GFR-RNN,164,5.794808360747993,0.40743141270098904,2.0657167594879864,0.11688483760624216
GFR-RNN,165,6.100871288590133,0.38489956346387383,1.8703044256195427,0.16437982955474453
GFR-RNN,166,6.081070121191442,0.543270799491034,1.9164736185222864,0.12029912323240184
GFR-RNN,167,6.033662285655737,0.7048117447646369,1.9620107263326645,0.12704922379935965
GFR-RNN,168,5.855013409629464,0.7201212253487684,1.939557728357613,0.12616642017307583
GFR-RNN,169,5.69606240298599,0.3254191211742832,1.8529631672427058,0.13927811724894207
GFR-RNN,170,5.885098891658709,0.56260974976576,1.988045660406351,0.13927306455447191
GFR-RNN,171,5.535947016719729,0.8006127894099626,2.065663006529212,0.2835791444694492
GFR-RNN,172,5.6836321514099835,0.6564314283476995,1.9193450011312962,0.10793994520072504
GFR-RNN,173,5.753049826622009,0.5801374476419611,1.9976416185498238,0.07604625373686584
GFR-RNN,174,5.875115984119475,0.555143864172254,1.9851593777537346,0.09793303869571512
GFR-RNN,175,5.912769044749439,0.5374616369897502,2.1820303505286573,0.1946814337443121
GFR-RNN,176,6.227527387812733,0.5156318042153125,1.8924680291675031,0.13635196341709174
GFR-RNN,177,5.388658083137125,0.5776974086551016,1.9489731023088097,0.17459415189529268
GFR-RNN,178,5.607468763180077,0.6749759146918299,1.9041144624352455,0.16795106007600877
GFR-RNN,179,5.943554117530584,0.7653078721918068,2.0455155286937954,0.15531980619936595
GFR-RNN,180,5.5355442583560945,0.49132993454839036,1.9938386093825102,0.15059373209960905
GFR-RNN,181,5.469363416545093,0.7166431773920706,1.883563968166709,0.07598764870496923
GFR-RNN,182,5.435537852719426,0.5425357367092888,2.073797528259456,0.21533062815070467
GFR-RNN,183,5.6410972842946645,0.5917968620521574,2.0009500795975326,0.1767557438011267
GFR-RNN,184,5.51125651858747,0.7237474406229368,1.9473369013518096,0.12643137251861106
GFR-RNN,185,5.485255779325962,0.6360508468191173,1.934546970203519,0.18137654540122722
GFR-RNN,186,5.715068725124001,0.7014408382422697,1.9347583949565887,0.16393361886258376
GFR-RNN,187,5.502989404462278,0.43813874782310513,1.9237732419744134,0.07084260369804998
GFR-RNN,188,5.388662299886346,0.8937235131813432,1.8729364205151797,0.12776967369714184
GFR-RNN,189,5.453749431855977,0.5352697436659433,1.9867940172553062,0.13057789222558105
GFR-RNN,190,5.4876392798498275,0.5730686612053746,1.9292846973985434,0.16954511656750598
GFR-RNN,191,5.128408514708281,0.7309253524390869,1.970811090245843,0.12049277110006512
GFR-RNN,192,5.274492894858122,0.930012795899472,2.10267300195992,0.20503015817074108
GFR-RNN,193,5.223212682269514,0.42751822230585185,1.948200660198927,0.1697624601641185
GFR-RNN,194,5.888001470267772,0.610343577476292,1.9291950905695558,0.0906998693467113
GFR-RNN,195,5.427070645429194,0.4720858526375116,1.963054122403264,0.1599805324845277
GFR-RNN,196,5.117183006741106,0.6176775916009439,1.8525186045095325,0.16817619623639932
GFR-RNN,197,5.36931479666382,0.4510019920463404,1.8740833828225731,0.15860982435422372
GFR-RNN,198,5.2619441788643595,0.6699673917386921,1.9749247629195452,0.14617519178665425
GFR-RNN,199,5.309541591536254,0.8239919671953649,1.9430793303996325,0.18153981335872083
GFR-RNN,200,5.414871908444911,0.6242624457997582,1.9918846057727932,0.25718934667055876
GFR-RNN,201,5.223134874925018,0.6874599058230673,2.028372512385249,0.19242360567833533
GFR-RNN,202,4.820886864885688,0.68285659808709,1.9851175563409924,0.1527783883119996
GFR-RNN,203,5.381065107136965,0.9243993894964393,1.985213632043451,0.24882246176117556
GFR-RNN,204,5.219236215762794,0.45994995672529604,2.086953416094184,0.15961570738112832
GFR-RNN,205,4.820881682448089,0.434583399938115,1.9099600676447153,0.11174923363747451
GFR-RNN,206,5.144573787227273,0.8920096455951192,2.043280455470085,0.1920480841887559
GFR-RNN,207,5.086620351113379,0.5378580349364352,1.8991211790591478,0.0662812379930793
GFR-RNN,208,4.917438737675548,0.7043856717471064,2.1205132162198423,0.2889507430181092
GFR-RNN,209,4.973603741079569,0.43652169275985403,1.835116155911237,0.08986125394792333
GFR-RNN,210,5.089458517543972,0.8073868588670904,1.9052985194139183,0.15180626614242393
GFR-RNN,211,5.059538131579757,0.4084029594375987,1.969829243514687,0.1557655213361679
GFR-RNN,212,4.911257423646748,0.8237890613308003,1.8960125401616097,0.1338974077272366
GFR-RNN,213,4.7768799809738995,0.5346586079829049,1.9343741898424924,0.0993913623025829
GFR-RNN,214,5.068064806517214,0.7032583839341002,1.8068124455399812,0.06162204955910793
GFR-RNN,215,5.404814777337014,0.2951898624464025,2.0600764684379103,0.21707465780948487
GFR-RNN,216,4.865371466986835,0.3794616368448155,1.8961310830898583,0.22915693805759904
GFR-RNN,217,5.09945466266945,0.951716479590419,2.0759178306907415,0.37170232477016524
GFR-RNN,218,5.078034373000264,0.5096108515993342,1.8408213051967324,0.09519630911865032
GFR-RNN,219,4.978434878587723,0.6362749727418797,1.8795132024213672,0.2735537869371209
GFR-RNN,220,4.809499434102326,0.7968495683838368,1.9708348285406827,0.04598876692726273
GFR-RNN,221,5.1441717855632305,0.40199184829178647,1.923898024111986,0.12281134536083134
GFR-RNN,222,4.509389198571443,0.5418306112182707,1.8749768378213048,0.1667479601841859
GFR-RNN,223,4.860382704995573,0.6547679248413204,1.9688867500051856,0.09026664133197378
GFR-RNN,224,4.487951448746026,0.603979070927064,1.9913789439946412,0.1547392223028948
GFR-RNN,225,4.587123352382332,0.8316610711840782,1.8754553604871034,0.19311413997057236
GFR-RNN,226,4.732444844394922,0.6932639467825733,1.947855237685144,0.17823622035319295
GFR-RNN,227,4.867670289427042,1.169947824528723,1.9064588829874993,0.16808898671204323
GFR-RNN,228,4.646274592541158,0.675467474702211,1.7926525832153857,0.1145993088043828
GFR-RNN,229,4.651230956427753,0.6278174665059851,1.9528563544154167,0.19487411483306213
GFR-RNN,230,4.885116524808109,0.346665457991763,1.9789343129843473,0.29446556831577503
GFR-RNN,231,5.05338550740853,0.8060231211713859,2.012393284216523,0.2349208563764901
GFR-RNN,232,4.759210077207536,0.41263667073127097,1.9693542715162038,0.14835706500053716
GFR-RNN,233,4.250387807376683,0.4647221215443917,1.853540910873562,0.14012843073116424
GFR-RNN,234,4.290069238934666,0.5421822259311411,1.9715871132910252,0.26758998782108195
GFR-RNN,235,4.732999148778617,0.9172223314711473,1.9677693005651236,0.08805462464788834
GFR-RNN,236,4.6916965582408015,0.46658370810964644,1.8401889149099588,0.04498120367556455
GFR-RNN,237,4.476073148474097,0.5444409306965566,1.7639658420346678,0.0688149688900612
GFR-RNN,238,4.016187225654721,0.37634761920465176,1.7588083422742784,0.11219282784033721
GFR-RNN,239,4.346902790106833,0.6837246238022231,1.8346410519443452,0.1431751405147563
GFR-RNN,240,4.606284406967461,0.5486610936799745,1.9377647236920894,0.08186644193181666
GFR-RNN,241,4.575999106280506,0.6023817383921157,1.8462108083069324,0.13826141842561052
GFR-RNN,242,4.488679614523425,0.8592145822093633,1.8390867402777076,0.18046032008874865
GFR-RNN,243,4.402625642623752,0.7858395893947228,1.8919645227491855,0.08470108696701731
GFR-RNN,244,4.657253586873412,0.9079622715708384,1.9635073676705361,0.16090203350851717
GFR-RNN,245,4.258868395909667,0.3850363496306365,1.8205659436061978,0.11916013059326416
GFR-RNN,246,4.260132488701492,0.6103088370878893,1.972579153906554,0.16636999600472424
GFR-RNN,247,4.565960525535047,0.915351244235886,1.9247625138610602,0.10000640238434923
GFR-RNN,248,4.431800227891654,0.3891776548665017,1.9056026827543975,0.275234298567801
GFR-RNN,249,4.062515572225675,0.797391743382302,1.8942082781344651,0.1435799206462065
GFR-RNN,250,4.229081229865551,0.7256267748859836,1.9548771491274237,0.11333691473352428
GFR-RNN,251,4.256084756925702,0.7155032168868105,1.891285033337772,0.1298483164266179
GFR-RNN,252,4.210508862882852,0.6826276673853746,1.834943837672472,0.05851786880781747
GFR-RNN,253,4.189850428607315,0.6471180321636657,1.8996863629668952,0.25131419187544696
GFR-RNN,254,4.220763901621103,0.6467220140229842,1.8942449621856212,0.12848583346905335
GFR-RNN,255,4.532153780478984,0.5215480120675734,1.8132216309197247,0.08499885902229327
GFR-RNN,256,4.149173633242026,0.5677356698271963,1.798393993731588,0.030716806592715962
GFR-RNN,257,4.116660500317812,0.7281222442079431,1.9189331704750656,0.16793454395079035
GFR-RNN,258,4.316889117751271,0.4788160679820631,1.9339038917329163,0.18859491579787613
GFR-RNN,259,4.181267401017249,0.6095027083398264,1.9840057268738747,0.31930406135766815
GFR-RNN,260,4.3551861981861295,0.3669556642212072,1.8302688189782201,0.08297106057582428
GFR-RNN,261,4.419413294270635,0.5180844298940233,1.888569052144885,0.1164221104711391
GFR-RNN,262,4.00291222515516,0.6983268518781163,1.8597383620217443,0.17517337034924835
GFR-RNN,263,4.47467084294185,0.6813357032101727,1.8780494147911668,0.16672356747382877
GFR-RNN,264,4.285279158782214,0.6845825766152243,1.8630979599431157,0.05655872559016037
GFR-RNN,265,4.206253621820361,0.6554968898081013,2.1143461419269443,0.17711610374328807
GFR-RNN,266,4.6538808580487965,0.9797392323563161,1.7652385948225855,0.042111210518437685
GFR-RNN,267,4.090294646006077,0.3263723210748905,1.9569269899278878,0.14000595550426276
GFR-RNN,268,4.255817121081054,0.5253002452423151,1.9018353935331107,0.10210371349491046
GFR-RNN,269,3.8204012473113833,0.6662585648389533,1.9577300690114499,0.16165866888892852
GFR-RNN,270,4.245155443251133,0.6054451220391237,1.9175129361450671,0.10326376504410123
GFR-RNN,271,4.4647538909688596,0.620753149831215,1.8488538675010204,0.1507282720458158
GFR-RNN,272,3.605211678985506,0.5747605880283477,1.8883391196839512,0.08047019374278092
GFR-RNN,273,3.921644601598382,0.7470836601883342,1.7519699616357685,0.08698103181674459
GFR-RNN,274,3.768152119591832,0.6556220826172264,1.7923240758478642,0.08550434565554589
GFR-RNN,275,4.258129433402791,0.8171127292421232,1.899445085786283,0.09259572578170665
GFR-RNN,276,3.829467109311372,0.45120348479346134,1.894525259360671,0.18956970757955593
GFR-RNN,277,3.937111677136272,0.07721317055779696,1.817090527061373,0.08238072582034497
GFR-RNN,278,3.999612617818639,0.6995731757534348,1.9854366712272167,0.18198550779130515
GFR-RNN,279,4.016117522586137,0.5940108766912174,1.9607866446487605,0.09680425535051848
GFR-RNN,280,4.084132748283446,0.5743299074434316,1.9264758056029678,0.10871386884509164
GFR-RNN,281,4.170851596817374,0.6465480341396972,1.991964939236641,0.16073248966782794
GFR-RNN,282,4.203628343250602,0.2721146778888416,1.8346878921613097,0.18301634531205638
GFR-RNN,283,4.270586145389825,0.4219211534475304,2.037905537337065,0.2357153613524607
GFR-RNN,284,4.237825314374641,0.8323722749339921,1.8117886956781148,0.07219231416016965
GFR-RNN,285,4.112069237325341,0.8232175706322807,1.9081025388091803,0.21354643174510302
GFR-RNN,286,3.6496112558059393,0.4669663462515651,1.84668225068599,0.15621976982776722
GFR-RNN,287,3.813812124263495,0.820790530721677,1.9298845463432373,0.23155071935601354
GFR-RNN,288,3.951862437091768,0.7248207939202248,1.8849627200514079,0.07664229022351758
GFR-RNN,289,3.6760105901863427,0.5458525136535292,1.9322565242648124,0.13260551388571715
GFR-RNN,290,3.868945452477783,0.537943779184355,1.957224253192544,0.2649820672751399
GFR-RNN,291,3.8391039558686315,0.33509153220618176,1.8775317177176476,0.18550280316310844
GFR-RNN,292,3.804626074060798,0.33964995333043746,1.8099583046510817,0.06802037513413178
GFR-RNN,293,3.6458316815085707,0.5252215124782794,1.8604616617783905,0.2419977670195618
GFR-RNN,294,3.6025020719040186,0.6765441481415251,1.9341466601006687,0.3311927821424943
GFR-RNN,295,3.4275140933692456,0.9188303450361209,1.8759065521880984,0.1646444637982078
GFR-RNN,296,3.8442025850061325,0.6537490164297891,2.028004397265613,0.09226889240823993
GFR-RNN,297,3.8960787205025555,0.7942919476689125,1.9046198546886444,0.15789684174785532
GFR-RNN,298,4.05622600344941,0.8306909482573679,1.8203758639283478,0.09999553955041579
GFR-RNN,299,3.9784268931485713,0.4592398571529428,1.8582245986908674,0.053184195655772835
GFR-RNN,300,3.8783751697279514,0.5945982086187119,1.7705235613510013,0.05213530269059306
RNN,1,233.23212304115296,4.659701990183777,32.320408654212955,1.59430994675387
RNN,2,164.2038417816162,8.965180619825016,24.558581018447875,1.70112714282114
RNN,3,131.0192057132721,8.011282357299846,20.450006532669068,1.2556987854187291
RNN,4,111.81000331640243,7.16634523125247,18.146306216716766,0.9797980198224717
RNN,5,98.37400668859482,8.5378551516702,15.804697060585022,1.3830798976216983
RNN,6,86.6020209312439,9.178594034943071,13.983568871021271,1.659846346798921
RNN,7,78.29564860463142,9.214084914649957,13.467695623636246,1.7276956656576337
RNN,8,72.03735405802726,9.063964517145267,12.077583730220795,1.1860568321497889
RNN,9,66.19357001781464,8.166102166501888,10.897055166959763,1.2121165658976334
RNN,10,62.401596921682355,8.021187303683718,10.41171178817749,1.5145341525994562
RNN,11,57.9629805803299,7.196249666738672,9.846513491868972,1.072616218657124
RNN,12,54.693636637926105,6.691914991611221,9.428730520606042,0.7686820043357075
RNN,13,51.552552485466,6.8523978792607725,8.981765308976174,0.8171148080523778
RNN,14,48.691757613420485,6.617608787096398,8.093932789564132,1.277072366055348
RNN,15,46.216536074876785,6.347457128261529,7.973304057121277,0.8945835128575078
RNN,16,44.19087102413177,6.4582007586724375,7.46815904378891,0.9018798019251919
RNN,17,42.11763484477997,6.525956131977777,7.3742008179426195,1.0739331359305295
RNN,18,40.44765640497208,6.379323392718063,6.674853372573852,0.9935275677439046
RNN,19,38.8359050154686,5.970813817947321,7.730511692166329,1.014914348260605
RNN,20,37.90083101987839,5.899475172766051,6.718801490962505,0.9260427426275959
RNN,21,36.388557228446004,5.533360978789813,6.601679360866546,1.1999450579033166
RNN,22,35.01852238178253,5.370592140516776,6.303747503459453,0.6659110877016456
RNN,23,34.31162110865116,5.425221266760918,6.39364690631628,1.1627207683448344
RNN,24,33.21801823377609,5.278459702272983,5.9977089166641235,0.8657789642789898
RNN,25,31.822013738751412,4.753897682408098,5.743658438324928,0.7716235847732122
RNN,26,31.022511993348598,4.4347947556369816,5.523854388296604,1.0656218869532559
RNN,27,30.171782544255258,3.939240560361038,5.732951933145523,0.41733432907426266
RNN,28,29.673228392004965,3.1792007275751946,5.021199975907803,0.6223543216265581
RNN,29,28.570496812462807,3.2172978754303485,5.119133044779301,0.6401706233461807
RNN,30,27.888960862159728,3.4392514549870294,4.718605543673038,0.47041456438139084
RNN,31,27.5450306519866,2.789273685278369,4.912087082862854,0.7655013702903753
RNN,32,26.320619261264802,2.8942677609600724,4.5732906892895695,0.4806451644800564
RNN,33,25.82538248002529,2.934781801439716,4.580961787700653,0.5317991146770243
RNN,34,25.673663949966432,2.8761467772666576,4.483800099790097,0.2823969358592715
RNN,35,25.76608277410269,2.040751962924749,4.487094521522522,0.18824264938584848
RNN,36,24.599700206518172,2.482851654281436,4.4307403460145,0.46766732188349014
RNN,37,24.118403594195843,2.392597957216359,4.383500395715236,0.44526111961888654
RNN,38,24.009079518914223,3.0404037052780746,4.535777381062507,0.44613403893806874
RNN,39,23.759284377098083,2.322202092414087,4.330296060442924,0.31837301237453236
RNN,40,23.043941347301008,2.5819539271253014,4.075061272084713,0.4380195707548759
RNN,41,22.655392129719257,2.2902761305454846,4.140501750260592,0.41171010821060766
RNN,42,22.358398438990115,2.342040257629278,4.1085864186286924,0.3442670274458324
RNN,43,22.225076167285444,1.9797138789855646,4.1178124532103535,0.23259785441487907
RNN,44,22.15200068950653,1.7506079313500253,4.139260563254356,0.12460413195840216
RNN,45,21.644601054489613,1.837090793565961,4.027752228081226,0.3070925055824403
RNN,46,21.040604661405087,2.1026902637547282,3.8205038771033286,0.2617962955464114
RNN,47,21.059279495477675,1.8190902772459618,3.9615997448563576,0.2663662605473263
RNN,48,20.816648803651333,2.082101899633077,3.9885035917162894,0.32749444098163094
RNN,49,20.370887847244738,1.9451076905862974,4.126663735508918,0.6804356367412387
RNN,50,20.502852202951907,2.1620514444469254,3.9996822737157345,0.41578760954847294
RNN,51,19.897646280378105,1.9168676938112659,3.93370551019907,0.3795773085219013
RNN,52,19.596532736718654,2.024766551158836,3.699649040400982,0.2374401872047421
RNN,53,19.305854652822017,2.1035440646357086,3.806725987792015,0.2482447676034855
RNN,54,19.458738247305156,2.0609299455524974,3.719226222485304,0.3873697227943202
RNN,55,18.971710014343262,2.1037756185442964,3.816799881309271,0.22951942617583876
RNN,56,18.617998285591604,2.0293819093698433,3.6260550774633886,0.283556721035182
RNN,57,18.57953198775649,1.6835463852516859,3.735179664939642,0.44301925057242947
RNN,58,18.409789492189883,2.0393836717398344,3.872925326228142,0.7062468812566726
RNN,59,18.67494771182537,1.8722972503114739,3.5163891173899176,0.24316228516119953
RNN,60,17.85002941712737,1.5052748781881564,3.841267664730549,0.30854128575966344
RNN,61,18.0282061830163,1.9544934410657544,3.4072735495865345,0.3369378478038272
RNN,62,17.55731443092227,1.8239192508627882,3.7882701352238657,0.48395951356383143
RNN,63,17.95281200557947,2.1213397632162954,3.5356487445533276,0.3286708436744143
RNN,64,17.391068315505983,2.0973809094912306,3.557506435364485,0.2644651649860791
RNN,65,17.1172505505383,1.855303341102965,3.480530542135239,0.20772748095612056
RNN,66,17.209292255342007,1.576729263930699,3.2621911779046058,0.20953897805616228
RNN,67,16.654313027113677,1.5118155178812487,3.375358763337135,0.24890570446558744
RNN,68,16.798471248149873,1.6829517458523315,3.2794888116419316,0.12653816785928276
RNN,69,16.63860196620226,1.927812082873061,3.356637345254421,0.16672543162092998
RNN,70,16.72128303349018,1.3126688923357932,3.4056765638291835,0.4920817419509514
RNN,71,16.412658217549325,1.6818810151387074,3.333250030875206,0.4965484014687052
RNN,72,16.416426543146372,1.6636552523665074,3.2535186231136324,0.42765696517333474
RNN,73,15.870456714183092,1.5056507660511451,3.035454074293375,0.23591464591399444
RNN,74,15.736102462559938,1.7746088470846595,3.1876412630081177,0.19685390258927896
RNN,75,15.702040173485875,1.7279677239094073,3.2951927095651627,0.2524511898197678
RNN,76,16.012662227451802,1.2778091990357754,3.677215028554201,0.8946475939870306
RNN,77,15.979234690219164,1.4775362458007244,3.421198683232069,0.20111929837862655
RNN,78,15.452925448864699,1.6126377774677414,3.1535228908061983,0.22482325486921403
RNN,79,15.639088133722543,1.631074050810761,3.1754615649580957,0.2901021176768929
RNN,80,15.019760855287313,1.726809372401485,3.050835894048214,0.16545193555997012
RNN,81,15.245705792307854,1.369174903510852,3.2109474293887614,0.2607989524841438
RNN,82,15.069408269226551,1.7992217528382357,3.0941345024853946,0.10836563636353402
RNN,83,14.733553648740052,1.548739037938147,3.361854910850525,0.331584613160963
RNN,84,14.690457495301962,1.458260840589348,3.1882224805653094,0.36340245933840143
RNN,85,14.827134735882282,1.1399436400740341,3.352660395205021,0.38200298954610196
RNN,86,14.656160282343626,1.4415467658047627,3.3500272959470747,0.2691966207687602
RNN,87,14.486669905483723,1.6924873738728057,3.1651061818003656,0.5285834733452025
RNN,88,14.381450406461955,1.6697393750437988,3.265771106630564,0.2384734044271768
RNN,89,14.544441421329974,1.870869351017043,3.0535356987267734,0.24516909261788428
RNN,90,14.014843884110451,1.3820359853235462,3.198040974885225,0.26870818142086556
RNN,91,13.84810595959425,1.3989654974536783,2.914258088544011,0.12580663648476662
RNN,92,13.88536715582013,1.5670846405890622,3.0512713491916656,0.299917360107648
RNN,93,13.714459225535393,1.4690253394403276,3.190880950540304,0.3599917724406031
RNN,94,13.71968934237957,1.4870576618971378,2.9617127805948256,0.24236167883555607
RNN,95,14.025116711109877,1.2779658708782846,3.0402395971119405,0.37381624221207915
RNN,96,13.468975860625505,1.6150800311769722,3.1132299356162547,0.32645763647893056
RNN,97,13.952521356195211,1.4892001586046044,2.913216709718108,0.23521804739405758
RNN,98,13.433010290190577,1.5430690429214022,3.192551051825285,0.5998850048439388
RNN,99,13.545555436611176,1.317728327316027,2.8956298150122164,0.27289926441558093
RNN,100,13.593883775174618,1.3815094906771863,2.8771501176059244,0.31501809923714286
RNN,101,13.062662378698587,1.2586898656505305,2.9301025841385124,0.2149600579192557
RNN,102,13.003320987522603,1.2953895128044244,2.8080621723085644,0.12088972538330947
RNN,103,12.795643921941519,1.1441679478193592,3.115699850022793,0.24454357012704386
RNN,104,13.54036374911666,1.1808581134931793,2.933631003648043,0.4725721029274115
RNN,105,13.220281486213207,1.2816372684487205,2.9986448265612125,0.13248131512875552
RNN,106,13.041041142493487,1.2462461746448794,2.795644849538803,0.18891308198998108
RNN,107,12.772529535740613,1.220472759090841,2.8553927414119245,0.2703082508646614
RNN,108,12.780684301257134,1.4254053075447626,2.8376185107976197,0.18736120728371586
RNN,109,12.954827991127967,1.1575199553201931,3.1586345605552197,0.5403470165476614
RNN,110,12.88575299680233,1.245120806440051,2.7766696587204933,0.1603443322924624
RNN,111,12.42739874497056,1.2233349153438442,2.794663064926863,0.23833457198740093
RNN,112,12.295656112581492,1.3785452941888718,2.6987194050103427,0.16441373434098797
RNN,113,12.31773162931204,1.2062255348769215,2.8882797420024873,0.20644300166442045
RNN,114,12.112044041603804,0.9593549738209346,2.878857236355543,0.28281928864050365
RNN,115,12.540048877894879,1.3681418205336684,2.862198184803128,0.3678067199778636
RNN,116,12.18297256976366,1.2666861381881398,2.8276505187153815,0.09106467229515912
RNN,117,11.904973027855158,1.2661823677874506,2.663501789793372,0.18677534821276545
RNN,118,12.291888138651847,1.0897766150441153,3.042691371589899,0.4288319100595887
RNN,119,12.172367432713509,1.1900131795434452,2.6938902836292984,0.18646109746853617
RNN,120,11.98043875619769,1.002944741926001,2.8038629867136478,0.2924711977489236
RNN,121,11.867357694357633,1.467578112206213,3.0375623397529123,0.697915429612305
RNN,122,11.72697361074388,1.2516835285588015,2.9103336222469807,0.13818605420861033
RNN,123,11.819277660548687,1.083757688787697,2.8802956491708755,0.30038452307078206
RNN,124,11.973558490723372,1.570716235512904,2.9239050216972826,0.2907440481060431
RNN,125,11.430592764168978,0.829601673790274,2.653448136523366,0.1682878287474978
RNN,126,11.588363508880139,1.2496527440183982,2.796693217754364,0.2382540597295672
RNN,127,11.751021787524223,0.9714900081833766,2.7537393659353255,0.17200202689291821
RNN,128,11.473410483449697,1.1698317688307969,2.775672917068005,0.38103683850437703
RNN,129,11.369030572474003,1.15984180881558,2.6573755417019127,0.09942664828614572
RNN,130,11.289478125423193,1.1572888593843527,2.6343776218593122,0.06379288687115564
RNN,131,11.43262259066105,1.4259203735357593,2.6402854211628437,0.12005875633673145
RNN,132,11.25223347209394,0.879886172712986,2.68553101234138,0.17906750645238212
RNN,133,11.249631995335221,0.8974021058810513,2.7534103207290173,0.3897432560306733
RNN,134,11.501389241963626,1.0910010816906204,2.712179697304964,0.24088731175860625
RNN,135,11.12771154344082,1.0408826466201355,2.6292327001690863,0.11571691258647065
RNN,136,11.195408906787634,0.9701338424735788,2.5877098802477123,0.29519494682904773
RNN,137,11.128788994252682,1.141144415434144,2.61255340911448,0.11623088560482303
RNN,138,10.97731576114893,0.9501998810865565,2.738305873051286,0.18812807348754582
RNN,139,11.109130737930537,1.5262976750500448,2.7204817324876784,0.2773706693146618
RNN,140,10.774804024398327,1.179566929146281,2.6375270009040834,0.2244389361139967
RNN,141,10.772562780231237,0.5545802104660035,2.8637154534459115,0.4091863267051873
RNN,142,10.982445065677165,0.9307860535353547,2.9878063440322875,0.2934488475554043
RNN,143,11.226041816920041,1.042602580223837,2.52118452526629,0.1359906055644241
RNN,144,10.832637231424451,1.149761082383355,2.7405849851667883,0.3329793082073472
RNN,145,10.389347718656063,1.1235503349500011,2.6575658924877645,0.10367785907462242
RNN,146,10.702501590922475,1.2387639069765994,2.5818530712276697,0.20466729260914804
RNN,147,10.260798723623157,1.0648263523251673,2.680616610869765,0.25466690871546077
RNN,148,10.5088709063828,1.1645917404061739,2.8142852663993834,0.15500486703630573
RNN,149,10.537069625407458,0.9133312622565437,2.674855286255479,0.13230073700496853
RNN,150,10.420721909031272,0.972585567390802,2.971229364722967,0.4291620817717234
RNN,151,10.249855469167233,1.2194206418429456,2.6548546589910984,0.2502805489512794
RNN,152,10.399826646223664,1.1303072847611342,2.5642836935818196,0.11243147448411392
RNN,153,10.230703639239072,1.0177387275784582,2.747040717303753,0.3608813100244422
RNN,154,10.09551420584321,0.9264391233955172,2.9202273562550545,0.5172341861774044
RNN,155,10.441738865152,1.1794804695050076,2.694653103873134,0.3541601646386621
RNN,156,10.144491294026375,0.8070841832421236,2.659084416180849,0.18839620714895175
RNN,157,10.462284018099307,0.8934289569319406,2.550287223234773,0.09811275417274605
RNN,158,10.320815478637815,1.0226186808821163,2.6409703124314547,0.28578460046634757
RNN,159,10.026068955659866,0.5238931454940556,2.8033551167696715,0.3035946493812903
RNN,160,10.30783066265285,1.0007008194222862,2.641787138953805,0.25780374884277457
RNN,161,10.06313279233873,1.0677152567312098,2.60463362634182,0.1733099868866699
RNN,162,9.741286908462644,0.9940718344424329,2.520168564468622,0.06644044290846211
RNN,163,9.80385412760079,0.6652029375572155,2.581238287314773,0.2978068438061168
RNN,164,9.84796508476138,1.2456615381714118,2.604433096945286,0.12140898130175336
RNN,165,10.168837394937873,1.1721735745690163,2.792682011798024,0.5043750511509063
RNN,166,10.330633669346572,1.0976988118276463,2.7999484460800885,0.43724869480153644
RNN,167,10.084366162866354,0.7173052572596347,2.6180472642183306,0.3128234142189849
RNN,168,9.77602223083377,1.0917708478704475,2.699868968874216,0.15412336170003507
RNN,169,9.900516249984502,0.6329368126807142,2.495784457400441,0.07303447926664733
RNN,170,10.093028324842454,1.108847225753559,2.496247770637274,0.07140570072857894
RNN,171,9.51872195340693,0.7605436320510294,2.8200565055012703,0.36241073585223493
RNN,172,9.492206978425383,0.9375828587686432,2.560273028537631,0.2411572908441186
RNN,173,9.567100889608264,0.801078056305425,2.747483694553375,0.2552821223314965
RNN,174,9.60417789593339,0.9390912808311107,2.5822392508387564,0.08027451880707871
RNN,175,9.805567422136665,0.8422026899878094,2.5025141455233095,0.1409488280049154
RNN,176,9.369087349623442,0.8688368797313217,2.5073520094156265,0.19789120891298106
RNN,177,9.335812229290605,0.959252517134986,2.5612755179405213,0.17996961492557867
RNN,178,9.41840344555676,0.8363947166519387,2.5587707862257956,0.24303584708049597
RNN,179,9.327484115213156,1.0928537554024442,2.6267945002764463,0.2752429345872383
RNN,180,9.18649047575891,0.9664372880507613,2.515986977145076,0.25169108811623997
RNN,181,9.412325800210237,0.9033432196434845,2.506501468271017,0.17705707441948346
RNN,182,9.173107639979571,0.6089736570198819,2.71569920219481,0.17404853305591755
RNN,183,9.066364849731325,0.5833392187402916,2.4533296141773464,0.10709413573978768
RNN,184,9.148674021288752,0.8405250891853694,2.77036343999207,0.42911812804483407
RNN,185,9.092330897785724,0.8581618449696493,2.5646222069859506,0.1764679716959413
RNN,186,9.249404540285468,0.7190489538980538,2.772040221095085,0.3730914654714109
RNN,187,8.916450376063585,0.9208398006014461,2.619987678900361,0.20761026177718878
RNN,188,8.96844420209527,0.9307683776343015,2.6801556453108786,0.4260668362041896
RNN,189,9.459721841290593,0.9808191916435172,2.504883923381567,0.20017706418304138
RNN,190,8.88543454296887,0.6155267633562286,2.811764808744192,0.47310642357391103
RNN,191,8.984310953319072,0.7274638109837444,2.496682135015726,0.21888412197691398
RNN,192,9.098694478720427,0.833005792103596,2.5948739681392907,0.21948069626500233
RNN,193,9.028652952983975,0.6850656011742841,2.62028535194695,0.276989898308271
RNN,194,8.878586260974407,0.6793876914078029,2.566640093922615,0.19676667243298468
RNN,195,8.522650838270783,0.7670816019607143,2.4506376422941685,0.1377119089134808
RNN,196,9.11645186841488,1.302451962652595,2.5360642824321986,0.3288729989004313
RNN,197,8.968315341323613,1.3024890089093355,2.5877190686762335,0.18518273719080733
RNN,198,8.78233648315072,0.676469333509445,2.5172028575092553,0.2132802273832679
RNN,199,8.614275069907308,0.7669502596322487,2.5104015450924635,0.18726851464218747
RNN,200,8.772007492743432,0.9204395178214828,2.4796786937862634,0.1407072766570753
RNN,201,8.710694027319551,0.4306970826060267,2.5148518085479736,0.13282775007443542
RNN,202,8.59931162558496,0.6815740210869751,2.661582341045141,0.2053346359297628
RNN,203,8.997965609654784,0.6562957586043876,2.529294253885746,0.27130598645236603
RNN,204,8.434938449040056,0.7137297687312714,2.531400623545051,0.20067168214922682
RNN,205,8.463052761554717,0.5339134139317517,2.672144252434373,0.28394640779292607
RNN,206,8.494336473941804,0.934367865665594,2.478828105702996,0.16206273737658636
RNN,207,8.586250747274608,0.6952089514409265,2.590467456355691,0.024528880638980982
RNN,208,8.71454799734056,0.5912735314299395,2.477707627788186,0.11910184298964734
RNN,209,8.621357449144124,0.5836407742401821,2.450262463092804,0.14554348754081695
RNN,210,8.330707147158682,0.7823699023850359,2.5179310722276567,0.18569034333691062
RNN,211,8.474001099541784,0.8760036674397355,2.3727518446743487,0.12895827957509723
RNN,212,8.50975500009954,0.7034062453472234,2.5932871647179128,0.3010962809428434
RNN,213,8.395786729082465,0.9281625037866313,2.4622503992170097,0.09583352154552094
RNN,214,8.23420787975192,0.6770968919001631,2.5854679230600595,0.11954239057270649
RNN,215,8.460920833051205,0.9043268365498214,2.6658658243715765,0.32635131350055807
RNN,216,8.574856520071625,1.3370136751737358,2.506587239727378,0.32965280629024224
RNN,217,8.318905985541642,0.7594537579986144,2.725452060997486,0.19003489374901406
RNN,218,8.32244092002511,0.7825087102346162,2.4738369196653367,0.15467617147882276
RNN,219,8.518529124185443,0.5066742824310906,2.508734615519643,0.11607534256147632
RNN,220,8.295993649959565,0.5966925936395627,2.6286985579878093,0.22359247121314402
RNN,221,8.688974839448928,1.1209028058265418,2.7039975047111513,0.24154686793595817
RNN,222,8.151128526777029,0.8493228242694542,2.5694005478173496,0.20648473610814835
RNN,223,8.043723349831998,0.6770008347000263,2.4267014488577843,0.172669817742339
RNN,224,8.420017784833908,0.7090642584071692,2.5689164865761995,0.09923439844568231
RNN,225,8.185987607017159,0.7836005469088189,2.4969593822956084,0.10332800429281552
RNN,226,8.253514160774648,0.7943074804646942,2.4667418863624335,0.08620576846584042
RNN,227,8.142272501066326,0.8794481626920795,2.6752755392342804,0.27926923180779617
RNN,228,8.131047751009465,1.0043165747452594,2.4259153220802547,0.15363127962014897
RNN,229,8.676044745370746,0.71832874792608,2.945970169827342,0.24972168443738382
RNN,230,8.38840079419315,1.2612919377641931,2.618294908106327,0.28096865753382355
RNN,231,7.827673971280456,0.5535511243962491,2.6760936360806227,0.23216900009583494
RNN,232,8.129491925612092,0.4317965078456489,2.5911921717226507,0.3007357748898972
RNN,233,8.213045048341154,0.662096656777806,2.5929341660812497,0.09407080092486632
RNN,234,8.030145238339902,0.642413878001883,2.5871190458536146,0.3166898291837427
RNN,235,7.681405946612358,0.7176502148090182,2.422744531556964,0.19033656449027128
RNN,236,7.934022272564471,0.6587148892642873,2.6187901005148886,0.2850714384712461
RNN,237,7.862404618039728,0.5356064565943343,2.5425820372998715,0.08323009341632764
RNN,238,7.795063994079828,0.6552557653742291,2.6745008185505865,0.2752917612995494
RNN,239,7.841252988576889,0.4740696730737053,2.690641625225544,0.32334902773352253
RNN,240,7.882649631798268,0.9926793448833882,2.423246182128787,0.18853926573832633
RNN,241,8.05431662723422,0.46532049534487024,2.6263492058962585,0.2990207537031792
RNN,242,7.786128590535372,0.835635152082437,2.6091932132840157,0.10693169011504414
RNN,243,7.646151757985353,0.7316419441504218,2.4643164478242396,0.19706755750836244
RNN,244,7.585251370444894,0.43722173646311757,2.5658564899116754,0.06923609053758331
RNN,245,7.834713323041797,0.5912837664328946,2.557641265913844,0.24246553432617537
RNN,246,8.083854738995432,0.6078228144182702,2.6989337906241415,0.20633940230030712
RNN,247,7.745649600774049,0.9040442492706364,2.4586081475019457,0.15075445316161637
RNN,248,7.547591742128134,0.6245568673577916,2.488747001439333,0.2603692385440128
RNN,249,7.749473798647523,0.44848822889184226,2.473904076591134,0.12008900580804836
RNN,250,7.351868262514472,0.8412523539482492,2.67470429353416,0.2556575918949068
RNN,251,7.829232354089617,0.7628184462119526,2.615464521944523,0.1415440917816433
RNN,252,7.3622280126437545,0.2951547666310414,2.5210977517068387,0.21432837940466157
RNN,253,7.657715373113751,0.7843533428367341,2.574202973768115,0.19681628836000667
RNN,254,7.864502203464508,0.9302557924465833,2.4957173176109793,0.17280559453053912
RNN,255,7.51331874569878,0.8576949624051879,2.8111948151141406,0.2488134344710236
RNN,256,7.535678902640939,0.41164805959236245,2.571319751814008,0.27816798330359854
RNN,257,7.311151952669024,0.6688668246008858,3.0740244161337613,1.1833900840737868
RNN,258,7.356751500628889,0.8147892043997418,2.450858796015382,0.2389444906261518
RNN,259,7.389373864978552,1.0068085317114626,2.5801784919574855,0.2713073057135942
RNN,260,8.124544900190084,0.7591255754532129,2.7446155861020087,0.13283823294795383
RNN,261,7.454800583422184,0.29940470911967965,2.3621903486549853,0.20178180443890828
RNN,262,7.141986192204058,0.635091130576161,2.5646207604557274,0.19540209073970266
RNN,263,7.240172053873539,1.008915764668265,2.8295024044811727,0.31791361171389876
RNN,264,7.407967758737504,0.9350001664301028,2.5979467906057834,0.23133764064296347
RNN,265,7.484602692723274,0.8884272337368521,2.554726365953684,0.17108379883171676
RNN,266,7.366532055288554,0.6695989347044103,2.558018874004483,0.23666293271642885
RNN,267,7.785620252788067,0.46718773597700575,2.367060794122517,0.13923160662176745
RNN,268,7.56601537540555,0.3238440337884646,2.556460153311491,0.06159982811053891
RNN,269,7.321230894699693,0.4674529802570263,2.7358476419001816,0.25476834126025094
RNN,270,7.609252736158669,1.02852906961463,2.520103474333882,0.16782289282384402
RNN,271,7.487708705291152,0.8401235710366324,2.478163930401206,0.17939744075761774
RNN,272,7.104004101082682,0.5956606191191381,2.8902219265699385,0.49647121800726307
RNN,273,7.744550451822579,0.512273868043095,2.4554788913577794,0.12583234730520151
RNN,274,7.343630653619766,0.520376809674631,2.6783017363399266,0.21383815108271043
RNN,275,7.3317010113969445,0.8190433506210817,2.5322620209306477,0.318126070618861
RNN,276,7.245124492794275,0.6144479683130692,2.648770121484995,0.42163565969309263
RNN,277,7.145786345750094,0.6102105938432653,2.657767118513584,0.34501463042057917
RNN,278,7.286959850043059,0.5301290219003583,2.5965029750019313,0.13192579201035767
RNN,279,7.244456919841468,0.6442128415924789,2.5999954238533975,0.11748489167109544
RNN,280,7.227698179706931,0.6262749191926347,2.54205118753016,0.18876648458528056
RNN,281,6.784228733740747,0.8780380365692021,2.7011433176696302,0.5574736744815403
RNN,282,6.8892455394379795,0.7712831521589122,2.4773728542029856,0.14872875709471484
RNN,283,6.9198366092517976,0.5745360513260773,2.6663745924830438,0.5021869229432028
RNN,284,7.298618224263191,0.6371243781537915,2.653666366264224,0.17006319158575456
RNN,285,7.561181449890137,0.5334798727771907,2.406430710107088,0.22547218867479327
RNN,286,6.842079624161125,0.2934897057890565,2.469317428395152,0.24778147498289654
RNN,287,6.695018795877695,0.6757587560748332,2.578026113845408,0.1251517859931577
RNN,288,7.208126518502832,0.34076640680877324,2.5184883870184422,0.059422406555712355
RNN,289,7.274048937112093,0.5985429199595576,2.652505499869585,0.3059907556642805
RNN,290,7.144104398041963,0.7724761438764772,2.7528305612504482,0.20646115710231697
RNN,291,7.219088666513562,0.28963397552210574,2.7155834697186947,0.3598498915576168
RNN,292,7.206920247897505,0.8115985971527828,2.5436551980674267,0.2135890774372258
RNN,293,7.293825721368194,0.7399043364518978,2.684383573010564,0.3272673237742631
RNN,294,6.856294018775225,1.0872099582563215,2.5966180261224507,0.14179144498934274
RNN,295,7.153800172358752,0.9585312164441601,2.653116647526622,0.14048429696047124
RNN,296,6.873204734362662,0.4199730697008498,2.853540626168251,0.3248777373240229
RNN,297,6.904579181782902,0.5452709256380216,2.761760502681136,0.15825938426337885
RNN,298,6.934973299130798,0.638582624507593,2.5397141525521874,0.1556312621920364
RNN,299,6.681046929210424,0.5106469847601354,2.694201197102666,0.1407212531330127
RNN,300,6.7574100162833926,0.9026835547089099,2.507541048154235,0.14192473663589822
SNN-LIF,1,260.3611553430557,1.9545949858730016,41.010317134857175,0.4016523227345257
SNN-LIF,2,230.821630859375,4.421335071108281,37.42904572486877,1.2487697896683343
SNN-LIF,3,215.95448844432832,6.814560745237783,35.62490577697754,0.9893210959060234
SNN-LIF,4,205.81823422908784,6.357438942922967,33.717270374298096,1.0702821761291907
SNN-LIF,5,193.82573127746582,6.517305551657341,32.17506172657013,0.7396427700681742
SNN-LIF,6,184.2006789445877,5.895350626633487,30.198887395858765,0.8114583461166089
SNN-LIF,7,172.76208577156066,4.669295399747505,28.455400705337524,0.6535356886246929
SNN-LIF,8,164.24567754268645,6.633315520279372,27.26806733608246,1.5363710730052769
SNN-LIF,9,157.10133471488953,8.120371502936091,25.977088379859925,1.6599044785511265
SNN-LIF,10,150.51751298904418,9.724228621150806,25.005265617370604,1.98677361606554
SNN-LIF,11,143.0910785794258,11.058730461373807,23.725280594825744,1.9607802340798033
SNN-LIF,12,136.13565578460694,11.028429170326124,22.693121433258057,2.1105888128149326
SNN-LIF,13,130.60456510782242,11.00109717724536,22.026505303382873,1.9087150812225655
SNN-LIF,14,126.39034388065338,10.697610470234078,21.408443808555603,2.175055369295987
SNN-LIF,15,122.40858646631241,11.63614057820227,20.204873287677763,2.160128066181765
SNN-LIF,16,119.07804876565933,11.134530752081286,20.703895854949952,2.147798840953858
SNN-LIF,17,116.64624190330505,11.601781158642329,19.865380311012267,2.0053700077209733
SNN-LIF,18,114.11072927713394,11.45807451974943,19.224269938468932,2.300064525805253
SNN-LIF,19,111.62582521438598,11.173654096743613,18.616745018959044,1.8274707520239424
SNN-LIF,20,108.84778901338578,10.240439852253077,18.57310358285904,1.7984823864197532
SNN-LIF,21,107.2543509364128,9.635912163741802,17.909903061389922,1.75197124135013
SNN-LIF,22,104.20381957292557,9.228518803361776,17.55719518661499,1.798187986494577
SNN-LIF,23,101.63961917161942,8.487826325262912,16.968807816505432,1.5839309210938528
SNN-LIF,24,99.54534239768982,7.62152877810485,17.076567792892455,1.7733675802590037
SNN-LIF,25,97.60197405815124,6.668833814616926,16.48114356994629,1.3712720962813938
SNN-LIF,26,95.25216697454452,6.677128162086253,15.97770060300827,1.2600691886619673
SNN-LIF,27,92.15079818964004,6.888895158033348,16.080193120241166,1.7962915945860325
SNN-LIF,28,89.84494026899338,5.063348504813274,15.152206659317017,0.5546500932039218
SNN-LIF,29,87.71826864480973,5.752596594505781,14.874532860517501,1.0826694878031553
SNN-LIF,30,86.1427637219429,5.360963173302502,14.575742888450623,1.0548810244180655
SNN-LIF,31,83.85399838089943,5.405970371719445,14.23170601129532,0.5875670902772143
SNN-LIF,32,82.28914912343025,5.070167810342601,14.057602697610855,0.9911991490066564
SNN-LIF,33,80.79241546988487,4.980887846624342,13.624269807338715,1.0004047334069124
SNN-LIF,34,79.58656448125839,4.65514639320631,13.34556092619896,0.8445320019722827
SNN-LIF,35,78.01564661860466,5.164709533814814,13.227294212579727,0.6813828924583814
SNN-LIF,36,76.88568516373634,4.362382084230267,12.991568690538406,1.112229104985721
SNN-LIF,37,75.77275590896606,4.860731634652613,13.010383415222169,0.5247150800798589
SNN-LIF,38,74.88992269039154,4.978414872821245,12.821434104442597,1.2637188885136832
SNN-LIF,39,73.63615396022797,5.375245015178785,12.252052962779999,0.9379206480455303
SNN-LIF,40,72.77287170290947,4.222071911549256,12.751581311225891,0.887151133184845
SNN-LIF,41,71.64491031765938,5.070386073225674,12.520371335744858,1.3657708808224232
SNN-LIF,42,71.04748078584672,5.118968852356345,12.376994407176971,0.9426536338551755
SNN-LIF,43,69.83978359103203,5.484151351535164,12.255391347408295,1.1516745196374112
SNN-LIF,44,69.39111379981041,5.466315057240546,12.158652353286744,0.641134601286498
SNN-LIF,45,68.09706762433052,3.872542960863144,11.689108026027679,0.8841273726900384
SNN-LIF,46,67.06898819804192,4.722030459557537,11.392984706163407,0.8710054105352304
SNN-LIF,47,66.00079939365386,4.592677598868086,11.468926256895065,1.0241571269151786
SNN-LIF,48,65.48088213801384,4.9457757690922906,11.38280228972435,1.0379800880969197
SNN-LIF,49,64.50198602676392,4.844268207470702,11.096101480722428,0.6695750985784147
SNN-LIF,50,63.39747951030731,4.863806872340053,10.780623996257782,0.9392898578869915
SNN-LIF,51,62.89458687305451,4.631104322529491,10.782472431659698,0.7881438696380624
SNN-LIF,52,62.06271508932114,4.700060421308016,10.997486978769302,0.8918132809444222
SNN-LIF,53,61.99918218851089,4.87339544674455,10.611203598976136,0.9609771670062408
SNN-LIF,54,60.952155417203905,4.987046205970506,10.536827051639557,1.1137660640047893
SNN-LIF,55,60.46979246735573,5.405549854196837,10.40494762659073,0.9702447728115442
SNN-LIF,56,59.750947040319446,5.429897776952511,10.249087724089623,0.7499645536400519
SNN-LIF,57,59.34046996831894,5.25266274256366,10.473728799819947,0.9268037719928719
SNN-LIF,58,58.601255404949185,4.876928226828848,10.230689227581024,1.0834290799652693
SNN-LIF,59,58.164354127645495,5.303165950007479,9.890893644094467,0.8258913331660601
SNN-LIF,60,56.56201664209366,4.65009158814327,9.748349809646607,1.0537151245379146
SNN-LIF,61,57.48960675001145,4.75674082935799,10.101795136928558,0.9820918311653741
SNN-LIF,62,56.05365479588509,4.867486003571632,10.003865313529968,0.698504268085515
SNN-LIF,63,55.57385935783386,4.820657219305045,9.710552030801773,0.7621645860569463
SNN-LIF,64,55.864405053853986,4.889564297922126,9.7716279566288,1.3150867342829886
SNN-LIF,65,55.07457288503647,5.772785623765637,9.30797723531723,0.985775763582914
SNN-LIF,66,54.282453912496564,5.344977529139712,9.446956756711007,1.0424484224960557
SNN-LIF,67,54.6759957075119,5.511193905119126,9.53650543987751,0.9978936128165069
SNN-LIF,68,53.52248811721802,5.547610506304582,9.220146694779396,0.8967867509362126
SNN-LIF,69,53.39626255631447,5.456416330204444,9.179032486677169,1.0573266102968444
SNN-LIF,70,53.10238420367241,5.579804961386193,9.126457461714745,1.064741145909914
SNN-LIF,71,52.47587779164314,5.553149130038548,9.328111833333969,0.8931328855959045
SNN-LIF,72,52.42252207398415,5.26985029675868,9.29919155538082,0.7471285869467491
SNN-LIF,73,51.86200991868973,5.145746971714346,8.800783002376557,0.9428181869171579
SNN-LIF,74,51.38394500911236,5.3655418986759,8.976340103149415,1.0038138468283422
SNN-LIF,75,51.075673300027844,5.5647567633924275,8.834593710303306,1.0463748971190365
SNN-LIF,76,50.23564592599869,5.278424378924023,9.092546910047531,0.8848868055500979
SNN-LIF,77,50.175048971176146,4.724032043479492,8.739203247427941,0.9151841053571889
SNN-LIF,78,50.3354186296463,5.902945839457999,8.795876783132552,1.057518975045662
SNN-LIF,79,49.72831509411335,5.223493878217387,8.933494383096695,0.8758793309601064
SNN-LIF,80,49.30052199363708,5.199477817937796,8.73415045440197,0.9192238366166671
SNN-LIF,81,49.1550203114748,6.088492849741373,8.455249103903771,1.217301640926673
SNN-LIF,82,48.5243181169033,5.201875660690663,8.659437078237534,1.080499621813513
SNN-LIF,83,48.14964018464089,5.571766821892501,8.599880883097649,1.0253844277357567
SNN-LIF,84,48.3459674179554,4.790718217562354,8.413333716988564,1.0509930137171646
SNN-LIF,85,47.88862236738205,5.781930447084691,8.644381660223008,1.3452203301125234
SNN-LIF,86,46.98645107150078,5.706204336657417,8.126526466012,1.021655724162685
SNN-LIF,87,46.66793970763683,5.504552279205782,8.256312844157218,0.8806761040965984
SNN-LIF,88,45.610174334049226,5.074591292731079,8.451620608568192,1.2878410936167135
SNN-LIF,89,45.92395647168159,5.325295193361271,8.189025002717973,1.0632770578310187
SNN-LIF,90,46.78806244432926,5.238392425966864,8.132083866000176,0.8171840140486397
SNN-LIF,91,46.13851495087147,5.369537277611152,8.165144476294518,1.0815629304648116
SNN-LIF,92,45.76328403353691,5.6636371070873235,8.096074903011322,0.7465534167903127
SNN-LIF,93,45.51911470592022,5.499734584940691,8.284589466452598,0.9598730607236481
SNN-LIF,94,44.94726097583771,5.121251768564009,8.23724973499775,0.9050786704786994
SNN-LIF,95,44.933421513438226,5.41535369909193,7.788374024629593,0.8495598079713048
SNN-LIF,96,44.815225541591644,4.814006822587845,7.832458972930908,0.991829311750756
SNN-LIF,97,43.97760849297047,5.05747816144738,7.980396792292595,0.9144683465995783
SNN-LIF,98,45.21307688951492,7.289154089495816,7.759219390153885,0.9590531104697236
SNN-LIF,99,44.05253717005253,5.970872243131753,7.949348413944245,1.1449335518077077
SNN-LIF,100,44.02529701888561,5.518760262329971,7.839660236239434,0.7578088905054927
SNN-LIF,101,43.583404034376144,6.223324541407918,8.184073954820633,1.9839980011244027
SNN-LIF,102,43.390855461359024,5.97486841684171,7.754104238748551,1.0994359068290929
SNN-LIF,103,42.71060141324997,5.789614823842304,7.9393107950687405,0.6058514484187973
SNN-LIF,104,42.90705421566963,5.45611619285631,8.012601134181022,1.1861927951481308
SNN-LIF,105,42.82947513759136,5.025402796772967,7.649208188056946,0.7784349768280562
SNN-LIF,106,42.367273452877996,5.22396052329962,7.785697969794273,0.7863049608894428
SNN-LIF,107,42.117045539617536,5.102001918098411,7.652556359767914,1.046979172470137
SNN-LIF,108,41.84894301891327,5.211280775964554,7.601731306314468,0.9692434812396605
SNN-LIF,109,41.23513890206814,4.501698852939466,7.410692518949508,0.686831503047542
SNN-LIF,110,41.64327928572893,5.238354807299303,7.370808976888656,0.9930664005175766
SNN-LIF,111,40.99139703512192,4.988784617599907,7.290319958329201,1.1359764850504466
SNN-LIF,112,41.466468220949174,5.2544946472905165,7.425110739469528,1.3150788994507796
SNN-LIF,113,41.059691241383554,5.0802129154835844,7.366312423348427,0.7515000411662827
SNN-LIF,114,41.34379357099533,5.75472720114347,7.463222050666809,1.044987193335626
SNN-LIF,115,40.830939120054246,4.767367470685901,7.087400642037392,0.7492285632629545
SNN-LIF,116,40.533674934506415,4.6470081113593515,7.044035959243774,0.962057720904427
SNN-LIF,117,40.52468563020229,4.618588851704675,7.256887066364288,1.1661273586336034
SNN-LIF,118,40.58934402763843,4.868270071329456,7.024417114257813,1.1542611695278608
SNN-LIF,119,39.7976467192173,4.584030167143654,7.531612706184387,1.1044559862213041
SNN-LIF,120,39.20437626540661,4.450971587257412,6.90476947426796,1.0944697960558187
SNN-LIF,121,39.92110173851252,4.931630970079262,7.304446092247963,0.8930065202593789
SNN-LIF,122,39.73945335447788,4.577293624383708,7.00866551399231,0.854666568310682
SNN-LIF,123,39.85959005057812,4.570643727783418,7.1685548856854435,1.2169972900892003
SNN-LIF,124,39.21388539373875,4.716465741660281,6.953465086221695,0.8290366287798988
SNN-LIF,125,39.13479959070683,4.514654075641534,6.889317765831947,0.829036594417731
SNN-LIF,126,38.73941150605678,5.313968364844325,7.070126739144325,1.1307954980753236
SNN-LIF,127,37.84496674239635,4.235361579613828,6.796421486139297,0.6417779057627373
SNN-LIF,128,38.44731730520725,4.587700734879453,6.757949650287628,0.7901068576932214
SNN-LIF,129,37.97218651771546,4.048603741024796,6.814885476231575,0.7725773001438249
SNN-LIF,130,37.96559928357601,4.083432136457247,6.827720373868942,0.722667826278423
SNN-LIF,131,37.617852073907855,4.074242263328806,6.832835184037686,0.925114776398787
SNN-LIF,132,37.49020909070968,4.374051457125904,6.871729174256325,0.8080500467196275
SNN-LIF,133,37.430658382177356,4.145827821864611,6.7597316831350325,0.7394686386461624
SNN-LIF,134,37.60930083096027,3.8214261005578303,6.494872325658799,0.5217769762649096
SNN-LIF,135,37.19939446151257,3.773001912330434,7.093194329738617,0.8076121346112171
SNN-LIF,136,37.31403891146183,4.148367552995505,6.858576717972755,0.572983795222608
SNN-LIF,137,37.403106382489206,3.7528253814927823,6.959494119882583,0.7175066911860569
SNN-LIF,138,37.26895067989826,3.6144998026604225,6.447305205464363,0.6404753813488518
SNN-LIF,139,37.06732537150383,3.5754773193864673,6.558120286464691,0.6117923558162106
SNN-LIF,140,36.41947837173939,3.871973747370104,6.6139888480305675,0.4244260630225821
SNN-LIF,141,36.52842149734497,3.7527653453670595,6.505503198504448,0.5731199585420639
SNN-LIF,142,36.55515351295471,3.3411292803747714,6.832833948731422,0.698481108677173
SNN-LIF,143,36.34545824229717,3.7341465813280172,6.508878406882286,0.7049885687588828
SNN-LIF,144,36.43318178355694,4.060130057917484,6.8771516874432566,0.856027810528032
SNN-LIF,145,35.92557608485222,4.066902524469894,6.3554448783397675,0.5840993115711289
SNN-LIF,146,35.631096145510675,3.5783330028413824,6.570508965849877,0.534867394339176
SNN-LIF,147,35.521876922249795,2.950254453987882,6.453518751263618,0.6590092478533723
SNN-LIF,148,35.24766283035278,3.4633849714961604,6.390490143001079,0.6364934324524453
SNN-LIF,149,35.32803466916084,3.7065402172538593,6.407259480655194,0.7020939046597481
SNN-LIF,150,34.93939309120178,3.574458926878173,6.069648514688015,0.4318549796393378
SNN-LIF,151,35.254054456949234,3.6353761399417537,6.400137639045715,0.5378545417934715
SNN-LIF,152,35.03307586014271,3.463176715251701,6.226353487372398,0.5162021581614517
SNN-LIF,153,34.892970918118955,3.12519313346132,6.4091931194067,0.803061993606949
SNN-LIF,154,35.230107727646825,3.0165038276704106,6.469472827017308,0.6173095273553135
SNN-LIF,155,34.97933935970068,3.1244059460574456,6.539884331822395,0.7395132266909145
SNN-LIF,156,35.19291316270828,3.1146458192610527,6.271346300840378,0.4685279259589089
SNN-LIF,157,34.34184201955795,3.1875535597617457,6.269497080147266,0.4773060688456647
SNN-LIF,158,34.436483305692676,2.9546255439107725,6.097271946072579,0.32028988217834764
SNN-LIF,159,34.90470980703831,3.5296698720926667,6.403460776805877,0.31499946672362034
SNN-LIF,160,34.27628445476294,3.0672938264417478,6.668208038806915,0.9064186564465574
SNN-LIF,161,34.242698785662654,3.1568088733628707,6.249421635270119,0.6258018549752348
SNN-LIF,162,34.162716284394264,2.942418470453748,6.249512591958046,0.5269836902225244
SNN-LIF,163,34.0000687211752,2.9686425264873604,6.214330515265464,0.4450484289365714
SNN-LIF,164,33.66899741292,2.5720954761178367,6.3314731761813166,0.4974159386040984
SNN-LIF,165,33.788312065601346,2.6864313811989207,6.0792146772146225,0.4923071569545005
SNN-LIF,166,33.744281354546544,2.8459437756337937,6.284084093570709,0.5975696879614403
SNN-LIF,167,33.2276674926281,3.3683287020546784,6.1796618267893795,0.6225570858277558
SNN-LIF,168,32.98891867399216,3.383199702352193,6.1027556106448175,0.6810257155985827
SNN-LIF,169,33.46489123106003,2.7245519143753967,6.093109136819839,0.48130193968971513
SNN-LIF,170,33.57848423719406,3.0253771952432826,6.455502299964428,0.9706405526220181
SNN-LIF,171,33.11658342778683,2.3883551466486477,6.195717793703079,0.3273903040625508
SNN-LIF,172,32.86922475993633,2.761814434584398,6.064119844138622,0.4652091712837659
SNN-LIF,173,32.89137718379497,2.7960234380021087,6.11069110929966,0.43339637413451876
SNN-LIF,174,32.91552349925041,2.5518130771908187,5.990823991596699,0.4740428555164252
SNN-LIF,175,33.173923689126966,2.4582858124741427,6.125517196953297,0.8768626948419571
SNN-LIF,176,32.71090534627437,2.781943456920509,6.27762004584074,0.7988589802627444
SNN-LIF,177,32.33918158113956,2.43923292449901,5.867508712410927,0.5445348340878534
SNN-LIF,178,32.232524526119235,3.1242385975120346,5.967335958778858,0.5078096873108138
SNN-LIF,179,32.67159895896911,2.641542251980256,6.008170308172703,0.3519829565441395
SNN-LIF,180,32.13600334525108,2.7090465188764847,5.910738165676594,0.5180529808474758
SNN-LIF,181,31.95753972530365,2.457049736090002,5.829543262720108,0.4754083096844314
SNN-LIF,182,31.814037406444548,2.548894597870285,6.035906511545181,0.6558633039324928
SNN-LIF,183,32.444618651270865,2.9115722819997965,5.909775638580323,0.42439784500348454
SNN-LIF,184,31.94908408522606,2.453507623395479,6.086146819591522,0.5079386201895966
SNN-LIF,185,32.20244188904762,2.712173296668533,5.712678574025631,0.35938163255387684
SNN-LIF,186,31.917180383205412,2.0374004035219273,5.946519508957863,0.5540638210266097
SNN-LIF,187,31.950553449988366,2.2724640976621497,6.035987901687622,0.49117865680503286
SNN-LIF,188,32.06662917435169,2.492279322338626,6.012594076991081,0.17959627601181927
SNN-LIF,189,31.63967504799366,2.4792339515878687,6.084017306566238,0.5582275141654428
SNN-LIF,190,31.494443944096567,2.3368488808582333,5.909339384734631,0.4620247982431631
SNN-LIF,191,31.21868395358324,1.9174156051663416,5.700583761930465,0.3188039640322079
SNN-LIF,192,31.088298362493514,2.0875869265857996,5.940531274676323,0.3511635352613979
SNN-LIF,193,31.048143687844277,2.4626578548108866,5.960664881765842,0.45412437723374177
SNN-LIF,194,30.65009142458439,2.5378951672125605,5.689546662569046,0.37553438830224245
SNN-LIF,195,31.269706308841705,2.4567987266175573,5.737999154627323,0.49844355448299804
SNN-LIF,196,31.23991676867008,2.62824922903854,5.649757502973079,0.44519542832820447
SNN-LIF,197,31.255794152617455,2.0132387106489817,5.7460119992494585,0.3973822764500343
SNN-LIF,198,30.58684296309948,2.250810063405481,5.625183728337288,0.42185762586900616
SNN-LIF,199,31.17116674333811,1.6781458808850158,5.734432007372379,0.369208693674779
SNN-LIF,200,30.658835411071777,2.6425728233102497,5.758094377815723,0.45846371029613175
SNN-LIF,201,30.670470348000528,2.2801106615052715,5.760133276879787,0.40491747579843446
SNN-LIF,202,30.51152367889881,2.219415679721733,5.962194287776947,0.6373408092343907
SNN-LIF,203,30.999098783731462,2.979128067167311,5.736641961336136,0.4407973904502511
SNN-LIF,204,30.29509282410145,2.102558972592485,5.800277656316757,0.583102680766752
SNN-LIF,205,30.71045827269554,2.4851434804434884,5.6927166193723675,0.3377623017838134
SNN-LIF,206,30.03957735002041,1.9814946191461975,5.71724459528923,0.42979025072998345
SNN-LIF,207,30.11906395256519,2.4151245798960934,5.51577545106411,0.42232821392742415
SNN-LIF,208,30.000758516788483,2.906442874503103,5.6972253888845446,0.5373689909839211
SNN-LIF,209,29.784297648072243,2.6890697886703667,5.462792670726776,0.35537868498144476
SNN-LIF,210,29.645346368849278,2.297890974808006,5.62544883787632,0.49014553861394
SNN-LIF,211,29.693288724124432,2.186592880553741,5.589072503149509,0.45365037777117256
SNN-LIF,212,29.720525592565536,2.0708224246664426,5.4896193370223045,0.38089801869160345
SNN-LIF,213,29.391274172067643,2.13269568583801,5.672031299769879,0.3111690949515729
SNN-LIF,214,29.884701082110404,1.9872842384108151,5.498229248821735,0.4105937080458011
SNN-LIF,215,29.52644229233265,2.016076918214451,5.5547005727887155,0.45461303111519924
SNN-LIF,216,29.354802161455154,2.063289890780252,5.528504858911037,0.4795653130268057
SNN-LIF,217,29.2064090013504,2.593706208009085,5.572350323200226,0.3285422901835286
SNN-LIF,218,29.069922798871993,2.3691256859920595,5.49824737906456,0.29531460300441575
SNN-LIF,219,29.422306793928147,1.9909757470208176,5.5133716583251955,0.5322570989271709
SNN-LIF,220,28.875780868530274,2.026929252172113,5.40870758742094,0.3444938159230167
SNN-LIF,221,29.072109493613244,1.9320546238686942,5.528850369155407,0.49084280369482003
SNN-LIF,222,29.55653088092804,2.556334178091586,5.412301667034626,0.308620731068696
SNN-LIF,223,28.832610151171686,2.290211854622852,5.337848810851574,0.2869501313322245
SNN-LIF,224,28.80919081866741,1.9706268309453534,5.575939938426018,0.35312307701199397
SNN-LIF,225,28.721458920836447,2.393803762445769,5.52729866951704,0.394887821896155
SNN-LIF,226,28.76376440227032,2.064870066659572,5.444935613870621,0.45002043959301447
SNN-LIF,227,28.26212564110756,1.8535432616100014,5.377014875411987,0.3192620760401048
SNN-LIF,228,28.577161802351476,1.7520157987132867,5.42888248115778,0.36138010174788426
SNN-LIF,229,28.368724702298643,2.0495059450191815,5.556416034698486,0.5035336629334742
SNN-LIF,230,28.355165560543536,2.371673642541908,5.403565819561481,0.28307749680138766
SNN-LIF,231,28.309670692682268,2.419997512250805,5.488166645169258,0.39333271783849566
SNN-LIF,232,28.321490117907523,2.4486517260497354,5.480319246649742,0.4246489012889587
SNN-LIF,233,28.464152063429356,2.1936259158327585,5.425312940776348,0.5038780040126717
SNN-LIF,234,28.388059788942336,2.0866699542588836,5.333354213833809,0.3730621157781402
SNN-LIF,235,28.153084932267667,1.9020904767345082,5.451984564960003,0.3342026170014497
SNN-LIF,236,27.871694824099542,2.054975155228736,5.411818066239357,0.3925965573972247
SNN-LIF,237,27.879866021871567,1.9349886938247327,5.166841074824333,0.30469550560754016
SNN-LIF,238,28.14836289584637,1.713618658333304,5.347833648324013,0.3935177824611978
SNN-LIF,239,27.630833151936532,2.4824762609105475,5.288923445343971,0.5175788734969008
SNN-LIF,240,27.708838382363318,2.2044258702229946,5.3300083979964255,0.42424505877050744
SNN-LIF,241,27.996490281820297,2.2127061685618816,5.32388466000557,0.4036089266682304
SNN-LIF,242,27.652490189671518,2.3157566854481697,5.510507026314736,0.4216832143778581
SNN-LIF,243,28.070446899533273,2.1985297329007705,5.367015013098717,0.45052549758082533
SNN-LIF,244,27.7977978348732,2.373486893616832,5.300306199491024,0.32956539624134135
SNN-LIF,245,28.43224233686924,2.0148191210094812,5.52303329706192,0.48738450782222026
SNN-LIF,246,28.33479131385684,1.7200306864317219,5.2094871520996096,0.4132430328082773
SNN-LIF,247,27.785657620429994,2.1477095665512422,5.233562955260277,0.46618131194217255
SNN-LIF,248,27.51395939141512,1.8721942522663448,5.307343922555447,0.35282986849860587
SNN-LIF,249,27.78431825041771,1.8750254905175145,5.1736150398850445,0.27190408283209433
SNN-LIF,250,26.91210605800152,2.0081812887850004,5.210295604169369,0.30911327515034864
SNN-LIF,251,27.18059304356575,2.045662948985513,5.366282181441784,0.3233426102086739
SNN-LIF,252,27.695430770516396,2.1126404941340704,5.2027264967560765,0.3425769159539035
SNN-LIF,253,26.967247080802917,2.374763946225511,5.152470551431179,0.49174528989159977
SNN-LIF,254,27.1125280931592,2.5071385689999124,5.171777096390724,0.537000238337652
SNN-LIF,255,26.830738389492033,2.0617814088786512,5.078948679566383,0.2929759948711712
SNN-LIF,256,27.06934815198183,2.28620956959286,5.157278282940387,0.4062738293314153
SNN-LIF,257,26.693588149547576,2.221614374058085,5.28800830245018,0.36418837386159303
SNN-LIF,258,26.943771302700043,2.1447654575165562,5.332460741698742,0.24954045313391815
SNN-LIF,259,26.610499954223634,1.8706403164605396,5.125111962854862,0.36838639427302833
SNN-LIF,260,27.099018308520318,1.9548511438218379,5.071007530391216,0.2660904915595229
SNN-LIF,261,26.3748338252306,2.0475681055189074,5.200776781141758,0.35460487755865355
SNN-LIF,262,27.122071009874343,2.1648263454091423,5.0734292849898335,0.2867741674283669
SNN-LIF,263,26.769367560744286,1.5894341116638464,5.34875308573246,0.4869277098276051
SNN-LIF,264,26.942104034125805,2.37136661045763,5.266804799437523,0.4620056506939918
SNN-LIF,265,26.790265944600105,2.164318745172102,5.417585580050945,0.4079285562466945
SNN-LIF,266,26.69272474348545,1.9762521635296546,5.308913923799992,0.45513925198554905
SNN-LIF,267,26.34477716088295,2.114208950063189,5.298190088570118,0.2767327355748447
SNN-LIF,268,26.502908369898798,1.7036109360210823,5.089030933380127,0.35646722662553165
SNN-LIF,269,26.38363055884838,2.031700945257328,5.030238410830497,0.45397149068608295
SNN-LIF,270,26.33465839624405,2.2119364593158326,5.103221197426319,0.4197586978567188
SNN-LIF,271,26.416665011644362,1.9571918461815438,5.123740343749523,0.35955359851606616
SNN-LIF,272,26.138293620944022,2.2795263510719366,5.204886065423489,0.531502660556672
SNN-LIF,273,26.73197221904993,2.2604090886198565,5.113410173356533,0.40197075821231276
SNN-LIF,274,26.597081610560416,1.7075333205243124,5.200625818967819,0.20236504095762625
SNN-LIF,275,26.16153966784477,1.913276756590129,5.061089739203453,0.40403887216640216
SNN-LIF,276,26.13913524597883,1.5325126127240136,5.172831270098686,0.26937154877699937
SNN-LIF,277,26.22521953433752,1.8167795131607372,5.13625108152628,0.3702708754383892
SNN-LIF,278,25.973812724649907,1.8729246145952245,5.204163487255573,0.23591974834238297
SNN-LIF,279,25.909581096470355,1.708951418531947,4.940116335451603,0.3562208830993155
SNN-LIF,280,25.698586082458498,2.2328367113613323,5.333965665102005,0.27681670734668484
SNN-LIF,281,25.737819227576257,1.971143049304973,5.086787527799606,0.30569184514642694
SNN-LIF,282,26.044792769849302,2.2135391573158385,5.12599376142025,0.15991983170778132
SNN-LIF,283,25.635566717386247,1.6469368879581405,5.0129080936312675,0.4436306619007971
SNN-LIF,284,25.639330013096334,1.2349423700600117,5.302852959930897,0.3018987523552289
SNN-LIF,285,25.661383727192877,1.564523849414831,5.027404168248177,0.4851285767447862
SNN-LIF,286,25.475357723236083,1.9876304213958693,4.9431995958089825,0.449607341117202
SNN-LIF,287,25.781170323491096,1.6890972349622284,4.973538610339165,0.3677430466782829
SNN-LIF,288,26.090595059096813,1.7485548879196307,4.890254794061184,0.28740210172151104
SNN-LIF,289,25.58741434663534,1.9991200887473741,5.076361607015133,0.21919849684628856
SNN-LIF,290,25.86283520311117,1.5966816966197301,4.991973574459553,0.42702227024582157
SNN-LIF,291,25.674644048511983,1.916454301217407,4.958293256163597,0.23456648824124074
SNN-LIF,292,25.288343584537508,1.844882751862328,5.218507719039917,0.44735399952517635
SNN-LIF,293,25.73365937769413,1.9591594333459217,5.2076847642660145,0.3453349687595673
SNN-LIF,294,25.2557117626071,1.6587420100603438,4.9886484265327455,0.14019417671594045
SNN-LIF,295,25.05839586853981,1.503761293946304,4.883344432711601,0.3000423113372483
SNN-LIF,296,25.405209413170816,1.8231494878511436,5.110189265012741,0.3067434577003869
SNN-LIF,297,24.85418400913477,1.5383517502597135,4.931738835573197,0.5348431310467185
SNN-LIF,298,25.277757911384107,1.9849431253747833,4.874882301688194,0.2478330254013301
SNN-LIF,299,24.942753361165522,1.847789041157521,4.914198397099971,0.391539106196002
SNN-LIF,300,24.576792939007284,1.8099631029382732,4.874471302330494,0.4185578240810651
SNN-Synaptic,1,236.69967274665834,1.935547893775252,33.91893112659454,0.8231725805857385
SNN-Synaptic,2,176.87731935977936,7.1936605979588455,26.673247814178467,1.8102137822519737
SNN-Synaptic,3,144.5612134218216,11.102444824147769,22.281575644016264,1.9654895792477425
SNN-Synaptic,4,124.3195072054863,11.187836726686529,19.320590150356292,1.6465354333239672
SNN-Synaptic,5,110.61719300746918,9.2730932326147,17.989773869514465,1.5087859011482578
SNN-Synaptic,6,102.0773911356926,7.671868925321629,16.37634425163269,1.3783100359563971
SNN-Synaptic,7,94.24335374832154,6.250854953399934,15.373236119747162,0.8289709365428782
SNN-Synaptic,8,88.65123665332794,5.310632079222966,14.417333900928497,0.8856086614188619
SNN-Synaptic,9,83.04446244239807,5.1570113397805555,13.788229608535767,0.9948067283056293
SNN-Synaptic,10,79.20297932028771,4.841174848104956,13.101447969675064,0.6062694175512582
SNN-Synaptic,11,75.64767758846283,5.09924728435845,12.855916094779968,0.76608643602797
SNN-Synaptic,12,72.53058546185494,4.537079864227905,11.899511104822158,0.7050061095330841
SNN-Synaptic,13,70.45632598400115,4.401760547280034,11.534686988592147,0.614155738231698
SNN-Synaptic,14,67.8852352142334,3.9693632436589956,11.052440971136093,0.509031666976989
SNN-Synaptic,15,65.59335148334503,4.290421379785317,10.96573635339737,0.8552812440817079
SNN-Synaptic,16,64.03588859438896,5.222965600546338,10.745955353975296,0.6300834463144882
SNN-Synaptic,17,62.21230177879333,3.679327461700684,10.27990979552269,0.7532156586340703
SNN-Synaptic,18,59.96295100450516,4.071931089382736,10.138620418310165,0.6949784814381339
SNN-Synaptic,19,58.46549600362778,3.892752925734823,10.019379246234895,0.7832003399029688
SNN-Synaptic,20,56.783805346488954,2.769846887734466,9.667429736256599,0.8371467369917448
SNN-Synaptic,21,55.93586174845696,3.4828677577350704,9.67993420958519,0.7500695371078138
SNN-Synaptic,22,54.37406314611435,3.417854353705512,9.554097932577132,1.003904876192614
SNN-Synaptic,23,53.09240950345993,3.9545084868853912,9.21217464208603,0.6458373454658723
SNN-Synaptic,24,52.04659513235092,2.648155476658115,9.116362529993058,0.799359933560799
SNN-Synaptic,25,51.74952694773674,3.861345482883779,8.466886299848557,0.6393785028860376
SNN-Synaptic,26,49.94247170090675,3.1409471785150322,8.696974769234657,0.8892692478481729
SNN-Synaptic,27,48.84155158400536,3.3422938916643705,8.5018190741539,0.5287054085599429
SNN-Synaptic,28,48.2148050904274,3.5014373302652255,8.372399139404298,0.5700474517872538
SNN-Synaptic,29,47.22143886089325,3.285027853316266,7.898273238539696,0.5570369062126922
SNN-Synaptic,30,46.38085089325905,3.1091892216332973,8.239317217469216,1.0189761429323678
SNN-Synaptic,31,45.53666710853577,3.2484378304577284,7.869920319318771,0.976907477450642
SNN-Synaptic,32,44.87912359833717,2.6997233747651292,7.6190149873495105,0.7157454876535958
SNN-Synaptic,33,44.38175346255302,2.7003297547193887,7.8051282346248625,0.8213828510642741
SNN-Synaptic,34,44.326902478933334,2.728400476460236,7.487300160527229,0.387886362016794
SNN-Synaptic,35,43.20169619321823,2.854506019818562,7.69309079349041,0.6008765819376491
SNN-Synaptic,36,43.10016748905182,2.7194679936292503,7.497085466980934,0.6301792812044867
SNN-Synaptic,37,42.361886996030805,2.2408289721209504,7.452157738804817,0.5771309024845708
SNN-Synaptic,38,41.71825869977474,2.423431364379294,7.104287099838257,0.540577932449982
SNN-Synaptic,39,41.26985351443291,2.438243421341474,7.024758142232895,0.489255353316763
SNN-Synaptic,40,40.78023702502251,2.106222153880845,7.362729799747467,0.2343436115687111
SNN-Synaptic,41,40.671480455994605,2.2713865921334646,6.959180536866188,0.26131091456150835
SNN-Synaptic,42,39.45810065567493,2.0483842574810964,6.753294691443443,0.4735221941375864
SNN-Synaptic,43,39.49252821207047,2.2741434207325306,6.712360310554504,0.5095632669502725
SNN-Synaptic,44,38.785152840614316,1.8556498060399738,6.731897214055062,0.5024937366841988
SNN-Synaptic,45,38.68506798148155,1.3585312383220423,6.616878935694695,0.2070901557466189
SNN-Synaptic,46,38.46396975517273,1.3901248812635074,6.589574345946312,0.34143018263464503
SNN-Synaptic,47,38.37849275767803,1.5746189206645749,6.820168855786323,0.9931345933867737
SNN-Synaptic,48,37.440859362483025,2.416978985831392,6.509224939346313,0.45634377122395925
SNN-Synaptic,49,37.427882611751556,1.6124238931561257,6.763578286767006,0.7705672050660245
SNN-Synaptic,50,36.599938687682155,2.084376257990225,6.613195544481277,0.5165639766308027
SNN-Synaptic,51,36.6766315639019,1.604527959617853,6.482874366641044,0.3255337071595265
SNN-Synaptic,52,36.2001091837883,1.7502795151387853,6.330125489830971,0.38981238681384767
SNN-Synaptic,53,35.985250008106235,1.8726105055742257,6.148602050542832,0.4488530415975587
SNN-Synaptic,54,35.351355931162836,1.6219885784960657,6.4135328978300095,0.3719659995095771
SNN-Synaptic,55,35.269564336538316,1.0007441150257286,6.31468014717102,0.6016849505444373
SNN-Synaptic,56,34.89724927544594,2.5871299760206776,6.216120344400406,0.40682462312459017
SNN-Synaptic,57,34.57658177614212,1.9277792699173395,6.260001523792743,0.4643059955528345
SNN-Synaptic,58,34.32740740478039,1.9014743808366,6.173470541834831,0.4446312699372777
SNN-Synaptic,59,34.09967393577099,1.7443140588471453,5.9556754440069195,0.33875740851877884
SNN-Synaptic,60,33.84085259437561,1.9830019999563129,5.711529934406281,0.41729176705999976
SNN-Synaptic,61,34.17099619209766,2.518539759133097,5.914132145047188,0.5640750753388529
SNN-Synaptic,62,33.93243384361267,1.525603976727824,6.083312997221947,0.33304592509773395
SNN-Synaptic,63,33.70245726108551,1.520432556894316,6.102836379408837,0.33807958299751967
SNN-Synaptic,64,33.4544889062643,1.3923828215682041,5.999623729288578,0.5118568800291919
SNN-Synaptic,65,33.521318927407265,1.7997969663670743,6.302306267619133,0.5036603056224227
SNN-Synaptic,66,32.91646323204041,1.3999911717795606,5.882498590648174,0.48129515448554844
SNN-Synaptic,67,32.53559112846851,1.9503031851419335,5.714099560678005,0.41964095785457495
SNN-Synaptic,68,32.0865862429142,1.7328315205105003,5.775143301486969,0.21945504359345425
SNN-Synaptic,69,32.175324401259424,1.581597465374708,5.595402812957763,0.29969459845988894
SNN-Synaptic,70,32.26451359391213,1.8611590900091635,5.803242239356041,0.298867278486378
SNN-Synaptic,71,31.955179831385614,1.6669714189350766,5.616656419634819,0.21020637321560412
SNN-Synaptic,72,31.6498267814517,1.29108426141137,5.590747304260731,0.17199522118336447
SNN-Synaptic,73,31.739694273471834,0.9481426555145197,5.763186994194984,0.27132784463461
SNN-Synaptic,74,31.423213513195513,1.5188420168276395,5.624930909276008,0.18663618167400106
SNN-Synaptic,75,31.242935380339624,1.7538851426267847,5.873048615455628,0.2733113772384544
SNN-Synaptic,76,31.31530768275261,1.1975156747334317,5.56783147752285,0.4358101513081677
SNN-Synaptic,77,31.13329223692417,1.5228315119337,5.466914042830467,0.22496516304706926
SNN-Synaptic,78,30.545414873957633,1.4787284941639836,5.564395658671856,0.46539452958189337
SNN-Synaptic,79,30.561556446552277,1.5298604939492864,5.402069553732872,0.2045577164720586
SNN-Synaptic,80,30.41809536218643,1.3367743177076563,5.283467222750187,0.3117812071050555
SNN-Synaptic,81,30.17815321832895,1.4073198665706075,5.609469553828239,0.5854632955351334
SNN-Synaptic,82,30.148540759086607,1.3981969958032823,5.52454434633255,0.3964980997689563
SNN-Synaptic,83,30.545600482821463,1.4729627570157302,5.462959876656532,0.32224713689187745
SNN-Synaptic,84,29.92963210940361,1.4359721106084264,5.28385911732912,0.33736159795854864
SNN-Synaptic,85,29.77649405300617,1.9344551258204803,5.643350964784622,0.454900494619974
SNN-Synaptic,86,30.19859254360199,1.3443129039363126,5.225846050679683,0.2434261748004511
SNN-Synaptic,87,29.65346106439829,1.8799869075486415,5.252759873867035,0.4877277089658478
SNN-Synaptic,88,29.625404869019984,1.5431824552578917,5.328062754869461,0.22985800646479468
SNN-Synaptic,89,29.49900784790516,1.4489864817210552,5.551548624038697,0.6786112487061892
SNN-Synaptic,90,29.461148479580878,1.5601002947422657,5.264761587977409,0.3112305669877515
SNN-Synaptic,91,28.830910673737527,1.304960072311668,5.29033579826355,0.3210852399114113
SNN-Synaptic,92,28.52085734009743,1.3941260301543281,5.438157728314399,0.5405321489797065
SNN-Synaptic,93,28.80771523118019,2.0087836102179417,5.413435515761376,0.6880447258716083
SNN-Synaptic,94,28.518896877765656,1.2918001987039947,4.9089786320924755,0.1814167449737711
SNN-Synaptic,95,28.157505121827125,1.6243325601727436,5.1930814132094385,0.49854364798624456
SNN-Synaptic,96,28.57238205075264,1.37177460519714,5.250297272205353,0.38090605000932054
SNN-Synaptic,97,28.474109888076782,1.4970279904464994,5.031304717063904,0.23508111090993583
SNN-Synaptic,98,28.49533368945122,1.0737935803603835,5.233917474746704,0.27854216368256973
SNN-Synaptic,99,28.28470166027546,1.3670842118641937,5.212382571399212,0.24740312377482174
SNN-Synaptic,100,28.570024774968623,1.9027129828585203,5.0236952498555185,0.2531970969197012
SNN-Synaptic,101,28.206509104371072,1.404235110819962,5.303931137919426,0.4248505300145853
SNN-Synaptic,102,28.200859823822974,1.5538114234326263,4.955644035339356,0.34917033117771984
SNN-Synaptic,103,27.993778163194655,1.6599930188177177,4.9433328583836555,0.37850275675711026
SNN-Synaptic,104,28.10169033408165,1.6652532460568612,5.819504842162132,0.7857429443827797
SNN-Synaptic,105,27.657897098362447,1.6135526957809831,5.199090912938118,0.28521109958091073
SNN-Synaptic,106,27.414672954380514,1.4201484220865543,4.978100472688675,0.3386542072555269
SNN-Synaptic,107,27.000518757104874,1.69059515541425,4.931421846151352,0.2651942111146784
SNN-Synaptic,108,27.886074441671372,1.6551986601639874,4.9969622328877445,0.3199293740603427
SNN-Synaptic,109,27.359457714855672,1.6027242619018622,4.927140706777573,0.21818651824633956
SNN-Synaptic,110,27.1120914965868,1.345596741031249,5.083694829046726,0.3521847772130863
SNN-Synaptic,111,27.081504815816878,1.4737629773425196,4.980007016658783,0.2974182479557866
SNN-Synaptic,112,27.060075841844082,0.9438252493812315,4.894689945876598,0.5107995589028658
SNN-Synaptic,113,26.97814151197672,1.4650679206860155,4.888646501302719,0.29312742567848216
SNN-Synaptic,114,26.875932379066946,0.9563334248233526,5.087909345328808,0.6416316832144593
SNN-Synaptic,115,26.812040844559668,1.0999424287415094,4.827507545053959,0.364900794063332
SNN-Synaptic,116,26.514596562087537,1.5307458210171034,4.9529441967606544,0.5340683293766552
SNN-Synaptic,117,26.90065854638815,2.043806661416082,4.650869031250477,0.31071600375567493
SNN-Synaptic,118,26.459081859886645,1.4648552673897897,4.821045486629009,0.5057180760049053
SNN-Synaptic,119,26.216703537106515,1.4466318200445556,5.079409094154835,0.48382824564284066
SNN-Synaptic,120,26.658306011557578,1.621595925537098,4.923655004799366,0.32909999314537874
SNN-Synaptic,121,26.465902964770795,1.058601561019355,4.686275368928909,0.265176692582464
SNN-Synaptic,122,26.08373225927353,1.6199245329629024,4.76514587700367,0.3124584187769407
SNN-Synaptic,123,26.3112774387002,1.4268139378523124,4.561797249317169,0.4025816908105999
SNN-Synaptic,124,26.094131138920783,1.6033946150458263,4.8072411805391315,0.33649363043837843
SNN-Synaptic,125,26.12333185225725,1.2917595348546738,4.740554745495319,0.30119634791105143
SNN-Synaptic,126,26.14754757732153,1.980530577856989,4.789622460305691,0.2813250134014654
SNN-Synaptic,127,25.99821495562792,1.3935525858412383,4.890378159284592,0.2935902823912437
SNN-Synaptic,128,25.93827028423548,1.3699478941639605,4.822509853541851,0.2962511418895065
SNN-Synaptic,129,25.722441455721857,1.5984856555445297,4.755501565337181,0.3705246401583004
SNN-Synaptic,130,25.73683372437954,1.4601535562513193,4.887884858250618,0.42872108570216244
SNN-Synaptic,131,25.91217661201954,1.3243151312167742,4.857194235920906,0.25852042125331376
SNN-Synaptic,132,25.39290646314621,1.5787188669253216,4.815207716822624,0.40690176101863845
SNN-Synaptic,133,25.01378529816866,1.5000741995871107,4.68085565418005,0.2795929556143556
SNN-Synaptic,134,25.436978389322757,1.154265523498052,4.8761031240224835,0.4255328481432708
SNN-Synaptic,135,25.298337799310683,1.8799668198742032,4.652106830477715,0.34067274287898125
SNN-Synaptic,136,25.007666569948196,1.4131988195885175,4.709386420249939,0.27760895281167103
SNN-Synaptic,137,25.05653018206358,1.5134466264983157,4.674845243990421,0.34586244260563626
SNN-Synaptic,138,25.01247452944517,1.5879379868479149,4.886226125061512,0.37853540883170333
SNN-Synaptic,139,25.505275423824788,1.4773172825951117,4.696147471666336,0.17890981749171067
SNN-Synaptic,140,25.004206219315527,1.4813707939492275,4.654887206852436,0.1897760659106096
SNN-Synaptic,141,24.591872368752956,1.2755567255817013,4.607030063867569,0.5007458798880121
SNN-Synaptic,142,24.870809012651442,2.0231393023007582,4.940321464836598,0.42557001287103136
SNN-Synaptic,143,24.594166386127473,1.4757487828526623,4.6327265977859495,0.2969223846164892
SNN-Synaptic,144,24.52890783548355,1.3781671812804928,4.572157536447048,0.267429431434368
SNN-Synaptic,145,24.384071281552316,1.6304638331691756,4.631247468292713,0.3423310198585154
SNN-Synaptic,146,24.74283779412508,1.2745911905886649,4.549846485257149,0.2238116642309763
SNN-Synaptic,147,24.126473338901995,1.2274880599382476,4.639219638705254,0.2946854279461545
SNN-Synaptic,148,24.566284304112195,1.5836847167907968,4.672978024184704,0.4509752937820039
SNN-Synaptic,149,24.457250568270684,1.4886445074260684,4.5729859754443165,0.41827584463845474
SNN-Synaptic,150,24.384800603985788,1.3768328591825179,4.742817039787769,0.4166952459846443
SNN-Synaptic,151,24.63679031729698,1.5010018781085446,4.896795971691608,0.4260970802051193
SNN-Synaptic,152,24.40641851425171,1.266715780959001,4.452674807608128,0.23732878315907277
SNN-Synaptic,153,23.879696026444435,1.0819086221898555,4.629175116121769,0.27620797531809854
SNN-Synaptic,154,24.364453421533106,1.4607463569806163,4.3783480182290075,0.3668184769491278
SNN-Synaptic,155,24.324829667806625,1.5701749002301961,4.538034170866013,0.36294396988191757
SNN-Synaptic,156,24.052102418243884,1.4422814638062267,4.578097160160541,0.370164651554813
SNN-Synaptic,157,23.904118365049364,1.5199788157154543,4.515873236954212,0.292831419676772
SNN-Synaptic,158,23.928197735548018,0.9421631189679487,4.517777904868126,0.35489137050752645
SNN-Synaptic,159,23.95242349207401,1.0902647426692509,4.77185981720686,0.31815223816046573
SNN-Synaptic,160,24.17181777060032,1.1674594012202428,4.5652721747756,0.26498840698932397
SNN-Synaptic,161,23.890818583965302,1.678877846357711,4.6208744302392,0.39200443514182753
SNN-Synaptic,162,23.953123937547208,1.036636736128536,4.991575910151004,0.8277239402926717
SNN-Synaptic,163,23.900757409632206,1.506347243125933,5.093946702778339,0.9057017466255519
SNN-Synaptic,164,24.118542179465294,1.3602829741863591,4.64486515969038,0.4788991238666348
SNN-Synaptic,165,23.842979136109353,1.2618460384510644,4.684766775369644,0.3944525928150663
SNN-Synaptic,166,23.40458751767874,1.4342311857000094,4.432648918032646,0.2913160162814854
SNN-Synaptic,167,23.789993387460708,1.0345533603058203,4.626696637272834,0.5410085605053468
SNN-Synaptic,168,23.71639642417431,1.4913474607482589,4.530488379299641,0.19139420767244814
SNN-Synaptic,169,23.69253925830126,0.9927848641689045,4.80181393623352,0.22900066837677485
SNN-Synaptic,170,23.82558587193489,0.986077554829945,4.543047524988651,0.2160001210329315
SNN-Synaptic,171,23.664283035695554,1.087844884655679,4.460445563495159,0.2505099456553588
SNN-Synaptic,172,23.468540069460868,1.078458527225162,4.481816890835762,0.258246061761075
SNN-Synaptic,173,23.252838572859766,1.580187951464789,4.318211933225394,0.2544312096121648
SNN-Synaptic,174,23.279372522234915,1.1137534312930004,4.265774194896221,0.260726560868165
SNN-Synaptic,175,23.380447743833066,1.1888428427616669,4.521556054055691,0.3461103253595078
SNN-Synaptic,176,23.685271692276,1.4848404517842837,4.488208085298538,0.3378505496147998
SNN-Synaptic,177,23.481343196332453,1.1972375784213987,4.3592883229255674,0.13895782402018414
SNN-Synaptic,178,23.670985755324363,0.8805076678031601,4.675751891732216,0.3143813263710248
SNN-Synaptic,179,23.067426638305186,1.1415977112234996,4.534129610657692,0.19808844405524212
SNN-Synaptic,180,23.67058697640896,1.625774326355848,4.5166137114167215,0.446613803363018
SNN-Synaptic,181,22.919757535308598,0.886258691074969,4.4026940479874614,0.25555598985347616
SNN-Synaptic,182,23.552445846796036,1.188205739458234,4.294795897603035,0.23598211809139072
SNN-Synaptic,183,23.451949536800385,1.226645702072139,4.731975223124027,0.26259685721968723
SNN-Synaptic,184,23.0438186109066,1.1975208680236784,4.249886457622051,0.15294092830955588
SNN-Synaptic,185,22.981799256801605,1.2583719172998218,4.2509214848279955,0.23016702784478774
SNN-Synaptic,186,23.195251765847207,0.9520614098623441,4.489822385460139,0.2033243037533744
SNN-Synaptic,187,23.08650038540363,1.1387448261061273,4.347219215333462,0.37478869048839086
SNN-Synaptic,188,22.548769260942937,1.506144200000267,4.396930366754532,0.31207524675681736
SNN-Synaptic,189,22.876403398811817,1.3462693400867387,4.483414319157601,0.4599563209767814
SNN-Synaptic,190,22.829516945779325,0.8227998022954028,4.431245788931847,0.35461130939718677
SNN-Synaptic,191,22.84548087120056,1.627130790235125,4.327950529754162,0.20772792779531227
SNN-Synaptic,192,23.09194899648428,0.9905586312746345,4.43016756400466,0.3526546210884466
SNN-Synaptic,193,22.566643625497818,0.898863826759252,4.37539356648922,0.17841753564698046
SNN-Synaptic,194,22.36652188450098,1.189729065015054,4.524662287533284,0.6083148569230717
SNN-Synaptic,195,22.361269970238208,1.135994113400281,4.4200114265084265,0.43153988985840097
SNN-Synaptic,196,22.637635101377963,1.3411565658134659,4.671375705301761,0.5731663607944556
SNN-Synaptic,197,22.845370727777482,1.3454638382486448,4.447682453691959,0.6290615100770974
SNN-Synaptic,198,22.278154361248017,1.6678205701529936,4.275868108868599,0.2738561160982221
SNN-Synaptic,199,22.389968729019166,0.9289982803365459,4.266788986325264,0.18839137189700492
SNN-Synaptic,200,22.426838031411172,1.0575802085316888,4.429279619455338,0.3424231328244156
SNN-Synaptic,201,22.594572742283344,1.2461936939671323,4.441765125095844,0.36069340499120084
SNN-Synaptic,202,22.5702077254653,1.11653961605985,4.3793105110526085,0.2834834287531559
SNN-Synaptic,203,22.612960603833198,1.2694106402570358,4.23978670090437,0.2687627353432722
SNN-Synaptic,204,22.381753627210855,1.2967369112157374,4.342262184619903,0.44942585426605086
SNN-Synaptic,205,21.998074559867383,1.227032948009529,4.324866861104965,0.3448092704007793
SNN-Synaptic,206,22.37264074832201,1.1038614567670113,4.334941640496254,0.21411729698496929
SNN-Synaptic,207,22.499505007266997,1.0609051673967584,4.288017418980599,0.25827425152920375
SNN-Synaptic,208,22.0273045450449,1.152885627201391,4.200568662583828,0.42924523178904833
SNN-Synaptic,209,22.352833794057368,1.6293138824977265,4.207768686115742,0.27893955280984384
SNN-Synaptic,210,22.10114067941904,1.4125237870553813,4.23351663351059,0.4051682691472112
SNN-Synaptic,211,22.23576340675354,0.9448603484091395,4.227907125651837,0.34049906231616933
SNN-Synaptic,212,22.281517910957337,1.4520793603265076,4.288884572684765,0.29088234106608823
SNN-Synaptic,213,22.24544534534216,1.075171779846745,4.323032908141613,0.2602745170527716
SNN-Synaptic,214,22.48062827885151,1.1313343591967695,4.06167641878128,0.26508468948832237
SNN-Synaptic,215,22.43346517533064,1.2981290028989478,4.14247672855854,0.11007382279068498
SNN-Synaptic,216,22.22749038413167,1.2401439752950958,4.467503401637077,0.11831576138804036
SNN-Synaptic,217,22.402663362026214,1.0021337054495738,4.309845584630966,0.3488995703101239
SNN-Synaptic,218,21.803678721934556,0.8380847079702264,4.315198355168104,0.5179081635329941
SNN-Synaptic,219,22.17786220908165,0.966993644946931,4.160059987008571,0.2264229149296974
SNN-Synaptic,220,21.91685308367014,1.028058271743947,4.147518001496792,0.31705517488269136
SNN-Synaptic,221,21.900762322545052,0.9752554443841652,4.220363163948059,0.3505990440366937
SNN-Synaptic,222,22.07170077562332,0.8349257804260252,4.292226853966713,0.3007653618592308
SNN-Synaptic,223,22.340667636692523,1.659333651546073,4.309861321747303,0.5712662987939227
SNN-Synaptic,224,21.91721771210432,1.2355744071130401,4.167563176900148,0.26014804049634754
SNN-Synaptic,225,21.594785717129707,0.8170162382144293,4.186668081581592,0.1908063181604939
SNN-Synaptic,226,21.700461913645267,1.0249421190342005,4.175017032027244,0.33899595835670626
SNN-Synaptic,227,21.898695394396782,1.6190439484313912,4.269920037686825,0.5694628028357943
SNN-Synaptic,228,21.994902816414832,1.4451067806247002,4.287148548662662,0.5746768191071409
SNN-Synaptic,229,21.66815346479416,1.4239421115720523,4.277895966172219,0.4459757331426324
SNN-Synaptic,230,22.170652927458285,1.3595394083835013,4.308539162576198,0.45219713618576834
SNN-Synaptic,231,21.671714833378793,1.1018365350743466,4.314893014729023,0.1318386922334953
SNN-Synaptic,232,21.68830875083804,1.3658035978928347,4.291575872898102,0.4051148421190658
SNN-Synaptic,233,21.630641812086104,1.2853643027205781,4.315749184787274,0.3170230089600958
SNN-Synaptic,234,21.764819997549058,1.123278266748242,4.094774021208286,0.2903813461961574
SNN-Synaptic,235,21.677855959534647,0.9757350742983995,4.105576623976231,0.4102872576819868
SNN-Synaptic,236,21.608059054613115,1.3838566155441168,4.05656371563673,0.2940324254125794
SNN-Synaptic,237,21.51234619319439,1.5965029347629405,4.501029180735349,0.9572848203279609
SNN-Synaptic,238,21.521584877371787,1.3791757194075467,4.190753355622292,0.32192141878497726
SNN-Synaptic,239,21.80533553212881,1.170368851983265,4.1984599232673645,0.22033014237001033
SNN-Synaptic,240,21.462433348596097,1.1977157970350316,4.2730578750371935,0.2742269866895024
SNN-Synaptic,241,21.56696077734232,1.4571701874927012,4.319466419517994,0.5094453781167771
SNN-Synaptic,242,21.83637300133705,1.1463200212276992,4.222045068442822,0.23013932918833085
SNN-Synaptic,243,21.305520939826966,1.0274124817587338,4.200580851733685,0.2758029206784522
SNN-Synaptic,244,21.290159451961518,1.1440941068703114,4.132415254414082,0.2471211690961046
SNN-Synaptic,245,21.55007876008749,1.3442341213129272,4.2597057417035105,0.39424457985309735
SNN-Synaptic,246,21.862710988521577,1.649568830235512,4.238471427559853,0.5010658709922482
SNN-Synaptic,247,21.631597486138343,1.377538491601836,4.0725700303912165,0.2879349026016139
SNN-Synaptic,248,21.261041189730168,1.5824280721467687,4.051013812422752,0.14076594735892042
SNN-Synaptic,249,21.29988885521889,1.3945910971960391,4.1930207625031475,0.3405306819022781
SNN-Synaptic,250,21.209109556674957,1.1051434888859675,4.237835352867842,0.3353308593488832
SNN-Synaptic,251,21.380946403741838,0.8325859774923827,4.087808574736118,0.20036933253451145
SNN-Synaptic,252,21.4386050388217,1.1435498421503885,4.121936847269535,0.3178891837563149
SNN-Synaptic,253,21.232368113100527,1.349376835162969,4.068030424416065,0.33016158506235865
SNN-Synaptic,254,20.914072546362878,0.9960184271235986,4.086300994455814,0.17858773840271672
SNN-Synaptic,255,21.27098208963871,1.032648940377733,4.061379031836987,0.15473310507858778
SNN-Synaptic,256,21.057908560335637,1.0668686789602042,4.321771635115146,0.26840855976491607
SNN-Synaptic,257,20.966370034217835,1.229948725680091,4.185464259982109,0.2966384978398766
SNN-Synaptic,258,21.06356939226389,1.149230209652219,4.126299701631069,0.2891764890542128
SNN-Synaptic,259,21.165348459780216,1.4865940476429982,4.084791943430901,0.2696542074528795
SNN-Synaptic,260,21.21149810105562,1.2523090219463575,4.265226438641548,0.45142716857751436
SNN-Synaptic,261,21.07878133505583,0.9471974046874386,4.310541298985481,0.39712904601095583
SNN-Synaptic,262,21.22293283045292,1.3492989011096832,4.000268267095089,0.28748593809009754
SNN-Synaptic,263,21.505493077635766,1.3150545945247416,4.213453367352486,0.16879828568791588
SNN-Synaptic,264,21.30622205734253,1.1963110312096037,4.2409826755523685,0.5117350911700107
SNN-Synaptic,265,21.110778617858887,1.2675585995249163,4.296332070231438,0.3715241076171666
SNN-Synaptic,266,21.285746678709984,1.5240975762986722,4.18788740336895,0.38577754601946435
SNN-Synaptic,267,21.035357125103474,1.0730663620008816,4.068713286519051,0.20086894494606541
SNN-Synaptic,268,21.24537945985794,0.8110512497847638,4.016137433052063,0.22572673472921756
SNN-Synaptic,269,20.687278896570206,0.9349122695521802,4.324807092547417,0.41572359867174485
SNN-Synaptic,270,21.059426459670068,1.1710958690240447,4.183363780379295,0.47821533631488505
SNN-Synaptic,271,20.830131904780863,0.9118273725749056,4.172984124720097,0.18477394622388943
SNN-Synaptic,272,20.971964375674723,1.2881164131145264,4.17836058139801,0.2102154041202337
SNN-Synaptic,273,20.848902532458304,1.0416377166942776,4.067994257807731,0.254892892395094
SNN-Synaptic,274,20.97991380393505,0.8476900769397496,4.115090075135231,0.23506951023163178
SNN-Synaptic,275,20.965013821423053,1.2186542503144215,4.156635300815106,0.1791350513800619
SNN-Synaptic,276,20.814773450791836,0.7629647606022933,4.065879000723362,0.2460887901074262
SNN-Synaptic,277,21.193359549343587,1.145178396688722,4.178464649617672,0.22675566628909255
SNN-Synaptic,278,21.017251271009446,1.1752918372152412,4.012708394229412,0.32337230788869786
SNN-Synaptic,279,21.31892375051975,1.4696049779827796,4.352780996263027,0.35430037899083106
SNN-Synaptic,280,20.50451726913452,0.9620877219289246,4.108022064715624,0.1717272822618285
SNN-Synaptic,281,20.82421992123127,0.9974867588826013,4.001436416804791,0.15303765301568706
SNN-Synaptic,282,20.456695929169655,1.3180517314569486,4.215566876530647,0.29712166412354113
SNN-Synaptic,283,20.679653356969357,1.0042642337181467,3.9468023404479027,0.26017704861909874
SNN-Synaptic,284,20.851394219696523,0.9527501498085793,3.997378000617027,0.0986458715784419
SNN-Synaptic,285,20.300506679713727,1.1734318369299295,4.329257071018219,0.5735990769241172
SNN-Synaptic,286,20.55389745980501,1.1658160139935232,4.002766960859299,0.4005371501374719
SNN-Synaptic,287,20.167754977941513,1.2800622691064596,3.938631942868233,0.20566959964900736
SNN-Synaptic,288,20.308235366642474,1.063711026692248,3.8898690938949585,0.15150241194717942
SNN-Synaptic,289,20.326590490341186,0.7032106601221274,4.078949123620987,0.21704850482926444
SNN-Synaptic,290,20.250262530148028,0.5297504028582121,3.9664619341492653,0.3568071233394357
SNN-Synaptic,291,20.212824375927447,1.0892227388058597,3.9209028080105783,0.30377463095119445
SNN-Synaptic,292,20.44539594054222,0.749561133774802,3.917092204093933,0.24270820007949143
SNN-Synaptic,293,20.221714527904986,0.8077845994842293,4.053997066617012,0.26332829060896423
SNN-Synaptic,294,20.076877894997597,1.0743135142256834,4.029680201411248,0.12458709983331966
SNN-Synaptic,295,20.429911562800406,0.5634177958315738,4.1169341370463375,0.1801704200791318
SNN-Synaptic,296,19.87936082482338,0.58805445177032,3.9272477872669698,0.16170857097722988
SNN-Synaptic,297,20.064305253326893,0.7275227021968123,4.014777871221304,0.29254622686015347
SNN-Synaptic,298,20.2055726647377,0.9521482030137148,4.4011515632271765,1.0488598756305467
SNN-Synaptic,299,20.428983469307422,1.4466105356157328,4.063956838846207,0.2605362804309352
SNN-Synaptic,300,20.18003475293517,0.8411186852175208,4.14344946295023,0.31998536199179073
