cell_id,species,dendrite_type,line_name,layer,evr1,evr2,c0,c1,gamma,alpha_1,alpha_2,alpha_3,alpha_4,alpha_5,alpha_6,alpha_7,alpha_8,beta_1,beta_2,beta_3,beta_4,beta_5,beta_6,beta_7,beta_8,poly_coeff_0,poly_coeff_1,g_b,max_current,max_firing_rate,cell_class,ei_type
566517779,Mouse,spiny,Chrna2-Cre_OE25,5,0.7826315416638527,0.7080001087256376,-0.5794889571053731,0.04026940368164832,0.052724396084222504,8.024927139282227,0.08883535861968994,0.1395762860774994,0.1626509577035904,0.14528407156467438,0.0855310782790184,0.047293052077293396,0.014968644827604294,0.11180227994918823,-0.13139289617538452,-0.18530622124671936,-0.08394895493984222,-0.19180038571357727,-0.41120606660842896,-0.49696192145347595,-0.5482808351516724,-0.002819140674546361,2.7646944522857666,109.99280548095703,189.80999755859375,0.052724396084222504,Excitatory (Mouse),Excitatory
486875162,Mouse,aspiny,Htr3a-Cre_NO152,2/3,0.6352067340663038,0.6319429981191199,-0.34978454162418593,0.008663200707252667,0.21766286242770916,7.571374416351318,-0.39827245473861694,-0.2255888283252716,-0.07749371975660324,-0.002141157165169716,0.04358699917793274,0.06189170479774475,0.060702133923769,-0.4567340612411499,-0.5257096886634827,-0.4970698952674866,-0.3539738059043884,-0.28607863187789917,-0.28160133957862854,-0.23922501504421234,-0.2035619467496872,-0.11011555790901184,1.411395788192749,80.44245910644531,229.9425048828125,0.21766286242770916,Inhibitory (Mouse),Inhibitory
562651165,Mouse,aspiny,Ndnf-IRES2-dgCre,2/3,0.7905948354271152,0.7825429814480398,-0.9134189372373204,0.030692647405794037,0.09166161611161866,7.747243881225586,-0.057125192135572433,0.081736259162426,0.08999229967594147,0.08736182749271393,0.08614838868379593,0.06240152567625046,0.03699665144085884,-0.4443598985671997,-0.5351720452308655,-0.35278499126434326,-0.44554516673088074,-0.26714321970939636,-0.13133268058300018,-0.1461445540189743,-0.18176323175430298,-0.037174154072999954,2.655607223510742,209.87765502929688,229.77000427246094,0.09166161611161866,Inhibitory (Mouse),Inhibitory
526573598,Mouse,spiny,Ctgf-T2A-dgCre,6b,0.5736700703795753,0.6507484473111422,-0.9145670290157014,0.07384124164427802,0.055701121152168326,8.154641151428223,0.19003905355930328,0.2184811681509018,0.2053186148405075,0.16451208293437958,0.12142404913902283,0.11013136059045792,0.097932368516922,0.24296358227729797,-0.42125123739242554,-0.10428541898727417,-0.07938861846923828,-0.5330594182014465,-0.8230825066566467,-0.8212102651596069,-0.8023033142089844,-0.1033763587474823,4.119041442871094,210.1507568359375,229.77000427246094,0.055701121152168326,Excitatory (Mouse),Excitatory
608108585,Mouse,spiny,Tlx3-Cre_PL56,5,0.7787788647225241,0.7309364990065427,-0.5287279932175996,0.0560387204794139,0.061058828471586724,7.854677200317383,-0.1617051661014557,-0.045663606375455856,0.10429662466049194,0.1800980120897293,0.12014349550008774,0.018872546032071114,-0.053390853106975555,-0.37570083141326904,-0.809558629989624,-1.0142557621002197,-0.6719978451728821,-0.26518458127975464,-0.16600894927978516,-0.24119161069393158,-0.32967469096183777,0.2456485629081726,3.428755283355713,110.98218536376953,209.7899932861328,0.061058828471586724,Excitatory (Mouse),Excitatory
479993900,Mouse,spiny,Scnn1a-Tg2-Cre,4,0.7151946799411854,0.7848023011410853,-0.9211549551757571,0.031647583968402136,0.09016948797977192,7.900942802429199,-0.022360095754265785,-0.0027108201757073402,0.009303235448896885,0.024104712530970573,0.038275085389614105,0.032251838594675064,0.015513161197304726,-0.42217329144477844,-0.42605718970298767,-0.5962569713592529,-0.810431182384491,-0.6393006443977356,-0.4723823666572571,-0.4157443046569824,-0.4030691087245941,0.03541274741292,2.81245756149292,230.23240661621094,249.93748474121094,0.09016948797977192,Excitatory (Mouse),Excitatory
569270348,Mouse,aspiny,Ndnf-IRES2-dgCre,1,0.9175754043568833,0.9182811290621378,-0.862100487116222,0.011039325585665822,0.16068170176064347,7.731639862060547,-0.04747353866696358,0.1816062331199646,0.23232753574848175,0.18098437786102295,0.08029399812221527,0.03772900626063347,0.03256728872656822,-0.8666773438453674,-0.7700477838516235,-0.435891330242157,-0.2932509183883667,-0.1880299299955368,-0.11310701072216034,-0.11094680428504944,-0.12385467439889908,2.9962415881712445e-10,1.7883520126342773,249.75912475585938,289.7099914550781,0.16068170176064347,Inhibitory (Mouse),Inhibitory
508911693,Mouse,spiny,Rbp4-Cre_KL100,4,0.5755145061519036,0.5944916081542677,-0.9179764602497484,0.01526210302534222,0.17833767882809923,7.9260663986206055,0.1376672238111496,0.12580764293670654,0.09645610302686691,0.1309758722782135,0.10396523773670197,0.03146478906273842,0.03139817342162132,-0.1581868976354599,-0.5586305856704712,-0.3796244263648987,-0.30506011843681335,-0.20952901244163513,-0.2640622854232788,-0.3320464789867401,-0.3460041880607605,-0.021194936707615852,1.8726381063461304,210.9239044189453,229.77000427246094,0.17833767882809923,Excitatory (Mouse),Excitatory
609435731,Mouse,aspiny,Slc32a1-T2A-FlpO|Vipr2-IRES2-Cre,2/3,0.9619298977207091,0.9539160187932062,-0.6486584914377731,0.0054613568629410325,0.2737580963956636,8.02430534362793,0.02512725628912449,0.02592330425977707,0.027568982914090157,0.029090287163853645,0.028616586700081825,0.021339286118745804,0.003679033601656556,-0.17622357606887817,-0.16914573311805725,-0.15205097198486328,-0.15853853523731232,-0.07140488177537918,-0.05964691564440727,-0.0610358864068985,-0.0733252689242363,3.6811200754272022e-09,1.4208030700683594,239.76364135742188,369.6300048828125,0.2737580963956636,Other (Mouse),Inhibitory
485245025,Mouse,aspiny,Pvalb-IRES-Cre,2/3,0.9386631820540039,0.9334800309431615,-0.6573190651451428,0.0034075120289000773,0.3534718000198498,8.004961013793945,0.005786729510873556,0.005905222147703171,0.009273769333958626,0.014761560596525669,0.017032792791724205,0.01143734622746706,-0.003725778078660369,-0.4160178601741791,-0.3939025104045868,-0.3953413963317871,-0.6060916185379028,-0.34594377875328064,-0.06368126720190048,-0.03956222161650658,-0.04039520397782326,-0.2630102336406708,1.2653577327728271,308.931884765625,469.8824768066406,0.3534718000198498,Inhibitory (Mouse),Inhibitory
501891177,Mouse,spiny,Ctgf-T2A-dgCre,5,0.6363341343212904,0.7103078980501002,-0.2989263437159936,0.012124346110970758,0.15580546752546734,8.176758766174316,0.23012781143188477,0.256600022315979,0.2555883824825287,0.24418878555297852,0.22399596869945526,0.2092556655406952,0.2054799199104309,0.5084679126739502,0.44589555263519287,0.29144465923309326,-0.0033001690171658993,-0.20374014973640442,-0.3008332848548889,-0.356152206659317,-0.3356052339076996,-0.09836243838071823,1.4349486827850342,50.776336669921875,169.8300018310547,0.15580546752546734,Excitatory (Mouse),Excitatory
512319604,Mouse,spiny,Ctgf-T2A-dgCre,6b,0.5723467821918582,0.6968319800925339,-0.6842046409345534,0.009477019734965383,0.1451836064479011,8.068374633789062,0.2914166748523712,0.38983359932899475,0.3988632559776306,0.37353459000587463,0.28103548288345337,0.18179495632648468,0.13447734713554382,0.9588706493377686,0.426133394241333,-0.04194341227412224,-0.004982318263500929,-0.2729398012161255,-0.8951582908630371,-1.1243791580200195,-1.1374214887619019,-1.4826717233518139e-05,1.3412058353424072,129.86888122558594,189.80999755859375,0.1451836064479011,Excitatory (Mouse),Excitatory
476086391,Mouse,spiny,Nr5a1-Cre,2/3,0.8048080126206791,0.8661595996591014,-0.7294903082055353,0.005230768013633979,0.19987102322871703,8.024090766906738,0.036285046488046646,0.059567201882600784,0.06847477704286575,0.05946144089102745,0.014491626061499119,-0.019325869157910347,-0.027209462597966194,-1.531820297241211,-1.494856834411621,-0.7863529920578003,-0.45048877596855164,-0.26549267768859863,-0.21650531888008118,-0.2515946328639984,-0.27686890959739685,-0.06626132875680923,1.3910069465637207,269.84832763671875,369.9075012207031,0.19987102322871703,Excitatory (Mouse),Excitatory
486178939,Mouse,spiny,Rbp4-Cre_KL100,5,0.5969399074336773,0.566345458774907,-0.9145471134029485,0.039952928950882136,0.07601343005282152,8.191774368286133,0.24955785274505615,0.2834140956401825,0.263152539730072,0.21798190474510193,0.11875444650650024,0.06931700557470322,0.030551835894584656,0.51380854845047,0.02482706308364868,-0.22487346827983856,-0.4386572241783142,-0.660977303981781,-0.6918405890464783,-0.6431010365486145,-0.6090255975723267,-0.06326436996459961,3.0309860706329346,210.29725646972656,229.9425048828125,0.07601343005282152,Excitatory (Mouse),Excitatory
586072188,Mouse,aspiny,Chat-IRES-Cre-neo,2/3,0.7899539481819875,0.8358125997519309,-0.43315543677453333,0.0090850799526498,0.15909020764771423,8.041512489318848,0.03492952883243561,0.030979469418525696,0.033947642892599106,0.03584139421582222,0.026416821405291557,0.016438886523246765,0.01206213515251875,-0.24917620420455933,-0.26052719354629517,-0.2487023025751114,-0.2132338583469391,-0.1683373749256134,-0.13596254587173462,-0.13630928099155426,-0.14032632112503052,0.09558988362550735,1.3805646896362305,90.88081359863281,209.7899932861328,0.15909020764771423,Other (Mouse),Inhibitory
475848827,Mouse,spiny,Rorb-IRES2-Cre,4,0.6510938916335677,0.8124781515013763,-0.5213328563020917,0.01562078610389952,0.10038007409354278,8.300385475158691,0.5442209243774414,0.678719699382782,0.6930492520332336,0.6085847020149231,0.32586732506752014,0.08523412048816681,-0.0538068562746048,0.6867824196815491,0.25878480076789856,-0.16818881034851074,-0.3045789301395416,-0.32944849133491516,-0.45001548528671265,-0.5861899256706238,-0.6291990280151367,2.596572358015692e-06,1.6293771266937256,88.60443115234375,169.95750427246094,0.10038007409354278,Excitatory (Mouse),Excitatory
504635521,Mouse,spiny,Ctgf-T2A-dgCre,6b,0.5918823333161082,0.6432242276519499,-0.7913802620231765,0.04025343081329079,0.0541558318899001,8.129752159118652,0.21045388281345367,0.2757590413093567,0.310855895280838,0.31505027413368225,0.2663003206253052,0.21698135137557983,0.18687023222446442,0.20456698536872864,-0.6099012494087219,-0.3555002510547638,-0.20709839463233948,-0.2955927550792694,-0.6368690133094788,-0.8760038018226624,-1.032456398010254,0.11327216774225235,2.764146089553833,150.22471618652344,189.80999755859375,0.0541558318899001,Excitatory (Mouse),Excitatory
558211203,Human,spiny,,6,0.6145953836731515,0.5557368265720274,-0.2978652245164531,0.05848927720554988,0.05861420086101966,8.018332481384277,0.028370048850774765,0.03474460542201996,0.03296063467860222,0.027031227946281433,0.0206490196287632,0.01817331835627556,0.017714429646730423,-0.20219853520393372,-0.08785134553909302,-0.013242031447589397,-0.021770069375634193,-0.044000089168548584,-0.08112713694572449,-0.08569367229938507,-0.08097045123577118,-0.1739402860403061,3.151703357696533,50.61670684814453,169.8300018310547,0.05861420086101966,Excitatory (Human),Excitatory
484679812,Mouse,spiny,Rorb-IRES2-Cre,4,0.7033168874077157,0.8204680291720275,-0.6842070679193951,0.008779746451922317,0.1546674857856701,8.157106399536133,0.19893479347229004,0.2429884672164917,0.2564716041088104,0.2334095686674118,0.1546032428741455,0.07823363691568375,0.023771800100803375,-0.7275603413581848,-0.6906722784042358,-0.41317737102508545,-0.24493558704853058,-0.18030905723571777,-0.321962833404541,-0.463158518075943,-0.5449788570404053,-3.8906400732230395e-06,1.2914080619812012,129.9668426513672,189.95249938964844,0.1546674857856701,Excitatory (Mouse),Excitatory
569720969,Mouse,aspiny,Pvalb-IRES-Cre,5,0.9619847667371754,0.9718955861654325,-0.6194442663043599,0.0065144375691599124,0.30345145687048164,7.943304538726807,0.005920213647186756,0.05055816099047661,0.0788075178861618,0.0874289870262146,0.059438616037368774,0.01845731772482395,-0.02655523456633091,-0.2911299467086792,-0.3454611599445343,-0.2978021204471588,-0.1892876923084259,-0.0924108624458313,-0.02298141084611416,0.0041419281624257565,0.018619606271386147,-0.17056018114089966,1.5517511367797852,228.99427795410156,369.6300048828125,0.30345145687048164,Inhibitory (Mouse),Inhibitory
464191630,Mouse,aspiny,Htr3a-Cre_NO152,2/3,0.8105588429170707,0.8604589655814008,-0.36849764068277047,0.008751283706474065,0.2129927267243655,8.157853126525879,0.19055821001529694,0.21298345923423767,0.20484282076358795,0.0967865064740181,-0.06488680839538574,-0.056446176022291183,0.04499827325344086,-0.29802247881889343,-0.41507014632225037,-0.22903338074684143,-0.057075850665569305,-0.14726924896240234,-0.3076026737689972,-0.2609613835811615,-0.15197819471359253,-0.0047376807779073715,1.2893130779266357,69.9970703125,189.95249938964844,0.2129927267243655,Inhibitory (Mouse),Inhibitory
478888083,Mouse,aspiny,Scnn1a-Tg2-Cre,4,0.7713836753761645,0.7480447039937703,-0.7149116672700402,0.007288136626354116,0.14490760618575976,8.432467460632324,0.47138798236846924,0.43843162059783936,0.3252592980861664,0.19241474568843842,0.061598148196935654,-0.01708786003291607,-0.005989276338368654,-0.8054714798927307,-0.5635818243026733,-0.4635695815086365,-0.5068272948265076,-0.5001789331436157,-0.3215826749801636,-0.2074078917503357,-0.1276208758354187,-0.025618107989430428,1.2369825839996338,150.0945587158203,209.94747924804688,0.14490760618575976,Other (Mouse),Inhibitory
466378900,Mouse,spiny,Rorb-IRES2-Cre,4,0.6816828416596117,0.662312294876634,-0.8260956293740633,0.00827750787129194,0.20870661380824418,8.026002883911133,0.026820553466677666,0.02643105760216713,0.027162156999111176,0.028348052874207497,0.028586817905306816,0.02582160010933876,0.02208932861685753,-0.15292999148368835,-0.1857314556837082,-0.21113353967666626,-0.181426003575325,-0.14469636976718903,-0.147924542427063,-0.16943758726119995,-0.18910546600818634,1.1707352969014817e-11,1.379619836807251,189.95449829101562,229.9425048828125,0.20870661380824418,Excitatory (Mouse),Excitatory
575774870,Mouse,aspiny,Chat-IRES-Cre-neo,4,0.6954046623041314,0.7491572199224239,-0.4815225660601884,0.022425315430683396,0.07038232806723838,8.112329483032227,0.11072347313165665,0.025107959285378456,-0.003535438794642687,-0.006623581983149052,0.025594819337129593,0.01491432823240757,-0.024192921817302704,-1.26469087600708,-1.5470842123031616,-0.9899404048919678,-0.7999309301376343,-0.5572186708450317,-0.20631854236125946,-0.006513697560876608,0.12332353740930557,0.00110600923653692,2.4594268798828125,129.88108825683594,269.7300109863281,0.07038232806723838,Other (Mouse),Inhibitory
469614747,Mouse,aspiny,Pvalb-IRES-Cre,2/3,0.9429364503610962,0.9367880377121345,-0.7299903812913724,0.00396802593341567,0.32700555778648716,8.004134178161621,0.09225835651159286,0.16185307502746582,0.17289923131465912,0.15821725130081177,0.1190905049443245,0.05732106789946556,-0.06213001906871796,-0.7070227265357971,-0.7801732420921326,-0.5461037158966064,-0.41385820508003235,-0.29719921946525574,-0.18296553194522858,-0.10717500746250153,-0.07621665298938751,-0.016029536724090576,1.211529016494751,270.0291748046875,369.9075012207031,0.32700555778648716,Inhibitory (Mouse),Inhibitory
475029659,Mouse,aspiny,Htr3a-Cre_NO152,2/3,0.7674190093174235,0.8823293522539958,-0.6821788628892068,0.008261298155823212,0.1663266949022907,8.206002235412598,0.29411613941192627,0.30462366342544556,0.2168385535478592,0.09027966856956482,0.006567807402461767,0.005277495831251144,-0.01628844439983368,-0.4654448330402374,-0.024899210780858994,0.003261606441810727,-0.3237708806991577,-0.5408354997634888,-0.4382462501525879,-0.1896679699420929,0.0365682877600193,-0.06736409664154053,1.4369440078735352,170.50660705566406,249.93748474121094,0.1663266949022907,Inhibitory (Mouse),Inhibitory
500859045,Mouse,spiny,Rorb-IRES2-Cre,4,0.8629778847840088,0.9149757401624717,-0.7043951894908124,0.020384600775612403,0.08090248338264001,7.847224712371826,-0.03783351182937622,0.08782407641410828,0.13968059420585632,0.1413429081439972,0.07256478071212769,0.010166296735405922,-0.04069044068455696,-1.069854497909546,-0.9631261229515076,-0.5725194215774536,-0.34472373127937317,-0.22234244644641876,-0.18881623446941376,-0.22245897352695465,-0.2546497583389282,-0.0633392259478569,2.344853639602661,190.0005340576172,269.7300109863281,0.08090248338264001,Excitatory (Mouse),Excitatory
556687527,Mouse,spiny,Sim1-Cre_KJ18,5,0.6717489156043428,0.6573198333572755,-0.7800427948790962,0.08552185246811464,0.0516890481968331,8.227330207824707,0.2160845249891281,0.2165985405445099,0.20738740265369415,0.15029315650463104,0.04784432426095009,0.004715277813374996,0.0023905327543616295,0.016419917345046997,-0.3560054898262024,-0.5788514614105225,-0.6235907077789307,-0.6163528561592102,-0.45273327827453613,-0.36975306272506714,-0.31483322381973267,0.22314344346523285,4.802896022796631,210.45074462890625,269.7300109863281,0.0516890481968331,Excitatory (Mouse),Excitatory
502120615,Mouse,spiny,Rorb-IRES2-Cre,2/3,0.7626657228218688,0.7176154574611648,-0.8415812702639964,0.05276560657932399,0.0612698920363291,8.273882865905762,0.3061647415161133,0.2840641140937805,0.24783354997634888,0.219418466091156,0.12830336391925812,0.020299989730119705,-0.0680927038192749,-0.2463190108537674,-0.31164148449897766,-0.5812042355537415,-0.5619805455207825,-0.4850882887840271,-0.4304378926753998,-0.44580698013305664,-0.4677843451499939,0.12126859277486801,3.6301803588867188,210.19961547851562,249.74998474121094,0.0612698920363291,Excitatory (Mouse),Excitatory
328876201,Mouse,aspiny,Sst-IRES-Cre,5,0.6172097174531025,0.6598151298537157,-0.2675525342495501,0.01829162017150079,0.08816985393341095,8.085355758666992,0.07670952379703522,0.05318619683384895,0.03863401710987091,0.038647450506687164,0.03947613760828972,0.026814796030521393,0.018441172316670418,0.013191020116209984,-0.053048040717840195,-0.13301070034503937,-0.20834344625473022,-0.24939030408859253,-0.20100869238376617,-0.186148002743721,-0.18676069378852844,-0.12500262260437012,1.864011526107788,50.83789825439453,189.95249938964844,0.08816985393341095,Inhibitory (Mouse),Inhibitory
563380422,Mouse,aspiny,Nkx2-1-CreERT2,5,0.7420728070690125,0.7406375803867791,-0.9316596736496005,0.0344660760129163,0.0842539197451137,7.969213962554932,0.07367672771215439,0.15459874272346497,0.1641238033771515,0.14746764302253723,0.08855398744344711,0.060082029551267624,0.06271777302026749,-0.5050040483474731,-0.7326425909996033,-0.7606746554374695,-0.5598918795585632,-0.3405587375164032,-0.2625215947628021,-0.30994826555252075,-0.37241214513778687,0.024424463510513306,3.1599314212799072,269.9117126464844,289.7099914550781,0.0842539197451137,Other (Mouse),Inhibitory
476741830,Mouse,aspiny,Sst-IRES-Cre,5,0.5348620700812667,0.6848881259417207,-0.5298761815881983,0.009301399279163527,0.20564207831755169,8.042818069458008,0.15964028239250183,0.20874540507793427,0.23384252190589905,0.2476627230644226,0.22443264722824097,0.1926446408033371,0.2026299387216568,1.2030023336410522,0.5144129395484924,-0.3728775680065155,-0.8710913062095642,-0.9726622104644775,-0.8408041596412659,-0.7100030779838562,-0.558849573135376,-0.02441982738673687,1.2573156356811523,90.0570297241211,169.95750427246094,0.20564207831755169,Inhibitory (Mouse),Inhibitory
565723357,Mouse,aspiny,Ndnf-IRES2-dgCre,2/3,0.8244264656873547,0.7801306631789977,-0.8182158702226521,0.01893856621455763,0.08972065116376618,8.291542053222656,0.22577519714832306,0.17157500982284546,0.15733356773853302,0.14627759158611298,0.07727500051259995,0.014638951048254967,-0.014682167209684849,-0.93340003490448,-1.4498659372329712,-1.3479418754577637,-0.9409427046775818,-0.5716944336891174,-0.28238174319267273,-0.10869105160236359,0.03575796261429787,-0.005920267663896084,2.498695135116577,269.74127197265625,329.6700134277344,0.08972065116376618,Inhibitory (Mouse),Inhibitory
520347870,Mouse,aspiny,Vip-IRES-Cre,2/3,0.5977810315698456,0.7041113755506144,-0.4137006821452327,0.00976806318792608,0.20496246932224757,8.029544830322266,0.02585591934621334,0.026121914386749268,0.029378127306699753,0.0329202376306057,0.033360809087753296,0.029939981177449226,0.02766033262014389,-0.3868738114833832,-0.3411364257335663,-0.2715240716934204,-0.21071302890777588,-0.16724012792110443,-0.10822851955890656,-0.07712690532207489,-0.06011493504047394,-0.0562819242477417,1.2879868745803833,70.26195526123047,169.8300018310547,0.20496246932224757,Inhibitory (Mouse),Inhibitory
482910438,Mouse,spiny,Nr5a1-Cre,4,0.7558085929451158,0.7453466650526075,-0.5823218053585961,0.018871097770367676,0.06689328774689533,8.138890266418457,0.2229900360107422,0.2896882891654968,0.33032962679862976,0.29792121052742004,0.15191136300563812,0.03538767620921135,-0.058249618858098984,0.5638172626495361,-0.32699599862098694,-0.4148173928260803,-0.14009708166122437,-0.06826479732990265,-0.27888089418411255,-0.4954126477241516,-0.6680589914321899,0.10904798656702042,1.8933072090148926,110.62537384033203,189.95249938964844,0.06689328774689533,Excitatory (Mouse),Excitatory
489259263,Mouse,spiny,Cux2-CreERT2,4,0.7834269782545563,0.7259913011184652,-0.8260851393218864,0.02296788571261473,0.09091952185787061,8.246651649475098,0.3166674077510834,0.35532888770103455,0.32278522849082947,0.2500177025794983,0.130636528134346,0.05763788893818855,0.0318940095603466,-0.47187039256095886,-0.3962818384170532,0.12906493246555328,0.0790877640247345,-0.0807870626449585,-0.40868690609931946,-0.5983784198760986,-0.6944944858551025,0.005633629392832518,2.2981064319610596,189.95211791992188,229.9425048828125,0.09091952185787061,Excitatory (Mouse),Excitatory
501940485,Mouse,aspiny,Ctgf-T2A-dgCre,6a,0.5770199746428248,0.5948477699291014,-0.7334028980340562,0.014071605575872378,0.13052771834415652,8.350775718688965,0.5464147925376892,0.6314793825149536,0.6300331950187683,0.5671723484992981,0.41520413756370544,0.2594732940196991,0.19017961621284485,0.3551558256149292,0.07133793085813522,-0.1081765666604042,-0.15515363216400146,-0.3255924880504608,-0.685851514339447,-0.899573564529419,-0.9924686551094055,-0.00015884987078607082,1.4521123170852661,109.90042877197266,149.85000610351562,0.13052771834415652,Other (Mouse),Inhibitory
485835016,Mouse,spiny,Rbp4-Cre_KL100,5,0.5664995020529148,0.5369733581906737,-0.9378634272716423,0.015609153245795584,0.1708438704849682,8.009839057922363,0.011908287182450294,0.014015928842127323,0.024145284667611122,0.035285625606775284,0.028019128367304802,0.01317062322050333,0.005754672922194004,-0.31767845153808594,-0.32438355684280396,-0.3093216121196747,-0.2528485655784607,-0.1567164659500122,-0.0747746080160141,-0.05671157315373421,-0.051207005977630615,-0.029978938400745392,2.199460744857788,290.6658630371094,309.9224853515625,0.1708438704849682,Excitatory (Mouse),Excitatory
584671501,Mouse,aspiny,Oxtr-T2A-Cre,5,0.7006378091270719,0.7187066066242368,-0.8108050537498096,0.028951872113768626,0.0900990512930317,8.081676483154297,0.10757309198379517,0.08398843556642532,0.061085399240255356,0.051054876297712326,0.04643426835536957,0.03160789981484413,0.004593712277710438,-0.40285369753837585,-0.7510577440261841,-0.912941575050354,-0.9746246337890625,-1.0402543544769287,-0.4307270348072052,-0.2264692187309265,-0.16273702681064606,3.3611870549066225e-06,3.2713117599487305,299.6978759765625,369.6300048828125,0.0900990512930317,Other (Mouse),Inhibitory
581058864,Mouse,aspiny,Nkx2-1-CreERT2,2/3,0.8128308307835255,0.8205020560912327,-0.5523041760307329,0.006084832337344038,0.1161726232243104,8.007097244262695,-0.05088729038834572,-0.03891167417168617,0.0066528720781207085,0.07435096055269241,0.10265839099884033,0.04259271174669266,-0.02810836210846901,-1.6369266510009766,-1.0508259534835815,-0.6681820750236511,-0.5413632392883301,-0.3979330062866211,-0.14837387204170227,-0.021449821069836617,0.055979322642087936,-0.15589414536952972,1.2811174392700195,148.997314453125,269.7300109863281,0.1161726232243104,Other (Mouse),Inhibitory
575299891,Mouse,spiny,Ndnf-IRES2-dgCre,6b,0.6182299253184527,0.6715002111067734,-0.7615487276086128,0.0939496494921708,0.04847869022213888,8.213249206542969,0.2557193338871002,0.24326127767562866,0.17629432678222656,0.12162592262029648,0.08338246494531631,0.0724378228187561,0.08739928156137466,0.49660244584083557,-0.017086604610085487,-0.3354421854019165,-0.5194680690765381,-0.6973074674606323,-0.7626028656959534,-0.5477439165115356,-0.4411986470222473,-0.154562309384346,4.843957424163818,190.22067260742188,249.74998474121094,0.04847869022213888,Inhibitory (Mouse),Excitatory
570081589,Mouse,aspiny,Pvalb-IRES-Cre,5,0.9675707855593072,0.9673508974363686,-0.6440179011039949,0.007681703677897473,0.3043121024924347,7.75617790222168,-0.12116038799285889,-0.0008914378704503179,0.06507663428783417,0.08963437378406525,0.06199159473180771,0.027684248983860016,0.01553217601031065,-0.3528129458427429,-0.37142863869667053,-0.22824424505233765,-0.10998205095529556,-0.03851601853966713,-0.025991100817918777,-0.04486537724733353,-0.06325048953294754,-0.12540528178215027,1.8583083152770996,289.5339660644531,449.54998779296875,0.3043121024924347,Inhibitory (Mouse),Inhibitory
580895033,Mouse,aspiny,Chrna2-Cre_OE25|Pvalb-T2A-Dre,6a,0.9687853383184726,0.9654041813747061,-0.4000446521384124,0.008490122829498743,0.19082833235883545,8.211870193481445,0.16684865951538086,0.1230832114815712,0.07578735798597336,0.026922492310404778,-0.0008362626540474594,-0.010239491239190102,-0.00920022465288639,-0.519376277923584,-0.07178658246994019,0.037853918969631195,-0.007170465309172869,-0.06481021642684937,-0.05894286185503006,-0.007692917250096798,0.03130117431282997,0.0031517157331109047,1.4561620950698853,99.9111557006836,249.74998474121094,0.19082833235883545,Other (Mouse),Inhibitory
558612809,Mouse,spiny,Tlx3-Cre_PL56,5,0.7324819860693496,0.8148417959932013,-0.5238732523289128,0.008351112815742261,0.1288659793814398,7.9491167068481445,-0.07286728918552399,-0.0777762308716774,-0.012355182319879532,0.0132538340985775,-0.010446887463331223,-0.010149132460355759,-0.008899631910026073,-0.13707183301448822,-0.48759523034095764,-0.6068444848060608,-0.5601041913032532,-0.4745838940143585,-0.37775880098342896,-0.33248624205589294,-0.3034454882144928,-8.301313629555107e-12,1.323623776435852,109.90336608886719,209.7899932861328,0.1288659793814398,Excitatory (Mouse),Excitatory
569278799,Mouse,aspiny,Htr3a-Cre_NO152,2/3,0.8705067587743608,0.8555620487526763,-0.7146660945729841,0.003486502207400442,0.1654073105400449,8.145323753356934,0.1398354470729828,0.13082385063171387,0.10716580599546432,0.09777809679508209,0.10711897164583206,0.06112506240606308,-0.05730164796113968,-1.8581675291061401,-1.3875741958618164,-0.9624483585357666,-0.7206873297691345,-0.4529695510864258,-0.15115532279014587,-0.009947152808308601,0.06269367784261703,7.136542308217031e-07,1.104108452796936,249.88299560546875,349.6499938964844,0.1654073105400449,Inhibitory (Mouse),Inhibitory
580624725,Mouse,spiny,Esr2-IRES2-Cre,5,0.7088354316847784,0.6898512204708918,-0.9210141470942825,0.11296320941730927,0.04844205506698478,8.126517295837402,0.14651577174663544,0.13380590081214905,0.11015539616346359,0.08502086251974106,0.06183229386806488,0.056072451174259186,0.04771941900253296,0.0668666660785675,0.004674452356994152,-0.08876243233680725,-0.1714637577533722,-0.23536422848701477,-0.3153776526451111,-0.38307279348373413,-0.4485180974006653,0.13049627840518951,5.311549663543701,230.04029846191406,249.74998474121094,0.04844205506698478,Excitatory (Mouse),Excitatory
563790168,Mouse,aspiny,Chat-IRES-Cre-neo,2/3,0.7034429956893182,0.6750251598019993,-0.33513181427296873,0.012259877221702345,0.1473045621990575,8.322088241577148,0.21452592313289642,0.12884187698364258,0.11985389143228531,0.10110065340995789,0.03928202763199806,-0.008256373926997185,0.022877691313624382,0.32262367010116577,-0.43761855363845825,-0.5734336972236633,-0.3577185273170471,-0.1917872577905655,-0.11500398069620132,-0.10239548981189728,-0.07577641308307648,0.057880911976099014,1.3554123640060425,50.22285461425781,149.85000610351562,0.1473045621990575,Other (Mouse),Inhibitory
591626585,Mouse,aspiny,Vip-IRES-Cre,6a,0.6629387323104448,0.647841087023013,-0.2104914891809933,0.006201169727436022,0.1761311317411558,8.001729965209961,0.002409820444881916,0.0018287592101842165,0.0015018144622445107,0.001245979219675064,0.0010043455986306071,0.0007091077859513462,0.0005106966127641499,-0.0063971467316150665,-0.008834927342832088,-0.014089561998844147,-0.020720869302749634,-0.02119932696223259,-0.013500532135367393,-0.011553972959518433,-0.011458887718617916,-0.0050862012431025505,1.084916591644287,39.95341491699219,189.80999755859375,0.1761311317411558,Inhibitory (Mouse),Inhibitory
476266853,Mouse,spiny,Scnn1a-Tg3-Cre,4,0.8219265436908726,0.8521711664129081,-0.6731370767520316,0.002745218828443492,0.23487962419264244,8.189881324768066,0.18366257846355438,0.13042327761650085,0.06799082458019257,0.028344610705971718,0.004563029855489731,-0.01426798664033413,-0.015154032967984676,-0.9266703128814697,-0.6953138113021851,-0.5924292206764221,-0.49481719732284546,-0.38735952973365784,-0.25822514295578003,-0.24206066131591797,-0.24871936440467834,0.20717798173427582,0.9223909378051758,208.66323852539062,309.9224853515625,0.23487962419264244,Excitatory (Mouse),Excitatory
318808427,Mouse,spiny,Nr5a1-Cre,2/3,0.8006007403542903,0.7859002395649096,-0.6298361189418543,0.01625086263785359,0.08426725325663638,8.09683895111084,0.11844155192375183,0.14383868873119354,0.15411539375782013,0.14680232107639313,0.0921999141573906,0.025682484731078148,-0.016683384776115417,-0.5974723696708679,-0.809738039970398,-0.6857633590698242,-0.5512588024139404,-0.3794064223766327,-0.34868738055229187,-0.42486122250556946,-0.5107510089874268,-0.03374430909752846,2.0944297313690186,170.01437377929688,269.9324951171875,0.08426725325663638,Excitatory (Mouse),Excitatory
507101551,Mouse,spiny,Rorb-IRES2-Cre,6a,0.5433561216426537,0.633497018924306,-0.7444037932164793,0.00810157778447561,0.1655128216162362,8.10205078125,0.2836282551288605,0.33798226714134216,0.34300580620765686,0.3309873938560486,0.2570607662200928,0.1809534728527069,0.13401415944099426,0.36810415983200073,0.04171060025691986,-0.34357067942619324,-0.4637286961078644,-0.5179529786109924,-0.6333225965499878,-0.7583843469619751,-0.8617210984230042,-0.03914843127131462,1.1018264293670654,111.55044555664062,149.85000610351562,0.1655128216162362,Excitatory (Mouse),Excitatory
565870964,Mouse,spiny,Oxtr-T2A-Cre,6a,0.7087365030001836,0.5577109037770043,-0.8096555987798955,0.02191274988751166,0.09379910969636965,7.756904125213623,-0.022348664700984955,0.15041133761405945,0.25093957781791687,0.27387019991874695,0.19048988819122314,0.1109803169965744,0.04510194808244705,0.0237409770488739,-0.14157582819461823,-0.3730613887310028,-0.42818740010261536,-0.5234721302986145,-0.47701334953308105,-0.4872308075428009,-0.548998236656189,0.019738147035241127,2.1440792083740234,169.8580322265625,209.7899932861328,0.09379910969636965,Excitatory (Mouse),Excitatory
566460800,Mouse,aspiny,Chrna2-Cre_OE25,2/3,0.79082608819693,0.807439755387946,-0.8621679913939808,0.028914341616436752,0.07943312707727115,8.120023727416992,0.11898073554039001,0.12921752035617828,0.13957343995571136,0.1299067735671997,0.07281654328107834,0.022707588970661163,0.0011292105773463845,-0.6300120949745178,-0.8245975375175476,-0.880472719669342,-0.9139066338539124,-0.5246135592460632,-0.2555646300315857,-0.19896627962589264,-0.17631590366363525,0.015296590514481068,2.894265651702881,249.77891540527344,289.7099914550781,0.07943312707727115,Other (Mouse),Inhibitory
623436161,Mouse,aspiny,Nos1-CreERT2|Sst-IRES-FlpO,5,0.5362244061577988,0.5860826657661226,-0.5759494900970386,0.007734095019644587,0.1538640020704008,8.265572547912598,0.26991185545921326,0.26125797629356384,0.21587763726711273,0.14471454918384552,0.07488256692886353,0.05158226564526558,0.049157075583934784,0.3626045286655426,-0.22415362298488617,-0.018034720793366432,-0.1632009595632553,-0.6166117191314697,-1.1509759426116943,-1.001084327697754,-0.7787982821464539,0.22751249372959137,1.1460721492767334,97.86526489257812,169.8300018310547,0.1538640020704008,Other (Mouse),Inhibitory
505692551,Human,spiny,,3,0.6044267392988318,0.5596327685387446,-0.9146950894875082,0.1369629031377342,0.044397213701903256,8.04074478149414,0.044301170855760574,0.04752831533551216,0.05437221750617027,0.05915515124797821,0.055991411209106445,0.04434014856815338,0.027011610567569733,-0.06157417967915535,-0.22477613389492035,-0.30012041330337524,-0.30645662546157837,-0.288067489862442,-0.31284940242767334,-0.34725773334503174,-0.3737260103225708,0.17004533112049103,5.609809875488281,210.1984100341797,229.77000427246094,0.044397213701903256,Excitatory (Human),Excitatory
490733962,Mouse,spiny,Rbp4-Cre_KL100,5,0.788329162607386,0.8372319192370676,-0.7391078026043302,0.012316751207929171,0.11818874565397823,8.212761878967285,0.2631637156009674,0.25383174419403076,0.24999918043613434,0.22981761395931244,0.15262863039970398,0.08711601048707962,0.05193639174103737,0.04450605437159538,-0.1727462261915207,-0.3349674344062805,-0.315499871969223,-0.25396060943603516,-0.25483956933021545,-0.2996595799922943,-0.34300705790519714,0.0012313080951571465,1.682897686958313,169.95230102539062,229.9425048828125,0.11818874565397823,Excitatory (Mouse),Excitatory
586072464,Mouse,aspiny,Chat-IRES-Cre-neo,2/3,0.6892753050104873,0.7768813061309412,-0.48305965901911735,0.005036421389440152,0.2109144872521192,7.997340202331543,-0.0007074772147461772,-0.001052003470249474,-0.0005096705863252282,0.007096144836395979,0.022222843021154404,0.024470597505569458,0.01713024452328682,-0.42527493834495544,-2.330911874771118,-0.5804775357246399,-0.4553760886192322,-0.5426183938980103,-0.40582191944122314,-0.2085878849029541,-0.17737334966659546,0.04536096006631851,1.1655359268188477,130.29774475097656,269.7300109863281,0.2109144872521192,Other (Mouse),Inhibitory
502260112,Mouse,spiny,Nr5a1-Cre,4,0.750848935580688,0.7536098619310864,-0.8709508212617322,0.011698490272628755,0.15285060259821198,8.007673263549805,0.04403160139918327,0.09723121672868729,0.14677277207374573,0.16899818181991577,0.10626722127199173,0.01191922090947628,-0.05775061622262001,-1.1750895977020264,-1.1720786094665527,-1.0099155902862549,-0.6425200700759888,-0.24630989134311676,-0.14786534011363983,-0.2145455777645111,-0.2916891872882843,1.5468615277569597e-10,1.9033931493759155,269.7247619628906,309.69000244140625,0.15285060259821198,Excitatory (Mouse),Excitatory
478716304,Mouse,aspiny,Sst-IRES-Cre,5,0.6877812432556698,0.7123294232111236,-0.5295352182294946,0.011187359992362849,0.12954354554465863,8.303387641906738,0.4942396879196167,0.5542084574699402,0.485806405544281,0.3714248836040497,0.1854737251996994,0.043997351080179214,0.01979392021894455,-0.8836373090744019,-0.64076167345047,-0.3032642900943756,-0.2837909162044525,-0.3850068747997284,-0.5845747590065002,-0.6737963557243347,-0.6877435445785522,0.11388224363327026,1.5325658321380615,111.18755340576172,209.94747924804688,0.12954354554465863,Inhibitory (Mouse),Inhibitory
557679003,Mouse,spiny,Sim1-Cre_KJ18,5,0.7794064839011312,0.8203629001973395,-0.4819844236517334,0.016183080808092675,0.08439559252457529,7.991469383239746,0.0044656298123300076,0.03633047640323639,0.01692737638950348,-0.01524688582867384,-0.0057442099787294865,0.016311034560203552,-0.011689356528222561,-1.5766280889511108,-1.2192569971084595,-0.7696081399917603,-0.44923287630081177,-0.337939590215683,-0.16030843555927277,-0.05058150738477707,-0.006302639376372099,-0.045354828238487244,2.08927321434021,130.00772094726562,269.7300109863281,0.08439559252457529,Excitatory (Mouse),Excitatory
528687520,Human,aspiny,,5,0.7366508881586087,0.7773782777955534,-0.7042180305289986,0.010203601144250314,0.16826830043969065,8.15997314453125,0.16850392520427704,0.13687211275100708,0.09293556958436966,0.046250224113464355,-0.011832362040877342,-0.029725728556513786,0.0010658862302079797,-0.686485230922699,-0.08068668842315674,-0.07832540571689606,-0.1060161143541336,-0.11891109496355057,-0.1416192650794983,-0.21682880818843842,-0.3161435127258301,-0.03613327071070671,1.6589808464050293,189.95004272460938,269.7300109863281,0.16826830043969065,Inhibitory (Human),Inhibitory
583836069,Mouse,aspiny,Htr3a-Cre_NO152,2/3,0.8581963480066704,0.7442274372857649,-0.3613694734239193,0.005702517347592489,0.20357510455616828,8.02957534790039,0.018969150260090828,0.013971374370157719,0.0022419237066060305,-0.02217313088476658,-0.05620190501213074,-0.0721183642745018,-0.07585664093494415,-0.2069433480501175,-0.18185482919216156,-0.14348940551280975,-0.1240064799785614,-0.1169033870100975,-0.11074758321046829,-0.10491731017827988,-0.0998806580901146,0.04455287382006645,1.1934000253677368,90.2540054321289,249.74998474121094,0.20357510455616828,Inhibitory (Mouse),Inhibitory
481001895,Mouse,aspiny,Htr3a-Cre_NO152,5,0.6187848229015804,0.6285458675437158,-0.5795047827822004,0.004979097464603742,0.30060862725717913,8.424708366394043,0.5627412796020508,0.5211705565452576,0.4188641607761383,0.2542233169078827,0.018594784662127495,-0.03638085350394249,0.015719152987003326,0.6189600229263306,-0.039562586694955826,-0.3615278899669647,-0.19681239128112793,-0.1066209152340889,-0.2867995798587799,-0.3226836621761322,-0.25042080879211426,0.00694824056699872,0.9725183844566345,110.07843017578125,189.95249938964844,0.30060862725717913,Inhibitory (Mouse),Inhibitory
565698986,Mouse,spiny,Ndnf-IRES2-dgCre,6a,0.7654727148177184,0.7993789332070008,-0.6363687277178042,0.012182300181973566,0.08128408038280327,8.022431373596191,0.03720209375023842,0.04486705735325813,0.045025818049907684,0.023770581930875778,0.005775525700300932,0.01622534915804863,0.042181868106126785,-1.5489004850387573,-1.1534626483917236,-0.7555317282676697,-0.5574761033058167,-0.46533307433128357,-0.38206639885902405,-0.32587960362434387,-0.2831621468067169,1.0429197983395796e-15,2.004030704498291,209.79168701171875,329.6700134277344,0.08128408038280327,Inhibitory (Mouse),Excitatory
481018305,Mouse,aspiny,Pvalb-IRES-Cre,2/3,0.9626244747811925,0.9567256595452376,-0.7446598109154041,0.0037680739902292834,0.3318392272127112,7.9853739738464355,0.06462323665618896,0.11705350130796432,0.10954892635345459,0.09146976470947266,0.07005739212036133,0.03295709565281868,-0.04743000119924545,-0.6673809289932251,-0.5956469774246216,-0.3764265179634094,-0.300947904586792,-0.20727351307868958,-0.098220095038414,-0.024775121361017227,0.020251356065273285,-0.00725220562890172,1.3306208848953247,349.90264892578125,469.8824768066406,0.3318392272127112,Inhibitory (Mouse),Inhibitory
587096515,Mouse,aspiny,Nos1-CreERT2|Sst-IRES-FlpO,6a,0.7033888674393464,0.6826406254466488,-0.8492568202965444,0.04672157375255,0.06863832544450175,8.295758247375488,0.476627916097641,0.5427477359771729,0.529775857925415,0.4513646066188812,0.2764313220977783,0.13908153772354126,0.06675335019826889,0.3259842097759247,-0.6045609712600708,-0.4485355615615845,-0.028342096135020256,0.03972547873854637,-0.27394893765449524,-0.4960978031158447,-0.6074779033660889,0.10624866187572479,2.4632763862609863,110.30426788330078,129.8699951171875,0.06863832544450175,Other (Mouse),Inhibitory
581157315,Mouse,aspiny,Nkx2-1-CreERT2,2/3,0.9035578212886755,0.9150137618961521,-0.7583063966226292,0.011732896713583876,0.14569036252424203,8.066816329956055,0.1772812306880951,0.25004705786705017,0.22437332570552826,0.15731050074100494,0.07101182639598846,0.028228294104337692,-0.005647662095725536,-0.771094560623169,-0.9946161508560181,-0.47457224130630493,-0.21356484293937683,-0.15758590400218964,-0.1591297835111618,-0.13610847294330597,-0.1093563660979271,0.052508361637592316,1.966719150543213,249.99363708496094,329.6700134277344,0.14569036252424203,Other (Mouse),Inhibitory
643572206,Human,aspiny,,3,0.5173810811274503,0.5020074336799667,-0.16141468354111774,0.010232200346383972,0.15101405940892956,8.083630561828613,0.08196830749511719,0.08110278844833374,0.07986518740653992,0.07694204896688461,0.06782856583595276,0.05516260862350464,0.03791436180472374,0.04758294299244881,0.07900204509496689,0.07835560292005539,0.04795292019844055,0.00448530213907361,-0.05213034152984619,-0.08703149110078812,-0.10788677632808685,-0.0021440174896270037,1.2382630109786987,24.18799591064453,149.85000610351562,0.15101405940892956,Inhibitory (Human),Inhibitory
581403121,Mouse,aspiny,Pvalb-IRES-Cre,6a,0.8454486333170413,0.6716178638121163,-0.5949022919217549,0.00692868015867819,0.31182859405847724,7.931825637817383,-0.058106884360313416,-0.03785795345902443,-0.02893316000699997,-0.019171202555298805,0.005837265867739916,0.007832678966224194,-0.010449428111314774,-0.16964897513389587,-0.053784556686878204,0.0437675341963768,0.05003821477293968,0.001675634877756238,-0.023828772827982903,-0.019607238471508026,-0.02522219903767109,-0.02790919877588749,1.600327491760254,219.89451599121094,369.6300048828125,0.31182859405847724,Inhibitory (Mouse),Inhibitory
566305266,Mouse,aspiny,Nkx2-1-CreERT2,2/3,0.9566197466721861,0.9558949075733151,-0.45343976790737234,0.006317552172552696,0.25277227998065643,7.9449381828308105,-0.009054156951606274,0.06388970464468002,0.10577959567308426,0.1063261404633522,0.10103834420442581,0.08155330270528793,0.06889784336090088,-0.5894193053245544,-0.5761222243309021,-0.32137078046798706,-0.12935161590576172,-0.06634402275085449,-0.100304514169693,-0.16187697649002075,-0.23193544149398804,-0.2588650584220886,1.4431588649749756,149.55250549316406,329.6700134277344,0.25277227998065643,Other (Mouse),Inhibitory
522723828,Mouse,sparsely spiny,Ctgf-T2A-dgCre,6a,0.5909021065720992,0.6176988604284472,-0.6925398268208823,0.018079004763151958,0.1072968741416216,7.978349685668945,0.0714823305606842,0.16847637295722961,0.21927060186862946,0.23223158717155457,0.20731444656848907,0.1883830726146698,0.1790132224559784,-0.38925430178642273,-0.30922380089759827,-0.08512106537818909,-0.009510570205748081,-0.2716797888278961,-0.4469911754131317,-0.40652215480804443,-0.37879425287246704,0.015976302325725555,1.5322924852371216,89.94039916992188,129.8699951171875,0.1072968741416216,Other (Mouse),Sparsely Spiny
476144118,Mouse,spiny,Scnn1a-Tg3-Cre,4,0.5777328311296032,0.6759568345763974,-0.9070516534413668,0.023243033609274842,0.11764589620526018,8.420092582702637,0.46703726053237915,0.44136038422584534,0.41428446769714355,0.3824574053287506,0.21190832555294037,0.028101209551095963,-0.06322696805000305,0.7269651293754578,0.022821474820375443,-0.47703951597213745,-0.6124957799911499,-0.6714353561401367,-0.7077210545539856,-0.8537465333938599,-1.0086365938186646,-0.014755186624825,2.2090306282043457,190.4334259033203,209.94747924804688,0.11764589620526018,Excitatory (Mouse),Excitatory
587776508,Human,spiny,,5,0.21075139521787056,0.5589656765446489,-0.6842118017730305,0.012922446875184053,0.1142104267723849,8.303921699523926,0.33738046884536743,0.34558913111686707,0.33025673031806946,0.29653608798980713,0.22750899195671082,0.16677109897136688,0.13464953005313873,-0.9120245575904846,1.1561466455459595,1.3435159921646118,0.6135349273681641,-0.3318707346916199,-1.278627634048462,-1.5324347019195557,-1.591659665107727,-0.0037539980839937925,1.5661448240280151,129.87025451660156,189.80999755859375,0.1142104267723849,Excitatory (Human),Excitatory
570589704,Mouse,aspiny,Vip-IRES-Cre,6a,0.6534341956410543,0.7219906382019513,-0.4737062217457716,0.011224825782920434,0.1254026050635572,8.186338424682617,0.20074574649333954,0.18531832098960876,0.1652291864156723,0.15200433135032654,0.14046433568000793,0.12386404722929001,0.12505820393562317,0.7341127395629883,-0.2800683081150055,-0.625392496585846,-0.5508418083190918,-0.6164697408676147,-0.6831623911857605,-0.6743099689483643,-0.61952805519104,0.0003845288010779768,1.459652066230774,89.91417694091797,189.80999755859375,0.1254026050635572,Inhibitory (Mouse),Inhibitory
397345294,Mouse,spiny,Nr5a1-Cre,2/3,0.7590439389709593,0.7649824073392181,-0.7241275708190169,0.013124399337775422,0.09960877656912989,8.15310287475586,0.22495421767234802,0.2706701457500458,0.2411625236272812,0.17490941286087036,0.0644385814666748,-0.010340023785829544,-0.021206503733992577,-0.5783998370170593,-0.49814170598983765,-0.14564453065395355,-0.18275469541549683,-0.3030009865760803,-0.3911198675632477,-0.5270037651062012,-0.6776927709579468,0.0116892009973526,1.9506727457046509,209.9446258544922,289.927490234375,0.09960877656912989,Excitatory (Mouse),Excitatory
585908787,Mouse,aspiny,Chat-IRES-Cre-neo,2/3,0.8228253791625986,0.8319592446785585,-0.483720602885338,0.008475474677115073,0.14900091903766924,8.156940460205078,0.12813858687877655,0.0738469809293747,0.03550739586353302,0.029231112450361252,0.0032051100861281157,-0.020087920129299164,0.008565682917833328,-1.0078125,-1.239790916442871,-0.9020444750785828,-0.7334140539169312,-0.5739007592201233,-0.29468825459480286,-0.15423938632011414,-0.05708688497543335,0.05043434351682663,1.5669810771942139,140.1412353515625,289.7099914550781,0.14900091903766924,Other (Mouse),Inhibitory
585925172,Mouse,aspiny,Chat-IRES-Cre-neo,2/3,0.77962259088032,0.7299123272205843,-0.42714161049834615,0.008781655909628941,0.18891913694181658,8.017863273620605,0.016406983137130737,0.020246179774403572,0.02827281504869461,0.03485362231731415,0.033680450171232224,0.02695874311029911,0.018186593428254128,-0.32912304997444153,-0.34517571330070496,-0.2977079153060913,-0.23187720775604248,-0.1787385791540146,-0.1497879922389984,-0.14020362496376038,-0.1343710720539093,0.19290338456630707,1.3573148250579834,89.64724731445312,209.7899932861328,0.18891913694181658,Other (Mouse),Inhibitory
488677942,Mouse,aspiny,Sst-IRES-Cre,2/3,0.773448522712311,0.7732120516333948,-0.7406795936147965,0.005816424281229651,0.17744811860631035,8.031448364257812,0.027697728946805,0.022187305614352226,0.020396528765559196,0.019945848733186722,0.014646397903561592,0.007218900602310896,0.0013912463327869773,-0.4201233983039856,-0.40980589389801025,-0.40288734436035156,-0.3737822473049164,-0.19991600513458252,-0.062180884182453156,-0.055762678384780884,-0.06793373078107834,-0.07457968592643738,1.342624545097351,229.55882263183594,309.9224853515625,0.17744811860631035,Inhibitory (Mouse),Inhibitory
397353539,Mouse,spiny,Nr5a1-Cre,2/3,0.8745939301453548,0.8531823080006659,-0.7938504318243779,0.00572519300972262,0.18103007561265003,7.958580017089844,0.023721449077129364,0.059840645641088486,-0.00677023408934474,-0.045557621866464615,-0.04965484142303467,-0.015483321622014046,0.0020464982371777296,-1.3522123098373413,-0.5353774428367615,-0.121681347489357,-0.08819412440061569,-0.1317988485097885,-0.19027763605117798,-0.18333928287029266,-0.15675067901611328,0.035934578627347946,1.288367509841919,230.1603546142578,289.927490234375,0.18103007561265003,Excitatory (Mouse),Excitatory
518750800,Mouse,aspiny,Chat-IRES-Cre-neo,2/3,0.8734504123750629,0.8588529247510991,-0.8431270334346872,0.002768532718701498,0.3054875336646864,7.584007740020752,-0.2662549614906311,-0.08732017874717712,0.017972907051444054,0.07014606893062592,0.0739545077085495,0.05554705858230591,0.018028177320957184,-1.5805736780166626,-1.1968994140625,-0.915900707244873,-0.6871128082275391,-0.4838300049304962,-0.37820175290107727,-0.34848707914352417,-0.3429097831249237,9.955489513687908e-16,1.1876614093780518,429.56475830078125,509.4899597167969,0.3054875336646864,Other (Mouse),Inhibitory
485884503,Mouse,spiny,Rorb-IRES2-Cre,4,0.8264033285846754,0.8007555964325174,-0.7237447490532484,0.006954241777134411,0.15709374066274662,8.07977294921875,0.19353437423706055,0.2725241184234619,0.2805401682853699,0.23027366399765015,0.0870165228843689,-0.019962536171078682,-0.07330722361803055,-0.40827980637550354,-0.9884173274040222,-0.577052116394043,-0.2879430949687958,-0.17324377596378326,-0.2909768521785736,-0.4522389769554138,-0.5409973859786987,-0.0035621935967355967,1.4199386835098267,209.83351135253906,289.927490234375,0.15709374066274662,Excitatory (Mouse),Excitatory
479150681,Mouse,spiny,Rbp4-Cre_KL100,5,0.6740064311163562,0.7443545320630611,-0.8167721418785812,0.01038495897795543,0.2631596260501737,7.660513401031494,0.003756370861083269,0.21523723006248474,0.28927814960479736,0.30262723565101624,0.1679413914680481,0.06893167644739151,0.03983769565820694,0.6537685990333557,0.5638433694839478,-0.002875595586374402,-0.42733123898506165,-0.4972420036792755,-0.4418890178203583,-0.3864423334598541,-0.3189737796783447,-0.023017320781946182,1.4765825271606445,171.4797821044922,209.94747924804688,0.2631596260501737,Excitatory (Mouse),Excitatory
539640410,Human,aspiny,,3,0.9127469551177373,0.9145570832436953,-0.43574723296639895,0.02140086818247949,0.09811717074036201,7.769903182983398,-0.09284251928329468,0.0625205710530281,0.11771141737699509,0.11855963617563248,0.06152764707803726,0.005574052222073078,-0.009034819900989532,-0.9338088035583496,-0.6859042644500732,-0.18830721080303192,-0.12382056564092636,-0.09586188942193985,-0.0800437182188034,-0.056416649371385574,-0.034839387983083725,0.0678233802318573,2.2174935340881348,100.1262435913086,229.77000427246094,0.09811717074036201,Inhibitory (Human),Inhibitory
510706277,Mouse,aspiny,Pvalb-IRES-Cre,4,0.9669092037621014,0.9550078468539045,-0.6462783466374378,0.004157209658304552,0.38377344471972075,7.728057861328125,-0.11938878148794174,-0.0011683870106935501,0.07249763607978821,0.11614887416362762,0.1151895523071289,0.05607764050364494,-0.05324660241603851,-0.48821908235549927,-0.5907626152038574,-0.4071595072746277,-0.1992591768503189,-0.07213576138019562,-0.023867344483733177,-0.04499594494700432,-0.08877315372228622,0.2586592435836792,1.4553544521331787,329.3392333984375,509.4899597167969,0.38377344471972075,Inhibitory (Mouse),Inhibitory
513843815,Mouse,spiny,Scnn1a-Tg3-Cre,5,0.6888660584507103,0.7331535081203546,-0.783783581355364,0.005778314685054439,0.15290519877675346,8.40038013458252,0.2876177132129669,0.19267961382865906,0.11321747303009033,0.05167451128363609,0.004370744805783033,0.004532254301011562,0.05016050115227699,-1.4629580974578857,-1.1143192052841187,-0.6427971124649048,-0.4979841113090515,-0.5014643669128418,-0.5645822882652283,-0.6051259636878967,-0.633974552154541,-0.0011901556281372905,1.4614508152008057,289.7099304199219,369.6300048828125,0.15290519877675346,Excitatory (Mouse),Excitatory
562381417,Mouse,aspiny,Chrna2-Cre_OE25,6a,0.7216427887637537,0.7156160636415484,-0.41498559519326494,0.008298657156105652,0.14640568194595485,8.058972358703613,0.05306755378842354,0.04477299749851227,0.041477400809526443,0.04129141941666603,0.03768227621912956,0.026520632207393646,0.011411786079406738,-0.08841245621442795,-0.10646449029445648,-0.12967054545879364,-0.13201482594013214,-0.11576453596353531,-0.10228288173675537,-0.11876402795314789,-0.15356095135211945,-0.00029131333576515317,1.3808629512786865,95.35124206542969,229.77000427246094,0.14640568194595485,Other (Mouse),Inhibitory
488677994,Mouse,aspiny,Sst-IRES-Cre,2/3,0.9148828990724867,0.9127247393855045,-0.5985882517218014,0.003896399659025537,0.21263509637950936,8.265593528747559,0.29481813311576843,0.2630137503147125,0.18089115619659424,0.09441330283880234,0.047819457948207855,0.02028539776802063,-0.05025193467736244,-0.8019371032714844,-0.7210328578948975,-0.779658317565918,-0.8103429675102234,-0.6736913323402405,-0.3056012690067291,-0.014705352485179901,0.21063190698623657,-0.1514105200767517,1.1676467657089233,209.4764404296875,349.9125061035156,0.21263509637950936,Inhibitory (Mouse),Inhibitory
323838579,Mouse,spiny,Scnn1a-Tg3-Cre,4,0.8247616641743705,0.8268034973853762,-0.8518268433722082,0.01265679519815436,0.14265335235378476,8.208681106567383,0.2315908670425415,0.19018344581127167,0.16411367058753967,0.1392359882593155,0.05651788040995598,-0.007447917480021715,-0.029106173664331436,-0.21013429760932922,-0.4377833902835846,-0.7027809619903564,-0.5363795161247253,-0.2365596890449524,-0.15234994888305664,-0.20016971230506897,-0.2352510541677475,5.907620313078121e-12,1.8483723402023315,229.9357452392578,269.9324951171875,0.14265335235378476,Excitatory (Mouse),Excitatory
488440436,Mouse,aspiny,Pvalb-IRES-Cre,5,0.9600141964188136,0.9621288347433432,-0.5172319015831394,0.007475716657921313,0.16106829513151233,8.18846607208252,0.1803542822599411,0.15984785556793213,0.11210986226797104,0.07338214665651321,0.0579107291996479,0.02539728954434395,-0.05629473552107811,-1.2932777404785156,-0.6176460385322571,-0.32225459814071655,-0.34651774168014526,-0.33421826362609863,-0.1443040519952774,0.018866516649723053,0.0891619473695755,0.0004682950966525823,1.4722145795822144,149.95974731445312,289.927490234375,0.16106829513151233,Inhibitory (Mouse),Inhibitory
585859704,Mouse,aspiny,Slc32a1-T2A-FlpO|Vipr2-IRES2-Cre,2/3,0.785331752680855,0.7822250760903795,-0.7575538266825725,0.02563495609922107,0.08014125376823154,7.924093723297119,-0.03280624374747276,0.07068611681461334,0.1076522022485733,0.1192673072218895,0.08708353340625763,0.04385996237397194,0.008578076958656311,-0.8171958327293396,-0.8741907477378845,-1.3161433935165405,-0.6831093430519104,-0.5172295570373535,-0.4271888732910156,-0.42385077476501465,-0.43398556113243103,-0.001542108366265893,2.907073497772217,249.74278259277344,329.6700134277344,0.08014125376823154,Other (Mouse),Inhibitory
488432250,Mouse,spiny,Ntsr1-Cre_GN220,6a,0.8382628220010584,0.8100276233810008,-0.7142950587373673,0.009849655808311368,0.14058098607018077,7.685275554656982,-0.0025929217226803303,0.23489971458911896,0.3337538242340088,0.3258219063282013,0.22465364634990692,0.1271725296974182,0.04311464726924896,0.33715394139289856,-0.3393503427505493,-0.5387641787528992,-0.38090863823890686,-0.3312669098377228,-0.37885934114456177,-0.46078795194625854,-0.5586897134780884,-1.544404949527234e-05,1.4380230903625488,149.96444702148438,209.94747924804688,0.14058098607018077,Excitatory (Mouse),Excitatory
557261437,Mouse,sparsely spiny,Chat-IRES-Cre-neo,2/3,0.7680821464798696,0.8084732154988614,-0.3912938970755283,0.007802686356102633,0.10588224581325455,7.971157073974609,-0.032321736216545105,-0.03778804466128349,-0.03253941982984543,-0.015199783258140087,0.01851203665137291,0.035793155431747437,0.03848966956138611,-0.10302267223596573,-0.18718120455741882,-0.2290009707212448,-0.23371201753616333,-0.2170129269361496,-0.17115724086761475,-0.14311151206493378,-0.1319728046655655,-1.608400878574858e-14,1.338963508605957,89.90760040283203,229.77000427246094,0.10588224581325455,Other (Mouse),Sparsely Spiny
322781822,Mouse,spiny,Ntsr1-Cre_GN220,5,0.7081798495941782,0.7130975661098068,-0.6901357066441485,0.05740002547865308,0.04743123236136247,7.997158050537109,0.10299789160490036,0.19532860815525055,0.2530936300754547,0.24266208708286285,0.12683697044849396,0.04197457805275917,-0.021034181118011475,-0.09969072043895721,-0.26332756876945496,-0.39472535252571106,-0.30561989545822144,-0.2604704797267914,-0.37590086460113525,-0.5134243369102478,-0.6062604784965515,-0.22920718789100647,3.302011251449585,131.14553833007812,189.95249938964844,0.04743123236136247,Excitatory (Mouse),Excitatory
482435718,Mouse,aspiny,Htr3a-Cre_NO152,2/3,0.7624789662030524,0.7937698996113023,-0.3914382429471639,0.005936411464424792,0.2562501329297615,8.038517951965332,0.037303626537323,0.03306575119495392,0.03106831945478916,0.030768364667892456,0.02574615366756916,0.02123422361910343,0.020119579508900642,-0.19251689314842224,-0.22514523565769196,-0.24403321743011475,-0.260373592376709,-0.22649477422237396,-0.1484592705965042,-0.11082848906517029,-0.08978284150362015,0.015722667798399925,1.1683464050292969,90.00853729248047,229.9425048828125,0.2562501329297615,Inhibitory (Mouse),Inhibitory
313860745,Mouse,spiny,Rorb-IRES2-Cre,5,0.6125851073399039,0.5327746234606723,-0.8102175717046856,0.03891540702269468,0.06884882560427238,7.23532772064209,-0.20011550188064575,0.18852417171001434,0.4036656618118286,0.4147968888282776,0.18197476863861084,0.07621296495199203,0.04900932312011719,0.1402127742767334,0.24007047712802887,-0.3907718062400818,-0.4135037064552307,-0.19960130751132965,-0.36218786239624023,-0.46500492095947266,-0.4664444029331207,0.056877873837947845,2.8583548069000244,170.10638427734375,209.94749450683594,0.06884882560427238,Excitatory (Mouse),Excitatory
557859470,Mouse,spiny,Ctgf-T2A-dgCre,6a,0.6744119733560635,0.6987942433433282,-0.88064704418403,0.0891975963019738,0.051730193931324026,8.251994132995605,0.24064213037490845,0.21344606578350067,0.18479296565055847,0.1561925709247589,0.10967165231704712,0.049512989819049835,-0.013757364824414253,-0.16792109608650208,-0.35317376255989075,-0.49822068214416504,-0.479403555393219,-0.3918359875679016,-0.32032257318496704,-0.306335985660553,-0.31619715690612793,0.1624232679605484,5.422708988189697,290.34930419921875,329.6700134277344,0.051730193931324026,Excitatory (Mouse),Excitatory
528016025,Human,aspiny,,3,0.8521993536080751,0.8423430509768165,-0.4865607818130848,0.018438299221977573,0.0859837243127925,8.182950973510742,0.19579844176769257,0.19795697927474976,0.19349035620689392,0.17588059604167938,0.06270956993103027,-0.025056853890419006,0.006987129803746939,-1.0271052122116089,-0.7589555978775024,-0.5086970329284668,-0.42485347390174866,-0.30350759625434875,-0.16764333844184875,-0.07705461978912354,0.000807299162261188,0.1605563461780548,2.2301037311553955,131.2658233642578,269.7300109863281,0.0859837243127925,Inhibitory (Human),Inhibitory
324493977,Mouse,aspiny,Sst-IRES-Cre,2/3,0.74647033520523,0.6724824880452047,-0.9284913227721107,0.016818386815645462,0.15888657373497062,7.915321350097656,0.05236644297838211,0.1635739952325821,0.20564989745616913,0.20881208777427673,0.11839456856250763,0.03494648262858391,0.004202322568744421,-0.485802561044693,-0.5524973273277283,-0.4916120767593384,-0.3558588922023773,-0.2897212505340576,-0.2296508401632309,-0.17592447996139526,-0.12342724204063416,0.033527079969644547,2.1306874752044678,250.631103515625,269.9324951171875,0.15888657373497062,Inhibitory (Mouse),Inhibitory
583426723,Mouse,aspiny,Chrna2-Cre_OE25|Pvalb-T2A-Dre,6a,0.9707973040554253,0.9556656035520823,-0.5174253053010887,0.0062252680395952775,0.22480447630672942,8.009066581726074,0.008507907390594482,0.009594051167368889,0.013238266110420227,0.01617695949971676,0.01439310796558857,0.0053346664644777775,-0.011255941353738308,-0.17214831709861755,-0.17808590829372406,-0.1492229551076889,-0.10421868413686752,-0.058842070400714874,-0.019852694123983383,0.0007969124126248062,0.01258554495871067,-0.2076050043106079,1.342952847480774,149.94638061523438,289.7099914550781,0.22480447630672942,Other (Mouse),Inhibitory
515949222,Mouse,spiny,Cux2-CreERT2,4,0.8276021325777417,0.8192322963256486,-0.8402954607651374,0.03049209249880696,0.07724582185074273,8.118598937988281,0.15624204277992249,0.1705920696258545,0.1424536257982254,0.11041129380464554,0.05866342410445213,0.0025324353482574224,-0.032891418784856796,-0.8556203246116638,-0.6946753859519958,-0.47148793935775757,-0.36823219060897827,-0.22107194364070892,-0.12902303040027618,-0.1412346512079239,-0.17744040489196777,0.03972330689430237,2.759601354598999,209.8653564453125,249.74998474121094,0.07724582185074273,Excitatory (Mouse),Excitatory
330080937,Mouse,aspiny,Pvalb-IRES-Cre,5,0.9099061149581094,0.9035039542433089,-0.6414504545165522,0.003769768798945128,0.2606484673219141,8.018548011779785,0.019457919523119926,0.021473083645105362,0.02369559183716774,0.025574209168553352,0.024071209132671356,0.015471930615603924,-0.0027809343300759792,-0.21993310749530792,-0.20086632668972015,-0.12983590364456177,-0.10951095074415207,-0.09557001292705536,-0.07906510680913925,-0.07670086622238159,-0.09311125427484512,-0.02345162257552147,1.21237051486969,250.1036834716797,389.9024963378906,0.2606484673219141,Inhibitory (Mouse),Inhibitory
580149939,Mouse,spiny,Vipr2-IRES2-Cre,4,0.5513338987073891,0.5517601595873327,-0.5207074227512137,0.00444235140355029,0.1490071356537141,8.301763534545898,0.41541871428489685,0.40169188380241394,0.3636002242565155,0.2824634313583374,0.15056149661540985,0.04358302429318428,-0.017672453075647354,0.15247011184692383,-0.4384545087814331,-0.9005463123321533,-0.765290379524231,-0.49798527359962463,-0.3381434381008148,-0.32716262340545654,-0.3455662131309509,-0.2713747024536133,0.9653812050819397,109.31285095214844,209.7899932861328,0.1490071356537141,Excitatory (Mouse),Excitatory
486941367,Mouse,aspiny,Htr3a-Cre_NO152,2/3,0.8388455532717342,0.7899215371815048,-0.8378484380456639,0.006945187051097241,0.1898348920517848,7.729247570037842,-0.141199991106987,-0.020693130791187286,0.03685958310961723,0.06831268221139908,0.05132000520825386,0.025425059720873833,0.01205791812390089,-1.0035133361816406,-0.9734247326850891,-0.6944320797920227,-0.5176452398300171,-0.33650752902030945,-0.1944645196199417,-0.14683586359024048,-0.11269605159759521,-1.122991470322611e-13,1.6028339862823486,309.9264221191406,369.9075012207031,0.1898348920517848,Inhibitory (Mouse),Inhibitory
578929342,Mouse,aspiny,Oxtr-T2A-Cre,1,0.7159533427435185,0.7743672547548764,-0.568019853957371,0.007945470984547629,0.14378641390931915,8.097794532775879,0.09590207040309906,0.09367047250270844,0.09319043159484863,0.09166864305734634,0.08410299569368362,0.0761595070362091,0.07024700194597244,-0.2843891382217407,-0.2843053340911865,-0.2524828016757965,-0.22144675254821777,-0.20993250608444214,-0.21108750998973846,-0.2136669158935547,-0.21595104038715363,-0.07333551347255707,1.3511590957641602,130.51930236816406,229.77000427246094,0.14378641390931915,Other (Mouse),Inhibitory
569623233,Mouse,aspiny,Ndnf-IRES2-dgCre,2/3,0.8985585054792192,0.882447079228265,-0.7310163750963358,0.0067815891214372875,0.1892262161568993,7.7221150398254395,-0.14491257071495056,0.02522173337638378,0.09587317705154419,0.07097625732421875,-0.002161519369110465,-0.003752755234017968,0.06743337959051132,-1.6411272287368774,-1.326785922050476,-0.5603880286216736,-0.05550094321370125,0.15597370266914368,0.04930098354816437,-0.1313585340976715,-0.28419029712677,0.05723642557859421,1.5832494497299194,270.2088623046875,369.6300048828125,0.1892262161568993,Inhibitory (Mouse),Inhibitory
570098371,Mouse,aspiny,Pvalb-IRES-Cre,4,0.9431833718783806,0.9055834304308535,-0.5884963820326785,0.004222006711952074,0.20724632635164314,7.948556423187256,-0.03850572928786278,0.002969031687825918,0.0344364233314991,0.02587999403476715,0.010595645755529404,0.009623882360756397,-0.008301202207803726,-0.43751704692840576,-0.3831430971622467,-0.21525615453720093,-0.07194235175848007,-0.041077304631471634,-0.04906449094414711,-0.021321522071957588,-0.004741774406284094,0.3117764890193939,1.282550573348999,229.3812713623047,389.6099853515625,0.20724632635164314,Inhibitory (Mouse),Inhibitory
572424901,Mouse,aspiny,Nos1-CreERT2|Sst-IRES-FlpO,6a,0.6534551304160776,0.6270806264378085,-0.8547791773189851,0.020238836948357812,0.136912481160843,8.31600284576416,0.4957447052001953,0.5500057935714722,0.5770038366317749,0.5597234964370728,0.4148736894130707,0.29110169410705566,0.2533872723579407,0.3319305181503296,0.1804094910621643,-0.09668069332838058,-0.19320549070835114,-0.28869885206222534,-0.6657022833824158,-0.9415816068649292,-0.9698871970176697,0.03453380614519119,1.6212395429611206,111.01136016845703,129.8699951171875,0.136912481160843,Other (Mouse),Inhibitory
539542218,Human,spiny,,5,0.4603627692105609,0.5489544001116587,-0.5373432415500929,0.010139900037924268,0.075451767457652,7.858202934265137,0.12681660056114197,0.30995142459869385,0.2974556088447571,0.21169033646583557,0.11669877916574478,0.09343021363019943,0.10088680684566498,-0.1264321208000183,-0.2440829873085022,-0.231417715549469,-0.2253911942243576,-0.3278484046459198,-0.466170072555542,-0.4828411936759949,-0.4870660603046417,0.02923320047557354,1.312272548675537,91.25785827636719,169.8300018310547,0.075451767457652,Excitatory (Human),Excitatory
586072783,Mouse,aspiny,Chat-IRES-Cre-neo,2/3,0.734144991025513,0.7941307697906883,-0.4773419069107615,0.004071298562176359,0.13313714244023703,7.981314659118652,-0.018158774822950363,-0.018705444410443306,-0.017729073762893677,-0.015089784748852253,-0.010198432952165604,-0.0077944546937942505,-0.007057701237499714,-0.20147569477558136,-0.2588341534137726,-0.27382057905197144,-0.2533667981624603,-0.17775188386440277,-0.026772620156407356,-0.006826149765402079,-0.003468044102191925,-0.33612796664237976,1.0860459804534912,138.40370178222656,289.7099914550781,0.13313714244023703,Other (Mouse),Inhibitory
489308885,Human,spiny,,4,0.7311349651698689,0.8274583232501513,-0.7144408553844248,0.010295187956707367,0.22173922491497747,7.862532138824463,0.0936381071805954,0.2518759071826935,0.25471729040145874,0.20225702226161957,0.09980171173810959,0.05744354426860809,0.07393351197242737,-0.7492018342018127,-0.3951314091682434,-0.036544688045978546,-0.08830609172582626,-0.20943583548069,-0.3770052194595337,-0.4323936402797699,-0.42441216111183167,-0.013926651328802109,1.4696351289749146,149.8827362060547,209.7899932861328,0.22173922491497747,Excitatory (Human),Excitatory
582632160,Mouse,aspiny,Vip-IRES-Cre,5,0.7497698344239849,0.7237364354255799,-0.4686072183962558,0.013498319464610792,0.13638292834877214,8.047243118286133,0.28114408254623413,0.4490024447441101,0.5153429508209229,0.482986718416214,0.29576680064201355,0.14897586405277252,0.033445850014686584,0.9755696058273315,-1.0510929822921753,-0.7396824359893799,0.15620176494121552,0.2668250501155853,-0.2739414870738983,-0.5122727155685425,-0.5679612159729004,4.383901796245482e-06,1.5140738487243652,79.58356475830078,169.8300018310547,0.13638292834877214,Inhibitory (Mouse),Inhibitory
388874977,Mouse,aspiny,Sst-IRES-Cre,5,0.6729050014678192,0.7310457666278846,-0.3926627725638632,0.005922603330519535,0.16128537996420594,8.113232612609863,0.12579892575740814,0.08556503057479858,0.051791962236166,0.05472497269511223,0.08319597691297531,0.0948488637804985,0.09686890244483948,0.3034830093383789,-0.30460289120674133,-0.8490353226661682,-1.1504018306732178,-1.5098360776901245,-1.4115604162216187,-0.8327653408050537,-0.6266309022903442,0.04099458083510399,1.1669868230819702,90.29154205322266,229.9425048828125,0.16128537996420594,Inhibitory (Mouse),Inhibitory
593453795,Mouse,aspiny,Slc32a1-T2A-FlpO|Vipr2-IRES2-Cre,5,0.9661346359008297,0.9593694134781362,-0.6266659601123163,0.005129263209086342,0.24956700125288056,8.0081148147583,0.02900068089365959,0.04644891247153282,0.053161971271038055,0.05308281257748604,0.043485790491104126,0.01810278184711933,-0.0386202447116375,-0.5086874961853027,-0.4623132050037384,-0.2632799744606018,-0.15441063046455383,-0.0873539075255394,-0.04805343970656395,-0.01675357297062874,0.009993047453463078,0.2729876637458801,1.4843778610229492,269.27142333984375,429.57000732421875,0.24956700125288056,Other (Mouse),Inhibitory
485630699,Mouse,aspiny,Pvalb-IRES-Cre,4,0.9622042720475773,0.9532449916438565,-0.6363663249251902,0.006736675658913086,0.20348691100974114,8.036211967468262,0.11040613055229187,0.14380379021167755,0.13219581544399261,0.11274207383394241,0.07449659705162048,0.0221551526337862,-0.047215938568115234,-0.710938572883606,-0.47951382398605347,-0.4375728666782379,-0.3896729648113251,-0.2334165722131729,-0.0847754180431366,-0.010664083994925022,0.04024915397167206,0.009609021246433258,1.4908210039138794,209.948486328125,329.9175109863281,0.20348691100974114,Inhibitory (Mouse),Inhibitory
571654895,Human,spiny,,2,0.63299119904384,0.7165591013473891,-0.7895203525917445,0.007440805567634764,0.1247526155633398,7.913427829742432,0.05382566899061203,0.17056214809417725,0.21815331280231476,0.24828608334064484,0.20688149333000183,0.10865207016468048,-0.007363808341324329,-1.646639347076416,-1.2930904626846313,-0.7233916521072388,-0.7405272126197815,-0.7197889685630798,-0.6171786189079285,-0.5533834099769592,-0.49713268876075745,-8.090473420452327e-05,1.6806780099868774,299.71771240234375,379.6199951171875,0.1247526155633398,Excitatory (Human),Excitatory
526951157,Mouse,spiny,Ctgf-T2A-dgCre,6b,0.8214748418184228,0.863010142133586,-0.47975335835052,0.02664823875355684,0.07765231579395084,8.064250946044922,0.11409013718366623,0.1445506364107132,0.1562177538871765,0.14519421756267548,0.11094684153795242,0.08408397436141968,0.0718236118555069,0.3774402439594269,-0.6866013407707214,-0.9694957137107849,-0.6409805417060852,-0.3365343511104584,-0.21859045326709747,-0.21576620638370514,-0.22833971679210663,-0.17696352303028107,2.2490224838256836,91.09329986572266,189.80999755859375,0.07765231579395084,Excitatory (Mouse),Excitatory
545604343,Human,aspiny,,3,0.6556213058198008,0.6235060378617115,-0.6865199392668331,0.035146474271721614,0.06918389022675103,8.332576751708984,0.3692927062511444,0.3756009638309479,0.361030638217926,0.3212963938713074,0.22083090245723724,0.10364166647195816,0.06251757591962814,0.05578712373971939,-0.07827076315879822,-0.004186781123280525,-0.08101234585046768,-0.20916128158569336,-0.42297297716140747,-0.6266183257102966,-0.7481591701507568,0.12110041081905365,2.582857370376587,130.32301330566406,189.80999755859375,0.06918389022675103,Inhibitory (Human),Inhibitory
560579320,Mouse,spiny,Esr2-IRES2-Cre|PhiC31-neo,6a,0.8000465357188855,0.7665009328705017,-0.8268462093155264,0.026130642115367884,0.08408675061887723,7.988668441772461,0.08280456811189651,0.1507953405380249,0.16919901967048645,0.1428973376750946,0.07444756478071213,0.057510580867528915,0.06462059170007706,-0.006643746979534626,-0.01771843433380127,0.0005324627854861319,-0.06330837309360504,-0.29319319128990173,-0.4403116703033447,-0.3859269320964813,-0.2865027189254761,0.06983594596385956,2.4503138065338135,189.9893341064453,229.77000427246094,0.08408675061887723,Excitatory (Mouse),Excitatory
557998843,Mouse,spiny,Tlx3-Cre_PL56,4,0.6390176228636348,0.6698443897799368,-0.6982187421990412,0.0526860097581316,0.042579036058312106,8.127317428588867,0.14607225358486176,0.15817034244537354,0.1458280235528946,0.12423446774482727,0.08857744187116623,0.04705284163355827,0.005206509958952665,0.11202746629714966,-0.2632005512714386,-0.3066331744194031,-0.5668441653251648,-0.6974619030952454,-0.481283038854599,-0.4353584349155426,-0.452526718378067,0.09971644729375839,3.4793195724487305,160.43966674804688,229.77000427246094,0.042579036058312106,Excitatory (Mouse),Excitatory
557859579,Mouse,aspiny,Ctgf-T2A-dgCre,5,0.8370222881831548,0.8605163847908079,-0.38938856339494166,0.01649803728838232,0.15822784810126322,8.325803756713867,0.46270111203193665,0.5241296887397766,0.4883265197277069,0.38425907492637634,0.17442429065704346,0.04392563924193382,-0.02316604182124138,0.15669642388820648,-0.018171843141317368,-0.0951169803738594,-0.05540664121508598,-0.045628149062395096,-0.165882870554924,-0.23215365409851074,-0.2591809034347534,-0.09965798258781433,1.4637622833251953,50.5798225402832,129.8699951171875,0.15822784810126322,Other (Mouse),Inhibitory
396903166,Mouse,spiny,Scnn1a-Tg3-Cre,5,0.8106384952264859,0.816479239477799,-0.7614668104238979,0.06150538921359258,0.05918657288672602,8.077118873596191,0.1136445701122284,0.11570567637681961,0.09983441233634949,0.08622884005308151,0.0565185472369194,0.008423838764429092,-0.04511883482336998,-0.7906188368797302,-0.49330824613571167,-0.34150558710098267,-0.38780102133750916,-0.39285334944725037,-0.3257165253162384,-0.31368377804756165,-0.33357465267181396,-0.1500990241765976,3.920778274536133,190.3416290283203,249.93748474121094,0.05918657288672602,Excitatory (Mouse),Excitatory
572375809,Mouse,aspiny,Pvalb-IRES-Cre,4,0.9575829477201997,0.963980987324923,-0.5701983413754963,0.005008450297279107,0.2125103120627553,7.998567581176758,0.0019265252631157637,0.004883711691945791,0.009744759649038315,0.02551899664103985,0.04662570357322693,0.023386286571621895,-0.03598710149526596,-0.7452746629714966,-0.4828897714614868,-0.3568783402442932,-0.2990391254425049,-0.21099521219730377,-0.07607907056808472,0.011672689579427242,0.06280136853456497,0.27054086327552795,1.3233308792114258,199.4430389404297,349.6499938964844,0.2125103120627553,Inhibitory (Mouse),Inhibitory
522257166,Mouse,aspiny,Htr3a-Cre_NO152,2/3,0.7260016278903944,0.7050643784558338,-0.8403482575516985,0.032510476221930436,0.07479125014172826,8.037732124328613,0.12764063477516174,0.22170254588127136,0.26616188883781433,0.2547071576118469,0.1731179803609848,0.07594042271375656,0.018071498721837997,0.1484542340040207,-0.424022912979126,-0.6423303484916687,-0.5488478541374207,-0.5121837258338928,-0.48030656576156616,-0.4681512415409088,-0.44819656014442444,-0.037722013890743256,2.8494720458984375,209.87838745117188,249.74998474121094,0.07479125014172826,Inhibitory (Mouse),Inhibitory
396968721,Mouse,aspiny,Gad2-IRES-Cre,5,0.61116054238467,0.6173691117554768,-0.47383726871350534,0.012517948688799676,0.10534774104155716,8.249028205871582,0.39676910638809204,0.42032843828201294,0.3718952238559723,0.26495611667633057,0.04624386876821518,-0.02566603384912014,0.03540237247943878,-0.8936858177185059,-0.4765372574329376,-0.4352068603038788,-0.4179917871952057,-0.418382465839386,-0.40452221035957336,-0.3317672312259674,-0.23298685252666473,-0.020372267812490463,1.5420167446136475,90.00698852539062,189.95249938964844,0.10534774104155716,Other (Mouse),Inhibitory
545227537,Human,spiny,,3,0.7647211772163613,0.7715739353846278,-0.8788492836048121,0.011412315811699924,0.15606126340949802,8.06246566772461,0.08970192074775696,0.013837174512445927,0.005049945320934057,0.016992831602692604,0.0062494101002812386,0.003946723882108927,0.03257489576935768,-0.15874707698822021,-0.296644002199173,-0.5643725991249084,-0.5846153497695923,-0.45539602637290955,-0.36890125274658203,-0.3751831352710724,-0.3871322572231293,-1.0259906802183999e-14,1.9396644830703735,289.7302551269531,329.6700134277344,0.15606126340949802,Excitatory (Human),Excitatory
488686369,Mouse,aspiny,Htr3a-Cre_NO152,2/3,0.7931910273061338,0.7926415227064493,-0.7714256021982631,0.008404979927448306,0.1349300778843436,8.001346588134766,0.023129139095544815,0.06742765754461288,0.0816350057721138,0.10567896068096161,0.08741911500692368,0.0361480787396431,-0.021578820422291756,-1.548919916152954,-1.5575683116912842,-1.2842175960540771,-1.0310333967208862,-0.6982273459434509,-0.347426176071167,-0.22461725771427155,-0.1644010990858078,0.004722234793007374,1.71493661403656,269.9314880371094,349.9125061035156,0.1349300778843436,Inhibitory (Mouse),Inhibitory
531342116,Mouse,aspiny,Chat-IRES-Cre-neo,5,0.5651525476442171,0.7192770239435866,-0.6521955736609384,0.007059253415565342,0.22823171544435755,8.459492683410645,0.4407864809036255,0.3752445578575134,0.2878318727016449,0.1882660686969757,0.076350636780262,0.04423876851797104,0.04815150424838066,0.4857351779937744,-0.4814428687095642,0.14388416707515717,0.18954698741436005,-0.24794809520244598,-0.8874925374984741,-1.2219328880310059,-1.425410270690918,0.000849821197334677,1.273579478263855,149.85498046875,229.77000427246094,0.22823171544435755,Other (Mouse),Inhibitory
487359276,Mouse,aspiny,Pvalb-IRES-Cre,5,0.9690057082118689,0.9657364683853008,-0.5716404782701273,0.003251951555379705,0.36837222392396657,8.12132740020752,0.12250027805566788,0.12752969563007355,0.11469662934541702,0.0892898365855217,0.06928897649049759,0.028273407369852066,-0.07655218988656998,-0.5026035904884338,-0.31391653418540955,-0.18745996057987213,-0.18725967407226562,-0.21885167062282562,-0.1340443193912506,0.010398603044450283,0.11861780285835266,0.020313451066613197,1.0967776775360107,211.4545135498047,369.9075012207031,0.36837222392396657,Inhibitory (Mouse),Inhibitory
623960880,Mouse,aspiny,Nos1-CreERT2|Sst-IRES-FlpO,2/3,0.7039582666867478,0.7466745115882198,-0.8094999147369095,0.006796226662572068,0.1277123549953902,8.320313453674316,0.35161298513412476,0.3660498559474945,0.37083733081817627,0.3402532637119293,0.24100616574287415,0.15938253700733185,0.11529187113046646,0.6773563027381897,-0.6500641107559204,-0.42667490243911743,-0.2939702272415161,-0.3891102969646454,-0.6549311876296997,-0.857179582118988,-0.9849200248718262,0.0001080360816558823,1.1940604448318481,169.82498168945312,209.7899932861328,0.1277123549953902,Other (Mouse),Inhibitory
562062132,Mouse,aspiny,Chat-IRES-Cre-neo,2/3,0.7518777082000515,0.8024154943609476,-0.3984887488410683,0.010848290699252208,0.07327261280758467,7.9577155113220215,-0.04786001518368721,-0.05309287831187248,-0.05055897310376167,-0.0379909910261631,-0.010498562827706337,0.009098109789192677,0.01902749575674534,-0.28949791193008423,-0.2922062873840332,-0.2886918783187866,-0.2854185998439789,-0.2774961292743683,-0.24781374633312225,-0.21698011457920074,-0.188372403383255,0.11614622920751572,1.6460134983062744,99.53604888916016,249.74998474121094,0.07327261280758467,Other (Mouse),Inhibitory
591250232,Mouse,aspiny,Nos1-CreERT2|Sst-IRES-FlpO,6a,0.45273284561804594,0.5600638707139263,-0.7894460724273573,0.00542150697390085,0.31240237425805695,8.389122009277344,0.44787800312042236,0.4664381146430969,0.4773399829864502,0.4495503008365631,0.3080880343914032,0.189352884888649,0.10305086523294449,1.3909223079681396,1.2240409851074219,0.45467841625213623,0.14060720801353455,-0.24976782500743866,-1.1095151901245117,-1.577876329421997,-1.8163131475448608,7.366057251419002e-17,1.0144240856170654,149.84475708007812,189.80999755859375,0.31240237425805695,Other (Mouse),Inhibitory
396903227,Mouse,spiny,Scnn1a-Tg3-Cre,4,0.660928268591757,0.6282066391447602,-0.7692905012435323,0.07782880376474764,0.03886718782642364,8.187468528747559,0.258934885263443,0.23665085434913635,0.17567043006420135,0.1479247361421585,0.09902657568454742,0.008165288716554642,-0.06373093277215958,0.3758581280708313,0.32149818539619446,0.14119753241539001,-0.08827461302280426,-0.28542783856391907,-0.42966997623443604,-0.5292863845825195,-0.6112295985221863,0.20012374222278595,3.6369752883911133,130.7867431640625,169.95750427246094,0.03886718782642364,Excitatory (Mouse),Excitatory
589128508,Mouse,spiny,Sim1-Cre_KJ18,5,0.6426625517862768,0.6489522548177985,-0.7780247485310491,0.006973227355670914,0.15092353127256558,8.103545188903809,0.17693515121936798,0.218797966837883,0.2169644832611084,0.1809367686510086,0.11575636267662048,0.07098208367824554,0.041859179735183716,-0.6829361319541931,-1.2694709300994873,-0.5860274434089661,-0.3622771203517914,-0.29545655846595764,-0.3804141581058502,-0.4728899896144867,-0.5447691082954407,-0.01802452839910984,1.3714549541473389,209.85694885253906,269.7300109863281,0.15092353127256558,Excitatory (Mouse),Excitatory
488448839,Mouse,spiny,Ntsr1-Cre_GN220,6a,0.8204733989080746,0.8716952021768343,-0.6524344614674743,0.0060776763475412976,0.2170176565565315,8.164889335632324,0.2699506878852844,0.3165041506290436,0.28920161724090576,0.22528627514839172,0.08483913540840149,-0.00561847910284996,-0.019621146842837334,-0.46790698170661926,-0.648401141166687,-0.7829970717430115,-0.7693259119987488,-0.5903822779655457,-0.35629212856292725,-0.22491347789764404,-0.11942315101623535,-0.02105526812374592,1.1821658611297607,150.02285766601562,229.9425048828125,0.2170176565565315,Excitatory (Mouse),Excitatory
322274121,Mouse,spiny,Ntsr1-Cre_GN220,6a,0.4764279729766668,0.5020601117113407,-0.576563957772025,0.005714357965863995,0.17968886872380407,8.473533630371094,0.44853246212005615,0.32258397340774536,0.23382042348384857,0.25656870007514954,0.24006007611751556,0.0796600803732872,-0.005228979047387838,-0.9417539834976196,-0.3966459333896637,-0.6637417674064636,-0.8808913230895996,-0.7488507032394409,-0.5635623335838318,-0.6016904711723328,-0.6624881625175476,0.07636610418558121,1.0418524742126465,109.52559661865234,189.95249938964844,0.17968886872380407,Excitatory (Mouse),Excitatory
490267468,Mouse,spiny,Cux2-CreERT2,4,0.7697086292366561,0.7549629208705877,-0.7599877117709427,0.008107593207846785,0.16879253835705735,7.938708305358887,0.009671076200902462,0.07060398906469345,0.10330981761217117,0.08514991402626038,-0.003797537414357066,-0.02583155781030655,-0.02084233984351158,-1.3822869062423706,-0.9384930729866028,-0.5339555144309998,-0.2577638030052185,-0.12074333429336548,-0.13896234333515167,-0.16588421165943146,-0.1620580106973648,9.183066362449671e-14,1.4235137701034546,189.9494171142578,249.93748474121094,0.16879253835705735,Excitatory (Mouse),Excitatory
441000782,Mouse,aspiny,Htr3a-Cre_NO152,5,0.7393049232288765,0.704570562476987,-0.818160408490189,0.008653516814465401,0.15659922851390318,8.180419921875,0.17170269787311554,0.1326296180486679,0.11687031388282776,0.10696812719106674,0.06460396945476532,0.026677055284380913,-0.009800273925065994,-0.814717710018158,-1.1043859720230103,-1.120885968208313,-1.0089600086212158,-0.7373709082603455,-0.38352149724960327,-0.19558711349964142,-0.07457016408443451,-4.1262594036028943e-11,1.689658761024475,269.9254455566406,329.9175109863281,0.15659922851390318,Inhibitory (Mouse),Inhibitory
605889373,Mouse,aspiny,Slc32a1-T2A-FlpO|Vipr2-IRES2-Cre,2/3,0.7853297740917242,0.7787231430171729,-0.8604730696959041,0.013698135708643241,0.10961431545421624,7.8464765548706055,-0.0835992768406868,0.012149464339017868,0.06325201690196991,0.08080554008483887,0.051008306443691254,0.03389154002070427,0.05432843416929245,-0.8889748454093933,-1.0317926406860352,-0.7825072407722473,-0.6787122488021851,-0.579292356967926,-0.4840294122695923,-0.48660808801651,-0.5006760954856873,5.957274621114271e-15,2.4257593154907227,369.6334228515625,429.57000732421875,0.10961431545421624,Other (Mouse),Inhibitory
565191521,Mouse,aspiny,Vip-IRES-Cre,4,0.6041323335789729,0.7049514253198247,-0.3673764093942115,0.009718928841283647,0.1374889836951805,8.425273895263672,0.38988280296325684,0.3017808198928833,0.2507621645927429,0.185214102268219,0.07170229405164719,-0.006444695871323347,0.0039120884612202644,0.11200425773859024,-0.7193913459777832,-0.8500946164131165,-0.5246567130088806,-0.5287721157073975,-0.6058869361877441,-0.6843194961547852,-0.7305992841720581,-0.2636733651161194,1.3582156896591187,69.80123901367188,189.80999755859375,0.1374889836951805,Inhibitory (Mouse),Inhibitory
341459814,Mouse,aspiny,Pvalb-IRES-Cre,4,0.8133406970610311,0.7937454060356622,-0.963213715199572,0.01040902745547319,0.49960830708678716,7.99958610534668,0.00024555105483159423,-0.00020884483819827437,-0.0003179093182552606,-0.0003713724436238408,-0.0004939704667776823,-0.0012024400057271123,-0.0035035337787121534,-0.02149578556418419,-0.008740316145122051,-0.006372503004968166,-0.005657019093632698,-0.004897243343293667,-0.003058900823816657,-0.0020632343366742134,-0.0016980862710624933,-0.0021645829547196627,2.348489999771118,510.3756408691406,529.8674926757812,0.49960830708678716,Inhibitory (Mouse),Inhibitory
572416871,Mouse,aspiny,Nos1-CreERT2|Sst-IRES-FlpO,6a,0.5924412064535697,0.671770526412783,-0.7932019798392967,0.03215726687893026,0.058547282668388156,7.851286888122559,0.08752170950174332,0.267275869846344,0.4145446717739105,0.506582498550415,0.389835000038147,0.1919657289981842,0.048282645642757416,2.376439094543457,1.1960244178771973,-0.6877685189247131,-0.6917492151260376,-0.462778776884079,-0.6773672699928284,-0.8836202621459961,-0.9630147814750671,0.09389721602201462,2.4705810546875,150.5664825439453,189.80999755859375,0.058547282668388156,Other (Mouse),Inhibitory
592577385,Mouse,sparsely spiny,Ndnf-IRES2-dgCre,6a,0.8123426027468528,0.8599363536238942,-0.47467822832886813,0.008251916610451042,0.14840970100787892,8.237618446350098,0.24123616516590118,0.2373846471309662,0.23072801530361176,0.22030121088027954,0.18570926785469055,0.14115773141384125,0.11902197450399399,-0.2261292189359665,-0.547338604927063,-0.654676079750061,-0.7445775866508484,-0.8196567296981812,-0.8420397043228149,-0.8143588900566101,-0.7650027275085449,0.39796769618988037,1.3769687414169312,109.2251968383789,229.77000427246094,0.14840970100787892,Inhibitory (Mouse),Sparsely Spiny
490931049,Mouse,spiny,Rbp4-Cre_KL100,4,0.6491977651302614,0.6568520442611304,-0.8679955404975275,0.06127690082039286,0.05950941391320567,8.089988708496094,0.21020682156085968,0.3044898211956024,0.3307088017463684,0.31843045353889465,0.2526870369911194,0.17264173924922943,0.11468703299760818,-0.3161008954048157,-0.04346871003508568,0.06620267778635025,0.031000874936580658,-0.07625861465930939,-0.29211023449897766,-0.4312072694301605,-0.4781837463378906,0.0970427393913269,3.0313754081726074,130.1761932373047,149.96249389648438,0.05950941391320567,Excitatory (Mouse),Excitatory
573105010,Mouse,sparsely spiny,Chrna2-Cre_OE25,5,0.4379931866946438,0.5438910407848726,-0.1587643913997108,0.01016302245037002,0.15501463028080567,8.076486587524414,0.08807223290205002,0.07782094180583954,0.056840382516384125,0.04364006221294403,0.04616431146860123,0.049221429973840714,0.05466350540518761,0.23863118886947632,0.1891375333070755,0.08700042217969894,-0.04251965880393982,-0.12037872523069382,-0.11885544657707214,-0.11229783296585083,-0.11155441403388977,-0.0007071654545143247,1.313767910003662,26.96295738220215,169.8300018310547,0.15501463028080567,Other (Mouse),Sparsely Spiny
474637203,Mouse,aspiny,Htr3a-Cre_NO152,2/3,0.8462361832600488,0.8318957071912028,-0.7315744865713697,0.0038080086044800336,0.18987099025697146,7.867453098297119,-0.07137148082256317,0.04748672619462013,0.07363878190517426,0.07526049017906189,0.052985552698373795,0.023337557911872864,0.003533358220010996,-1.9399656057357788,-1.6482080221176147,-0.7976498007774353,-0.5470404028892517,-0.3915784955024719,-0.2546843886375427,-0.2220776230096817,-0.22830630838871002,-0.21472541987895966,1.3088833093643188,329.1723327636719,449.88751220703125,0.18987099025697146,Inhibitory (Mouse),Inhibitory
570098593,Mouse,sparsely spiny,Vip-IRES-Cre,2/3,0.697851535120017,0.7153495111829088,-0.4209377092818479,0.010500831079136012,0.14872586551017336,8.561189651489258,0.6344597339630127,0.6890822052955627,0.680274248123169,0.5742549896240234,0.2916439473628998,0.08380307257175446,0.04441654309630394,0.1665865182876587,-0.9331811666488647,-0.7113800644874573,-0.01098727434873581,-0.14738377928733826,-0.4663490355014801,-0.5575302839279175,-0.5641931295394897,-0.043258149176836014,1.3354235887527466,71.4897232055664,169.8300018310547,0.14872586551017336,Inhibitory (Mouse),Sparsely Spiny
560817063,Mouse,aspiny,Chat-IRES-Cre-neo,4,0.6910356414628616,0.7186151035759785,-0.827061893125968,0.04080875417194191,0.07453525405713625,8.025146484375,0.06430953741073608,-0.038601454347372055,-0.045499421656131744,0.004786286968737841,0.030587604269385338,0.02015777863562107,0.03675448149442673,-0.01905590109527111,-0.628425657749176,-0.9629663825035095,-0.8174661993980408,-0.6061990261077881,-0.3858698010444641,-0.29368236660957336,-0.2546226382255554,-0.19561243057250977,2.1176576614379883,90.9240951538086,109.88999938964844,0.07453525405713625,Other (Mouse),Inhibitory
505512874,Mouse,spiny,Cux2-CreERT2,2/3,0.7874043633232892,0.7739914310960091,-0.7145621300286331,0.020771316033207136,0.08215131286012083,7.819632530212402,-0.12712356448173523,0.01706092804670334,0.08485160022974014,0.08001159131526947,0.02190779522061348,0.014290496706962585,0.04324346408247948,-1.4858713150024414,-1.1540591716766357,-0.6012064218521118,-0.36221399903297424,-0.2733607292175293,-0.30554214119911194,-0.3209707736968994,-0.3106290102005005,0.048208948224782944,2.6949379444122314,249.84896850585938,349.6499938964844,0.08215131286012083,Excitatory (Mouse),Excitatory
470098860,Mouse,spiny,Scnn1a-Tg3-Cre,4,0.6006758340489161,0.6482592657651399,-0.9173067094567178,0.014717536676744664,0.18242792227184337,8.053740501403809,0.21837246417999268,0.3289780914783478,0.37077412009239197,0.35782957077026367,0.2206191122531891,0.06440087407827377,-0.05453352630138397,0.5035054087638855,0.18090268969535828,-0.17573654651641846,-0.3444412350654602,-0.35914140939712524,-0.40861421823501587,-0.6061295866966248,-0.7851387858390808,-0.03797995299100876,1.839616060256958,210.9292449951172,229.9425048828125,0.18242792227184337,Excitatory (Mouse),Excitatory
476455864,Mouse,spiny,Nr5a1-Cre,4,0.6579975103290701,0.5782362576308766,-0.8958661905528446,0.037174552282516704,0.07945102519630344,7.631843566894531,0.21133235096931458,0.5261954665184021,0.48716598749160767,0.38776665925979614,0.21950963139533997,0.06883464008569717,-0.022258490324020386,-0.15589836239814758,-0.42827892303466797,-0.05045203119516373,-0.18053017556667328,-0.3140955865383148,-0.40141937136650085,-0.4746904969215393,-0.5325781106948853,-0.07174807041883469,2.6573293209075928,170.1771697998047,189.95249938964844,0.07945102519630344,Excitatory (Mouse),Excitatory
477127614,Mouse,spiny,Slc17a6-IRES-Cre,2/3,0.8056960071061832,0.8926982358743465,-0.6473368022494935,0.016962414891218056,0.09549598897746972,8.243069648742676,0.24254854023456573,0.2366492599248886,0.2310093194246292,0.2090536206960678,0.11266352981328964,-0.003853310365229845,-0.03944579139351845,-0.5272588729858398,-0.6708502173423767,-0.33080172538757324,-0.25246548652648926,-0.18478074669837952,-0.20783132314682007,-0.26941758394241333,-0.3227294981479645,0.029835853725671768,1.6979074478149414,110.02063751220703,169.95750427246094,0.09549598897746972,Excitatory (Mouse),Excitatory
488473535,Mouse,aspiny,Rorb-IRES2-Cre,2/3,0.9614375237597584,0.9565094205245344,-0.7959129231980461,0.004379807130882006,0.2779832923702166,7.982752799987793,0.07059740275144577,0.12708419561386108,0.13105982542037964,0.1221727728843689,0.08691759407520294,0.036245353519916534,-0.04641016572713852,-0.6370458006858826,-0.6207984089851379,-0.5555301308631897,-0.5176631808280945,-0.38699501752853394,-0.1546310931444168,-0.07260627299547195,-0.028526218608021736,-0.00032132977503351867,1.4647760391235352,389.8998107910156,489.8774719238281,0.2779832923702166,Other (Mouse),Inhibitory
583140327,Mouse,aspiny,Chrna2-Cre_OE25,6a,0.39391502803431616,0.5638230785781628,-0.5532375556356888,0.00979073673091766,0.12158155228517392,7.982354164123535,-0.017431657761335373,-0.018040325492620468,-0.017821086570620537,-0.017504069954156876,-0.01749374158680439,-0.018327223137021065,-0.020029006525874138,-0.03927221521735191,-0.03997717425227165,-0.03694681078195572,-0.02554004080593586,-0.02196349948644638,-0.019752945750951767,-0.01982364058494568,-0.021370766684412956,0.30666786432266235,1.6250709295272827,149.31881713867188,269.7300109863281,0.12158155228517392,Other (Mouse),Inhibitory
488711144,Mouse,aspiny,Pvalb-IRES-Cre,2/3,0.9356125882888153,0.9391026163129466,-0.8431427895769691,0.004537800723579597,0.3409940488014305,7.734732627868652,-0.07281902432441711,0.053487882018089294,0.09983149915933609,0.12705130875110626,0.12875744700431824,0.083018459379673,-0.043566714972257614,-0.5029888153076172,-0.5937003493309021,-0.3642604351043701,-0.25024500489234924,-0.18671129643917084,-0.1466025859117508,-0.12204554677009583,-0.11684456467628479,9.433569377048645e-12,1.5210850238800049,429.8952941894531,509.8724670410156,0.3409940488014305,Inhibitory (Mouse),Inhibitory
526943222,Mouse,aspiny,Ndnf-IRES2-dgCre,1,0.7346780212210574,0.8241116395575506,-0.8399981064812245,0.023725692006602486,0.08911639313875734,7.782835483551025,0.010030115023255348,0.22685858607292175,0.21308039128780365,0.1430375725030899,0.07512450218200684,0.06676198542118073,0.09298104792833328,-0.35661882162094116,-0.9823395013809204,-0.45411646366119385,-0.2775995135307312,-0.23710453510284424,-0.28289562463760376,-0.36308032274246216,-0.4208999574184418,-0.008186726830899715,2.4342331886291504,209.78958129882812,249.74998474121094,0.08911639313875734,Inhibitory (Mouse),Inhibitory
539640827,Human,aspiny,,3,0.7918798154140916,0.7678274578377492,-0.5408331331649451,0.002286382730433682,0.3267973856209524,8.032334327697754,-0.035419341176748276,-0.04907653108239174,0.032879773527383804,0.08128795027732849,0.0067463344894349575,-0.03166935220360756,0.012640249915421009,-0.8843499422073364,-1.1117690801620483,-1.0062826871871948,-0.6448552012443542,-0.28315526247024536,-0.13677451014518738,-0.14767739176750183,-0.14466553926467896,-0.08661340922117233,0.7853063344955444,145.8864288330078,269.7300109863281,0.3267973856209524,Inhibitory (Human),Inhibitory
569295876,Mouse,aspiny,Htr3a-Cre_NO152,2/3,0.8214456201678538,0.7761575790077019,-0.23856978555814765,0.005952166120114516,0.25852084712110796,7.933043479919434,0.0366506464779377,0.11405959725379944,0.13661544024944305,0.09627440571784973,0.013640102930366993,-0.01833381876349449,0.011315055191516876,-0.8926011919975281,-0.8518816232681274,-0.6101304292678833,-0.44687509536743164,-0.3453904986381531,-0.22521653771400452,-0.08549601584672928,0.04968876764178276,0.1811337023973465,1.1174546480178833,50.08236312866211,209.7899932861328,0.25852084712110796,Inhibitory (Mouse),Inhibitory
490382353,Mouse,aspiny,Ntsr1-Cre_GN220,6a,0.9266086614963136,0.9328627357610965,-0.6744393416540704,0.006981652842632553,0.3045159718628218,8.006089210510254,0.008240886963903904,0.009510696865618229,0.010272284038364887,0.01028019841760397,0.008219221606850624,0.001906860969029367,-0.012147550471127033,-0.10354708135128021,-0.08198059350252151,-0.0363500602543354,-0.020100755617022514,-0.013768286444246769,-0.006128622684627771,-0.0011445621494203806,0.001070834812708199,0.006016166415065527,1.7324434518814087,289.93646240234375,429.89251708984375,0.3045159718628218,Other (Mouse),Inhibitory
367567889,Mouse,spiny,Nr5a1-Cre,4,0.7998491704390044,0.7679791342597477,-0.7602279101873597,0.015227063298100989,0.10207935649174846,8.204801559448242,0.2001505047082901,0.1700461059808731,0.14749544858932495,0.09905332326889038,-0.009739136323332787,-0.04203575477004051,-0.024268075823783875,-1.030653715133667,-0.5364612936973572,-0.35799044370651245,-0.24772469699382782,-0.19454868137836456,-0.2943904399871826,-0.3408634066581726,-0.3427760899066925,0.031389638781547546,1.9508495330810547,190.01043701171875,249.93748474121094,0.10207935649174846,Excitatory (Mouse),Excitatory
587064346,Mouse,aspiny,Chat-IRES-Cre-neo,2/3,0.7668550366838086,0.8241404672086146,-0.17757675777842336,0.016301075782065622,0.12565725024741992,8.009069442749023,0.009666617959737778,0.009203417226672173,0.009176778607070446,0.009279889985918999,0.009467137977480888,0.009503576904535294,0.009430279023945332,-0.01526479423046112,-0.01605665311217308,-0.01756095141172409,-0.02681267447769642,-0.013004578649997711,-0.00945270899683237,-0.007850613445043564,-0.007185697089880705,-0.02920951507985592,1.6638544797897339,30.158714294433594,169.8300018310547,0.12565725024741992,Other (Mouse),Inhibitory
480183339,Mouse,aspiny,Sst-IRES-Cre,4,0.7443744093557786,0.7203256171573184,-0.73348942180642,0.01277260672688049,0.14149669258556102,8.028031349182129,0.2975328266620636,0.4039536118507385,0.3011792004108429,0.14762812852859497,-0.002657017670571804,-0.02058328129351139,0.025298893451690674,0.011843163520097733,0.673586368560791,0.0859120562672615,-0.5073971748352051,-0.6277115941047668,-0.4314477741718292,-0.23855042457580566,-0.07008527964353561,-0.000272682256763801,1.383984088897705,109.99590301513672,149.96249389648438,0.14149669258556102,Inhibitory (Mouse),Inhibitory
396608557,Mouse,aspiny,Pvalb-IRES-Cre,5,0.9456095726511973,0.9675783105195284,-0.5411868533495878,0.005977728767918788,0.2619737732814821,7.9855804443359375,-0.011217816732823849,-0.00559987872838974,-0.001886475714854896,-0.0009348856983706355,0.0016356752021238208,0.00022106015239842236,-0.013607700355350971,-0.22654813528060913,-0.21251630783081055,-0.1657285988330841,-0.11949325352907181,-0.07715572416782379,-0.03552336245775223,0.003795875236392021,0.029039841145277023,0.3426295220851898,1.4462648630142212,189.48544311523438,349.9125061035156,0.2619737732814821,Inhibitory (Mouse),Inhibitory
325919795,Mouse,spiny,Rbp4-Cre_KL100,6a,0.6423152243994499,0.687251887915762,-0.8970364320736146,0.07643320141979675,0.055184435627258985,8.211238861083984,0.3093965947628021,0.3607732355594635,0.33686402440071106,0.2735035717487335,0.19095398485660553,0.14362114667892456,0.11659437417984009,0.1456931233406067,-0.23431618511676788,0.06761443614959717,0.007465967442840338,-0.26633569598197937,-0.5104936957359314,-0.5717000365257263,-0.5669262409210205,0.10374370962381363,3.810338258743286,170.4050750732422,189.95249938964844,0.055184435627258985,Excitatory (Mouse),Excitatory
554443833,Mouse,aspiny,Nkx2-1-CreERT2,6b,0.8083987770260493,0.8293536559661915,-0.6236795442379833,0.0813409399867386,0.051735037968344284,8.089130401611328,0.09277679771184921,0.13561901450157166,0.1567779779434204,0.1374845951795578,0.0868387520313263,0.06515661627054214,0.056259606033563614,0.1710602194070816,-0.889957070350647,-0.5841219425201416,-0.3293440341949463,-0.20763704180717468,-0.25358957052230835,-0.2986367344856262,-0.30977681279182434,0.24068818986415863,4.130921840667725,130.899658203125,209.7899932861328,0.051735037968344284,Other (Mouse),Inhibitory
605660220,Mouse,spiny,Penk-IRES2-Cre-neo,6a,0.629284336083831,0.5302831135864416,-0.5806445555905949,0.019374143611186303,0.12439791409577383,8.22565746307373,0.30859681963920593,0.29125845432281494,0.23976010084152222,0.16961005330085754,0.05939938873052597,0.02726054936647415,0.03692997992038727,-0.23133021593093872,-0.2805064916610718,-0.390613317489624,-0.44402608275413513,-0.42583706974983215,-0.3963524401187897,-0.3834489583969116,-0.3629760146141052,0.07422727346420288,1.917656421661377,110.2176513671875,189.80999755859375,0.12439791409577383,Excitatory (Mouse),Excitatory
484770879,Mouse,spiny,Rorb-IRES2-Cre,4,0.8549731463778238,0.8498955524278928,-0.777788000347978,0.013868798417308864,0.10862955935232803,7.821934700012207,-0.07689054310321808,0.032345160841941833,0.08091607689857483,0.07898883521556854,0.026316802948713303,-0.0014927256852388382,-0.008847971446812153,-0.6896207928657532,-0.7807738184928894,-0.4299984872341156,-0.2521429657936096,-0.19854724407196045,-0.19080908596515656,-0.17290590703487396,-0.13229267299175262,0.0008611147641204298,1.934848666191101,209.95025634765625,269.9324951171875,0.10862955935232803,Excitatory (Mouse),Excitatory
598631490,Mouse,spiny,Ndnf-IRES2-dgCre,6b,0.6081777695271265,0.6937610391733077,-0.4738066695885576,0.011445035434234918,0.10681368787502263,8.062612533569336,0.07516402751207352,0.0853768065571785,0.09947922825813293,0.10382579267024994,0.08619611710309982,0.07343553006649017,0.06809273362159729,0.06613612174987793,-0.13055981695652008,-0.2925569415092468,-0.28108134865760803,-0.2347572296857834,-0.2576705515384674,-0.3116479218006134,-0.35486698150634766,1.4142085547064198e-06,1.473900318145752,89.93324279785156,189.80999755859375,0.10681368787502263,Inhibitory (Mouse),Excitatory
482772037,Mouse,aspiny,Htr3a-Cre_NO152,2/3,0.7729097745390893,0.7277267423413771,-0.6554048446068278,0.034389724137848354,0.1399320825644053,7.949673652648926,0.04925238713622093,0.12184641510248184,0.15299007296562195,0.17256422340869904,0.13579018414020538,0.06548910588026047,0.013674361631274223,-0.2372182309627533,-0.15597403049468994,-0.1939837634563446,-0.28622958064079285,-0.2524123191833496,-0.20630034804344177,-0.16824980080127716,-0.12490589916706085,-0.15924039483070374,2.812056064605713,150.7307891845703,229.9425048828125,0.1399320825644053,Inhibitory (Mouse),Inhibitory
477135941,Mouse,spiny,Slc17a6-IRES-Cre,4,0.838291816833052,0.8042124851026802,-0.6842275519416562,0.009133979793990422,0.14963900711824782,8.200957298278809,0.22254087030887604,0.22185556590557098,0.20785614848136902,0.17655383050441742,0.10220960527658463,0.022117137908935547,-0.04092440754175186,-0.0865940973162651,-0.22536739706993103,-0.32249629497528076,-0.2962019741535187,-0.23164717853069305,-0.24947966635227203,-0.3250637352466583,-0.3988829255104065,-1.8587024896987714e-07,1.3172024488449097,129.97073364257812,189.95249938964844,0.14963900711824782,Excitatory (Mouse),Excitatory
583148615,Mouse,aspiny,Chat-IRES-Cre-neo,2/3,0.7296376814224624,0.7487365642652055,-0.44650632398854756,0.010428924108652015,0.09355489127426334,7.704331398010254,-0.24737556278705597,-0.10671649873256683,-0.019578974694013596,0.04378210008144379,0.08706002682447433,0.0487695187330246,-0.048666659742593765,-1.6967568397521973,-1.8360843658447266,-1.3007049560546875,-1.010878562927246,-0.7691986560821533,-0.3429715633392334,-0.10986651480197906,0.01712147891521454,-0.4526558220386505,1.7382069826126099,129.56224060058594,289.7099914550781,0.09355489127426334,Other (Mouse),Inhibitory
609485897,Mouse,sparsely spiny,Slc32a1-T2A-FlpO|Vipr2-IRES2-Cre,4,0.7492115287311386,0.8097507307272838,-0.5792889749207014,0.010679193438707615,0.13652507105447276,8.338302612304688,0.34832027554512024,0.3371560275554657,0.2909092307090759,0.2115347534418106,0.10222765803337097,0.034844860434532166,-0.012419682927429676,-0.05506652221083641,-0.061678119003772736,-0.20696744322776794,-0.37034884095191956,-0.47859033942222595,-0.5416821241378784,-0.5776400566101074,-0.6021746397018433,0.02566761150956154,1.4237337112426758,109.95549774169922,189.80999755859375,0.13652507105447276,Other (Mouse),Sparsely Spiny
565462089,Mouse,aspiny,Oxtr-T2A-Cre,4,0.9567435821091268,0.9516723726492347,-0.6386322464724051,0.00596831090128821,0.27633714015372685,7.717424392700195,-0.09517770260572433,0.05728472024202347,0.12412752211093903,0.13313795626163483,0.08706588298082352,0.038004498928785324,-0.034153055399656296,-0.5039092898368835,-0.4748750627040863,-0.38349440693855286,-0.26218748092651367,-0.17489472031593323,-0.10470866411924362,-0.04178273305296898,0.007903806865215302,0.031020263209939003,1.6740074157714844,299.8579406738281,469.52996826171875,0.27633714015372685,Other (Mouse),Inhibitory
623379534,Mouse,aspiny,Nos1-CreERT2|Sst-IRES-FlpO,2/3,0.6654397172621452,0.7768042196617562,-0.48299083499415596,0.020924448250251648,0.08627815040352424,8.39104175567627,0.44299668073654175,0.4223530888557434,0.35957393050193787,0.27530574798583984,0.16676642000675201,0.08037861436605453,0.030530916526913643,0.1721343994140625,0.06397329270839691,-0.054287347942590714,-0.15557999908924103,-0.2090444713830948,-0.51341313123703,-0.8186787962913513,-1.0602787733078003,-0.19541415572166443,1.992904782295227,91.71467590332031,189.80999755859375,0.08627815040352424,Other (Mouse),Inhibitory
320455763,Mouse,aspiny,Pvalb-IRES-Cre,5,0.9599317416905647,0.9520202266831709,-0.5451656303524754,0.004497074203834156,0.2036128245130416,8.201420783996582,0.18747392296791077,0.1714145541191101,0.1471405178308487,0.12007554620504379,0.08105958253145218,0.017915111035108566,-0.07818015664815903,-0.6637799739837646,-0.496131956577301,-0.45858684182167053,-0.45627230405807495,-0.3767848014831543,-0.15289664268493652,0.032210927456617355,0.15876826643943787,0.30114296078681946,1.1805695295333862,169.04977416992188,309.9224853515625,0.2036128245130416,Inhibitory (Mouse),Inhibitory
579626068,Mouse,aspiny,Ndnf-IRES2-dgCre,2/3,0.767233597939389,0.7354662592086888,-0.7777554889606431,0.017147396104559093,0.09494521186549192,7.953043460845947,0.03494476526975632,0.09736493229866028,0.1421065479516983,0.16007302701473236,0.11328346282243729,0.04358827695250511,0.0006300312234088778,-0.39173734188079834,-1.0992755889892578,-1.4041051864624023,-0.6209255456924438,-0.36307448148727417,-0.28114426136016846,-0.2627469003200531,-0.24984565377235413,2.213426131351045e-16,2.150620222091675,209.78399658203125,269.7300109863281,0.09494521186549192,Inhibitory (Mouse),Inhibitory
527869035,Mouse,sparsely spiny,Ndnf-IRES2-dgCre,1,0.8618394950857575,0.8622017906829489,-0.8064740249284533,0.007920337017156377,0.16913330681320318,7.670673847198486,-0.1351812332868576,0.07500634342432022,0.1773945689201355,0.1707792729139328,0.058313652873039246,0.010584592819213867,0.04855634272098541,-0.7520193457603455,-0.7010611295700073,-0.45745086669921875,-0.20973265171051025,-0.05527330935001373,-0.10715368390083313,-0.22652174532413483,-0.30319273471832275,1.4786062998983773e-11,1.5661574602127075,249.75694274902344,309.69000244140625,0.16913330681320318,Inhibitory (Mouse),Sparsely Spiny
327566447,Mouse,aspiny,Htr3a-Cre_NO152,4,0.6942913725325873,0.76531487890315,-0.3504396502068453,0.009977714774743214,0.14176416142457846,7.703637599945068,-0.2552744746208191,-0.12578284740447998,-0.003380770096555352,0.06286972761154175,0.04402366280555725,0.007240841165184975,-0.004183556418865919,-0.7950253486633301,-0.6493920087814331,-0.49959132075309753,-0.40402117371559143,-0.24889373779296875,-0.1292247623205185,-0.10559425503015518,-0.09596548229455948,-0.21026679873466492,1.5146949291229248,80.62518310546875,229.9425048828125,0.14176416142457846,Inhibitory (Mouse),Inhibitory
583804033,Mouse,aspiny,Htr3a-Cre_NO152,2/3,0.8006032185134075,0.8283016111286643,-0.2638812807639134,0.009340511950451031,0.18419700237798417,8.371231079101562,0.402965247631073,0.35264116525650024,0.26269569993019104,0.12898847460746765,-0.00971834547817707,-0.033831872045993805,0.04903329536318779,0.30461031198501587,-0.34400519728660583,-0.39802849292755127,-0.29559189081192017,-0.2108229547739029,-0.17177389562129974,-0.13938403129577637,-0.08722332864999771,-0.035772088915109634,1.331511378288269,50.088584899902344,189.80999755859375,0.18419700237798417,Inhibitory (Mouse),Inhibitory
584664194,Mouse,aspiny,Oxtr-T2A-Cre,2/3,0.6249486104896843,0.6349294422925205,-0.5301005488854483,0.00387129761126453,0.13729723258205814,8.03040885925293,0.23049324750900269,0.28008580207824707,0.20978523790836334,0.11522071063518524,0.010572614148259163,0.01874285191297531,0.04936683550477028,1.8801326751708984,1.031751275062561,0.09819277375936508,-0.346158504486084,-0.3643230199813843,-0.3563891053199768,-0.3359486162662506,-0.2679775357246399,0.007476959843188524,0.9011989235877991,111.20984649658203,209.7899932861328,0.13729723258205814,Other (Mouse),Inhibitory
576046210,Mouse,aspiny,Vip-IRES-Cre,2/3,0.301585580590015,0.5003019600346978,-0.2936322596768452,0.01774348354458162,0.08346768848923748,7.982841968536377,-0.01660619117319584,-0.015104123391211033,-0.014199389144778252,-0.01364336907863617,-0.01125180721282959,-0.008715280331671238,-0.007704696152359247,-0.05025390908122063,-0.03351547569036484,-0.024875422939658165,-0.026265956461429596,-0.029728861525654793,-0.028603214770555496,-0.02363269403576851,-0.019083252176642418,-0.17549538612365723,1.9293535947799683,61.63190841674805,209.7899932861328,0.08346768848923748,Inhibitory (Mouse),Inhibitory
471819401,Mouse,spiny,Ntsr1-Cre_GN220,6a,0.7824829074822343,0.7850597319566768,-0.8181851986594438,0.007061649587710894,0.18704034834393513,7.84084939956665,-0.10068809241056442,0.037517692893743515,0.11166667938232422,0.1129879578948021,0.041747625917196274,0.00847846083343029,0.03536070138216019,-0.6229771375656128,-1.22012460231781,-0.8617333173751831,-0.47949567437171936,-0.30769380927085876,-0.3090924024581909,-0.35629531741142273,-0.3952566683292389,5.4651466999903336e-14,1.5263557434082031,269.9336242675781,329.9175109863281,0.18704034834393513,Excitatory (Mouse),Excitatory
489751692,Mouse,spiny,Cux2-CreERT2,2/3,0.7765947383196246,0.8423499667524219,-0.5238916832521505,0.011307636733960244,0.0827879813044839,8.034675598144531,0.08898670226335526,0.08984982222318649,0.055865321308374405,0.034269701689481735,-0.0028975026216357946,-0.02383539266884327,-0.0040063089691102505,-0.6630565524101257,-0.6135358214378357,-0.5189698934555054,-0.4789307415485382,-0.3450435996055603,-0.14322403073310852,-0.08548682183027267,-0.03866139426827431,0.013816707767546177,1.5407822132110596,109.98992919921875,209.94747924804688,0.0827879813044839,Excitatory (Mouse),Excitatory
478110866,Mouse,aspiny,Htr3a-Cre_NO152,5,0.7328174529448593,0.8288433388341118,-0.5816142741126293,0.01323117254747496,0.11642753518192611,8.386523246765137,0.4305889308452606,0.4568856954574585,0.4383033514022827,0.34917527437210083,0.17993079125881195,0.06201811134815216,0.02453486993908882,-0.20372161269187927,-0.7446456551551819,-0.5469610095024109,-0.2800615429878235,-0.18891645967960358,-0.294888436794281,-0.3678639531135559,-0.38893020153045654,0.08692457526922226,1.5853372812271118,110.48664093017578,189.95249938964844,0.11642753518192611,Inhibitory (Mouse),Inhibitory
578774163,Mouse,aspiny,Chat-IRES-Cre-neo,4,0.6890106531070701,0.7219183302305592,-0.4437127836588595,0.020751086504798743,0.0843733046239096,7.839750289916992,-0.16461072862148285,-0.030779752880334854,0.046347230672836304,0.07883341610431671,0.08022866398096085,0.030926555395126343,-0.007703257724642754,-0.5603838562965393,-1.7629342079162598,-1.8231498003005981,-1.1806998252868652,-0.7344288229942322,-0.44083109498023987,-0.29036781191825867,-0.18613889813423157,-0.1391242891550064,2.276528835296631,110.83661651611328,249.74998474121094,0.0843733046239096,Other (Mouse),Inhibitory
483099796,Mouse,spiny,Cux2-CreERT2,5,0.7658302461507959,0.7734135651037589,-0.907517907716067,0.07349848116870068,0.05597655209404679,8.164292335510254,0.17828242480754852,0.1671605408191681,0.13130326569080353,0.08932584524154663,0.04962463304400444,0.014058294706046581,-0.020623978227376938,-0.08727694302797318,-0.022364486008882523,-0.033941615372896194,-0.10808976739645004,-0.2171243131160736,-0.3058309257030487,-0.32897335290908813,-0.3472869396209717,-0.1043064296245575,3.928208351135254,190.54197692871094,209.94747924804688,0.05597655209404679,Excitatory (Mouse),Excitatory
555697303,Mouse,aspiny,Ndnf-IRES2-dgCre,1,0.7534619114037702,0.7844157675169695,-0.5464736004542569,0.004281691236498852,0.16821706730364722,8.101954460144043,-0.015858694911003113,-0.07901505380868912,-0.020963774994015694,0.03450949490070343,-0.00021068677597213537,-0.02490779384970665,0.01772693544626236,-1.1317980289459229,-1.1421860456466675,-0.9505236148834229,-0.5782158970832825,-0.1807522028684616,0.0001331502862740308,-0.048559803515672684,-0.10735728591680527,-0.321929395198822,1.1515194177627563,169.34104919433594,309.69000244140625,0.16821706730364722,Inhibitory (Mouse),Inhibitory
565871768,Mouse,aspiny,Oxtr-T2A-Cre,5,0.8801651151260486,0.9208885339757464,-0.7656056282040683,0.003612184052582431,0.21038883222409074,8.048026084899902,0.030376126989722252,0.0012585676740854979,-0.012721812352538109,-0.010465070605278015,0.03752335533499718,0.04367035627365112,-0.04406220465898514,-1.1308294534683228,-1.229016661643982,-1.086602807044983,-0.7773226499557495,-0.5019950270652771,-0.2020808607339859,0.003656251821666956,0.1300569325685501,0.23724393546581268,1.2456668615341187,328.9375,429.57000732421875,0.21038883222409074,Other (Mouse),Inhibitory
482444444,Mouse,aspiny,Pvalb-IRES-Cre,2/3,0.8645846372819028,0.8534676525946432,-0.8490801947946108,0.0076850768480995636,0.3604633034841726,7.837979316711426,0.0010042779613286257,0.1274445652961731,0.17297068238258362,0.1857016384601593,0.1747770756483078,0.09469659626483917,-0.10322882235050201,-0.30004867911338806,-0.5574372410774231,-0.5339431166648865,-0.39228555560112,-0.27302902936935425,-0.1423005759716034,-0.06584398448467255,-0.05118052288889885,8.128739084365473e-16,2.017937660217285,449.8999938964844,529.8674926757812,0.3604633034841726,Inhibitory (Mouse),Inhibitory
566559909,Mouse,aspiny,Nkx2-1-CreERT2,6a,0.803913885498614,0.829927301917388,-0.6836935636732467,0.027582068463696013,0.0779737188021305,7.8036112785339355,-0.06092965975403786,0.11112574487924576,0.16857345402240753,0.1653517633676529,0.1044827327132225,0.059100452810525894,0.026488659903407097,-0.9765155911445618,-1.0148459672927856,-0.49900564551353455,-0.2520669400691986,-0.1557369828224182,-0.20505845546722412,-0.29189738631248474,-0.3737562596797943,0.16340884566307068,2.6246182918548584,170.77915954589844,249.74998474121094,0.0779737188021305,Other (Mouse),Inhibitory
471131311,Mouse,spiny,Rbp4-Cre_KL100,5,0.6727276263454233,0.7423027945289754,-0.9157410897391893,0.01840957974954881,0.14563969322455214,7.79033899307251,-0.04263295233249664,0.06340743601322174,0.08452405780553818,0.09680046886205673,0.081295445561409,0.05893152579665184,0.04047061502933502,0.08951402455568314,-0.3658201992511749,-0.3125936985015869,-0.37040257453918457,-0.2742055654525757,-0.22037248313426971,-0.23021402955055237,-0.23894943296909332,0.03442363440990448,2.0574607849121094,210.56898498535156,229.9425048828125,0.14563969322455214,Excitatory (Mouse),Excitatory
501736631,Mouse,aspiny,Vip-IRES-Cre,2/3,0.8760386327666784,0.8615899382442356,-0.6655773883203013,0.005297518412785563,0.11920190036439046,7.817250728607178,-0.19737248122692108,-0.1395157128572464,-0.0538741834461689,-0.003303583711385727,0.004818664398044348,0.004363036248832941,0.004853195045143366,-1.4685471057891846,-1.2095916271209717,-0.9807189106941223,-0.6438536047935486,-0.34672078490257263,-0.19099389016628265,-0.13992448151111603,-0.1088491827249527,-0.22375233471393585,1.4366509914398193,259.36566162109375,389.6099853515625,0.11920190036439046,Inhibitory (Mouse),Inhibitory
477930684,Mouse,spiny,Rbp4-Cre_KL100,5,0.336389149600807,0.5278143001427349,-0.7142933871197267,0.004166119186771721,0.3060267687735319,8.044730186462402,0.04829315468668938,0.049846064299345016,0.050197795033454895,0.05140615627169609,0.05323715880513191,0.05082299932837486,0.04462556168437004,-0.30035004019737244,-0.2518453299999237,-0.2231377214193344,-0.23562966287136078,-0.25589555501937866,-0.28471866250038147,-0.3024772107601166,-0.3155917227268219,5.74611227197909e-15,0.9352359175682068,149.96409606933594,209.94747924804688,0.3060267687735319,Excitatory (Mouse),Excitatory
541566142,Human,spiny,,5,0.6075633910195056,0.803044472157629,-0.619675620175361,0.010740109744471817,0.15996094393592786,8.105868339538574,0.19162987172603607,0.2539871633052826,0.2839430868625641,0.23900896310806274,0.10831429064273834,0.013102244585752487,0.00792450737208128,0.7456082701683044,-0.6464090943336487,-1.3430864810943604,-1.2239103317260742,-0.36279359459877014,-0.2574959695339203,-0.1668950617313385,-0.023876503109931946,0.03375966474413872,1.5010554790496826,130.0028839111328,209.7899932861328,0.15996094393592786,Excitatory (Human),Excitatory
579290303,Mouse,aspiny,Pvalb-IRES-Cre,5,0.9826557968414097,0.9722227867991771,-0.6545617977375018,0.005447172868874797,0.31067039408989544,7.744497776031494,-0.12173060327768326,-0.01788446120917797,0.03695833683013916,0.07110459357500076,0.08343707770109177,0.0483880378305912,-0.03113492578268051,-0.32203373312950134,-0.35389137268066406,-0.24825666844844818,-0.1484939455986023,-0.05992109701037407,-0.002373842056840658,-0.010118960402905941,-0.05330891162157059,-0.22691801190376282,1.380591869354248,229.09085083007812,349.9125061035156,0.31067039408989544,Inhibitory (Mouse),Inhibitory
569263301,Mouse,aspiny,Ndnf-IRES2-dgCre,1,0.7045041217571988,0.8141333059638892,-0.4738522911608245,0.012868243970836487,0.10544383312796397,8.08227825164795,0.08264124393463135,0.0785391554236412,0.07369405031204224,0.06857050955295563,0.060598138719797134,0.0547720305621624,0.05356622859835625,-0.16048920154571533,-0.13448341190814972,-0.1102040708065033,-0.08900136500597,-0.07157007604837418,-0.07687384635210037,-0.08905402570962906,-0.09869542717933655,-0.27859246730804443,1.5628567934036255,90.01951599121094,189.80999755859375,0.10544383312796397,Inhibitory (Mouse),Inhibitory
584271064,Mouse,spiny,Oxtr-T2A-Cre,6a,0.6631609765727007,0.6934471705098457,-0.8094864590698361,0.011328187834034808,0.1571196573031742,7.534878730773926,0.013398582115769386,0.33513143658638,0.4148639142513275,0.39172935485839844,0.27607154846191406,0.1719544529914856,0.08596722781658173,0.10195250809192657,-0.26855000853538513,-0.4972146153450012,-0.47311851382255554,-0.5501130819320679,-0.639914333820343,-0.6589037775993347,-0.701438844203949,4.805082198799937e-07,1.5416032075881958,169.82215881347656,209.7899932861328,0.1571196573031742,Excitatory (Mouse),Excitatory
569664731,Mouse,spiny,Chrna2-Cre_OE25,5,0.5074963009545626,0.5168983403740891,-0.6963171531445639,0.08983615389086508,0.032700388964586616,8.172935485839844,0.3200434744358063,0.2846481204032898,0.2051808387041092,0.17534060776233673,0.1701497882604599,0.10012161731719971,0.023846695199608803,-0.4600893557071686,0.3581594228744507,0.12920449674129486,-0.43246275186538696,-0.4895423948764801,-0.3039291203022003,-0.45132067799568176,-0.6868802905082703,0.009803708642721176,3.4157021045684814,90.43080139160156,129.8699951171875,0.032700388964586616,Excitatory (Mouse),Excitatory
479225052,Mouse,spiny,Rorb-IRES2-Cre,5,0.5951582263059275,0.6668956895708618,-0.6521354453317691,0.00838932987205443,0.111429701007368,7.912237167358398,0.013257724232971668,0.08155681937932968,0.09667448699474335,0.07940316200256348,0.04653753340244293,0.01873215287923813,0.023192454129457474,1.4628643989562988,0.54027259349823,-0.3411000669002533,-0.5586317777633667,-0.621109127998352,-0.42965954542160034,-0.2529412508010864,-0.1125156357884407,-0.0011113783111795783,1.3889073133468628,149.9536590576172,229.9425048828125,0.111429701007368,Excitatory (Mouse),Excitatory
593618144,Mouse,aspiny,Chrna2-Cre_OE25|Pvalb-T2A-Dre,6a,0.959892677917303,0.9680412619459944,-0.5149529044791877,0.007216869142261384,0.20694062294087673,7.812273025512695,-0.13193273544311523,-0.04694616049528122,0.011037781834602356,0.02744041569530964,0.003994180355221033,-0.007431789301335812,0.019360022619366646,-0.24560843408107758,-0.23877282440662384,-0.08238580077886581,0.026147905737161636,0.057438403367996216,0.0211569182574749,-0.0225226990878582,-0.05900781601667404,0.234511137008667,1.494989037513733,159.53076171875,309.69000244140625,0.20694062294087673,Other (Mouse),Inhibitory
583804142,Mouse,aspiny,Htr3a-Cre_NO152,5,0.8562663588801593,0.816329761003543,-0.7037379406001474,0.019296655028117244,0.07962361598231613,7.819095134735107,-0.1205691397190094,-0.00971491914242506,0.07600700110197067,0.08475174754858017,0.029160697013139725,0.01431197114288807,0.022352490574121475,-0.7064425945281982,-0.8445726633071899,-0.7299200892448425,-0.5049982070922852,-0.35013240575790405,-0.28183668851852417,-0.25754666328430176,-0.23719803988933563,0.0013911117566749454,2.2814221382141113,189.81924438476562,269.7300109863281,0.07962361598231613,Inhibitory (Mouse),Inhibitory
585753841,Mouse,aspiny,Htr3a-Cre_NO152|Pvalb-T2A-Dre,5,0.7230805426609884,0.6500549430587534,-0.4816630714060195,0.007351481796918023,0.2503459781416762,7.974064826965332,-0.02570800669491291,-0.02652517892420292,-0.02601558528840542,-0.024658123031258583,-0.022929301485419273,-0.02261904999613762,-0.02428746223449707,-0.044094666838645935,-0.04404294118285179,-0.0441160723567009,-0.04184145852923393,-0.03492239862680435,-0.028445182368159294,-0.026640634983778,-0.027213605120778084,-0.2659948170185089,1.4593826532363892,139.6133575439453,289.7099914550781,0.2503459781416762,Inhibitory (Mouse),Inhibitory
486352114,Mouse,aspiny,Sst-IRES-Cre,5,0.943642169905918,0.9399055650713809,-0.45457379084539473,0.005549208513302651,0.2525153049525628,7.989785194396973,-0.002582953544333577,0.014343970455229282,0.028477374464273453,0.03628809005022049,0.03016471676528454,0.010564753785729408,-0.025211935862898827,-0.703011155128479,-0.8895933032035828,-0.525640070438385,-0.15010526776313782,-0.06654811650514603,-0.03306867554783821,-0.013130457140505314,-0.004808457568287849,-0.08616802841424942,1.3530635833740234,149.97927856445312,329.9175109863281,0.2525153049525628,Inhibitory (Mouse),Inhibitory
397354239,Mouse,spiny,Nr5a1-Cre,4,0.7638059488513907,0.7835494316304119,-0.8260699925707443,0.019438385580664474,0.10174567599954246,8.12669849395752,0.16495966911315918,0.17010928690433502,0.16155825555324554,0.13202328979969025,0.040581244975328445,-0.008769458159804344,-0.02314675785601139,-0.4082036316394806,-0.40388619899749756,-0.49530187249183655,-0.4255468249320984,-0.22451259195804596,-0.19747799634933472,-0.2308506965637207,-0.2497173696756363,0.004511871375143528,2.114169120788574,189.94862365722656,229.9425048828125,0.10174567599954246,Excitatory (Mouse),Excitatory
500966656,Mouse,aspiny,Sst-IRES-Cre,5,0.7539233601798844,0.7882735921183802,-0.7146827580786409,0.01791517268189428,0.09255558749751705,8.325750350952148,0.3889424800872803,0.3927844166755676,0.3545238971710205,0.29293686151504517,0.1512695550918579,0.026422984898090363,-0.010153813287615776,-0.039349935948848724,-0.5248030424118042,-0.5524922609329224,-0.46248888969421387,-0.39019492268562317,-0.3417070508003235,-0.3379710018634796,-0.3126582205295563,0.03555326536297798,1.938665509223938,149.93455505371094,209.7899932861328,0.09255558749751705,Inhibitory (Mouse),Inhibitory
560678143,Mouse,spiny,Vip-IRES-Cre,5,0.5954094002427837,0.5929777903169782,-0.913566570586443,0.03974877721705084,0.07575120576981759,8.018211364746094,0.021523069590330124,0.01162811927497387,0.005214605946093798,0.016790082678198814,0.03450892120599747,0.027672382071614265,0.007358790375292301,-0.2961757183074951,-0.275185763835907,-0.2509031295776367,-0.22382670640945435,-0.20545518398284912,-0.1751379817724228,-0.15585431456565857,-0.1528674066066742,-0.06044873967766762,3.0220980644226074,209.91384887695312,229.77000427246094,0.07575120576981759,Inhibitory (Mouse),Excitatory
523748610,Mouse,aspiny,Nos1-CreERT2,1,0.8123942942768142,0.7540073372131973,-0.777767368781093,0.010895444235695566,0.1297990606701603,7.870997428894043,-0.07348661124706268,0.036231715232133865,0.10463528335094452,0.10806827992200851,0.05436309054493904,0.04037514701485634,0.046299394220113754,-0.9936107397079468,-0.9787182211875916,-0.8053865432739258,-0.5690218806266785,-0.41946229338645935,-0.40995466709136963,-0.4410088360309601,-0.4648357629776001,4.0033188270172104e-05,1.7143011093139648,209.78720092773438,269.7300109863281,0.1297990606701603,Other (Mouse),Inhibitory
556524816,Mouse,spiny,Ndnf-IRES2-dgCre,6a,0.6588438907786226,0.7776027358928008,-0.26317078615547645,0.007977273654991669,0.20821283015788272,8.209385871887207,0.2081443965435028,0.19046808779239655,0.16994044184684753,0.13447757065296173,0.08946378529071808,0.05546689033508301,0.02233174629509449,0.4320705235004425,-1.0260593891143799,-0.8755297064781189,-0.4129888713359833,-0.2503920793533325,-0.2876614034175873,-0.2923111915588379,-0.27928420901298523,-0.005138978827744722,1.230514645576477,49.95247268676758,189.80999755859375,0.20821283015788272,Inhibitory (Mouse),Excitatory
503866640,Mouse,aspiny,Sst-IRES-Cre,5,0.4725689897532115,0.5160503319882408,-0.4827423622571779,0.007759605571999904,0.14171982104750752,7.977616786956787,-0.022098025307059288,-0.02284413017332554,-0.022599827498197556,-0.02213805727660656,-0.023108195513486862,-0.025928620249032974,-0.029824387282133102,-0.03956862539052963,-0.03910341113805771,-0.04006977751851082,-0.03619968891143799,-0.024916550144553185,-0.022047439590096474,-0.023447055369615555,-0.026583153754472733,-2.3044188085519224e-11,1.4993449449539185,139.85528564453125,289.7099914550781,0.14171982104750752,Inhibitory (Mouse),Inhibitory
505808144,Mouse,spiny,Nr5a1-Cre,4,0.7834290766080496,0.7759976239116715,-0.7777528865638901,0.012491071770238539,0.11705303532570582,7.913424015045166,-0.056701142340898514,0.0064230626448988914,0.0446513295173645,0.05222764611244202,0.02487814798951149,0.0054328483529388905,-0.007725702133029699,-1.7606627941131592,-1.2227001190185547,-0.5910273790359497,-0.37707558274269104,-0.25581881403923035,-0.14371594786643982,-0.07929636538028717,-0.03041093796491623,-0.00020051904721185565,1.8355426788330078,209.78329467773438,269.7300109863281,0.11705303532570582,Excitatory (Mouse),Excitatory
515056927,Mouse,spiny,Scnn1a-Tg3-Cre,2/3,0.7104942923086902,0.7703672002885366,-0.5810312713839912,0.0341088490272973,0.07498556527868339,8.031839370727539,0.14943166077136993,0.23284226655960083,0.2763095200061798,0.2922821342945099,0.23140305280685425,0.1130494698882103,-0.006863078568130732,-0.30555129051208496,-0.1721908003091812,-0.1236390471458435,-0.03661061450839043,-0.045829083770513535,-0.2712329626083374,-0.4817817807197571,-0.6537550687789917,-0.10965888947248459,2.544445037841797,110.29756927490234,189.80999755859375,0.07498556527868339,Excitatory (Mouse),Excitatory
579462433,Mouse,spiny,Glt25d2-Cre_NF107,6a,0.6958610214927011,0.725346364089722,-0.4211001538086357,0.059594217920649534,0.08453728516962357,7.543056011199951,-0.19495515525341034,-0.08424552530050278,0.051202330738306046,0.1367693394422531,0.09978155791759491,0.07439315319061279,0.09737640619277954,0.2498457431793213,-0.050837866961956024,-0.33260950446128845,-0.45563915371894836,-0.46702396869659424,-0.4147260785102844,-0.34212642908096313,-0.2734427750110626,0.3145836591720581,3.1813340187072754,71.6144027709961,169.8300018310547,0.08453728516962357,Excitatory (Mouse),Excitatory
483018019,Mouse,spiny,Cux2-CreERT2,4,0.8331291205386208,0.7306573914291912,-0.42855983790252056,0.036087337616499494,0.06763931551446938,7.997685432434082,0.015756692737340927,0.029499154537916183,0.04364341124892235,0.056354496628046036,0.02345827780663967,-0.014245694503188133,-0.02819400280714035,-0.7708644270896912,-0.762391984462738,-0.625751256942749,-0.45578211545944214,-0.16414834558963776,-0.036619678139686584,-0.09523393958806992,-0.1579819619655609,-0.0013545078691095114,2.7525343894958496,89.97505950927734,209.94747924804688,0.06763931551446938,Excitatory (Mouse),Excitatory
563373346,Mouse,aspiny,Nkx2-1-CreERT2,6b,0.8021749058814102,0.7549549401805433,-0.8293121949374688,0.12197776410368016,0.042664842659315416,8.162433624267578,0.17220911383628845,0.18812310695648193,0.2019871175289154,0.1968139261007309,0.12327170372009277,0.06733935326337814,0.04313632473349571,0.024230340495705605,-0.5042104125022888,-0.6406449675559998,-0.5378369092941284,-0.3185219168663025,-0.2582051455974579,-0.2827162742614746,-0.2912067770957947,0.2931067645549774,5.294037342071533,190.63697814941406,229.77000427246094,0.042664842659315416,Other (Mouse),Inhibitory
504120613,Mouse,aspiny,Htr3a-Cre_NO152,2/3,0.7084815905974643,0.6651203125678605,-0.9536105138759435,0.03024140746837507,0.09277632407585512,8.003798484802246,-0.007754956372082233,0.039442017674446106,0.07262954860925674,0.08001145720481873,0.06438473612070084,0.042784396559000015,0.0218915157020092,-0.5718651413917542,-0.6381749510765076,-0.6255859732627869,-0.6895765662193298,-0.7051926851272583,-0.4810693562030792,-0.43613100051879883,-0.4178895652294159,0.0033379821106791496,3.6042754650115967,409.6424865722656,429.57000732421875,0.09277632407585512,Inhibitory (Mouse),Inhibitory
479298854,Mouse,aspiny,Pvalb-IRES-Cre,2/3,0.9752956994922527,0.9766476472673216,-0.7882875853790284,0.0018727791830008668,0.3903504585933844,7.954901218414307,-0.020445147529244423,0.031014874577522278,0.06413042545318604,0.07387141138315201,0.0691206082701683,0.0432581827044487,-0.046961575746536255,-1.122207760810852,-0.9458588361740112,-0.5533545017242432,-0.3308213949203491,-0.208784282207489,-0.10950681567192078,-0.026717182248830795,0.024871349334716797,-0.13478387892246246,1.1529704332351685,559.5624389648438,709.822509765625,0.3903504585933844,Inhibitory (Mouse),Inhibitory
578938153,Mouse,spiny,Oxtr-T2A-Cre,6a,0.6531807118965306,0.6073864619575027,-0.6842068114563544,0.009069290483375715,0.15058671596273712,8.113908767700195,0.28480520844459534,0.37392038106918335,0.40315064787864685,0.37609708309173584,0.27151060104370117,0.17790810763835907,0.12508949637413025,0.9738304018974304,0.20446093380451202,-0.5414918661117554,-0.3941362500190735,-0.15820860862731934,-0.7300196290016174,-1.0093823671340942,-1.0545191764831543,-2.8049573302268982e-05,1.3120373487472534,129.86929321289062,189.80999755859375,0.15058671596273712,Excitatory (Mouse),Excitatory
555263276,Mouse,sparsely spiny,Chrna2-Cre_OE25,5,0.8180511380557897,0.8779009674459901,-0.47384577824940344,0.011632492742137164,0.1822068455840736,8.363000869750977,0.33014026284217834,0.23391644656658173,0.15669025480747223,0.09246505051851273,0.026871513575315475,-0.005823546089231968,-0.021117931231856346,-0.5461932420730591,0.06110048666596413,0.15544520318508148,0.0729868933558464,-0.07891591638326645,-0.3383199870586395,-0.5000597238540649,-0.6173340678215027,-0.24561312794685364,1.4859217405319214,90.00099182128906,189.80999755859375,0.1822068455840736,Other (Mouse),Sparsely Spiny
469763389,Mouse,spiny,Rorb-IRES2-Cre,4,0.7811573878462402,0.7709251014278425,-0.913989098197046,0.05128684599208424,0.0650273277344815,7.9378790855407715,0.11449931561946869,0.24470923840999603,0.2541263997554779,0.15024782717227936,-0.0010634073987603188,-0.01271764375269413,0.0017816924955695868,0.5975054502487183,-0.011026326566934586,-0.4613145887851715,-0.469950795173645,-0.4099118411540985,-0.32527363300323486,-0.19724850356578827,-0.07521965354681015,0.05915316939353943,3.4340975284576416,210.16844177246094,229.9425048828125,0.0650273277344815,Excitatory (Mouse),Excitatory
482493761,Mouse,aspiny,Htr3a-Cre_NO152,5,0.7442480669995843,0.8428582563251242,-0.5806784390412023,0.012964911038288137,0.1408961105346943,8.109416007995605,0.2374810129404068,0.2529072165489197,0.12973439693450928,0.025668838992714882,0.002481554402038455,0.018158890306949615,0.04099487513303757,-0.10172897577285767,-0.031220046803355217,-0.1164763942360878,-0.2421676218509674,-0.47007983922958374,-0.48289796710014343,-0.2967906892299652,-0.22352638840675354,-0.06178022921085358,1.5693047046661377,110.30513763427734,189.95249938964844,0.1408961105346943,Inhibitory (Mouse),Inhibitory
491029832,Mouse,aspiny,Sst-IRES-Cre,5,0.8968905001670071,0.8294032050722895,-0.5201381966663968,0.012011503257374876,0.10850993506114509,8.280878067016602,0.2952007055282593,0.27937573194503784,0.20816273987293243,0.11059709638357162,0.030588889494538307,-0.004322297405451536,-0.02667204663157463,-1.056498646736145,-0.8610364198684692,-0.61601722240448,-0.46264636516571045,-0.3772835433483124,-0.23169675469398499,-0.07244842499494553,0.07025165110826492,0.025552969425916672,1.7326641082763672,130.002685546875,249.93748474121094,0.10850993506114509,Inhibitory (Mouse),Inhibitory
560579916,Mouse,spiny,Esr2-IRES2-Cre|PhiC31-neo,6a,0.712072643754003,0.6939402390581751,-0.7420391583613025,0.032558648899814156,0.07317147413007741,8.018559455871582,-0.03004615195095539,-0.08521156013011932,-0.06449667364358902,-0.03866833075881004,0.011600695550441742,0.02184399589896202,0.041979074478149414,-0.20711101591587067,-0.7119590044021606,-1.1031181812286377,-1.2037454843521118,-0.9322559833526611,-0.48003077507019043,-0.3439112901687622,-0.2801530361175537,1.0845923497981858e-05,3.1753878593444824,229.80210876464844,309.69000244140625,0.07317147413007741,Excitatory (Mouse),Excitatory
516916566,Mouse,spiny,Cux2-CreERT2,2/3,0.6138086356709831,0.5881674572318081,-0.5386428204213597,0.005260782463358544,0.12781016203260867,8.555859565734863,0.5814499855041504,0.5845879316329956,0.5455480217933655,0.43061989545822144,0.20849649608135223,0.04356630519032478,-0.055448923259973526,-0.017013614997267723,0.06753917783498764,0.24163660407066345,0.08779524266719818,-0.15659120678901672,-0.36054354906082153,-0.4596434235572815,-0.5248828530311584,-0.0321454256772995,0.9452188611030579,91.47874450683594,169.8300018310547,0.12781016203260867,Excitatory (Mouse),Excitatory
573121877,Mouse,aspiny,Chrna2-Cre_OE25,5,0.5268284082186224,0.5872799448048134,-0.5670987962710031,0.009850414921508292,0.09018212460428039,8.142288208007812,0.18152190744876862,0.18249671161174774,0.16805356740951538,0.14949467778205872,0.12451845407485962,0.09625120460987091,0.061031922698020935,0.52005934715271,-0.46048954129219055,-1.5113487243652344,-0.6458790898323059,-0.4724430739879608,-0.43405646085739136,-0.4804137349128723,-0.5647486448287964,0.06500548124313354,1.504436731338501,130.3065185546875,229.77000427246094,0.09018212460428039,Other (Mouse),Inhibitory
564430168,Mouse,aspiny,Ndnf-IRES2-dgCre,1,0.6083967618469611,0.7744049588425643,-0.7424692872140836,0.028055228545349385,0.059082079542677676,7.926937103271484,0.09896454215049744,0.1489853411912918,0.12507043778896332,0.12552408874034882,0.15563629567623138,0.0943075641989708,-0.013292000629007816,0.7957336902618408,0.010066843591630459,-0.539303183555603,-0.6238869428634644,-0.5286427140235901,-0.31435102224349976,-0.29795128107070923,-0.3725067973136902,-0.12571705877780914,2.5389466285705566,170.61297607421875,229.77000427246094,0.059082079542677676,Inhibitory (Mouse),Inhibitory
483083617,Mouse,sparsely spiny,Sst-IRES-Cre,2/3,0.6614251102422058,0.6365368683606567,-0.4746306996866611,0.006767151606587176,0.1863570257716862,8.012796401977539,0.14596082270145416,0.22382773458957672,0.2416129857301712,0.24751654267311096,0.23050716519355774,0.19732455909252167,0.18481560051441193,1.6085368394851685,0.31802448630332947,-0.6866002678871155,-0.6739367842674255,-0.45674946904182434,-0.3822411894798279,-0.4353046417236328,-0.3996516168117523,-0.02485731430351734,1.133771300315857,90.15790557861328,189.95249938964844,0.1863570257716862,Inhibitory (Mouse),Sparsely Spiny
473564515,Mouse,aspiny,Sst-IRES-Cre,6a,0.9113086156517204,0.8836427290755973,-0.8286183772625033,0.011693391058030281,0.15801680066230026,8.056953430175781,0.057063791900873184,0.05653687193989754,0.05612192675471306,0.05426798760890961,0.04414941370487213,0.026955801993608475,0.00475259218364954,-0.26231759786605835,-0.2961220443248749,-0.29989346861839294,-0.23111918568611145,-0.14446289837360382,-0.09217332303524017,-0.07859811931848526,-0.07226108759641647,-0.009887889958918095,2.0227861404418945,289.94403076171875,349.9125061035156,0.15801680066230026,Inhibitory (Mouse),Inhibitory
571442534,Human,aspiny,,3,0.6996302635833469,0.616047739692224,-0.5611562222008785,0.14772434257019842,0.05291713092629526,8.004694938659668,0.008078769780695438,0.0058431015349924564,0.004273721016943455,0.004942368250340223,0.004084219690412283,0.0021106416825205088,-0.0018451324431225657,-0.013716737739741802,-0.006783543154597282,-0.023020073771476746,-0.02504378743469715,-0.012019078247249126,-0.013169154524803162,-0.022397559136152267,-0.03072965145111084,4.9652302550384775e-05,6.0740556716918945,140.1487579345703,249.74998474121094,0.05291713092629526,Inhibitory (Human),Inhibitory
486466923,Mouse,spiny,Rorb-IRES2-Cre,4,0.8085450976576459,0.7947309864455926,-0.8622490460355268,0.03398698815137015,0.07317370148876104,8.088293075561523,0.1223006621003151,0.11512163281440735,0.12353935837745667,0.09330613911151886,0.0022766340989619493,-0.020165828987956047,-0.031213846057653427,-1.4741522073745728,-1.043752908706665,-0.7576193809509277,-0.3838855028152466,-0.17832911014556885,-0.23739294707775116,-0.2931954562664032,-0.29993945360183716,-0.030979784205555916,3.1390702724456787,249.99066162109375,289.927490234375,0.07317370148876104,Excitatory (Mouse),Excitatory
561325425,Mouse,aspiny,Nkx2-1-CreERT2,2/3,0.9446090877851216,0.9352889897836404,-0.5268280051900943,0.0070079930711226,0.20646823692641694,8.112547874450684,0.06758283078670502,0.011003469116985798,0.0197884663939476,0.02975657768547535,-0.005005061626434326,-0.012677575461566448,0.03304913640022278,-0.21153675019741058,-0.3024098873138428,-0.26073431968688965,-0.12191340327262878,-0.027485964819788933,-0.02766670472919941,-0.06214315444231033,-0.09136982262134552,-0.014434493146836758,1.374869465827942,142.10153198242188,269.7300109863281,0.20646823692641694,Other (Mouse),Inhibitory
485287282,Mouse,aspiny,Sst-IRES-Cre,4,0.628759866939902,0.6450063693122331,-0.3696372032136407,0.008604665491299133,0.13966901794802702,8.29241943359375,0.2972998023033142,0.2563232183456421,0.22425439953804016,0.23108027875423431,0.2175263613462448,0.10938316583633423,-0.016872547566890717,-0.0575164332985878,-0.18085725605487823,-0.5450602769851685,-0.8450756072998047,-1.0342228412628174,-1.0714795589447021,-1.0670745372772217,-1.0905967950820923,0.021348344162106514,1.2784669399261475,70.2139663696289,189.95249938964844,0.13966901794802702,Inhibitory (Mouse),Inhibitory
336676216,Mouse,aspiny,Pvalb-IRES-Cre,5,0.7073433983947266,0.6371298839851368,-0.6392192879034946,0.0030778890277204543,0.36594849274940705,7.765746116638184,-0.16789905726909637,-0.03824501857161522,0.03456497564911842,0.06809131801128387,0.08886720985174179,0.06918144971132278,-0.02333899214863777,-1.2454006671905518,-1.0381125211715698,-0.676364541053772,-0.4186533987522125,-0.27837318181991577,-0.1834307610988617,-0.13131804764270782,-0.10157779604196548,0.21955984830856323,1.0954800844192505,249.28140258789062,389.9024963378906,0.36594849274940705,Inhibitory (Mouse),Inhibitory
487400838,Mouse,aspiny,Pvalb-IRES-Cre,5,0.9458594095053936,0.9458866105400018,-0.7019808137058346,0.008335165613318214,0.23258956617161464,8.046950340270996,0.051991239190101624,0.05804940313100815,0.05518972501158714,0.045407965779304504,0.029536142945289612,0.015114311128854752,-0.0016496332827955484,-0.41671448945999146,-0.19985194504261017,-0.06428654491901398,-0.0422593429684639,-0.05256915092468262,-0.0570276603102684,-0.03361682966351509,-0.0044654421508312225,0.40569785237312317,1.4999773502349854,189.6520233154297,269.9324951171875,0.23258956617161464,Inhibitory (Mouse),Inhibitory
521938313,Mouse,spiny,Cux2-CreERT2,4,0.786339459870917,0.792671590495342,-0.7602732126001601,0.010653658593974267,0.10485438033368048,8.073766708374023,0.0782255306839943,0.08397962152957916,0.08729971200227737,0.08056621998548508,0.05009835958480835,0.017037827521562576,-0.007219970691949129,-0.2755297124385834,-0.28863993287086487,-0.26778483390808105,-0.21330469846725464,-0.13475532829761505,-0.11273695528507233,-0.14071959257125854,-0.16571855545043945,-0.021310141310095787,1.6311808824539185,189.87867736816406,249.74998474121094,0.10485438033368048,Excitatory (Mouse),Excitatory
565888394,Mouse,sparsely spiny,Oxtr-T2A-Cre,4,0.8588247544932319,0.8674228011752846,-0.6799954610362923,0.006889953441534374,0.19431466383950557,8.397607803344727,0.4288608729839325,0.3476916551589966,0.2261686474084854,0.12423751503229141,0.06861286610364914,0.04559070244431496,0.03620506078004837,-0.1341845989227295,-0.3063802123069763,-0.48922795057296753,-0.6202356219291687,-0.7108802199363708,-0.6312301158905029,-0.5205639600753784,-0.4397452175617218,0.001184891676530242,1.3117796182632446,169.828857421875,249.74998474121094,0.19431466383950557,Other (Mouse),Sparsely Spiny
560686477,Mouse,aspiny,Ndnf-IRES2-dgCre,1,0.8399824278241036,0.7851834662705288,-0.5154878364076215,0.005720100227249716,0.21866909243579796,8.157524108886719,0.1444103717803955,0.15926283597946167,0.18104544281959534,0.19872941076755524,0.1768006831407547,0.1098584309220314,-0.0390244722366333,-1.3182185888290405,-1.249111294746399,-1.8224945068359375,-1.2849476337432861,-0.8197842836380005,-0.4653014838695526,-0.3115611672401428,-0.31683841347694397,0.023228397592902184,1.3732244968414307,169.94142150878906,329.6700134277344,0.21866909243579796,Inhibitory (Mouse),Inhibitory
579978640,Mouse,aspiny,Ndnf-IRES2-dgCre,5,0.5610097157318473,0.6534382113893203,-0.45823436842672377,0.047903572536600006,0.05495529716307574,8.02782917022705,0.03424756973981857,0.0429721400141716,0.05039851740002632,0.05442333593964577,0.03974852338433266,0.016268543899059296,-0.004341605585068464,-0.13093771040439606,-0.23854747414588928,-0.18923400342464447,-0.12989678978919983,-0.07785733044147491,-0.052104488015174866,-0.0601542703807354,-0.06717132776975632,0.13745221495628357,2.294367790222168,50.374267578125,109.88999938964844,0.05495529716307574,Inhibitory (Mouse),Inhibitory
489751959,Mouse,spiny,Cux2-CreERT2,4,0.752895065736896,0.7417354732882117,-0.8788507203532933,0.011002358214713022,0.1611279471912819,8.063660621643066,0.13932949304580688,0.2009425163269043,0.16448523104190826,0.08124640583992004,-0.0056036170572042465,-0.021035877987742424,-0.0011172445956617594,-0.9209856986999512,-0.7751896977424622,-0.4881424903869629,-0.3925626873970032,-0.33499762415885925,-0.2897396683692932,-0.26824524998664856,-0.24909067153930664,-6.480356344856081e-14,1.905221939086914,289.9482421875,329.9175109863281,0.1611279471912819,Excitatory (Mouse),Excitatory
489719193,Mouse,aspiny,Pvalb-IRES-Cre,4,0.9746117076337358,0.9678692690707839,-0.7253708324642787,0.002655459863462988,0.4106491171659646,7.927847862243652,-0.018043868243694305,0.03187854588031769,0.05826648697257042,0.07275918871164322,0.07718043774366379,0.045405350625514984,-0.05573976784944534,-0.6967254281044006,-0.5875255465507507,-0.4278934597969055,-0.28918978571891785,-0.18567557632923126,-0.07778914272785187,-0.002598470076918602,0.03664472699165344,-0.20140253007411957,1.3921210765838623,529.4288940429688,729.8175048828125,0.4106491171659646,Inhibitory (Mouse),Inhibitory
386049446,Mouse,spiny,Nr5a1-Cre,4,0.7120988980299506,0.6693457891379031,-0.9214783179540107,0.026370164547838353,0.10508705411562888,7.882713317871094,0.1511538326740265,0.2577909231185913,0.23991382122039795,0.2288670390844345,0.15703658759593964,0.059345997869968414,-0.040793951600790024,-0.48385530710220337,-0.38487115502357483,-0.427718847990036,-0.6123613715171814,-0.6236684322357178,-0.48388057947158813,-0.42989546060562134,-0.43535277247428894,0.0028580036014318466,2.5672733783721924,230.31198120117188,249.93748474121094,0.10508705411562888,Excitatory (Mouse),Excitatory
571516327,Human,spiny,,3,0.46228871167151153,0.5941182655207674,-0.8261592871293265,0.013142760401473783,0.08373335548359641,8.223944664001465,0.27150580286979675,0.270522803068161,0.2275957316160202,0.19281217455863953,0.15611496567726135,0.10027864575386047,0.019814977422356606,0.7297490835189819,-1.3482685089111328,-1.3128019571304321,-1.273853063583374,-1.1583250761032104,-0.8756610751152039,-0.7655013203620911,-0.7267614603042603,0.016302399337291718,2.458487033843994,379.93853759765625,459.885009765625,0.08373335548359641,Excitatory (Human),Excitatory
488359338,Mouse,spiny,Rbp4-Cre_KL100,4,0.5759844601260339,0.5949037746379987,-0.9448269511988879,0.01583046008145807,0.16829962179708893,7.9401655197143555,-0.03939846158027649,0.020612822845578194,0.06515080481767654,0.07745445519685745,0.04091718792915344,0.0007680647540837526,-0.010644293390214443,-1.2135769128799438,-1.2744777202606201,-0.8273825645446777,-0.3753451406955719,-0.23381909728050232,-0.21362623572349548,-0.2295437604188919,-0.24172969162464142,0.02676904946565628,2.3535666465759277,330.60748291015625,349.9125061035156,0.16829962179708893,Excitatory (Mouse),Excitatory
531121585,Mouse,aspiny,Vip-IRES-Cre,4,0.8017456193667312,0.8422897282216228,-0.37543790077406825,0.011269772009864162,0.11148831323756417,8.07600212097168,0.07475920021533966,0.07183526456356049,0.070095494389534,0.06785304099321365,0.062300097197294235,0.05614306032657623,0.04926750063896179,-0.12821276485919952,-0.1657889485359192,-0.18490585684776306,-0.18818427622318268,-0.18875740468502045,-0.1921130269765854,-0.1931351274251938,-0.19154652953147888,0.12320379167795181,1.4625715017318726,71.27704620361328,189.80999755859375,0.11148831323756417,Inhibitory (Mouse),Inhibitory
564692405,Mouse,aspiny,Ndnf-IRES2-dgCre,2/3,0.7892563004751774,0.7272105959848438,-0.5672174847092011,0.020234572800716295,0.056503527797758066,8.072052955627441,0.07451032102108002,0.07268447428941727,0.071247398853302,0.06945513188838959,0.05571246147155762,0.03853124752640724,0.025761205703020096,-0.23320841789245605,-0.2594013512134552,-0.27099668979644775,-0.26133158802986145,-0.23563160002231598,-0.20954763889312744,-0.20490632951259613,-0.20503602921962738,0.06728522479534149,2.1562230587005615,130.33409118652344,229.77000427246094,0.056503527797758066,Inhibitory (Mouse),Inhibitory
490612150,Mouse,spiny,Rorb-IRES2-Cre,6a,0.6378523976363243,0.6663055684418697,-0.9542296032733028,0.021557859883764716,0.1246994198421734,8.016121864318848,0.016755523160099983,0.028621092438697815,0.025102805346250534,0.014040338806807995,0.01031713467091322,0.01289150957018137,0.016741633415222168,-1.1250958442687988,-1.2558847665786743,-0.49170541763305664,-0.3431417644023895,-0.2863461673259735,-0.2258947789669037,-0.19310453534126282,-0.17879316210746765,-0.0251165721565485,3.044267177581787,410.216796875,429.89251708984375,0.1246994198421734,Excitatory (Mouse),Excitatory
478586295,Mouse,spiny,Rorb-IRES2-Cre,5,0.7654382263918408,0.8132458947364332,-0.4480916462868814,0.006313623426073962,0.12190594334748671,7.8148908615112305,-0.220369353890419,-0.17066848278045654,-0.11298167705535889,-0.05196415260434151,0.025067655369639397,0.025534631684422493,-0.03106626309454441,-1.88718843460083,-1.6533839702606201,-0.883610725402832,-0.6419832706451416,-0.45012208819389343,-0.17427486181259155,0.00810498557984829,0.1272166669368744,-0.3972952663898468,1.3529571294784546,130.07192993164062,289.927490234375,0.12190594334748671,Excitatory (Mouse),Excitatory
490259892,Mouse,spiny,Ntsr1-Cre_GN220,6a,0.8011554371557841,0.8562779911556694,-0.6861022288888258,0.02492845003929774,0.07865008146182119,7.9900360107421875,0.36558330059051514,0.5165348649024963,0.5431205630302429,0.5066043138504028,0.39587685465812683,0.2565547227859497,0.12043830007314682,0.9404340982437134,0.23246154189109802,-0.46190354228019714,-0.6409640908241272,-0.6207979917526245,-0.6242368221282959,-0.6602445244789124,-0.6978459358215332,0.08617319166660309,2.176056385040283,130.33425903320312,189.95249938964844,0.07865008146182119,Excitatory (Mouse),Excitatory
479225274,Mouse,aspiny,Pvalb-IRES-Cre,4,0.9465412441679186,0.9481070379023387,-0.6079847622767484,0.003777699170774904,0.3624985794585662,8.003066062927246,0.004477214999496937,0.005115436855703592,0.005613700486719608,0.006173674017190933,0.0057273139245808125,0.0009633265435695648,-0.011643820442259312,-0.10978715121746063,-0.13396745920181274,-0.10631623864173889,-0.06007824093103409,-0.04032042995095253,-0.027136405929923058,-0.02509571611881256,-0.03138744831085205,0.10192210972309113,1.2443751096725464,249.22181701660156,409.8974914550781,0.3624985794585662,Inhibitory (Mouse),Inhibitory
566674875,Mouse,aspiny,Nkx2-1-CreERT2,5,0.9564473032040378,0.9573009390124935,-0.5665704354752524,0.007992759759031005,0.2934354958356593,8.077350616455078,0.07744816690683365,0.07619544863700867,0.07477529346942902,0.06946231424808502,0.05107336863875389,0.022236380726099014,-0.014684861525893211,-0.12734302878379822,-0.12696687877178192,-0.10684246569871902,-0.08020306378602982,-0.06186291202902794,-0.04317989945411682,-0.025883402675390244,-0.010623261332511902,-0.27582600712776184,1.7188262939453125,209.4975128173828,369.6300048828125,0.2934354958356593,Other (Mouse),Inhibitory
515524026,Mouse,spiny,Rbp4-Cre_KL100,5,0.5482627993099203,0.5122294358889081,-0.41457728915220476,0.038088155332545816,0.0686156342918429,7.926778316497803,0.1457480639219284,0.251910924911499,0.2769734859466553,0.23365464806556702,0.12474071979522705,0.02092907391488552,-0.06771266460418701,0.5041363835334778,0.09150916337966919,-0.3139435052871704,-0.3880499303340912,-0.2863444685935974,-0.19510897994041443,-0.18450142443180084,-0.20632463693618774,0.13879439234733582,2.5433268547058105,70.42692565917969,169.8300018310547,0.0686156342918429,Excitatory (Mouse),Excitatory
571483584,Human,aspiny,,3,0.847927431728002,0.8278503752805096,-0.39853434089191025,0.018687424214530395,0.08276834283044832,7.567545413970947,-0.06595297157764435,0.13002249598503113,0.15230299532413483,0.1126212328672409,0.03232668340206146,-0.004489555489271879,0.024661658331751823,-0.7119438648223877,-0.15026773512363434,-0.08208557963371277,-0.20175810158252716,-0.18179857730865479,-0.044854409992694855,-0.02573123574256897,-0.10024979710578918,0.17724642157554626,2.072150945663452,91.60265350341797,229.77000427246094,0.08276834283044832,Inhibitory (Human),Inhibitory
479225294,Mouse,spiny,Rorb-IRES2-Cre,4,0.6190669774523051,0.6791520224732949,-0.7143195515875363,0.00978060681655316,0.14528523268592727,8.01528263092041,0.18175522983074188,0.329174280166626,0.3680795729160309,0.31489959359169006,0.20090721547603607,0.09469465911388397,0.01984717883169651,-0.1798064261674881,-0.15942531824111938,-0.1644984930753708,-0.15900559723377228,-0.2595757842063904,-0.4417431652545929,-0.5705407857894897,-0.6969507932662964,-8.705891563209889e-11,1.4329737424850464,149.96958923339844,209.94747924804688,0.14528523268592727,Excitatory (Mouse),Excitatory
643589588,Human,aspiny,,3,0.761769946144888,0.8125744647934274,-0.6179417798028412,0.009929393840225323,0.1603967059649288,7.911986827850342,-0.08820854127407074,-0.06609322130680084,-0.030544564127922058,-0.020150115713477135,-0.060537323355674744,-0.0314389169216156,0.07208304852247238,-0.23056788742542267,-0.2732465863227844,-0.17328134179115295,-0.047855228185653687,0.03465943783521652,-0.04575636237859726,-0.17534518241882324,-0.2859319746494293,-0.019439542666077614,1.510455846786499,141.98486328125,229.77000427246094,0.1603967059649288,Inhibitory (Human),Inhibitory
488400343,Human,aspiny,,3,0.8855294606293872,0.8703509434915764,-0.6755830190650761,0.00629049986481163,0.12101292660081478,8.059922218322754,0.054765939712524414,0.0467037595808506,0.04006645083427429,0.03317122161388397,0.020497726276516914,0.004470989108085632,-0.013524766080081463,-0.40456557273864746,-0.4191148281097412,-0.32997187972068787,-0.20635667443275452,-0.11318844556808472,-0.04607666656374931,-0.014037021435797215,0.00818190723657608,0.2627153694629669,1.3962690830230713,209.4473876953125,309.9224853515625,0.12101292660081478,Inhibitory (Human),Inhibitory
509617624,Mouse,aspiny,Pvalb-IRES-Cre,5,0.9435768741679215,0.948363874377376,-0.550841591872147,0.0056955556898254855,0.2208262080076957,7.99085807800293,-0.01434186939150095,-0.014597051776945591,-0.009141968563199043,-1.1708303645718843e-05,0.008647793903946877,0.0059267268516123295,-0.004423242527991533,-0.3012368977069855,-0.24146519601345062,-0.18792316317558289,-0.14547798037528992,-0.0943562313914299,-0.036233894526958466,-0.0042123994790017605,0.01180501002818346,-0.11243429780006409,1.2845463752746582,159.59695434570312,289.7099914550781,0.2208262080076957,Inhibitory (Mouse),Inhibitory
486753754,Mouse,spiny,Cux2-CreERT2,2/3,0.7024145973348168,0.8283992709111464,-0.7615636200644031,0.020354522030891345,0.06792401951253377,8.289487838745117,0.3102577030658722,0.30773332715034485,0.2757244110107422,0.21427105367183685,0.08938243240118027,0.013485224917531013,-0.006583069451153278,-0.8210993409156799,-0.5778831839561462,-0.39807838201522827,-0.3267921209335327,-0.28325870633125305,-0.3755500316619873,-0.522841215133667,-0.6602833271026611,-0.0843944400548935,2.2555172443389893,190.3504180908203,249.93748474121094,0.06792401951253377,Excitatory (Mouse),Excitatory
510658021,Mouse,spiny,Nr5a1-Cre,4,0.599106678845546,0.7090308606749454,-0.7626745185816398,0.018145428725483734,0.06297467158708712,8.200607299804688,0.27426642179489136,0.2917238175868988,0.2858680188655853,0.24276037514209747,0.1167135015130043,0.04852714017033577,0.015107790939509869,0.30928507447242737,-0.388832151889801,-0.7523587346076965,-0.737383246421814,-0.5947378873825073,-0.5684919953346252,-0.5874342322349548,-0.5973756313323975,0.08176197856664658,2.128807306289673,190.48463439941406,249.74998474121094,0.06297467158708712,Excitatory (Mouse),Excitatory
313861608,Mouse,aspiny,Pvalb-IRES-Cre,5,0.9636789895319825,0.9569781359675779,-0.6428057365426406,0.005279755571119273,0.3613160576082448,8.012983322143555,0.01522868312895298,0.017495447769761086,0.0198000967502594,0.02186407707631588,0.020979994907975197,0.010301725007593632,-0.01350504718720913,-0.151788592338562,-0.14977099001407623,-0.1346205770969391,-0.11219179630279541,-0.07825154066085815,-0.03724793717265129,-0.02193272113800049,-0.01762709766626358,0.22420059144496918,1.5411995649337769,289.24053955078125,449.88751220703125,0.3613160576082448,Inhibitory (Mouse),Inhibitory
517752298,Mouse,spiny,Nr5a1-Cre,2/3,0.8177149369959694,0.7545150158714415,-0.8709989099246132,0.013765338124896099,0.13304737018568374,8.298478126525879,0.3858991861343384,0.4037805497646332,0.3319219946861267,0.21874357759952545,0.05726229026913643,-0.02235080860555172,-0.025643551722168922,-1.0062335729599,-1.0616252422332764,-0.711601197719574,-0.4128742814064026,-0.35922181606292725,-0.5043296217918396,-0.6714980006217957,-0.7874818444252014,-1.658429921169713e-10,2.0647003650665283,269.7396545410156,309.69000244140625,0.13304737018568374,Excitatory (Mouse),Excitatory
571450870,Human,spiny,,3,0.6243810869692302,0.615179285194816,-0.7393151218142322,0.008465325152943202,0.0956348980924088,8.176122665405273,0.18363681435585022,0.15477505326271057,0.11793465167284012,0.08070828020572662,0.02983083203434944,0.01241673156619072,0.05509311333298683,-0.2545975148677826,-0.570309579372406,-0.8921071887016296,-0.664057731628418,-0.5642324090003967,-0.6651816368103027,-0.795903742313385,-0.8984569311141968,-0.02268148586153984,1.9723477363586426,339.7453918457031,459.5400085449219,0.0956348980924088,Excitatory (Human),Excitatory
564438523,Mouse,aspiny,Htr3a-Cre_NO152,2/3,0.5805966810092176,0.599814310339669,-0.9062597068919849,0.02116460645461489,0.12676295580789623,6.9371161460876465,-0.16023987531661987,0.18362216651439667,0.2658933103084564,0.28529900312423706,0.26011013984680176,0.1942763477563858,0.12333445250988007,0.06589049845933914,-0.1115064024925232,-0.1487736999988556,-0.29723331332206726,-0.4159286320209503,-0.4822749197483063,-0.552232027053833,-0.6421296000480652,0.029038092121481895,2.1071598529815674,190.12506103515625,209.7899932861328,0.12676295580789623,Inhibitory (Mouse),Inhibitory
525133308,Human,spiny,,2,0.43624123877345206,0.6860726850284485,-0.9144490174356757,0.04097200898680393,0.07435159829913347,8.177282333374023,0.19014665484428406,0.20036004483699799,0.1944902241230011,0.17436186969280243,0.11202317476272583,0.03833332657814026,0.03954416140913963,-0.4983918070793152,-0.31195002794265747,-0.33225759863853455,-0.46654388308525085,-0.5895742774009705,-0.7166426181793213,-0.7983646988868713,-0.7179583311080933,0.10144257545471191,3.068246841430664,210.1232452392578,229.77000427246094,0.07435159829913347,Excitatory (Human),Excitatory
328549885,Mouse,aspiny,Sst-IRES-Cre,6a,0.5639801308194359,0.5907803572352235,-0.4198479340383532,0.017071540260800298,0.08948437358992253,8.28658676147461,0.33669182658195496,0.3661770224571228,0.3621579110622406,0.34070733189582825,0.29488563537597656,0.2600592076778412,0.23623353242874146,0.8547488451004028,0.8017954230308533,0.46755659580230713,0.04913198575377464,-0.40427911281585693,-0.9017794132232666,-1.0339504480361938,-1.044265866279602,0.15431228280067444,1.7033603191375732,71.38011932373047,169.95750427246094,0.08948437358992253,Inhibitory (Mouse),Inhibitory
576112128,Human,spiny,,4,0.4902508298373949,0.5175544858556568,-0.41179191358364897,0.008421195164274536,0.1591606503940857,8.084122657775879,0.13833926618099213,0.1926834136247635,0.21787413954734802,0.21285155415534973,0.18228359520435333,0.15792645514011383,0.1524079591035843,1.2309150695800781,-1.2095330953598022,-0.947159469127655,-0.01667065918445587,0.06465920805931091,-0.26251253485679626,-0.39219263195991516,-0.3577881455421448,0.005016823764890432,1.1958978176116943,69.93464660644531,169.8300018310547,0.1591606503940857,Excitatory (Human),Excitatory
553231879,Mouse,aspiny,Htr3a-Cre_NO152,5,0.610133406363998,0.531848110226134,-0.2091914892298873,0.009354450236820074,0.14528898997128264,8.58004093170166,0.47553128004074097,0.28537148237228394,0.16520504653453827,0.06327155977487564,0.03851162642240524,0.05572867393493652,-0.012070021592080593,0.9899733066558838,0.20285958051681519,0.04869195446372032,-0.023575033992528915,-0.29424434900283813,-0.4775553047657013,-0.4471534788608551,-0.4098053574562073,0.0030705526005476713,1.2604230642318726,35.527000427246094,169.8300018310547,0.14528898997128264,Inhibitory (Mouse),Inhibitory
569296410,Mouse,aspiny,Htr3a-Cre_NO152,2/3,0.8863338687709762,0.8337988923513486,-0.5211514545248711,0.01040194824232317,0.17069588616086337,7.71858549118042,-0.08758880943059921,0.05064653977751732,0.09306998550891876,0.06851956248283386,0.012683802284300327,0.011671371757984161,0.04167424887418747,-0.4429556429386139,-0.43866243958473206,-0.2853918671607971,-0.12335851788520813,-0.028824420645833015,-0.07173314690589905,-0.1294536590576172,-0.16588203608989716,-0.05350787565112114,1.6117960214614868,130.16043090820312,249.74998474121094,0.17069588616086337,Inhibitory (Mouse),Inhibitory
570459682,Mouse,aspiny,Chat-IRES-Cre-neo,4,0.7442441594003326,0.8284920929250702,-0.33973120058979345,0.014951099171005535,0.10561981934786067,8.015336990356445,0.009564106352627277,0.0013215017970651388,-0.0007128998404368758,0.0004302560118958354,0.003275536932051182,0.006814034655690193,0.009161928668618202,-0.23226788640022278,-0.24457035958766937,-0.2642938792705536,-0.2923657298088074,-0.24267970025539398,-0.11957298219203949,-0.07692694664001465,-0.057292670011520386,0.1421729326248169,1.7710423469543457,71.29241943359375,209.7899932861328,0.10561981934786067,Other (Mouse),Inhibitory
313861677,Mouse,spiny,Rorb-IRES2-Cre,4,0.6912635160703178,0.7788198854123974,-0.5240049740430307,0.004023494282061668,0.1630593588245065,8.286261558532715,0.2967797815799713,0.30103805661201477,0.30129364132881165,0.2770998477935791,0.16919991374015808,0.04040365666151047,-0.09160985797643661,0.30404791235923767,-0.4438830614089966,-0.5535337328910828,-0.37854671478271484,-0.3445982038974762,-0.6402755975723267,-0.8743456602096558,-1.0340701341629028,0.010843309573829174,0.9190878868103027,110.0136489868164,209.94749450683594,0.1630593588245065,Excitatory (Mouse),Excitatory
599434799,Mouse,aspiny,Pvalb-IRES-Cre,6a,0.8191855227473507,0.7504558541646444,-0.5170604887923228,0.00887351428297037,0.2100840336135263,7.984986782073975,-0.013925298117101192,-0.013673387467861176,-0.013247537426650524,-0.013180477544665337,-0.014414064586162567,-0.01653190143406391,-0.019515100866556168,-0.03185459226369858,-0.028089478611946106,-0.022522980347275734,-0.019663553684949875,-0.018489336594939232,-0.019738847389817238,-0.022443875670433044,-0.026272187009453773,-0.05062790960073471,1.657720923423767,160.1310272216797,309.69000244140625,0.2100840336135263,Inhibitory (Mouse),Inhibitory
566978098,Mouse,sparsely spiny,Chrna2-Cre_OE25,5,0.4510396991328099,0.8829451533084042,-0.6447048819391928,0.019553671105167775,0.13945099259821503,8.049589157104492,0.06938779354095459,0.0007288976339623332,0.001038747956044972,0.04543846473097801,0.06829269230365753,0.05524684116244316,0.021573442965745926,0.9753751158714294,0.2794405519962311,-0.03939830884337425,-0.060269806534051895,-0.13966859877109528,-0.21768270432949066,-0.21049784123897552,-0.1599588245153427,0.050096310675144196,1.465862512588501,70.84912872314453,109.88999938964844,0.13945099259821503,Other (Mouse),Sparsely Spiny
556926517,Mouse,spiny,Ndnf-IRES2-dgCre,5,0.42135632670111883,0.5214321861650916,-0.5350008455435061,0.029187447613498795,0.05226556593990996,7.75142765045166,0.15529069304466248,0.3879276216030121,0.35263705253601074,0.2615825831890106,0.1438433974981308,0.10177383571863174,0.09259499609470367,-0.7282976508140564,-0.8148064613342285,-0.1726934164762497,-0.10669800639152527,-0.18478605151176453,-0.34667932987213135,-0.41603681445121765,-0.45024898648262024,-0.15928804874420166,2.2264106273651123,90.88456726074219,169.8300018310547,0.05226556593990996,Inhibitory (Mouse),Excitatory
478586425,Mouse,spiny,Rorb-IRES2-Cre,4,0.8928169317441522,0.8677963525411095,-0.7575838850735073,0.012385466255750236,0.1030869171156394,8.025835990905762,0.05599360540509224,0.10087773203849792,0.11887593567371368,0.10285225510597229,0.034062329679727554,-0.002754608867689967,-0.004232913721352816,-1.5690436363220215,-1.087334394454956,-0.7044767141342163,-0.48927292227745056,-0.30748143792152405,-0.18654417991638184,-0.14203540980815887,-0.10594763606786728,-0.0033284921664744616,2.021430730819702,249.94020080566406,329.9175109863281,0.1030869171156394,Excitatory (Mouse),Excitatory
560924223,Mouse,aspiny,Chat-IRES-Cre-neo,4,0.5363472001970324,0.6980569394264079,-0.4716217353386289,0.008187856953835889,0.10722342789009866,7.9369049072265625,-0.11176193505525589,-0.11328200995922089,-0.06391272693872452,-0.009647615253925323,0.02611425332725048,0.021343564614653587,0.005530891939997673,-1.264351725578308,-1.4503036737442017,-1.314962387084961,-1.280763864517212,-0.8716250061988831,-0.3663279712200165,-0.23768217861652374,-0.17400617897510529,-0.3593810200691223,1.371613621711731,108.49368286132812,229.77000427246094,0.10722342789009866,Other (Mouse),Inhibitory
473540161,Mouse,aspiny,Sst-IRES-Cre,2/3,0.6114464068485791,0.7080005100987417,-0.6268646525715019,0.00818818656637901,0.18172657510372747,8.435571670532227,0.4513002932071686,0.38148191571235657,0.25821971893310547,0.14482487738132477,0.08547583967447281,0.04139310494065285,-0.02084624581038952,0.6117416024208069,0.3956948518753052,0.09806958585977554,-0.23128478229045868,-0.4127945303916931,-0.3121650218963623,-0.22672221064567566,-0.21354450285434723,-1.512047154150764e-10,1.1796795129776,106.54035186767578,169.95750427246094,0.18172657510372747,Inhibitory (Mouse),Inhibitory
584517193,Mouse,aspiny,Vip-IRES-Cre,5,0.4336368750923515,0.5405128103997408,-0.29639205655566664,0.01269512279361636,0.1415024189130994,8.006367683410645,0.0053777252323925495,0.0030701232608407736,0.0031364038586616516,0.004283735528588295,0.003630808787420392,0.0007437864551320672,-0.0026287303771823645,-0.041038259863853455,-0.042631085962057114,-0.04264895245432854,-0.04004758223891258,-0.03466232866048813,-0.03009210154414177,-0.03014017455279827,-0.03137786313891411,0.07028349488973618,1.4688878059387207,50.37899398803711,169.95750427246094,0.1415024189130994,Inhibitory (Mouse),Inhibitory
578938449,Mouse,spiny,Nr5a1-Cre,4,0.6879602568336002,0.7158325050088343,-0.6563316046402716,0.061464512094988474,0.050948404550711354,8.327865600585938,0.30158716440200806,0.21305370330810547,0.13697752356529236,0.08345001190900803,0.03334638476371765,0.010462944395840168,0.015120495110750198,-0.485034316778183,-0.2654147148132324,-0.24197375774383545,-0.593875527381897,-0.44749438762664795,-0.2237575352191925,-0.16396699845790863,-0.1156018003821373,0.1973656415939331,3.7580182552337646,150.84426879882812,229.77000427246094,0.050948404550711354,Excitatory (Mouse),Excitatory
586073683,Mouse,aspiny,Slc32a1-T2A-FlpO|Vipr2-IRES2-Cre,2/3,0.7767120765641202,0.7683985371224998,-0.6803322593059093,0.004772144534150428,0.22997810608427177,7.825953006744385,-0.1635608971118927,-0.04242240637540817,0.03188236057758331,0.06627029180526733,0.06688576191663742,0.039344966411590576,0.014946971088647842,-0.6986451745033264,-0.8745717406272888,-0.9544486999511719,-0.6665003299713135,-0.22103853523731232,-0.11148563027381897,-0.11843271553516388,-0.14303359389305115,1.2219952827408065e-10,1.398078203201294,278.65728759765625,409.5899963378906,0.22997810608427177,Other (Mouse),Inhibitory
572409429,Mouse,aspiny,Pvalb-IRES-Cre,2/3,0.9516835334952085,0.9405083701118648,-0.8367522270430752,0.006289100395838402,0.25901850635435053,7.792836666107178,-0.08084813505411148,0.03963964432477951,0.09879036247730255,0.09866950660943985,0.05748845636844635,0.044554904103279114,0.05549249425530434,-0.14492011070251465,-0.5184009075164795,-0.6291416883468628,-0.32995349168777466,-0.16064231097698212,-0.1829601377248764,-0.1983933299779892,-0.19463902711868286,-0.0025459243915975094,1.7545875310897827,409.59857177734375,489.5099792480469,0.25901850635435053,Inhibitory (Mouse),Inhibitory
567354967,Mouse,sparsely spiny,Chrna2-Cre_OE25,5,0.6588786933949144,0.6671494098790427,-0.5792332709287905,0.008558943379160324,0.13316040235747412,8.523088455200195,0.5198195576667786,0.48915261030197144,0.43726783990859985,0.3405819535255432,0.1326892077922821,-0.0015951893292367458,-0.019950738176703453,-0.3452417552471161,-0.6720402240753174,-0.5808272957801819,-0.42769038677215576,-0.33940646052360535,-0.31315240263938904,-0.2961263954639435,-0.2672204077243805,-0.02125244401395321,1.2745873928070068,109.94471740722656,189.80999755859375,0.13316040235747412,Other (Mouse),Sparsely Spiny
576136807,Human,spiny,,5,0.48239265408362797,0.5451519362398475,-0.40962538872846366,0.009612051961798774,0.20364856773961768,8.156188011169434,0.26581302285194397,0.1865883469581604,0.10702160000801086,0.08967868983745575,0.07791827619075775,0.055026937276124954,0.06424316018819809,1.2491788864135742,0.7467296123504639,-0.004810492042452097,-0.4155029058456421,-0.5387123823165894,-0.5154909491539001,-0.5132168531417847,-0.5107401013374329,-0.3098403811454773,1.2776598930358887,69.66268157958984,169.8300018310547,0.20364856773961768,Excitatory (Human),Excitatory
570091111,Mouse,aspiny,Pvalb-IRES-Cre,6a,0.9853117635169475,0.9745895534525549,-0.6062674183072344,0.005799093214300162,0.2913554262327663,7.8398919105529785,-0.0930306687951088,-0.024152344092726707,0.010729016736149788,0.02238146774470806,0.021746179088950157,0.017117714509367943,0.010936452075839043,-0.428529292345047,-0.31522655487060547,-0.09756498038768768,0.001244722749106586,0.026204800233244896,0.003572921035811305,-0.020568808540701866,-0.051254190504550934,3.0157543733366765e-06,1.5031249523162842,236.2078399658203,389.6099853515625,0.2913554262327663,Inhibitory (Mouse),Inhibitory
482649712,Mouse,aspiny,Htr3a-Cre_NO152,1,0.8134419689854204,0.8319037219987712,-0.8620652052178321,0.012031205450888616,0.14891722287249493,7.9688401222229,0.09936182200908661,0.23677335679531097,0.30412381887435913,0.29878315329551697,0.17482617497444153,0.04470411315560341,-0.03985392674803734,-0.4828779101371765,-0.7774304747581482,-0.7584711909294128,-0.6503331661224365,-0.5323693752288818,-0.3876020610332489,-0.27842721343040466,-0.17659200727939606,-2.864921667955489e-11,1.867666244506836,249.9364013671875,289.927490234375,0.14891722287249493,Inhibitory (Mouse),Inhibitory
556369531,Mouse,spiny,Chrna2-Cre_OE25,5,0.6305957779571886,0.603718133218215,-0.7036769025923153,0.008899548710940942,0.12921177907499676,8.38171100616455,0.4711923897266388,0.48065897822380066,0.43812480568885803,0.3412878215312958,0.12292741239070892,-0.014641853049397469,-0.038504622876644135,0.04121570661664009,-0.04836106672883034,-0.2678392827510834,-0.32340702414512634,-0.42119744420051575,-0.8274274468421936,-1.0947691202163696,-1.2247720956802368,-0.004461988806724548,1.5499281883239746,189.94528198242188,269.9324951171875,0.12921177907499676,Excitatory (Mouse),Excitatory
591627904,Mouse,aspiny,Vip-IRES-Cre,5,0.8920822028530958,0.876651617951958,-0.5222161200310693,0.009515872317430321,0.17299421853321525,7.834068775177002,-0.06119585037231445,0.004394690040498972,0.03791981190443039,0.03534931316971779,0.01102466881275177,0.016072355210781097,0.03967703506350517,-0.11488062888383865,-0.3688868284225464,-0.41741931438446045,-0.20022760331630707,-0.07442568987607956,-0.084955595433712,-0.11987262219190598,-0.13620918989181519,-0.07251335680484772,1.5416189432144165,130.42872619628906,249.74998474121094,0.17299421853321525,Inhibitory (Mouse),Inhibitory
525018757,Human,sparsely spiny,,2,0.7694803130336626,0.8094174417505972,-0.5260067560018835,0.04543423752222347,0.06332512639695201,7.291586399078369,-0.42839980125427246,-0.02576289139688015,0.22271659970283508,0.3069063723087311,0.14619135856628418,0.0398627370595932,0.0007347388891503215,0.7409108877182007,-1.0787091255187988,-0.4999687373638153,-0.265643835067749,-0.3592682182788849,-0.4512345790863037,-0.3858190178871155,-0.267107754945755,0.12419731914997101,3.087336778640747,110.36637878417969,209.7899932861328,0.06332512639695201,Other (Human),Sparsely Spiny
589760138,Mouse,spiny,Sim1-Cre_KJ18,5,0.6619674112250372,0.6179720102955446,-0.8095282081768483,0.01268845694763205,0.1424501424501374,8.27927303314209,0.41095560789108276,0.4575192928314209,0.3916128873825073,0.3010562062263489,0.16445598006248474,0.0612100251019001,0.028479909524321556,-0.6051459312438965,-0.7958419322967529,-0.668512761592865,-0.4434461295604706,-0.3569920063018799,-0.46487927436828613,-0.5688928961753845,-0.6235670447349548,-6.503219992737286e-06,1.6315364837646484,169.83091735839844,209.7899932861328,0.1424501424501374,Excitatory (Mouse),Excitatory
479766169,Mouse,spiny,Rorb-IRES2-Cre,6a,0.737415978651142,0.8515279720014548,-0.6521684975598414,0.006751239865443891,0.16124480993267648,8.159085273742676,0.16184476017951965,0.1361260861158371,0.10379962623119354,0.06800732016563416,0.03855295106768608,0.03402874246239662,0.02812984772026539,-0.08883700519800186,-0.36437809467315674,-0.48528164625167847,-0.6510270833969116,-0.8865270614624023,-0.5832622647285461,-0.4949197471141815,-0.47770440578460693,-2.688585144981106e-17,1.2459522485733032,149.9612579345703,229.9425048828125,0.16124480993267648,Excitatory (Mouse),Excitatory
565880475,Mouse,aspiny,Vip-IRES-Cre,6a,0.8418026914010512,0.817780423793561,-0.398845023565468,0.005854243739308029,0.21114062387831725,8.006744384765625,0.007482696790248156,0.007055977825075388,0.007003492675721645,0.006916190031915903,0.006538199260830879,0.0061743855476379395,0.005844849161803722,-0.026003360748291016,-0.02920246124267578,-0.03090347908437252,-0.031971294432878494,-0.032798897475004196,-0.03302259370684624,-0.03259656950831413,-0.03216293454170227,6.416713498163861e-19,1.0541318655014038,75.70477294921875,189.80999755859375,0.21114062387831725,Inhibitory (Mouse),Inhibitory
313861794,Mouse,spiny,Scnn1a-Tg3-Cre,4,0.7191329742353543,0.844644520165439,-0.840002043968148,0.008774413005248786,0.19770173707666322,8.173227310180664,0.1958475559949875,0.16997647285461426,0.1072913184762001,0.03243419528007507,-0.01658385433256626,-0.009788723662495613,0.0013171695172786713,0.2285541146993637,0.3294490873813629,0.14433442056179047,0.018054932355880737,-0.1002175360918045,-0.2771283686161041,-0.31584489345550537,-0.3147068917751312,2.397935582737487e-12,1.4808965921401978,209.947998046875,249.93748474121094,0.19770173707666322,Excitatory (Mouse),Excitatory
482690728,Mouse,aspiny,Sst-IRES-Cre,5,0.9512498531462074,0.935006153574703,-0.440033710822341,0.006079860823715853,0.24607243782002003,8.164047241210938,0.1380189210176468,0.12135204672813416,0.08706939220428467,0.062382131814956665,0.04555141553282738,0.00408572843298316,-0.03656208887696266,-1.2501715421676636,-0.48731327056884766,-0.1763881891965866,-0.2176521271467209,-0.22784528136253357,-0.09144734591245651,0.02108275704085827,0.076323963701725,-2.66017394778828e-07,1.2327145338058472,109.98091888427734,249.93748474121094,0.24607243782002003,Inhibitory (Mouse),Inhibitory
490718897,Mouse,spiny,Ntsr1-Cre_GN220,6a,0.7366114209072822,0.7301796624287106,-0.813901435375772,0.00735872673194385,0.14992503748126346,7.849564552307129,-0.0959869772195816,0.030053095892071724,0.06867353618144989,0.05956750363111496,0.031275197863578796,0.008887575007975101,0.03406661003828049,-1.8154489994049072,-1.7796566486358643,-0.9646827578544617,-0.6685411930084229,-0.4832542836666107,-0.38386815786361694,-0.36593762040138245,-0.3610178232192993,-4.4973196054343134e-05,1.7786122560501099,349.89013671875,429.89251708984375,0.14992503748126346,Excitatory (Mouse),Excitatory
517981878,Mouse,spiny,Scnn1a-Tg2-Cre,4,0.6284362365578489,0.6792777340562837,-0.6522164163205061,0.0074282195435694184,0.16165974116335333,8.153555870056152,0.21694429218769073,0.265713095664978,0.2685242295265198,0.21208317577838898,0.09251483529806137,0.02547251433134079,-0.008368870243430138,-0.4923408031463623,-0.7770231366157532,-0.5801355242729187,-0.41513505578041077,-0.439313679933548,-0.6425086855888367,-0.7402991056442261,-0.7580633759498596,-0.001721622422337532,1.306438684463501,149.85977172851562,229.77000427246094,0.16165974116335333,Excitatory (Mouse),Excitatory
560424631,Mouse,aspiny,Vip-IRES-Cre,5,0.5914038692072343,0.7283966015089658,-0.37142046719045446,0.010047704898314783,0.19112404638657005,8.338334083557129,0.3966732323169708,0.44110503792762756,0.44485577940940857,0.42226681113243103,0.3458009958267212,0.2579737603664398,0.192449688911438,-0.46380653977394104,-0.3343481123447418,-0.3142179250717163,-0.32819029688835144,-0.2901856303215027,-0.4222393035888672,-0.5959010124206543,-0.7136217355728149,8.988114359453903e-07,1.3062931299209595,63.078338623046875,169.8300018310547,0.19112404638657005,Inhibitory (Mouse),Inhibitory
582641339,Mouse,sparsely spiny,Vip-IRES-Cre,6a,0.6672034171493127,0.7721636627310263,-0.2631751565014669,0.0083031061250748,0.16097149516763376,8.06928539276123,0.05815322324633598,0.043675120919942856,0.035115890204906464,0.030332855880260468,0.027749747037887573,0.025437716394662857,0.02078566886484623,-0.19470635056495667,-0.2150426059961319,-0.21616454422473907,-0.2140248715877533,-0.21237611770629883,-0.20409952104091644,-0.19369812309741974,-0.18423305451869965,0.008617082610726357,1.255393385887146,49.95335006713867,189.80999755859375,0.16097149516763376,Inhibitory (Mouse),Sparsely Spiny
509683388,Mouse,aspiny,Pvalb-IRES-Cre,5,0.9740556916582277,0.9680302781028919,-0.5283776076271967,0.005582308919496349,0.40780406482787074,7.9644083976745605,-0.01148882694542408,0.021664844825863838,0.04897043853998184,0.0656094029545784,0.06394354999065399,0.038165509700775146,0.0013579883379861712,-0.22934956848621368,-0.22111482918262482,-0.13445188105106354,-0.07804806530475616,-0.045755255967378616,-0.02003989927470684,-0.009639254771173,-0.013772468082606792,2.390633024873523e-09,1.512103796005249,216.41818237304688,409.5899963378906,0.40780406482787074,Inhibitory (Mouse),Inhibitory
476104386,Mouse,aspiny,Sst-IRES-Cre,6a,0.9563024317073384,0.9450688094187615,-0.6216158163485767,0.004693338739030486,0.29002109903479745,8.042959213256836,0.046341974288225174,0.04878510162234306,0.0469227209687233,0.04131092131137848,0.031107662245631218,0.02000321075320244,0.0026131204795092344,-0.22034324705600739,-0.09910495579242706,-0.060791339725255966,-0.06504014879465103,-0.07322590798139572,-0.06517484784126282,-0.054682765156030655,-0.047863300889730453,-0.00022087377146817744,1.3176119327545166,229.9403533935547,369.9075012207031,0.29002109903479745,Inhibitory (Mouse),Inhibitory
313861828,Mouse,spiny,Scnn1a-Tg3-Cre,4,0.7132724076982592,0.7291074193622858,-0.7144631622586484,0.016742243270979337,0.0962250156558086,8.307222366333008,0.29738664627075195,0.26257479190826416,0.23428012430667877,0.21318002045154572,0.16233821213245392,0.07944843918085098,0.007324595935642719,-0.6083289980888367,-0.2739904820919037,-0.27312391996383667,-0.23065797984600067,-0.22233660519123077,-0.42604464292526245,-0.6736609935760498,-0.8739099502563477,0.027712184935808182,1.874831199645996,150.00051879882812,209.94749450683594,0.0962250156558086,Excitatory (Mouse),Excitatory
509003464,Mouse,spiny,Ntsr1-Cre_GN220,6a,0.7707740920032666,0.7464545465474396,-0.6238572696557567,0.005125554724078887,0.1477523906336829,8.067127227783203,0.07609700411558151,0.07351590692996979,0.07163388282060623,0.0658690556883812,0.03899427875876427,0.012577075511217117,0.007897021248936653,-0.4675265848636627,-0.741769552230835,-0.6301232576370239,-0.4905989468097687,-0.3819739520549774,-0.27808231115341187,-0.2311631739139557,-0.20402061939239502,0.2015724927186966,1.1758043766021729,168.31365966796875,269.7300109863281,0.1477523906336829,Excitatory (Mouse),Excitatory
535520969,Mouse,spiny,Ctgf-T2A-dgCre,6b,0.7368945379094272,0.8058729263914415,-0.6531060741913762,0.011209861219826076,0.08988683247790612,8.52365493774414,0.4732612073421478,0.4214387536048889,0.3570263981819153,0.2584822177886963,0.11154055595397949,0.03502127155661583,0.03172063082456589,-1.1451916694641113,-1.29401433467865,-0.8985514640808105,-0.5693119168281555,-0.40473514795303345,-0.3758932650089264,-0.3711596727371216,-0.34873199462890625,0.050862595438957214,1.6048955917358398,150.0667724609375,229.77000427246094,0.08988683247790612,Excitatory (Mouse),Excitatory
530335449,Mouse,spiny,Ctgf-T2A-dgCre,6a,0.6723471109916374,0.7528653441881742,-0.7436262232146832,0.05106123375446056,0.06127462995025482,8.200345039367676,0.1857893317937851,0.18818354606628418,0.1955060064792633,0.1646742969751358,0.08424637466669083,0.02887662872672081,0.012807383202016354,-0.42602530121803284,-0.6440847516059875,-0.7255964279174805,-0.7691735625267029,-0.7257072925567627,-0.34345999360084534,-0.31942304968833923,-0.3201732635498047,-0.1449623703956604,3.9765756130218506,230.3146209716797,309.69000244140625,0.06127462995025482,Excitatory (Mouse),Excitatory
502245101,Mouse,spiny,Nr5a1-Cre,4,0.8430442306628383,0.8793951646851151,-0.7391342584685053,0.003203302480600013,0.15919647806446988,8.084847450256348,0.08708468079566956,0.06864751875400543,0.05710599571466446,0.04424848034977913,0.01461202185600996,-0.010830993764102459,-0.03935381770133972,-0.19044439494609833,-0.486346036195755,-0.5916197299957275,-0.5223000645637512,-0.3340385854244232,-0.21365785598754883,-0.22300252318382263,-0.24755115807056427,0.0045136879198253155,0.8579177260398865,169.83090209960938,229.77000427246094,0.15919647806446988,Excitatory (Mouse),Excitatory
576095991,Human,aspiny,,5,0.5737652864323026,0.6604052983775089,-0.76335353142182,0.09051341362341549,0.03885499006866469,7.932579517364502,-0.00467305164784193,0.05344128608703613,0.11951596289873123,0.17622493207454681,0.1701706051826477,0.09951175004243851,0.024090955033898354,-0.47840654850006104,-0.008702754974365234,-0.3584836721420288,-0.45208874344825745,-0.2202252298593521,-0.1928047388792038,-0.4064718782901764,-0.5206801295280457,0.16069161891937256,4.357614994049072,160.1697540283203,209.7899932861328,0.03885499006866469,Inhibitory (Human),Inhibitory
586073850,Mouse,aspiny,Slc32a1-T2A-FlpO|Vipr2-IRES2-Cre,2/3,0.9718313449897175,0.97702480819427,-0.6346045224993471,0.006071405532737272,0.2321754280385991,8.117111206054688,0.13004399836063385,0.12760424613952637,0.10287372767925262,0.039106689393520355,-0.013868250884115696,-0.022011596709489822,0.008671623654663563,-0.49332162737846375,-0.2988013029098511,-0.20553894340991974,-0.16384713351726532,-0.11701866239309311,-0.06822723895311356,-0.02662636898458004,0.01619460992515087,-0.2110496610403061,1.4147651195526123,209.25462341308594,329.6700134277344,0.2321754280385991,Other (Mouse),Inhibitory
561432315,Human,aspiny,,3,0.8335311269894371,0.828648377406105,-0.371731481188487,0.018959858776170214,0.08639622344828056,8.071066856384277,0.07264731079339981,0.07524324953556061,0.07662716507911682,0.07388526201248169,0.06255737692117691,0.051632922142744064,0.04102389141917229,-0.15344658493995667,-0.14955860376358032,-0.11442675441503525,-0.09195887297391891,-0.09393665939569473,-0.12142667919397354,-0.1346721202135086,-0.1403263956308365,0.11006157845258713,1.8970426321029663,70.57046508789062,189.80999755859375,0.08639622344828056,Inhibitory (Human),Inhibitory
572376830,Mouse,aspiny,Pvalb-IRES-Cre,6b,0.9601705036589159,0.9414709817808774,-0.5885481733457646,0.008678358647584252,0.30715587177603837,7.937668800354004,-0.05232679843902588,-0.042808953672647476,-0.04306436702609062,-0.04639642313122749,-0.030145786702632904,-0.005467906128615141,0.01559237577021122,-0.031221691519021988,-0.010759957134723663,0.014748177491128445,0.02109694853425026,0.005978425499051809,-0.01190901082009077,-0.018422434106469154,-0.02490496262907982,-0.2907726764678955,1.8387972116470337,229.3887939453125,389.6099853515625,0.30715587177603837,Inhibitory (Mouse),Inhibitory
478439166,Mouse,spiny,Nr5a1-Cre,4,0.8472574367110864,0.8373826258370096,-0.6811274531067015,0.009483441956576123,0.14866015574827457,8.075000762939453,0.09913060814142227,0.09420884400606155,0.09945186972618103,0.09165767580270767,0.054259367287158966,0.007827852852642536,-0.034095849841833115,-0.3780714273452759,-0.42053595185279846,-0.41801682114601135,-0.2609017789363861,-0.15169326961040497,-0.12533354759216309,-0.19750690460205078,-0.30287352204322815,-0.05275426059961319,1.5395673513412476,170.2420654296875,249.93748474121094,0.14866015574827457,Excitatory (Mouse),Excitatory
484509440,Mouse,spiny,Cux2-CreERT2,2/3,0.7104718837075248,0.8226812213071335,-0.9134042328878108,0.04049389288028569,0.07485591639642027,8.208963394165039,0.22182339429855347,0.21410885453224182,0.19251301884651184,0.1510501652956009,0.0773201733827591,0.017976896837353706,-0.0306862723082304,-0.11223874986171722,-0.20447155833244324,-0.2208118736743927,-0.17561912536621094,-0.1585262566804886,-0.18929187953472137,-0.23492877185344696,-0.29240894317626953,-0.02733025513589382,3.0514369010925293,210.0312042236328,229.9425048828125,0.07485591639642027,Excitatory (Mouse),Excitatory
527116037,Mouse,spiny,Ctgf-T2A-dgCre,6b,0.6791054587009281,0.7581536422749642,-0.9081157835188433,0.11736702426832661,0.04872743432516226,8.118596076965332,0.15997660160064697,0.17353974282741547,0.1967463195323944,0.22244197130203247,0.16863740980625153,0.07527288049459457,0.015770208090543747,0.5116795897483826,0.2179308831691742,-0.13281920552253723,-0.3650102913379669,-0.5491150617599487,-0.6107423901557922,-0.593916654586792,-0.564470112323761,0.11577533930540085,4.962099075317383,190.52700805664062,209.7899932861328,0.04872743432516226,Excitatory (Mouse),Excitatory
569730838,Mouse,spiny,Chrna2-Cre_OE25,4,0.37665007446712867,0.5041766704444205,-0.9060880036074002,0.05493134598711762,0.06261859178551797,8.003568649291992,0.13175129890441895,0.12286029756069183,0.12218651175498962,0.14590662717819214,0.16303466260433197,0.13779163360595703,0.0857851654291153,0.8474361896514893,1.0401774644851685,0.4465950131416321,-0.10939518362283707,-0.291755348443985,-0.5789008736610413,-0.7555564045906067,-0.856638491153717,-0.11348138749599457,3.3947086334228516,190.10107421875,209.7899932861328,0.06261859178551797,Excitatory (Mouse),Excitatory
467003163,Mouse,spiny,Rorb-IRES2-Cre,4,0.8017694888070485,0.8518842189648412,-0.6531791236714236,0.00356475122499133,0.15960360847798546,8.133387565612793,0.12432808429002762,0.06370143592357635,0.008940031751990318,-0.017213376238942146,-0.010757205076515675,-0.006529761012643576,-0.0035812929272651672,-1.0230183601379395,-0.8004040122032166,-0.7193573713302612,-0.6562596559524536,-0.4967530071735382,-0.26531657576560974,-0.1788439303636551,-0.15168175101280212,-0.26616621017456055,1.1168487071990967,228.6263885498047,349.9125061035156,0.15960360847798546,Excitatory (Mouse),Excitatory
476686112,Mouse,aspiny,Sst-IRES-Cre,2/3,0.8112626311742175,0.793854791286191,-0.6851170866045282,0.0068787166734872235,0.15270908202143157,8.19243049621582,0.27261829376220703,0.3459272086620331,0.37137508392333984,0.3221195936203003,0.1680590957403183,0.0640144795179367,-0.00993536040186882,-0.01865936629474163,-0.9349079728126526,-0.4667929410934448,-0.010272027924656868,0.020297423005104065,-0.2897016704082489,-0.45310965180397034,-0.5382172465324402,-0.02960149571299553,1.1430789232254028,130.1405792236328,189.95249938964844,0.15270908202143157,Inhibitory (Mouse),Inhibitory
523478821,Mouse,aspiny,Vip-IRES-Cre,5,0.7060558924932325,0.8171913396051,-0.5238697052306023,0.009642510956638302,0.2179197122762456,7.6961517333984375,0.133358895778656,0.30907192826271057,0.2890873849391937,0.2131672203540802,0.1327522248029709,0.0743289440870285,0.023554394021630287,-0.6019652485847473,-0.21869529783725739,-0.05401275306940079,-0.10131490230560303,-0.21213340759277344,-0.3224366307258606,-0.37363070249557495,-0.43221452832221985,-0.01016250904649496,1.4222877025604248,109.90272521972656,209.7899932861328,0.2179197122762456,Inhibitory (Mouse),Inhibitory
586073895,Mouse,spiny,Chrna2-Cre_OE25,5,0.580967421679355,0.6419004418760166,-0.7411658416799455,0.09129616402901738,0.04941470749705114,7.998111724853516,-0.008446000516414642,-0.0074067008681595325,0.014789063483476639,0.03523540496826172,0.02251436747610569,0.0027920107822865248,-0.0048164548352360725,-0.2833057641983032,-0.3260307312011719,-0.3512694835662842,-0.3277648389339447,-0.20283785462379456,-0.09309804439544678,-0.0748639702796936,-0.06905384361743927,-0.1942680925130844,4.580078601837158,170.33541870117188,229.77000427246094,0.04941470749705114,Excitatory (Mouse),Excitatory
513591094,Mouse,spiny,Cux2-CreERT2,2/3,0.6173587377095194,0.644102740937204,-0.915870149586161,0.10782942301090484,0.0456349362087471,8.04389476776123,0.04317529872059822,0.03733581304550171,0.02822692133486271,0.015961671248078346,0.0018622800707817078,-0.0018073031678795815,-0.001597974798642099,-0.03527572378516197,-0.050046656280756,-0.07501163333654404,-0.10134576261043549,-0.11269219219684601,-0.09912548959255219,-0.083332359790802,-0.06930995732545853,-0.1380728781223297,7.115416049957275,430.04754638671875,469.52996826171875,0.0456349362087471,Excitatory (Mouse),Excitatory
327706437,Mouse,aspiny,Htr3a-Cre_NO152,2/3,0.8055903020560858,0.8228055055085965,-0.4285365218514354,0.010089588668993505,0.13589458385341383,8.043669700622559,0.040726661682128906,0.0335354283452034,0.025980612263083458,0.019493328407406807,0.017125407233834267,0.018689565360546112,0.017795458436012268,-0.1885727345943451,-0.18158534169197083,-0.167101189494133,-0.1616514027118683,-0.16374218463897705,-0.16988611221313477,-0.17152027785778046,-0.17200244963169098,2.5886376375794384e-12,1.4554325342178345,89.97016906738281,209.94749450683594,0.13589458385341383,Inhibitory (Mouse),Inhibitory
314804042,Mouse,spiny,Rorb-IRES2-Cre,5,0.4064644817569763,0.5120285150806331,-0.9141064975979589,0.054117982042271695,0.06306720078279013,8.42721939086914,0.4847649037837982,0.48726028203964233,0.420411080121994,0.30988723039627075,0.13543766736984253,0.03243420645594597,-0.009453578852117062,-0.17349666357040405,-0.18580755591392517,-0.2388100028038025,-0.5788859128952026,-0.3256445527076721,-0.6029286980628967,-0.808211088180542,-0.9598957896232605,0.10321412235498428,3.527608871459961,210.2025909423828,229.9425048828125,0.06306720078279013,Excitatory (Mouse),Excitatory
482764620,Mouse,aspiny,Htr3a-Cre_NO152,5,0.5802986777096795,0.657102226654572,-0.15171907425558387,0.009689514847729013,0.24337396137120326,8.042060852050781,0.04011578857898712,0.024204660207033157,0.007338512223213911,0.0019221511902287602,0.01591268926858902,0.029724374413490295,0.04141892492771149,-0.05030253902077675,-0.07124952971935272,-0.09560767561197281,-0.11198319494724274,-0.12089869379997253,-0.11620477586984634,-0.10264839977025986,-0.08933267742395401,-2.801386290229857e-05,1.283279299736023,25.785795211791992,169.95750427246094,0.24337396137120326,Inhibitory (Mouse),Inhibitory
523478869,Mouse,aspiny,Vip-IRES-Cre,2/3,0.7438902652645593,0.7012743110358225,-0.9024715297048864,0.021328900398619496,0.09547760763665901,7.964177131652832,-0.04360334947705269,0.011762893758714199,0.09148191660642624,0.14417780935764313,0.11109807342290878,0.052949968725442886,-0.0008462073747068644,-0.7775952816009521,-1.6774041652679443,-1.0081287622451782,-0.7885321974754333,-0.6547256112098694,-0.40721395611763,-0.28710564970970154,-0.205352321267128,3.337498333255695e-11,2.9556901454925537,369.643310546875,409.5899963378906,0.09547760763665901,Inhibitory (Mouse),Inhibitory
555345752,Mouse,aspiny,Htr3a-Cre_NO152,2/3,0.8168758178100552,0.8301687897482778,-0.8604509755863642,0.010107687640818961,0.13776514624460173,7.910938262939453,0.015574081800878048,0.1036289855837822,0.12464552372694016,0.12162473797798157,0.09092862904071808,0.050400592386722565,0.02481290139257908,-1.133418321609497,-1.1238495111465454,-0.7892608046531677,-0.5914377570152283,-0.4987426698207855,-0.3986591398715973,-0.35736870765686035,-0.3437078297138214,-1.3097304121643559e-15,2.0837368965148926,369.6239318847656,429.57000732421875,0.13776514624460173,Inhibitory (Mouse),Inhibitory
502269786,Mouse,spiny,Nr5a1-Cre,2/3,0.7530447102430966,0.740898433824382,-0.8378380810625068,0.008593595976020841,0.15759964395087908,7.994174957275391,0.06499198079109192,0.09458676725625992,0.1220475360751152,0.1498001217842102,0.09300822019577026,0.015833796933293343,0.001175364712253213,-0.9599863290786743,-0.9480506777763367,-0.9368919134140015,-0.8489776849746704,-0.7024410963058472,-0.5815446376800537,-0.679646372795105,-0.8022902011871338,-1.3610362836757872e-12,1.7822600603103638,309.6900939941406,369.6300048828125,0.15759964395087908,Excitatory (Mouse),Excitatory
564701029,Mouse,aspiny,Ndnf-IRES2-dgCre,1,0.842555135665872,0.8087557670071783,-0.6114486411291427,0.0067938015420091,0.1273272881732024,7.738948822021484,-0.11891701817512512,0.07015781849622726,0.15663258731365204,0.19426074624061584,0.14655885100364685,0.06094302982091904,-0.016261806711554527,-1.5109633207321167,-1.5829261541366577,-1.290270209312439,-1.0673370361328125,-0.7997967600822449,-0.456159383058548,-0.32513734698295593,-0.2711736261844635,-0.20698575675487518,1.450507640838623,189.40237426757812,309.69000244140625,0.1273272881732024,Inhibitory (Mouse),Inhibitory
480003970,Mouse,spiny,Scnn1a-Tg2-Cre,5,0.6809529256271595,0.532629965317537,-0.9543937909408267,0.021267267435398304,0.12622230524844097,7.928219795227051,-0.023081326857209206,0.01083296723663807,0.03685155138373375,0.03757873550057411,0.023025477305054665,0.02787628583610058,0.01992877572774887,-0.35302090644836426,-0.7668474912643433,-0.6868886947631836,-0.6022510528564453,-0.5858702063560486,-0.6074902415275574,-0.6545654535293579,-0.6966943144798279,-0.046155303716659546,3.023679733276367,410.28887939453125,429.89251708984375,0.12622230524844097,Excitatory (Mouse),Excitatory
486557574,Mouse,aspiny,Htr3a-Cre_NO152,4,0.8137679118383,0.8513074147603463,-0.43010898469061015,0.012259985511440053,0.2428137745826254,7.993786334991455,0.07499189674854279,0.16116933524608612,0.16882210969924927,0.1289530247449875,0.03523697704076767,-0.0016419602325186133,-0.005209618713706732,-0.40237584710121155,-0.4827347695827484,-0.3417070806026459,-0.259747713804245,-0.23583903908729553,-0.11319635063409805,-0.06048355996608734,-0.04298742115497589,-0.0028758228290826082,1.4434945583343506,73.10025787353516,169.95750427246094,0.2428137745826254,Inhibitory (Mouse),Inhibitory
481093525,Mouse,aspiny,Pvalb-IRES-Cre,5,0.9430992886647183,0.9389323043938161,-0.7345401628013222,0.00503086469785059,0.40381263739726564,7.861386775970459,-0.04466875270009041,0.046130143105983734,0.10304797440767288,0.1386723518371582,0.1339430809020996,0.06348311901092529,-0.08398928493261337,-0.4533468186855316,-0.6751707196235657,-0.6616138219833374,-0.4569751024246216,-0.23761123418807983,-0.0459393672645092,0.019889649003744125,0.02381264418363571,0.20372390747070312,1.6326946020126343,389.2504577636719,529.8674926757812,0.40381263739726564,Inhibitory (Mouse),Inhibitory
571295641,Mouse,spiny,Vipr2-IRES2-Cre,4,0.786696785466571,0.725143520811297,-0.7790345665510509,0.04225887905245999,0.06515230981226712,8.044235229492188,0.018301179632544518,-0.009002916514873505,0.015132171101868153,0.08474725484848022,0.11330532282590866,0.05156538262963295,0.03243587538599968,0.14920198917388916,-0.340109646320343,-0.5227032899856567,-0.5669532418251038,-0.5848351716995239,-0.45708540081977844,-0.3660116493701935,-0.2990312874317169,-0.10530312359333038,3.376164674758911,210.1400909423828,269.7300109863281,0.06515230981226712,Excitatory (Mouse),Excitatory
555042715,Mouse,aspiny,Ndnf-IRES2-dgCre,2/3,0.839926549718061,0.8903935267260399,-0.481478665861193,0.006442308361063987,0.19172183462457731,7.884335517883301,0.013723734766244888,0.08302012085914612,0.07610519975423813,0.053474877029657364,0.04829834774136543,0.025086447596549988,-0.03732737898826599,-0.8552926778793335,-0.7174960374832153,-0.45566630363464355,-0.4316672086715698,-0.34799981117248535,-0.18655221164226532,-0.020475730299949646,0.10064665973186493,-0.0012665311805903912,1.3182123899459839,129.86924743652344,269.7300109863281,0.19172183462457731,Inhibitory (Mouse),Inhibitory
561039262,Mouse,aspiny,Nos1-CreERT2,2/3,0.6635128515593368,0.7605589538957181,-0.34305048450560405,0.010661197274130367,0.12124562909507071,8.0450439453125,0.0246492438018322,0.007277154829353094,0.0056435163132846355,0.013844560831785202,0.021992849186062813,0.021895652636885643,0.01755150407552719,-0.22086822986602783,-0.23189058899879456,-0.229766383767128,-0.22229208052158356,-0.21025481820106506,-0.1985967755317688,-0.1973593831062317,-0.19855496287345886,0.03867538273334503,1.4955308437347412,71.97005462646484,209.7899932861328,0.12124562909507071,Other (Mouse),Inhibitory
515188639,Mouse,spiny,Scnn1a-Tg3-Cre,4,0.693794597763055,0.6637654621894071,-0.5674748857043568,0.08148055375695851,0.051278837808221636,8.19810676574707,0.18639035522937775,0.21102851629257202,0.24548718333244324,0.2390286773443222,0.09660444408655167,-0.013715201988816261,-0.06548898667097092,-0.44689616560935974,-0.7965064644813538,-0.810965895652771,-0.7809170484542847,-0.5659778714179993,-0.24888300895690918,-0.2983628809452057,-0.3643397390842438,0.18077556788921356,4.326868057250977,130.42138671875,229.77000427246094,0.051278837808221636,Excitatory (Mouse),Excitatory
565397408,Mouse,spiny,Oxtr-T2A-Cre,6a,0.44620956093417036,0.5230751725843934,-0.812607038569792,0.05551897977422226,0.060190874894831346,8.202356338500977,0.23495204746723175,0.25773417949676514,0.27493202686309814,0.27087634801864624,0.1999894678592682,0.1174660474061966,0.08799910545349121,0.017117124050855637,-0.008988441899418831,-0.38901135325431824,-0.550270140171051,-0.5172416567802429,-0.5152348279953003,-0.5381977558135986,-0.564402163028717,-0.19270865619182587,3.41281795501709,170.5139617919922,209.7899932861328,0.060190874894831346,Excitatory (Mouse),Excitatory
587098017,Mouse,aspiny,Chat-IRES-Cre-neo,4,0.7577680208961586,0.7637617767918501,-0.40602613996450265,0.00834518713632947,0.1232446875377598,8.125935554504395,0.04517728090286255,-0.014745223335921764,-0.019407004117965698,0.0006210446008481085,0.03340139240026474,0.017489438876509666,0.0006532942061312497,-0.9040807485580444,-0.9803749918937683,-0.8443026542663574,-0.7171149253845215,-0.5472344160079956,-0.24360992014408112,-0.047471094876527786,0.08146791905164719,-0.1116163432598114,1.4436794519424438,101.41748046875,249.74998474121094,0.1232446875377598,Other (Mouse),Inhibitory
547325858,Mouse,aspiny,Nos1-CreERT2|Sst-IRES-FlpO,6a,0.6677984882593072,0.6998752723984037,-0.9066050568322028,0.019956277154425786,0.13367307682539784,7.730230808258057,0.21124620735645294,0.46430593729019165,0.4375252425670624,0.3129390776157379,0.1881386935710907,0.07917497307062149,-0.0016439183382317424,-0.022068535909056664,0.24478581547737122,0.12296693027019501,-0.24060127139091492,-0.43783313035964966,-0.4316321313381195,-0.5841827392578125,-0.7947481274604797,0.04640296846628189,2.0461249351501465,190.19882202148438,209.7899932861328,0.13367307682539784,Other (Mouse),Inhibitory
329254830,Mouse,aspiny,Sst-IRES-Cre,5,0.9125032636789334,0.9078057764921259,-0.5663181111259998,0.003632345297756131,0.2152322673632217,8.020475387573242,0.027503032237291336,0.047492895275354385,0.04452986270189285,0.02794199436903,0.0393197163939476,0.031178807839751244,-0.046810273081064224,-1.1854761838912964,-1.0682637691497803,-0.8110801577568054,-0.6317580342292786,-0.478415846824646,-0.21846646070480347,-0.007922254502773285,0.14214371144771576,-0.32209962606430054,1.159151315689087,209.5890655517578,369.9075012207031,0.2152322673632217,Inhibitory (Mouse),Inhibitory
519751607,Mouse,aspiny,Htr3a-Cre_NO152,2/3,0.7379800641265276,0.6976073457635495,-0.47852383687962097,0.005313348068788676,0.2676688187239724,8.003743171691895,-0.027943821623921394,-0.035462263971567154,-0.0332731232047081,-0.030005156993865967,-0.014082541689276695,-0.001842103898525238,-0.01099070068448782,-0.7575221061706543,-0.9415155649185181,-0.673241138458252,-0.5085461735725403,-0.4149908125400543,-0.33905264735221863,-0.2694541811943054,-0.19778163731098175,0.014357704669237137,1.1049199104309082,109.95063018798828,229.77000427246094,0.2676688187239724,Inhibitory (Mouse),Inhibitory
523708351,Mouse,aspiny,Nos1-CreERT2,2/3,0.6880093104729226,0.6778973647611498,-0.8627603233275638,0.04590200907392705,0.05232102885745357,7.963589191436768,0.020565880462527275,0.06301520019769669,0.10418768227100372,0.13210681080818176,0.10265764594078064,0.05628722906112671,0.026272710412740707,-0.46172863245010376,-0.4242054224014282,-0.40728601813316345,-0.44803518056869507,-0.30891528725624084,-0.28796565532684326,-0.33939269185066223,-0.35622262954711914,-0.022461216896772385,3.646679401397705,249.95079040527344,289.7099914550781,0.05232102885745357,Other (Mouse),Inhibitory
588711875,Mouse,spiny,Tlx3-Cre_PL56,5,0.6387775470118418,0.5698853729750553,-0.46673731769133564,0.014202087369634296,0.1098650461718831,8.262873649597168,0.2783930003643036,0.2914626896381378,0.30959469079971313,0.32664817571640015,0.3261186480522156,0.2971232533454895,0.2567923963069916,1.2478440999984741,-0.2441340535879135,-0.6454843878746033,-0.3017159402370453,-0.17393942177295685,-0.4005005955696106,-0.7646646499633789,-1.0677822828292847,6.814438770208486e-12,1.4588292837142944,69.94058990478516,149.85000610351562,0.1098650461718831,Excitatory (Mouse),Excitatory
487155664,Mouse,aspiny,Htr3a-Cre_NO152,2/3,0.806656096459614,0.6480213627600919,-0.742006660696194,0.02451228921103558,0.08081402349588043,7.958937644958496,-0.0034801054280251265,0.06795825064182281,0.11207854002714157,0.1394476294517517,0.10986592620611191,0.04861755669116974,-0.03387733921408653,-0.7522117495536804,-1.045480489730835,-1.1282027959823608,-1.1512161493301392,-0.5931253433227539,-0.29589909315109253,-0.24819596111774445,-0.22502528131008148,-0.018050961196422577,2.756249189376831,229.96487426757812,309.9224853515625,0.08081402349588043,Inhibitory (Mouse),Inhibitory
318556138,Mouse,aspiny,Pvalb-IRES-Cre,5,0.9565265423397907,0.9474364895942152,-0.40760750615907865,0.008720594297743042,0.21082322146103918,7.951474189758301,0.03971961513161659,0.10846289247274399,0.139443039894104,0.1377158910036087,0.08956301957368851,0.026207944378256798,-0.05785117298364639,-0.4734683334827423,-0.5865026712417603,-0.4957980215549469,-0.34177863597869873,-0.23001965880393982,-0.11657509207725525,-0.008555738255381584,0.07574484497308731,0.018962107598781586,1.5342658758163452,110.02687072753906,269.9324951171875,0.21082322146103918,Inhibitory (Mouse),Inhibitory
478447600,Mouse,spiny,Nr5a1-Cre,4,0.8269835786383015,0.7965279516866884,-0.8709691459045998,0.011096005605948879,0.1598870302199361,8.058819770812988,0.10625220090150833,0.1560884714126587,0.17052008211612701,0.138246551156044,0.04339718073606491,-0.017171522602438927,-0.053439535200595856,-0.8304455280303955,-0.7117274403572083,-0.5274239182472229,-0.43641728162765503,-0.4113328456878662,-0.4486750066280365,-0.49769073724746704,-0.5259080529212952,-1.3434292740754916e-12,1.8544275760650635,269.93292236328125,309.9224853515625,0.1598870302199361,Excitatory (Mouse),Excitatory
478111731,Mouse,aspiny,Htr3a-Cre_NO152,2/3,0.6106123794398741,0.628185992149689,-0.272719165348685,0.012915552964960364,0.14581079037759775,8.143484115600586,0.23536327481269836,0.28729358315467834,0.2500813603401184,0.15944737195968628,0.037594061344861984,-0.014241479337215424,-0.0076626562513411045,1.4035300016403198,0.9609447121620178,0.11881877481937408,-0.4091144800186157,-0.3596329987049103,-0.24369487166404724,-0.20652571320533752,-0.04681834578514099,-0.0004041393112856895,1.191786766052246,29.991609573364258,109.97250366210938,0.14581079037759775,Inhibitory (Mouse),Inhibitory
313862134,Mouse,aspiny,Sst-IRES-Cre,5,0.9150766431330899,0.930641292679553,-0.4406583625145001,0.00868512053067011,0.15436654722555387,8.111212730407715,0.11206728219985962,0.1021728664636612,0.09366468340158463,0.08606059104204178,0.053979892283678055,0.0018893987871706486,-0.037749115377664566,-0.7324234843254089,-0.4293690025806427,-0.32764732837677,-0.31282973289489746,-0.264484703540802,-0.11477809399366379,0.01790810003876686,0.10397151112556458,-0.03711263835430145,1.4733421802520752,110.13842010498047,249.93748474121094,0.15436654722555387,Inhibitory (Mouse),Inhibitory
485287944,Mouse,spiny,Ntsr1-Cre_GN220,6a,0.8030868180736984,0.8103429257537614,-0.8786566540283054,0.004928304037070269,0.17251807730675445,8.028532028198242,0.053306348621845245,0.09888516366481781,0.14424273371696472,0.13940876722335815,0.05047553405165672,0.011216647922992706,0.040470391511917114,-1.037556767463684,-1.3538258075714111,-1.1790900230407715,-0.8397131562232971,-0.5851060152053833,-0.5425139665603638,-0.5971823334693909,-0.6468304395675659,7.883807960225541e-18,1.2751210927963257,289.88421630859375,329.9175109863281,0.17251807730675445,Excitatory (Mouse),Excitatory
556910601,Mouse,spiny,Ndnf-IRES2-dgCre,6a,0.8260300033170187,0.8167636338654408,-0.8630087207768866,0.04835660778849482,0.06323284496078121,8.192289352416992,0.20266598463058472,0.2124292552471161,0.20394477248191833,0.17999689280986786,0.11739064753055573,0.06055159121751785,0.02990635670721531,-0.08291631937026978,-0.7840608954429626,-1.024854302406311,-0.972743034362793,-0.6006446480751038,-0.3624560832977295,-0.34127989411354065,-0.35630419850349426,0.09438922256231308,3.7429122924804688,250.03115844726562,289.7099914550781,0.06323284496078121,Inhibitory (Mouse),Excitatory
579627022,Mouse,spiny,Ndnf-IRES2-dgCre,6b,0.6791053594415227,0.714707685380501,-0.7621076257673972,0.08061603521556777,0.05269125873094125,8.047572135925293,0.04185695946216583,0.03457365185022354,0.031827669590711594,0.03478001058101654,0.03854212164878845,0.03550484776496887,0.029682351276278496,-0.27631500363349915,-0.29069989919662476,-0.29535436630249023,-0.2908366918563843,-0.2511981427669525,-0.17845827341079712,-0.1634671837091446,-0.1674945056438446,-0.1797211617231369,4.487076282501221,190.36866760253906,249.74998474121094,0.05269125873094125,Inhibitory (Mouse),Excitatory
485468180,Mouse,spiny,Nr5a1-Cre,2/3,0.5870796270607948,0.5670815382090727,-0.7024548033588054,0.01024379046835225,0.13233098785479475,8.534844398498535,0.6164616346359253,0.573894739151001,0.5148748159408569,0.4407109320163727,0.254307359457016,0.06305050849914551,-0.09734038263559341,-0.11750777810811996,-0.3235543966293335,-0.4873727858066559,-0.5427212715148926,-0.5479639768600464,-0.6110517382621765,-0.6976746916770935,-0.7601214051246643,-0.03758731111884117,1.1538456678390503,91.2977066040039,129.96749877929688,0.13233098785479475,Excitatory (Mouse),Excitatory
313862167,Mouse,aspiny,Sst-IRES-Cre,4,0.8989147336433667,0.8710352577237178,-0.6270584837477338,0.00419928850000449,0.15482800157305582,8.241777420043945,0.22587043046951294,0.1955007016658783,0.17782092094421387,0.16013343632221222,0.09173727035522461,0.007527063600718975,-0.050091180950403214,-0.6863206028938293,-0.9527470469474792,-0.7701441645622253,-0.5036126971244812,-0.33051395416259766,-0.16936559975147247,-0.03816168010234833,0.08805239945650101,-0.2695825695991516,1.0646710395812988,169.3361358642578,269.9324951171875,0.15482800157305582,Inhibitory (Mouse),Inhibitory
562530336,Mouse,aspiny,Vip-IRES-Cre,6a,0.6995150224558286,0.6757472854611689,-0.2632362580504467,0.007220707044600903,0.17832572120271034,8.011007308959961,0.009660323150455952,0.005933545064181089,0.002708417596295476,0.0009009038913063705,0.001781873987056315,0.0032373603899031878,0.003433621721342206,-0.03566781058907509,-0.03587142378091812,-0.03602427616715431,-0.035948023200035095,-0.035463858395814896,-0.03389110043644905,-0.032332684844732285,-0.031113997101783752,0.0008773194858804345,1.1707102060317993,49.964874267578125,189.80999755859375,0.17832572120271034,Inhibitory (Mouse),Inhibitory
489752610,Mouse,spiny,Nr5a1-Cre,4,0.6147715292285914,0.6869909277416046,-0.5295379305861794,0.022866030898011595,0.08419709023275912,8.027984619140625,0.03963791951537132,0.04364146292209625,0.04143386334180832,0.03569618985056877,0.023433901369571686,0.014451319351792336,-0.0014601160073652864,0.785881757736206,0.5606383085250854,0.2655898630619049,0.061168570071458817,-0.08568686991930008,-0.2564992904663086,-0.35973089933395386,-0.4354790151119232,-0.011140638962388039,1.971358299255371,89.99906921386719,169.95750427246094,0.08419709023275912,Excitatory (Mouse),Excitatory
485058595,Mouse,aspiny,Sst-IRES-Cre,5,0.6205681380678723,0.6977410042031292,-0.5295064017772172,0.009075190091781635,0.10480325912983267,8.218098640441895,0.2339744120836258,0.23741276562213898,0.23048855364322662,0.22008779644966125,0.2048833668231964,0.1909681260585785,0.1801074743270874,1.7816150188446045,1.4867539405822754,0.6779353022575378,0.13485237956047058,-0.24846862256526947,-0.7544006109237671,-0.9616699814796448,-0.9621588587760925,-0.0044749341905117035,1.2419326305389404,89.99360656738281,169.95750427246094,0.10480325912983267,Inhibitory (Mouse),Inhibitory
502999078,Mouse,spiny,Cux2-CreERT2,4,0.5587943977419908,0.6901053278058918,-0.6877908265988486,0.032025742138822255,0.05193631029493983,7.929533004760742,0.09235688298940659,0.1922747939825058,0.2176215946674347,0.22758901119232178,0.17771659791469574,0.09914290904998779,0.0155157670378685,0.5125843286514282,0.6445854902267456,0.03571472689509392,-0.39875704050064087,-0.4782101511955261,-0.4850216209888458,-0.49778544902801514,-0.4984894096851349,0.12896808981895447,2.4655234813690186,130.5662078857422,189.80999755859375,0.05193631029493983,Excitatory (Mouse),Excitatory
557852711,Mouse,spiny,Ctgf-T2A-dgCre,6a,0.8028463727046926,0.7998720692417354,-0.6775220754584497,0.013305056597688528,0.09149591242012327,7.987046241760254,-0.004867035895586014,0.004785171709954739,0.0038832940626889467,-0.00046090519754216075,-0.0017471426399424672,0.001621624338440597,0.009393734857439995,-2.121523857116699,-1.4733974933624268,-0.7043781280517578,-0.40625083446502686,-0.31060707569122314,-0.20128697156906128,-0.11620230227708817,-0.06790706515312195,-0.02364812232553959,2.0298874378204346,209.82237243652344,309.69000244140625,0.09149591242012327,Excitatory (Mouse),Excitatory
565209132,Mouse,aspiny,Htr3a-Cre_NO152,4,0.6618173313742148,0.7242268124486095,-0.21395944593248445,0.009164977782462225,0.16070819602157224,8.005561828613281,0.005614146124571562,0.002389968140050769,-0.001627119374461472,-0.00606524059548974,-0.006167198531329632,-0.0005835561314597726,0.004371393006294966,-0.0482933446764946,-0.05120100453495979,-0.05177244544029236,-0.04958043619990349,-0.043000973761081696,-0.027972260490059853,-0.013848750852048397,-0.0026891848538070917,0.07681377977132797,1.3189406394958496,40.6175422668457,189.80999755859375,0.16070819602157224,Inhibitory (Mouse),Inhibitory
481003593,Mouse,aspiny,Htr3a-Cre_NO152,4,0.8438606195275511,0.8337311092607852,-0.7242399146523331,0.005976750785425135,0.14829560890769525,8.223823547363281,0.19803602993488312,0.14970873296260834,0.09339490532875061,0.04852765053510666,0.019568074494600296,0.001245104824192822,-0.016573045402765274,-1.3602913618087769,-1.0653209686279297,-0.8450920581817627,-0.7793222665786743,-0.6228880882263184,-0.20643241703510284,-0.08378719538450241,-0.03317255154252052,-0.0059812129475176334,1.3163678646087646,209.9770965576172,289.927490234375,0.14829560890769525,Inhibitory (Mouse),Inhibitory
508405843,Human,spiny,,4,0.7222787211797145,0.7095015792134898,-0.7713838453783246,0.015490003813641191,0.18179002089131108,7.7888898849487305,0.23291653394699097,0.24975620210170746,0.2187616378068924,0.16931314766407013,0.11778323352336884,0.08274094760417938,0.04948822781443596,0.049145713448524475,-0.006119146477431059,-0.06374916434288025,-0.11516951024532318,-0.1924319863319397,-0.30356940627098083,-0.36780300736427307,-0.4180939197540283,-2.452933666926966e-20,1.6219332218170166,131.00411987304688,169.8300018310547,0.18179002089131108,Excitatory (Human),Excitatory
576768088,Mouse,aspiny,Htr3a-Cre_NO152,4,0.61866502390788,0.6938291696084928,-0.3001137435299951,0.012289438641344233,0.159898176840985,8.08090591430664,0.08304637670516968,0.08195719122886658,0.08023333549499512,0.07931296527385712,0.07807102799415588,0.07482237368822098,0.07195566594600677,0.04674870893359184,0.000361668411642313,-0.07076144218444824,-0.09729643166065216,-0.09685540199279785,-0.09238526970148087,-0.10174677520990372,-0.11178162693977356,-0.11140258610248566,1.4446852207183838,50.98072814941406,169.8300018310547,0.159898176840985,Inhibitory (Mouse),Inhibitory
491038812,Mouse,aspiny,Pvalb-IRES-Cre,4,0.9744396139987614,0.9790946928209443,-0.7457362748047085,0.0032932183604375068,0.4521219779884154,7.922453880310059,-0.028397608548402786,0.02242887206375599,0.05651501566171646,0.07591183483600616,0.07736804336309433,0.044403597712516785,-0.055334143340587616,-0.553006112575531,-0.5629207491874695,-0.45819053053855896,-0.3141385316848755,-0.1991085410118103,-0.08642388880252838,0.0013165748678147793,0.0682559385895729,-4.451128077231914e-10,1.3937406539916992,439.8743896484375,589.8524780273438,0.4521219779884154,Inhibitory (Mouse),Inhibitory
490612844,Mouse,spiny,Rbp4-Cre_KL100,5,0.8003728648135896,0.7171091205706283,-0.7237522503532916,0.0071775044233567805,0.15274463007160397,8.233436584472656,0.21743983030319214,0.17958690226078033,0.14926788210868835,0.09446320682764053,-0.01297791302204132,-0.04228078946471214,0.005337078124284744,-0.6764364242553711,-0.7428426742553711,-0.6150616407394409,-0.4781000018119812,-0.3550398647785187,-0.36885908246040344,-0.4145691990852356,-0.4462851881980896,-0.0021457341499626637,1.442551851272583,209.83567810058594,289.927490234375,0.15274463007160397,Excitatory (Mouse),Excitatory
490170480,Mouse,spiny,Cux2-CreERT2,4,0.8718514187952723,0.8409175541628126,-0.8102522556080296,0.0321146451895974,0.07522979316471082,8.002046585083008,0.14685772359371185,0.2198367863893509,0.21205627918243408,0.1557779461145401,0.04528060182929039,-0.008360030129551888,-0.028456879779696465,-1.1655491590499878,-0.8254490494728088,-0.4409738779067993,-0.3090263605117798,-0.22543078660964966,-0.20910777151584625,-0.2218092828989029,-0.20707881450653076,-0.055601365864276886,2.5966110229492188,170.11351013183594,209.94747924804688,0.07522979316471082,Excitatory (Mouse),Excitatory
481003643,Mouse,aspiny,Htr3a-Cre_NO152,5,0.7738075555285162,0.7971397837086056,-0.7124639925340917,0.0053748759724116385,0.13195230293714755,8.060365676879883,0.05558997020125389,0.06959699094295502,0.06562817096710205,0.058838892728090286,0.03652974218130112,0.01199618261307478,-0.012325257994234562,-1.903281807899475,-1.595399022102356,-1.302298903465271,-1.0823650360107422,-0.7210678458213806,-0.3013075888156891,-0.12572689354419708,-0.030355004593729973,-0.2710046172142029,1.3713994026184082,249.37350463867188,349.9125061035156,0.13195230293714755,Inhibitory (Mouse),Inhibitory
313862274,Mouse,aspiny,Sst-IRES-Cre,2/3,0.8146392676764299,0.8434845097004134,-0.5653385257094461,0.008419758025525588,0.13751595442913747,8.060212135314941,0.09409729391336441,0.09926609694957733,0.12770631909370422,0.08887256681919098,-0.02518552541732788,-0.01689012721180916,0.05424775928258896,0.24260064959526062,-0.7688912749290466,-0.5553457140922546,-0.12024841457605362,0.08029500395059586,-0.07450537383556366,-0.21658140420913696,-0.2726729214191437,-0.024798614904284477,1.3914238214492798,129.9959716796875,229.9425048828125,0.13751595442913747,Inhibitory (Mouse),Inhibitory
329549957,Mouse,spiny,Rorb-IRES2-Cre,5,0.7047043570628582,0.6061548579043251,-0.9229362512627456,0.015344756123601859,0.17321594719546304,8.210514068603516,0.2602818012237549,0.2693405747413635,0.23745734989643097,0.17393375933170319,0.030786823481321335,-0.04717760533094406,-0.04043186083436012,-0.7064135670661926,-0.8157023191452026,-0.43543341755867004,-0.2747937738895416,-0.1133975237607956,-0.11091340333223343,-0.19802357256412506,-0.24810530245304108,-0.039591945707798004,1.958374261856079,230.6779327392578,249.93748474121094,0.17321594719546304,Excitatory (Mouse),Excitatory
581404810,Mouse,aspiny,Pvalb-IRES-Cre,6a,0.9242954750958978,0.9305653257817197,-0.2576360129809166,0.004105602603922299,0.2116455867662692,7.962568759918213,-0.03392532467842102,-0.03054135851562023,-0.027246173471212387,-0.02336941845715046,-0.016290226951241493,-0.012314574792981148,-0.011194703169167042,-0.05177667364478111,-0.041714008897542953,-0.030420813709497452,-0.022404048591852188,-0.014056391082704067,0.0014693954726681113,0.012948577292263508,0.020364394411444664,2.210547300762755e-09,1.0523327589035034,69.4921646118164,269.7300109863281,0.2116455867662692,Inhibitory (Mouse),Inhibitory
480798873,Mouse,spiny,Rorb-IRES2-Cre,2/3,0.6348568952376304,0.6355446958766916,-0.9233428421762135,0.018710141166749156,0.14505891966934706,8.046151161193848,0.046882759779691696,0.05456136167049408,0.06378038227558136,0.07049547135829926,0.05114225670695305,0.017099328339099884,-0.006220394745469093,-0.35514354705810547,-0.3370354473590851,-0.30031096935272217,-0.2716251611709595,-0.2215399146080017,-0.1528189480304718,-0.14417679607868195,-0.14731495082378387,-0.030710531398653984,2.1624906063079834,230.7789306640625,249.93748474121094,0.14505891966934706,Excitatory (Mouse),Excitatory
475580568,Mouse,aspiny,Sst-IRES-Cre,5,0.926696128998559,0.9302352588011334,-0.6315664341341125,0.006516880908112369,0.1683039272711605,8.216740608215332,0.244375079870224,0.23831118643283844,0.20537498593330383,0.15804436802864075,0.07973701506853104,0.013223525136709213,-0.028857365250587463,-0.986504852771759,-0.6953009963035583,-0.5119628310203552,-0.43818753957748413,-0.3180835545063019,-0.15207567811012268,-0.03591243177652359,0.056665971875190735,0.059860844165086746,1.3263174295425415,170.48388671875,269.9324951171875,0.1683039272711605,Inhibitory (Mouse),Inhibitory
593324192,Mouse,aspiny,Gad2-IRES-Cre,1,0.8088759694088626,0.6995458241918251,-0.3359704728041744,0.010646427634868985,0.156874556829377,7.986933708190918,0.0029929555021226406,0.017070559784770012,0.030359609052538872,0.03945467993617058,0.04229454696178436,0.040995754301548004,0.04100707918405533,-0.2403661459684372,-0.3428553342819214,-0.33914369344711304,-0.2139550894498825,-0.1572975069284439,-0.10663283616304398,-0.09223606437444687,-0.08859027922153473,0.07794622331857681,1.4944945573806763,70.48931884765625,209.7899932861328,0.156874556829377,Other (Mouse),Inhibitory
609183903,Mouse,aspiny,Slc32a1-T2A-FlpO|Vipr2-IRES2-Cre,2/3,0.9829183198778252,0.9808573592244355,-0.7275651289665102,0.003376397656565698,0.2988168049788963,8.017579078674316,0.030775930732488632,0.039806585758924484,0.021540440618991852,0.0019132784800603986,-0.011238537728786469,-0.006011033430695534,0.029164709150791168,-0.6226249933242798,-0.24402335286140442,-0.07108950614929199,-0.06289996951818466,-0.05380513146519661,-0.046757809817790985,-0.05352690443396568,-0.05928025394678116,0.23807686567306519,1.2320144176483154,327.1335754394531,449.54998779296875,0.2988168049788963,Other (Mouse),Inhibitory
522676397,Mouse,aspiny,Ntsr1-Cre_GN220,6b,0.7702912108797091,0.8233025118219528,-0.4295432602328917,0.009278195844563047,0.18254837531945955,8.06277084350586,0.061783116310834885,0.05884655937552452,0.05723527446389198,0.052108004689216614,0.0384068600833416,0.027884507551789284,0.021377474069595337,-0.18171192705631256,-0.20968028903007507,-0.20092225074768066,-0.1645234376192093,-0.13138189911842346,-0.1272798329591751,-0.13641640543937683,-0.1421067714691162,-0.04104581102728844,1.395160436630249,90.11556243896484,209.7899932861328,0.18254837531945955,Other (Mouse),Inhibitory
488491186,Mouse,aspiny,Rorb-IRES2-Cre,4,0.9614175169240625,0.9404664531659624,-0.5376868215614531,0.005686038342695401,0.2818838069310421,7.812594890594482,-0.059957828372716904,0.06735869497060776,0.14555077254772186,0.17409180104732513,0.1437079757452011,0.0691554993391037,-0.056057319045066833,-0.4879847764968872,-0.7340917587280273,-0.7297844290733337,-0.5360994338989258,-0.3328177332878113,-0.1550176739692688,-0.06325099617242813,-0.0142632145434618,0.19211599230766296,1.488959550857544,209.68234252929688,389.9024963378906,0.2818838069310421,Other (Mouse),Inhibitory
528631988,Human,spiny,,3,0.5380055670648078,0.6078358080629735,-0.7401101114417368,0.035237746360330856,0.05062090078273079,8.004030227661133,0.0038116786163300276,0.0025421276222914457,0.0012057413114234805,-2.7636975573841482e-05,-0.0011361619690433145,-0.0007175373611971736,-0.00028822626336477697,-0.0362875834107399,-0.03593205288052559,-0.0356600321829319,-0.03552151098847389,-0.03553232178092003,-0.036413200199604034,-0.03760911896824837,-0.038726821541786194,0.07809951901435852,2.8454484939575195,170.0612030029297,229.77000427246094,0.05062090078273079,Excitatory (Human),Excitatory
565381304,Mouse,aspiny,Oxtr-T2A-Cre,4,0.7320400575049015,0.7928340882908752,-0.5663456982214123,0.014531945049010647,0.09998400255959074,8.035178184509277,0.037029001861810684,0.03680211305618286,0.03519197553396225,0.032642100006341934,0.02906183898448944,0.02275528945028782,0.014849119819700718,-0.26533615589141846,-0.3006415069103241,-0.23406681418418884,-0.19173218309879303,-0.16650837659835815,-0.1322673112154007,-0.10088782012462616,-0.07479561865329742,0.05875532701611519,1.8272944688796997,130.13270568847656,229.77000427246094,0.09998400255959074,Other (Mouse),Inhibitory
613468354,Human,aspiny,,6,0.580947939438377,0.5127844168174802,-0.41286753375166196,0.04699823914897179,0.0591628457328797,8.398369789123535,0.5287187695503235,0.4896101653575897,0.4060435891151428,0.32221585512161255,0.19899286329746246,0.08056024461984634,-0.0059847417287528515,1.0632563829421997,0.47605064511299133,-0.3730389475822449,-0.6790693998336792,-0.6123905777931213,-0.5588836073875427,-0.5506764054298401,-0.5427655577659607,-0.010711648501455784,2.8251922130584717,70.1174087524414,169.8300018310547,0.0591628457328797,Inhibitory (Human),Inhibitory
491030723,Mouse,aspiny,Sst-IRES-Cre,5,0.886486763006938,0.8818852791173795,-0.6341999640884101,0.01037903766711648,0.11847558647636762,8.453757286071777,0.38369789719581604,0.23518934845924377,0.1479901224374771,0.08727575838565826,-0.005436189938336611,-0.03523128479719162,0.026344239711761475,-0.402110755443573,-0.7788419127464294,-0.7902653813362122,-0.639124870300293,-0.413054883480072,-0.1800246685743332,-0.14461125433444977,-0.14170511066913605,-0.11441459506750107,1.6738098859786987,171.2042694091797,269.9324951171875,0.11847558647636762,Inhibitory (Mouse),Inhibitory
570280138,Mouse,sparsely spiny,Chat-IRES-Cre-neo,2/3,0.7370331290190872,0.774985897121491,-0.5513801671717393,0.02051145601000113,0.06924996745250968,7.983315467834473,0.013290652073919773,0.01211622916162014,-0.0018587106605991721,-0.007948729209601879,0.010192422196269035,0.0030161174945533276,-0.005419714841991663,-1.257595181465149,-1.3383451700210571,-1.0035161972045898,-0.8393903374671936,-0.7389357089996338,-0.2994520962238312,-0.040424514561891556,0.038754597306251526,0.12885548174381256,2.520355701446533,170.77352905273438,309.69000244140625,0.06924996745250968,Other (Mouse),Sparsely Spiny
324266189,Mouse,sparsely spiny,Sst-IRES-Cre,2/3,0.6885265322349303,0.7064494105289306,-0.7147261716928953,0.02552455722523592,0.07782230770224509,8.159614562988281,0.20192311704158783,0.2328035980463028,0.23675860464572906,0.21616922318935394,0.1613657921552658,0.08720225095748901,0.02453976683318615,0.07275134325027466,-1.3429608345031738,-0.23242606222629547,0.09418348222970963,0.09481048583984375,-0.13775993883609772,-0.3825075030326843,-0.5871527791023254,0.05219651386141777,2.3149118423461914,150.0576934814453,209.94749450683594,0.07782230770224509,Inhibitory (Mouse),Sparsely Spiny
575637715,Mouse,sparsely spiny,Sst-IRES-Cre,5,0.8618674429187647,0.8917112743866731,-0.7040046371528854,0.014327347454622266,0.0971309083760428,8.057043075561523,0.17823591828346252,0.21885709464550018,0.16297365725040436,0.07999575883150101,-0.001244346029125154,-0.00856894999742508,0.00963345356285572,-0.9540424942970276,-0.46153706312179565,-0.3117634356021881,-0.39538541436195374,-0.39698368310928345,-0.2646482288837433,-0.16145560145378113,-0.07753857970237732,-0.033082254230976105,1.9658371210098267,189.89227294921875,269.7300109863281,0.0971309083760428,Inhibitory (Mouse),Sparsely Spiny
584665305,Mouse,aspiny,Oxtr-T2A-Cre,2/3,0.6754376548080033,0.5471757027198862,-0.8805062856771823,0.12676790915021685,0.03733665679361002,8.029629707336426,0.03003392182290554,0.027332700788974762,0.024031687527894974,0.021481147035956383,0.01980694942176342,0.018916649743914604,0.01746305637061596,-0.28141140937805176,-0.30726921558380127,-0.3349798917770386,-0.36207258701324463,-0.39098501205444336,-0.3776606023311615,-0.36240410804748535,-0.3605289161205292,0.27080342173576355,6.4646406173706055,290.349853515625,329.6700134277344,0.03733665679361002,Other (Mouse),Inhibitory
505202906,Mouse,spiny,Cux2-CreERT2,5,0.6762331341007461,0.7117774615454889,-0.8888886060358796,0.018850931950424473,0.1495584734745988,8.019759178161621,0.200990691781044,0.29888051748275757,0.2626741826534271,0.17120665311813354,0.06444599479436874,-0.003734127152711153,-0.034724414348602295,-0.47788524627685547,-0.5226147174835205,-0.3864856958389282,-0.3504638373851776,-0.4562724232673645,-0.46539440751075745,-0.45421934127807617,-0.4804565906524658,5.1356738306473915e-11,2.2549195289611816,239.7599334716797,269.7300109863281,0.1495584734745988,Excitatory (Mouse),Excitatory
578898150,Mouse,sparsely spiny,Oxtr-T2A-Cre,2/3,0.8622875365615642,0.8383626524927237,-0.6522243935751392,0.007747612307331723,0.1439059706875108,8.173154830932617,0.20024113357067108,0.20723600685596466,0.19829727709293365,0.17537610232830048,0.10795442759990692,0.04245763272047043,0.015133856795728207,-0.48597654700279236,-0.35892874002456665,-0.43570566177368164,-0.49207741022109985,-0.4696970582008362,-0.3370135426521301,-0.2340945154428482,-0.1610611230134964,-0.011764945462346077,1.3342297077178955,149.8617401123047,229.77000427246094,0.1439059706875108,Other (Mouse),Sparsely Spiny
397248752,Mouse,aspiny,Gad2-IRES-Cre,4,0.7618094244293242,0.7521105541050526,-0.8183689684502466,0.03074740611248221,0.07242743630956554,8.059502601623535,0.05278744921088219,0.059090275317430496,0.09106476604938507,0.11327768117189407,0.09716546535491943,0.042444486171007156,-0.039524730294942856,-0.8922169804573059,-1.0900572538375854,-1.062248706817627,-1.1460473537445068,-0.6684849858283997,-0.19839982688426971,-0.13316309452056885,-0.12024600803852081,-0.047300517559051514,3.18498158454895,269.9964904785156,329.9175109863281,0.07242743630956554,Other (Mouse),Inhibitory
517343484,Mouse,sparsely spiny,Nos1-CreERT2|Sst-IRES-FlpO,6a,0.7257198937906398,0.6227785730108766,-0.7143658811653527,0.015174113310477178,0.1023593418867529,8.428346633911133,0.563901960849762,0.6059009432792664,0.5065171718597412,0.3440316319465637,0.16273553669452667,0.08496186882257462,0.06794702261686325,2.0465588569641113,1.7132412195205688,0.6860886812210083,-0.27722403407096863,-0.8905964493751526,-1.1783077716827393,-1.2176674604415894,-1.1913222074508667,0.009971372783184052,1.7842020988464355,149.86691284179688,209.7899932861328,0.1023593418867529,Other (Mouse),Sparsely Spiny
577218818,Mouse,aspiny,Chat-IRES-Cre-neo,2/3,0.4763710655161732,0.5655724897253707,-0.5736206009918284,0.003305742407743216,0.21225149594854228,7.9822187423706055,-0.01737956702709198,-0.017761128023266792,-0.017556389793753624,-0.017330024391412735,-0.017495376989245415,-0.018542291596531868,-0.020536312833428383,-0.033836498856544495,-0.03305809572339058,-0.031369104981422424,-0.028860438615083694,-0.025900932028889656,-0.022207871079444885,-0.02056477963924408,-0.02054186724126339,0.25740426778793335,1.043936848640442,189.17176818847656,329.6700134277344,0.21225149594854228,Other (Mouse),Inhibitory
562424079,Mouse,spiny,Ndnf-IRES2-dgCre,6a,0.5768891602829113,0.6772989730222178,-0.6857648027844804,0.03688628766427439,0.06807594770568956,7.754434108734131,5.218747537583113e-05,0.1967945247888565,0.2888227105140686,0.3085516095161438,0.20498333871364594,0.12688416242599487,0.14427751302719116,0.07088655233383179,0.0712871178984642,-0.04026845470070839,-0.4669487774372101,-0.6390777826309204,-0.5321762561798096,-0.4148269295692444,-0.28701552748680115,0.10586884617805481,2.6460132598876953,130.1762237548828,189.80999755859375,0.06807594770568956,Inhibitory (Mouse),Excitatory
556968207,Mouse,aspiny,Chat-IRES-Cre-neo,4,0.8063388276262773,0.7850807127305708,-0.4088535363081458,0.014170856591235865,0.0901088587100321,8.069406509399414,0.07575340569019318,0.10471673309803009,0.0730486512184143,0.04755278304219246,0.02005412057042122,-0.008350443094968796,0.011865775100886822,-0.5565310716629028,-1.1611889600753784,-0.9675637483596802,-0.6821452379226685,-0.44807496666908264,-0.21253743767738342,-0.06941857933998108,0.01624537818133831,-0.07528109848499298,1.9550716876983643,110.28573608398438,269.7300109863281,0.0901088587100321,Other (Mouse),Inhibitory
593398067,Mouse,aspiny,Gad2-IRES-Cre,1,0.6076213733019171,0.7127258028365172,-0.20646416627687691,0.014216512523189019,0.1738254958893786,8.216647148132324,0.3715478777885437,0.4539746642112732,0.4118841588497162,0.3083663284778595,0.15302534401416779,0.05428589507937431,0.01295516174286604,-0.1884509027004242,-0.20942962169647217,-0.1144862025976181,0.07070758938789368,0.18004655838012695,-0.10395762324333191,-0.3451552391052246,-0.4723326563835144,0.022664695978164673,1.553830862045288,35.06432342529297,169.8300018310547,0.1738254958893786,Other (Mouse),Inhibitory
522152249,Mouse,spiny,Ntsr1-Cre_GN220,6a,0.7209722425916802,0.7950511919835743,-0.6947081326485205,0.003836313439777171,0.1653290444774806,7.979203224182129,-0.027953417971730232,-0.03374966233968735,-0.02947860211133957,-0.021417051553726196,-0.007402901072055101,0.005747795570641756,0.018036535009741783,-0.4385533034801483,-0.817116379737854,-0.9012887477874756,-0.7983081936836243,-0.6411342024803162,-0.48747482895851135,-0.407351016998291,-0.35614559054374695,-0.2656347155570984,1.1245965957641602,229.09500122070312,329.6700134277344,0.1653290444774806,Excitatory (Mouse),Excitatory
483019067,Mouse,spiny,Cux2-CreERT2,4,0.7187647492072744,0.7640654535056474,-0.6774380781326153,0.005093928767370477,0.13160601318403067,7.820495128631592,-0.11503777652978897,-0.031850412487983704,0.027558770030736923,0.028011353686451912,-0.02113821543753147,-0.018994875252246857,-0.008002148009836674,-1.2995303869247437,-1.0623588562011719,-0.7802733778953552,-0.4886557161808014,-0.22324176132678986,-0.13637293875217438,-0.10947590321302414,-0.07389465719461441,-5.795644938189071e-06,1.2564724683761597,209.9532928466797,309.9224853515625,0.13160601318403067,Excitatory (Mouse),Excitatory
482511164,Mouse,aspiny,Htr3a-Cre_NO152,2/3,0.6756670922332342,0.7020365847427683,-0.7299106489617903,0.018460919671475097,0.08068157861255122,7.968085765838623,0.0064263613894581795,0.06780683994293213,0.08902251720428467,0.07597686350345612,0.03390354663133621,0.017901651561260223,-0.00944774504750967,-0.9743431806564331,-1.1847727298736572,-1.1415733098983765,-1.0599850416183472,-0.5928727388381958,-0.3111468255519867,-0.17068995535373688,-0.06210460886359215,0.03900991007685661,2.613203525543213,270.0009460449219,369.9075012207031,0.08068157861255122,Inhibitory (Mouse),Inhibitory
590932287,Mouse,aspiny,Htr3a-Cre_NO152|Pvalb-T2A-Dre,5,0.8843380982550816,0.8765787239264866,-0.6853964533892509,0.004393139530810429,0.2484280713784486,7.661175727844238,-0.24363654851913452,-0.09103436022996902,0.03198913484811783,0.09556026011705399,0.08833741396665573,0.04428183287382126,-0.006015200167894363,-0.766345202922821,-0.940172553062439,-0.8113440275192261,-0.43382972478866577,-0.19285233318805695,-0.09481524676084518,-0.10097303241491318,-0.13358977437019348,0.2108527570962906,1.4960817098617554,349.2470703125,509.4899597167969,0.2484280713784486,Inhibitory (Mouse),Inhibitory
584280397,Mouse,sparsely spiny,Oxtr-T2A-Cre,2/3,0.6135003883826023,0.7449872680354706,-0.40004984427885665,0.015471368202399931,0.15281397771116434,8.247517585754395,0.2670012414455414,0.2659563422203064,0.23830115795135498,0.20434097945690155,0.17942269146442413,0.16072210669517517,0.1547660380601883,0.5057235956192017,0.4682691693305969,0.3232755661010742,0.16004320979118347,-0.08567874133586884,-0.4369766116142273,-0.6322906613349915,-0.7243440747261047,-0.00010842137999134138,1.5226242542266846,59.947471618652344,149.85000610351562,0.15281397771116434,Other (Mouse),Sparsely Spiny
480643417,Mouse,spiny,Rorb-IRES2-Cre,2/3,0.7622402621886406,0.7283805372747385,-0.8094915676964607,0.012941413990400842,0.13999401525585345,8.015397071838379,0.01947776973247528,0.027703847736120224,0.039862290024757385,0.045726776123046875,0.02692340686917305,-0.0035831863060593605,-0.023330451920628548,-0.32939040660858154,-0.3187529742717743,-0.2837190330028534,-0.20371156930923462,-0.06198021024465561,0.011310781352221966,-0.0007809121743775904,-0.024647444486618042,3.010838554473594e-05,1.648337721824646,169.95071411132812,209.94747924804688,0.13999401525585345,Excitatory (Mouse),Excitatory
560965993,Mouse,aspiny,Nos1-CreERT2,4,0.7277100022736878,0.6998823794359375,-0.8182107549789233,0.017229139214199798,0.09464907153047744,7.826740741729736,-0.11607681959867477,0.020158961415290833,0.09981490671634674,0.11085354536771774,0.06157305836677551,0.03756176680326462,0.04232168197631836,-0.8459787368774414,-1.00307035446167,-0.7923936247825623,-0.7142508029937744,-0.5308846831321716,-0.40298837423324585,-0.4262496531009674,-0.4623335003852844,0.0035224512685090303,2.383260488510132,269.73956298828125,329.6700134277344,0.09464907153047744,Other (Mouse),Inhibitory
573622646,Mouse,aspiny,Nos1-CreERT2|Sst-IRES-FlpO,4,0.9279741869009939,0.9273356687866622,-0.7420519590628698,0.0071355545721805864,0.20161290322588837,7.666721343994141,-0.10837313532829285,0.0868978351354599,0.108798548579216,0.06505437195301056,0.010553743690252304,0.00833763275295496,0.01395242940634489,-1.1393141746520996,-0.7928587794303894,-0.26396653056144714,-0.15350718796253204,-0.1362006515264511,-0.14150623977184296,-0.1061963140964508,-0.06872233003377914,-0.005792542826384306,1.4865429401397705,229.8061065673828,309.69000244140625,0.20161290322588837,Other (Mouse),Inhibitory
486246801,Mouse,spiny,Rbp4-Cre_KL100,5,0.6778980103679717,0.8281397554267337,-0.7778120840940137,0.015196107631304304,0.10826775916055915,8.476911544799805,0.4184613823890686,0.31544825434684753,0.23231787979602814,0.12576709687709808,-0.00811949372291565,-0.03836357593536377,0.025729913264513016,-0.8819460272789001,-1.0727593898773193,-1.110181450843811,-0.8856954574584961,-0.6054800748825073,-0.5197514891624451,-0.5180110931396484,-0.5215265154838562,-3.103354799804947e-07,2.025320529937744,209.95675659179688,269.9324951171875,0.10826775916055915,Excitatory (Mouse),Excitatory
502614426,Mouse,spiny,Rorb-IRES2-Cre,4,0.7796739181764717,0.6903350562128758,-0.8271369083484633,0.045143450095770705,0.06486792242315342,7.98210334777832,0.05137072131037712,0.0803145319223404,0.07543878257274628,0.06464823335409164,0.04031413048505783,0.01090230606496334,-0.027294771745800972,-0.6413453817367554,-0.5718693733215332,-0.4546812176704407,-0.4527459442615509,-0.4309186339378357,-0.41136452555656433,-0.40769559144973755,-0.40257367491722107,-0.08551179617643356,3.220653772354126,190.05856323242188,229.77000427246094,0.06486792242315342,Excitatory (Mouse),Excitatory
563620254,Mouse,aspiny,Nkx2-1-CreERT2,2/3,0.9492124542657615,0.9391149427275468,-0.675732512855292,0.005176739339652187,0.19038263101180325,8.192456245422363,0.1908334344625473,0.19196221232414246,0.1801498979330063,0.15912072360515594,0.11471159011125565,0.03298429772257805,-0.09568774700164795,-1.1216533184051514,-0.9598186016082764,-0.8238226175308228,-0.6603049039840698,-0.4435509443283081,-0.14682476222515106,0.060713332146406174,0.1954849511384964,-0.40274807810783386,1.2661691904067993,209.4298095703125,309.69000244140625,0.19038263101180325,Other (Mouse),Inhibitory
579652000,Mouse,spiny,Vipr2-IRES2-Cre,6a,0.6603558944272278,0.5758705476344123,-0.7142840206310413,0.007235368895340343,0.18315018315018894,8.290410041809082,0.34377965331077576,0.33134979009628296,0.28669455647468567,0.23494501411914825,0.17349644005298615,0.13019539415836334,0.10855504125356674,0.4187963902950287,0.32325926423072815,0.08704575896263123,-0.2106560617685318,-0.49706992506980896,-0.9139809012413025,-1.120678186416626,-1.1798574924468994,1.1965772372946049e-08,1.2320340871810913,149.84963989257812,209.7899932861328,0.18315018315018894,Excitatory (Mouse),Excitatory
321923492,Mouse,spiny,Nr5a1-Cre,4,0.8340182729134101,0.8386303433891498,-0.6803815095928786,0.003569222300291609,0.3042835825618617,8.154850006103516,0.21623754501342773,0.21596303582191467,0.185822531580925,0.14300161600112915,0.08311701565980911,0.020237362012267113,-0.09048471599817276,-0.3533433973789215,-0.23588639497756958,-0.3045768737792969,-0.5137369632720947,-0.5928882956504822,-0.46624886989593506,-0.3445309102535248,-0.30764541029930115,0.047661032527685165,0.9445011615753174,170.05511474609375,249.93748474121094,0.3042835825618617,Excitatory (Mouse),Excitatory
588695976,Mouse,spiny,Tlx3-Cre_PL56,5,0.5178101032145553,0.5507655337294566,-0.4122547512918018,0.01016853228296648,0.14825023215985944,7.721365451812744,-0.04080311954021454,0.13972406089305878,0.22699375450611115,0.2539643943309784,0.2568471133708954,0.26311758160591125,0.2723499536514282,-0.59366774559021,0.06905176490545273,0.0421263612806797,0.051180727779865265,-0.04657437652349472,-0.2870608866214752,-0.5486713647842407,-0.7865807414054871,0.02797144278883934,1.3141239881515503,70.01400756835938,169.8300018310547,0.14825023215985944,Excitatory (Mouse),Excitatory
584632767,Mouse,aspiny,Scnn1a-Tg3-Cre,2/3,0.9143226680709408,0.8872723713378937,-0.6320300579338645,0.006367680877366945,0.15365486535843886,7.952978610992432,-0.01864389330148697,0.015233145095407963,0.03708754852414131,0.043188486248254776,0.03780774772167206,0.0319480337202549,0.028626561164855957,-0.8391439914703369,-1.148545503616333,-0.7820785045623779,-0.35876399278640747,-0.1780073046684265,-0.18352320790290833,-0.23338645696640015,-0.27357205748558044,0.3243613839149475,1.4488731622695923,208.46656799316406,329.6700134277344,0.15365486535843886,Other (Mouse),Inhibitory
508275137,Mouse,spiny,Ntsr1-Cre_GN220,6a,0.7259225611453323,0.8450387152291247,-0.7047279297138922,0.02542103820517601,0.07505526319029628,8.045116424560547,-0.03670423477888107,-0.06109204143285751,-0.003778033424168825,0.058039791882038116,0.0637422502040863,0.020861146971583366,-0.013997022062540054,-0.4609585702419281,-1.0449897050857544,-1.1056545972824097,-0.9805436134338379,-0.6967397332191467,-0.3457828164100647,-0.2311694324016571,-0.17537258565425873,0.08268558979034424,2.6185524463653564,190.09310913085938,269.7300109863281,0.07505526319029628,Excitatory (Mouse),Excitatory
569715141,Mouse,spiny,Rbp4-Cre_KL100,6a,0.6354669039493543,0.5385428576386373,-0.6853116610531124,0.014400826032424192,0.13410722140565823,7.925981044769287,0.15883958339691162,0.3093206584453583,0.3026132881641388,0.2557530105113983,0.21134406328201294,0.20327845215797424,0.2256479412317276,0.08676541596651077,-0.07394342869520187,-0.2916871905326843,-0.44527432322502136,-0.4776149392127991,-0.48436322808265686,-0.4819904863834381,-0.44284817576408386,0.05678822845220566,1.653306007385254,130.0822296142578,189.80999755859375,0.13410722140565823,Excitatory (Mouse),Excitatory
487664070,Mouse,spiny,Rbp4-Cre_KL100,5,0.6604830174997287,0.7434809571786705,-0.8276483811877631,0.04491830083071482,0.06502833414575403,7.588777542114258,-0.07654064148664474,0.2232179343700409,0.24110957980155945,0.18335355818271637,0.1466917246580124,0.11113355308771133,0.06722628325223923,-0.2872490882873535,-0.13969950377941132,0.13468360900878906,0.03785580396652222,-0.2853086292743683,-0.5276810526847839,-0.5305718183517456,-0.5160425901412964,0.11891871690750122,3.213818073272705,190.32568359375,229.9425048828125,0.06502833414575403,Excitatory (Mouse),Excitatory
508381644,Human,aspiny,,4,0.7224752544787348,0.7221824156337489,-0.4335161501299021,0.00769794011447384,0.1452570381392736,8.138041496276855,0.20912519097328186,0.22966352105140686,0.1845874786376953,0.1019778624176979,0.008617427200078964,-0.033094622194767,-0.021832037717103958,-0.691605269908905,-0.6799360513687134,-0.4625549912452698,-0.39819425344467163,-0.3470441401004791,-0.18149572610855103,-0.00017197709530591965,0.1414141207933426,0.0900096669793129,1.270807147026062,90.95545196533203,209.7899932861328,0.1452570381392736,Inhibitory (Human),Inhibitory
476178907,Mouse,spiny,Scnn1a-Tg3-Cre,2/3,0.6830117687012427,0.7942779741005199,-0.5240100621642115,0.004870841118588002,0.15612505116999142,8.095832824707031,0.08952372521162033,0.10133419930934906,0.10010327398777008,0.04836006090044975,-0.03254299610853195,-0.02980484627187252,-0.023131918162107468,-0.537171483039856,-0.5354041457176208,-0.48399797081947327,-0.3918624222278595,-0.32165318727493286,-0.3032534718513489,-0.27848318219184875,-0.24524003267288208,-0.01446974091231823,1.011247158050537,110.01480102539062,209.94747924804688,0.15612505116999142,Excitatory (Mouse),Excitatory
476457450,Mouse,spiny,Nr5a1-Cre,4,0.6558925515265507,0.6778794724554503,-0.9060200254906037,0.02488646188751786,0.10987737135969454,7.94860315322876,0.3423837721347809,0.4907119572162628,0.4738292694091797,0.4065384864807129,0.23726436495780945,0.052144501358270645,-0.0778854489326477,-0.1398068517446518,-0.1997925192117691,-0.13239453732967377,-0.027332359924912453,-0.16787558794021606,-0.35389748215675354,-0.5014163851737976,-0.6133396625518799,0.004877202678471804,2.2857930660247803,190.21664428710938,209.94747924804688,0.10987737135969454,Excitatory (Mouse),Excitatory
592816620,Mouse,sparsely spiny,Vip-IRES-Cre,6a,0.6600152653879465,0.7579788534767811,-0.2633405115898165,0.005866409127829009,0.22459353062826445,8.022183418273926,0.01798897422850132,0.01249298732727766,0.011212768033146858,0.012738484889268875,0.014774630777537823,0.012217007577419281,0.004249074961990118,-0.18528017401695251,-0.19487124681472778,-0.19600661098957062,-0.19777506589889526,-0.19848094880580902,-0.19544056057929993,-0.19191808998584747,-0.18985722959041595,-0.014458516612648964,1.0552265644073486,49.98487091064453,189.80999755859375,0.22459353062826445,Inhibitory (Mouse),Sparsely Spiny
571525618,Human,aspiny,,3,0.7565420738042662,0.8479366761484974,-0.4368608504536807,0.025257462808014903,0.09756781011587123,8.01028060913086,0.1303984671831131,0.14160919189453125,0.06733060628175735,0.02235410362482071,0.0014517820673063397,-0.007650666870176792,-0.002034416189417243,-0.6147705316543579,-0.20669354498386383,-0.043506257236003876,-0.2187361717224121,-0.24959799647331238,-0.12067592889070511,-0.03330123797059059,0.032115187495946884,0.21343107521533966,2.3019042015075684,91.69458770751953,209.7899932861328,0.09756781011587123,Inhibitory (Human),Inhibitory
583141894,Mouse,sparsely spiny,Chat-IRES-Cre-neo,2/3,0.7382791621772564,0.6672215718848247,-0.24093091185774407,0.013028403226277168,0.1374768866984229,7.986296653747559,-0.002152402652427554,0.0008711873088032007,-0.00032726029166951776,-0.0003992319689132273,0.007571209687739611,0.01397056132555008,0.016833269968628883,0.02245209366083145,0.011559710837900639,-0.008204765617847443,-0.03143343701958656,-0.05722649022936821,-0.05380130931735039,-0.03756003454327583,-0.028176413848996162,-0.00865232851356268,1.5725524425506592,45.731170654296875,189.80999755859375,0.1374768866984229,Other (Mouse),Sparsely Spiny
473909767,Mouse,aspiny,Htr3a-Cre_NO152,4,0.7823557683329276,0.6957641163916211,-0.6299105030556581,0.008048716827739022,0.18980797601586627,8.429451942443848,0.4251748025417328,0.3143422603607178,0.17670853435993195,0.07887965440750122,0.008293409831821918,-0.011707410216331482,0.031903889030218124,-0.38593316078186035,-0.7727891206741333,-0.7286188006401062,-0.5694231986999512,-0.591930091381073,-0.6178691387176514,-0.603613555431366,-0.5736368894577026,-0.026707850396633148,1.4739776849746704,170.03402709960938,269.9324951171875,0.18980797601586627,Inhibitory (Mouse),Inhibitory
581020172,Mouse,aspiny,Nkx2-1-CreERT2,2/3,0.8024792231537704,0.8038540020754947,-0.9584551979363521,0.020742336727243224,0.25985581120747864,8.077720642089844,0.11770007014274597,0.14645999670028687,0.16334041953086853,0.17340992391109467,0.14728306233882904,0.08566254377365112,-0.00806234497576952,-0.37704339623451233,-0.524591326713562,-0.46573010087013245,-0.5797697901725769,-0.21953175961971283,-0.12021204084157944,-0.1394805759191513,-0.19722677767276764,-0.03358545899391174,3.120760917663574,450.0245666503906,469.52996826171875,0.25985581120747864,Other (Mouse),Inhibitory
569723405,Mouse,aspiny,Pvalb-IRES-Cre,6a,0.9771675872300645,0.9483608020727252,-0.7021617884730652,0.005221686822139582,0.3207760213509313,7.847526550292969,-0.07173167914152145,0.03316130489110947,0.10287898033857346,0.1165793314576149,0.06170020252466202,0.012573730200529099,-0.00016867826343514025,-0.4189848005771637,-0.6145928502082825,-0.42110055685043335,-0.16011415421962738,-0.044932059943675995,-0.04277804493904114,-0.04126260429620743,-0.021313579753041267,-0.005735843442380428,1.565802812576294,329.68603515625,469.52996826171875,0.3207760213509313,Inhibitory (Mouse),Inhibitory
475892238,Mouse,aspiny,Pvalb-IRES-Cre,2/3,0.9181149368845959,0.9481563085262386,-0.7932574072148005,0.0054056501279361275,0.1754324409669957,8.175213813781738,0.226798877120018,0.24854329228401184,0.19219830632209778,0.10048744082450867,0.0241674967110157,0.004958055447787046,-0.02084250934422016,-1.174781322479248,-0.8737887740135193,-0.5954837799072266,-0.5431245565414429,-0.41285601258277893,-0.2055903822183609,-0.045646216720342636,0.05449424684047699,0.09186861664056778,1.4517838954925537,309.3014831542969,389.9024963378906,0.1754324409669957,Inhibitory (Mouse),Inhibitory
507996688,Mouse,spiny,Rbp4-Cre_KL100,5,0.6327116268907497,0.5918997662837266,-0.9161965535978887,0.13879308041205704,0.04390271229200861,8.067139625549316,0.06927797198295593,0.06860772520303726,0.0668826475739479,0.06008196994662285,0.0390097051858902,0.020121704787015915,0.007492159493267536,-0.18202932178974152,-0.20101051032543182,-0.2372373640537262,-0.2684783935546875,-0.20608991384506226,-0.13631360232830048,-0.1311425268650055,-0.13863784074783325,-0.12430490553379059,5.6471662521362305,210.52993774414062,229.77000427246094,0.04390271229200861,Excitatory (Mouse),Excitatory
504613416,Mouse,spiny,Rorb-IRES2-Cre,6a,0.5304893320914245,0.5091254375946568,-0.8723447014401428,0.013222498819594091,0.11235210250108754,7.9173808097839355,-0.08400213718414307,-0.02654474787414074,0.02812803164124489,0.06835319846868515,0.05371740460395813,0.023288026452064514,0.050060782581567764,-0.8284903168678284,-1.2197272777557373,-0.9995146989822388,-0.7463735938072205,-0.552868127822876,-0.45101335644721985,-0.48318538069725037,-0.5146968364715576,-1.8232283238717173e-08,2.4916579723358154,409.59197998046875,469.52996826171875,0.11235210250108754,Excitatory (Mouse),Excitatory
596609577,Mouse,aspiny,Slc32a1-T2A-FlpO|Vipr2-IRES2-Cre,5,0.9587728486369818,0.965346121107146,-0.5929697015041607,0.005464229381555853,0.24140361719174025,8.006237983703613,0.009142264723777771,0.011471634730696678,0.01256035827100277,0.012350006960332394,0.011149841360747814,0.006664098706096411,-0.004704773426055908,-0.1056852787733078,-0.1032310202717781,-0.1012357771396637,-0.1308969110250473,-0.06857380270957947,-0.03496157005429268,-0.02509082481265068,-0.027288787066936493,-0.3112832009792328,1.4211766719818115,219.2762908935547,369.6300048828125,0.24140361719174025,Other (Mouse),Inhibitory
487352877,Mouse,aspiny,Cux2-CreERT2,4,0.9750666584110836,0.9567661951217977,-0.6787484506814448,0.00468894192758334,0.3878914260866915,8.11953353881836,0.11448412388563156,0.10824242979288101,0.09913679212331772,0.0897112786769867,0.07943674921989441,0.034616898745298386,-0.07181497663259506,-0.4470161497592926,-0.3997649550437927,-0.32994544506073,-0.27353909611701965,-0.20128479599952698,-0.06797783821821213,0.03693487495183945,0.10033777356147766,0.16647420823574066,1.4843354225158691,318.959716796875,469.8824768066406,0.3878914260866915,Other (Mouse),Inhibitory
562539062,Mouse,aspiny,Vip-IRES-Cre,2/3,0.7973234670523713,0.7957085621838959,-0.33356089998778193,0.006674734943461534,0.25214576042118014,8.205546379089355,0.3140454888343811,0.2923888862133026,0.20937855541706085,0.1369619518518448,0.011265488341450691,-0.06952206790447235,0.03411966562271118,-0.4120936989784241,-0.6651998162269592,-0.70470130443573,-0.6430137753486633,-0.46430784463882446,-0.23701561987400055,-0.07851184904575348,0.0991433635354042,0.01698160171508789,1.1833395957946777,69.97802734375,209.7899932861328,0.25214576042118014,Inhibitory (Mouse),Inhibitory
500894271,Mouse,spiny,Rorb-IRES2-Cre,4,0.783876306431771,0.8105711874947882,-0.7932898219571247,0.024835312551622444,0.07875791832111143,8.07465648651123,0.1299658566713333,0.167010098695755,0.1343708634376526,0.07544805109500885,0.02666250243782997,0.007633912842720747,0.00788052286952734,-0.8514105677604675,-0.8532258868217468,-0.73333340883255,-0.6544162034988403,-0.533379852771759,-0.2877429127693176,-0.1691754311323166,-0.11292412877082825,-0.029530975967645645,2.682356834411621,229.82485961914062,289.7099914550781,0.07875791832111143,Excitatory (Mouse),Excitatory
527944264,Human,aspiny,,2,0.8451931323374223,0.837136603865538,-0.7577715146702715,0.016436771631180125,0.08856120455991065,7.988304138183594,-0.010758031159639359,-0.0018729326548054814,0.007956808432936668,0.018670937046408653,0.02243253029882908,0.013019455596804619,-0.00355817680247128,-0.28913170099258423,-0.2607972323894501,-0.2051665335893631,-0.12624497711658478,-0.032542284578084946,-0.013526501134037971,-0.033981047570705414,-0.05231671780347824,0.03470886871218681,2.327812433242798,249.8157501220703,329.6700134277344,0.08856120455991065,Inhibitory (Human),Inhibitory
530737765,Mouse,aspiny,Nos1-CreERT2,5,0.651056941023296,0.7137156149537498,-0.6924365773842456,0.010510106873958633,0.16788850323034135,8.246915817260742,0.3036474287509918,0.36586102843284607,0.3943736255168915,0.4051154553890228,0.38000166416168213,0.3466900587081909,0.32210227847099304,-0.7410114407539368,-0.31502053141593933,-0.054175470024347305,-0.009920112788677216,-0.12617367506027222,-0.38574108481407166,-0.6421993970870972,-0.8378638029098511,-2.150374712073244e-05,1.1683096885681152,89.9267349243164,129.8699951171875,0.16788850323034135,Other (Mouse),Inhibitory
572295788,Mouse,aspiny,Pvalb-IRES-Cre,6a,0.9408828621111199,0.8884866272267455,-0.768941760931083,0.004956153729881076,0.33557046979855965,7.760880470275879,-0.16180899739265442,-0.018722405657172203,0.06093356013298035,0.02745968848466873,-0.03620179742574692,-0.006254773586988449,0.051190219819545746,-0.48207995295524597,-0.9305486679077148,-0.3021866977214813,0.2530626058578491,0.32937902212142944,0.026425907388329506,-0.13161258399486542,-0.19562973082065582,0.2181631624698639,1.737881064414978,468.6330261230469,609.3900146484375,0.33557046979855965,Inhibitory (Mouse),Inhibitory
585951863,Mouse,aspiny,Slc32a1-T2A-FlpO|Vipr2-IRES2-Cre,2/3,0.9234294951035301,0.9337770437343813,-0.35325007071611975,0.0059761931424729825,0.20136833813126817,8.487593650817871,0.31771421432495117,0.09897738695144653,-0.038854729384183884,-0.08029532432556152,-0.025433437898755074,-0.0005858144722878933,0.01673712581396103,0.03333275020122528,0.07821966707706451,-0.05690115690231323,-0.09389226883649826,-0.04151564836502075,0.02603233978152275,0.00812661461532116,-0.027347838506102562,-0.04459158331155777,1.1718147993087769,81.16825866699219,229.77000427246094,0.20136833813126817,Other (Mouse),Inhibitory
596052605,Human,spiny,,6,0.5726182092364277,0.6611612002660687,-0.9073800515689993,0.07110901233308616,0.05652817301962465,7.86773157119751,0.1176765114068985,0.21216484904289246,0.17493890225887299,0.12957267463207245,0.11130733788013458,0.11417580395936966,0.0889086127281189,0.06136123090982437,-0.11996935307979584,-0.07806691527366638,-0.21169251203536987,-0.5544567704200745,-0.9203068614006042,-0.9349850416183472,-0.9116621613502502,0.12382683902978897,3.862377405166626,190.3745880126953,209.7899932861328,0.05652817301962465,Excitatory (Human),Excitatory
489753228,Mouse,spiny,Nr5a1-Cre,4,0.8098461220635489,0.7467594169171399,-0.818159390983242,0.006990133004602044,0.18877862119869415,8.06523323059082,0.07150308042764664,0.07782510668039322,0.06871628016233444,0.04030951112508774,-0.00789615698158741,-0.02683071233332157,-0.032182373106479645,-0.7678717970848083,-0.6650633215904236,-0.7810728549957275,-0.46683743596076965,-0.28016626834869385,-0.26498985290527344,-0.2744888961315155,-0.27256906032562256,8.709426544762158e-15,1.5186070203781128,269.92510986328125,329.9175109863281,0.18877862119869415,Excitatory (Mouse),Excitatory
592472734,Human,spiny,,4,0.5114049596254479,0.541262665918614,-0.41754683250725866,0.0072128845417411755,0.22397740874263833,8.066204071044922,0.07944908738136292,0.0849134624004364,0.0859566181898117,0.08750028163194656,0.09038928896188736,0.08667489886283875,0.08238665014505386,-0.09004439413547516,-0.10010530799627304,-0.1040048748254776,-0.08184011280536652,-0.08007501810789108,-0.09076758474111557,-0.10670565068721771,-0.11900904029607773,-0.043938398361206055,1.106781005859375,70.91390991210938,169.8300018310547,0.22397740874263833,Excitatory (Human),Excitatory
579660456,Mouse,aspiny,Vipr2-IRES2-Cre,6b,0.9188252467849349,0.8993789402465513,-0.5556259490858386,0.006272660802044693,0.24816248091007873,8.053949356079102,0.18373742699623108,0.2454044073820114,0.23163746297359467,0.1635626256465912,0.05500365048646927,0.022445227950811386,-0.009278803132474422,-0.43449917435646057,-0.09772048145532608,-0.1057400181889534,-0.15846629440784454,-0.18199780583381653,-0.16023026406764984,-0.10029098391532898,-0.08346793055534363,-0.008424953557550907,1.300740122795105,149.8690643310547,269.7300109863281,0.24816248091007873,Other (Mouse),Inhibitory
564349611,Mouse,aspiny,Ndnf-IRES2-dgCre,1,0.7885685215890541,0.8045820861578477,-0.5972740014999129,0.031158739023401712,0.0710049760287203,7.575618267059326,-0.1992027461528778,0.1195250079035759,0.1936168521642685,0.14034287631511688,0.06668907403945923,0.030660688877105713,0.048697590827941895,-0.05325866863131523,-0.7881455421447754,-0.495327353477478,-0.22988305985927582,-0.18968507647514343,-0.23630794882774353,-0.26162731647491455,-0.25672945380210876,1.480043891888272e-07,2.5567150115966797,125.30210876464844,209.7899932861328,0.0710049760287203,Inhibitory (Mouse),Inhibitory
584215214,Mouse,aspiny,Oxtr-T2A-Cre,5,0.9554293635273162,0.922372110635372,-0.6520444401478335,0.011362841378488524,0.14005602240896942,7.831446647644043,-0.06776169687509537,0.056419555097818375,0.12797962129116058,0.15123914182186127,0.11660315096378326,0.05621815472841263,-0.028008202090859413,-0.7195245623588562,-0.5253186821937561,-0.2681598365306854,-0.21413424611091614,-0.19412373006343842,-0.14905484020709991,-0.09238748252391815,-0.03815886750817299,0.4728381633758545,1.8143672943115234,189.1273651123047,289.7099914550781,0.14005602240896942,Other (Mouse),Inhibitory
503286448,Mouse,spiny,Ntsr1-Cre_GN220,6a,0.8109376304033996,0.8109877614915496,-0.7856871089530398,0.0038213276745760975,0.16580756241660893,8.117050170898438,0.13248538970947266,0.0956730768084526,0.05045027285814285,0.030770551413297653,0.014322344213724136,0.0028709436301141977,0.007287621032446623,-1.7129883766174316,-1.3273667097091675,-1.049033761024475,-0.8500123023986816,-0.6039779186248779,-0.34226393699645996,-0.24131113290786743,-0.1937674880027771,-0.26559141278266907,1.339487910270691,368.97418212890625,469.52996826171875,0.16580756241660893,Excitatory (Mouse),Excitatory
507914933,Mouse,spiny,Ntsr1-Cre_GN220,6a,0.7596755297548683,0.7824182184725875,-0.5200118037967046,0.003936295193864409,0.16856964943914693,8.151281356811523,0.10815992206335068,0.09941516816616058,0.05947019159793854,0.039995018392801285,0.042363036423921585,0.020398369058966637,-0.03379669412970543,-1.670400619506836,-1.6595673561096191,-1.3289448022842407,-1.0088475942611694,-0.6334083080291748,-0.21451058983802795,-0.005883342120796442,0.10680115967988968,1.8588495898915836e-15,0.9915087819099426,129.87294006347656,249.74998474121094,0.16856964943914693,Excitatory (Mouse),Excitatory
489753277,Mouse,spiny,Nr5a1-Cre,2/3,0.6564706173876247,0.663888577178904,-0.6482686940712974,0.021154025265257018,0.1216138227243819,7.906492710113525,-0.03223691135644913,0.026999901980161667,0.07285542041063309,0.09752634167671204,0.04150022193789482,-0.006023748777806759,-0.021251877769827843,-0.3010391294956207,-0.2381601482629776,-0.1955638825893402,-0.16401779651641846,-0.10534156858921051,-0.07326050102710724,-0.09324341267347336,-0.11456873267889023,-0.06699138134717941,1.8961237668991089,110.1826171875,169.95750427246094,0.1216138227243819,Excitatory (Mouse),Excitatory
485837504,Mouse,spiny,Rorb-IRES2-Cre,5,0.6249533850806094,0.599169501160089,-0.8980455763530255,0.016665446774394684,0.15885623510723462,8.245283126831055,0.34588027000427246,0.38244447112083435,0.3818191587924957,0.3784106373786926,0.2528872489929199,0.044775329530239105,-0.04405525326728821,0.39498481154441833,0.40752747654914856,-0.006250742357224226,-0.2981809973716736,-0.31159067153930664,-0.3941890001296997,-0.7162581086158752,-0.9463112950325012,0.05576319620013237,1.779225468635559,170.589111328125,189.95249938964844,0.15885623510723462,Excitatory (Mouse),Excitatory
571427524,Human,aspiny,,4,0.5889042007141893,0.5504446498023672,-0.47527611479682397,0.050348515896270374,0.06140519148963366,7.5110087394714355,-0.08809952437877655,0.1812155395746231,0.3068288564682007,0.3617299795150757,0.27146896719932556,0.14027173817157745,0.007803472690284252,-1.01874577999115,0.17624081671237946,-0.2062663435935974,-0.5837090611457825,-0.43559765815734863,-0.2538726329803467,-0.2680847644805908,-0.36276212334632874,-0.00011782151705119759,3.091383457183838,90.212158203125,189.80999755859375,0.06140519148963366,Inhibitory (Human),Inhibitory
573680326,Mouse,spiny,Vipr2-IRES2-Cre,2/3,0.5400573708410408,0.6088290188770195,-0.7669788090060613,0.07353792817727607,0.05486661377525067,8.134393692016602,0.16458238661289215,0.18565084040164948,0.19122906029224396,0.1662970930337906,0.12019897997379303,0.09003639966249466,0.06017422676086426,0.10252811014652252,-0.21581926941871643,-0.22307349741458893,-0.06411775946617126,0.004546185024082661,-0.07571850717067719,-0.17619451880455017,-0.2582843601703644,0.12795352935791016,3.533970355987549,130.2723846435547,169.8300018310547,0.05486661377525067,Excitatory (Mouse),Excitatory
560753350,Mouse,aspiny,Nos1-CreERT2,2/3,0.6986770720007032,0.8243970454870502,-0.5791584116102098,0.014987005067486837,0.1073152514289028,8.388161659240723,0.436209112405777,0.3520335853099823,0.22986052930355072,0.14050474762916565,0.07212217897176743,0.03256618231534958,0.03084784932434559,0.6515113115310669,-0.1404729038476944,-0.5459318161010742,-0.7671259641647339,-0.8873274326324463,-0.7675753235816956,-0.6427637338638306,-0.5675301551818848,0.024489575996994972,1.6866189241409302,109.93065643310547,189.80999755859375,0.1073152514289028,Other (Mouse),Inhibitory
572410577,Mouse,aspiny,Nos1-CreERT2|Sst-IRES-FlpO,5,0.5757935296131692,0.5885575856641506,-0.41181308608039535,0.007328747908594152,0.16240673793074525,8.365631103515625,0.43741753697395325,0.4604857563972473,0.4166449308395386,0.33238500356674194,0.19509780406951904,0.10754039138555527,0.09402613341808319,-0.251269668340683,0.7908110022544861,0.7372215390205383,0.45602497458457947,0.08155681192874908,-0.7827053666114807,-1.2977025508880615,-1.4739216566085815,3.3045787972696417e-07,1.1156349182128906,69.93821716308594,169.8300018310547,0.16240673793074525,Other (Mouse),Inhibitory
568584929,Mouse,spiny,Esr2-IRES2-Cre,4,0.7613151786567424,0.7773271515648222,-0.886794861678841,0.018454950162523513,0.09100843903053436,8.009185791015625,0.008152018301188946,0.011357156559824944,0.012265104800462723,0.009929888881742954,0.01079185027629137,0.009496469050645828,-0.002912887604907155,-0.7627286314964294,-0.8844541907310486,-0.9459192752838135,-0.9498711824417114,-1.1004409790039062,-0.9246668815612793,-0.5868025422096252,-0.5143582820892334,0.0007531415903940797,3.1259145736694336,469.53125,529.469970703125,0.09100843903053436,Excitatory (Mouse),Excitatory
488418027,Human,aspiny,,3,0.8096602085174476,0.7904545609401256,-0.5214038019702434,0.009313118762954903,0.14322691382667405,8.055379867553711,0.05308854579925537,0.03563537821173668,0.026956122368574142,0.01412191241979599,-0.005029718857258558,-0.019178546965122223,-0.017877809703350067,-1.0150436162948608,-0.8794297575950623,-0.4484007954597473,-0.2473490685224533,-0.14925146102905273,-0.08318749815225601,-0.009619954973459244,0.0573384091258049,-0.05915098264813423,1.525679349899292,130.3218536376953,249.93748474121094,0.14322691382667405,Inhibitory (Human),Inhibitory
585018101,Mouse,spiny,Scnn1a-Tg3-Cre,5,0.8175944525692584,0.8343037645714497,-0.6522074640094926,0.015294144459048267,0.0917423112603778,7.987458229064941,0.0028016690630465746,0.02680538035929203,0.0372333824634552,0.02109287865459919,-0.01354366634041071,-0.018267326056957245,0.003263560589402914,-1.1226921081542969,-1.1361656188964844,-0.9326539635658264,-0.716906726360321,-0.6333041191101074,-0.6321297287940979,-0.6496722102165222,-0.6697857975959778,-4.1056046029552817e-07,1.8746027946472168,149.8577117919922,229.77000427246094,0.0917423112603778,Excitatory (Mouse),Excitatory
541551362,Human,spiny,,5,0.5375085579745041,0.6639835526901456,-0.826127705642392,0.013026508611867004,0.13932971261853364,8.441450119018555,0.4199158251285553,0.2972366213798523,0.18858075141906738,0.12468844652175903,0.08022863417863846,0.033486515283584595,0.026188623160123825,-0.8270975947380066,-1.1586612462997437,-0.753919243812561,-0.6563728451728821,-0.5816323161125183,-0.4759521484375,-0.4339178502559662,-0.37445369362831116,5.231612249190221e-06,1.7300580739974976,189.81936645507812,229.77000427246094,0.13932971261853364,Excitatory (Human),Excitatory
481127173,Mouse,aspiny,Pvalb-IRES-Cre,4,0.9682005960526205,0.9688484008294036,-0.5985093177250613,0.0022129787471732686,0.29646552320910396,7.9926066398620605,-0.006839399691671133,-0.007310144137591124,-0.007228730246424675,-0.006936282385140657,-0.006501141004264355,-0.006578200031071901,-0.0070861708372831345,-0.03142591938376427,-0.01172663178294897,-0.01000684592872858,-0.009642530232667923,-0.008428763598203659,-0.005775325931608677,-0.0047393785789608955,-0.00441417470574379,-0.2979068160057068,0.9977933168411255,269.3506164550781,449.88751220703125,0.29646552320910396,Inhibitory (Mouse),Inhibitory
481004298,Mouse,aspiny,Htr3a-Cre_NO152,2/3,0.7645610694955038,0.7943234050392936,-0.7722917861420279,0.005533168110415129,0.13831698657080715,7.975646018981934,-0.041388656944036484,0.005822605919092894,0.031789954751729965,0.03683118522167206,0.04093945026397705,0.033353470265865326,0.02794010564684868,-1.7992361783981323,-1.231587529182434,-0.6195372343063354,-0.41712790727615356,-0.3395090103149414,-0.2994895279407501,-0.31028151512145996,-0.35110172629356384,-0.2000141739845276,1.5777525901794434,347.48443603515625,449.88751220703125,0.13831698657080715,Inhibitory (Mouse),Inhibitory
476056333,Mouse,spiny,Scnn1a-Tg2-Cre,4,0.6091654647758771,0.6996061212305191,-0.9146810632178587,0.08076212573404054,0.054214249836069796,8.309879302978516,0.43591079115867615,0.4504224359989166,0.38195350766181946,0.307201087474823,0.18434230983257294,0.06313148885965347,-0.012605802156031132,-0.14635173976421356,-0.09451013803482056,-0.2964703440666199,-0.28145939111709595,-0.3174002766609192,-0.3386470079421997,-0.36349713802337646,-0.3908170163631439,0.08329950273036957,4.3093671798706055,210.33099365234375,229.9425048828125,0.054214249836069796,Excitatory (Mouse),Excitatory
488680211,Mouse,spiny,Rorb-IRES2-Cre,6a,0.7584894822259776,0.8006391121711459,-0.6207387853202876,0.006256974543917212,0.11553694640473978,8.133247375488281,0.10197177529335022,0.09446439892053604,0.061339110136032104,0.007557584438472986,-0.05023956671357155,-0.04167107865214348,0.0285541582852602,-2.0470311641693115,-1.699191927909851,-1.0011709928512573,-0.4332796335220337,-0.1283784657716751,-0.08919643610715866,-0.155202254652977,-0.20681694149971008,0.00040274622733704746,1.3468737602233887,179.96923828125,289.927490234375,0.11553694640473978,Excitatory (Mouse),Excitatory
558181151,Human,aspiny,,3,0.7537321092623702,0.7356947829938306,-0.4376616085324869,0.012393689648715601,0.09671086353129668,8.310680389404297,0.3852476477622986,0.4346567392349243,0.45869579911231995,0.4347973167896271,0.32892894744873047,0.23091918230056763,0.180922269821167,-0.4397965967655182,-1.0431556701660156,-0.774735152721405,-0.5533336400985718,-0.507831335067749,-0.6362296938896179,-0.7703971862792969,-0.8647462129592896,-0.15592478215694427,1.6130790710449219,91.91027069091797,209.94749450683594,0.09671086353129668,Inhibitory (Human),Inhibitory
479218494,Mouse,aspiny,Htr3a-Cre_NO152,2/3,0.752055913254458,0.7078100960564784,-0.9396391484373174,0.028815112549206722,0.09648923903763865,8.03240966796875,0.03779207915067673,0.05514054745435715,0.0743936076760292,0.08337204158306122,0.06590402126312256,0.036438725888729095,-0.003036829410120845,-0.8696913719177246,-1.0320656299591064,-1.0708903074264526,-0.6589345932006836,-0.2439035177230835,-0.15895536541938782,-0.14220872521400452,-0.12219525873661041,0.006277624983340502,3.0832791328430176,310.0034484863281,329.9175109863281,0.09648923903763865,Inhibitory (Mouse),Inhibitory
488467273,Mouse,spiny,Ntsr1-Cre_GN220,5,0.723225111540153,0.7596798472322754,-0.8269127467586905,0.036489052564580696,0.07085324811482452,8.131613731384277,0.1760532706975937,0.19053132832050323,0.19157293438911438,0.17430727183818817,0.08829976618289948,0.021020008251070976,0.00649139704182744,-0.10404687374830246,-0.03915393725037575,-0.08734184503555298,-0.13432848453521729,-0.09741301089525223,-0.25527501106262207,-0.4858521819114685,-0.6389154195785522,0.08606522530317307,2.896615982055664,190.14979553222656,229.9425048828125,0.07085324811482452,Excitatory (Mouse),Excitatory
517647182,Mouse,spiny,Scnn1a-Tg2-Cre,4,0.7224259376815153,0.8786891900241638,-0.7679832906922477,0.10604694667286703,0.04806361315328079,8.127898216247559,0.129719540476799,0.13017034530639648,0.11632043123245239,0.13634192943572998,0.13440892100334167,0.014393094927072525,-0.07698708772659302,-0.3943503499031067,-0.290986031293869,-0.32268229126930237,-0.4290502965450287,-0.42890480160713196,-0.23143993318080902,-0.19464601576328278,-0.21686571836471558,0.20740319788455963,4.243813514709473,130.46961975097656,169.8300018310547,0.04806361315328079,Excitatory (Mouse),Excitatory
576113488,Human,spiny,,3,0.5253171432662262,0.5706897549249729,-0.8260752425570986,0.0051212137951995,0.1717988716250129,8.160018920898438,0.18103864789009094,0.1525995284318924,0.12025982141494751,0.10671985894441605,0.09525727480649948,0.034903571009635925,-0.04557361826300621,0.10813932865858078,-0.06091047450900078,-0.3614020049571991,-0.598127007484436,-0.7622085809707642,-0.7738068103790283,-0.6171863079071045,-0.5405047535896301,-3.197619236061655e-08,1.5340803861618042,379.6146240234375,459.5400085449219,0.1717988716250129,Excitatory (Human),Excitatory
502647640,Mouse,spiny,Rorb-IRES2-Cre,5,0.7534406320686984,0.7888918548582909,-0.9266161765701084,0.04779967179881864,0.06744681953173547,8.230764389038086,0.1379109025001526,0.10139667242765427,0.10248292982578278,0.09570765495300293,0.05980402231216431,0.02644437924027443,0.022536005824804306,-0.7993668913841248,-0.9549610018730164,-0.7839937210083008,-0.5226328372955322,-0.3254361152648926,-0.2298765629529953,-0.19066983461380005,-0.14209480583667755,0.08741230517625809,3.5906832218170166,249.94383239746094,269.7300109863281,0.06744681953173547,Excitatory (Mouse),Excitatory
617745241,Mouse,aspiny,Nos1-CreERT2|Sst-IRES-FlpO,2/3,0.6977253339532223,0.7336750921388406,-0.5793619846612881,0.01160642928305204,0.12515469119832326,8.31882381439209,0.4698535203933716,0.44536900520324707,0.3489193022251129,0.2338874489068985,0.13515633344650269,0.05857675150036812,-0.007665108889341354,0.45638543367385864,0.2990546226501465,0.05166984722018242,-0.1884629726409912,-0.4169546067714691,-0.6480288505554199,-0.7841691970825195,-0.9027653932571411,0.03124520182609558,1.4842561483383179,109.96967315673828,189.80999755859375,0.12515469119832326,Other (Mouse),Inhibitory
596036453,Human,sparsely spiny,,1,0.6542773530046491,0.6795537311433941,-0.36944569594464055,0.03511604280910997,0.060713409272856185,8.00165843963623,0.002225192729383707,0.002456653630360961,0.002933832351118326,0.003942844457924366,0.006315457634627819,0.00859459862112999,0.008558741770684719,-0.05649985373020172,-0.10944575816392899,-0.14509429037570953,-0.16181567311286926,-0.17269955575466156,-0.18111245334148407,-0.1842276155948639,-0.186503067612648,-0.06028081849217415,2.5817389488220215,70.12812042236328,189.80999755859375,0.060713409272856185,Other (Human),Sparsely Spiny
570010469,Mouse,aspiny,Chrna2-Cre_OE25,5,0.7311540977254393,0.733378694784492,-0.8262381148627267,0.024962989734397617,0.08637831282424253,8.251852035522461,0.323900431394577,0.2879398465156555,0.22008609771728516,0.18812157213687897,0.16373224556446075,0.08802931010723114,0.028141213580965996,0.3425869047641754,0.2241797000169754,-0.050459712743759155,-0.323749840259552,-0.5002016425132751,-0.557315468788147,-0.6541586518287659,-0.7419968247413635,-0.01970048062503338,2.394941806793213,189.84512329101562,229.77000427246094,0.08637831282424253,Other (Mouse),Inhibitory
529877874,Human,spiny,,5,0.6700487817353488,0.6718412019448117,-0.789468018779933,0.012645249572385914,0.1428058143672933,7.925441265106201,0.1603337526321411,0.279561311006546,0.2873075306415558,0.2799859941005707,0.24377328157424927,0.1593407243490219,0.09665003418922424,0.5624324083328247,0.5841013193130493,0.3984326422214508,0.0038338955491781235,-0.364666223526001,-0.5801402926445007,-0.6920865178108215,-0.7462597489356995,0.0001108389042201452,1.5492562055587769,149.8489227294922,189.80999755859375,0.1428058143672933,Excitatory (Human),Excitatory
349621141,Mouse,spiny,Scnn1a-Tg2-Cre,4,0.6660363156229512,0.716187512761399,-0.9244678738982892,0.008865687134349676,0.29830087819779166,8.135369300842285,0.15170033276081085,0.16277222335338593,0.13866937160491943,0.08897306025028229,0.024326520040631294,-0.008731316775083542,-0.02265794388949871,-0.6269711852073669,-0.38113516569137573,-0.24108606576919556,-0.2043159157037735,-0.19759680330753326,-0.19902032613754272,-0.20748481154441833,-0.21675214171409607,0.04312806576490402,1.4885790348052979,231.06103515625,249.93748474121094,0.29830087819779166,Excitatory (Mouse),Excitatory
396274594,Mouse,aspiny,Pvalb-IRES-Cre,5,0.9860375232609746,1.0106848714953764,-0.6161414502045467,0.00542231518943341,0.31899427485022286,7.991690635681152,-0.016913259401917458,-0.0145162558183074,-0.00410826038569212,0.00912452768534422,0.02133820578455925,0.015089406631886959,-0.0036779851652681828,-0.37187838554382324,-0.28430166840553284,-0.1917482316493988,-0.09690644592046738,-0.027992194518446922,0.007456628605723381,0.009266887791454792,-0.00014423951506614685,0.0345371775329113,1.4540200233459473,240.2362823486328,389.9024963378906,0.31899427485022286,Inhibitory (Mouse),Inhibitory
481127348,Mouse,aspiny,Pvalb-IRES-Cre,4,0.951804680427781,0.949933197863203,-0.5931813802923834,0.003002934477156254,0.3297014520383329,8.011466979980469,-0.005210026167333126,0.013288486748933792,0.026700643822550774,0.038049593567848206,0.059266407042741776,0.03621940314769745,-0.06299342215061188,-1.2822456359863281,-0.7064248323440552,-0.3553618788719177,-0.30449411273002625,-0.27742817997932434,-0.1275113970041275,0.02018551342189312,0.11817437410354614,0.2646736800670624,1.0539487600326538,219.49229431152344,369.9075012207031,0.3297014520383329,Inhibitory (Mouse),Inhibitory
562965437,Mouse,spiny,Ctgf-T2A-dgCre,6a,0.7620742085277815,0.7561355378343195,-0.7610116076138446,0.04090384599033133,0.06582108512640773,8.254536628723145,0.05582974851131439,-0.030012594535946846,0.015786681324243546,0.0685398131608963,0.06508248299360275,0.036207642406225204,0.03986896947026253,-0.21351374685764313,-0.4324772357940674,-0.7034834623336792,-0.7376559972763062,-0.6263037919998169,-0.48159119486808777,-0.4118185043334961,-0.39990234375,0.09655599296092987,3.1962063312530518,190.07196044921875,249.74998474121094,0.06582108512640773,Excitatory (Mouse),Excitatory
525011903,Human,spiny,,3,0.6152853771781897,0.5925131246171986,-0.9175931830207048,0.016226290671620944,0.1677062216324939,7.651386260986328,-0.043581463396549225,0.11592435091733932,0.17816956341266632,0.20306147634983063,0.16222721338272095,0.10956358909606934,0.06306760758161545,0.0707925409078598,-0.013470721431076527,-0.08542951941490173,-0.17250895500183105,-0.29280415177345276,-0.41972067952156067,-0.5499555468559265,-0.6870583891868591,0.015580153092741966,1.9308844804763794,210.83563232421875,229.77000427246094,0.1677062216324939,Excitatory (Human),Excitatory
571435969,Human,aspiny,,2,0.6568128222171288,0.5565936500196466,-0.532810387195443,0.03681253518709866,0.06502912914811039,8.398734092712402,0.5150595903396606,0.5084981322288513,0.45796501636505127,0.3595111072063446,0.1772807091474533,0.03399871289730072,-0.05572675168514252,0.6643886566162109,0.7193495631217957,0.5480630397796631,0.35029569268226624,0.012587827630341053,-0.6423340439796448,-0.9346746206283569,-0.9728792309761047,0.14652757346630096,2.5003745555877686,90.50865936279297,169.8300018310547,0.06502912914811039,Inhibitory (Human),Inhibitory
325471170,Mouse,spiny,Scnn1a-Tg2-Cre,4,0.6963073947950066,0.783720115393966,-0.7723548948119089,0.052945237375840955,0.06049217400646487,8.11616039276123,0.09732124209403992,0.10541203618049622,0.09394708275794983,0.03979802131652832,-0.015002547763288021,-0.014439243823289871,0.01008254662156105,-1.408013939857483,-0.8444862961769104,-0.2988036274909973,-0.2435210645198822,-0.31829243898391724,-0.23389630019664764,-0.15412384271621704,-0.10802780091762543,-0.1245749443769455,4.3042073249816895,270.27215576171875,349.9125061035156,0.06049217400646487,Excitatory (Mouse),Excitatory
579611597,Mouse,aspiny,Ndnf-IRES2-dgCre,2/3,0.7797229206843723,0.7244003348001162,-0.8461445913365511,0.010618571176777435,0.13240568147482518,7.683913230895996,-0.2073536068201065,0.04227370396256447,0.156700000166893,0.15319593250751495,0.055972110480070114,0.011575775220990181,0.020504456013441086,-1.3460066318511963,-1.4509961605072021,-1.1648297309875488,-0.623638927936554,-0.30428630113601685,-0.21609501540660858,-0.2183142453432083,-0.21038496494293213,-4.281821119889173e-09,2.0339865684509277,329.6663818359375,389.6099853515625,0.13240568147482518,Inhibitory (Mouse),Inhibitory
579414994,Mouse,aspiny,Pvalb-IRES-Cre,4,0.9204540401467731,0.9419617439304084,-0.6271002249333237,0.006093487861453825,0.2753243320630901,7.732795238494873,-0.12819136679172516,0.014854014851152897,0.08596616238355637,0.10207003355026245,0.07033413648605347,0.024214087054133415,-0.034604623913764954,-0.6583844423294067,-0.5910447239875793,-0.3336920440196991,-0.17713920772075653,-0.09504806250333786,-0.048360928893089294,-0.008849113248288631,0.018618144094944,0.28880736231803894,1.6178935766220093,269.46685791015625,429.57000732421875,0.2753243320630901,Inhibitory (Mouse),Inhibitory
590556126,Mouse,spiny,Vipr2-IRES2-Cre,6a,0.7005112267873741,0.7674743186186738,-0.761599773162939,0.03993012592731705,0.06635312602847213,7.979755401611328,0.013122910633683205,0.04390989989042282,0.06285421550273895,0.06814595311880112,0.052173078060150146,0.03790859878063202,0.02996072545647621,0.1371159851551056,-0.24490714073181152,-0.3884485065937042,-0.42060181498527527,-0.5704706311225891,-0.32541459798812866,-0.30261099338531494,-0.2967590391635895,-0.127365842461586,3.1579341888427734,190.2257537841797,249.74998474121094,0.06635312602847213,Excitatory (Mouse),Excitatory
486132712,Mouse,spiny,Rbp4-Cre_KL100,4,0.7134895422776975,0.6916365124415859,-0.9174453919461033,0.01187394118992016,0.22512473035683345,7.957810878753662,0.10744375735521317,0.1008935198187828,0.0717022642493248,0.0651475265622139,0.06430763006210327,0.06416376680135727,0.05470013618469238,-0.3921282887458801,-0.5363833904266357,-0.423697292804718,-0.29729774594306946,-0.21323604881763458,-0.20595264434814453,-0.21414342522621155,-0.23941396176815033,-0.021628325805068016,1.6523691415786743,210.9601593017578,229.9425048828125,0.22512473035683345,Excitatory (Mouse),Excitatory
504605677,Mouse,aspiny,Sst-IRES-Cre,5,0.7393755159332609,0.7559800751573731,-0.5652993647701303,0.010407418622256201,0.15029819161215877,8.326173782348633,0.3660246431827545,0.34023723006248474,0.2524823248386383,0.2037154883146286,0.15062464773654938,0.0467328205704689,0.009942499920725822,0.5033982396125793,0.1879868358373642,-0.4169199764728546,-0.8635172843933105,-1.2808465957641602,-1.3734108209609985,-0.9615266919136047,-0.7184898853302002,-0.010443885810673237,1.546386957168579,129.88894653320312,229.77000427246094,0.15029819161215877,Inhibitory (Mouse),Inhibitory
483027960,Mouse,spiny,Nr5a1-Cre,2/3,0.7393325091397938,0.7792406366900824,-0.5652305423833545,0.005166093126650394,0.14829399254362619,8.025479316711426,0.02634764462709427,0.025643398985266685,0.024668386206030846,0.022787747904658318,0.02004033885896206,0.018782150000333786,0.018065979704260826,-0.13147029280662537,-0.16100527346134186,-0.16427205502986908,-0.1572718620300293,-0.16162540018558502,-0.18252457678318024,-0.19647563993930817,-0.20564869046211243,0.0029200036078691483,1.0899102687835693,129.9705352783203,229.9425048828125,0.14829399254362619,Excitatory (Mouse),Excitatory
490916882,Mouse,spiny,Rbp4-Cre_KL100,5,0.6465047681374997,0.7490375055381491,-0.7391147409085718,0.006497571361900341,0.26589033778442867,7.989697456359863,0.08151975274085999,0.16214288771152496,0.2389904409646988,0.2576412260532379,0.1511981338262558,0.05591752752661705,0.04329736530780792,0.3761425316333771,-0.36657512187957764,-0.8234255313873291,-0.6253588199615479,-0.35252895951271057,-0.3041955232620239,-0.3192598521709442,-0.26809877157211304,-0.0028771364595741034,1.2223206758499146,169.9539031982422,229.9425048828125,0.26589033778442867,Excitatory (Mouse),Excitatory
487664663,Mouse,spiny,Rbp4-Cre_KL100,5,0.5871774565687087,0.6619565877114834,-0.8990053451252742,0.01499923752035962,0.177751470560137,7.971706867218018,0.134385347366333,0.16457881033420563,0.2074064016342163,0.28062793612480164,0.17459943890571594,0.07801111787557602,0.042621415108442307,1.3739898204803467,0.8887751698493958,-0.2461424022912979,-0.5023862719535828,-0.39198893308639526,-0.4681146740913391,-0.507635772228241,-0.4369747042655945,0.03682808578014374,1.6879403591156006,170.76966857910156,189.95249938964844,0.177751470560137,Excitatory (Mouse),Excitatory
559221786,Mouse,spiny,Ntsr1-Cre_GN220,6a,0.8024020855301325,0.8177579550187861,-0.7143224239908065,0.009476252382223622,0.14517665094891277,8.344767570495605,0.3167683482170105,0.2537139058113098,0.16410093009471893,0.06223244220018387,-0.0014726502122357488,0.008579099550843239,0.04810474440455437,-0.4998845160007477,-0.5668715834617615,-0.3614015281200409,-0.3140679895877838,-0.3379194438457489,-0.2731858789920807,-0.19737599790096283,-0.14454525709152222,-6.140517143649049e-06,1.4099726676940918,149.85769653320312,209.7899932861328,0.14517665094891277,Excitatory (Mouse),Excitatory
555781149,Mouse,aspiny,Ndnf-IRES2-dgCre,1,0.8490163962505507,0.8347162633842822,-0.6433197869370054,0.013476331567257785,0.09587194575948693,8.097516059875488,0.0958438366651535,0.09480150789022446,0.09426785260438919,0.08863626420497894,0.07052911072969437,0.05486438795924187,0.046329084783792496,-0.22563588619232178,-0.2119743525981903,-0.20405836403369904,-0.17372509837150574,-0.11939423531293869,-0.10372710227966309,-0.11585952341556549,-0.1299898475408554,-8.909298685466638e-07,1.4210659265518188,96.40147399902344,149.85000610351562,0.09587194575948693,Inhibitory (Mouse),Inhibitory
561515555,Mouse,aspiny,Nkx2-1-CreERT2,2/3,0.9155954776652964,0.8638392620297999,-0.7574726368097692,0.007907938987227971,0.1416136535954608,8.163622856140137,0.17936445772647858,0.17806018888950348,0.15754611790180206,0.09903151541948318,0.011439939960837364,-0.0016522913938388228,0.02047318033874035,-0.1192353218793869,-0.5604970455169678,-0.6502963304519653,-0.4489445090293884,-0.2661357820034027,-0.18776366114616394,-0.15247289836406708,-0.11148364096879959,-0.0020805143285542727,1.6146239042282104,249.7160186767578,329.6700134277344,0.1416136535954608,Other (Mouse),Inhibitory
515296303,Mouse,aspiny,Pvalb-IRES-Cre,4,0.9779279586892891,0.9746673417032224,-0.5722267056793232,0.004600079639668772,0.2758823130194878,8.008733749389648,0.00926280114799738,0.009409486316144466,0.010988342575728893,0.011139916256070137,0.008031022734940052,0.0035891199950128794,-0.0022389928344637156,-0.5148788094520569,-0.4533481299877167,-0.33309781551361084,-0.05498804897069931,-0.015024012885987759,-0.003444154979661107,0.003999323584139347,0.011648447252810001,-0.03610946983098984,1.268234133720398,200.0803680419922,349.6499938964844,0.2758823130194878,Inhibitory (Mouse),Inhibitory
501566512,Mouse,spiny,Ntsr1-Cre_GN220,6a,0.7591563114932112,0.7923140803439203,-0.8286318717916153,0.019294014635689825,0.08884354314447582,7.998487949371338,0.011233141645789146,0.0913177952170372,0.1255784034729004,0.11647739261388779,0.03271685168147087,-0.005870053544640541,0.022979481145739555,-1.449022650718689,-1.482704520225525,-1.186296820640564,-0.9857844710350037,-0.715292751789093,-0.43162500858306885,-0.3490045964717865,-0.29827338457107544,0.0033499773126095533,2.5973355770111084,289.73114013671875,349.6499938964844,0.08884354314447582,Excitatory (Mouse),Excitatory
557673526,Mouse,spiny,Sim1-Cre_KJ18,5,0.7094903781073788,0.7164215398347556,-0.7933467053401254,0.02867486305617287,0.07436500097493767,8.087030410766602,0.13409480452537537,0.0834118127822876,0.04423599690198898,0.07775884866714478,0.06016891077160835,0.0035261698067188263,0.018535377457737923,0.3531160354614258,0.1388784945011139,-0.313425749540329,-0.6294310688972473,-0.6020214557647705,-0.35410207509994507,-0.3647339344024658,-0.4179127812385559,-0.03769884258508682,2.8822550773620605,229.84188842773438,289.7099914550781,0.07436500097493767,Excitatory (Mouse),Excitatory
490916919,Mouse,spiny,Rbp4-Cre_KL100,5,0.7695758405510437,0.7806196331144156,-0.8285532455143424,0.009070864499243474,0.15048619078518904,8.211359024047852,0.2039201408624649,0.18440012633800507,0.16014328598976135,0.11979350447654724,0.02802705578505993,-0.03343963623046875,0.012888680212199688,-0.6443188190460205,-0.843751847743988,-0.8508482575416565,-0.8105496764183044,-0.7696565389633179,-0.5980499386787415,-0.5239739418029785,-0.5116692185401917,-8.981188188983413e-12,1.7815748453140259,289.921142578125,349.9125061035156,0.15048619078518904,Excitatory (Mouse),Excitatory
584231995,Mouse,sparsely spiny,Oxtr-T2A-Cre,5,0.730962797761622,0.7419870902685647,-0.3725643654084648,0.020524031958489886,0.12301406099922572,7.713611125946045,-0.06039786338806152,0.13311077654361725,0.2550535202026367,0.2720474898815155,0.14885978400707245,0.0735466331243515,0.05365462973713875,0.816240668296814,-0.01306361984461546,-0.8066844344139099,-0.5781909823417664,-0.3221223056316376,-0.22360382974147797,-0.2232370376586914,-0.21033994853496552,0.12910163402557373,1.97374427318573,70.73310852050781,189.80999755859375,0.12301406099922572,Other (Mouse),Sparsely Spiny
490376252,Mouse,spiny,Cux2-CreERT2,2/3,0.8455739614752787,0.8095535763526966,-0.8260980183031428,0.012689792737331743,0.1422856019207386,7.8737335205078125,-0.03953086584806442,0.05988416448235512,0.10485680401325226,0.11396234482526779,0.08109143376350403,0.04772553965449333,0.049949996173381805,-0.5944490432739258,-1.0192232131958008,-0.6301650404930115,-0.3531874716281891,-0.2435365915298462,-0.27212873101234436,-0.3193746507167816,-0.3307703733444214,8.35079754324397e-06,1.7081928253173828,189.95504760742188,229.9425048828125,0.1422856019207386,Excitatory (Mouse),Excitatory
590556221,Mouse,spiny,Vipr2-IRES2-Cre,6a,0.671150393485448,0.6763440444367396,-0.6845002651803116,0.062181969803874935,0.05755400983390791,8.102296829223633,0.13527023792266846,0.13564887642860413,0.13093890249729156,0.1385335624217987,0.1384715586900711,0.10730241984128952,0.07146265357732773,0.06201840564608574,0.06889810413122177,-0.2756223678588867,-0.6106339693069458,-0.7004961371421814,-0.5575855374336243,-0.49185866117477417,-0.4643319845199585,-0.02965029515326023,3.435514450073242,129.92587280273438,189.80999755859375,0.05755400983390791,Excitatory (Mouse),Excitatory
583822407,Mouse,aspiny,Htr3a-Cre_NO152,2/3,0.6767730720318809,0.7754250747071563,-0.26342022688180766,0.006825404473070218,0.2708016269761804,8.156129837036133,0.3143129348754883,0.2710658311843872,0.19675688445568085,0.10193929821252823,-0.0045778159983456135,-0.004815087653696537,0.06797201186418533,0.06592550873756409,0.19461558759212494,-0.259522408246994,-0.22239455580711365,-0.12511838972568512,-0.28370800614356995,-0.3955957591533661,-0.4371638298034668,0.018359694629907608,1.1382135152816772,50.00012969970703,189.80999755859375,0.2708016269761804,Inhibitory (Mouse),Inhibitory
478891084,Mouse,aspiny,Scnn1a-Tg2-Cre,5,0.9831002183069958,0.9718997173221481,-0.35706183070594255,0.004796657501121931,0.3996036730770763,7.992562294006348,-0.002291687298566103,-0.0008819332579150796,-0.0009916111594066024,-0.001292274217121303,0.0002487738966010511,0.0014995884848758578,0.0018114364938810468,0.010391873307526112,0.008079291321337223,0.0022259673569351435,-0.004377677105367184,-0.010856423527002335,-0.009083524346351624,-0.0033716808538883924,0.00045583397150039673,0.21634235978126526,1.0949267148971558,89.2899398803711,249.93748474121094,0.3996036730770763,Other (Mouse),Inhibitory
503254105,Mouse,aspiny,Pvalb-IRES-Cre,5,0.8567474094306529,0.8330660022164461,-0.5910807802440725,0.0025891234820485235,0.3439823385706076,8.008240699768066,0.008568168617784977,0.008450407534837723,0.008872170001268387,0.008936820551753044,0.0063742902129888535,-0.0005611363449133933,-0.013319465331733227,-0.07322289794683456,-0.06334523111581802,-0.053929366171360016,-0.047506701201200485,-0.03241909295320511,-0.014177908189594746,-0.015098563395440578,-0.023275189101696014,0.1857692450284958,1.1257894039154053,289.37445068359375,489.5099792480469,0.3439823385706076,Inhibitory (Mouse),Inhibitory
577883225,Mouse,spiny,Scnn1a-Tg3-Cre,4,0.7769002299996458,0.7219225359533132,-0.7391630881516373,0.020718654851741625,0.09323922387670049,8.134650230407715,0.18855319917201996,0.21323350071907043,0.2140156626701355,0.19472350180149078,0.14523105323314667,0.07998686283826828,0.010638153180480003,0.5050423741340637,-0.6495459079742432,-1.1507601737976074,-0.5757814049720764,-0.38012322783470154,-0.2987619936466217,-0.33798491954803467,-0.4103705883026123,0.007000642362982035,2.1818628311157227,169.83755493164062,229.77000427246094,0.09323922387670049,Excitatory (Mouse),Excitatory
439372920,Mouse,aspiny,Htr3a-Cre_NO152,2/3,0.7136689172706525,0.8045501694763451,-0.6002173366884491,0.00732884404718007,0.13949453735903874,8.030705451965332,0.06493518501520157,0.0861114114522934,0.1383647471666336,0.17982184886932373,0.1202407106757164,0.02430298924446106,-0.04030453413724899,-1.8402831554412842,-1.490668535232544,-1.106924057006836,-0.7653571367263794,-0.38291212916374207,-0.12573456764221191,-0.07057027518749237,-0.028868554159998894,-0.018833685666322708,1.3534226417541504,150.0171661376953,249.93748474121094,0.13949453735903874,Inhibitory (Mouse),Inhibitory
477129850,Mouse,spiny,Slc17a6-IRES-Cre,2/3,0.6229487346982862,0.7037508795599157,-0.7692577695171926,0.013038357072967884,0.10845041278394618,8.087682723999023,0.0828893855214119,0.11938594281673431,0.14917099475860596,0.08979421108961105,-0.016724923625588417,-0.034443289041519165,0.028214970603585243,-1.5086170434951782,-1.686440348625183,-0.8211908340454102,-0.2794516980648041,-0.16415999829769135,-0.22967500984668732,-0.2530313730239868,-0.2428724616765976,0.004713059403002262,2.2547035217285156,299.935546875,389.9024963378906,0.10845041278394618,Excitatory (Mouse),Excitatory
528501887,Mouse,spiny,Ctgf-T2A-dgCre,6b,0.5113178986921857,0.5281544198226372,-0.5786492765112131,0.007078728992338971,0.15466258192476703,8.167374610900879,0.25864261388778687,0.33309847116470337,0.35074225068092346,0.3218468129634857,0.23789691925048828,0.14496353268623352,0.08737915009260178,1.1830809116363525,-0.6574214100837708,-0.8268875479698181,-0.8061184883117676,-0.690447986125946,-0.3517778217792511,-0.22430264949798584,-0.15672729909420013,0.017086688429117203,1.1591434478759766,109.83370971679688,189.80999755859375,0.15466258192476703,Excitatory (Mouse),Excitatory
586517633,Mouse,sparsely spiny,Nos1-CreERT2|Sst-IRES-FlpO,6a,0.6328346350777715,0.6956364954722043,-0.7162620517006044,0.04282244760145314,0.06489050117270129,8.086121559143066,0.32762274146080017,0.44240283966064453,0.35172635316848755,0.2388571798801422,0.14017745852470398,0.08960375934839249,0.04824173450469971,-0.37773510813713074,0.32635775208473206,0.4452891945838928,-0.25541186332702637,-0.705027163028717,-0.8839210271835327,-0.9249746799468994,-0.9415645599365234,0.13534197211265564,2.9972856044769287,150.28292846679688,209.7899932861328,0.06489050117270129,Other (Mouse),Sparsely Spiny
497560724,Mouse,aspiny,Sst-IRES-Cre,5,0.8431853323223433,0.8414923124439498,-0.6571495141407715,0.007646271824972127,0.16472782022260743,7.962313652038574,-0.05585707724094391,-0.021878313273191452,-0.002915026620030403,0.008380552753806114,0.0187874436378479,0.01442459225654602,-0.00010856560402316973,-1.3669604063034058,-1.0719640254974365,-0.7145752310752869,-0.673150897026062,-0.3637440502643585,-0.14047954976558685,-0.07482916861772537,-0.04086483269929886,-6.391100981772979e-08,1.6350898742675781,229.77232360839844,349.6499938964844,0.16472782022260743,Inhibitory (Mouse),Inhibitory
554454165,Mouse,aspiny,Nkx2-1-CreERT2,6a,0.7896924797654732,0.7649431979546142,-0.826105392228374,0.013436433344044534,0.135644903346227,7.979974746704102,0.11627847701311111,0.24699300527572632,0.3168080449104309,0.3259211480617523,0.2134721279144287,0.09413846582174301,0.044283296912908554,-0.26121652126312256,-0.9465222954750061,-1.0391409397125244,-0.7017902731895447,-0.49504122138023376,-0.4219781458377838,-0.4093847870826721,-0.3813386857509613,1.1688500308082439e-05,1.757068395614624,189.81423950195312,229.77000427246094,0.135644903346227,Other (Mouse),Inhibitory
565415071,Mouse,aspiny,Oxtr-T2A-Cre,4,0.8509067300407642,0.8386745276638069,-0.937058104815525,0.018003767410588418,0.1474246100029454,7.764932155609131,-0.0336783342063427,0.10806319862604141,0.1578323096036911,0.15378022193908691,0.10297950357198715,0.05251496285200119,0.006666628178209066,-0.47053903341293335,-0.5700626373291016,-0.493991881608963,-0.24611078202724457,-0.1161794364452362,-0.08689209073781967,-0.10186244547367096,-0.11988675594329834,0.04734235256910324,2.3612680435180664,290.19976806640625,309.69000244140625,0.1474246100029454,Other (Mouse),Inhibitory
524676260,Mouse,sparsely spiny,Chrna2-Cre_OE25,5,0.3823246733377187,0.5610671444735699,-0.1818732173606113,0.0053069249727687616,0.20638914756329066,8.183248519897461,0.2057875394821167,0.21949614584445953,0.21971796452999115,0.2084641307592392,0.1761203110218048,0.13613717257976532,0.09540256857872009,-0.06390389055013657,0.1123700812458992,0.36659321188926697,0.28435471653938293,-0.14867064356803894,-0.39163506031036377,-0.3678942322731018,-0.32339051365852356,5.284407933459079e-08,0.7636609077453613,19.986047744750977,109.88999938964844,0.20638914756329066,Other (Mouse),Sparsely Spiny
585944237,Mouse,aspiny,Chat-IRES-Cre-neo,4,0.7237775228072496,0.7760808224911708,-0.47826664274422925,0.006610838618257369,0.13579502555662534,7.973425388336182,-0.02885104902088642,-0.01726129651069641,-0.005226398818194866,0.00798883754760027,0.02795691043138504,0.03363011032342911,0.026225997135043144,-1.508583426475525,-1.2421655654907227,-0.9596863389015198,-0.8374822735786438,-0.751293957233429,-0.4714682996273041,-0.3485639989376068,-0.3059699237346649,-0.24637636542320251,1.3353432416915894,129.06356811523438,269.7300109863281,0.13579502555662534,Other (Mouse),Inhibitory
583142588,Mouse,aspiny,Chat-IRES-Cre-neo,2/3,0.7884935969529875,0.7740155137491075,-0.4797607330520052,0.013088023109363108,0.08528957773300677,7.708385944366455,-0.2486993968486786,-0.17221657931804657,-0.10478002578020096,-0.022429393604397774,0.050103895366191864,0.04759062081575394,0.020917555317282677,-1.0646765232086182,-1.1238523721694946,-1.1127581596374512,-1.048338770866394,-0.6968438625335693,-0.35518786311149597,-0.20259466767311096,-0.12360189855098724,-0.3522239029407501,1.9472367763519287,139.11553955078125,289.7099914550781,0.08528957773300677,Other (Mouse),Inhibitory
501730497,Mouse,sparsely spiny,Sst-IRES-Cre,5,0.7037541553248289,0.7419829173590098,-0.6207835144256678,0.011471200726254013,0.14517530208076665,8.465888977050781,0.4872795343399048,0.4765278398990631,0.4290759563446045,0.35215771198272705,0.23083558678627014,0.12495458126068115,0.07248812168836594,0.33550816774368286,0.23644708096981049,-0.15403692424297333,-0.2800961136817932,-0.35123211145401,-0.5165985226631165,-0.7046674489974976,-0.8828379511833191,2.910632247221656e-05,1.4755841493606567,117.83091735839844,189.80999755859375,0.14517530208076665,Inhibitory (Mouse),Sparsely Spiny
490712265,Mouse,spiny,Ntsr1-Cre_GN220,5,0.7268788159043662,0.7666666912062401,-0.6474222856173131,0.011894622619773905,0.19691572863398202,8.128931999206543,0.14580433070659637,0.16822420060634613,0.17326653003692627,0.159321129322052,0.13068334758281708,0.108202263712883,0.1090988740324974,-0.4285607635974884,-0.529988169670105,-0.7385053634643555,-0.3082200884819031,-0.2672611474990845,-0.3229084610939026,-0.35656455159187317,-0.3153839111328125,0.024299364537000656,1.4218229055404663,110.03486633300781,169.95750427246094,0.19691572863398202,Excitatory (Mouse),Excitatory
480169178,Mouse,spiny,Rorb-IRES2-Cre,5,0.8154498671773962,0.7706453631530171,-0.9241703731521992,0.017174086879086378,0.15898610111706563,7.950156211853027,0.07181423902511597,0.14039219915866852,0.0985521525144577,0.040057312697172165,-0.009310651570558548,0.00692980270832777,-0.00798256415873766,-0.19503067433834076,-0.12532901763916016,-0.1074189618229866,-0.12691548466682434,-0.14971910417079926,-0.21599863469600677,-0.27048516273498535,-0.2986672520637512,-0.005429958924651146,2.07182240486145,230.98484802246094,249.93748474121094,0.15898610111706563,Excitatory (Mouse),Excitatory
569470171,Mouse,spiny,Chrna2-Cre_OE25,5,0.7826679812580845,0.7514814396789572,-0.7392172955502425,0.013651192184446721,0.10987438940054825,8.035530090332031,0.22135581076145172,0.3268573582172394,0.351899117231369,0.3087131381034851,0.18729323148727417,0.07206542789936066,0.01582713983952999,0.7172067761421204,-0.886340320110321,-1.1440391540527344,-0.9971088171005249,-0.8208196759223938,-0.5430637001991272,-0.5000825524330139,-0.5121108889579773,-0.02137601375579834,1.7710546255111694,169.8504180908203,229.77000427246094,0.10987438940054825,Excitatory (Mouse),Excitatory
569494755,Mouse,aspiny,Ndnf-IRES2-dgCre,5,0.7415054952390978,0.7404516511548371,-0.5965908944881048,0.016537554631918378,0.12451426983338118,8.299121856689453,0.368561327457428,0.3664322793483734,0.3104853928089142,0.23492388427257538,0.12021053582429886,0.04593468829989433,0.008968095295131207,-0.5722988843917847,-0.07914793491363525,0.06152700260281563,-0.03938910365104675,-0.15940767526626587,-0.3357512354850769,-0.42254796624183655,-0.46774056553840637,-0.4381335973739624,1.5742149353027344,89.59111022949219,149.85000610351562,0.12451426983338118,Inhibitory (Mouse),Inhibitory
593054951,Mouse,aspiny,Vip-IRES-Cre,5,0.6726240727707798,0.7057966198882406,-0.17747820058379762,0.012192264332330342,0.13960030756739877,8.009535789489746,0.010046213865280151,0.00931843463331461,0.008916770108044147,0.00870287325233221,0.008699166588485241,0.008684422820806503,0.008822831325232983,-0.040408164262771606,-0.04161711037158966,-0.041741080582141876,-0.04140404239296913,-0.03447237238287926,-0.023070085793733597,-0.01932927593588829,-0.017753854393959045,0.018156519159674644,1.4389622211456299,30.14145278930664,169.8300018310547,0.13960030756739877,Inhibitory (Mouse),Inhibitory
485887209,Mouse,spiny,Cux2-CreERT2,2/3,0.6169685478751843,0.6844902789668421,-0.8261296052585815,0.012061738788551506,0.14867368208214413,8.11709976196289,0.18548022210597992,0.2512902617454529,0.26483768224716187,0.22300024330615997,0.08315343409776688,-0.009643001481890678,-0.009604087099432945,-0.19287924468517303,-0.2738512456417084,-0.44939014315605164,-0.3307749032974243,-0.26137974858283997,-0.22746968269348145,-0.23807057738304138,-0.2276165783405304,2.881856516978587e-06,1.6653847694396973,189.96231079101562,229.9425048828125,0.14867368208214413,Excitatory (Mouse),Excitatory
589442285,Mouse,spiny,Sim1-Cre_KJ18,5,0.6065637949674728,0.6661229810508807,-0.7172852934782745,0.054273699765251815,0.06024317035226311,7.954012870788574,0.02207886055111885,0.047371163964271545,0.060673944652080536,0.09359798580408096,0.11029278486967087,0.06518439203500748,0.022603068500757217,0.28032535314559937,0.7897949814796448,-0.26252511143684387,-0.49780747294425964,-0.2916059195995331,-0.1861550211906433,-0.1752929985523224,-0.16552838683128357,-0.17565572261810303,3.374326467514038,150.5101318359375,209.7899932861328,0.06024317035226311,Excitatory (Mouse),Excitatory
580234482,Mouse,spiny,Oxtr-T2A-Cre,6a,0.7167470283642898,0.6455394457914043,-0.827480209875491,0.04647784209347779,0.0522656752077142,8.206949234008789,0.31572017073631287,0.3604549169540405,0.3647758662700653,0.3372732698917389,0.23800145089626312,0.14088964462280273,0.10005442053079605,0.22671249508857727,-0.16072732210159302,-0.40131500363349915,-0.4582982361316681,-0.43935737013816833,-0.5748649835586548,-0.6417383551597595,-0.5772184729576111,-0.12394028902053833,3.267906665802002,190.14549255371094,229.77000427246094,0.0522656752077142,Excitatory (Mouse),Excitatory
488230133,Mouse,aspiny,Pvalb-IRES-Cre,2/3,0.9628939841137644,0.9329898433736241,-0.5862442281922059,0.0025133037759987463,0.3740935712766977,8.008546829223633,0.0006171544082462788,0.0008033961057662964,0.006764501798897982,0.010666287504136562,0.014839725568890572,0.0096805514767766,-0.011895640753209591,-0.4054790437221527,-0.3724307417869568,-0.29879748821258545,-0.18558146059513092,-0.1048467829823494,-0.040620483458042145,0.012655967846512794,0.04052799567580223,0.2193915843963623,0.9899209141731262,228.626220703125,389.9024963378906,0.3740935712766977,Inhibitory (Mouse),Inhibitory
477490421,Mouse,aspiny,Pvalb-IRES-Cre,2/3,0.8799517462927047,0.8752439034562285,-0.8596400488617577,0.007413475737188716,0.3677316911904412,7.590048789978027,-0.12585288286209106,0.08434122800827026,0.1637216955423355,0.18831956386566162,0.16108371317386627,0.08739625662565231,-0.06096348538994789,-0.00408172607421875,-0.4484533965587616,-0.5203735828399658,-0.4601604640483856,-0.3584447503089905,-0.19656820595264435,-0.11003176122903824,-0.08270354568958282,-3.1910935704773055e-22,2.055389165878296,489.872314453125,569.8574829101562,0.3677316911904412,Inhibitory (Mouse),Inhibitory
488770805,Mouse,aspiny,Pvalb-IRES-Cre,2/3,0.7962512284362656,0.7538475651910492,-0.6719943438097208,0.004599982375701752,0.34911264293981714,8.290358543395996,0.27722251415252686,0.2649100720882416,0.25186896324157715,0.22067895531654358,0.13173948228359222,0.008978025987744331,-0.14519892632961273,-0.6986754536628723,-0.6248770952224731,-0.48480990529060364,-0.36997097730636597,-0.23846933245658875,-0.0538308322429657,-0.031285014003515244,-0.08136884868144989,0.2080850899219513,1.501142144203186,329.2381896972656,489.8774719238281,0.34911264293981714,Inhibitory (Mouse),Inhibitory
559222019,Mouse,spiny,Ntsr1-Cre_GN220,6b,0.5608509616002337,0.6007942939139576,-0.47725145492707854,0.09457710452751007,0.04561161527149832,7.938425064086914,-0.1102474182844162,-0.05776503309607506,0.028998464345932007,0.0488809198141098,0.029168009757995605,0.03508225828409195,0.03029603511095047,1.0458831787109375,-0.0640769973397255,-0.6085061430931091,-0.3739056885242462,-0.24476414918899536,-0.3017939031124115,-0.28664401173591614,-0.2344866842031479,0.2497856318950653,4.236942291259766,90.64949035644531,189.80999755859375,0.04561161527149832,Excitatory (Mouse),Excitatory
490982660,Mouse,spiny,Rbp4-Cre_KL100,2/3,0.6919310621582054,0.7200353761858227,-0.8182004612636493,0.00913575374100987,0.14960546047962747,7.903138637542725,-0.023483604192733765,0.06774091720581055,0.10243676602840424,0.0950789749622345,0.05251589044928551,0.03878345713019371,0.06025991961359978,-0.8870275020599365,-1.057331919670105,-0.7306562066078186,-0.49949806928634644,-0.45135700702667236,-0.5175077319145203,-0.5987518429756165,-0.6682195663452148,5.845881556609811e-10,1.7361005544662476,269.93865966796875,329.9175109863281,0.14960546047962747,Excitatory (Mouse),Excitatory
581741836,Mouse,spiny,Esr2-IRES2-Cre,5,0.7060881531549001,0.7164964315203798,-0.9465919938095286,0.040043743580940094,0.07590014152340441,8.132335662841797,0.1279393434524536,0.10917137563228607,0.11533797532320023,0.10881255567073822,0.05511261895298958,0.013263783417642117,0.0005099202389828861,-0.30147165060043335,-0.590786337852478,-0.8192992210388184,-0.8560154438018799,-0.7851070165634155,-0.6280708312988281,-0.5343648791313171,-0.4811633229255676,-0.010617051273584366,3.847254753112793,349.888916015625,369.6300048828125,0.07590014152340441,Excitatory (Mouse),Excitatory
518753555,Mouse,aspiny,Chat-IRES-Cre-neo,5,0.9547538422188749,0.960826124136736,-0.6849950168492038,0.003802749016800239,0.2869853849820957,7.987664222717285,0.008604845032095909,0.03626583144068718,0.04150597006082535,0.04028855636715889,0.04168928042054176,0.022347720339894295,-0.04293330758810043,-0.7242400050163269,-0.5334068536758423,-0.32980188727378845,-0.26447024941444397,-0.203359916806221,-0.06921951472759247,0.010770974680781364,0.041982702910900116,0.19254274666309357,1.3919275999069214,349.03515625,509.4899597167969,0.2869853849820957,Other (Mouse),Inhibitory
626158872,Mouse,spiny,Sim1-Cre_KJ18,5,0.6724374668745904,0.5592547093059219,-0.685191665267193,0.08628362389486416,0.05083811203113347,7.768640518188477,0.08846881240606308,0.22214077413082123,0.23777109384536743,0.1828569620847702,0.11888571083545685,0.08385736495256424,0.04805145785212517,0.461996853351593,0.21210898458957672,-0.12533709406852722,-0.2908279597759247,-0.36200690269470215,-0.4311034083366394,-0.41557732224464417,-0.37625014781951904,0.00057110475609079,4.046911716461182,130.0562286376953,189.80999755859375,0.05083811203113347,Excitatory (Mouse),Excitatory
475622680,Mouse,aspiny,Htr3a-Cre_NO152,2/3,0.8592069739331608,0.8561429114393839,-0.3683819763303332,0.0073893851983772435,0.2633595727254312,8.172972679138184,0.29297715425491333,0.2516639828681946,0.20190440118312836,0.14204691350460052,0.008366193622350693,-0.05639268830418587,0.027928922325372696,0.34558558464050293,-0.21478766202926636,-0.5127298831939697,-0.43473684787750244,-0.2989131510257721,-0.16569745540618896,-0.0603264719247818,0.0351066067814827,-0.003590655978769064,1.1847498416900635,69.97509002685547,189.95249938964844,0.2633595727254312,Inhibitory (Mouse),Inhibitory
397348126,Mouse,spiny,Nr5a1-Cre,5,0.8349244364453203,0.7977122417275438,-0.9265274192558597,0.027826579363698655,0.09954916175625712,7.969841957092285,-0.026576334610581398,-0.019019879400730133,-0.01151054073125124,-0.0056635532528162,-0.0029446398839354515,-0.007074099965393543,-0.01816592365503311,-0.24995875358581543,-0.20154714584350586,-0.15429654717445374,-0.10556801408529282,-0.06783221662044525,-0.03816923126578331,-0.02568686753511429,-0.021428247913718224,0.021644026041030884,2.7406747341156006,250.10032653808594,269.9324951171875,0.09954916175625712,Excitatory (Mouse),Excitatory
594611511,Mouse,aspiny,Vip-IRES-Cre,6a,0.7120405919096897,0.7313435024720794,-0.2864147759878496,0.008057129695809656,0.1769128704113202,8.656301498413086,0.3274771571159363,0.03962032124400139,-0.07364635914564133,-0.0959983542561531,-0.01579127088189125,0.022983329370617867,0.08111411333084106,-0.4908044934272766,-0.7912319302558899,-0.5688514113426208,-0.33171406388282776,-0.1714719831943512,-0.08252546191215515,-0.09058492630720139,-0.11905372887849808,-0.03656824678182602,1.3001173734664917,60.08829116821289,209.7899932861328,0.1769128704113202,Inhibitory (Mouse),Inhibitory
480169278,Mouse,spiny,Rorb-IRES2-Cre,5,0.6997167546877799,0.7753501580878631,-0.7662375662278079,0.003696780385273185,0.2350349708533133,8.38197135925293,0.40200042724609375,0.3739446699619293,0.3615112602710724,0.3328076899051666,0.2168586701154709,0.09867023676633835,0.010069714859127998,0.22551175951957703,-0.5446688532829285,-0.9789340496063232,-1.0511388778686523,-1.0199501514434814,-0.9232346415519714,-0.853868842124939,-0.8103107213973999,-0.006754800211638212,0.961230456829071,191.51153564453125,249.93748474121094,0.2350349708533133,Excitatory (Mouse),Excitatory
585952606,Mouse,aspiny,Slc32a1-T2A-FlpO|Vipr2-IRES2-Cre,2/3,0.9236258533174271,0.9191376669394815,-0.5174061282812247,0.006373492232517735,0.25860869556227156,8.140823364257812,0.11120981723070145,0.0840507224202156,0.08013217151165009,0.06515877693891525,0.03494618460536003,-0.0041928463615477085,-0.04723578691482544,-0.45410266518592834,-0.6445814371109009,-0.5498831868171692,-0.35159388184547424,-0.22356905043125153,-0.08589775860309601,0.035677555948495865,0.13522164523601532,0.13692471385002136,1.261657476425171,129.2409210205078,249.74998474121094,0.25860869556227156,Other (Mouse),Inhibitory
483020137,Mouse,spiny,Nr5a1-Cre,4,0.7582231572756922,0.7561957365605056,-0.5972187361139897,0.004567794401716173,0.14616969263510232,8.333710670471191,0.28642895817756653,0.2115449756383896,0.1502762883901596,0.06524048000574112,-0.027239713817834854,-0.03433457389473915,-0.007697327062487602,-0.26901930570602417,-1.1276603937149048,-1.2335182428359985,-0.8521633744239807,-0.35833191871643066,-0.15497343242168427,-0.16738499701023102,-0.17723646759986877,-0.2715063691139221,1.0684863328933716,149.341064453125,249.93748474121094,0.14616969263510232,Excitatory (Mouse),Excitatory
592833901,Mouse,sparsely spiny,Vip-IRES-Cre,6a,0.6208880388633689,0.6238158285358384,-0.46665697612253954,0.011785867706384628,0.14509542636001063,8.246190071105957,0.2601575255393982,0.26736342906951904,0.26766377687454224,0.2658384442329407,0.26228079199790955,0.2609046697616577,0.278193861246109,-0.2626051604747772,0.34202125668525696,0.2653196156024933,-0.06510311365127563,-0.4030405879020691,-0.6256417632102966,-0.6855266690254211,-0.1976751685142517,2.038290404016152e-06,1.3289515972137451,69.92855072021484,149.85000610351562,0.14509542636001063,Inhibitory (Mouse),Sparsely Spiny
528002420,Human,aspiny,,3,0.9186870594905938,0.9180969269775653,-0.7061557284097824,0.014334225836162923,0.11041446941872644,8.0225248336792,0.14243876934051514,0.23592138290405273,0.25149771571159363,0.2261783480644226,0.12172728031873703,0.026019444689154625,-0.013671907596290112,-0.7401336431503296,-0.7596592903137207,-0.5440839529037476,-0.4200380742549896,-0.24035093188285828,-0.15934905409812927,-0.11379159986972809,-0.05290300399065018,0.09942375868558884,1.9663089513778687,190.4812774658203,269.7300109863281,0.11041446941872644,Inhibitory (Human),Inhibitory
509881736,Mouse,spiny,Ctgf-T2A-dgCre,6b,0.718874445962682,0.7794643503595144,-0.685090589523817,0.011430519881706801,0.16113454186387666,8.286812782287598,0.29908570647239685,0.32134735584259033,0.34304800629615784,0.3390519320964813,0.275498628616333,0.20583349466323853,0.171951562166214,0.3362707793712616,0.11855866014957428,0.03185331076383591,-0.05743670463562012,-0.5057500004768372,-1.0114489793777466,-1.3484220504760742,-0.7944743037223816,-0.04231422021985054,1.4729653596878052,130.03883361816406,189.80999755859375,0.16113454186387666,Excitatory (Mouse),Excitatory
475622793,Mouse,aspiny,Htr3a-Cre_NO152,2/3,0.7874259318581763,0.7757465979768946,-0.4822608940182145,0.004245714686036167,0.15247562086357316,7.89024019241333,-0.14047054946422577,-0.12699852883815765,-0.09929831326007843,-0.039513830095529556,0.03722726181149483,0.03321016579866409,-0.032384324818849564,-2.0482685565948486,-1.8346349000930786,-1.1423295736312866,-0.8416330814361572,-0.567759096622467,-0.1862693578004837,0.03011363558471203,0.1606946587562561,0.3564632534980774,1.1471017599105835,149.59056091308594,309.9224853515625,0.15247562086357316,Inhibitory (Mouse),Inhibitory
555060623,Mouse,spiny,Chrna2-Cre_OE25,5,0.7965570549148462,0.5418348695602642,-0.820647616749965,0.13967647809663,0.04444217295560432,8.118995666503906,0.14261595904827118,0.1296965628862381,0.1077035516500473,0.06696262955665588,0.011555779725313187,-0.005493135191500187,-0.015272045508027077,-0.5457667112350464,-0.41333141922950745,-0.11081035435199738,-0.024277864024043083,-0.07562139630317688,-0.15510469675064087,-0.17244011163711548,-0.18091930449008942,-0.005101244430989027,3.917786121368408,90.18099212646484,109.88999938964844,0.04444217295560432,Excitatory (Mouse),Excitatory
519220630,Mouse,aspiny,Chat-IRES-Cre-neo,2/3,0.8128593969523673,0.8531024358722293,-0.42786287970457915,0.005857798914009576,0.15384061558394485,8.033405303955078,0.0309189073741436,0.0247857253998518,0.02074737474322319,0.018694419413805008,0.019830837845802307,0.02246754802763462,0.023523366078734398,-0.1731020212173462,-0.18625043332576752,-0.19389109313488007,-0.20188196003437042,-0.21277068555355072,-0.22404970228672028,-0.2271038442850113,-0.22831712663173676,-0.21700580418109894,1.160149335861206,98.35714721679688,229.77000427246094,0.15384061558394485,Other (Mouse),Inhibitory
488426904,Mouse,spiny,Ntsr1-Cre_GN220,6a,0.7532199658066393,0.7234085992835331,-0.8461288359524355,0.007431647052287228,0.1787284862287472,7.873708724975586,-0.004218904301524162,0.10818232595920563,0.16887661814689636,0.18912649154663086,0.09434740990400314,0.02194073423743248,0.028032461181282997,-0.637453556060791,-0.8039258122444153,-0.7315711975097656,-0.7626401782035828,-0.7338370680809021,-0.7336105704307556,-0.8629385232925415,-0.9840508699417114,3.131244314400275e-14,1.7022390365600586,329.9077453613281,389.9024963378906,0.1787284862287472,Excitatory (Mouse),Excitatory
585805211,Mouse,aspiny,Slc32a1-T2A-FlpO|Vipr2-IRES2-Cre,2/3,0.9792320856192158,0.9789561150613759,-0.6577628992418337,0.005800432034553117,0.2432884028310555,7.976163387298584,0.018374701961874962,0.038877010345458984,0.03882284834980965,0.037917360663414,0.02586757205426693,0.008131060749292374,-0.00622435612604022,-0.3387314975261688,-0.2530968189239502,-0.20820018649101257,-0.21858015656471252,-0.16048289835453033,-0.06428256630897522,-0.016510607674717903,0.01359710656106472,0.033713389188051224,1.4241211414337158,229.98793029785156,349.6499938964844,0.2432884028310555,Other (Mouse),Inhibitory
485911966,Mouse,spiny,Cux2-CreERT2,4,0.6931038651601351,0.6021749805691302,-0.5790369791505974,0.007967040832520565,0.14063540482252976,8.484538078308105,0.502277672290802,0.49722325801849365,0.4385000169277191,0.333916038274765,0.16868597269058228,0.03567197173833847,-0.08078757673501968,0.2722809910774231,-0.0651063397526741,-0.13061220943927765,-0.24002420902252197,-0.4239046573638916,-0.6630421876907349,-0.8224278688430786,-0.9491161704063416,-0.013086607679724693,1.2301867008209229,109.98969268798828,189.95249938964844,0.14063540482252976,Excitatory (Mouse),Excitatory
643575207,Human,aspiny,,3,0.9324721013508434,0.9337533002287651,-0.7422483330077779,0.0039373573276277885,0.2637610746681889,7.8945088386535645,-0.08276626467704773,-0.04202824831008911,-0.014031975530087948,-0.008063904009759426,-0.021663470193743706,-0.014792073518037796,0.009739980101585388,-0.9423484206199646,-0.3703174293041229,-0.010735497809946537,0.08887405693531036,0.06666362285614014,-0.00974955689162016,-0.042300835251808167,-0.04061219096183777,-0.2536066174507141,1.2385611534118652,289.2516784667969,389.6099853515625,0.2637610746681889,Inhibitory (Human),Inhibitory
588402092,Mouse,spiny,Tlx3-Cre_PL56,5,0.5957647955983956,0.5241242245969243,-0.6521522825108251,0.012240307473972452,0.10389277932716473,8.147972106933594,0.22514785826206207,0.22603389620780945,0.22331100702285767,0.19167360663414001,0.09257401525974274,0.040553733706474304,0.017301946878433228,1.3491593599319458,0.44692495465278625,-0.26375943422317505,-0.31604820489883423,-0.33617275953292847,-0.4832771122455597,-0.5332993865013123,-0.5350289940834045,-0.00867717806249857,1.6770377159118652,149.84510803222656,229.77000427246094,0.10389277932716473,Excitatory (Mouse),Excitatory
327962063,Mouse,aspiny,Htr3a-Cre_NO152,2/3,0.809933334716479,0.7659927185777414,-0.4761117111500544,0.01113120343388493,0.16356509089148602,8.717000961303711,0.45838072896003723,0.38837727904319763,0.3464820981025696,0.29704728722572327,0.19171477854251862,0.08430755883455276,0.03218548744916916,-0.10798698663711548,-0.17113462090492249,-0.14816327393054962,-0.09400926530361176,-0.09331765025854111,-0.1740763634443283,-0.253417044878006,-0.31096380949020386,0.06763414293527603,1.4540976285934448,90.44318389892578,189.95249938964844,0.16356509089148602,Inhibitory (Mouse),Inhibitory
488680917,Mouse,spiny,Rorb-IRES2-Cre,5,0.750565974124382,0.7233141570504639,-0.9365397846801321,0.02639257987664024,0.10474423839913569,7.865087032318115,0.03221121430397034,0.17179691791534424,0.2147546261548996,0.21677722036838531,0.15376655757427216,0.06653381139039993,-0.022995954379439354,-0.37331926822662354,-0.5165296792984009,-0.5792244076728821,-0.6418584585189819,-0.6506609916687012,-0.4758480191230774,-0.3209243714809418,-0.22203907370567322,0.02192731574177742,2.8600094318389893,290.2552185058594,309.9224853515625,0.10474423839913569,Excitatory (Mouse),Excitatory
580537822,Mouse,aspiny,Nkx2-1-CreERT2,5,0.753343756390484,0.7652322843524472,-0.6537406950031077,0.006587769326144316,0.12939838034634685,8.067872047424316,0.06852348893880844,0.06803185492753983,0.06723950058221817,0.06593157351016998,0.057028669863939285,0.0419078953564167,0.02008606493473053,-0.3624171316623688,-0.3603169023990631,-0.3475266695022583,-0.3189818561077118,-0.26831886172294617,-0.2253769189119339,-0.22219811379909515,-0.23780737817287445,-0.18711064755916595,1.3815001249313354,189.4302215576172,289.7099914550781,0.12939838034634685,Other (Mouse),Inhibitory
594480606,Mouse,aspiny,Gad2-IRES-Cre,1,0.7929918750407164,0.8040865734208481,-0.530084702361178,0.024403100843261527,0.08235807644476562,7.812056064605713,0.06984250247478485,0.25508999824523926,0.30935344099998474,0.2952934503555298,0.20136256515979767,0.12379814684391022,0.1048647090792656,-0.22700010240077972,-0.20912522077560425,-0.5501707196235657,-0.5665547251701355,-0.507966160774231,-0.40117987990379333,-0.3542224168777466,-0.3094930350780487,0.051288705319166183,2.0357747077941895,90.02691650390625,169.8300018310547,0.08235807644476562,Other (Mouse),Inhibitory
508980706,Mouse,spiny,Ntsr1-Cre_GN220,6a,0.6918906736800473,0.7268327620206649,-0.7447235018117887,0.02420953196289404,0.07414613313087362,7.90789794921875,-0.0921267718076706,-0.0725795105099678,-0.03738829493522644,0.005563452374190092,0.04281290993094444,0.038362205028533936,-0.013401232659816742,-1.4953564405441284,-1.1671092510223389,-1.0561085939407349,-0.9076425433158875,-0.6649872064590454,-0.3484957218170166,-0.1772734373807907,-0.08348359167575836,-0.010139577090740204,3.3715131282806396,349.67010498046875,469.52996826171875,0.07414613313087362,Excitatory (Mouse),Excitatory
320654829,Mouse,spiny,Rorb-IRES2-Cre,5,0.735399087628776,0.7339370431618306,-0.7440495143614144,0.03915323565385849,0.0713305428824956,7.980746746063232,-0.02503063902258873,0.008893013931810856,0.031556639820337296,0.03360401466488838,0.01306371670216322,0.007427593693137169,0.008961803279817104,-0.420898973941803,-1.759853720664978,-0.6487960815429688,-0.5214368104934692,-0.5116536021232605,-0.392250657081604,-0.23416176438331604,-0.160576730966568,-0.051995232701301575,3.907165765762329,290.1094665527344,389.9024963378906,0.0713305428824956,Excitatory (Mouse),Excitatory
485912047,Mouse,spiny,Cux2-CreERT2,4,0.6901815333647838,0.8206396590546388,-0.7413136036550033,0.05970390000294888,0.05840373709160587,8.312094688415527,0.35273438692092896,0.3404678702354431,0.2757476568222046,0.19487294554710388,0.08629526197910309,-0.007625116966664791,-0.05886246636509895,0.6608685255050659,0.27644604444503784,-0.1667267084121704,-0.3655489981174469,-0.45108091831207275,-0.5164066553115845,-0.5414435863494873,-0.5622050762176514,-0.15976294875144958,3.7051942348480225,170.4850311279297,229.9425048828125,0.05840373709160587,Excitatory (Mouse),Excitatory
481127932,Mouse,aspiny,Pvalb-IRES-Cre,5,0.9263999010990608,0.9269439790792675,-0.6279425074129169,0.005155934229407171,0.3649846834177636,7.828622341156006,-0.07305951416492462,-0.002000960987061262,0.03587808832526207,0.050468411296606064,0.04520585760474205,0.030929727479815483,0.009443942457437515,-0.45720574259757996,-0.4127773344516754,-0.28392988443374634,-0.1651621162891388,-0.09073826670646667,-0.05797345191240311,-0.05537455901503563,-0.06339716911315918,0.009532948955893517,1.4887906312942505,269.9478759765625,429.89251708984375,0.3649846834177636,Inhibitory (Mouse),Inhibitory
572804610,Mouse,spiny,Glt25d2-Cre_NF107,6a,0.786426613842716,0.7787889854521596,-0.6842641938009592,0.012565321465750038,0.12886166185153813,7.98209285736084,0.11767749488353729,0.16654904186725616,0.19304732978343964,0.1985095739364624,0.1223532035946846,0.046665091067552567,0.014018618501722813,0.2608048617839813,-0.650929868221283,-0.5679831504821777,-0.33704859018325806,-0.20923727750778198,-0.24463899433612823,-0.3175286054611206,-0.3651760518550873,-0.008004289120435715,1.5443521738052368,129.8802490234375,189.80999755859375,0.12886166185153813,Excitatory (Mouse),Excitatory
509005331,Mouse,spiny,Ntsr1-Cre_GN220,6a,0.5068779664478652,0.6059308139528704,-0.9070310543321393,0.018093896512198344,0.14691147995686682,8.129255294799805,0.2607954740524292,0.3012551963329315,0.26107123494148254,0.21260780096054077,0.13254407048225403,0.0704784244298935,0.08186811953783035,0.5036402940750122,0.43108025193214417,0.06408671289682388,-0.3566400110721588,-0.7525021433830261,-0.9051181674003601,-0.8172286748886108,-0.6495948433876038,-0.04005788266658783,1.948311686515808,190.2876434326172,209.7899932861328,0.14691147995686682,Excitatory (Mouse),Excitatory
565480987,Mouse,spiny,Ndnf-IRES2-dgCre,6a,0.8084919770391841,0.7928758037285515,-0.8182603176060786,0.01829595715750152,0.09149505853486092,8.111002922058105,0.0888170450925827,0.09530279785394669,0.10702480375766754,0.09535440057516098,0.04465734586119652,0.016640521585941315,0.004150707740336657,-1.1416361331939697,-1.4166969060897827,-1.3309513330459595,-1.116610050201416,-0.8683938980102539,-0.45123153924942017,-0.24927230179309845,-0.14201465249061584,-1.8527722409915973e-17,2.455937385559082,269.7558898925781,329.6700134277344,0.09149505853486092,Inhibitory (Mouse),Excitatory
503582237,Mouse,spiny,Ntsr1-Cre_GN220,6a,0.7413924670027914,0.7034695275945334,-0.5834601734869217,0.006161749783108955,0.09695845213974034,7.938218116760254,-0.13237960636615753,-0.11286795139312744,-0.052886154502630234,0.009650765918195248,0.052414003759622574,0.040563128888607025,0.00670225266367197,-1.9227261543273926,-1.584367275238037,-1.1170519590377808,-0.8051899671554565,-0.5454524159431458,-0.3334077000617981,-0.2693234384059906,-0.25414809584617615,0.4251163899898529,1.336084008216858,169.2149658203125,289.7099914550781,0.09695845213974034,Excitatory (Mouse),Excitatory
489754156,Mouse,spiny,Nr5a1-Cre,4,0.8411003330908052,0.8329696231123466,-0.5555873118233848,0.006987640145619206,0.14091801037861468,7.984100341796875,-0.018430467694997787,-0.020581079646945,-0.018777750432491302,-0.014265460893511772,-0.007414256688207388,-0.0014974985970184207,0.0040772161446511745,-0.20317083597183228,-0.198805034160614,-0.19006453454494476,-0.1810634285211563,-0.1692040115594864,-0.1575435996055603,-0.1513555943965912,-0.14513006806373596,-5.860479177499656e-07,1.3733867406845093,149.9710693359375,269.9324951171875,0.14091801037861468,Excitatory (Mouse),Excitatory
486510127,Mouse,spiny,Nr5a1-Cre,2/3,0.7860922599685096,0.8173313773632641,-0.8064504693989685,0.006427172722772074,0.20367635826664754,7.862431526184082,-0.10405813157558441,-0.020564911887049675,0.05250198766589165,0.09903154522180557,0.07128652185201645,0.012618199922144413,-0.027931630611419678,-1.060609221458435,-1.106362223625183,-0.7835912108421326,-0.5420953035354614,-0.3857104480266571,-0.27860894799232483,-0.27614662051200867,-0.28223398327827454,3.942679177386908e-15,1.4113558530807495,249.9371337890625,309.9224853515625,0.20367635826664754,Excitatory (Mouse),Excitatory
473951795,Mouse,aspiny,Htr3a-Cre_NO152,4,0.5480041046878273,0.5623760888777319,-0.2343075513530523,0.0054730335391097425,0.233951401743219,8.314486503601074,0.4780665338039398,0.47702690958976746,0.360978901386261,0.22804071009159088,0.0016370362136512995,-0.09759793430566788,-0.037690144032239914,1.077709674835205,1.1062979698181152,0.23264969885349274,-0.31559982895851135,-0.38550516963005066,-0.3898976445198059,-0.19169673323631287,0.017028620466589928,5.677798675662871e-09,0.964460015296936,39.82232666015625,169.95750427246094,0.233951401743219,Inhibitory (Mouse),Inhibitory
476753465,Mouse,aspiny,Sst-IRES-Cre,4,0.7859361854316844,0.867666715752894,-0.684523102383657,0.010086475141671214,0.17905135013670484,7.496041297912598,-0.02621813490986824,0.23744188249111176,0.31283265352249146,0.2698541581630707,0.1380912810564041,0.0630442276597023,0.0375576913356781,0.29029715061187744,0.41693347692489624,-0.20791484415531158,-0.369867205619812,-0.6207350492477417,-0.23529180884361267,-0.1817060112953186,-0.14875569939613342,0.025246959179639816,1.384178876876831,130.0275115966797,189.95249938964844,0.17905135013670484,Inhibitory (Mouse),Inhibitory
562630201,Mouse,aspiny,Ndnf-IRES2-dgCre,1,0.8091104995950071,0.6957098534408611,-0.6874441739908022,0.013536052975091667,0.11676982891818236,8.057415008544922,0.05847374349832535,0.05755344033241272,0.057050373405218124,0.05417780205607414,0.045589495450258255,0.03876018896698952,0.03372085466980934,-0.2427055835723877,-0.2593875825405121,-0.22509482502937317,-0.17486365139484406,-0.14078931510448456,-0.12789814174175262,-0.1264064610004425,-0.12554244697093964,0.09078913182020187,1.602896809577942,130.4920196533203,189.80999755859375,0.11676982891818236,Inhibitory (Mouse),Inhibitory
561532476,Mouse,aspiny,Htr3a-Cre_NO152,2/3,0.7270063897399752,0.8077308758188537,-0.826529184341088,0.023120018422487478,0.06874368847010077,8.089849472045898,0.13471569120883942,0.1622353047132492,0.14950218796730042,0.11377306282520294,0.055706389248371124,0.028579240664839745,0.022917315363883972,-0.6652424335479736,-0.40551337599754333,-0.40540242195129395,-0.4061092436313629,-0.38221266865730286,-0.35285502672195435,-0.2739793062210083,-0.15595585107803345,-0.039538245648145676,2.304839849472046,189.91317749023438,229.77000427246094,0.06874368847010077,Inhibitory (Mouse),Inhibitory
574377552,Mouse,sparsely spiny,Pvalb-IRES-Cre,5,0.972001480700509,0.9757079380310234,-0.6414148411927286,0.0040836411520949545,0.3608742973778589,7.9508233070373535,0.036144405603408813,0.09095120429992676,0.10820955783128738,0.08932266384363174,0.04908180609345436,0.01948653720319271,-0.02073919214308262,-0.35557541251182556,-0.5672984719276428,-0.40890204906463623,-0.20995865762233734,-0.13041943311691284,-0.08156365156173706,-0.012774227187037468,0.04757998138666153,-0.024699334055185318,1.2613593339920044,249.90223693847656,389.6099853515625,0.3608742973778589,Inhibitory (Mouse),Sparsely Spiny
481136214,Mouse,aspiny,Htr3a-Cre_NO152,2/3,0.6873777845139589,0.6753874180184113,-0.8723307732639939,0.006082357180887348,0.21421863325075186,7.492251873016357,-0.4376806914806366,-0.09332431107759476,0.055679820477962494,0.14280858635902405,0.16654366254806519,0.09663332998752594,-0.06515338271856308,-0.878864049911499,-1.3344073295593262,-1.0626779794692993,-0.9742249250411987,-0.8231269121170044,-0.46623435616493225,-0.34545406699180603,-0.3534262478351593,-7.268161418540087e-18,1.690559983253479,409.8929443359375,469.8824768066406,0.21421863325075186,Inhibitory (Mouse),Inhibitory
590876255,Mouse,aspiny,Htr3a-Cre_NO152|Pvalb-T2A-Dre,6a,0.9735433247256146,0.9704269001454937,-0.44702354378178233,0.011637530008349531,0.18518518518519905,7.850293159484863,-0.08658860623836517,-0.026768816635012627,0.006886431016027927,0.023436976596713066,0.026787403970956802,0.017354976385831833,-0.0013813626719638705,-0.15447308123111725,-0.44776439666748047,-0.12579062581062317,-0.06381330639123917,-0.035062696784734726,-0.023571409285068512,-0.019911060109734535,-0.009380518458783627,-0.14811302721500397,1.7717198133468628,120.59760284423828,269.7300109863281,0.18518518518519905,Inhibitory (Mouse),Inhibitory
475549284,Mouse,aspiny,Pvalb-IRES-Cre,5,0.8872263914908685,0.8854038642322353,-0.8285782761793672,0.011396994277085949,0.21435611495836135,7.959315776824951,0.12101820856332779,0.2010505348443985,0.20461033284664154,0.1961653232574463,0.15629397332668304,0.07568927109241486,-0.04364518076181412,-0.10967579483985901,-0.355502724647522,-0.6649777293205261,-0.557157576084137,-0.34311333298683167,-0.15194174647331238,-0.0951380655169487,-0.08177585154771805,4.683545557782054e-05,1.9969854354858398,289.9299011230469,349.9125061035156,0.21435611495836135,Inhibitory (Mouse),Inhibitory
568757860,Mouse,aspiny,Vip-IRES-Cre,2/3,0.5737636601811955,0.6753682411636093,-0.4120047605764122,0.011311050862184107,0.21348089132541656,8.061399459838867,0.2654547393321991,0.4278982877731323,0.46256059408187866,0.4095201790332794,0.24624495208263397,0.12205810844898224,0.09251309186220169,0.6485463976860046,-1.092553973197937,-0.5697506666183472,0.15251445770263672,0.25178471207618713,-0.2760132849216461,-0.6857153177261353,-0.8714327216148376,-0.0063791400752961636,1.3859854936599731,69.97080993652344,169.8300018310547,0.21348089132541656,Inhibitory (Mouse),Inhibitory
569609830,Mouse,spiny,Ndnf-IRES2-dgCre,6a,0.7843748287529849,0.7674382829083168,-0.7921402129427297,0.005959906664106741,0.1795468811270383,7.937293529510498,-0.06273218989372253,-0.02022474817931652,0.015355437994003296,0.0365138053894043,0.015573050826787949,-0.009976992383599281,0.00869881734251976,-1.7852973937988281,-1.413650631904602,-1.0972591638565063,-0.8502933979034424,-0.5161944627761841,-0.18863829970359802,-0.09472629427909851,-0.05910598114132881,0.18975353240966797,1.523823857307434,308.6617431640625,389.6099853515625,0.1795468811270383,Inhibitory (Mouse),Excitatory
466800233,Mouse,spiny,Rorb-IRES2-Cre,4,0.7395932333033914,0.71846856275435,-0.73940536924946,0.021588155987365208,0.08391175101839389,8.249947547912598,0.29784974455833435,0.31591710448265076,0.28513380885124207,0.21871212124824524,0.12149246037006378,0.06615368276834488,0.0009527540532872081,-0.5718567371368408,-0.4459224045276642,-0.296103298664093,-0.339461088180542,-0.501335620880127,-0.7970326542854309,-1.0069886445999146,-1.1869027614593506,0.04132421687245369,2.2280113697052,170.02243041992188,229.9425048828125,0.08391175101839389,Excitatory (Mouse),Excitatory
524693113,Mouse,aspiny,Vip-IRES-Cre,2/3,0.7045157120951515,0.7055424234387855,-0.17662081838643165,0.007195143615466169,0.2613900724050459,8.005513191223145,0.006509614642709494,0.005817297380417585,0.005236461292952299,0.004864532966166735,0.00532067334279418,0.006419649347662926,0.008048898540437222,-0.014873970299959183,-0.01899157091975212,-0.023968372493982315,-0.02701912447810173,-0.028714831918478012,-0.027354460209608078,-0.023734075948596,-0.019265688955783844,7.775321137160063e-05,1.1054190397262573,29.995513916015625,169.8300018310547,0.2613900724050459,Inhibitory (Mouse),Inhibitory
329322109,Mouse,aspiny,Sst-IRES-Cre,6a,0.9500296849973543,0.9007198697344998,-0.5200486252936836,0.00795351715896328,0.15995557074062092,8.243597984313965,0.23419582843780518,0.20711776614189148,0.16682380437850952,0.11988141387701035,0.0434122271835804,-0.012231734581291676,-0.022698616608977318,-1.3527534008026123,-0.8672841787338257,-0.4501325786113739,-0.3022618889808655,-0.1949501633644104,-0.08496379107236862,-0.0002555622486397624,0.06383538246154785,0.014063805341720581,1.40992271900177,129.97984313964844,249.93748474121094,0.15995557074062092,Inhibitory (Mouse),Inhibitory
501845630,Mouse,spiny,Ctgf-T2A-dgCre,6a,0.5376278655587599,0.659862295267767,-0.841028707105532,0.04664822122482373,0.06408108050954732,8.039040565490723,0.25638940930366516,0.3218342959880829,0.26756972074508667,0.1914754956960678,0.12402970343828201,0.07027311623096466,0.04379533976316452,0.23903678357601166,-0.6275838613510132,-0.6857872009277344,-0.37424054741859436,-0.41590505838394165,-0.4265896677970886,-0.4034009575843811,-0.37882381677627563,0.09749346971511841,3.413267135620117,210.05641174316406,249.74998474121094,0.06408108050954732,Excitatory (Mouse),Excitatory
488681087,Mouse,aspiny,Rorb-IRES2-Cre,5,0.7230537939037284,0.7636202292970801,-0.7184391823634866,0.006784565465838425,0.21003018028675433,8.036486625671387,0.08650070428848267,0.10120082646608353,0.07792726159095764,0.06579234451055527,0.04146328940987587,0.011339718475937843,-1.887452344817575e-05,0.23929060995578766,0.2639322578907013,-0.0141218276694417,-0.46706458926200867,-0.528917670249939,-0.17960992455482483,-0.07069353759288788,-0.013860533013939857,-0.0017729037208482623,1.3532829284667969,193.93008422851562,269.9324951171875,0.21003018028675433,Other (Mouse),Inhibitory
574377603,Mouse,aspiny,Pvalb-IRES-Cre,5,0.8490121576690384,0.5831989722965453,-0.697114145272025,0.0036385406917626233,0.39062500000015143,7.827694892883301,-0.12718228995800018,-0.05252541974186897,-0.005607587285339832,0.009638119488954544,0.01000828854739666,0.011943367309868336,0.014404472894966602,-0.10571647435426712,-0.07450755685567856,0.04763953015208244,0.10917270928621292,0.09568244963884354,0.0006083993939682841,-0.0677199587225914,-0.10666874796152115,0.2531076967716217,1.3879834413528442,369.1650695800781,529.469970703125,0.39062500000015143,Inhibitory (Mouse),Inhibitory
487353993,Mouse,spiny,Cux2-CreERT2,4,0.7162281992774547,0.7209829535475796,-0.840015102421978,0.020488504705349526,0.09815315032352598,8.116769790649414,0.12412849068641663,0.12694048881530762,0.12224531918764114,0.11161985248327255,0.07424484938383102,0.02034688927233219,0.012008643709123135,-0.6717654466629028,-0.2915184497833252,-0.19959186017513275,-0.18712212145328522,-0.18582606315612793,-0.22270627319812775,-0.29688864946365356,-0.3575291931629181,0.0056658037938177586,2.2629284858703613,209.9512939453125,249.93748474121094,0.09815315032352598,Excitatory (Mouse),Excitatory
475549334,Mouse,aspiny,Pvalb-IRES-Cre,5,0.8296898174511519,0.8173913352732968,-0.6599736030332207,0.005543768241401292,0.5127658177998532,7.873180866241455,-0.09357564151287079,-0.050634365528821945,-0.025069842115044594,-0.01554161962121725,0.0029535547364503145,0.01814369484782219,0.003949827514588833,-0.3293364942073822,-0.38604170083999634,-0.10052156448364258,-0.031981293112039566,-0.024715468287467957,-0.04113181307911873,-0.024938035756349564,-0.011402509175240993,-0.25925543904304504,1.808315634727478,389.3542785644531,589.8524780273438,0.5127658177998532,Inhibitory (Mouse),Inhibitory
567266985,Mouse,sparsely spiny,Chrna2-Cre_OE25,5,0.7440606575411044,0.7041468507669089,-0.5238159010065875,0.005314711788436005,0.14486681813941393,8.313870429992676,0.3254826068878174,0.3301728069782257,0.32184815406799316,0.28134623169898987,0.1817314326763153,0.10016307979822159,0.05528510734438896,0.439439982175827,0.21085405349731445,0.06832779943943024,-0.04666266217827797,-0.21432681381702423,-0.41276466846466064,-0.4927263855934143,-0.522986888885498,-0.0004223148280289024,1.0559229850769043,109.8913345336914,209.7899932861328,0.14486681813941393,Other (Mouse),Sparsely Spiny
486198953,Mouse,spiny,Cux2-CreERT2,4,0.7223165420966451,0.6561684680278742,-0.915929377476873,0.01878238257622682,0.14337923786909312,7.9977827072143555,-0.00011810328578576446,0.002692265436053276,0.005693798419088125,0.00516537157818675,-0.011775748804211617,-0.014065776951611042,-0.004618153441697359,-0.28345203399658203,-0.2292889803647995,-0.19922716915607452,-0.1666477620601654,-0.0836922824382782,-0.014483293518424034,-0.012381528504192829,-0.010399889200925827,0.03032190166413784,2.07818865776062,210.6120147705078,229.9425048828125,0.14337923786909312,Excitatory (Mouse),Excitatory
593579697,Mouse,aspiny,Chrna2-Cre_OE25|Pvalb-T2A-Dre,5,0.8883624513530519,0.8861761150226978,-0.6114526342266775,0.00701010534392446,0.14104790127775632,7.895088195800781,-0.05673978477716446,0.015011914074420929,0.08377726376056671,0.11692164093255997,0.08284389227628708,0.01994911953806877,-0.03744204342365265,-1.0423500537872314,-1.0100880861282349,-0.8578543066978455,-0.5205752849578857,-0.24646177887916565,-0.10063939541578293,-0.07063007354736328,-0.06700170785188675,-0.3669946789741516,1.4734176397323608,189.49545288085938,309.69000244140625,0.14104790127775632,Other (Mouse),Inhibitory
515059388,Mouse,spiny,Scnn1a-Tg3-Cre,5,0.6977777616891054,0.6571032952096542,-0.8261154199812832,0.013784932758784571,0.13279341302177577,7.7834906578063965,0.05719248950481415,0.2566222846508026,0.33846282958984375,0.3298165798187256,0.21933501958847046,0.11015765368938446,0.05012355372309685,0.6127905249595642,-0.06264728307723999,-0.48151493072509766,-0.6686297059059143,-0.7445305585861206,-0.8114704489707947,-0.8495025038719177,-0.8642815947532654,-2.1359792299335822e-05,1.779708981513977,189.81654357910156,229.77000427246094,0.13279341302177577,Excitatory (Mouse),Excitatory
580005568,Mouse,spiny,Oxtr-T2A-Cre,6a,0.8168122926790878,0.8367698268153596,-0.6524017418748748,0.00988605340542421,0.14314953600937597,7.995601177215576,0.05968264490365982,0.13887861371040344,0.17405951023101807,0.13701027631759644,0.03062356635928154,-0.0036439639516174793,0.01906639337539673,-0.5504553318023682,-0.7168675661087036,-0.7166253328323364,-0.6346728205680847,-0.49748995900154114,-0.3005833625793457,-0.18123634159564972,-0.09289181977510452,0.02664385735988617,1.5071557760238647,149.90306091308594,229.77000427246094,0.14314953600937597,Excitatory (Mouse),Excitatory
623308514,Mouse,spiny,Sim1-Cre_KJ18,5,0.8131274963788894,0.8506866945389161,-0.7037009506010599,0.014125312391417039,0.07768187346306357,8.017836570739746,0.11052415519952774,0.15987920761108398,0.1772637814283371,0.1590052843093872,0.09449909627437592,0.05033167079091072,0.025341011583805084,0.238251730799675,-0.4011338949203491,-0.6179793477058411,-0.4778260290622711,-0.33217790722846985,-0.2938847541809082,-0.29089993238449097,-0.28257107734680176,-2.3109996618586592e-06,1.9519274234771729,189.80926513671875,269.7300109863281,0.07768187346306357,Excitatory (Mouse),Excitatory
609775336,Mouse,aspiny,Slc32a1-T2A-FlpO|Vipr2-IRES2-Cre,1,0.9461018138420682,0.9578228954910346,-0.5862850284744127,0.01007174675896339,0.21245134864118626,7.992443084716797,0.15988843142986298,0.2629401385784149,0.2451362907886505,0.17242906987667084,0.06663079559803009,0.005049967207014561,-0.03874644264578819,-0.45706599950790405,-0.4323888421058655,-0.23792940378189087,-0.2162332534790039,-0.24741534888744354,-0.2127148061990738,-0.06883583962917328,0.06852267682552338,-0.0001602250267751515,1.7081819772720337,169.85263061523438,289.7099914550781,0.21245134864118626,Other (Mouse),Inhibitory
475057898,Mouse,sparsely spiny,Sst-IRES-Cre,5,0.7487853466254217,0.7975348475937919,-0.8260423429769989,0.011295347237194154,0.15747161062435824,7.980783939361572,0.057044245302677155,0.11227357387542725,0.1406884342432022,0.15038786828517914,0.12007500976324081,0.07742684334516525,0.029354998841881752,-0.5338384509086609,-0.4511478841304779,-0.2795135974884033,-0.12151209264993668,-0.07271400094032288,-0.16600237786769867,-0.18718937039375305,-0.16350089013576508,-7.335303475741739e-09,1.6116080284118652,189.94224548339844,229.9425048828125,0.15747161062435824,Inhibitory (Mouse),Sparsely Spiny
482799345,Mouse,aspiny,Nr5a1-Cre,2/3,0.9472496820211763,0.9455348106712581,-0.6313668045910238,0.0027651523264877777,0.4035180316064171,7.8486528396606445,0.009219835512340069,0.052432216703891754,0.06582217663526535,0.07073111832141876,0.06778121739625931,0.04995446652173996,0.0036417068913578987,-0.517422616481781,-0.3298618197441101,-0.1979120820760727,-0.15707284212112427,-0.14820973575115204,-0.17000696063041687,-0.18844003975391388,-0.22685563564300537,-0.22960549592971802,1.1638667583465576,309.3450927734375,489.8774719238281,0.4035180316064171,Other (Mouse),Inhibitory
565407476,Mouse,aspiny,Oxtr-T2A-Cre,2/3,0.6370251470427416,0.6024829250820917,-0.1785223782723885,0.009482317578866662,0.1821844719802092,8.263008117675781,0.2869970202445984,0.2914358079433441,0.264922171831131,0.220229372382164,0.16650253534317017,0.1473546028137207,0.16775205731391907,-0.23928755521774292,0.13184571266174316,0.23280185461044312,0.08372627198696136,-0.04209519922733307,-0.43885132670402527,-0.6406753063201904,-0.6941015720367432,0.058437786996364594,1.2690082788467407,30.321870803833008,169.8300018310547,0.1821844719802092,Other (Mouse),Inhibitory
565448436,Mouse,aspiny,Oxtr-T2A-Cre,2/3,0.8110630768475394,0.8011851373777249,-0.5855667515003647,0.00657142837740975,0.14074218986402814,7.902229309082031,-0.07771921157836914,0.0014685194473713636,0.03488456457853317,0.0625925287604332,0.062463004142045975,0.02517007291316986,-0.0063927145674824715,-1.8953174352645874,-1.2252124547958374,-0.5858277678489685,-0.4242824614048004,-0.32789838314056396,-0.16625715792179108,-0.09689003229141235,-0.050137877464294434,-0.10758297890424728,1.3797856569290161,169.65611267089844,289.7099914550781,0.14074218986402814,Other (Mouse),Inhibitory
396652279,Mouse,aspiny,Pvalb-IRES-Cre,5,0.9481327282042283,0.9507896809739607,-0.5662262414219531,0.005105704095008257,0.24889190214016746,7.9630961418151855,-0.007383446674793959,0.03069770522415638,0.058871153742074966,0.07743625342845917,0.07508625090122223,0.030452366918325424,-0.060824885964393616,-0.6767568588256836,-0.6679684519767761,-0.501258134841919,-0.35711199045181274,-0.21385543048381805,-0.07408881932497025,0.027307869866490364,0.09487419575452805,0.2739773988723755,1.3742773532867432,209.52639770507812,369.9075012207031,0.24889190214016746,Inhibitory (Mouse),Inhibitory
326774520,Mouse,aspiny,Htr3a-Cre_NO152,4,0.4817261758104812,0.5268835235842994,-0.1271334208541064,0.012877802338433787,0.15283275511607725,8.170775413513184,0.15438342094421387,0.11386635899543762,0.09933783113956451,0.0873483270406723,0.06808511912822723,0.07222899794578552,0.10241635888814926,-0.09283677488565445,-0.04913586005568504,-0.08863966912031174,-0.1016099750995636,-0.32170331478118896,-0.742488443851471,-0.8430711627006531,-0.7569899559020996,0.010870210826396942,1.4794185161590576,21.607397079467773,169.95750427246094,0.15283275511607725,Inhibitory (Mouse),Inhibitory
488689403,Mouse,spiny,Rorb-IRES2-Cre,4,0.7478730096064371,0.6657363666089218,-0.8181813133274038,0.008520546311934645,0.20738390389839106,7.79392671585083,-0.040403395891189575,0.09433398395776749,0.1418723464012146,0.1327795684337616,0.07444504648447037,0.041957151144742966,0.01518122386187315,-0.6161894798278809,-0.7505056262016296,-0.648772120475769,-0.4350687861442566,-0.29659944772720337,-0.25380265712738037,-0.2520328462123871,-0.2507910132408142,-0.000317481899401173,1.6766268014907837,269.9323425292969,329.9175109863281,0.20738390389839106,Excitatory (Mouse),Excitatory
486756093,Mouse,spiny,Cux2-CreERT2,4,0.8350153554303,0.796899962828911,-0.7392585604767394,0.019305338667189385,0.08878042288689729,7.989964962005615,-0.00928990077227354,-0.0033551519736647606,0.0003194289456587285,0.0031053575221449137,0.0032400700729340315,-0.0023812521249055862,-0.0131726935505867,-0.23963797092437744,-0.18538059294223785,-0.13774318993091583,-0.11615557968616486,-0.10035251080989838,-0.08964404463768005,-0.08661052584648132,-0.08469260483980179,0.02656588703393936,2.106921434402466,169.9876708984375,229.9425048828125,0.08878042288689729,Excitatory (Mouse),Excitatory
596619013,Mouse,aspiny,Slc32a1-T2A-FlpO|Vipr2-IRES2-Cre,5,0.7141649217710951,0.856562734562708,-0.5836860777663933,0.005069399406750509,0.185394612432579,8.160226821899414,0.006111182738095522,-0.20434784889221191,-0.1903257817029953,-0.04963168129324913,0.03938128426671028,0.013781421817839146,-0.003053824882954359,-0.6374375820159912,-0.9719315767288208,-1.1371898651123047,-1.1173456907272339,-0.8533592224121094,-0.20797249674797058,0.013027149252593517,0.09820608049631119,0.31429678201675415,1.2118810415267944,169.19847106933594,289.7099914550781,0.185394612432579,Other (Mouse),Inhibitory
501280518,Mouse,aspiny,Sst-IRES-Cre,4,0.7613248713559102,0.8050160519858609,-0.4782096234949642,0.008341199508885016,0.15467042825148408,8.033774375915527,0.03126334771513939,0.02419465221464634,0.02109035663306713,0.020496409386396408,0.022970933467149734,0.024544760584831238,0.024830052629113197,-0.3410395383834839,-0.3448779582977295,-0.350983202457428,-0.35670650005340576,-0.30503958463668823,-0.16098624467849731,-0.10819344222545624,-0.08301204442977905,1.780049024091568e-05,1.3843978643417358,109.87822723388672,229.77000427246094,0.15467042825148408,Inhibitory (Mouse),Inhibitory
580194100,Mouse,spiny,Oxtr-T2A-Cre,6a,0.6252002011830908,0.6032631547128401,-0.47091716782921245,0.006931305331363875,0.16277101373786998,8.137718200683594,0.14139507710933685,0.13692207634449005,0.12825019657611847,0.11687321960926056,0.09929949790239334,0.086155965924263,0.08201855421066284,-0.1294461041688919,-0.17186616361141205,-0.19119037687778473,-0.23003940284252167,-0.2688165009021759,-0.27099287509918213,-0.2599101662635803,-0.2457301914691925,-0.20529688894748688,1.1470096111297607,89.42693328857422,189.80999755859375,0.16277101373786998,Excitatory (Mouse),Excitatory
563220277,Mouse,spiny,Sim1-Cre_KJ18,5,0.7727848281015676,0.7030129190662915,-0.9138663913227252,0.04503133957162741,0.06999344581373344,8.162514686584473,0.23594121634960175,0.18005910515785217,0.09917023032903671,0.0729966089129448,0.05984780937433243,0.03145118057727814,0.017095627263188362,-0.6754875779151917,-0.22653816640377045,-0.38654565811157227,-0.5411126017570496,-0.5273659825325012,-0.33354175090789795,-0.2337014228105545,-0.1935245543718338,-0.07092927396297455,3.2166521549224854,209.98411560058594,229.77000427246094,0.06999344581373344,Excitatory (Mouse),Excitatory
478498617,Mouse,spiny,Rorb-IRES2-Cre,4,0.7103863593508711,0.7562145384418314,-0.36877714025608194,0.00686711600770785,0.1316759891072401,8.286559104919434,0.3238661289215088,0.3301636576652527,0.31900060176849365,0.27630969882011414,0.16195839643478394,0.042770836502313614,-0.07609719038009644,0.9844487905502319,0.2164272665977478,-0.16012366116046906,-0.1680668294429779,-0.20242297649383545,-0.38316094875335693,-0.4955867528915405,-0.5741012096405029,0.02262832038104534,1.1421146392822266,70.05065155029297,189.95249938964844,0.1316759891072401,Excitatory (Mouse),Excitatory
473943881,Mouse,aspiny,Htr3a-Cre_NO152,2/3,0.775713142321389,0.668768682578458,-0.8285717350694444,0.008484010540588043,0.1592162357890773,8.090543746948242,0.08459613472223282,0.11512624472379684,0.1328963339328766,0.1415911763906479,0.07161027938127518,0.0042515709064900875,-0.007924054749310017,-1.6049970388412476,-1.506543755531311,-1.2941205501556396,-0.9236093759536743,-0.44799262285232544,-0.1854141503572464,-0.16436314582824707,-0.16539832949638367,8.844970112234507e-14,1.7229803800582886,289.9276123046875,349.9125061035156,0.1592162357890773,Inhibitory (Mouse),Inhibitory
488501071,Mouse,aspiny,Pvalb-IRES-Cre,2/3,0.8966726547760269,0.8845543824793044,-0.8867806141723067,0.007176078912009221,0.3687587580206421,7.8777642250061035,-0.034116990864276886,0.07374126464128494,0.13678286969661713,0.17351454496383667,0.16159822046756744,0.07800513505935669,-0.06914547085762024,-0.5809427499771118,-0.785602331161499,-0.5497788786888123,-0.35960081219673157,-0.21874630451202393,-0.11333789676427841,-0.08834435045719147,-0.10787181556224823,-0.00034373754169791937,1.9499669075012207,469.876220703125,529.8674926757812,0.3687587580206421,Inhibitory (Mouse),Inhibitory
477278032,Mouse,aspiny,Htr3a-Cre_NO152,2/3,0.8133589110059056,0.8836225441604694,-0.6728146816803614,0.0034302398288604046,0.1699719988129206,7.9296040534973145,-0.02480783686041832,0.0321505181491375,0.1070801392197609,0.14489313960075378,0.10430590063333511,0.03954552114009857,-0.046450380235910416,-1.1409671306610107,-1.3363308906555176,-1.2627975940704346,-0.92554771900177,-0.5435877442359924,-0.22909530997276306,-0.06345269829034805,0.025194229558110237,0.013030683621764183,0.9622542262077332,181.61471557617188,269.9324951171875,0.1699719988129206,Inhibitory (Mouse),Inhibitory
320466776,Mouse,aspiny,Pvalb-IRES-Cre,2/3,0.9561023930996152,0.9553186052022423,-0.5379716691407211,0.0038087625736062717,0.2356278776054114,8.370645523071289,0.24662701785564423,0.11963371187448502,0.020295215770602226,-0.028814492747187614,-0.028778456151485443,-0.022007640451192856,0.023477835580706596,-0.6092627048492432,-0.19195573031902313,-0.04769917577505112,-0.05593213438987732,-0.03072982281446457,0.00777464359998703,-0.01652657613158226,-0.06841681152582169,1.6636474420295144e-09,1.1869666576385498,198.999755859375,369.9075012207031,0.2356278776054114,Inhibitory (Mouse),Inhibitory
528011097,Human,aspiny,,3,0.8343190984811011,0.7962372229765782,-0.9021002741718659,0.019246471406687768,0.1658186699883457,7.774544715881348,-0.08675320446491241,0.05968527868390083,0.15581713616847992,0.1845877319574356,0.1186499074101448,0.057720959186553955,0.018229836598038673,-0.37255072593688965,-0.6339589357376099,-0.6629533767700195,-0.3004119098186493,-0.14934071898460388,-0.1625141203403473,-0.17463506758213043,-0.17501485347747803,-0.0003323982236906886,2.667222023010254,333.4433288574219,369.6300048828125,0.1658186699883457,Inhibitory (Human),Inhibitory
593448793,Mouse,aspiny,Slc32a1-T2A-FlpO|Vipr2-IRES2-Cre,4,0.6704295762479181,0.7715862760784156,-0.7124358311834728,0.005486536995068606,0.13043101712194027,8.045510292053223,0.054919078946113586,0.14668551087379456,0.1796034425497055,0.15650233626365662,0.08080937713384628,0.02856375090777874,0.005443511996418238,-1.7813770771026611,-1.4926310777664185,-1.2543898820877075,-1.0054562091827393,-0.7439490556716919,-0.46803417801856995,-0.31704625487327576,-0.2096588909626007,0.2702586352825165,1.3850514888763428,249.1762237548828,349.6499938964844,0.13043101712194027,Other (Mouse),Inhibitory
328535908,Mouse,aspiny,Sst-IRES-Cre,5,0.6778994060733504,0.66815101818118,-0.5885110283581928,0.019615789241354563,0.1682580371606371,7.989432334899902,0.2718295156955719,0.3869266211986542,0.39675113558769226,0.43679922819137573,0.38728034496307373,0.19440385699272156,-0.0019231060286983848,-0.4069842994213104,0.4026021361351013,0.05222761631011963,-0.13063304126262665,0.0953240841627121,-0.03421449661254883,-0.48839810490608215,-0.8456635475158691,0.030512526631355286,1.8258835077285767,100.02279663085938,169.95750427246094,0.1682580371606371,Inhibitory (Mouse),Inhibitory
562540395,Mouse,aspiny,Vip-IRES-Cre,4,0.7741829909979726,0.8248197465309968,-0.48197187698425487,0.009909161125008654,0.09951595439780879,8.028595924377441,0.024324467405676842,0.01681753434240818,0.014605053700506687,0.01615215837955475,0.016643458977341652,0.011616675183176994,0.00813309382647276,-0.36090201139450073,-0.35564741492271423,-0.3469802737236023,-0.33053192496299744,-0.29962462186813354,-0.19635005295276642,-0.13265308737754822,-0.09738475829362869,-0.025194337591528893,1.6348694562911987,130.00291442871094,269.7300109863281,0.09951595439780879,Inhibitory (Mouse),Inhibitory
502665074,Mouse,spiny,Ctgf-T2A-dgCre,6b,0.6969914927487758,0.8490701064447921,-0.652501692387456,0.028186633488778767,0.07740345467098833,8.115127563476562,0.16514399647712708,0.24953018128871918,0.3205469846725464,0.3190854489803314,0.17558926343917847,0.04641834273934364,-0.018367696553468704,-0.3456549048423767,-0.978552520275116,-0.9898949861526489,-0.4770456552505493,-0.3032439351081848,-0.42551127076148987,-0.5346484780311584,-0.5774427056312561,0.04215279594063759,2.5448856353759766,149.92709350585938,229.77000427246094,0.07740345467098833,Excitatory (Mouse),Excitatory
468193142,Mouse,spiny,Scnn1a-Tg3-Cre,4,0.7694568732860411,0.8307057716224753,-0.8286360661940613,0.023067561518599573,0.08130824312725553,8.132976531982422,0.13271546363830566,0.1040840893983841,0.13516826927661896,0.16565468907356262,0.09853794425725937,0.0010888261022046208,-0.05864511802792549,-0.6218684315681458,-0.9943786859512329,-1.1015584468841553,-0.7955471873283386,-0.34721139073371887,-0.19641393423080444,-0.2322784811258316,-0.25848472118377686,0.019440127536654472,2.8410611152648926,289.95050048828125,349.9125061035156,0.08130824312725553,Excitatory (Mouse),Excitatory
524857207,Mouse,spiny,Chrna2-Cre_OE25,5,0.5908543262398902,0.6411796102174382,-0.7617183635176857,0.07484665312054951,0.05365816699837561,7.919937610626221,-0.06910707801580429,-0.06483195722103119,-0.05593280866742134,-0.035872526466846466,-0.0010329188080504537,0.01544860564172268,0.010294903069734573,0.13290753960609436,0.09384725987911224,-0.03549933806061745,-0.08947984129190445,-0.07082705944776535,-0.046187762171030045,-0.0409611277282238,-0.041481420397758484,-0.16564008593559265,4.3235344886779785,190.26658630371094,249.74998474121094,0.05365816699837561,Excitatory (Mouse),Excitatory
480087928,Mouse,spiny,Rorb-IRES2-Cre,4,0.6611163881303876,0.7173588203806122,-0.6909522160008744,0.005608478518815725,0.15717371483375847,8.28856372833252,0.4191829562187195,0.4817609488964081,0.4276164770126343,0.32323500514030457,0.15576274693012238,0.04673529043793678,-0.008380635641515255,0.005021088290959597,-0.01179549377411604,-0.22420820593833923,-0.40148428082466125,-0.45446357131004333,-0.5224044919013977,-0.5800893902778625,-0.6091210246086121,-0.01768326200544834,1.0321552753448486,131.2484130859375,189.95249938964844,0.15717371483375847,Excitatory (Mouse),Excitatory
314822529,Mouse,spiny,Rorb-IRES2-Cre,5,0.7228023261296185,0.7010210596134643,-0.8787775523537387,0.008971078171447544,0.1937514386044226,7.821352958679199,0.08452293276786804,0.1277572512626648,0.10629796236753464,0.0887230634689331,0.05211940035223961,0.021450979635119438,-0.013257156126201153,-0.16329364478588104,-0.11888742446899414,-0.5462586879730225,-0.662752628326416,-0.5701107382774353,-0.5028193593025208,-0.47561341524124146,-0.4636819660663605,5.690076383837008e-15,1.7203824520111084,289.9241027832031,329.9175109863281,0.1937514386044226,Excitatory (Mouse),Excitatory
515305346,Mouse,aspiny,Pvalb-IRES-Cre,5,0.9691891648536046,0.9709631729949247,-0.5363608802576864,0.0036941744048095385,0.36736532203611655,7.984650611877441,0.0036416477523744106,0.04472106695175171,0.07049061357975006,0.07784891128540039,0.06258868426084518,0.02125442959368229,-0.048213377594947815,-0.6172583103179932,-0.564163327217102,-0.3535518944263458,-0.21456997096538544,-0.12478321045637131,-0.04543241485953331,0.018403396010398865,0.06923801451921463,0.1830190122127533,1.1997029781341553,209.0050506591797,389.6099853515625,0.36736532203611655,Inhibitory (Mouse),Inhibitory
580145037,Mouse,aspiny,Vipr2-IRES2-Cre,2/3,0.9535806724600745,0.9529305577449575,-0.5531940657925989,0.005961395661679475,0.23491648249212155,8.328636169433594,0.2811053693294525,0.18180431425571442,0.10532109439373016,0.02065310813486576,-0.026255911216139793,-0.022360768169164658,0.01412513479590416,-0.2007560133934021,-0.2345588505268097,-0.25772029161453247,-0.20214232802391052,-0.12378650903701782,-0.04806002974510193,-0.015077321790158749,0.0024253451265394688,0.2110140174627304,1.2680565118789673,149.257568359375,269.7300109863281,0.23491648249212155,Other (Mouse),Inhibitory
555356054,Mouse,spiny,Htr3a-Cre_NO152,6a,0.8214383933837957,0.8511183659761025,-0.5258114377002654,0.024017023744750017,0.07740470088036853,7.960699558258057,-0.01764201559126377,0.011314640752971172,0.034335169941186905,0.02500184252858162,-0.0021419678814709187,0.0010680254781618714,0.014958471991121769,-0.475829541683197,-0.7284153699874878,-0.6339382529258728,-0.47442519664764404,-0.31671425700187683,-0.16458410024642944,-0.10436856001615524,-0.07290816307067871,-0.09976495057344437,2.2446672916412354,110.31993103027344,209.7899932861328,0.07740470088036853,Inhibitory (Mouse),Excitatory
591622050,Mouse,sparsely spiny,Vip-IRES-Cre,6a,0.5815443833547902,0.6455377966640014,-0.4166570786592481,0.013354003610910466,0.13395423801738973,8.31439208984375,0.3607059419155121,0.3794136941432953,0.36281847953796387,0.3176102042198181,0.22870154678821564,0.1662023812532425,0.14054906368255615,-0.4943239688873291,-0.19603127241134644,-0.11806105077266693,-0.15049207210540771,-0.19955238699913025,-0.4322751760482788,-0.6448525786399841,-0.809874415397644,0.10564686357975006,1.5059583187103271,70.77203369140625,169.8300018310547,0.13395423801738973,Inhibitory (Mouse),Sparsely Spiny
585740198,Mouse,sparsely spiny,Htr3a-Cre_NO152|Pvalb-T2A-Dre,6a,0.9595187025045119,0.9631671484947657,-0.4522519400486199,0.005729293970192877,0.17449028769610386,7.994599342346191,-0.004604247398674488,-0.004271404817700386,-0.002909486647695303,-0.001134962192736566,0.0006363787106238306,8.891977631719783e-05,-0.003511502407491207,-0.030180390924215317,-0.02906423807144165,-0.02660367637872696,-0.022351950407028198,-0.016380757093429565,-0.01095661148428917,-0.010573739185929298,-0.0140126533806324,-0.08597201853990555,1.2883453369140625,131.029296875,289.7099914550781,0.17449028769610386,Inhibitory (Mouse),Sparsely Spiny
488501165,Mouse,spiny,Rorb-IRES2-Cre,5,0.6607172862287508,0.7194616734873709,-0.9242628982047305,0.01235618365237787,0.21718960130938814,7.74399471282959,0.10554784536361694,0.22047580778598785,0.1933917999267578,0.14553676545619965,0.10684441030025482,0.06449028849601746,0.02037680149078369,0.023487064987421036,-0.04244571924209595,-0.14863795042037964,-0.2511008679866791,-0.3492831289768219,-0.34097951650619507,-0.24986746907234192,-0.166138157248497,-0.02290438860654831,1.7573484182357788,231.0084686279297,249.93748474121094,0.21718960130938814,Excitatory (Mouse),Excitatory
320466871,Mouse,aspiny,Pvalb-IRES-Cre,5,0.9750959554112015,0.9701239064197408,-0.6472058268917655,0.0035866431140278727,0.47786756378320805,7.910979747772217,-0.04940209537744522,0.000989295425824821,0.022933831438422203,0.015756193548440933,0.004221335519105196,0.01220017485320568,0.011259621940553188,-0.5463140606880188,-0.3741520345211029,-0.1436353176832199,-0.00022646089200861752,0.05666487663984299,0.015051426365971565,-0.01994507573544979,-0.04463259130716324,-1.0671483133889144e-23,1.3523056507110596,329.992431640625,509.8724670410156,0.47786756378320805,Inhibitory (Mouse),Inhibitory
574992320,Mouse,aspiny,Pvalb-IRES-Cre,2/3,0.8281592009229912,0.8124482758163579,-0.9523456384717489,0.02412511788509204,0.2277273538810008,8.130281448364258,0.13837608695030212,0.1419377326965332,0.14155250787734985,0.13758054375648499,0.11564793437719345,0.07086558640003204,0.00010204648424405605,-0.1660587638616562,-0.6056126356124878,-0.21876227855682373,-0.14363737404346466,-0.09899524599313736,-0.09228787571191788,-0.10654916614294052,-0.13740120828151703,-0.016003483906388283,3.143470525741577,390.0715026855469,409.5899963378906,0.2277273538810008,Inhibitory (Mouse),Inhibitory
471789504,Mouse,spiny,Ntsr1-Cre_GN220,6a,0.7790277411201618,0.746072810549943,-0.9320723848289874,0.023769917552550524,0.11431171203509237,8.086600303649902,0.11943379044532776,0.09577828645706177,0.10724037140607834,0.11413873732089996,0.07408903539180756,0.028672441840171814,0.034051019698381424,-0.24442780017852783,-0.5508066415786743,-0.8032276630401611,-0.7761028409004211,-0.6288644075393677,-0.39016783237457275,-0.3027917742729187,-0.2576775848865509,0.030111702159047127,2.6251766681671143,270.23431396484375,289.927490234375,0.11431171203509237,Excitatory (Mouse),Excitatory
466431949,Mouse,spiny,Scnn1a-Tg3-Cre,5,0.6537635109905734,0.6997170588719668,-0.9463077213946224,0.05918769589186382,0.06051162945776532,8.246524810791016,0.18761847913265228,0.11379168182611465,0.06798356026411057,0.06893810629844666,0.06253919750452042,-0.009744381532073021,-0.05582656338810921,-0.924638032913208,-0.3644200563430786,-0.2664925158023834,-0.5146325826644897,-0.5986035466194153,-0.2755841910839081,-0.1823095828294754,-0.2011069655418396,0.02872370555996895,4.6790995597839355,350.0471496582031,369.9075012207031,0.06051162945776532,Excitatory (Mouse),Excitatory
469864405,Mouse,spiny,Scnn1a-Tg3-Cre,4,0.7163615673829568,0.7210370424489884,-0.7777778845532036,0.0068841384734759535,0.19133717130188202,8.154187202453613,0.1929088830947876,0.21542994678020477,0.21613556146621704,0.20356324315071106,0.1648217886686325,0.10555548965930939,0.046412382274866104,-0.23556682467460632,-0.6350298523902893,-0.18030233681201935,0.3776640295982361,0.2771732211112976,-0.3001793622970581,-0.7196719646453857,-0.991202712059021,-6.836766396067784e-12,1.3631774187088013,209.94752502441406,269.9324951171875,0.19133717130188202,Excitatory (Mouse),Excitatory
484659182,Mouse,spiny,Rorb-IRES2-Cre,5,0.6815515542618907,0.7183166564139256,-0.5837376185472634,0.014512324732747823,0.13035382721443625,8.195338249206543,0.20242692530155182,0.20411407947540283,0.19966664910316467,0.18271498382091522,0.15658336877822876,0.14261861145496368,0.14405715465545654,-0.49853140115737915,-0.44213512539863586,-0.3762466311454773,-0.331503689289093,-0.3096175789833069,-0.3558011054992676,-0.4140533208847046,-0.46131911873817444,-0.11733370274305344,1.6603169441223145,110.89618682861328,189.95249938964844,0.13035382721443625,Excitatory (Mouse),Excitatory
562384889,Mouse,aspiny,Chrna2-Cre_OE25,5,0.6938405157080663,0.7142627758135146,-0.5343991427589098,0.012777604785191545,0.13692635388671148,8.296713829040527,0.40890058875083923,0.421707421541214,0.4145829677581787,0.377899706363678,0.24743984639644623,0.09884098172187805,-0.09927673637866974,0.8576705455780029,0.23710352182388306,-0.2978401780128479,-0.30038154125213623,-0.18815696239471436,-0.22545424103736877,-0.3376298248767853,-0.4945385754108429,0.10527060925960541,1.4730989933013916,90.7680892944336,169.8300018310547,0.13692635388671148,Other (Mouse),Inhibitory
583454722,Mouse,aspiny,Chrna2-Cre_OE25|Pvalb-T2A-Dre,5,0.9272725673857865,0.9251569191622332,-0.714266307726787,0.00780395967249508,0.2617033749267712,8.016010284423828,0.023601723834872246,0.03015858307480812,0.03549531102180481,0.03976326063275337,0.04040631651878357,0.03738290071487427,0.030377356335520744,-0.21724726259708405,-0.23890769481658936,-0.19928111135959625,-0.12497501075267792,-0.06182722747325897,-0.05079439654946327,-0.0805889219045639,-0.13646161556243896,0.0038678832352161407,1.651863932609558,249.74322509765625,349.6499938964844,0.2617033749267712,Other (Mouse),Inhibitory
485060618,Mouse,aspiny,Pvalb-IRES-Cre,2/3,0.949076906608816,0.9398039046042983,-0.865160129767129,0.003280791088226695,0.44977437068728165,8.00144100189209,0.02008245326578617,0.05145375058054924,0.08287515491247177,0.10133584588766098,0.07788841426372528,0.030779385939240456,-0.025995643809437752,-0.5472144484519958,-0.5449618101119995,-0.5207688212394714,-0.3866518437862396,-0.19634807109832764,-0.04721679165959358,-0.0623847097158432,-0.09189741313457489,3.3895061496049582e-18,1.7085590362548828,769.7999877929688,889.7774658203125,0.44977437068728165,Inhibitory (Mouse),Inhibitory
482652174,Mouse,spiny,Nr5a1-Cre,4,0.7406238170134961,0.6258428075740214,-0.5847648960203776,0.011990534707614261,0.12458975707738416,8.177599906921387,0.38672128319740295,0.5507180094718933,0.5760510563850403,0.4761693775653839,0.22371461987495422,0.045407794415950775,-0.027889497578144073,0.9521386027336121,-1.0102617740631104,-0.916653573513031,-0.2526136636734009,0.07140012830495834,-0.3353976905345917,-0.5933498740196228,-0.698347270488739,-0.11411668360233307,1.5091825723648071,111.090576171875,189.95249938964844,0.12458975707738416,Excitatory (Mouse),Excitatory
565866518,Mouse,aspiny,Oxtr-T2A-Cre,2/3,0.9599150653542576,0.9580654368775661,-0.8399142138044754,0.004443283259676123,0.2631578947369633,7.959612846374512,0.0763259157538414,0.17550520598888397,0.1906038522720337,0.1632971167564392,0.11103741079568863,0.04968377947807312,-0.06977464258670807,-0.986352264881134,-0.8142585158348083,-0.5410783290863037,-0.4708365201950073,-0.4020489454269409,-0.19299359619617462,-0.0453503392636776,0.03973833844065666,-0.022852823138237,1.4747987985610962,411.14691162109375,489.5099792480469,0.2631578947369633,Other (Mouse),Inhibitory
508276760,Mouse,spiny,Rbp4-Cre_KL100,6a,0.4742579814663544,0.7206984940286572,-0.6853028305905184,0.014441179668720838,0.0716195295570916,8.159139633178711,0.2262316346168518,0.23208880424499512,0.21485504508018494,0.1945289969444275,0.16848286986351013,0.14523543417453766,0.12276321649551392,-0.43458548188209534,-0.5053603649139404,-1.8657336235046387,-0.69438236951828,-0.3810397982597351,-0.33043161034584045,-0.3798636496067047,-0.4406706690788269,-0.032493047416210175,1.655620813369751,130.07838439941406,189.80999755859375,0.0716195295570916,Excitatory (Mouse),Excitatory
558583839,Mouse,spiny,Ctgf-T2A-dgCre,6a,0.5146614363566233,0.6047515988547832,-0.7895018629459616,0.011885209499481245,0.15060240963855467,8.173186302185059,0.23198731243610382,0.2691876292228699,0.29177409410476685,0.311611533164978,0.3041324317455292,0.2641552686691284,0.23552806675434113,-0.060009125620126724,0.0022781160660088062,-0.03444159775972366,-0.28018227219581604,-0.6431118249893188,-0.9610441327095032,-1.0590952634811401,-0.9427036046981812,-3.754080898943357e-05,1.5019758939743042,149.8553466796875,189.80999755859375,0.15060240963855467,Excitatory (Mouse),Excitatory
547344442,Mouse,sparsely spiny,Nos1-CreERT2|Sst-IRES-FlpO,5,0.6625612316456057,0.7102384972752993,-0.7402668028408316,0.04172815841189933,0.06540407158658738,8.22403621673584,0.26947009563446045,0.27973824739456177,0.26161521673202515,0.23447519540786743,0.1617814600467682,0.06715916097164154,0.04328768327832222,0.17838206887245178,0.4408809244632721,0.27060267329216003,-0.056992243975400925,-0.4374283254146576,-0.7883643507957458,-0.839819610118866,-0.798601508140564,0.09806536138057709,3.0964300632476807,170.10072326660156,229.77000427246094,0.06540407158658738,Other (Mouse),Sparsely Spiny
478793814,Mouse,aspiny,Pvalb-IRES-Cre,4,0.9720429205612108,0.973875832196377,-0.6880014164062063,0.003047027777320231,0.2532126032521346,8.01058292388916,0.03767077997326851,0.06204952299594879,0.06368812173604965,0.04532872885465622,0.030498333275318146,0.02355033904314041,-0.025389693677425385,-0.48369285464286804,-0.37643757462501526,-0.28464123606681824,-0.24132469296455383,-0.21642588078975677,-0.1252337098121643,-0.01804663985967636,0.055085841566324234,-0.2121843546628952,1.1708201169967651,309.5682678222656,449.88751220703125,0.2532126032521346,Inhibitory (Mouse),Inhibitory
508883033,Mouse,spiny,Rbp4-Cre_KL100,4,0.7732813737938586,0.6628009683316483,-0.9316745737332909,0.03131778494486981,0.09053232827962812,7.957796573638916,-0.011843284592032433,0.03428025171160698,0.06560984253883362,0.07859480381011963,0.050748445093631744,-1.9767774574575014e-05,-0.025165526196360588,-1.0965174436569214,-1.1641051769256592,-0.9268671274185181,-0.6541561484336853,-0.4183485805988312,-0.20708651840686798,-0.21229422092437744,-0.2672959268093109,0.04246802255511284,3.0121545791625977,269.917236328125,289.7099914550781,0.09053232827962812,Excitatory (Mouse),Excitatory
588705882,Mouse,spiny,Tlx3-Cre_PL56,5,0.4557618453810437,0.5439350859708306,-0.6842074545789552,0.007970594805891722,0.16819273541937535,8.254969596862793,0.2905689775943756,0.30584317445755005,0.29211491346359253,0.25322622060775757,0.15984128415584564,0.07282111048698425,0.009503785520792007,-0.22035567462444305,-0.14777642488479614,-0.14816726744174957,-0.23294155299663544,-0.3151877820491791,-0.3972187340259552,-0.4571972191333771,-0.5079463720321655,-1.3933685519984705e-19,1.2299994230270386,129.86941528320312,189.80999755859375,0.16819273541937535,Excitatory (Mouse),Excitatory
547262585,Mouse,aspiny,Nos1-CreERT2|Sst-IRES-FlpO,5,0.7105442792579845,0.7966396493569681,-0.6842200757783775,0.009809658792386062,0.14115298273191348,8.439092636108398,0.5699840188026428,0.6616546511650085,0.6719638705253601,0.5889509320259094,0.35466885566711426,0.1671764999628067,0.05546906962990761,0.4800484776496887,-0.7837395071983337,-0.6047033667564392,-0.16570822894573212,-0.21436390280723572,-0.731317937374115,-1.0339102745056152,-1.1960077285766602,7.1602853495278396e-06,1.364540696144104,129.87181091308594,189.80999755859375,0.14115298273191348,Other (Mouse),Inhibitory
534524026,Mouse,spiny,Ctgf-T2A-dgCre,6b,0.6515152158663985,0.5546154306604194,-0.41793049527779075,0.025971734347687257,0.07578322723176328,8.279630661010742,0.3366463780403137,0.37517237663269043,0.3930528461933136,0.39161500334739685,0.33749672770500183,0.24361100792884827,0.20261190831661224,0.17616191506385803,0.016870439052581787,-0.05484425649046898,-0.24929291009902954,-0.5245137810707092,-0.758711576461792,-0.8131945133209229,-0.5917797088623047,-0.1671885997056961,2.1001856327056885,71.00508880615234,169.8300018310547,0.07578322723176328,Excitatory (Mouse),Excitatory
595562635,Human,spiny,,4,0.7453790400044089,0.7184725966006804,-0.4520437420233214,0.00825886412556876,0.3287754102295243,7.902848243713379,0.09719670563936234,0.16385145485401154,0.15856125950813293,0.12492765486240387,0.0736638531088829,0.05341508984565735,0.056358758360147476,-0.24630150198936462,0.0787002369761467,-0.0710320770740509,-0.16871875524520874,-0.22192148864269257,-0.26274827122688293,-0.2546159327030182,-0.23181414604187012,-4.141998549700432e-11,1.2520443201065063,85.80242156982422,189.80999755859375,0.3287754102295243,Excitatory (Human),Excitatory
563220620,Mouse,spiny,Esr2-IRES2-Cre,5,0.6940983496873409,0.6565122276293164,-0.7258972202058084,0.08672071946561104,0.05098127743175478,8.066400527954102,0.061736010015010834,0.05775617063045502,0.06599906831979752,0.07227394729852676,0.07263600081205368,0.06876761466264725,0.06584101170301437,0.31241554021835327,0.06132650747895241,-0.2521582245826721,-0.49896955490112305,-0.706562876701355,-0.8538417816162109,-0.9001359939575195,-0.9363799691200256,0.18661648035049438,5.012370586395264,210.33450317382812,289.7099914550781,0.05098127743175478,Excitatory (Mouse),Excitatory
560738452,Mouse,aspiny,Nos1-CreERT2,4,0.9041578031385187,0.9213939985769135,-0.7931056458521911,0.009356342174825925,0.14674668469890667,8.034329414367676,0.1333014816045761,0.19987909495830536,0.20580324530601501,0.17343957722187042,0.09813428670167923,0.03345632553100586,-0.022586632519960403,-0.6753575205802917,-0.7485151290893555,-0.7379035949707031,-0.6168789863586426,-0.38731467723846436,-0.16238752007484436,-0.06559355556964874,-0.020248115062713623,-1.1085622420026198e-09,1.6463978290557861,229.7706298828125,289.7099914550781,0.14674668469890667,Other (Mouse),Inhibitory
519549081,Mouse,aspiny,Htr3a-Cre_NO152,4,0.774568887683102,0.7923801842577256,-0.5654656496187512,0.007552479340141415,0.19958566016948037,8.356901168823242,0.33616718649864197,0.22022834420204163,0.1367056518793106,0.06774032115936279,0.0003090371610596776,-0.012678220868110657,0.011081160977482796,0.1306769847869873,-0.10957581549882889,-0.39660748839378357,-0.3901998996734619,-0.28055495023727417,-0.22130164504051208,-0.23391938209533691,-0.2607988119125366,0.02074239030480385,1.317320466041565,129.92747497558594,229.77000427246094,0.19958566016948037,Inhibitory (Mouse),Inhibitory
507121819,Mouse,spiny,Rorb-IRES2-Cre,4,0.6997031491287731,0.7134532570847082,-0.9061286733921213,0.12136830636836364,0.0472267819680214,8.23687744140625,0.24817289412021637,0.24340945482254028,0.2137061208486557,0.16986890137195587,0.11414482444524765,0.078493133187294,0.05830797553062439,0.07559353113174438,0.13213536143302917,-0.011591262184083462,-0.21511435508728027,-0.36097651720046997,-0.469140887260437,-0.5374397039413452,-0.5842036008834839,-0.14425721764564514,5.045974254608154,190.11753845214844,209.7899932861328,0.0472267819680214,Excitatory (Mouse),Excitatory
475517090,Mouse,aspiny,Sst-IRES-Cre,5,0.6991402095650194,0.7544907753394792,-0.5792219537865296,0.009970496624399,0.17121704499925802,8.12729549407959,0.12643654644489288,0.125747948884964,0.12605324387550354,0.12470357865095139,0.11607712507247925,0.10725735127925873,0.10524938255548477,-0.22311493754386902,-0.33603763580322266,-0.32962939143180847,-0.33628061413764954,-0.30695733428001404,-0.183690145611763,-0.1664268970489502,-0.15366250276565552,-0.021225322037935257,1.3761979341506958,110.02510833740234,189.95249938964844,0.17121704499925802,Inhibitory (Mouse),Inhibitory
488419491,Mouse,spiny,Rbp4-Cre_KL100,5,0.7908726962000406,0.8588920536540117,-0.6799904732770677,0.006482949272586026,0.1381125238641154,8.144577026367188,0.15194320678710938,0.142940491437912,0.13959570229053497,0.1253296285867691,0.058341436088085175,-0.004267537035048008,-0.035167984664440155,-1.0014386177062988,-1.0226296186447144,-0.8233234882354736,-0.433993935585022,-0.2886703312397003,-0.26439961791038513,-0.3148316740989685,-0.36480817198753357,0.00032205934985540807,1.2729226350784302,169.95510864257812,249.93748474121094,0.1381125238641154,Excitatory (Mouse),Excitatory
572608696,Mouse,spiny,Glt25d2-Cre_NF107,5,0.5387604342801845,0.6222281570896494,-0.9317757161117487,0.10137673205324543,0.049895419201354166,8.036130905151367,0.046335384249687195,0.025645069777965546,0.04689259082078934,0.06443549692630768,0.03296958655118942,0.010755645111203194,0.0012167239328846335,1.0830087661743164,0.26035410165786743,-1.014748215675354,-1.3051526546478271,-0.35814574360847473,-0.15132756531238556,-0.12426384538412094,-0.11203204840421677,0.08574759215116501,5.419395923614502,269.95208740234375,289.7099914550781,0.049895419201354166,Excitatory (Mouse),Excitatory
478949560,Mouse,aspiny,Pvalb-IRES-Cre,5,0.915647630639475,0.9455659540519981,-0.5151196196130702,0.004176211451827922,0.309104487207944,7.994208812713623,-0.005180892534554005,-0.005235840100795031,-0.005029640626162291,-0.004852044861763716,-0.004337059333920479,-0.0038567143492400646,-0.00415265467017889,-0.03814822807908058,-0.024959074333310127,-0.0193729680031538,-0.017050402238965034,-0.012534216977655888,-0.009942300617694855,-0.00884322077035904,-0.007936296984553337,-0.19917374849319458,1.1003628969192505,149.3870086669922,289.927490234375,0.309104487207944,Inhibitory (Mouse),Inhibitory
567742660,Human,aspiny,,3,0.5259575427607266,0.6352852582307535,-0.6202438944336882,0.01106075877995434,0.15819871150313733,8.158258438110352,0.22209416329860687,0.2641729414463043,0.25551941990852356,0.23558685183525085,0.19810575246810913,0.1400323361158371,0.09440958499908447,-0.9017723798751831,-0.9561931490898132,0.18236464262008667,0.7087687253952026,0.8026307225227356,0.18363815546035767,-0.5229653120040894,-0.8751800060272217,0.05220435932278633,1.523297905921936,130.12368774414062,209.7899932861328,0.15819871150313733,Inhibitory (Human),Inhibitory
504615116,Mouse,spiny,Rorb-IRES2-Cre,5,0.6205781370555673,0.6949689529605392,-0.8095024604698142,0.01142066459205585,0.15598010567340617,7.7852020263671875,0.040167659521102905,0.24255703389644623,0.31377241015434265,0.3033999502658844,0.18058528006076813,0.07566814124584198,0.06464602798223495,-0.044908735901117325,-0.3370048403739929,-0.33260029554367065,-0.30456292629241943,-0.34214237332344055,-0.4360341429710388,-0.5207191109657288,-0.5341659784317017,-2.558552814058146e-10,1.5478827953338623,169.8255157470703,209.7899932861328,0.15598010567340617,Excitatory (Mouse),Excitatory
479219923,Mouse,aspiny,Htr3a-Cre_NO152,5,0.6802202812974636,0.7366399263004211,-0.47108045641728946,0.011805836321502337,0.12599738744417122,8.362410545349121,0.4478868246078491,0.4854520857334137,0.4474519193172455,0.35323411226272583,0.1391156166791916,0.0144343888387084,0.04332859069108963,-0.27711498737335205,-0.0821741446852684,0.12821292877197266,-0.006162653677165508,-0.2675536572933197,-0.577380359172821,-0.6452118754386902,-0.6184554100036621,-0.08726749569177628,1.3305760622024536,70.65201568603516,149.96249389648438,0.12599738744417122,Inhibitory (Mouse),Inhibitory
314642645,Mouse,spiny,Rorb-IRES2-Cre,4,0.6946447161176142,0.7883085065452513,-0.5806445892470575,0.0043577489821715245,0.16985622689530297,8.48697566986084,0.5603623986244202,0.6097393035888672,0.5959566235542297,0.48799511790275574,0.2115187793970108,0.02685108780860901,-0.11391568183898926,0.3407454490661621,-0.7235593795776367,-0.5978178381919861,-0.3014064431190491,-0.3436945378780365,-0.7951275706291199,-1.0160659551620483,-1.096834421157837,-0.034504469484090805,0.9098160862922668,110.29608154296875,189.95249938964844,0.16985622689530297,Excitatory (Mouse),Excitatory
535728342,Mouse,aspiny,Vip-IRES-Cre,4,0.8434488583224887,0.835961161067175,-0.2171549470129028,0.010099633397895599,0.19666433684982002,8.070037841796875,0.23735815286636353,0.29789450764656067,0.2754717171192169,0.2156676948070526,0.08170657604932785,0.005920002702623606,0.037846364080905914,0.2928420901298523,0.03946969285607338,-0.12515948712825775,-0.12794102728366852,-0.10286552459001541,-0.09489712119102478,-0.09235639870166779,-0.05936853587627411,2.0628367565223016e-06,1.3096643686294556,36.879425048828125,169.8300018310547,0.19666433684982002,Inhibitory (Mouse),Inhibitory
464212183,Mouse,aspiny,Sst-IRES-Cre,5,0.789307037247427,0.7896223394598955,-0.5692410592265871,0.008044246440460267,0.14233412594463404,8.220890045166016,0.268400639295578,0.3333001136779785,0.32426759600639343,0.23704096674919128,0.06473436206579208,-0.010903271846473217,0.0067605506628751755,-1.3157204389572144,-1.0592862367630005,-0.6280423998832703,-0.33123961091041565,-0.20183949172496796,-0.21378257870674133,-0.1935296654701233,-0.13756504654884338,0.08882120996713638,1.3600419759750366,130.90060424804688,229.9425048828125,0.14233412594463404,Inhibitory (Mouse),Inhibitory
603402458,Mouse,spiny,Penk-IRES2-Cre-neo,6a,0.5258988993953877,0.7723710345778422,-0.8095506101370178,0.009580195547717604,0.18239042348138257,7.873155117034912,0.10443881899118423,0.19196151196956635,0.21871979534626007,0.21875658631324768,0.16903497278690338,0.11301535367965698,0.06779647618532181,0.7320123314857483,0.7011299729347229,0.15851815044879913,-0.22972345352172852,-0.45237985253334045,-0.6684321761131287,-0.6994597315788269,-0.6756480932235718,-5.761575216922665e-09,1.4176844358444214,169.8356170654297,209.7899932861328,0.18239042348138257,Excitatory (Mouse),Excitatory
475517157,Mouse,aspiny,Sst-IRES-Cre,5,0.8058476186887449,0.8092644736274889,-0.5656180181998881,0.00850343021212008,0.20038943683153979,8.367003440856934,0.41801854968070984,0.40946730971336365,0.3529733419418335,0.2447284311056137,0.08885243535041809,0.021249132230877876,0.008601774461567402,-0.47943833470344543,-0.3493245840072632,-0.42491820454597473,-0.48744821548461914,-0.5399251580238342,-0.4966197907924652,-0.4307609796524048,-0.3827117383480072,-0.030380310490727425,1.3983204364776611,130.060546875,229.9425048828125,0.20038943683153979,Inhibitory (Mouse),Inhibitory
542142697,Human,aspiny,,3,0.8021244667469684,0.8222798304672787,-0.6212663700903823,0.04987264842537527,0.06178235928294604,8.002324104309082,0.00248102773912251,0.0024530754890292883,0.0024288585409522057,0.0024296205956488848,0.002458487171679735,0.002470223465934396,0.0024543865583837032,-0.009127198718488216,-0.016813961789011955,-0.02156713604927063,-0.02122860588133335,-0.01905590295791626,-0.017115501686930656,-0.016475845128297806,-0.016333574429154396,0.15348106622695923,3.2346224784851074,130.35902404785156,209.7899932861328,0.06178235928294604,Inhibitory (Human),Inhibitory
488501487,Mouse,aspiny,Pvalb-IRES-Cre,4,0.8633260092120115,0.6883099967467232,-0.4272148006165355,0.008103517211747421,0.2697097114376478,7.956408500671387,-0.039519380778074265,-0.03197264298796654,-0.024911168962717056,-0.01908998005092144,-0.008946975693106651,-0.0020077091176062822,-0.0020203867461532354,-0.18273749947547913,-0.208634614944458,-0.1338716447353363,-0.08218768984079361,-0.06185807287693024,-0.04425696283578873,-0.023880822584033012,-0.009687443263828754,0.31419071555137634,1.6839008331298828,149.58651733398438,349.9125061035156,0.2697097114376478,Inhibitory (Mouse),Inhibitory
539537652,Human,spiny,,3,0.7718320473456924,0.8476869841748467,-0.6540295740093311,0.016193152643398094,0.12140778641555545,8.074989318847656,0.08075115084648132,0.08106278628110886,0.08718318492174149,0.08359391242265701,0.0537518709897995,0.02656247280538082,0.010223702527582645,-0.319917231798172,-0.36982789635658264,-0.3716813921928406,-0.3174362778663635,-0.2529768645763397,-0.22104457020759583,-0.2453181892633438,-0.2871255576610565,0.08252182602882385,1.928911805152893,150.28318786621094,229.77000427246094,0.12140778641555545,Excitatory (Human),Excitatory
580014328,Mouse,aspiny,Oxtr-T2A-Cre,5,0.7193046919427011,0.7116524305052321,-0.6758520202548935,0.004525969857308264,0.2675721307571037,7.779229164123535,-0.1970040202140808,-0.11724959313869476,-0.03972082957625389,0.028622429817914963,0.06391692906618118,0.03907722607254982,-0.03219699487090111,-1.7011992931365967,-1.814682126045227,-1.5479384660720825,-1.3497499227523804,-1.0282713174819946,-0.4465421736240387,-0.3080808222293854,-0.27329835295677185,-6.289134102388516e-09,1.293419599533081,249.815185546875,369.6300048828125,0.2675721307571037,Other (Mouse),Inhibitory
561934585,Mouse,aspiny,Vip-IRES-Cre,4,0.6889525974384547,0.7640971072982262,-0.5861846937006646,0.006667041214416686,0.1396648044692766,7.97694206237793,-0.017448145896196365,0.0006127910455688834,0.011461119167506695,0.002383510349318385,-0.015442896634340286,-0.003048861166462302,0.0444592610001564,-2.046971559524536,-1.5701994895935059,-0.7852513790130615,-0.42134222388267517,-0.2971526086330414,-0.26911088824272156,-0.272896945476532,-0.27239081263542175,-0.0001376705477014184,1.389787197113037,169.8235626220703,289.7099914550781,0.1396648044692766,Inhibitory (Mouse),Inhibitory
476131588,Mouse,spiny,Scnn1a-Tg3-Cre,4,0.64261317119707,0.5533070898361901,-0.7894400768849694,0.010609940315851354,0.16639771249737223,8.273738861083984,0.2974892854690552,0.31436315178871155,0.3217869699001312,0.3101973533630371,0.2424599528312683,0.1617516577243805,0.09606851637363434,0.11429046094417572,-0.1727237105369568,-0.2677420675754547,0.2599681615829468,0.5072017312049866,-0.4867461323738098,-1.2004320621490479,-1.5476255416870117,-2.8636469551202026e-07,1.419642448425293,149.95611572265625,189.95249938964844,0.16639771249737223,Excitatory (Mouse),Excitatory
479179020,Mouse,spiny,Rorb-IRES2-Cre,4,0.7122380602749112,0.74323498280901,-0.8849769137943883,0.020618058654651022,0.13033699019826797,7.975436687469482,0.05002574622631073,0.1392705887556076,0.17192652821540833,0.1530275046825409,0.08702126145362854,0.022103821858763695,-0.026789145544171333,-0.41060900688171387,-0.6404842138290405,-0.35740402340888977,-0.24547095596790314,-0.19963112473487854,-0.16643518209457397,-0.20857597887516022,-0.2594170868396759,0.03551614657044411,1.8719491958618164,150.40972900390625,169.95750427246094,0.13033699019826797,Excitatory (Mouse),Excitatory
560992553,Mouse,aspiny,Nos1-CreERT2,6a,0.7435082827230254,0.7513131674278081,-0.6308471823098364,0.004480030919769257,0.1329526632678651,8.061113357543945,-0.059491295367479324,-0.08950873464345932,-0.059042688459157944,-0.007837621495127678,0.022160954773426056,0.03278864920139313,0.06079338863492012,-1.7358542680740356,-1.3848100900650024,-0.9654268622398376,-0.6760882139205933,-0.43217241764068604,-0.3099604547023773,-0.33362919092178345,-0.372437447309494,-3.748298245002729e-15,1.17788827419281,195.3670654296875,309.69000244140625,0.1329526632678651,Other (Mouse),Inhibitory
571715883,Mouse,aspiny,Pvalb-IRES-Cre,5,0.9375661124306243,0.9375617138042291,-0.6799835933941755,0.007101597560931782,0.2774276024928628,7.707371234893799,-0.13921672105789185,-0.019924243912100792,0.055208563804626465,0.09380055218935013,0.07976096123456955,0.03694317862391472,-0.009992861188948154,-0.3520287275314331,-0.3977338671684265,-0.31200674176216125,-0.1486281305551529,-0.03813876956701279,-0.018121184781193733,-0.049425672739744186,-0.0908757671713829,-0.0022676701191812754,1.3317747116088867,169.82589721679688,249.74998474121094,0.2774276024928628,Inhibitory (Mouse),Inhibitory
479220013,Mouse,aspiny,Htr3a-Cre_NO152,2/3,0.7143216570759757,0.7509855559003836,-0.8076173864731825,0.04366583682290375,0.0644808268195883,8.06071949005127,0.10255309194326401,0.15798018872737885,0.168064683675766,0.15763162076473236,0.09923937916755676,0.04737430065870285,-0.0008951761992648244,-0.8617746233940125,-0.9489198923110962,-0.6484904289245605,-0.42128580808639526,-0.2890417277812958,-0.2548317015171051,-0.28138458728790283,-0.3267643451690674,0.11961381137371063,3.6787259578704834,250.31309509277344,309.9224853515625,0.0644808268195883,Inhibitory (Mouse),Inhibitory
564425006,Mouse,aspiny,Htr3a-Cre_NO152,2/3,0.51565520146711,0.5140273737685738,-0.9276785663833645,0.019764301494199447,0.13583427783434845,7.853218078613281,0.053604040294885635,0.14432060718536377,0.1949916034936905,0.19973281025886536,0.08528699725866318,0.026850176975131035,0.041179586201906204,0.013791621662676334,0.006464929319918156,-0.2332620769739151,-0.34388628602027893,-0.2952434718608856,-0.30501222610473633,-0.29678720235824585,-0.25016894936561584,-0.026163827627897263,2.308901309967041,250.2234344482422,269.7300109863281,0.13583427783434845,Inhibitory (Mouse),Inhibitory
571314481,Mouse,aspiny,Pvalb-IRES-Cre,4,0.9619588211488698,0.9632956927689975,-0.5442985655615903,0.00585710295125341,0.23766009378076364,7.966304779052734,-0.012005341239273548,0.017726846039295197,0.04054540395736694,0.056333187967538834,0.057644154876470566,0.016365768387913704,-0.056761734187603,-0.42795246839523315,-0.42412230372428894,-0.36232540011405945,-0.3023296594619751,-0.22103756666183472,-0.06902486085891724,0.0351390615105629,0.08672367036342621,-0.05487455055117607,1.4310611486434937,190.31700134277344,349.6499938964844,0.23766009378076364,Inhibitory (Mouse),Inhibitory
322515253,Mouse,aspiny,Sst-IRES-Cre,5,0.8789609513502966,0.8873649119697525,-0.7575644010062159,0.005121336728010056,0.2537386808760629,7.916475772857666,0.06764529645442963,0.19175700843334198,0.18819743394851685,0.14856746792793274,0.0912008136510849,0.044096723198890686,0.000970321474596858,-0.9574893712997437,-0.9492171406745911,-0.6194211840629578,-0.5356847047805786,-0.51447594165802,-0.30015799403190613,-0.18443483114242554,-0.11484337598085403,6.971637776587158e-05,1.2998533248901367,249.9337615966797,329.9175109863281,0.2537386808760629,Inhibitory (Mouse),Inhibitory
589427013,Mouse,spiny,Sim1-Cre_KJ18,6a,0.6441727521653956,0.7588541596885687,-0.7069783694429932,0.09539384435688465,0.046369844021118226,7.986844062805176,-0.004377707839012146,0.005847197957336903,0.012934872880578041,0.014325587078928947,-0.006368484813719988,-0.009807506576180458,0.006543985102325678,-0.5182899236679077,-0.45197996497154236,-0.40935444831848145,-0.47791579365730286,-0.44832685589790344,-0.2192891240119934,-0.16745920479297638,-0.13472697138786316,0.2788521349430084,5.0725321769714355,190.7710418701172,269.7300109863281,0.046369844021118226,Excitatory (Mouse),Excitatory
513593674,Mouse,spiny,Cux2-CreERT2,2/3,0.8373662279664315,0.8816821244066314,-0.8307853842453236,0.002921451055801784,0.15608201672949049,8.05199146270752,0.04916686192154884,0.06090530380606651,0.06536287069320679,0.04775051772594452,-0.0004736318369396031,-0.01352202333509922,-0.017617499455809593,-0.884896993637085,-0.6798706650733948,-0.4776708483695984,-0.4121930003166199,-0.40209925174713135,-0.3921787738800049,-0.3205123543739319,-0.24184241890907288,0.21388129889965057,0.9357130527496338,249.03213500976562,299.70001220703125,0.15608201672949049,Excitatory (Mouse),Excitatory
500879695,Mouse,aspiny,Pvalb-IRES-Cre,4,0.9084541146351018,0.8826862746221782,-0.5886802252270952,0.0050368659805991615,0.3136573957904428,7.999640464782715,0.00044873598380945623,0.000798018358182162,0.001504783984273672,0.0015954948030412197,-0.0005251865950413048,-0.003985424526035786,-0.008713838644325733,-0.03452973812818527,-0.02915785275399685,-0.021505041047930717,-0.014995945617556572,-0.011162390932440758,-0.012211612425744534,-0.01562108751386404,-0.01974925957620144,-0.1764848232269287,1.4008616209030151,229.3868408203125,389.6099853515625,0.3136573957904428,Inhibitory (Mouse),Inhibitory
580161872,Mouse,aspiny,Htr3a-Cre_NO152|Pvalb-T2A-Dre,5,0.9605127014392982,0.9690231481332939,-0.6128520130669702,0.005278602028811853,0.2923033032611036,7.801852703094482,-0.0954979658126831,0.007341208402067423,0.07690326124429703,0.11279810965061188,0.08392710238695145,0.024207524955272675,-0.03523987531661987,-0.47729840874671936,-0.6006162166595459,-0.5055830478668213,-0.285163015127182,-0.10138535499572754,-0.017320016399025917,-0.0062557109631598,0.0008225328056141734,0.22606968879699707,1.4340837001800537,238.82437133789062,389.6099853515625,0.2923033032611036,Inhibitory (Mouse),Inhibitory
475894121,Mouse,aspiny,Pvalb-IRES-Cre,4,0.9266946947863398,0.9357597699482859,-0.6000415753345149,0.003703107619613805,0.30531927236291084,7.999579906463623,0.00028584757819771767,-7.570983143523335e-05,-0.00011528981849551201,-0.00014268423547036946,-0.0001312263193540275,-0.0004611008916981518,-0.001381307141855359,-0.015983927994966507,-0.01143550407141447,-0.010877001099288464,-0.01209257636219263,-0.013724209740757942,-0.013883225619792938,-0.013777063228189945,-0.01546250469982624,-1.3565738810061845e-10,1.1383161544799805,209.96205139160156,349.9125061035156,0.30531927236291084,Inhibitory (Mouse),Inhibitory
526545261,Mouse,aspiny,Ndnf-IRES2-dgCre,1,0.8219371555512658,0.6997845399410718,-0.7783556726543267,0.01381497042725907,0.13839206138848792,8.134746551513672,0.13043595850467682,0.1806311160326004,0.23136121034622192,0.23406627774238586,0.1383565366268158,0.05412266403436661,0.01868090033531189,-1.310444712638855,-1.6162477731704712,-1.3231569528579712,-0.7086067795753479,-0.34985727071762085,-0.23039641976356506,-0.1978270262479782,-0.15112042427062988,0.04663631319999695,1.930365800857544,209.94805908203125,269.7300109863281,0.13839206138848792,Inhibitory (Mouse),Inhibitory
591442287,Mouse,sparsely spiny,Chrna2-Cre_OE25,5,0.6915082132398783,0.5234072424984507,-0.4189445595776653,0.012955501898083425,0.12168085059781666,8.230005264282227,0.20237545669078827,0.11546561121940613,0.06948121637105942,0.00567639758810401,-0.0423375740647316,-0.009019499644637108,-0.027128320187330246,-0.07309406995773315,0.025081876665353775,-0.09876269847154617,-0.20161238312721252,-0.2253597378730774,-0.13691586256027222,-0.06261162459850311,-0.017198186367750168,-0.12707924842834473,1.4833182096481323,71.1655044555664,169.8300018310547,0.12168085059781666,Other (Mouse),Sparsely Spiny
576336240,Mouse,aspiny,Vip-IRES-Cre,2/3,0.7789891970204079,0.8456604624305998,-0.27188089484664113,0.007075357322604107,0.22657764883999237,8.039855003356934,0.037634674459695816,0.032122038304805756,0.029316721484065056,0.027444589883089066,0.025002967566251755,0.02451631799340248,0.024665508419275284,-0.12010878324508667,-0.14346624910831451,-0.15693169832229614,-0.1553078442811966,-0.14233455061912537,-0.1142129972577095,-0.0906800702214241,-0.07020913809537888,0.08150025457143784,1.158867359161377,51.61235427856445,189.80999755859375,0.22657764883999237,Inhibitory (Mouse),Inhibitory
328954223,Mouse,aspiny,Sst-IRES-Cre,6a,0.755525329428322,0.7773820731065948,-0.6842719573819074,0.01368892784586097,0.1096075873002516,8.286470413208008,0.3044919967651367,0.3098926842212677,0.29796943068504333,0.273799866437912,0.232400581240654,0.20292378962039948,0.21339839696884155,-0.22263899445533752,0.09720046073198318,-0.003418571315705776,-0.2905503213405609,-0.5664706826210022,-0.7573598623275757,-0.7839826345443726,-0.7375887036323547,0.01248094066977501,1.612527847290039,129.9793243408203,189.95249938964844,0.1096075873002516,Inhibitory (Mouse),Inhibitory
477991293,Mouse,aspiny,Htr3a-Cre_NO152,2/3,0.8448862018909328,0.8464584563647064,-0.6926846208751651,0.002592771926921839,0.2339632794632932,8.187372207641602,0.08220250904560089,0.02992994524538517,0.045137714594602585,0.054183147847652435,0.02196120284497738,0.0019422421464696527,-0.0008448269218206406,-1.5539168119430542,-1.392288327217102,-1.1297589540481567,-0.79250168800354,-0.41942158341407776,-0.16369755566120148,-0.10827083885669708,-0.0907098799943924,-0.22373230755329132,0.9248788356781006,228.57884216308594,329.9175109863281,0.2339632794632932,Inhibitory (Mouse),Inhibitory
643584386,Human,aspiny,,5,0.9307287980816442,0.927506196109128,-0.4141419577279107,0.011227225904370995,0.1429499377881869,8.262930870056152,0.21760714054107666,0.18978571891784668,0.1757078468799591,0.15955637395381927,0.10050267726182938,0.028743620961904526,0.004013641271740198,-0.4731248617172241,-0.46795976161956787,-0.23117324709892273,-0.1037316843867302,-0.04577592387795448,-0.03769790753722191,-0.07176368683576584,-0.11061583459377289,-0.0001064709504134953,1.459808111190796,78.60828399658203,189.80999755859375,0.1429499377881869,Inhibitory (Human),Inhibitory
555241875,Mouse,spiny,Chrna2-Cre_OE25,4,0.45791496724811454,0.6172988877074349,-0.6876920879470857,0.07357040886367425,0.054490567682734095,8.045673370361328,0.06267933547496796,0.048396192491054535,0.0478808730840683,0.044942572712898254,0.015415862202644348,-0.008551455102860928,0.0029900209046900272,0.6358234286308289,0.36184996366500854,-0.010035204701125622,-0.18839287757873535,-0.2554585933685303,-0.24665047228336334,-0.23063820600509644,-0.21703870594501495,-0.227076917886734,3.7368969917297363,130.5823974609375,189.80999755859375,0.054490567682734095,Excitatory (Mouse),Excitatory
484635029,Mouse,aspiny,Pvalb-IRES-Cre,2/3,0.908984092540137,0.8918416730882152,-0.8367524788496107,0.0038867928006475695,0.39486922720960066,7.862298965454102,-0.03325207903981209,0.07236400991678238,0.11444362252950668,0.11255522072315216,0.07530276477336884,0.039968833327293396,-0.04127170145511627,-0.890620231628418,-0.69083172082901,-0.35994189977645874,-0.22906900942325592,-0.1470903605222702,-0.11759352684020996,-0.06292751431465149,-0.008794888854026794,-2.1872541367698673e-17,1.3798739910125732,409.90618896484375,489.8774719238281,0.39486922720960066,Inhibitory (Mouse),Inhibitory
571691416,Human,spiny,,3,0.32497698935546104,0.5876735218571782,-0.7894525036118611,0.005320789256403875,0.16608978149227968,8.236863136291504,0.31932827830314636,0.2731911838054657,0.2215922325849533,0.17097535729408264,0.10773327946662903,0.06968867778778076,0.033835701644420624,2.6819815635681152,2.1057350635528564,0.7220537066459656,-0.09687277674674988,-0.5986050367355347,-1.1750885248184204,-1.4606316089630127,-1.6157808303833008,-4.481749328988371e-06,1.4212241172790527,299.69195556640625,379.6199951171875,0.16608978149227968,Excitatory (Human),Excitatory
503517607,Mouse,spiny,Ntsr1-Cre_GN220,6a,0.6264744272318556,0.7046233547013414,-0.47869324231085725,0.09991491522075538,0.045116434689990395,7.429322242736816,-0.06948811560869217,0.10759562253952026,0.0931791141629219,0.10848382115364075,0.14816123247146606,0.10778544843196869,0.07453425973653793,-0.381320983171463,0.342044860124588,0.16029465198516846,-0.15980087220668793,-0.35968777537345886,-0.3979364037513733,-0.36998191475868225,-0.3783656358718872,0.2648347020149231,4.354865074157715,90.93090057373047,189.80999755859375,0.045116434689990395,Excitatory (Mouse),Excitatory
508400049,Human,spiny,,4,0.6473987950941907,0.5910553744440074,-0.9006464807262454,0.016272511344563197,0.1670884536197515,7.771458148956299,0.0970720499753952,0.2649872601032257,0.3758329451084137,0.437298059463501,0.24811036884784698,0.07807273417711258,0.037690453231334686,0.20383627712726593,-0.0003176084137521684,-0.3798833191394806,-0.6311236619949341,-0.5036286115646362,-0.4202977120876312,-0.3804742991924286,-0.23546427488327026,0.0429643839597702,1.7574656009674072,170.95355224609375,189.80999755859375,0.1670884536197515,Excitatory (Human),Excitatory
584872371,Mouse,aspiny,Htr3a-Cre_NO152,5,0.7386535304265667,0.8067065178739102,-0.36831491153978474,0.010909141273992846,0.1454964484317004,8.252755165100098,0.23567746579647064,0.2197425365447998,0.21057917177677155,0.19851969182491302,0.1725771576166153,0.14579635858535767,0.11832641065120697,-0.8639550805091858,-0.6775718927383423,-0.5196661949157715,-0.42802608013153076,-0.39895448088645935,-0.4248240888118744,-0.44522979855537415,-0.458447128534317,-0.2063080370426178,1.438980221748352,69.9524154663086,189.80999755859375,0.1454964484317004,Inhibitory (Mouse),Inhibitory
476557750,Mouse,spiny,Scnn1a-Tg3-Cre,4,0.7783188669638942,0.7168709175914599,-0.8400751213239785,0.009319045952576741,0.18696972464689154,7.823450088500977,0.08291028439998627,0.2966841161251068,0.33691349625587463,0.2448738068342209,0.018342023715376854,-0.035867687314748764,-0.02210872434079647,-0.08654580265283585,-0.5334445238113403,-0.4954458773136139,-0.36618223786354065,-0.1855260133743286,-0.47124481201171875,-0.5337337255477905,-0.4663412868976593,4.702516587934413e-13,1.5261647701263428,209.9662628173828,249.93748474121094,0.18696972464689154,Excitatory (Mouse),Excitatory
562524605,Mouse,aspiny,Vip-IRES-Cre,2/3,0.7342395370793787,0.7360873965592806,-0.23830271171427142,0.008016890515378986,0.19445144469645595,8.013139724731445,0.22907517850399017,0.3323196470737457,0.2647222876548767,0.14300437271595,0.06348175555467606,0.013855507597327232,0.004480417817831039,0.22022823989391327,0.4241272509098053,0.14221061766147614,-0.1949394941329956,-0.3462100327014923,-0.21511587500572205,-0.09073662012815475,-0.0417337603867054,0.06469804048538208,1.1668369770050049,40.475135803222656,169.8300018310547,0.19445144469645595,Inhibitory (Mouse),Inhibitory
475550148,Mouse,aspiny,Pvalb-IRES-Cre,4,0.9332386414275089,0.9499583724696714,-0.5668298967756226,0.005141713714015094,0.30258344230131856,7.765806674957275,-0.1658836454153061,-0.0600707083940506,0.0031655128113925457,0.04293055832386017,0.08128595352172852,0.05428674817085266,-0.05567404627799988,-0.8760117292404175,-0.7875939011573792,-0.44798195362091064,-0.2744600772857666,-0.19008097052574158,-0.08854050189256668,-0.0019956808537244797,0.052013423293828964,0.09658792614936829,1.379115104675293,209.6839599609375,369.9075012207031,0.30258344230131856,Inhibitory (Mouse),Inhibitory
591778248,Mouse,sparsely spiny,Htr3a-Cre_NO152,5,0.6691418058209845,0.6462770721379804,-0.6521457638969038,0.009068269462270935,0.1274876668431051,8.169326782226562,0.1978585571050644,0.21927186846733093,0.22787600755691528,0.2213054597377777,0.1708957999944687,0.09460069239139557,0.012280863709747791,-0.5839362144470215,-0.4918012022972107,-0.41516023874282837,-0.36440831422805786,-0.3552410900592804,-0.3948710858821869,-0.4389702379703522,-0.5128046274185181,0.007902863435447216,1.4434736967086792,149.84359741210938,229.77000427246094,0.1274876668431051,Inhibitory (Mouse),Sparsely Spiny
580612566,Mouse,spiny,Esr2-IRES2-Cre,5,0.6653388567465497,0.7317233473815742,-0.9146277318029641,0.1400089528583135,0.042033535363317526,8.069513320922852,0.07131485641002655,0.07068601250648499,0.07016675919294357,0.06562395393848419,0.04278494790196419,0.01737457513809204,-0.003558045718818903,-0.1249576285481453,-0.14468665421009064,-0.17060092091560364,-0.17961528897285461,-0.1542651653289795,-0.11972104758024216,-0.11810014396905899,-0.12442860752344131,-0.13010138273239136,5.671847820281982,210.1709442138672,229.77000427246094,0.042033535363317526,Excitatory (Mouse),Excitatory
526946778,Mouse,spiny,Ctgf-T2A-dgCre,6b,0.580619001664182,0.5896389611224006,-0.9210809425008953,0.07072627805561901,0.05645685792744593,8.09624195098877,0.10209015011787415,0.10603933781385422,0.11279118061065674,0.12092746794223785,0.10733556747436523,0.06979799270629883,0.06094573438167572,-1.1427725553512573,-0.7174668312072754,-0.09225703775882721,-0.05793985724449158,-0.08647619187831879,-0.2660187780857086,-0.4267076849937439,-0.38256093859672546,-0.08697433024644852,4.202842712402344,230.04751586914062,249.74998474121094,0.05645685792744593,Excitatory (Mouse),Excitatory
579981789,Mouse,spiny,Ndnf-IRES2-dgCre,6b,0.7505929336389768,0.7612952485419276,-0.6123034170396309,0.006162182910259611,0.13836264961153621,8.050804138183594,0.04856900870800018,0.041597772389650345,0.03684050589799881,0.03428235650062561,0.03411410376429558,0.03766125068068504,0.03933931887149811,-0.9962611794471741,-1.0687938928604126,-1.4077876806259155,-0.5080040693283081,-0.2231152206659317,-0.1696327030658722,-0.19273196160793304,-0.2301928848028183,0.30140501260757446,1.136997938156128,128.5459747314453,209.7899932861328,0.13836264961153621,Inhibitory (Mouse),Excitatory
547336671,Mouse,sparsely spiny,Nos1-CreERT2|Sst-IRES-FlpO,5,0.6334662318518556,0.5877681369969542,-0.9052926229131236,0.03598502584718938,0.08144024134977595,8.092470169067383,0.10693085193634033,0.05361097306013107,0.031614288687705994,0.03419773653149605,0.03740156814455986,0.042235586792230606,0.062311042100191116,1.107651710510254,-0.8819572925567627,-1.414028286933899,-1.2297857999801636,-0.9292429089546204,-0.5440699458122253,-0.3748248517513275,-0.2878325283527374,0.016341935843229294,2.747598648071289,189.92160034179688,209.7899932861328,0.08144024134977595,Other (Mouse),Sparsely Spiny
561517025,Mouse,aspiny,Nkx2-1-CreERT2,2/3,0.9528236174156989,0.9461118189690586,-0.9176838009657112,0.0051007959577112905,0.2564102564103093,7.996115207672119,0.07443053275346756,0.14189454913139343,0.1496468186378479,0.12521176040172577,0.06892431527376175,0.02942897565662861,-0.014808595180511475,-0.6400431990623474,-0.5723040699958801,-0.4244929552078247,-0.33191680908203125,-0.2102120816707611,-0.11018604785203934,-0.07178033143281937,-0.05278307572007179,0.01965164579451084,1.5475711822509766,430.88043212890625,469.52996826171875,0.2564102564103093,Other (Mouse),Inhibitory
486175203,Mouse,spiny,Cux2-CreERT2,2/3,0.6345854662391628,0.7246014515789365,-0.714888989884573,0.021869119105604535,0.08340230704125651,8.091224670410156,0.09327126294374466,0.08886557072401047,0.07961530983448029,0.0653860867023468,0.04332524165511131,0.03136301413178444,0.026295801624655724,-0.24653340876102448,-0.21388106048107147,-0.21837961673736572,-0.2389863133430481,-0.25351575016975403,-0.25806447863578796,-0.26163041591644287,-0.2660920321941376,0.050935953855514526,2.142747402191162,150.09173583984375,209.94747924804688,0.08340230704125651,Excitatory (Mouse),Excitatory
482521571,Mouse,aspiny,Htr3a-Cre_NO152,5,0.6658451337592735,0.7017223660424282,-0.7437910718213228,0.10355597840397612,0.0406905412720925,8.197232246398926,0.17140735685825348,0.11077311635017395,0.05813715234398842,0.024075523018836975,0.018176285549998283,0.018968364223837852,0.017773045226931572,-0.2721033990383148,-0.31619206070899963,-0.3493877351284027,-0.47215136885643005,-0.9693182706832886,-0.20608144998550415,-0.14471887052059174,-0.13132251799106598,0.241178497672081,5.665185451507568,230.57574462890625,309.9224853515625,0.0406905412720925,Inhibitory (Mouse),Inhibitory
329224678,Mouse,aspiny,Sst-IRES-Cre,5,0.8727739441035547,0.8525988480819223,-0.7042967943262229,0.0068629374051481585,0.19490267145292278,8.072153091430664,0.15661665797233582,0.17002032697200775,0.10860784351825714,0.037884123623371124,-0.013897386379539967,-0.0024455504026263952,0.025898590683937073,-1.2481913566589355,-0.9029412865638733,-0.4926968216896057,-0.3909538984298706,-0.3117869198322296,-0.230545774102211,-0.1885686218738556,-0.1519434005022049,-0.03273719921708107,1.3610767126083374,190.11366271972656,269.9324951171875,0.19490267145292278,Inhibitory (Mouse),Inhibitory
585929192,Mouse,aspiny,Chat-IRES-Cre-neo,4,0.695071695028853,0.6966456620404715,-0.4684059234165304,0.013496500797416646,0.0738809765646589,8.036825180053711,0.04270194098353386,0.04296410456299782,0.04023179039359093,0.03692816197872162,0.033989228308200836,0.03257204219698906,0.0319708026945591,0.06259644776582718,0.021320214495062828,-0.044313572347164154,-0.1120932549238205,-0.1647370159626007,-0.15913821756839752,-0.13566842675209045,-0.11774901300668716,0.5925534963607788,1.600553274154663,89.25924682617188,189.80999755859375,0.0738809765646589,Other (Mouse),Inhibitory
560599530,Mouse,spiny,Nr5a1-Cre,5,0.4588414450830354,0.5416017101365832,-0.5887266951676301,0.06570186012595226,0.04022418062137339,8.159295082092285,0.27417540550231934,0.3311026394367218,0.36445295810699463,0.3503676652908325,0.2455245405435562,0.11800497770309448,-0.009274144656956196,-0.031143346801400185,-0.3402172029018402,-0.7424275279045105,0.010974791832268238,0.5114889144897461,-0.024460934102535248,-0.6422093510627747,-1.0557475090026855,-0.3017995357513428,3.53141188621521,111.83729553222656,189.80999755859375,0.04022418062137339,Excitatory (Mouse),Excitatory
565809656,Mouse,aspiny,Ndnf-IRES2-dgCre,1,0.8091967902940264,0.8317850490019247,-0.5845739265203407,0.00609865568832803,0.13769029487202672,8.000627517700195,0.04017040506005287,0.07506606727838516,0.10648474097251892,0.09263484179973602,0.046735309064388275,0.03729419782757759,0.04061087593436241,-0.8563475012779236,-1.0370242595672607,-0.8686583042144775,-0.48276782035827637,-0.21235978603363037,-0.1749565601348877,-0.2273167371749878,-0.29410213232040405,-0.2140156626701355,1.3292258977890015,169.4027099609375,289.7099914550781,0.13769029487202672,Inhibitory (Mouse),Inhibitory
572609025,Mouse,spiny,Glt25d2-Cre_NF107,5,0.7128365471573884,0.6350373781657858,-0.9315692327138524,0.046952280789169444,0.06809473121102926,8.084653854370117,0.13540323078632355,0.15952549874782562,0.17374689877033234,0.15063190460205078,0.07100262492895126,0.035424262285232544,0.043456222862005234,-0.21056991815567017,-0.14516761898994446,-0.208128422498703,-0.38314467668533325,-0.5703929662704468,-0.7221036553382874,-0.7295774221420288,-0.7143664360046387,-0.08631368726491928,3.6881628036499023,269.8923645019531,289.7099914550781,0.06809473121102926,Excitatory (Mouse),Excitatory
480268803,Mouse,spiny,Rorb-IRES2-Cre,4,0.6434886941596746,0.6467907894773315,-0.7894787957026655,0.01197489332244759,0.14956626903725714,8.245342254638672,0.28198912739753723,0.3085149824619293,0.31736743450164795,0.2957313656806946,0.2147415280342102,0.11926130950450897,0.02774845063686371,-0.11387524008750916,-0.6628450751304626,-0.4015992283821106,0.060372550040483475,0.10057616978883743,-0.25703999400138855,-0.5966747999191284,-0.8377775549888611,1.1550054296094459e-05,1.5081979036331177,149.96347045898438,189.95249938964844,0.14956626903725714,Excitatory (Mouse),Excitatory
569299459,Mouse,sparsely spiny,Htr3a-Cre_NO152,5,0.7035705749459608,0.7174483623247667,-0.6197026571484106,0.009845727616377031,0.14441500945629446,8.147246360778809,0.2413358837366104,0.23064610362052917,0.14536617696285248,0.07694370299577713,0.028063829988241196,0.011455429717898369,0.003715895116329193,0.31808435916900635,0.3822976350784302,0.11087494343519211,-0.11439654976129532,-0.17517264187335968,-0.20558618009090424,-0.2089710831642151,-0.2084568589925766,-0.03621801733970642,1.437196969985962,130.00872802734375,209.7899932861328,0.14441500945629446,Inhibitory (Mouse),Sparsely Spiny
483111429,Mouse,aspiny,Scnn1a-Tg2-Cre,5,0.9688953909282153,0.9667274211411775,-0.6434999222460568,0.0030240719223286047,0.31299629475006824,8.006636619567871,0.01665118709206581,0.03954901918768883,0.051755961030721664,0.03702650964260101,0.01990758255124092,0.016503695398569107,-0.02226153016090393,-0.7350637316703796,-0.5658283233642578,-0.3249063491821289,-0.14552131295204163,-0.09181651473045349,-0.07388540357351303,-0.014450403861701488,0.022536639124155045,-0.15804508328437805,1.1664013862609863,289.5275573730469,449.88751220703125,0.31299629475006824,Other (Mouse),Inhibitory
571306508,Mouse,spiny,Vipr2-IRES2-Cre,4,0.6505376410330537,0.6604121094502133,-0.9161581082613581,0.01834541860369712,0.14596699044091446,8.032902717590332,0.046064767986536026,0.057858750224113464,0.0620422288775444,0.08679775893688202,0.05647224932909012,0.03230157122015953,0.016890477389097214,-0.22120864689350128,-0.33066853880882263,-0.34389013051986694,-0.3715953230857849,-0.12053701281547546,-0.14168302714824677,-0.18436142802238464,-0.22130905091762543,0.06020709499716759,2.0531017780303955,210.50927734375,229.77000427246094,0.14596699044091446,Excitatory (Mouse),Excitatory
580162060,Mouse,aspiny,Htr3a-Cre_NO152|Pvalb-T2A-Dre,6b,0.9551940851556758,0.967541276138059,-0.6042604501720553,0.004562935932506325,0.21818464268116528,8.001307487487793,0.0015839841216802597,0.0007756384438835084,0.0004906881367787719,0.00036720067146234214,0.0009813992073759437,0.0024582110345363617,0.00434085913002491,-0.02343987300992012,-0.023315921425819397,-0.023824647068977356,-0.024697966873645782,-0.025749683380126953,-0.026833726093173027,-0.02729186601936817,-0.027547702193260193,-0.23998786509037018,1.2264840602874756,199.26414489746094,329.6700134277344,0.21818464268116528,Inhibitory (Mouse),Inhibitory
580203028,Mouse,spiny,Oxtr-T2A-Cre,6a,0.8025653909672569,0.7290133565764912,-0.9154182138855792,0.018597501695767026,0.14346049671762498,7.555111885070801,-0.007727406453341246,0.1401539295911789,0.10837949812412262,0.11593777686357498,0.09087243676185608,0.035141170024871826,-0.0075738090090453625,-0.6212577819824219,-0.28156912326812744,-0.39639049768447876,-0.7283780574798584,-0.712349534034729,-0.41868749260902405,-0.2661445140838623,-0.18133674561977386,0.04879588633775711,2.067159414291382,210.33802795410156,229.77000427246094,0.14346049671762498,Excitatory (Mouse),Excitatory
505500191,Mouse,spiny,Cux2-CreERT2,2/3,0.5817058600857368,0.5799555120641162,-0.6235937470656358,0.0290191525704679,0.09417733554612265,7.992621421813965,-0.007525949273258448,-0.008920209482312202,-0.009126330725848675,-0.008768078871071339,-0.009851742535829544,-0.012940763495862484,-0.01751285418868065,-0.051610786467790604,-0.05075322091579437,-0.04885013401508331,-0.04465070739388466,-0.035569433122873306,-0.02184521034359932,-0.017260143533349037,-0.015867237001657486,-0.168474942445755,2.4673726558685303,130.85211181640625,209.7899932861328,0.09417733554612265,Excitatory (Mouse),Excitatory
574968354,Mouse,aspiny,Htr3a-Cre_NO152,4,0.6275156738585264,0.5922687087864207,-0.33424445624278665,0.011744172222545658,0.0950280199619659,8.009230613708496,0.0096685029566288,0.009016713127493858,0.008784477598965168,0.008553699590265751,0.008313505910336971,0.007469881325960159,0.006151251494884491,-0.037594959139823914,-0.0367065966129303,-0.03169948607683182,-0.029109450057148933,-0.028710775077342987,-0.028968438506126404,-0.029162300750613213,-0.029556963592767715,0.026034608483314514,1.3265987634658813,50.08721160888672,149.85000610351562,0.0950280199619659,Inhibitory (Mouse),Inhibitory
582644266,Mouse,aspiny,Chat-IRES-Cre-neo,2/3,0.7837843970065579,0.8122734846832365,-0.3345231765344775,0.010049183843189705,0.17483128780726423,8.056601524353027,0.055760011076927185,0.055457256734371185,0.0574447400867939,0.056373365223407745,0.04599509760737419,0.03411862254142761,0.02366531454026699,-0.17096808552742004,-0.21634253859519958,-0.20680689811706543,-0.17581424117088318,-0.1558593213558197,-0.16060885787010193,-0.16949276626110077,-0.1749957650899887,0.05036700516939163,1.4519704580307007,70.1821517944336,209.7899932861328,0.17483128780726423,Other (Mouse),Inhibitory
539742766,Mouse,spiny,Ntsr1-Cre_GN220,6a,0.6890272735257401,0.7286823873510131,-0.6573139499406769,0.039934532564004345,0.06578526688951178,8.007651329040527,0.006756848655641079,-0.01770864799618721,-0.021293656900525093,0.005859166383743286,0.04539148509502411,0.0401109904050827,0.025807539001107216,-0.08432651311159134,-1.0064440965652466,-1.0771797895431519,-0.9983303546905518,-0.8097595572471619,-0.4407823979854584,-0.27019378542900085,-0.17829805612564087,-0.0003751722106244415,3.736724376678467,229.82981872558594,349.6499938964844,0.06578526688951178,Excitatory (Mouse),Excitatory
522408506,Mouse,aspiny,Htr3a-Cre_NO152,4,0.7213889112305751,0.71996044878971,-0.6506356930921908,0.02229896394148793,0.09455728280191311,7.82415246963501,-0.1244378313422203,0.0028485755901783705,0.06044352054595947,0.06416893005371094,0.05100219324231148,0.04590829461812973,0.02556702122092247,-1.2288297414779663,-0.9742059707641602,-0.3764522075653076,-0.1913130134344101,-0.23778314888477325,-0.33514341711997986,-0.3075253665447235,-0.25352349877357483,-0.09610062837600708,1.5653859376907349,71.5075912475586,109.88999938964844,0.09455728280191311,Inhibitory (Mouse),Inhibitory
486191673,Mouse,spiny,Rbp4-Cre_KL100,4,0.5842653614817674,0.7627913913142306,-0.5946108321523221,0.010169987162927581,0.0586639806385388,8.173009872436523,0.09634188562631607,0.009168797172605991,0.024567652493715286,0.054976560175418854,0.052565496414899826,0.018128225579857826,-0.03165475279092789,-0.8789857029914856,-1.413326621055603,-1.540276050567627,-1.42819344997406,-1.2232599258422852,-0.9242390990257263,-0.778271496295929,-0.7174079418182373,-0.3042677044868469,1.5943214893341064,148.70811462402344,249.93748474121094,0.0586639806385388,Excitatory (Mouse),Excitatory
593646143,Mouse,aspiny,Vip-IRES-Cre,6a,0.6367072665918035,0.573725528987167,-0.29875632773878164,0.013943545661286548,0.11901939444836471,8.064173698425293,0.1373155415058136,0.22297272086143494,0.22559453547000885,0.1601661741733551,0.07051953673362732,0.03566930815577507,0.027459129691123962,-0.9951375722885132,-0.8013392090797424,-0.371560662984848,-0.25707024335861206,-0.3355937898159027,-0.5476917028427124,-0.4020216464996338,-0.3002004623413086,0.10350428521633148,1.5388412475585938,50.74850082397461,169.8300018310547,0.11901939444836471,Inhibitory (Mouse),Inhibitory
583422542,Mouse,aspiny,Chat-IRES-Cre-neo,2/3,0.7818174571815929,0.8003701961965369,-0.44187602633657264,0.008055913248676654,0.19436345966957497,8.127418518066406,0.2246369868516922,0.23631641268730164,0.16784882545471191,0.10176875442266464,0.032892078161239624,-0.016976958140730858,-0.02773994393646717,-0.283294141292572,-0.4567301571369171,-0.7107361555099487,-0.8917754292488098,-0.7669134140014648,-0.3968919813632965,-0.11851011961698532,0.09439457207918167,-0.061493754386901855,1.4184372425079346,110.36231231689453,249.74998474121094,0.19436345966957497,Other (Mouse),Inhibitory
584561230,Mouse,sparsely spiny,Vip-IRES-Cre,6a,0.5829564678403281,0.6894459922073879,-0.42053635619241636,0.009278100212408732,0.1452971384600317,8.342914581298828,0.3409985899925232,0.32698315382003784,0.2973666787147522,0.2648333013057709,0.23250053822994232,0.22589866816997528,0.2509651184082031,-0.2567441761493683,-0.6992828249931335,-0.5170097351074219,-0.6507696509361267,-0.8962607383728027,-1.1010020971298218,-1.0842493772506714,-0.9829010963439941,-0.25429949164390564,1.3270554542541504,79.88667297363281,189.80999755859375,0.1452971384600317,Inhibitory (Mouse),Sparsely Spiny
476263004,Mouse,spiny,Scnn1a-Tg3-Cre,5,0.6136350358978707,0.6523476894865862,-0.9333649934290137,0.01661170913296396,0.16048748394222548,8.336647987365723,0.31335267424583435,0.27783527970314026,0.2599874436855316,0.2370937615633011,0.11835777014493942,0.00034435829729773104,-0.030346335843205452,-0.26083993911743164,-0.7115767002105713,-0.8996620774269104,-0.8762157559394836,-0.7168233394622803,-0.38352450728416443,-0.3243580162525177,-0.3150533139705658,-0.03684522211551666,2.194582223892212,270.6095275878906,289.927490234375,0.16048748394222548,Excitatory (Mouse),Excitatory
490746462,Mouse,aspiny,Ntsr1-Cre_GN220,5,0.8209962819896583,0.8088613789223483,-0.37090361592768933,0.011144572714174192,0.15348660556927193,8.090222358703613,0.09145642071962357,0.09098919481039047,0.09150496125221252,0.09309258311986923,0.0924454852938652,0.08781349658966064,0.08339417725801468,-0.21072864532470703,-0.21680885553359985,-0.19447501003742218,-0.14969229698181152,-0.12195537239313126,-0.1115134134888649,-0.11956532299518585,-0.1276083141565323,-0.07262285053730011,1.4549705982208252,70.45934295654297,189.95249938964844,0.15348660556927193,Other (Mouse),Inhibitory
582857314,Mouse,aspiny,Chat-IRES-Cre-neo,2/3,0.6855718382356446,0.6775803336808599,-0.3334160824794148,0.004174858824775499,0.21514333709689065,8.823738098144531,0.4893322288990021,0.13017593324184418,-0.020902374759316444,-0.02611474320292473,0.013074656948447227,-0.0196067001670599,0.005221353378146887,-1.9704499244689941,-1.7140746116638184,-1.2054892778396606,-0.9090768694877625,-0.5973857045173645,-0.1529770940542221,0.023598581552505493,0.11605078727006912,-0.003838186850771308,0.9358651638031006,69.94737243652344,209.7899932861328,0.21514333709689065,Other (Mouse),Inhibitory
508400236,Human,aspiny,,3,0.9092119725349351,0.8884854074104579,-0.585035599251019,0.006902180805543632,0.12621618762995618,8.064599990844727,0.015342547558248043,-0.01093787420541048,-0.0009753539343364537,0.015622046776115894,0.0013242283603176475,-0.014562125317752361,0.017501315101981163,-1.152208924293518,-0.6676362156867981,-0.28221026062965393,-0.05403294786810875,0.08307880163192749,0.064390629529953,-0.03999045863747597,-0.14094166457653046,0.20685455203056335,1.4140830039978027,169.533447265625,289.7099914550781,0.12621618762995618,Inhibitory (Human),Inhibitory
554807924,Mouse,aspiny,Nkx2-1-CreERT2,2/3,0.9154257393812035,0.9033020370413236,-0.9485361138572396,0.012880588167790499,0.2080459698374875,8.100123405456543,0.1563585102558136,0.21821661293506622,0.22901496291160583,0.1994715929031372,0.13172568380832672,0.0834810808300972,0.04816637560725212,-0.6820393204689026,-0.5787470936775208,-0.37861326336860657,-0.21408489346504211,-0.15024007856845856,-0.16962337493896484,-0.18992556631565094,-0.20057286322116852,-0.010248471051454544,2.181983470916748,350.6075134277344,369.6300048828125,0.2080459698374875,Other (Mouse),Inhibitory
530731648,Mouse,sparsely spiny,Nos1-CreERT2,6a,0.5066314670469773,0.606242124206419,-0.5808172098460624,0.005115688057614448,0.14659558149190105,8.313748359680176,0.338339626789093,0.26435548067092896,0.19721481204032898,0.13595403730869293,0.05924282968044281,0.0006931027746759355,-0.030526060611009598,2.4390735626220703,1.6882190704345703,0.5411055684089661,-0.15311746299266815,-0.6027355194091797,-0.9313369393348694,-1.0549564361572266,-1.133899450302124,0.04113072529435158,0.9853977560997009,110.2466049194336,189.80999755859375,0.14659558149190105,Other (Mouse),Sparsely Spiny
476615310,Mouse,aspiny,Rorb-IRES2-Cre,5,0.7081856924770998,0.6393716334257373,-0.6545370724217324,0.030340064947829103,0.07122000364788829,8.006240844726562,0.019260728731751442,0.014511914923787117,0.052344027906656265,0.09792406111955643,0.07886835187673569,0.03507079556584358,0.013104348443448544,-0.6366761922836304,-0.7562519907951355,-0.8400932550430298,-0.7517046332359314,-0.5339916348457336,-0.31869977712631226,-0.2199980467557907,-0.16300168633460999,-0.12959879636764526,2.641300916671753,150.52268981933594,229.9425048828125,0.07122000364788829,Other (Mouse),Inhibitory
561435279,Human,spiny,,4,0.7021148580344072,0.6140270714030119,-0.5875826149887793,0.0203982174504649,0.0899700813491474,8.107977867126465,0.23217834532260895,0.327551007270813,0.3594328463077545,0.3560563027858734,0.2500882148742676,0.09823498129844666,0.0022625208366662264,0.30245327949523926,-0.3224659264087677,-0.5769489407539368,-0.5944724082946777,-0.49128809571266174,-0.5600834488868713,-0.7462325692176819,-0.890428900718689,0.18690375983715057,1.967685341835022,111.5639877319336,189.80999755859375,0.0899700813491474,Excitatory (Human),Excitatory
574059157,Mouse,aspiny,Pvalb-IRES-Cre,2/3,0.9500165681075262,0.936968927935111,-0.5209893399003357,0.008413171372335436,0.25280026857500465,8.075839042663574,0.20700523257255554,0.21942637860774994,0.17361511290073395,0.11654123663902283,0.044133447110652924,-0.007652075495570898,-0.039140015840530396,0.10941244661808014,-0.020024584606289864,-0.2610138952732086,-0.3229121267795563,-0.23164796829223633,-0.09977462142705917,-0.0018068073550239205,0.08140437304973602,-0.046064842492341995,1.4495480060577393,130.11920166015625,249.74998474121094,0.25280026857500465,Inhibitory (Mouse),Inhibitory
591278744,Mouse,aspiny,Pvalb-IRES-Cre,6a,0.947292718983388,0.9279036306582514,-0.7355322887701666,0.004465747190061025,0.3076154511548516,7.630862712860107,-0.20957507193088531,-0.020724661648273468,0.042736973613500595,0.041939035058021545,0.022246645763516426,0.019499653950333595,0.005768866278231144,-1.1110000610351562,-0.9590070247650146,-0.2679766118526459,-0.10825413465499878,-0.09970945864915848,-0.129180908203125,-0.11355438083410263,-0.09457754343748093,-0.1313929408788681,1.5946568250656128,418.8514099121094,569.4299926757812,0.3076154511548516,Inhibitory (Mouse),Inhibitory
582644380,Mouse,sparsely spiny,Chat-IRES-Cre-neo,2/3,0.6552479555573428,0.6453352083065296,-0.29472167078804906,0.008680701054750101,0.16541239957813683,8.005875587463379,0.00800057128071785,0.008888579905033112,0.011177167296409607,0.013727537356317043,0.016867993399500847,0.019456589594483376,0.02202417328953743,-0.22468699514865875,-0.2213049829006195,-0.24236884713172913,-0.26089704036712646,-0.11194486171007156,-0.0586613193154335,-0.03406739607453346,-0.01808144338428974,0.026129070669412613,1.214184284210205,50.05326461791992,169.8300018310547,0.16541239957813683,Other (Mouse),Sparsely Spiny
490263211,Mouse,spiny,Scnn1a-Tg2-Cre,4,0.8082690494667895,0.899290816129091,-0.9267622665118904,0.1056082468852937,0.050179290605331266,8.126973152160645,0.10680625587701797,0.09481838345527649,0.10151945054531097,0.09082923084497452,0.03356604650616646,-0.009273720905184746,-0.05164448544383049,-0.1954447329044342,-0.47067320346832275,-0.502087414264679,-0.44710773229599,-0.3950673043727875,-0.38657528162002563,-0.4170144200325012,-0.40496087074279785,0.14300203323364258,5.339203834533691,250.18370056152344,269.9324951171875,0.050179290605331266,Excitatory (Mouse),Excitatory
555365036,Mouse,aspiny,Htr3a-Cre_NO152,5,0.7408891475178128,0.757169696708477,-0.3511541761047489,0.013669189365254512,0.09088265231932241,7.542965412139893,-0.43949148058891296,-0.26355844736099243,-0.13775494694709778,-0.05319633707404137,0.013103913515806198,0.02092316746711731,-0.0013508416013792157,-1.5229748487472534,-1.5761464834213257,-0.6711522936820984,-0.3925119936466217,-0.26346760988235474,-0.09987085312604904,-0.005809904541820288,0.04092070087790489,-0.3868120014667511,1.7722216844558716,80.83432006835938,229.77000427246094,0.09088265231932241,Inhibitory (Mouse),Inhibitory
465924786,Mouse,spiny,Nr5a1-Cre,4,0.7494749281124233,0.7077932797525746,-0.8139836482061276,0.007027243275395755,0.18526110793183279,8.058365821838379,0.09432372450828552,0.14143918454647064,0.17933405935764313,0.165457084774971,0.05993695184588432,-0.008511115796864033,-0.05013353377580643,-0.11138491332530975,-0.22870218753814697,-0.28670915961265564,-0.13565729558467865,-0.06681913137435913,-0.23582841455936432,-0.3943210542201996,-0.4936762750148773,0.0481785349547863,1.214640736579895,170.89614868164062,209.94749450683594,0.18526110793183279,Excitatory (Mouse),Excitatory
518238899,Mouse,spiny,Scnn1a-Tg2-Cre,4,0.6952889084278829,0.6081165493705052,-0.9414448109888676,0.016671913755310595,0.1601315384509446,7.925520420074463,0.006987109314650297,0.1451646089553833,0.25078895688056946,0.26974695920944214,0.12386883050203323,-0.013645792379975319,-0.07361152768135071,-0.8217759132385254,-0.6953462958335876,-0.7090131640434265,-0.4594709575176239,-0.23947308957576752,-0.3183528184890747,-0.4966987371444702,-0.644250750541687,-0.0348799042403698,2.3444039821624756,310.3673400878906,329.6700134277344,0.1601315384509446,Excitatory (Mouse),Excitatory
554807988,Mouse,aspiny,Nkx2-1-CreERT2,6a,0.9337123547049331,0.9453501475185726,-0.38093255132057807,0.011517926257905708,0.18522579765637376,8.035213470458984,0.07444671541452408,0.05573376640677452,0.04836052283644676,0.0468333475291729,0.016168810427188873,-0.0047857072204351425,0.0024159583263099194,-0.4800907075405121,-0.4526190757751465,-0.386251300573349,-0.2007322460412979,-0.012186624109745026,0.04641297459602356,0.00736739719286561,-0.03921237960457802,-0.0016628025332465768,1.5544599294662476,79.91584014892578,209.7899932861328,0.18522579765637376,Other (Mouse),Inhibitory
509620929,Mouse,aspiny,Vip-IRES-Cre,5,0.6362514017365327,0.6441354537152967,-0.299334523808406,0.011694583424117659,0.1796957463501096,8.381512641906738,0.4585215747356415,0.5070016384124756,0.5049912929534912,0.47683048248291016,0.3998223841190338,0.3331315517425537,0.31848201155662537,-0.465652734041214,-0.1758555918931961,-0.08260811865329742,-0.19204004108905792,-0.33871957659721375,-0.5447282791137695,-0.664585292339325,-0.46670228242874146,0.10100024938583374,1.409287452697754,50.84618377685547,169.8300018310547,0.1796957463501096,Inhibitory (Mouse),Inhibitory
596808392,Mouse,aspiny,Slc32a1-T2A-FlpO|Vipr2-IRES2-Cre,2/3,0.8162105265376627,0.8409353360557312,-0.42716164316707644,0.007721108453572427,0.20479716888393332,8.399657249450684,0.3831004798412323,0.29679688811302185,0.16553112864494324,0.031400494277477264,-0.05344065651297569,-0.04040444642305374,0.03620944544672966,-1.32654869556427,-0.6036206483840942,-0.2640032470226288,-0.39314737915992737,-0.4658994674682617,-0.26547306776046753,-0.09395703673362732,0.009522688575088978,0.15716440975666046,1.272718071937561,89.6389389038086,209.7899932861328,0.20479716888393332,Other (Mouse),Inhibitory
476099282,Mouse,aspiny,Sst-IRES-Cre,4,0.799899009637364,0.7776883648957645,-0.41025924822377224,0.007465304472299067,0.1853418848843441,8.148857116699219,0.12713578343391418,0.08379001170396805,0.032301194965839386,-0.0035310499370098114,0.006532843690365553,-0.0011136126704514027,-0.003840886289253831,0.05168395861983299,-0.6123344898223877,-0.8139618635177612,-0.8841829895973206,-0.8016246557235718,-0.3820874094963074,-0.0418807677924633,0.20733478665351868,0.0011918725213035941,1.2519272565841675,86.13289642333984,209.94747924804688,0.1853418848843441,Inhibitory (Mouse),Inhibitory
522416880,Mouse,sparsely spiny,Htr3a-Cre_NO152,5,0.7968409250550997,0.7904418800073126,-0.46496122691625524,0.011139375372871727,0.23282670242884357,7.955203533172607,0.14503251016139984,0.4382900297641754,0.542474091053009,0.5533097982406616,0.40432724356651306,0.18341001868247986,0.03744223713874817,-0.2636859118938446,-0.3856413960456848,-0.0906168520450592,0.1805993914604187,0.14911337196826935,-0.14933200180530548,-0.3747650682926178,-0.515036404132843,-0.09179846197366714,1.1063932180404663,51.1030158996582,109.88999938964844,0.23282670242884357,Inhibitory (Mouse),Sparsely Spiny
606245618,Mouse,aspiny,Nkx2-1-CreERT2,2/3,0.8154078105003122,0.8050527982374324,-0.5294804628540773,0.021825132261364028,0.07554664038046438,7.78118896484375,-0.09625472873449326,0.015424799174070358,0.09927455335855484,0.14838358759880066,0.15867693722248077,0.13516204059123993,0.10888086259365082,-0.009192082099616528,-0.44224753975868225,-0.6088100075721741,-0.5883291959762573,-0.5051499605178833,-0.4146447479724884,-0.3662702441215515,-0.33816957473754883,-0.16416016221046448,2.1397883892059326,111.10665130615234,209.7899932861328,0.07554664038046438,Other (Mouse),Inhibitory
485061364,Mouse,aspiny,Sst-IRES-Cre,4,0.9511511174011696,0.9381105558254137,-0.6216468218498239,0.004090410063357936,0.34983994822373365,8.12748908996582,0.15714232623577118,0.17952679097652435,0.17449834942817688,0.1483277529478073,0.09797511994838715,0.04475827142596245,-0.028293289244174957,-1.1075199842453003,-0.7632089853286743,-0.4767773449420929,-0.37152692675590515,-0.3219107389450073,-0.21462850272655487,-0.12408857047557831,-0.07100874930620193,0.004555157385766506,1.2300704717636108,229.95184326171875,369.9075012207031,0.34983994822373365,Inhibitory (Mouse),Inhibitory
556356342,Mouse,spiny,Chrna2-Cre_OE25,5,0.7018356566867305,0.6839107880468943,-0.7143270038814574,0.012003764897925805,0.0955256182513528,8.442630767822266,0.5110487937927246,0.4409015476703644,0.34449851512908936,0.23099872469902039,0.1311929076910019,0.07758457958698273,0.07166162133216858,0.0817328467965126,0.018537284806370735,-0.01481192372739315,-0.07986089587211609,-0.275190144777298,-0.5642681121826172,-0.6774597764015198,-0.6781544089317322,-0.006801829673349857,1.5869057178497314,149.85870361328125,209.7899932861328,0.0955256182513528,Excitatory (Mouse),Excitatory
596808442,Mouse,aspiny,Slc32a1-T2A-FlpO|Vipr2-IRES2-Cre,5,0.9761789546764279,0.9643254150037244,-0.4183362128131593,0.00960239590659687,0.21444924715446056,7.87839412689209,-0.07789207994937897,-0.013254361227154732,0.0249949861317873,0.0298530925065279,0.0251875389367342,0.00905216857790947,-0.0026412433944642544,-0.3229581415653229,-0.362866073846817,-0.21317483484745026,-0.08589136600494385,-0.021117616444826126,0.01180698350071907,0.017118563875555992,-0.006337332539260387,-0.2981951832771301,1.7244610786437988,129.64346313476562,309.69000244140625,0.21444924715446056,Other (Mouse),Inhibitory
471143169,Mouse,spiny,Rbp4-Cre_KL100,5,0.43167705947599205,0.59697023559722,-0.9246094547533927,0.009415931433116134,0.28138719384371097,8.28580093383789,0.33620887994766235,0.2649776041507721,0.18258708715438843,0.142973855137825,0.10112877935171127,0.051342785358428955,0.020724637433886528,-0.009783988818526268,-0.43575286865234375,-0.3885333240032196,-0.3764500916004181,-0.4112761318683624,-0.31441766023635864,-0.31392914056777954,-0.31028300523757935,-0.04684541001915932,1.5340776443481445,231.0967559814453,249.93748474121094,0.28138719384371097,Excitatory (Mouse),Excitatory
323523338,Mouse,aspiny,Gad2-IRES-Cre,5,0.9375680959249141,0.9488215673542965,-0.7002713127985226,0.0027467055379648024,0.35286910814431943,7.910820484161377,-0.08062504231929779,-0.030451718717813492,0.017911862581968307,0.05184512212872505,0.04800385236740112,0.020956866443157196,-0.0019811829552054405,-0.9571738243103027,-1.2222037315368652,-0.5639923214912415,-0.2826654613018036,-0.10550618171691895,-0.02832430973649025,-0.03021327406167984,-0.04603295028209686,-0.2220226228237152,1.1360584497451782,329.0945129394531,469.8824768066406,0.35286910814431943,Other (Mouse),Inhibitory
566563603,Mouse,aspiny,Nkx2-1-CreERT2,6a,0.5996373696935563,0.6445940561501072,-0.777776985658263,0.010385040479821616,0.13477088948787425,7.863866329193115,-0.00015243986854329705,0.14675909280776978,0.2195686250925064,0.20985357463359833,0.12097453325986862,0.05788598954677582,0.03380516171455383,0.09857655316591263,-0.7043389678001404,-0.7865872383117676,-0.5074806809425354,-0.39217492938041687,-0.3538548946380615,-0.3488408923149109,-0.3286217153072357,0.00018803869897965342,1.6736657619476318,209.789794921875,269.7300109863281,0.13477088948787425,Other (Mouse),Inhibitory
583439124,Mouse,aspiny,Chrna2-Cre_OE25|Pvalb-T2A-Dre,6a,0.7811916726546022,0.6992274798494151,-0.2208522802421629,0.003837117172075988,0.17609378896076075,7.998260974884033,-0.0008524382719770074,-0.0018388594035059214,-0.0028911568224430084,-0.004582454916089773,-0.009632366709411144,-0.023401234298944473,-0.04975096881389618,0.042183324694633484,0.0496198870241642,0.050038453191518784,0.051950473338365555,0.05650581791996956,0.07114586234092712,0.07586591690778732,0.06793149560689926,-1.937226904288822e-21,1.017342448234558,59.57048797607422,269.7300109863281,0.17609378896076075,Other (Mouse),Inhibitory
515199779,Mouse,spiny,Scnn1a-Tg3-Cre,5,0.7872911678964817,0.7840739517546901,-0.7142663462539939,0.010954074141659356,0.12924010951289788,8.225446701049805,0.3349396288394928,0.28322744369506836,0.179280623793602,0.08902457356452942,0.018930619582533836,-0.002516803564503789,-0.002076125703752041,-0.03384882211685181,-0.3010256886482239,-0.71366947889328,-1.0873900651931763,-1.0820982456207275,-0.6014402508735657,-0.3523523509502411,-0.16453352570533752,0.00014730899420101196,1.5159337520599365,149.84593200683594,209.7899932861328,0.12924010951289788,Excitatory (Mouse),Excitatory
469832490,Mouse,spiny,Scnn1a-Tg3-Cre,4,0.7831407475464344,0.7567994085850733,-0.7333405904092367,0.0036862940720373137,0.1785643338278129,8.189740180969238,0.17725439369678497,0.1606774628162384,0.14961501955986023,0.13714274764060974,0.08068591356277466,-0.014359798282384872,-0.052869342267513275,-1.5999301671981812,-1.36492919921875,-1.1153396368026733,-0.8906012773513794,-0.6246573328971863,-0.42989861965179443,-0.4550616443157196,-0.5181161165237427,0.0015961016761139035,1.2877956628799438,329.9207763671875,449.88751220703125,0.1785643338278129,Excitatory (Mouse),Excitatory
566719275,Mouse,aspiny,Nos1-CreERT2,6a,0.7683368782821703,0.6955143147107196,-0.43546215541583827,0.015594241781981337,0.12760427566198657,8.007225036621094,0.007646363228559494,0.006710659246891737,0.0061057996936142445,0.005503807682543993,0.004222513176500797,0.002314756391569972,0.00045119901187717915,-0.03886137157678604,-0.024907739832997322,-0.013981140218675137,-0.007816888391971588,-0.003371361643075943,-0.0017191432416439056,-0.00196999148465693,-0.0028214510530233383,0.15172772109508514,1.8087332248687744,91.37862396240234,209.7899932861328,0.12760427566198657,Other (Mouse),Inhibitory
490205998,Mouse,spiny,Scnn1a-Tg2-Cre,4,0.6496576764460245,0.6354807631289224,-0.9482928010161935,0.016499169103984062,0.1636409321936601,8.09704303741455,0.156807541847229,0.2116616666316986,0.20010733604431152,0.13420449197292328,0.020683210343122482,-0.031993575394153595,-0.023076919838786125,-1.0983372926712036,-0.9778059720993042,-0.6861353516578674,-0.40835335850715637,-0.22575148940086365,-0.2078031748533249,-0.21566227078437805,-0.2139759063720703,-0.007050995249301195,2.470458745956421,350.7806701660156,369.9075012207031,0.1636409321936601,Excitatory (Mouse),Excitatory
490558274,Mouse,spiny,Rbp4-Cre_KL100,5,0.732593691594103,0.7369092361310954,-0.8823692424139313,0.014518655507722628,0.1053200307113181,8.000005722045898,0.021511903032660484,0.05035856366157532,0.07433098554611206,0.08465579152107239,0.047734376043081284,0.018808068707585335,0.016298865899443626,-1.2205802202224731,-1.544669508934021,-1.3963912725448608,-1.0787937641143799,-0.6669339537620544,-0.3889836370944977,-0.33986079692840576,-0.3260537087917328,2.2996204940284315e-09,2.7207834720611572,449.8957824707031,509.8724670410156,0.1053200307113181,Excitatory (Mouse),Excitatory
580162374,Mouse,aspiny,Htr3a-Cre_NO152|Pvalb-T2A-Dre,6a,0.9463082721445415,0.9519674553855824,-0.7446806200932946,0.005253690993887296,0.24752475247525846,7.947278022766113,-0.03517432138323784,0.038362566381692886,0.08757565915584564,0.081480972468853,0.029988711699843407,0.009242763742804527,0.003502390580251813,-0.9207701086997986,-0.8513918519020081,-0.4753895699977875,-0.204614520072937,-0.10263688862323761,-0.11083602905273438,-0.09017972648143768,-0.058755841106176376,-0.0019770306535065174,1.5705939531326294,349.6498718261719,469.52996826171875,0.24752475247525846,Inhibitory (Mouse),Inhibitory
482726727,Mouse,spiny,Nr5a1-Cre,4,0.7149503750749793,0.6736112459063192,-0.9158674023132816,0.01652793113665206,0.1606945088115255,8.074899673461914,0.11858639866113663,0.0832766517996788,0.09439537674188614,0.1304909586906433,0.08621098101139069,0.011411532759666443,-0.04174569249153137,-1.0424607992172241,-0.9061088562011719,-0.6689341068267822,-0.4789416790008545,-0.3182508647441864,-0.22039318084716797,-0.21441824734210968,-0.22562333941459656,-0.04591969773173332,1.949480414390564,210.5989532470703,229.9425048828125,0.1606945088115255,Excitatory (Mouse),Excitatory
487158599,Mouse,aspiny,Htr3a-Cre_NO152,2/3,0.7616875846296439,0.8334257634944069,-0.3912870984831549,0.006749975173980448,0.29385007064155927,8.066943168640137,0.06652774661779404,0.06528308242559433,0.0627376064658165,0.056917548179626465,0.04739398509263992,0.03891740366816521,0.03200450539588928,-0.15207330882549286,-0.14090275764465332,-0.12922802567481995,-0.12209656834602356,-0.12187748402357101,-0.12465537339448929,-0.12630197405815125,-0.12986735999584198,-0.00717513682320714,1.245835542678833,89.97358703613281,229.9425048828125,0.29385007064155927,Inhibitory (Mouse),Inhibitory
515511110,Mouse,spiny,Rbp4-Cre_KL100,4,0.7442139962285991,0.6045049818815659,-0.6181610817900084,0.0063276608128251385,0.16757042985166706,8.019033432006836,0.018778985366225243,0.010491062887012959,0.006361604668200016,0.004209561739116907,-0.002450027037411928,-0.0027316962368786335,0.007823637686669827,-0.26641905307769775,-0.2903423607349396,-0.2796308994293213,-0.25308287143707275,-0.20684128999710083,-0.13696923851966858,-0.09307487308979034,-0.0572606697678566,-0.05737976357340813,1.1521631479263306,129.6873016357422,209.7899932861328,0.16757042985166706,Excitatory (Mouse),Excitatory
571396942,Mouse,sparsely spiny,Pvalb-IRES-Cre,6a,0.9669374545109832,0.9748229193709845,-0.6487403019879789,0.00421138213148869,0.3280943231806576,7.8689985275268555,-0.04244286194443703,0.023969171568751335,0.06882461905479431,0.09086500108242035,0.06421338021755219,0.01802440546452999,-0.016686806455254555,-0.3918953835964203,-0.5252710580825806,-0.3291357755661011,-0.1327739655971527,-0.041466038674116135,-0.02930845320224762,-0.043352268636226654,-0.050369974225759506,-0.008020037785172462,1.2476590871810913,239.7939453125,369.6300048828125,0.3280943231806576,Inhibitory (Mouse),Sparsely Spiny
584635215,Mouse,spiny,Scnn1a-Tg3-Cre,4,0.8330732514135163,0.8229483324535193,-0.5256596738705748,0.011996056345507012,0.10126116733468171,7.985269069671631,0.03609342873096466,0.09136819839477539,0.09939637780189514,0.09164837747812271,0.05876992270350456,0.01880638673901558,-0.003622813615947962,-1.019980788230896,-0.8771275877952576,-0.5111028552055359,-0.41155093908309937,-0.3892476558685303,-0.29455485939979553,-0.21064092218875885,-0.13005317747592926,0.06661878526210785,1.5863960981369019,110.28257751464844,209.7899932861328,0.10126116733468171,Excitatory (Mouse),Excitatory
485339983,Mouse,spiny,Ntsr1-Cre_GN220,6a,0.7161407579015585,0.7852338812985669,-0.627228308707084,0.003941768458394173,0.16198937203928948,8.035971641540527,0.033801909536123276,0.0258968323469162,0.01618753932416439,0.005879424046725035,-3.098766319453716e-05,0.005354298744350672,0.014820756390690804,-0.17890095710754395,-0.1929115504026413,-0.20085470378398895,-0.20656375586986542,-0.21204930543899536,-0.21805983781814575,-0.22090913355350494,-0.22317592799663544,0.26758694648742676,1.031509280204773,169.3809051513672,269.9324951171875,0.16198937203928948,Excitatory (Mouse),Excitatory
592712536,Mouse,aspiny,Nos1-CreERT2|Sst-IRES-FlpO,5,0.6537883519667087,0.7411449375740242,-0.6261361458969319,0.06239539451513732,0.047608528401343636,8.006464958190918,-0.007427669595927,0.007871842011809349,0.04728871211409569,0.06416406482458115,0.074542336165905,0.07700292021036148,0.08978880941867828,0.4749521315097809,-0.6663628220558167,-1.0395283699035645,-0.902961254119873,-0.664830207824707,-0.6378383040428162,-0.6690738201141357,-0.6721458435058594,0.2805774211883545,3.6180007457733154,131.43582153320312,209.7899932861328,0.047608528401343636,Other (Mouse),Inhibitory
594047832,Mouse,sparsely spiny,Vip-IRES-Cre,6a,0.7101708495789529,0.7007016754018962,-0.33631099705263107,0.010508161279619614,0.11112577971403256,8.041521072387695,0.03793324530124664,0.036592502146959305,0.03945590928196907,0.04447794333100319,0.04864510893821716,0.04776095598936081,0.044819559901952744,-0.3084678649902344,-0.2986535429954529,-0.2863530218601227,-0.27487078309059143,-0.2603776156902313,-0.23720355331897736,-0.2228066474199295,-0.21290446817874908,0.07703068107366562,1.4847582578659058,70.56061553955078,209.7899932861328,0.11112577971403256,Inhibitory (Mouse),Sparsely Spiny
323777372,Mouse,spiny,Scnn1a-Tg3-Cre,5,0.7489959452260545,0.7467328550410898,-0.5270370175308519,0.04443969643044548,0.06380208898247644,7.872673034667969,0.05765078216791153,0.19593289494514465,0.2897365391254425,0.2913210093975067,0.1035047397017479,-0.015142465941607952,-0.05024448037147522,0.058176737278699875,-0.21047137677669525,-0.4948344826698303,-0.5325380563735962,-0.35944411158561707,-0.28217601776123047,-0.25417962670326233,-0.20256584882736206,-0.15714870393276215,3.0545053482055664,110.67479705810547,209.94749450683594,0.06380208898247644,Excitatory (Mouse),Excitatory
482726749,Mouse,aspiny,Nr5a1-Cre,4,0.6125227438837934,0.5747708692031945,-0.26547675356088435,0.007368985255004105,0.22846573379538135,7.996728420257568,-0.01233256608247757,-0.010155047290027142,0.0018031044164672494,0.015000445768237114,0.026251336559653282,0.02851724997162819,0.029453584924340248,-0.3714900016784668,-0.3477466106414795,-0.28815653920173645,-0.2218562364578247,-0.1711435616016388,-0.123024120926857,-0.09519647806882858,-0.07387012243270874,0.04412853717803955,1.1831133365631104,50.4299201965332,189.95249938964844,0.22846573379538135,Other (Mouse),Inhibitory
564409183,Mouse,aspiny,Ndnf-IRES2-dgCre,6a,0.9669692140836634,0.9711076191254452,-0.6319347941381427,0.0069255628082116084,0.3207276669307045,7.946402549743652,-0.025593381375074387,0.012545906007289886,0.03370518237352371,0.041019439697265625,0.03929572179913521,0.015561401844024658,-0.023082425817847252,-0.4619675874710083,-0.31182610988616943,-0.1590673178434372,-0.07716254889965057,-0.02488386631011963,0.01125134527683258,0.025240221992135048,0.014206909574568272,-1.4741492577741155e-06,1.464505910873413,195.70388793945312,309.69000244140625,0.3207276669307045,Inhibitory (Mouse),Inhibitory
562385794,Mouse,spiny,Chrna2-Cre_OE25,5,0.6974703887534384,0.788191452726345,-0.5652710843964646,0.04116366427412773,0.06531907322163638,7.995323181152344,-0.028861045837402344,-0.038085125386714935,-0.006975244730710983,0.017896879464387894,0.00965918693691492,-0.008835813030600548,-0.017592327669262886,-0.7489277124404907,-0.9263822436332703,-0.9344632029533386,-0.7736285328865051,-0.4931216239929199,-0.25124186277389526,-0.17965862154960632,-0.1571464091539383,-2.5783409000723623e-05,3.0754146575927734,129.88233947753906,229.77000427246094,0.06531907322163638,Excitatory (Mouse),Excitatory
485954440,Mouse,spiny,Cux2-CreERT2,4,0.6204237064641528,0.5686953061308254,-0.9155922950250758,0.017291494765126723,0.15383981091241453,7.899205684661865,0.09938783198595047,0.1265861541032791,0.08750997483730316,0.0787578672170639,0.04842791333794594,0.004263477399945259,-0.04808686673641205,-0.9704699516296387,-0.41648414731025696,-0.29528680443763733,-0.195465549826622,-0.09112340211868286,-0.13960032165050507,-0.1761666238307953,-0.19663523137569427,-0.04076804220676422,1.994003415107727,210.53524780273438,229.9425048828125,0.15383981091241453,Excitatory (Mouse),Excitatory
490263438,Mouse,spiny,Ntsr1-Cre_GN220,5,0.7478140078866786,0.7497247693069073,-0.8285364130420089,0.007893855068989993,0.16945947173373596,8.055476188659668,0.08181322365999222,0.11515987664461136,0.1030007004737854,0.06740564852952957,0.013513229787349701,0.0008817219058983028,0.03396165370941162,-1.2292182445526123,-1.1696398258209229,-0.8978099226951599,-0.6418952941894531,-0.3980485796928406,-0.26590535044670105,-0.263071745634079,-0.27811723947525024,-4.966131672556884e-13,1.661974310874939,289.9152526855469,349.9125061035156,0.16945947173373596,Excitatory (Mouse),Excitatory
539014038,Mouse,aspiny,Ndnf-IRES2-dgCre,2/3,0.8596594270407325,0.7903407144717844,-0.7465111495564921,0.008631140403250954,0.13202526224179856,7.889904022216797,-0.005061243660748005,0.0935068279504776,0.13117855787277222,0.1316780298948288,0.08638423681259155,0.04195810854434967,-0.019600244238972664,-1.0495822429656982,-0.9211944341659546,-0.8214439749717712,-0.74776691198349,-0.525560736656189,-0.21050408482551575,-0.10758382081985474,-0.06778831034898758,3.1763043306654026e-09,1.6868396997451782,246.1023406982422,329.6700134277344,0.13202526224179856,Inhibitory (Mouse),Inhibitory
502993826,Mouse,spiny,Nr5a1-Cre,4,0.5159028286383928,0.5218524295150979,-0.9060497488446201,0.06367673807054984,0.05858255523983455,8.070497512817383,0.09900305420160294,0.11778523027896881,0.1377716213464737,0.1263391673564911,0.09657956659793854,0.08669343590736389,0.07486946135759354,0.2748657464981079,-0.23241733014583588,-0.5017322301864624,-0.050393182784318924,0.26900622248649597,-0.11098381131887436,-0.49292218685150146,-0.7485052943229675,-0.12152966111898422,3.654961347579956,190.09494018554688,209.7899932861328,0.05858255523983455,Excitatory (Mouse),Excitatory
485880739,Mouse,spiny,Rbp4-Cre_KL100,5,0.6362086358994508,0.6095478073212408,-0.9284836429735669,0.016351876245480224,0.16257603681240965,7.704702854156494,0.023429468274116516,0.20437373220920563,0.22692325711250305,0.17693719267845154,0.07469401508569717,0.03408905863761902,0.030513258650898933,-0.22068992257118225,-0.19680584967136383,-0.129304900765419,-0.14630664885044098,-0.19189335405826569,-0.3424999713897705,-0.39438995718955994,-0.38072481751441956,-0.046960312873125076,2.100929021835327,250.63011169433594,269.9324951171875,0.16257603681240965,Excitatory (Mouse),Excitatory
561533860,Mouse,aspiny,Htr3a-Cre_NO152,5,0.7657719461112497,0.8419176310816254,-0.7391180769219365,0.01191621009958341,0.12119381727314762,8.087529182434082,0.1826423853635788,0.24421150982379913,0.23828205466270447,0.1875232607126236,0.10933541506528854,0.050991158932447433,0.022229304537177086,-0.2881811857223511,-0.4090655446052551,-0.5062283277511597,-0.3893159329891205,-0.28375324606895447,-0.24979522824287415,-0.28610309958457947,-0.3348875939846039,6.389503687387332e-05,1.6546865701675415,169.82716369628906,229.77000427246094,0.12119381727314762,Inhibitory (Mouse),Inhibitory
476525478,Mouse,spiny,Scnn1a-Tg3-Cre,4,0.8487639415688155,0.8333898773331813,-0.6931490754283266,0.003733359625845105,0.17739460543004854,8.217174530029297,0.24593760073184967,0.23190882802009583,0.15871506929397583,0.046589288860559464,-0.038560353219509125,-0.03789757564663887,-0.006585980299860239,-0.8881421089172363,-0.616571843624115,-0.37268826365470886,-0.2802671790122986,-0.3126657009124756,-0.38795188069343567,-0.39618825912475586,-0.37386196851730347,-0.22070442140102386,1.1098201274871826,228.73072814941406,329.9175109863281,0.17739460543004854,Excitatory (Mouse),Excitatory
326734770,Mouse,aspiny,Htr3a-Cre_NO152,2/3,0.7982600432051129,0.7996260957690404,-0.5233325731124071,0.014124998683115762,0.09931062536297998,8.045501708984375,0.051505789160728455,0.055205222219228745,0.05795329064130783,0.052838992327451706,0.03999211639165878,0.03145654499530792,0.026676954701542854,-0.2490253448486328,-0.861642599105835,-0.7587965130805969,-0.5121818780899048,-0.3476434051990509,-0.23697297275066376,-0.19768215715885162,-0.18439173698425293,-0.10812734812498093,1.8789269924163818,130.81211853027344,249.93748474121094,0.09931062536297998,Inhibitory (Mouse),Inhibitory
480777144,Mouse,aspiny,Rorb-IRES2-Cre,4,0.8712200445271059,0.830944382686259,-0.7276819599698696,0.0016503399866895324,0.5093929513256608,7.998749256134033,-0.0007084270473569632,-0.0010901561472564936,-0.0010597811779007316,-0.0010519578354433179,-0.0012555404100567102,-0.002493519801646471,-0.005689347628504038,-0.024241836741566658,-0.02445724420249462,-0.021492762491106987,-0.01939544454216957,-0.018136413767933846,-0.015679752454161644,-0.014795489609241486,-0.01564943417906761,-0.024444231763482094,0.9526069760322571,400.1256103515625,549.8624877929688,0.5093929513256608,Other (Mouse),Inhibitory
320639930,Mouse,spiny,Rorb-IRES2-Cre,4,0.7364144631460794,0.7315354683367171,-0.8518565771878549,0.009336931657546411,0.18666889175984913,7.995159149169922,0.058765824884176254,0.10397443175315857,0.12050943821668625,0.10433777421712875,0.033864233642816544,-0.012757525779306889,-0.052640415728092194,-0.5897969603538513,-0.4321892559528351,-0.3173602223396301,-0.2837296724319458,-0.27945074439048767,-0.3119405210018158,-0.3232266306877136,-0.32094457745552063,4.638192160530928e-14,1.5875582695007324,229.9437713623047,269.9324951171875,0.18666889175984913,Excitatory (Mouse),Excitatory
579662784,Mouse,spiny,Vipr2-IRES2-Cre,5,0.709486929474376,0.7229151351380534,-0.8378626021256872,0.009374068312999983,0.14651447914689014,7.821310520172119,-0.01753910444676876,0.09263957291841507,0.14699804782867432,0.1591687947511673,0.1381358504295349,0.0931468978524208,0.015838047489523888,-1.076277732849121,-1.2085859775543213,-0.8333922028541565,-0.614736795425415,-0.5784558057785034,-0.5323470234870911,-0.44838184118270874,-0.4063085913658142,-2.2994681159183017e-10,1.8614341020584106,309.69915771484375,369.6300048828125,0.14651447914689014,Excitatory (Mouse),Excitatory
487445455,Mouse,spiny,Cux2-CreERT2,5,0.7305026421485468,0.6900718592103485,-0.8518683350465136,0.012115247716347102,0.14808046988894277,8.088518142700195,0.11356446892023087,0.0848568007349968,0.10675853490829468,0.13722263276576996,0.08748903125524521,0.008873315528035164,-0.03990096226334572,-0.261457622051239,-0.5902417302131653,-0.8356366157531738,-0.7488040328025818,-0.42903345823287964,-0.18579550087451935,-0.16141442954540253,-0.1820424646139145,7.275982483179178e-08,1.808396816253662,229.9469451904297,269.9324951171875,0.14808046988894277,Excitatory (Mouse),Excitatory
592819166,Mouse,sparsely spiny,Vip-IRES-Cre,5,0.8683927961606519,0.8336441718599129,-0.40780540845924923,0.006325246042514914,0.2369164097308264,7.827198028564453,0.03653421252965927,0.10977203398942947,0.08718177676200867,0.05294828861951828,0.011992733925580978,-0.0033975306432694197,0.01834726333618164,-0.5410194993019104,-0.4465085566043854,-0.3728775978088379,-0.3285987079143524,-0.22406674921512604,-0.09591130167245865,-0.07683901488780975,-0.0836166962981224,-0.024297919124364853,1.3061809539794922,109.9979476928711,269.7300109863281,0.2369164097308264,Inhibitory (Mouse),Sparsely Spiny
471077857,Mouse,aspiny,Pvalb-IRES-Cre,5,0.952504337015695,0.9445302788896294,-0.6849364999322602,0.005163729294438868,0.36079233604911165,7.455137252807617,-0.24834662675857544,-0.05757652968168259,0.05783753842115402,0.12596914172172546,0.120726577937603,0.06998342275619507,-0.01800750009715557,-0.41198986768722534,-0.47566840052604675,-0.421901673078537,-0.29962456226348877,-0.1802770346403122,-0.1278076171875,-0.12927742302417755,-0.15336722135543823,0.10679753869771957,1.6226038932800293,349.2416687011719,509.8724670410156,0.36079233604911165,Inhibitory (Mouse),Inhibitory
568767467,Mouse,aspiny,Vip-IRES-Cre,5,0.7665614211661756,0.7739850320474578,-0.4160013562658993,0.016218552878311473,0.1606110414951474,8.338050842285156,0.4301690459251404,0.4668720066547394,0.4382804036140442,0.36367371678352356,0.23352082073688507,0.14843961596488953,0.125957190990448,0.5105217099189758,-0.4677804708480835,-0.3932851254940033,-0.1276434063911438,-0.18556585907936096,-0.3536897301673889,-0.4014253318309784,-0.4567059874534607,0.10405892133712769,1.6596375703811646,70.66033935546875,169.8300018310547,0.1606110414951474,Inhibitory (Mouse),Inhibitory
329241587,Mouse,aspiny,Sst-IRES-Cre,4,0.7212342857626897,0.6462771524846975,-0.6546964243658742,0.009499164957788582,0.1484774381109107,8.382816314697266,0.3547927439212799,0.30891746282577515,0.25627487897872925,0.1635257601737976,6.0910500906175e-05,-0.06617432087659836,-0.010839670896530151,-0.7719907164573669,-0.7703332304954529,-0.593169093132019,-0.45653989911079407,-0.3891008198261261,-0.40080153942108154,-0.44066986441612244,-0.47517138719558716,0.07374195754528046,1.4779248237609863,150.5479736328125,229.9425048828125,0.1484774381109107,Inhibitory (Mouse),Inhibitory
593646579,Mouse,sparsely spiny,Vip-IRES-Cre,5,0.6714060016617935,0.7712123129208631,-0.47761571663856905,0.011484638592373576,0.12732300828617868,8.58658504486084,0.5563544034957886,0.4565247595310211,0.34632161259651184,0.21577541530132294,0.08464954793453217,0.05891739949584007,0.11730034649372101,0.4554964601993561,-0.276191383600235,-0.4339781701564789,-0.5017237067222595,-0.5974510908126831,-0.5974752902984619,-0.4940861761569977,-0.34589454531669617,-0.09299712628126144,1.4764481782913208,90.66488647460938,189.80999755859375,0.12732300828617868,Inhibitory (Mouse),Sparsely Spiny
559387643,Mouse,spiny,Ctgf-T2A-dgCre,5,0.619133395191089,0.6110115821481632,-0.9136211580495397,0.035194557867170316,0.08269955153687153,7.892780780792236,0.02619764767587185,0.011576353572309017,0.04898759350180626,0.11078272014856339,0.09143053740262985,0.041618287563323975,0.015568559989333153,-0.3423484265804291,-0.5237049460411072,-0.6258824467658997,-0.7629719972610474,-0.852157711982727,-0.5677122473716736,-0.4828742742538452,-0.43904024362564087,-0.04375741258263588,2.8437042236328125,209.92465209960938,229.77000427246094,0.08269955153687153,Excitatory (Mouse),Excitatory
485905411,Mouse,spiny,Ntsr1-Cre_GN220,6a,0.6984851752425456,0.7531943368293401,-0.7539463444700315,0.005792767178786553,0.17795950211205983,8.169655799865723,0.12759175896644592,0.10061624646186829,0.10462285578250885,0.11117767542600632,0.07736153900623322,0.029236968606710434,0.01182635873556137,-0.6670737862586975,-1.3634980916976929,-1.2564277648925781,-1.0955079793930054,-0.9994931221008301,-0.7825804948806763,-0.6724712252616882,-0.6244852542877197,0.03166608884930611,1.3824381828308105,248.74110412597656,329.9175109863281,0.17795950211205983,Excitatory (Mouse),Excitatory
519517188,Mouse,aspiny,Htr3a-Cre_NO152,5,0.7026490693757722,0.8209724360485191,-0.5139953482987122,0.004255312188100518,0.23168399045088522,8.019272804260254,0.017891990020871162,0.016110863536596298,0.01527339406311512,0.01460921112447977,0.010766260325908661,0.001325680990703404,-0.014646071940660477,-0.26491591334342957,-0.2522760331630707,-0.23873865604400635,-0.22894896566867828,-0.19797639548778534,-0.11243745684623718,-0.07068736106157303,-0.05473151430487633,-0.2011849284172058,1.147966742515564,159.21969604492188,309.69000244140625,0.23168399045088522,Inhibitory (Mouse),Inhibitory
486110216,Mouse,spiny,Rbp4-Cre_KL100,5,0.8536769645921087,0.8148450591299843,-0.6806078476291485,0.014066328578651945,0.0957938913959581,8.092476844787598,0.06150757148861885,-0.012055855244398117,-0.07166150957345963,-0.0861150324344635,-0.03486998379230499,-0.012119189836084843,0.003430028213188052,-1.812733769416809,-1.0380048751831055,-0.5845947265625,-0.4656923711299896,-0.40331804752349854,-0.3187137246131897,-0.261013388633728,-0.22015579044818878,0.048392556607723236,1.8750207424163818,170.11175537109375,249.93748474121094,0.0957938913959581,Excitatory (Mouse),Excitatory
490779678,Mouse,spiny,Rbp4-Cre_KL100,5,0.6797297049792137,0.7643276185817832,-0.7390865008132298,0.015261579318731226,0.10193560422074449,8.079475402832031,0.08177926391363144,0.08170177787542343,0.08193331956863403,0.0829015001654625,0.08429069072008133,0.08387375622987747,0.08469077199697495,-0.13972002267837524,-0.16135001182556152,-0.17494972050189972,-0.17700183391571045,-0.16840104758739471,-0.16009953618049622,-0.15767720341682434,-0.1547238677740097,-0.0012775111244991422,1.873308777809143,169.94740295410156,229.9425048828125,0.10193560422074449,Excitatory (Mouse),Excitatory
386970660,Mouse,spiny,Nr5a1-Cre,4,0.6917148401014659,0.7398358072469366,-0.6901064864729538,0.007098835114209567,0.12621685671558347,8.252799034118652,0.29659244418144226,0.328901469707489,0.3183700144290924,0.28054937720298767,0.19335931539535522,0.10388633608818054,0.04218190535902977,-1.6111631393432617,-0.24642181396484375,0.36273035407066345,0.31706860661506653,0.09683611989021301,-0.4006655216217041,-0.7000094652175903,-0.8825173377990723,-0.034664303064346313,1.161224126815796,131.08865356445312,189.95249938964844,0.12621685671558347,Excitatory (Mouse),Excitatory
327644217,Mouse,aspiny,Htr3a-Cre_NO152,4,0.7004031100686695,0.7574486817653895,-0.5654095673225253,0.0055892175634651,0.22325467587384593,8.268850326538086,0.280489981174469,0.2512800395488739,0.1957542449235916,0.13770298659801483,0.08508431166410446,0.05718355253338814,0.0474075973033905,-0.5218538045883179,-0.38419920206069946,-0.19306671619415283,-0.17893241345882416,-0.20138061046600342,-0.26849034428596497,-0.33173614740371704,-0.389955997467041,0.014479662291705608,1.1336660385131836,130.01190185546875,229.9425048828125,0.22325467587384593,Inhibitory (Mouse),Inhibitory
322507839,Mouse,aspiny,Sst-IRES-Cre,5,0.6528296538260828,0.6981228050593551,-0.29633846297652905,0.006937101702702528,0.19186654683961601,8.585739135742188,0.6423062682151794,0.6445142030715942,0.582912027835846,0.4567318558692932,0.24228762090206146,0.10554735362529755,0.09380810707807541,-0.08629187941551208,-0.3445316255092621,-0.24747607111930847,-0.2421812117099762,-0.3382444679737091,-0.46379080414772034,-0.4708907902240753,-0.40428414940834045,-0.05206841975450516,1.0858234167099,50.36765670776367,169.95750427246094,0.19186654683961601,Inhibitory (Mouse),Inhibitory
526668864,Mouse,spiny,Ctgf-T2A-dgCre,6b,0.5771305050624264,0.6024302484245386,-0.8958270191261296,0.03498778675753831,0.08343328641045104,7.522056579589844,0.2502220869064331,0.8083775043487549,0.8029977679252625,0.6302644610404968,0.36105671525001526,0.22922755777835846,0.1634010523557663,0.42218461632728577,-0.20326851308345795,0.2830449044704437,0.07270585000514984,-0.35227686166763306,-0.9178917407989502,-1.0698574781417847,-1.0819796323776245,0.014682619832456112,2.5770199298858643,170.03713989257812,189.80999755859375,0.08343328641045104,Excitatory (Mouse),Excitatory
581153862,Mouse,aspiny,Nkx2-1-CreERT2,6b,0.7872454812273944,0.7682640675667906,-0.6531219349755492,0.05187065865654976,0.050055777152477325,7.998350620269775,0.0015615754527971148,0.02360893040895462,0.06331711262464523,0.08942229300737381,0.054529204964637756,0.019992202520370483,0.034015458077192307,-0.7681524157524109,-1.3625999689102173,-0.8815799355506897,-0.5262988805770874,-0.3341327905654907,-0.22278812527656555,-0.19875571131706238,-0.19570159912109375,-0.1035492941737175,3.4522922039031982,150.07855224609375,229.77000427246094,0.050055777152477325,Other (Mouse),Inhibitory
526734407,Human,aspiny,,3,0.730471099865634,0.637096224558798,-0.8536498119241259,0.005909231677615184,0.29060711313237103,7.960917949676514,-0.01690853014588356,-0.03684574365615845,-0.05033654347062111,-0.04846571758389473,-0.029897507280111313,-0.01055067777633667,-0.000127151477499865,0.19278287887573242,0.12869718670845032,-0.07140006124973297,-0.15805262327194214,-0.19678804278373718,-0.24382361769676208,-0.25492140650749207,-0.25809741020202637,6.451372075444439e-11,1.5557513236999512,349.64642333984375,409.5899963378906,0.29060711313237103,Inhibitory (Human),Inhibitory
570438732,Mouse,sparsely spiny,Chat-IRES-Cre-neo,2/3,0.6346337922887318,0.7498593302597955,-0.4027757375233487,0.004596411514648719,0.1700459328073703,7.982405185699463,-0.02619527280330658,-0.030916651710867882,-0.02540786936879158,-0.01236483920365572,0.006385874003171921,0.012477071024477482,0.009706983342766762,-0.3005059063434601,-0.2929077446460724,-0.2850428819656372,-0.28732481598854065,-0.28339213132858276,-0.1245063841342926,-0.07163084298372269,-0.03893080726265907,0.2900720238685608,1.1134586334228516,108.72484588623047,269.7300109863281,0.1700459328073703,Other (Mouse),Sparsely Spiny
576107598,Human,spiny,,2,0.6037279338244392,0.5052686238358588,-0.9445359651232367,0.007893381928172963,0.16833163486714167,8.16574764251709,0.19347113370895386,0.17549264430999756,0.11044224351644516,0.04641294479370117,0.006378711201250553,0.006113031879067421,0.010157983750104904,-0.44630929827690125,-0.707827627658844,-0.9380230903625488,-1.006168246269226,-0.973482072353363,-0.8832430839538574,-0.8044899106025696,-0.7262760400772095,-0.010499542579054832,2.3494343757629395,660.5140991210938,699.2999877929688,0.16833163486714167,Excitatory (Human),Excitatory
592868444,Mouse,aspiny,Vip-IRES-Cre,6a,0.7919495691487938,0.7832724893293881,-0.5796163468048183,0.011775472262994064,0.1509996022670507,8.537581443786621,0.5832552313804626,0.6071162819862366,0.6018513441085815,0.5632990598678589,0.46715959906578064,0.3951014578342438,0.37562888860702515,-0.03618159890174866,-0.24777652323246002,0.26911160349845886,0.1965806484222412,-0.07703752815723419,-0.6948670744895935,-1.2684837579727173,-1.2489702701568604,-0.03903728723526001,1.495025873184204,110.01850128173828,189.80999755859375,0.1509996022670507,Inhibitory (Mouse),Inhibitory
524850271,Mouse,spiny,Chrna2-Cre_OE25,5,0.4499204773659749,0.5487715981870739,-0.5817332438658991,0.06890113786207838,0.055103025023826815,8.319839477539062,0.3443275988101959,0.31067153811454773,0.24415424466133118,0.14535382390022278,0.0009764835122041404,-0.04270371049642563,-0.004165653605014086,-0.2745884954929352,0.20282593369483948,0.12404364347457886,0.008625159971415997,-0.1205182746052742,-0.35925254225730896,-0.515612006187439,-0.5881844758987427,-0.1897234320640564,3.6163690090179443,110.45478057861328,189.80999755859375,0.055103025023826815,Excitatory (Mouse),Excitatory
628700262,Mouse,spiny,Sim1-Cre_KJ18,5,0.6159703510955735,0.6313925842672462,-0.5264121152571591,0.007550012855488153,0.1374749967349685,8.039414405822754,0.041716087609529495,0.04082700237631798,0.03884661942720413,0.038482122123241425,0.04243216663599014,0.04426862671971321,0.041634321212768555,-0.05427248403429985,-0.054895590990781784,-0.07688251882791519,-0.054122086614370346,-0.05218615382909775,-0.07176567614078522,-0.09639932960271835,-0.11931829899549484,0.007255974225699902,1.1971081495285034,99.9183349609375,189.80999755859375,0.1374749967349685,Excitatory (Mouse),Excitatory
572609644,Mouse,spiny,Glt25d2-Cre_NF107,5,0.7380820313218918,0.681621045370894,-0.8710066947696287,0.02038891395316906,0.09859793733114394,7.802818298339844,-0.03188813477754593,0.03831441327929497,0.031167298555374146,0.03326772525906563,0.04725201055407524,0.03437428176403046,0.008523361757397652,-0.09426561743021011,-0.14109502732753754,-0.2857927680015564,-0.39643922448158264,-0.4988406002521515,-0.4752676784992218,-0.3430694341659546,-0.30158787965774536,9.408522816086243e-14,2.5128157138824463,269.7420654296875,309.69000244140625,0.09859793733114394,Excitatory (Mouse),Excitatory
579662957,Mouse,aspiny,Vipr2-IRES2-Cre,6b,0.9461101466766488,0.9400035900209303,-0.48135508951015576,0.01605479042588022,0.14816878202298775,7.926956653594971,0.11527380347251892,0.1656188815832138,0.15962861478328705,0.13978417217731476,0.05127200484275818,-0.011990177445113659,0.0032598667312413454,-0.040888115763664246,-0.20869417488574982,-0.4197950065135956,-0.3716917335987091,-0.20160475373268127,-0.07204410433769226,-0.024828782305121422,0.011261414736509323,-0.1085643544793129,1.9206533432006836,110.61274719238281,229.77000427246094,0.14816878202298775,Other (Mouse),Inhibitory
542143598,Human,spiny,,4,0.4928311080262529,0.6541063221918774,-0.7760219288777401,0.01188725055295175,0.23564131433184476,7.558905124664307,0.04043887183070183,0.2669936418533325,0.28924253582954407,0.3064548075199127,0.1926967054605484,0.045935411006212234,0.010137633420526981,0.22242151200771332,-0.41744083166122437,-0.5346812009811401,-0.5615060925483704,-0.41825518012046814,-0.3258224427700043,-0.24171017110347748,-0.09460630267858505,0.02876550704240799,1.4208489656448364,131.79263305664062,169.8300018310547,0.23564131433184476,Excitatory (Human),Excitatory
560690291,Mouse,aspiny,Vip-IRES-Cre,4,0.5872216714955962,0.6367304799056897,-0.4887127036929356,0.06382403949151806,0.08047928310342173,7.995853900909424,-0.008690482936799526,-0.005105901975184679,0.00104418583214283,0.002655710792168975,0.004088627640157938,0.005212219897657633,0.0013320818543434143,-0.40821778774261475,-0.4016299247741699,-0.3497231900691986,-0.26127889752388,-0.16121239960193634,-0.09693590551614761,-0.05975135788321495,-0.03275507315993309,0.3655179440975189,4.14912748336792,131.95408630371094,269.7300109863281,0.08047928310342173,Inhibitory (Mouse),Inhibitory
323834998,Mouse,aspiny,Scnn1a-Tg3-Cre,6a,0.7807841171784206,0.8049777923536879,-0.6798153684847621,0.007031931176210859,0.15553206157358504,8.095221519470215,0.1459723263978958,0.21555466949939728,0.26421836018562317,0.25798019766807556,0.1568187028169632,0.05222791060805321,-0.0014332911232486367,-1.421502947807312,-1.4416182041168213,-0.6810709834098816,-0.29779085516929626,-0.1810523271560669,-0.21168817579746246,-0.24671144783496857,-0.2606050670146942,-0.014723148196935654,1.325723648071289,169.91156005859375,249.93748474121094,0.15553206157358504,Other (Mouse),Inhibitory
575919223,Mouse,aspiny,Vip-IRES-Cre,5,0.6673812445475195,0.7260427211552387,-0.2651821879168007,0.006068578867889543,0.23952692474255996,8.423588752746582,0.4295783042907715,0.3449121117591858,0.23028406500816345,0.11506935209035873,0.006363849621266127,-0.02429080940783024,0.042039863765239716,0.3870561122894287,-0.03684578463435173,-0.44809067249298096,-0.5846490263938904,-0.5725509524345398,-0.35706740617752075,-0.15421904623508453,0.02386324293911457,0.046486642211675644,1.0732553005218506,50.33639144897461,189.80999755859375,0.23952692474255996,Inhibitory (Mouse),Inhibitory
570946690,Mouse,aspiny,Pvalb-IRES-Cre,6a,0.9697098784973409,0.9622202515712055,-0.5882953293060916,0.005787421917190446,0.25865565276414454,7.9771952629089355,0.0013112338492646813,0.02383495308458805,0.04110688716173172,0.05094623193144798,0.049572717398405075,0.02569589577615261,-0.02527434378862381,-0.21162430942058563,-0.28822192549705505,-0.21629588305950165,-0.13207201659679413,-0.08307353407144547,-0.044909536838531494,-0.02101794071495533,-0.011428743600845337,-0.2102845460176468,1.501611590385437,229.2499542236328,389.6099853515625,0.25865565276414454,Inhibitory (Mouse),Inhibitory
510702728,Mouse,spiny,Rorb-IRES2-Cre,4,0.5618647155809816,0.6791597948216407,-0.8273322895632625,0.07003305891977007,0.04359957003847991,8.249007225036621,0.33763107657432556,0.3807159662246704,0.3661476671695709,0.28607428073883057,0.1309059113264084,0.058853622525930405,0.019708378240466118,0.09275422990322113,0.22701652348041534,0.12315255403518677,-0.1009996235370636,-0.315784752368927,-0.5849629044532776,-0.7284601330757141,-0.8188762664794922,0.022140538319945335,4.011420726776123,190.0966339111328,229.77000427246094,0.04359957003847991,Excitatory (Mouse),Excitatory
509875338,Mouse,spiny,Ctgf-T2A-dgCre,6a,0.7157425347834688,0.7564428211000452,-0.8288582994591883,0.024879878170409656,0.06618678599349861,8.186391830444336,0.27334606647491455,0.2533273994922638,0.17568248510360718,0.12176468223333359,0.09985508769750595,0.04356817528605461,0.011363021098077297,0.6991506814956665,-0.07382053881883621,-0.618537962436676,-0.5478224158287048,-0.42479443550109863,-0.2586666941642761,-0.1948598325252533,-0.15777918696403503,0.08559529483318329,2.390951633453369,190.4541015625,229.77000427246094,0.06618678599349861,Excitatory (Mouse),Excitatory
573404307,Mouse,aspiny,Vipr2-IRES2-Cre,6a,0.962207556068865,0.9604376312977106,-0.6308678816406844,0.005186966823257358,0.2199378015897876,7.973841667175293,-0.0071556586772203445,0.030657518655061722,0.05848139151930809,0.0444137379527092,-0.0012680916115641594,0.003318177768960595,0.04267248883843422,-0.5905148983001709,-0.6230246424674988,-0.24920834600925446,0.010674922727048397,0.06917907297611237,-0.04745198041200638,-0.11845152825117111,-0.14796510338783264,-0.03093728981912136,1.3467081785202026,220.5839080810547,349.6499938964844,0.2199378015897876,Other (Mouse),Inhibitory
603411614,Mouse,spiny,Penk-IRES2-Cre-neo,6a,0.7172809548706327,0.7482911430942876,-0.839994464679185,0.007722826393770085,0.2230191439633145,8.219240188598633,0.2799399793148041,0.2873649001121521,0.24641965329647064,0.1836497187614441,0.09822241961956024,0.0411505401134491,0.02242003008723259,0.15653502941131592,-0.6796472668647766,-0.8198086023330688,-0.6226892471313477,-0.587895929813385,-0.5845840573310852,-0.5314288139343262,-0.457310289144516,-1.4320713018212139e-11,1.3888037204742432,209.78860473632812,249.74998474121094,0.2230191439633145,Excitatory (Mouse),Excitatory
485889190,Mouse,spiny,Rorb-IRES2-Cre,4,0.802106941075054,0.7536285640394981,-0.920599759580559,0.03924031556459087,0.07645600132972225,8.239625930786133,0.33029571175575256,0.37146422266960144,0.3557642102241516,0.29119086265563965,0.12369269877672195,-0.002365704160183668,-0.05611652880907059,-0.38747209310531616,-0.686660885810852,-0.7544152736663818,-0.5782617926597595,-0.3753420412540436,-0.32503241300582886,-0.36199045181274414,-0.39526093006134033,0.06016591936349869,3.1317129135131836,230.09600830078125,249.93748474121094,0.07645600132972225,Excitatory (Mouse),Excitatory
486921382,Mouse,aspiny,Htr3a-Cre_NO152,4,0.7251437864833511,0.8081687331885016,-0.5677010433995383,0.00849985522105201,0.157917210954671,8.353883743286133,0.41077572107315063,0.21235160529613495,0.08098598569631577,0.03422017768025398,0.006660420913249254,0.00023184591555036604,0.06342208385467529,0.7903259992599487,0.29687756299972534,-0.5475070476531982,-0.9774834513664246,-1.1127204895019531,-0.9249786138534546,-0.6291285753250122,-0.439956933259964,0.07131598144769669,1.398026466369629,130.54368591308594,229.9425048828125,0.157917210954671,Inhibitory (Mouse),Inhibitory
528028846,Human,aspiny,,6,0.8568085247679051,0.8290985126185989,-0.5625098016530232,0.013145816989171968,0.12611281951940717,7.81381893157959,-0.16644693911075592,-0.09236476570367813,-0.026512520387768745,-0.01160303596407175,-0.043996866792440414,-0.034643471240997314,0.017884578555822372,-1.0189204216003418,-0.8156416416168213,-0.3797096610069275,-0.058011654764413834,0.06684933602809906,0.024122973904013634,0.0005392114399001002,0.006143841426819563,-0.508427619934082,1.7379627227783203,129.50637817382812,229.77000427246094,0.12611281951940717,Inhibitory (Human),Inhibitory
515986607,Mouse,spiny,Ntsr1-Cre_GN220,6a,0.6667568141944165,0.7202189105432835,-0.8644135334192691,0.009169102282643718,0.10400493898653144,7.55065393447876,-0.23851647973060608,-0.0681622326374054,-0.01683158427476883,0.04816340655088425,0.048603467643260956,0.0283441673964262,0.06975214183330536,-0.9192771911621094,-0.844588041305542,-0.6747633814811707,-0.7955179214477539,-0.7489209771156311,-0.6609492301940918,-0.6965529918670654,-0.7391991019248962,3.33238895109389e-05,2.324728012084961,509.49395751953125,589.4099731445312,0.10400493898653144,Excitatory (Mouse),Excitatory
502887600,Mouse,spiny,Rorb-IRES2-Cre,5,0.5671814558420406,0.5781642169674266,-0.9079800569882066,0.015989149784241267,0.16597284485091052,8.065438270568848,0.24284577369689941,0.4311300218105316,0.4558253586292267,0.3894665539264679,0.22216956317424774,0.0681171789765358,-0.052772391587495804,0.640920102596283,0.6321284770965576,0.545031726360321,0.20813052356243134,-0.3931853175163269,-0.8978566527366638,-1.0335664749145508,-1.1497660875320435,0.04760441929101944,1.8314921855926514,190.48739624023438,209.7899932861328,0.16597284485091052,Excitatory (Mouse),Excitatory
490624177,Mouse,spiny,Rorb-IRES2-Cre,4,0.7941061275279843,0.8071373459685276,-0.714291173284249,0.017908049359664228,0.0814741608772654,7.929082870483398,-0.05269428715109825,-0.007235931232571602,0.012499642558395863,0.025972571223974228,0.03712279349565506,0.015434538014233112,-0.01766507886350155,-1.5406416654586792,-1.484676718711853,-0.6385695934295654,-0.4338008165359497,-0.3286539912223816,-0.18948332965373993,-0.14256249368190765,-0.15170718729496002,0.013263581320643425,2.5032479763031006,249.93959045410156,349.9125061035156,0.0814741608772654,Excitatory (Mouse),Excitatory
565236919,Mouse,aspiny,Htr3a-Cre_NO152,2/3,0.6198354488714173,0.6600535599167385,-0.4744498156570397,0.010297868151555282,0.2994011976047995,8.376789093017578,0.5268709063529968,0.5354267358779907,0.4447660446166992,0.3031754195690155,0.10682094842195511,0.016723675653338432,0.01605418510735035,0.18403936922550201,0.8852470517158508,0.010105977766215801,-0.19485598802566528,0.16094188392162323,-0.19785688817501068,-0.526840329170227,-0.6133826375007629,0.03486347571015358,1.3980838060379028,90.05653381347656,189.80999755859375,0.2994011976047995,Inhibitory (Mouse),Inhibitory
486896849,Mouse,aspiny,Pvalb-IRES-Cre,4,0.9619184779837046,0.9532415411600847,-0.803925853423561,0.003892677701673083,0.35251900385884344,8.085994720458984,0.10376288741827011,0.11361319571733475,0.11751511693000793,0.12248163670301437,0.11096834391355515,0.07296675443649292,0.00939924269914627,-0.43302175402641296,-0.4134320020675659,-0.565687358379364,-0.7913063168525696,-0.4609869718551636,-0.17185722291469574,-0.10746680200099945,-0.0918145403265953,3.298919803995659e-09,1.4088183641433716,409.899658203125,509.8724670410156,0.35251900385884344,Inhibitory (Mouse),Inhibitory
484742372,Mouse,aspiny,Pvalb-IRES-Cre,5,0.9657499461841004,0.9672793385764424,-0.5483812776080839,0.00467206388661459,0.29115175266070775,8.046064376831055,0.04569444805383682,0.044785432517528534,0.04372502490878105,0.0412658154964447,0.03068009950220585,0.01067330501973629,-0.01816071942448616,-0.42382732033729553,-0.37506788969039917,-0.27157220244407654,-0.16117405891418457,-0.08866149932146072,-0.039212264120578766,-0.007502154912799597,0.01977706328034401,-1.3252762443016763e-08,1.2033194303512573,169.9556884765625,309.9224853515625,0.29115175266070775,Inhibitory (Mouse),Inhibitory
560690405,Mouse,aspiny,Vip-IRES-Cre,2/3,0.5855829095467795,0.6991303441775952,-0.17951427733925723,0.00738695345322746,0.3466334268319374,8.096664428710938,0.09975127130746841,0.10093530267477036,0.09942562133073807,0.09480532258749008,0.08695822209119797,0.08126343786716461,0.08095166087150574,-0.0723927766084671,-0.05740074813365936,-0.038533177226781845,-0.036089085042476654,-0.038561683148145676,-0.05013769492506981,-0.06388074159622192,-0.07512477040290833,-0.05800327658653259,1.120056390762329,30.49027442932129,169.8300018310547,0.3466334268319374,Inhibitory (Mouse),Inhibitory
561435883,Human,sparsely spiny,,5,0.6724764466833324,0.8267761165716185,-0.7173858951560258,0.023240015815275666,0.06370920062791728,7.9220709800720215,-0.08076466619968414,-0.08922690153121948,-0.07495525479316711,-0.045903321355581284,-0.012683629989624023,0.002075141528621316,0.0010114775504916906,0.22571693360805511,0.1490304321050644,0.030937742441892624,-0.02805425226688385,-0.040527619421482086,-0.03165502846240997,-0.022694461047649384,-0.016029279679059982,-0.12364727258682251,2.2080585956573486,150.5156707763672,209.7899932861328,0.06370920062791728,Other (Human),Sparsely Spiny
526939383,Mouse,aspiny,Ndnf-IRES2-dgCre,1,0.8926067573187455,0.8437967404406548,-0.439977051029881,0.009913035417518506,0.12099479988549029,7.925751209259033,-0.004748468287289143,0.05777103081345558,0.08360610902309418,0.0889248475432396,0.05123065412044525,0.0065197148360311985,-0.019461574032902718,-1.0603054761886597,-0.9654476642608643,-0.7050663232803345,-0.5592864155769348,-0.37830233573913574,-0.1614939421415329,-0.031500767916440964,0.054442599415779114,0.0005511489580385387,1.5734612941741943,109.88426208496094,249.74998474121094,0.12099479988549029,Inhibitory (Mouse),Inhibitory
566719750,Mouse,aspiny,Nos1-CreERT2,5,0.8212873895727733,0.7679797186432552,-0.4865588585602972,0.012808081747191303,0.07368605965857863,7.749192714691162,-0.26903241872787476,-0.1464015394449234,0.009726840071380138,0.0904548391699791,0.071279376745224,0.0263248011469841,0.0064863902516663074,-1.7857602834701538,-1.9057623147964478,-1.3442739248275757,-0.7330090403556824,-0.3878619372844696,-0.27282804250717163,-0.22955042123794556,-0.21029004454612732,0.06041606143116951,2.1162102222442627,170.1289520263672,349.6499938964844,0.07368605965857863,Other (Mouse),Inhibitory
580138266,Mouse,sparsely spiny,Vipr2-IRES2-Cre,6a,0.746386825374036,0.6792387550552514,-0.8065919500211343,0.021753113253249252,0.0852130770033063,7.8206048011779785,-0.09313490241765976,0.04701773449778557,0.07407595962285995,0.07867707312107086,0.0749431699514389,0.05507488548755646,0.03710528463125229,-0.3017013669013977,-0.6415907144546509,-0.7815542221069336,-1.1285370588302612,-0.5036709904670715,-0.32973209023475647,-0.30906233191490173,-0.31199410557746887,0.02638113498687744,2.595519542694092,249.79415893554688,309.69000244140625,0.0852130770033063,Other (Mouse),Sparsely Spiny
488428837,Mouse,spiny,Ntsr1-Cre_GN220,6a,0.6552653483497711,0.5462244529113041,-0.8669344483795708,0.0318418782528447,0.08900214708779502,7.951940059661865,0.34185031056404114,0.5363120436668396,0.4833168089389801,0.3639753758907318,0.15254491567611694,0.053571540862321854,0.09698604792356491,0.5324678421020508,-0.24969375133514404,-0.5086637139320374,-0.7578788995742798,-0.907675564289093,-0.8198727369308472,-0.5979247689247131,-0.3528969883918762,-0.006205313373357058,2.185197353363037,130.0076904296875,149.96249389648438,0.08900214708779502,Excitatory (Mouse),Excitatory
478958894,Mouse,aspiny,Pvalb-IRES-Cre,4,0.9531044446789669,0.9537976046607723,-0.7236961222703752,0.003604587395701917,0.2655232879855431,7.730655193328857,-0.15699726343154907,-0.016083404421806335,0.07318050414323807,0.12308593839406967,0.11884268373250961,0.060522276908159256,-0.060331616550683975,-1.587183952331543,-1.3458033800125122,-0.8934026956558228,-0.5693851113319397,-0.35334813594818115,-0.18072351813316345,-0.0912908986210823,-0.055041421204805374,-0.2633932828903198,1.3556842803955078,369.0621032714844,509.8724670410156,0.2655232879855431,Inhibitory (Mouse),Inhibitory
485938494,Mouse,spiny,Ntsr1-Cre_GN220,6a,0.7331538005793226,0.6985095793604486,-0.8378414254975753,0.008773968441045292,0.15474624131051778,7.821768283843994,-0.12703877687454224,0.0012961379252374172,0.07315381616353989,0.08069304376840591,0.038361936807632446,0.011944637633860111,0.008154711686074734,-1.2622320652008057,-1.0927398204803467,-0.6724309325218201,-0.4890514314174652,-0.37626343965530396,-0.20125234127044678,-0.14408648014068604,-0.1154169887304306,-8.30531390189071e-15,1.80154287815094,309.923828125,369.9075012207031,0.15474624131051778,Excitatory (Mouse),Excitatory
514544971,Mouse,spiny,Nr5a1-Cre,4,0.5569331922168198,0.6090999805011384,-0.6494966900888858,0.03942364895622855,0.049481067306621586,8.087756156921387,0.19765640795230865,0.26551422476768494,0.2664996385574341,0.22194240987300873,0.14819155633449554,0.0873708575963974,0.044405244290828705,0.2582467496395111,-0.012155837379395962,-0.20419779419898987,-0.597186803817749,-0.38980981707572937,-0.4538896977901459,-0.5478037595748901,-0.6197533011436462,0.02138783037662506,2.587531328201294,110.30448150634766,169.8300018310547,0.049481067306621586,Excitatory (Mouse),Excitatory
516838734,Mouse,aspiny,Ndnf-IRES2-dgCre,2/3,0.8451849187388362,0.7897320435042283,-0.7690014289254934,0.007320905093383637,0.15578799123852272,7.699753761291504,-0.13935691118240356,-0.0015326004941016436,0.06007290259003639,0.09614894539117813,0.07728180289268494,0.04485759511590004,0.027522044256329536,-1.2364511489868164,-1.487645149230957,-1.0950888395309448,-0.8035131096839905,-0.4737027585506439,-0.33511272072792053,-0.3653047978878021,-0.41082099080085754,0.07256299257278442,1.7733700275421143,330.34521484375,429.57000732421875,0.15578799123852272,Inhibitory (Mouse),Inhibitory
485184849,Mouse,aspiny,Pvalb-IRES-Cre,2/3,0.9634237800094456,0.9596044071906824,-0.8297796034305545,0.004239540636152436,0.30296865349979113,8.072861671447754,0.13065089285373688,0.140394389629364,0.1100979596376419,0.0765337347984314,0.051076360046863556,0.031409796327352524,-0.03465995192527771,-0.7582908868789673,-0.5531171560287476,-0.41685184836387634,-0.3230259418487549,-0.20459002256393433,-0.1198255866765976,-0.04492476209998131,0.008838995359838009,9.533159754937515e-06,1.4114127159118652,389.8988952636719,469.8824768066406,0.30296865349979113,Inhibitory (Mouse),Inhibitory
606336338,Mouse,aspiny,Nkx2-1-CreERT2,2/3,0.7194359418636113,0.7452735405819052,-0.8879497046267979,0.01662098632403948,0.11585198009572256,7.49832820892334,-0.2013084590435028,-0.02323601208627224,0.021774591878056526,0.039915405213832855,0.05437425523996353,0.06750348210334778,0.07064414769411087,-0.5879132151603699,-0.6105161905288696,-0.41809988021850586,-0.3437603712081909,-0.38746488094329834,-0.4257844388484955,-0.3348177671432495,-0.3244680166244507,-0.07580998539924622,2.4107110500335693,310.47735595703125,349.6499938964844,0.11585198009572256,Other (Mouse),Inhibitory
557864274,Mouse,spiny,Tlx3-Cre_PL56,5,0.30416593352479776,0.6810945011174295,-0.6526131802414563,0.02042481961413984,0.08085185514581546,8.205778121948242,0.26588302850723267,0.2775968015193939,0.2498546838760376,0.18963219225406647,0.07844127714633942,0.0111256567761302,-0.01428341493010521,0.3713119626045227,0.40479934215545654,0.3368447422981262,0.23513911664485931,0.08783365786075592,-0.31422799825668335,-0.7463148832321167,-1.1245445013046265,-0.04582832008600235,2.1663358211517334,149.95303344726562,229.77000427246094,0.08085185514581546,Excitatory (Mouse),Excitatory
322229594,Mouse,aspiny,Sst-IRES-Cre,5,0.7123647602546174,0.7453539553045024,-0.6212521513269954,0.00836100521225711,0.16463460912533273,8.274979591369629,0.341961532831192,0.3753271698951721,0.368427574634552,0.3107720911502838,0.16174854338169098,0.03935183212161064,0.01905609853565693,0.18668140470981598,-0.07037943601608276,-0.34021705389022827,-0.4179277718067169,-0.4706840515136719,-0.5589739680290222,-0.5684865117073059,-0.5552532076835632,0.06085743010044098,1.3249045610427856,130.4340362548828,209.94749450683594,0.16463460912533273,Inhibitory (Mouse),Inhibitory
555079011,Mouse,sparsely spiny,Ndnf-IRES2-dgCre,2/3,0.6998611924200698,0.7041836968443431,-0.47632117623568154,0.012089829902788125,0.17747639918843697,8.169845581054688,0.24828456342220306,0.302679181098938,0.3236088454723358,0.28947770595550537,0.17148642241954803,0.08734384179115295,0.06801819056272507,1.0252662897109985,-0.9601739048957825,-0.4776478111743927,0.1933748871088028,0.1443745642900467,-0.28109994530677795,-0.5248885154724121,-0.5425370931625366,-0.07769178599119186,1.5148500204086304,90.41655731201172,189.80999755859375,0.17747639918843697,Inhibitory (Mouse),Sparsely Spiny
521958756,Mouse,spiny,Cux2-CreERT2,2/3,0.7803175219951254,0.7590178861084977,-0.7391613091783761,0.009051501790540812,0.15082919860222993,8.057621002197266,0.1529749482870102,0.19989600777626038,0.19778116047382355,0.17507314682006836,0.12435363233089447,0.05359561741352081,-0.014875894412398338,0.06289350241422653,-0.22859442234039307,-0.4085071086883545,-0.3775026798248291,-0.26627540588378906,-0.23747441172599792,-0.29434865713119507,-0.35922971367836,-3.930429556930903e-06,1.4421385526657104,169.83709716796875,229.77000427246094,0.15082919860222993,Excitatory (Mouse),Excitatory
354833767,Mouse,spiny,Nr5a1-Cre,4,0.8034997938627632,0.849038552950656,-0.7282029500853255,0.006786227141299266,0.11661603587110782,8.09111499786377,0.0765875056385994,0.053763654083013535,0.0384577214717865,0.0010604482376948,-0.027266424149274826,-0.021540654823184013,-0.0013194907223805785,-1.847752571105957,-1.5230467319488525,-0.9915481209754944,-0.6790168881416321,-0.5604016184806824,-0.5089161396026611,-0.43642324209213257,-0.3793243169784546,-0.2546026408672333,1.5843851566314697,269.43255615234375,369.9075012207031,0.11661603587110782,Excitatory (Mouse),Excitatory
490173806,Mouse,aspiny,Sst-IRES-Cre,5,0.8257018018741269,0.8216770446711741,-0.4844071887951149,0.009641408536264254,0.1439933636338557,8.17024040222168,0.19433535635471344,0.20079389214515686,0.17165260016918182,0.11792667210102081,0.03521248325705528,-0.010026912204921246,-0.001403742004185915,-1.1628646850585938,-1.0299509763717651,-0.847679615020752,-0.7296498417854309,-0.5517866611480713,-0.31034520268440247,-0.09113399684429169,0.09806344658136368,0.08721053600311279,1.6132357120513916,130.7648468017578,269.9324951171875,0.1439933636338557,Inhibitory (Mouse),Inhibitory
591639922,Mouse,aspiny,Pvalb-IRES-Cre,5,0.9494193895804931,0.9536488318351448,-0.7022491375371387,0.005578042193063653,0.2848571099765349,7.8092427253723145,-0.10156736522912979,0.007157911546528339,0.0644892156124115,0.09346496313810349,0.08584017306566238,0.0483359768986702,-0.008862720802426338,-0.5366696119308472,-0.7620049118995667,-0.335131973028183,-0.17426225543022156,-0.10167605429887772,-0.09125836938619614,-0.10520646721124649,-0.12618187069892883,-0.017611922696232796,1.6183503866195679,329.7273254394531,469.52996826171875,0.2848571099765349,Inhibitory (Mouse),Inhibitory
485455219,Mouse,aspiny,Sst-IRES-Cre,4,0.9570956722105264,0.964160841036265,-0.6506719077914181,0.005463590257789285,0.24340049970126545,7.7875075340271,-0.18158675730228424,-0.0824330598115921,-0.0030547126661986113,0.050602491945028305,0.01025984063744545,-0.018969375640153885,0.03438427299261093,-0.778913676738739,-0.6483293771743774,-0.3205518424510956,-0.17150169610977173,-0.03852691501379013,-0.006424664985388517,-0.04805665463209152,-0.08994029462337494,-0.16004420816898346,1.5325653553009033,279.7445983886719,429.89251708984375,0.24340049970126545,Inhibitory (Mouse),Inhibitory
475542907,Mouse,aspiny,Sst-IRES-Cre,5,0.7910152759523436,0.7519084218015858,-0.6801628531686579,0.009486568891547769,0.2364410514628076,7.944186687469482,0.03705146536231041,0.05527549609541893,0.04029688239097595,0.01019523199647665,-0.008141842670738697,0.0005192204844206572,0.056112851947546005,-0.9285902976989746,-0.655051589012146,-0.38979455828666687,-0.1932271420955658,-0.13804005086421967,-0.4520999789237976,-0.6849958896636963,-0.8359383940696716,-0.019311614334583282,1.5398211479187012,169.99856567382812,249.93748474121094,0.2364410514628076,Inhibitory (Mouse),Inhibitory
515315072,Mouse,aspiny,Vip-IRES-Cre,4,0.43615278975494853,0.5810691023430551,-0.5132520437170747,0.0023053018713858815,0.23595412296795637,7.982920169830322,-0.01647871360182762,-0.016876287758350372,-0.01691274717450142,-0.016845213249325752,-0.016582250595092773,-0.01652340218424797,-0.016976671293377876,-0.033451247960329056,-0.03290007263422012,-0.032558199018239975,-0.03241093456745148,-0.03177390620112419,-0.02840256690979004,-0.025483833625912666,-0.024388430640101433,0.2995925545692444,0.8717734217643738,169.29356384277344,329.6700134277344,0.23595412296795637,Inhibitory (Mouse),Inhibitory
614651270,Human,aspiny,,3,0.8492950191794819,0.8397926285226893,-0.8474426505502339,0.008046816416991405,0.15195453034196776,7.816894054412842,-0.10284887254238129,-0.010691547766327858,0.049526263028383255,0.06525687128305435,0.03243911266326904,0.011350436136126518,-1.02602643892169e-05,-0.9919360280036926,-1.0367127656936646,-0.6682276129722595,-0.36763373017311096,-0.1930244117975235,-0.14266075193881989,-0.140174999833107,-0.14718598127365112,-6.90422484537611e-16,2.17781400680542,499.49114990234375,589.4099731445312,0.15195453034196776,Inhibitory (Human),Inhibitory
575772040,Mouse,sparsely spiny,Chat-IRES-Cre-neo,2/3,0.5035798026420716,0.6789800064194182,-0.2673569400184791,0.00793478052431835,0.12217476954172707,8.00546646118164,0.01957596093416214,0.019861062988638878,0.018658773973584175,0.026361320167779922,0.04262742027640343,0.027974167838692665,0.003963995259255171,0.010726908221840858,-0.011538978666067123,-0.054139360785484314,-0.0962550938129425,-0.13402310013771057,-0.12069805711507797,-0.11803090572357178,-0.1325899362564087,0.07810435444116592,1.2272329330444336,50.75312042236328,189.80999755859375,0.12217476954172707,Other (Mouse),Sparsely Spiny
485455249,Mouse,aspiny,Sst-IRES-Cre,5,0.5647594220054872,0.7655860975777897,-0.6771055716979013,0.005900726315232316,0.17442266099215836,8.023192405700684,0.02804928831756115,0.043977830559015274,0.05601951852440834,0.07467921078205109,0.09499097615480423,0.06367938965559006,-0.024898285046219826,-0.32893428206443787,-1.5763293504714966,-1.3566856384277344,-1.1442543268203735,-0.9229919910430908,-0.6127171516418457,-0.47335827350616455,-0.42645323276519775,-0.1099342331290245,1.4774041175842285,250.478515625,369.9075012207031,0.17442266099215836,Inhibitory (Mouse),Inhibitory
490485142,Mouse,spiny,Ntsr1-Cre_GN220,6a,0.5856978019470767,0.6519301477476221,-0.8462062840346319,0.021202044268699437,0.08461532245565481,7.97227144241333,-0.05141919106245041,-0.013040129095315933,0.009602283127605915,0.05164045840501785,0.08881524950265884,0.05718828737735748,-0.04704051837325096,-1.1634607315063477,-1.4860628843307495,-1.182314395904541,-0.8969737887382507,-0.6366844177246094,-0.29744088649749756,-0.13805025815963745,-0.0644521564245224,0.01171631645411253,2.875192165374756,329.9380798339844,389.9024963378906,0.08461532245565481,Excitatory (Mouse),Excitatory
571700636,Human,aspiny,,3,0.6409353492887064,0.7008589543873017,-0.5777978618869352,0.005399956079985605,0.18731320190938705,8.341876029968262,0.45610272884368896,0.44633111357688904,0.34350496530532837,0.17569409310817719,-0.010135474614799023,-0.03821694478392601,0.005050194449722767,1.6161061525344849,0.8394457101821899,-0.20525912940502167,-0.6862314343452454,-0.7414427399635315,-0.5102160573005676,-0.33138585090637207,-0.18186748027801514,-0.09445619583129883,1.0124058723449707,109.68073272705078,189.80999755859375,0.18731320190938705,Inhibitory (Human),Inhibitory
501282204,Mouse,aspiny,Sst-IRES-Cre,4,0.8297304124072944,0.8284318688650034,-0.8709823548111624,0.01106727301414515,0.16032665594184775,8.055967330932617,0.1419522762298584,0.1690477579832077,0.10608852654695511,0.05780922621488571,0.027455691248178482,-0.012370510026812553,0.025305619463324547,0.022333195433020592,-0.02501329407095909,-0.15804624557495117,-0.4169583320617676,-0.5110917091369629,-0.327858567237854,-0.19788341224193573,-0.1132398471236229,1.2268253904088033e-12,1.851330280303955,269.7345275878906,309.69000244140625,0.16032665594184775,Inhibitory (Mouse),Inhibitory
321893798,Mouse,spiny,Nr5a1-Cre,4,0.6850999492875929,0.6875431464011024,-0.8309378992360821,0.006281362175768709,0.20654474192855268,8.322464942932129,0.35728150606155396,0.34570246934890747,0.32623857259750366,0.2481725811958313,0.027178265154361725,-0.06244666501879692,-0.007340179290622473,-0.7691577076911926,-0.8671093583106995,-0.818284273147583,-0.30521783232688904,-0.00511768227443099,-0.222012460231781,-0.37333476543426514,-0.41272231936454773,0.05303821712732315,1.2018120288848877,191.0707550048828,229.9425048828125,0.20654474192855268,Excitatory (Mouse),Excitatory
588699048,Mouse,spiny,Tlx3-Cre_PL56,5,0.8343772125849142,0.8097396979268014,-0.9153448571393767,0.01833891725755108,0.1453752075957921,8.025927543640137,0.16664353013038635,0.264959454536438,0.2880854606628418,0.27842140197753906,0.19259501993656158,0.08934834599494934,0.03351252153515816,-0.4001210629940033,-0.36541739106178284,-0.3488062024116516,-0.4329260587692261,-0.47286197543144226,-0.3552766442298889,-0.2966846823692322,-0.252980500459671,-0.04326333850622177,2.0527379512786865,210.32066345214844,229.77000427246094,0.1453752075957921,Excitatory (Mouse),Excitatory
485455285,Mouse,aspiny,Sst-IRES-Cre,5,0.7568025323086371,0.7532537337339048,-0.697025797961067,0.0053468445987039336,0.2321169284383699,8.084149360656738,0.06446899473667145,0.07446180284023285,0.07449281215667725,0.09800328314304352,0.10928992182016373,0.0687059834599495,-0.02430504374206066,-1.5835118293762207,-1.6339342594146729,-1.3445744514465332,-1.038931131362915,-0.7834343314170837,-0.5084520578384399,-0.36289823055267334,-0.304959237575531,0.00943345669656992,1.3281632661819458,229.9611053466797,329.9175109863281,0.2321169284383699,Inhibitory (Mouse),Inhibitory
571520445,Human,aspiny,,3,0.6392254061665977,0.7045176941372485,-0.1771135883810904,0.01105458074897518,0.13308675020255528,8.055105209350586,0.0681702047586441,0.06754904985427856,0.061488885432481766,0.05469373241066933,0.040731050074100494,0.029409445822238922,0.024363873526453972,-0.05051027983427048,-0.014641602523624897,-0.06515144556760788,-0.09585562348365784,-0.04615706950426102,-0.036801036447286606,-0.04471548646688461,-0.05481524020433426,0.03053520992398262,1.3701822757720947,30.08013343811035,169.8300018310547,0.13308675020255528,Inhibitory (Human),Inhibitory
475895240,Mouse,aspiny,Pvalb-IRES-Cre,5,0.97046062776119,0.9694949218760888,-0.5172521647619867,0.0041388824493452684,0.27646778127404903,8.044963836669922,0.04351452738046646,0.0394163653254509,0.035766951739788055,0.03170356899499893,0.023477042093873024,0.008860915899276733,-0.013495221734046936,-0.29157596826553345,-0.22823725640773773,-0.17963267862796783,-0.1397363245487213,-0.10012224316596985,-0.05165886878967285,-0.012219899334013462,0.019605407491326332,-2.2404990886570886e-05,1.0954340696334839,149.9656219482422,289.927490234375,0.27646778127404903,Inhibitory (Mouse),Inhibitory
478500297,Mouse,spiny,Rorb-IRES2-Cre,4,0.7461257414296422,0.5466478450406903,-0.9150308528102292,0.017579031899192122,0.1504702949067356,8.357412338256836,0.37044933438301086,0.32439538836479187,0.26948100328445435,0.19324898719787598,0.045384444296360016,-0.03746716305613518,-0.06653088331222534,-0.7478482127189636,-0.71087646484375,-0.6061713099479675,-0.46134689450263977,-0.32490411400794983,-0.28332024812698364,-0.30684614181518555,-0.32642123103141785,0.04446664825081825,2.0105140209198,210.40646362304688,229.9425048828125,0.1504702949067356,Excitatory (Mouse),Excitatory
469734859,Mouse,spiny,Nr5a1-Cre,4,0.7336091486290598,0.7682127516203298,-0.9138434699586411,0.0357729108797322,0.08192531033306623,8.125197410583496,0.1741980016231537,0.1909383088350296,0.17676320672035217,0.13774386048316956,0.05050501972436905,-0.01576947048306465,-0.05813206732273102,-1.3685672283172607,-0.4690493643283844,-0.1997070163488388,-0.2023155242204666,-0.27796873450279236,-0.42016735672950745,-0.4246872365474701,-0.40307146310806274,-0.027305591851472855,2.8680503368377686,210.1322021484375,229.9425048828125,0.08192531033306623,Excitatory (Mouse),Excitatory
484742605,Mouse,aspiny,Pvalb-IRES-Cre,2/3,0.912444546270183,0.9265151973304803,-0.7894814944928772,0.003725122540429896,0.43464607313578685,7.710330009460449,-0.1846260130405426,-0.04307305067777634,0.03478880971670151,0.06459478288888931,0.06378735601902008,0.04472722113132477,-0.00685570714995265,-0.9467127323150635,-0.7828942537307739,-0.3360282778739929,-0.13081902265548706,-0.08140264451503754,-0.09745249897241592,-0.08654136210680008,-0.07710152119398117,7.092596909091808e-12,1.4569793939590454,449.8919372558594,569.8574829101562,0.43464607313578685,Inhibitory (Mouse),Inhibitory
485578197,Mouse,spiny,Rbp4-Cre_KL100,5,0.7914268546588756,0.7263928062030888,-0.8181868636708117,0.008784384365439398,0.15457832000417007,8.144439697265625,0.1671362817287445,0.15970942378044128,0.14457084238529205,0.10833023488521576,0.03862011060118675,-0.00810228195041418,-0.03210383653640747,-1.1782000064849854,-1.1971904039382935,-0.9609077572822571,-0.7189427018165588,-0.46967852115631104,-0.32157307863235474,-0.30211442708969116,-0.3062710464000702,1.4260171898301795e-17,1.7023872137069702,269.9341735839844,329.9175109863281,0.15457832000417007,Excitatory (Mouse),Excitatory
553006549,Mouse,aspiny,Vip-IRES-Cre,2/3,0.3955135022064972,0.5211138569359232,-0.47881568899946747,0.0037495629419442063,0.15290519877675346,7.993030548095703,-0.006632617674767971,-0.007498561404645443,-0.007913277484476566,-0.008342479355633259,-0.010018979199230671,-0.013174759224057198,-0.017249995842576027,-0.03855615109205246,-0.038260187953710556,-0.03687493875622749,-0.031181327998638153,-0.021192381158471107,-0.017804160714149475,-0.020360516384243965,-0.02483600564301014,-0.18833701312541962,1.0056687593460083,129.18643188476562,269.7300109863281,0.15290519877675346,Inhibitory (Mouse),Inhibitory
490149337,Mouse,aspiny,Htr3a-Cre_NO152,2/3,0.7454536903997847,0.6323292325419073,-0.4457132859478962,0.006247750644035753,0.2724591481564744,8.142855644226074,0.1104658842086792,0.049128759652376175,0.0013216979568824172,-0.03480379655957222,-0.06343276053667068,-0.07382090389728546,-0.07608311623334885,-0.046444185078144073,-0.08473821729421616,-0.11304730176925659,-0.11127184331417084,-0.10288000851869583,-0.09614626318216324,-0.09375417232513428,-0.09220332652330399,-0.042417675256729126,1.3458806276321411,129.22633361816406,289.927490234375,0.2724591481564744,Inhibitory (Mouse),Inhibitory
485955037,Mouse,spiny,Cux2-CreERT2,4,0.8177574876043838,0.6906856536847714,-0.620834856642331,0.03547427346683756,0.0681345575750655,8.124289512634277,0.13158977031707764,0.13938328623771667,0.13543611764907837,0.10691554844379425,0.030792051926255226,-0.018773848190903664,-0.03472075238823891,-1.117285132408142,-1.2766412496566772,-0.7550623416900635,-0.45290499925613403,-0.28268420696258545,-0.2351393699645996,-0.23920293152332306,-0.22989432513713837,0.11835028231143951,2.7290537357330322,130.35671997070312,209.94747924804688,0.0681345575750655,Excitatory (Mouse),Excitatory
557037024,Mouse,spiny,Sim1-Cre_KJ18,6a,0.7587378276645749,0.7462185974443117,-0.6771524749114791,0.011337579229001237,0.07855441031954259,7.967616081237793,-0.060931239277124405,-0.034248195588588715,0.0119082136079669,0.06316904723644257,0.09549209475517273,0.08118875324726105,0.01785542629659176,-2.0221168994903564,-2.0688886642456055,-1.5779565572738647,-1.531241774559021,-1.993233561515808,-0.8972154855728149,-0.5483291149139404,-0.4327335059642792,-0.07829013466835022,2.0471222400665283,250.302001953125,369.6300048828125,0.07855441031954259,Excitatory (Mouse),Excitatory
485053941,Mouse,aspiny,Pvalb-IRES-Cre,4,0.9511177402423457,0.9601716317729051,-0.6966994891486521,0.004169665973370046,0.2815171069499227,7.797332286834717,-0.11554686725139618,-0.02345592901110649,0.0317615307867527,0.04942910745739937,0.041706930845975876,0.025839507579803467,-0.011448903940618038,-0.6286438703536987,-0.8253490328788757,-0.45099547505378723,-0.15485885739326477,-0.06023084744811058,-0.06226680055260658,-0.06761340796947479,-0.07759459316730499,0.28599369525909424,1.4863951206207275,369.2402038574219,529.8674926757812,0.2815171069499227,Inhibitory (Mouse),Inhibitory
476198393,Mouse,spiny,Scnn1a-Tg3-Cre,4,0.8242605420565994,0.7803777418752595,-0.6666549411088705,0.02505678048081207,0.09284938562258567,7.920070171356201,0.038474615663290024,0.057601552456617355,0.09062322229146957,0.1049552783370018,0.02388075552880764,-0.03282641991972923,-0.01554067712277174,-0.3543180525302887,-0.5705751776695251,-0.7240126729011536,-0.4356120228767395,-0.11826565116643906,-0.0968094989657402,-0.16916365921497345,-0.18509496748447418,-2.057196942648461e-18,2.2936015129089355,139.9625244140625,209.94747924804688,0.09284938562258567,Excitatory (Mouse),Excitatory
479679997,Mouse,aspiny,Nr5a1-Cre,2/3,0.5286038624614211,0.5458580109075498,-0.373553821061906,0.026557677546521035,0.08002023871877621,7.867675304412842,0.030590882524847984,0.20714186131954193,0.22745686769485474,0.17362579703330994,0.1138647049665451,0.08300088346004486,0.07605292648077011,0.4804064631462097,-0.06623672693967819,-0.4902527332305908,-0.6120291948318481,-0.5903311371803284,-0.3850102126598358,-0.26888948678970337,-0.2114272564649582,0.16112804412841797,2.2460403442382812,70.98344421386719,189.95249938964844,0.08002023871877621,Other (Mouse),Inhibitory
566728192,Mouse,spiny,Nos1-CreERT2,6a,0.7432936889709933,0.7143609369338667,-0.8921236265683166,0.025737512270927257,0.08483980547929817,8.147329330444336,0.17062479257583618,0.19779963791370392,0.182499498128891,0.1265288144350052,0.039398763328790665,0.0076410300098359585,0.014254016801714897,-1.051998496055603,-1.0230461359024048,-0.8837724328041077,-0.9104537963867188,-0.7308023571968079,-0.3703762888908386,-0.26280009746551514,-0.20370937883853912,-0.047687795013189316,3.0843729972839355,329.7579345703125,369.6300048828125,0.08483980547929817,Excitatory (Mouse),Excitatory
594589186,Mouse,aspiny,Vip-IRES-Cre,6b,0.5236601990271161,0.6027043064039541,-0.1187412277203391,0.00786686268072729,0.1803952242889948,8.000443458557129,0.0012640192871913314,0.0008183365571312606,0.0007330733933486044,0.0006592479767277837,0.0005968832992948592,0.0005636669229716063,0.0005316377501003444,-0.0017269301461055875,-0.002132711699232459,-0.002974295523017645,-0.004096959251910448,-0.003916261717677116,-0.0020236745476722717,-0.0014011547900736332,-0.0011468981392681599,0.037289660423994064,1.155867338180542,20.167213439941406,169.8300018310547,0.1803952242889948,Inhibitory (Mouse),Inhibitory
487667205,Mouse,aspiny,Pvalb-IRES-Cre,4,0.9488913684693027,0.9578566320192953,-0.6085518883036665,0.0034796968822597644,0.37696687177423815,8.004680633544922,0.00035143885179422796,0.0021908264607191086,0.00883665680885315,0.01764010637998581,0.020525233820080757,0.011286669410765171,-0.006426597014069557,-0.38779690861701965,-0.31235870718955994,-0.21701712906360626,-0.19244638085365295,-0.14559221267700195,-0.05864078924059868,-0.021392008289694786,-0.0036934316158294678,0.2573108673095703,1.1942859888076782,249.51010131835938,409.8974914550781,0.37696687177423815,Inhibitory (Mouse),Inhibitory
577369606,Mouse,aspiny,Chat-IRES-Cre-neo,2/3,0.732088825480115,0.7863804912810208,-0.6128991648259073,0.004233209444901441,0.19555686969762803,8.022141456604004,0.007455006241798401,0.0040948521345853806,0.014567653648555279,0.03543942794203758,0.05871463194489479,0.02576018124818802,-0.05912076681852341,-1.744062066078186,-1.9398795366287231,-1.5386273860931396,-1.3822503089904785,-1.3202277421951294,-0.686631441116333,-0.42488405108451843,-0.3651306629180908,0.0015769018791615963,1.1449815034866333,189.80874633789062,309.69000244140625,0.19555686969762803,Other (Mouse),Inhibitory
488543754,Mouse,aspiny,Rorb-IRES2-Cre,4,0.7711193187083958,0.7419943358623052,-0.43031102136523297,0.007011133841933297,0.1519173411670003,8.400106430053711,0.48979130387306213,0.40566232800483704,0.2821986675262451,0.12673227488994598,-0.03655664622783661,-0.026731228455901146,0.020065227523446083,1.513309359550476,0.4856179654598236,-0.50257807970047,-0.5455981492996216,-0.33360645174980164,-0.23060661554336548,-0.18986313045024872,-0.1340530663728714,-0.05604894831776619,1.2132476568222046,90.34585571289062,209.94747924804688,0.1519173411670003,Other (Mouse),Inhibitory
480351780,Mouse,spiny,Rorb-IRES2-Cre,5,0.6377826160782867,0.7259720203878982,-0.7142985473342096,0.00947865424141447,0.14507571320127569,7.940507888793945,0.0690690279006958,0.17044083774089813,0.186869814991951,0.15940938889980316,0.1236267164349556,0.10818665474653244,0.11214346438646317,0.35009750723838806,-0.5214451551437378,-0.3458927571773529,-0.25502875447273254,-0.3956230580806732,-0.5181345343589783,-0.556384265422821,-0.5626632571220398,-6.076228942220041e-07,1.4106805324554443,149.96517944335938,209.94747924804688,0.14507571320127569,Excitatory (Mouse),Excitatory
397243949,Mouse,aspiny,Gad2-IRES-Cre,4,0.9673672148520372,0.9605593364355933,-0.6598346446186419,0.0035127795393139526,0.3024217937242191,7.945391654968262,-0.030966278165578842,0.018627053126692772,0.05239802971482277,0.06700005382299423,0.08151918649673462,0.05018836259841919,-0.07388865947723389,-0.9289028644561768,-0.8366459608078003,-0.559631884098053,-0.40584468841552734,-0.3088732063770294,-0.14140591025352478,0.014486085623502731,0.11378701031208038,-0.022134916856884956,1.2847542762756348,310.04522705078125,469.8824768066406,0.3024217937242191,Other (Mouse),Inhibitory
559388218,Mouse,spiny,Ctgf-T2A-dgCre,6b,0.7188311791727383,0.7340480677627628,-0.829918177281239,0.11815306711816748,0.045004954145352424,8.093615531921387,0.12445639818906784,0.12015329301357269,0.11519628763198853,0.10260943323373795,0.06128988787531853,0.028150571510195732,0.009407078847289085,0.3730910122394562,-0.049529362469911575,-0.4829004406929016,-0.689729630947113,-0.6714164018630981,-0.35939207673072815,-0.2922569215297699,-0.271237850189209,-0.2339283972978592,5.210377216339111,190.74502563476562,229.77000427246094,0.045004954145352424,Excitatory (Mouse),Excitatory
478107198,Mouse,aspiny,Htr3a-Cre_NO152,2/3,0.6529857204002564,0.6164569480291976,-0.48134853682798123,0.0023753666918784368,0.2980149818091585,8.063790321350098,0.06452808529138565,0.06293772161006927,0.061249781399965286,0.059111762791872025,0.05494873598217964,0.05248996242880821,0.052740830928087234,-0.32902875542640686,-0.31228506565093994,-0.1767280250787735,-0.10494213551282883,-0.07324802875518799,-0.05202968791127205,-0.038180697709321976,-0.026684360578656197,-0.03610864654183388,0.7390519380569458,110.68379211425781,229.9425048828125,0.2980149818091585,Inhibitory (Mouse),Inhibitory
471758398,Mouse,spiny,Rbp4-Cre_KL100,5,0.7348433636807914,0.7659080719990187,-0.7985353383926684,0.0029762081557364603,0.28874853784958393,8.209148406982422,0.2055893987417221,0.1950066238641739,0.18161223828792572,0.12322606891393661,0.02659033052623272,-0.004432012792676687,0.006617944687604904,-0.4855900704860687,-0.9073715209960938,-1.0336294174194336,-0.983546793460846,-0.9273870587348938,-0.8497857451438904,-0.7933909893035889,-0.7488390207290649,-0.03295593336224556,0.928915798664093,231.5184326171875,289.927490234375,0.28874853784958393,Excitatory (Mouse),Excitatory
571233863,Mouse,aspiny,Vip-IRES-Cre,5,0.6226093966160395,0.7934130544400502,-0.2879754988011871,0.006878299640817002,0.19932230416583122,8.541433334350586,0.307439923286438,0.09221551567316055,0.002572233323007822,-0.0425882413983345,-0.011031333357095718,0.02341235987842083,0.02461358718574047,-0.15695485472679138,-0.5778989195823669,-0.42490875720977783,-0.27626344561576843,-0.20449133217334747,-0.14748919010162354,-0.13106241822242737,-0.12216874212026596,0.002859627129510045,1.1426154375076294,54.66063690185547,189.80999755859375,0.19932230416583122,Inhibitory (Mouse),Inhibitory
527464013,Mouse,aspiny,Ndnf-IRES2-dgCre,1,0.8924348271721895,0.8779630807379263,-0.7551294209712709,0.006174861791462786,0.17034759426609541,7.812854290008545,-0.060328174382448196,0.08317931741476059,0.15176722407341003,0.1756376177072525,0.12705454230308533,0.05827641114592552,-0.00792666058987379,-1.5077928304672241,-1.364288330078125,-0.6474418044090271,-0.47942861914634705,-0.4024709165096283,-0.27334487438201904,-0.19670267403125763,-0.13750165700912476,0.023456061258912086,1.4267679452896118,248.94407653808594,329.6700134277344,0.17034759426609541,Inhibitory (Mouse),Inhibitory
555734606,Mouse,aspiny,Ndnf-IRES2-dgCre,2/3,0.6970048914842559,0.80239912175086,-0.7402714374321786,0.015466003150191027,0.07983397088742337,8.154518127441406,0.1884317547082901,0.2055836021900177,0.2195804864168167,0.2108449637889862,0.1357375830411911,0.03989286720752716,-0.01703987829387188,0.4742284417152405,-0.4760027229785919,-1.0232796669006348,-0.8319764137268066,-0.43067851662635803,-0.18871958553791046,-0.1757451742887497,-0.20735608041286469,0.05981270596385002,1.8851057291030884,170.0957489013672,229.77000427246094,0.07983397088742337,Inhibitory (Mouse),Inhibitory
590558808,Mouse,aspiny,Vipr2-IRES2-Cre,6b,0.9616255138194727,0.9585230973498022,-0.6091803361404123,0.005845211563301484,0.23443492742827152,7.991148948669434,0.011738693341612816,0.0320739671587944,0.04744065925478935,0.056338220834732056,0.05343864485621452,0.0311879999935627,-0.01954120397567749,-0.2563055157661438,-0.28759512305259705,-0.21889962255954742,-0.14490735530853271,-0.10059762746095657,-0.08293911814689636,-0.07489077001810074,-0.07913298904895782,0.25122523307800293,1.547300934791565,249.57728576660156,409.5899963378906,0.23443492742827152,Other (Mouse),Inhibitory
488674910,Mouse,aspiny,Ntsr1-Cre_GN220,6a,0.9145039520098571,0.9184099818380589,-0.695112605062064,0.004001961769749224,0.16022161854273664,8.15471076965332,0.1609588861465454,0.11657167226076126,0.057817958295345306,0.03088497556746006,0.0022185686975717545,-0.01815723441541195,0.03106989897787571,-0.8671490550041199,-0.4828338027000427,-0.3020271360874176,-0.2401130497455597,-0.15759117901325226,-0.06435573101043701,-0.10255401581525803,-0.1575738787651062,-0.26847854256629944,1.1490505933761597,229.4019012451172,329.9175109863281,0.16022161854273664,Other (Mouse),Inhibitory
314857059,Mouse,spiny,Scnn1a-Tg3-Cre,2/3,0.7527916505981982,0.7784782339567418,-0.6410996397461626,0.020099701685689118,0.07789944155837743,8.011608123779297,0.05927494168281555,0.07376335561275482,0.045222628861665726,0.04555796831846237,0.04098955914378166,-0.00431961752474308,-0.0311773382127285,-1.6620073318481445,-1.348190188407898,-0.8999730944633484,-0.6832807064056396,-0.4549465477466583,-0.1445913314819336,-0.053976479917764664,-0.05355442687869072,-0.020028986036777496,2.799450635910034,249.9667510986328,389.9024963378906,0.07789944155837743,Excitatory (Mouse),Excitatory
490264167,Mouse,spiny,Ntsr1-Cre_GN220,6a,0.6958525632310316,0.817632782565286,-0.6798372799726009,0.007720639345894601,0.14422907037873633,8.410070419311523,0.2482287734746933,0.11312317848205566,0.11351919174194336,0.11845788359642029,0.042359575629234314,-0.023115692660212517,-0.010421073995530605,-0.6950154304504395,-1.068587064743042,-1.1148477792739868,-0.8435528874397278,-0.4726599156856537,-0.2322670817375183,-0.23293684422969818,-0.2703431248664856,0.008098538033664227,1.3891282081604004,169.91688537597656,249.93748474121094,0.14422907037873633,Excitatory (Mouse),Excitatory
476452460,Mouse,spiny,Nr5a1-Cre,4,0.7350843737334892,0.6444959855660427,-0.8401493848073656,0.028778263435178007,0.0796051520772843,8.059688568115234,0.08019396662712097,0.09148566424846649,0.10580504685640335,0.12503637373447418,0.12608389556407928,0.09544455260038376,0.06014949083328247,0.44016581773757935,-0.2570144534111023,-0.9428319931030273,-0.2846766710281372,0.5461800694465637,0.21236048638820648,-0.5673680305480957,-1.1011168956756592,-0.019753171131014824,2.6819334030151367,209.98521423339844,249.93748474121094,0.0796051520772843,Excitatory (Mouse),Excitatory
578909807,Mouse,aspiny,Oxtr-T2A-Cre,2/3,0.7785875871272939,0.7791163833412681,-0.36649989703493246,0.00822972450011016,0.14243131392317143,7.997992992401123,0.018470756709575653,0.022493058815598488,0.022966524586081505,0.025731097906827927,0.02186460606753826,0.011219183914363384,0.0018316118512302637,0.1544101983308792,0.05587584897875786,-0.0678178146481514,-0.10177668184041977,-0.0849195122718811,-0.05318014696240425,-0.05048883706331253,-0.05416782945394516,-0.20694200694561005,1.249833583831787,69.60816955566406,189.80999755859375,0.14243131392317143,Other (Mouse),Inhibitory
585946742,Mouse,aspiny,Chat-IRES-Cre-neo,2/3,0.650987510229842,0.6538855905849735,-0.3054670758728058,0.02615441762904409,0.09409823403962175,7.639990329742432,-0.12446906417608261,0.13678209483623505,0.2679523229598999,0.2911898195743561,0.21037285029888153,0.11111654341220856,0.05019279569387436,-0.22624023258686066,-0.34688180685043335,-0.2910238802433014,-0.11000566184520721,-0.11711211502552032,-0.33693763613700867,-0.5394608974456787,-0.7008263468742371,-0.22629666328430176,2.1075589656829834,51.92868423461914,169.8300018310547,0.09409823403962175,Other (Mouse),Inhibitory
314529406,Mouse,spiny,Rorb-IRES2-Cre,4,0.7000899970992283,0.7201142472763178,-0.8969870482088095,0.06606090899377288,0.058065900907114124,8.330246925354004,0.3244355320930481,0.1837957203388214,0.07699047029018402,0.0694151297211647,0.11591688543558121,0.03955819085240364,-0.05387698858976364,0.588893711566925,0.20765216648578644,-0.1048479825258255,-0.11920975148677826,-0.18328383564949036,-0.20414884388446808,-0.22877927124500275,-0.3012017607688904,-0.07214562594890594,3.54237699508667,170.39013671875,189.95249938964844,0.058065900907114124,Excitatory (Mouse),Excitatory
527890048,Human,spiny,,3,0.6029900795375686,0.6519755019091668,-0.681465410415398,0.005368456109654982,0.1402532412524054,7.696314334869385,0.12836004793643951,0.2869170308113098,0.31121107935905457,0.3073131740093231,0.241768941283226,0.14777055382728577,0.08136589080095291,-0.8584178686141968,-0.8606875538825989,-1.3282259702682495,-0.4541711211204529,-0.3597312271595001,-0.38474661111831665,-0.4439036548137665,-0.4928601086139679,0.04359040781855583,1.1579170227050781,170.1978759765625,249.74998474121094,0.1402532412524054,Excitatory (Human),Excitatory
515462796,Mouse,spiny,Ctgf-T2A-dgCre,6b,0.7255110444630578,0.6725543670268407,-0.8275035978800195,0.01383806718128646,0.10009577163429763,8.19858455657959,0.23488643765449524,0.2564657926559448,0.2631738781929016,0.2525734007358551,0.20310325920581818,0.13699381053447723,0.06760930269956589,0.12181609123945236,-0.426644504070282,-0.7089034914970398,-0.7356735467910767,-0.6445865035057068,-0.5875877141952515,-0.640880823135376,-0.6946336030960083,0.014368352480232716,1.7831356525421143,190.13571166992188,229.77000427246094,0.10009577163429763,Excitatory (Mouse),Excitatory
593655447,Mouse,aspiny,Vip-IRES-Cre,6b,0.5089973467123547,0.7279683366170013,-0.2991885550830612,0.010140636953280607,0.1417928859673246,8.275263786315918,0.18943117558956146,0.17066973447799683,0.16276036202907562,0.13574020564556122,0.08302904665470123,0.043671634048223495,0.010685525834560394,-0.3986923396587372,-0.35940876603126526,-0.32317352294921875,-0.31119203567504883,-0.32539933919906616,-0.3246985971927643,-0.32082730531692505,-0.3212158977985382,-0.09479518979787827,1.3123202323913574,50.8201789855957,169.8300018310547,0.1417928859673246,Inhibitory (Mouse),Inhibitory
561469082,Human,aspiny,,5,0.8904936591664769,0.8540907765459422,-0.8710035414146857,0.0126425666598738,0.1428571428571858,7.774343490600586,-0.07711061090230942,0.0720117911696434,0.12348063290119171,0.10588379949331284,0.04783424362540245,0.029943592846393585,0.0201188363134861,-0.7309392094612122,-1.1467057466506958,-0.57476407289505,-0.28621697425842285,-0.14542719721794128,-0.12109367549419403,-0.1317538470029831,-0.13777120411396027,-5.621029683378076e-12,1.9787057638168335,269.7410888671875,309.69000244140625,0.1428571428571858,Inhibitory (Human),Inhibitory
566720165,Mouse,spiny,Nos1-CreERT2,5,0.6600355482066466,0.7244979236949135,-0.7909044273600014,0.016503109423263853,0.08694985306344387,8.529897689819336,0.4877910017967224,0.42596471309661865,0.35370755195617676,0.2343822717666626,0.07176721096038818,0.007670510094612837,-0.010199332609772682,-0.4542233347892761,-0.6052422523498535,-0.36052462458610535,-0.0824410617351532,-0.09324174374341965,-0.454218327999115,-0.6957406401634216,-0.8593885898590088,0.00671733170747757,1.7698743343353271,150.12161254882812,189.80999755859375,0.08694985306344387,Excitatory (Mouse),Excitatory
322197160,Mouse,aspiny,Sst-IRES-Cre,5,0.458130026619693,0.5733149637439282,-0.7815251823022641,0.00467631743792327,0.2089539264949922,7.8073930740356445,-0.21145223081111908,-0.1525891274213791,-0.0696796327829361,0.016750246286392212,-0.014148697257041931,-0.03540397435426712,0.08468043804168701,-1.6519384384155273,-1.6886969804763794,-1.0488409996032715,-0.6469457745552063,-0.3871302306652069,-0.2522977888584137,-0.2797812223434448,-0.3083244562149048,-0.094471275806427,1.3152204751968384,289.1009521484375,369.9075012207031,0.2089539264949922,Inhibitory (Mouse),Inhibitory
520631985,Human,aspiny,,5,0.783245692921215,0.7968516676721332,-0.6190217155275938,0.008662891409359403,0.1263755983884564,8.267871856689453,0.3905079960823059,0.4040220379829407,0.3981330394744873,0.3613825738430023,0.2451973855495453,0.14580431580543518,0.08944793790578842,0.2296886146068573,-0.19278495013713837,-0.5273543000221252,-0.616639256477356,-0.6568097472190857,-0.6595202088356018,-0.6576637029647827,-0.650890052318573,0.01111368928104639,1.3481053113937378,129.86468505859375,209.7899932861328,0.1263755983884564,Inhibitory (Human),Inhibitory
515249852,Mouse,spiny,Rbp4-Cre_KL100,5,0.6931158067622711,0.5883365172750125,-0.8409270045227863,0.09120599378591315,0.050514132844087074,8.160935401916504,0.19949962198734283,0.2055942416191101,0.19901318848133087,0.1561945229768753,0.09585403650999069,0.07490772753953934,0.06557594984769821,-0.4013325273990631,-0.2598758935928345,-0.2722325325012207,-0.27124837040901184,-0.3159361779689789,-0.43781986832618713,-0.46361011266708374,-0.45188379287719727,0.15081094205379486,4.772703170776367,210.04425048828125,249.74998474121094,0.050514132844087074,Excitatory (Mouse),Excitatory
522147522,Mouse,spiny,Ntsr1-Cre_GN220,6b,0.7787780492065497,0.7980426381669726,-0.7930694674938633,0.012314079773342484,0.07822391658702033,7.989020347595215,0.01776842400431633,0.06550590693950653,0.097535640001297,0.10484878718852997,0.07533162087202072,0.04480597749352455,0.027198757976293564,-1.4943033456802368,-1.1757607460021973,-0.848990261554718,-0.6856692433357239,-0.5997000932693481,-0.4192067086696625,-0.32973572611808777,-0.28508299589157104,-0.009486650116741657,1.8887858390808105,229.76023864746094,289.7099914550781,0.07822391658702033,Excitatory (Mouse),Excitatory
488675026,Mouse,spiny,Ntsr1-Cre_GN220,6a,0.6941924662606104,0.7911073409406394,-0.6527525697155193,0.008935668503712765,0.15590190028826706,8.14663314819336,0.2532414495944977,0.30766981840133667,0.31843301653862,0.30596593022346497,0.2442554533481598,0.16861176490783691,0.10553167015314102,-0.4218738079071045,-0.4505133032798767,-0.5469893217086792,-0.6091318130493164,-0.6659298539161682,-0.8412085175514221,-0.982045590877533,-1.0927315950393677,-0.03434783220291138,1.4334189891815186,150.09674072265625,229.9425048828125,0.15590190028826706,Excitatory (Mouse),Excitatory
556357336,Mouse,aspiny,Chrna2-Cre_OE25,6a,0.6107938961814502,0.7812909900280781,-0.6192559196567892,0.01655684526991062,0.08825969532753172,8.343494415283203,0.37928441166877747,0.304277241230011,0.172959104180336,0.08703188598155975,0.04785551503300667,0.026449942961335182,0.0003036538837477565,-0.8797097206115723,-0.5188292860984802,-0.45335593819618225,-0.5791498422622681,-0.5872161388397217,-0.47255125641822815,-0.4159771203994751,-0.3996652364730835,0.028187211602926254,1.8637222051620483,129.91448974609375,209.7899932861328,0.08825969532753172,Other (Mouse),Inhibitory
576132827,Human,spiny,,3,0.6478172384428709,0.511149510678829,-0.9399824480496612,0.03583998114665316,0.08194657869756028,8.041973114013672,0.08865322172641754,0.10761834681034088,0.09578066319227219,0.07250835746526718,0.044558729976415634,0.04434168338775635,0.06087784841656685,-0.4899386167526245,-0.4463386833667755,-0.3031879663467407,-0.38095682859420776,-0.533636212348938,-0.7323417067527771,-0.8195090889930725,-0.8575289845466614,0.0061196680180728436,3.4373488426208496,309.8840637207031,329.6700134277344,0.08194657869756028,Excitatory (Human),Excitatory
623474400,Mouse,spiny,Sim1-Cre_KJ18,5,0.7011014981249206,0.633911985037744,-0.814643578386372,0.009306039905139746,0.14350661278471163,8.04930591583252,0.23696748912334442,0.28928354382514954,0.2892797887325287,0.2808893918991089,0.23185822367668152,0.1755860596895218,0.1629953384399414,1.1384385824203491,0.3909371793270111,-0.5410078167915344,-0.6320028305053711,-0.6465773582458496,-0.7094658017158508,-0.7504029273986816,-0.6931595802307129,-0.04221884906291962,1.3972523212432861,170.90585327148438,209.7899932861328,0.14350661278471163,Excitatory (Mouse),Excitatory
561329890,Mouse,aspiny,Nkx2-1-CreERT2,5,0.8215343016193571,0.7972610523839282,-0.3709714231368813,0.07166318171599309,0.05537338940959453,7.288309574127197,-0.49333974719047546,-0.15728619694709778,0.08565076440572739,0.1667182743549347,0.07742326706647873,0.03183048963546753,0.02099519409239292,0.05242091789841652,-0.5675629377365112,-0.5773178339004517,-0.4117153584957123,-0.27055326104164124,-0.20755982398986816,-0.15355387330055237,-0.0964469164609909,0.14576807618141174,3.6881415843963623,70.43533325195312,189.80999755859375,0.05537338940959453,Other (Mouse),Inhibitory
500963059,Mouse,spiny,Scnn1a-Tg3-Cre,4,0.6814823819001192,0.591212534119003,-0.8115497790005709,0.033973377706020005,0.0572157467347256,8.356478691101074,0.44868025183677673,0.44664421677589417,0.39754748344421387,0.33085179328918457,0.18634043633937836,0.050601426512002945,-0.033584367483854294,0.24952274560928345,-0.21027860045433044,-0.5594201683998108,-0.6899233460426331,-0.6968798041343689,-0.6346755027770996,-0.6368983387947083,-0.6638579964637756,0.07956036180257797,2.6696956157684326,170.2613525390625,209.7899932861328,0.0572157467347256,Excitatory (Mouse),Excitatory
473020156,Mouse,spiny,Rorb-IRES2-Cre,4,0.6669290548546482,0.6681699814136025,-0.9090046853106556,0.014161299745674172,0.1881635174836453,7.870045185089111,0.23434346914291382,0.46700721979141235,0.49561700224876404,0.4110870957374573,0.17559850215911865,0.044529713690280914,-0.005594988353550434,0.3575083315372467,0.2605079114437103,-0.06569811701774597,-0.40504100918769836,-0.48147979378700256,-0.5489906072616577,-0.6530035734176636,-0.715937077999115,0.04175711050629616,1.7242764234542847,190.84498596191406,209.94747924804688,0.1881635174836453,Excitatory (Mouse),Excitatory
490772223,Mouse,spiny,Rbp4-Cre_KL100,5,0.6067141113167437,0.597956619293706,-0.9613257812613376,0.023403552562013683,0.11567788774955569,7.935837745666504,-0.005555546376854181,0.049231383949518204,0.047106362879276276,0.031449150294065475,0.015641234815120697,0.014504257589578629,0.02070360817015171,-0.9481815695762634,-0.8375791907310486,-0.6804249882698059,-0.7158578038215637,-0.4330064356327057,-0.23495176434516907,-0.15824644267559052,-0.10746873915195465,-0.03429867699742317,3.454392433166504,490.15472412109375,509.8724670410156,0.11567788774955569,Excitatory (Mouse),Excitatory
489887491,Mouse,spiny,Cux2-CreERT2,4,0.7308941568175967,0.7204253489367841,-0.8857195485094845,0.009464685489346798,0.184400934838975,7.99318790435791,0.04310905933380127,0.09388241171836853,0.09410586953163147,0.05496657267212868,-0.001822298509068787,-0.016808295622467995,-0.022759374231100082,-1.2882449626922607,-0.9522910118103027,-0.564945638179779,-0.3895304799079895,-0.3169802725315094,-0.32235467433929443,-0.3208931088447571,-0.30770325660705566,7.45649323866167e-17,1.8198384046554565,309.9243469238281,349.9125061035156,0.184400934838975,Excitatory (Mouse),Excitatory
589764355,Mouse,spiny,Sim1-Cre_KJ18,5,0.6544410844659355,0.678973487304864,-0.9161125080854537,0.014981852481292022,0.17680802114341063,7.551710605621338,-0.07286695390939713,0.21841858327388763,0.3423493504524231,0.3375600278377533,0.22031304240226746,0.1292685866355896,0.0818241760134697,0.2674132287502289,-0.15676015615463257,-0.4371413290500641,-0.4322982728481293,-0.34437477588653564,-0.3468116819858551,-0.3704240322113037,-0.39881524443626404,0.044403936713933945,1.85536527633667,210.4971466064453,229.77000427246094,0.17680802114341063,Excitatory (Mouse),Excitatory
555341581,Mouse,aspiny,Htr3a-Cre_NO152,1,0.7925774974291171,0.813795777233013,-0.8743502790569255,0.013189388656620012,0.10579480462871833,8.14057445526123,0.16274391114711761,0.20058028399944305,0.1926867514848709,0.13921304047107697,0.053561724722385406,0.03677723929286003,0.06478333473205566,-1.1011617183685303,-0.9859035015106201,-0.7137666344642639,-0.5914710760116577,-0.5109745264053345,-0.4835500717163086,-0.5063750147819519,-0.5279045701026917,-0.014157073572278023,2.0210447311401367,270.7777404785156,309.69000244140625,0.10579480462871833,Inhibitory (Mouse),Inhibitory
556914447,Mouse,aspiny,Ndnf-IRES2-dgCre,1,0.8650379444277646,0.8910000339513017,-0.4441480386712731,0.0109587586005085,0.1302375011070189,7.96587610244751,-0.015985626727342606,0.0038454162422567606,0.022285236045718193,0.03294440731406212,0.03764535114169121,0.029643995687365532,0.016310138627886772,-0.24622607231140137,-0.33728909492492676,-0.2882121503353119,-0.14552077651023865,-0.05727728456258774,-0.0379301942884922,-0.05274215713143349,-0.07682009041309357,-0.10693426430225372,1.6543729305267334,110.9374008178711,249.74998474121094,0.1302375011070189,Inhibitory (Mouse),Inhibitory
322246422,Mouse,aspiny,Sst-IRES-Cre,4,0.792949417152053,0.824388292709737,-0.7391201519996136,0.008191213112618202,0.16412599624479857,8.303542137145996,0.3462345004081726,0.3697836995124817,0.3237416744232178,0.23212465643882751,0.09601578861474991,0.01926586776971817,-0.0008011474274098873,0.14628316462039948,-1.1510413885116577,-1.1387856006622314,-0.9279734492301941,-0.7305040955543518,-0.4758756160736084,-0.3280285894870758,-0.16525337100028992,-6.348779280074268e-09,1.3724095821380615,169.95513916015625,229.9425048828125,0.16412599624479857,Inhibitory (Mouse),Inhibitory
476100382,Mouse,aspiny,Sst-IRES-Cre,4,0.7022104173913641,0.7752141882760173,-0.48104764461588273,0.008796742344925454,0.1489126103367934,8.042823791503906,0.04355635121464729,0.04542132467031479,0.04717358201742172,0.044145163148641586,0.031357891857624054,0.01709691807627678,0.0037594884634017944,-0.3187713921070099,-0.3103482723236084,-0.2132674753665924,-0.15916649997234344,-0.141520157456398,-0.14659886062145233,-0.14716242253780365,-0.13872726261615753,0.07511251419782639,1.4222323894500732,110.61894226074219,229.9425048828125,0.1489126103367934,Inhibitory (Mouse),Inhibitory
485570335,Mouse,spiny,Nr5a1-Cre,4,0.7661932898030559,0.6845274542500638,-0.7894412014979524,0.012107447168995172,0.14817694935667525,8.242278099060059,0.2897941470146179,0.3580542206764221,0.3924790024757385,0.3738725185394287,0.2651284337043762,0.1415180116891861,0.10299982875585556,-0.7224920392036438,-0.27902573347091675,-0.11219310760498047,-0.12709295749664307,-0.28382182121276855,-0.6497223973274231,-0.89438396692276,-0.9976440072059631,7.123962444260945e-12,1.5165222883224487,149.95632934570312,189.95249938964844,0.14817694935667525,Excitatory (Mouse),Excitatory
322197295,Mouse,aspiny,Sst-IRES-Cre,4,0.5579009364989727,0.6552778796181937,-0.47456418986723914,0.009500758463529707,0.17439799121417715,8.187524795532227,0.3718195855617523,0.46595045924186707,0.35448095202445984,0.21123135089874268,0.1390787661075592,0.1332474946975708,0.14408883452415466,0.3656131327152252,-0.6126915812492371,-0.19702331721782684,-0.2219514399766922,-0.48292332887649536,-0.7659174203872681,-0.8982681035995483,-0.9673550724983215,0.036842454224824905,1.343388557434082,90.14601135253906,189.95249938964844,0.17439799121417715,Inhibitory (Mouse),Inhibitory
581138223,Mouse,aspiny,Nkx2-1-CreERT2,6a,0.7481807034501434,0.7684299751839353,-0.7357165626229748,0.007156097667204311,0.12372519742830272,8.075716018676758,0.07251130789518356,0.06889016926288605,0.06893528997898102,0.06954298168420792,0.06100296974182129,0.05008334293961525,0.041490793228149414,-0.2844862937927246,-0.28183045983314514,-0.27286791801452637,-0.25536540150642395,-0.22460398077964783,-0.19498947262763977,-0.19198192656040192,-0.19520989060401917,0.4380874037742615,1.2822856903076172,169.23751831054688,229.77000427246094,0.12372519742830272,Other (Mouse),Inhibitory
488683322,Mouse,aspiny,Rorb-IRES2-Cre,5,0.9093531590904376,0.9073544542481993,-0.6296877834681065,0.005118201298541088,0.23227886471377987,8.124041557312012,0.15772294998168945,0.16245299577713013,0.14180497825145721,0.12475462257862091,0.09114150702953339,0.027412764728069305,-0.03621895611286163,-0.8507107496261597,-0.6836838722229004,-0.3954562544822693,-0.36199769377708435,-0.32551735639572144,-0.20010481774806976,-0.0823574885725975,0.008085901848971844,0.005127264186739922,1.1754015684127808,169.9732208251953,269.9324951171875,0.23227886471377987,Other (Mouse),Inhibitory
485570372,Mouse,spiny,Nr5a1-Cre,2/3,0.8109467213123502,0.8492172948532628,-0.6520151220248313,0.00678958289759701,0.15057329275483533,8.352432250976562,0.31053271889686584,0.23803317546844482,0.19477491080760956,0.15645335614681244,0.054997917264699936,-0.0002772341249510646,-0.02544398233294487,-0.9711304903030396,-0.9548406600952148,-0.9442645907402039,-1.1992963552474976,-0.5089263319969177,-0.39365774393081665,-0.4792577624320984,-0.5490043759346008,0.05637660250067711,1.2494853734970093,149.92916870117188,229.9425048828125,0.15057329275483533,Excitatory (Mouse),Excitatory
502978383,Mouse,spiny,Nr5a1-Cre,4,0.7591374943523315,0.8212502282132773,-0.8710326462465945,0.021788875594244507,0.09413962035374314,8.073348045349121,0.10774258524179459,0.1085234135389328,0.0977739617228508,0.09375742077827454,0.04656501114368439,-0.007603620644658804,-0.03537852317094803,-0.5672727227210999,-0.589968204498291,-0.641969621181488,-0.7485485672950745,-0.7589088082313538,-0.5804001092910767,-0.488887220621109,-0.42873531579971313,0.004441583063453436,2.5976521968841553,269.7501220703125,309.69000244140625,0.09413962035374314,Excitatory (Mouse),Excitatory
320247631,Mouse,aspiny,Pvalb-IRES-Cre,4,0.9397904541183554,0.9612399147514581,-0.5434436371331552,0.0060490711758255655,0.2537192707905594,8.039748191833496,0.06026352196931839,0.08491580188274384,0.10572584718465805,0.10414887219667435,0.07770673930644989,0.026061521843075752,-0.0701005756855011,-0.4762597680091858,-0.586725115776062,-0.5326526761054993,-0.3926566243171692,-0.261100709438324,-0.10922978818416595,0.016329890117049217,0.09819475561380386,0.22895854711532593,1.41269052028656,179.343994140625,329.9175109863281,0.2537192707905594,Inhibitory (Mouse),Inhibitory
553219924,Mouse,aspiny,Chat-IRES-Cre-neo,2/3,0.7782387769443692,0.7850607432883102,-0.44301351254260235,0.0032744484897465113,0.28754537466010616,7.598625659942627,-0.3170637786388397,-0.12500637769699097,-0.016301468014717102,0.04045436531305313,0.06506175547838211,0.026645809412002563,-0.04347856342792511,-1.7520643472671509,-1.740329623222351,-0.8654336333274841,-0.47769880294799805,-0.29182466864585876,-0.10919161140918732,0.01779613085091114,0.10890810936689377,-0.2683716118335724,0.9397962689399719,119.5660629272461,269.7300109863281,0.28754537466010616,Other (Mouse),Inhibitory
478058328,Mouse,aspiny,Pvalb-IRES-Cre,6a,0.9603984842654364,0.9578030669859547,-0.6297137803325529,0.008057695894040939,0.16979182673083182,7.881776809692383,0.07103012502193451,0.17347334325313568,0.19349072873592377,0.18434642255306244,0.1269751787185669,0.037345390766859055,-0.0726844072341919,-0.6447089314460754,-0.5046979784965515,-0.4201447069644928,-0.3106991648674011,-0.20660313963890076,-0.1254597157239914,-0.05200857296586037,0.017626425251364708,0.013435818254947662,1.474799633026123,169.9803924560547,269.9324951171875,0.16979182673083182,Inhibitory (Mouse),Inhibitory
504608602,Mouse,aspiny,Sst-IRES-Cre,6a,0.6625686771466369,0.6510233913143569,-0.3685405371498182,0.007300469379403218,0.12995178009247665,8.425309181213379,0.4374237060546875,0.3761082887649536,0.2805449962615967,0.18224841356277466,0.06607850641012192,-0.023499391973018646,-0.0556894913315773,-0.17880739271640778,-0.3780195116996765,-0.5675631761550903,-0.6259281635284424,-0.654704749584198,-0.43110018968582153,-0.3571631610393524,-0.33055782318115234,-0.008526606485247612,1.1771584749221802,69.95275115966797,189.80999755859375,0.12995178009247665,Inhibitory (Mouse),Inhibitory
482744155,Mouse,aspiny,Sst-IRES-Cre,2/3,0.7098282720175335,0.748642860082848,-0.36935936180397366,0.009032824146739265,0.19065878712030612,8.320526123046875,0.4746980667114258,0.40145137906074524,0.28529420495033264,0.15506891906261444,0.04732581973075867,0.003957950510084629,0.05982291325926781,1.147694706916809,0.02848261594772339,-0.5027531981468201,-0.6128671169281006,-0.6555729508399963,-0.6223720908164978,-0.5029374361038208,-0.3359982669353485,0.040243856608867645,1.3098883628845215,70.162353515625,189.95249938964844,0.19065878712030612,Inhibitory (Mouse),Inhibitory
566466395,Mouse,aspiny,Chrna2-Cre_OE25,5,0.7727813400431379,0.7100106583477434,-0.5294841975849829,0.011277080471566418,0.19284186427172315,8.382339477539062,0.42456987500190735,0.4057222902774811,0.34070488810539246,0.26344406604766846,0.1578550636768341,0.07076367735862732,-0.020107656717300415,-0.4197055995464325,0.13611866533756256,0.036417484283447266,-0.12731370329856873,-0.21822454035282135,-0.35734063386917114,-0.46840035915374756,-0.560032308101654,2.686238440219313e-05,1.383902668952942,89.92230224609375,169.8300018310547,0.19284186427172315,Other (Mouse),Inhibitory
547616623,Mouse,aspiny,Nos1-CreERT2|Sst-IRES-FlpO,2/3,0.5944513429811022,0.6556392072630478,-0.6466154769696812,0.1463899811740011,0.04499453361411084,7.830663204193115,0.018538128584623337,0.21582001447677612,0.2981768846511841,0.26035791635513306,0.12059760838747025,0.04806172102689743,0.008822271600365639,-0.06926427781581879,-0.19493409991264343,-0.1280180811882019,-0.10641686618328094,-0.15858444571495056,-0.3726885914802551,-0.43414607644081116,-0.43076983094215393,0.40542927384376526,4.010834693908691,71.220947265625,109.88999938964844,0.04499453361411084,Other (Mouse),Inhibitory
569710450,Mouse,spiny,Rbp4-Cre_KL100,5,0.669811207122189,0.8078873307684977,-0.7600341894649892,0.006916761613957638,0.13388995852089047,8.129922866821289,0.12087540328502655,0.09213334321975708,0.06361223012208939,0.02794411964714527,0.002102064900100231,0.024221062660217285,0.06225698068737984,-0.18741659820079803,-0.4238893389701843,-0.5079120397567749,-0.537437379360199,-0.5843212008476257,-0.6770182847976685,-0.7412028908729553,-0.7865714430809021,1.3105302910604061e-19,1.3143291473388672,189.8185272216797,249.74998474121094,0.13388995852089047,Excitatory (Mouse),Excitatory
584587128,Mouse,aspiny,Vip-IRES-Cre,4,0.7332036442907865,0.7737249180040313,-0.47853688681585227,0.005879781652141296,0.15406729967784505,8.008855819702148,0.06699585914611816,0.12451285868883133,0.09590710699558258,0.07155822217464447,0.04557514563202858,0.0042519476264715195,0.003088421653956175,-1.7908625602722168,-1.450370192527771,-0.9703288078308105,-0.761898934841156,-0.5824778079986572,-0.3080136775970459,-0.16197502613067627,-0.07505767792463303,0.23359276354312897,1.2593464851379395,129.1303253173828,269.7300109863281,0.15406729967784505,Inhibitory (Mouse),Inhibitory
501847931,Mouse,spiny,Rorb-IRES2-Cre,6a,0.8199781976645886,0.7588891093136028,-0.8399774799192377,0.014456261571158407,0.1277025368619745,7.5924882888793945,-0.10808692872524261,0.17627859115600586,0.25465765595436096,0.2451145052909851,0.13792306184768677,0.05845801159739494,0.0576912984251976,-0.6141719222068787,-0.6351999044418335,-0.37378647923469543,-0.2778220772743225,-0.2819010615348816,-0.32864663004875183,-0.36197635531425476,-0.373312771320343,-1.3353735084820073e-05,1.9001187086105347,209.78436279296875,249.74998474121094,0.1277025368619745,Excitatory (Mouse),Excitatory
569653118,Mouse,spiny,Chrna2-Cre_OE25,5,0.6388056955559096,0.5992104332616186,-0.7999951122995012,0.011239478135325756,0.21453969864040023,7.7204670906066895,-0.12488553673028946,0.0012808438623324037,0.052633389830589294,0.06695927679538727,0.04667525738477707,0.04464391991496086,0.04767386242747307,-0.762421190738678,-0.7229577302932739,-0.5709481835365295,-0.37783148884773254,-0.200886070728302,-0.2311292588710785,-0.2779942750930786,-0.30647656321525574,1.7808397257048275e-20,1.6754281520843506,199.79876708984375,249.74998474121094,0.21453969864040023,Excitatory (Mouse),Excitatory
569997187,Mouse,aspiny,Pvalb-IRES-Cre,4,0.962900108788451,0.9563867115082966,-0.6942141794770736,0.006364059657272083,0.2239511249065584,8.05301284790039,0.0536138191819191,0.0841643437743187,0.11413117498159409,0.10125996917486191,0.04356575012207031,-0.00024103073519654572,-0.010873714461922646,-0.603428840637207,-0.681607723236084,-0.4878360629081726,-0.2547154128551483,-0.14024068415164948,-0.0754157081246376,-0.018183143809437752,0.022783372551202774,-0.004075257573276758,1.2856907844543457,180.31520080566406,259.739990234375,0.2239511249065584,Inhibitory (Mouse),Inhibitory
502667140,Mouse,spiny,Ctgf-T2A-dgCre,6a,0.6749148645078709,0.5348608625052121,-0.9073806017049115,0.018533477099608068,0.14395216642252087,7.983312129974365,0.26636192202568054,0.2578175365924835,0.16791348159313202,0.15069308876991272,0.15726526081562042,0.10094263404607773,0.0842636302113533,-0.2387978732585907,-0.12662489712238312,-0.0814739540219307,-0.3287281095981598,-0.4557841420173645,-0.4747081696987152,-0.471443235874176,-0.4393359422683716,-0.048365846276283264,1.9718362092971802,190.36170959472656,209.7899932861328,0.14395216642252087,Excitatory (Mouse),Excitatory
564770700,Mouse,aspiny,Ndnf-IRES2-dgCre,1,0.8398800242365682,0.8316557259834704,-0.6682931025392238,0.0061978012577349,0.16578414241525136,7.895059108734131,-0.039768368005752563,0.04660940170288086,0.08425958454608917,0.09222090989351273,0.0601387619972229,0.023725206032395363,-0.018639281392097473,-1.135772705078125,-1.068054437637329,-0.7770155668258667,-0.5553386807441711,-0.3379375636577606,-0.20956480503082275,-0.15905091166496277,-0.1242222785949707,0.09435289353132248,1.553938627243042,260.382568359375,389.6099853515625,0.16578414241525136,Inhibitory (Mouse),Inhibitory
482654108,Mouse,aspiny,Htr3a-Cre_NO152,1,0.80437278157447,0.8199638371987521,-0.5596497077368862,0.0025580803273878776,0.20803268276656076,7.903053283691406,-0.099504254758358,-0.03778113052248955,0.011914180591702461,0.0609770268201828,0.10594452172517776,0.0650438666343689,-0.07729369401931763,-2.5607380867004395,-1.9645456075668335,-1.207288384437561,-0.9003754258155823,-0.6543070673942566,-0.29083487391471863,-0.07624692469835281,0.020473899319767952,-0.3134116530418396,1.0239876508712769,229.4972381591797,409.8974914550781,0.20803268276656076,Inhibitory (Mouse),Inhibitory
567007144,Mouse,aspiny,Vip-IRES-Cre,2/3,0.6094829256372991,0.7039678232389202,-0.418457417853283,0.03580249628609796,0.10527069306013541,8.180925369262695,0.29127755761146545,0.3496932089328766,0.35412079095840454,0.30363020300865173,0.2013256996870041,0.08451075851917267,-0.04740408435463905,0.18750013411045074,-0.00013492387370206416,-0.26261794567108154,-0.1326628178358078,-0.08976586908102036,-0.20217452943325043,-0.32585254311561584,-0.4620884358882904,0.20320862531661987,2.465834140777588,71.10791778564453,169.8300018310547,0.10527069306013541,Inhibitory (Mouse),Inhibitory
527095729,Mouse,aspiny,Ndnf-IRES2-dgCre,1,0.8881648212411942,0.8591137901608544,-0.6500916179441988,0.004984287303903692,0.17654519415734846,7.863107681274414,-0.12389247864484787,-0.05548004060983658,0.006587798707187176,0.05890066549181938,0.08159267902374268,0.05316256731748581,-0.006965416017919779,-1.2386640310287476,-1.1687852144241333,-1.0148515701293945,-1.175082802772522,-0.6021701097488403,-0.2618238031864166,-0.2035405933856964,-0.2072630226612091,-0.34026429057121277,1.463249921798706,279.3756408691406,429.57000732421875,0.17654519415734846,Inhibitory (Mouse),Inhibitory
565106612,Mouse,sparsely spiny,Ndnf-IRES2-dgCre,6a,0.6184143746758514,0.6080119015183058,-0.6000331956291742,0.01205464631170172,0.1249800969195653,8.246955871582031,0.2754632234573364,0.28410425782203674,0.28181788325309753,0.2689345180988312,0.23263195157051086,0.18912675976753235,0.1432058960199356,1.0115751028060913,0.7029482126235962,0.2706254720687866,0.034657955169677734,-0.13240429759025574,-0.5441709160804749,-0.8216120004653931,-0.9877776503562927,2.5332909381337032e-11,1.3440196514129639,89.91497802734375,149.85000610351562,0.1249800969195653,Inhibitory (Mouse),Sparsely Spiny
522696638,Mouse,spiny,Ntsr1-Cre_GN220,6a,0.7382477532267321,0.7997336342988258,-0.8524885997530015,0.029576107067921575,0.0785103632109288,8.030966758728027,-0.02376095950603485,-0.051084987819194794,-0.007775643840432167,0.06193585693836212,0.0821135863661766,0.04412948712706566,0.012796350754797459,-0.39500486850738525,-0.6787656545639038,-0.8266385197639465,-1.0937198400497437,-0.7306229472160339,-0.3691847026348114,-0.28751906752586365,-0.25922122597694397,0.06464312225580215,2.824458122253418,229.94593811035156,269.7300109863281,0.0785103632109288,Excitatory (Mouse),Excitatory
487659462,Mouse,spiny,Cux2-CreERT2,5,0.5615245363510856,0.6944749245018219,-0.7172545487273521,0.01653410948979637,0.076525848901241,8.155449867248535,0.20845244824886322,0.24278050661087036,0.25035330653190613,0.22164614498615265,0.15463082492351532,0.11279875785112381,0.09046969562768936,0.9472066164016724,-0.2351754903793335,-0.16890864074230194,0.22245141863822937,0.02081640064716339,-0.5451170206069946,-0.7796820998191833,-0.8602069020271301,0.09440106153488159,1.8631410598754883,150.59469604492188,209.94747924804688,0.076525848901241,Excitatory (Mouse),Excitatory
491026389,Mouse,aspiny,Sst-IRES-Cre,2/3,0.8272592861383149,0.843160552071986,-0.7600175654275853,0.008308328486771082,0.1621196955650741,8.241863250732422,0.23885932564735413,0.21707108616828918,0.1808529645204544,0.13392053544521332,0.050858620554208755,-0.014668896794319153,0.00904859695583582,-0.29128772020339966,-0.27945566177368164,-0.3227247893810272,-0.42975926399230957,-0.5190623998641968,-0.3967497646808624,-0.27683278918266296,-0.1763317584991455,-2.6772474862046813e-11,1.441028356552124,189.95687866210938,249.93748474121094,0.1621196955650741,Inhibitory (Mouse),Inhibitory
473593847,Mouse,sparsely spiny,Sst-IRES-Cre,5,0.8101484776349982,0.8327498833728463,-0.7038979801373036,0.007446934247387669,0.18151846183432596,8.100726127624512,0.10903772711753845,0.11312787234783173,0.08629710972309113,0.06932370364665985,0.06044776737689972,0.028998645022511482,-0.02488933503627777,-1.1818126440048218,-0.9218400120735168,-0.6744053363800049,-0.6333567500114441,-0.4669690430164337,-0.1887970119714737,-0.0823369175195694,-0.020828109234571457,-0.01928658038377762,1.417804479598999,190.00531005859375,269.9324951171875,0.18151846183432596,Inhibitory (Mouse),Sparsely Spiny
585832440,Mouse,aspiny,Slc32a1-T2A-FlpO|Vipr2-IRES2-Cre,2/3,0.9554008403040093,0.9368214539633773,-0.5485612976178328,0.005688083442818521,0.25844548144254625,8.098344802856445,0.14200839400291443,0.14670346677303314,0.11778249591588974,0.08438179641962051,0.05090967193245888,0.01671011373400688,-0.04535439983010292,-0.8076707124710083,-0.6192288398742676,-0.4725680947303772,-0.37537938356399536,-0.25512638688087463,-0.12532123923301697,-0.0021486864425241947,0.10112865269184113,-0.019717514514923096,1.3272311687469482,169.88433837890625,309.69000244140625,0.25844548144254625,Other (Mouse),Inhibitory
584931329,Mouse,aspiny,Htr3a-Cre_NO152,6b,0.7218707016178907,0.7644745324865928,-0.36273746455717765,0.007779851516192579,0.1913075218674102,8.18856143951416,0.1598316729068756,0.15075775980949402,0.10387497395277023,0.02587648294866085,-0.024037247523665428,-0.028478767722845078,0.019249700009822845,-1.6548575162887573,-1.2636135816574097,-0.5709345936775208,-0.3152959942817688,-0.2430563122034073,-0.13841019570827484,-0.047836221754550934,0.0096830939874053,0.07537484169006348,1.3939217329025269,90.59935760498047,249.74998474121094,0.1913075218674102,Inhibitory (Mouse),Inhibitory
475625477,Mouse,aspiny,Htr3a-Cre_NO152,2/3,0.848021018436311,0.7626633186023899,-0.4305475535447436,0.008309496508544541,0.1678399236798983,8.248732566833496,0.2606356143951416,0.2493094950914383,0.22199326753616333,0.17153874039649963,0.06315530091524124,-0.02231246419250965,0.0031659326050430536,0.14052969217300415,0.1641504466533661,0.089533731341362,-0.03821208328008652,-0.2290024757385254,-0.49046340584754944,-0.5974333882331848,-0.6210657954216003,-0.05916468799114227,1.3208171129226685,90.3958740234375,209.94747924804688,0.1678399236798983,Inhibitory (Mouse),Inhibitory
582613001,Mouse,sparsely spiny,Chat-IRES-Cre-neo,2/3,0.6114867181916129,0.7386353230677837,-0.24153367097800374,0.016641478227400013,0.08159410068124548,8.416232109069824,0.2383851855993271,0.11703822761774063,0.08211062103509903,0.056767504662275314,0.05648714676499367,0.051031969487667084,0.11275991052389145,-1.0481103658676147,-1.1619853973388672,-1.0649185180664062,-0.8559044003486633,-0.6781356930732727,-0.5633544325828552,-0.5037398934364319,-0.46677103638648987,0.10762332379817963,1.8684794902801514,50.68292999267578,209.7899932861328,0.08159410068124548,Other (Mouse),Sparsely Spiny
583645193,Mouse,aspiny,Chrna2-Cre_OE25,6a,0.6409470955472006,0.6557065439570424,-0.4648810567005201,0.015849044179848608,0.14815622540606752,7.899682998657227,0.17936912178993225,0.36793237924575806,0.41188040375709534,0.32265913486480713,0.11164061725139618,0.04403318837285042,0.1072113960981369,-0.20820577442646027,0.0034073174465447664,0.05137623846530914,0.05486220121383667,-0.09314970672130585,-0.3017311692237854,-0.24549072980880737,-0.042219050228595734,-0.254956990480423,1.541096806526184,69.72743225097656,149.85000610351562,0.14815622540606752,Other (Mouse),Inhibitory
555898896,Mouse,aspiny,Chrna2-Cre_OE25,5,0.7389946582219235,0.6848103956837177,-0.38515497875031657,0.01087920450526994,0.1539468113766689,8.683541297912598,0.705627977848053,0.6445374488830566,0.5097696781158447,0.32351797819137573,0.08522288501262665,-0.02159416675567627,-0.008507641963660717,0.77436363697052,0.4156627058982849,-0.0400129109621048,-0.3583579659461975,-0.4610295593738556,-0.3543780446052551,-0.2447059601545334,-0.1652071475982666,-0.024615805596113205,1.1890933513641357,50.05823516845703,129.96749877929688,0.1539468113766689,Other (Mouse),Inhibitory
322500634,Mouse,aspiny,Sst-IRES-Cre,5,0.6874887180197253,0.7356991062058198,-0.9242751555415477,0.012102133548321323,0.2217355619384715,8.086942672729492,0.10030442476272583,0.10594537109136581,0.10669220238924026,0.09717169404029846,0.07038386166095734,0.0475442111492157,0.04052477329969406,0.040246766060590744,-0.08348314464092255,-0.2009061872959137,-0.20375379920005798,-0.16496947407722473,-0.22464074194431305,-0.2947855591773987,-0.33991044759750366,0.019766906276345253,1.739188551902771,231.0113983154297,249.93748474121094,0.2217355619384715,Inhibitory (Mouse),Inhibitory
574584859,Mouse,aspiny,Ndnf-IRES2-dgCre,1,0.7512563658307008,0.6873327344113161,-0.5583946348968585,0.006363124524456792,0.10995269834917026,8.41910457611084,0.4219498634338379,0.3642035126686096,0.27737390995025635,0.15326985716819763,0.009746112860739231,-0.009439604356884956,0.030327700078487396,0.8170256614685059,0.1607239544391632,-0.2654610574245453,-0.4153359830379486,-0.36950647830963135,-0.26201701164245605,-0.2598132789134979,-0.30425119400024414,-2.2670630642096512e-05,1.209154725074768,128.30233764648438,229.77000427246094,0.10995269834917026,Inhibitory (Mouse),Inhibitory
327997484,Mouse,aspiny,Htr3a-Cre_NO152,5,0.6403573384639695,0.5433125395538012,-0.8710093210208418,0.011342972295609962,0.15681590941309947,7.865609645843506,-0.09410838782787323,0.07247989624738693,0.16802538931369781,0.19333532452583313,0.12406768649816513,0.05185448005795479,-0.03604254871606827,-0.08764977753162384,-1.3522037267684937,-1.5598176717758179,-1.1433056592941284,-0.6973730325698853,-0.34123584628105164,-0.20806235074996948,-0.14018113911151886,-5.712733064378028e-11,1.8749512434005737,269.94537353515625,309.9224853515625,0.15681590941309947,Inhibitory (Mouse),Inhibitory
568473665,Mouse,aspiny,Chat-IRES-Cre-neo,2/3,0.7344138081422323,0.7460611388149045,-0.4451838201798307,0.008789865828028567,0.07348885240248551,7.899489879608154,-0.12121036648750305,-0.1191762164235115,-0.10145290195941925,-0.07100196182727814,-0.017882084473967552,0.01637912355363369,0.036061372607946396,-1.4434924125671387,-1.2648422718048096,-0.9927735328674316,-0.7943012714385986,-0.593878984451294,-0.34238722920417786,-0.1956459879875183,-0.11384307593107224,-0.5895562767982483,1.5957794189453125,129.32177734375,289.7099914550781,0.07348885240248551,Other (Mouse),Inhibitory
487405644,Mouse,aspiny,Pvalb-IRES-Cre,4,0.9690027718176588,0.9665948884807564,-0.6040759693591683,0.003900963545022034,0.2430064269125066,8.1618070602417,0.12214020639657974,0.09264080971479416,0.06877367198467255,0.04698471352458,0.02951122634112835,0.0057625737972557545,-0.034656938165426254,-0.9628257751464844,-0.6388581395149231,-0.40989312529563904,-0.2502143979072571,-0.13758130371570587,-0.028234364464879036,0.034491438418626785,0.060595881193876266,0.3416156768798828,1.1344585418701172,199.4119415283203,329.9175109863281,0.2430064269125066,Inhibitory (Mouse),Inhibitory
541571148,Human,spiny,,3,0.7218929130424863,0.7154192550767232,-0.9048826733435733,0.00851276534436613,0.15566819013935057,8.086112022399902,0.08896195888519287,0.06784341484308243,0.045543696731328964,0.029059268534183502,0.0065688579343259335,0.005794478114694357,0.04581797868013382,-0.7897515892982483,-1.0654648542404175,-1.4226787090301514,-0.6762654185295105,-0.41647425293922424,-0.4142408072948456,-0.5011559128761292,-0.5936610698699951,-0.03663065657019615,1.8672823905944824,370.6322326660156,409.5899963378906,0.15566819013935057,Excitatory (Human),Excitatory
478795872,Mouse,aspiny,Pvalb-IRES-Cre,5,0.9582702208985263,0.8739364816872002,-0.48234902499421445,0.004671950026817857,0.2254824478825431,7.960958003997803,-0.011471379548311234,0.03549429029226303,0.06862535327672958,0.09170297533273697,0.09452950954437256,0.03544803336262703,-0.07737057656049728,-0.6674177050590515,-0.5226649641990662,-0.40150636434555054,-0.3036082983016968,-0.19065895676612854,-0.05430424213409424,0.018838288262486458,0.050488971173763275,0.3699275553226471,1.2033047676086426,149.62765502929688,309.9224853515625,0.2254824478825431,Inhibitory (Mouse),Inhibitory
482809953,Mouse,spiny,Nr5a1-Cre,4,0.6972872614777279,0.6605346293349882,-0.25065668453127476,0.00988728283906477,0.2567486379484756,7.8408203125,-0.013842395506799221,0.1527010053396225,0.2561679482460022,0.2699225842952728,0.15592016279697418,0.05333477631211281,-0.004853204824030399,0.04002634435892105,-0.3422677218914032,-0.716354489326477,-0.7228710055351257,-0.49994954466819763,-0.3373822271823883,-0.40635570883750916,-0.4380883276462555,0.05695227533578873,2.4353411197662354,150.35964965820312,599.8499755859375,0.2567486379484756,Excitatory (Mouse),Excitatory
591517805,Mouse,aspiny,Vip-IRES-Cre,6a,0.5762254534007037,0.7161256581461407,-0.3008216315788004,0.01581736635676854,0.13332245422107164,8.451541900634766,0.4452540874481201,0.4273671507835388,0.3872032165527344,0.3292943239212036,0.20615224540233612,0.08521948754787445,-0.0019019950414076447,0.5750932693481445,0.2963348627090454,0.05109478160738945,-0.17652790248394012,-0.39057955145835876,-0.5663648843765259,-0.6278089284896851,-0.6669604182243347,0.13527743518352509,1.6389824151992798,51.10683822631836,169.8300018310547,0.13332245422107164,Inhibitory (Mouse),Inhibitory
603502705,Mouse,aspiny,Pvalb-T2A-CreERT2,5,0.8337507908186944,0.7779619541400735,-0.3448891748687282,0.027028396519730078,0.12964740572948172,7.797518730163574,-0.1487179547548294,-0.10818495601415634,-0.08234681189060211,-0.05847049131989479,-0.02411000244319439,0.0020073475316166878,0.026051701977849007,-0.1677827537059784,-0.15109574794769287,-0.14287123084068298,-0.18799027800559998,-0.2465449571609497,-0.11955321580171585,-0.011680628173053265,0.06367532908916473,0.22139224410057068,2.01251220703125,51.73065948486328,149.85000610351562,0.12964740572948172,Inhibitory (Mouse),Inhibitory
560748672,Mouse,sparsely spiny,Nos1-CreERT2,6a,0.3489541411655398,0.6156831117177888,-0.5367076663374105,0.019409218278572712,0.10405697327400758,8.136086463928223,0.15718866884708405,0.17021127045154572,0.1726321429014206,0.17158031463623047,0.16994188725948334,0.16644324362277985,0.1655813306570053,0.01506288256496191,0.1137876808643341,0.17241014540195465,0.15377116203308105,0.031992219388484955,-0.228620246052742,-0.4255855679512024,-0.44475510716438293,0.1526661515235901,1.8155626058578491,91.17237091064453,169.8300018310547,0.10405697327400758,Other (Mouse),Sparsely Spiny
530094213,Human,spiny,,5,0.6531949984525115,0.5894248809207776,-0.6482630050142949,0.0340908558063925,0.07700572183315497,8.244281768798828,0.33960601687431335,0.37361958622932434,0.3556256890296936,0.3384271264076233,0.23590096831321716,0.07972386479377747,0.023226600140333176,0.06240453943610191,-0.8119756579399109,-0.4634387195110321,-0.2694850265979767,-0.17996129393577576,-0.28321054577827454,-0.47999855875968933,-0.6038947105407715,-0.08764006942510605,2.4061691761016846,110.10218811035156,169.8300018310547,0.07700572183315497,Excitatory (Human),Excitatory
565778579,Mouse,spiny,Ndnf-IRES2-dgCre,5,0.6793694012025077,0.6420536661429733,-0.47787392164939557,0.012550652173858172,0.08284063863505048,8.281892776489258,0.43848106265068054,0.47988373041152954,0.4219896197319031,0.3255482614040375,0.1593991219997406,0.03516925871372223,-0.01953437365591526,-0.3997586965560913,-0.42370304465293884,-0.47861620783805847,-0.5575705170631409,-0.6135169863700867,-0.6201912760734558,-0.6022109985351562,-0.5920430421829224,0.06668823957443237,1.622652530670166,100.25761413574219,209.7899932861328,0.08284063863505048,Inhibitory (Mouse),Excitatory
480090260,Mouse,spiny,Rorb-IRES2-Cre,5,0.6673343811910639,0.6869238923909954,-0.9094108214911885,0.013247563909612447,0.20053744034011028,7.546290874481201,0.054602909833192825,0.4005677402019501,0.3861764967441559,0.2927132546901703,0.17982132732868195,0.10312724113464355,0.04208565130829811,0.04348210245370865,-0.5184043645858765,-0.42686817049980164,-0.3450566530227661,-0.36334338784217834,-0.4970187246799469,-0.5020349025726318,-0.4673077464103699,-0.05272665247321129,1.6677207946777344,190.93128967285156,209.94747924804688,0.20053744034011028,Excitatory (Mouse),Excitatory
555251867,Mouse,spiny,Chrna2-Cre_OE25,6a,0.809369287928709,0.8540772022589,-0.8407493455295293,0.030658813567426117,0.07705425883511163,8.00745677947998,0.10311280936002731,0.14991812407970428,0.1262756586074829,0.08451732993125916,0.027957459911704063,0.0003566751256585121,-0.014708288945257664,-0.2878116965293884,-0.4560159146785736,-0.4071483016014099,-0.4224311113357544,-0.41832849383354187,-0.3273322582244873,-0.24807435274124146,-0.1917227953672409,0.0745675265789032,2.7671353816986084,209.98269653320312,249.74998474121094,0.07705425883511163,Excitatory (Mouse),Excitatory
476051620,Mouse,spiny,Rorb-IRES2-Cre,4,0.5213986347618398,0.5492672975603886,-0.8261172624568068,0.008169057790550525,0.21134202928292176,8.23515796661377,0.2926337420940399,0.3065146505832672,0.274971067905426,0.20928733050823212,0.09253555536270142,0.02280418388545513,-0.01119279582053423,-0.7417734861373901,-0.6224474310874939,-0.5220344662666321,-0.21261316537857056,-0.0034702387638390064,-0.20631447434425354,-0.48906466364860535,-0.6726236939430237,6.0913058451406155e-12,1.3705523014068604,189.95947265625,229.9425048828125,0.21134202928292176,Excitatory (Mouse),Excitatory
324466858,Mouse,sparsely spiny,Sst-IRES-Cre,5,0.6519753347807299,0.720167644690164,-0.9180976276908475,0.016085922087517968,0.17003566838216283,7.934328079223633,0.15459080040454865,0.2741510272026062,0.23562569916248322,0.14348454773426056,0.03509259596467018,-0.001729072304442525,0.002289627678692341,-0.32287850975990295,-0.4885779917240143,-0.4898433983325958,-0.5253810286521912,-0.3590584993362427,-0.2521176040172577,-0.26951760053634644,-0.2943883538246155,0.0075969696044921875,1.9232361316680908,211.10972595214844,229.9425048828125,0.17003566838216283,Inhibitory (Mouse),Sparsely Spiny
502143149,Mouse,spiny,Rorb-IRES2-Cre,4,0.8872006164477058,0.8361897602331082,-0.8521155836853657,0.03409183420483684,0.07310060148636918,8.152128219604492,0.22226770222187042,0.18077729642391205,0.1187192052602768,0.10280709713697433,0.07821905612945557,0.015244020149111748,-0.044917475432157516,-0.6386866569519043,-0.7219078540802002,-0.6730643510818481,-0.6079369783401489,-0.5029037594795227,-0.38312825560569763,-0.37702256441116333,-0.3889376223087311,-0.050731975585222244,3.032423257827759,229.84371948242188,269.7300109863281,0.07310060148636918,Excitatory (Mouse),Excitatory
585947309,Mouse,aspiny,Slc32a1-T2A-FlpO|Vipr2-IRES2-Cre,2/3,0.9533330942232495,0.9459676565445063,-0.5517575660983471,0.007871347965857414,0.19313967861562978,8.04024887084961,0.07884208858013153,0.08201728761196136,0.06398264318704605,0.042356446385383606,0.011363319121301174,0.0007616631337441504,-0.0021553407423198223,-0.8957936763763428,-0.580207347869873,-0.33276501297950745,-0.2129475623369217,-0.08589934557676315,-0.032224249094724655,-0.018744254484772682,-0.011618636548519135,-0.008181960321962833,1.5101020336151123,159.84974670410156,289.7099914550781,0.19313967861562978,Other (Mouse),Inhibitory
566671538,Mouse,aspiny,Chrna2-Cre_OE25,2/3,0.6821813869847464,0.7504833668917209,-0.3922157750725961,0.00824783789618476,0.17010598283154127,8.166335105895996,0.07839247584342957,0.022667236626148224,0.0331803634762764,0.06589058041572571,0.04406367614865303,-0.00101437175180763,-0.00918511487543583,-0.42124229669570923,-1.2992949485778809,-1.3586620092391968,-1.111954689025879,-0.6986346244812012,-0.22356806695461273,-0.0016859718598425388,0.17551477253437042,-0.040249597281217575,1.3766283988952637,90.12104034423828,229.77000427246094,0.17010598283154127,Other (Mouse),Inhibitory
475068599,Mouse,aspiny,Sst-IRES-Cre,2/3,0.6649220830698434,0.7689877127699558,-0.5789476050507176,0.005730722196655231,0.15539675043638695,8.105612754821777,0.10674232244491577,0.1049308255314827,0.10126350820064545,0.09491896629333496,0.08156802505254745,0.068165123462677,0.05697447434067726,-0.15871214866638184,-0.13329701125621796,-0.1341833621263504,-0.150043323636055,-0.16344276070594788,-0.17716334760189056,-0.1860801726579666,-0.19185125827789307,0.0022007820662111044,1.043343186378479,109.97254943847656,189.95249938964844,0.15539675043638695,Inhibitory (Mouse),Inhibitory
475740357,Mouse,aspiny,Htr3a-Cre_NO152,4,0.7869244902051291,0.8614160152133704,-0.5653535022507783,0.0089022990562766,0.1643057977354535,8.265103340148926,0.27537575364112854,0.26616981625556946,0.22876355051994324,0.1813785880804062,0.0944967269897461,-0.025647539645433426,-0.0037374256644397974,-0.24769431352615356,-0.23395121097564697,-0.4825403392314911,-0.7180973887443542,-0.6755720376968384,-0.39502352476119995,-0.31432124972343445,-0.23300224542617798,-0.009255084209144115,1.4307399988174438,129.99888610839844,229.9425048828125,0.1643057977354535,Inhibitory (Mouse),Inhibitory
501848265,Mouse,spiny,Rorb-IRES2-Cre,4,0.673120992899907,0.565369866886945,-0.8712759789072543,0.0353559417807412,0.0718704721602445,8.133378982543945,0.2353394776582718,0.29230305552482605,0.2445875108242035,0.12821224331855774,-0.0054764412343502045,-0.029463309794664383,-0.010391677729785442,-1.1891716718673706,-0.8200591206550598,-0.5755754113197327,-0.569309413433075,-0.6186203360557556,-0.6342685222625732,-0.6006495952606201,-0.5354428291320801,0.05162329971790314,3.3089849948883057,269.828125,309.69000244140625,0.0718704721602445,Excitatory (Mouse),Excitatory
560814288,Mouse,aspiny,Vip-IRES-Cre,2/3,0.810493718407412,0.8280185519054932,-0.17888066865519722,0.01023664359127152,0.2251532167640123,8.038862228393555,0.06395124644041061,0.07049444317817688,0.07158057391643524,0.0727752149105072,0.06042991206049919,0.0380922332406044,0.02019309625029564,0.1942315697669983,0.12061649560928345,0.006974655203521252,-0.06435040384531021,-0.09151048213243484,-0.08608177304267883,-0.0807141587138176,-0.07694057375192642,-0.055454906076192856,1.318517804145813,30.38237953186035,169.8300018310547,0.2251532167640123,Inhibitory (Mouse),Inhibitory
395851985,Mouse,spiny,Scnn1a-Tg3-Cre,5,0.46704002037301834,0.5159440458119133,-0.9004840237719375,0.018590308872222624,0.14673514306676416,7.92440128326416,0.3097500205039978,0.4331109821796417,0.42936259508132935,0.4184824824333191,0.27310457825660706,0.1330547332763672,-0.034361813217401505,-0.20421119034290314,-0.02047608606517315,0.10464209318161011,-0.1492285281419754,-0.37801045179367065,-0.4702449142932892,-0.5372264981269836,-0.6540365815162659,0.05990972742438316,1.8791688680648804,171.0527801513672,189.95249938964844,0.14673514306676416,Excitatory (Mouse),Excitatory
571939040,Mouse,aspiny,Vipr2-IRES2-Cre,5,0.7952037066087411,0.7874665921259125,-0.5170299627771026,0.008813377218573606,0.12731156424408843,8.330069541931152,0.3011294901371002,0.22392885386943817,0.11796317994594574,0.0300835520029068,-0.004659085068851709,-0.009786508977413177,-0.007462043780833483,-1.6315796375274658,-0.8840850591659546,-0.6334481239318848,-0.6311866044998169,-0.5389618873596191,-0.2870974838733673,-0.0818498507142067,0.07823696732521057,0.3641543984413147,1.4836242198944092,129.26083374023438,249.74998474121094,0.12731156424408843,Other (Mouse),Inhibitory
488708322,Mouse,aspiny,Pvalb-IRES-Cre,4,0.7891931889818318,0.841900317234675,-0.6722388336791201,0.0032407116100044452,0.320765989182081,8.115691184997559,0.12808415293693542,0.15449796617031097,0.18129870295524597,0.1917388141155243,0.16713346540927887,0.06930789351463318,-0.16409943997859955,-1.0362673997879028,-1.2590755224227905,-1.1671034097671509,-0.8796105980873108,-0.5382370948791504,-0.17509281635284424,-0.02630980871617794,-0.06134131923317909,0.251412570476532,1.2599807977676392,329.37786865234375,489.8774719238281,0.320765989182081,Inhibitory (Mouse),Inhibitory
606517484,Mouse,aspiny,Nkx2-1-CreERT2,2/3,0.9522822708682617,0.9465376722088065,-0.8181777398648309,0.008995470614378035,0.15186688442354362,7.984312534332275,0.1107473224401474,0.20228233933448792,0.21075521409511566,0.15954092144966125,0.04713672772049904,0.006330661475658417,-0.002637302502989769,-0.7494956254959106,-0.5250568389892578,-0.3772110641002655,-0.3321530520915985,-0.25948986411094666,-0.18701566755771637,-0.09456031769514084,-0.0028298976831138134,0.005678288172930479,1.7220734357833862,269.72869873046875,329.6700134277344,0.15186688442354362,Other (Mouse),Inhibitory
583104750,Mouse,sparsely spiny,Chrna2-Cre_OE25,6a,0.42832359727369623,0.5859230113547591,-0.3395892597864282,0.009915837424956338,0.1009391377375108,8.029409408569336,0.029999904334545135,0.031059008091688156,0.0334031768143177,0.036057572811841965,0.039942897856235504,0.04167977720499039,0.03795463964343071,-0.03742518648505211,-0.00461474247276783,-0.001912995707243681,-0.003597082570195198,-0.006657039746642113,-0.017236849293112755,-0.02962479740381241,-0.04125024750828743,0.09621221572160721,1.2189701795578003,50.89670944213867,149.85000610351562,0.1009391377375108,Other (Mouse),Sparsely Spiny
324065524,Mouse,spiny,Rorb-IRES2-Cre,4,0.8058357257208613,0.8467423143353598,-0.5792566304360941,0.008271027398956767,0.16611822733910533,8.107053756713867,0.1284223049879074,0.14405041933059692,0.139128178358078,0.12433426827192307,0.09364362061023712,0.033407747745513916,-0.04944528639316559,-0.9307990074157715,-0.5849494934082031,-0.3306353986263275,-0.3091641664505005,-0.31609249114990234,-0.24506285786628723,-0.21144241094589233,-0.2097197324037552,0.022725097835063934,1.2534362077713013,110.0317611694336,189.95249938964844,0.16611822733910533,Excitatory (Mouse),Excitatory
501848315,Mouse,spiny,Rorb-IRES2-Cre,4,0.6236551152829923,0.663628970960574,-0.5346014000933085,0.011513857221744653,0.08829117723924053,8.262655258178711,0.2880454361438751,0.2956160008907318,0.2894597053527832,0.27640143036842346,0.24855497479438782,0.22996525466442108,0.22105444967746735,0.7837560772895813,0.3814050555229187,0.11267808079719543,-0.18718917667865753,-0.41166219115257263,-0.6007754802703857,-0.6736115217208862,-0.6788253784179688,0.0993327647447586,1.3983556032180786,90.80122375488281,169.8300018310547,0.08829117723924053,Excitatory (Mouse),Excitatory
554432769,Mouse,aspiny,Nkx2-1-CreERT2,6a,0.8258726107200803,0.8065133314065325,-0.4316182035247813,0.011584991352607812,0.1246794180463493,8.055420875549316,0.0548226498067379,0.05213995650410652,0.05137549713253975,0.05079963803291321,0.0470162108540535,0.04216880351305008,0.038902830332517624,-0.09819891303777695,-0.1661563664674759,-0.22185741364955902,-0.23135463893413544,-0.19693978130817413,-0.13136431574821472,-0.102042056620121,-0.08718712627887726,-0.08641894906759262,1.5589789152145386,90.55664825439453,209.7899932861328,0.1246794180463493,Other (Mouse),Inhibitory
580212997,Mouse,aspiny,Oxtr-T2A-Cre,4,0.6823314856582343,0.7686215819182869,-0.3913916323285811,0.011280689887108107,0.1248987071485023,8.690702438354492,0.6927110552787781,0.5879135131835938,0.4691382944583893,0.3198730945587158,0.09678072482347488,-0.04024524614214897,-0.0042623248882591724,-0.12539875507354736,-0.28944629430770874,-0.21372264623641968,-0.3707275986671448,-0.4897672235965729,-0.6581540107727051,-0.7537523508071899,-0.7945151329040527,-0.011241810396313667,1.6099578142166138,89.93018341064453,229.77000427246094,0.1248987071485023,Other (Mouse),Inhibitory
466114829,Mouse,aspiny,Pvalb-IRES-Cre,5,0.9453139259797289,0.9437361604592854,-0.6585889791307818,0.005799793406421811,0.3305596076653099,7.794997215270996,-0.10636839270591736,0.009199244901537895,0.07713236659765244,0.11314526945352554,0.12538789212703705,0.07593514025211334,-0.06982293725013733,-0.5134027004241943,-0.7566079497337341,-0.4051509499549866,-0.2597530484199524,-0.1974293738603592,-0.12960344552993774,-0.08030468225479126,-0.08143474161624908,-0.23507072031497955,1.6508244276046753,309.5146789550781,469.8824768066406,0.3305596076653099,Inhibitory (Mouse),Inhibitory
586070286,Mouse,aspiny,Chrna2-Cre_OE25,6a,0.7290549482877987,0.7194873383397271,-0.47472269607301154,0.007145272408817185,0.16246483854731386,8.01425552368164,-0.023290516808629036,-0.012941839173436165,-0.005501117091625929,-0.012837298214435577,-0.018556494265794754,0.0003554154827725142,0.034507349133491516,-1.7226853370666504,-1.2448559999465942,-0.6274877786636353,-0.3212854564189911,-0.17584064602851868,-0.12521223723888397,-0.13355419039726257,-0.13644444942474365,0.1924150288105011,1.2813154458999634,109.11405944824219,229.77000427246094,0.16246483854731386,Other (Mouse),Inhibitory
548444436,Human,aspiny,,5,0.9458009692863049,0.9405091528533243,-0.5590198121265827,0.009448248919966944,0.12593868398104902,8.081284523010254,0.1498255580663681,0.1835222989320755,0.1604512333869934,0.0888192355632782,-0.024131644517183304,-0.02352726459503174,0.04237282648682594,-0.9690447449684143,-0.7623873353004456,-0.324236661195755,-0.06980806589126587,0.057969022542238235,-0.031111471354961395,-0.1034482941031456,-0.1300082951784134,-0.09385138750076294,1.5963947772979736,150.79322814941406,269.7300109863281,0.12593868398104902,Inhibitory (Human),Inhibitory
564410651,Mouse,aspiny,Htr3a-Cre_NO152,2/3,0.7286912338924206,0.7768784544958516,-0.8539501407973494,0.029977539238019095,0.0731157807397968,8.04141902923584,0.046650420874357224,0.04517108574509621,0.04182467237114906,0.031904928386211395,0.015230279415845871,0.013777576386928558,0.02946537360548973,-0.6689100861549377,-1.0138754844665527,-0.9377336502075195,-0.91706782579422,-0.5868144631385803,-0.3045879006385803,-0.26029491424560547,-0.25570282340049744,-0.054730046540498734,3.5040690898895264,349.7724304199219,409.5899963378906,0.0731157807397968,Inhibitory (Mouse),Inhibitory
475838754,Mouse,spiny,Nr5a1-Cre,4,0.7991471737595253,0.8451413451044317,-0.7421336165416261,0.006261714011567111,0.16866385757012312,7.910463809967041,-0.014945621602237225,0.04749194532632828,0.07076608389616013,0.0327003039419651,-0.013730245642364025,-0.006348573137074709,0.0015654356684535742,-0.438346803188324,-0.5725426077842712,-0.6289015412330627,-0.5935569405555725,-0.33022838830947876,-0.29254958033561707,-0.29647234082221985,-0.3011520504951477,0.07284331321716309,1.3930706977844238,230.0092010498047,309.9224853515625,0.16866385757012312,Excitatory (Mouse),Excitatory
532355382,Mouse,spiny,Ctgf-T2A-dgCre,6b,0.6772076951502989,0.7222572803605655,-0.5214797197914345,0.00550738098061731,0.13014461669807295,8.289803504943848,0.24873197078704834,0.19060063362121582,0.16069792211055756,0.14757521450519562,0.14907391369342804,0.161629319190979,0.17454741895198822,-0.6745608448982239,-1.0786800384521484,-1.2197669744491577,-1.232488989830017,-1.2097628116607666,-1.1508839130401611,-1.119065284729004,-1.1050511598587036,-0.2717355787754059,1.074892282485962,109.47506713867188,209.7899932861328,0.13014461669807295,Excitatory (Mouse),Excitatory
487668030,Mouse,aspiny,Pvalb-IRES-Cre,5,0.8637776699314487,0.7760377891677618,-0.5654756503725148,0.002909565243393179,0.32449358719534477,8.184035301208496,0.17997248470783234,0.17170004546642303,0.1668921262025833,0.16245664656162262,0.14496655762195587,0.07897642999887466,-0.075775645673275,-0.7422198057174683,-0.8306680917739868,-0.8190833926200867,-0.7731348276138306,-0.551443338394165,-0.25905224680900574,-0.15835854411125183,-0.15362142026424408,0.2353297919034958,1.0374343395233154,209.22906494140625,369.9075012207031,0.32449358719534477,Inhibitory (Mouse),Inhibitory
566761793,Mouse,aspiny,Chrna2-Cre_OE25,5,0.7641692910399723,0.7253416926100161,-0.47400102061446237,0.00992326665469797,0.17800765290501833,7.804500579833984,0.1872074455022812,0.3845517039299011,0.43676427006721497,0.3578146696090698,0.09651870280504227,-0.026200832799077034,0.041769664734601974,0.4758628308773041,0.023829035460948944,-0.4632818102836609,-0.40213432908058167,-0.3104182183742523,-0.32769107818603516,-0.2551621198654175,-0.049524977803230286,0.021534806117415428,1.3724194765090942,89.97059631347656,189.80999755859375,0.17800765290501833,Other (Mouse),Inhibitory
567736655,Human,spiny,,5,0.5586877837474414,0.6379245023579692,-0.6478855838463689,0.0163176036227943,0.09780831135906418,7.981879234313965,0.17240479588508606,0.35059651732444763,0.3958743214607239,0.3484300374984741,0.21354883909225464,0.13064008951187134,0.09160733222961426,-0.8198486566543579,-0.7742912173271179,-0.007030194625258446,0.24506741762161255,0.01998547837138176,-0.3607734143733978,-0.6194471120834351,-0.7897903323173523,-0.04672132804989815,1.6646977663040161,110.0325927734375,169.8300018310547,0.09780831135906418,Excitatory (Human),Excitatory
480999763,Mouse,aspiny,Htr3a-Cre_NO152,2/3,0.8190698932751923,0.8357830141544281,-0.2951854555421435,0.00897763096504091,0.24076625304629504,8.073822975158691,0.0784933865070343,0.06986495852470398,0.05830327793955803,0.047633394598960876,0.03958124667406082,0.03619840368628502,0.03726644068956375,-0.10901754349470139,-0.14355529844760895,-0.10534612089395523,-0.07442227751016617,-0.0577298067510128,-0.055198196321725845,-0.05820434167981148,-0.060336872935295105,0.03872097656130791,1.2352391481399536,50.17048263549805,169.95750427246094,0.24076625304629504,Inhibitory (Mouse),Inhibitory
561437013,Human,spiny,,5,0.6290922980631791,0.6001036482678996,-0.5318626294648399,0.01671327171861115,0.08787346221440995,8.101740837097168,0.2291756570339203,0.28172215819358826,0.2886340916156769,0.29567691683769226,0.24653971195220947,0.14584195613861084,0.0776238813996315,0.9874968528747559,0.05700327455997467,-0.7917373776435852,-0.8721198439598083,-0.6701132655143738,-0.4746783673763275,-0.5070030689239502,-0.5420224666595459,-0.08509917557239532,1.6847596168518066,90.3334732055664,169.8300018310547,0.08787346221440995,Excitatory (Human),Excitatory
571709783,Human,aspiny,,3,0.9413006815536555,0.9625715099074719,-0.6297153502201966,0.009100415934301543,0.16539171705049752,8.09571647644043,0.12214300036430359,0.13873286545276642,0.13025811314582825,0.10011380910873413,0.05643496289849281,0.016706209629774094,-0.026852790266275406,-0.8206650018692017,-0.5826612114906311,-0.21411021053791046,-0.10132201015949249,-0.10241737216711044,-0.10409487783908844,-0.042397335171699524,0.014508930034935474,-0.0045913951471447945,1.566733956336975,169.8531494140625,269.7300109863281,0.16539171705049752,Inhibitory (Human),Inhibitory
488569196,Mouse,spiny,Rorb-IRES2-Cre,5,0.780564868922214,0.8063802482291792,-0.5532321113133364,0.005271675869671948,0.15160921814367748,7.948493957519531,-0.023503514006733894,0.012371850199997425,0.047419216483831406,0.06573981046676636,0.05681319162249565,0.036397553980350494,0.006526400800794363,-0.5188815593719482,-1.0175764560699463,-1.088050127029419,-0.7351114749908447,-0.4215747117996216,-0.2685219347476959,-0.21608245372772217,-0.1912645399570465,0.31602489948272705,1.1928942203521729,149.43519592285156,269.9324951171875,0.15160921814367748,Excitatory (Mouse),Excitatory
545192313,Human,aspiny,,4,0.8859039079719542,0.9347526015671868,-0.2632116476190742,0.009495002067713344,0.1455841418105977,8.011178016662598,0.011038168333470821,0.010801645927131176,0.010580124333500862,0.010341405868530273,0.009850295260548592,0.009295702911913395,0.008616331033408642,-0.014144212938845158,-0.01517582405358553,-0.016953393816947937,-0.019020963460206985,-0.019701939076185226,-0.019629336893558502,-0.020593605935573578,-0.021706918254494667,-0.010289945639669895,1.3424776792526245,49.96030807495117,189.80999755859375,0.1455841418105977,Inhibitory (Human),Inhibitory
471800189,Mouse,spiny,Ntsr1-Cre_GN220,6a,0.7420847377301059,0.763513530895959,-0.6735359438690057,0.0026837657123556908,0.18290622443600296,7.887069225311279,-0.13801488280296326,-0.13606169819831848,-0.11005216091871262,-0.0821290984749794,-0.036351241171360016,0.00952653307467699,0.05458873137831688,-1.9762485027313232,-1.475441575050354,-0.8720260262489319,-0.550368070602417,-0.3862096071243286,-0.3054612874984741,-0.27300018072128296,-0.2568115293979645,0.31044715642929077,1.0741186141967773,289.6444396972656,429.89251708984375,0.18290622443600296,Excitatory (Mouse),Excitatory
569424261,Mouse,spiny,Nr5a1-Cre,4,0.5347019972587514,0.6222992861598337,-0.8974563083635433,0.15049459252756042,0.03910333854919738,8.276237487792969,0.3185434937477112,0.3505558967590332,0.34121522307395935,0.2900159955024719,0.17391759157180786,0.08993270993232727,0.04997549578547478,-0.0811503678560257,-0.1725739985704422,-0.2413802295923233,-0.2965593934059143,-0.3627879023551941,-0.4633132219314575,-0.4716402292251587,-0.43452784419059753,-0.21219126880168915,5.344658851623535,170.39120483398438,189.80999755859375,0.03910333854919738,Excitatory (Mouse),Excitatory
569809287,Mouse,aspiny,Vip-IRES-Cre,4,0.8716179791568781,0.7770747826622215,-0.5003921838273385,0.01586916463223474,0.09877189007320666,8.337000846862793,0.4353562295436859,0.4857909381389618,0.45689937472343445,0.3492436707019806,0.16734860837459564,0.07259785383939743,0.053607143461704254,0.6961074471473694,-0.13186882436275482,-0.06262235343456268,0.2187093049287796,0.06991218775510788,-0.3992217481136322,-0.5864763855934143,-0.6442304253578186,-0.004741235636174679,1.7355477809906006,94.97946166992188,189.80999755859375,0.09877189007320666,Inhibitory (Mouse),Inhibitory
529807751,Human,aspiny,,3,0.9170157089383925,0.9194672332270082,-0.6553419749380022,0.010319605356259542,0.1369927569189323,8.084178924560547,0.09752105176448822,0.11035555601119995,0.10699790716171265,0.08678583055734634,0.04712444171309471,0.005378461442887783,-0.05031054839491844,-0.6657103896141052,-0.4906441271305084,-0.31819531321525574,-0.2865144908428192,-0.2516845762729645,-0.11350955069065094,0.01162987481802702,0.10974720120429993,0.020612793043255806,1.7290728092193604,189.8595428466797,289.7099914550781,0.1369927569189323,Inhibitory (Human),Inhibitory
534141324,Mouse,aspiny,Sst-IRES-Cre,6a,0.8973196745755373,0.9150889333152302,-0.7935114096734671,0.006171526722564448,0.17040954184366316,8.014264106750488,0.045670561492443085,0.0922970399260521,0.07173580676317215,0.03341199830174446,0.022352226078510284,0.016951747238636017,-0.004741985350847244,-1.6506192684173584,-1.2231982946395874,-0.6412610411643982,-0.5016956925392151,-0.43980079889297485,-0.2696966230869293,-0.12609322369098663,-0.022689569741487503,-0.04788803309202194,1.5506412982940674,309.1622619628906,389.6099853515625,0.17040954184366316,Inhibitory (Mouse),Inhibitory
485955982,Mouse,spiny,Rbp4-Cre_KL100,5,0.582958273968185,0.6240752256656033,-0.6842415292741998,0.008729655837079811,0.1554507644680003,8.365175247192383,0.49184656143188477,0.5284978747367859,0.4668982923030853,0.36131930351257324,0.2177450954914093,0.12565678358078003,0.10803045332431793,-0.016118846833705902,-0.45296797156333923,-0.3804175853729248,-0.4402790069580078,-0.6477643847465515,-0.8875364065170288,-0.9554462432861328,-0.981974184513092,6.740408935002051e-06,1.2877188920974731,129.973388671875,189.95249938964844,0.1554507644680003,Excitatory (Mouse),Excitatory
579672464,Mouse,aspiny,Pvalb-IRES-Cre,4,0.9039788050207017,0.8982056781946036,-0.448914490070648,0.004786628756738855,0.20312355274462074,8.05455493927002,0.05298055708408356,0.05001302808523178,0.04764019325375557,0.043424420058727264,0.024981345981359482,-0.007313314825296402,-0.04872364178299904,-0.07073093950748444,-0.050835978239774704,-0.0379033125936985,-0.027166731655597687,-0.005140566732734442,0.03304687514901161,0.03425246477127075,0.018123220652341843,0.06815116107463837,1.136264681816101,121.0903549194336,269.7300109863281,0.20312355274462074,Inhibitory (Mouse),Inhibitory
573086094,Mouse,spiny,Glt25d2-Cre_NF107,6b,0.639029490025474,0.7861395402497052,-0.5838047396422346,0.04068639681023369,0.06166397523969416,8.071529388427734,0.18097572028636932,0.21236024796962738,0.21216385066509247,0.16246631741523743,0.07952526956796646,0.04797213897109032,0.05514044687151909,0.4440464675426483,0.10820501297712326,-0.37652266025543213,-0.4613310992717743,-0.3872652053833008,-0.371572881937027,-0.3628283739089966,-0.3582117259502411,-0.19096039235591888,2.7789719104766846,110.84844207763672,189.80999755859375,0.06166397523969416,Excitatory (Mouse),Excitatory
323475862,Mouse,aspiny,Sst-IRES-Cre,5,0.6064888202604211,0.6382562964931638,-0.5256454426586322,0.007135618964312218,0.1380457362089521,8.403311729431152,0.4282234013080597,0.4191361963748932,0.3287986218929291,0.18796271085739136,0.06648111343383789,0.03253056854009628,0.0221975427120924,0.980551540851593,0.6420609354972839,0.39027321338653564,-0.12476105988025665,-0.7420068979263306,-1.2239590883255005,-1.3525662422180176,-1.3932316303253174,-0.051275040954351425,1.2239711284637451,110.3605728149414,209.94749450683594,0.1380457362089521,Inhibitory (Mouse),Inhibitory
583817628,Mouse,aspiny,Htr3a-Cre_NO152,1,0.8304992011362389,0.8506905377186667,-0.44449846839070783,0.005363200342308602,0.1532330331192082,8.058479309082031,0.08182528614997864,0.09528867155313492,0.08953627943992615,0.0823354721069336,0.07267020642757416,0.026281023398041725,-0.03502640128135681,-0.975203275680542,-0.8370393514633179,-0.7337254881858826,-0.6638598442077637,-0.5231229662895203,-0.23847119510173798,-0.0290802251547575,0.12838371098041534,-0.003939888905733824,1.2027535438537598,119.89459228515625,269.7300109863281,0.1532330331192082,Inhibitory (Mouse),Inhibitory
575920560,Mouse,aspiny,Vip-IRES-Cre,2/3,0.7927254957823797,0.802481911514562,-0.5622477957336265,0.01835018067286889,0.08784621290583929,7.63809061050415,-0.2304653376340866,-0.019817961379885674,0.034325022250413895,0.03809173405170441,0.037475865334272385,0.019038470461964607,0.039210524410009384,-1.5659239292144775,-1.1921777725219727,-0.3622439503669739,-0.12686191499233246,-0.15135467052459717,-0.267535924911499,-0.2930448651313782,-0.2756909132003784,0.18467502295970917,2.2247684001922607,151.689208984375,269.7300109863281,0.08784621290583929,Inhibitory (Mouse),Inhibitory
466827702,Mouse,spiny,Scnn1a-Tg3-Cre,5,0.7899487068350112,0.792080293590358,-0.8116271820997869,0.025286680270755924,0.06533764666341511,8.123382568359375,0.2256094217300415,0.3048902750015259,0.310894638299942,0.25977352261543274,0.1453096568584442,0.07279983907938004,0.02186688221991062,-1.077692985534668,-0.46683600544929504,-0.10031189024448395,-0.004226795397698879,-0.16069433093070984,-0.6602569222450256,-0.8727474212646484,-0.966962993144989,0.09462720155715942,2.3040995597839355,170.4080352783203,209.94747924804688,0.06533764666341511,Excitatory (Mouse),Excitatory
578894262,Mouse,spiny,Oxtr-T2A-Cre,6a,0.6390783725238717,0.7777923373952724,-0.7164336474189151,0.06182547649780329,0.05876725112656857,8.001362800598145,0.08676939457654953,0.09407047182321548,0.09111079573631287,0.09819016605615616,0.06533678621053696,0.027875669300556183,0.022016776725649834,-0.17880207300186157,-0.24901486933231354,-0.39695674180984497,-0.5906562805175781,-0.6432349681854248,-0.46389415860176086,-0.44536134600639343,-0.4599407911300659,-0.16421206295490265,3.6014394760131836,150.32757568359375,209.7899932861328,0.05876725112656857,Excitatory (Mouse),Excitatory
485161419,Mouse,spiny,Sst-IRES-Cre,4,0.6366712896162872,0.5027113861933384,-0.9100483058124628,0.008071451284865507,0.3266604764506323,7.708250999450684,0.07311908900737762,0.3116546869277954,0.36954012513160706,0.3239921033382416,0.17543083429336548,0.08055642247200012,0.035508397966623306,0.21654480695724487,-0.2970261573791504,-0.4038165509700775,-0.3938457667827606,-0.3959493637084961,-0.4375932216644287,-0.3838913142681122,-0.28715401887893677,-0.043141454458236694,1.3017606735229492,191.064208984375,209.94747924804688,0.3266604764506323,Inhibitory (Mouse),Excitatory
614767057,Mouse,aspiny,Pvalb-T2A-FlpO|Vipr2-IRES2-Cre,2/3,0.9500926674830624,0.9530350345499009,-0.695582023852195,0.003993169762333884,0.27560736974124567,8.044966697692871,0.09312428534030914,0.10304197669029236,0.0892229676246643,0.05567391216754913,0.03244657814502716,0.017942996695637703,-0.025300893932580948,-0.17872309684753418,-0.2541624903678894,-0.2686011791229248,-0.2879803776741028,-0.3065640330314636,-0.18283717334270477,-0.04438973218202591,0.058240361511707306,-0.27785760164260864,1.1473571062088013,229.38973999023438,329.6700134277344,0.27560736974124567,Inhibitory (Mouse),Inhibitory
329554392,Mouse,spiny,Rorb-IRES2-Cre,5,0.5822607732258557,0.6456213496716853,-0.6552282154663042,0.01163925397906289,0.0875890901481809,8.332853317260742,0.34160685539245605,0.29294440150260925,0.2681461572647095,0.22536924481391907,0.10245312750339508,-0.00959672499448061,-0.07829868793487549,-0.8248676061630249,-1.1072179079055786,-1.3190966844558716,-0.6592358946800232,-0.45310091972351074,-0.5699446797370911,-0.7291226983070374,-0.8432660102844238,-0.08903716504573822,1.635958194732666,150.67274475097656,229.9425048828125,0.0875890901481809,Excitatory (Mouse),Excitatory
324532703,Mouse,spiny,Scnn1a-Tg2-Cre,2/3,0.6541576814852961,0.6445079645838847,-0.7448821573325698,0.040672041914772104,0.06547478978336725,8.200592994689941,0.1790655255317688,0.1519659161567688,0.1330740749835968,0.11421950161457062,0.06252947449684143,0.0023597015533596277,-0.02496243454515934,-0.8334531784057617,-0.8231303691864014,-0.7456846237182617,-0.564700722694397,-0.3577115833759308,-0.2971600592136383,-0.33459827303886414,-0.3865843415260315,0.1470402181148529,3.982226848602295,290.4530334472656,389.9024963378906,0.06547478978336725,Excitatory (Mouse),Excitatory
474626527,Mouse,aspiny,Htr3a-Cre_NO152,4,0.7802895601184249,0.7507861851721099,-0.4550103630031926,0.025412100429881262,0.08542724042335033,8.121840476989746,0.15196725726127625,0.14648042619228363,0.13732057809829712,0.07019476592540741,0.0001877378235803917,-0.012660718522965908,0.006327355746179819,0.1863221824169159,-0.4944373667240143,-0.42616045475006104,-0.17756551504135132,-0.1245407983660698,-0.12152139097452164,-0.0772712454199791,0.01049495767802,0.03237058222293854,1.6717153787612915,50.039676666259766,109.97250366210938,0.08542724042335033,Inhibitory (Mouse),Inhibitory
586078695,Mouse,aspiny,Slc32a1-T2A-FlpO|Vipr2-IRES2-Cre,2/3,0.9461244147541218,0.9387631403732835,-0.7210874482977021,0.005835057602720019,0.29345082321758365,7.718390941619873,-0.14126279950141907,-0.016702573746442795,0.060661930590867996,0.10446019470691681,0.09375011920928955,0.04917600750923157,-0.030858241021633148,-0.5902172923088074,-0.4306372106075287,-0.3133101165294647,-0.2256019562482834,-0.14764676988124847,-0.09486369043588638,-0.08137068897485733,-0.07683752477169037,0.22576916217803955,1.6552143096923828,338.6231384277344,469.52996826171875,0.29345082321758365,Other (Mouse),Inhibitory
527890930,Human,aspiny,,3,0.8063845797823532,0.7883332863130681,-0.5618249356076604,0.007079484459737602,0.12787357497688204,7.937417030334473,0.06240510568022728,0.1103111132979393,0.1719738095998764,0.17000150680541992,0.11656405031681061,0.04889506474137306,-0.010115987621247768,-0.14525552093982697,-0.3434247672557831,-0.46325603127479553,-0.41092178225517273,-0.3277445435523987,-0.2843744456768036,-0.30042892694473267,-0.3283957839012146,-0.18354478478431702,1.2754031419754028,129.12420654296875,229.77000427246094,0.12787357497688204,Inhibitory (Human),Inhibitory
564410881,Mouse,aspiny,Ndnf-IRES2-dgCre,1,0.8180416712263526,0.7904124038673589,-0.6810599992869455,0.034652281449104975,0.06859493429154152,8.035162925720215,0.06593862920999527,0.10303007811307907,0.12706926465034485,0.14160102605819702,0.12638968229293823,0.08166955411434174,0.0323566272854805,-0.5292792916297913,-0.6547287702560425,-0.6113978028297424,-0.2692149579524994,-0.11649622023105621,-0.15326298773288727,-0.25428661704063416,-0.3584708273410797,0.09086879342794418,2.9418373107910156,170.1029815673828,249.74998474121094,0.06859493429154152,Inhibitory (Mouse),Inhibitory
569317896,Mouse,spiny,Htr3a-Cre_NO152,4,0.7517094923804744,0.7680415146317288,-0.9315207463875719,0.02472306662160229,0.10968828344856525,8.08382797241211,0.09492285549640656,0.12736031413078308,0.14410273730754852,0.11872909218072891,0.056187499314546585,0.014234792441129684,-0.012714664451777935,-0.6609175205230713,-0.7167012691497803,-0.5185450911521912,-0.30251356959342957,-0.2066284567117691,-0.19715817272663116,-0.20328055322170258,-0.22121573984622955,0.039994560182094574,2.676288366317749,269.8724670410156,289.7099914550781,0.10968828344856525,Inhibitory (Mouse),Excitatory
599177740,Mouse,spiny,Tlx3-Cre_PL56,5,0.635357402618661,0.5997174788203298,-0.952742173276623,0.25267939816397267,0.04253668001722752,8.027841567993164,0.027585214003920555,0.025053007528185844,0.024741100147366524,0.022607678547501564,0.01341355498880148,0.003885611891746521,-0.0011583749437704682,0.01856931671500206,-0.2025703340768814,-0.2584812641143799,-0.1564469337463379,-0.04960031434893608,-0.02109622023999691,-0.0231764018535614,-0.028721261769533157,-0.0020157191902399063,7.2807698249816895,199.8757781982422,209.7899932861328,0.04253668001722752,Excitatory (Mouse),Excitatory
575937040,Mouse,aspiny,Vip-IRES-Cre,6a,0.5358650061730352,0.5531101663689412,-0.17673799480153066,0.009546421232829238,0.15524989955331492,8.054515838623047,0.05359925329685211,0.05143807828426361,0.05064859986305237,0.05009479075670242,0.04652968794107437,0.04180530831217766,0.03953707963228226,-0.2461378574371338,-0.271495521068573,-0.2897387742996216,-0.27249589562416077,-0.19093967974185944,-0.09191017597913742,-0.05383786931633949,-0.03417185693979263,0.021864309906959534,1.2732905149459839,30.015892028808594,169.8300018310547,0.15524989955331492,Inhibitory (Mouse),Inhibitory
524876305,Mouse,sparsely spiny,Vip-IRES-Cre,2/3,0.774745921485645,0.8374092104544744,-0.3914094331330608,0.0076225308601309315,0.15899322943231645,8.044061660766602,0.03628876060247421,0.021754758432507515,0.013499311171472073,0.01767268218100071,0.023991595953702927,0.021139929071068764,0.01642214134335518,-0.28158336877822876,-0.2925992012023926,-0.2993394434452057,-0.3014999032020569,-0.29221516847610474,-0.25185680389404297,-0.22790031135082245,-0.21465329825878143,0.01338090468198061,1.3234156370162964,89.934326171875,229.77000427246094,0.15899322943231645,Inhibitory (Mouse),Sparsely Spiny
563796500,Mouse,aspiny,Chat-IRES-Cre-neo,2/3,0.5032792636255998,0.553579505638864,-0.20038350812041214,0.004526028206764605,0.20982237277210178,8.02160930633545,0.0196137223392725,0.017283523455262184,0.017560606822371483,0.019033141434192657,0.021948855370283127,0.02491806261241436,0.02855093963444233,-0.2731046974658966,-0.26196712255477905,-0.24827434122562408,-0.2328920066356659,-0.3966972827911377,-0.12674765288829803,-0.09201112389564514,-0.06132727116346359,0.020160464569926262,1.0631911754608154,50.04618453979492,249.74998474121094,0.20982237277210178,Other (Mouse),Inhibitory
479492633,Mouse,spiny,Rorb-IRES2-Cre,5,0.8064391999264513,0.7409255760832677,-0.8095230377406393,0.011686640611902506,0.1528844635291872,8.411447525024414,0.48029136657714844,0.49891892075538635,0.45330196619033813,0.3499474823474884,0.1506839543581009,0.03216385841369629,-0.01320979930460453,-0.42831841111183167,-0.041630931198596954,-0.019977856427431107,-0.16019661724567413,-0.29000723361968994,-0.472484290599823,-0.5842100381851196,-0.6789636015892029,1.1111267667729408e-05,1.5663909912109375,169.9573211669922,209.94747924804688,0.1528844635291872,Excitatory (Mouse),Excitatory
320207387,Mouse,spiny,Scnn1a-Tg3-Cre,4,0.7892864750193044,0.823072427204149,-0.7416759797119031,0.007068548485982464,0.15479085433716552,7.934220314025879,-0.04044155403971672,0.0010164417326450348,0.05154605209827423,0.07934290915727615,0.026515308767557144,-0.004986080806702375,-0.0016301180003210902,-1.219922661781311,-1.196281909942627,-0.9905014038085938,-0.7891042232513428,-0.5349904298782349,-0.2823268473148346,-0.1954784244298935,-0.1427447646856308,-0.007656641770154238,1.4801020622253418,229.86212158203125,309.9224853515625,0.15479085433716552,Excitatory (Mouse),Excitatory
507918877,Mouse,spiny,Ntsr1-Cre_GN220,6a,0.7179747922858867,0.7458653575402273,-0.4759536695105021,0.015415481466511949,0.07394108965505022,7.7924041748046875,-0.256784051656723,-0.17540912330150604,-0.0009813983924686909,0.0766926035284996,0.022962912917137146,-0.007082738913595676,0.005197429563850164,-0.13945136964321136,-1.3796539306640625,-1.2303632497787476,-0.6599103808403015,-0.22796513140201569,-0.1018647775053978,-0.1290920227766037,-0.14974051713943481,0.5202739238739014,2.0391218662261963,128.64967346191406,269.7300109863281,0.07394108965505022,Excitatory (Mouse),Excitatory
578517537,Mouse,spiny,Nr5a1-Cre,2/3,0.5895198290529418,0.5989791691333349,-0.5294321463862717,0.016291448917217528,0.08893244602467437,8.276567459106445,0.333635151386261,0.35528725385665894,0.3110848069190979,0.21735107898712158,0.10745871067047119,0.050181131809949875,0.023379884660243988,-0.081792913377285,-0.05155064910650253,0.16568520665168762,0.0920906588435173,-0.1770818531513214,-0.3786543607711792,-0.37748920917510986,-0.3226505517959595,0.011606753803789616,1.6633630990982056,89.9135971069336,169.8300018310547,0.08893244602467437,Excitatory (Mouse),Excitatory
584219169,Mouse,aspiny,Oxtr-T2A-Cre,4,0.7883454033813615,0.9059743274681956,-0.7391660906242025,0.018561920848456682,0.09075184271616629,8.041300773620605,0.039772290736436844,0.03487255424261093,0.030323566868901253,0.02560374140739441,0.01763295941054821,0.01113494485616684,0.00949486717581749,-0.22854667901992798,-0.21615104377269745,-0.21105574071407318,-0.18433807790279388,-0.12870819866657257,-0.07518202066421509,-0.057919710874557495,-0.04975020885467529,-1.100678367893515e-10,2.065181016921997,169.83819580078125,229.77000427246094,0.09075184271616629,Other (Mouse),Inhibitory
593312295,Mouse,aspiny,Gad2-IRES-Cre,1,0.8307001979831652,0.8362558702698297,-0.3069086223483028,0.006806065784595367,0.1916446754401629,7.8637189865112305,-0.020879581570625305,0.026349535211920738,0.051207635551691055,0.04556792974472046,0.008080779574811459,-0.006780880503356457,0.02702205255627632,-0.7537610530853271,-0.7492748498916626,-0.6054158806800842,-0.41981324553489685,-0.255983829498291,-0.11116331070661545,-0.013087714090943336,0.06478163599967957,-0.06541477143764496,1.250531792640686,70.52267456054688,229.77000427246094,0.1916446754401629,Other (Mouse),Inhibitory
517077548,Mouse,spiny,Ntsr1-Cre_GN220,5,0.6669704236559669,0.6422849968341245,-0.7012307474377373,0.00434635491448155,0.11835832272057141,8.212617874145508,0.07559315860271454,0.008082355372607708,0.01566332019865513,0.05775212123990059,0.10983822494745255,0.06791043281555176,-0.08784657716751099,-2.81579852104187,-2.6021792888641357,-2.243220329284668,-1.7539634704589844,-1.1918047666549683,-0.4884319007396698,-0.19450929760932922,-0.09146283566951752,-0.1777605265378952,1.6274597644805908,427.3546142578125,609.3900146484375,0.11835832272057141,Excitatory (Mouse),Excitatory
566647353,Mouse,aspiny,Nos1-CreERT2,2/3,0.6836288373423428,0.7837935414416837,-0.6769761200807297,0.00445759268011292,0.16627481235885444,8.039627075195312,0.04127899929881096,0.04069327190518379,0.042615052312612534,0.04649153724312782,0.05231069028377533,0.05491560697555542,0.055506814271211624,-0.24406015872955322,-0.15529300272464752,-0.18013806641101837,-0.20004448294639587,-0.2083960622549057,-0.1803101897239685,-0.16049647331237793,-0.15952405333518982,-5.103846859033645e-11,0.8700764179229736,114.97085571289062,169.8300018310547,0.16627481235885444,Other (Mouse),Inhibitory
510114363,Mouse,spiny,Ctgf-T2A-dgCre,6b,0.6214995256323662,0.636400669106114,-0.9024270486439885,0.01805195835570971,0.10743224892651922,7.873502731323242,-0.09546372294425964,0.032886210829019547,0.08075981587171555,0.08417552709579468,0.05838169530034065,0.042832665145397186,0.018021905794739723,-1.0002591609954834,-1.0898545980453491,-1.0629920959472656,-0.4395905137062073,-0.36332565546035767,-0.2970096468925476,-0.23581884801387787,-0.18536345660686493,-5.856368807144463e-05,2.719172954559326,369.6250915527344,409.5899963378906,0.10743224892651922,Excitatory (Mouse),Excitatory
501570114,Mouse,aspiny,Vip-IRES-Cre,4,0.7705666474154856,0.7313134277089792,-0.33331347024101055,0.006168624699219407,0.13579683272899512,8.007246017456055,0.006731240078806877,0.005176244769245386,0.004638980608433485,0.0046148961409926414,0.004636732395738363,0.004834191873669624,0.005008623003959656,-0.035236019641160965,-0.035295672714710236,-0.03519454970955849,-0.035161443054676056,-0.03496718779206276,-0.03364540636539459,-0.03222167119383812,-0.031075166538357735,-0.001992918085306883,1.137592077255249,69.92583465576172,209.7899932861328,0.13579683272899512,Inhibitory (Mouse),Inhibitory
502143555,Mouse,spiny,Rorb-IRES2-Cre,5,0.7192608959168605,0.6253365670474917,-0.5816412855189983,0.0595984458231435,0.0581833889217425,8.084696769714355,0.17361950874328613,0.2600512206554413,0.2553095519542694,0.18314228951931,0.11428309231996536,0.04404217004776001,-0.013877710327506065,-0.40902644395828247,-0.3105287253856659,-0.14325636625289917,-0.1782435178756714,-0.2617926597595215,-0.30381593108177185,-0.27223119139671326,-0.2582904100418091,0.16916239261627197,3.3633882999420166,110.42994689941406,189.80999755859375,0.0581833889217425,Excitatory (Mouse),Excitatory
595999306,Human,sparsely spiny,,1,0.4405001955206773,0.5405192901442593,-0.18062496775286577,0.013898839020986539,0.09107239198723197,8.00382137298584,0.0037878577131778,0.0037936028093099594,0.003855872666463256,0.003875223221257329,0.0026576025411486626,1.7103847085309098e-06,-0.0034778716508299112,-0.03108772449195385,-0.032086052000522614,-0.03284445405006409,-0.03320181742310524,-0.03309585526585579,-0.032073989510536194,-0.031040219590067863,-0.03024004027247429,-0.09712959825992584,1.5363723039627075,30.684972763061523,169.8300018310547,0.09107239198723197,Other (Human),Sparsely Spiny
509516379,Mouse,aspiny,Pvalb-IRES-Cre,4,0.9542980993794008,0.9211103139393774,-0.6424727714876435,0.004181745477792614,0.3651255447673472,8.027205467224121,0.029740875586867332,0.03270248696208,0.03550275042653084,0.03637973964214325,0.029351841658353806,0.01300854329019785,-0.015159163624048233,-0.10522347688674927,-0.10141263902187347,-0.08356532454490662,-0.06280568987131119,-0.02670050598680973,-0.009029907174408436,-0.011611882597208023,-0.02641884796321392,-0.281868040561676,1.3710957765579224,288.903076171875,449.54998779296875,0.3651255447673472,Inhibitory (Mouse),Inhibitory
469801569,Mouse,aspiny,Pvalb-IRES-Cre,5,0.9688726253782158,0.9621658114567935,-0.6430913268710708,0.004339027310966854,0.24117992939215818,7.8747944831848145,-0.03328651189804077,0.037073079496622086,0.08382738381624222,0.12241330742835999,0.1296197921037674,0.08083454519510269,-0.021268146112561226,-0.4860899746417999,-0.5725758671760559,-0.5479632616043091,-0.4643523097038269,-0.3378579616546631,-0.1994737833738327,-0.16078096628189087,-0.18149936199188232,0.26659777760505676,1.3971664905548096,289.38983154296875,449.88751220703125,0.24117992939215818,Inhibitory (Mouse),Inhibitory
529988200,Human,spiny,,6,0.3091133639658073,0.5582861090199466,-0.6841757006052066,0.010518989605940646,0.13766804105260882,8.183778762817383,0.18717850744724274,0.18036054074764252,0.17003142833709717,0.15708619356155396,0.13281595706939697,0.10482935607433319,0.07101837545633316,-0.014369686134159565,-0.07365695387125015,-0.2461012899875641,-0.3622417449951172,-0.5079914927482605,-0.7131097316741943,-0.8343430161476135,-0.9196909666061401,1.3356499066474736e-11,1.41301429271698,129.86338806152344,189.80999755859375,0.13766804105260882,Excitatory (Human),Excitatory
528611949,Human,spiny,,5,0.6917264767667834,0.6967182502753234,-0.4769499402249279,0.03955630139423525,0.06595502078638316,7.964953422546387,0.05740479752421379,0.10843385010957718,0.1554695963859558,0.18022669851779938,0.1351454257965088,0.06888721138238907,-0.002824443392455578,1.746141791343689,0.8322619795799255,-0.6895734071731567,-0.6820520758628845,-0.07904907315969467,-0.15739212930202484,-0.3205622136592865,-0.4220799505710602,0.15387040376663208,2.7401061058044434,90.55354309082031,189.80999755859375,0.06595502078638316,Excitatory (Human),Excitatory
510106222,Mouse,spiny,Ctgf-T2A-dgCre,6b,0.7572875309674391,0.7175319259008214,-0.8399577458291844,0.012533694374708124,0.14397811532647017,7.681962013244629,0.08700647205114365,0.20898360013961792,0.2101515829563141,0.16321595013141632,0.10231129080057144,0.07429446280002594,0.06019767001271248,-0.3884913921356201,-0.38987261056900024,-0.35274121165275574,-0.33874741196632385,-0.3807871639728546,-0.46570494771003723,-0.4965742826461792,-0.5228627920150757,9.019567528412153e-07,1.7692625522613525,209.77943420410156,249.74998474121094,0.14397811532647017,Excitatory (Mouse),Excitatory
486029942,Mouse,spiny,Cux2-CreERT2,4,0.6967226611378082,0.7339485679315457,-0.6370432713711796,0.004635969372940637,0.16165114357677035,8.123266220092773,0.16883420944213867,0.19955402612686157,0.20480166375637054,0.16803091764450073,0.07887031883001328,0.018180886283516884,-0.024226674810051918,0.4716625213623047,-0.10358979552984238,-0.1671549528837204,-0.1141107976436615,-0.19408681988716125,-0.4423486590385437,-0.6387131810188293,-0.7877853512763977,-0.012492376379668713,0.9384103417396545,121.00811767578125,189.95249938964844,0.16165114357677035,Excitatory (Mouse),Excitatory
488495740,Mouse,aspiny,Rorb-IRES2-Cre,4,0.549936815532908,0.6735359715697754,-0.4155461420548714,0.010845016559840052,0.15298455659147192,8.13741397857666,0.3594653010368347,0.5070334076881409,0.5180104970932007,0.4423294961452484,0.19621768593788147,0.035544779151678085,-0.013537249527871609,-0.12021224945783615,0.24926979839801788,0.1036355122923851,-0.2459828108549118,-0.2355576604604721,-0.4225917458534241,-0.485368013381958,-0.4227660894393921,0.08503268659114838,1.3576420545578003,70.63241577148438,169.95750427246094,0.15298455659147192,Other (Mouse),Inhibitory
516086402,Mouse,spiny,Ntsr1-Cre_GN220,5,0.7942305274538786,0.7456039872565351,-0.6539802754656282,0.004170168587511547,0.1556696925741534,8.11920166015625,0.11615327000617981,0.09930852055549622,0.07533856481313705,0.05641022324562073,0.04552445188164711,0.04406775161623955,0.043140850961208344,-0.8644952178001404,-0.7374652624130249,-0.7357879281044006,-0.8705020546913147,-0.7791963219642639,-0.45988669991493225,-0.3997154235839844,-0.39053159952163696,-0.2720293700695038,1.099153995513916,189.5386199951172,289.7099914550781,0.1556696925741534,Excitatory (Mouse),Excitatory
607124114,Mouse,spiny,Tlx3-Cre_PL56,5,0.7155811276805332,0.594235119433644,-0.5800128867776677,0.027242129085905082,0.0735016973011931,8.280573844909668,0.28576305508613586,0.28538206219673157,0.27984970808029175,0.2691078782081604,0.2125190645456314,0.09176677465438843,-0.038461171090602875,0.36681222915649414,0.008147792890667915,-0.44318845868110657,-0.6834606528282166,-0.7156612873077393,-0.6141645908355713,-0.7030331492424011,-0.8438194990158081,-0.07345997542142868,2.2739455699920654,110.09764099121094,189.80999755859375,0.0735016973011931,Excitatory (Mouse),Excitatory
486111903,Mouse,spiny,Rbp4-Cre_KL100,5,0.7977535524620826,0.6214478691654524,-0.8857597545703433,0.011543511964813888,0.15444893238720486,8.182384490966797,0.17528167366981506,0.16704599559307098,0.14363348484039307,0.08785620331764221,0.014980046078562737,5.139304994372651e-05,0.01809701696038246,-1.1467869281768799,-1.1857240200042725,-1.018074870109558,-0.692293643951416,-0.48267862200737,-0.39926043152809143,-0.3535151481628418,-0.3294816017150879,3.207218518541666e-11,2.0097808837890625,309.93841552734375,349.9125061035156,0.15444893238720486,Excitatory (Mouse),Excitatory
503814817,Mouse,spiny,Ntsr1-Cre_GN220,6a,0.7765628630279461,0.7873394943734745,-0.7710335348402799,0.006759762066149289,0.16052735161333304,8.01602554321289,-0.009507361799478531,-0.037911076098680496,-0.038308411836624146,-0.013065843842923641,0.012630265206098557,0.02265799790620804,0.042457059025764465,-0.2340722531080246,-0.8403538465499878,-0.8794065117835999,-0.8264293670654297,-0.7117846608161926,-0.5168510675430298,-0.4496650993824005,-0.42402297258377075,-0.011821470223367214,1.5373843908309937,269.5920104980469,349.6499938964844,0.16052735161333304,Excitatory (Mouse),Excitatory
556923554,Mouse,aspiny,Ndnf-IRES2-dgCre,5,0.7562742402228038,0.8227436530865113,-0.6844517202201933,0.016240134078768446,0.1547006727622856,8.142186164855957,0.18910540640354156,0.19080588221549988,0.19065862894058228,0.15616834163665771,0.05545591562986374,0.01976410113275051,0.030931849032640457,-0.350125253200531,-0.28842467069625854,-0.4345909655094147,-0.3719332814216614,-0.2882494032382965,-0.31977805495262146,-0.31149357557296753,-0.27501052618026733,-0.007292157504707575,1.755716323852539,129.91583251953125,189.80999755859375,0.1547006727622856,Inhibitory (Mouse),Inhibitory
527579814,Mouse,aspiny,Ndnf-IRES2-dgCre,1,0.7836235274552151,0.7596193973273561,-0.8918893569999297,0.010474699118003078,0.16843552035625953,7.593929767608643,0.00499055115506053,0.21273310482501984,0.25528714060783386,0.24429789185523987,0.15125007927417755,0.06400854140520096,0.02000952884554863,-0.7763605713844299,-0.7116524577140808,-0.43164119124412537,-0.30904942750930786,-0.33365002274513245,-0.39346837997436523,-0.4304450750350952,-0.45554718375205994,-1.670250504405362e-15,1.9676796197891235,329.6690673828125,369.6300048828125,0.16843552035625953,Inhibitory (Mouse),Inhibitory
522418855,Mouse,aspiny,Vip-IRES-Cre,2/3,0.887732018132106,0.892205326422076,-0.48067742386960477,0.011794934787741287,0.1787614264303748,7.832679748535156,0.046832628548145294,0.20491032302379608,0.23700283467769623,0.18291664123535156,0.03382755070924759,-0.027110835537314415,0.025895092636346817,-0.2702329456806183,-0.41797858476638794,-0.2183786928653717,-0.14359354972839355,-0.1651526689529419,-0.2104451060295105,-0.14969652891159058,-0.05164604261517525,0.08084627240896225,1.6462448835372925,110.45178985595703,229.77000427246094,0.1787614264303748,Inhibitory (Mouse),Inhibitory
562682546,Mouse,aspiny,Ndnf-IRES2-dgCre,1,0.6990477473209589,0.7187030060944233,-0.8480020894471499,0.024001930855420777,0.1456933341802962,7.720262050628662,-0.07296723127365112,0.1823410987854004,0.25416281819343567,0.20568127930164337,0.0974913164973259,0.06954008340835571,0.08722423017024994,0.160289466381073,-0.6960084438323975,-0.4851042628288269,-0.3219147324562073,-0.3030149042606354,-0.33038124442100525,-0.33973512053489685,-0.3126981854438782,0.0001012842622003518,2.3483874797821045,194.84544372558594,229.77000427246094,0.1456933341802962,Inhibitory (Mouse),Inhibitory
524090036,Mouse,spiny,Nos1-CreERT2,5,0.7455156253869337,0.7149311339765132,-0.9316096937349234,0.03184093090185123,0.08950059562648298,8.056432723999023,-0.03252409026026726,0.006841894239187241,0.10690902173519135,0.1503005176782608,0.10982701927423477,0.02893662638962269,-0.05900484696030617,-0.552520215511322,-0.6409102082252502,-0.7110148668289185,-0.8423469662666321,-0.634584367275238,-0.2779831886291504,-0.2736724317073822,-0.28884029388427734,0.0007426156662404537,3.0372085571289062,269.8966369628906,289.7099914550781,0.08950059562648298,Excitatory (Mouse),Excitatory
569965244,Mouse,sparsely spiny,Chrna2-Cre_OE25,5,0.692741808280278,0.7389845426899937,-0.8293854180402432,0.011857510710857066,0.11496324854870252,8.244081497192383,0.37397199869155884,0.4444270431995392,0.3632996678352356,0.1928548812866211,0.04031926766037941,0.022386781871318817,0.04677702859044075,-0.8432683944702148,-0.4658384621143341,-0.1300579309463501,-0.0850205346941948,-0.22201940417289734,-0.38773709535598755,-0.41853398084640503,-0.41564908623695374,0.03353291377425194,1.6506060361862183,190.5690155029297,229.77000427246094,0.11496324854870252,Other (Mouse),Sparsely Spiny
587045566,Mouse,aspiny,Chat-IRES-Cre-neo,2/3,0.8039711466289462,0.7206396787221904,-0.48775922000632926,0.014496706557917193,0.08656179993144482,8.115486145019531,0.09348830580711365,0.09638690948486328,0.08526754379272461,0.06205376610159874,0.03278043493628502,0.0035559090320020914,-0.026039091870188713,-1.3810811042785645,-1.3603155612945557,-1.0323480367660522,-0.833094596862793,-0.6787374019622803,-0.31126388907432556,-0.0328863263130188,0.15230201184749603,0.15622979402542114,1.977421760559082,131.58770751953125,269.7300109863281,0.08656179993144482,Other (Mouse),Inhibitory
479492800,Mouse,spiny,Rorb-IRES2-Cre,5,0.6913818317950295,0.632125178912859,-0.8094738340059298,0.01018747003587423,0.17260723224302646,7.890761375427246,0.10749486833810806,0.22069235146045685,0.20270507037639618,0.13659942150115967,0.062149107456207275,0.06158636510372162,0.08060204237699509,-0.3456496596336365,-0.03432653099298477,-0.03342206031084061,-0.18655963242053986,-0.4016759693622589,-0.5481781363487244,-0.5103224515914917,-0.4442991614341736,-7.432274795604599e-09,1.4624751806259155,169.94699096679688,209.94747924804688,0.17260723224302646,Excitatory (Mouse),Excitatory
503823047,Mouse,spiny,Ntsr1-Cre_GN220,6b,0.8167542527043807,0.784472238801187,-0.715000917221383,0.006637469643938945,0.15785145231228342,8.12545394897461,0.22936610877513885,0.2588197886943817,0.25970786809921265,0.2381027340888977,0.1449463814496994,0.06472479552030563,0.0444636270403862,-0.11498447507619858,-0.6252219080924988,-0.8166729211807251,-0.7498151659965515,-0.594153106212616,-0.48798441886901855,-0.4753168821334839,-0.4731150269508362,-0.030392108485102654,1.180031657218933,150.00096130371094,209.7899932861328,0.15785145231228342,Excitatory (Mouse),Excitatory
569072334,Mouse,aspiny,Vipr2-IRES2-Cre,2/3,0.9564580984247595,0.9339211046666892,-0.5238564271837555,0.010854357161830875,0.20722270597211312,8.125897407531738,0.24535444378852844,0.288319855928421,0.24524497985839844,0.15026019513607025,0.02314678393304348,-0.035969819873571396,-0.004033315926790237,-0.1941794604063034,-0.18636620044708252,-0.2417115420103073,-0.2219749540090561,-0.2134685516357422,-0.15345823764801025,-0.03878200054168701,0.06556914746761322,-0.20637889206409454,1.509018063545227,109.94242858886719,209.7899932861328,0.20722270597211312,Other (Mouse),Inhibitory
471087830,Mouse,aspiny,Pvalb-IRES-Cre,6a,0.9795225579888895,0.9781634107677453,-0.6268289347126063,0.002587745450343953,0.5708453305987765,7.923579216003418,-0.06739725917577744,-0.030184568837285042,0.007958824746310711,0.025368064641952515,0.020131872966885567,0.010244672186672688,-0.0005199528532102704,-0.30659258365631104,-0.3057594895362854,-0.2729945480823517,-0.14887164533138275,-0.029020775109529495,-0.009779557585716248,-0.02049497328698635,-0.02785489894449711,1.008178124317638e-10,1.0299079418182373,256.93560791015625,409.8974914550781,0.5708453305987765,Inhibitory (Mouse),Inhibitory
565459685,Mouse,sparsely spiny,Oxtr-T2A-Cre,5,0.8397593591268534,0.8855507712813274,-0.6527185534495665,0.004535515820528295,0.16535878888578612,8.008663177490234,0.019162096083164215,0.012312516570091248,0.014364172704517841,0.037129275500774384,0.06262314319610596,0.044999897480010986,-0.0426274873316288,-1.3254145383834839,-1.2695562839508057,-1.1987099647521973,-1.0493500232696533,-0.7463480234146118,-0.3126250207424164,-0.08610060065984726,0.05143182724714279,-0.2838950753211975,1.2593026161193848,228.3036346435547,349.6499938964844,0.16535878888578612,Other (Mouse),Sparsely Spiny
563002088,Mouse,spiny,Tlx3-Cre_PL56,5,0.8023830783051159,0.7401350979707951,-0.8521147849028944,0.037834515357336,0.06971204186292784,8.029253959655762,-0.004227843135595322,0.0563090443611145,0.15061071515083313,0.2101796418428421,0.14495575428009033,0.05963241308927536,0.0007867873646318913,-0.2593728303909302,-0.8328835368156433,-0.9158782958984375,-0.6690767407417297,-0.40351516008377075,-0.3441139757633209,-0.3659673035144806,-0.39865756034851074,-0.043985188007354736,3.19454288482666,229.84286499023438,269.7300109863281,0.06971204186292784,Excitatory (Mouse),Excitatory
514530024,Mouse,spiny,Nr5a1-Cre,2/3,0.7256349630365391,0.7547618950389375,-0.7145776028793609,0.02083595405446395,0.0853827469473959,8.291498184204102,0.3585796356201172,0.369190514087677,0.3294624984264374,0.26363813877105713,0.16482803225517273,0.08947983384132385,0.04810797795653343,-0.3399929702281952,-0.22559089958667755,-0.12326706945896149,-0.06445050239562988,-0.1177963986992836,-0.36467018723487854,-0.5619151592254639,-0.6830853223800659,-0.0328211635351181,2.09073543548584,149.9123077392578,209.7899932861328,0.0853827469473959,Excitatory (Mouse),Excitatory
466664172,Mouse,aspiny,Sst-IRES-Cre,5,0.6144590982030748,0.5865957891977366,-0.41176472964764577,0.011115757702578262,0.15807774927636212,8.477437019348145,0.4670768976211548,0.4389054775238037,0.4052290618419647,0.3574189245700836,0.2601662576198578,0.1577426791191101,0.18263179063796997,1.2103277444839478,0.6981124877929688,0.27583733201026917,-0.045890673995018005,-0.3288581371307373,-0.7302682995796204,-0.9441255927085876,-0.6237376928329468,1.168862354461453e-06,1.3744840621948242,69.98250579833984,169.95750427246094,0.15807774927636212,Inhibitory (Mouse),Inhibitory
487176969,Mouse,aspiny,Htr3a-Cre_NO152,5,0.8862804139711874,0.8880897826923899,-0.5747100717339758,0.002977879830914942,0.3936522008009784,7.707086086273193,-0.2612941563129425,-0.1311936378479004,-0.0005760827916674316,0.0562521368265152,0.007300838362425566,-0.02181101031601429,0.025272058323025703,-0.9557293653488159,-0.7848181128501892,-0.4349607229232788,-0.13115723431110382,0.041163548827171326,0.01665649376809597,-0.07378354668617249,-0.14433938264846802,0.15653081238269806,0.9606830477714539,178.14007568359375,309.9224853515625,0.3936522008009784,Inhibitory (Mouse),Inhibitory
486791945,Mouse,aspiny,Pvalb-IRES-Cre,2/3,0.9034344288380529,0.8613985717296603,-0.8082075178990628,0.0043819401096131605,0.5168853522445445,7.800010681152344,-0.09277737885713577,0.019194763153791428,0.08552445471286774,0.12755489349365234,0.14014066755771637,0.09812990576028824,-0.003622500691562891,-0.6683172583580017,-0.6164735555648804,-0.4684372544288635,-0.4034810960292816,-0.3234773874282837,-0.2165827751159668,-0.2019663006067276,-0.25415533781051636,1.8125972366927543e-17,1.7882999181747437,589.843994140625,729.8175048828125,0.5168853522445445,Inhibitory (Mouse),Inhibitory
514824979,Mouse,aspiny,Htr3a-Cre_NO152,5,0.6799784384459092,0.7705930114224343,-0.3782095058411466,0.005550799466445097,0.13806216497489526,8.08017349243164,0.07322945445775986,0.06848259270191193,0.06647660583257675,0.06442555040121078,0.059753742069005966,0.05303135886788368,0.0441536009311676,-0.22865146398544312,-0.21082068979740143,-0.19512757658958435,-0.1932734102010727,-0.2004997283220291,-0.20706352591514587,-0.20619143545627594,-0.20377524197101593,0.05913958698511124,1.0264488458633423,71.79144287109375,189.80999755859375,0.13806216497489526,Inhibitory (Mouse),Inhibitory
382982932,Mouse,spiny,Nr5a1-Cre,2/3,0.8219840056444674,0.8122878073803704,-0.8519480397614594,0.012483378284484708,0.14427620236176925,8.066231727600098,0.09117679297924042,0.09596705436706543,0.08612366765737534,0.0718102976679802,0.035332951694726944,0.005176721140742302,-0.006478282622992992,-1.0896422863006592,-0.8881317973136902,-0.5270084142684937,-0.3516630232334137,-0.23612740635871887,-0.16341915726661682,-0.15359580516815186,-0.15232795476913452,-4.817866283701733e-07,1.8356659412384033,229.9684600830078,269.9324951171875,0.14427620236176925,Excitatory (Mouse),Excitatory
561519381,Mouse,aspiny,Nkx2-1-CreERT2,6b,0.7124718125711459,0.7550284294760076,-0.8620988543714929,0.013387617976942644,0.13607671243016997,7.7624311447143555,-0.019825851544737816,0.11990133672952652,0.13068103790283203,0.14045675098896027,0.1448829025030136,0.1119241714477539,0.08517757058143616,-0.43099212646484375,-0.7353721857070923,-0.6127450466156006,-0.5472981333732605,-0.41396063566207886,-0.37094470858573914,-0.48442888259887695,-0.604261040687561,7.520583835685102e-07,1.9693975448608398,249.75865173339844,289.7099914550781,0.13607671243016997,Other (Mouse),Inhibitory
576101141,Human,spiny,,4,0.3379756793154405,0.5325167361790778,-0.5297529824478349,0.013517698741007077,0.1644133272127765,7.843159198760986,0.16162928938865662,0.33649057149887085,0.3857327401638031,0.3926977813243866,0.3765426278114319,0.36432164907455444,0.37838226556777954,0.5249314904212952,0.28701263666152954,0.15927371382713318,-0.0709402933716774,-0.13875052332878113,-0.39139118790626526,-0.47257280349731445,-0.31543391942977905,-0.027877099812030792,1.515160322189331,89.9687271118164,169.8300018310547,0.1644133272127765,Excitatory (Human),Excitatory
314800921,Mouse,spiny,Rorb-IRES2-Cre,5,0.7169618329596394,0.7433817323208192,-0.6797014769188049,0.0073383078946836645,0.15005741196581565,8.196296691894531,0.16225047409534454,0.1088012233376503,0.056858908385038376,0.003727042581886053,-0.021128922700881958,-0.030634060502052307,-0.010661507956683636,-2.0934321880340576,-1.5223748683929443,-1.0611847639083862,-0.7773266434669495,-0.5302000641822815,-0.30588358640670776,-0.19655781984329224,-0.1397191882133484,-0.0033582693431526423,1.3542962074279785,169.8828887939453,249.93748474121094,0.15005741196581565,Excitatory (Mouse),Excitatory
574610205,Mouse,aspiny,Ndnf-IRES2-dgCre,6a,0.5018853281570452,0.5918814507276742,-0.2692212373448256,0.01089847427099605,0.11002639753329543,8.0035982131958,0.0042794556356966496,0.003767993999645114,0.003678824519738555,0.0031893185805529356,0.0014660622691735625,-0.0007828115485608578,-0.0032389559783041477,-0.027410438284277916,-0.03698044642806053,-0.040494874119758606,-0.04107825830578804,-0.04041820764541626,-0.037929780781269073,-0.03559187054634094,-0.03376610949635506,0.11198209971189499,1.4382765293121338,51.11342239379883,189.80999755859375,0.11002639753329543,Inhibitory (Mouse),Inhibitory
570014498,Mouse,aspiny,Vip-IRES-Cre,6a,0.7046734432511341,0.6098790292323801,-0.4758383521401958,0.011494516209388824,0.18344315463524175,8.24522876739502,0.34830442070961,0.40968871116638184,0.38442596793174744,0.2888500392436981,0.15951032936573029,0.10047302395105362,0.11916381865739822,0.8765836358070374,-1.2216720581054688,-0.4308169484138489,0.4831700623035431,0.26596370339393616,-0.3883797228336334,-0.732921838760376,-0.570493757724762,-0.06823229789733887,1.4770829677581787,90.32353210449219,189.80999755859375,0.18344315463524175,Inhibitory (Mouse),Inhibitory
583146274,Mouse,sparsely spiny,Chat-IRES-Cre-neo,2/3,0.646067111146868,0.6927767669177612,-0.2645797871790378,0.011493291710850721,0.11901078237688295,8.0103120803833,0.0105160903185606,0.008762572892010212,0.007658225949853659,0.007264300715178251,0.0063833254389464855,0.0051604039035737514,0.004150272812694311,-0.08612009882926941,-0.09277356415987015,-0.10726150125265121,-0.19110305607318878,-0.06597159802913666,-0.028583664447069168,-0.022505665197968483,-0.01993662863969803,0.055808860808610916,1.4770042896270752,50.22300338745117,189.80999755859375,0.11901078237688295,Other (Mouse),Sparsely Spiny
476093220,Mouse,aspiny,Sst-IRES-Cre,4,0.535214855138017,0.5847938327033186,-0.4588760414184138,0.008842678047272139,0.19662265203060067,7.993791103363037,-0.006650079973042011,-0.006150773726403713,-0.004632506053894758,-0.002734457142651081,-0.002840097527951002,-0.0074776774272322655,-0.01528052520006895,-0.219681054353714,-0.16685155034065247,-0.1321900337934494,-0.12213069200515747,-0.15892252326011658,-0.057137664407491684,-0.03820423036813736,-0.03689534217119217,1.7229586646294592e-09,1.5449680089950562,123.86555480957031,269.9324951171875,0.19662265203060067,Inhibitory (Mouse),Inhibitory
586070820,Mouse,aspiny,Chat-IRES-Cre-neo,2/3,0.8342772939443187,0.8642437533593808,-0.4347648428528045,0.006319524493257805,0.19104590756739673,8.027313232421875,0.05981260910630226,0.10248172283172607,0.11133632063865662,0.08985436707735062,0.052664052695035934,0.0339374914765358,0.018494172021746635,-0.8534623980522156,-0.7251072525978088,-0.4182896614074707,-0.35083574056625366,-0.3907633423805237,-0.471969336271286,-0.503821849822998,-0.5164291262626648,1.2478886012054072e-18,1.2050050497055054,99.89591979980469,229.77000427246094,0.19104590756739673,Other (Mouse),Inhibitory
557202210,Mouse,spiny,Ndnf-IRES2-dgCre,6a,0.7395716274450128,0.7835780747083713,-0.6303892340588576,0.028112471055310742,0.07204279803278171,8.184364318847656,0.13879725337028503,0.0827382355928421,0.08396009355783463,0.10392827540636063,0.14118462800979614,0.09225010871887207,-0.0012052386300638318,-0.20206746459007263,-0.5433839559555054,-0.8597140312194824,-1.1391561031341553,-1.3082852363586426,-0.9257010817527771,-0.7753718495368958,-0.7518647909164429,-0.07605855166912079,2.7536842823028564,170.04067993164062,269.7300109863281,0.07204279803278171,Inhibitory (Mouse),Excitatory
605690670,Mouse,aspiny,Nkx2-1-CreERT2,5,0.7760924249235719,0.8352401241886331,-0.5684619090120167,0.01438609708981901,0.10239137094673299,7.8171210289001465,0.01179592590779066,0.17883315682411194,0.2245948761701584,0.15857477486133575,0.05808541551232338,0.029163016006350517,0.03105599246919155,-0.3569647967815399,-0.5709079504013062,-0.5453152060508728,-0.37143033742904663,-0.2735629379749298,-0.21779364347457886,-0.1642705798149109,-0.10865850746631622,0.10356370359659195,1.8181016445159912,130.626220703125,229.77000427246094,0.10239137094673299,Other (Mouse),Inhibitory
488676149,Mouse,spiny,Ntsr1-Cre_GN220,6a,0.8319807815289536,0.7712473513663293,-0.7777537470260509,0.00888277021705396,0.15310313256666064,7.993266582489014,0.016781384125351906,0.032030440866947174,0.047915298491716385,0.08835732936859131,0.10114048421382904,0.05737189203500748,-0.000833043537568301,-0.5746253728866577,-0.6756318807601929,-0.7157999277114868,-0.7168592214584351,-0.6868942975997925,-0.3573966324329376,-0.26516345143318176,-0.2506798207759857,-7.725725481577683e-07,1.548466444015503,209.94100952148438,269.9324951171875,0.15310313256666064,Excitatory (Mouse),Excitatory
569670455,Mouse,sparsely spiny,Chrna2-Cre_OE25,5,0.7255416473809106,0.7296449316484583,-0.4671240203783348,0.0057953654280977806,0.24262092712250258,7.99662446975708,0.003359877737239003,0.005410200450569391,0.001552749890834093,-0.011834613047540188,-0.017761243507266045,-0.011765574105083942,-0.008011751808226109,-0.001571474364027381,-0.08166434615850449,-0.1297413557767868,-0.1480817198753357,-0.1511339396238327,-0.12307389825582504,-0.08867155760526657,-0.06490588188171387,0.02080208994448185,0.9318988919258118,69.99897003173828,149.85000610351562,0.24262092712250258,Other (Mouse),Sparsely Spiny
490601284,Mouse,spiny,Rbp4-Cre_KL100,4,0.7685173338419058,0.6630060592557859,-0.8291371893163583,0.01231687684336619,0.11124797702506797,7.963748931884766,0.09646233916282654,0.1652478575706482,0.20568415522575378,0.20872843265533447,0.11001531034708023,0.031725019216537476,0.002514396095648408,0.05480155348777771,-0.10646795481443405,-0.2851194143295288,-0.46663814783096313,-0.5501007437705994,-0.6232641339302063,-0.5297920107841492,-0.4756072759628296,0.009707601740956306,1.6829062700271606,190.6539764404297,229.9425048828125,0.11124797702506797,Excitatory (Mouse),Excitatory
593312584,Mouse,aspiny,Gad2-IRES-Cre,1,0.6789347641858031,0.7020302894463968,-0.29573854839252356,0.009842496360984002,0.17468347354593355,8.043984413146973,0.03573260456323624,0.022989580407738686,0.015029504895210266,0.012581126764416695,0.01571163721382618,0.019241774454712868,0.02450987696647644,-0.08426619321107864,-0.09361014515161514,-0.10022949427366257,-0.10792379826307297,-0.11562053859233856,-0.12042811512947083,-0.12287760525941849,-0.1271473914384842,-0.05199377238750458,1.2928848266601562,50.22798156738281,169.8300018310547,0.17468347354593355,Other (Mouse),Inhibitory
516881226,Mouse,spiny,Cux2-CreERT2,4,0.6883931193717316,0.7941745649411851,-0.7151099171907577,0.012440667717634347,0.0929817383865802,8.274667739868164,0.32152289152145386,0.34558406472206116,0.3353455066680908,0.28591838479042053,0.17237798869609833,0.09230059385299683,0.04691729694604874,-0.1677437573671341,-0.2829815447330475,-0.5425330400466919,-0.4966469407081604,-0.4433111548423767,-0.49430200457572937,-0.5161013603210449,-0.5111345052719116,0.0402013398706913,1.6155270338058472,150.02452087402344,209.7899932861328,0.0929817383865802,Excitatory (Mouse),Excitatory
526801742,Mouse,aspiny,Ndnf-IRES2-dgCre,2/3,0.7576471728365213,0.7841557863244234,-0.7169060184289556,0.04789374904366704,0.06266608078058854,8.065502166748047,0.1394873410463333,0.15737342834472656,0.1315418779850006,0.10482356697320938,0.08393304795026779,0.06346318125724792,0.058100417256355286,-0.24685555696487427,-0.37809646129608154,-0.35464319586753845,-0.35127171874046326,-0.35305213928222656,-0.2943709194660187,-0.24158711731433868,-0.14413423836231232,0.14990457892417908,3.169799566268921,150.42218017578125,209.7899932861328,0.06266608078058854,Inhibitory (Mouse),Inhibitory
592960350,Mouse,sparsely spiny,Nos1-CreERT2|Sst-IRES-FlpO,6a,0.8899059237060293,0.786691381889155,-0.6530756654353038,0.02754253467845075,0.07327523291265588,8.336318969726562,0.36422044038772583,0.3599308133125305,0.3321140706539154,0.2728424370288849,0.1435006856918335,0.05561477318406105,0.02834121510386467,-0.6539186835289001,-0.7010530233383179,-0.48501288890838623,-0.34138089418411255,-0.27398204803466797,-0.24351748824119568,-0.1884002685546875,-0.09498295933008194,0.07884852588176727,2.5156407356262207,150.06341552734375,229.77000427246094,0.07327523291265588,Other (Mouse),Sparsely Spiny
487594856,Mouse,aspiny,Pvalb-IRES-Cre,5,0.9324003844427684,0.9387755630871157,-0.517373087115077,0.005608872680213235,0.2621536049725149,8.119697570800781,0.1872483342885971,0.18623760342597961,0.15346865355968475,0.10769563913345337,0.06121372804045677,0.020294805988669395,-0.052991509437561035,-0.7077578902244568,-0.5868701934814453,-0.48482394218444824,-0.38967663049697876,-0.30818861722946167,-0.181343674659729,-0.024516407400369644,0.1047249585390091,0.014295022934675217,1.275212287902832,150.00088500976562,289.927490234375,0.2621536049725149,Inhibitory (Mouse),Inhibitory
528636794,Human,spiny,,5,0.7245151618684077,0.8063342206068063,-0.7430005890044157,0.014516827791756165,0.07191580098021229,7.996303558349609,0.039489831775426865,0.044902678579092026,0.029810726642608643,0.03212575241923332,0.0408763512969017,0.03300033509731293,0.017512571066617966,-0.2718889117240906,-0.44314563274383545,-0.41730836033821106,-0.3735872209072113,-0.34145522117614746,-0.3182545602321625,-0.31564047932624817,-0.3201987147331238,-0.029056211933493614,1.8263437747955322,170.7200927734375,229.77000427246094,0.07191580098021229,Excitatory (Human),Excitatory
567901050,Mouse,aspiny,Pvalb-IRES-Cre,4,0.9567528141440249,0.955515162194062,-0.7297162809139298,0.0096304046009678,0.36496350364947544,7.999956130981445,0.04393140226602554,0.08008963614702225,0.0987740084528923,0.10157550871372223,0.06822748482227325,0.021660760045051575,-0.0267183855175972,-0.3351876139640808,-0.4005264937877655,-0.30532127618789673,-0.18594996631145477,-0.05433638021349907,0.019652877002954483,0.006954073905944824,-0.011545868590474129,-0.002035635057836771,1.8867131471633911,269.72503662109375,369.6300048828125,0.36496350364947544,Inhibitory (Mouse),Inhibitory
475585413,Mouse,aspiny,Htr3a-Cre_NO152,1,0.8012057485614679,0.8256188972361026,-0.47816639104705727,0.005844337303285376,0.14978769092688143,8.007794380187988,0.003962318878620863,0.004249403718858957,0.006844579707831144,0.008514322340488434,0.008502686396241188,0.0108094597235322,0.016078712418675423,-1.575966715812683,-1.1235580444335938,-0.5926489233970642,-0.26033058762550354,-0.05587649717926979,-0.04185226932168007,-0.15300066769123077,-0.26028019189834595,0.41472339630126953,1.2086020708084106,119.68370056152344,249.93748474121094,0.14978769092688143,Inhibitory (Mouse),Inhibitory
605141937,Mouse,spiny,Scnn1a-Tg3-Cre,5,0.41579464631609436,0.5937271688804029,-0.70764172145828,0.21297144486484063,0.0455522176914971,8.344121932983398,0.35720574855804443,0.32559290528297424,0.2837705910205841,0.23417413234710693,0.14830847084522247,0.06687992811203003,-0.0024884091690182686,0.19407540559768677,0.28667062520980835,0.2531106173992157,0.10525071620941162,-0.07767778635025024,-0.29514768719673157,-0.42650315165519714,-0.5373792052268982,-9.924447658704594e-05,6.01406192779541,120.17879486083984,169.8300018310547,0.0455522176914971,Excitatory (Mouse),Excitatory
583138230,Mouse,sparsely spiny,Chat-IRES-Cre-neo,2/3,0.795668477029758,0.8650808657745441,-0.5757686070249394,0.006096724473145748,0.1356053558691306,8.09341812133789,0.04606645554304123,0.018581820651888847,0.005156344268471003,0.02153916284441948,0.0018812618218362331,-0.014063723385334015,0.036211464554071426,-1.632184386253357,-1.5281749963760376,-0.9835491180419922,-0.7071283459663391,-0.5293247103691101,-0.4249906539916992,-0.4246644079685211,-0.4357664883136749,-6.18777761234729e-14,1.4177119731903076,189.8136444091797,329.6700134277344,0.1356053558691306,Other (Mouse),Sparsely Spiny
569441208,Mouse,spiny,Nr5a1-Cre,4,0.6113316046439228,0.5587762947041742,-0.7387802377562142,0.14216555353342758,0.03409564141095677,8.199374198913574,0.22576136887073517,0.32714328169822693,0.40669170022010803,0.38351020216941833,0.21272467076778412,0.05970076099038124,-0.020873093977570534,-0.2538009583950043,-0.47114428877830505,-0.4145445227622986,-0.27304807305336,-0.14849060773849487,-0.31401780247688293,-0.4524037539958954,-0.5397872924804688,-0.3045237064361572,4.615572452545166,110.79895782470703,149.85000610351562,0.03409564141095677,Excitatory (Mouse),Excitatory
422738880,Mouse,spiny,Nr5a1-Cre,4,0.7484204448809221,0.6782878113738045,-0.8260697493057506,0.008579740306918722,0.2018163471241236,8.02974796295166,0.031155696138739586,0.031913142651319504,0.037595897912979126,0.0419134758412838,0.026476973667740822,-0.0024734302423894405,-0.026004120707511902,-0.250201553106308,-0.24518582224845886,-0.24715444445610046,-0.2293390929698944,-0.11192789673805237,-0.005259962752461433,-0.02229846827685833,-0.05729636177420616,7.827645753799573e-10,1.4045807123184204,189.94854736328125,229.9425048828125,0.2018163471241236,Excitatory (Mouse),Excitatory
501799874,Mouse,spiny,Ctgf-T2A-dgCre,6a,0.8278774369956605,0.8018015078234101,-0.8086432563068502,0.01234697003249733,0.08010367337823221,8.25195598602295,0.17349834740161896,0.14457851648330688,0.12062548846006393,0.0758805051445961,0.03350929543375969,0.013052902184426785,0.00519926194101572,-1.7477083206176758,-1.7944159507751465,-1.4476617574691772,-1.0684095621109009,-0.730593204498291,-0.3758208751678467,-0.2121230959892273,-0.11934051662683487,-0.0121146310120821,1.9554368257522583,250.4288787841797,309.69000244140625,0.08010367337823221,Excitatory (Mouse),Excitatory
324025297,Mouse,spiny,Rorb-IRES2-Cre,4,0.5394560335600254,0.6540938550830108,-0.8095454367390785,0.0093674913449458,0.1861816881931453,8.111428260803223,0.14455969631671906,0.17164316773414612,0.19621838629245758,0.2018062323331833,0.16096243262290955,0.10469893366098404,0.04848942533135414,0.9158660173416138,-0.49801570177078247,-1.39522123336792,-0.11006451398134232,0.5552055239677429,0.035924848169088364,-0.7373851537704468,-1.2185533046722412,8.402622029279883e-07,1.4023841619491577,169.9620361328125,209.94749450683594,0.1861816881931453,Excitatory (Mouse),Excitatory
507100117,Mouse,spiny,Rorb-IRES2-Cre,4,0.7153832163762325,0.7026799895241428,-0.9207210873883143,0.06542196531873713,0.058024161260748254,8.177295684814453,0.20598863065242767,0.2138393372297287,0.2132854461669922,0.19410252571105957,0.1364397257566452,0.05798529088497162,0.002654880052432418,-0.025553962215781212,-0.1424567848443985,-0.27452149987220764,-0.2215987890958786,-0.1708717942237854,-0.24256303906440735,-0.3965325951576233,-0.5330650806427002,-0.06995560973882675,4.042169570922852,229.95497131347656,249.74998474121094,0.058024161260748254,Excitatory (Mouse),Excitatory
571718621,Human,sparsely spiny,,2,0.6356197786568221,0.5980721022825345,-0.47482112868153287,0.017935436255665103,0.09254011891775445,8.106751441955566,0.10745582729578018,0.1073618084192276,0.10573430359363556,0.10190760344266891,0.0938057079911232,0.08713672310113907,0.08349774777889252,-0.02654477022588253,-0.04053577780723572,-0.05729322135448456,-0.08285588771104813,-0.11469049751758575,-0.1358494907617569,-0.14366406202316284,-0.1460637003183365,0.06391820311546326,1.8450813293457031,90.1298828125,189.80999755859375,0.09254011891775445,Other (Human),Sparsely Spiny
584637407,Mouse,spiny,Scnn1a-Tg3-Cre,4,0.7388609932500164,0.778740238886298,-0.761882366871807,0.03048093123978404,0.07341405453342281,8.064508438110352,0.06842628121376038,0.06587114930152893,0.057877317070961,0.04412369802594185,0.02098293974995613,0.0021790640894323587,-0.006007821299135685,-0.016586415469646454,-0.13172601163387299,-0.15575675666332245,-0.15688657760620117,-0.13477164506912231,-0.10366931557655334,-0.10931757092475891,-0.11955391615629196,2.377682892831497e-15,2.5287535190582275,159.83529663085938,209.7899932861328,0.07341405453342281,Excitatory (Mouse),Excitatory
594091004,Mouse,aspiny,Gad2-IRES-Cre,1,0.814357886085496,0.8433781426248316,-0.5174057136763673,0.004697359890486065,0.17668250330837057,8.046529769897461,0.006767794489860535,-0.036292336881160736,-0.05348137021064758,-0.03168712556362152,-0.01754838228225708,-0.006506064441055059,0.012785548344254494,-1.447360873222351,-1.1516306400299072,-0.8779313564300537,-0.6321840286254883,-0.2866392731666565,-0.04238162189722061,-0.021558204665780067,-0.027017587795853615,0.015411659143865108,1.1665642261505127,149.89784240722656,289.7099914550781,0.17668250330837057,Other (Mouse),Inhibitory
574036994,Mouse,sparsely spiny,Nos1-CreERT2|Sst-IRES-FlpO,6a,0.36692619777191615,0.6098157042696228,-0.8855028262349356,0.0209889425142945,0.12883104890117783,7.276436805725098,0.060572072863578796,0.4896397590637207,0.5155277252197266,0.4986046850681305,0.2985181212425232,0.12873458862304688,0.0352119505405426,0.09263274818658829,0.9443458318710327,0.5151403546333313,-0.27600806951522827,-0.5362435579299927,-0.5662511587142944,-0.5346813797950745,-0.5381838083267212,-0.03830108791589737,1.8880021572113037,150.38641357421875,169.8300018310547,0.12883104890117783,Other (Mouse),Sparsely Spiny
475888653,Mouse,aspiny,Pvalb-IRES-Cre,4,0.9526587813879213,0.9713828643583229,-0.6128929628557418,0.004688172808046499,0.27354512290929806,7.856983661651611,-0.020064223557710648,0.0795445665717125,0.10974294692277908,0.09787052124738693,0.062297649681568146,0.023113848641514778,-0.03285052627325058,-0.5062724947929382,-0.37760040163993835,-0.21774151921272278,-0.1790035218000412,-0.16679412126541138,-0.10621428489685059,-0.03445867449045181,0.017111966386437416,4.105239368931701e-14,1.2053921222686768,189.94931030273438,309.9224853515625,0.27354512290929806,Inhibitory (Mouse),Inhibitory
583719952,Mouse,aspiny,Chrna2-Cre_OE25,6a,0.8143393850624019,0.7780113703579435,-0.7599727877274728,0.012909308129678155,0.11433296319938335,8.197513580322266,0.2443327158689499,0.2544746398925781,0.20636582374572754,0.14688831567764282,0.06251168996095657,0.011201214045286179,0.049189869314432144,-0.9507448077201843,-0.6306665539741516,-0.26418617367744446,-0.3029533326625824,-0.4029984176158905,-0.36489981412887573,-0.29238182306289673,-0.23177671432495117,1.0566587786231627e-16,1.7955777645111084,189.80319213867188,249.74998474121094,0.11433296319938335,Other (Mouse),Inhibitory
561814552,Mouse,aspiny,Htr3a-Cre_NO152,6a,0.9306336321544126,0.8708462271182106,-0.5218324673211121,0.0060194285431762725,0.16181229773462588,8.511366844177246,0.4049544036388397,0.291645348072052,0.1812392920255661,0.06579474359750748,-0.019026003777980804,-0.009029354900121689,0.05564592033624649,-0.03528904542326927,0.0995527133345604,0.10143889486789703,0.062443558126688004,0.012030103243887424,-0.03822273761034012,-0.041451744735240936,-0.028561223298311234,0.32809799909591675,1.1237508058547974,109.58287811279297,209.7899932861328,0.16181229773462588,Inhibitory (Mouse),Inhibitory
324025371,Mouse,spiny,Rorb-IRES2-Cre,4,0.6633666012815356,0.8265008743166826,-0.8271234455340403,0.029805367863726964,0.07815961921573,8.268624305725098,0.29619383811950684,0.3000849187374115,0.28690701723098755,0.24414634704589844,0.12949906289577484,0.0460815392434597,-0.0011128736659884453,0.3602764308452606,0.19167277216911316,0.06049232557415962,-0.09711828827857971,-0.3616926074028015,-0.8072677850723267,-1.0668818950653076,-1.2294554710388184,0.07607787102460861,2.6179230213165283,190.19662475585938,229.9425048828125,0.07815961921573,Excitatory (Mouse),Excitatory
526531616,Mouse,aspiny,Ndnf-IRES2-dgCre,1,0.8502326060204027,0.8410641939923352,-0.6581409847450013,0.01670785463889426,0.10137706550701941,7.749218463897705,-0.06390167772769928,0.10907825827598572,0.13576598465442657,0.09932029992341995,0.05513809248805046,0.0350751057267189,0.02218576706945896,-0.4735145568847656,-0.6506617665290833,-0.6832549571990967,-0.6115053296089172,-0.39112022519111633,-0.18982581794261932,-0.1245039626955986,-0.09661386907100677,0.11832974851131439,2.2000982761383057,190.68402099609375,289.7099914550781,0.10137706550701941,Inhibitory (Mouse),Inhibitory
571735073,Human,spiny,,3,0.5209525589046554,0.5281072376242125,-0.5798543322967565,0.006094660642984341,0.10412924521916678,8.346928596496582,0.35959699749946594,0.3560371398925781,0.34325867891311646,0.3120651841163635,0.22614465653896332,0.1416890174150467,0.07671469449996948,0.3365858197212219,-0.5667182803153992,-1.1493748426437378,-1.1494626998901367,-1.136494755744934,-1.2013012170791626,-1.182542085647583,-1.1226469278335571,0.044871602207422256,1.5210703611373901,220.12631225585938,379.6199951171875,0.10412924521916678,Excitatory (Human),Excitatory
566475818,Mouse,sparsely spiny,Chrna2-Cre_OE25,5,0.4189217561036686,0.5455028285961089,-0.684307218329217,0.006133612249326158,0.2807496689961394,8.58595085144043,0.6353073120117188,0.6051709055900574,0.5065209865570068,0.36157065629959106,0.16732215881347656,0.06333855539560318,0.015311449766159058,0.3624103367328644,0.12607373297214508,-0.15601757168769836,-0.39607128500938416,-0.6360439658164978,-0.8215641379356384,-0.8825339078903198,-0.8942934274673462,-5.73573743167799e-06,1.0789906978607178,129.8883514404297,189.80999755859375,0.2807496689961394,Other (Mouse),Sparsely Spiny
563248177,Mouse,spiny,Sim1-Cre_KJ18,5,0.7485022515332159,0.7762092811873956,-0.5082889070221925,0.06162777568471514,0.05076881758916173,7.953720569610596,0.03404675051569939,0.16982023417949677,0.21631689369678497,0.17600348591804504,0.09176952391862869,0.04682232439517975,0.0028270615730434656,0.2245507538318634,-0.8330065011978149,-0.5399312376976013,-0.20590193569660187,-0.17097081243991852,-0.2412804365158081,-0.24858404695987701,-0.2375633418560028,2.1206299216647295e-10,3.5956766605377197,106.63392639160156,209.7899932861328,0.05076881758916173,Excitatory (Mouse),Excitatory
571956282,Mouse,aspiny,Vipr2-IRES2-Cre,2/3,0.8090594774930007,0.7798268805584354,-0.4615196988287207,0.011105689609166804,0.16924001754680862,8.013226509094238,0.012508930638432503,0.007127681747078896,0.002924675354734063,0.0003131040430162102,-0.0003946846118196845,0.0016922372160479426,0.0027107498608529568,-0.18059773743152618,-0.16059930622577667,-0.14245125651359558,-0.1318301260471344,-0.11697991192340851,-0.09605333209037781,-0.07775384187698364,-0.05994993820786476,4.224271106068045e-05,1.2009562253952026,59.93756103515625,129.8699951171875,0.16924001754680862,Other (Mouse),Inhibitory
593321019,Mouse,aspiny,Gad2-IRES-Cre,1,0.7741002163165468,0.7836721626825803,-0.4387723090210243,0.019860982266989142,0.11016164017464043,7.371617794036865,-0.31925103068351746,-0.062469739466905594,0.05057177320122719,0.09695305675268173,0.06909263134002686,0.022558238357305527,-0.016388101503252983,-0.464821994304657,-0.47293737530708313,-0.3735818564891815,-0.3483840227127075,-0.31564977765083313,-0.17279762029647827,-0.09882103651762009,-0.06554657220840454,0.2081189751625061,2.041233777999878,92.09335327148438,209.7899932861328,0.11016164017464043,Other (Mouse),Inhibitory
609713212,Mouse,aspiny,Slc32a1-T2A-FlpO|Vipr2-IRES2-Cre,2/3,0.9581469332222106,0.9539834817168725,-0.5847630803432878,0.0062621463578567795,0.19663347755737784,8.223702430725098,0.25482532382011414,0.25248032808303833,0.18848727643489838,0.08139588683843613,0.003014032496139407,-0.0078055462799966335,-0.014844157733023167,-0.41131791472435,-0.41503381729125977,-0.2477225959300995,-0.23964479565620422,-0.26752105355262756,-0.17967566847801208,-0.028764011338353157,0.08797002583742142,-0.35148370265960693,1.3469247817993164,169.53524780273438,289.7099914550781,0.19663347755737784,Other (Mouse),Inhibitory
569703486,Mouse,spiny,Rbp4-Cre_KL100,6a,0.7314510273883664,0.5735386308453886,-0.9145989188552793,0.07253545265160465,0.055998083521589755,8.033880233764648,0.0826798677444458,0.1096663773059845,0.12030854821205139,0.13262352347373962,0.136033296585083,0.10884104669094086,0.08343840390443802,-0.2768512964248657,0.1296456754207611,0.06655710935592651,-0.10358221083879471,-0.22269216179847717,-0.23181724548339844,-0.25428420305252075,-0.2459244281053543,0.11476386338472366,4.082458972930908,210.1605682373047,229.77000427246094,0.055998083521589755,Excitatory (Mouse),Excitatory
561552455,Mouse,aspiny,Htr3a-Cre_NO152,4,0.8073982046529335,0.7984221953803875,-0.6724522880057864,0.016369806109702744,0.13033119763943962,8.299781799316406,0.352658212184906,0.3610525131225586,0.326306015253067,0.2521069049835205,0.13610178232192993,0.05998575687408447,0.02967136912047863,0.8721452355384827,0.20825105905532837,-0.41160622239112854,-0.3849233090877533,-0.35409554839134216,-0.4275107681751251,-0.4809230864048004,-0.5141239762306213,1.8696317056310363e-05,1.8531652688980103,141.07376098632812,209.7899932861328,0.13033119763943962,Inhibitory (Mouse),Inhibitory
516906055,Mouse,aspiny,Cux2-CreERT2,4,0.9685673104436561,0.973620347401777,-0.6268004624225709,0.0030374604890512596,0.31167095525887795,8.01496696472168,0.016848692670464516,0.018071414902806282,0.020065313205122948,0.02126242220401764,0.018302561715245247,0.010617363266646862,-0.0001835878792917356,-0.5515049695968628,-0.5488405227661133,-0.4535885155200958,-0.11540843546390533,-0.03314238786697388,-0.017246542498469353,-0.02052820660173893,-0.027199676260352135,-0.3254012167453766,1.1422792673110962,269.3605651855469,429.57000732421875,0.31167095525887795,Other (Mouse),Inhibitory
575642695,Mouse,sparsely spiny,Sst-IRES-Cre,5,0.718188854747408,0.6975900362141277,-0.29838992523195323,0.009582239317590535,0.13678011939263304,8.368184089660645,0.3945227861404419,0.368512362241745,0.2798602283000946,0.14060966670513153,0.004977176897227764,-0.030574962496757507,-0.04825913533568382,0.7299525141716003,0.4035976827144623,0.17579147219657898,0.022423842921853065,-0.16965115070343018,-0.43150848150253296,-0.5348135828971863,-0.5704555511474609,0.08417931199073792,1.275676965713501,50.682647705078125,169.8300018310547,0.13678011939263304,Inhibitory (Mouse),Sparsely Spiny
566991946,Mouse,spiny,Chrna2-Cre_OE25,5,0.6711247642381565,0.6090772038967839,-0.6924785072119425,0.05756383093513987,0.04996221857031676,8.195588111877441,0.2559666037559509,0.2751145362854004,0.255123108625412,0.2242497056722641,0.14018681645393372,0.03706016391515732,-0.05905601382255554,0.23369905352592468,0.21957950294017792,0.02427193708717823,-0.14885829389095306,-0.2521570026874542,-0.3394624888896942,-0.43989238142967224,-0.5362335443496704,0.009267414920032024,2.7341935634613037,89.93226623535156,129.8699951171875,0.04996221857031676,Excitatory (Mouse),Excitatory
489888847,Mouse,spiny,Nr5a1-Cre,2/3,0.8545621477767953,0.8289387444430428,-0.7606390095773051,0.005822947537865648,0.17816073625993703,8.139421463012695,0.15239930152893066,0.16117379069328308,0.15990960597991943,0.13627313077449799,0.07056697458028793,0.017951983958482742,-0.011678180657327175,-0.2066435068845749,-0.5771896243095398,-0.5516601204872131,-0.39871400594711304,-0.3411068916320801,-0.475626140832901,-0.597058117389679,-0.6781615614891052,-0.02756747417151928,1.2063883543014526,190.1129608154297,249.93748474121094,0.17816073625993703,Excitatory (Mouse),Excitatory
557194325,Mouse,aspiny,Ndnf-IRES2-dgCre,1,0.8536128141568855,0.8996537809254543,-0.6813039684658051,0.01329084476961836,0.11604899588605082,8.039590835571289,0.19833265244960785,0.24473319947719574,0.22558318078517914,0.19164153933525085,0.08199505507946014,0.005195670295506716,-0.014388782903552055,-0.6772507429122925,-0.686775803565979,-0.6914486885070801,-0.5613693594932556,-0.3998584747314453,-0.3156619668006897,-0.31861159205436707,-0.3375605344772339,-0.06628506630659103,1.8219188451766968,170.16004943847656,249.74998474121094,0.11604899588605082,Inhibitory (Mouse),Inhibitory
514767977,Mouse,aspiny,Vip-IRES-Cre,2/3,0.8271569023282779,0.8526779720438759,-0.3351630439000092,0.0071762744342521965,0.3067161011230694,8.06376838684082,0.06478708982467651,0.054961420595645905,0.04473837837576866,0.037978313863277435,0.032342128455638885,0.026473278179764748,0.025729626417160034,-0.07470293343067169,-0.12100595980882645,-0.16999219357967377,-0.18519702553749084,-0.15208911895751953,-0.1222895160317421,-0.11848223209381104,-0.1195545569062233,-0.05068312585353851,1.2269924879074097,70.31642150878906,209.7899932861328,0.3067161011230694,Inhibitory (Mouse),Inhibitory
509885554,Mouse,spiny,Ctgf-T2A-dgCre,6a,0.7088665399944138,0.7439032545724757,-0.4799715477981599,0.09000057369766495,0.04596925484297595,7.956175327301025,0.038574445992708206,0.06533290445804596,0.07089965790510178,0.06396466493606567,0.037982575595378876,0.022600935772061348,0.0010501777287572622,-0.0960320457816124,-0.2225167155265808,-0.28713953495025635,-0.33869343996047974,-0.33896148204803467,-0.3894426226615906,-0.42866459488868713,-0.45381882786750793,0.18799085915088654,4.547464370727539,110.31840515136719,229.77000427246094,0.04596925484297595,Excitatory (Mouse),Excitatory
531520637,Human,aspiny,,3,0.9617766228093031,0.9619853805473747,-0.7208902980517439,0.004972950761153871,0.23274000148960655,7.94635534286499,-0.05061502382159233,-0.03984234854578972,-0.0248727910220623,-0.011505356058478355,-0.00820715818554163,-0.004140158649533987,0.009929753839969635,-0.22942687571048737,-0.19128532707691193,-0.14564146101474762,-0.0859520435333252,-0.019771823659539223,-0.0009790550684556365,-0.019247913733124733,-0.03671860694885254,-0.0009738861117511988,1.4615849256515503,309.6728515625,429.57000732421875,0.23274000148960655,Inhibitory (Human),Inhibitory
479722622,Mouse,spiny,Rbp4-Cre_KL100,5,0.5939350073770143,0.6175107643512286,-0.9090607214073638,0.018525657023643408,0.14686379704598204,7.776141166687012,0.043488189578056335,0.09763514250516891,0.13171933591365814,0.18629752099514008,0.15950119495391846,0.07486094534397125,0.01609165407717228,0.4831640124320984,0.3178609013557434,-0.1334020048379898,-0.48456549644470215,-0.6654739379882812,-0.5256146192550659,-0.3751312494277954,-0.3042239844799042,-0.030324425548315048,1.9721599817276,190.85592651367188,209.94747924804688,0.14686379704598204,Excitatory (Mouse),Excitatory
486472847,Mouse,spiny,Rorb-IRES2-Cre,4,0.8176061225358623,0.6626525159582234,-0.9094522195246566,0.017327050311892585,0.15584239907529807,8.075013160705566,0.10119731724262238,0.08553498983383179,0.060028210282325745,0.043560780584812164,-0.0010271146893501282,-0.017072010785341263,-0.005463257897645235,-0.7416805028915405,-0.28489845991134644,-0.13679835200309753,-0.1017407476902008,-0.07778938859701157,-0.08659828454256058,-0.10371226072311401,-0.1104474663734436,0.05695577710866928,1.9072940349578857,190.94044494628906,209.94747924804688,0.15584239907529807,Excitatory (Mouse),Excitatory
320421014,Mouse,aspiny,Pvalb-IRES-Cre,5,0.975994841210493,0.9661369482416001,-0.686275643496894,0.006012623060066955,0.41409462144933157,7.908150672912598,-0.06444796919822693,-0.03769189491868019,-0.02589760720729828,-0.014768189750611782,0.0050809625536203384,0.010765232145786285,0.004011999815702438,-0.08613606542348862,0.013055157847702503,0.02179158292710781,0.001668405020609498,-0.010157559998333454,-0.010618181899189949,-0.00851880107074976,-0.008643734268844128,2.2007319577799223e-10,1.7509057521820068,349.9130554199219,509.8724670410156,0.41409462144933157,Inhibitory (Mouse),Inhibitory
486235288,Mouse,spiny,Cux2-CreERT2,5,0.3809829405440253,0.5153205765260046,-0.8866119589051604,0.09829369384519918,0.051693954009543325,8.46617603302002,0.4918699264526367,0.472982794046402,0.42840009927749634,0.35616740584373474,0.2381593883037567,0.15479472279548645,0.10776200145483017,0.26215893030166626,0.3131054937839508,0.07879427075386047,-0.18175701797008514,-0.48620426654815674,-0.9568504095077515,-1.1190779209136963,-1.1617348194122314,-0.14309819042682648,4.08726692199707,150.7068328857422,169.95750427246094,0.051693954009543325,Excitatory (Mouse),Excitatory
586366106,Mouse,aspiny,Htr3a-Cre_NO152|Pvalb-T2A-Dre,5,0.9581817102681177,0.9546168683607889,-0.6053798652144001,0.004356660795575677,0.21391490807217686,8.045672416687012,0.0470564179122448,0.04375559464097023,0.037659820169210434,0.032165367156267166,0.02717902511358261,0.014947942458093166,-0.009202967397868633,-0.26265329122543335,-0.174215629696846,-0.13990013301372528,-0.12814009189605713,-0.11171025037765503,-0.07307127118110657,-0.03503688424825668,-0.004604469984769821,-0.25099578499794006,1.1615568399429321,187.5430908203125,309.69000244140625,0.21391490807217686,Inhibitory (Mouse),Inhibitory
580639899,Mouse,aspiny,Pvalb-IRES-Cre,6b,0.9811279585083263,0.9590116975879567,-0.5175512384436112,0.00614515354589241,0.23263225725413506,8.07811450958252,0.1029878482222557,0.10917218774557114,0.09699960052967072,0.07035019993782043,0.03501333296298981,0.003524675266817212,-0.026117660105228424,-0.13242964446544647,-0.11608447879552841,-0.12623274326324463,-0.1212492436170578,-0.08477159589529037,-0.03749307617545128,-0.0015134159475564957,0.020453866571187973,0.021948006004095078,1.334283471107483,149.94024658203125,289.7099914550781,0.23263225725413506,Inhibitory (Mouse),Inhibitory
576117916,Human,spiny,,3,0.6176441804969086,0.6187947496041077,-0.809541400218104,0.009424340165074659,0.10407497227963182,8.260994911193848,0.32249003648757935,0.31155362725257874,0.2720184922218323,0.22912225127220154,0.15820090472698212,0.08322625607252121,-0.01916840672492981,-0.09732230752706528,-0.28031599521636963,-0.5203907489776611,-0.6777231097221375,-0.7835198640823364,-0.8858076930046082,-0.9416017532348633,-1.0004189014434814,-0.004368387628346682,1.9885332584381104,339.6673889160156,419.5799865722656,0.10407497227963182,Excitatory (Human),Excitatory
572996777,Mouse,spiny,Esr2-IRES2-Cre,5,0.7037666537111653,0.7024816620789728,-0.4307931784065811,0.016004873294650532,0.08114363185588601,7.974710464477539,0.2767203152179718,0.432181715965271,0.42872658371925354,0.3566967248916626,0.2275182455778122,0.0858224630355835,-0.05286632105708122,0.5773468017578125,-0.5979059934616089,-0.5889171957969666,-0.3734705448150635,-0.3328782320022583,-0.4503500759601593,-0.558246910572052,-0.6687647104263306,-0.00030376753420569,1.7429529428482056,81.76885223388672,189.80999755859375,0.08114363185588601,Excitatory (Mouse),Excitatory
481017021,Mouse,aspiny,Pvalb-IRES-Cre,5,0.8599273374268213,0.8422041438146569,-0.7130968631446862,0.0025427279161683723,0.3676470588235219,7.999382972717285,0.0001902713702293113,0.0002308255061507225,0.0005517567042261362,0.0005272739217616618,-0.0009946933714672923,-0.004482919815927744,-0.01007347833365202,-0.024003703147172928,-0.021250763908028603,-0.01622573472559452,-0.01255228091031313,-0.01045359205454588,-0.010504404082894325,-0.011860302649438381,-0.014108807779848576,0.21965719759464264,1.2655110359191895,449.1869812011719,629.842529296875,0.3676470588235219,Inhibitory (Mouse),Inhibitory
480648382,Mouse,spiny,Rorb-IRES2-Cre,4,0.8873456202888225,0.8576981683554963,-0.7778070530871841,0.0091435168945164,0.09659661158406152,8.183716773986816,0.16842330992221832,0.16152818500995636,0.14256830513477325,0.07447337359189987,-0.031132251024246216,-0.037151798605918884,-0.01873210445046425,-1.4418728351593018,-1.055585503578186,-0.6364743709564209,-0.4106920063495636,-0.3365965783596039,-0.351793110370636,-0.3330507278442383,-0.2927950620651245,-6.608090519222287e-09,1.5710290670394897,209.9553985595703,269.9324951171875,0.09659661158406152,Excitatory (Mouse),Excitatory
562003142,Mouse,aspiny,Chat-IRES-Cre-neo,4,0.7606934055903372,0.7448181180731019,-0.38431470078494434,0.016597457991019478,0.09608695485068029,7.841533184051514,-0.10669577866792679,-0.026357246562838554,0.013948710635304451,0.029355814680457115,0.02860892005264759,0.02261231280863285,0.012300725094974041,-0.8250223994255066,-1.030814290046692,-0.5490812659263611,-0.38640233874320984,-0.41003450751304626,-0.3311304450035095,-0.20943714678287506,-0.13187339901924133,-0.32527121901512146,2.1928176879882812,111.44561004638672,289.7099914550781,0.09608695485068029,Other (Mouse),Inhibitory
571292875,Mouse,spiny,Vipr2-IRES2-Cre,5,0.6915699682745218,0.7858131243243717,-0.596741836364891,0.006108039161141647,0.14220058245358058,8.013708114624023,-0.04851635918021202,-0.02347314916551113,0.007970564998686314,0.010021820664405823,-0.013262768276035786,-0.017556082457304,0.007027919869869947,-1.6668952703475952,-1.7078485488891602,-1.2015029191970825,-0.8545836806297302,-0.5518174767494202,-0.19551698863506317,-0.05282440409064293,0.018292712047696114,-0.23380033671855927,1.2351043224334717,149.09092712402344,249.74998474121094,0.14220058245358058,Excitatory (Mouse),Excitatory
585841870,Mouse,aspiny,Slc32a1-T2A-FlpO|Vipr2-IRES2-Cre,2/3,0.968437065931886,0.9609342119555625,-0.572777798744538,0.0045298684653235265,0.2824858757062506,7.973909378051758,0.05048740282654762,0.09439028054475784,0.08544512838125229,0.05772402882575989,0.03775740787386894,0.0173967145383358,-0.03741650655865669,-0.7104525566101074,-0.506445050239563,-0.29095402359962463,-0.23843276500701904,-0.19401651620864868,-0.10797776281833649,-0.009582274593412876,0.06777937710285187,0.08415884524583817,1.222031831741333,188.83474731445312,329.6700134277344,0.2824858757062506,Other (Mouse),Inhibitory
526785742,Mouse,aspiny,Sst-IRES-Cre,5,0.7634626549856409,0.7818248484399342,-0.703984376985072,0.007930556608012401,0.17216415507856422,8.14029312133789,0.1466701328754425,0.14221039414405823,0.10599213093519211,0.08562145382165909,0.07817807048559189,0.03951646760106087,-0.018401620909571648,-0.7722303867340088,-1.5007706880569458,-0.6408194899559021,-0.5534502267837524,-0.48193567991256714,-0.32227376103401184,-0.21954210102558136,-0.14258697628974915,0.024352090433239937,1.4625693559646606,189.8863067626953,269.7300109863281,0.17216415507856422,Inhibitory (Mouse),Inhibitory
477879512,Mouse,aspiny,Htr3a-Cre_NO152,2/3,0.7835192327636242,0.7289134411949058,-0.7925184669115041,0.004120190731784133,0.23152006815951334,7.675789833068848,-0.20358653366565704,-0.034735195338726044,0.06538206338882446,0.12080512940883636,0.09489093720912933,0.03347614035010338,-0.01085620652884245,-1.4159575700759888,-1.3329805135726929,-1.0356769561767578,-0.6705062389373779,-0.43563103675842285,-0.3359614312648773,-0.3740559220314026,-0.43348559737205505,0.10088388621807098,1.2674670219421387,309.0151062011719,389.9024963378906,0.23152006815951334,Inhibitory (Mouse),Inhibitory
485956826,Mouse,spiny,Rbp4-Cre_KL100,5,0.5879395961525932,0.5309232555147846,-0.738808161219448,0.009449373413298897,0.14116806693625192,8.502615928649902,0.5291134715080261,0.5195716619491577,0.5090944766998291,0.47037288546562195,0.29994454979896545,0.09138806909322739,-0.016238898038864136,1.1829419136047363,0.44667693972587585,-0.9192048907279968,-0.6882330775260925,-0.27562910318374634,-0.3921569883823395,-0.6472412943840027,-0.8127713799476624,-0.01014302670955658,1.1903997659683228,110.79361724853516,149.96249389648438,0.14116806693625192,Excitatory (Mouse),Excitatory
466271455,Mouse,aspiny,Sst-IRES-Cre,5,0.6291807939450063,0.6614174092982648,-0.26000298059493737,0.013237721900060636,0.11095627163404578,7.805872917175293,-0.1588553786277771,-0.12758953869342804,-0.07168406248092651,-0.006926842033863068,0.03387012332677841,0.01766362227499485,-0.04985072463750839,0.101997971534729,-0.24149863421916962,-0.3591323494911194,-0.36565783619880676,-0.3412158787250519,-0.284730464220047,-0.2684084475040436,-0.26258039474487305,-0.5116833448410034,1.5857295989990234,49.6500358581543,189.95249938964844,0.11095627163404578,Inhibitory (Mouse),Inhibitory
502193385,Mouse,spiny,Nr5a1-Cre,4,0.7629752662825101,0.843441196259975,-0.6519548425428303,0.006909887987464014,0.15801008420357168,8.193195343017578,0.20928719639778137,0.19625060260295868,0.18613600730895996,0.15173321962356567,0.025116903707385063,-0.03984969109296799,-0.016312191262841225,0.16851836442947388,-0.8208881616592407,-0.9057711958885193,-0.5117021799087524,-0.1448957473039627,-0.11438487470149994,-0.21463701128959656,-0.2702314555644989,-0.0006339406245388091,1.2600337266921997,149.79966735839844,229.77000427246094,0.15801008420357168,Excitatory (Mouse),Excitatory
582778095,Mouse,aspiny,Chat-IRES-Cre-neo,4,0.7992919128307738,0.8878773581741848,-0.5675597755139791,0.040578487194182264,0.07086229061787569,7.823294639587402,-0.09098569303750992,-0.010481579229235649,0.03184953331947327,0.052457597106695175,0.03409838676452637,0.020083017647266388,0.008697030134499073,-0.48501646518707275,-0.6329712271690369,-0.3537653684616089,-0.392219215631485,-0.34176546335220337,-0.1751003861427307,-0.12006787210702896,-0.10357530415058136,0.15191322565078735,3.053476572036743,130.43128967285156,229.77000427246094,0.07086229061787569,Other (Mouse),Inhibitory
482516216,Mouse,aspiny,Htr3a-Cre_NO152,2/3,0.7553360454971688,0.8325048118186367,-0.5172639495763192,0.004870408875128208,0.18163769999440707,7.988880634307861,-0.017945777624845505,-0.02090398408472538,-0.0165528804063797,-0.008979733102023602,0.0002570158103480935,0.0027892289217561483,0.0004885882372036576,-0.9259946942329407,-0.9404339790344238,-1.390758752822876,-0.49481651186943054,-0.19798855483531952,-0.09553731977939606,-0.05857240408658981,-0.038984619081020355,0.001107975491322577,1.1883035898208618,149.9690399169922,289.927490234375,0.18163769999440707,Inhibitory (Mouse),Inhibitory
563535101,Mouse,aspiny,Chat-IRES-Cre-neo,4,0.5937571381357112,0.5627101846340309,-0.4290349792536708,0.006232460948624553,0.1485597135768665,7.958193302154541,-0.08942519128322601,-0.04563719779253006,0.033710431307554245,0.0772257149219513,0.04756459593772888,0.0010858282912522554,0.015051521360874176,-1.9305583238601685,-2.2143993377685547,-1.622935175895691,-1.0131566524505615,-0.6264423131942749,-0.300937682390213,-0.1308344155550003,-0.005233454518020153,0.027109583839774132,1.143463134765625,90.00798034667969,209.7899932861328,0.1485597135768665,Other (Mouse),Inhibitory
484457747,Mouse,aspiny,Rorb-IRES2-Cre,4,0.7542587979792869,0.7894857311297743,-0.43002263680844605,0.011458851796621147,0.12608424571045784,8.053475379943848,0.05079519748687744,0.04436729848384857,0.037940144538879395,0.032584793865680695,0.028943106532096863,0.0268415380269289,0.026597237214446068,-0.13836638629436493,-0.1417718082666397,-0.156776562333107,-0.13463713228702545,-0.10404606908559799,-0.08872601389884949,-0.08111650496721268,-0.07646871358156204,0.0585022047162056,1.5510503053665161,90.28559112548828,209.94747924804688,0.12608424571045784,Other (Mouse),Inhibitory
591396115,Mouse,aspiny,Vip-IRES-Cre,6a,0.7251482725293538,0.7892806780411077,-0.580969004952768,0.011132962927661192,0.1900324195307672,7.992376804351807,0.0826258733868599,0.11858885735273361,0.08407222479581833,0.07711952179670334,0.031108707189559937,-0.011627043597400188,0.016613900661468506,0.013892063871026039,-0.910580039024353,-0.8297439813613892,-0.6611261367797852,-0.452638179063797,-0.19867125153541565,-0.09306658804416656,-0.003453176701441407,1.436030738766192e-10,1.6674703359603882,145.0970001220703,249.74998474121094,0.1900324195307672,Inhibitory (Mouse),Inhibitory
584670484,Mouse,aspiny,Oxtr-T2A-Cre,2/3,0.9475292185037706,0.946999628593218,-0.7674376384007248,0.005328676342220373,0.23297359104569615,7.813155651092529,-0.09090127795934677,0.05516243726015091,0.12085452675819397,0.14500968158245087,0.12754300236701965,0.065445177257061,-0.06015964597463608,-0.9957961440086365,-1.0724037885665894,-0.701336145401001,-0.3749985098838806,-0.20325711369514465,-0.07740623503923416,-0.0777929499745369,-0.10854633897542953,0.004576236940920353,1.512957215309143,329.668212890625,429.57000732421875,0.23297359104569615,Other (Mouse),Inhibitory
515464483,Mouse,spiny,Ctgf-T2A-dgCre,6b,0.5334203052888119,0.532328084286552,-0.18266095008291036,0.018759453646275143,0.08216968730654217,8.298136711120605,0.3355267345905304,0.3512393534183502,0.35664352774620056,0.3329636752605438,0.24753615260124207,0.17688210308551788,0.14938674867153168,-0.37149515748023987,-0.05965030565857887,0.10461286455392838,0.15110403299331665,0.013846714049577713,-0.3650350868701935,-0.529897153377533,-0.5854836702346802,0.14212720096111298,1.7849140167236328,31.0415096282959,169.8300018310547,0.08216968730654217,Excitatory (Mouse),Excitatory
323452196,Mouse,aspiny,Sst-IRES-Cre,6a,0.939624127745119,0.9489578826448469,-0.6096664696235433,0.004275393002505605,0.2440048020145624,7.540950775146484,-0.1951541304588318,-0.00298840319737792,0.10858209431171417,0.14464859664440155,0.09551148116588593,0.03248438611626625,-0.030465317890048027,-0.5814709663391113,-0.7190299034118652,-0.5618601441383362,-0.3217028081417084,-0.15409637987613678,-0.09246239066123962,-0.08183714747428894,-0.085065096616745,-0.12554936110973358,1.3238099813461304,249.91651916503906,409.8974914550781,0.2440048020145624,Inhibitory (Mouse),Inhibitory
475512108,Mouse,sparsely spiny,Sst-IRES-Cre,6a,0.9169089273422548,0.9371682667101862,-0.6084177103049602,0.003235986675892037,0.25472203712415925,7.9922051429748535,-0.007410976570099592,-0.007529112510383129,-0.006753399036824703,-0.005592060275375843,-0.003829960711300373,-0.0030278421472758055,-0.004175733774900436,-0.03998498246073723,-0.039171814918518066,-0.03715929761528969,-0.035310473293066025,-0.03354498744010925,-0.03159097209572792,-0.030697118490934372,-0.030671272426843643,-0.2425178736448288,1.1517043113708496,249.4477081298828,409.8974914550781,0.25472203712415925,Inhibitory (Mouse),Sparsely Spiny
464198958,Mouse,aspiny,Sst-IRES-Cre,5,0.5998602966517815,0.6627845761320156,-0.3037631666627288,0.0207504762766131,0.08311646170562888,8.082921028137207,0.08516304939985275,0.08345506340265274,0.08072148263454437,0.07929310202598572,0.07692345976829529,0.07094983011484146,0.06497559696435928,-0.12467720359563828,-0.10589589178562164,-0.079774409532547,-0.06643538922071457,-0.06814374774694443,-0.09602133184671402,-0.12409942597150803,-0.14332453906536102,-0.18548884987831116,1.8779507875442505,51.66123580932617,169.95750427246094,0.08311646170562888,Inhibitory (Mouse),Inhibitory
523205934,Mouse,aspiny,Vip-IRES-Cre,2/3,0.6376640709368175,0.6979771156234783,-0.44264922936082823,0.003306407134950811,0.21880717705043004,7.951751708984375,-0.06335297226905823,-0.05222799628973007,-0.025601528584957123,-0.0007593162590637803,0.00213475339114666,-0.00878126174211502,-0.018040502443909645,-1.3289434909820557,-1.0535550117492676,-0.8945484757423401,-1.173860788345337,-0.21017731726169586,-0.049932971596717834,-0.015950122848153114,0.01370647456496954,0.2962849736213684,0.9443713426589966,119.48356628417969,269.7300109863281,0.21880717705043004,Inhibitory (Mouse),Inhibitory
524074295,Mouse,aspiny,Nos1-CreERT2,2/3,0.8676678138980722,0.8734323288629045,-0.7575298050999176,0.008212455030177186,0.13748104480094692,7.959275245666504,0.0018022325821220875,0.039691634476184845,0.05979512631893158,0.07157962769269943,0.06078381463885307,0.02842985838651657,-0.01856272853910923,-0.8048575520515442,-0.8092418909072876,-0.6828916072845459,-0.5641525983810425,-0.401255339384079,-0.18769890069961548,-0.08577162027359009,-0.02082318440079689,0.0015040116850286722,1.6454179286956787,249.73486328125,329.6700134277344,0.13748104480094692,Other (Mouse),Inhibitory
476216637,Mouse,spiny,Scnn1a-Tg3-Cre,4,0.663628739114478,0.8945373057466486,-0.8276856059897165,0.04170046311551215,0.0669657401264607,8.231051445007324,0.26061663031578064,0.231659933924675,0.16190344095230103,0.0992688462138176,0.024976620450615883,-0.001978295622393489,-0.011769047006964684,-0.897633969783783,-0.6980383396148682,-0.2659534811973572,-0.08662578463554382,-0.025410151109099388,-0.23451600968837738,-0.34562596678733826,-0.3908282220363617,0.12752744555473328,3.0965640544891357,190.33636474609375,229.9425048828125,0.0669657401264607,Excitatory (Mouse),Excitatory
490790207,Mouse,spiny,Rbp4-Cre_KL100,5,0.8214404940534368,0.7910499601796049,-0.793093807971585,0.008684063719949496,0.15612895127246304,7.86858606338501,-0.009615927934646606,0.06634438037872314,0.09352315217256546,0.08295739442110062,0.04414735361933708,0.01779017224907875,0.04681699350476265,0.8352820873260498,-1.0633618831634521,-0.7388769388198853,-0.2690020501613617,-0.08505992591381073,-0.1363363116979599,-0.23491829633712769,-0.2928171753883362,1.479492417466588e-09,1.58674156665802,229.939697265625,289.927490234375,0.15612895127246304,Excitatory (Mouse),Excitatory
323788096,Mouse,spiny,Scnn1a-Tg3-Cre,2/3,0.6978814629068247,0.687242227414329,-0.5247793506177697,0.021266667259118507,0.0773813830451971,7.874847412109375,0.0254952535033226,0.17280560731887817,0.2614074647426605,0.25995591282844543,0.1325627714395523,0.05384613201022148,-0.0004416950687300414,0.467698872089386,-0.8097186088562012,-0.7345731854438782,-0.1301732063293457,0.02328980527818203,-0.20042717456817627,-0.3283858299255371,-0.36823782324790955,-0.06512623280286789,2.1130270957946777,110.18035125732422,209.94749450683594,0.0773813830451971,Excitatory (Mouse),Excitatory
513514828,Mouse,spiny,Ctgf-T2A-dgCre,6b,0.7697700686179384,0.7896768464086595,-0.7239563254222754,0.007239612823720311,0.1519756838905768,8.263031959533691,0.19333039224147797,0.10654554516077042,0.0735192522406578,0.061513662338256836,0.03057255782186985,0.008417760021984577,0.02642127312719822,-1.0148240327835083,-1.3269686698913574,-1.1548707485198975,-0.8874869346618652,-0.6432182788848877,-0.40523457527160645,-0.29219281673431396,-0.2133960723876953,0.00035987241426482797,1.4482362270355225,209.7373809814453,289.7099914550781,0.1519756838905768,Excitatory (Mouse),Excitatory
323452245,Mouse,spiny,Sst-IRES-Cre,2/3,0.7227616641369184,0.7475778470209062,-0.7338153126831464,0.003660931165696088,0.16019710651986083,8.059372901916504,0.043264128267765045,0.03545087203383446,0.03240196779370308,0.03651346266269684,0.04059303179383278,0.0060473536141216755,-0.06676545739173889,-1.1272857189178467,-0.9857677817344666,-0.8407748341560364,-0.7582201361656189,-0.6899838447570801,-0.5092995166778564,-0.3520343601703644,-0.29190748929977417,-0.17137160897254944,1.3927700519561768,388.854248046875,529.8674926757812,0.16019710651986083,Inhibitory (Mouse),Excitatory
484515166,Mouse,spiny,Cux2-CreERT2,4,0.8058588119492575,0.8463679508486343,-0.6799659196171033,0.006116074759372758,0.14537076960157824,8.142786026000977,0.1688009798526764,0.20517565310001373,0.1716492623090744,0.10963252186775208,0.03430121764540672,-0.006261385977268219,-0.026899369433522224,-1.503617763519287,-1.3624911308288574,-0.9508929252624512,-0.7277315258979797,-0.4667883813381195,-0.26234525442123413,-0.22251416742801666,-0.2152644544839859,0.004267238080501556,1.2363803386688232,169.94898986816406,249.93748474121094,0.14537076960157824,Excitatory (Mouse),Excitatory
592952680,Mouse,sparsely spiny,Nos1-CreERT2|Sst-IRES-FlpO,5,0.7591477538879878,0.7480771148922677,-0.6842078565215056,0.010499400573909981,0.13362627776787933,8.359793663024902,0.40425533056259155,0.4278251826763153,0.4234694540500641,0.35555002093315125,0.17102870345115662,0.043841976672410965,-0.013692962937057018,0.50633704662323,0.34836873412132263,0.21950401365756989,0.10349303483963013,-0.19116917252540588,-0.8389559388160706,-1.1014297008514404,-1.1168607473373413,-3.508259396767244e-05,1.4116979837417603,129.86949157714844,189.80999755859375,0.13362627776787933,Other (Mouse),Sparsely Spiny
589118831,Mouse,spiny,Sim1-Cre_KJ18,5,0.5086331269961968,0.7514153513751204,-0.8451311186317414,0.004860370776913196,0.2688143138245683,7.844132900238037,0.13593830168247223,0.28488221764564514,0.3142698109149933,0.2888336181640625,0.1900792270898819,0.10532582551240921,0.06172487884759903,0.278435617685318,-0.10818327218294144,-0.2507636547088623,-0.4164750874042511,-0.8876532316207886,-0.6629117727279663,-0.5054423213005066,-0.4530589282512665,0.014205928891897202,1.1017611026763916,211.07168579101562,249.74998474121094,0.2688143138245683,Excitatory (Mouse),Excitatory
586071425,Mouse,aspiny,Chat-IRES-Cre-neo,2/3,0.7132545215520889,0.7238282317781821,-0.34053626433176937,0.01826848857615386,0.08003153242377406,8.024428367614746,0.02321065589785576,0.020144276320934296,0.019490206614136696,0.018260667100548744,0.013650062493979931,0.00813511572778225,-0.00578031362965703,-0.35556885600090027,-0.35767456889152527,-0.3111878037452698,-0.2551898956298828,-0.22453472018241882,-0.22000175714492798,-0.23303420841693878,-0.2584226429462433,0.19139370322227478,2.2206437587738037,91.95843505859375,269.9324951171875,0.08003153242377406,Other (Mouse),Inhibitory
591748519,Mouse,sparsely spiny,Htr3a-Cre_NO152,2/3,0.8094676985584595,0.8581737952293458,-0.5152891837019126,0.006961872266159967,0.1301779584763531,7.991811275482178,-0.008978744968771935,-0.009982085786759853,-0.008225787431001663,-0.0047660768032073975,-8.115459058899432e-05,0.004511890932917595,0.008048340678215027,-0.1430244892835617,-0.16274432837963104,-0.16483338177204132,-0.1582227498292923,-0.13259798288345337,-0.11992496997117996,-0.12656830251216888,-0.13459870219230652,0.34355080127716064,1.3186081647872925,128.81149291992188,249.74998474121094,0.1301779584763531,Inhibitory (Mouse),Sparsely Spiny
561520050,Mouse,aspiny,Nkx2-1-CreERT2,6b,0.7965771995681216,0.8069568842858877,-0.6036291406056692,0.026468450540756226,0.05836376030704001,8.073766708374023,0.07351045310497284,0.07148878276348114,0.06831178069114685,0.05979424715042114,0.044767431914806366,0.036763571202754974,0.032705746591091156,-0.17577320337295532,-0.20574219524860382,-0.20951490104198456,-0.19890962541103363,-0.18639111518859863,-0.1767434924840927,-0.17417356371879578,-0.1728098839521408,0.15005409717559814,2.5710883140563965,150.7788848876953,249.74998474121094,0.05836376030704001,Other (Mouse),Inhibitory
557252022,Mouse,spiny,Sim1-Cre_KJ18,5,0.6348050838542888,0.5919255657949671,-0.9159277075970146,0.09276638703171712,0.05212188180842103,8.284568786621094,0.2706564664840698,0.21287593245506287,0.16031423211097717,0.12468189746141434,0.0951940044760704,0.08044812083244324,0.08215532451868057,0.2866978943347931,0.37508338689804077,0.12082433700561523,-0.3381916582584381,-0.7634034752845764,-0.9066184759140015,-0.8590801954269409,-0.7815112471580505,0.08566914498806,4.616809844970703,210.46005249023438,229.77000427246094,0.05212188180842103,Excitatory (Mouse),Excitatory
486514107,Mouse,aspiny,Rorb-IRES2-Cre,4,0.9594033662177855,0.9718461062667733,-0.6307154170090451,0.0040512566783723995,0.3903746112845525,7.955545425415039,-0.03621162846684456,-0.013784567825496197,0.003363206284120679,0.01353274006396532,0.025729740038514137,0.024876993149518967,0.002877329709008336,-0.43244245648384094,-0.3532322645187378,-0.14634950459003448,-0.06920421868562698,-0.040326766669750214,-0.025879940018057823,-0.019067533314228058,-0.02577892690896988,0.1315145641565323,1.408765196800232,308.9905700683594,489.8774719238281,0.3903746112845525,Other (Mouse),Inhibitory
527089085,Mouse,aspiny,Ndnf-IRES2-dgCre,1,0.9010357737175059,0.878590769413344,-0.655142771930194,0.009578863660743321,0.12534608052831647,7.938258647918701,0.028047075495123863,-0.0031385570764541626,-0.017236268147826195,0.011179560795426369,0.02518344484269619,0.012064359150826931,0.012473990209400654,-0.6831187605857849,-0.6819000244140625,-0.6579973697662354,-0.47650179266929626,-0.19706188142299652,-0.03651989996433258,-0.0447089709341526,-0.09547382593154907,-5.09788042108994e-05,1.665860891342163,189.80140686035156,289.7099914550781,0.12534608052831647,Inhibitory (Mouse),Inhibitory
569998790,Mouse,aspiny,Pvalb-IRES-Cre,5,0.8905307330224992,0.8875127592604245,-0.6093484600843952,0.0054525210092385284,0.33178500331781763,7.887880802154541,-0.08453787118196487,-0.026532748714089394,0.012328062206506729,0.00756088038906455,-0.01215959433466196,0.000705570331774652,0.0146835558116436,-0.404044508934021,-0.2401651293039322,-0.0269099622964859,0.05041251331567764,0.02767782099545002,-0.05298248305916786,-0.05553240329027176,-0.03852368891239166,0.1317347288131714,1.4944223165512085,249.6003875732422,409.5899963378906,0.33178500331781763,Inhibitory (Mouse),Inhibitory
474283475,Mouse,aspiny,Htr3a-Cre_NO152,2/3,0.7985004261157945,0.8066872557109885,-0.5161086195825552,0.004557644310898167,0.1652603015008927,8.016046524047852,0.011208580806851387,0.008360881358385086,0.012212025932967663,0.019460514187812805,0.021586576476693153,0.01621449738740921,0.011145329102873802,-0.20481590926647186,-0.22176818549633026,-0.2207338809967041,-0.2049850970506668,-0.17946621775627136,-0.13673937320709229,-0.11308901011943817,-0.09978500753641129,-0.21787190437316895,1.0672985315322876,129.0423583984375,249.93748474121094,0.1652603015008927,Inhibitory (Mouse),Inhibitory
569802200,Mouse,aspiny,Vip-IRES-Cre,4,0.7970991712011349,0.8212217518524711,-0.5624486043342226,0.012810175040078566,0.10532216047769058,8.172694206237793,0.17664702236652374,0.1995684802532196,0.15325213968753815,0.08240199089050293,0.03230052441358566,0.03475780412554741,0.05844499543309212,-1.4248672723770142,-0.9758101105690002,-0.36658456921577454,-0.2774900794029236,-0.35220780968666077,-0.4129895269870758,-0.3885248601436615,-0.34505823254585266,0.16576437652111053,1.7886701822280884,140.49900817871094,249.74998474121094,0.10532216047769058,Inhibitory (Mouse),Inhibitory
562380252,Human,aspiny,,4,0.9484763763102995,0.9458985426436404,-0.5865834637029907,0.006915021465449769,0.1990592460034291,7.783173084259033,-0.18899667263031006,-0.07757826149463654,0.03292073681950569,0.1126638725399971,0.06520455330610275,0.013616655953228474,0.027792425826191902,-0.9267907738685608,-0.6885566115379333,-0.44346532225608826,-0.21432137489318848,-0.03238386660814285,-0.029484745115041733,-0.1340639889240265,-0.24248111248016357,-0.2508792281150818,1.641390085220337,228.60171508789062,389.6099853515625,0.1990592460034291,Inhibitory (Human),Inhibitory
585080288,Mouse,aspiny,Vip-IRES-Cre,6a,0.7958479636493089,0.8545779325812264,-0.47693644715810063,0.015529033447016167,0.12244401186335599,7.984573841094971,0.2681368887424469,0.42802733182907104,0.43673309683799744,0.3619876503944397,0.22513501346111298,0.13178017735481262,0.08798141777515411,0.23470668494701385,-0.0761989876627922,-0.2961725890636444,-0.3707609474658966,-0.43081414699554443,-0.4614448845386505,-0.4593755602836609,-0.4732936918735504,0.09721564501523972,1.7174919843673706,90.60472106933594,189.95249938964844,0.12244401186335599,Inhibitory (Mouse),Inhibitory
484744672,Mouse,aspiny,Pvalb-IRES-Cre,5,0.7508372307575589,0.7043277699375979,-0.45762130057470046,0.0025448195472984377,0.45809118442480523,8.182705879211426,0.18390591442584991,0.18075940012931824,0.17580625414848328,0.17067398130893707,0.15320073068141937,0.05211099609732628,-0.17729578912258148,-0.5466334819793701,-0.48203372955322266,-0.43067482113838196,-0.3671683967113495,-0.2779804766178131,-0.0607522651553154,0.0851479172706604,0.09940329939126968,-0.2098265439271927,0.9702308177947998,169.3215789794922,369.9075012207031,0.45809118442480523,Inhibitory (Mouse),Inhibitory
570924514,Mouse,aspiny,Vip-IRES-Cre,2/3,0.6267242487354877,0.7211715038091387,-0.2997517696813267,0.011611022990259038,0.17264191856273303,8.058856964111328,0.18726924061775208,0.287192702293396,0.2965306341648102,0.2387332022190094,0.12942545115947723,0.06290382146835327,0.016199544072151184,1.1342897415161133,-0.07288051396608353,-0.9844865202903748,-0.35282081365585327,0.1384148746728897,-0.20394344627857208,-0.2999526560306549,-0.21408717334270477,-0.10776565968990326,1.4042435884475708,50.91845703125,169.8300018310547,0.17264191856273303,Inhibitory (Mouse),Inhibitory
585948651,Mouse,aspiny,Slc32a1-T2A-FlpO|Vipr2-IRES2-Cre,2/3,0.9630701996988226,0.9562394948194679,-0.4460973555878065,0.009804328964942849,0.259897683479969,8.057086944580078,0.052987098693847656,0.04640264809131622,0.0395873598754406,0.032198332250118256,0.023824721574783325,0.014651237055659294,0.008471422828733921,-0.1281367987394333,-0.10953545570373535,-0.09563256055116653,-0.08217740058898926,-0.06501448899507523,-0.03769959881901741,-0.01579505018889904,0.0005789401475340128,-0.0004907971597276628,1.43417227268219,93.58676147460938,209.7899932861328,0.259897683479969,Other (Mouse),Inhibitory
514825708,Mouse,aspiny,Htr3a-Cre_NO152,2/3,0.5778958328141148,0.7490149378911952,-0.5708291434700211,0.016814336509722257,0.09014248642544162,8.189002990722656,0.3106132447719574,0.3692215085029602,0.3357357084751129,0.2892357409000397,0.19428052008152008,0.0822332352399826,0.05682438611984253,-0.7776678800582886,-0.7036898136138916,-0.6603816747665405,-0.6641184687614441,-0.6292805075645447,-0.49530133605003357,-0.425340473651886,-0.374690443277359,-0.1496453732252121,1.965561032295227,131.1818084716797,229.77000427246094,0.09014248642544162,Inhibitory (Mouse),Inhibitory
328015342,Mouse,aspiny,Sst-IRES-Cre,5,0.651842042705013,0.6841991825932008,-0.9005311896166036,0.012492523862655097,0.21306333946955425,7.943818092346191,0.10617146641016006,0.11081833392381668,0.10926180332899094,0.15310129523277283,0.11649376153945923,0.05735424533486366,0.008427700027823448,-0.7587951421737671,-0.4347608983516693,-0.46163317561149597,-0.5311662554740906,-0.4883939027786255,-0.35089921951293945,-0.274233341217041,-0.24902062118053436,0.05593791976571083,1.5404499769210815,171.061279296875,189.95249938964844,0.21306333946955425,Inhibitory (Mouse),Inhibitory
575200757,Mouse,aspiny,Htr3a-Cre_NO152,6a,0.4710065410120348,0.5862385099073144,-0.4118626198352625,0.011829451278926255,0.12484880809339867,8.22166633605957,0.2378709614276886,0.24940495193004608,0.2566516399383545,0.2506546676158905,0.21588130295276642,0.17363287508487701,0.14230424165725708,0.09382181614637375,-0.25303950905799866,-0.01734369620680809,0.16668371856212616,0.04890238866209984,-0.40976589918136597,-0.7693023681640625,-1.0016976594924927,0.004261839669197798,1.4173904657363892,69.94664764404297,169.8300018310547,0.12484880809339867,Inhibitory (Mouse),Inhibitory
553541110,Mouse,aspiny,Chat-IRES-Cre-neo,2/3,0.6010787410167868,0.7194254217680109,-0.4146651938607291,0.0757536316446683,0.07736047303762768,8.002018928527832,-0.08476719260215759,-0.06432503461837769,0.012529882602393627,0.06741049885749817,0.08934812247753143,0.05390821397304535,-0.001346103847026825,0.05085345357656479,-0.3274795114994049,-0.5231460332870483,-0.6253679990768433,-0.46559497714042664,-0.30820563435554504,-0.2398327887058258,-0.20752312242984772,-0.1267976611852646,4.684718132019043,120.14872741699219,289.7099914550781,0.07736047303762768,Other (Mouse),Inhibitory
578485753,Mouse,aspiny,Htr3a-Cre_NO152,6a,0.6126028960368489,0.5915713479624181,-0.8269540682377056,0.036110688116320434,0.07119551798583584,7.967019557952881,0.0650225579738617,0.13004514575004578,0.14419130980968475,0.13609346747398376,0.09315954893827438,0.06518571823835373,0.04898444935679436,-0.6650112271308899,-0.41784995794296265,-0.33758482336997986,-0.5396771430969238,-0.3863925337791443,-0.2795468270778656,-0.28771108388900757,-0.30698490142822266,0.07343968003988266,2.8804779052734375,190.01463317871094,229.77000427246094,0.07119551798583584,Inhibitory (Mouse),Inhibitory
566648315,Mouse,aspiny,Nos1-CreERT2,6a,0.6240876701395727,0.5243938833122729,-0.7142910604398788,0.011215604964657724,0.12690703196940425,8.31733512878418,0.4803050458431244,0.5380176901817322,0.5290006995201111,0.4753809869289398,0.2944897413253784,0.12456635385751724,0.026270277798175812,1.6951037645339966,1.2392046451568604,0.21642550826072693,0.0067196255549788475,0.08870153874158859,-0.5967016220092773,-1.146641731262207,-1.3887399435043335,0.0017947396263480186,1.533923625946045,149.8511199951172,209.7899932861328,0.12690703196940425,Other (Mouse),Inhibitory
582917630,Mouse,aspiny,Vip-IRES-Cre,6a,0.784536306698659,0.8677113052502193,-0.5651844185967634,0.013087517184250217,0.11471805056404416,7.862514495849609,0.051048360764980316,0.19691765308380127,0.20138515532016754,0.15915830433368683,0.07324092835187912,0.018731506541371346,0.0020450244192034006,-0.368740975856781,-0.348353773355484,-0.2165355384349823,-0.2667921781539917,-0.2866598665714264,-0.23762297630310059,-0.23727823793888092,-0.231006920337677,-0.0006943384069018066,1.7341046333312988,129.8624267578125,229.77000427246094,0.11471805056404416,Inhibitory (Mouse),Inhibitory
571473428,Human,aspiny,,3,0.6365358021289963,0.8388629905447161,-0.8095617382353221,0.01779547176839693,0.10857803383856025,8.182110786437988,0.21317137777805328,0.25003761053085327,0.26824504137039185,0.25908970832824707,0.1725669652223587,0.06353829056024551,-0.0157778300344944,-0.41824010014533997,-0.5826489925384521,-0.18325969576835632,-0.15927498042583466,-0.1966674029827118,-0.28596046566963196,-0.37464195489883423,-0.44865041971206665,0.00017623287567403167,1.932178020477295,169.83795166015625,209.7899932861328,0.10857803383856025,Inhibitory (Human),Inhibitory
479682071,Mouse,spiny,Nr5a1-Cre,4,0.7672620986206167,0.6680543179832457,-0.7175581650788266,0.022748557855537588,0.0643412702150621,8.20144271850586,0.24860021471977234,0.2493850290775299,0.24083605408668518,0.1971796751022339,0.082901231944561,-0.001152597600594163,-0.034308191388845444,0.6097463965415955,0.2138144075870514,-0.04445818439126015,-0.12910841405391693,-0.2031017541885376,-0.4204123020172119,-0.6220804452896118,-0.791023850440979,0.12011542916297913,2.1854066848754883,150.66395568847656,209.94747924804688,0.0643412702150621,Excitatory (Mouse),Excitatory
501562903,Mouse,spiny,Ntsr1-Cre_GN220,6a,0.7333603623028832,0.746208517852952,-0.8461425331345274,0.012820692186898481,0.11479929352516759,8.033796310424805,0.020362207666039467,0.030302658677101135,0.0442575141787529,0.0459633395075798,0.03894741088151932,0.035484567284584045,0.022227002307772636,-0.7933170795440674,-0.7426478266716003,-0.7513274550437927,-1.0874687433242798,-0.5560508966445923,-0.3525124788284302,-0.30193519592285156,-0.2711915373802185,0.00010335117258364335,2.2358040809631348,329.9130859375,389.9024963378906,0.11479929352516759,Excitatory (Mouse),Excitatory
484564503,Mouse,spiny,Rorb-IRES2-Cre,4,0.7261246886660108,0.8092804407232078,-0.860476088184629,0.00987274366809364,0.1403180673824351,8.007588386535645,0.03189002722501755,0.052797138690948486,0.060693368315696716,0.041594166308641434,0.0019413653062656522,-0.009156649000942707,-0.010010991245508194,-0.7938446402549744,-0.8129629492759705,-0.6808395385742188,-0.557897686958313,-0.424936443567276,-0.39235779643058777,-0.38509273529052734,-0.3769618570804596,5.72908945083812e-15,2.060150146484375,369.9122314453125,429.89251708984375,0.1403180673824351,Excitatory (Mouse),Excitatory
318733871,Mouse,spiny,Nr5a1-Cre,4,0.7935139142533766,0.6996832737208345,-0.6120382913579675,0.005195330683342002,0.19266790719108953,8.376376152038574,0.4456421732902527,0.4575532078742981,0.41710785031318665,0.31837546825408936,0.1339779496192932,0.008308019489049911,-0.07371223717927933,0.3650866448879242,0.11374470591545105,-0.13088756799697876,-0.21936634182929993,-0.34829244017601013,-0.7090067863464355,-0.8698782920837402,-0.9528974890708923,0.057716961950063705,1.0443881750106812,128.49923706054688,209.94749450683594,0.19266790719108953,Excitatory (Mouse),Excitatory
522108467,Mouse,aspiny,Htr3a-Cre_NO152,2/3,0.6443943361307753,0.7200456862707727,-0.3365759280009798,0.007146524454572956,0.17727944132865742,8.384090423583984,0.4577236771583557,0.5168862342834473,0.4672846794128418,0.3375474214553833,0.13650281727313995,0.017049413174390793,-0.04833325371146202,0.6708473563194275,0.24169911444187164,-0.3325721025466919,-0.3401850759983063,-0.2715034782886505,-0.4363395571708679,-0.5642060041427612,-0.6325538158416748,0.06926199048757553,1.2244465351104736,70.61505889892578,209.7899932861328,0.17727944132865742,Inhibitory (Mouse),Inhibitory
314900022,Mouse,spiny,Scnn1a-Tg3-Cre,4,0.6807550573101872,0.7957102858973829,-0.47855381707718947,0.01805249376463413,0.0939698159554173,8.416069030761719,0.4872666001319885,0.48657089471817017,0.4524541199207306,0.37749654054641724,0.19684357941150665,0.033495720475912094,-0.10331050306558609,0.40980803966522217,0.05851193517446518,-0.25207042694091797,-0.3077922463417053,-0.2924937903881073,-0.5304858088493347,-0.7915520071983337,-0.9991438984870911,0.13108809292316437,1.8517873287200928,90.919677734375,189.95249938964844,0.0939698159554173,Excitatory (Mouse),Excitatory
562535995,Mouse,aspiny,Vip-IRES-Cre,2/3,0.8142460755919964,0.8367789939282841,-0.3380002783473356,0.007775565977801527,0.2191013426968496,8.090215682983398,0.23924987018108368,0.28942278027534485,0.18112298846244812,0.006480280309915543,-0.06508850306272507,-0.02597764879465103,0.03765200823545456,0.1301519125699997,-0.29621565341949463,-0.22044849395751953,-0.15374794602394104,-0.21997860074043274,-0.18091429769992828,-0.06878521293401718,0.003714402671903372,-1.1416461526136956e-11,1.14914071559906,57.402587890625,169.8300018310547,0.2191013426968496,Inhibitory (Mouse),Inhibitory
322297406,Mouse,spiny,Ntsr1-Cre_GN220,6a,0.7025111046339886,0.6509995161949836,-0.8095339534457112,0.008963683031174905,0.1937720875958489,8.067259788513184,0.1943366974592209,0.1972169280052185,0.14931944012641907,0.12748855352401733,0.08608971536159515,0.027579965069890022,-0.007361482363194227,0.49210649728775024,0.2556540369987488,-0.15513980388641357,-0.4506574273109436,-0.5403396487236023,-0.3723357021808624,-0.2717802822589874,-0.23227356374263763,9.199414841010167e-11,1.3718246221542358,169.95962524414062,209.94749450683594,0.1937720875958489,Excitatory (Mouse),Excitatory
583671359,Mouse,aspiny,Chrna2-Cre_OE25,5,0.5245770084340217,0.6748652646841259,-0.6470844565918238,0.008683305805776366,0.2693570769800952,8.431365013122559,0.4736505448818207,0.3884883522987366,0.3097561299800873,0.24748685956001282,0.15782007575035095,0.06853888928890228,-0.04052482545375824,1.5744282007217407,0.43159136176109314,-0.6530619263648987,-0.08303365856409073,0.36221548914909363,-0.1263902187347412,-0.5715838670730591,-0.8602010607719421,0.008366040885448456,1.2143664360046387,109.89442443847656,169.8300018310547,0.2693570769800952,Other (Mouse),Inhibitory
469704261,Mouse,spiny,Nr5a1-Cre,4,0.797546916497112,0.8442411366131097,-0.7631408260959559,0.003361074157970844,0.16817330326172023,7.92026948928833,-0.05454440042376518,-0.012613261118531227,0.024422578513622284,0.033273860812187195,-0.01931622438132763,-0.03147784620523453,0.027088286355137825,-1.8086583614349365,-1.2765356302261353,-0.7528276443481445,-0.3394811153411865,-0.08251721411943436,-0.09055394679307938,-0.18755245208740234,-0.2523375153541565,0.25578540563583374,1.3090909719467163,389.169921875,509.8724670410156,0.16817330326172023,Excitatory (Mouse),Excitatory
475586130,Mouse,aspiny,Htr3a-Cre_NO152,5,0.6845183841277189,0.67960869506103,-0.4789399180914356,0.007177063957857179,0.17262509514874444,8.225336074829102,0.22883464395999908,0.1735973358154297,0.09925547242164612,0.08997762203216553,0.07991255074739456,0.03573407232761383,0.02272495999932289,-0.6967577934265137,-0.7041515707969666,-0.7424805760383606,-0.7821654677391052,-0.7250351905822754,-0.6130761504173279,-0.5148444175720215,-0.39248642325401306,0.03551403060555458,1.2846447229385376,110.1299057006836,229.9425048828125,0.17262509514874444,Inhibitory (Mouse),Inhibitory
566541912,Mouse,aspiny,Nkx2-1-CreERT2,6b,0.7911277216370903,0.7797138963113931,-0.8683560549879001,0.14798077513843133,0.040756821571118346,7.926416397094727,0.06471927464008331,0.10261651873588562,0.09051492810249329,0.10548713058233261,0.11355426907539368,0.07078278809785843,0.034986019134521484,0.08652979135513306,0.1399202048778534,-0.1439048945903778,-0.33453667163848877,-0.3326862156391144,-0.22822372615337372,-0.18787863850593567,-0.1605699360370636,-0.17047445476055145,4.7090253829956055,130.1522216796875,149.85000610351562,0.040756821571118346,Other (Mouse),Inhibitory
508272216,Mouse,spiny,Ntsr1-Cre_GN220,6a,0.7375812403353204,0.7474086441340905,-0.7038370360531143,0.010990012107614135,0.09357711919656397,8.501977920532227,0.3806091248989105,0.2602476477622986,0.18419653177261353,0.11004829406738281,0.02133847400546074,0.00040284200804308057,0.029663190245628357,-2.260714292526245,-1.8095229864120483,-1.2566536664962769,-0.9107825756072998,-0.6249912977218628,-0.4070020318031311,-0.32781994342803955,-0.2752695679664612,0.02260786108672619,1.7223708629608154,189.98899841308594,269.9324951171875,0.09357711919656397,Excitatory (Mouse),Excitatory
562527850,Mouse,aspiny,Vip-IRES-Cre,5,0.5228064232003825,0.6840996854669347,-0.33531705761575387,0.008836809958021795,0.20253041500507216,7.806501388549805,0.08831072598695755,0.25929683446884155,0.249507337808609,0.17945241928100586,0.10184978693723679,0.04871581867337227,0.0007051094435155392,0.20129887759685516,0.1360778957605362,0.09788880497217178,0.037178993225097656,-0.029617320746183395,-0.11170915514230728,-0.16090093553066254,-0.1967121809720993,0.050193943083286285,1.1507371664047241,50.24978256225586,149.85000610351562,0.20253041500507216,Inhibitory (Mouse),Inhibitory
541548139,Human,spiny,,5,0.6514117067149714,0.6873075598790116,-0.7143129492399076,0.01184899813298211,0.1564766956127726,8.212976455688477,0.3455408215522766,0.3972722887992859,0.32956188917160034,0.22694188356399536,0.0967545434832573,0.034477077424526215,0.022735513746738434,-0.04993172362446785,-0.6549297571182251,-0.3460862934589386,-0.2815878689289093,-0.2903236746788025,-0.39923524856567383,-0.4064059257507324,-0.3384971618652344,-0.010529810562729836,1.576642394065857,149.85581970214844,209.7899932861328,0.1564766956127726,Excitatory (Human),Excitatory
488685185,Mouse,aspiny,Pvalb-IRES-Cre,4,0.9354301601165614,0.921063783601399,-0.7717911926403449,0.0039795659594113195,0.5772832128350798,6.702004909515381,-0.5502341985702515,-0.10922069847583771,0.04475349187850952,0.1028423011302948,0.0846175029873848,0.055116988718509674,0.06590687483549118,-0.08475974202156067,-0.24875961244106293,-0.33717137575149536,-0.22900116443634033,-0.13316349685192108,-0.10437680780887604,-0.1165657490491867,-0.12149576842784882,-0.0011851382441818714,1.6081266403198242,501.53887939453125,649.8375244140625,0.5772832128350798,Inhibitory (Mouse),Inhibitory
480124551,Mouse,spiny,Rorb-IRES2-Cre,4,0.6737263509013911,0.7666038373102481,-0.6535489646455798,0.011105361468427966,0.09042511105334815,8.079371452331543,0.07669050246477127,0.0763867050409317,0.07969284802675247,0.07671868056058884,0.062083885073661804,0.05927787348628044,0.05785486474633217,-0.8541781306266785,-0.9007768630981445,-0.8794799447059631,-0.8608616590499878,-0.8669466972351074,-0.900499701499939,-0.9584736227989197,-1.012681245803833,0.058206360787153244,1.5979970693588257,150.28207397460938,229.9425048828125,0.09042511105334815,Excitatory (Mouse),Excitatory
502267531,Mouse,spiny,Nr5a1-Cre,4,0.728653409391948,0.7297439872696486,-0.8163711657401845,0.00843758466376656,0.1580076374571723,7.989105224609375,0.13035517930984497,0.2605600655078888,0.33977454900741577,0.3306094706058502,0.17566917836666107,0.06996988505125046,0.017895372584462166,-0.5406436324119568,-0.9380608797073364,-0.5749343037605286,-0.23142901062965393,-0.09273558109998703,-0.2784617841243744,-0.4514017105102539,-0.5344249606132507,-0.05161065235733986,1.3304588794708252,171.2691650390625,209.7899932861328,0.1580076374571723,Excitatory (Mouse),Excitatory
563175057,Mouse,spiny,Tlx3-Cre_PL56,5,0.5957611648025203,0.6377814019875574,-0.8122392467824042,0.1107860194697783,0.045533019544046816,8.085114479064941,0.11497396230697632,0.12069544941186905,0.11350396275520325,0.10166439414024353,0.08519098162651062,0.07706478983163834,0.058868106454610825,-0.498502254486084,0.020322676748037338,0.11862006783485413,0.04677050933241844,-0.046029217541217804,-0.27615445852279663,-0.38674479722976685,-0.4244557321071625,-0.22725112736225128,4.820974826812744,170.45130920410156,209.7899932861328,0.045533019544046816,Excitatory (Mouse),Excitatory
567320213,Mouse,sparsely spiny,Chrna2-Cre_OE25,5,0.7585498127346987,0.6852703773019566,-0.5263346957306504,0.010567191711314762,0.15754348121309472,8.403277397155762,0.3562673330307007,0.25533628463745117,0.14794351160526276,0.027998238801956177,-0.05598205327987671,-0.03342270106077194,0.007129530888050795,0.007940923795104027,-0.09551875293254852,-0.22104959189891815,-0.33551642298698425,-0.4080810248851776,-0.32752954959869385,-0.2241450995206833,-0.13881295919418335,0.00017225171905010939,1.416248083114624,99.9035873413086,189.80999755859375,0.15754348121309472,Other (Mouse),Sparsely Spiny
482516631,Mouse,aspiny,Pvalb-IRES-Cre,5,0.8039953999341679,0.6157517595593393,-0.5797310878641908,0.004034081042625376,0.42337361027654796,8.003064155578613,0.002769364044070244,0.0015226957621052861,0.0008253072737716138,0.00031034424318931997,-0.0033102710731327534,-0.019181450828909874,-0.048466168344020844,-0.012819112278521061,-0.0028602525126188993,0.0035300373565405607,0.0052182553336024284,0.008285140618681908,0.02691780962049961,0.04534564167261124,0.05092471465468407,0.17211005091667175,1.3168983459472656,249.25167846679688,429.89251708984375,0.42337361027654796,Inhibitory (Mouse),Inhibitory
569286299,Mouse,aspiny,Htr3a-Cre_NO152,5,0.7756792602849374,0.801448074933781,-0.6800089078341591,0.010498348031550758,0.12048378577405701,8.568699836730957,0.5341439247131348,0.394584983587265,0.21776077151298523,0.08717801421880722,0.03171246871352196,0.019917629659175873,0.061224304139614105,-0.10177033394575119,-0.26334071159362793,-0.7124152183532715,-1.0726724863052368,-1.266136884689331,-1.2836856842041016,-1.2101308107376099,-1.146064043045044,-3.092794642611807e-08,1.6192474365234375,169.83221435546875,249.74998474121094,0.12048378577405701,Inhibitory (Mouse),Inhibitory
490626718,Mouse,spiny,Rorb-IRES2-Cre,4,0.8184997089692605,0.789717567163259,-0.7424957916634067,0.008489731138626694,0.1390612282416118,7.884660720825195,-0.05908752605319023,0.02187207341194153,0.05535832792520523,0.04796231910586357,0.002333015203475952,-0.0075179338455200195,0.00974110048264265,-1.198270559310913,-1.060401439666748,-0.5619764924049377,-0.3523625433444977,-0.23695077002048492,-0.18474937975406647,-0.15856888890266418,-0.13221436738967896,1.2861209143011365e-05,1.72356116771698,259.8085632324219,349.9125061035156,0.1390612282416118,Excitatory (Mouse),Excitatory
575012511,Mouse,aspiny,Htr3a-Cre_NO152,2/3,0.5751798938925753,0.5328898228709514,-0.9371384290504567,0.01856228117911673,0.14406942532723765,7.805240154266357,-0.151233971118927,-0.02056487277150154,0.09589553624391556,0.1135198324918747,0.06669113785028458,0.03726140037178993,0.029137713834643364,-0.5956772565841675,-0.8444201350212097,-0.6831879615783691,-0.3835633099079132,-0.2774598300457001,-0.3728456497192383,-0.39461883902549744,-0.41139736771583557,0.027242442592978477,2.397614002227783,290.22314453125,309.69000244140625,0.14406942532723765,Inhibitory (Mouse),Inhibitory
484744867,Mouse,aspiny,Pvalb-IRES-Cre,4,0.8740352821582738,0.5882656197021734,-0.5428905622939366,0.012185137304805721,0.4644067088196549,7.993030071258545,-0.005307675339281559,-0.005175480619072914,-0.004914605524390936,-0.00450519472360611,-0.003830196103081107,-0.0042174868285655975,-0.0060489908792078495,-0.007475954480469227,-0.007881121709942818,-0.008309985511004925,-0.00838488806039095,-0.008035551756620407,-0.006917289458215237,-0.006288747303187847,-0.006600395776331425,0.008168463595211506,2.064880609512329,189.96426391601562,349.9125061035156,0.4644067088196549,Inhibitory (Mouse),Inhibitory
320880293,Mouse,spiny,Scnn1a-Tg3-Cre,4,0.8271394877692737,0.8345174361536981,-0.7930704828165234,0.015263137958570186,0.10193251822657275,8.113186836242676,0.1190936416387558,0.14725327491760254,0.14891619980335236,0.08303161710500717,-0.04084250330924988,-0.03852376341819763,-0.005881842691451311,-1.5300335884094238,-1.1289267539978027,-0.48824796080589294,-0.140822634100914,-0.06970924884080887,-0.2135273963212967,-0.28005731105804443,-0.28320229053497314,0.0017204975010827184,2.103616714477539,229.9329376220703,289.927490234375,0.10193251822657275,Excitatory (Mouse),Excitatory
530235049,Mouse,aspiny,Ndnf-IRES2-dgCre,2/3,0.8522273297519848,0.8259883523983345,-0.5183464275243884,0.008275794496420467,0.13547851825517632,8.018929481506348,0.11217775195837021,0.19294241070747375,0.1861789971590042,0.15364985167980194,0.08401946723461151,0.0151284858584404,-0.053304847329854965,-0.7768967747688293,-1.117072343826294,-1.1860744953155518,-1.0562212467193604,-0.7138198018074036,-0.29795727133750916,-0.012518729083240032,0.2066207379102707,0.05208141356706619,1.5484122037887573,150.1728515625,289.7099914550781,0.13547851825517632,Inhibitory (Mouse),Inhibitory
483057325,Mouse,spiny,Cux2-CreERT2,4,0.7622660616444006,0.7875560029554524,-0.640057209129993,0.06283700955062747,0.07851135868970598,7.8932952880859375,-0.09066702425479889,-0.05108466371893883,0.006151517387479544,0.04534956067800522,0.037180621176958084,0.0001643248542677611,-0.02828347310423851,-0.33482638001441956,-0.42870932817459106,-0.4079594612121582,-0.35019856691360474,-0.20655928552150726,-0.1489044576883316,-0.17584356665611267,-0.19529277086257935,1.1063711014003275e-07,3.962994337081909,159.9742889404297,249.93748474121094,0.07851135868970598,Excitatory (Mouse),Excitatory
484818613,Mouse,aspiny,Pvalb-IRES-Cre,5,0.8774913669125787,0.5604524938454101,-0.7172559317824764,0.003424851908541984,0.4014782428900598,7.979560375213623,-0.015488889068365097,-0.0654848963022232,-0.11620943248271942,-0.12902046740055084,-0.11070822924375534,-0.09409424662590027,-0.07690645009279251,0.3852497637271881,0.4497617185115814,0.271452933549881,0.07637639343738556,-0.03278835862874985,-0.07425682246685028,-0.07785584777593613,-0.07634521275758743,0.09283945709466934,1.3970245122909546,408.7422790527344,569.8574829101562,0.4014782428900598,Inhibitory (Mouse),Inhibitory
561790658,Mouse,spiny,Htr3a-Cre_NO152,6a,0.745935733945383,0.8293172675014767,-0.6004861751344116,0.04425574876105811,0.06425537656862562,8.288002014160156,0.046231724321842194,-0.11969272047281265,-0.08122070878744125,0.027354920282959938,0.04090512543916702,0.0006550485268235207,0.0003934274718631059,-0.1335015445947647,-0.8693550825119019,-1.2040023803710938,-1.0006524324417114,-0.5569704174995422,-0.16822846233844757,-0.16843268275260925,-0.22629587352275848,-0.04487651586532593,2.5752134323120117,89.98487091064453,149.85000610351562,0.06425537656862562,Inhibitory (Mouse),Excitatory
582647492,Mouse,aspiny,Chat-IRES-Cre-neo,2/3,0.7562811372387809,0.6153078062302482,-0.2999635441254247,0.02817577913597023,0.08852641061523854,8.222372055053711,0.3146742284297943,0.33749884366989136,0.3003555238246918,0.24855077266693115,0.15962404012680054,0.07110606133937836,0.02612438052892685,-0.056193411350250244,-0.13729949295520782,-0.1795065701007843,0.004371260292828083,-0.0021484927274286747,-0.13601729273796082,-0.27402737736701965,-0.3719802498817444,-0.16972209513187408,2.187485456466675,50.971614837646484,169.8300018310547,0.08852641061523854,Other (Mouse),Inhibitory
341016267,Mouse,aspiny,Pvalb-IRES-Cre,2/3,0.9782820244047616,0.9787859805719926,-0.6158484336850544,0.004468595376689292,0.3481994779097468,7.974728584289551,0.019505230709910393,0.07545396685600281,0.10409880429506302,0.10975035279989243,0.08341529220342636,0.03251873701810837,-0.05443889647722244,-0.6892729997634888,-0.5076078772544861,-0.2749875485897064,-0.16562418639659882,-0.11129944026470184,-0.06635817140340805,-0.033946841955184937,-0.025249958038330078,0.21025200188159943,1.4490392208099365,289.42059326171875,469.8824768066406,0.3481994779097468,Inhibitory (Mouse),Inhibitory
502808270,Mouse,spiny,Cux2-CreERT2,5,0.6376993788388142,0.5936496147648723,-0.8095686480788099,0.01096757990698068,0.16161177361163986,7.587508678436279,-0.024996809661388397,0.29544344544410706,0.350943922996521,0.3289257884025574,0.26476988196372986,0.18918199837207794,0.14658436179161072,0.7083460688591003,-1.5794912576675415,-0.6188775897026062,-0.4707842767238617,-0.38524898886680603,-0.27186983823776245,-0.48274117708206177,-0.7188677787780762,1.2407826943672262e-07,1.516867995262146,169.8394012451172,209.7899932861328,0.16161177361163986,Excitatory (Mouse),Excitatory
505798354,Mouse,spiny,Scnn1a-Tg3-Cre,4,0.6732784291433174,0.7114465207455579,-0.580762369463291,0.00554422591807563,0.13635719038736324,8.068836212158203,0.21701325476169586,0.30610305070877075,0.3162425756454468,0.30466145277023315,0.2537349462509155,0.19074711203575134,0.16953976452350616,1.4661918878555298,0.19182293117046356,-0.8844693899154663,-0.9209140539169312,-0.5773836970329285,-0.5734618306159973,-0.7293283939361572,-0.7007282376289368,-0.0426211878657341,1.0258408784866333,110.23632049560547,189.80999755859375,0.13635719038736324,Excitatory (Mouse),Excitatory
560750295,Mouse,aspiny,Nos1-CreERT2,5,0.7052237697148213,0.7232547581644508,-0.3181103475886795,0.014991174656774672,0.10636378798038185,8.234968185424805,0.04964262247085571,-0.17513154447078705,-0.21511927247047424,-0.16911059617996216,-0.028611505404114723,0.025924084708094597,0.03465717285871506,0.14969897270202637,-0.3155663013458252,-0.5359076261520386,-0.5815865397453308,-0.5514041185379028,-0.4207600951194763,-0.3268570005893707,-0.26734447479248047,0.08016949146986008,1.6868535280227661,60.3869514465332,189.80999755859375,0.10636378798038185,Other (Mouse),Inhibitory
569810649,Mouse,aspiny,Vip-IRES-Cre,2/3,0.6589514416996924,0.8481666981817456,-0.37038173554005127,0.01225266723871139,0.13138311737452443,8.30087661743164,0.3536728024482727,0.3578920364379883,0.31229066848754883,0.22066447138786316,0.0932316929101944,0.028086775913834572,-0.0013567677233368158,-0.0513140968978405,-0.1973477154970169,-0.27546218037605286,-0.27431613206863403,-0.2550898492336273,-0.25869104266166687,-0.2672989070415497,-0.27318623661994934,0.06747570633888245,1.5250176191329956,70.30670928955078,189.80999755859375,0.13138311737452443,Inhibitory (Mouse),Inhibitory
475619045,Mouse,aspiny,Htr3a-Cre_NO152,4,0.6627056447928871,0.7514850317165865,-0.33098693787677713,0.005719078660806938,0.2073357890184151,7.828096389770508,-0.12277495115995407,-0.12262221425771713,-0.11546337604522705,-0.08072346448898315,-0.022307641804218292,0.01746501214802265,0.04305049404501915,-0.6628323793411255,-0.6354271769523621,-0.5559839010238647,-0.5832622647285461,-0.3765404224395752,-0.17476584017276764,-0.13422490656375885,-0.11702928692102432,-0.22729089856147766,1.0957673788070679,69.54153442382812,209.94747924804688,0.2073357890184151,Inhibitory (Mouse),Inhibitory
328031983,Mouse,aspiny,Sst-IRES-Cre,5,0.8769587166969296,0.8545131263068879,-0.6537898342265462,0.010855071285810829,0.1542232653198466,7.8688483238220215,0.030584774911403656,0.17524312436580658,0.21088533103466034,0.15719740092754364,0.034552037715911865,0.00020807063265237957,0.04465954005718231,-0.7499566674232483,-0.44870346784591675,-0.2262185961008072,-0.1796931028366089,-0.1908668726682663,-0.19774484634399414,-0.1792825311422348,-0.13811685144901276,0.06373865902423859,1.579886794090271,150.338134765625,229.9425048828125,0.1542232653198466,Inhibitory (Mouse),Inhibitory
570081024,Mouse,aspiny,Vip-IRES-Cre,2/3,0.8069496607489544,0.5941227655798424,-0.4312569221461436,0.011060535459918159,0.18774167046530676,8.111252784729004,0.11563064157962799,0.07259996235370636,0.039741307497024536,0.011895732954144478,-0.005574692972004414,-0.005303988698869944,-0.012885394506156445,-0.5956860780715942,-0.6236583590507507,-0.5662023425102234,-0.5015873312950134,-0.5500620007514954,-0.675399124622345,-0.7168117165565491,-0.7244162559509277,-0.07982740551233292,1.523282527923584,90.4797592163086,209.7899932861328,0.18774167046530676,Inhibitory (Mouse),Inhibitory
501841672,Mouse,spiny,Ctgf-T2A-dgCre,6a,0.7381045150243151,0.8046172311465609,-0.6273005801401791,0.004859638956127929,0.1404494382022469,8.107025146484375,0.09132117033004761,0.0768989846110344,0.0688968151807785,0.05996137857437134,0.04141702875494957,0.02301265299320221,0.008959119208157063,-0.35642778873443604,-0.3450331687927246,-0.3281087577342987,-0.29646238684654236,-0.2401096224784851,-0.16886571049690247,-0.13679175078868866,-0.12010647356510162,0.27252456545829773,1.1448975801467896,169.27606201171875,269.7300109863281,0.1404494382022469,Excitatory (Mouse),Excitatory
586358539,Mouse,aspiny,Htr3a-Cre_NO152|Pvalb-T2A-Dre,6a,0.9395804572810514,0.9444697304783752,-0.5152697804057381,0.005851460148381713,0.14739805581962057,8.094999313354492,0.09582366794347763,0.09007564932107925,0.08344612270593643,0.07802077382802963,0.05896398052573204,0.011956197209656239,-0.05771183222532272,-0.5754674077033997,-0.4648924767971039,-0.4210968017578125,-0.35620760917663574,-0.209101140499115,-0.04929080978035927,0.0415031835436821,0.11077570170164108,0.2293844372034073,1.3020086288452148,149.3314208984375,289.7099914550781,0.14739805581962057,Inhibitory (Mouse),Inhibitory
490626827,Mouse,spiny,Rorb-IRES2-Cre,4,0.7862010608528058,0.7896511327018733,-0.7037214531301595,0.01713194247353625,0.08686170652156538,7.922306537628174,-0.0784556195139885,-0.048656512051820755,0.03532307967543602,0.10333659499883652,0.05572396144270897,-0.007268079090863466,-0.04111674800515175,-1.1390241384506226,-1.4200254678726196,-1.1752249002456665,-0.7629367709159851,-0.33155369758605957,-0.12888821959495544,-0.17223913967609406,-0.21657457947731018,0.015718750655651093,2.1504576206207275,189.95753479003906,269.9324951171875,0.08686170652156538,Excitatory (Mouse),Excitatory
564346637,Mouse,aspiny,Ndnf-IRES2-dgCre,5,0.6316751668182422,0.6843163728748756,-0.37540775105369256,0.013883340340189,0.14470062886893512,8.263894081115723,0.2255006730556488,0.08159458637237549,0.0197849590331316,0.0428401418030262,0.08168549090623856,0.020555179566144943,-0.013075632974505424,0.1347959339618683,-0.2693692445755005,-0.45772895216941833,-0.4586406946182251,-0.4350864887237549,-0.2932235300540924,-0.21568112075328827,-0.1630060076713562,0.13578511774539948,1.6233289241790771,71.27458190917969,189.80999755859375,0.14470062886893512,Inhibitory (Mouse),Inhibitory
566673170,Mouse,aspiny,Nkx2-1-CreERT2,6a,0.7652918974574986,0.7865312041367439,-0.6565027433236369,0.021533147078482928,0.08749293713264022,8.159502029418945,0.16879703104496002,0.18105022609233856,0.16595269739627838,0.13329583406448364,0.08049798756837845,0.04718783125281334,0.06254883110523224,-0.3806508183479309,-1.1374261379241943,-0.8652775287628174,-0.5470486283302307,-0.3567332923412323,-0.2826623022556305,-0.26750296354293823,-0.2123919427394867,0.1477055847644806,2.2243361473083496,150.866455078125,229.77000427246094,0.08749293713264022,Other (Mouse),Inhibitory
542179094,Human,aspiny,,3,0.44864205633363136,0.5320135209575044,-0.8241691646179229,0.17211047644264055,0.03101674246538178,8.39018726348877,0.41302362084388733,0.464085191488266,0.4597436785697937,0.37555092573165894,0.2168087363243103,0.13311463594436646,0.07486623525619507,-1.158750057220459,-0.42018017172813416,0.07730835676193237,0.32515475153923035,0.21921786665916443,-0.3354230523109436,-0.5654071569442749,-0.6735043525695801,0.3610460162162781,4.348933219909668,90.69830322265625,109.88999938964844,0.03101674246538178,Inhibitory (Human),Inhibitory
485932822,Mouse,spiny,Cux2-CreERT2,4,0.8454360831827713,0.8879652750527921,-0.7418519304720226,0.007904598737292426,0.14163073199932769,8.003654479980469,0.0024747028946876526,0.021365473046898842,0.06045619025826454,0.0886545479297638,0.05562344938516617,-0.007669021841138601,-0.02745051681995392,-0.8634327054023743,-0.9093180298805237,-1.0614683628082275,-0.6754993200302124,-0.3024199306964874,-0.1841350793838501,-0.20971214771270752,-0.26221099495887756,-0.0011850065784528852,1.5651878118515015,229.91659545898438,309.9224853515625,0.14163073199932769,Excitatory (Mouse),Excitatory
474267418,Mouse,aspiny,Htr3a-Cre_NO152,2/3,0.7115480280596215,0.7672836418203798,-0.29416028001303846,0.008374920565807199,0.2343386775049894,8.031702995300293,0.23505659401416779,0.36108165979385376,0.3465035557746887,0.271121621131897,0.14794765412807465,0.0758800059556961,0.06472824513912201,0.23626898229122162,-0.22003988921642303,-0.331874817609787,-0.07116188108921051,-0.06010797992348671,-0.2685563862323761,-0.36600378155708313,-0.3723018765449524,0.00033876384259201586,1.1930551528930664,49.994747161865234,169.95750427246094,0.2343386775049894,Inhibitory (Mouse),Inhibitory
480952106,Mouse,aspiny,Pvalb-IRES-Cre,5,0.9620648427979908,0.9617509338542536,-0.543313235941802,0.006005305408850261,0.25706940874035883,8.000555992126465,0.0012864567106589675,0.0021075254771858454,0.0032491914462298155,0.00402370560914278,0.003454286837950349,-0.00020302891789469868,-0.007141042500734329,-0.16101688146591187,-0.10556282848119736,-0.05898594483733177,-0.03897441178560257,-0.034808624535799026,-0.010044081136584282,-0.012425034306943417,-0.018644077703356743,0.031171130016446114,1.4495970010757446,190.11306762695312,349.9125061035156,0.25706940874035883,Inhibitory (Mouse),Inhibitory
574734127,Mouse,aspiny,Ndnf-IRES2-dgCre,1,0.8898882413273885,0.906174509038996,-0.6496117949186111,0.004065059336441702,0.21443112922443158,7.79873514175415,-0.12022928148508072,-0.037139520049095154,0.010656666941940784,0.04359429329633713,0.0664413571357727,0.04792618378996849,-0.03763260692358017,-1.163773775100708,-0.9757096171379089,-0.77143394947052,-0.620039701461792,-0.36458393931388855,-0.17377234995365143,-0.08981700241565704,-0.04366016760468483,-0.19452442228794098,1.3214490413665771,279.0915832519531,429.57000732421875,0.21443112922443158,Inhibitory (Mouse),Inhibitory
581058351,Mouse,aspiny,Nkx2-1-CreERT2,2/3,0.9541790210169642,0.9535390770571125,-0.4348692446974089,0.00743655347861622,0.23442371617860666,8.154306411743164,0.2076483815908432,0.1865987926721573,0.13061606884002686,0.08309753239154816,0.03491614758968353,-0.009970641694962978,-0.03216060250997543,0.09325335919857025,-0.01753903366625309,-0.2121833860874176,-0.3350987732410431,-0.2928292751312256,-0.10991164296865463,0.016104713082313538,0.09486592561006546,-0.009073448367416859,1.30717134475708,99.91999053955078,229.77000427246094,0.23442371617860666,Other (Mouse),Inhibitory
526950199,Mouse,spiny,Ctgf-T2A-dgCre,6b,0.7022591115995073,0.6997699260309256,-0.47628567759971496,0.017439388076282973,0.11508012223350127,8.407244682312012,0.5115200877189636,0.5535354018211365,0.5240024328231812,0.44623109698295593,0.27713456749916077,0.1167992353439331,-0.009058577939867973,-0.8677948713302612,0.6712915301322937,0.3501918911933899,0.12942492961883545,0.09523185342550278,-0.5064143538475037,-0.9070581197738647,-1.100320816040039,-0.0922452062368393,1.8193873167037964,90.41229248046875,189.80999755859375,0.11508012223350127,Excitatory (Mouse),Excitatory
555089724,Mouse,aspiny,Ndnf-IRES2-dgCre,1,0.7447697939696574,0.8132919108520684,-0.6540292305643995,0.0190628533335165,0.08304193916878878,7.880090236663818,0.002109032589942217,0.08940965682268143,0.12311965227127075,0.12867604196071625,0.09072838723659515,0.060773275792598724,0.04740618169307709,-0.5483221411705017,-0.2691040337085724,-0.2937036454677582,-0.2660940885543823,-0.2528671622276306,-0.2899838387966156,-0.23321348428726196,-0.1323089748620987,0.08868668228387833,2.092862129211426,150.28416442871094,229.77000427246094,0.08304193916878878,Inhibitory (Mouse),Inhibitory
477880128,Mouse,aspiny,Htr3a-Cre_NO152,2/3,0.7660941206175792,0.8414009608252836,-0.4290888514571043,0.009098442648916115,0.18966503826587364,7.969558238983154,-0.03656887635588646,-0.04204869642853737,-0.03817669674754143,-0.028106991201639175,-0.013131789863109589,-0.01069574523717165,-0.0112492386251688,-0.1534392535686493,-0.1533174365758896,-0.15224282443523407,-0.14935500919818878,-0.1444026082754135,-0.1325596421957016,-0.1223301962018013,-0.11500076204538345,0.0315803624689579,1.3820980787277222,90.08712005615234,209.94747924804688,0.18966503826587364,Inhibitory (Mouse),Inhibitory
583434059,Mouse,aspiny,Chrna2-Cre_OE25|Pvalb-T2A-Dre,5,0.9540551458944155,0.9357673625814035,-0.6940431071739409,0.004848038086883767,0.28792422755678787,7.862851142883301,-0.05059967562556267,0.03937491774559021,0.10234592109918594,0.14209233224391937,0.1249007135629654,0.05864955857396126,-0.05049588903784752,-0.591059148311615,-0.7563834190368652,-0.8099884390830994,-0.6972367763519287,-0.41793203353881836,-0.1633700132369995,-0.1004563495516777,-0.09299387037754059,0.31137263774871826,1.6904088258743286,409.1728820800781,589.4099731445312,0.28792422755678787,Other (Mouse),Inhibitory
478412623,Mouse,aspiny,Sst-IRES-Cre,5,0.2884444066347414,0.5060117107396724,-0.41575641445647626,0.010182705329083098,0.19902921510042693,7.738547325134277,0.03283584490418434,0.29518941044807434,0.3886340856552124,0.3454529047012329,0.1656647026538849,0.06129720062017441,0.09229765832424164,-0.6311216354370117,-0.01802421174943447,0.38071805238723755,0.24964898824691772,-0.051782622933387756,-0.43833300471305847,-0.4078328609466553,-0.1964108943939209,-0.08140360563993454,1.3155330419540405,70.66754913330078,169.95750427246094,0.19902921510042693,Inhibitory (Mouse),Inhibitory
623427407,Mouse,aspiny,Nos1-CreERT2|Sst-IRES-FlpO,6b,0.38393463397944744,0.5177432283839893,-0.4637938655840268,0.02365676562423185,0.06947217542113512,7.5334882736206055,-0.00529540004208684,0.3606833517551422,0.3990573287010193,0.3556455373764038,0.2099408209323883,0.10611635446548462,0.033262841403484344,-0.43737003207206726,0.2821770906448364,0.3711733818054199,0.2779999375343323,0.3461703658103943,-0.2877068519592285,-0.6814754009246826,-0.7708144783973694,0.025600990280508995,1.7527989149093628,60.23356246948242,129.8699951171875,0.06947217542113512,Other (Mouse),Inhibitory
524689239,Mouse,aspiny,Vip-IRES-Cre,2/3,0.8300710239377509,0.8533081929949511,-0.48384874696078667,0.01422883366098756,0.09928705934169042,7.946169853210449,-0.02221905067563057,0.01838485710322857,0.04504605382680893,0.04779685661196709,0.02133857272565365,0.0014870143495500088,-0.0039245132356882095,-0.41722944378852844,-0.4211401641368866,-0.27535295486450195,-0.16879285871982574,-0.17578136920928955,-0.2112787812948227,-0.2326638102531433,-0.22923481464385986,0.09648673981428146,1.9590669870376587,130.51783752441406,269.7300109863281,0.09928705934169042,Inhibitory (Mouse),Inhibitory
478396248,Mouse,aspiny,Sst-IRES-Cre,5,0.739708593350499,0.7237254639551408,-0.7979352426958998,0.022537004399107868,0.13550880983425537,7.950592041015625,0.19179120659828186,0.2940828502178192,0.31426694989204407,0.2947915494441986,0.20291653275489807,0.09947057068347931,0.006688633468002081,0.5680803656578064,0.4600414037704468,-0.14550989866256714,-0.34479427337646484,-0.3078991770744324,-0.32910045981407166,-0.3700685203075409,-0.3915838897228241,-1.5696374200402374e-09,2.0690481662750244,151.56979370117188,189.95249938964844,0.13550880983425537,Inhibitory (Mouse),Inhibitory
573685602,Mouse,aspiny,Vipr2-IRES2-Cre,5,0.634265654095835,0.7776963004322164,-0.5294255473452268,0.009096813579549518,0.15054926393453885,8.244953155517578,0.2487722635269165,0.24790941178798676,0.2493235319852829,0.24567896127700806,0.20623232424259186,0.14953655004501343,0.10253208875656128,0.16782410442829132,-0.36217761039733887,-0.57062828540802,-0.6343755125999451,-0.671185314655304,-0.6837660074234009,-0.6940233707427979,-0.7078129053115845,0.0034410140942782164,1.2429448366165161,89.912353515625,169.8300018310547,0.15054926393453885,Other (Mouse),Inhibitory
569073509,Mouse,aspiny,Vipr2-IRES2-Cre,1,0.6164608343151003,0.6376608304969222,-0.24356265242925276,0.03315353889068772,0.06698403703413382,7.941017150878906,-0.041093941777944565,-0.020871901884675026,-0.000597627367824316,0.019364476203918457,0.031408097594976425,0.02933504991233349,0.024386756122112274,-0.23099160194396973,-0.26850247383117676,-0.24997496604919434,-0.183979332447052,-0.09930725395679474,-0.03512253239750862,-0.021698296070098877,-0.022669514641165733,0.23222221434116364,2.0750060081481934,31.685407638549805,129.8699951171875,0.06698403703413382,Other (Mouse),Inhibitory
475619177,Mouse,aspiny,Htr3a-Cre_NO152,2/3,0.5685486822724836,0.6924543353743994,-0.6306283658766036,0.029249939503473207,0.0998098472694748,7.857329845428467,0.17556197941303253,0.3456268012523651,0.3084060847759247,0.21671870350837708,0.0838092491030693,-0.002882086206227541,0.027034642174839973,-0.3788268566131592,-0.3008946180343628,0.06368618458509445,-0.0739508718252182,-0.32044562697410583,-0.4267590343952179,-0.2292032092809677,0.05068765953183174,7.450814155163243e-05,2.2296292781829834,107.18002319335938,169.95750427246094,0.0998098472694748,Inhibitory (Mouse),Inhibitory
326786924,Mouse,aspiny,Htr3a-Cre_NO152,2/3,0.7787930068391268,0.6618976250178273,-0.5581747309502983,0.007956000167657734,0.14176835178908917,7.858887672424316,-0.016018513590097427,0.09350867569446564,0.12885402143001556,0.12202504277229309,0.07648928463459015,0.023410314694046974,-0.03854192793369293,-1.2201601266860962,-0.8736600279808044,-0.5515552759170532,-0.42143669724464417,-0.3301430642604828,-0.2048002928495407,-0.11359239369630814,-0.05219079926609993,-0.07481154799461365,1.465463399887085,150.6750946044922,269.9324951171875,0.14176835178908917,Inhibitory (Mouse),Inhibitory
593436526,Mouse,aspiny,Slc32a1-T2A-FlpO|Vipr2-IRES2-Cre,2/3,0.8102945772088737,0.7701251261135396,-0.810888119092401,0.044507578508913626,0.05260818768581204,8.071033477783203,0.12918627262115479,0.16434921324253082,0.1753930002450943,0.17174579203128815,0.09252210706472397,0.03461560606956482,0.01658487692475319,-0.7250996232032776,-0.37629932165145874,-0.37583017349243164,-0.43144723773002625,-0.41920003294944763,-0.30928343534469604,-0.21805989742279053,-0.13322505354881287,0.0810827687382698,3.0556905269622803,170.12278747558594,209.7899932861328,0.05260818768581204,Other (Mouse),Inhibitory
560373629,Mouse,spiny,Esr2-IRES2-Cre-neo,6a,0.8193885583915946,0.8575162435837714,-0.8247278171184979,0.0031633566001648653,0.1653141762857754,8.039958953857422,0.031971246004104614,0.023636795580387115,0.02000437118113041,0.020207319408655167,0.025702936574816704,0.02931733801960945,0.031044553965330124,-0.9232853651046753,-0.9882687330245972,-1.0415433645248413,-1.0739353895187378,-0.985917329788208,-0.48316463828086853,-0.3773736357688904,-0.3476889431476593,0.23105819523334503,1.0516974925994873,288.4194641113281,349.6499938964844,0.1653141762857754,Excitatory (Mouse),Excitatory
321707905,Mouse,aspiny,Pvalb-IRES-Cre,5,0.9789069387802811,0.9782942699992794,-0.8626119028200913,0.004618876760604842,0.4613762345560479,7.893990993499756,0.007158020045608282,0.085916668176651,0.12338767945766449,0.13753539323806763,0.12467439472675323,0.07434305548667908,-0.058970462530851364,-0.35776597261428833,-0.4001062512397766,-0.24573762714862823,-0.12267792224884033,-0.043831225484609604,0.02665223367512226,0.03526681661605835,-0.06252584606409073,-0.05276883766055107,1.4091204404830933,370.8331604003906,429.8924865722656,0.4613762345560479,Inhibitory (Mouse),Inhibitory
501563275,Mouse,spiny,Ntsr1-Cre_GN220,6a,0.7151533822317522,0.7018919741459554,-0.936621593679073,0.02613083064793738,0.10588338935269917,8.029459953308105,0.061329614371061325,0.0967082530260086,0.16255834698677063,0.22054894268512726,0.16930367052555084,0.072201669216156,-0.0035713124088943005,-0.3338860273361206,-0.5101777911186218,-0.9472737908363342,-1.1746057271957397,-0.8734934329986572,-0.4608589708805084,-0.37703943252563477,-0.30872923135757446,0.005856324918568134,2.844724416732788,290.0623779296875,309.69000244140625,0.10588338935269917,Excitatory (Mouse),Excitatory
396369826,Mouse,aspiny,Pvalb-IRES-Cre,4,0.9467189451809703,0.9385455617907871,-0.5122628511248187,0.004307475826982253,0.2630607699316129,8.147247314453125,0.13370223343372345,0.12896117568016052,0.12412898987531662,0.11261576414108276,0.08862664550542831,0.029184380546212196,-0.08454194664955139,-0.9323198199272156,-0.7409799098968506,-0.5636167526245117,-0.4260704517364502,-0.28920072317123413,-0.10197640210390091,0.041718050837516785,0.13730718195438385,0.242998868227005,1.26228666305542,189.54891967773438,369.9075012207031,0.2630607699316129,Inhibitory (Mouse),Inhibitory
476823462,Mouse,spiny,Rorb-IRES2-Cre,4,0.833506781234056,0.885779492789184,-0.9136087848086006,0.05074637689769366,0.06518414455653311,7.928796291351318,0.03460647538304329,0.09961900115013123,0.09068985283374786,0.037388283759355545,-0.03270626813173294,-0.021414419636130333,-0.01441942248493433,-1.098349690437317,-0.5244975090026855,-0.24875374138355255,-0.25020626187324524,-0.28402554988861084,-0.29675886034965515,-0.2717406451702118,-0.23662392795085907,-0.07302222400903702,3.415955066680908,210.08282470703125,229.9425048828125,0.06518414455653311,Excitatory (Mouse),Excitatory
502382506,Mouse,sparsely spiny,Sst-IRES-Cre,6a,0.810910010797456,0.8342322686866231,-0.4763263556626632,0.005024385525696064,0.20312652344892237,8.057828903198242,0.053707055747509,0.04543628543615341,0.039442893117666245,0.029752159491181374,0.025782480835914612,0.02517104707658291,0.023795977234840393,-0.1331295222043991,-0.17105215787887573,-0.18738457560539246,-0.19291625916957855,-0.1815468966960907,-0.17764051258563995,-0.188209667801857,-0.1974198967218399,0.09875451773405075,1.0744547843933105,109.45526123046875,229.77000427246094,0.20312652344892237,Inhibitory (Mouse),Sparsely Spiny
566976438,Mouse,aspiny,Chrna2-Cre_OE25,5,0.613663344999377,0.6716491985284264,-0.7143020585728337,0.011519238868920282,0.12436298171689988,8.600573539733887,0.5770059823989868,0.46492308378219604,0.3178139328956604,0.14257250726222992,-0.004076957702636719,-0.0198493842035532,0.005530613474547863,0.7468296885490417,0.44756564497947693,0.08092527836561203,-0.1574733555316925,-0.36965256929397583,-0.5866053104400635,-0.66800457239151,-0.6967602372169495,5.48549744939185e-18,1.5545485019683838,149.85342407226562,209.7899932861328,0.12436298171689988,Other (Mouse),Inhibitory
501022658,Mouse,spiny,Cux2-CreERT2,2/3,0.8238990186517622,0.8735155071788201,-0.762378283504132,0.0018744266596100365,0.16866728556316687,8.039398193359375,-0.006466119084507227,-0.024859735742211342,-0.009767345152795315,0.013819999992847443,0.014862067997455597,0.006641214247792959,-0.011120705865323544,-2.077281951904297,-1.595352053642273,-1.1821438074111938,-0.9059973359107971,-0.6399231553077698,-0.3944389224052429,-0.2790064811706543,-0.20094172656536102,0.19356368482112885,0.9772418141365051,388.4615478515625,509.4899597167969,0.16866728556316687,Excitatory (Mouse),Excitatory
488677318,Mouse,aspiny,Sst-IRES-Cre,5,0.7248867213044818,0.6940841026607977,-0.6233745923849676,0.011168321183935384,0.13114754098360762,8.18846321105957,0.25648146867752075,0.2590987980365753,0.20856407284736633,0.1488240510225296,0.0697554498910904,0.006443867925554514,-0.013186832889914513,-0.4233851432800293,-0.42813628911972046,-0.4496591091156006,-0.5114632844924927,-0.47075310349464417,-0.2835889756679535,-0.12395399808883667,0.011140309274196625,-0.10226806998252869,1.5312612056732178,130.88638305664062,209.94747924804688,0.13114754098360762,Inhibitory (Mouse),Inhibitory
596213704,Mouse,aspiny,Htr3a-Cre_NO152,2/3,0.8213467631350173,0.8194175479170266,-0.8919284916260112,0.012435532871293063,0.14487059578904868,7.417410373687744,-0.309693306684494,0.07449408620595932,0.1347876489162445,0.08941633254289627,0.03453397750854492,0.05105200782418251,0.09978856891393661,-0.6266809105873108,-0.9157196283340454,-0.5311486721038818,-0.41918811202049255,-0.42119601368904114,-0.4356563985347748,-0.41953301429748535,-0.38574638962745667,1.2742135595544823e-06,2.143955707550049,329.68353271484375,369.6300048828125,0.14487059578904868,Inhibitory (Mouse),Inhibitory
322723785,Mouse,spiny,Rorb-IRES2-Cre,4,0.7819380042998004,0.5908549347447923,-0.9234656368642213,0.013877025175542549,0.19219621850096608,8.106809616088867,0.17707674205303192,0.22948403656482697,0.2234221249818802,0.16225822269916534,0.01734159141778946,-0.03564612194895744,-0.013297905214130878,-1.20350182056427,-0.6474283337593079,-0.40175387263298035,-0.18911078572273254,-0.04473911225795746,-0.19148527085781097,-0.271623820066452,-0.27000993490219116,0.02882281318306923,1.8623610734939575,230.80950927734375,249.93748474121094,0.19219621850096608,Excitatory (Mouse),Excitatory
508887004,Mouse,spiny,Rbp4-Cre_KL100,5,0.6524100262175427,0.6243439943822365,-0.9085841078604854,0.016358582766874966,0.16281474124667708,8.187531471252441,0.20457153022289276,0.20352859795093536,0.1727321594953537,0.11218263953924179,0.039107244461774826,0.015065878629684448,0.01442645862698555,0.2721581757068634,0.14549334347248077,0.09712965786457062,0.09340263158082962,0.004908393137156963,-0.3395882546901703,-0.6232390403747559,-0.813005805015564,-0.06058385968208313,1.8525298833847046,190.6155242919922,209.7899932861328,0.16281474124667708,Excitatory (Mouse),Excitatory
501014504,Mouse,spiny,Rbp4-Cre_KL100,4,0.8100434098219917,0.7954167982968867,-0.5756159303790049,0.029573765826303635,0.09015581449106885,7.990907669067383,-0.007476492319256067,-0.0030424026772379875,0.005382184404879808,0.012536135502159595,0.00841930229216814,-0.00045987963676452637,-0.009066702798008919,-0.2534944713115692,-0.23099759221076965,-0.20390430092811584,-0.16509899497032166,-0.10747253894805908,-0.06434503197669983,-0.056597329676151276,-0.05566837638616562,0.1641983836889267,2.4908392429351807,120.7854232788086,209.7899932861328,0.09015581449106885,Excitatory (Mouse),Excitatory
485466109,Mouse,aspiny,Sst-IRES-Cre,2/3,0.9046253724973844,0.8978909608837229,-0.6747522234939746,0.0037252935110783265,0.16888167651542046,8.462337493896484,0.4296647012233734,0.24889680743217468,0.0659778043627739,-0.011656830087304115,0.015290413051843643,0.018384525552392006,-0.011736543849110603,0.34593355655670166,-0.1503402143716812,-0.7900916934013367,-1.0170652866363525,-0.8757827877998352,-0.3789385259151459,-0.06594415754079819,0.13891886174678802,0.2636822462081909,1.0745009183883667,209.19041442871094,309.9224853515625,0.16888167651542046,Inhibitory (Mouse),Inhibitory
