2026-04-01 18:56:51,038 | INFO | Starting training pipeline
2026-04-01 18:56:51,039 | INFO | Output directory: runs/l_mnist_pipeline_20260401_185642
2026-04-01 18:56:51,040 | INFO | Config: {'batch_size': 128, 'lr': 0.001, 'epochs_stage1': 80, 'epochs_stage2': 100, 'epochs_lstm': 100, 'n_runs': 5, 'gfr_hidden_dim': 90, 'num_classes': 10, 'bio_units': False, 'base_seed': 1234, 'output_root': 'runs'}
2026-04-01 18:56:51,040 | INFO | CUDA device: cuda
2026-04-01 18:56:51,041 | INFO | Run seeds: [1234, 1235, 1236, 1237, 1238]
2026-04-01 18:56:51,515 | INFO | Stage-1 model trainable params: 12430
2026-04-01 18:57:25,265 | INFO | stage1 | Epoch 001 | train_loss=618.2720 | test_loss=69.1131 | test_acc=0.4447
2026-04-01 18:57:57,111 | INFO | stage1 | Epoch 002 | train_loss=339.5486 | test_loss=48.9208 | test_acc=0.5109
2026-04-01 18:58:26,670 | INFO | stage1 | Epoch 003 | train_loss=227.5594 | test_loss=31.7769 | test_acc=0.6752
2026-04-01 18:58:52,381 | INFO | stage1 | Epoch 004 | train_loss=168.4548 | test_loss=23.4268 | test_acc=0.8181
2026-04-01 18:59:17,807 | INFO | stage1 | Epoch 005 | train_loss=134.9323 | test_loss=23.4331 | test_acc=0.8454
2026-04-01 18:59:44,222 | INFO | stage1 | Epoch 006 | train_loss=116.7561 | test_loss=16.7081 | test_acc=0.8259
2026-04-01 19:00:12,356 | INFO | stage1 | Epoch 007 | train_loss=104.4654 | test_loss=16.1372 | test_acc=0.8372
2026-04-01 19:00:40,668 | INFO | stage1 | Epoch 008 | train_loss=94.8396 | test_loss=15.2206 | test_acc=0.8618
2026-04-01 19:01:08,804 | INFO | stage1 | Epoch 009 | train_loss=84.8356 | test_loss=15.4319 | test_acc=0.8412
2026-04-01 19:01:37,359 | INFO | stage1 | Epoch 010 | train_loss=82.4883 | test_loss=16.1383 | test_acc=0.8928
2026-04-01 19:02:03,009 | INFO | stage1 | Epoch 011 | train_loss=80.5462 | test_loss=13.8854 | test_acc=0.8047
2026-04-01 19:02:32,398 | INFO | stage1 | Epoch 012 | train_loss=76.0496 | test_loss=12.4312 | test_acc=0.8629
2026-04-01 19:03:01,032 | INFO | stage1 | Epoch 013 | train_loss=73.1485 | test_loss=10.9413 | test_acc=0.9229
2026-04-01 19:03:30,058 | INFO | stage1 | Epoch 014 | train_loss=69.5061 | test_loss=11.9988 | test_acc=0.9212
2026-04-01 19:04:01,338 | INFO | stage1 | Epoch 015 | train_loss=64.2070 | test_loss=15.2065 | test_acc=0.9239
2026-04-01 19:04:30,975 | INFO | stage1 | Epoch 016 | train_loss=63.2648 | test_loss=9.7473 | test_acc=0.9333
2026-04-01 19:05:02,292 | INFO | stage1 | Epoch 017 | train_loss=63.5639 | test_loss=12.6621 | test_acc=0.9126
2026-04-01 19:05:33,946 | INFO | stage1 | Epoch 018 | train_loss=57.3445 | test_loss=11.7555 | test_acc=0.8868
2026-04-01 19:06:02,291 | INFO | stage1 | Epoch 019 | train_loss=58.7304 | test_loss=11.9281 | test_acc=0.9092
2026-04-01 19:06:30,748 | INFO | stage1 | Epoch 020 | train_loss=55.8083 | test_loss=10.3298 | test_acc=0.8952
2026-04-01 19:06:59,952 | INFO | stage1 | Epoch 021 | train_loss=53.0689 | test_loss=10.3648 | test_acc=0.8931
2026-04-01 19:07:28,902 | INFO | stage1 | Epoch 022 | train_loss=53.5080 | test_loss=9.2420 | test_acc=0.9324
2026-04-01 19:07:55,952 | INFO | stage1 | Epoch 023 | train_loss=54.3791 | test_loss=9.6054 | test_acc=0.9468
2026-04-01 19:08:29,180 | INFO | stage1 | Epoch 024 | train_loss=47.4811 | test_loss=10.4439 | test_acc=0.9313
2026-04-01 19:09:01,974 | INFO | stage1 | Epoch 025 | train_loss=50.8960 | test_loss=9.4706 | test_acc=0.8773
2026-04-01 19:09:29,488 | INFO | stage1 | Epoch 026 | train_loss=49.1830 | test_loss=8.1749 | test_acc=0.9143
2026-04-01 19:09:54,855 | INFO | stage1 | Epoch 027 | train_loss=47.0746 | test_loss=8.8770 | test_acc=0.9346
2026-04-01 19:10:24,691 | INFO | stage1 | Epoch 028 | train_loss=45.6637 | test_loss=9.3038 | test_acc=0.9211
2026-04-01 19:10:53,534 | INFO | stage1 | Epoch 029 | train_loss=46.0829 | test_loss=9.5568 | test_acc=0.9430
2026-04-01 19:11:22,754 | INFO | stage1 | Epoch 030 | train_loss=42.8512 | test_loss=8.2473 | test_acc=0.9411
2026-04-01 19:11:51,671 | INFO | stage1 | Epoch 031 | train_loss=41.7246 | test_loss=8.4877 | test_acc=0.9451
2026-04-01 19:12:20,554 | INFO | stage1 | Epoch 032 | train_loss=41.3632 | test_loss=8.8401 | test_acc=0.9347
2026-04-01 19:12:50,250 | INFO | stage1 | Epoch 033 | train_loss=40.7236 | test_loss=7.8735 | test_acc=0.8917
2026-04-01 19:13:19,666 | INFO | stage1 | Epoch 034 | train_loss=38.8281 | test_loss=8.0688 | test_acc=0.9285
2026-04-01 19:13:45,478 | INFO | stage1 | Epoch 035 | train_loss=38.5702 | test_loss=10.5173 | test_acc=0.8429
2026-04-01 19:14:12,303 | INFO | stage1 | Epoch 036 | train_loss=38.4405 | test_loss=8.4210 | test_acc=0.9100
2026-04-01 19:14:43,142 | INFO | stage1 | Epoch 037 | train_loss=39.0382 | test_loss=8.9794 | test_acc=0.9358
2026-04-01 19:15:16,300 | INFO | stage1 | Epoch 038 | train_loss=38.8350 | test_loss=7.1578 | test_acc=0.9461
2026-04-01 19:15:48,372 | INFO | stage1 | Epoch 039 | train_loss=37.7806 | test_loss=7.0639 | test_acc=0.9476
2026-04-01 19:16:17,975 | INFO | stage1 | Epoch 040 | train_loss=33.8706 | test_loss=7.0349 | test_acc=0.9446
2026-04-01 19:16:47,218 | INFO | stage1 | Epoch 041 | train_loss=35.8613 | test_loss=7.5463 | test_acc=0.9431
2026-04-01 19:17:16,852 | INFO | stage1 | Epoch 042 | train_loss=36.3740 | test_loss=6.9559 | test_acc=0.9307
2026-04-01 19:17:46,268 | INFO | stage1 | Epoch 043 | train_loss=33.6775 | test_loss=7.6788 | test_acc=0.9285
2026-04-01 19:18:15,017 | INFO | stage1 | Epoch 044 | train_loss=33.8086 | test_loss=7.3940 | test_acc=0.9118
2026-04-01 19:18:46,011 | INFO | stage1 | Epoch 045 | train_loss=31.8848 | test_loss=7.6000 | test_acc=0.9534
2026-04-01 19:19:16,768 | INFO | stage1 | Epoch 046 | train_loss=30.8358 | test_loss=8.3791 | test_acc=0.8819
2026-04-01 19:19:49,151 | INFO | stage1 | Epoch 047 | train_loss=29.8564 | test_loss=10.0275 | test_acc=0.9452
2026-04-01 19:20:15,498 | INFO | stage1 | Epoch 048 | train_loss=32.3205 | test_loss=7.5289 | test_acc=0.9085
2026-04-01 19:20:43,614 | INFO | stage1 | Epoch 049 | train_loss=32.4035 | test_loss=7.1362 | test_acc=0.9120
2026-04-01 19:21:16,152 | INFO | stage1 | Epoch 050 | train_loss=28.8880 | test_loss=7.1068 | test_acc=0.9345
2026-04-01 19:21:45,110 | INFO | stage1 | Epoch 051 | train_loss=31.7427 | test_loss=5.9300 | test_acc=0.9527
2026-04-01 19:22:12,571 | INFO | stage1 | Epoch 052 | train_loss=29.5508 | test_loss=6.4433 | test_acc=0.9527
2026-04-01 19:22:40,562 | INFO | stage1 | Epoch 053 | train_loss=28.7090 | test_loss=6.5378 | test_acc=0.9368
2026-04-01 19:23:06,855 | INFO | stage1 | Epoch 054 | train_loss=28.1377 | test_loss=6.2128 | test_acc=0.9548
2026-04-01 19:23:33,989 | INFO | stage1 | Epoch 055 | train_loss=26.7949 | test_loss=6.4371 | test_acc=0.9629
2026-04-01 19:24:01,206 | INFO | stage1 | Epoch 056 | train_loss=25.5651 | test_loss=6.3460 | test_acc=0.9600
2026-04-01 19:24:30,110 | INFO | stage1 | Epoch 057 | train_loss=25.7360 | test_loss=7.0871 | test_acc=0.9358
2026-04-01 19:24:58,717 | INFO | stage1 | Epoch 058 | train_loss=27.9418 | test_loss=5.9623 | test_acc=0.9465
2026-04-01 19:25:26,152 | INFO | stage1 | Epoch 059 | train_loss=26.4122 | test_loss=6.6812 | test_acc=0.9474
2026-04-01 19:25:55,920 | INFO | stage1 | Epoch 060 | train_loss=24.0205 | test_loss=6.3443 | test_acc=0.9513
2026-04-01 19:26:25,378 | INFO | stage1 | Epoch 061 | train_loss=24.7938 | test_loss=6.4318 | test_acc=0.9428
2026-04-01 19:26:53,124 | INFO | stage1 | Epoch 062 | train_loss=24.7625 | test_loss=7.4359 | test_acc=0.9511
2026-04-01 19:27:21,312 | INFO | stage1 | Epoch 063 | train_loss=24.1386 | test_loss=6.3710 | test_acc=0.9431
2026-04-01 19:27:50,444 | INFO | stage1 | Epoch 064 | train_loss=23.9234 | test_loss=5.9149 | test_acc=0.9522
2026-04-01 19:28:18,051 | INFO | stage1 | Epoch 065 | train_loss=26.0520 | test_loss=6.4756 | test_acc=0.9418
2026-04-01 19:28:46,695 | INFO | stage1 | Epoch 066 | train_loss=22.3537 | test_loss=6.2809 | test_acc=0.9553
2026-04-01 19:29:16,025 | INFO | stage1 | Epoch 067 | train_loss=23.3715 | test_loss=6.5347 | test_acc=0.9481
2026-04-01 19:29:44,620 | INFO | stage1 | Epoch 068 | train_loss=20.7259 | test_loss=6.4700 | test_acc=0.9619
2026-04-01 19:30:13,593 | INFO | stage1 | Epoch 069 | train_loss=22.1121 | test_loss=6.5514 | test_acc=0.9429
2026-04-01 19:30:42,612 | INFO | stage1 | Epoch 070 | train_loss=22.6798 | test_loss=5.8282 | test_acc=0.9407
2026-04-01 19:31:10,719 | INFO | stage1 | Epoch 071 | train_loss=22.7775 | test_loss=5.6378 | test_acc=0.9627
2026-04-01 19:31:40,385 | INFO | stage1 | Epoch 072 | train_loss=21.3663 | test_loss=6.8402 | test_acc=0.9302
2026-04-01 19:32:09,103 | INFO | stage1 | Epoch 073 | train_loss=22.4539 | test_loss=6.8742 | test_acc=0.9369
2026-04-01 19:32:38,531 | INFO | stage1 | Epoch 074 | train_loss=20.3535 | test_loss=6.6501 | test_acc=0.9579
2026-04-01 19:33:07,384 | INFO | stage1 | Epoch 075 | train_loss=20.6575 | test_loss=7.7279 | test_acc=0.9333
2026-04-01 19:33:38,614 | INFO | stage1 | Epoch 076 | train_loss=21.9203 | test_loss=6.0145 | test_acc=0.9649
2026-04-01 19:34:10,165 | INFO | stage1 | Epoch 077 | train_loss=19.5333 | test_loss=5.9009 | test_acc=0.9580
2026-04-01 19:34:39,947 | INFO | stage1 | Epoch 078 | train_loss=20.3134 | test_loss=6.6974 | test_acc=0.9325
2026-04-01 19:35:08,790 | INFO | stage1 | Epoch 079 | train_loss=19.5607 | test_loss=6.7386 | test_acc=0.9533
2026-04-01 19:35:38,501 | INFO | stage1 | Epoch 080 | train_loss=19.5748 | test_loss=6.0088 | test_acc=0.9501
2026-04-01 19:35:38,514 | INFO | Saved stage-1 checkpoint: runs/l_mnist_pipeline_20260401_185642/gfr_lmnist_stage1_shared.pt
2026-04-01 19:35:38,551 | INFO | Stage-2 trainable params (recurrent-only): 8190
2026-04-01 19:36:04,602 | INFO | stage2_run1 | Epoch 001 | train_loss=786.9586 | test_loss=108.4268 | test_acc=0.7264
2026-04-01 19:36:30,543 | INFO | stage2_run1 | Epoch 002 | train_loss=605.1462 | test_loss=93.7927 | test_acc=0.8510
2026-04-01 19:36:59,304 | INFO | stage2_run1 | Epoch 003 | train_loss=547.6702 | test_loss=87.6197 | test_acc=0.8850
2026-04-01 19:37:28,158 | INFO | stage2_run1 | Epoch 004 | train_loss=517.6521 | test_loss=84.2657 | test_acc=0.8787
2026-04-01 19:37:54,203 | INFO | stage2_run1 | Epoch 005 | train_loss=495.5833 | test_loss=84.2146 | test_acc=0.8707
2026-04-01 19:38:19,221 | INFO | stage2_run1 | Epoch 006 | train_loss=484.4896 | test_loss=77.9882 | test_acc=0.9139
2026-04-01 19:38:44,743 | INFO | stage2_run1 | Epoch 007 | train_loss=468.5785 | test_loss=78.6261 | test_acc=0.9078
2026-04-01 19:39:10,664 | INFO | stage2_run1 | Epoch 008 | train_loss=460.2604 | test_loss=76.4206 | test_acc=0.9145
2026-04-01 19:39:35,035 | INFO | stage2_run1 | Epoch 009 | train_loss=454.1062 | test_loss=75.0634 | test_acc=0.9213
2026-04-01 19:40:03,732 | INFO | stage2_run1 | Epoch 010 | train_loss=446.0068 | test_loss=73.6876 | test_acc=0.9231
2026-04-01 19:40:31,795 | INFO | stage2_run1 | Epoch 011 | train_loss=436.5369 | test_loss=72.6535 | test_acc=0.9252
2026-04-01 19:40:57,931 | INFO | stage2_run1 | Epoch 012 | train_loss=434.0667 | test_loss=71.5475 | test_acc=0.9308
2026-04-01 19:41:23,779 | INFO | stage2_run1 | Epoch 013 | train_loss=428.9781 | test_loss=72.1501 | test_acc=0.9289
2026-04-01 19:41:49,521 | INFO | stage2_run1 | Epoch 014 | train_loss=429.4601 | test_loss=71.3977 | test_acc=0.9278
2026-04-01 19:42:20,043 | INFO | stage2_run1 | Epoch 015 | train_loss=426.7211 | test_loss=70.9132 | test_acc=0.9293
2026-04-01 19:42:50,160 | INFO | stage2_run1 | Epoch 016 | train_loss=422.4904 | test_loss=70.0247 | test_acc=0.9330
2026-04-01 19:43:16,538 | INFO | stage2_run1 | Epoch 017 | train_loss=420.3578 | test_loss=70.8557 | test_acc=0.9301
2026-04-01 19:43:41,219 | INFO | stage2_run1 | Epoch 018 | train_loss=421.1623 | test_loss=71.1074 | test_acc=0.9291
2026-04-01 19:44:06,556 | INFO | stage2_run1 | Epoch 019 | train_loss=418.3060 | test_loss=68.8965 | test_acc=0.9394
2026-04-01 19:44:33,257 | INFO | stage2_run1 | Epoch 020 | train_loss=415.1148 | test_loss=70.1495 | test_acc=0.9300
2026-04-01 19:45:03,475 | INFO | stage2_run1 | Epoch 021 | train_loss=415.5074 | test_loss=69.1722 | test_acc=0.9333
2026-04-01 19:45:32,892 | INFO | stage2_run1 | Epoch 022 | train_loss=412.6544 | test_loss=69.9398 | test_acc=0.9266
2026-04-01 19:45:59,751 | INFO | stage2_run1 | Epoch 023 | train_loss=412.7222 | test_loss=68.1199 | test_acc=0.9383
2026-04-01 19:46:25,725 | INFO | stage2_run1 | Epoch 024 | train_loss=409.9067 | test_loss=67.8078 | test_acc=0.9430
2026-04-01 19:46:52,983 | INFO | stage2_run1 | Epoch 025 | train_loss=407.8499 | test_loss=68.1810 | test_acc=0.9389
2026-04-01 19:47:20,365 | INFO | stage2_run1 | Epoch 026 | train_loss=407.6592 | test_loss=67.6012 | test_acc=0.9414
2026-04-01 19:47:47,476 | INFO | stage2_run1 | Epoch 027 | train_loss=408.0426 | test_loss=67.6763 | test_acc=0.9398
2026-04-01 19:48:13,901 | INFO | stage2_run1 | Epoch 028 | train_loss=406.0527 | test_loss=67.8394 | test_acc=0.9391
2026-04-01 19:48:39,196 | INFO | stage2_run1 | Epoch 029 | train_loss=407.9494 | test_loss=70.2508 | test_acc=0.9270
2026-04-01 19:49:06,726 | INFO | stage2_run1 | Epoch 030 | train_loss=409.0642 | test_loss=67.0765 | test_acc=0.9429
2026-04-01 19:49:32,178 | INFO | stage2_run1 | Epoch 031 | train_loss=404.2383 | test_loss=67.4969 | test_acc=0.9430
2026-04-01 19:49:58,618 | INFO | stage2_run1 | Epoch 032 | train_loss=403.3178 | test_loss=66.8811 | test_acc=0.9465
2026-04-01 19:50:24,833 | INFO | stage2_run1 | Epoch 033 | train_loss=404.0956 | test_loss=67.8407 | test_acc=0.9402
2026-04-01 19:50:51,136 | INFO | stage2_run1 | Epoch 034 | train_loss=403.0417 | test_loss=68.3825 | test_acc=0.9340
2026-04-01 19:51:17,632 | INFO | stage2_run1 | Epoch 035 | train_loss=406.5923 | test_loss=70.8153 | test_acc=0.9184
2026-04-01 19:51:45,276 | INFO | stage2_run1 | Epoch 036 | train_loss=401.3771 | test_loss=67.8500 | test_acc=0.9376
2026-04-01 19:52:10,844 | INFO | stage2_run1 | Epoch 037 | train_loss=402.7121 | test_loss=66.5331 | test_acc=0.9462
2026-04-01 19:52:37,104 | INFO | stage2_run1 | Epoch 038 | train_loss=399.5526 | test_loss=66.8474 | test_acc=0.9429
2026-04-01 19:53:05,946 | INFO | stage2_run1 | Epoch 039 | train_loss=398.1999 | test_loss=66.4901 | test_acc=0.9473
2026-04-01 19:53:35,514 | INFO | stage2_run1 | Epoch 040 | train_loss=399.8224 | test_loss=66.6296 | test_acc=0.9433
2026-04-01 19:54:05,115 | INFO | stage2_run1 | Epoch 041 | train_loss=401.5512 | test_loss=67.1062 | test_acc=0.9439
2026-04-01 19:54:34,344 | INFO | stage2_run1 | Epoch 042 | train_loss=400.1801 | test_loss=67.6427 | test_acc=0.9353
2026-04-01 19:55:02,599 | INFO | stage2_run1 | Epoch 043 | train_loss=403.2209 | test_loss=67.8776 | test_acc=0.9364
2026-04-01 19:55:29,695 | INFO | stage2_run1 | Epoch 044 | train_loss=402.1123 | test_loss=67.8027 | test_acc=0.9328
2026-04-01 19:55:55,593 | INFO | stage2_run1 | Epoch 045 | train_loss=399.0622 | test_loss=65.8617 | test_acc=0.9456
2026-04-01 19:56:24,593 | INFO | stage2_run1 | Epoch 046 | train_loss=395.8140 | test_loss=66.1507 | test_acc=0.9423
2026-04-01 19:56:49,721 | INFO | stage2_run1 | Epoch 047 | train_loss=396.3276 | test_loss=66.9054 | test_acc=0.9398
2026-04-01 19:57:15,664 | INFO | stage2_run1 | Epoch 048 | train_loss=398.5208 | test_loss=65.7762 | test_acc=0.9480
2026-04-01 19:57:43,424 | INFO | stage2_run1 | Epoch 049 | train_loss=393.4739 | test_loss=65.8278 | test_acc=0.9453
2026-04-01 19:58:10,696 | INFO | stage2_run1 | Epoch 050 | train_loss=394.8079 | test_loss=65.9328 | test_acc=0.9447
2026-04-01 19:58:36,265 | INFO | stage2_run1 | Epoch 051 | train_loss=395.1051 | test_loss=66.6503 | test_acc=0.9383
2026-04-01 19:59:02,276 | INFO | stage2_run1 | Epoch 052 | train_loss=394.6816 | test_loss=66.3798 | test_acc=0.9392
2026-04-01 19:59:26,940 | INFO | stage2_run1 | Epoch 053 | train_loss=396.9889 | test_loss=67.6861 | test_acc=0.9337
2026-04-01 19:59:52,953 | INFO | stage2_run1 | Epoch 054 | train_loss=394.8187 | test_loss=68.2056 | test_acc=0.9285
2026-04-01 20:00:17,605 | INFO | stage2_run1 | Epoch 055 | train_loss=393.2965 | test_loss=70.6737 | test_acc=0.9171
2026-04-01 20:00:44,214 | INFO | stage2_run1 | Epoch 056 | train_loss=393.9158 | test_loss=66.2636 | test_acc=0.9430
2026-04-01 20:01:12,082 | INFO | stage2_run1 | Epoch 057 | train_loss=394.3408 | test_loss=65.9417 | test_acc=0.9457
2026-04-01 20:01:38,018 | INFO | stage2_run1 | Epoch 058 | train_loss=393.1401 | test_loss=66.7632 | test_acc=0.9424
2026-04-01 20:02:04,440 | INFO | stage2_run1 | Epoch 059 | train_loss=393.6759 | test_loss=66.0733 | test_acc=0.9466
2026-04-01 20:02:31,927 | INFO | stage2_run1 | Epoch 060 | train_loss=390.1814 | test_loss=64.9519 | test_acc=0.9503
2026-04-01 20:03:00,670 | INFO | stage2_run1 | Epoch 061 | train_loss=394.7131 | test_loss=66.0269 | test_acc=0.9458
2026-04-01 20:03:29,226 | INFO | stage2_run1 | Epoch 062 | train_loss=391.0390 | test_loss=65.4120 | test_acc=0.9453
2026-04-01 20:03:57,782 | INFO | stage2_run1 | Epoch 063 | train_loss=393.8116 | test_loss=65.9695 | test_acc=0.9420
2026-04-01 20:04:26,337 | INFO | stage2_run1 | Epoch 064 | train_loss=391.7522 | test_loss=64.8254 | test_acc=0.9520
2026-04-01 20:04:54,965 | INFO | stage2_run1 | Epoch 065 | train_loss=391.3394 | test_loss=69.5868 | test_acc=0.9173
2026-04-01 20:05:23,920 | INFO | stage2_run1 | Epoch 066 | train_loss=390.8216 | test_loss=64.5484 | test_acc=0.9503
2026-04-01 20:05:52,406 | INFO | stage2_run1 | Epoch 067 | train_loss=393.2674 | test_loss=65.0194 | test_acc=0.9472
2026-04-01 20:06:21,144 | INFO | stage2_run1 | Epoch 068 | train_loss=389.2927 | test_loss=66.7691 | test_acc=0.9385
2026-04-01 20:06:49,727 | INFO | stage2_run1 | Epoch 069 | train_loss=390.1730 | test_loss=66.6091 | test_acc=0.9417
2026-04-01 20:07:17,415 | INFO | stage2_run1 | Epoch 070 | train_loss=390.0473 | test_loss=66.4905 | test_acc=0.9410
2026-04-01 20:07:42,926 | INFO | stage2_run1 | Epoch 071 | train_loss=389.8900 | test_loss=66.1492 | test_acc=0.9412
2026-04-01 20:08:09,207 | INFO | stage2_run1 | Epoch 072 | train_loss=390.3763 | test_loss=65.6296 | test_acc=0.9471
2026-04-01 20:08:35,752 | INFO | stage2_run1 | Epoch 073 | train_loss=388.3857 | test_loss=65.2197 | test_acc=0.9461
2026-04-01 20:09:02,273 | INFO | stage2_run1 | Epoch 074 | train_loss=391.3007 | test_loss=65.5252 | test_acc=0.9481
2026-04-01 20:09:28,549 | INFO | stage2_run1 | Epoch 075 | train_loss=390.2728 | test_loss=66.3002 | test_acc=0.9397
2026-04-01 20:09:54,015 | INFO | stage2_run1 | Epoch 076 | train_loss=386.7976 | test_loss=65.4859 | test_acc=0.9446
2026-04-01 20:10:19,888 | INFO | stage2_run1 | Epoch 077 | train_loss=386.7412 | test_loss=65.7829 | test_acc=0.9425
2026-04-01 20:10:44,416 | INFO | stage2_run1 | Epoch 078 | train_loss=389.2097 | test_loss=65.8272 | test_acc=0.9412
2026-04-01 20:11:11,275 | INFO | stage2_run1 | Epoch 079 | train_loss=392.8459 | test_loss=68.1150 | test_acc=0.9267
2026-04-01 20:11:38,419 | INFO | stage2_run1 | Epoch 080 | train_loss=392.3398 | test_loss=64.4056 | test_acc=0.9509
2026-04-01 20:12:03,885 | INFO | stage2_run1 | Epoch 081 | train_loss=390.9060 | test_loss=65.4706 | test_acc=0.9428
2026-04-01 20:12:29,160 | INFO | stage2_run1 | Epoch 082 | train_loss=387.5204 | test_loss=65.5780 | test_acc=0.9428
2026-04-01 20:12:56,202 | INFO | stage2_run1 | Epoch 083 | train_loss=388.5695 | test_loss=64.2736 | test_acc=0.9528
2026-04-01 20:13:21,053 | INFO | stage2_run1 | Epoch 084 | train_loss=386.1138 | test_loss=65.7501 | test_acc=0.9426
2026-04-01 20:13:46,259 | INFO | stage2_run1 | Epoch 085 | train_loss=387.9866 | test_loss=64.5758 | test_acc=0.9511
2026-04-01 20:14:12,249 | INFO | stage2_run1 | Epoch 086 | train_loss=390.7286 | test_loss=64.8842 | test_acc=0.9483
2026-04-01 20:14:37,825 | INFO | stage2_run1 | Epoch 087 | train_loss=388.0737 | test_loss=65.8265 | test_acc=0.9426
2026-04-01 20:15:03,814 | INFO | stage2_run1 | Epoch 088 | train_loss=385.4178 | test_loss=64.7660 | test_acc=0.9464
2026-04-01 20:15:29,920 | INFO | stage2_run1 | Epoch 089 | train_loss=386.7659 | test_loss=69.3756 | test_acc=0.9230
2026-04-01 20:15:58,521 | INFO | stage2_run1 | Epoch 090 | train_loss=385.9324 | test_loss=64.6248 | test_acc=0.9509
2026-04-01 20:16:24,520 | INFO | stage2_run1 | Epoch 091 | train_loss=387.4519 | test_loss=67.9578 | test_acc=0.9298
2026-04-01 20:16:50,038 | INFO | stage2_run1 | Epoch 092 | train_loss=388.7701 | test_loss=65.4537 | test_acc=0.9430
2026-04-01 20:17:14,750 | INFO | stage2_run1 | Epoch 093 | train_loss=389.9383 | test_loss=65.3395 | test_acc=0.9438
2026-04-01 20:17:39,576 | INFO | stage2_run1 | Epoch 094 | train_loss=386.2535 | test_loss=64.3047 | test_acc=0.9509
2026-04-01 20:18:04,382 | INFO | stage2_run1 | Epoch 095 | train_loss=388.5358 | test_loss=66.2538 | test_acc=0.9376
2026-04-01 20:18:30,503 | INFO | stage2_run1 | Epoch 096 | train_loss=384.9920 | test_loss=65.5419 | test_acc=0.9440
2026-04-01 20:18:55,296 | INFO | stage2_run1 | Epoch 097 | train_loss=387.4472 | test_loss=65.2763 | test_acc=0.9451
2026-04-01 20:19:21,444 | INFO | stage2_run1 | Epoch 098 | train_loss=387.1596 | test_loss=65.4599 | test_acc=0.9433
2026-04-01 20:19:47,558 | INFO | stage2_run1 | Epoch 099 | train_loss=385.5480 | test_loss=63.9757 | test_acc=0.9540
2026-04-01 20:20:17,080 | INFO | stage2_run1 | Epoch 100 | train_loss=388.1840 | test_loss=66.3164 | test_acc=0.9391
2026-04-01 20:20:45,441 | INFO | stage2_run2 | Epoch 001 | train_loss=811.6023 | test_loss=114.1610 | test_acc=0.6061
2026-04-01 20:21:10,018 | INFO | stage2_run2 | Epoch 002 | train_loss=641.4932 | test_loss=100.4902 | test_acc=0.7095
2026-04-01 20:21:36,622 | INFO | stage2_run2 | Epoch 003 | train_loss=585.1923 | test_loss=94.1161 | test_acc=0.7461
2026-04-01 20:22:02,811 | INFO | stage2_run2 | Epoch 004 | train_loss=547.5033 | test_loss=88.8809 | test_acc=0.8353
2026-04-01 20:22:28,670 | INFO | stage2_run2 | Epoch 005 | train_loss=528.4701 | test_loss=85.6095 | test_acc=0.8364
2026-04-01 20:22:54,360 | INFO | stage2_run2 | Epoch 006 | train_loss=509.5756 | test_loss=84.9852 | test_acc=0.8570
2026-04-01 20:23:21,142 | INFO | stage2_run2 | Epoch 007 | train_loss=496.7968 | test_loss=85.3968 | test_acc=0.8251
2026-04-01 20:23:46,945 | INFO | stage2_run2 | Epoch 008 | train_loss=486.1869 | test_loss=80.8558 | test_acc=0.8979
2026-04-01 20:24:13,548 | INFO | stage2_run2 | Epoch 009 | train_loss=481.3411 | test_loss=79.3700 | test_acc=0.9014
2026-04-01 20:24:40,047 | INFO | stage2_run2 | Epoch 010 | train_loss=472.4243 | test_loss=82.2573 | test_acc=0.8861
2026-04-01 20:25:06,488 | INFO | stage2_run2 | Epoch 011 | train_loss=469.2645 | test_loss=78.3135 | test_acc=0.9174
2026-04-01 20:25:32,625 | INFO | stage2_run2 | Epoch 012 | train_loss=463.9803 | test_loss=78.3437 | test_acc=0.9139
2026-04-01 20:25:57,295 | INFO | stage2_run2 | Epoch 013 | train_loss=461.4051 | test_loss=76.0325 | test_acc=0.9349
2026-04-01 20:26:22,428 | INFO | stage2_run2 | Epoch 014 | train_loss=456.5065 | test_loss=75.6143 | test_acc=0.9320
2026-04-01 20:26:48,578 | INFO | stage2_run2 | Epoch 015 | train_loss=454.6348 | test_loss=77.1674 | test_acc=0.9189
2026-04-01 20:27:15,080 | INFO | stage2_run2 | Epoch 016 | train_loss=452.7756 | test_loss=76.5871 | test_acc=0.9053
2026-04-01 20:27:41,745 | INFO | stage2_run2 | Epoch 017 | train_loss=453.4347 | test_loss=75.9026 | test_acc=0.9167
2026-04-01 20:28:07,527 | INFO | stage2_run2 | Epoch 018 | train_loss=445.7316 | test_loss=74.4372 | test_acc=0.9314
2026-04-01 20:28:32,308 | INFO | stage2_run2 | Epoch 019 | train_loss=442.8207 | test_loss=74.5691 | test_acc=0.9288
2026-04-01 20:28:57,662 | INFO | stage2_run2 | Epoch 020 | train_loss=438.2759 | test_loss=72.6277 | test_acc=0.9355
2026-04-01 20:29:22,253 | INFO | stage2_run2 | Epoch 021 | train_loss=437.0213 | test_loss=72.4146 | test_acc=0.9373
2026-04-01 20:29:48,099 | INFO | stage2_run2 | Epoch 022 | train_loss=438.5788 | test_loss=72.3340 | test_acc=0.9372
2026-04-01 20:30:14,714 | INFO | stage2_run2 | Epoch 023 | train_loss=435.6303 | test_loss=73.5223 | test_acc=0.9308
2026-04-01 20:30:42,586 | INFO | stage2_run2 | Epoch 024 | train_loss=431.2688 | test_loss=72.1875 | test_acc=0.9343
2026-04-01 20:31:10,803 | INFO | stage2_run2 | Epoch 025 | train_loss=430.7058 | test_loss=71.8256 | test_acc=0.9403
2026-04-01 20:31:36,588 | INFO | stage2_run2 | Epoch 026 | train_loss=429.9714 | test_loss=71.4984 | test_acc=0.9395
2026-04-01 20:32:02,505 | INFO | stage2_run2 | Epoch 027 | train_loss=428.5079 | test_loss=71.7698 | test_acc=0.9339
2026-04-01 20:32:27,969 | INFO | stage2_run2 | Epoch 028 | train_loss=428.9623 | test_loss=71.2448 | test_acc=0.9394
2026-04-01 20:32:53,151 | INFO | stage2_run2 | Epoch 029 | train_loss=426.2710 | test_loss=76.5813 | test_acc=0.9017
2026-04-01 20:33:21,696 | INFO | stage2_run2 | Epoch 030 | train_loss=427.1376 | test_loss=71.2701 | test_acc=0.9376
2026-04-01 20:33:49,060 | INFO | stage2_run2 | Epoch 031 | train_loss=425.8340 | test_loss=71.8116 | test_acc=0.9377
2026-04-01 20:34:15,705 | INFO | stage2_run2 | Epoch 032 | train_loss=425.3666 | test_loss=73.5986 | test_acc=0.9192
2026-04-01 20:34:41,421 | INFO | stage2_run2 | Epoch 033 | train_loss=422.5764 | test_loss=71.4731 | test_acc=0.9388
2026-04-01 20:35:07,368 | INFO | stage2_run2 | Epoch 034 | train_loss=423.1143 | test_loss=70.7803 | test_acc=0.9394
2026-04-01 20:35:33,412 | INFO | stage2_run2 | Epoch 035 | train_loss=424.6379 | test_loss=70.3985 | test_acc=0.9446
2026-04-01 20:36:01,430 | INFO | stage2_run2 | Epoch 036 | train_loss=421.7334 | test_loss=75.2324 | test_acc=0.9089
2026-04-01 20:36:26,939 | INFO | stage2_run2 | Epoch 037 | train_loss=422.4104 | test_loss=73.1030 | test_acc=0.9268
2026-04-01 20:36:51,414 | INFO | stage2_run2 | Epoch 038 | train_loss=423.2352 | test_loss=71.8133 | test_acc=0.9352
2026-04-01 20:37:17,118 | INFO | stage2_run2 | Epoch 039 | train_loss=420.6895 | test_loss=72.3040 | test_acc=0.9318
2026-04-01 20:37:41,881 | INFO | stage2_run2 | Epoch 040 | train_loss=421.5474 | test_loss=70.5463 | test_acc=0.9422
2026-04-01 20:38:07,817 | INFO | stage2_run2 | Epoch 041 | train_loss=419.0308 | test_loss=73.4524 | test_acc=0.9240
2026-04-01 20:38:34,217 | INFO | stage2_run2 | Epoch 042 | train_loss=417.7827 | test_loss=70.5455 | test_acc=0.9393
2026-04-01 20:39:00,768 | INFO | stage2_run2 | Epoch 043 | train_loss=419.6574 | test_loss=70.2274 | test_acc=0.9438
2026-04-01 20:39:27,368 | INFO | stage2_run2 | Epoch 044 | train_loss=416.8899 | test_loss=69.9147 | test_acc=0.9439
2026-04-01 20:39:53,842 | INFO | stage2_run2 | Epoch 045 | train_loss=417.7473 | test_loss=69.9531 | test_acc=0.9453
2026-04-01 20:40:19,371 | INFO | stage2_run2 | Epoch 046 | train_loss=420.3731 | test_loss=70.3144 | test_acc=0.9420
2026-04-01 20:40:45,867 | INFO | stage2_run2 | Epoch 047 | train_loss=417.2472 | test_loss=69.7431 | test_acc=0.9464
2026-04-01 20:41:11,139 | INFO | stage2_run2 | Epoch 048 | train_loss=417.5480 | test_loss=70.3003 | test_acc=0.9407
2026-04-01 20:41:37,683 | INFO | stage2_run2 | Epoch 049 | train_loss=417.5136 | test_loss=73.1167 | test_acc=0.9224
2026-04-01 20:42:06,907 | INFO | stage2_run2 | Epoch 050 | train_loss=416.1525 | test_loss=73.2521 | test_acc=0.9304
2026-04-01 20:42:36,102 | INFO | stage2_run2 | Epoch 051 | train_loss=416.2142 | test_loss=69.2409 | test_acc=0.9496
2026-04-01 20:43:02,136 | INFO | stage2_run2 | Epoch 052 | train_loss=426.0120 | test_loss=71.2916 | test_acc=0.9377
2026-04-01 20:43:27,876 | INFO | stage2_run2 | Epoch 053 | train_loss=413.8340 | test_loss=69.9690 | test_acc=0.9436
2026-04-01 20:43:54,113 | INFO | stage2_run2 | Epoch 054 | train_loss=414.5335 | test_loss=70.1989 | test_acc=0.9402
2026-04-01 20:44:20,055 | INFO | stage2_run2 | Epoch 055 | train_loss=414.3989 | test_loss=69.3230 | test_acc=0.9472
2026-04-01 20:44:48,181 | INFO | stage2_run2 | Epoch 056 | train_loss=416.8625 | test_loss=69.2154 | test_acc=0.9483
2026-04-01 20:45:16,852 | INFO | stage2_run2 | Epoch 057 | train_loss=413.5521 | test_loss=71.4874 | test_acc=0.9282
2026-04-01 20:45:45,707 | INFO | stage2_run2 | Epoch 058 | train_loss=415.0464 | test_loss=71.7386 | test_acc=0.9296
2026-04-01 20:46:12,649 | INFO | stage2_run2 | Epoch 059 | train_loss=411.8855 | test_loss=70.1209 | test_acc=0.9415
2026-04-01 20:46:40,785 | INFO | stage2_run2 | Epoch 060 | train_loss=415.2530 | test_loss=69.5660 | test_acc=0.9470
2026-04-01 20:47:06,030 | INFO | stage2_run2 | Epoch 061 | train_loss=413.7145 | test_loss=68.8584 | test_acc=0.9474
2026-04-01 20:47:32,389 | INFO | stage2_run2 | Epoch 062 | train_loss=414.1403 | test_loss=69.4927 | test_acc=0.9452
2026-04-01 20:47:58,951 | INFO | stage2_run2 | Epoch 063 | train_loss=416.5212 | test_loss=71.4889 | test_acc=0.9295
2026-04-01 20:48:24,576 | INFO | stage2_run2 | Epoch 064 | train_loss=415.7555 | test_loss=69.2261 | test_acc=0.9455
2026-04-01 20:48:50,730 | INFO | stage2_run2 | Epoch 065 | train_loss=420.3147 | test_loss=70.5744 | test_acc=0.9409
2026-04-01 20:49:18,578 | INFO | stage2_run2 | Epoch 066 | train_loss=414.8603 | test_loss=71.3928 | test_acc=0.9307
2026-04-01 20:49:45,698 | INFO | stage2_run2 | Epoch 067 | train_loss=414.0711 | test_loss=70.3187 | test_acc=0.9384
2026-04-01 20:50:11,533 | INFO | stage2_run2 | Epoch 068 | train_loss=410.7202 | test_loss=72.1646 | test_acc=0.9230
2026-04-01 20:50:37,830 | INFO | stage2_run2 | Epoch 069 | train_loss=411.3704 | test_loss=68.6939 | test_acc=0.9475
2026-04-01 20:51:04,761 | INFO | stage2_run2 | Epoch 070 | train_loss=410.6493 | test_loss=70.2141 | test_acc=0.9378
2026-04-01 20:51:30,312 | INFO | stage2_run2 | Epoch 071 | train_loss=408.0309 | test_loss=69.2485 | test_acc=0.9431
2026-04-01 20:51:56,012 | INFO | stage2_run2 | Epoch 072 | train_loss=412.9821 | test_loss=68.6609 | test_acc=0.9462
2026-04-01 20:52:22,780 | INFO | stage2_run2 | Epoch 073 | train_loss=414.1844 | test_loss=69.8322 | test_acc=0.9392
2026-04-01 20:52:49,769 | INFO | stage2_run2 | Epoch 074 | train_loss=407.7507 | test_loss=67.7321 | test_acc=0.9548
2026-04-01 20:53:14,876 | INFO | stage2_run2 | Epoch 075 | train_loss=408.8559 | test_loss=70.7424 | test_acc=0.9333
2026-04-01 20:53:39,495 | INFO | stage2_run2 | Epoch 076 | train_loss=409.8503 | test_loss=69.3569 | test_acc=0.9437
2026-04-01 20:54:05,265 | INFO | stage2_run2 | Epoch 077 | train_loss=410.3359 | test_loss=68.0816 | test_acc=0.9508
2026-04-01 20:54:30,007 | INFO | stage2_run2 | Epoch 078 | train_loss=409.7300 | test_loss=68.1302 | test_acc=0.9495
2026-04-01 20:54:53,966 | INFO | stage2_run2 | Epoch 079 | train_loss=409.0056 | test_loss=70.1683 | test_acc=0.9368
2026-04-01 20:55:18,668 | INFO | stage2_run2 | Epoch 080 | train_loss=412.5628 | test_loss=67.9601 | test_acc=0.9511
2026-04-01 20:55:42,431 | INFO | stage2_run2 | Epoch 081 | train_loss=409.1617 | test_loss=67.6492 | test_acc=0.9535
2026-04-01 20:56:07,518 | INFO | stage2_run2 | Epoch 082 | train_loss=408.9476 | test_loss=68.2603 | test_acc=0.9488
2026-04-01 20:56:31,959 | INFO | stage2_run2 | Epoch 083 | train_loss=408.9477 | test_loss=70.5675 | test_acc=0.9352
2026-04-01 20:56:57,079 | INFO | stage2_run2 | Epoch 084 | train_loss=408.3206 | test_loss=70.0063 | test_acc=0.9360
2026-04-01 20:57:23,684 | INFO | stage2_run2 | Epoch 085 | train_loss=410.4859 | test_loss=69.2672 | test_acc=0.9434
2026-04-01 20:57:48,077 | INFO | stage2_run2 | Epoch 086 | train_loss=413.9126 | test_loss=69.3748 | test_acc=0.9406
2026-04-01 20:58:13,455 | INFO | stage2_run2 | Epoch 087 | train_loss=411.8909 | test_loss=68.4990 | test_acc=0.9471
2026-04-01 20:58:39,170 | INFO | stage2_run2 | Epoch 088 | train_loss=411.1543 | test_loss=69.4790 | test_acc=0.9374
2026-04-01 20:59:05,516 | INFO | stage2_run2 | Epoch 089 | train_loss=409.3366 | test_loss=68.1919 | test_acc=0.9469
2026-04-01 20:59:31,593 | INFO | stage2_run2 | Epoch 090 | train_loss=405.9241 | test_loss=67.9777 | test_acc=0.9502
2026-04-01 20:59:57,913 | INFO | stage2_run2 | Epoch 091 | train_loss=404.9636 | test_loss=68.2689 | test_acc=0.9467
2026-04-01 21:00:23,813 | INFO | stage2_run2 | Epoch 092 | train_loss=407.1184 | test_loss=68.3751 | test_acc=0.9482
2026-04-01 21:00:49,772 | INFO | stage2_run2 | Epoch 093 | train_loss=410.1212 | test_loss=68.5425 | test_acc=0.9482
2026-04-01 21:01:14,147 | INFO | stage2_run2 | Epoch 094 | train_loss=409.3350 | test_loss=69.1301 | test_acc=0.9419
2026-04-01 21:01:42,073 | INFO | stage2_run2 | Epoch 095 | train_loss=405.8874 | test_loss=68.0916 | test_acc=0.9485
2026-04-01 21:02:10,492 | INFO | stage2_run2 | Epoch 096 | train_loss=403.1716 | test_loss=68.7257 | test_acc=0.9408
2026-04-01 21:02:36,820 | INFO | stage2_run2 | Epoch 097 | train_loss=408.1907 | test_loss=68.5781 | test_acc=0.9439
2026-04-01 21:03:02,254 | INFO | stage2_run2 | Epoch 098 | train_loss=410.3879 | test_loss=68.2215 | test_acc=0.9494
2026-04-01 21:03:28,045 | INFO | stage2_run2 | Epoch 099 | train_loss=404.7326 | test_loss=68.5031 | test_acc=0.9422
2026-04-01 21:03:55,371 | INFO | stage2_run2 | Epoch 100 | train_loss=406.8255 | test_loss=69.4977 | test_acc=0.9411
2026-04-01 21:04:23,668 | INFO | stage2_run3 | Epoch 001 | train_loss=775.6843 | test_loss=108.7620 | test_acc=0.6051
2026-04-01 21:04:49,276 | INFO | stage2_run3 | Epoch 002 | train_loss=600.0978 | test_loss=94.0323 | test_acc=0.8349
2026-04-01 21:05:14,624 | INFO | stage2_run3 | Epoch 003 | train_loss=539.0873 | test_loss=86.4959 | test_acc=0.8596
2026-04-01 21:05:41,808 | INFO | stage2_run3 | Epoch 004 | train_loss=503.3436 | test_loss=82.1285 | test_acc=0.8932
2026-04-01 21:06:06,147 | INFO | stage2_run3 | Epoch 005 | train_loss=483.0089 | test_loss=78.9843 | test_acc=0.8960
2026-04-01 21:06:31,109 | INFO | stage2_run3 | Epoch 006 | train_loss=466.8672 | test_loss=78.5318 | test_acc=0.8972
2026-04-01 21:06:56,783 | INFO | stage2_run3 | Epoch 007 | train_loss=453.6423 | test_loss=75.4342 | test_acc=0.8966
2026-04-01 21:07:22,699 | INFO | stage2_run3 | Epoch 008 | train_loss=443.5002 | test_loss=73.8268 | test_acc=0.9172
2026-04-01 21:07:48,627 | INFO | stage2_run3 | Epoch 009 | train_loss=436.8098 | test_loss=72.9606 | test_acc=0.9169
2026-04-01 21:08:14,674 | INFO | stage2_run3 | Epoch 010 | train_loss=434.0487 | test_loss=71.8395 | test_acc=0.9275
2026-04-01 21:08:39,751 | INFO | stage2_run3 | Epoch 011 | train_loss=428.8245 | test_loss=71.6744 | test_acc=0.9310
2026-04-01 21:09:05,172 | INFO | stage2_run3 | Epoch 012 | train_loss=423.5681 | test_loss=70.9385 | test_acc=0.9294
2026-04-01 21:09:31,866 | INFO | stage2_run3 | Epoch 013 | train_loss=421.4764 | test_loss=71.9251 | test_acc=0.9156
2026-04-01 21:09:57,924 | INFO | stage2_run3 | Epoch 014 | train_loss=422.9786 | test_loss=70.7806 | test_acc=0.9292
2026-04-01 21:10:23,546 | INFO | stage2_run3 | Epoch 015 | train_loss=415.5725 | test_loss=69.6738 | test_acc=0.9362
2026-04-01 21:10:48,719 | INFO | stage2_run3 | Epoch 016 | train_loss=416.0500 | test_loss=69.7208 | test_acc=0.9334
2026-04-01 21:11:14,481 | INFO | stage2_run3 | Epoch 017 | train_loss=412.8331 | test_loss=68.9416 | test_acc=0.9381
2026-04-01 21:11:40,756 | INFO | stage2_run3 | Epoch 018 | train_loss=411.8484 | test_loss=70.1994 | test_acc=0.9254
2026-04-01 21:12:05,819 | INFO | stage2_run3 | Epoch 019 | train_loss=409.4091 | test_loss=68.4622 | test_acc=0.9445
2026-04-01 21:12:30,590 | INFO | stage2_run3 | Epoch 020 | train_loss=407.0607 | test_loss=68.6692 | test_acc=0.9267
2026-04-01 21:12:55,492 | INFO | stage2_run3 | Epoch 021 | train_loss=403.7893 | test_loss=68.5503 | test_acc=0.9370
2026-04-01 21:13:19,553 | INFO | stage2_run3 | Epoch 022 | train_loss=403.9725 | test_loss=66.8633 | test_acc=0.9459
2026-04-01 21:13:46,745 | INFO | stage2_run3 | Epoch 023 | train_loss=399.4887 | test_loss=66.6686 | test_acc=0.9494
2026-04-01 21:14:14,356 | INFO | stage2_run3 | Epoch 024 | train_loss=401.5278 | test_loss=67.3405 | test_acc=0.9447
2026-04-01 21:14:39,283 | INFO | stage2_run3 | Epoch 025 | train_loss=401.7314 | test_loss=66.5683 | test_acc=0.9455
2026-04-01 21:15:04,527 | INFO | stage2_run3 | Epoch 026 | train_loss=397.7075 | test_loss=67.2141 | test_acc=0.9371
2026-04-01 21:15:28,617 | INFO | stage2_run3 | Epoch 027 | train_loss=395.1547 | test_loss=66.1154 | test_acc=0.9476
2026-04-01 21:15:52,836 | INFO | stage2_run3 | Epoch 028 | train_loss=397.4095 | test_loss=66.7031 | test_acc=0.9364
2026-04-01 21:16:16,985 | INFO | stage2_run3 | Epoch 029 | train_loss=391.9306 | test_loss=66.8703 | test_acc=0.9429
2026-04-01 21:16:41,627 | INFO | stage2_run3 | Epoch 030 | train_loss=390.9395 | test_loss=65.7845 | test_acc=0.9468
2026-04-01 21:17:06,122 | INFO | stage2_run3 | Epoch 031 | train_loss=391.6529 | test_loss=65.6428 | test_acc=0.9462
2026-04-01 21:17:31,487 | INFO | stage2_run3 | Epoch 032 | train_loss=391.7447 | test_loss=65.7802 | test_acc=0.9465
2026-04-01 21:17:57,378 | INFO | stage2_run3 | Epoch 033 | train_loss=389.7572 | test_loss=65.7015 | test_acc=0.9451
2026-04-01 21:18:23,826 | INFO | stage2_run3 | Epoch 034 | train_loss=391.2681 | test_loss=65.7339 | test_acc=0.9438
2026-04-01 21:18:49,893 | INFO | stage2_run3 | Epoch 035 | train_loss=390.1606 | test_loss=66.4390 | test_acc=0.9361
2026-04-01 21:19:15,596 | INFO | stage2_run3 | Epoch 036 | train_loss=388.4024 | test_loss=65.2782 | test_acc=0.9469
2026-04-01 21:19:41,893 | INFO | stage2_run3 | Epoch 037 | train_loss=388.3622 | test_loss=65.3911 | test_acc=0.9479
2026-04-01 21:20:07,769 | INFO | stage2_run3 | Epoch 038 | train_loss=387.2041 | test_loss=64.3182 | test_acc=0.9560
2026-04-01 21:20:33,490 | INFO | stage2_run3 | Epoch 039 | train_loss=386.1555 | test_loss=66.4882 | test_acc=0.9371
2026-04-01 21:20:59,272 | INFO | stage2_run3 | Epoch 040 | train_loss=388.1383 | test_loss=64.6787 | test_acc=0.9547
2026-04-01 21:21:25,082 | INFO | stage2_run3 | Epoch 041 | train_loss=386.2097 | test_loss=64.4733 | test_acc=0.9493
2026-04-01 21:21:49,458 | INFO | stage2_run3 | Epoch 042 | train_loss=386.7899 | test_loss=65.4561 | test_acc=0.9493
2026-04-01 21:22:14,400 | INFO | stage2_run3 | Epoch 043 | train_loss=386.1182 | test_loss=63.9980 | test_acc=0.9566
2026-04-01 21:22:41,172 | INFO | stage2_run3 | Epoch 044 | train_loss=382.9613 | test_loss=65.6341 | test_acc=0.9450
2026-04-01 21:23:07,400 | INFO | stage2_run3 | Epoch 045 | train_loss=386.8087 | test_loss=65.6994 | test_acc=0.9458
2026-04-01 21:23:33,166 | INFO | stage2_run3 | Epoch 046 | train_loss=383.6630 | test_loss=64.4701 | test_acc=0.9518
2026-04-01 21:23:59,301 | INFO | stage2_run3 | Epoch 047 | train_loss=384.2402 | test_loss=66.1581 | test_acc=0.9282
2026-04-01 21:24:25,368 | INFO | stage2_run3 | Epoch 048 | train_loss=384.9646 | test_loss=64.4896 | test_acc=0.9516
2026-04-01 21:24:50,915 | INFO | stage2_run3 | Epoch 049 | train_loss=382.4210 | test_loss=63.8074 | test_acc=0.9543
2026-04-01 21:25:16,120 | INFO | stage2_run3 | Epoch 050 | train_loss=379.2346 | test_loss=63.8573 | test_acc=0.9512
2026-04-01 21:25:43,954 | INFO | stage2_run3 | Epoch 051 | train_loss=380.3545 | test_loss=63.7581 | test_acc=0.9534
2026-04-01 21:26:10,537 | INFO | stage2_run3 | Epoch 052 | train_loss=381.5070 | test_loss=63.7767 | test_acc=0.9536
2026-04-01 21:26:36,766 | INFO | stage2_run3 | Epoch 053 | train_loss=378.2135 | test_loss=65.1817 | test_acc=0.9436
2026-04-01 21:27:03,178 | INFO | stage2_run3 | Epoch 054 | train_loss=378.7388 | test_loss=64.0489 | test_acc=0.9521
2026-04-01 21:27:29,921 | INFO | stage2_run3 | Epoch 055 | train_loss=378.5240 | test_loss=62.6736 | test_acc=0.9610
2026-04-01 21:27:55,821 | INFO | stage2_run3 | Epoch 056 | train_loss=377.8822 | test_loss=63.8469 | test_acc=0.9516
2026-04-01 21:28:22,145 | INFO | stage2_run3 | Epoch 057 | train_loss=379.3263 | test_loss=63.6733 | test_acc=0.9514
2026-04-01 21:28:47,771 | INFO | stage2_run3 | Epoch 058 | train_loss=379.8768 | test_loss=64.0632 | test_acc=0.9525
2026-04-01 21:29:12,153 | INFO | stage2_run3 | Epoch 059 | train_loss=375.6391 | test_loss=62.0076 | test_acc=0.9611
2026-04-01 21:29:40,330 | INFO | stage2_run3 | Epoch 060 | train_loss=375.2499 | test_loss=62.3785 | test_acc=0.9570
2026-04-01 21:30:05,843 | INFO | stage2_run3 | Epoch 061 | train_loss=376.7595 | test_loss=63.3738 | test_acc=0.9532
2026-04-01 21:30:30,791 | INFO | stage2_run3 | Epoch 062 | train_loss=375.2527 | test_loss=63.0333 | test_acc=0.9565
2026-04-01 21:30:55,980 | INFO | stage2_run3 | Epoch 063 | train_loss=378.6801 | test_loss=64.3231 | test_acc=0.9457
2026-04-01 21:31:23,589 | INFO | stage2_run3 | Epoch 064 | train_loss=374.8042 | test_loss=62.5205 | test_acc=0.9583
2026-04-01 21:31:52,316 | INFO | stage2_run3 | Epoch 065 | train_loss=375.0189 | test_loss=62.7600 | test_acc=0.9576
2026-04-01 21:32:17,968 | INFO | stage2_run3 | Epoch 066 | train_loss=373.4632 | test_loss=63.2216 | test_acc=0.9531
2026-04-01 21:32:43,624 | INFO | stage2_run3 | Epoch 067 | train_loss=374.1130 | test_loss=63.0863 | test_acc=0.9535
2026-04-01 21:33:09,621 | INFO | stage2_run3 | Epoch 068 | train_loss=373.5932 | test_loss=62.9472 | test_acc=0.9564
2026-04-01 21:33:35,712 | INFO | stage2_run3 | Epoch 069 | train_loss=373.2249 | test_loss=63.0118 | test_acc=0.9551
2026-04-01 21:34:01,560 | INFO | stage2_run3 | Epoch 070 | train_loss=374.4971 | test_loss=63.2211 | test_acc=0.9485
2026-04-01 21:34:27,839 | INFO | stage2_run3 | Epoch 071 | train_loss=373.6547 | test_loss=63.4868 | test_acc=0.9530
2026-04-01 21:34:52,641 | INFO | stage2_run3 | Epoch 072 | train_loss=377.5056 | test_loss=64.2282 | test_acc=0.9436
2026-04-01 21:35:18,574 | INFO | stage2_run3 | Epoch 073 | train_loss=372.6595 | test_loss=63.0044 | test_acc=0.9548
2026-04-01 21:35:45,017 | INFO | stage2_run3 | Epoch 074 | train_loss=372.0992 | test_loss=62.1074 | test_acc=0.9577
2026-04-01 21:36:11,315 | INFO | stage2_run3 | Epoch 075 | train_loss=371.2839 | test_loss=63.0986 | test_acc=0.9552
2026-04-01 21:36:37,608 | INFO | stage2_run3 | Epoch 076 | train_loss=371.9920 | test_loss=62.5880 | test_acc=0.9575
2026-04-01 21:37:04,939 | INFO | stage2_run3 | Epoch 077 | train_loss=371.3762 | test_loss=63.9629 | test_acc=0.9475
2026-04-01 21:37:31,457 | INFO | stage2_run3 | Epoch 078 | train_loss=375.9063 | test_loss=62.8708 | test_acc=0.9551
2026-04-01 21:37:56,790 | INFO | stage2_run3 | Epoch 079 | train_loss=370.1918 | test_loss=61.9375 | test_acc=0.9582
2026-04-01 21:38:21,805 | INFO | stage2_run3 | Epoch 080 | train_loss=368.9334 | test_loss=62.6259 | test_acc=0.9496
2026-04-01 21:38:46,683 | INFO | stage2_run3 | Epoch 081 | train_loss=373.5433 | test_loss=62.0390 | test_acc=0.9588
2026-04-01 21:39:12,459 | INFO | stage2_run3 | Epoch 082 | train_loss=371.5814 | test_loss=61.8731 | test_acc=0.9598
2026-04-01 21:39:38,911 | INFO | stage2_run3 | Epoch 083 | train_loss=371.2063 | test_loss=62.7547 | test_acc=0.9519
2026-04-01 21:40:06,299 | INFO | stage2_run3 | Epoch 084 | train_loss=370.7492 | test_loss=61.4351 | test_acc=0.9600
2026-04-01 21:40:32,023 | INFO | stage2_run3 | Epoch 085 | train_loss=374.9053 | test_loss=62.4437 | test_acc=0.9538
2026-04-01 21:40:56,875 | INFO | stage2_run3 | Epoch 086 | train_loss=371.3176 | test_loss=62.3082 | test_acc=0.9549
2026-04-01 21:41:25,667 | INFO | stage2_run3 | Epoch 087 | train_loss=369.3854 | test_loss=61.3696 | test_acc=0.9604
2026-04-01 21:41:50,845 | INFO | stage2_run3 | Epoch 088 | train_loss=366.6477 | test_loss=64.1771 | test_acc=0.9398
2026-04-01 21:42:17,050 | INFO | stage2_run3 | Epoch 089 | train_loss=370.8028 | test_loss=62.7350 | test_acc=0.9535
2026-04-01 21:42:43,196 | INFO | stage2_run3 | Epoch 090 | train_loss=370.6876 | test_loss=62.3694 | test_acc=0.9541
2026-04-01 21:43:10,009 | INFO | stage2_run3 | Epoch 091 | train_loss=370.6865 | test_loss=62.8114 | test_acc=0.9499
2026-04-01 21:43:36,076 | INFO | stage2_run3 | Epoch 092 | train_loss=371.3761 | test_loss=62.0156 | test_acc=0.9555
2026-04-01 21:44:03,961 | INFO | stage2_run3 | Epoch 093 | train_loss=367.0771 | test_loss=62.2657 | test_acc=0.9509
2026-04-01 21:44:30,620 | INFO | stage2_run3 | Epoch 094 | train_loss=370.4140 | test_loss=62.5850 | test_acc=0.9528
2026-04-01 21:44:56,969 | INFO | stage2_run3 | Epoch 095 | train_loss=372.1504 | test_loss=64.8256 | test_acc=0.9362
2026-04-01 21:45:24,804 | INFO | stage2_run3 | Epoch 096 | train_loss=369.8474 | test_loss=62.6359 | test_acc=0.9536
2026-04-01 21:45:52,803 | INFO | stage2_run3 | Epoch 097 | train_loss=371.7383 | test_loss=61.5411 | test_acc=0.9591
2026-04-01 21:46:18,540 | INFO | stage2_run3 | Epoch 098 | train_loss=368.9463 | test_loss=61.8251 | test_acc=0.9529
2026-04-01 21:46:44,965 | INFO | stage2_run3 | Epoch 099 | train_loss=366.3184 | test_loss=62.9194 | test_acc=0.9508
2026-04-01 21:47:10,960 | INFO | stage2_run3 | Epoch 100 | train_loss=367.6237 | test_loss=61.6331 | test_acc=0.9558
2026-04-01 21:47:37,594 | INFO | stage2_run4 | Epoch 001 | train_loss=770.4183 | test_loss=105.4116 | test_acc=0.6414
2026-04-01 21:48:06,041 | INFO | stage2_run4 | Epoch 002 | train_loss=585.4802 | test_loss=92.0647 | test_acc=0.7469
2026-04-01 21:48:35,535 | INFO | stage2_run4 | Epoch 003 | train_loss=528.2013 | test_loss=85.6692 | test_acc=0.7951
2026-04-01 21:49:05,157 | INFO | stage2_run4 | Epoch 004 | train_loss=496.9388 | test_loss=80.2115 | test_acc=0.8152
2026-04-01 21:49:32,096 | INFO | stage2_run4 | Epoch 005 | train_loss=477.4578 | test_loss=80.9652 | test_acc=0.7819
2026-04-01 21:49:57,007 | INFO | stage2_run4 | Epoch 006 | train_loss=460.8476 | test_loss=76.9881 | test_acc=0.8605
2026-04-01 21:50:22,267 | INFO | stage2_run4 | Epoch 007 | train_loss=449.6799 | test_loss=74.8070 | test_acc=0.8600
2026-04-01 21:50:48,176 | INFO | stage2_run4 | Epoch 008 | train_loss=444.5567 | test_loss=72.0123 | test_acc=0.8477
2026-04-01 21:51:15,055 | INFO | stage2_run4 | Epoch 009 | train_loss=433.9626 | test_loss=72.8070 | test_acc=0.8741
2026-04-01 21:51:41,174 | INFO | stage2_run4 | Epoch 010 | train_loss=429.4544 | test_loss=73.5492 | test_acc=0.8837
2026-04-01 21:52:07,062 | INFO | stage2_run4 | Epoch 011 | train_loss=427.9936 | test_loss=71.1895 | test_acc=0.8446
2026-04-01 21:52:32,295 | INFO | stage2_run4 | Epoch 012 | train_loss=423.1112 | test_loss=72.0745 | test_acc=0.9023
2026-04-01 21:52:59,143 | INFO | stage2_run4 | Epoch 013 | train_loss=418.6913 | test_loss=69.7391 | test_acc=0.8762
2026-04-01 21:53:26,009 | INFO | stage2_run4 | Epoch 014 | train_loss=415.2764 | test_loss=68.2436 | test_acc=0.8625
2026-04-01 21:53:54,642 | INFO | stage2_run4 | Epoch 015 | train_loss=410.3474 | test_loss=68.5766 | test_acc=0.8853
2026-04-01 21:54:20,762 | INFO | stage2_run4 | Epoch 016 | train_loss=410.0655 | test_loss=68.9315 | test_acc=0.8421
2026-04-01 21:54:46,236 | INFO | stage2_run4 | Epoch 017 | train_loss=409.1519 | test_loss=68.3661 | test_acc=0.8619
2026-04-01 21:55:12,688 | INFO | stage2_run4 | Epoch 018 | train_loss=406.4015 | test_loss=68.5446 | test_acc=0.8876
2026-04-01 21:55:39,158 | INFO | stage2_run4 | Epoch 019 | train_loss=404.7587 | test_loss=68.7280 | test_acc=0.8834
2026-04-01 21:56:05,479 | INFO | stage2_run4 | Epoch 020 | train_loss=400.4978 | test_loss=66.2734 | test_acc=0.8888
2026-04-01 21:56:31,035 | INFO | stage2_run4 | Epoch 021 | train_loss=401.6877 | test_loss=66.8289 | test_acc=0.8998
2026-04-01 21:56:55,695 | INFO | stage2_run4 | Epoch 022 | train_loss=397.3697 | test_loss=66.5004 | test_acc=0.8966
2026-04-01 21:57:20,953 | INFO | stage2_run4 | Epoch 023 | train_loss=399.1502 | test_loss=67.5779 | test_acc=0.8555
2026-04-01 21:57:48,026 | INFO | stage2_run4 | Epoch 024 | train_loss=395.8260 | test_loss=66.8082 | test_acc=0.8936
2026-04-01 21:58:12,568 | INFO | stage2_run4 | Epoch 025 | train_loss=395.8338 | test_loss=67.1210 | test_acc=0.9018
2026-04-01 21:58:37,058 | INFO | stage2_run4 | Epoch 026 | train_loss=395.5365 | test_loss=67.6953 | test_acc=0.9057
2026-04-01 21:59:03,178 | INFO | stage2_run4 | Epoch 027 | train_loss=395.7903 | test_loss=67.2160 | test_acc=0.8852
2026-04-01 21:59:29,210 | INFO | stage2_run4 | Epoch 028 | train_loss=393.6844 | test_loss=65.9661 | test_acc=0.9165
2026-04-01 21:59:54,700 | INFO | stage2_run4 | Epoch 029 | train_loss=391.9232 | test_loss=66.9378 | test_acc=0.8876
2026-04-01 22:00:20,710 | INFO | stage2_run4 | Epoch 030 | train_loss=389.7252 | test_loss=64.9453 | test_acc=0.9243
2026-04-01 22:00:45,643 | INFO | stage2_run4 | Epoch 031 | train_loss=389.9788 | test_loss=65.1343 | test_acc=0.9038
2026-04-01 22:01:12,917 | INFO | stage2_run4 | Epoch 032 | train_loss=390.1288 | test_loss=79.1203 | test_acc=0.8149
2026-04-01 22:01:38,873 | INFO | stage2_run4 | Epoch 033 | train_loss=389.7562 | test_loss=64.8494 | test_acc=0.9362
2026-04-01 22:02:03,125 | INFO | stage2_run4 | Epoch 034 | train_loss=388.9715 | test_loss=65.6887 | test_acc=0.9054
2026-04-01 22:02:27,220 | INFO | stage2_run4 | Epoch 035 | train_loss=386.7175 | test_loss=65.4716 | test_acc=0.9086
2026-04-01 22:02:54,419 | INFO | stage2_run4 | Epoch 036 | train_loss=386.6089 | test_loss=65.2358 | test_acc=0.9159
2026-04-01 22:03:21,466 | INFO | stage2_run4 | Epoch 037 | train_loss=389.0820 | test_loss=64.5081 | test_acc=0.9127
2026-04-01 22:03:48,314 | INFO | stage2_run4 | Epoch 038 | train_loss=384.4840 | test_loss=65.4568 | test_acc=0.9348
2026-04-01 22:04:16,982 | INFO | stage2_run4 | Epoch 039 | train_loss=382.8247 | test_loss=64.6533 | test_acc=0.9212
2026-04-01 22:04:41,546 | INFO | stage2_run4 | Epoch 040 | train_loss=386.0561 | test_loss=67.0350 | test_acc=0.9091
2026-04-01 22:05:06,553 | INFO | stage2_run4 | Epoch 041 | train_loss=385.3291 | test_loss=64.6321 | test_acc=0.9209
2026-04-01 22:05:31,154 | INFO | stage2_run4 | Epoch 042 | train_loss=382.7226 | test_loss=64.9786 | test_acc=0.9306
2026-04-01 22:05:59,575 | INFO | stage2_run4 | Epoch 043 | train_loss=386.5265 | test_loss=63.9502 | test_acc=0.9367
2026-04-01 22:06:25,831 | INFO | stage2_run4 | Epoch 044 | train_loss=380.9318 | test_loss=67.5061 | test_acc=0.9173
2026-04-01 22:06:49,696 | INFO | stage2_run4 | Epoch 045 | train_loss=382.2258 | test_loss=63.3886 | test_acc=0.9419
2026-04-01 22:07:17,184 | INFO | stage2_run4 | Epoch 046 | train_loss=380.4278 | test_loss=64.8607 | test_acc=0.9273
2026-04-01 22:07:44,486 | INFO | stage2_run4 | Epoch 047 | train_loss=381.5457 | test_loss=63.2668 | test_acc=0.9403
2026-04-01 22:08:11,427 | INFO | stage2_run4 | Epoch 048 | train_loss=379.3175 | test_loss=63.7323 | test_acc=0.9345
2026-04-01 22:08:39,105 | INFO | stage2_run4 | Epoch 049 | train_loss=380.5192 | test_loss=64.3388 | test_acc=0.9296
2026-04-01 22:09:05,597 | INFO | stage2_run4 | Epoch 050 | train_loss=382.4301 | test_loss=63.7530 | test_acc=0.9337
2026-04-01 22:09:31,043 | INFO | stage2_run4 | Epoch 051 | train_loss=379.5084 | test_loss=63.4484 | test_acc=0.9308
2026-04-01 22:09:57,870 | INFO | stage2_run4 | Epoch 052 | train_loss=382.8558 | test_loss=62.6731 | test_acc=0.9463
2026-04-01 22:10:23,282 | INFO | stage2_run4 | Epoch 053 | train_loss=380.8913 | test_loss=64.4466 | test_acc=0.9431
2026-04-01 22:10:48,639 | INFO | stage2_run4 | Epoch 054 | train_loss=379.7398 | test_loss=64.4069 | test_acc=0.9331
2026-04-01 22:11:13,147 | INFO | stage2_run4 | Epoch 055 | train_loss=377.2885 | test_loss=63.5211 | test_acc=0.9353
2026-04-01 22:11:41,131 | INFO | stage2_run4 | Epoch 056 | train_loss=376.8075 | test_loss=64.6580 | test_acc=0.9346
2026-04-01 22:12:07,486 | INFO | stage2_run4 | Epoch 057 | train_loss=377.3290 | test_loss=62.0540 | test_acc=0.9477
2026-04-01 22:12:35,511 | INFO | stage2_run4 | Epoch 058 | train_loss=375.7404 | test_loss=63.0401 | test_acc=0.9474
2026-04-01 22:13:02,489 | INFO | stage2_run4 | Epoch 059 | train_loss=376.6207 | test_loss=65.5318 | test_acc=0.9268
2026-04-01 22:13:28,917 | INFO | stage2_run4 | Epoch 060 | train_loss=375.6892 | test_loss=64.5207 | test_acc=0.9416
2026-04-01 22:13:55,359 | INFO | stage2_run4 | Epoch 061 | train_loss=374.8384 | test_loss=62.2245 | test_acc=0.9438
2026-04-01 22:14:23,023 | INFO | stage2_run4 | Epoch 062 | train_loss=377.7573 | test_loss=63.5091 | test_acc=0.9436
2026-04-01 22:14:52,034 | INFO | stage2_run4 | Epoch 063 | train_loss=377.1159 | test_loss=64.8638 | test_acc=0.9267
2026-04-01 22:15:20,474 | INFO | stage2_run4 | Epoch 064 | train_loss=377.9149 | test_loss=64.1181 | test_acc=0.9363
2026-04-01 22:15:47,637 | INFO | stage2_run4 | Epoch 065 | train_loss=373.4698 | test_loss=62.2865 | test_acc=0.9434
2026-04-01 22:16:16,942 | INFO | stage2_run4 | Epoch 066 | train_loss=370.7014 | test_loss=62.3562 | test_acc=0.9483
2026-04-01 22:16:45,835 | INFO | stage2_run4 | Epoch 067 | train_loss=373.1648 | test_loss=61.9648 | test_acc=0.9501
2026-04-01 22:17:14,338 | INFO | stage2_run4 | Epoch 068 | train_loss=376.5487 | test_loss=63.1947 | test_acc=0.9439
2026-04-01 22:17:43,178 | INFO | stage2_run4 | Epoch 069 | train_loss=371.5469 | test_loss=63.6707 | test_acc=0.9444
2026-04-01 22:18:08,982 | INFO | stage2_run4 | Epoch 070 | train_loss=374.7760 | test_loss=63.8232 | test_acc=0.9383
2026-04-01 22:18:33,763 | INFO | stage2_run4 | Epoch 071 | train_loss=374.5966 | test_loss=62.2192 | test_acc=0.9460
2026-04-01 22:19:01,009 | INFO | stage2_run4 | Epoch 072 | train_loss=372.9665 | test_loss=62.1787 | test_acc=0.9514
2026-04-01 22:19:29,509 | INFO | stage2_run4 | Epoch 073 | train_loss=369.8574 | test_loss=61.7513 | test_acc=0.9481
2026-04-01 22:19:54,047 | INFO | stage2_run4 | Epoch 074 | train_loss=372.3236 | test_loss=63.9414 | test_acc=0.9310
2026-04-01 22:20:17,981 | INFO | stage2_run4 | Epoch 075 | train_loss=371.5785 | test_loss=61.5654 | test_acc=0.9522
2026-04-01 22:20:43,517 | INFO | stage2_run4 | Epoch 076 | train_loss=372.9437 | test_loss=62.1887 | test_acc=0.9494
2026-04-01 22:21:08,141 | INFO | stage2_run4 | Epoch 077 | train_loss=373.3476 | test_loss=62.3150 | test_acc=0.9460
2026-04-01 22:21:34,617 | INFO | stage2_run4 | Epoch 078 | train_loss=371.5649 | test_loss=63.5097 | test_acc=0.9390
2026-04-01 22:22:01,640 | INFO | stage2_run4 | Epoch 079 | train_loss=372.0594 | test_loss=67.9752 | test_acc=0.9067
2026-04-01 22:22:26,584 | INFO | stage2_run4 | Epoch 080 | train_loss=372.8526 | test_loss=61.1516 | test_acc=0.9539
2026-04-01 22:22:54,521 | INFO | stage2_run4 | Epoch 081 | train_loss=371.0799 | test_loss=60.9666 | test_acc=0.9531
2026-04-01 22:23:21,620 | INFO | stage2_run4 | Epoch 082 | train_loss=373.6807 | test_loss=62.9087 | test_acc=0.9404
2026-04-01 22:23:48,224 | INFO | stage2_run4 | Epoch 083 | train_loss=370.3461 | test_loss=62.4194 | test_acc=0.9466
2026-04-01 22:24:14,605 | INFO | stage2_run4 | Epoch 084 | train_loss=370.6150 | test_loss=61.1556 | test_acc=0.9505
2026-04-01 22:24:41,565 | INFO | stage2_run4 | Epoch 085 | train_loss=369.0664 | test_loss=62.4676 | test_acc=0.9465
2026-04-01 22:25:06,780 | INFO | stage2_run4 | Epoch 086 | train_loss=373.4423 | test_loss=61.5100 | test_acc=0.9504
2026-04-01 22:25:32,764 | INFO | stage2_run4 | Epoch 087 | train_loss=370.6432 | test_loss=62.4023 | test_acc=0.9421
2026-04-01 22:25:56,758 | INFO | stage2_run4 | Epoch 088 | train_loss=369.3704 | test_loss=63.6456 | test_acc=0.9343
2026-04-01 22:26:21,587 | INFO | stage2_run4 | Epoch 089 | train_loss=371.9831 | test_loss=64.1547 | test_acc=0.9325
2026-04-01 22:26:46,102 | INFO | stage2_run4 | Epoch 090 | train_loss=373.5397 | test_loss=62.6122 | test_acc=0.9484
2026-04-01 22:27:10,762 | INFO | stage2_run4 | Epoch 091 | train_loss=374.8355 | test_loss=65.4144 | test_acc=0.9257
2026-04-01 22:27:35,201 | INFO | stage2_run4 | Epoch 092 | train_loss=372.4574 | test_loss=63.7701 | test_acc=0.9356
2026-04-01 22:28:00,964 | INFO | stage2_run4 | Epoch 093 | train_loss=373.3517 | test_loss=61.5558 | test_acc=0.9489
2026-04-01 22:28:26,256 | INFO | stage2_run4 | Epoch 094 | train_loss=368.4547 | test_loss=64.7298 | test_acc=0.9292
2026-04-01 22:28:51,484 | INFO | stage2_run4 | Epoch 095 | train_loss=371.1371 | test_loss=62.6646 | test_acc=0.9437
2026-04-01 22:29:18,789 | INFO | stage2_run4 | Epoch 096 | train_loss=369.0851 | test_loss=62.4592 | test_acc=0.9413
2026-04-01 22:29:46,207 | INFO | stage2_run4 | Epoch 097 | train_loss=367.4163 | test_loss=63.5266 | test_acc=0.9362
2026-04-01 22:30:13,944 | INFO | stage2_run4 | Epoch 098 | train_loss=372.9353 | test_loss=62.7673 | test_acc=0.9425
2026-04-01 22:30:42,696 | INFO | stage2_run4 | Epoch 099 | train_loss=370.7077 | test_loss=60.9292 | test_acc=0.9558
2026-04-01 22:31:10,638 | INFO | stage2_run4 | Epoch 100 | train_loss=371.4018 | test_loss=61.0718 | test_acc=0.9541
2026-04-01 22:31:38,124 | INFO | stage2_run5 | Epoch 001 | train_loss=791.3679 | test_loss=112.5371 | test_acc=0.5821
2026-04-01 22:32:05,693 | INFO | stage2_run5 | Epoch 002 | train_loss=634.4575 | test_loss=100.0172 | test_acc=0.6770
2026-04-01 22:32:34,224 | INFO | stage2_run5 | Epoch 003 | train_loss=575.8777 | test_loss=93.5134 | test_acc=0.6756
2026-04-01 22:33:00,624 | INFO | stage2_run5 | Epoch 004 | train_loss=543.6440 | test_loss=89.0852 | test_acc=0.7580
2026-04-01 22:33:24,464 | INFO | stage2_run5 | Epoch 005 | train_loss=517.9394 | test_loss=84.2159 | test_acc=0.8029
2026-04-01 22:33:50,082 | INFO | stage2_run5 | Epoch 006 | train_loss=497.1730 | test_loss=80.1634 | test_acc=0.8363
2026-04-01 22:34:18,260 | INFO | stage2_run5 | Epoch 007 | train_loss=483.8427 | test_loss=79.3957 | test_acc=0.8394
2026-04-01 22:34:47,074 | INFO | stage2_run5 | Epoch 008 | train_loss=474.6258 | test_loss=78.2472 | test_acc=0.8401
2026-04-01 22:35:14,757 | INFO | stage2_run5 | Epoch 009 | train_loss=468.2595 | test_loss=76.7246 | test_acc=0.8461
2026-04-01 22:35:40,840 | INFO | stage2_run5 | Epoch 010 | train_loss=460.2725 | test_loss=77.4565 | test_acc=0.8281
2026-04-01 22:36:06,005 | INFO | stage2_run5 | Epoch 011 | train_loss=454.3916 | test_loss=78.5561 | test_acc=0.8266
2026-04-01 22:36:32,455 | INFO | stage2_run5 | Epoch 012 | train_loss=451.2862 | test_loss=74.2726 | test_acc=0.8706
2026-04-01 22:36:59,078 | INFO | stage2_run5 | Epoch 013 | train_loss=446.3188 | test_loss=73.6649 | test_acc=0.8777
2026-04-01 22:37:25,766 | INFO | stage2_run5 | Epoch 014 | train_loss=443.3027 | test_loss=72.4985 | test_acc=0.8728
2026-04-01 22:37:51,890 | INFO | stage2_run5 | Epoch 015 | train_loss=437.4712 | test_loss=73.6025 | test_acc=0.8950
2026-04-01 22:38:16,951 | INFO | stage2_run5 | Epoch 016 | train_loss=436.6615 | test_loss=74.8095 | test_acc=0.8794
2026-04-01 22:38:44,348 | INFO | stage2_run5 | Epoch 017 | train_loss=436.6118 | test_loss=73.4891 | test_acc=0.8862
2026-04-01 22:39:11,490 | INFO | stage2_run5 | Epoch 018 | train_loss=434.8285 | test_loss=71.5286 | test_acc=0.8906
2026-04-01 22:39:38,162 | INFO | stage2_run5 | Epoch 019 | train_loss=437.3783 | test_loss=75.6511 | test_acc=0.8746
2026-04-01 22:40:04,181 | INFO | stage2_run5 | Epoch 020 | train_loss=433.7800 | test_loss=74.3840 | test_acc=0.8761
2026-04-01 22:40:31,436 | INFO | stage2_run5 | Epoch 021 | train_loss=434.1425 | test_loss=71.7978 | test_acc=0.8717
2026-04-01 22:40:57,366 | INFO | stage2_run5 | Epoch 022 | train_loss=427.0472 | test_loss=69.9159 | test_acc=0.9053
2026-04-01 22:41:24,152 | INFO | stage2_run5 | Epoch 023 | train_loss=423.4632 | test_loss=73.6879 | test_acc=0.8826
2026-04-01 22:41:53,511 | INFO | stage2_run5 | Epoch 024 | train_loss=426.1781 | test_loss=69.2326 | test_acc=0.9129
2026-04-01 22:42:19,057 | INFO | stage2_run5 | Epoch 025 | train_loss=421.9668 | test_loss=71.4079 | test_acc=0.9265
2026-04-01 22:42:45,595 | INFO | stage2_run5 | Epoch 026 | train_loss=420.8797 | test_loss=69.5637 | test_acc=0.9162
2026-04-01 22:43:11,868 | INFO | stage2_run5 | Epoch 027 | train_loss=421.5862 | test_loss=69.9682 | test_acc=0.9001
2026-04-01 22:43:40,059 | INFO | stage2_run5 | Epoch 028 | train_loss=421.3298 | test_loss=71.3738 | test_acc=0.9084
2026-04-01 22:44:09,178 | INFO | stage2_run5 | Epoch 029 | train_loss=417.9378 | test_loss=68.5069 | test_acc=0.8914
2026-04-01 22:44:37,970 | INFO | stage2_run5 | Epoch 030 | train_loss=413.6262 | test_loss=70.5419 | test_acc=0.9302
2026-04-01 22:45:04,956 | INFO | stage2_run5 | Epoch 031 | train_loss=416.2652 | test_loss=69.7850 | test_acc=0.8816
2026-04-01 22:45:30,542 | INFO | stage2_run5 | Epoch 032 | train_loss=413.8619 | test_loss=68.5209 | test_acc=0.9293
2026-04-01 22:45:55,260 | INFO | stage2_run5 | Epoch 033 | train_loss=411.5610 | test_loss=70.6571 | test_acc=0.9218
2026-04-01 22:46:21,281 | INFO | stage2_run5 | Epoch 034 | train_loss=412.0457 | test_loss=71.5426 | test_acc=0.9066
2026-04-01 22:46:47,853 | INFO | stage2_run5 | Epoch 035 | train_loss=410.9328 | test_loss=68.5925 | test_acc=0.9148
2026-04-01 22:47:12,460 | INFO | stage2_run5 | Epoch 036 | train_loss=410.5305 | test_loss=71.0010 | test_acc=0.9081
2026-04-01 22:47:37,602 | INFO | stage2_run5 | Epoch 037 | train_loss=414.7540 | test_loss=67.6577 | test_acc=0.9222
2026-04-01 22:48:02,508 | INFO | stage2_run5 | Epoch 038 | train_loss=408.6719 | test_loss=67.8964 | test_acc=0.8927
2026-04-01 22:48:27,888 | INFO | stage2_run5 | Epoch 039 | train_loss=407.3111 | test_loss=68.0093 | test_acc=0.9241
2026-04-01 22:48:53,937 | INFO | stage2_run5 | Epoch 040 | train_loss=409.7644 | test_loss=68.4087 | test_acc=0.9271
2026-04-01 22:49:18,825 | INFO | stage2_run5 | Epoch 041 | train_loss=409.7370 | test_loss=69.2603 | test_acc=0.9097
2026-04-01 22:49:44,400 | INFO | stage2_run5 | Epoch 042 | train_loss=409.1673 | test_loss=67.8807 | test_acc=0.9156
2026-04-01 22:50:11,483 | INFO | stage2_run5 | Epoch 043 | train_loss=406.3769 | test_loss=70.8814 | test_acc=0.8841
2026-04-01 22:50:40,649 | INFO | stage2_run5 | Epoch 044 | train_loss=408.8608 | test_loss=66.9305 | test_acc=0.9334
2026-04-01 22:51:07,753 | INFO | stage2_run5 | Epoch 045 | train_loss=402.7101 | test_loss=68.1239 | test_acc=0.9160
2026-04-01 22:51:33,417 | INFO | stage2_run5 | Epoch 046 | train_loss=405.5769 | test_loss=69.8605 | test_acc=0.9313
2026-04-01 22:51:59,884 | INFO | stage2_run5 | Epoch 047 | train_loss=407.4786 | test_loss=67.9985 | test_acc=0.9444
2026-04-01 22:52:26,008 | INFO | stage2_run5 | Epoch 048 | train_loss=404.5018 | test_loss=67.0920 | test_acc=0.9400
2026-04-01 22:52:50,966 | INFO | stage2_run5 | Epoch 049 | train_loss=405.6109 | test_loss=67.9546 | test_acc=0.9375
2026-04-01 22:53:22,405 | INFO | stage2_run5 | Epoch 050 | train_loss=403.8962 | test_loss=67.8961 | test_acc=0.9443
2026-04-01 22:53:50,799 | INFO | stage2_run5 | Epoch 051 | train_loss=403.7341 | test_loss=70.1989 | test_acc=0.9256
2026-04-01 22:54:18,906 | INFO | stage2_run5 | Epoch 052 | train_loss=401.8260 | test_loss=66.4409 | test_acc=0.9518
2026-04-01 22:54:43,757 | INFO | stage2_run5 | Epoch 053 | train_loss=404.1888 | test_loss=67.8436 | test_acc=0.9405
2026-04-01 22:55:08,579 | INFO | stage2_run5 | Epoch 054 | train_loss=403.7748 | test_loss=66.5498 | test_acc=0.9472
2026-04-01 22:55:35,266 | INFO | stage2_run5 | Epoch 055 | train_loss=401.6352 | test_loss=66.7683 | test_acc=0.9517
2026-04-01 22:56:00,877 | INFO | stage2_run5 | Epoch 056 | train_loss=397.2843 | test_loss=68.7196 | test_acc=0.9383
2026-04-01 22:56:25,231 | INFO | stage2_run5 | Epoch 057 | train_loss=401.0102 | test_loss=66.7259 | test_acc=0.9482
2026-04-01 22:56:49,782 | INFO | stage2_run5 | Epoch 058 | train_loss=400.7329 | test_loss=69.1246 | test_acc=0.9339
2026-04-01 22:57:15,178 | INFO | stage2_run5 | Epoch 059 | train_loss=400.9083 | test_loss=66.5528 | test_acc=0.9502
2026-04-01 22:57:40,520 | INFO | stage2_run5 | Epoch 060 | train_loss=404.4716 | test_loss=70.9251 | test_acc=0.9229
2026-04-01 22:58:05,693 | INFO | stage2_run5 | Epoch 061 | train_loss=400.0244 | test_loss=68.6786 | test_acc=0.9354
2026-04-01 22:58:30,853 | INFO | stage2_run5 | Epoch 062 | train_loss=403.3556 | test_loss=66.2494 | test_acc=0.9453
2026-04-01 22:58:56,305 | INFO | stage2_run5 | Epoch 063 | train_loss=400.1675 | test_loss=67.1160 | test_acc=0.9481
2026-04-01 22:59:22,229 | INFO | stage2_run5 | Epoch 064 | train_loss=400.7117 | test_loss=67.3756 | test_acc=0.9463
2026-04-01 22:59:50,027 | INFO | stage2_run5 | Epoch 065 | train_loss=399.8832 | test_loss=66.2562 | test_acc=0.9514
2026-04-01 23:00:15,861 | INFO | stage2_run5 | Epoch 066 | train_loss=396.5463 | test_loss=65.6604 | test_acc=0.9563
2026-04-01 23:00:41,175 | INFO | stage2_run5 | Epoch 067 | train_loss=397.8656 | test_loss=66.7212 | test_acc=0.9484
2026-04-01 23:01:07,314 | INFO | stage2_run5 | Epoch 068 | train_loss=403.2420 | test_loss=66.6062 | test_acc=0.9352
2026-04-01 23:01:34,020 | INFO | stage2_run5 | Epoch 069 | train_loss=397.9183 | test_loss=66.3302 | test_acc=0.9500
2026-04-01 23:01:59,982 | INFO | stage2_run5 | Epoch 070 | train_loss=397.3198 | test_loss=66.7757 | test_acc=0.9474
2026-04-01 23:02:25,664 | INFO | stage2_run5 | Epoch 071 | train_loss=396.4141 | test_loss=66.7064 | test_acc=0.9478
2026-04-01 23:02:53,679 | INFO | stage2_run5 | Epoch 072 | train_loss=397.9784 | test_loss=66.0078 | test_acc=0.9522
2026-04-01 23:03:20,204 | INFO | stage2_run5 | Epoch 073 | train_loss=398.5816 | test_loss=65.2415 | test_acc=0.9554
2026-04-01 23:03:45,826 | INFO | stage2_run5 | Epoch 074 | train_loss=398.6197 | test_loss=68.6478 | test_acc=0.9313
2026-04-01 23:04:11,844 | INFO | stage2_run5 | Epoch 075 | train_loss=397.0659 | test_loss=69.9810 | test_acc=0.9232
2026-04-01 23:04:38,018 | INFO | stage2_run5 | Epoch 076 | train_loss=397.7184 | test_loss=66.3326 | test_acc=0.9484
2026-04-01 23:05:05,608 | INFO | stage2_run5 | Epoch 077 | train_loss=400.6397 | test_loss=66.4116 | test_acc=0.9478
2026-04-01 23:05:31,067 | INFO | stage2_run5 | Epoch 078 | train_loss=399.6443 | test_loss=66.8329 | test_acc=0.9448
2026-04-01 23:05:56,753 | INFO | stage2_run5 | Epoch 079 | train_loss=398.1934 | test_loss=66.6319 | test_acc=0.9482
2026-04-01 23:06:24,893 | INFO | stage2_run5 | Epoch 080 | train_loss=392.6846 | test_loss=66.5790 | test_acc=0.9452
2026-04-01 23:06:51,269 | INFO | stage2_run5 | Epoch 081 | train_loss=395.3958 | test_loss=66.2689 | test_acc=0.9453
2026-04-01 23:07:17,968 | INFO | stage2_run5 | Epoch 082 | train_loss=394.0830 | test_loss=66.1173 | test_acc=0.9500
2026-04-01 23:07:45,986 | INFO | stage2_run5 | Epoch 083 | train_loss=394.3485 | test_loss=65.5262 | test_acc=0.9542
2026-04-01 23:08:12,941 | INFO | stage2_run5 | Epoch 084 | train_loss=396.5476 | test_loss=68.0964 | test_acc=0.9351
2026-04-01 23:08:39,963 | INFO | stage2_run5 | Epoch 085 | train_loss=402.4766 | test_loss=65.7099 | test_acc=0.9538
2026-04-01 23:09:07,979 | INFO | stage2_run5 | Epoch 086 | train_loss=393.3996 | test_loss=66.7958 | test_acc=0.9461
2026-04-01 23:09:33,628 | INFO | stage2_run5 | Epoch 087 | train_loss=395.3393 | test_loss=66.0217 | test_acc=0.9482
2026-04-01 23:10:00,232 | INFO | stage2_run5 | Epoch 088 | train_loss=395.6863 | test_loss=69.3043 | test_acc=0.9256
2026-04-01 23:10:27,900 | INFO | stage2_run5 | Epoch 089 | train_loss=396.0586 | test_loss=64.5716 | test_acc=0.9582
2026-04-01 23:10:54,655 | INFO | stage2_run5 | Epoch 090 | train_loss=398.3651 | test_loss=65.6701 | test_acc=0.9479
2026-04-01 23:11:20,561 | INFO | stage2_run5 | Epoch 091 | train_loss=396.2416 | test_loss=68.5862 | test_acc=0.9305
2026-04-01 23:11:46,345 | INFO | stage2_run5 | Epoch 092 | train_loss=392.2193 | test_loss=65.4038 | test_acc=0.9500
2026-04-01 23:12:12,391 | INFO | stage2_run5 | Epoch 093 | train_loss=397.0377 | test_loss=65.7239 | test_acc=0.9515
2026-04-01 23:12:37,711 | INFO | stage2_run5 | Epoch 094 | train_loss=392.2155 | test_loss=65.8621 | test_acc=0.9471
2026-04-01 23:13:03,570 | INFO | stage2_run5 | Epoch 095 | train_loss=391.0303 | test_loss=64.4992 | test_acc=0.9559
2026-04-01 23:13:31,106 | INFO | stage2_run5 | Epoch 096 | train_loss=388.3940 | test_loss=67.2711 | test_acc=0.9379
2026-04-01 23:14:00,381 | INFO | stage2_run5 | Epoch 097 | train_loss=390.5494 | test_loss=65.1538 | test_acc=0.9513
2026-04-01 23:14:27,775 | INFO | stage2_run5 | Epoch 098 | train_loss=391.3503 | test_loss=64.6856 | test_acc=0.9527
2026-04-01 23:14:55,003 | INFO | stage2_run5 | Epoch 099 | train_loss=392.2431 | test_loss=65.7600 | test_acc=0.9457
2026-04-01 23:15:20,912 | INFO | stage2_run5 | Epoch 100 | train_loss=388.4935 | test_loss=66.4021 | test_acc=0.9399
2026-04-01 23:15:21,102 | INFO | LSTM match | hidden_size=32 | trainable_params=8266 | target_params=8190
2026-04-01 23:15:30,766 | INFO | lstm_run1 | Epoch 001 | train_loss=553.8680 | test_loss=40.5438 | test_acc=0.8469
2026-04-01 23:15:39,004 | INFO | lstm_run1 | Epoch 002 | train_loss=180.9641 | test_loss=30.0831 | test_acc=0.8863
2026-04-01 23:15:47,121 | INFO | lstm_run1 | Epoch 003 | train_loss=119.0374 | test_loss=17.7537 | test_acc=0.9346
2026-04-01 23:15:55,147 | INFO | lstm_run1 | Epoch 004 | train_loss=94.1164 | test_loss=14.3110 | test_acc=0.9484
2026-04-01 23:16:03,453 | INFO | lstm_run1 | Epoch 005 | train_loss=79.8539 | test_loss=12.8666 | test_acc=0.9525
2026-04-01 23:16:11,383 | INFO | lstm_run1 | Epoch 006 | train_loss=70.5088 | test_loss=12.4914 | test_acc=0.9525
2026-04-01 23:16:19,272 | INFO | lstm_run1 | Epoch 007 | train_loss=61.2385 | test_loss=9.9635 | test_acc=0.9605
2026-04-01 23:16:27,163 | INFO | lstm_run1 | Epoch 008 | train_loss=55.3473 | test_loss=9.4712 | test_acc=0.9627
2026-04-01 23:16:35,044 | INFO | lstm_run1 | Epoch 009 | train_loss=49.8545 | test_loss=8.9637 | test_acc=0.9646
2026-04-01 23:16:42,918 | INFO | lstm_run1 | Epoch 010 | train_loss=47.4918 | test_loss=8.1594 | test_acc=0.9683
2026-04-01 23:16:50,753 | INFO | lstm_run1 | Epoch 011 | train_loss=43.5949 | test_loss=7.9058 | test_acc=0.9694
2026-04-01 23:16:58,622 | INFO | lstm_run1 | Epoch 012 | train_loss=41.3439 | test_loss=7.9188 | test_acc=0.9705
2026-04-01 23:17:06,487 | INFO | lstm_run1 | Epoch 013 | train_loss=39.6789 | test_loss=7.0249 | test_acc=0.9728
2026-04-01 23:17:14,703 | INFO | lstm_run1 | Epoch 014 | train_loss=36.4106 | test_loss=7.0010 | test_acc=0.9738
2026-04-01 23:17:22,850 | INFO | lstm_run1 | Epoch 015 | train_loss=34.2542 | test_loss=6.6757 | test_acc=0.9745
2026-04-01 23:17:30,965 | INFO | lstm_run1 | Epoch 016 | train_loss=33.8291 | test_loss=6.5865 | test_acc=0.9738
2026-04-01 23:17:39,095 | INFO | lstm_run1 | Epoch 017 | train_loss=32.0648 | test_loss=6.8501 | test_acc=0.9756
2026-04-01 23:17:46,986 | INFO | lstm_run1 | Epoch 018 | train_loss=30.8156 | test_loss=6.1296 | test_acc=0.9761
2026-04-01 23:17:54,955 | INFO | lstm_run1 | Epoch 019 | train_loss=29.2612 | test_loss=6.5960 | test_acc=0.9745
2026-04-01 23:18:03,147 | INFO | lstm_run1 | Epoch 020 | train_loss=28.5420 | test_loss=6.6505 | test_acc=0.9757
2026-04-01 23:18:11,102 | INFO | lstm_run1 | Epoch 021 | train_loss=27.7267 | test_loss=6.2231 | test_acc=0.9771
2026-04-01 23:18:19,107 | INFO | lstm_run1 | Epoch 022 | train_loss=26.1429 | test_loss=5.6847 | test_acc=0.9787
2026-04-01 23:18:27,128 | INFO | lstm_run1 | Epoch 023 | train_loss=25.2395 | test_loss=5.9550 | test_acc=0.9769
2026-04-01 23:18:35,020 | INFO | lstm_run1 | Epoch 024 | train_loss=24.5152 | test_loss=6.0265 | test_acc=0.9757
2026-04-01 23:18:42,962 | INFO | lstm_run1 | Epoch 025 | train_loss=23.0633 | test_loss=5.3482 | test_acc=0.9797
2026-04-01 23:18:51,005 | INFO | lstm_run1 | Epoch 026 | train_loss=22.3098 | test_loss=5.8513 | test_acc=0.9781
2026-04-01 23:18:59,088 | INFO | lstm_run1 | Epoch 027 | train_loss=22.6992 | test_loss=5.5234 | test_acc=0.9792
2026-04-01 23:19:07,043 | INFO | lstm_run1 | Epoch 028 | train_loss=21.6199 | test_loss=5.3529 | test_acc=0.9786
2026-04-01 23:19:15,030 | INFO | lstm_run1 | Epoch 029 | train_loss=20.2613 | test_loss=5.6802 | test_acc=0.9783
2026-04-01 23:19:23,095 | INFO | lstm_run1 | Epoch 030 | train_loss=19.8465 | test_loss=5.3390 | test_acc=0.9797
2026-04-01 23:19:31,245 | INFO | lstm_run1 | Epoch 031 | train_loss=19.5473 | test_loss=5.4479 | test_acc=0.9795
2026-04-01 23:19:39,377 | INFO | lstm_run1 | Epoch 032 | train_loss=18.4053 | test_loss=5.8372 | test_acc=0.9780
2026-04-01 23:19:47,139 | INFO | lstm_run1 | Epoch 033 | train_loss=19.0001 | test_loss=6.5874 | test_acc=0.9761
2026-04-01 23:19:54,900 | INFO | lstm_run1 | Epoch 034 | train_loss=17.5784 | test_loss=4.9055 | test_acc=0.9816
2026-04-01 23:20:02,935 | INFO | lstm_run1 | Epoch 035 | train_loss=17.0062 | test_loss=4.8283 | test_acc=0.9820
2026-04-01 23:20:11,000 | INFO | lstm_run1 | Epoch 036 | train_loss=17.4767 | test_loss=5.3215 | test_acc=0.9798
2026-04-01 23:20:18,855 | INFO | lstm_run1 | Epoch 037 | train_loss=15.7838 | test_loss=5.3235 | test_acc=0.9808
2026-04-01 23:20:26,662 | INFO | lstm_run1 | Epoch 038 | train_loss=15.7792 | test_loss=4.9605 | test_acc=0.9817
2026-04-01 23:20:34,579 | INFO | lstm_run1 | Epoch 039 | train_loss=15.5927 | test_loss=5.4996 | test_acc=0.9796
2026-04-01 23:20:42,367 | INFO | lstm_run1 | Epoch 040 | train_loss=15.3102 | test_loss=5.2560 | test_acc=0.9799
2026-04-01 23:20:50,365 | INFO | lstm_run1 | Epoch 041 | train_loss=14.7837 | test_loss=5.2975 | test_acc=0.9809
2026-04-01 23:20:58,631 | INFO | lstm_run1 | Epoch 042 | train_loss=13.9441 | test_loss=5.5996 | test_acc=0.9801
2026-04-01 23:21:06,935 | INFO | lstm_run1 | Epoch 043 | train_loss=14.2832 | test_loss=5.6227 | test_acc=0.9805
2026-04-01 23:21:15,101 | INFO | lstm_run1 | Epoch 044 | train_loss=14.8828 | test_loss=5.1455 | test_acc=0.9826
2026-04-01 23:21:23,242 | INFO | lstm_run1 | Epoch 045 | train_loss=12.9167 | test_loss=5.0807 | test_acc=0.9820
2026-04-01 23:21:31,421 | INFO | lstm_run1 | Epoch 046 | train_loss=12.5385 | test_loss=6.0961 | test_acc=0.9804
2026-04-01 23:21:39,529 | INFO | lstm_run1 | Epoch 047 | train_loss=12.1498 | test_loss=5.1759 | test_acc=0.9829
2026-04-01 23:21:47,454 | INFO | lstm_run1 | Epoch 048 | train_loss=12.0395 | test_loss=6.0163 | test_acc=0.9784
2026-04-01 23:21:55,515 | INFO | lstm_run1 | Epoch 049 | train_loss=12.9816 | test_loss=5.7827 | test_acc=0.9800
2026-04-01 23:22:03,386 | INFO | lstm_run1 | Epoch 050 | train_loss=11.9536 | test_loss=5.5766 | test_acc=0.9809
2026-04-01 23:22:11,242 | INFO | lstm_run1 | Epoch 051 | train_loss=11.9531 | test_loss=5.2409 | test_acc=0.9818
2026-04-01 23:22:19,094 | INFO | lstm_run1 | Epoch 052 | train_loss=12.1405 | test_loss=5.2751 | test_acc=0.9825
2026-04-01 23:22:26,957 | INFO | lstm_run1 | Epoch 053 | train_loss=10.9084 | test_loss=5.5469 | test_acc=0.9813
2026-04-01 23:22:35,068 | INFO | lstm_run1 | Epoch 054 | train_loss=9.9828 | test_loss=5.8114 | test_acc=0.9811
2026-04-01 23:22:43,184 | INFO | lstm_run1 | Epoch 055 | train_loss=10.8724 | test_loss=5.1261 | test_acc=0.9838
2026-04-01 23:22:51,245 | INFO | lstm_run1 | Epoch 056 | train_loss=9.4735 | test_loss=5.6629 | test_acc=0.9820
2026-04-01 23:22:59,425 | INFO | lstm_run1 | Epoch 057 | train_loss=9.9540 | test_loss=5.4261 | test_acc=0.9819
2026-04-01 23:23:07,788 | INFO | lstm_run1 | Epoch 058 | train_loss=9.8147 | test_loss=5.6856 | test_acc=0.9819
2026-04-01 23:23:15,593 | INFO | lstm_run1 | Epoch 059 | train_loss=9.6875 | test_loss=6.0302 | test_acc=0.9806
2026-04-01 23:23:23,535 | INFO | lstm_run1 | Epoch 060 | train_loss=11.0214 | test_loss=7.0544 | test_acc=0.9774
2026-04-01 23:23:31,425 | INFO | lstm_run1 | Epoch 061 | train_loss=9.3102 | test_loss=5.6579 | test_acc=0.9823
2026-04-01 23:23:39,312 | INFO | lstm_run1 | Epoch 062 | train_loss=8.5353 | test_loss=5.8733 | test_acc=0.9813
2026-04-01 23:23:47,173 | INFO | lstm_run1 | Epoch 063 | train_loss=8.3959 | test_loss=5.3402 | test_acc=0.9828
2026-04-01 23:23:55,005 | INFO | lstm_run1 | Epoch 064 | train_loss=8.6047 | test_loss=5.8442 | test_acc=0.9813
2026-04-01 23:24:02,867 | INFO | lstm_run1 | Epoch 065 | train_loss=8.7461 | test_loss=5.7808 | test_acc=0.9824
2026-04-01 23:24:10,702 | INFO | lstm_run1 | Epoch 066 | train_loss=8.1868 | test_loss=5.5809 | test_acc=0.9827
2026-04-01 23:24:18,629 | INFO | lstm_run1 | Epoch 067 | train_loss=7.7364 | test_loss=6.1787 | test_acc=0.9802
2026-04-01 23:24:26,439 | INFO | lstm_run1 | Epoch 068 | train_loss=7.9207 | test_loss=6.0663 | test_acc=0.9812
2026-04-01 23:24:34,238 | INFO | lstm_run1 | Epoch 069 | train_loss=7.5662 | test_loss=5.7549 | test_acc=0.9839
2026-04-01 23:24:42,017 | INFO | lstm_run1 | Epoch 070 | train_loss=7.8218 | test_loss=6.3441 | test_acc=0.9808
2026-04-01 23:24:49,955 | INFO | lstm_run1 | Epoch 071 | train_loss=7.8248 | test_loss=5.9516 | test_acc=0.9825
2026-04-01 23:24:57,921 | INFO | lstm_run1 | Epoch 072 | train_loss=7.0457 | test_loss=6.0277 | test_acc=0.9824
2026-04-01 23:25:05,864 | INFO | lstm_run1 | Epoch 073 | train_loss=7.4985 | test_loss=6.1081 | test_acc=0.9828
2026-04-01 23:25:13,829 | INFO | lstm_run1 | Epoch 074 | train_loss=7.3887 | test_loss=6.1964 | test_acc=0.9821
2026-04-01 23:25:21,948 | INFO | lstm_run1 | Epoch 075 | train_loss=6.1973 | test_loss=6.1231 | test_acc=0.9814
2026-04-01 23:25:29,836 | INFO | lstm_run1 | Epoch 076 | train_loss=6.7240 | test_loss=6.2234 | test_acc=0.9819
2026-04-01 23:25:37,692 | INFO | lstm_run1 | Epoch 077 | train_loss=6.2347 | test_loss=5.7263 | test_acc=0.9825
2026-04-01 23:25:45,843 | INFO | lstm_run1 | Epoch 078 | train_loss=6.8792 | test_loss=5.9009 | test_acc=0.9829
2026-04-01 23:25:54,012 | INFO | lstm_run1 | Epoch 079 | train_loss=6.8307 | test_loss=6.1697 | test_acc=0.9823
2026-04-01 23:26:01,876 | INFO | lstm_run1 | Epoch 080 | train_loss=6.5560 | test_loss=5.8002 | test_acc=0.9836
2026-04-01 23:26:10,044 | INFO | lstm_run1 | Epoch 081 | train_loss=5.8529 | test_loss=6.3419 | test_acc=0.9814
2026-04-01 23:26:18,086 | INFO | lstm_run1 | Epoch 082 | train_loss=6.5380 | test_loss=6.2662 | test_acc=0.9819
2026-04-01 23:26:25,997 | INFO | lstm_run1 | Epoch 083 | train_loss=5.4678 | test_loss=6.5629 | test_acc=0.9804
2026-04-01 23:26:33,800 | INFO | lstm_run1 | Epoch 084 | train_loss=6.8302 | test_loss=6.1236 | test_acc=0.9836
2026-04-01 23:26:41,829 | INFO | lstm_run1 | Epoch 085 | train_loss=5.9772 | test_loss=6.3220 | test_acc=0.9813
2026-04-01 23:26:50,106 | INFO | lstm_run1 | Epoch 086 | train_loss=5.8827 | test_loss=6.2720 | test_acc=0.9820
2026-04-01 23:26:58,261 | INFO | lstm_run1 | Epoch 087 | train_loss=4.7336 | test_loss=6.6163 | test_acc=0.9802
2026-04-01 23:27:06,471 | INFO | lstm_run1 | Epoch 088 | train_loss=5.4539 | test_loss=5.8807 | test_acc=0.9828
2026-04-01 23:27:14,627 | INFO | lstm_run1 | Epoch 089 | train_loss=5.1495 | test_loss=5.9693 | test_acc=0.9831
2026-04-01 23:27:22,601 | INFO | lstm_run1 | Epoch 090 | train_loss=5.8570 | test_loss=6.4043 | test_acc=0.9818
2026-04-01 23:27:30,694 | INFO | lstm_run1 | Epoch 091 | train_loss=4.7164 | test_loss=6.1235 | test_acc=0.9834
2026-04-01 23:27:38,927 | INFO | lstm_run1 | Epoch 092 | train_loss=5.2097 | test_loss=6.7415 | test_acc=0.9813
2026-04-01 23:27:46,880 | INFO | lstm_run1 | Epoch 093 | train_loss=4.8840 | test_loss=6.3682 | test_acc=0.9813
2026-04-01 23:27:54,817 | INFO | lstm_run1 | Epoch 094 | train_loss=5.6774 | test_loss=6.0134 | test_acc=0.9830
2026-04-01 23:28:02,836 | INFO | lstm_run1 | Epoch 095 | train_loss=4.8081 | test_loss=6.0156 | test_acc=0.9830
2026-04-01 23:28:10,670 | INFO | lstm_run1 | Epoch 096 | train_loss=5.3854 | test_loss=6.1305 | test_acc=0.9825
2026-04-01 23:28:18,833 | INFO | lstm_run1 | Epoch 097 | train_loss=4.1422 | test_loss=6.6052 | test_acc=0.9826
2026-04-01 23:28:26,995 | INFO | lstm_run1 | Epoch 098 | train_loss=6.1559 | test_loss=7.0511 | test_acc=0.9817
2026-04-01 23:28:35,061 | INFO | lstm_run1 | Epoch 099 | train_loss=5.1975 | test_loss=6.7655 | test_acc=0.9814
2026-04-01 23:28:43,049 | INFO | lstm_run1 | Epoch 100 | train_loss=5.4500 | test_loss=6.4172 | test_acc=0.9826
2026-04-01 23:28:50,907 | INFO | lstm_run2 | Epoch 001 | train_loss=532.0942 | test_loss=34.6184 | test_acc=0.8779
2026-04-01 23:28:58,749 | INFO | lstm_run2 | Epoch 002 | train_loss=163.3110 | test_loss=21.5985 | test_acc=0.9222
2026-04-01 23:29:06,812 | INFO | lstm_run2 | Epoch 003 | train_loss=113.9302 | test_loss=17.0937 | test_acc=0.9383
2026-04-01 23:29:14,908 | INFO | lstm_run2 | Epoch 004 | train_loss=90.4319 | test_loss=14.1175 | test_acc=0.9471
2026-04-01 23:29:23,062 | INFO | lstm_run2 | Epoch 005 | train_loss=77.0485 | test_loss=11.9600 | test_acc=0.9539
2026-04-01 23:29:30,997 | INFO | lstm_run2 | Epoch 006 | train_loss=67.6489 | test_loss=10.7798 | test_acc=0.9589
2026-04-01 23:29:39,197 | INFO | lstm_run2 | Epoch 007 | train_loss=59.0101 | test_loss=10.2231 | test_acc=0.9594
2026-04-01 23:29:47,073 | INFO | lstm_run2 | Epoch 008 | train_loss=55.0881 | test_loss=9.5224 | test_acc=0.9641
2026-04-01 23:29:54,980 | INFO | lstm_run2 | Epoch 009 | train_loss=49.5508 | test_loss=8.8483 | test_acc=0.9658
2026-04-01 23:30:02,885 | INFO | lstm_run2 | Epoch 010 | train_loss=46.2259 | test_loss=8.6531 | test_acc=0.9662
2026-04-01 23:30:10,738 | INFO | lstm_run2 | Epoch 011 | train_loss=42.6707 | test_loss=8.2140 | test_acc=0.9679
2026-04-01 23:30:18,718 | INFO | lstm_run2 | Epoch 012 | train_loss=39.8312 | test_loss=7.5312 | test_acc=0.9706
2026-04-01 23:30:26,658 | INFO | lstm_run2 | Epoch 013 | train_loss=37.7577 | test_loss=7.9796 | test_acc=0.9696
2026-04-01 23:30:34,539 | INFO | lstm_run2 | Epoch 014 | train_loss=36.0595 | test_loss=8.5699 | test_acc=0.9652
2026-04-01 23:30:42,612 | INFO | lstm_run2 | Epoch 015 | train_loss=33.5116 | test_loss=7.3684 | test_acc=0.9715
2026-04-01 23:30:50,453 | INFO | lstm_run2 | Epoch 016 | train_loss=32.8466 | test_loss=6.8721 | test_acc=0.9764
2026-04-01 23:30:58,284 | INFO | lstm_run2 | Epoch 017 | train_loss=31.2166 | test_loss=6.3714 | test_acc=0.9759
2026-04-01 23:31:06,267 | INFO | lstm_run2 | Epoch 018 | train_loss=29.6622 | test_loss=6.4735 | test_acc=0.9740
2026-04-01 23:31:14,156 | INFO | lstm_run2 | Epoch 019 | train_loss=27.9223 | test_loss=6.1671 | test_acc=0.9773
2026-04-01 23:31:21,982 | INFO | lstm_run2 | Epoch 020 | train_loss=25.9931 | test_loss=5.9990 | test_acc=0.9771
2026-04-01 23:31:30,034 | INFO | lstm_run2 | Epoch 021 | train_loss=25.6541 | test_loss=5.9417 | test_acc=0.9774
2026-04-01 23:31:38,186 | INFO | lstm_run2 | Epoch 022 | train_loss=24.9232 | test_loss=6.2899 | test_acc=0.9756
2026-04-01 23:31:46,378 | INFO | lstm_run2 | Epoch 023 | train_loss=22.9842 | test_loss=6.4312 | test_acc=0.9748
2026-04-01 23:31:54,345 | INFO | lstm_run2 | Epoch 024 | train_loss=22.4882 | test_loss=5.5349 | test_acc=0.9786
2026-04-01 23:32:02,362 | INFO | lstm_run2 | Epoch 025 | train_loss=22.0366 | test_loss=5.4297 | test_acc=0.9793
2026-04-01 23:32:10,242 | INFO | lstm_run2 | Epoch 026 | train_loss=20.8361 | test_loss=5.2311 | test_acc=0.9789
2026-04-01 23:32:18,058 | INFO | lstm_run2 | Epoch 027 | train_loss=20.4260 | test_loss=5.3229 | test_acc=0.9783
2026-04-01 23:32:25,942 | INFO | lstm_run2 | Epoch 028 | train_loss=19.4291 | test_loss=5.2753 | test_acc=0.9793
2026-04-01 23:32:33,897 | INFO | lstm_run2 | Epoch 029 | train_loss=18.9344 | test_loss=5.4564 | test_acc=0.9784
2026-04-01 23:32:41,742 | INFO | lstm_run2 | Epoch 030 | train_loss=18.3552 | test_loss=5.5048 | test_acc=0.9786
2026-04-01 23:32:49,702 | INFO | lstm_run2 | Epoch 031 | train_loss=17.7219 | test_loss=5.1140 | test_acc=0.9804
2026-04-01 23:32:57,581 | INFO | lstm_run2 | Epoch 032 | train_loss=16.8859 | test_loss=5.2463 | test_acc=0.9801
2026-04-01 23:33:05,779 | INFO | lstm_run2 | Epoch 033 | train_loss=16.9908 | test_loss=5.2221 | test_acc=0.9793
2026-04-01 23:33:13,528 | INFO | lstm_run2 | Epoch 034 | train_loss=16.1324 | test_loss=5.3961 | test_acc=0.9814
2026-04-01 23:33:21,670 | INFO | lstm_run2 | Epoch 035 | train_loss=15.5271 | test_loss=5.1496 | test_acc=0.9809
2026-04-01 23:33:29,834 | INFO | lstm_run2 | Epoch 036 | train_loss=14.8221 | test_loss=4.9377 | test_acc=0.9819
2026-04-01 23:33:37,776 | INFO | lstm_run2 | Epoch 037 | train_loss=15.1783 | test_loss=4.7760 | test_acc=0.9809
2026-04-01 23:33:45,894 | INFO | lstm_run2 | Epoch 038 | train_loss=14.1546 | test_loss=4.8073 | test_acc=0.9830
2026-04-01 23:33:53,883 | INFO | lstm_run2 | Epoch 039 | train_loss=14.5685 | test_loss=5.1642 | test_acc=0.9795
2026-04-01 23:34:01,715 | INFO | lstm_run2 | Epoch 040 | train_loss=13.3242 | test_loss=5.3881 | test_acc=0.9810
2026-04-01 23:34:09,521 | INFO | lstm_run2 | Epoch 041 | train_loss=13.1675 | test_loss=5.3141 | test_acc=0.9809
2026-04-01 23:34:17,359 | INFO | lstm_run2 | Epoch 042 | train_loss=13.4659 | test_loss=5.2558 | test_acc=0.9813
2026-04-01 23:34:25,293 | INFO | lstm_run2 | Epoch 043 | train_loss=12.9556 | test_loss=4.8815 | test_acc=0.9823
2026-04-01 23:34:33,096 | INFO | lstm_run2 | Epoch 044 | train_loss=11.7529 | test_loss=4.9751 | test_acc=0.9806
2026-04-01 23:34:40,849 | INFO | lstm_run2 | Epoch 045 | train_loss=12.0190 | test_loss=5.5993 | test_acc=0.9798
2026-04-01 23:34:48,654 | INFO | lstm_run2 | Epoch 046 | train_loss=11.6079 | test_loss=4.7972 | test_acc=0.9829
2026-04-01 23:34:56,468 | INFO | lstm_run2 | Epoch 047 | train_loss=11.5365 | test_loss=6.0259 | test_acc=0.9782
2026-04-01 23:35:04,254 | INFO | lstm_run2 | Epoch 048 | train_loss=10.9907 | test_loss=5.3991 | test_acc=0.9815
2026-04-01 23:35:12,010 | INFO | lstm_run2 | Epoch 049 | train_loss=10.2559 | test_loss=5.1135 | test_acc=0.9825
2026-04-01 23:35:19,814 | INFO | lstm_run2 | Epoch 050 | train_loss=10.3150 | test_loss=5.4887 | test_acc=0.9809
2026-04-01 23:35:27,656 | INFO | lstm_run2 | Epoch 051 | train_loss=9.9820 | test_loss=5.2959 | test_acc=0.9827
2026-04-01 23:35:35,418 | INFO | lstm_run2 | Epoch 052 | train_loss=10.1685 | test_loss=5.2727 | test_acc=0.9813
2026-04-01 23:35:43,191 | INFO | lstm_run2 | Epoch 053 | train_loss=9.1621 | test_loss=5.0650 | test_acc=0.9834
2026-04-01 23:35:51,026 | INFO | lstm_run2 | Epoch 054 | train_loss=9.6479 | test_loss=6.1283 | test_acc=0.9788
2026-04-01 23:35:58,876 | INFO | lstm_run2 | Epoch 055 | train_loss=9.0371 | test_loss=5.0575 | test_acc=0.9831
2026-04-01 23:36:06,714 | INFO | lstm_run2 | Epoch 056 | train_loss=9.4276 | test_loss=5.0388 | test_acc=0.9836
2026-04-01 23:36:14,641 | INFO | lstm_run2 | Epoch 057 | train_loss=8.1237 | test_loss=5.3502 | test_acc=0.9819
2026-04-01 23:36:22,490 | INFO | lstm_run2 | Epoch 058 | train_loss=8.8164 | test_loss=4.9120 | test_acc=0.9831
2026-04-01 23:36:30,346 | INFO | lstm_run2 | Epoch 059 | train_loss=8.4369 | test_loss=5.9698 | test_acc=0.9821
2026-04-01 23:36:38,443 | INFO | lstm_run2 | Epoch 060 | train_loss=8.8316 | test_loss=4.7270 | test_acc=0.9832
2026-04-01 23:36:46,226 | INFO | lstm_run2 | Epoch 061 | train_loss=7.5431 | test_loss=5.5510 | test_acc=0.9811
2026-04-01 23:36:54,056 | INFO | lstm_run2 | Epoch 062 | train_loss=8.5412 | test_loss=5.4560 | test_acc=0.9818
2026-04-01 23:37:01,820 | INFO | lstm_run2 | Epoch 063 | train_loss=8.3560 | test_loss=5.2267 | test_acc=0.9822
2026-04-01 23:37:09,933 | INFO | lstm_run2 | Epoch 064 | train_loss=7.1103 | test_loss=5.5984 | test_acc=0.9821
2026-04-01 23:37:17,889 | INFO | lstm_run2 | Epoch 065 | train_loss=7.1731 | test_loss=5.4325 | test_acc=0.9831
2026-04-01 23:37:26,000 | INFO | lstm_run2 | Epoch 066 | train_loss=6.5711 | test_loss=5.2874 | test_acc=0.9824
2026-04-01 23:37:34,159 | INFO | lstm_run2 | Epoch 067 | train_loss=6.6103 | test_loss=5.4394 | test_acc=0.9839
2026-04-01 23:37:42,040 | INFO | lstm_run2 | Epoch 068 | train_loss=7.0544 | test_loss=5.4396 | test_acc=0.9817
2026-04-01 23:37:50,110 | INFO | lstm_run2 | Epoch 069 | train_loss=7.5081 | test_loss=5.6200 | test_acc=0.9824
2026-04-01 23:37:58,068 | INFO | lstm_run2 | Epoch 070 | train_loss=6.0409 | test_loss=5.1768 | test_acc=0.9837
2026-04-01 23:38:05,973 | INFO | lstm_run2 | Epoch 071 | train_loss=6.4792 | test_loss=5.8413 | test_acc=0.9827
2026-04-01 23:38:13,897 | INFO | lstm_run2 | Epoch 072 | train_loss=6.4478 | test_loss=5.6427 | test_acc=0.9827
2026-04-01 23:38:21,788 | INFO | lstm_run2 | Epoch 073 | train_loss=6.0006 | test_loss=5.8583 | test_acc=0.9813
2026-04-01 23:38:29,760 | INFO | lstm_run2 | Epoch 074 | train_loss=6.4726 | test_loss=6.1723 | test_acc=0.9810
2026-04-01 23:38:37,585 | INFO | lstm_run2 | Epoch 075 | train_loss=5.4192 | test_loss=5.5683 | test_acc=0.9837
2026-04-01 23:38:45,557 | INFO | lstm_run2 | Epoch 076 | train_loss=6.1203 | test_loss=5.5865 | test_acc=0.9816
2026-04-01 23:38:53,426 | INFO | lstm_run2 | Epoch 077 | train_loss=6.0177 | test_loss=6.1100 | test_acc=0.9822
2026-04-01 23:39:01,262 | INFO | lstm_run2 | Epoch 078 | train_loss=5.2931 | test_loss=5.8313 | test_acc=0.9824
2026-04-01 23:39:09,057 | INFO | lstm_run2 | Epoch 079 | train_loss=6.7252 | test_loss=5.9010 | test_acc=0.9833
2026-04-01 23:39:16,923 | INFO | lstm_run2 | Epoch 080 | train_loss=4.9181 | test_loss=5.3248 | test_acc=0.9837
2026-04-01 23:39:24,812 | INFO | lstm_run2 | Epoch 081 | train_loss=5.0249 | test_loss=5.9978 | test_acc=0.9819
2026-04-01 23:39:32,701 | INFO | lstm_run2 | Epoch 082 | train_loss=5.8572 | test_loss=6.0741 | test_acc=0.9823
2026-04-01 23:39:40,866 | INFO | lstm_run2 | Epoch 083 | train_loss=5.6489 | test_loss=6.1956 | test_acc=0.9814
2026-04-01 23:39:48,776 | INFO | lstm_run2 | Epoch 084 | train_loss=3.9264 | test_loss=6.5324 | test_acc=0.9816
2026-04-01 23:39:56,644 | INFO | lstm_run2 | Epoch 085 | train_loss=6.1543 | test_loss=5.8345 | test_acc=0.9831
2026-04-01 23:40:04,927 | INFO | lstm_run2 | Epoch 086 | train_loss=4.2322 | test_loss=6.0716 | test_acc=0.9825
2026-04-01 23:40:13,119 | INFO | lstm_run2 | Epoch 087 | train_loss=4.9092 | test_loss=5.9957 | test_acc=0.9831
2026-04-01 23:40:21,251 | INFO | lstm_run2 | Epoch 088 | train_loss=4.8154 | test_loss=5.7669 | test_acc=0.9827
2026-04-01 23:40:29,434 | INFO | lstm_run2 | Epoch 089 | train_loss=5.8120 | test_loss=6.0291 | test_acc=0.9832
2026-04-01 23:40:37,480 | INFO | lstm_run2 | Epoch 090 | train_loss=5.0589 | test_loss=5.8962 | test_acc=0.9828
2026-04-01 23:40:45,452 | INFO | lstm_run2 | Epoch 091 | train_loss=4.4317 | test_loss=5.7564 | test_acc=0.9831
2026-04-01 23:40:53,428 | INFO | lstm_run2 | Epoch 092 | train_loss=4.7396 | test_loss=5.9068 | test_acc=0.9828
2026-04-01 23:41:01,484 | INFO | lstm_run2 | Epoch 093 | train_loss=4.5139 | test_loss=6.0381 | test_acc=0.9825
2026-04-01 23:41:09,537 | INFO | lstm_run2 | Epoch 094 | train_loss=3.3022 | test_loss=5.9055 | test_acc=0.9838
2026-04-01 23:41:17,512 | INFO | lstm_run2 | Epoch 095 | train_loss=5.0132 | test_loss=6.3755 | test_acc=0.9819
2026-04-01 23:41:25,387 | INFO | lstm_run2 | Epoch 096 | train_loss=4.7660 | test_loss=5.8094 | test_acc=0.9826
2026-04-01 23:41:33,280 | INFO | lstm_run2 | Epoch 097 | train_loss=3.3478 | test_loss=6.4430 | test_acc=0.9834
2026-04-01 23:41:41,120 | INFO | lstm_run2 | Epoch 098 | train_loss=4.3744 | test_loss=6.0588 | test_acc=0.9824
2026-04-01 23:41:48,950 | INFO | lstm_run2 | Epoch 099 | train_loss=5.7727 | test_loss=6.1356 | test_acc=0.9829
2026-04-01 23:41:56,778 | INFO | lstm_run2 | Epoch 100 | train_loss=3.7080 | test_loss=5.9956 | test_acc=0.9830
2026-04-01 23:42:04,684 | INFO | lstm_run3 | Epoch 001 | train_loss=524.7631 | test_loss=36.0215 | test_acc=0.8659
2026-04-01 23:42:12,556 | INFO | lstm_run3 | Epoch 002 | train_loss=163.1278 | test_loss=20.9249 | test_acc=0.9221
2026-04-01 23:42:20,399 | INFO | lstm_run3 | Epoch 003 | train_loss=112.6668 | test_loss=17.5286 | test_acc=0.9363
2026-04-01 23:42:28,265 | INFO | lstm_run3 | Epoch 004 | train_loss=88.6951 | test_loss=15.0528 | test_acc=0.9437
2026-04-01 23:42:36,190 | INFO | lstm_run3 | Epoch 005 | train_loss=75.6565 | test_loss=12.0108 | test_acc=0.9547
2026-04-01 23:42:44,099 | INFO | lstm_run3 | Epoch 006 | train_loss=68.2674 | test_loss=11.0592 | test_acc=0.9607
2026-04-01 23:42:52,110 | INFO | lstm_run3 | Epoch 007 | train_loss=62.4814 | test_loss=10.2096 | test_acc=0.9599
2026-04-01 23:43:00,130 | INFO | lstm_run3 | Epoch 008 | train_loss=57.7295 | test_loss=9.9518 | test_acc=0.9623
2026-04-01 23:43:08,021 | INFO | lstm_run3 | Epoch 009 | train_loss=52.9999 | test_loss=9.1003 | test_acc=0.9653
2026-04-01 23:43:15,936 | INFO | lstm_run3 | Epoch 010 | train_loss=48.8601 | test_loss=8.3607 | test_acc=0.9683
2026-04-01 23:43:23,839 | INFO | lstm_run3 | Epoch 011 | train_loss=46.5445 | test_loss=8.0552 | test_acc=0.9703
2026-04-01 23:43:31,897 | INFO | lstm_run3 | Epoch 012 | train_loss=43.3937 | test_loss=7.8119 | test_acc=0.9715
2026-04-01 23:43:40,069 | INFO | lstm_run3 | Epoch 013 | train_loss=41.1484 | test_loss=7.3229 | test_acc=0.9729
2026-04-01 23:43:47,971 | INFO | lstm_run3 | Epoch 014 | train_loss=39.0935 | test_loss=6.9911 | test_acc=0.9727
2026-04-01 23:43:55,717 | INFO | lstm_run3 | Epoch 015 | train_loss=37.0786 | test_loss=8.0815 | test_acc=0.9701
2026-04-01 23:44:03,449 | INFO | lstm_run3 | Epoch 016 | train_loss=35.4177 | test_loss=7.0061 | test_acc=0.9738
2026-04-01 23:44:11,212 | INFO | lstm_run3 | Epoch 017 | train_loss=34.4061 | test_loss=6.8182 | test_acc=0.9752
2026-04-01 23:44:19,146 | INFO | lstm_run3 | Epoch 018 | train_loss=31.9177 | test_loss=6.5296 | test_acc=0.9751
2026-04-01 23:44:26,987 | INFO | lstm_run3 | Epoch 019 | train_loss=30.8661 | test_loss=6.6728 | test_acc=0.9735
2026-04-01 23:44:34,934 | INFO | lstm_run3 | Epoch 020 | train_loss=29.5747 | test_loss=6.4712 | test_acc=0.9756
2026-04-01 23:44:42,916 | INFO | lstm_run3 | Epoch 021 | train_loss=29.2540 | test_loss=6.3175 | test_acc=0.9768
2026-04-01 23:44:50,833 | INFO | lstm_run3 | Epoch 022 | train_loss=28.0889 | test_loss=6.2583 | test_acc=0.9760
2026-04-01 23:44:58,665 | INFO | lstm_run3 | Epoch 023 | train_loss=26.7013 | test_loss=6.9439 | test_acc=0.9750
2026-04-01 23:45:06,594 | INFO | lstm_run3 | Epoch 024 | train_loss=25.5263 | test_loss=6.0341 | test_acc=0.9789
2026-04-01 23:45:14,477 | INFO | lstm_run3 | Epoch 025 | train_loss=24.0573 | test_loss=5.4693 | test_acc=0.9789
2026-04-01 23:45:22,362 | INFO | lstm_run3 | Epoch 026 | train_loss=23.6975 | test_loss=5.7840 | test_acc=0.9799
2026-04-01 23:45:30,257 | INFO | lstm_run3 | Epoch 027 | train_loss=23.0372 | test_loss=6.1770 | test_acc=0.9765
2026-04-01 23:45:38,239 | INFO | lstm_run3 | Epoch 028 | train_loss=22.9812 | test_loss=5.4964 | test_acc=0.9793
2026-04-01 23:45:46,378 | INFO | lstm_run3 | Epoch 029 | train_loss=21.3877 | test_loss=5.6008 | test_acc=0.9785
2026-04-01 23:45:54,469 | INFO | lstm_run3 | Epoch 030 | train_loss=21.1785 | test_loss=5.4804 | test_acc=0.9796
2026-04-01 23:46:02,377 | INFO | lstm_run3 | Epoch 031 | train_loss=20.1379 | test_loss=5.7867 | test_acc=0.9792
2026-04-01 23:46:10,646 | INFO | lstm_run3 | Epoch 032 | train_loss=19.3716 | test_loss=5.6010 | test_acc=0.9790
2026-04-01 23:46:18,574 | INFO | lstm_run3 | Epoch 033 | train_loss=19.2463 | test_loss=5.6761 | test_acc=0.9781
2026-04-01 23:46:26,666 | INFO | lstm_run3 | Epoch 034 | train_loss=19.2899 | test_loss=5.3215 | test_acc=0.9812
2026-04-01 23:46:34,764 | INFO | lstm_run3 | Epoch 035 | train_loss=17.9542 | test_loss=5.0751 | test_acc=0.9812
2026-04-01 23:46:42,556 | INFO | lstm_run3 | Epoch 036 | train_loss=17.5487 | test_loss=5.4910 | test_acc=0.9798
2026-04-01 23:46:50,389 | INFO | lstm_run3 | Epoch 037 | train_loss=16.2113 | test_loss=6.4235 | test_acc=0.9774
2026-04-01 23:46:58,198 | INFO | lstm_run3 | Epoch 038 | train_loss=16.5992 | test_loss=5.1867 | test_acc=0.9817
2026-04-01 23:47:06,041 | INFO | lstm_run3 | Epoch 039 | train_loss=15.9520 | test_loss=4.9654 | test_acc=0.9817
2026-04-01 23:47:13,861 | INFO | lstm_run3 | Epoch 040 | train_loss=14.9865 | test_loss=5.7017 | test_acc=0.9801
2026-04-01 23:47:22,047 | INFO | lstm_run3 | Epoch 041 | train_loss=15.4828 | test_loss=5.3659 | test_acc=0.9813
2026-04-01 23:47:30,756 | INFO | lstm_run3 | Epoch 042 | train_loss=14.3915 | test_loss=5.2594 | test_acc=0.9819
2026-04-01 23:47:39,254 | INFO | lstm_run3 | Epoch 043 | train_loss=14.6100 | test_loss=5.0857 | test_acc=0.9815
2026-04-01 23:47:47,810 | INFO | lstm_run3 | Epoch 044 | train_loss=13.7010 | test_loss=4.9003 | test_acc=0.9830
2026-04-01 23:47:56,476 | INFO | lstm_run3 | Epoch 045 | train_loss=14.0023 | test_loss=4.8453 | test_acc=0.9822
2026-04-01 23:48:04,911 | INFO | lstm_run3 | Epoch 046 | train_loss=13.1416 | test_loss=5.3425 | test_acc=0.9807
2026-04-01 23:48:12,638 | INFO | lstm_run3 | Epoch 047 | train_loss=12.6521 | test_loss=4.9179 | test_acc=0.9824
2026-04-01 23:48:20,393 | INFO | lstm_run3 | Epoch 048 | train_loss=12.0998 | test_loss=5.2669 | test_acc=0.9809
2026-04-01 23:48:28,167 | INFO | lstm_run3 | Epoch 049 | train_loss=12.4242 | test_loss=5.1496 | test_acc=0.9813
2026-04-01 23:48:35,966 | INFO | lstm_run3 | Epoch 050 | train_loss=11.9908 | test_loss=6.3894 | test_acc=0.9779
2026-04-01 23:48:43,755 | INFO | lstm_run3 | Epoch 051 | train_loss=11.9938 | test_loss=5.8918 | test_acc=0.9796
2026-04-01 23:48:51,662 | INFO | lstm_run3 | Epoch 052 | train_loss=12.7351 | test_loss=5.2118 | test_acc=0.9815
2026-04-01 23:48:59,722 | INFO | lstm_run3 | Epoch 053 | train_loss=11.3637 | test_loss=5.4853 | test_acc=0.9807
2026-04-01 23:49:07,756 | INFO | lstm_run3 | Epoch 054 | train_loss=10.9074 | test_loss=5.3716 | test_acc=0.9812
2026-04-01 23:49:15,780 | INFO | lstm_run3 | Epoch 055 | train_loss=10.9086 | test_loss=5.3144 | test_acc=0.9811
2026-04-01 23:49:23,876 | INFO | lstm_run3 | Epoch 056 | train_loss=9.8306 | test_loss=5.4535 | test_acc=0.9819
2026-04-01 23:49:31,967 | INFO | lstm_run3 | Epoch 057 | train_loss=10.1977 | test_loss=5.1552 | test_acc=0.9813
2026-04-01 23:49:39,727 | INFO | lstm_run3 | Epoch 058 | train_loss=9.6316 | test_loss=5.2863 | test_acc=0.9837
2026-04-01 23:49:47,839 | INFO | lstm_run3 | Epoch 059 | train_loss=10.5147 | test_loss=5.4051 | test_acc=0.9813
2026-04-01 23:49:55,874 | INFO | lstm_run3 | Epoch 060 | train_loss=10.6586 | test_loss=5.7074 | test_acc=0.9804
2026-04-01 23:50:04,062 | INFO | lstm_run3 | Epoch 061 | train_loss=9.0059 | test_loss=6.5753 | test_acc=0.9783
2026-04-01 23:50:11,833 | INFO | lstm_run3 | Epoch 062 | train_loss=9.1096 | test_loss=5.6808 | test_acc=0.9806
2026-04-01 23:50:19,549 | INFO | lstm_run3 | Epoch 063 | train_loss=9.2045 | test_loss=5.4719 | test_acc=0.9820
2026-04-01 23:50:27,624 | INFO | lstm_run3 | Epoch 064 | train_loss=9.3419 | test_loss=5.4578 | test_acc=0.9830
2026-04-01 23:50:35,343 | INFO | lstm_run3 | Epoch 065 | train_loss=9.6476 | test_loss=5.5037 | test_acc=0.9809
2026-04-01 23:50:43,296 | INFO | lstm_run3 | Epoch 066 | train_loss=7.7175 | test_loss=5.2401 | test_acc=0.9821
2026-04-01 23:50:51,348 | INFO | lstm_run3 | Epoch 067 | train_loss=8.0446 | test_loss=6.2244 | test_acc=0.9809
2026-04-01 23:50:59,422 | INFO | lstm_run3 | Epoch 068 | train_loss=7.9222 | test_loss=5.2795 | test_acc=0.9835
2026-04-01 23:51:07,519 | INFO | lstm_run3 | Epoch 069 | train_loss=7.9001 | test_loss=6.4484 | test_acc=0.9796
2026-04-01 23:51:15,618 | INFO | lstm_run3 | Epoch 070 | train_loss=9.3585 | test_loss=5.9386 | test_acc=0.9817
2026-04-01 23:51:23,833 | INFO | lstm_run3 | Epoch 071 | train_loss=7.6560 | test_loss=5.4203 | test_acc=0.9826
2026-04-01 23:51:31,646 | INFO | lstm_run3 | Epoch 072 | train_loss=7.4317 | test_loss=6.1869 | test_acc=0.9810
2026-04-01 23:51:39,469 | INFO | lstm_run3 | Epoch 073 | train_loss=8.0814 | test_loss=6.3784 | test_acc=0.9803
2026-04-01 23:51:47,323 | INFO | lstm_run3 | Epoch 074 | train_loss=8.0921 | test_loss=5.8925 | test_acc=0.9803
2026-04-01 23:51:55,116 | INFO | lstm_run3 | Epoch 075 | train_loss=6.2794 | test_loss=5.8541 | test_acc=0.9815
2026-04-01 23:52:03,190 | INFO | lstm_run3 | Epoch 076 | train_loss=6.7487 | test_loss=5.7511 | test_acc=0.9825
2026-04-01 23:52:11,279 | INFO | lstm_run3 | Epoch 077 | train_loss=7.8199 | test_loss=5.7777 | test_acc=0.9818
2026-04-01 23:52:19,358 | INFO | lstm_run3 | Epoch 078 | train_loss=6.7499 | test_loss=5.5542 | test_acc=0.9826
2026-04-01 23:52:27,316 | INFO | lstm_run3 | Epoch 079 | train_loss=6.3743 | test_loss=6.5191 | test_acc=0.9797
2026-04-01 23:52:35,309 | INFO | lstm_run3 | Epoch 080 | train_loss=7.0473 | test_loss=5.5575 | test_acc=0.9830
2026-04-01 23:52:43,372 | INFO | lstm_run3 | Epoch 081 | train_loss=6.7736 | test_loss=6.1248 | test_acc=0.9827
2026-04-01 23:52:51,406 | INFO | lstm_run3 | Epoch 082 | train_loss=7.0914 | test_loss=6.1605 | test_acc=0.9825
2026-04-01 23:52:59,334 | INFO | lstm_run3 | Epoch 083 | train_loss=6.2463 | test_loss=6.1179 | test_acc=0.9802
2026-04-01 23:53:07,062 | INFO | lstm_run3 | Epoch 084 | train_loss=6.1569 | test_loss=5.9690 | test_acc=0.9822
2026-04-01 23:53:14,950 | INFO | lstm_run3 | Epoch 085 | train_loss=5.8918 | test_loss=6.3496 | test_acc=0.9816
2026-04-01 23:53:23,027 | INFO | lstm_run3 | Epoch 086 | train_loss=5.8804 | test_loss=5.9064 | test_acc=0.9828
2026-04-01 23:53:30,992 | INFO | lstm_run3 | Epoch 087 | train_loss=5.6507 | test_loss=5.8719 | test_acc=0.9824
2026-04-01 23:53:38,827 | INFO | lstm_run3 | Epoch 088 | train_loss=6.8907 | test_loss=6.0463 | test_acc=0.9831
2026-04-01 23:53:46,697 | INFO | lstm_run3 | Epoch 089 | train_loss=5.6806 | test_loss=6.6848 | test_acc=0.9816
2026-04-01 23:53:54,507 | INFO | lstm_run3 | Epoch 090 | train_loss=5.0623 | test_loss=5.9864 | test_acc=0.9831
2026-04-01 23:54:02,335 | INFO | lstm_run3 | Epoch 091 | train_loss=5.9745 | test_loss=6.1368 | test_acc=0.9829
2026-04-01 23:54:10,230 | INFO | lstm_run3 | Epoch 092 | train_loss=4.4096 | test_loss=6.2257 | test_acc=0.9814
2026-04-01 23:54:18,092 | INFO | lstm_run3 | Epoch 093 | train_loss=5.7661 | test_loss=5.9371 | test_acc=0.9831
2026-04-01 23:54:25,972 | INFO | lstm_run3 | Epoch 094 | train_loss=5.6824 | test_loss=6.2739 | test_acc=0.9829
2026-04-01 23:54:33,945 | INFO | lstm_run3 | Epoch 095 | train_loss=4.5523 | test_loss=6.6652 | test_acc=0.9823
2026-04-01 23:54:41,908 | INFO | lstm_run3 | Epoch 096 | train_loss=6.2874 | test_loss=6.0721 | test_acc=0.9821
2026-04-01 23:54:49,975 | INFO | lstm_run3 | Epoch 097 | train_loss=4.7132 | test_loss=6.4235 | test_acc=0.9831
2026-04-01 23:54:57,807 | INFO | lstm_run3 | Epoch 098 | train_loss=4.0046 | test_loss=6.7162 | test_acc=0.9820
2026-04-01 23:55:05,723 | INFO | lstm_run3 | Epoch 099 | train_loss=5.1346 | test_loss=6.4033 | test_acc=0.9829
2026-04-01 23:55:13,597 | INFO | lstm_run3 | Epoch 100 | train_loss=4.7785 | test_loss=6.2666 | test_acc=0.9816
2026-04-01 23:55:21,529 | INFO | lstm_run4 | Epoch 001 | train_loss=558.2166 | test_loss=46.2762 | test_acc=0.8263
2026-04-01 23:55:29,447 | INFO | lstm_run4 | Epoch 002 | train_loss=199.6822 | test_loss=25.6560 | test_acc=0.9056
2026-04-01 23:55:37,362 | INFO | lstm_run4 | Epoch 003 | train_loss=134.6046 | test_loss=20.2937 | test_acc=0.9253
2026-04-01 23:55:45,273 | INFO | lstm_run4 | Epoch 004 | train_loss=107.9028 | test_loss=16.3788 | test_acc=0.9405
2026-04-01 23:55:53,229 | INFO | lstm_run4 | Epoch 005 | train_loss=89.3654 | test_loss=14.3885 | test_acc=0.9481
2026-04-01 23:56:01,069 | INFO | lstm_run4 | Epoch 006 | train_loss=76.2946 | test_loss=12.4723 | test_acc=0.9542
2026-04-01 23:56:08,862 | INFO | lstm_run4 | Epoch 007 | train_loss=66.3868 | test_loss=11.3007 | test_acc=0.9584
2026-04-01 23:56:16,694 | INFO | lstm_run4 | Epoch 008 | train_loss=61.5302 | test_loss=10.5263 | test_acc=0.9593
2026-04-01 23:56:24,509 | INFO | lstm_run4 | Epoch 009 | train_loss=55.0322 | test_loss=10.1652 | test_acc=0.9627
2026-04-01 23:56:32,259 | INFO | lstm_run4 | Epoch 010 | train_loss=50.3765 | test_loss=8.8475 | test_acc=0.9658
2026-04-01 23:56:40,054 | INFO | lstm_run4 | Epoch 011 | train_loss=46.8873 | test_loss=8.4293 | test_acc=0.9691
2026-04-01 23:56:47,907 | INFO | lstm_run4 | Epoch 012 | train_loss=43.8912 | test_loss=8.2650 | test_acc=0.9691
2026-04-01 23:56:55,861 | INFO | lstm_run4 | Epoch 013 | train_loss=40.8801 | test_loss=9.0826 | test_acc=0.9655
2026-04-01 23:57:03,821 | INFO | lstm_run4 | Epoch 014 | train_loss=39.0648 | test_loss=7.1879 | test_acc=0.9743
2026-04-01 23:57:11,725 | INFO | lstm_run4 | Epoch 015 | train_loss=36.4062 | test_loss=7.1716 | test_acc=0.9724
2026-04-01 23:57:19,620 | INFO | lstm_run4 | Epoch 016 | train_loss=34.3979 | test_loss=6.8860 | test_acc=0.9754
2026-04-01 23:57:27,473 | INFO | lstm_run4 | Epoch 017 | train_loss=33.1093 | test_loss=7.1314 | test_acc=0.9728
2026-04-01 23:57:35,240 | INFO | lstm_run4 | Epoch 018 | train_loss=31.0143 | test_loss=7.0577 | test_acc=0.9737
2026-04-01 23:57:43,102 | INFO | lstm_run4 | Epoch 019 | train_loss=31.5887 | test_loss=7.2899 | test_acc=0.9740
2026-04-01 23:57:51,023 | INFO | lstm_run4 | Epoch 020 | train_loss=29.1099 | test_loss=6.8804 | test_acc=0.9744
2026-04-01 23:57:59,040 | INFO | lstm_run4 | Epoch 021 | train_loss=28.5739 | test_loss=6.4447 | test_acc=0.9761
2026-04-01 23:58:06,999 | INFO | lstm_run4 | Epoch 022 | train_loss=27.4347 | test_loss=6.5714 | test_acc=0.9769
2026-04-01 23:58:15,116 | INFO | lstm_run4 | Epoch 023 | train_loss=25.4214 | test_loss=5.9086 | test_acc=0.9785
2026-04-01 23:58:23,399 | INFO | lstm_run4 | Epoch 024 | train_loss=24.8796 | test_loss=6.5038 | test_acc=0.9769
2026-04-01 23:58:31,513 | INFO | lstm_run4 | Epoch 025 | train_loss=24.3960 | test_loss=6.0705 | test_acc=0.9773
2026-04-01 23:58:39,463 | INFO | lstm_run4 | Epoch 026 | train_loss=23.8085 | test_loss=5.5482 | test_acc=0.9800
2026-04-01 23:58:47,468 | INFO | lstm_run4 | Epoch 027 | train_loss=21.9937 | test_loss=5.4507 | test_acc=0.9803
2026-04-01 23:58:55,411 | INFO | lstm_run4 | Epoch 028 | train_loss=22.8198 | test_loss=5.3515 | test_acc=0.9800
2026-04-01 23:59:03,427 | INFO | lstm_run4 | Epoch 029 | train_loss=21.4361 | test_loss=6.3401 | test_acc=0.9777
2026-04-01 23:59:11,613 | INFO | lstm_run4 | Epoch 030 | train_loss=20.4048 | test_loss=5.6526 | test_acc=0.9787
2026-04-01 23:59:19,679 | INFO | lstm_run4 | Epoch 031 | train_loss=21.4168 | test_loss=5.2036 | test_acc=0.9804
2026-04-01 23:59:27,435 | INFO | lstm_run4 | Epoch 032 | train_loss=19.5325 | test_loss=5.4532 | test_acc=0.9813
2026-04-01 23:59:35,193 | INFO | lstm_run4 | Epoch 033 | train_loss=18.6740 | test_loss=5.8854 | test_acc=0.9796
2026-04-01 23:59:43,106 | INFO | lstm_run4 | Epoch 034 | train_loss=18.4181 | test_loss=5.4684 | test_acc=0.9801
2026-04-01 23:59:51,087 | INFO | lstm_run4 | Epoch 035 | train_loss=17.1993 | test_loss=6.3754 | test_acc=0.9767
2026-04-01 23:59:59,195 | INFO | lstm_run4 | Epoch 036 | train_loss=16.7197 | test_loss=5.8403 | test_acc=0.9809
2026-04-02 00:00:07,064 | INFO | lstm_run4 | Epoch 037 | train_loss=17.7660 | test_loss=5.8000 | test_acc=0.9800
2026-04-02 00:00:15,570 | INFO | lstm_run4 | Epoch 038 | train_loss=15.8224 | test_loss=5.6187 | test_acc=0.9800
2026-04-02 00:00:24,295 | INFO | lstm_run4 | Epoch 039 | train_loss=15.3779 | test_loss=6.0124 | test_acc=0.9785
2026-04-02 00:00:33,005 | INFO | lstm_run4 | Epoch 040 | train_loss=15.6451 | test_loss=5.8464 | test_acc=0.9800
2026-04-02 00:00:41,551 | INFO | lstm_run4 | Epoch 041 | train_loss=14.9721 | test_loss=6.1696 | test_acc=0.9805
2026-04-02 00:00:49,537 | INFO | lstm_run4 | Epoch 042 | train_loss=13.8588 | test_loss=5.5067 | test_acc=0.9817
2026-04-02 00:00:57,408 | INFO | lstm_run4 | Epoch 043 | train_loss=14.5216 | test_loss=5.7290 | test_acc=0.9798
2026-04-02 00:01:05,204 | INFO | lstm_run4 | Epoch 044 | train_loss=13.2979 | test_loss=6.0613 | test_acc=0.9787
2026-04-02 00:01:13,069 | INFO | lstm_run4 | Epoch 045 | train_loss=13.2144 | test_loss=5.9627 | test_acc=0.9802
2026-04-02 00:01:21,100 | INFO | lstm_run4 | Epoch 046 | train_loss=12.7372 | test_loss=5.7692 | test_acc=0.9811
2026-04-02 00:01:29,087 | INFO | lstm_run4 | Epoch 047 | train_loss=13.4984 | test_loss=5.3745 | test_acc=0.9805
2026-04-02 00:01:37,063 | INFO | lstm_run4 | Epoch 048 | train_loss=11.3658 | test_loss=5.1997 | test_acc=0.9823
2026-04-02 00:01:45,066 | INFO | lstm_run4 | Epoch 049 | train_loss=12.2818 | test_loss=5.6215 | test_acc=0.9824
2026-04-02 00:01:53,080 | INFO | lstm_run4 | Epoch 050 | train_loss=12.0494 | test_loss=5.7671 | test_acc=0.9814
2026-04-02 00:02:00,882 | INFO | lstm_run4 | Epoch 051 | train_loss=11.4820 | test_loss=5.6375 | test_acc=0.9809
2026-04-02 00:02:08,808 | INFO | lstm_run4 | Epoch 052 | train_loss=10.6609 | test_loss=6.1078 | test_acc=0.9795
2026-04-02 00:02:16,703 | INFO | lstm_run4 | Epoch 053 | train_loss=11.1689 | test_loss=5.5237 | test_acc=0.9825
2026-04-02 00:02:24,617 | INFO | lstm_run4 | Epoch 054 | train_loss=11.2024 | test_loss=5.6424 | test_acc=0.9817
2026-04-02 00:02:32,316 | INFO | lstm_run4 | Epoch 055 | train_loss=10.0465 | test_loss=6.4512 | test_acc=0.9799
2026-04-02 00:02:40,170 | INFO | lstm_run4 | Epoch 056 | train_loss=10.8463 | test_loss=5.7903 | test_acc=0.9823
2026-04-02 00:02:47,956 | INFO | lstm_run4 | Epoch 057 | train_loss=9.1903 | test_loss=5.9232 | test_acc=0.9819
2026-04-02 00:02:55,852 | INFO | lstm_run4 | Epoch 058 | train_loss=10.4258 | test_loss=7.2488 | test_acc=0.9774
2026-04-02 00:03:03,675 | INFO | lstm_run4 | Epoch 059 | train_loss=9.3313 | test_loss=5.9088 | test_acc=0.9812
2026-04-02 00:03:11,522 | INFO | lstm_run4 | Epoch 060 | train_loss=8.7811 | test_loss=5.5865 | test_acc=0.9831
2026-04-02 00:03:19,485 | INFO | lstm_run4 | Epoch 061 | train_loss=8.7277 | test_loss=6.1991 | test_acc=0.9816
2026-04-02 00:03:27,387 | INFO | lstm_run4 | Epoch 062 | train_loss=9.3424 | test_loss=5.4802 | test_acc=0.9826
2026-04-02 00:03:35,236 | INFO | lstm_run4 | Epoch 063 | train_loss=8.5776 | test_loss=5.9694 | test_acc=0.9826
2026-04-02 00:03:43,336 | INFO | lstm_run4 | Epoch 064 | train_loss=8.5844 | test_loss=5.9426 | test_acc=0.9824
2026-04-02 00:03:51,459 | INFO | lstm_run4 | Epoch 065 | train_loss=8.5811 | test_loss=7.2876 | test_acc=0.9775
2026-04-02 00:03:59,651 | INFO | lstm_run4 | Epoch 066 | train_loss=8.7932 | test_loss=6.0040 | test_acc=0.9815
2026-04-02 00:04:07,728 | INFO | lstm_run4 | Epoch 067 | train_loss=7.0152 | test_loss=5.9702 | test_acc=0.9807
2026-04-02 00:04:15,836 | INFO | lstm_run4 | Epoch 068 | train_loss=7.6046 | test_loss=6.1973 | test_acc=0.9803
2026-04-02 00:04:23,827 | INFO | lstm_run4 | Epoch 069 | train_loss=7.2010 | test_loss=7.6200 | test_acc=0.9779
2026-04-02 00:04:31,639 | INFO | lstm_run4 | Epoch 070 | train_loss=7.4368 | test_loss=6.7069 | test_acc=0.9813
2026-04-02 00:04:39,444 | INFO | lstm_run4 | Epoch 071 | train_loss=7.6616 | test_loss=6.5840 | test_acc=0.9806
2026-04-02 00:04:47,351 | INFO | lstm_run4 | Epoch 072 | train_loss=6.5063 | test_loss=6.7296 | test_acc=0.9803
2026-04-02 00:04:55,239 | INFO | lstm_run4 | Epoch 073 | train_loss=7.6090 | test_loss=6.5514 | test_acc=0.9816
2026-04-02 00:05:03,614 | INFO | lstm_run4 | Epoch 074 | train_loss=6.9509 | test_loss=6.2925 | test_acc=0.9822
2026-04-02 00:05:11,827 | INFO | lstm_run4 | Epoch 075 | train_loss=6.2835 | test_loss=6.5766 | test_acc=0.9794
2026-04-02 00:05:19,832 | INFO | lstm_run4 | Epoch 076 | train_loss=6.8157 | test_loss=6.2842 | test_acc=0.9818
2026-04-02 00:05:28,144 | INFO | lstm_run4 | Epoch 077 | train_loss=6.7803 | test_loss=5.9491 | test_acc=0.9830
2026-04-02 00:05:36,220 | INFO | lstm_run4 | Epoch 078 | train_loss=5.4590 | test_loss=6.4356 | test_acc=0.9824
2026-04-02 00:05:44,320 | INFO | lstm_run4 | Epoch 079 | train_loss=5.7924 | test_loss=6.6043 | test_acc=0.9821
2026-04-02 00:05:52,365 | INFO | lstm_run4 | Epoch 080 | train_loss=6.0439 | test_loss=6.5232 | test_acc=0.9804
2026-04-02 00:06:00,293 | INFO | lstm_run4 | Epoch 081 | train_loss=5.8560 | test_loss=6.3574 | test_acc=0.9827
2026-04-02 00:06:08,261 | INFO | lstm_run4 | Epoch 082 | train_loss=5.2071 | test_loss=6.0790 | test_acc=0.9838
2026-04-02 00:06:16,233 | INFO | lstm_run4 | Epoch 083 | train_loss=7.1385 | test_loss=6.7957 | test_acc=0.9813
2026-04-02 00:06:24,138 | INFO | lstm_run4 | Epoch 084 | train_loss=5.7004 | test_loss=6.6528 | test_acc=0.9812
2026-04-02 00:06:32,083 | INFO | lstm_run4 | Epoch 085 | train_loss=5.3270 | test_loss=7.0103 | test_acc=0.9800
2026-04-02 00:06:39,914 | INFO | lstm_run4 | Epoch 086 | train_loss=4.8822 | test_loss=6.9409 | test_acc=0.9816
2026-04-02 00:06:47,727 | INFO | lstm_run4 | Epoch 087 | train_loss=4.8654 | test_loss=7.4435 | test_acc=0.9799
2026-04-02 00:06:55,875 | INFO | lstm_run4 | Epoch 088 | train_loss=6.9267 | test_loss=7.2097 | test_acc=0.9793
2026-04-02 00:07:04,047 | INFO | lstm_run4 | Epoch 089 | train_loss=4.7035 | test_loss=7.2596 | test_acc=0.9803
2026-04-02 00:07:12,406 | INFO | lstm_run4 | Epoch 090 | train_loss=4.9253 | test_loss=7.1526 | test_acc=0.9812
2026-04-02 00:07:20,560 | INFO | lstm_run4 | Epoch 091 | train_loss=5.5479 | test_loss=6.7085 | test_acc=0.9818
2026-04-02 00:07:28,367 | INFO | lstm_run4 | Epoch 092 | train_loss=4.0778 | test_loss=6.8349 | test_acc=0.9820
2026-04-02 00:07:36,195 | INFO | lstm_run4 | Epoch 093 | train_loss=6.1229 | test_loss=7.6403 | test_acc=0.9797
2026-04-02 00:07:44,019 | INFO | lstm_run4 | Epoch 094 | train_loss=4.9252 | test_loss=7.2669 | test_acc=0.9797
2026-04-02 00:07:52,303 | INFO | lstm_run4 | Epoch 095 | train_loss=3.8104 | test_loss=6.4584 | test_acc=0.9827
2026-04-02 00:08:00,293 | INFO | lstm_run4 | Epoch 096 | train_loss=3.7803 | test_loss=7.4214 | test_acc=0.9799
2026-04-02 00:08:08,329 | INFO | lstm_run4 | Epoch 097 | train_loss=5.4161 | test_loss=7.1354 | test_acc=0.9821
2026-04-02 00:08:16,425 | INFO | lstm_run4 | Epoch 098 | train_loss=4.0788 | test_loss=7.5938 | test_acc=0.9798
2026-04-02 00:08:24,391 | INFO | lstm_run4 | Epoch 099 | train_loss=5.5064 | test_loss=7.2866 | test_acc=0.9809
2026-04-02 00:08:32,325 | INFO | lstm_run4 | Epoch 100 | train_loss=4.4869 | test_loss=6.7620 | test_acc=0.9830
2026-04-02 00:08:40,190 | INFO | lstm_run5 | Epoch 001 | train_loss=529.8558 | test_loss=40.9946 | test_acc=0.8427
2026-04-02 00:08:48,080 | INFO | lstm_run5 | Epoch 002 | train_loss=189.2759 | test_loss=25.5481 | test_acc=0.9071
2026-04-02 00:08:56,055 | INFO | lstm_run5 | Epoch 003 | train_loss=125.3439 | test_loss=20.6354 | test_acc=0.9250
2026-04-02 00:09:03,824 | INFO | lstm_run5 | Epoch 004 | train_loss=97.8439 | test_loss=15.4620 | test_acc=0.9428
2026-04-02 00:09:11,587 | INFO | lstm_run5 | Epoch 005 | train_loss=82.3468 | test_loss=12.6069 | test_acc=0.9532
2026-04-02 00:09:19,823 | INFO | lstm_run5 | Epoch 006 | train_loss=72.3385 | test_loss=11.7623 | test_acc=0.9557
2026-04-02 00:09:28,008 | INFO | lstm_run5 | Epoch 007 | train_loss=66.7246 | test_loss=10.9254 | test_acc=0.9586
2026-04-02 00:09:36,221 | INFO | lstm_run5 | Epoch 008 | train_loss=59.6698 | test_loss=9.7338 | test_acc=0.9629
2026-04-02 00:09:44,387 | INFO | lstm_run5 | Epoch 009 | train_loss=55.3197 | test_loss=9.1715 | test_acc=0.9658
2026-04-02 00:09:52,341 | INFO | lstm_run5 | Epoch 010 | train_loss=50.7174 | test_loss=8.7764 | test_acc=0.9674
2026-04-02 00:10:00,415 | INFO | lstm_run5 | Epoch 011 | train_loss=47.5288 | test_loss=8.5169 | test_acc=0.9687
2026-04-02 00:10:08,360 | INFO | lstm_run5 | Epoch 012 | train_loss=43.6591 | test_loss=7.9537 | test_acc=0.9697
2026-04-02 00:10:16,678 | INFO | lstm_run5 | Epoch 013 | train_loss=41.4183 | test_loss=8.8100 | test_acc=0.9671
2026-04-02 00:10:24,896 | INFO | lstm_run5 | Epoch 014 | train_loss=39.4762 | test_loss=6.9859 | test_acc=0.9733
2026-04-02 00:10:32,823 | INFO | lstm_run5 | Epoch 015 | train_loss=36.7203 | test_loss=8.5316 | test_acc=0.9683
2026-04-02 00:10:40,572 | INFO | lstm_run5 | Epoch 016 | train_loss=34.2125 | test_loss=6.9465 | test_acc=0.9749
2026-04-02 00:10:48,368 | INFO | lstm_run5 | Epoch 017 | train_loss=33.3094 | test_loss=6.5376 | test_acc=0.9765
2026-04-02 00:10:56,232 | INFO | lstm_run5 | Epoch 018 | train_loss=31.5944 | test_loss=6.9301 | test_acc=0.9754
2026-04-02 00:11:04,541 | INFO | lstm_run5 | Epoch 019 | train_loss=30.2217 | test_loss=6.3387 | test_acc=0.9764
2026-04-02 00:11:12,473 | INFO | lstm_run5 | Epoch 020 | train_loss=28.3675 | test_loss=6.5962 | test_acc=0.9753
2026-04-02 00:11:20,300 | INFO | lstm_run5 | Epoch 021 | train_loss=28.0882 | test_loss=6.3182 | test_acc=0.9767
2026-04-02 00:11:28,186 | INFO | lstm_run5 | Epoch 022 | train_loss=26.4084 | test_loss=5.9802 | test_acc=0.9791
2026-04-02 00:11:35,993 | INFO | lstm_run5 | Epoch 023 | train_loss=25.4087 | test_loss=6.0167 | test_acc=0.9779
2026-04-02 00:11:43,825 | INFO | lstm_run5 | Epoch 024 | train_loss=25.4885 | test_loss=6.1946 | test_acc=0.9780
2026-04-02 00:11:51,862 | INFO | lstm_run5 | Epoch 025 | train_loss=23.7891 | test_loss=5.7858 | test_acc=0.9791
2026-04-02 00:11:59,674 | INFO | lstm_run5 | Epoch 026 | train_loss=23.0995 | test_loss=6.0279 | test_acc=0.9776
2026-04-02 00:12:07,635 | INFO | lstm_run5 | Epoch 027 | train_loss=21.8612 | test_loss=5.3164 | test_acc=0.9808
2026-04-02 00:12:15,679 | INFO | lstm_run5 | Epoch 028 | train_loss=21.5353 | test_loss=6.1514 | test_acc=0.9784
2026-04-02 00:12:23,869 | INFO | lstm_run5 | Epoch 029 | train_loss=20.3762 | test_loss=6.1168 | test_acc=0.9784
2026-04-02 00:12:31,697 | INFO | lstm_run5 | Epoch 030 | train_loss=19.8110 | test_loss=5.4356 | test_acc=0.9800
2026-04-02 00:12:39,744 | INFO | lstm_run5 | Epoch 031 | train_loss=18.7150 | test_loss=5.7762 | test_acc=0.9785
2026-04-02 00:12:47,602 | INFO | lstm_run5 | Epoch 032 | train_loss=18.3747 | test_loss=5.1848 | test_acc=0.9818
2026-04-02 00:12:55,496 | INFO | lstm_run5 | Epoch 033 | train_loss=17.1054 | test_loss=5.4174 | test_acc=0.9809
2026-04-02 00:13:03,457 | INFO | lstm_run5 | Epoch 034 | train_loss=17.2611 | test_loss=6.0637 | test_acc=0.9789
2026-04-02 00:13:11,408 | INFO | lstm_run5 | Epoch 035 | train_loss=17.5444 | test_loss=5.5841 | test_acc=0.9799
2026-04-02 00:13:19,312 | INFO | lstm_run5 | Epoch 036 | train_loss=16.7064 | test_loss=5.0959 | test_acc=0.9825
2026-04-02 00:13:27,314 | INFO | lstm_run5 | Epoch 037 | train_loss=15.4094 | test_loss=5.4296 | test_acc=0.9811
2026-04-02 00:13:35,413 | INFO | lstm_run5 | Epoch 038 | train_loss=15.6028 | test_loss=5.3492 | test_acc=0.9828
2026-04-02 00:13:43,562 | INFO | lstm_run5 | Epoch 039 | train_loss=14.8572 | test_loss=6.4603 | test_acc=0.9771
2026-04-02 00:13:51,524 | INFO | lstm_run5 | Epoch 040 | train_loss=14.8100 | test_loss=5.1749 | test_acc=0.9818
2026-04-02 00:13:59,570 | INFO | lstm_run5 | Epoch 041 | train_loss=13.9223 | test_loss=4.9849 | test_acc=0.9829
2026-04-02 00:14:07,512 | INFO | lstm_run5 | Epoch 042 | train_loss=13.3169 | test_loss=5.4509 | test_acc=0.9819
2026-04-02 00:14:15,677 | INFO | lstm_run5 | Epoch 043 | train_loss=13.4695 | test_loss=6.1240 | test_acc=0.9776
2026-04-02 00:14:23,767 | INFO | lstm_run5 | Epoch 044 | train_loss=13.3321 | test_loss=5.6089 | test_acc=0.9802
2026-04-02 00:14:31,797 | INFO | lstm_run5 | Epoch 045 | train_loss=13.0045 | test_loss=5.0853 | test_acc=0.9827
2026-04-02 00:14:39,882 | INFO | lstm_run5 | Epoch 046 | train_loss=11.8992 | test_loss=5.0473 | test_acc=0.9826
2026-04-02 00:14:47,857 | INFO | lstm_run5 | Epoch 047 | train_loss=12.4683 | test_loss=5.9849 | test_acc=0.9799
2026-04-02 00:14:55,693 | INFO | lstm_run5 | Epoch 048 | train_loss=11.3037 | test_loss=5.3419 | test_acc=0.9818
2026-04-02 00:15:03,525 | INFO | lstm_run5 | Epoch 049 | train_loss=11.1262 | test_loss=5.2784 | test_acc=0.9826
2026-04-02 00:15:11,586 | INFO | lstm_run5 | Epoch 050 | train_loss=11.5015 | test_loss=6.5097 | test_acc=0.9767
2026-04-02 00:15:19,700 | INFO | lstm_run5 | Epoch 051 | train_loss=11.2395 | test_loss=4.9833 | test_acc=0.9838
2026-04-02 00:15:27,913 | INFO | lstm_run5 | Epoch 052 | train_loss=10.0268 | test_loss=5.5142 | test_acc=0.9820
2026-04-02 00:15:36,045 | INFO | lstm_run5 | Epoch 053 | train_loss=10.7887 | test_loss=5.0834 | test_acc=0.9835
2026-04-02 00:15:44,236 | INFO | lstm_run5 | Epoch 054 | train_loss=10.0102 | test_loss=5.3355 | test_acc=0.9820
2026-04-02 00:15:52,396 | INFO | lstm_run5 | Epoch 055 | train_loss=10.4245 | test_loss=5.3296 | test_acc=0.9823
2026-04-02 00:16:00,451 | INFO | lstm_run5 | Epoch 056 | train_loss=9.8444 | test_loss=5.4256 | test_acc=0.9835
2026-04-02 00:16:08,430 | INFO | lstm_run5 | Epoch 057 | train_loss=9.7453 | test_loss=5.0395 | test_acc=0.9837
2026-04-02 00:16:16,561 | INFO | lstm_run5 | Epoch 058 | train_loss=8.7525 | test_loss=5.0759 | test_acc=0.9829
2026-04-02 00:16:24,615 | INFO | lstm_run5 | Epoch 059 | train_loss=9.7399 | test_loss=5.9298 | test_acc=0.9792
2026-04-02 00:16:32,692 | INFO | lstm_run5 | Epoch 060 | train_loss=9.0380 | test_loss=4.8719 | test_acc=0.9840
2026-04-02 00:16:40,783 | INFO | lstm_run5 | Epoch 061 | train_loss=8.2606 | test_loss=5.4175 | test_acc=0.9818
2026-04-02 00:16:48,898 | INFO | lstm_run5 | Epoch 062 | train_loss=8.1376 | test_loss=5.5709 | test_acc=0.9818
2026-04-02 00:16:56,925 | INFO | lstm_run5 | Epoch 063 | train_loss=9.1060 | test_loss=5.3046 | test_acc=0.9820
2026-04-02 00:17:05,114 | INFO | lstm_run5 | Epoch 064 | train_loss=8.4216 | test_loss=5.3634 | test_acc=0.9815
2026-04-02 00:17:13,325 | INFO | lstm_run5 | Epoch 065 | train_loss=7.8412 | test_loss=5.3264 | test_acc=0.9827
2026-04-02 00:17:21,249 | INFO | lstm_run5 | Epoch 066 | train_loss=6.7731 | test_loss=5.5228 | test_acc=0.9817
2026-04-02 00:17:29,546 | INFO | lstm_run5 | Epoch 067 | train_loss=8.1373 | test_loss=5.4134 | test_acc=0.9822
2026-04-02 00:17:37,773 | INFO | lstm_run5 | Epoch 068 | train_loss=7.8728 | test_loss=5.4193 | test_acc=0.9829
2026-04-02 00:17:45,868 | INFO | lstm_run5 | Epoch 069 | train_loss=7.1817 | test_loss=4.9586 | test_acc=0.9830
2026-04-02 00:17:53,849 | INFO | lstm_run5 | Epoch 070 | train_loss=8.1442 | test_loss=5.6326 | test_acc=0.9827
2026-04-02 00:18:01,726 | INFO | lstm_run5 | Epoch 071 | train_loss=7.0653 | test_loss=5.6391 | test_acc=0.9818
2026-04-02 00:18:09,663 | INFO | lstm_run5 | Epoch 072 | train_loss=6.5666 | test_loss=5.1359 | test_acc=0.9835
2026-04-02 00:18:17,693 | INFO | lstm_run5 | Epoch 073 | train_loss=6.8388 | test_loss=5.3898 | test_acc=0.9832
2026-04-02 00:18:25,766 | INFO | lstm_run5 | Epoch 074 | train_loss=7.5340 | test_loss=5.3233 | test_acc=0.9834
2026-04-02 00:18:33,848 | INFO | lstm_run5 | Epoch 075 | train_loss=5.8369 | test_loss=5.7576 | test_acc=0.9814
2026-04-02 00:18:41,907 | INFO | lstm_run5 | Epoch 076 | train_loss=6.8942 | test_loss=5.4415 | test_acc=0.9829
2026-04-02 00:18:49,693 | INFO | lstm_run5 | Epoch 077 | train_loss=6.1551 | test_loss=6.2687 | test_acc=0.9801
2026-04-02 00:18:57,464 | INFO | lstm_run5 | Epoch 078 | train_loss=5.9772 | test_loss=5.6010 | test_acc=0.9824
2026-04-02 00:19:05,373 | INFO | lstm_run5 | Epoch 079 | train_loss=6.4511 | test_loss=6.0529 | test_acc=0.9827
2026-04-02 00:19:13,408 | INFO | lstm_run5 | Epoch 080 | train_loss=6.9299 | test_loss=5.4175 | test_acc=0.9844
2026-04-02 00:19:21,299 | INFO | lstm_run5 | Epoch 081 | train_loss=5.9691 | test_loss=6.7824 | test_acc=0.9793
2026-04-02 00:19:29,211 | INFO | lstm_run5 | Epoch 082 | train_loss=5.3159 | test_loss=5.4577 | test_acc=0.9829
2026-04-02 00:19:37,252 | INFO | lstm_run5 | Epoch 083 | train_loss=5.4000 | test_loss=5.7054 | test_acc=0.9822
2026-04-02 00:19:45,339 | INFO | lstm_run5 | Epoch 084 | train_loss=5.0773 | test_loss=6.0050 | test_acc=0.9821
2026-04-02 00:19:53,368 | INFO | lstm_run5 | Epoch 085 | train_loss=6.5023 | test_loss=5.9128 | test_acc=0.9826
2026-04-02 00:20:01,223 | INFO | lstm_run5 | Epoch 086 | train_loss=6.0945 | test_loss=5.9418 | test_acc=0.9811
2026-04-02 00:20:09,068 | INFO | lstm_run5 | Epoch 087 | train_loss=6.6285 | test_loss=6.3621 | test_acc=0.9822
2026-04-02 00:20:16,886 | INFO | lstm_run5 | Epoch 088 | train_loss=5.5418 | test_loss=5.6743 | test_acc=0.9834
2026-04-02 00:20:24,739 | INFO | lstm_run5 | Epoch 089 | train_loss=4.2065 | test_loss=5.7956 | test_acc=0.9816
2026-04-02 00:20:32,563 | INFO | lstm_run5 | Epoch 090 | train_loss=5.3810 | test_loss=6.0508 | test_acc=0.9811
2026-04-02 00:20:40,414 | INFO | lstm_run5 | Epoch 091 | train_loss=5.2009 | test_loss=6.2126 | test_acc=0.9833
2026-04-02 00:20:48,269 | INFO | lstm_run5 | Epoch 092 | train_loss=3.9366 | test_loss=6.1522 | test_acc=0.9811
2026-04-02 00:20:56,116 | INFO | lstm_run5 | Epoch 093 | train_loss=6.1900 | test_loss=6.1443 | test_acc=0.9809
2026-04-02 00:21:04,105 | INFO | lstm_run5 | Epoch 094 | train_loss=5.1818 | test_loss=6.6016 | test_acc=0.9796
2026-04-02 00:21:11,942 | INFO | lstm_run5 | Epoch 095 | train_loss=5.5862 | test_loss=5.8886 | test_acc=0.9826
2026-04-02 00:21:19,830 | INFO | lstm_run5 | Epoch 096 | train_loss=3.8487 | test_loss=5.8598 | test_acc=0.9833
2026-04-02 00:21:27,908 | INFO | lstm_run5 | Epoch 097 | train_loss=5.2954 | test_loss=6.2572 | test_acc=0.9816
2026-04-02 00:21:36,011 | INFO | lstm_run5 | Epoch 098 | train_loss=5.4308 | test_loss=6.6506 | test_acc=0.9803
2026-04-02 00:21:44,258 | INFO | lstm_run5 | Epoch 099 | train_loss=3.2658 | test_loss=6.2319 | test_acc=0.9818
2026-04-02 00:21:52,331 | INFO | lstm_run5 | Epoch 100 | train_loss=4.0357 | test_loss=6.8000 | test_acc=0.9811
2026-04-02 00:21:53,214 | INFO | Saved results to runs/l_mnist_pipeline_20260401_185642
2026-04-02 00:21:53,214 | INFO | Final | Stage-2 acc mean/std: 0.9460 / 0.0074 | LSTM acc mean/std: 0.9823 / 0.0008
2026-04-02 00:21:53,220 | INFO | Training pipeline complete

