2026-05-14 10:27:10,971 | INFO | Starting training pipeline
2026-05-14 10:27:10,971 | INFO | Output directory: runs/l_mnist_pipeline_20260514_102656
2026-05-14 10:27:10,973 | INFO | Config: {'batch_size': 512, 'lr': 0.001, 'epochs_stage1': 300, 'epochs_stage2': 300, 'epochs_lstm': 300, 'epochs_rnn': 300, 'n_runs': 5, 'gfr_stage2_target_params': 7434, 'gfr_hidden_dim': 86, 'rnn_hidden_dim': 68, 'num_classes': 10, 'bio_units': False, 'base_seed': 1234, 'output_root': 'runs', 'parallel_runs': True, 'gpu_ids': '0,1,2,3,5'}
2026-05-14 10:27:10,973 | INFO | CUDA device: cuda:0
2026-05-14 10:27:10,973 | INFO | GPU ids: [0, 1, 2, 3, 5]
2026-05-14 10:27:10,973 | INFO | Run seeds: [1234, 1235, 1236, 1237, 1238]
2026-05-14 10:27:14,080 | INFO | Stage-1 model trainable params: 11534
2026-05-14 10:27:29,407 | INFO | stage1 | Epoch 001 | train_loss=221.9551 | train_acc=0.3242 | test_loss=29.0560 | test_acc=0.2167
2026-05-14 10:27:43,288 | INFO | stage1 | Epoch 002 | train_loss=147.5864 | train_acc=0.5376 | test_loss=21.4243 | test_acc=0.3347
2026-05-14 10:27:57,124 | INFO | stage1 | Epoch 003 | train_loss=110.4653 | train_acc=0.6645 | test_loss=16.8968 | test_acc=0.4359
2026-05-14 10:28:09,264 | INFO | stage1 | Epoch 004 | train_loss=90.0216 | train_acc=0.7284 | test_loss=14.5315 | test_acc=0.4769
2026-05-14 10:28:21,070 | INFO | stage1 | Epoch 005 | train_loss=74.6982 | train_acc=0.7838 | test_loss=11.6871 | test_acc=0.5892
2026-05-14 10:28:33,816 | INFO | stage1 | Epoch 006 | train_loss=60.4409 | train_acc=0.8264 | test_loss=10.0364 | test_acc=0.5761
2026-05-14 10:28:48,052 | INFO | stage1 | Epoch 007 | train_loss=54.9393 | train_acc=0.8420 | test_loss=9.8138 | test_acc=0.6499
2026-05-14 10:29:02,860 | INFO | stage1 | Epoch 008 | train_loss=48.5834 | train_acc=0.8642 | test_loss=7.9932 | test_acc=0.6499
2026-05-14 10:29:17,289 | INFO | stage1 | Epoch 009 | train_loss=43.6388 | train_acc=0.8877 | test_loss=8.0849 | test_acc=0.7019
2026-05-14 10:29:31,041 | INFO | stage1 | Epoch 010 | train_loss=38.8035 | train_acc=0.9041 | test_loss=6.1741 | test_acc=0.7637
2026-05-14 10:29:43,033 | INFO | stage1 | Epoch 011 | train_loss=33.8750 | train_acc=0.9185 | test_loss=5.7709 | test_acc=0.7359
2026-05-14 10:29:56,206 | INFO | stage1 | Epoch 012 | train_loss=32.0784 | train_acc=0.9228 | test_loss=5.0861 | test_acc=0.7528
2026-05-14 10:30:09,438 | INFO | stage1 | Epoch 013 | train_loss=29.4789 | train_acc=0.9298 | test_loss=5.4220 | test_acc=0.7289
2026-05-14 10:30:20,625 | INFO | stage1 | Epoch 014 | train_loss=27.4489 | train_acc=0.9348 | test_loss=4.4563 | test_acc=0.8029
2026-05-14 10:30:34,653 | INFO | stage1 | Epoch 015 | train_loss=24.9114 | train_acc=0.9409 | test_loss=4.2685 | test_acc=0.7779
2026-05-14 10:30:46,538 | INFO | stage1 | Epoch 016 | train_loss=23.8766 | train_acc=0.9440 | test_loss=4.0063 | test_acc=0.7901
2026-05-14 10:30:58,735 | INFO | stage1 | Epoch 017 | train_loss=22.3978 | train_acc=0.9467 | test_loss=4.1097 | test_acc=0.8004
2026-05-14 10:31:12,103 | INFO | stage1 | Epoch 018 | train_loss=21.7348 | train_acc=0.9488 | test_loss=3.6152 | test_acc=0.8085
2026-05-14 10:31:25,068 | INFO | stage1 | Epoch 019 | train_loss=21.3509 | train_acc=0.9491 | test_loss=3.7886 | test_acc=0.7664
2026-05-14 10:31:36,554 | INFO | stage1 | Epoch 020 | train_loss=20.6423 | train_acc=0.9509 | test_loss=3.4554 | test_acc=0.8173
2026-05-14 10:31:48,973 | INFO | stage1 | Epoch 021 | train_loss=19.6958 | train_acc=0.9532 | test_loss=3.8103 | test_acc=0.8134
2026-05-14 10:32:01,319 | INFO | stage1 | Epoch 022 | train_loss=18.7253 | train_acc=0.9556 | test_loss=4.0774 | test_acc=0.8131
2026-05-14 10:32:13,068 | INFO | stage1 | Epoch 023 | train_loss=18.3510 | train_acc=0.9566 | test_loss=3.2118 | test_acc=0.8231
2026-05-14 10:32:26,620 | INFO | stage1 | Epoch 024 | train_loss=17.8899 | train_acc=0.9574 | test_loss=4.2063 | test_acc=0.8439
2026-05-14 10:32:39,501 | INFO | stage1 | Epoch 025 | train_loss=17.6657 | train_acc=0.9586 | test_loss=2.9556 | test_acc=0.8623
2026-05-14 10:32:52,360 | INFO | stage1 | Epoch 026 | train_loss=16.1327 | train_acc=0.9616 | test_loss=3.7163 | test_acc=0.8483
2026-05-14 10:33:04,461 | INFO | stage1 | Epoch 027 | train_loss=16.4401 | train_acc=0.9609 | test_loss=3.1637 | test_acc=0.8630
2026-05-14 10:33:17,154 | INFO | stage1 | Epoch 028 | train_loss=16.0404 | train_acc=0.9619 | test_loss=3.0554 | test_acc=0.8533
2026-05-14 10:33:28,896 | INFO | stage1 | Epoch 029 | train_loss=16.9067 | train_acc=0.9596 | test_loss=2.9097 | test_acc=0.8396
2026-05-14 10:33:41,140 | INFO | stage1 | Epoch 030 | train_loss=15.0967 | train_acc=0.9638 | test_loss=3.0172 | test_acc=0.8541
2026-05-14 10:33:54,156 | INFO | stage1 | Epoch 031 | train_loss=15.4192 | train_acc=0.9629 | test_loss=2.8923 | test_acc=0.8806
2026-05-14 10:34:08,174 | INFO | stage1 | Epoch 032 | train_loss=14.6101 | train_acc=0.9649 | test_loss=3.2536 | test_acc=0.8253
2026-05-14 10:34:21,484 | INFO | stage1 | Epoch 033 | train_loss=14.2887 | train_acc=0.9658 | test_loss=2.6038 | test_acc=0.8720
2026-05-14 10:34:33,263 | INFO | stage1 | Epoch 034 | train_loss=13.9792 | train_acc=0.9662 | test_loss=3.1622 | test_acc=0.8677
2026-05-14 10:34:44,913 | INFO | stage1 | Epoch 035 | train_loss=13.9247 | train_acc=0.9671 | test_loss=2.6549 | test_acc=0.8611
2026-05-14 10:34:57,588 | INFO | stage1 | Epoch 036 | train_loss=13.3768 | train_acc=0.9682 | test_loss=2.9384 | test_acc=0.8612
2026-05-14 10:35:09,779 | INFO | stage1 | Epoch 037 | train_loss=14.3596 | train_acc=0.9655 | test_loss=2.5946 | test_acc=0.8773
2026-05-14 10:35:21,192 | INFO | stage1 | Epoch 038 | train_loss=13.6216 | train_acc=0.9682 | test_loss=2.7340 | test_acc=0.8701
2026-05-14 10:35:32,852 | INFO | stage1 | Epoch 039 | train_loss=12.8464 | train_acc=0.9687 | test_loss=2.5387 | test_acc=0.8846
2026-05-14 10:35:44,215 | INFO | stage1 | Epoch 040 | train_loss=12.5808 | train_acc=0.9699 | test_loss=2.4196 | test_acc=0.8933
2026-05-14 10:35:55,564 | INFO | stage1 | Epoch 041 | train_loss=12.5523 | train_acc=0.9706 | test_loss=2.6155 | test_acc=0.9038
2026-05-14 10:36:07,099 | INFO | stage1 | Epoch 042 | train_loss=11.9560 | train_acc=0.9717 | test_loss=2.5092 | test_acc=0.8959
2026-05-14 10:36:20,740 | INFO | stage1 | Epoch 043 | train_loss=11.7165 | train_acc=0.9715 | test_loss=2.2411 | test_acc=0.8958
2026-05-14 10:36:33,640 | INFO | stage1 | Epoch 044 | train_loss=11.5136 | train_acc=0.9721 | test_loss=2.2197 | test_acc=0.8619
2026-05-14 10:36:47,485 | INFO | stage1 | Epoch 045 | train_loss=11.6217 | train_acc=0.9719 | test_loss=2.4401 | test_acc=0.8430
2026-05-14 10:37:00,846 | INFO | stage1 | Epoch 046 | train_loss=11.8293 | train_acc=0.9714 | test_loss=2.2716 | test_acc=0.8686
2026-05-14 10:37:13,606 | INFO | stage1 | Epoch 047 | train_loss=11.3278 | train_acc=0.9730 | test_loss=2.6821 | test_acc=0.8588
2026-05-14 10:37:26,890 | INFO | stage1 | Epoch 048 | train_loss=11.0469 | train_acc=0.9745 | test_loss=2.3704 | test_acc=0.9126
2026-05-14 10:37:38,947 | INFO | stage1 | Epoch 049 | train_loss=10.6981 | train_acc=0.9747 | test_loss=2.6212 | test_acc=0.9069
2026-05-14 10:37:50,295 | INFO | stage1 | Epoch 050 | train_loss=11.1433 | train_acc=0.9729 | test_loss=2.4901 | test_acc=0.8654
2026-05-14 10:38:03,825 | INFO | stage1 | Epoch 051 | train_loss=10.3152 | train_acc=0.9750 | test_loss=2.2603 | test_acc=0.8962
2026-05-14 10:38:17,175 | INFO | stage1 | Epoch 052 | train_loss=10.9015 | train_acc=0.9744 | test_loss=2.9140 | test_acc=0.8573
2026-05-14 10:38:29,704 | INFO | stage1 | Epoch 053 | train_loss=11.4254 | train_acc=0.9725 | test_loss=2.6858 | test_acc=0.8515
2026-05-14 10:38:42,488 | INFO | stage1 | Epoch 054 | train_loss=10.9185 | train_acc=0.9737 | test_loss=2.6298 | test_acc=0.8763
2026-05-14 10:38:56,908 | INFO | stage1 | Epoch 055 | train_loss=10.1391 | train_acc=0.9761 | test_loss=2.0190 | test_acc=0.9003
2026-05-14 10:39:10,479 | INFO | stage1 | Epoch 056 | train_loss=9.9605 | train_acc=0.9762 | test_loss=2.0543 | test_acc=0.9026
2026-05-14 10:39:24,318 | INFO | stage1 | Epoch 057 | train_loss=10.3842 | train_acc=0.9753 | test_loss=2.5280 | test_acc=0.8904
2026-05-14 10:39:38,163 | INFO | stage1 | Epoch 058 | train_loss=10.0561 | train_acc=0.9758 | test_loss=4.6531 | test_acc=0.7988
2026-05-14 10:39:52,839 | INFO | stage1 | Epoch 059 | train_loss=10.7608 | train_acc=0.9739 | test_loss=2.3308 | test_acc=0.8955
2026-05-14 10:40:05,994 | INFO | stage1 | Epoch 060 | train_loss=10.1478 | train_acc=0.9758 | test_loss=2.2201 | test_acc=0.8987
2026-05-14 10:40:17,596 | INFO | stage1 | Epoch 061 | train_loss=9.4090 | train_acc=0.9772 | test_loss=2.1309 | test_acc=0.8889
2026-05-14 10:40:29,239 | INFO | stage1 | Epoch 062 | train_loss=9.3501 | train_acc=0.9771 | test_loss=2.5723 | test_acc=0.8597
2026-05-14 10:40:41,118 | INFO | stage1 | Epoch 063 | train_loss=9.3874 | train_acc=0.9779 | test_loss=2.1005 | test_acc=0.8807
2026-05-14 10:40:53,326 | INFO | stage1 | Epoch 064 | train_loss=9.7464 | train_acc=0.9761 | test_loss=2.5274 | test_acc=0.8930
2026-05-14 10:41:05,912 | INFO | stage1 | Epoch 065 | train_loss=9.2808 | train_acc=0.9778 | test_loss=2.4805 | test_acc=0.8339
2026-05-14 10:41:18,727 | INFO | stage1 | Epoch 066 | train_loss=9.4041 | train_acc=0.9775 | test_loss=1.9768 | test_acc=0.8710
2026-05-14 10:41:31,509 | INFO | stage1 | Epoch 067 | train_loss=8.2801 | train_acc=0.9801 | test_loss=2.0951 | test_acc=0.8704
2026-05-14 10:41:45,213 | INFO | stage1 | Epoch 068 | train_loss=8.4850 | train_acc=0.9801 | test_loss=2.3812 | test_acc=0.8989
2026-05-14 10:41:58,828 | INFO | stage1 | Epoch 069 | train_loss=9.6697 | train_acc=0.9759 | test_loss=2.1138 | test_acc=0.9119
2026-05-14 10:42:11,355 | INFO | stage1 | Epoch 070 | train_loss=8.8508 | train_acc=0.9782 | test_loss=2.0380 | test_acc=0.8827
2026-05-14 10:42:25,166 | INFO | stage1 | Epoch 071 | train_loss=9.1861 | train_acc=0.9782 | test_loss=2.0937 | test_acc=0.8843
2026-05-14 10:42:37,367 | INFO | stage1 | Epoch 072 | train_loss=8.9591 | train_acc=0.9781 | test_loss=2.4783 | test_acc=0.8993
2026-05-14 10:42:50,252 | INFO | stage1 | Epoch 073 | train_loss=8.7186 | train_acc=0.9786 | test_loss=1.9714 | test_acc=0.9113
2026-05-14 10:43:02,707 | INFO | stage1 | Epoch 074 | train_loss=8.8672 | train_acc=0.9785 | test_loss=2.0640 | test_acc=0.8713
2026-05-14 10:43:16,707 | INFO | stage1 | Epoch 075 | train_loss=8.1360 | train_acc=0.9805 | test_loss=1.9994 | test_acc=0.8929
2026-05-14 10:43:30,205 | INFO | stage1 | Epoch 076 | train_loss=8.0766 | train_acc=0.9806 | test_loss=2.0611 | test_acc=0.9135
2026-05-14 10:43:43,122 | INFO | stage1 | Epoch 077 | train_loss=8.4819 | train_acc=0.9798 | test_loss=1.8892 | test_acc=0.9111
2026-05-14 10:43:57,536 | INFO | stage1 | Epoch 078 | train_loss=7.8834 | train_acc=0.9810 | test_loss=2.1859 | test_acc=0.8958
2026-05-14 10:44:10,370 | INFO | stage1 | Epoch 079 | train_loss=7.9282 | train_acc=0.9803 | test_loss=2.6107 | test_acc=0.8834
2026-05-14 10:44:22,903 | INFO | stage1 | Epoch 080 | train_loss=7.7050 | train_acc=0.9813 | test_loss=2.1397 | test_acc=0.9097
2026-05-14 10:44:34,463 | INFO | stage1 | Epoch 081 | train_loss=9.0641 | train_acc=0.9780 | test_loss=2.0719 | test_acc=0.9050
2026-05-14 10:44:46,513 | INFO | stage1 | Epoch 082 | train_loss=8.3752 | train_acc=0.9793 | test_loss=2.1295 | test_acc=0.8924
2026-05-14 10:44:57,777 | INFO | stage1 | Epoch 083 | train_loss=8.0370 | train_acc=0.9800 | test_loss=2.3777 | test_acc=0.9105
2026-05-14 10:45:10,800 | INFO | stage1 | Epoch 084 | train_loss=8.5359 | train_acc=0.9784 | test_loss=2.4466 | test_acc=0.9258
2026-05-14 10:45:24,658 | INFO | stage1 | Epoch 085 | train_loss=8.0647 | train_acc=0.9801 | test_loss=1.8910 | test_acc=0.9317
2026-05-14 10:45:38,099 | INFO | stage1 | Epoch 086 | train_loss=7.6931 | train_acc=0.9814 | test_loss=1.8771 | test_acc=0.9071
2026-05-14 10:45:52,195 | INFO | stage1 | Epoch 087 | train_loss=7.3650 | train_acc=0.9822 | test_loss=1.8479 | test_acc=0.8918
2026-05-14 10:46:05,979 | INFO | stage1 | Epoch 088 | train_loss=7.3077 | train_acc=0.9824 | test_loss=2.0042 | test_acc=0.9093
2026-05-14 10:46:18,755 | INFO | stage1 | Epoch 089 | train_loss=7.8879 | train_acc=0.9808 | test_loss=2.1618 | test_acc=0.9097
2026-05-14 10:46:31,465 | INFO | stage1 | Epoch 090 | train_loss=7.2864 | train_acc=0.9827 | test_loss=1.9481 | test_acc=0.8826
2026-05-14 10:46:44,878 | INFO | stage1 | Epoch 091 | train_loss=7.1882 | train_acc=0.9828 | test_loss=1.8903 | test_acc=0.9085
2026-05-14 10:46:56,219 | INFO | stage1 | Epoch 092 | train_loss=7.6958 | train_acc=0.9810 | test_loss=2.1066 | test_acc=0.9144
2026-05-14 10:47:07,737 | INFO | stage1 | Epoch 093 | train_loss=7.1608 | train_acc=0.9823 | test_loss=1.9934 | test_acc=0.9151
2026-05-14 10:47:19,420 | INFO | stage1 | Epoch 094 | train_loss=7.5364 | train_acc=0.9814 | test_loss=1.8311 | test_acc=0.9235
2026-05-14 10:47:31,449 | INFO | stage1 | Epoch 095 | train_loss=7.0142 | train_acc=0.9829 | test_loss=1.9076 | test_acc=0.9070
2026-05-14 10:47:44,249 | INFO | stage1 | Epoch 096 | train_loss=7.2290 | train_acc=0.9827 | test_loss=2.0299 | test_acc=0.9102
2026-05-14 10:47:57,106 | INFO | stage1 | Epoch 097 | train_loss=7.9707 | train_acc=0.9807 | test_loss=1.9047 | test_acc=0.9232
2026-05-14 10:48:08,740 | INFO | stage1 | Epoch 098 | train_loss=6.8063 | train_acc=0.9837 | test_loss=1.8789 | test_acc=0.9210
2026-05-14 10:48:20,523 | INFO | stage1 | Epoch 099 | train_loss=8.1793 | train_acc=0.9798 | test_loss=1.9801 | test_acc=0.8927
2026-05-14 10:48:32,907 | INFO | stage1 | Epoch 100 | train_loss=6.7860 | train_acc=0.9840 | test_loss=1.9258 | test_acc=0.9128
2026-05-14 10:48:45,062 | INFO | stage1 | Epoch 101 | train_loss=6.8766 | train_acc=0.9832 | test_loss=2.0364 | test_acc=0.9104
2026-05-14 10:48:57,782 | INFO | stage1 | Epoch 102 | train_loss=6.9966 | train_acc=0.9829 | test_loss=1.8676 | test_acc=0.9039
2026-05-14 10:49:09,119 | INFO | stage1 | Epoch 103 | train_loss=6.6068 | train_acc=0.9833 | test_loss=1.9266 | test_acc=0.9310
2026-05-14 10:49:20,937 | INFO | stage1 | Epoch 104 | train_loss=7.2744 | train_acc=0.9819 | test_loss=1.9292 | test_acc=0.9045
2026-05-14 10:49:34,227 | INFO | stage1 | Epoch 105 | train_loss=6.8399 | train_acc=0.9832 | test_loss=2.0020 | test_acc=0.9220
2026-05-14 10:49:46,257 | INFO | stage1 | Epoch 106 | train_loss=6.8296 | train_acc=0.9835 | test_loss=2.1724 | test_acc=0.9080
2026-05-14 10:49:57,873 | INFO | stage1 | Epoch 107 | train_loss=7.2532 | train_acc=0.9820 | test_loss=2.0612 | test_acc=0.9046
2026-05-14 10:50:10,870 | INFO | stage1 | Epoch 108 | train_loss=7.5017 | train_acc=0.9820 | test_loss=2.1933 | test_acc=0.8853
2026-05-14 10:50:24,402 | INFO | stage1 | Epoch 109 | train_loss=6.7608 | train_acc=0.9835 | test_loss=1.9666 | test_acc=0.9219
2026-05-14 10:50:36,688 | INFO | stage1 | Epoch 110 | train_loss=6.7899 | train_acc=0.9833 | test_loss=1.7984 | test_acc=0.9059
2026-05-14 10:50:49,931 | INFO | stage1 | Epoch 111 | train_loss=6.6863 | train_acc=0.9839 | test_loss=1.9503 | test_acc=0.9099
2026-05-14 10:51:01,976 | INFO | stage1 | Epoch 112 | train_loss=6.1997 | train_acc=0.9847 | test_loss=2.0825 | test_acc=0.8936
2026-05-14 10:51:14,040 | INFO | stage1 | Epoch 113 | train_loss=6.8031 | train_acc=0.9833 | test_loss=2.1908 | test_acc=0.8760
2026-05-14 10:51:28,452 | INFO | stage1 | Epoch 114 | train_loss=6.5723 | train_acc=0.9838 | test_loss=1.7506 | test_acc=0.9132
2026-05-14 10:51:42,693 | INFO | stage1 | Epoch 115 | train_loss=6.6539 | train_acc=0.9841 | test_loss=1.7957 | test_acc=0.9085
2026-05-14 10:51:56,663 | INFO | stage1 | Epoch 116 | train_loss=6.7321 | train_acc=0.9826 | test_loss=2.0356 | test_acc=0.9038
2026-05-14 10:52:10,242 | INFO | stage1 | Epoch 117 | train_loss=5.6325 | train_acc=0.9864 | test_loss=2.3050 | test_acc=0.8654
2026-05-14 10:52:23,172 | INFO | stage1 | Epoch 118 | train_loss=6.0768 | train_acc=0.9847 | test_loss=1.8650 | test_acc=0.9251
2026-05-14 10:52:36,180 | INFO | stage1 | Epoch 119 | train_loss=6.7036 | train_acc=0.9833 | test_loss=2.2236 | test_acc=0.8969
2026-05-14 10:52:48,569 | INFO | stage1 | Epoch 120 | train_loss=6.3494 | train_acc=0.9840 | test_loss=2.2788 | test_acc=0.8979
2026-05-14 10:53:02,619 | INFO | stage1 | Epoch 121 | train_loss=6.0217 | train_acc=0.9853 | test_loss=2.1783 | test_acc=0.9033
2026-05-14 10:53:16,139 | INFO | stage1 | Epoch 122 | train_loss=6.6677 | train_acc=0.9834 | test_loss=2.0342 | test_acc=0.9311
2026-05-14 10:53:27,425 | INFO | stage1 | Epoch 123 | train_loss=6.3825 | train_acc=0.9843 | test_loss=1.8864 | test_acc=0.9029
2026-05-14 10:53:38,912 | INFO | stage1 | Epoch 124 | train_loss=6.2445 | train_acc=0.9842 | test_loss=1.8021 | test_acc=0.8901
2026-05-14 10:53:50,505 | INFO | stage1 | Epoch 125 | train_loss=5.4069 | train_acc=0.9868 | test_loss=1.8996 | test_acc=0.9228
2026-05-14 10:54:03,753 | INFO | stage1 | Epoch 126 | train_loss=5.5182 | train_acc=0.9863 | test_loss=2.0791 | test_acc=0.8999
2026-05-14 10:54:16,331 | INFO | stage1 | Epoch 127 | train_loss=6.6385 | train_acc=0.9834 | test_loss=1.8414 | test_acc=0.9115
2026-05-14 10:54:29,944 | INFO | stage1 | Epoch 128 | train_loss=6.0515 | train_acc=0.9852 | test_loss=1.9370 | test_acc=0.9212
2026-05-14 10:54:41,744 | INFO | stage1 | Epoch 129 | train_loss=5.1649 | train_acc=0.9869 | test_loss=1.9201 | test_acc=0.9083
2026-05-14 10:54:54,312 | INFO | stage1 | Epoch 130 | train_loss=6.3247 | train_acc=0.9841 | test_loss=2.1049 | test_acc=0.9138
2026-05-14 10:55:08,478 | INFO | stage1 | Epoch 131 | train_loss=5.3347 | train_acc=0.9866 | test_loss=2.0154 | test_acc=0.9056
2026-05-14 10:55:20,493 | INFO | stage1 | Epoch 132 | train_loss=6.1037 | train_acc=0.9855 | test_loss=2.0443 | test_acc=0.9137
2026-05-14 10:55:34,089 | INFO | stage1 | Epoch 133 | train_loss=6.6767 | train_acc=0.9833 | test_loss=2.0450 | test_acc=0.9297
2026-05-14 10:55:47,411 | INFO | stage1 | Epoch 134 | train_loss=5.7230 | train_acc=0.9857 | test_loss=2.0921 | test_acc=0.9110
2026-05-14 10:55:59,633 | INFO | stage1 | Epoch 135 | train_loss=5.3927 | train_acc=0.9866 | test_loss=2.0301 | test_acc=0.9311
2026-05-14 10:56:11,680 | INFO | stage1 | Epoch 136 | train_loss=5.1264 | train_acc=0.9875 | test_loss=1.8453 | test_acc=0.9058
2026-05-14 10:56:24,156 | INFO | stage1 | Epoch 137 | train_loss=5.6581 | train_acc=0.9861 | test_loss=1.9616 | test_acc=0.9129
2026-05-14 10:56:35,883 | INFO | stage1 | Epoch 138 | train_loss=5.3729 | train_acc=0.9865 | test_loss=1.7293 | test_acc=0.9102
2026-05-14 10:56:49,218 | INFO | stage1 | Epoch 139 | train_loss=5.6226 | train_acc=0.9863 | test_loss=2.0723 | test_acc=0.8867
2026-05-14 10:57:03,149 | INFO | stage1 | Epoch 140 | train_loss=6.2092 | train_acc=0.9846 | test_loss=2.0174 | test_acc=0.8689
2026-05-14 10:57:16,953 | INFO | stage1 | Epoch 141 | train_loss=5.6655 | train_acc=0.9865 | test_loss=2.1026 | test_acc=0.8980
2026-05-14 10:57:29,518 | INFO | stage1 | Epoch 142 | train_loss=5.2429 | train_acc=0.9866 | test_loss=1.8141 | test_acc=0.8918
2026-05-14 10:57:43,131 | INFO | stage1 | Epoch 143 | train_loss=4.5404 | train_acc=0.9887 | test_loss=1.9603 | test_acc=0.9125
2026-05-14 10:57:55,161 | INFO | stage1 | Epoch 144 | train_loss=5.8491 | train_acc=0.9855 | test_loss=1.9666 | test_acc=0.8928
2026-05-14 10:58:08,025 | INFO | stage1 | Epoch 145 | train_loss=6.0101 | train_acc=0.9855 | test_loss=2.1570 | test_acc=0.9246
2026-05-14 10:58:20,005 | INFO | stage1 | Epoch 146 | train_loss=5.1668 | train_acc=0.9867 | test_loss=1.9586 | test_acc=0.9092
2026-05-14 10:58:31,830 | INFO | stage1 | Epoch 147 | train_loss=4.8437 | train_acc=0.9879 | test_loss=1.8435 | test_acc=0.9235
2026-05-14 10:58:43,449 | INFO | stage1 | Epoch 148 | train_loss=5.2184 | train_acc=0.9872 | test_loss=1.9585 | test_acc=0.9174
2026-05-14 10:58:57,582 | INFO | stage1 | Epoch 149 | train_loss=6.1431 | train_acc=0.9849 | test_loss=1.9788 | test_acc=0.8864
2026-05-14 10:59:10,065 | INFO | stage1 | Epoch 150 | train_loss=5.5431 | train_acc=0.9862 | test_loss=2.1679 | test_acc=0.8935
2026-05-14 10:59:22,258 | INFO | stage1 | Epoch 151 | train_loss=5.2913 | train_acc=0.9865 | test_loss=2.0254 | test_acc=0.8780
2026-05-14 10:59:34,596 | INFO | stage1 | Epoch 152 | train_loss=4.4177 | train_acc=0.9890 | test_loss=1.8623 | test_acc=0.9140
2026-05-14 10:59:46,117 | INFO | stage1 | Epoch 153 | train_loss=4.8788 | train_acc=0.9877 | test_loss=2.2135 | test_acc=0.9162
2026-05-14 10:59:57,845 | INFO | stage1 | Epoch 154 | train_loss=5.8087 | train_acc=0.9855 | test_loss=2.2956 | test_acc=0.9005
2026-05-14 11:00:09,703 | INFO | stage1 | Epoch 155 | train_loss=5.6885 | train_acc=0.9855 | test_loss=1.8206 | test_acc=0.9059
2026-05-14 11:00:22,268 | INFO | stage1 | Epoch 156 | train_loss=5.9136 | train_acc=0.9849 | test_loss=1.7450 | test_acc=0.9247
2026-05-14 11:00:34,379 | INFO | stage1 | Epoch 157 | train_loss=5.2387 | train_acc=0.9870 | test_loss=1.9678 | test_acc=0.9143
2026-05-14 11:00:47,239 | INFO | stage1 | Epoch 158 | train_loss=4.2672 | train_acc=0.9896 | test_loss=1.9781 | test_acc=0.9046
2026-05-14 11:00:59,637 | INFO | stage1 | Epoch 159 | train_loss=4.2373 | train_acc=0.9893 | test_loss=1.9274 | test_acc=0.9253
2026-05-14 11:01:12,261 | INFO | stage1 | Epoch 160 | train_loss=4.7748 | train_acc=0.9881 | test_loss=2.4306 | test_acc=0.9283
2026-05-14 11:01:25,218 | INFO | stage1 | Epoch 161 | train_loss=5.3873 | train_acc=0.9863 | test_loss=2.1697 | test_acc=0.9052
2026-05-14 11:01:38,451 | INFO | stage1 | Epoch 162 | train_loss=4.7731 | train_acc=0.9883 | test_loss=1.9301 | test_acc=0.9240
2026-05-14 11:01:50,929 | INFO | stage1 | Epoch 163 | train_loss=4.5000 | train_acc=0.9887 | test_loss=1.9433 | test_acc=0.9196
2026-05-14 11:02:03,236 | INFO | stage1 | Epoch 164 | train_loss=5.3311 | train_acc=0.9867 | test_loss=1.9857 | test_acc=0.9143
2026-05-14 11:02:16,320 | INFO | stage1 | Epoch 165 | train_loss=4.4042 | train_acc=0.9885 | test_loss=2.2215 | test_acc=0.8860
2026-05-14 11:02:31,895 | INFO | stage1 | Epoch 166 | train_loss=4.2597 | train_acc=0.9891 | test_loss=2.0003 | test_acc=0.9211
2026-05-14 11:02:44,022 | INFO | stage1 | Epoch 167 | train_loss=5.1285 | train_acc=0.9871 | test_loss=1.6282 | test_acc=0.9258
2026-05-14 11:02:57,138 | INFO | stage1 | Epoch 168 | train_loss=5.5836 | train_acc=0.9861 | test_loss=2.0468 | test_acc=0.8993
2026-05-14 11:03:09,760 | INFO | stage1 | Epoch 169 | train_loss=5.1176 | train_acc=0.9869 | test_loss=1.8782 | test_acc=0.9193
2026-05-14 11:03:22,640 | INFO | stage1 | Epoch 170 | train_loss=5.6245 | train_acc=0.9857 | test_loss=2.0424 | test_acc=0.9257
2026-05-14 11:03:34,377 | INFO | stage1 | Epoch 171 | train_loss=3.9514 | train_acc=0.9902 | test_loss=2.0554 | test_acc=0.9210
2026-05-14 11:03:46,781 | INFO | stage1 | Epoch 172 | train_loss=4.3357 | train_acc=0.9889 | test_loss=1.7264 | test_acc=0.9123
2026-05-14 11:03:58,748 | INFO | stage1 | Epoch 173 | train_loss=4.5221 | train_acc=0.9885 | test_loss=1.8398 | test_acc=0.9081
2026-05-14 11:04:12,064 | INFO | stage1 | Epoch 174 | train_loss=4.6490 | train_acc=0.9884 | test_loss=1.9578 | test_acc=0.9230
2026-05-14 11:04:26,877 | INFO | stage1 | Epoch 175 | train_loss=4.0633 | train_acc=0.9894 | test_loss=1.8322 | test_acc=0.9129
2026-05-14 11:04:41,643 | INFO | stage1 | Epoch 176 | train_loss=4.3603 | train_acc=0.9888 | test_loss=2.3082 | test_acc=0.9347
2026-05-14 11:04:55,339 | INFO | stage1 | Epoch 177 | train_loss=4.3897 | train_acc=0.9893 | test_loss=2.2707 | test_acc=0.9045
2026-05-14 11:05:07,649 | INFO | stage1 | Epoch 178 | train_loss=4.7820 | train_acc=0.9879 | test_loss=1.9673 | test_acc=0.9225
2026-05-14 11:05:20,415 | INFO | stage1 | Epoch 179 | train_loss=4.7565 | train_acc=0.9878 | test_loss=2.1635 | test_acc=0.9234
2026-05-14 11:05:32,977 | INFO | stage1 | Epoch 180 | train_loss=4.8694 | train_acc=0.9875 | test_loss=2.0096 | test_acc=0.9044
2026-05-14 11:05:45,425 | INFO | stage1 | Epoch 181 | train_loss=4.4785 | train_acc=0.9888 | test_loss=2.0374 | test_acc=0.9137
2026-05-14 11:05:58,050 | INFO | stage1 | Epoch 182 | train_loss=4.7949 | train_acc=0.9880 | test_loss=1.8947 | test_acc=0.9209
2026-05-14 11:06:09,841 | INFO | stage1 | Epoch 183 | train_loss=3.7801 | train_acc=0.9905 | test_loss=1.8279 | test_acc=0.9396
2026-05-14 11:06:23,436 | INFO | stage1 | Epoch 184 | train_loss=5.0976 | train_acc=0.9875 | test_loss=1.9635 | test_acc=0.9142
2026-05-14 11:06:35,679 | INFO | stage1 | Epoch 185 | train_loss=4.4968 | train_acc=0.9887 | test_loss=1.9849 | test_acc=0.9211
2026-05-14 11:06:47,992 | INFO | stage1 | Epoch 186 | train_loss=3.9183 | train_acc=0.9902 | test_loss=1.9023 | test_acc=0.9131
2026-05-14 11:07:00,364 | INFO | stage1 | Epoch 187 | train_loss=4.1372 | train_acc=0.9896 | test_loss=1.8166 | test_acc=0.9190
2026-05-14 11:07:12,654 | INFO | stage1 | Epoch 188 | train_loss=3.8675 | train_acc=0.9903 | test_loss=2.2418 | test_acc=0.8723
2026-05-14 11:07:24,467 | INFO | stage1 | Epoch 189 | train_loss=5.1720 | train_acc=0.9873 | test_loss=2.0407 | test_acc=0.9235
2026-05-14 11:07:37,297 | INFO | stage1 | Epoch 190 | train_loss=4.4212 | train_acc=0.9892 | test_loss=2.0570 | test_acc=0.9009
2026-05-14 11:07:50,267 | INFO | stage1 | Epoch 191 | train_loss=4.5692 | train_acc=0.9888 | test_loss=2.0813 | test_acc=0.8765
2026-05-14 11:08:03,846 | INFO | stage1 | Epoch 192 | train_loss=5.4425 | train_acc=0.9864 | test_loss=2.0456 | test_acc=0.9155
2026-05-14 11:08:18,525 | INFO | stage1 | Epoch 193 | train_loss=4.4462 | train_acc=0.9890 | test_loss=1.8441 | test_acc=0.9128
2026-05-14 11:08:30,138 | INFO | stage1 | Epoch 194 | train_loss=3.4341 | train_acc=0.9913 | test_loss=1.8334 | test_acc=0.9298
2026-05-14 11:08:41,996 | INFO | stage1 | Epoch 195 | train_loss=4.7903 | train_acc=0.9882 | test_loss=1.8291 | test_acc=0.9186
2026-05-14 11:08:55,732 | INFO | stage1 | Epoch 196 | train_loss=4.6295 | train_acc=0.9885 | test_loss=1.9969 | test_acc=0.8957
2026-05-14 11:09:08,855 | INFO | stage1 | Epoch 197 | train_loss=4.3193 | train_acc=0.9894 | test_loss=2.2164 | test_acc=0.8856
2026-05-14 11:09:20,448 | INFO | stage1 | Epoch 198 | train_loss=3.9164 | train_acc=0.9902 | test_loss=2.0385 | test_acc=0.8981
2026-05-14 11:09:32,610 | INFO | stage1 | Epoch 199 | train_loss=4.3951 | train_acc=0.9888 | test_loss=1.8534 | test_acc=0.9197
2026-05-14 11:09:43,989 | INFO | stage1 | Epoch 200 | train_loss=3.5798 | train_acc=0.9910 | test_loss=1.8201 | test_acc=0.9118
2026-05-14 11:09:55,702 | INFO | stage1 | Epoch 201 | train_loss=3.9946 | train_acc=0.9900 | test_loss=1.9690 | test_acc=0.9297
2026-05-14 11:10:07,316 | INFO | stage1 | Epoch 202 | train_loss=3.9659 | train_acc=0.9897 | test_loss=1.9810 | test_acc=0.9261
2026-05-14 11:10:20,708 | INFO | stage1 | Epoch 203 | train_loss=3.8029 | train_acc=0.9904 | test_loss=1.8403 | test_acc=0.9403
2026-05-14 11:10:32,525 | INFO | stage1 | Epoch 204 | train_loss=3.3705 | train_acc=0.9915 | test_loss=2.0052 | test_acc=0.9271
2026-05-14 11:10:44,823 | INFO | stage1 | Epoch 205 | train_loss=4.5944 | train_acc=0.9884 | test_loss=2.2653 | test_acc=0.8958
2026-05-14 11:10:56,559 | INFO | stage1 | Epoch 206 | train_loss=5.6978 | train_acc=0.9858 | test_loss=2.1653 | test_acc=0.9098
2026-05-14 11:11:09,690 | INFO | stage1 | Epoch 207 | train_loss=4.4607 | train_acc=0.9886 | test_loss=1.7601 | test_acc=0.9209
2026-05-14 11:11:22,232 | INFO | stage1 | Epoch 208 | train_loss=4.0235 | train_acc=0.9899 | test_loss=2.0474 | test_acc=0.9107
2026-05-14 11:11:34,563 | INFO | stage1 | Epoch 209 | train_loss=4.4234 | train_acc=0.9888 | test_loss=2.1941 | test_acc=0.9364
2026-05-14 11:11:48,049 | INFO | stage1 | Epoch 210 | train_loss=3.4690 | train_acc=0.9911 | test_loss=2.2489 | test_acc=0.9154
2026-05-14 11:12:02,228 | INFO | stage1 | Epoch 211 | train_loss=3.5024 | train_acc=0.9914 | test_loss=1.9839 | test_acc=0.9262
2026-05-14 11:12:15,419 | INFO | stage1 | Epoch 212 | train_loss=3.9933 | train_acc=0.9900 | test_loss=1.9988 | test_acc=0.9349
2026-05-14 11:12:27,468 | INFO | stage1 | Epoch 213 | train_loss=5.3677 | train_acc=0.9866 | test_loss=1.9111 | test_acc=0.9151
2026-05-14 11:12:39,805 | INFO | stage1 | Epoch 214 | train_loss=4.4023 | train_acc=0.9890 | test_loss=1.8156 | test_acc=0.9034
2026-05-14 11:12:52,171 | INFO | stage1 | Epoch 215 | train_loss=4.2103 | train_acc=0.9892 | test_loss=1.7290 | test_acc=0.9197
2026-05-14 11:13:04,417 | INFO | stage1 | Epoch 216 | train_loss=3.5031 | train_acc=0.9911 | test_loss=2.0213 | test_acc=0.9363
2026-05-14 11:13:16,223 | INFO | stage1 | Epoch 217 | train_loss=3.5755 | train_acc=0.9909 | test_loss=1.9092 | test_acc=0.9318
2026-05-14 11:13:28,291 | INFO | stage1 | Epoch 218 | train_loss=4.0534 | train_acc=0.9902 | test_loss=2.1369 | test_acc=0.9458
2026-05-14 11:13:40,512 | INFO | stage1 | Epoch 219 | train_loss=4.5989 | train_acc=0.9881 | test_loss=2.4380 | test_acc=0.9177
2026-05-14 11:13:52,746 | INFO | stage1 | Epoch 220 | train_loss=3.6533 | train_acc=0.9904 | test_loss=1.6623 | test_acc=0.9272
2026-05-14 11:14:06,516 | INFO | stage1 | Epoch 221 | train_loss=3.7618 | train_acc=0.9908 | test_loss=1.8688 | test_acc=0.9202
2026-05-14 11:14:18,767 | INFO | stage1 | Epoch 222 | train_loss=3.1678 | train_acc=0.9919 | test_loss=1.9606 | test_acc=0.9225
2026-05-14 11:14:31,268 | INFO | stage1 | Epoch 223 | train_loss=4.2232 | train_acc=0.9894 | test_loss=1.8358 | test_acc=0.9315
2026-05-14 11:14:43,097 | INFO | stage1 | Epoch 224 | train_loss=4.0908 | train_acc=0.9895 | test_loss=2.0593 | test_acc=0.9219
2026-05-14 11:14:54,479 | INFO | stage1 | Epoch 225 | train_loss=3.9678 | train_acc=0.9897 | test_loss=1.7835 | test_acc=0.9164
2026-05-14 11:15:07,419 | INFO | stage1 | Epoch 226 | train_loss=2.9266 | train_acc=0.9928 | test_loss=1.9468 | test_acc=0.9130
2026-05-14 11:15:19,315 | INFO | stage1 | Epoch 227 | train_loss=3.6468 | train_acc=0.9907 | test_loss=2.5977 | test_acc=0.9131
2026-05-14 11:15:30,844 | INFO | stage1 | Epoch 228 | train_loss=4.0262 | train_acc=0.9900 | test_loss=2.1498 | test_acc=0.8691
2026-05-14 11:15:42,290 | INFO | stage1 | Epoch 229 | train_loss=5.5077 | train_acc=0.9860 | test_loss=1.8316 | test_acc=0.9201
2026-05-14 11:15:53,632 | INFO | stage1 | Epoch 230 | train_loss=4.0798 | train_acc=0.9894 | test_loss=2.1377 | test_acc=0.9102
2026-05-14 11:16:06,811 | INFO | stage1 | Epoch 231 | train_loss=4.2349 | train_acc=0.9897 | test_loss=1.8567 | test_acc=0.9326
2026-05-14 11:16:19,186 | INFO | stage1 | Epoch 232 | train_loss=2.8324 | train_acc=0.9928 | test_loss=1.8841 | test_acc=0.9350
2026-05-14 11:16:31,942 | INFO | stage1 | Epoch 233 | train_loss=2.6201 | train_acc=0.9934 | test_loss=1.9652 | test_acc=0.9369
2026-05-14 11:16:43,919 | INFO | stage1 | Epoch 234 | train_loss=3.4687 | train_acc=0.9912 | test_loss=1.8729 | test_acc=0.9247
2026-05-14 11:16:56,584 | INFO | stage1 | Epoch 235 | train_loss=4.3646 | train_acc=0.9886 | test_loss=2.0458 | test_acc=0.9256
2026-05-14 11:17:07,940 | INFO | stage1 | Epoch 236 | train_loss=4.1232 | train_acc=0.9896 | test_loss=1.9335 | test_acc=0.9230
2026-05-14 11:17:19,545 | INFO | stage1 | Epoch 237 | train_loss=3.7380 | train_acc=0.9905 | test_loss=1.9308 | test_acc=0.8997
2026-05-14 11:17:31,253 | INFO | stage1 | Epoch 238 | train_loss=2.9339 | train_acc=0.9926 | test_loss=1.8482 | test_acc=0.9051
2026-05-14 11:17:43,769 | INFO | stage1 | Epoch 239 | train_loss=3.9303 | train_acc=0.9899 | test_loss=2.1115 | test_acc=0.8750
2026-05-14 11:17:57,327 | INFO | stage1 | Epoch 240 | train_loss=4.7948 | train_acc=0.9879 | test_loss=2.3342 | test_acc=0.8694
2026-05-14 11:18:10,834 | INFO | stage1 | Epoch 241 | train_loss=5.0625 | train_acc=0.9872 | test_loss=1.9143 | test_acc=0.9214
2026-05-14 11:18:22,182 | INFO | stage1 | Epoch 242 | train_loss=3.7282 | train_acc=0.9904 | test_loss=1.8287 | test_acc=0.9368
2026-05-14 11:18:33,757 | INFO | stage1 | Epoch 243 | train_loss=3.5993 | train_acc=0.9910 | test_loss=2.2174 | test_acc=0.9187
2026-05-14 11:18:45,059 | INFO | stage1 | Epoch 244 | train_loss=4.6619 | train_acc=0.9885 | test_loss=1.8256 | test_acc=0.9114
2026-05-14 11:18:56,428 | INFO | stage1 | Epoch 245 | train_loss=2.7080 | train_acc=0.9931 | test_loss=1.9405 | test_acc=0.9177
2026-05-14 11:19:08,314 | INFO | stage1 | Epoch 246 | train_loss=2.5058 | train_acc=0.9941 | test_loss=1.9113 | test_acc=0.9324
2026-05-14 11:19:21,422 | INFO | stage1 | Epoch 247 | train_loss=3.4854 | train_acc=0.9909 | test_loss=1.9320 | test_acc=0.9285
2026-05-14 11:19:33,488 | INFO | stage1 | Epoch 248 | train_loss=3.3652 | train_acc=0.9913 | test_loss=1.8052 | test_acc=0.9005
2026-05-14 11:19:45,657 | INFO | stage1 | Epoch 249 | train_loss=3.4233 | train_acc=0.9909 | test_loss=2.2493 | test_acc=0.9250
2026-05-14 11:19:58,131 | INFO | stage1 | Epoch 250 | train_loss=3.3768 | train_acc=0.9915 | test_loss=1.9793 | test_acc=0.9080
2026-05-14 11:20:11,959 | INFO | stage1 | Epoch 251 | train_loss=3.4337 | train_acc=0.9912 | test_loss=1.9952 | test_acc=0.9312
2026-05-14 11:20:23,740 | INFO | stage1 | Epoch 252 | train_loss=3.5287 | train_acc=0.9910 | test_loss=1.8139 | test_acc=0.9149
2026-05-14 11:20:37,768 | INFO | stage1 | Epoch 253 | train_loss=4.3081 | train_acc=0.9892 | test_loss=2.2624 | test_acc=0.8996
2026-05-14 11:20:50,837 | INFO | stage1 | Epoch 254 | train_loss=3.8185 | train_acc=0.9903 | test_loss=1.8785 | test_acc=0.9138
2026-05-14 11:21:03,999 | INFO | stage1 | Epoch 255 | train_loss=3.3020 | train_acc=0.9918 | test_loss=1.8503 | test_acc=0.9138
2026-05-14 11:21:15,410 | INFO | stage1 | Epoch 256 | train_loss=2.4765 | train_acc=0.9939 | test_loss=1.8137 | test_acc=0.9348
2026-05-14 11:21:27,157 | INFO | stage1 | Epoch 257 | train_loss=3.1187 | train_acc=0.9922 | test_loss=1.8005 | test_acc=0.9267
2026-05-14 11:21:39,877 | INFO | stage1 | Epoch 258 | train_loss=2.8775 | train_acc=0.9927 | test_loss=1.8279 | test_acc=0.9176
2026-05-14 11:21:52,082 | INFO | stage1 | Epoch 259 | train_loss=2.9000 | train_acc=0.9924 | test_loss=1.9871 | test_acc=0.9099
2026-05-14 11:22:04,394 | INFO | stage1 | Epoch 260 | train_loss=4.7694 | train_acc=0.9883 | test_loss=2.0820 | test_acc=0.8858
2026-05-14 11:22:16,535 | INFO | stage1 | Epoch 261 | train_loss=3.6142 | train_acc=0.9913 | test_loss=2.0434 | test_acc=0.8969
2026-05-14 11:22:28,783 | INFO | stage1 | Epoch 262 | train_loss=3.1319 | train_acc=0.9922 | test_loss=2.0403 | test_acc=0.9328
2026-05-14 11:22:40,135 | INFO | stage1 | Epoch 263 | train_loss=2.9014 | train_acc=0.9922 | test_loss=2.0572 | test_acc=0.9278
2026-05-14 11:22:52,724 | INFO | stage1 | Epoch 264 | train_loss=4.1334 | train_acc=0.9893 | test_loss=2.1531 | test_acc=0.8988
2026-05-14 11:23:05,045 | INFO | stage1 | Epoch 265 | train_loss=4.8357 | train_acc=0.9879 | test_loss=1.9737 | test_acc=0.9169
2026-05-14 11:23:17,801 | INFO | stage1 | Epoch 266 | train_loss=3.1554 | train_acc=0.9924 | test_loss=2.3944 | test_acc=0.9091
2026-05-14 11:23:29,625 | INFO | stage1 | Epoch 267 | train_loss=4.0914 | train_acc=0.9892 | test_loss=2.4295 | test_acc=0.8669
2026-05-14 11:23:41,639 | INFO | stage1 | Epoch 268 | train_loss=3.5200 | train_acc=0.9915 | test_loss=1.8908 | test_acc=0.9119
2026-05-14 11:23:53,078 | INFO | stage1 | Epoch 269 | train_loss=2.3803 | train_acc=0.9942 | test_loss=1.9785 | test_acc=0.9203
2026-05-14 11:24:06,337 | INFO | stage1 | Epoch 270 | train_loss=3.2194 | train_acc=0.9919 | test_loss=1.9061 | test_acc=0.9257
2026-05-14 11:24:17,756 | INFO | stage1 | Epoch 271 | train_loss=3.1949 | train_acc=0.9916 | test_loss=1.9369 | test_acc=0.8910
2026-05-14 11:24:29,803 | INFO | stage1 | Epoch 272 | train_loss=3.4167 | train_acc=0.9916 | test_loss=1.8441 | test_acc=0.9023
2026-05-14 11:24:42,141 | INFO | stage1 | Epoch 273 | train_loss=4.1959 | train_acc=0.9893 | test_loss=1.9143 | test_acc=0.9286
2026-05-14 11:24:54,156 | INFO | stage1 | Epoch 274 | train_loss=3.8006 | train_acc=0.9900 | test_loss=2.0955 | test_acc=0.9060
2026-05-14 11:25:06,253 | INFO | stage1 | Epoch 275 | train_loss=3.6222 | train_acc=0.9910 | test_loss=1.9732 | test_acc=0.9289
2026-05-14 11:25:18,144 | INFO | stage1 | Epoch 276 | train_loss=3.3360 | train_acc=0.9916 | test_loss=2.0097 | test_acc=0.9280
2026-05-14 11:25:29,630 | INFO | stage1 | Epoch 277 | train_loss=2.5612 | train_acc=0.9935 | test_loss=1.7427 | test_acc=0.9123
2026-05-14 11:25:41,178 | INFO | stage1 | Epoch 278 | train_loss=1.9951 | train_acc=0.9950 | test_loss=1.8216 | test_acc=0.9279
2026-05-14 11:25:52,597 | INFO | stage1 | Epoch 279 | train_loss=2.0072 | train_acc=0.9949 | test_loss=1.8229 | test_acc=0.9238
2026-05-14 11:26:05,837 | INFO | stage1 | Epoch 280 | train_loss=4.9484 | train_acc=0.9873 | test_loss=2.2873 | test_acc=0.8930
2026-05-14 11:26:18,199 | INFO | stage1 | Epoch 281 | train_loss=4.4414 | train_acc=0.9887 | test_loss=1.9455 | test_acc=0.9074
2026-05-14 11:26:30,370 | INFO | stage1 | Epoch 282 | train_loss=3.0926 | train_acc=0.9924 | test_loss=2.0741 | test_acc=0.9189
2026-05-14 11:26:42,182 | INFO | stage1 | Epoch 283 | train_loss=3.1885 | train_acc=0.9918 | test_loss=2.0583 | test_acc=0.9201
2026-05-14 11:26:54,964 | INFO | stage1 | Epoch 284 | train_loss=2.9033 | train_acc=0.9926 | test_loss=2.2379 | test_acc=0.8812
2026-05-14 11:27:06,913 | INFO | stage1 | Epoch 285 | train_loss=3.2104 | train_acc=0.9920 | test_loss=1.9276 | test_acc=0.9113
2026-05-14 11:27:18,999 | INFO | stage1 | Epoch 286 | train_loss=3.5657 | train_acc=0.9907 | test_loss=1.9490 | test_acc=0.9197
2026-05-14 11:27:30,961 | INFO | stage1 | Epoch 287 | train_loss=2.7489 | train_acc=0.9927 | test_loss=2.0223 | test_acc=0.9277
2026-05-14 11:27:43,566 | INFO | stage1 | Epoch 288 | train_loss=2.6742 | train_acc=0.9930 | test_loss=2.1067 | test_acc=0.9118
2026-05-14 11:27:57,169 | INFO | stage1 | Epoch 289 | train_loss=2.9117 | train_acc=0.9927 | test_loss=2.0282 | test_acc=0.9210
2026-05-14 11:28:08,705 | INFO | stage1 | Epoch 290 | train_loss=2.6033 | train_acc=0.9935 | test_loss=2.2260 | test_acc=0.9314
2026-05-14 11:28:21,066 | INFO | stage1 | Epoch 291 | train_loss=4.4388 | train_acc=0.9885 | test_loss=1.9435 | test_acc=0.9118
2026-05-14 11:28:33,181 | INFO | stage1 | Epoch 292 | train_loss=2.2924 | train_acc=0.9943 | test_loss=1.8892 | test_acc=0.9192
2026-05-14 11:28:46,639 | INFO | stage1 | Epoch 293 | train_loss=2.5708 | train_acc=0.9933 | test_loss=1.8449 | test_acc=0.9249
2026-05-14 11:28:59,493 | INFO | stage1 | Epoch 294 | train_loss=2.6130 | train_acc=0.9931 | test_loss=2.1721 | test_acc=0.9107
2026-05-14 11:29:11,405 | INFO | stage1 | Epoch 295 | train_loss=2.7087 | train_acc=0.9930 | test_loss=1.8912 | test_acc=0.9265
2026-05-14 11:29:22,809 | INFO | stage1 | Epoch 296 | train_loss=3.3949 | train_acc=0.9911 | test_loss=2.1364 | test_acc=0.9004
2026-05-14 11:29:35,246 | INFO | stage1 | Epoch 297 | train_loss=3.9848 | train_acc=0.9896 | test_loss=1.9023 | test_acc=0.9237
2026-05-14 11:29:48,172 | INFO | stage1 | Epoch 298 | train_loss=2.2125 | train_acc=0.9943 | test_loss=1.8671 | test_acc=0.9300
2026-05-14 11:29:59,741 | INFO | stage1 | Epoch 299 | train_loss=2.5745 | train_acc=0.9933 | test_loss=1.9554 | test_acc=0.9095
2026-05-14 11:30:11,922 | INFO | stage1 | Epoch 300 | train_loss=3.2100 | train_acc=0.9923 | test_loss=2.2561 | test_acc=0.9155
2026-05-14 11:30:19,904 | INFO | stage1 | Final train_eval_loss=3.4895 | train_eval_acc=0.9267
2026-05-14 11:30:19,916 | INFO | Saved stage-1 checkpoint: runs/l_mnist_pipeline_20260514_102656/gfr_lmnist_stage1_shared.pt
2026-05-14 11:30:22,275 | INFO | Stage-2 effective trainable params (recurrent-only target): 7434
2026-05-14 11:30:22,458 | INFO | LSTM match | hidden_size=30 | trainable_params=7510 | target_params=7434
2026-05-14 11:30:22,458 | INFO | RNN baseline | hidden_size=68 | trainable_params=7354
2026-05-14 11:30:22,458 | INFO | Parallel run GPU pool: [0, 1, 2, 3, 5]
2026-05-14 11:30:22,459 | INFO | Launching 15 repeated model runs with 5 worker(s). Progress JSON: runs/l_mnist_pipeline_20260514_102656/progress
2026-05-14 11:30:33,369 | INFO | SpawnProcess-1 | stage2_run1 | assigned_gpu=0 | seed=1234
2026-05-14 11:30:33,394 | INFO | SpawnProcess-2 | stage2_run5 | assigned_gpu=5 | seed=1238
2026-05-14 11:30:33,621 | INFO | SpawnProcess-2 | stage2_run5 | trainable_params=7434 | epochs=300
2026-05-14 11:30:33,747 | INFO | SpawnProcess-5 | stage2_run4 | assigned_gpu=3 | seed=1237
2026-05-14 11:30:33,938 | INFO | SpawnProcess-5 | stage2_run4 | trainable_params=7434 | epochs=300
2026-05-14 11:30:33,989 | INFO | SpawnProcess-4 | stage2_run3 | assigned_gpu=2 | seed=1236
2026-05-14 11:30:34,005 | INFO | SpawnProcess-3 | stage2_run2 | assigned_gpu=1 | seed=1235
2026-05-14 11:30:36,210 | INFO | SpawnProcess-3 | stage2_run2 | trainable_params=7434 | epochs=300
2026-05-14 11:30:36,211 | INFO | SpawnProcess-4 | stage2_run3 | trainable_params=7434 | epochs=300
2026-05-14 11:30:36,292 | INFO | SpawnProcess-1 | stage2_run1 | trainable_params=7434 | epochs=300
2026-05-14 11:30:52,636 | INFO | SpawnProcess-3 | stage2_run2 | Epoch 001 | train_loss=241.3993 | train_acc=0.3278 | test_loss=36.9746 | test_acc=0.3868
2026-05-14 11:30:59,503 | INFO | SpawnProcess-1 | stage2_run1 | Epoch 001 | train_loss=236.5164 | train_acc=0.3915 | test_loss=34.7598 | test_acc=0.5065
2026-05-14 11:31:00,052 | INFO | SpawnProcess-2 | stage2_run5 | Epoch 001 | train_loss=239.9209 | train_acc=0.4154 | test_loss=35.0159 | test_acc=0.5113
2026-05-14 11:31:00,805 | INFO | SpawnProcess-4 | stage2_run3 | Epoch 001 | train_loss=243.4929 | train_acc=0.3101 | test_loss=36.1174 | test_acc=0.3835
2026-05-14 11:31:05,250 | INFO | SpawnProcess-5 | stage2_run4 | Epoch 001 | train_loss=238.6688 | train_acc=0.3893 | test_loss=34.6552 | test_acc=0.4211
2026-05-14 11:31:07,373 | INFO | SpawnProcess-3 | stage2_run2 | Epoch 002 | train_loss=203.3485 | train_acc=0.5371 | test_loss=32.4822 | test_acc=0.5368
2026-05-14 11:31:23,139 | INFO | SpawnProcess-4 | stage2_run3 | Epoch 002 | train_loss=197.8610 | train_acc=0.6530 | test_loss=31.4768 | test_acc=0.5976
2026-05-14 11:31:23,186 | INFO | SpawnProcess-3 | stage2_run2 | Epoch 003 | train_loss=183.6644 | train_acc=0.6058 | test_loss=29.5578 | test_acc=0.6331
2026-05-14 11:31:29,325 | INFO | SpawnProcess-2 | stage2_run5 | Epoch 002 | train_loss=189.7498 | train_acc=0.7134 | test_loss=30.7633 | test_acc=0.6129
2026-05-14 11:31:30,659 | INFO | SpawnProcess-1 | stage2_run1 | Epoch 002 | train_loss=192.8753 | train_acc=0.6897 | test_loss=30.9276 | test_acc=0.6568
2026-05-14 11:31:36,994 | INFO | SpawnProcess-5 | stage2_run4 | Epoch 002 | train_loss=190.8103 | train_acc=0.6770 | test_loss=31.0408 | test_acc=0.5434
2026-05-14 11:31:39,927 | INFO | SpawnProcess-4 | stage2_run3 | Epoch 003 | train_loss=180.5113 | train_acc=0.7209 | test_loss=29.3353 | test_acc=0.6735
2026-05-14 11:31:42,424 | INFO | SpawnProcess-3 | stage2_run2 | Epoch 004 | train_loss=170.6124 | train_acc=0.6671 | test_loss=28.5732 | test_acc=0.6783
2026-05-14 11:31:57,108 | INFO | SpawnProcess-1 | stage2_run1 | Epoch 003 | train_loss=174.2426 | train_acc=0.7791 | test_loss=28.2350 | test_acc=0.7099
2026-05-14 11:31:59,205 | INFO | SpawnProcess-4 | stage2_run3 | Epoch 004 | train_loss=168.5742 | train_acc=0.7620 | test_loss=27.7166 | test_acc=0.7124
2026-05-14 11:32:02,638 | INFO | SpawnProcess-3 | stage2_run2 | Epoch 005 | train_loss=161.7550 | train_acc=0.7225 | test_loss=26.4562 | test_acc=0.7180
2026-05-14 11:32:03,464 | INFO | SpawnProcess-2 | stage2_run5 | Epoch 003 | train_loss=172.7952 | train_acc=0.7578 | test_loss=28.1499 | test_acc=0.6744
2026-05-14 11:32:07,543 | INFO | SpawnProcess-5 | stage2_run4 | Epoch 003 | train_loss=170.6229 | train_acc=0.7648 | test_loss=28.0161 | test_acc=0.6571
2026-05-14 11:32:20,185 | INFO | SpawnProcess-1 | stage2_run1 | Epoch 004 | train_loss=161.9755 | train_acc=0.8175 | test_loss=26.7102 | test_acc=0.7185
2026-05-14 11:32:29,322 | INFO | SpawnProcess-3 | stage2_run2 | Epoch 006 | train_loss=153.9611 | train_acc=0.7660 | test_loss=25.4284 | test_acc=0.7268
2026-05-14 11:32:30,351 | INFO | SpawnProcess-4 | stage2_run3 | Epoch 005 | train_loss=160.7385 | train_acc=0.7915 | test_loss=26.5583 | test_acc=0.7298
2026-05-14 11:32:35,440 | INFO | SpawnProcess-5 | stage2_run4 | Epoch 004 | train_loss=159.7364 | train_acc=0.8084 | test_loss=26.4763 | test_acc=0.6753
2026-05-14 11:32:40,621 | INFO | SpawnProcess-2 | stage2_run5 | Epoch 004 | train_loss=162.4281 | train_acc=0.8013 | test_loss=26.6465 | test_acc=0.6949
2026-05-14 11:32:43,155 | INFO | SpawnProcess-1 | stage2_run1 | Epoch 005 | train_loss=153.7255 | train_acc=0.8399 | test_loss=25.8301 | test_acc=0.7326
2026-05-14 11:32:50,560 | INFO | SpawnProcess-3 | stage2_run2 | Epoch 007 | train_loss=148.2777 | train_acc=0.7970 | test_loss=25.0364 | test_acc=0.7420
2026-05-14 11:32:56,941 | INFO | SpawnProcess-4 | stage2_run3 | Epoch 006 | train_loss=154.7833 | train_acc=0.8148 | test_loss=25.5176 | test_acc=0.7457
2026-05-14 11:33:01,621 | INFO | SpawnProcess-5 | stage2_run4 | Epoch 005 | train_loss=152.2456 | train_acc=0.8325 | test_loss=25.5031 | test_acc=0.6918
2026-05-14 11:33:04,557 | INFO | SpawnProcess-2 | stage2_run5 | Epoch 005 | train_loss=154.3751 | train_acc=0.8393 | test_loss=25.3442 | test_acc=0.7594
2026-05-14 11:33:10,564 | INFO | SpawnProcess-3 | stage2_run2 | Epoch 008 | train_loss=144.5039 | train_acc=0.8178 | test_loss=24.1094 | test_acc=0.7448
2026-05-14 11:33:12,416 | INFO | SpawnProcess-1 | stage2_run1 | Epoch 006 | train_loss=147.1797 | train_acc=0.8587 | test_loss=24.5143 | test_acc=0.7848
2026-05-14 11:33:17,310 | INFO | SpawnProcess-4 | stage2_run3 | Epoch 007 | train_loss=149.7078 | train_acc=0.8337 | test_loss=25.0775 | test_acc=0.7486
2026-05-14 11:33:20,945 | INFO | SpawnProcess-5 | stage2_run4 | Epoch 006 | train_loss=147.3788 | train_acc=0.8505 | test_loss=24.5153 | test_acc=0.7608
2026-05-14 11:33:28,664 | INFO | SpawnProcess-3 | stage2_run2 | Epoch 009 | train_loss=141.6874 | train_acc=0.8334 | test_loss=23.5926 | test_acc=0.7701
2026-05-14 11:33:35,261 | INFO | SpawnProcess-1 | stage2_run1 | Epoch 007 | train_loss=142.3803 | train_acc=0.8679 | test_loss=23.4999 | test_acc=0.8189
2026-05-14 11:33:37,200 | INFO | SpawnProcess-2 | stage2_run5 | Epoch 006 | train_loss=148.1052 | train_acc=0.8604 | test_loss=24.6672 | test_acc=0.7782
2026-05-14 11:33:38,740 | INFO | SpawnProcess-4 | stage2_run3 | Epoch 008 | train_loss=146.1794 | train_acc=0.8518 | test_loss=24.3768 | test_acc=0.7633
2026-05-14 11:33:46,066 | INFO | SpawnProcess-3 | stage2_run2 | Epoch 010 | train_loss=138.5578 | train_acc=0.8535 | test_loss=23.1574 | test_acc=0.8007
2026-05-14 11:33:50,033 | INFO | SpawnProcess-5 | stage2_run4 | Epoch 007 | train_loss=143.2338 | train_acc=0.8647 | test_loss=23.8971 | test_acc=0.7479
2026-05-14 11:33:50,733 | INFO | SpawnProcess-1 | stage2_run1 | Epoch 008 | train_loss=138.4861 | train_acc=0.8750 | test_loss=23.1102 | test_acc=0.8146
2026-05-14 11:34:07,166 | INFO | SpawnProcess-5 | stage2_run4 | Epoch 008 | train_loss=140.1920 | train_acc=0.8760 | test_loss=23.3982 | test_acc=0.7655
2026-05-14 11:34:07,840 | INFO | SpawnProcess-4 | stage2_run3 | Epoch 009 | train_loss=143.4065 | train_acc=0.8670 | test_loss=24.2877 | test_acc=0.7569
2026-05-14 11:34:08,682 | INFO | SpawnProcess-3 | stage2_run2 | Epoch 011 | train_loss=135.1844 | train_acc=0.8731 | test_loss=22.6364 | test_acc=0.7974
2026-05-14 11:34:12,480 | INFO | SpawnProcess-1 | stage2_run1 | Epoch 009 | train_loss=134.7219 | train_acc=0.8829 | test_loss=23.0417 | test_acc=0.8343
2026-05-14 11:34:14,527 | INFO | SpawnProcess-2 | stage2_run5 | Epoch 007 | train_loss=141.4338 | train_acc=0.8773 | test_loss=23.5942 | test_acc=0.8475
2026-05-14 11:34:25,321 | INFO | SpawnProcess-3 | stage2_run2 | Epoch 012 | train_loss=133.2840 | train_acc=0.8808 | test_loss=22.4296 | test_acc=0.7993
2026-05-14 11:34:30,586 | INFO | SpawnProcess-5 | stage2_run4 | Epoch 009 | train_loss=137.4980 | train_acc=0.8838 | test_loss=23.0142 | test_acc=0.7832
2026-05-14 11:34:36,065 | INFO | SpawnProcess-2 | stage2_run5 | Epoch 008 | train_loss=136.8731 | train_acc=0.8839 | test_loss=22.6044 | test_acc=0.8519
2026-05-14 11:34:39,022 | INFO | SpawnProcess-1 | stage2_run1 | Epoch 010 | train_loss=132.6869 | train_acc=0.8837 | test_loss=22.3186 | test_acc=0.8433
2026-05-14 11:34:40,019 | INFO | SpawnProcess-4 | stage2_run3 | Epoch 010 | train_loss=140.6271 | train_acc=0.8826 | test_loss=23.3697 | test_acc=0.8145
2026-05-14 11:34:48,073 | INFO | SpawnProcess-5 | stage2_run4 | Epoch 010 | train_loss=134.7551 | train_acc=0.8909 | test_loss=22.8235 | test_acc=0.7940
2026-05-14 11:34:50,338 | INFO | SpawnProcess-3 | stage2_run2 | Epoch 013 | train_loss=132.3907 | train_acc=0.8805 | test_loss=22.2389 | test_acc=0.8022
2026-05-14 11:34:54,959 | INFO | SpawnProcess-1 | stage2_run1 | Epoch 011 | train_loss=130.3160 | train_acc=0.8888 | test_loss=21.8291 | test_acc=0.8571
2026-05-14 11:35:09,258 | INFO | SpawnProcess-2 | stage2_run5 | Epoch 009 | train_loss=133.1881 | train_acc=0.8907 | test_loss=22.1785 | test_acc=0.8671
2026-05-14 11:35:12,638 | INFO | SpawnProcess-4 | stage2_run3 | Epoch 011 | train_loss=137.9678 | train_acc=0.8925 | test_loss=23.3707 | test_acc=0.8337
2026-05-14 11:35:13,564 | INFO | SpawnProcess-5 | stage2_run4 | Epoch 011 | train_loss=133.5918 | train_acc=0.8903 | test_loss=22.6993 | test_acc=0.8300
2026-05-14 11:35:17,142 | INFO | SpawnProcess-3 | stage2_run2 | Epoch 014 | train_loss=128.9694 | train_acc=0.8955 | test_loss=21.8464 | test_acc=0.8157
2026-05-14 11:35:19,583 | INFO | SpawnProcess-1 | stage2_run1 | Epoch 012 | train_loss=128.9528 | train_acc=0.8898 | test_loss=21.9306 | test_acc=0.8449
2026-05-14 11:35:36,173 | INFO | SpawnProcess-2 | stage2_run5 | Epoch 010 | train_loss=130.2661 | train_acc=0.8940 | test_loss=21.9914 | test_acc=0.8751
2026-05-14 11:35:40,213 | INFO | SpawnProcess-3 | stage2_run2 | Epoch 015 | train_loss=127.5006 | train_acc=0.8987 | test_loss=21.5168 | test_acc=0.8475
2026-05-14 11:35:40,405 | INFO | SpawnProcess-1 | stage2_run1 | Epoch 013 | train_loss=126.7669 | train_acc=0.8948 | test_loss=21.1603 | test_acc=0.8653
2026-05-14 11:35:43,972 | INFO | SpawnProcess-5 | stage2_run4 | Epoch 012 | train_loss=131.3841 | train_acc=0.8978 | test_loss=22.0731 | test_acc=0.8373
2026-05-14 11:35:46,320 | INFO | SpawnProcess-4 | stage2_run3 | Epoch 012 | train_loss=135.4995 | train_acc=0.8975 | test_loss=22.7624 | test_acc=0.8386
2026-05-14 11:36:01,688 | INFO | SpawnProcess-1 | stage2_run1 | Epoch 014 | train_loss=124.5301 | train_acc=0.8995 | test_loss=20.7923 | test_acc=0.8897
2026-05-14 11:36:02,613 | INFO | SpawnProcess-2 | stage2_run5 | Epoch 011 | train_loss=127.7715 | train_acc=0.8990 | test_loss=21.5891 | test_acc=0.8720
2026-05-14 11:36:04,181 | INFO | SpawnProcess-3 | stage2_run2 | Epoch 016 | train_loss=126.8690 | train_acc=0.8989 | test_loss=21.0340 | test_acc=0.8556
2026-05-14 11:36:14,341 | INFO | SpawnProcess-5 | stage2_run4 | Epoch 013 | train_loss=131.0238 | train_acc=0.8950 | test_loss=21.7743 | test_acc=0.8268
2026-05-14 11:36:15,222 | INFO | SpawnProcess-4 | stage2_run3 | Epoch 013 | train_loss=133.1972 | train_acc=0.9052 | test_loss=22.5048 | test_acc=0.8580
2026-05-14 11:36:20,456 | INFO | SpawnProcess-3 | stage2_run2 | Epoch 017 | train_loss=124.4093 | train_acc=0.9064 | test_loss=20.6171 | test_acc=0.8575
2026-05-14 11:36:23,765 | INFO | SpawnProcess-2 | stage2_run5 | Epoch 012 | train_loss=125.7659 | train_acc=0.9015 | test_loss=21.1664 | test_acc=0.8900
2026-05-14 11:36:27,910 | INFO | SpawnProcess-1 | stage2_run1 | Epoch 015 | train_loss=123.0561 | train_acc=0.9033 | test_loss=20.5016 | test_acc=0.9002
2026-05-14 11:36:36,972 | INFO | SpawnProcess-5 | stage2_run4 | Epoch 014 | train_loss=128.7145 | train_acc=0.9045 | test_loss=22.0349 | test_acc=0.8419
2026-05-14 11:36:38,105 | INFO | SpawnProcess-4 | stage2_run3 | Epoch 014 | train_loss=131.9472 | train_acc=0.9076 | test_loss=23.0417 | test_acc=0.8398
2026-05-14 11:36:47,230 | INFO | SpawnProcess-2 | stage2_run5 | Epoch 013 | train_loss=124.4012 | train_acc=0.9029 | test_loss=21.1153 | test_acc=0.8839
2026-05-14 11:36:48,073 | INFO | SpawnProcess-1 | stage2_run1 | Epoch 016 | train_loss=122.1693 | train_acc=0.9032 | test_loss=20.7926 | test_acc=0.8833
2026-05-14 11:36:52,671 | INFO | SpawnProcess-3 | stage2_run2 | Epoch 018 | train_loss=122.1982 | train_acc=0.9109 | test_loss=20.5192 | test_acc=0.8670
2026-05-14 11:36:58,503 | INFO | SpawnProcess-5 | stage2_run4 | Epoch 015 | train_loss=127.4982 | train_acc=0.9069 | test_loss=21.3378 | test_acc=0.8502
2026-05-14 11:37:06,684 | INFO | SpawnProcess-1 | stage2_run1 | Epoch 017 | train_loss=120.7988 | train_acc=0.9064 | test_loss=20.2392 | test_acc=0.9021
2026-05-14 11:37:06,750 | INFO | SpawnProcess-4 | stage2_run3 | Epoch 015 | train_loss=131.2996 | train_acc=0.9062 | test_loss=21.8101 | test_acc=0.8828
2026-05-14 11:37:12,722 | INFO | SpawnProcess-2 | stage2_run5 | Epoch 014 | train_loss=122.4331 | train_acc=0.9082 | test_loss=20.4526 | test_acc=0.9015
2026-05-14 11:37:17,843 | INFO | SpawnProcess-3 | stage2_run2 | Epoch 019 | train_loss=122.1186 | train_acc=0.9070 | test_loss=20.8862 | test_acc=0.8238
2026-05-14 11:37:28,954 | INFO | SpawnProcess-5 | stage2_run4 | Epoch 016 | train_loss=127.5783 | train_acc=0.9042 | test_loss=21.4617 | test_acc=0.8395
2026-05-14 11:37:34,084 | INFO | SpawnProcess-3 | stage2_run2 | Epoch 020 | train_loss=121.3571 | train_acc=0.9082 | test_loss=20.1521 | test_acc=0.8764
2026-05-14 11:37:35,477 | INFO | SpawnProcess-1 | stage2_run1 | Epoch 018 | train_loss=119.7577 | train_acc=0.9093 | test_loss=20.5223 | test_acc=0.8914
2026-05-14 11:37:35,888 | INFO | SpawnProcess-2 | stage2_run5 | Epoch 015 | train_loss=121.6570 | train_acc=0.9082 | test_loss=20.7696 | test_acc=0.8913
2026-05-14 11:37:37,070 | INFO | SpawnProcess-4 | stage2_run3 | Epoch 016 | train_loss=128.7894 | train_acc=0.9150 | test_loss=21.6058 | test_acc=0.8798
2026-05-14 11:37:50,733 | INFO | SpawnProcess-5 | stage2_run4 | Epoch 017 | train_loss=125.8157 | train_acc=0.9117 | test_loss=21.6805 | test_acc=0.8259
2026-05-14 11:37:59,841 | INFO | SpawnProcess-3 | stage2_run2 | Epoch 021 | train_loss=119.3782 | train_acc=0.9153 | test_loss=20.1482 | test_acc=0.8723
2026-05-14 11:38:01,975 | INFO | SpawnProcess-1 | stage2_run1 | Epoch 019 | train_loss=119.4409 | train_acc=0.9082 | test_loss=20.6791 | test_acc=0.8940
2026-05-14 11:38:10,207 | INFO | SpawnProcess-4 | stage2_run3 | Epoch 017 | train_loss=127.3469 | train_acc=0.9181 | test_loss=21.3479 | test_acc=0.8754
2026-05-14 11:38:11,896 | INFO | SpawnProcess-2 | stage2_run5 | Epoch 016 | train_loss=120.7274 | train_acc=0.9094 | test_loss=20.1948 | test_acc=0.9042
2026-05-14 11:38:18,180 | INFO | SpawnProcess-5 | stage2_run4 | Epoch 018 | train_loss=124.9156 | train_acc=0.9134 | test_loss=22.2704 | test_acc=0.8226
2026-05-14 11:38:25,063 | INFO | SpawnProcess-1 | stage2_run1 | Epoch 020 | train_loss=119.0999 | train_acc=0.9083 | test_loss=20.0777 | test_acc=0.9028
2026-05-14 11:38:26,570 | INFO | SpawnProcess-3 | stage2_run2 | Epoch 022 | train_loss=119.3905 | train_acc=0.9126 | test_loss=19.9592 | test_acc=0.8541
2026-05-14 11:38:39,853 | INFO | SpawnProcess-2 | stage2_run5 | Epoch 017 | train_loss=119.3560 | train_acc=0.9135 | test_loss=20.2752 | test_acc=0.9039
2026-05-14 11:38:40,987 | INFO | SpawnProcess-4 | stage2_run3 | Epoch 018 | train_loss=126.8528 | train_acc=0.9172 | test_loss=21.1895 | test_acc=0.9000
2026-05-14 11:38:41,683 | INFO | SpawnProcess-3 | stage2_run2 | Epoch 023 | train_loss=118.7619 | train_acc=0.9142 | test_loss=20.0867 | test_acc=0.8707
2026-05-14 11:38:45,020 | INFO | SpawnProcess-5 | stage2_run4 | Epoch 019 | train_loss=124.2662 | train_acc=0.9117 | test_loss=20.6567 | test_acc=0.8733
2026-05-14 11:38:50,859 | INFO | SpawnProcess-1 | stage2_run1 | Epoch 021 | train_loss=118.1941 | train_acc=0.9100 | test_loss=20.3167 | test_acc=0.8810
2026-05-14 11:39:02,492 | INFO | SpawnProcess-4 | stage2_run3 | Epoch 019 | train_loss=125.8858 | train_acc=0.9204 | test_loss=21.1664 | test_acc=0.8877
2026-05-14 11:39:05,918 | INFO | SpawnProcess-1 | stage2_run1 | Epoch 022 | train_loss=117.5719 | train_acc=0.9122 | test_loss=19.7523 | test_acc=0.9089
2026-05-14 11:39:06,816 | INFO | SpawnProcess-3 | stage2_run2 | Epoch 024 | train_loss=117.9258 | train_acc=0.9171 | test_loss=19.6672 | test_acc=0.8907
2026-05-14 11:39:07,509 | INFO | SpawnProcess-5 | stage2_run4 | Epoch 020 | train_loss=122.8609 | train_acc=0.9157 | test_loss=20.6555 | test_acc=0.8872
2026-05-14 11:39:09,457 | INFO | SpawnProcess-2 | stage2_run5 | Epoch 018 | train_loss=119.1011 | train_acc=0.9120 | test_loss=20.6484 | test_acc=0.8925
2026-05-14 11:39:23,914 | INFO | SpawnProcess-1 | stage2_run1 | Epoch 023 | train_loss=116.3790 | train_acc=0.9148 | test_loss=20.3694 | test_acc=0.8921
2026-05-14 11:39:28,861 | INFO | SpawnProcess-2 | stage2_run5 | Epoch 019 | train_loss=118.0269 | train_acc=0.9159 | test_loss=20.5108 | test_acc=0.8929
2026-05-14 11:39:29,156 | INFO | SpawnProcess-4 | stage2_run3 | Epoch 020 | train_loss=124.9061 | train_acc=0.9228 | test_loss=21.1011 | test_acc=0.9060
2026-05-14 11:39:38,426 | INFO | SpawnProcess-5 | stage2_run4 | Epoch 021 | train_loss=122.1258 | train_acc=0.9172 | test_loss=20.6359 | test_acc=0.8981
2026-05-14 11:39:38,960 | INFO | SpawnProcess-3 | stage2_run2 | Epoch 025 | train_loss=116.8784 | train_acc=0.9205 | test_loss=19.6830 | test_acc=0.8720
2026-05-14 11:39:45,276 | INFO | SpawnProcess-1 | stage2_run1 | Epoch 024 | train_loss=116.4749 | train_acc=0.9135 | test_loss=20.0291 | test_acc=0.8944
2026-05-14 11:39:48,512 | INFO | SpawnProcess-2 | stage2_run5 | Epoch 020 | train_loss=117.6664 | train_acc=0.9151 | test_loss=20.0691 | test_acc=0.9027
2026-05-14 11:39:55,061 | INFO | SpawnProcess-4 | stage2_run3 | Epoch 021 | train_loss=124.8329 | train_acc=0.9207 | test_loss=21.0598 | test_acc=0.8932
2026-05-14 11:40:04,168 | INFO | SpawnProcess-5 | stage2_run4 | Epoch 022 | train_loss=121.3443 | train_acc=0.9196 | test_loss=21.9102 | test_acc=0.8374
2026-05-14 11:40:06,086 | INFO | SpawnProcess-3 | stage2_run2 | Epoch 026 | train_loss=116.6562 | train_acc=0.9206 | test_loss=19.5912 | test_acc=0.9083
2026-05-14 11:40:11,454 | INFO | SpawnProcess-1 | stage2_run1 | Epoch 025 | train_loss=115.4600 | train_acc=0.9167 | test_loss=19.2576 | test_acc=0.9224
2026-05-14 11:40:12,355 | INFO | SpawnProcess-4 | stage2_run3 | Epoch 022 | train_loss=122.9496 | train_acc=0.9276 | test_loss=20.8233 | test_acc=0.8973
2026-05-14 11:40:17,520 | INFO | SpawnProcess-2 | stage2_run5 | Epoch 021 | train_loss=115.9819 | train_acc=0.9194 | test_loss=19.6188 | test_acc=0.9147
2026-05-14 11:40:26,012 | INFO | SpawnProcess-5 | stage2_run4 | Epoch 023 | train_loss=121.1266 | train_acc=0.9176 | test_loss=20.1793 | test_acc=0.8925
2026-05-14 11:40:32,801 | INFO | SpawnProcess-1 | stage2_run1 | Epoch 026 | train_loss=115.1533 | train_acc=0.9162 | test_loss=19.4780 | test_acc=0.9100
2026-05-14 11:40:33,020 | INFO | SpawnProcess-3 | stage2_run2 | Epoch 027 | train_loss=115.7604 | train_acc=0.9233 | test_loss=19.3518 | test_acc=0.9034
2026-05-14 11:40:41,471 | INFO | SpawnProcess-2 | stage2_run5 | Epoch 022 | train_loss=115.2884 | train_acc=0.9209 | test_loss=19.3702 | test_acc=0.9202
2026-05-14 11:40:48,552 | INFO | SpawnProcess-4 | stage2_run3 | Epoch 023 | train_loss=123.0191 | train_acc=0.9253 | test_loss=20.6093 | test_acc=0.9148
2026-05-14 11:40:49,531 | INFO | SpawnProcess-1 | stage2_run1 | Epoch 027 | train_loss=114.5520 | train_acc=0.9184 | test_loss=19.4602 | test_acc=0.9200
2026-05-14 11:41:04,344 | INFO | SpawnProcess-5 | stage2_run4 | Epoch 024 | train_loss=120.5643 | train_acc=0.9194 | test_loss=20.4298 | test_acc=0.8886
2026-05-14 11:41:04,703 | INFO | SpawnProcess-1 | stage2_run1 | Epoch 028 | train_loss=113.8780 | train_acc=0.9207 | test_loss=19.6056 | test_acc=0.9087
2026-05-14 11:41:08,163 | INFO | SpawnProcess-3 | stage2_run2 | Epoch 028 | train_loss=114.6638 | train_acc=0.9279 | test_loss=19.3983 | test_acc=0.8951
2026-05-14 11:41:13,785 | INFO | SpawnProcess-2 | stage2_run5 | Epoch 023 | train_loss=115.0251 | train_acc=0.9209 | test_loss=19.5680 | test_acc=0.9116
2026-05-14 11:41:22,367 | INFO | SpawnProcess-4 | stage2_run3 | Epoch 024 | train_loss=121.4039 | train_acc=0.9297 | test_loss=21.2883 | test_acc=0.9003
2026-05-14 11:41:22,887 | INFO | SpawnProcess-1 | stage2_run1 | Epoch 029 | train_loss=113.8214 | train_acc=0.9194 | test_loss=19.5356 | test_acc=0.9042
2026-05-14 11:41:30,776 | INFO | SpawnProcess-2 | stage2_run5 | Epoch 024 | train_loss=113.8892 | train_acc=0.9253 | test_loss=19.2186 | test_acc=0.9254
2026-05-14 11:41:32,125 | INFO | SpawnProcess-3 | stage2_run2 | Epoch 029 | train_loss=114.6294 | train_acc=0.9268 | test_loss=19.5033 | test_acc=0.9137
2026-05-14 11:41:38,240 | INFO | SpawnProcess-5 | stage2_run4 | Epoch 025 | train_loss=120.1708 | train_acc=0.9193 | test_loss=20.3661 | test_acc=0.9001
2026-05-14 11:41:41,790 | INFO | SpawnProcess-1 | stage2_run1 | Epoch 030 | train_loss=112.9358 | train_acc=0.9224 | test_loss=19.5876 | test_acc=0.9049
2026-05-14 11:41:47,563 | INFO | SpawnProcess-3 | stage2_run2 | Epoch 030 | train_loss=114.0782 | train_acc=0.9287 | test_loss=19.3410 | test_acc=0.8984
2026-05-14 11:41:48,663 | INFO | SpawnProcess-4 | stage2_run3 | Epoch 025 | train_loss=121.9310 | train_acc=0.9255 | test_loss=20.5616 | test_acc=0.9133
2026-05-14 11:41:56,830 | INFO | SpawnProcess-2 | stage2_run5 | Epoch 025 | train_loss=114.4540 | train_acc=0.9209 | test_loss=19.2307 | test_acc=0.9165
2026-05-14 11:42:02,461 | INFO | SpawnProcess-5 | stage2_run4 | Epoch 026 | train_loss=118.8570 | train_acc=0.9242 | test_loss=19.9695 | test_acc=0.9110
2026-05-14 11:42:02,481 | INFO | SpawnProcess-1 | stage2_run1 | Epoch 031 | train_loss=112.8656 | train_acc=0.9215 | test_loss=18.9687 | test_acc=0.9201
2026-05-14 11:42:12,451 | INFO | SpawnProcess-3 | stage2_run2 | Epoch 031 | train_loss=114.5936 | train_acc=0.9245 | test_loss=19.2742 | test_acc=0.9017
2026-05-14 11:42:14,960 | INFO | SpawnProcess-4 | stage2_run3 | Epoch 026 | train_loss=120.5322 | train_acc=0.9309 | test_loss=20.2532 | test_acc=0.9222
2026-05-14 11:42:18,251 | INFO | SpawnProcess-1 | stage2_run1 | Epoch 032 | train_loss=110.7707 | train_acc=0.9294 | test_loss=18.9082 | test_acc=0.9210
2026-05-14 11:42:20,802 | INFO | SpawnProcess-5 | stage2_run4 | Epoch 027 | train_loss=118.1220 | train_acc=0.9250 | test_loss=20.2482 | test_acc=0.9013
2026-05-14 11:42:27,480 | INFO | SpawnProcess-2 | stage2_run5 | Epoch 026 | train_loss=113.5236 | train_acc=0.9240 | test_loss=19.3170 | test_acc=0.9160
2026-05-14 11:42:34,671 | INFO | SpawnProcess-3 | stage2_run2 | Epoch 032 | train_loss=113.7711 | train_acc=0.9281 | test_loss=19.2572 | test_acc=0.9184
2026-05-14 11:42:36,033 | INFO | SpawnProcess-5 | stage2_run4 | Epoch 028 | train_loss=118.1709 | train_acc=0.9247 | test_loss=20.0275 | test_acc=0.8887
2026-05-14 11:42:37,769 | INFO | SpawnProcess-1 | stage2_run1 | Epoch 033 | train_loss=111.1234 | train_acc=0.9257 | test_loss=18.5947 | test_acc=0.9279
2026-05-14 11:42:44,512 | INFO | SpawnProcess-2 | stage2_run5 | Epoch 027 | train_loss=112.7483 | train_acc=0.9255 | test_loss=19.7946 | test_acc=0.9101
2026-05-14 11:42:50,847 | INFO | SpawnProcess-4 | stage2_run3 | Epoch 027 | train_loss=119.7640 | train_acc=0.9325 | test_loss=20.2767 | test_acc=0.9127
2026-05-14 11:42:53,432 | INFO | SpawnProcess-1 | stage2_run1 | Epoch 034 | train_loss=110.9751 | train_acc=0.9252 | test_loss=19.0378 | test_acc=0.9133
2026-05-14 11:42:59,760 | INFO | SpawnProcess-5 | stage2_run4 | Epoch 029 | train_loss=116.9332 | train_acc=0.9298 | test_loss=20.3566 | test_acc=0.8830
2026-05-14 11:43:03,303 | INFO | SpawnProcess-3 | stage2_run2 | Epoch 033 | train_loss=114.1502 | train_acc=0.9256 | test_loss=19.1316 | test_acc=0.9261
2026-05-14 11:43:11,690 | INFO | SpawnProcess-2 | stage2_run5 | Epoch 028 | train_loss=112.7311 | train_acc=0.9254 | test_loss=19.0941 | test_acc=0.9217
2026-05-14 11:43:14,908 | INFO | SpawnProcess-4 | stage2_run3 | Epoch 028 | train_loss=120.1739 | train_acc=0.9291 | test_loss=20.2534 | test_acc=0.9129
2026-05-14 11:43:15,935 | INFO | SpawnProcess-1 | stage2_run1 | Epoch 035 | train_loss=111.1752 | train_acc=0.9225 | test_loss=18.6587 | test_acc=0.9270
2026-05-14 11:43:21,045 | INFO | SpawnProcess-5 | stage2_run4 | Epoch 030 | train_loss=117.6792 | train_acc=0.9245 | test_loss=19.6163 | test_acc=0.8978
2026-05-14 11:43:31,888 | INFO | SpawnProcess-3 | stage2_run2 | Epoch 034 | train_loss=112.9011 | train_acc=0.9313 | test_loss=19.5980 | test_acc=0.9166
2026-05-14 11:43:38,203 | INFO | SpawnProcess-1 | stage2_run1 | Epoch 036 | train_loss=110.0854 | train_acc=0.9267 | test_loss=19.0860 | test_acc=0.9114
2026-05-14 11:43:38,665 | INFO | SpawnProcess-5 | stage2_run4 | Epoch 031 | train_loss=116.6036 | train_acc=0.9290 | test_loss=20.1369 | test_acc=0.8869
2026-05-14 11:43:42,594 | INFO | SpawnProcess-2 | stage2_run5 | Epoch 029 | train_loss=113.4223 | train_acc=0.9210 | test_loss=19.3013 | test_acc=0.9102
2026-05-14 11:43:46,416 | INFO | SpawnProcess-4 | stage2_run3 | Epoch 029 | train_loss=119.7380 | train_acc=0.9300 | test_loss=20.0174 | test_acc=0.9198
2026-05-14 11:43:54,979 | INFO | SpawnProcess-3 | stage2_run2 | Epoch 035 | train_loss=113.4308 | train_acc=0.9284 | test_loss=18.9898 | test_acc=0.9163
2026-05-14 11:44:10,339 | INFO | SpawnProcess-3 | stage2_run2 | Epoch 036 | train_loss=112.5346 | train_acc=0.9317 | test_loss=18.8389 | test_acc=0.9305
2026-05-14 11:44:11,817 | INFO | SpawnProcess-1 | stage2_run1 | Epoch 037 | train_loss=109.6208 | train_acc=0.9281 | test_loss=18.3490 | test_acc=0.9319
2026-05-14 11:44:13,258 | INFO | SpawnProcess-5 | stage2_run4 | Epoch 032 | train_loss=117.6253 | train_acc=0.9234 | test_loss=20.0098 | test_acc=0.8966
2026-05-14 11:44:16,703 | INFO | SpawnProcess-2 | stage2_run5 | Epoch 030 | train_loss=112.4200 | train_acc=0.9250 | test_loss=19.0460 | test_acc=0.9214
2026-05-14 11:44:17,463 | INFO | SpawnProcess-4 | stage2_run3 | Epoch 030 | train_loss=118.5899 | train_acc=0.9344 | test_loss=20.3284 | test_acc=0.9152
2026-05-14 11:44:29,920 | INFO | SpawnProcess-1 | stage2_run1 | Epoch 038 | train_loss=109.2437 | train_acc=0.9284 | test_loss=18.6211 | test_acc=0.9210
2026-05-14 11:44:30,118 | INFO | SpawnProcess-5 | stage2_run4 | Epoch 033 | train_loss=116.4635 | train_acc=0.9281 | test_loss=20.9366 | test_acc=0.8655
2026-05-14 11:44:34,758 | INFO | SpawnProcess-3 | stage2_run2 | Epoch 037 | train_loss=111.8285 | train_acc=0.9345 | test_loss=19.0816 | test_acc=0.8958
2026-05-14 11:44:45,351 | INFO | SpawnProcess-5 | stage2_run4 | Epoch 034 | train_loss=117.0390 | train_acc=0.9245 | test_loss=20.4995 | test_acc=0.8664
2026-05-14 11:44:47,840 | INFO | SpawnProcess-4 | stage2_run3 | Epoch 031 | train_loss=118.9338 | train_acc=0.9310 | test_loss=20.1595 | test_acc=0.9110
2026-05-14 11:44:52,358 | INFO | SpawnProcess-3 | stage2_run2 | Epoch 038 | train_loss=111.6513 | train_acc=0.9336 | test_loss=18.7905 | test_acc=0.9284
2026-05-14 11:44:54,306 | INFO | SpawnProcess-2 | stage2_run5 | Epoch 031 | train_loss=112.0561 | train_acc=0.9254 | test_loss=19.3447 | test_acc=0.9123
2026-05-14 11:44:54,962 | INFO | SpawnProcess-1 | stage2_run1 | Epoch 039 | train_loss=109.5766 | train_acc=0.9266 | test_loss=18.5865 | test_acc=0.9238
2026-05-14 11:45:09,919 | INFO | SpawnProcess-5 | stage2_run4 | Epoch 035 | train_loss=115.8507 | train_acc=0.9293 | test_loss=19.9522 | test_acc=0.9047
2026-05-14 11:45:10,879 | INFO | SpawnProcess-4 | stage2_run3 | Epoch 032 | train_loss=117.9745 | train_acc=0.9345 | test_loss=19.9767 | test_acc=0.9281
2026-05-14 11:45:14,471 | INFO | SpawnProcess-1 | stage2_run1 | Epoch 040 | train_loss=108.7334 | train_acc=0.9299 | test_loss=18.4171 | test_acc=0.9272
2026-05-14 11:45:17,505 | INFO | SpawnProcess-3 | stage2_run2 | Epoch 039 | train_loss=112.5515 | train_acc=0.9295 | test_loss=18.9796 | test_acc=0.8956
2026-05-14 11:45:20,778 | INFO | SpawnProcess-2 | stage2_run5 | Epoch 032 | train_loss=111.6066 | train_acc=0.9272 | test_loss=18.8216 | test_acc=0.9296
2026-05-14 11:45:25,310 | INFO | SpawnProcess-5 | stage2_run4 | Epoch 036 | train_loss=114.6514 | train_acc=0.9346 | test_loss=19.6403 | test_acc=0.9052
2026-05-14 11:45:35,717 | INFO | SpawnProcess-3 | stage2_run2 | Epoch 040 | train_loss=110.9031 | train_acc=0.9371 | test_loss=18.9356 | test_acc=0.9287
2026-05-14 11:45:37,572 | INFO | SpawnProcess-2 | stage2_run5 | Epoch 033 | train_loss=110.7673 | train_acc=0.9304 | test_loss=18.6033 | test_acc=0.9301
2026-05-14 11:45:39,803 | INFO | SpawnProcess-4 | stage2_run3 | Epoch 033 | train_loss=117.4907 | train_acc=0.9352 | test_loss=20.0055 | test_acc=0.9167
2026-05-14 11:45:46,290 | INFO | SpawnProcess-1 | stage2_run1 | Epoch 041 | train_loss=108.7067 | train_acc=0.9295 | test_loss=18.1872 | test_acc=0.9315
2026-05-14 11:45:51,826 | INFO | SpawnProcess-5 | stage2_run4 | Epoch 037 | train_loss=115.2267 | train_acc=0.9307 | test_loss=19.3229 | test_acc=0.9265
2026-05-14 11:45:53,085 | INFO | SpawnProcess-3 | stage2_run2 | Epoch 041 | train_loss=111.1290 | train_acc=0.9345 | test_loss=18.6704 | test_acc=0.9118
2026-05-14 11:45:59,975 | INFO | SpawnProcess-2 | stage2_run5 | Epoch 034 | train_loss=111.0253 | train_acc=0.9295 | test_loss=19.0637 | test_acc=0.9213
2026-05-14 11:46:04,410 | INFO | SpawnProcess-1 | stage2_run1 | Epoch 042 | train_loss=108.2521 | train_acc=0.9314 | test_loss=18.3017 | test_acc=0.9269
2026-05-14 11:46:14,283 | INFO | SpawnProcess-4 | stage2_run3 | Epoch 034 | train_loss=117.5619 | train_acc=0.9338 | test_loss=19.7411 | test_acc=0.9296
2026-05-14 11:46:18,562 | INFO | SpawnProcess-3 | stage2_run2 | Epoch 042 | train_loss=110.0365 | train_acc=0.9385 | test_loss=18.6036 | test_acc=0.9335
2026-05-14 11:46:24,257 | INFO | SpawnProcess-2 | stage2_run5 | Epoch 035 | train_loss=110.1446 | train_acc=0.9313 | test_loss=18.9889 | test_acc=0.9174
2026-05-14 11:46:26,303 | INFO | SpawnProcess-5 | stage2_run4 | Epoch 038 | train_loss=114.5573 | train_acc=0.9335 | test_loss=19.2853 | test_acc=0.9210
2026-05-14 11:46:35,691 | INFO | SpawnProcess-3 | stage2_run2 | Epoch 043 | train_loss=109.7452 | train_acc=0.9394 | test_loss=18.6472 | test_acc=0.9244
2026-05-14 11:46:37,955 | INFO | SpawnProcess-1 | stage2_run1 | Epoch 043 | train_loss=108.5141 | train_acc=0.9288 | test_loss=18.6595 | test_acc=0.9198
2026-05-14 11:46:51,236 | INFO | SpawnProcess-4 | stage2_run3 | Epoch 035 | train_loss=116.3270 | train_acc=0.9388 | test_loss=19.7517 | test_acc=0.9325
2026-05-14 11:46:56,598 | INFO | SpawnProcess-3 | stage2_run2 | Epoch 044 | train_loss=110.3045 | train_acc=0.9361 | test_loss=19.1372 | test_acc=0.8745
2026-05-14 11:46:57,988 | INFO | SpawnProcess-1 | stage2_run1 | Epoch 044 | train_loss=108.1657 | train_acc=0.9287 | test_loss=18.0573 | test_acc=0.9330
2026-05-14 11:47:00,896 | INFO | SpawnProcess-5 | stage2_run4 | Epoch 039 | train_loss=114.3886 | train_acc=0.9323 | test_loss=19.8447 | test_acc=0.8937
2026-05-14 11:47:06,272 | INFO | SpawnProcess-2 | stage2_run5 | Epoch 036 | train_loss=110.2583 | train_acc=0.9305 | test_loss=19.2261 | test_acc=0.9112
2026-05-14 11:47:15,138 | INFO | SpawnProcess-1 | stage2_run1 | Epoch 045 | train_loss=107.6935 | train_acc=0.9311 | test_loss=18.1793 | test_acc=0.9284
2026-05-14 11:47:20,225 | INFO | SpawnProcess-4 | stage2_run3 | Epoch 036 | train_loss=116.1369 | train_acc=0.9399 | test_loss=19.9722 | test_acc=0.9222
2026-05-14 11:47:22,834 | INFO | SpawnProcess-3 | stage2_run2 | Epoch 045 | train_loss=110.9888 | train_acc=0.9333 | test_loss=18.6262 | test_acc=0.8981
2026-05-14 11:47:30,390 | INFO | SpawnProcess-1 | stage2_run1 | Epoch 046 | train_loss=107.1182 | train_acc=0.9329 | test_loss=18.2667 | test_acc=0.9219
2026-05-14 11:47:30,918 | INFO | SpawnProcess-2 | stage2_run5 | Epoch 037 | train_loss=109.7622 | train_acc=0.9326 | test_loss=18.5857 | test_acc=0.9304
2026-05-14 11:47:36,807 | INFO | SpawnProcess-5 | stage2_run4 | Epoch 040 | train_loss=114.5486 | train_acc=0.9304 | test_loss=19.4455 | test_acc=0.9133
2026-05-14 11:47:38,750 | INFO | SpawnProcess-3 | stage2_run2 | Epoch 046 | train_loss=109.8761 | train_acc=0.9382 | test_loss=18.8500 | test_acc=0.8939
2026-05-14 11:47:48,305 | INFO | SpawnProcess-4 | stage2_run3 | Epoch 037 | train_loss=117.0297 | train_acc=0.9349 | test_loss=19.8797 | test_acc=0.9287
2026-05-14 11:47:49,722 | INFO | SpawnProcess-1 | stage2_run1 | Epoch 047 | train_loss=107.5739 | train_acc=0.9310 | test_loss=18.2467 | test_acc=0.9274
2026-05-14 11:47:56,355 | INFO | SpawnProcess-2 | stage2_run5 | Epoch 038 | train_loss=110.7418 | train_acc=0.9270 | test_loss=18.9977 | test_acc=0.9181
2026-05-14 11:47:58,347 | INFO | SpawnProcess-5 | stage2_run4 | Epoch 041 | train_loss=114.3908 | train_acc=0.9305 | test_loss=19.3585 | test_acc=0.9121
2026-05-14 11:47:59,941 | INFO | SpawnProcess-3 | stage2_run2 | Epoch 047 | train_loss=109.2800 | train_acc=0.9403 | test_loss=18.6253 | test_acc=0.9165
2026-05-14 11:48:13,957 | INFO | SpawnProcess-1 | stage2_run1 | Epoch 048 | train_loss=106.6232 | train_acc=0.9337 | test_loss=18.1499 | test_acc=0.9277
2026-05-14 11:48:15,619 | INFO | SpawnProcess-3 | stage2_run2 | Epoch 048 | train_loss=109.3691 | train_acc=0.9374 | test_loss=18.8905 | test_acc=0.9175
2026-05-14 11:48:20,901 | INFO | SpawnProcess-4 | stage2_run3 | Epoch 038 | train_loss=115.7501 | train_acc=0.9394 | test_loss=20.1750 | test_acc=0.9164
2026-05-14 11:48:26,822 | INFO | SpawnProcess-2 | stage2_run5 | Epoch 039 | train_loss=109.6687 | train_acc=0.9315 | test_loss=18.6436 | test_acc=0.9250
2026-05-14 11:48:29,526 | INFO | SpawnProcess-5 | stage2_run4 | Epoch 042 | train_loss=113.6681 | train_acc=0.9323 | test_loss=19.2518 | test_acc=0.9151
2026-05-14 11:48:34,815 | INFO | SpawnProcess-1 | stage2_run1 | Epoch 049 | train_loss=106.3159 | train_acc=0.9343 | test_loss=18.0238 | test_acc=0.9305
2026-05-14 11:48:39,151 | INFO | SpawnProcess-3 | stage2_run2 | Epoch 049 | train_loss=109.5236 | train_acc=0.9362 | test_loss=18.3905 | test_acc=0.8914
2026-05-14 11:48:53,383 | INFO | SpawnProcess-4 | stage2_run3 | Epoch 039 | train_loss=115.4713 | train_acc=0.9398 | test_loss=19.7058 | test_acc=0.9289
2026-05-14 11:48:54,094 | INFO | SpawnProcess-2 | stage2_run5 | Epoch 040 | train_loss=110.2476 | train_acc=0.9290 | test_loss=18.3272 | test_acc=0.9355
2026-05-14 11:48:55,818 | INFO | SpawnProcess-5 | stage2_run4 | Epoch 043 | train_loss=113.2244 | train_acc=0.9340 | test_loss=19.2037 | test_acc=0.9169
2026-05-14 11:48:58,314 | INFO | SpawnProcess-3 | stage2_run2 | Epoch 050 | train_loss=109.2284 | train_acc=0.9372 | test_loss=18.4260 | test_acc=0.9337
2026-05-14 11:49:02,194 | INFO | SpawnProcess-1 | stage2_run1 | Epoch 050 | train_loss=106.3925 | train_acc=0.9338 | test_loss=18.5072 | test_acc=0.9207
2026-05-14 11:49:11,882 | INFO | SpawnProcess-4 | stage2_run3 | Epoch 040 | train_loss=115.5512 | train_acc=0.9397 | test_loss=19.3714 | test_acc=0.9395
2026-05-14 11:49:17,904 | INFO | SpawnProcess-1 | stage2_run1 | Epoch 051 | train_loss=105.3855 | train_acc=0.9373 | test_loss=18.2191 | test_acc=0.9243
2026-05-14 11:49:23,044 | INFO | SpawnProcess-3 | stage2_run2 | Epoch 051 | train_loss=108.7506 | train_acc=0.9394 | test_loss=18.4340 | test_acc=0.9328
2026-05-14 11:49:23,525 | INFO | SpawnProcess-5 | stage2_run4 | Epoch 044 | train_loss=113.3019 | train_acc=0.9337 | test_loss=19.3832 | test_acc=0.9119
2026-05-14 11:49:24,633 | INFO | SpawnProcess-2 | stage2_run5 | Epoch 041 | train_loss=109.4184 | train_acc=0.9319 | test_loss=18.2927 | test_acc=0.9367
2026-05-14 11:49:32,596 | INFO | SpawnProcess-1 | stage2_run1 | Epoch 052 | train_loss=106.3514 | train_acc=0.9326 | test_loss=18.1023 | test_acc=0.9298
2026-05-14 11:49:40,802 | INFO | SpawnProcess-4 | stage2_run3 | Epoch 041 | train_loss=114.2810 | train_acc=0.9437 | test_loss=19.4745 | test_acc=0.9359
2026-05-14 11:49:47,572 | INFO | SpawnProcess-1 | stage2_run1 | Epoch 053 | train_loss=105.6127 | train_acc=0.9351 | test_loss=18.1260 | test_acc=0.9276
2026-05-14 11:49:48,900 | INFO | SpawnProcess-5 | stage2_run4 | Epoch 045 | train_loss=114.2001 | train_acc=0.9283 | test_loss=19.2962 | test_acc=0.9159
2026-05-14 11:49:55,261 | INFO | SpawnProcess-2 | stage2_run5 | Epoch 042 | train_loss=108.1853 | train_acc=0.9366 | test_loss=18.2819 | test_acc=0.9347
2026-05-14 11:49:57,129 | INFO | SpawnProcess-3 | stage2_run2 | Epoch 052 | train_loss=108.0286 | train_acc=0.9416 | test_loss=18.7750 | test_acc=0.9105
2026-05-14 11:50:02,731 | INFO | SpawnProcess-1 | stage2_run1 | Epoch 054 | train_loss=105.1142 | train_acc=0.9368 | test_loss=18.0900 | test_acc=0.9250
2026-05-14 11:50:08,871 | INFO | SpawnProcess-4 | stage2_run3 | Epoch 042 | train_loss=115.0208 | train_acc=0.9405 | test_loss=19.4779 | test_acc=0.9327
2026-05-14 11:50:09,545 | INFO | SpawnProcess-5 | stage2_run4 | Epoch 046 | train_loss=113.0424 | train_acc=0.9324 | test_loss=19.1642 | test_acc=0.9240
2026-05-14 11:50:18,160 | INFO | SpawnProcess-2 | stage2_run5 | Epoch 043 | train_loss=108.4615 | train_acc=0.9348 | test_loss=18.4026 | test_acc=0.9331
2026-05-14 11:50:20,746 | INFO | SpawnProcess-1 | stage2_run1 | Epoch 055 | train_loss=104.4098 | train_acc=0.9392 | test_loss=18.1738 | test_acc=0.9231
2026-05-14 11:50:28,710 | INFO | SpawnProcess-3 | stage2_run2 | Epoch 053 | train_loss=108.6684 | train_acc=0.9378 | test_loss=18.4332 | test_acc=0.9215
2026-05-14 11:50:29,654 | INFO | SpawnProcess-4 | stage2_run3 | Epoch 043 | train_loss=115.2005 | train_acc=0.9390 | test_loss=19.9351 | test_acc=0.9202
2026-05-14 11:50:35,085 | INFO | SpawnProcess-5 | stage2_run4 | Epoch 047 | train_loss=113.4380 | train_acc=0.9300 | test_loss=19.3072 | test_acc=0.9052
2026-05-14 11:50:39,790 | INFO | SpawnProcess-1 | stage2_run1 | Epoch 056 | train_loss=105.2634 | train_acc=0.9352 | test_loss=17.9917 | test_acc=0.9278
2026-05-14 11:50:50,388 | INFO | SpawnProcess-2 | stage2_run5 | Epoch 044 | train_loss=108.6174 | train_acc=0.9341 | test_loss=18.4007 | test_acc=0.9317
2026-05-14 11:50:56,284 | INFO | SpawnProcess-4 | stage2_run3 | Epoch 044 | train_loss=114.9476 | train_acc=0.9398 | test_loss=20.1097 | test_acc=0.9132
2026-05-14 11:50:57,625 | INFO | SpawnProcess-3 | stage2_run2 | Epoch 054 | train_loss=108.0354 | train_acc=0.9401 | test_loss=18.3163 | test_acc=0.9333
2026-05-14 11:50:58,846 | INFO | SpawnProcess-1 | stage2_run1 | Epoch 057 | train_loss=104.7702 | train_acc=0.9372 | test_loss=17.9332 | test_acc=0.9292
2026-05-14 11:51:01,046 | INFO | SpawnProcess-5 | stage2_run4 | Epoch 048 | train_loss=112.2506 | train_acc=0.9343 | test_loss=18.7415 | test_acc=0.9292
2026-05-14 11:51:15,362 | INFO | SpawnProcess-2 | stage2_run5 | Epoch 045 | train_loss=107.6976 | train_acc=0.9378 | test_loss=18.4141 | test_acc=0.9300
2026-05-14 11:51:17,648 | INFO | SpawnProcess-3 | stage2_run2 | Epoch 055 | train_loss=107.2553 | train_acc=0.9438 | test_loss=18.6227 | test_acc=0.9246
2026-05-14 11:51:20,383 | INFO | SpawnProcess-4 | stage2_run3 | Epoch 045 | train_loss=115.4381 | train_acc=0.9377 | test_loss=19.4887 | test_acc=0.9360
2026-05-14 11:51:23,433 | INFO | SpawnProcess-5 | stage2_run4 | Epoch 049 | train_loss=111.9005 | train_acc=0.9358 | test_loss=18.8234 | test_acc=0.9226
2026-05-14 11:51:30,739 | INFO | SpawnProcess-1 | stage2_run1 | Epoch 058 | train_loss=104.8322 | train_acc=0.9366 | test_loss=17.8290 | test_acc=0.9310
2026-05-14 11:51:32,447 | INFO | SpawnProcess-3 | stage2_run2 | Epoch 056 | train_loss=107.2556 | train_acc=0.9431 | test_loss=18.7064 | test_acc=0.8890
2026-05-14 11:51:37,752 | INFO | SpawnProcess-5 | stage2_run4 | Epoch 050 | train_loss=112.9393 | train_acc=0.9312 | test_loss=18.9198 | test_acc=0.9275
2026-05-14 11:51:51,269 | INFO | SpawnProcess-4 | stage2_run3 | Epoch 046 | train_loss=114.3234 | train_acc=0.9421 | test_loss=19.4695 | test_acc=0.9320
2026-05-14 11:51:53,879 | INFO | SpawnProcess-3 | stage2_run2 | Epoch 057 | train_loss=107.7766 | train_acc=0.9396 | test_loss=18.3210 | test_acc=0.9399
2026-05-14 11:51:54,100 | INFO | SpawnProcess-2 | stage2_run5 | Epoch 046 | train_loss=108.1952 | train_acc=0.9358 | test_loss=18.4906 | test_acc=0.9289
2026-05-14 11:51:56,350 | INFO | SpawnProcess-1 | stage2_run1 | Epoch 059 | train_loss=104.1386 | train_acc=0.9385 | test_loss=17.9949 | test_acc=0.9245
2026-05-14 11:52:00,491 | INFO | SpawnProcess-5 | stage2_run4 | Epoch 051 | train_loss=111.9064 | train_acc=0.9362 | test_loss=18.9614 | test_acc=0.9185
2026-05-14 11:52:13,447 | INFO | SpawnProcess-4 | stage2_run3 | Epoch 047 | train_loss=113.3950 | train_acc=0.9460 | test_loss=19.2282 | test_acc=0.9426
2026-05-14 11:52:14,846 | INFO | SpawnProcess-1 | stage2_run1 | Epoch 060 | train_loss=105.1899 | train_acc=0.9332 | test_loss=17.7737 | test_acc=0.9322
2026-05-14 11:52:15,356 | INFO | SpawnProcess-2 | stage2_run5 | Epoch 047 | train_loss=109.4598 | train_acc=0.9290 | test_loss=18.6395 | test_acc=0.9231
2026-05-14 11:52:22,184 | INFO | SpawnProcess-3 | stage2_run2 | Epoch 058 | train_loss=107.2800 | train_acc=0.9422 | test_loss=18.5796 | test_acc=0.9207
2026-05-14 11:52:29,837 | INFO | SpawnProcess-4 | stage2_run3 | Epoch 048 | train_loss=114.0281 | train_acc=0.9426 | test_loss=19.9335 | test_acc=0.9199
2026-05-14 11:52:32,860 | INFO | SpawnProcess-5 | stage2_run4 | Epoch 052 | train_loss=110.9257 | train_acc=0.9394 | test_loss=18.8531 | test_acc=0.9240
2026-05-14 11:52:33,350 | INFO | SpawnProcess-1 | stage2_run1 | Epoch 061 | train_loss=104.5011 | train_acc=0.9368 | test_loss=17.5457 | test_acc=0.9364
2026-05-14 11:52:42,289 | INFO | SpawnProcess-2 | stage2_run5 | Epoch 048 | train_loss=108.4625 | train_acc=0.9338 | test_loss=18.5135 | test_acc=0.9281
2026-05-14 11:52:49,097 | INFO | SpawnProcess-3 | stage2_run2 | Epoch 059 | train_loss=106.8131 | train_acc=0.9431 | test_loss=18.0886 | test_acc=0.9108
2026-05-14 11:52:54,095 | INFO | SpawnProcess-1 | stage2_run1 | Epoch 062 | train_loss=103.6778 | train_acc=0.9389 | test_loss=17.9034 | test_acc=0.9231
2026-05-14 11:52:55,774 | INFO | SpawnProcess-5 | stage2_run4 | Epoch 053 | train_loss=111.7373 | train_acc=0.9351 | test_loss=18.9321 | test_acc=0.9159
2026-05-14 11:53:01,085 | INFO | SpawnProcess-4 | stage2_run3 | Epoch 049 | train_loss=114.0224 | train_acc=0.9427 | test_loss=19.5643 | test_acc=0.9369
2026-05-14 11:53:08,201 | INFO | SpawnProcess-3 | stage2_run2 | Epoch 060 | train_loss=106.7545 | train_acc=0.9432 | test_loss=17.9853 | test_acc=0.9396
2026-05-14 11:53:10,671 | INFO | SpawnProcess-2 | stage2_run5 | Epoch 049 | train_loss=107.8810 | train_acc=0.9361 | test_loss=18.3064 | test_acc=0.9320
2026-05-14 11:53:17,081 | INFO | SpawnProcess-1 | stage2_run1 | Epoch 063 | train_loss=104.4040 | train_acc=0.9365 | test_loss=17.5672 | test_acc=0.9362
2026-05-14 11:53:20,086 | INFO | SpawnProcess-5 | stage2_run4 | Epoch 054 | train_loss=111.4560 | train_acc=0.9357 | test_loss=19.2857 | test_acc=0.9112
2026-05-14 11:53:24,290 | INFO | SpawnProcess-3 | stage2_run2 | Epoch 061 | train_loss=106.2155 | train_acc=0.9449 | test_loss=17.9579 | test_acc=0.9412
2026-05-14 11:53:24,890 | INFO | SpawnProcess-4 | stage2_run3 | Epoch 050 | train_loss=113.7193 | train_acc=0.9432 | test_loss=19.6788 | test_acc=0.9261
2026-05-14 11:53:31,947 | INFO | SpawnProcess-1 | stage2_run1 | Epoch 064 | train_loss=103.4718 | train_acc=0.9393 | test_loss=17.6021 | test_acc=0.9328
2026-05-14 11:53:32,402 | INFO | SpawnProcess-2 | stage2_run5 | Epoch 050 | train_loss=108.2222 | train_acc=0.9341 | test_loss=18.4633 | test_acc=0.9282
2026-05-14 11:53:39,877 | INFO | SpawnProcess-3 | stage2_run2 | Epoch 062 | train_loss=105.6192 | train_acc=0.9454 | test_loss=17.7640 | test_acc=0.9382
2026-05-14 11:53:44,260 | INFO | SpawnProcess-4 | stage2_run3 | Epoch 051 | train_loss=113.4228 | train_acc=0.9437 | test_loss=19.2375 | test_acc=0.9415
2026-05-14 11:53:46,896 | INFO | SpawnProcess-1 | stage2_run1 | Epoch 065 | train_loss=103.2838 | train_acc=0.9394 | test_loss=17.5328 | test_acc=0.9342
2026-05-14 11:53:47,272 | INFO | SpawnProcess-2 | stage2_run5 | Epoch 051 | train_loss=107.6570 | train_acc=0.9376 | test_loss=18.6367 | test_acc=0.9224
2026-05-14 11:53:52,867 | INFO | SpawnProcess-5 | stage2_run4 | Epoch 055 | train_loss=110.9132 | train_acc=0.9374 | test_loss=18.8394 | test_acc=0.9240
2026-05-14 11:53:55,622 | INFO | SpawnProcess-3 | stage2_run2 | Epoch 063 | train_loss=106.7743 | train_acc=0.9396 | test_loss=18.0512 | test_acc=0.9360
2026-05-14 11:54:02,050 | INFO | SpawnProcess-1 | stage2_run1 | Epoch 066 | train_loss=103.3739 | train_acc=0.9373 | test_loss=17.5779 | test_acc=0.9309
2026-05-14 11:54:04,510 | INFO | SpawnProcess-4 | stage2_run3 | Epoch 052 | train_loss=113.1705 | train_acc=0.9443 | test_loss=19.3625 | test_acc=0.9320
2026-05-14 11:54:10,093 | INFO | SpawnProcess-5 | stage2_run4 | Epoch 056 | train_loss=110.5852 | train_acc=0.9387 | test_loss=18.7348 | test_acc=0.9313
2026-05-14 11:54:17,980 | INFO | SpawnProcess-2 | stage2_run5 | Epoch 052 | train_loss=107.6071 | train_acc=0.9362 | test_loss=18.1910 | test_acc=0.9330
2026-05-14 11:54:22,778 | INFO | SpawnProcess-1 | stage2_run1 | Epoch 067 | train_loss=102.8182 | train_acc=0.9395 | test_loss=18.2365 | test_acc=0.9170
2026-05-14 11:54:24,164 | INFO | SpawnProcess-3 | stage2_run2 | Epoch 064 | train_loss=105.4029 | train_acc=0.9456 | test_loss=17.9223 | test_acc=0.9360
2026-05-14 11:54:26,173 | INFO | SpawnProcess-5 | stage2_run4 | Epoch 057 | train_loss=110.5757 | train_acc=0.9374 | test_loss=19.0906 | test_acc=0.9223
2026-05-14 11:54:30,652 | INFO | SpawnProcess-4 | stage2_run3 | Epoch 053 | train_loss=112.9067 | train_acc=0.9444 | test_loss=19.4995 | test_acc=0.9289
2026-05-14 11:54:42,797 | INFO | SpawnProcess-3 | stage2_run2 | Epoch 065 | train_loss=106.0082 | train_acc=0.9431 | test_loss=17.9416 | test_acc=0.9421
2026-05-14 11:54:47,443 | INFO | SpawnProcess-5 | stage2_run4 | Epoch 058 | train_loss=110.4014 | train_acc=0.9387 | test_loss=18.7098 | test_acc=0.9336
2026-05-14 11:54:48,654 | INFO | SpawnProcess-2 | stage2_run5 | Epoch 053 | train_loss=107.2904 | train_acc=0.9374 | test_loss=18.3665 | test_acc=0.9246
2026-05-14 11:54:52,647 | INFO | SpawnProcess-1 | stage2_run1 | Epoch 068 | train_loss=102.8437 | train_acc=0.9381 | test_loss=18.0176 | test_acc=0.9217
2026-05-14 11:55:02,479 | INFO | SpawnProcess-4 | stage2_run3 | Epoch 054 | train_loss=113.3250 | train_acc=0.9424 | test_loss=19.4738 | test_acc=0.9313
2026-05-14 11:55:06,762 | INFO | SpawnProcess-3 | stage2_run2 | Epoch 066 | train_loss=105.9656 | train_acc=0.9426 | test_loss=17.8991 | test_acc=0.9372
2026-05-14 11:55:08,899 | INFO | SpawnProcess-2 | stage2_run5 | Epoch 054 | train_loss=107.1209 | train_acc=0.9375 | test_loss=18.2389 | test_acc=0.9335
2026-05-14 11:55:14,648 | INFO | SpawnProcess-5 | stage2_run4 | Epoch 059 | train_loss=110.3306 | train_acc=0.9385 | test_loss=18.7631 | test_acc=0.9246
2026-05-14 11:55:19,514 | INFO | SpawnProcess-1 | stage2_run1 | Epoch 069 | train_loss=103.7409 | train_acc=0.9347 | test_loss=17.3584 | test_acc=0.9365
2026-05-14 11:55:24,600 | INFO | SpawnProcess-2 | stage2_run5 | Epoch 055 | train_loss=107.8421 | train_acc=0.9353 | test_loss=18.2867 | test_acc=0.9277
2026-05-14 11:55:28,959 | INFO | SpawnProcess-3 | stage2_run2 | Epoch 067 | train_loss=105.1091 | train_acc=0.9456 | test_loss=17.5972 | test_acc=0.9418
2026-05-14 11:55:34,650 | INFO | SpawnProcess-4 | stage2_run3 | Epoch 055 | train_loss=113.1128 | train_acc=0.9436 | test_loss=19.0659 | test_acc=0.9429
2026-05-14 11:55:41,250 | INFO | SpawnProcess-5 | stage2_run4 | Epoch 060 | train_loss=110.5770 | train_acc=0.9368 | test_loss=18.5008 | test_acc=0.9335
2026-05-14 11:55:45,365 | INFO | SpawnProcess-3 | stage2_run2 | Epoch 068 | train_loss=105.0751 | train_acc=0.9450 | test_loss=18.0370 | test_acc=0.9204
2026-05-14 11:55:46,611 | INFO | SpawnProcess-1 | stage2_run1 | Epoch 070 | train_loss=102.4839 | train_acc=0.9399 | test_loss=17.3998 | test_acc=0.9347
2026-05-14 11:55:51,926 | INFO | SpawnProcess-2 | stage2_run5 | Epoch 056 | train_loss=108.1982 | train_acc=0.9328 | test_loss=18.4513 | test_acc=0.9242
2026-05-14 11:56:01,803 | INFO | SpawnProcess-4 | stage2_run3 | Epoch 056 | train_loss=112.9888 | train_acc=0.9430 | test_loss=19.3792 | test_acc=0.9367
2026-05-14 11:56:02,030 | INFO | SpawnProcess-3 | stage2_run2 | Epoch 069 | train_loss=104.2137 | train_acc=0.9484 | test_loss=17.9408 | test_acc=0.9296
2026-05-14 11:56:02,470 | INFO | SpawnProcess-5 | stage2_run4 | Epoch 061 | train_loss=110.3863 | train_acc=0.9377 | test_loss=18.7342 | test_acc=0.9163
2026-05-14 11:56:14,023 | INFO | SpawnProcess-1 | stage2_run1 | Epoch 071 | train_loss=102.2171 | train_acc=0.9394 | test_loss=17.3116 | test_acc=0.9373
2026-05-14 11:56:18,021 | INFO | SpawnProcess-3 | stage2_run2 | Epoch 070 | train_loss=104.8348 | train_acc=0.9460 | test_loss=18.5021 | test_acc=0.9139
2026-05-14 11:56:23,300 | INFO | SpawnProcess-2 | stage2_run5 | Epoch 057 | train_loss=106.6706 | train_acc=0.9374 | test_loss=18.1717 | test_acc=0.9367
2026-05-14 11:56:24,867 | INFO | SpawnProcess-5 | stage2_run4 | Epoch 062 | train_loss=113.0909 | train_acc=0.9253 | test_loss=18.6476 | test_acc=0.9329
2026-05-14 11:56:29,442 | INFO | SpawnProcess-4 | stage2_run3 | Epoch 057 | train_loss=113.1694 | train_acc=0.9430 | test_loss=19.0001 | test_acc=0.9451
2026-05-14 11:56:30,471 | INFO | SpawnProcess-1 | stage2_run1 | Epoch 072 | train_loss=102.1578 | train_acc=0.9387 | test_loss=17.3237 | test_acc=0.9347
2026-05-14 11:56:32,928 | INFO | SpawnProcess-3 | stage2_run2 | Epoch 071 | train_loss=105.2732 | train_acc=0.9431 | test_loss=17.7054 | test_acc=0.9451
2026-05-14 11:56:43,544 | INFO | SpawnProcess-5 | stage2_run4 | Epoch 063 | train_loss=109.9803 | train_acc=0.9387 | test_loss=18.5324 | test_acc=0.9325
2026-05-14 11:56:51,349 | INFO | SpawnProcess-1 | stage2_run1 | Epoch 073 | train_loss=101.2235 | train_acc=0.9434 | test_loss=17.4355 | test_acc=0.9338
2026-05-14 11:56:51,510 | INFO | SpawnProcess-2 | stage2_run5 | Epoch 058 | train_loss=105.8080 | train_acc=0.9405 | test_loss=18.1671 | test_acc=0.9295
2026-05-14 11:56:57,195 | INFO | SpawnProcess-3 | stage2_run2 | Epoch 072 | train_loss=104.0635 | train_acc=0.9484 | test_loss=17.5674 | test_acc=0.9406
2026-05-14 11:56:58,331 | INFO | SpawnProcess-4 | stage2_run3 | Epoch 058 | train_loss=112.1899 | train_acc=0.9469 | test_loss=19.0696 | test_acc=0.9418
2026-05-14 11:56:58,473 | INFO | SpawnProcess-5 | stage2_run4 | Epoch 064 | train_loss=109.8409 | train_acc=0.9392 | test_loss=18.7397 | test_acc=0.9271
2026-05-14 11:57:14,133 | INFO | SpawnProcess-1 | stage2_run1 | Epoch 074 | train_loss=102.0020 | train_acc=0.9395 | test_loss=17.0729 | test_acc=0.9416
2026-05-14 11:57:15,658 | INFO | SpawnProcess-5 | stage2_run4 | Epoch 065 | train_loss=109.5684 | train_acc=0.9408 | test_loss=18.7648 | test_acc=0.9267
2026-05-14 11:57:24,196 | INFO | SpawnProcess-2 | stage2_run5 | Epoch 059 | train_loss=105.6923 | train_acc=0.9406 | test_loss=17.7993 | test_acc=0.9392
2026-05-14 11:57:25,107 | INFO | SpawnProcess-4 | stage2_run3 | Epoch 059 | train_loss=112.5561 | train_acc=0.9455 | test_loss=19.2229 | test_acc=0.9358
2026-05-14 11:57:27,507 | INFO | SpawnProcess-3 | stage2_run2 | Epoch 073 | train_loss=104.7802 | train_acc=0.9452 | test_loss=18.2240 | test_acc=0.9259
2026-05-14 11:57:29,122 | INFO | SpawnProcess-1 | stage2_run1 | Epoch 075 | train_loss=101.7212 | train_acc=0.9403 | test_loss=17.1373 | test_acc=0.9410
2026-05-14 11:57:44,264 | INFO | SpawnProcess-1 | stage2_run1 | Epoch 076 | train_loss=102.8893 | train_acc=0.9347 | test_loss=17.3774 | test_acc=0.9340
2026-05-14 11:57:44,592 | INFO | SpawnProcess-5 | stage2_run4 | Epoch 066 | train_loss=109.2650 | train_acc=0.9414 | test_loss=18.6725 | test_acc=0.9274
2026-05-14 11:57:53,155 | INFO | SpawnProcess-4 | stage2_run3 | Epoch 060 | train_loss=112.4415 | train_acc=0.9456 | test_loss=19.0421 | test_acc=0.9419
2026-05-14 11:57:56,457 | INFO | SpawnProcess-2 | stage2_run5 | Epoch 060 | train_loss=106.4498 | train_acc=0.9358 | test_loss=18.1832 | test_acc=0.9320
2026-05-14 11:57:57,249 | INFO | SpawnProcess-3 | stage2_run2 | Epoch 074 | train_loss=105.0184 | train_acc=0.9442 | test_loss=17.6276 | test_acc=0.9429
2026-05-14 11:58:04,940 | INFO | SpawnProcess-1 | stage2_run1 | Epoch 077 | train_loss=101.3633 | train_acc=0.9412 | test_loss=17.1396 | test_acc=0.9412
2026-05-14 11:58:07,710 | INFO | SpawnProcess-5 | stage2_run4 | Epoch 067 | train_loss=109.3524 | train_acc=0.9405 | test_loss=18.5833 | test_acc=0.9260
2026-05-14 11:58:18,654 | INFO | SpawnProcess-4 | stage2_run3 | Epoch 061 | train_loss=111.7514 | train_acc=0.9472 | test_loss=19.1750 | test_acc=0.9387
2026-05-14 11:58:20,149 | INFO | SpawnProcess-3 | stage2_run2 | Epoch 075 | train_loss=104.8513 | train_acc=0.9441 | test_loss=17.9351 | test_acc=0.9392
2026-05-14 11:58:24,978 | INFO | SpawnProcess-1 | stage2_run1 | Epoch 078 | train_loss=101.2434 | train_acc=0.9421 | test_loss=17.3573 | test_acc=0.9328
2026-05-14 11:58:28,368 | INFO | SpawnProcess-2 | stage2_run5 | Epoch 061 | train_loss=105.9672 | train_acc=0.9381 | test_loss=17.9744 | test_acc=0.9351
2026-05-14 11:58:36,316 | INFO | SpawnProcess-5 | stage2_run4 | Epoch 068 | train_loss=109.4549 | train_acc=0.9389 | test_loss=18.8458 | test_acc=0.9238
2026-05-14 11:58:36,923 | INFO | SpawnProcess-3 | stage2_run2 | Epoch 076 | train_loss=104.7041 | train_acc=0.9455 | test_loss=17.7855 | test_acc=0.9395
2026-05-14 11:58:45,594 | INFO | SpawnProcess-2 | stage2_run5 | Epoch 062 | train_loss=105.5857 | train_acc=0.9405 | test_loss=17.8770 | test_acc=0.9374
2026-05-14 11:58:46,515 | INFO | SpawnProcess-1 | stage2_run1 | Epoch 079 | train_loss=101.4919 | train_acc=0.9409 | test_loss=17.4380 | test_acc=0.9292
2026-05-14 11:58:55,576 | INFO | SpawnProcess-4 | stage2_run3 | Epoch 062 | train_loss=112.9017 | train_acc=0.9420 | test_loss=19.1588 | test_acc=0.9417
2026-05-14 11:58:58,540 | INFO | SpawnProcess-5 | stage2_run4 | Epoch 069 | train_loss=109.2625 | train_acc=0.9393 | test_loss=19.0930 | test_acc=0.9124
2026-05-14 11:58:59,161 | INFO | SpawnProcess-3 | stage2_run2 | Epoch 077 | train_loss=104.9658 | train_acc=0.9442 | test_loss=17.6732 | test_acc=0.9348
2026-05-14 11:59:08,402 | INFO | SpawnProcess-2 | stage2_run5 | Epoch 063 | train_loss=104.9677 | train_acc=0.9424 | test_loss=17.9986 | test_acc=0.9314
2026-05-14 11:59:11,340 | INFO | SpawnProcess-1 | stage2_run1 | Epoch 080 | train_loss=101.5261 | train_acc=0.9398 | test_loss=17.7882 | test_acc=0.9214
2026-05-14 11:59:20,441 | INFO | SpawnProcess-4 | stage2_run3 | Epoch 063 | train_loss=111.6057 | train_acc=0.9478 | test_loss=19.4944 | test_acc=0.9312
2026-05-14 11:59:20,866 | INFO | SpawnProcess-3 | stage2_run2 | Epoch 078 | train_loss=104.5832 | train_acc=0.9456 | test_loss=17.6889 | test_acc=0.9186
2026-05-14 11:59:24,022 | INFO | SpawnProcess-2 | stage2_run5 | Epoch 064 | train_loss=105.6747 | train_acc=0.9390 | test_loss=18.0393 | test_acc=0.9369
2026-05-14 11:59:27,853 | INFO | SpawnProcess-5 | stage2_run4 | Epoch 070 | train_loss=111.2631 | train_acc=0.9312 | test_loss=18.8758 | test_acc=0.9191
2026-05-14 11:59:38,019 | INFO | SpawnProcess-3 | stage2_run2 | Epoch 079 | train_loss=104.3448 | train_acc=0.9466 | test_loss=17.4933 | test_acc=0.9472
2026-05-14 11:59:40,278 | INFO | SpawnProcess-1 | stage2_run1 | Epoch 081 | train_loss=100.6368 | train_acc=0.9440 | test_loss=17.2988 | test_acc=0.9355
2026-05-14 11:59:46,977 | INFO | SpawnProcess-4 | stage2_run3 | Epoch 064 | train_loss=111.9748 | train_acc=0.9455 | test_loss=18.9080 | test_acc=0.9445
2026-05-14 11:59:48,568 | INFO | SpawnProcess-2 | stage2_run5 | Epoch 065 | train_loss=106.2361 | train_acc=0.9369 | test_loss=18.0330 | test_acc=0.9343
2026-05-14 11:59:52,697 | INFO | SpawnProcess-5 | stage2_run4 | Epoch 071 | train_loss=109.9560 | train_acc=0.9353 | test_loss=18.4008 | test_acc=0.9321
2026-05-14 12:00:02,307 | INFO | SpawnProcess-1 | stage2_run1 | Epoch 082 | train_loss=100.9458 | train_acc=0.9420 | test_loss=16.9813 | test_acc=0.9406
2026-05-14 12:00:03,675 | INFO | SpawnProcess-3 | stage2_run2 | Epoch 080 | train_loss=104.0494 | train_acc=0.9479 | test_loss=18.0780 | test_acc=0.9343
2026-05-14 12:00:12,771 | INFO | SpawnProcess-4 | stage2_run3 | Epoch 065 | train_loss=111.7870 | train_acc=0.9465 | test_loss=19.0770 | test_acc=0.9419
2026-05-14 12:00:20,454 | INFO | SpawnProcess-2 | stage2_run5 | Epoch 066 | train_loss=106.1139 | train_acc=0.9371 | test_loss=18.0576 | test_acc=0.9299
2026-05-14 12:00:20,496 | INFO | SpawnProcess-5 | stage2_run4 | Epoch 072 | train_loss=110.7929 | train_acc=0.9312 | test_loss=18.4305 | test_acc=0.9326
2026-05-14 12:00:23,729 | INFO | SpawnProcess-1 | stage2_run1 | Epoch 083 | train_loss=101.0541 | train_acc=0.9412 | test_loss=17.5460 | test_acc=0.9259
2026-05-14 12:00:23,986 | INFO | SpawnProcess-3 | stage2_run2 | Epoch 081 | train_loss=105.0212 | train_acc=0.9433 | test_loss=18.6508 | test_acc=0.9070
2026-05-14 12:00:37,842 | INFO | SpawnProcess-4 | stage2_run3 | Epoch 066 | train_loss=111.7089 | train_acc=0.9471 | test_loss=19.0133 | test_acc=0.9433
2026-05-14 12:00:40,072 | INFO | SpawnProcess-3 | stage2_run2 | Epoch 082 | train_loss=104.0014 | train_acc=0.9476 | test_loss=17.5822 | test_acc=0.9433
2026-05-14 12:00:48,721 | INFO | SpawnProcess-1 | stage2_run1 | Epoch 084 | train_loss=101.1772 | train_acc=0.9404 | test_loss=17.0768 | test_acc=0.9401
2026-05-14 12:00:53,461 | INFO | SpawnProcess-2 | stage2_run5 | Epoch 067 | train_loss=105.4437 | train_acc=0.9393 | test_loss=17.8563 | test_acc=0.9348
2026-05-14 12:00:53,723 | INFO | SpawnProcess-5 | stage2_run4 | Epoch 073 | train_loss=108.4512 | train_acc=0.9416 | test_loss=18.3265 | test_acc=0.9354
2026-05-14 12:00:56,550 | INFO | SpawnProcess-4 | stage2_run3 | Epoch 067 | train_loss=111.5730 | train_acc=0.9473 | test_loss=19.0766 | test_acc=0.9394
2026-05-14 12:01:01,416 | INFO | SpawnProcess-3 | stage2_run2 | Epoch 083 | train_loss=104.0411 | train_acc=0.9468 | test_loss=17.7835 | test_acc=0.9417
2026-05-14 12:01:12,912 | INFO | SpawnProcess-4 | stage2_run3 | Epoch 068 | train_loss=110.6030 | train_acc=0.9506 | test_loss=19.0459 | test_acc=0.9409
2026-05-14 12:01:13,834 | INFO | SpawnProcess-1 | stage2_run1 | Epoch 085 | train_loss=101.5038 | train_acc=0.9392 | test_loss=17.1704 | test_acc=0.9383
2026-05-14 12:01:18,698 | INFO | SpawnProcess-2 | stage2_run5 | Epoch 068 | train_loss=104.6582 | train_acc=0.9422 | test_loss=17.6754 | test_acc=0.9429
2026-05-14 12:01:19,938 | INFO | SpawnProcess-3 | stage2_run2 | Epoch 084 | train_loss=104.1666 | train_acc=0.9462 | test_loss=17.5800 | test_acc=0.9442
2026-05-14 12:01:28,648 | INFO | SpawnProcess-5 | stage2_run4 | Epoch 074 | train_loss=108.6024 | train_acc=0.9410 | test_loss=18.5753 | test_acc=0.9223
2026-05-14 12:01:37,247 | INFO | SpawnProcess-4 | stage2_run3 | Epoch 069 | train_loss=110.9394 | train_acc=0.9500 | test_loss=18.9539 | test_acc=0.9433
2026-05-14 12:01:41,695 | INFO | SpawnProcess-3 | stage2_run2 | Epoch 085 | train_loss=104.5401 | train_acc=0.9445 | test_loss=17.9037 | test_acc=0.9356
2026-05-14 12:01:45,217 | INFO | SpawnProcess-1 | stage2_run1 | Epoch 086 | train_loss=101.2884 | train_acc=0.9397 | test_loss=17.2836 | test_acc=0.9352
2026-05-14 12:01:46,387 | INFO | SpawnProcess-2 | stage2_run5 | Epoch 069 | train_loss=104.3617 | train_acc=0.9432 | test_loss=17.4975 | test_acc=0.9459
2026-05-14 12:01:47,170 | INFO | SpawnProcess-5 | stage2_run4 | Epoch 075 | train_loss=108.6032 | train_acc=0.9401 | test_loss=18.6040 | test_acc=0.9253
2026-05-14 12:02:02,295 | INFO | SpawnProcess-1 | stage2_run1 | Epoch 087 | train_loss=101.0305 | train_acc=0.9400 | test_loss=17.0919 | test_acc=0.9373
2026-05-14 12:02:06,252 | INFO | SpawnProcess-2 | stage2_run5 | Epoch 070 | train_loss=104.2446 | train_acc=0.9437 | test_loss=17.7279 | test_acc=0.9348
2026-05-14 12:02:09,490 | INFO | SpawnProcess-3 | stage2_run2 | Epoch 086 | train_loss=104.3653 | train_acc=0.9456 | test_loss=17.8322 | test_acc=0.9376
2026-05-14 12:02:10,625 | INFO | SpawnProcess-4 | stage2_run3 | Epoch 070 | train_loss=110.9275 | train_acc=0.9492 | test_loss=19.0269 | test_acc=0.9380
2026-05-14 12:02:14,698 | INFO | SpawnProcess-5 | stage2_run4 | Epoch 076 | train_loss=110.3117 | train_acc=0.9318 | test_loss=18.3422 | test_acc=0.9342
2026-05-14 12:02:17,327 | INFO | SpawnProcess-1 | stage2_run1 | Epoch 088 | train_loss=101.3039 | train_acc=0.9394 | test_loss=18.7533 | test_acc=0.8931
2026-05-14 12:02:33,247 | INFO | SpawnProcess-5 | stage2_run4 | Epoch 077 | train_loss=108.7112 | train_acc=0.9394 | test_loss=18.2740 | test_acc=0.9351
2026-05-14 12:02:36,974 | INFO | SpawnProcess-1 | stage2_run1 | Epoch 089 | train_loss=102.1806 | train_acc=0.9356 | test_loss=17.6517 | test_acc=0.9197
2026-05-14 12:02:37,240 | INFO | SpawnProcess-4 | stage2_run3 | Epoch 071 | train_loss=109.8886 | train_acc=0.9524 | test_loss=18.9600 | test_acc=0.9407
2026-05-14 12:02:42,132 | INFO | SpawnProcess-2 | stage2_run5 | Epoch 071 | train_loss=104.6313 | train_acc=0.9420 | test_loss=17.6587 | test_acc=0.9423
2026-05-14 12:02:42,165 | INFO | SpawnProcess-3 | stage2_run2 | Epoch 087 | train_loss=104.1364 | train_acc=0.9461 | test_loss=18.6907 | test_acc=0.9160
2026-05-14 12:02:58,258 | INFO | SpawnProcess-5 | stage2_run4 | Epoch 078 | train_loss=107.7737 | train_acc=0.9424 | test_loss=18.2263 | test_acc=0.9369
2026-05-14 12:03:00,106 | INFO | SpawnProcess-2 | stage2_run5 | Epoch 072 | train_loss=105.2166 | train_acc=0.9385 | test_loss=18.1057 | test_acc=0.9326
2026-05-14 12:03:00,458 | INFO | SpawnProcess-3 | stage2_run2 | Epoch 088 | train_loss=104.3820 | train_acc=0.9446 | test_loss=17.6365 | test_acc=0.9447
2026-05-14 12:03:03,175 | INFO | SpawnProcess-1 | stage2_run1 | Epoch 090 | train_loss=101.2375 | train_acc=0.9390 | test_loss=16.8929 | test_acc=0.9440
2026-05-14 12:03:08,785 | INFO | SpawnProcess-4 | stage2_run3 | Epoch 072 | train_loss=109.9132 | train_acc=0.9502 | test_loss=18.6126 | test_acc=0.9491
2026-05-14 12:03:16,646 | INFO | SpawnProcess-3 | stage2_run2 | Epoch 089 | train_loss=103.0056 | train_acc=0.9509 | test_loss=17.5499 | test_acc=0.9442
2026-05-14 12:03:23,905 | INFO | SpawnProcess-2 | stage2_run5 | Epoch 073 | train_loss=104.7676 | train_acc=0.9411 | test_loss=17.9566 | test_acc=0.9305
2026-05-14 12:03:24,083 | INFO | SpawnProcess-5 | stage2_run4 | Epoch 079 | train_loss=107.7658 | train_acc=0.9415 | test_loss=18.3676 | test_acc=0.9286
2026-05-14 12:03:32,833 | INFO | SpawnProcess-3 | stage2_run2 | Epoch 090 | train_loss=103.4800 | train_acc=0.9486 | test_loss=17.5195 | test_acc=0.9404
2026-05-14 12:03:35,138 | INFO | SpawnProcess-1 | stage2_run1 | Epoch 091 | train_loss=101.1027 | train_acc=0.9390 | test_loss=17.6280 | test_acc=0.9242
2026-05-14 12:03:43,666 | INFO | SpawnProcess-4 | stage2_run3 | Epoch 073 | train_loss=109.5231 | train_acc=0.9507 | test_loss=18.8220 | test_acc=0.9425
2026-05-14 12:03:47,187 | INFO | SpawnProcess-2 | stage2_run5 | Epoch 074 | train_loss=104.7472 | train_acc=0.9412 | test_loss=17.5774 | test_acc=0.9429
2026-05-14 12:03:51,262 | INFO | SpawnProcess-5 | stage2_run4 | Epoch 080 | train_loss=107.5019 | train_acc=0.9420 | test_loss=17.9350 | test_acc=0.9418
2026-05-14 12:03:54,365 | INFO | SpawnProcess-3 | stage2_run2 | Epoch 091 | train_loss=103.5949 | train_acc=0.9478 | test_loss=17.4010 | test_acc=0.9490
2026-05-14 12:03:58,716 | INFO | SpawnProcess-4 | stage2_run3 | Epoch 074 | train_loss=109.7799 | train_acc=0.9499 | test_loss=19.1570 | test_acc=0.9323
2026-05-14 12:04:00,292 | INFO | SpawnProcess-1 | stage2_run1 | Epoch 092 | train_loss=100.6229 | train_acc=0.9403 | test_loss=16.9838 | test_acc=0.9400
2026-05-14 12:04:15,905 | INFO | SpawnProcess-2 | stage2_run5 | Epoch 075 | train_loss=104.4000 | train_acc=0.9424 | test_loss=17.5123 | test_acc=0.9436
2026-05-14 12:04:18,286 | INFO | SpawnProcess-3 | stage2_run2 | Epoch 092 | train_loss=102.8058 | train_acc=0.9513 | test_loss=18.0124 | test_acc=0.9275
2026-05-14 12:04:18,833 | INFO | SpawnProcess-1 | stage2_run1 | Epoch 093 | train_loss=99.7205 | train_acc=0.9440 | test_loss=17.1526 | test_acc=0.9339
2026-05-14 12:04:21,368 | INFO | SpawnProcess-5 | stage2_run4 | Epoch 081 | train_loss=107.3074 | train_acc=0.9426 | test_loss=18.5200 | test_acc=0.9213
2026-05-14 12:04:21,730 | INFO | SpawnProcess-4 | stage2_run3 | Epoch 075 | train_loss=110.4023 | train_acc=0.9463 | test_loss=18.9319 | test_acc=0.9352
2026-05-14 12:04:34,793 | INFO | SpawnProcess-2 | stage2_run5 | Epoch 076 | train_loss=103.5809 | train_acc=0.9450 | test_loss=17.6850 | test_acc=0.9373
2026-05-14 12:04:35,651 | INFO | SpawnProcess-3 | stage2_run2 | Epoch 093 | train_loss=104.3776 | train_acc=0.9447 | test_loss=17.5010 | test_acc=0.9465
2026-05-14 12:04:39,286 | INFO | SpawnProcess-1 | stage2_run1 | Epoch 094 | train_loss=100.0910 | train_acc=0.9426 | test_loss=17.3785 | test_acc=0.9303
2026-05-14 12:04:52,018 | INFO | SpawnProcess-4 | stage2_run3 | Epoch 076 | train_loss=109.9826 | train_acc=0.9476 | test_loss=18.8824 | test_acc=0.9395
2026-05-14 12:04:52,088 | INFO | SpawnProcess-5 | stage2_run4 | Epoch 082 | train_loss=107.1218 | train_acc=0.9435 | test_loss=18.1695 | test_acc=0.9371
2026-05-14 12:04:55,371 | INFO | SpawnProcess-3 | stage2_run2 | Epoch 094 | train_loss=102.8666 | train_acc=0.9507 | test_loss=17.9582 | test_acc=0.9302
2026-05-14 12:04:57,302 | INFO | SpawnProcess-2 | stage2_run5 | Epoch 077 | train_loss=103.5203 | train_acc=0.9436 | test_loss=17.6981 | test_acc=0.9381
2026-05-14 12:05:00,258 | INFO | SpawnProcess-1 | stage2_run1 | Epoch 095 | train_loss=101.1576 | train_acc=0.9382 | test_loss=17.1508 | test_acc=0.9328
2026-05-14 12:05:17,760 | INFO | SpawnProcess-3 | stage2_run2 | Epoch 095 | train_loss=102.5363 | train_acc=0.9523 | test_loss=17.4178 | test_acc=0.9500
2026-05-14 12:05:19,757 | INFO | SpawnProcess-5 | stage2_run4 | Epoch 083 | train_loss=107.6119 | train_acc=0.9401 | test_loss=18.3041 | test_acc=0.9337
2026-05-14 12:05:21,239 | INFO | SpawnProcess-2 | stage2_run5 | Epoch 078 | train_loss=104.2174 | train_acc=0.9412 | test_loss=17.5422 | test_acc=0.9424
2026-05-14 12:05:22,963 | INFO | SpawnProcess-1 | stage2_run1 | Epoch 096 | train_loss=100.4378 | train_acc=0.9407 | test_loss=17.5290 | test_acc=0.9226
2026-05-14 12:05:24,347 | INFO | SpawnProcess-4 | stage2_run3 | Epoch 077 | train_loss=109.4416 | train_acc=0.9482 | test_loss=18.9648 | test_acc=0.9323
2026-05-14 12:05:37,647 | INFO | SpawnProcess-3 | stage2_run2 | Epoch 096 | train_loss=103.2423 | train_acc=0.9489 | test_loss=17.7078 | test_acc=0.9402
2026-05-14 12:05:43,608 | INFO | SpawnProcess-5 | stage2_run4 | Epoch 084 | train_loss=107.2405 | train_acc=0.9429 | test_loss=18.4443 | test_acc=0.9264
2026-05-14 12:05:44,999 | INFO | SpawnProcess-1 | stage2_run1 | Epoch 097 | train_loss=99.1787 | train_acc=0.9461 | test_loss=16.8093 | test_acc=0.9415
2026-05-14 12:05:48,699 | INFO | SpawnProcess-2 | stage2_run5 | Epoch 079 | train_loss=103.6942 | train_acc=0.9426 | test_loss=17.7494 | test_acc=0.9367
2026-05-14 12:05:50,448 | INFO | SpawnProcess-4 | stage2_run3 | Epoch 078 | train_loss=109.5758 | train_acc=0.9482 | test_loss=19.0309 | test_acc=0.9381
2026-05-14 12:05:57,541 | INFO | SpawnProcess-3 | stage2_run2 | Epoch 097 | train_loss=103.0749 | train_acc=0.9494 | test_loss=17.5823 | test_acc=0.9450
2026-05-14 12:06:11,379 | INFO | SpawnProcess-2 | stage2_run5 | Epoch 080 | train_loss=104.4206 | train_acc=0.9393 | test_loss=17.4704 | test_acc=0.9424
2026-05-14 12:06:14,097 | INFO | SpawnProcess-3 | stage2_run2 | Epoch 098 | train_loss=102.9280 | train_acc=0.9496 | test_loss=17.4382 | test_acc=0.9487
2026-05-14 12:06:15,035 | INFO | SpawnProcess-1 | stage2_run1 | Epoch 098 | train_loss=99.9156 | train_acc=0.9431 | test_loss=17.1961 | test_acc=0.9360
2026-05-14 12:06:15,219 | INFO | SpawnProcess-5 | stage2_run4 | Epoch 085 | train_loss=106.8305 | train_acc=0.9441 | test_loss=18.3533 | test_acc=0.9308
2026-05-14 12:06:22,794 | INFO | SpawnProcess-4 | stage2_run3 | Epoch 079 | train_loss=109.1574 | train_acc=0.9494 | test_loss=19.0316 | test_acc=0.9346
2026-05-14 12:06:31,030 | INFO | SpawnProcess-3 | stage2_run2 | Epoch 099 | train_loss=103.1648 | train_acc=0.9488 | test_loss=17.5481 | test_acc=0.9433
2026-05-14 12:06:32,542 | INFO | SpawnProcess-5 | stage2_run4 | Epoch 086 | train_loss=106.8463 | train_acc=0.9434 | test_loss=18.1008 | test_acc=0.9369
2026-05-14 12:06:41,206 | INFO | SpawnProcess-2 | stage2_run5 | Epoch 081 | train_loss=103.3675 | train_acc=0.9433 | test_loss=17.7812 | test_acc=0.9354
2026-05-14 12:06:41,489 | INFO | SpawnProcess-1 | stage2_run1 | Epoch 099 | train_loss=99.5422 | train_acc=0.9441 | test_loss=16.9440 | test_acc=0.9373
2026-05-14 12:06:47,213 | INFO | SpawnProcess-5 | stage2_run4 | Epoch 087 | train_loss=107.0169 | train_acc=0.9424 | test_loss=18.1414 | test_acc=0.9368
2026-05-14 12:06:48,074 | INFO | SpawnProcess-3 | stage2_run2 | Epoch 100 | train_loss=103.7422 | train_acc=0.9458 | test_loss=17.6055 | test_acc=0.9432
2026-05-14 12:06:50,599 | INFO | SpawnProcess-4 | stage2_run3 | Epoch 080 | train_loss=110.9610 | train_acc=0.9410 | test_loss=19.1332 | test_acc=0.9300
2026-05-14 12:07:04,455 | INFO | SpawnProcess-3 | stage2_run2 | Epoch 101 | train_loss=102.4890 | train_acc=0.9521 | test_loss=17.3002 | test_acc=0.9392
2026-05-14 12:07:09,680 | INFO | SpawnProcess-2 | stage2_run5 | Epoch 082 | train_loss=104.1343 | train_acc=0.9398 | test_loss=17.4945 | test_acc=0.9385
2026-05-14 12:07:11,002 | INFO | SpawnProcess-5 | stage2_run4 | Epoch 088 | train_loss=107.7522 | train_acc=0.9394 | test_loss=18.1698 | test_acc=0.9329
2026-05-14 12:07:15,044 | INFO | SpawnProcess-1 | stage2_run1 | Epoch 100 | train_loss=99.6988 | train_acc=0.9435 | test_loss=17.3253 | test_acc=0.9279
2026-05-14 12:07:23,591 | INFO | SpawnProcess-3 | stage2_run2 | Epoch 102 | train_loss=102.2464 | train_acc=0.9526 | test_loss=17.5944 | test_acc=0.9412
2026-05-14 12:07:23,844 | INFO | SpawnProcess-4 | stage2_run3 | Epoch 081 | train_loss=109.9578 | train_acc=0.9464 | test_loss=18.8406 | test_acc=0.9405
2026-05-14 12:07:33,159 | INFO | SpawnProcess-2 | stage2_run5 | Epoch 083 | train_loss=103.1098 | train_acc=0.9446 | test_loss=17.3338 | test_acc=0.9452
2026-05-14 12:07:34,143 | INFO | SpawnProcess-5 | stage2_run4 | Epoch 089 | train_loss=106.7572 | train_acc=0.9433 | test_loss=18.2385 | test_acc=0.9336
2026-05-14 12:07:38,212 | INFO | SpawnProcess-1 | stage2_run1 | Epoch 101 | train_loss=99.5162 | train_acc=0.9438 | test_loss=16.9185 | test_acc=0.9384
2026-05-14 12:07:41,469 | INFO | SpawnProcess-3 | stage2_run2 | Epoch 103 | train_loss=103.0560 | train_acc=0.9488 | test_loss=17.3667 | test_acc=0.9498
2026-05-14 12:07:53,286 | INFO | SpawnProcess-2 | stage2_run5 | Epoch 084 | train_loss=103.0777 | train_acc=0.9440 | test_loss=17.6951 | test_acc=0.9381
2026-05-14 12:07:56,997 | INFO | SpawnProcess-4 | stage2_run3 | Epoch 082 | train_loss=109.1087 | train_acc=0.9489 | test_loss=18.8330 | test_acc=0.9391
2026-05-14 12:08:00,940 | INFO | SpawnProcess-3 | stage2_run2 | Epoch 104 | train_loss=102.5842 | train_acc=0.9506 | test_loss=17.9624 | test_acc=0.9337
2026-05-14 12:08:02,760 | INFO | SpawnProcess-1 | stage2_run1 | Epoch 102 | train_loss=99.1614 | train_acc=0.9458 | test_loss=16.9076 | test_acc=0.9395
2026-05-14 12:08:05,159 | INFO | SpawnProcess-5 | stage2_run4 | Epoch 090 | train_loss=106.7010 | train_acc=0.9437 | test_loss=18.6221 | test_acc=0.9165
2026-05-14 12:08:14,172 | INFO | SpawnProcess-2 | stage2_run5 | Epoch 085 | train_loss=103.6785 | train_acc=0.9426 | test_loss=17.7776 | test_acc=0.9321
2026-05-14 12:08:19,132 | INFO | SpawnProcess-1 | stage2_run1 | Epoch 103 | train_loss=99.4290 | train_acc=0.9448 | test_loss=17.8067 | test_acc=0.9130
2026-05-14 12:08:22,297 | INFO | SpawnProcess-4 | stage2_run3 | Epoch 083 | train_loss=109.1453 | train_acc=0.9496 | test_loss=18.6117 | test_acc=0.9460
2026-05-14 12:08:27,273 | INFO | SpawnProcess-5 | stage2_run4 | Epoch 091 | train_loss=107.3827 | train_acc=0.9399 | test_loss=18.5205 | test_acc=0.9206
2026-05-14 12:08:34,578 | INFO | SpawnProcess-3 | stage2_run2 | Epoch 105 | train_loss=102.1384 | train_acc=0.9519 | test_loss=17.3041 | test_acc=0.9491
2026-05-14 12:08:39,043 | INFO | SpawnProcess-4 | stage2_run3 | Epoch 084 | train_loss=109.2970 | train_acc=0.9481 | test_loss=18.6335 | test_acc=0.9444
2026-05-14 12:08:39,157 | INFO | SpawnProcess-1 | stage2_run1 | Epoch 104 | train_loss=99.2005 | train_acc=0.9449 | test_loss=16.7775 | test_acc=0.9425
2026-05-14 12:08:48,304 | INFO | SpawnProcess-2 | stage2_run5 | Epoch 086 | train_loss=103.7533 | train_acc=0.9419 | test_loss=17.5634 | test_acc=0.9413
2026-05-14 12:08:55,435 | INFO | SpawnProcess-4 | stage2_run3 | Epoch 085 | train_loss=108.7195 | train_acc=0.9504 | test_loss=18.5147 | test_acc=0.9478
2026-05-14 12:08:56,851 | INFO | SpawnProcess-5 | stage2_run4 | Epoch 092 | train_loss=108.2414 | train_acc=0.9356 | test_loss=18.3718 | test_acc=0.9276
2026-05-14 12:08:57,235 | INFO | SpawnProcess-1 | stage2_run1 | Epoch 105 | train_loss=98.8765 | train_acc=0.9462 | test_loss=16.7060 | test_acc=0.9451
2026-05-14 12:09:08,082 | INFO | SpawnProcess-3 | stage2_run2 | Epoch 106 | train_loss=102.4221 | train_acc=0.9506 | test_loss=17.2075 | test_acc=0.9432
2026-05-14 12:09:14,459 | INFO | SpawnProcess-1 | stage2_run1 | Epoch 106 | train_loss=98.9261 | train_acc=0.9456 | test_loss=16.8936 | test_acc=0.9395
2026-05-14 12:09:20,388 | INFO | SpawnProcess-4 | stage2_run3 | Epoch 086 | train_loss=109.1499 | train_acc=0.9486 | test_loss=18.8677 | test_acc=0.9372
2026-05-14 12:09:20,762 | INFO | SpawnProcess-2 | stage2_run5 | Epoch 087 | train_loss=102.6420 | train_acc=0.9462 | test_loss=17.4048 | test_acc=0.9430
2026-05-14 12:09:23,260 | INFO | SpawnProcess-5 | stage2_run4 | Epoch 093 | train_loss=107.7728 | train_acc=0.9382 | test_loss=18.1987 | test_acc=0.9359
2026-05-14 12:09:35,553 | INFO | SpawnProcess-1 | stage2_run1 | Epoch 107 | train_loss=99.7255 | train_acc=0.9419 | test_loss=17.1065 | test_acc=0.9355
2026-05-14 12:09:36,741 | INFO | SpawnProcess-3 | stage2_run2 | Epoch 107 | train_loss=103.4430 | train_acc=0.9466 | test_loss=17.9761 | test_acc=0.9326
2026-05-14 12:09:44,212 | INFO | SpawnProcess-5 | stage2_run4 | Epoch 094 | train_loss=105.9918 | train_acc=0.9461 | test_loss=17.9010 | test_acc=0.9404
2026-05-14 12:09:48,721 | INFO | SpawnProcess-2 | stage2_run5 | Epoch 088 | train_loss=102.8564 | train_acc=0.9453 | test_loss=17.3254 | test_acc=0.9450
2026-05-14 12:09:52,794 | INFO | SpawnProcess-4 | stage2_run3 | Epoch 087 | train_loss=109.1576 | train_acc=0.9486 | test_loss=18.5425 | test_acc=0.9443
2026-05-14 12:09:56,039 | INFO | SpawnProcess-1 | stage2_run1 | Epoch 108 | train_loss=100.2674 | train_acc=0.9398 | test_loss=17.4405 | test_acc=0.9243
2026-05-14 12:10:06,414 | INFO | SpawnProcess-5 | stage2_run4 | Epoch 095 | train_loss=106.7934 | train_acc=0.9428 | test_loss=19.0247 | test_acc=0.9117
2026-05-14 12:10:09,598 | INFO | SpawnProcess-3 | stage2_run2 | Epoch 108 | train_loss=103.4737 | train_acc=0.9460 | test_loss=17.4746 | test_acc=0.9424
2026-05-14 12:10:14,444 | INFO | SpawnProcess-2 | stage2_run5 | Epoch 089 | train_loss=102.7007 | train_acc=0.9453 | test_loss=17.5087 | test_acc=0.9402
2026-05-14 12:10:18,251 | INFO | SpawnProcess-1 | stage2_run1 | Epoch 109 | train_loss=99.6533 | train_acc=0.9419 | test_loss=16.8480 | test_acc=0.9427
2026-05-14 12:10:23,404 | INFO | SpawnProcess-4 | stage2_run3 | Epoch 088 | train_loss=108.5325 | train_acc=0.9512 | test_loss=18.4477 | test_acc=0.9469
2026-05-14 12:10:29,525 | INFO | SpawnProcess-3 | stage2_run2 | Epoch 109 | train_loss=102.7930 | train_acc=0.9487 | test_loss=18.3704 | test_acc=0.9122
2026-05-14 12:10:34,355 | INFO | SpawnProcess-2 | stage2_run5 | Epoch 090 | train_loss=103.2672 | train_acc=0.9424 | test_loss=17.6099 | test_acc=0.9375
2026-05-14 12:10:37,560 | INFO | SpawnProcess-5 | stage2_run4 | Epoch 096 | train_loss=107.4482 | train_acc=0.9395 | test_loss=18.4396 | test_acc=0.9266
2026-05-14 12:10:38,667 | INFO | SpawnProcess-1 | stage2_run1 | Epoch 110 | train_loss=98.8579 | train_acc=0.9456 | test_loss=16.6710 | test_acc=0.9468
2026-05-14 12:10:50,349 | INFO | SpawnProcess-3 | stage2_run2 | Epoch 110 | train_loss=102.3537 | train_acc=0.9505 | test_loss=17.3747 | test_acc=0.9485
2026-05-14 12:10:56,423 | INFO | SpawnProcess-4 | stage2_run3 | Epoch 089 | train_loss=108.2144 | train_acc=0.9520 | test_loss=18.4519 | test_acc=0.9482
2026-05-14 12:10:56,827 | INFO | SpawnProcess-2 | stage2_run5 | Epoch 091 | train_loss=103.2767 | train_acc=0.9425 | test_loss=17.5639 | test_acc=0.9374
2026-05-14 12:11:05,069 | INFO | SpawnProcess-5 | stage2_run4 | Epoch 097 | train_loss=107.0877 | train_acc=0.9413 | test_loss=18.5005 | test_acc=0.9221
2026-05-14 12:11:06,100 | INFO | SpawnProcess-3 | stage2_run2 | Epoch 111 | train_loss=102.0714 | train_acc=0.9515 | test_loss=17.1421 | test_acc=0.9536
2026-05-14 12:11:12,842 | INFO | SpawnProcess-1 | stage2_run1 | Epoch 111 | train_loss=98.2991 | train_acc=0.9478 | test_loss=16.7513 | test_acc=0.9442
2026-05-14 12:11:21,202 | INFO | SpawnProcess-2 | stage2_run5 | Epoch 092 | train_loss=103.5334 | train_acc=0.9410 | test_loss=17.7950 | test_acc=0.9275
2026-05-14 12:11:21,852 | INFO | SpawnProcess-3 | stage2_run2 | Epoch 112 | train_loss=101.1338 | train_acc=0.9555 | test_loss=17.2055 | test_acc=0.9442
2026-05-14 12:11:27,843 | INFO | SpawnProcess-4 | stage2_run3 | Epoch 090 | train_loss=109.3666 | train_acc=0.9467 | test_loss=18.7729 | test_acc=0.9388
2026-05-14 12:11:30,472 | INFO | SpawnProcess-5 | stage2_run4 | Epoch 098 | train_loss=106.2757 | train_acc=0.9440 | test_loss=18.5676 | test_acc=0.9203
2026-05-14 12:11:38,817 | INFO | SpawnProcess-3 | stage2_run2 | Epoch 113 | train_loss=102.8130 | train_acc=0.9486 | test_loss=17.6233 | test_acc=0.9171
2026-05-14 12:11:47,529 | INFO | SpawnProcess-1 | stage2_run1 | Epoch 112 | train_loss=98.6315 | train_acc=0.9461 | test_loss=16.5483 | test_acc=0.9495
2026-05-14 12:11:53,074 | INFO | SpawnProcess-5 | stage2_run4 | Epoch 099 | train_loss=105.8591 | train_acc=0.9462 | test_loss=18.3813 | test_acc=0.9294
2026-05-14 12:11:53,130 | INFO | SpawnProcess-4 | stage2_run3 | Epoch 091 | train_loss=108.2385 | train_acc=0.9520 | test_loss=18.3360 | test_acc=0.9505
2026-05-14 12:11:54,276 | INFO | SpawnProcess-2 | stage2_run5 | Epoch 093 | train_loss=103.5667 | train_acc=0.9409 | test_loss=17.6268 | test_acc=0.9389
2026-05-14 12:11:57,075 | INFO | SpawnProcess-3 | stage2_run2 | Epoch 114 | train_loss=101.8211 | train_acc=0.9528 | test_loss=17.2283 | test_acc=0.9258
2026-05-14 12:12:15,569 | INFO | SpawnProcess-3 | stage2_run2 | Epoch 115 | train_loss=102.2121 | train_acc=0.9504 | test_loss=17.2135 | test_acc=0.9478
2026-05-14 12:12:17,083 | INFO | SpawnProcess-1 | stage2_run1 | Epoch 113 | train_loss=98.4806 | train_acc=0.9472 | test_loss=16.7487 | test_acc=0.9415
2026-05-14 12:12:17,106 | INFO | SpawnProcess-2 | stage2_run5 | Epoch 094 | train_loss=104.2538 | train_acc=0.9392 | test_loss=17.6458 | test_acc=0.9377
2026-05-14 12:12:23,505 | INFO | SpawnProcess-4 | stage2_run3 | Epoch 092 | train_loss=107.4770 | train_acc=0.9549 | test_loss=18.3958 | test_acc=0.9487
2026-05-14 12:12:24,601 | INFO | SpawnProcess-5 | stage2_run4 | Epoch 100 | train_loss=105.9455 | train_acc=0.9459 | test_loss=18.0864 | test_acc=0.9379
2026-05-14 12:12:36,559 | INFO | SpawnProcess-3 | stage2_run2 | Epoch 116 | train_loss=102.9965 | train_acc=0.9476 | test_loss=17.3377 | test_acc=0.9484
2026-05-14 12:12:42,841 | INFO | SpawnProcess-1 | stage2_run1 | Epoch 114 | train_loss=98.7465 | train_acc=0.9451 | test_loss=16.8000 | test_acc=0.9395
2026-05-14 12:12:46,104 | INFO | SpawnProcess-2 | stage2_run5 | Epoch 095 | train_loss=102.2988 | train_acc=0.9456 | test_loss=17.1754 | test_acc=0.9483
2026-05-14 12:12:49,134 | INFO | SpawnProcess-4 | stage2_run3 | Epoch 093 | train_loss=108.5834 | train_acc=0.9505 | test_loss=18.5350 | test_acc=0.9441
2026-05-14 12:12:52,297 | INFO | SpawnProcess-5 | stage2_run4 | Epoch 101 | train_loss=106.0932 | train_acc=0.9448 | test_loss=18.1629 | test_acc=0.9335
2026-05-14 12:12:57,719 | INFO | SpawnProcess-1 | stage2_run1 | Epoch 115 | train_loss=99.0607 | train_acc=0.9439 | test_loss=16.8792 | test_acc=0.9386
2026-05-14 12:13:07,207 | INFO | SpawnProcess-5 | stage2_run4 | Epoch 102 | train_loss=106.2211 | train_acc=0.9441 | test_loss=18.0294 | test_acc=0.9374
2026-05-14 12:13:07,435 | INFO | SpawnProcess-3 | stage2_run2 | Epoch 117 | train_loss=102.2605 | train_acc=0.9499 | test_loss=17.5195 | test_acc=0.9409
2026-05-14 12:13:16,780 | INFO | SpawnProcess-2 | stage2_run5 | Epoch 096 | train_loss=102.8073 | train_acc=0.9443 | test_loss=17.3843 | test_acc=0.9415
2026-05-14 12:13:17,275 | INFO | SpawnProcess-1 | stage2_run1 | Epoch 116 | train_loss=99.1702 | train_acc=0.9435 | test_loss=16.6904 | test_acc=0.9453
2026-05-14 12:13:19,229 | INFO | SpawnProcess-4 | stage2_run3 | Epoch 094 | train_loss=108.4938 | train_acc=0.9496 | test_loss=18.5887 | test_acc=0.9429
2026-05-14 12:13:27,191 | INFO | SpawnProcess-3 | stage2_run2 | Epoch 118 | train_loss=103.2456 | train_acc=0.9452 | test_loss=17.4911 | test_acc=0.9370
2026-05-14 12:13:27,978 | INFO | SpawnProcess-5 | stage2_run4 | Epoch 103 | train_loss=106.1148 | train_acc=0.9444 | test_loss=17.8992 | test_acc=0.9418
2026-05-14 12:13:42,727 | INFO | SpawnProcess-5 | stage2_run4 | Epoch 104 | train_loss=107.0993 | train_acc=0.9398 | test_loss=17.9689 | test_acc=0.9354
2026-05-14 12:13:43,804 | INFO | SpawnProcess-2 | stage2_run5 | Epoch 097 | train_loss=102.6364 | train_acc=0.9449 | test_loss=17.8994 | test_acc=0.9214
2026-05-14 12:13:43,878 | INFO | SpawnProcess-3 | stage2_run2 | Epoch 119 | train_loss=102.4093 | train_acc=0.9500 | test_loss=17.3188 | test_acc=0.9463
2026-05-14 12:13:48,838 | INFO | SpawnProcess-1 | stage2_run1 | Epoch 117 | train_loss=98.7863 | train_acc=0.9450 | test_loss=17.0671 | test_acc=0.9385
2026-05-14 12:13:49,561 | INFO | SpawnProcess-4 | stage2_run3 | Epoch 095 | train_loss=107.7254 | train_acc=0.9534 | test_loss=18.4892 | test_acc=0.9469
2026-05-14 12:14:03,367 | INFO | SpawnProcess-3 | stage2_run2 | Epoch 120 | train_loss=101.1207 | train_acc=0.9555 | test_loss=17.5251 | test_acc=0.9393
2026-05-14 12:14:08,128 | INFO | SpawnProcess-2 | stage2_run5 | Epoch 098 | train_loss=103.0611 | train_acc=0.9422 | test_loss=17.2263 | test_acc=0.9470
2026-05-14 12:14:09,853 | INFO | SpawnProcess-4 | stage2_run3 | Epoch 096 | train_loss=107.0534 | train_acc=0.9560 | test_loss=18.3904 | test_acc=0.9487
2026-05-14 12:14:16,388 | INFO | SpawnProcess-5 | stage2_run4 | Epoch 105 | train_loss=106.1223 | train_acc=0.9441 | test_loss=18.0174 | test_acc=0.9387
2026-05-14 12:14:16,496 | INFO | SpawnProcess-1 | stage2_run1 | Epoch 118 | train_loss=98.1647 | train_acc=0.9475 | test_loss=16.7089 | test_acc=0.9429
2026-05-14 12:14:21,178 | INFO | SpawnProcess-3 | stage2_run2 | Epoch 121 | train_loss=101.7062 | train_acc=0.9521 | test_loss=17.2075 | test_acc=0.9485
2026-05-14 12:14:34,446 | INFO | SpawnProcess-2 | stage2_run5 | Epoch 099 | train_loss=101.8558 | train_acc=0.9480 | test_loss=17.4828 | test_acc=0.9399
2026-05-14 12:14:34,740 | INFO | SpawnProcess-4 | stage2_run3 | Epoch 097 | train_loss=108.4729 | train_acc=0.9489 | test_loss=18.3126 | test_acc=0.9507
2026-05-14 12:14:35,086 | INFO | SpawnProcess-1 | stage2_run1 | Epoch 119 | train_loss=98.5919 | train_acc=0.9456 | test_loss=16.9903 | test_acc=0.9347
2026-05-14 12:14:52,837 | INFO | SpawnProcess-1 | stage2_run1 | Epoch 120 | train_loss=97.5956 | train_acc=0.9495 | test_loss=16.9548 | test_acc=0.9369
2026-05-14 12:14:53,288 | INFO | SpawnProcess-5 | stage2_run4 | Epoch 106 | train_loss=105.5527 | train_acc=0.9466 | test_loss=18.1011 | test_acc=0.9348
2026-05-14 12:14:56,419 | INFO | SpawnProcess-3 | stage2_run2 | Epoch 122 | train_loss=101.7377 | train_acc=0.9529 | test_loss=17.3254 | test_acc=0.9495
2026-05-14 12:14:56,649 | INFO | SpawnProcess-4 | stage2_run3 | Epoch 098 | train_loss=107.6659 | train_acc=0.9528 | test_loss=18.6563 | test_acc=0.9410
2026-05-14 12:14:59,364 | INFO | SpawnProcess-2 | stage2_run5 | Epoch 100 | train_loss=102.2712 | train_acc=0.9454 | test_loss=17.1377 | test_acc=0.9496
2026-05-14 12:15:17,700 | INFO | SpawnProcess-1 | stage2_run1 | Epoch 121 | train_loss=98.9371 | train_acc=0.9446 | test_loss=17.6681 | test_acc=0.9198
2026-05-14 12:15:18,498 | INFO | SpawnProcess-4 | stage2_run3 | Epoch 099 | train_loss=109.0963 | train_acc=0.9462 | test_loss=18.4598 | test_acc=0.9434
2026-05-14 12:15:21,531 | INFO | SpawnProcess-3 | stage2_run2 | Epoch 123 | train_loss=101.5649 | train_acc=0.9536 | test_loss=18.2804 | test_acc=0.9232
2026-05-14 12:15:24,258 | INFO | SpawnProcess-5 | stage2_run4 | Epoch 107 | train_loss=106.5689 | train_acc=0.9420 | test_loss=18.3771 | test_acc=0.9266
2026-05-14 12:15:32,185 | INFO | SpawnProcess-2 | stage2_run5 | Epoch 101 | train_loss=101.7769 | train_acc=0.9478 | test_loss=17.3936 | test_acc=0.9435
2026-05-14 12:15:36,537 | INFO | SpawnProcess-1 | stage2_run1 | Epoch 122 | train_loss=98.7491 | train_acc=0.9448 | test_loss=17.0307 | test_acc=0.9380
2026-05-14 12:15:42,681 | INFO | SpawnProcess-5 | stage2_run4 | Epoch 108 | train_loss=107.2941 | train_acc=0.9383 | test_loss=18.1183 | test_acc=0.9345
2026-05-14 12:15:44,717 | INFO | SpawnProcess-3 | stage2_run2 | Epoch 124 | train_loss=102.0555 | train_acc=0.9514 | test_loss=17.3516 | test_acc=0.9434
2026-05-14 12:15:47,421 | INFO | SpawnProcess-4 | stage2_run3 | Epoch 100 | train_loss=108.1274 | train_acc=0.9510 | test_loss=18.6743 | test_acc=0.9390
2026-05-14 12:15:58,708 | INFO | SpawnProcess-1 | stage2_run1 | Epoch 123 | train_loss=97.9382 | train_acc=0.9483 | test_loss=16.7459 | test_acc=0.9412
2026-05-14 12:16:02,640 | INFO | SpawnProcess-2 | stage2_run5 | Epoch 102 | train_loss=103.4903 | train_acc=0.9408 | test_loss=17.3819 | test_acc=0.9446
2026-05-14 12:16:05,557 | INFO | SpawnProcess-3 | stage2_run2 | Epoch 125 | train_loss=101.3066 | train_acc=0.9546 | test_loss=17.6575 | test_acc=0.9367
2026-05-14 12:16:10,411 | INFO | SpawnProcess-5 | stage2_run4 | Epoch 109 | train_loss=105.3363 | train_acc=0.9468 | test_loss=17.9375 | test_acc=0.9379
2026-05-14 12:16:10,633 | INFO | SpawnProcess-4 | stage2_run3 | Epoch 101 | train_loss=108.2714 | train_acc=0.9496 | test_loss=18.4508 | test_acc=0.9483
2026-05-14 12:16:25,201 | INFO | SpawnProcess-1 | stage2_run1 | Epoch 124 | train_loss=98.3794 | train_acc=0.9464 | test_loss=16.9500 | test_acc=0.9364
2026-05-14 12:16:25,612 | INFO | SpawnProcess-3 | stage2_run2 | Epoch 126 | train_loss=101.9044 | train_acc=0.9511 | test_loss=17.3509 | test_acc=0.9443
2026-05-14 12:16:30,084 | INFO | SpawnProcess-5 | stage2_run4 | Epoch 110 | train_loss=106.0703 | train_acc=0.9438 | test_loss=17.6980 | test_acc=0.9460
2026-05-14 12:16:31,619 | INFO | SpawnProcess-2 | stage2_run5 | Epoch 103 | train_loss=101.6262 | train_acc=0.9486 | test_loss=17.6493 | test_acc=0.9353
2026-05-14 12:16:40,348 | INFO | SpawnProcess-4 | stage2_run3 | Epoch 102 | train_loss=106.9555 | train_acc=0.9556 | test_loss=18.4302 | test_acc=0.9446
2026-05-14 12:16:45,755 | INFO | SpawnProcess-1 | stage2_run1 | Epoch 125 | train_loss=98.7981 | train_acc=0.9444 | test_loss=16.6579 | test_acc=0.9458
2026-05-14 12:16:47,146 | INFO | SpawnProcess-5 | stage2_run4 | Epoch 111 | train_loss=106.8933 | train_acc=0.9401 | test_loss=17.7190 | test_acc=0.9449
2026-05-14 12:16:48,754 | INFO | SpawnProcess-3 | stage2_run2 | Epoch 127 | train_loss=100.9491 | train_acc=0.9556 | test_loss=17.2675 | test_acc=0.9498
2026-05-14 12:16:51,290 | INFO | SpawnProcess-2 | stage2_run5 | Epoch 104 | train_loss=102.0301 | train_acc=0.9466 | test_loss=17.3375 | test_acc=0.9442
2026-05-14 12:17:07,867 | INFO | SpawnProcess-1 | stage2_run1 | Epoch 126 | train_loss=98.5522 | train_acc=0.9449 | test_loss=17.3286 | test_acc=0.9269
2026-05-14 12:17:08,729 | INFO | SpawnProcess-3 | stage2_run2 | Epoch 128 | train_loss=101.3839 | train_acc=0.9540 | test_loss=17.4102 | test_acc=0.9450
2026-05-14 12:17:09,707 | INFO | SpawnProcess-2 | stage2_run5 | Epoch 105 | train_loss=101.9532 | train_acc=0.9474 | test_loss=17.2061 | test_acc=0.9469
2026-05-14 12:17:13,224 | INFO | SpawnProcess-4 | stage2_run3 | Epoch 103 | train_loss=107.2727 | train_acc=0.9533 | test_loss=18.4726 | test_acc=0.9450
2026-05-14 12:17:15,577 | INFO | SpawnProcess-5 | stage2_run4 | Epoch 112 | train_loss=106.1005 | train_acc=0.9435 | test_loss=17.9362 | test_acc=0.9382
2026-05-14 12:17:24,368 | INFO | SpawnProcess-1 | stage2_run1 | Epoch 127 | train_loss=99.4436 | train_acc=0.9411 | test_loss=16.7539 | test_acc=0.9404
2026-05-14 12:17:25,561 | INFO | SpawnProcess-2 | stage2_run5 | Epoch 106 | train_loss=101.6510 | train_acc=0.9485 | test_loss=17.4172 | test_acc=0.9424
2026-05-14 12:17:35,497 | INFO | SpawnProcess-5 | stage2_run4 | Epoch 113 | train_loss=106.6696 | train_acc=0.9401 | test_loss=18.0892 | test_acc=0.9292
2026-05-14 12:17:36,380 | INFO | SpawnProcess-3 | stage2_run2 | Epoch 129 | train_loss=102.2906 | train_acc=0.9496 | test_loss=17.5590 | test_acc=0.9413
2026-05-14 12:17:42,359 | INFO | SpawnProcess-2 | stage2_run5 | Epoch 107 | train_loss=101.2466 | train_acc=0.9503 | test_loss=17.2547 | test_acc=0.9475
2026-05-14 12:17:45,174 | INFO | SpawnProcess-1 | stage2_run1 | Epoch 128 | train_loss=98.8916 | train_acc=0.9437 | test_loss=17.1486 | test_acc=0.9319
2026-05-14 12:17:45,581 | INFO | SpawnProcess-4 | stage2_run3 | Epoch 104 | train_loss=106.8101 | train_acc=0.9546 | test_loss=18.1990 | test_acc=0.9518
2026-05-14 12:18:00,588 | INFO | SpawnProcess-1 | stage2_run1 | Epoch 129 | train_loss=98.5776 | train_acc=0.9446 | test_loss=16.8345 | test_acc=0.9417
2026-05-14 12:18:03,588 | INFO | SpawnProcess-2 | stage2_run5 | Epoch 108 | train_loss=101.5243 | train_acc=0.9488 | test_loss=17.4813 | test_acc=0.9403
2026-05-14 12:18:05,459 | INFO | SpawnProcess-5 | stage2_run4 | Epoch 114 | train_loss=105.9707 | train_acc=0.9431 | test_loss=18.7142 | test_acc=0.9170
2026-05-14 12:18:07,553 | INFO | SpawnProcess-3 | stage2_run2 | Epoch 130 | train_loss=104.1761 | train_acc=0.9417 | test_loss=17.3360 | test_acc=0.9449
2026-05-14 12:18:17,970 | INFO | SpawnProcess-4 | stage2_run3 | Epoch 105 | train_loss=106.9890 | train_acc=0.9546 | test_loss=18.5060 | test_acc=0.9420
2026-05-14 12:18:24,621 | INFO | SpawnProcess-1 | stage2_run1 | Epoch 130 | train_loss=97.4834 | train_acc=0.9488 | test_loss=16.7952 | test_acc=0.9405
2026-05-14 12:18:24,787 | INFO | SpawnProcess-3 | stage2_run2 | Epoch 131 | train_loss=101.9484 | train_acc=0.9514 | test_loss=17.3599 | test_acc=0.9466
2026-05-14 12:18:25,898 | INFO | SpawnProcess-2 | stage2_run5 | Epoch 109 | train_loss=101.5394 | train_acc=0.9477 | test_loss=17.6965 | test_acc=0.9345
2026-05-14 12:18:28,323 | INFO | SpawnProcess-5 | stage2_run4 | Epoch 115 | train_loss=105.1675 | train_acc=0.9463 | test_loss=17.9395 | test_acc=0.9361
2026-05-14 12:18:41,319 | INFO | SpawnProcess-3 | stage2_run2 | Epoch 132 | train_loss=101.6388 | train_acc=0.9526 | test_loss=17.4501 | test_acc=0.9455
2026-05-14 12:18:43,638 | INFO | SpawnProcess-4 | stage2_run3 | Epoch 106 | train_loss=108.1412 | train_acc=0.9489 | test_loss=18.4247 | test_acc=0.9478
2026-05-14 12:18:51,119 | INFO | SpawnProcess-2 | stage2_run5 | Epoch 110 | train_loss=102.5936 | train_acc=0.9440 | test_loss=17.7253 | test_acc=0.9347
2026-05-14 12:18:55,503 | INFO | SpawnProcess-1 | stage2_run1 | Epoch 131 | train_loss=97.9073 | train_acc=0.9465 | test_loss=16.4741 | test_acc=0.9456
2026-05-14 12:18:56,189 | INFO | SpawnProcess-5 | stage2_run4 | Epoch 116 | train_loss=105.8774 | train_acc=0.9423 | test_loss=18.5302 | test_acc=0.9207
2026-05-14 12:19:02,374 | INFO | SpawnProcess-3 | stage2_run2 | Epoch 133 | train_loss=101.0789 | train_acc=0.9547 | test_loss=17.2839 | test_acc=0.9498
2026-05-14 12:19:05,294 | INFO | SpawnProcess-4 | stage2_run3 | Epoch 107 | train_loss=106.8641 | train_acc=0.9544 | test_loss=18.5796 | test_acc=0.9385
2026-05-14 12:19:12,517 | INFO | SpawnProcess-2 | stage2_run5 | Epoch 111 | train_loss=102.2847 | train_acc=0.9451 | test_loss=17.6179 | test_acc=0.9329
2026-05-14 12:19:16,947 | INFO | SpawnProcess-5 | stage2_run4 | Epoch 117 | train_loss=105.6561 | train_acc=0.9425 | test_loss=18.0779 | test_acc=0.9307
2026-05-14 12:19:20,783 | INFO | SpawnProcess-1 | stage2_run1 | Epoch 132 | train_loss=97.5215 | train_acc=0.9486 | test_loss=16.8200 | test_acc=0.9395
2026-05-14 12:19:24,248 | INFO | SpawnProcess-3 | stage2_run2 | Epoch 134 | train_loss=100.9693 | train_acc=0.9549 | test_loss=16.9840 | test_acc=0.9558
2026-05-14 12:19:36,548 | INFO | SpawnProcess-4 | stage2_run3 | Epoch 108 | train_loss=107.3242 | train_acc=0.9525 | test_loss=18.3452 | test_acc=0.9478
2026-05-14 12:19:37,094 | INFO | SpawnProcess-5 | stage2_run4 | Epoch 118 | train_loss=105.7144 | train_acc=0.9427 | test_loss=18.7284 | test_acc=0.9182
2026-05-14 12:19:40,255 | INFO | SpawnProcess-3 | stage2_run2 | Epoch 135 | train_loss=100.9675 | train_acc=0.9548 | test_loss=17.4364 | test_acc=0.9330
2026-05-14 12:19:41,689 | INFO | SpawnProcess-2 | stage2_run5 | Epoch 112 | train_loss=102.0557 | train_acc=0.9454 | test_loss=17.6675 | test_acc=0.9294
2026-05-14 12:19:45,895 | INFO | SpawnProcess-1 | stage2_run1 | Epoch 133 | train_loss=97.4327 | train_acc=0.9489 | test_loss=16.6136 | test_acc=0.9430
2026-05-14 12:19:55,424 | INFO | SpawnProcess-5 | stage2_run4 | Epoch 119 | train_loss=106.8438 | train_acc=0.9387 | test_loss=18.2679 | test_acc=0.9253
2026-05-14 12:19:56,018 | INFO | SpawnProcess-3 | stage2_run2 | Epoch 136 | train_loss=101.7639 | train_acc=0.9516 | test_loss=17.1387 | test_acc=0.9513
2026-05-14 12:19:59,656 | INFO | SpawnProcess-2 | stage2_run5 | Epoch 113 | train_loss=102.2922 | train_acc=0.9449 | test_loss=17.2608 | test_acc=0.9442
2026-05-14 12:20:09,177 | INFO | SpawnProcess-4 | stage2_run3 | Epoch 109 | train_loss=106.7825 | train_acc=0.9547 | test_loss=18.2571 | test_acc=0.9493
2026-05-14 12:20:11,764 | INFO | SpawnProcess-3 | stage2_run2 | Epoch 137 | train_loss=101.9413 | train_acc=0.9509 | test_loss=17.1840 | test_acc=0.9510
2026-05-14 12:20:14,787 | INFO | SpawnProcess-5 | stage2_run4 | Epoch 120 | train_loss=106.0486 | train_acc=0.9421 | test_loss=18.2311 | test_acc=0.9289
2026-05-14 12:20:18,347 | INFO | SpawnProcess-1 | stage2_run1 | Epoch 134 | train_loss=97.8793 | train_acc=0.9467 | test_loss=17.0844 | test_acc=0.9343
2026-05-14 12:20:31,513 | INFO | SpawnProcess-3 | stage2_run2 | Epoch 138 | train_loss=100.3888 | train_acc=0.9578 | test_loss=17.0788 | test_acc=0.9492
2026-05-14 12:20:31,590 | INFO | SpawnProcess-2 | stage2_run5 | Epoch 114 | train_loss=101.9759 | train_acc=0.9452 | test_loss=17.2486 | test_acc=0.9440
2026-05-14 12:20:34,347 | INFO | SpawnProcess-4 | stage2_run3 | Epoch 110 | train_loss=108.0247 | train_acc=0.9493 | test_loss=18.2237 | test_acc=0.9513
2026-05-14 12:20:40,512 | INFO | SpawnProcess-5 | stage2_run4 | Epoch 121 | train_loss=105.0863 | train_acc=0.9455 | test_loss=17.7544 | test_acc=0.9451
2026-05-14 12:20:42,435 | INFO | SpawnProcess-1 | stage2_run1 | Epoch 135 | train_loss=98.1216 | train_acc=0.9457 | test_loss=16.5656 | test_acc=0.9438
2026-05-14 12:20:56,349 | INFO | SpawnProcess-2 | stage2_run5 | Epoch 115 | train_loss=101.5155 | train_acc=0.9478 | test_loss=17.0469 | test_acc=0.9497
2026-05-14 12:20:57,558 | INFO | SpawnProcess-1 | stage2_run1 | Epoch 136 | train_loss=97.6747 | train_acc=0.9471 | test_loss=16.5840 | test_acc=0.9439
2026-05-14 12:21:01,965 | INFO | SpawnProcess-3 | stage2_run2 | Epoch 139 | train_loss=100.5584 | train_acc=0.9565 | test_loss=17.2454 | test_acc=0.9497
2026-05-14 12:21:02,286 | INFO | SpawnProcess-4 | stage2_run3 | Epoch 111 | train_loss=108.0716 | train_acc=0.9490 | test_loss=18.2778 | test_acc=0.9495
2026-05-14 12:21:13,095 | INFO | SpawnProcess-5 | stage2_run4 | Epoch 122 | train_loss=105.6228 | train_acc=0.9432 | test_loss=17.9788 | test_acc=0.9341
2026-05-14 12:21:14,371 | INFO | SpawnProcess-1 | stage2_run1 | Epoch 137 | train_loss=98.7027 | train_acc=0.9428 | test_loss=16.7458 | test_acc=0.9424
2026-05-14 12:21:19,296 | INFO | SpawnProcess-4 | stage2_run3 | Epoch 112 | train_loss=106.8948 | train_acc=0.9540 | test_loss=18.2522 | test_acc=0.9500
2026-05-14 12:21:24,404 | INFO | SpawnProcess-3 | stage2_run2 | Epoch 140 | train_loss=101.0878 | train_acc=0.9540 | test_loss=17.0630 | test_acc=0.9465
2026-05-14 12:21:26,932 | INFO | SpawnProcess-2 | stage2_run5 | Epoch 116 | train_loss=101.3227 | train_acc=0.9492 | test_loss=17.4179 | test_acc=0.9403
2026-05-14 12:21:37,602 | INFO | SpawnProcess-5 | stage2_run4 | Epoch 123 | train_loss=104.5121 | train_acc=0.9478 | test_loss=17.5230 | test_acc=0.9490
2026-05-14 12:21:40,490 | INFO | SpawnProcess-3 | stage2_run2 | Epoch 141 | train_loss=101.2186 | train_acc=0.9536 | test_loss=18.3151 | test_acc=0.9237
2026-05-14 12:21:42,012 | INFO | SpawnProcess-4 | stage2_run3 | Epoch 113 | train_loss=105.9641 | train_acc=0.9571 | test_loss=18.0927 | test_acc=0.9523
2026-05-14 12:21:42,045 | INFO | SpawnProcess-1 | stage2_run1 | Epoch 138 | train_loss=98.7415 | train_acc=0.9422 | test_loss=16.6257 | test_acc=0.9427
2026-05-14 12:22:01,385 | INFO | SpawnProcess-2 | stage2_run5 | Epoch 117 | train_loss=101.4993 | train_acc=0.9476 | test_loss=17.1378 | test_acc=0.9488
2026-05-14 12:22:03,664 | INFO | SpawnProcess-3 | stage2_run2 | Epoch 142 | train_loss=101.7829 | train_acc=0.9515 | test_loss=17.2195 | test_acc=0.9470
2026-05-14 12:22:06,528 | INFO | SpawnProcess-5 | stage2_run4 | Epoch 124 | train_loss=103.8831 | train_acc=0.9506 | test_loss=18.2452 | test_acc=0.9268
2026-05-14 12:22:07,044 | INFO | SpawnProcess-4 | stage2_run3 | Epoch 114 | train_loss=105.9106 | train_acc=0.9573 | test_loss=18.0394 | test_acc=0.9547
2026-05-14 12:22:14,018 | INFO | SpawnProcess-1 | stage2_run1 | Epoch 139 | train_loss=98.3018 | train_acc=0.9449 | test_loss=16.8328 | test_acc=0.9383
2026-05-14 12:22:23,025 | INFO | SpawnProcess-3 | stage2_run2 | Epoch 143 | train_loss=101.1739 | train_acc=0.9535 | test_loss=17.0676 | test_acc=0.9526
2026-05-14 12:22:26,457 | INFO | SpawnProcess-2 | stage2_run5 | Epoch 118 | train_loss=100.9487 | train_acc=0.9498 | test_loss=17.1031 | test_acc=0.9500
2026-05-14 12:22:28,051 | INFO | SpawnProcess-5 | stage2_run4 | Epoch 125 | train_loss=105.5209 | train_acc=0.9437 | test_loss=18.1435 | test_acc=0.9315
2026-05-14 12:22:37,675 | INFO | SpawnProcess-4 | stage2_run3 | Epoch 115 | train_loss=107.3203 | train_acc=0.9518 | test_loss=18.2454 | test_acc=0.9484
2026-05-14 12:22:38,821 | INFO | SpawnProcess-1 | stage2_run1 | Epoch 140 | train_loss=97.5659 | train_acc=0.9471 | test_loss=17.0503 | test_acc=0.9361
2026-05-14 12:22:45,209 | INFO | SpawnProcess-3 | stage2_run2 | Epoch 144 | train_loss=101.0372 | train_acc=0.9541 | test_loss=17.2578 | test_acc=0.9507
2026-05-14 12:22:55,721 | INFO | SpawnProcess-2 | stage2_run5 | Epoch 119 | train_loss=101.3929 | train_acc=0.9487 | test_loss=17.2377 | test_acc=0.9443
2026-05-14 12:23:00,646 | INFO | SpawnProcess-5 | stage2_run4 | Epoch 126 | train_loss=104.8307 | train_acc=0.9458 | test_loss=17.5739 | test_acc=0.9488
2026-05-14 12:23:05,058 | INFO | SpawnProcess-3 | stage2_run2 | Epoch 145 | train_loss=100.3835 | train_acc=0.9577 | test_loss=17.0493 | test_acc=0.9550
2026-05-14 12:23:07,812 | INFO | SpawnProcess-1 | stage2_run1 | Epoch 141 | train_loss=99.2078 | train_acc=0.9405 | test_loss=16.7029 | test_acc=0.9406
2026-05-14 12:23:11,445 | INFO | SpawnProcess-4 | stage2_run3 | Epoch 116 | train_loss=106.8894 | train_acc=0.9531 | test_loss=18.4602 | test_acc=0.9434
2026-05-14 12:23:19,273 | INFO | SpawnProcess-2 | stage2_run5 | Epoch 120 | train_loss=101.3203 | train_acc=0.9480 | test_loss=17.0844 | test_acc=0.9483
2026-05-14 12:23:25,587 | INFO | SpawnProcess-3 | stage2_run2 | Epoch 146 | train_loss=101.4362 | train_acc=0.9521 | test_loss=17.1210 | test_acc=0.9425
2026-05-14 12:23:27,146 | INFO | SpawnProcess-5 | stage2_run4 | Epoch 127 | train_loss=103.7264 | train_acc=0.9509 | test_loss=17.7227 | test_acc=0.9400
2026-05-14 12:23:34,027 | INFO | SpawnProcess-1 | stage2_run1 | Epoch 142 | train_loss=98.1708 | train_acc=0.9443 | test_loss=16.7112 | test_acc=0.9399
2026-05-14 12:23:37,215 | INFO | SpawnProcess-4 | stage2_run3 | Epoch 117 | train_loss=107.4384 | train_acc=0.9504 | test_loss=18.3093 | test_acc=0.9461
2026-05-14 12:23:44,276 | INFO | SpawnProcess-3 | stage2_run2 | Epoch 147 | train_loss=101.0854 | train_acc=0.9546 | test_loss=17.3838 | test_acc=0.9397
2026-05-14 12:23:49,070 | INFO | SpawnProcess-2 | stage2_run5 | Epoch 121 | train_loss=101.5901 | train_acc=0.9470 | test_loss=17.5453 | test_acc=0.9377
2026-05-14 12:23:49,575 | INFO | SpawnProcess-1 | stage2_run1 | Epoch 143 | train_loss=97.2588 | train_acc=0.9481 | test_loss=17.2152 | test_acc=0.9276
2026-05-14 12:23:52,622 | INFO | SpawnProcess-5 | stage2_run4 | Epoch 128 | train_loss=104.5193 | train_acc=0.9473 | test_loss=17.9429 | test_acc=0.9355
2026-05-14 12:24:00,744 | INFO | SpawnProcess-4 | stage2_run3 | Epoch 118 | train_loss=107.4103 | train_acc=0.9516 | test_loss=18.7050 | test_acc=0.9377
2026-05-14 12:24:07,632 | INFO | SpawnProcess-3 | stage2_run2 | Epoch 148 | train_loss=100.8547 | train_acc=0.9550 | test_loss=17.0841 | test_acc=0.9460
2026-05-14 12:24:10,401 | INFO | SpawnProcess-1 | stage2_run1 | Epoch 144 | train_loss=97.1878 | train_acc=0.9487 | test_loss=16.8338 | test_acc=0.9368
2026-05-14 12:24:12,184 | INFO | SpawnProcess-5 | stage2_run4 | Epoch 129 | train_loss=104.9674 | train_acc=0.9451 | test_loss=17.5489 | test_acc=0.9451
2026-05-14 12:24:16,636 | INFO | SpawnProcess-2 | stage2_run5 | Epoch 122 | train_loss=101.6653 | train_acc=0.9477 | test_loss=17.6915 | test_acc=0.9313
2026-05-14 12:24:26,269 | INFO | SpawnProcess-1 | stage2_run1 | Epoch 145 | train_loss=96.8078 | train_acc=0.9493 | test_loss=16.4011 | test_acc=0.9475
2026-05-14 12:24:27,036 | INFO | SpawnProcess-4 | stage2_run3 | Epoch 119 | train_loss=106.8256 | train_acc=0.9538 | test_loss=18.3116 | test_acc=0.9477
2026-05-14 12:24:31,801 | INFO | SpawnProcess-3 | stage2_run2 | Epoch 149 | train_loss=100.4968 | train_acc=0.9564 | test_loss=16.9854 | test_acc=0.9560
2026-05-14 12:24:35,247 | INFO | SpawnProcess-5 | stage2_run4 | Epoch 130 | train_loss=104.9465 | train_acc=0.9450 | test_loss=17.9981 | test_acc=0.9335
2026-05-14 12:24:42,054 | INFO | SpawnProcess-1 | stage2_run1 | Epoch 146 | train_loss=96.9188 | train_acc=0.9490 | test_loss=17.0330 | test_acc=0.9335
2026-05-14 12:24:46,564 | INFO | SpawnProcess-2 | stage2_run5 | Epoch 123 | train_loss=102.8963 | train_acc=0.9410 | test_loss=17.4893 | test_acc=0.9374
2026-05-14 12:24:55,752 | INFO | SpawnProcess-4 | stage2_run3 | Epoch 120 | train_loss=106.6615 | train_acc=0.9537 | test_loss=18.3954 | test_acc=0.9448
2026-05-14 12:24:57,494 | INFO | SpawnProcess-1 | stage2_run1 | Epoch 147 | train_loss=97.2658 | train_acc=0.9480 | test_loss=16.4219 | test_acc=0.9478
2026-05-14 12:24:59,410 | INFO | SpawnProcess-3 | stage2_run2 | Epoch 150 | train_loss=100.3087 | train_acc=0.9572 | test_loss=17.3491 | test_acc=0.9470
2026-05-14 12:24:59,879 | INFO | SpawnProcess-5 | stage2_run4 | Epoch 131 | train_loss=105.0234 | train_acc=0.9448 | test_loss=18.0992 | test_acc=0.9271
2026-05-14 12:25:14,715 | INFO | SpawnProcess-2 | stage2_run5 | Epoch 124 | train_loss=102.0271 | train_acc=0.9458 | test_loss=17.4276 | test_acc=0.9385
2026-05-14 12:25:16,539 | INFO | SpawnProcess-1 | stage2_run1 | Epoch 148 | train_loss=97.8550 | train_acc=0.9450 | test_loss=16.6766 | test_acc=0.9420
2026-05-14 12:25:20,511 | INFO | SpawnProcess-4 | stage2_run3 | Epoch 121 | train_loss=106.3556 | train_acc=0.9556 | test_loss=18.2682 | test_acc=0.9475
2026-05-14 12:25:22,653 | INFO | SpawnProcess-3 | stage2_run2 | Epoch 151 | train_loss=100.6665 | train_acc=0.9561 | test_loss=16.8829 | test_acc=0.9581
2026-05-14 12:25:27,300 | INFO | SpawnProcess-5 | stage2_run4 | Epoch 132 | train_loss=104.6960 | train_acc=0.9460 | test_loss=17.6071 | test_acc=0.9430
2026-05-14 12:25:33,787 | INFO | SpawnProcess-1 | stage2_run1 | Epoch 149 | train_loss=97.4116 | train_acc=0.9474 | test_loss=17.3411 | test_acc=0.9260
2026-05-14 12:25:36,172 | INFO | SpawnProcess-4 | stage2_run3 | Epoch 122 | train_loss=106.9026 | train_acc=0.9530 | test_loss=18.1673 | test_acc=0.9498
2026-05-14 12:25:40,991 | INFO | SpawnProcess-2 | stage2_run5 | Epoch 125 | train_loss=101.9949 | train_acc=0.9447 | test_loss=16.9558 | test_acc=0.9515
2026-05-14 12:25:42,131 | INFO | SpawnProcess-3 | stage2_run2 | Epoch 152 | train_loss=100.3265 | train_acc=0.9574 | test_loss=16.9187 | test_acc=0.9574
2026-05-14 12:25:55,770 | INFO | SpawnProcess-1 | stage2_run1 | Epoch 150 | train_loss=97.9115 | train_acc=0.9449 | test_loss=16.7193 | test_acc=0.9396
2026-05-14 12:25:57,715 | INFO | SpawnProcess-5 | stage2_run4 | Epoch 133 | train_loss=103.9526 | train_acc=0.9495 | test_loss=17.8138 | test_acc=0.9372
2026-05-14 12:25:58,114 | INFO | SpawnProcess-2 | stage2_run5 | Epoch 126 | train_loss=101.2223 | train_acc=0.9460 | test_loss=17.2354 | test_acc=0.9439
2026-05-14 12:26:03,182 | INFO | SpawnProcess-4 | stage2_run3 | Epoch 123 | train_loss=106.7797 | train_acc=0.9533 | test_loss=18.2470 | test_acc=0.9503
2026-05-14 12:26:04,954 | INFO | SpawnProcess-3 | stage2_run2 | Epoch 153 | train_loss=100.2244 | train_acc=0.9574 | test_loss=17.2326 | test_acc=0.9473
2026-05-14 12:26:20,405 | INFO | SpawnProcess-1 | stage2_run1 | Epoch 151 | train_loss=97.6048 | train_acc=0.9466 | test_loss=16.8285 | test_acc=0.9367
2026-05-14 12:26:22,034 | INFO | SpawnProcess-5 | stage2_run4 | Epoch 134 | train_loss=104.6965 | train_acc=0.9458 | test_loss=17.5204 | test_acc=0.9486
2026-05-14 12:26:30,338 | INFO | SpawnProcess-2 | stage2_run5 | Epoch 127 | train_loss=100.7272 | train_acc=0.9480 | test_loss=17.3564 | test_acc=0.9368
2026-05-14 12:26:33,171 | INFO | SpawnProcess-3 | stage2_run2 | Epoch 154 | train_loss=100.6797 | train_acc=0.9553 | test_loss=17.0493 | test_acc=0.9444
2026-05-14 12:26:33,800 | INFO | SpawnProcess-4 | stage2_run3 | Epoch 124 | train_loss=106.4173 | train_acc=0.9556 | test_loss=18.0025 | test_acc=0.9549
2026-05-14 12:26:36,422 | INFO | SpawnProcess-5 | stage2_run4 | Epoch 135 | train_loss=104.6802 | train_acc=0.9467 | test_loss=17.8660 | test_acc=0.9350
2026-05-14 12:26:37,499 | INFO | SpawnProcess-1 | stage2_run1 | Epoch 152 | train_loss=96.4867 | train_acc=0.9512 | test_loss=17.8672 | test_acc=0.9131
2026-05-14 12:26:53,266 | INFO | SpawnProcess-5 | stage2_run4 | Epoch 136 | train_loss=105.3285 | train_acc=0.9433 | test_loss=18.0678 | test_acc=0.9371
2026-05-14 12:26:53,646 | INFO | SpawnProcess-3 | stage2_run2 | Epoch 155 | train_loss=101.2099 | train_acc=0.9525 | test_loss=17.3442 | test_acc=0.9454
2026-05-14 12:26:55,876 | INFO | SpawnProcess-4 | stage2_run3 | Epoch 125 | train_loss=106.2241 | train_acc=0.9554 | test_loss=18.0300 | test_acc=0.9535
2026-05-14 12:26:58,494 | INFO | SpawnProcess-2 | stage2_run5 | Epoch 128 | train_loss=100.6356 | train_acc=0.9489 | test_loss=17.1688 | test_acc=0.9414
2026-05-14 12:27:05,717 | INFO | SpawnProcess-1 | stage2_run1 | Epoch 153 | train_loss=97.2776 | train_acc=0.9468 | test_loss=16.9405 | test_acc=0.9345
2026-05-14 12:27:12,542 | INFO | SpawnProcess-3 | stage2_run2 | Epoch 156 | train_loss=101.4235 | train_acc=0.9525 | test_loss=17.4094 | test_acc=0.9436
2026-05-14 12:27:12,917 | INFO | SpawnProcess-4 | stage2_run3 | Epoch 126 | train_loss=106.2913 | train_acc=0.9555 | test_loss=18.6262 | test_acc=0.9374
2026-05-14 12:27:17,842 | INFO | SpawnProcess-2 | stage2_run5 | Epoch 129 | train_loss=100.6206 | train_acc=0.9487 | test_loss=17.2597 | test_acc=0.9413
2026-05-14 12:27:22,025 | INFO | SpawnProcess-1 | stage2_run1 | Epoch 154 | train_loss=98.1211 | train_acc=0.9437 | test_loss=16.7177 | test_acc=0.9398
2026-05-14 12:27:23,594 | INFO | SpawnProcess-5 | stage2_run4 | Epoch 137 | train_loss=105.3941 | train_acc=0.9425 | test_loss=17.6538 | test_acc=0.9449
2026-05-14 12:27:34,998 | INFO | SpawnProcess-4 | stage2_run3 | Epoch 127 | train_loss=106.4397 | train_acc=0.9547 | test_loss=18.5178 | test_acc=0.9402
2026-05-14 12:27:35,728 | INFO | SpawnProcess-3 | stage2_run2 | Epoch 157 | train_loss=100.9364 | train_acc=0.9543 | test_loss=17.1960 | test_acc=0.9509
2026-05-14 12:27:41,114 | INFO | SpawnProcess-1 | stage2_run1 | Epoch 155 | train_loss=97.3949 | train_acc=0.9469 | test_loss=16.6792 | test_acc=0.9387
2026-05-14 12:27:44,341 | INFO | SpawnProcess-2 | stage2_run5 | Epoch 130 | train_loss=100.1625 | train_acc=0.9506 | test_loss=17.0976 | test_acc=0.9463
2026-05-14 12:27:49,605 | INFO | SpawnProcess-5 | stage2_run4 | Epoch 138 | train_loss=105.8013 | train_acc=0.9416 | test_loss=17.7320 | test_acc=0.9417
2026-05-14 12:27:50,303 | INFO | SpawnProcess-4 | stage2_run3 | Epoch 128 | train_loss=106.0513 | train_acc=0.9562 | test_loss=18.5817 | test_acc=0.9387
2026-05-14 12:27:57,113 | INFO | SpawnProcess-1 | stage2_run1 | Epoch 156 | train_loss=97.3408 | train_acc=0.9466 | test_loss=16.5800 | test_acc=0.9447
2026-05-14 12:28:07,141 | INFO | SpawnProcess-2 | stage2_run5 | Epoch 131 | train_loss=100.5717 | train_acc=0.9490 | test_loss=17.3500 | test_acc=0.9411
2026-05-14 12:28:08,597 | INFO | SpawnProcess-3 | stage2_run2 | Epoch 158 | train_loss=100.7121 | train_acc=0.9552 | test_loss=17.0455 | test_acc=0.9552
2026-05-14 12:28:16,343 | INFO | SpawnProcess-4 | stage2_run3 | Epoch 129 | train_loss=107.0574 | train_acc=0.9518 | test_loss=18.1287 | test_acc=0.9511
2026-05-14 12:28:16,963 | INFO | SpawnProcess-5 | stage2_run4 | Epoch 139 | train_loss=105.0699 | train_acc=0.9443 | test_loss=17.9272 | test_acc=0.9351
2026-05-14 12:28:18,577 | INFO | SpawnProcess-1 | stage2_run1 | Epoch 157 | train_loss=97.4945 | train_acc=0.9458 | test_loss=16.3436 | test_acc=0.9496
2026-05-14 12:28:22,901 | INFO | SpawnProcess-2 | stage2_run5 | Epoch 132 | train_loss=100.2237 | train_acc=0.9506 | test_loss=17.1269 | test_acc=0.9451
2026-05-14 12:28:38,082 | INFO | SpawnProcess-3 | stage2_run2 | Epoch 159 | train_loss=100.7724 | train_acc=0.9552 | test_loss=17.0147 | test_acc=0.9448
2026-05-14 12:28:39,949 | INFO | SpawnProcess-2 | stage2_run5 | Epoch 133 | train_loss=100.2650 | train_acc=0.9496 | test_loss=16.9330 | test_acc=0.9492
2026-05-14 12:28:42,464 | INFO | SpawnProcess-4 | stage2_run3 | Epoch 130 | train_loss=106.7190 | train_acc=0.9538 | test_loss=18.0366 | test_acc=0.9527
2026-05-14 12:28:44,504 | INFO | SpawnProcess-1 | stage2_run1 | Epoch 158 | train_loss=95.9427 | train_acc=0.9525 | test_loss=16.3588 | test_acc=0.9494
2026-05-14 12:28:51,791 | INFO | SpawnProcess-5 | stage2_run4 | Epoch 140 | train_loss=104.7290 | train_acc=0.9464 | test_loss=17.9489 | test_acc=0.9353
2026-05-14 12:28:54,547 | INFO | SpawnProcess-3 | stage2_run2 | Epoch 160 | train_loss=101.4323 | train_acc=0.9514 | test_loss=17.1110 | test_acc=0.9515
2026-05-14 12:28:57,704 | INFO | SpawnProcess-2 | stage2_run5 | Epoch 134 | train_loss=100.3878 | train_acc=0.9494 | test_loss=17.4491 | test_acc=0.9347
2026-05-14 12:29:09,922 | INFO | SpawnProcess-5 | stage2_run4 | Epoch 141 | train_loss=104.3470 | train_acc=0.9474 | test_loss=17.8777 | test_acc=0.9385
2026-05-14 12:29:11,020 | INFO | SpawnProcess-3 | stage2_run2 | Epoch 161 | train_loss=100.4561 | train_acc=0.9565 | test_loss=17.2520 | test_acc=0.9496
2026-05-14 12:29:12,952 | INFO | SpawnProcess-1 | stage2_run1 | Epoch 159 | train_loss=96.8181 | train_acc=0.9489 | test_loss=16.7105 | test_acc=0.9376
2026-05-14 12:29:15,440 | INFO | SpawnProcess-4 | stage2_run3 | Epoch 131 | train_loss=106.7078 | train_acc=0.9525 | test_loss=18.0716 | test_acc=0.9545
2026-05-14 12:29:22,438 | INFO | SpawnProcess-2 | stage2_run5 | Epoch 135 | train_loss=101.4796 | train_acc=0.9446 | test_loss=17.1663 | test_acc=0.9452
2026-05-14 12:29:35,684 | INFO | SpawnProcess-1 | stage2_run1 | Epoch 160 | train_loss=96.7984 | train_acc=0.9485 | test_loss=17.0010 | test_acc=0.9337
2026-05-14 12:29:38,316 | INFO | SpawnProcess-3 | stage2_run2 | Epoch 162 | train_loss=100.3744 | train_acc=0.9567 | test_loss=17.2498 | test_acc=0.9453
2026-05-14 12:29:40,265 | INFO | SpawnProcess-5 | stage2_run4 | Epoch 142 | train_loss=104.8136 | train_acc=0.9450 | test_loss=18.2675 | test_acc=0.9250
2026-05-14 12:29:48,994 | INFO | SpawnProcess-4 | stage2_run3 | Epoch 132 | train_loss=105.9580 | train_acc=0.9562 | test_loss=18.1674 | test_acc=0.9489
2026-05-14 12:29:50,173 | INFO | SpawnProcess-2 | stage2_run5 | Epoch 136 | train_loss=100.2598 | train_acc=0.9496 | test_loss=17.5104 | test_acc=0.9328
2026-05-14 12:29:54,114 | INFO | SpawnProcess-1 | stage2_run1 | Epoch 161 | train_loss=97.0166 | train_acc=0.9478 | test_loss=16.4838 | test_acc=0.9454
2026-05-14 12:30:02,095 | INFO | SpawnProcess-5 | stage2_run4 | Epoch 143 | train_loss=104.9030 | train_acc=0.9449 | test_loss=17.9970 | test_acc=0.9311
2026-05-14 12:30:06,069 | INFO | SpawnProcess-2 | stage2_run5 | Epoch 137 | train_loss=101.1446 | train_acc=0.9468 | test_loss=16.8067 | test_acc=0.9529
2026-05-14 12:30:06,421 | INFO | SpawnProcess-3 | stage2_run2 | Epoch 163 | train_loss=100.5961 | train_acc=0.9549 | test_loss=17.6447 | test_acc=0.9383
2026-05-14 12:30:17,372 | INFO | SpawnProcess-1 | stage2_run1 | Epoch 162 | train_loss=97.2842 | train_acc=0.9461 | test_loss=16.5570 | test_acc=0.9425
2026-05-14 12:30:17,509 | INFO | SpawnProcess-5 | stage2_run4 | Epoch 144 | train_loss=105.0228 | train_acc=0.9442 | test_loss=17.8773 | test_acc=0.9360
2026-05-14 12:30:21,435 | INFO | SpawnProcess-4 | stage2_run3 | Epoch 133 | train_loss=106.6306 | train_acc=0.9526 | test_loss=18.4378 | test_acc=0.9437
2026-05-14 12:30:23,362 | INFO | SpawnProcess-3 | stage2_run2 | Epoch 164 | train_loss=100.0649 | train_acc=0.9572 | test_loss=16.9153 | test_acc=0.9568
2026-05-14 12:30:31,313 | INFO | SpawnProcess-2 | stage2_run5 | Epoch 138 | train_loss=100.7274 | train_acc=0.9476 | test_loss=17.5740 | test_acc=0.9329
2026-05-14 12:30:37,523 | INFO | SpawnProcess-5 | stage2_run4 | Epoch 145 | train_loss=105.3352 | train_acc=0.9431 | test_loss=17.8132 | test_acc=0.9396
2026-05-14 12:30:39,056 | INFO | SpawnProcess-3 | stage2_run2 | Epoch 165 | train_loss=99.9289 | train_acc=0.9580 | test_loss=17.0377 | test_acc=0.9502
2026-05-14 12:30:50,934 | INFO | SpawnProcess-4 | stage2_run3 | Epoch 134 | train_loss=106.5631 | train_acc=0.9532 | test_loss=18.2141 | test_acc=0.9481
2026-05-14 12:30:51,099 | INFO | SpawnProcess-1 | stage2_run1 | Epoch 163 | train_loss=97.1526 | train_acc=0.9459 | test_loss=16.5155 | test_acc=0.9451
2026-05-14 12:30:56,956 | INFO | SpawnProcess-5 | stage2_run4 | Epoch 146 | train_loss=104.3452 | train_acc=0.9482 | test_loss=17.5659 | test_acc=0.9465
2026-05-14 12:30:59,158 | INFO | SpawnProcess-2 | stage2_run5 | Epoch 139 | train_loss=101.2369 | train_acc=0.9464 | test_loss=16.9660 | test_acc=0.9482
2026-05-14 12:31:02,249 | INFO | SpawnProcess-3 | stage2_run2 | Epoch 166 | train_loss=100.6339 | train_acc=0.9551 | test_loss=16.9925 | test_acc=0.9564
2026-05-14 12:31:12,171 | INFO | SpawnProcess-5 | stage2_run4 | Epoch 147 | train_loss=103.7030 | train_acc=0.9506 | test_loss=17.8093 | test_acc=0.9394
2026-05-14 12:31:12,332 | INFO | SpawnProcess-1 | stage2_run1 | Epoch 164 | train_loss=96.5236 | train_acc=0.9487 | test_loss=16.5543 | test_acc=0.9419
2026-05-14 12:31:15,818 | INFO | SpawnProcess-4 | stage2_run3 | Epoch 135 | train_loss=106.6150 | train_acc=0.9536 | test_loss=18.1708 | test_acc=0.9489
2026-05-14 12:31:25,408 | INFO | SpawnProcess-3 | stage2_run2 | Epoch 167 | train_loss=100.6484 | train_acc=0.9547 | test_loss=16.7851 | test_acc=0.9582
2026-05-14 12:31:27,412 | INFO | SpawnProcess-2 | stage2_run5 | Epoch 140 | train_loss=99.4993 | train_acc=0.9531 | test_loss=17.0137 | test_acc=0.9450
2026-05-14 12:31:35,802 | INFO | SpawnProcess-1 | stage2_run1 | Epoch 165 | train_loss=96.8214 | train_acc=0.9476 | test_loss=17.4091 | test_acc=0.9191
2026-05-14 12:31:39,458 | INFO | SpawnProcess-5 | stage2_run4 | Epoch 148 | train_loss=104.6138 | train_acc=0.9463 | test_loss=17.7441 | test_acc=0.9428
2026-05-14 12:31:43,811 | INFO | SpawnProcess-3 | stage2_run2 | Epoch 168 | train_loss=101.0088 | train_acc=0.9537 | test_loss=17.0968 | test_acc=0.9526
2026-05-14 12:31:45,741 | INFO | SpawnProcess-4 | stage2_run3 | Epoch 136 | train_loss=106.2665 | train_acc=0.9548 | test_loss=18.6223 | test_acc=0.9382
2026-05-14 12:31:58,698 | INFO | SpawnProcess-2 | stage2_run5 | Epoch 141 | train_loss=100.7427 | train_acc=0.9478 | test_loss=17.0870 | test_acc=0.9428
2026-05-14 12:32:00,974 | INFO | SpawnProcess-3 | stage2_run2 | Epoch 169 | train_loss=100.7437 | train_acc=0.9546 | test_loss=16.8724 | test_acc=0.9497
2026-05-14 12:32:05,780 | INFO | SpawnProcess-1 | stage2_run1 | Epoch 166 | train_loss=96.2377 | train_acc=0.9491 | test_loss=16.7133 | test_acc=0.9351
2026-05-14 12:32:06,062 | INFO | SpawnProcess-4 | stage2_run3 | Epoch 137 | train_loss=106.6137 | train_acc=0.9531 | test_loss=18.1236 | test_acc=0.9502
2026-05-14 12:32:14,226 | INFO | SpawnProcess-5 | stage2_run4 | Epoch 149 | train_loss=105.5950 | train_acc=0.9420 | test_loss=17.6532 | test_acc=0.9453
2026-05-14 12:32:17,260 | INFO | SpawnProcess-3 | stage2_run2 | Epoch 170 | train_loss=100.2970 | train_acc=0.9569 | test_loss=16.9472 | test_acc=0.9561
2026-05-14 12:32:24,283 | INFO | SpawnProcess-2 | stage2_run5 | Epoch 142 | train_loss=101.3727 | train_acc=0.9456 | test_loss=17.4695 | test_acc=0.9371
2026-05-14 12:32:27,287 | INFO | SpawnProcess-4 | stage2_run3 | Epoch 138 | train_loss=105.3608 | train_acc=0.9585 | test_loss=18.1199 | test_acc=0.9494
2026-05-14 12:32:33,613 | INFO | SpawnProcess-3 | stage2_run2 | Epoch 171 | train_loss=100.5628 | train_acc=0.9558 | test_loss=17.0681 | test_acc=0.9522
2026-05-14 12:32:36,100 | INFO | SpawnProcess-1 | stage2_run1 | Epoch 167 | train_loss=95.9637 | train_acc=0.9499 | test_loss=16.2966 | test_acc=0.9466
2026-05-14 12:32:40,851 | INFO | SpawnProcess-5 | stage2_run4 | Epoch 150 | train_loss=103.2760 | train_acc=0.9521 | test_loss=17.5065 | test_acc=0.9482
2026-05-14 12:32:45,936 | INFO | SpawnProcess-2 | stage2_run5 | Epoch 143 | train_loss=100.5154 | train_acc=0.9487 | test_loss=17.3447 | test_acc=0.9393
2026-05-14 12:32:50,622 | INFO | SpawnProcess-3 | stage2_run2 | Epoch 172 | train_loss=100.5573 | train_acc=0.9550 | test_loss=17.3642 | test_acc=0.9449
2026-05-14 12:32:51,874 | INFO | SpawnProcess-4 | stage2_run3 | Epoch 139 | train_loss=105.9844 | train_acc=0.9554 | test_loss=18.2085 | test_acc=0.9485
2026-05-14 12:33:01,371 | INFO | SpawnProcess-1 | stage2_run1 | Epoch 168 | train_loss=96.5644 | train_acc=0.9473 | test_loss=16.3082 | test_acc=0.9459
2026-05-14 12:33:07,318 | INFO | SpawnProcess-3 | stage2_run2 | Epoch 173 | train_loss=99.9537 | train_acc=0.9581 | test_loss=17.0015 | test_acc=0.9552
2026-05-14 12:33:09,837 | INFO | SpawnProcess-2 | stage2_run5 | Epoch 144 | train_loss=100.6422 | train_acc=0.9480 | test_loss=16.8360 | test_acc=0.9520
2026-05-14 12:33:10,425 | INFO | SpawnProcess-4 | stage2_run3 | Epoch 140 | train_loss=106.0053 | train_acc=0.9553 | test_loss=18.3521 | test_acc=0.9442
2026-05-14 12:33:14,601 | INFO | SpawnProcess-5 | stage2_run4 | Epoch 151 | train_loss=104.9273 | train_acc=0.9449 | test_loss=17.5448 | test_acc=0.9472
2026-05-14 12:33:30,833 | INFO | SpawnProcess-3 | stage2_run2 | Epoch 174 | train_loss=100.7777 | train_acc=0.9543 | test_loss=16.9678 | test_acc=0.9558
2026-05-14 12:33:32,615 | INFO | SpawnProcess-1 | stage2_run1 | Epoch 169 | train_loss=96.2682 | train_acc=0.9486 | test_loss=16.4248 | test_acc=0.9431
2026-05-14 12:33:33,272 | INFO | SpawnProcess-5 | stage2_run4 | Epoch 152 | train_loss=104.9274 | train_acc=0.9448 | test_loss=17.8741 | test_acc=0.9373
2026-05-14 12:33:34,426 | INFO | SpawnProcess-4 | stage2_run3 | Epoch 141 | train_loss=105.9421 | train_acc=0.9550 | test_loss=18.1583 | test_acc=0.9495
2026-05-14 12:33:42,521 | INFO | SpawnProcess-2 | stage2_run5 | Epoch 145 | train_loss=100.4935 | train_acc=0.9490 | test_loss=16.9948 | test_acc=0.9473
2026-05-14 12:33:47,712 | INFO | SpawnProcess-3 | stage2_run2 | Epoch 175 | train_loss=100.6901 | train_acc=0.9543 | test_loss=16.9549 | test_acc=0.9563
2026-05-14 12:33:49,557 | INFO | SpawnProcess-1 | stage2_run1 | Epoch 170 | train_loss=96.2480 | train_acc=0.9483 | test_loss=17.2983 | test_acc=0.9232
2026-05-14 12:33:59,127 | INFO | SpawnProcess-2 | stage2_run5 | Epoch 146 | train_loss=100.8776 | train_acc=0.9473 | test_loss=17.2740 | test_acc=0.9401
2026-05-14 12:34:00,068 | INFO | SpawnProcess-5 | stage2_run4 | Epoch 153 | train_loss=103.6710 | train_acc=0.9500 | test_loss=17.5563 | test_acc=0.9458
2026-05-14 12:34:03,308 | INFO | SpawnProcess-3 | stage2_run2 | Epoch 176 | train_loss=100.3154 | train_acc=0.9565 | test_loss=17.0666 | test_acc=0.9492
2026-05-14 12:34:06,827 | INFO | SpawnProcess-4 | stage2_run3 | Epoch 142 | train_loss=105.3135 | train_acc=0.9583 | test_loss=18.4302 | test_acc=0.9416
2026-05-14 12:34:12,164 | INFO | SpawnProcess-1 | stage2_run1 | Epoch 171 | train_loss=97.2682 | train_acc=0.9448 | test_loss=16.6478 | test_acc=0.9384
2026-05-14 12:34:19,135 | INFO | SpawnProcess-3 | stage2_run2 | Epoch 177 | train_loss=100.0114 | train_acc=0.9573 | test_loss=17.1511 | test_acc=0.9506
2026-05-14 12:34:19,408 | INFO | SpawnProcess-5 | stage2_run4 | Epoch 154 | train_loss=103.7986 | train_acc=0.9491 | test_loss=17.5287 | test_acc=0.9489
2026-05-14 12:34:25,349 | INFO | SpawnProcess-2 | stage2_run5 | Epoch 147 | train_loss=100.0946 | train_acc=0.9500 | test_loss=16.9542 | test_acc=0.9483
2026-05-14 12:34:32,215 | INFO | SpawnProcess-1 | stage2_run1 | Epoch 172 | train_loss=96.3243 | train_acc=0.9482 | test_loss=16.3338 | test_acc=0.9438
2026-05-14 12:34:33,226 | INFO | SpawnProcess-4 | stage2_run3 | Epoch 143 | train_loss=105.8234 | train_acc=0.9559 | test_loss=17.9821 | test_acc=0.9535
2026-05-14 12:34:36,801 | INFO | SpawnProcess-3 | stage2_run2 | Epoch 178 | train_loss=100.7978 | train_acc=0.9535 | test_loss=17.2108 | test_acc=0.9423
2026-05-14 12:34:48,867 | INFO | SpawnProcess-5 | stage2_run4 | Epoch 155 | train_loss=103.3739 | train_acc=0.9510 | test_loss=17.5459 | test_acc=0.9476
2026-05-14 12:34:48,930 | INFO | SpawnProcess-1 | stage2_run1 | Epoch 173 | train_loss=95.4343 | train_acc=0.9518 | test_loss=16.5305 | test_acc=0.9431
2026-05-14 12:34:51,938 | INFO | SpawnProcess-2 | stage2_run5 | Epoch 148 | train_loss=99.3040 | train_acc=0.9535 | test_loss=16.8754 | test_acc=0.9506
2026-05-14 12:34:54,831 | INFO | SpawnProcess-3 | stage2_run2 | Epoch 179 | train_loss=99.8929 | train_acc=0.9567 | test_loss=16.9149 | test_acc=0.9558
2026-05-14 12:34:58,573 | INFO | SpawnProcess-4 | stage2_run3 | Epoch 144 | train_loss=105.5278 | train_acc=0.9565 | test_loss=18.5933 | test_acc=0.9354
2026-05-14 12:35:14,482 | INFO | SpawnProcess-3 | stage2_run2 | Epoch 180 | train_loss=99.9852 | train_acc=0.9561 | test_loss=17.1966 | test_acc=0.9497
2026-05-14 12:35:16,241 | INFO | SpawnProcess-1 | stage2_run1 | Epoch 174 | train_loss=96.5959 | train_acc=0.9468 | test_loss=16.4546 | test_acc=0.9396
2026-05-14 12:35:17,551 | INFO | SpawnProcess-5 | stage2_run4 | Epoch 156 | train_loss=105.3341 | train_acc=0.9429 | test_loss=17.8657 | test_acc=0.9369
2026-05-14 12:35:21,060 | INFO | SpawnProcess-2 | stage2_run5 | Epoch 149 | train_loss=99.2700 | train_acc=0.9534 | test_loss=17.2910 | test_acc=0.9414
2026-05-14 12:35:30,034 | INFO | SpawnProcess-4 | stage2_run3 | Epoch 145 | train_loss=106.1943 | train_acc=0.9538 | test_loss=18.0561 | test_acc=0.9515
2026-05-14 12:35:33,719 | INFO | SpawnProcess-3 | stage2_run2 | Epoch 181 | train_loss=99.4454 | train_acc=0.9585 | test_loss=16.7814 | test_acc=0.9575
2026-05-14 12:35:36,923 | INFO | SpawnProcess-5 | stage2_run4 | Epoch 157 | train_loss=104.2990 | train_acc=0.9460 | test_loss=17.8584 | test_acc=0.9351
2026-05-14 12:35:41,942 | INFO | SpawnProcess-1 | stage2_run1 | Epoch 175 | train_loss=95.0551 | train_acc=0.9529 | test_loss=16.7485 | test_acc=0.9368
2026-05-14 12:35:49,046 | INFO | SpawnProcess-2 | stage2_run5 | Epoch 150 | train_loss=100.5125 | train_acc=0.9487 | test_loss=17.9573 | test_acc=0.9221
2026-05-14 12:35:57,554 | INFO | SpawnProcess-3 | stage2_run2 | Epoch 182 | train_loss=100.4468 | train_acc=0.9536 | test_loss=17.3334 | test_acc=0.9403
2026-05-14 12:35:57,790 | INFO | SpawnProcess-1 | stage2_run1 | Epoch 176 | train_loss=95.3951 | train_acc=0.9516 | test_loss=16.6052 | test_acc=0.9402
2026-05-14 12:36:02,469 | INFO | SpawnProcess-5 | stage2_run4 | Epoch 158 | train_loss=104.3252 | train_acc=0.9463 | test_loss=17.5670 | test_acc=0.9447
2026-05-14 12:36:02,839 | INFO | SpawnProcess-4 | stage2_run3 | Epoch 146 | train_loss=105.7664 | train_acc=0.9559 | test_loss=18.0890 | test_acc=0.9519
2026-05-14 12:36:07,311 | INFO | SpawnProcess-2 | stage2_run5 | Epoch 151 | train_loss=101.2355 | train_acc=0.9453 | test_loss=17.7118 | test_acc=0.9305
2026-05-14 12:36:17,728 | INFO | SpawnProcess-1 | stage2_run1 | Epoch 177 | train_loss=97.0893 | train_acc=0.9444 | test_loss=16.8427 | test_acc=0.9318
2026-05-14 12:36:24,281 | INFO | SpawnProcess-2 | stage2_run5 | Epoch 152 | train_loss=101.0330 | train_acc=0.9459 | test_loss=17.0061 | test_acc=0.9443
2026-05-14 12:36:27,398 | INFO | SpawnProcess-3 | stage2_run2 | Epoch 183 | train_loss=99.4020 | train_acc=0.9585 | test_loss=17.2692 | test_acc=0.9432
2026-05-14 12:36:27,607 | INFO | SpawnProcess-4 | stage2_run3 | Epoch 147 | train_loss=105.6728 | train_acc=0.9557 | test_loss=18.1485 | test_acc=0.9487
2026-05-14 12:36:30,758 | INFO | SpawnProcess-5 | stage2_run4 | Epoch 159 | train_loss=104.2616 | train_acc=0.9462 | test_loss=18.1900 | test_acc=0.9295
2026-05-14 12:36:44,908 | INFO | SpawnProcess-1 | stage2_run1 | Epoch 178 | train_loss=95.7800 | train_acc=0.9498 | test_loss=16.2404 | test_acc=0.9480
2026-05-14 12:36:45,286 | INFO | SpawnProcess-2 | stage2_run5 | Epoch 153 | train_loss=101.0949 | train_acc=0.9461 | test_loss=17.1738 | test_acc=0.9450
2026-05-14 12:36:47,331 | INFO | SpawnProcess-4 | stage2_run3 | Epoch 148 | train_loss=105.9421 | train_acc=0.9548 | test_loss=18.2378 | test_acc=0.9459
2026-05-14 12:36:56,066 | INFO | SpawnProcess-3 | stage2_run2 | Epoch 184 | train_loss=99.3667 | train_acc=0.9589 | test_loss=17.1147 | test_acc=0.9492
2026-05-14 12:36:57,516 | INFO | SpawnProcess-5 | stage2_run4 | Epoch 160 | train_loss=104.3839 | train_acc=0.9466 | test_loss=17.6613 | test_acc=0.9412
2026-05-14 12:37:08,443 | INFO | SpawnProcess-1 | stage2_run1 | Epoch 179 | train_loss=95.8519 | train_acc=0.9489 | test_loss=16.3415 | test_acc=0.9451
2026-05-14 12:37:15,208 | INFO | SpawnProcess-2 | stage2_run5 | Epoch 154 | train_loss=100.2731 | train_acc=0.9495 | test_loss=16.9300 | test_acc=0.9490
2026-05-14 12:37:17,249 | INFO | SpawnProcess-3 | stage2_run2 | Epoch 185 | train_loss=99.4420 | train_acc=0.9580 | test_loss=16.7240 | test_acc=0.9601
2026-05-14 12:37:18,331 | INFO | SpawnProcess-4 | stage2_run3 | Epoch 149 | train_loss=105.2893 | train_acc=0.9570 | test_loss=18.0558 | test_acc=0.9516
2026-05-14 12:37:21,478 | INFO | SpawnProcess-5 | stage2_run4 | Epoch 161 | train_loss=105.6289 | train_acc=0.9408 | test_loss=17.8410 | test_acc=0.9364
2026-05-14 12:37:24,164 | INFO | SpawnProcess-1 | stage2_run1 | Epoch 180 | train_loss=96.3247 | train_acc=0.9474 | test_loss=16.5180 | test_acc=0.9424
2026-05-14 12:37:39,576 | INFO | SpawnProcess-5 | stage2_run4 | Epoch 162 | train_loss=103.5325 | train_acc=0.9502 | test_loss=17.5596 | test_acc=0.9443
2026-05-14 12:37:42,914 | INFO | SpawnProcess-4 | stage2_run3 | Epoch 150 | train_loss=106.0960 | train_acc=0.9539 | test_loss=18.2261 | test_acc=0.9465
2026-05-14 12:37:43,275 | INFO | SpawnProcess-3 | stage2_run2 | Epoch 186 | train_loss=100.2391 | train_acc=0.9546 | test_loss=17.0339 | test_acc=0.9496
2026-05-14 12:37:47,187 | INFO | SpawnProcess-2 | stage2_run5 | Epoch 155 | train_loss=99.5062 | train_acc=0.9528 | test_loss=16.9205 | test_acc=0.9470
2026-05-14 12:37:54,679 | INFO | SpawnProcess-1 | stage2_run1 | Epoch 181 | train_loss=96.0437 | train_acc=0.9488 | test_loss=17.0047 | test_acc=0.9279
2026-05-14 12:37:59,160 | INFO | SpawnProcess-5 | stage2_run4 | Epoch 163 | train_loss=104.3121 | train_acc=0.9465 | test_loss=17.5022 | test_acc=0.9472
2026-05-14 12:38:01,543 | INFO | SpawnProcess-3 | stage2_run2 | Epoch 187 | train_loss=99.4396 | train_acc=0.9580 | test_loss=16.9552 | test_acc=0.9518
2026-05-14 12:38:03,868 | INFO | SpawnProcess-4 | stage2_run3 | Epoch 151 | train_loss=105.4771 | train_acc=0.9562 | test_loss=18.0548 | test_acc=0.9497
2026-05-14 12:38:14,255 | INFO | SpawnProcess-2 | stage2_run5 | Epoch 156 | train_loss=100.2923 | train_acc=0.9496 | test_loss=17.2608 | test_acc=0.9408
2026-05-14 12:38:17,277 | INFO | SpawnProcess-3 | stage2_run2 | Epoch 188 | train_loss=99.0839 | train_acc=0.9593 | test_loss=16.9484 | test_acc=0.9558
2026-05-14 12:38:21,862 | INFO | SpawnProcess-5 | stage2_run4 | Epoch 164 | train_loss=104.1232 | train_acc=0.9478 | test_loss=18.0328 | test_acc=0.9270
2026-05-14 12:38:26,982 | INFO | SpawnProcess-1 | stage2_run1 | Epoch 182 | train_loss=96.1054 | train_acc=0.9489 | test_loss=16.4289 | test_acc=0.9445
2026-05-14 12:38:33,281 | INFO | SpawnProcess-4 | stage2_run3 | Epoch 152 | train_loss=105.3882 | train_acc=0.9568 | test_loss=18.1542 | test_acc=0.9477
2026-05-14 12:38:34,370 | INFO | SpawnProcess-3 | stage2_run2 | Epoch 189 | train_loss=98.9526 | train_acc=0.9601 | test_loss=17.0169 | test_acc=0.9531
2026-05-14 12:38:38,564 | INFO | SpawnProcess-2 | stage2_run5 | Epoch 157 | train_loss=100.0204 | train_acc=0.9503 | test_loss=16.9909 | test_acc=0.9438
2026-05-14 12:38:47,333 | INFO | SpawnProcess-1 | stage2_run1 | Epoch 183 | train_loss=95.3915 | train_acc=0.9510 | test_loss=16.2794 | test_acc=0.9471
2026-05-14 12:38:49,538 | INFO | SpawnProcess-5 | stage2_run4 | Epoch 165 | train_loss=104.5500 | train_acc=0.9459 | test_loss=17.9790 | test_acc=0.9323
2026-05-14 12:38:51,061 | INFO | SpawnProcess-4 | stage2_run3 | Epoch 153 | train_loss=105.3039 | train_acc=0.9577 | test_loss=18.4034 | test_acc=0.9412
2026-05-14 12:39:01,008 | INFO | SpawnProcess-3 | stage2_run2 | Epoch 190 | train_loss=99.3865 | train_acc=0.9581 | test_loss=16.9678 | test_acc=0.9514
2026-05-14 12:39:05,629 | INFO | SpawnProcess-1 | stage2_run1 | Epoch 184 | train_loss=95.4066 | train_acc=0.9511 | test_loss=16.3638 | test_acc=0.9460
2026-05-14 12:39:07,131 | INFO | SpawnProcess-2 | stage2_run5 | Epoch 158 | train_loss=99.4042 | train_acc=0.9524 | test_loss=16.6574 | test_acc=0.9557
2026-05-14 12:39:08,232 | INFO | SpawnProcess-4 | stage2_run3 | Epoch 154 | train_loss=106.0892 | train_acc=0.9539 | test_loss=17.9630 | test_acc=0.9526
2026-05-14 12:39:20,538 | INFO | SpawnProcess-1 | stage2_run1 | Epoch 185 | train_loss=95.3632 | train_acc=0.9506 | test_loss=16.4956 | test_acc=0.9437
2026-05-14 12:39:20,690 | INFO | SpawnProcess-3 | stage2_run2 | Epoch 191 | train_loss=99.3822 | train_acc=0.9586 | test_loss=16.7336 | test_acc=0.9567
2026-05-14 12:39:20,781 | INFO | SpawnProcess-5 | stage2_run4 | Epoch 166 | train_loss=105.3408 | train_acc=0.9430 | test_loss=18.2052 | test_acc=0.9197
2026-05-14 12:39:22,982 | INFO | SpawnProcess-4 | stage2_run3 | Epoch 155 | train_loss=105.2109 | train_acc=0.9580 | test_loss=17.8966 | test_acc=0.9547
2026-05-14 12:39:34,954 | INFO | SpawnProcess-1 | stage2_run1 | Epoch 186 | train_loss=96.6492 | train_acc=0.9466 | test_loss=16.6585 | test_acc=0.9387
2026-05-14 12:39:35,617 | INFO | SpawnProcess-2 | stage2_run5 | Epoch 159 | train_loss=100.8042 | train_acc=0.9462 | test_loss=17.1411 | test_acc=0.9415
2026-05-14 12:39:37,457 | INFO | SpawnProcess-4 | stage2_run3 | Epoch 156 | train_loss=104.7000 | train_acc=0.9593 | test_loss=17.9156 | test_acc=0.9551
2026-05-14 12:39:47,017 | INFO | SpawnProcess-3 | stage2_run2 | Epoch 192 | train_loss=99.9604 | train_acc=0.9560 | test_loss=17.0253 | test_acc=0.9522
2026-05-14 12:39:52,168 | INFO | SpawnProcess-5 | stage2_run4 | Epoch 167 | train_loss=102.6958 | train_acc=0.9535 | test_loss=17.2859 | test_acc=0.9524
2026-05-14 12:39:55,713 | INFO | SpawnProcess-1 | stage2_run1 | Epoch 187 | train_loss=96.4402 | train_acc=0.9471 | test_loss=17.0613 | test_acc=0.9261
2026-05-14 12:39:58,486 | INFO | SpawnProcess-4 | stage2_run3 | Epoch 157 | train_loss=105.7806 | train_acc=0.9550 | test_loss=17.9998 | test_acc=0.9532
2026-05-14 12:40:07,242 | INFO | SpawnProcess-2 | stage2_run5 | Epoch 160 | train_loss=99.8897 | train_acc=0.9507 | test_loss=16.8675 | test_acc=0.9475
2026-05-14 12:40:12,160 | INFO | SpawnProcess-3 | stage2_run2 | Epoch 193 | train_loss=99.3537 | train_acc=0.9587 | test_loss=16.9817 | test_acc=0.9528
2026-05-14 12:40:12,507 | INFO | SpawnProcess-5 | stage2_run4 | Epoch 168 | train_loss=104.0061 | train_acc=0.9476 | test_loss=17.9883 | test_acc=0.9314
2026-05-14 12:40:22,235 | INFO | SpawnProcess-1 | stage2_run1 | Epoch 188 | train_loss=96.6899 | train_acc=0.9450 | test_loss=16.1393 | test_acc=0.9504
2026-05-14 12:40:27,154 | INFO | SpawnProcess-4 | stage2_run3 | Epoch 158 | train_loss=105.5686 | train_acc=0.9554 | test_loss=17.7516 | test_acc=0.9579
2026-05-14 12:40:36,969 | INFO | SpawnProcess-2 | stage2_run5 | Epoch 161 | train_loss=99.3267 | train_acc=0.9531 | test_loss=17.0487 | test_acc=0.9448
2026-05-14 12:40:37,192 | INFO | SpawnProcess-1 | stage2_run1 | Epoch 189 | train_loss=97.4003 | train_acc=0.9428 | test_loss=17.0665 | test_acc=0.9240
2026-05-14 12:40:37,450 | INFO | SpawnProcess-5 | stage2_run4 | Epoch 169 | train_loss=103.7043 | train_acc=0.9487 | test_loss=17.6404 | test_acc=0.9437
2026-05-14 12:40:37,615 | INFO | SpawnProcess-3 | stage2_run2 | Epoch 194 | train_loss=100.4244 | train_acc=0.9542 | test_loss=17.1698 | test_acc=0.9482
2026-05-14 12:40:46,233 | INFO | SpawnProcess-4 | stage2_run3 | Epoch 159 | train_loss=104.7232 | train_acc=0.9595 | test_loss=17.7778 | test_acc=0.9590
2026-05-14 12:40:53,857 | INFO | SpawnProcess-1 | stage2_run1 | Epoch 190 | train_loss=96.4137 | train_acc=0.9468 | test_loss=16.3242 | test_acc=0.9445
2026-05-14 12:40:57,830 | INFO | SpawnProcess-5 | stage2_run4 | Epoch 170 | train_loss=103.5985 | train_acc=0.9494 | test_loss=18.2047 | test_acc=0.9315
2026-05-14 12:41:05,729 | INFO | SpawnProcess-2 | stage2_run5 | Epoch 162 | train_loss=99.5593 | train_acc=0.9521 | test_loss=17.2464 | test_acc=0.9412
2026-05-14 12:41:06,280 | INFO | SpawnProcess-3 | stage2_run2 | Epoch 195 | train_loss=100.0376 | train_acc=0.9551 | test_loss=17.3284 | test_acc=0.9418
2026-05-14 12:41:14,042 | INFO | SpawnProcess-4 | stage2_run3 | Epoch 160 | train_loss=104.8516 | train_acc=0.9588 | test_loss=18.0707 | test_acc=0.9492
2026-05-14 12:41:20,761 | INFO | SpawnProcess-5 | stage2_run4 | Epoch 171 | train_loss=103.7815 | train_acc=0.9487 | test_loss=17.7426 | test_acc=0.9373
2026-05-14 12:41:20,903 | INFO | SpawnProcess-1 | stage2_run1 | Epoch 191 | train_loss=96.6526 | train_acc=0.9459 | test_loss=16.5935 | test_acc=0.9383
2026-05-14 12:41:29,441 | INFO | SpawnProcess-2 | stage2_run5 | Epoch 163 | train_loss=100.8485 | train_acc=0.9471 | test_loss=17.2506 | test_acc=0.9394
2026-05-14 12:41:29,893 | INFO | SpawnProcess-3 | stage2_run2 | Epoch 196 | train_loss=100.7235 | train_acc=0.9527 | test_loss=16.8609 | test_acc=0.9560
2026-05-14 12:41:39,463 | INFO | SpawnProcess-4 | stage2_run3 | Epoch 161 | train_loss=106.3030 | train_acc=0.9522 | test_loss=18.2567 | test_acc=0.9468
2026-05-14 12:41:41,331 | INFO | SpawnProcess-5 | stage2_run4 | Epoch 172 | train_loss=104.4225 | train_acc=0.9466 | test_loss=17.9224 | test_acc=0.9341
2026-05-14 12:41:48,613 | INFO | SpawnProcess-1 | stage2_run1 | Epoch 192 | train_loss=95.7999 | train_acc=0.9482 | test_loss=16.2142 | test_acc=0.9483
2026-05-14 12:41:53,258 | INFO | SpawnProcess-2 | stage2_run5 | Epoch 164 | train_loss=100.0711 | train_acc=0.9502 | test_loss=16.9756 | test_acc=0.9460
2026-05-14 12:41:55,874 | INFO | SpawnProcess-3 | stage2_run2 | Epoch 197 | train_loss=99.1077 | train_acc=0.9594 | test_loss=17.7192 | test_acc=0.9313
2026-05-14 12:41:57,380 | INFO | SpawnProcess-4 | stage2_run3 | Epoch 162 | train_loss=105.7399 | train_acc=0.9542 | test_loss=18.2731 | test_acc=0.9438
2026-05-14 12:42:05,720 | INFO | SpawnProcess-1 | stage2_run1 | Epoch 193 | train_loss=96.2745 | train_acc=0.9468 | test_loss=16.8525 | test_acc=0.9333
2026-05-14 12:42:08,621 | INFO | SpawnProcess-5 | stage2_run4 | Epoch 173 | train_loss=104.1382 | train_acc=0.9466 | test_loss=17.5775 | test_acc=0.9464
2026-05-14 12:42:19,770 | INFO | SpawnProcess-2 | stage2_run5 | Epoch 165 | train_loss=99.8810 | train_acc=0.9504 | test_loss=17.0302 | test_acc=0.9473
2026-05-14 12:42:22,811 | INFO | SpawnProcess-5 | stage2_run4 | Epoch 174 | train_loss=105.3373 | train_acc=0.9419 | test_loss=17.7842 | test_acc=0.9406
2026-05-14 12:42:25,280 | INFO | SpawnProcess-3 | stage2_run2 | Epoch 198 | train_loss=100.5800 | train_acc=0.9531 | test_loss=16.8404 | test_acc=0.9563
2026-05-14 12:42:27,659 | INFO | SpawnProcess-4 | stage2_run3 | Epoch 163 | train_loss=105.0660 | train_acc=0.9573 | test_loss=17.7247 | test_acc=0.9592
2026-05-14 12:42:28,614 | INFO | SpawnProcess-1 | stage2_run1 | Epoch 194 | train_loss=96.1643 | train_acc=0.9476 | test_loss=16.3903 | test_acc=0.9421
2026-05-14 12:42:41,888 | INFO | SpawnProcess-2 | stage2_run5 | Epoch 166 | train_loss=98.8577 | train_acc=0.9548 | test_loss=16.9255 | test_acc=0.9479
2026-05-14 12:42:47,392 | INFO | SpawnProcess-1 | stage2_run1 | Epoch 195 | train_loss=95.8761 | train_acc=0.9489 | test_loss=16.6456 | test_acc=0.9356
2026-05-14 12:42:51,664 | INFO | SpawnProcess-5 | stage2_run4 | Epoch 175 | train_loss=103.2673 | train_acc=0.9507 | test_loss=17.7379 | test_acc=0.9379
2026-05-14 12:42:52,894 | INFO | SpawnProcess-4 | stage2_run3 | Epoch 164 | train_loss=104.5259 | train_acc=0.9604 | test_loss=17.9141 | test_acc=0.9530
2026-05-14 12:42:53,193 | INFO | SpawnProcess-3 | stage2_run2 | Epoch 199 | train_loss=100.2841 | train_acc=0.9542 | test_loss=17.0585 | test_acc=0.9474
2026-05-14 12:43:03,159 | INFO | SpawnProcess-1 | stage2_run1 | Epoch 196 | train_loss=97.3988 | train_acc=0.9426 | test_loss=16.4430 | test_acc=0.9439
2026-05-14 12:43:09,259 | INFO | SpawnProcess-2 | stage2_run5 | Epoch 167 | train_loss=100.8809 | train_acc=0.9464 | test_loss=17.0993 | test_acc=0.9455
2026-05-14 12:43:11,424 | INFO | SpawnProcess-5 | stage2_run4 | Epoch 176 | train_loss=103.4475 | train_acc=0.9492 | test_loss=17.8627 | test_acc=0.9370
2026-05-14 12:43:18,372 | INFO | SpawnProcess-4 | stage2_run3 | Epoch 165 | train_loss=105.5892 | train_acc=0.9556 | test_loss=18.0335 | test_acc=0.9513
2026-05-14 12:43:21,748 | INFO | SpawnProcess-3 | stage2_run2 | Epoch 200 | train_loss=101.8700 | train_acc=0.9478 | test_loss=17.0265 | test_acc=0.9513
2026-05-14 12:43:22,237 | INFO | SpawnProcess-1 | stage2_run1 | Epoch 197 | train_loss=95.7525 | train_acc=0.9495 | test_loss=16.1904 | test_acc=0.9494
2026-05-14 12:43:34,850 | INFO | SpawnProcess-4 | stage2_run3 | Epoch 166 | train_loss=104.4203 | train_acc=0.9601 | test_loss=17.9291 | test_acc=0.9545
2026-05-14 12:43:35,905 | INFO | SpawnProcess-5 | stage2_run4 | Epoch 177 | train_loss=104.3211 | train_acc=0.9466 | test_loss=18.5925 | test_acc=0.9176
2026-05-14 12:43:41,448 | INFO | SpawnProcess-2 | stage2_run5 | Epoch 168 | train_loss=100.0687 | train_acc=0.9494 | test_loss=16.9126 | test_acc=0.9462
2026-05-14 12:43:43,727 | INFO | SpawnProcess-3 | stage2_run2 | Epoch 201 | train_loss=100.1963 | train_acc=0.9550 | test_loss=17.2084 | test_acc=0.9433
2026-05-14 12:43:47,294 | INFO | SpawnProcess-1 | stage2_run1 | Epoch 198 | train_loss=95.6837 | train_acc=0.9488 | test_loss=16.1699 | test_acc=0.9474
2026-05-14 12:43:55,857 | INFO | SpawnProcess-4 | stage2_run3 | Epoch 167 | train_loss=105.3143 | train_acc=0.9563 | test_loss=18.1189 | test_acc=0.9471
2026-05-14 12:44:01,183 | INFO | SpawnProcess-3 | stage2_run2 | Epoch 202 | train_loss=100.8266 | train_acc=0.9521 | test_loss=17.3484 | test_acc=0.9438
2026-05-14 12:44:06,607 | INFO | SpawnProcess-5 | stage2_run4 | Epoch 178 | train_loss=103.9589 | train_acc=0.9479 | test_loss=18.3867 | test_acc=0.9247
2026-05-14 12:44:07,725 | INFO | SpawnProcess-2 | stage2_run5 | Epoch 169 | train_loss=100.5506 | train_acc=0.9472 | test_loss=17.1640 | test_acc=0.9436
2026-05-14 12:44:14,401 | INFO | SpawnProcess-1 | stage2_run1 | Epoch 199 | train_loss=94.8275 | train_acc=0.9521 | test_loss=15.9767 | test_acc=0.9553
2026-05-14 12:44:17,619 | INFO | SpawnProcess-4 | stage2_run3 | Epoch 168 | train_loss=105.2830 | train_acc=0.9565 | test_loss=18.2948 | test_acc=0.9441
2026-05-14 12:44:29,315 | INFO | SpawnProcess-1 | stage2_run1 | Epoch 200 | train_loss=94.5269 | train_acc=0.9541 | test_loss=16.3925 | test_acc=0.9423
2026-05-14 12:44:31,189 | INFO | SpawnProcess-3 | stage2_run2 | Epoch 203 | train_loss=100.6523 | train_acc=0.9529 | test_loss=17.6705 | test_acc=0.9304
2026-05-14 12:44:36,482 | INFO | SpawnProcess-5 | stage2_run4 | Epoch 179 | train_loss=104.9632 | train_acc=0.9434 | test_loss=17.7174 | test_acc=0.9393
2026-05-14 12:44:36,538 | INFO | SpawnProcess-2 | stage2_run5 | Epoch 170 | train_loss=100.6920 | train_acc=0.9468 | test_loss=17.0892 | test_acc=0.9442
2026-05-14 12:44:44,716 | INFO | SpawnProcess-4 | stage2_run3 | Epoch 169 | train_loss=105.9537 | train_acc=0.9538 | test_loss=17.9043 | test_acc=0.9541
2026-05-14 12:44:48,694 | INFO | SpawnProcess-3 | stage2_run2 | Epoch 204 | train_loss=100.4701 | train_acc=0.9533 | test_loss=16.9462 | test_acc=0.9531
2026-05-14 12:44:51,162 | INFO | SpawnProcess-5 | stage2_run4 | Epoch 180 | train_loss=104.1781 | train_acc=0.9464 | test_loss=17.4588 | test_acc=0.9499
2026-05-14 12:44:58,368 | INFO | SpawnProcess-1 | stage2_run1 | Epoch 201 | train_loss=94.8684 | train_acc=0.9528 | test_loss=16.1919 | test_acc=0.9478
2026-05-14 12:45:03,860 | INFO | SpawnProcess-4 | stage2_run3 | Epoch 170 | train_loss=104.9785 | train_acc=0.9574 | test_loss=18.2553 | test_acc=0.9448
2026-05-14 12:45:04,557 | INFO | SpawnProcess-2 | stage2_run5 | Epoch 171 | train_loss=99.9655 | train_acc=0.9503 | test_loss=16.8659 | test_acc=0.9486
2026-05-14 12:45:09,209 | INFO | SpawnProcess-3 | stage2_run2 | Epoch 205 | train_loss=99.2687 | train_acc=0.9568 | test_loss=17.2851 | test_acc=0.9393
2026-05-14 12:45:17,509 | INFO | SpawnProcess-1 | stage2_run1 | Epoch 202 | train_loss=95.5943 | train_acc=0.9494 | test_loss=16.9471 | test_acc=0.9287
2026-05-14 12:45:18,460 | INFO | SpawnProcess-4 | stage2_run3 | Epoch 171 | train_loss=105.9044 | train_acc=0.9537 | test_loss=17.7827 | test_acc=0.9582
2026-05-14 12:45:21,869 | INFO | SpawnProcess-5 | stage2_run4 | Epoch 181 | train_loss=103.4432 | train_acc=0.9500 | test_loss=17.6897 | test_acc=0.9398
2026-05-14 12:45:28,832 | INFO | SpawnProcess-3 | stage2_run2 | Epoch 206 | train_loss=99.1860 | train_acc=0.9568 | test_loss=16.8599 | test_acc=0.9528
2026-05-14 12:45:32,726 | INFO | SpawnProcess-1 | stage2_run1 | Epoch 203 | train_loss=95.6446 | train_acc=0.9490 | test_loss=16.1333 | test_acc=0.9482
2026-05-14 12:45:37,876 | INFO | SpawnProcess-2 | stage2_run5 | Epoch 172 | train_loss=100.2238 | train_acc=0.9487 | test_loss=16.8995 | test_acc=0.9481
2026-05-14 12:45:41,215 | INFO | SpawnProcess-5 | stage2_run4 | Epoch 182 | train_loss=104.3137 | train_acc=0.9453 | test_loss=17.7597 | test_acc=0.9394
2026-05-14 12:45:44,116 | INFO | SpawnProcess-4 | stage2_run3 | Epoch 172 | train_loss=105.4274 | train_acc=0.9561 | test_loss=18.1223 | test_acc=0.9497
2026-05-14 12:45:48,708 | INFO | SpawnProcess-1 | stage2_run1 | Epoch 204 | train_loss=94.4795 | train_acc=0.9535 | test_loss=16.1649 | test_acc=0.9503
2026-05-14 12:45:52,771 | INFO | SpawnProcess-3 | stage2_run2 | Epoch 207 | train_loss=98.9848 | train_acc=0.9580 | test_loss=16.7945 | test_acc=0.9561
2026-05-14 12:45:59,091 | INFO | SpawnProcess-4 | stage2_run3 | Epoch 173 | train_loss=105.3736 | train_acc=0.9554 | test_loss=18.3188 | test_acc=0.9456
2026-05-14 12:46:07,019 | INFO | SpawnProcess-1 | stage2_run1 | Epoch 205 | train_loss=97.2056 | train_acc=0.9427 | test_loss=16.2272 | test_acc=0.9439
2026-05-14 12:46:09,752 | INFO | SpawnProcess-2 | stage2_run5 | Epoch 173 | train_loss=99.9142 | train_acc=0.9501 | test_loss=17.7408 | test_acc=0.9282
2026-05-14 12:46:11,812 | INFO | SpawnProcess-5 | stage2_run4 | Epoch 183 | train_loss=104.1616 | train_acc=0.9473 | test_loss=17.7827 | test_acc=0.9374
2026-05-14 12:46:13,411 | INFO | SpawnProcess-3 | stage2_run2 | Epoch 208 | train_loss=98.9115 | train_acc=0.9575 | test_loss=16.5412 | test_acc=0.9621
2026-05-14 12:46:21,900 | INFO | SpawnProcess-4 | stage2_run3 | Epoch 174 | train_loss=105.3778 | train_acc=0.9557 | test_loss=17.9030 | test_acc=0.9547
2026-05-14 12:46:31,753 | INFO | SpawnProcess-3 | stage2_run2 | Epoch 209 | train_loss=97.9923 | train_acc=0.9617 | test_loss=16.7620 | test_acc=0.9559
2026-05-14 12:46:37,661 | INFO | SpawnProcess-1 | stage2_run1 | Epoch 206 | train_loss=96.7952 | train_acc=0.9439 | test_loss=16.0737 | test_acc=0.9508
2026-05-14 12:46:38,304 | INFO | SpawnProcess-2 | stage2_run5 | Epoch 174 | train_loss=99.7767 | train_acc=0.9514 | test_loss=16.7290 | test_acc=0.9544
2026-05-14 12:46:42,391 | INFO | SpawnProcess-5 | stage2_run4 | Epoch 184 | train_loss=103.5482 | train_acc=0.9498 | test_loss=17.4475 | test_acc=0.9478
2026-05-14 12:46:47,874 | INFO | SpawnProcess-3 | stage2_run2 | Epoch 210 | train_loss=98.8832 | train_acc=0.9574 | test_loss=17.2070 | test_acc=0.9448
2026-05-14 12:46:50,286 | INFO | SpawnProcess-4 | stage2_run3 | Epoch 175 | train_loss=105.5034 | train_acc=0.9550 | test_loss=18.1811 | test_acc=0.9475
2026-05-14 12:47:01,945 | INFO | SpawnProcess-2 | stage2_run5 | Epoch 175 | train_loss=100.5184 | train_acc=0.9476 | test_loss=17.2172 | test_acc=0.9396
2026-05-14 12:47:04,148 | INFO | SpawnProcess-3 | stage2_run2 | Epoch 211 | train_loss=99.0452 | train_acc=0.9567 | test_loss=16.7347 | test_acc=0.9549
2026-05-14 12:47:07,501 | INFO | SpawnProcess-1 | stage2_run1 | Epoch 207 | train_loss=95.4819 | train_acc=0.9494 | test_loss=16.3819 | test_acc=0.9430
2026-05-14 12:47:09,651 | INFO | SpawnProcess-5 | stage2_run4 | Epoch 185 | train_loss=104.1933 | train_acc=0.9467 | test_loss=17.7378 | test_acc=0.9403
2026-05-14 12:47:14,653 | INFO | SpawnProcess-4 | stage2_run3 | Epoch 176 | train_loss=105.4262 | train_acc=0.9561 | test_loss=18.0833 | test_acc=0.9498
2026-05-14 12:47:24,307 | INFO | SpawnProcess-2 | stage2_run5 | Epoch 176 | train_loss=100.6273 | train_acc=0.9477 | test_loss=17.0313 | test_acc=0.9459
2026-05-14 12:47:26,245 | INFO | SpawnProcess-3 | stage2_run2 | Epoch 212 | train_loss=98.8875 | train_acc=0.9563 | test_loss=16.9203 | test_acc=0.9498
2026-05-14 12:47:33,101 | INFO | SpawnProcess-1 | stage2_run1 | Epoch 208 | train_loss=96.1669 | train_acc=0.9455 | test_loss=16.5589 | test_acc=0.9416
2026-05-14 12:47:35,004 | INFO | SpawnProcess-5 | stage2_run4 | Epoch 186 | train_loss=103.9349 | train_acc=0.9477 | test_loss=17.8888 | test_acc=0.9379
2026-05-14 12:47:38,162 | INFO | SpawnProcess-4 | stage2_run3 | Epoch 177 | train_loss=104.6421 | train_acc=0.9589 | test_loss=18.2668 | test_acc=0.9476
2026-05-14 12:47:49,337 | INFO | SpawnProcess-1 | stage2_run1 | Epoch 209 | train_loss=95.6030 | train_acc=0.9481 | test_loss=16.0530 | test_acc=0.9512
2026-05-14 12:47:54,907 | INFO | SpawnProcess-3 | stage2_run2 | Epoch 213 | train_loss=99.3398 | train_acc=0.9554 | test_loss=16.7364 | test_acc=0.9556
2026-05-14 12:47:57,630 | INFO | SpawnProcess-2 | stage2_run5 | Epoch 177 | train_loss=99.9188 | train_acc=0.9503 | test_loss=16.8146 | test_acc=0.9494
2026-05-14 12:48:00,932 | INFO | SpawnProcess-4 | stage2_run3 | Epoch 178 | train_loss=104.6059 | train_acc=0.9587 | test_loss=18.2756 | test_acc=0.9457
2026-05-14 12:48:04,101 | INFO | SpawnProcess-5 | stage2_run4 | Epoch 187 | train_loss=105.3297 | train_acc=0.9401 | test_loss=17.8541 | test_acc=0.9350
2026-05-14 12:48:11,046 | INFO | SpawnProcess-3 | stage2_run2 | Epoch 214 | train_loss=99.3909 | train_acc=0.9553 | test_loss=16.9044 | test_acc=0.9535
2026-05-14 12:48:15,257 | INFO | SpawnProcess-1 | stage2_run1 | Epoch 210 | train_loss=94.5991 | train_acc=0.9516 | test_loss=16.5250 | test_acc=0.9375
2026-05-14 12:48:15,931 | INFO | SpawnProcess-4 | stage2_run3 | Epoch 179 | train_loss=104.8798 | train_acc=0.9575 | test_loss=17.8411 | test_acc=0.9555
2026-05-14 12:48:23,782 | INFO | SpawnProcess-2 | stage2_run5 | Epoch 178 | train_loss=100.2063 | train_acc=0.9496 | test_loss=16.8660 | test_acc=0.9494
2026-05-14 12:48:27,938 | INFO | SpawnProcess-5 | stage2_run4 | Epoch 188 | train_loss=104.3665 | train_acc=0.9445 | test_loss=17.5886 | test_acc=0.9441
2026-05-14 12:48:32,450 | INFO | SpawnProcess-1 | stage2_run1 | Epoch 211 | train_loss=94.9914 | train_acc=0.9504 | test_loss=16.5966 | test_acc=0.9359
2026-05-14 12:48:40,123 | INFO | SpawnProcess-3 | stage2_run2 | Epoch 215 | train_loss=99.8069 | train_acc=0.9527 | test_loss=16.8554 | test_acc=0.9527
2026-05-14 12:48:44,238 | INFO | SpawnProcess-5 | stage2_run4 | Epoch 189 | train_loss=102.8593 | train_acc=0.9513 | test_loss=17.4260 | test_acc=0.9475
2026-05-14 12:48:46,919 | INFO | SpawnProcess-4 | stage2_run3 | Epoch 180 | train_loss=105.7331 | train_acc=0.9539 | test_loss=17.8437 | test_acc=0.9554
2026-05-14 12:48:55,487 | INFO | SpawnProcess-1 | stage2_run1 | Epoch 212 | train_loss=95.1152 | train_acc=0.9492 | test_loss=16.1838 | test_acc=0.9482
2026-05-14 12:48:57,299 | INFO | SpawnProcess-3 | stage2_run2 | Epoch 216 | train_loss=99.4380 | train_acc=0.9539 | test_loss=16.6251 | test_acc=0.9589
2026-05-14 12:48:58,797 | INFO | SpawnProcess-5 | stage2_run4 | Epoch 190 | train_loss=103.1124 | train_acc=0.9502 | test_loss=17.3181 | test_acc=0.9506
2026-05-14 12:48:59,399 | INFO | SpawnProcess-2 | stage2_run5 | Epoch 179 | train_loss=99.9860 | train_acc=0.9491 | test_loss=16.8500 | test_acc=0.9510
2026-05-14 12:49:13,860 | INFO | SpawnProcess-4 | stage2_run3 | Epoch 181 | train_loss=104.3216 | train_acc=0.9601 | test_loss=17.9111 | test_acc=0.9548
2026-05-14 12:49:16,087 | INFO | SpawnProcess-1 | stage2_run1 | Epoch 213 | train_loss=95.5352 | train_acc=0.9474 | test_loss=16.1209 | test_acc=0.9475
2026-05-14 12:49:20,548 | INFO | SpawnProcess-3 | stage2_run2 | Epoch 217 | train_loss=99.4467 | train_acc=0.9545 | test_loss=17.7149 | test_acc=0.9322
2026-05-14 12:49:29,730 | INFO | SpawnProcess-2 | stage2_run5 | Epoch 180 | train_loss=100.4651 | train_acc=0.9472 | test_loss=17.1141 | test_acc=0.9431
2026-05-14 12:49:30,103 | INFO | SpawnProcess-5 | stage2_run4 | Epoch 191 | train_loss=103.4718 | train_acc=0.9478 | test_loss=17.6152 | test_acc=0.9418
2026-05-14 12:49:32,981 | INFO | SpawnProcess-4 | stage2_run3 | Epoch 182 | train_loss=104.5154 | train_acc=0.9596 | test_loss=17.9558 | test_acc=0.9512
2026-05-14 12:49:37,216 | INFO | SpawnProcess-1 | stage2_run1 | Epoch 214 | train_loss=96.9449 | train_acc=0.9417 | test_loss=16.2272 | test_acc=0.9451
2026-05-14 12:49:40,307 | INFO | SpawnProcess-3 | stage2_run2 | Epoch 218 | train_loss=98.5832 | train_acc=0.9574 | test_loss=16.8249 | test_acc=0.9530
2026-05-14 12:49:51,042 | INFO | SpawnProcess-4 | stage2_run3 | Epoch 183 | train_loss=104.7841 | train_acc=0.9577 | test_loss=18.3051 | test_acc=0.9443
2026-05-14 12:49:57,832 | INFO | SpawnProcess-3 | stage2_run2 | Epoch 219 | train_loss=99.3040 | train_acc=0.9545 | test_loss=16.8615 | test_acc=0.9522
2026-05-14 12:49:58,025 | INFO | SpawnProcess-5 | stage2_run4 | Epoch 192 | train_loss=103.6288 | train_acc=0.9480 | test_loss=17.4522 | test_acc=0.9443
2026-05-14 12:50:01,159 | INFO | SpawnProcess-1 | stage2_run1 | Epoch 215 | train_loss=95.5350 | train_acc=0.9485 | test_loss=16.1171 | test_acc=0.9494
2026-05-14 12:50:02,649 | INFO | SpawnProcess-2 | stage2_run5 | Epoch 181 | train_loss=99.4761 | train_acc=0.9521 | test_loss=16.9406 | test_acc=0.9452
2026-05-14 12:50:07,625 | INFO | SpawnProcess-4 | stage2_run3 | Epoch 184 | train_loss=106.4394 | train_acc=0.9500 | test_loss=18.9670 | test_acc=0.9259
2026-05-14 12:50:19,487 | INFO | SpawnProcess-3 | stage2_run2 | Epoch 220 | train_loss=98.3414 | train_acc=0.9579 | test_loss=16.5976 | test_acc=0.9583
2026-05-14 12:50:23,157 | INFO | SpawnProcess-1 | stage2_run1 | Epoch 216 | train_loss=94.7634 | train_acc=0.9513 | test_loss=15.8888 | test_acc=0.9561
2026-05-14 12:50:24,127 | INFO | SpawnProcess-4 | stage2_run3 | Epoch 185 | train_loss=105.1851 | train_acc=0.9567 | test_loss=17.8777 | test_acc=0.9545
2026-05-14 12:50:29,432 | INFO | SpawnProcess-2 | stage2_run5 | Epoch 182 | train_loss=100.0477 | train_acc=0.9493 | test_loss=16.9803 | test_acc=0.9458
2026-05-14 12:50:30,390 | INFO | SpawnProcess-5 | stage2_run4 | Epoch 193 | train_loss=103.5301 | train_acc=0.9479 | test_loss=17.9821 | test_acc=0.9317
2026-05-14 12:50:41,433 | INFO | SpawnProcess-4 | stage2_run3 | Epoch 186 | train_loss=105.0140 | train_acc=0.9566 | test_loss=17.6656 | test_acc=0.9601
2026-05-14 12:50:42,556 | INFO | SpawnProcess-1 | stage2_run1 | Epoch 217 | train_loss=95.2826 | train_acc=0.9490 | test_loss=16.5365 | test_acc=0.9399
2026-05-14 12:50:46,355 | INFO | SpawnProcess-3 | stage2_run2 | Epoch 221 | train_loss=98.9879 | train_acc=0.9563 | test_loss=17.2400 | test_acc=0.9437
2026-05-14 12:50:55,466 | INFO | SpawnProcess-2 | stage2_run5 | Epoch 183 | train_loss=99.5796 | train_acc=0.9516 | test_loss=16.9271 | test_acc=0.9486
2026-05-14 12:50:59,778 | INFO | SpawnProcess-5 | stage2_run4 | Epoch 194 | train_loss=103.9520 | train_acc=0.9461 | test_loss=18.1499 | test_acc=0.9267
2026-05-14 12:51:04,448 | INFO | SpawnProcess-3 | stage2_run2 | Epoch 222 | train_loss=98.8478 | train_acc=0.9565 | test_loss=16.8643 | test_acc=0.9512
2026-05-14 12:51:07,814 | INFO | SpawnProcess-4 | stage2_run3 | Epoch 187 | train_loss=104.4650 | train_acc=0.9584 | test_loss=18.0876 | test_acc=0.9486
2026-05-14 12:51:15,044 | INFO | SpawnProcess-1 | stage2_run1 | Epoch 218 | train_loss=94.9160 | train_acc=0.9500 | test_loss=15.9775 | test_acc=0.9548
2026-05-14 12:51:16,986 | INFO | SpawnProcess-5 | stage2_run4 | Epoch 195 | train_loss=103.0019 | train_acc=0.9499 | test_loss=17.6691 | test_acc=0.9407
2026-05-14 12:51:21,600 | INFO | SpawnProcess-2 | stage2_run5 | Epoch 184 | train_loss=99.4262 | train_acc=0.9517 | test_loss=17.1391 | test_acc=0.9461
2026-05-14 12:51:26,092 | INFO | SpawnProcess-3 | stage2_run2 | Epoch 223 | train_loss=98.1788 | train_acc=0.9588 | test_loss=16.5976 | test_acc=0.9592
2026-05-14 12:51:32,432 | INFO | SpawnProcess-5 | stage2_run4 | Epoch 196 | train_loss=103.4075 | train_acc=0.9481 | test_loss=17.5239 | test_acc=0.9433
2026-05-14 12:51:38,476 | INFO | SpawnProcess-4 | stage2_run3 | Epoch 188 | train_loss=104.4457 | train_acc=0.9587 | test_loss=18.0026 | test_acc=0.9496
2026-05-14 12:51:42,691 | INFO | SpawnProcess-1 | stage2_run1 | Epoch 219 | train_loss=94.5402 | train_acc=0.9521 | test_loss=16.6050 | test_acc=0.9368
2026-05-14 12:51:45,361 | INFO | SpawnProcess-3 | stage2_run2 | Epoch 224 | train_loss=98.2563 | train_acc=0.9587 | test_loss=16.9834 | test_acc=0.9499
2026-05-14 12:51:47,545 | INFO | SpawnProcess-5 | stage2_run4 | Epoch 197 | train_loss=102.9953 | train_acc=0.9504 | test_loss=17.5750 | test_acc=0.9405
2026-05-14 12:51:56,799 | INFO | SpawnProcess-2 | stage2_run5 | Epoch 185 | train_loss=98.8593 | train_acc=0.9549 | test_loss=16.8258 | test_acc=0.9512
2026-05-14 12:52:02,373 | INFO | SpawnProcess-5 | stage2_run4 | Epoch 198 | train_loss=102.9079 | train_acc=0.9503 | test_loss=17.5073 | test_acc=0.9421
2026-05-14 12:52:05,927 | INFO | SpawnProcess-1 | stage2_run1 | Epoch 220 | train_loss=94.5531 | train_acc=0.9517 | test_loss=16.0444 | test_acc=0.9515
2026-05-14 12:52:08,098 | INFO | SpawnProcess-3 | stage2_run2 | Epoch 225 | train_loss=98.7709 | train_acc=0.9569 | test_loss=16.8133 | test_acc=0.9540
2026-05-14 12:52:13,249 | INFO | SpawnProcess-4 | stage2_run3 | Epoch 189 | train_loss=104.7901 | train_acc=0.9575 | test_loss=17.8134 | test_acc=0.9571
2026-05-14 12:52:19,425 | INFO | SpawnProcess-5 | stage2_run4 | Epoch 199 | train_loss=103.0616 | train_acc=0.9500 | test_loss=18.1142 | test_acc=0.9267
2026-05-14 12:52:24,172 | INFO | SpawnProcess-3 | stage2_run2 | Epoch 226 | train_loss=98.9439 | train_acc=0.9559 | test_loss=16.8253 | test_acc=0.9526
2026-05-14 12:52:29,053 | INFO | SpawnProcess-2 | stage2_run5 | Epoch 186 | train_loss=99.4276 | train_acc=0.9515 | test_loss=17.1789 | test_acc=0.9386
2026-05-14 12:52:33,987 | INFO | SpawnProcess-5 | stage2_run4 | Epoch 200 | train_loss=104.3946 | train_acc=0.9443 | test_loss=17.5891 | test_acc=0.9438
2026-05-14 12:52:34,217 | INFO | SpawnProcess-1 | stage2_run1 | Epoch 221 | train_loss=94.9996 | train_acc=0.9496 | test_loss=16.0697 | test_acc=0.9489
2026-05-14 12:52:45,072 | INFO | SpawnProcess-4 | stage2_run3 | Epoch 190 | train_loss=103.7284 | train_acc=0.9617 | test_loss=17.9220 | test_acc=0.9524
2026-05-14 12:52:49,063 | INFO | SpawnProcess-1 | stage2_run1 | Epoch 222 | train_loss=95.2411 | train_acc=0.9492 | test_loss=17.0063 | test_acc=0.9255
2026-05-14 12:52:49,281 | INFO | SpawnProcess-3 | stage2_run2 | Epoch 227 | train_loss=98.2147 | train_acc=0.9589 | test_loss=16.7781 | test_acc=0.9544
2026-05-14 12:52:54,492 | INFO | SpawnProcess-5 | stage2_run4 | Epoch 201 | train_loss=102.9137 | train_acc=0.9499 | test_loss=17.3625 | test_acc=0.9465
2026-05-14 12:53:00,941 | INFO | SpawnProcess-4 | stage2_run3 | Epoch 191 | train_loss=104.7906 | train_acc=0.9568 | test_loss=17.9379 | test_acc=0.9529
2026-05-14 12:53:03,774 | INFO | SpawnProcess-1 | stage2_run1 | Epoch 223 | train_loss=94.4894 | train_acc=0.9520 | test_loss=16.3147 | test_acc=0.9454
2026-05-14 12:53:05,260 | INFO | SpawnProcess-2 | stage2_run5 | Epoch 187 | train_loss=99.7908 | train_acc=0.9507 | test_loss=16.9218 | test_acc=0.9476
2026-05-14 12:53:10,613 | INFO | SpawnProcess-3 | stage2_run2 | Epoch 228 | train_loss=98.5565 | train_acc=0.9577 | test_loss=17.1464 | test_acc=0.9458
2026-05-14 12:53:15,673 | INFO | SpawnProcess-4 | stage2_run3 | Epoch 192 | train_loss=105.1554 | train_acc=0.9559 | test_loss=18.4227 | test_acc=0.9391
2026-05-14 12:53:29,812 | INFO | SpawnProcess-3 | stage2_run2 | Epoch 229 | train_loss=98.5317 | train_acc=0.9562 | test_loss=16.8348 | test_acc=0.9512
2026-05-14 12:53:30,909 | INFO | SpawnProcess-4 | stage2_run3 | Epoch 193 | train_loss=104.5890 | train_acc=0.9574 | test_loss=17.9480 | test_acc=0.9527
2026-05-14 12:53:31,124 | INFO | SpawnProcess-5 | stage2_run4 | Epoch 202 | train_loss=102.5718 | train_acc=0.9521 | test_loss=17.5583 | test_acc=0.9413
2026-05-14 12:53:31,565 | INFO | SpawnProcess-1 | stage2_run1 | Epoch 224 | train_loss=94.5976 | train_acc=0.9524 | test_loss=15.9441 | test_acc=0.9530
2026-05-14 12:53:36,559 | INFO | SpawnProcess-2 | stage2_run5 | Epoch 188 | train_loss=99.4311 | train_acc=0.9519 | test_loss=16.8456 | test_acc=0.9500
2026-05-14 12:53:48,316 | INFO | SpawnProcess-5 | stage2_run4 | Epoch 203 | train_loss=104.0420 | train_acc=0.9443 | test_loss=17.6040 | test_acc=0.9422
2026-05-14 12:53:48,519 | INFO | SpawnProcess-3 | stage2_run2 | Epoch 230 | train_loss=99.3470 | train_acc=0.9521 | test_loss=16.7647 | test_acc=0.9531
2026-05-14 12:53:57,743 | INFO | SpawnProcess-4 | stage2_run3 | Epoch 194 | train_loss=105.8741 | train_acc=0.9528 | test_loss=18.0720 | test_acc=0.9498
2026-05-14 12:53:57,975 | INFO | SpawnProcess-1 | stage2_run1 | Epoch 225 | train_loss=94.7776 | train_acc=0.9508 | test_loss=16.2702 | test_acc=0.9454
2026-05-14 12:54:07,693 | INFO | SpawnProcess-2 | stage2_run5 | Epoch 189 | train_loss=99.9888 | train_acc=0.9503 | test_loss=16.9976 | test_acc=0.9444
2026-05-14 12:54:10,294 | INFO | SpawnProcess-3 | stage2_run2 | Epoch 231 | train_loss=98.6323 | train_acc=0.9551 | test_loss=16.6759 | test_acc=0.9563
2026-05-14 12:54:11,838 | INFO | SpawnProcess-5 | stage2_run4 | Epoch 204 | train_loss=103.1284 | train_acc=0.9492 | test_loss=17.3539 | test_acc=0.9497
2026-05-14 12:54:16,403 | INFO | SpawnProcess-4 | stage2_run3 | Epoch 195 | train_loss=105.2814 | train_acc=0.9552 | test_loss=18.4713 | test_acc=0.9410
2026-05-14 12:54:19,621 | INFO | SpawnProcess-1 | stage2_run1 | Epoch 226 | train_loss=94.6756 | train_acc=0.9509 | test_loss=15.8865 | test_acc=0.9530
2026-05-14 12:54:29,772 | INFO | SpawnProcess-3 | stage2_run2 | Epoch 232 | train_loss=97.7239 | train_acc=0.9585 | test_loss=16.5656 | test_acc=0.9568
2026-05-14 12:54:32,433 | INFO | SpawnProcess-5 | stage2_run4 | Epoch 205 | train_loss=102.8386 | train_acc=0.9505 | test_loss=17.4712 | test_acc=0.9444
2026-05-14 12:54:33,969 | INFO | SpawnProcess-4 | stage2_run3 | Epoch 196 | train_loss=106.2028 | train_acc=0.9508 | test_loss=17.9837 | test_acc=0.9506
2026-05-14 12:54:44,102 | INFO | SpawnProcess-2 | stage2_run5 | Epoch 190 | train_loss=98.3922 | train_acc=0.9566 | test_loss=16.7807 | test_acc=0.9517
2026-05-14 12:54:45,347 | INFO | SpawnProcess-3 | stage2_run2 | Epoch 233 | train_loss=98.4335 | train_acc=0.9553 | test_loss=16.8014 | test_acc=0.9512
2026-05-14 12:54:49,878 | INFO | SpawnProcess-5 | stage2_run4 | Epoch 206 | train_loss=103.6472 | train_acc=0.9465 | test_loss=17.5863 | test_acc=0.9448
2026-05-14 12:54:50,372 | INFO | SpawnProcess-1 | stage2_run1 | Epoch 227 | train_loss=93.4113 | train_acc=0.9566 | test_loss=15.8176 | test_acc=0.9550
2026-05-14 12:55:00,270 | INFO | SpawnProcess-4 | stage2_run3 | Epoch 197 | train_loss=104.5834 | train_acc=0.9568 | test_loss=17.8912 | test_acc=0.9510
2026-05-14 12:55:01,348 | INFO | SpawnProcess-3 | stage2_run2 | Epoch 234 | train_loss=98.8310 | train_acc=0.9534 | test_loss=16.8407 | test_acc=0.9509
2026-05-14 12:55:12,913 | INFO | SpawnProcess-2 | stage2_run5 | Epoch 191 | train_loss=99.5528 | train_acc=0.9519 | test_loss=16.8785 | test_acc=0.9490
2026-05-14 12:55:17,757 | INFO | SpawnProcess-3 | stage2_run2 | Epoch 235 | train_loss=98.5122 | train_acc=0.9547 | test_loss=16.7734 | test_acc=0.9525
2026-05-14 12:55:19,661 | INFO | SpawnProcess-5 | stage2_run4 | Epoch 207 | train_loss=103.4040 | train_acc=0.9476 | test_loss=17.2233 | test_acc=0.9531
2026-05-14 12:55:20,757 | INFO | SpawnProcess-1 | stage2_run1 | Epoch 228 | train_loss=94.3041 | train_acc=0.9525 | test_loss=16.3510 | test_acc=0.9420
2026-05-14 12:55:24,135 | INFO | SpawnProcess-4 | stage2_run3 | Epoch 198 | train_loss=104.2008 | train_acc=0.9574 | test_loss=18.1292 | test_acc=0.9470
2026-05-14 12:55:34,393 | INFO | SpawnProcess-3 | stage2_run2 | Epoch 236 | train_loss=99.0434 | train_acc=0.9526 | test_loss=16.6489 | test_acc=0.9543
2026-05-14 12:55:38,676 | INFO | SpawnProcess-2 | stage2_run5 | Epoch 192 | train_loss=101.1039 | train_acc=0.9453 | test_loss=17.3833 | test_acc=0.9343
2026-05-14 12:55:44,933 | INFO | SpawnProcess-4 | stage2_run3 | Epoch 199 | train_loss=103.7700 | train_acc=0.9596 | test_loss=17.8478 | test_acc=0.9532
2026-05-14 12:55:45,305 | INFO | SpawnProcess-5 | stage2_run4 | Epoch 208 | train_loss=103.3317 | train_acc=0.9474 | test_loss=17.6638 | test_acc=0.9396
2026-05-14 12:55:48,264 | INFO | SpawnProcess-1 | stage2_run1 | Epoch 229 | train_loss=94.1385 | train_acc=0.9535 | test_loss=16.0486 | test_acc=0.9490
2026-05-14 12:55:58,358 | INFO | SpawnProcess-3 | stage2_run2 | Epoch 237 | train_loss=98.0768 | train_acc=0.9565 | test_loss=17.0723 | test_acc=0.9411
2026-05-14 12:56:04,910 | INFO | SpawnProcess-1 | stage2_run1 | Epoch 230 | train_loss=95.0709 | train_acc=0.9489 | test_loss=16.0622 | test_acc=0.9488
2026-05-14 12:56:06,355 | INFO | SpawnProcess-5 | stage2_run4 | Epoch 209 | train_loss=103.7817 | train_acc=0.9457 | test_loss=17.8083 | test_acc=0.9343
2026-05-14 12:56:07,140 | INFO | SpawnProcess-4 | stage2_run3 | Epoch 200 | train_loss=103.8839 | train_acc=0.9594 | test_loss=17.6383 | test_acc=0.9576
2026-05-14 12:56:11,560 | INFO | SpawnProcess-2 | stage2_run5 | Epoch 193 | train_loss=99.7827 | train_acc=0.9505 | test_loss=16.8600 | test_acc=0.9482
2026-05-14 12:56:18,574 | INFO | SpawnProcess-3 | stage2_run2 | Epoch 238 | train_loss=98.2545 | train_acc=0.9558 | test_loss=16.8761 | test_acc=0.9473
2026-05-14 12:56:29,441 | INFO | SpawnProcess-4 | stage2_run3 | Epoch 201 | train_loss=104.9040 | train_acc=0.9555 | test_loss=17.9268 | test_acc=0.9506
2026-05-14 12:56:29,893 | INFO | SpawnProcess-2 | stage2_run5 | Epoch 194 | train_loss=99.6978 | train_acc=0.9504 | test_loss=16.9174 | test_acc=0.9480
2026-05-14 12:56:31,318 | INFO | SpawnProcess-1 | stage2_run1 | Epoch 231 | train_loss=94.6054 | train_acc=0.9510 | test_loss=16.6023 | test_acc=0.9360
2026-05-14 12:56:31,470 | INFO | SpawnProcess-5 | stage2_run4 | Epoch 210 | train_loss=104.4069 | train_acc=0.9432 | test_loss=17.5577 | test_acc=0.9444
2026-05-14 12:56:44,655 | INFO | SpawnProcess-2 | stage2_run5 | Epoch 195 | train_loss=100.0000 | train_acc=0.9493 | test_loss=17.3780 | test_acc=0.9351
2026-05-14 12:56:49,843 | INFO | SpawnProcess-1 | stage2_run1 | Epoch 232 | train_loss=95.0000 | train_acc=0.9496 | test_loss=16.0011 | test_acc=0.9506
2026-05-14 12:56:50,252 | INFO | SpawnProcess-3 | stage2_run2 | Epoch 239 | train_loss=97.4592 | train_acc=0.9589 | test_loss=16.4124 | test_acc=0.9604
2026-05-14 12:56:56,117 | INFO | SpawnProcess-4 | stage2_run3 | Epoch 202 | train_loss=104.4245 | train_acc=0.9577 | test_loss=17.9176 | test_acc=0.9521
2026-05-14 12:57:02,812 | INFO | SpawnProcess-5 | stage2_run4 | Epoch 211 | train_loss=103.6793 | train_acc=0.9462 | test_loss=17.4700 | test_acc=0.9419
2026-05-14 12:57:02,888 | INFO | SpawnProcess-2 | stage2_run5 | Epoch 196 | train_loss=100.3476 | train_acc=0.9483 | test_loss=17.0924 | test_acc=0.9434
2026-05-14 12:57:06,495 | INFO | SpawnProcess-1 | stage2_run1 | Epoch 233 | train_loss=94.3976 | train_acc=0.9516 | test_loss=15.9710 | test_acc=0.9499
2026-05-14 12:57:18,156 | INFO | SpawnProcess-4 | stage2_run3 | Epoch 203 | train_loss=104.1635 | train_acc=0.9578 | test_loss=18.1802 | test_acc=0.9443
2026-05-14 12:57:22,682 | INFO | SpawnProcess-1 | stage2_run1 | Epoch 234 | train_loss=94.6540 | train_acc=0.9505 | test_loss=16.4060 | test_acc=0.9433
2026-05-14 12:57:22,868 | INFO | SpawnProcess-3 | stage2_run2 | Epoch 240 | train_loss=98.1654 | train_acc=0.9560 | test_loss=16.5946 | test_acc=0.9552
2026-05-14 12:57:28,399 | INFO | SpawnProcess-5 | stage2_run4 | Epoch 212 | train_loss=103.2678 | train_acc=0.9489 | test_loss=17.4753 | test_acc=0.9451
2026-05-14 12:57:32,864 | INFO | SpawnProcess-2 | stage2_run5 | Epoch 197 | train_loss=99.2447 | train_acc=0.9527 | test_loss=16.7590 | test_acc=0.9522
2026-05-14 12:57:44,326 | INFO | SpawnProcess-1 | stage2_run1 | Epoch 235 | train_loss=95.4389 | train_acc=0.9470 | test_loss=15.9920 | test_acc=0.9516
2026-05-14 12:57:50,078 | INFO | SpawnProcess-5 | stage2_run4 | Epoch 213 | train_loss=103.5692 | train_acc=0.9464 | test_loss=17.3897 | test_acc=0.9452
2026-05-14 12:57:53,620 | INFO | SpawnProcess-3 | stage2_run2 | Epoch 241 | train_loss=100.5512 | train_acc=0.9473 | test_loss=16.6676 | test_acc=0.9525
2026-05-14 12:57:53,724 | INFO | SpawnProcess-4 | stage2_run3 | Epoch 204 | train_loss=104.5443 | train_acc=0.9560 | test_loss=17.7359 | test_acc=0.9567
2026-05-14 12:57:59,992 | INFO | SpawnProcess-2 | stage2_run5 | Epoch 198 | train_loss=98.3160 | train_acc=0.9554 | test_loss=16.7497 | test_acc=0.9507
2026-05-14 12:58:00,413 | INFO | SpawnProcess-1 | stage2_run1 | Epoch 236 | train_loss=95.1592 | train_acc=0.9492 | test_loss=16.3600 | test_acc=0.9414
2026-05-14 12:58:12,059 | INFO | SpawnProcess-5 | stage2_run4 | Epoch 214 | train_loss=101.9693 | train_acc=0.9536 | test_loss=17.6745 | test_acc=0.9373
2026-05-14 12:58:13,578 | INFO | SpawnProcess-3 | stage2_run2 | Epoch 242 | train_loss=98.8379 | train_acc=0.9533 | test_loss=16.9065 | test_acc=0.9476
2026-05-14 12:58:24,722 | INFO | SpawnProcess-4 | stage2_run3 | Epoch 205 | train_loss=103.0120 | train_acc=0.9628 | test_loss=17.8328 | test_acc=0.9525
2026-05-14 12:58:28,926 | INFO | SpawnProcess-5 | stage2_run4 | Epoch 215 | train_loss=102.6993 | train_acc=0.9502 | test_loss=17.7354 | test_acc=0.9356
2026-05-14 12:58:30,025 | INFO | SpawnProcess-3 | stage2_run2 | Epoch 243 | train_loss=98.2853 | train_acc=0.9556 | test_loss=17.0301 | test_acc=0.9408
2026-05-14 12:58:33,411 | INFO | SpawnProcess-1 | stage2_run1 | Epoch 237 | train_loss=95.5964 | train_acc=0.9476 | test_loss=16.2037 | test_acc=0.9461
2026-05-14 12:58:35,531 | INFO | SpawnProcess-2 | stage2_run5 | Epoch 199 | train_loss=100.1028 | train_acc=0.9474 | test_loss=16.9029 | test_acc=0.9476
2026-05-14 12:58:42,814 | INFO | SpawnProcess-4 | stage2_run3 | Epoch 206 | train_loss=103.4627 | train_acc=0.9602 | test_loss=18.0671 | test_acc=0.9472
2026-05-14 12:58:43,292 | INFO | SpawnProcess-5 | stage2_run4 | Epoch 216 | train_loss=104.6327 | train_acc=0.9425 | test_loss=17.3515 | test_acc=0.9471
2026-05-14 12:58:45,680 | INFO | SpawnProcess-3 | stage2_run2 | Epoch 244 | train_loss=98.9677 | train_acc=0.9524 | test_loss=16.9552 | test_acc=0.9450
2026-05-14 12:59:01,534 | INFO | SpawnProcess-3 | stage2_run2 | Epoch 245 | train_loss=98.1076 | train_acc=0.9557 | test_loss=16.5468 | test_acc=0.9569
2026-05-14 12:59:04,687 | INFO | SpawnProcess-4 | stage2_run3 | Epoch 207 | train_loss=105.5900 | train_acc=0.9520 | test_loss=17.8582 | test_acc=0.9522
2026-05-14 12:59:08,632 | INFO | SpawnProcess-1 | stage2_run1 | Epoch 238 | train_loss=94.5769 | train_acc=0.9510 | test_loss=16.4068 | test_acc=0.9381
2026-05-14 12:59:08,996 | INFO | SpawnProcess-2 | stage2_run5 | Epoch 200 | train_loss=98.5687 | train_acc=0.9535 | test_loss=17.1108 | test_acc=0.9389
2026-05-14 12:59:10,915 | INFO | SpawnProcess-5 | stage2_run4 | Epoch 217 | train_loss=103.7415 | train_acc=0.9462 | test_loss=17.5389 | test_acc=0.9424
2026-05-14 12:59:17,538 | INFO | SpawnProcess-3 | stage2_run2 | Epoch 246 | train_loss=97.8641 | train_acc=0.9573 | test_loss=16.6560 | test_acc=0.9545
2026-05-14 12:59:34,696 | INFO | SpawnProcess-5 | stage2_run4 | Epoch 218 | train_loss=103.0603 | train_acc=0.9492 | test_loss=17.6298 | test_acc=0.9458
2026-05-14 12:59:36,483 | INFO | SpawnProcess-4 | stage2_run3 | Epoch 208 | train_loss=104.1261 | train_acc=0.9585 | test_loss=17.9482 | test_acc=0.9513
2026-05-14 12:59:36,541 | INFO | SpawnProcess-1 | stage2_run1 | Epoch 239 | train_loss=94.9300 | train_acc=0.9496 | test_loss=16.0804 | test_acc=0.9493
2026-05-14 12:59:38,233 | INFO | SpawnProcess-3 | stage2_run2 | Epoch 247 | train_loss=97.4848 | train_acc=0.9584 | test_loss=16.8282 | test_acc=0.9510
2026-05-14 12:59:39,005 | INFO | SpawnProcess-2 | stage2_run5 | Epoch 201 | train_loss=98.5401 | train_acc=0.9534 | test_loss=16.6662 | test_acc=0.9530
2026-05-14 12:59:56,851 | INFO | SpawnProcess-3 | stage2_run2 | Epoch 248 | train_loss=97.8990 | train_acc=0.9572 | test_loss=16.4912 | test_acc=0.9578
2026-05-14 12:59:57,246 | INFO | SpawnProcess-5 | stage2_run4 | Epoch 219 | train_loss=103.9485 | train_acc=0.9450 | test_loss=17.5456 | test_acc=0.9438
2026-05-14 13:00:00,797 | INFO | SpawnProcess-4 | stage2_run3 | Epoch 209 | train_loss=104.6298 | train_acc=0.9556 | test_loss=17.7031 | test_acc=0.9549
2026-05-14 13:00:06,678 | INFO | SpawnProcess-1 | stage2_run1 | Epoch 240 | train_loss=94.2499 | train_acc=0.9524 | test_loss=15.8631 | test_acc=0.9541
2026-05-14 13:00:12,497 | INFO | SpawnProcess-2 | stage2_run5 | Epoch 202 | train_loss=98.3272 | train_acc=0.9539 | test_loss=16.8996 | test_acc=0.9464
2026-05-14 13:00:12,805 | INFO | SpawnProcess-5 | stage2_run4 | Epoch 220 | train_loss=103.7457 | train_acc=0.9463 | test_loss=18.2240 | test_acc=0.9234
2026-05-14 13:00:23,204 | INFO | SpawnProcess-3 | stage2_run2 | Epoch 249 | train_loss=97.2718 | train_acc=0.9594 | test_loss=16.6079 | test_acc=0.9555
2026-05-14 13:00:27,592 | INFO | SpawnProcess-1 | stage2_run1 | Epoch 241 | train_loss=94.6560 | train_acc=0.9509 | test_loss=16.5301 | test_acc=0.9371
2026-05-14 13:00:31,434 | INFO | SpawnProcess-4 | stage2_run3 | Epoch 210 | train_loss=104.8746 | train_acc=0.9547 | test_loss=17.8774 | test_acc=0.9512
2026-05-14 13:00:31,882 | INFO | SpawnProcess-5 | stage2_run4 | Epoch 221 | train_loss=103.8726 | train_acc=0.9455 | test_loss=17.8350 | test_acc=0.9386
2026-05-14 13:00:44,536 | INFO | SpawnProcess-2 | stage2_run5 | Epoch 203 | train_loss=100.0896 | train_acc=0.9471 | test_loss=17.0803 | test_acc=0.9403
2026-05-14 13:00:47,444 | INFO | SpawnProcess-1 | stage2_run1 | Epoch 242 | train_loss=95.3656 | train_acc=0.9488 | test_loss=16.5142 | test_acc=0.9376
2026-05-14 13:00:55,925 | INFO | SpawnProcess-3 | stage2_run2 | Epoch 250 | train_loss=96.8736 | train_acc=0.9610 | test_loss=17.1012 | test_acc=0.9411
2026-05-14 13:01:00,475 | INFO | SpawnProcess-4 | stage2_run3 | Epoch 211 | train_loss=105.1791 | train_acc=0.9530 | test_loss=17.9351 | test_acc=0.9505
2026-05-14 13:01:00,797 | INFO | SpawnProcess-5 | stage2_run4 | Epoch 222 | train_loss=102.3731 | train_acc=0.9517 | test_loss=17.2315 | test_acc=0.9515
2026-05-14 13:01:05,142 | INFO | SpawnProcess-1 | stage2_run1 | Epoch 243 | train_loss=95.5628 | train_acc=0.9474 | test_loss=15.7645 | test_acc=0.9562
2026-05-14 13:01:11,148 | INFO | SpawnProcess-2 | stage2_run5 | Epoch 204 | train_loss=98.4262 | train_acc=0.9535 | test_loss=16.6410 | test_acc=0.9535
2026-05-14 13:01:21,140 | INFO | SpawnProcess-1 | stage2_run1 | Epoch 244 | train_loss=95.5452 | train_acc=0.9470 | test_loss=15.8261 | test_acc=0.9556
2026-05-14 13:01:22,357 | INFO | SpawnProcess-4 | stage2_run3 | Epoch 212 | train_loss=103.2443 | train_acc=0.9599 | test_loss=17.7256 | test_acc=0.9520
2026-05-14 13:01:26,247 | INFO | SpawnProcess-3 | stage2_run2 | Epoch 251 | train_loss=97.1101 | train_acc=0.9601 | test_loss=16.5335 | test_acc=0.9569
2026-05-14 13:01:28,931 | INFO | SpawnProcess-5 | stage2_run4 | Epoch 223 | train_loss=102.8747 | train_acc=0.9495 | test_loss=17.4298 | test_acc=0.9462
2026-05-14 13:01:42,001 | INFO | SpawnProcess-3 | stage2_run2 | Epoch 252 | train_loss=97.3038 | train_acc=0.9588 | test_loss=16.8143 | test_acc=0.9487
2026-05-14 13:01:44,090 | INFO | SpawnProcess-2 | stage2_run5 | Epoch 205 | train_loss=99.0114 | train_acc=0.9512 | test_loss=16.7563 | test_acc=0.9516
2026-05-14 13:01:49,195 | INFO | SpawnProcess-4 | stage2_run3 | Epoch 213 | train_loss=103.1726 | train_acc=0.9596 | test_loss=18.0062 | test_acc=0.9450
2026-05-14 13:01:54,225 | INFO | SpawnProcess-5 | stage2_run4 | Epoch 224 | train_loss=103.2709 | train_acc=0.9480 | test_loss=17.7408 | test_acc=0.9355
2026-05-14 13:01:55,313 | INFO | SpawnProcess-1 | stage2_run1 | Epoch 245 | train_loss=94.2120 | train_acc=0.9528 | test_loss=15.8583 | test_acc=0.9546
2026-05-14 13:02:02,978 | INFO | SpawnProcess-3 | stage2_run2 | Epoch 253 | train_loss=98.4500 | train_acc=0.9541 | test_loss=16.5522 | test_acc=0.9561
2026-05-14 13:02:10,048 | INFO | SpawnProcess-2 | stage2_run5 | Epoch 206 | train_loss=98.2189 | train_acc=0.9538 | test_loss=16.5935 | test_acc=0.9541
2026-05-14 13:02:11,896 | INFO | SpawnProcess-5 | stage2_run4 | Epoch 225 | train_loss=103.4057 | train_acc=0.9472 | test_loss=17.5012 | test_acc=0.9408
2026-05-14 13:02:18,015 | INFO | SpawnProcess-4 | stage2_run3 | Epoch 214 | train_loss=103.6386 | train_acc=0.9572 | test_loss=17.9313 | test_acc=0.9440
2026-05-14 13:02:19,016 | INFO | SpawnProcess-3 | stage2_run2 | Epoch 254 | train_loss=98.7678 | train_acc=0.9522 | test_loss=16.7392 | test_acc=0.9521
2026-05-14 13:02:23,742 | INFO | SpawnProcess-1 | stage2_run1 | Epoch 246 | train_loss=94.4688 | train_acc=0.9518 | test_loss=16.3227 | test_acc=0.9434
2026-05-14 13:02:34,997 | INFO | SpawnProcess-4 | stage2_run3 | Epoch 215 | train_loss=103.1268 | train_acc=0.9595 | test_loss=17.6222 | test_acc=0.9559
2026-05-14 13:02:35,673 | INFO | SpawnProcess-3 | stage2_run2 | Epoch 255 | train_loss=96.7700 | train_acc=0.9607 | test_loss=16.3677 | test_acc=0.9605
2026-05-14 13:02:39,993 | INFO | SpawnProcess-5 | stage2_run4 | Epoch 226 | train_loss=104.7996 | train_acc=0.9412 | test_loss=17.7169 | test_acc=0.9316
2026-05-14 13:02:40,249 | INFO | SpawnProcess-2 | stage2_run5 | Epoch 207 | train_loss=98.7980 | train_acc=0.9524 | test_loss=16.5764 | test_acc=0.9553
2026-05-14 13:02:57,316 | INFO | SpawnProcess-4 | stage2_run3 | Epoch 216 | train_loss=103.2556 | train_acc=0.9585 | test_loss=17.5479 | test_acc=0.9575
2026-05-14 13:02:57,528 | INFO | SpawnProcess-3 | stage2_run2 | Epoch 256 | train_loss=96.3586 | train_acc=0.9626 | test_loss=16.8163 | test_acc=0.9479
2026-05-14 13:02:57,551 | INFO | SpawnProcess-1 | stage2_run1 | Epoch 247 | train_loss=94.1354 | train_acc=0.9527 | test_loss=16.0144 | test_acc=0.9490
2026-05-14 13:03:06,848 | INFO | SpawnProcess-5 | stage2_run4 | Epoch 227 | train_loss=102.8688 | train_acc=0.9488 | test_loss=17.2308 | test_acc=0.9499
2026-05-14 13:03:09,877 | INFO | SpawnProcess-2 | stage2_run5 | Epoch 208 | train_loss=98.7029 | train_acc=0.9525 | test_loss=16.8524 | test_acc=0.9468
2026-05-14 13:03:13,200 | INFO | SpawnProcess-1 | stage2_run1 | Epoch 248 | train_loss=94.8991 | train_acc=0.9499 | test_loss=16.0607 | test_acc=0.9506
2026-05-14 13:03:17,291 | INFO | SpawnProcess-4 | stage2_run3 | Epoch 217 | train_loss=102.5495 | train_acc=0.9620 | test_loss=17.5815 | test_acc=0.9559
2026-05-14 13:03:27,479 | INFO | SpawnProcess-2 | stage2_run5 | Epoch 209 | train_loss=98.5677 | train_acc=0.9530 | test_loss=17.2159 | test_acc=0.9380
2026-05-14 13:03:28,183 | INFO | SpawnProcess-3 | stage2_run2 | Epoch 257 | train_loss=99.1868 | train_acc=0.9510 | test_loss=16.8557 | test_acc=0.9472
2026-05-14 13:03:31,655 | INFO | SpawnProcess-5 | stage2_run4 | Epoch 228 | train_loss=101.8459 | train_acc=0.9533 | test_loss=17.6458 | test_acc=0.9344
2026-05-14 13:03:32,034 | INFO | SpawnProcess-1 | stage2_run1 | Epoch 249 | train_loss=96.4563 | train_acc=0.9429 | test_loss=16.5919 | test_acc=0.9377
2026-05-14 13:03:42,656 | INFO | SpawnProcess-2 | stage2_run5 | Epoch 210 | train_loss=98.9892 | train_acc=0.9512 | test_loss=16.6837 | test_acc=0.9532
2026-05-14 13:03:46,075 | INFO | SpawnProcess-4 | stage2_run3 | Epoch 218 | train_loss=103.1047 | train_acc=0.9593 | test_loss=17.6169 | test_acc=0.9560
2026-05-14 13:03:50,749 | INFO | SpawnProcess-1 | stage2_run1 | Epoch 250 | train_loss=94.7607 | train_acc=0.9500 | test_loss=16.1872 | test_acc=0.9456
2026-05-14 13:03:55,013 | INFO | SpawnProcess-3 | stage2_run2 | Epoch 258 | train_loss=98.2314 | train_acc=0.9552 | test_loss=16.7369 | test_acc=0.9521
2026-05-14 13:04:00,772 | INFO | SpawnProcess-4 | stage2_run3 | Epoch 219 | train_loss=103.9294 | train_acc=0.9562 | test_loss=18.1113 | test_acc=0.9432
2026-05-14 13:04:08,295 | INFO | SpawnProcess-2 | stage2_run5 | Epoch 211 | train_loss=98.7696 | train_acc=0.9524 | test_loss=16.7604 | test_acc=0.9499
2026-05-14 13:04:08,347 | INFO | SpawnProcess-1 | stage2_run1 | Epoch 251 | train_loss=94.7131 | train_acc=0.9503 | test_loss=16.1076 | test_acc=0.9478
2026-05-14 13:04:09,519 | INFO | SpawnProcess-5 | stage2_run4 | Epoch 229 | train_loss=102.6661 | train_acc=0.9486 | test_loss=17.3273 | test_acc=0.9434
2026-05-14 13:04:25,790 | INFO | SpawnProcess-3 | stage2_run2 | Epoch 259 | train_loss=97.9472 | train_acc=0.9563 | test_loss=16.3545 | test_acc=0.9613
2026-05-14 13:04:26,329 | INFO | SpawnProcess-4 | stage2_run3 | Epoch 220 | train_loss=104.0757 | train_acc=0.9551 | test_loss=17.7309 | test_acc=0.9534
2026-05-14 13:04:28,248 | INFO | SpawnProcess-1 | stage2_run1 | Epoch 252 | train_loss=94.6889 | train_acc=0.9504 | test_loss=16.0091 | test_acc=0.9496
2026-05-14 13:04:34,048 | INFO | SpawnProcess-5 | stage2_run4 | Epoch 230 | train_loss=101.8451 | train_acc=0.9534 | test_loss=17.2802 | test_acc=0.9500
2026-05-14 13:04:39,246 | INFO | SpawnProcess-2 | stage2_run5 | Epoch 212 | train_loss=99.3568 | train_acc=0.9500 | test_loss=17.0128 | test_acc=0.9439
2026-05-14 13:04:45,030 | INFO | SpawnProcess-1 | stage2_run1 | Epoch 253 | train_loss=94.0271 | train_acc=0.9532 | test_loss=16.0596 | test_acc=0.9481
2026-05-14 13:04:49,155 | INFO | SpawnProcess-4 | stage2_run3 | Epoch 221 | train_loss=103.2338 | train_acc=0.9589 | test_loss=17.6505 | test_acc=0.9538
2026-05-14 13:04:54,815 | INFO | SpawnProcess-2 | stage2_run5 | Epoch 213 | train_loss=99.7697 | train_acc=0.9477 | test_loss=16.9278 | test_acc=0.9442
2026-05-14 13:04:56,894 | INFO | SpawnProcess-3 | stage2_run2 | Epoch 260 | train_loss=97.3189 | train_acc=0.9587 | test_loss=16.4406 | test_acc=0.9574
2026-05-14 13:05:01,595 | INFO | SpawnProcess-1 | stage2_run1 | Epoch 254 | train_loss=94.6034 | train_acc=0.9506 | test_loss=16.3812 | test_acc=0.9417
2026-05-14 13:05:02,584 | INFO | SpawnProcess-5 | stage2_run4 | Epoch 231 | train_loss=103.2637 | train_acc=0.9465 | test_loss=17.5035 | test_acc=0.9410
2026-05-14 13:05:10,684 | INFO | SpawnProcess-4 | stage2_run3 | Epoch 222 | train_loss=104.5724 | train_acc=0.9526 | test_loss=17.9377 | test_acc=0.9475
2026-05-14 13:05:16,683 | INFO | SpawnProcess-3 | stage2_run2 | Epoch 261 | train_loss=97.2848 | train_acc=0.9592 | test_loss=16.8520 | test_acc=0.9487
2026-05-14 13:05:17,684 | INFO | SpawnProcess-1 | stage2_run1 | Epoch 255 | train_loss=94.4258 | train_acc=0.9514 | test_loss=16.5550 | test_acc=0.9371
2026-05-14 13:05:19,946 | INFO | SpawnProcess-2 | stage2_run5 | Epoch 214 | train_loss=99.0885 | train_acc=0.9506 | test_loss=17.0192 | test_acc=0.9431
2026-05-14 13:05:33,127 | INFO | SpawnProcess-1 | stage2_run1 | Epoch 256 | train_loss=94.0635 | train_acc=0.9523 | test_loss=16.2890 | test_acc=0.9431
2026-05-14 13:05:33,782 | INFO | SpawnProcess-5 | stage2_run4 | Epoch 232 | train_loss=104.2541 | train_acc=0.9428 | test_loss=17.2545 | test_acc=0.9508
2026-05-14 13:05:35,098 | INFO | SpawnProcess-4 | stage2_run3 | Epoch 223 | train_loss=103.7375 | train_acc=0.9570 | test_loss=17.6919 | test_acc=0.9540
2026-05-14 13:05:38,310 | INFO | SpawnProcess-3 | stage2_run2 | Epoch 262 | train_loss=98.8441 | train_acc=0.9515 | test_loss=16.6868 | test_acc=0.9541
2026-05-14 13:05:45,330 | INFO | SpawnProcess-2 | stage2_run5 | Epoch 215 | train_loss=98.2246 | train_acc=0.9548 | test_loss=16.7646 | test_acc=0.9467
2026-05-14 13:05:49,773 | INFO | SpawnProcess-4 | stage2_run3 | Epoch 224 | train_loss=103.2044 | train_acc=0.9583 | test_loss=17.6134 | test_acc=0.9556
2026-05-14 13:05:58,181 | INFO | SpawnProcess-3 | stage2_run2 | Epoch 263 | train_loss=97.1604 | train_acc=0.9591 | test_loss=16.5839 | test_acc=0.9525
2026-05-14 13:05:58,401 | INFO | SpawnProcess-1 | stage2_run1 | Epoch 257 | train_loss=93.6105 | train_acc=0.9543 | test_loss=16.3661 | test_acc=0.9417
2026-05-14 13:06:03,874 | INFO | SpawnProcess-4 | stage2_run3 | Epoch 225 | train_loss=103.1554 | train_acc=0.9597 | test_loss=17.5500 | test_acc=0.9565
2026-05-14 13:06:10,124 | INFO | SpawnProcess-5 | stage2_run4 | Epoch 233 | train_loss=101.9368 | train_acc=0.9526 | test_loss=17.1761 | test_acc=0.9515
2026-05-14 13:06:16,995 | INFO | SpawnProcess-3 | stage2_run2 | Epoch 264 | train_loss=96.7213 | train_acc=0.9608 | test_loss=16.6016 | test_acc=0.9537
2026-05-14 13:06:20,491 | INFO | SpawnProcess-1 | stage2_run1 | Epoch 258 | train_loss=94.8898 | train_acc=0.9501 | test_loss=16.3177 | test_acc=0.9396
2026-05-14 13:06:20,576 | INFO | SpawnProcess-2 | stage2_run5 | Epoch 216 | train_loss=98.1379 | train_acc=0.9551 | test_loss=17.1650 | test_acc=0.9358
2026-05-14 13:06:20,853 | INFO | SpawnProcess-4 | stage2_run3 | Epoch 226 | train_loss=103.4605 | train_acc=0.9586 | test_loss=17.7830 | test_acc=0.9500
2026-05-14 13:06:34,501 | INFO | SpawnProcess-3 | stage2_run2 | Epoch 265 | train_loss=97.7475 | train_acc=0.9565 | test_loss=16.6327 | test_acc=0.9545
2026-05-14 13:06:39,527 | INFO | SpawnProcess-5 | stage2_run4 | Epoch 234 | train_loss=102.0193 | train_acc=0.9519 | test_loss=17.1279 | test_acc=0.9522
2026-05-14 13:06:39,791 | INFO | SpawnProcess-1 | stage2_run1 | Epoch 259 | train_loss=95.4648 | train_acc=0.9462 | test_loss=16.1088 | test_acc=0.9477
2026-05-14 13:06:46,124 | INFO | SpawnProcess-2 | stage2_run5 | Epoch 217 | train_loss=98.0846 | train_acc=0.9541 | test_loss=16.4415 | test_acc=0.9575
2026-05-14 13:06:50,071 | INFO | SpawnProcess-4 | stage2_run3 | Epoch 227 | train_loss=103.7271 | train_acc=0.9567 | test_loss=17.6635 | test_acc=0.9538
2026-05-14 13:06:57,383 | INFO | SpawnProcess-1 | stage2_run1 | Epoch 260 | train_loss=94.4312 | train_acc=0.9513 | test_loss=15.8790 | test_acc=0.9520
2026-05-14 13:07:02,844 | INFO | SpawnProcess-5 | stage2_run4 | Epoch 235 | train_loss=102.1169 | train_acc=0.9511 | test_loss=17.1266 | test_acc=0.9551
2026-05-14 13:07:05,020 | INFO | SpawnProcess-3 | stage2_run2 | Epoch 266 | train_loss=96.9200 | train_acc=0.9602 | test_loss=16.7832 | test_acc=0.9522
2026-05-14 13:07:11,016 | INFO | SpawnProcess-2 | stage2_run5 | Epoch 218 | train_loss=99.6462 | train_acc=0.9484 | test_loss=17.0107 | test_acc=0.9452
2026-05-14 13:07:17,592 | INFO | SpawnProcess-1 | stage2_run1 | Epoch 261 | train_loss=94.7129 | train_acc=0.9500 | test_loss=16.2904 | test_acc=0.9414
2026-05-14 13:07:18,111 | INFO | SpawnProcess-4 | stage2_run3 | Epoch 228 | train_loss=103.0994 | train_acc=0.9586 | test_loss=17.8031 | test_acc=0.9508
2026-05-14 13:07:31,018 | INFO | SpawnProcess-2 | stage2_run5 | Epoch 219 | train_loss=99.1156 | train_acc=0.9502 | test_loss=17.1317 | test_acc=0.9376
2026-05-14 13:07:32,118 | INFO | SpawnProcess-5 | stage2_run4 | Epoch 236 | train_loss=102.4481 | train_acc=0.9504 | test_loss=17.7847 | test_acc=0.9308
2026-05-14 13:07:32,877 | INFO | SpawnProcess-1 | stage2_run1 | Epoch 262 | train_loss=96.2805 | train_acc=0.9441 | test_loss=15.9464 | test_acc=0.9521
2026-05-14 13:07:35,694 | INFO | SpawnProcess-3 | stage2_run2 | Epoch 267 | train_loss=97.9140 | train_acc=0.9564 | test_loss=16.5894 | test_acc=0.9554
2026-05-14 13:07:44,990 | INFO | SpawnProcess-4 | stage2_run3 | Epoch 229 | train_loss=103.0576 | train_acc=0.9591 | test_loss=17.8571 | test_acc=0.9505
2026-05-14 13:07:51,996 | INFO | SpawnProcess-5 | stage2_run4 | Epoch 237 | train_loss=102.2875 | train_acc=0.9510 | test_loss=17.1474 | test_acc=0.9546
2026-05-14 13:07:52,641 | INFO | SpawnProcess-3 | stage2_run2 | Epoch 268 | train_loss=97.8426 | train_acc=0.9563 | test_loss=16.6527 | test_acc=0.9531
2026-05-14 13:07:55,860 | INFO | SpawnProcess-2 | stage2_run5 | Epoch 220 | train_loss=98.3956 | train_acc=0.9536 | test_loss=16.7380 | test_acc=0.9506
2026-05-14 13:08:00,735 | INFO | SpawnProcess-1 | stage2_run1 | Epoch 263 | train_loss=93.7986 | train_acc=0.9538 | test_loss=15.9966 | test_acc=0.9474
2026-05-14 13:08:10,640 | INFO | SpawnProcess-4 | stage2_run3 | Epoch 230 | train_loss=102.6367 | train_acc=0.9611 | test_loss=17.5024 | test_acc=0.9575
2026-05-14 13:08:18,400 | INFO | SpawnProcess-3 | stage2_run2 | Epoch 269 | train_loss=98.1004 | train_acc=0.9551 | test_loss=16.6604 | test_acc=0.9527
2026-05-14 13:08:23,940 | INFO | SpawnProcess-2 | stage2_run5 | Epoch 221 | train_loss=99.0522 | train_acc=0.9505 | test_loss=16.7781 | test_acc=0.9488
2026-05-14 13:08:23,997 | INFO | SpawnProcess-1 | stage2_run1 | Epoch 264 | train_loss=93.2445 | train_acc=0.9556 | test_loss=15.7089 | test_acc=0.9580
2026-05-14 13:08:25,152 | INFO | SpawnProcess-5 | stage2_run4 | Epoch 238 | train_loss=101.9562 | train_acc=0.9529 | test_loss=17.4499 | test_acc=0.9406
2026-05-14 13:08:35,490 | INFO | SpawnProcess-4 | stage2_run3 | Epoch 231 | train_loss=104.4038 | train_acc=0.9542 | test_loss=17.7766 | test_acc=0.9510
2026-05-14 13:08:40,887 | INFO | SpawnProcess-5 | stage2_run4 | Epoch 239 | train_loss=102.3076 | train_acc=0.9515 | test_loss=17.2645 | test_acc=0.9476
2026-05-14 13:08:42,988 | INFO | SpawnProcess-1 | stage2_run1 | Epoch 265 | train_loss=94.3279 | train_acc=0.9513 | test_loss=16.6623 | test_acc=0.9311
2026-05-14 13:08:44,277 | INFO | SpawnProcess-3 | stage2_run2 | Epoch 270 | train_loss=98.4491 | train_acc=0.9537 | test_loss=16.8104 | test_acc=0.9488
2026-05-14 13:08:54,714 | INFO | SpawnProcess-2 | stage2_run5 | Epoch 222 | train_loss=98.4830 | train_acc=0.9536 | test_loss=16.8583 | test_acc=0.9486
2026-05-14 13:09:00,262 | INFO | SpawnProcess-4 | stage2_run3 | Epoch 232 | train_loss=102.9236 | train_acc=0.9599 | test_loss=17.6977 | test_acc=0.9524
2026-05-14 13:09:04,326 | INFO | SpawnProcess-3 | stage2_run2 | Epoch 271 | train_loss=97.6487 | train_acc=0.9578 | test_loss=17.6942 | test_acc=0.9275
2026-05-14 13:09:07,338 | INFO | SpawnProcess-1 | stage2_run1 | Epoch 266 | train_loss=93.6117 | train_acc=0.9537 | test_loss=15.8942 | test_acc=0.9520
2026-05-14 13:09:09,153 | INFO | SpawnProcess-5 | stage2_run4 | Epoch 240 | train_loss=101.5891 | train_acc=0.9540 | test_loss=17.2730 | test_acc=0.9500
2026-05-14 13:09:17,883 | INFO | SpawnProcess-4 | stage2_run3 | Epoch 233 | train_loss=102.9673 | train_acc=0.9600 | test_loss=17.4672 | test_acc=0.9593
2026-05-14 13:09:22,316 | INFO | SpawnProcess-3 | stage2_run2 | Epoch 272 | train_loss=97.6453 | train_acc=0.9575 | test_loss=16.3433 | test_acc=0.9613
2026-05-14 13:09:23,642 | INFO | SpawnProcess-2 | stage2_run5 | Epoch 223 | train_loss=99.0870 | train_acc=0.9506 | test_loss=17.1843 | test_acc=0.9390
2026-05-14 13:09:33,604 | INFO | SpawnProcess-4 | stage2_run3 | Epoch 234 | train_loss=102.4003 | train_acc=0.9618 | test_loss=17.5196 | test_acc=0.9581
2026-05-14 13:09:34,303 | INFO | SpawnProcess-1 | stage2_run1 | Epoch 267 | train_loss=94.7471 | train_acc=0.9499 | test_loss=16.7966 | test_acc=0.9342
2026-05-14 13:09:38,466 | INFO | SpawnProcess-5 | stage2_run4 | Epoch 241 | train_loss=103.1119 | train_acc=0.9474 | test_loss=17.9037 | test_acc=0.9340
2026-05-14 13:09:40,373 | INFO | SpawnProcess-3 | stage2_run2 | Epoch 273 | train_loss=96.6955 | train_acc=0.9612 | test_loss=16.3414 | test_acc=0.9617
2026-05-14 13:09:49,070 | INFO | SpawnProcess-2 | stage2_run5 | Epoch 224 | train_loss=98.8328 | train_acc=0.9520 | test_loss=16.8237 | test_acc=0.9477
2026-05-14 13:09:57,277 | INFO | SpawnProcess-1 | stage2_run1 | Epoch 268 | train_loss=95.1945 | train_acc=0.9480 | test_loss=16.2925 | test_acc=0.9417
2026-05-14 13:09:57,335 | INFO | SpawnProcess-4 | stage2_run3 | Epoch 235 | train_loss=102.5071 | train_acc=0.9620 | test_loss=17.5673 | test_acc=0.9566
2026-05-14 13:10:06,227 | INFO | SpawnProcess-5 | stage2_run4 | Epoch 242 | train_loss=102.8189 | train_acc=0.9491 | test_loss=17.5815 | test_acc=0.9418
2026-05-14 13:10:11,182 | INFO | SpawnProcess-2 | stage2_run5 | Epoch 225 | train_loss=99.3983 | train_acc=0.9496 | test_loss=16.6990 | test_acc=0.9522
2026-05-14 13:10:14,452 | INFO | SpawnProcess-3 | stage2_run2 | Epoch 274 | train_loss=96.5553 | train_acc=0.9617 | test_loss=16.3167 | test_acc=0.9607
2026-05-14 13:10:14,718 | INFO | SpawnProcess-1 | stage2_run1 | Epoch 269 | train_loss=94.8662 | train_acc=0.9490 | test_loss=16.0685 | test_acc=0.9449
2026-05-14 13:10:20,402 | INFO | SpawnProcess-4 | stage2_run3 | Epoch 236 | train_loss=103.5143 | train_acc=0.9574 | test_loss=17.7032 | test_acc=0.9504
2026-05-14 13:10:28,809 | INFO | SpawnProcess-5 | stage2_run4 | Epoch 243 | train_loss=102.3605 | train_acc=0.9512 | test_loss=17.4355 | test_acc=0.9422
2026-05-14 13:10:30,637 | INFO | SpawnProcess-3 | stage2_run2 | Epoch 275 | train_loss=96.9051 | train_acc=0.9602 | test_loss=16.6856 | test_acc=0.9526
2026-05-14 13:10:44,475 | INFO | SpawnProcess-2 | stage2_run5 | Epoch 226 | train_loss=97.8674 | train_acc=0.9559 | test_loss=16.5217 | test_acc=0.9539
2026-05-14 13:10:45,945 | INFO | SpawnProcess-4 | stage2_run3 | Epoch 237 | train_loss=103.5999 | train_acc=0.9565 | test_loss=17.8851 | test_acc=0.9504
2026-05-14 13:10:46,465 | INFO | SpawnProcess-3 | stage2_run2 | Epoch 276 | train_loss=96.7358 | train_acc=0.9605 | test_loss=17.3539 | test_acc=0.9358
2026-05-14 13:10:47,595 | INFO | SpawnProcess-1 | stage2_run1 | Epoch 270 | train_loss=93.2193 | train_acc=0.9552 | test_loss=15.8778 | test_acc=0.9527
2026-05-14 13:10:53,962 | INFO | SpawnProcess-5 | stage2_run4 | Epoch 244 | train_loss=101.6752 | train_acc=0.9529 | test_loss=17.2608 | test_acc=0.9478
2026-05-14 13:11:07,891 | INFO | SpawnProcess-3 | stage2_run2 | Epoch 277 | train_loss=98.4158 | train_acc=0.9537 | test_loss=17.1210 | test_acc=0.9402
2026-05-14 13:11:13,027 | INFO | SpawnProcess-2 | stage2_run5 | Epoch 227 | train_loss=98.5408 | train_acc=0.9525 | test_loss=16.4379 | test_acc=0.9569
2026-05-14 13:11:15,067 | INFO | SpawnProcess-4 | stage2_run3 | Epoch 238 | train_loss=104.5060 | train_acc=0.9530 | test_loss=17.7345 | test_acc=0.9508
2026-05-14 13:11:19,288 | INFO | SpawnProcess-5 | stage2_run4 | Epoch 245 | train_loss=100.7944 | train_acc=0.9573 | test_loss=17.0592 | test_acc=0.9556
2026-05-14 13:11:19,677 | INFO | SpawnProcess-1 | stage2_run1 | Epoch 271 | train_loss=93.0193 | train_acc=0.9565 | test_loss=16.1071 | test_acc=0.9483
2026-05-14 13:11:26,267 | INFO | SpawnProcess-3 | stage2_run2 | Epoch 278 | train_loss=97.6340 | train_acc=0.9571 | test_loss=16.6947 | test_acc=0.9518
2026-05-14 13:11:34,634 | INFO | SpawnProcess-1 | stage2_run1 | Epoch 272 | train_loss=93.9749 | train_acc=0.9529 | test_loss=15.8381 | test_acc=0.9534
2026-05-14 13:11:40,331 | INFO | SpawnProcess-4 | stage2_run3 | Epoch 239 | train_loss=103.9345 | train_acc=0.9557 | test_loss=17.6729 | test_acc=0.9536
2026-05-14 13:11:41,279 | INFO | SpawnProcess-5 | stage2_run4 | Epoch 246 | train_loss=102.4178 | train_acc=0.9508 | test_loss=17.0762 | test_acc=0.9536
2026-05-14 13:11:44,569 | INFO | SpawnProcess-2 | stage2_run5 | Epoch 228 | train_loss=98.1608 | train_acc=0.9541 | test_loss=16.6812 | test_acc=0.9506
2026-05-14 13:11:49,077 | INFO | SpawnProcess-1 | stage2_run1 | Epoch 273 | train_loss=94.9957 | train_acc=0.9492 | test_loss=16.2561 | test_acc=0.9459
2026-05-14 13:11:53,403 | INFO | SpawnProcess-3 | stage2_run2 | Epoch 279 | train_loss=97.3746 | train_acc=0.9579 | test_loss=17.1440 | test_acc=0.9416
2026-05-14 13:12:05,510 | INFO | SpawnProcess-4 | stage2_run3 | Epoch 240 | train_loss=103.1440 | train_acc=0.9587 | test_loss=17.5294 | test_acc=0.9557
2026-05-14 13:12:05,595 | INFO | SpawnProcess-1 | stage2_run1 | Epoch 274 | train_loss=94.8541 | train_acc=0.9492 | test_loss=16.3145 | test_acc=0.9414
2026-05-14 13:12:10,252 | INFO | SpawnProcess-2 | stage2_run5 | Epoch 229 | train_loss=98.6736 | train_acc=0.9520 | test_loss=16.6599 | test_acc=0.9532
2026-05-14 13:12:12,426 | INFO | SpawnProcess-5 | stage2_run4 | Epoch 247 | train_loss=103.4836 | train_acc=0.9465 | test_loss=18.1654 | test_acc=0.9238
2026-05-14 13:12:22,789 | INFO | SpawnProcess-1 | stage2_run1 | Epoch 275 | train_loss=94.3878 | train_acc=0.9510 | test_loss=16.2899 | test_acc=0.9425
2026-05-14 13:12:26,216 | INFO | SpawnProcess-4 | stage2_run3 | Epoch 241 | train_loss=103.7455 | train_acc=0.9557 | test_loss=18.1617 | test_acc=0.9393
2026-05-14 13:12:26,374 | INFO | SpawnProcess-3 | stage2_run2 | Epoch 280 | train_loss=98.8011 | train_acc=0.9519 | test_loss=16.4970 | test_acc=0.9558
2026-05-14 13:12:33,184 | INFO | SpawnProcess-5 | stage2_run4 | Epoch 248 | train_loss=102.7886 | train_acc=0.9478 | test_loss=17.4646 | test_acc=0.9460
2026-05-14 13:12:39,346 | INFO | SpawnProcess-2 | stage2_run5 | Epoch 230 | train_loss=98.7310 | train_acc=0.9520 | test_loss=16.7160 | test_acc=0.9511
2026-05-14 13:12:46,700 | INFO | SpawnProcess-3 | stage2_run2 | Epoch 281 | train_loss=97.6624 | train_acc=0.9574 | test_loss=17.3893 | test_acc=0.9343
2026-05-14 13:12:52,782 | INFO | SpawnProcess-4 | stage2_run3 | Epoch 242 | train_loss=103.6479 | train_acc=0.9565 | test_loss=17.5788 | test_acc=0.9567
2026-05-14 13:12:53,516 | INFO | SpawnProcess-1 | stage2_run1 | Epoch 276 | train_loss=94.5429 | train_acc=0.9508 | test_loss=16.5142 | test_acc=0.9374
2026-05-14 13:12:59,953 | INFO | SpawnProcess-5 | stage2_run4 | Epoch 249 | train_loss=102.8049 | train_acc=0.9487 | test_loss=17.2154 | test_acc=0.9499
2026-05-14 13:13:02,938 | INFO | SpawnProcess-3 | stage2_run2 | Epoch 282 | train_loss=102.3657 | train_acc=0.9362 | test_loss=16.7466 | test_acc=0.9489
2026-05-14 13:13:08,635 | INFO | SpawnProcess-2 | stage2_run5 | Epoch 231 | train_loss=99.3389 | train_acc=0.9497 | test_loss=16.6742 | test_acc=0.9501
2026-05-14 13:13:13,777 | INFO | SpawnProcess-4 | stage2_run3 | Epoch 243 | train_loss=103.9864 | train_acc=0.9545 | test_loss=17.7470 | test_acc=0.9515
2026-05-14 13:13:20,426 | INFO | SpawnProcess-3 | stage2_run2 | Epoch 283 | train_loss=98.9623 | train_acc=0.9513 | test_loss=16.3865 | test_acc=0.9605
2026-05-14 13:13:24,532 | INFO | SpawnProcess-2 | stage2_run5 | Epoch 232 | train_loss=97.6090 | train_acc=0.9562 | test_loss=16.4470 | test_acc=0.9556
2026-05-14 13:13:27,484 | INFO | SpawnProcess-1 | stage2_run1 | Epoch 277 | train_loss=94.7290 | train_acc=0.9492 | test_loss=16.4617 | test_acc=0.9355
2026-05-14 13:13:31,768 | INFO | SpawnProcess-5 | stage2_run4 | Epoch 250 | train_loss=102.3633 | train_acc=0.9500 | test_loss=17.1214 | test_acc=0.9522
2026-05-14 13:13:38,337 | INFO | SpawnProcess-4 | stage2_run3 | Epoch 244 | train_loss=102.9108 | train_acc=0.9597 | test_loss=17.9354 | test_acc=0.9476
2026-05-14 13:13:42,805 | INFO | SpawnProcess-3 | stage2_run2 | Epoch 284 | train_loss=96.7716 | train_acc=0.9609 | test_loss=16.5129 | test_acc=0.9566
2026-05-14 13:13:48,976 | INFO | SpawnProcess-5 | stage2_run4 | Epoch 251 | train_loss=102.1381 | train_acc=0.9511 | test_loss=17.2591 | test_acc=0.9491
2026-05-14 13:13:50,919 | INFO | SpawnProcess-1 | stage2_run1 | Epoch 278 | train_loss=95.7889 | train_acc=0.9455 | test_loss=16.1445 | test_acc=0.9436
2026-05-14 13:13:56,064 | INFO | SpawnProcess-2 | stage2_run5 | Epoch 233 | train_loss=99.3530 | train_acc=0.9484 | test_loss=16.8321 | test_acc=0.9461
2026-05-14 13:13:56,516 | INFO | SpawnProcess-4 | stage2_run3 | Epoch 245 | train_loss=103.0422 | train_acc=0.9595 | test_loss=17.8001 | test_acc=0.9508
2026-05-14 13:14:03,515 | INFO | SpawnProcess-5 | stage2_run4 | Epoch 252 | train_loss=102.4773 | train_acc=0.9497 | test_loss=17.4569 | test_acc=0.9388
2026-05-14 13:14:04,711 | INFO | SpawnProcess-3 | stage2_run2 | Epoch 285 | train_loss=96.5125 | train_acc=0.9617 | test_loss=17.0333 | test_acc=0.9434
2026-05-14 13:14:12,164 | INFO | SpawnProcess-1 | stage2_run1 | Epoch 279 | train_loss=93.7563 | train_acc=0.9537 | test_loss=16.4593 | test_acc=0.9382
2026-05-14 13:14:14,079 | INFO | SpawnProcess-2 | stage2_run5 | Epoch 234 | train_loss=98.4036 | train_acc=0.9528 | test_loss=16.6482 | test_acc=0.9540
2026-05-14 13:14:20,225 | INFO | SpawnProcess-4 | stage2_run3 | Epoch 246 | train_loss=103.1651 | train_acc=0.9584 | test_loss=17.5729 | test_acc=0.9555
2026-05-14 13:14:20,809 | INFO | SpawnProcess-3 | stage2_run2 | Epoch 286 | train_loss=97.8403 | train_acc=0.9561 | test_loss=16.4071 | test_acc=0.9571
2026-05-14 13:14:26,321 | INFO | SpawnProcess-5 | stage2_run4 | Epoch 253 | train_loss=101.7122 | train_acc=0.9531 | test_loss=17.2716 | test_acc=0.9479
2026-05-14 13:14:37,330 | INFO | SpawnProcess-1 | stage2_run1 | Epoch 280 | train_loss=94.0694 | train_acc=0.9518 | test_loss=15.9891 | test_acc=0.9500
2026-05-14 13:14:40,086 | INFO | SpawnProcess-4 | stage2_run3 | Epoch 247 | train_loss=103.7748 | train_acc=0.9556 | test_loss=17.5599 | test_acc=0.9577
2026-05-14 13:14:41,672 | INFO | SpawnProcess-3 | stage2_run2 | Epoch 287 | train_loss=96.6191 | train_acc=0.9615 | test_loss=16.2620 | test_acc=0.9619
2026-05-14 13:14:47,744 | INFO | SpawnProcess-2 | stage2_run5 | Epoch 235 | train_loss=98.7804 | train_acc=0.9515 | test_loss=16.8178 | test_acc=0.9488
2026-05-14 13:14:53,219 | INFO | SpawnProcess-5 | stage2_run4 | Epoch 254 | train_loss=102.5743 | train_acc=0.9500 | test_loss=17.3112 | test_acc=0.9449
2026-05-14 13:14:53,544 | INFO | SpawnProcess-1 | stage2_run1 | Epoch 281 | train_loss=93.5274 | train_acc=0.9541 | test_loss=16.0418 | test_acc=0.9488
2026-05-14 13:14:55,737 | INFO | SpawnProcess-4 | stage2_run3 | Epoch 248 | train_loss=102.8170 | train_acc=0.9595 | test_loss=17.5624 | test_acc=0.9568
2026-05-14 13:15:08,216 | INFO | SpawnProcess-2 | stage2_run5 | Epoch 236 | train_loss=99.4348 | train_acc=0.9486 | test_loss=16.6284 | test_acc=0.9521
2026-05-14 13:15:11,615 | INFO | SpawnProcess-3 | stage2_run2 | Epoch 288 | train_loss=96.7856 | train_acc=0.9608 | test_loss=17.0386 | test_acc=0.9437
2026-05-14 13:15:12,897 | INFO | SpawnProcess-1 | stage2_run1 | Epoch 282 | train_loss=94.0961 | train_acc=0.9516 | test_loss=16.5488 | test_acc=0.9336
2026-05-14 13:15:20,906 | INFO | SpawnProcess-5 | stage2_run4 | Epoch 255 | train_loss=103.7059 | train_acc=0.9442 | test_loss=17.3377 | test_acc=0.9439
2026-05-14 13:15:26,083 | INFO | SpawnProcess-4 | stage2_run3 | Epoch 249 | train_loss=102.6431 | train_acc=0.9609 | test_loss=17.4111 | test_acc=0.9598
2026-05-14 13:15:30,311 | INFO | SpawnProcess-2 | stage2_run5 | Epoch 237 | train_loss=97.3440 | train_acc=0.9573 | test_loss=16.6559 | test_acc=0.9531
2026-05-14 13:15:35,183 | INFO | SpawnProcess-1 | stage2_run1 | Epoch 283 | train_loss=93.8012 | train_acc=0.9527 | test_loss=15.7442 | test_acc=0.9545
2026-05-14 13:15:36,724 | INFO | SpawnProcess-3 | stage2_run2 | Epoch 289 | train_loss=98.4508 | train_acc=0.9538 | test_loss=17.3374 | test_acc=0.9372
2026-05-14 13:15:40,946 | INFO | SpawnProcess-5 | stage2_run4 | Epoch 256 | train_loss=102.5204 | train_acc=0.9493 | test_loss=17.2800 | test_acc=0.9474
2026-05-14 13:15:49,848 | INFO | SpawnProcess-4 | stage2_run3 | Epoch 250 | train_loss=104.0031 | train_acc=0.9548 | test_loss=17.5061 | test_acc=0.9559
2026-05-14 13:15:53,165 | INFO | SpawnProcess-1 | stage2_run1 | Epoch 284 | train_loss=94.7862 | train_acc=0.9487 | test_loss=15.7014 | test_acc=0.9565
2026-05-14 13:15:56,237 | INFO | SpawnProcess-2 | stage2_run5 | Epoch 238 | train_loss=98.8264 | train_acc=0.9524 | test_loss=16.7477 | test_acc=0.9498
2026-05-14 13:15:56,698 | INFO | SpawnProcess-3 | stage2_run2 | Epoch 290 | train_loss=98.0720 | train_acc=0.9553 | test_loss=16.7771 | test_acc=0.9515
2026-05-14 13:16:08,261 | INFO | SpawnProcess-5 | stage2_run4 | Epoch 257 | train_loss=102.1195 | train_acc=0.9514 | test_loss=17.5267 | test_acc=0.9427
2026-05-14 13:16:16,190 | INFO | SpawnProcess-4 | stage2_run3 | Epoch 251 | train_loss=103.0719 | train_acc=0.9588 | test_loss=17.7885 | test_acc=0.9501
2026-05-14 13:16:17,193 | INFO | SpawnProcess-3 | stage2_run2 | Epoch 291 | train_loss=97.6651 | train_acc=0.9573 | test_loss=16.9845 | test_acc=0.9421
2026-05-14 13:16:21,130 | INFO | SpawnProcess-2 | stage2_run5 | Epoch 239 | train_loss=97.9065 | train_acc=0.9558 | test_loss=16.4443 | test_acc=0.9561
2026-05-14 13:16:22,388 | INFO | SpawnProcess-1 | stage2_run1 | Epoch 285 | train_loss=93.5906 | train_acc=0.9536 | test_loss=16.0523 | test_acc=0.9478
2026-05-14 13:16:29,999 | INFO | SpawnProcess-5 | stage2_run4 | Epoch 258 | train_loss=102.8353 | train_acc=0.9484 | test_loss=17.1511 | test_acc=0.9519
2026-05-14 13:16:39,771 | INFO | SpawnProcess-3 | stage2_run2 | Epoch 292 | train_loss=96.6646 | train_acc=0.9609 | test_loss=16.4785 | test_acc=0.9564
2026-05-14 13:16:41,159 | INFO | SpawnProcess-4 | stage2_run3 | Epoch 252 | train_loss=101.9230 | train_acc=0.9636 | test_loss=17.5451 | test_acc=0.9574
2026-05-14 13:16:43,016 | INFO | SpawnProcess-2 | stage2_run5 | Epoch 240 | train_loss=97.9907 | train_acc=0.9551 | test_loss=16.8024 | test_acc=0.9465
2026-05-14 13:16:50,755 | INFO | SpawnProcess-1 | stage2_run1 | Epoch 286 | train_loss=93.8006 | train_acc=0.9524 | test_loss=16.3946 | test_acc=0.9404
2026-05-14 13:16:52,894 | INFO | SpawnProcess-5 | stage2_run4 | Epoch 259 | train_loss=102.1038 | train_acc=0.9514 | test_loss=17.1821 | test_acc=0.9510
2026-05-14 13:17:03,463 | INFO | SpawnProcess-3 | stage2_run2 | Epoch 293 | train_loss=96.6392 | train_acc=0.9599 | test_loss=16.4443 | test_acc=0.9582
2026-05-14 13:17:10,601 | INFO | SpawnProcess-4 | stage2_run3 | Epoch 253 | train_loss=103.1785 | train_acc=0.9583 | test_loss=17.4637 | test_acc=0.9588
2026-05-14 13:17:10,985 | INFO | SpawnProcess-1 | stage2_run1 | Epoch 287 | train_loss=93.2160 | train_acc=0.9543 | test_loss=15.9252 | test_acc=0.9514
2026-05-14 13:17:15,144 | INFO | SpawnProcess-2 | stage2_run5 | Epoch 241 | train_loss=99.0302 | train_acc=0.9507 | test_loss=16.5912 | test_acc=0.9532
2026-05-14 13:17:15,450 | INFO | SpawnProcess-5 | stage2_run4 | Epoch 260 | train_loss=102.2683 | train_acc=0.9505 | test_loss=17.2321 | test_acc=0.9501
2026-05-14 13:17:30,420 | INFO | SpawnProcess-3 | stage2_run2 | Epoch 294 | train_loss=96.5412 | train_acc=0.9600 | test_loss=16.3675 | test_acc=0.9601
2026-05-14 13:17:36,937 | INFO | SpawnProcess-1 | stage2_run1 | Epoch 288 | train_loss=94.0461 | train_acc=0.9515 | test_loss=15.9965 | test_acc=0.9497
2026-05-14 13:17:39,078 | INFO | SpawnProcess-2 | stage2_run5 | Epoch 242 | train_loss=98.4490 | train_acc=0.9526 | test_loss=17.0190 | test_acc=0.9422
2026-05-14 13:17:41,042 | INFO | SpawnProcess-4 | stage2_run3 | Epoch 254 | train_loss=103.1377 | train_acc=0.9587 | test_loss=17.7899 | test_acc=0.9471
2026-05-14 13:17:44,261 | INFO | SpawnProcess-5 | stage2_run4 | Epoch 261 | train_loss=101.1076 | train_acc=0.9557 | test_loss=17.3153 | test_acc=0.9470
2026-05-14 13:17:46,745 | INFO | SpawnProcess-3 | stage2_run2 | Epoch 295 | train_loss=97.1594 | train_acc=0.9576 | test_loss=16.3988 | test_acc=0.9580
2026-05-14 13:17:58,209 | INFO | SpawnProcess-4 | stage2_run3 | Epoch 255 | train_loss=103.4169 | train_acc=0.9571 | test_loss=17.7035 | test_acc=0.9507
2026-05-14 13:18:00,441 | INFO | SpawnProcess-5 | stage2_run4 | Epoch 262 | train_loss=102.7422 | train_acc=0.9485 | test_loss=17.2469 | test_acc=0.9501
2026-05-14 13:18:02,577 | INFO | SpawnProcess-3 | stage2_run2 | Epoch 296 | train_loss=96.4692 | train_acc=0.9598 | test_loss=16.5803 | test_acc=0.9538
2026-05-14 13:18:07,592 | INFO | SpawnProcess-1 | stage2_run1 | Epoch 289 | train_loss=93.8590 | train_acc=0.9515 | test_loss=16.2180 | test_acc=0.9420
2026-05-14 13:18:13,000 | INFO | SpawnProcess-4 | stage2_run3 | Epoch 256 | train_loss=103.3086 | train_acc=0.9573 | test_loss=17.5944 | test_acc=0.9538
2026-05-14 13:18:15,510 | INFO | SpawnProcess-2 | stage2_run5 | Epoch 243 | train_loss=98.5087 | train_acc=0.9529 | test_loss=16.6701 | test_acc=0.9503
2026-05-14 13:18:18,806 | INFO | SpawnProcess-5 | stage2_run4 | Epoch 263 | train_loss=103.8584 | train_acc=0.9435 | test_loss=18.0388 | test_acc=0.9281
2026-05-14 13:18:21,796 | INFO | SpawnProcess-3 | stage2_run2 | Epoch 297 | train_loss=96.3854 | train_acc=0.9602 | test_loss=16.2580 | test_acc=0.9613
2026-05-14 13:18:31,380 | INFO | SpawnProcess-1 | stage2_run1 | Epoch 290 | train_loss=92.9815 | train_acc=0.9554 | test_loss=16.1826 | test_acc=0.9451
2026-05-14 13:18:32,849 | INFO | SpawnProcess-4 | stage2_run3 | Epoch 257 | train_loss=103.0792 | train_acc=0.9582 | test_loss=17.4730 | test_acc=0.9570
2026-05-14 13:18:41,217 | INFO | SpawnProcess-3 | stage2_run2 | Epoch 298 | train_loss=96.3794 | train_acc=0.9598 | test_loss=16.4285 | test_acc=0.9574
2026-05-14 13:18:44,465 | INFO | SpawnProcess-2 | stage2_run5 | Epoch 244 | train_loss=98.7674 | train_acc=0.9516 | test_loss=16.6130 | test_acc=0.9519
2026-05-14 13:18:45,343 | INFO | SpawnProcess-5 | stage2_run4 | Epoch 264 | train_loss=102.8744 | train_acc=0.9474 | test_loss=17.1866 | test_acc=0.9510
2026-05-14 13:18:46,162 | INFO | SpawnProcess-1 | stage2_run1 | Epoch 291 | train_loss=95.4942 | train_acc=0.9453 | test_loss=16.2943 | test_acc=0.9406
2026-05-14 13:18:47,174 | INFO | SpawnProcess-4 | stage2_run3 | Epoch 258 | train_loss=102.6831 | train_acc=0.9591 | test_loss=17.7465 | test_acc=0.9498
2026-05-14 13:19:00,851 | INFO | SpawnProcess-1 | stage2_run1 | Epoch 292 | train_loss=93.9708 | train_acc=0.9513 | test_loss=15.9163 | test_acc=0.9496
2026-05-14 13:19:08,019 | INFO | SpawnProcess-2 | stage2_run5 | Epoch 245 | train_loss=97.9058 | train_acc=0.9550 | test_loss=16.5194 | test_acc=0.9540
2026-05-14 13:19:10,784 | INFO | SpawnProcess-4 | stage2_run3 | Epoch 259 | train_loss=102.0612 | train_acc=0.9615 | test_loss=17.4507 | test_acc=0.9591
2026-05-14 13:19:11,113 | INFO | SpawnProcess-5 | stage2_run4 | Epoch 265 | train_loss=101.4813 | train_acc=0.9544 | test_loss=17.4977 | test_acc=0.9407
2026-05-14 13:19:15,436 | INFO | SpawnProcess-3 | stage2_run2 | Epoch 299 | train_loss=96.0194 | train_acc=0.9617 | test_loss=16.6167 | test_acc=0.9522
2026-05-14 13:19:19,895 | INFO | SpawnProcess-1 | stage2_run1 | Epoch 293 | train_loss=93.6428 | train_acc=0.9523 | test_loss=15.9505 | test_acc=0.9486
2026-05-14 13:19:24,943 | INFO | SpawnProcess-2 | stage2_run5 | Epoch 246 | train_loss=97.6727 | train_acc=0.9562 | test_loss=16.5106 | test_acc=0.9542
2026-05-14 13:19:36,253 | INFO | SpawnProcess-1 | stage2_run1 | Epoch 294 | train_loss=93.0203 | train_acc=0.9549 | test_loss=15.8717 | test_acc=0.9531
2026-05-14 13:19:38,521 | INFO | SpawnProcess-5 | stage2_run4 | Epoch 266 | train_loss=102.5131 | train_acc=0.9496 | test_loss=17.3116 | test_acc=0.9435
2026-05-14 13:19:39,939 | INFO | SpawnProcess-4 | stage2_run3 | Epoch 260 | train_loss=102.2667 | train_acc=0.9608 | test_loss=17.8077 | test_acc=0.9469
2026-05-14 13:19:47,573 | INFO | SpawnProcess-3 | stage2_run2 | Epoch 300 | train_loss=96.5105 | train_acc=0.9593 | test_loss=16.3903 | test_acc=0.9568
2026-05-14 13:19:57,217 | INFO | SpawnProcess-1 | stage2_run1 | Epoch 295 | train_loss=92.9786 | train_acc=0.9554 | test_loss=15.9526 | test_acc=0.9500
2026-05-14 13:19:57,821 | INFO | SpawnProcess-2 | stage2_run5 | Epoch 247 | train_loss=98.2594 | train_acc=0.9540 | test_loss=16.7799 | test_acc=0.9492
2026-05-14 13:20:01,641 | INFO | SpawnProcess-5 | stage2_run4 | Epoch 267 | train_loss=102.6653 | train_acc=0.9490 | test_loss=17.2529 | test_acc=0.9470
2026-05-14 13:20:03,591 | INFO | SpawnProcess-3 | stage2_run2 | Final train_eval_loss=95.8403 | train_eval_acc=0.9606
2026-05-14 13:20:03,605 | INFO | SpawnProcess-3 | stage2_run2 | complete
2026-05-14 13:20:03,623 | INFO | Completed stage2_run2 on GPU 1
2026-05-14 13:20:04,001 | INFO | SpawnProcess-3 | rnn_run1 | assigned_gpu=0 | seed=1234
2026-05-14 13:20:04,119 | INFO | SpawnProcess-3 | rnn_run1 | trainable_params=7354 | epochs=300
2026-05-14 13:20:08,589 | INFO | SpawnProcess-4 | stage2_run3 | Epoch 261 | train_loss=103.2576 | train_acc=0.9565 | test_loss=17.7158 | test_acc=0.9513
2026-05-14 13:20:15,105 | INFO | SpawnProcess-3 | rnn_run1 | Epoch 001 | train_loss=241.9140 | train_acc=0.2349 | test_loss=34.1669 | test_acc=0.1160
2026-05-14 13:20:15,124 | INFO | SpawnProcess-1 | stage2_run1 | Epoch 296 | train_loss=93.2601 | train_acc=0.9535 | test_loss=16.0848 | test_acc=0.9471
2026-05-14 13:20:23,480 | INFO | SpawnProcess-4 | stage2_run3 | Epoch 262 | train_loss=104.1924 | train_acc=0.9532 | test_loss=17.6867 | test_acc=0.9515
2026-05-14 13:20:25,746 | INFO | SpawnProcess-3 | rnn_run1 | Epoch 002 | train_loss=178.6808 | train_acc=0.4319 | test_loss=27.6713 | test_acc=0.2251
2026-05-14 13:20:27,535 | INFO | SpawnProcess-2 | stage2_run5 | Epoch 248 | train_loss=99.0146 | train_acc=0.9506 | test_loss=17.2470 | test_acc=0.9330
2026-05-14 13:20:29,866 | INFO | SpawnProcess-1 | stage2_run1 | Epoch 297 | train_loss=93.9790 | train_acc=0.9510 | test_loss=15.8391 | test_acc=0.9515
2026-05-14 13:20:35,419 | INFO | SpawnProcess-5 | stage2_run4 | Epoch 268 | train_loss=102.7571 | train_acc=0.9481 | test_loss=17.5149 | test_acc=0.9400
2026-05-14 13:20:36,411 | INFO | SpawnProcess-3 | rnn_run1 | Epoch 003 | train_loss=144.2257 | train_acc=0.5470 | test_loss=21.6585 | test_acc=0.3438
2026-05-14 13:20:44,655 | INFO | SpawnProcess-1 | stage2_run1 | Epoch 298 | train_loss=93.3404 | train_acc=0.9536 | test_loss=16.0340 | test_acc=0.9474
2026-05-14 13:20:47,353 | INFO | SpawnProcess-4 | stage2_run3 | Epoch 263 | train_loss=103.0596 | train_acc=0.9578 | test_loss=17.8158 | test_acc=0.9499
2026-05-14 13:20:47,936 | INFO | SpawnProcess-3 | rnn_run1 | Epoch 004 | train_loss=118.4135 | train_acc=0.6127 | test_loss=19.2483 | test_acc=0.3692
2026-05-14 13:20:54,962 | INFO | SpawnProcess-5 | stage2_run4 | Epoch 269 | train_loss=101.7716 | train_acc=0.9521 | test_loss=17.2816 | test_acc=0.9444
2026-05-14 13:20:57,938 | INFO | SpawnProcess-2 | stage2_run5 | Epoch 249 | train_loss=98.1549 | train_acc=0.9542 | test_loss=16.6893 | test_acc=0.9511
2026-05-14 13:20:58,669 | INFO | SpawnProcess-3 | rnn_run1 | Epoch 005 | train_loss=108.2555 | train_acc=0.6538 | test_loss=17.1258 | test_acc=0.4137
2026-05-14 13:21:01,187 | INFO | SpawnProcess-1 | stage2_run1 | Epoch 299 | train_loss=92.9169 | train_acc=0.9555 | test_loss=16.4094 | test_acc=0.9356
2026-05-14 13:21:10,484 | INFO | SpawnProcess-3 | rnn_run1 | Epoch 006 | train_loss=94.5166 | train_acc=0.7174 | test_loss=15.1158 | test_acc=0.4863
2026-05-14 13:21:14,737 | INFO | SpawnProcess-5 | stage2_run4 | Epoch 270 | train_loss=102.1881 | train_acc=0.9513 | test_loss=17.9136 | test_acc=0.9285
2026-05-14 13:21:19,147 | INFO | SpawnProcess-2 | stage2_run5 | Epoch 250 | train_loss=99.0505 | train_acc=0.9501 | test_loss=16.7879 | test_acc=0.9516
2026-05-14 13:21:19,833 | INFO | SpawnProcess-4 | stage2_run3 | Epoch 264 | train_loss=103.7080 | train_acc=0.9549 | test_loss=17.5382 | test_acc=0.9560
2026-05-14 13:21:22,279 | INFO | SpawnProcess-3 | rnn_run1 | Epoch 007 | train_loss=85.5181 | train_acc=0.7495 | test_loss=14.8040 | test_acc=0.4984
2026-05-14 13:21:28,115 | INFO | SpawnProcess-1 | stage2_run1 | Epoch 300 | train_loss=93.2681 | train_acc=0.9540 | test_loss=16.3626 | test_acc=0.9377
2026-05-14 13:21:34,024 | INFO | SpawnProcess-3 | rnn_run1 | Epoch 008 | train_loss=78.4863 | train_acc=0.7723 | test_loss=12.5462 | test_acc=0.5351
2026-05-14 13:21:35,015 | INFO | SpawnProcess-5 | stage2_run4 | Epoch 271 | train_loss=103.3240 | train_acc=0.9456 | test_loss=17.5304 | test_acc=0.9404
2026-05-14 13:21:38,890 | INFO | SpawnProcess-1 | stage2_run1 | Final train_eval_loss=95.9071 | train_eval_acc=0.9401
2026-05-14 13:21:38,903 | INFO | SpawnProcess-1 | stage2_run1 | complete
2026-05-14 13:21:38,914 | INFO | Completed stage2_run1 on GPU 0
2026-05-14 13:21:39,636 | INFO | SpawnProcess-1 | rnn_run2 | assigned_gpu=1 | seed=1235
2026-05-14 13:21:39,744 | INFO | SpawnProcess-1 | rnn_run2 | trainable_params=7354 | epochs=300
2026-05-14 13:21:43,627 | INFO | SpawnProcess-3 | rnn_run1 | Epoch 009 | train_loss=71.1976 | train_acc=0.7965 | test_loss=11.8517 | test_acc=0.5263
2026-05-14 13:21:44,559 | INFO | SpawnProcess-2 | stage2_run5 | Epoch 251 | train_loss=98.3613 | train_acc=0.9534 | test_loss=16.8135 | test_acc=0.9465
2026-05-14 13:21:49,181 | INFO | SpawnProcess-5 | stage2_run4 | Epoch 272 | train_loss=102.7981 | train_acc=0.9482 | test_loss=17.2362 | test_acc=0.9495
2026-05-14 13:21:49,355 | INFO | SpawnProcess-1 | rnn_run2 | Epoch 001 | train_loss=227.8022 | train_acc=0.3131 | test_loss=29.3428 | test_acc=0.2023
2026-05-14 13:21:50,769 | INFO | SpawnProcess-4 | stage2_run3 | Epoch 265 | train_loss=103.3005 | train_acc=0.9566 | test_loss=17.3123 | test_acc=0.9611
2026-05-14 13:21:52,563 | INFO | SpawnProcess-3 | rnn_run1 | Epoch 010 | train_loss=66.7357 | train_acc=0.8104 | test_loss=10.8980 | test_acc=0.5572
2026-05-14 13:22:00,914 | INFO | SpawnProcess-1 | rnn_run2 | Epoch 002 | train_loss=151.6759 | train_acc=0.5333 | test_loss=23.8397 | test_acc=0.2547
2026-05-14 13:22:02,596 | INFO | SpawnProcess-2 | stage2_run5 | Epoch 252 | train_loss=98.4889 | train_acc=0.9526 | test_loss=16.6164 | test_acc=0.9538
2026-05-14 13:22:02,674 | INFO | SpawnProcess-3 | rnn_run1 | Epoch 011 | train_loss=62.2308 | train_acc=0.8270 | test_loss=10.7342 | test_acc=0.5344
2026-05-14 13:22:04,202 | INFO | SpawnProcess-5 | stage2_run4 | Epoch 273 | train_loss=101.3609 | train_acc=0.9546 | test_loss=17.4848 | test_acc=0.9435
2026-05-14 13:22:12,636 | INFO | SpawnProcess-1 | rnn_run2 | Epoch 003 | train_loss=131.6970 | train_acc=0.5887 | test_loss=21.8551 | test_acc=0.1633
2026-05-14 13:22:13,578 | INFO | SpawnProcess-3 | rnn_run1 | Epoch 012 | train_loss=58.5443 | train_acc=0.8415 | test_loss=9.8662 | test_acc=0.5711
2026-05-14 13:22:14,719 | INFO | SpawnProcess-4 | stage2_run3 | Epoch 266 | train_loss=103.4361 | train_acc=0.9565 | test_loss=17.6078 | test_acc=0.9523
2026-05-14 13:22:23,504 | INFO | SpawnProcess-5 | stage2_run4 | Epoch 274 | train_loss=102.3458 | train_acc=0.9497 | test_loss=17.1970 | test_acc=0.9478
2026-05-14 13:22:24,312 | INFO | SpawnProcess-1 | rnn_run2 | Epoch 004 | train_loss=119.5600 | train_acc=0.6318 | test_loss=19.1979 | test_acc=0.2201
2026-05-14 13:22:24,715 | INFO | SpawnProcess-3 | rnn_run1 | Epoch 013 | train_loss=55.6647 | train_acc=0.8518 | test_loss=9.4675 | test_acc=0.6186
2026-05-14 13:22:25,038 | INFO | SpawnProcess-2 | stage2_run5 | Epoch 253 | train_loss=98.5301 | train_acc=0.9530 | test_loss=16.4653 | test_acc=0.9578
2026-05-14 13:22:35,631 | INFO | SpawnProcess-3 | rnn_run1 | Epoch 014 | train_loss=52.2790 | train_acc=0.8639 | test_loss=8.9391 | test_acc=0.6060
2026-05-14 13:22:36,586 | INFO | SpawnProcess-1 | rnn_run2 | Epoch 005 | train_loss=107.8480 | train_acc=0.6726 | test_loss=17.5762 | test_acc=0.2348
2026-05-14 13:22:37,362 | INFO | SpawnProcess-4 | stage2_run3 | Epoch 267 | train_loss=102.7669 | train_acc=0.9588 | test_loss=17.4557 | test_acc=0.9577
2026-05-14 13:22:45,340 | INFO | SpawnProcess-5 | stage2_run4 | Epoch 275 | train_loss=102.6865 | train_acc=0.9482 | test_loss=17.4989 | test_acc=0.9425
2026-05-14 13:22:46,820 | INFO | SpawnProcess-3 | rnn_run1 | Epoch 015 | train_loss=49.6237 | train_acc=0.8740 | test_loss=8.7923 | test_acc=0.6294
2026-05-14 13:22:48,837 | INFO | SpawnProcess-1 | rnn_run2 | Epoch 006 | train_loss=100.0398 | train_acc=0.6971 | test_loss=16.6508 | test_acc=0.2728
2026-05-14 13:22:54,416 | INFO | SpawnProcess-2 | stage2_run5 | Epoch 254 | train_loss=97.4556 | train_acc=0.9575 | test_loss=16.5630 | test_acc=0.9520
2026-05-14 13:22:57,862 | INFO | SpawnProcess-3 | rnn_run1 | Epoch 016 | train_loss=47.4802 | train_acc=0.8796 | test_loss=8.2164 | test_acc=0.6852
2026-05-14 13:23:00,931 | INFO | SpawnProcess-4 | stage2_run3 | Epoch 268 | train_loss=102.7481 | train_acc=0.9585 | test_loss=17.5371 | test_acc=0.9562
2026-05-14 13:23:03,680 | INFO | SpawnProcess-1 | rnn_run2 | Epoch 007 | train_loss=92.5572 | train_acc=0.7236 | test_loss=16.1014 | test_acc=0.3047
2026-05-14 13:23:05,265 | INFO | SpawnProcess-5 | stage2_run4 | Epoch 276 | train_loss=102.2417 | train_acc=0.9500 | test_loss=17.2929 | test_acc=0.9465
2026-05-14 13:23:08,804 | INFO | SpawnProcess-3 | rnn_run1 | Epoch 017 | train_loss=46.3849 | train_acc=0.8827 | test_loss=8.3932 | test_acc=0.6059
2026-05-14 13:23:15,173 | INFO | SpawnProcess-1 | rnn_run2 | Epoch 008 | train_loss=86.7268 | train_acc=0.7513 | test_loss=13.6702 | test_acc=0.3415
2026-05-14 13:23:18,759 | INFO | SpawnProcess-2 | stage2_run5 | Epoch 255 | train_loss=97.9996 | train_acc=0.9546 | test_loss=16.8764 | test_acc=0.9489
2026-05-14 13:23:19,474 | INFO | SpawnProcess-3 | rnn_run1 | Epoch 018 | train_loss=44.6600 | train_acc=0.8869 | test_loss=7.5426 | test_acc=0.6859
2026-05-14 13:23:21,673 | INFO | SpawnProcess-4 | stage2_run3 | Epoch 269 | train_loss=102.2884 | train_acc=0.9610 | test_loss=17.5226 | test_acc=0.9566
2026-05-14 13:23:27,655 | INFO | SpawnProcess-1 | rnn_run2 | Epoch 009 | train_loss=79.9477 | train_acc=0.7758 | test_loss=12.7933 | test_acc=0.3385
2026-05-14 13:23:27,788 | INFO | SpawnProcess-5 | stage2_run4 | Epoch 277 | train_loss=102.5313 | train_acc=0.9493 | test_loss=17.4185 | test_acc=0.9440
2026-05-14 13:23:30,508 | INFO | SpawnProcess-3 | rnn_run1 | Epoch 019 | train_loss=42.6912 | train_acc=0.8931 | test_loss=8.7995 | test_acc=0.5854
2026-05-14 13:23:38,840 | INFO | SpawnProcess-2 | stage2_run5 | Epoch 256 | train_loss=98.7777 | train_acc=0.9517 | test_loss=16.6091 | test_acc=0.9519
2026-05-14 13:23:39,702 | INFO | SpawnProcess-1 | rnn_run2 | Epoch 010 | train_loss=76.2113 | train_acc=0.7906 | test_loss=13.1549 | test_acc=0.3652
2026-05-14 13:23:41,707 | INFO | SpawnProcess-3 | rnn_run1 | Epoch 020 | train_loss=41.0835 | train_acc=0.8980 | test_loss=7.7102 | test_acc=0.6359
2026-05-14 13:23:45,069 | INFO | SpawnProcess-5 | stage2_run4 | Epoch 278 | train_loss=101.9688 | train_acc=0.9518 | test_loss=18.1732 | test_acc=0.9219
2026-05-14 13:23:48,647 | INFO | SpawnProcess-4 | stage2_run3 | Epoch 270 | train_loss=102.7402 | train_acc=0.9588 | test_loss=17.2263 | test_acc=0.9630
2026-05-14 13:23:50,719 | INFO | SpawnProcess-1 | rnn_run2 | Epoch 011 | train_loss=70.0838 | train_acc=0.8109 | test_loss=11.3899 | test_acc=0.3824
2026-05-14 13:23:51,972 | INFO | SpawnProcess-3 | rnn_run1 | Epoch 021 | train_loss=39.7419 | train_acc=0.9022 | test_loss=7.0264 | test_acc=0.6696
2026-05-14 13:23:56,439 | INFO | SpawnProcess-2 | stage2_run5 | Epoch 257 | train_loss=98.0381 | train_acc=0.9546 | test_loss=16.9889 | test_acc=0.9445
2026-05-14 13:24:01,995 | INFO | SpawnProcess-1 | rnn_run2 | Epoch 012 | train_loss=66.1268 | train_acc=0.8244 | test_loss=10.7211 | test_acc=0.4385
2026-05-14 13:24:02,235 | INFO | SpawnProcess-3 | rnn_run1 | Epoch 022 | train_loss=38.2429 | train_acc=0.9050 | test_loss=6.9080 | test_acc=0.7291
2026-05-14 13:24:02,791 | INFO | SpawnProcess-5 | stage2_run4 | Epoch 279 | train_loss=102.1481 | train_acc=0.9507 | test_loss=17.2909 | test_acc=0.9442
2026-05-14 13:24:12,816 | INFO | SpawnProcess-3 | rnn_run1 | Epoch 023 | train_loss=36.9826 | train_acc=0.9081 | test_loss=8.1683 | test_acc=0.6881
2026-05-14 13:24:13,215 | INFO | SpawnProcess-4 | stage2_run3 | Epoch 271 | train_loss=103.0300 | train_acc=0.9575 | test_loss=17.5070 | test_acc=0.9560
2026-05-14 13:24:13,375 | INFO | SpawnProcess-1 | rnn_run2 | Epoch 013 | train_loss=63.0968 | train_acc=0.8314 | test_loss=10.3099 | test_acc=0.4445
2026-05-14 13:24:15,521 | INFO | SpawnProcess-2 | stage2_run5 | Epoch 258 | train_loss=99.9660 | train_acc=0.9475 | test_loss=16.8193 | test_acc=0.9454
2026-05-14 13:24:23,012 | INFO | SpawnProcess-5 | stage2_run4 | Epoch 280 | train_loss=102.2191 | train_acc=0.9507 | test_loss=17.2043 | test_acc=0.9488
2026-05-14 13:24:24,248 | INFO | SpawnProcess-3 | rnn_run1 | Epoch 024 | train_loss=36.5589 | train_acc=0.9093 | test_loss=6.2776 | test_acc=0.6655
2026-05-14 13:24:24,792 | INFO | SpawnProcess-1 | rnn_run2 | Epoch 014 | train_loss=59.9949 | train_acc=0.8407 | test_loss=10.1931 | test_acc=0.4360
2026-05-14 13:24:34,583 | INFO | SpawnProcess-4 | stage2_run3 | Epoch 272 | train_loss=103.4028 | train_acc=0.9559 | test_loss=17.4246 | test_acc=0.9580
2026-05-14 13:24:35,219 | INFO | SpawnProcess-3 | rnn_run1 | Epoch 025 | train_loss=34.6808 | train_acc=0.9139 | test_loss=6.3722 | test_acc=0.7127
2026-05-14 13:24:36,660 | INFO | SpawnProcess-1 | rnn_run2 | Epoch 015 | train_loss=57.0455 | train_acc=0.8496 | test_loss=9.1455 | test_acc=0.4745
2026-05-14 13:24:38,533 | INFO | SpawnProcess-2 | stage2_run5 | Epoch 259 | train_loss=100.1939 | train_acc=0.9457 | test_loss=16.6741 | test_acc=0.9518
2026-05-14 13:24:40,384 | INFO | SpawnProcess-5 | stage2_run4 | Epoch 281 | train_loss=103.8666 | train_acc=0.9434 | test_loss=17.6080 | test_acc=0.9363
2026-05-14 13:24:45,188 | INFO | SpawnProcess-3 | rnn_run1 | Epoch 026 | train_loss=34.2688 | train_acc=0.9163 | test_loss=6.6409 | test_acc=0.6667
2026-05-14 13:24:47,779 | INFO | SpawnProcess-1 | rnn_run2 | Epoch 016 | train_loss=55.3720 | train_acc=0.8518 | test_loss=8.7944 | test_acc=0.4291
2026-05-14 13:24:53,344 | INFO | SpawnProcess-4 | stage2_run3 | Epoch 273 | train_loss=103.2842 | train_acc=0.9557 | test_loss=17.3359 | test_acc=0.9601
2026-05-14 13:24:55,930 | INFO | SpawnProcess-3 | rnn_run1 | Epoch 027 | train_loss=33.0247 | train_acc=0.9187 | test_loss=6.5399 | test_acc=0.6864
2026-05-14 13:24:56,907 | INFO | SpawnProcess-2 | stage2_run5 | Epoch 260 | train_loss=98.4063 | train_acc=0.9529 | test_loss=16.4458 | test_acc=0.9580
2026-05-14 13:24:58,953 | INFO | SpawnProcess-5 | stage2_run4 | Epoch 282 | train_loss=101.4849 | train_acc=0.9535 | test_loss=17.8184 | test_acc=0.9305
2026-05-14 13:24:59,152 | INFO | SpawnProcess-1 | rnn_run2 | Epoch 017 | train_loss=52.6987 | train_acc=0.8611 | test_loss=8.9336 | test_acc=0.4579
2026-05-14 13:25:06,603 | INFO | SpawnProcess-3 | rnn_run1 | Epoch 028 | train_loss=32.4844 | train_acc=0.9206 | test_loss=5.6909 | test_acc=0.6947
2026-05-14 13:25:10,633 | INFO | SpawnProcess-1 | rnn_run2 | Epoch 018 | train_loss=50.7800 | train_acc=0.8655 | test_loss=8.1825 | test_acc=0.4665
2026-05-14 13:25:15,819 | INFO | SpawnProcess-4 | stage2_run3 | Epoch 274 | train_loss=102.5483 | train_acc=0.9589 | test_loss=17.5715 | test_acc=0.9562
2026-05-14 13:25:15,883 | INFO | SpawnProcess-2 | stage2_run5 | Epoch 261 | train_loss=98.3338 | train_acc=0.9535 | test_loss=16.7451 | test_acc=0.9502
2026-05-14 13:25:17,559 | INFO | SpawnProcess-3 | rnn_run1 | Epoch 029 | train_loss=31.3269 | train_acc=0.9243 | test_loss=5.2391 | test_acc=0.7293
2026-05-14 13:25:20,899 | INFO | SpawnProcess-5 | stage2_run4 | Epoch 283 | train_loss=102.1795 | train_acc=0.9504 | test_loss=17.3068 | test_acc=0.9465
2026-05-14 13:25:22,187 | INFO | SpawnProcess-1 | rnn_run2 | Epoch 019 | train_loss=48.5237 | train_acc=0.8715 | test_loss=7.9683 | test_acc=0.4638
2026-05-14 13:25:29,178 | INFO | SpawnProcess-3 | rnn_run1 | Epoch 030 | train_loss=30.6440 | train_acc=0.9256 | test_loss=5.1779 | test_acc=0.7256
2026-05-14 13:25:32,067 | INFO | SpawnProcess-4 | stage2_run3 | Epoch 275 | train_loss=103.2634 | train_acc=0.9566 | test_loss=17.5876 | test_acc=0.9548
2026-05-14 13:25:33,813 | INFO | SpawnProcess-1 | rnn_run2 | Epoch 020 | train_loss=47.8444 | train_acc=0.8732 | test_loss=7.7726 | test_acc=0.4938
2026-05-14 13:25:38,542 | INFO | SpawnProcess-2 | stage2_run5 | Epoch 262 | train_loss=98.2342 | train_acc=0.9539 | test_loss=16.9700 | test_acc=0.9418
2026-05-14 13:25:40,582 | INFO | SpawnProcess-3 | rnn_run1 | Epoch 031 | train_loss=29.8499 | train_acc=0.9285 | test_loss=6.1221 | test_acc=0.6865
2026-05-14 13:25:42,789 | INFO | SpawnProcess-5 | stage2_run4 | Epoch 284 | train_loss=101.2183 | train_acc=0.9545 | test_loss=17.3328 | test_acc=0.9416
2026-05-14 13:25:45,492 | INFO | SpawnProcess-1 | rnn_run2 | Epoch 021 | train_loss=45.4546 | train_acc=0.8804 | test_loss=8.6023 | test_acc=0.5509
2026-05-14 13:25:50,362 | INFO | SpawnProcess-4 | stage2_run3 | Epoch 276 | train_loss=102.3069 | train_acc=0.9603 | test_loss=17.4922 | test_acc=0.9572
2026-05-14 13:25:50,969 | INFO | SpawnProcess-3 | rnn_run1 | Epoch 032 | train_loss=28.6840 | train_acc=0.9312 | test_loss=5.1717 | test_acc=0.7102
2026-05-14 13:25:57,370 | INFO | SpawnProcess-1 | rnn_run2 | Epoch 022 | train_loss=43.8311 | train_acc=0.8851 | test_loss=7.2667 | test_acc=0.4091
2026-05-14 13:26:02,460 | INFO | SpawnProcess-3 | rnn_run1 | Epoch 033 | train_loss=28.4333 | train_acc=0.9311 | test_loss=5.0941 | test_acc=0.7176
2026-05-14 13:26:03,135 | INFO | SpawnProcess-2 | stage2_run5 | Epoch 263 | train_loss=98.8797 | train_acc=0.9512 | test_loss=16.3556 | test_acc=0.9588
2026-05-14 13:26:08,854 | INFO | SpawnProcess-1 | rnn_run2 | Epoch 023 | train_loss=43.5633 | train_acc=0.8876 | test_loss=7.4037 | test_acc=0.4874
2026-05-14 13:26:10,627 | INFO | SpawnProcess-5 | stage2_run4 | Epoch 285 | train_loss=102.7912 | train_acc=0.9478 | test_loss=17.4569 | test_acc=0.9456
2026-05-14 13:26:11,408 | INFO | SpawnProcess-4 | stage2_run3 | Epoch 277 | train_loss=102.3312 | train_acc=0.9602 | test_loss=17.4656 | test_acc=0.9581
2026-05-14 13:26:12,823 | INFO | SpawnProcess-3 | rnn_run1 | Epoch 034 | train_loss=28.0777 | train_acc=0.9327 | test_loss=4.8669 | test_acc=0.7266
2026-05-14 13:26:20,838 | INFO | SpawnProcess-1 | rnn_run2 | Epoch 024 | train_loss=41.8634 | train_acc=0.8922 | test_loss=7.4985 | test_acc=0.3978
2026-05-14 13:26:25,228 | INFO | SpawnProcess-3 | rnn_run1 | Epoch 035 | train_loss=27.3306 | train_acc=0.9343 | test_loss=4.7686 | test_acc=0.7407
2026-05-14 13:26:28,765 | INFO | SpawnProcess-2 | stage2_run5 | Epoch 264 | train_loss=98.0640 | train_acc=0.9543 | test_loss=16.7125 | test_acc=0.9509
2026-05-14 13:26:32,886 | INFO | SpawnProcess-1 | rnn_run2 | Epoch 025 | train_loss=39.5855 | train_acc=0.9006 | test_loss=6.8617 | test_acc=0.4309
2026-05-14 13:26:32,944 | INFO | SpawnProcess-4 | stage2_run3 | Epoch 278 | train_loss=101.9437 | train_acc=0.9623 | test_loss=17.2918 | test_acc=0.9616
2026-05-14 13:26:36,720 | INFO | SpawnProcess-5 | stage2_run4 | Epoch 286 | train_loss=103.8799 | train_acc=0.9416 | test_loss=17.5367 | test_acc=0.9371
2026-05-14 13:26:36,844 | INFO | SpawnProcess-3 | rnn_run1 | Epoch 036 | train_loss=27.4061 | train_acc=0.9336 | test_loss=5.2100 | test_acc=0.6524
2026-05-14 13:26:44,138 | INFO | SpawnProcess-1 | rnn_run2 | Epoch 026 | train_loss=37.8444 | train_acc=0.9068 | test_loss=6.9984 | test_acc=0.4169
2026-05-14 13:26:47,959 | INFO | SpawnProcess-3 | rnn_run1 | Epoch 037 | train_loss=26.4967 | train_acc=0.9369 | test_loss=4.5777 | test_acc=0.7442
2026-05-14 13:26:53,803 | INFO | SpawnProcess-2 | stage2_run5 | Epoch 265 | train_loss=98.0922 | train_acc=0.9544 | test_loss=16.5954 | test_acc=0.9540
2026-05-14 13:26:55,535 | INFO | SpawnProcess-4 | stage2_run3 | Epoch 279 | train_loss=102.2300 | train_acc=0.9601 | test_loss=18.1088 | test_acc=0.9397
2026-05-14 13:26:55,542 | INFO | SpawnProcess-1 | rnn_run2 | Epoch 027 | train_loss=36.1809 | train_acc=0.9116 | test_loss=5.5943 | test_acc=0.4624
2026-05-14 13:26:58,543 | INFO | SpawnProcess-3 | rnn_run1 | Epoch 038 | train_loss=25.9735 | train_acc=0.9374 | test_loss=4.9997 | test_acc=0.7381
2026-05-14 13:27:01,812 | INFO | SpawnProcess-5 | stage2_run4 | Epoch 287 | train_loss=101.8848 | train_acc=0.9514 | test_loss=17.2871 | test_acc=0.9461
2026-05-14 13:27:07,491 | INFO | SpawnProcess-1 | rnn_run2 | Epoch 028 | train_loss=34.2983 | train_acc=0.9152 | test_loss=5.8494 | test_acc=0.5170
2026-05-14 13:27:09,674 | INFO | SpawnProcess-3 | rnn_run1 | Epoch 039 | train_loss=25.3797 | train_acc=0.9395 | test_loss=4.6663 | test_acc=0.7528
2026-05-14 13:27:13,885 | INFO | SpawnProcess-4 | stage2_run3 | Epoch 280 | train_loss=101.9193 | train_acc=0.9615 | test_loss=17.4486 | test_acc=0.9568
2026-05-14 13:27:17,131 | INFO | SpawnProcess-2 | stage2_run5 | Epoch 266 | train_loss=97.9874 | train_acc=0.9543 | test_loss=16.7724 | test_acc=0.9455
2026-05-14 13:27:19,033 | INFO | SpawnProcess-1 | rnn_run2 | Epoch 029 | train_loss=33.2111 | train_acc=0.9183 | test_loss=6.2361 | test_acc=0.4364
2026-05-14 13:27:20,258 | INFO | SpawnProcess-3 | rnn_run1 | Epoch 040 | train_loss=25.6326 | train_acc=0.9375 | test_loss=4.7674 | test_acc=0.7183
2026-05-14 13:27:24,236 | INFO | SpawnProcess-5 | stage2_run4 | Epoch 288 | train_loss=102.4906 | train_acc=0.9490 | test_loss=17.3008 | test_acc=0.9457
2026-05-14 13:27:31,586 | INFO | SpawnProcess-1 | rnn_run2 | Epoch 030 | train_loss=32.9508 | train_acc=0.9186 | test_loss=5.3854 | test_acc=0.4831
2026-05-14 13:27:32,018 | INFO | SpawnProcess-3 | rnn_run1 | Epoch 041 | train_loss=24.6972 | train_acc=0.9408 | test_loss=4.4595 | test_acc=0.7145
2026-05-14 13:27:33,434 | INFO | SpawnProcess-4 | stage2_run3 | Epoch 281 | train_loss=102.8187 | train_acc=0.9577 | test_loss=17.6293 | test_acc=0.9514
2026-05-14 13:27:39,905 | INFO | SpawnProcess-2 | stage2_run5 | Epoch 267 | train_loss=97.7972 | train_acc=0.9556 | test_loss=16.5310 | test_acc=0.9548
2026-05-14 13:27:43,230 | INFO | SpawnProcess-3 | rnn_run1 | Epoch 042 | train_loss=24.5587 | train_acc=0.9412 | test_loss=4.5475 | test_acc=0.7853
2026-05-14 13:27:44,271 | INFO | SpawnProcess-1 | rnn_run2 | Epoch 031 | train_loss=31.5823 | train_acc=0.9229 | test_loss=5.4340 | test_acc=0.5041
2026-05-14 13:27:49,527 | INFO | SpawnProcess-5 | stage2_run4 | Epoch 289 | train_loss=102.4790 | train_acc=0.9490 | test_loss=17.2761 | test_acc=0.9482
2026-05-14 13:27:54,668 | INFO | SpawnProcess-3 | rnn_run1 | Epoch 043 | train_loss=24.4388 | train_acc=0.9406 | test_loss=4.5661 | test_acc=0.7756
2026-05-14 13:27:55,294 | INFO | SpawnProcess-4 | stage2_run3 | Epoch 282 | train_loss=101.6212 | train_acc=0.9625 | test_loss=17.2753 | test_acc=0.9618
2026-05-14 13:27:56,310 | INFO | SpawnProcess-1 | rnn_run2 | Epoch 032 | train_loss=30.2379 | train_acc=0.9259 | test_loss=5.1245 | test_acc=0.5557
2026-05-14 13:28:02,459 | INFO | SpawnProcess-2 | stage2_run5 | Epoch 268 | train_loss=97.7903 | train_acc=0.9546 | test_loss=16.8099 | test_acc=0.9480
2026-05-14 13:28:05,702 | INFO | SpawnProcess-3 | rnn_run1 | Epoch 044 | train_loss=23.9325 | train_acc=0.9428 | test_loss=4.3420 | test_acc=0.7472
2026-05-14 13:28:09,263 | INFO | SpawnProcess-1 | rnn_run2 | Epoch 033 | train_loss=29.6967 | train_acc=0.9275 | test_loss=4.8821 | test_acc=0.5494
2026-05-14 13:28:11,544 | INFO | SpawnProcess-5 | stage2_run4 | Epoch 290 | train_loss=101.2524 | train_acc=0.9546 | test_loss=17.0846 | test_acc=0.9550
2026-05-14 13:28:15,163 | INFO | SpawnProcess-4 | stage2_run3 | Epoch 283 | train_loss=104.9419 | train_acc=0.9495 | test_loss=18.1513 | test_acc=0.9407
2026-05-14 13:28:17,807 | INFO | SpawnProcess-3 | rnn_run1 | Epoch 045 | train_loss=22.9545 | train_acc=0.9452 | test_loss=4.2270 | test_acc=0.8297
2026-05-14 13:28:21,617 | INFO | SpawnProcess-1 | rnn_run2 | Epoch 034 | train_loss=29.1870 | train_acc=0.9288 | test_loss=4.7386 | test_acc=0.4954
2026-05-14 13:28:25,505 | INFO | SpawnProcess-2 | stage2_run5 | Epoch 269 | train_loss=98.7091 | train_acc=0.9516 | test_loss=16.4447 | test_acc=0.9545
2026-05-14 13:28:30,146 | INFO | SpawnProcess-3 | rnn_run1 | Epoch 046 | train_loss=22.6011 | train_acc=0.9449 | test_loss=4.0182 | test_acc=0.7590
2026-05-14 13:28:34,083 | INFO | SpawnProcess-1 | rnn_run2 | Epoch 035 | train_loss=28.8939 | train_acc=0.9287 | test_loss=4.5125 | test_acc=0.5181
2026-05-14 13:28:39,893 | INFO | SpawnProcess-4 | stage2_run3 | Epoch 284 | train_loss=103.6394 | train_acc=0.9548 | test_loss=17.3711 | test_acc=0.9600
2026-05-14 13:28:40,189 | INFO | SpawnProcess-5 | stage2_run4 | Epoch 291 | train_loss=101.4231 | train_acc=0.9539 | test_loss=17.2839 | test_acc=0.9475
2026-05-14 13:28:41,699 | INFO | SpawnProcess-3 | rnn_run1 | Epoch 047 | train_loss=22.3598 | train_acc=0.9468 | test_loss=4.1910 | test_acc=0.7392
2026-05-14 13:28:45,099 | INFO | SpawnProcess-2 | stage2_run5 | Epoch 270 | train_loss=99.9907 | train_acc=0.9460 | test_loss=17.1114 | test_acc=0.9414
2026-05-14 13:28:45,742 | INFO | SpawnProcess-1 | rnn_run2 | Epoch 036 | train_loss=27.2991 | train_acc=0.9337 | test_loss=4.6864 | test_acc=0.5964
2026-05-14 13:28:53,619 | INFO | SpawnProcess-3 | rnn_run1 | Epoch 048 | train_loss=22.4619 | train_acc=0.9460 | test_loss=4.4652 | test_acc=0.7161
2026-05-14 13:28:56,867 | INFO | SpawnProcess-4 | stage2_run3 | Epoch 285 | train_loss=101.9998 | train_acc=0.9612 | test_loss=17.8462 | test_acc=0.9459
2026-05-14 13:28:57,118 | INFO | SpawnProcess-1 | rnn_run2 | Epoch 037 | train_loss=26.6012 | train_acc=0.9345 | test_loss=5.1395 | test_acc=0.4900
2026-05-14 13:29:04,588 | INFO | SpawnProcess-3 | rnn_run1 | Epoch 049 | train_loss=21.8010 | train_acc=0.9481 | test_loss=5.3538 | test_acc=0.7712
2026-05-14 13:29:07,164 | INFO | SpawnProcess-5 | stage2_run4 | Epoch 292 | train_loss=103.4134 | train_acc=0.9446 | test_loss=17.9539 | test_acc=0.9281
2026-05-14 13:29:09,006 | INFO | SpawnProcess-2 | stage2_run5 | Epoch 271 | train_loss=97.7976 | train_acc=0.9560 | test_loss=16.5708 | test_acc=0.9549
2026-05-14 13:29:10,966 | INFO | SpawnProcess-1 | rnn_run2 | Epoch 038 | train_loss=28.4842 | train_acc=0.9292 | test_loss=4.8567 | test_acc=0.5590
2026-05-14 13:29:15,688 | INFO | SpawnProcess-3 | rnn_run1 | Epoch 050 | train_loss=22.1262 | train_acc=0.9466 | test_loss=4.7282 | test_acc=0.7684
2026-05-14 13:29:20,500 | INFO | SpawnProcess-4 | stage2_run3 | Epoch 286 | train_loss=102.5369 | train_acc=0.9594 | test_loss=17.8925 | test_acc=0.9447
2026-05-14 13:29:23,511 | INFO | SpawnProcess-1 | rnn_run2 | Epoch 039 | train_loss=27.0575 | train_acc=0.9332 | test_loss=4.7207 | test_acc=0.5001
2026-05-14 13:29:23,864 | INFO | SpawnProcess-5 | stage2_run4 | Epoch 293 | train_loss=102.0562 | train_acc=0.9509 | test_loss=17.5492 | test_acc=0.9344
2026-05-14 13:29:28,585 | INFO | SpawnProcess-2 | stage2_run5 | Epoch 272 | train_loss=97.7612 | train_acc=0.9551 | test_loss=16.5240 | test_acc=0.9545
2026-05-14 13:29:28,915 | INFO | SpawnProcess-3 | rnn_run1 | Epoch 051 | train_loss=21.2047 | train_acc=0.9496 | test_loss=3.8964 | test_acc=0.7384
2026-05-14 13:29:35,553 | INFO | SpawnProcess-1 | rnn_run2 | Epoch 040 | train_loss=25.7945 | train_acc=0.9367 | test_loss=4.3308 | test_acc=0.5990
2026-05-14 13:29:39,913 | INFO | SpawnProcess-3 | rnn_run1 | Epoch 052 | train_loss=20.6220 | train_acc=0.9508 | test_loss=3.9208 | test_acc=0.7763
2026-05-14 13:29:41,487 | INFO | SpawnProcess-5 | stage2_run4 | Epoch 294 | train_loss=101.8802 | train_acc=0.9515 | test_loss=16.9395 | test_acc=0.9567
2026-05-14 13:29:46,222 | INFO | SpawnProcess-2 | stage2_run5 | Epoch 273 | train_loss=98.1788 | train_acc=0.9542 | test_loss=17.4235 | test_acc=0.9335
2026-05-14 13:29:48,251 | INFO | SpawnProcess-1 | rnn_run2 | Epoch 041 | train_loss=25.0440 | train_acc=0.9375 | test_loss=4.7046 | test_acc=0.5765
2026-05-14 13:29:50,171 | INFO | SpawnProcess-4 | stage2_run3 | Epoch 287 | train_loss=102.9216 | train_acc=0.9574 | test_loss=17.4648 | test_acc=0.9564
2026-05-14 13:29:51,929 | INFO | SpawnProcess-3 | rnn_run1 | Epoch 053 | train_loss=20.7727 | train_acc=0.9496 | test_loss=4.0993 | test_acc=0.7990
2026-05-14 13:30:01,401 | INFO | SpawnProcess-1 | rnn_run2 | Epoch 042 | train_loss=25.0116 | train_acc=0.9376 | test_loss=4.0709 | test_acc=0.6144
2026-05-14 13:30:03,680 | INFO | SpawnProcess-3 | rnn_run1 | Epoch 054 | train_loss=20.4874 | train_acc=0.9512 | test_loss=3.8126 | test_acc=0.7589
2026-05-14 13:30:05,272 | INFO | SpawnProcess-2 | stage2_run5 | Epoch 274 | train_loss=98.9327 | train_acc=0.9510 | test_loss=17.0175 | test_acc=0.9435
2026-05-14 13:30:07,520 | INFO | SpawnProcess-5 | stage2_run4 | Epoch 295 | train_loss=101.8959 | train_acc=0.9517 | test_loss=17.4175 | test_acc=0.9450
2026-05-14 13:30:09,252 | INFO | SpawnProcess-4 | stage2_run3 | Epoch 288 | train_loss=102.2397 | train_acc=0.9606 | test_loss=17.5578 | test_acc=0.9528
2026-05-14 13:30:13,877 | INFO | SpawnProcess-1 | rnn_run2 | Epoch 043 | train_loss=24.3561 | train_acc=0.9401 | test_loss=4.0265 | test_acc=0.6002
2026-05-14 13:30:15,136 | INFO | SpawnProcess-3 | rnn_run1 | Epoch 055 | train_loss=19.9389 | train_acc=0.9520 | test_loss=4.2095 | test_acc=0.7906
2026-05-14 13:30:22,227 | INFO | SpawnProcess-2 | stage2_run5 | Epoch 275 | train_loss=98.3023 | train_acc=0.9540 | test_loss=16.5233 | test_acc=0.9575
2026-05-14 13:30:25,702 | INFO | SpawnProcess-1 | rnn_run2 | Epoch 044 | train_loss=23.5621 | train_acc=0.9426 | test_loss=4.1374 | test_acc=0.5174
2026-05-14 13:30:26,647 | INFO | SpawnProcess-3 | rnn_run1 | Epoch 056 | train_loss=20.0198 | train_acc=0.9526 | test_loss=3.9748 | test_acc=0.7847
2026-05-14 13:30:28,630 | INFO | SpawnProcess-5 | stage2_run4 | Epoch 296 | train_loss=101.2474 | train_acc=0.9544 | test_loss=17.0465 | test_acc=0.9528
2026-05-14 13:30:37,564 | INFO | SpawnProcess-1 | rnn_run2 | Epoch 045 | train_loss=24.0573 | train_acc=0.9415 | test_loss=4.5170 | test_acc=0.6364
2026-05-14 13:30:37,702 | INFO | SpawnProcess-3 | rnn_run1 | Epoch 057 | train_loss=19.1128 | train_acc=0.9537 | test_loss=3.7030 | test_acc=0.7294
2026-05-14 13:30:38,629 | INFO | SpawnProcess-4 | stage2_run3 | Epoch 289 | train_loss=102.2621 | train_acc=0.9603 | test_loss=17.8383 | test_acc=0.9476
2026-05-14 13:30:39,642 | INFO | SpawnProcess-2 | stage2_run5 | Epoch 276 | train_loss=99.1998 | train_acc=0.9502 | test_loss=16.6489 | test_acc=0.9518
2026-05-14 13:30:48,287 | INFO | SpawnProcess-3 | rnn_run1 | Epoch 058 | train_loss=20.0169 | train_acc=0.9516 | test_loss=4.1779 | test_acc=0.7621
2026-05-14 13:30:49,326 | INFO | SpawnProcess-1 | rnn_run2 | Epoch 046 | train_loss=22.7542 | train_acc=0.9439 | test_loss=4.2229 | test_acc=0.5054
2026-05-14 13:30:52,274 | INFO | SpawnProcess-5 | stage2_run4 | Epoch 297 | train_loss=101.3348 | train_acc=0.9534 | test_loss=17.4571 | test_acc=0.9421
2026-05-14 13:30:57,119 | INFO | SpawnProcess-2 | stage2_run5 | Epoch 277 | train_loss=98.3056 | train_acc=0.9531 | test_loss=16.6194 | test_acc=0.9512
2026-05-14 13:30:59,602 | INFO | SpawnProcess-3 | rnn_run1 | Epoch 059 | train_loss=20.1203 | train_acc=0.9516 | test_loss=3.9927 | test_acc=0.7724
2026-05-14 13:31:01,512 | INFO | SpawnProcess-1 | rnn_run2 | Epoch 047 | train_loss=23.0943 | train_acc=0.9446 | test_loss=4.3521 | test_acc=0.5695
2026-05-14 13:31:03,521 | INFO | SpawnProcess-4 | stage2_run3 | Epoch 290 | train_loss=102.3089 | train_acc=0.9605 | test_loss=18.0559 | test_acc=0.9447
2026-05-14 13:31:11,472 | INFO | SpawnProcess-3 | rnn_run1 | Epoch 060 | train_loss=18.3812 | train_acc=0.9559 | test_loss=3.6662 | test_acc=0.7837
2026-05-14 13:31:13,823 | INFO | SpawnProcess-1 | rnn_run2 | Epoch 048 | train_loss=23.1330 | train_acc=0.9430 | test_loss=4.2894 | test_acc=0.5135
2026-05-14 13:31:16,366 | INFO | SpawnProcess-2 | stage2_run5 | Epoch 278 | train_loss=98.6159 | train_acc=0.9523 | test_loss=16.7380 | test_acc=0.9500
2026-05-14 13:31:17,424 | INFO | SpawnProcess-5 | stage2_run4 | Epoch 298 | train_loss=102.4346 | train_acc=0.9486 | test_loss=17.5030 | test_acc=0.9410
2026-05-14 13:31:22,284 | INFO | SpawnProcess-3 | rnn_run1 | Epoch 061 | train_loss=18.4897 | train_acc=0.9560 | test_loss=4.0109 | test_acc=0.7822
2026-05-14 13:31:24,071 | INFO | SpawnProcess-4 | stage2_run3 | Epoch 291 | train_loss=103.6840 | train_acc=0.9549 | test_loss=17.5023 | test_acc=0.9572
2026-05-14 13:31:27,080 | INFO | SpawnProcess-1 | rnn_run2 | Epoch 049 | train_loss=22.8880 | train_acc=0.9438 | test_loss=4.0760 | test_acc=0.6789
2026-05-14 13:31:34,944 | INFO | SpawnProcess-2 | stage2_run5 | Epoch 279 | train_loss=97.8765 | train_acc=0.9551 | test_loss=16.6454 | test_acc=0.9525
2026-05-14 13:31:37,456 | INFO | SpawnProcess-3 | rnn_run1 | Epoch 062 | train_loss=18.9052 | train_acc=0.9544 | test_loss=3.7749 | test_acc=0.8214
2026-05-14 13:31:39,324 | INFO | SpawnProcess-1 | rnn_run2 | Epoch 050 | train_loss=22.9344 | train_acc=0.9439 | test_loss=4.1601 | test_acc=0.5732
2026-05-14 13:31:39,745 | INFO | SpawnProcess-5 | stage2_run4 | Epoch 299 | train_loss=101.2849 | train_acc=0.9538 | test_loss=17.3328 | test_acc=0.9455
2026-05-14 13:31:50,188 | INFO | SpawnProcess-4 | stage2_run3 | Epoch 292 | train_loss=103.3242 | train_acc=0.9557 | test_loss=17.5645 | test_acc=0.9540
2026-05-14 13:31:52,754 | INFO | SpawnProcess-3 | rnn_run1 | Epoch 063 | train_loss=19.0380 | train_acc=0.9542 | test_loss=3.8567 | test_acc=0.7828
2026-05-14 13:31:53,154 | INFO | SpawnProcess-2 | stage2_run5 | Epoch 280 | train_loss=97.9477 | train_acc=0.9549 | test_loss=16.5423 | test_acc=0.9548
2026-05-14 13:31:55,188 | INFO | SpawnProcess-1 | rnn_run2 | Epoch 051 | train_loss=21.9742 | train_acc=0.9458 | test_loss=4.6549 | test_acc=0.4805
2026-05-14 13:31:59,641 | INFO | SpawnProcess-5 | stage2_run4 | Epoch 300 | train_loss=101.0428 | train_acc=0.9550 | test_loss=16.8759 | test_acc=0.9577
2026-05-14 13:32:05,552 | INFO | SpawnProcess-3 | rnn_run1 | Epoch 064 | train_loss=17.8025 | train_acc=0.9579 | test_loss=3.7678 | test_acc=0.7330
2026-05-14 13:32:08,146 | INFO | SpawnProcess-1 | rnn_run2 | Epoch 052 | train_loss=21.9711 | train_acc=0.9466 | test_loss=3.8458 | test_acc=0.5451
2026-05-14 13:32:12,293 | INFO | SpawnProcess-5 | stage2_run4 | Final train_eval_loss=99.8189 | train_eval_acc=0.9576
2026-05-14 13:32:12,307 | INFO | SpawnProcess-5 | stage2_run4 | complete
2026-05-14 13:32:12,320 | INFO | Completed stage2_run4 on GPU 3
2026-05-14 13:32:12,433 | INFO | SpawnProcess-2 | stage2_run5 | Epoch 281 | train_loss=97.7252 | train_acc=0.9554 | test_loss=16.5888 | test_acc=0.9546
2026-05-14 13:32:12,642 | INFO | SpawnProcess-5 | rnn_run3 | assigned_gpu=2 | seed=1236
2026-05-14 13:32:13,602 | INFO | SpawnProcess-4 | stage2_run3 | Epoch 293 | train_loss=102.7364 | train_acc=0.9584 | test_loss=17.5410 | test_acc=0.9555
2026-05-14 13:32:14,006 | INFO | SpawnProcess-5 | rnn_run3 | trainable_params=7354 | epochs=300
2026-05-14 13:32:17,734 | INFO | SpawnProcess-3 | rnn_run1 | Epoch 065 | train_loss=17.9889 | train_acc=0.9572 | test_loss=3.5811 | test_acc=0.7982
2026-05-14 13:32:20,360 | INFO | SpawnProcess-1 | rnn_run2 | Epoch 053 | train_loss=21.2668 | train_acc=0.9472 | test_loss=3.8202 | test_acc=0.5372
2026-05-14 13:32:25,923 | INFO | SpawnProcess-5 | rnn_run3 | Epoch 001 | train_loss=232.1999 | train_acc=0.2859 | test_loss=32.7651 | test_acc=0.1696
2026-05-14 13:32:28,456 | INFO | SpawnProcess-4 | stage2_run3 | Epoch 294 | train_loss=102.8528 | train_acc=0.9577 | test_loss=17.4940 | test_acc=0.9574
2026-05-14 13:32:28,884 | INFO | SpawnProcess-3 | rnn_run1 | Epoch 066 | train_loss=17.9347 | train_acc=0.9577 | test_loss=3.2938 | test_acc=0.8097
2026-05-14 13:32:29,873 | INFO | SpawnProcess-2 | stage2_run5 | Epoch 282 | train_loss=98.1556 | train_acc=0.9542 | test_loss=16.7629 | test_acc=0.9489
2026-05-14 13:32:33,073 | INFO | SpawnProcess-1 | rnn_run2 | Epoch 054 | train_loss=21.6821 | train_acc=0.9464 | test_loss=4.2670 | test_acc=0.6571
2026-05-14 13:32:36,778 | INFO | SpawnProcess-5 | rnn_run3 | Epoch 002 | train_loss=158.7909 | train_acc=0.5335 | test_loss=22.5115 | test_acc=0.2767
2026-05-14 13:32:40,217 | INFO | SpawnProcess-3 | rnn_run1 | Epoch 067 | train_loss=17.0240 | train_acc=0.9593 | test_loss=3.6479 | test_acc=0.8724
2026-05-14 13:32:42,902 | INFO | SpawnProcess-4 | stage2_run3 | Epoch 295 | train_loss=101.9753 | train_acc=0.9618 | test_loss=17.7080 | test_acc=0.9513
2026-05-14 13:32:44,626 | INFO | SpawnProcess-1 | rnn_run2 | Epoch 055 | train_loss=21.2138 | train_acc=0.9490 | test_loss=3.9367 | test_acc=0.5770
2026-05-14 13:32:47,065 | INFO | SpawnProcess-2 | stage2_run5 | Epoch 283 | train_loss=97.7580 | train_acc=0.9550 | test_loss=17.1232 | test_acc=0.9376
2026-05-14 13:32:48,386 | INFO | SpawnProcess-5 | rnn_run3 | Epoch 003 | train_loss=119.0520 | train_acc=0.6610 | test_loss=18.4132 | test_acc=0.2921
2026-05-14 13:32:51,528 | INFO | SpawnProcess-3 | rnn_run1 | Epoch 068 | train_loss=17.2376 | train_acc=0.9588 | test_loss=3.3410 | test_acc=0.8139
2026-05-14 13:32:56,201 | INFO | SpawnProcess-1 | rnn_run2 | Epoch 056 | train_loss=20.8140 | train_acc=0.9489 | test_loss=3.9160 | test_acc=0.6185
2026-05-14 13:32:57,121 | INFO | SpawnProcess-4 | stage2_run3 | Epoch 296 | train_loss=102.8314 | train_acc=0.9574 | test_loss=17.5431 | test_acc=0.9547
2026-05-14 13:32:59,552 | INFO | SpawnProcess-5 | rnn_run3 | Epoch 004 | train_loss=99.8746 | train_acc=0.7082 | test_loss=17.0519 | test_acc=0.3895
2026-05-14 13:33:02,529 | INFO | SpawnProcess-3 | rnn_run1 | Epoch 069 | train_loss=17.1333 | train_acc=0.9589 | test_loss=3.3537 | test_acc=0.8806
2026-05-14 13:33:03,610 | INFO | SpawnProcess-2 | stage2_run5 | Epoch 284 | train_loss=98.0120 | train_acc=0.9542 | test_loss=16.5310 | test_acc=0.9550
2026-05-14 13:33:08,019 | INFO | SpawnProcess-1 | rnn_run2 | Epoch 057 | train_loss=20.3745 | train_acc=0.9499 | test_loss=3.6876 | test_acc=0.6257
2026-05-14 13:33:10,119 | INFO | SpawnProcess-5 | rnn_run3 | Epoch 005 | train_loss=86.7944 | train_acc=0.7469 | test_loss=14.6441 | test_acc=0.3539
2026-05-14 13:33:11,452 | INFO | SpawnProcess-4 | stage2_run3 | Epoch 297 | train_loss=101.7853 | train_acc=0.9624 | test_loss=17.5716 | test_acc=0.9532
2026-05-14 13:33:13,546 | INFO | SpawnProcess-3 | rnn_run1 | Epoch 070 | train_loss=17.2184 | train_acc=0.9588 | test_loss=3.3960 | test_acc=0.7868
2026-05-14 13:33:19,329 | INFO | SpawnProcess-1 | rnn_run2 | Epoch 058 | train_loss=19.8278 | train_acc=0.9520 | test_loss=3.5993 | test_acc=0.6075
2026-05-14 13:33:20,706 | INFO | SpawnProcess-2 | stage2_run5 | Epoch 285 | train_loss=97.1755 | train_acc=0.9580 | test_loss=16.5158 | test_acc=0.9555
2026-05-14 13:33:21,858 | INFO | SpawnProcess-5 | rnn_run3 | Epoch 006 | train_loss=76.5545 | train_acc=0.7754 | test_loss=12.2663 | test_acc=0.3966
2026-05-14 13:33:24,303 | INFO | SpawnProcess-3 | rnn_run1 | Epoch 071 | train_loss=16.6043 | train_acc=0.9600 | test_loss=3.6918 | test_acc=0.7135
2026-05-14 13:33:26,076 | INFO | SpawnProcess-4 | stage2_run3 | Epoch 298 | train_loss=102.5211 | train_acc=0.9588 | test_loss=17.4909 | test_acc=0.9550
2026-05-14 13:33:30,945 | INFO | SpawnProcess-1 | rnn_run2 | Epoch 059 | train_loss=20.4352 | train_acc=0.9500 | test_loss=3.3194 | test_acc=0.6196
2026-05-14 13:33:32,570 | INFO | SpawnProcess-5 | rnn_run3 | Epoch 007 | train_loss=68.8740 | train_acc=0.7965 | test_loss=11.5819 | test_acc=0.4203
2026-05-14 13:33:34,886 | INFO | SpawnProcess-3 | rnn_run1 | Epoch 072 | train_loss=17.4940 | train_acc=0.9583 | test_loss=3.8814 | test_acc=0.7842
2026-05-14 13:33:37,250 | INFO | SpawnProcess-2 | stage2_run5 | Epoch 286 | train_loss=97.4159 | train_acc=0.9566 | test_loss=16.6463 | test_acc=0.9528
2026-05-14 13:33:40,172 | INFO | SpawnProcess-4 | stage2_run3 | Epoch 299 | train_loss=102.3995 | train_acc=0.9598 | test_loss=17.5762 | test_acc=0.9549
2026-05-14 13:33:43,218 | INFO | SpawnProcess-5 | rnn_run3 | Epoch 008 | train_loss=63.6355 | train_acc=0.8132 | test_loss=10.6459 | test_acc=0.4404
2026-05-14 13:33:44,041 | INFO | SpawnProcess-1 | rnn_run2 | Epoch 060 | train_loss=19.3472 | train_acc=0.9519 | test_loss=3.3602 | test_acc=0.5647
2026-05-14 13:33:45,697 | INFO | SpawnProcess-3 | rnn_run1 | Epoch 073 | train_loss=16.5200 | train_acc=0.9601 | test_loss=3.2837 | test_acc=0.8112
2026-05-14 13:33:53,224 | INFO | SpawnProcess-2 | stage2_run5 | Epoch 287 | train_loss=97.6566 | train_acc=0.9554 | test_loss=16.8771 | test_acc=0.9438
2026-05-14 13:33:54,076 | INFO | SpawnProcess-5 | rnn_run3 | Epoch 009 | train_loss=58.8802 | train_acc=0.8272 | test_loss=9.7473 | test_acc=0.5093
2026-05-14 13:33:56,179 | INFO | SpawnProcess-1 | rnn_run2 | Epoch 061 | train_loss=19.9727 | train_acc=0.9509 | test_loss=3.5447 | test_acc=0.5866
2026-05-14 13:33:56,460 | INFO | SpawnProcess-4 | stage2_run3 | Epoch 300 | train_loss=103.1628 | train_acc=0.9571 | test_loss=17.7575 | test_acc=0.9479
2026-05-14 13:33:57,256 | INFO | SpawnProcess-3 | rnn_run1 | Epoch 074 | train_loss=16.0014 | train_acc=0.9615 | test_loss=3.4560 | test_acc=0.8069
2026-05-14 13:34:04,667 | INFO | SpawnProcess-5 | rnn_run3 | Epoch 010 | train_loss=56.0275 | train_acc=0.8379 | test_loss=9.7249 | test_acc=0.4993
2026-05-14 13:34:06,537 | INFO | SpawnProcess-4 | stage2_run3 | Final train_eval_loss=103.8790 | train_eval_acc=0.9510
2026-05-14 13:34:06,553 | INFO | SpawnProcess-4 | stage2_run3 | complete
2026-05-14 13:34:06,571 | INFO | Completed stage2_run3 on GPU 2
2026-05-14 13:34:06,798 | INFO | SpawnProcess-4 | rnn_run4 | assigned_gpu=3 | seed=1237
2026-05-14 13:34:06,918 | INFO | SpawnProcess-4 | rnn_run4 | trainable_params=7354 | epochs=300
2026-05-14 13:34:07,772 | INFO | SpawnProcess-3 | rnn_run1 | Epoch 075 | train_loss=15.7079 | train_acc=0.9622 | test_loss=3.4373 | test_acc=0.8253
2026-05-14 13:34:08,083 | INFO | SpawnProcess-1 | rnn_run2 | Epoch 062 | train_loss=19.4922 | train_acc=0.9526 | test_loss=4.1632 | test_acc=0.5141
2026-05-14 13:34:09,553 | INFO | SpawnProcess-2 | stage2_run5 | Epoch 288 | train_loss=98.0167 | train_acc=0.9545 | test_loss=16.7615 | test_acc=0.9486
2026-05-14 13:34:13,579 | INFO | SpawnProcess-5 | rnn_run3 | Epoch 011 | train_loss=52.0466 | train_acc=0.8513 | test_loss=9.6749 | test_acc=0.6447
2026-05-14 13:34:15,359 | INFO | SpawnProcess-4 | rnn_run4 | Epoch 001 | train_loss=232.4194 | train_acc=0.2711 | test_loss=32.6516 | test_acc=0.1540
2026-05-14 13:34:18,229 | INFO | SpawnProcess-3 | rnn_run1 | Epoch 076 | train_loss=16.7921 | train_acc=0.9592 | test_loss=3.5246 | test_acc=0.8813
2026-05-14 13:34:18,629 | INFO | SpawnProcess-1 | rnn_run2 | Epoch 063 | train_loss=19.9125 | train_acc=0.9492 | test_loss=3.7844 | test_acc=0.6408
2026-05-14 13:34:21,914 | INFO | SpawnProcess-5 | rnn_run3 | Epoch 012 | train_loss=49.5435 | train_acc=0.8663 | test_loss=9.0648 | test_acc=0.5180
2026-05-14 13:34:23,261 | INFO | SpawnProcess-2 | stage2_run5 | Epoch 289 | train_loss=98.6038 | train_acc=0.9525 | test_loss=17.2074 | test_acc=0.9366
2026-05-14 13:34:23,911 | INFO | SpawnProcess-4 | rnn_run4 | Epoch 002 | train_loss=166.0800 | train_acc=0.4681 | test_loss=24.4656 | test_acc=0.3006
2026-05-14 13:34:27,688 | INFO | SpawnProcess-3 | rnn_run1 | Epoch 077 | train_loss=15.9559 | train_acc=0.9614 | test_loss=3.6011 | test_acc=0.8235
2026-05-14 13:34:28,216 | INFO | SpawnProcess-1 | rnn_run2 | Epoch 064 | train_loss=18.8753 | train_acc=0.9529 | test_loss=3.9484 | test_acc=0.6223
2026-05-14 13:34:30,173 | INFO | SpawnProcess-5 | rnn_run3 | Epoch 013 | train_loss=45.0772 | train_acc=0.8844 | test_loss=8.0873 | test_acc=0.6852
2026-05-14 13:34:32,175 | INFO | SpawnProcess-4 | rnn_run4 | Epoch 003 | train_loss=129.3604 | train_acc=0.5809 | test_loss=19.9024 | test_acc=0.3546
2026-05-14 13:34:35,986 | INFO | SpawnProcess-2 | stage2_run5 | Epoch 290 | train_loss=99.6978 | train_acc=0.9466 | test_loss=16.8292 | test_acc=0.9469
2026-05-14 13:34:37,979 | INFO | SpawnProcess-3 | rnn_run1 | Epoch 078 | train_loss=15.4039 | train_acc=0.9633 | test_loss=3.4810 | test_acc=0.8773
2026-05-14 13:34:38,319 | INFO | SpawnProcess-5 | rnn_run3 | Epoch 014 | train_loss=42.0272 | train_acc=0.8968 | test_loss=6.8819 | test_acc=0.7165
2026-05-14 13:34:39,094 | INFO | SpawnProcess-1 | rnn_run2 | Epoch 065 | train_loss=18.7751 | train_acc=0.9535 | test_loss=3.7665 | test_acc=0.5794
2026-05-14 13:34:40,539 | INFO | SpawnProcess-4 | rnn_run4 | Epoch 004 | train_loss=108.6341 | train_acc=0.6553 | test_loss=17.0163 | test_acc=0.3934
2026-05-14 13:34:46,462 | INFO | SpawnProcess-5 | rnn_run3 | Epoch 015 | train_loss=39.6495 | train_acc=0.9051 | test_loss=7.3359 | test_acc=0.5835
2026-05-14 13:34:48,116 | INFO | SpawnProcess-3 | rnn_run1 | Epoch 079 | train_loss=15.7273 | train_acc=0.9623 | test_loss=3.2752 | test_acc=0.8480
2026-05-14 13:34:48,685 | INFO | SpawnProcess-4 | rnn_run4 | Epoch 005 | train_loss=91.9608 | train_acc=0.7304 | test_loss=13.9820 | test_acc=0.4424
2026-05-14 13:34:48,754 | INFO | SpawnProcess-1 | rnn_run2 | Epoch 066 | train_loss=18.9325 | train_acc=0.9532 | test_loss=3.6056 | test_acc=0.5690
2026-05-14 13:34:50,039 | INFO | SpawnProcess-2 | stage2_run5 | Epoch 291 | train_loss=97.8753 | train_acc=0.9554 | test_loss=16.5256 | test_acc=0.9556
2026-05-14 13:34:54,840 | INFO | SpawnProcess-5 | rnn_run3 | Epoch 016 | train_loss=38.3866 | train_acc=0.9084 | test_loss=6.3228 | test_acc=0.7090
2026-05-14 13:34:57,204 | INFO | SpawnProcess-4 | rnn_run4 | Epoch 006 | train_loss=78.3839 | train_acc=0.7752 | test_loss=12.5802 | test_acc=0.4757
2026-05-14 13:34:57,696 | INFO | SpawnProcess-3 | rnn_run1 | Epoch 080 | train_loss=15.0895 | train_acc=0.9637 | test_loss=3.2614 | test_acc=0.7992
2026-05-14 13:35:00,005 | INFO | SpawnProcess-1 | rnn_run2 | Epoch 067 | train_loss=18.3190 | train_acc=0.9540 | test_loss=3.2574 | test_acc=0.5889
2026-05-14 13:35:03,219 | INFO | SpawnProcess-5 | rnn_run3 | Epoch 017 | train_loss=35.0390 | train_acc=0.9161 | test_loss=6.4169 | test_acc=0.7080
2026-05-14 13:35:03,518 | INFO | SpawnProcess-2 | stage2_run5 | Epoch 292 | train_loss=97.3581 | train_acc=0.9566 | test_loss=16.4304 | test_acc=0.9583
2026-05-14 13:35:05,585 | INFO | SpawnProcess-4 | rnn_run4 | Epoch 007 | train_loss=70.3379 | train_acc=0.7979 | test_loss=11.9387 | test_acc=0.5063
2026-05-14 13:35:07,681 | INFO | SpawnProcess-3 | rnn_run1 | Epoch 081 | train_loss=15.3322 | train_acc=0.9633 | test_loss=3.3334 | test_acc=0.8860
2026-05-14 13:35:10,192 | INFO | SpawnProcess-1 | rnn_run2 | Epoch 068 | train_loss=18.9249 | train_acc=0.9530 | test_loss=3.2549 | test_acc=0.5772
2026-05-14 13:35:11,738 | INFO | SpawnProcess-5 | rnn_run3 | Epoch 018 | train_loss=34.1417 | train_acc=0.9174 | test_loss=5.8220 | test_acc=0.6442
2026-05-14 13:35:13,903 | INFO | SpawnProcess-4 | rnn_run4 | Epoch 008 | train_loss=64.7449 | train_acc=0.8135 | test_loss=10.7554 | test_acc=0.4958
2026-05-14 13:35:16,773 | INFO | SpawnProcess-2 | stage2_run5 | Epoch 293 | train_loss=99.5739 | train_acc=0.9477 | test_loss=16.5497 | test_acc=0.9545
2026-05-14 13:35:17,033 | INFO | SpawnProcess-3 | rnn_run1 | Epoch 082 | train_loss=15.3310 | train_acc=0.9626 | test_loss=3.0601 | test_acc=0.8717
2026-05-14 13:35:19,810 | INFO | SpawnProcess-5 | rnn_run3 | Epoch 019 | train_loss=32.2450 | train_acc=0.9237 | test_loss=6.4200 | test_acc=0.7304
2026-05-14 13:35:21,195 | INFO | SpawnProcess-1 | rnn_run2 | Epoch 069 | train_loss=18.3888 | train_acc=0.9537 | test_loss=3.3682 | test_acc=0.6152
2026-05-14 13:35:22,029 | INFO | SpawnProcess-4 | rnn_run4 | Epoch 009 | train_loss=60.1309 | train_acc=0.8291 | test_loss=9.8592 | test_acc=0.4825
2026-05-14 13:35:25,570 | INFO | SpawnProcess-3 | rnn_run1 | Epoch 083 | train_loss=15.5597 | train_acc=0.9623 | test_loss=3.6773 | test_acc=0.7882
2026-05-14 13:35:27,975 | INFO | SpawnProcess-5 | rnn_run3 | Epoch 020 | train_loss=31.9550 | train_acc=0.9239 | test_loss=5.5982 | test_acc=0.6577
2026-05-14 13:35:29,652 | INFO | SpawnProcess-2 | stage2_run5 | Epoch 294 | train_loss=97.8729 | train_acc=0.9548 | test_loss=16.8914 | test_acc=0.9456
2026-05-14 13:35:30,281 | INFO | SpawnProcess-4 | rnn_run4 | Epoch 010 | train_loss=57.5922 | train_acc=0.8365 | test_loss=9.0975 | test_acc=0.5151
2026-05-14 13:35:32,233 | INFO | SpawnProcess-1 | rnn_run2 | Epoch 070 | train_loss=18.1243 | train_acc=0.9549 | test_loss=3.2151 | test_acc=0.6114
2026-05-14 13:35:34,328 | INFO | SpawnProcess-3 | rnn_run1 | Epoch 084 | train_loss=15.0377 | train_acc=0.9635 | test_loss=3.0421 | test_acc=0.8573
2026-05-14 13:35:36,311 | INFO | SpawnProcess-5 | rnn_run3 | Epoch 021 | train_loss=31.2640 | train_acc=0.9255 | test_loss=5.2212 | test_acc=0.6544
2026-05-14 13:35:38,503 | INFO | SpawnProcess-4 | rnn_run4 | Epoch 011 | train_loss=54.1349 | train_acc=0.8499 | test_loss=8.6988 | test_acc=0.5399
2026-05-14 13:35:42,496 | INFO | SpawnProcess-2 | stage2_run5 | Epoch 295 | train_loss=98.3705 | train_acc=0.9529 | test_loss=16.9761 | test_acc=0.9438
2026-05-14 13:35:43,055 | INFO | SpawnProcess-1 | rnn_run2 | Epoch 071 | train_loss=18.3678 | train_acc=0.9536 | test_loss=4.1190 | test_acc=0.6113
2026-05-14 13:35:44,236 | INFO | SpawnProcess-3 | rnn_run1 | Epoch 085 | train_loss=14.2842 | train_acc=0.9657 | test_loss=3.6958 | test_acc=0.8365
2026-05-14 13:35:44,664 | INFO | SpawnProcess-5 | rnn_run3 | Epoch 022 | train_loss=29.7741 | train_acc=0.9298 | test_loss=5.7350 | test_acc=0.6605
2026-05-14 13:35:46,698 | INFO | SpawnProcess-4 | rnn_run4 | Epoch 012 | train_loss=50.1240 | train_acc=0.8660 | test_loss=8.6289 | test_acc=0.5673
2026-05-14 13:35:52,884 | INFO | SpawnProcess-5 | rnn_run3 | Epoch 023 | train_loss=29.1711 | train_acc=0.9306 | test_loss=5.4937 | test_acc=0.6665
2026-05-14 13:35:53,098 | INFO | SpawnProcess-3 | rnn_run1 | Epoch 086 | train_loss=14.1809 | train_acc=0.9654 | test_loss=3.8054 | test_acc=0.8394
2026-05-14 13:35:54,081 | INFO | SpawnProcess-1 | rnn_run2 | Epoch 072 | train_loss=18.4986 | train_acc=0.9543 | test_loss=3.5110 | test_acc=0.5818
2026-05-14 13:35:54,961 | INFO | SpawnProcess-4 | rnn_run4 | Epoch 013 | train_loss=47.4718 | train_acc=0.8777 | test_loss=8.2813 | test_acc=0.5562
2026-05-14 13:35:56,370 | INFO | SpawnProcess-2 | stage2_run5 | Epoch 296 | train_loss=97.5109 | train_acc=0.9559 | test_loss=16.8276 | test_acc=0.9486
2026-05-14 13:36:01,184 | INFO | SpawnProcess-5 | rnn_run3 | Epoch 024 | train_loss=27.9673 | train_acc=0.9329 | test_loss=5.0309 | test_acc=0.6348
2026-05-14 13:36:03,141 | INFO | SpawnProcess-3 | rnn_run1 | Epoch 087 | train_loss=14.3149 | train_acc=0.9655 | test_loss=3.0084 | test_acc=0.8155
2026-05-14 13:36:03,361 | INFO | SpawnProcess-4 | rnn_run4 | Epoch 014 | train_loss=44.3703 | train_acc=0.8879 | test_loss=7.4067 | test_acc=0.6157
2026-05-14 13:36:03,857 | INFO | SpawnProcess-1 | rnn_run2 | Epoch 073 | train_loss=17.7037 | train_acc=0.9559 | test_loss=3.0028 | test_acc=0.6047
2026-05-14 13:36:09,344 | INFO | SpawnProcess-5 | rnn_run3 | Epoch 025 | train_loss=27.2585 | train_acc=0.9351 | test_loss=5.1770 | test_acc=0.6472
2026-05-14 13:36:09,350 | INFO | SpawnProcess-2 | stage2_run5 | Epoch 297 | train_loss=98.3859 | train_acc=0.9529 | test_loss=16.3439 | test_acc=0.9598
2026-05-14 13:36:11,557 | INFO | SpawnProcess-4 | rnn_run4 | Epoch 015 | train_loss=42.2386 | train_acc=0.8966 | test_loss=7.8594 | test_acc=0.5859
2026-05-14 13:36:12,854 | INFO | SpawnProcess-3 | rnn_run1 | Epoch 088 | train_loss=14.3771 | train_acc=0.9656 | test_loss=3.3371 | test_acc=0.7819
2026-05-14 13:36:14,023 | INFO | SpawnProcess-1 | rnn_run2 | Epoch 074 | train_loss=17.7220 | train_acc=0.9558 | test_loss=3.3107 | test_acc=0.6574
2026-05-14 13:36:17,670 | INFO | SpawnProcess-5 | rnn_run3 | Epoch 026 | train_loss=26.7725 | train_acc=0.9364 | test_loss=4.7647 | test_acc=0.6848
2026-05-14 13:36:20,052 | INFO | SpawnProcess-4 | rnn_run4 | Epoch 016 | train_loss=39.0026 | train_acc=0.9043 | test_loss=6.9556 | test_acc=0.6190
2026-05-14 13:36:21,920 | INFO | SpawnProcess-3 | rnn_run1 | Epoch 089 | train_loss=13.9919 | train_acc=0.9663 | test_loss=3.2097 | test_acc=0.8826
2026-05-14 13:36:22,399 | INFO | SpawnProcess-2 | stage2_run5 | Epoch 298 | train_loss=98.3128 | train_acc=0.9530 | test_loss=16.8326 | test_acc=0.9457
2026-05-14 13:36:24,832 | INFO | SpawnProcess-1 | rnn_run2 | Epoch 075 | train_loss=17.0325 | train_acc=0.9580 | test_loss=3.5349 | test_acc=0.5738
2026-05-14 13:36:25,985 | INFO | SpawnProcess-5 | rnn_run3 | Epoch 027 | train_loss=26.6047 | train_acc=0.9370 | test_loss=5.4705 | test_acc=0.6905
2026-05-14 13:36:28,357 | INFO | SpawnProcess-4 | rnn_run4 | Epoch 017 | train_loss=37.1189 | train_acc=0.9106 | test_loss=6.3816 | test_acc=0.6142
2026-05-14 13:36:31,017 | INFO | SpawnProcess-3 | rnn_run1 | Epoch 090 | train_loss=14.4052 | train_acc=0.9653 | test_loss=3.2678 | test_acc=0.8559
2026-05-14 13:36:34,234 | INFO | SpawnProcess-1 | rnn_run2 | Epoch 076 | train_loss=16.8573 | train_acc=0.9579 | test_loss=5.4226 | test_acc=0.5364
2026-05-14 13:36:34,338 | INFO | SpawnProcess-5 | rnn_run3 | Epoch 028 | train_loss=26.8098 | train_acc=0.9366 | test_loss=4.5606 | test_acc=0.6671
2026-05-14 13:36:35,250 | INFO | SpawnProcess-2 | stage2_run5 | Epoch 299 | train_loss=99.0128 | train_acc=0.9505 | test_loss=16.9126 | test_acc=0.9449
2026-05-14 13:36:36,566 | INFO | SpawnProcess-4 | rnn_run4 | Epoch 018 | train_loss=34.7043 | train_acc=0.9163 | test_loss=6.0208 | test_acc=0.5910
2026-05-14 13:36:41,091 | INFO | SpawnProcess-3 | rnn_run1 | Epoch 091 | train_loss=13.8720 | train_acc=0.9668 | test_loss=2.7484 | test_acc=0.8184
2026-05-14 13:36:42,650 | INFO | SpawnProcess-5 | rnn_run3 | Epoch 029 | train_loss=26.2259 | train_acc=0.9375 | test_loss=5.0151 | test_acc=0.7187
2026-05-14 13:36:43,642 | INFO | SpawnProcess-1 | rnn_run2 | Epoch 077 | train_loss=17.9050 | train_acc=0.9552 | test_loss=3.3529 | test_acc=0.6232
2026-05-14 13:36:44,863 | INFO | SpawnProcess-4 | rnn_run4 | Epoch 019 | train_loss=34.3774 | train_acc=0.9180 | test_loss=6.6756 | test_acc=0.5608
2026-05-14 13:36:48,372 | INFO | SpawnProcess-2 | stage2_run5 | Epoch 300 | train_loss=99.0577 | train_acc=0.9505 | test_loss=16.4399 | test_acc=0.9579
2026-05-14 13:36:50,882 | INFO | SpawnProcess-5 | rnn_run3 | Epoch 030 | train_loss=25.9557 | train_acc=0.9392 | test_loss=4.2072 | test_acc=0.6921
2026-05-14 13:36:51,000 | INFO | SpawnProcess-3 | rnn_run1 | Epoch 092 | train_loss=13.6323 | train_acc=0.9675 | test_loss=3.5016 | test_acc=0.8087
2026-05-14 13:36:53,186 | INFO | SpawnProcess-4 | rnn_run4 | Epoch 020 | train_loss=32.9171 | train_acc=0.9213 | test_loss=5.7509 | test_acc=0.5984
2026-05-14 13:36:53,319 | INFO | SpawnProcess-1 | rnn_run2 | Epoch 078 | train_loss=17.3947 | train_acc=0.9571 | test_loss=3.2730 | test_acc=0.7017
2026-05-14 13:36:58,712 | INFO | SpawnProcess-2 | stage2_run5 | Final train_eval_loss=97.2197 | train_eval_acc=0.9565
2026-05-14 13:36:58,723 | INFO | SpawnProcess-2 | stage2_run5 | complete
2026-05-14 13:36:58,736 | INFO | Completed stage2_run5 on GPU 5
2026-05-14 13:36:58,743 | INFO | SpawnProcess-2 | rnn_run5 | assigned_gpu=5 | seed=1238
2026-05-14 13:36:58,870 | INFO | SpawnProcess-2 | rnn_run5 | trainable_params=7354 | epochs=300
2026-05-14 13:36:59,227 | INFO | SpawnProcess-5 | rnn_run3 | Epoch 031 | train_loss=25.2848 | train_acc=0.9401 | test_loss=4.0900 | test_acc=0.7470
2026-05-14 13:37:00,115 | INFO | SpawnProcess-3 | rnn_run1 | Epoch 093 | train_loss=14.1938 | train_acc=0.9657 | test_loss=3.6382 | test_acc=0.7164
2026-05-14 13:37:01,283 | INFO | SpawnProcess-4 | rnn_run4 | Epoch 021 | train_loss=30.8996 | train_acc=0.9264 | test_loss=5.5478 | test_acc=0.6354
2026-05-14 13:37:02,273 | INFO | SpawnProcess-1 | rnn_run2 | Epoch 079 | train_loss=17.7702 | train_acc=0.9557 | test_loss=3.5918 | test_acc=0.6740
2026-05-14 13:37:07,133 | INFO | SpawnProcess-5 | rnn_run3 | Epoch 032 | train_loss=24.3592 | train_acc=0.9429 | test_loss=4.1598 | test_acc=0.7418
2026-05-14 13:37:07,456 | INFO | SpawnProcess-3 | rnn_run1 | Epoch 094 | train_loss=13.4595 | train_acc=0.9670 | test_loss=2.8832 | test_acc=0.8232
2026-05-14 13:37:08,331 | INFO | SpawnProcess-2 | rnn_run5 | Epoch 001 | train_loss=231.8251 | train_acc=0.2849 | test_loss=32.6756 | test_acc=0.2145
2026-05-14 13:37:09,303 | INFO | SpawnProcess-4 | rnn_run4 | Epoch 022 | train_loss=29.9511 | train_acc=0.9290 | test_loss=5.5778 | test_acc=0.6255
2026-05-14 13:37:10,498 | INFO | SpawnProcess-1 | rnn_run2 | Epoch 080 | train_loss=16.9027 | train_acc=0.9572 | test_loss=3.1393 | test_acc=0.5869
2026-05-14 13:37:15,061 | INFO | SpawnProcess-5 | rnn_run3 | Epoch 033 | train_loss=23.5691 | train_acc=0.9442 | test_loss=4.0384 | test_acc=0.7482
2026-05-14 13:37:15,632 | INFO | SpawnProcess-3 | rnn_run1 | Epoch 095 | train_loss=13.2416 | train_acc=0.9679 | test_loss=3.0304 | test_acc=0.8628
2026-05-14 13:37:17,288 | INFO | SpawnProcess-4 | rnn_run4 | Epoch 023 | train_loss=29.3372 | train_acc=0.9305 | test_loss=5.4968 | test_acc=0.6162
2026-05-14 13:37:17,308 | INFO | SpawnProcess-2 | rnn_run5 | Epoch 002 | train_loss=165.7916 | train_acc=0.5103 | test_loss=24.3048 | test_acc=0.2772
2026-05-14 13:37:19,102 | INFO | SpawnProcess-1 | rnn_run2 | Epoch 081 | train_loss=16.4074 | train_acc=0.9588 | test_loss=3.5580 | test_acc=0.5656
2026-05-14 13:37:23,061 | INFO | SpawnProcess-5 | rnn_run3 | Epoch 034 | train_loss=24.0162 | train_acc=0.9434 | test_loss=4.1613 | test_acc=0.7801
2026-05-14 13:37:23,703 | INFO | SpawnProcess-3 | rnn_run1 | Epoch 096 | train_loss=13.5956 | train_acc=0.9673 | test_loss=3.6874 | test_acc=0.8704
2026-05-14 13:37:25,443 | INFO | SpawnProcess-4 | rnn_run4 | Epoch 024 | train_loss=28.5947 | train_acc=0.9318 | test_loss=5.8657 | test_acc=0.5296
2026-05-14 13:37:26,586 | INFO | SpawnProcess-2 | rnn_run5 | Epoch 003 | train_loss=130.7609 | train_acc=0.5882 | test_loss=20.4208 | test_acc=0.3307
2026-05-14 13:37:27,846 | INFO | SpawnProcess-1 | rnn_run2 | Epoch 082 | train_loss=16.9006 | train_acc=0.9578 | test_loss=3.0052 | test_acc=0.6440
2026-05-14 13:37:31,076 | INFO | SpawnProcess-5 | rnn_run3 | Epoch 035 | train_loss=24.4154 | train_acc=0.9427 | test_loss=4.3993 | test_acc=0.6981
2026-05-14 13:37:31,750 | INFO | SpawnProcess-3 | rnn_run1 | Epoch 097 | train_loss=13.9494 | train_acc=0.9663 | test_loss=3.1778 | test_acc=0.8064
2026-05-14 13:37:33,519 | INFO | SpawnProcess-4 | rnn_run4 | Epoch 025 | train_loss=27.1537 | train_acc=0.9358 | test_loss=5.5504 | test_acc=0.7201
2026-05-14 13:37:35,808 | INFO | SpawnProcess-2 | rnn_run5 | Epoch 004 | train_loss=112.5678 | train_acc=0.6454 | test_loss=18.2172 | test_acc=0.3959
2026-05-14 13:37:36,442 | INFO | SpawnProcess-1 | rnn_run2 | Epoch 083 | train_loss=15.4544 | train_acc=0.9614 | test_loss=3.0369 | test_acc=0.6457
2026-05-14 13:37:38,817 | INFO | SpawnProcess-5 | rnn_run3 | Epoch 036 | train_loss=23.3378 | train_acc=0.9442 | test_loss=4.2798 | test_acc=0.7494
2026-05-14 13:37:39,467 | INFO | SpawnProcess-3 | rnn_run1 | Epoch 098 | train_loss=13.3031 | train_acc=0.9674 | test_loss=2.8320 | test_acc=0.8476
2026-05-14 13:37:41,302 | INFO | SpawnProcess-4 | rnn_run4 | Epoch 026 | train_loss=26.3427 | train_acc=0.9378 | test_loss=4.5920 | test_acc=0.6442
2026-05-14 13:37:44,849 | INFO | SpawnProcess-1 | rnn_run2 | Epoch 084 | train_loss=16.1718 | train_acc=0.9599 | test_loss=2.9563 | test_acc=0.6344
2026-05-14 13:37:44,983 | INFO | SpawnProcess-2 | rnn_run5 | Epoch 005 | train_loss=97.0114 | train_acc=0.7153 | test_loss=15.6953 | test_acc=0.4458
2026-05-14 13:37:46,755 | INFO | SpawnProcess-5 | rnn_run3 | Epoch 037 | train_loss=22.8210 | train_acc=0.9456 | test_loss=4.1247 | test_acc=0.6971
2026-05-14 13:37:47,363 | INFO | SpawnProcess-3 | rnn_run1 | Epoch 099 | train_loss=13.7483 | train_acc=0.9667 | test_loss=2.9442 | test_acc=0.8271
2026-05-14 13:37:49,295 | INFO | SpawnProcess-4 | rnn_run4 | Epoch 027 | train_loss=25.7081 | train_acc=0.9402 | test_loss=5.6869 | test_acc=0.5403
2026-05-14 13:37:53,951 | INFO | SpawnProcess-1 | rnn_run2 | Epoch 085 | train_loss=16.4215 | train_acc=0.9587 | test_loss=3.9138 | test_acc=0.6102
2026-05-14 13:37:54,176 | INFO | SpawnProcess-2 | rnn_run5 | Epoch 006 | train_loss=83.5153 | train_acc=0.7649 | test_loss=13.3046 | test_acc=0.4063
2026-05-14 13:37:54,567 | INFO | SpawnProcess-5 | rnn_run3 | Epoch 038 | train_loss=22.4426 | train_acc=0.9467 | test_loss=4.0122 | test_acc=0.7527
2026-05-14 13:37:55,132 | INFO | SpawnProcess-3 | rnn_run1 | Epoch 100 | train_loss=13.6701 | train_acc=0.9668 | test_loss=2.7840 | test_acc=0.8577
2026-05-14 13:37:57,232 | INFO | SpawnProcess-4 | rnn_run4 | Epoch 028 | train_loss=26.2493 | train_acc=0.9373 | test_loss=4.3412 | test_acc=0.6254
2026-05-14 13:38:02,340 | INFO | SpawnProcess-5 | rnn_run3 | Epoch 039 | train_loss=22.3298 | train_acc=0.9472 | test_loss=3.8843 | test_acc=0.7661
2026-05-14 13:38:02,616 | INFO | SpawnProcess-1 | rnn_run2 | Epoch 086 | train_loss=16.6406 | train_acc=0.9581 | test_loss=3.3022 | test_acc=0.6549
2026-05-14 13:38:03,122 | INFO | SpawnProcess-2 | rnn_run5 | Epoch 007 | train_loss=74.1910 | train_acc=0.7933 | test_loss=12.9125 | test_acc=0.4899
2026-05-14 13:38:03,192 | INFO | SpawnProcess-3 | rnn_run1 | Epoch 101 | train_loss=13.3918 | train_acc=0.9673 | test_loss=2.8448 | test_acc=0.8475
2026-05-14 13:38:05,106 | INFO | SpawnProcess-4 | rnn_run4 | Epoch 029 | train_loss=24.5676 | train_acc=0.9417 | test_loss=4.2932 | test_acc=0.6686
2026-05-14 13:38:10,348 | INFO | SpawnProcess-5 | rnn_run3 | Epoch 040 | train_loss=21.7070 | train_acc=0.9484 | test_loss=3.7780 | test_acc=0.7894
2026-05-14 13:38:10,707 | INFO | SpawnProcess-3 | rnn_run1 | Epoch 102 | train_loss=12.9153 | train_acc=0.9686 | test_loss=2.8877 | test_acc=0.8407
2026-05-14 13:38:11,280 | INFO | SpawnProcess-1 | rnn_run2 | Epoch 087 | train_loss=16.4954 | train_acc=0.9586 | test_loss=3.9365 | test_acc=0.5537
2026-05-14 13:38:12,601 | INFO | SpawnProcess-2 | rnn_run5 | Epoch 008 | train_loss=66.5932 | train_acc=0.8178 | test_loss=12.7702 | test_acc=0.5370
2026-05-14 13:38:12,910 | INFO | SpawnProcess-4 | rnn_run4 | Epoch 030 | train_loss=23.3845 | train_acc=0.9450 | test_loss=4.3954 | test_acc=0.6392
2026-05-14 13:38:18,229 | INFO | SpawnProcess-5 | rnn_run3 | Epoch 041 | train_loss=21.9479 | train_acc=0.9479 | test_loss=4.0496 | test_acc=0.7572
2026-05-14 13:38:18,673 | INFO | SpawnProcess-3 | rnn_run1 | Epoch 103 | train_loss=12.5231 | train_acc=0.9691 | test_loss=3.0488 | test_acc=0.8666
2026-05-14 13:38:19,650 | INFO | SpawnProcess-1 | rnn_run2 | Epoch 088 | train_loss=16.2895 | train_acc=0.9590 | test_loss=2.9422 | test_acc=0.5966
2026-05-14 13:38:20,702 | INFO | SpawnProcess-4 | rnn_run4 | Epoch 031 | train_loss=24.1169 | train_acc=0.9427 | test_loss=4.2294 | test_acc=0.7240
2026-05-14 13:38:21,770 | INFO | SpawnProcess-2 | rnn_run5 | Epoch 009 | train_loss=60.8115 | train_acc=0.8382 | test_loss=10.2339 | test_acc=0.5411
2026-05-14 13:38:26,203 | INFO | SpawnProcess-5 | rnn_run3 | Epoch 042 | train_loss=21.0915 | train_acc=0.9504 | test_loss=4.3411 | test_acc=0.8241
2026-05-14 13:38:26,517 | INFO | SpawnProcess-3 | rnn_run1 | Epoch 104 | train_loss=13.0345 | train_acc=0.9684 | test_loss=2.6281 | test_acc=0.8239
2026-05-14 13:38:28,297 | INFO | SpawnProcess-1 | rnn_run2 | Epoch 089 | train_loss=16.5115 | train_acc=0.9585 | test_loss=3.3184 | test_acc=0.6707
2026-05-14 13:38:28,816 | INFO | SpawnProcess-4 | rnn_run4 | Epoch 032 | train_loss=22.1889 | train_acc=0.9478 | test_loss=4.0451 | test_acc=0.7303
2026-05-14 13:38:31,033 | INFO | SpawnProcess-2 | rnn_run5 | Epoch 010 | train_loss=55.4412 | train_acc=0.8542 | test_loss=9.1834 | test_acc=0.4933
2026-05-14 13:38:34,101 | INFO | SpawnProcess-5 | rnn_run3 | Epoch 043 | train_loss=21.0475 | train_acc=0.9503 | test_loss=3.9437 | test_acc=0.7735
2026-05-14 13:38:34,345 | INFO | SpawnProcess-3 | rnn_run1 | Epoch 105 | train_loss=13.1978 | train_acc=0.9684 | test_loss=3.1462 | test_acc=0.7952
2026-05-14 13:38:36,623 | INFO | SpawnProcess-4 | rnn_run4 | Epoch 033 | train_loss=21.8074 | train_acc=0.9485 | test_loss=3.8415 | test_acc=0.7164
2026-05-14 13:38:37,056 | INFO | SpawnProcess-1 | rnn_run2 | Epoch 090 | train_loss=15.3758 | train_acc=0.9619 | test_loss=3.5516 | test_acc=0.5791
2026-05-14 13:38:39,801 | INFO | SpawnProcess-2 | rnn_run5 | Epoch 011 | train_loss=51.3189 | train_acc=0.8661 | test_loss=8.7348 | test_acc=0.5963
2026-05-14 13:38:41,862 | INFO | SpawnProcess-5 | rnn_run3 | Epoch 044 | train_loss=21.8045 | train_acc=0.9481 | test_loss=3.9730 | test_acc=0.7975
2026-05-14 13:38:42,008 | INFO | SpawnProcess-3 | rnn_run1 | Epoch 106 | train_loss=12.8885 | train_acc=0.9684 | test_loss=2.5844 | test_acc=0.8742
2026-05-14 13:38:44,117 | INFO | SpawnProcess-4 | rnn_run4 | Epoch 034 | train_loss=21.1544 | train_acc=0.9502 | test_loss=4.1971 | test_acc=0.7030
2026-05-14 13:38:45,900 | INFO | SpawnProcess-1 | rnn_run2 | Epoch 091 | train_loss=15.0498 | train_acc=0.9619 | test_loss=3.0390 | test_acc=0.6290
2026-05-14 13:38:48,916 | INFO | SpawnProcess-2 | rnn_run5 | Epoch 012 | train_loss=49.1295 | train_acc=0.8740 | test_loss=8.8627 | test_acc=0.5799
2026-05-14 13:38:49,610 | INFO | SpawnProcess-3 | rnn_run1 | Epoch 107 | train_loss=12.5573 | train_acc=0.9690 | test_loss=3.2382 | test_acc=0.8220
2026-05-14 13:38:49,976 | INFO | SpawnProcess-5 | rnn_run3 | Epoch 045 | train_loss=20.4708 | train_acc=0.9518 | test_loss=3.8921 | test_acc=0.8369
2026-05-14 13:38:51,972 | INFO | SpawnProcess-4 | rnn_run4 | Epoch 035 | train_loss=23.3258 | train_acc=0.9439 | test_loss=4.5587 | test_acc=0.7249
2026-05-14 13:38:54,481 | INFO | SpawnProcess-1 | rnn_run2 | Epoch 092 | train_loss=15.6544 | train_acc=0.9607 | test_loss=3.2819 | test_acc=0.6046
2026-05-14 13:38:56,974 | INFO | SpawnProcess-3 | rnn_run1 | Epoch 108 | train_loss=12.4923 | train_acc=0.9689 | test_loss=2.9808 | test_acc=0.8429
2026-05-14 13:38:57,910 | INFO | SpawnProcess-2 | rnn_run5 | Epoch 013 | train_loss=46.4522 | train_acc=0.8803 | test_loss=8.7628 | test_acc=0.4802
2026-05-14 13:38:57,987 | INFO | SpawnProcess-5 | rnn_run3 | Epoch 046 | train_loss=20.4396 | train_acc=0.9517 | test_loss=3.6813 | test_acc=0.8059
2026-05-14 13:38:59,766 | INFO | SpawnProcess-4 | rnn_run4 | Epoch 036 | train_loss=20.8868 | train_acc=0.9506 | test_loss=4.0496 | test_acc=0.7593
2026-05-14 13:39:02,888 | INFO | SpawnProcess-1 | rnn_run2 | Epoch 093 | train_loss=15.2002 | train_acc=0.9611 | test_loss=3.3408 | test_acc=0.6947
2026-05-14 13:39:04,798 | INFO | SpawnProcess-3 | rnn_run1 | Epoch 109 | train_loss=12.7234 | train_acc=0.9687 | test_loss=2.6883 | test_acc=0.8291
2026-05-14 13:39:05,617 | INFO | SpawnProcess-5 | rnn_run3 | Epoch 047 | train_loss=20.9010 | train_acc=0.9507 | test_loss=3.7901 | test_acc=0.8435
2026-05-14 13:39:07,006 | INFO | SpawnProcess-2 | rnn_run5 | Epoch 014 | train_loss=44.7874 | train_acc=0.8854 | test_loss=7.0488 | test_acc=0.5171
2026-05-14 13:39:07,695 | INFO | SpawnProcess-4 | rnn_run4 | Epoch 037 | train_loss=20.2426 | train_acc=0.9520 | test_loss=3.8427 | test_acc=0.6653
2026-05-14 13:39:11,595 | INFO | SpawnProcess-1 | rnn_run2 | Epoch 094 | train_loss=15.3663 | train_acc=0.9615 | test_loss=2.8614 | test_acc=0.6052
2026-05-14 13:39:12,480 | INFO | SpawnProcess-3 | rnn_run1 | Epoch 110 | train_loss=12.3038 | train_acc=0.9705 | test_loss=2.8262 | test_acc=0.8871
2026-05-14 13:39:13,505 | INFO | SpawnProcess-5 | rnn_run3 | Epoch 048 | train_loss=20.5244 | train_acc=0.9519 | test_loss=3.8334 | test_acc=0.7864
2026-05-14 13:39:15,601 | INFO | SpawnProcess-4 | rnn_run4 | Epoch 038 | train_loss=19.5716 | train_acc=0.9523 | test_loss=4.8345 | test_acc=0.7153
2026-05-14 13:39:16,127 | INFO | SpawnProcess-2 | rnn_run5 | Epoch 015 | train_loss=42.5253 | train_acc=0.8927 | test_loss=6.7334 | test_acc=0.5511
2026-05-14 13:39:20,079 | INFO | SpawnProcess-1 | rnn_run2 | Epoch 095 | train_loss=15.7443 | train_acc=0.9604 | test_loss=3.6416 | test_acc=0.6287
2026-05-14 13:39:20,472 | INFO | SpawnProcess-3 | rnn_run1 | Epoch 111 | train_loss=12.1618 | train_acc=0.9699 | test_loss=2.8893 | test_acc=0.8921
2026-05-14 13:39:21,467 | INFO | SpawnProcess-5 | rnn_run3 | Epoch 049 | train_loss=19.6499 | train_acc=0.9532 | test_loss=3.5489 | test_acc=0.7712
2026-05-14 13:39:23,437 | INFO | SpawnProcess-4 | rnn_run4 | Epoch 039 | train_loss=20.3824 | train_acc=0.9509 | test_loss=4.1498 | test_acc=0.6639
2026-05-14 13:39:24,720 | INFO | SpawnProcess-2 | rnn_run5 | Epoch 016 | train_loss=40.7130 | train_acc=0.8949 | test_loss=7.0516 | test_acc=0.5650
2026-05-14 13:39:28,353 | INFO | SpawnProcess-3 | rnn_run1 | Epoch 112 | train_loss=11.7171 | train_acc=0.9706 | test_loss=2.4660 | test_acc=0.8659
2026-05-14 13:39:28,937 | INFO | SpawnProcess-1 | rnn_run2 | Epoch 096 | train_loss=15.1000 | train_acc=0.9619 | test_loss=3.0032 | test_acc=0.6913
2026-05-14 13:39:29,593 | INFO | SpawnProcess-5 | rnn_run3 | Epoch 050 | train_loss=19.5206 | train_acc=0.9536 | test_loss=3.5315 | test_acc=0.8288
2026-05-14 13:39:31,447 | INFO | SpawnProcess-4 | rnn_run4 | Epoch 040 | train_loss=18.8900 | train_acc=0.9543 | test_loss=3.5105 | test_acc=0.7119
2026-05-14 13:39:33,462 | INFO | SpawnProcess-2 | rnn_run5 | Epoch 017 | train_loss=39.3466 | train_acc=0.8994 | test_loss=6.7457 | test_acc=0.5193
2026-05-14 13:39:35,966 | INFO | SpawnProcess-3 | rnn_run1 | Epoch 113 | train_loss=11.7150 | train_acc=0.9714 | test_loss=3.0988 | test_acc=0.8318
2026-05-14 13:39:37,507 | INFO | SpawnProcess-5 | rnn_run3 | Epoch 051 | train_loss=19.4114 | train_acc=0.9542 | test_loss=3.5393 | test_acc=0.8387
2026-05-14 13:39:37,664 | INFO | SpawnProcess-1 | rnn_run2 | Epoch 097 | train_loss=14.9742 | train_acc=0.9619 | test_loss=3.0474 | test_acc=0.6334
2026-05-14 13:39:39,493 | INFO | SpawnProcess-4 | rnn_run4 | Epoch 041 | train_loss=18.6818 | train_acc=0.9554 | test_loss=3.5147 | test_acc=0.7352
2026-05-14 13:39:42,429 | INFO | SpawnProcess-2 | rnn_run5 | Epoch 018 | train_loss=37.9523 | train_acc=0.9027 | test_loss=5.8063 | test_acc=0.5732
2026-05-14 13:39:43,559 | INFO | SpawnProcess-3 | rnn_run1 | Epoch 114 | train_loss=11.9035 | train_acc=0.9708 | test_loss=3.2007 | test_acc=0.8196
2026-05-14 13:39:45,641 | INFO | SpawnProcess-5 | rnn_run3 | Epoch 052 | train_loss=19.2624 | train_acc=0.9541 | test_loss=3.8838 | test_acc=0.8693
2026-05-14 13:39:46,236 | INFO | SpawnProcess-1 | rnn_run2 | Epoch 098 | train_loss=14.7886 | train_acc=0.9630 | test_loss=4.0037 | test_acc=0.6324
2026-05-14 13:39:47,484 | INFO | SpawnProcess-4 | rnn_run4 | Epoch 042 | train_loss=18.6275 | train_acc=0.9555 | test_loss=3.5237 | test_acc=0.7487
2026-05-14 13:39:51,151 | INFO | SpawnProcess-2 | rnn_run5 | Epoch 019 | train_loss=36.3422 | train_acc=0.9088 | test_loss=8.7891 | test_acc=0.5633
2026-05-14 13:39:51,728 | INFO | SpawnProcess-3 | rnn_run1 | Epoch 115 | train_loss=11.9950 | train_acc=0.9701 | test_loss=2.7425 | test_acc=0.8709
2026-05-14 13:39:53,496 | INFO | SpawnProcess-5 | rnn_run3 | Epoch 053 | train_loss=18.3388 | train_acc=0.9560 | test_loss=4.0246 | test_acc=0.7882
2026-05-14 13:39:54,832 | INFO | SpawnProcess-1 | rnn_run2 | Epoch 099 | train_loss=14.4217 | train_acc=0.9640 | test_loss=3.0162 | test_acc=0.6245
2026-05-14 13:39:55,664 | INFO | SpawnProcess-4 | rnn_run4 | Epoch 043 | train_loss=19.2718 | train_acc=0.9540 | test_loss=3.9422 | test_acc=0.6800
2026-05-14 13:39:59,425 | INFO | SpawnProcess-3 | rnn_run1 | Epoch 116 | train_loss=11.5458 | train_acc=0.9719 | test_loss=2.6513 | test_acc=0.8515
2026-05-14 13:39:59,830 | INFO | SpawnProcess-2 | rnn_run5 | Epoch 020 | train_loss=35.7042 | train_acc=0.9104 | test_loss=6.7620 | test_acc=0.6097
2026-05-14 13:40:01,306 | INFO | SpawnProcess-5 | rnn_run3 | Epoch 054 | train_loss=19.3776 | train_acc=0.9536 | test_loss=3.7374 | test_acc=0.8145
2026-05-14 13:40:03,252 | INFO | SpawnProcess-1 | rnn_run2 | Epoch 100 | train_loss=15.1589 | train_acc=0.9617 | test_loss=3.0928 | test_acc=0.6122
2026-05-14 13:40:03,525 | INFO | SpawnProcess-4 | rnn_run4 | Epoch 044 | train_loss=18.9981 | train_acc=0.9547 | test_loss=4.1862 | test_acc=0.7135
2026-05-14 13:40:07,030 | INFO | SpawnProcess-3 | rnn_run1 | Epoch 117 | train_loss=11.5697 | train_acc=0.9718 | test_loss=2.5680 | test_acc=0.8400
2026-05-14 13:40:08,282 | INFO | SpawnProcess-2 | rnn_run5 | Epoch 021 | train_loss=34.5827 | train_acc=0.9124 | test_loss=6.6107 | test_acc=0.5571
2026-05-14 13:40:09,251 | INFO | SpawnProcess-5 | rnn_run3 | Epoch 055 | train_loss=18.9637 | train_acc=0.9551 | test_loss=3.6075 | test_acc=0.7872
2026-05-14 13:40:11,492 | INFO | SpawnProcess-4 | rnn_run4 | Epoch 045 | train_loss=18.8353 | train_acc=0.9543 | test_loss=3.6481 | test_acc=0.7762
2026-05-14 13:40:11,532 | INFO | SpawnProcess-1 | rnn_run2 | Epoch 101 | train_loss=14.3699 | train_acc=0.9644 | test_loss=2.9655 | test_acc=0.6116
2026-05-14 13:40:14,646 | INFO | SpawnProcess-3 | rnn_run1 | Epoch 118 | train_loss=12.3477 | train_acc=0.9690 | test_loss=2.9083 | test_acc=0.8782
2026-05-14 13:40:17,045 | INFO | SpawnProcess-5 | rnn_run3 | Epoch 056 | train_loss=18.3078 | train_acc=0.9564 | test_loss=3.3919 | test_acc=0.8269
2026-05-14 13:40:17,059 | INFO | SpawnProcess-2 | rnn_run5 | Epoch 022 | train_loss=33.2935 | train_acc=0.9167 | test_loss=6.0312 | test_acc=0.5607
2026-05-14 13:40:19,095 | INFO | SpawnProcess-4 | rnn_run4 | Epoch 046 | train_loss=17.1741 | train_acc=0.9589 | test_loss=3.6799 | test_acc=0.7033
2026-05-14 13:40:20,094 | INFO | SpawnProcess-1 | rnn_run2 | Epoch 102 | train_loss=14.4673 | train_acc=0.9640 | test_loss=2.9969 | test_acc=0.6289
2026-05-14 13:40:22,346 | INFO | SpawnProcess-3 | rnn_run1 | Epoch 119 | train_loss=11.8263 | train_acc=0.9703 | test_loss=2.6226 | test_acc=0.8775
2026-05-14 13:40:24,848 | INFO | SpawnProcess-5 | rnn_run3 | Epoch 057 | train_loss=18.4886 | train_acc=0.9563 | test_loss=4.5515 | test_acc=0.8478
2026-05-14 13:40:25,782 | INFO | SpawnProcess-2 | rnn_run5 | Epoch 023 | train_loss=32.5038 | train_acc=0.9183 | test_loss=5.4057 | test_acc=0.6340
2026-05-14 13:40:27,040 | INFO | SpawnProcess-4 | rnn_run4 | Epoch 047 | train_loss=17.7914 | train_acc=0.9567 | test_loss=3.6382 | test_acc=0.7423
2026-05-14 13:40:28,657 | INFO | SpawnProcess-1 | rnn_run2 | Epoch 103 | train_loss=13.8474 | train_acc=0.9655 | test_loss=2.7508 | test_acc=0.6371
2026-05-14 13:40:30,105 | INFO | SpawnProcess-3 | rnn_run1 | Epoch 120 | train_loss=10.8342 | train_acc=0.9731 | test_loss=2.7284 | test_acc=0.7566
2026-05-14 13:40:32,835 | INFO | SpawnProcess-5 | rnn_run3 | Epoch 058 | train_loss=18.6899 | train_acc=0.9557 | test_loss=3.3730 | test_acc=0.8511
2026-05-14 13:40:34,751 | INFO | SpawnProcess-2 | rnn_run5 | Epoch 024 | train_loss=31.1059 | train_acc=0.9230 | test_loss=5.3158 | test_acc=0.5861
2026-05-14 13:40:35,099 | INFO | SpawnProcess-4 | rnn_run4 | Epoch 048 | train_loss=17.1400 | train_acc=0.9588 | test_loss=3.6599 | test_acc=0.7550
2026-05-14 13:40:37,276 | INFO | SpawnProcess-1 | rnn_run2 | Epoch 104 | train_loss=14.8052 | train_acc=0.9629 | test_loss=3.8330 | test_acc=0.6612
2026-05-14 13:40:38,104 | INFO | SpawnProcess-3 | rnn_run1 | Epoch 121 | train_loss=11.6773 | train_acc=0.9711 | test_loss=2.7920 | test_acc=0.8368
2026-05-14 13:40:40,856 | INFO | SpawnProcess-5 | rnn_run3 | Epoch 059 | train_loss=18.0316 | train_acc=0.9569 | test_loss=3.4075 | test_acc=0.7949
2026-05-14 13:40:43,206 | INFO | SpawnProcess-4 | rnn_run4 | Epoch 049 | train_loss=17.2066 | train_acc=0.9588 | test_loss=3.4442 | test_acc=0.7461
2026-05-14 13:40:43,519 | INFO | SpawnProcess-2 | rnn_run5 | Epoch 025 | train_loss=30.4316 | train_acc=0.9234 | test_loss=4.7570 | test_acc=0.6129
2026-05-14 13:40:45,922 | INFO | SpawnProcess-1 | rnn_run2 | Epoch 105 | train_loss=14.6427 | train_acc=0.9635 | test_loss=2.7843 | test_acc=0.6053
2026-05-14 13:40:45,945 | INFO | SpawnProcess-3 | rnn_run1 | Epoch 122 | train_loss=11.5267 | train_acc=0.9721 | test_loss=2.9029 | test_acc=0.8718
2026-05-14 13:40:48,693 | INFO | SpawnProcess-5 | rnn_run3 | Epoch 060 | train_loss=17.7694 | train_acc=0.9574 | test_loss=3.9620 | test_acc=0.8171
2026-05-14 13:40:51,201 | INFO | SpawnProcess-4 | rnn_run4 | Epoch 050 | train_loss=16.8288 | train_acc=0.9590 | test_loss=3.7785 | test_acc=0.6900
2026-05-14 13:40:52,292 | INFO | SpawnProcess-2 | rnn_run5 | Epoch 026 | train_loss=29.8841 | train_acc=0.9248 | test_loss=4.6233 | test_acc=0.6077
2026-05-14 13:40:53,636 | INFO | SpawnProcess-3 | rnn_run1 | Epoch 123 | train_loss=11.0089 | train_acc=0.9738 | test_loss=3.0661 | test_acc=0.8129
2026-05-14 13:40:54,393 | INFO | SpawnProcess-1 | rnn_run2 | Epoch 106 | train_loss=14.2081 | train_acc=0.9644 | test_loss=2.9878 | test_acc=0.6591
2026-05-14 13:40:56,611 | INFO | SpawnProcess-5 | rnn_run3 | Epoch 061 | train_loss=18.0528 | train_acc=0.9567 | test_loss=3.1720 | test_acc=0.8422
2026-05-14 13:40:59,293 | INFO | SpawnProcess-4 | rnn_run4 | Epoch 051 | train_loss=16.4593 | train_acc=0.9595 | test_loss=3.7618 | test_acc=0.7469
2026-05-14 13:41:01,177 | INFO | SpawnProcess-2 | rnn_run5 | Epoch 027 | train_loss=29.3406 | train_acc=0.9263 | test_loss=5.3732 | test_acc=0.5920
2026-05-14 13:41:01,376 | INFO | SpawnProcess-3 | rnn_run1 | Epoch 124 | train_loss=11.6640 | train_acc=0.9708 | test_loss=2.5740 | test_acc=0.8381
2026-05-14 13:41:02,850 | INFO | SpawnProcess-1 | rnn_run2 | Epoch 107 | train_loss=13.7698 | train_acc=0.9652 | test_loss=2.7473 | test_acc=0.6535
2026-05-14 13:41:04,232 | INFO | SpawnProcess-5 | rnn_run3 | Epoch 062 | train_loss=17.1761 | train_acc=0.9590 | test_loss=4.3273 | test_acc=0.7848
2026-05-14 13:41:07,428 | INFO | SpawnProcess-4 | rnn_run4 | Epoch 052 | train_loss=15.9426 | train_acc=0.9616 | test_loss=3.3107 | test_acc=0.8067
2026-05-14 13:41:08,934 | INFO | SpawnProcess-3 | rnn_run1 | Epoch 125 | train_loss=10.7338 | train_acc=0.9737 | test_loss=2.6348 | test_acc=0.8775
2026-05-14 13:41:10,168 | INFO | SpawnProcess-2 | rnn_run5 | Epoch 028 | train_loss=28.5244 | train_acc=0.9284 | test_loss=4.6639 | test_acc=0.6150
2026-05-14 13:41:11,558 | INFO | SpawnProcess-1 | rnn_run2 | Epoch 108 | train_loss=14.7108 | train_acc=0.9628 | test_loss=3.0112 | test_acc=0.6376
2026-05-14 13:41:12,227 | INFO | SpawnProcess-5 | rnn_run3 | Epoch 063 | train_loss=18.7305 | train_acc=0.9553 | test_loss=3.6579 | test_acc=0.7948
2026-05-14 13:41:15,157 | INFO | SpawnProcess-4 | rnn_run4 | Epoch 053 | train_loss=15.6092 | train_acc=0.9625 | test_loss=3.4076 | test_acc=0.7481
2026-05-14 13:41:16,750 | INFO | SpawnProcess-3 | rnn_run1 | Epoch 126 | train_loss=11.2316 | train_acc=0.9726 | test_loss=2.4729 | test_acc=0.8561
2026-05-14 13:41:18,733 | INFO | SpawnProcess-2 | rnn_run5 | Epoch 029 | train_loss=27.5210 | train_acc=0.9318 | test_loss=4.8123 | test_acc=0.6782
2026-05-14 13:41:20,226 | INFO | SpawnProcess-1 | rnn_run2 | Epoch 109 | train_loss=14.1633 | train_acc=0.9644 | test_loss=2.9754 | test_acc=0.6399
2026-05-14 13:41:20,325 | INFO | SpawnProcess-5 | rnn_run3 | Epoch 064 | train_loss=17.7063 | train_acc=0.9584 | test_loss=3.4130 | test_acc=0.8618
2026-05-14 13:41:23,095 | INFO | SpawnProcess-4 | rnn_run4 | Epoch 054 | train_loss=15.6148 | train_acc=0.9616 | test_loss=3.0550 | test_acc=0.7626
2026-05-14 13:41:24,534 | INFO | SpawnProcess-3 | rnn_run1 | Epoch 127 | train_loss=11.0345 | train_acc=0.9730 | test_loss=2.5187 | test_acc=0.8579
2026-05-14 13:41:27,476 | INFO | SpawnProcess-2 | rnn_run5 | Epoch 030 | train_loss=26.5098 | train_acc=0.9338 | test_loss=4.4272 | test_acc=0.6538
2026-05-14 13:41:28,395 | INFO | SpawnProcess-5 | rnn_run3 | Epoch 065 | train_loss=16.8595 | train_acc=0.9603 | test_loss=3.1333 | test_acc=0.8409
2026-05-14 13:41:29,028 | INFO | SpawnProcess-1 | rnn_run2 | Epoch 110 | train_loss=14.2802 | train_acc=0.9638 | test_loss=2.7600 | test_acc=0.6648
2026-05-14 13:41:31,361 | INFO | SpawnProcess-4 | rnn_run4 | Epoch 055 | train_loss=15.0213 | train_acc=0.9635 | test_loss=3.7151 | test_acc=0.7283
2026-05-14 13:41:32,073 | INFO | SpawnProcess-3 | rnn_run1 | Epoch 128 | train_loss=10.8729 | train_acc=0.9735 | test_loss=2.7602 | test_acc=0.8568
2026-05-14 13:41:36,126 | INFO | SpawnProcess-5 | rnn_run3 | Epoch 066 | train_loss=16.9718 | train_acc=0.9595 | test_loss=3.3112 | test_acc=0.8565
2026-05-14 13:41:36,262 | INFO | SpawnProcess-2 | rnn_run5 | Epoch 031 | train_loss=26.8913 | train_acc=0.9327 | test_loss=4.6851 | test_acc=0.5796
2026-05-14 13:41:37,600 | INFO | SpawnProcess-1 | rnn_run2 | Epoch 111 | train_loss=13.3007 | train_acc=0.9670 | test_loss=2.7067 | test_acc=0.6523
2026-05-14 13:41:39,486 | INFO | SpawnProcess-4 | rnn_run4 | Epoch 056 | train_loss=14.9365 | train_acc=0.9641 | test_loss=3.2511 | test_acc=0.7529
2026-05-14 13:41:39,606 | INFO | SpawnProcess-3 | rnn_run1 | Epoch 129 | train_loss=10.9495 | train_acc=0.9728 | test_loss=2.6714 | test_acc=0.8151
2026-05-14 13:41:44,005 | INFO | SpawnProcess-5 | rnn_run3 | Epoch 067 | train_loss=16.1094 | train_acc=0.9613 | test_loss=3.2703 | test_acc=0.7985
2026-05-14 13:41:44,993 | INFO | SpawnProcess-2 | rnn_run5 | Epoch 032 | train_loss=26.1331 | train_acc=0.9351 | test_loss=4.3654 | test_acc=0.6313
2026-05-14 13:41:46,095 | INFO | SpawnProcess-1 | rnn_run2 | Epoch 112 | train_loss=14.1750 | train_acc=0.9638 | test_loss=2.8985 | test_acc=0.6340
2026-05-14 13:41:47,061 | INFO | SpawnProcess-4 | rnn_run4 | Epoch 057 | train_loss=15.4417 | train_acc=0.9622 | test_loss=3.2248 | test_acc=0.8005
2026-05-14 13:41:47,543 | INFO | SpawnProcess-3 | rnn_run1 | Epoch 130 | train_loss=10.6471 | train_acc=0.9730 | test_loss=2.6265 | test_acc=0.8921
2026-05-14 13:41:52,060 | INFO | SpawnProcess-5 | rnn_run3 | Epoch 068 | train_loss=16.8890 | train_acc=0.9601 | test_loss=3.4909 | test_acc=0.7710
2026-05-14 13:41:53,986 | INFO | SpawnProcess-2 | rnn_run5 | Epoch 033 | train_loss=25.6204 | train_acc=0.9361 | test_loss=5.0487 | test_acc=0.6696
2026-05-14 13:41:54,794 | INFO | SpawnProcess-1 | rnn_run2 | Epoch 113 | train_loss=13.6563 | train_acc=0.9657 | test_loss=3.1008 | test_acc=0.6574
2026-05-14 13:41:55,306 | INFO | SpawnProcess-4 | rnn_run4 | Epoch 058 | train_loss=14.4484 | train_acc=0.9644 | test_loss=3.1156 | test_acc=0.7852
2026-05-14 13:41:55,568 | INFO | SpawnProcess-3 | rnn_run1 | Epoch 131 | train_loss=11.0606 | train_acc=0.9727 | test_loss=2.5842 | test_acc=0.8431
2026-05-14 13:41:59,883 | INFO | SpawnProcess-5 | rnn_run3 | Epoch 069 | train_loss=16.8663 | train_acc=0.9602 | test_loss=3.0824 | test_acc=0.7951
2026-05-14 13:42:02,630 | INFO | SpawnProcess-2 | rnn_run5 | Epoch 034 | train_loss=25.9331 | train_acc=0.9361 | test_loss=4.4550 | test_acc=0.7262
2026-05-14 13:42:03,248 | INFO | SpawnProcess-1 | rnn_run2 | Epoch 114 | train_loss=13.3235 | train_acc=0.9657 | test_loss=3.1413 | test_acc=0.6111
2026-05-14 13:42:03,409 | INFO | SpawnProcess-4 | rnn_run4 | Epoch 059 | train_loss=15.3149 | train_acc=0.9623 | test_loss=3.3890 | test_acc=0.7333
2026-05-14 13:42:03,568 | INFO | SpawnProcess-3 | rnn_run1 | Epoch 132 | train_loss=10.6736 | train_acc=0.9740 | test_loss=2.9092 | test_acc=0.8173
2026-05-14 13:42:07,844 | INFO | SpawnProcess-5 | rnn_run3 | Epoch 070 | train_loss=16.5820 | train_acc=0.9604 | test_loss=3.1542 | test_acc=0.8564
2026-05-14 13:42:11,360 | INFO | SpawnProcess-4 | rnn_run4 | Epoch 060 | train_loss=15.0184 | train_acc=0.9641 | test_loss=3.9415 | test_acc=0.7513
2026-05-14 13:42:11,505 | INFO | SpawnProcess-3 | rnn_run1 | Epoch 133 | train_loss=10.6581 | train_acc=0.9736 | test_loss=2.5389 | test_acc=0.8215
2026-05-14 13:42:11,563 | INFO | SpawnProcess-2 | rnn_run5 | Epoch 035 | train_loss=24.8647 | train_acc=0.9378 | test_loss=4.1965 | test_acc=0.6185
2026-05-14 13:42:11,897 | INFO | SpawnProcess-1 | rnn_run2 | Epoch 115 | train_loss=13.7824 | train_acc=0.9651 | test_loss=2.7085 | test_acc=0.6511
2026-05-14 13:42:15,935 | INFO | SpawnProcess-5 | rnn_run3 | Epoch 071 | train_loss=16.2859 | train_acc=0.9617 | test_loss=3.0732 | test_acc=0.8568
2026-05-14 13:42:19,385 | INFO | SpawnProcess-3 | rnn_run1 | Epoch 134 | train_loss=10.9905 | train_acc=0.9724 | test_loss=2.4590 | test_acc=0.8183
2026-05-14 13:42:19,514 | INFO | SpawnProcess-4 | rnn_run4 | Epoch 061 | train_loss=14.3480 | train_acc=0.9648 | test_loss=3.1305 | test_acc=0.7297
2026-05-14 13:42:20,622 | INFO | SpawnProcess-2 | rnn_run5 | Epoch 036 | train_loss=24.0687 | train_acc=0.9407 | test_loss=3.9279 | test_acc=0.6407
2026-05-14 13:42:20,910 | INFO | SpawnProcess-1 | rnn_run2 | Epoch 116 | train_loss=13.1788 | train_acc=0.9668 | test_loss=2.8452 | test_acc=0.6399
2026-05-14 13:42:23,681 | INFO | SpawnProcess-5 | rnn_run3 | Epoch 072 | train_loss=15.8150 | train_acc=0.9625 | test_loss=2.8670 | test_acc=0.8651
2026-05-14 13:42:27,221 | INFO | SpawnProcess-3 | rnn_run1 | Epoch 135 | train_loss=10.8681 | train_acc=0.9721 | test_loss=2.4413 | test_acc=0.8176
2026-05-14 13:42:27,285 | INFO | SpawnProcess-4 | rnn_run4 | Epoch 062 | train_loss=14.2738 | train_acc=0.9650 | test_loss=2.9291 | test_acc=0.7867
2026-05-14 13:42:29,049 | INFO | SpawnProcess-1 | rnn_run2 | Epoch 117 | train_loss=13.0921 | train_acc=0.9665 | test_loss=2.7436 | test_acc=0.6556
2026-05-14 13:42:29,520 | INFO | SpawnProcess-2 | rnn_run5 | Epoch 037 | train_loss=24.4305 | train_acc=0.9395 | test_loss=4.2330 | test_acc=0.6355
2026-05-14 13:42:31,719 | INFO | SpawnProcess-5 | rnn_run3 | Epoch 073 | train_loss=15.3048 | train_acc=0.9634 | test_loss=3.1253 | test_acc=0.8590
2026-05-14 13:42:35,009 | INFO | SpawnProcess-4 | rnn_run4 | Epoch 063 | train_loss=13.8539 | train_acc=0.9667 | test_loss=2.9439 | test_acc=0.7975
2026-05-14 13:42:35,100 | INFO | SpawnProcess-3 | rnn_run1 | Epoch 136 | train_loss=11.0790 | train_acc=0.9727 | test_loss=2.2464 | test_acc=0.8639
2026-05-14 13:42:37,653 | INFO | SpawnProcess-1 | rnn_run2 | Epoch 118 | train_loss=12.8394 | train_acc=0.9676 | test_loss=2.6534 | test_acc=0.6457
2026-05-14 13:42:37,923 | INFO | SpawnProcess-2 | rnn_run5 | Epoch 038 | train_loss=23.5735 | train_acc=0.9412 | test_loss=3.9758 | test_acc=0.6708
2026-05-14 13:42:39,699 | INFO | SpawnProcess-5 | rnn_run3 | Epoch 074 | train_loss=15.4350 | train_acc=0.9628 | test_loss=2.8799 | test_acc=0.8309
2026-05-14 13:42:42,627 | INFO | SpawnProcess-3 | rnn_run1 | Epoch 137 | train_loss=10.4296 | train_acc=0.9738 | test_loss=2.7605 | test_acc=0.8034
2026-05-14 13:42:42,946 | INFO | SpawnProcess-4 | rnn_run4 | Epoch 064 | train_loss=13.3633 | train_acc=0.9675 | test_loss=3.2119 | test_acc=0.7300
2026-05-14 13:42:46,232 | INFO | SpawnProcess-1 | rnn_run2 | Epoch 119 | train_loss=12.9480 | train_acc=0.9678 | test_loss=2.8831 | test_acc=0.6862
2026-05-14 13:42:46,416 | INFO | SpawnProcess-2 | rnn_run5 | Epoch 039 | train_loss=23.6471 | train_acc=0.9413 | test_loss=4.2304 | test_acc=0.6193
2026-05-14 13:42:47,722 | INFO | SpawnProcess-5 | rnn_run3 | Epoch 075 | train_loss=15.6353 | train_acc=0.9627 | test_loss=3.5236 | test_acc=0.8961
2026-05-14 13:42:50,257 | INFO | SpawnProcess-3 | rnn_run1 | Epoch 138 | train_loss=10.5877 | train_acc=0.9729 | test_loss=2.4376 | test_acc=0.8636
2026-05-14 13:42:50,891 | INFO | SpawnProcess-4 | rnn_run4 | Epoch 065 | train_loss=13.6302 | train_acc=0.9668 | test_loss=3.4965 | test_acc=0.8495
2026-05-14 13:42:54,773 | INFO | SpawnProcess-1 | rnn_run2 | Epoch 120 | train_loss=12.8506 | train_acc=0.9676 | test_loss=3.1070 | test_acc=0.6824
2026-05-14 13:42:55,030 | INFO | SpawnProcess-2 | rnn_run5 | Epoch 040 | train_loss=23.1956 | train_acc=0.9433 | test_loss=3.9886 | test_acc=0.6623
2026-05-14 13:42:55,790 | INFO | SpawnProcess-5 | rnn_run3 | Epoch 076 | train_loss=16.9959 | train_acc=0.9599 | test_loss=3.3433 | test_acc=0.8389
2026-05-14 13:42:58,183 | INFO | SpawnProcess-3 | rnn_run1 | Epoch 139 | train_loss=10.3048 | train_acc=0.9745 | test_loss=2.4262 | test_acc=0.8720
2026-05-14 13:42:58,640 | INFO | SpawnProcess-4 | rnn_run4 | Epoch 066 | train_loss=14.3101 | train_acc=0.9659 | test_loss=2.9855 | test_acc=0.8114
2026-05-14 13:43:03,321 | INFO | SpawnProcess-1 | rnn_run2 | Epoch 121 | train_loss=13.5796 | train_acc=0.9659 | test_loss=2.8418 | test_acc=0.6908
2026-05-14 13:43:03,733 | INFO | SpawnProcess-2 | rnn_run5 | Epoch 041 | train_loss=22.9060 | train_acc=0.9432 | test_loss=3.9740 | test_acc=0.7178
2026-05-14 13:43:03,787 | INFO | SpawnProcess-5 | rnn_run3 | Epoch 077 | train_loss=16.1326 | train_acc=0.9609 | test_loss=3.2408 | test_acc=0.7707
2026-05-14 13:43:06,322 | INFO | SpawnProcess-3 | rnn_run1 | Epoch 140 | train_loss=10.2350 | train_acc=0.9749 | test_loss=3.0737 | test_acc=0.8371
2026-05-14 13:43:06,347 | INFO | SpawnProcess-4 | rnn_run4 | Epoch 067 | train_loss=14.0236 | train_acc=0.9661 | test_loss=3.0270 | test_acc=0.8449
2026-05-14 13:43:11,624 | INFO | SpawnProcess-5 | rnn_run3 | Epoch 078 | train_loss=15.9094 | train_acc=0.9618 | test_loss=2.7991 | test_acc=0.8342
2026-05-14 13:43:12,035 | INFO | SpawnProcess-1 | rnn_run2 | Epoch 122 | train_loss=12.8802 | train_acc=0.9675 | test_loss=3.0278 | test_acc=0.6519
2026-05-14 13:43:12,731 | INFO | SpawnProcess-2 | rnn_run5 | Epoch 042 | train_loss=22.5027 | train_acc=0.9452 | test_loss=4.0597 | test_acc=0.7378
2026-05-14 13:43:14,324 | INFO | SpawnProcess-3 | rnn_run1 | Epoch 141 | train_loss=10.7929 | train_acc=0.9726 | test_loss=2.3479 | test_acc=0.8596
2026-05-14 13:43:14,337 | INFO | SpawnProcess-4 | rnn_run4 | Epoch 068 | train_loss=13.7512 | train_acc=0.9665 | test_loss=3.1471 | test_acc=0.7300
2026-05-14 13:43:19,206 | INFO | SpawnProcess-5 | rnn_run3 | Epoch 079 | train_loss=15.4597 | train_acc=0.9635 | test_loss=3.2144 | test_acc=0.8428
2026-05-14 13:43:20,698 | INFO | SpawnProcess-1 | rnn_run2 | Epoch 123 | train_loss=13.1560 | train_acc=0.9664 | test_loss=3.3556 | test_acc=0.6532
2026-05-14 13:43:21,560 | INFO | SpawnProcess-2 | rnn_run5 | Epoch 043 | train_loss=22.0112 | train_acc=0.9456 | test_loss=4.1106 | test_acc=0.6370
2026-05-14 13:43:21,683 | INFO | SpawnProcess-4 | rnn_run4 | Epoch 069 | train_loss=12.9360 | train_acc=0.9683 | test_loss=3.3704 | test_acc=0.7893
2026-05-14 13:43:22,267 | INFO | SpawnProcess-3 | rnn_run1 | Epoch 142 | train_loss=10.3074 | train_acc=0.9743 | test_loss=2.6623 | test_acc=0.7948
2026-05-14 13:43:26,781 | INFO | SpawnProcess-5 | rnn_run3 | Epoch 080 | train_loss=15.1913 | train_acc=0.9641 | test_loss=3.1415 | test_acc=0.8904
2026-05-14 13:43:29,020 | INFO | SpawnProcess-4 | rnn_run4 | Epoch 070 | train_loss=14.2868 | train_acc=0.9656 | test_loss=2.9213 | test_acc=0.7603
2026-05-14 13:43:29,203 | INFO | SpawnProcess-1 | rnn_run2 | Epoch 124 | train_loss=13.2682 | train_acc=0.9667 | test_loss=3.1065 | test_acc=0.6575
2026-05-14 13:43:30,146 | INFO | SpawnProcess-3 | rnn_run1 | Epoch 143 | train_loss=10.3965 | train_acc=0.9741 | test_loss=2.4123 | test_acc=0.8684
2026-05-14 13:43:30,298 | INFO | SpawnProcess-2 | rnn_run5 | Epoch 044 | train_loss=22.4628 | train_acc=0.9444 | test_loss=4.0576 | test_acc=0.6905
2026-05-14 13:43:34,552 | INFO | SpawnProcess-5 | rnn_run3 | Epoch 081 | train_loss=15.5242 | train_acc=0.9630 | test_loss=2.7946 | test_acc=0.8621
2026-05-14 13:43:36,937 | INFO | SpawnProcess-4 | rnn_run4 | Epoch 071 | train_loss=13.3743 | train_acc=0.9670 | test_loss=2.7724 | test_acc=0.7670
2026-05-14 13:43:37,585 | INFO | SpawnProcess-1 | rnn_run2 | Epoch 125 | train_loss=12.4861 | train_acc=0.9688 | test_loss=2.6418 | test_acc=0.6430
2026-05-14 13:43:38,011 | INFO | SpawnProcess-3 | rnn_run1 | Epoch 144 | train_loss=10.5521 | train_acc=0.9742 | test_loss=2.5094 | test_acc=0.8794
2026-05-14 13:43:38,901 | INFO | SpawnProcess-2 | rnn_run5 | Epoch 045 | train_loss=21.9051 | train_acc=0.9462 | test_loss=3.8545 | test_acc=0.6427
2026-05-14 13:43:42,733 | INFO | SpawnProcess-5 | rnn_run3 | Epoch 082 | train_loss=15.2315 | train_acc=0.9639 | test_loss=3.1114 | test_acc=0.8430
2026-05-14 13:43:45,039 | INFO | SpawnProcess-4 | rnn_run4 | Epoch 072 | train_loss=13.6030 | train_acc=0.9665 | test_loss=2.7041 | test_acc=0.7700
2026-05-14 13:43:45,667 | INFO | SpawnProcess-3 | rnn_run1 | Epoch 145 | train_loss=9.7302 | train_acc=0.9757 | test_loss=2.4852 | test_acc=0.8366
2026-05-14 13:43:46,037 | INFO | SpawnProcess-1 | rnn_run2 | Epoch 126 | train_loss=12.7339 | train_acc=0.9679 | test_loss=2.9914 | test_acc=0.5849
2026-05-14 13:43:47,724 | INFO | SpawnProcess-2 | rnn_run5 | Epoch 046 | train_loss=22.2340 | train_acc=0.9444 | test_loss=3.5003 | test_acc=0.6523
2026-05-14 13:43:50,863 | INFO | SpawnProcess-5 | rnn_run3 | Epoch 083 | train_loss=15.0753 | train_acc=0.9639 | test_loss=3.8442 | test_acc=0.7643
2026-05-14 13:43:53,210 | INFO | SpawnProcess-4 | rnn_run4 | Epoch 073 | train_loss=13.2695 | train_acc=0.9674 | test_loss=2.5991 | test_acc=0.8141
2026-05-14 13:43:53,305 | INFO | SpawnProcess-3 | rnn_run1 | Epoch 146 | train_loss=9.5592 | train_acc=0.9761 | test_loss=2.5782 | test_acc=0.8174
2026-05-14 13:43:54,624 | INFO | SpawnProcess-1 | rnn_run2 | Epoch 127 | train_loss=13.0121 | train_acc=0.9674 | test_loss=2.9091 | test_acc=0.6247
2026-05-14 13:43:56,685 | INFO | SpawnProcess-2 | rnn_run5 | Epoch 047 | train_loss=21.1499 | train_acc=0.9475 | test_loss=3.8366 | test_acc=0.7519
2026-05-14 13:43:58,759 | INFO | SpawnProcess-5 | rnn_run3 | Epoch 084 | train_loss=14.2659 | train_acc=0.9660 | test_loss=2.8083 | test_acc=0.8728
2026-05-14 13:44:01,055 | INFO | SpawnProcess-3 | rnn_run1 | Epoch 147 | train_loss=9.9888 | train_acc=0.9755 | test_loss=2.3822 | test_acc=0.8885
2026-05-14 13:44:01,169 | INFO | SpawnProcess-4 | rnn_run4 | Epoch 074 | train_loss=12.5543 | train_acc=0.9693 | test_loss=3.0811 | test_acc=0.7914
2026-05-14 13:44:03,122 | INFO | SpawnProcess-1 | rnn_run2 | Epoch 128 | train_loss=12.3019 | train_acc=0.9688 | test_loss=3.5168 | test_acc=0.5726
2026-05-14 13:44:05,479 | INFO | SpawnProcess-2 | rnn_run5 | Epoch 048 | train_loss=20.8239 | train_acc=0.9485 | test_loss=3.6946 | test_acc=0.6719
2026-05-14 13:44:07,041 | INFO | SpawnProcess-5 | rnn_run3 | Epoch 085 | train_loss=14.7270 | train_acc=0.9650 | test_loss=2.9281 | test_acc=0.8316
2026-05-14 13:44:08,740 | INFO | SpawnProcess-3 | rnn_run1 | Epoch 148 | train_loss=9.8655 | train_acc=0.9755 | test_loss=2.6831 | test_acc=0.8485
2026-05-14 13:44:09,207 | INFO | SpawnProcess-4 | rnn_run4 | Epoch 075 | train_loss=12.5824 | train_acc=0.9694 | test_loss=2.9543 | test_acc=0.7530
2026-05-14 13:44:11,753 | INFO | SpawnProcess-1 | rnn_run2 | Epoch 129 | train_loss=12.3899 | train_acc=0.9689 | test_loss=2.6096 | test_acc=0.6511
2026-05-14 13:44:14,588 | INFO | SpawnProcess-2 | rnn_run5 | Epoch 049 | train_loss=20.3089 | train_acc=0.9495 | test_loss=4.2105 | test_acc=0.6779
2026-05-14 13:44:15,254 | INFO | SpawnProcess-5 | rnn_run3 | Epoch 086 | train_loss=14.5880 | train_acc=0.9657 | test_loss=3.0375 | test_acc=0.8912
2026-05-14 13:44:16,329 | INFO | SpawnProcess-3 | rnn_run1 | Epoch 149 | train_loss=9.8326 | train_acc=0.9755 | test_loss=2.5862 | test_acc=0.8320
2026-05-14 13:44:17,267 | INFO | SpawnProcess-4 | rnn_run4 | Epoch 076 | train_loss=13.5961 | train_acc=0.9668 | test_loss=2.9289 | test_acc=0.7723
2026-05-14 13:44:20,278 | INFO | SpawnProcess-1 | rnn_run2 | Epoch 130 | train_loss=11.9585 | train_acc=0.9704 | test_loss=2.6309 | test_acc=0.6527
2026-05-14 13:44:23,390 | INFO | SpawnProcess-5 | rnn_run3 | Epoch 087 | train_loss=14.4974 | train_acc=0.9650 | test_loss=2.8046 | test_acc=0.8533
2026-05-14 13:44:23,405 | INFO | SpawnProcess-2 | rnn_run5 | Epoch 050 | train_loss=21.1042 | train_acc=0.9483 | test_loss=3.8001 | test_acc=0.6159
2026-05-14 13:44:23,926 | INFO | SpawnProcess-3 | rnn_run1 | Epoch 150 | train_loss=10.2099 | train_acc=0.9741 | test_loss=2.5572 | test_acc=0.8839
2026-05-14 13:44:25,335 | INFO | SpawnProcess-4 | rnn_run4 | Epoch 077 | train_loss=13.3592 | train_acc=0.9675 | test_loss=3.7108 | test_acc=0.8149
2026-05-14 13:44:28,975 | INFO | SpawnProcess-1 | rnn_run2 | Epoch 131 | train_loss=13.1731 | train_acc=0.9665 | test_loss=2.6026 | test_acc=0.6606
2026-05-14 13:44:31,456 | INFO | SpawnProcess-5 | rnn_run3 | Epoch 088 | train_loss=13.7402 | train_acc=0.9676 | test_loss=3.4481 | test_acc=0.8766
2026-05-14 13:44:31,943 | INFO | SpawnProcess-3 | rnn_run1 | Epoch 151 | train_loss=8.6508 | train_acc=0.9786 | test_loss=2.3962 | test_acc=0.8412
2026-05-14 13:44:32,292 | INFO | SpawnProcess-2 | rnn_run5 | Epoch 051 | train_loss=20.4386 | train_acc=0.9485 | test_loss=3.8161 | test_acc=0.6774
2026-05-14 13:44:33,268 | INFO | SpawnProcess-4 | rnn_run4 | Epoch 078 | train_loss=12.5088 | train_acc=0.9690 | test_loss=3.1330 | test_acc=0.7148
2026-05-14 13:44:37,504 | INFO | SpawnProcess-1 | rnn_run2 | Epoch 132 | train_loss=11.7937 | train_acc=0.9701 | test_loss=2.9002 | test_acc=0.6145
2026-05-14 13:44:39,150 | INFO | SpawnProcess-5 | rnn_run3 | Epoch 089 | train_loss=14.8187 | train_acc=0.9645 | test_loss=2.6260 | test_acc=0.8459
2026-05-14 13:44:39,684 | INFO | SpawnProcess-3 | rnn_run1 | Epoch 152 | train_loss=9.5739 | train_acc=0.9758 | test_loss=2.3512 | test_acc=0.8566
2026-05-14 13:44:41,078 | INFO | SpawnProcess-2 | rnn_run5 | Epoch 052 | train_loss=20.1845 | train_acc=0.9499 | test_loss=3.5371 | test_acc=0.7354
2026-05-14 13:44:41,137 | INFO | SpawnProcess-4 | rnn_run4 | Epoch 079 | train_loss=12.7971 | train_acc=0.9685 | test_loss=2.6955 | test_acc=0.8198
2026-05-14 13:44:46,133 | INFO | SpawnProcess-1 | rnn_run2 | Epoch 133 | train_loss=12.4727 | train_acc=0.9679 | test_loss=2.6898 | test_acc=0.6681
2026-05-14 13:44:47,248 | INFO | SpawnProcess-5 | rnn_run3 | Epoch 090 | train_loss=14.0828 | train_acc=0.9667 | test_loss=2.8923 | test_acc=0.8411
2026-05-14 13:44:47,312 | INFO | SpawnProcess-3 | rnn_run1 | Epoch 153 | train_loss=9.8641 | train_acc=0.9750 | test_loss=2.4148 | test_acc=0.8414
2026-05-14 13:44:49,301 | INFO | SpawnProcess-4 | rnn_run4 | Epoch 080 | train_loss=11.8277 | train_acc=0.9712 | test_loss=2.8403 | test_acc=0.7941
2026-05-14 13:44:50,200 | INFO | SpawnProcess-2 | rnn_run5 | Epoch 053 | train_loss=20.5418 | train_acc=0.9485 | test_loss=3.6819 | test_acc=0.7674
2026-05-14 13:44:54,982 | INFO | SpawnProcess-3 | rnn_run1 | Epoch 154 | train_loss=9.4463 | train_acc=0.9759 | test_loss=2.7060 | test_acc=0.8557
2026-05-14 13:44:55,225 | INFO | SpawnProcess-1 | rnn_run2 | Epoch 134 | train_loss=12.5698 | train_acc=0.9684 | test_loss=2.7152 | test_acc=0.6531
2026-05-14 13:44:55,324 | INFO | SpawnProcess-5 | rnn_run3 | Epoch 091 | train_loss=13.8941 | train_acc=0.9673 | test_loss=2.8326 | test_acc=0.8597
2026-05-14 13:44:57,326 | INFO | SpawnProcess-4 | rnn_run4 | Epoch 081 | train_loss=12.6421 | train_acc=0.9693 | test_loss=3.0621 | test_acc=0.7331
2026-05-14 13:44:59,113 | INFO | SpawnProcess-2 | rnn_run5 | Epoch 054 | train_loss=20.1319 | train_acc=0.9493 | test_loss=3.7241 | test_acc=0.6463
2026-05-14 13:45:02,712 | INFO | SpawnProcess-3 | rnn_run1 | Epoch 155 | train_loss=9.5894 | train_acc=0.9756 | test_loss=2.2662 | test_acc=0.8506
2026-05-14 13:45:03,347 | INFO | SpawnProcess-5 | rnn_run3 | Epoch 092 | train_loss=14.2876 | train_acc=0.9659 | test_loss=2.9019 | test_acc=0.8760
2026-05-14 13:45:03,628 | INFO | SpawnProcess-1 | rnn_run2 | Epoch 135 | train_loss=12.8110 | train_acc=0.9673 | test_loss=2.7094 | test_acc=0.6404
2026-05-14 13:45:05,158 | INFO | SpawnProcess-4 | rnn_run4 | Epoch 082 | train_loss=11.6841 | train_acc=0.9710 | test_loss=2.9991 | test_acc=0.8587
2026-05-14 13:45:08,009 | INFO | SpawnProcess-2 | rnn_run5 | Epoch 055 | train_loss=19.7209 | train_acc=0.9513 | test_loss=3.6152 | test_acc=0.7079
2026-05-14 13:45:10,672 | INFO | SpawnProcess-3 | rnn_run1 | Epoch 156 | train_loss=9.6402 | train_acc=0.9766 | test_loss=2.9815 | test_acc=0.7788
2026-05-14 13:45:11,388 | INFO | SpawnProcess-5 | rnn_run3 | Epoch 093 | train_loss=13.4141 | train_acc=0.9669 | test_loss=3.3806 | test_acc=0.7831
2026-05-14 13:45:12,153 | INFO | SpawnProcess-1 | rnn_run2 | Epoch 136 | train_loss=12.3212 | train_acc=0.9684 | test_loss=3.0336 | test_acc=0.6339
2026-05-14 13:45:13,348 | INFO | SpawnProcess-4 | rnn_run4 | Epoch 083 | train_loss=11.6808 | train_acc=0.9710 | test_loss=3.1374 | test_acc=0.7774
2026-05-14 13:45:17,085 | INFO | SpawnProcess-2 | rnn_run5 | Epoch 056 | train_loss=19.0119 | train_acc=0.9524 | test_loss=3.5963 | test_acc=0.6753
2026-05-14 13:45:18,425 | INFO | SpawnProcess-3 | rnn_run1 | Epoch 157 | train_loss=9.7465 | train_acc=0.9762 | test_loss=2.6618 | test_acc=0.8590
2026-05-14 13:45:19,526 | INFO | SpawnProcess-5 | rnn_run3 | Epoch 094 | train_loss=13.9386 | train_acc=0.9670 | test_loss=3.2878 | test_acc=0.8029
2026-05-14 13:45:20,717 | INFO | SpawnProcess-1 | rnn_run2 | Epoch 137 | train_loss=12.5584 | train_acc=0.9684 | test_loss=2.5491 | test_acc=0.6520
2026-05-14 13:45:21,420 | INFO | SpawnProcess-4 | rnn_run4 | Epoch 084 | train_loss=12.0975 | train_acc=0.9704 | test_loss=3.8444 | test_acc=0.7176
2026-05-14 13:45:25,993 | INFO | SpawnProcess-2 | rnn_run5 | Epoch 057 | train_loss=19.4800 | train_acc=0.9514 | test_loss=3.5090 | test_acc=0.7553
2026-05-14 13:45:26,248 | INFO | SpawnProcess-3 | rnn_run1 | Epoch 158 | train_loss=9.4781 | train_acc=0.9767 | test_loss=2.3359 | test_acc=0.8727
2026-05-14 13:45:27,611 | INFO | SpawnProcess-5 | rnn_run3 | Epoch 095 | train_loss=14.1274 | train_acc=0.9665 | test_loss=2.7477 | test_acc=0.8745
2026-05-14 13:45:29,384 | INFO | SpawnProcess-1 | rnn_run2 | Epoch 138 | train_loss=11.7509 | train_acc=0.9705 | test_loss=2.9292 | test_acc=0.6088
2026-05-14 13:45:29,491 | INFO | SpawnProcess-4 | rnn_run4 | Epoch 085 | train_loss=13.0870 | train_acc=0.9675 | test_loss=3.1424 | test_acc=0.7157
2026-05-14 13:45:33,768 | INFO | SpawnProcess-3 | rnn_run1 | Epoch 159 | train_loss=9.5299 | train_acc=0.9760 | test_loss=3.1844 | test_acc=0.9052
2026-05-14 13:45:35,097 | INFO | SpawnProcess-2 | rnn_run5 | Epoch 058 | train_loss=19.0660 | train_acc=0.9526 | test_loss=5.0988 | test_acc=0.7942
2026-05-14 13:45:35,761 | INFO | SpawnProcess-5 | rnn_run3 | Epoch 096 | train_loss=13.3220 | train_acc=0.9677 | test_loss=2.8827 | test_acc=0.8185
2026-05-14 13:45:37,557 | INFO | SpawnProcess-4 | rnn_run4 | Epoch 086 | train_loss=12.3258 | train_acc=0.9696 | test_loss=3.4614 | test_acc=0.7280
2026-05-14 13:45:37,868 | INFO | SpawnProcess-1 | rnn_run2 | Epoch 139 | train_loss=13.0546 | train_acc=0.9666 | test_loss=2.7555 | test_acc=0.6985
2026-05-14 13:45:41,391 | INFO | SpawnProcess-3 | rnn_run1 | Epoch 160 | train_loss=10.3548 | train_acc=0.9742 | test_loss=2.6265 | test_acc=0.8114
2026-05-14 13:45:43,813 | INFO | SpawnProcess-5 | rnn_run3 | Epoch 097 | train_loss=14.4396 | train_acc=0.9659 | test_loss=2.9667 | test_acc=0.8521
2026-05-14 13:45:43,953 | INFO | SpawnProcess-2 | rnn_run5 | Epoch 059 | train_loss=19.4727 | train_acc=0.9512 | test_loss=3.4732 | test_acc=0.6859
2026-05-14 13:45:45,682 | INFO | SpawnProcess-4 | rnn_run4 | Epoch 087 | train_loss=11.4951 | train_acc=0.9719 | test_loss=2.4834 | test_acc=0.8145
2026-05-14 13:45:46,311 | INFO | SpawnProcess-1 | rnn_run2 | Epoch 140 | train_loss=11.6841 | train_acc=0.9708 | test_loss=2.4880 | test_acc=0.6740
2026-05-14 13:45:49,172 | INFO | SpawnProcess-3 | rnn_run1 | Epoch 161 | train_loss=9.2238 | train_acc=0.9770 | test_loss=2.3983 | test_acc=0.8774
2026-05-14 13:45:51,999 | INFO | SpawnProcess-5 | rnn_run3 | Epoch 098 | train_loss=13.7024 | train_acc=0.9681 | test_loss=2.6526 | test_acc=0.8577
2026-05-14 13:45:53,163 | INFO | SpawnProcess-2 | rnn_run5 | Epoch 060 | train_loss=18.7339 | train_acc=0.9539 | test_loss=4.2764 | test_acc=0.6694
2026-05-14 13:45:53,743 | INFO | SpawnProcess-4 | rnn_run4 | Epoch 088 | train_loss=11.6181 | train_acc=0.9719 | test_loss=3.0372 | test_acc=0.7647
2026-05-14 13:45:54,624 | INFO | SpawnProcess-1 | rnn_run2 | Epoch 141 | train_loss=11.3280 | train_acc=0.9714 | test_loss=2.8260 | test_acc=0.6201
2026-05-14 13:45:56,954 | INFO | SpawnProcess-3 | rnn_run1 | Epoch 162 | train_loss=9.1213 | train_acc=0.9773 | test_loss=2.5306 | test_acc=0.8987
2026-05-14 13:46:00,155 | INFO | SpawnProcess-5 | rnn_run3 | Epoch 099 | train_loss=13.1410 | train_acc=0.9687 | test_loss=2.9987 | test_acc=0.8088
2026-05-14 13:46:01,895 | INFO | SpawnProcess-4 | rnn_run4 | Epoch 089 | train_loss=11.2685 | train_acc=0.9720 | test_loss=3.1645 | test_acc=0.8527
2026-05-14 13:46:02,235 | INFO | SpawnProcess-2 | rnn_run5 | Epoch 061 | train_loss=19.2778 | train_acc=0.9522 | test_loss=3.1783 | test_acc=0.7321
2026-05-14 13:46:02,905 | INFO | SpawnProcess-1 | rnn_run2 | Epoch 142 | train_loss=12.1497 | train_acc=0.9693 | test_loss=2.7879 | test_acc=0.6853
2026-05-14 13:46:04,828 | INFO | SpawnProcess-3 | rnn_run1 | Epoch 163 | train_loss=8.8653 | train_acc=0.9780 | test_loss=2.2386 | test_acc=0.8833
2026-05-14 13:46:08,204 | INFO | SpawnProcess-5 | rnn_run3 | Epoch 100 | train_loss=13.5021 | train_acc=0.9682 | test_loss=2.7203 | test_acc=0.8657
2026-05-14 13:46:09,991 | INFO | SpawnProcess-4 | rnn_run4 | Epoch 090 | train_loss=11.3897 | train_acc=0.9721 | test_loss=3.3950 | test_acc=0.8223
2026-05-14 13:46:10,864 | INFO | SpawnProcess-2 | rnn_run5 | Epoch 062 | train_loss=17.9393 | train_acc=0.9553 | test_loss=3.7468 | test_acc=0.7447
2026-05-14 13:46:11,184 | INFO | SpawnProcess-1 | rnn_run2 | Epoch 143 | train_loss=12.3236 | train_acc=0.9683 | test_loss=2.6944 | test_acc=0.6537
2026-05-14 13:46:12,662 | INFO | SpawnProcess-3 | rnn_run1 | Epoch 164 | train_loss=9.0848 | train_acc=0.9773 | test_loss=2.6868 | test_acc=0.8182
2026-05-14 13:46:16,366 | INFO | SpawnProcess-5 | rnn_run3 | Epoch 101 | train_loss=13.1608 | train_acc=0.9686 | test_loss=3.1010 | test_acc=0.8093
2026-05-14 13:46:18,473 | INFO | SpawnProcess-4 | rnn_run4 | Epoch 091 | train_loss=11.2719 | train_acc=0.9727 | test_loss=2.8711 | test_acc=0.8258
2026-05-14 13:46:19,440 | INFO | SpawnProcess-1 | rnn_run2 | Epoch 144 | train_loss=12.5445 | train_acc=0.9682 | test_loss=2.8881 | test_acc=0.6701
2026-05-14 13:46:20,052 | INFO | SpawnProcess-2 | rnn_run5 | Epoch 063 | train_loss=18.2291 | train_acc=0.9550 | test_loss=3.4352 | test_acc=0.6564
2026-05-14 13:46:20,458 | INFO | SpawnProcess-3 | rnn_run1 | Epoch 165 | train_loss=9.4234 | train_acc=0.9763 | test_loss=2.7242 | test_acc=0.9141
2026-05-14 13:46:24,257 | INFO | SpawnProcess-5 | rnn_run3 | Epoch 102 | train_loss=12.8635 | train_acc=0.9692 | test_loss=2.7767 | test_acc=0.8978
2026-05-14 13:46:26,329 | INFO | SpawnProcess-4 | rnn_run4 | Epoch 092 | train_loss=11.0443 | train_acc=0.9729 | test_loss=2.6629 | test_acc=0.8380
2026-05-14 13:46:27,720 | INFO | SpawnProcess-1 | rnn_run2 | Epoch 145 | train_loss=11.0605 | train_acc=0.9721 | test_loss=2.6886 | test_acc=0.6329
2026-05-14 13:46:28,189 | INFO | SpawnProcess-3 | rnn_run1 | Epoch 166 | train_loss=8.7809 | train_acc=0.9773 | test_loss=2.3248 | test_acc=0.8757
2026-05-14 13:46:29,031 | INFO | SpawnProcess-2 | rnn_run5 | Epoch 064 | train_loss=19.2079 | train_acc=0.9532 | test_loss=3.4464 | test_acc=0.6947
2026-05-14 13:46:32,561 | INFO | SpawnProcess-5 | rnn_run3 | Epoch 103 | train_loss=13.4470 | train_acc=0.9680 | test_loss=3.5168 | test_acc=0.9198
2026-05-14 13:46:34,384 | INFO | SpawnProcess-4 | rnn_run4 | Epoch 093 | train_loss=11.0278 | train_acc=0.9730 | test_loss=2.5977 | test_acc=0.7799
2026-05-14 13:46:35,885 | INFO | SpawnProcess-3 | rnn_run1 | Epoch 167 | train_loss=10.1745 | train_acc=0.9751 | test_loss=3.0761 | test_acc=0.8979
2026-05-14 13:46:35,959 | INFO | SpawnProcess-1 | rnn_run2 | Epoch 146 | train_loss=11.8533 | train_acc=0.9692 | test_loss=2.5927 | test_acc=0.6588
2026-05-14 13:46:38,023 | INFO | SpawnProcess-2 | rnn_run5 | Epoch 065 | train_loss=18.3325 | train_acc=0.9542 | test_loss=3.4252 | test_acc=0.7014
2026-05-14 13:46:40,635 | INFO | SpawnProcess-5 | rnn_run3 | Epoch 104 | train_loss=13.8630 | train_acc=0.9666 | test_loss=2.7247 | test_acc=0.8451
2026-05-14 13:46:42,369 | INFO | SpawnProcess-4 | rnn_run4 | Epoch 094 | train_loss=11.0540 | train_acc=0.9725 | test_loss=2.6050 | test_acc=0.8334
2026-05-14 13:46:43,461 | INFO | SpawnProcess-3 | rnn_run1 | Epoch 168 | train_loss=9.2835 | train_acc=0.9768 | test_loss=2.5017 | test_acc=0.7828
2026-05-14 13:46:44,185 | INFO | SpawnProcess-1 | rnn_run2 | Epoch 147 | train_loss=11.0019 | train_acc=0.9722 | test_loss=2.7491 | test_acc=0.6473
2026-05-14 13:46:46,802 | INFO | SpawnProcess-2 | rnn_run5 | Epoch 066 | train_loss=17.8974 | train_acc=0.9558 | test_loss=3.1149 | test_acc=0.6826
2026-05-14 13:46:48,514 | INFO | SpawnProcess-5 | rnn_run3 | Epoch 105 | train_loss=13.1801 | train_acc=0.9679 | test_loss=3.1270 | test_acc=0.8805
2026-05-14 13:46:50,091 | INFO | SpawnProcess-4 | rnn_run4 | Epoch 095 | train_loss=12.0836 | train_acc=0.9702 | test_loss=2.5693 | test_acc=0.7991
2026-05-14 13:46:50,907 | INFO | SpawnProcess-3 | rnn_run1 | Epoch 169 | train_loss=9.9889 | train_acc=0.9747 | test_loss=2.4349 | test_acc=0.8446
2026-05-14 13:46:52,577 | INFO | SpawnProcess-1 | rnn_run2 | Epoch 148 | train_loss=11.5573 | train_acc=0.9704 | test_loss=3.0860 | test_acc=0.5627
2026-05-14 13:46:55,739 | INFO | SpawnProcess-2 | rnn_run5 | Epoch 067 | train_loss=17.7955 | train_acc=0.9555 | test_loss=3.6741 | test_acc=0.7083
2026-05-14 13:46:56,435 | INFO | SpawnProcess-5 | rnn_run3 | Epoch 106 | train_loss=13.4682 | train_acc=0.9684 | test_loss=2.6541 | test_acc=0.8506
2026-05-14 13:46:57,719 | INFO | SpawnProcess-4 | rnn_run4 | Epoch 096 | train_loss=10.5367 | train_acc=0.9747 | test_loss=2.7612 | test_acc=0.8184
2026-05-14 13:46:58,323 | INFO | SpawnProcess-3 | rnn_run1 | Epoch 170 | train_loss=8.9304 | train_acc=0.9773 | test_loss=2.4363 | test_acc=0.8953
2026-05-14 13:47:00,876 | INFO | SpawnProcess-1 | rnn_run2 | Epoch 149 | train_loss=11.4209 | train_acc=0.9709 | test_loss=2.6349 | test_acc=0.6367
2026-05-14 13:47:04,339 | INFO | SpawnProcess-2 | rnn_run5 | Epoch 068 | train_loss=17.1897 | train_acc=0.9573 | test_loss=3.1635 | test_acc=0.6845
2026-05-14 13:47:04,521 | INFO | SpawnProcess-5 | rnn_run3 | Epoch 107 | train_loss=13.1677 | train_acc=0.9679 | test_loss=2.8975 | test_acc=0.9019
2026-05-14 13:47:05,490 | INFO | SpawnProcess-4 | rnn_run4 | Epoch 097 | train_loss=11.1171 | train_acc=0.9727 | test_loss=2.4827 | test_acc=0.8422
2026-05-14 13:47:05,894 | INFO | SpawnProcess-3 | rnn_run1 | Epoch 171 | train_loss=9.0249 | train_acc=0.9775 | test_loss=2.6863 | test_acc=0.8976
2026-05-14 13:47:09,105 | INFO | SpawnProcess-1 | rnn_run2 | Epoch 150 | train_loss=10.9717 | train_acc=0.9720 | test_loss=3.1061 | test_acc=0.7198
2026-05-14 13:47:13,055 | INFO | SpawnProcess-5 | rnn_run3 | Epoch 108 | train_loss=13.1634 | train_acc=0.9686 | test_loss=2.7767 | test_acc=0.8536
2026-05-14 13:47:13,416 | INFO | SpawnProcess-2 | rnn_run5 | Epoch 069 | train_loss=17.8686 | train_acc=0.9553 | test_loss=3.6085 | test_acc=0.7782
2026-05-14 13:47:13,687 | INFO | SpawnProcess-3 | rnn_run1 | Epoch 172 | train_loss=8.6013 | train_acc=0.9782 | test_loss=2.2926 | test_acc=0.8576
2026-05-14 13:47:13,748 | INFO | SpawnProcess-4 | rnn_run4 | Epoch 098 | train_loss=10.5806 | train_acc=0.9742 | test_loss=2.6389 | test_acc=0.7857
2026-05-14 13:47:17,499 | INFO | SpawnProcess-1 | rnn_run2 | Epoch 151 | train_loss=11.5712 | train_acc=0.9707 | test_loss=2.4567 | test_acc=0.7079
2026-05-14 13:47:21,265 | INFO | SpawnProcess-5 | rnn_run3 | Epoch 109 | train_loss=13.2660 | train_acc=0.9691 | test_loss=3.2790 | test_acc=0.8732
2026-05-14 13:47:21,532 | INFO | SpawnProcess-4 | rnn_run4 | Epoch 099 | train_loss=11.2742 | train_acc=0.9721 | test_loss=2.3672 | test_acc=0.8002
2026-05-14 13:47:21,732 | INFO | SpawnProcess-3 | rnn_run1 | Epoch 173 | train_loss=9.3674 | train_acc=0.9767 | test_loss=3.1151 | test_acc=0.8840
2026-05-14 13:47:22,389 | INFO | SpawnProcess-2 | rnn_run5 | Epoch 070 | train_loss=17.3949 | train_acc=0.9571 | test_loss=4.3418 | test_acc=0.6512
2026-05-14 13:47:26,169 | INFO | SpawnProcess-1 | rnn_run2 | Epoch 152 | train_loss=11.6810 | train_acc=0.9700 | test_loss=2.6647 | test_acc=0.6672
2026-05-14 13:47:29,268 | INFO | SpawnProcess-5 | rnn_run3 | Epoch 110 | train_loss=14.0262 | train_acc=0.9667 | test_loss=3.0215 | test_acc=0.8561
2026-05-14 13:47:29,321 | INFO | SpawnProcess-3 | rnn_run1 | Epoch 174 | train_loss=9.0906 | train_acc=0.9772 | test_loss=2.5198 | test_acc=0.8184
2026-05-14 13:47:29,657 | INFO | SpawnProcess-4 | rnn_run4 | Epoch 100 | train_loss=11.1047 | train_acc=0.9725 | test_loss=2.4384 | test_acc=0.8401
2026-05-14 13:47:31,377 | INFO | SpawnProcess-2 | rnn_run5 | Epoch 071 | train_loss=17.4309 | train_acc=0.9565 | test_loss=3.0099 | test_acc=0.7132
2026-05-14 13:47:34,748 | INFO | SpawnProcess-1 | rnn_run2 | Epoch 153 | train_loss=10.9182 | train_acc=0.9722 | test_loss=2.6991 | test_acc=0.7277
2026-05-14 13:47:36,807 | INFO | SpawnProcess-3 | rnn_run1 | Epoch 175 | train_loss=8.6968 | train_acc=0.9778 | test_loss=2.5126 | test_acc=0.8978
2026-05-14 13:47:36,873 | INFO | SpawnProcess-5 | rnn_run3 | Epoch 111 | train_loss=12.9493 | train_acc=0.9691 | test_loss=2.8922 | test_acc=0.8286
2026-05-14 13:47:37,643 | INFO | SpawnProcess-4 | rnn_run4 | Epoch 101 | train_loss=10.6804 | train_acc=0.9736 | test_loss=2.5647 | test_acc=0.8675
2026-05-14 13:47:40,170 | INFO | SpawnProcess-2 | rnn_run5 | Epoch 072 | train_loss=16.6715 | train_acc=0.9585 | test_loss=3.3041 | test_acc=0.7082
2026-05-14 13:47:43,167 | INFO | SpawnProcess-1 | rnn_run2 | Epoch 154 | train_loss=11.3223 | train_acc=0.9709 | test_loss=2.4776 | test_acc=0.6628
2026-05-14 13:47:44,179 | INFO | SpawnProcess-3 | rnn_run1 | Epoch 176 | train_loss=8.9679 | train_acc=0.9774 | test_loss=2.1731 | test_acc=0.8828
2026-05-14 13:47:44,709 | INFO | SpawnProcess-5 | rnn_run3 | Epoch 112 | train_loss=12.1888 | train_acc=0.9708 | test_loss=2.8725 | test_acc=0.8064
2026-05-14 13:47:45,761 | INFO | SpawnProcess-4 | rnn_run4 | Epoch 102 | train_loss=10.7337 | train_acc=0.9735 | test_loss=2.7205 | test_acc=0.7990
2026-05-14 13:47:48,909 | INFO | SpawnProcess-2 | rnn_run5 | Epoch 073 | train_loss=16.5542 | train_acc=0.9588 | test_loss=3.1663 | test_acc=0.6989
2026-05-14 13:47:51,530 | INFO | SpawnProcess-1 | rnn_run2 | Epoch 155 | train_loss=10.7235 | train_acc=0.9732 | test_loss=2.4929 | test_acc=0.6851
2026-05-14 13:47:51,728 | INFO | SpawnProcess-3 | rnn_run1 | Epoch 177 | train_loss=8.5223 | train_acc=0.9783 | test_loss=2.5724 | test_acc=0.8877
2026-05-14 13:47:52,752 | INFO | SpawnProcess-5 | rnn_run3 | Epoch 113 | train_loss=13.4159 | train_acc=0.9685 | test_loss=2.6127 | test_acc=0.8854
2026-05-14 13:47:53,851 | INFO | SpawnProcess-4 | rnn_run4 | Epoch 103 | train_loss=10.6808 | train_acc=0.9740 | test_loss=3.1330 | test_acc=0.7256
2026-05-14 13:47:57,720 | INFO | SpawnProcess-2 | rnn_run5 | Epoch 074 | train_loss=16.9678 | train_acc=0.9582 | test_loss=3.2105 | test_acc=0.7216
2026-05-14 13:47:59,380 | INFO | SpawnProcess-3 | rnn_run1 | Epoch 178 | train_loss=9.8654 | train_acc=0.9750 | test_loss=2.5063 | test_acc=0.8670
2026-05-14 13:47:59,875 | INFO | SpawnProcess-1 | rnn_run2 | Epoch 156 | train_loss=10.8271 | train_acc=0.9723 | test_loss=2.5345 | test_acc=0.6827
2026-05-14 13:48:00,800 | INFO | SpawnProcess-5 | rnn_run3 | Epoch 114 | train_loss=12.3062 | train_acc=0.9713 | test_loss=2.7016 | test_acc=0.8595
2026-05-14 13:48:02,247 | INFO | SpawnProcess-4 | rnn_run4 | Epoch 104 | train_loss=11.5117 | train_acc=0.9713 | test_loss=2.5213 | test_acc=0.8538
2026-05-14 13:48:06,333 | INFO | SpawnProcess-2 | rnn_run5 | Epoch 075 | train_loss=17.5521 | train_acc=0.9556 | test_loss=3.0258 | test_acc=0.6756
2026-05-14 13:48:07,038 | INFO | SpawnProcess-3 | rnn_run1 | Epoch 179 | train_loss=8.8529 | train_acc=0.9777 | test_loss=2.5242 | test_acc=0.8747
2026-05-14 13:48:08,423 | INFO | SpawnProcess-1 | rnn_run2 | Epoch 157 | train_loss=10.9383 | train_acc=0.9717 | test_loss=2.6603 | test_acc=0.6177
2026-05-14 13:48:08,476 | INFO | SpawnProcess-5 | rnn_run3 | Epoch 115 | train_loss=12.6203 | train_acc=0.9697 | test_loss=3.2216 | test_acc=0.8932
2026-05-14 13:48:10,650 | INFO | SpawnProcess-4 | rnn_run4 | Epoch 105 | train_loss=10.9182 | train_acc=0.9731 | test_loss=2.9391 | test_acc=0.8204
2026-05-14 13:48:14,578 | INFO | SpawnProcess-3 | rnn_run1 | Epoch 180 | train_loss=8.4735 | train_acc=0.9782 | test_loss=2.1747 | test_acc=0.8774
2026-05-14 13:48:14,687 | INFO | SpawnProcess-2 | rnn_run5 | Epoch 076 | train_loss=15.8219 | train_acc=0.9599 | test_loss=3.1666 | test_acc=0.6897
2026-05-14 13:48:16,621 | INFO | SpawnProcess-5 | rnn_run3 | Epoch 116 | train_loss=13.5066 | train_acc=0.9676 | test_loss=2.8597 | test_acc=0.9055
2026-05-14 13:48:16,828 | INFO | SpawnProcess-1 | rnn_run2 | Epoch 158 | train_loss=10.8667 | train_acc=0.9725 | test_loss=2.5369 | test_acc=0.6714
2026-05-14 13:48:18,879 | INFO | SpawnProcess-4 | rnn_run4 | Epoch 106 | train_loss=10.7142 | train_acc=0.9732 | test_loss=3.0548 | test_acc=0.7193
2026-05-14 13:48:22,495 | INFO | SpawnProcess-3 | rnn_run1 | Epoch 181 | train_loss=8.6836 | train_acc=0.9779 | test_loss=2.2066 | test_acc=0.8605
2026-05-14 13:48:23,082 | INFO | SpawnProcess-2 | rnn_run5 | Epoch 077 | train_loss=16.5435 | train_acc=0.9587 | test_loss=3.2003 | test_acc=0.7472
2026-05-14 13:48:24,593 | INFO | SpawnProcess-5 | rnn_run3 | Epoch 117 | train_loss=12.0682 | train_acc=0.9710 | test_loss=2.7879 | test_acc=0.8346
2026-05-14 13:48:25,339 | INFO | SpawnProcess-1 | rnn_run2 | Epoch 159 | train_loss=10.4562 | train_acc=0.9736 | test_loss=2.3429 | test_acc=0.6672
2026-05-14 13:48:27,201 | INFO | SpawnProcess-4 | rnn_run4 | Epoch 107 | train_loss=10.5169 | train_acc=0.9738 | test_loss=2.4185 | test_acc=0.8245
2026-05-14 13:48:30,213 | INFO | SpawnProcess-3 | rnn_run1 | Epoch 182 | train_loss=8.4180 | train_acc=0.9778 | test_loss=2.7004 | test_acc=0.8669
2026-05-14 13:48:31,369 | INFO | SpawnProcess-2 | rnn_run5 | Epoch 078 | train_loss=16.0478 | train_acc=0.9599 | test_loss=3.0815 | test_acc=0.6711
2026-05-14 13:48:32,706 | INFO | SpawnProcess-5 | rnn_run3 | Epoch 118 | train_loss=13.2445 | train_acc=0.9686 | test_loss=2.9891 | test_acc=0.8281
2026-05-14 13:48:33,670 | INFO | SpawnProcess-1 | rnn_run2 | Epoch 160 | train_loss=11.1530 | train_acc=0.9719 | test_loss=3.1432 | test_acc=0.6031
2026-05-14 13:48:35,383 | INFO | SpawnProcess-4 | rnn_run4 | Epoch 108 | train_loss=10.3272 | train_acc=0.9745 | test_loss=2.4994 | test_acc=0.8083
2026-05-14 13:48:37,737 | INFO | SpawnProcess-3 | rnn_run1 | Epoch 183 | train_loss=8.5768 | train_acc=0.9783 | test_loss=2.3676 | test_acc=0.8849
2026-05-14 13:48:39,567 | INFO | SpawnProcess-2 | rnn_run5 | Epoch 079 | train_loss=16.4412 | train_acc=0.9589 | test_loss=3.1005 | test_acc=0.6628
2026-05-14 13:48:40,752 | INFO | SpawnProcess-5 | rnn_run3 | Epoch 119 | train_loss=12.1357 | train_acc=0.9718 | test_loss=2.6501 | test_acc=0.8513
2026-05-14 13:48:42,045 | INFO | SpawnProcess-1 | rnn_run2 | Epoch 161 | train_loss=10.6679 | train_acc=0.9728 | test_loss=2.4131 | test_acc=0.6515
2026-05-14 13:48:43,407 | INFO | SpawnProcess-4 | rnn_run4 | Epoch 109 | train_loss=10.8515 | train_acc=0.9731 | test_loss=4.1493 | test_acc=0.7907
2026-05-14 13:48:45,663 | INFO | SpawnProcess-3 | rnn_run1 | Epoch 184 | train_loss=8.4167 | train_acc=0.9790 | test_loss=2.8520 | test_acc=0.8610
2026-05-14 13:48:47,555 | INFO | SpawnProcess-2 | rnn_run5 | Epoch 080 | train_loss=16.0876 | train_acc=0.9606 | test_loss=2.8716 | test_acc=0.7355
2026-05-14 13:48:48,924 | INFO | SpawnProcess-5 | rnn_run3 | Epoch 120 | train_loss=12.5064 | train_acc=0.9702 | test_loss=2.8109 | test_acc=0.8559
2026-05-14 13:48:50,447 | INFO | SpawnProcess-1 | rnn_run2 | Epoch 162 | train_loss=10.5749 | train_acc=0.9731 | test_loss=2.4326 | test_acc=0.6324
2026-05-14 13:48:51,703 | INFO | SpawnProcess-4 | rnn_run4 | Epoch 110 | train_loss=10.8461 | train_acc=0.9730 | test_loss=2.5209 | test_acc=0.8045
2026-05-14 13:48:53,496 | INFO | SpawnProcess-3 | rnn_run1 | Epoch 185 | train_loss=8.4128 | train_acc=0.9787 | test_loss=2.2912 | test_acc=0.9149
2026-05-14 13:48:55,752 | INFO | SpawnProcess-2 | rnn_run5 | Epoch 081 | train_loss=16.3226 | train_acc=0.9592 | test_loss=3.3066 | test_acc=0.7683
2026-05-14 13:48:57,037 | INFO | SpawnProcess-5 | rnn_run3 | Epoch 121 | train_loss=12.1593 | train_acc=0.9708 | test_loss=2.3798 | test_acc=0.8510
2026-05-14 13:48:59,439 | INFO | SpawnProcess-1 | rnn_run2 | Epoch 163 | train_loss=10.1865 | train_acc=0.9744 | test_loss=2.7891 | test_acc=0.6117
2026-05-14 13:48:59,745 | INFO | SpawnProcess-4 | rnn_run4 | Epoch 111 | train_loss=10.1686 | train_acc=0.9747 | test_loss=2.3873 | test_acc=0.8289
2026-05-14 13:49:01,038 | INFO | SpawnProcess-3 | rnn_run1 | Epoch 186 | train_loss=8.2781 | train_acc=0.9788 | test_loss=3.0758 | test_acc=0.8900
2026-05-14 13:49:04,017 | INFO | SpawnProcess-2 | rnn_run5 | Epoch 082 | train_loss=16.1998 | train_acc=0.9599 | test_loss=3.2949 | test_acc=0.7849
2026-05-14 13:49:05,067 | INFO | SpawnProcess-5 | rnn_run3 | Epoch 122 | train_loss=11.4054 | train_acc=0.9731 | test_loss=2.6463 | test_acc=0.8872
2026-05-14 13:49:07,854 | INFO | SpawnProcess-4 | rnn_run4 | Epoch 112 | train_loss=10.1317 | train_acc=0.9756 | test_loss=2.6501 | test_acc=0.8211
2026-05-14 13:49:07,983 | INFO | SpawnProcess-1 | rnn_run2 | Epoch 164 | train_loss=10.7629 | train_acc=0.9728 | test_loss=2.4303 | test_acc=0.6312
2026-05-14 13:49:08,922 | INFO | SpawnProcess-3 | rnn_run1 | Epoch 187 | train_loss=9.2246 | train_acc=0.9768 | test_loss=2.7065 | test_acc=0.8891
2026-05-14 13:49:11,996 | INFO | SpawnProcess-2 | rnn_run5 | Epoch 083 | train_loss=15.8975 | train_acc=0.9603 | test_loss=3.1136 | test_acc=0.7215
2026-05-14 13:49:13,001 | INFO | SpawnProcess-5 | rnn_run3 | Epoch 123 | train_loss=12.2237 | train_acc=0.9711 | test_loss=2.6619 | test_acc=0.8187
2026-05-14 13:49:15,944 | INFO | SpawnProcess-4 | rnn_run4 | Epoch 113 | train_loss=10.3443 | train_acc=0.9746 | test_loss=2.9502 | test_acc=0.8209
2026-05-14 13:49:16,481 | INFO | SpawnProcess-3 | rnn_run1 | Epoch 188 | train_loss=8.9658 | train_acc=0.9776 | test_loss=2.3679 | test_acc=0.8574
2026-05-14 13:49:16,492 | INFO | SpawnProcess-1 | rnn_run2 | Epoch 165 | train_loss=11.3179 | train_acc=0.9712 | test_loss=2.7720 | test_acc=0.7316
2026-05-14 13:49:20,170 | INFO | SpawnProcess-2 | rnn_run5 | Epoch 084 | train_loss=15.8794 | train_acc=0.9612 | test_loss=3.2900 | test_acc=0.7170
2026-05-14 13:49:21,042 | INFO | SpawnProcess-5 | rnn_run3 | Epoch 124 | train_loss=13.1719 | train_acc=0.9681 | test_loss=2.7274 | test_acc=0.8354
2026-05-14 13:49:23,678 | INFO | SpawnProcess-4 | rnn_run4 | Epoch 114 | train_loss=10.4326 | train_acc=0.9738 | test_loss=2.4374 | test_acc=0.7662
2026-05-14 13:49:24,121 | INFO | SpawnProcess-3 | rnn_run1 | Epoch 189 | train_loss=9.4640 | train_acc=0.9759 | test_loss=2.2065 | test_acc=0.8709
2026-05-14 13:49:25,187 | INFO | SpawnProcess-1 | rnn_run2 | Epoch 166 | train_loss=11.6324 | train_acc=0.9704 | test_loss=3.3133 | test_acc=0.7016
2026-05-14 13:49:28,458 | INFO | SpawnProcess-2 | rnn_run5 | Epoch 085 | train_loss=15.6160 | train_acc=0.9606 | test_loss=3.0833 | test_acc=0.6954
2026-05-14 13:49:29,203 | INFO | SpawnProcess-5 | rnn_run3 | Epoch 125 | train_loss=11.6420 | train_acc=0.9724 | test_loss=2.6587 | test_acc=0.8853
2026-05-14 13:49:31,728 | INFO | SpawnProcess-3 | rnn_run1 | Epoch 190 | train_loss=7.9853 | train_acc=0.9799 | test_loss=2.6385 | test_acc=0.8871
2026-05-14 13:49:31,809 | INFO | SpawnProcess-4 | rnn_run4 | Epoch 115 | train_loss=10.2526 | train_acc=0.9744 | test_loss=2.3164 | test_acc=0.8574
2026-05-14 13:49:33,896 | INFO | SpawnProcess-1 | rnn_run2 | Epoch 167 | train_loss=10.7490 | train_acc=0.9724 | test_loss=2.3084 | test_acc=0.6731
2026-05-14 13:49:36,473 | INFO | SpawnProcess-2 | rnn_run5 | Epoch 086 | train_loss=15.5455 | train_acc=0.9613 | test_loss=3.1437 | test_acc=0.7622
2026-05-14 13:49:37,270 | INFO | SpawnProcess-5 | rnn_run3 | Epoch 126 | train_loss=12.3150 | train_acc=0.9702 | test_loss=2.7204 | test_acc=0.9069
2026-05-14 13:49:39,447 | INFO | SpawnProcess-3 | rnn_run1 | Epoch 191 | train_loss=8.8906 | train_acc=0.9775 | test_loss=2.2046 | test_acc=0.8820
2026-05-14 13:49:39,848 | INFO | SpawnProcess-4 | rnn_run4 | Epoch 116 | train_loss=10.0270 | train_acc=0.9748 | test_loss=2.9134 | test_acc=0.8460
2026-05-14 13:49:42,483 | INFO | SpawnProcess-1 | rnn_run2 | Epoch 168 | train_loss=10.4588 | train_acc=0.9729 | test_loss=2.5805 | test_acc=0.6753
2026-05-14 13:49:44,501 | INFO | SpawnProcess-2 | rnn_run5 | Epoch 087 | train_loss=15.6305 | train_acc=0.9606 | test_loss=3.5925 | test_acc=0.6823
2026-05-14 13:49:45,379 | INFO | SpawnProcess-5 | rnn_run3 | Epoch 127 | train_loss=11.7960 | train_acc=0.9725 | test_loss=2.8605 | test_acc=0.8797
2026-05-14 13:49:47,174 | INFO | SpawnProcess-3 | rnn_run1 | Epoch 192 | train_loss=7.5125 | train_acc=0.9813 | test_loss=2.3102 | test_acc=0.8556
2026-05-14 13:49:47,868 | INFO | SpawnProcess-4 | rnn_run4 | Epoch 117 | train_loss=9.6722 | train_acc=0.9759 | test_loss=2.3468 | test_acc=0.8733
2026-05-14 13:49:51,057 | INFO | SpawnProcess-1 | rnn_run2 | Epoch 169 | train_loss=10.4969 | train_acc=0.9731 | test_loss=2.4685 | test_acc=0.7020
2026-05-14 13:49:52,905 | INFO | SpawnProcess-2 | rnn_run5 | Epoch 088 | train_loss=15.8823 | train_acc=0.9604 | test_loss=3.5642 | test_acc=0.7128
2026-05-14 13:49:53,416 | INFO | SpawnProcess-5 | rnn_run3 | Epoch 128 | train_loss=12.1579 | train_acc=0.9709 | test_loss=2.5191 | test_acc=0.8823
2026-05-14 13:49:55,316 | INFO | SpawnProcess-3 | rnn_run1 | Epoch 193 | train_loss=8.3626 | train_acc=0.9792 | test_loss=3.1422 | test_acc=0.8143
2026-05-14 13:49:55,980 | INFO | SpawnProcess-4 | rnn_run4 | Epoch 118 | train_loss=10.1878 | train_acc=0.9751 | test_loss=2.7926 | test_acc=0.8574
2026-05-14 13:49:59,610 | INFO | SpawnProcess-1 | rnn_run2 | Epoch 170 | train_loss=10.9834 | train_acc=0.9719 | test_loss=2.3972 | test_acc=0.6370
2026-05-14 13:50:00,939 | INFO | SpawnProcess-2 | rnn_run5 | Epoch 089 | train_loss=16.1316 | train_acc=0.9590 | test_loss=2.9491 | test_acc=0.7626
2026-05-14 13:50:01,254 | INFO | SpawnProcess-5 | rnn_run3 | Epoch 129 | train_loss=11.9563 | train_acc=0.9715 | test_loss=2.5297 | test_acc=0.8861
2026-05-14 13:50:03,186 | INFO | SpawnProcess-3 | rnn_run1 | Epoch 194 | train_loss=9.2949 | train_acc=0.9770 | test_loss=2.2274 | test_acc=0.9017
2026-05-14 13:50:04,032 | INFO | SpawnProcess-4 | rnn_run4 | Epoch 119 | train_loss=10.2038 | train_acc=0.9751 | test_loss=2.4036 | test_acc=0.8095
2026-05-14 13:50:07,921 | INFO | SpawnProcess-1 | rnn_run2 | Epoch 171 | train_loss=10.0016 | train_acc=0.9741 | test_loss=2.6450 | test_acc=0.6222
2026-05-14 13:50:09,080 | INFO | SpawnProcess-2 | rnn_run5 | Epoch 090 | train_loss=14.8208 | train_acc=0.9628 | test_loss=2.8835 | test_acc=0.7002
2026-05-14 13:50:09,264 | INFO | SpawnProcess-5 | rnn_run3 | Epoch 130 | train_loss=11.6056 | train_acc=0.9728 | test_loss=2.5484 | test_acc=0.8535
2026-05-14 13:50:11,104 | INFO | SpawnProcess-3 | rnn_run1 | Epoch 195 | train_loss=8.0474 | train_acc=0.9799 | test_loss=2.2492 | test_acc=0.8804
2026-05-14 13:50:12,117 | INFO | SpawnProcess-4 | rnn_run4 | Epoch 120 | train_loss=10.7043 | train_acc=0.9735 | test_loss=2.2976 | test_acc=0.8230
2026-05-14 13:50:16,121 | INFO | SpawnProcess-1 | rnn_run2 | Epoch 172 | train_loss=10.6055 | train_acc=0.9731 | test_loss=2.9960 | test_acc=0.6238
2026-05-14 13:50:17,204 | INFO | SpawnProcess-5 | rnn_run3 | Epoch 131 | train_loss=11.7053 | train_acc=0.9722 | test_loss=2.8275 | test_acc=0.8328
2026-05-14 13:50:17,328 | INFO | SpawnProcess-2 | rnn_run5 | Epoch 091 | train_loss=15.1527 | train_acc=0.9611 | test_loss=3.0802 | test_acc=0.7397
2026-05-14 13:50:19,194 | INFO | SpawnProcess-3 | rnn_run1 | Epoch 196 | train_loss=8.2660 | train_acc=0.9796 | test_loss=2.1456 | test_acc=0.8575
2026-05-14 13:50:19,913 | INFO | SpawnProcess-4 | rnn_run4 | Epoch 121 | train_loss=9.2182 | train_acc=0.9770 | test_loss=2.7808 | test_acc=0.8670
2026-05-14 13:50:24,280 | INFO | SpawnProcess-1 | rnn_run2 | Epoch 173 | train_loss=10.1961 | train_acc=0.9737 | test_loss=2.4949 | test_acc=0.6524
2026-05-14 13:50:25,191 | INFO | SpawnProcess-5 | rnn_run3 | Epoch 132 | train_loss=11.7425 | train_acc=0.9718 | test_loss=2.5297 | test_acc=0.8470
2026-05-14 13:50:25,251 | INFO | SpawnProcess-2 | rnn_run5 | Epoch 092 | train_loss=14.8083 | train_acc=0.9633 | test_loss=2.9080 | test_acc=0.7404
2026-05-14 13:50:27,007 | INFO | SpawnProcess-3 | rnn_run1 | Epoch 197 | train_loss=8.2886 | train_acc=0.9789 | test_loss=2.7258 | test_acc=0.8805
2026-05-14 13:50:27,635 | INFO | SpawnProcess-4 | rnn_run4 | Epoch 122 | train_loss=9.6562 | train_acc=0.9760 | test_loss=2.9919 | test_acc=0.8669
2026-05-14 13:50:32,669 | INFO | SpawnProcess-1 | rnn_run2 | Epoch 174 | train_loss=10.3454 | train_acc=0.9736 | test_loss=2.6862 | test_acc=0.6552
2026-05-14 13:50:33,492 | INFO | SpawnProcess-5 | rnn_run3 | Epoch 133 | train_loss=11.4071 | train_acc=0.9725 | test_loss=2.4113 | test_acc=0.8613
2026-05-14 13:50:33,710 | INFO | SpawnProcess-2 | rnn_run5 | Epoch 093 | train_loss=14.7365 | train_acc=0.9631 | test_loss=2.9971 | test_acc=0.6646
2026-05-14 13:50:35,208 | INFO | SpawnProcess-3 | rnn_run1 | Epoch 198 | train_loss=7.9465 | train_acc=0.9798 | test_loss=2.4403 | test_acc=0.8954
2026-05-14 13:50:35,692 | INFO | SpawnProcess-4 | rnn_run4 | Epoch 123 | train_loss=10.1639 | train_acc=0.9751 | test_loss=2.5088 | test_acc=0.8220
2026-05-14 13:50:41,327 | INFO | SpawnProcess-1 | rnn_run2 | Epoch 175 | train_loss=10.7972 | train_acc=0.9717 | test_loss=2.5090 | test_acc=0.6782
2026-05-14 13:50:41,445 | INFO | SpawnProcess-5 | rnn_run3 | Epoch 134 | train_loss=11.6823 | train_acc=0.9717 | test_loss=2.5337 | test_acc=0.8611
2026-05-14 13:50:41,984 | INFO | SpawnProcess-2 | rnn_run5 | Epoch 094 | train_loss=14.7800 | train_acc=0.9630 | test_loss=3.1712 | test_acc=0.7469
2026-05-14 13:50:42,817 | INFO | SpawnProcess-3 | rnn_run1 | Epoch 199 | train_loss=8.2803 | train_acc=0.9796 | test_loss=2.2878 | test_acc=0.8638
2026-05-14 13:50:43,807 | INFO | SpawnProcess-4 | rnn_run4 | Epoch 124 | train_loss=9.0455 | train_acc=0.9773 | test_loss=3.3905 | test_acc=0.8404
2026-05-14 13:50:49,448 | INFO | SpawnProcess-1 | rnn_run2 | Epoch 176 | train_loss=9.9490 | train_acc=0.9745 | test_loss=2.4220 | test_acc=0.6729
2026-05-14 13:50:49,578 | INFO | SpawnProcess-5 | rnn_run3 | Epoch 135 | train_loss=10.8449 | train_acc=0.9740 | test_loss=2.5695 | test_acc=0.8303
2026-05-14 13:50:50,067 | INFO | SpawnProcess-2 | rnn_run5 | Epoch 095 | train_loss=14.9288 | train_acc=0.9621 | test_loss=3.2123 | test_acc=0.7141
2026-05-14 13:50:50,485 | INFO | SpawnProcess-3 | rnn_run1 | Epoch 200 | train_loss=8.4069 | train_acc=0.9785 | test_loss=2.5918 | test_acc=0.8066
2026-05-14 13:50:52,031 | INFO | SpawnProcess-4 | rnn_run4 | Epoch 125 | train_loss=10.2415 | train_acc=0.9740 | test_loss=2.4006 | test_acc=0.8102
2026-05-14 13:50:57,571 | INFO | SpawnProcess-5 | rnn_run3 | Epoch 136 | train_loss=11.4292 | train_acc=0.9726 | test_loss=2.8177 | test_acc=0.8895
2026-05-14 13:50:57,769 | INFO | SpawnProcess-3 | rnn_run1 | Epoch 201 | train_loss=8.3786 | train_acc=0.9799 | test_loss=2.4759 | test_acc=0.8933
2026-05-14 13:50:57,922 | INFO | SpawnProcess-1 | rnn_run2 | Epoch 177 | train_loss=10.4349 | train_acc=0.9736 | test_loss=2.6268 | test_acc=0.7156
2026-05-14 13:50:58,429 | INFO | SpawnProcess-2 | rnn_run5 | Epoch 096 | train_loss=14.7905 | train_acc=0.9627 | test_loss=3.2317 | test_acc=0.7042
2026-05-14 13:51:00,154 | INFO | SpawnProcess-4 | rnn_run4 | Epoch 126 | train_loss=9.2989 | train_acc=0.9775 | test_loss=2.6604 | test_acc=0.8147
2026-05-14 13:51:05,517 | INFO | SpawnProcess-3 | rnn_run1 | Epoch 202 | train_loss=7.6223 | train_acc=0.9808 | test_loss=2.4034 | test_acc=0.8896
2026-05-14 13:51:05,724 | INFO | SpawnProcess-5 | rnn_run3 | Epoch 137 | train_loss=12.0046 | train_acc=0.9715 | test_loss=2.5478 | test_acc=0.8732
2026-05-14 13:51:06,239 | INFO | SpawnProcess-1 | rnn_run2 | Epoch 178 | train_loss=9.9668 | train_acc=0.9750 | test_loss=2.2888 | test_acc=0.6827
2026-05-14 13:51:06,831 | INFO | SpawnProcess-2 | rnn_run5 | Epoch 097 | train_loss=15.2822 | train_acc=0.9620 | test_loss=2.8915 | test_acc=0.6911
2026-05-14 13:51:08,371 | INFO | SpawnProcess-4 | rnn_run4 | Epoch 127 | train_loss=10.3518 | train_acc=0.9744 | test_loss=2.5717 | test_acc=0.8329
2026-05-14 13:51:13,239 | INFO | SpawnProcess-3 | rnn_run1 | Epoch 203 | train_loss=7.9328 | train_acc=0.9801 | test_loss=2.3297 | test_acc=0.8862
2026-05-14 13:51:13,986 | INFO | SpawnProcess-5 | rnn_run3 | Epoch 138 | train_loss=11.3988 | train_acc=0.9726 | test_loss=2.7924 | test_acc=0.8444
2026-05-14 13:51:14,781 | INFO | SpawnProcess-1 | rnn_run2 | Epoch 179 | train_loss=9.7651 | train_acc=0.9755 | test_loss=2.6313 | test_acc=0.6261
2026-05-14 13:51:15,167 | INFO | SpawnProcess-2 | rnn_run5 | Epoch 098 | train_loss=14.7903 | train_acc=0.9624 | test_loss=3.8355 | test_acc=0.6401
2026-05-14 13:51:16,286 | INFO | SpawnProcess-4 | rnn_run4 | Epoch 128 | train_loss=9.4502 | train_acc=0.9765 | test_loss=2.5236 | test_acc=0.8534
2026-05-14 13:51:20,977 | INFO | SpawnProcess-3 | rnn_run1 | Epoch 204 | train_loss=8.0154 | train_acc=0.9800 | test_loss=2.2277 | test_acc=0.8855
2026-05-14 13:51:22,181 | INFO | SpawnProcess-5 | rnn_run3 | Epoch 139 | train_loss=11.9927 | train_acc=0.9713 | test_loss=3.1113 | test_acc=0.8716
2026-05-14 13:51:23,145 | INFO | SpawnProcess-1 | rnn_run2 | Epoch 180 | train_loss=9.7118 | train_acc=0.9749 | test_loss=2.8278 | test_acc=0.6993
2026-05-14 13:51:23,465 | INFO | SpawnProcess-2 | rnn_run5 | Epoch 099 | train_loss=15.1426 | train_acc=0.9630 | test_loss=3.1519 | test_acc=0.7006
2026-05-14 13:51:24,184 | INFO | SpawnProcess-4 | rnn_run4 | Epoch 129 | train_loss=9.2819 | train_acc=0.9766 | test_loss=2.6443 | test_acc=0.8513
2026-05-14 13:51:29,011 | INFO | SpawnProcess-3 | rnn_run1 | Epoch 205 | train_loss=8.3343 | train_acc=0.9791 | test_loss=2.3848 | test_acc=0.8304
2026-05-14 13:51:30,529 | INFO | SpawnProcess-5 | rnn_run3 | Epoch 140 | train_loss=11.0419 | train_acc=0.9738 | test_loss=2.4679 | test_acc=0.8168
2026-05-14 13:51:31,458 | INFO | SpawnProcess-1 | rnn_run2 | Epoch 181 | train_loss=10.2236 | train_acc=0.9736 | test_loss=2.6967 | test_acc=0.6240
2026-05-14 13:51:31,714 | INFO | SpawnProcess-2 | rnn_run5 | Epoch 100 | train_loss=14.5337 | train_acc=0.9639 | test_loss=3.3503 | test_acc=0.6660
2026-05-14 13:51:32,369 | INFO | SpawnProcess-4 | rnn_run4 | Epoch 130 | train_loss=9.4332 | train_acc=0.9766 | test_loss=2.6193 | test_acc=0.8457
2026-05-14 13:51:37,025 | INFO | SpawnProcess-3 | rnn_run1 | Epoch 206 | train_loss=8.2765 | train_acc=0.9795 | test_loss=2.3862 | test_acc=0.8731
2026-05-14 13:51:38,574 | INFO | SpawnProcess-5 | rnn_run3 | Epoch 141 | train_loss=10.9222 | train_acc=0.9736 | test_loss=3.0412 | test_acc=0.7914
2026-05-14 13:51:39,739 | INFO | SpawnProcess-2 | rnn_run5 | Epoch 101 | train_loss=13.7103 | train_acc=0.9653 | test_loss=3.1746 | test_acc=0.7660
2026-05-14 13:51:39,957 | INFO | SpawnProcess-1 | rnn_run2 | Epoch 182 | train_loss=9.9528 | train_acc=0.9747 | test_loss=2.8318 | test_acc=0.7480
2026-05-14 13:51:39,961 | INFO | SpawnProcess-4 | rnn_run4 | Epoch 131 | train_loss=8.9421 | train_acc=0.9776 | test_loss=2.4751 | test_acc=0.8743
2026-05-14 13:51:44,505 | INFO | SpawnProcess-3 | rnn_run1 | Epoch 207 | train_loss=7.9751 | train_acc=0.9801 | test_loss=2.5743 | test_acc=0.9107
2026-05-14 13:51:45,939 | INFO | SpawnProcess-5 | rnn_run3 | Epoch 142 | train_loss=11.5306 | train_acc=0.9724 | test_loss=3.3603 | test_acc=0.9249
2026-05-14 13:51:47,560 | INFO | SpawnProcess-4 | rnn_run4 | Epoch 132 | train_loss=9.8215 | train_acc=0.9754 | test_loss=2.5437 | test_acc=0.7669
2026-05-14 13:51:47,851 | INFO | SpawnProcess-2 | rnn_run5 | Epoch 102 | train_loss=14.0369 | train_acc=0.9643 | test_loss=2.6584 | test_acc=0.7383
2026-05-14 13:51:48,073 | INFO | SpawnProcess-1 | rnn_run2 | Epoch 183 | train_loss=9.5489 | train_acc=0.9753 | test_loss=2.3287 | test_acc=0.6536
2026-05-14 13:51:52,231 | INFO | SpawnProcess-3 | rnn_run1 | Epoch 208 | train_loss=8.2912 | train_acc=0.9795 | test_loss=2.3553 | test_acc=0.8922
2026-05-14 13:51:53,542 | INFO | SpawnProcess-5 | rnn_run3 | Epoch 143 | train_loss=11.5296 | train_acc=0.9724 | test_loss=2.6194 | test_acc=0.8966
2026-05-14 13:51:55,702 | INFO | SpawnProcess-4 | rnn_run4 | Epoch 133 | train_loss=9.8947 | train_acc=0.9753 | test_loss=2.6162 | test_acc=0.7861
2026-05-14 13:51:56,258 | INFO | SpawnProcess-2 | rnn_run5 | Epoch 103 | train_loss=13.4799 | train_acc=0.9662 | test_loss=3.1291 | test_acc=0.7435
2026-05-14 13:51:56,705 | INFO | SpawnProcess-1 | rnn_run2 | Epoch 184 | train_loss=9.6318 | train_acc=0.9754 | test_loss=2.3064 | test_acc=0.6675
2026-05-14 13:51:59,888 | INFO | SpawnProcess-3 | rnn_run1 | Epoch 209 | train_loss=8.2281 | train_acc=0.9795 | test_loss=2.5193 | test_acc=0.8839
2026-05-14 13:52:01,157 | INFO | SpawnProcess-5 | rnn_run3 | Epoch 144 | train_loss=11.1680 | train_acc=0.9735 | test_loss=3.3317 | test_acc=0.8959
2026-05-14 13:52:03,649 | INFO | SpawnProcess-4 | rnn_run4 | Epoch 134 | train_loss=9.6755 | train_acc=0.9756 | test_loss=3.1527 | test_acc=0.8082
2026-05-14 13:52:04,559 | INFO | SpawnProcess-2 | rnn_run5 | Epoch 104 | train_loss=14.4874 | train_acc=0.9642 | test_loss=2.9610 | test_acc=0.7415
2026-05-14 13:52:05,208 | INFO | SpawnProcess-1 | rnn_run2 | Epoch 185 | train_loss=9.4149 | train_acc=0.9758 | test_loss=2.5932 | test_acc=0.6694
2026-05-14 13:52:07,629 | INFO | SpawnProcess-3 | rnn_run1 | Epoch 210 | train_loss=7.9810 | train_acc=0.9797 | test_loss=2.3380 | test_acc=0.8896
2026-05-14 13:52:09,101 | INFO | SpawnProcess-5 | rnn_run3 | Epoch 145 | train_loss=11.3874 | train_acc=0.9729 | test_loss=2.8067 | test_acc=0.8418
2026-05-14 13:52:12,017 | INFO | SpawnProcess-4 | rnn_run4 | Epoch 135 | train_loss=9.6124 | train_acc=0.9763 | test_loss=2.6512 | test_acc=0.8155
2026-05-14 13:52:12,737 | INFO | SpawnProcess-2 | rnn_run5 | Epoch 105 | train_loss=14.1626 | train_acc=0.9650 | test_loss=2.9966 | test_acc=0.7670
2026-05-14 13:52:13,813 | INFO | SpawnProcess-1 | rnn_run2 | Epoch 186 | train_loss=9.8068 | train_acc=0.9747 | test_loss=2.4424 | test_acc=0.6894
2026-05-14 13:52:15,371 | INFO | SpawnProcess-3 | rnn_run1 | Epoch 211 | train_loss=7.8396 | train_acc=0.9797 | test_loss=2.3014 | test_acc=0.8709
2026-05-14 13:52:17,233 | INFO | SpawnProcess-5 | rnn_run3 | Epoch 146 | train_loss=11.3816 | train_acc=0.9735 | test_loss=2.4149 | test_acc=0.8901
2026-05-14 13:52:19,968 | INFO | SpawnProcess-4 | rnn_run4 | Epoch 136 | train_loss=9.4342 | train_acc=0.9762 | test_loss=2.3444 | test_acc=0.8326
2026-05-14 13:52:20,804 | INFO | SpawnProcess-2 | rnn_run5 | Epoch 106 | train_loss=13.9262 | train_acc=0.9652 | test_loss=2.6971 | test_acc=0.7172
2026-05-14 13:52:22,585 | INFO | SpawnProcess-1 | rnn_run2 | Epoch 187 | train_loss=9.1354 | train_acc=0.9765 | test_loss=2.4077 | test_acc=0.6781
2026-05-14 13:52:23,146 | INFO | SpawnProcess-3 | rnn_run1 | Epoch 212 | train_loss=7.5455 | train_acc=0.9817 | test_loss=2.1115 | test_acc=0.8778
2026-05-14 13:52:25,222 | INFO | SpawnProcess-5 | rnn_run3 | Epoch 147 | train_loss=10.3320 | train_acc=0.9756 | test_loss=3.1239 | test_acc=0.8550
2026-05-14 13:52:28,163 | INFO | SpawnProcess-4 | rnn_run4 | Epoch 137 | train_loss=9.3456 | train_acc=0.9771 | test_loss=2.4662 | test_acc=0.8547
2026-05-14 13:52:29,030 | INFO | SpawnProcess-2 | rnn_run5 | Epoch 107 | train_loss=13.8509 | train_acc=0.9644 | test_loss=2.9755 | test_acc=0.7151
2026-05-14 13:52:30,693 | INFO | SpawnProcess-3 | rnn_run1 | Epoch 213 | train_loss=7.8024 | train_acc=0.9806 | test_loss=2.3618 | test_acc=0.8457
2026-05-14 13:52:30,991 | INFO | SpawnProcess-1 | rnn_run2 | Epoch 188 | train_loss=9.8118 | train_acc=0.9751 | test_loss=2.3509 | test_acc=0.6973
2026-05-14 13:52:33,211 | INFO | SpawnProcess-5 | rnn_run3 | Epoch 148 | train_loss=10.0040 | train_acc=0.9761 | test_loss=2.6952 | test_acc=0.8055
2026-05-14 13:52:36,247 | INFO | SpawnProcess-4 | rnn_run4 | Epoch 138 | train_loss=9.2974 | train_acc=0.9767 | test_loss=2.6151 | test_acc=0.8323
2026-05-14 13:52:37,181 | INFO | SpawnProcess-2 | rnn_run5 | Epoch 108 | train_loss=13.2097 | train_acc=0.9671 | test_loss=2.9200 | test_acc=0.7165
2026-05-14 13:52:38,223 | INFO | SpawnProcess-3 | rnn_run1 | Epoch 214 | train_loss=7.6528 | train_acc=0.9804 | test_loss=2.6753 | test_acc=0.8696
2026-05-14 13:52:39,229 | INFO | SpawnProcess-1 | rnn_run2 | Epoch 189 | train_loss=10.2138 | train_acc=0.9732 | test_loss=2.4869 | test_acc=0.6642
2026-05-14 13:52:41,203 | INFO | SpawnProcess-5 | rnn_run3 | Epoch 149 | train_loss=11.1268 | train_acc=0.9739 | test_loss=2.9234 | test_acc=0.8576
2026-05-14 13:52:44,410 | INFO | SpawnProcess-4 | rnn_run4 | Epoch 139 | train_loss=8.6159 | train_acc=0.9784 | test_loss=2.3945 | test_acc=0.8447
2026-05-14 13:52:45,489 | INFO | SpawnProcess-2 | rnn_run5 | Epoch 109 | train_loss=13.7700 | train_acc=0.9650 | test_loss=2.7012 | test_acc=0.7240
2026-05-14 13:52:45,924 | INFO | SpawnProcess-3 | rnn_run1 | Epoch 215 | train_loss=8.0002 | train_acc=0.9803 | test_loss=2.2453 | test_acc=0.8887
2026-05-14 13:52:47,695 | INFO | SpawnProcess-1 | rnn_run2 | Epoch 190 | train_loss=9.4049 | train_acc=0.9759 | test_loss=3.6906 | test_acc=0.6946
2026-05-14 13:52:49,231 | INFO | SpawnProcess-5 | rnn_run3 | Epoch 150 | train_loss=11.0637 | train_acc=0.9738 | test_loss=3.3498 | test_acc=0.8830
2026-05-14 13:52:52,331 | INFO | SpawnProcess-4 | rnn_run4 | Epoch 140 | train_loss=8.7884 | train_acc=0.9783 | test_loss=2.5362 | test_acc=0.7942
2026-05-14 13:52:53,621 | INFO | SpawnProcess-3 | rnn_run1 | Epoch 216 | train_loss=7.2909 | train_acc=0.9818 | test_loss=2.3766 | test_acc=0.8882
2026-05-14 13:52:53,622 | INFO | SpawnProcess-2 | rnn_run5 | Epoch 110 | train_loss=12.9725 | train_acc=0.9677 | test_loss=2.7547 | test_acc=0.7497
2026-05-14 13:52:56,048 | INFO | SpawnProcess-1 | rnn_run2 | Epoch 191 | train_loss=9.5772 | train_acc=0.9754 | test_loss=2.5847 | test_acc=0.6311
2026-05-14 13:52:57,342 | INFO | SpawnProcess-5 | rnn_run3 | Epoch 151 | train_loss=10.6071 | train_acc=0.9744 | test_loss=2.7238 | test_acc=0.8469
2026-05-14 13:53:00,405 | INFO | SpawnProcess-4 | rnn_run4 | Epoch 141 | train_loss=9.7231 | train_acc=0.9762 | test_loss=3.5352 | test_acc=0.7618
2026-05-14 13:53:01,342 | INFO | SpawnProcess-3 | rnn_run1 | Epoch 217 | train_loss=7.3271 | train_acc=0.9817 | test_loss=2.3698 | test_acc=0.8843
2026-05-14 13:53:01,840 | INFO | SpawnProcess-2 | rnn_run5 | Epoch 111 | train_loss=13.5566 | train_acc=0.9653 | test_loss=3.0978 | test_acc=0.7358
2026-05-14 13:53:04,644 | INFO | SpawnProcess-1 | rnn_run2 | Epoch 192 | train_loss=9.2921 | train_acc=0.9760 | test_loss=2.8541 | test_acc=0.6341
2026-05-14 13:53:05,498 | INFO | SpawnProcess-5 | rnn_run3 | Epoch 152 | train_loss=10.9771 | train_acc=0.9738 | test_loss=2.5783 | test_acc=0.8464
2026-05-14 13:53:08,609 | INFO | SpawnProcess-4 | rnn_run4 | Epoch 142 | train_loss=9.5479 | train_acc=0.9768 | test_loss=3.3233 | test_acc=0.7902
2026-05-14 13:53:08,989 | INFO | SpawnProcess-3 | rnn_run1 | Epoch 218 | train_loss=7.6992 | train_acc=0.9807 | test_loss=2.3289 | test_acc=0.8996
2026-05-14 13:53:10,033 | INFO | SpawnProcess-2 | rnn_run5 | Epoch 112 | train_loss=13.2657 | train_acc=0.9673 | test_loss=2.6064 | test_acc=0.7639
2026-05-14 13:53:13,302 | INFO | SpawnProcess-1 | rnn_run2 | Epoch 193 | train_loss=9.5738 | train_acc=0.9751 | test_loss=2.4825 | test_acc=0.6849
2026-05-14 13:53:13,567 | INFO | SpawnProcess-5 | rnn_run3 | Epoch 153 | train_loss=11.2776 | train_acc=0.9723 | test_loss=3.4453 | test_acc=0.9165
2026-05-14 13:53:16,388 | INFO | SpawnProcess-3 | rnn_run1 | Epoch 219 | train_loss=8.3091 | train_acc=0.9797 | test_loss=2.4926 | test_acc=0.9145
2026-05-14 13:53:16,667 | INFO | SpawnProcess-4 | rnn_run4 | Epoch 143 | train_loss=9.6583 | train_acc=0.9755 | test_loss=2.3221 | test_acc=0.7899
2026-05-14 13:53:18,061 | INFO | SpawnProcess-2 | rnn_run5 | Epoch 113 | train_loss=12.4572 | train_acc=0.9692 | test_loss=2.6789 | test_acc=0.7532
2026-05-14 13:53:21,464 | INFO | SpawnProcess-5 | rnn_run3 | Epoch 154 | train_loss=10.1503 | train_acc=0.9760 | test_loss=3.1865 | test_acc=0.7909
2026-05-14 13:53:21,508 | INFO | SpawnProcess-1 | rnn_run2 | Epoch 194 | train_loss=9.3945 | train_acc=0.9758 | test_loss=2.8023 | test_acc=0.6144
2026-05-14 13:53:23,891 | INFO | SpawnProcess-3 | rnn_run1 | Epoch 220 | train_loss=8.0470 | train_acc=0.9793 | test_loss=2.2255 | test_acc=0.8631
2026-05-14 13:53:24,621 | INFO | SpawnProcess-4 | rnn_run4 | Epoch 144 | train_loss=8.9676 | train_acc=0.9776 | test_loss=2.4650 | test_acc=0.8077
2026-05-14 13:53:26,224 | INFO | SpawnProcess-2 | rnn_run5 | Epoch 114 | train_loss=12.5944 | train_acc=0.9686 | test_loss=2.9132 | test_acc=0.7654
2026-05-14 13:53:29,409 | INFO | SpawnProcess-5 | rnn_run3 | Epoch 155 | train_loss=11.5243 | train_acc=0.9722 | test_loss=3.0095 | test_acc=0.7627
2026-05-14 13:53:30,236 | INFO | SpawnProcess-1 | rnn_run2 | Epoch 195 | train_loss=9.2737 | train_acc=0.9764 | test_loss=2.3199 | test_acc=0.6525
2026-05-14 13:53:31,477 | INFO | SpawnProcess-3 | rnn_run1 | Epoch 221 | train_loss=7.9283 | train_acc=0.9805 | test_loss=2.5628 | test_acc=0.8366
2026-05-14 13:53:32,324 | INFO | SpawnProcess-4 | rnn_run4 | Epoch 145 | train_loss=8.4842 | train_acc=0.9788 | test_loss=2.6735 | test_acc=0.7689
2026-05-14 13:53:34,581 | INFO | SpawnProcess-2 | rnn_run5 | Epoch 115 | train_loss=14.0499 | train_acc=0.9645 | test_loss=3.3220 | test_acc=0.7153
2026-05-14 13:53:37,270 | INFO | SpawnProcess-5 | rnn_run3 | Epoch 156 | train_loss=10.8297 | train_acc=0.9743 | test_loss=2.5380 | test_acc=0.8854
2026-05-14 13:53:38,931 | INFO | SpawnProcess-1 | rnn_run2 | Epoch 196 | train_loss=9.1835 | train_acc=0.9765 | test_loss=2.4488 | test_acc=0.6518
2026-05-14 13:53:38,990 | INFO | SpawnProcess-3 | rnn_run1 | Epoch 222 | train_loss=7.8002 | train_acc=0.9805 | test_loss=2.5432 | test_acc=0.8208
2026-05-14 13:53:40,226 | INFO | SpawnProcess-4 | rnn_run4 | Epoch 146 | train_loss=8.8854 | train_acc=0.9772 | test_loss=2.3713 | test_acc=0.8053
2026-05-14 13:53:42,907 | INFO | SpawnProcess-2 | rnn_run5 | Epoch 116 | train_loss=12.6567 | train_acc=0.9686 | test_loss=2.8686 | test_acc=0.7468
2026-05-14 13:53:45,345 | INFO | SpawnProcess-5 | rnn_run3 | Epoch 157 | train_loss=10.5903 | train_acc=0.9750 | test_loss=2.4293 | test_acc=0.8972
2026-05-14 13:53:46,595 | INFO | SpawnProcess-3 | rnn_run1 | Epoch 223 | train_loss=8.0635 | train_acc=0.9803 | test_loss=2.1218 | test_acc=0.8886
2026-05-14 13:53:47,646 | INFO | SpawnProcess-1 | rnn_run2 | Epoch 197 | train_loss=9.4987 | train_acc=0.9753 | test_loss=2.2732 | test_acc=0.7101
2026-05-14 13:53:48,345 | INFO | SpawnProcess-4 | rnn_run4 | Epoch 147 | train_loss=8.4262 | train_acc=0.9793 | test_loss=2.4990 | test_acc=0.8472
2026-05-14 13:53:51,080 | INFO | SpawnProcess-2 | rnn_run5 | Epoch 117 | train_loss=13.1226 | train_acc=0.9678 | test_loss=2.8712 | test_acc=0.7087
2026-05-14 13:53:53,372 | INFO | SpawnProcess-5 | rnn_run3 | Epoch 158 | train_loss=10.0336 | train_acc=0.9760 | test_loss=2.5014 | test_acc=0.8799
2026-05-14 13:53:54,166 | INFO | SpawnProcess-3 | rnn_run1 | Epoch 224 | train_loss=7.4698 | train_acc=0.9812 | test_loss=2.4010 | test_acc=0.8391
2026-05-14 13:53:55,980 | INFO | SpawnProcess-4 | rnn_run4 | Epoch 148 | train_loss=8.9764 | train_acc=0.9768 | test_loss=2.7178 | test_acc=0.8802
2026-05-14 13:53:56,458 | INFO | SpawnProcess-1 | rnn_run2 | Epoch 198 | train_loss=9.6119 | train_acc=0.9752 | test_loss=2.1980 | test_acc=0.6970
2026-05-14 13:53:58,944 | INFO | SpawnProcess-2 | rnn_run5 | Epoch 118 | train_loss=12.8401 | train_acc=0.9679 | test_loss=3.8700 | test_acc=0.7467
2026-05-14 13:54:01,430 | INFO | SpawnProcess-5 | rnn_run3 | Epoch 159 | train_loss=10.2818 | train_acc=0.9752 | test_loss=3.0900 | test_acc=0.8236
2026-05-14 13:54:01,881 | INFO | SpawnProcess-3 | rnn_run1 | Epoch 225 | train_loss=7.6269 | train_acc=0.9805 | test_loss=2.4184 | test_acc=0.8430
2026-05-14 13:54:03,784 | INFO | SpawnProcess-4 | rnn_run4 | Epoch 149 | train_loss=9.0919 | train_acc=0.9773 | test_loss=2.5475 | test_acc=0.8231
2026-05-14 13:54:05,106 | INFO | SpawnProcess-1 | rnn_run2 | Epoch 199 | train_loss=8.9342 | train_acc=0.9773 | test_loss=2.7726 | test_acc=0.6236
2026-05-14 13:54:06,878 | INFO | SpawnProcess-2 | rnn_run5 | Epoch 119 | train_loss=13.7480 | train_acc=0.9651 | test_loss=2.9102 | test_acc=0.7512
2026-05-14 13:54:09,485 | INFO | SpawnProcess-3 | rnn_run1 | Epoch 226 | train_loss=7.2227 | train_acc=0.9818 | test_loss=2.5617 | test_acc=0.8422
2026-05-14 13:54:09,543 | INFO | SpawnProcess-5 | rnn_run3 | Epoch 160 | train_loss=10.9973 | train_acc=0.9737 | test_loss=2.4520 | test_acc=0.8688
2026-05-14 13:54:11,665 | INFO | SpawnProcess-4 | rnn_run4 | Epoch 150 | train_loss=8.6091 | train_acc=0.9785 | test_loss=2.3816 | test_acc=0.7900
2026-05-14 13:54:13,651 | INFO | SpawnProcess-1 | rnn_run2 | Epoch 200 | train_loss=9.9016 | train_acc=0.9748 | test_loss=2.3106 | test_acc=0.6993
2026-05-14 13:54:14,640 | INFO | SpawnProcess-2 | rnn_run5 | Epoch 120 | train_loss=13.0067 | train_acc=0.9672 | test_loss=3.0755 | test_acc=0.7399
2026-05-14 13:54:17,027 | INFO | SpawnProcess-3 | rnn_run1 | Epoch 227 | train_loss=8.3597 | train_acc=0.9795 | test_loss=2.3544 | test_acc=0.8813
2026-05-14 13:54:17,389 | INFO | SpawnProcess-5 | rnn_run3 | Epoch 161 | train_loss=11.1178 | train_acc=0.9729 | test_loss=2.7211 | test_acc=0.9162
2026-05-14 13:54:19,512 | INFO | SpawnProcess-4 | rnn_run4 | Epoch 151 | train_loss=8.9851 | train_acc=0.9776 | test_loss=3.1008 | test_acc=0.7923
2026-05-14 13:54:22,058 | INFO | SpawnProcess-1 | rnn_run2 | Epoch 201 | train_loss=8.9323 | train_acc=0.9767 | test_loss=2.3232 | test_acc=0.6533
2026-05-14 13:54:22,806 | INFO | SpawnProcess-2 | rnn_run5 | Epoch 121 | train_loss=12.7025 | train_acc=0.9687 | test_loss=4.3934 | test_acc=0.7132
2026-05-14 13:54:24,568 | INFO | SpawnProcess-3 | rnn_run1 | Epoch 228 | train_loss=7.2418 | train_acc=0.9821 | test_loss=2.2586 | test_acc=0.8648
2026-05-14 13:54:25,329 | INFO | SpawnProcess-5 | rnn_run3 | Epoch 162 | train_loss=9.6763 | train_acc=0.9775 | test_loss=2.5295 | test_acc=0.8716
2026-05-14 13:54:27,541 | INFO | SpawnProcess-4 | rnn_run4 | Epoch 152 | train_loss=8.6190 | train_acc=0.9783 | test_loss=2.5773 | test_acc=0.8039
2026-05-14 13:54:30,496 | INFO | SpawnProcess-1 | rnn_run2 | Epoch 202 | train_loss=8.9850 | train_acc=0.9761 | test_loss=2.5311 | test_acc=0.6483
2026-05-14 13:54:30,972 | INFO | SpawnProcess-2 | rnn_run5 | Epoch 122 | train_loss=13.1664 | train_acc=0.9677 | test_loss=2.9828 | test_acc=0.7247
2026-05-14 13:54:32,296 | INFO | SpawnProcess-3 | rnn_run1 | Epoch 229 | train_loss=7.6623 | train_acc=0.9809 | test_loss=2.6372 | test_acc=0.8532
2026-05-14 13:54:33,475 | INFO | SpawnProcess-5 | rnn_run3 | Epoch 163 | train_loss=9.8126 | train_acc=0.9768 | test_loss=2.3293 | test_acc=0.8908
2026-05-14 13:54:35,788 | INFO | SpawnProcess-4 | rnn_run4 | Epoch 153 | train_loss=8.4198 | train_acc=0.9790 | test_loss=2.5760 | test_acc=0.8327
2026-05-14 13:54:38,855 | INFO | SpawnProcess-2 | rnn_run5 | Epoch 123 | train_loss=12.5440 | train_acc=0.9684 | test_loss=2.8090 | test_acc=0.7342
2026-05-14 13:54:38,875 | INFO | SpawnProcess-1 | rnn_run2 | Epoch 203 | train_loss=9.4645 | train_acc=0.9754 | test_loss=2.3320 | test_acc=0.6867
2026-05-14 13:54:39,907 | INFO | SpawnProcess-3 | rnn_run1 | Epoch 230 | train_loss=6.8182 | train_acc=0.9830 | test_loss=2.2007 | test_acc=0.9062
2026-05-14 13:54:41,361 | INFO | SpawnProcess-5 | rnn_run3 | Epoch 164 | train_loss=10.9355 | train_acc=0.9749 | test_loss=2.6879 | test_acc=0.8790
2026-05-14 13:54:43,767 | INFO | SpawnProcess-4 | rnn_run4 | Epoch 154 | train_loss=8.7396 | train_acc=0.9778 | test_loss=2.4267 | test_acc=0.8553
2026-05-14 13:54:47,135 | INFO | SpawnProcess-1 | rnn_run2 | Epoch 204 | train_loss=9.0085 | train_acc=0.9767 | test_loss=2.6503 | test_acc=0.6611
2026-05-14 13:54:47,413 | INFO | SpawnProcess-2 | rnn_run5 | Epoch 124 | train_loss=12.7182 | train_acc=0.9678 | test_loss=2.8211 | test_acc=0.7682
2026-05-14 13:54:47,484 | INFO | SpawnProcess-3 | rnn_run1 | Epoch 231 | train_loss=7.1361 | train_acc=0.9818 | test_loss=2.4713 | test_acc=0.8928
2026-05-14 13:54:49,429 | INFO | SpawnProcess-5 | rnn_run3 | Epoch 165 | train_loss=10.2389 | train_acc=0.9755 | test_loss=2.3538 | test_acc=0.8288
2026-05-14 13:54:51,981 | INFO | SpawnProcess-4 | rnn_run4 | Epoch 155 | train_loss=8.6290 | train_acc=0.9778 | test_loss=2.4960 | test_acc=0.8111
2026-05-14 13:54:55,172 | INFO | SpawnProcess-3 | rnn_run1 | Epoch 232 | train_loss=8.2768 | train_acc=0.9786 | test_loss=2.3703 | test_acc=0.8984
2026-05-14 13:54:55,668 | INFO | SpawnProcess-1 | rnn_run2 | Epoch 205 | train_loss=9.1077 | train_acc=0.9766 | test_loss=2.6709 | test_acc=0.7025
2026-05-14 13:54:55,758 | INFO | SpawnProcess-2 | rnn_run5 | Epoch 125 | train_loss=12.0495 | train_acc=0.9700 | test_loss=2.9313 | test_acc=0.7299
2026-05-14 13:54:57,440 | INFO | SpawnProcess-5 | rnn_run3 | Epoch 166 | train_loss=10.9807 | train_acc=0.9737 | test_loss=2.5253 | test_acc=0.8849
2026-05-14 13:55:00,212 | INFO | SpawnProcess-4 | rnn_run4 | Epoch 156 | train_loss=8.7923 | train_acc=0.9782 | test_loss=2.4786 | test_acc=0.8547
2026-05-14 13:55:02,828 | INFO | SpawnProcess-3 | rnn_run1 | Epoch 233 | train_loss=8.1901 | train_acc=0.9797 | test_loss=2.5412 | test_acc=0.8716
2026-05-14 13:55:04,037 | INFO | SpawnProcess-1 | rnn_run2 | Epoch 206 | train_loss=9.0791 | train_acc=0.9776 | test_loss=2.7206 | test_acc=0.7224
2026-05-14 13:55:04,104 | INFO | SpawnProcess-2 | rnn_run5 | Epoch 126 | train_loss=12.3624 | train_acc=0.9682 | test_loss=3.1383 | test_acc=0.8200
2026-05-14 13:55:05,520 | INFO | SpawnProcess-5 | rnn_run3 | Epoch 167 | train_loss=10.3594 | train_acc=0.9752 | test_loss=2.8893 | test_acc=0.8308
2026-05-14 13:55:08,543 | INFO | SpawnProcess-4 | rnn_run4 | Epoch 157 | train_loss=9.2474 | train_acc=0.9766 | test_loss=2.4560 | test_acc=0.8514
2026-05-14 13:55:10,524 | INFO | SpawnProcess-3 | rnn_run1 | Epoch 234 | train_loss=7.8687 | train_acc=0.9804 | test_loss=2.3076 | test_acc=0.8692
2026-05-14 13:55:12,297 | INFO | SpawnProcess-1 | rnn_run2 | Epoch 207 | train_loss=9.0271 | train_acc=0.9768 | test_loss=2.5965 | test_acc=0.6630
2026-05-14 13:55:12,449 | INFO | SpawnProcess-2 | rnn_run5 | Epoch 127 | train_loss=12.5607 | train_acc=0.9692 | test_loss=2.9087 | test_acc=0.7425
2026-05-14 13:55:13,513 | INFO | SpawnProcess-5 | rnn_run3 | Epoch 168 | train_loss=10.5518 | train_acc=0.9746 | test_loss=2.6605 | test_acc=0.8250
2026-05-14 13:55:16,636 | INFO | SpawnProcess-4 | rnn_run4 | Epoch 158 | train_loss=9.2043 | train_acc=0.9770 | test_loss=3.1746 | test_acc=0.6837
2026-05-14 13:55:18,363 | INFO | SpawnProcess-3 | rnn_run1 | Epoch 235 | train_loss=7.1206 | train_acc=0.9818 | test_loss=2.1210 | test_acc=0.8830
2026-05-14 13:55:20,567 | INFO | SpawnProcess-2 | rnn_run5 | Epoch 128 | train_loss=12.5842 | train_acc=0.9685 | test_loss=2.5587 | test_acc=0.7609
2026-05-14 13:55:20,790 | INFO | SpawnProcess-1 | rnn_run2 | Epoch 208 | train_loss=9.1308 | train_acc=0.9766 | test_loss=2.3454 | test_acc=0.6559
2026-05-14 13:55:21,629 | INFO | SpawnProcess-5 | rnn_run3 | Epoch 169 | train_loss=9.7156 | train_acc=0.9764 | test_loss=2.4292 | test_acc=0.8494
2026-05-14 13:55:24,713 | INFO | SpawnProcess-4 | rnn_run4 | Epoch 159 | train_loss=9.2763 | train_acc=0.9765 | test_loss=2.7036 | test_acc=0.7798
2026-05-14 13:55:26,086 | INFO | SpawnProcess-3 | rnn_run1 | Epoch 236 | train_loss=7.2608 | train_acc=0.9819 | test_loss=2.2885 | test_acc=0.8410
2026-05-14 13:55:28,379 | INFO | SpawnProcess-2 | rnn_run5 | Epoch 129 | train_loss=12.2675 | train_acc=0.9692 | test_loss=2.8319 | test_acc=0.7487
2026-05-14 13:55:29,384 | INFO | SpawnProcess-1 | rnn_run2 | Epoch 209 | train_loss=8.5730 | train_acc=0.9779 | test_loss=2.3073 | test_acc=0.7178
2026-05-14 13:55:29,532 | INFO | SpawnProcess-5 | rnn_run3 | Epoch 170 | train_loss=10.7899 | train_acc=0.9742 | test_loss=2.5011 | test_acc=0.8664
2026-05-14 13:55:32,381 | INFO | SpawnProcess-4 | rnn_run4 | Epoch 160 | train_loss=8.3847 | train_acc=0.9787 | test_loss=2.5133 | test_acc=0.8262
2026-05-14 13:55:33,810 | INFO | SpawnProcess-3 | rnn_run1 | Epoch 237 | train_loss=7.2442 | train_acc=0.9820 | test_loss=2.3945 | test_acc=0.8206
2026-05-14 13:55:36,719 | INFO | SpawnProcess-2 | rnn_run5 | Epoch 130 | train_loss=12.8030 | train_acc=0.9684 | test_loss=2.7468 | test_acc=0.7611
2026-05-14 13:55:37,539 | INFO | SpawnProcess-5 | rnn_run3 | Epoch 171 | train_loss=10.2694 | train_acc=0.9754 | test_loss=3.5362 | test_acc=0.7391
2026-05-14 13:55:38,048 | INFO | SpawnProcess-1 | rnn_run2 | Epoch 210 | train_loss=8.6188 | train_acc=0.9779 | test_loss=2.4091 | test_acc=0.7403
2026-05-14 13:55:40,301 | INFO | SpawnProcess-4 | rnn_run4 | Epoch 161 | train_loss=8.3919 | train_acc=0.9788 | test_loss=2.6511 | test_acc=0.8356
2026-05-14 13:55:41,317 | INFO | SpawnProcess-3 | rnn_run1 | Epoch 238 | train_loss=8.2089 | train_acc=0.9794 | test_loss=2.6551 | test_acc=0.8848
2026-05-14 13:55:44,888 | INFO | SpawnProcess-2 | rnn_run5 | Epoch 131 | train_loss=12.2820 | train_acc=0.9693 | test_loss=2.7120 | test_acc=0.7389
2026-05-14 13:55:45,416 | INFO | SpawnProcess-5 | rnn_run3 | Epoch 172 | train_loss=10.0069 | train_acc=0.9762 | test_loss=2.4054 | test_acc=0.8618
2026-05-14 13:55:46,639 | INFO | SpawnProcess-1 | rnn_run2 | Epoch 211 | train_loss=9.1199 | train_acc=0.9761 | test_loss=2.2775 | test_acc=0.7027
2026-05-14 13:55:47,938 | INFO | SpawnProcess-4 | rnn_run4 | Epoch 162 | train_loss=8.2802 | train_acc=0.9786 | test_loss=2.6312 | test_acc=0.8764
2026-05-14 13:55:48,887 | INFO | SpawnProcess-3 | rnn_run1 | Epoch 239 | train_loss=7.7113 | train_acc=0.9808 | test_loss=2.8540 | test_acc=0.8371
2026-05-14 13:55:52,920 | INFO | SpawnProcess-2 | rnn_run5 | Epoch 132 | train_loss=12.2299 | train_acc=0.9688 | test_loss=2.5448 | test_acc=0.7469
2026-05-14 13:55:53,094 | INFO | SpawnProcess-5 | rnn_run3 | Epoch 173 | train_loss=9.3705 | train_acc=0.9775 | test_loss=2.7449 | test_acc=0.8420
2026-05-14 13:55:55,039 | INFO | SpawnProcess-1 | rnn_run2 | Epoch 212 | train_loss=8.4817 | train_acc=0.9786 | test_loss=2.7169 | test_acc=0.7171
2026-05-14 13:55:56,091 | INFO | SpawnProcess-4 | rnn_run4 | Epoch 163 | train_loss=9.3580 | train_acc=0.9764 | test_loss=2.5058 | test_acc=0.8053
2026-05-14 13:55:56,581 | INFO | SpawnProcess-3 | rnn_run1 | Epoch 240 | train_loss=7.2258 | train_acc=0.9818 | test_loss=2.1839 | test_acc=0.8999
2026-05-14 13:56:01,026 | INFO | SpawnProcess-5 | rnn_run3 | Epoch 174 | train_loss=10.3354 | train_acc=0.9752 | test_loss=2.5185 | test_acc=0.8728
2026-05-14 13:56:01,400 | INFO | SpawnProcess-2 | rnn_run5 | Epoch 133 | train_loss=11.8155 | train_acc=0.9707 | test_loss=3.5108 | test_acc=0.8234
2026-05-14 13:56:03,455 | INFO | SpawnProcess-1 | rnn_run2 | Epoch 213 | train_loss=8.8106 | train_acc=0.9771 | test_loss=2.5726 | test_acc=0.6822
2026-05-14 13:56:04,285 | INFO | SpawnProcess-4 | rnn_run4 | Epoch 164 | train_loss=7.7470 | train_acc=0.9801 | test_loss=2.4870 | test_acc=0.8256
2026-05-14 13:56:04,403 | INFO | SpawnProcess-3 | rnn_run1 | Epoch 241 | train_loss=7.4457 | train_acc=0.9819 | test_loss=2.3913 | test_acc=0.8667
2026-05-14 13:56:08,971 | INFO | SpawnProcess-5 | rnn_run3 | Epoch 175 | train_loss=10.1173 | train_acc=0.9756 | test_loss=2.4093 | test_acc=0.8192
2026-05-14 13:56:09,775 | INFO | SpawnProcess-2 | rnn_run5 | Epoch 134 | train_loss=12.5888 | train_acc=0.9684 | test_loss=2.7003 | test_acc=0.7238
2026-05-14 13:56:12,036 | INFO | SpawnProcess-4 | rnn_run4 | Epoch 165 | train_loss=8.3704 | train_acc=0.9786 | test_loss=2.3731 | test_acc=0.8442
2026-05-14 13:56:12,141 | INFO | SpawnProcess-3 | rnn_run1 | Epoch 242 | train_loss=7.2212 | train_acc=0.9818 | test_loss=2.6121 | test_acc=0.8794
2026-05-14 13:56:12,439 | INFO | SpawnProcess-1 | rnn_run2 | Epoch 214 | train_loss=8.9852 | train_acc=0.9770 | test_loss=2.7322 | test_acc=0.7479
2026-05-14 13:56:16,961 | INFO | SpawnProcess-5 | rnn_run3 | Epoch 176 | train_loss=10.0894 | train_acc=0.9761 | test_loss=2.5421 | test_acc=0.9075
2026-05-14 13:56:18,233 | INFO | SpawnProcess-2 | rnn_run5 | Epoch 135 | train_loss=11.5021 | train_acc=0.9706 | test_loss=2.7747 | test_acc=0.7129
2026-05-14 13:56:19,772 | INFO | SpawnProcess-3 | rnn_run1 | Epoch 243 | train_loss=6.9572 | train_acc=0.9826 | test_loss=2.8129 | test_acc=0.8570
2026-05-14 13:56:20,131 | INFO | SpawnProcess-4 | rnn_run4 | Epoch 166 | train_loss=9.2854 | train_acc=0.9765 | test_loss=3.3444 | test_acc=0.7524
2026-05-14 13:56:21,125 | INFO | SpawnProcess-1 | rnn_run2 | Epoch 215 | train_loss=8.9518 | train_acc=0.9766 | test_loss=2.6009 | test_acc=0.6881
2026-05-14 13:56:24,921 | INFO | SpawnProcess-5 | rnn_run3 | Epoch 177 | train_loss=10.4529 | train_acc=0.9748 | test_loss=2.4114 | test_acc=0.8607
2026-05-14 13:56:26,635 | INFO | SpawnProcess-2 | rnn_run5 | Epoch 136 | train_loss=11.7134 | train_acc=0.9704 | test_loss=2.4965 | test_acc=0.7369
2026-05-14 13:56:27,323 | INFO | SpawnProcess-3 | rnn_run1 | Epoch 244 | train_loss=7.2725 | train_acc=0.9820 | test_loss=2.5059 | test_acc=0.8490
2026-05-14 13:56:28,281 | INFO | SpawnProcess-4 | rnn_run4 | Epoch 167 | train_loss=8.6986 | train_acc=0.9782 | test_loss=2.3035 | test_acc=0.8505
2026-05-14 13:56:29,993 | INFO | SpawnProcess-1 | rnn_run2 | Epoch 216 | train_loss=8.6747 | train_acc=0.9776 | test_loss=2.2657 | test_acc=0.6806
2026-05-14 13:56:32,987 | INFO | SpawnProcess-5 | rnn_run3 | Epoch 178 | train_loss=9.5637 | train_acc=0.9770 | test_loss=2.9730 | test_acc=0.8509
2026-05-14 13:56:34,749 | INFO | SpawnProcess-2 | rnn_run5 | Epoch 137 | train_loss=11.3057 | train_acc=0.9722 | test_loss=2.7391 | test_acc=0.7617
2026-05-14 13:56:35,047 | INFO | SpawnProcess-3 | rnn_run1 | Epoch 245 | train_loss=7.3298 | train_acc=0.9812 | test_loss=2.2791 | test_acc=0.8286
2026-05-14 13:56:36,274 | INFO | SpawnProcess-4 | rnn_run4 | Epoch 168 | train_loss=7.8469 | train_acc=0.9802 | test_loss=2.8758 | test_acc=0.7932
2026-05-14 13:56:38,551 | INFO | SpawnProcess-1 | rnn_run2 | Epoch 217 | train_loss=8.9198 | train_acc=0.9765 | test_loss=2.9236 | test_acc=0.6893
2026-05-14 13:56:40,905 | INFO | SpawnProcess-5 | rnn_run3 | Epoch 179 | train_loss=9.8727 | train_acc=0.9768 | test_loss=3.1473 | test_acc=0.7931
2026-05-14 13:56:42,749 | INFO | SpawnProcess-2 | rnn_run5 | Epoch 138 | train_loss=11.8517 | train_acc=0.9704 | test_loss=2.9172 | test_acc=0.7664
2026-05-14 13:56:42,874 | INFO | SpawnProcess-3 | rnn_run1 | Epoch 246 | train_loss=8.0283 | train_acc=0.9801 | test_loss=2.9721 | test_acc=0.8556
2026-05-14 13:56:44,226 | INFO | SpawnProcess-4 | rnn_run4 | Epoch 169 | train_loss=8.7902 | train_acc=0.9772 | test_loss=2.6270 | test_acc=0.7737
2026-05-14 13:56:47,406 | INFO | SpawnProcess-1 | rnn_run2 | Epoch 218 | train_loss=9.0516 | train_acc=0.9770 | test_loss=2.2629 | test_acc=0.7001
2026-05-14 13:56:48,901 | INFO | SpawnProcess-5 | rnn_run3 | Epoch 180 | train_loss=10.2445 | train_acc=0.9750 | test_loss=2.3866 | test_acc=0.8623
2026-05-14 13:56:50,800 | INFO | SpawnProcess-3 | rnn_run1 | Epoch 247 | train_loss=7.1052 | train_acc=0.9823 | test_loss=2.2723 | test_acc=0.8756
2026-05-14 13:56:51,141 | INFO | SpawnProcess-2 | rnn_run5 | Epoch 139 | train_loss=11.5776 | train_acc=0.9715 | test_loss=2.9150 | test_acc=0.7676
2026-05-14 13:56:52,300 | INFO | SpawnProcess-4 | rnn_run4 | Epoch 170 | train_loss=8.5716 | train_acc=0.9790 | test_loss=2.5639 | test_acc=0.8756
2026-05-14 13:56:56,238 | INFO | SpawnProcess-1 | rnn_run2 | Epoch 219 | train_loss=8.3948 | train_acc=0.9781 | test_loss=2.4930 | test_acc=0.6911
2026-05-14 13:56:56,814 | INFO | SpawnProcess-5 | rnn_run3 | Epoch 181 | train_loss=9.8875 | train_acc=0.9760 | test_loss=2.5248 | test_acc=0.8753
2026-05-14 13:56:58,776 | INFO | SpawnProcess-3 | rnn_run1 | Epoch 248 | train_loss=7.0345 | train_acc=0.9823 | test_loss=2.2880 | test_acc=0.8547
2026-05-14 13:56:59,269 | INFO | SpawnProcess-2 | rnn_run5 | Epoch 140 | train_loss=12.1245 | train_acc=0.9694 | test_loss=2.6219 | test_acc=0.7374
2026-05-14 13:56:59,924 | INFO | SpawnProcess-4 | rnn_run4 | Epoch 171 | train_loss=8.2606 | train_acc=0.9790 | test_loss=2.5380 | test_acc=0.7786
2026-05-14 13:57:04,501 | INFO | SpawnProcess-1 | rnn_run2 | Epoch 220 | train_loss=8.6957 | train_acc=0.9778 | test_loss=2.6397 | test_acc=0.7067
2026-05-14 13:57:04,772 | INFO | SpawnProcess-5 | rnn_run3 | Epoch 182 | train_loss=8.7816 | train_acc=0.9790 | test_loss=2.5002 | test_acc=0.8833
2026-05-14 13:57:06,343 | INFO | SpawnProcess-3 | rnn_run1 | Epoch 249 | train_loss=7.3242 | train_acc=0.9819 | test_loss=2.2547 | test_acc=0.8423
2026-05-14 13:57:07,282 | INFO | SpawnProcess-2 | rnn_run5 | Epoch 141 | train_loss=11.0966 | train_acc=0.9721 | test_loss=2.5683 | test_acc=0.7406
2026-05-14 13:57:08,027 | INFO | SpawnProcess-4 | rnn_run4 | Epoch 172 | train_loss=8.1683 | train_acc=0.9787 | test_loss=2.5029 | test_acc=0.8636
2026-05-14 13:57:12,842 | INFO | SpawnProcess-5 | rnn_run3 | Epoch 183 | train_loss=9.7148 | train_acc=0.9768 | test_loss=2.4987 | test_acc=0.8959
2026-05-14 13:57:13,069 | INFO | SpawnProcess-1 | rnn_run2 | Epoch 221 | train_loss=9.4158 | train_acc=0.9753 | test_loss=2.6057 | test_acc=0.6906
2026-05-14 13:57:14,272 | INFO | SpawnProcess-3 | rnn_run1 | Epoch 250 | train_loss=6.4573 | train_acc=0.9836 | test_loss=2.2548 | test_acc=0.8810
2026-05-14 13:57:15,560 | INFO | SpawnProcess-2 | rnn_run5 | Epoch 142 | train_loss=11.3767 | train_acc=0.9717 | test_loss=2.8052 | test_acc=0.7610
2026-05-14 13:57:16,038 | INFO | SpawnProcess-4 | rnn_run4 | Epoch 173 | train_loss=8.2873 | train_acc=0.9793 | test_loss=2.4458 | test_acc=0.8724
2026-05-14 13:57:21,094 | INFO | SpawnProcess-5 | rnn_run3 | Epoch 184 | train_loss=9.7741 | train_acc=0.9759 | test_loss=2.6753 | test_acc=0.8414
2026-05-14 13:57:21,668 | INFO | SpawnProcess-1 | rnn_run2 | Epoch 222 | train_loss=8.8852 | train_acc=0.9770 | test_loss=2.9545 | test_acc=0.7606
2026-05-14 13:57:21,939 | INFO | SpawnProcess-3 | rnn_run1 | Epoch 251 | train_loss=6.9194 | train_acc=0.9831 | test_loss=2.6425 | test_acc=0.8509
2026-05-14 13:57:24,286 | INFO | SpawnProcess-2 | rnn_run5 | Epoch 143 | train_loss=12.2222 | train_acc=0.9699 | test_loss=2.5576 | test_acc=0.7805
2026-05-14 13:57:24,329 | INFO | SpawnProcess-4 | rnn_run4 | Epoch 174 | train_loss=7.9841 | train_acc=0.9796 | test_loss=2.6746 | test_acc=0.8328
2026-05-14 13:57:29,137 | INFO | SpawnProcess-5 | rnn_run3 | Epoch 185 | train_loss=9.6225 | train_acc=0.9768 | test_loss=2.4627 | test_acc=0.8963
2026-05-14 13:57:29,912 | INFO | SpawnProcess-3 | rnn_run1 | Epoch 252 | train_loss=7.4135 | train_acc=0.9814 | test_loss=2.2039 | test_acc=0.8770
2026-05-14 13:57:30,139 | INFO | SpawnProcess-1 | rnn_run2 | Epoch 223 | train_loss=7.8085 | train_acc=0.9797 | test_loss=2.4918 | test_acc=0.6776
2026-05-14 13:57:32,358 | INFO | SpawnProcess-4 | rnn_run4 | Epoch 175 | train_loss=8.9280 | train_acc=0.9769 | test_loss=2.3316 | test_acc=0.8516
2026-05-14 13:57:33,113 | INFO | SpawnProcess-2 | rnn_run5 | Epoch 144 | train_loss=10.9310 | train_acc=0.9727 | test_loss=2.5087 | test_acc=0.7589
2026-05-14 13:57:37,072 | INFO | SpawnProcess-5 | rnn_run3 | Epoch 186 | train_loss=9.9290 | train_acc=0.9757 | test_loss=2.5436 | test_acc=0.8355
2026-05-14 13:57:38,015 | INFO | SpawnProcess-3 | rnn_run1 | Epoch 253 | train_loss=6.4967 | train_acc=0.9839 | test_loss=2.2788 | test_acc=0.8785
2026-05-14 13:57:38,601 | INFO | SpawnProcess-1 | rnn_run2 | Epoch 224 | train_loss=8.8821 | train_acc=0.9772 | test_loss=2.6455 | test_acc=0.7143
2026-05-14 13:57:40,255 | INFO | SpawnProcess-4 | rnn_run4 | Epoch 176 | train_loss=7.8346 | train_acc=0.9802 | test_loss=2.7272 | test_acc=0.8490
2026-05-14 13:57:41,506 | INFO | SpawnProcess-2 | rnn_run5 | Epoch 145 | train_loss=11.2844 | train_acc=0.9719 | test_loss=2.6338 | test_acc=0.7204
2026-05-14 13:57:44,830 | INFO | SpawnProcess-5 | rnn_run3 | Epoch 187 | train_loss=9.3944 | train_acc=0.9773 | test_loss=2.3805 | test_acc=0.8365
2026-05-14 13:57:45,805 | INFO | SpawnProcess-3 | rnn_run1 | Epoch 254 | train_loss=7.3000 | train_acc=0.9816 | test_loss=2.4765 | test_acc=0.8477
2026-05-14 13:57:47,087 | INFO | SpawnProcess-1 | rnn_run2 | Epoch 225 | train_loss=8.9694 | train_acc=0.9772 | test_loss=2.3607 | test_acc=0.6620
2026-05-14 13:57:48,056 | INFO | SpawnProcess-4 | rnn_run4 | Epoch 177 | train_loss=8.1347 | train_acc=0.9794 | test_loss=2.3406 | test_acc=0.8630
2026-05-14 13:57:49,718 | INFO | SpawnProcess-2 | rnn_run5 | Epoch 146 | train_loss=11.8330 | train_acc=0.9702 | test_loss=2.9521 | test_acc=0.7413
2026-05-14 13:57:52,773 | INFO | SpawnProcess-5 | rnn_run3 | Epoch 188 | train_loss=8.7317 | train_acc=0.9791 | test_loss=3.4909 | test_acc=0.8938
2026-05-14 13:57:53,441 | INFO | SpawnProcess-3 | rnn_run1 | Epoch 255 | train_loss=6.6856 | train_acc=0.9834 | test_loss=2.3854 | test_acc=0.8480
2026-05-14 13:57:55,572 | INFO | SpawnProcess-1 | rnn_run2 | Epoch 226 | train_loss=9.1983 | train_acc=0.9760 | test_loss=2.3109 | test_acc=0.6831
2026-05-14 13:57:55,852 | INFO | SpawnProcess-4 | rnn_run4 | Epoch 178 | train_loss=7.7697 | train_acc=0.9812 | test_loss=2.3647 | test_acc=0.8206
2026-05-14 13:57:57,872 | INFO | SpawnProcess-2 | rnn_run5 | Epoch 147 | train_loss=11.5551 | train_acc=0.9716 | test_loss=2.6488 | test_acc=0.7589
2026-05-14 13:58:00,708 | INFO | SpawnProcess-5 | rnn_run3 | Epoch 189 | train_loss=10.6392 | train_acc=0.9747 | test_loss=2.5534 | test_acc=0.8427
2026-05-14 13:58:01,136 | INFO | SpawnProcess-3 | rnn_run1 | Epoch 256 | train_loss=7.3970 | train_acc=0.9810 | test_loss=3.1180 | test_acc=0.8645
2026-05-14 13:58:03,655 | INFO | SpawnProcess-4 | rnn_run4 | Epoch 179 | train_loss=7.4720 | train_acc=0.9808 | test_loss=2.3517 | test_acc=0.8537
2026-05-14 13:58:03,982 | INFO | SpawnProcess-1 | rnn_run2 | Epoch 227 | train_loss=8.7617 | train_acc=0.9770 | test_loss=2.7223 | test_acc=0.6480
2026-05-14 13:58:06,082 | INFO | SpawnProcess-2 | rnn_run5 | Epoch 148 | train_loss=12.1412 | train_acc=0.9693 | test_loss=2.8893 | test_acc=0.8060
2026-05-14 13:58:08,633 | INFO | SpawnProcess-5 | rnn_run3 | Epoch 190 | train_loss=9.5426 | train_acc=0.9773 | test_loss=2.2761 | test_acc=0.8982
2026-05-14 13:58:08,839 | INFO | SpawnProcess-3 | rnn_run1 | Epoch 257 | train_loss=7.2111 | train_acc=0.9819 | test_loss=2.1721 | test_acc=0.8798
2026-05-14 13:58:11,335 | INFO | SpawnProcess-4 | rnn_run4 | Epoch 180 | train_loss=7.6588 | train_acc=0.9806 | test_loss=2.4035 | test_acc=0.8096
2026-05-14 13:58:12,450 | INFO | SpawnProcess-1 | rnn_run2 | Epoch 228 | train_loss=8.6404 | train_acc=0.9776 | test_loss=2.2951 | test_acc=0.6657
2026-05-14 13:58:14,113 | INFO | SpawnProcess-2 | rnn_run5 | Epoch 149 | train_loss=11.2132 | train_acc=0.9720 | test_loss=2.6823 | test_acc=0.7570
2026-05-14 13:58:16,504 | INFO | SpawnProcess-3 | rnn_run1 | Epoch 258 | train_loss=6.5415 | train_acc=0.9832 | test_loss=2.2164 | test_acc=0.8800
2026-05-14 13:58:16,573 | INFO | SpawnProcess-5 | rnn_run3 | Epoch 191 | train_loss=9.1323 | train_acc=0.9778 | test_loss=2.4087 | test_acc=0.8979
2026-05-14 13:58:19,392 | INFO | SpawnProcess-4 | rnn_run4 | Epoch 181 | train_loss=8.0133 | train_acc=0.9798 | test_loss=2.4381 | test_acc=0.8113
2026-05-14 13:58:21,121 | INFO | SpawnProcess-1 | rnn_run2 | Epoch 229 | train_loss=8.3148 | train_acc=0.9787 | test_loss=2.7652 | test_acc=0.7196
2026-05-14 13:58:21,988 | INFO | SpawnProcess-2 | rnn_run5 | Epoch 150 | train_loss=11.2492 | train_acc=0.9722 | test_loss=3.4614 | test_acc=0.6960
2026-05-14 13:58:24,538 | INFO | SpawnProcess-3 | rnn_run1 | Epoch 259 | train_loss=6.3953 | train_acc=0.9841 | test_loss=2.3173 | test_acc=0.8816
2026-05-14 13:58:24,712 | INFO | SpawnProcess-5 | rnn_run3 | Epoch 192 | train_loss=9.1854 | train_acc=0.9778 | test_loss=2.3773 | test_acc=0.8756
2026-05-14 13:58:27,452 | INFO | SpawnProcess-4 | rnn_run4 | Epoch 182 | train_loss=8.8793 | train_acc=0.9775 | test_loss=2.9788 | test_acc=0.8404
2026-05-14 13:58:29,495 | INFO | SpawnProcess-1 | rnn_run2 | Epoch 230 | train_loss=8.3020 | train_acc=0.9789 | test_loss=3.0692 | test_acc=0.6921
2026-05-14 13:58:30,240 | INFO | SpawnProcess-2 | rnn_run5 | Epoch 151 | train_loss=11.4350 | train_acc=0.9716 | test_loss=2.5968 | test_acc=0.7348
2026-05-14 13:58:32,155 | INFO | SpawnProcess-3 | rnn_run1 | Epoch 260 | train_loss=7.6330 | train_acc=0.9808 | test_loss=2.7649 | test_acc=0.7996
2026-05-14 13:58:32,872 | INFO | SpawnProcess-5 | rnn_run3 | Epoch 193 | train_loss=8.9499 | train_acc=0.9785 | test_loss=2.3244 | test_acc=0.8374
2026-05-14 13:58:35,556 | INFO | SpawnProcess-4 | rnn_run4 | Epoch 183 | train_loss=8.1967 | train_acc=0.9794 | test_loss=2.4389 | test_acc=0.8337
2026-05-14 13:58:37,970 | INFO | SpawnProcess-1 | rnn_run2 | Epoch 231 | train_loss=8.4567 | train_acc=0.9782 | test_loss=2.7068 | test_acc=0.7175
2026-05-14 13:58:38,589 | INFO | SpawnProcess-2 | rnn_run5 | Epoch 152 | train_loss=11.1482 | train_acc=0.9727 | test_loss=2.6499 | test_acc=0.7876
2026-05-14 13:58:39,605 | INFO | SpawnProcess-3 | rnn_run1 | Epoch 261 | train_loss=6.9510 | train_acc=0.9827 | test_loss=1.9927 | test_acc=0.9067
2026-05-14 13:58:40,871 | INFO | SpawnProcess-5 | rnn_run3 | Epoch 194 | train_loss=8.8653 | train_acc=0.9788 | test_loss=2.6348 | test_acc=0.8772
2026-05-14 13:58:43,607 | INFO | SpawnProcess-4 | rnn_run4 | Epoch 184 | train_loss=7.8878 | train_acc=0.9799 | test_loss=2.4725 | test_acc=0.8323
2026-05-14 13:58:46,720 | INFO | SpawnProcess-1 | rnn_run2 | Epoch 232 | train_loss=8.4618 | train_acc=0.9780 | test_loss=2.3204 | test_acc=0.6828
2026-05-14 13:58:46,827 | INFO | SpawnProcess-2 | rnn_run5 | Epoch 153 | train_loss=10.6739 | train_acc=0.9726 | test_loss=2.6000 | test_acc=0.7110
2026-05-14 13:58:47,364 | INFO | SpawnProcess-3 | rnn_run1 | Epoch 262 | train_loss=6.5236 | train_acc=0.9839 | test_loss=2.4661 | test_acc=0.8601
2026-05-14 13:58:49,027 | INFO | SpawnProcess-5 | rnn_run3 | Epoch 195 | train_loss=8.4608 | train_acc=0.9795 | test_loss=2.5772 | test_acc=0.8822
2026-05-14 13:58:51,659 | INFO | SpawnProcess-4 | rnn_run4 | Epoch 185 | train_loss=7.8182 | train_acc=0.9803 | test_loss=2.8073 | test_acc=0.8494
2026-05-14 13:58:54,996 | INFO | SpawnProcess-3 | rnn_run1 | Epoch 263 | train_loss=6.4943 | train_acc=0.9839 | test_loss=2.9947 | test_acc=0.8862
2026-05-14 13:58:55,096 | INFO | SpawnProcess-2 | rnn_run5 | Epoch 154 | train_loss=10.8190 | train_acc=0.9730 | test_loss=3.8042 | test_acc=0.7322
2026-05-14 13:58:55,496 | INFO | SpawnProcess-1 | rnn_run2 | Epoch 233 | train_loss=8.6503 | train_acc=0.9779 | test_loss=2.6191 | test_acc=0.7043
2026-05-14 13:58:57,189 | INFO | SpawnProcess-5 | rnn_run3 | Epoch 196 | train_loss=9.1128 | train_acc=0.9783 | test_loss=2.5899 | test_acc=0.8546
2026-05-14 13:58:59,725 | INFO | SpawnProcess-4 | rnn_run4 | Epoch 186 | train_loss=8.4709 | train_acc=0.9790 | test_loss=2.4461 | test_acc=0.8166
2026-05-14 13:59:02,610 | INFO | SpawnProcess-3 | rnn_run1 | Epoch 264 | train_loss=7.1046 | train_acc=0.9823 | test_loss=2.3107 | test_acc=0.8643
2026-05-14 13:59:03,237 | INFO | SpawnProcess-2 | rnn_run5 | Epoch 155 | train_loss=11.7426 | train_acc=0.9712 | test_loss=3.2087 | test_acc=0.7758
2026-05-14 13:59:04,123 | INFO | SpawnProcess-1 | rnn_run2 | Epoch 234 | train_loss=8.6307 | train_acc=0.9779 | test_loss=2.3631 | test_acc=0.7093
2026-05-14 13:59:05,040 | INFO | SpawnProcess-5 | rnn_run3 | Epoch 197 | train_loss=9.5071 | train_acc=0.9774 | test_loss=2.4773 | test_acc=0.8162
2026-05-14 13:59:07,861 | INFO | SpawnProcess-4 | rnn_run4 | Epoch 187 | train_loss=7.1171 | train_acc=0.9824 | test_loss=2.6633 | test_acc=0.8448
2026-05-14 13:59:10,295 | INFO | SpawnProcess-3 | rnn_run1 | Epoch 265 | train_loss=7.2307 | train_acc=0.9826 | test_loss=2.7648 | test_acc=0.8679
2026-05-14 13:59:11,518 | INFO | SpawnProcess-2 | rnn_run5 | Epoch 156 | train_loss=10.6332 | train_acc=0.9737 | test_loss=2.7629 | test_acc=0.8196
2026-05-14 13:59:12,542 | INFO | SpawnProcess-1 | rnn_run2 | Epoch 235 | train_loss=8.0139 | train_acc=0.9795 | test_loss=2.2946 | test_acc=0.7088
2026-05-14 13:59:13,133 | INFO | SpawnProcess-5 | rnn_run3 | Epoch 198 | train_loss=9.0540 | train_acc=0.9782 | test_loss=2.8601 | test_acc=0.7816
2026-05-14 13:59:15,908 | INFO | SpawnProcess-4 | rnn_run4 | Epoch 188 | train_loss=7.3661 | train_acc=0.9815 | test_loss=2.7181 | test_acc=0.8833
2026-05-14 13:59:18,072 | INFO | SpawnProcess-3 | rnn_run1 | Epoch 266 | train_loss=7.6568 | train_acc=0.9806 | test_loss=2.9706 | test_acc=0.8345
2026-05-14 13:59:19,678 | INFO | SpawnProcess-2 | rnn_run5 | Epoch 157 | train_loss=11.7889 | train_acc=0.9701 | test_loss=2.5440 | test_acc=0.8240
2026-05-14 13:59:20,955 | INFO | SpawnProcess-1 | rnn_run2 | Epoch 236 | train_loss=8.7004 | train_acc=0.9770 | test_loss=3.0256 | test_acc=0.6675
2026-05-14 13:59:21,254 | INFO | SpawnProcess-5 | rnn_run3 | Epoch 199 | train_loss=9.4999 | train_acc=0.9771 | test_loss=2.6203 | test_acc=0.8013
2026-05-14 13:59:23,766 | INFO | SpawnProcess-4 | rnn_run4 | Epoch 189 | train_loss=7.7934 | train_acc=0.9805 | test_loss=2.8296 | test_acc=0.7336
2026-05-14 13:59:25,680 | INFO | SpawnProcess-3 | rnn_run1 | Epoch 267 | train_loss=7.8098 | train_acc=0.9807 | test_loss=2.3286 | test_acc=0.8658
2026-05-14 13:59:27,551 | INFO | SpawnProcess-2 | rnn_run5 | Epoch 158 | train_loss=12.0213 | train_acc=0.9704 | test_loss=2.6561 | test_acc=0.7388
2026-05-14 13:59:29,144 | INFO | SpawnProcess-5 | rnn_run3 | Epoch 200 | train_loss=9.5445 | train_acc=0.9767 | test_loss=2.4086 | test_acc=0.8501
2026-05-14 13:59:29,435 | INFO | SpawnProcess-1 | rnn_run2 | Epoch 237 | train_loss=8.3001 | train_acc=0.9790 | test_loss=2.6267 | test_acc=0.7214
2026-05-14 13:59:31,611 | INFO | SpawnProcess-4 | rnn_run4 | Epoch 190 | train_loss=8.3323 | train_acc=0.9790 | test_loss=2.8146 | test_acc=0.8734
2026-05-14 13:59:33,122 | INFO | SpawnProcess-3 | rnn_run1 | Epoch 268 | train_loss=7.2276 | train_acc=0.9815 | test_loss=2.4510 | test_acc=0.8929
2026-05-14 13:59:35,509 | INFO | SpawnProcess-2 | rnn_run5 | Epoch 159 | train_loss=10.5861 | train_acc=0.9740 | test_loss=2.6959 | test_acc=0.7411
2026-05-14 13:59:37,163 | INFO | SpawnProcess-5 | rnn_run3 | Epoch 201 | train_loss=8.5566 | train_acc=0.9790 | test_loss=2.4467 | test_acc=0.8713
2026-05-14 13:59:37,738 | INFO | SpawnProcess-1 | rnn_run2 | Epoch 238 | train_loss=8.3561 | train_acc=0.9785 | test_loss=3.0545 | test_acc=0.7202
2026-05-14 13:59:39,801 | INFO | SpawnProcess-4 | rnn_run4 | Epoch 191 | train_loss=7.6472 | train_acc=0.9809 | test_loss=2.8619 | test_acc=0.8577
2026-05-14 13:59:40,712 | INFO | SpawnProcess-3 | rnn_run1 | Epoch 269 | train_loss=6.8806 | train_acc=0.9831 | test_loss=2.9639 | test_acc=0.8736
2026-05-14 13:59:43,749 | INFO | SpawnProcess-2 | rnn_run5 | Epoch 160 | train_loss=10.6494 | train_acc=0.9735 | test_loss=2.4739 | test_acc=0.7651
2026-05-14 13:59:45,301 | INFO | SpawnProcess-5 | rnn_run3 | Epoch 202 | train_loss=9.1437 | train_acc=0.9779 | test_loss=2.6997 | test_acc=0.7962
2026-05-14 13:59:45,949 | INFO | SpawnProcess-1 | rnn_run2 | Epoch 239 | train_loss=8.2591 | train_acc=0.9786 | test_loss=2.3302 | test_acc=0.6976
2026-05-14 13:59:48,132 | INFO | SpawnProcess-4 | rnn_run4 | Epoch 192 | train_loss=9.5847 | train_acc=0.9756 | test_loss=2.6276 | test_acc=0.8827
2026-05-14 13:59:48,332 | INFO | SpawnProcess-3 | rnn_run1 | Epoch 270 | train_loss=6.9906 | train_acc=0.9823 | test_loss=2.3314 | test_acc=0.9033
2026-05-14 13:59:51,770 | INFO | SpawnProcess-2 | rnn_run5 | Epoch 161 | train_loss=10.9144 | train_acc=0.9732 | test_loss=2.8396 | test_acc=0.7626
2026-05-14 13:59:53,484 | INFO | SpawnProcess-5 | rnn_run3 | Epoch 203 | train_loss=9.5364 | train_acc=0.9766 | test_loss=3.0302 | test_acc=0.7616
2026-05-14 13:59:54,311 | INFO | SpawnProcess-1 | rnn_run2 | Epoch 240 | train_loss=8.3540 | train_acc=0.9788 | test_loss=2.2324 | test_acc=0.7223
2026-05-14 13:59:56,029 | INFO | SpawnProcess-3 | rnn_run1 | Epoch 271 | train_loss=7.9809 | train_acc=0.9800 | test_loss=2.3077 | test_acc=0.9018
2026-05-14 13:59:56,290 | INFO | SpawnProcess-4 | rnn_run4 | Epoch 193 | train_loss=8.2398 | train_acc=0.9787 | test_loss=2.5554 | test_acc=0.8051
2026-05-14 13:59:59,842 | INFO | SpawnProcess-2 | rnn_run5 | Epoch 162 | train_loss=11.0538 | train_acc=0.9720 | test_loss=2.4769 | test_acc=0.7709
2026-05-14 14:00:01,464 | INFO | SpawnProcess-5 | rnn_run3 | Epoch 204 | train_loss=9.0814 | train_acc=0.9783 | test_loss=2.8035 | test_acc=0.9199
2026-05-14 14:00:02,797 | INFO | SpawnProcess-1 | rnn_run2 | Epoch 241 | train_loss=8.1530 | train_acc=0.9786 | test_loss=2.4538 | test_acc=0.6689
2026-05-14 14:00:03,584 | INFO | SpawnProcess-3 | rnn_run1 | Epoch 272 | train_loss=6.9830 | train_acc=0.9825 | test_loss=2.3618 | test_acc=0.9101
2026-05-14 14:00:04,576 | INFO | SpawnProcess-4 | rnn_run4 | Epoch 194 | train_loss=7.5688 | train_acc=0.9811 | test_loss=2.4902 | test_acc=0.7785
2026-05-14 14:00:07,833 | INFO | SpawnProcess-2 | rnn_run5 | Epoch 163 | train_loss=10.7970 | train_acc=0.9731 | test_loss=3.0434 | test_acc=0.7488
2026-05-14 14:00:09,529 | INFO | SpawnProcess-5 | rnn_run3 | Epoch 205 | train_loss=8.4153 | train_acc=0.9795 | test_loss=3.2099 | test_acc=0.7821
2026-05-14 14:00:11,169 | INFO | SpawnProcess-3 | rnn_run1 | Epoch 273 | train_loss=7.4909 | train_acc=0.9812 | test_loss=2.5732 | test_acc=0.8714
2026-05-14 14:00:11,234 | INFO | SpawnProcess-1 | rnn_run2 | Epoch 242 | train_loss=8.2394 | train_acc=0.9781 | test_loss=2.6265 | test_acc=0.6719
2026-05-14 14:00:12,820 | INFO | SpawnProcess-4 | rnn_run4 | Epoch 195 | train_loss=7.3848 | train_acc=0.9817 | test_loss=2.5522 | test_acc=0.8573
2026-05-14 14:00:15,815 | INFO | SpawnProcess-2 | rnn_run5 | Epoch 164 | train_loss=10.7095 | train_acc=0.9728 | test_loss=2.7302 | test_acc=0.7617
2026-05-14 14:00:17,463 | INFO | SpawnProcess-5 | rnn_run3 | Epoch 206 | train_loss=9.0891 | train_acc=0.9778 | test_loss=2.5639 | test_acc=0.8816
2026-05-14 14:00:18,955 | INFO | SpawnProcess-3 | rnn_run1 | Epoch 274 | train_loss=6.6873 | train_acc=0.9831 | test_loss=2.8581 | test_acc=0.8141
2026-05-14 14:00:19,746 | INFO | SpawnProcess-1 | rnn_run2 | Epoch 243 | train_loss=8.2676 | train_acc=0.9785 | test_loss=2.2683 | test_acc=0.6747
2026-05-14 14:00:20,987 | INFO | SpawnProcess-4 | rnn_run4 | Epoch 196 | train_loss=7.5807 | train_acc=0.9805 | test_loss=2.3685 | test_acc=0.8170
2026-05-14 14:00:23,814 | INFO | SpawnProcess-2 | rnn_run5 | Epoch 165 | train_loss=11.4935 | train_acc=0.9712 | test_loss=3.7404 | test_acc=0.7885
2026-05-14 14:00:25,612 | INFO | SpawnProcess-5 | rnn_run3 | Epoch 207 | train_loss=9.0861 | train_acc=0.9786 | test_loss=2.6232 | test_acc=0.8587
2026-05-14 14:00:26,516 | INFO | SpawnProcess-3 | rnn_run1 | Epoch 275 | train_loss=6.6303 | train_acc=0.9834 | test_loss=2.3598 | test_acc=0.8927
2026-05-14 14:00:28,121 | INFO | SpawnProcess-1 | rnn_run2 | Epoch 244 | train_loss=7.8333 | train_acc=0.9800 | test_loss=2.6759 | test_acc=0.7017
2026-05-14 14:00:29,048 | INFO | SpawnProcess-4 | rnn_run4 | Epoch 197 | train_loss=6.8536 | train_acc=0.9828 | test_loss=2.7235 | test_acc=0.7887
2026-05-14 14:00:31,928 | INFO | SpawnProcess-2 | rnn_run5 | Epoch 166 | train_loss=10.9737 | train_acc=0.9719 | test_loss=2.4920 | test_acc=0.7689
2026-05-14 14:00:33,503 | INFO | SpawnProcess-5 | rnn_run3 | Epoch 208 | train_loss=8.7084 | train_acc=0.9796 | test_loss=2.5508 | test_acc=0.8621
2026-05-14 14:00:34,191 | INFO | SpawnProcess-3 | rnn_run1 | Epoch 276 | train_loss=6.6833 | train_acc=0.9833 | test_loss=2.2505 | test_acc=0.9069
2026-05-14 14:00:36,637 | INFO | SpawnProcess-1 | rnn_run2 | Epoch 245 | train_loss=8.2536 | train_acc=0.9793 | test_loss=2.5353 | test_acc=0.6884
2026-05-14 14:00:37,155 | INFO | SpawnProcess-4 | rnn_run4 | Epoch 198 | train_loss=8.0202 | train_acc=0.9795 | test_loss=2.5622 | test_acc=0.8762
2026-05-14 14:00:40,013 | INFO | SpawnProcess-2 | rnn_run5 | Epoch 167 | train_loss=10.4403 | train_acc=0.9742 | test_loss=2.5129 | test_acc=0.7842
2026-05-14 14:00:41,390 | INFO | SpawnProcess-5 | rnn_run3 | Epoch 209 | train_loss=9.2616 | train_acc=0.9779 | test_loss=2.2598 | test_acc=0.8585
2026-05-14 14:00:41,745 | INFO | SpawnProcess-3 | rnn_run1 | Epoch 277 | train_loss=7.0311 | train_acc=0.9829 | test_loss=2.2311 | test_acc=0.8979
2026-05-14 14:00:45,005 | INFO | SpawnProcess-1 | rnn_run2 | Epoch 246 | train_loss=8.1390 | train_acc=0.9794 | test_loss=2.5082 | test_acc=0.7192
2026-05-14 14:00:45,235 | INFO | SpawnProcess-4 | rnn_run4 | Epoch 199 | train_loss=7.2944 | train_acc=0.9817 | test_loss=2.3056 | test_acc=0.8365
2026-05-14 14:00:48,052 | INFO | SpawnProcess-2 | rnn_run5 | Epoch 168 | train_loss=10.7391 | train_acc=0.9728 | test_loss=2.8809 | test_acc=0.7950
2026-05-14 14:00:49,081 | INFO | SpawnProcess-3 | rnn_run1 | Epoch 278 | train_loss=6.5393 | train_acc=0.9838 | test_loss=2.6969 | test_acc=0.8597
2026-05-14 14:00:49,268 | INFO | SpawnProcess-5 | rnn_run3 | Epoch 210 | train_loss=8.6002 | train_acc=0.9792 | test_loss=2.8642 | test_acc=0.7406
2026-05-14 14:00:53,155 | INFO | SpawnProcess-4 | rnn_run4 | Epoch 200 | train_loss=7.2794 | train_acc=0.9821 | test_loss=2.3944 | test_acc=0.8441
2026-05-14 14:00:53,424 | INFO | SpawnProcess-1 | rnn_run2 | Epoch 247 | train_loss=8.4044 | train_acc=0.9782 | test_loss=2.4504 | test_acc=0.6915
2026-05-14 14:00:56,439 | INFO | SpawnProcess-2 | rnn_run5 | Epoch 169 | train_loss=10.5110 | train_acc=0.9741 | test_loss=2.5193 | test_acc=0.7839
2026-05-14 14:00:56,764 | INFO | SpawnProcess-3 | rnn_run1 | Epoch 279 | train_loss=6.3771 | train_acc=0.9842 | test_loss=2.8325 | test_acc=0.8806
2026-05-14 14:00:57,516 | INFO | SpawnProcess-5 | rnn_run3 | Epoch 211 | train_loss=9.1716 | train_acc=0.9779 | test_loss=2.2495 | test_acc=0.8708
2026-05-14 14:01:01,331 | INFO | SpawnProcess-4 | rnn_run4 | Epoch 201 | train_loss=8.2475 | train_acc=0.9784 | test_loss=2.6457 | test_acc=0.7933
2026-05-14 14:01:01,899 | INFO | SpawnProcess-1 | rnn_run2 | Epoch 248 | train_loss=7.7485 | train_acc=0.9799 | test_loss=2.1721 | test_acc=0.7170
2026-05-14 14:01:04,306 | INFO | SpawnProcess-3 | rnn_run1 | Epoch 280 | train_loss=7.0166 | train_acc=0.9823 | test_loss=2.4311 | test_acc=0.8691
2026-05-14 14:01:04,829 | INFO | SpawnProcess-2 | rnn_run5 | Epoch 170 | train_loss=11.1898 | train_acc=0.9722 | test_loss=2.5827 | test_acc=0.8083
2026-05-14 14:01:05,627 | INFO | SpawnProcess-5 | rnn_run3 | Epoch 212 | train_loss=9.3545 | train_acc=0.9767 | test_loss=3.0225 | test_acc=0.8502
2026-05-14 14:01:09,286 | INFO | SpawnProcess-4 | rnn_run4 | Epoch 202 | train_loss=7.9439 | train_acc=0.9795 | test_loss=2.6575 | test_acc=0.8491
2026-05-14 14:01:10,322 | INFO | SpawnProcess-1 | rnn_run2 | Epoch 249 | train_loss=7.7336 | train_acc=0.9802 | test_loss=2.4377 | test_acc=0.7580
2026-05-14 14:01:11,693 | INFO | SpawnProcess-3 | rnn_run1 | Epoch 281 | train_loss=6.4912 | train_acc=0.9838 | test_loss=2.4844 | test_acc=0.8890
2026-05-14 14:01:12,833 | INFO | SpawnProcess-2 | rnn_run5 | Epoch 171 | train_loss=10.0372 | train_acc=0.9743 | test_loss=2.6949 | test_acc=0.7766
2026-05-14 14:01:13,346 | INFO | SpawnProcess-5 | rnn_run3 | Epoch 213 | train_loss=9.4091 | train_acc=0.9777 | test_loss=2.3436 | test_acc=0.8596
2026-05-14 14:01:17,365 | INFO | SpawnProcess-4 | rnn_run4 | Epoch 203 | train_loss=8.5233 | train_acc=0.9785 | test_loss=2.3489 | test_acc=0.8214
2026-05-14 14:01:18,870 | INFO | SpawnProcess-1 | rnn_run2 | Epoch 250 | train_loss=8.1076 | train_acc=0.9789 | test_loss=2.9684 | test_acc=0.7745
2026-05-14 14:01:19,093 | INFO | SpawnProcess-3 | rnn_run1 | Epoch 282 | train_loss=5.9272 | train_acc=0.9852 | test_loss=2.4372 | test_acc=0.8760
2026-05-14 14:01:21,105 | INFO | SpawnProcess-2 | rnn_run5 | Epoch 172 | train_loss=10.0791 | train_acc=0.9745 | test_loss=2.6044 | test_acc=0.7651
2026-05-14 14:01:21,563 | INFO | SpawnProcess-5 | rnn_run3 | Epoch 214 | train_loss=8.3143 | train_acc=0.9798 | test_loss=2.5973 | test_acc=0.8489
2026-05-14 14:01:25,190 | INFO | SpawnProcess-4 | rnn_run4 | Epoch 204 | train_loss=7.2273 | train_acc=0.9812 | test_loss=2.5802 | test_acc=0.8282
2026-05-14 14:01:26,857 | INFO | SpawnProcess-3 | rnn_run1 | Epoch 283 | train_loss=6.0254 | train_acc=0.9851 | test_loss=2.3075 | test_acc=0.8882
2026-05-14 14:01:27,504 | INFO | SpawnProcess-1 | rnn_run2 | Epoch 251 | train_loss=8.3724 | train_acc=0.9785 | test_loss=2.7658 | test_acc=0.6562
2026-05-14 14:01:29,337 | INFO | SpawnProcess-2 | rnn_run5 | Epoch 173 | train_loss=10.6143 | train_acc=0.9739 | test_loss=2.9368 | test_acc=0.7572
2026-05-14 14:01:29,708 | INFO | SpawnProcess-5 | rnn_run3 | Epoch 215 | train_loss=9.2296 | train_acc=0.9782 | test_loss=3.1945 | test_acc=0.9207
2026-05-14 14:01:33,337 | INFO | SpawnProcess-4 | rnn_run4 | Epoch 205 | train_loss=7.5652 | train_acc=0.9808 | test_loss=2.5598 | test_acc=0.8160
2026-05-14 14:01:34,569 | INFO | SpawnProcess-3 | rnn_run1 | Epoch 284 | train_loss=6.8743 | train_acc=0.9825 | test_loss=2.4526 | test_acc=0.8418
2026-05-14 14:01:35,887 | INFO | SpawnProcess-1 | rnn_run2 | Epoch 252 | train_loss=7.7423 | train_acc=0.9803 | test_loss=2.8194 | test_acc=0.7195
2026-05-14 14:01:37,454 | INFO | SpawnProcess-2 | rnn_run5 | Epoch 174 | train_loss=10.2653 | train_acc=0.9740 | test_loss=2.5121 | test_acc=0.8472
2026-05-14 14:01:37,717 | INFO | SpawnProcess-5 | rnn_run3 | Epoch 216 | train_loss=10.1636 | train_acc=0.9755 | test_loss=2.3182 | test_acc=0.8312
2026-05-14 14:01:41,561 | INFO | SpawnProcess-4 | rnn_run4 | Epoch 206 | train_loss=6.7566 | train_acc=0.9828 | test_loss=2.2400 | test_acc=0.8423
2026-05-14 14:01:42,262 | INFO | SpawnProcess-3 | rnn_run1 | Epoch 285 | train_loss=7.9293 | train_acc=0.9804 | test_loss=2.2192 | test_acc=0.8935
2026-05-14 14:01:44,251 | INFO | SpawnProcess-1 | rnn_run2 | Epoch 253 | train_loss=7.6790 | train_acc=0.9801 | test_loss=2.8419 | test_acc=0.7082
2026-05-14 14:01:45,675 | INFO | SpawnProcess-2 | rnn_run5 | Epoch 175 | train_loss=10.4886 | train_acc=0.9736 | test_loss=2.7501 | test_acc=0.7166
2026-05-14 14:01:45,942 | INFO | SpawnProcess-5 | rnn_run3 | Epoch 217 | train_loss=9.2943 | train_acc=0.9784 | test_loss=2.7135 | test_acc=0.7647
2026-05-14 14:01:49,713 | INFO | SpawnProcess-4 | rnn_run4 | Epoch 207 | train_loss=7.5427 | train_acc=0.9811 | test_loss=2.6056 | test_acc=0.8560
2026-05-14 14:01:49,954 | INFO | SpawnProcess-3 | rnn_run1 | Epoch 286 | train_loss=7.3071 | train_acc=0.9813 | test_loss=2.4191 | test_acc=0.8269
2026-05-14 14:01:52,477 | INFO | SpawnProcess-1 | rnn_run2 | Epoch 254 | train_loss=8.3136 | train_acc=0.9780 | test_loss=2.2088 | test_acc=0.7036
2026-05-14 14:01:53,751 | INFO | SpawnProcess-2 | rnn_run5 | Epoch 176 | train_loss=10.0045 | train_acc=0.9751 | test_loss=2.6724 | test_acc=0.7414
2026-05-14 14:01:53,833 | INFO | SpawnProcess-5 | rnn_run3 | Epoch 218 | train_loss=9.0648 | train_acc=0.9786 | test_loss=2.6810 | test_acc=0.8177
2026-05-14 14:01:57,456 | INFO | SpawnProcess-3 | rnn_run1 | Epoch 287 | train_loss=6.1373 | train_acc=0.9840 | test_loss=2.7455 | test_acc=0.8635
2026-05-14 14:01:57,731 | INFO | SpawnProcess-4 | rnn_run4 | Epoch 208 | train_loss=7.8859 | train_acc=0.9799 | test_loss=2.4774 | test_acc=0.8058
2026-05-14 14:02:00,578 | INFO | SpawnProcess-1 | rnn_run2 | Epoch 255 | train_loss=8.3583 | train_acc=0.9782 | test_loss=2.7453 | test_acc=0.7386
2026-05-14 14:02:01,824 | INFO | SpawnProcess-5 | rnn_run3 | Epoch 219 | train_loss=9.2013 | train_acc=0.9780 | test_loss=2.4020 | test_acc=0.8461
2026-05-14 14:02:02,299 | INFO | SpawnProcess-2 | rnn_run5 | Epoch 177 | train_loss=9.1342 | train_acc=0.9773 | test_loss=2.8551 | test_acc=0.7827
2026-05-14 14:02:04,989 | INFO | SpawnProcess-3 | rnn_run1 | Epoch 288 | train_loss=6.8294 | train_acc=0.9825 | test_loss=2.4823 | test_acc=0.8591
2026-05-14 14:02:05,662 | INFO | SpawnProcess-4 | rnn_run4 | Epoch 209 | train_loss=7.7749 | train_acc=0.9798 | test_loss=2.5135 | test_acc=0.8839
2026-05-14 14:02:08,838 | INFO | SpawnProcess-1 | rnn_run2 | Epoch 256 | train_loss=8.0147 | train_acc=0.9790 | test_loss=2.3775 | test_acc=0.7242
2026-05-14 14:02:09,916 | INFO | SpawnProcess-5 | rnn_run3 | Epoch 220 | train_loss=8.7762 | train_acc=0.9788 | test_loss=2.6431 | test_acc=0.8146
2026-05-14 14:02:10,370 | INFO | SpawnProcess-2 | rnn_run5 | Epoch 178 | train_loss=9.9263 | train_acc=0.9752 | test_loss=2.6609 | test_acc=0.8391
2026-05-14 14:02:12,813 | INFO | SpawnProcess-3 | rnn_run1 | Epoch 289 | train_loss=6.8226 | train_acc=0.9829 | test_loss=2.3842 | test_acc=0.9051
2026-05-14 14:02:13,643 | INFO | SpawnProcess-4 | rnn_run4 | Epoch 210 | train_loss=7.0518 | train_acc=0.9819 | test_loss=2.5469 | test_acc=0.8417
2026-05-14 14:02:17,201 | INFO | SpawnProcess-1 | rnn_run2 | Epoch 257 | train_loss=7.2870 | train_acc=0.9811 | test_loss=2.6226 | test_acc=0.6537
2026-05-14 14:02:17,961 | INFO | SpawnProcess-5 | rnn_run3 | Epoch 221 | train_loss=9.5150 | train_acc=0.9767 | test_loss=2.8919 | test_acc=0.8763
2026-05-14 14:02:18,317 | INFO | SpawnProcess-2 | rnn_run5 | Epoch 179 | train_loss=10.6747 | train_acc=0.9736 | test_loss=2.4795 | test_acc=0.7996
2026-05-14 14:02:20,544 | INFO | SpawnProcess-3 | rnn_run1 | Epoch 290 | train_loss=6.2355 | train_acc=0.9842 | test_loss=2.4906 | test_acc=0.8889
2026-05-14 14:02:21,568 | INFO | SpawnProcess-4 | rnn_run4 | Epoch 211 | train_loss=7.0519 | train_acc=0.9830 | test_loss=2.4408 | test_acc=0.8608
2026-05-14 14:02:25,393 | INFO | SpawnProcess-1 | rnn_run2 | Epoch 258 | train_loss=7.5057 | train_acc=0.9806 | test_loss=2.2975 | test_acc=0.6624
2026-05-14 14:02:26,016 | INFO | SpawnProcess-5 | rnn_run3 | Epoch 222 | train_loss=8.5457 | train_acc=0.9786 | test_loss=2.4439 | test_acc=0.8098
2026-05-14 14:02:26,447 | INFO | SpawnProcess-2 | rnn_run5 | Epoch 180 | train_loss=9.8439 | train_acc=0.9754 | test_loss=2.7874 | test_acc=0.8139
2026-05-14 14:02:28,097 | INFO | SpawnProcess-3 | rnn_run1 | Epoch 291 | train_loss=6.7637 | train_acc=0.9830 | test_loss=2.5020 | test_acc=0.8248
2026-05-14 14:02:29,703 | INFO | SpawnProcess-4 | rnn_run4 | Epoch 212 | train_loss=7.9436 | train_acc=0.9802 | test_loss=2.4600 | test_acc=0.7778
2026-05-14 14:02:33,971 | INFO | SpawnProcess-1 | rnn_run2 | Epoch 259 | train_loss=7.1517 | train_acc=0.9817 | test_loss=2.3705 | test_acc=0.7068
2026-05-14 14:02:34,196 | INFO | SpawnProcess-5 | rnn_run3 | Epoch 223 | train_loss=8.6326 | train_acc=0.9791 | test_loss=2.4597 | test_acc=0.8385
2026-05-14 14:02:34,736 | INFO | SpawnProcess-2 | rnn_run5 | Epoch 181 | train_loss=10.2536 | train_acc=0.9740 | test_loss=2.6664 | test_acc=0.7551
2026-05-14 14:02:35,777 | INFO | SpawnProcess-3 | rnn_run1 | Epoch 292 | train_loss=6.7771 | train_acc=0.9828 | test_loss=2.7882 | test_acc=0.8840
2026-05-14 14:02:37,763 | INFO | SpawnProcess-4 | rnn_run4 | Epoch 213 | train_loss=6.8811 | train_acc=0.9821 | test_loss=2.5594 | test_acc=0.8674
2026-05-14 14:02:42,056 | INFO | SpawnProcess-5 | rnn_run3 | Epoch 224 | train_loss=8.8510 | train_acc=0.9788 | test_loss=2.5087 | test_acc=0.8995
2026-05-14 14:02:42,062 | INFO | SpawnProcess-1 | rnn_run2 | Epoch 260 | train_loss=8.5014 | train_acc=0.9776 | test_loss=2.4923 | test_acc=0.6941
2026-05-14 14:02:42,822 | INFO | SpawnProcess-2 | rnn_run5 | Epoch 182 | train_loss=9.8339 | train_acc=0.9754 | test_loss=2.5671 | test_acc=0.7776
2026-05-14 14:02:43,404 | INFO | SpawnProcess-3 | rnn_run1 | Epoch 293 | train_loss=7.8079 | train_acc=0.9802 | test_loss=2.4034 | test_acc=0.8923
2026-05-14 14:02:45,642 | INFO | SpawnProcess-4 | rnn_run4 | Epoch 214 | train_loss=7.2869 | train_acc=0.9815 | test_loss=2.5350 | test_acc=0.8661
2026-05-14 14:02:49,960 | INFO | SpawnProcess-5 | rnn_run3 | Epoch 225 | train_loss=8.7173 | train_acc=0.9784 | test_loss=2.5658 | test_acc=0.8053
2026-05-14 14:02:50,617 | INFO | SpawnProcess-1 | rnn_run2 | Epoch 261 | train_loss=7.6451 | train_acc=0.9805 | test_loss=2.3605 | test_acc=0.7026
2026-05-14 14:02:51,170 | INFO | SpawnProcess-3 | rnn_run1 | Epoch 294 | train_loss=5.4158 | train_acc=0.9862 | test_loss=2.5081 | test_acc=0.8981
2026-05-14 14:02:51,299 | INFO | SpawnProcess-2 | rnn_run5 | Epoch 183 | train_loss=9.2945 | train_acc=0.9774 | test_loss=2.6327 | test_acc=0.7905
2026-05-14 14:02:53,572 | INFO | SpawnProcess-4 | rnn_run4 | Epoch 215 | train_loss=6.8940 | train_acc=0.9822 | test_loss=2.4558 | test_acc=0.8637
2026-05-14 14:02:57,975 | INFO | SpawnProcess-5 | rnn_run3 | Epoch 226 | train_loss=8.2345 | train_acc=0.9806 | test_loss=2.5243 | test_acc=0.8874
2026-05-14 14:02:58,859 | INFO | SpawnProcess-3 | rnn_run1 | Epoch 295 | train_loss=6.8244 | train_acc=0.9831 | test_loss=2.5301 | test_acc=0.8917
2026-05-14 14:02:58,988 | INFO | SpawnProcess-1 | rnn_run2 | Epoch 262 | train_loss=7.9288 | train_acc=0.9792 | test_loss=2.4336 | test_acc=0.6969
2026-05-14 14:02:59,813 | INFO | SpawnProcess-2 | rnn_run5 | Epoch 184 | train_loss=10.0331 | train_acc=0.9749 | test_loss=3.5456 | test_acc=0.8390
2026-05-14 14:03:01,631 | INFO | SpawnProcess-4 | rnn_run4 | Epoch 216 | train_loss=6.8439 | train_acc=0.9826 | test_loss=3.1581 | test_acc=0.8251
2026-05-14 14:03:06,009 | INFO | SpawnProcess-5 | rnn_run3 | Epoch 227 | train_loss=8.5841 | train_acc=0.9789 | test_loss=3.0918 | test_acc=0.9152
2026-05-14 14:03:06,114 | INFO | SpawnProcess-3 | rnn_run1 | Epoch 296 | train_loss=6.3710 | train_acc=0.9837 | test_loss=2.8453 | test_acc=0.8030
2026-05-14 14:03:07,737 | INFO | SpawnProcess-1 | rnn_run2 | Epoch 263 | train_loss=7.8048 | train_acc=0.9804 | test_loss=2.6670 | test_acc=0.6721
2026-05-14 14:03:08,052 | INFO | SpawnProcess-2 | rnn_run5 | Epoch 185 | train_loss=10.1932 | train_acc=0.9744 | test_loss=2.6688 | test_acc=0.8125
2026-05-14 14:03:09,809 | INFO | SpawnProcess-4 | rnn_run4 | Epoch 217 | train_loss=7.5701 | train_acc=0.9802 | test_loss=2.8234 | test_acc=0.8127
2026-05-14 14:03:13,650 | INFO | SpawnProcess-3 | rnn_run1 | Epoch 297 | train_loss=6.7318 | train_acc=0.9832 | test_loss=2.8381 | test_acc=0.8319
2026-05-14 14:03:14,289 | INFO | SpawnProcess-5 | rnn_run3 | Epoch 228 | train_loss=8.9844 | train_acc=0.9777 | test_loss=2.4281 | test_acc=0.7907
2026-05-14 14:03:16,260 | INFO | SpawnProcess-1 | rnn_run2 | Epoch 264 | train_loss=7.8763 | train_acc=0.9796 | test_loss=2.5232 | test_acc=0.7186
2026-05-14 14:03:16,372 | INFO | SpawnProcess-2 | rnn_run5 | Epoch 186 | train_loss=9.7623 | train_acc=0.9756 | test_loss=3.3522 | test_acc=0.7557
2026-05-14 14:03:18,045 | INFO | SpawnProcess-4 | rnn_run4 | Epoch 218 | train_loss=7.1139 | train_acc=0.9822 | test_loss=2.5404 | test_acc=0.8538
2026-05-14 14:03:21,162 | INFO | SpawnProcess-3 | rnn_run1 | Epoch 298 | train_loss=6.8063 | train_acc=0.9828 | test_loss=2.4281 | test_acc=0.8547
2026-05-14 14:03:22,556 | INFO | SpawnProcess-5 | rnn_run3 | Epoch 229 | train_loss=8.7424 | train_acc=0.9787 | test_loss=3.3714 | test_acc=0.8014
2026-05-14 14:03:24,731 | INFO | SpawnProcess-2 | rnn_run5 | Epoch 187 | train_loss=9.7107 | train_acc=0.9762 | test_loss=2.9420 | test_acc=0.7858
2026-05-14 14:03:24,938 | INFO | SpawnProcess-1 | rnn_run2 | Epoch 265 | train_loss=7.7122 | train_acc=0.9798 | test_loss=2.3358 | test_acc=0.6949
2026-05-14 14:03:26,108 | INFO | SpawnProcess-4 | rnn_run4 | Epoch 219 | train_loss=7.7533 | train_acc=0.9804 | test_loss=2.4266 | test_acc=0.7984
2026-05-14 14:03:28,706 | INFO | SpawnProcess-3 | rnn_run1 | Epoch 299 | train_loss=6.4525 | train_acc=0.9839 | test_loss=2.5135 | test_acc=0.8610
2026-05-14 14:03:30,531 | INFO | SpawnProcess-5 | rnn_run3 | Epoch 230 | train_loss=9.9205 | train_acc=0.9757 | test_loss=2.6159 | test_acc=0.8784
2026-05-14 14:03:32,985 | INFO | SpawnProcess-2 | rnn_run5 | Epoch 188 | train_loss=9.9669 | train_acc=0.9757 | test_loss=2.4730 | test_acc=0.7647
2026-05-14 14:03:33,662 | INFO | SpawnProcess-1 | rnn_run2 | Epoch 266 | train_loss=7.4794 | train_acc=0.9803 | test_loss=2.3199 | test_acc=0.7327
2026-05-14 14:03:34,281 | INFO | SpawnProcess-4 | rnn_run4 | Epoch 220 | train_loss=7.2292 | train_acc=0.9811 | test_loss=2.7292 | test_acc=0.8217
2026-05-14 14:03:36,400 | INFO | SpawnProcess-3 | rnn_run1 | Epoch 300 | train_loss=6.1903 | train_acc=0.9844 | test_loss=2.3754 | test_acc=0.8089
2026-05-14 14:03:38,709 | INFO | SpawnProcess-5 | rnn_run3 | Epoch 231 | train_loss=8.1275 | train_acc=0.9802 | test_loss=2.9304 | test_acc=0.8260
2026-05-14 14:03:41,092 | INFO | SpawnProcess-2 | rnn_run5 | Epoch 189 | train_loss=9.1882 | train_acc=0.9774 | test_loss=2.4481 | test_acc=0.7930
2026-05-14 14:03:42,189 | INFO | SpawnProcess-3 | rnn_run1 | Final train_eval_loss=6.5670 | train_eval_acc=0.8258
2026-05-14 14:03:42,202 | INFO | SpawnProcess-3 | rnn_run1 | complete
2026-05-14 14:03:42,211 | INFO | Completed rnn_run1 on GPU 0
2026-05-14 14:03:42,220 | INFO | SpawnProcess-3 | lstm_run1 | assigned_gpu=0 | seed=1234
2026-05-14 14:03:42,272 | INFO | SpawnProcess-4 | rnn_run4 | Epoch 221 | train_loss=6.8474 | train_acc=0.9825 | test_loss=2.3941 | test_acc=0.8236
2026-05-14 14:03:42,277 | INFO | SpawnProcess-1 | rnn_run2 | Epoch 267 | train_loss=7.4010 | train_acc=0.9812 | test_loss=2.1776 | test_acc=0.7145
2026-05-14 14:03:43,468 | INFO | SpawnProcess-3 | lstm_run1 | trainable_params=7510 | epochs=300
2026-05-14 14:03:46,679 | INFO | SpawnProcess-5 | rnn_run3 | Epoch 232 | train_loss=8.1169 | train_acc=0.9803 | test_loss=3.1590 | test_acc=0.7555
2026-05-14 14:03:49,080 | INFO | SpawnProcess-2 | rnn_run5 | Epoch 190 | train_loss=9.1620 | train_acc=0.9771 | test_loss=2.6390 | test_acc=0.7835
2026-05-14 14:03:50,353 | INFO | SpawnProcess-4 | rnn_run4 | Epoch 222 | train_loss=6.6472 | train_acc=0.9830 | test_loss=2.3498 | test_acc=0.8430
2026-05-14 14:03:50,866 | INFO | SpawnProcess-1 | rnn_run2 | Epoch 268 | train_loss=7.9543 | train_acc=0.9790 | test_loss=2.5884 | test_acc=0.6943
2026-05-14 14:03:52,206 | INFO | SpawnProcess-3 | lstm_run1 | Epoch 001 | train_loss=250.4968 | train_acc=0.2985 | test_loss=33.4249 | test_acc=0.4646
2026-05-14 14:03:54,752 | INFO | SpawnProcess-5 | rnn_run3 | Epoch 233 | train_loss=8.3370 | train_acc=0.9794 | test_loss=2.7501 | test_acc=0.8503
2026-05-14 14:03:57,277 | INFO | SpawnProcess-2 | rnn_run5 | Epoch 191 | train_loss=9.6743 | train_acc=0.9756 | test_loss=2.4236 | test_acc=0.7693
2026-05-14 14:03:58,631 | INFO | SpawnProcess-4 | rnn_run4 | Epoch 223 | train_loss=6.9032 | train_acc=0.9823 | test_loss=2.4088 | test_acc=0.8304
2026-05-14 14:03:59,313 | INFO | SpawnProcess-1 | rnn_run2 | Epoch 269 | train_loss=6.9543 | train_acc=0.9819 | test_loss=3.0242 | test_acc=0.6885
2026-05-14 14:04:00,896 | INFO | SpawnProcess-3 | lstm_run1 | Epoch 002 | train_loss=160.5087 | train_acc=0.6210 | test_loss=22.7382 | test_acc=0.5373
2026-05-14 14:04:02,975 | INFO | SpawnProcess-5 | rnn_run3 | Epoch 234 | train_loss=8.3119 | train_acc=0.9795 | test_loss=2.5255 | test_acc=0.8344
2026-05-14 14:04:05,467 | INFO | SpawnProcess-2 | rnn_run5 | Epoch 192 | train_loss=9.9187 | train_acc=0.9754 | test_loss=2.8051 | test_acc=0.7581
2026-05-14 14:04:06,826 | INFO | SpawnProcess-4 | rnn_run4 | Epoch 224 | train_loss=7.6708 | train_acc=0.9803 | test_loss=2.6396 | test_acc=0.8517
2026-05-14 14:04:08,069 | INFO | SpawnProcess-1 | rnn_run2 | Epoch 270 | train_loss=8.3583 | train_acc=0.9790 | test_loss=2.6370 | test_acc=0.8009
2026-05-14 14:04:09,799 | INFO | SpawnProcess-3 | lstm_run1 | Epoch 003 | train_loss=118.4540 | train_acc=0.7195 | test_loss=17.7341 | test_acc=0.6457
2026-05-14 14:04:11,334 | INFO | SpawnProcess-5 | rnn_run3 | Epoch 235 | train_loss=7.8629 | train_acc=0.9801 | test_loss=2.6547 | test_acc=0.8720
2026-05-14 14:04:13,926 | INFO | SpawnProcess-2 | rnn_run5 | Epoch 193 | train_loss=10.0172 | train_acc=0.9755 | test_loss=2.5970 | test_acc=0.7861
2026-05-14 14:04:14,803 | INFO | SpawnProcess-4 | rnn_run4 | Epoch 225 | train_loss=6.9205 | train_acc=0.9822 | test_loss=2.4886 | test_acc=0.7580
2026-05-14 14:04:16,843 | INFO | SpawnProcess-1 | rnn_run2 | Epoch 271 | train_loss=7.1050 | train_acc=0.9814 | test_loss=2.2197 | test_acc=0.7323
2026-05-14 14:04:19,091 | INFO | SpawnProcess-3 | lstm_run1 | Epoch 004 | train_loss=95.3755 | train_acc=0.7702 | test_loss=14.8619 | test_acc=0.7057
2026-05-14 14:04:19,422 | INFO | SpawnProcess-5 | rnn_run3 | Epoch 236 | train_loss=7.9758 | train_acc=0.9809 | test_loss=2.3053 | test_acc=0.8291
2026-05-14 14:04:21,997 | INFO | SpawnProcess-2 | rnn_run5 | Epoch 194 | train_loss=9.2694 | train_acc=0.9770 | test_loss=2.6784 | test_acc=0.7766
2026-05-14 14:04:23,002 | INFO | SpawnProcess-4 | rnn_run4 | Epoch 226 | train_loss=7.5336 | train_acc=0.9806 | test_loss=2.4845 | test_acc=0.8196
2026-05-14 14:04:25,272 | INFO | SpawnProcess-1 | rnn_run2 | Epoch 272 | train_loss=7.2942 | train_acc=0.9810 | test_loss=3.6976 | test_acc=0.6968
2026-05-14 14:04:27,538 | INFO | SpawnProcess-5 | rnn_run3 | Epoch 237 | train_loss=7.9521 | train_acc=0.9807 | test_loss=2.5500 | test_acc=0.9015
2026-05-14 14:04:28,101 | INFO | SpawnProcess-3 | lstm_run1 | Epoch 005 | train_loss=79.8589 | train_acc=0.8050 | test_loss=12.3992 | test_acc=0.7441
2026-05-14 14:04:30,287 | INFO | SpawnProcess-2 | rnn_run5 | Epoch 195 | train_loss=9.4466 | train_acc=0.9771 | test_loss=2.5548 | test_acc=0.7352
2026-05-14 14:04:31,210 | INFO | SpawnProcess-4 | rnn_run4 | Epoch 227 | train_loss=6.4021 | train_acc=0.9835 | test_loss=2.3792 | test_acc=0.8617
2026-05-14 14:04:33,913 | INFO | SpawnProcess-1 | rnn_run2 | Epoch 273 | train_loss=7.9720 | train_acc=0.9796 | test_loss=2.2504 | test_acc=0.6924
2026-05-14 14:04:35,705 | INFO | SpawnProcess-5 | rnn_run3 | Epoch 238 | train_loss=7.9637 | train_acc=0.9809 | test_loss=2.2873 | test_acc=0.8574
2026-05-14 14:04:37,376 | INFO | SpawnProcess-3 | lstm_run1 | Epoch 006 | train_loss=68.6574 | train_acc=0.8287 | test_loss=10.8200 | test_acc=0.7955
2026-05-14 14:04:38,388 | INFO | SpawnProcess-2 | rnn_run5 | Epoch 196 | train_loss=11.4393 | train_acc=0.9713 | test_loss=3.1275 | test_acc=0.7863
2026-05-14 14:04:39,034 | INFO | SpawnProcess-4 | rnn_run4 | Epoch 228 | train_loss=6.6388 | train_acc=0.9827 | test_loss=2.6946 | test_acc=0.8228
2026-05-14 14:04:42,492 | INFO | SpawnProcess-1 | rnn_run2 | Epoch 274 | train_loss=7.7831 | train_acc=0.9802 | test_loss=2.8493 | test_acc=0.7673
2026-05-14 14:04:43,836 | INFO | SpawnProcess-5 | rnn_run3 | Epoch 239 | train_loss=8.0661 | train_acc=0.9800 | test_loss=3.2213 | test_acc=0.8663
2026-05-14 14:04:46,152 | INFO | SpawnProcess-3 | lstm_run1 | Epoch 007 | train_loss=59.9938 | train_acc=0.8507 | test_loss=9.6274 | test_acc=0.8117
2026-05-14 14:04:46,262 | INFO | SpawnProcess-2 | rnn_run5 | Epoch 197 | train_loss=10.6936 | train_acc=0.9738 | test_loss=2.7388 | test_acc=0.7788
2026-05-14 14:04:47,148 | INFO | SpawnProcess-4 | rnn_run4 | Epoch 229 | train_loss=8.8006 | train_acc=0.9777 | test_loss=2.9584 | test_acc=0.8546
2026-05-14 14:04:51,116 | INFO | SpawnProcess-1 | rnn_run2 | Epoch 275 | train_loss=7.6824 | train_acc=0.9801 | test_loss=2.2044 | test_acc=0.7029
2026-05-14 14:04:52,104 | INFO | SpawnProcess-5 | rnn_run3 | Epoch 240 | train_loss=9.1583 | train_acc=0.9780 | test_loss=2.4762 | test_acc=0.8114
2026-05-14 14:04:54,764 | INFO | SpawnProcess-2 | rnn_run5 | Epoch 198 | train_loss=9.2790 | train_acc=0.9769 | test_loss=2.5254 | test_acc=0.7955
2026-05-14 14:04:55,093 | INFO | SpawnProcess-3 | lstm_run1 | Epoch 008 | train_loss=53.2691 | train_acc=0.8721 | test_loss=8.4834 | test_acc=0.8428
2026-05-14 14:04:55,360 | INFO | SpawnProcess-4 | rnn_run4 | Epoch 230 | train_loss=7.2004 | train_acc=0.9818 | test_loss=2.5121 | test_acc=0.8530
2026-05-14 14:04:59,878 | INFO | SpawnProcess-1 | rnn_run2 | Epoch 276 | train_loss=7.1543 | train_acc=0.9813 | test_loss=3.4462 | test_acc=0.6665
2026-05-14 14:05:00,505 | INFO | SpawnProcess-5 | rnn_run3 | Epoch 241 | train_loss=8.6840 | train_acc=0.9792 | test_loss=2.5059 | test_acc=0.8545
2026-05-14 14:05:03,036 | INFO | SpawnProcess-2 | rnn_run5 | Epoch 199 | train_loss=9.0625 | train_acc=0.9772 | test_loss=2.5658 | test_acc=0.8280
2026-05-14 14:05:03,452 | INFO | SpawnProcess-4 | rnn_run4 | Epoch 231 | train_loss=7.1894 | train_acc=0.9817 | test_loss=2.3543 | test_acc=0.8082
2026-05-14 14:05:04,425 | INFO | SpawnProcess-3 | lstm_run1 | Epoch 009 | train_loss=47.4288 | train_acc=0.8951 | test_loss=7.6945 | test_acc=0.8671
2026-05-14 14:05:08,559 | INFO | SpawnProcess-1 | rnn_run2 | Epoch 277 | train_loss=7.4841 | train_acc=0.9807 | test_loss=3.2436 | test_acc=0.6478
2026-05-14 14:05:08,644 | INFO | SpawnProcess-5 | rnn_run3 | Epoch 242 | train_loss=8.5883 | train_acc=0.9792 | test_loss=2.7966 | test_acc=0.8785
2026-05-14 14:05:11,047 | INFO | SpawnProcess-2 | rnn_run5 | Epoch 200 | train_loss=8.7277 | train_acc=0.9784 | test_loss=2.6930 | test_acc=0.7863
2026-05-14 14:05:11,713 | INFO | SpawnProcess-4 | rnn_run4 | Epoch 232 | train_loss=7.3082 | train_acc=0.9816 | test_loss=2.6020 | test_acc=0.8591
2026-05-14 14:05:13,472 | INFO | SpawnProcess-3 | lstm_run1 | Epoch 010 | train_loss=41.2439 | train_acc=0.9170 | test_loss=6.7532 | test_acc=0.8669
2026-05-14 14:05:16,678 | INFO | SpawnProcess-5 | rnn_run3 | Epoch 243 | train_loss=7.9854 | train_acc=0.9807 | test_loss=2.2849 | test_acc=0.8485
2026-05-14 14:05:17,154 | INFO | SpawnProcess-1 | rnn_run2 | Epoch 278 | train_loss=8.0686 | train_acc=0.9785 | test_loss=2.6074 | test_acc=0.7257
2026-05-14 14:05:19,065 | INFO | SpawnProcess-2 | rnn_run5 | Epoch 201 | train_loss=9.4385 | train_acc=0.9768 | test_loss=2.6828 | test_acc=0.7711
2026-05-14 14:05:19,742 | INFO | SpawnProcess-4 | rnn_run4 | Epoch 233 | train_loss=6.9848 | train_acc=0.9822 | test_loss=2.5884 | test_acc=0.8568
2026-05-14 14:05:22,532 | INFO | SpawnProcess-3 | lstm_run1 | Epoch 011 | train_loss=36.1402 | train_acc=0.9298 | test_loss=6.0809 | test_acc=0.8997
2026-05-14 14:05:24,132 | INFO | SpawnProcess-5 | rnn_run3 | Epoch 244 | train_loss=7.5078 | train_acc=0.9819 | test_loss=2.4852 | test_acc=0.8399
2026-05-14 14:05:25,726 | INFO | SpawnProcess-1 | rnn_run2 | Epoch 279 | train_loss=7.7585 | train_acc=0.9797 | test_loss=2.5197 | test_acc=0.6764
2026-05-14 14:05:27,047 | INFO | SpawnProcess-2 | rnn_run5 | Epoch 202 | train_loss=9.3017 | train_acc=0.9769 | test_loss=3.0161 | test_acc=0.7275
2026-05-14 14:05:27,837 | INFO | SpawnProcess-4 | rnn_run4 | Epoch 234 | train_loss=6.8520 | train_acc=0.9825 | test_loss=3.1934 | test_acc=0.8321
2026-05-14 14:05:31,583 | INFO | SpawnProcess-5 | rnn_run3 | Epoch 245 | train_loss=8.1255 | train_acc=0.9806 | test_loss=2.6008 | test_acc=0.8768
2026-05-14 14:05:31,935 | INFO | SpawnProcess-3 | lstm_run1 | Epoch 012 | train_loss=32.0440 | train_acc=0.9361 | test_loss=5.3251 | test_acc=0.8838
2026-05-14 14:05:34,263 | INFO | SpawnProcess-1 | rnn_run2 | Epoch 280 | train_loss=7.1544 | train_acc=0.9810 | test_loss=2.2301 | test_acc=0.7319
2026-05-14 14:05:35,102 | INFO | SpawnProcess-2 | rnn_run5 | Epoch 203 | train_loss=9.5329 | train_acc=0.9767 | test_loss=2.6056 | test_acc=0.7599
2026-05-14 14:05:35,812 | INFO | SpawnProcess-4 | rnn_run4 | Epoch 235 | train_loss=6.6762 | train_acc=0.9826 | test_loss=2.5338 | test_acc=0.8250
2026-05-14 14:05:39,243 | INFO | SpawnProcess-5 | rnn_run3 | Epoch 246 | train_loss=8.8964 | train_acc=0.9784 | test_loss=2.7724 | test_acc=0.8061
2026-05-14 14:05:41,173 | INFO | SpawnProcess-3 | lstm_run1 | Epoch 013 | train_loss=28.8556 | train_acc=0.9413 | test_loss=4.8333 | test_acc=0.8936
2026-05-14 14:05:42,677 | INFO | SpawnProcess-1 | rnn_run2 | Epoch 281 | train_loss=7.2509 | train_acc=0.9809 | test_loss=2.3409 | test_acc=0.7227
2026-05-14 14:05:43,276 | INFO | SpawnProcess-2 | rnn_run5 | Epoch 204 | train_loss=8.8421 | train_acc=0.9778 | test_loss=2.3952 | test_acc=0.7738
2026-05-14 14:05:44,060 | INFO | SpawnProcess-4 | rnn_run4 | Epoch 236 | train_loss=7.1189 | train_acc=0.9818 | test_loss=2.7890 | test_acc=0.8534
2026-05-14 14:05:47,276 | INFO | SpawnProcess-5 | rnn_run3 | Epoch 247 | train_loss=8.2809 | train_acc=0.9798 | test_loss=2.3452 | test_acc=0.8848
2026-05-14 14:05:50,853 | INFO | SpawnProcess-3 | lstm_run1 | Epoch 014 | train_loss=26.3736 | train_acc=0.9450 | test_loss=4.3674 | test_acc=0.9095
2026-05-14 14:05:50,937 | INFO | SpawnProcess-1 | rnn_run2 | Epoch 282 | train_loss=7.5276 | train_acc=0.9805 | test_loss=2.3073 | test_acc=0.6811
2026-05-14 14:05:51,507 | INFO | SpawnProcess-2 | rnn_run5 | Epoch 205 | train_loss=8.8927 | train_acc=0.9782 | test_loss=2.5353 | test_acc=0.8177
2026-05-14 14:05:52,315 | INFO | SpawnProcess-4 | rnn_run4 | Epoch 237 | train_loss=7.2565 | train_acc=0.9820 | test_loss=2.6155 | test_acc=0.8310
2026-05-14 14:05:55,127 | INFO | SpawnProcess-5 | rnn_run3 | Epoch 248 | train_loss=8.0895 | train_acc=0.9802 | test_loss=2.7899 | test_acc=0.8732
2026-05-14 14:05:59,568 | INFO | SpawnProcess-2 | rnn_run5 | Epoch 206 | train_loss=9.2704 | train_acc=0.9770 | test_loss=2.4835 | test_acc=0.7632
2026-05-14 14:05:59,727 | INFO | SpawnProcess-4 | rnn_run4 | Epoch 238 | train_loss=6.5238 | train_acc=0.9828 | test_loss=2.8926 | test_acc=0.8376
2026-05-14 14:06:00,115 | INFO | SpawnProcess-1 | rnn_run2 | Epoch 283 | train_loss=6.8907 | train_acc=0.9820 | test_loss=2.1231 | test_acc=0.7011
2026-05-14 14:06:00,415 | INFO | SpawnProcess-3 | lstm_run1 | Epoch 015 | train_loss=24.2574 | train_acc=0.9492 | test_loss=4.1025 | test_acc=0.9089
2026-05-14 14:06:02,510 | INFO | SpawnProcess-5 | rnn_run3 | Epoch 249 | train_loss=7.9400 | train_acc=0.9809 | test_loss=2.5809 | test_acc=0.8644
2026-05-14 14:06:07,580 | INFO | SpawnProcess-4 | rnn_run4 | Epoch 239 | train_loss=6.9724 | train_acc=0.9826 | test_loss=2.4034 | test_acc=0.8737
2026-05-14 14:06:08,112 | INFO | SpawnProcess-2 | rnn_run5 | Epoch 207 | train_loss=9.3003 | train_acc=0.9769 | test_loss=2.5529 | test_acc=0.7747
2026-05-14 14:06:08,938 | INFO | SpawnProcess-1 | rnn_run2 | Epoch 284 | train_loss=6.8710 | train_acc=0.9825 | test_loss=2.4523 | test_acc=0.7667
2026-05-14 14:06:09,980 | INFO | SpawnProcess-5 | rnn_run3 | Epoch 250 | train_loss=7.9300 | train_acc=0.9807 | test_loss=2.6424 | test_acc=0.8400
2026-05-14 14:06:10,065 | INFO | SpawnProcess-3 | lstm_run1 | Epoch 016 | train_loss=22.6837 | train_acc=0.9515 | test_loss=4.0301 | test_acc=0.9173
2026-05-14 14:06:15,073 | INFO | SpawnProcess-4 | rnn_run4 | Epoch 240 | train_loss=6.3247 | train_acc=0.9841 | test_loss=2.5408 | test_acc=0.8315
2026-05-14 14:06:16,462 | INFO | SpawnProcess-2 | rnn_run5 | Epoch 208 | train_loss=9.5565 | train_acc=0.9762 | test_loss=2.6597 | test_acc=0.8162
2026-05-14 14:06:17,586 | INFO | SpawnProcess-1 | rnn_run2 | Epoch 285 | train_loss=7.5027 | train_acc=0.9812 | test_loss=2.2590 | test_acc=0.6956
2026-05-14 14:06:17,627 | INFO | SpawnProcess-5 | rnn_run3 | Epoch 251 | train_loss=8.4461 | train_acc=0.9799 | test_loss=2.3813 | test_acc=0.8803
2026-05-14 14:06:19,460 | INFO | SpawnProcess-3 | lstm_run1 | Epoch 017 | train_loss=21.5458 | train_acc=0.9528 | test_loss=3.9638 | test_acc=0.9152
2026-05-14 14:06:22,979 | INFO | SpawnProcess-4 | rnn_run4 | Epoch 241 | train_loss=7.6079 | train_acc=0.9803 | test_loss=2.5677 | test_acc=0.8051
2026-05-14 14:06:24,109 | INFO | SpawnProcess-2 | rnn_run5 | Epoch 209 | train_loss=9.2692 | train_acc=0.9772 | test_loss=2.6514 | test_acc=0.8091
2026-05-14 14:06:25,403 | INFO | SpawnProcess-5 | rnn_run3 | Epoch 252 | train_loss=7.3749 | train_acc=0.9820 | test_loss=2.4118 | test_acc=0.8297
2026-05-14 14:06:25,809 | INFO | SpawnProcess-1 | rnn_run2 | Epoch 286 | train_loss=6.7136 | train_acc=0.9826 | test_loss=2.1483 | test_acc=0.7170
2026-05-14 14:06:28,801 | INFO | SpawnProcess-3 | lstm_run1 | Epoch 018 | train_loss=20.2628 | train_acc=0.9566 | test_loss=3.4934 | test_acc=0.9247
2026-05-14 14:06:30,985 | INFO | SpawnProcess-4 | rnn_run4 | Epoch 242 | train_loss=6.4199 | train_acc=0.9832 | test_loss=2.5149 | test_acc=0.8483
2026-05-14 14:06:32,247 | INFO | SpawnProcess-2 | rnn_run5 | Epoch 210 | train_loss=9.4017 | train_acc=0.9765 | test_loss=2.4314 | test_acc=0.7844
2026-05-14 14:06:33,447 | INFO | SpawnProcess-5 | rnn_run3 | Epoch 253 | train_loss=8.4879 | train_acc=0.9793 | test_loss=2.4680 | test_acc=0.9077
2026-05-14 14:06:34,459 | INFO | SpawnProcess-1 | rnn_run2 | Epoch 287 | train_loss=7.1038 | train_acc=0.9816 | test_loss=2.4636 | test_acc=0.7402
2026-05-14 14:06:37,821 | INFO | SpawnProcess-3 | lstm_run1 | Epoch 019 | train_loss=18.8962 | train_acc=0.9590 | test_loss=3.3289 | test_acc=0.9378
2026-05-14 14:06:39,069 | INFO | SpawnProcess-4 | rnn_run4 | Epoch 243 | train_loss=6.5982 | train_acc=0.9829 | test_loss=2.4486 | test_acc=0.8214
2026-05-14 14:06:40,721 | INFO | SpawnProcess-2 | rnn_run5 | Epoch 211 | train_loss=9.1870 | train_acc=0.9775 | test_loss=2.5945 | test_acc=0.7892
2026-05-14 14:06:41,463 | INFO | SpawnProcess-5 | rnn_run3 | Epoch 254 | train_loss=8.1700 | train_acc=0.9807 | test_loss=2.4672 | test_acc=0.8685
2026-05-14 14:06:43,040 | INFO | SpawnProcess-1 | rnn_run2 | Epoch 288 | train_loss=7.5700 | train_acc=0.9800 | test_loss=2.5300 | test_acc=0.6576
2026-05-14 14:06:47,108 | INFO | SpawnProcess-3 | lstm_run1 | Epoch 020 | train_loss=18.5286 | train_acc=0.9586 | test_loss=3.2784 | test_acc=0.9365
2026-05-14 14:06:47,113 | INFO | SpawnProcess-4 | rnn_run4 | Epoch 244 | train_loss=7.0317 | train_acc=0.9821 | test_loss=2.6066 | test_acc=0.8960
2026-05-14 14:06:48,875 | INFO | SpawnProcess-2 | rnn_run5 | Epoch 212 | train_loss=9.2234 | train_acc=0.9775 | test_loss=2.6555 | test_acc=0.7852
2026-05-14 14:06:49,600 | INFO | SpawnProcess-5 | rnn_run3 | Epoch 255 | train_loss=7.7155 | train_acc=0.9812 | test_loss=2.8203 | test_acc=0.8303
2026-05-14 14:06:51,708 | INFO | SpawnProcess-1 | rnn_run2 | Epoch 289 | train_loss=7.1775 | train_acc=0.9813 | test_loss=2.3731 | test_acc=0.7569
2026-05-14 14:06:54,940 | INFO | SpawnProcess-4 | rnn_run4 | Epoch 245 | train_loss=6.9538 | train_acc=0.9825 | test_loss=2.3859 | test_acc=0.8468
2026-05-14 14:06:56,115 | INFO | SpawnProcess-3 | lstm_run1 | Epoch 021 | train_loss=17.5656 | train_acc=0.9612 | test_loss=3.0824 | test_acc=0.9386
2026-05-14 14:06:56,496 | INFO | SpawnProcess-2 | rnn_run5 | Epoch 213 | train_loss=9.0757 | train_acc=0.9774 | test_loss=2.4739 | test_acc=0.8160
2026-05-14 14:06:57,666 | INFO | SpawnProcess-5 | rnn_run3 | Epoch 256 | train_loss=7.3822 | train_acc=0.9826 | test_loss=2.5049 | test_acc=0.8141
2026-05-14 14:07:00,133 | INFO | SpawnProcess-1 | rnn_run2 | Epoch 290 | train_loss=7.3123 | train_acc=0.9807 | test_loss=3.1072 | test_acc=0.6528
2026-05-14 14:07:03,029 | INFO | SpawnProcess-4 | rnn_run4 | Epoch 246 | train_loss=7.0255 | train_acc=0.9825 | test_loss=2.4157 | test_acc=0.8388
2026-05-14 14:07:04,688 | INFO | SpawnProcess-2 | rnn_run5 | Epoch 214 | train_loss=8.9317 | train_acc=0.9774 | test_loss=2.3875 | test_acc=0.7845
2026-05-14 14:07:05,498 | INFO | SpawnProcess-3 | lstm_run1 | Epoch 022 | train_loss=17.3620 | train_acc=0.9610 | test_loss=3.0321 | test_acc=0.9390
2026-05-14 14:07:05,771 | INFO | SpawnProcess-5 | rnn_run3 | Epoch 257 | train_loss=7.3964 | train_acc=0.9822 | test_loss=2.4192 | test_acc=0.8961
2026-05-14 14:07:08,742 | INFO | SpawnProcess-1 | rnn_run2 | Epoch 291 | train_loss=7.2460 | train_acc=0.9812 | test_loss=2.1939 | test_acc=0.7391
2026-05-14 14:07:11,288 | INFO | SpawnProcess-4 | rnn_run4 | Epoch 247 | train_loss=6.2851 | train_acc=0.9839 | test_loss=2.5162 | test_acc=0.8814
2026-05-14 14:07:12,870 | INFO | SpawnProcess-2 | rnn_run5 | Epoch 215 | train_loss=9.2290 | train_acc=0.9775 | test_loss=2.8328 | test_acc=0.8037
2026-05-14 14:07:14,066 | INFO | SpawnProcess-5 | rnn_run3 | Epoch 258 | train_loss=7.9485 | train_acc=0.9804 | test_loss=2.8837 | test_acc=0.8686
2026-05-14 14:07:14,986 | INFO | SpawnProcess-3 | lstm_run1 | Epoch 023 | train_loss=16.1568 | train_acc=0.9636 | test_loss=2.9518 | test_acc=0.9400
2026-05-14 14:07:17,344 | INFO | SpawnProcess-1 | rnn_run2 | Epoch 292 | train_loss=6.9718 | train_acc=0.9816 | test_loss=2.3954 | test_acc=0.7345
2026-05-14 14:07:19,357 | INFO | SpawnProcess-4 | rnn_run4 | Epoch 248 | train_loss=6.6183 | train_acc=0.9828 | test_loss=2.3916 | test_acc=0.8334
2026-05-14 14:07:21,113 | INFO | SpawnProcess-2 | rnn_run5 | Epoch 216 | train_loss=9.9011 | train_acc=0.9755 | test_loss=2.4142 | test_acc=0.7680
2026-05-14 14:07:22,005 | INFO | SpawnProcess-5 | rnn_run3 | Epoch 259 | train_loss=8.4711 | train_acc=0.9791 | test_loss=2.6748 | test_acc=0.9034
2026-05-14 14:07:24,293 | INFO | SpawnProcess-3 | lstm_run1 | Epoch 024 | train_loss=15.4407 | train_acc=0.9654 | test_loss=2.7941 | test_acc=0.9410
2026-05-14 14:07:25,821 | INFO | SpawnProcess-1 | rnn_run2 | Epoch 293 | train_loss=7.5682 | train_acc=0.9805 | test_loss=3.3167 | test_acc=0.7162
2026-05-14 14:07:27,431 | INFO | SpawnProcess-4 | rnn_run4 | Epoch 249 | train_loss=7.2596 | train_acc=0.9816 | test_loss=2.5598 | test_acc=0.8205
2026-05-14 14:07:28,895 | INFO | SpawnProcess-2 | rnn_run5 | Epoch 217 | train_loss=8.4832 | train_acc=0.9788 | test_loss=2.7970 | test_acc=0.7680
2026-05-14 14:07:29,811 | INFO | SpawnProcess-5 | rnn_run3 | Epoch 260 | train_loss=8.4770 | train_acc=0.9798 | test_loss=2.7878 | test_acc=0.7944
2026-05-14 14:07:33,483 | INFO | SpawnProcess-3 | lstm_run1 | Epoch 025 | train_loss=14.8280 | train_acc=0.9674 | test_loss=2.7838 | test_acc=0.9417
2026-05-14 14:07:34,829 | INFO | SpawnProcess-1 | rnn_run2 | Epoch 294 | train_loss=7.3818 | train_acc=0.9809 | test_loss=2.5341 | test_acc=0.6296
2026-05-14 14:07:35,647 | INFO | SpawnProcess-4 | rnn_run4 | Epoch 250 | train_loss=6.2004 | train_acc=0.9841 | test_loss=2.9130 | test_acc=0.8437
2026-05-14 14:07:37,164 | INFO | SpawnProcess-2 | rnn_run5 | Epoch 218 | train_loss=8.6828 | train_acc=0.9786 | test_loss=2.5560 | test_acc=0.7829
2026-05-14 14:07:37,922 | INFO | SpawnProcess-5 | rnn_run3 | Epoch 261 | train_loss=7.2749 | train_acc=0.9825 | test_loss=2.5640 | test_acc=0.7876
2026-05-14 14:07:43,028 | INFO | SpawnProcess-3 | lstm_run1 | Epoch 026 | train_loss=14.5954 | train_acc=0.9670 | test_loss=2.8373 | test_acc=0.9282
2026-05-14 14:07:43,868 | INFO | SpawnProcess-1 | rnn_run2 | Epoch 295 | train_loss=7.5982 | train_acc=0.9801 | test_loss=2.6201 | test_acc=0.6831
2026-05-14 14:07:43,970 | INFO | SpawnProcess-4 | rnn_run4 | Epoch 251 | train_loss=6.8750 | train_acc=0.9826 | test_loss=2.7449 | test_acc=0.8043
2026-05-14 14:07:45,554 | INFO | SpawnProcess-2 | rnn_run5 | Epoch 219 | train_loss=8.9341 | train_acc=0.9782 | test_loss=2.7295 | test_acc=0.8082
2026-05-14 14:07:46,178 | INFO | SpawnProcess-5 | rnn_run3 | Epoch 262 | train_loss=7.6903 | train_acc=0.9813 | test_loss=2.9414 | test_acc=0.8835
2026-05-14 14:07:52,082 | INFO | SpawnProcess-4 | rnn_run4 | Epoch 252 | train_loss=6.8322 | train_acc=0.9822 | test_loss=2.4855 | test_acc=0.8663
2026-05-14 14:07:52,345 | INFO | SpawnProcess-3 | lstm_run1 | Epoch 027 | train_loss=14.1058 | train_acc=0.9687 | test_loss=2.6931 | test_acc=0.9516
2026-05-14 14:07:52,472 | INFO | SpawnProcess-1 | rnn_run2 | Epoch 296 | train_loss=6.6236 | train_acc=0.9826 | test_loss=2.5117 | test_acc=0.6758
2026-05-14 14:07:53,778 | INFO | SpawnProcess-2 | rnn_run5 | Epoch 220 | train_loss=8.7318 | train_acc=0.9784 | test_loss=2.9061 | test_acc=0.8416
2026-05-14 14:07:54,384 | INFO | SpawnProcess-5 | rnn_run3 | Epoch 263 | train_loss=8.2819 | train_acc=0.9795 | test_loss=2.5657 | test_acc=0.8546
2026-05-14 14:08:00,323 | INFO | SpawnProcess-4 | rnn_run4 | Epoch 253 | train_loss=7.1087 | train_acc=0.9819 | test_loss=2.7265 | test_acc=0.8831
2026-05-14 14:08:00,652 | INFO | SpawnProcess-1 | rnn_run2 | Epoch 297 | train_loss=7.0664 | train_acc=0.9814 | test_loss=2.6157 | test_acc=0.6474
2026-05-14 14:08:01,865 | INFO | SpawnProcess-3 | lstm_run1 | Epoch 028 | train_loss=13.8500 | train_acc=0.9684 | test_loss=2.6135 | test_acc=0.9438
2026-05-14 14:08:01,934 | INFO | SpawnProcess-2 | rnn_run5 | Epoch 221 | train_loss=9.7384 | train_acc=0.9756 | test_loss=3.0656 | test_acc=0.7671
2026-05-14 14:08:01,956 | INFO | SpawnProcess-5 | rnn_run3 | Epoch 264 | train_loss=7.5322 | train_acc=0.9820 | test_loss=2.5260 | test_acc=0.8986
2026-05-14 14:08:08,476 | INFO | SpawnProcess-4 | rnn_run4 | Epoch 254 | train_loss=6.4102 | train_acc=0.9837 | test_loss=2.7331 | test_acc=0.8824
2026-05-14 14:08:08,716 | INFO | SpawnProcess-1 | rnn_run2 | Epoch 298 | train_loss=7.3021 | train_acc=0.9809 | test_loss=2.4923 | test_acc=0.7103
2026-05-14 14:08:10,045 | INFO | SpawnProcess-5 | rnn_run3 | Epoch 265 | train_loss=7.6449 | train_acc=0.9815 | test_loss=2.4181 | test_acc=0.8128
2026-05-14 14:08:10,226 | INFO | SpawnProcess-2 | rnn_run5 | Epoch 222 | train_loss=8.8774 | train_acc=0.9783 | test_loss=2.5556 | test_acc=0.8240
2026-05-14 14:08:11,460 | INFO | SpawnProcess-3 | lstm_run1 | Epoch 029 | train_loss=13.1384 | train_acc=0.9705 | test_loss=2.7190 | test_acc=0.9345
2026-05-14 14:08:16,454 | INFO | SpawnProcess-4 | rnn_run4 | Epoch 255 | train_loss=6.3515 | train_acc=0.9836 | test_loss=3.1129 | test_acc=0.7741
2026-05-14 14:08:17,379 | INFO | SpawnProcess-1 | rnn_run2 | Epoch 299 | train_loss=7.0495 | train_acc=0.9817 | test_loss=2.7426 | test_acc=0.6928
2026-05-14 14:08:18,157 | INFO | SpawnProcess-5 | rnn_run3 | Epoch 266 | train_loss=7.7595 | train_acc=0.9811 | test_loss=2.4357 | test_acc=0.8369
2026-05-14 14:08:18,631 | INFO | SpawnProcess-2 | rnn_run5 | Epoch 223 | train_loss=8.8108 | train_acc=0.9783 | test_loss=2.6514 | test_acc=0.7910
2026-05-14 14:08:21,023 | INFO | SpawnProcess-3 | lstm_run1 | Epoch 030 | train_loss=12.8393 | train_acc=0.9711 | test_loss=2.5101 | test_acc=0.9471
2026-05-14 14:08:24,583 | INFO | SpawnProcess-4 | rnn_run4 | Epoch 256 | train_loss=6.9142 | train_acc=0.9822 | test_loss=2.3783 | test_acc=0.8116
2026-05-14 14:08:26,152 | INFO | SpawnProcess-1 | rnn_run2 | Epoch 300 | train_loss=6.5885 | train_acc=0.9829 | test_loss=2.5438 | test_acc=0.6736
2026-05-14 14:08:26,361 | INFO | SpawnProcess-5 | rnn_run3 | Epoch 267 | train_loss=8.4337 | train_acc=0.9801 | test_loss=2.2807 | test_acc=0.8162
2026-05-14 14:08:27,127 | INFO | SpawnProcess-2 | rnn_run5 | Epoch 224 | train_loss=9.2264 | train_acc=0.9768 | test_loss=2.6498 | test_acc=0.7894
2026-05-14 14:08:30,171 | INFO | SpawnProcess-3 | lstm_run1 | Epoch 031 | train_loss=12.6384 | train_acc=0.9711 | test_loss=2.4183 | test_acc=0.9492
2026-05-14 14:08:32,653 | INFO | SpawnProcess-1 | rnn_run2 | Final train_eval_loss=7.8762 | train_eval_acc=0.6906
2026-05-14 14:08:32,666 | INFO | SpawnProcess-1 | rnn_run2 | complete
2026-05-14 14:08:32,675 | INFO | Completed rnn_run2 on GPU 1
2026-05-14 14:08:32,683 | INFO | SpawnProcess-1 | lstm_run2 | assigned_gpu=1 | seed=1235
2026-05-14 14:08:32,789 | INFO | SpawnProcess-4 | rnn_run4 | Epoch 257 | train_loss=6.2775 | train_acc=0.9843 | test_loss=2.7477 | test_acc=0.8332
2026-05-14 14:08:34,444 | INFO | SpawnProcess-5 | rnn_run3 | Epoch 268 | train_loss=7.9412 | train_acc=0.9804 | test_loss=2.5476 | test_acc=0.9117
2026-05-14 14:08:35,014 | INFO | SpawnProcess-1 | lstm_run2 | trainable_params=7510 | epochs=300
2026-05-14 14:08:35,652 | INFO | SpawnProcess-2 | rnn_run5 | Epoch 225 | train_loss=8.6958 | train_acc=0.9785 | test_loss=2.6513 | test_acc=0.7523
2026-05-14 14:08:38,962 | INFO | SpawnProcess-3 | lstm_run1 | Epoch 032 | train_loss=12.0525 | train_acc=0.9722 | test_loss=2.6927 | test_acc=0.9373
2026-05-14 14:08:40,760 | INFO | SpawnProcess-4 | rnn_run4 | Epoch 258 | train_loss=6.3264 | train_acc=0.9841 | test_loss=2.3319 | test_acc=0.8494
2026-05-14 14:08:42,330 | INFO | SpawnProcess-5 | rnn_run3 | Epoch 269 | train_loss=7.6249 | train_acc=0.9812 | test_loss=2.3838 | test_acc=0.8795
2026-05-14 14:08:43,789 | INFO | SpawnProcess-2 | rnn_run5 | Epoch 226 | train_loss=9.0786 | train_acc=0.9776 | test_loss=2.4523 | test_acc=0.8064
2026-05-14 14:08:45,471 | INFO | SpawnProcess-1 | lstm_run2 | Epoch 001 | train_loss=251.0001 | train_acc=0.2619 | test_loss=34.3457 | test_acc=0.4581
2026-05-14 14:08:47,959 | INFO | SpawnProcess-3 | lstm_run1 | Epoch 033 | train_loss=11.9107 | train_acc=0.9723 | test_loss=2.3634 | test_acc=0.9480
2026-05-14 14:08:48,958 | INFO | SpawnProcess-4 | rnn_run4 | Epoch 259 | train_loss=6.2723 | train_acc=0.9836 | test_loss=2.4736 | test_acc=0.8891
2026-05-14 14:08:50,271 | INFO | SpawnProcess-5 | rnn_run3 | Epoch 270 | train_loss=8.0268 | train_acc=0.9808 | test_loss=2.3053 | test_acc=0.8733
2026-05-14 14:08:51,962 | INFO | SpawnProcess-2 | rnn_run5 | Epoch 227 | train_loss=8.6037 | train_acc=0.9789 | test_loss=2.8287 | test_acc=0.7632
2026-05-14 14:08:56,114 | INFO | SpawnProcess-1 | lstm_run2 | Epoch 002 | train_loss=164.1413 | train_acc=0.6443 | test_loss=22.6380 | test_acc=0.6490
2026-05-14 14:08:56,748 | INFO | SpawnProcess-4 | rnn_run4 | Epoch 260 | train_loss=6.9228 | train_acc=0.9826 | test_loss=2.8864 | test_acc=0.8967
2026-05-14 14:08:57,229 | INFO | SpawnProcess-3 | lstm_run1 | Epoch 034 | train_loss=11.3786 | train_acc=0.9738 | test_loss=2.3471 | test_acc=0.9578
2026-05-14 14:08:58,296 | INFO | SpawnProcess-5 | rnn_run3 | Epoch 271 | train_loss=8.6213 | train_acc=0.9793 | test_loss=2.6564 | test_acc=0.8240
2026-05-14 14:09:00,067 | INFO | SpawnProcess-2 | rnn_run5 | Epoch 228 | train_loss=9.1498 | train_acc=0.9772 | test_loss=2.4532 | test_acc=0.8122
2026-05-14 14:09:04,585 | INFO | SpawnProcess-4 | rnn_run4 | Epoch 261 | train_loss=7.6559 | train_acc=0.9807 | test_loss=2.3697 | test_acc=0.8252
2026-05-14 14:09:06,103 | INFO | SpawnProcess-3 | lstm_run1 | Epoch 035 | train_loss=11.1214 | train_acc=0.9745 | test_loss=2.4985 | test_acc=0.9554
2026-05-14 14:09:06,486 | INFO | SpawnProcess-5 | rnn_run3 | Epoch 272 | train_loss=7.5666 | train_acc=0.9816 | test_loss=2.4727 | test_acc=0.8329
2026-05-14 14:09:06,594 | INFO | SpawnProcess-1 | lstm_run2 | Epoch 003 | train_loss=112.2763 | train_acc=0.7747 | test_loss=15.9938 | test_acc=0.7141
2026-05-14 14:09:08,355 | INFO | SpawnProcess-2 | rnn_run5 | Epoch 229 | train_loss=9.8601 | train_acc=0.9754 | test_loss=2.9976 | test_acc=0.7813
2026-05-14 14:09:12,404 | INFO | SpawnProcess-4 | rnn_run4 | Epoch 262 | train_loss=6.3052 | train_acc=0.9841 | test_loss=2.4161 | test_acc=0.8327
2026-05-14 14:09:13,934 | INFO | SpawnProcess-5 | rnn_run3 | Epoch 273 | train_loss=7.8204 | train_acc=0.9813 | test_loss=2.3679 | test_acc=0.8852
2026-05-14 14:09:15,131 | INFO | SpawnProcess-3 | lstm_run1 | Epoch 036 | train_loss=10.8735 | train_acc=0.9749 | test_loss=2.3842 | test_acc=0.9620
2026-05-14 14:09:16,330 | INFO | SpawnProcess-2 | rnn_run5 | Epoch 230 | train_loss=9.7009 | train_acc=0.9759 | test_loss=2.6936 | test_acc=0.7752
2026-05-14 14:09:16,711 | INFO | SpawnProcess-1 | lstm_run2 | Epoch 004 | train_loss=83.3576 | train_acc=0.8305 | test_loss=12.6704 | test_acc=0.7540
2026-05-14 14:09:20,298 | INFO | SpawnProcess-4 | rnn_run4 | Epoch 263 | train_loss=5.6354 | train_acc=0.9856 | test_loss=2.5429 | test_acc=0.8633
2026-05-14 14:09:21,940 | INFO | SpawnProcess-5 | rnn_run3 | Epoch 274 | train_loss=7.1033 | train_acc=0.9827 | test_loss=2.4225 | test_acc=0.8395
2026-05-14 14:09:24,546 | INFO | SpawnProcess-3 | lstm_run1 | Epoch 037 | train_loss=10.8041 | train_acc=0.9752 | test_loss=2.3335 | test_acc=0.9458
2026-05-14 14:09:24,642 | INFO | SpawnProcess-2 | rnn_run5 | Epoch 231 | train_loss=8.2287 | train_acc=0.9793 | test_loss=2.9177 | test_acc=0.8110
2026-05-14 14:09:27,053 | INFO | SpawnProcess-1 | lstm_run2 | Epoch 005 | train_loss=66.5966 | train_acc=0.8629 | test_loss=10.2094 | test_acc=0.7960
2026-05-14 14:09:28,219 | INFO | SpawnProcess-4 | rnn_run4 | Epoch 264 | train_loss=5.8487 | train_acc=0.9847 | test_loss=2.6148 | test_acc=0.8769
2026-05-14 14:09:30,146 | INFO | SpawnProcess-5 | rnn_run3 | Epoch 275 | train_loss=8.1386 | train_acc=0.9799 | test_loss=2.2639 | test_acc=0.8567
2026-05-14 14:09:32,973 | INFO | SpawnProcess-2 | rnn_run5 | Epoch 232 | train_loss=8.4838 | train_acc=0.9794 | test_loss=2.5043 | test_acc=0.7916
2026-05-14 14:09:34,163 | INFO | SpawnProcess-3 | lstm_run1 | Epoch 038 | train_loss=10.4411 | train_acc=0.9757 | test_loss=2.1333 | test_acc=0.9521
2026-05-14 14:09:36,483 | INFO | SpawnProcess-4 | rnn_run4 | Epoch 265 | train_loss=6.0400 | train_acc=0.9847 | test_loss=2.5155 | test_acc=0.8282
2026-05-14 14:09:37,338 | INFO | SpawnProcess-1 | lstm_run2 | Epoch 006 | train_loss=56.2316 | train_acc=0.8821 | test_loss=8.6353 | test_acc=0.8369
2026-05-14 14:09:38,254 | INFO | SpawnProcess-5 | rnn_run3 | Epoch 276 | train_loss=7.2069 | train_acc=0.9823 | test_loss=2.4302 | test_acc=0.8654
2026-05-14 14:09:41,263 | INFO | SpawnProcess-2 | rnn_run5 | Epoch 233 | train_loss=8.9031 | train_acc=0.9781 | test_loss=2.4658 | test_acc=0.8245
2026-05-14 14:09:43,234 | INFO | SpawnProcess-3 | lstm_run1 | Epoch 039 | train_loss=10.0068 | train_acc=0.9763 | test_loss=2.3213 | test_acc=0.9549
2026-05-14 14:09:44,266 | INFO | SpawnProcess-4 | rnn_run4 | Epoch 266 | train_loss=6.0537 | train_acc=0.9844 | test_loss=2.3963 | test_acc=0.8316
2026-05-14 14:09:46,124 | INFO | SpawnProcess-5 | rnn_run3 | Epoch 277 | train_loss=7.9360 | train_acc=0.9807 | test_loss=2.4408 | test_acc=0.8880
2026-05-14 14:09:47,424 | INFO | SpawnProcess-1 | lstm_run2 | Epoch 007 | train_loss=48.3065 | train_acc=0.8978 | test_loss=7.4761 | test_acc=0.8590
2026-05-14 14:09:49,325 | INFO | SpawnProcess-2 | rnn_run5 | Epoch 234 | train_loss=8.4875 | train_acc=0.9790 | test_loss=2.5460 | test_acc=0.8115
2026-05-14 14:09:51,981 | INFO | SpawnProcess-3 | lstm_run1 | Epoch 040 | train_loss=10.0881 | train_acc=0.9768 | test_loss=2.1251 | test_acc=0.9570
2026-05-14 14:09:52,105 | INFO | SpawnProcess-4 | rnn_run4 | Epoch 267 | train_loss=7.1512 | train_acc=0.9814 | test_loss=2.4871 | test_acc=0.8362
2026-05-14 14:09:54,060 | INFO | SpawnProcess-5 | rnn_run3 | Epoch 278 | train_loss=7.6554 | train_acc=0.9812 | test_loss=2.7793 | test_acc=0.8285
2026-05-14 14:09:57,266 | INFO | SpawnProcess-2 | rnn_run5 | Epoch 235 | train_loss=8.7334 | train_acc=0.9788 | test_loss=2.5096 | test_acc=0.7602
2026-05-14 14:09:57,638 | INFO | SpawnProcess-1 | lstm_run2 | Epoch 008 | train_loss=42.3240 | train_acc=0.9094 | test_loss=6.6589 | test_acc=0.8649
2026-05-14 14:09:59,860 | INFO | SpawnProcess-4 | rnn_run4 | Epoch 268 | train_loss=7.2353 | train_acc=0.9812 | test_loss=2.5566 | test_acc=0.8749
2026-05-14 14:10:01,498 | INFO | SpawnProcess-3 | lstm_run1 | Epoch 041 | train_loss=9.6092 | train_acc=0.9779 | test_loss=2.1700 | test_acc=0.9600
2026-05-14 14:10:02,153 | INFO | SpawnProcess-5 | rnn_run3 | Epoch 279 | train_loss=7.8972 | train_acc=0.9807 | test_loss=2.5294 | test_acc=0.8269
2026-05-14 14:10:05,111 | INFO | SpawnProcess-2 | rnn_run5 | Epoch 236 | train_loss=8.6143 | train_acc=0.9788 | test_loss=2.6856 | test_acc=0.7664
2026-05-14 14:10:07,360 | INFO | SpawnProcess-1 | lstm_run2 | Epoch 009 | train_loss=36.8831 | train_acc=0.9213 | test_loss=5.9717 | test_acc=0.8942
2026-05-14 14:10:07,902 | INFO | SpawnProcess-4 | rnn_run4 | Epoch 269 | train_loss=7.0514 | train_acc=0.9825 | test_loss=2.4926 | test_acc=0.8722
2026-05-14 14:10:10,064 | INFO | SpawnProcess-5 | rnn_run3 | Epoch 280 | train_loss=7.9517 | train_acc=0.9806 | test_loss=2.6566 | test_acc=0.7491
2026-05-14 14:10:11,150 | INFO | SpawnProcess-3 | lstm_run1 | Epoch 042 | train_loss=9.7695 | train_acc=0.9772 | test_loss=2.3562 | test_acc=0.9568
2026-05-14 14:10:13,094 | INFO | SpawnProcess-2 | rnn_run5 | Epoch 237 | train_loss=8.5591 | train_acc=0.9792 | test_loss=2.5263 | test_acc=0.8140
2026-05-14 14:10:16,003 | INFO | SpawnProcess-4 | rnn_run4 | Epoch 270 | train_loss=5.9173 | train_acc=0.9847 | test_loss=2.6168 | test_acc=0.8863
2026-05-14 14:10:17,091 | INFO | SpawnProcess-1 | lstm_run2 | Epoch 010 | train_loss=33.3485 | train_acc=0.9288 | test_loss=5.7064 | test_acc=0.8872
2026-05-14 14:10:18,135 | INFO | SpawnProcess-5 | rnn_run3 | Epoch 281 | train_loss=7.2265 | train_acc=0.9829 | test_loss=2.4374 | test_acc=0.8956
2026-05-14 14:10:20,354 | INFO | SpawnProcess-3 | lstm_run1 | Epoch 043 | train_loss=9.3916 | train_acc=0.9779 | test_loss=2.2574 | test_acc=0.9578
2026-05-14 14:10:21,223 | INFO | SpawnProcess-2 | rnn_run5 | Epoch 238 | train_loss=7.9229 | train_acc=0.9808 | test_loss=2.4830 | test_acc=0.8178
2026-05-14 14:10:24,182 | INFO | SpawnProcess-4 | rnn_run4 | Epoch 271 | train_loss=6.1307 | train_acc=0.9844 | test_loss=2.5730 | test_acc=0.8461
2026-05-14 14:10:26,288 | INFO | SpawnProcess-5 | rnn_run3 | Epoch 282 | train_loss=7.4149 | train_acc=0.9823 | test_loss=2.3784 | test_acc=0.8881
2026-05-14 14:10:26,595 | INFO | SpawnProcess-1 | lstm_run2 | Epoch 011 | train_loss=29.9877 | train_acc=0.9351 | test_loss=4.8108 | test_acc=0.9099
2026-05-14 14:10:29,310 | INFO | SpawnProcess-2 | rnn_run5 | Epoch 239 | train_loss=8.1974 | train_acc=0.9797 | test_loss=2.6443 | test_acc=0.8276
2026-05-14 14:10:29,642 | INFO | SpawnProcess-3 | lstm_run1 | Epoch 044 | train_loss=9.5320 | train_acc=0.9774 | test_loss=2.1018 | test_acc=0.9586
2026-05-14 14:10:32,354 | INFO | SpawnProcess-4 | rnn_run4 | Epoch 272 | train_loss=6.0111 | train_acc=0.9849 | test_loss=3.2018 | test_acc=0.8407
2026-05-14 14:10:34,396 | INFO | SpawnProcess-5 | rnn_run3 | Epoch 283 | train_loss=7.2898 | train_acc=0.9827 | test_loss=3.5284 | test_acc=0.8503
2026-05-14 14:10:36,774 | INFO | SpawnProcess-1 | lstm_run2 | Epoch 012 | train_loss=27.2409 | train_acc=0.9416 | test_loss=4.5351 | test_acc=0.9095
2026-05-14 14:10:37,555 | INFO | SpawnProcess-2 | rnn_run5 | Epoch 240 | train_loss=8.3506 | train_acc=0.9798 | test_loss=2.6829 | test_acc=0.7480
2026-05-14 14:10:39,157 | INFO | SpawnProcess-3 | lstm_run1 | Epoch 045 | train_loss=9.0206 | train_acc=0.9786 | test_loss=2.0974 | test_acc=0.9534
2026-05-14 14:10:40,344 | INFO | SpawnProcess-4 | rnn_run4 | Epoch 273 | train_loss=6.9486 | train_acc=0.9820 | test_loss=2.5554 | test_acc=0.8374
2026-05-14 14:10:42,128 | INFO | SpawnProcess-5 | rnn_run3 | Epoch 284 | train_loss=8.4837 | train_acc=0.9794 | test_loss=2.8416 | test_acc=0.8354
2026-05-14 14:10:45,758 | INFO | SpawnProcess-2 | rnn_run5 | Epoch 241 | train_loss=8.3810 | train_acc=0.9799 | test_loss=3.2130 | test_acc=0.8108
2026-05-14 14:10:46,821 | INFO | SpawnProcess-1 | lstm_run2 | Epoch 013 | train_loss=25.4038 | train_acc=0.9449 | test_loss=4.2526 | test_acc=0.9110
2026-05-14 14:10:48,303 | INFO | SpawnProcess-3 | lstm_run1 | Epoch 046 | train_loss=8.9430 | train_acc=0.9788 | test_loss=2.1809 | test_acc=0.9549
2026-05-14 14:10:48,475 | INFO | SpawnProcess-4 | rnn_run4 | Epoch 274 | train_loss=7.0393 | train_acc=0.9820 | test_loss=2.8512 | test_acc=0.8164
2026-05-14 14:10:50,128 | INFO | SpawnProcess-5 | rnn_run3 | Epoch 285 | train_loss=8.1071 | train_acc=0.9798 | test_loss=2.2112 | test_acc=0.8910
2026-05-14 14:10:54,042 | INFO | SpawnProcess-2 | rnn_run5 | Epoch 242 | train_loss=8.4619 | train_acc=0.9792 | test_loss=2.4958 | test_acc=0.7738
2026-05-14 14:10:56,659 | INFO | SpawnProcess-4 | rnn_run4 | Epoch 275 | train_loss=6.1076 | train_acc=0.9849 | test_loss=2.8914 | test_acc=0.8117
2026-05-14 14:10:57,392 | INFO | SpawnProcess-3 | lstm_run1 | Epoch 047 | train_loss=8.5897 | train_acc=0.9796 | test_loss=1.9661 | test_acc=0.9533
2026-05-14 14:10:57,501 | INFO | SpawnProcess-1 | lstm_run2 | Epoch 014 | train_loss=23.6385 | train_acc=0.9486 | test_loss=3.8756 | test_acc=0.9201
2026-05-14 14:10:58,197 | INFO | SpawnProcess-5 | rnn_run3 | Epoch 286 | train_loss=6.8142 | train_acc=0.9837 | test_loss=2.5426 | test_acc=0.8659
2026-05-14 14:11:02,327 | INFO | SpawnProcess-2 | rnn_run5 | Epoch 243 | train_loss=8.4223 | train_acc=0.9790 | test_loss=2.5070 | test_acc=0.7664
2026-05-14 14:11:04,695 | INFO | SpawnProcess-4 | rnn_run4 | Epoch 276 | train_loss=6.7770 | train_acc=0.9824 | test_loss=2.6814 | test_acc=0.8933
2026-05-14 14:11:06,010 | INFO | SpawnProcess-5 | rnn_run3 | Epoch 287 | train_loss=7.5890 | train_acc=0.9817 | test_loss=2.6371 | test_acc=0.7969
2026-05-14 14:11:06,414 | INFO | SpawnProcess-3 | lstm_run1 | Epoch 048 | train_loss=8.3835 | train_acc=0.9799 | test_loss=1.9495 | test_acc=0.9598
2026-05-14 14:11:07,899 | INFO | SpawnProcess-1 | lstm_run2 | Epoch 015 | train_loss=21.7427 | train_acc=0.9531 | test_loss=3.7130 | test_acc=0.9422
2026-05-14 14:11:10,413 | INFO | SpawnProcess-2 | rnn_run5 | Epoch 244 | train_loss=8.2810 | train_acc=0.9800 | test_loss=2.5557 | test_acc=0.7870
2026-05-14 14:11:12,779 | INFO | SpawnProcess-4 | rnn_run4 | Epoch 277 | train_loss=6.0931 | train_acc=0.9841 | test_loss=2.7897 | test_acc=0.7695
2026-05-14 14:11:13,799 | INFO | SpawnProcess-5 | rnn_run3 | Epoch 288 | train_loss=7.3439 | train_acc=0.9826 | test_loss=2.4859 | test_acc=0.7944
2026-05-14 14:11:15,225 | INFO | SpawnProcess-3 | lstm_run1 | Epoch 049 | train_loss=8.1632 | train_acc=0.9816 | test_loss=2.1140 | test_acc=0.9509
2026-05-14 14:11:18,045 | INFO | SpawnProcess-1 | lstm_run2 | Epoch 016 | train_loss=20.5561 | train_acc=0.9553 | test_loss=3.7488 | test_acc=0.9272
2026-05-14 14:11:18,425 | INFO | SpawnProcess-2 | rnn_run5 | Epoch 245 | train_loss=8.5108 | train_acc=0.9789 | test_loss=2.9872 | test_acc=0.7614
2026-05-14 14:11:20,381 | INFO | SpawnProcess-4 | rnn_run4 | Epoch 278 | train_loss=7.1819 | train_acc=0.9817 | test_loss=2.4398 | test_acc=0.8389
2026-05-14 14:11:21,530 | INFO | SpawnProcess-5 | rnn_run3 | Epoch 289 | train_loss=7.3861 | train_acc=0.9818 | test_loss=2.4652 | test_acc=0.8807
2026-05-14 14:11:24,230 | INFO | SpawnProcess-3 | lstm_run1 | Epoch 050 | train_loss=8.3099 | train_acc=0.9808 | test_loss=2.0317 | test_acc=0.9587
2026-05-14 14:11:26,541 | INFO | SpawnProcess-2 | rnn_run5 | Epoch 246 | train_loss=8.3301 | train_acc=0.9788 | test_loss=2.8263 | test_acc=0.8389
2026-05-14 14:11:28,182 | INFO | SpawnProcess-1 | lstm_run2 | Epoch 017 | train_loss=19.7458 | train_acc=0.9567 | test_loss=3.3243 | test_acc=0.9313
2026-05-14 14:11:28,693 | INFO | SpawnProcess-4 | rnn_run4 | Epoch 279 | train_loss=6.5528 | train_acc=0.9831 | test_loss=2.5490 | test_acc=0.8554
2026-05-14 14:11:29,342 | INFO | SpawnProcess-5 | rnn_run3 | Epoch 290 | train_loss=8.0475 | train_acc=0.9810 | test_loss=2.8236 | test_acc=0.7882
2026-05-14 14:11:33,335 | INFO | SpawnProcess-3 | lstm_run1 | Epoch 051 | train_loss=8.0316 | train_acc=0.9811 | test_loss=2.0351 | test_acc=0.9564
2026-05-14 14:11:34,909 | INFO | SpawnProcess-2 | rnn_run5 | Epoch 247 | train_loss=8.6526 | train_acc=0.9786 | test_loss=2.7090 | test_acc=0.8203
2026-05-14 14:11:36,911 | INFO | SpawnProcess-4 | rnn_run4 | Epoch 280 | train_loss=6.2047 | train_acc=0.9842 | test_loss=2.6334 | test_acc=0.7855
2026-05-14 14:11:37,423 | INFO | SpawnProcess-5 | rnn_run3 | Epoch 291 | train_loss=7.2153 | train_acc=0.9822 | test_loss=3.2704 | test_acc=0.7059
2026-05-14 14:11:38,697 | INFO | SpawnProcess-1 | lstm_run2 | Epoch 018 | train_loss=18.4766 | train_acc=0.9592 | test_loss=3.2009 | test_acc=0.9460
2026-05-14 14:11:42,654 | INFO | SpawnProcess-3 | lstm_run1 | Epoch 052 | train_loss=7.7135 | train_acc=0.9818 | test_loss=1.9873 | test_acc=0.9607
2026-05-14 14:11:43,050 | INFO | SpawnProcess-2 | rnn_run5 | Epoch 248 | train_loss=8.2472 | train_acc=0.9792 | test_loss=2.8022 | test_acc=0.7978
2026-05-14 14:11:45,057 | INFO | SpawnProcess-4 | rnn_run4 | Epoch 281 | train_loss=5.2181 | train_acc=0.9862 | test_loss=2.4309 | test_acc=0.8553
2026-05-14 14:11:45,414 | INFO | SpawnProcess-5 | rnn_run3 | Epoch 292 | train_loss=6.6733 | train_acc=0.9839 | test_loss=2.2440 | test_acc=0.8542
2026-05-14 14:11:48,453 | INFO | SpawnProcess-1 | lstm_run2 | Epoch 019 | train_loss=18.0494 | train_acc=0.9598 | test_loss=3.2139 | test_acc=0.9196
2026-05-14 14:11:51,412 | INFO | SpawnProcess-2 | rnn_run5 | Epoch 249 | train_loss=8.4900 | train_acc=0.9784 | test_loss=2.5364 | test_acc=0.8111
2026-05-14 14:11:52,074 | INFO | SpawnProcess-3 | lstm_run1 | Epoch 053 | train_loss=7.8042 | train_acc=0.9820 | test_loss=1.9715 | test_acc=0.9591
2026-05-14 14:11:53,319 | INFO | SpawnProcess-4 | rnn_run4 | Epoch 282 | train_loss=5.9683 | train_acc=0.9849 | test_loss=2.7379 | test_acc=0.8714
2026-05-14 14:11:53,428 | INFO | SpawnProcess-5 | rnn_run3 | Epoch 293 | train_loss=7.7377 | train_acc=0.9810 | test_loss=2.5874 | test_acc=0.8440
2026-05-14 14:11:58,639 | INFO | SpawnProcess-1 | lstm_run2 | Epoch 020 | train_loss=17.0857 | train_acc=0.9618 | test_loss=2.9256 | test_acc=0.9226
2026-05-14 14:11:59,670 | INFO | SpawnProcess-2 | rnn_run5 | Epoch 250 | train_loss=8.0640 | train_acc=0.9803 | test_loss=2.5950 | test_acc=0.7884
2026-05-14 14:12:01,221 | INFO | SpawnProcess-5 | rnn_run3 | Epoch 294 | train_loss=7.9670 | train_acc=0.9808 | test_loss=2.6668 | test_acc=0.8388
2026-05-14 14:12:01,303 | INFO | SpawnProcess-4 | rnn_run4 | Epoch 283 | train_loss=6.6678 | train_acc=0.9830 | test_loss=2.9022 | test_acc=0.8206
2026-05-14 14:12:01,517 | INFO | SpawnProcess-3 | lstm_run1 | Epoch 054 | train_loss=7.5622 | train_acc=0.9823 | test_loss=1.8796 | test_acc=0.9584
2026-05-14 14:12:07,722 | INFO | SpawnProcess-2 | rnn_run5 | Epoch 251 | train_loss=8.5332 | train_acc=0.9789 | test_loss=2.5429 | test_acc=0.8155
2026-05-14 14:12:08,803 | INFO | SpawnProcess-4 | rnn_run4 | Epoch 284 | train_loss=6.8104 | train_acc=0.9821 | test_loss=2.8126 | test_acc=0.8458
2026-05-14 14:12:09,133 | INFO | SpawnProcess-1 | lstm_run2 | Epoch 021 | train_loss=16.1236 | train_acc=0.9634 | test_loss=3.0950 | test_acc=0.9496
2026-05-14 14:12:09,248 | INFO | SpawnProcess-5 | rnn_run3 | Epoch 295 | train_loss=8.1489 | train_acc=0.9802 | test_loss=2.9044 | test_acc=0.8762
2026-05-14 14:12:10,907 | INFO | SpawnProcess-3 | lstm_run1 | Epoch 055 | train_loss=7.4791 | train_acc=0.9828 | test_loss=1.9579 | test_acc=0.9639
2026-05-14 14:12:15,818 | INFO | SpawnProcess-2 | rnn_run5 | Epoch 252 | train_loss=7.4482 | train_acc=0.9817 | test_loss=2.6849 | test_acc=0.8070
2026-05-14 14:12:16,503 | INFO | SpawnProcess-4 | rnn_run4 | Epoch 285 | train_loss=6.5766 | train_acc=0.9823 | test_loss=2.7686 | test_acc=0.8251
2026-05-14 14:12:17,162 | INFO | SpawnProcess-5 | rnn_run3 | Epoch 296 | train_loss=7.5821 | train_acc=0.9816 | test_loss=3.0049 | test_acc=0.7300
2026-05-14 14:12:18,942 | INFO | SpawnProcess-1 | lstm_run2 | Epoch 022 | train_loss=15.5925 | train_acc=0.9647 | test_loss=2.9019 | test_acc=0.9210
2026-05-14 14:12:19,995 | INFO | SpawnProcess-3 | lstm_run1 | Epoch 056 | train_loss=7.4191 | train_acc=0.9822 | test_loss=1.9658 | test_acc=0.9557
2026-05-14 14:12:24,011 | INFO | SpawnProcess-2 | rnn_run5 | Epoch 253 | train_loss=8.5163 | train_acc=0.9794 | test_loss=2.5558 | test_acc=0.7707
2026-05-14 14:12:24,268 | INFO | SpawnProcess-4 | rnn_run4 | Epoch 286 | train_loss=6.4143 | train_acc=0.9840 | test_loss=2.3430 | test_acc=0.8619
2026-05-14 14:12:24,719 | INFO | SpawnProcess-5 | rnn_run3 | Epoch 297 | train_loss=7.4702 | train_acc=0.9821 | test_loss=2.6719 | test_acc=0.8917
2026-05-14 14:12:29,395 | INFO | SpawnProcess-1 | lstm_run2 | Epoch 023 | train_loss=14.7859 | train_acc=0.9661 | test_loss=2.5304 | test_acc=0.9381
2026-05-14 14:12:29,666 | INFO | SpawnProcess-3 | lstm_run1 | Epoch 057 | train_loss=7.1991 | train_acc=0.9832 | test_loss=1.8721 | test_acc=0.9582
2026-05-14 14:12:31,828 | INFO | SpawnProcess-4 | rnn_run4 | Epoch 287 | train_loss=5.7190 | train_acc=0.9852 | test_loss=2.6390 | test_acc=0.8133
2026-05-14 14:12:32,087 | INFO | SpawnProcess-5 | rnn_run3 | Epoch 298 | train_loss=7.3112 | train_acc=0.9826 | test_loss=2.3383 | test_acc=0.8038
2026-05-14 14:12:32,208 | INFO | SpawnProcess-2 | rnn_run5 | Epoch 254 | train_loss=9.1287 | train_acc=0.9771 | test_loss=2.5929 | test_acc=0.8119
2026-05-14 14:12:39,005 | INFO | SpawnProcess-3 | lstm_run1 | Epoch 058 | train_loss=7.0078 | train_acc=0.9833 | test_loss=1.9282 | test_acc=0.9539
2026-05-14 14:12:39,185 | INFO | SpawnProcess-4 | rnn_run4 | Epoch 288 | train_loss=6.7741 | train_acc=0.9830 | test_loss=2.4650 | test_acc=0.8168
2026-05-14 14:12:39,358 | INFO | SpawnProcess-5 | rnn_run3 | Epoch 299 | train_loss=6.7551 | train_acc=0.9833 | test_loss=2.8353 | test_acc=0.8326
2026-05-14 14:12:39,895 | INFO | SpawnProcess-1 | lstm_run2 | Epoch 024 | train_loss=14.1057 | train_acc=0.9677 | test_loss=2.4808 | test_acc=0.9392
2026-05-14 14:12:40,317 | INFO | SpawnProcess-2 | rnn_run5 | Epoch 255 | train_loss=8.4558 | train_acc=0.9796 | test_loss=2.9922 | test_acc=0.8357
2026-05-14 14:12:47,296 | INFO | SpawnProcess-5 | rnn_run3 | Epoch 300 | train_loss=7.3722 | train_acc=0.9819 | test_loss=2.3136 | test_acc=0.8972
2026-05-14 14:12:47,478 | INFO | SpawnProcess-4 | rnn_run4 | Epoch 289 | train_loss=6.6345 | train_acc=0.9833 | test_loss=2.9397 | test_acc=0.8381
2026-05-14 14:12:48,359 | INFO | SpawnProcess-3 | lstm_run1 | Epoch 059 | train_loss=7.0765 | train_acc=0.9833 | test_loss=2.0412 | test_acc=0.9558
2026-05-14 14:12:48,761 | INFO | SpawnProcess-2 | rnn_run5 | Epoch 256 | train_loss=7.9702 | train_acc=0.9804 | test_loss=2.4779 | test_acc=0.8490
2026-05-14 14:12:50,199 | INFO | SpawnProcess-1 | lstm_run2 | Epoch 025 | train_loss=13.6888 | train_acc=0.9690 | test_loss=2.4168 | test_acc=0.9531
2026-05-14 14:12:53,086 | INFO | SpawnProcess-5 | rnn_run3 | Final train_eval_loss=7.0426 | train_eval_acc=0.9135
2026-05-14 14:12:53,098 | INFO | SpawnProcess-5 | rnn_run3 | complete
2026-05-14 14:12:53,106 | INFO | Completed rnn_run3 on GPU 2
2026-05-14 14:12:53,114 | INFO | SpawnProcess-5 | lstm_run3 | assigned_gpu=2 | seed=1236
2026-05-14 14:12:53,507 | INFO | SpawnProcess-5 | lstm_run3 | trainable_params=7510 | epochs=300
2026-05-14 14:12:55,309 | INFO | SpawnProcess-4 | rnn_run4 | Epoch 290 | train_loss=6.2563 | train_acc=0.9840 | test_loss=2.6877 | test_acc=0.8516
2026-05-14 14:12:57,107 | INFO | SpawnProcess-2 | rnn_run5 | Epoch 257 | train_loss=8.3838 | train_acc=0.9796 | test_loss=5.4085 | test_acc=0.8573
2026-05-14 14:12:57,913 | INFO | SpawnProcess-3 | lstm_run1 | Epoch 060 | train_loss=6.9845 | train_acc=0.9836 | test_loss=1.8792 | test_acc=0.9586
2026-05-14 14:13:00,283 | INFO | SpawnProcess-1 | lstm_run2 | Epoch 026 | train_loss=13.3939 | train_acc=0.9691 | test_loss=2.3678 | test_acc=0.9484
2026-05-14 14:13:02,531 | INFO | SpawnProcess-5 | lstm_run3 | Epoch 001 | train_loss=248.8049 | train_acc=0.2694 | test_loss=34.6855 | test_acc=0.4386
2026-05-14 14:13:03,223 | INFO | SpawnProcess-4 | rnn_run4 | Epoch 291 | train_loss=7.1926 | train_acc=0.9810 | test_loss=2.7524 | test_acc=0.8509
2026-05-14 14:13:05,456 | INFO | SpawnProcess-2 | rnn_run5 | Epoch 258 | train_loss=8.4616 | train_acc=0.9799 | test_loss=2.5248 | test_acc=0.7836
2026-05-14 14:13:07,026 | INFO | SpawnProcess-3 | lstm_run1 | Epoch 061 | train_loss=6.7907 | train_acc=0.9839 | test_loss=1.8051 | test_acc=0.9602
2026-05-14 14:13:10,593 | INFO | SpawnProcess-1 | lstm_run2 | Epoch 027 | train_loss=12.9832 | train_acc=0.9700 | test_loss=2.3845 | test_acc=0.9442
2026-05-14 14:13:11,106 | INFO | SpawnProcess-4 | rnn_run4 | Epoch 292 | train_loss=6.7936 | train_acc=0.9817 | test_loss=2.5116 | test_acc=0.8867
2026-05-14 14:13:12,100 | INFO | SpawnProcess-5 | lstm_run3 | Epoch 002 | train_loss=171.3994 | train_acc=0.5883 | test_loss=24.6959 | test_acc=0.5434
2026-05-14 14:13:13,843 | INFO | SpawnProcess-2 | rnn_run5 | Epoch 259 | train_loss=8.6565 | train_acc=0.9782 | test_loss=3.0646 | test_acc=0.7882
2026-05-14 14:13:16,512 | INFO | SpawnProcess-3 | lstm_run1 | Epoch 062 | train_loss=6.6951 | train_acc=0.9839 | test_loss=1.8102 | test_acc=0.9573
2026-05-14 14:13:19,179 | INFO | SpawnProcess-4 | rnn_run4 | Epoch 293 | train_loss=5.8287 | train_acc=0.9846 | test_loss=2.4708 | test_acc=0.8308
2026-05-14 14:13:20,857 | INFO | SpawnProcess-1 | lstm_run2 | Epoch 028 | train_loss=12.1498 | train_acc=0.9711 | test_loss=2.5618 | test_acc=0.9535
2026-05-14 14:13:21,659 | INFO | SpawnProcess-5 | lstm_run3 | Epoch 003 | train_loss=128.9427 | train_acc=0.6978 | test_loss=19.2186 | test_acc=0.6750
2026-05-14 14:13:22,135 | INFO | SpawnProcess-2 | rnn_run5 | Epoch 260 | train_loss=9.0885 | train_acc=0.9774 | test_loss=2.7917 | test_acc=0.8033
2026-05-14 14:13:25,640 | INFO | SpawnProcess-3 | lstm_run1 | Epoch 063 | train_loss=6.8494 | train_acc=0.9838 | test_loss=1.8729 | test_acc=0.9540
2026-05-14 14:13:27,359 | INFO | SpawnProcess-4 | rnn_run4 | Epoch 294 | train_loss=5.6846 | train_acc=0.9855 | test_loss=2.4363 | test_acc=0.8110
2026-05-14 14:13:30,104 | INFO | SpawnProcess-2 | rnn_run5 | Epoch 261 | train_loss=7.7471 | train_acc=0.9810 | test_loss=2.5241 | test_acc=0.7481
2026-05-14 14:13:31,062 | INFO | SpawnProcess-1 | lstm_run2 | Epoch 029 | train_loss=12.0444 | train_acc=0.9725 | test_loss=2.1887 | test_acc=0.9578
2026-05-14 14:13:31,076 | INFO | SpawnProcess-5 | lstm_run3 | Epoch 004 | train_loss=101.3848 | train_acc=0.7756 | test_loss=15.1238 | test_acc=0.7661
2026-05-14 14:13:34,494 | INFO | SpawnProcess-3 | lstm_run1 | Epoch 064 | train_loss=6.7657 | train_acc=0.9840 | test_loss=1.7882 | test_acc=0.9581
2026-05-14 14:13:35,285 | INFO | SpawnProcess-4 | rnn_run4 | Epoch 295 | train_loss=5.4408 | train_acc=0.9863 | test_loss=2.5195 | test_acc=0.8189
2026-05-14 14:13:38,409 | INFO | SpawnProcess-2 | rnn_run5 | Epoch 262 | train_loss=7.2620 | train_acc=0.9819 | test_loss=2.5658 | test_acc=0.8018
2026-05-14 14:13:40,963 | INFO | SpawnProcess-5 | lstm_run3 | Epoch 005 | train_loss=80.4972 | train_acc=0.8355 | test_loss=12.0376 | test_acc=0.8256
2026-05-14 14:13:41,647 | INFO | SpawnProcess-1 | lstm_run2 | Epoch 030 | train_loss=11.8411 | train_acc=0.9728 | test_loss=2.0237 | test_acc=0.9552
2026-05-14 14:13:42,919 | INFO | SpawnProcess-3 | lstm_run1 | Epoch 065 | train_loss=6.3594 | train_acc=0.9853 | test_loss=1.9151 | test_acc=0.9651
2026-05-14 14:13:43,355 | INFO | SpawnProcess-4 | rnn_run4 | Epoch 296 | train_loss=6.7159 | train_acc=0.9831 | test_loss=2.5239 | test_acc=0.8718
2026-05-14 14:13:46,659 | INFO | SpawnProcess-2 | rnn_run5 | Epoch 263 | train_loss=7.9845 | train_acc=0.9797 | test_loss=3.3771 | test_acc=0.7558
2026-05-14 14:13:50,925 | INFO | SpawnProcess-5 | lstm_run3 | Epoch 006 | train_loss=65.7024 | train_acc=0.8700 | test_loss=9.7908 | test_acc=0.8541
2026-05-14 14:13:51,244 | INFO | SpawnProcess-4 | rnn_run4 | Epoch 297 | train_loss=5.9356 | train_acc=0.9850 | test_loss=2.6450 | test_acc=0.8485
2026-05-14 14:13:51,912 | INFO | SpawnProcess-1 | lstm_run2 | Epoch 031 | train_loss=11.6554 | train_acc=0.9721 | test_loss=2.0115 | test_acc=0.9601
2026-05-14 14:13:52,205 | INFO | SpawnProcess-3 | lstm_run1 | Epoch 066 | train_loss=6.2910 | train_acc=0.9848 | test_loss=1.8190 | test_acc=0.9584
2026-05-14 14:13:54,745 | INFO | SpawnProcess-2 | rnn_run5 | Epoch 264 | train_loss=8.6780 | train_acc=0.9783 | test_loss=3.0151 | test_acc=0.7640
2026-05-14 14:13:59,246 | INFO | SpawnProcess-4 | rnn_run4 | Epoch 298 | train_loss=5.7453 | train_acc=0.9854 | test_loss=2.7408 | test_acc=0.7965
2026-05-14 14:14:00,455 | INFO | SpawnProcess-5 | lstm_run3 | Epoch 007 | train_loss=54.2305 | train_acc=0.8952 | test_loss=8.1754 | test_acc=0.8812
2026-05-14 14:14:01,338 | INFO | SpawnProcess-3 | lstm_run1 | Epoch 067 | train_loss=6.5081 | train_acc=0.9848 | test_loss=1.7561 | test_acc=0.9582
2026-05-14 14:14:01,880 | INFO | SpawnProcess-1 | lstm_run2 | Epoch 032 | train_loss=11.1374 | train_acc=0.9742 | test_loss=2.1973 | test_acc=0.9505
2026-05-14 14:14:03,041 | INFO | SpawnProcess-2 | rnn_run5 | Epoch 265 | train_loss=8.7952 | train_acc=0.9780 | test_loss=2.7394 | test_acc=0.8005
2026-05-14 14:14:07,431 | INFO | SpawnProcess-4 | rnn_run4 | Epoch 299 | train_loss=5.8367 | train_acc=0.9848 | test_loss=2.5414 | test_acc=0.8191
2026-05-14 14:14:09,717 | INFO | SpawnProcess-3 | lstm_run1 | Epoch 068 | train_loss=6.8442 | train_acc=0.9834 | test_loss=1.8109 | test_acc=0.9565
2026-05-14 14:14:10,236 | INFO | SpawnProcess-5 | lstm_run3 | Epoch 008 | train_loss=45.5025 | train_acc=0.9134 | test_loss=6.8630 | test_acc=0.8837
2026-05-14 14:14:11,500 | INFO | SpawnProcess-2 | rnn_run5 | Epoch 266 | train_loss=7.8833 | train_acc=0.9808 | test_loss=2.6676 | test_acc=0.7917
2026-05-14 14:14:12,526 | INFO | SpawnProcess-1 | lstm_run2 | Epoch 033 | train_loss=10.8786 | train_acc=0.9744 | test_loss=2.1114 | test_acc=0.9569
2026-05-14 14:14:15,391 | INFO | SpawnProcess-4 | rnn_run4 | Epoch 300 | train_loss=5.5260 | train_acc=0.9854 | test_loss=2.6868 | test_acc=0.8209
2026-05-14 14:14:18,695 | INFO | SpawnProcess-3 | lstm_run1 | Epoch 069 | train_loss=6.3648 | train_acc=0.9851 | test_loss=1.7281 | test_acc=0.9629
2026-05-14 14:14:19,629 | INFO | SpawnProcess-5 | lstm_run3 | Epoch 009 | train_loss=38.5717 | train_acc=0.9241 | test_loss=5.9476 | test_acc=0.9080
2026-05-14 14:14:19,743 | INFO | SpawnProcess-2 | rnn_run5 | Epoch 267 | train_loss=8.1324 | train_acc=0.9804 | test_loss=2.5612 | test_acc=0.8018
2026-05-14 14:14:21,422 | INFO | SpawnProcess-4 | rnn_run4 | Final train_eval_loss=6.1819 | train_eval_acc=0.8272
2026-05-14 14:14:21,437 | INFO | SpawnProcess-4 | rnn_run4 | complete
2026-05-14 14:14:21,454 | INFO | Completed rnn_run4 on GPU 3
2026-05-14 14:14:21,464 | INFO | SpawnProcess-4 | lstm_run4 | assigned_gpu=3 | seed=1237
2026-05-14 14:14:21,621 | INFO | SpawnProcess-4 | lstm_run4 | trainable_params=7510 | epochs=300
2026-05-14 14:14:22,529 | INFO | SpawnProcess-1 | lstm_run2 | Epoch 034 | train_loss=10.6749 | train_acc=0.9751 | test_loss=2.4205 | test_acc=0.9476
2026-05-14 14:14:27,984 | INFO | SpawnProcess-2 | rnn_run5 | Epoch 268 | train_loss=7.4716 | train_acc=0.9817 | test_loss=2.6387 | test_acc=0.8181
2026-05-14 14:14:28,259 | INFO | SpawnProcess-3 | lstm_run1 | Epoch 070 | train_loss=5.7395 | train_acc=0.9865 | test_loss=1.6976 | test_acc=0.9638
2026-05-14 14:14:29,607 | INFO | SpawnProcess-5 | lstm_run3 | Epoch 010 | train_loss=33.9505 | train_acc=0.9327 | test_loss=5.5139 | test_acc=0.8997
2026-05-14 14:14:31,744 | INFO | SpawnProcess-1 | lstm_run2 | Epoch 035 | train_loss=10.4374 | train_acc=0.9754 | test_loss=1.9285 | test_acc=0.9473
2026-05-14 14:14:33,842 | INFO | SpawnProcess-4 | lstm_run4 | Epoch 001 | train_loss=251.7146 | train_acc=0.2949 | test_loss=34.6884 | test_acc=0.4557
2026-05-14 14:14:36,322 | INFO | SpawnProcess-2 | rnn_run5 | Epoch 269 | train_loss=8.0950 | train_acc=0.9794 | test_loss=2.8147 | test_acc=0.7749
2026-05-14 14:14:37,734 | INFO | SpawnProcess-3 | lstm_run1 | Epoch 071 | train_loss=5.9828 | train_acc=0.9860 | test_loss=1.7919 | test_acc=0.9573
2026-05-14 14:14:39,533 | INFO | SpawnProcess-5 | lstm_run3 | Epoch 011 | train_loss=29.7792 | train_acc=0.9399 | test_loss=5.0242 | test_acc=0.9183
2026-05-14 14:14:41,411 | INFO | SpawnProcess-1 | lstm_run2 | Epoch 036 | train_loss=10.2095 | train_acc=0.9757 | test_loss=1.9659 | test_acc=0.9546
2026-05-14 14:14:43,745 | INFO | SpawnProcess-4 | lstm_run4 | Epoch 002 | train_loss=158.8222 | train_acc=0.6844 | test_loss=20.8066 | test_acc=0.6701
2026-05-14 14:14:44,591 | INFO | SpawnProcess-2 | rnn_run5 | Epoch 270 | train_loss=8.7532 | train_acc=0.9785 | test_loss=2.7100 | test_acc=0.8582
2026-05-14 14:14:47,300 | INFO | SpawnProcess-3 | lstm_run1 | Epoch 072 | train_loss=5.8571 | train_acc=0.9859 | test_loss=1.7849 | test_acc=0.9627
2026-05-14 14:14:49,451 | INFO | SpawnProcess-5 | lstm_run3 | Epoch 012 | train_loss=27.9243 | train_acc=0.9419 | test_loss=4.4689 | test_acc=0.9079
2026-05-14 14:14:51,722 | INFO | SpawnProcess-1 | lstm_run2 | Epoch 037 | train_loss=10.0036 | train_acc=0.9765 | test_loss=2.0507 | test_acc=0.9513
2026-05-14 14:14:52,905 | INFO | SpawnProcess-2 | rnn_run5 | Epoch 271 | train_loss=7.6006 | train_acc=0.9811 | test_loss=2.6340 | test_acc=0.8595
2026-05-14 14:14:53,729 | INFO | SpawnProcess-4 | lstm_run4 | Epoch 003 | train_loss=103.3929 | train_acc=0.8034 | test_loss=14.4520 | test_acc=0.8034
2026-05-14 14:14:56,625 | INFO | SpawnProcess-3 | lstm_run1 | Epoch 073 | train_loss=5.8492 | train_acc=0.9861 | test_loss=1.6883 | test_acc=0.9584
2026-05-14 14:14:59,019 | INFO | SpawnProcess-5 | lstm_run3 | Epoch 013 | train_loss=25.2569 | train_acc=0.9479 | test_loss=4.3396 | test_acc=0.9181
2026-05-14 14:15:01,103 | INFO | SpawnProcess-2 | rnn_run5 | Epoch 272 | train_loss=7.6652 | train_acc=0.9808 | test_loss=2.7172 | test_acc=0.8488
2026-05-14 14:15:01,581 | INFO | SpawnProcess-1 | lstm_run2 | Epoch 038 | train_loss=10.3882 | train_acc=0.9754 | test_loss=1.9026 | test_acc=0.9524
2026-05-14 14:15:03,183 | INFO | SpawnProcess-4 | lstm_run4 | Epoch 004 | train_loss=74.7857 | train_acc=0.8582 | test_loss=11.1296 | test_acc=0.8426
2026-05-14 14:15:06,205 | INFO | SpawnProcess-3 | lstm_run1 | Epoch 074 | train_loss=5.4391 | train_acc=0.9872 | test_loss=1.7521 | test_acc=0.9584
2026-05-14 14:15:08,538 | INFO | SpawnProcess-5 | lstm_run3 | Epoch 014 | train_loss=23.5195 | train_acc=0.9507 | test_loss=3.9544 | test_acc=0.9269
2026-05-14 14:15:09,404 | INFO | SpawnProcess-2 | rnn_run5 | Epoch 273 | train_loss=8.4908 | train_acc=0.9789 | test_loss=2.5304 | test_acc=0.7935
2026-05-14 14:15:11,667 | INFO | SpawnProcess-1 | lstm_run2 | Epoch 039 | train_loss=9.4788 | train_acc=0.9775 | test_loss=1.9741 | test_acc=0.9617
2026-05-14 14:15:12,938 | INFO | SpawnProcess-4 | lstm_run4 | Epoch 005 | train_loss=58.2212 | train_acc=0.8864 | test_loss=8.8179 | test_acc=0.8734
2026-05-14 14:15:15,395 | INFO | SpawnProcess-3 | lstm_run1 | Epoch 075 | train_loss=5.6324 | train_acc=0.9864 | test_loss=1.8177 | test_acc=0.9601
2026-05-14 14:15:17,453 | INFO | SpawnProcess-2 | rnn_run5 | Epoch 274 | train_loss=8.1050 | train_acc=0.9799 | test_loss=2.4104 | test_acc=0.8176
2026-05-14 14:15:18,091 | INFO | SpawnProcess-5 | lstm_run3 | Epoch 015 | train_loss=21.6300 | train_acc=0.9554 | test_loss=3.6515 | test_acc=0.9365
2026-05-14 14:15:21,881 | INFO | SpawnProcess-1 | lstm_run2 | Epoch 040 | train_loss=9.3898 | train_acc=0.9778 | test_loss=1.8032 | test_acc=0.9576
2026-05-14 14:15:22,605 | INFO | SpawnProcess-4 | lstm_run4 | Epoch 006 | train_loss=48.8876 | train_acc=0.9011 | test_loss=7.6318 | test_acc=0.8888
2026-05-14 14:15:24,871 | INFO | SpawnProcess-3 | lstm_run1 | Epoch 076 | train_loss=5.5565 | train_acc=0.9871 | test_loss=1.7648 | test_acc=0.9614
2026-05-14 14:15:25,609 | INFO | SpawnProcess-2 | rnn_run5 | Epoch 275 | train_loss=8.0996 | train_acc=0.9803 | test_loss=2.9419 | test_acc=0.8190
2026-05-14 14:15:27,182 | INFO | SpawnProcess-5 | lstm_run3 | Epoch 016 | train_loss=20.7171 | train_acc=0.9555 | test_loss=3.5265 | test_acc=0.9295
2026-05-14 14:15:32,225 | INFO | SpawnProcess-1 | lstm_run2 | Epoch 041 | train_loss=9.3779 | train_acc=0.9779 | test_loss=1.7982 | test_acc=0.9532
2026-05-14 14:15:32,422 | INFO | SpawnProcess-4 | lstm_run4 | Epoch 007 | train_loss=42.0001 | train_acc=0.9123 | test_loss=6.8142 | test_acc=0.8787
2026-05-14 14:15:33,629 | INFO | SpawnProcess-2 | rnn_run5 | Epoch 276 | train_loss=8.4041 | train_acc=0.9788 | test_loss=2.4356 | test_acc=0.8313
2026-05-14 14:15:33,677 | INFO | SpawnProcess-3 | lstm_run1 | Epoch 077 | train_loss=5.4812 | train_acc=0.9873 | test_loss=1.6885 | test_acc=0.9625
2026-05-14 14:15:35,833 | INFO | SpawnProcess-5 | lstm_run3 | Epoch 017 | train_loss=19.7998 | train_acc=0.9577 | test_loss=3.4434 | test_acc=0.9429
2026-05-14 14:15:41,048 | INFO | SpawnProcess-4 | lstm_run4 | Epoch 008 | train_loss=37.5684 | train_acc=0.9203 | test_loss=5.9429 | test_acc=0.8839
2026-05-14 14:15:41,718 | INFO | SpawnProcess-2 | rnn_run5 | Epoch 277 | train_loss=7.1846 | train_acc=0.9823 | test_loss=2.5836 | test_acc=0.7770
2026-05-14 14:15:42,713 | INFO | SpawnProcess-1 | lstm_run2 | Epoch 042 | train_loss=9.0000 | train_acc=0.9791 | test_loss=2.0512 | test_acc=0.9571
2026-05-14 14:15:43,235 | INFO | SpawnProcess-3 | lstm_run1 | Epoch 078 | train_loss=5.4639 | train_acc=0.9871 | test_loss=1.7549 | test_acc=0.9582
2026-05-14 14:15:44,723 | INFO | SpawnProcess-5 | lstm_run3 | Epoch 018 | train_loss=18.4396 | train_acc=0.9605 | test_loss=3.2739 | test_acc=0.9434
2026-05-14 14:15:49,707 | INFO | SpawnProcess-2 | rnn_run5 | Epoch 278 | train_loss=6.9895 | train_acc=0.9828 | test_loss=2.4591 | test_acc=0.8366
2026-05-14 14:15:49,990 | INFO | SpawnProcess-4 | lstm_run4 | Epoch 009 | train_loss=33.7771 | train_acc=0.9274 | test_loss=5.5560 | test_acc=0.8994
2026-05-14 14:15:52,127 | INFO | SpawnProcess-1 | lstm_run2 | Epoch 043 | train_loss=9.0261 | train_acc=0.9782 | test_loss=1.7596 | test_acc=0.9525
2026-05-14 14:15:52,847 | INFO | SpawnProcess-3 | lstm_run1 | Epoch 079 | train_loss=5.2194 | train_acc=0.9882 | test_loss=1.6779 | test_acc=0.9654
2026-05-14 14:15:53,535 | INFO | SpawnProcess-5 | lstm_run3 | Epoch 019 | train_loss=18.2951 | train_acc=0.9605 | test_loss=3.2315 | test_acc=0.9275
2026-05-14 14:15:57,947 | INFO | SpawnProcess-2 | rnn_run5 | Epoch 279 | train_loss=7.6368 | train_acc=0.9812 | test_loss=2.5694 | test_acc=0.7856
2026-05-14 14:15:59,186 | INFO | SpawnProcess-4 | lstm_run4 | Epoch 010 | train_loss=31.2969 | train_acc=0.9322 | test_loss=5.1414 | test_acc=0.9158
2026-05-14 14:16:01,856 | INFO | SpawnProcess-1 | lstm_run2 | Epoch 044 | train_loss=8.7786 | train_acc=0.9794 | test_loss=1.7024 | test_acc=0.9625
2026-05-14 14:16:02,091 | INFO | SpawnProcess-3 | lstm_run1 | Epoch 080 | train_loss=5.4879 | train_acc=0.9870 | test_loss=1.8864 | test_acc=0.9599
2026-05-14 14:16:02,523 | INFO | SpawnProcess-5 | lstm_run3 | Epoch 020 | train_loss=17.7029 | train_acc=0.9612 | test_loss=3.2161 | test_acc=0.9402
2026-05-14 14:16:05,988 | INFO | SpawnProcess-2 | rnn_run5 | Epoch 280 | train_loss=7.8112 | train_acc=0.9806 | test_loss=2.7590 | test_acc=0.7776
2026-05-14 14:16:08,523 | INFO | SpawnProcess-4 | lstm_run4 | Epoch 011 | train_loss=28.8402 | train_acc=0.9369 | test_loss=4.9619 | test_acc=0.9303
2026-05-14 14:16:10,917 | INFO | SpawnProcess-3 | lstm_run1 | Epoch 081 | train_loss=5.3427 | train_acc=0.9872 | test_loss=1.7642 | test_acc=0.9613
2026-05-14 14:16:11,627 | INFO | SpawnProcess-1 | lstm_run2 | Epoch 045 | train_loss=8.5283 | train_acc=0.9794 | test_loss=1.6933 | test_acc=0.9590
2026-05-14 14:16:12,197 | INFO | SpawnProcess-5 | lstm_run3 | Epoch 021 | train_loss=16.3587 | train_acc=0.9647 | test_loss=3.0731 | test_acc=0.9493
2026-05-14 14:16:14,324 | INFO | SpawnProcess-2 | rnn_run5 | Epoch 281 | train_loss=7.7344 | train_acc=0.9805 | test_loss=3.8122 | test_acc=0.7528
2026-05-14 14:16:18,474 | INFO | SpawnProcess-4 | lstm_run4 | Epoch 012 | train_loss=27.0675 | train_acc=0.9400 | test_loss=4.4974 | test_acc=0.9222
2026-05-14 14:16:20,337 | INFO | SpawnProcess-3 | lstm_run1 | Epoch 082 | train_loss=4.9285 | train_acc=0.9883 | test_loss=1.7899 | test_acc=0.9634
2026-05-14 14:16:21,798 | INFO | SpawnProcess-1 | lstm_run2 | Epoch 046 | train_loss=8.8697 | train_acc=0.9787 | test_loss=1.6737 | test_acc=0.9609
2026-05-14 14:16:22,020 | INFO | SpawnProcess-5 | lstm_run3 | Epoch 022 | train_loss=15.7799 | train_acc=0.9656 | test_loss=3.0070 | test_acc=0.9460
2026-05-14 14:16:22,614 | INFO | SpawnProcess-2 | rnn_run5 | Epoch 282 | train_loss=7.6082 | train_acc=0.9806 | test_loss=2.5261 | test_acc=0.8117
2026-05-14 14:16:27,598 | INFO | SpawnProcess-4 | lstm_run4 | Epoch 013 | train_loss=25.4977 | train_acc=0.9434 | test_loss=4.2834 | test_acc=0.9258
2026-05-14 14:16:29,977 | INFO | SpawnProcess-3 | lstm_run1 | Epoch 083 | train_loss=5.0229 | train_acc=0.9882 | test_loss=1.8037 | test_acc=0.9570
2026-05-14 14:16:30,750 | INFO | SpawnProcess-2 | rnn_run5 | Epoch 283 | train_loss=7.7255 | train_acc=0.9804 | test_loss=2.4707 | test_acc=0.8189
2026-05-14 14:16:31,689 | INFO | SpawnProcess-5 | lstm_run3 | Epoch 023 | train_loss=15.4243 | train_acc=0.9667 | test_loss=2.8595 | test_acc=0.9525
2026-05-14 14:16:32,421 | INFO | SpawnProcess-1 | lstm_run2 | Epoch 047 | train_loss=8.1416 | train_acc=0.9802 | test_loss=1.7180 | test_acc=0.9458
2026-05-14 14:16:36,361 | INFO | SpawnProcess-4 | lstm_run4 | Epoch 014 | train_loss=23.6822 | train_acc=0.9468 | test_loss=3.8998 | test_acc=0.9236
2026-05-14 14:16:38,900 | INFO | SpawnProcess-2 | rnn_run5 | Epoch 284 | train_loss=7.4537 | train_acc=0.9818 | test_loss=2.7092 | test_acc=0.7815
2026-05-14 14:16:39,693 | INFO | SpawnProcess-3 | lstm_run1 | Epoch 084 | train_loss=4.9250 | train_acc=0.9887 | test_loss=1.7543 | test_acc=0.9618
2026-05-14 14:16:41,255 | INFO | SpawnProcess-5 | lstm_run3 | Epoch 024 | train_loss=14.9295 | train_acc=0.9671 | test_loss=2.7846 | test_acc=0.9462
2026-05-14 14:16:42,919 | INFO | SpawnProcess-1 | lstm_run2 | Epoch 048 | train_loss=8.1097 | train_acc=0.9801 | test_loss=1.6643 | test_acc=0.9503
2026-05-14 14:16:45,422 | INFO | SpawnProcess-4 | lstm_run4 | Epoch 015 | train_loss=22.7136 | train_acc=0.9491 | test_loss=4.0553 | test_acc=0.9045
2026-05-14 14:16:46,980 | INFO | SpawnProcess-2 | rnn_run5 | Epoch 285 | train_loss=7.6901 | train_acc=0.9809 | test_loss=2.5742 | test_acc=0.8605
2026-05-14 14:16:49,001 | INFO | SpawnProcess-3 | lstm_run1 | Epoch 085 | train_loss=5.1169 | train_acc=0.9881 | test_loss=1.6652 | test_acc=0.9653
2026-05-14 14:16:50,600 | INFO | SpawnProcess-5 | lstm_run3 | Epoch 025 | train_loss=14.6197 | train_acc=0.9674 | test_loss=2.8675 | test_acc=0.9541
2026-05-14 14:16:53,134 | INFO | SpawnProcess-1 | lstm_run2 | Epoch 049 | train_loss=7.9557 | train_acc=0.9809 | test_loss=1.6208 | test_acc=0.9518
2026-05-14 14:16:54,883 | INFO | SpawnProcess-4 | lstm_run4 | Epoch 016 | train_loss=21.7907 | train_acc=0.9516 | test_loss=3.7471 | test_acc=0.9315
2026-05-14 14:16:55,183 | INFO | SpawnProcess-2 | rnn_run5 | Epoch 286 | train_loss=6.9612 | train_acc=0.9818 | test_loss=2.8936 | test_acc=0.7995
2026-05-14 14:16:57,883 | INFO | SpawnProcess-3 | lstm_run1 | Epoch 086 | train_loss=4.8423 | train_acc=0.9883 | test_loss=1.7048 | test_acc=0.9603
2026-05-14 14:17:00,284 | INFO | SpawnProcess-5 | lstm_run3 | Epoch 026 | train_loss=13.7336 | train_acc=0.9698 | test_loss=2.5910 | test_acc=0.9550
2026-05-14 14:17:03,241 | INFO | SpawnProcess-2 | rnn_run5 | Epoch 287 | train_loss=6.9260 | train_acc=0.9825 | test_loss=2.4049 | test_acc=0.8062
2026-05-14 14:17:03,445 | INFO | SpawnProcess-1 | lstm_run2 | Epoch 050 | train_loss=7.7424 | train_acc=0.9815 | test_loss=1.6605 | test_acc=0.9453
2026-05-14 14:17:04,688 | INFO | SpawnProcess-4 | lstm_run4 | Epoch 017 | train_loss=20.1478 | train_acc=0.9547 | test_loss=3.6441 | test_acc=0.9409
2026-05-14 14:17:07,155 | INFO | SpawnProcess-3 | lstm_run1 | Epoch 087 | train_loss=4.9070 | train_acc=0.9882 | test_loss=1.6492 | test_acc=0.9677
2026-05-14 14:17:09,652 | INFO | SpawnProcess-5 | lstm_run3 | Epoch 027 | train_loss=13.7509 | train_acc=0.9693 | test_loss=2.6155 | test_acc=0.9532
2026-05-14 14:17:11,501 | INFO | SpawnProcess-2 | rnn_run5 | Epoch 288 | train_loss=7.5233 | train_acc=0.9809 | test_loss=2.6293 | test_acc=0.8019
2026-05-14 14:17:13,158 | INFO | SpawnProcess-1 | lstm_run2 | Epoch 051 | train_loss=7.7121 | train_acc=0.9807 | test_loss=1.7301 | test_acc=0.9654
2026-05-14 14:17:14,540 | INFO | SpawnProcess-4 | lstm_run4 | Epoch 018 | train_loss=19.6562 | train_acc=0.9561 | test_loss=3.6349 | test_acc=0.9328
2026-05-14 14:17:16,670 | INFO | SpawnProcess-3 | lstm_run1 | Epoch 088 | train_loss=4.7112 | train_acc=0.9894 | test_loss=1.6921 | test_acc=0.9649
2026-05-14 14:17:18,653 | INFO | SpawnProcess-5 | lstm_run3 | Epoch 028 | train_loss=13.5159 | train_acc=0.9702 | test_loss=2.7510 | test_acc=0.9464
2026-05-14 14:17:19,836 | INFO | SpawnProcess-2 | rnn_run5 | Epoch 289 | train_loss=8.3495 | train_acc=0.9782 | test_loss=3.1003 | test_acc=0.7448
2026-05-14 14:17:23,369 | INFO | SpawnProcess-1 | lstm_run2 | Epoch 052 | train_loss=7.5562 | train_acc=0.9816 | test_loss=1.5572 | test_acc=0.9604
2026-05-14 14:17:24,050 | INFO | SpawnProcess-4 | lstm_run4 | Epoch 019 | train_loss=18.7560 | train_acc=0.9572 | test_loss=3.2778 | test_acc=0.9341
2026-05-14 14:17:26,430 | INFO | SpawnProcess-3 | lstm_run1 | Epoch 089 | train_loss=4.5885 | train_acc=0.9891 | test_loss=1.7263 | test_acc=0.9635
2026-05-14 14:17:27,955 | INFO | SpawnProcess-5 | lstm_run3 | Epoch 029 | train_loss=12.7500 | train_acc=0.9717 | test_loss=2.4184 | test_acc=0.9570
2026-05-14 14:17:28,088 | INFO | SpawnProcess-2 | rnn_run5 | Epoch 290 | train_loss=7.8690 | train_acc=0.9802 | test_loss=2.6551 | test_acc=0.8512
2026-05-14 14:17:33,794 | INFO | SpawnProcess-4 | lstm_run4 | Epoch 020 | train_loss=18.1393 | train_acc=0.9584 | test_loss=3.3838 | test_acc=0.9319
2026-05-14 14:17:33,807 | INFO | SpawnProcess-1 | lstm_run2 | Epoch 053 | train_loss=7.2349 | train_acc=0.9824 | test_loss=1.5688 | test_acc=0.9699
2026-05-14 14:17:35,700 | INFO | SpawnProcess-3 | lstm_run1 | Epoch 090 | train_loss=4.6182 | train_acc=0.9889 | test_loss=1.6874 | test_acc=0.9648
2026-05-14 14:17:35,969 | INFO | SpawnProcess-2 | rnn_run5 | Epoch 291 | train_loss=7.6780 | train_acc=0.9809 | test_loss=2.8592 | test_acc=0.7814
2026-05-14 14:17:37,537 | INFO | SpawnProcess-5 | lstm_run3 | Epoch 030 | train_loss=12.6824 | train_acc=0.9711 | test_loss=2.3699 | test_acc=0.9579
2026-05-14 14:17:43,830 | INFO | SpawnProcess-4 | lstm_run4 | Epoch 021 | train_loss=17.3113 | train_acc=0.9602 | test_loss=3.1138 | test_acc=0.9329
2026-05-14 14:17:43,834 | INFO | SpawnProcess-2 | rnn_run5 | Epoch 292 | train_loss=8.8187 | train_acc=0.9786 | test_loss=2.7792 | test_acc=0.7615
2026-05-14 14:17:44,092 | INFO | SpawnProcess-1 | lstm_run2 | Epoch 054 | train_loss=7.0784 | train_acc=0.9827 | test_loss=1.8187 | test_acc=0.9574
2026-05-14 14:17:44,515 | INFO | SpawnProcess-3 | lstm_run1 | Epoch 091 | train_loss=4.6413 | train_acc=0.9893 | test_loss=1.7190 | test_acc=0.9562
2026-05-14 14:17:47,021 | INFO | SpawnProcess-5 | lstm_run3 | Epoch 031 | train_loss=12.3612 | train_acc=0.9725 | test_loss=2.3427 | test_acc=0.9526
2026-05-14 14:17:51,830 | INFO | SpawnProcess-2 | rnn_run5 | Epoch 293 | train_loss=7.5266 | train_acc=0.9814 | test_loss=2.6436 | test_acc=0.7612
2026-05-14 14:17:52,665 | INFO | SpawnProcess-4 | lstm_run4 | Epoch 022 | train_loss=16.4139 | train_acc=0.9631 | test_loss=3.0604 | test_acc=0.9495
2026-05-14 14:17:53,946 | INFO | SpawnProcess-3 | lstm_run1 | Epoch 092 | train_loss=4.6442 | train_acc=0.9885 | test_loss=1.7286 | test_acc=0.9644
2026-05-14 14:17:53,969 | INFO | SpawnProcess-1 | lstm_run2 | Epoch 055 | train_loss=7.1903 | train_acc=0.9826 | test_loss=1.6720 | test_acc=0.9594
2026-05-14 14:17:56,360 | INFO | SpawnProcess-5 | lstm_run3 | Epoch 032 | train_loss=11.9625 | train_acc=0.9732 | test_loss=2.4209 | test_acc=0.9525
2026-05-14 14:17:59,944 | INFO | SpawnProcess-2 | rnn_run5 | Epoch 294 | train_loss=7.8322 | train_acc=0.9813 | test_loss=2.8378 | test_acc=0.7434
2026-05-14 14:18:02,166 | INFO | SpawnProcess-4 | lstm_run4 | Epoch 023 | train_loss=16.0116 | train_acc=0.9637 | test_loss=3.0634 | test_acc=0.9462
2026-05-14 14:18:03,469 | INFO | SpawnProcess-3 | lstm_run1 | Epoch 093 | train_loss=4.5056 | train_acc=0.9895 | test_loss=1.6971 | test_acc=0.9633
2026-05-14 14:18:04,212 | INFO | SpawnProcess-1 | lstm_run2 | Epoch 056 | train_loss=7.1070 | train_acc=0.9827 | test_loss=1.5956 | test_acc=0.9599
2026-05-14 14:18:05,859 | INFO | SpawnProcess-5 | lstm_run3 | Epoch 033 | train_loss=11.7042 | train_acc=0.9741 | test_loss=2.2398 | test_acc=0.9554
2026-05-14 14:18:08,274 | INFO | SpawnProcess-2 | rnn_run5 | Epoch 295 | train_loss=7.7567 | train_acc=0.9806 | test_loss=2.6914 | test_acc=0.8248
2026-05-14 14:18:12,069 | INFO | SpawnProcess-4 | lstm_run4 | Epoch 024 | train_loss=15.5081 | train_acc=0.9645 | test_loss=3.0098 | test_acc=0.9328
2026-05-14 14:18:12,717 | INFO | SpawnProcess-3 | lstm_run1 | Epoch 094 | train_loss=4.4716 | train_acc=0.9899 | test_loss=1.6817 | test_acc=0.9626
2026-05-14 14:18:14,594 | INFO | SpawnProcess-1 | lstm_run2 | Epoch 057 | train_loss=7.0602 | train_acc=0.9825 | test_loss=1.5841 | test_acc=0.9489
2026-05-14 14:18:15,345 | INFO | SpawnProcess-5 | lstm_run3 | Epoch 034 | train_loss=11.4444 | train_acc=0.9740 | test_loss=2.2856 | test_acc=0.9550
2026-05-14 14:18:16,434 | INFO | SpawnProcess-2 | rnn_run5 | Epoch 296 | train_loss=7.0734 | train_acc=0.9821 | test_loss=3.3819 | test_acc=0.8587
2026-05-14 14:18:22,032 | INFO | SpawnProcess-4 | lstm_run4 | Epoch 025 | train_loss=14.9765 | train_acc=0.9656 | test_loss=2.8626 | test_acc=0.9444
2026-05-14 14:18:22,158 | INFO | SpawnProcess-3 | lstm_run1 | Epoch 095 | train_loss=4.1933 | train_acc=0.9902 | test_loss=1.6189 | test_acc=0.9642
2026-05-14 14:18:24,158 | INFO | SpawnProcess-2 | rnn_run5 | Epoch 297 | train_loss=7.3190 | train_acc=0.9815 | test_loss=3.0381 | test_acc=0.8084
2026-05-14 14:18:25,055 | INFO | SpawnProcess-5 | lstm_run3 | Epoch 035 | train_loss=11.4223 | train_acc=0.9744 | test_loss=2.1867 | test_acc=0.9545
2026-05-14 14:18:25,230 | INFO | SpawnProcess-1 | lstm_run2 | Epoch 058 | train_loss=6.9988 | train_acc=0.9830 | test_loss=1.4928 | test_acc=0.9638
2026-05-14 14:18:31,193 | INFO | SpawnProcess-3 | lstm_run1 | Epoch 096 | train_loss=4.1441 | train_acc=0.9904 | test_loss=1.6661 | test_acc=0.9658
2026-05-14 14:18:31,852 | INFO | SpawnProcess-4 | lstm_run4 | Epoch 026 | train_loss=14.5865 | train_acc=0.9664 | test_loss=2.9836 | test_acc=0.9448
2026-05-14 14:18:32,407 | INFO | SpawnProcess-2 | rnn_run5 | Epoch 298 | train_loss=7.5100 | train_acc=0.9816 | test_loss=2.6991 | test_acc=0.7974
2026-05-14 14:18:34,583 | INFO | SpawnProcess-5 | lstm_run3 | Epoch 036 | train_loss=10.9206 | train_acc=0.9749 | test_loss=2.7038 | test_acc=0.9375
2026-05-14 14:18:35,900 | INFO | SpawnProcess-1 | lstm_run2 | Epoch 059 | train_loss=6.5387 | train_acc=0.9840 | test_loss=1.6306 | test_acc=0.9662
2026-05-14 14:18:39,608 | INFO | SpawnProcess-3 | lstm_run1 | Epoch 097 | train_loss=4.5337 | train_acc=0.9888 | test_loss=1.5864 | test_acc=0.9651
2026-05-14 14:18:40,480 | INFO | SpawnProcess-2 | rnn_run5 | Epoch 299 | train_loss=7.3114 | train_acc=0.9816 | test_loss=2.8383 | test_acc=0.8246
2026-05-14 14:18:41,506 | INFO | SpawnProcess-4 | lstm_run4 | Epoch 027 | train_loss=14.5124 | train_acc=0.9660 | test_loss=2.7165 | test_acc=0.9507
2026-05-14 14:18:44,271 | INFO | SpawnProcess-5 | lstm_run3 | Epoch 037 | train_loss=10.6068 | train_acc=0.9757 | test_loss=2.1895 | test_acc=0.9526
2026-05-14 14:18:46,310 | INFO | SpawnProcess-1 | lstm_run2 | Epoch 060 | train_loss=6.6758 | train_acc=0.9834 | test_loss=1.4919 | test_acc=0.9622
2026-05-14 14:18:48,458 | INFO | SpawnProcess-3 | lstm_run1 | Epoch 098 | train_loss=4.1024 | train_acc=0.9908 | test_loss=1.7030 | test_acc=0.9647
2026-05-14 14:18:48,547 | INFO | SpawnProcess-2 | rnn_run5 | Epoch 300 | train_loss=8.1100 | train_acc=0.9798 | test_loss=2.6181 | test_acc=0.8308
2026-05-14 14:18:51,313 | INFO | SpawnProcess-4 | lstm_run4 | Epoch 028 | train_loss=13.8497 | train_acc=0.9673 | test_loss=2.6496 | test_acc=0.9448
2026-05-14 14:18:53,079 | INFO | SpawnProcess-5 | lstm_run3 | Epoch 038 | train_loss=10.3449 | train_acc=0.9760 | test_loss=2.1744 | test_acc=0.9517
2026-05-14 14:18:54,404 | INFO | SpawnProcess-2 | rnn_run5 | Final train_eval_loss=6.4269 | train_eval_acc=0.8414
2026-05-14 14:18:54,414 | INFO | SpawnProcess-2 | rnn_run5 | complete
2026-05-14 14:18:54,425 | INFO | Completed rnn_run5 on GPU 5
2026-05-14 14:18:54,436 | INFO | SpawnProcess-2 | lstm_run5 | assigned_gpu=5 | seed=1238
2026-05-14 14:18:55,475 | INFO | SpawnProcess-2 | lstm_run5 | trainable_params=7510 | epochs=300
2026-05-14 14:18:56,748 | INFO | SpawnProcess-1 | lstm_run2 | Epoch 061 | train_loss=6.3656 | train_acc=0.9845 | test_loss=1.6279 | test_acc=0.9667
2026-05-14 14:18:57,880 | INFO | SpawnProcess-3 | lstm_run1 | Epoch 099 | train_loss=4.0043 | train_acc=0.9908 | test_loss=1.7542 | test_acc=0.9634
2026-05-14 14:19:00,944 | INFO | SpawnProcess-4 | lstm_run4 | Epoch 029 | train_loss=13.7800 | train_acc=0.9681 | test_loss=2.7003 | test_acc=0.9557
2026-05-14 14:19:02,473 | INFO | SpawnProcess-5 | lstm_run3 | Epoch 039 | train_loss=10.3754 | train_acc=0.9762 | test_loss=2.2598 | test_acc=0.9427
2026-05-14 14:19:05,165 | INFO | SpawnProcess-2 | lstm_run5 | Epoch 001 | train_loss=252.4881 | train_acc=0.2760 | test_loss=36.0486 | test_acc=0.4312
2026-05-14 14:19:06,935 | INFO | SpawnProcess-3 | lstm_run1 | Epoch 100 | train_loss=4.0529 | train_acc=0.9906 | test_loss=1.7707 | test_acc=0.9647
2026-05-14 14:19:06,943 | INFO | SpawnProcess-1 | lstm_run2 | Epoch 062 | train_loss=6.4311 | train_acc=0.9843 | test_loss=1.4165 | test_acc=0.9665
2026-05-14 14:19:10,388 | INFO | SpawnProcess-4 | lstm_run4 | Epoch 030 | train_loss=12.9251 | train_acc=0.9705 | test_loss=2.5520 | test_acc=0.9551
2026-05-14 14:19:12,089 | INFO | SpawnProcess-5 | lstm_run3 | Epoch 040 | train_loss=10.0822 | train_acc=0.9767 | test_loss=1.9817 | test_acc=0.9609
2026-05-14 14:19:14,512 | INFO | SpawnProcess-2 | lstm_run5 | Epoch 002 | train_loss=175.0930 | train_acc=0.6193 | test_loss=24.3079 | test_acc=0.5823
2026-05-14 14:19:15,965 | INFO | SpawnProcess-3 | lstm_run1 | Epoch 101 | train_loss=4.2425 | train_acc=0.9904 | test_loss=1.6346 | test_acc=0.9619
2026-05-14 14:19:16,295 | INFO | SpawnProcess-1 | lstm_run2 | Epoch 063 | train_loss=6.2694 | train_acc=0.9845 | test_loss=1.4667 | test_acc=0.9683
2026-05-14 14:19:19,852 | INFO | SpawnProcess-4 | lstm_run4 | Epoch 031 | train_loss=12.5070 | train_acc=0.9705 | test_loss=2.7007 | test_acc=0.9526
2026-05-14 14:19:21,675 | INFO | SpawnProcess-5 | lstm_run3 | Epoch 041 | train_loss=10.0050 | train_acc=0.9774 | test_loss=1.9855 | test_acc=0.9635
2026-05-14 14:19:24,315 | INFO | SpawnProcess-2 | lstm_run5 | Epoch 003 | train_loss=121.2046 | train_acc=0.7559 | test_loss=17.3011 | test_acc=0.7206
2026-05-14 14:19:25,408 | INFO | SpawnProcess-3 | lstm_run1 | Epoch 102 | train_loss=4.0413 | train_acc=0.9903 | test_loss=1.6644 | test_acc=0.9603
2026-05-14 14:19:25,446 | INFO | SpawnProcess-1 | lstm_run2 | Epoch 064 | train_loss=6.4384 | train_acc=0.9845 | test_loss=1.6809 | test_acc=0.9598
2026-05-14 14:19:29,855 | INFO | SpawnProcess-4 | lstm_run4 | Epoch 032 | train_loss=12.2401 | train_acc=0.9710 | test_loss=2.5894 | test_acc=0.9576
2026-05-14 14:19:31,375 | INFO | SpawnProcess-5 | lstm_run3 | Epoch 042 | train_loss=9.7183 | train_acc=0.9779 | test_loss=1.9665 | test_acc=0.9606
2026-05-14 14:19:34,199 | INFO | SpawnProcess-2 | lstm_run5 | Epoch 004 | train_loss=90.5150 | train_acc=0.8296 | test_loss=13.2866 | test_acc=0.7517
2026-05-14 14:19:34,619 | INFO | SpawnProcess-3 | lstm_run1 | Epoch 103 | train_loss=4.0632 | train_acc=0.9905 | test_loss=1.8847 | test_acc=0.9624
2026-05-14 14:19:35,657 | INFO | SpawnProcess-1 | lstm_run2 | Epoch 065 | train_loss=6.3410 | train_acc=0.9843 | test_loss=1.5584 | test_acc=0.9581
2026-05-14 14:19:39,738 | INFO | SpawnProcess-4 | lstm_run4 | Epoch 033 | train_loss=12.4040 | train_acc=0.9710 | test_loss=2.7474 | test_acc=0.9393
2026-05-14 14:19:40,783 | INFO | SpawnProcess-5 | lstm_run3 | Epoch 043 | train_loss=9.6109 | train_acc=0.9779 | test_loss=2.3473 | test_acc=0.9526
2026-05-14 14:19:43,667 | INFO | SpawnProcess-3 | lstm_run1 | Epoch 104 | train_loss=3.9945 | train_acc=0.9904 | test_loss=1.6662 | test_acc=0.9640
2026-05-14 14:19:44,169 | INFO | SpawnProcess-2 | lstm_run5 | Epoch 005 | train_loss=70.6443 | train_acc=0.8673 | test_loss=10.4579 | test_acc=0.7995
2026-05-14 14:19:45,730 | INFO | SpawnProcess-1 | lstm_run2 | Epoch 066 | train_loss=5.9593 | train_acc=0.9856 | test_loss=1.5445 | test_acc=0.9667
2026-05-14 14:19:49,766 | INFO | SpawnProcess-4 | lstm_run4 | Epoch 034 | train_loss=11.8922 | train_acc=0.9720 | test_loss=2.4326 | test_acc=0.9496
2026-05-14 14:19:50,113 | INFO | SpawnProcess-5 | lstm_run3 | Epoch 044 | train_loss=9.5153 | train_acc=0.9780 | test_loss=1.9939 | test_acc=0.9606
2026-05-14 14:19:52,790 | INFO | SpawnProcess-3 | lstm_run1 | Epoch 105 | train_loss=3.7800 | train_acc=0.9917 | test_loss=1.6381 | test_acc=0.9665
2026-05-14 14:19:54,384 | INFO | SpawnProcess-2 | lstm_run5 | Epoch 006 | train_loss=57.6646 | train_acc=0.8889 | test_loss=8.8759 | test_acc=0.8122
2026-05-14 14:19:55,329 | INFO | SpawnProcess-1 | lstm_run2 | Epoch 067 | train_loss=5.8998 | train_acc=0.9854 | test_loss=1.3600 | test_acc=0.9585
2026-05-14 14:19:59,332 | INFO | SpawnProcess-4 | lstm_run4 | Epoch 035 | train_loss=11.9017 | train_acc=0.9721 | test_loss=2.5085 | test_acc=0.9560
2026-05-14 14:19:59,500 | INFO | SpawnProcess-5 | lstm_run3 | Epoch 045 | train_loss=9.3230 | train_acc=0.9783 | test_loss=1.8996 | test_acc=0.9645
2026-05-14 14:20:01,680 | INFO | SpawnProcess-3 | lstm_run1 | Epoch 106 | train_loss=4.2286 | train_acc=0.9901 | test_loss=1.6003 | test_acc=0.9659
2026-05-14 14:20:04,454 | INFO | SpawnProcess-2 | lstm_run5 | Epoch 007 | train_loss=48.6458 | train_acc=0.9025 | test_loss=7.5631 | test_acc=0.8699
2026-05-14 14:20:05,078 | INFO | SpawnProcess-1 | lstm_run2 | Epoch 068 | train_loss=6.0940 | train_acc=0.9855 | test_loss=1.5081 | test_acc=0.9654
2026-05-14 14:20:08,882 | INFO | SpawnProcess-5 | lstm_run3 | Epoch 046 | train_loss=8.9101 | train_acc=0.9797 | test_loss=1.9606 | test_acc=0.9647
2026-05-14 14:20:08,936 | INFO | SpawnProcess-4 | lstm_run4 | Epoch 036 | train_loss=11.7421 | train_acc=0.9722 | test_loss=2.4351 | test_acc=0.9573
2026-05-14 14:20:10,576 | INFO | SpawnProcess-3 | lstm_run1 | Epoch 107 | train_loss=3.7138 | train_acc=0.9915 | test_loss=1.6391 | test_acc=0.9687
2026-05-14 14:20:14,052 | INFO | SpawnProcess-2 | lstm_run5 | Epoch 008 | train_loss=41.7868 | train_acc=0.9157 | test_loss=6.5955 | test_acc=0.8864
2026-05-14 14:20:14,515 | INFO | SpawnProcess-1 | lstm_run2 | Epoch 069 | train_loss=5.6115 | train_acc=0.9863 | test_loss=1.4668 | test_acc=0.9638
2026-05-14 14:20:18,557 | INFO | SpawnProcess-4 | lstm_run4 | Epoch 037 | train_loss=11.3036 | train_acc=0.9733 | test_loss=2.3008 | test_acc=0.9548
2026-05-14 14:20:18,648 | INFO | SpawnProcess-5 | lstm_run3 | Epoch 047 | train_loss=9.1595 | train_acc=0.9788 | test_loss=1.9997 | test_acc=0.9539
2026-05-14 14:20:19,371 | INFO | SpawnProcess-3 | lstm_run1 | Epoch 108 | train_loss=3.7489 | train_acc=0.9911 | test_loss=1.7316 | test_acc=0.9609
2026-05-14 14:20:24,194 | INFO | SpawnProcess-2 | lstm_run5 | Epoch 009 | train_loss=37.4375 | train_acc=0.9228 | test_loss=6.3850 | test_acc=0.9000
2026-05-14 14:20:24,577 | INFO | SpawnProcess-1 | lstm_run2 | Epoch 070 | train_loss=5.6102 | train_acc=0.9863 | test_loss=1.4013 | test_acc=0.9624
2026-05-14 14:20:28,458 | INFO | SpawnProcess-5 | lstm_run3 | Epoch 048 | train_loss=8.9844 | train_acc=0.9792 | test_loss=1.7834 | test_acc=0.9640
2026-05-14 14:20:28,808 | INFO | SpawnProcess-4 | lstm_run4 | Epoch 038 | train_loss=10.7810 | train_acc=0.9749 | test_loss=2.2586 | test_acc=0.9595
2026-05-14 14:20:28,909 | INFO | SpawnProcess-3 | lstm_run1 | Epoch 109 | train_loss=3.7272 | train_acc=0.9912 | test_loss=1.6708 | test_acc=0.9662
2026-05-14 14:20:34,409 | INFO | SpawnProcess-2 | lstm_run5 | Epoch 010 | train_loss=33.7169 | train_acc=0.9305 | test_loss=5.4711 | test_acc=0.9116
2026-05-14 14:20:34,761 | INFO | SpawnProcess-1 | lstm_run2 | Epoch 071 | train_loss=5.2764 | train_acc=0.9870 | test_loss=1.3665 | test_acc=0.9660
2026-05-14 14:20:38,335 | INFO | SpawnProcess-5 | lstm_run3 | Epoch 049 | train_loss=8.3830 | train_acc=0.9803 | test_loss=1.7880 | test_acc=0.9653
2026-05-14 14:20:38,352 | INFO | SpawnProcess-3 | lstm_run1 | Epoch 110 | train_loss=3.8419 | train_acc=0.9911 | test_loss=1.6209 | test_acc=0.9703
2026-05-14 14:20:38,752 | INFO | SpawnProcess-4 | lstm_run4 | Epoch 039 | train_loss=10.5257 | train_acc=0.9755 | test_loss=2.4920 | test_acc=0.9557
2026-05-14 14:20:44,354 | INFO | SpawnProcess-2 | lstm_run5 | Epoch 011 | train_loss=30.6578 | train_acc=0.9348 | test_loss=5.0108 | test_acc=0.9105
2026-05-14 14:20:45,024 | INFO | SpawnProcess-1 | lstm_run2 | Epoch 072 | train_loss=5.3854 | train_acc=0.9868 | test_loss=1.3230 | test_acc=0.9676
2026-05-14 14:20:47,204 | INFO | SpawnProcess-5 | lstm_run3 | Epoch 050 | train_loss=8.3277 | train_acc=0.9807 | test_loss=1.8326 | test_acc=0.9580
2026-05-14 14:20:47,890 | INFO | SpawnProcess-3 | lstm_run1 | Epoch 111 | train_loss=4.2368 | train_acc=0.9897 | test_loss=1.6444 | test_acc=0.9681
2026-05-14 14:20:48,618 | INFO | SpawnProcess-4 | lstm_run4 | Epoch 040 | train_loss=10.5331 | train_acc=0.9754 | test_loss=2.1966 | test_acc=0.9597
2026-05-14 14:20:54,723 | INFO | SpawnProcess-2 | lstm_run5 | Epoch 012 | train_loss=28.4365 | train_acc=0.9392 | test_loss=4.6430 | test_acc=0.9243
2026-05-14 14:20:55,291 | INFO | SpawnProcess-1 | lstm_run2 | Epoch 073 | train_loss=5.2923 | train_acc=0.9872 | test_loss=1.3801 | test_acc=0.9696
2026-05-14 14:20:56,643 | INFO | SpawnProcess-3 | lstm_run1 | Epoch 112 | train_loss=3.5356 | train_acc=0.9917 | test_loss=1.5826 | test_acc=0.9688
2026-05-14 14:20:57,088 | INFO | SpawnProcess-5 | lstm_run3 | Epoch 051 | train_loss=8.3335 | train_acc=0.9803 | test_loss=1.7325 | test_acc=0.9618
2026-05-14 14:20:58,576 | INFO | SpawnProcess-4 | lstm_run4 | Epoch 041 | train_loss=10.1692 | train_acc=0.9763 | test_loss=2.3654 | test_acc=0.9471
2026-05-14 14:21:05,012 | INFO | SpawnProcess-2 | lstm_run5 | Epoch 013 | train_loss=26.3950 | train_acc=0.9429 | test_loss=4.2514 | test_acc=0.9144
2026-05-14 14:21:05,187 | INFO | SpawnProcess-3 | lstm_run1 | Epoch 113 | train_loss=3.7718 | train_acc=0.9910 | test_loss=1.6777 | test_acc=0.9655
2026-05-14 14:21:05,740 | INFO | SpawnProcess-1 | lstm_run2 | Epoch 074 | train_loss=5.3464 | train_acc=0.9867 | test_loss=1.4457 | test_acc=0.9682
2026-05-14 14:21:06,849 | INFO | SpawnProcess-5 | lstm_run3 | Epoch 052 | train_loss=8.1671 | train_acc=0.9808 | test_loss=1.7461 | test_acc=0.9646
2026-05-14 14:21:08,718 | INFO | SpawnProcess-4 | lstm_run4 | Epoch 042 | train_loss=10.0096 | train_acc=0.9764 | test_loss=2.2302 | test_acc=0.9549
2026-05-14 14:21:13,669 | INFO | SpawnProcess-3 | lstm_run1 | Epoch 114 | train_loss=3.4477 | train_acc=0.9920 | test_loss=1.6929 | test_acc=0.9612
2026-05-14 14:21:15,018 | INFO | SpawnProcess-2 | lstm_run5 | Epoch 014 | train_loss=24.4774 | train_acc=0.9471 | test_loss=4.2862 | test_acc=0.9031
2026-05-14 14:21:16,183 | INFO | SpawnProcess-1 | lstm_run2 | Epoch 075 | train_loss=5.2966 | train_acc=0.9867 | test_loss=1.3491 | test_acc=0.9660
2026-05-14 14:21:16,499 | INFO | SpawnProcess-5 | lstm_run3 | Epoch 053 | train_loss=7.9454 | train_acc=0.9821 | test_loss=1.7913 | test_acc=0.9631
2026-05-14 14:21:18,530 | INFO | SpawnProcess-4 | lstm_run4 | Epoch 043 | train_loss=9.7939 | train_acc=0.9764 | test_loss=2.1826 | test_acc=0.9522
2026-05-14 14:21:22,087 | INFO | SpawnProcess-3 | lstm_run1 | Epoch 115 | train_loss=3.4809 | train_acc=0.9921 | test_loss=1.6526 | test_acc=0.9640
2026-05-14 14:21:24,938 | INFO | SpawnProcess-2 | lstm_run5 | Epoch 015 | train_loss=23.4001 | train_acc=0.9496 | test_loss=3.9680 | test_acc=0.9280
2026-05-14 14:21:25,606 | INFO | SpawnProcess-1 | lstm_run2 | Epoch 076 | train_loss=5.0187 | train_acc=0.9880 | test_loss=1.4255 | test_acc=0.9620
2026-05-14 14:21:26,362 | INFO | SpawnProcess-5 | lstm_run3 | Epoch 054 | train_loss=7.7533 | train_acc=0.9814 | test_loss=1.9027 | test_acc=0.9640
2026-05-14 14:21:28,027 | INFO | SpawnProcess-4 | lstm_run4 | Epoch 044 | train_loss=10.0905 | train_acc=0.9756 | test_loss=2.2639 | test_acc=0.9558
2026-05-14 14:21:30,524 | INFO | SpawnProcess-3 | lstm_run1 | Epoch 116 | train_loss=3.4997 | train_acc=0.9920 | test_loss=1.6233 | test_acc=0.9654
2026-05-14 14:21:34,385 | INFO | SpawnProcess-2 | lstm_run5 | Epoch 016 | train_loss=21.9563 | train_acc=0.9523 | test_loss=3.7230 | test_acc=0.9182
2026-05-14 14:21:35,308 | INFO | SpawnProcess-1 | lstm_run2 | Epoch 077 | train_loss=5.0808 | train_acc=0.9875 | test_loss=1.3893 | test_acc=0.9660
2026-05-14 14:21:35,886 | INFO | SpawnProcess-5 | lstm_run3 | Epoch 055 | train_loss=8.0594 | train_acc=0.9809 | test_loss=1.7764 | test_acc=0.9651
2026-05-14 14:21:37,771 | INFO | SpawnProcess-4 | lstm_run4 | Epoch 045 | train_loss=9.6571 | train_acc=0.9770 | test_loss=2.1338 | test_acc=0.9611
2026-05-14 14:21:38,965 | INFO | SpawnProcess-3 | lstm_run1 | Epoch 117 | train_loss=3.2715 | train_acc=0.9924 | test_loss=1.6514 | test_acc=0.9658
2026-05-14 14:21:44,320 | INFO | SpawnProcess-2 | lstm_run5 | Epoch 017 | train_loss=21.1419 | train_acc=0.9540 | test_loss=3.6115 | test_acc=0.9221
2026-05-14 14:21:45,621 | INFO | SpawnProcess-5 | lstm_run3 | Epoch 056 | train_loss=8.0862 | train_acc=0.9815 | test_loss=1.8792 | test_acc=0.9635
2026-05-14 14:21:45,667 | INFO | SpawnProcess-1 | lstm_run2 | Epoch 078 | train_loss=5.3024 | train_acc=0.9871 | test_loss=1.4930 | test_acc=0.9616
2026-05-14 14:21:47,227 | INFO | SpawnProcess-3 | lstm_run1 | Epoch 118 | train_loss=3.4444 | train_acc=0.9922 | test_loss=1.8101 | test_acc=0.9681
2026-05-14 14:21:47,317 | INFO | SpawnProcess-4 | lstm_run4 | Epoch 046 | train_loss=9.2006 | train_acc=0.9779 | test_loss=2.1597 | test_acc=0.9626
2026-05-14 14:21:54,397 | INFO | SpawnProcess-2 | lstm_run5 | Epoch 018 | train_loss=20.2336 | train_acc=0.9560 | test_loss=3.3850 | test_acc=0.9349
2026-05-14 14:21:55,639 | INFO | SpawnProcess-5 | lstm_run3 | Epoch 057 | train_loss=7.5958 | train_acc=0.9821 | test_loss=2.0202 | test_acc=0.9621
2026-05-14 14:21:55,698 | INFO | SpawnProcess-1 | lstm_run2 | Epoch 079 | train_loss=4.9335 | train_acc=0.9880 | test_loss=1.3344 | test_acc=0.9591
2026-05-14 14:21:56,399 | INFO | SpawnProcess-3 | lstm_run1 | Epoch 119 | train_loss=3.7878 | train_acc=0.9909 | test_loss=1.5541 | test_acc=0.9699
2026-05-14 14:21:57,431 | INFO | SpawnProcess-4 | lstm_run4 | Epoch 047 | train_loss=9.2853 | train_acc=0.9775 | test_loss=2.1206 | test_acc=0.9617
2026-05-14 14:22:04,528 | INFO | SpawnProcess-2 | lstm_run5 | Epoch 019 | train_loss=19.0048 | train_acc=0.9588 | test_loss=3.4122 | test_acc=0.9342
2026-05-14 14:22:05,109 | INFO | SpawnProcess-1 | lstm_run2 | Epoch 080 | train_loss=5.0782 | train_acc=0.9874 | test_loss=1.4364 | test_acc=0.9712
2026-05-14 14:22:05,623 | INFO | SpawnProcess-5 | lstm_run3 | Epoch 058 | train_loss=7.4488 | train_acc=0.9825 | test_loss=1.6221 | test_acc=0.9674
2026-05-14 14:22:05,772 | INFO | SpawnProcess-3 | lstm_run1 | Epoch 120 | train_loss=3.4603 | train_acc=0.9922 | test_loss=1.8080 | test_acc=0.9626
2026-05-14 14:22:07,018 | INFO | SpawnProcess-4 | lstm_run4 | Epoch 048 | train_loss=8.9975 | train_acc=0.9784 | test_loss=2.0693 | test_acc=0.9596
2026-05-14 14:22:14,530 | INFO | SpawnProcess-2 | lstm_run5 | Epoch 020 | train_loss=18.6245 | train_acc=0.9595 | test_loss=3.2432 | test_acc=0.9317
2026-05-14 14:22:15,157 | INFO | SpawnProcess-5 | lstm_run3 | Epoch 059 | train_loss=7.1944 | train_acc=0.9836 | test_loss=1.7050 | test_acc=0.9639
2026-05-14 14:22:15,180 | INFO | SpawnProcess-3 | lstm_run1 | Epoch 121 | train_loss=3.6591 | train_acc=0.9915 | test_loss=1.6107 | test_acc=0.9692
2026-05-14 14:22:15,604 | INFO | SpawnProcess-1 | lstm_run2 | Epoch 081 | train_loss=5.0045 | train_acc=0.9878 | test_loss=1.3420 | test_acc=0.9663
2026-05-14 14:22:17,004 | INFO | SpawnProcess-4 | lstm_run4 | Epoch 049 | train_loss=9.0477 | train_acc=0.9783 | test_loss=1.9953 | test_acc=0.9573
2026-05-14 14:22:23,654 | INFO | SpawnProcess-3 | lstm_run1 | Epoch 122 | train_loss=3.3187 | train_acc=0.9923 | test_loss=1.6900 | test_acc=0.9620
2026-05-14 14:22:23,772 | INFO | SpawnProcess-5 | lstm_run3 | Epoch 060 | train_loss=7.3430 | train_acc=0.9830 | test_loss=1.7145 | test_acc=0.9617
2026-05-14 14:22:24,363 | INFO | SpawnProcess-2 | lstm_run5 | Epoch 021 | train_loss=17.5196 | train_acc=0.9623 | test_loss=3.0971 | test_acc=0.9429
2026-05-14 14:22:25,351 | INFO | SpawnProcess-1 | lstm_run2 | Epoch 082 | train_loss=4.7958 | train_acc=0.9883 | test_loss=1.4303 | test_acc=0.9716
2026-05-14 14:22:26,340 | INFO | SpawnProcess-4 | lstm_run4 | Epoch 050 | train_loss=8.7902 | train_acc=0.9784 | test_loss=2.1003 | test_acc=0.9581
2026-05-14 14:22:32,388 | INFO | SpawnProcess-5 | lstm_run3 | Epoch 061 | train_loss=7.0437 | train_acc=0.9835 | test_loss=1.6066 | test_acc=0.9664
2026-05-14 14:22:33,004 | INFO | SpawnProcess-3 | lstm_run1 | Epoch 123 | train_loss=3.5388 | train_acc=0.9916 | test_loss=1.7539 | test_acc=0.9649
2026-05-14 14:22:33,776 | INFO | SpawnProcess-2 | lstm_run5 | Epoch 022 | train_loss=17.4625 | train_acc=0.9622 | test_loss=3.1598 | test_acc=0.9443
2026-05-14 14:22:35,352 | INFO | SpawnProcess-1 | lstm_run2 | Epoch 083 | train_loss=4.8788 | train_acc=0.9880 | test_loss=1.4852 | test_acc=0.9578
2026-05-14 14:22:35,925 | INFO | SpawnProcess-4 | lstm_run4 | Epoch 051 | train_loss=8.7281 | train_acc=0.9791 | test_loss=2.1720 | test_acc=0.9577
2026-05-14 14:22:41,585 | INFO | SpawnProcess-5 | lstm_run3 | Epoch 062 | train_loss=6.8685 | train_acc=0.9839 | test_loss=1.7126 | test_acc=0.9643
2026-05-14 14:22:42,561 | INFO | SpawnProcess-3 | lstm_run1 | Epoch 124 | train_loss=3.0178 | train_acc=0.9932 | test_loss=1.6345 | test_acc=0.9651
2026-05-14 14:22:43,242 | INFO | SpawnProcess-2 | lstm_run5 | Epoch 023 | train_loss=16.9772 | train_acc=0.9633 | test_loss=3.0110 | test_acc=0.9414
2026-05-14 14:22:45,718 | INFO | SpawnProcess-1 | lstm_run2 | Epoch 084 | train_loss=4.8129 | train_acc=0.9881 | test_loss=1.3869 | test_acc=0.9608
2026-05-14 14:22:45,970 | INFO | SpawnProcess-4 | lstm_run4 | Epoch 052 | train_loss=8.4385 | train_acc=0.9792 | test_loss=2.0475 | test_acc=0.9625
2026-05-14 14:22:51,096 | INFO | SpawnProcess-5 | lstm_run3 | Epoch 063 | train_loss=6.6795 | train_acc=0.9843 | test_loss=1.5863 | test_acc=0.9659
2026-05-14 14:22:51,163 | INFO | SpawnProcess-3 | lstm_run1 | Epoch 125 | train_loss=3.1780 | train_acc=0.9928 | test_loss=1.7670 | test_acc=0.9642
2026-05-14 14:22:52,667 | INFO | SpawnProcess-2 | lstm_run5 | Epoch 024 | train_loss=15.9997 | train_acc=0.9652 | test_loss=2.9778 | test_acc=0.9551
2026-05-14 14:22:55,363 | INFO | SpawnProcess-1 | lstm_run2 | Epoch 085 | train_loss=4.5680 | train_acc=0.9887 | test_loss=1.3170 | test_acc=0.9716
2026-05-14 14:22:56,031 | INFO | SpawnProcess-4 | lstm_run4 | Epoch 053 | train_loss=8.4052 | train_acc=0.9799 | test_loss=2.0367 | test_acc=0.9589
2026-05-14 14:22:59,892 | INFO | SpawnProcess-3 | lstm_run1 | Epoch 126 | train_loss=2.9870 | train_acc=0.9931 | test_loss=1.7132 | test_acc=0.9653
2026-05-14 14:23:00,830 | INFO | SpawnProcess-5 | lstm_run3 | Epoch 064 | train_loss=6.5736 | train_acc=0.9846 | test_loss=1.6692 | test_acc=0.9589
2026-05-14 14:23:02,432 | INFO | SpawnProcess-2 | lstm_run5 | Epoch 025 | train_loss=15.7530 | train_acc=0.9649 | test_loss=2.8535 | test_acc=0.9485
2026-05-14 14:23:05,032 | INFO | SpawnProcess-1 | lstm_run2 | Epoch 086 | train_loss=4.6892 | train_acc=0.9886 | test_loss=1.2703 | test_acc=0.9650
2026-05-14 14:23:05,676 | INFO | SpawnProcess-4 | lstm_run4 | Epoch 054 | train_loss=8.3354 | train_acc=0.9795 | test_loss=2.1241 | test_acc=0.9542
2026-05-14 14:23:08,812 | INFO | SpawnProcess-3 | lstm_run1 | Epoch 127 | train_loss=3.1091 | train_acc=0.9924 | test_loss=1.7126 | test_acc=0.9658
2026-05-14 14:23:10,748 | INFO | SpawnProcess-5 | lstm_run3 | Epoch 065 | train_loss=6.9896 | train_acc=0.9837 | test_loss=1.6425 | test_acc=0.9640
2026-05-14 14:23:12,226 | INFO | SpawnProcess-2 | lstm_run5 | Epoch 026 | train_loss=14.9431 | train_acc=0.9672 | test_loss=2.6728 | test_acc=0.9502
2026-05-14 14:23:14,435 | INFO | SpawnProcess-1 | lstm_run2 | Epoch 087 | train_loss=4.6155 | train_acc=0.9885 | test_loss=1.3420 | test_acc=0.9716
2026-05-14 14:23:15,262 | INFO | SpawnProcess-4 | lstm_run4 | Epoch 055 | train_loss=8.2657 | train_acc=0.9796 | test_loss=1.9180 | test_acc=0.9609
2026-05-14 14:23:18,028 | INFO | SpawnProcess-3 | lstm_run1 | Epoch 128 | train_loss=3.5252 | train_acc=0.9916 | test_loss=1.9183 | test_acc=0.9626
2026-05-14 14:23:20,557 | INFO | SpawnProcess-5 | lstm_run3 | Epoch 066 | train_loss=6.9888 | train_acc=0.9835 | test_loss=1.6992 | test_acc=0.9631
2026-05-14 14:23:21,813 | INFO | SpawnProcess-2 | lstm_run5 | Epoch 027 | train_loss=14.8713 | train_acc=0.9675 | test_loss=2.6741 | test_acc=0.9468
2026-05-14 14:23:24,184 | INFO | SpawnProcess-1 | lstm_run2 | Epoch 088 | train_loss=4.7250 | train_acc=0.9880 | test_loss=1.4027 | test_acc=0.9638
2026-05-14 14:23:24,357 | INFO | SpawnProcess-4 | lstm_run4 | Epoch 056 | train_loss=7.8878 | train_acc=0.9806 | test_loss=1.9054 | test_acc=0.9640
2026-05-14 14:23:27,026 | INFO | SpawnProcess-3 | lstm_run1 | Epoch 129 | train_loss=3.0570 | train_acc=0.9930 | test_loss=1.7282 | test_acc=0.9653
2026-05-14 14:23:30,150 | INFO | SpawnProcess-5 | lstm_run3 | Epoch 067 | train_loss=6.7445 | train_acc=0.9836 | test_loss=1.5687 | test_acc=0.9640
2026-05-14 14:23:31,752 | INFO | SpawnProcess-2 | lstm_run5 | Epoch 028 | train_loss=14.2538 | train_acc=0.9688 | test_loss=2.7147 | test_acc=0.9487
2026-05-14 14:23:34,075 | INFO | SpawnProcess-4 | lstm_run4 | Epoch 057 | train_loss=8.1619 | train_acc=0.9799 | test_loss=2.1405 | test_acc=0.9531
2026-05-14 14:23:34,574 | INFO | SpawnProcess-1 | lstm_run2 | Epoch 089 | train_loss=4.3076 | train_acc=0.9895 | test_loss=1.2982 | test_acc=0.9692
2026-05-14 14:23:36,213 | INFO | SpawnProcess-3 | lstm_run1 | Epoch 130 | train_loss=3.4286 | train_acc=0.9919 | test_loss=1.6251 | test_acc=0.9668
2026-05-14 14:23:39,632 | INFO | SpawnProcess-5 | lstm_run3 | Epoch 068 | train_loss=6.6739 | train_acc=0.9840 | test_loss=1.5863 | test_acc=0.9650
2026-05-14 14:23:41,578 | INFO | SpawnProcess-2 | lstm_run5 | Epoch 029 | train_loss=13.8759 | train_acc=0.9694 | test_loss=2.5718 | test_acc=0.9546
2026-05-14 14:23:43,468 | INFO | SpawnProcess-4 | lstm_run4 | Epoch 058 | train_loss=8.0877 | train_acc=0.9808 | test_loss=1.8325 | test_acc=0.9649
2026-05-14 14:23:44,459 | INFO | SpawnProcess-1 | lstm_run2 | Epoch 090 | train_loss=4.2725 | train_acc=0.9892 | test_loss=1.5171 | test_acc=0.9599
2026-05-14 14:23:45,214 | INFO | SpawnProcess-3 | lstm_run1 | Epoch 131 | train_loss=2.8100 | train_acc=0.9937 | test_loss=1.6111 | test_acc=0.9650
2026-05-14 14:23:48,651 | INFO | SpawnProcess-5 | lstm_run3 | Epoch 069 | train_loss=6.1838 | train_acc=0.9849 | test_loss=1.5478 | test_acc=0.9643
2026-05-14 14:23:51,786 | INFO | SpawnProcess-2 | lstm_run5 | Epoch 030 | train_loss=13.6552 | train_acc=0.9701 | test_loss=2.7003 | test_acc=0.9475
2026-05-14 14:23:52,615 | INFO | SpawnProcess-4 | lstm_run4 | Epoch 059 | train_loss=7.6131 | train_acc=0.9815 | test_loss=1.8720 | test_acc=0.9628
2026-05-14 14:23:53,803 | INFO | SpawnProcess-3 | lstm_run1 | Epoch 132 | train_loss=2.8638 | train_acc=0.9935 | test_loss=1.7106 | test_acc=0.9612
2026-05-14 14:23:54,719 | INFO | SpawnProcess-1 | lstm_run2 | Epoch 091 | train_loss=4.2841 | train_acc=0.9892 | test_loss=1.5218 | test_acc=0.9641
2026-05-14 14:23:57,621 | INFO | SpawnProcess-5 | lstm_run3 | Epoch 070 | train_loss=6.2080 | train_acc=0.9852 | test_loss=1.5536 | test_acc=0.9705
2026-05-14 14:24:01,848 | INFO | SpawnProcess-2 | lstm_run5 | Epoch 031 | train_loss=13.7273 | train_acc=0.9697 | test_loss=2.5303 | test_acc=0.9542
2026-05-14 14:24:02,328 | INFO | SpawnProcess-4 | lstm_run4 | Epoch 060 | train_loss=7.6155 | train_acc=0.9812 | test_loss=1.9314 | test_acc=0.9614
2026-05-14 14:24:02,842 | INFO | SpawnProcess-3 | lstm_run1 | Epoch 133 | train_loss=2.9605 | train_acc=0.9932 | test_loss=1.8061 | test_acc=0.9644
2026-05-14 14:24:04,292 | INFO | SpawnProcess-1 | lstm_run2 | Epoch 092 | train_loss=4.4453 | train_acc=0.9887 | test_loss=1.2694 | test_acc=0.9708
2026-05-14 14:24:07,454 | INFO | SpawnProcess-5 | lstm_run3 | Epoch 071 | train_loss=6.0627 | train_acc=0.9855 | test_loss=1.5065 | test_acc=0.9639
2026-05-14 14:24:11,915 | INFO | SpawnProcess-2 | lstm_run5 | Epoch 032 | train_loss=12.8215 | train_acc=0.9713 | test_loss=2.3945 | test_acc=0.9554
2026-05-14 14:24:12,126 | INFO | SpawnProcess-3 | lstm_run1 | Epoch 134 | train_loss=3.1156 | train_acc=0.9928 | test_loss=1.6890 | test_acc=0.9666
2026-05-14 14:24:12,327 | INFO | SpawnProcess-4 | lstm_run4 | Epoch 061 | train_loss=7.7649 | train_acc=0.9809 | test_loss=1.8528 | test_acc=0.9628
2026-05-14 14:24:14,480 | INFO | SpawnProcess-1 | lstm_run2 | Epoch 093 | train_loss=4.1436 | train_acc=0.9903 | test_loss=1.2665 | test_acc=0.9698
2026-05-14 14:24:17,437 | INFO | SpawnProcess-5 | lstm_run3 | Epoch 072 | train_loss=6.3199 | train_acc=0.9847 | test_loss=1.5477 | test_acc=0.9626
2026-05-14 14:24:21,100 | INFO | SpawnProcess-3 | lstm_run1 | Epoch 135 | train_loss=3.0895 | train_acc=0.9928 | test_loss=1.6432 | test_acc=0.9696
2026-05-14 14:24:21,740 | INFO | SpawnProcess-2 | lstm_run5 | Epoch 033 | train_loss=13.1679 | train_acc=0.9702 | test_loss=2.5490 | test_acc=0.9451
2026-05-14 14:24:22,252 | INFO | SpawnProcess-4 | lstm_run4 | Epoch 062 | train_loss=7.2915 | train_acc=0.9821 | test_loss=1.8686 | test_acc=0.9651
2026-05-14 14:24:24,441 | INFO | SpawnProcess-1 | lstm_run2 | Epoch 094 | train_loss=4.0309 | train_acc=0.9905 | test_loss=1.2930 | test_acc=0.9719
2026-05-14 14:24:27,030 | INFO | SpawnProcess-5 | lstm_run3 | Epoch 073 | train_loss=5.9302 | train_acc=0.9858 | test_loss=1.5319 | test_acc=0.9631
2026-05-14 14:24:30,460 | INFO | SpawnProcess-3 | lstm_run1 | Epoch 136 | train_loss=2.9575 | train_acc=0.9932 | test_loss=1.7479 | test_acc=0.9665
2026-05-14 14:24:31,443 | INFO | SpawnProcess-2 | lstm_run5 | Epoch 034 | train_loss=12.2826 | train_acc=0.9725 | test_loss=2.4719 | test_acc=0.9470
2026-05-14 14:24:32,038 | INFO | SpawnProcess-4 | lstm_run4 | Epoch 063 | train_loss=7.2290 | train_acc=0.9820 | test_loss=1.8827 | test_acc=0.9663
2026-05-14 14:24:34,324 | INFO | SpawnProcess-1 | lstm_run2 | Epoch 095 | train_loss=3.8637 | train_acc=0.9905 | test_loss=1.4090 | test_acc=0.9621
2026-05-14 14:24:36,618 | INFO | SpawnProcess-5 | lstm_run3 | Epoch 074 | train_loss=5.8748 | train_acc=0.9857 | test_loss=1.6022 | test_acc=0.9624
2026-05-14 14:24:39,406 | INFO | SpawnProcess-3 | lstm_run1 | Epoch 137 | train_loss=2.9668 | train_acc=0.9930 | test_loss=1.7558 | test_acc=0.9681
2026-05-14 14:24:41,128 | INFO | SpawnProcess-4 | lstm_run4 | Epoch 064 | train_loss=7.3761 | train_acc=0.9820 | test_loss=2.0000 | test_acc=0.9534
2026-05-14 14:24:41,166 | INFO | SpawnProcess-2 | lstm_run5 | Epoch 035 | train_loss=12.1407 | train_acc=0.9729 | test_loss=2.3410 | test_acc=0.9551
2026-05-14 14:24:44,588 | INFO | SpawnProcess-1 | lstm_run2 | Epoch 096 | train_loss=4.1246 | train_acc=0.9899 | test_loss=1.2505 | test_acc=0.9709
2026-05-14 14:24:46,326 | INFO | SpawnProcess-5 | lstm_run3 | Epoch 075 | train_loss=5.9838 | train_acc=0.9857 | test_loss=1.7264 | test_acc=0.9682
2026-05-14 14:24:48,365 | INFO | SpawnProcess-3 | lstm_run1 | Epoch 138 | train_loss=2.8838 | train_acc=0.9934 | test_loss=1.6974 | test_acc=0.9646
2026-05-14 14:24:50,174 | INFO | SpawnProcess-4 | lstm_run4 | Epoch 065 | train_loss=7.3116 | train_acc=0.9820 | test_loss=1.8412 | test_acc=0.9669
2026-05-14 14:24:51,164 | INFO | SpawnProcess-2 | lstm_run5 | Epoch 036 | train_loss=12.0357 | train_acc=0.9732 | test_loss=2.3288 | test_acc=0.9520
2026-05-14 14:24:54,393 | INFO | SpawnProcess-1 | lstm_run2 | Epoch 097 | train_loss=3.9093 | train_acc=0.9905 | test_loss=1.2537 | test_acc=0.9699
2026-05-14 14:24:55,759 | INFO | SpawnProcess-5 | lstm_run3 | Epoch 076 | train_loss=5.5950 | train_acc=0.9864 | test_loss=1.5367 | test_acc=0.9738
2026-05-14 14:24:57,294 | INFO | SpawnProcess-3 | lstm_run1 | Epoch 139 | train_loss=3.3074 | train_acc=0.9926 | test_loss=1.6158 | test_acc=0.9676
2026-05-14 14:24:59,585 | INFO | SpawnProcess-4 | lstm_run4 | Epoch 066 | train_loss=7.2893 | train_acc=0.9821 | test_loss=1.8064 | test_acc=0.9650
2026-05-14 14:25:00,640 | INFO | SpawnProcess-2 | lstm_run5 | Epoch 037 | train_loss=11.7316 | train_acc=0.9739 | test_loss=2.5267 | test_acc=0.9391
2026-05-14 14:25:04,776 | INFO | SpawnProcess-1 | lstm_run2 | Epoch 098 | train_loss=3.9144 | train_acc=0.9901 | test_loss=1.3610 | test_acc=0.9634
2026-05-14 14:25:05,026 | INFO | SpawnProcess-5 | lstm_run3 | Epoch 077 | train_loss=5.5974 | train_acc=0.9865 | test_loss=1.5150 | test_acc=0.9650
2026-05-14 14:25:06,874 | INFO | SpawnProcess-3 | lstm_run1 | Epoch 140 | train_loss=2.8245 | train_acc=0.9937 | test_loss=1.7156 | test_acc=0.9669
2026-05-14 14:25:09,425 | INFO | SpawnProcess-4 | lstm_run4 | Epoch 067 | train_loss=6.9204 | train_acc=0.9832 | test_loss=1.8483 | test_acc=0.9642
2026-05-14 14:25:10,234 | INFO | SpawnProcess-2 | lstm_run5 | Epoch 038 | train_loss=11.3992 | train_acc=0.9751 | test_loss=2.3263 | test_acc=0.9587
2026-05-14 14:25:14,718 | INFO | SpawnProcess-1 | lstm_run2 | Epoch 099 | train_loss=4.1388 | train_acc=0.9898 | test_loss=1.3242 | test_acc=0.9746
2026-05-14 14:25:14,784 | INFO | SpawnProcess-5 | lstm_run3 | Epoch 078 | train_loss=5.5107 | train_acc=0.9866 | test_loss=1.5441 | test_acc=0.9620
2026-05-14 14:25:16,344 | INFO | SpawnProcess-3 | lstm_run1 | Epoch 141 | train_loss=2.7300 | train_acc=0.9937 | test_loss=1.6967 | test_acc=0.9678
2026-05-14 14:25:19,545 | INFO | SpawnProcess-4 | lstm_run4 | Epoch 068 | train_loss=7.2506 | train_acc=0.9823 | test_loss=2.0018 | test_acc=0.9579
2026-05-14 14:25:20,276 | INFO | SpawnProcess-2 | lstm_run5 | Epoch 039 | train_loss=11.1343 | train_acc=0.9749 | test_loss=2.1664 | test_acc=0.9593
2026-05-14 14:25:24,664 | INFO | SpawnProcess-5 | lstm_run3 | Epoch 079 | train_loss=5.4917 | train_acc=0.9871 | test_loss=1.5617 | test_acc=0.9629
2026-05-14 14:25:24,779 | INFO | SpawnProcess-1 | lstm_run2 | Epoch 100 | train_loss=4.0774 | train_acc=0.9900 | test_loss=1.2919 | test_acc=0.9648
2026-05-14 14:25:25,641 | INFO | SpawnProcess-3 | lstm_run1 | Epoch 142 | train_loss=2.6156 | train_acc=0.9938 | test_loss=1.8329 | test_acc=0.9587
2026-05-14 14:25:28,909 | INFO | SpawnProcess-4 | lstm_run4 | Epoch 069 | train_loss=6.6770 | train_acc=0.9836 | test_loss=1.9092 | test_acc=0.9646
2026-05-14 14:25:30,056 | INFO | SpawnProcess-2 | lstm_run5 | Epoch 040 | train_loss=10.4754 | train_acc=0.9767 | test_loss=2.2551 | test_acc=0.9583
2026-05-14 14:25:34,385 | INFO | SpawnProcess-5 | lstm_run3 | Epoch 080 | train_loss=5.2876 | train_acc=0.9875 | test_loss=1.5241 | test_acc=0.9669
2026-05-14 14:25:34,483 | INFO | SpawnProcess-1 | lstm_run2 | Epoch 101 | train_loss=3.9063 | train_acc=0.9897 | test_loss=1.3423 | test_acc=0.9665
2026-05-14 14:25:35,076 | INFO | SpawnProcess-3 | lstm_run1 | Epoch 143 | train_loss=2.9181 | train_acc=0.9932 | test_loss=1.6889 | test_acc=0.9652
2026-05-14 14:25:38,985 | INFO | SpawnProcess-4 | lstm_run4 | Epoch 070 | train_loss=6.6492 | train_acc=0.9836 | test_loss=1.8749 | test_acc=0.9669
2026-05-14 14:25:40,125 | INFO | SpawnProcess-2 | lstm_run5 | Epoch 041 | train_loss=10.7170 | train_acc=0.9759 | test_loss=2.2354 | test_acc=0.9584
2026-05-14 14:25:44,263 | INFO | SpawnProcess-5 | lstm_run3 | Epoch 081 | train_loss=5.6482 | train_acc=0.9864 | test_loss=1.5381 | test_acc=0.9610
2026-05-14 14:25:44,312 | INFO | SpawnProcess-1 | lstm_run2 | Epoch 102 | train_loss=3.6643 | train_acc=0.9909 | test_loss=1.4120 | test_acc=0.9639
2026-05-14 14:25:44,488 | INFO | SpawnProcess-3 | lstm_run1 | Epoch 144 | train_loss=2.5161 | train_acc=0.9945 | test_loss=1.8601 | test_acc=0.9631
2026-05-14 14:25:49,201 | INFO | SpawnProcess-4 | lstm_run4 | Epoch 071 | train_loss=6.6436 | train_acc=0.9831 | test_loss=1.8533 | test_acc=0.9647
2026-05-14 14:25:50,200 | INFO | SpawnProcess-2 | lstm_run5 | Epoch 042 | train_loss=10.4273 | train_acc=0.9764 | test_loss=2.1701 | test_acc=0.9523
2026-05-14 14:25:53,275 | INFO | SpawnProcess-3 | lstm_run1 | Epoch 145 | train_loss=2.4352 | train_acc=0.9946 | test_loss=1.7650 | test_acc=0.9628
2026-05-14 14:25:53,918 | INFO | SpawnProcess-1 | lstm_run2 | Epoch 103 | train_loss=3.6480 | train_acc=0.9909 | test_loss=1.3476 | test_acc=0.9642
2026-05-14 14:25:54,056 | INFO | SpawnProcess-5 | lstm_run3 | Epoch 082 | train_loss=5.3790 | train_acc=0.9871 | test_loss=1.6057 | test_acc=0.9595
2026-05-14 14:25:59,230 | INFO | SpawnProcess-4 | lstm_run4 | Epoch 072 | train_loss=6.8214 | train_acc=0.9833 | test_loss=1.8488 | test_acc=0.9699
2026-05-14 14:25:59,812 | INFO | SpawnProcess-2 | lstm_run5 | Epoch 043 | train_loss=10.5941 | train_acc=0.9763 | test_loss=2.1339 | test_acc=0.9646
2026-05-14 14:26:02,565 | INFO | SpawnProcess-3 | lstm_run1 | Epoch 146 | train_loss=2.7681 | train_acc=0.9938 | test_loss=1.8305 | test_acc=0.9673
2026-05-14 14:26:03,397 | INFO | SpawnProcess-5 | lstm_run3 | Epoch 083 | train_loss=5.2354 | train_acc=0.9874 | test_loss=1.5888 | test_acc=0.9554
2026-05-14 14:26:04,472 | INFO | SpawnProcess-1 | lstm_run2 | Epoch 104 | train_loss=3.8274 | train_acc=0.9903 | test_loss=1.3986 | test_acc=0.9581
2026-05-14 14:26:08,922 | INFO | SpawnProcess-4 | lstm_run4 | Epoch 073 | train_loss=6.4854 | train_acc=0.9841 | test_loss=1.7615 | test_acc=0.9681
2026-05-14 14:26:08,948 | INFO | SpawnProcess-2 | lstm_run5 | Epoch 044 | train_loss=10.3564 | train_acc=0.9765 | test_loss=2.2552 | test_acc=0.9595
2026-05-14 14:26:11,679 | INFO | SpawnProcess-3 | lstm_run1 | Epoch 147 | train_loss=2.7245 | train_acc=0.9937 | test_loss=1.8873 | test_acc=0.9613
2026-05-14 14:26:13,118 | INFO | SpawnProcess-5 | lstm_run3 | Epoch 084 | train_loss=4.9815 | train_acc=0.9882 | test_loss=1.4580 | test_acc=0.9670
2026-05-14 14:26:14,966 | INFO | SpawnProcess-1 | lstm_run2 | Epoch 105 | train_loss=3.7437 | train_acc=0.9908 | test_loss=1.2908 | test_acc=0.9688
2026-05-14 14:26:18,026 | INFO | SpawnProcess-2 | lstm_run5 | Epoch 045 | train_loss=10.4594 | train_acc=0.9766 | test_loss=2.1475 | test_acc=0.9604
2026-05-14 14:26:18,871 | INFO | SpawnProcess-4 | lstm_run4 | Epoch 074 | train_loss=6.2730 | train_acc=0.9843 | test_loss=1.7425 | test_acc=0.9697
2026-05-14 14:26:20,760 | INFO | SpawnProcess-3 | lstm_run1 | Epoch 148 | train_loss=2.5691 | train_acc=0.9944 | test_loss=1.8479 | test_acc=0.9659
2026-05-14 14:26:22,667 | INFO | SpawnProcess-5 | lstm_run3 | Epoch 085 | train_loss=5.6042 | train_acc=0.9859 | test_loss=1.4502 | test_acc=0.9671
2026-05-14 14:26:25,092 | INFO | SpawnProcess-1 | lstm_run2 | Epoch 106 | train_loss=3.6652 | train_acc=0.9912 | test_loss=1.2585 | test_acc=0.9749
2026-05-14 14:26:27,848 | INFO | SpawnProcess-2 | lstm_run5 | Epoch 046 | train_loss=9.7426 | train_acc=0.9782 | test_loss=2.0785 | test_acc=0.9643
2026-05-14 14:26:28,873 | INFO | SpawnProcess-4 | lstm_run4 | Epoch 075 | train_loss=6.3822 | train_acc=0.9839 | test_loss=1.7719 | test_acc=0.9643
2026-05-14 14:26:29,985 | INFO | SpawnProcess-3 | lstm_run1 | Epoch 149 | train_loss=2.5882 | train_acc=0.9940 | test_loss=1.6752 | test_acc=0.9657
2026-05-14 14:26:32,063 | INFO | SpawnProcess-5 | lstm_run3 | Epoch 086 | train_loss=4.9826 | train_acc=0.9877 | test_loss=1.5246 | test_acc=0.9630
2026-05-14 14:26:35,188 | INFO | SpawnProcess-1 | lstm_run2 | Epoch 107 | train_loss=3.2880 | train_acc=0.9919 | test_loss=1.2429 | test_acc=0.9741
2026-05-14 14:26:37,300 | INFO | SpawnProcess-2 | lstm_run5 | Epoch 047 | train_loss=9.8530 | train_acc=0.9771 | test_loss=2.0241 | test_acc=0.9596
2026-05-14 14:26:38,699 | INFO | SpawnProcess-4 | lstm_run4 | Epoch 076 | train_loss=6.5416 | train_acc=0.9844 | test_loss=1.7606 | test_acc=0.9657
2026-05-14 14:26:39,218 | INFO | SpawnProcess-3 | lstm_run1 | Epoch 150 | train_loss=2.7428 | train_acc=0.9936 | test_loss=1.7810 | test_acc=0.9677
2026-05-14 14:26:41,628 | INFO | SpawnProcess-5 | lstm_run3 | Epoch 087 | train_loss=5.4248 | train_acc=0.9867 | test_loss=1.4716 | test_acc=0.9611
2026-05-14 14:26:44,949 | INFO | SpawnProcess-1 | lstm_run2 | Epoch 108 | train_loss=3.4034 | train_acc=0.9915 | test_loss=1.6542 | test_acc=0.9635
2026-05-14 14:26:46,874 | INFO | SpawnProcess-2 | lstm_run5 | Epoch 048 | train_loss=9.3189 | train_acc=0.9794 | test_loss=1.9283 | test_acc=0.9651
2026-05-14 14:26:48,329 | INFO | SpawnProcess-3 | lstm_run1 | Epoch 151 | train_loss=2.5327 | train_acc=0.9939 | test_loss=1.7525 | test_acc=0.9683
2026-05-14 14:26:48,607 | INFO | SpawnProcess-4 | lstm_run4 | Epoch 077 | train_loss=6.0529 | train_acc=0.9845 | test_loss=1.8072 | test_acc=0.9672
2026-05-14 14:26:51,556 | INFO | SpawnProcess-5 | lstm_run3 | Epoch 088 | train_loss=5.1393 | train_acc=0.9879 | test_loss=1.5656 | test_acc=0.9688
2026-05-14 14:26:54,845 | INFO | SpawnProcess-1 | lstm_run2 | Epoch 109 | train_loss=3.7185 | train_acc=0.9909 | test_loss=1.4269 | test_acc=0.9677
2026-05-14 14:26:56,956 | INFO | SpawnProcess-2 | lstm_run5 | Epoch 049 | train_loss=9.0304 | train_acc=0.9793 | test_loss=2.0384 | test_acc=0.9643
2026-05-14 14:26:57,787 | INFO | SpawnProcess-3 | lstm_run1 | Epoch 152 | train_loss=2.8442 | train_acc=0.9934 | test_loss=1.8271 | test_acc=0.9650
2026-05-14 14:26:58,360 | INFO | SpawnProcess-4 | lstm_run4 | Epoch 078 | train_loss=6.1724 | train_acc=0.9845 | test_loss=1.7239 | test_acc=0.9704
2026-05-14 14:27:01,459 | INFO | SpawnProcess-5 | lstm_run3 | Epoch 089 | train_loss=4.9591 | train_acc=0.9878 | test_loss=1.7341 | test_acc=0.9573
2026-05-14 14:27:04,741 | INFO | SpawnProcess-1 | lstm_run2 | Epoch 110 | train_loss=3.3928 | train_acc=0.9917 | test_loss=1.3208 | test_acc=0.9732
2026-05-14 14:27:06,764 | INFO | SpawnProcess-2 | lstm_run5 | Epoch 050 | train_loss=8.9989 | train_acc=0.9798 | test_loss=1.9409 | test_acc=0.9665
2026-05-14 14:27:07,368 | INFO | SpawnProcess-3 | lstm_run1 | Epoch 153 | train_loss=2.9171 | train_acc=0.9929 | test_loss=1.7197 | test_acc=0.9628
2026-05-14 14:27:07,874 | INFO | SpawnProcess-4 | lstm_run4 | Epoch 079 | train_loss=6.1313 | train_acc=0.9846 | test_loss=1.6966 | test_acc=0.9689
2026-05-14 14:27:10,899 | INFO | SpawnProcess-5 | lstm_run3 | Epoch 090 | train_loss=4.9232 | train_acc=0.9881 | test_loss=1.4433 | test_acc=0.9703
2026-05-14 14:27:14,685 | INFO | SpawnProcess-1 | lstm_run2 | Epoch 111 | train_loss=3.3077 | train_acc=0.9919 | test_loss=1.3894 | test_acc=0.9614
2026-05-14 14:27:16,503 | INFO | SpawnProcess-2 | lstm_run5 | Epoch 051 | train_loss=9.6997 | train_acc=0.9781 | test_loss=2.0707 | test_acc=0.9546
2026-05-14 14:27:16,789 | INFO | SpawnProcess-3 | lstm_run1 | Epoch 154 | train_loss=2.7308 | train_acc=0.9939 | test_loss=1.8242 | test_acc=0.9654
2026-05-14 14:27:17,334 | INFO | SpawnProcess-4 | lstm_run4 | Epoch 080 | train_loss=6.0177 | train_acc=0.9850 | test_loss=1.7608 | test_acc=0.9684
2026-05-14 14:27:19,525 | INFO | SpawnProcess-5 | lstm_run3 | Epoch 091 | train_loss=4.7374 | train_acc=0.9887 | test_loss=1.4167 | test_acc=0.9647
2026-05-14 14:27:25,142 | INFO | SpawnProcess-1 | lstm_run2 | Epoch 112 | train_loss=3.2933 | train_acc=0.9918 | test_loss=1.2631 | test_acc=0.9706
2026-05-14 14:27:26,347 | INFO | SpawnProcess-3 | lstm_run1 | Epoch 155 | train_loss=2.5525 | train_acc=0.9944 | test_loss=1.6162 | test_acc=0.9682
2026-05-14 14:27:26,705 | INFO | SpawnProcess-2 | lstm_run5 | Epoch 052 | train_loss=8.9656 | train_acc=0.9797 | test_loss=1.9915 | test_acc=0.9572
2026-05-14 14:27:26,982 | INFO | SpawnProcess-4 | lstm_run4 | Epoch 081 | train_loss=6.0201 | train_acc=0.9851 | test_loss=1.7730 | test_acc=0.9714
2026-05-14 14:27:29,051 | INFO | SpawnProcess-5 | lstm_run3 | Epoch 092 | train_loss=4.6746 | train_acc=0.9890 | test_loss=1.4841 | test_acc=0.9668
2026-05-14 14:27:34,911 | INFO | SpawnProcess-3 | lstm_run1 | Epoch 156 | train_loss=2.3521 | train_acc=0.9947 | test_loss=1.6880 | test_acc=0.9693
2026-05-14 14:27:35,695 | INFO | SpawnProcess-1 | lstm_run2 | Epoch 113 | train_loss=3.2423 | train_acc=0.9920 | test_loss=1.2926 | test_acc=0.9702
2026-05-14 14:27:36,627 | INFO | SpawnProcess-2 | lstm_run5 | Epoch 053 | train_loss=8.7438 | train_acc=0.9802 | test_loss=2.0399 | test_acc=0.9577
2026-05-14 14:27:36,994 | INFO | SpawnProcess-4 | lstm_run4 | Epoch 082 | train_loss=5.8512 | train_acc=0.9856 | test_loss=1.6442 | test_acc=0.9709
2026-05-14 14:27:39,092 | INFO | SpawnProcess-5 | lstm_run3 | Epoch 093 | train_loss=5.0208 | train_acc=0.9880 | test_loss=1.4972 | test_acc=0.9584
2026-05-14 14:27:44,335 | INFO | SpawnProcess-3 | lstm_run1 | Epoch 157 | train_loss=2.3609 | train_acc=0.9947 | test_loss=2.0296 | test_acc=0.9680
2026-05-14 14:27:46,004 | INFO | SpawnProcess-1 | lstm_run2 | Epoch 114 | train_loss=2.8643 | train_acc=0.9934 | test_loss=1.3888 | test_acc=0.9707
2026-05-14 14:27:46,644 | INFO | SpawnProcess-2 | lstm_run5 | Epoch 054 | train_loss=8.6246 | train_acc=0.9802 | test_loss=2.0574 | test_acc=0.9627
2026-05-14 14:27:46,704 | INFO | SpawnProcess-4 | lstm_run4 | Epoch 083 | train_loss=5.8318 | train_acc=0.9855 | test_loss=1.7964 | test_acc=0.9630
2026-05-14 14:27:48,783 | INFO | SpawnProcess-5 | lstm_run3 | Epoch 094 | train_loss=4.8112 | train_acc=0.9881 | test_loss=1.4687 | test_acc=0.9625
2026-05-14 14:27:53,592 | INFO | SpawnProcess-3 | lstm_run1 | Epoch 158 | train_loss=2.8230 | train_acc=0.9931 | test_loss=1.7009 | test_acc=0.9703
2026-05-14 14:27:55,500 | INFO | SpawnProcess-1 | lstm_run2 | Epoch 115 | train_loss=3.2027 | train_acc=0.9920 | test_loss=1.2687 | test_acc=0.9706
2026-05-14 14:27:56,677 | INFO | SpawnProcess-4 | lstm_run4 | Epoch 084 | train_loss=5.8779 | train_acc=0.9853 | test_loss=1.8563 | test_acc=0.9689
2026-05-14 14:27:56,757 | INFO | SpawnProcess-2 | lstm_run5 | Epoch 055 | train_loss=8.5271 | train_acc=0.9805 | test_loss=2.2740 | test_acc=0.9592
2026-05-14 14:27:58,154 | INFO | SpawnProcess-5 | lstm_run3 | Epoch 095 | train_loss=4.7970 | train_acc=0.9882 | test_loss=1.4216 | test_acc=0.9677
2026-05-14 14:28:02,469 | INFO | SpawnProcess-3 | lstm_run1 | Epoch 159 | train_loss=2.3489 | train_acc=0.9946 | test_loss=1.7975 | test_acc=0.9662
2026-05-14 14:28:05,202 | INFO | SpawnProcess-1 | lstm_run2 | Epoch 116 | train_loss=3.2181 | train_acc=0.9919 | test_loss=1.4341 | test_acc=0.9626
2026-05-14 14:28:06,293 | INFO | SpawnProcess-4 | lstm_run4 | Epoch 085 | train_loss=5.8639 | train_acc=0.9852 | test_loss=1.6756 | test_acc=0.9695
2026-05-14 14:28:06,780 | INFO | SpawnProcess-2 | lstm_run5 | Epoch 056 | train_loss=8.3230 | train_acc=0.9812 | test_loss=2.0127 | test_acc=0.9634
2026-05-14 14:28:07,902 | INFO | SpawnProcess-5 | lstm_run3 | Epoch 096 | train_loss=4.5683 | train_acc=0.9891 | test_loss=1.3296 | test_acc=0.9705
2026-05-14 14:28:11,511 | INFO | SpawnProcess-3 | lstm_run1 | Epoch 160 | train_loss=2.2566 | train_acc=0.9950 | test_loss=1.7649 | test_acc=0.9693
2026-05-14 14:28:15,503 | INFO | SpawnProcess-1 | lstm_run2 | Epoch 117 | train_loss=3.2104 | train_acc=0.9921 | test_loss=1.3591 | test_acc=0.9686
2026-05-14 14:28:15,592 | INFO | SpawnProcess-4 | lstm_run4 | Epoch 086 | train_loss=5.6031 | train_acc=0.9862 | test_loss=1.6786 | test_acc=0.9705
2026-05-14 14:28:16,813 | INFO | SpawnProcess-2 | lstm_run5 | Epoch 057 | train_loss=8.3413 | train_acc=0.9805 | test_loss=1.8398 | test_acc=0.9657
2026-05-14 14:28:17,814 | INFO | SpawnProcess-5 | lstm_run3 | Epoch 097 | train_loss=4.6327 | train_acc=0.9885 | test_loss=1.3829 | test_acc=0.9691
2026-05-14 14:28:20,887 | INFO | SpawnProcess-3 | lstm_run1 | Epoch 161 | train_loss=2.5323 | train_acc=0.9943 | test_loss=1.7467 | test_acc=0.9673
2026-05-14 14:28:25,147 | INFO | SpawnProcess-1 | lstm_run2 | Epoch 118 | train_loss=3.2499 | train_acc=0.9919 | test_loss=1.2425 | test_acc=0.9669
2026-05-14 14:28:25,278 | INFO | SpawnProcess-4 | lstm_run4 | Epoch 087 | train_loss=5.5883 | train_acc=0.9863 | test_loss=1.7916 | test_acc=0.9652
2026-05-14 14:28:26,664 | INFO | SpawnProcess-2 | lstm_run5 | Epoch 058 | train_loss=7.9412 | train_acc=0.9820 | test_loss=1.9043 | test_acc=0.9641
2026-05-14 14:28:27,302 | INFO | SpawnProcess-5 | lstm_run3 | Epoch 098 | train_loss=4.6164 | train_acc=0.9890 | test_loss=1.3753 | test_acc=0.9665
2026-05-14 14:28:30,225 | INFO | SpawnProcess-3 | lstm_run1 | Epoch 162 | train_loss=2.5419 | train_acc=0.9940 | test_loss=1.6805 | test_acc=0.9693
2026-05-14 14:28:34,746 | INFO | SpawnProcess-1 | lstm_run2 | Epoch 119 | train_loss=2.9803 | train_acc=0.9928 | test_loss=1.3118 | test_acc=0.9640
2026-05-14 14:28:35,150 | INFO | SpawnProcess-4 | lstm_run4 | Epoch 088 | train_loss=5.4464 | train_acc=0.9866 | test_loss=1.7234 | test_acc=0.9721
2026-05-14 14:28:36,258 | INFO | SpawnProcess-2 | lstm_run5 | Epoch 059 | train_loss=7.7591 | train_acc=0.9821 | test_loss=1.9313 | test_acc=0.9640
2026-05-14 14:28:37,174 | INFO | SpawnProcess-5 | lstm_run3 | Epoch 099 | train_loss=4.4322 | train_acc=0.9891 | test_loss=1.4896 | test_acc=0.9626
2026-05-14 14:28:39,606 | INFO | SpawnProcess-3 | lstm_run1 | Epoch 163 | train_loss=2.4428 | train_acc=0.9943 | test_loss=1.7727 | test_acc=0.9607
2026-05-14 14:28:44,986 | INFO | SpawnProcess-4 | lstm_run4 | Epoch 089 | train_loss=5.2973 | train_acc=0.9869 | test_loss=1.7658 | test_acc=0.9705
2026-05-14 14:28:45,104 | INFO | SpawnProcess-1 | lstm_run2 | Epoch 120 | train_loss=3.2367 | train_acc=0.9921 | test_loss=1.4187 | test_acc=0.9611
2026-05-14 14:28:45,688 | INFO | SpawnProcess-5 | lstm_run3 | Epoch 100 | train_loss=4.1545 | train_acc=0.9902 | test_loss=1.3955 | test_acc=0.9684
2026-05-14 14:28:46,105 | INFO | SpawnProcess-2 | lstm_run5 | Epoch 060 | train_loss=8.0523 | train_acc=0.9817 | test_loss=1.9266 | test_acc=0.9688
2026-05-14 14:28:49,191 | INFO | SpawnProcess-3 | lstm_run1 | Epoch 164 | train_loss=2.4389 | train_acc=0.9944 | test_loss=1.8727 | test_acc=0.9633
2026-05-14 14:28:55,170 | INFO | SpawnProcess-1 | lstm_run2 | Epoch 121 | train_loss=3.1884 | train_acc=0.9921 | test_loss=1.4100 | test_acc=0.9751
2026-05-14 14:28:55,173 | INFO | SpawnProcess-4 | lstm_run4 | Epoch 090 | train_loss=5.2194 | train_acc=0.9869 | test_loss=1.7955 | test_acc=0.9700
2026-05-14 14:28:55,532 | INFO | SpawnProcess-5 | lstm_run3 | Epoch 101 | train_loss=4.3294 | train_acc=0.9895 | test_loss=1.5872 | test_acc=0.9598
2026-05-14 14:28:56,411 | INFO | SpawnProcess-2 | lstm_run5 | Epoch 061 | train_loss=7.6038 | train_acc=0.9826 | test_loss=1.8520 | test_acc=0.9700
2026-05-14 14:28:57,803 | INFO | SpawnProcess-3 | lstm_run1 | Epoch 165 | train_loss=2.5517 | train_acc=0.9940 | test_loss=1.7934 | test_acc=0.9669
2026-05-14 14:29:05,239 | INFO | SpawnProcess-4 | lstm_run4 | Epoch 091 | train_loss=5.3371 | train_acc=0.9862 | test_loss=1.6701 | test_acc=0.9702
2026-05-14 14:29:05,267 | INFO | SpawnProcess-5 | lstm_run3 | Epoch 102 | train_loss=4.4641 | train_acc=0.9889 | test_loss=1.3223 | test_acc=0.9719
2026-05-14 14:29:05,298 | INFO | SpawnProcess-1 | lstm_run2 | Epoch 122 | train_loss=2.8758 | train_acc=0.9930 | test_loss=1.3766 | test_acc=0.9648
2026-05-14 14:29:06,518 | INFO | SpawnProcess-2 | lstm_run5 | Epoch 062 | train_loss=7.4238 | train_acc=0.9828 | test_loss=1.8097 | test_acc=0.9635
2026-05-14 14:29:07,229 | INFO | SpawnProcess-3 | lstm_run1 | Epoch 166 | train_loss=2.3386 | train_acc=0.9944 | test_loss=1.8847 | test_acc=0.9658
2026-05-14 14:29:14,743 | INFO | SpawnProcess-5 | lstm_run3 | Epoch 103 | train_loss=4.2353 | train_acc=0.9897 | test_loss=1.7690 | test_acc=0.9513
2026-05-14 14:29:14,893 | INFO | SpawnProcess-1 | lstm_run2 | Epoch 123 | train_loss=2.9980 | train_acc=0.9925 | test_loss=1.2996 | test_acc=0.9711
2026-05-14 14:29:15,325 | INFO | SpawnProcess-4 | lstm_run4 | Epoch 092 | train_loss=5.2962 | train_acc=0.9874 | test_loss=1.8463 | test_acc=0.9669
2026-05-14 14:29:15,517 | INFO | SpawnProcess-2 | lstm_run5 | Epoch 063 | train_loss=7.4769 | train_acc=0.9827 | test_loss=1.9308 | test_acc=0.9653
2026-05-14 14:29:16,721 | INFO | SpawnProcess-3 | lstm_run1 | Epoch 167 | train_loss=2.5461 | train_acc=0.9939 | test_loss=1.8262 | test_acc=0.9663
2026-05-14 14:29:24,014 | INFO | SpawnProcess-4 | lstm_run4 | Epoch 093 | train_loss=5.1651 | train_acc=0.9875 | test_loss=1.7017 | test_acc=0.9696
2026-05-14 14:29:24,462 | INFO | SpawnProcess-1 | lstm_run2 | Epoch 124 | train_loss=2.8165 | train_acc=0.9933 | test_loss=1.5806 | test_acc=0.9619
2026-05-14 14:29:24,881 | INFO | SpawnProcess-5 | lstm_run3 | Epoch 104 | train_loss=4.2445 | train_acc=0.9895 | test_loss=1.3075 | test_acc=0.9716
2026-05-14 14:29:25,590 | INFO | SpawnProcess-2 | lstm_run5 | Epoch 064 | train_loss=7.3815 | train_acc=0.9830 | test_loss=1.7862 | test_acc=0.9707
2026-05-14 14:29:26,617 | INFO | SpawnProcess-3 | lstm_run1 | Epoch 168 | train_loss=2.1445 | train_acc=0.9952 | test_loss=1.9337 | test_acc=0.9612
2026-05-14 14:29:33,770 | INFO | SpawnProcess-1 | lstm_run2 | Epoch 125 | train_loss=2.9505 | train_acc=0.9926 | test_loss=1.2405 | test_acc=0.9746
2026-05-14 14:29:34,050 | INFO | SpawnProcess-4 | lstm_run4 | Epoch 094 | train_loss=5.3040 | train_acc=0.9865 | test_loss=1.7321 | test_acc=0.9673
2026-05-14 14:29:34,416 | INFO | SpawnProcess-2 | lstm_run5 | Epoch 065 | train_loss=7.0487 | train_acc=0.9836 | test_loss=1.7676 | test_acc=0.9682
2026-05-14 14:29:35,026 | INFO | SpawnProcess-5 | lstm_run3 | Epoch 105 | train_loss=4.1989 | train_acc=0.9899 | test_loss=1.3656 | test_acc=0.9760
2026-05-14 14:29:36,667 | INFO | SpawnProcess-3 | lstm_run1 | Epoch 169 | train_loss=2.2910 | train_acc=0.9948 | test_loss=1.8246 | test_acc=0.9673
2026-05-14 14:29:44,095 | INFO | SpawnProcess-1 | lstm_run2 | Epoch 126 | train_loss=3.0117 | train_acc=0.9926 | test_loss=1.2249 | test_acc=0.9724
2026-05-14 14:29:44,172 | INFO | SpawnProcess-4 | lstm_run4 | Epoch 095 | train_loss=5.2035 | train_acc=0.9872 | test_loss=1.6141 | test_acc=0.9712
2026-05-14 14:29:44,714 | INFO | SpawnProcess-2 | lstm_run5 | Epoch 066 | train_loss=7.0227 | train_acc=0.9837 | test_loss=1.7812 | test_acc=0.9720
2026-05-14 14:29:44,932 | INFO | SpawnProcess-5 | lstm_run3 | Epoch 106 | train_loss=4.0905 | train_acc=0.9900 | test_loss=1.2748 | test_acc=0.9697
2026-05-14 14:29:46,171 | INFO | SpawnProcess-3 | lstm_run1 | Epoch 170 | train_loss=2.0889 | train_acc=0.9954 | test_loss=1.8060 | test_acc=0.9690
2026-05-14 14:29:53,221 | INFO | SpawnProcess-4 | lstm_run4 | Epoch 096 | train_loss=4.9501 | train_acc=0.9879 | test_loss=1.7809 | test_acc=0.9655
2026-05-14 14:29:53,880 | INFO | SpawnProcess-1 | lstm_run2 | Epoch 127 | train_loss=2.9967 | train_acc=0.9925 | test_loss=1.3493 | test_acc=0.9599
2026-05-14 14:29:54,572 | INFO | SpawnProcess-2 | lstm_run5 | Epoch 067 | train_loss=7.3477 | train_acc=0.9827 | test_loss=1.7479 | test_acc=0.9660
2026-05-14 14:29:55,026 | INFO | SpawnProcess-5 | lstm_run3 | Epoch 107 | train_loss=4.3110 | train_acc=0.9897 | test_loss=1.3127 | test_acc=0.9657
2026-05-14 14:29:55,758 | INFO | SpawnProcess-3 | lstm_run1 | Epoch 171 | train_loss=2.0731 | train_acc=0.9954 | test_loss=1.7350 | test_acc=0.9680
2026-05-14 14:30:02,754 | INFO | SpawnProcess-4 | lstm_run4 | Epoch 097 | train_loss=5.0838 | train_acc=0.9872 | test_loss=1.7231 | test_acc=0.9694
2026-05-14 14:30:03,782 | INFO | SpawnProcess-2 | lstm_run5 | Epoch 068 | train_loss=6.6857 | train_acc=0.9846 | test_loss=1.7606 | test_acc=0.9688
2026-05-14 14:30:04,242 | INFO | SpawnProcess-1 | lstm_run2 | Epoch 128 | train_loss=2.6669 | train_acc=0.9937 | test_loss=1.2730 | test_acc=0.9688
2026-05-14 14:30:05,176 | INFO | SpawnProcess-5 | lstm_run3 | Epoch 108 | train_loss=3.9451 | train_acc=0.9907 | test_loss=1.2981 | test_acc=0.9724
2026-05-14 14:30:05,185 | INFO | SpawnProcess-3 | lstm_run1 | Epoch 172 | train_loss=2.3780 | train_acc=0.9942 | test_loss=1.7759 | test_acc=0.9672
2026-05-14 14:30:12,613 | INFO | SpawnProcess-4 | lstm_run4 | Epoch 098 | train_loss=5.0216 | train_acc=0.9871 | test_loss=1.8088 | test_acc=0.9708
2026-05-14 14:30:14,179 | INFO | SpawnProcess-2 | lstm_run5 | Epoch 069 | train_loss=6.7602 | train_acc=0.9843 | test_loss=1.8806 | test_acc=0.9680
2026-05-14 14:30:14,501 | INFO | SpawnProcess-1 | lstm_run2 | Epoch 129 | train_loss=2.9380 | train_acc=0.9925 | test_loss=1.2084 | test_acc=0.9694
2026-05-14 14:30:14,863 | INFO | SpawnProcess-3 | lstm_run1 | Epoch 173 | train_loss=1.9746 | train_acc=0.9957 | test_loss=2.2044 | test_acc=0.9536
2026-05-14 14:30:15,166 | INFO | SpawnProcess-5 | lstm_run3 | Epoch 109 | train_loss=3.9267 | train_acc=0.9907 | test_loss=1.3962 | test_acc=0.9685
2026-05-14 14:30:22,481 | INFO | SpawnProcess-4 | lstm_run4 | Epoch 099 | train_loss=4.8328 | train_acc=0.9882 | test_loss=1.6400 | test_acc=0.9705
2026-05-14 14:30:24,603 | INFO | SpawnProcess-3 | lstm_run1 | Epoch 174 | train_loss=2.0797 | train_acc=0.9953 | test_loss=1.8450 | test_acc=0.9702
2026-05-14 14:30:24,645 | INFO | SpawnProcess-2 | lstm_run5 | Epoch 070 | train_loss=6.6474 | train_acc=0.9849 | test_loss=2.0992 | test_acc=0.9631
2026-05-14 14:30:25,094 | INFO | SpawnProcess-1 | lstm_run2 | Epoch 130 | train_loss=2.7101 | train_acc=0.9935 | test_loss=1.3805 | test_acc=0.9682
2026-05-14 14:30:25,204 | INFO | SpawnProcess-5 | lstm_run3 | Epoch 110 | train_loss=3.9573 | train_acc=0.9903 | test_loss=1.2969 | test_acc=0.9716
2026-05-14 14:30:32,453 | INFO | SpawnProcess-4 | lstm_run4 | Epoch 100 | train_loss=4.6498 | train_acc=0.9886 | test_loss=1.6394 | test_acc=0.9740
2026-05-14 14:30:34,169 | INFO | SpawnProcess-3 | lstm_run1 | Epoch 175 | train_loss=1.9414 | train_acc=0.9958 | test_loss=1.7221 | test_acc=0.9697
2026-05-14 14:30:34,577 | INFO | SpawnProcess-2 | lstm_run5 | Epoch 071 | train_loss=6.4448 | train_acc=0.9850 | test_loss=1.7926 | test_acc=0.9650
2026-05-14 14:30:34,818 | INFO | SpawnProcess-1 | lstm_run2 | Epoch 131 | train_loss=2.6036 | train_acc=0.9939 | test_loss=1.3891 | test_acc=0.9685
2026-05-14 14:30:35,427 | INFO | SpawnProcess-5 | lstm_run3 | Epoch 111 | train_loss=3.9938 | train_acc=0.9906 | test_loss=1.3796 | test_acc=0.9667
2026-05-14 14:30:42,376 | INFO | SpawnProcess-4 | lstm_run4 | Epoch 101 | train_loss=4.5520 | train_acc=0.9891 | test_loss=1.6845 | test_acc=0.9714
2026-05-14 14:30:43,507 | INFO | SpawnProcess-3 | lstm_run1 | Epoch 176 | train_loss=1.9624 | train_acc=0.9957 | test_loss=1.8751 | test_acc=0.9660
2026-05-14 14:30:43,922 | INFO | SpawnProcess-2 | lstm_run5 | Epoch 072 | train_loss=6.6283 | train_acc=0.9843 | test_loss=1.7024 | test_acc=0.9721
2026-05-14 14:30:45,263 | INFO | SpawnProcess-1 | lstm_run2 | Epoch 132 | train_loss=2.9742 | train_acc=0.9925 | test_loss=1.2467 | test_acc=0.9707
2026-05-14 14:30:45,396 | INFO | SpawnProcess-5 | lstm_run3 | Epoch 112 | train_loss=4.1522 | train_acc=0.9897 | test_loss=1.3636 | test_acc=0.9665
2026-05-14 14:30:52,296 | INFO | SpawnProcess-4 | lstm_run4 | Epoch 102 | train_loss=5.0552 | train_acc=0.9874 | test_loss=1.6222 | test_acc=0.9747
2026-05-14 14:30:52,784 | INFO | SpawnProcess-3 | lstm_run1 | Epoch 177 | train_loss=2.3185 | train_acc=0.9949 | test_loss=2.0105 | test_acc=0.9620
2026-05-14 14:30:53,585 | INFO | SpawnProcess-2 | lstm_run5 | Epoch 073 | train_loss=6.6751 | train_acc=0.9846 | test_loss=1.7992 | test_acc=0.9659
2026-05-14 14:30:55,266 | INFO | SpawnProcess-1 | lstm_run2 | Epoch 133 | train_loss=2.9990 | train_acc=0.9927 | test_loss=1.3143 | test_acc=0.9736
2026-05-14 14:30:55,584 | INFO | SpawnProcess-5 | lstm_run3 | Epoch 113 | train_loss=3.9066 | train_acc=0.9905 | test_loss=1.4005 | test_acc=0.9687
2026-05-14 14:31:02,034 | INFO | SpawnProcess-4 | lstm_run4 | Epoch 103 | train_loss=4.6473 | train_acc=0.9889 | test_loss=1.6477 | test_acc=0.9714
2026-05-14 14:31:02,121 | INFO | SpawnProcess-3 | lstm_run1 | Epoch 178 | train_loss=2.9561 | train_acc=0.9929 | test_loss=2.0551 | test_acc=0.9615
2026-05-14 14:31:02,753 | INFO | SpawnProcess-2 | lstm_run5 | Epoch 074 | train_loss=6.0491 | train_acc=0.9864 | test_loss=1.7513 | test_acc=0.9685
2026-05-14 14:31:05,410 | INFO | SpawnProcess-1 | lstm_run2 | Epoch 134 | train_loss=2.7499 | train_acc=0.9933 | test_loss=1.2175 | test_acc=0.9716
2026-05-14 14:31:05,473 | INFO | SpawnProcess-5 | lstm_run3 | Epoch 114 | train_loss=3.8995 | train_acc=0.9907 | test_loss=1.3084 | test_acc=0.9692
2026-05-14 14:31:11,710 | INFO | SpawnProcess-3 | lstm_run1 | Epoch 179 | train_loss=2.3352 | train_acc=0.9942 | test_loss=1.7217 | test_acc=0.9682
2026-05-14 14:31:11,930 | INFO | SpawnProcess-4 | lstm_run4 | Epoch 104 | train_loss=4.8333 | train_acc=0.9879 | test_loss=1.8319 | test_acc=0.9684
2026-05-14 14:31:12,745 | INFO | SpawnProcess-2 | lstm_run5 | Epoch 075 | train_loss=6.3239 | train_acc=0.9852 | test_loss=1.7165 | test_acc=0.9687
2026-05-14 14:31:15,406 | INFO | SpawnProcess-5 | lstm_run3 | Epoch 115 | train_loss=3.8125 | train_acc=0.9909 | test_loss=1.3872 | test_acc=0.9706
2026-05-14 14:31:15,452 | INFO | SpawnProcess-1 | lstm_run2 | Epoch 135 | train_loss=2.4820 | train_acc=0.9939 | test_loss=1.3473 | test_acc=0.9676
2026-05-14 14:31:21,211 | INFO | SpawnProcess-3 | lstm_run1 | Epoch 180 | train_loss=1.8608 | train_acc=0.9961 | test_loss=1.7891 | test_acc=0.9664
2026-05-14 14:31:21,981 | INFO | SpawnProcess-4 | lstm_run4 | Epoch 105 | train_loss=4.6087 | train_acc=0.9888 | test_loss=1.6696 | test_acc=0.9726
2026-05-14 14:31:22,649 | INFO | SpawnProcess-2 | lstm_run5 | Epoch 076 | train_loss=6.2953 | train_acc=0.9854 | test_loss=1.7287 | test_acc=0.9674
2026-05-14 14:31:25,027 | INFO | SpawnProcess-1 | lstm_run2 | Epoch 136 | train_loss=2.4401 | train_acc=0.9945 | test_loss=1.2316 | test_acc=0.9699
2026-05-14 14:31:25,376 | INFO | SpawnProcess-5 | lstm_run3 | Epoch 116 | train_loss=3.8289 | train_acc=0.9907 | test_loss=1.2736 | test_acc=0.9650
2026-05-14 14:31:30,378 | INFO | SpawnProcess-3 | lstm_run1 | Epoch 181 | train_loss=2.0640 | train_acc=0.9952 | test_loss=1.8268 | test_acc=0.9672
2026-05-14 14:31:31,473 | INFO | SpawnProcess-4 | lstm_run4 | Epoch 106 | train_loss=4.4569 | train_acc=0.9891 | test_loss=1.7126 | test_acc=0.9723
2026-05-14 14:31:32,771 | INFO | SpawnProcess-2 | lstm_run5 | Epoch 077 | train_loss=6.2840 | train_acc=0.9851 | test_loss=1.6671 | test_acc=0.9704
2026-05-14 14:31:34,964 | INFO | SpawnProcess-1 | lstm_run2 | Epoch 137 | train_loss=2.5657 | train_acc=0.9938 | test_loss=1.3074 | test_acc=0.9719
2026-05-14 14:31:35,376 | INFO | SpawnProcess-5 | lstm_run3 | Epoch 117 | train_loss=3.7101 | train_acc=0.9909 | test_loss=1.3052 | test_acc=0.9750
2026-05-14 14:31:39,060 | INFO | SpawnProcess-3 | lstm_run1 | Epoch 182 | train_loss=2.0344 | train_acc=0.9952 | test_loss=1.9978 | test_acc=0.9633
2026-05-14 14:31:41,291 | INFO | SpawnProcess-4 | lstm_run4 | Epoch 107 | train_loss=4.7896 | train_acc=0.9884 | test_loss=1.6233 | test_acc=0.9699
2026-05-14 14:31:42,711 | INFO | SpawnProcess-2 | lstm_run5 | Epoch 078 | train_loss=5.8885 | train_acc=0.9862 | test_loss=1.8362 | test_acc=0.9686
2026-05-14 14:31:45,119 | INFO | SpawnProcess-1 | lstm_run2 | Epoch 138 | train_loss=2.2491 | train_acc=0.9948 | test_loss=1.2967 | test_acc=0.9692
2026-05-14 14:31:45,155 | INFO | SpawnProcess-5 | lstm_run3 | Epoch 118 | train_loss=3.5607 | train_acc=0.9912 | test_loss=1.3597 | test_acc=0.9676
2026-05-14 14:31:47,483 | INFO | SpawnProcess-3 | lstm_run1 | Epoch 183 | train_loss=2.0529 | train_acc=0.9952 | test_loss=1.8837 | test_acc=0.9691
2026-05-14 14:31:51,381 | INFO | SpawnProcess-4 | lstm_run4 | Epoch 108 | train_loss=4.9718 | train_acc=0.9875 | test_loss=1.5740 | test_acc=0.9724
2026-05-14 14:31:52,357 | INFO | SpawnProcess-2 | lstm_run5 | Epoch 079 | train_loss=6.2228 | train_acc=0.9857 | test_loss=1.9189 | test_acc=0.9703
2026-05-14 14:31:54,952 | INFO | SpawnProcess-5 | lstm_run3 | Epoch 119 | train_loss=3.4922 | train_acc=0.9915 | test_loss=1.3743 | test_acc=0.9708
2026-05-14 14:31:55,097 | INFO | SpawnProcess-1 | lstm_run2 | Epoch 139 | train_loss=2.4560 | train_acc=0.9944 | test_loss=1.2528 | test_acc=0.9704
2026-05-14 14:31:55,831 | INFO | SpawnProcess-3 | lstm_run1 | Epoch 184 | train_loss=1.9859 | train_acc=0.9953 | test_loss=1.7716 | test_acc=0.9702
2026-05-14 14:32:01,294 | INFO | SpawnProcess-4 | lstm_run4 | Epoch 109 | train_loss=4.6110 | train_acc=0.9885 | test_loss=1.6061 | test_acc=0.9730
2026-05-14 14:32:02,170 | INFO | SpawnProcess-2 | lstm_run5 | Epoch 080 | train_loss=5.9030 | train_acc=0.9862 | test_loss=1.7867 | test_acc=0.9667
2026-05-14 14:32:05,028 | INFO | SpawnProcess-3 | lstm_run1 | Epoch 185 | train_loss=2.3957 | train_acc=0.9942 | test_loss=1.8447 | test_acc=0.9680
2026-05-14 14:32:05,178 | INFO | SpawnProcess-5 | lstm_run3 | Epoch 120 | train_loss=3.4189 | train_acc=0.9922 | test_loss=1.3227 | test_acc=0.9741
2026-05-14 14:32:05,458 | INFO | SpawnProcess-1 | lstm_run2 | Epoch 140 | train_loss=2.2824 | train_acc=0.9946 | test_loss=1.2917 | test_acc=0.9664
2026-05-14 14:32:11,368 | INFO | SpawnProcess-4 | lstm_run4 | Epoch 110 | train_loss=4.6498 | train_acc=0.9887 | test_loss=1.6199 | test_acc=0.9703
2026-05-14 14:32:11,969 | INFO | SpawnProcess-2 | lstm_run5 | Epoch 081 | train_loss=5.8278 | train_acc=0.9860 | test_loss=1.6936 | test_acc=0.9698
2026-05-14 14:32:13,734 | INFO | SpawnProcess-3 | lstm_run1 | Epoch 186 | train_loss=1.9170 | train_acc=0.9958 | test_loss=1.8640 | test_acc=0.9682
2026-05-14 14:32:15,060 | INFO | SpawnProcess-5 | lstm_run3 | Epoch 121 | train_loss=3.7324 | train_acc=0.9910 | test_loss=1.3913 | test_acc=0.9717
2026-05-14 14:32:15,776 | INFO | SpawnProcess-1 | lstm_run2 | Epoch 141 | train_loss=2.5614 | train_acc=0.9935 | test_loss=1.2697 | test_acc=0.9725
2026-05-14 14:32:21,292 | INFO | SpawnProcess-4 | lstm_run4 | Epoch 111 | train_loss=4.3426 | train_acc=0.9890 | test_loss=1.6680 | test_acc=0.9740
2026-05-14 14:32:21,549 | INFO | SpawnProcess-2 | lstm_run5 | Epoch 082 | train_loss=5.9060 | train_acc=0.9861 | test_loss=1.6959 | test_acc=0.9696
2026-05-14 14:32:22,983 | INFO | SpawnProcess-3 | lstm_run1 | Epoch 187 | train_loss=1.9585 | train_acc=0.9957 | test_loss=1.8668 | test_acc=0.9669
2026-05-14 14:32:24,976 | INFO | SpawnProcess-5 | lstm_run3 | Epoch 122 | train_loss=3.6520 | train_acc=0.9910 | test_loss=1.4409 | test_acc=0.9762
2026-05-14 14:32:25,463 | INFO | SpawnProcess-1 | lstm_run2 | Epoch 142 | train_loss=2.4778 | train_acc=0.9938 | test_loss=1.2414 | test_acc=0.9740
2026-05-14 14:32:30,866 | INFO | SpawnProcess-4 | lstm_run4 | Epoch 112 | train_loss=4.1445 | train_acc=0.9899 | test_loss=1.6179 | test_acc=0.9735
2026-05-14 14:32:31,732 | INFO | SpawnProcess-3 | lstm_run1 | Epoch 188 | train_loss=2.2086 | train_acc=0.9949 | test_loss=1.7254 | test_acc=0.9689
2026-05-14 14:32:31,781 | INFO | SpawnProcess-2 | lstm_run5 | Epoch 083 | train_loss=5.6218 | train_acc=0.9869 | test_loss=1.8426 | test_acc=0.9699
2026-05-14 14:32:34,652 | INFO | SpawnProcess-5 | lstm_run3 | Epoch 123 | train_loss=3.3256 | train_acc=0.9921 | test_loss=1.4064 | test_acc=0.9694
2026-05-14 14:32:34,828 | INFO | SpawnProcess-1 | lstm_run2 | Epoch 143 | train_loss=2.4906 | train_acc=0.9938 | test_loss=1.3021 | test_acc=0.9706
2026-05-14 14:32:40,766 | INFO | SpawnProcess-4 | lstm_run4 | Epoch 113 | train_loss=4.4096 | train_acc=0.9891 | test_loss=1.9131 | test_acc=0.9711
2026-05-14 14:32:41,265 | INFO | SpawnProcess-3 | lstm_run1 | Epoch 189 | train_loss=1.7200 | train_acc=0.9963 | test_loss=1.9319 | test_acc=0.9673
2026-05-14 14:32:42,029 | INFO | SpawnProcess-2 | lstm_run5 | Epoch 084 | train_loss=5.6900 | train_acc=0.9866 | test_loss=1.6680 | test_acc=0.9689
2026-05-14 14:32:44,583 | INFO | SpawnProcess-5 | lstm_run3 | Epoch 124 | train_loss=3.2492 | train_acc=0.9920 | test_loss=1.3973 | test_acc=0.9661
2026-05-14 14:32:45,512 | INFO | SpawnProcess-1 | lstm_run2 | Epoch 144 | train_loss=2.6471 | train_acc=0.9940 | test_loss=1.3726 | test_acc=0.9645
2026-05-14 14:32:49,738 | INFO | SpawnProcess-3 | lstm_run1 | Epoch 190 | train_loss=1.7242 | train_acc=0.9962 | test_loss=1.8809 | test_acc=0.9660
2026-05-14 14:32:50,524 | INFO | SpawnProcess-4 | lstm_run4 | Epoch 114 | train_loss=4.4473 | train_acc=0.9887 | test_loss=1.5685 | test_acc=0.9741
2026-05-14 14:32:51,758 | INFO | SpawnProcess-2 | lstm_run5 | Epoch 085 | train_loss=5.6438 | train_acc=0.9864 | test_loss=1.7428 | test_acc=0.9709
2026-05-14 14:32:53,783 | INFO | SpawnProcess-5 | lstm_run3 | Epoch 125 | train_loss=3.4398 | train_acc=0.9918 | test_loss=1.2528 | test_acc=0.9736
2026-05-14 14:32:55,652 | INFO | SpawnProcess-1 | lstm_run2 | Epoch 145 | train_loss=2.5750 | train_acc=0.9933 | test_loss=1.2725 | test_acc=0.9705
2026-05-14 14:32:58,639 | INFO | SpawnProcess-3 | lstm_run1 | Epoch 191 | train_loss=1.7778 | train_acc=0.9962 | test_loss=1.9400 | test_acc=0.9669
2026-05-14 14:33:00,616 | INFO | SpawnProcess-4 | lstm_run4 | Epoch 115 | train_loss=4.0364 | train_acc=0.9902 | test_loss=1.6399 | test_acc=0.9703
2026-05-14 14:33:01,353 | INFO | SpawnProcess-2 | lstm_run5 | Epoch 086 | train_loss=5.6027 | train_acc=0.9866 | test_loss=1.7626 | test_acc=0.9704
2026-05-14 14:33:03,645 | INFO | SpawnProcess-5 | lstm_run3 | Epoch 126 | train_loss=3.2615 | train_acc=0.9921 | test_loss=1.4397 | test_acc=0.9659
2026-05-14 14:33:05,917 | INFO | SpawnProcess-1 | lstm_run2 | Epoch 146 | train_loss=2.2907 | train_acc=0.9946 | test_loss=1.2541 | test_acc=0.9716
2026-05-14 14:33:08,148 | INFO | SpawnProcess-3 | lstm_run1 | Epoch 192 | train_loss=2.4178 | train_acc=0.9943 | test_loss=1.9313 | test_acc=0.9684
2026-05-14 14:33:10,445 | INFO | SpawnProcess-4 | lstm_run4 | Epoch 116 | train_loss=4.1715 | train_acc=0.9898 | test_loss=1.7029 | test_acc=0.9726
2026-05-14 14:33:11,099 | INFO | SpawnProcess-2 | lstm_run5 | Epoch 087 | train_loss=5.5183 | train_acc=0.9864 | test_loss=1.6470 | test_acc=0.9682
2026-05-14 14:33:13,393 | INFO | SpawnProcess-5 | lstm_run3 | Epoch 127 | train_loss=3.2487 | train_acc=0.9925 | test_loss=1.4684 | test_acc=0.9671
2026-05-14 14:33:16,231 | INFO | SpawnProcess-1 | lstm_run2 | Epoch 147 | train_loss=2.2637 | train_acc=0.9946 | test_loss=1.3725 | test_acc=0.9723
2026-05-14 14:33:17,625 | INFO | SpawnProcess-3 | lstm_run1 | Epoch 193 | train_loss=2.3963 | train_acc=0.9943 | test_loss=1.9257 | test_acc=0.9620
2026-05-14 14:33:20,550 | INFO | SpawnProcess-4 | lstm_run4 | Epoch 117 | train_loss=4.5539 | train_acc=0.9889 | test_loss=1.6760 | test_acc=0.9705
2026-05-14 14:33:21,069 | INFO | SpawnProcess-2 | lstm_run5 | Epoch 088 | train_loss=5.2042 | train_acc=0.9880 | test_loss=2.1037 | test_acc=0.9628
2026-05-14 14:33:22,937 | INFO | SpawnProcess-5 | lstm_run3 | Epoch 128 | train_loss=3.1539 | train_acc=0.9923 | test_loss=1.2701 | test_acc=0.9720
2026-05-14 14:33:26,609 | INFO | SpawnProcess-1 | lstm_run2 | Epoch 148 | train_loss=2.3011 | train_acc=0.9948 | test_loss=1.3605 | test_acc=0.9710
2026-05-14 14:33:26,716 | INFO | SpawnProcess-3 | lstm_run1 | Epoch 194 | train_loss=2.0330 | train_acc=0.9951 | test_loss=1.9009 | test_acc=0.9651
2026-05-14 14:33:30,351 | INFO | SpawnProcess-2 | lstm_run5 | Epoch 089 | train_loss=5.6806 | train_acc=0.9864 | test_loss=1.6445 | test_acc=0.9686
2026-05-14 14:33:30,431 | INFO | SpawnProcess-4 | lstm_run4 | Epoch 118 | train_loss=4.2554 | train_acc=0.9896 | test_loss=1.5926 | test_acc=0.9728
2026-05-14 14:33:32,642 | INFO | SpawnProcess-5 | lstm_run3 | Epoch 129 | train_loss=3.7628 | train_acc=0.9904 | test_loss=1.5861 | test_acc=0.9714
2026-05-14 14:33:36,222 | INFO | SpawnProcess-3 | lstm_run1 | Epoch 195 | train_loss=1.5856 | train_acc=0.9966 | test_loss=1.8139 | test_acc=0.9692
2026-05-14 14:33:36,885 | INFO | SpawnProcess-1 | lstm_run2 | Epoch 149 | train_loss=2.1903 | train_acc=0.9949 | test_loss=1.2611 | test_acc=0.9719
2026-05-14 14:33:39,607 | INFO | SpawnProcess-4 | lstm_run4 | Epoch 119 | train_loss=3.9247 | train_acc=0.9911 | test_loss=1.8720 | test_acc=0.9671
2026-05-14 14:33:40,014 | INFO | SpawnProcess-2 | lstm_run5 | Epoch 090 | train_loss=5.0816 | train_acc=0.9880 | test_loss=1.7675 | test_acc=0.9660
2026-05-14 14:33:42,006 | INFO | SpawnProcess-5 | lstm_run3 | Epoch 130 | train_loss=3.4487 | train_acc=0.9912 | test_loss=1.8115 | test_acc=0.9543
2026-05-14 14:33:45,790 | INFO | SpawnProcess-3 | lstm_run1 | Epoch 196 | train_loss=1.5919 | train_acc=0.9967 | test_loss=1.8259 | test_acc=0.9674
2026-05-14 14:33:47,238 | INFO | SpawnProcess-1 | lstm_run2 | Epoch 150 | train_loss=2.2798 | train_acc=0.9946 | test_loss=1.2720 | test_acc=0.9687
2026-05-14 14:33:49,636 | INFO | SpawnProcess-4 | lstm_run4 | Epoch 120 | train_loss=4.1215 | train_acc=0.9901 | test_loss=1.6105 | test_acc=0.9709
2026-05-14 14:33:49,758 | INFO | SpawnProcess-2 | lstm_run5 | Epoch 091 | train_loss=5.4075 | train_acc=0.9872 | test_loss=1.9479 | test_acc=0.9685
2026-05-14 14:33:51,131 | INFO | SpawnProcess-5 | lstm_run3 | Epoch 131 | train_loss=3.7209 | train_acc=0.9908 | test_loss=1.2705 | test_acc=0.9722
2026-05-14 14:33:55,407 | INFO | SpawnProcess-3 | lstm_run1 | Epoch 197 | train_loss=1.8027 | train_acc=0.9959 | test_loss=1.8846 | test_acc=0.9643
2026-05-14 14:33:57,402 | INFO | SpawnProcess-1 | lstm_run2 | Epoch 151 | train_loss=2.2205 | train_acc=0.9946 | test_loss=1.2580 | test_acc=0.9733
2026-05-14 14:33:58,459 | INFO | SpawnProcess-2 | lstm_run5 | Epoch 092 | train_loss=5.3975 | train_acc=0.9870 | test_loss=1.8833 | test_acc=0.9670
2026-05-14 14:33:59,613 | INFO | SpawnProcess-4 | lstm_run4 | Epoch 121 | train_loss=4.0599 | train_acc=0.9901 | test_loss=1.7234 | test_acc=0.9671
2026-05-14 14:34:00,779 | INFO | SpawnProcess-5 | lstm_run3 | Epoch 132 | train_loss=3.2395 | train_acc=0.9917 | test_loss=1.2671 | test_acc=0.9753
2026-05-14 14:34:04,190 | INFO | SpawnProcess-3 | lstm_run1 | Epoch 198 | train_loss=1.8687 | train_acc=0.9959 | test_loss=1.8716 | test_acc=0.9689
2026-05-14 14:34:07,212 | INFO | SpawnProcess-1 | lstm_run2 | Epoch 152 | train_loss=2.3558 | train_acc=0.9947 | test_loss=1.2293 | test_acc=0.9710
2026-05-14 14:34:08,038 | INFO | SpawnProcess-2 | lstm_run5 | Epoch 093 | train_loss=5.1889 | train_acc=0.9879 | test_loss=1.5995 | test_acc=0.9719
2026-05-14 14:34:09,658 | INFO | SpawnProcess-4 | lstm_run4 | Epoch 122 | train_loss=3.8538 | train_acc=0.9905 | test_loss=1.6212 | test_acc=0.9707
2026-05-14 14:34:09,903 | INFO | SpawnProcess-5 | lstm_run3 | Epoch 133 | train_loss=3.1700 | train_acc=0.9925 | test_loss=1.4457 | test_acc=0.9659
2026-05-14 14:34:13,213 | INFO | SpawnProcess-3 | lstm_run1 | Epoch 199 | train_loss=1.7875 | train_acc=0.9960 | test_loss=1.9682 | test_acc=0.9654
2026-05-14 14:34:16,587 | INFO | SpawnProcess-1 | lstm_run2 | Epoch 153 | train_loss=2.2769 | train_acc=0.9944 | test_loss=1.3052 | test_acc=0.9739
2026-05-14 14:34:17,661 | INFO | SpawnProcess-2 | lstm_run5 | Epoch 094 | train_loss=5.2201 | train_acc=0.9875 | test_loss=1.7625 | test_acc=0.9733
2026-05-14 14:34:19,379 | INFO | SpawnProcess-5 | lstm_run3 | Epoch 134 | train_loss=3.2991 | train_acc=0.9921 | test_loss=1.3765 | test_acc=0.9708
2026-05-14 14:34:19,529 | INFO | SpawnProcess-4 | lstm_run4 | Epoch 123 | train_loss=3.7252 | train_acc=0.9909 | test_loss=1.8431 | test_acc=0.9712
2026-05-14 14:34:21,863 | INFO | SpawnProcess-3 | lstm_run1 | Epoch 200 | train_loss=1.8558 | train_acc=0.9959 | test_loss=1.8278 | test_acc=0.9701
2026-05-14 14:34:26,670 | INFO | SpawnProcess-1 | lstm_run2 | Epoch 154 | train_loss=2.3483 | train_acc=0.9941 | test_loss=1.2849 | test_acc=0.9676
2026-05-14 14:34:27,376 | INFO | SpawnProcess-2 | lstm_run5 | Epoch 095 | train_loss=5.2332 | train_acc=0.9881 | test_loss=1.8115 | test_acc=0.9692
2026-05-14 14:34:28,130 | INFO | SpawnProcess-5 | lstm_run3 | Epoch 135 | train_loss=2.9974 | train_acc=0.9928 | test_loss=1.4061 | test_acc=0.9724
2026-05-14 14:34:29,043 | INFO | SpawnProcess-4 | lstm_run4 | Epoch 124 | train_loss=4.0470 | train_acc=0.9900 | test_loss=1.6926 | test_acc=0.9692
2026-05-14 14:34:30,618 | INFO | SpawnProcess-3 | lstm_run1 | Epoch 201 | train_loss=1.8220 | train_acc=0.9959 | test_loss=1.9107 | test_acc=0.9690
2026-05-14 14:34:36,898 | INFO | SpawnProcess-5 | lstm_run3 | Epoch 136 | train_loss=2.9321 | train_acc=0.9930 | test_loss=1.3623 | test_acc=0.9721
2026-05-14 14:34:36,981 | INFO | SpawnProcess-1 | lstm_run2 | Epoch 155 | train_loss=2.2149 | train_acc=0.9947 | test_loss=1.2601 | test_acc=0.9687
2026-05-14 14:34:37,347 | INFO | SpawnProcess-2 | lstm_run5 | Epoch 096 | train_loss=5.0421 | train_acc=0.9882 | test_loss=1.6807 | test_acc=0.9711
2026-05-14 14:34:38,891 | INFO | SpawnProcess-4 | lstm_run4 | Epoch 125 | train_loss=4.4846 | train_acc=0.9887 | test_loss=1.6497 | test_acc=0.9736
2026-05-14 14:34:39,983 | INFO | SpawnProcess-3 | lstm_run1 | Epoch 202 | train_loss=1.7144 | train_acc=0.9960 | test_loss=1.8764 | test_acc=0.9692
2026-05-14 14:34:46,717 | INFO | SpawnProcess-5 | lstm_run3 | Epoch 137 | train_loss=2.7820 | train_acc=0.9934 | test_loss=1.4626 | test_acc=0.9639
2026-05-14 14:34:47,145 | INFO | SpawnProcess-2 | lstm_run5 | Epoch 097 | train_loss=4.7288 | train_acc=0.9892 | test_loss=1.7660 | test_acc=0.9680
2026-05-14 14:34:47,293 | INFO | SpawnProcess-1 | lstm_run2 | Epoch 156 | train_loss=1.8909 | train_acc=0.9958 | test_loss=1.2775 | test_acc=0.9693
2026-05-14 14:34:48,737 | INFO | SpawnProcess-4 | lstm_run4 | Epoch 126 | train_loss=3.6752 | train_acc=0.9912 | test_loss=1.6698 | test_acc=0.9714
2026-05-14 14:34:49,610 | INFO | SpawnProcess-3 | lstm_run1 | Epoch 203 | train_loss=1.8807 | train_acc=0.9957 | test_loss=1.9319 | test_acc=0.9681
2026-05-14 14:34:56,005 | INFO | SpawnProcess-5 | lstm_run3 | Epoch 138 | train_loss=3.1579 | train_acc=0.9920 | test_loss=1.5519 | test_acc=0.9659
2026-05-14 14:34:57,040 | INFO | SpawnProcess-2 | lstm_run5 | Epoch 098 | train_loss=5.2417 | train_acc=0.9871 | test_loss=1.6322 | test_acc=0.9687
2026-05-14 14:34:57,504 | INFO | SpawnProcess-4 | lstm_run4 | Epoch 127 | train_loss=3.6252 | train_acc=0.9911 | test_loss=1.6760 | test_acc=0.9743
2026-05-14 14:34:57,878 | INFO | SpawnProcess-1 | lstm_run2 | Epoch 157 | train_loss=2.3650 | train_acc=0.9940 | test_loss=1.4004 | test_acc=0.9730
2026-05-14 14:34:58,966 | INFO | SpawnProcess-3 | lstm_run1 | Epoch 204 | train_loss=1.8002 | train_acc=0.9960 | test_loss=1.9282 | test_acc=0.9691
2026-05-14 14:35:05,891 | INFO | SpawnProcess-5 | lstm_run3 | Epoch 139 | train_loss=3.0547 | train_acc=0.9927 | test_loss=1.3246 | test_acc=0.9696
2026-05-14 14:35:07,006 | INFO | SpawnProcess-2 | lstm_run5 | Epoch 099 | train_loss=4.9103 | train_acc=0.9888 | test_loss=1.8751 | test_acc=0.9724
2026-05-14 14:35:07,224 | INFO | SpawnProcess-4 | lstm_run4 | Epoch 128 | train_loss=4.2143 | train_acc=0.9894 | test_loss=1.7911 | test_acc=0.9705
2026-05-14 14:35:07,392 | INFO | SpawnProcess-3 | lstm_run1 | Epoch 205 | train_loss=1.5413 | train_acc=0.9967 | test_loss=1.9044 | test_acc=0.9687
2026-05-14 14:35:07,684 | INFO | SpawnProcess-1 | lstm_run2 | Epoch 158 | train_loss=2.7489 | train_acc=0.9932 | test_loss=1.5606 | test_acc=0.9680
2026-05-14 14:35:15,686 | INFO | SpawnProcess-5 | lstm_run3 | Epoch 140 | train_loss=2.9445 | train_acc=0.9931 | test_loss=1.3914 | test_acc=0.9728
2026-05-14 14:35:16,767 | INFO | SpawnProcess-3 | lstm_run1 | Epoch 206 | train_loss=1.5421 | train_acc=0.9965 | test_loss=1.8710 | test_acc=0.9698
2026-05-14 14:35:17,123 | INFO | SpawnProcess-2 | lstm_run5 | Epoch 100 | train_loss=4.6859 | train_acc=0.9891 | test_loss=1.6456 | test_acc=0.9674
2026-05-14 14:35:17,191 | INFO | SpawnProcess-4 | lstm_run4 | Epoch 129 | train_loss=3.7791 | train_acc=0.9907 | test_loss=1.7022 | test_acc=0.9725
2026-05-14 14:35:17,956 | INFO | SpawnProcess-1 | lstm_run2 | Epoch 159 | train_loss=2.0829 | train_acc=0.9950 | test_loss=1.2923 | test_acc=0.9699
2026-05-14 14:35:25,275 | INFO | SpawnProcess-5 | lstm_run3 | Epoch 141 | train_loss=3.2858 | train_acc=0.9918 | test_loss=1.5247 | test_acc=0.9691
2026-05-14 14:35:25,762 | INFO | SpawnProcess-3 | lstm_run1 | Epoch 207 | train_loss=1.4529 | train_acc=0.9971 | test_loss=1.8772 | test_acc=0.9718
2026-05-14 14:35:27,184 | INFO | SpawnProcess-4 | lstm_run4 | Epoch 130 | train_loss=3.4382 | train_acc=0.9919 | test_loss=1.6074 | test_acc=0.9749
2026-05-14 14:35:27,233 | INFO | SpawnProcess-2 | lstm_run5 | Epoch 101 | train_loss=4.6230 | train_acc=0.9890 | test_loss=1.6238 | test_acc=0.9716
2026-05-14 14:35:27,799 | INFO | SpawnProcess-1 | lstm_run2 | Epoch 160 | train_loss=2.0457 | train_acc=0.9954 | test_loss=1.3108 | test_acc=0.9694
2026-05-14 14:35:35,004 | INFO | SpawnProcess-5 | lstm_run3 | Epoch 142 | train_loss=2.7682 | train_acc=0.9933 | test_loss=1.4833 | test_acc=0.9701
2026-05-14 14:35:35,050 | INFO | SpawnProcess-3 | lstm_run1 | Epoch 208 | train_loss=1.8706 | train_acc=0.9959 | test_loss=2.1353 | test_acc=0.9607
2026-05-14 14:35:36,443 | INFO | SpawnProcess-4 | lstm_run4 | Epoch 131 | train_loss=3.5535 | train_acc=0.9913 | test_loss=1.6348 | test_acc=0.9740
2026-05-14 14:35:36,928 | INFO | SpawnProcess-2 | lstm_run5 | Epoch 102 | train_loss=4.5335 | train_acc=0.9891 | test_loss=1.6565 | test_acc=0.9711
2026-05-14 14:35:38,093 | INFO | SpawnProcess-1 | lstm_run2 | Epoch 161 | train_loss=1.9921 | train_acc=0.9953 | test_loss=1.2490 | test_acc=0.9670
2026-05-14 14:35:43,728 | INFO | SpawnProcess-3 | lstm_run1 | Epoch 209 | train_loss=2.0493 | train_acc=0.9950 | test_loss=1.9915 | test_acc=0.9669
2026-05-14 14:35:44,794 | INFO | SpawnProcess-5 | lstm_run3 | Epoch 143 | train_loss=2.8462 | train_acc=0.9931 | test_loss=1.3365 | test_acc=0.9705
2026-05-14 14:35:45,864 | INFO | SpawnProcess-4 | lstm_run4 | Epoch 132 | train_loss=3.4263 | train_acc=0.9918 | test_loss=1.6248 | test_acc=0.9744
2026-05-14 14:35:46,729 | INFO | SpawnProcess-2 | lstm_run5 | Epoch 103 | train_loss=4.6890 | train_acc=0.9887 | test_loss=1.7339 | test_acc=0.9708
2026-05-14 14:35:48,049 | INFO | SpawnProcess-1 | lstm_run2 | Epoch 162 | train_loss=1.9383 | train_acc=0.9954 | test_loss=1.2801 | test_acc=0.9734
2026-05-14 14:35:52,819 | INFO | SpawnProcess-3 | lstm_run1 | Epoch 210 | train_loss=1.8426 | train_acc=0.9959 | test_loss=1.8857 | test_acc=0.9703
2026-05-14 14:35:54,433 | INFO | SpawnProcess-5 | lstm_run3 | Epoch 144 | train_loss=2.7267 | train_acc=0.9933 | test_loss=1.3567 | test_acc=0.9716
2026-05-14 14:35:56,064 | INFO | SpawnProcess-4 | lstm_run4 | Epoch 133 | train_loss=3.5834 | train_acc=0.9913 | test_loss=1.6000 | test_acc=0.9746
2026-05-14 14:35:56,082 | INFO | SpawnProcess-2 | lstm_run5 | Epoch 104 | train_loss=4.5486 | train_acc=0.9893 | test_loss=1.9117 | test_acc=0.9632
2026-05-14 14:35:57,398 | INFO | SpawnProcess-1 | lstm_run2 | Epoch 163 | train_loss=1.7848 | train_acc=0.9960 | test_loss=1.3041 | test_acc=0.9721
2026-05-14 14:36:02,255 | INFO | SpawnProcess-3 | lstm_run1 | Epoch 211 | train_loss=1.7020 | train_acc=0.9962 | test_loss=1.9452 | test_acc=0.9677
2026-05-14 14:36:04,327 | INFO | SpawnProcess-5 | lstm_run3 | Epoch 145 | train_loss=2.7087 | train_acc=0.9936 | test_loss=1.4440 | test_acc=0.9716
2026-05-14 14:36:04,929 | INFO | SpawnProcess-4 | lstm_run4 | Epoch 134 | train_loss=3.6913 | train_acc=0.9906 | test_loss=1.8230 | test_acc=0.9717
2026-05-14 14:36:06,018 | INFO | SpawnProcess-2 | lstm_run5 | Epoch 105 | train_loss=4.7259 | train_acc=0.9891 | test_loss=1.7311 | test_acc=0.9704
2026-05-14 14:36:06,633 | INFO | SpawnProcess-1 | lstm_run2 | Epoch 164 | train_loss=2.2602 | train_acc=0.9940 | test_loss=1.3381 | test_acc=0.9711
2026-05-14 14:36:11,424 | INFO | SpawnProcess-3 | lstm_run1 | Epoch 212 | train_loss=1.5503 | train_acc=0.9966 | test_loss=1.9904 | test_acc=0.9644
2026-05-14 14:36:13,202 | INFO | SpawnProcess-5 | lstm_run3 | Epoch 146 | train_loss=2.7088 | train_acc=0.9936 | test_loss=1.4190 | test_acc=0.9706
2026-05-14 14:36:14,719 | INFO | SpawnProcess-4 | lstm_run4 | Epoch 135 | train_loss=3.3991 | train_acc=0.9919 | test_loss=1.7304 | test_acc=0.9728
2026-05-14 14:36:15,430 | INFO | SpawnProcess-2 | lstm_run5 | Epoch 106 | train_loss=4.4097 | train_acc=0.9894 | test_loss=1.7994 | test_acc=0.9723
2026-05-14 14:36:16,115 | INFO | SpawnProcess-1 | lstm_run2 | Epoch 165 | train_loss=1.7398 | train_acc=0.9959 | test_loss=1.3306 | test_acc=0.9737
2026-05-14 14:36:20,570 | INFO | SpawnProcess-3 | lstm_run1 | Epoch 213 | train_loss=1.4474 | train_acc=0.9968 | test_loss=1.9003 | test_acc=0.9687
2026-05-14 14:36:22,895 | INFO | SpawnProcess-5 | lstm_run3 | Epoch 147 | train_loss=2.6126 | train_acc=0.9940 | test_loss=1.4547 | test_acc=0.9751
2026-05-14 14:36:24,283 | INFO | SpawnProcess-4 | lstm_run4 | Epoch 136 | train_loss=3.5387 | train_acc=0.9916 | test_loss=1.7593 | test_acc=0.9715
2026-05-14 14:36:24,301 | INFO | SpawnProcess-2 | lstm_run5 | Epoch 107 | train_loss=4.4668 | train_acc=0.9895 | test_loss=1.6531 | test_acc=0.9751
2026-05-14 14:36:25,346 | INFO | SpawnProcess-1 | lstm_run2 | Epoch 166 | train_loss=1.8798 | train_acc=0.9953 | test_loss=1.2596 | test_acc=0.9682
2026-05-14 14:36:29,198 | INFO | SpawnProcess-3 | lstm_run1 | Epoch 214 | train_loss=1.3218 | train_acc=0.9975 | test_loss=1.9771 | test_acc=0.9657
2026-05-14 14:36:31,739 | INFO | SpawnProcess-5 | lstm_run3 | Epoch 148 | train_loss=3.1605 | train_acc=0.9921 | test_loss=1.4307 | test_acc=0.9694
2026-05-14 14:36:34,094 | INFO | SpawnProcess-4 | lstm_run4 | Epoch 137 | train_loss=3.3844 | train_acc=0.9919 | test_loss=1.6656 | test_acc=0.9746
2026-05-14 14:36:34,289 | INFO | SpawnProcess-2 | lstm_run5 | Epoch 108 | train_loss=4.2779 | train_acc=0.9900 | test_loss=1.7318 | test_acc=0.9703
2026-05-14 14:36:34,437 | INFO | SpawnProcess-1 | lstm_run2 | Epoch 167 | train_loss=2.0897 | train_acc=0.9949 | test_loss=1.5701 | test_acc=0.9670
2026-05-14 14:36:37,492 | INFO | SpawnProcess-3 | lstm_run1 | Epoch 215 | train_loss=1.9766 | train_acc=0.9952 | test_loss=2.0444 | test_acc=0.9645
2026-05-14 14:36:41,091 | INFO | SpawnProcess-5 | lstm_run3 | Epoch 149 | train_loss=3.0256 | train_acc=0.9926 | test_loss=1.4572 | test_acc=0.9666
2026-05-14 14:36:43,780 | INFO | SpawnProcess-2 | lstm_run5 | Epoch 109 | train_loss=4.1714 | train_acc=0.9900 | test_loss=1.5876 | test_acc=0.9741
2026-05-14 14:36:43,832 | INFO | SpawnProcess-1 | lstm_run2 | Epoch 168 | train_loss=2.0998 | train_acc=0.9948 | test_loss=1.3515 | test_acc=0.9685
2026-05-14 14:36:44,039 | INFO | SpawnProcess-4 | lstm_run4 | Epoch 138 | train_loss=3.4464 | train_acc=0.9920 | test_loss=1.6390 | test_acc=0.9737
2026-05-14 14:36:46,166 | INFO | SpawnProcess-3 | lstm_run1 | Epoch 216 | train_loss=2.1385 | train_acc=0.9949 | test_loss=1.9665 | test_acc=0.9667
2026-05-14 14:36:50,618 | INFO | SpawnProcess-5 | lstm_run3 | Epoch 150 | train_loss=2.6437 | train_acc=0.9935 | test_loss=1.5250 | test_acc=0.9746
2026-05-14 14:36:53,131 | INFO | SpawnProcess-2 | lstm_run5 | Epoch 110 | train_loss=4.5204 | train_acc=0.9896 | test_loss=1.6610 | test_acc=0.9708
2026-05-14 14:36:53,682 | INFO | SpawnProcess-1 | lstm_run2 | Epoch 169 | train_loss=1.6868 | train_acc=0.9961 | test_loss=1.2930 | test_acc=0.9706
2026-05-14 14:36:53,936 | INFO | SpawnProcess-4 | lstm_run4 | Epoch 139 | train_loss=3.5053 | train_acc=0.9916 | test_loss=1.7377 | test_acc=0.9748
2026-05-14 14:36:54,580 | INFO | SpawnProcess-3 | lstm_run1 | Epoch 217 | train_loss=1.6430 | train_acc=0.9963 | test_loss=1.9095 | test_acc=0.9696
2026-05-14 14:37:00,404 | INFO | SpawnProcess-5 | lstm_run3 | Epoch 151 | train_loss=2.6832 | train_acc=0.9932 | test_loss=1.4684 | test_acc=0.9693
2026-05-14 14:37:02,567 | INFO | SpawnProcess-2 | lstm_run5 | Epoch 111 | train_loss=4.2240 | train_acc=0.9900 | test_loss=1.8631 | test_acc=0.9705
2026-05-14 14:37:03,573 | INFO | SpawnProcess-3 | lstm_run1 | Epoch 218 | train_loss=1.7705 | train_acc=0.9959 | test_loss=1.8842 | test_acc=0.9714
2026-05-14 14:37:03,869 | INFO | SpawnProcess-4 | lstm_run4 | Epoch 140 | train_loss=3.4858 | train_acc=0.9916 | test_loss=1.8186 | test_acc=0.9722
2026-05-14 14:37:03,986 | INFO | SpawnProcess-1 | lstm_run2 | Epoch 170 | train_loss=1.8911 | train_acc=0.9955 | test_loss=1.3333 | test_acc=0.9719
2026-05-14 14:37:10,183 | INFO | SpawnProcess-5 | lstm_run3 | Epoch 152 | train_loss=2.5655 | train_acc=0.9939 | test_loss=1.3397 | test_acc=0.9685
2026-05-14 14:37:12,765 | INFO | SpawnProcess-2 | lstm_run5 | Epoch 112 | train_loss=4.1163 | train_acc=0.9905 | test_loss=1.7133 | test_acc=0.9698
2026-05-14 14:37:12,841 | INFO | SpawnProcess-3 | lstm_run1 | Epoch 219 | train_loss=1.4081 | train_acc=0.9967 | test_loss=1.9113 | test_acc=0.9706
2026-05-14 14:37:13,663 | INFO | SpawnProcess-4 | lstm_run4 | Epoch 141 | train_loss=3.6496 | train_acc=0.9911 | test_loss=1.7405 | test_acc=0.9723
2026-05-14 14:37:14,455 | INFO | SpawnProcess-1 | lstm_run2 | Epoch 171 | train_loss=1.9861 | train_acc=0.9955 | test_loss=1.4399 | test_acc=0.9645
2026-05-14 14:37:19,826 | INFO | SpawnProcess-5 | lstm_run3 | Epoch 153 | train_loss=2.9840 | train_acc=0.9921 | test_loss=1.5488 | test_acc=0.9680
2026-05-14 14:37:21,959 | INFO | SpawnProcess-3 | lstm_run1 | Epoch 220 | train_loss=1.3218 | train_acc=0.9973 | test_loss=1.9036 | test_acc=0.9701
2026-05-14 14:37:23,134 | INFO | SpawnProcess-2 | lstm_run5 | Epoch 113 | train_loss=3.9905 | train_acc=0.9905 | test_loss=1.7529 | test_acc=0.9716
2026-05-14 14:37:23,667 | INFO | SpawnProcess-4 | lstm_run4 | Epoch 142 | train_loss=3.4380 | train_acc=0.9917 | test_loss=1.6617 | test_acc=0.9752
2026-05-14 14:37:24,599 | INFO | SpawnProcess-1 | lstm_run2 | Epoch 172 | train_loss=1.7649 | train_acc=0.9960 | test_loss=1.2999 | test_acc=0.9688
2026-05-14 14:37:28,869 | INFO | SpawnProcess-5 | lstm_run3 | Epoch 154 | train_loss=2.6849 | train_acc=0.9935 | test_loss=1.4133 | test_acc=0.9693
2026-05-14 14:37:31,174 | INFO | SpawnProcess-3 | lstm_run1 | Epoch 221 | train_loss=1.5896 | train_acc=0.9964 | test_loss=2.0011 | test_acc=0.9665
2026-05-14 14:37:33,147 | INFO | SpawnProcess-2 | lstm_run5 | Epoch 114 | train_loss=4.5874 | train_acc=0.9890 | test_loss=1.6141 | test_acc=0.9717
2026-05-14 14:37:33,476 | INFO | SpawnProcess-4 | lstm_run4 | Epoch 143 | train_loss=3.3573 | train_acc=0.9920 | test_loss=1.7653 | test_acc=0.9713
2026-05-14 14:37:34,576 | INFO | SpawnProcess-1 | lstm_run2 | Epoch 173 | train_loss=1.9428 | train_acc=0.9953 | test_loss=1.3132 | test_acc=0.9658
2026-05-14 14:37:38,576 | INFO | SpawnProcess-5 | lstm_run3 | Epoch 155 | train_loss=2.5501 | train_acc=0.9940 | test_loss=1.4381 | test_acc=0.9672
2026-05-14 14:37:40,431 | INFO | SpawnProcess-3 | lstm_run1 | Epoch 222 | train_loss=1.2391 | train_acc=0.9977 | test_loss=2.0173 | test_acc=0.9660
2026-05-14 14:37:42,987 | INFO | SpawnProcess-2 | lstm_run5 | Epoch 115 | train_loss=4.0990 | train_acc=0.9900 | test_loss=1.6832 | test_acc=0.9689
2026-05-14 14:37:43,633 | INFO | SpawnProcess-4 | lstm_run4 | Epoch 144 | train_loss=2.9966 | train_acc=0.9931 | test_loss=1.6934 | test_acc=0.9734
2026-05-14 14:37:44,630 | INFO | SpawnProcess-1 | lstm_run2 | Epoch 174 | train_loss=1.7114 | train_acc=0.9962 | test_loss=1.3476 | test_acc=0.9718
2026-05-14 14:37:48,281 | INFO | SpawnProcess-5 | lstm_run3 | Epoch 156 | train_loss=2.4807 | train_acc=0.9938 | test_loss=1.4696 | test_acc=0.9710
2026-05-14 14:37:49,624 | INFO | SpawnProcess-3 | lstm_run1 | Epoch 223 | train_loss=1.2396 | train_acc=0.9975 | test_loss=2.0115 | test_acc=0.9662
2026-05-14 14:37:52,607 | INFO | SpawnProcess-2 | lstm_run5 | Epoch 116 | train_loss=3.9671 | train_acc=0.9908 | test_loss=1.5872 | test_acc=0.9722
2026-05-14 14:37:53,588 | INFO | SpawnProcess-4 | lstm_run4 | Epoch 145 | train_loss=3.4478 | train_acc=0.9919 | test_loss=1.7219 | test_acc=0.9706
2026-05-14 14:37:54,616 | INFO | SpawnProcess-1 | lstm_run2 | Epoch 175 | train_loss=1.7888 | train_acc=0.9957 | test_loss=1.4284 | test_acc=0.9618
2026-05-14 14:37:57,994 | INFO | SpawnProcess-5 | lstm_run3 | Epoch 157 | train_loss=2.4906 | train_acc=0.9941 | test_loss=1.4587 | test_acc=0.9678
2026-05-14 14:37:59,016 | INFO | SpawnProcess-3 | lstm_run1 | Epoch 224 | train_loss=1.5097 | train_acc=0.9966 | test_loss=2.0390 | test_acc=0.9677
2026-05-14 14:38:02,628 | INFO | SpawnProcess-2 | lstm_run5 | Epoch 117 | train_loss=3.7986 | train_acc=0.9910 | test_loss=1.6554 | test_acc=0.9716
2026-05-14 14:38:03,581 | INFO | SpawnProcess-4 | lstm_run4 | Epoch 146 | train_loss=3.7372 | train_acc=0.9906 | test_loss=1.8474 | test_acc=0.9679
2026-05-14 14:38:04,984 | INFO | SpawnProcess-1 | lstm_run2 | Epoch 176 | train_loss=1.8929 | train_acc=0.9955 | test_loss=1.3288 | test_acc=0.9735
2026-05-14 14:38:07,872 | INFO | SpawnProcess-5 | lstm_run3 | Epoch 158 | train_loss=2.5649 | train_acc=0.9937 | test_loss=1.7130 | test_acc=0.9661
2026-05-14 14:38:08,298 | INFO | SpawnProcess-3 | lstm_run1 | Epoch 225 | train_loss=1.7922 | train_acc=0.9959 | test_loss=2.1571 | test_acc=0.9619
2026-05-14 14:38:12,129 | INFO | SpawnProcess-2 | lstm_run5 | Epoch 118 | train_loss=3.7845 | train_acc=0.9912 | test_loss=1.5838 | test_acc=0.9735
2026-05-14 14:38:13,631 | INFO | SpawnProcess-4 | lstm_run4 | Epoch 147 | train_loss=2.9748 | train_acc=0.9930 | test_loss=1.7896 | test_acc=0.9732
2026-05-14 14:38:15,315 | INFO | SpawnProcess-1 | lstm_run2 | Epoch 177 | train_loss=1.8384 | train_acc=0.9955 | test_loss=1.4277 | test_acc=0.9652
2026-05-14 14:38:17,566 | INFO | SpawnProcess-5 | lstm_run3 | Epoch 159 | train_loss=2.6196 | train_acc=0.9933 | test_loss=1.4589 | test_acc=0.9718
2026-05-14 14:38:17,722 | INFO | SpawnProcess-3 | lstm_run1 | Epoch 226 | train_loss=1.7184 | train_acc=0.9960 | test_loss=2.3494 | test_acc=0.9657
2026-05-14 14:38:22,298 | INFO | SpawnProcess-2 | lstm_run5 | Epoch 119 | train_loss=3.9465 | train_acc=0.9905 | test_loss=1.6300 | test_acc=0.9723
2026-05-14 14:38:23,514 | INFO | SpawnProcess-4 | lstm_run4 | Epoch 148 | train_loss=2.8119 | train_acc=0.9932 | test_loss=1.8209 | test_acc=0.9710
2026-05-14 14:38:25,502 | INFO | SpawnProcess-1 | lstm_run2 | Epoch 178 | train_loss=2.0649 | train_acc=0.9948 | test_loss=1.5948 | test_acc=0.9736
2026-05-14 14:38:27,073 | INFO | SpawnProcess-3 | lstm_run1 | Epoch 227 | train_loss=2.9142 | train_acc=0.9929 | test_loss=2.0885 | test_acc=0.9672
2026-05-14 14:38:27,126 | INFO | SpawnProcess-5 | lstm_run3 | Epoch 160 | train_loss=2.5960 | train_acc=0.9934 | test_loss=1.4693 | test_acc=0.9698
2026-05-14 14:38:32,245 | INFO | SpawnProcess-2 | lstm_run5 | Epoch 120 | train_loss=3.8584 | train_acc=0.9915 | test_loss=1.7737 | test_acc=0.9720
2026-05-14 14:38:32,588 | INFO | SpawnProcess-4 | lstm_run4 | Epoch 149 | train_loss=2.9710 | train_acc=0.9930 | test_loss=1.7599 | test_acc=0.9717
2026-05-14 14:38:35,719 | INFO | SpawnProcess-1 | lstm_run2 | Epoch 179 | train_loss=2.0803 | train_acc=0.9948 | test_loss=1.3233 | test_acc=0.9733
2026-05-14 14:38:36,477 | INFO | SpawnProcess-5 | lstm_run3 | Epoch 161 | train_loss=2.5971 | train_acc=0.9935 | test_loss=1.5673 | test_acc=0.9666
2026-05-14 14:38:36,762 | INFO | SpawnProcess-3 | lstm_run1 | Epoch 228 | train_loss=1.6161 | train_acc=0.9963 | test_loss=1.8672 | test_acc=0.9675
2026-05-14 14:38:42,132 | INFO | SpawnProcess-2 | lstm_run5 | Epoch 121 | train_loss=4.1458 | train_acc=0.9901 | test_loss=1.5987 | test_acc=0.9732
2026-05-14 14:38:42,498 | INFO | SpawnProcess-4 | lstm_run4 | Epoch 150 | train_loss=3.0665 | train_acc=0.9928 | test_loss=1.6813 | test_acc=0.9739
2026-05-14 14:38:45,993 | INFO | SpawnProcess-3 | lstm_run1 | Epoch 229 | train_loss=1.2451 | train_acc=0.9974 | test_loss=1.9743 | test_acc=0.9681
2026-05-14 14:38:46,088 | INFO | SpawnProcess-5 | lstm_run3 | Epoch 162 | train_loss=2.4388 | train_acc=0.9941 | test_loss=1.5092 | test_acc=0.9668
2026-05-14 14:38:46,145 | INFO | SpawnProcess-1 | lstm_run2 | Epoch 180 | train_loss=1.6089 | train_acc=0.9963 | test_loss=1.3453 | test_acc=0.9754
2026-05-14 14:38:51,697 | INFO | SpawnProcess-4 | lstm_run4 | Epoch 151 | train_loss=2.8719 | train_acc=0.9934 | test_loss=1.7035 | test_acc=0.9744
2026-05-14 14:38:51,827 | INFO | SpawnProcess-2 | lstm_run5 | Epoch 122 | train_loss=3.7258 | train_acc=0.9916 | test_loss=1.6150 | test_acc=0.9732
2026-05-14 14:38:54,287 | INFO | SpawnProcess-3 | lstm_run1 | Epoch 230 | train_loss=1.3796 | train_acc=0.9969 | test_loss=1.9189 | test_acc=0.9702
2026-05-14 14:38:55,420 | INFO | SpawnProcess-1 | lstm_run2 | Epoch 181 | train_loss=1.3923 | train_acc=0.9971 | test_loss=1.3981 | test_acc=0.9738
2026-05-14 14:38:55,930 | INFO | SpawnProcess-5 | lstm_run3 | Epoch 163 | train_loss=2.5380 | train_acc=0.9939 | test_loss=1.5751 | test_acc=0.9719
2026-05-14 14:39:01,608 | INFO | SpawnProcess-2 | lstm_run5 | Epoch 123 | train_loss=3.4433 | train_acc=0.9920 | test_loss=1.6140 | test_acc=0.9741
2026-05-14 14:39:01,685 | INFO | SpawnProcess-4 | lstm_run4 | Epoch 152 | train_loss=3.2310 | train_acc=0.9920 | test_loss=1.6924 | test_acc=0.9753
2026-05-14 14:39:03,728 | INFO | SpawnProcess-3 | lstm_run1 | Epoch 231 | train_loss=1.1464 | train_acc=0.9977 | test_loss=1.9555 | test_acc=0.9693
2026-05-14 14:39:05,463 | INFO | SpawnProcess-1 | lstm_run2 | Epoch 182 | train_loss=1.3769 | train_acc=0.9971 | test_loss=1.5144 | test_acc=0.9683
2026-05-14 14:39:05,525 | INFO | SpawnProcess-5 | lstm_run3 | Epoch 164 | train_loss=2.3180 | train_acc=0.9948 | test_loss=1.4428 | test_acc=0.9670
2026-05-14 14:39:11,459 | INFO | SpawnProcess-2 | lstm_run5 | Epoch 124 | train_loss=3.6558 | train_acc=0.9912 | test_loss=1.6827 | test_acc=0.9690
2026-05-14 14:39:11,563 | INFO | SpawnProcess-4 | lstm_run4 | Epoch 153 | train_loss=3.0922 | train_acc=0.9923 | test_loss=1.7210 | test_acc=0.9733
2026-05-14 14:39:12,252 | INFO | SpawnProcess-3 | lstm_run1 | Epoch 232 | train_loss=1.4276 | train_acc=0.9968 | test_loss=2.0123 | test_acc=0.9668
2026-05-14 14:39:15,388 | INFO | SpawnProcess-5 | lstm_run3 | Epoch 165 | train_loss=2.5534 | train_acc=0.9936 | test_loss=1.5115 | test_acc=0.9692
2026-05-14 14:39:15,875 | INFO | SpawnProcess-1 | lstm_run2 | Epoch 183 | train_loss=1.5869 | train_acc=0.9964 | test_loss=1.3073 | test_acc=0.9751
2026-05-14 14:39:20,551 | INFO | SpawnProcess-2 | lstm_run5 | Epoch 125 | train_loss=3.7916 | train_acc=0.9909 | test_loss=1.7171 | test_acc=0.9713
2026-05-14 14:39:20,953 | INFO | SpawnProcess-4 | lstm_run4 | Epoch 154 | train_loss=2.6379 | train_acc=0.9942 | test_loss=1.7025 | test_acc=0.9742
2026-05-14 14:39:20,993 | INFO | SpawnProcess-3 | lstm_run1 | Epoch 233 | train_loss=2.5257 | train_acc=0.9939 | test_loss=1.9646 | test_acc=0.9661
2026-05-14 14:39:25,125 | INFO | SpawnProcess-5 | lstm_run3 | Epoch 166 | train_loss=2.9054 | train_acc=0.9927 | test_loss=1.8591 | test_acc=0.9613
2026-05-14 14:39:26,235 | INFO | SpawnProcess-1 | lstm_run2 | Epoch 184 | train_loss=1.6348 | train_acc=0.9962 | test_loss=1.3091 | test_acc=0.9701
2026-05-14 14:39:30,556 | INFO | SpawnProcess-4 | lstm_run4 | Epoch 155 | train_loss=3.2992 | train_acc=0.9917 | test_loss=1.7680 | test_acc=0.9730
2026-05-14 14:39:30,819 | INFO | SpawnProcess-3 | lstm_run1 | Epoch 234 | train_loss=1.6436 | train_acc=0.9961 | test_loss=1.9800 | test_acc=0.9696
2026-05-14 14:39:30,821 | INFO | SpawnProcess-2 | lstm_run5 | Epoch 126 | train_loss=3.8384 | train_acc=0.9905 | test_loss=1.7178 | test_acc=0.9714
2026-05-14 14:39:34,876 | INFO | SpawnProcess-5 | lstm_run3 | Epoch 167 | train_loss=2.5836 | train_acc=0.9935 | test_loss=1.4916 | test_acc=0.9744
2026-05-14 14:39:36,165 | INFO | SpawnProcess-1 | lstm_run2 | Epoch 185 | train_loss=1.5193 | train_acc=0.9965 | test_loss=1.3900 | test_acc=0.9720
2026-05-14 14:39:39,983 | INFO | SpawnProcess-4 | lstm_run4 | Epoch 156 | train_loss=2.7702 | train_acc=0.9935 | test_loss=1.7477 | test_acc=0.9757
2026-05-14 14:39:40,345 | INFO | SpawnProcess-3 | lstm_run1 | Epoch 235 | train_loss=1.4245 | train_acc=0.9970 | test_loss=1.9098 | test_acc=0.9678
2026-05-14 14:39:40,714 | INFO | SpawnProcess-2 | lstm_run5 | Epoch 127 | train_loss=3.5946 | train_acc=0.9918 | test_loss=1.6283 | test_acc=0.9723
2026-05-14 14:39:44,567 | INFO | SpawnProcess-5 | lstm_run3 | Epoch 168 | train_loss=2.5019 | train_acc=0.9938 | test_loss=1.5297 | test_acc=0.9728
2026-05-14 14:39:46,643 | INFO | SpawnProcess-1 | lstm_run2 | Epoch 186 | train_loss=1.4084 | train_acc=0.9970 | test_loss=1.3843 | test_acc=0.9753
2026-05-14 14:39:49,266 | INFO | SpawnProcess-4 | lstm_run4 | Epoch 157 | train_loss=3.2382 | train_acc=0.9919 | test_loss=1.9934 | test_acc=0.9705
2026-05-14 14:39:49,962 | INFO | SpawnProcess-3 | lstm_run1 | Epoch 236 | train_loss=1.4468 | train_acc=0.9968 | test_loss=1.8901 | test_acc=0.9684
2026-05-14 14:39:50,516 | INFO | SpawnProcess-2 | lstm_run5 | Epoch 128 | train_loss=3.6866 | train_acc=0.9912 | test_loss=1.6341 | test_acc=0.9709
2026-05-14 14:39:54,220 | INFO | SpawnProcess-5 | lstm_run3 | Epoch 169 | train_loss=2.2172 | train_acc=0.9947 | test_loss=1.4349 | test_acc=0.9714
2026-05-14 14:39:56,565 | INFO | SpawnProcess-1 | lstm_run2 | Epoch 187 | train_loss=1.3922 | train_acc=0.9970 | test_loss=1.3848 | test_acc=0.9744
2026-05-14 14:39:58,685 | INFO | SpawnProcess-4 | lstm_run4 | Epoch 158 | train_loss=3.5261 | train_acc=0.9910 | test_loss=1.6024 | test_acc=0.9737
2026-05-14 14:39:59,365 | INFO | SpawnProcess-3 | lstm_run1 | Epoch 237 | train_loss=1.4084 | train_acc=0.9968 | test_loss=2.0624 | test_acc=0.9680
2026-05-14 14:40:00,037 | INFO | SpawnProcess-2 | lstm_run5 | Epoch 129 | train_loss=3.8096 | train_acc=0.9908 | test_loss=1.7584 | test_acc=0.9698
2026-05-14 14:40:03,985 | INFO | SpawnProcess-5 | lstm_run3 | Epoch 170 | train_loss=2.1779 | train_acc=0.9948 | test_loss=1.4542 | test_acc=0.9725
2026-05-14 14:40:06,864 | INFO | SpawnProcess-1 | lstm_run2 | Epoch 188 | train_loss=1.7590 | train_acc=0.9958 | test_loss=1.3458 | test_acc=0.9711
2026-05-14 14:40:08,347 | INFO | SpawnProcess-4 | lstm_run4 | Epoch 159 | train_loss=2.7802 | train_acc=0.9937 | test_loss=1.6086 | test_acc=0.9741
2026-05-14 14:40:08,995 | INFO | SpawnProcess-3 | lstm_run1 | Epoch 238 | train_loss=1.2738 | train_acc=0.9974 | test_loss=1.9544 | test_acc=0.9688
2026-05-14 14:40:09,622 | INFO | SpawnProcess-2 | lstm_run5 | Epoch 130 | train_loss=3.9198 | train_acc=0.9908 | test_loss=1.7128 | test_acc=0.9676
2026-05-14 14:40:13,335 | INFO | SpawnProcess-5 | lstm_run3 | Epoch 171 | train_loss=2.3517 | train_acc=0.9944 | test_loss=1.4925 | test_acc=0.9693
2026-05-14 14:40:17,462 | INFO | SpawnProcess-1 | lstm_run2 | Epoch 189 | train_loss=2.1913 | train_acc=0.9942 | test_loss=1.4750 | test_acc=0.9704
2026-05-14 14:40:17,544 | INFO | SpawnProcess-3 | lstm_run1 | Epoch 239 | train_loss=1.2615 | train_acc=0.9974 | test_loss=2.0991 | test_acc=0.9654
2026-05-14 14:40:17,872 | INFO | SpawnProcess-4 | lstm_run4 | Epoch 160 | train_loss=2.8585 | train_acc=0.9928 | test_loss=1.7608 | test_acc=0.9726
2026-05-14 14:40:19,255 | INFO | SpawnProcess-2 | lstm_run5 | Epoch 131 | train_loss=3.5198 | train_acc=0.9916 | test_loss=1.6838 | test_acc=0.9705
2026-05-14 14:40:22,820 | INFO | SpawnProcess-5 | lstm_run3 | Epoch 172 | train_loss=2.3362 | train_acc=0.9944 | test_loss=1.3866 | test_acc=0.9718
2026-05-14 14:40:26,491 | INFO | SpawnProcess-3 | lstm_run1 | Epoch 240 | train_loss=1.1251 | train_acc=0.9978 | test_loss=2.0481 | test_acc=0.9691
2026-05-14 14:40:26,750 | INFO | SpawnProcess-1 | lstm_run2 | Epoch 190 | train_loss=1.8634 | train_acc=0.9954 | test_loss=1.4456 | test_acc=0.9752
2026-05-14 14:40:27,314 | INFO | SpawnProcess-4 | lstm_run4 | Epoch 161 | train_loss=2.5929 | train_acc=0.9940 | test_loss=1.7193 | test_acc=0.9726
2026-05-14 14:40:29,300 | INFO | SpawnProcess-2 | lstm_run5 | Epoch 132 | train_loss=3.7914 | train_acc=0.9910 | test_loss=1.6773 | test_acc=0.9707
2026-05-14 14:40:32,330 | INFO | SpawnProcess-5 | lstm_run3 | Epoch 173 | train_loss=2.1235 | train_acc=0.9950 | test_loss=1.4142 | test_acc=0.9715
2026-05-14 14:40:36,085 | INFO | SpawnProcess-3 | lstm_run1 | Epoch 241 | train_loss=1.1328 | train_acc=0.9979 | test_loss=1.9021 | test_acc=0.9709
2026-05-14 14:40:36,778 | INFO | SpawnProcess-4 | lstm_run4 | Epoch 162 | train_loss=2.8464 | train_acc=0.9934 | test_loss=1.8976 | test_acc=0.9722
2026-05-14 14:40:37,055 | INFO | SpawnProcess-1 | lstm_run2 | Epoch 191 | train_loss=1.3695 | train_acc=0.9971 | test_loss=1.3524 | test_acc=0.9732
2026-05-14 14:40:38,930 | INFO | SpawnProcess-2 | lstm_run5 | Epoch 133 | train_loss=3.5009 | train_acc=0.9917 | test_loss=1.9234 | test_acc=0.9705
2026-05-14 14:40:41,841 | INFO | SpawnProcess-5 | lstm_run3 | Epoch 174 | train_loss=1.9710 | train_acc=0.9952 | test_loss=1.6116 | test_acc=0.9714
2026-05-14 14:40:45,852 | INFO | SpawnProcess-3 | lstm_run1 | Epoch 242 | train_loss=1.2095 | train_acc=0.9974 | test_loss=1.9853 | test_acc=0.9660
2026-05-14 14:40:46,265 | INFO | SpawnProcess-4 | lstm_run4 | Epoch 163 | train_loss=3.2266 | train_acc=0.9921 | test_loss=2.2258 | test_acc=0.9592
2026-05-14 14:40:47,373 | INFO | SpawnProcess-1 | lstm_run2 | Epoch 192 | train_loss=1.2950 | train_acc=0.9975 | test_loss=1.4385 | test_acc=0.9687
2026-05-14 14:40:48,798 | INFO | SpawnProcess-2 | lstm_run5 | Epoch 134 | train_loss=3.4586 | train_acc=0.9921 | test_loss=1.8046 | test_acc=0.9708
2026-05-14 14:40:51,144 | INFO | SpawnProcess-5 | lstm_run3 | Epoch 175 | train_loss=1.9357 | train_acc=0.9956 | test_loss=1.5833 | test_acc=0.9699
2026-05-14 14:40:55,524 | INFO | SpawnProcess-3 | lstm_run1 | Epoch 243 | train_loss=2.6334 | train_acc=0.9936 | test_loss=1.9744 | test_acc=0.9699
2026-05-14 14:40:55,989 | INFO | SpawnProcess-4 | lstm_run4 | Epoch 164 | train_loss=3.3257 | train_acc=0.9919 | test_loss=1.8432 | test_acc=0.9719
2026-05-14 14:40:57,471 | INFO | SpawnProcess-1 | lstm_run2 | Epoch 193 | train_loss=1.7627 | train_acc=0.9956 | test_loss=1.5981 | test_acc=0.9753
2026-05-14 14:40:58,698 | INFO | SpawnProcess-2 | lstm_run5 | Epoch 135 | train_loss=3.4777 | train_acc=0.9921 | test_loss=1.6377 | test_acc=0.9703
2026-05-14 14:41:00,229 | INFO | SpawnProcess-5 | lstm_run3 | Epoch 176 | train_loss=2.1601 | train_acc=0.9946 | test_loss=1.6151 | test_acc=0.9617
2026-05-14 14:41:05,129 | INFO | SpawnProcess-3 | lstm_run1 | Epoch 244 | train_loss=1.6556 | train_acc=0.9959 | test_loss=2.0304 | test_acc=0.9707
2026-05-14 14:41:05,593 | INFO | SpawnProcess-4 | lstm_run4 | Epoch 165 | train_loss=2.6576 | train_acc=0.9936 | test_loss=1.6672 | test_acc=0.9744
2026-05-14 14:41:07,475 | INFO | SpawnProcess-1 | lstm_run2 | Epoch 194 | train_loss=1.5675 | train_acc=0.9963 | test_loss=1.5172 | test_acc=0.9711
2026-05-14 14:41:08,903 | INFO | SpawnProcess-2 | lstm_run5 | Epoch 136 | train_loss=3.1035 | train_acc=0.9935 | test_loss=1.8324 | test_acc=0.9707
2026-05-14 14:41:09,446 | INFO | SpawnProcess-5 | lstm_run3 | Epoch 177 | train_loss=2.4941 | train_acc=0.9935 | test_loss=1.5351 | test_acc=0.9724
2026-05-14 14:41:14,436 | INFO | SpawnProcess-3 | lstm_run1 | Epoch 245 | train_loss=1.1787 | train_acc=0.9976 | test_loss=1.9462 | test_acc=0.9674
2026-05-14 14:41:15,384 | INFO | SpawnProcess-4 | lstm_run4 | Epoch 166 | train_loss=2.6034 | train_acc=0.9940 | test_loss=1.6706 | test_acc=0.9728
2026-05-14 14:41:16,978 | INFO | SpawnProcess-1 | lstm_run2 | Epoch 195 | train_loss=1.3773 | train_acc=0.9972 | test_loss=1.3320 | test_acc=0.9711
2026-05-14 14:41:18,959 | INFO | SpawnProcess-2 | lstm_run5 | Epoch 137 | train_loss=3.4145 | train_acc=0.9920 | test_loss=1.7273 | test_acc=0.9726
2026-05-14 14:41:19,302 | INFO | SpawnProcess-5 | lstm_run3 | Epoch 178 | train_loss=2.0272 | train_acc=0.9951 | test_loss=1.4031 | test_acc=0.9690
2026-05-14 14:41:23,933 | INFO | SpawnProcess-3 | lstm_run1 | Epoch 246 | train_loss=1.2354 | train_acc=0.9973 | test_loss=2.0656 | test_acc=0.9704
2026-05-14 14:41:25,741 | INFO | SpawnProcess-4 | lstm_run4 | Epoch 167 | train_loss=2.4925 | train_acc=0.9941 | test_loss=1.7496 | test_acc=0.9695
2026-05-14 14:41:26,866 | INFO | SpawnProcess-1 | lstm_run2 | Epoch 196 | train_loss=1.3398 | train_acc=0.9971 | test_loss=1.4497 | test_acc=0.9763
2026-05-14 14:41:29,124 | INFO | SpawnProcess-5 | lstm_run3 | Epoch 179 | train_loss=1.8620 | train_acc=0.9957 | test_loss=1.4729 | test_acc=0.9721
2026-05-14 14:41:29,156 | INFO | SpawnProcess-2 | lstm_run5 | Epoch 138 | train_loss=3.4214 | train_acc=0.9920 | test_loss=2.0519 | test_acc=0.9718
2026-05-14 14:41:32,896 | INFO | SpawnProcess-3 | lstm_run1 | Epoch 247 | train_loss=1.7143 | train_acc=0.9957 | test_loss=2.1128 | test_acc=0.9651
2026-05-14 14:41:35,730 | INFO | SpawnProcess-4 | lstm_run4 | Epoch 168 | train_loss=2.6825 | train_acc=0.9936 | test_loss=1.7245 | test_acc=0.9696
2026-05-14 14:41:36,908 | INFO | SpawnProcess-1 | lstm_run2 | Epoch 197 | train_loss=1.5209 | train_acc=0.9966 | test_loss=1.3851 | test_acc=0.9675
2026-05-14 14:41:38,875 | INFO | SpawnProcess-5 | lstm_run3 | Epoch 180 | train_loss=1.7509 | train_acc=0.9963 | test_loss=1.5589 | test_acc=0.9694
2026-05-14 14:41:39,266 | INFO | SpawnProcess-2 | lstm_run5 | Epoch 139 | train_loss=3.8537 | train_acc=0.9906 | test_loss=1.7310 | test_acc=0.9706
2026-05-14 14:41:41,932 | INFO | SpawnProcess-3 | lstm_run1 | Epoch 248 | train_loss=1.1062 | train_acc=0.9978 | test_loss=2.0447 | test_acc=0.9669
2026-05-14 14:41:45,323 | INFO | SpawnProcess-4 | lstm_run4 | Epoch 169 | train_loss=2.5542 | train_acc=0.9942 | test_loss=1.8210 | test_acc=0.9721
2026-05-14 14:41:46,761 | INFO | SpawnProcess-1 | lstm_run2 | Epoch 198 | train_loss=1.6156 | train_acc=0.9960 | test_loss=1.5099 | test_acc=0.9678
2026-05-14 14:41:48,686 | INFO | SpawnProcess-5 | lstm_run3 | Epoch 181 | train_loss=2.3732 | train_acc=0.9938 | test_loss=1.6713 | test_acc=0.9733
2026-05-14 14:41:49,019 | INFO | SpawnProcess-2 | lstm_run5 | Epoch 140 | train_loss=3.3570 | train_acc=0.9920 | test_loss=1.7147 | test_acc=0.9701
2026-05-14 14:41:51,106 | INFO | SpawnProcess-3 | lstm_run1 | Epoch 249 | train_loss=1.1161 | train_acc=0.9977 | test_loss=2.0184 | test_acc=0.9692
2026-05-14 14:41:55,391 | INFO | SpawnProcess-4 | lstm_run4 | Epoch 170 | train_loss=2.7981 | train_acc=0.9928 | test_loss=1.8710 | test_acc=0.9703
2026-05-14 14:41:56,452 | INFO | SpawnProcess-1 | lstm_run2 | Epoch 199 | train_loss=1.4827 | train_acc=0.9964 | test_loss=1.4237 | test_acc=0.9703
2026-05-14 14:41:58,652 | INFO | SpawnProcess-5 | lstm_run3 | Epoch 182 | train_loss=2.1654 | train_acc=0.9947 | test_loss=1.4624 | test_acc=0.9737
2026-05-14 14:41:58,971 | INFO | SpawnProcess-2 | lstm_run5 | Epoch 141 | train_loss=3.2688 | train_acc=0.9921 | test_loss=1.6380 | test_acc=0.9721
2026-05-14 14:42:00,255 | INFO | SpawnProcess-3 | lstm_run1 | Epoch 250 | train_loss=1.3992 | train_acc=0.9970 | test_loss=2.0398 | test_acc=0.9692
2026-05-14 14:42:05,580 | INFO | SpawnProcess-4 | lstm_run4 | Epoch 171 | train_loss=2.6804 | train_acc=0.9935 | test_loss=1.8468 | test_acc=0.9721
2026-05-14 14:42:05,938 | INFO | SpawnProcess-1 | lstm_run2 | Epoch 200 | train_loss=1.7336 | train_acc=0.9955 | test_loss=1.5322 | test_acc=0.9740
2026-05-14 14:42:08,388 | INFO | SpawnProcess-5 | lstm_run3 | Epoch 183 | train_loss=1.9314 | train_acc=0.9954 | test_loss=1.5078 | test_acc=0.9688
2026-05-14 14:42:09,338 | INFO | SpawnProcess-2 | lstm_run5 | Epoch 142 | train_loss=2.9870 | train_acc=0.9930 | test_loss=1.7523 | test_acc=0.9706
2026-05-14 14:42:09,632 | INFO | SpawnProcess-3 | lstm_run1 | Epoch 251 | train_loss=1.3813 | train_acc=0.9970 | test_loss=2.0210 | test_acc=0.9665
2026-05-14 14:42:14,766 | INFO | SpawnProcess-4 | lstm_run4 | Epoch 172 | train_loss=2.7697 | train_acc=0.9935 | test_loss=1.8320 | test_acc=0.9669
2026-05-14 14:42:16,125 | INFO | SpawnProcess-1 | lstm_run2 | Epoch 201 | train_loss=1.8446 | train_acc=0.9954 | test_loss=1.3227 | test_acc=0.9723
2026-05-14 14:42:18,067 | INFO | SpawnProcess-5 | lstm_run3 | Epoch 184 | train_loss=1.9341 | train_acc=0.9953 | test_loss=1.5748 | test_acc=0.9684
2026-05-14 14:42:18,150 | INFO | SpawnProcess-3 | lstm_run1 | Epoch 252 | train_loss=1.8355 | train_acc=0.9958 | test_loss=2.1660 | test_acc=0.9649
2026-05-14 14:42:19,441 | INFO | SpawnProcess-2 | lstm_run5 | Epoch 143 | train_loss=2.9769 | train_acc=0.9931 | test_loss=1.5989 | test_acc=0.9728
2026-05-14 14:42:24,743 | INFO | SpawnProcess-4 | lstm_run4 | Epoch 173 | train_loss=2.7597 | train_acc=0.9934 | test_loss=1.8572 | test_acc=0.9702
2026-05-14 14:42:26,429 | INFO | SpawnProcess-1 | lstm_run2 | Epoch 202 | train_loss=1.8190 | train_acc=0.9959 | test_loss=1.4465 | test_acc=0.9711
2026-05-14 14:42:27,304 | INFO | SpawnProcess-3 | lstm_run1 | Epoch 253 | train_loss=1.2150 | train_acc=0.9974 | test_loss=2.0933 | test_acc=0.9714
2026-05-14 14:42:27,946 | INFO | SpawnProcess-5 | lstm_run3 | Epoch 185 | train_loss=2.0157 | train_acc=0.9950 | test_loss=1.5615 | test_acc=0.9687
2026-05-14 14:42:29,644 | INFO | SpawnProcess-2 | lstm_run5 | Epoch 144 | train_loss=3.1138 | train_acc=0.9928 | test_loss=1.7182 | test_acc=0.9731
2026-05-14 14:42:34,760 | INFO | SpawnProcess-4 | lstm_run4 | Epoch 174 | train_loss=2.2959 | train_acc=0.9944 | test_loss=1.7869 | test_acc=0.9730
2026-05-14 14:42:36,511 | INFO | SpawnProcess-3 | lstm_run1 | Epoch 254 | train_loss=1.3257 | train_acc=0.9970 | test_loss=2.0750 | test_acc=0.9727
2026-05-14 14:42:36,897 | INFO | SpawnProcess-1 | lstm_run2 | Epoch 203 | train_loss=1.6123 | train_acc=0.9966 | test_loss=1.4748 | test_acc=0.9747
2026-05-14 14:42:37,709 | INFO | SpawnProcess-5 | lstm_run3 | Epoch 186 | train_loss=1.8684 | train_acc=0.9958 | test_loss=1.6753 | test_acc=0.9674
2026-05-14 14:42:39,274 | INFO | SpawnProcess-2 | lstm_run5 | Epoch 145 | train_loss=3.3333 | train_acc=0.9922 | test_loss=1.5794 | test_acc=0.9744
2026-05-14 14:42:45,240 | INFO | SpawnProcess-4 | lstm_run4 | Epoch 175 | train_loss=2.3349 | train_acc=0.9947 | test_loss=1.7970 | test_acc=0.9733
2026-05-14 14:42:45,933 | INFO | SpawnProcess-3 | lstm_run1 | Epoch 255 | train_loss=1.2304 | train_acc=0.9972 | test_loss=2.0634 | test_acc=0.9658
2026-05-14 14:42:47,172 | INFO | SpawnProcess-5 | lstm_run3 | Epoch 187 | train_loss=2.1211 | train_acc=0.9948 | test_loss=1.4881 | test_acc=0.9701
2026-05-14 14:42:47,213 | INFO | SpawnProcess-1 | lstm_run2 | Epoch 204 | train_loss=1.2976 | train_acc=0.9970 | test_loss=1.4888 | test_acc=0.9723
2026-05-14 14:42:49,121 | INFO | SpawnProcess-2 | lstm_run5 | Epoch 146 | train_loss=2.9215 | train_acc=0.9931 | test_loss=1.7012 | test_acc=0.9715
2026-05-14 14:42:54,995 | INFO | SpawnProcess-3 | lstm_run1 | Epoch 256 | train_loss=1.0501 | train_acc=0.9979 | test_loss=2.0757 | test_acc=0.9667
2026-05-14 14:42:55,676 | INFO | SpawnProcess-4 | lstm_run4 | Epoch 176 | train_loss=2.2510 | train_acc=0.9950 | test_loss=1.9463 | test_acc=0.9688
2026-05-14 14:42:56,675 | INFO | SpawnProcess-5 | lstm_run3 | Epoch 188 | train_loss=1.8854 | train_acc=0.9955 | test_loss=1.6087 | test_acc=0.9717
2026-05-14 14:42:57,529 | INFO | SpawnProcess-1 | lstm_run2 | Epoch 205 | train_loss=1.2558 | train_acc=0.9974 | test_loss=1.5209 | test_acc=0.9674
2026-05-14 14:42:58,217 | INFO | SpawnProcess-2 | lstm_run5 | Epoch 147 | train_loss=2.8957 | train_acc=0.9934 | test_loss=1.5349 | test_acc=0.9724
2026-05-14 14:43:04,459 | INFO | SpawnProcess-3 | lstm_run1 | Epoch 257 | train_loss=1.6381 | train_acc=0.9961 | test_loss=2.1631 | test_acc=0.9679
2026-05-14 14:43:05,898 | INFO | SpawnProcess-4 | lstm_run4 | Epoch 177 | train_loss=2.6574 | train_acc=0.9935 | test_loss=1.8292 | test_acc=0.9737
2026-05-14 14:43:06,369 | INFO | SpawnProcess-5 | lstm_run3 | Epoch 189 | train_loss=2.5675 | train_acc=0.9937 | test_loss=1.6058 | test_acc=0.9697
2026-05-14 14:43:08,235 | INFO | SpawnProcess-1 | lstm_run2 | Epoch 206 | train_loss=1.8529 | train_acc=0.9953 | test_loss=1.3627 | test_acc=0.9663
2026-05-14 14:43:08,472 | INFO | SpawnProcess-2 | lstm_run5 | Epoch 148 | train_loss=2.7268 | train_acc=0.9939 | test_loss=1.6371 | test_acc=0.9721
2026-05-14 14:43:14,016 | INFO | SpawnProcess-3 | lstm_run1 | Epoch 258 | train_loss=1.7095 | train_acc=0.9960 | test_loss=1.9810 | test_acc=0.9698
2026-05-14 14:43:16,065 | INFO | SpawnProcess-5 | lstm_run3 | Epoch 190 | train_loss=2.5264 | train_acc=0.9936 | test_loss=1.5274 | test_acc=0.9733
2026-05-14 14:43:16,242 | INFO | SpawnProcess-4 | lstm_run4 | Epoch 178 | train_loss=2.2388 | train_acc=0.9949 | test_loss=1.9235 | test_acc=0.9694
2026-05-14 14:43:18,530 | INFO | SpawnProcess-2 | lstm_run5 | Epoch 149 | train_loss=2.8214 | train_acc=0.9934 | test_loss=1.6591 | test_acc=0.9726
2026-05-14 14:43:18,673 | INFO | SpawnProcess-1 | lstm_run2 | Epoch 207 | train_loss=1.6020 | train_acc=0.9964 | test_loss=1.4588 | test_acc=0.9667
2026-05-14 14:43:23,475 | INFO | SpawnProcess-3 | lstm_run1 | Epoch 259 | train_loss=1.6587 | train_acc=0.9961 | test_loss=2.0517 | test_acc=0.9696
2026-05-14 14:43:25,677 | INFO | SpawnProcess-5 | lstm_run3 | Epoch 191 | train_loss=1.8903 | train_acc=0.9956 | test_loss=1.5316 | test_acc=0.9659
2026-05-14 14:43:26,277 | INFO | SpawnProcess-4 | lstm_run4 | Epoch 179 | train_loss=2.6870 | train_acc=0.9935 | test_loss=1.7988 | test_acc=0.9697
2026-05-14 14:43:28,746 | INFO | SpawnProcess-2 | lstm_run5 | Epoch 150 | train_loss=3.5686 | train_acc=0.9910 | test_loss=2.0908 | test_acc=0.9694
2026-05-14 14:43:29,404 | INFO | SpawnProcess-1 | lstm_run2 | Epoch 208 | train_loss=1.5243 | train_acc=0.9962 | test_loss=1.4491 | test_acc=0.9712
2026-05-14 14:43:33,105 | INFO | SpawnProcess-3 | lstm_run1 | Epoch 260 | train_loss=0.9513 | train_acc=0.9981 | test_loss=1.9522 | test_acc=0.9698
2026-05-14 14:43:35,440 | INFO | SpawnProcess-5 | lstm_run3 | Epoch 192 | train_loss=2.0403 | train_acc=0.9949 | test_loss=1.4963 | test_acc=0.9703
2026-05-14 14:43:36,336 | INFO | SpawnProcess-4 | lstm_run4 | Epoch 180 | train_loss=2.5718 | train_acc=0.9936 | test_loss=2.0868 | test_acc=0.9658
2026-05-14 14:43:38,862 | INFO | SpawnProcess-2 | lstm_run5 | Epoch 151 | train_loss=3.7800 | train_acc=0.9907 | test_loss=1.5446 | test_acc=0.9718
2026-05-14 14:43:39,980 | INFO | SpawnProcess-1 | lstm_run2 | Epoch 209 | train_loss=1.3260 | train_acc=0.9972 | test_loss=1.4310 | test_acc=0.9663
2026-05-14 14:43:42,800 | INFO | SpawnProcess-3 | lstm_run1 | Epoch 261 | train_loss=0.9047 | train_acc=0.9983 | test_loss=2.0305 | test_acc=0.9707
2026-05-14 14:43:45,140 | INFO | SpawnProcess-5 | lstm_run3 | Epoch 193 | train_loss=1.8377 | train_acc=0.9956 | test_loss=1.5362 | test_acc=0.9726
2026-05-14 14:43:45,951 | INFO | SpawnProcess-4 | lstm_run4 | Epoch 181 | train_loss=2.4861 | train_acc=0.9942 | test_loss=1.7474 | test_acc=0.9747
2026-05-14 14:43:48,745 | INFO | SpawnProcess-2 | lstm_run5 | Epoch 152 | train_loss=3.6663 | train_acc=0.9910 | test_loss=1.6695 | test_acc=0.9723
2026-05-14 14:43:50,431 | INFO | SpawnProcess-1 | lstm_run2 | Epoch 210 | train_loss=1.2057 | train_acc=0.9976 | test_loss=1.3928 | test_acc=0.9692
2026-05-14 14:43:52,238 | INFO | SpawnProcess-3 | lstm_run1 | Epoch 262 | train_loss=0.9111 | train_acc=0.9981 | test_loss=2.0760 | test_acc=0.9691
2026-05-14 14:43:54,871 | INFO | SpawnProcess-5 | lstm_run3 | Epoch 194 | train_loss=2.0462 | train_acc=0.9948 | test_loss=1.5529 | test_acc=0.9727
2026-05-14 14:43:55,579 | INFO | SpawnProcess-4 | lstm_run4 | Epoch 182 | train_loss=3.0017 | train_acc=0.9924 | test_loss=1.7061 | test_acc=0.9751
2026-05-14 14:43:58,248 | INFO | SpawnProcess-2 | lstm_run5 | Epoch 153 | train_loss=2.9490 | train_acc=0.9931 | test_loss=1.5488 | test_acc=0.9723
2026-05-14 14:44:00,493 | INFO | SpawnProcess-1 | lstm_run2 | Epoch 211 | train_loss=1.0693 | train_acc=0.9978 | test_loss=1.4392 | test_acc=0.9706
2026-05-14 14:44:01,373 | INFO | SpawnProcess-3 | lstm_run1 | Epoch 263 | train_loss=1.1852 | train_acc=0.9973 | test_loss=2.1995 | test_acc=0.9674
2026-05-14 14:44:04,309 | INFO | SpawnProcess-5 | lstm_run3 | Epoch 195 | train_loss=1.7412 | train_acc=0.9960 | test_loss=1.5287 | test_acc=0.9715
2026-05-14 14:44:05,560 | INFO | SpawnProcess-4 | lstm_run4 | Epoch 183 | train_loss=2.2047 | train_acc=0.9946 | test_loss=1.7303 | test_acc=0.9751
2026-05-14 14:44:07,831 | INFO | SpawnProcess-2 | lstm_run5 | Epoch 154 | train_loss=2.7073 | train_acc=0.9938 | test_loss=1.7674 | test_acc=0.9702
2026-05-14 14:44:10,210 | INFO | SpawnProcess-3 | lstm_run1 | Epoch 264 | train_loss=1.1727 | train_acc=0.9974 | test_loss=2.0546 | test_acc=0.9696
2026-05-14 14:44:10,800 | INFO | SpawnProcess-1 | lstm_run2 | Epoch 212 | train_loss=1.0320 | train_acc=0.9980 | test_loss=1.4367 | test_acc=0.9673
2026-05-14 14:44:13,514 | INFO | SpawnProcess-5 | lstm_run3 | Epoch 196 | train_loss=2.2974 | train_acc=0.9944 | test_loss=1.5576 | test_acc=0.9708
2026-05-14 14:44:15,133 | INFO | SpawnProcess-4 | lstm_run4 | Epoch 184 | train_loss=2.5364 | train_acc=0.9940 | test_loss=1.8079 | test_acc=0.9719
2026-05-14 14:44:17,529 | INFO | SpawnProcess-2 | lstm_run5 | Epoch 155 | train_loss=2.7969 | train_acc=0.9935 | test_loss=1.6834 | test_acc=0.9721
2026-05-14 14:44:18,998 | INFO | SpawnProcess-3 | lstm_run1 | Epoch 265 | train_loss=1.1367 | train_acc=0.9977 | test_loss=2.0869 | test_acc=0.9641
2026-05-14 14:44:20,771 | INFO | SpawnProcess-1 | lstm_run2 | Epoch 213 | train_loss=1.3063 | train_acc=0.9972 | test_loss=1.7294 | test_acc=0.9678
2026-05-14 14:44:22,813 | INFO | SpawnProcess-5 | lstm_run3 | Epoch 197 | train_loss=1.7148 | train_acc=0.9960 | test_loss=1.5527 | test_acc=0.9717
2026-05-14 14:44:24,222 | INFO | SpawnProcess-4 | lstm_run4 | Epoch 185 | train_loss=2.3137 | train_acc=0.9944 | test_loss=1.7831 | test_acc=0.9720
2026-05-14 14:44:27,211 | INFO | SpawnProcess-2 | lstm_run5 | Epoch 156 | train_loss=2.9490 | train_acc=0.9930 | test_loss=1.6718 | test_acc=0.9711
2026-05-14 14:44:27,725 | INFO | SpawnProcess-3 | lstm_run1 | Epoch 266 | train_loss=2.0739 | train_acc=0.9950 | test_loss=2.4709 | test_acc=0.9646
2026-05-14 14:44:30,613 | INFO | SpawnProcess-1 | lstm_run2 | Epoch 214 | train_loss=1.4725 | train_acc=0.9966 | test_loss=1.4747 | test_acc=0.9684
2026-05-14 14:44:33,068 | INFO | SpawnProcess-5 | lstm_run3 | Epoch 198 | train_loss=1.7413 | train_acc=0.9958 | test_loss=1.6306 | test_acc=0.9687
2026-05-14 14:44:33,591 | INFO | SpawnProcess-4 | lstm_run4 | Epoch 186 | train_loss=2.2402 | train_acc=0.9947 | test_loss=1.9580 | test_acc=0.9666
2026-05-14 14:44:36,829 | INFO | SpawnProcess-2 | lstm_run5 | Epoch 157 | train_loss=2.5569 | train_acc=0.9941 | test_loss=1.6752 | test_acc=0.9703
2026-05-14 14:44:36,974 | INFO | SpawnProcess-3 | lstm_run1 | Epoch 267 | train_loss=1.7104 | train_acc=0.9960 | test_loss=1.9773 | test_acc=0.9717
2026-05-14 14:44:40,560 | INFO | SpawnProcess-1 | lstm_run2 | Epoch 215 | train_loss=1.6244 | train_acc=0.9958 | test_loss=1.4719 | test_acc=0.9724
2026-05-14 14:44:42,899 | INFO | SpawnProcess-4 | lstm_run4 | Epoch 187 | train_loss=2.3126 | train_acc=0.9943 | test_loss=1.7885 | test_acc=0.9716
2026-05-14 14:44:43,338 | INFO | SpawnProcess-5 | lstm_run3 | Epoch 199 | train_loss=1.4832 | train_acc=0.9967 | test_loss=1.5757 | test_acc=0.9712
2026-05-14 14:44:46,113 | INFO | SpawnProcess-3 | lstm_run1 | Epoch 268 | train_loss=1.0545 | train_acc=0.9980 | test_loss=2.1258 | test_acc=0.9708
2026-05-14 14:44:46,460 | INFO | SpawnProcess-2 | lstm_run5 | Epoch 158 | train_loss=2.9096 | train_acc=0.9927 | test_loss=1.7660 | test_acc=0.9675
2026-05-14 14:44:50,449 | INFO | SpawnProcess-1 | lstm_run2 | Epoch 216 | train_loss=1.7116 | train_acc=0.9957 | test_loss=1.4531 | test_acc=0.9679
2026-05-14 14:44:52,305 | INFO | SpawnProcess-5 | lstm_run3 | Epoch 200 | train_loss=1.7790 | train_acc=0.9958 | test_loss=1.5741 | test_acc=0.9740
2026-05-14 14:44:52,938 | INFO | SpawnProcess-4 | lstm_run4 | Epoch 188 | train_loss=2.5223 | train_acc=0.9942 | test_loss=1.7284 | test_acc=0.9738
2026-05-14 14:44:55,257 | INFO | SpawnProcess-3 | lstm_run1 | Epoch 269 | train_loss=1.5436 | train_acc=0.9963 | test_loss=2.1870 | test_acc=0.9675
2026-05-14 14:44:55,954 | INFO | SpawnProcess-2 | lstm_run5 | Epoch 159 | train_loss=2.6856 | train_acc=0.9940 | test_loss=2.0560 | test_acc=0.9699
2026-05-14 14:45:00,360 | INFO | SpawnProcess-1 | lstm_run2 | Epoch 217 | train_loss=1.4270 | train_acc=0.9967 | test_loss=1.4074 | test_acc=0.9770
2026-05-14 14:45:02,406 | INFO | SpawnProcess-5 | lstm_run3 | Epoch 201 | train_loss=1.7327 | train_acc=0.9960 | test_loss=1.7072 | test_acc=0.9675
2026-05-14 14:45:02,863 | INFO | SpawnProcess-4 | lstm_run4 | Epoch 189 | train_loss=2.1506 | train_acc=0.9950 | test_loss=1.9284 | test_acc=0.9695
2026-05-14 14:45:04,420 | INFO | SpawnProcess-3 | lstm_run1 | Epoch 270 | train_loss=1.2541 | train_acc=0.9970 | test_loss=1.9793 | test_acc=0.9694
2026-05-14 14:45:05,833 | INFO | SpawnProcess-2 | lstm_run5 | Epoch 160 | train_loss=3.0349 | train_acc=0.9928 | test_loss=1.7499 | test_acc=0.9720
2026-05-14 14:45:10,409 | INFO | SpawnProcess-1 | lstm_run2 | Epoch 218 | train_loss=1.0391 | train_acc=0.9979 | test_loss=1.4371 | test_acc=0.9672
2026-05-14 14:45:11,342 | INFO | SpawnProcess-5 | lstm_run3 | Epoch 202 | train_loss=1.7274 | train_acc=0.9960 | test_loss=1.6989 | test_acc=0.9712
2026-05-14 14:45:12,857 | INFO | SpawnProcess-4 | lstm_run4 | Epoch 190 | train_loss=2.3261 | train_acc=0.9945 | test_loss=1.8574 | test_acc=0.9705
2026-05-14 14:45:13,548 | INFO | SpawnProcess-3 | lstm_run1 | Epoch 271 | train_loss=1.0042 | train_acc=0.9980 | test_loss=2.1067 | test_acc=0.9704
2026-05-14 14:45:15,558 | INFO | SpawnProcess-2 | lstm_run5 | Epoch 161 | train_loss=3.2345 | train_acc=0.9922 | test_loss=1.6486 | test_acc=0.9743
2026-05-14 14:45:20,659 | INFO | SpawnProcess-5 | lstm_run3 | Epoch 203 | train_loss=1.4513 | train_acc=0.9968 | test_loss=1.5011 | test_acc=0.9711
2026-05-14 14:45:20,775 | INFO | SpawnProcess-1 | lstm_run2 | Epoch 219 | train_loss=0.9876 | train_acc=0.9982 | test_loss=1.5068 | test_acc=0.9710
2026-05-14 14:45:22,147 | INFO | SpawnProcess-3 | lstm_run1 | Epoch 272 | train_loss=1.2009 | train_acc=0.9973 | test_loss=2.0871 | test_acc=0.9714
2026-05-14 14:45:22,583 | INFO | SpawnProcess-4 | lstm_run4 | Epoch 191 | train_loss=2.1072 | train_acc=0.9948 | test_loss=1.7130 | test_acc=0.9744
2026-05-14 14:45:24,764 | INFO | SpawnProcess-2 | lstm_run5 | Epoch 162 | train_loss=2.8600 | train_acc=0.9929 | test_loss=1.6470 | test_acc=0.9700
2026-05-14 14:45:30,287 | INFO | SpawnProcess-1 | lstm_run2 | Epoch 220 | train_loss=1.0574 | train_acc=0.9976 | test_loss=1.6612 | test_acc=0.9653
2026-05-14 14:45:30,492 | INFO | SpawnProcess-5 | lstm_run3 | Epoch 204 | train_loss=1.9965 | train_acc=0.9949 | test_loss=1.7133 | test_acc=0.9669
2026-05-14 14:45:31,750 | INFO | SpawnProcess-3 | lstm_run1 | Epoch 273 | train_loss=1.5556 | train_acc=0.9961 | test_loss=2.2261 | test_acc=0.9710
2026-05-14 14:45:32,553 | INFO | SpawnProcess-4 | lstm_run4 | Epoch 192 | train_loss=2.0707 | train_acc=0.9950 | test_loss=1.8522 | test_acc=0.9744
2026-05-14 14:45:34,679 | INFO | SpawnProcess-2 | lstm_run5 | Epoch 163 | train_loss=2.8601 | train_acc=0.9934 | test_loss=1.6923 | test_acc=0.9736
2026-05-14 14:45:39,884 | INFO | SpawnProcess-1 | lstm_run2 | Epoch 221 | train_loss=2.0637 | train_acc=0.9943 | test_loss=1.5177 | test_acc=0.9629
2026-05-14 14:45:40,152 | INFO | SpawnProcess-5 | lstm_run3 | Epoch 205 | train_loss=1.7470 | train_acc=0.9960 | test_loss=1.5753 | test_acc=0.9716
2026-05-14 14:45:41,236 | INFO | SpawnProcess-3 | lstm_run1 | Epoch 274 | train_loss=1.6868 | train_acc=0.9959 | test_loss=2.0453 | test_acc=0.9677
2026-05-14 14:45:42,716 | INFO | SpawnProcess-4 | lstm_run4 | Epoch 193 | train_loss=2.4305 | train_acc=0.9940 | test_loss=1.8534 | test_acc=0.9690
2026-05-14 14:45:44,757 | INFO | SpawnProcess-2 | lstm_run5 | Epoch 164 | train_loss=2.6067 | train_acc=0.9940 | test_loss=1.5955 | test_acc=0.9707
2026-05-14 14:45:49,722 | INFO | SpawnProcess-1 | lstm_run2 | Epoch 222 | train_loss=1.4961 | train_acc=0.9965 | test_loss=1.4806 | test_acc=0.9747
2026-05-14 14:45:50,121 | INFO | SpawnProcess-5 | lstm_run3 | Epoch 206 | train_loss=1.6395 | train_acc=0.9962 | test_loss=1.5709 | test_acc=0.9697
2026-05-14 14:45:51,402 | INFO | SpawnProcess-3 | lstm_run1 | Epoch 275 | train_loss=0.9631 | train_acc=0.9980 | test_loss=1.9373 | test_acc=0.9734
2026-05-14 14:45:52,819 | INFO | SpawnProcess-4 | lstm_run4 | Epoch 194 | train_loss=2.2703 | train_acc=0.9947 | test_loss=1.8938 | test_acc=0.9694
2026-05-14 14:45:54,769 | INFO | SpawnProcess-2 | lstm_run5 | Epoch 165 | train_loss=2.5977 | train_acc=0.9942 | test_loss=1.6539 | test_acc=0.9723
2026-05-14 14:46:00,203 | INFO | SpawnProcess-5 | lstm_run3 | Epoch 207 | train_loss=1.6044 | train_acc=0.9962 | test_loss=1.6920 | test_acc=0.9662
2026-05-14 14:46:00,286 | INFO | SpawnProcess-1 | lstm_run2 | Epoch 223 | train_loss=1.1059 | train_acc=0.9977 | test_loss=1.4830 | test_acc=0.9650
2026-05-14 14:46:00,874 | INFO | SpawnProcess-3 | lstm_run1 | Epoch 276 | train_loss=0.9833 | train_acc=0.9980 | test_loss=2.0381 | test_acc=0.9712
2026-05-14 14:46:02,855 | INFO | SpawnProcess-4 | lstm_run4 | Epoch 195 | train_loss=2.4172 | train_acc=0.9942 | test_loss=2.0065 | test_acc=0.9643
2026-05-14 14:46:04,631 | INFO | SpawnProcess-2 | lstm_run5 | Epoch 166 | train_loss=2.6470 | train_acc=0.9940 | test_loss=1.6419 | test_acc=0.9726
2026-05-14 14:46:10,038 | INFO | SpawnProcess-5 | lstm_run3 | Epoch 208 | train_loss=1.8094 | train_acc=0.9954 | test_loss=1.7296 | test_acc=0.9727
2026-05-14 14:46:10,223 | INFO | SpawnProcess-3 | lstm_run1 | Epoch 277 | train_loss=0.7806 | train_acc=0.9986 | test_loss=2.0008 | test_acc=0.9697
2026-05-14 14:46:11,678 | INFO | SpawnProcess-1 | lstm_run2 | Epoch 224 | train_loss=1.1577 | train_acc=0.9975 | test_loss=1.6009 | test_acc=0.9743
2026-05-14 14:46:12,829 | INFO | SpawnProcess-4 | lstm_run4 | Epoch 196 | train_loss=2.4460 | train_acc=0.9938 | test_loss=1.9048 | test_acc=0.9726
2026-05-14 14:46:14,587 | INFO | SpawnProcess-2 | lstm_run5 | Epoch 167 | train_loss=2.3182 | train_acc=0.9949 | test_loss=1.7264 | test_acc=0.9739
2026-05-14 14:46:20,119 | INFO | SpawnProcess-5 | lstm_run3 | Epoch 209 | train_loss=1.6939 | train_acc=0.9959 | test_loss=1.6170 | test_acc=0.9708
2026-05-14 14:46:20,229 | INFO | SpawnProcess-3 | lstm_run1 | Epoch 278 | train_loss=0.7403 | train_acc=0.9988 | test_loss=2.0225 | test_acc=0.9704
2026-05-14 14:46:22,492 | INFO | SpawnProcess-4 | lstm_run4 | Epoch 197 | train_loss=2.7520 | train_acc=0.9933 | test_loss=1.8365 | test_acc=0.9714
2026-05-14 14:46:22,526 | INFO | SpawnProcess-1 | lstm_run2 | Epoch 225 | train_loss=0.9417 | train_acc=0.9982 | test_loss=1.3927 | test_acc=0.9701
2026-05-14 14:46:24,733 | INFO | SpawnProcess-2 | lstm_run5 | Epoch 168 | train_loss=2.7700 | train_acc=0.9936 | test_loss=1.6235 | test_acc=0.9718
2026-05-14 14:46:29,965 | INFO | SpawnProcess-3 | lstm_run1 | Epoch 279 | train_loss=0.7652 | train_acc=0.9985 | test_loss=2.0700 | test_acc=0.9707
2026-05-14 14:46:30,215 | INFO | SpawnProcess-5 | lstm_run3 | Epoch 210 | train_loss=1.5058 | train_acc=0.9967 | test_loss=1.6038 | test_acc=0.9708
2026-05-14 14:46:32,872 | INFO | SpawnProcess-4 | lstm_run4 | Epoch 198 | train_loss=2.4078 | train_acc=0.9940 | test_loss=2.0131 | test_acc=0.9703
2026-05-14 14:46:33,229 | INFO | SpawnProcess-1 | lstm_run2 | Epoch 226 | train_loss=1.2241 | train_acc=0.9972 | test_loss=1.6450 | test_acc=0.9703
2026-05-14 14:46:34,397 | INFO | SpawnProcess-2 | lstm_run5 | Epoch 169 | train_loss=2.6421 | train_acc=0.9939 | test_loss=1.6211 | test_acc=0.9717
2026-05-14 14:46:39,934 | INFO | SpawnProcess-3 | lstm_run1 | Epoch 280 | train_loss=1.4008 | train_acc=0.9969 | test_loss=2.1081 | test_acc=0.9713
2026-05-14 14:46:40,173 | INFO | SpawnProcess-5 | lstm_run3 | Epoch 211 | train_loss=1.6267 | train_acc=0.9960 | test_loss=1.6688 | test_acc=0.9700
2026-05-14 14:46:42,995 | INFO | SpawnProcess-4 | lstm_run4 | Epoch 199 | train_loss=2.1308 | train_acc=0.9951 | test_loss=1.7768 | test_acc=0.9743
2026-05-14 14:46:44,078 | INFO | SpawnProcess-1 | lstm_run2 | Epoch 227 | train_loss=2.0295 | train_acc=0.9946 | test_loss=1.5580 | test_acc=0.9632
2026-05-14 14:46:44,492 | INFO | SpawnProcess-2 | lstm_run5 | Epoch 170 | train_loss=2.5919 | train_acc=0.9941 | test_loss=1.5957 | test_acc=0.9729
2026-05-14 14:46:49,593 | INFO | SpawnProcess-5 | lstm_run3 | Epoch 212 | train_loss=1.5943 | train_acc=0.9963 | test_loss=1.6626 | test_acc=0.9647
2026-05-14 14:46:49,648 | INFO | SpawnProcess-3 | lstm_run1 | Epoch 281 | train_loss=1.8125 | train_acc=0.9955 | test_loss=2.2709 | test_acc=0.9613
2026-05-14 14:46:53,186 | INFO | SpawnProcess-4 | lstm_run4 | Epoch 200 | train_loss=1.7777 | train_acc=0.9960 | test_loss=1.8393 | test_acc=0.9714
2026-05-14 14:46:54,547 | INFO | SpawnProcess-2 | lstm_run5 | Epoch 171 | train_loss=2.3492 | train_acc=0.9947 | test_loss=1.6101 | test_acc=0.9729
2026-05-14 14:46:54,822 | INFO | SpawnProcess-1 | lstm_run2 | Epoch 228 | train_loss=1.2515 | train_acc=0.9973 | test_loss=1.5563 | test_acc=0.9643
2026-05-14 14:46:59,278 | INFO | SpawnProcess-5 | lstm_run3 | Epoch 213 | train_loss=2.0542 | train_acc=0.9947 | test_loss=1.6540 | test_acc=0.9689
2026-05-14 14:46:59,675 | INFO | SpawnProcess-3 | lstm_run1 | Epoch 282 | train_loss=1.8483 | train_acc=0.9956 | test_loss=2.0221 | test_acc=0.9674
2026-05-14 14:47:03,076 | INFO | SpawnProcess-4 | lstm_run4 | Epoch 201 | train_loss=1.7205 | train_acc=0.9964 | test_loss=1.9762 | test_acc=0.9698
2026-05-14 14:47:04,524 | INFO | SpawnProcess-2 | lstm_run5 | Epoch 172 | train_loss=2.6875 | train_acc=0.9937 | test_loss=1.8571 | test_acc=0.9718
2026-05-14 14:47:05,463 | INFO | SpawnProcess-1 | lstm_run2 | Epoch 229 | train_loss=1.2349 | train_acc=0.9973 | test_loss=1.6228 | test_acc=0.9696
2026-05-14 14:47:08,775 | INFO | SpawnProcess-5 | lstm_run3 | Epoch 214 | train_loss=1.5303 | train_acc=0.9964 | test_loss=1.6584 | test_acc=0.9667
2026-05-14 14:47:09,386 | INFO | SpawnProcess-3 | lstm_run1 | Epoch 283 | train_loss=1.3175 | train_acc=0.9970 | test_loss=2.0256 | test_acc=0.9678
2026-05-14 14:47:13,005 | INFO | SpawnProcess-4 | lstm_run4 | Epoch 202 | train_loss=1.8729 | train_acc=0.9957 | test_loss=1.8466 | test_acc=0.9733
2026-05-14 14:47:14,358 | INFO | SpawnProcess-2 | lstm_run5 | Epoch 173 | train_loss=2.6840 | train_acc=0.9936 | test_loss=1.6257 | test_acc=0.9704
2026-05-14 14:47:16,244 | INFO | SpawnProcess-1 | lstm_run2 | Epoch 230 | train_loss=1.1812 | train_acc=0.9973 | test_loss=1.5013 | test_acc=0.9714
2026-05-14 14:47:18,481 | INFO | SpawnProcess-5 | lstm_run3 | Epoch 215 | train_loss=1.8349 | train_acc=0.9957 | test_loss=1.7465 | test_acc=0.9680
2026-05-14 14:47:19,037 | INFO | SpawnProcess-3 | lstm_run1 | Epoch 284 | train_loss=1.2721 | train_acc=0.9973 | test_loss=2.1886 | test_acc=0.9696
2026-05-14 14:47:22,907 | INFO | SpawnProcess-4 | lstm_run4 | Epoch 203 | train_loss=2.1092 | train_acc=0.9948 | test_loss=2.0085 | test_acc=0.9697
2026-05-14 14:47:24,459 | INFO | SpawnProcess-2 | lstm_run5 | Epoch 174 | train_loss=2.5142 | train_acc=0.9940 | test_loss=1.6876 | test_acc=0.9725
2026-05-14 14:47:27,226 | INFO | SpawnProcess-1 | lstm_run2 | Epoch 231 | train_loss=0.8428 | train_acc=0.9985 | test_loss=1.4646 | test_acc=0.9709
2026-05-14 14:47:28,524 | INFO | SpawnProcess-5 | lstm_run3 | Epoch 216 | train_loss=1.4817 | train_acc=0.9966 | test_loss=1.6582 | test_acc=0.9678
2026-05-14 14:47:28,900 | INFO | SpawnProcess-3 | lstm_run1 | Epoch 285 | train_loss=0.9008 | train_acc=0.9982 | test_loss=2.0540 | test_acc=0.9696
2026-05-14 14:47:32,863 | INFO | SpawnProcess-4 | lstm_run4 | Epoch 204 | train_loss=2.2773 | train_acc=0.9943 | test_loss=1.7401 | test_acc=0.9729
2026-05-14 14:47:34,485 | INFO | SpawnProcess-2 | lstm_run5 | Epoch 175 | train_loss=2.5831 | train_acc=0.9940 | test_loss=1.7582 | test_acc=0.9707
2026-05-14 14:47:37,919 | INFO | SpawnProcess-1 | lstm_run2 | Epoch 232 | train_loss=1.3735 | train_acc=0.9968 | test_loss=1.5408 | test_acc=0.9653
2026-05-14 14:47:38,348 | INFO | SpawnProcess-5 | lstm_run3 | Epoch 217 | train_loss=1.5810 | train_acc=0.9963 | test_loss=1.7113 | test_acc=0.9740
2026-05-14 14:47:38,560 | INFO | SpawnProcess-3 | lstm_run1 | Epoch 286 | train_loss=1.0094 | train_acc=0.9979 | test_loss=2.1342 | test_acc=0.9722
2026-05-14 14:47:42,769 | INFO | SpawnProcess-4 | lstm_run4 | Epoch 205 | train_loss=2.2815 | train_acc=0.9946 | test_loss=1.8458 | test_acc=0.9733
2026-05-14 14:47:44,373 | INFO | SpawnProcess-2 | lstm_run5 | Epoch 176 | train_loss=2.2276 | train_acc=0.9948 | test_loss=1.6306 | test_acc=0.9742
2026-05-14 14:47:47,723 | INFO | SpawnProcess-3 | lstm_run1 | Epoch 287 | train_loss=0.8598 | train_acc=0.9982 | test_loss=2.0374 | test_acc=0.9683
2026-05-14 14:47:48,413 | INFO | SpawnProcess-5 | lstm_run3 | Epoch 218 | train_loss=1.5709 | train_acc=0.9965 | test_loss=1.6753 | test_acc=0.9711
2026-05-14 14:47:48,494 | INFO | SpawnProcess-1 | lstm_run2 | Epoch 233 | train_loss=1.4597 | train_acc=0.9968 | test_loss=1.5867 | test_acc=0.9735
2026-05-14 14:47:53,095 | INFO | SpawnProcess-4 | lstm_run4 | Epoch 206 | train_loss=2.6987 | train_acc=0.9930 | test_loss=1.9996 | test_acc=0.9645
2026-05-14 14:47:54,517 | INFO | SpawnProcess-2 | lstm_run5 | Epoch 177 | train_loss=2.5677 | train_acc=0.9939 | test_loss=1.7727 | test_acc=0.9728
2026-05-14 14:47:57,477 | INFO | SpawnProcess-3 | lstm_run1 | Epoch 288 | train_loss=1.3529 | train_acc=0.9970 | test_loss=2.3442 | test_acc=0.9663
2026-05-14 14:47:57,776 | INFO | SpawnProcess-5 | lstm_run3 | Epoch 219 | train_loss=1.6204 | train_acc=0.9960 | test_loss=2.0901 | test_acc=0.9615
2026-05-14 14:47:58,759 | INFO | SpawnProcess-1 | lstm_run2 | Epoch 234 | train_loss=2.1599 | train_acc=0.9943 | test_loss=1.7585 | test_acc=0.9711
2026-05-14 14:48:02,758 | INFO | SpawnProcess-4 | lstm_run4 | Epoch 207 | train_loss=2.5473 | train_acc=0.9936 | test_loss=1.9162 | test_acc=0.9700
2026-05-14 14:48:04,718 | INFO | SpawnProcess-2 | lstm_run5 | Epoch 178 | train_loss=2.5958 | train_acc=0.9940 | test_loss=1.7920 | test_acc=0.9702
2026-05-14 14:48:07,153 | INFO | SpawnProcess-3 | lstm_run1 | Epoch 289 | train_loss=1.8771 | train_acc=0.9956 | test_loss=2.1277 | test_acc=0.9659
2026-05-14 14:48:07,387 | INFO | SpawnProcess-5 | lstm_run3 | Epoch 220 | train_loss=1.5998 | train_acc=0.9960 | test_loss=1.8487 | test_acc=0.9663
2026-05-14 14:48:09,230 | INFO | SpawnProcess-1 | lstm_run2 | Epoch 235 | train_loss=1.0900 | train_acc=0.9978 | test_loss=1.5345 | test_acc=0.9683
2026-05-14 14:48:12,459 | INFO | SpawnProcess-4 | lstm_run4 | Epoch 208 | train_loss=2.5518 | train_acc=0.9933 | test_loss=1.9297 | test_acc=0.9713
2026-05-14 14:48:14,699 | INFO | SpawnProcess-2 | lstm_run5 | Epoch 179 | train_loss=2.6860 | train_acc=0.9933 | test_loss=1.6986 | test_acc=0.9730
2026-05-14 14:48:16,847 | INFO | SpawnProcess-5 | lstm_run3 | Epoch 221 | train_loss=2.1175 | train_acc=0.9950 | test_loss=1.6815 | test_acc=0.9699
2026-05-14 14:48:17,159 | INFO | SpawnProcess-3 | lstm_run1 | Epoch 290 | train_loss=1.0298 | train_acc=0.9976 | test_loss=2.0632 | test_acc=0.9699
2026-05-14 14:48:19,431 | INFO | SpawnProcess-1 | lstm_run2 | Epoch 236 | train_loss=1.4011 | train_acc=0.9965 | test_loss=1.5040 | test_acc=0.9726
2026-05-14 14:48:22,430 | INFO | SpawnProcess-4 | lstm_run4 | Epoch 209 | train_loss=2.1102 | train_acc=0.9951 | test_loss=1.7260 | test_acc=0.9753
2026-05-14 14:48:24,688 | INFO | SpawnProcess-2 | lstm_run5 | Epoch 180 | train_loss=2.1635 | train_acc=0.9951 | test_loss=1.7114 | test_acc=0.9723
2026-05-14 14:48:26,392 | INFO | SpawnProcess-5 | lstm_run3 | Epoch 222 | train_loss=1.7098 | train_acc=0.9961 | test_loss=1.7595 | test_acc=0.9683
2026-05-14 14:48:26,832 | INFO | SpawnProcess-3 | lstm_run1 | Epoch 291 | train_loss=1.0288 | train_acc=0.9978 | test_loss=2.1087 | test_acc=0.9691
2026-05-14 14:48:29,835 | INFO | SpawnProcess-1 | lstm_run2 | Epoch 237 | train_loss=1.0597 | train_acc=0.9979 | test_loss=1.6956 | test_acc=0.9716
2026-05-14 14:48:32,302 | INFO | SpawnProcess-4 | lstm_run4 | Epoch 210 | train_loss=1.5340 | train_acc=0.9969 | test_loss=1.7172 | test_acc=0.9741
2026-05-14 14:48:34,486 | INFO | SpawnProcess-2 | lstm_run5 | Epoch 181 | train_loss=2.3891 | train_acc=0.9947 | test_loss=1.6568 | test_acc=0.9725
2026-05-14 14:48:36,186 | INFO | SpawnProcess-3 | lstm_run1 | Epoch 292 | train_loss=0.9870 | train_acc=0.9979 | test_loss=2.0820 | test_acc=0.9702
2026-05-14 14:48:36,340 | INFO | SpawnProcess-5 | lstm_run3 | Epoch 223 | train_loss=1.4422 | train_acc=0.9968 | test_loss=1.7236 | test_acc=0.9719
2026-05-14 14:48:40,272 | INFO | SpawnProcess-1 | lstm_run2 | Epoch 238 | train_loss=1.3050 | train_acc=0.9969 | test_loss=1.7085 | test_acc=0.9726
2026-05-14 14:48:42,088 | INFO | SpawnProcess-4 | lstm_run4 | Epoch 211 | train_loss=1.6345 | train_acc=0.9965 | test_loss=1.8362 | test_acc=0.9727
2026-05-14 14:48:44,435 | INFO | SpawnProcess-2 | lstm_run5 | Epoch 182 | train_loss=2.1675 | train_acc=0.9953 | test_loss=1.8133 | test_acc=0.9696
2026-05-14 14:48:45,288 | INFO | SpawnProcess-3 | lstm_run1 | Epoch 293 | train_loss=0.8174 | train_acc=0.9985 | test_loss=2.1110 | test_acc=0.9719
2026-05-14 14:48:46,024 | INFO | SpawnProcess-5 | lstm_run3 | Epoch 224 | train_loss=1.2497 | train_acc=0.9975 | test_loss=1.6328 | test_acc=0.9718
2026-05-14 14:48:50,508 | INFO | SpawnProcess-1 | lstm_run2 | Epoch 239 | train_loss=1.2121 | train_acc=0.9970 | test_loss=1.4769 | test_acc=0.9707
2026-05-14 14:48:51,959 | INFO | SpawnProcess-4 | lstm_run4 | Epoch 212 | train_loss=1.9307 | train_acc=0.9957 | test_loss=1.8716 | test_acc=0.9719
2026-05-14 14:48:53,960 | INFO | SpawnProcess-3 | lstm_run1 | Epoch 294 | train_loss=1.8007 | train_acc=0.9954 | test_loss=2.5005 | test_acc=0.9613
2026-05-14 14:48:54,253 | INFO | SpawnProcess-2 | lstm_run5 | Epoch 183 | train_loss=2.2145 | train_acc=0.9948 | test_loss=1.7864 | test_acc=0.9739
2026-05-14 14:48:55,618 | INFO | SpawnProcess-5 | lstm_run3 | Epoch 225 | train_loss=1.1792 | train_acc=0.9977 | test_loss=1.6893 | test_acc=0.9709
2026-05-14 14:49:01,136 | INFO | SpawnProcess-1 | lstm_run2 | Epoch 240 | train_loss=0.8163 | train_acc=0.9985 | test_loss=1.5137 | test_acc=0.9736
2026-05-14 14:49:01,508 | INFO | SpawnProcess-4 | lstm_run4 | Epoch 213 | train_loss=2.0407 | train_acc=0.9951 | test_loss=1.7387 | test_acc=0.9742
2026-05-14 14:49:03,536 | INFO | SpawnProcess-3 | lstm_run1 | Epoch 295 | train_loss=1.2587 | train_acc=0.9970 | test_loss=2.1730 | test_acc=0.9669
2026-05-14 14:49:03,944 | INFO | SpawnProcess-2 | lstm_run5 | Epoch 184 | train_loss=2.2085 | train_acc=0.9953 | test_loss=1.6807 | test_acc=0.9727
2026-05-14 14:49:05,360 | INFO | SpawnProcess-5 | lstm_run3 | Epoch 226 | train_loss=1.9814 | train_acc=0.9952 | test_loss=1.6857 | test_acc=0.9677
2026-05-14 14:49:10,631 | INFO | SpawnProcess-1 | lstm_run2 | Epoch 241 | train_loss=0.7357 | train_acc=0.9989 | test_loss=1.5211 | test_acc=0.9714
2026-05-14 14:49:10,862 | INFO | SpawnProcess-4 | lstm_run4 | Epoch 214 | train_loss=1.9689 | train_acc=0.9952 | test_loss=1.9111 | test_acc=0.9728
2026-05-14 14:49:12,969 | INFO | SpawnProcess-2 | lstm_run5 | Epoch 185 | train_loss=2.3951 | train_acc=0.9944 | test_loss=1.7559 | test_acc=0.9709
2026-05-14 14:49:13,024 | INFO | SpawnProcess-3 | lstm_run1 | Epoch 296 | train_loss=1.2700 | train_acc=0.9968 | test_loss=2.1448 | test_acc=0.9687
2026-05-14 14:49:15,141 | INFO | SpawnProcess-5 | lstm_run3 | Epoch 227 | train_loss=1.3482 | train_acc=0.9970 | test_loss=1.7686 | test_acc=0.9710
2026-05-14 14:49:20,466 | INFO | SpawnProcess-4 | lstm_run4 | Epoch 215 | train_loss=1.8556 | train_acc=0.9957 | test_loss=1.9922 | test_acc=0.9742
2026-05-14 14:49:20,755 | INFO | SpawnProcess-1 | lstm_run2 | Epoch 242 | train_loss=0.7038 | train_acc=0.9989 | test_loss=1.4879 | test_acc=0.9712
2026-05-14 14:49:22,546 | INFO | SpawnProcess-3 | lstm_run1 | Epoch 297 | train_loss=0.9182 | train_acc=0.9980 | test_loss=2.2218 | test_acc=0.9710
2026-05-14 14:49:22,630 | INFO | SpawnProcess-2 | lstm_run5 | Epoch 186 | train_loss=2.2618 | train_acc=0.9945 | test_loss=1.6757 | test_acc=0.9722
2026-05-14 14:49:24,403 | INFO | SpawnProcess-5 | lstm_run3 | Epoch 228 | train_loss=1.8338 | train_acc=0.9956 | test_loss=1.6662 | test_acc=0.9728
2026-05-14 14:49:29,756 | INFO | SpawnProcess-4 | lstm_run4 | Epoch 216 | train_loss=1.8789 | train_acc=0.9957 | test_loss=1.9316 | test_acc=0.9716
2026-05-14 14:49:30,095 | INFO | SpawnProcess-1 | lstm_run2 | Epoch 243 | train_loss=0.6782 | train_acc=0.9989 | test_loss=1.5068 | test_acc=0.9721
2026-05-14 14:49:32,133 | INFO | SpawnProcess-3 | lstm_run1 | Epoch 298 | train_loss=1.7075 | train_acc=0.9960 | test_loss=2.0677 | test_acc=0.9704
2026-05-14 14:49:32,383 | INFO | SpawnProcess-2 | lstm_run5 | Epoch 187 | train_loss=2.3068 | train_acc=0.9945 | test_loss=1.7032 | test_acc=0.9734
2026-05-14 14:49:33,996 | INFO | SpawnProcess-5 | lstm_run3 | Epoch 229 | train_loss=1.2883 | train_acc=0.9972 | test_loss=1.6397 | test_acc=0.9703
2026-05-14 14:49:39,392 | INFO | SpawnProcess-4 | lstm_run4 | Epoch 217 | train_loss=1.7646 | train_acc=0.9960 | test_loss=1.9729 | test_acc=0.9704
2026-05-14 14:49:40,457 | INFO | SpawnProcess-1 | lstm_run2 | Epoch 244 | train_loss=0.7608 | train_acc=0.9986 | test_loss=1.5457 | test_acc=0.9674
2026-05-14 14:49:41,513 | INFO | SpawnProcess-3 | lstm_run1 | Epoch 299 | train_loss=1.4275 | train_acc=0.9965 | test_loss=2.1686 | test_acc=0.9698
2026-05-14 14:49:42,118 | INFO | SpawnProcess-2 | lstm_run5 | Epoch 188 | train_loss=2.5062 | train_acc=0.9939 | test_loss=1.8405 | test_acc=0.9691
2026-05-14 14:49:43,471 | INFO | SpawnProcess-5 | lstm_run3 | Epoch 230 | train_loss=1.1420 | train_acc=0.9978 | test_loss=1.7404 | test_acc=0.9705
2026-05-14 14:49:48,867 | INFO | SpawnProcess-4 | lstm_run4 | Epoch 218 | train_loss=2.1155 | train_acc=0.9949 | test_loss=1.8031 | test_acc=0.9734
2026-05-14 14:49:50,121 | INFO | SpawnProcess-3 | lstm_run1 | Epoch 300 | train_loss=1.1979 | train_acc=0.9972 | test_loss=2.1442 | test_acc=0.9676
2026-05-14 14:49:50,849 | INFO | SpawnProcess-1 | lstm_run2 | Epoch 245 | train_loss=0.8621 | train_acc=0.9983 | test_loss=1.5453 | test_acc=0.9742
2026-05-14 14:49:51,930 | INFO | SpawnProcess-2 | lstm_run5 | Epoch 189 | train_loss=2.5629 | train_acc=0.9937 | test_loss=1.8123 | test_acc=0.9733
2026-05-14 14:49:52,335 | INFO | SpawnProcess-5 | lstm_run3 | Epoch 231 | train_loss=2.0657 | train_acc=0.9952 | test_loss=1.8218 | test_acc=0.9684
2026-05-14 14:49:56,136 | INFO | SpawnProcess-3 | lstm_run1 | Final train_eval_loss=0.8496 | train_eval_acc=0.9862
2026-05-14 14:49:56,147 | INFO | SpawnProcess-3 | lstm_run1 | complete
2026-05-14 14:49:56,154 | INFO | Completed lstm_run1 on GPU 0
2026-05-14 14:49:58,537 | INFO | SpawnProcess-4 | lstm_run4 | Epoch 219 | train_loss=1.8473 | train_acc=0.9959 | test_loss=1.9126 | test_acc=0.9717
2026-05-14 14:50:01,319 | INFO | SpawnProcess-1 | lstm_run2 | Epoch 246 | train_loss=0.8026 | train_acc=0.9984 | test_loss=1.5767 | test_acc=0.9699
2026-05-14 14:50:01,863 | INFO | SpawnProcess-2 | lstm_run5 | Epoch 190 | train_loss=2.3533 | train_acc=0.9948 | test_loss=1.7114 | test_acc=0.9731
2026-05-14 14:50:01,984 | INFO | SpawnProcess-5 | lstm_run3 | Epoch 232 | train_loss=1.2766 | train_acc=0.9971 | test_loss=1.7646 | test_acc=0.9732
2026-05-14 14:50:08,131 | INFO | SpawnProcess-4 | lstm_run4 | Epoch 220 | train_loss=1.9050 | train_acc=0.9957 | test_loss=1.9998 | test_acc=0.9698
2026-05-14 14:50:11,161 | INFO | SpawnProcess-5 | lstm_run3 | Epoch 233 | train_loss=1.2229 | train_acc=0.9975 | test_loss=1.7055 | test_acc=0.9724
2026-05-14 14:50:11,656 | INFO | SpawnProcess-1 | lstm_run2 | Epoch 247 | train_loss=2.7568 | train_acc=0.9927 | test_loss=1.5047 | test_acc=0.9735
2026-05-14 14:50:11,964 | INFO | SpawnProcess-2 | lstm_run5 | Epoch 191 | train_loss=2.0331 | train_acc=0.9956 | test_loss=1.6827 | test_acc=0.9736
2026-05-14 14:50:17,934 | INFO | SpawnProcess-4 | lstm_run4 | Epoch 221 | train_loss=1.9084 | train_acc=0.9956 | test_loss=1.9973 | test_acc=0.9709
2026-05-14 14:50:20,992 | INFO | SpawnProcess-5 | lstm_run3 | Epoch 234 | train_loss=1.3360 | train_acc=0.9971 | test_loss=1.7938 | test_acc=0.9715
2026-05-14 14:50:21,846 | INFO | SpawnProcess-1 | lstm_run2 | Epoch 248 | train_loss=1.8394 | train_acc=0.9953 | test_loss=1.4368 | test_acc=0.9691
2026-05-14 14:50:21,937 | INFO | SpawnProcess-2 | lstm_run5 | Epoch 192 | train_loss=2.5357 | train_acc=0.9939 | test_loss=1.7199 | test_acc=0.9745
2026-05-14 14:50:27,086 | INFO | SpawnProcess-4 | lstm_run4 | Epoch 222 | train_loss=1.4738 | train_acc=0.9969 | test_loss=1.8097 | test_acc=0.9743
2026-05-14 14:50:30,722 | INFO | SpawnProcess-5 | lstm_run3 | Epoch 235 | train_loss=1.2453 | train_acc=0.9972 | test_loss=1.7833 | test_acc=0.9687
2026-05-14 14:50:31,064 | INFO | SpawnProcess-2 | lstm_run5 | Epoch 193 | train_loss=2.6524 | train_acc=0.9936 | test_loss=1.6354 | test_acc=0.9735
2026-05-14 14:50:32,102 | INFO | SpawnProcess-1 | lstm_run2 | Epoch 249 | train_loss=0.9946 | train_acc=0.9979 | test_loss=1.4558 | test_acc=0.9713
2026-05-14 14:50:35,922 | INFO | SpawnProcess-4 | lstm_run4 | Epoch 223 | train_loss=1.5407 | train_acc=0.9969 | test_loss=1.9982 | test_acc=0.9749
2026-05-14 14:50:39,542 | INFO | SpawnProcess-2 | lstm_run5 | Epoch 194 | train_loss=2.4637 | train_acc=0.9937 | test_loss=1.7969 | test_acc=0.9747
2026-05-14 14:50:40,302 | INFO | SpawnProcess-5 | lstm_run3 | Epoch 236 | train_loss=1.2480 | train_acc=0.9971 | test_loss=1.8189 | test_acc=0.9715
2026-05-14 14:50:42,041 | INFO | SpawnProcess-1 | lstm_run2 | Epoch 250 | train_loss=1.0907 | train_acc=0.9977 | test_loss=1.5691 | test_acc=0.9694
2026-05-14 14:50:45,570 | INFO | SpawnProcess-4 | lstm_run4 | Epoch 224 | train_loss=1.6889 | train_acc=0.9963 | test_loss=2.1627 | test_acc=0.9690
2026-05-14 14:50:48,522 | INFO | SpawnProcess-2 | lstm_run5 | Epoch 195 | train_loss=2.3901 | train_acc=0.9942 | test_loss=1.6361 | test_acc=0.9745
2026-05-14 14:50:49,653 | INFO | SpawnProcess-5 | lstm_run3 | Epoch 237 | train_loss=1.2259 | train_acc=0.9975 | test_loss=1.7845 | test_acc=0.9724
2026-05-14 14:50:51,957 | INFO | SpawnProcess-1 | lstm_run2 | Epoch 251 | train_loss=1.1333 | train_acc=0.9974 | test_loss=1.4984 | test_acc=0.9716
2026-05-14 14:50:54,971 | INFO | SpawnProcess-4 | lstm_run4 | Epoch 225 | train_loss=2.4387 | train_acc=0.9937 | test_loss=2.0313 | test_acc=0.9700
2026-05-14 14:50:58,205 | INFO | SpawnProcess-2 | lstm_run5 | Epoch 196 | train_loss=1.9317 | train_acc=0.9958 | test_loss=1.6774 | test_acc=0.9744
2026-05-14 14:50:59,032 | INFO | SpawnProcess-5 | lstm_run3 | Epoch 238 | train_loss=2.3333 | train_acc=0.9941 | test_loss=1.7639 | test_acc=0.9662
2026-05-14 14:51:01,923 | INFO | SpawnProcess-1 | lstm_run2 | Epoch 252 | train_loss=0.9216 | train_acc=0.9982 | test_loss=1.4978 | test_acc=0.9724
2026-05-14 14:51:04,709 | INFO | SpawnProcess-4 | lstm_run4 | Epoch 226 | train_loss=2.0257 | train_acc=0.9951 | test_loss=1.8564 | test_acc=0.9730
2026-05-14 14:51:07,878 | INFO | SpawnProcess-2 | lstm_run5 | Epoch 197 | train_loss=1.9031 | train_acc=0.9960 | test_loss=1.8287 | test_acc=0.9729
2026-05-14 14:51:08,689 | INFO | SpawnProcess-5 | lstm_run3 | Epoch 239 | train_loss=1.9902 | train_acc=0.9949 | test_loss=2.0063 | test_acc=0.9661
2026-05-14 14:51:11,447 | INFO | SpawnProcess-1 | lstm_run2 | Epoch 253 | train_loss=0.7678 | train_acc=0.9985 | test_loss=1.4978 | test_acc=0.9722
2026-05-14 14:51:14,573 | INFO | SpawnProcess-4 | lstm_run4 | Epoch 227 | train_loss=1.5293 | train_acc=0.9969 | test_loss=1.9530 | test_acc=0.9728
2026-05-14 14:51:18,074 | INFO | SpawnProcess-2 | lstm_run5 | Epoch 198 | train_loss=2.0454 | train_acc=0.9953 | test_loss=1.7449 | test_acc=0.9705
2026-05-14 14:51:18,621 | INFO | SpawnProcess-5 | lstm_run3 | Epoch 240 | train_loss=1.2652 | train_acc=0.9973 | test_loss=1.7836 | test_acc=0.9694
2026-05-14 14:51:21,817 | INFO | SpawnProcess-1 | lstm_run2 | Epoch 254 | train_loss=0.6756 | train_acc=0.9989 | test_loss=1.6122 | test_acc=0.9667
2026-05-14 14:51:24,577 | INFO | SpawnProcess-4 | lstm_run4 | Epoch 228 | train_loss=2.1128 | train_acc=0.9949 | test_loss=1.9956 | test_acc=0.9728
2026-05-14 14:51:28,030 | INFO | SpawnProcess-2 | lstm_run5 | Epoch 199 | train_loss=2.2081 | train_acc=0.9946 | test_loss=1.7883 | test_acc=0.9720
2026-05-14 14:51:28,433 | INFO | SpawnProcess-5 | lstm_run3 | Epoch 241 | train_loss=1.2121 | train_acc=0.9976 | test_loss=1.7376 | test_acc=0.9709
2026-05-14 14:51:31,795 | INFO | SpawnProcess-1 | lstm_run2 | Epoch 255 | train_loss=0.8619 | train_acc=0.9980 | test_loss=1.5972 | test_acc=0.9706
2026-05-14 14:51:34,486 | INFO | SpawnProcess-4 | lstm_run4 | Epoch 229 | train_loss=2.8368 | train_acc=0.9929 | test_loss=2.0316 | test_acc=0.9703
2026-05-14 14:51:37,766 | INFO | SpawnProcess-5 | lstm_run3 | Epoch 242 | train_loss=1.2273 | train_acc=0.9975 | test_loss=1.7592 | test_acc=0.9716
2026-05-14 14:51:37,824 | INFO | SpawnProcess-2 | lstm_run5 | Epoch 200 | train_loss=2.5508 | train_acc=0.9938 | test_loss=1.7524 | test_acc=0.9718
2026-05-14 14:51:41,665 | INFO | SpawnProcess-1 | lstm_run2 | Epoch 256 | train_loss=0.7940 | train_acc=0.9984 | test_loss=1.7174 | test_acc=0.9606
2026-05-14 14:51:44,181 | INFO | SpawnProcess-4 | lstm_run4 | Epoch 230 | train_loss=2.3692 | train_acc=0.9940 | test_loss=1.8946 | test_acc=0.9731
2026-05-14 14:51:47,494 | INFO | SpawnProcess-5 | lstm_run3 | Epoch 243 | train_loss=1.4891 | train_acc=0.9964 | test_loss=1.7840 | test_acc=0.9704
2026-05-14 14:51:47,890 | INFO | SpawnProcess-2 | lstm_run5 | Epoch 201 | train_loss=1.9577 | train_acc=0.9955 | test_loss=1.7632 | test_acc=0.9745
2026-05-14 14:51:51,619 | INFO | SpawnProcess-1 | lstm_run2 | Epoch 257 | train_loss=1.4669 | train_acc=0.9961 | test_loss=1.8978 | test_acc=0.9658
2026-05-14 14:51:54,006 | INFO | SpawnProcess-4 | lstm_run4 | Epoch 231 | train_loss=1.4435 | train_acc=0.9969 | test_loss=1.9234 | test_acc=0.9724
2026-05-14 14:51:56,734 | INFO | SpawnProcess-5 | lstm_run3 | Epoch 244 | train_loss=1.2418 | train_acc=0.9974 | test_loss=1.7785 | test_acc=0.9731
2026-05-14 14:51:57,947 | INFO | SpawnProcess-2 | lstm_run5 | Epoch 202 | train_loss=2.0056 | train_acc=0.9955 | test_loss=1.6899 | test_acc=0.9741
2026-05-14 14:52:01,728 | INFO | SpawnProcess-1 | lstm_run2 | Epoch 258 | train_loss=1.7324 | train_acc=0.9953 | test_loss=1.5809 | test_acc=0.9668
2026-05-14 14:52:04,014 | INFO | SpawnProcess-4 | lstm_run4 | Epoch 232 | train_loss=1.4583 | train_acc=0.9969 | test_loss=2.0083 | test_acc=0.9705
2026-05-14 14:52:06,169 | INFO | SpawnProcess-5 | lstm_run3 | Epoch 245 | train_loss=1.1044 | train_acc=0.9979 | test_loss=1.8085 | test_acc=0.9727
2026-05-14 14:52:07,752 | INFO | SpawnProcess-2 | lstm_run5 | Epoch 203 | train_loss=2.1463 | train_acc=0.9951 | test_loss=1.7166 | test_acc=0.9725
2026-05-14 14:52:11,645 | INFO | SpawnProcess-1 | lstm_run2 | Epoch 259 | train_loss=1.1989 | train_acc=0.9971 | test_loss=1.5720 | test_acc=0.9680
2026-05-14 14:52:13,822 | INFO | SpawnProcess-4 | lstm_run4 | Epoch 233 | train_loss=1.5107 | train_acc=0.9965 | test_loss=2.0090 | test_acc=0.9708
2026-05-14 14:52:15,915 | INFO | SpawnProcess-5 | lstm_run3 | Epoch 246 | train_loss=2.2381 | train_acc=0.9944 | test_loss=1.7987 | test_acc=0.9694
2026-05-14 14:52:17,548 | INFO | SpawnProcess-2 | lstm_run5 | Epoch 204 | train_loss=1.8411 | train_acc=0.9960 | test_loss=1.6949 | test_acc=0.9737
2026-05-14 14:52:21,412 | INFO | SpawnProcess-1 | lstm_run2 | Epoch 260 | train_loss=1.1610 | train_acc=0.9974 | test_loss=1.4831 | test_acc=0.9675
2026-05-14 14:52:23,626 | INFO | SpawnProcess-4 | lstm_run4 | Epoch 234 | train_loss=1.3487 | train_acc=0.9971 | test_loss=1.9012 | test_acc=0.9733
2026-05-14 14:52:25,407 | INFO | SpawnProcess-5 | lstm_run3 | Epoch 247 | train_loss=1.7440 | train_acc=0.9959 | test_loss=1.7835 | test_acc=0.9713
2026-05-14 14:52:26,863 | INFO | SpawnProcess-2 | lstm_run5 | Epoch 205 | train_loss=1.6707 | train_acc=0.9961 | test_loss=1.7848 | test_acc=0.9711
2026-05-14 14:52:31,415 | INFO | SpawnProcess-1 | lstm_run2 | Epoch 261 | train_loss=0.9259 | train_acc=0.9982 | test_loss=1.5878 | test_acc=0.9685
2026-05-14 14:52:33,433 | INFO | SpawnProcess-4 | lstm_run4 | Epoch 235 | train_loss=1.5080 | train_acc=0.9967 | test_loss=2.0939 | test_acc=0.9683
2026-05-14 14:52:35,098 | INFO | SpawnProcess-5 | lstm_run3 | Epoch 248 | train_loss=1.3228 | train_acc=0.9970 | test_loss=1.8197 | test_acc=0.9663
2026-05-14 14:52:36,494 | INFO | SpawnProcess-2 | lstm_run5 | Epoch 206 | train_loss=2.1584 | train_acc=0.9945 | test_loss=1.8148 | test_acc=0.9661
2026-05-14 14:52:41,232 | INFO | SpawnProcess-1 | lstm_run2 | Epoch 262 | train_loss=0.7233 | train_acc=0.9988 | test_loss=1.5724 | test_acc=0.9696
2026-05-14 14:52:43,093 | INFO | SpawnProcess-4 | lstm_run4 | Epoch 236 | train_loss=1.6195 | train_acc=0.9962 | test_loss=2.0037 | test_acc=0.9708
2026-05-14 14:52:44,871 | INFO | SpawnProcess-5 | lstm_run3 | Epoch 249 | train_loss=1.0485 | train_acc=0.9980 | test_loss=1.8291 | test_acc=0.9693
2026-05-14 14:52:46,011 | INFO | SpawnProcess-2 | lstm_run5 | Epoch 207 | train_loss=2.9152 | train_acc=0.9928 | test_loss=1.9149 | test_acc=0.9714
2026-05-14 14:52:51,320 | INFO | SpawnProcess-1 | lstm_run2 | Epoch 263 | train_loss=0.7661 | train_acc=0.9987 | test_loss=1.6075 | test_acc=0.9685
2026-05-14 14:52:53,179 | INFO | SpawnProcess-4 | lstm_run4 | Epoch 237 | train_loss=1.7119 | train_acc=0.9960 | test_loss=1.8850 | test_acc=0.9748
2026-05-14 14:52:54,844 | INFO | SpawnProcess-5 | lstm_run3 | Epoch 250 | train_loss=1.1035 | train_acc=0.9977 | test_loss=1.7890 | test_acc=0.9684
2026-05-14 14:52:55,858 | INFO | SpawnProcess-2 | lstm_run5 | Epoch 208 | train_loss=1.7253 | train_acc=0.9962 | test_loss=1.8001 | test_acc=0.9710
2026-05-14 14:53:01,557 | INFO | SpawnProcess-1 | lstm_run2 | Epoch 264 | train_loss=0.8648 | train_acc=0.9982 | test_loss=1.5721 | test_acc=0.9721
2026-05-14 14:53:03,022 | INFO | SpawnProcess-4 | lstm_run4 | Epoch 238 | train_loss=1.8436 | train_acc=0.9955 | test_loss=2.0363 | test_acc=0.9722
2026-05-14 14:53:04,937 | INFO | SpawnProcess-5 | lstm_run3 | Epoch 251 | train_loss=1.1108 | train_acc=0.9978 | test_loss=1.9047 | test_acc=0.9708
2026-05-14 14:53:05,919 | INFO | SpawnProcess-2 | lstm_run5 | Epoch 209 | train_loss=1.5773 | train_acc=0.9966 | test_loss=1.7454 | test_acc=0.9737
2026-05-14 14:53:12,002 | INFO | SpawnProcess-1 | lstm_run2 | Epoch 265 | train_loss=0.8094 | train_acc=0.9982 | test_loss=1.7031 | test_acc=0.9734
2026-05-14 14:53:12,792 | INFO | SpawnProcess-4 | lstm_run4 | Epoch 239 | train_loss=1.4320 | train_acc=0.9968 | test_loss=1.9375 | test_acc=0.9733
2026-05-14 14:53:14,816 | INFO | SpawnProcess-5 | lstm_run3 | Epoch 252 | train_loss=1.0122 | train_acc=0.9982 | test_loss=1.7735 | test_acc=0.9702
2026-05-14 14:53:15,864 | INFO | SpawnProcess-2 | lstm_run5 | Epoch 210 | train_loss=1.8268 | train_acc=0.9962 | test_loss=1.9035 | test_acc=0.9714
2026-05-14 14:53:22,250 | INFO | SpawnProcess-1 | lstm_run2 | Epoch 266 | train_loss=1.0800 | train_acc=0.9975 | test_loss=1.8297 | test_acc=0.9612
2026-05-14 14:53:22,960 | INFO | SpawnProcess-4 | lstm_run4 | Epoch 240 | train_loss=1.4236 | train_acc=0.9968 | test_loss=1.9463 | test_acc=0.9726
2026-05-14 14:53:24,812 | INFO | SpawnProcess-5 | lstm_run3 | Epoch 253 | train_loss=0.9074 | train_acc=0.9984 | test_loss=1.8118 | test_acc=0.9711
2026-05-14 14:53:25,657 | INFO | SpawnProcess-2 | lstm_run5 | Epoch 211 | train_loss=2.1183 | train_acc=0.9950 | test_loss=1.7526 | test_acc=0.9726
2026-05-14 14:53:32,447 | INFO | SpawnProcess-1 | lstm_run2 | Epoch 267 | train_loss=1.8303 | train_acc=0.9956 | test_loss=1.5827 | test_acc=0.9716
2026-05-14 14:53:32,946 | INFO | SpawnProcess-4 | lstm_run4 | Epoch 241 | train_loss=1.9637 | train_acc=0.9954 | test_loss=2.1815 | test_acc=0.9688
2026-05-14 14:53:34,886 | INFO | SpawnProcess-5 | lstm_run3 | Epoch 254 | train_loss=1.0864 | train_acc=0.9978 | test_loss=1.9978 | test_acc=0.9727
2026-05-14 14:53:35,486 | INFO | SpawnProcess-2 | lstm_run5 | Epoch 212 | train_loss=1.7615 | train_acc=0.9959 | test_loss=1.7773 | test_acc=0.9736
2026-05-14 14:53:42,709 | INFO | SpawnProcess-1 | lstm_run2 | Epoch 268 | train_loss=1.0422 | train_acc=0.9979 | test_loss=1.7479 | test_acc=0.9734
2026-05-14 14:53:42,774 | INFO | SpawnProcess-4 | lstm_run4 | Epoch 242 | train_loss=2.0081 | train_acc=0.9950 | test_loss=1.9844 | test_acc=0.9739
2026-05-14 14:53:44,928 | INFO | SpawnProcess-5 | lstm_run3 | Epoch 255 | train_loss=1.9085 | train_acc=0.9951 | test_loss=1.8109 | test_acc=0.9708
2026-05-14 14:53:45,504 | INFO | SpawnProcess-2 | lstm_run5 | Epoch 213 | train_loss=1.8099 | train_acc=0.9959 | test_loss=1.8927 | test_acc=0.9711
2026-05-14 14:53:52,310 | INFO | SpawnProcess-1 | lstm_run2 | Epoch 269 | train_loss=1.5708 | train_acc=0.9960 | test_loss=1.7604 | test_acc=0.9593
2026-05-14 14:53:52,565 | INFO | SpawnProcess-4 | lstm_run4 | Epoch 243 | train_loss=1.9779 | train_acc=0.9948 | test_loss=1.9209 | test_acc=0.9729
2026-05-14 14:53:54,855 | INFO | SpawnProcess-5 | lstm_run3 | Epoch 256 | train_loss=1.2239 | train_acc=0.9974 | test_loss=2.0121 | test_acc=0.9685
2026-05-14 14:53:55,161 | INFO | SpawnProcess-2 | lstm_run5 | Epoch 214 | train_loss=2.1105 | train_acc=0.9946 | test_loss=1.8245 | test_acc=0.9722
2026-05-14 14:54:01,635 | INFO | SpawnProcess-4 | lstm_run4 | Epoch 244 | train_loss=1.4580 | train_acc=0.9969 | test_loss=1.9821 | test_acc=0.9695
2026-05-14 14:54:02,681 | INFO | SpawnProcess-1 | lstm_run2 | Epoch 270 | train_loss=1.6599 | train_acc=0.9961 | test_loss=1.6932 | test_acc=0.9713
2026-05-14 14:54:04,239 | INFO | SpawnProcess-2 | lstm_run5 | Epoch 215 | train_loss=1.8874 | train_acc=0.9957 | test_loss=1.7725 | test_acc=0.9730
2026-05-14 14:54:04,955 | INFO | SpawnProcess-5 | lstm_run3 | Epoch 257 | train_loss=1.5104 | train_acc=0.9966 | test_loss=1.7918 | test_acc=0.9709
2026-05-14 14:54:11,483 | INFO | SpawnProcess-4 | lstm_run4 | Epoch 245 | train_loss=1.6238 | train_acc=0.9964 | test_loss=2.1152 | test_acc=0.9656
2026-05-14 14:54:13,105 | INFO | SpawnProcess-1 | lstm_run2 | Epoch 271 | train_loss=0.8268 | train_acc=0.9982 | test_loss=1.4977 | test_acc=0.9728
2026-05-14 14:54:13,869 | INFO | SpawnProcess-2 | lstm_run5 | Epoch 216 | train_loss=1.8281 | train_acc=0.9956 | test_loss=1.7624 | test_acc=0.9740
2026-05-14 14:54:15,042 | INFO | SpawnProcess-5 | lstm_run3 | Epoch 258 | train_loss=1.2267 | train_acc=0.9972 | test_loss=1.8266 | test_acc=0.9712
2026-05-14 14:54:21,615 | INFO | SpawnProcess-4 | lstm_run4 | Epoch 246 | train_loss=2.4449 | train_acc=0.9936 | test_loss=2.0011 | test_acc=0.9733
2026-05-14 14:54:22,306 | INFO | SpawnProcess-1 | lstm_run2 | Epoch 272 | train_loss=0.5925 | train_acc=0.9990 | test_loss=1.5960 | test_acc=0.9684
2026-05-14 14:54:22,742 | INFO | SpawnProcess-2 | lstm_run5 | Epoch 217 | train_loss=1.7077 | train_acc=0.9960 | test_loss=1.7744 | test_acc=0.9736
2026-05-14 14:54:24,663 | INFO | SpawnProcess-5 | lstm_run3 | Epoch 259 | train_loss=1.0035 | train_acc=0.9981 | test_loss=1.9305 | test_acc=0.9726
2026-05-14 14:54:31,403 | INFO | SpawnProcess-4 | lstm_run4 | Epoch 247 | train_loss=1.5709 | train_acc=0.9962 | test_loss=2.0090 | test_acc=0.9720
2026-05-14 14:54:31,996 | INFO | SpawnProcess-2 | lstm_run5 | Epoch 218 | train_loss=1.5872 | train_acc=0.9964 | test_loss=1.7814 | test_acc=0.9745
2026-05-14 14:54:32,779 | INFO | SpawnProcess-1 | lstm_run2 | Epoch 273 | train_loss=0.5978 | train_acc=0.9991 | test_loss=1.5953 | test_acc=0.9725
2026-05-14 14:54:34,685 | INFO | SpawnProcess-5 | lstm_run3 | Epoch 260 | train_loss=1.0299 | train_acc=0.9979 | test_loss=1.9359 | test_acc=0.9696
2026-05-14 14:54:40,424 | INFO | SpawnProcess-4 | lstm_run4 | Epoch 248 | train_loss=1.5089 | train_acc=0.9965 | test_loss=1.8953 | test_acc=0.9750
2026-05-14 14:54:42,001 | INFO | SpawnProcess-2 | lstm_run5 | Epoch 219 | train_loss=2.5361 | train_acc=0.9937 | test_loss=1.9484 | test_acc=0.9692
2026-05-14 14:54:43,102 | INFO | SpawnProcess-1 | lstm_run2 | Epoch 274 | train_loss=0.5908 | train_acc=0.9991 | test_loss=1.6579 | test_acc=0.9680
2026-05-14 14:54:44,706 | INFO | SpawnProcess-5 | lstm_run3 | Epoch 261 | train_loss=1.2624 | train_acc=0.9973 | test_loss=2.1670 | test_acc=0.9621
2026-05-14 14:54:50,178 | INFO | SpawnProcess-4 | lstm_run4 | Epoch 249 | train_loss=1.2632 | train_acc=0.9974 | test_loss=1.9665 | test_acc=0.9735
2026-05-14 14:54:51,451 | INFO | SpawnProcess-2 | lstm_run5 | Epoch 220 | train_loss=2.0783 | train_acc=0.9948 | test_loss=1.8691 | test_acc=0.9732
2026-05-14 14:54:53,342 | INFO | SpawnProcess-1 | lstm_run2 | Epoch 275 | train_loss=0.6270 | train_acc=0.9988 | test_loss=1.5978 | test_acc=0.9714
2026-05-14 14:54:54,711 | INFO | SpawnProcess-5 | lstm_run3 | Epoch 262 | train_loss=1.4421 | train_acc=0.9967 | test_loss=1.8882 | test_acc=0.9720
2026-05-14 14:54:59,437 | INFO | SpawnProcess-4 | lstm_run4 | Epoch 250 | train_loss=1.4833 | train_acc=0.9967 | test_loss=1.9375 | test_acc=0.9718
2026-05-14 14:55:01,347 | INFO | SpawnProcess-2 | lstm_run5 | Epoch 221 | train_loss=1.5362 | train_acc=0.9966 | test_loss=1.8488 | test_acc=0.9709
2026-05-14 14:55:02,733 | INFO | SpawnProcess-1 | lstm_run2 | Epoch 276 | train_loss=0.5650 | train_acc=0.9990 | test_loss=1.6666 | test_acc=0.9702
2026-05-14 14:55:03,942 | INFO | SpawnProcess-5 | lstm_run3 | Epoch 263 | train_loss=1.1145 | train_acc=0.9976 | test_loss=1.8803 | test_acc=0.9711
2026-05-14 14:55:08,856 | INFO | SpawnProcess-4 | lstm_run4 | Epoch 251 | train_loss=1.3698 | train_acc=0.9969 | test_loss=2.0669 | test_acc=0.9719
2026-05-14 14:55:11,276 | INFO | SpawnProcess-2 | lstm_run5 | Epoch 222 | train_loss=1.8689 | train_acc=0.9953 | test_loss=1.7374 | test_acc=0.9727
2026-05-14 14:55:12,265 | INFO | SpawnProcess-1 | lstm_run2 | Epoch 277 | train_loss=0.6928 | train_acc=0.9986 | test_loss=1.5695 | test_acc=0.9721
2026-05-14 14:55:13,831 | INFO | SpawnProcess-5 | lstm_run3 | Epoch 264 | train_loss=1.5404 | train_acc=0.9962 | test_loss=1.9086 | test_acc=0.9673
2026-05-14 14:55:18,959 | INFO | SpawnProcess-4 | lstm_run4 | Epoch 252 | train_loss=1.7790 | train_acc=0.9955 | test_loss=2.0807 | test_acc=0.9690
2026-05-14 14:55:20,941 | INFO | SpawnProcess-2 | lstm_run5 | Epoch 223 | train_loss=2.1242 | train_acc=0.9948 | test_loss=1.8219 | test_acc=0.9701
2026-05-14 14:55:21,455 | INFO | SpawnProcess-1 | lstm_run2 | Epoch 278 | train_loss=1.2231 | train_acc=0.9972 | test_loss=1.9211 | test_acc=0.9671
2026-05-14 14:55:23,063 | INFO | SpawnProcess-5 | lstm_run3 | Epoch 265 | train_loss=1.8345 | train_acc=0.9954 | test_loss=1.7834 | test_acc=0.9735
2026-05-14 14:55:29,087 | INFO | SpawnProcess-4 | lstm_run4 | Epoch 253 | train_loss=1.4403 | train_acc=0.9970 | test_loss=2.0315 | test_acc=0.9710
2026-05-14 14:55:30,513 | INFO | SpawnProcess-1 | lstm_run2 | Epoch 279 | train_loss=1.6278 | train_acc=0.9955 | test_loss=1.5720 | test_acc=0.9692
2026-05-14 14:55:31,105 | INFO | SpawnProcess-2 | lstm_run5 | Epoch 224 | train_loss=1.7467 | train_acc=0.9959 | test_loss=1.7703 | test_acc=0.9744
2026-05-14 14:55:33,182 | INFO | SpawnProcess-5 | lstm_run3 | Epoch 266 | train_loss=1.2393 | train_acc=0.9971 | test_loss=1.9048 | test_acc=0.9728
2026-05-14 14:55:38,994 | INFO | SpawnProcess-4 | lstm_run4 | Epoch 254 | train_loss=1.7342 | train_acc=0.9959 | test_loss=1.9530 | test_acc=0.9724
2026-05-14 14:55:40,862 | INFO | SpawnProcess-1 | lstm_run2 | Epoch 280 | train_loss=1.1836 | train_acc=0.9972 | test_loss=1.6796 | test_acc=0.9732
2026-05-14 14:55:41,069 | INFO | SpawnProcess-2 | lstm_run5 | Epoch 225 | train_loss=1.4751 | train_acc=0.9969 | test_loss=1.8784 | test_acc=0.9729
2026-05-14 14:55:43,308 | INFO | SpawnProcess-5 | lstm_run3 | Epoch 267 | train_loss=1.3415 | train_acc=0.9970 | test_loss=1.8576 | test_acc=0.9747
2026-05-14 14:55:48,876 | INFO | SpawnProcess-4 | lstm_run4 | Epoch 255 | train_loss=1.1394 | train_acc=0.9978 | test_loss=1.9789 | test_acc=0.9733
2026-05-14 14:55:51,065 | INFO | SpawnProcess-2 | lstm_run5 | Epoch 226 | train_loss=2.1344 | train_acc=0.9950 | test_loss=1.9088 | test_acc=0.9706
2026-05-14 14:55:51,182 | INFO | SpawnProcess-1 | lstm_run2 | Epoch 281 | train_loss=1.2878 | train_acc=0.9970 | test_loss=1.6315 | test_acc=0.9723
2026-05-14 14:55:53,292 | INFO | SpawnProcess-5 | lstm_run3 | Epoch 268 | train_loss=1.0708 | train_acc=0.9977 | test_loss=1.9035 | test_acc=0.9689
2026-05-14 14:55:58,041 | INFO | SpawnProcess-4 | lstm_run4 | Epoch 256 | train_loss=1.4077 | train_acc=0.9968 | test_loss=1.9923 | test_acc=0.9705
2026-05-14 14:56:00,856 | INFO | SpawnProcess-2 | lstm_run5 | Epoch 227 | train_loss=1.9182 | train_acc=0.9954 | test_loss=1.7383 | test_acc=0.9754
2026-05-14 14:56:01,597 | INFO | SpawnProcess-1 | lstm_run2 | Epoch 282 | train_loss=0.9274 | train_acc=0.9978 | test_loss=1.5749 | test_acc=0.9707
2026-05-14 14:56:03,014 | INFO | SpawnProcess-5 | lstm_run3 | Epoch 269 | train_loss=0.8818 | train_acc=0.9982 | test_loss=1.8866 | test_acc=0.9726
2026-05-14 14:56:07,616 | INFO | SpawnProcess-4 | lstm_run4 | Epoch 257 | train_loss=1.3879 | train_acc=0.9968 | test_loss=2.1616 | test_acc=0.9684
2026-05-14 14:56:11,437 | INFO | SpawnProcess-2 | lstm_run5 | Epoch 228 | train_loss=1.6990 | train_acc=0.9960 | test_loss=1.9818 | test_acc=0.9731
2026-05-14 14:56:11,963 | INFO | SpawnProcess-1 | lstm_run2 | Epoch 283 | train_loss=0.8034 | train_acc=0.9984 | test_loss=1.5715 | test_acc=0.9721
2026-05-14 14:56:12,970 | INFO | SpawnProcess-5 | lstm_run3 | Epoch 270 | train_loss=1.1381 | train_acc=0.9975 | test_loss=1.9487 | test_acc=0.9715
2026-05-14 14:56:17,639 | INFO | SpawnProcess-4 | lstm_run4 | Epoch 258 | train_loss=1.7031 | train_acc=0.9957 | test_loss=1.9559 | test_acc=0.9720
2026-05-14 14:56:21,287 | INFO | SpawnProcess-2 | lstm_run5 | Epoch 229 | train_loss=2.1833 | train_acc=0.9945 | test_loss=1.7798 | test_acc=0.9763
2026-05-14 14:56:22,243 | INFO | SpawnProcess-5 | lstm_run3 | Epoch 271 | train_loss=1.0370 | train_acc=0.9978 | test_loss=2.0445 | test_acc=0.9710
2026-05-14 14:56:22,587 | INFO | SpawnProcess-1 | lstm_run2 | Epoch 284 | train_loss=0.5862 | train_acc=0.9990 | test_loss=1.8455 | test_acc=0.9687
2026-05-14 14:56:27,251 | INFO | SpawnProcess-4 | lstm_run4 | Epoch 259 | train_loss=1.3101 | train_acc=0.9972 | test_loss=2.0472 | test_acc=0.9739
2026-05-14 14:56:30,403 | INFO | SpawnProcess-2 | lstm_run5 | Epoch 230 | train_loss=1.4675 | train_acc=0.9968 | test_loss=1.7776 | test_acc=0.9734
2026-05-14 14:56:31,995 | INFO | SpawnProcess-5 | lstm_run3 | Epoch 272 | train_loss=1.3929 | train_acc=0.9967 | test_loss=1.9049 | test_acc=0.9709
2026-05-14 14:56:32,907 | INFO | SpawnProcess-1 | lstm_run2 | Epoch 285 | train_loss=0.8278 | train_acc=0.9981 | test_loss=1.6752 | test_acc=0.9721
2026-05-14 14:56:36,865 | INFO | SpawnProcess-4 | lstm_run4 | Epoch 260 | train_loss=1.5363 | train_acc=0.9964 | test_loss=2.1197 | test_acc=0.9685
2026-05-14 14:56:39,733 | INFO | SpawnProcess-2 | lstm_run5 | Epoch 231 | train_loss=1.4907 | train_acc=0.9967 | test_loss=1.7918 | test_acc=0.9734
2026-05-14 14:56:41,567 | INFO | SpawnProcess-5 | lstm_run3 | Epoch 273 | train_loss=1.1380 | train_acc=0.9976 | test_loss=1.9501 | test_acc=0.9731
2026-05-14 14:56:43,606 | INFO | SpawnProcess-1 | lstm_run2 | Epoch 286 | train_loss=1.3731 | train_acc=0.9968 | test_loss=1.9052 | test_acc=0.9658
2026-05-14 14:56:46,694 | INFO | SpawnProcess-4 | lstm_run4 | Epoch 261 | train_loss=1.4251 | train_acc=0.9969 | test_loss=1.9761 | test_acc=0.9738
2026-05-14 14:56:49,208 | INFO | SpawnProcess-2 | lstm_run5 | Epoch 232 | train_loss=1.3912 | train_acc=0.9970 | test_loss=1.8672 | test_acc=0.9730
2026-05-14 14:56:50,973 | INFO | SpawnProcess-5 | lstm_run3 | Epoch 274 | train_loss=0.9725 | train_acc=0.9981 | test_loss=1.8912 | test_acc=0.9701
2026-05-14 14:56:53,623 | INFO | SpawnProcess-1 | lstm_run2 | Epoch 287 | train_loss=1.3360 | train_acc=0.9967 | test_loss=1.7274 | test_acc=0.9687
2026-05-14 14:56:56,334 | INFO | SpawnProcess-4 | lstm_run4 | Epoch 262 | train_loss=1.3198 | train_acc=0.9971 | test_loss=2.0369 | test_acc=0.9720
2026-05-14 14:56:58,581 | INFO | SpawnProcess-2 | lstm_run5 | Epoch 233 | train_loss=1.4859 | train_acc=0.9968 | test_loss=1.9737 | test_acc=0.9735
2026-05-14 14:57:00,329 | INFO | SpawnProcess-5 | lstm_run3 | Epoch 275 | train_loss=0.9862 | train_acc=0.9980 | test_loss=1.9697 | test_acc=0.9705
2026-05-14 14:57:03,498 | INFO | SpawnProcess-1 | lstm_run2 | Epoch 288 | train_loss=0.7253 | train_acc=0.9986 | test_loss=1.6651 | test_acc=0.9682
2026-05-14 14:57:06,348 | INFO | SpawnProcess-4 | lstm_run4 | Epoch 263 | train_loss=1.8511 | train_acc=0.9956 | test_loss=2.1926 | test_acc=0.9709
2026-05-14 14:57:08,445 | INFO | SpawnProcess-2 | lstm_run5 | Epoch 234 | train_loss=2.1265 | train_acc=0.9946 | test_loss=1.9384 | test_acc=0.9747
2026-05-14 14:57:09,930 | INFO | SpawnProcess-5 | lstm_run3 | Epoch 276 | train_loss=1.0761 | train_acc=0.9975 | test_loss=1.9341 | test_acc=0.9733
2026-05-14 14:57:13,582 | INFO | SpawnProcess-1 | lstm_run2 | Epoch 289 | train_loss=0.6461 | train_acc=0.9989 | test_loss=1.6523 | test_acc=0.9693
2026-05-14 14:57:16,188 | INFO | SpawnProcess-4 | lstm_run4 | Epoch 264 | train_loss=1.8002 | train_acc=0.9956 | test_loss=2.1162 | test_acc=0.9672
2026-05-14 14:57:17,924 | INFO | SpawnProcess-2 | lstm_run5 | Epoch 235 | train_loss=1.9076 | train_acc=0.9955 | test_loss=1.8786 | test_acc=0.9728
2026-05-14 14:57:19,055 | INFO | SpawnProcess-5 | lstm_run3 | Epoch 277 | train_loss=1.4449 | train_acc=0.9966 | test_loss=2.0761 | test_acc=0.9663
2026-05-14 14:57:23,631 | INFO | SpawnProcess-1 | lstm_run2 | Epoch 290 | train_loss=0.4851 | train_acc=0.9993 | test_loss=1.5965 | test_acc=0.9705
2026-05-14 14:57:25,466 | INFO | SpawnProcess-4 | lstm_run4 | Epoch 265 | train_loss=1.4830 | train_acc=0.9965 | test_loss=2.0733 | test_acc=0.9705
2026-05-14 14:57:27,781 | INFO | SpawnProcess-2 | lstm_run5 | Epoch 236 | train_loss=1.4992 | train_acc=0.9966 | test_loss=1.8524 | test_acc=0.9751
2026-05-14 14:57:28,565 | INFO | SpawnProcess-5 | lstm_run3 | Epoch 278 | train_loss=1.0051 | train_acc=0.9979 | test_loss=1.8257 | test_acc=0.9716
2026-05-14 14:57:33,502 | INFO | SpawnProcess-1 | lstm_run2 | Epoch 291 | train_loss=0.4577 | train_acc=0.9993 | test_loss=1.6538 | test_acc=0.9714
2026-05-14 14:57:35,308 | INFO | SpawnProcess-4 | lstm_run4 | Epoch 266 | train_loss=1.3336 | train_acc=0.9970 | test_loss=2.0964 | test_acc=0.9713
2026-05-14 14:57:37,915 | INFO | SpawnProcess-2 | lstm_run5 | Epoch 237 | train_loss=1.6827 | train_acc=0.9958 | test_loss=1.8108 | test_acc=0.9751
2026-05-14 14:57:38,174 | INFO | SpawnProcess-5 | lstm_run3 | Epoch 279 | train_loss=0.9503 | train_acc=0.9981 | test_loss=2.0674 | test_acc=0.9726
2026-05-14 14:57:43,466 | INFO | SpawnProcess-1 | lstm_run2 | Epoch 292 | train_loss=0.4645 | train_acc=0.9993 | test_loss=1.6110 | test_acc=0.9722
2026-05-14 14:57:44,904 | INFO | SpawnProcess-4 | lstm_run4 | Epoch 267 | train_loss=1.3733 | train_acc=0.9968 | test_loss=2.0708 | test_acc=0.9739
2026-05-14 14:57:47,657 | INFO | SpawnProcess-5 | lstm_run3 | Epoch 280 | train_loss=1.9078 | train_acc=0.9950 | test_loss=1.9543 | test_acc=0.9661
2026-05-14 14:57:47,945 | INFO | SpawnProcess-2 | lstm_run5 | Epoch 238 | train_loss=1.4685 | train_acc=0.9966 | test_loss=1.8030 | test_acc=0.9748
2026-05-14 14:57:53,432 | INFO | SpawnProcess-1 | lstm_run2 | Epoch 293 | train_loss=1.4879 | train_acc=0.9966 | test_loss=1.7811 | test_acc=0.9717
2026-05-14 14:57:54,409 | INFO | SpawnProcess-4 | lstm_run4 | Epoch 268 | train_loss=1.4381 | train_acc=0.9968 | test_loss=2.0519 | test_acc=0.9730
2026-05-14 14:57:57,449 | INFO | SpawnProcess-5 | lstm_run3 | Epoch 281 | train_loss=1.2354 | train_acc=0.9972 | test_loss=1.9612 | test_acc=0.9715
2026-05-14 14:57:58,022 | INFO | SpawnProcess-2 | lstm_run5 | Epoch 239 | train_loss=1.4813 | train_acc=0.9964 | test_loss=1.8821 | test_acc=0.9717
2026-05-14 14:58:03,519 | INFO | SpawnProcess-1 | lstm_run2 | Epoch 294 | train_loss=1.8705 | train_acc=0.9952 | test_loss=1.7680 | test_acc=0.9706
2026-05-14 14:58:04,124 | INFO | SpawnProcess-4 | lstm_run4 | Epoch 269 | train_loss=1.4092 | train_acc=0.9967 | test_loss=1.9926 | test_acc=0.9722
2026-05-14 14:58:07,319 | INFO | SpawnProcess-5 | lstm_run3 | Epoch 282 | train_loss=1.1010 | train_acc=0.9975 | test_loss=1.9210 | test_acc=0.9726
2026-05-14 14:58:08,030 | INFO | SpawnProcess-2 | lstm_run5 | Epoch 240 | train_loss=1.6076 | train_acc=0.9964 | test_loss=1.9817 | test_acc=0.9672
2026-05-14 14:58:13,928 | INFO | SpawnProcess-1 | lstm_run2 | Epoch 295 | train_loss=1.6084 | train_acc=0.9958 | test_loss=1.6243 | test_acc=0.9713
2026-05-14 14:58:14,284 | INFO | SpawnProcess-4 | lstm_run4 | Epoch 270 | train_loss=1.2751 | train_acc=0.9972 | test_loss=2.0206 | test_acc=0.9737
2026-05-14 14:58:17,137 | INFO | SpawnProcess-5 | lstm_run3 | Epoch 283 | train_loss=1.0610 | train_acc=0.9975 | test_loss=1.8683 | test_acc=0.9688
2026-05-14 14:58:17,955 | INFO | SpawnProcess-2 | lstm_run5 | Epoch 241 | train_loss=1.9214 | train_acc=0.9952 | test_loss=2.0635 | test_acc=0.9729
2026-05-14 14:58:23,988 | INFO | SpawnProcess-1 | lstm_run2 | Epoch 296 | train_loss=1.4951 | train_acc=0.9962 | test_loss=1.6977 | test_acc=0.9706
2026-05-14 14:58:24,173 | INFO | SpawnProcess-4 | lstm_run4 | Epoch 271 | train_loss=1.7413 | train_acc=0.9957 | test_loss=2.0469 | test_acc=0.9701
2026-05-14 14:58:26,648 | INFO | SpawnProcess-5 | lstm_run3 | Epoch 284 | train_loss=0.7573 | train_acc=0.9986 | test_loss=2.0377 | test_acc=0.9746
2026-05-14 14:58:27,824 | INFO | SpawnProcess-2 | lstm_run5 | Epoch 242 | train_loss=1.8041 | train_acc=0.9958 | test_loss=1.8597 | test_acc=0.9748
2026-05-14 14:58:34,217 | INFO | SpawnProcess-1 | lstm_run2 | Epoch 297 | train_loss=0.8503 | train_acc=0.9981 | test_loss=1.7683 | test_acc=0.9701
2026-05-14 14:58:34,298 | INFO | SpawnProcess-4 | lstm_run4 | Epoch 272 | train_loss=1.4387 | train_acc=0.9967 | test_loss=2.2015 | test_acc=0.9719
2026-05-14 14:58:36,620 | INFO | SpawnProcess-5 | lstm_run3 | Epoch 285 | train_loss=1.7370 | train_acc=0.9957 | test_loss=1.9177 | test_acc=0.9729
2026-05-14 14:58:37,264 | INFO | SpawnProcess-2 | lstm_run5 | Epoch 243 | train_loss=1.5747 | train_acc=0.9963 | test_loss=1.8691 | test_acc=0.9728
2026-05-14 14:58:44,333 | INFO | SpawnProcess-4 | lstm_run4 | Epoch 273 | train_loss=1.9666 | train_acc=0.9952 | test_loss=2.1378 | test_acc=0.9702
2026-05-14 14:58:44,579 | INFO | SpawnProcess-1 | lstm_run2 | Epoch 298 | train_loss=0.6403 | train_acc=0.9987 | test_loss=1.8379 | test_acc=0.9658
2026-05-14 14:58:46,718 | INFO | SpawnProcess-5 | lstm_run3 | Epoch 286 | train_loss=1.7261 | train_acc=0.9957 | test_loss=1.9809 | test_acc=0.9706
2026-05-14 14:58:47,257 | INFO | SpawnProcess-2 | lstm_run5 | Epoch 244 | train_loss=1.5364 | train_acc=0.9964 | test_loss=1.9159 | test_acc=0.9744
2026-05-14 14:58:54,587 | INFO | SpawnProcess-4 | lstm_run4 | Epoch 274 | train_loss=1.3572 | train_acc=0.9970 | test_loss=2.0563 | test_acc=0.9678
2026-05-14 14:58:54,787 | INFO | SpawnProcess-1 | lstm_run2 | Epoch 299 | train_loss=0.5606 | train_acc=0.9989 | test_loss=1.6462 | test_acc=0.9681
2026-05-14 14:58:56,847 | INFO | SpawnProcess-5 | lstm_run3 | Epoch 287 | train_loss=1.6339 | train_acc=0.9958 | test_loss=1.8780 | test_acc=0.9684
2026-05-14 14:58:57,065 | INFO | SpawnProcess-2 | lstm_run5 | Epoch 245 | train_loss=1.7202 | train_acc=0.9957 | test_loss=1.9181 | test_acc=0.9726
2026-05-14 14:59:04,755 | INFO | SpawnProcess-4 | lstm_run4 | Epoch 275 | train_loss=0.9853 | train_acc=0.9981 | test_loss=2.2066 | test_acc=0.9700
2026-05-14 14:59:04,808 | INFO | SpawnProcess-1 | lstm_run2 | Epoch 300 | train_loss=0.5413 | train_acc=0.9990 | test_loss=1.7284 | test_acc=0.9700
2026-05-14 14:59:06,798 | INFO | SpawnProcess-5 | lstm_run3 | Epoch 288 | train_loss=1.0918 | train_acc=0.9974 | test_loss=1.9047 | test_acc=0.9698
2026-05-14 14:59:07,080 | INFO | SpawnProcess-2 | lstm_run5 | Epoch 246 | train_loss=2.2236 | train_acc=0.9944 | test_loss=1.8326 | test_acc=0.9756
2026-05-14 14:59:11,509 | INFO | SpawnProcess-1 | lstm_run2 | Final train_eval_loss=0.4993 | train_eval_acc=0.9848
2026-05-14 14:59:11,519 | INFO | SpawnProcess-1 | lstm_run2 | complete
2026-05-14 14:59:11,527 | INFO | Completed lstm_run2 on GPU 1
2026-05-14 14:59:14,140 | INFO | SpawnProcess-4 | lstm_run4 | Epoch 276 | train_loss=0.9626 | train_acc=0.9982 | test_loss=2.0719 | test_acc=0.9724
2026-05-14 14:59:16,239 | INFO | SpawnProcess-5 | lstm_run3 | Epoch 289 | train_loss=0.8196 | train_acc=0.9984 | test_loss=1.9799 | test_acc=0.9708
2026-05-14 14:59:16,764 | INFO | SpawnProcess-2 | lstm_run5 | Epoch 247 | train_loss=1.6137 | train_acc=0.9963 | test_loss=1.8399 | test_acc=0.9728
2026-05-14 14:59:24,259 | INFO | SpawnProcess-4 | lstm_run4 | Epoch 277 | train_loss=1.1607 | train_acc=0.9975 | test_loss=2.0730 | test_acc=0.9740
2026-05-14 14:59:26,161 | INFO | SpawnProcess-5 | lstm_run3 | Epoch 290 | train_loss=0.7473 | train_acc=0.9986 | test_loss=1.8369 | test_acc=0.9700
2026-05-14 14:59:27,071 | INFO | SpawnProcess-2 | lstm_run5 | Epoch 248 | train_loss=1.4181 | train_acc=0.9965 | test_loss=1.7646 | test_acc=0.9737
2026-05-14 14:59:33,904 | INFO | SpawnProcess-4 | lstm_run4 | Epoch 278 | train_loss=1.2190 | train_acc=0.9972 | test_loss=2.3005 | test_acc=0.9700
2026-05-14 14:59:35,720 | INFO | SpawnProcess-5 | lstm_run3 | Epoch 291 | train_loss=0.7988 | train_acc=0.9984 | test_loss=1.9620 | test_acc=0.9709
2026-05-14 14:59:37,285 | INFO | SpawnProcess-2 | lstm_run5 | Epoch 249 | train_loss=1.3897 | train_acc=0.9968 | test_loss=1.8190 | test_acc=0.9757
2026-05-14 14:59:43,307 | INFO | SpawnProcess-4 | lstm_run4 | Epoch 279 | train_loss=1.3001 | train_acc=0.9971 | test_loss=2.1197 | test_acc=0.9726
2026-05-14 14:59:45,518 | INFO | SpawnProcess-5 | lstm_run3 | Epoch 292 | train_loss=0.6770 | train_acc=0.9986 | test_loss=2.0281 | test_acc=0.9692
2026-05-14 14:59:46,875 | INFO | SpawnProcess-2 | lstm_run5 | Epoch 250 | train_loss=2.3005 | train_acc=0.9942 | test_loss=2.0825 | test_acc=0.9719
2026-05-14 14:59:52,333 | INFO | SpawnProcess-4 | lstm_run4 | Epoch 280 | train_loss=1.8503 | train_acc=0.9953 | test_loss=2.5527 | test_acc=0.9607
2026-05-14 14:59:54,881 | INFO | SpawnProcess-5 | lstm_run3 | Epoch 293 | train_loss=0.9716 | train_acc=0.9980 | test_loss=1.9074 | test_acc=0.9740
2026-05-14 14:59:55,272 | INFO | SpawnProcess-2 | lstm_run5 | Epoch 251 | train_loss=2.4659 | train_acc=0.9938 | test_loss=1.7737 | test_acc=0.9742
2026-05-14 15:00:01,590 | INFO | SpawnProcess-4 | lstm_run4 | Epoch 281 | train_loss=1.8727 | train_acc=0.9954 | test_loss=1.9890 | test_acc=0.9726
2026-05-14 15:00:04,491 | INFO | SpawnProcess-5 | lstm_run3 | Epoch 294 | train_loss=1.2144 | train_acc=0.9969 | test_loss=2.0044 | test_acc=0.9693
2026-05-14 15:00:05,142 | INFO | SpawnProcess-2 | lstm_run5 | Epoch 252 | train_loss=1.1838 | train_acc=0.9976 | test_loss=1.8526 | test_acc=0.9732
2026-05-14 15:00:10,409 | INFO | SpawnProcess-4 | lstm_run4 | Epoch 282 | train_loss=1.0003 | train_acc=0.9979 | test_loss=2.0785 | test_acc=0.9712
2026-05-14 15:00:13,684 | INFO | SpawnProcess-5 | lstm_run3 | Epoch 295 | train_loss=1.1687 | train_acc=0.9975 | test_loss=1.8303 | test_acc=0.9665
2026-05-14 15:00:14,688 | INFO | SpawnProcess-2 | lstm_run5 | Epoch 253 | train_loss=1.3277 | train_acc=0.9970 | test_loss=1.8567 | test_acc=0.9746
2026-05-14 15:00:19,145 | INFO | SpawnProcess-4 | lstm_run4 | Epoch 283 | train_loss=1.0424 | train_acc=0.9978 | test_loss=2.0323 | test_acc=0.9715
2026-05-14 15:00:22,349 | INFO | SpawnProcess-5 | lstm_run3 | Epoch 296 | train_loss=1.3482 | train_acc=0.9967 | test_loss=2.0350 | test_acc=0.9704
2026-05-14 15:00:24,162 | INFO | SpawnProcess-2 | lstm_run5 | Epoch 254 | train_loss=1.3034 | train_acc=0.9971 | test_loss=1.7587 | test_acc=0.9736
2026-05-14 15:00:27,974 | INFO | SpawnProcess-4 | lstm_run4 | Epoch 284 | train_loss=1.0980 | train_acc=0.9977 | test_loss=2.1398 | test_acc=0.9694
2026-05-14 15:00:30,814 | INFO | SpawnProcess-5 | lstm_run3 | Epoch 297 | train_loss=0.8686 | train_acc=0.9982 | test_loss=2.0032 | test_acc=0.9743
2026-05-14 15:00:33,735 | INFO | SpawnProcess-2 | lstm_run5 | Epoch 255 | train_loss=1.1508 | train_acc=0.9976 | test_loss=1.9510 | test_acc=0.9739
2026-05-14 15:00:36,969 | INFO | SpawnProcess-4 | lstm_run4 | Epoch 285 | train_loss=1.0826 | train_acc=0.9977 | test_loss=2.1928 | test_acc=0.9695
2026-05-14 15:00:40,051 | INFO | SpawnProcess-5 | lstm_run3 | Epoch 298 | train_loss=1.3097 | train_acc=0.9970 | test_loss=1.9109 | test_acc=0.9701
2026-05-14 15:00:43,403 | INFO | SpawnProcess-2 | lstm_run5 | Epoch 256 | train_loss=1.2797 | train_acc=0.9970 | test_loss=1.8988 | test_acc=0.9724
2026-05-14 15:00:45,658 | INFO | SpawnProcess-4 | lstm_run4 | Epoch 286 | train_loss=0.9997 | train_acc=0.9981 | test_loss=2.1337 | test_acc=0.9712
2026-05-14 15:00:49,745 | INFO | SpawnProcess-5 | lstm_run3 | Epoch 299 | train_loss=1.5866 | train_acc=0.9960 | test_loss=1.9787 | test_acc=0.9698
2026-05-14 15:00:53,042 | INFO | SpawnProcess-2 | lstm_run5 | Epoch 257 | train_loss=1.2305 | train_acc=0.9974 | test_loss=1.8806 | test_acc=0.9744
2026-05-14 15:00:54,834 | INFO | SpawnProcess-4 | lstm_run4 | Epoch 287 | train_loss=0.9740 | train_acc=0.9979 | test_loss=2.1609 | test_acc=0.9710
2026-05-14 15:00:59,392 | INFO | SpawnProcess-5 | lstm_run3 | Epoch 300 | train_loss=1.3205 | train_acc=0.9965 | test_loss=1.9906 | test_acc=0.9694
2026-05-14 15:01:02,455 | INFO | SpawnProcess-2 | lstm_run5 | Epoch 258 | train_loss=1.0811 | train_acc=0.9977 | test_loss=1.8674 | test_acc=0.9748
2026-05-14 15:01:04,204 | INFO | SpawnProcess-4 | lstm_run4 | Epoch 288 | train_loss=1.3922 | train_acc=0.9967 | test_loss=2.2675 | test_acc=0.9659
2026-05-14 15:01:05,495 | INFO | SpawnProcess-5 | lstm_run3 | Final train_eval_loss=1.0068 | train_eval_acc=0.9830
2026-05-14 15:01:05,506 | INFO | SpawnProcess-5 | lstm_run3 | complete
2026-05-14 15:01:05,515 | INFO | Completed lstm_run3 on GPU 2
2026-05-14 15:01:11,586 | INFO | SpawnProcess-2 | lstm_run5 | Epoch 259 | train_loss=1.1702 | train_acc=0.9974 | test_loss=1.8264 | test_acc=0.9741
2026-05-14 15:01:13,829 | INFO | SpawnProcess-4 | lstm_run4 | Epoch 289 | train_loss=1.7999 | train_acc=0.9955 | test_loss=2.7015 | test_acc=0.9598
2026-05-14 15:01:20,690 | INFO | SpawnProcess-2 | lstm_run5 | Epoch 260 | train_loss=2.4265 | train_acc=0.9933 | test_loss=1.8895 | test_acc=0.9747
2026-05-14 15:01:23,439 | INFO | SpawnProcess-4 | lstm_run4 | Epoch 290 | train_loss=1.7613 | train_acc=0.9956 | test_loss=2.2411 | test_acc=0.9718
2026-05-14 15:01:30,044 | INFO | SpawnProcess-2 | lstm_run5 | Epoch 261 | train_loss=1.6518 | train_acc=0.9960 | test_loss=1.8938 | test_acc=0.9707
2026-05-14 15:01:33,073 | INFO | SpawnProcess-4 | lstm_run4 | Epoch 291 | train_loss=1.5673 | train_acc=0.9964 | test_loss=2.3149 | test_acc=0.9681
2026-05-14 15:01:39,600 | INFO | SpawnProcess-2 | lstm_run5 | Epoch 262 | train_loss=1.8916 | train_acc=0.9955 | test_loss=1.7871 | test_acc=0.9727
2026-05-14 15:01:42,797 | INFO | SpawnProcess-4 | lstm_run4 | Epoch 292 | train_loss=1.6895 | train_acc=0.9957 | test_loss=2.2364 | test_acc=0.9734
2026-05-14 15:01:48,994 | INFO | SpawnProcess-2 | lstm_run5 | Epoch 263 | train_loss=1.3350 | train_acc=0.9971 | test_loss=1.8599 | test_acc=0.9730
2026-05-14 15:01:52,481 | INFO | SpawnProcess-4 | lstm_run4 | Epoch 293 | train_loss=1.1686 | train_acc=0.9976 | test_loss=2.1062 | test_acc=0.9689
2026-05-14 15:01:58,679 | INFO | SpawnProcess-2 | lstm_run5 | Epoch 264 | train_loss=1.2425 | train_acc=0.9972 | test_loss=1.9857 | test_acc=0.9734
2026-05-14 15:02:02,136 | INFO | SpawnProcess-4 | lstm_run4 | Epoch 294 | train_loss=1.1848 | train_acc=0.9973 | test_loss=1.9898 | test_acc=0.9729
2026-05-14 15:02:08,263 | INFO | SpawnProcess-2 | lstm_run5 | Epoch 265 | train_loss=1.1676 | train_acc=0.9978 | test_loss=1.8353 | test_acc=0.9731
2026-05-14 15:02:12,074 | INFO | SpawnProcess-4 | lstm_run4 | Epoch 295 | train_loss=1.0846 | train_acc=0.9977 | test_loss=2.0939 | test_acc=0.9713
2026-05-14 15:02:17,853 | INFO | SpawnProcess-2 | lstm_run5 | Epoch 266 | train_loss=1.3651 | train_acc=0.9969 | test_loss=1.9008 | test_acc=0.9739
2026-05-14 15:02:21,608 | INFO | SpawnProcess-4 | lstm_run4 | Epoch 296 | train_loss=0.9802 | train_acc=0.9981 | test_loss=2.0956 | test_acc=0.9744
2026-05-14 15:02:27,398 | INFO | SpawnProcess-2 | lstm_run5 | Epoch 267 | train_loss=1.6023 | train_acc=0.9961 | test_loss=1.9000 | test_acc=0.9720
2026-05-14 15:02:31,235 | INFO | SpawnProcess-4 | lstm_run4 | Epoch 297 | train_loss=0.8532 | train_acc=0.9985 | test_loss=2.1498 | test_acc=0.9721
2026-05-14 15:02:37,221 | INFO | SpawnProcess-2 | lstm_run5 | Epoch 268 | train_loss=1.8974 | train_acc=0.9950 | test_loss=1.9092 | test_acc=0.9750
2026-05-14 15:02:41,146 | INFO | SpawnProcess-4 | lstm_run4 | Epoch 298 | train_loss=1.2170 | train_acc=0.9972 | test_loss=2.1539 | test_acc=0.9703
2026-05-14 15:02:47,050 | INFO | SpawnProcess-2 | lstm_run5 | Epoch 269 | train_loss=1.3084 | train_acc=0.9969 | test_loss=1.9171 | test_acc=0.9713
2026-05-14 15:02:50,978 | INFO | SpawnProcess-4 | lstm_run4 | Epoch 299 | train_loss=1.7862 | train_acc=0.9953 | test_loss=2.1887 | test_acc=0.9701
2026-05-14 15:02:56,995 | INFO | SpawnProcess-2 | lstm_run5 | Epoch 270 | train_loss=1.1420 | train_acc=0.9975 | test_loss=1.7771 | test_acc=0.9744
2026-05-14 15:03:00,860 | INFO | SpawnProcess-4 | lstm_run4 | Epoch 300 | train_loss=1.9557 | train_acc=0.9951 | test_loss=2.2705 | test_acc=0.9661
2026-05-14 15:03:06,365 | INFO | SpawnProcess-2 | lstm_run5 | Epoch 271 | train_loss=1.3836 | train_acc=0.9970 | test_loss=1.9336 | test_acc=0.9724
2026-05-14 15:03:06,732 | INFO | SpawnProcess-4 | lstm_run4 | Final train_eval_loss=1.4990 | train_eval_acc=0.9854
2026-05-14 15:03:06,743 | INFO | SpawnProcess-4 | lstm_run4 | complete
2026-05-14 15:03:06,752 | INFO | Completed lstm_run4 on GPU 3
2026-05-14 15:03:15,787 | INFO | SpawnProcess-2 | lstm_run5 | Epoch 272 | train_loss=1.5243 | train_acc=0.9962 | test_loss=1.8107 | test_acc=0.9746
2026-05-14 15:03:25,553 | INFO | SpawnProcess-2 | lstm_run5 | Epoch 273 | train_loss=1.3016 | train_acc=0.9971 | test_loss=1.9576 | test_acc=0.9720
2026-05-14 15:03:35,270 | INFO | SpawnProcess-2 | lstm_run5 | Epoch 274 | train_loss=2.1006 | train_acc=0.9949 | test_loss=1.9998 | test_acc=0.9680
2026-05-14 15:03:44,997 | INFO | SpawnProcess-2 | lstm_run5 | Epoch 275 | train_loss=1.2407 | train_acc=0.9970 | test_loss=1.8493 | test_acc=0.9738
2026-05-14 15:03:54,829 | INFO | SpawnProcess-2 | lstm_run5 | Epoch 276 | train_loss=1.3187 | train_acc=0.9970 | test_loss=2.0661 | test_acc=0.9702
2026-05-14 15:04:04,184 | INFO | SpawnProcess-2 | lstm_run5 | Epoch 277 | train_loss=1.5318 | train_acc=0.9962 | test_loss=2.0877 | test_acc=0.9721
2026-05-14 15:04:13,562 | INFO | SpawnProcess-2 | lstm_run5 | Epoch 278 | train_loss=1.4677 | train_acc=0.9966 | test_loss=1.8499 | test_acc=0.9746
2026-05-14 15:04:22,102 | INFO | SpawnProcess-2 | lstm_run5 | Epoch 279 | train_loss=1.0083 | train_acc=0.9979 | test_loss=1.8585 | test_acc=0.9741
2026-05-14 15:04:31,402 | INFO | SpawnProcess-2 | lstm_run5 | Epoch 280 | train_loss=1.0556 | train_acc=0.9978 | test_loss=1.9741 | test_acc=0.9728
2026-05-14 15:04:40,697 | INFO | SpawnProcess-2 | lstm_run5 | Epoch 281 | train_loss=1.3080 | train_acc=0.9969 | test_loss=1.8959 | test_acc=0.9719
2026-05-14 15:04:50,060 | INFO | SpawnProcess-2 | lstm_run5 | Epoch 282 | train_loss=0.9707 | train_acc=0.9980 | test_loss=1.9443 | test_acc=0.9732
2026-05-14 15:04:59,440 | INFO | SpawnProcess-2 | lstm_run5 | Epoch 283 | train_loss=2.0059 | train_acc=0.9955 | test_loss=1.9178 | test_acc=0.9721
2026-05-14 15:05:08,738 | INFO | SpawnProcess-2 | lstm_run5 | Epoch 284 | train_loss=1.3166 | train_acc=0.9969 | test_loss=2.1254 | test_acc=0.9729
2026-05-14 15:05:18,098 | INFO | SpawnProcess-2 | lstm_run5 | Epoch 285 | train_loss=1.6059 | train_acc=0.9961 | test_loss=1.8673 | test_acc=0.9728
2026-05-14 15:05:27,491 | INFO | SpawnProcess-2 | lstm_run5 | Epoch 286 | train_loss=1.4089 | train_acc=0.9965 | test_loss=1.9063 | test_acc=0.9724
2026-05-14 15:05:36,607 | INFO | SpawnProcess-2 | lstm_run5 | Epoch 287 | train_loss=1.3691 | train_acc=0.9970 | test_loss=1.9010 | test_acc=0.9707
2026-05-14 15:05:45,947 | INFO | SpawnProcess-2 | lstm_run5 | Epoch 288 | train_loss=1.3285 | train_acc=0.9969 | test_loss=2.0884 | test_acc=0.9687
2026-05-14 15:05:55,309 | INFO | SpawnProcess-2 | lstm_run5 | Epoch 289 | train_loss=1.6636 | train_acc=0.9957 | test_loss=1.8963 | test_acc=0.9716
2026-05-14 15:06:04,615 | INFO | SpawnProcess-2 | lstm_run5 | Epoch 290 | train_loss=1.2410 | train_acc=0.9971 | test_loss=1.8835 | test_acc=0.9743
2026-05-14 15:06:13,059 | INFO | SpawnProcess-2 | lstm_run5 | Epoch 291 | train_loss=1.6060 | train_acc=0.9958 | test_loss=1.9157 | test_acc=0.9710
2026-05-14 15:06:21,148 | INFO | SpawnProcess-2 | lstm_run5 | Epoch 292 | train_loss=1.0599 | train_acc=0.9975 | test_loss=1.8283 | test_acc=0.9743
2026-05-14 15:06:29,310 | INFO | SpawnProcess-2 | lstm_run5 | Epoch 293 | train_loss=0.8024 | train_acc=0.9984 | test_loss=1.7815 | test_acc=0.9741
2026-05-14 15:06:38,694 | INFO | SpawnProcess-2 | lstm_run5 | Epoch 294 | train_loss=0.7606 | train_acc=0.9985 | test_loss=1.8946 | test_acc=0.9743
2026-05-14 15:06:48,104 | INFO | SpawnProcess-2 | lstm_run5 | Epoch 295 | train_loss=0.8465 | train_acc=0.9983 | test_loss=1.8151 | test_acc=0.9728
2026-05-14 15:06:56,944 | INFO | SpawnProcess-2 | lstm_run5 | Epoch 296 | train_loss=0.8367 | train_acc=0.9985 | test_loss=1.8946 | test_acc=0.9742
2026-05-14 15:07:06,338 | INFO | SpawnProcess-2 | lstm_run5 | Epoch 297 | train_loss=0.7163 | train_acc=0.9987 | test_loss=1.9054 | test_acc=0.9718
2026-05-14 15:07:15,547 | INFO | SpawnProcess-2 | lstm_run5 | Epoch 298 | train_loss=1.2065 | train_acc=0.9971 | test_loss=2.1257 | test_acc=0.9718
2026-05-14 15:07:24,929 | INFO | SpawnProcess-2 | lstm_run5 | Epoch 299 | train_loss=1.5430 | train_acc=0.9965 | test_loss=1.8198 | test_acc=0.9731
2026-05-14 15:07:34,458 | INFO | SpawnProcess-2 | lstm_run5 | Epoch 300 | train_loss=1.7843 | train_acc=0.9956 | test_loss=1.8361 | test_acc=0.9691
2026-05-14 15:07:40,269 | INFO | SpawnProcess-2 | lstm_run5 | Final train_eval_loss=1.5215 | train_eval_acc=0.9837
2026-05-14 15:07:40,280 | INFO | SpawnProcess-2 | lstm_run5 | complete
2026-05-14 15:07:40,287 | INFO | Completed lstm_run5 on GPU 5
2026-05-14 15:07:46,251 | INFO | Saved results to runs/l_mnist_pipeline_20260514_102656
2026-05-14 15:07:46,251 | INFO | Final | Stage-2 test acc mean/std: 0.9516 / 0.0079 | RNN: 0.8063 / 0.0731 | LSTM: 0.9684 / 0.0014
2026-05-14 15:07:46,251 | INFO | Training pipeline complete
