model,run_idx,epoch,train_loss,train_acc,test_loss,test_acc
snn_lif,1,1,262.2951920032501,0.15071666666666667,41.29060506820679,0.1896
snn_lif,1,2,230.1471744775772,0.2307,37.57976520061493,0.2763
snn_lif,1,3,219.45006680488586,0.25361666666666666,36.60063660144806,0.2694
snn_lif,1,4,208.65244245529175,0.2996333333333333,33.79871225357056,0.3704
snn_lif,1,5,193.41954016685486,0.36568333333333336,32.130895018577576,0.353
snn_lif,1,6,182.29489254951477,0.40058333333333335,29.94231677055359,0.3981
snn_lif,1,7,167.05179500579834,0.4501,27.645063519477844,0.4444
snn_lif,1,8,155.31317234039307,0.49715,25.96193039417267,0.5038
snn_lif,1,9,148.3632768392563,0.52475,24.40864384174347,0.5296
snn_lif,1,10,142.37260150909424,0.55495,23.804983735084534,0.5497
snn_lif,1,11,136.4984130859375,0.5772333333333334,23.199679255485535,0.5723
snn_lif,1,12,129.49657130241394,0.6067333333333333,22.44087851047516,0.5609
snn_lif,1,13,124.89051616191864,0.6316666666666667,22.0112926363945,0.6065
snn_lif,1,14,119.93349391222,0.6694,19.952954411506653,0.6849
snn_lif,1,15,115.80632477998734,0.6866666666666666,18.77722805738449,0.7069
snn_lif,1,16,109.82730323076248,0.7048333333333333,17.988940060138702,0.7152
snn_lif,1,17,105.58830398321152,0.7188166666666667,18.239712178707123,0.7227
snn_lif,1,18,103.20563465356827,0.7237,16.897469341754913,0.7301
snn_lif,1,19,99.76369833946228,0.7358833333333333,17.47687464952469,0.7278
snn_lif,1,20,98.02089464664459,0.7418333333333333,16.736674964427948,0.7344
snn_lif,1,21,97.5564523935318,0.7420333333333333,16.36946976184845,0.7508
snn_lif,1,22,93.74633485078812,0.752,15.31943279504776,0.7609
snn_lif,1,23,91.98460012674332,0.7543166666666666,14.88368535041809,0.7638
snn_lif,1,24,90.28998637199402,0.7625333333333333,14.891009330749512,0.7644
snn_lif,1,25,89.63134557008743,0.7649666666666667,14.578458845615387,0.7789
snn_lif,1,26,86.81193435192108,0.7718,14.723907768726349,0.7599
snn_lif,1,27,83.97693908214569,0.78255,14.488826245069504,0.7643
snn_lif,1,28,84.91298687458038,0.78135,14.436098515987396,0.7817
snn_lif,1,29,81.12875801324844,0.7921333333333334,14.079916834831238,0.7828
snn_lif,1,30,80.26177871227264,0.7958666666666666,13.850793421268463,0.8021
snn_lif,1,31,77.2073118686676,0.8058166666666666,14.211042791604996,0.7796
snn_lif,1,32,77.807776927948,0.8034666666666667,12.966492146253586,0.8122
snn_lif,1,33,75.82913738489151,0.8112833333333334,12.756988883018494,0.8184
snn_lif,1,34,75.1540924012661,0.8099333333333333,12.82740718126297,0.8095
snn_lif,1,35,73.57020884752274,0.8177,13.755174309015274,0.7818
snn_lif,1,36,75.00247871875763,0.8109833333333333,11.987710982561111,0.8212
snn_lif,1,37,71.38204604387283,0.8218833333333333,13.001375705003738,0.8012
snn_lif,1,38,70.35706230998039,0.8256833333333333,11.604570806026459,0.8391
snn_lif,1,39,68.83637574315071,0.8303666666666667,11.444264203310013,0.8381
snn_lif,1,40,69.97446313500404,0.8276166666666667,13.974039137363434,0.7974
snn_lif,1,41,68.64605489373207,0.8327,11.630621016025543,0.8391
snn_lif,1,42,67.24091777205467,0.8347166666666667,11.437719821929932,0.835
snn_lif,1,43,65.73474180698395,0.8373833333333334,11.27423882484436,0.8361
snn_lif,1,44,66.67070257663727,0.8345,11.651418834924698,0.8327
snn_lif,1,45,65.32060912251472,0.8385333333333334,11.789062470197678,0.8311
snn_lif,1,46,64.82300025224686,0.84025,11.395472764968872,0.8397
snn_lif,1,47,64.2352985739708,0.84275,10.29810282588005,0.8591
snn_lif,1,48,62.593798875808716,0.8459666666666666,10.578779071569443,0.8485
snn_lif,1,49,61.1947965323925,0.8494166666666667,10.444558799266815,0.8518
snn_lif,1,50,60.01130348443985,0.8525333333333334,9.745477676391602,0.858
snn_lif,1,51,59.51980012655258,0.8530166666666666,10.579863846302032,0.8562
snn_lif,1,52,57.90965390205383,0.85825,10.13217356801033,0.8584
snn_lif,1,53,58.171419978141785,0.8584,9.725238353013992,0.8434
snn_lif,1,54,57.77391177415848,0.8596333333333334,9.120751410722733,0.8699
snn_lif,1,55,55.766757518053055,0.8642,9.653455674648285,0.8616
snn_lif,1,56,55.38018578290939,0.8662166666666666,9.379305675625801,0.8696
snn_lif,1,57,55.047770619392395,0.8668333333333333,10.38297924399376,0.8544
snn_lif,1,58,55.5673403441906,0.86515,8.907393544912338,0.882
snn_lif,1,59,53.86712285876274,0.8694166666666666,9.475689202547073,0.8584
snn_lif,1,60,52.36197915673256,0.8737166666666667,8.23847872018814,0.8845
snn_lif,1,61,52.91476818919182,0.8718,9.125044256448746,0.8733
snn_lif,1,62,52.455607533454895,0.8733833333333333,9.620299816131592,0.861
snn_lif,1,63,50.44979563355446,0.8776666666666667,9.096192687749863,0.8682
snn_lif,1,64,51.87809577584267,0.8747333333333334,8.403528362512589,0.8793
snn_lif,1,65,49.43116822838783,0.8806333333333334,8.144210994243622,0.8834
snn_lif,1,66,49.14239197969437,0.88245,8.320055678486824,0.8857
snn_lif,1,67,49.606848299503326,0.8808333333333334,8.438197508454323,0.8863
snn_lif,1,68,48.09193441271782,0.8843166666666666,7.986658871173859,0.8854
snn_lif,1,69,47.44975012540817,0.8876166666666667,8.367391511797905,0.8783
snn_lif,1,70,46.646613359451294,0.88815,7.851359337568283,0.8891
snn_lif,1,71,46.60059276223183,0.8894666666666666,7.786067992448807,0.8829
snn_lif,1,72,46.65147143602371,0.88745,8.624198198318481,0.8812
snn_lif,1,73,46.7753632068634,0.8888,7.871352985501289,0.8901
snn_lif,1,74,46.32061192393303,0.8894666666666666,7.902065306901932,0.8914
snn_lif,1,75,45.72906693816185,0.8916166666666666,7.450594380497932,0.8952
snn_lif,1,76,45.2961545586586,0.89275,8.08143162727356,0.8837
snn_lif,1,77,44.82231432199478,0.8934333333333333,8.016860380768776,0.8907
snn_lif,1,78,43.83273044228554,0.8959833333333334,7.816959485411644,0.8868
snn_lif,1,79,43.74154521524906,0.8965833333333333,8.40624888241291,0.8854
snn_lif,1,80,44.807208359241486,0.8932333333333333,7.562900364398956,0.8959
snn_lif,1,81,43.271667674183846,0.8969333333333334,7.413025319576263,0.8973
snn_lif,1,82,43.7352434694767,0.89445,7.492333754897118,0.9008
snn_lif,1,83,42.89297464489937,0.8986833333333333,7.5753660798072815,0.8946
snn_lif,1,84,43.15476733446121,0.89875,7.450707599520683,0.9006
snn_lif,1,85,41.81546074151993,0.90165,7.2595454305410385,0.9011
snn_lif,1,86,41.197281777858734,0.9026666666666666,7.296300292015076,0.8985
snn_lif,1,87,41.61600577831268,0.9018833333333334,7.185174882411957,0.9023
snn_lif,1,88,40.546353220939636,0.9042833333333333,7.376843333244324,0.8933
snn_lif,1,89,40.46581467986107,0.9038666666666667,6.839546397328377,0.9056
snn_lif,1,90,40.96732668578625,0.9044166666666666,6.954572528600693,0.9024
snn_lif,1,91,40.49275724589825,0.90505,7.222876667976379,0.9027
snn_lif,1,92,39.84314484894276,0.9061833333333333,7.2939581125974655,0.8982
snn_lif,1,93,40.162002712488174,0.9065333333333333,7.325551837682724,0.8963
snn_lif,1,94,40.006700828671455,0.9053333333333333,7.491418316960335,0.8935
snn_lif,1,95,39.303870216012,0.9065666666666666,6.876228079199791,0.9001
snn_lif,1,96,39.23822110891342,0.9071166666666667,7.103242561221123,0.8973
snn_lif,1,97,38.968846052885056,0.9079166666666667,7.39950367808342,0.8958
snn_lif,1,98,38.96210750937462,0.90695,6.816748425364494,0.9074
snn_lif,1,99,38.66772024333477,0.9077833333333334,6.881271034479141,0.9026
snn_lif,1,100,39.15901859104633,0.9082333333333333,7.06844487786293,0.9019
snn_lif,1,101,38.72351057827473,0.9081,7.248200386762619,0.8968
snn_lif,1,102,38.05054847896099,0.91015,7.252296432852745,0.8969
snn_lif,1,103,37.690347135066986,0.9103166666666667,7.43355356156826,0.897
snn_lif,1,104,37.69211734831333,0.9113333333333333,6.703022867441177,0.9065
snn_lif,1,105,37.760443449020386,0.9113166666666667,6.720959886908531,0.9016
snn_lif,1,106,37.373082011938095,0.9119833333333334,6.757535770535469,0.9002
snn_lif,1,107,37.645723938941956,0.9114666666666666,6.739442467689514,0.9059
snn_lif,1,108,37.22798950970173,0.91255,6.926849827170372,0.8828
snn_lif,1,109,37.267331913113594,0.912,6.7697466015815735,0.9019
snn_lif,1,110,37.9048924818635,0.9094,6.329609543085098,0.9122
snn_lif,1,111,36.37992496788502,0.9147666666666666,6.3415084928274155,0.909
snn_lif,1,112,36.61737987399101,0.9151666666666667,6.481252938508987,0.9026
snn_lif,1,113,37.283686980605125,0.9135666666666666,6.796782776713371,0.8991
snn_lif,1,114,37.20644123852253,0.9144166666666667,6.659905299544334,0.9072
snn_lif,1,115,36.94185109436512,0.9136833333333333,6.97392925620079,0.8973
snn_lif,1,116,36.90609967708588,0.9132,6.293937981128693,0.908
snn_lif,1,117,36.425708532333374,0.9139333333333334,6.279138222336769,0.9042
snn_lif,1,118,36.1566621363163,0.9157,6.109768509864807,0.9116
snn_lif,1,119,36.063927337527275,0.9161166666666667,6.7038077265024185,0.9038
snn_lif,1,120,35.300130158662796,0.9170666666666667,5.811736479401588,0.9154
snn_lif,1,121,35.81183768808842,0.91655,6.14311982691288,0.909
snn_lif,1,122,35.18872618675232,0.9175,6.6558282524347305,0.9023
snn_lif,1,123,34.75208079814911,0.92045,6.089880488812923,0.913
snn_lif,1,124,35.369156420230865,0.9177333333333333,6.04787003993988,0.9202
snn_lif,1,125,35.14339043200016,0.9175333333333333,6.616071283817291,0.8977
snn_lif,1,126,34.44264614582062,0.9209,6.422125518321991,0.9119
snn_lif,1,127,34.42457331717014,0.9201666666666667,6.110877215862274,0.9115
snn_lif,1,128,34.29817967116833,0.9213333333333333,6.027686223387718,0.9142
snn_lif,1,129,34.678894981741905,0.9200166666666667,6.049545556306839,0.916
snn_lif,1,130,34.720982640981674,0.9192833333333333,5.928223490715027,0.9111
snn_lif,1,131,34.1721398383379,0.9207166666666666,5.978999346494675,0.9178
snn_lif,1,132,34.00656010210514,0.9206833333333333,6.3694304674863815,0.9095
snn_lif,1,133,34.12383256852627,0.9211333333333334,6.1058047115802765,0.9128
snn_lif,1,134,34.39794394373894,0.9197666666666666,6.11010679602623,0.9132
snn_lif,1,135,34.42733968794346,0.9201666666666667,6.191632300615311,0.9146
snn_lif,1,136,33.819910168647766,0.9212666666666667,6.335278034210205,0.9041
snn_lif,1,137,34.563876658678055,0.91995,6.009299635887146,0.9136
snn_lif,1,138,34.33889004588127,0.91995,6.273614510893822,0.9115
snn_lif,1,139,34.694832131266594,0.92005,6.139299228787422,0.9167
snn_lif,1,140,33.4640009701252,0.9225333333333333,6.306110113859177,0.9149
snn_lif,1,141,33.05568045377731,0.9236333333333333,5.817864045500755,0.9169
snn_lif,1,142,32.917823284864426,0.9232833333333333,5.824327707290649,0.9195
snn_lif,1,143,33.319452196359634,0.9221333333333334,6.231366977095604,0.9134
snn_lif,1,144,33.232828095555305,0.9232333333333334,6.264630563557148,0.912
snn_lif,1,145,32.73685711622238,0.9243333333333333,5.94115737080574,0.917
snn_lif,1,146,32.79483996331692,0.9247166666666666,5.776052460074425,0.9176
snn_lif,1,147,33.48775592446327,0.9230333333333334,5.617839068174362,0.9222
snn_lif,1,148,32.86630009114742,0.9239166666666667,5.9822401106357574,0.9131
snn_lif,1,149,32.56377170979977,0.9247666666666666,5.6146625354886055,0.9236
snn_lif,1,150,32.45192889869213,0.9246,5.954189315438271,0.9195
snn_lif,1,151,32.65717622637749,0.9232333333333334,6.165834650397301,0.9111
snn_lif,1,152,33.303074061870575,0.9228833333333334,5.8110426515340805,0.9185
snn_lif,1,153,32.44419676810503,0.92445,5.993326723575592,0.917
snn_lif,1,154,32.71796976029873,0.9256166666666666,5.929247356951237,0.9107
snn_lif,1,155,32.36173693835735,0.9248166666666666,6.2780443131923676,0.9066
snn_lif,1,156,32.84236937761307,0.9238,5.9185561388731,0.9165
snn_lif,1,157,32.07172794640064,0.9264333333333333,6.080166861414909,0.9134
snn_lif,1,158,32.08508080244064,0.9250833333333334,5.685543119907379,0.9225
snn_lif,1,159,32.7190350741148,0.9244333333333333,6.26130411028862,0.9152
snn_lif,1,160,31.048824928700924,0.9275166666666667,5.4912029802799225,0.9211
snn_lif,1,161,31.55854044854641,0.9273166666666667,5.677661806344986,0.9175
snn_lif,1,162,31.67180348932743,0.9281333333333334,6.0917094349861145,0.9202
snn_lif,1,163,31.649676576256752,0.9261666666666667,6.274768576025963,0.9108
snn_lif,1,164,32.04811306297779,0.92535,5.822287604212761,0.9183
snn_lif,1,165,32.11295135319233,0.9258,5.56607523560524,0.9202
snn_lif,1,166,31.87532016634941,0.9254333333333333,5.934851557016373,0.9197
snn_lif,1,167,30.56277695298195,0.9298166666666666,5.565514534711838,0.9197
snn_lif,1,168,30.573580160737038,0.9294,5.564072392880917,0.9247
snn_lif,1,169,31.06981487572193,0.9284833333333333,6.226057931780815,0.9142
snn_lif,1,170,31.525656417012215,0.9257,5.280094414949417,0.9221
snn_lif,1,171,30.946958780288696,0.9294,6.013079434633255,0.9142
snn_lif,1,172,30.366244211792946,0.9307333333333333,5.6833615899086,0.9226
snn_lif,1,173,30.765998423099518,0.9294,5.4890164360404015,0.9223
snn_lif,1,174,31.82444879412651,0.9262666666666667,5.5345355197787285,0.9238
snn_lif,1,175,31.710622027516365,0.9271166666666667,5.318525098264217,0.9275
snn_lif,1,176,30.63314712047577,0.9288333333333333,5.944555677473545,0.9146
snn_lif,1,177,31.047038823366165,0.92665,5.226078271865845,0.9278
snn_lif,1,178,30.32632002234459,0.9304666666666667,5.372608006000519,0.9224
snn_lif,1,179,31.125018388032913,0.9281166666666667,5.611855432391167,0.9244
snn_lif,1,180,30.047007858753204,0.9299166666666666,5.8790051862597466,0.9162
snn_lif,1,181,30.520577549934387,0.9295833333333333,5.630715526640415,0.9203
snn_lif,1,182,30.332210153341293,0.9302666666666667,5.541994124650955,0.9238
snn_lif,1,183,31.136629089713097,0.9271666666666667,5.9838434755802155,0.9225
snn_lif,1,184,30.337105736136436,0.93035,5.577213183045387,0.9213
snn_lif,1,185,30.28495928645134,0.93095,5.3570587411522865,0.9267
snn_lif,1,186,29.78082449734211,0.9322833333333334,5.453591659665108,0.9235
snn_lif,1,187,30.6392829567194,0.9284166666666667,5.6848277151584625,0.9196
snn_lif,1,188,30.55200695991516,0.9299166666666666,6.0543165653944016,0.9158
snn_lif,1,189,29.908254325389862,0.9305833333333333,5.585662759840488,0.9229
snn_lif,1,190,29.783773809671402,0.9305833333333333,5.621493220329285,0.9202
snn_lif,1,191,30.210423454642296,0.9306333333333333,5.548667781054974,0.923
snn_lif,1,192,29.736355870962143,0.9311,6.093111336231232,0.9177
snn_lif,1,193,28.80129437148571,0.9340166666666667,5.478169523179531,0.9246
snn_lif,1,194,29.872954711318016,0.93105,5.589418418705463,0.9238
snn_lif,1,195,29.708566516637802,0.9322666666666667,5.709390677511692,0.9243
snn_lif,1,196,29.524944588541985,0.9322333333333334,5.134983718395233,0.9289
snn_lif,1,197,31.323469907045364,0.9283833333333333,5.512876018881798,0.9255
snn_lif,1,198,30.091844603419304,0.93035,5.476539276540279,0.9182
snn_lif,1,199,31.245734691619873,0.9274166666666667,5.911646068096161,0.924
snn_lif,1,200,29.843825057148933,0.9314,5.377397619187832,0.9305
snn_lif,1,201,28.893844112753868,0.9324666666666667,5.594978131353855,0.9206
snn_lif,1,202,29.5855800062418,0.9306166666666666,5.501538783311844,0.9217
snn_lif,1,203,29.74129283428192,0.93205,6.198605000972748,0.9157
snn_lif,1,204,29.54094886779785,0.9322,5.9848931431770325,0.917
snn_lif,1,205,28.800029933452606,0.9321833333333334,5.295812487602234,0.9295
snn_lif,1,206,28.570831194519997,0.9338666666666666,5.529524177312851,0.923
snn_lif,1,207,29.096533715724945,0.9328166666666666,5.172814793884754,0.9295
snn_lif,1,208,28.918045043945312,0.9338666666666666,5.711436793208122,0.9207
snn_lif,1,209,28.468655452132225,0.93445,5.109883889555931,0.9278
snn_lif,1,210,27.950958095490932,0.9345,5.263066969811916,0.9303
snn_lif,1,211,28.850632034242153,0.9330666666666667,5.054401315748692,0.93
snn_lif,1,212,28.527392745018005,0.9330833333333334,5.524187907576561,0.9251
snn_lif,1,213,27.15730057656765,0.93705,5.988086350262165,0.9203
snn_lif,1,214,29.25210615992546,0.9329,5.383551776409149,0.9282
snn_lif,1,215,28.085552871227264,0.9353166666666667,5.127782940864563,0.9283
snn_lif,1,216,28.496823027729988,0.9339333333333333,5.285200856626034,0.9274
snn_lif,1,217,27.899675965309143,0.9361,5.074112392961979,0.932
snn_lif,1,218,27.030385047197342,0.93685,5.0499329045414925,0.9357
snn_lif,1,219,28.080342188477516,0.9347,5.110673815011978,0.9303
snn_lif,1,220,27.423082917928696,0.9365,5.332436554133892,0.9228
snn_lif,1,221,27.419029220938683,0.93745,5.145344242453575,0.9355
snn_lif,1,222,28.219630539417267,0.9358666666666666,5.3218687772750854,0.9241
snn_lif,1,223,27.256420955061913,0.9362333333333334,5.120346985757351,0.9314
snn_lif,1,224,27.540406480431557,0.9357166666666666,5.364474326372147,0.9254
snn_lif,1,225,27.183870553970337,0.9376333333333333,5.524150736629963,0.9157
snn_lif,1,226,27.602382004261017,0.93545,5.112817764282227,0.9345
snn_lif,1,227,27.725387305021286,0.9356666666666666,5.125145390629768,0.9322
snn_lif,1,228,28.040250197052956,0.9360166666666667,5.555313475430012,0.9239
snn_lif,1,229,27.835871160030365,0.9347166666666666,5.1825650334358215,0.9303
snn_lif,1,230,26.58772774040699,0.9390833333333334,5.116645283997059,0.935
snn_lif,1,231,27.60580249130726,0.9364,5.072631262242794,0.9347
snn_lif,1,232,26.10470612347126,0.94075,5.24051932990551,0.9266
snn_lif,1,233,27.080318301916122,0.9373,4.868494503200054,0.9333
snn_lif,1,234,27.570949852466583,0.9366166666666667,5.100118957459927,0.9329
snn_lif,1,235,26.70884707570076,0.9391833333333334,5.102107368409634,0.9334
snn_lif,1,236,26.993759885430336,0.9379166666666666,5.240999609231949,0.9306
snn_lif,1,237,26.855209633708,0.93805,4.732363522052765,0.9337
snn_lif,1,238,26.713600993156433,0.9377833333333333,5.194263368844986,0.929
snn_lif,1,239,25.728072583675385,0.9404333333333333,4.8048142194747925,0.9325
snn_lif,1,240,26.360572576522827,0.9397,5.267811305820942,0.9313
snn_lif,1,241,26.69217013567686,0.9387333333333333,4.790514908730984,0.9345
snn_lif,1,242,26.01761581003666,0.9404,5.299167439341545,0.9289
snn_lif,1,243,26.877319380640984,0.93755,5.066996805369854,0.9303
snn_lif,1,244,26.625520914793015,0.9374833333333333,5.352181628346443,0.9316
snn_lif,1,245,28.30372078716755,0.9345666666666667,5.561310723423958,0.9291
snn_lif,1,246,27.53401267528534,0.9369333333333333,4.957474462687969,0.9311
snn_lif,1,247,26.486030712723732,0.93815,5.04418408870697,0.9288
snn_lif,1,248,26.49004490673542,0.9389166666666666,5.096655875444412,0.929
snn_lif,1,249,26.827315911650658,0.9374833333333333,4.960105210542679,0.9349
snn_lif,1,250,25.280183747410774,0.94135,5.191535606980324,0.9303
snn_lif,1,251,25.453884974122047,0.9415166666666667,5.770722456276417,0.9173
snn_lif,1,252,26.10367478430271,0.9397,4.7762409299612045,0.9331
snn_lif,1,253,25.491121619939804,0.9400166666666666,4.547751344740391,0.9381
snn_lif,1,254,25.681036412715912,0.9405166666666667,4.525364242494106,0.9385
snn_lif,1,255,25.269547060132027,0.9419,4.837467983365059,0.9347
snn_lif,1,256,25.654049895703793,0.9402666666666667,4.64736994355917,0.9347
snn_lif,1,257,25.15529952943325,0.9413166666666667,5.335410326719284,0.9303
snn_lif,1,258,26.264294996857643,0.9392166666666667,5.3617276176810265,0.9212
snn_lif,1,259,25.499783113598824,0.9424166666666667,4.781152002513409,0.934
snn_lif,1,260,25.65714843571186,0.9410166666666666,4.922276139259338,0.9313
snn_lif,1,261,25.181394025683403,0.94125,5.071519583463669,0.9311
snn_lif,1,262,25.359603941440582,0.941,4.8490694016218185,0.9379
snn_lif,1,263,26.569041222333908,0.9376166666666667,5.603662773966789,0.9201
snn_lif,1,264,25.429376132786274,0.94145,5.078145869076252,0.9289
snn_lif,1,265,25.987656757235527,0.9398333333333333,6.079823836684227,0.9136
snn_lif,1,266,26.01822966337204,0.9406666666666667,5.429228477180004,0.9192
snn_lif,1,267,25.250753968954086,0.9417833333333333,4.763464562594891,0.938
snn_lif,1,268,25.360412657260895,0.9418333333333333,4.791666857898235,0.9347
snn_lif,1,269,26.242924600839615,0.9395333333333333,4.784755222499371,0.9369
snn_lif,1,270,25.66236835718155,0.9414833333333333,4.826855763792992,0.9324
snn_lif,1,271,26.14931410551071,0.9398,4.980489432811737,0.9355
snn_lif,1,272,24.62276303768158,0.9429666666666666,5.120297774672508,0.9259
snn_lif,1,273,25.848147481679916,0.9404833333333333,4.884652718901634,0.9346
snn_lif,1,274,26.327388986945152,0.9383833333333333,5.208181656897068,0.9308
snn_lif,1,275,25.620562970638275,0.9411,4.783117525279522,0.9353
snn_lif,1,276,25.231856733560562,0.9422166666666667,4.9054169729352,0.9303
snn_lif,1,277,25.351442135870457,0.9418,5.639219857752323,0.9235
snn_lif,1,278,25.177728205919266,0.941,5.052488416433334,0.9296
snn_lif,1,279,24.902807638049126,0.9432833333333334,5.004244931042194,0.9304
snn_lif,1,280,24.543311670422554,0.9427166666666666,4.973909348249435,0.9322
snn_lif,1,281,25.118023805320263,0.9411833333333334,5.123035185039043,0.9303
snn_lif,1,282,25.680902034044266,0.9410833333333334,4.983363188803196,0.931
snn_lif,1,283,25.12947206199169,0.9411,4.7584619373083115,0.934
snn_lif,1,284,25.16786155104637,0.9421166666666667,5.767383933067322,0.9237
snn_lif,1,285,24.55728954076767,0.9428333333333333,4.777912765741348,0.9361
snn_lif,1,286,24.4236159324646,0.9434666666666667,4.5669321194291115,0.94
snn_lif,1,287,25.08692465722561,0.94265,5.013595849275589,0.9313
snn_lif,1,288,25.028056353330612,0.9426166666666667,4.636772818863392,0.935
snn_lif,1,289,25.29535534977913,0.9410333333333334,5.319204360246658,0.9269
snn_lif,1,290,24.54809859395027,0.94375,4.841527201235294,0.9339
snn_lif,1,291,25.381801530718803,0.94155,4.670107766985893,0.9343
snn_lif,1,292,24.533558189868927,0.9441333333333334,4.853806279599667,0.9352
snn_lif,1,293,25.190185472369194,0.9418666666666666,5.513508051633835,0.9223
snn_lif,1,294,24.550164878368378,0.94345,4.746330097317696,0.9318
snn_lif,1,295,24.664123713970184,0.9431166666666667,4.677045114338398,0.9325
snn_lif,1,296,24.80374565720558,0.9438833333333333,4.695276781916618,0.9371
snn_lif,1,297,24.124792337417603,0.9452666666666667,4.8952944949269295,0.932
snn_lif,1,298,24.755489483475685,0.9432666666666667,4.695270337164402,0.9327
snn_lif,1,299,24.12011742591858,0.9446333333333333,4.723246365785599,0.9341
snn_lif,1,300,23.60313906520605,0.9448833333333333,4.475630514323711,0.9399
snn_lif,2,1,256.7425836324692,0.17683333333333334,40.270466446876526,0.2338
snn_lif,2,2,230.99621152877808,0.2715666666666667,37.638235449790955,0.3095
snn_lif,2,3,214.07044923305511,0.3118166666666667,34.74949359893799,0.3318
snn_lif,2,4,202.10108292102814,0.3363833333333333,32.839388847351074,0.3643
snn_lif,2,5,190.74502527713776,0.3682,31.649823904037476,0.3742
snn_lif,2,6,183.62091886997223,0.3874,30.41557514667511,0.4102
snn_lif,2,7,176.37194764614105,0.42716666666666664,29.433055520057678,0.4157
snn_lif,2,8,169.77361953258514,0.46155,29.233922243118286,0.4378
snn_lif,2,9,163.66710221767426,0.4877,26.889668107032776,0.4958
snn_lif,2,10,154.56136298179626,0.5174833333333333,27.176215529441833,0.4957
snn_lif,2,11,144.45404982566833,0.5446166666666666,23.812062978744507,0.5393
snn_lif,2,12,138.00941932201385,0.5638666666666666,22.84259980916977,0.5695
snn_lif,2,13,133.16038370132446,0.5757333333333333,22.17466562986374,0.5768
snn_lif,2,14,129.5864002108574,0.5865666666666667,21.77485501766205,0.5907
snn_lif,2,15,126.64449441432953,0.6067833333333333,21.058509290218353,0.6135
snn_lif,2,16,123.400887966156,0.6216,23.024779319763184,0.5744
snn_lif,2,17,122.93342554569244,0.6293166666666666,21.30693280696869,0.6111
snn_lif,2,18,119.74129158258438,0.6510333333333334,19.882407009601593,0.6503
snn_lif,2,19,116.75712788105011,0.6619666666666667,20.05991095304489,0.6734
snn_lif,2,20,114.15085160732269,0.6764,19.334352850914,0.6516
snn_lif,2,21,112.57964277267456,0.6860666666666667,19.045347929000854,0.7006
snn_lif,2,22,108.3238297700882,0.70415,17.53733056783676,0.7119
snn_lif,2,23,105.89762234687805,0.7130833333333333,17.531627476215363,0.7032
snn_lif,2,24,104.16403657197952,0.71495,19.194401264190674,0.708
snn_lif,2,25,102.83515161275864,0.7234166666666667,17.746072113513947,0.7079
snn_lif,2,26,100.33297163248062,0.7369666666666667,16.683341324329376,0.7116
snn_lif,2,27,96.44896531105042,0.74645,16.363002002239227,0.7225
snn_lif,2,28,92.0111625790596,0.76455,15.023916840553284,0.7463
snn_lif,2,29,89.79016065597534,0.7718666666666667,14.577382266521454,0.766
snn_lif,2,30,88.14019280672073,0.7744166666666666,14.440810799598694,0.7749
snn_lif,2,31,85.60686659812927,0.7813833333333333,13.883976012468338,0.7912
snn_lif,2,32,83.64626133441925,0.78545,14.102245688438416,0.7759
snn_lif,2,33,83.75137758255005,0.7871333333333334,14.378334075212479,0.767
snn_lif,2,34,82.12366962432861,0.79245,13.499296873807907,0.794
snn_lif,2,35,81.37433502078056,0.7926833333333333,13.004436492919922,0.7911
snn_lif,2,36,77.98403114080429,0.8018333333333333,13.990124940872192,0.7686
snn_lif,2,37,80.04171842336655,0.7969166666666667,13.345640122890472,0.7896
snn_lif,2,38,78.64005875587463,0.8024166666666667,13.003165602684021,0.8104
snn_lif,2,39,78.65093499422073,0.8035166666666667,12.612349420785904,0.8155
snn_lif,2,40,76.78552317619324,0.8075333333333333,12.98283338546753,0.8058
snn_lif,2,41,76.36003696918488,0.8099,14.494709491729736,0.7581
snn_lif,2,42,76.20188093185425,0.8094666666666667,13.872303187847137,0.7703
snn_lif,2,43,73.96446812152863,0.817,11.863760530948639,0.8114
snn_lif,2,44,74.52709192037582,0.8153,12.627207100391388,0.8002
snn_lif,2,45,71.38751554489136,0.8232666666666667,12.431546300649643,0.8115
snn_lif,2,46,72.13114860653877,0.8222666666666667,12.236723572015762,0.8075
snn_lif,2,47,71.82016867399216,0.8225666666666667,12.494481921195984,0.8154
snn_lif,2,48,71.60742673277855,0.8216,12.897268921136856,0.8135
snn_lif,2,49,70.11849370598793,0.8258666666666666,12.044598788022995,0.8283
snn_lif,2,50,70.78325834870338,0.8246,11.925390720367432,0.8281
snn_lif,2,51,68.42891776561737,0.8327666666666667,11.95962369441986,0.8045
snn_lif,2,52,68.50907653570175,0.8306,12.555184423923492,0.7907
snn_lif,2,53,69.27136000990868,0.8283166666666667,11.521424114704132,0.8191
snn_lif,2,54,68.30404883623123,0.8318166666666666,11.051015615463257,0.8221
snn_lif,2,55,68.28018167614937,0.8305666666666667,11.725377440452576,0.8249
snn_lif,2,56,66.79629600048065,0.8356833333333333,11.481407195329666,0.8164
snn_lif,2,57,67.67494720220566,0.8317666666666667,11.57824158668518,0.8159
snn_lif,2,58,65.74778321385384,0.8366333333333333,11.655128329992294,0.8247
snn_lif,2,59,66.37677726149559,0.8365333333333334,11.017927706241608,0.8314
snn_lif,2,60,64.22140774130821,0.8436,11.350434929132462,0.824
snn_lif,2,61,64.91693684458733,0.8405166666666667,10.781588345766068,0.8331
snn_lif,2,62,63.36723929643631,0.8447333333333333,10.683692783117294,0.8463
snn_lif,2,63,63.18703559041023,0.8459166666666667,10.520436376333237,0.8388
snn_lif,2,64,64.56126525998116,0.8418166666666667,11.811804413795471,0.8161
snn_lif,2,65,64.28030225634575,0.8414833333333334,10.831735402345657,0.8369
snn_lif,2,66,63.07686960697174,0.8432666666666667,11.159025430679321,0.8406
snn_lif,2,67,63.515372693538666,0.841,9.962759286165237,0.8405
snn_lif,2,68,63.1332428753376,0.8429833333333333,10.427592933177948,0.842
snn_lif,2,69,61.93570592999458,0.8488166666666667,11.00133490562439,0.8368
snn_lif,2,70,62.03639790415764,0.8477333333333333,11.00666743516922,0.8194
snn_lif,2,71,61.27186927199364,0.84825,10.204273641109467,0.8446
snn_lif,2,72,61.41701120138168,0.84935,10.400702863931656,0.8405
snn_lif,2,73,60.117623299360275,0.8524,10.361237436532974,0.8429
snn_lif,2,74,60.17209193110466,0.8538333333333333,10.515714049339294,0.8522
snn_lif,2,75,60.2415471971035,0.8515333333333334,10.606922417879105,0.8274
snn_lif,2,76,58.81376492977142,0.85335,10.211091369390488,0.8353
snn_lif,2,77,58.17369657754898,0.8566833333333334,10.299306690692902,0.8471
snn_lif,2,78,60.245901852846146,0.85025,10.577609300613403,0.8512
snn_lif,2,79,58.57764849066734,0.8587166666666667,10.383052498102188,0.8353
snn_lif,2,80,58.441850781440735,0.85835,10.302520751953125,0.8386
snn_lif,2,81,59.52164962887764,0.8537666666666667,10.699291169643402,0.8273
snn_lif,2,82,57.79989284276962,0.8593833333333334,10.437331765890121,0.8454
snn_lif,2,83,57.673040837049484,0.8605666666666667,10.481081426143646,0.8409
snn_lif,2,84,56.32267114520073,0.8626166666666667,10.22004571557045,0.8455
snn_lif,2,85,56.98228368163109,0.8607666666666667,10.841471046209335,0.839
snn_lif,2,86,56.7150773704052,0.86125,9.72910875082016,0.8506
snn_lif,2,87,55.92797860503197,0.86255,9.640626788139343,0.863
snn_lif,2,88,54.54572436213493,0.8671166666666666,10.13890728354454,0.8436
snn_lif,2,89,55.22201004624367,0.8662166666666666,9.687834113836288,0.8557
snn_lif,2,90,54.76422503590584,0.8658833333333333,9.357705682516098,0.8597
snn_lif,2,91,55.5885668694973,0.8624666666666667,10.1921965777874,0.8501
snn_lif,2,92,55.860598772764206,0.8624833333333334,9.421223998069763,0.8462
snn_lif,2,93,55.39206853508949,0.8658666666666667,9.587836861610413,0.8577
snn_lif,2,94,53.990316689014435,0.8669166666666667,9.305832266807556,0.8669
snn_lif,2,95,54.30325871706009,0.8665333333333334,9.005499958992004,0.8646
snn_lif,2,96,52.76921245455742,0.8705833333333334,9.72645378112793,0.8575
snn_lif,2,97,53.156268775463104,0.8700833333333333,9.540189057588577,0.8601
snn_lif,2,98,58.595434457063675,0.8566666666666667,9.3671156167984,0.864
snn_lif,2,99,54.62880754470825,0.8671833333333333,10.05243095755577,0.8406
snn_lif,2,100,53.86879426240921,0.86805,9.002790182828903,0.8679
snn_lif,2,101,54.78729522228241,0.8673833333333333,12.098319172859192,0.831
snn_lif,2,102,54.28009954094887,0.86655,9.844069451093674,0.8479
snn_lif,2,103,53.460175067186356,0.8700166666666667,9.005030661821365,0.8619
snn_lif,2,104,53.08490991592407,0.86925,9.44005686044693,0.8684
snn_lif,2,105,51.97813123464584,0.8733833333333333,8.986830979585648,0.8651
snn_lif,2,106,51.59954151511192,0.87615,9.005266636610031,0.8654
snn_lif,2,107,50.956239491701126,0.8754833333333333,8.888519644737244,0.8729
snn_lif,2,108,50.92577439546585,0.8757,9.08778578042984,0.8711
snn_lif,2,109,49.46675479412079,0.8799833333333333,8.560093700885773,0.8704
snn_lif,2,110,50.98444101214409,0.8760833333333333,9.229413211345673,0.8653
snn_lif,2,111,49.888179898262024,0.8796833333333334,9.471592634916306,0.8355
snn_lif,2,112,50.976207196712494,0.8763666666666666,9.984032779932022,0.8582
snn_lif,2,113,50.519722670316696,0.8773833333333333,8.607669234275818,0.8828
snn_lif,2,114,51.701597169041634,0.87455,9.099033385515213,0.8707
snn_lif,2,115,49.403862208127975,0.88035,8.40876917541027,0.8694
snn_lif,2,116,47.839447021484375,0.88435,8.743206948041916,0.8743
snn_lif,2,117,48.090667605400085,0.8841833333333333,9.029823273420334,0.8751
snn_lif,2,118,49.32647782564163,0.88055,9.119753748178482,0.8647
snn_lif,2,119,47.47444203495979,0.88475,9.370839953422546,0.8513
snn_lif,2,120,47.06479609012604,0.8860333333333333,8.819250732660294,0.8734
snn_lif,2,121,48.04892188310623,0.8834,8.710198357701302,0.8796
snn_lif,2,122,47.84516116976738,0.8852833333333333,8.664987310767174,0.8574
snn_lif,2,123,47.42874240875244,0.8859,9.40853002667427,0.8514
snn_lif,2,124,46.95233100652695,0.88815,8.443810284137726,0.8695
snn_lif,2,125,46.94540378451347,0.8876,8.444383919239044,0.8844
snn_lif,2,126,48.02136933803558,0.8836833333333334,9.314097285270691,0.8591
snn_lif,2,127,45.5151486992836,0.8921333333333333,7.856557115912437,0.8903
snn_lif,2,128,45.884732246398926,0.8906333333333334,8.225528866052628,0.8696
snn_lif,2,129,45.04519121348858,0.89175,8.123918190598488,0.8692
snn_lif,2,130,45.45890372991562,0.8916166666666666,8.130835056304932,0.8876
snn_lif,2,131,44.73635646700859,0.8934833333333333,8.517455011606216,0.8772
snn_lif,2,132,45.28500008583069,0.8915833333333333,8.453110367059708,0.8615
snn_lif,2,133,44.57690665125847,0.8927333333333334,8.186771899461746,0.8835
snn_lif,2,134,44.08423122763634,0.89495,7.529613897204399,0.8907
snn_lif,2,135,43.4975104033947,0.8952666666666667,7.981880605220795,0.8893
snn_lif,2,136,45.03230571746826,0.8912,7.9109218418598175,0.8785
snn_lif,2,137,44.250920474529266,0.8911166666666667,8.034881055355072,0.891
snn_lif,2,138,43.30299225449562,0.8953666666666666,7.686713591217995,0.8834
snn_lif,2,139,43.221758514642715,0.8954333333333333,7.727338016033173,0.8765
snn_lif,2,140,43.3564071059227,0.8961333333333333,7.380908489227295,0.8895
snn_lif,2,141,42.96777801215649,0.89715,7.518224135041237,0.8895
snn_lif,2,142,41.869466468691826,0.8991666666666667,7.992477089166641,0.8839
snn_lif,2,143,43.175093710422516,0.8959833333333334,7.780027359724045,0.8906
snn_lif,2,144,44.12889313697815,0.89275,8.42064344882965,0.8638
snn_lif,2,145,43.2102989256382,0.8956333333333333,7.315696820616722,0.887
snn_lif,2,146,41.94629029929638,0.8995,7.395475536584854,0.8868
snn_lif,2,147,40.94598713517189,0.9025166666666666,7.627718135714531,0.8809
snn_lif,2,148,41.22444313764572,0.9023,7.583504408597946,0.8863
snn_lif,2,149,42.077620431780815,0.8979666666666667,7.495379313826561,0.8794
snn_lif,2,150,41.15756568312645,0.9014333333333333,6.867321103811264,0.8954
snn_lif,2,151,42.11541947722435,0.8994666666666666,7.278092414140701,0.889
snn_lif,2,152,41.484469681978226,0.9005,7.225494012236595,0.8917
snn_lif,2,153,40.06397494673729,0.9035,7.983100771903992,0.8632
snn_lif,2,154,40.564444199204445,0.90275,7.662651613354683,0.8881
snn_lif,2,155,40.625070348381996,0.9042833333333333,7.8819249123334885,0.8919
snn_lif,2,156,40.66205242276192,0.9021333333333333,7.1122549176216125,0.8959
snn_lif,2,157,40.01777367293835,0.9039833333333334,7.210317954421043,0.8975
snn_lif,2,158,39.51783263683319,0.90655,6.651466503739357,0.8935
snn_lif,2,159,41.0214561522007,0.9019,6.958850085735321,0.8887
snn_lif,2,160,39.229551777243614,0.9068,6.989515885710716,0.8925
snn_lif,2,161,39.423976108431816,0.9058166666666667,7.402487441897392,0.8924
snn_lif,2,162,39.3379043340683,0.9058,7.266977906227112,0.8947
snn_lif,2,163,39.58439522981644,0.9043666666666667,6.889869257807732,0.9027
snn_lif,2,164,38.304269909858704,0.9087666666666666,7.105253502726555,0.8969
snn_lif,2,165,38.41407586634159,0.9081666666666667,6.988156482577324,0.8982
snn_lif,2,166,38.822442442178726,0.9068166666666667,7.351523444056511,0.8951
snn_lif,2,167,39.399287045001984,0.9059666666666667,7.368170201778412,0.8878
snn_lif,2,168,38.61189989745617,0.9088666666666667,7.43645840883255,0.8918
snn_lif,2,169,37.711426734924316,0.9106333333333333,6.947806537151337,0.8956
snn_lif,2,170,38.65762622654438,0.9089,7.328267574310303,0.888
snn_lif,2,171,37.17977686226368,0.9122833333333333,6.727056503295898,0.9022
snn_lif,2,172,37.85882106423378,0.9109,6.858952030539513,0.9043
snn_lif,2,173,37.93182697892189,0.9113333333333333,6.601523965597153,0.8956
snn_lif,2,174,37.676311895251274,0.9108166666666667,6.880336582660675,0.8854
snn_lif,2,175,37.184673458337784,0.9125,7.8012561947107315,0.8881
snn_lif,2,176,37.75793857872486,0.9110666666666667,7.840285703539848,0.8738
snn_lif,2,177,36.73710796236992,0.9122166666666667,6.853352800011635,0.8996
snn_lif,2,178,37.82255816459656,0.9098333333333334,6.759825587272644,0.905
snn_lif,2,179,36.7094362527132,0.91165,6.657882168889046,0.902
snn_lif,2,180,37.14709185063839,0.9112666666666667,6.886329188942909,0.9077
snn_lif,2,181,36.444193199276924,0.9136666666666666,6.718889683485031,0.9037
snn_lif,2,182,36.53886742889881,0.9136,7.194972187280655,0.8847
snn_lif,2,183,37.66511890292168,0.9099833333333334,6.648478865623474,0.9056
snn_lif,2,184,35.862063869833946,0.9150833333333334,6.7637892216444016,0.8898
snn_lif,2,185,36.74637919664383,0.9143833333333333,6.324793219566345,0.909
snn_lif,2,186,35.383676290512085,0.9176666666666666,6.721957102417946,0.9053
snn_lif,2,187,36.06703454256058,0.91495,6.810268893837929,0.8963
snn_lif,2,188,36.00940991938114,0.9141333333333334,6.333411201834679,0.9013
snn_lif,2,189,36.04972445964813,0.9141666666666667,7.090039417147636,0.8932
snn_lif,2,190,35.40099696815014,0.9158666666666667,6.395211070775986,0.9089
snn_lif,2,191,34.589415207505226,0.9183833333333333,6.294373199343681,0.907
snn_lif,2,192,34.898455023765564,0.9174833333333333,6.34976914525032,0.9069
snn_lif,2,193,35.108294278383255,0.9178,6.6332754492759705,0.9014
snn_lif,2,194,35.123130425810814,0.9172,6.295624732971191,0.9086
snn_lif,2,195,35.606621116399765,0.9149833333333334,6.7085108906030655,0.8881
snn_lif,2,196,35.72176703810692,0.91605,6.277452886104584,0.9078
snn_lif,2,197,34.458007261157036,0.9182833333333333,6.525173217058182,0.8985
snn_lif,2,198,34.88397866487503,0.9175166666666666,6.265038296580315,0.9045
snn_lif,2,199,33.823330625891685,0.9203833333333333,6.344165921211243,0.8983
snn_lif,2,200,35.265611201524734,0.91815,6.493799939751625,0.9066
snn_lif,2,201,34.795541405677795,0.9190666666666667,6.560965567827225,0.9057
snn_lif,2,202,34.46464715898037,0.9185666666666666,6.807470947504044,0.8972
snn_lif,2,203,36.22615058720112,0.9151666666666667,6.182228267192841,0.9118
snn_lif,2,204,34.0250031799078,0.9201333333333334,6.868327721953392,0.8897
snn_lif,2,205,35.01677072048187,0.9166833333333333,6.174605011940002,0.9072
snn_lif,2,206,33.637202858924866,0.9205833333333333,6.434387877583504,0.9019
snn_lif,2,207,34.55218629539013,0.9183166666666667,6.206556499004364,0.9072
snn_lif,2,208,34.65321081876755,0.9196,6.637209087610245,0.8973
snn_lif,2,209,34.90027843415737,0.9179,6.068906843662262,0.9108
snn_lif,2,210,33.267346024513245,0.9217,6.184572279453278,0.9127
snn_lif,2,211,33.27034808695316,0.9204666666666667,6.270145446062088,0.9125
snn_lif,2,212,33.38244815170765,0.92215,6.115591034293175,0.9084
snn_lif,2,213,32.793218061327934,0.92235,5.958885803818703,0.9092
snn_lif,2,214,33.17331916093826,0.9222166666666667,6.285492867231369,0.9085
snn_lif,2,215,33.18702186644077,0.9222833333333333,6.336921900510788,0.9067
snn_lif,2,216,32.80603763461113,0.9227,6.42221637070179,0.9079
snn_lif,2,217,33.87168926000595,0.9196333333333333,6.051300719380379,0.9122
snn_lif,2,218,33.22469091415405,0.9225666666666666,5.956628501415253,0.9115
snn_lif,2,219,33.06424169242382,0.9228166666666666,6.541487514972687,0.8865
snn_lif,2,220,32.51201914250851,0.9222333333333333,6.078054383397102,0.9118
snn_lif,2,221,32.30019637942314,0.92475,6.27423283457756,0.903
snn_lif,2,222,33.84462447464466,0.9199166666666667,5.979261443018913,0.9117
snn_lif,2,223,32.61908407509327,0.9235,5.8580233454704285,0.909
snn_lif,2,224,32.50381228327751,0.92355,6.27462700009346,0.9103
snn_lif,2,225,33.02639465034008,0.9217833333333333,6.225029468536377,0.8979
snn_lif,2,226,32.30167654156685,0.9223666666666667,6.206227138638496,0.9047
snn_lif,2,227,31.76042667031288,0.9250166666666667,5.92128723859787,0.9112
snn_lif,2,228,31.583989799022675,0.92545,5.633062243461609,0.9174
snn_lif,2,229,32.15493416786194,0.9242833333333333,6.5489301681518555,0.8921
snn_lif,2,230,32.53215549886227,0.9236833333333333,5.8728524297475815,0.9177
snn_lif,2,231,32.6565583050251,0.9233833333333333,6.113531187176704,0.9159
snn_lif,2,232,32.430654138326645,0.9235333333333333,5.945315048098564,0.9055
snn_lif,2,233,32.35861071944237,0.92485,6.371197521686554,0.9096
snn_lif,2,234,32.01098309457302,0.9240833333333334,6.029505237936974,0.9085
snn_lif,2,235,31.363460078835487,0.92675,6.0223448276519775,0.9118
snn_lif,2,236,31.495899826288223,0.9266666666666666,5.985942512750626,0.9166
snn_lif,2,237,31.340002954006195,0.9257,5.637913249433041,0.9152
snn_lif,2,238,31.186020761728287,0.9265166666666667,6.099775552749634,0.9148
snn_lif,2,239,32.3201450407505,0.9235666666666666,6.291722059249878,0.8957
snn_lif,2,240,31.540704384446144,0.9252,5.940008923411369,0.9073
snn_lif,2,241,32.12671175599098,0.9244333333333333,6.025994390249252,0.9123
snn_lif,2,242,31.564659163355827,0.926,6.226014330983162,0.9021
snn_lif,2,243,31.857472494244576,0.9251166666666667,6.0793322920799255,0.9151
snn_lif,2,244,32.19107785820961,0.9243333333333333,5.883463054895401,0.9083
snn_lif,2,245,31.657684892416,0.92535,6.4556994289159775,0.9033
snn_lif,2,246,31.376369893550873,0.9263666666666667,5.991068869829178,0.9104
snn_lif,2,247,31.367622017860413,0.9266833333333333,6.03308430314064,0.9152
snn_lif,2,248,30.57871602475643,0.9282666666666667,5.95812913775444,0.9066
snn_lif,2,249,30.687469333410263,0.9272833333333333,5.634458407759666,0.9069
snn_lif,2,250,30.15675400197506,0.92885,5.784751236438751,0.9117
snn_lif,2,251,30.775495409965515,0.9282,5.408474087715149,0.9197
snn_lif,2,252,31.013062119483948,0.9270333333333334,5.593097537755966,0.916
snn_lif,2,253,30.931573525071144,0.9272333333333334,6.007278949022293,0.9206
snn_lif,2,254,31.2336528301239,0.9263166666666667,6.014701753854752,0.9112
snn_lif,2,255,29.882410287857056,0.93005,5.569104298949242,0.9176
snn_lif,2,256,31.07961881160736,0.9265166666666667,5.856146857142448,0.9182
snn_lif,2,257,30.85354334115982,0.9271833333333334,5.8684917986392975,0.9173
snn_lif,2,258,30.514074489474297,0.9277166666666666,5.662478193640709,0.9201
snn_lif,2,259,29.951677411794662,0.9295833333333333,5.822704300284386,0.9136
snn_lif,2,260,29.958618625998497,0.9284833333333333,5.544499531388283,0.9115
snn_lif,2,261,30.10733763873577,0.9295166666666667,5.904045015573502,0.9152
snn_lif,2,262,30.892277002334595,0.9267,5.454484894871712,0.9186
snn_lif,2,263,29.65471212565899,0.9292333333333334,6.1567981988191605,0.8987
snn_lif,2,264,31.314338341355324,0.9254333333333333,6.100860878825188,0.9094
snn_lif,2,265,30.310065895318985,0.9292666666666667,5.581079363822937,0.9199
snn_lif,2,266,29.460091143846512,0.93,5.858458906412125,0.9177
snn_lif,2,267,29.700236335396767,0.9296,5.518082797527313,0.9212
snn_lif,2,268,29.413867309689522,0.9292833333333334,5.604547619819641,0.9198
snn_lif,2,269,29.458735466003418,0.93005,5.706580370664597,0.9208
snn_lif,2,270,29.3810712993145,0.93015,5.91962394118309,0.9089
snn_lif,2,271,30.027804881334305,0.9295333333333333,5.810544461011887,0.9134
snn_lif,2,272,29.794162705540657,0.9294833333333333,6.144518628716469,0.9044
snn_lif,2,273,30.447475627064705,0.9278166666666666,5.650946199893951,0.922
snn_lif,2,274,28.823845401406288,0.9325666666666667,5.555838629603386,0.9172
snn_lif,2,275,29.438505798578262,0.9310333333333334,5.6809108555316925,0.9141
snn_lif,2,276,28.79664182662964,0.9320833333333334,5.68834613263607,0.9206
snn_lif,2,277,29.166596710681915,0.9310833333333334,5.533159591257572,0.9194
snn_lif,2,278,28.95892082154751,0.93155,5.553607761859894,0.9278
snn_lif,2,279,28.982229381799698,0.9314833333333333,5.595935106277466,0.9176
snn_lif,2,280,29.801682755351067,0.92965,5.770778641104698,0.9089
snn_lif,2,281,29.045535698533058,0.9318666666666666,5.668106764554977,0.9174
snn_lif,2,282,29.908303752541542,0.92945,5.380685329437256,0.9221
snn_lif,2,283,28.13019785284996,0.9335166666666667,5.393516927957535,0.9176
snn_lif,2,284,27.915769025683403,0.9343166666666667,5.530646249651909,0.9233
snn_lif,2,285,28.512568295001984,0.93225,5.996998503804207,0.906
snn_lif,2,286,29.20463003218174,0.9309,5.771265923976898,0.9192
snn_lif,2,287,28.641280695796013,0.9320166666666667,5.584811866283417,0.9109
snn_lif,2,288,29.297434642910957,0.9309,5.3781279399991035,0.9185
snn_lif,2,289,28.92591844499111,0.9312833333333334,5.195267140865326,0.9204
snn_lif,2,290,28.73882120847702,0.9326,5.834112256765366,0.9216
snn_lif,2,291,29.305130571126938,0.9301666666666667,5.309677749872208,0.9252
snn_lif,2,292,28.68000240623951,0.9326833333333333,5.534447580575943,0.9188
snn_lif,2,293,29.12621672451496,0.9311,5.560005277395248,0.9143
snn_lif,2,294,28.445655792951584,0.9338833333333333,5.121379986405373,0.9253
snn_lif,2,295,27.79362215101719,0.9340666666666667,5.455049812793732,0.9202
snn_lif,2,296,28.0787436068058,0.9342666666666667,5.566881529986858,0.9154
snn_lif,2,297,27.58183367550373,0.9347833333333333,5.9240351766347885,0.9209
snn_lif,2,298,28.26562112569809,0.9330833333333334,5.335069328546524,0.9253
snn_lif,2,299,28.372352942824364,0.93255,5.674724027514458,0.9199
snn_lif,2,300,27.73422746360302,0.9344,5.653531044721603,0.9196
snn_lif,3,1,261.0431296825409,0.17493333333333333,41.19262766838074,0.1976
snn_lif,3,2,231.87816631793976,0.26305,37.74913668632507,0.2655
snn_lif,3,3,219.2910692691803,0.3095833333333333,36.17589628696442,0.3344
snn_lif,3,4,209.44569182395935,0.34575,34.45518171787262,0.3349
snn_lif,3,5,196.09156227111816,0.4014333333333333,31.833986520767212,0.4106
snn_lif,3,6,184.2818363904953,0.4424666666666667,30.018245220184326,0.4239
snn_lif,3,7,169.9580681324005,0.49978333333333336,27.83041226863861,0.4643
snn_lif,3,8,157.09511125087738,0.5461666666666667,25.130473256111145,0.5575
snn_lif,3,9,146.1836805343628,0.5789833333333333,23.573128819465637,0.5685
snn_lif,3,10,136.5019998550415,0.6074833333333334,21.90598487854004,0.6366
snn_lif,3,11,126.80537194013596,0.6334666666666666,20.712341785430908,0.6489
snn_lif,3,12,120.73275530338287,0.6537333333333334,19.59551304578781,0.6753
snn_lif,3,13,114.85924971103668,0.6631,19.05036050081253,0.6816
snn_lif,3,14,111.03625428676605,0.6724166666666667,18.381727814674377,0.6958
snn_lif,3,15,105.1313910484314,0.69125,17.307204842567444,0.7244
snn_lif,3,16,104.17849296331406,0.70045,18.416887998580933,0.7045
snn_lif,3,17,101.94649744033813,0.7093,16.956559479236603,0.7098
snn_lif,3,18,99.5232218503952,0.71535,17.051941871643066,0.7072
snn_lif,3,19,98.36678230762482,0.7197,15.863395929336548,0.7356
snn_lif,3,20,96.81444835662842,0.7233833333333334,16.52967017889023,0.7257
snn_lif,3,21,94.7968310713768,0.73005,15.489601075649261,0.7459
snn_lif,3,22,93.30017083883286,0.7342833333333333,16.004770755767822,0.7253
snn_lif,3,23,91.56429916620255,0.7409833333333333,15.516872704029083,0.7324
snn_lif,3,24,90.7478888630867,0.74155,15.061866521835327,0.7449
snn_lif,3,25,89.50437498092651,0.7460333333333333,15.067711651325226,0.7489
snn_lif,3,26,87.48576039075851,0.7538166666666667,14.21679425239563,0.7747
snn_lif,3,27,83.54364222288132,0.7654333333333333,14.085475265979767,0.7625
snn_lif,3,28,82.76408439874649,0.76985,14.718013048171997,0.7452
snn_lif,3,29,80.88228005170822,0.7783833333333333,13.47878947854042,0.7755
snn_lif,3,30,79.293059527874,0.7808833333333334,13.269855558872223,0.7837
snn_lif,3,31,77.96507921814919,0.78565,13.3399039208889,0.78
snn_lif,3,32,75.72447618842125,0.7969,13.213407754898071,0.7796
snn_lif,3,33,74.02573820948601,0.8022333333333334,12.096003323793411,0.8089
snn_lif,3,34,73.52969118952751,0.8058666666666666,12.145467042922974,0.7934
snn_lif,3,35,70.91182458400726,0.81625,12.091911971569061,0.8229
snn_lif,3,36,69.99942442774773,0.8198,11.560072869062424,0.811
snn_lif,3,37,69.3306028842926,0.82475,12.050840318202972,0.812
snn_lif,3,38,68.77520880103111,0.8275,11.176672577857971,0.8239
snn_lif,3,39,66.25569519400597,0.83285,11.291633188724518,0.8335
snn_lif,3,40,66.689169973135,0.8319333333333333,11.471206277608871,0.828
snn_lif,3,41,64.52690008282661,0.8383666666666667,10.649856805801392,0.842
snn_lif,3,42,64.31088742613792,0.8386166666666667,11.678536027669907,0.8142
snn_lif,3,43,63.21130561828613,0.8410666666666666,11.040189892053604,0.8288
snn_lif,3,44,62.29577860236168,0.8466833333333333,11.148792833089828,0.8436
snn_lif,3,45,63.00482791662216,0.84465,10.442319840192795,0.8253
snn_lif,3,46,60.6684196293354,0.8491166666666666,9.990121334791183,0.8407
snn_lif,3,47,60.02239474654198,0.8528,10.402149677276611,0.8262
snn_lif,3,48,59.60215866565704,0.8527833333333333,10.323807328939438,0.8487
snn_lif,3,49,58.21284180879593,0.8552666666666666,10.253659844398499,0.8513
snn_lif,3,50,57.60800191760063,0.8575,9.699637174606323,0.8421
snn_lif,3,51,57.93381783366203,0.8564833333333334,9.709284961223602,0.8369
snn_lif,3,52,57.502680003643036,0.85925,10.247026979923248,0.8377
snn_lif,3,53,56.672881096601486,0.8617666666666667,9.329694211483002,0.8531
snn_lif,3,54,55.345479249954224,0.8652,9.275076687335968,0.8589
snn_lif,3,55,55.04498338699341,0.8654833333333334,9.28473836183548,0.8576
snn_lif,3,56,54.18019998073578,0.8682666666666666,9.71928545832634,0.8609
snn_lif,3,57,53.6842295229435,0.8697,9.01276096701622,0.8717
snn_lif,3,58,52.92900547385216,0.87,9.17190733551979,0.8608
snn_lif,3,59,53.590635508298874,0.8674166666666666,9.025352329015732,0.8715
snn_lif,3,60,52.87986549735069,0.8706166666666667,9.351882815361023,0.8652
snn_lif,3,61,53.254500180482864,0.8693333333333333,8.704069405794144,0.875
snn_lif,3,62,50.43657886981964,0.8775666666666667,9.130696773529053,0.8534
snn_lif,3,63,52.005142629146576,0.8729333333333333,9.1070297062397,0.8674
snn_lif,3,64,51.2428620159626,0.87545,8.544690430164337,0.8808
snn_lif,3,65,49.602318942546844,0.87965,8.577070504426956,0.8671
snn_lif,3,66,49.015994876623154,0.8825,8.723637342453003,0.8766
snn_lif,3,67,49.20373871922493,0.8804166666666666,8.625139683485031,0.8646
snn_lif,3,68,48.46844857931137,0.88395,8.729676470160484,0.8787
snn_lif,3,69,49.480185866355896,0.8814333333333333,8.114336371421814,0.8766
snn_lif,3,70,48.75375598669052,0.8813666666666666,8.54343831539154,0.8749
snn_lif,3,71,48.02046677470207,0.8827666666666667,8.872534453868866,0.8661
snn_lif,3,72,48.93396699428558,0.8819333333333333,8.316482216119766,0.8638
snn_lif,3,73,47.02374026179314,0.8868333333333334,7.790743350982666,0.8856
snn_lif,3,74,46.48663890361786,0.8881833333333333,7.97660219669342,0.8799
snn_lif,3,75,46.51630663871765,0.8873333333333333,8.506507635116577,0.8741
snn_lif,3,76,45.832651644945145,0.8896833333333334,8.433905988931656,0.8566
snn_lif,3,77,46.69841921329498,0.8883333333333333,8.14422033727169,0.8855
snn_lif,3,78,45.95219349861145,0.8892833333333333,7.960528030991554,0.8877
snn_lif,3,79,45.8738489151001,0.8899166666666667,7.862041756510735,0.8878
snn_lif,3,80,44.58409085869789,0.8943833333333333,8.231706023216248,0.8857
snn_lif,3,81,44.633908689022064,0.8919666666666667,7.3804692029953,0.8878
snn_lif,3,82,45.28639134764671,0.8919666666666667,8.125330060720444,0.8729
snn_lif,3,83,43.85291916131973,0.8958666666666667,8.194634348154068,0.8896
snn_lif,3,84,45.637906938791275,0.89165,7.511775836348534,0.8975
snn_lif,3,85,42.87344208359718,0.89805,7.8668480813503265,0.8823
snn_lif,3,86,43.34866115450859,0.8961666666666667,7.520920753479004,0.8934
snn_lif,3,87,42.52819260954857,0.8987333333333334,7.639203920960426,0.8897
snn_lif,3,88,42.988726288080215,0.8977166666666667,7.44929963350296,0.8913
snn_lif,3,89,42.00476038455963,0.8985833333333333,7.448553502559662,0.886
snn_lif,3,90,42.779589772224426,0.8973833333333333,7.895606145262718,0.8886
snn_lif,3,91,42.791131019592285,0.8982833333333333,7.912647545337677,0.882
snn_lif,3,92,42.32157298922539,0.8982333333333333,7.707807213068008,0.886
snn_lif,3,93,41.68054547905922,0.9013833333333333,7.7067941427230835,0.8826
snn_lif,3,94,40.88793432712555,0.9025333333333333,7.686319962143898,0.889
snn_lif,3,95,41.54806447029114,0.89945,7.519974812865257,0.8789
snn_lif,3,96,41.70427007973194,0.9006,7.172726809978485,0.9014
snn_lif,3,97,40.90190540254116,0.9017166666666667,7.16265444457531,0.9015
snn_lif,3,98,40.1202155649662,0.9039666666666667,7.025504156947136,0.8922
snn_lif,3,99,41.081133753061295,0.9023166666666667,7.113773211836815,0.9033
snn_lif,3,100,40.14634236693382,0.9059,6.948453798890114,0.8968
snn_lif,3,101,39.49020117521286,0.90505,6.65252161026001,0.907
snn_lif,3,102,39.266909062862396,0.9066166666666666,7.323604270815849,0.8868
snn_lif,3,103,39.28107424080372,0.9083166666666667,7.339391618967056,0.8914
snn_lif,3,104,41.082249492406845,0.9025,9.400790929794312,0.8418
snn_lif,3,105,41.499475225806236,0.90115,7.13028222322464,0.8992
snn_lif,3,106,38.50265991687775,0.90945,7.144059389829636,0.8986
snn_lif,3,107,38.151214599609375,0.9090666666666667,6.974647894501686,0.8971
snn_lif,3,108,37.70194764435291,0.9110666666666667,7.101141273975372,0.8917
snn_lif,3,109,38.384112402796745,0.9099,7.161013796925545,0.8949
snn_lif,3,110,38.00131320953369,0.9105333333333333,7.113085672259331,0.8948
snn_lif,3,111,38.339702010154724,0.9088166666666667,6.658142402768135,0.8981
snn_lif,3,112,38.50845642387867,0.9090666666666667,6.938942804932594,0.9029
snn_lif,3,113,37.24761460721493,0.9124666666666666,7.2019660621881485,0.8999
snn_lif,3,114,36.97626294195652,0.9124166666666667,6.88000226020813,0.9044
snn_lif,3,115,37.89043180644512,0.9104333333333333,6.315245062112808,0.9103
snn_lif,3,116,37.22015938162804,0.91005,6.54674319922924,0.9063
snn_lif,3,117,37.56092268228531,0.9110833333333334,6.461644873023033,0.8988
snn_lif,3,118,37.747277587652206,0.9097833333333334,6.311177968978882,0.9139
snn_lif,3,119,36.41143411397934,0.91445,6.4756457805633545,0.9085
snn_lif,3,120,36.423726573586464,0.9135666666666666,6.410565719008446,0.8984
snn_lif,3,121,36.75300119072199,0.9118833333333334,7.03334479033947,0.8986
snn_lif,3,122,37.384064093232155,0.9108,6.378442853689194,0.9053
snn_lif,3,123,36.67060777544975,0.9127833333333333,6.074952006340027,0.9105
snn_lif,3,124,35.80992744863033,0.91575,6.7667417377233505,0.9093
snn_lif,3,125,36.62787739932537,0.9130833333333334,6.343195632100105,0.9176
snn_lif,3,126,34.61378471553326,0.9194166666666667,6.343301951885223,0.9103
snn_lif,3,127,35.246754482388496,0.9171166666666667,6.207068905234337,0.908
snn_lif,3,128,34.86590467393398,0.9171666666666667,6.4258778393268585,0.9077
snn_lif,3,129,35.635353446006775,0.9153,6.789399161934853,0.9067
snn_lif,3,130,35.558424055576324,0.9159666666666667,6.511334449052811,0.8981
snn_lif,3,131,34.41325367987156,0.9179333333333334,6.160300023853779,0.9085
snn_lif,3,132,34.48925846815109,0.91765,6.733527764678001,0.8906
snn_lif,3,133,34.616060853004456,0.9186833333333333,6.598778545856476,0.9094
snn_lif,3,134,35.717231407761574,0.9148666666666667,6.260305538773537,0.9043
snn_lif,3,135,34.903742492198944,0.91815,8.142758950591087,0.893
snn_lif,3,136,34.58944392204285,0.9173833333333333,6.775202676653862,0.9105
snn_lif,3,137,35.15077868103981,0.9153666666666667,7.41061843931675,0.9046
snn_lif,3,138,35.075286358594894,0.9168333333333333,5.989290788769722,0.9137
snn_lif,3,139,34.11943559348583,0.91845,6.386994242668152,0.9128
snn_lif,3,140,34.09242618083954,0.9195166666666666,6.709968946874142,0.9072
snn_lif,3,141,34.51671279966831,0.9192166666666667,6.506178915500641,0.9023
snn_lif,3,142,35.33987553417683,0.9162,6.90060867369175,0.8898
snn_lif,3,143,33.91347213089466,0.9181666666666667,5.960893347859383,0.9163
snn_lif,3,144,33.98247493803501,0.9187333333333333,7.148474171757698,0.8964
snn_lif,3,145,33.02764384448528,0.9216666666666666,6.321233108639717,0.9163
snn_lif,3,146,32.991984501481056,0.9216166666666666,6.292610868811607,0.9051
snn_lif,3,147,33.64061225950718,0.92075,6.1537602841854095,0.9148
snn_lif,3,148,32.521942496299744,0.9225833333333333,5.745779104530811,0.9179
snn_lif,3,149,32.9471874833107,0.9215833333333333,6.141215622425079,0.9184
snn_lif,3,150,31.976047664880753,0.9243666666666667,5.784616827964783,0.917
snn_lif,3,151,32.694278821349144,0.9228833333333334,6.044835329055786,0.9187
snn_lif,3,152,32.43963247537613,0.92365,5.9126382023096085,0.9127
snn_lif,3,153,32.4513473957777,0.9229666666666667,5.753181919455528,0.9176
snn_lif,3,154,32.565650165081024,0.9238333333333333,6.073458671569824,0.9183
snn_lif,3,155,33.160888724029064,0.9219166666666667,5.852907031774521,0.9168
snn_lif,3,156,33.20196866989136,0.9217333333333333,5.952337637543678,0.9132
snn_lif,3,157,33.2598365098238,0.9217833333333333,5.898199364542961,0.9217
snn_lif,3,158,32.79963953793049,0.9226666666666666,5.970257252454758,0.9066
snn_lif,3,159,32.25308556854725,0.9249666666666667,6.50835295021534,0.9096
snn_lif,3,160,33.00327230989933,0.92235,6.437873274087906,0.9069
snn_lif,3,161,32.57223507761955,0.9235166666666667,6.41014364361763,0.92
snn_lif,3,162,32.624131828546524,0.9221666666666667,5.93006244301796,0.9122
snn_lif,3,163,32.72066305577755,0.92255,5.753567963838577,0.9224
snn_lif,3,164,32.258929297327995,0.9246333333333333,5.802971117198467,0.9179
snn_lif,3,165,31.564694195985794,0.9261,5.7393621653318405,0.9176
snn_lif,3,166,32.51097230613232,0.9219333333333334,5.928698882460594,0.9172
snn_lif,3,167,30.97692859172821,0.92735,6.005446448922157,0.9093
snn_lif,3,168,31.06909203529358,0.9274333333333333,5.6836913377046585,0.9191
snn_lif,3,169,31.010403528809547,0.92695,5.86433319747448,0.9068
snn_lif,3,170,31.913857355713844,0.9254166666666667,6.454426862299442,0.9145
snn_lif,3,171,31.287302285432816,0.9270166666666667,5.916827633976936,0.9125
snn_lif,3,172,30.988643795251846,0.9272,5.695130355656147,0.9188
snn_lif,3,173,31.710434049367905,0.9258666666666666,5.7289019376039505,0.9194
snn_lif,3,174,30.91223169863224,0.92795,6.025917753577232,0.9162
snn_lif,3,175,31.803035899996758,0.9267,5.962109163403511,0.9163
snn_lif,3,176,30.734269857406616,0.9275833333333333,5.783176392316818,0.9172
snn_lif,3,177,30.804420113563538,0.92815,5.577187776565552,0.9201
snn_lif,3,178,30.851296722888947,0.9282666666666667,5.84844571352005,0.9215
snn_lif,3,179,30.967440485954285,0.92775,5.907027579843998,0.9184
snn_lif,3,180,30.525735154747963,0.9300666666666667,5.678855046629906,0.9218
snn_lif,3,181,30.101214483380318,0.9298333333333333,5.789117895066738,0.916
snn_lif,3,182,30.356153458356857,0.9276666666666666,5.674487367272377,0.9169
snn_lif,3,183,30.065278187394142,0.9307333333333333,5.3993190079927444,0.9212
snn_lif,3,184,30.481859356164932,0.9280333333333334,5.876809522509575,0.9221
snn_lif,3,185,30.46476435661316,0.9289666666666667,5.846508726477623,0.9082
snn_lif,3,186,30.488032326102257,0.9275666666666667,5.543440371751785,0.9186
snn_lif,3,187,31.047774121165276,0.9260833333333334,5.634303867816925,0.9246
snn_lif,3,188,29.75304351747036,0.9308833333333333,5.97823640704155,0.9186
snn_lif,3,189,30.15930064022541,0.9297333333333333,6.013040781021118,0.9083
snn_lif,3,190,30.030751183629036,0.9302666666666667,5.336990840733051,0.9236
snn_lif,3,191,29.65129292011261,0.9300666666666667,5.765229284763336,0.9129
snn_lif,3,192,29.928178772330284,0.9301,6.017900258302689,0.9108
snn_lif,3,193,30.3699671626091,0.9286666666666666,6.127130284905434,0.9104
snn_lif,3,194,28.66268067061901,0.93195,5.915660224854946,0.9176
snn_lif,3,195,30.0837329775095,0.9289333333333334,5.474287733435631,0.9204
snn_lif,3,196,30.23379047214985,0.9284666666666667,5.954994946718216,0.9171
snn_lif,3,197,29.833470433950424,0.9286,5.522248163819313,0.9227
snn_lif,3,198,29.067553982138634,0.9316666666666666,5.433781132102013,0.9246
snn_lif,3,199,29.369393184781075,0.9308333333333333,5.298152416944504,0.931
snn_lif,3,200,28.51666209101677,0.9332333333333334,5.188842743635178,0.9273
snn_lif,3,201,28.596752509474754,0.9330833333333334,5.533990800380707,0.9186
snn_lif,3,202,28.72985342144966,0.9333,5.299349755048752,0.924
snn_lif,3,203,28.357976511120796,0.9341,5.343796268105507,0.9227
snn_lif,3,204,28.794490858912468,0.9327666666666666,5.390959680080414,0.9283
snn_lif,3,205,28.460460886359215,0.9341833333333334,5.612404674291611,0.9188
snn_lif,3,206,28.79301442205906,0.93345,5.421458289027214,0.9298
snn_lif,3,207,28.319460079073906,0.93325,5.216759130358696,0.9305
snn_lif,3,208,27.331534579396248,0.9355166666666667,5.680515676736832,0.9217
snn_lif,3,209,27.60652220249176,0.9360666666666667,5.558657005429268,0.9227
snn_lif,3,210,28.45712038874626,0.9330166666666667,5.363874264061451,0.9319
snn_lif,3,211,28.438490092754364,0.9333166666666667,5.352463200688362,0.9214
snn_lif,3,212,28.60934741795063,0.9335833333333333,5.574865981936455,0.9226
snn_lif,3,213,28.366455554962158,0.9314166666666667,5.431100696325302,0.9297
snn_lif,3,214,28.97072385251522,0.932,5.121352888643742,0.9334
snn_lif,3,215,28.513593420386314,0.93275,5.226617731153965,0.9308
snn_lif,3,216,27.604272857308388,0.93485,5.3060130178928375,0.9298
snn_lif,3,217,27.24983850121498,0.9350333333333334,5.455947831273079,0.9275
snn_lif,3,218,27.417656615376472,0.9351666666666667,5.491580210626125,0.922
snn_lif,3,219,28.13179050385952,0.93405,5.275991827249527,0.9283
snn_lif,3,220,27.266375616192818,0.93545,5.325059115886688,0.9258
snn_lif,3,221,27.93155789375305,0.9334333333333333,5.282614417374134,0.9236
snn_lif,3,222,27.72580026090145,0.9354666666666667,5.349652983248234,0.9215
snn_lif,3,223,26.942842572927475,0.9365166666666667,5.044872954487801,0.9293
snn_lif,3,224,27.152055472135544,0.9362166666666667,5.342437833547592,0.9241
snn_lif,3,225,26.645287409424782,0.9383666666666667,5.125146798789501,0.9243
snn_lif,3,226,26.628419890999794,0.9360833333333334,5.59282199293375,0.9272
snn_lif,3,227,26.819691747426987,0.93755,5.347873494029045,0.9212
snn_lif,3,228,27.071577727794647,0.9354833333333333,5.760918065905571,0.9201
snn_lif,3,229,26.8069556504488,0.9363333333333334,5.445806860923767,0.9295
snn_lif,3,230,27.273505121469498,0.9345666666666667,5.101941168308258,0.9285
snn_lif,3,231,25.688847988843918,0.9389166666666666,5.076593905687332,0.9308
snn_lif,3,232,26.093328595161438,0.9391333333333334,5.316913440823555,0.9262
snn_lif,3,233,26.613747470080853,0.9383,5.343026638031006,0.926
snn_lif,3,234,26.21482802927494,0.9378333333333333,4.980713397264481,0.9303
snn_lif,3,235,26.92510101944208,0.9371333333333334,5.614872336387634,0.9262
snn_lif,3,236,26.8074978441,0.9366666666666666,4.972377061843872,0.932
snn_lif,3,237,26.00340634584427,0.9385166666666667,5.22158183157444,0.9307
snn_lif,3,238,26.874070301651955,0.9359833333333333,5.358018912374973,0.9236
snn_lif,3,239,26.3174200206995,0.9375166666666667,5.113221533596516,0.9255
snn_lif,3,240,25.75274135172367,0.9389,4.993210650980473,0.9273
snn_lif,3,241,26.929417327046394,0.9360666666666667,5.402898266911507,0.9263
snn_lif,3,242,26.110895857214928,0.9389333333333333,5.106095686554909,0.93
snn_lif,3,243,26.652653127908707,0.93675,5.076552450656891,0.9307
snn_lif,3,244,26.05349214375019,0.9385,5.1396055445075035,0.9245
snn_lif,3,245,26.005367696285248,0.9394,5.2370641231536865,0.9238
snn_lif,3,246,28.424855642020702,0.93285,4.794836595654488,0.9347
snn_lif,3,247,25.81436976790428,0.9392833333333334,4.796042405068874,0.9329
snn_lif,3,248,25.418815053999424,0.93995,5.040094122290611,0.9287
snn_lif,3,249,27.83643189072609,0.9335166666666667,5.1926799565553665,0.9222
snn_lif,3,250,25.712972208857536,0.9393333333333334,4.946026764810085,0.93
snn_lif,3,251,25.772161945700645,0.9388666666666666,5.462782576680183,0.9161
snn_lif,3,252,25.85975442826748,0.9385333333333333,5.429882995784283,0.9251
snn_lif,3,253,25.382699564099312,0.9402,5.249923042953014,0.93
snn_lif,3,254,24.791851438581944,0.9412666666666667,5.268527910113335,0.9248
snn_lif,3,255,25.441981941461563,0.9408333333333333,4.913352705538273,0.929
snn_lif,3,256,25.36054940521717,0.9407333333333333,4.919513218104839,0.9313
snn_lif,3,257,25.02968665957451,0.9415666666666667,4.872764483094215,0.9345
snn_lif,3,258,24.592054963111877,0.94105,5.081595696508884,0.9271
snn_lif,3,259,25.15401954948902,0.9416833333333333,4.87587034702301,0.9343
snn_lif,3,260,26.00296939909458,0.9389,4.878532059490681,0.9306
snn_lif,3,261,25.26878596842289,0.94075,4.947506844997406,0.9306
snn_lif,3,262,25.368217960000038,0.9401833333333334,4.795034155249596,0.9303
snn_lif,3,263,25.727946639060974,0.9383833333333333,4.767286576330662,0.9338
snn_lif,3,264,24.78081476688385,0.9417,4.758343882858753,0.933
snn_lif,3,265,24.87036319077015,0.9426666666666667,4.988642744719982,0.9304
snn_lif,3,266,24.848763823509216,0.94145,4.814114943146706,0.9334
snn_lif,3,267,24.263812825083733,0.9426666666666667,5.496012516319752,0.9289
snn_lif,3,268,25.12389485538006,0.9407833333333333,4.842772714793682,0.9325
snn_lif,3,269,24.792463779449463,0.94105,4.7477646097540855,0.9321
snn_lif,3,270,24.734164640307426,0.9421333333333334,4.897385276854038,0.9323
snn_lif,3,271,24.74899186193943,0.9417166666666666,4.865797519683838,0.9253
snn_lif,3,272,24.63871133327484,0.942,4.681302830576897,0.932
snn_lif,3,273,24.443896882236004,0.9420833333333334,4.709024295210838,0.9328
snn_lif,3,274,24.621222093701363,0.9427833333333333,5.089060388505459,0.9241
snn_lif,3,275,24.761686399579048,0.9410166666666666,4.921137154102325,0.9308
snn_lif,3,276,25.908214017748833,0.93865,5.142548486590385,0.9297
snn_lif,3,277,25.020548284053802,0.9412333333333334,4.888125844299793,0.9286
snn_lif,3,278,23.747309692204,0.9436166666666667,4.992199197411537,0.9332
snn_lif,3,279,24.167756631970406,0.9440333333333333,4.745833843946457,0.9368
snn_lif,3,280,23.722192108631134,0.9447833333333333,5.3466548174619675,0.9291
snn_lif,3,281,23.35455395281315,0.9457333333333333,4.883502431213856,0.9341
snn_lif,3,282,23.881446719169617,0.9438833333333333,5.21288226544857,0.9317
snn_lif,3,283,23.94494764506817,0.94225,5.591564252972603,0.9218
snn_lif,3,284,25.181343138217926,0.9406666666666667,4.9947972148656845,0.927
snn_lif,3,285,24.929686173796654,0.9407666666666666,4.811965003609657,0.9354
snn_lif,3,286,24.638650059700012,0.94215,4.783061400055885,0.9324
snn_lif,3,287,25.255371630191803,0.93985,4.665429078042507,0.9356
snn_lif,3,288,25.936589792370796,0.9389333333333333,4.775461800396442,0.9291
snn_lif,3,289,24.0683716237545,0.9439166666666666,4.803902715444565,0.9337
snn_lif,3,290,25.27583172917366,0.9417333333333333,4.649370677769184,0.9351
snn_lif,3,291,24.178741082549095,0.9435,4.798796810209751,0.9374
snn_lif,3,292,24.19999860227108,0.94285,4.588901497423649,0.9355
snn_lif,3,293,24.02735435962677,0.9443666666666667,4.725472576916218,0.9324
snn_lif,3,294,23.84323887526989,0.9443666666666667,5.038327738642693,0.9302
snn_lif,3,295,23.507215812802315,0.9439333333333333,4.718407869338989,0.9354
snn_lif,3,296,23.995259016752243,0.9440666666666667,5.26757051050663,0.9286
snn_lif,3,297,23.796405404806137,0.9444333333333333,4.342806823551655,0.9414
snn_lif,3,298,23.611627869307995,0.9444166666666667,4.753817409276962,0.9317
snn_lif,3,299,23.536360926926136,0.9447833333333333,4.703647941350937,0.9292
snn_lif,3,300,23.33129094541073,0.9455,4.759323924779892,0.9327
snn_lif,4,1,261.6686601638794,0.14808333333333334,41.382407426834106,0.188
snn_lif,4,2,237.47094297409058,0.21268333333333334,39.01219344139099,0.2641
snn_lif,4,3,223.30508625507355,0.28075,36.45244061946869,0.3362
snn_lif,4,4,213.48230838775635,0.318,35.23044574260712,0.3213
snn_lif,4,5,204.3569781780243,0.3569833333333333,33.61180877685547,0.4004
snn_lif,4,6,194.53825855255127,0.402,31.558668613433838,0.4195
snn_lif,4,7,179.87712800502777,0.44988333333333336,28.802022695541382,0.4819
snn_lif,4,8,170.71080374717712,0.467,27.473042011260986,0.4854
snn_lif,4,9,162.0076014995575,0.4811166666666667,27.614959359169006,0.4704
snn_lif,4,10,155.7306046485901,0.5060333333333333,25.144474744796753,0.5363
snn_lif,4,11,147.95487582683563,0.5355,24.05394947528839,0.5611
snn_lif,4,12,138.47654700279236,0.5785,22.360617518424988,0.603
snn_lif,4,13,131.7091482281685,0.59685,21.82107275724411,0.6048
snn_lif,4,14,128.23844051361084,0.6047166666666667,22.093254566192627,0.6058
snn_lif,4,15,124.35539853572845,0.6133333333333333,20.188407123088837,0.6345
snn_lif,4,16,122.02526158094406,0.62115,21.183269917964935,0.6009
snn_lif,4,17,119.11625510454178,0.6225833333333334,20.376883029937744,0.6218
snn_lif,4,18,117.12194591760635,0.6339833333333333,19.082155585289,0.6643
snn_lif,4,19,115.23277020454407,0.6389333333333334,18.672604978084564,0.6609
snn_lif,4,20,111.29942935705185,0.6511666666666667,18.871015667915344,0.6518
snn_lif,4,21,110.9244344830513,0.6544666666666666,18.364463806152344,0.6827
snn_lif,4,22,108.82584369182587,0.66795,18.59875190258026,0.6694
snn_lif,4,23,105.65709561109543,0.6777166666666666,17.634792506694794,0.6828
snn_lif,4,24,103.45067137479782,0.69015,17.77499258518219,0.6771
snn_lif,4,25,101.12484985589981,0.6984166666666667,17.30647987127304,0.7045
snn_lif,4,26,99.46250683069229,0.7104666666666667,17.358371198177338,0.7074
snn_lif,4,27,98.34591430425644,0.7154,16.30246526002884,0.7145
snn_lif,4,28,94.24161726236343,0.72875,15.830181777477264,0.7539
snn_lif,4,29,95.20677208900452,0.73105,15.89557683467865,0.7311
snn_lif,4,30,92.05895686149597,0.7446333333333334,16.354864478111267,0.7051
snn_lif,4,31,90.98584222793579,0.7512166666666666,14.773839950561523,0.7611
snn_lif,4,32,90.01249700784683,0.7530333333333333,15.783925652503967,0.7066
snn_lif,4,33,86.96726256608963,0.7634666666666666,14.430397391319275,0.7615
snn_lif,4,34,86.20498019456863,0.7677833333333334,14.680075645446777,0.7661
snn_lif,4,35,85.1375972032547,0.7708166666666667,14.066295266151428,0.7843
snn_lif,4,36,83.32464927434921,0.7760666666666667,14.451266705989838,0.7452
snn_lif,4,37,82.02012819051743,0.7801833333333333,13.59432965517044,0.7903
snn_lif,4,38,82.08935350179672,0.7814166666666666,13.865585297346115,0.777
snn_lif,4,39,80.05942273139954,0.7892666666666667,13.878675013780594,0.7398
snn_lif,4,40,78.06502586603165,0.79505,13.270274221897125,0.7687
snn_lif,4,41,78.34971910715103,0.79635,13.557275176048279,0.7715
snn_lif,4,42,77.61873978376389,0.7965166666666667,13.091171443462372,0.7782
snn_lif,4,43,78.18107116222382,0.7967666666666666,14.136831104755402,0.769
snn_lif,4,44,76.94301271438599,0.7974833333333333,12.616190820932388,0.769
snn_lif,4,45,73.5513217151165,0.8084833333333333,12.816225200891495,0.7651
snn_lif,4,46,72.94938284158707,0.8125833333333333,12.36354672908783,0.7933
snn_lif,4,47,70.89296212792397,0.8174,12.763918370008469,0.7614
snn_lif,4,48,71.18180578947067,0.8167666666666666,12.352293878793716,0.7949
snn_lif,4,49,70.1918428838253,0.8206666666666667,11.54061970114708,0.8103
snn_lif,4,50,67.2204958498478,0.8280833333333333,11.707328498363495,0.8125
snn_lif,4,51,68.57801219820976,0.8242,11.342931658029556,0.8067
snn_lif,4,52,66.95682600140572,0.8288,11.37046492099762,0.8287
snn_lif,4,53,66.18614959716797,0.83355,11.774311482906342,0.7923
snn_lif,4,54,65.39291214942932,0.8358,11.622926890850067,0.832
snn_lif,4,55,65.5569595694542,0.8366166666666667,11.384778141975403,0.8439
snn_lif,4,56,65.86010819673538,0.8337166666666667,10.680874466896057,0.8315
snn_lif,4,57,63.04297760128975,0.8437333333333333,11.342396676540375,0.8013
snn_lif,4,58,62.9345223903656,0.8444833333333334,11.214186489582062,0.8124
snn_lif,4,59,62.59069111943245,0.8432833333333334,10.744572043418884,0.8318
snn_lif,4,60,59.69228237867355,0.8520666666666666,10.4013352394104,0.8551
snn_lif,4,61,61.19310587644577,0.8505166666666667,11.04064530134201,0.8517
snn_lif,4,62,60.059597700834274,0.85365,10.96366772055626,0.8104
snn_lif,4,63,59.1680588722229,0.85395,10.758249133825302,0.8344
snn_lif,4,64,57.643432676792145,0.8591166666666666,10.73968780040741,0.8533
snn_lif,4,65,59.05131858587265,0.8561333333333333,10.031749099493027,0.8561
snn_lif,4,66,57.32981279492378,0.8601666666666666,10.107503056526184,0.8357
snn_lif,4,67,58.411572217941284,0.8573666666666667,11.196198344230652,0.8013
snn_lif,4,68,55.705442667007446,0.8632,10.056226313114166,0.8302
snn_lif,4,69,57.54841408133507,0.8595666666666667,9.693447470664978,0.8505
snn_lif,4,70,56.63736543059349,0.8628833333333333,9.404503136873245,0.8589
snn_lif,4,71,56.504406213760376,0.8639166666666667,9.945791870355606,0.8647
snn_lif,4,72,55.049633502960205,0.8670666666666667,9.60618670284748,0.8554
snn_lif,4,73,55.30072486400604,0.8667333333333334,9.154098585247993,0.8517
snn_lif,4,74,54.834222823381424,0.86665,9.674981594085693,0.8603
snn_lif,4,75,54.69929379224777,0.8667,9.197183042764664,0.8527
snn_lif,4,76,53.90778610110283,0.87085,10.094755291938782,0.8463
snn_lif,4,77,52.39599069952965,0.8737166666666667,9.269210070371628,0.8574
snn_lif,4,78,53.471984565258026,0.8710833333333333,9.428806066513062,0.8581
snn_lif,4,79,52.084841787815094,0.8771333333333333,9.393735468387604,0.8648
snn_lif,4,80,51.47622776031494,0.8758333333333334,9.046863660216331,0.8728
snn_lif,4,81,52.55230411887169,0.8740166666666667,8.640667662024498,0.8758
snn_lif,4,82,50.64433392882347,0.8789333333333333,9.3373863697052,0.8483
snn_lif,4,83,51.2004998922348,0.8755666666666667,8.822712630033493,0.8566
snn_lif,4,84,51.209137827157974,0.8762833333333333,8.95080155134201,0.8812
snn_lif,4,85,52.08238422870636,0.8747166666666667,9.548421442508698,0.8253
snn_lif,4,86,50.10396358370781,0.88045,8.932166308164597,0.8627
snn_lif,4,87,50.03157475590706,0.882,8.84832438826561,0.877
snn_lif,4,88,47.77944388985634,0.8871,9.91340583562851,0.8667
snn_lif,4,89,48.220309883356094,0.8867333333333334,9.141195595264435,0.8443
snn_lif,4,90,51.02509129047394,0.8769166666666667,8.660205245018005,0.8817
snn_lif,4,91,48.32586494088173,0.88465,8.219095036387444,0.8701
snn_lif,4,92,47.76876527070999,0.8872166666666667,8.36593583226204,0.8663
snn_lif,4,93,47.42742894589901,0.8865666666666666,9.30344820022583,0.8353
snn_lif,4,94,46.9837147295475,0.8862666666666666,9.368233233690262,0.8783
snn_lif,4,95,47.550679951906204,0.8878833333333334,8.551955223083496,0.8606
snn_lif,4,96,47.58606520295143,0.8857666666666667,7.924080908298492,0.8863
snn_lif,4,97,45.49162009358406,0.8928166666666667,8.503633245825768,0.8703
snn_lif,4,98,47.31484630703926,0.8872833333333333,8.334041148424149,0.8842
snn_lif,4,99,46.55563262104988,0.8886166666666667,8.218785598874092,0.8758
snn_lif,4,100,46.30981004238129,0.8902833333333333,8.138459399342537,0.876
snn_lif,4,101,46.008763641119,0.8890166666666667,7.674871847033501,0.8925
snn_lif,4,102,45.26471996307373,0.8925,7.708480596542358,0.8877
snn_lif,4,103,44.05427038669586,0.8967333333333334,8.16304062306881,0.8822
snn_lif,4,104,43.55248513817787,0.8977166666666667,7.592322260141373,0.8787
snn_lif,4,105,43.83492112159729,0.8966833333333334,7.931624546647072,0.8804
snn_lif,4,106,44.55405417084694,0.8944333333333333,8.140924885869026,0.8923
snn_lif,4,107,44.76377987861633,0.89325,8.969570726156235,0.8518
snn_lif,4,108,44.41478508710861,0.89365,8.37770789861679,0.8926
snn_lif,4,109,42.61407035589218,0.89855,7.796537548303604,0.8823
snn_lif,4,110,43.88643380999565,0.8968333333333334,7.3819625824689865,0.8941
snn_lif,4,111,42.97241000831127,0.8976666666666666,7.317439869046211,0.8855
snn_lif,4,112,43.25147707760334,0.8975333333333333,7.269716560840607,0.893
snn_lif,4,113,42.24602437019348,0.8997166666666667,7.746075257658958,0.8944
snn_lif,4,114,43.61034631729126,0.8956333333333333,8.278685808181763,0.8775
snn_lif,4,115,42.68441450595856,0.89895,7.291825398802757,0.8958
snn_lif,4,116,44.249662935733795,0.8943666666666666,7.461804702877998,0.8956
snn_lif,4,117,43.715491235256195,0.8958,8.27366404235363,0.8778
snn_lif,4,118,42.443442806601524,0.8998,7.429681032896042,0.8836
snn_lif,4,119,42.72634242475033,0.8986833333333333,8.230286881327629,0.864
snn_lif,4,120,41.2246270775795,0.9019333333333334,7.385964721441269,0.884
snn_lif,4,121,43.25479072332382,0.8978333333333334,7.860293373465538,0.8845
snn_lif,4,122,41.59720718860626,0.9025,6.955369457602501,0.9043
snn_lif,4,123,42.529889553785324,0.8989666666666667,7.248999819159508,0.8933
snn_lif,4,124,42.49412325024605,0.8994333333333333,7.129417806863785,0.8977
snn_lif,4,125,41.4642898440361,0.90215,6.954331085085869,0.9008
snn_lif,4,126,41.4067355543375,0.9023166666666667,6.762445196509361,0.9046
snn_lif,4,127,39.36929531395435,0.9071666666666667,7.121905565261841,0.9046
snn_lif,4,128,41.743093237280846,0.9005166666666666,6.903097540140152,0.904
snn_lif,4,129,39.950844287872314,0.90625,7.08025723695755,0.8966
snn_lif,4,130,39.190171003341675,0.9080333333333334,6.775838121771812,0.9
snn_lif,4,131,39.62787628173828,0.9081333333333333,7.105408266186714,0.9037
snn_lif,4,132,39.37509848177433,0.9069833333333334,6.55928498506546,0.9065
snn_lif,4,133,39.70108512043953,0.9067166666666666,6.6220695078372955,0.9074
snn_lif,4,134,39.7747338116169,0.9060166666666667,6.31183984875679,0.9089
snn_lif,4,135,39.56749287247658,0.9071666666666667,6.475699469447136,0.912
snn_lif,4,136,38.254896849393845,0.9100666666666667,6.913244754076004,0.9022
snn_lif,4,137,38.628488168120384,0.9087,6.940750822424889,0.8984
snn_lif,4,138,39.56166698038578,0.9063666666666667,6.3559543043375015,0.9099
snn_lif,4,139,39.03531025350094,0.9080833333333334,6.52529901266098,0.9111
snn_lif,4,140,37.97149993479252,0.91095,6.501548066735268,0.9097
snn_lif,4,141,38.53975301980972,0.9097333333333333,6.555722668766975,0.9071
snn_lif,4,142,38.85018165409565,0.90945,6.879851266741753,0.9046
snn_lif,4,143,37.53891319036484,0.9103166666666667,6.729121848940849,0.9052
snn_lif,4,144,36.969827339053154,0.9136666666666666,6.510524690151215,0.9077
snn_lif,4,145,37.60114639997482,0.9128,6.589479893445969,0.9097
snn_lif,4,146,37.306265875697136,0.9141333333333334,6.767880976200104,0.9077
snn_lif,4,147,36.3929538577795,0.9148,6.390808805823326,0.9122
snn_lif,4,148,37.13387517631054,0.9143333333333333,6.391907751560211,0.9043
snn_lif,4,149,36.59201803803444,0.9137833333333333,6.931616768240929,0.8958
snn_lif,4,150,36.78671984374523,0.9138166666666667,6.118809066712856,0.9152
snn_lif,4,151,35.8598176240921,0.9162333333333333,6.731842413544655,0.9088
snn_lif,4,152,35.75299406051636,0.91735,6.206752523779869,0.9074
snn_lif,4,153,36.99960874021053,0.9130166666666667,6.253164634108543,0.9174
snn_lif,4,154,36.496361553668976,0.91665,6.340930283069611,0.912
snn_lif,4,155,36.11303694546223,0.9156,6.740460231900215,0.9035
snn_lif,4,156,36.68686489760876,0.91505,6.460596352815628,0.903
snn_lif,4,157,35.36649529635906,0.91845,6.016233220696449,0.9195
snn_lif,4,158,36.01397992670536,0.9168833333333334,6.189605683088303,0.9133
snn_lif,4,159,36.74000968039036,0.9141166666666667,6.03897425532341,0.9154
snn_lif,4,160,36.32662037014961,0.9154,8.205358684062958,0.8829
snn_lif,4,161,36.34380370378494,0.9156666666666666,5.862045764923096,0.9185
snn_lif,4,162,35.49753549695015,0.9174833333333333,6.17997907102108,0.9194
snn_lif,4,163,34.40269139409065,0.9211,6.450997084379196,0.9133
snn_lif,4,164,34.55357167124748,0.9187166666666666,6.643661648035049,0.9008
snn_lif,4,165,35.251317381858826,0.9172666666666667,5.999861404299736,0.9147
snn_lif,4,166,34.72396399080753,0.9200833333333334,6.510066911578178,0.9089
snn_lif,4,167,34.28535932302475,0.9212166666666667,5.842205785214901,0.9163
snn_lif,4,168,35.10756866633892,0.9183,5.958086743950844,0.9192
snn_lif,4,169,35.655867010354996,0.9167833333333333,5.900481790304184,0.9122
snn_lif,4,170,35.352703899145126,0.9174333333333333,7.730145588517189,0.9026
snn_lif,4,171,34.490863010287285,0.9194666666666667,6.42541429400444,0.9105
snn_lif,4,172,33.84231239557266,0.9215833333333333,6.331571817398071,0.9098
snn_lif,4,173,33.79450246691704,0.9204666666666667,6.23546277731657,0.9145
snn_lif,4,174,33.367135643959045,0.92355,5.83808659017086,0.9205
snn_lif,4,175,34.7555513381958,0.9198833333333334,6.006994992494583,0.9102
snn_lif,4,176,33.71569664776325,0.91985,6.158355161547661,0.9136
snn_lif,4,177,33.15809389948845,0.9232666666666667,5.9226818680763245,0.9184
snn_lif,4,178,33.24495509266853,0.9228333333333333,6.308929771184921,0.9095
snn_lif,4,179,34.82547676563263,0.9191833333333334,6.0280861258506775,0.9163
snn_lif,4,180,32.85237902402878,0.9236166666666666,5.757094100117683,0.9186
snn_lif,4,181,32.74515122175217,0.9236666666666666,5.712644279003143,0.9178
snn_lif,4,182,32.37848475575447,0.9253166666666667,6.323726639151573,0.9148
snn_lif,4,183,33.49259129166603,0.9227666666666666,5.905479192733765,0.9154
snn_lif,4,184,33.73313565552235,0.9224666666666667,6.6198557168245316,0.9132
snn_lif,4,185,33.88417989015579,0.9198833333333334,5.6764794290065765,0.9229
snn_lif,4,186,32.99795211851597,0.9231,6.5171526074409485,0.9103
snn_lif,4,187,32.50449322164059,0.92375,6.426441550254822,0.916
snn_lif,4,188,33.99156858026981,0.9205,5.820417746901512,0.9199
snn_lif,4,189,32.68024854362011,0.92285,6.1797297820448875,0.9115
snn_lif,4,190,32.959512025117874,0.92375,6.515288516879082,0.9084
snn_lif,4,191,32.09220743924379,0.9250166666666667,5.442047230899334,0.9196
snn_lif,4,192,31.715309724211693,0.9259666666666667,5.949234113097191,0.9142
snn_lif,4,193,32.44094944000244,0.92505,6.1392025500535965,0.9087
snn_lif,4,194,31.55414979159832,0.9260166666666667,5.389425307512283,0.9263
snn_lif,4,195,32.244416296482086,0.9246,5.397760346531868,0.9212
snn_lif,4,196,32.47471758723259,0.9234333333333333,5.715816959738731,0.9201
snn_lif,4,197,32.10361374914646,0.92535,5.699166730046272,0.92
snn_lif,4,198,30.369105353951454,0.9299,5.909292072057724,0.9134
snn_lif,4,199,32.00621843338013,0.9264833333333333,5.674360536038876,0.9216
snn_lif,4,200,31.71550779044628,0.9259833333333334,5.959435626864433,0.9155
snn_lif,4,201,31.394462764263153,0.9262,5.6453172862529755,0.9232
snn_lif,4,202,31.336953446269035,0.9270833333333334,6.660883232951164,0.9091
snn_lif,4,203,32.286240577697754,0.9243666666666667,5.848591521382332,0.923
snn_lif,4,204,31.020887777209282,0.9285833333333333,5.410783737897873,0.9215
snn_lif,4,205,31.981482461094856,0.9252333333333334,5.985513165593147,0.9239
snn_lif,4,206,30.736030623316765,0.9299666666666667,5.9604834616184235,0.9144
snn_lif,4,207,30.715314507484436,0.9274,5.812623672187328,0.9177
snn_lif,4,208,31.988661244511604,0.9251,5.473775580525398,0.9241
snn_lif,4,209,30.01997509598732,0.9311166666666667,5.474585801362991,0.9199
snn_lif,4,210,31.364487692713737,0.9282666666666667,6.2438477128744125,0.9138
snn_lif,4,211,30.91962307691574,0.9282666666666667,5.965240493416786,0.9156
snn_lif,4,212,30.533700600266457,0.9284166666666667,5.270047277212143,0.9275
snn_lif,4,213,30.919322475790977,0.9280833333333334,5.789699479937553,0.9115
snn_lif,4,214,30.77131739258766,0.9273333333333333,5.460472285747528,0.9224
snn_lif,4,215,30.166550859808922,0.9298,5.284938499331474,0.9222
snn_lif,4,216,30.548868015408516,0.93,5.58926398307085,0.9264
snn_lif,4,217,30.14145714044571,0.9302666666666667,5.780392043292522,0.9165
snn_lif,4,218,30.21771928668022,0.9306666666666666,5.608136668801308,0.9235
snn_lif,4,219,30.053456619381905,0.93065,5.5005490481853485,0.9206
snn_lif,4,220,29.696560353040695,0.9313666666666667,5.191292688250542,0.9258
snn_lif,4,221,30.28940673172474,0.9293833333333333,5.9372076243162155,0.9162
snn_lif,4,222,31.06026178598404,0.9288,5.37424098700285,0.9201
snn_lif,4,223,30.372499719262123,0.9294666666666667,5.395974315702915,0.9263
snn_lif,4,224,29.17158630490303,0.93175,5.40498811006546,0.9269
snn_lif,4,225,29.64186516404152,0.9312666666666667,5.591273218393326,0.9204
snn_lif,4,226,29.839839920401573,0.93095,5.415592193603516,0.9247
snn_lif,4,227,28.344411373138428,0.9349,5.484620615839958,0.9227
snn_lif,4,228,29.37693876028061,0.9332166666666667,5.461912162601948,0.9265
snn_lif,4,229,28.64391352236271,0.9333333333333333,5.274210423231125,0.9249
snn_lif,4,230,29.34975227713585,0.93225,5.459856286644936,0.9225
snn_lif,4,231,28.91658905148506,0.9337833333333333,5.488887764513493,0.9235
snn_lif,4,232,29.746169984340668,0.9319,5.996826201677322,0.9133
snn_lif,4,233,29.42559652030468,0.9328,5.345722854137421,0.9273
snn_lif,4,234,29.30762891471386,0.9316333333333333,5.393142692744732,0.9255
snn_lif,4,235,29.30609479546547,0.93075,5.333487391471863,0.9248
snn_lif,4,236,28.557383969426155,0.9342666666666667,5.760113671422005,0.9147
snn_lif,4,237,28.605612978339195,0.9342833333333334,5.273405760526657,0.9267
snn_lif,4,238,28.91107949614525,0.9330666666666667,5.04532777518034,0.9302
snn_lif,4,239,27.988150715827942,0.9355,5.18736282736063,0.9265
snn_lif,4,240,28.829103410243988,0.9330666666666667,5.665105037391186,0.9266
snn_lif,4,241,28.34894036501646,0.9339833333333334,5.192089729011059,0.9339
snn_lif,4,242,29.043705761432648,0.9322166666666667,5.746936663985252,0.9235
snn_lif,4,243,29.17070735991001,0.93295,5.709624156355858,0.921
snn_lif,4,244,28.35543093085289,0.9344833333333333,5.239185586571693,0.9256
snn_lif,4,245,29.468948245048523,0.9312333333333334,5.183162920176983,0.928
snn_lif,4,246,28.212313018739223,0.9345666666666667,5.1735967844724655,0.9333
snn_lif,4,247,29.14826177060604,0.9331833333333334,5.467566631734371,0.9271
snn_lif,4,248,28.70156693458557,0.9332166666666667,5.405545763671398,0.9221
snn_lif,4,249,28.550862729549408,0.9348333333333333,5.235157378017902,0.9232
snn_lif,4,250,28.356006786227226,0.9343833333333333,5.197060629725456,0.9261
snn_lif,4,251,28.160974115133286,0.9345833333333333,5.41141077876091,0.9254
snn_lif,4,252,29.393521547317505,0.9320833333333334,5.409419536590576,0.9208
snn_lif,4,253,28.436826452612877,0.9336,5.124978274106979,0.9295
snn_lif,4,254,28.79114904999733,0.9329333333333333,5.38647148758173,0.9225
snn_lif,4,255,28.725496381521225,0.93295,5.260720789432526,0.9279
snn_lif,4,256,28.16505728662014,0.93295,5.083841182291508,0.9287
snn_lif,4,257,27.157856687903404,0.9363,5.435579299926758,0.9256
snn_lif,4,258,28.108693569898605,0.9352166666666667,5.535907343029976,0.9197
snn_lif,4,259,27.38076077401638,0.9368,5.127821296453476,0.9286
snn_lif,4,260,28.887260600924492,0.9327833333333333,5.180803246796131,0.9279
snn_lif,4,261,26.95383393764496,0.9376666666666666,5.070790238678455,0.9286
snn_lif,4,262,28.220565259456635,0.9339833333333334,5.389961563050747,0.9201
snn_lif,4,263,26.904359504580498,0.9372666666666667,5.190344624221325,0.925
snn_lif,4,264,27.540939182043076,0.9358666666666666,5.382857821881771,0.9213
snn_lif,4,265,28.178287029266357,0.9344666666666667,5.447254583239555,0.925
snn_lif,4,266,28.56619754433632,0.9342833333333334,5.700515300035477,0.9203
snn_lif,4,267,27.91988016664982,0.93545,5.320353746414185,0.9293
snn_lif,4,268,27.48184421658516,0.9366666666666666,5.43483929336071,0.9165
snn_lif,4,269,27.67785109579563,0.9363833333333333,5.4153658747673035,0.9244
snn_lif,4,270,28.38401684165001,0.9342666666666667,5.07733278721571,0.9341
snn_lif,4,271,26.54177274554968,0.9382333333333334,5.133990839123726,0.9292
snn_lif,4,272,27.800963535904884,0.9353,5.350072130560875,0.9235
snn_lif,4,273,28.130214482545853,0.9358,5.547561585903168,0.9203
snn_lif,4,274,28.286199241876602,0.9346666666666666,4.943634629249573,0.9314
snn_lif,4,275,26.980037733912468,0.9377333333333333,5.356892444193363,0.9212
snn_lif,4,276,26.530569955706596,0.9397833333333333,5.042711101472378,0.9293
snn_lif,4,277,27.41620661318302,0.9372833333333334,4.787657760083675,0.926
snn_lif,4,278,27.22474440932274,0.9368333333333333,5.421194829046726,0.9152
snn_lif,4,279,26.476032987236977,0.9392333333333334,4.7876206189394,0.9294
snn_lif,4,280,26.30368998646736,0.9394,5.4603129625320435,0.9228
snn_lif,4,281,26.675337441265583,0.9383333333333334,4.859006389975548,0.93
snn_lif,4,282,26.767116732895374,0.9382666666666667,5.1140416488051414,0.9334
snn_lif,4,283,26.932311825454235,0.9372833333333334,4.969696946442127,0.9225
snn_lif,4,284,25.70881250500679,0.9399166666666666,5.012469053268433,0.9289
snn_lif,4,285,26.11272442340851,0.9392166666666667,4.757285334169865,0.9343
snn_lif,4,286,25.63784670829773,0.9412,5.037458352744579,0.9284
snn_lif,4,287,26.372106209397316,0.9391833333333334,5.073113828897476,0.9313
snn_lif,4,288,26.062415823340416,0.9407,5.043055362999439,0.93
snn_lif,4,289,26.448140405118465,0.9381833333333334,5.24255882948637,0.9261
snn_lif,4,290,26.357543110847473,0.9399333333333333,4.789144851267338,0.9277
snn_lif,4,291,25.516684271395206,0.94065,5.145203523337841,0.927
snn_lif,4,292,25.645769760012627,0.9411166666666667,5.823499292135239,0.9216
snn_lif,4,293,26.54470843076706,0.9392333333333334,5.375276207923889,0.9242
snn_lif,4,294,25.226699084043503,0.94075,5.112606704235077,0.9298
snn_lif,4,295,25.35327172279358,0.9409833333333333,4.653837852180004,0.9352
snn_lif,4,296,26.931925609707832,0.9387333333333333,4.860382027924061,0.9324
snn_lif,4,297,25.456184796988964,0.9414166666666667,4.871058322489262,0.9345
snn_lif,4,298,26.802128434181213,0.9380666666666667,4.928721807897091,0.9345
snn_lif,4,299,25.325858123600483,0.9419666666666666,4.588276199996471,0.9343
snn_lif,4,300,25.425033375620842,0.9414,4.917370423674583,0.9337
snn_lif,5,1,260.05621123313904,0.16018333333333334,40.91547906398773,0.2598
snn_lif,5,2,223.61565899848938,0.28286666666666666,35.165897846221924,0.3061
snn_lif,5,3,203.65577065944672,0.30195,34.14606177806854,0.2967
snn_lif,5,4,195.40964555740356,0.3293,32.26262331008911,0.364
snn_lif,5,5,184.51555049419403,0.3697666666666667,31.648794412612915,0.3667
snn_lif,5,6,176.26748836040497,0.38453333333333334,29.05963122844696,0.4
snn_lif,5,7,170.55149006843567,0.39315,28.566449522972107,0.4074
snn_lif,5,8,168.3356808423996,0.40131666666666665,28.540968775749207,0.4254
snn_lif,5,9,165.2850124835968,0.4166,27.399041771888733,0.4563
snn_lif,5,10,163.42099595069885,0.4328,26.994669198989868,0.4766
snn_lif,5,11,159.74268221855164,0.4543333333333333,26.848369479179382,0.4682
snn_lif,5,12,153.96298599243164,0.48595,26.225998282432556,0.4891
snn_lif,5,13,148.40352773666382,0.5157666666666667,25.075134992599487,0.5166
snn_lif,5,14,143.15713047981262,0.5371166666666667,24.83942723274231,0.5181
snn_lif,5,15,140.10532355308533,0.5480833333333334,23.6930171251297,0.542
snn_lif,5,16,135.95829808712006,0.5609666666666666,22.905601978302002,0.5476
snn_lif,5,17,133.6467274427414,0.5682666666666667,22.44681406021118,0.5587
snn_lif,5,18,130.9615523815155,0.5702833333333334,23.20737588405609,0.5409
snn_lif,5,19,128.00874733924866,0.58885,21.010938584804535,0.6023
snn_lif,5,20,123.95332109928131,0.61235,21.393804252147675,0.6073
snn_lif,5,21,120.4143939614296,0.6272166666666666,20.280632734298706,0.6273
snn_lif,5,22,116.8229187130928,0.6400666666666667,20.325689911842346,0.633
snn_lif,5,23,113.09447860717773,0.6528333333333334,19.27706104516983,0.6297
snn_lif,5,24,109.07412880659103,0.6670666666666667,18.460569262504578,0.6655
snn_lif,5,25,104.91414827108383,0.6853666666666667,17.706995368003845,0.6814
snn_lif,5,26,102.16766166687012,0.7059,16.90608847141266,0.7113
snn_lif,5,27,98.43853002786636,0.72255,19.16119682788849,0.6488
snn_lif,5,28,95.29485023021698,0.7364166666666667,15.752823114395142,0.7327
snn_lif,5,29,91.58337241411209,0.7531666666666667,16.340998888015747,0.7611
snn_lif,5,30,90.95983070135117,0.7568666666666667,14.962390184402466,0.761
snn_lif,5,31,87.5048919916153,0.7731333333333333,14.949767380952835,0.7768
snn_lif,5,32,84.25473415851593,0.7824333333333333,14.221942245960236,0.7713
snn_lif,5,33,83.38856160640717,0.78795,14.459625363349915,0.7945
snn_lif,5,34,80.9203889966011,0.7969,13.575557887554169,0.796
snn_lif,5,35,79.08426743745804,0.80355,13.21865302324295,0.7965
snn_lif,5,36,78.11784225702286,0.80875,12.968667954206467,0.784
snn_lif,5,37,76.08928400278091,0.81365,13.059731274843216,0.7934
snn_lif,5,38,74.58793008327484,0.8176166666666667,14.457176238298416,0.7775
snn_lif,5,39,74.37834113836288,0.8199833333333333,12.033342987298965,0.8124
snn_lif,5,40,72.35017636418343,0.8234,12.059553533792496,0.8058
snn_lif,5,41,70.3418405354023,0.8305,12.269394189119339,0.815
snn_lif,5,42,69.86497801542282,0.8310166666666666,11.80524155497551,0.8301
snn_lif,5,43,68.10733124613762,0.8348333333333333,12.961936384439468,0.8274
snn_lif,5,44,66.51898318529129,0.8407666666666667,12.749652177095413,0.811
snn_lif,5,45,67.22106382250786,0.83965,10.966386318206787,0.8423
snn_lif,5,46,64.77298966050148,0.8449,10.979059129953384,0.8463
snn_lif,5,47,63.033172845840454,0.8493666666666667,11.385978490114212,0.8374
snn_lif,5,48,62.41922062635422,0.8537,10.761862248182297,0.851
snn_lif,5,49,62.79195520281792,0.8528166666666667,11.197070270776749,0.8326
snn_lif,5,50,61.3643379509449,0.8557666666666667,10.825285911560059,0.839
snn_lif,5,51,60.012386441230774,0.8592,10.32065799832344,0.8616
snn_lif,5,52,59.435339003801346,0.8600833333333333,10.682585000991821,0.847
snn_lif,5,53,59.69410026073456,0.8580666666666666,10.705349832773209,0.8453
snn_lif,5,54,57.94442507624626,0.8642333333333333,11.61436465382576,0.8396
snn_lif,5,55,57.700080186128616,0.8642666666666666,9.9763885140419,0.8528
snn_lif,5,56,56.53794524073601,0.8675666666666667,9.984565824270248,0.8586
snn_lif,5,57,57.2524248957634,0.86475,10.052265524864197,0.8499
snn_lif,5,58,55.82762560248375,0.8686833333333334,10.204830437898636,0.8512
snn_lif,5,59,54.39654389023781,0.8715833333333334,9.190926939249039,0.8647
snn_lif,5,60,53.654548436403275,0.8735,9.399617344141006,0.861
snn_lif,5,61,55.16872265934944,0.8712166666666666,10.857628375291824,0.8426
snn_lif,5,62,53.94925057888031,0.8730833333333333,9.620969474315643,0.8596
snn_lif,5,63,53.059264063835144,0.8771333333333333,9.070852249860764,0.8714
snn_lif,5,64,53.996369540691376,0.8747333333333334,9.35842877626419,0.8664
snn_lif,5,65,53.007756412029266,0.8750833333333333,8.955120176076889,0.8791
snn_lif,5,66,52.84720030426979,0.8757166666666667,8.924562275409698,0.8812
snn_lif,5,67,52.6424466073513,0.87685,9.460232377052307,0.8702
snn_lif,5,68,52.21337205171585,0.8770666666666667,8.900578886270523,0.8778
snn_lif,5,69,50.56725677847862,0.8817833333333334,8.718652173876762,0.8783
snn_lif,5,70,51.4377883374691,0.8803666666666666,8.826319083571434,0.8764
snn_lif,5,71,49.9820539355278,0.8842666666666666,9.8318912088871,0.8519
snn_lif,5,72,50.06052723526955,0.8839166666666667,9.548387795686722,0.8627
snn_lif,5,73,50.09259796142578,0.8831,8.826482653617859,0.8691
snn_lif,5,74,49.10615946352482,0.88455,8.81233736872673,0.8767
snn_lif,5,75,48.19215193390846,0.8890166666666667,8.411761075258255,0.889
snn_lif,5,76,47.32787239551544,0.8891166666666667,8.64155027270317,0.8778
snn_lif,5,77,48.784824043512344,0.88565,7.966418758034706,0.8912
snn_lif,5,78,48.17428278923035,0.8875,8.195481032133102,0.8897
snn_lif,5,79,48.36369106173515,0.8880333333333333,8.622393310070038,0.8879
snn_lif,5,80,47.19323220849037,0.8898333333333334,8.52676147222519,0.882
snn_lif,5,81,45.79557144641876,0.89375,8.142792165279388,0.8847
snn_lif,5,82,45.15572899580002,0.89455,7.904803439974785,0.8862
snn_lif,5,83,45.128766387701035,0.8940833333333333,7.925609931349754,0.8862
snn_lif,5,84,45.4053538441658,0.8930333333333333,7.93333788216114,0.8917
snn_lif,5,85,45.68954110145569,0.8932,7.705622300505638,0.8923
snn_lif,5,86,43.56727147102356,0.8988333333333334,7.154136225581169,0.902
snn_lif,5,87,43.23594678938389,0.901,7.9682342410087585,0.893
snn_lif,5,88,42.190623909235,0.90205,7.379646956920624,0.8995
snn_lif,5,89,43.70688736438751,0.8985333333333333,7.827995404601097,0.8852
snn_lif,5,90,44.40407943725586,0.89455,7.792329728603363,0.883
snn_lif,5,91,43.49425467848778,0.8986166666666666,7.278906553983688,0.8968
snn_lif,5,92,43.02233828604221,0.9010166666666667,7.691449359059334,0.8902
snn_lif,5,93,42.9335278570652,0.9005,7.499316290020943,0.8887
snn_lif,5,94,42.8676383048296,0.90005,7.334444895386696,0.898
snn_lif,5,95,41.96123421192169,0.9018166666666667,6.988212049007416,0.9009
snn_lif,5,96,42.77835886180401,0.9007333333333334,7.235790804028511,0.9039
snn_lif,5,97,41.36940214037895,0.9037,7.2960035353899,0.8979
snn_lif,5,98,41.07278060913086,0.9035666666666666,7.252687603235245,0.897
snn_lif,5,99,39.329391688108444,0.9087,7.480481266975403,0.8973
snn_lif,5,100,40.64251983165741,0.9052,8.040152922272682,0.8711
snn_lif,5,101,38.90724955499172,0.9097166666666666,7.246456757187843,0.9017
snn_lif,5,102,40.092000260949135,0.9074166666666666,6.642070442438126,0.9038
snn_lif,5,103,39.067140236496925,0.9090333333333334,7.755537509918213,0.8861
snn_lif,5,104,39.12350918352604,0.9085666666666666,6.926812753081322,0.8967
snn_lif,5,105,39.074404656887054,0.9106666666666666,7.4763433039188385,0.8895
snn_lif,5,106,39.80702964961529,0.9071,7.880703166127205,0.8854
snn_lif,5,107,39.0682697892189,0.90905,6.69060106575489,0.9116
snn_lif,5,108,38.97421845793724,0.9083833333333333,6.515171751379967,0.9088
snn_lif,5,109,38.44342504441738,0.9103,6.766070947051048,0.9018
snn_lif,5,110,37.43931591510773,0.91295,6.799973875284195,0.9076
snn_lif,5,111,37.37676829099655,0.9132666666666667,6.662916392087936,0.9104
snn_lif,5,112,37.97882053256035,0.9107833333333333,6.4516086131334305,0.9132
snn_lif,5,113,38.00140757858753,0.9107833333333333,6.479068785905838,0.907
snn_lif,5,114,37.22432018816471,0.9123666666666667,6.398483499884605,0.9048
snn_lif,5,115,37.23413598537445,0.9130166666666667,6.447234317660332,0.9121
snn_lif,5,116,36.4530056566,0.9138,6.174486964941025,0.9117
snn_lif,5,117,36.830638095736504,0.9135166666666666,6.2401649206876755,0.912
snn_lif,5,118,37.272859781980515,0.9121666666666667,6.15170431137085,0.9163
snn_lif,5,119,36.312087684869766,0.9148333333333334,6.8774831891059875,0.9008
snn_lif,5,120,36.00860142707825,0.9150166666666667,6.096329718828201,0.9191
snn_lif,5,121,35.73695720732212,0.9175166666666666,6.775274112820625,0.9004
snn_lif,5,122,36.682108134031296,0.9133333333333333,6.388699695467949,0.907
snn_lif,5,123,37.91662971675396,0.9112,7.020412087440491,0.903
snn_lif,5,124,35.44388884305954,0.9172833333333333,6.379485562443733,0.9113
snn_lif,5,125,35.49303649365902,0.91705,6.088606908917427,0.9146
snn_lif,5,126,35.21252177655697,0.9190166666666667,6.50866374373436,0.9091
snn_lif,5,127,34.66906189918518,0.9193666666666667,6.685698628425598,0.8974
snn_lif,5,128,35.44467669725418,0.9177166666666666,6.207557782530785,0.9155
snn_lif,5,129,34.5506486594677,0.9203833333333333,6.031307235360146,0.9154
snn_lif,5,130,34.899514988064766,0.9182666666666667,6.79237075150013,0.8951
snn_lif,5,131,35.13963410258293,0.9185833333333333,6.402013272047043,0.9067
snn_lif,5,132,34.29512831568718,0.9196666666666666,6.243292286992073,0.912
snn_lif,5,133,34.13540671765804,0.9214333333333333,6.285233750939369,0.9174
snn_lif,5,134,34.07236376404762,0.9219833333333334,6.262495547533035,0.9124
snn_lif,5,135,33.60088685154915,0.9219833333333334,6.674000322818756,0.9042
snn_lif,5,136,34.87363789975643,0.9192833333333333,6.3582362830638885,0.9093
snn_lif,5,137,34.42146793007851,0.919,6.401920646429062,0.9078
snn_lif,5,138,34.06591776013374,0.9205333333333333,5.930952832102776,0.9167
snn_lif,5,139,34.26529036462307,0.9196,6.011670932173729,0.9127
snn_lif,5,140,33.21305766701698,0.9218833333333334,6.171408623456955,0.9127
snn_lif,5,141,33.56218320131302,0.9222166666666667,6.129526227712631,0.9088
snn_lif,5,142,33.79842062294483,0.92235,6.566905006766319,0.9082
snn_lif,5,143,33.780359983444214,0.9233,5.84298250079155,0.9192
snn_lif,5,144,33.85188540816307,0.9216166666666666,6.04148556292057,0.9129
snn_lif,5,145,33.05193413794041,0.9244833333333333,5.609657198190689,0.9251
snn_lif,5,146,33.11610008776188,0.9235833333333333,6.620524987578392,0.9131
snn_lif,5,147,33.142075434327126,0.9242333333333334,6.477467462420464,0.899
snn_lif,5,148,32.49175325036049,0.9245166666666667,6.249019339680672,0.9142
snn_lif,5,149,32.459575682878494,0.926,5.853423163294792,0.9246
snn_lif,5,150,32.324703365564346,0.9267166666666666,5.623306259512901,0.9227
snn_lif,5,151,32.94358013570309,0.9244166666666667,5.780083388090134,0.921
snn_lif,5,152,32.18520902097225,0.9253333333333333,5.975840047001839,0.917
snn_lif,5,153,32.505726739764214,0.9254166666666667,6.063191547989845,0.9152
snn_lif,5,154,33.806112959980965,0.92045,6.341076210141182,0.9086
snn_lif,5,155,32.63596384227276,0.9227,5.946085169911385,0.912
snn_lif,5,156,32.57131044566631,0.92515,5.91298645734787,0.9126
snn_lif,5,157,30.993376672267914,0.9282166666666667,6.142567999660969,0.9133
snn_lif,5,158,31.76588362455368,0.9281333333333334,5.989487171173096,0.9139
snn_lif,5,159,31.78996255993843,0.9259,6.249822482466698,0.9086
snn_lif,5,160,31.773152887821198,0.9256,6.217089369893074,0.9069
snn_lif,5,161,31.314938589930534,0.9268166666666666,5.89476951956749,0.9226
snn_lif,5,162,31.68220627307892,0.9259833333333334,5.778834104537964,0.9168
snn_lif,5,163,31.642917349934578,0.92625,5.702449694275856,0.9177
snn_lif,5,164,31.18010312318802,0.9281166666666667,6.283192008733749,0.9144
snn_lif,5,165,31.598521530628204,0.92775,6.102618098258972,0.9203
snn_lif,5,166,30.788707867264748,0.9295833333333333,5.69527967274189,0.9212
snn_lif,5,167,30.913985550403595,0.9279666666666667,6.116972163319588,0.9078
snn_lif,5,168,29.58245261013508,0.93185,5.871469169855118,0.9162
snn_lif,5,169,31.87694400548935,0.92675,5.526866227388382,0.9235
snn_lif,5,170,30.44257728755474,0.9293333333333333,5.484577059745789,0.925
snn_lif,5,171,31.67801620066166,0.92675,5.896211102604866,0.913
snn_lif,5,172,31.29010233283043,0.92745,5.751583427190781,0.9172
snn_lif,5,173,30.254124000668526,0.93025,6.498550429940224,0.9144
snn_lif,5,174,30.79748946428299,0.9282,5.675243511795998,0.9205
snn_lif,5,175,30.415735721588135,0.9292333333333334,5.53870053589344,0.9216
snn_lif,5,176,30.71347452700138,0.9291,5.6617272943258286,0.9234
snn_lif,5,177,29.949247106909752,0.9314166666666667,5.758242845535278,0.9212
snn_lif,5,178,28.917492628097534,0.9338666666666666,5.546870715916157,0.9277
snn_lif,5,179,29.73062290251255,0.9313333333333333,5.836000233888626,0.9255
snn_lif,5,180,30.107802838087082,0.9301833333333334,5.352407306432724,0.9285
snn_lif,5,181,29.976562172174454,0.9312833333333334,5.296348929405212,0.9309
snn_lif,5,182,29.464471235871315,0.9322,5.444352239370346,0.9249
snn_lif,5,183,29.863475784659386,0.9315833333333333,5.611757650971413,0.9247
snn_lif,5,184,29.331255808472633,0.9317166666666666,5.593066453933716,0.9172
snn_lif,5,185,29.631926715373993,0.9317833333333333,5.3585527539253235,0.9249
snn_lif,5,186,30.93541668355465,0.92845,5.496455803513527,0.9295
snn_lif,5,187,29.494182407855988,0.93215,5.624097481369972,0.927
snn_lif,5,188,30.027116894721985,0.9314666666666667,5.876588463783264,0.9194
snn_lif,5,189,29.400847271084785,0.9323666666666667,5.5516137927770615,0.9242
snn_lif,5,190,29.297185733914375,0.93185,5.6777132749557495,0.9227
snn_lif,5,191,29.550080746412277,0.9326666666666666,5.452601313591003,0.9202
snn_lif,5,192,29.16319242119789,0.9332333333333334,5.292641520500183,0.9219
snn_lif,5,193,28.520213186740875,0.9341833333333334,5.4255466014146805,0.925
snn_lif,5,194,28.037541523575783,0.93545,5.257604628801346,0.9289
snn_lif,5,195,28.705194637179375,0.9337666666666666,5.400046125054359,0.9238
snn_lif,5,196,28.24436415731907,0.9338166666666666,5.165539003908634,0.9303
snn_lif,5,197,28.560409411787987,0.9341833333333334,5.470595866441727,0.9259
snn_lif,5,198,28.521732211112976,0.9342666666666667,5.041267864406109,0.9311
snn_lif,5,199,29.41115678101778,0.93225,5.443835094571114,0.9256
snn_lif,5,200,27.952570915222168,0.9350333333333334,5.770995959639549,0.9203
snn_lif,5,201,29.67175094783306,0.9305833333333333,5.465414598584175,0.9217
snn_lif,5,202,28.440584361553192,0.9339333333333333,5.541728720068932,0.9212
snn_lif,5,203,28.383833408355713,0.9344166666666667,5.109988749027252,0.9306
snn_lif,5,204,28.09413343667984,0.9352,5.346423998475075,0.9276
snn_lif,5,205,29.293547362089157,0.93305,5.395247757434845,0.9217
snn_lif,5,206,28.460807651281357,0.9342666666666667,5.2403691709041595,0.9266
snn_lif,5,207,27.91182516515255,0.9359666666666666,5.1701231598854065,0.9282
snn_lif,5,208,27.1123408973217,0.9368833333333333,4.983189806342125,0.927
snn_lif,5,209,27.926057055592537,0.9360666666666667,5.101929813623428,0.9305
snn_lif,5,210,27.18681964278221,0.9366333333333333,5.071882963180542,0.9303
snn_lif,5,211,26.987350329756737,0.9381666666666667,5.303112059831619,0.9222
snn_lif,5,212,27.54973904788494,0.93735,4.963404484093189,0.9297
snn_lif,5,213,27.72007419168949,0.9357,5.192384168505669,0.9263
snn_lif,5,214,27.25603884458542,0.9369,5.240276426076889,0.9272
snn_lif,5,215,27.679492443799973,0.9362666666666667,5.797241792082787,0.9237
snn_lif,5,216,27.31800927221775,0.9368,5.039830066263676,0.9272
snn_lif,5,217,26.86938413977623,0.9379166666666666,5.49999862909317,0.9179
snn_lif,5,218,27.45916213095188,0.9363833333333333,5.3849586099386215,0.9236
snn_lif,5,219,27.78170296549797,0.9361333333333334,5.138156086206436,0.9311
snn_lif,5,220,27.480866312980652,0.9357666666666666,5.116695195436478,0.928
snn_lif,5,221,27.4203572422266,0.9366666666666666,5.00485272705555,0.929
snn_lif,5,222,26.93233734369278,0.9375333333333333,5.036484144628048,0.929
snn_lif,5,223,26.97220343351364,0.9377333333333333,5.2700264528393745,0.9277
snn_lif,5,224,27.678093552589417,0.9353666666666667,5.49317242205143,0.9202
snn_lif,5,225,27.109876826405525,0.9376833333333333,5.170893125236034,0.929
snn_lif,5,226,27.446503654122353,0.93695,4.897218979895115,0.9313
snn_lif,5,227,26.660711109638214,0.9387333333333333,5.006147637963295,0.9332
snn_lif,5,228,26.813052527606487,0.9383833333333333,4.733206458389759,0.9316
snn_lif,5,229,26.401949010789394,0.9393666666666667,5.330567687749863,0.9321
snn_lif,5,230,26.032687164843082,0.9404166666666667,5.466533929109573,0.9231
snn_lif,5,231,26.680555626749992,0.9374166666666667,5.689189106225967,0.9224
snn_lif,5,232,27.23259174823761,0.9384,4.902022212743759,0.928
snn_lif,5,233,26.842487305402756,0.9392833333333334,5.198123186826706,0.9298
snn_lif,5,234,26.83590905368328,0.93785,5.163290783762932,0.9281
snn_lif,5,235,26.46192169189453,0.9385,5.187110900878906,0.9264
snn_lif,5,236,25.50393259525299,0.9396833333333333,5.099657475948334,0.9289
snn_lif,5,237,26.595098197460175,0.9378833333333333,4.968941010534763,0.936
snn_lif,5,238,27.05704292654991,0.9380833333333334,5.041782632470131,0.9306
snn_lif,5,239,25.800377398729324,0.9404333333333333,5.04749658703804,0.9281
snn_lif,5,240,26.061070188879967,0.9397833333333333,4.783906072378159,0.9362
snn_lif,5,241,25.88521182537079,0.9411666666666667,5.207926005125046,0.9281
snn_lif,5,242,25.52557435631752,0.9405833333333333,5.174321010708809,0.9313
snn_lif,5,243,25.794082134962082,0.93965,4.9025693610310555,0.9332
snn_lif,5,244,25.763467326760292,0.9408166666666666,4.887095183134079,0.9324
snn_lif,5,245,26.72549006342888,0.93855,5.177929289638996,0.9234
snn_lif,5,246,26.126405339688063,0.9401,5.130459047853947,0.9326
snn_lif,5,247,26.112003833055496,0.9391166666666667,4.826937347650528,0.9347
snn_lif,5,248,26.38065403699875,0.9382333333333334,5.036294713616371,0.9277
snn_lif,5,249,25.01951138675213,0.94205,4.845674246549606,0.9296
snn_lif,5,250,25.054613545536995,0.9421333333333334,4.932103782892227,0.9289
snn_lif,5,251,25.740448772907257,0.94035,4.77802100777626,0.936
snn_lif,5,252,26.107140973210335,0.9398,4.8049914836883545,0.9355
snn_lif,5,253,24.59401424229145,0.9429166666666666,4.832421146333218,0.9343
snn_lif,5,254,25.064950734376907,0.94305,4.6638200879096985,0.9321
snn_lif,5,255,24.834256276488304,0.9423666666666667,4.814097620546818,0.9321
snn_lif,5,256,25.08746536076069,0.9425833333333333,5.279520213603973,0.9207
snn_lif,5,257,25.2715545296669,0.9417,4.9277956038713455,0.9266
snn_lif,5,258,25.23973849415779,0.9410833333333334,5.020594857633114,0.9284
snn_lif,5,259,25.066258922219276,0.9411333333333334,5.0180118680000305,0.9333
snn_lif,5,260,24.989094480872154,0.9421333333333334,4.828926675021648,0.9322
snn_lif,5,261,24.36281755566597,0.9432666666666667,5.010022222995758,0.9319
snn_lif,5,262,25.76969088613987,0.9406166666666667,4.878596410155296,0.9325
snn_lif,5,263,24.99077831208706,0.9431166666666667,5.025673255324364,0.9308
snn_lif,5,264,25.6450517475605,0.9415833333333333,5.0138155445456505,0.9309
snn_lif,5,265,24.604956850409508,0.9431166666666667,4.991127371788025,0.9289
snn_lif,5,266,24.570341542363167,0.94385,4.742251992225647,0.9357
snn_lif,5,267,24.589202508330345,0.9444166666666667,5.39303681999445,0.9188
snn_lif,5,268,25.134522810578346,0.9416333333333333,4.771328181028366,0.9307
snn_lif,5,269,23.746177852153778,0.9449833333333333,4.496725976467133,0.9345
snn_lif,5,270,23.511670842766762,0.9461666666666667,4.794908218085766,0.9334
snn_lif,5,271,24.61544146388769,0.9439333333333333,4.827879466116428,0.9309
snn_lif,5,272,23.834867492318153,0.9454666666666667,4.728238962590694,0.9334
snn_lif,5,273,24.790126621723175,0.9432333333333334,4.774866066873074,0.9362
snn_lif,5,274,24.92675232887268,0.9434166666666667,5.2064137905836105,0.9243
snn_lif,5,275,24.006905436515808,0.94495,4.563390716910362,0.9359
snn_lif,5,276,24.22839369624853,0.9436666666666667,5.085133656859398,0.9312
snn_lif,5,277,24.171303927898407,0.9441333333333334,4.833092354238033,0.9376
snn_lif,5,278,24.76036049425602,0.9424166666666667,5.001327231526375,0.9324
snn_lif,5,279,25.019078843295574,0.9433333333333334,4.566947177052498,0.9399
snn_lif,5,280,24.122053891420364,0.9450666666666667,5.1181725561618805,0.9289
snn_lif,5,281,24.495645239949226,0.9447833333333333,4.900286868214607,0.9345
snn_lif,5,282,23.986194610595703,0.9458,4.938996374607086,0.9344
snn_lif,5,283,24.040904201567173,0.9441666666666667,4.351300403475761,0.9375
snn_lif,5,284,24.222863845527172,0.9446666666666667,5.208968348801136,0.9324
snn_lif,5,285,24.19465020298958,0.9445333333333333,4.792859233915806,0.9318
snn_lif,5,286,23.47204588353634,0.9453666666666667,4.55728018283844,0.9365
snn_lif,5,287,23.550168424844742,0.9453,4.530742429196835,0.9338
snn_lif,5,288,24.128478683531284,0.9446666666666667,4.617856048047543,0.9384
snn_lif,5,289,23.1992859095335,0.9463666666666667,4.820874989032745,0.9322
snn_lif,5,290,24.393881373107433,0.94375,4.845712885260582,0.9293
snn_lif,5,291,23.990862786769867,0.9452166666666667,4.8676804304122925,0.9294
snn_lif,5,292,23.382388964295387,0.9475166666666667,5.291883945465088,0.9225
snn_lif,5,293,23.779831901192665,0.9459833333333333,4.86416170746088,0.9281
snn_lif,5,294,24.212800182402134,0.9440666666666667,4.924597606062889,0.9281
snn_lif,5,295,23.973745942115784,0.9450833333333334,4.912381514906883,0.9357
snn_lif,5,296,23.216373175382614,0.9471666666666667,5.160835474729538,0.9253
snn_lif,5,297,23.311703830957413,0.9466666666666667,4.625499360263348,0.935
snn_lif,5,298,22.953922644257545,0.94665,4.661532625555992,0.9378
snn_lif,5,299,23.359077386558056,0.9465166666666667,4.881097450852394,0.9324
snn_lif,5,300,22.79027384519577,0.9474333333333333,4.566500604152679,0.9356
snn_synaptic,1,1,233.869349360466,0.36743333333333333,34.04246139526367,0.5076
snn_synaptic,1,2,178.39248073101044,0.55985,26.933902859687805,0.5787
snn_synaptic,1,3,146.99562990665436,0.6327166666666667,22.829846739768982,0.637
snn_synaptic,1,4,123.99912852048874,0.6802166666666667,19.022512018680573,0.7112
snn_synaptic,1,5,108.27120345830917,0.7191333333333333,17.15333980321884,0.717
snn_synaptic,1,6,98.47658407688141,0.7403,15.649558544158936,0.7643
snn_synaptic,1,7,90.2203803062439,0.7624833333333333,14.376239717006683,0.7718
snn_synaptic,1,8,85.0265793800354,0.7727,13.60100942850113,0.7873
snn_synaptic,1,9,78.9018006324768,0.78935,12.617457509040833,0.8034
snn_synaptic,1,10,74.43260362744331,0.8002333333333334,12.888264209032059,0.7793
snn_synaptic,1,11,70.54071933031082,0.8136833333333333,12.164051949977875,0.8058
snn_synaptic,1,12,68.51597574353218,0.8164166666666667,11.021482914686203,0.8084
snn_synaptic,1,13,65.88364520668983,0.8247666666666666,10.991030901670456,0.8335
snn_synaptic,1,14,63.96412006020546,0.8299333333333333,10.303447633981705,0.8346
snn_synaptic,1,15,60.771879345178604,0.8386,9.9734867811203,0.8394
snn_synaptic,1,16,58.224991500377655,0.84645,10.646669685840607,0.8302
snn_synaptic,1,17,57.931002736091614,0.84735,9.526822239160538,0.8391
snn_synaptic,1,18,55.62125772237778,0.8538,9.002625048160553,0.8577
snn_synaptic,1,19,54.800189793109894,0.8560666666666666,10.079916775226593,0.8409
snn_synaptic,1,20,53.79977962374687,0.8581,8.267370983958244,0.8725
snn_synaptic,1,21,51.37455576658249,0.8647333333333334,8.400711208581924,0.865
snn_synaptic,1,22,50.9352285861969,0.8667666666666667,9.109574109315872,0.8639
snn_synaptic,1,23,48.85671243071556,0.8722666666666666,8.352452158927917,0.8707
snn_synaptic,1,24,49.87582355737686,0.8683333333333333,8.197843432426453,0.874
snn_synaptic,1,25,47.46701726317406,0.8753166666666666,7.746802017092705,0.8804
snn_synaptic,1,26,46.73323339223862,0.8768666666666667,7.554861202836037,0.873
snn_synaptic,1,27,44.70085480809212,0.8845666666666666,7.784805312752724,0.8771
snn_synaptic,1,28,44.69915094971657,0.88305,7.505082800984383,0.8832
snn_synaptic,1,29,42.85803934931755,0.8874166666666666,7.103863000869751,0.8829
snn_synaptic,1,30,42.888503298163414,0.8900333333333333,7.4546747505664825,0.878
snn_synaptic,1,31,41.72754925489426,0.8915166666666666,6.534818783402443,0.9008
snn_synaptic,1,32,42.462513625621796,0.89,6.726374238729477,0.9
snn_synaptic,1,33,41.634253561496735,0.8917833333333334,6.86576846241951,0.8928
snn_synaptic,1,34,40.55727618932724,0.89515,7.082111448049545,0.8855
snn_synaptic,1,35,40.228099316358566,0.89655,7.687366262078285,0.879
snn_synaptic,1,36,39.892873615026474,0.8969333333333334,6.430333077907562,0.8998
snn_synaptic,1,37,39.36354625225067,0.89915,6.854393288493156,0.8888
snn_synaptic,1,38,38.21169312298298,0.9011833333333333,6.390306740999222,0.8942
snn_synaptic,1,39,38.68684561550617,0.9011333333333333,6.720294460654259,0.8851
snn_synaptic,1,40,38.80277366936207,0.8995166666666666,7.425490289926529,0.8841
snn_synaptic,1,41,38.722437143325806,0.9007333333333334,6.907087028026581,0.886
snn_synaptic,1,42,37.36724804341793,0.9047166666666666,6.157335728406906,0.8931
snn_synaptic,1,43,36.83130072057247,0.9050833333333334,6.09282810986042,0.8979
snn_synaptic,1,44,36.64829510450363,0.90585,6.3394253849983215,0.9032
snn_synaptic,1,45,37.218105271458626,0.90375,6.346526920795441,0.9016
snn_synaptic,1,46,37.680915862321854,0.9032166666666667,6.2093427032232285,0.911
snn_synaptic,1,47,37.13116030395031,0.9059666666666667,6.244750216603279,0.9031
snn_synaptic,1,48,36.02794508635998,0.9076833333333333,6.368324801325798,0.8944
snn_synaptic,1,49,36.41656456887722,0.9060833333333334,5.6508132964372635,0.9113
snn_synaptic,1,50,34.76921704411507,0.9112666666666667,5.8863129913806915,0.9016
snn_synaptic,1,51,34.73588752746582,0.91025,6.147281914949417,0.8946
snn_synaptic,1,52,35.38375860452652,0.9094333333333333,5.685744345188141,0.9014
snn_synaptic,1,53,35.130007833242416,0.9105,5.669738784432411,0.9105
snn_synaptic,1,54,33.740761920809746,0.9121666666666667,5.91020767390728,0.9083
snn_synaptic,1,55,34.45619297027588,0.91025,5.975623607635498,0.9044
snn_synaptic,1,56,33.55571337044239,0.9136333333333333,5.776210904121399,0.9104
snn_synaptic,1,57,33.57090604305267,0.9137666666666666,5.841982714831829,0.9076
snn_synaptic,1,58,33.22364158928394,0.9138,5.606151580810547,0.9039
snn_synaptic,1,59,33.075349256396294,0.9148,5.624916166067123,0.9093
snn_synaptic,1,60,32.79877173900604,0.9168833333333334,5.33375096321106,0.9166
snn_synaptic,1,61,33.40902003645897,0.9141333333333334,5.555710434913635,0.9166
snn_synaptic,1,62,33.6160549223423,0.9141,6.154892191290855,0.8966
snn_synaptic,1,63,33.403024435043335,0.91405,6.236898958683014,0.9015
snn_synaptic,1,64,32.78914372622967,0.91495,5.805466488003731,0.906
snn_synaptic,1,65,32.7440837174654,0.9167666666666666,6.121053040027618,0.9112
snn_synaptic,1,66,33.22239896655083,0.9148,5.915354743599892,0.9018
snn_synaptic,1,67,30.654905915260315,0.92035,5.18909990042448,0.9244
snn_synaptic,1,68,30.46506103873253,0.9214833333333333,5.668394640088081,0.9118
snn_synaptic,1,69,31.813752874732018,0.9192166666666667,5.474850967526436,0.9125
snn_synaptic,1,70,33.128183633089066,0.9156833333333333,6.16803215444088,0.8956
snn_synaptic,1,71,31.02557924389839,0.9202666666666667,5.581772826611996,0.9139
snn_synaptic,1,72,31.735022082924843,0.9183333333333333,5.329105205833912,0.9112
snn_synaptic,1,73,31.830792158842087,0.9180666666666667,5.546756863594055,0.9088
snn_synaptic,1,74,30.392029136419296,0.9214,5.353799745440483,0.9114
snn_synaptic,1,75,32.51401388645172,0.9168833333333334,5.658883586525917,0.9089
snn_synaptic,1,76,31.383310347795486,0.9201,5.5279572159051895,0.8987
snn_synaptic,1,77,32.053438141942024,0.9169333333333334,5.210366725921631,0.9189
snn_synaptic,1,78,30.277765676379204,0.9214333333333333,5.220007553696632,0.9174
snn_synaptic,1,79,29.885567843914032,0.92385,5.247741311788559,0.9197
snn_synaptic,1,80,29.511085376143456,0.9248,4.976756952702999,0.9195
snn_synaptic,1,81,29.32811936736107,0.9259,5.459573656320572,0.9148
snn_synaptic,1,82,28.946245953440666,0.9254666666666667,5.858978509902954,0.9054
snn_synaptic,1,83,29.295474141836166,0.92515,5.803483322262764,0.9095
snn_synaptic,1,84,29.655630126595497,0.9236333333333333,5.1714195385575294,0.9184
snn_synaptic,1,85,29.03757195174694,0.92555,6.272773563861847,0.8995
snn_synaptic,1,86,29.14461475610733,0.9250666666666667,4.978566408157349,0.9208
snn_synaptic,1,87,27.976320073008537,0.92795,4.769267372786999,0.928
snn_synaptic,1,88,28.775994151830673,0.92515,5.401188217103481,0.9063
snn_synaptic,1,89,29.929791063070297,0.9240166666666667,5.3490578681230545,0.9197
snn_synaptic,1,90,29.686556071043015,0.92355,5.392310276627541,0.9181
snn_synaptic,1,91,28.880076944828033,0.92625,5.459956414997578,0.9126
snn_synaptic,1,92,29.49899971485138,0.9244333333333333,5.390452943742275,0.9122
snn_synaptic,1,93,27.83424723148346,0.9285333333333333,5.241186641156673,0.9131
snn_synaptic,1,94,28.477273046970367,0.9275333333333333,4.845253087580204,0.9149
snn_synaptic,1,95,27.385106027126312,0.93045,5.035105511546135,0.9123
snn_synaptic,1,96,28.65818153321743,0.9279166666666666,4.970960818231106,0.9186
snn_synaptic,1,97,28.46083891391754,0.9260166666666667,4.775324009358883,0.9231
snn_synaptic,1,98,27.96471530199051,0.9275,4.893471583724022,0.9239
snn_synaptic,1,99,27.949147686362267,0.92745,4.931286670267582,0.918
snn_synaptic,1,100,28.30738364160061,0.9274166666666667,4.730779565870762,0.9236
snn_synaptic,1,101,27.773779571056366,0.9293333333333333,4.995864637196064,0.9247
snn_synaptic,1,102,28.5056199580431,0.9277,4.738997370004654,0.9257
snn_synaptic,1,103,28.125322565436363,0.9279833333333334,4.966070905327797,0.9244
snn_synaptic,1,104,27.556963965296745,0.92925,6.456389859318733,0.8977
snn_synaptic,1,105,28.249659217894077,0.92715,5.055629655718803,0.9218
snn_synaptic,1,106,27.292897552251816,0.9296833333333333,5.049357391893864,0.9198
snn_synaptic,1,107,26.75691206753254,0.9319333333333333,4.7247647270560265,0.9221
snn_synaptic,1,108,27.218190774321556,0.9303333333333333,5.055204816162586,0.9239
snn_synaptic,1,109,26.698539212346077,0.9314666666666667,4.568724140524864,0.9254
snn_synaptic,1,110,26.621817015111446,0.9297333333333333,4.705208070576191,0.9183
snn_synaptic,1,111,26.62001121044159,0.93145,4.770579598844051,0.9242
snn_synaptic,1,112,26.666904374957085,0.9309833333333334,4.343948297202587,0.9331
snn_synaptic,1,113,27.03075921535492,0.9305,5.243428736925125,0.9205
snn_synaptic,1,114,26.692297220230103,0.9313166666666667,4.409911639988422,0.9295
snn_synaptic,1,115,26.099189028143883,0.9325666666666667,4.400306060910225,0.9322
snn_synaptic,1,116,26.773332312703133,0.9307333333333333,4.669092983007431,0.934
snn_synaptic,1,117,26.272349424660206,0.9327833333333333,4.373051941394806,0.924
snn_synaptic,1,118,26.179162733256817,0.9321333333333334,4.649596735835075,0.9326
snn_synaptic,1,119,25.56799177825451,0.9346166666666667,4.617735855281353,0.9289
snn_synaptic,1,120,25.43896648287773,0.9352666666666667,5.022380627691746,0.92
snn_synaptic,1,121,25.92915055155754,0.9333833333333333,4.440041497349739,0.9328
snn_synaptic,1,122,25.468959391117096,0.9341833333333334,4.375722251832485,0.9285
snn_synaptic,1,123,25.142655193805695,0.9355833333333333,4.540297225117683,0.9253
snn_synaptic,1,124,26.07380600273609,0.9323666666666667,4.853564769029617,0.9101
snn_synaptic,1,125,26.170457780361176,0.9330666666666667,4.702833019196987,0.9244
snn_synaptic,1,126,25.89613938331604,0.9329,4.595737062394619,0.9297
snn_synaptic,1,127,25.73727310448885,0.9346666666666666,4.593453526496887,0.9295
snn_synaptic,1,128,25.93422680348158,0.9340166666666667,4.8537750616669655,0.92
snn_synaptic,1,129,25.729340836405754,0.9341666666666667,4.736079894006252,0.9234
snn_synaptic,1,130,26.0236304551363,0.9339333333333333,4.847018331289291,0.9292
snn_synaptic,1,131,25.669049307703972,0.9344166666666667,4.560509614646435,0.9267
snn_synaptic,1,132,24.70505528151989,0.9363166666666667,4.405677393078804,0.9344
snn_synaptic,1,133,24.731900542974472,0.93635,4.693043000996113,0.9277
snn_synaptic,1,134,24.751713827252388,0.9365166666666667,5.187741935253143,0.9201
snn_synaptic,1,135,24.20093558728695,0.93825,4.417906805872917,0.9301
snn_synaptic,1,136,24.05950053036213,0.9390666666666667,4.41731122136116,0.9265
snn_synaptic,1,137,23.804332561790943,0.9387666666666666,4.73572813719511,0.9276
snn_synaptic,1,138,24.541889175772667,0.9376166666666667,5.433353625237942,0.9037
snn_synaptic,1,139,26.988949805498123,0.93145,4.506338320672512,0.9288
snn_synaptic,1,140,24.546674102544785,0.93645,4.44596741348505,0.927
snn_synaptic,1,141,25.032257668673992,0.9374333333333333,4.232375830411911,0.9305
snn_synaptic,1,142,24.181891195476055,0.93765,5.12210788577795,0.9167
snn_synaptic,1,143,24.903348430991173,0.9358,4.70165541023016,0.9266
snn_synaptic,1,144,24.386545196175575,0.93855,4.67527075111866,0.9266
snn_synaptic,1,145,23.72709034383297,0.9399666666666666,4.484118424355984,0.9313
snn_synaptic,1,146,24.165292777121067,0.9378333333333333,4.412338264286518,0.9294
snn_synaptic,1,147,24.429193377494812,0.9374833333333333,4.496625326573849,0.9242
snn_synaptic,1,148,24.227168072015047,0.9382,4.994115374982357,0.9211
snn_synaptic,1,149,24.465583950281143,0.9371833333333334,4.262774109840393,0.928
snn_synaptic,1,150,23.921398043632507,0.9377333333333333,4.703081764280796,0.9283
snn_synaptic,1,151,24.121243610978127,0.9382166666666667,5.513549387454987,0.9006
snn_synaptic,1,152,24.130382768809795,0.9390666666666667,4.513194777071476,0.9239
snn_synaptic,1,153,23.903930515050888,0.9386833333333333,4.7688844203948975,0.9261
snn_synaptic,1,154,25.056620836257935,0.93555,4.31928763538599,0.9306
snn_synaptic,1,155,25.281053140759468,0.9355333333333333,4.817965053021908,0.9245
snn_synaptic,1,156,24.46078097075224,0.9381,4.8661210015416145,0.9187
snn_synaptic,1,157,24.582108356058598,0.93635,4.324542440474033,0.9277
snn_synaptic,1,158,23.581212997436523,0.9403666666666667,4.341218665242195,0.9284
snn_synaptic,1,159,24.22929210215807,0.9375833333333333,4.786546781659126,0.9246
snn_synaptic,1,160,24.273757874965668,0.93875,4.551703065633774,0.9275
snn_synaptic,1,161,24.296662464737892,0.9388166666666666,4.269579038023949,0.9323
snn_synaptic,1,162,23.745573982596397,0.93995,4.5482922196388245,0.9338
snn_synaptic,1,163,23.461739271879196,0.9403333333333334,4.437100723385811,0.9371
snn_synaptic,1,164,24.65406109392643,0.9360666666666667,4.415088266134262,0.9302
snn_synaptic,1,165,23.89401440322399,0.9379833333333333,5.209070414304733,0.9165
snn_synaptic,1,166,24.4537608101964,0.9371333333333334,4.62046729773283,0.9305
snn_synaptic,1,167,23.322030805051327,0.9389,4.171768568456173,0.9346
snn_synaptic,1,168,23.6131574138999,0.9403333333333334,4.802684411406517,0.9189
snn_synaptic,1,169,24.204767048358917,0.938,4.994896464049816,0.9085
snn_synaptic,1,170,24.291168048977852,0.9370666666666667,4.464288808405399,0.9366
snn_synaptic,1,171,23.751301541924477,0.93845,4.368399366736412,0.9357
snn_synaptic,1,172,23.753097772598267,0.9397833333333333,4.461276829242706,0.9356
snn_synaptic,1,173,24.103164419531822,0.9375833333333333,4.229743029922247,0.9318
snn_synaptic,1,174,22.368518985807896,0.9424333333333333,4.049301542341709,0.9334
snn_synaptic,1,175,22.94973151385784,0.9420833333333334,4.507788464426994,0.921
snn_synaptic,1,176,24.242448434233665,0.9381666666666667,4.836930088698864,0.9333
snn_synaptic,1,177,23.30171948671341,0.9394,4.370266206562519,0.9301
snn_synaptic,1,178,22.898157566785812,0.9405333333333333,5.032780788838863,0.9141
snn_synaptic,1,179,23.688699647784233,0.939,4.4179897159338,0.9231
snn_synaptic,1,180,23.63940380513668,0.9388333333333333,5.006655029952526,0.9228
snn_synaptic,1,181,22.69068679213524,0.94105,4.252025634050369,0.9321
snn_synaptic,1,182,23.444217316806316,0.9403166666666667,4.03643636405468,0.9405
snn_synaptic,1,183,23.3877020329237,0.9411,4.613399505615234,0.9211
snn_synaptic,1,184,23.17745415866375,0.9398,4.181124776601791,0.9302
snn_synaptic,1,185,23.59794893860817,0.9401833333333334,4.255750820040703,0.9234
snn_synaptic,1,186,23.596152804791927,0.9402,4.271302450448275,0.9308
snn_synaptic,1,187,22.916709430515766,0.941,4.478661887347698,0.9167
snn_synaptic,1,188,22.79856851696968,0.9426666666666667,4.118599832057953,0.9329
snn_synaptic,1,189,21.922639347612858,0.9435333333333333,4.093388266861439,0.9332
snn_synaptic,1,190,22.594709016382694,0.9415333333333333,4.4984080120921135,0.9246
snn_synaptic,1,191,22.476611234247684,0.9428,4.200016625225544,0.9293
snn_synaptic,1,192,22.832141265273094,0.9406166666666667,4.138333421200514,0.9338
snn_synaptic,1,193,22.30764229595661,0.94305,4.146571360528469,0.9311
snn_synaptic,1,194,21.801956325769424,0.94415,3.9239222705364227,0.9405
snn_synaptic,1,195,21.837000742554665,0.94465,4.062499992549419,0.9335
snn_synaptic,1,196,23.006432950496674,0.9409,4.590266086161137,0.9245
snn_synaptic,1,197,22.103283017873764,0.9429833333333333,3.983723059296608,0.9352
snn_synaptic,1,198,21.540203042328358,0.9452666666666667,4.189275644719601,0.9334
snn_synaptic,1,199,21.85560940951109,0.9432666666666667,4.071357473731041,0.9358
snn_synaptic,1,200,22.013107873499393,0.9438,4.301740698516369,0.9206
snn_synaptic,1,201,23.031972631812096,0.9410333333333334,4.165995232760906,0.929
snn_synaptic,1,202,22.704802110791206,0.9419666666666666,4.228447064757347,0.9352
snn_synaptic,1,203,21.744736522436142,0.94365,4.16225228458643,0.9355
snn_synaptic,1,204,21.955433826893568,0.9422833333333334,4.467976920306683,0.9231
snn_synaptic,1,205,21.749328941106796,0.9440666666666667,3.9530171528458595,0.928
snn_synaptic,1,206,22.021005362272263,0.9440666666666667,4.492301024496555,0.929
snn_synaptic,1,207,22.395155623555183,0.94235,4.150607496500015,0.9366
snn_synaptic,1,208,21.916950717568398,0.94315,4.478123605251312,0.9147
snn_synaptic,1,209,23.18009017407894,0.9405166666666667,4.257761925458908,0.9271
snn_synaptic,1,210,21.720054678618908,0.94405,4.348728068172932,0.927
snn_synaptic,1,211,21.598292604088783,0.9440833333333334,4.305484168231487,0.9285
snn_synaptic,1,212,22.349088743329048,0.9423833333333334,4.582400478422642,0.9263
snn_synaptic,1,213,22.31930098682642,0.9427666666666666,4.49765507131815,0.933
snn_synaptic,1,214,22.60412596166134,0.9425666666666667,4.199985884130001,0.9258
snn_synaptic,1,215,22.37362390011549,0.9426666666666667,4.053999826312065,0.9366
snn_synaptic,1,216,22.221099361777306,0.9430333333333333,4.393920049071312,0.9279
snn_synaptic,1,217,21.742830879986286,0.94485,4.605554476380348,0.9229
snn_synaptic,1,218,21.208418387919664,0.9462166666666667,3.7590317986905575,0.9396
snn_synaptic,1,219,22.44509718567133,0.9426333333333333,4.203502431511879,0.9309
snn_synaptic,1,220,22.539394952356815,0.9431,3.935096487402916,0.9294
snn_synaptic,1,221,22.18863247334957,0.9439,4.04014590382576,0.9333
snn_synaptic,1,222,22.454050093889236,0.94195,4.088891819119453,0.9357
snn_synaptic,1,223,21.877179071307182,0.9439,4.1130881905555725,0.927
snn_synaptic,1,224,22.637710198760033,0.94115,4.354112721979618,0.9218
snn_synaptic,1,225,21.397555261850357,0.94545,4.111250102519989,0.9224
snn_synaptic,1,226,21.50351020693779,0.9437833333333333,4.33883311599493,0.9298
snn_synaptic,1,227,21.323358714580536,0.9452,4.112653434276581,0.9351
snn_synaptic,1,228,21.495155960321426,0.94505,4.384238079190254,0.9263
snn_synaptic,1,229,21.775852367281914,0.9439666666666666,4.093741990625858,0.9352
snn_synaptic,1,230,21.650397546589375,0.94435,4.34698411077261,0.9366
snn_synaptic,1,231,21.589072205126286,0.9445333333333333,4.137570209801197,0.93
snn_synaptic,1,232,22.087732143700123,0.9430833333333334,3.8657826483249664,0.9417
snn_synaptic,1,233,21.566817075014114,0.94415,4.3186633959412575,0.9331
snn_synaptic,1,234,21.17997995018959,0.9456333333333333,3.761352278292179,0.939
snn_synaptic,1,235,21.690346516668797,0.9438333333333333,4.109579980373383,0.9338
snn_synaptic,1,236,21.286663979291916,0.9454666666666667,4.431223027408123,0.9316
snn_synaptic,1,237,21.18858053535223,0.9453166666666667,4.061046667397022,0.9302
snn_synaptic,1,238,21.888449423015118,0.9433333333333334,4.169864244759083,0.9298
snn_synaptic,1,239,21.363620221614838,0.9446333333333333,4.335807286202908,0.9342
snn_synaptic,1,240,21.585381485521793,0.94485,4.095570556819439,0.9379
snn_synaptic,1,241,20.69983096420765,0.9460333333333333,3.8905116468667984,0.9367
snn_synaptic,1,242,22.193741768598557,0.9422666666666667,4.2121472135186195,0.9355
snn_synaptic,1,243,21.072495110332966,0.94625,4.0764931961894035,0.9455
snn_synaptic,1,244,21.106138549745083,0.9459333333333333,4.144207060337067,0.9383
snn_synaptic,1,245,21.925523713231087,0.9431,4.099233023822308,0.9373
snn_synaptic,1,246,21.174463152885437,0.9451,3.8849245756864548,0.9414
snn_synaptic,1,247,21.17523794621229,0.9449833333333333,3.848023220896721,0.93
snn_synaptic,1,248,20.901783518493176,0.9457833333333333,4.0564024746418,0.9348
snn_synaptic,1,249,21.952312789857388,0.9430666666666667,4.317007839679718,0.9275
snn_synaptic,1,250,21.673178896307945,0.9440666666666667,4.038397386670113,0.9369
snn_synaptic,1,251,21.631158590316772,0.94455,3.976711980998516,0.9305
snn_synaptic,1,252,20.678077526390553,0.9467666666666666,3.79718891531229,0.939
snn_synaptic,1,253,20.887092381715775,0.9469166666666666,3.806683301925659,0.9415
snn_synaptic,1,254,20.82168360054493,0.94585,3.784028261899948,0.9343
snn_synaptic,1,255,21.58342571556568,0.9457,3.9476062431931496,0.9309
snn_synaptic,1,256,21.170789793133736,0.9452666666666667,4.288896262645721,0.9299
snn_synaptic,1,257,21.24088630080223,0.9455,4.385904096066952,0.9276
snn_synaptic,1,258,21.26601482182741,0.9454333333333333,3.8609359860420227,0.9389
snn_synaptic,1,259,21.437242329120636,0.9447,3.8520444110035896,0.9322
snn_synaptic,1,260,21.124056354165077,0.9461166666666667,5.083674140274525,0.9029
snn_synaptic,1,261,20.70963004231453,0.9468333333333333,4.63921295851469,0.9186
snn_synaptic,1,262,20.99493996053934,0.946,4.254758834838867,0.9288
snn_synaptic,1,263,21.215867169201374,0.9444666666666667,4.26962435990572,0.9287
snn_synaptic,1,264,21.391570650041103,0.9451833333333334,4.060406059026718,0.9403
snn_synaptic,1,265,20.659204937517643,0.9458,4.385481156408787,0.9215
snn_synaptic,1,266,21.056564666330814,0.9460166666666666,4.698362156748772,0.9341
snn_synaptic,1,267,22.108490101993084,0.9428333333333333,4.131667718291283,0.9262
snn_synaptic,1,268,21.291701465845108,0.9444833333333333,4.0920974388718605,0.9304
snn_synaptic,1,269,20.596612244844437,0.9472333333333334,3.9627130925655365,0.9347
snn_synaptic,1,270,20.241014145314693,0.9489,3.9160290956497192,0.938
snn_synaptic,1,271,21.02947987616062,0.9472666666666667,4.070582494139671,0.9289
snn_synaptic,1,272,21.34146734327078,0.9440333333333333,4.220128998160362,0.9303
snn_synaptic,1,273,19.752655416727066,0.9487666666666666,3.75424425303936,0.9353
snn_synaptic,1,274,20.942521519958973,0.9466,4.360765293240547,0.9367
snn_synaptic,1,275,20.711125388741493,0.9468833333333333,4.30722039937973,0.9325
snn_synaptic,1,276,21.370505414903164,0.9445833333333333,3.9587650299072266,0.9347
snn_synaptic,1,277,20.345323003828526,0.9482166666666667,3.9599558040499687,0.9246
snn_synaptic,1,278,20.526610538363457,0.9475166666666667,3.6496356800198555,0.9382
snn_synaptic,1,279,20.374879986047745,0.9474166666666667,4.346008293330669,0.9372
snn_synaptic,1,280,20.29831749945879,0.9477666666666666,4.036850664764643,0.9322
snn_synaptic,1,281,20.338575333356857,0.94725,4.068735063076019,0.9314
snn_synaptic,1,282,21.113075979053974,0.9459333333333333,4.414352811872959,0.9338
snn_synaptic,1,283,21.08861742168665,0.94545,3.7996480613946915,0.9318
snn_synaptic,1,284,20.790090918540955,0.94625,3.873998261988163,0.9425
snn_synaptic,1,285,19.605010151863098,0.9491,3.5932742953300476,0.9355
snn_synaptic,1,286,19.79637023061514,0.9497666666666666,3.763181373476982,0.9348
snn_synaptic,1,287,19.361510202288628,0.9494333333333334,3.7497191056609154,0.9343
snn_synaptic,1,288,20.13236614316702,0.9488166666666666,3.9215682968497276,0.9401
snn_synaptic,1,289,20.566240519285202,0.9483333333333334,4.152678743004799,0.9264
snn_synaptic,1,290,20.467287607491016,0.94735,3.8918861970305443,0.9336
snn_synaptic,1,291,20.019919961690903,0.9482166666666667,4.193146586418152,0.9314
snn_synaptic,1,292,19.802211083471775,0.9491,3.9175948426127434,0.9258
snn_synaptic,1,293,20.28850197046995,0.9478,3.9415875747799873,0.9306
snn_synaptic,1,294,19.507939979434013,0.9489166666666666,4.160753019154072,0.9329
snn_synaptic,1,295,20.401018626987934,0.9465333333333333,4.062420219182968,0.9332
snn_synaptic,1,296,20.191503010690212,0.9476166666666667,3.889743849635124,0.9375
snn_synaptic,1,297,20.374680504202843,0.9479166666666666,3.6513398960232735,0.9388
snn_synaptic,1,298,20.24767092615366,0.9471166666666667,3.942403122782707,0.9427
snn_synaptic,1,299,20.361955113708973,0.94705,4.066055789589882,0.9291
snn_synaptic,1,300,20.324815317988396,0.9474833333333333,3.811463512480259,0.9399
snn_synaptic,2,1,239.17394244670868,0.33903333333333335,35.19573664665222,0.4788
snn_synaptic,2,2,188.23550832271576,0.5157666666666667,29.75214958190918,0.5271
snn_synaptic,2,3,161.76387417316437,0.5763,25.167649030685425,0.5885
snn_synaptic,2,4,141.73398303985596,0.6203666666666666,21.800257682800293,0.6543
snn_synaptic,2,5,125.33957052230835,0.6635666666666666,20.514867424964905,0.6428
snn_synaptic,2,6,114.11069852113724,0.6895166666666667,18.82285100221634,0.7199
snn_synaptic,2,7,103.32432109117508,0.7173,16.411656439304352,0.7364
snn_synaptic,2,8,96.01157110929489,0.73065,15.7943394780159,0.7409
snn_synaptic,2,9,91.19684618711472,0.7421,15.526655495166779,0.7349
snn_synaptic,2,10,86.77935630083084,0.7563166666666666,14.096753299236298,0.7519
snn_synaptic,2,11,82.58275991678238,0.7742,14.047597885131836,0.781
snn_synaptic,2,12,79.18609416484833,0.7815166666666666,12.841952681541443,0.7773
snn_synaptic,2,13,76.43790739774704,0.7908,12.191397666931152,0.801
snn_synaptic,2,14,73.97263893485069,0.7970666666666667,11.746344327926636,0.7963
snn_synaptic,2,15,72.08863717317581,0.8039166666666666,12.480856627225876,0.791
snn_synaptic,2,16,72.22911143302917,0.8018666666666666,11.252193331718445,0.8121
snn_synaptic,2,17,68.01381155848503,0.8161833333333334,11.512631267309189,0.815
snn_synaptic,2,18,65.88507464528084,0.8206666666666667,10.823159605264664,0.8268
snn_synaptic,2,19,64.97677040100098,0.8247,11.487424194812775,0.8215
snn_synaptic,2,20,61.53462865948677,0.8338166666666667,10.787087351083755,0.8383
snn_synaptic,2,21,61.52968579530716,0.8341666666666666,10.18922233581543,0.8438
snn_synaptic,2,22,60.59546086192131,0.8354833333333334,11.560517996549606,0.7952
snn_synaptic,2,23,60.308403462171555,0.8372833333333334,10.010070860385895,0.8429
snn_synaptic,2,24,57.15162390470505,0.84605,9.784678757190704,0.845
snn_synaptic,2,25,58.789495408535004,0.8444333333333334,9.6300810277462,0.8512
snn_synaptic,2,26,55.4352765083313,0.8521,10.190878003835678,0.839
snn_synaptic,2,27,54.663748890161514,0.85445,9.16483610868454,0.8589
snn_synaptic,2,28,54.95127075910568,0.8537,9.29040351510048,0.8575
snn_synaptic,2,29,52.91301119327545,0.8584166666666667,8.816367954015732,0.8616
snn_synaptic,2,30,52.127946108579636,0.8618666666666667,10.254217267036438,0.8442
snn_synaptic,2,31,51.287138402462006,0.86495,9.462988018989563,0.866
snn_synaptic,2,32,49.594483226537704,0.8681166666666666,8.811805814504623,0.8751
snn_synaptic,2,33,49.370637238025665,0.8699333333333333,9.115890860557556,0.8548
snn_synaptic,2,34,49.02089208364487,0.8711166666666667,7.927108928561211,0.8843
snn_synaptic,2,35,48.61229261755943,0.8726833333333334,8.779673516750336,0.8678
snn_synaptic,2,36,47.75839388370514,0.8753666666666666,7.867456078529358,0.8767
snn_synaptic,2,37,46.334160566329956,0.8798,8.551120102405548,0.8756
snn_synaptic,2,38,45.66342407464981,0.88125,8.063321024179459,0.8837
snn_synaptic,2,39,45.67973965406418,0.8805333333333333,7.547135829925537,0.8781
snn_synaptic,2,40,44.74067871272564,0.8830166666666667,7.614058658480644,0.8756
snn_synaptic,2,41,45.021281480789185,0.8811166666666667,7.401564717292786,0.8885
snn_synaptic,2,42,43.022229224443436,0.8878666666666667,7.398702681064606,0.8912
snn_synaptic,2,43,43.69596588611603,0.88655,7.638928309082985,0.8739
snn_synaptic,2,44,42.067431181669235,0.8910333333333333,7.623994842171669,0.882
snn_synaptic,2,45,41.0804608464241,0.8943166666666666,6.904073417186737,0.8909
snn_synaptic,2,46,41.16677105426788,0.89395,7.1750819236040115,0.8849
snn_synaptic,2,47,41.38892641663551,0.8932333333333333,8.801341116428375,0.8489
snn_synaptic,2,48,42.21030193567276,0.8904,7.086807608604431,0.895
snn_synaptic,2,49,40.488270938396454,0.8976333333333333,8.032439604401588,0.8678
snn_synaptic,2,50,40.65854538977146,0.8956833333333334,6.508969336748123,0.9041
snn_synaptic,2,51,39.377323627471924,0.8983166666666667,6.927190735936165,0.8951
snn_synaptic,2,52,39.589338570833206,0.8986666666666666,6.7859829515218735,0.8926
snn_synaptic,2,53,39.68666784465313,0.89735,6.920981019735336,0.895
snn_synaptic,2,54,38.46952894330025,0.9019833333333334,6.691103458404541,0.9015
snn_synaptic,2,55,37.17355012893677,0.9058333333333334,7.448636695742607,0.8724
snn_synaptic,2,56,39.983327984809875,0.8971166666666667,6.94657164812088,0.8884
snn_synaptic,2,57,38.38188336789608,0.9023666666666667,6.995957434177399,0.8953
snn_synaptic,2,58,37.89033478498459,0.9028333333333334,6.865359649062157,0.8863
snn_synaptic,2,59,37.42537000775337,0.9040666666666667,6.4992506057024,0.9021
snn_synaptic,2,60,37.755839347839355,0.9036,6.467068716883659,0.9019
snn_synaptic,2,61,39.04430536925793,0.8996,7.021823823451996,0.9013
snn_synaptic,2,62,36.8759041428566,0.90575,6.214198812842369,0.9078
snn_synaptic,2,63,36.622029319405556,0.9077166666666666,6.478333815932274,0.9061
snn_synaptic,2,64,36.15317027270794,0.9094166666666667,7.002500832080841,0.895
snn_synaptic,2,65,37.01560482382774,0.9046,7.081311464309692,0.8905
snn_synaptic,2,66,35.4253236502409,0.9082833333333333,6.547912836074829,0.9032
snn_synaptic,2,67,36.120128124952316,0.90765,6.467049807310104,0.8952
snn_synaptic,2,68,35.44582499563694,0.9094666666666666,6.127171263098717,0.9125
snn_synaptic,2,69,35.198588475584984,0.9116666666666666,6.192177042365074,0.9033
snn_synaptic,2,70,35.29615752398968,0.9093166666666667,5.932458698749542,0.9113
snn_synaptic,2,71,35.15184597671032,0.9094333333333333,5.930196702480316,0.9063
snn_synaptic,2,72,34.01775802671909,0.9137,5.749507091939449,0.9122
snn_synaptic,2,73,33.433569580316544,0.9139833333333334,6.224369555711746,0.9083
snn_synaptic,2,74,34.26102901995182,0.91305,5.739072039723396,0.9154
snn_synaptic,2,75,33.78036245703697,0.9143166666666667,6.391012936830521,0.9037
snn_synaptic,2,76,33.50612384080887,0.9144,6.26910762488842,0.9058
snn_synaptic,2,77,33.6360057592392,0.9146666666666666,5.836925655603409,0.9151
snn_synaptic,2,78,33.37805600464344,0.9164333333333333,6.4682393074035645,0.9012
snn_synaptic,2,79,33.49804027378559,0.91505,5.662047803401947,0.9199
snn_synaptic,2,80,33.01786111295223,0.9164833333333333,5.861636370420456,0.9097
snn_synaptic,2,81,32.70415608584881,0.9180166666666667,6.759663999080658,0.9025
snn_synaptic,2,82,32.88846868276596,0.9167166666666666,5.553196951746941,0.9188
snn_synaptic,2,83,33.200864523649216,0.91575,5.8598454892635345,0.9072
snn_synaptic,2,84,32.41435043513775,0.9176333333333333,5.641708523035049,0.9183
snn_synaptic,2,85,33.495475962758064,0.9137333333333333,5.91556316614151,0.9135
snn_synaptic,2,86,32.816823199391365,0.9165666666666666,5.609026253223419,0.9167
snn_synaptic,2,87,33.26580026745796,0.9148833333333334,6.0905188620090485,0.8953
snn_synaptic,2,88,32.04811358451843,0.9185833333333333,5.671233296394348,0.9107
snn_synaptic,2,89,32.048438623547554,0.9189666666666667,6.745578244328499,0.8954
snn_synaptic,2,90,32.34886063635349,0.9185333333333333,5.625644467771053,0.9173
snn_synaptic,2,91,31.270498782396317,0.921,5.846637204289436,0.9121
snn_synaptic,2,92,30.744399145245552,0.9231166666666667,6.3886753767728806,0.9097
snn_synaptic,2,93,32.782389894127846,0.9184333333333333,6.527955785393715,0.8954
snn_synaptic,2,94,30.875198736786842,0.9218333333333333,5.212291926145554,0.9218
snn_synaptic,2,95,31.384263902902603,0.92045,6.164362147450447,0.9132
snn_synaptic,2,96,31.029754474759102,0.9209833333333334,6.001774355769157,0.9087
snn_synaptic,2,97,31.211344003677368,0.9203166666666667,5.457646332681179,0.9161
snn_synaptic,2,98,30.21435597538948,0.9223333333333333,5.537142738699913,0.9103
snn_synaptic,2,99,30.831148713827133,0.92175,5.479245439171791,0.9189
snn_synaptic,2,100,31.930827856063843,0.9192333333333333,5.455854684114456,0.9138
snn_synaptic,2,101,30.843988806009293,0.9219666666666667,6.112514972686768,0.9068
snn_synaptic,2,102,30.909501537680626,0.9217333333333333,5.460624895989895,0.9186
snn_synaptic,2,103,31.069299936294556,0.9197,5.664226099848747,0.9151
snn_synaptic,2,104,31.237492084503174,0.9197333333333333,6.812706112861633,0.8935
snn_synaptic,2,105,30.31937077641487,0.9238166666666666,5.734366476535797,0.9153
snn_synaptic,2,106,30.16327954828739,0.9243166666666667,5.552991330623627,0.9136
snn_synaptic,2,107,30.25750197470188,0.92305,5.402516357600689,0.9233
snn_synaptic,2,108,31.111078292131424,0.9209833333333334,5.475289732217789,0.9123
snn_synaptic,2,109,30.474672600626945,0.9241,4.991639904677868,0.9259
snn_synaptic,2,110,28.81039971858263,0.9268666666666666,5.656344801187515,0.9097
snn_synaptic,2,111,29.822921007871628,0.92345,5.566153109073639,0.9139
snn_synaptic,2,112,28.92580208182335,0.9266,5.764117248356342,0.9146
snn_synaptic,2,113,29.759938932955265,0.9243333333333333,5.089043624699116,0.9195
snn_synaptic,2,114,28.378352291882038,0.9275166666666667,5.287936069071293,0.9198
snn_synaptic,2,115,28.42754130065441,0.9281833333333334,5.334720641374588,0.9218
snn_synaptic,2,116,28.787401393055916,0.92685,5.96477247774601,0.9095
snn_synaptic,2,117,30.716076910495758,0.9228,5.258246064186096,0.9217
snn_synaptic,2,118,29.300365760922432,0.9255666666666666,5.817700892686844,0.9174
snn_synaptic,2,119,29.090345188975334,0.9265666666666666,5.313997313380241,0.9188
snn_synaptic,2,120,29.70603074133396,0.9235333333333333,5.4810644164681435,0.9217
snn_synaptic,2,121,28.532369926571846,0.9271833333333334,5.185920342803001,0.9251
snn_synaptic,2,122,29.312879264354706,0.9253,5.149973601102829,0.9229
snn_synaptic,2,123,28.86885130405426,0.92665,5.289074867963791,0.9213
snn_synaptic,2,124,28.722673997282982,0.92805,5.1310741901397705,0.9189
snn_synaptic,2,125,28.448059231042862,0.92795,5.299994736909866,0.9257
snn_synaptic,2,126,29.9538616836071,0.9246,5.321439005434513,0.9246
snn_synaptic,2,127,28.657279387116432,0.9271666666666667,5.219191409647465,0.9248
snn_synaptic,2,128,28.511316433548927,0.9281333333333334,5.271332584321499,0.9243
snn_synaptic,2,129,28.814341992139816,0.9273666666666667,5.379729121923447,0.9265
snn_synaptic,2,130,28.03574749827385,0.9295833333333333,5.708542466163635,0.9215
snn_synaptic,2,131,28.317183285951614,0.9281833333333334,5.2783945724368095,0.9193
snn_synaptic,2,132,28.352824822068214,0.9278,5.313897207379341,0.9188
snn_synaptic,2,133,27.63692569732666,0.9286333333333333,5.1922309547662735,0.9299
snn_synaptic,2,134,27.595510058104992,0.9294166666666667,5.52042792737484,0.9121
snn_synaptic,2,135,28.517602682113647,0.92625,5.309681862592697,0.9182
snn_synaptic,2,136,27.663831368088722,0.9303833333333333,4.959985181689262,0.9272
snn_synaptic,2,137,27.891008377075195,0.92825,5.130045123398304,0.9238
snn_synaptic,2,138,28.107845529913902,0.9283166666666667,5.1795021295547485,0.9272
snn_synaptic,2,139,27.57694724947214,0.9301333333333334,5.033388644456863,0.9267
snn_synaptic,2,140,27.924134001135826,0.9289,5.011142767965794,0.9277
snn_synaptic,2,141,26.88938896358013,0.9312666666666667,5.5997365936636925,0.9112
snn_synaptic,2,142,28.830421432852745,0.9274833333333333,5.666154742240906,0.9116
snn_synaptic,2,143,27.27676048129797,0.9313333333333333,5.117107547819614,0.9194
snn_synaptic,2,144,27.163451105356216,0.9302666666666667,5.028213620185852,0.9237
snn_synaptic,2,145,27.593746095895767,0.9294333333333333,5.14116021245718,0.9217
snn_synaptic,2,146,27.272089526057243,0.9294166666666667,4.919392965734005,0.9285
snn_synaptic,2,147,26.399796053767204,0.9321166666666667,5.146895542740822,0.9236
snn_synaptic,2,148,27.522724330425262,0.9292333333333334,5.403080925345421,0.9195
snn_synaptic,2,149,27.27441968023777,0.9307833333333333,5.219001442193985,0.921
snn_synaptic,2,150,27.106397598981857,0.9303166666666667,5.431564927101135,0.924
snn_synaptic,2,151,27.455025523900986,0.9298333333333333,5.040749177336693,0.9201
snn_synaptic,2,152,26.720089092850685,0.93205,4.7844479233026505,0.9264
snn_synaptic,2,153,25.77690516412258,0.9342833333333334,5.081733286380768,0.9203
snn_synaptic,2,154,26.79726953804493,0.93205,5.083712249994278,0.9295
snn_synaptic,2,155,26.88154822587967,0.9316666666666666,5.0411075204610825,0.9242
snn_synaptic,2,156,26.689124047756195,0.93305,5.1541329473257065,0.9228
snn_synaptic,2,157,26.36016646027565,0.9319833333333334,4.856340900063515,0.9307
snn_synaptic,2,158,25.804920598864555,0.9338166666666666,5.089156463742256,0.9275
snn_synaptic,2,159,25.835113912820816,0.9333,4.9393986240029335,0.927
snn_synaptic,2,160,26.092342242598534,0.9334666666666667,5.058589786291122,0.926
snn_synaptic,2,161,26.977611899375916,0.9317,5.15790219604969,0.9235
snn_synaptic,2,162,25.868615239858627,0.9335833333333333,6.474873535335064,0.8995
snn_synaptic,2,163,26.87199215590954,0.9316,6.517219081521034,0.8948
snn_synaptic,2,164,26.375460416078568,0.93295,5.016885109245777,0.9272
snn_synaptic,2,165,26.169413432478905,0.9327666666666666,5.102382153272629,0.9207
snn_synaptic,2,166,25.721022084355354,0.9345166666666667,4.911041714251041,0.9274
snn_synaptic,2,167,25.80635903775692,0.9345666666666667,5.665324613451958,0.9074
snn_synaptic,2,168,26.57322011142969,0.9322,4.6682045459747314,0.9286
snn_synaptic,2,169,25.402819722890854,0.9341333333333334,5.143561713397503,0.927
snn_synaptic,2,170,25.557270005345345,0.9338,4.718121938407421,0.9299
snn_synaptic,2,171,25.503118738532066,0.9340166666666667,4.748413473367691,0.9349
snn_synaptic,2,172,25.274985283613205,0.9349166666666666,4.474007107317448,0.9316
snn_synaptic,2,173,25.948270954191685,0.9344,4.805766694247723,0.929
snn_synaptic,2,174,25.471366718411446,0.9348,4.774367801845074,0.9311
snn_synaptic,2,175,25.750226095318794,0.9344,5.131371483206749,0.9251
snn_synaptic,2,176,26.30235055088997,0.9327333333333333,4.942437142133713,0.9239
snn_synaptic,2,177,25.828449591994286,0.9330333333333334,4.624807231128216,0.9289
snn_synaptic,2,178,24.979612708091736,0.9358,4.42791935801506,0.9325
snn_synaptic,2,179,24.975599586963654,0.9355166666666667,4.780143655836582,0.9264
snn_synaptic,2,180,26.62446141242981,0.9304666666666667,5.076736599206924,0.9231
snn_synaptic,2,181,24.666389301419258,0.9360666666666667,4.911437414586544,0.9312
snn_synaptic,2,182,25.786249354481697,0.9342666666666667,4.69951069355011,0.9205
snn_synaptic,2,183,25.58415987342596,0.9341833333333334,5.0834246054291725,0.923
snn_synaptic,2,184,25.19883470237255,0.9349333333333333,4.442750163376331,0.9349
snn_synaptic,2,185,25.124452769756317,0.9353666666666667,4.682089276611805,0.9293
snn_synaptic,2,186,24.82482749223709,0.9373166666666667,4.8006750121712685,0.9237
snn_synaptic,2,187,24.968949005007744,0.9361333333333334,4.990902848541737,0.9249
snn_synaptic,2,188,25.390517853200436,0.9343833333333333,4.961660347878933,0.9205
snn_synaptic,2,189,25.44638428092003,0.9343,5.382110431790352,0.9224
snn_synaptic,2,190,24.445292964577675,0.9386833333333333,5.096245229244232,0.9254
snn_synaptic,2,191,25.77447758615017,0.93405,4.741587921977043,0.929
snn_synaptic,2,192,24.92278464138508,0.9355833333333333,5.067272424697876,0.921
snn_synaptic,2,193,24.241457909345627,0.9366,4.6658689603209496,0.928
snn_synaptic,2,194,24.496327131986618,0.9371166666666667,4.8206028416752815,0.9296
snn_synaptic,2,195,24.317570380866528,0.93785,5.268430955708027,0.9249
snn_synaptic,2,196,25.080793619155884,0.9348166666666666,5.057886242866516,0.9227
snn_synaptic,2,197,25.141249001026154,0.9351333333333334,5.676144897937775,0.9158
snn_synaptic,2,198,25.528092235326767,0.9341166666666667,4.78436878323555,0.931
snn_synaptic,2,199,24.072612330317497,0.9376,4.57507461309433,0.9344
snn_synaptic,2,200,24.492825359106064,0.93795,5.043085411190987,0.9228
snn_synaptic,2,201,24.699727952480316,0.9374333333333333,5.013857915997505,0.9218
snn_synaptic,2,202,24.257477439939976,0.9376833333333333,4.8769121915102005,0.9299
snn_synaptic,2,203,25.080662116408348,0.9367666666666666,4.751709997653961,0.931
snn_synaptic,2,204,24.84710158407688,0.9366666666666666,5.159993007779121,0.9273
snn_synaptic,2,205,24.402364775538445,0.9374666666666667,4.394941620528698,0.9377
snn_synaptic,2,206,24.56614327430725,0.9374833333333333,4.409198008477688,0.93
snn_synaptic,2,207,24.443923108279705,0.9368333333333333,4.616057388484478,0.9314
snn_synaptic,2,208,24.138570949435234,0.9382,4.822729639708996,0.9279
snn_synaptic,2,209,25.14742822945118,0.9361333333333334,4.535073094069958,0.9323
snn_synaptic,2,210,24.6356221139431,0.9360833333333334,4.9494898319244385,0.9231
snn_synaptic,2,211,24.069982066750526,0.9384666666666667,4.700589641928673,0.9331
snn_synaptic,2,212,24.837845489382744,0.93655,4.628323093056679,0.9316
snn_synaptic,2,213,24.19406232237816,0.9377833333333333,4.519172742962837,0.9328
snn_synaptic,2,214,24.58860109001398,0.9373166666666667,4.476094365119934,0.928
snn_synaptic,2,215,24.926604226231575,0.9352833333333334,4.196655258536339,0.9385
snn_synaptic,2,216,24.49174526333809,0.9369333333333333,4.657627120614052,0.9248
snn_synaptic,2,217,24.264169290661812,0.93765,4.8371783792972565,0.9266
snn_synaptic,2,218,23.464949190616608,0.9402833333333334,5.237904995679855,0.9274
snn_synaptic,2,219,23.65035417675972,0.9389166666666666,4.5728922709822655,0.9308
snn_synaptic,2,220,23.615773357450962,0.9392,4.714007154107094,0.9228
snn_synaptic,2,221,23.24008309841156,0.9406666666666667,4.8682546839118,0.9286
snn_synaptic,2,222,23.19475920498371,0.9408333333333333,4.88469436019659,0.9307
snn_synaptic,2,223,25.573042400181293,0.9346666666666666,5.402621999382973,0.9142
snn_synaptic,2,224,23.85173635929823,0.9390333333333334,4.578940145671368,0.9314
snn_synaptic,2,225,23.074354521930218,0.94005,4.54631695151329,0.9373
snn_synaptic,2,226,23.521361120045185,0.9397666666666666,4.527796655893326,0.9269
snn_synaptic,2,227,24.731684669852257,0.9369666666666666,5.374334968626499,0.9176
snn_synaptic,2,228,24.844962134957314,0.9369,5.319053485989571,0.9129
snn_synaptic,2,229,24.218639470636845,0.9364166666666667,4.992439657449722,0.9296
snn_synaptic,2,230,24.489149801433086,0.9372833333333334,4.945846654474735,0.9279
snn_synaptic,2,231,22.650710463523865,0.94235,4.526477694511414,0.9297
snn_synaptic,2,232,23.871245354413986,0.9387333333333333,4.861224561929703,0.9294
snn_synaptic,2,233,23.823718570172787,0.93885,4.855684749782085,0.9277
snn_synaptic,2,234,23.343544751405716,0.9395333333333333,4.572240635752678,0.9349
snn_synaptic,2,235,23.4436377286911,0.9404166666666667,4.874293237924576,0.9302
snn_synaptic,2,236,24.104278713464737,0.9380166666666667,4.297708287835121,0.935
snn_synaptic,2,237,24.22640112042427,0.9391666666666667,6.396650850772858,0.8892
snn_synaptic,2,238,23.884212501347065,0.9397833333333333,4.816312357783318,0.9306
snn_synaptic,2,239,23.96243441104889,0.9383166666666667,4.446149155497551,0.9355
snn_synaptic,2,240,23.69474732875824,0.93975,4.516385890543461,0.9363
snn_synaptic,2,241,23.875843420624733,0.93945,5.268563747406006,0.9127
snn_synaptic,2,242,23.84771639108658,0.9392166666666667,4.412987612187862,0.936
snn_synaptic,2,243,22.97892801463604,0.9413,4.745148554444313,0.9306
snn_synaptic,2,244,23.371907733380795,0.9409166666666666,4.492861405014992,0.9346
snn_synaptic,2,245,23.75296925008297,0.9391,4.8862308114767075,0.9263
snn_synaptic,2,246,24.92319305241108,0.9362,5.129879117012024,0.9289
snn_synaptic,2,247,23.945567965507507,0.93845,4.632527068257332,0.9278
snn_synaptic,2,248,24.042013734579086,0.9392666666666667,4.319204173982143,0.9349
snn_synaptic,2,249,23.40230168402195,0.9400333333333334,4.446129389107227,0.9351
snn_synaptic,2,250,22.692336037755013,0.9415,4.7535290569067,0.9318
snn_synaptic,2,251,22.79677627235651,0.9421333333333334,4.46085649728775,0.9344
snn_synaptic,2,252,23.080632656812668,0.9403,4.6053276136517525,0.9306
snn_synaptic,2,253,23.887077406048775,0.9383,4.699080355465412,0.9298
snn_synaptic,2,254,22.7082744166255,0.942,4.320418514311314,0.9321
snn_synaptic,2,255,22.90765157341957,0.9411666666666667,4.296116225421429,0.9326
snn_synaptic,2,256,22.630940787494183,0.9428333333333333,4.829262159764767,0.9246
snn_synaptic,2,257,22.596697345376015,0.9417166666666666,4.595562785863876,0.93
snn_synaptic,2,258,22.91084748506546,0.9407833333333333,4.52657375484705,0.9305
snn_synaptic,2,259,23.632628425955772,0.94015,4.610091850161552,0.9308
snn_synaptic,2,260,23.17186212539673,0.94085,4.370021268725395,0.93
snn_synaptic,2,261,22.380184449255466,0.9425,4.429401695728302,0.9346
snn_synaptic,2,262,23.656035505235195,0.9407,4.408730424940586,0.9322
snn_synaptic,2,263,23.6646329164505,0.9388666666666666,4.4948617070913315,0.929
snn_synaptic,2,264,23.31211146712303,0.9400666666666667,5.222559884190559,0.9232
snn_synaptic,2,265,23.03476247191429,0.9408,4.777674593031406,0.9214
snn_synaptic,2,266,24.233617678284645,0.93765,4.59531369805336,0.9313
snn_synaptic,2,267,22.095029428601265,0.9434166666666667,4.340546511113644,0.9348
snn_synaptic,2,268,22.452149771153927,0.9433666666666667,4.425731271505356,0.9359
snn_synaptic,2,269,22.300761327147484,0.9428833333333333,4.932160526514053,0.925
snn_synaptic,2,270,23.340924933552742,0.9402666666666667,4.0800622552633286,0.9384
snn_synaptic,2,271,22.139428809285164,0.9426333333333333,4.438892193138599,0.9372
snn_synaptic,2,272,22.532228767871857,0.9429666666666666,4.407885938882828,0.9328
snn_synaptic,2,273,22.357076682150364,0.9427,4.500951603055,0.9334
snn_synaptic,2,274,22.57019241899252,0.9412666666666667,4.429335817694664,0.9325
snn_synaptic,2,275,23.293700002133846,0.9402833333333334,4.3441202044487,0.9348
snn_synaptic,2,276,22.00258021056652,0.9429166666666666,4.5528620183467865,0.9312
snn_synaptic,2,277,23.247706577181816,0.9407833333333333,4.60809001326561,0.9264
snn_synaptic,2,278,23.1908585652709,0.94095,4.5924286916852,0.9218
snn_synaptic,2,279,24.248803079128265,0.9377666666666666,5.0164037719368935,0.9243
snn_synaptic,2,280,22.247080333530903,0.9429666666666666,4.439399003982544,0.9317
snn_synaptic,2,281,22.464869283139706,0.9412333333333334,4.255432449281216,0.9362
snn_synaptic,2,282,22.754847891628742,0.94235,4.666945368051529,0.9297
snn_synaptic,2,283,22.421189203858376,0.9424,4.326414413750172,0.9368
snn_synaptic,2,284,22.45383680611849,0.941,4.046406172215939,0.9376
snn_synaptic,2,285,21.908563263714314,0.9429166666666666,4.24199204146862,0.9334
snn_synaptic,2,286,22.640801563858986,0.94165,4.520745903253555,0.9308
snn_synaptic,2,287,22.630637109279633,0.9417666666666666,4.198809660971165,0.9406
snn_synaptic,2,288,22.319197542965412,0.9424833333333333,4.110269546508789,0.938
snn_synaptic,2,289,21.27215349674225,0.9455833333333333,4.145163528621197,0.9405
snn_synaptic,2,290,21.09163209795952,0.9467,4.598686419427395,0.9268
snn_synaptic,2,291,21.61779937148094,0.9440833333333334,4.237585783004761,0.9385
snn_synaptic,2,292,21.756661653518677,0.9446,4.274163044989109,0.9344
snn_synaptic,2,293,21.468820847570896,0.9449166666666666,4.55970936268568,0.9377
snn_synaptic,2,294,22.113794811069965,0.9429,4.181708663702011,0.9386
snn_synaptic,2,295,21.417247481644154,0.9453,4.467736855149269,0.9298
snn_synaptic,2,296,20.614144429564476,0.94735,4.2418051809072495,0.9381
snn_synaptic,2,297,21.1111169308424,0.9457,4.44979664683342,0.9301
snn_synaptic,2,298,21.74458719789982,0.9449166666666666,6.469380423426628,0.8978
snn_synaptic,2,299,23.063716553151608,0.9408333333333333,4.5364199578762054,0.9285
snn_synaptic,2,300,21.472026836127043,0.9442666666666667,4.323075518012047,0.9316
snn_synaptic,3,1,235.51622939109802,0.3831333333333333,32.638582944869995,0.5292
snn_synaptic,3,2,167.02127194404602,0.5784,25.124044060707092,0.6095
snn_synaptic,3,3,134.82010006904602,0.6471333333333333,20.548015356063843,0.7034
snn_synaptic,3,4,116.40744483470917,0.6914166666666667,18.522920072078705,0.7059
snn_synaptic,3,5,104.41620963811874,0.7174666666666667,17.046007454395294,0.7279
snn_synaptic,3,6,95.56159776449203,0.7378833333333333,15.317592442035675,0.7615
snn_synaptic,3,7,90.1163477897644,0.7506333333333334,15.609101474285126,0.7315
snn_synaptic,3,8,84.52274107933044,0.7634166666666666,13.594582676887512,0.778
snn_synaptic,3,9,81.1140216588974,0.77295,13.39860087633133,0.7886
snn_synaptic,3,10,77.8237795829773,0.7821,13.030632317066193,0.7848
snn_synaptic,3,11,74.54594451189041,0.7920166666666667,12.605391085147858,0.7947
snn_synaptic,3,12,71.22925016283989,0.8018166666666666,12.083604335784912,0.802
snn_synaptic,3,13,70.25993424654007,0.8047,11.720294088125229,0.7993
snn_synaptic,3,14,67.4234077334404,0.8107333333333333,11.10441067814827,0.8137
snn_synaptic,3,15,64.36993938684464,0.8226166666666667,10.512856096029282,0.8251
snn_synaptic,3,16,61.015158385038376,0.8320333333333333,10.882491558790207,0.8313
snn_synaptic,3,17,60.14595714211464,0.8363166666666667,10.04629272222519,0.8445
snn_synaptic,3,18,57.232047110795975,0.8421333333333333,10.595859706401825,0.826
snn_synaptic,3,19,56.73272880911827,0.84415,9.216338127851486,0.8543
snn_synaptic,3,20,56.02710783481598,0.84655,10.180226057767868,0.8405
snn_synaptic,3,21,54.786301136016846,0.8513,10.465354174375534,0.8416
snn_synaptic,3,22,53.74517783522606,0.8538666666666667,9.02973586320877,0.8512
snn_synaptic,3,23,52.79308098554611,0.8573166666666666,8.699890047311783,0.8662
snn_synaptic,3,24,51.15540137887001,0.8622166666666666,8.649472802877426,0.8645
snn_synaptic,3,25,49.590739876031876,0.866,8.053858876228333,0.8805
snn_synaptic,3,26,48.493324279785156,0.87005,8.694277107715607,0.8663
snn_synaptic,3,27,47.978241711854935,0.87165,8.770564049482346,0.8602
snn_synaptic,3,28,47.06504347920418,0.8738166666666667,8.291071206331253,0.8641
snn_synaptic,3,29,46.119946986436844,0.8764833333333333,7.688622012734413,0.8878
snn_synaptic,3,30,45.395674869418144,0.8798666666666667,7.871722310781479,0.8762
snn_synaptic,3,31,45.122430086135864,0.8815333333333333,8.027014523744583,0.8708
snn_synaptic,3,32,43.47690066695213,0.8848833333333334,7.10693034529686,0.8877
snn_synaptic,3,33,42.77532345056534,0.8875666666666666,7.042211756110191,0.8919
snn_synaptic,3,34,43.68717810511589,0.88585,7.7229128032922745,0.8738
snn_synaptic,3,35,42.656147718429565,0.8877,7.023086503148079,0.8964
snn_synaptic,3,36,41.359344869852066,0.8912166666666667,8.174897119402885,0.8748
snn_synaptic,3,37,41.949703961610794,0.89155,7.201204642653465,0.8869
snn_synaptic,3,38,40.971667125821114,0.8934833333333333,6.9347197860479355,0.8963
snn_synaptic,3,39,39.882813185453415,0.8962666666666667,6.992554783821106,0.8967
snn_synaptic,3,40,39.244135305285454,0.8968333333333334,7.033418029546738,0.8911
snn_synaptic,3,41,40.01444609463215,0.8960833333333333,6.654132634401321,0.8952
snn_synaptic,3,42,38.287602648139,0.8994833333333333,6.551772266626358,0.9036
snn_synaptic,3,43,38.88124959170818,0.8980666666666667,6.484065160155296,0.8977
snn_synaptic,3,44,39.30412822961807,0.8961333333333333,6.505847990512848,0.8997
snn_synaptic,3,45,38.31806555390358,0.9002666666666667,6.726787850260735,0.8904
snn_synaptic,3,46,37.58754123747349,0.90165,6.7440937757492065,0.9009
snn_synaptic,3,47,37.56543393433094,0.90065,6.2522226721048355,0.9049
snn_synaptic,3,48,37.00943769514561,0.9044833333333333,6.957056894898415,0.8919
snn_synaptic,3,49,37.64158996939659,0.90125,6.636600852012634,0.8942
snn_synaptic,3,50,35.735161542892456,0.9063666666666667,6.309144675731659,0.8992
snn_synaptic,3,51,36.81229668855667,0.9038333333333334,6.476721078157425,0.8952
snn_synaptic,3,52,35.55502361059189,0.9071166666666667,6.355881467461586,0.905
snn_synaptic,3,53,35.276459500193596,0.9084333333333333,5.7782774567604065,0.9125
snn_synaptic,3,54,35.02602308988571,0.9101,6.221312269568443,0.9065
snn_synaptic,3,55,34.760897010564804,0.9096,5.872115567326546,0.9098
snn_synaptic,3,56,34.38096642494202,0.9111833333333333,5.952134355902672,0.9106
snn_synaptic,3,57,34.109280154109,0.9109833333333334,6.601080745458603,0.9043
snn_synaptic,3,58,34.7037932574749,0.9096833333333333,5.922704383730888,0.9062
snn_synaptic,3,59,34.040313363075256,0.9111666666666667,6.0372176468372345,0.911
snn_synaptic,3,60,33.41547067463398,0.9137,5.589236170053482,0.9176
snn_synaptic,3,61,33.63882897794247,0.9124333333333333,5.828771471977234,0.9102
snn_synaptic,3,62,33.62499491870403,0.9137,5.584224492311478,0.9145
snn_synaptic,3,63,33.075027003884315,0.9153,5.816802948713303,0.9159
snn_synaptic,3,64,33.35670381784439,0.9146833333333333,5.766287460923195,0.9167
snn_synaptic,3,65,33.39482365548611,0.9138,5.635787293314934,0.9105
snn_synaptic,3,66,32.61134770512581,0.9154833333333333,5.386394537985325,0.9199
snn_synaptic,3,67,33.019130885601044,0.9141333333333334,5.520888462662697,0.9166
snn_synaptic,3,68,31.485170409083366,0.9181166666666667,5.620036542415619,0.9195
snn_synaptic,3,69,31.679468899965286,0.9185666666666666,5.4216437339782715,0.9207
snn_synaptic,3,70,32.15506912767887,0.9175333333333333,5.998516172170639,0.9092
snn_synaptic,3,71,31.72773729264736,0.91705,5.462627187371254,0.9199
snn_synaptic,3,72,31.47989173978567,0.9176333333333333,5.456807814538479,0.9203
snn_synaptic,3,73,31.433722749352455,0.9183833333333333,5.453070312738419,0.9188
snn_synaptic,3,74,31.35558307170868,0.9202,5.8513184785842896,0.9144
snn_synaptic,3,75,31.208619087934494,0.91925,5.707829266786575,0.9204
snn_synaptic,3,76,31.043529868125916,0.9202166666666667,5.749559313058853,0.9167
snn_synaptic,3,77,30.60324317216873,0.9214666666666667,5.541178822517395,0.9157
snn_synaptic,3,78,30.058814585208893,0.9223833333333333,5.214191295206547,0.9219
snn_synaptic,3,79,30.567768156528473,0.9219333333333334,5.091086104512215,0.9244
snn_synaptic,3,80,30.36130726337433,0.9205166666666666,5.123413182795048,0.9268
snn_synaptic,3,81,30.6658388748765,0.92055,5.422226265072823,0.9175
snn_synaptic,3,82,29.558002158999443,0.9236333333333333,6.049906849861145,0.9036
snn_synaptic,3,83,31.006542056798935,0.9205666666666666,5.380975916981697,0.9158
snn_synaptic,3,84,29.73397858440876,0.9244666666666667,5.323299251496792,0.9181
snn_synaptic,3,85,29.718504190444946,0.9233166666666667,5.767166793346405,0.9156
snn_synaptic,3,86,30.05596750974655,0.9220333333333334,5.413875728845596,0.9188
snn_synaptic,3,87,29.576293617486954,0.9235666666666666,5.439613834023476,0.9186
snn_synaptic,3,88,30.704047739505768,0.9219833333333334,5.025773659348488,0.9297
snn_synaptic,3,89,29.222178399562836,0.9255833333333333,5.083375737071037,0.9201
snn_synaptic,3,90,29.022663295269012,0.92585,5.2907388508319855,0.9256
snn_synaptic,3,91,28.572371661663055,0.9266666666666666,5.036887764930725,0.9212
snn_synaptic,3,92,27.968358039855957,0.9276333333333333,5.569297358393669,0.9188
snn_synaptic,3,93,28.33930480480194,0.9282666666666667,4.96617079526186,0.924
snn_synaptic,3,94,28.346017494797707,0.92755,5.00776669383049,0.9269
snn_synaptic,3,95,27.538363426923752,0.9296833333333333,4.841804035007954,0.9266
snn_synaptic,3,96,28.574023947119713,0.9268666666666666,5.072233706712723,0.9257
snn_synaptic,3,97,28.231980457901955,0.9285166666666667,5.058221742510796,0.9286
snn_synaptic,3,98,28.93441542983055,0.92575,5.591184765100479,0.9084
snn_synaptic,3,99,28.40998910367489,0.9268,5.417629927396774,0.9216
snn_synaptic,3,100,29.01421745121479,0.9253166666666667,5.029812343418598,0.9264
snn_synaptic,3,101,28.20947316288948,0.9267166666666666,5.3471245765686035,0.9145
snn_synaptic,3,102,28.187715888023376,0.9268,5.253882095217705,0.9189
snn_synaptic,3,103,27.524847343564034,0.92895,4.70122329890728,0.9276
snn_synaptic,3,104,28.20976358652115,0.9281833333333334,6.0094078332185745,0.9004
snn_synaptic,3,105,27.739982917904854,0.92905,5.168562591075897,0.9185
snn_synaptic,3,106,26.89306128025055,0.9300666666666667,5.011122398078442,0.9294
snn_synaptic,3,107,26.55063922703266,0.9319333333333333,4.68551704287529,0.9287
snn_synaptic,3,108,27.377603873610497,0.9297666666666666,4.748223498463631,0.929
snn_synaptic,3,109,26.749955251812935,0.9309333333333333,5.247053027153015,0.92
snn_synaptic,3,110,28.582002356648445,0.9272833333333333,4.801654390990734,0.931
snn_synaptic,3,111,27.266766220331192,0.9311166666666667,4.786655396223068,0.9278
snn_synaptic,3,112,26.545376643538475,0.9314,4.633100397884846,0.9297
snn_synaptic,3,113,26.204065024852753,0.9332666666666667,4.876128554344177,0.9285
snn_synaptic,3,114,27.456876382231712,0.9298166666666666,6.237587422132492,0.9065
snn_synaptic,3,115,27.832906305789948,0.9291,5.157063119113445,0.9217
snn_synaptic,3,116,26.03502668440342,0.9335333333333333,4.7010732665658,0.9297
snn_synaptic,3,117,27.111577570438385,0.9291666666666667,4.55517204105854,0.9341
snn_synaptic,3,118,26.112025886774063,0.9333833333333333,4.604267485439777,0.9336
snn_synaptic,3,119,25.692464746534824,0.9344166666666667,5.019376732409,0.9262
snn_synaptic,3,120,26.950144052505493,0.9310166666666667,4.728496067225933,0.9282
snn_synaptic,3,121,26.372049309313297,0.9314333333333333,4.5834676399827,0.9314
snn_synaptic,3,122,25.317620173096657,0.93515,4.423926070332527,0.9319
snn_synaptic,3,123,26.880873039364815,0.9306833333333333,4.599168069660664,0.9321
snn_synaptic,3,124,26.75435809791088,0.9320333333333334,5.207867756485939,0.928
snn_synaptic,3,125,26.16078568249941,0.9327666666666666,4.59617392718792,0.9285
snn_synaptic,3,126,25.69250525534153,0.9345833333333333,4.822972111403942,0.9317
snn_synaptic,3,127,25.858643904328346,0.9337333333333333,4.835120350122452,0.9349
snn_synaptic,3,128,25.65853689610958,0.93355,4.729485020041466,0.9273
snn_synaptic,3,129,24.760018914937973,0.9362,4.893988534808159,0.9261
snn_synaptic,3,130,26.261634826660156,0.93315,4.707826852798462,0.9335
snn_synaptic,3,131,26.144559293985367,0.9327,4.630323760211468,0.9338
snn_synaptic,3,132,25.296225652098656,0.9355833333333333,5.111113175749779,0.9248
snn_synaptic,3,133,25.498371094465256,0.9343833333333333,4.348579064011574,0.9354
snn_synaptic,3,134,25.535524800419807,0.9353666666666667,4.797740034759045,0.9254
snn_synaptic,3,135,26.339056506752968,0.9328666666666666,4.575884789228439,0.9335
snn_synaptic,3,136,24.734799332916737,0.9373666666666667,5.076296240091324,0.9305
snn_synaptic,3,137,25.251664102077484,0.93465,4.6895797699689865,0.9326
snn_synaptic,3,138,24.536883309483528,0.9368333333333333,4.632339954376221,0.9336
snn_synaptic,3,139,24.681346461176872,0.93665,4.650664195418358,0.9349
snn_synaptic,3,140,24.42523691058159,0.93635,4.636974588036537,0.9343
snn_synaptic,3,141,23.935971528291702,0.93945,4.382278084754944,0.9352
snn_synaptic,3,142,24.398191764950752,0.93795,4.823910444974899,0.9305
snn_synaptic,3,143,24.170263275504112,0.9383833333333333,4.683360680937767,0.931
snn_synaptic,3,144,24.22121474146843,0.9379666666666666,4.235640421509743,0.9374
snn_synaptic,3,145,23.234669469296932,0.9407833333333333,4.745336040854454,0.9311
snn_synaptic,3,146,24.377148181200027,0.93755,4.57798944413662,0.9324
snn_synaptic,3,147,23.07697781920433,0.9409,4.6582473292946815,0.9318
snn_synaptic,3,148,24.575917273759842,0.9379333333333333,4.321751564741135,0.9326
snn_synaptic,3,149,24.081482142210007,0.9381333333333334,4.044846773147583,0.9384
snn_synaptic,3,150,23.57802375406027,0.9406,4.153513073921204,0.9395
snn_synaptic,3,151,24.76122848689556,0.9364833333333333,4.359608806669712,0.9372
snn_synaptic,3,152,24.3121327906847,0.9375666666666667,4.59623659402132,0.9344
snn_synaptic,3,153,23.95598827302456,0.9391333333333334,4.568193130195141,0.9317
snn_synaptic,3,154,23.98065449297428,0.9392,4.218077063560486,0.939
snn_synaptic,3,155,23.86310514807701,0.9379833333333333,4.247442729771137,0.9352
snn_synaptic,3,156,23.386281549930573,0.9408,4.192043997347355,0.939
snn_synaptic,3,157,23.92124269157648,0.93815,4.100259564816952,0.9379
snn_synaptic,3,158,23.441569358110428,0.9392833333333334,4.1962660998106,0.942
snn_synaptic,3,159,23.901279479265213,0.9390333333333334,5.203395992517471,0.9247
snn_synaptic,3,160,24.505522310733795,0.9369333333333333,4.548399411141872,0.9323
snn_synaptic,3,161,23.178004652261734,0.9395666666666667,5.013764448463917,0.9297
snn_synaptic,3,162,23.962142407894135,0.9386666666666666,4.3796631544828415,0.9378
snn_synaptic,3,163,23.40581826120615,0.9392333333333334,4.347525306046009,0.9297
snn_synaptic,3,164,24.087171979248524,0.9370666666666667,5.360281504690647,0.9259
snn_synaptic,3,165,23.693011946976185,0.9390666666666667,4.2580389603972435,0.9378
snn_synaptic,3,166,22.293146446347237,0.9432,4.300312526524067,0.9327
snn_synaptic,3,167,23.06785323470831,0.94115,4.63859011977911,0.9259
snn_synaptic,3,168,23.28779000788927,0.93945,4.345333203673363,0.9369
snn_synaptic,3,169,23.160629212856293,0.9405833333333333,4.550177782773972,0.9353
snn_synaptic,3,170,23.238743469119072,0.9399,4.381243549287319,0.9358
snn_synaptic,3,171,23.950253531336784,0.9388666666666666,4.765028886497021,0.9263
snn_synaptic,3,172,23.457172624766827,0.9400333333333334,4.33525624871254,0.937
snn_synaptic,3,173,21.97959491610527,0.9441,4.06649050116539,0.9365
snn_synaptic,3,174,22.801592521369457,0.9414333333333333,4.193922825157642,0.9369
snn_synaptic,3,175,22.823649890720844,0.94205,4.590328566730022,0.9328
snn_synaptic,3,176,23.16922167688608,0.9409666666666666,4.087263830006123,0.9369
snn_synaptic,3,177,22.632019720971584,0.9421,4.283616058528423,0.9353
snn_synaptic,3,178,23.258752465248108,0.9402833333333334,5.040143296122551,0.9185
snn_synaptic,3,179,22.71139658242464,0.9413166666666667,4.7123802825808525,0.9288
snn_synaptic,3,180,23.699492417275906,0.9392833333333334,4.111827626824379,0.9399
snn_synaptic,3,181,22.22378296032548,0.9438833333333333,4.265280395746231,0.9371
snn_synaptic,3,182,23.450018130242825,0.9389166666666666,4.124641768634319,0.9371
snn_synaptic,3,183,22.73978229612112,0.94285,4.614035420119762,0.9325
snn_synaptic,3,184,22.937673054635525,0.94105,4.053945153951645,0.9381
snn_synaptic,3,185,22.38255723565817,0.94155,4.048676498234272,0.9392
snn_synaptic,3,186,22.72433941066265,0.94185,4.3709042221307755,0.9361
snn_synaptic,3,187,23.650914773344994,0.9390166666666667,4.300211638212204,0.9328
snn_synaptic,3,188,21.616049982607365,0.9443,4.310776837170124,0.9324
snn_synaptic,3,189,22.92589833587408,0.9399666666666666,4.321092076599598,0.9362
snn_synaptic,3,190,22.144153900444508,0.9432833333333334,4.202392786741257,0.9365
snn_synaptic,3,191,23.240406788885593,0.94025,4.258810579776764,0.9331
snn_synaptic,3,192,23.23267713189125,0.9404166666666667,4.353454798460007,0.932
snn_synaptic,3,193,22.58505230396986,0.94205,4.43352735042572,0.9365
snn_synaptic,3,194,22.554295524954796,0.9424666666666667,3.98357792198658,0.9409
snn_synaptic,3,195,22.902183681726456,0.9400833333333334,4.226921990513802,0.9361
snn_synaptic,3,196,21.967508889734745,0.9449333333333333,4.102971144020557,0.9371
snn_synaptic,3,197,21.962242044508457,0.9441,4.329814992845058,0.9342
snn_synaptic,3,198,22.117736123502254,0.9436333333333333,4.167384319007397,0.941
snn_synaptic,3,199,22.21817746758461,0.9426666666666667,4.23481372743845,0.9403
snn_synaptic,3,200,22.17567053437233,0.9432,4.484250046312809,0.9298
snn_synaptic,3,201,21.519026190042496,0.9441,4.592137038707733,0.9312
snn_synaptic,3,202,23.159176975488663,0.9403,4.494397632777691,0.9245
snn_synaptic,3,203,22.510528452694416,0.9423,4.1892131716012955,0.9334
snn_synaptic,3,204,22.311489641666412,0.9432,4.020843587815762,0.9384
snn_synaptic,3,205,21.579038880765438,0.9448333333333333,4.913234010338783,0.9244
snn_synaptic,3,206,21.75638408213854,0.9444166666666667,4.2488507851958275,0.9358
snn_synaptic,3,207,21.377835743129253,0.9450666666666667,4.153889454901218,0.9379
snn_synaptic,3,208,21.903757110238075,0.9446833333333333,4.165879532694817,0.9359
snn_synaptic,3,209,21.155943766236305,0.9460333333333333,4.249758906662464,0.939
snn_synaptic,3,210,22.356906078755856,0.9430833333333334,4.144956491887569,0.9365
snn_synaptic,3,211,21.945787727832794,0.9434833333333333,3.988180533051491,0.9369
snn_synaptic,3,212,22.429530076682568,0.94265,4.0340141877532005,0.9355
snn_synaptic,3,213,21.936922647058964,0.9436333333333333,4.241152361035347,0.9341
snn_synaptic,3,214,21.457960344851017,0.94445,3.8189111948013306,0.9435
snn_synaptic,3,215,22.015677951276302,0.94415,4.153972014784813,0.9388
snn_synaptic,3,216,22.082381322979927,0.9427,4.383904866874218,0.9347
snn_synaptic,3,217,22.561407543718815,0.9419333333333333,4.046702481806278,0.941
snn_synaptic,3,218,21.552403390407562,0.9448833333333333,4.168138958513737,0.9377
snn_synaptic,3,219,22.449419796466827,0.9424333333333333,3.9743475168943405,0.9404
snn_synaptic,3,220,21.50199443101883,0.9442,4.1263778656721115,0.9395
snn_synaptic,3,221,21.876216247677803,0.9437333333333333,3.953740619122982,0.9401
snn_synaptic,3,222,22.142533972859383,0.9439,4.233842715620995,0.9335
snn_synaptic,3,223,21.882011875510216,0.9429166666666666,3.9823122695088387,0.9399
snn_synaptic,3,224,21.66120035946369,0.9445,3.95095956325531,0.9379
snn_synaptic,3,225,21.68941856175661,0.9429333333333333,4.104678273200989,0.9392
snn_synaptic,3,226,21.66689409315586,0.94485,4.471220567822456,0.932
snn_synaptic,3,227,22.379331290721893,0.9420666666666667,4.110702693462372,0.9295
snn_synaptic,3,228,21.560478389263153,0.9448833333333333,4.071297287940979,0.9388
snn_synaptic,3,229,21.52277983725071,0.94465,4.501647032797337,0.931
snn_synaptic,3,230,22.719099193811417,0.9424166666666667,4.436305023729801,0.9344
snn_synaptic,3,231,22.938162431120872,0.94155,4.386319912970066,0.9353
snn_synaptic,3,232,22.030049789696932,0.9428833333333333,4.696676850318909,0.9315
snn_synaptic,3,233,22.0340653732419,0.94375,4.046168774366379,0.9345
snn_synaptic,3,234,22.460949659347534,0.9425333333333333,4.254749849438667,0.9318
snn_synaptic,3,235,21.71108541637659,0.9445333333333333,3.8756666034460068,0.9422
snn_synaptic,3,236,21.908639892935753,0.9434,4.102561451494694,0.9388
snn_synaptic,3,237,22.120575539767742,0.94335,3.9549077078700066,0.9416
snn_synaptic,3,238,21.54348236322403,0.9446333333333333,4.02966920286417,0.9403
snn_synaptic,3,239,21.769024662673473,0.9442333333333334,4.275868870317936,0.9354
snn_synaptic,3,240,21.099613420665264,0.9464666666666667,3.8936962485313416,0.9427
snn_synaptic,3,241,22.60275799036026,0.94205,4.420155681669712,0.9311
snn_synaptic,3,242,21.632831156253815,0.94495,4.499421253800392,0.9349
snn_synaptic,3,243,21.83958972990513,0.9440166666666666,4.103495992720127,0.9387
snn_synaptic,3,244,21.326382786035538,0.9458,4.095944590866566,0.9342
snn_synaptic,3,245,21.792646065354347,0.9441,4.456135533750057,0.9284
snn_synaptic,3,246,22.17232734709978,0.9429,4.062989428639412,0.9356
snn_synaptic,3,247,21.62634165585041,0.9451,3.9319076389074326,0.9406
snn_synaptic,3,248,21.581435151398182,0.9458333333333333,3.9635848328471184,0.9371
snn_synaptic,3,249,20.864506915211678,0.9464,4.548201315104961,0.9292
snn_synaptic,3,250,21.673619329929352,0.9448,4.224386774003506,0.9309
snn_synaptic,3,251,21.300640277564526,0.9442,4.13288788497448,0.9409
snn_synaptic,3,252,22.556048408150673,0.9426666666666667,4.3828185349702835,0.9333
snn_synaptic,3,253,20.402929097414017,0.9479333333333333,3.8201462626457214,0.9387
snn_synaptic,3,254,20.432582333683968,0.9482166666666667,4.032121568918228,0.9413
snn_synaptic,3,255,21.499758020043373,0.9444333333333333,3.8883107379078865,0.9443
snn_synaptic,3,256,21.701734825968742,0.9448833333333333,4.236986920237541,0.9395
snn_synaptic,3,257,21.811692744493484,0.94475,4.232535190880299,0.9343
snn_synaptic,3,258,21.314513847231865,0.9458166666666666,4.427097767591476,0.93
snn_synaptic,3,259,21.509395889937878,0.9455666666666667,4.0244127213954926,0.9405
snn_synaptic,3,260,21.795253962278366,0.9450333333333333,3.820247545838356,0.9439
snn_synaptic,3,261,22.01597486436367,0.9445,4.761247009038925,0.9316
snn_synaptic,3,262,21.376009061932564,0.9452166666666667,3.7771430611610413,0.9438
snn_synaptic,3,263,22.206478156149387,0.94335,4.2223551496863365,0.9377
snn_synaptic,3,264,21.575411468744278,0.9456,4.102741211652756,0.9381
snn_synaptic,3,265,21.757107764482498,0.9446833333333333,3.888923853635788,0.9424
snn_synaptic,3,266,20.89858017116785,0.9458666666666666,3.823561668395996,0.9413
snn_synaptic,3,267,21.304274052381516,0.9464666666666667,3.989160068333149,0.9344
snn_synaptic,3,268,20.777604408562183,0.9466333333333333,3.835001289844513,0.9437
snn_synaptic,3,269,20.918253131210804,0.9457333333333333,3.8472605496644974,0.9391
snn_synaptic,3,270,20.64280018210411,0.9465833333333333,5.1121892631053925,0.925
snn_synaptic,3,271,21.118653811514378,0.9468666666666666,4.344204507768154,0.9362
snn_synaptic,3,272,22.0547928661108,0.9446,4.390434771776199,0.9306
snn_synaptic,3,273,21.678020179271698,0.9446333333333333,3.8772201538085938,0.9456
snn_synaptic,3,274,20.86050160974264,0.9471666666666667,4.019683167338371,0.9343
snn_synaptic,3,275,20.850524879992008,0.9462,4.24473624676466,0.936
snn_synaptic,3,276,20.23151207715273,0.9482333333333334,3.8916839361190796,0.9421
snn_synaptic,3,277,21.02839135378599,0.9460666666666666,4.146034821867943,0.9363
snn_synaptic,3,278,21.20067435503006,0.9448833333333333,3.824891522526741,0.9431
snn_synaptic,3,279,20.729368910193443,0.9470666666666666,4.303861826658249,0.9318
snn_synaptic,3,280,20.678570553660393,0.9471666666666667,4.0590303763747215,0.9379
snn_synaptic,3,281,21.364133581519127,0.9456666666666667,3.9425128176808357,0.9425
snn_synaptic,3,282,19.676536411046982,0.9497166666666667,4.065093740820885,0.9401
snn_synaptic,3,283,20.39096360653639,0.9475833333333333,4.170024737715721,0.9369
snn_synaptic,3,284,21.055594757199287,0.9459,3.9376382753252983,0.9374
snn_synaptic,3,285,21.49478728324175,0.94525,4.366400472819805,0.935
snn_synaptic,3,286,20.43468889594078,0.94745,3.8385471776127815,0.9418
snn_synaptic,3,287,19.79000485688448,0.9489333333333333,3.6814524307847023,0.9453
snn_synaptic,3,288,19.878327682614326,0.9487833333333333,3.7845661118626595,0.9447
snn_synaptic,3,289,20.20992211252451,0.9481666666666667,4.414423570036888,0.9299
snn_synaptic,3,290,20.137010641396046,0.9487166666666667,4.032668247818947,0.9413
snn_synaptic,3,291,21.231190264225006,0.94625,4.001867763698101,0.9406
snn_synaptic,3,292,20.813689216971397,0.94565,4.062072940170765,0.9374
snn_synaptic,3,293,20.61593120545149,0.9468666666666666,3.9434769451618195,0.9369
snn_synaptic,3,294,19.897890530526638,0.95005,3.9469860792160034,0.9395
snn_synaptic,3,295,20.188462667167187,0.94845,4.058164082467556,0.9368
snn_synaptic,3,296,20.18377161771059,0.9487666666666666,3.8661303371191025,0.9435
snn_synaptic,3,297,20.221629455685616,0.9484,4.224807515740395,0.9357
snn_synaptic,3,298,20.23988550156355,0.9477666666666666,4.157941833138466,0.9367
snn_synaptic,3,299,20.479516476392746,0.9479333333333333,4.063233703374863,0.9375
snn_synaptic,3,300,20.5697059109807,0.9473333333333334,4.685293361544609,0.9318
snn_synaptic,4,1,238.472771525383,0.35013333333333335,33.639753103256226,0.5304
snn_synaptic,4,2,171.7807810306549,0.5954666666666667,24.587676763534546,0.6556
snn_synaptic,4,3,130.37718403339386,0.6858833333333333,19.665657997131348,0.7029
snn_synaptic,4,4,109.2949805855751,0.7171166666666666,16.936900734901428,0.7285
snn_synaptic,4,5,98.86406463384628,0.7336,16.36466473340988,0.7153
snn_synaptic,4,6,94.32826745510101,0.7402166666666666,15.138753116130829,0.7407
snn_synaptic,4,7,87.4829369187355,0.7585333333333333,14.437858045101166,0.7309
snn_synaptic,4,8,83.52882206439972,0.76805,13.979280412197113,0.7576
snn_synaptic,4,9,77.34314215183258,0.7868833333333334,13.258925557136536,0.7826
snn_synaptic,4,10,74.36000084877014,0.79305,12.224383413791656,0.7871
snn_synaptic,4,11,70.07115364074707,0.8053333333333333,12.04503932595253,0.7983
snn_synaptic,4,12,67.39303615689278,0.8129333333333333,11.158301413059235,0.8123
snn_synaptic,4,13,65.4107531607151,0.8194833333333333,10.650490134954453,0.8193
snn_synaptic,4,14,63.520048916339874,0.82485,10.700187891721725,0.8177
snn_synaptic,4,15,61.83225762844086,0.8305,10.639338046312332,0.8229
snn_synaptic,4,16,60.73757568001747,0.8338333333333333,9.593143790960312,0.8488
snn_synaptic,4,17,60.1103630065918,0.8354333333333334,9.580235540866852,0.8429
snn_synaptic,4,18,57.30851021409035,0.8427666666666667,9.663070648908615,0.8332
snn_synaptic,4,19,55.052816689014435,0.85175,9.64909428358078,0.8389
snn_synaptic,4,20,54.57540786266327,0.8509833333333333,9.5387464761734,0.8462
snn_synaptic,4,21,54.093446373939514,0.8540166666666666,9.284744083881378,0.8447
snn_synaptic,4,22,51.69058045744896,0.86165,8.999220311641693,0.8576
snn_synaptic,4,23,50.252659648656845,0.86645,9.875083178281784,0.8212
snn_synaptic,4,24,50.185781359672546,0.8653666666666666,10.320326089859009,0.8244
snn_synaptic,4,25,50.49905124306679,0.8666333333333334,8.425041303038597,0.8594
snn_synaptic,4,26,47.73508411645889,0.87335,8.100001960992813,0.8678
snn_synaptic,4,27,47.06657391786575,0.8733333333333333,7.9769138395786285,0.8688
snn_synaptic,4,28,46.9625458419323,0.8759333333333333,8.494295790791512,0.8601
snn_synaptic,4,29,46.306595861911774,0.8777833333333334,7.819157749414444,0.8841
snn_synaptic,4,30,44.92960470914841,0.8820333333333333,7.874530702829361,0.8757
snn_synaptic,4,31,43.386240452528,0.8836666666666667,7.249737650156021,0.877
snn_synaptic,4,32,42.698837995529175,0.8884666666666666,7.555849567055702,0.8714
snn_synaptic,4,33,43.277197659015656,0.8861166666666667,8.239810228347778,0.8727
snn_synaptic,4,34,43.67103257775307,0.88425,6.963182955980301,0.8862
snn_synaptic,4,35,41.73742735385895,0.8898833333333334,7.701278373599052,0.8863
snn_synaptic,4,36,42.26551002264023,0.8883333333333333,7.860555171966553,0.8641
snn_synaptic,4,37,42.15133851766586,0.8897833333333334,7.2719395607709885,0.8984
snn_synaptic,4,38,41.201457500457764,0.8934166666666666,7.064765855669975,0.8988
snn_synaptic,4,39,40.15956391394138,0.8952333333333333,6.294330805540085,0.9027
snn_synaptic,4,40,40.305859208106995,0.89605,7.592734202742577,0.8841
snn_synaptic,4,41,39.04979655146599,0.8988333333333334,7.068730250000954,0.8789
snn_synaptic,4,42,38.19118256866932,0.9007333333333334,6.4438295513391495,0.9009
snn_synaptic,4,43,38.639349192380905,0.8997,6.654195159673691,0.8993
snn_synaptic,4,44,37.61886918544769,0.9026166666666666,6.260364890098572,0.9044
snn_synaptic,4,45,37.68121591210365,0.90095,6.692693501710892,0.8808
snn_synaptic,4,46,38.406822726130486,0.90035,6.468306928873062,0.8988
snn_synaptic,4,47,37.326314851641655,0.9034,6.432151600718498,0.9023
snn_synaptic,4,48,35.99803960323334,0.9059333333333334,5.8478134125471115,0.9094
snn_synaptic,4,49,36.24618971347809,0.9068166666666667,6.520910426974297,0.9083
snn_synaptic,4,50,35.58490255475044,0.9079666666666667,7.351406157016754,0.9074
snn_synaptic,4,51,37.063348308205605,0.9048333333333334,6.759097382426262,0.8991
snn_synaptic,4,52,35.90320545434952,0.9058,6.6593251675367355,0.905
snn_synaptic,4,53,35.31331032514572,0.9084333333333333,6.043173506855965,0.9101
snn_synaptic,4,54,34.632709726691246,0.9104333333333333,6.966839715838432,0.8794
snn_synaptic,4,55,34.59607583284378,0.9106166666666666,6.413624748587608,0.8993
snn_synaptic,4,56,33.68368963897228,0.9138,6.326152458786964,0.8993
snn_synaptic,4,57,33.13499116897583,0.9144333333333333,6.04890613257885,0.9067
snn_synaptic,4,58,32.868144392967224,0.9153166666666667,5.994621127843857,0.9042
snn_synaptic,4,59,32.43698950111866,0.9174166666666667,5.5646370351314545,0.913
snn_synaptic,4,60,32.80721461772919,0.9154,5.817804470658302,0.9112
snn_synaptic,4,61,31.791054621338844,0.9176833333333333,5.519798591732979,0.9159
snn_synaptic,4,62,32.56247432529926,0.9155,6.57750129699707,0.8886
snn_synaptic,4,63,32.17417161166668,0.916,6.382046699523926,0.906
snn_synaptic,4,64,32.28014214336872,0.91665,5.559372343122959,0.9051
snn_synaptic,4,65,32.15280403196812,0.9164,6.63839715719223,0.9084
snn_synaptic,4,66,31.95278887450695,0.9169333333333334,6.254603877663612,0.8859
snn_synaptic,4,67,31.498369455337524,0.9189,5.6967843770980835,0.9047
snn_synaptic,4,68,31.733389884233475,0.9193,5.926729306578636,0.9079
snn_synaptic,4,69,31.660338684916496,0.9177333333333333,5.408973217010498,0.921
snn_synaptic,4,70,30.691260635852814,0.9220833333333334,5.355757310986519,0.9174
snn_synaptic,4,71,31.518195793032646,0.9186333333333333,5.766378320753574,0.9076
snn_synaptic,4,72,30.71411520242691,0.9207666666666666,5.644860252737999,0.9092
snn_synaptic,4,73,31.463884368538857,0.9182333333333333,5.86747233569622,0.9042
snn_synaptic,4,74,31.22499243915081,0.9184166666666667,5.720550358295441,0.9061
snn_synaptic,4,75,29.03728248178959,0.9255833333333333,5.909688368439674,0.9164
snn_synaptic,4,76,30.7204662412405,0.92025,4.962126210331917,0.9226
snn_synaptic,4,77,29.587620496749878,0.9231166666666667,5.256462320685387,0.9226
snn_synaptic,4,78,29.036611676216125,0.9246166666666666,5.421771988272667,0.9195
snn_synaptic,4,79,29.264726608991623,0.9250833333333334,5.5080365389585495,0.9007
snn_synaptic,4,80,29.67743816971779,0.9235666666666666,5.1140457689762115,0.916
snn_synaptic,4,81,28.76394061744213,0.92495,5.16531989723444,0.9096
snn_synaptic,4,82,29.786408305168152,0.9222333333333333,5.117128126323223,0.9175
snn_synaptic,4,83,29.987567752599716,0.9227333333333333,5.245313853025436,0.9109
snn_synaptic,4,84,29.92026348412037,0.9226333333333333,5.580888405442238,0.9159
snn_synaptic,4,85,28.490304216742516,0.9249833333333334,5.02270171046257,0.9171
snn_synaptic,4,86,29.34808212518692,0.9238,5.048281826078892,0.9283
snn_synaptic,4,87,28.92175693809986,0.9258833333333333,5.172549851238728,0.9228
snn_synaptic,4,88,27.73544031381607,0.92855,5.417999215424061,0.9204
snn_synaptic,4,89,27.945005014538765,0.9290666666666667,4.80011311173439,0.9221
snn_synaptic,4,90,28.197214722633362,0.9263166666666667,4.687530480325222,0.9351
snn_synaptic,4,91,27.657391622662544,0.9288,5.080409519374371,0.915
snn_synaptic,4,92,27.232942789793015,0.9305166666666667,4.880017228424549,0.9253
snn_synaptic,4,93,27.499828413128853,0.9288,5.787479072809219,0.9011
snn_synaptic,4,94,27.930858701467514,0.9275666666666667,4.767104655504227,0.9163
snn_synaptic,4,95,27.48110118508339,0.9302333333333334,5.110822036862373,0.9255
snn_synaptic,4,96,27.05022956430912,0.9305666666666667,5.1655208468437195,0.9234
snn_synaptic,4,97,26.697253972291946,0.9310666666666667,4.866188198328018,0.9284
snn_synaptic,4,98,26.970457181334496,0.9312666666666667,5.049146726727486,0.924
snn_synaptic,4,99,27.155601680278778,0.9302166666666667,5.33532577008009,0.9276
snn_synaptic,4,100,27.16364911198616,0.93005,5.087726511061192,0.925
snn_synaptic,4,101,26.7292772680521,0.9310333333333334,4.986794948577881,0.9166
snn_synaptic,4,102,26.966328769922256,0.9305333333333333,4.815130136907101,0.9323
snn_synaptic,4,103,27.032850950956345,0.9296666666666666,4.6159608364105225,0.9287
snn_synaptic,4,104,26.95333844423294,0.93025,4.8731443509459496,0.9223
snn_synaptic,4,105,26.077453657984734,0.9328333333333333,5.147734493017197,0.9214
snn_synaptic,4,106,26.247200451791286,0.9322166666666667,4.693878620862961,0.9223
snn_synaptic,4,107,25.45884144306183,0.93495,4.807347573339939,0.9272
snn_synaptic,4,108,27.35907731950283,0.9295166666666667,4.556154131889343,0.9329
snn_synaptic,4,109,25.876203067600727,0.9334166666666667,4.95103795081377,0.9264
snn_synaptic,4,110,25.471290200948715,0.9349166666666666,5.308716788887978,0.9202
snn_synaptic,4,111,26.02017232775688,0.9313333333333333,4.906549826264381,0.93
snn_synaptic,4,112,26.36337134987116,0.932,5.1622007340192795,0.9149
snn_synaptic,4,113,26.314893499016762,0.9320333333333334,4.376285098493099,0.9318
snn_synaptic,4,114,25.661587357521057,0.9339166666666666,4.6765256226062775,0.9251
snn_synaptic,4,115,25.99036905169487,0.9332166666666667,4.752178959548473,0.9273
snn_synaptic,4,116,26.928758546710014,0.93065,4.98414883762598,0.9268
snn_synaptic,4,117,25.442220613360405,0.934,4.525902472436428,0.9273
snn_synaptic,4,118,25.4054357111454,0.9337666666666666,4.6262655556201935,0.9294
snn_synaptic,4,119,25.545345976948738,0.9337166666666666,4.568195700645447,0.9337
snn_synaptic,4,120,25.457465797662735,0.9352166666666667,4.889056637883186,0.921
snn_synaptic,4,121,25.798671171069145,0.9333166666666667,4.512467198073864,0.9389
snn_synaptic,4,122,25.26078762114048,0.9345833333333333,4.860005758702755,0.9326
snn_synaptic,4,123,25.453936763107777,0.9329,4.148787900805473,0.9343
snn_synaptic,4,124,24.74926656484604,0.9366833333333333,4.449877433478832,0.9281
snn_synaptic,4,125,24.790514305233955,0.9374333333333333,4.705448016524315,0.9202
snn_synaptic,4,126,24.44008318334818,0.9369833333333333,4.552691146731377,0.9342
snn_synaptic,4,127,24.89365926384926,0.9349666666666666,5.242185816168785,0.9185
snn_synaptic,4,128,24.61394752562046,0.9372,4.90542159974575,0.9311
snn_synaptic,4,129,24.715791910886765,0.9376,4.361668132245541,0.9337
snn_synaptic,4,130,23.881638169288635,0.9384,4.462322063744068,0.9298
snn_synaptic,4,131,24.76813866198063,0.93645,4.985909000039101,0.9243
snn_synaptic,4,132,24.95790396630764,0.9342833333333334,4.976045958697796,0.9189
snn_synaptic,4,133,23.778734102845192,0.9394666666666667,4.601102314889431,0.9324
snn_synaptic,4,134,24.271738171577454,0.9389333333333333,4.468008793890476,0.9354
snn_synaptic,4,135,23.815439954400063,0.9379833333333333,4.36241053044796,0.9339
snn_synaptic,4,136,24.970970280468464,0.93545,4.7042288184165955,0.9203
snn_synaptic,4,137,24.508894443511963,0.9367166666666666,4.0586589723825455,0.9368
snn_synaptic,4,138,23.57095927745104,0.9395333333333333,4.375451385974884,0.9263
snn_synaptic,4,139,24.210414968430996,0.9385666666666667,4.684025317430496,0.928
snn_synaptic,4,140,23.809382021427155,0.9387833333333333,4.610340371727943,0.929
snn_synaptic,4,141,23.370409965515137,0.9398,4.4056836143136024,0.9377
snn_synaptic,4,142,23.767015486955643,0.9399666666666666,4.642471455037594,0.9327
snn_synaptic,4,143,23.064681567251682,0.9406833333333333,4.2399237006902695,0.9362
snn_synaptic,4,144,23.27087716013193,0.9395833333333333,4.4825368747115135,0.9366
snn_synaptic,4,145,24.03787310421467,0.9386666666666666,4.690783552825451,0.9289
snn_synaptic,4,146,23.969665177166462,0.9387666666666666,4.24605205655098,0.9361
snn_synaptic,4,147,23.423965767025948,0.9397,4.649646505713463,0.935
snn_synaptic,4,148,23.59500852972269,0.9389833333333333,4.4015346467494965,0.9326
snn_synaptic,4,149,23.264011725783348,0.9398666666666666,4.847729414701462,0.9199
snn_synaptic,4,150,23.935059279203415,0.9385166666666667,4.859864674508572,0.9238
snn_synaptic,4,151,23.204322539269924,0.9400666666666667,4.474282495677471,0.9344
snn_synaptic,4,152,24.02482208609581,0.9383833333333333,4.141686476767063,0.9353
snn_synaptic,4,153,23.23533245921135,0.9406,4.4418768137693405,0.9281
snn_synaptic,4,154,23.422149270772934,0.9390666666666667,4.017112746834755,0.9366
snn_synaptic,4,155,22.736295208334923,0.9404666666666667,4.045333385467529,0.9333
snn_synaptic,4,156,22.910884767770767,0.94015,4.2797127440571785,0.9354
snn_synaptic,4,157,22.111017264425755,0.9430333333333333,4.833483316004276,0.9289
snn_synaptic,4,158,23.493313066661358,0.9392666666666667,4.769252561032772,0.9306
snn_synaptic,4,159,23.11831135302782,0.9404666666666667,4.237774156033993,0.9363
snn_synaptic,4,160,22.65544630587101,0.9412833333333334,4.342087417840958,0.9346
snn_synaptic,4,161,22.6199437007308,0.9423333333333334,4.463407099246979,0.9352
snn_synaptic,4,162,22.788998924195766,0.9416333333333333,5.308039128780365,0.9267
snn_synaptic,4,163,22.836168944835663,0.941,4.346725657582283,0.9304
snn_synaptic,4,164,22.566750168800354,0.9412,4.41086258739233,0.9302
snn_synaptic,4,165,22.58259504288435,0.9410666666666667,4.343925409018993,0.9359
snn_synaptic,4,166,22.423323467373848,0.942,4.156611189246178,0.931
snn_synaptic,4,167,23.696191117167473,0.9400833333333334,4.339774087071419,0.9351
snn_synaptic,4,168,22.37780937552452,0.9418666666666666,4.294493541121483,0.93
snn_synaptic,4,169,22.96699596196413,0.9409833333333333,4.6116683930158615,0.9268
snn_synaptic,4,170,23.07102681696415,0.9403,4.2858766838908195,0.9341
snn_synaptic,4,171,22.57020530104637,0.9410666666666667,4.256854049861431,0.9336
snn_synaptic,4,172,22.821517132222652,0.9412166666666667,4.954106770455837,0.9306
snn_synaptic,4,173,22.499497331678867,0.9421333333333334,4.28879027813673,0.9382
snn_synaptic,4,174,22.786114618182182,0.9410666666666667,4.205347888171673,0.9331
snn_synaptic,4,175,22.68619191646576,0.9409666666666666,4.213380910456181,0.935
snn_synaptic,4,176,22.53626897931099,0.94225,4.311931855976582,0.935
snn_synaptic,4,177,22.68885862827301,0.9419,4.2547503635287285,0.9319
snn_synaptic,4,178,24.442608788609505,0.9366833333333333,4.612687267363071,0.9265
snn_synaptic,4,179,21.996478989720345,0.9436166666666667,4.2335407212376595,0.9352
snn_synaptic,4,180,22.452244587242603,0.9423333333333334,4.00506879389286,0.9429
snn_synaptic,4,181,22.54208266735077,0.9417,4.322324365377426,0.9293
snn_synaptic,4,182,22.524763002991676,0.9415166666666667,4.403283283114433,0.9293
snn_synaptic,4,183,23.65341989696026,0.9398,4.980035692453384,0.9123
snn_synaptic,4,184,22.192768663167953,0.9426166666666667,4.1553135216236115,0.9399
snn_synaptic,4,185,22.25975577533245,0.9423,4.060791574418545,0.9373
snn_synaptic,4,186,22.042651288211346,0.9433666666666667,4.657757647335529,0.9284
snn_synaptic,4,187,21.957046024501324,0.9427666666666666,4.0246258825063705,0.9428
snn_synaptic,4,188,21.515079021453857,0.9451666666666667,4.474424012005329,0.9318
snn_synaptic,4,189,21.762486591935158,0.9445666666666667,4.38671637326479,0.9293
snn_synaptic,4,190,22.420579433441162,0.9429,4.218175023794174,0.9364
snn_synaptic,4,191,21.38455095887184,0.9445833333333333,4.214133955538273,0.9381
snn_synaptic,4,192,22.26534553617239,0.9421,4.085163526237011,0.9358
snn_synaptic,4,193,22.113030053675175,0.94265,4.392553739249706,0.9296
snn_synaptic,4,194,22.060403145849705,0.9431166666666667,5.56047997623682,0.9208
snn_synaptic,4,195,21.61101795732975,0.9441,4.240510001778603,0.9436
snn_synaptic,4,196,21.296829372644424,0.94545,5.554196372628212,0.9206
snn_synaptic,4,197,23.564744375646114,0.9379666666666666,3.999360479414463,0.9361
snn_synaptic,4,198,21.17581456899643,0.9461166666666667,3.964190572500229,0.9394
snn_synaptic,4,199,22.489973060786724,0.9420333333333333,4.3676469922065735,0.9328
snn_synaptic,4,200,21.49360030889511,0.9438333333333333,4.3065690994262695,0.9343
snn_synaptic,4,201,22.53528618812561,0.9416333333333333,4.468197248876095,0.9377
snn_synaptic,4,202,21.604963213205338,0.9456666666666667,4.22442639619112,0.9353
snn_synaptic,4,203,22.067647740244865,0.9438333333333333,3.956022620201111,0.94
snn_synaptic,4,204,21.077222548425198,0.9457833333333333,4.150959633290768,0.9353
snn_synaptic,4,205,21.09634666144848,0.9464,4.002627976238728,0.9382
snn_synaptic,4,206,21.875197999179363,0.9433333333333334,4.562973737716675,0.9351
snn_synaptic,4,207,22.540153689682484,0.94215,4.5659115090966225,0.9337
snn_synaptic,4,208,21.53504589945078,0.9442333333333334,3.970289424061775,0.9407
snn_synaptic,4,209,20.68955171853304,0.9477,4.306138172745705,0.9352
snn_synaptic,4,210,21.365522235631943,0.9449833333333333,3.93746018409729,0.9366
snn_synaptic,4,211,21.467834405601025,0.9455166666666667,4.4223311468958855,0.9312
snn_synaptic,4,212,21.15980125963688,0.9452833333333334,4.306312769651413,0.9361
snn_synaptic,4,213,21.84311892092228,0.9447666666666666,3.845936417579651,0.9408
snn_synaptic,4,214,22.16287538409233,0.9437833333333333,4.07025645673275,0.9332
snn_synaptic,4,215,21.444198802113533,0.9448,3.9966751784086227,0.9386
snn_synaptic,4,216,21.564795181155205,0.9449,4.348806604743004,0.9307
snn_synaptic,4,217,22.01418114453554,0.9444,4.122479826211929,0.9368
snn_synaptic,4,218,21.433323219418526,0.9438,4.464999139308929,0.9376
snn_synaptic,4,219,21.584142364561558,0.9440166666666666,4.105177402496338,0.9403
snn_synaptic,4,220,20.861193045973778,0.94525,4.181951977312565,0.9336
snn_synaptic,4,221,21.992224521934986,0.9432333333333334,4.308329068124294,0.9346
snn_synaptic,4,222,21.928083583712578,0.9436,4.096602112054825,0.935
snn_synaptic,4,223,20.8501980304718,0.9461333333333334,4.280623264610767,0.9388
snn_synaptic,4,224,21.18065617978573,0.9460333333333333,3.891074664890766,0.9414
snn_synaptic,4,225,21.182500913739204,0.9453333333333334,4.185114145278931,0.9357
snn_synaptic,4,226,21.467538595199585,0.9441666666666667,3.8198242783546448,0.9457
snn_synaptic,4,227,21.14985478669405,0.9450833333333334,4.019492894411087,0.9442
snn_synaptic,4,228,20.886883929371834,0.946,4.068805858492851,0.9364
snn_synaptic,4,229,20.882509976625443,0.9453,4.141197890043259,0.9371
snn_synaptic,4,230,21.51758713275194,0.9443333333333334,4.278012722730637,0.9372
snn_synaptic,4,231,21.3526182025671,0.9459666666666666,4.259940333664417,0.9346
snn_synaptic,4,232,20.15423147380352,0.9478166666666666,4.019006587564945,0.9435
snn_synaptic,4,233,20.560740165412426,0.9478,4.403800241649151,0.9351
snn_synaptic,4,234,21.803467102348804,0.944,4.015755608677864,0.9382
snn_synaptic,4,235,20.76027599722147,0.9457,3.9931637421250343,0.9434
snn_synaptic,4,236,20.162121571600437,0.9478666666666666,3.8051882088184357,0.9448
snn_synaptic,4,237,20.46457878500223,0.9473333333333334,4.250163860619068,0.9323
snn_synaptic,4,238,20.080784663558006,0.9487166666666667,4.001165464520454,0.9441
snn_synaptic,4,239,20.4228133559227,0.94795,4.12470543384552,0.9376
snn_synaptic,4,240,20.636098191142082,0.9477,4.64456120878458,0.9364
snn_synaptic,4,241,20.770830437541008,0.9464333333333333,3.9382316172122955,0.9375
snn_synaptic,4,242,20.677555419504642,0.9474833333333333,4.144905559718609,0.9373
snn_synaptic,4,243,20.62556926906109,0.9470166666666666,4.096619002521038,0.9392
snn_synaptic,4,244,20.714222595095634,0.94675,4.20700216293335,0.9376
snn_synaptic,4,245,20.097458764910698,0.9483833333333334,4.153000667691231,0.9383
snn_synaptic,4,246,20.71300220489502,0.9474666666666667,4.403171330690384,0.9365
snn_synaptic,4,247,21.756538555026054,0.9445166666666667,4.052040494978428,0.9418
snn_synaptic,4,248,20.520576149225235,0.9476333333333333,3.9907290786504745,0.9378
snn_synaptic,4,249,21.139944463968277,0.9456833333333333,4.057210087776184,0.9447
snn_synaptic,4,250,20.5357558503747,0.9477666666666666,4.410847768187523,0.9346
snn_synaptic,4,251,20.847971111536026,0.9463,3.94004175812006,0.9409
snn_synaptic,4,252,20.34610851854086,0.9482166666666667,3.9831680580973625,0.9337
snn_synaptic,4,253,20.770068019628525,0.9460833333333334,4.076549403369427,0.9295
snn_synaptic,4,254,20.918785519897938,0.947,4.185348331928253,0.9396
snn_synaptic,4,255,20.438525766134262,0.9478,3.9865453243255615,0.9416
snn_synaptic,4,256,20.087352201342583,0.9484333333333334,4.030898042023182,0.942
snn_synaptic,4,257,20.00010544806719,0.9491,3.937821179628372,0.935
snn_synaptic,4,258,20.382660679519176,0.94695,3.940675973892212,0.9375
snn_synaptic,4,259,19.715708702802658,0.9498166666666666,3.930905133485794,0.9432
snn_synaptic,4,260,20.54543637484312,0.9467,3.912693612277508,0.9449
snn_synaptic,4,261,20.267036713659763,0.9473166666666667,4.03441571444273,0.9424
snn_synaptic,4,262,20.448262378573418,0.9474833333333333,3.6478308141231537,0.946
snn_synaptic,4,263,20.450419880449772,0.9471833333333334,4.037506423890591,0.935
snn_synaptic,4,264,20.49114666879177,0.9469833333333333,4.102640353143215,0.9402
snn_synaptic,4,265,20.90745271742344,0.9472333333333334,4.583051882684231,0.9316
snn_synaptic,4,266,20.075248181819916,0.9492833333333334,3.7854318097233772,0.9369
snn_synaptic,4,267,20.347519516944885,0.9480333333333333,4.147232040762901,0.9291
snn_synaptic,4,268,21.660001829266548,0.9441833333333334,3.8316765427589417,0.9387
snn_synaptic,4,269,20.099797055125237,0.9479,4.674521774053574,0.92
snn_synaptic,4,270,20.897566877305508,0.9461833333333334,4.05056694149971,0.9344
snn_synaptic,4,271,20.5252650603652,0.9484166666666667,3.959923781454563,0.9393
snn_synaptic,4,272,19.37941787391901,0.9499333333333333,3.8880539014935493,0.9443
snn_synaptic,4,273,20.723943829536438,0.9474833333333333,4.105381555855274,0.933
snn_synaptic,4,274,20.16113568097353,0.9480666666666666,3.892644852399826,0.9373
snn_synaptic,4,275,19.941046074032784,0.9485166666666667,3.9885373637080193,0.944
snn_synaptic,4,276,20.532575726509094,0.9473,3.999632902443409,0.9335
snn_synaptic,4,277,21.39665274322033,0.9450833333333334,4.151372537016869,0.9458
snn_synaptic,4,278,20.372074097394943,0.9485166666666667,4.096425719559193,0.9377
snn_synaptic,4,279,20.642086058855057,0.9460166666666666,4.045680403709412,0.937
snn_synaptic,4,280,19.482032917439938,0.9499,4.065142415463924,0.9372
snn_synaptic,4,281,19.57711263000965,0.9492333333333334,3.9415538981556892,0.9385
snn_synaptic,4,282,19.34335747361183,0.95005,4.124875508248806,0.9375
snn_synaptic,4,283,19.63467761129141,0.9489166666666666,3.621365323662758,0.945
snn_synaptic,4,284,19.530237689614296,0.95005,3.968325659632683,0.936
snn_synaptic,4,285,18.956006430089474,0.95115,4.095637917518616,0.9319
snn_synaptic,4,286,20.697196327149868,0.9463166666666667,4.416297145187855,0.9298
snn_synaptic,4,287,20.03649764508009,0.9484833333333333,4.142710790038109,0.9363
snn_synaptic,4,288,20.058640219271183,0.9484833333333333,3.963644728064537,0.9349
snn_synaptic,4,289,20.476605847477913,0.94805,3.8506046533584595,0.9452
snn_synaptic,4,290,20.084856748580933,0.9488,3.781629703938961,0.9428
snn_synaptic,4,291,19.542786732316017,0.9482833333333334,3.418538950383663,0.9467
snn_synaptic,4,292,19.968617372214794,0.9484166666666667,3.765154741704464,0.9392
snn_synaptic,4,293,19.157162711024284,0.9513666666666667,4.026908837258816,0.9367
snn_synaptic,4,294,19.89887996762991,0.9484333333333334,3.8573754504323006,0.9456
snn_synaptic,4,295,19.686581298708916,0.9492333333333334,3.9501586705446243,0.9469
snn_synaptic,4,296,18.996353089809418,0.9503333333333334,3.7783781439065933,0.938
snn_synaptic,4,297,19.682999178767204,0.94885,3.7671473138034344,0.9391
snn_synaptic,4,298,20.052312158048153,0.9476166666666667,3.8180553913116455,0.9469
snn_synaptic,4,299,19.32838436216116,0.951,3.7828345894813538,0.9414
snn_synaptic,4,300,19.383873000741005,0.9492666666666667,3.9525326192379,0.9431
snn_synaptic,5,1,236.46607100963593,0.35423333333333334,34.0781215429306,0.4665
snn_synaptic,5,2,178.95655477046967,0.5394166666666667,26.96846580505371,0.5917
snn_synaptic,5,3,148.84927892684937,0.60415,23.196709096431732,0.6544
snn_synaptic,5,4,130.16199904680252,0.6469166666666667,20.320360243320465,0.6748
snn_synaptic,5,5,116.19491678476334,0.67465,18.869989931583405,0.6726
snn_synaptic,5,6,107.90980786085129,0.7019833333333333,16.952966153621674,0.7387
snn_synaptic,5,7,100.07278263568878,0.7264166666666667,16.031324923038483,0.7338
snn_synaptic,5,8,94.16646963357925,0.74405,15.117457509040833,0.7442
snn_synaptic,5,9,86.66650158166885,0.76385,14.139508605003357,0.7736
snn_synaptic,5,10,82.61915624141693,0.7735333333333333,13.267206609249115,0.7858
snn_synaptic,5,11,80.49781054258347,0.7779333333333334,13.417500227689743,0.7763
snn_synaptic,5,12,76.3285710811615,0.7905166666666666,12.392214179039001,0.8035
snn_synaptic,5,13,74.28938990831375,0.7941333333333334,12.12022215127945,0.806
snn_synaptic,5,14,70.54596042633057,0.8065,11.40781432390213,0.8193
snn_synaptic,5,15,68.90404388308525,0.8104666666666667,11.222144216299057,0.8133
snn_synaptic,5,16,67.97260597348213,0.81325,11.35527840256691,0.8213
snn_synaptic,5,17,64.8603744506836,0.8223333333333334,10.733567208051682,0.8178
snn_synaptic,5,18,63.76786532998085,0.82465,10.60838708281517,0.829
snn_synaptic,5,19,60.76497432589531,0.8338833333333333,9.664122849702835,0.8466
snn_synaptic,5,20,57.98210275173187,0.84245,9.563717812299728,0.8439
snn_synaptic,5,21,57.89531967043877,0.8440833333333333,10.059639245271683,0.8155
snn_synaptic,5,22,54.90386798977852,0.85315,9.071441382169724,0.8508
snn_synaptic,5,23,53.25119099020958,0.8567,9.123376965522766,0.8502
snn_synaptic,5,24,51.86434546113014,0.8611166666666666,8.629491567611694,0.8564
snn_synaptic,5,25,52.40133094787598,0.8586833333333334,8.478648275136948,0.8598
snn_synaptic,5,26,51.3154402077198,0.8616166666666667,8.944855570793152,0.8552
snn_synaptic,5,27,49.79833859205246,0.86775,8.811976060271263,0.8575
snn_synaptic,5,28,47.39601442217827,0.8744333333333333,8.281142383813858,0.8693
snn_synaptic,5,29,47.90960091352463,0.8727,8.063355475664139,0.8646
snn_synaptic,5,30,46.56252548098564,0.8761166666666667,7.741441056132317,0.8743
snn_synaptic,5,31,46.15997734665871,0.8776333333333334,8.075042620301247,0.8582
snn_synaptic,5,32,46.16288247704506,0.8774833333333333,7.894114971160889,0.8735
snn_synaptic,5,33,44.85135540366173,0.88095,7.761959865689278,0.8856
snn_synaptic,5,34,44.69813343882561,0.8828833333333334,7.741184666752815,0.8793
snn_synaptic,5,35,42.774513959884644,0.8876833333333334,7.274049311876297,0.8875
snn_synaptic,5,36,44.22471505403519,0.8827833333333334,7.152185887098312,0.884
snn_synaptic,5,37,42.01068568229675,0.8889666666666667,7.382131099700928,0.8814
snn_synaptic,5,38,42.543051674962044,0.8889666666666667,7.068322092294693,0.89
snn_synaptic,5,39,41.94030520319939,0.8900833333333333,7.569474831223488,0.8769
snn_synaptic,5,40,40.80773822963238,0.8924333333333333,7.147947818040848,0.8906
snn_synaptic,5,41,40.5494410097599,0.89435,6.764388054609299,0.8869
snn_synaptic,5,42,40.42224079370499,0.8943,7.214833229780197,0.8695
snn_synaptic,5,43,39.41477566957474,0.8970333333333333,6.69178481400013,0.8928
snn_synaptic,5,44,38.28704050183296,0.8996,6.9298529624938965,0.8803
snn_synaptic,5,45,39.1274923235178,0.89895,6.414312988519669,0.8899
snn_synaptic,5,46,37.47779789566994,0.9032833333333333,6.351046398282051,0.896
snn_synaptic,5,47,38.48062828183174,0.8994333333333333,6.37037867307663,0.9058
snn_synaptic,5,48,35.95857249200344,0.9062166666666667,6.286121979355812,0.9008
snn_synaptic,5,49,36.34679786860943,0.9054666666666666,6.977127254009247,0.8971
snn_synaptic,5,50,36.25186690688133,0.9063333333333333,7.0101445615291595,0.8756
snn_synaptic,5,51,35.394301667809486,0.9084833333333333,6.104080721735954,0.8927
snn_synaptic,5,52,34.569219678640366,0.9101,6.163693517446518,0.9098
snn_synaptic,5,53,34.519804537296295,0.9108,6.3308394849300385,0.9118
snn_synaptic,5,54,34.88775597512722,0.9093166666666667,6.278201371431351,0.9057
snn_synaptic,5,55,35.36110574007034,0.9079333333333334,5.863400116562843,0.9079
snn_synaptic,5,56,32.882548958063126,0.9141,6.079532355070114,0.9156
snn_synaptic,5,57,33.68584814667702,0.9131333333333334,5.812080591917038,0.9085
snn_synaptic,5,58,32.951122999191284,0.9139666666666667,6.4785159677267075,0.887
snn_synaptic,5,59,33.52034755051136,0.9128666666666667,6.052355766296387,0.8991
snn_synaptic,5,60,32.42696659266949,0.9147,5.349789351224899,0.9171
snn_synaptic,5,61,32.97177195549011,0.9146833333333333,5.644556403160095,0.914
snn_synaptic,5,62,32.98274090886116,0.9144,5.885748192667961,0.9186
snn_synaptic,5,63,33.238033935427666,0.91425,5.600099474191666,0.9186
snn_synaptic,5,64,32.69328457117081,0.9151166666666667,5.864491522312164,0.9068
snn_synaptic,5,65,32.299278408288956,0.9169333333333334,6.03498238325119,0.896
snn_synaptic,5,66,31.370456963777542,0.9185,5.308226957917213,0.9206
snn_synaptic,5,67,31.385421261191368,0.9191,5.696675255894661,0.9149
snn_synaptic,5,68,31.30348488688469,0.9191833333333334,5.533384755253792,0.9069
snn_synaptic,5,69,30.524473071098328,0.9206333333333333,5.479369103908539,0.9128
snn_synaptic,5,70,30.051897048950195,0.9231,5.561446860432625,0.9067
snn_synaptic,5,71,30.352540850639343,0.9217333333333333,5.342307060956955,0.9175
snn_synaptic,5,72,30.302346855401993,0.9219166666666667,5.773456156253815,0.9099
snn_synaptic,5,73,30.53650251030922,0.92115,5.724265903234482,0.9048
snn_synaptic,5,74,29.882433898746967,0.92205,5.459913924336433,0.9121
snn_synaptic,5,75,29.674398988485336,0.9231,5.69782891869545,0.9052
snn_synaptic,5,76,29.923108115792274,0.9236,5.330407023429871,0.9121
snn_synaptic,5,77,29.786153614521027,0.9227,5.489636689424515,0.9097
snn_synaptic,5,78,29.975826427340508,0.9218666666666666,5.497768148779869,0.9197
snn_synaptic,5,79,29.591679349541664,0.9234666666666667,5.50143601000309,0.9104
snn_synaptic,5,80,29.522784888744354,0.9246833333333333,5.34148383885622,0.9211
snn_synaptic,5,81,29.428711146116257,0.9231333333333334,5.240563951432705,0.9095
snn_synaptic,5,82,29.563578695058823,0.9219166666666667,5.043511293828487,0.9166
snn_synaptic,5,83,29.23755393922329,0.92365,5.025180801749229,0.9159
snn_synaptic,5,84,27.923937916755676,0.9287666666666666,4.701979868113995,0.9265
snn_synaptic,5,85,28.140613943338394,0.9275333333333333,5.238549590110779,0.9236
snn_synaptic,5,86,29.62747512757778,0.9226833333333333,5.0794800370931625,0.914
snn_synaptic,5,87,28.52713442593813,0.9272,4.791849449276924,0.9248
snn_synaptic,5,88,28.863428555428982,0.9249666666666667,5.124119386076927,0.9185
snn_synaptic,5,89,28.349626138806343,0.9269333333333334,5.7796181589365005,0.9085
snn_synaptic,5,90,28.050447672605515,0.9287333333333333,5.327583864331245,0.9109
snn_synaptic,5,91,27.77421435713768,0.9284833333333333,5.027788087725639,0.9222
snn_synaptic,5,92,27.159587010741234,0.9291833333333334,4.962345734238625,0.926
snn_synaptic,5,93,27.582805812358856,0.9293666666666667,4.5443852841854095,0.9256
snn_synaptic,5,94,26.965136408805847,0.9310333333333334,4.712476797401905,0.9273
snn_synaptic,5,95,26.99869106709957,0.9304333333333333,4.813313335180283,0.9198
snn_synaptic,5,96,27.549720734357834,0.9284666666666667,5.040996633470058,0.919
snn_synaptic,5,97,27.7691320925951,0.9280666666666667,4.999143302440643,0.9203
snn_synaptic,5,98,28.392724558711052,0.9263166666666667,5.098641559481621,0.9207
snn_synaptic,5,99,27.07762111723423,0.92995,4.8984250500798225,0.9275
snn_synaptic,5,100,26.43404581397772,0.9314666666666667,4.814303144812584,0.9262
snn_synaptic,5,101,27.476026713848114,0.9293,5.077356554567814,0.9118
snn_synaptic,5,102,26.43513296544552,0.9324666666666667,4.509585678577423,0.9253
snn_synaptic,5,103,26.216570019721985,0.9325833333333333,4.769183151423931,0.9303
snn_synaptic,5,104,26.55089358985424,0.9312666666666667,4.945876054465771,0.9178
snn_synaptic,5,105,25.903018921613693,0.93215,4.8891613483428955,0.9242
snn_synaptic,5,106,26.476925939321518,0.93285,4.583152621984482,0.9279
snn_synaptic,5,107,25.978699073195457,0.93215,5.036963529884815,0.9224
snn_synaptic,5,108,26.36442194879055,0.9319,5.149938985705376,0.9159
snn_synaptic,5,109,26.99791844189167,0.9308333333333333,4.877248510718346,0.927
snn_synaptic,5,110,26.07494819164276,0.9330666666666667,4.946550093591213,0.9181
snn_synaptic,5,111,25.677653312683105,0.9334666666666667,4.870097152888775,0.9283
snn_synaptic,5,112,26.798924759030342,0.9311333333333334,4.570083051919937,0.926
snn_synaptic,5,113,25.581050887703896,0.9335666666666667,4.858346492052078,0.9281
snn_synaptic,5,114,26.19054864346981,0.9334666666666667,4.827585972845554,0.9282
snn_synaptic,5,115,25.710198536515236,0.9351833333333334,4.493268944323063,0.9346
snn_synaptic,5,116,24.048463873565197,0.9381333333333334,4.445633418858051,0.9289
snn_synaptic,5,117,24.961068212985992,0.93525,4.541972637176514,0.9334
snn_synaptic,5,118,25.29841920733452,0.9351333333333334,4.407396763563156,0.9298
snn_synaptic,5,119,25.187369994819164,0.9348666666666666,5.877739869058132,0.8952
snn_synaptic,5,120,25.738922983407974,0.9345,4.497277274727821,0.929
snn_synaptic,5,121,25.69727386534214,0.9333833333333333,4.709480166435242,0.9224
snn_synaptic,5,122,25.058414846658707,0.9356666666666666,5.016101703047752,0.9171
snn_synaptic,5,123,25.21007089316845,0.9348666666666666,4.231658183038235,0.9306
snn_synaptic,5,124,24.170551031827927,0.9372833333333334,4.393821753561497,0.9246
snn_synaptic,5,125,25.046842262148857,0.9351333333333334,4.398324027657509,0.9271
snn_synaptic,5,126,24.755148380994797,0.9361666666666667,4.655272975564003,0.925
snn_synaptic,5,127,24.844219118356705,0.9363833333333333,4.5619396939873695,0.9236
snn_synaptic,5,128,24.97332376241684,0.9353333333333333,4.352535001933575,0.9297
snn_synaptic,5,129,24.592713624238968,0.9365833333333333,4.406042143702507,0.929
snn_synaptic,5,130,24.481517672538757,0.93675,4.713714577257633,0.927
snn_synaptic,5,131,24.661952510476112,0.9362833333333334,4.830834232270718,0.9278
snn_synaptic,5,132,23.65252259373665,0.9391833333333334,4.269304849207401,0.932
snn_synaptic,5,133,23.422995053231716,0.9380666666666667,4.569322936236858,0.9378
snn_synaptic,5,134,25.030405089259148,0.9359333333333333,4.406596928834915,0.9309
snn_synaptic,5,135,23.618654265999794,0.93975,4.594650164246559,0.9263
snn_synaptic,5,136,23.60923133790493,0.9395166666666667,4.389110639691353,0.9356
snn_synaptic,5,137,23.826751425862312,0.9381,4.76021421700716,0.9217
snn_synaptic,5,138,24.30479535460472,0.9372,4.810483530163765,0.9292
snn_synaptic,5,139,24.068718634545803,0.93825,4.606320880353451,0.9275
snn_synaptic,5,140,24.31560406088829,0.93675,4.570010893046856,0.9312
snn_synaptic,5,141,23.73133371770382,0.9389333333333333,4.415076196193695,0.9294
snn_synaptic,5,142,23.176525183022022,0.9409666666666666,4.446962796151638,0.9237
snn_synaptic,5,143,23.555778175592422,0.93935,4.421585649251938,0.934
snn_synaptic,5,144,23.602450974285603,0.9385833333333333,4.439126014709473,0.9245
snn_synaptic,5,145,23.326977394521236,0.9382,4.094839110970497,0.9343
snn_synaptic,5,146,23.9299933090806,0.9381333333333334,4.5934596955776215,0.9207
snn_synaptic,5,147,23.30243367701769,0.9394666666666667,4.244683489203453,0.9357
snn_synaptic,5,148,22.910603314638138,0.9407333333333333,4.24440760910511,0.9334
snn_synaptic,5,149,23.20075534284115,0.94015,4.4905781373381615,0.9294
snn_synaptic,5,150,23.383124344050884,0.9399833333333333,4.56606075912714,0.9201
snn_synaptic,5,151,23.64213142544031,0.9382666666666667,5.0957899913191795,0.9283
snn_synaptic,5,152,22.844665832817554,0.94195,4.227808266878128,0.9345
snn_synaptic,5,153,22.526323720812798,0.9425,4.285187929868698,0.9359
snn_synaptic,5,154,22.56557296961546,0.9411666666666667,4.25355039536953,0.9254
snn_synaptic,5,155,22.862146615982056,0.9405,4.538322165608406,0.9259
snn_synaptic,5,156,22.81344075500965,0.9410666666666667,4.398475110530853,0.9261
snn_synaptic,5,157,22.546057052910328,0.9418166666666666,4.464739963412285,0.9313
snn_synaptic,5,158,23.319972656667233,0.9399166666666666,4.192995734512806,0.9322
snn_synaptic,5,159,22.678120613098145,0.9414,4.692183531820774,0.9231
snn_synaptic,5,160,23.332020118832588,0.9398833333333333,4.325581192970276,0.935
snn_synaptic,5,161,22.381870202720165,0.9418333333333333,4.1997193694114685,0.9287
snn_synaptic,5,162,23.40028913319111,0.9386833333333333,4.247011512517929,0.9308
snn_synaptic,5,163,22.928068414330482,0.9421333333333334,5.82116274535656,0.8853
snn_synaptic,5,164,22.909267239272594,0.9413333333333334,4.021208330988884,0.9382
snn_synaptic,5,165,22.87586085498333,0.94085,4.510416939854622,0.9354
snn_synaptic,5,166,22.13168478012085,0.9439833333333333,4.174811862409115,0.935
snn_synaptic,5,167,23.057532742619514,0.94,4.3180257976055145,0.9344
snn_synaptic,5,168,22.730005212128162,0.9407,4.541726194322109,0.9279
snn_synaptic,5,169,22.727484345436096,0.94195,4.70876532793045,0.92
snn_synaptic,5,170,22.969721019268036,0.9407333333333333,4.865706644952297,0.9242
snn_synaptic,5,171,22.546536065638065,0.94195,4.163532041013241,0.9327
snn_synaptic,5,172,22.035927534103394,0.94345,4.184437498450279,0.9355
snn_synaptic,5,173,21.733665242791176,0.9442833333333334,4.200269162654877,0.9408
snn_synaptic,5,174,22.969269767403603,0.9398833333333333,4.105930916965008,0.9354
snn_synaptic,5,175,22.692439302802086,0.94265,4.1649108454585075,0.9413
snn_synaptic,5,176,22.1760688200593,0.94305,4.26247750967741,0.9273
snn_synaptic,5,177,22.955668553709984,0.9407333333333333,4.2630017548799515,0.9307
snn_synaptic,5,178,22.775797247886658,0.9412,4.265228748321533,0.932
snn_synaptic,5,179,21.964958384633064,0.9433333333333334,4.526593677699566,0.9296
snn_synaptic,5,180,21.937332659959793,0.9429333333333333,4.382780507206917,0.9343
snn_synaptic,5,181,22.475845955312252,0.9419,4.262402430176735,0.9351
snn_synaptic,5,182,22.556981429457664,0.9415166666666667,4.2101073786616325,0.9334
snn_synaptic,5,183,21.894683584570885,0.9438833333333333,4.3689808920025826,0.935
snn_synaptic,5,184,21.712362475693226,0.9445,4.416298672556877,0.9306
snn_synaptic,5,185,21.54428156465292,0.9455,4.207299254834652,0.9323
snn_synaptic,5,186,22.788287833333015,0.9404,4.348472595214844,0.9288
snn_synaptic,5,187,21.93888269364834,0.9435833333333333,3.9416938200592995,0.9369
snn_synaptic,5,188,21.42363093048334,0.9456166666666667,4.11919080466032,0.932
snn_synaptic,5,189,22.32460843771696,0.94225,4.233764447271824,0.9338
snn_synaptic,5,190,22.54284941405058,0.9421,4.1410078927874565,0.9363
snn_synaptic,5,191,21.35135778784752,0.9450166666666666,4.225203566253185,0.9346
snn_synaptic,5,192,22.206796407699585,0.9429166666666666,4.506613649427891,0.9229
snn_synaptic,5,193,21.586035564541817,0.9450833333333334,4.238446421921253,0.9319
snn_synaptic,5,194,20.91962729394436,0.9465833333333333,4.334728427231312,0.9346
snn_synaptic,5,195,21.138577088713646,0.9451166666666667,4.301694191992283,0.9321
snn_synaptic,5,196,21.836610674858093,0.9445833333333333,4.051558680832386,0.9358
snn_synaptic,5,197,21.455335199832916,0.9463166666666667,4.249368838965893,0.9345
snn_synaptic,5,198,21.028925836086273,0.9457166666666666,4.2741212248802185,0.9357
snn_synaptic,5,199,21.313471376895905,0.9444666666666667,4.085052125155926,0.9345
snn_synaptic,5,200,21.958986081182957,0.9428,4.010752841830254,0.9354
snn_synaptic,5,201,21.186850748956203,0.9453666666666667,3.968638189136982,0.9323
snn_synaptic,5,202,21.124618887901306,0.9449666666666666,4.072369270026684,0.9354
snn_synaptic,5,203,21.66122818738222,0.9438666666666666,4.13973543047905,0.9426
snn_synaptic,5,204,21.717520534992218,0.94375,3.9115377739071846,0.9367
snn_synaptic,5,205,21.163293540477753,0.9460166666666666,4.360513545572758,0.9223
snn_synaptic,5,206,21.644473023712635,0.94385,3.9613846465945244,0.9406
snn_synaptic,5,207,21.740456871688366,0.9434833333333333,3.953621245920658,0.9429
snn_synaptic,5,208,20.64219804853201,0.9471166666666667,3.56582111120224,0.9439
snn_synaptic,5,209,21.59115508198738,0.94495,3.690111331641674,0.9433
snn_synaptic,5,210,20.427598290145397,0.9475333333333333,3.7869485914707184,0.9389
snn_synaptic,5,211,22.09692022949457,0.9425833333333333,3.7229501381516457,0.9444
snn_synaptic,5,212,20.631323985755444,0.9465333333333333,3.8933723345398903,0.9375
snn_synaptic,5,213,20.933821849524975,0.9466333333333333,4.51124794781208,0.9233
snn_synaptic,5,214,21.589578613638878,0.9434833333333333,3.743134193122387,0.9414
snn_synaptic,5,215,21.407220996916294,0.9438666666666666,4.311081364750862,0.9323
snn_synaptic,5,216,20.777430791407824,0.9466333333333333,4.553258366882801,0.9193
snn_synaptic,5,217,21.43072795122862,0.9440666666666667,3.9373127594590187,0.9404
snn_synaptic,5,218,21.359299421310425,0.944,3.945916883647442,0.9414
snn_synaptic,5,219,20.760297521948814,0.9464166666666667,3.9443803131580353,0.9387
snn_synaptic,5,220,21.065909631550312,0.9462833333333334,3.780156522989273,0.9486
snn_synaptic,5,221,20.206655271351337,0.9482166666666667,3.931345544755459,0.9366
snn_synaptic,5,222,20.6390770226717,0.94685,4.1571032628417015,0.9392
snn_synaptic,5,223,21.520906805992126,0.9444666666666667,3.770660884678364,0.9437
snn_synaptic,5,224,20.25478546321392,0.9478333333333333,4.06272878870368,0.9397
snn_synaptic,5,225,20.630099326372147,0.9468333333333333,3.985980935394764,0.9425
snn_synaptic,5,226,20.343005552887917,0.9476,3.7174105420708656,0.9446
snn_synaptic,5,227,19.909247510135174,0.9484166666666667,3.732416197657585,0.9444
snn_synaptic,5,228,21.18703366816044,0.94515,3.5923480316996574,0.9472
snn_synaptic,5,229,19.940985672175884,0.9485666666666667,3.6604532599449158,0.9412
snn_synaptic,5,230,20.477030962705612,0.946,3.53554730117321,0.9402
snn_synaptic,5,231,19.828010864555836,0.9494666666666667,4.264156922698021,0.9338
snn_synaptic,5,232,20.298284992575645,0.9473,4.015188716351986,0.9388
snn_synaptic,5,233,20.1678678765893,0.9479833333333333,3.9544287621974945,0.9349
snn_synaptic,5,234,20.03615852445364,0.9485666666666667,3.869771733880043,0.9373
snn_synaptic,5,235,20.783934138715267,0.94595,3.6751795560121536,0.9441
snn_synaptic,5,236,20.578591115772724,0.9465,3.6461376026272774,0.9412
snn_synaptic,5,237,19.561594985425472,0.9492833333333334,3.8423768170177937,0.943
snn_synaptic,5,238,20.21099543571472,0.9479,3.936755508184433,0.9356
snn_synaptic,5,239,21.508785009384155,0.9446666666666667,3.809768870472908,0.9382
snn_synaptic,5,240,20.2963263168931,0.9474833333333333,4.215075470507145,0.9314
snn_synaptic,5,241,19.885541073977947,0.9487666666666666,4.079869404435158,0.9293
snn_synaptic,5,242,20.830020271241665,0.9456166666666667,3.8407637029886246,0.9383
snn_synaptic,5,243,20.011022575199604,0.9479333333333333,3.981147512793541,0.9335
snn_synaptic,5,244,19.932145595550537,0.9481666666666667,3.722061052918434,0.9445
snn_synaptic,5,245,20.18179600685835,0.94725,3.7039286717772484,0.9462
snn_synaptic,5,246,20.330569185316563,0.9476166666666667,3.7113926857709885,0.9373
snn_synaptic,5,247,19.654301308095455,0.9486833333333333,3.898351728916168,0.9379
snn_synaptic,5,248,19.25939739495516,0.9498666666666666,3.9251485019922256,0.9338
snn_synaptic,5,249,19.140378423035145,0.9507666666666666,3.596555180847645,0.9455
snn_synaptic,5,250,19.470657669007778,0.94935,3.7620157785713673,0.9408
snn_synaptic,5,251,20.32818576693535,0.9476666666666667,3.9285447522997856,0.9345
snn_synaptic,5,252,20.532158084213734,0.9467666666666666,3.8411811143159866,0.9419
snn_synaptic,5,253,20.214673660695553,0.9479,3.9376927986741066,0.9352
snn_synaptic,5,254,19.68903686106205,0.9488,4.109588295221329,0.9426
snn_synaptic,5,255,19.925549373030663,0.9476833333333333,4.188316628336906,0.9311
snn_synaptic,5,256,19.698725193738937,0.9493833333333334,4.222814790904522,0.9336
snn_synaptic,5,257,19.182468332350254,0.9508833333333333,3.7754980474710464,0.9395
snn_synaptic,5,258,19.443810127675533,0.9501666666666667,3.876215025782585,0.9338
snn_synaptic,5,259,19.531766951084137,0.949,4.006505601108074,0.9376
snn_synaptic,5,260,19.420881688594818,0.9499666666666666,4.139495626091957,0.9308
snn_synaptic,5,261,20.02108060568571,0.9483666666666667,3.688429117202759,0.9404
snn_synaptic,5,262,19.639417245984077,0.9488333333333333,3.9128782004117966,0.9349
snn_synaptic,5,263,19.99006726592779,0.949,4.04291919618845,0.9435
snn_synaptic,5,264,19.760870032012463,0.9488166666666666,3.7165658697485924,0.9478
snn_synaptic,5,265,19.195365197956562,0.9506166666666667,3.8465288653969765,0.9388
snn_synaptic,5,266,20.164722695946693,0.9483166666666667,4.0367676839232445,0.9399
snn_synaptic,5,267,19.32147252559662,0.9503166666666667,3.7349600940942764,0.9377
snn_synaptic,5,268,20.045439824461937,0.9487666666666666,3.896180622279644,0.9407
snn_synaptic,5,269,19.520970724523067,0.9491333333333334,4.207379519939423,0.9378
snn_synaptic,5,270,20.17482616007328,0.9475333333333333,3.7579713463783264,0.941
snn_synaptic,5,271,19.33783196657896,0.9493833333333334,4.051317647099495,0.94
snn_synaptic,5,272,19.551915027201176,0.9496666666666667,3.9852992966771126,0.9353
snn_synaptic,5,273,19.73281655460596,0.9471333333333334,4.10217372328043,0.935
snn_synaptic,5,274,20.36521779000759,0.9466,3.8730212450027466,0.9421
snn_synaptic,5,275,20.028672762215137,0.9480833333333333,3.898562289774418,0.9411
snn_synaptic,5,276,19.93669382482767,0.9488166666666666,3.9264511168003082,0.947
snn_synaptic,5,277,19.948724068701267,0.9483833333333334,4.02687007188797,0.9455
snn_synaptic,5,278,19.796038798987865,0.9494333333333334,3.9001603573560715,0.9371
snn_synaptic,5,279,20.599480718374252,0.9469166666666666,4.051950685679913,0.9358
snn_synaptic,5,280,19.816585041582584,0.9492,3.9396878629922867,0.9454
snn_synaptic,5,281,20.376408778131008,0.9474166666666667,3.7989478558301926,0.9467
snn_synaptic,5,282,19.395661890506744,0.9494833333333333,3.8065669536590576,0.9383
snn_synaptic,5,283,19.86281894147396,0.94875,3.8165591657161713,0.9436
snn_synaptic,5,284,20.427210927009583,0.947,4.160521633923054,0.9324
snn_synaptic,5,285,19.538166269659996,0.9501833333333334,5.348980627954006,0.9091
snn_synaptic,5,286,19.200430281460285,0.9496,3.47506320476532,0.9487
snn_synaptic,5,287,19.020125076174736,0.9518166666666666,3.9204677268862724,0.9388
snn_synaptic,5,288,19.152645245194435,0.9513666666666667,3.6692967861890793,0.9486
snn_synaptic,5,289,19.10803047567606,0.9505333333333333,3.8318751230835915,0.9443
snn_synaptic,5,290,19.470525555312634,0.9495833333333333,3.5274391025304794,0.9481
snn_synaptic,5,291,18.652425549924374,0.9519166666666666,3.753374956548214,0.9506
snn_synaptic,5,292,19.885800376534462,0.9482333333333334,3.5664754509925842,0.9425
snn_synaptic,5,293,19.578155905008316,0.9504833333333333,3.798302613198757,0.9387
snn_synaptic,5,294,18.965884186327457,0.9513833333333334,4.001577794551849,0.94
snn_synaptic,5,295,20.456247739493847,0.9468833333333333,4.046190857887268,0.9445
snn_synaptic,5,296,19.4110319763422,0.9502333333333334,3.860181424766779,0.9389
snn_synaptic,5,297,18.931100197136402,0.9508166666666666,3.9807979837059975,0.9372
snn_synaptic,5,298,18.743407540023327,0.9521333333333334,3.6179770454764366,0.9413
snn_synaptic,5,299,18.911344841122627,0.9520666666666666,3.8712401539087296,0.9396
snn_synaptic,5,300,19.14975269883871,0.95115,3.9448823034763336,0.9449
